run_date,reporting_period,reporting_airport,origin_destination_country,origin_destination,airline_name,arrival_departure,scheduled_charter,number_flights_matched,actual_flights_unmatched,early_to_15_mins_late_percent,flts_16_to_30_mins_late_percent,flts_31_to_60_mins_late_percent,flts_61_to_180_mins_late_percent,flts_181_to_360_mins_late_percent,more_than_360_mins_late_percent,average_delay_mins,planned_flights_unmatched,previous_year_month_flights_matched,previous_year_month_early_to_15_mins_late_percent,previous_year_month_average_delay
08-Jan-2004 16:34,200103,BIRMINGHAM,ALBANIA,TIRANA,BRITANNIA AIRWAYS,A,C, 1 , 0 , 100 , 0 , 0 , 0 , 0 , 0 , 0 , 0 , 0 , 0 , 0 
08-Jan-2004 16:34,200103,BIRMINGHAM,AUSTRIA,INNSBRUCK,AIR 2000,A,C, 5 , 0 , 0 , 40 , 0 , 40 , 0 , 20 , 112.2 , 0 , 4 , 0 , 92.5 
08-Jan-2004 16:34,200103,BIRMINGHAM,AUSTRIA,INNSBRUCK,AIR 2000,D,C, 5 , 0 , 80 , 0 , 0 , 20 , 0 , 0 , 31.8 , 0 , 4 , 50 , 66 
08-Jan-2004 16:34,200103,BIRMINGHAM,AUSTRIA,SALZBURG,AIR 2000,A,C, 5 , 0 , 80 , 20 , 0 , 0 , 0 , 0 , 11.8 , 0 , 4 , 100 , 7 
08-Jan-2004 16:34,200103,BIRMINGHAM,AUSTRIA,SALZBURG,AIR 2000,D,C, 4 , 0 , 75 , 25 , 0 , 0 , 0 , 0 , 9.25 , 0 , 3 , 66.6666666666667 , 9.66666666666667 
08-Jan-2004 16:34,200103,BIRMINGHAM,AUSTRIA,SALZBURG,BRITANNIA AIRWAYS,A,C, 3 , 0 , 33.3333333333333 , 33.3333333333333 , 33.3333333333333 , 0 , 0 , 0 , 21 , 0 , 3 , 33.3333333333333 , 18.6666666666667 
08-Jan-2004 16:34,200103,BIRMINGHAM,AUSTRIA,SALZBURG,BRITANNIA AIRWAYS,D,C, 3 , 0 , 66.6666666666667 , 0 , 33.3333333333333 , 0 , 0 , 0 , 17.3333333333333 , 0 , 2 , 100 , 1 
08-Jan-2004 16:34,200103,BIRMINGHAM,AUSTRIA,SALZBURG,DUO AIRWAYS LTD,A,C, 0 , 0 , 0 , 0 , 0 , 0 , 0 , 0 , 0 , 0 , 3 , 33.3333333333333 , 23.3333333333333 
08-Jan-2004 16:34,200103,BIRMINGHAM,AUSTRIA,SALZBURG,DUO AIRWAYS LTD,D,C, 0 , 0 , 0 , 0 , 0 , 0 , 0 , 0 , 0 , 0 , 3 , 100 , 6.33333333333333 
08-Jan-2004 16:34,200103,BIRMINGHAM,AUSTRIA,SALZBURG,THOMAS COOK AIRLINES LTD,A,C, 5 , 0 , 40 , 20 , 20 , 20 , 0 , 0 , 28 , 0 , 0 , 0 , 0 
08-Jan-2004 16:34,200103,BIRMINGHAM,AUSTRIA,SALZBURG,THOMAS COOK AIRLINES LTD,D,C, 4 , 0 , 75 , 0 , 25 , 0 , 0 , 0 , 10.5 , 0 , 0 , 0 , 0 
08-Jan-2004 16:34,200103,BIRMINGHAM,AUSTRIA,VIENNA,DUO AIRWAYS LTD,A,S, 53 , 0 , 75.4716981132076 , 11.3207547169811 , 7.54716981132075 , 3.77358490566038 , 1.88679245283019 , 0 , 14.2264150943396 , 0 , 53 , 67.9245283018868 , 14.2452830188679 
08-Jan-2004 16:34,200103,BIRMINGHAM,AUSTRIA,VIENNA,DUO AIRWAYS LTD,D,S, 53 , 0 , 81.1320754716981 , 9.43396226415094 , 5.66037735849057 , 3.77358490566038 , 0 , 0 , 10.6415094339623 , 0 , 53 , 79.2452830188679 , 11.4339622641509 
08-Jan-2004 16:34,200103,BIRMINGHAM,BARBADOS,BRIDGETOWN,BRITANNIA AIRWAYS,A,C, 1 , 0 , 0 , 100 , 0 , 0 , 0 , 0 , 20 , 0 , 0 , 0 , 0 
08-Jan-2004 16:34,200103,BIRMINGHAM,BARBADOS,BRIDGETOWN,BRITANNIA AIRWAYS,D,C, 1 , 0 , 100 , 0 , 0 , 0 , 0 , 0 , 6 , 0 , 0 , 0 , 0 
08-Jan-2004 16:34,200103,BIRMINGHAM,BELGIUM,BRUSSELS,BMI BRITISH MIDLAND,A,S, 50 , 0 , 68 , 20 , 8 , 4 , 0 , 0 , 16.5 , 4 , 73 , 91.7808219178082 , 4.42465753424658 
08-Jan-2004 16:34,200103,BIRMINGHAM,BELGIUM,BRUSSELS,BMI BRITISH MIDLAND,D,S, 51 , 0 , 74.5098039215686 , 15.6862745098039 , 7.84313725490196 , 1.96078431372549 , 0 , 0 , 12.3333333333333 , 3 , 73 , 89.041095890411 , 5.26027397260274 
08-Jan-2004 16:34,200103,BIRMINGHAM,BELGIUM,BRUSSELS,BRITISH AIRWAYS PLC,A,S, 72 , 0 , 75 , 15.2777777777778 , 8.33333333333333 , 1.38888888888889 , 0 , 0 , 8.94444444444444 , 2 , 58 , 82.7586206896552 , 6.86206896551724 
08-Jan-2004 16:34,200103,BIRMINGHAM,BELGIUM,BRUSSELS,BRITISH AIRWAYS PLC,D,S, 72 , 0 , 93.0555555555556 , 0 , 4.16666666666667 , 2.77777777777778 , 0 , 0 , 5.26388888888889 , 2 , 59 , 86.4406779661017 , 6.49152542372881 
08-Jan-2004 16:34,200103,BIRMINGHAM,BELGIUM,BRUSSELS,SABENA,A,S, 112 , 4 , 55.3571428571429 , 28.5714285714286 , 15.1785714285714 , 0.892857142857143 , 0 , 0 , 15.6964285714286 , 2 , 116 , 68.1034482758621 , 13.2844827586207 
08-Jan-2004 16:34,200103,BIRMINGHAM,BELGIUM,BRUSSELS,SABENA,D,S, 112 , 3 , 76.7857142857143 , 15.1785714285714 , 6.25 , 1.78571428571429 , 0 , 0 , 10.8928571428571 , 0 , 116 , 70.6896551724138 , 12.6379310344828 
08-Jan-2004 16:34,200103,BIRMINGHAM,BRAZIL,RIO DE JANEIRO (GALEAO),CALEDONIAN AIRWAYS,A,C, 0 , 0 , 0 , 0 , 0 , 0 , 0 , 0 , 0 , 0 , 1 , 0 , 118 
08-Jan-2004 16:34,200103,BIRMINGHAM,BRAZIL,RIO DE JANEIRO (GALEAO),CALEDONIAN AIRWAYS,D,C, 0 , 0 , 0 , 0 , 0 , 0 , 0 , 0 , 0 , 0 , 1 , 100 , 0 
08-Jan-2004 16:34,200103,BIRMINGHAM,BULGARIA,SOFIA,BRITISH AIRWAYS PLC,A,C, 3 , 0 , 66.6666666666667 , 33.3333333333333 , 0 , 0 , 0 , 0 , 7.66666666666667 , 0 , 0 , 0 , 0 
08-Jan-2004 16:34,200103,BIRMINGHAM,BULGARIA,SOFIA,BRITISH AIRWAYS PLC,D,C, 2 , 0 , 100 , 0 , 0 , 0 , 0 , 0 , 0 , 0 , 0 , 0 , 0 
08-Jan-2004 16:34,200103,BIRMINGHAM,BULGARIA,SOFIA,DUO AIRWAYS LTD,A,C, 0 , 0 , 0 , 0 , 0 , 0 , 0 , 0 , 0 , 0 , 1 , 0 , 27 
08-Jan-2004 16:34,200103,BIRMINGHAM,CYPRUS,LARNACA,CYPRUS AIRWAYS,A,S, 4 , 0 , 75 , 0 , 0 , 0 , 0 , 25 , 95.75 , 0 , 5 , 80 , 17.6 
08-Jan-2004 16:34,200103,BIRMINGHAM,CYPRUS,LARNACA,CYPRUS AIRWAYS,D,S, 3 , 0 , 33.3333333333333 , 33.3333333333333 , 0 , 0 , 0 , 33.3333333333333 , 143.333333333333 , 1 , 4 , 75 , 13 
08-Jan-2004 16:34,200103,BIRMINGHAM,CYPRUS,PAPHOS,AIR 2000,A,S, 4 , 0 , 25 , 25 , 50 , 0 , 0 , 0 , 25.5 , 0 , 5 , 40 , 22 
08-Jan-2004 16:34,200103,BIRMINGHAM,CYPRUS,PAPHOS,AIR 2000,D,S, 4 , 0 , 75 , 25 , 0 , 0 , 0 , 0 , 8.25 , 0 , 5 , 100 , 4 
08-Jan-2004 16:34,200103,BIRMINGHAM,CYPRUS,PAPHOS,BRITANNIA AIRWAYS,A,C, 4 , 0 , 50 , 0 , 0 , 25 , 0 , 25 , 387.25 , 0 , 5 , 40 , 28 
08-Jan-2004 16:34,200103,BIRMINGHAM,CYPRUS,PAPHOS,BRITANNIA AIRWAYS,D,C, 4 , 0 , 50 , 0 , 0 , 25 , 0 , 25 , 384.25 , 0 , 5 , 100 , 2 
08-Jan-2004 16:34,200103,BIRMINGHAM,CYPRUS,PAPHOS,EUROCYPRIA AIRLINES LTD,A,C, 0 , 1 , 0 , 0 , 0 , 0 , 0 , 0 , 0 , 0 , 0 , 0 , 0 
08-Jan-2004 16:34,200103,BIRMINGHAM,CYPRUS,PAPHOS,EUROCYPRIA AIRLINES LTD,D,C, 0 , 1 , 0 , 0 , 0 , 0 , 0 , 0 , 0 , 0 , 0 , 0 , 0 
08-Jan-2004 16:34,200103,BIRMINGHAM,CZECH REPUBLIC,PRAGUE,CSA,A,S, 4 , 0 , 50 , 50 , 0 , 0 , 0 , 0 , 13.5 , 1 , 0 , 0 , 0 
08-Jan-2004 16:34,200103,BIRMINGHAM,CZECH REPUBLIC,PRAGUE,CSA,D,S, 5 , 0 , 40 , 40 , 20 , 0 , 0 , 0 , 15.8 , 0 , 0 , 0 , 0 
08-Jan-2004 16:34,200103,BIRMINGHAM,DENMARK,COPENHAGEN,DUO AIRWAYS LTD,A,S, 86 , 0 , 68.6046511627907 , 17.4418604651163 , 6.97674418604651 , 6.97674418604651 , 0 , 0 , 17.2790697674419 , 0 , 104 , 76.9230769230769 , 10.3269230769231 
08-Jan-2004 16:34,200103,BIRMINGHAM,DENMARK,COPENHAGEN,DUO AIRWAYS LTD,D,S, 87 , 0 , 79.3103448275862 , 13.7931034482759 , 4.59770114942529 , 2.29885057471264 , 0 , 0 , 8.40229885057471 , 0 , 102 , 92.156862745098 , 6.27450980392157 
08-Jan-2004 16:34,200103,BIRMINGHAM,DENMARK,COPENHAGEN,SAS,A,S, 82 , 0 , 68.2926829268293 , 17.0731707317073 , 9.75609756097561 , 4.8780487804878 , 0 , 0 , 17.3292682926829 , 2 , 0 , 0 , 0 
08-Jan-2004 16:34,200103,BIRMINGHAM,DENMARK,COPENHAGEN,SAS,D,S, 80 , 2 , 67.5 , 18.75 , 8.75 , 5 , 0 , 0 , 18.4125 , 1 , 0 , 0 , 0 
08-Jan-2004 16:34,200103,BIRMINGHAM,DOMINICAN REPUBLIC,SANTO DOMINGO,BRITANNIA AIRWAYS,A,C, 0 , 0 , 0 , 0 , 0 , 0 , 0 , 0 , 0 , 0 , 4 , 0 , 78.75 
08-Jan-2004 16:34,200103,BIRMINGHAM,DOMINICAN REPUBLIC,SANTO DOMINGO,BRITANNIA AIRWAYS,D,C, 0 , 0 , 0 , 0 , 0 , 0 , 0 , 0 , 0 , 0 , 4 , 50 , 34.5 
08-Jan-2004 16:34,200103,BIRMINGHAM,DOMINICAN REPUBLIC,SANTO DOMINGO,CALEDONIAN AIRWAYS,A,C, 0 , 0 , 0 , 0 , 0 , 0 , 0 , 0 , 0 , 0 , 1 , 0 , 27 
08-Jan-2004 16:34,200103,BIRMINGHAM,DOMINICAN REPUBLIC,SANTO DOMINGO,CALEDONIAN AIRWAYS,D,C, 0 , 0 , 0 , 0 , 0 , 0 , 0 , 0 , 0 , 0 , 1 , 0 , 51 
08-Jan-2004 16:34,200103,BIRMINGHAM,FRANCE,CAEN,LOVE AIR,A,S, 0 , 0 , 0 , 0 , 0 , 0 , 0 , 0 , 0 , 0 , 39 , 51.2820512820513 , 16.974358974359 
08-Jan-2004 16:34,200103,BIRMINGHAM,FRANCE,CAEN,LOVE AIR,D,S, 0 , 0 , 0 , 0 , 0 , 0 , 0 , 0 , 0 , 0 , 39 , 69.2307692307692 , 13 
08-Jan-2004 16:34,200103,BIRMINGHAM,FRANCE,CHAMBERY,FLYBE.BRITISH EUROPEAN,A,C, 5 , 0 , 0 , 40 , 0 , 40 , 20 , 0 , 91 , 0 , 4 , 50 , 18 
08-Jan-2004 16:34,200103,BIRMINGHAM,FRANCE,CHAMBERY,FLYBE.BRITISH EUROPEAN,D,C, 5 , 0 , 20 , 20 , 20 , 40 , 0 , 0 , 47.2 , 0 , 4 , 75 , 9.75 
08-Jan-2004 16:34,200103,BIRMINGHAM,FRANCE,GRENOBLE,DUO AIRWAYS LTD,A,C, 5 , 0 , 80 , 0 , 20 , 0 , 0 , 0 , 10.4 , 0 , 0 , 0 , 0 
08-Jan-2004 16:34,200103,BIRMINGHAM,FRANCE,GRENOBLE,DUO AIRWAYS LTD,D,C, 4 , 0 , 75 , 0 , 25 , 0 , 0 , 0 , 16.25 , 0 , 0 , 0 , 0 
08-Jan-2004 16:34,200103,BIRMINGHAM,FRANCE,LYON,BRITANNIA AIRWAYS,A,C, 5 , 0 , 60 , 0 , 40 , 0 , 0 , 0 , 19.8 , 0 , 2 , 0 , 170.5 
08-Jan-2004 16:34,200103,BIRMINGHAM,FRANCE,LYON,BRITANNIA AIRWAYS,D,C, 5 , 0 , 100 , 0 , 0 , 0 , 0 , 0 , 1.4 , 0 , 2 , 50 , 123 
08-Jan-2004 16:34,200103,BIRMINGHAM,FRANCE,LYON,BRITISH AIRWAYS PLC,A,C, 5 , 0 , 80 , 0 , 0 , 20 , 0 , 0 , 21.4 , 0 , 4 , 100 , 7.5 
08-Jan-2004 16:34,200103,BIRMINGHAM,FRANCE,LYON,BRITISH AIRWAYS PLC,D,C, 5 , 0 , 100 , 0 , 0 , 0 , 0 , 0 , 2.2 , 0 , 4 , 100 , 4.75 
08-Jan-2004 16:34,200103,BIRMINGHAM,FRANCE,LYON,DUO AIRWAYS LTD,A,C, 5 , 0 , 0 , 20 , 60 , 0 , 0 , 20 , 111 , 0 , 4 , 75 , 6.5 
08-Jan-2004 16:34,200103,BIRMINGHAM,FRANCE,LYON,DUO AIRWAYS LTD,A,S, 36 , 0 , 75 , 13.8888888888889 , 5.55555555555556 , 5.55555555555556 , 0 , 0 , 13.2222222222222 , 0 , 30 , 70 , 10 
08-Jan-2004 16:34,200103,BIRMINGHAM,FRANCE,LYON,DUO AIRWAYS LTD,D,C, 4 , 0 , 75 , 0 , 25 , 0 , 0 , 0 , 13.75 , 0 , 4 , 100 , 0 
08-Jan-2004 16:34,200103,BIRMINGHAM,FRANCE,LYON,DUO AIRWAYS LTD,D,S, 36 , 0 , 88.8888888888889 , 2.77777777777778 , 2.77777777777778 , 5.55555555555556 , 0 , 0 , 9.63888888888889 , 1 , 31 , 74.1935483870968 , 10.2903225806452 
08-Jan-2004 16:34,200103,BIRMINGHAM,FRANCE,MARSEILLE,DUO AIRWAYS LTD,A,S, 6 , 0 , 66.6666666666667 , 33.3333333333333 , 0 , 0 , 0 , 0 , 7.83333333333333 , 0 , 0 , 0 , 0 
08-Jan-2004 16:34,200103,BIRMINGHAM,FRANCE,MARSEILLE,DUO AIRWAYS LTD,D,S, 6 , 0 , 83.3333333333333 , 0 , 16.6666666666667 , 0 , 0 , 0 , 10.5 , 0 , 0 , 0 , 0 
08-Jan-2004 16:34,200103,BIRMINGHAM,FRANCE,PARIS (CHARLES DE GAULLE),BRITISH AIRWAYS PLC,A,S, 165 , 0 , 78.1818181818182 , 9.6969696969697 , 6.66666666666667 , 4.84848484848485 , 0.606060606060606 , 0 , 13.6909090909091 , 1 , 148 , 87.8378378378378 , 6.62162162162162 
08-Jan-2004 16:34,200103,BIRMINGHAM,FRANCE,PARIS (CHARLES DE GAULLE),BRITISH AIRWAYS PLC,D,S, 165 , 0 , 85.4545454545455 , 4.84848484848485 , 6.06060606060606 , 3.03030303030303 , 0.606060606060606 , 0 , 9.79393939393939 , 0 , 148 , 81.0810810810811 , 9.11486486486486 
08-Jan-2004 16:34,200103,BIRMINGHAM,FRANCE,PARIS (CHARLES DE GAULLE),FLYBE.BRITISH EUROPEAN,A,S, 189 , 0 , 70.3703703703704 , 12.1693121693122 , 7.93650793650794 , 8.46560846560847 , 1.05820105820106 , 0 , 19.4285714285714 , 0 , 170 , 83.5294117647059 , 10.7588235294118 
08-Jan-2004 16:34,200103,BIRMINGHAM,FRANCE,PARIS (CHARLES DE GAULLE),FLYBE.BRITISH EUROPEAN,D,S, 190 , 0 , 65.7894736842105 , 12.1052631578947 , 12.1052631578947 , 10 , 0 , 0 , 21.1 , 0 , 170 , 67.0588235294118 , 17.1 
08-Jan-2004 16:34,200103,BIRMINGHAM,FRANCE,TOULOUSE (BLAGNAC),AIR 2000,A,C, 3 , 0 , 66.6666666666667 , 0 , 33.3333333333333 , 0 , 0 , 0 , 13.6666666666667 , 0 , 4 , 100 , 2.5 
08-Jan-2004 16:34,200103,BIRMINGHAM,FRANCE,TOULOUSE (BLAGNAC),AIR 2000,D,C, 3 , 0 , 100 , 0 , 0 , 0 , 0 , 0 , 0 , 0 , 4 , 100 , 3.5 
08-Jan-2004 16:34,200103,BIRMINGHAM,FRANCE,TOULOUSE (BLAGNAC),FLYBE.BRITISH EUROPEAN,A,S, 19 , 0 , 52.6315789473684 , 26.3157894736842 , 5.26315789473684 , 15.7894736842105 , 0 , 0 , 24.2105263157895 , 0 , 8 , 100 , 1 
08-Jan-2004 16:34,200103,BIRMINGHAM,FRANCE,TOULOUSE (BLAGNAC),FLYBE.BRITISH EUROPEAN,D,S, 19 , 0 , 57.8947368421053 , 26.3157894736842 , 5.26315789473684 , 10.5263157894737 , 0 , 0 , 20.4736842105263 , 0 , 8 , 87.5 , 12.875 
08-Jan-2004 16:34,200103,BIRMINGHAM,FRANCE,TOULOUSE (BLAGNAC),THOMAS COOK AIRLINES LTD,A,C, 4 , 0 , 25 , 0 , 50 , 25 , 0 , 0 , 44.5 , 0 , 4 , 75 , 13.25 
08-Jan-2004 16:34,200103,BIRMINGHAM,FRANCE,TOULOUSE (BLAGNAC),THOMAS COOK AIRLINES LTD,D,C, 4 , 0 , 100 , 0 , 0 , 0 , 0 , 0 , 2 , 0 , 4 , 50 , 17 
08-Jan-2004 16:34,200103,BIRMINGHAM,GERMANY,BERLIN (TEGEL),DUO AIRWAYS LTD,A,S, 51 , 0 , 78.4313725490196 , 9.80392156862745 , 7.84313725490196 , 3.92156862745098 , 0 , 0 , 14.2745098039216 , 0 , 27 , 96.2962962962963 , 2.62962962962963 
08-Jan-2004 16:34,200103,BIRMINGHAM,GERMANY,BERLIN (TEGEL),DUO AIRWAYS LTD,D,S, 52 , 0 , 86.5384615384615 , 5.76923076923077 , 3.84615384615385 , 3.84615384615385 , 0 , 0 , 11.5 , 0 , 27 , 96.2962962962963 , 1.77777777777778 
08-Jan-2004 16:34,200103,BIRMINGHAM,GERMANY,COLOGNE (BONN),AUGSBURG AIRWAYS GMBH,A,S, 10 , 0 , 70 , 30 , 0 , 0 , 0 , 0 , 7.8 , 0 , 0 , 0 , 0 
08-Jan-2004 16:34,200103,BIRMINGHAM,GERMANY,COLOGNE (BONN),AUGSBURG AIRWAYS GMBH,D,S, 10 , 0 , 50 , 50 , 0 , 0 , 0 , 0 , 14.2 , 0 , 0 , 0 , 0 
08-Jan-2004 16:34,200103,BIRMINGHAM,GERMANY,COLOGNE (BONN),WDL FLUGDIENST,A,C, 0 , 1 , 0 , 0 , 0 , 0 , 0 , 0 , 0 , 0 , 0 , 0 , 0 
08-Jan-2004 16:34,200103,BIRMINGHAM,GERMANY,DUSSELDORF,BRITISH AIRWAYS PLC,A,S, 106 , 0 , 90.5660377358491 , 2.83018867924528 , 2.83018867924528 , 2.83018867924528 , 0.943396226415094 , 0 , 8.84905660377358 , 0 , 107 , 94.392523364486 , 4.25233644859813 
08-Jan-2004 16:34,200103,BIRMINGHAM,GERMANY,DUSSELDORF,BRITISH AIRWAYS PLC,D,S, 106 , 0 , 87.7358490566038 , 4.71698113207547 , 5.66037735849057 , 0.943396226415094 , 0.943396226415094 , 0 , 7.26415094339623 , 0 , 107 , 72.8971962616822 , 12.0934579439252 
08-Jan-2004 16:34,200103,BIRMINGHAM,GERMANY,DUSSELDORF,CIRRUS LUFTFAHRT,A,S, 56 , 0 , 48.2142857142857 , 35.7142857142857 , 10.7142857142857 , 5.35714285714286 , 0 , 0 , 21.5892857142857 , 0 , 15 , 80 , 7.6 
08-Jan-2004 16:34,200103,BIRMINGHAM,GERMANY,DUSSELDORF,CIRRUS LUFTFAHRT,D,S, 17 , 0 , 64.7058823529412 , 5.88235294117647 , 17.6470588235294 , 11.7647058823529 , 0 , 0 , 17.2941176470588 , 0 , 16 , 81.25 , 9.125 
08-Jan-2004 16:34,200103,BIRMINGHAM,GERMANY,DUSSELDORF,LUFTHANSA,D,S, 39 , 0 , 92.3076923076923 , 5.12820512820513 , 0 , 2.56410256410256 , 0 , 0 , 5.20512820512821 , 2 , 0 , 0 , 0 
08-Jan-2004 16:34,200103,BIRMINGHAM,GERMANY,DUSSELDORF,LUFTHANSA CITY LINE,A,S, 17 , 0 , 76.4705882352941 , 0 , 11.7647058823529 , 11.7647058823529 , 0 , 0 , 14.5294117647059 , 0 , 56 , 96.4285714285714 , 4.76785714285714 
08-Jan-2004 16:34,200103,BIRMINGHAM,GERMANY,DUSSELDORF,LUFTHANSA CITY LINE,D,S, 17 , 0 , 76.4705882352941 , 11.7647058823529 , 5.88235294117647 , 5.88235294117647 , 0 , 0 , 18.1764705882353 , 0 , 59 , 93.2203389830508 , 7.71186440677966 
08-Jan-2004 16:34,200103,BIRMINGHAM,GERMANY,FRANKFURT MAIN,BRITISH AIRWAYS PLC,A,S, 105 , 0 , 90.4761904761905 , 2.85714285714286 , 2.85714285714286 , 3.80952380952381 , 0 , 0 , 9.55238095238095 , 0 , 106 , 83.9622641509434 , 7.08490566037736 
08-Jan-2004 16:34,200103,BIRMINGHAM,GERMANY,FRANKFURT MAIN,BRITISH AIRWAYS PLC,D,S, 104 , 0 , 79.8076923076923 , 7.69230769230769 , 5.76923076923077 , 6.73076923076923 , 0 , 0 , 12.9615384615385 , 0 , 107 , 71.0280373831776 , 11.7663551401869 
08-Jan-2004 16:34,200103,BIRMINGHAM,GERMANY,FRANKFURT MAIN,LUFTHANSA,A,S, 90 , 2 , 81.1111111111111 , 11.1111111111111 , 4.44444444444444 , 3.33333333333333 , 0 , 0 , 10.6444444444444 , 2 , 92 , 76.0869565217391 , 8.05434782608696 
08-Jan-2004 16:34,200103,BIRMINGHAM,GERMANY,FRANKFURT MAIN,LUFTHANSA,D,S, 91 , 1 , 70.3296703296703 , 21.978021978022 , 4.3956043956044 , 3.2967032967033 , 0 , 0 , 13.0549450549451 , 0 , 93 , 78.494623655914 , 9.9247311827957 
08-Jan-2004 16:34,200103,BIRMINGHAM,GERMANY,HAMBURG,BRITISH AIRWAYS PLC,A,S, 28 , 0 , 53.5714285714286 , 32.1428571428571 , 10.7142857142857 , 3.57142857142857 , 0 , 0 , 18.9285714285714 , 0 , 0 , 0 , 0 
08-Jan-2004 16:34,200103,BIRMINGHAM,GERMANY,HAMBURG,BRITISH AIRWAYS PLC,D,S, 28 , 0 , 89.2857142857143 , 10.7142857142857 , 0 , 0 , 0 , 0 , 4.96428571428571 , 0 , 23 , 91.304347826087 , 3.91304347826087 
08-Jan-2004 16:34,200103,BIRMINGHAM,GERMANY,HANOVER,BRITISH AIRWAYS PLC,A,S, 23 , 0 , 82.6086956521739 , 4.34782608695652 , 8.69565217391304 , 4.34782608695652 , 0 , 0 , 12.7826086956522 , 0 , 23 , 100 , 1.47826086956522 
08-Jan-2004 16:34,200103,BIRMINGHAM,GERMANY,HANOVER,BRITISH AIRWAYS PLC,D,S, 22 , 0 , 68.1818181818182 , 18.1818181818182 , 9.09090909090909 , 4.54545454545455 , 0 , 0 , 13.1363636363636 , 0 , 0 , 0 , 0 
08-Jan-2004 16:34,200103,BIRMINGHAM,GERMANY,MUNICH,BRITISH AIRWAYS CITIEXPRESS LTD,A,S, 0 , 1 , 0 , 0 , 0 , 0 , 0 , 0 , 0 , 0 , 0 , 0 , 0 
08-Jan-2004 16:34,200103,BIRMINGHAM,GERMANY,MUNICH,BRITISH AIRWAYS PLC,A,S, 50 , 0 , 56 , 24 , 10 , 8 , 2 , 0 , 27.86 , 3 , 54 , 62.962962962963 , 13.462962962963 
08-Jan-2004 16:34,200103,BIRMINGHAM,GERMANY,MUNICH,BRITISH AIRWAYS PLC,D,S, 50 , 0 , 76 , 12 , 4 , 6 , 2 , 0 , 21 , 3 , 54 , 75.9259259259259 , 11.9259259259259 
08-Jan-2004 16:34,200103,BIRMINGHAM,GERMANY,MUNICH,EUROWINGS LUFTVERKEHRS,A,C, 0 , 0 , 0 , 0 , 0 , 0 , 0 , 0 , 0 , 0 , 5 , 80 , 8.4 
08-Jan-2004 16:34,200103,BIRMINGHAM,GERMANY,MUNICH,EUROWINGS LUFTVERKEHRS,D,C, 0 , 0 , 0 , 0 , 0 , 0 , 0 , 0 , 0 , 0 , 8 , 87.5 , 3.25 
08-Jan-2004 16:34,200103,BIRMINGHAM,GERMANY,MUNICH,HAMBURG INTERNATIONAL,A,C, 0 , 0 , 0 , 0 , 0 , 0 , 0 , 0 , 0 , 0 , 1 , 0 , 20 
08-Jan-2004 16:34,200103,BIRMINGHAM,GERMANY,MUNICH,HAMBURG INTERNATIONAL,D,C, 0 , 0 , 0 , 0 , 0 , 0 , 0 , 0 , 0 , 0 , 3 , 100 , 0 
08-Jan-2004 16:34,200103,BIRMINGHAM,GERMANY,MUNICH,LUFTHANSA,A,S, 23 , 0 , 73.9130434782609 , 17.3913043478261 , 4.34782608695652 , 4.34782608695652 , 0 , 0 , 10.304347826087 , 2 , 61 , 73.7704918032787 , 12.2950819672131 
08-Jan-2004 16:34,200103,BIRMINGHAM,GERMANY,MUNICH,LUFTHANSA,D,S, 0 , 0 , 0 , 0 , 0 , 0 , 0 , 0 , 0 , 0 , 61 , 78.6885245901639 , 10.6885245901639 
08-Jan-2004 16:34,200103,BIRMINGHAM,GERMANY,MUNICH,LUFTHANSA CITY LINE,A,S, 61 , 0 , 86.8852459016394 , 8.19672131147541 , 1.63934426229508 , 3.27868852459016 , 0 , 0 , 9.09836065573771 , 0 , 44 , 90.9090909090909 , 5.59090909090909 
08-Jan-2004 16:34,200103,BIRMINGHAM,GERMANY,MUNICH,LUFTHANSA CITY LINE,D,S, 86 , 0 , 69.7674418604651 , 19.7674418604651 , 5.81395348837209 , 4.65116279069767 , 0 , 0 , 15.9651162790698 , 0 , 45 , 75.5555555555556 , 13.0666666666667 
08-Jan-2004 16:34,200103,BIRMINGHAM,GERMANY,MUNICH,WDL FLUGDIENST,A,C, 0 , 18 , 0 , 0 , 0 , 0 , 0 , 0 , 0 , 0 , 35 , 68.5714285714286 , 13.1428571428571 
08-Jan-2004 16:34,200103,BIRMINGHAM,GERMANY,MUNICH,WDL FLUGDIENST,D,C, 0 , 19 , 0 , 0 , 0 , 0 , 0 , 0 , 0 , 0 , 35 , 57.1428571428571 , 14.1714285714286 
08-Jan-2004 16:34,200103,BIRMINGHAM,GERMANY,STUTTGART,DUO AIRWAYS LTD,A,S, 75 , 0 , 82.6666666666667 , 13.3333333333333 , 2.66666666666667 , 0 , 1.33333333333333 , 0 , 11.24 , 0 , 77 , 90.9090909090909 , 5.53246753246753 
08-Jan-2004 16:34,200103,BIRMINGHAM,GERMANY,STUTTGART,DUO AIRWAYS LTD,D,S, 74 , 0 , 79.7297297297297 , 10.8108108108108 , 4.05405405405405 , 4.05405405405405 , 1.35135135135135 , 0 , 14.9324324324324 , 0 , 77 , 83.1168831168831 , 7.11688311688312 
08-Jan-2004 16:34,200103,BIRMINGHAM,INDIA,GOA,BRITANNIA AIRWAYS,A,C, 4 , 0 , 50 , 0 , 25 , 25 , 0 , 0 , 36 , 0 , 4 , 100 , 1.25 
08-Jan-2004 16:34,200103,BIRMINGHAM,INDIA,GOA,BRITANNIA AIRWAYS,D,C, 5 , 0 , 80 , 0 , 0 , 20 , 0 , 0 , 21.2 , 0 , 4 , 75 , 5.25 
08-Jan-2004 16:34,200103,BIRMINGHAM,IRISH REPUBLIC,CORK,AER LINGUS,A,S, 28 , 0 , 92.8571428571429 , 3.57142857142857 , 3.57142857142857 , 0 , 0 , 0 , 2.82142857142857 , 1 , 31 , 96.7741935483871 , 1.93548387096774 
08-Jan-2004 16:34,200103,BIRMINGHAM,IRISH REPUBLIC,CORK,AER LINGUS,D,S, 50 , 0 , 90 , 6 , 4 , 0 , 0 , 0 , 6.56 , 0 , 54 , 74.0740740740741 , 17.4259259259259 
08-Jan-2004 16:34,200103,BIRMINGHAM,IRISH REPUBLIC,CORK,FLYBE.BRITISH EUROPEAN,A,S, 50 , 4 , 90 , 4 , 2 , 4 , 0 , 0 , 6.86 , 0 , 59 , 81.3559322033898 , 8 
08-Jan-2004 16:34,200103,BIRMINGHAM,IRISH REPUBLIC,CORK,FLYBE.BRITISH EUROPEAN,D,S, 50 , 4 , 82 , 6 , 8 , 4 , 0 , 0 , 11.5 , 0 , 59 , 62.7118644067797 , 20.8983050847458 
08-Jan-2004 16:34,200103,BIRMINGHAM,IRISH REPUBLIC,DUBLIN,AER LINGUS,A,S, 162 , 0 , 86.4197530864197 , 6.17283950617284 , 3.7037037037037 , 3.08641975308642 , 0.617283950617284 , 0 , 8.05555555555556 , 5 , 156 , 87.1794871794872 , 7.12820512820513 
08-Jan-2004 16:34,200103,BIRMINGHAM,IRISH REPUBLIC,DUBLIN,AER LINGUS,D,S, 143 , 1 , 83.9160839160839 , 4.1958041958042 , 5.59440559440559 , 5.59440559440559 , 0.699300699300699 , 0 , 12.4265734265734 , 3 , 136 , 84.5588235294118 , 9.41911764705882 
08-Jan-2004 16:34,200103,BIRMINGHAM,IRISH REPUBLIC,DUBLIN,RYANAIR,A,S, 107 , 0 , 82.2429906542056 , 11.214953271028 , 5.60747663551402 , 0.934579439252336 , 0 , 0 , 6.46728971962617 , 14 , 123 , 86.1788617886179 , 5.43089430894309 
08-Jan-2004 16:34,200103,BIRMINGHAM,IRISH REPUBLIC,DUBLIN,RYANAIR,D,S, 108 , 0 , 79.6296296296296 , 8.33333333333333 , 10.1851851851852 , 1.85185185185185 , 0 , 0 , 10.3425925925926 , 13 , 126 , 80.9523809523809 , 8.88888888888889 
08-Jan-2004 16:34,200103,BIRMINGHAM,IRISH REPUBLIC,SHANNON,FLYBE.BRITISH EUROPEAN,A,S, 27 , 0 , 62.962962962963 , 22.2222222222222 , 11.1111111111111 , 3.7037037037037 , 0 , 0 , 16.3703703703704 , 0 , 27 , 96.2962962962963 , 2.07407407407407 
08-Jan-2004 16:34,200103,BIRMINGHAM,IRISH REPUBLIC,SHANNON,FLYBE.BRITISH EUROPEAN,D,S, 27 , 0 , 74.0740740740741 , 11.1111111111111 , 0 , 14.8148148148148 , 0 , 0 , 18.5925925925926 , 0 , 27 , 88.8888888888889 , 11.0740740740741 
08-Jan-2004 16:34,200103,BIRMINGHAM,ITALY,BERGAMO,BRITISH AIRWAYS CITIEXPRESS LTD,A,C, 4 , 1 , 50 , 0 , 50 , 0 , 0 , 0 , 24.75 , 0 , 0 , 0 , 0 
08-Jan-2004 16:34,200103,BIRMINGHAM,ITALY,BERGAMO,BRITISH AIRWAYS CITIEXPRESS LTD,D,C, 4 , 0 , 75 , 0 , 25 , 0 , 0 , 0 , 16.75 , 0 , 0 , 0 , 0 
08-Jan-2004 16:34,200103,BIRMINGHAM,ITALY,MILAN (MALPENSA),DUO AIRWAYS LTD,A,S, 80 , 0 , 48.75 , 20 , 25 , 6.25 , 0 , 0 , 22.7125 , 0 , 101 , 81.1881188118812 , 6.94059405940594 
08-Jan-2004 16:34,200103,BIRMINGHAM,ITALY,MILAN (MALPENSA),DUO AIRWAYS LTD,D,S, 79 , 0 , 78.4810126582279 , 10.126582278481 , 5.06329113924051 , 5.06329113924051 , 1.26582278481013 , 0 , 12.7848101265823 , 0 , 103 , 83.495145631068 , 11.0388349514563 
08-Jan-2004 16:34,200103,BIRMINGHAM,ITALY,ROME (CIAMPINO),MONARCH AIRLINES,A,C, 0 , 0 , 0 , 0 , 0 , 0 , 0 , 0 , 0 , 0 , 1 , 0 , 133 
08-Jan-2004 16:34,200103,BIRMINGHAM,ITALY,ROME (CIAMPINO),MONARCH AIRLINES,D,C, 0 , 0 , 0 , 0 , 0 , 0 , 0 , 0 , 0 , 0 , 1 , 100 , 6 
08-Jan-2004 16:34,200103,BIRMINGHAM,ITALY,ROME (FIUMICINO),BRITISH AIRWAYS PLC,A,S, 6 , 0 , 100 , 0 , 0 , 0 , 0 , 0 , 5.5 , 1 , 0 , 0 , 0 
08-Jan-2004 16:34,200103,BIRMINGHAM,ITALY,ROME (FIUMICINO),BRITISH AIRWAYS PLC,D,S, 6 , 0 , 100 , 0 , 0 , 0 , 0 , 0 , 0.666666666666667 , 4 , 0 , 0 , 0 
08-Jan-2004 16:34,200103,BIRMINGHAM,ITALY,ROME (FIUMICINO),DUO AIRWAYS LTD,A,S, 19 , 0 , 47.3684210526316 , 26.3157894736842 , 10.5263157894737 , 15.7894736842105 , 0 , 0 , 29.8421052631579 , 0 , 53 , 24.5283018867925 , 38.4716981132075 
08-Jan-2004 16:34,200103,BIRMINGHAM,ITALY,ROME (FIUMICINO),DUO AIRWAYS LTD,D,S, 20 , 0 , 80 , 5 , 5 , 10 , 0 , 0 , 11.55 , 0 , 53 , 73.5849056603774 , 18.377358490566 
08-Jan-2004 16:34,200103,BIRMINGHAM,ITALY,TURIN,BMI BRITISH MIDLAND,A,C, 0 , 0 , 0 , 0 , 0 , 0 , 0 , 0 , 0 , 0 , 1 , 100 , 5 
08-Jan-2004 16:34,200103,BIRMINGHAM,ITALY,TURIN,BRITANNIA AIRWAYS,A,C, 4 , 0 , 25 , 25 , 50 , 0 , 0 , 0 , 22.25 , 0 , 2 , 0 , 36 
08-Jan-2004 16:34,200103,BIRMINGHAM,ITALY,TURIN,BRITANNIA AIRWAYS,D,C, 4 , 0 , 75 , 25 , 0 , 0 , 0 , 0 , 11.75 , 0 , 2 , 0 , 21 
08-Jan-2004 16:34,200103,BIRMINGHAM,ITALY,TURIN,BRITISH AIRWAYS CITIEXPRESS LTD,A,C, 4 , 1 , 50 , 50 , 0 , 0 , 0 , 0 , 15.5 , 0 , 0 , 0 , 0 
08-Jan-2004 16:34,200103,BIRMINGHAM,ITALY,TURIN,BRITISH AIRWAYS CITIEXPRESS LTD,D,C, 4 , 0 , 50 , 50 , 0 , 0 , 0 , 0 , 15.5 , 0 , 0 , 0 , 0 
08-Jan-2004 16:34,200103,BIRMINGHAM,ITALY,TURIN,CALEDONIAN AIRWAYS,A,C, 0 , 0 , 0 , 0 , 0 , 0 , 0 , 0 , 0 , 0 , 4 , 75 , 48.25 
08-Jan-2004 16:34,200103,BIRMINGHAM,ITALY,TURIN,CALEDONIAN AIRWAYS,D,C, 0 , 0 , 0 , 0 , 0 , 0 , 0 , 0 , 0 , 0 , 4 , 50 , 54 
08-Jan-2004 16:34,200103,BIRMINGHAM,ITALY,TURIN,DUO AIRWAYS LTD,A,C, 0 , 0 , 0 , 0 , 0 , 0 , 0 , 0 , 0 , 0 , 1 , 100 , 0 
08-Jan-2004 16:34,200103,BIRMINGHAM,ITALY,TURIN,DUO AIRWAYS LTD,D,C, 0 , 0 , 0 , 0 , 0 , 0 , 0 , 0 , 0 , 0 , 1 , 100 , 15 
08-Jan-2004 16:34,200103,BIRMINGHAM,ITALY,TURIN,THOMAS COOK AIRLINES LTD,A,C, 4 , 0 , 100 , 0 , 0 , 0 , 0 , 0 , 2.25 , 0 , 4 , 50 , 17.5 
08-Jan-2004 16:34,200103,BIRMINGHAM,ITALY,TURIN,THOMAS COOK AIRLINES LTD,D,C, 4 , 0 , 100 , 0 , 0 , 0 , 0 , 0 , 1.75 , 0 , 4 , 100 , 2.5 
08-Jan-2004 16:34,200103,BIRMINGHAM,ITALY,VENICE,MONARCH AIRLINES,A,C, 1 , 0 , 100 , 0 , 0 , 0 , 0 , 0 , 14 , 0 , 0 , 0 , 0 
08-Jan-2004 16:34,200103,BIRMINGHAM,ITALY,VENICE,MONARCH AIRLINES,D,C, 1 , 0 , 100 , 0 , 0 , 0 , 0 , 0 , 0 , 0 , 0 , 0 , 0 
08-Jan-2004 16:34,200103,BIRMINGHAM,KYRGYZSTAN,BISHKEK (FRUNZE),KYRGYZSTAN AIRLINES,A,S, 0 , 0 , 0 , 0 , 0 , 0 , 0 , 0 , 0 , 0 , 4 , 0 , 132 
08-Jan-2004 16:34,200103,BIRMINGHAM,KYRGYZSTAN,BISHKEK (FRUNZE),KYRGYZSTAN AIRLINES,D,S, 0 , 0 , 0 , 0 , 0 , 0 , 0 , 0 , 0 , 0 , 4 , 0 , 142 
08-Jan-2004 16:34,200103,BIRMINGHAM,LUXEMBOURG,LUXEMBOURG,BRITISH WORLD AIRLINES LTD,D,C, 0 , 0 , 0 , 0 , 0 , 0 , 0 , 0 , 0 , 0 , 1 , 100 , 13 
08-Jan-2004 16:34,200103,BIRMINGHAM,MALTA,MALTA,AIR 2000,A,C, 0 , 0 , 0 , 0 , 0 , 0 , 0 , 0 , 0 , 0 , 3 , 100 , 4.66666666666667 
08-Jan-2004 16:34,200103,BIRMINGHAM,MALTA,MALTA,AIR 2000,D,C, 0 , 0 , 0 , 0 , 0 , 0 , 0 , 0 , 0 , 0 , 1 , 100 , 0 
08-Jan-2004 16:34,200103,BIRMINGHAM,MALTA,MALTA,AIR MALTA,A,C, 3 , 0 , 100 , 0 , 0 , 0 , 0 , 0 , 4.33333333333333 , 0 , 0 , 0 , 0 
08-Jan-2004 16:34,200103,BIRMINGHAM,MALTA,MALTA,AIR MALTA,A,S, 5 , 0 , 80 , 0 , 20 , 0 , 0 , 0 , 11.4 , 0 , 5 , 80 , 34.6 
08-Jan-2004 16:34,200103,BIRMINGHAM,MALTA,MALTA,AIR MALTA,D,C, 3 , 0 , 0 , 66.6666666666667 , 33.3333333333333 , 0 , 0 , 0 , 32.6666666666667 , 0 , 0 , 0 , 0 
08-Jan-2004 16:34,200103,BIRMINGHAM,MALTA,MALTA,AIR MALTA,D,S, 5 , 0 , 0 , 60 , 40 , 0 , 0 , 0 , 36.6 , 0 , 5 , 80 , 41.4 
08-Jan-2004 16:34,200103,BIRMINGHAM,MALTA,MALTA,BRITANNIA AIRWAYS,A,C, 5 , 0 , 80 , 20 , 0 , 0 , 0 , 0 , 10.2 , 0 , 5 , 100 , 3.2 
08-Jan-2004 16:34,200103,BIRMINGHAM,MALTA,MALTA,BRITANNIA AIRWAYS,D,C, 5 , 0 , 80 , 20 , 0 , 0 , 0 , 0 , 8.8 , 0 , 5 , 100 , 3.8 
08-Jan-2004 16:34,200103,BIRMINGHAM,MALTA,MALTA,MY TRAVEL AIRWAYS UK,A,C, 0 , 0 , 0 , 0 , 0 , 0 , 0 , 0 , 0 , 0 , 3 , 66.6666666666667 , 35.3333333333333 
08-Jan-2004 16:34,200103,BIRMINGHAM,MALTA,MALTA,MY TRAVEL AIRWAYS UK,D,C, 0 , 0 , 0 , 0 , 0 , 0 , 0 , 0 , 0 , 0 , 3 , 66.6666666666667 , 28.6666666666667 
08-Jan-2004 16:34,200103,BIRMINGHAM,MALTA,MALTA,STAR EUROPE,D,C, 0 , 0 , 0 , 0 , 0 , 0 , 0 , 0 , 0 , 0 , 1 , 100 , 0 
08-Jan-2004 16:34,200103,BIRMINGHAM,MALTA,MALTA,THOMAS COOK AIRLINES LTD,A,C, 4 , 0 , 75 , 25 , 0 , 0 , 0 , 0 , 10 , 0 , 0 , 0 , 0 
08-Jan-2004 16:34,200103,BIRMINGHAM,MALTA,MALTA,THOMAS COOK AIRLINES LTD,D,C, 4 , 0 , 100 , 0 , 0 , 0 , 0 , 0 , 1.5 , 0 , 0 , 0 , 0 
08-Jan-2004 16:34,200103,BIRMINGHAM,MOROCCO,AGADIR,BRITANNIA AIRWAYS,A,C, 4 , 0 , 100 , 0 , 0 , 0 , 0 , 0 , 2.25 , 0 , 0 , 0 , 0 
08-Jan-2004 16:34,200103,BIRMINGHAM,MOROCCO,AGADIR,BRITANNIA AIRWAYS,D,C, 4 , 0 , 50 , 50 , 0 , 0 , 0 , 0 , 15.25 , 0 , 0 , 0 , 0 
08-Jan-2004 16:34,200103,BIRMINGHAM,MOROCCO,MARRAKESH,MONARCH AIRLINES,A,C, 0 , 0 , 0 , 0 , 0 , 0 , 0 , 0 , 0 , 0 , 1 , 0 , 46 
08-Jan-2004 16:34,200103,BIRMINGHAM,MOROCCO,MARRAKESH,MONARCH AIRLINES,D,C, 0 , 0 , 0 , 0 , 0 , 0 , 0 , 0 , 0 , 0 , 1 , 100 , 9 
08-Jan-2004 16:34,200103,BIRMINGHAM,NETHERLANDS,AMSTERDAM,DUO AIRWAYS LTD,A,S, 122 , 0 , 76.2295081967213 , 13.1147540983607 , 7.37704918032787 , 3.27868852459016 , 0 , 0 , 11.3688524590164 , 0 , 136 , 86.7647058823529 , 8.25 
08-Jan-2004 16:34,200103,BIRMINGHAM,NETHERLANDS,AMSTERDAM,DUO AIRWAYS LTD,D,S, 126 , 0 , 75.3968253968254 , 10.3174603174603 , 7.93650793650794 , 4.76190476190476 , 1.58730158730159 , 0 , 15.0793650793651 , 0 , 137 , 82.4817518248175 , 9.25547445255475 
08-Jan-2004 16:34,200103,BIRMINGHAM,NETHERLANDS,AMSTERDAM,KLM,A,S, 0 , 1 , 0 , 0 , 0 , 0 , 0 , 0 , 0 , 0 , 0 , 0 , 0 
08-Jan-2004 16:34,200103,BIRMINGHAM,NETHERLANDS,AMSTERDAM,KLM UK LTD,A,S, 188 , 0 , 85.6382978723404 , 3.72340425531915 , 5.85106382978723 , 4.25531914893617 , 0.531914893617021 , 0 , 11.3244680851064 , 2 , 186 , 84.9462365591398 , 11.8763440860215 
08-Jan-2004 16:34,200103,BIRMINGHAM,NETHERLANDS,AMSTERDAM,KLM UK LTD,D,S, 188 , 0 , 77.6595744680851 , 7.4468085106383 , 7.97872340425532 , 6.38297872340426 , 0.531914893617021 , 0 , 16.2659574468085 , 2 , 189 , 80.4232804232804 , 12.3544973544974 
08-Jan-2004 16:34,200103,BIRMINGHAM,NETHERLANDS,EINDHOVEN,B A S E BUSINESS AIRLINES,A,S, 48 , 1 , 89.5833333333333 , 8.33333333333333 , 2.08333333333333 , 0 , 0 , 0 , 5.89583333333333 , 0 , 45 , 55.5555555555556 , 34.4 
08-Jan-2004 16:34,200103,BIRMINGHAM,NETHERLANDS,EINDHOVEN,B A S E BUSINESS AIRLINES,D,S, 48 , 2 , 91.6666666666667 , 4.16666666666667 , 2.08333333333333 , 2.08333333333333 , 0 , 0 , 6.25 , 0 , 42 , 45.2380952380952 , 42.5952380952381 
08-Jan-2004 16:34,200103,BIRMINGHAM,PAKISTAN,KARACHI,PAKISTAN INTL AIRLINES,A,S, 9 , 0 , 33.3333333333333 , 11.1111111111111 , 22.2222222222222 , 22.2222222222222 , 11.1111111111111 , 0 , 57.8888888888889 , 0 , 0 , 0 , 0 
08-Jan-2004 16:34,200103,BIRMINGHAM,PAKISTAN,KARACHI,PAKISTAN INTL AIRLINES,D,S, 9 , 0 , 22.2222222222222 , 11.1111111111111 , 22.2222222222222 , 33.3333333333333 , 11.1111111111111 , 0 , 75.7777777777778 , 0 , 0 , 0 , 0 
08-Jan-2004 16:34,200103,BIRMINGHAM,PORTUGAL(EXCLUDING MADEIRA),FARO,AIR 2000,A,C, 0 , 0 , 0 , 0 , 0 , 0 , 0 , 0 , 0 , 0 , 2 , 100 , 0 
08-Jan-2004 16:34,200103,BIRMINGHAM,PORTUGAL(EXCLUDING MADEIRA),FARO,AIR 2000,A,S, 5 , 0 , 100 , 0 , 0 , 0 , 0 , 0 , 4.2 , 0 , 0 , 0 , 0 
08-Jan-2004 16:34,200103,BIRMINGHAM,PORTUGAL(EXCLUDING MADEIRA),FARO,AIR 2000,D,C, 0 , 0 , 0 , 0 , 0 , 0 , 0 , 0 , 0 , 0 , 2 , 100 , 5.5 
08-Jan-2004 16:34,200103,BIRMINGHAM,PORTUGAL(EXCLUDING MADEIRA),FARO,AIR 2000,D,S, 5 , 0 , 100 , 0 , 0 , 0 , 0 , 0 , 1.2 , 0 , 0 , 0 , 0 
08-Jan-2004 16:34,200103,BIRMINGHAM,PORTUGAL(EXCLUDING MADEIRA),FARO,BRITANNIA AIRWAYS,A,C, 4 , 0 , 25 , 25 , 25 , 25 , 0 , 0 , 31 , 0 , 0 , 0 , 0 
08-Jan-2004 16:34,200103,BIRMINGHAM,PORTUGAL(EXCLUDING MADEIRA),FARO,BRITANNIA AIRWAYS,D,C, 5 , 0 , 60 , 20 , 20 , 0 , 0 , 0 , 21.6 , 0 , 0 , 0 , 0 
08-Jan-2004 16:34,200103,BIRMINGHAM,PORTUGAL(EXCLUDING MADEIRA),FARO,DUO AIRWAYS LTD,D,C, 1 , 0 , 100 , 0 , 0 , 0 , 0 , 0 , 0 , 0 , 0 , 0 , 0 
08-Jan-2004 16:34,200103,BIRMINGHAM,PORTUGAL(EXCLUDING MADEIRA),FARO,MONARCH AIRLINES,A,C, 4 , 0 , 25 , 0 , 25 , 25 , 25 , 0 , 106.5 , 0 , 4 , 25 , 119 
08-Jan-2004 16:34,200103,BIRMINGHAM,PORTUGAL(EXCLUDING MADEIRA),FARO,MONARCH AIRLINES,D,C, 4 , 0 , 25 , 0 , 50 , 25 , 0 , 0 , 62.75 , 0 , 4 , 75 , 20 
08-Jan-2004 16:34,200103,BIRMINGHAM,PORTUGAL(EXCLUDING MADEIRA),FARO,MY TRAVEL AIRWAYS UK,A,C, 5 , 0 , 20 , 20 , 60 , 0 , 0 , 0 , 26 , 0 , 4 , 75 , 9.75 
08-Jan-2004 16:34,200103,BIRMINGHAM,PORTUGAL(EXCLUDING MADEIRA),FARO,MY TRAVEL AIRWAYS UK,D,C, 5 , 0 , 60 , 40 , 0 , 0 , 0 , 0 , 13.6 , 0 , 4 , 100 , 4.75 
08-Jan-2004 16:34,200103,BIRMINGHAM,PORTUGAL(MADEIRA),FUNCHAL,AIR 2000,A,C, 4 , 0 , 75 , 0 , 0 , 0 , 25 , 0 , 64.25 , 0 , 0 , 0 , 0 
08-Jan-2004 16:34,200103,BIRMINGHAM,PORTUGAL(MADEIRA),FUNCHAL,AIR 2000,D,C, 4 , 0 , 75 , 0 , 0 , 25 , 0 , 0 , 40.75 , 0 , 0 , 0 , 0 
08-Jan-2004 16:34,200103,BIRMINGHAM,PORTUGAL(MADEIRA),FUNCHAL,BRITANNIA AIRWAYS,A,C, 4 , 0 , 50 , 0 , 0 , 0 , 25 , 25 , 447.75 , 0 , 0 , 0 , 0 
08-Jan-2004 16:34,200103,BIRMINGHAM,PORTUGAL(MADEIRA),FUNCHAL,BRITANNIA AIRWAYS,D,C, 4 , 0 , 50 , 0 , 0 , 0 , 25 , 25 , 426 , 0 , 0 , 0 , 0 
08-Jan-2004 16:34,200103,BIRMINGHAM,PORTUGAL(MADEIRA),FUNCHAL,EXCEL AIRWAYS LTD,A,C, 0 , 0 , 0 , 0 , 0 , 0 , 0 , 0 , 0 , 0 , 4 , 75 , 16.25 
08-Jan-2004 16:34,200103,BIRMINGHAM,PORTUGAL(MADEIRA),FUNCHAL,EXCEL AIRWAYS LTD,D,C, 0 , 0 , 0 , 0 , 0 , 0 , 0 , 0 , 0 , 0 , 4 , 75 , 10 
08-Jan-2004 16:34,200103,BIRMINGHAM,SPAIN,ALICANTE,AIR 2000,A,C, 0 , 0 , 0 , 0 , 0 , 0 , 0 , 0 , 0 , 0 , 4 , 50 , 25.5 
08-Jan-2004 16:34,200103,BIRMINGHAM,SPAIN,ALICANTE,AIR 2000,A,S, 5 , 0 , 80 , 20 , 0 , 0 , 0 , 0 , 7.2 , 0 , 0 , 0 , 0 
08-Jan-2004 16:34,200103,BIRMINGHAM,SPAIN,ALICANTE,AIR 2000,D,C, 0 , 0 , 0 , 0 , 0 , 0 , 0 , 0 , 0 , 0 , 4 , 75 , 9.75 
08-Jan-2004 16:34,200103,BIRMINGHAM,SPAIN,ALICANTE,AIR 2000,D,S, 5 , 0 , 60 , 20 , 20 , 0 , 0 , 0 , 15 , 0 , 0 , 0 , 0 
08-Jan-2004 16:34,200103,BIRMINGHAM,SPAIN,ALICANTE,BRITANNIA AIRWAYS,A,C, 14 , 0 , 50 , 35.7142857142857 , 14.2857142857143 , 0 , 0 , 0 , 18.5 , 0 , 13 , 38.4615384615385 , 33.8461538461538 
08-Jan-2004 16:34,200103,BIRMINGHAM,SPAIN,ALICANTE,BRITANNIA AIRWAYS,D,C, 14 , 0 , 71.4285714285714 , 21.4285714285714 , 0 , 7.14285714285714 , 0 , 0 , 13.7857142857143 , 0 , 13 , 76.9230769230769 , 10.6923076923077 
08-Jan-2004 16:34,200103,BIRMINGHAM,SPAIN,ALICANTE,MY TRAVEL AIRWAYS UK,A,C, 9 , 0 , 77.7777777777778 , 0 , 22.2222222222222 , 0 , 0 , 0 , 14 , 0 , 7 , 85.7142857142857 , 3 
08-Jan-2004 16:34,200103,BIRMINGHAM,SPAIN,ALICANTE,MY TRAVEL AIRWAYS UK,D,C, 9 , 0 , 88.8888888888889 , 0 , 11.1111111111111 , 0 , 0 , 0 , 7.44444444444444 , 0 , 8 , 87.5 , 7.5 
08-Jan-2004 16:34,200103,BIRMINGHAM,SPAIN,ALMERIA,MY TRAVEL AIRWAYS UK,A,C, 4 , 0 , 0 , 75 , 25 , 0 , 0 , 0 , 28.75 , 0 , 0 , 0 , 0 
08-Jan-2004 16:34,200103,BIRMINGHAM,SPAIN,ALMERIA,MY TRAVEL AIRWAYS UK,D,C, 4 , 0 , 25 , 75 , 0 , 0 , 0 , 0 , 15.5 , 0 , 0 , 0 , 0 
08-Jan-2004 16:34,200103,BIRMINGHAM,SPAIN,BARCELONA,AIR 2000,A,C, 1 , 0 , 0 , 100 , 0 , 0 , 0 , 0 , 24 , 0 , 0 , 0 , 0 
08-Jan-2004 16:34,200103,BIRMINGHAM,SPAIN,BARCELONA,AIR 2000,D,C, 1 , 0 , 100 , 0 , 0 , 0 , 0 , 0 , 0 , 0 , 0 , 0 , 0 
08-Jan-2004 16:34,200103,BIRMINGHAM,SPAIN,BARCELONA,BRITISH AIRWAYS PLC,A,S, 20 , 0 , 85 , 0 , 5 , 5 , 5 , 0 , 20.8 , 0 , 20 , 90 , 10.5 
08-Jan-2004 16:34,200103,BIRMINGHAM,SPAIN,BARCELONA,BRITISH AIRWAYS PLC,D,S, 20 , 0 , 90 , 0 , 0 , 5 , 5 , 0 , 18.7 , 0 , 20 , 75 , 18.35 
08-Jan-2004 16:34,200103,BIRMINGHAM,SPAIN,IBIZA,DUO AIRWAYS LTD,A,C, 0 , 0 , 0 , 0 , 0 , 0 , 0 , 0 , 0 , 0 , 1 , 100 , 0 
08-Jan-2004 16:34,200103,BIRMINGHAM,SPAIN,MADRID,BRITISH AIRWAYS PLC,A,S, 24 , 1 , 58.3333333333333 , 16.6666666666667 , 8.33333333333333 , 16.6666666666667 , 0 , 0 , 22 , 0 , 24 , 66.6666666666667 , 14.4166666666667 
08-Jan-2004 16:34,200103,BIRMINGHAM,SPAIN,MADRID,BRITISH AIRWAYS PLC,D,S, 24 , 0 , 79.1666666666667 , 12.5 , 4.16666666666667 , 4.16666666666667 , 0 , 0 , 10.5416666666667 , 0 , 24 , 66.6666666666667 , 14.4166666666667 
08-Jan-2004 16:34,200103,BIRMINGHAM,SPAIN,MADRID,IBERIA,D,C, 0 , 1 , 0 , 0 , 0 , 0 , 0 , 0 , 0 , 0 , 0 , 0 , 0 
08-Jan-2004 16:34,200103,BIRMINGHAM,SPAIN,MADRID,ISLANDSFLUG,A,C, 2 , 0 , 0 , 0 , 0 , 100 , 0 , 0 , 73 , 0 , 0 , 0 , 0 
08-Jan-2004 16:34,200103,BIRMINGHAM,SPAIN,MADRID,ISLANDSFLUG,D,C, 2 , 0 , 0 , 0 , 100 , 0 , 0 , 0 , 53.5 , 0 , 0 , 0 , 0 
08-Jan-2004 16:34,200103,BIRMINGHAM,SPAIN,MALAGA,AIR 2000,A,C, 0 , 0 , 0 , 0 , 0 , 0 , 0 , 0 , 0 , 0 , 3 , 100 , 9.66666666666667 
08-Jan-2004 16:34,200103,BIRMINGHAM,SPAIN,MALAGA,AIR 2000,A,S, 4 , 0 , 0 , 50 , 25 , 25 , 0 , 0 , 54 , 0 , 0 , 0 , 0 
08-Jan-2004 16:34,200103,BIRMINGHAM,SPAIN,MALAGA,AIR 2000,D,C, 0 , 0 , 0 , 0 , 0 , 0 , 0 , 0 , 0 , 0 , 3 , 100 , 2.66666666666667 
08-Jan-2004 16:34,200103,BIRMINGHAM,SPAIN,MALAGA,AIR 2000,D,S, 4 , 0 , 50 , 0 , 50 , 0 , 0 , 0 , 25 , 0 , 0 , 0 , 0 
08-Jan-2004 16:34,200103,BIRMINGHAM,SPAIN,MALAGA,BRITANNIA AIRWAYS,A,C, 9 , 0 , 22.2222222222222 , 11.1111111111111 , 55.5555555555556 , 11.1111111111111 , 0 , 0 , 35.7777777777778 , 0 , 9 , 22.2222222222222 , 36.5555555555556 
08-Jan-2004 16:34,200103,BIRMINGHAM,SPAIN,MALAGA,BRITANNIA AIRWAYS,D,C, 9 , 0 , 88.8888888888889 , 11.1111111111111 , 0 , 0 , 0 , 0 , 7.11111111111111 , 0 , 9 , 77.7777777777778 , 13.3333333333333 
08-Jan-2004 16:34,200103,BIRMINGHAM,SPAIN,MALAGA,MONARCH AIRLINES,A,C, 4 , 0 , 25 , 0 , 50 , 25 , 0 , 0 , 65 , 0 , 4 , 25 , 25 
08-Jan-2004 16:34,200103,BIRMINGHAM,SPAIN,MALAGA,MONARCH AIRLINES,D,C, 5 , 0 , 60 , 20 , 0 , 20 , 0 , 0 , 37.4 , 0 , 4 , 75 , 13 
08-Jan-2004 16:34,200103,BIRMINGHAM,SPAIN,MALAGA,MY TRAVEL AIRWAYS UK,A,C, 4 , 0 , 0 , 50 , 25 , 25 , 0 , 0 , 36.75 , 0 , 4 , 25 , 42.75 
08-Jan-2004 16:34,200103,BIRMINGHAM,SPAIN,MALAGA,MY TRAVEL AIRWAYS UK,D,C, 4 , 1 , 75 , 25 , 0 , 0 , 0 , 0 , 7 , 0 , 4 , 50 , 27 
08-Jan-2004 16:34,200103,BIRMINGHAM,SPAIN,MURCIA SAN JAVIER,DUO AIRWAYS LTD,A,C, 1 , 0 , 0 , 100 , 0 , 0 , 0 , 0 , 17 , 0 , 0 , 0 , 0 
08-Jan-2004 16:34,200103,BIRMINGHAM,SPAIN,MURCIA SAN JAVIER,DUO AIRWAYS LTD,D,C, 1 , 0 , 100 , 0 , 0 , 0 , 0 , 0 , 0 , 0 , 0 , 0 , 0 
08-Jan-2004 16:34,200103,BIRMINGHAM,SPAIN,PALMA DE MALLORCA,AIR 2000,A,S, 1 , 0 , 100 , 0 , 0 , 0 , 0 , 0 , 0 , 0 , 0 , 0 , 0 
08-Jan-2004 16:34,200103,BIRMINGHAM,SPAIN,PALMA DE MALLORCA,AIR 2000,D,C, 1 , 0 , 100 , 0 , 0 , 0 , 0 , 0 , 0 , 0 , 0 , 0 , 0 
08-Jan-2004 16:34,200103,BIRMINGHAM,SPAIN,PALMA DE MALLORCA,AIR 2000,D,S, 1 , 0 , 100 , 0 , 0 , 0 , 0 , 0 , 0 , 0 , 0 , 0 , 0 
08-Jan-2004 16:34,200103,BIRMINGHAM,SPAIN,PALMA DE MALLORCA,AIR EUROPA,D,C, 1 , 0 , 100 , 0 , 0 , 0 , 0 , 0 , 7 , 0 , 0 , 0 , 0 
08-Jan-2004 16:34,200103,BIRMINGHAM,SPAIN,PALMA DE MALLORCA,BRITANNIA AIRWAYS,A,C, 9 , 0 , 33.3333333333333 , 55.5555555555556 , 11.1111111111111 , 0 , 0 , 0 , 19.1111111111111 , 0 , 9 , 44.4444444444444 , 15 
08-Jan-2004 16:34,200103,BIRMINGHAM,SPAIN,PALMA DE MALLORCA,BRITANNIA AIRWAYS,D,C, 9 , 0 , 100 , 0 , 0 , 0 , 0 , 0 , 6.22222222222222 , 0 , 9 , 88.8888888888889 , 5 
08-Jan-2004 16:34,200103,BIRMINGHAM,SPAIN,PALMA DE MALLORCA,MY TRAVEL AIRWAYS UK,A,C, 5 , 0 , 20 , 40 , 20 , 20 , 0 , 0 , 47.6 , 0 , 5 , 100 , 1.4 
08-Jan-2004 16:34,200103,BIRMINGHAM,SPAIN,PALMA DE MALLORCA,MY TRAVEL AIRWAYS UK,D,C, 5 , 0 , 60 , 20 , 0 , 20 , 0 , 0 , 37.2 , 0 , 5 , 100 , 3.6 
08-Jan-2004 16:34,200103,BIRMINGHAM,SPAIN,PALMA DE MALLORCA,THOMAS COOK AIRLINES LTD,A,C, 1 , 0 , 0 , 100 , 0 , 0 , 0 , 0 , 26 , 0 , 0 , 0 , 0 
08-Jan-2004 16:34,200103,BIRMINGHAM,SPAIN,PALMA DE MALLORCA,THOMAS COOK AIRLINES LTD,D,C, 3 , 0 , 33.3333333333333 , 33.3333333333333 , 33.3333333333333 , 0 , 0 , 0 , 17.3333333333333 , 0 , 0 , 0 , 0 
08-Jan-2004 16:34,200103,BIRMINGHAM,SPAIN(CANARY ISLANDS),ARRECIFE,AIR 2000,A,C, 0 , 0 , 0 , 0 , 0 , 0 , 0 , 0 , 0 , 0 , 5 , 60 , 25.2 
08-Jan-2004 16:34,200103,BIRMINGHAM,SPAIN(CANARY ISLANDS),ARRECIFE,AIR 2000,A,S, 5 , 0 , 60 , 0 , 40 , 0 , 0 , 0 , 18.4 , 0 , 0 , 0 , 0 
08-Jan-2004 16:34,200103,BIRMINGHAM,SPAIN(CANARY ISLANDS),ARRECIFE,AIR 2000,D,C, 0 , 0 , 0 , 0 , 0 , 0 , 0 , 0 , 0 , 0 , 5 , 80 , 10.8 
08-Jan-2004 16:34,200103,BIRMINGHAM,SPAIN(CANARY ISLANDS),ARRECIFE,AIR 2000,D,S, 5 , 0 , 60 , 20 , 20 , 0 , 0 , 0 , 10.8 , 0 , 0 , 0 , 0 
08-Jan-2004 16:34,200103,BIRMINGHAM,SPAIN(CANARY ISLANDS),ARRECIFE,BRITANNIA AIRWAYS,A,C, 4 , 0 , 50 , 25 , 0 , 25 , 0 , 0 , 29.75 , 0 , 9 , 33.3333333333333 , 19.5555555555556 
08-Jan-2004 16:34,200103,BIRMINGHAM,SPAIN(CANARY ISLANDS),ARRECIFE,BRITANNIA AIRWAYS,D,C, 4 , 0 , 50 , 25 , 25 , 0 , 0 , 0 , 21.25 , 0 , 9 , 88.8888888888889 , 7.77777777777778 
08-Jan-2004 16:34,200103,BIRMINGHAM,SPAIN(CANARY ISLANDS),ARRECIFE,MONARCH AIRLINES,A,C, 5 , 0 , 80 , 0 , 0 , 20 , 0 , 0 , 21 , 0 , 5 , 40 , 22.2 
08-Jan-2004 16:34,200103,BIRMINGHAM,SPAIN(CANARY ISLANDS),ARRECIFE,MONARCH AIRLINES,D,C, 5 , 0 , 80 , 0 , 20 , 0 , 0 , 0 , 15 , 0 , 5 , 60 , 11.2 
08-Jan-2004 16:34,200103,BIRMINGHAM,SPAIN(CANARY ISLANDS),ARRECIFE,MY TRAVEL AIRWAYS UK,A,C, 4 , 0 , 50 , 0 , 0 , 50 , 0 , 0 , 31 , 0 , 5 , 40 , 26.8 
08-Jan-2004 16:34,200103,BIRMINGHAM,SPAIN(CANARY ISLANDS),ARRECIFE,MY TRAVEL AIRWAYS UK,D,C, 4 , 0 , 75 , 0 , 0 , 25 , 0 , 0 , 18.5 , 0 , 5 , 40 , 18 
08-Jan-2004 16:34,200103,BIRMINGHAM,SPAIN(CANARY ISLANDS),ARRECIFE,THOMAS COOK AIRLINES LTD,A,C, 5 , 0 , 40 , 0 , 60 , 0 , 0 , 0 , 26.8 , 0 , 5 , 40 , 14 
08-Jan-2004 16:34,200103,BIRMINGHAM,SPAIN(CANARY ISLANDS),ARRECIFE,THOMAS COOK AIRLINES LTD,D,C, 5 , 0 , 80 , 20 , 0 , 0 , 0 , 0 , 9.4 , 0 , 5 , 100 , 0 
08-Jan-2004 16:34,200103,BIRMINGHAM,SPAIN(CANARY ISLANDS),FUERTEVENTURA,BRITANNIA AIRWAYS,A,C, 4 , 0 , 50 , 25 , 25 , 0 , 0 , 0 , 17.75 , 0 , 4 , 100 , 3.25 
08-Jan-2004 16:34,200103,BIRMINGHAM,SPAIN(CANARY ISLANDS),FUERTEVENTURA,BRITANNIA AIRWAYS,D,C, 4 , 0 , 100 , 0 , 0 , 0 , 0 , 0 , 1.25 , 0 , 4 , 100 , 1.75 
08-Jan-2004 16:34,200103,BIRMINGHAM,SPAIN(CANARY ISLANDS),FUERTEVENTURA,MONARCH AIRLINES,A,C, 4 , 0 , 25 , 50 , 0 , 25 , 0 , 0 , 49.25 , 0 , 5 , 60 , 17 
08-Jan-2004 16:34,200103,BIRMINGHAM,SPAIN(CANARY ISLANDS),FUERTEVENTURA,MONARCH AIRLINES,D,C, 4 , 0 , 75 , 0 , 0 , 25 , 0 , 0 , 36.5 , 0 , 5 , 80 , 5.4 
08-Jan-2004 16:34,200103,BIRMINGHAM,SPAIN(CANARY ISLANDS),FUERTEVENTURA,MY TRAVEL AIRWAYS UK,A,C, 4 , 0 , 25 , 25 , 0 , 25 , 25 , 0 , 86 , 0 , 5 , 60 , 13.2 
08-Jan-2004 16:34,200103,BIRMINGHAM,SPAIN(CANARY ISLANDS),FUERTEVENTURA,MY TRAVEL AIRWAYS UK,D,C, 4 , 0 , 75 , 0 , 0 , 25 , 0 , 0 , 24.25 , 0 , 5 , 60 , 15.6 
08-Jan-2004 16:34,200103,BIRMINGHAM,SPAIN(CANARY ISLANDS),FUERTEVENTURA,THOMAS COOK AIRLINES LTD,A,C, 4 , 0 , 25 , 50 , 0 , 25 , 0 , 0 , 45.25 , 0 , 4 , 100 , 2.5 
08-Jan-2004 16:34,200103,BIRMINGHAM,SPAIN(CANARY ISLANDS),FUERTEVENTURA,THOMAS COOK AIRLINES LTD,D,C, 4 , 0 , 75 , 0 , 0 , 25 , 0 , 0 , 32.75 , 0 , 5 , 100 , 1 
08-Jan-2004 16:34,200103,BIRMINGHAM,SPAIN(CANARY ISLANDS),LAS PALMAS,AIR 2000,A,C, 4 , 0 , 75 , 0 , 0 , 0 , 25 , 0 , 58.75 , 0 , 4 , 75 , 30.5 
08-Jan-2004 16:34,200103,BIRMINGHAM,SPAIN(CANARY ISLANDS),LAS PALMAS,AIR 2000,D,C, 4 , 0 , 75 , 0 , 0 , 0 , 25 , 0 , 57.75 , 0 , 4 , 100 , 1.5 
08-Jan-2004 16:34,200103,BIRMINGHAM,SPAIN(CANARY ISLANDS),LAS PALMAS,BRITANNIA AIRWAYS,A,C, 9 , 0 , 77.7777777777778 , 0 , 11.1111111111111 , 11.1111111111111 , 0 , 0 , 14.1111111111111 , 0 , 9 , 77.7777777777778 , 8 
08-Jan-2004 16:34,200103,BIRMINGHAM,SPAIN(CANARY ISLANDS),LAS PALMAS,BRITANNIA AIRWAYS,D,C, 9 , 0 , 77.7777777777778 , 22.2222222222222 , 0 , 0 , 0 , 0 , 8.66666666666667 , 0 , 9 , 100 , 5.44444444444444 
08-Jan-2004 16:34,200103,BIRMINGHAM,SPAIN(CANARY ISLANDS),LAS PALMAS,MY TRAVEL AIRWAYS UK,A,C, 5 , 0 , 40 , 40 , 20 , 0 , 0 , 0 , 21.6 , 0 , 4 , 75 , 6.5 
08-Jan-2004 16:34,200103,BIRMINGHAM,SPAIN(CANARY ISLANDS),LAS PALMAS,MY TRAVEL AIRWAYS UK,D,C, 5 , 1 , 60 , 40 , 0 , 0 , 0 , 0 , 15 , 0 , 4 , 75 , 9.75 
08-Jan-2004 16:34,200103,BIRMINGHAM,SPAIN(CANARY ISLANDS),LAS PALMAS,THOMAS COOK AIRLINES LTD,A,C, 4 , 0 , 100 , 0 , 0 , 0 , 0 , 0 , 0 , 0 , 4 , 100 , 0 
08-Jan-2004 16:34,200103,BIRMINGHAM,SPAIN(CANARY ISLANDS),LAS PALMAS,THOMAS COOK AIRLINES LTD,D,C, 5 , 0 , 100 , 0 , 0 , 0 , 0 , 0 , 4.6 , 0 , 4 , 100 , 0 
08-Jan-2004 16:34,200103,BIRMINGHAM,SPAIN(CANARY ISLANDS),TENERIFE (SURREINA SOFIA),AIR 2000,A,C, 0 , 0 , 0 , 0 , 0 , 0 , 0 , 0 , 0 , 0 , 14 , 42.8571428571429 , 24.5714285714286 
08-Jan-2004 16:34,200103,BIRMINGHAM,SPAIN(CANARY ISLANDS),TENERIFE (SURREINA SOFIA),AIR 2000,A,S, 14 , 0 , 71.4285714285714 , 28.5714285714286 , 0 , 0 , 0 , 0 , 9.5 , 0 , 0 , 0 , 0 
08-Jan-2004 16:34,200103,BIRMINGHAM,SPAIN(CANARY ISLANDS),TENERIFE (SURREINA SOFIA),AIR 2000,D,C, 0 , 0 , 0 , 0 , 0 , 0 , 0 , 0 , 0 , 0 , 13 , 61.5384615384615 , 14.3846153846154 
08-Jan-2004 16:34,200103,BIRMINGHAM,SPAIN(CANARY ISLANDS),TENERIFE (SURREINA SOFIA),AIR 2000,D,S, 14 , 0 , 71.4285714285714 , 7.14285714285714 , 21.4285714285714 , 0 , 0 , 0 , 11 , 0 , 0 , 0 , 0 
08-Jan-2004 16:34,200103,BIRMINGHAM,SPAIN(CANARY ISLANDS),TENERIFE (SURREINA SOFIA),AIR EUROPA,A,C, 0 , 0 , 0 , 0 , 0 , 0 , 0 , 0 , 0 , 0 , 4 , 75 , 8 
08-Jan-2004 16:34,200103,BIRMINGHAM,SPAIN(CANARY ISLANDS),TENERIFE (SURREINA SOFIA),AIR EUROPA,D,C, 0 , 0 , 0 , 0 , 0 , 0 , 0 , 0 , 0 , 0 , 4 , 75 , 12.75 
08-Jan-2004 16:34,200103,BIRMINGHAM,SPAIN(CANARY ISLANDS),TENERIFE (SURREINA SOFIA),BRITANNIA AIRWAYS,A,C, 9 , 0 , 33.3333333333333 , 22.2222222222222 , 33.3333333333333 , 11.1111111111111 , 0 , 0 , 29.3333333333333 , 0 , 9 , 55.5555555555556 , 18.3333333333333 
08-Jan-2004 16:34,200103,BIRMINGHAM,SPAIN(CANARY ISLANDS),TENERIFE (SURREINA SOFIA),BRITANNIA AIRWAYS,D,C, 9 , 0 , 77.7777777777778 , 11.1111111111111 , 11.1111111111111 , 0 , 0 , 0 , 7.88888888888889 , 0 , 9 , 77.7777777777778 , 9.11111111111111 
08-Jan-2004 16:34,200103,BIRMINGHAM,SPAIN(CANARY ISLANDS),TENERIFE (SURREINA SOFIA),FUTURA AIRLINES,A,C, 0 , 0 , 0 , 0 , 0 , 0 , 0 , 0 , 0 , 0 , 1 , 100 , 10 
08-Jan-2004 16:34,200103,BIRMINGHAM,SPAIN(CANARY ISLANDS),TENERIFE (SURREINA SOFIA),FUTURA AIRLINES,D,C, 0 , 0 , 0 , 0 , 0 , 0 , 0 , 0 , 0 , 0 , 1 , 100 , 4 
08-Jan-2004 16:34,200103,BIRMINGHAM,SPAIN(CANARY ISLANDS),TENERIFE (SURREINA SOFIA),MONARCH AIRLINES,A,C, 11 , 0 , 9.09090909090909 , 36.3636363636364 , 27.2727272727273 , 27.2727272727273 , 0 , 0 , 44.9090909090909 , 0 , 13 , 15.3846153846154 , 27.6923076923077 
08-Jan-2004 16:34,200103,BIRMINGHAM,SPAIN(CANARY ISLANDS),TENERIFE (SURREINA SOFIA),MONARCH AIRLINES,D,C, 11 , 0 , 72.7272727272727 , 9.09090909090909 , 9.09090909090909 , 9.09090909090909 , 0 , 0 , 13.1818181818182 , 0 , 14 , 100 , 4.07142857142857 
08-Jan-2004 16:34,200103,BIRMINGHAM,SPAIN(CANARY ISLANDS),TENERIFE (SURREINA SOFIA),MY TRAVEL AIRWAYS UK,A,C, 9 , 0 , 44.4444444444444 , 22.2222222222222 , 33.3333333333333 , 0 , 0 , 0 , 18.8888888888889 , 0 , 9 , 33.3333333333333 , 78.6666666666667 
08-Jan-2004 16:34,200103,BIRMINGHAM,SPAIN(CANARY ISLANDS),TENERIFE (SURREINA SOFIA),MY TRAVEL AIRWAYS UK,D,C, 9 , 0 , 77.7777777777778 , 11.1111111111111 , 11.1111111111111 , 0 , 0 , 0 , 12.7777777777778 , 0 , 9 , 55.5555555555556 , 52.3333333333333 
08-Jan-2004 16:34,200103,BIRMINGHAM,SPAIN(CANARY ISLANDS),TENERIFE (SURREINA SOFIA),THOMAS COOK AIRLINES LTD,A,C, 10 , 0 , 90 , 10 , 0 , 0 , 0 , 0 , 3 , 0 , 7 , 28.5714285714286 , 48.2857142857143 
08-Jan-2004 16:34,200103,BIRMINGHAM,SPAIN(CANARY ISLANDS),TENERIFE (SURREINA SOFIA),THOMAS COOK AIRLINES LTD,D,C, 10 , 0 , 100 , 0 , 0 , 0 , 0 , 0 , 1.6 , 0 , 8 , 87.5 , 26 
08-Jan-2004 16:34,200103,BIRMINGHAM,SWEDEN,STOCKHOLM (ARLANDA),DUO AIRWAYS LTD,A,S, 47 , 0 , 82.9787234042553 , 6.38297872340426 , 6.38297872340426 , 4.25531914893617 , 0 , 0 , 8.14893617021277 , 0 , 50 , 74 , 13.26 
08-Jan-2004 16:34,200103,BIRMINGHAM,SWEDEN,STOCKHOLM (ARLANDA),DUO AIRWAYS LTD,D,S, 47 , 0 , 89.3617021276596 , 4.25531914893617 , 4.25531914893617 , 2.12765957446809 , 0 , 0 , 6.74468085106383 , 0 , 50 , 76 , 15.72 
08-Jan-2004 16:34,200103,BIRMINGHAM,SWITZERLAND,BASLE MULHOUSE,SWISS AIRLINES,A,S, 49 , 1 , 51.0204081632653 , 26.530612244898 , 20.4081632653061 , 2.04081632653061 , 0 , 0 , 19.1428571428571 , 1 , 52 , 53.8461538461538 , 15.4615384615385 
08-Jan-2004 16:34,200103,BIRMINGHAM,SWITZERLAND,BASLE MULHOUSE,SWISS AIRLINES,D,S, 50 , 0 , 40 , 26 , 30 , 4 , 0 , 0 , 25.52 , 0 , 52 , 34.6153846153846 , 22.2884615384615 
08-Jan-2004 16:34,200103,BIRMINGHAM,SWITZERLAND,GENEVA,AER LINGUS,A,S, 0 , 1 , 0 , 0 , 0 , 0 , 0 , 0 , 0 , 0 , 0 , 0 , 0 
08-Jan-2004 16:34,200103,BIRMINGHAM,SWITZERLAND,GENEVA,AIR 2000,A,C, 0 , 1 , 0 , 0 , 0 , 0 , 0 , 0 , 0 , 0 , 0 , 0 , 0 
08-Jan-2004 16:34,200103,BIRMINGHAM,SWITZERLAND,GENEVA,BRITANNIA AIRWAYS,A,C, 5 , 0 , 0 , 60 , 0 , 20 , 20 , 0 , 78.4 , 0 , 3 , 0 , 56.3333333333333 
08-Jan-2004 16:34,200103,BIRMINGHAM,SWITZERLAND,GENEVA,BRITANNIA AIRWAYS,D,C, 5 , 0 , 80 , 0 , 0 , 20 , 0 , 0 , 34.6 , 0 , 3 , 100 , 0.666666666666667 
08-Jan-2004 16:34,200103,BIRMINGHAM,SWITZERLAND,GENEVA,DUO AIRWAYS LTD,A,C, 0 , 0 , 0 , 0 , 0 , 0 , 0 , 0 , 0 , 0 , 1 , 0 , 43 
08-Jan-2004 16:34,200103,BIRMINGHAM,SWITZERLAND,GENEVA,DUO AIRWAYS LTD,A,S, 8 , 0 , 25 , 25 , 25 , 25 , 0 , 0 , 41.875 , 0 , 54 , 44.4444444444444 , 22.962962962963 
08-Jan-2004 16:34,200103,BIRMINGHAM,SWITZERLAND,GENEVA,DUO AIRWAYS LTD,D,C, 0 , 0 , 0 , 0 , 0 , 0 , 0 , 0 , 0 , 0 , 1 , 0 , 40 
08-Jan-2004 16:34,200103,BIRMINGHAM,SWITZERLAND,GENEVA,DUO AIRWAYS LTD,D,S, 8 , 0 , 75 , 0 , 25 , 0 , 0 , 0 , 15.375 , 0 , 54 , 51.8518518518519 , 17.537037037037 
08-Jan-2004 16:34,200103,BIRMINGHAM,SWITZERLAND,GENEVA,MONARCH AIRLINES,A,C, 5 , 1 , 0 , 0 , 40 , 60 , 0 , 0 , 82.4 , 0 , 4 , 0 , 98.75 
08-Jan-2004 16:34,200103,BIRMINGHAM,SWITZERLAND,GENEVA,MONARCH AIRLINES,D,C, 5 , 0 , 40 , 0 , 40 , 0 , 20 , 0 , 59.8 , 0 , 4 , 25 , 20.75 
08-Jan-2004 16:34,200103,BIRMINGHAM,SWITZERLAND,ZURICH,SWISS AIRLINES,A,S, 79 , 0 , 62.0253164556962 , 24.0506329113924 , 12.6582278481013 , 1.26582278481013 , 0 , 0 , 14.4177215189873 , 0 , 80 , 51.25 , 18.525 
08-Jan-2004 16:34,200103,BIRMINGHAM,SWITZERLAND,ZURICH,SWISS AIRLINES,D,S, 80 , 0 , 58.75 , 22.5 , 15 , 3.75 , 0 , 0 , 19.9375 , 0 , 79 , 49.3670886075949 , 18.5189873417722 
08-Jan-2004 16:34,200103,BIRMINGHAM,TUNISIA,MONASTIR,BRITANNIA AIRWAYS,A,C, 4 , 0 , 75 , 0 , 0 , 25 , 0 , 0 , 37.75 , 0 , 5 , 100 , 0.6 
08-Jan-2004 16:34,200103,BIRMINGHAM,TUNISIA,MONASTIR,BRITANNIA AIRWAYS,D,C, 4 , 0 , 75 , 0 , 0 , 25 , 0 , 0 , 29 , 0 , 5 , 100 , 1.4 
08-Jan-2004 16:34,200103,BIRMINGHAM,TUNISIA,MONASTIR,MONARCH AIRLINES,A,C, 4 , 0 , 0 , 0 , 0 , 75 , 25 , 0 , 121.75 , 0 , 4 , 0 , 116.5 
08-Jan-2004 16:34,200103,BIRMINGHAM,TUNISIA,MONASTIR,MONARCH AIRLINES,D,C, 5 , 0 , 0 , 20 , 60 , 20 , 0 , 0 , 69.4 , 0 , 4 , 0 , 115.5 
08-Jan-2004 16:34,200103,BIRMINGHAM,TUNISIA,MONASTIR,MY TRAVEL AIRWAYS UK,A,C, 4 , 0 , 25 , 25 , 50 , 0 , 0 , 0 , 20.75 , 0 , 4 , 75 , 8 
08-Jan-2004 16:34,200103,BIRMINGHAM,TUNISIA,MONASTIR,MY TRAVEL AIRWAYS UK,D,C, 4 , 0 , 50 , 25 , 25 , 0 , 0 , 0 , 16.75 , 0 , 4 , 50 , 25.5 
08-Jan-2004 16:34,200103,BIRMINGHAM,TUNISIA,MONASTIR,THOMAS COOK AIRLINES LTD,A,C, 4 , 0 , 75 , 25 , 0 , 0 , 0 , 0 , 9.25 , 0 , 0 , 0 , 0 
08-Jan-2004 16:34,200103,BIRMINGHAM,TUNISIA,MONASTIR,THOMAS COOK AIRLINES LTD,D,C, 4 , 0 , 50 , 50 , 0 , 0 , 0 , 0 , 15.75 , 0 , 0 , 0 , 0 
08-Jan-2004 16:34,200103,BIRMINGHAM,TURKMENISTAN,ASHKHABAD,TURKMENISTAN AIRLINES,A,S, 28 , 0 , 50 , 17.8571428571429 , 10.7142857142857 , 14.2857142857143 , 3.57142857142857 , 3.57142857142857 , 45.6428571428571 , 0 , 15 , 40 , 37.8666666666667 
08-Jan-2004 16:34,200103,BIRMINGHAM,TURKMENISTAN,ASHKHABAD,TURKMENISTAN AIRLINES,D,S, 27 , 0 , 55.5555555555556 , 18.5185185185185 , 7.40740740740741 , 14.8148148148148 , 0 , 3.7037037037037 , 41.1111111111111 , 1 , 15 , 6.66666666666667 , 43.2666666666667 
08-Jan-2004 16:34,200103,BIRMINGHAM,UNITED ARAB EMIRATES,DUBAI,EMIRATES,A,S, 31 , 0 , 48.3870967741935 , 22.5806451612903 , 22.5806451612903 , 3.2258064516129 , 3.2258064516129 , 0 , 24.4193548387097 , 0 , 0 , 0 , 0 
08-Jan-2004 16:34,200103,BIRMINGHAM,UNITED ARAB EMIRATES,DUBAI,EMIRATES,D,S, 31 , 0 , 61.2903225806452 , 19.3548387096774 , 16.1290322580645 , 3.2258064516129 , 0 , 0 , 17.4838709677419 , 0 , 0 , 0 , 0 
08-Jan-2004 16:34,200103,BIRMINGHAM,UNITED KINGDOM,ABERDEEN,BRITISH AIRWAYS CITIEXPRESS LTD,A,S, 75 , 0 , 78.6666666666667 , 6.66666666666667 , 5.33333333333333 , 6.66666666666667 , 2.66666666666667 , 0 , 17.04 , 0 , 80 , 85 , 10.5375 
08-Jan-2004 16:34,200103,BIRMINGHAM,UNITED KINGDOM,ABERDEEN,BRITISH AIRWAYS CITIEXPRESS LTD,D,S, 76 , 0 , 75 , 11.8421052631579 , 3.94736842105263 , 7.89473684210526 , 1.31578947368421 , 0 , 15.5 , 0 , 76 , 82.8947368421053 , 9.28947368421053 
08-Jan-2004 16:34,200103,BIRMINGHAM,UNITED KINGDOM,ABERDEEN,FLYBE.BRITISH EUROPEAN,D,S, 0 , 1 , 0 , 0 , 0 , 0 , 0 , 0 , 0 , 0 , 0 , 0 , 0 
08-Jan-2004 16:34,200103,BIRMINGHAM,UNITED KINGDOM,BELFAST CITY,FLYBE.BRITISH EUROPEAN,A,S, 149 , 4 , 79.8657718120805 , 8.05369127516779 , 6.71140939597315 , 5.36912751677852 , 0 , 0 , 10.758389261745 , 2 , 136 , 80.1470588235294 , 9.80882352941176 
08-Jan-2004 16:34,200103,BIRMINGHAM,UNITED KINGDOM,BELFAST CITY,FLYBE.BRITISH EUROPEAN,D,S, 148 , 7 , 77.027027027027 , 11.4864864864865 , 5.40540540540541 , 6.08108108108108 , 0 , 0 , 13.8648648648649 , 3 , 135 , 74.0740740740741 , 11.5111111111111 
08-Jan-2004 16:34,200103,BIRMINGHAM,UNITED KINGDOM,BELFAST INTERNATIONAL,DUO AIRWAYS LTD,A,S, 116 , 0 , 85.3448275862069 , 6.89655172413793 , 2.58620689655172 , 5.17241379310345 , 0 , 0 , 9.25862068965517 , 0 , 147 , 87.0748299319728 , 6.46938775510204 
08-Jan-2004 16:34,200103,BIRMINGHAM,UNITED KINGDOM,BELFAST INTERNATIONAL,DUO AIRWAYS LTD,D,S, 115 , 0 , 82.6086956521739 , 6.08695652173913 , 6.08695652173913 , 5.21739130434783 , 0 , 0 , 11.7217391304348 , 0 , 146 , 84.9315068493151 , 7.95205479452055 
08-Jan-2004 16:34,200103,BIRMINGHAM,UNITED KINGDOM,BRISTOL,AIR 2000,D,C, 0 , 1 , 0 , 0 , 0 , 0 , 0 , 0 , 0 , 0 , 0 , 0 , 0 
08-Jan-2004 16:34,200103,BIRMINGHAM,UNITED KINGDOM,BRISTOL,BRITANNIA AIRWAYS,A,C, 0 , 0 , 0 , 0 , 0 , 0 , 0 , 0 , 0 , 0 , 3 , 66.6666666666667 , 5.33333333333333 
08-Jan-2004 16:34,200103,BIRMINGHAM,UNITED KINGDOM,BRISTOL,BRITANNIA AIRWAYS,D,C, 0 , 0 , 0 , 0 , 0 , 0 , 0 , 0 , 0 , 0 , 4 , 100 , 1.25 
08-Jan-2004 16:34,200103,BIRMINGHAM,UNITED KINGDOM,EDINBURGH,BRITISH AIRWAYS PLC,A,S, 196 , 1 , 76.530612244898 , 8.6734693877551 , 8.16326530612245 , 6.63265306122449 , 0 , 0 , 14.3877551020408 , 6 , 211 , 87.2037914691943 , 7.38388625592417 
08-Jan-2004 16:34,200103,BIRMINGHAM,UNITED KINGDOM,EDINBURGH,BRITISH AIRWAYS PLC,D,S, 196 , 0 , 85.2040816326531 , 7.14285714285714 , 4.08163265306122 , 2.55102040816327 , 1.02040816326531 , 0 , 9.72448979591837 , 7 , 231 , 83.982683982684 , 7.64502164502164 
08-Jan-2004 16:34,200103,BIRMINGHAM,UNITED KINGDOM,EDINBURGH,FLYBE.BRITISH EUROPEAN,A,S, 87 , 20 , 72.4137931034483 , 17.2413793103448 , 6.89655172413793 , 3.44827586206897 , 0 , 0 , 12.0919540229885 , 2 , 0 , 0 , 0 
08-Jan-2004 16:34,200103,BIRMINGHAM,UNITED KINGDOM,EDINBURGH,FLYBE.BRITISH EUROPEAN,D,S, 108 , 0 , 74.0740740740741 , 11.1111111111111 , 12.962962962963 , 1.85185185185185 , 0 , 0 , 12.962962962963 , 2 , 0 , 0 , 0 
08-Jan-2004 16:34,200103,BIRMINGHAM,UNITED KINGDOM,EXETER,FLYBE.BRITISH EUROPEAN,A,S, 79 , 0 , 93.6708860759494 , 2.53164556962025 , 2.53164556962025 , 1.26582278481013 , 0 , 0 , 4.67088607594937 , 0 , 88 , 92.0454545454545 , 4.65909090909091 
08-Jan-2004 16:34,200103,BIRMINGHAM,UNITED KINGDOM,EXETER,FLYBE.BRITISH EUROPEAN,D,S, 79 , 0 , 77.2151898734177 , 16.4556962025316 , 5.06329113924051 , 1.26582278481013 , 0 , 0 , 10.2784810126582 , 0 , 87 , 88.5057471264368 , 7.45977011494253 
08-Jan-2004 16:34,200103,BIRMINGHAM,UNITED KINGDOM,GLASGOW,BRITISH AIRWAYS PLC,A,S, 197 , 0 , 88.3248730964467 , 6.5989847715736 , 3.55329949238579 , 1.01522842639594 , 0.50761421319797 , 0 , 7.79695431472081 , 5 , 188 , 91.4893617021277 , 4.68085106382979 
08-Jan-2004 16:34,200103,BIRMINGHAM,UNITED KINGDOM,GLASGOW,BRITISH AIRWAYS PLC,D,S, 195 , 0 , 87.6923076923077 , 5.64102564102564 , 3.58974358974359 , 2.56410256410256 , 0.512820512820513 , 0 , 7.88717948717949 , 8 , 184 , 84.7826086956522 , 7.375 
08-Jan-2004 16:34,200103,BIRMINGHAM,UNITED KINGDOM,GLASGOW,FLYBE.BRITISH EUROPEAN,A,S, 122 , 0 , 81.1475409836066 , 9.83606557377049 , 5.73770491803279 , 3.27868852459016 , 0 , 0 , 9.59836065573771 , 2 , 94 , 76.5957446808511 , 12.2659574468085 
08-Jan-2004 16:34,200103,BIRMINGHAM,UNITED KINGDOM,GLASGOW,FLYBE.BRITISH EUROPEAN,D,S, 124 , 0 , 79.0322580645161 , 12.0967741935484 , 3.2258064516129 , 5.64516129032258 , 0 , 0 , 13.1532258064516 , 0 , 94 , 69.1489361702128 , 17.3936170212766 
08-Jan-2004 16:34,200103,BIRMINGHAM,UNITED KINGDOM,GUERNSEY,FLYBE.BRITISH EUROPEAN,A,S, 24 , 3 , 70.8333333333333 , 16.6666666666667 , 8.33333333333333 , 4.16666666666667 , 0 , 0 , 11.2083333333333 , 0 , 24 , 91.6666666666667 , 8.91666666666667 
08-Jan-2004 16:34,200103,BIRMINGHAM,UNITED KINGDOM,GUERNSEY,FLYBE.BRITISH EUROPEAN,D,S, 26 , 3 , 69.2307692307692 , 3.84615384615385 , 15.3846153846154 , 7.69230769230769 , 3.84615384615385 , 0 , 24.4615384615385 , 0 , 30 , 66.6666666666667 , 33.8333333333333 
08-Jan-2004 16:34,200103,BIRMINGHAM,UNITED KINGDOM,ISLE OF MAN,BA CITIEXPRESS (IOM) LTD,A,S, 53 , 0 , 86.7924528301887 , 5.66037735849057 , 3.77358490566038 , 3.77358490566038 , 0 , 0 , 11.4528301886792 , 0 , 54 , 98.1481481481482 , 3.16666666666667 
08-Jan-2004 16:34,200103,BIRMINGHAM,UNITED KINGDOM,ISLE OF MAN,BA CITIEXPRESS (IOM) LTD,D,S, 53 , 0 , 84.9056603773585 , 5.66037735849057 , 3.77358490566038 , 5.66037735849057 , 0 , 0 , 13.6603773584906 , 0 , 54 , 96.2962962962963 , 3.5 
08-Jan-2004 16:34,200103,BIRMINGHAM,UNITED KINGDOM,JERSEY,FLYBE.BRITISH EUROPEAN,A,S, 55 , 3 , 76.3636363636364 , 0 , 12.7272727272727 , 3.63636363636364 , 5.45454545454545 , 1.81818181818182 , 31.3818181818182 , 2 , 34 , 58.8235294117647 , 34.3823529411765 
08-Jan-2004 16:34,200103,BIRMINGHAM,UNITED KINGDOM,JERSEY,FLYBE.BRITISH EUROPEAN,D,S, 55 , 3 , 60 , 20 , 7.27272727272727 , 7.27272727272727 , 5.45454545454545 , 0 , 28.4545454545455 , 1 , 36 , 63.8888888888889 , 18.3611111111111 
08-Jan-2004 16:34,200103,BIRMINGHAM,UNITED KINGDOM,LONDON CITY,FLYBE.BRITISH EUROPEAN,A,S, 0 , 1 , 0 , 0 , 0 , 0 , 0 , 0 , 0 , 0 , 0 , 0 , 0 
08-Jan-2004 16:34,200103,BIRMINGHAM,UNITED KINGDOM,MANCHESTER,AIR 2000,A,C, 4 , 0 , 100 , 0 , 0 , 0 , 0 , 0 , 0 , 0 , 6 , 66.6666666666667 , 15.6666666666667 
08-Jan-2004 16:34,200103,BIRMINGHAM,UNITED KINGDOM,MANCHESTER,AIR 2000,D,C, 5 , 1 , 100 , 0 , 0 , 0 , 0 , 0 , 1.4 , 0 , 6 , 83.3333333333333 , 28.8333333333333 
08-Jan-2004 16:34,200103,BIRMINGHAM,UNITED KINGDOM,MANCHESTER,BRITANNIA AIRWAYS,A,C, 5 , 0 , 80 , 20 , 0 , 0 , 0 , 0 , 4.4 , 0 , 3 , 100 , 5.66666666666667 
08-Jan-2004 16:34,200103,BIRMINGHAM,UNITED KINGDOM,MANCHESTER,BRITANNIA AIRWAYS,D,C, 4 , 0 , 50 , 25 , 0 , 25 , 0 , 0 , 25.5 , 0 , 4 , 75 , 5.75 
08-Jan-2004 16:34,200103,BIRMINGHAM,UNITED KINGDOM,MANCHESTER,CALEDONIAN AIRWAYS,A,C, 0 , 0 , 0 , 0 , 0 , 0 , 0 , 0 , 0 , 0 , 4 , 75 , 52.5 
08-Jan-2004 16:34,200103,BIRMINGHAM,UNITED KINGDOM,MANCHESTER,CALEDONIAN AIRWAYS,D,C, 0 , 0 , 0 , 0 , 0 , 0 , 0 , 0 , 0 , 0 , 1 , 100 , 1 
08-Jan-2004 16:34,200103,BIRMINGHAM,UNITED KINGDOM,MANCHESTER,CYPRUS AIRWAYS,D,S, 0 , 0 , 0 , 0 , 0 , 0 , 0 , 0 , 0 , 0 , 1 , 0 , 59 
08-Jan-2004 16:34,200103,BIRMINGHAM,UNITED KINGDOM,NEWCASTLE,BRITANNIA AIRWAYS,A,C, 0 , 0 , 0 , 0 , 0 , 0 , 0 , 0 , 0 , 0 , 9 , 100 , 2.33333333333333 
08-Jan-2004 16:34,200103,BIRMINGHAM,UNITED KINGDOM,NEWCASTLE,BRITANNIA AIRWAYS,D,C, 0 , 0 , 0 , 0 , 0 , 0 , 0 , 0 , 0 , 0 , 9 , 100 , 3.88888888888889 
08-Jan-2004 16:34,200103,BIRMINGHAM,UNITED KINGDOM,NEWCASTLE,BRITISH REGIONAL AIRLINES LTD,A,S, 87 , 0 , 81.6091954022989 , 10.3448275862069 , 2.29885057471264 , 4.59770114942529 , 1.14942528735632 , 0 , 14.0804597701149 , 0 , 0 , 0 , 0 
08-Jan-2004 16:34,200103,BIRMINGHAM,UNITED KINGDOM,NEWCASTLE,BRITISH REGIONAL AIRLINES LTD,D,S, 87 , 0 , 85.0574712643678 , 6.89655172413793 , 0 , 4.59770114942529 , 3.44827586206897 , 0 , 15.816091954023 , 0 , 0 , 0 , 0 
08-Jan-2004 16:34,200103,BIRMINGHAM,UNITED KINGDOM,NEWCASTLE,DUO AIRWAYS LTD,A,S, 0 , 0 , 0 , 0 , 0 , 0 , 0 , 0 , 0 , 0 , 69 , 92.7536231884058 , 4.26086956521739 
08-Jan-2004 16:34,200103,BIRMINGHAM,UNITED KINGDOM,NEWCASTLE,DUO AIRWAYS LTD,D,S, 0 , 0 , 0 , 0 , 0 , 0 , 0 , 0 , 0 , 0 , 67 , 89.5522388059701 , 5.91044776119403 
08-Jan-2004 16:34,200103,BIRMINGHAM,USA,CHICAGO (O'HARE),AMERICAN AIRLINES,A,S, 29 , 1 , 34.4827586206897 , 17.2413793103448 , 20.6896551724138 , 17.2413793103448 , 10.3448275862069 , 0 , 57.2413793103448 , 2 , 31 , 67.741935483871 , 12.4516129032258 
08-Jan-2004 16:34,200103,BIRMINGHAM,USA,CHICAGO (O'HARE),AMERICAN AIRLINES,D,S, 30 , 0 , 50 , 10 , 13.3333333333333 , 20 , 6.66666666666667 , 0 , 46.6 , 1 , 31 , 77.4193548387097 , 17.8387096774194 
08-Jan-2004 16:34,200103,BIRMINGHAM,USA,NEW YORK (NEWARK),CONTINENTAL AIRLINES,A,S, 31 , 0 , 41.9354838709677 , 25.8064516129032 , 29.0322580645161 , 3.2258064516129 , 0 , 0 , 22.0967741935484 , 0 , 31 , 48.3870967741935 , 33.6451612903226 
08-Jan-2004 16:34,200103,BIRMINGHAM,USA,NEW YORK (NEWARK),CONTINENTAL AIRLINES,D,S, 31 , 0 , 96.7741935483871 , 0 , 3.2258064516129 , 0 , 0 , 0 , 3.70967741935484 , 0 , 31 , 77.4193548387097 , 16.9677419354839 
08-Jan-2004 16:34,200103,BIRMINGHAM,USA,ORLANDO,BRITANNIA AIRWAYS,A,C, 4 , 0 , 50 , 25 , 25 , 0 , 0 , 0 , 23.5 , 0 , 5 , 40 , 35.8 
08-Jan-2004 16:34,200103,BIRMINGHAM,USA,ORLANDO,BRITANNIA AIRWAYS,D,C, 5 , 0 , 60 , 0 , 20 , 20 , 0 , 0 , 29.4 , 0 , 5 , 60 , 23 
08-Jan-2004 16:34,200103,BIRMINGHAM,USA,SANFORD,AIR 2000,A,C, 5 , 0 , 100 , 0 , 0 , 0 , 0 , 0 , 2.8 , 0 , 4 , 100 , 1 
08-Jan-2004 16:34,200103,BIRMINGHAM,USA,SANFORD,AIR 2000,D,C, 5 , 0 , 80 , 20 , 0 , 0 , 0 , 0 , 8.2 , 0 , 5 , 60 , 25.4 
08-Jan-2004 16:34,200103,BIRMINGHAM,UZBEKISTAN,TASHKENT,UZBEKISTAN AIRLINES,A,S, 8 , 0 , 87.5 , 0 , 12.5 , 0 , 0 , 0 , 8.5 , 0 , 2 , 100 , 0 
08-Jan-2004 16:34,200103,BIRMINGHAM,UZBEKISTAN,TASHKENT,UZBEKISTAN AIRLINES,D,S, 8 , 0 , 50 , 37.5 , 12.5 , 0 , 0 , 0 , 14.25 , 0 , 2 , 50 , 32 
08-Jan-2004 16:34,200103,EDINBURGH,AUSTRIA,INNSBRUCK,TYROLEAN AIRWAYS,A,C, 5 , 0 , 80 , 20 , 0 , 0 , 0 , 0 , 12 , 0 , 4 , 25 , 77 
08-Jan-2004 16:34,200103,EDINBURGH,AUSTRIA,INNSBRUCK,TYROLEAN AIRWAYS,D,C, 5 , 0 , 40 , 60 , 0 , 0 , 0 , 0 , 18 , 0 , 4 , 25 , 82.25 
08-Jan-2004 16:34,200103,EDINBURGH,AUSTRIA,VIENNA,AIR LUXOR,A,C, 0 , 1 , 0 , 0 , 0 , 0 , 0 , 0 , 0 , 0 , 0 , 0 , 0 
08-Jan-2004 16:34,200103,EDINBURGH,AUSTRIA,VIENNA,TYROLEAN AIRWAYS,A,S, 0 , 0 , 0 , 0 , 0 , 0 , 0 , 0 , 0 , 0 , 10 , 70 , 9 
08-Jan-2004 16:34,200103,EDINBURGH,AUSTRIA,VIENNA,TYROLEAN AIRWAYS,D,S, 0 , 0 , 0 , 0 , 0 , 0 , 0 , 0 , 0 , 0 , 10 , 100 , 4.6 
08-Jan-2004 16:34,200103,EDINBURGH,BELGIUM,BRUSSELS,BMI BRITISH MIDLAND,A,S, 19 , 0 , 84.2105263157895 , 15.7894736842105 , 0 , 0 , 0 , 0 , 3.31578947368421 , 0 , 0 , 0 , 0 
08-Jan-2004 16:34,200103,EDINBURGH,BELGIUM,BRUSSELS,BMI BRITISH MIDLAND,D,S, 18 , 0 , 88.8888888888889 , 11.1111111111111 , 0 , 0 , 0 , 0 , 4.5 , 1 , 0 , 0 , 0 
08-Jan-2004 16:34,200103,EDINBURGH,BELGIUM,BRUSSELS,BRITISH WORLD AIRLINES LTD,A,C, 1 , 0 , 0 , 0 , 100 , 0 , 0 , 0 , 45 , 0 , 0 , 0 , 0 
08-Jan-2004 16:34,200103,EDINBURGH,BELGIUM,BRUSSELS,BRITISH WORLD AIRLINES LTD,D,C, 1 , 0 , 100 , 0 , 0 , 0 , 0 , 0 , 12 , 0 , 0 , 0 , 0 
08-Jan-2004 16:34,200103,EDINBURGH,BELGIUM,BRUSSELS,SABENA,A,S, 117 , 0 , 82.051282051282 , 15.3846153846154 , 2.56410256410256 , 0 , 0 , 0 , 6.98290598290598 , 2 , 88 , 72.7272727272727 , 11.7954545454545 
08-Jan-2004 16:34,200103,EDINBURGH,BELGIUM,BRUSSELS,SABENA,D,S, 117 , 0 , 73.5042735042735 , 18.8034188034188 , 6.83760683760684 , 0.854700854700855 , 0 , 0 , 11.1452991452991 , 2 , 88 , 64.7727272727273 , 18.4204545454545 
08-Jan-2004 16:34,200103,EDINBURGH,CYPRUS,PAPHOS,HELIOS AIRWAYS LTD,D,C, 0 , 1 , 0 , 0 , 0 , 0 , 0 , 0 , 0 , 0 , 0 , 0 , 0 
08-Jan-2004 16:34,200103,EDINBURGH,CZECH REPUBLIC,PRAGUE,BRITANNIA AIRWAYS,A,C, 1 , 0 , 100 , 0 , 0 , 0 , 0 , 0 , 0 , 0 , 0 , 0 , 0 
08-Jan-2004 16:34,200103,EDINBURGH,CZECH REPUBLIC,PRAGUE,BRITANNIA AIRWAYS,D,C, 1 , 0 , 100 , 0 , 0 , 0 , 0 , 0 , 6 , 0 , 0 , 0 , 0 
08-Jan-2004 16:34,200103,EDINBURGH,CZECH REPUBLIC,PRAGUE,MONARCH AIRLINES,D,C, 0 , 0 , 0 , 0 , 0 , 0 , 0 , 0 , 0 , 0 , 1 , 100 , 11 
08-Jan-2004 16:34,200103,EDINBURGH,DENMARK,COPENHAGEN,BMI BRITISH MIDLAND,A,S, 35 , 0 , 71.4285714285714 , 14.2857142857143 , 2.85714285714286 , 11.4285714285714 , 0 , 0 , 17.4285714285714 , 1 , 36 , 75 , 11.6388888888889 
08-Jan-2004 16:34,200103,EDINBURGH,DENMARK,COPENHAGEN,BMI BRITISH MIDLAND,D,S, 30 , 0 , 83.3333333333333 , 6.66666666666667 , 10 , 0 , 0 , 0 , 9.26666666666667 , 1 , 32 , 84.375 , 7.46875 
08-Jan-2004 16:34,200103,EDINBURGH,FRANCE,BORDEAUX,AERIS,A,C, 0 , 0 , 0 , 0 , 0 , 0 , 0 , 0 , 0 , 0 , 1 , 100 , 0 
08-Jan-2004 16:34,200103,EDINBURGH,FRANCE,BORDEAUX,AIR 2000,D,C, 0 , 0 , 0 , 0 , 0 , 0 , 0 , 0 , 0 , 0 , 1 , 0 , 24 
08-Jan-2004 16:34,200103,EDINBURGH,FRANCE,BORDEAUX,CORSAIR,D,C, 0 , 0 , 0 , 0 , 0 , 0 , 0 , 0 , 0 , 0 , 1 , 100 , 0 
08-Jan-2004 16:34,200103,EDINBURGH,FRANCE,BORDEAUX,MONARCH AIRLINES,A,C, 0 , 0 , 0 , 0 , 0 , 0 , 0 , 0 , 0 , 0 , 1 , 100 , 7 
08-Jan-2004 16:34,200103,EDINBURGH,FRANCE,CHAMBERY,CITY FLYER EXPRESS,A,C, 0 , 0 , 0 , 0 , 0 , 0 , 0 , 0 , 0 , 0 , 3 , 66.6666666666667 , 9.66666666666667 
08-Jan-2004 16:34,200103,EDINBURGH,FRANCE,CHAMBERY,CITY FLYER EXPRESS,D,C, 0 , 0 , 0 , 0 , 0 , 0 , 0 , 0 , 0 , 0 , 4 , 75 , 7.25 
08-Jan-2004 16:34,200103,EDINBURGH,FRANCE,CHAMBERY,FLYBE.BRITISH EUROPEAN,A,C, 5 , 0 , 0 , 40 , 40 , 20 , 0 , 0 , 38.2 , 0 , 0 , 0 , 0 
08-Jan-2004 16:34,200103,EDINBURGH,FRANCE,CHAMBERY,FLYBE.BRITISH EUROPEAN,D,C, 5 , 0 , 20 , 40 , 20 , 20 , 0 , 0 , 33 , 0 , 0 , 0 , 0 
08-Jan-2004 16:34,200103,EDINBURGH,FRANCE,LILLE,EUROPEAN AIR CHARTER,A,C, 0 , 0 , 0 , 0 , 0 , 0 , 0 , 0 , 0 , 0 , 1 , 0 , 42 
08-Jan-2004 16:34,200103,EDINBURGH,FRANCE,LILLE,EUROPEAN AIR CHARTER,D,C, 0 , 0 , 0 , 0 , 0 , 0 , 0 , 0 , 0 , 0 , 1 , 100 , 3 
08-Jan-2004 16:34,200103,EDINBURGH,FRANCE,LYON,AERIS,A,C, 0 , 0 , 0 , 0 , 0 , 0 , 0 , 0 , 0 , 0 , 1 , 0 , 22 
08-Jan-2004 16:34,200103,EDINBURGH,FRANCE,LYON,AERIS,D,C, 0 , 0 , 0 , 0 , 0 , 0 , 0 , 0 , 0 , 0 , 2 , 50 , 22.5 
08-Jan-2004 16:34,200103,EDINBURGH,FRANCE,LYON,AIR 2000,D,C, 0 , 0 , 0 , 0 , 0 , 0 , 0 , 0 , 0 , 0 , 1 , 0 , 51 
08-Jan-2004 16:34,200103,EDINBURGH,FRANCE,LYON,MONARCH AIRLINES,A,C, 0 , 0 , 0 , 0 , 0 , 0 , 0 , 0 , 0 , 0 , 1 , 0 , 25 
08-Jan-2004 16:34,200103,EDINBURGH,FRANCE,MONTPELLIER,AERIS,A,C, 0 , 0 , 0 , 0 , 0 , 0 , 0 , 0 , 0 , 0 , 2 , 0 , 31 
08-Jan-2004 16:34,200103,EDINBURGH,FRANCE,PARIS (CHARLES DE GAULLE),AERIS,A,C, 0 , 0 , 0 , 0 , 0 , 0 , 0 , 0 , 0 , 0 , 1 , 0 , 160 
08-Jan-2004 16:34,200103,EDINBURGH,FRANCE,PARIS (CHARLES DE GAULLE),AIR 2000,D,C, 0 , 0 , 0 , 0 , 0 , 0 , 0 , 0 , 0 , 0 , 1 , 0 , 20 
08-Jan-2004 16:34,200103,EDINBURGH,FRANCE,PARIS (CHARLES DE GAULLE),AIR FRANCE,A,S, 92 , 0 , 58.695652173913 , 13.0434782608696 , 13.0434782608696 , 15.2173913043478 , 0 , 0 , 24.4347826086957 , 1 , 92 , 46.7391304347826 , 26.8804347826087 
08-Jan-2004 16:34,200103,EDINBURGH,FRANCE,PARIS (CHARLES DE GAULLE),AIR FRANCE,D,S, 92 , 0 , 42.3913043478261 , 28.2608695652174 , 18.4782608695652 , 10.8695652173913 , 0 , 0 , 25.0108695652174 , 1 , 91 , 38.4615384615385 , 35.5164835164835 
08-Jan-2004 16:34,200103,EDINBURGH,FRANCE,PARIS (CHARLES DE GAULLE),AIR JET,D,C, 0 , 0 , 0 , 0 , 0 , 0 , 0 , 0 , 0 , 0 , 1 , 100 , 0 
08-Jan-2004 16:34,200103,EDINBURGH,FRANCE,PARIS (CHARLES DE GAULLE),AOM FRENCH AIRLINES,A,C, 0 , 0 , 0 , 0 , 0 , 0 , 0 , 0 , 0 , 0 , 5 , 80 , 96.2 
08-Jan-2004 16:34,200103,EDINBURGH,FRANCE,PARIS (CHARLES DE GAULLE),AOM FRENCH AIRLINES,D,C, 0 , 0 , 0 , 0 , 0 , 0 , 0 , 0 , 0 , 0 , 5 , 60 , 99.8 
08-Jan-2004 16:34,200103,EDINBURGH,FRANCE,PARIS (CHARLES DE GAULLE),BRITISH AIRWAYS CITIEXPRESS LTD,A,S, 18 , 0 , 55.5555555555556 , 5.55555555555556 , 22.2222222222222 , 16.6666666666667 , 0 , 0 , 31.6111111111111 , 0 , 17 , 41.1764705882353 , 29.0588235294118 
08-Jan-2004 16:34,200103,EDINBURGH,FRANCE,PARIS (CHARLES DE GAULLE),BRITISH AIRWAYS CITIEXPRESS LTD,D,S, 24 , 0 , 70.8333333333333 , 4.16666666666667 , 16.6666666666667 , 8.33333333333333 , 0 , 0 , 20.3333333333333 , 0 , 13 , 46.1538461538462 , 19.3076923076923 
08-Jan-2004 16:34,200103,EDINBURGH,FRANCE,PARIS (CHARLES DE GAULLE),BRITISH REGIONAL AIRLINES LTD,A,S, 82 , 0 , 68.2926829268293 , 10.9756097560976 , 7.31707317073171 , 9.75609756097561 , 3.65853658536585 , 0 , 23.2560975609756 , 0 , 84 , 69.0476190476191 , 13.8095238095238 
08-Jan-2004 16:34,200103,EDINBURGH,FRANCE,PARIS (CHARLES DE GAULLE),BRITISH REGIONAL AIRLINES LTD,D,S, 82 , 0 , 60.9756097560976 , 15.8536585365854 , 9.75609756097561 , 9.75609756097561 , 3.65853658536585 , 0 , 27.5731707317073 , 0 , 84 , 52.3809523809524 , 21.7857142857143 
08-Jan-2004 16:34,200103,EDINBURGH,FRANCE,PARIS (CHARLES DE GAULLE),EURALAIR,A,C, 0 , 0 , 0 , 0 , 0 , 0 , 0 , 0 , 0 , 0 , 1 , 0 , 19 
08-Jan-2004 16:34,200103,EDINBURGH,FRANCE,PARIS (CHARLES DE GAULLE),EURALAIR,D,C, 0 , 0 , 0 , 0 , 0 , 0 , 0 , 0 , 0 , 0 , 1 , 100 , 11 
08-Jan-2004 16:34,200103,EDINBURGH,FRANCE,PARIS (CHARLES DE GAULLE),OCCITANIA JET FLEET,A,C, 0 , 0 , 0 , 0 , 0 , 0 , 0 , 0 , 0 , 0 , 1 , 0 , 24 
08-Jan-2004 16:34,200103,EDINBURGH,FRANCE,PARIS (CHARLES DE GAULLE),OCCITANIA JET FLEET,D,C, 0 , 0 , 0 , 0 , 0 , 0 , 0 , 0 , 0 , 0 , 1 , 100 , 0 
08-Jan-2004 16:34,200103,EDINBURGH,FRANCE,PARIS (CHARLES DE GAULLE),STAR EUROPE,A,C, 0 , 0 , 0 , 0 , 0 , 0 , 0 , 0 , 0 , 0 , 3 , 0 , 35 
08-Jan-2004 16:34,200103,EDINBURGH,FRANCE,PARIS (CHARLES DE GAULLE),STERLING EUROPEAN AIRLINES,D,C, 0 , 0 , 0 , 0 , 0 , 0 , 0 , 0 , 0 , 0 , 1 , 0 , 35 
08-Jan-2004 16:34,200103,EDINBURGH,FRANCE,PARIS (CHARLES DE GAULLE),VIRGIN EXPRESS,A,C, 0 , 0 , 0 , 0 , 0 , 0 , 0 , 0 , 0 , 0 , 2 , 0 , 66 
08-Jan-2004 16:34,200103,EDINBURGH,FRANCE,PARIS (CHARLES DE GAULLE),VIRGIN EXPRESS,D,C, 0 , 0 , 0 , 0 , 0 , 0 , 0 , 0 , 0 , 0 , 2 , 50 , 14.5 
08-Jan-2004 16:34,200103,EDINBURGH,FRANCE,PARIS (ORLY),AIR FRANCE,A,C, 0 , 0 , 0 , 0 , 0 , 0 , 0 , 0 , 0 , 0 , 1 , 0 , 21 
08-Jan-2004 16:34,200103,EDINBURGH,FRANCE,PARIS (ORLY),AIR FRANCE,D,C, 0 , 0 , 0 , 0 , 0 , 0 , 0 , 0 , 0 , 0 , 1 , 100 , 10 
08-Jan-2004 16:34,200103,EDINBURGH,FRANCE,PARIS (ORLY),AIR LIB,A,C, 0 , 0 , 0 , 0 , 0 , 0 , 0 , 0 , 0 , 0 , 2 , 100 , 6.5 
08-Jan-2004 16:34,200103,EDINBURGH,FRANCE,PARIS (ORLY),AIR LIB,D,C, 0 , 0 , 0 , 0 , 0 , 0 , 0 , 0 , 0 , 0 , 2 , 50 , 14.5 
08-Jan-2004 16:34,200103,EDINBURGH,FRANCE,PAU,EUROWINGS LUFTVERKEHRS,A,C, 0 , 0 , 0 , 0 , 0 , 0 , 0 , 0 , 0 , 0 , 1 , 100 , 7 
08-Jan-2004 16:34,200103,EDINBURGH,FRANCE,PAU,EUROWINGS LUFTVERKEHRS,D,C, 0 , 0 , 0 , 0 , 0 , 0 , 0 , 0 , 0 , 0 , 1 , 100 , 11 
08-Jan-2004 16:34,200103,EDINBURGH,FRANCE,TOULOUSE (BLAGNAC),AERIS,A,C, 0 , 0 , 0 , 0 , 0 , 0 , 0 , 0 , 0 , 0 , 4 , 0 , 53 
08-Jan-2004 16:34,200103,EDINBURGH,FRANCE,TOULOUSE (BLAGNAC),AERIS,D,C, 0 , 0 , 0 , 0 , 0 , 0 , 0 , 0 , 0 , 0 , 4 , 0 , 106 
08-Jan-2004 16:34,200103,EDINBURGH,FRANCE,TOULOUSE (BLAGNAC),THOMAS COOK AIRLINES LTD,D,C, 0 , 0 , 0 , 0 , 0 , 0 , 0 , 0 , 0 , 0 , 1 , 100 , 8 
08-Jan-2004 16:34,200103,EDINBURGH,FRANCE,TOULOUSE (BLAGNAC),VIRGIN EXPRESS,A,C, 0 , 0 , 0 , 0 , 0 , 0 , 0 , 0 , 0 , 0 , 1 , 100 , 1 
08-Jan-2004 16:34,200103,EDINBURGH,FRANCE,TOULOUSE (BLAGNAC),VIRGIN EXPRESS,D,C, 0 , 0 , 0 , 0 , 0 , 0 , 0 , 0 , 0 , 0 , 1 , 0 , 76 
08-Jan-2004 16:34,200103,EDINBURGH,GERMANY,DUSSELDORF,BRITISH AIRWAYS PLC,A,S, 59 , 0 , 88.135593220339 , 6.77966101694915 , 1.69491525423729 , 1.69491525423729 , 1.69491525423729 , 0 , 9.06779661016949 , 2 , 18 , 88.8888888888889 , 8.05555555555556 
08-Jan-2004 16:34,200103,EDINBURGH,GERMANY,DUSSELDORF,BRITISH AIRWAYS PLC,D,S, 34 , 0 , 76.4705882352941 , 5.88235294117647 , 14.7058823529412 , 2.94117647058824 , 0 , 0 , 12.7647058823529 , 4 , 60 , 83.3333333333333 , 10.0166666666667 
08-Jan-2004 16:34,200103,EDINBURGH,GERMANY,FRANKFURT MAIN,BRITISH AIRWAYS PLC,A,S, 8 , 0 , 87.5 , 0 , 12.5 , 0 , 0 , 0 , 7 , 4 , 23 , 91.304347826087 , 6.60869565217391 
08-Jan-2004 16:34,200103,EDINBURGH,GERMANY,FRANKFURT MAIN,BRITISH AIRWAYS PLC,D,S, 22 , 0 , 77.2727272727273 , 13.6363636363636 , 4.54545454545455 , 4.54545454545455 , 0 , 0 , 11.4545454545455 , 1 , 0 , 0 , 0 
08-Jan-2004 16:34,200103,EDINBURGH,GERMANY,FRANKFURT MAIN,LUFTHANSA,A,S, 62 , 0 , 96.7741935483871 , 3.2258064516129 , 0 , 0 , 0 , 0 , 1.24193548387097 , 0 , 62 , 96.7741935483871 , 1.01612903225806 
08-Jan-2004 16:34,200103,EDINBURGH,GERMANY,FRANKFURT MAIN,LUFTHANSA,D,S, 62 , 0 , 79.0322580645161 , 16.1290322580645 , 3.2258064516129 , 1.61290322580645 , 0 , 0 , 10.0806451612903 , 0 , 62 , 74.1935483870968 , 11.7741935483871 
08-Jan-2004 16:34,200103,EDINBURGH,IRISH REPUBLIC,DUBLIN,AER LINGUS,A,S, 115 , 0 , 91.304347826087 , 2.60869565217391 , 4.34782608695652 , 1.73913043478261 , 0 , 0 , 6.2695652173913 , 0 , 102 , 79.4117647058823 , 9.14705882352941 
08-Jan-2004 16:34,200103,EDINBURGH,IRISH REPUBLIC,DUBLIN,AER LINGUS,D,S, 114 , 0 , 85.0877192982456 , 7.89473684210526 , 4.3859649122807 , 2.63157894736842 , 0 , 0 , 7.92105263157895 , 1 , 102 , 82.3529411764706 , 16.8921568627451 
08-Jan-2004 16:34,200103,EDINBURGH,ITALY,PISA,AIR ONE,A,C, 1 , 0 , 0 , 0 , 100 , 0 , 0 , 0 , 44 , 0 , 0 , 0 , 0 
08-Jan-2004 16:34,200103,EDINBURGH,ITALY,PISA,AIR ONE,D,C, 1 , 0 , 0 , 0 , 100 , 0 , 0 , 0 , 58 , 0 , 0 , 0 , 0 
08-Jan-2004 16:34,200103,EDINBURGH,ITALY,ROME (FIUMICINO),BRITISH AIRWAYS PLC,D,S, 16 , 0 , 68.75 , 18.75 , 6.25 , 6.25 , 0 , 0 , 13.1875 , 0 , 1 , 100 , 3 
08-Jan-2004 16:34,200103,EDINBURGH,NETHERLANDS,AMSTERDAM,EASYJET AIRLINE COMPANY LTD,A,S, 62 , 0 , 56.4516129032258 , 17.741935483871 , 20.9677419354839 , 3.2258064516129 , 1.61290322580645 , 0 , 21.3387096774194 , 0 , 0 , 0 , 0 
08-Jan-2004 16:34,200103,EDINBURGH,NETHERLANDS,AMSTERDAM,EASYJET AIRLINE COMPANY LTD,D,S, 62 , 0 , 64.5161290322581 , 14.5161290322581 , 9.67741935483871 , 9.67741935483871 , 1.61290322580645 , 0 , 23.3870967741935 , 0 , 0 , 0 , 0 
08-Jan-2004 16:34,200103,EDINBURGH,NETHERLANDS,AMSTERDAM,KLM UK LTD,A,S, 174 , 1 , 79.3103448275862 , 4.59770114942529 , 10.3448275862069 , 5.74712643678161 , 0 , 0 , 12.5689655172414 , 3 , 164 , 83.5365853658537 , 11.2256097560976 
08-Jan-2004 16:34,200103,EDINBURGH,NETHERLANDS,AMSTERDAM,KLM UK LTD,D,S, 174 , 1 , 71.2643678160919 , 12.0689655172414 , 8.62068965517241 , 8.04597701149425 , 0 , 0 , 16.6034482758621 , 3 , 164 , 76.219512195122 , 18.3109756097561 
08-Jan-2004 16:34,200103,EDINBURGH,NETHERLANDS,ROTTERDAM,BRITISH WORLD AIRLINES LTD,A,C, 0 , 0 , 0 , 0 , 0 , 0 , 0 , 0 , 0 , 0 , 2 , 100 , 5.5 
08-Jan-2004 16:34,200103,EDINBURGH,NETHERLANDS,ROTTERDAM,BRITISH WORLD AIRLINES LTD,D,C, 0 , 0 , 0 , 0 , 0 , 0 , 0 , 0 , 0 , 0 , 3 , 100 , 4.33333333333333 
08-Jan-2004 16:34,200103,EDINBURGH,NETHERLANDS,ROTTERDAM,EUROPEAN AIR CHARTER,A,C, 4 , 0 , 75 , 25 , 0 , 0 , 0 , 0 , 6.25 , 0 , 1 , 100 , 3 
08-Jan-2004 16:34,200103,EDINBURGH,NETHERLANDS,ROTTERDAM,EUROPEAN AIR CHARTER,D,C, 4 , 0 , 50 , 25 , 0 , 0 , 25 , 0 , 71.25 , 0 , 1 , 100 , 0 
08-Jan-2004 16:34,200103,EDINBURGH,NORWAY,STAVANGER,SAS,A,S, 0 , 1 , 0 , 0 , 0 , 0 , 0 , 0 , 0 , 0 , 0 , 0 , 0 
08-Jan-2004 16:34,200103,EDINBURGH,PORTUGAL(EXCLUDING MADEIRA),FARO,BMI BRITISH MIDLAND,A,C, 2 , 1 , 50 , 0 , 0 , 50 , 0 , 0 , 38 , 0 , 2 , 100 , 0 
08-Jan-2004 16:34,200103,EDINBURGH,PORTUGAL(EXCLUDING MADEIRA),FARO,BMI BRITISH MIDLAND,D,C, 3 , 1 , 100 , 0 , 0 , 0 , 0 , 0 , 4.33333333333333 , 0 , 2 , 100 , 0 
08-Jan-2004 16:34,200103,EDINBURGH,PORTUGAL(EXCLUDING MADEIRA),FARO,MY TRAVEL AIRWAYS UK,A,C, 0 , 0 , 0 , 0 , 0 , 0 , 0 , 0 , 0 , 0 , 3 , 33.3333333333333 , 42.6666666666667 
08-Jan-2004 16:34,200103,EDINBURGH,SPAIN,ALICANTE,BRITANNIA AIRWAYS,A,C, 4 , 0 , 100 , 0 , 0 , 0 , 0 , 0 , 3.5 , 0 , 4 , 50 , 20.5 
08-Jan-2004 16:34,200103,EDINBURGH,SPAIN,ALICANTE,BRITANNIA AIRWAYS,D,C, 4 , 0 , 100 , 0 , 0 , 0 , 0 , 0 , 1 , 0 , 4 , 50 , 13.5 
08-Jan-2004 16:34,200103,EDINBURGH,SPAIN,ALICANTE,MY TRAVEL AIRWAYS UK,A,C, 5 , 0 , 100 , 0 , 0 , 0 , 0 , 0 , 4.8 , 0 , 4 , 50 , 20.75 
08-Jan-2004 16:34,200103,EDINBURGH,SPAIN,ALICANTE,MY TRAVEL AIRWAYS UK,D,C, 5 , 0 , 100 , 0 , 0 , 0 , 0 , 0 , 0 , 0 , 4 , 75 , 11 
08-Jan-2004 16:34,200103,EDINBURGH,SPAIN,MADRID,AIR 2000,A,C, 1 , 0 , 100 , 0 , 0 , 0 , 0 , 0 , 5 , 0 , 0 , 0 , 0 
08-Jan-2004 16:34,200103,EDINBURGH,SPAIN,MADRID,AIR 2000,D,C, 1 , 0 , 0 , 100 , 0 , 0 , 0 , 0 , 16 , 0 , 0 , 0 , 0 
08-Jan-2004 16:34,200103,EDINBURGH,SPAIN,MADRID,BRITISH AIRWAYS PLC,A,S, 19 , 0 , 63.1578947368421 , 5.26315789473684 , 5.26315789473684 , 26.3157894736842 , 0 , 0 , 28.7368421052632 , 0 , 3 , 66.6666666666667 , 28 
08-Jan-2004 16:34,200103,EDINBURGH,SPAIN,MADRID,BRITISH AIRWAYS PLC,D,S, 23 , 0 , 91.304347826087 , 0 , 8.69565217391304 , 0 , 0 , 0 , 5.8695652173913 , 0 , 24 , 79.1666666666667 , 11.3333333333333 
08-Jan-2004 16:34,200103,EDINBURGH,SPAIN,MALAGA,MY TRAVEL AIRWAYS UK,A,C, 0 , 0 , 0 , 0 , 0 , 0 , 0 , 0 , 0 , 0 , 5 , 20 , 120.4 
08-Jan-2004 16:34,200103,EDINBURGH,SPAIN,MALAGA,MY TRAVEL AIRWAYS UK,D,C, 0 , 0 , 0 , 0 , 0 , 0 , 0 , 0 , 0 , 0 , 5 , 20 , 32 
08-Jan-2004 16:34,200103,EDINBURGH,SPAIN,PALMA DE MALLORCA,AIR EUROPA,A,C, 1 , 0 , 100 , 0 , 0 , 0 , 0 , 0 , 15 , 0 , 0 , 0 , 0 
08-Jan-2004 16:34,200103,EDINBURGH,SPAIN,PALMA DE MALLORCA,AIR EUROPA,D,C, 1 , 0 , 100 , 0 , 0 , 0 , 0 , 0 , 3 , 0 , 0 , 0 , 0 
08-Jan-2004 16:34,200103,EDINBURGH,SPAIN(CANARY ISLANDS),ARRECIFE,AIR EUROPA,A,C, 5 , 0 , 100 , 0 , 0 , 0 , 0 , 0 , 1.2 , 0 , 0 , 0 , 0 
08-Jan-2004 16:34,200103,EDINBURGH,SPAIN(CANARY ISLANDS),ARRECIFE,AIR EUROPA,D,C, 5 , 0 , 60 , 20 , 20 , 0 , 0 , 0 , 17 , 0 , 0 , 0 , 0 
08-Jan-2004 16:34,200103,EDINBURGH,SPAIN(CANARY ISLANDS),LAS PALMAS,SPANAIR,A,C, 4 , 0 , 50 , 50 , 0 , 0 , 0 , 0 , 11.25 , 0 , 0 , 0 , 0 
08-Jan-2004 16:34,200103,EDINBURGH,SPAIN(CANARY ISLANDS),LAS PALMAS,SPANAIR,D,C, 4 , 0 , 75 , 0 , 25 , 0 , 0 , 0 , 10.75 , 0 , 0 , 0 , 0 
08-Jan-2004 16:34,200103,EDINBURGH,SPAIN(CANARY ISLANDS),TENERIFE (SURREINA SOFIA),AIR EUROPA,A,C, 9 , 0 , 100 , 0 , 0 , 0 , 0 , 0 , 0.333333333333333 , 0 , 4 , 50 , 28 
08-Jan-2004 16:34,200103,EDINBURGH,SPAIN(CANARY ISLANDS),TENERIFE (SURREINA SOFIA),AIR EUROPA,D,C, 9 , 0 , 66.6666666666667 , 22.2222222222222 , 11.1111111111111 , 0 , 0 , 0 , 9.77777777777778 , 0 , 4 , 25 , 36.75 
08-Jan-2004 16:34,200103,EDINBURGH,SPAIN(CANARY ISLANDS),TENERIFE (SURREINA SOFIA),MY TRAVEL AIRWAYS UK,A,C, 0 , 0 , 0 , 0 , 0 , 0 , 0 , 0 , 0 , 0 , 4 , 50 , 47.75 
08-Jan-2004 16:34,200103,EDINBURGH,SWITZERLAND,GENEVA,BRITISH AIRWAYS PLC,A,C, 5 , 0 , 20 , 0 , 60 , 20 , 0 , 0 , 45 , 0 , 0 , 0 , 0 
08-Jan-2004 16:34,200103,EDINBURGH,SWITZERLAND,GENEVA,BRITISH AIRWAYS PLC,D,C, 5 , 0 , 0 , 60 , 40 , 0 , 0 , 0 , 32.4 , 0 , 0 , 0 , 0 
08-Jan-2004 16:34,200103,EDINBURGH,SWITZERLAND,GENEVA,FLYBE.BRITISH EUROPEAN,D,C, 1 , 0 , 0 , 0 , 0 , 100 , 0 , 0 , 94 , 0 , 0 , 0 , 0 
08-Jan-2004 16:34,200103,EDINBURGH,SWITZERLAND,ZURICH,SWISS AIRLINES,A,S, 26 , 0 , 11.5384615384615 , 11.5384615384615 , 57.6923076923077 , 19.2307692307692 , 0 , 0 , 43.3076923076923 , 0 , 31 , 6.45161290322581 , 36.9677419354839 
08-Jan-2004 16:34,200103,EDINBURGH,SWITZERLAND,ZURICH,SWISS AIRLINES,D,S, 26 , 0 , 11.5384615384615 , 15.3846153846154 , 50 , 23.0769230769231 , 0 , 0 , 44.3846153846154 , 0 , 31 , 29.0322580645161 , 29.0322580645161 
08-Jan-2004 16:34,200103,EDINBURGH,UNITED KINGDOM,ABERDEEN,BMI REGIONAL,A,S, 7 , 2 , 100 , 0 , 0 , 0 , 0 , 0 , 0.428571428571429 , 0 , 8 , 100 , 0.625 
08-Jan-2004 16:34,200103,EDINBURGH,UNITED KINGDOM,ABERDEEN,BMI REGIONAL,D,S, 7 , 2 , 57.1428571428571 , 28.5714285714286 , 14.2857142857143 , 0 , 0 , 0 , 14.7142857142857 , 0 , 8 , 87.5 , 11.125 
08-Jan-2004 16:34,200103,EDINBURGH,UNITED KINGDOM,ABERDEEN,EASTERN AIRWAYS,D,S, 0 , 1 , 0 , 0 , 0 , 0 , 0 , 0 , 0 , 0 , 0 , 0 , 0 
08-Jan-2004 16:34,200103,EDINBURGH,UNITED KINGDOM,BELFAST CITY,BRITISH REGIONAL AIRLINES LTD,A,S, 82 , 0 , 80.4878048780488 , 9.75609756097561 , 4.8780487804878 , 4.8780487804878 , 0 , 0 , 10.4146341463415 , 0 , 81 , 86.4197530864197 , 7 
08-Jan-2004 16:34,200103,EDINBURGH,UNITED KINGDOM,BELFAST CITY,BRITISH REGIONAL AIRLINES LTD,D,S, 82 , 0 , 79.2682926829268 , 6.09756097560976 , 7.31707317073171 , 6.09756097560976 , 1.21951219512195 , 0 , 14.109756097561 , 0 , 81 , 90.1234567901235 , 5.16049382716049 
08-Jan-2004 16:34,200103,EDINBURGH,UNITED KINGDOM,BELFAST INTERNATIONAL,BRITISH REGIONAL AIRLINES LTD,A,S, 46 , 0 , 86.9565217391304 , 6.52173913043478 , 2.17391304347826 , 4.34782608695652 , 0 , 0 , 8.52173913043478 , 0 , 48 , 85.4166666666667 , 8.25 
08-Jan-2004 16:34,200103,EDINBURGH,UNITED KINGDOM,BELFAST INTERNATIONAL,BRITISH REGIONAL AIRLINES LTD,D,S, 45 , 0 , 71.1111111111111 , 11.1111111111111 , 8.88888888888889 , 8.88888888888889 , 0 , 0 , 18.3555555555556 , 0 , 48 , 81.25 , 10.3958333333333 
08-Jan-2004 16:34,200103,EDINBURGH,UNITED KINGDOM,BIRMINGHAM,BRITISH AIRWAYS PLC,A,S, 111 , 1 , 85.5855855855856 , 7.20720720720721 , 6.30630630630631 , 0 , 0.900900900900901 , 0 , 8.40540540540541 , 0 , 187 , 86.096256684492 , 7.28877005347594 
08-Jan-2004 16:34,200103,EDINBURGH,UNITED KINGDOM,BIRMINGHAM,BRITISH AIRWAYS PLC,D,S, 116 , 1 , 77.5862068965517 , 8.62068965517241 , 5.17241379310345 , 8.62068965517241 , 0 , 0 , 15.8275862068966 , 2 , 128 , 90.625 , 5.078125 
08-Jan-2004 16:34,200103,EDINBURGH,UNITED KINGDOM,BIRMINGHAM,FLYBE.BRITISH EUROPEAN,A,S, 107 , 0 , 80.3738317757009 , 8.41121495327103 , 8.41121495327103 , 2.80373831775701 , 0 , 0 , 9.76635514018692 , 3 , 0 , 0 , 0 
08-Jan-2004 16:34,200103,EDINBURGH,UNITED KINGDOM,BIRMINGHAM,FLYBE.BRITISH EUROPEAN,D,S, 107 , 0 , 71.0280373831776 , 15.8878504672897 , 9.34579439252336 , 3.73831775700935 , 0 , 0 , 12.4205607476636 , 3 , 0 , 0 , 0 
08-Jan-2004 16:34,200103,EDINBURGH,UNITED KINGDOM,BOURNEMOUTH,EUROPEAN AIR CHARTER,A,C, 0 , 1 , 0 , 0 , 0 , 0 , 0 , 0 , 0 , 0 , 0 , 0 , 0 
08-Jan-2004 16:34,200103,EDINBURGH,UNITED KINGDOM,BOURNEMOUTH,GILL AIRWAYS,A,S, 0 , 0 , 0 , 0 , 0 , 0 , 0 , 0 , 0 , 18 , 20 , 75 , 19.65 
08-Jan-2004 16:34,200103,EDINBURGH,UNITED KINGDOM,BOURNEMOUTH,GILL AIRWAYS,D,S, 0 , 0 , 0 , 0 , 0 , 0 , 0 , 0 , 0 , 17 , 18 , 72.2222222222222 , 8.61111111111111 
08-Jan-2004 16:34,200103,EDINBURGH,UNITED KINGDOM,BRISTOL,BRITISH AIRWAYS CITIEXPRESS LTD,A,S, 121 , 2 , 57.0247933884298 , 16.5289256198347 , 10.7438016528926 , 14.0495867768595 , 1.65289256198347 , 0 , 28.0413223140496 , 0 , 130 , 65.3846153846154 , 20.7461538461538 
08-Jan-2004 16:34,200103,EDINBURGH,UNITED KINGDOM,BRISTOL,BRITISH AIRWAYS CITIEXPRESS LTD,D,S, 114 , 2 , 63.1578947368421 , 14.9122807017544 , 9.64912280701754 , 9.64912280701754 , 2.63157894736842 , 0 , 27.4736842105263 , 0 , 134 , 65.6716417910448 , 21.0746268656716 
08-Jan-2004 16:34,200103,EDINBURGH,UNITED KINGDOM,CARDIFF WALES,BRITISH REGIONAL AIRLINES LTD,A,S, 64 , 3 , 79.6875 , 7.8125 , 6.25 , 6.25 , 0 , 0 , 13.078125 , 0 , 71 , 78.8732394366197 , 9.28169014084507 
08-Jan-2004 16:34,200103,EDINBURGH,UNITED KINGDOM,CARDIFF WALES,BRITISH REGIONAL AIRLINES LTD,D,S, 64 , 3 , 68.75 , 7.8125 , 10.9375 , 12.5 , 0 , 0 , 22.71875 , 0 , 69 , 76.8115942028985 , 9.42028985507246 
08-Jan-2004 16:34,200103,EDINBURGH,UNITED KINGDOM,CARDIFF WALES,EUROPEAN AIR CHARTER,A,C, 0 , 0 , 0 , 0 , 0 , 0 , 0 , 0 , 0 , 0 , 1 , 100 , 9 
08-Jan-2004 16:34,200103,EDINBURGH,UNITED KINGDOM,CARDIFF WALES,EUROPEAN AIR CHARTER,D,C, 0 , 0 , 0 , 0 , 0 , 0 , 0 , 0 , 0 , 0 , 1 , 100 , 2 
08-Jan-2004 16:34,200103,EDINBURGH,UNITED KINGDOM,EAST MIDLANDS,BENAIR A/S,D,S, 0 , 1 , 0 , 0 , 0 , 0 , 0 , 0 , 0 , 0 , 0 , 0 , 0 
08-Jan-2004 16:34,200103,EDINBURGH,UNITED KINGDOM,EAST MIDLANDS,BMI BRITISH MIDLAND,A,S, 75 , 0 , 88 , 5.33333333333333 , 0 , 6.66666666666667 , 0 , 0 , 9.85333333333333 , 0 , 97 , 88.659793814433 , 8.90721649484536 
08-Jan-2004 16:34,200103,EDINBURGH,UNITED KINGDOM,EAST MIDLANDS,BMI BRITISH MIDLAND,D,S, 75 , 0 , 85.3333333333333 , 5.33333333333333 , 2.66666666666667 , 6.66666666666667 , 0 , 0 , 10.9733333333333 , 0 , 97 , 82.4742268041237 , 13.360824742268 
08-Jan-2004 16:34,200103,EDINBURGH,UNITED KINGDOM,GATWICK,BRITISH AIRWAYS (EURO OPS) LGW,A,S, 166 , 1 , 79.5180722891566 , 6.02409638554217 , 7.83132530120482 , 4.81927710843374 , 1.80722891566265 , 0 , 16.0120481927711 , 0 , 168 , 88.6904761904762 , 5.83928571428571 
08-Jan-2004 16:34,200103,EDINBURGH,UNITED KINGDOM,GATWICK,BRITISH AIRWAYS (EURO OPS) LGW,D,S, 165 , 1 , 69.0909090909091 , 13.9393939393939 , 9.09090909090909 , 7.27272727272727 , 0.606060606060606 , 0 , 20.5090909090909 , 0 , 168 , 87.5 , 7.04761904761905 
08-Jan-2004 16:34,200103,EDINBURGH,UNITED KINGDOM,GLASGOW,BMI BRITISH MIDLAND,A,S, 30 , 0 , 100 , 0 , 0 , 0 , 0 , 0 , 3.8 , 1 , 31 , 93.5483870967742 , 5.16129032258065 
08-Jan-2004 16:34,200103,EDINBURGH,UNITED KINGDOM,GLASGOW,BMI BRITISH MIDLAND,D,S, 35 , 0 , 82.8571428571429 , 2.85714285714286 , 5.71428571428571 , 8.57142857142857 , 0 , 0 , 14.6 , 1 , 35 , 80 , 9.54285714285714 
08-Jan-2004 16:34,200103,EDINBURGH,UNITED KINGDOM,GLASGOW,BRITISH AIRWAYS CITIEXPRESS LTD,D,S, 0 , 1 , 0 , 0 , 0 , 0 , 0 , 0 , 0 , 0 , 0 , 0 , 0 
08-Jan-2004 16:34,200103,EDINBURGH,UNITED KINGDOM,GLASGOW,GO FLY LTD,D,S, 0 , 1 , 0 , 0 , 0 , 0 , 0 , 0 , 0 , 0 , 0 , 0 , 0 
08-Jan-2004 16:34,200103,EDINBURGH,UNITED KINGDOM,GLASGOW,SCOT AIRWAYS,D,S, 0 , 2 , 0 , 0 , 0 , 0 , 0 , 0 , 0 , 0 , 0 , 0 , 0 
08-Jan-2004 16:34,200103,EDINBURGH,UNITED KINGDOM,GUERNSEY,BRITISH AIRWAYS CITIEXPRESS LTD,D,S, 3 , 0 , 33.3333333333333 , 0 , 33.3333333333333 , 33.3333333333333 , 0 , 0 , 44 , 0 , 7 , 57.1428571428571 , 24.4285714285714 
08-Jan-2004 16:34,200103,EDINBURGH,UNITED KINGDOM,HEATHROW,BMI BRITISH MIDLAND,A,S, 239 , 0 , 70.7112970711297 , 13.3891213389121 , 12.9707112970711 , 2.92887029288703 , 0 , 0 , 13.3389121338912 , 23 , 253 , 71.9367588932806 , 14.2766798418972 
08-Jan-2004 16:34,200103,EDINBURGH,UNITED KINGDOM,HEATHROW,BMI BRITISH MIDLAND,D,S, 237 , 0 , 74.2616033755274 , 12.6582278481013 , 10.5485232067511 , 2.53164556962025 , 0 , 0 , 11.3881856540084 , 23 , 252 , 72.2222222222222 , 15.1230158730159 
08-Jan-2004 16:34,200103,EDINBURGH,UNITED KINGDOM,HEATHROW,BRITISH AIRWAYS PLC,A,S, 331 , 1 , 71.6012084592145 , 12.0845921450151 , 8.76132930513595 , 7.25075528700906 , 0.302114803625378 , 0 , 16.2326283987915 , 0 , 333 , 81.0810810810811 , 9.89489489489489 
08-Jan-2004 16:34,200103,EDINBURGH,UNITED KINGDOM,HEATHROW,BRITISH AIRWAYS PLC,D,S, 328 , 2 , 75.609756097561 , 7.6219512195122 , 7.6219512195122 , 8.84146341463415 , 0.304878048780488 , 0 , 16.7713414634146 , 3 , 333 , 75.975975975976 , 12.1051051051051 
08-Jan-2004 16:34,200103,EDINBURGH,UNITED KINGDOM,HUMBERSIDE,EASTERN AIRWAYS,A,S, 0 , 1 , 0 , 0 , 0 , 0 , 0 , 0 , 0 , 0 , 0 , 0 , 0 
08-Jan-2004 16:34,200103,EDINBURGH,UNITED KINGDOM,INVERNESS,AIR JET,A,C, 0 , 0 , 0 , 0 , 0 , 0 , 0 , 0 , 0 , 0 , 1 , 0 , 39 
08-Jan-2004 16:34,200103,EDINBURGH,UNITED KINGDOM,INVERNESS,HELIOS AIRWAYS LTD,A,C, 0 , 1 , 0 , 0 , 0 , 0 , 0 , 0 , 0 , 0 , 0 , 0 , 0 
08-Jan-2004 16:34,200103,EDINBURGH,UNITED KINGDOM,JERSEY,AIR LUXOR,A,C, 0 , 1 , 0 , 0 , 0 , 0 , 0 , 0 , 0 , 0 , 0 , 0 , 0 
08-Jan-2004 16:34,200103,EDINBURGH,UNITED KINGDOM,JERSEY,BMI BRITISH MIDLAND,A,C, 1 , 0 , 100 , 0 , 0 , 0 , 0 , 0 , 0 , 0 , 0 , 0 , 0 
08-Jan-2004 16:34,200103,EDINBURGH,UNITED KINGDOM,JERSEY,BMI BRITISH MIDLAND,D,C, 1 , 0 , 100 , 0 , 0 , 0 , 0 , 0 , 0 , 0 , 0 , 0 , 0 
08-Jan-2004 16:34,200103,EDINBURGH,UNITED KINGDOM,JERSEY,BRITISH AIRWAYS CITIEXPRESS LTD,A,S, 0 , 0 , 0 , 0 , 0 , 0 , 0 , 0 , 0 , 0 , 4 , 75 , 23.25 
08-Jan-2004 16:34,200103,EDINBURGH,UNITED KINGDOM,KIRKWALL,LOGANAIR,A,S, 58 , 0 , 79.3103448275862 , 5.17241379310345 , 10.3448275862069 , 5.17241379310345 , 0 , 0 , 10.9137931034483 , 0 , 43 , 86.046511627907 , 7.13953488372093 
08-Jan-2004 16:34,200103,EDINBURGH,UNITED KINGDOM,KIRKWALL,LOGANAIR,D,S, 48 , 0 , 52.0833333333333 , 16.6666666666667 , 16.6666666666667 , 12.5 , 2.08333333333333 , 0 , 32.1458333333333 , 0 , 43 , 86.046511627907 , 9.09302325581395 
08-Jan-2004 16:34,200103,EDINBURGH,UNITED KINGDOM,LEEDS BRADFORD,BMI REGIONAL,A,S, 65 , 0 , 84.6153846153846 , 4.61538461538462 , 3.07692307692308 , 6.15384615384615 , 1.53846153846154 , 0 , 15.2153846153846 , 0 , 69 , 91.304347826087 , 4.69565217391304 
08-Jan-2004 16:34,200103,EDINBURGH,UNITED KINGDOM,LEEDS BRADFORD,BMI REGIONAL,D,S, 64 , 0 , 82.8125 , 9.375 , 4.6875 , 1.5625 , 1.5625 , 0 , 12.21875 , 0 , 69 , 89.8550724637681 , 7.47826086956522 
08-Jan-2004 16:34,200103,EDINBURGH,UNITED KINGDOM,LONDON CITY,FLYBE.BRITISH EUROPEAN,A,S, 143 , 0 , 90.2097902097902 , 2.0979020979021 , 6.29370629370629 , 1.3986013986014 , 0 , 0 , 5.32167832167832 , 1 , 72 , 77.7777777777778 , 18.6388888888889 
08-Jan-2004 16:34,200103,EDINBURGH,UNITED KINGDOM,LONDON CITY,FLYBE.BRITISH EUROPEAN,D,S, 140 , 0 , 85 , 8.57142857142857 , 3.57142857142857 , 2.85714285714286 , 0 , 0 , 8.1 , 4 , 71 , 67.6056338028169 , 21.9718309859155 
08-Jan-2004 16:34,200103,EDINBURGH,UNITED KINGDOM,LONDON CITY,SCOT AIRWAYS,A,S, 213 , 0 , 66.1971830985916 , 19.2488262910798 , 11.2676056338028 , 2.8169014084507 , 0.469483568075117 , 0 , 17.0610328638498 , 15 , 75 , 44 , 22.8533333333333 
08-Jan-2004 16:34,200103,EDINBURGH,UNITED KINGDOM,LONDON CITY,SCOT AIRWAYS,D,S, 215 , 0 , 84.1860465116279 , 8.37209302325581 , 2.7906976744186 , 4.65116279069767 , 0 , 0 , 9.06511627906977 , 13 , 79 , 86.0759493670886 , 9.93670886075949 
08-Jan-2004 16:34,200103,EDINBURGH,UNITED KINGDOM,LUTON,EASYJET AIRLINE COMPANY LTD,A,S, 173 , 1 , 53.1791907514451 , 17.9190751445087 , 18.4971098265896 , 9.82658959537572 , 0.578034682080925 , 0 , 23.9306358381503 , 4 , 141 , 75.177304964539 , 15.2624113475177 
08-Jan-2004 16:34,200103,EDINBURGH,UNITED KINGDOM,LUTON,EASYJET AIRLINE COMPANY LTD,D,S, 175 , 0 , 46.8571428571429 , 17.1428571428571 , 17.7142857142857 , 18.2857142857143 , 0 , 0 , 28.8628571428571 , 2 , 140 , 72.8571428571429 , 18.4214285714286 
08-Jan-2004 16:34,200103,EDINBURGH,UNITED KINGDOM,MANCHESTER,BMI REGIONAL,A,S, 99 , 2 , 70.7070707070707 , 14.1414141414141 , 12.1212121212121 , 3.03030303030303 , 0 , 0 , 13.1212121212121 , 0 , 80 , 72.5 , 12.95 
08-Jan-2004 16:34,200103,EDINBURGH,UNITED KINGDOM,MANCHESTER,BMI REGIONAL,D,S, 99 , 2 , 84.8484848484849 , 5.05050505050505 , 7.07070707070707 , 3.03030303030303 , 0 , 0 , 8.12121212121212 , 0 , 78 , 70.5128205128205 , 16.1666666666667 
08-Jan-2004 16:34,200103,EDINBURGH,UNITED KINGDOM,MANCHESTER,BRITISH AIRWAYS CITIEXPRESS LTD,A,S, 0 , 1 , 0 , 0 , 0 , 0 , 0 , 0 , 0 , 0 , 84 , 88.0952380952381 , 7.01190476190476 
08-Jan-2004 16:34,200103,EDINBURGH,UNITED KINGDOM,MANCHESTER,BRITISH AIRWAYS CITIEXPRESS LTD,D,S, 0 , 0 , 0 , 0 , 0 , 0 , 0 , 0 , 0 , 0 , 79 , 86.0759493670886 , 7.49367088607595 
08-Jan-2004 16:34,200103,EDINBURGH,UNITED KINGDOM,MANCHESTER,BRITISH AIRWAYS PLC,A,S, 143 , 1 , 64.3356643356643 , 15.3846153846154 , 9.79020979020979 , 10.4895104895105 , 0 , 0 , 20.3286713286713 , 4 , 50 , 64 , 15.4 
08-Jan-2004 16:34,200103,EDINBURGH,UNITED KINGDOM,MANCHESTER,BRITISH AIRWAYS PLC,D,S, 129 , 0 , 68.2170542635659 , 7.75193798449612 , 13.953488372093 , 10.077519379845 , 0 , 0 , 21.4418604651163 , 4 , 70 , 84.2857142857143 , 9.11428571428571 
08-Jan-2004 16:34,200103,EDINBURGH,UNITED KINGDOM,NORWICH,EASTERN AIRWAYS,A,S, 87 , 0 , 81.6091954022989 , 11.4942528735632 , 2.29885057471264 , 3.44827586206897 , 1.14942528735632 , 0 , 11.6781609195402 , 2 , 0 , 0 , 0 
08-Jan-2004 16:34,200103,EDINBURGH,UNITED KINGDOM,NORWICH,EASTERN AIRWAYS,D,S, 87 , 0 , 80.4597701149425 , 12.6436781609195 , 4.59770114942529 , 1.14942528735632 , 1.14942528735632 , 0 , 12.7816091954023 , 2 , 0 , 0 , 0 
08-Jan-2004 16:34,200103,EDINBURGH,UNITED KINGDOM,NORWICH,SCOT AIRWAYS,A,S, 0 , 0 , 0 , 0 , 0 , 0 , 0 , 0 , 0 , 0 , 39 , 61.5384615384615 , 21.2820512820513 
08-Jan-2004 16:34,200103,EDINBURGH,UNITED KINGDOM,NORWICH,SCOT AIRWAYS,D,S, 0 , 0 , 0 , 0 , 0 , 0 , 0 , 0 , 0 , 0 , 37 , 70.2702702702703 , 19.4864864864865 
08-Jan-2004 16:34,200103,EDINBURGH,UNITED KINGDOM,PLYMOUTH,BRITISH AIRWAYS CITIEXPRESS LTD,A,S, 3 , 0 , 66.6666666666667 , 33.3333333333333 , 0 , 0 , 0 , 0 , 7.66666666666667 , 0 , 1 , 100 , 0 
08-Jan-2004 16:34,200103,EDINBURGH,UNITED KINGDOM,SOUTHAMPTON,BRITISH REGIONAL AIRLINES LTD,A,S, 98 , 1 , 88.7755102040816 , 4.08163265306122 , 5.10204081632653 , 2.04081632653061 , 0 , 0 , 7.62244897959184 , 0 , 102 , 81.3725490196078 , 11.9705882352941 
08-Jan-2004 16:34,200103,EDINBURGH,UNITED KINGDOM,SOUTHAMPTON,BRITISH REGIONAL AIRLINES LTD,D,S, 98 , 1 , 73.469387755102 , 13.265306122449 , 8.16326530612245 , 5.10204081632653 , 0 , 0 , 13.9489795918367 , 0 , 102 , 74.5098039215686 , 12.3823529411765 
08-Jan-2004 16:34,200103,EDINBURGH,UNITED KINGDOM,STANSTED,GO FLY LTD,A,S, 192 , 1 , 79.6875 , 5.72916666666667 , 8.85416666666667 , 5.72916666666667 , 0 , 0 , 12.1770833333333 , 3 , 182 , 82.4175824175824 , 8.2032967032967 
08-Jan-2004 16:34,200103,EDINBURGH,UNITED KINGDOM,STANSTED,GO FLY LTD,D,S, 192 , 0 , 81.25 , 7.8125 , 7.29166666666667 , 3.64583333333333 , 0 , 0 , 10.5208333333333 , 3 , 179 , 76.536312849162 , 13.8938547486034 
08-Jan-2004 16:34,200103,EDINBURGH,UNITED KINGDOM,STANSTED,KLM UK LTD,A,S, 0 , 0 , 0 , 0 , 0 , 0 , 0 , 0 , 0 , 0 , 86 , 88.3720930232558 , 4.90697674418605 
08-Jan-2004 16:34,200103,EDINBURGH,UNITED KINGDOM,STANSTED,KLM UK LTD,D,S, 0 , 0 , 0 , 0 , 0 , 0 , 0 , 0 , 0 , 0 , 88 , 89.7727272727273 , 6.20454545454545 
08-Jan-2004 16:34,200103,EDINBURGH,UNITED KINGDOM,STORNOWAY,LOGANAIR,A,S, 24 , 0 , 66.6666666666667 , 12.5 , 4.16666666666667 , 16.6666666666667 , 0 , 0 , 22.125 , 0 , 23 , 86.9565217391304 , 5.30434782608696 
08-Jan-2004 16:34,200103,EDINBURGH,UNITED KINGDOM,STORNOWAY,LOGANAIR,D,S, 27 , 0 , 77.7777777777778 , 7.40740740740741 , 7.40740740740741 , 7.40740740740741 , 0 , 0 , 15.1481481481481 , 0 , 23 , 100 , 1.30434782608696 
08-Jan-2004 16:34,200103,EDINBURGH,UNITED KINGDOM,SUMBURGH,LOGANAIR,A,S, 26 , 0 , 76.9230769230769 , 3.84615384615385 , 7.69230769230769 , 11.5384615384615 , 0 , 0 , 15.1538461538462 , 0 , 24 , 95.8333333333333 , 1.45833333333333 
08-Jan-2004 16:34,200103,EDINBURGH,UNITED KINGDOM,SUMBURGH,LOGANAIR,D,S, 36 , 0 , 55.5555555555556 , 16.6666666666667 , 11.1111111111111 , 13.8888888888889 , 2.77777777777778 , 0 , 32.0555555555556 , 0 , 28 , 85.7142857142857 , 7.14285714285714 
08-Jan-2004 16:34,200103,GATWICK,ALBANIA,TIRANA,EXCEL AIRWAYS LTD,A,C, 1 , 0 , 0 , 0 , 100 , 0 , 0 , 0 , 47 , 0 , 0 , 0 , 0 
08-Jan-2004 16:34,200103,GATWICK,ALBANIA,TIRANA,EXCEL AIRWAYS LTD,D,C, 1 , 0 , 100 , 0 , 0 , 0 , 0 , 0 , 0 , 0 , 0 , 0 , 0 
08-Jan-2004 16:34,200103,GATWICK,ALBANIA,TIRANA,THOMAS COOK AIRLINES LTD,A,C, 1 , 0 , 0 , 0 , 0 , 100 , 0 , 0 , 72 , 0 , 0 , 0 , 0 
08-Jan-2004 16:34,200103,GATWICK,ALBANIA,TIRANA,THOMAS COOK AIRLINES LTD,D,C, 1 , 0 , 100 , 0 , 0 , 0 , 0 , 0 , 9 , 0 , 0 , 0 , 0 
08-Jan-2004 16:34,200103,GATWICK,ALGERIA,HASSI MESSAOUD,AIR ALGERIE,A,C, 0 , 0 , 0 , 0 , 0 , 0 , 0 , 0 , 0 , 0 , 10 , 80 , 29.5 
08-Jan-2004 16:34,200103,GATWICK,ALGERIA,HASSI MESSAOUD,AIR ALGERIE,D,C, 0 , 0 , 0 , 0 , 0 , 0 , 0 , 0 , 0 , 0 , 10 , 70 , 18.2 
08-Jan-2004 16:34,200103,GATWICK,ALGERIA,HASSI MESSAOUD,ANTINEA AIRLINES,A,C, 9 , 0 , 100 , 0 , 0 , 0 , 0 , 0 , 1.55555555555556 , 0 , 0 , 0 , 0 
08-Jan-2004 16:34,200103,GATWICK,ALGERIA,HASSI MESSAOUD,ANTINEA AIRLINES,D,C, 9 , 0 , 88.8888888888889 , 0 , 11.1111111111111 , 0 , 0 , 0 , 9.66666666666667 , 0 , 0 , 0 , 0 
08-Jan-2004 16:34,200103,GATWICK,ALGERIA,HASSI MESSAOUD,EXCEL AIRWAYS LTD,A,C, 0 , 0 , 0 , 0 , 0 , 0 , 0 , 0 , 0 , 0 , 4 , 50 , 31 
08-Jan-2004 16:34,200103,GATWICK,ALGERIA,HASSI MESSAOUD,EXCEL AIRWAYS LTD,D,C, 0 , 0 , 0 , 0 , 0 , 0 , 0 , 0 , 0 , 0 , 4 , 50 , 10.75 
08-Jan-2004 16:34,200103,GATWICK,ALGERIA,HASSI MESSAOUD,VIRGIN ATLANTIC AIRWAYS LTD,A,C, 4 , 0 , 50 , 50 , 0 , 0 , 0 , 0 , 13.5 , 0 , 0 , 0 , 0 
08-Jan-2004 16:34,200103,GATWICK,ALGERIA,HASSI MESSAOUD,VIRGIN ATLANTIC AIRWAYS LTD,D,C, 4 , 0 , 100 , 0 , 0 , 0 , 0 , 0 , 3.25 , 0 , 0 , 0 , 0 
08-Jan-2004 16:34,200103,GATWICK,ANTIGUA AND BARBUDA,ANTIGUA,AIR 2000,A,C, 2 , 0 , 0 , 0 , 50 , 50 , 0 , 0 , 51 , 0 , 4 , 0 , 56.75 
08-Jan-2004 16:34,200103,GATWICK,ANTIGUA AND BARBUDA,ANTIGUA,AIR 2000,D,C, 5 , 0 , 40 , 40 , 0 , 0 , 20 , 0 , 54.2 , 0 , 9 , 66.6666666666667 , 21.3333333333333 
08-Jan-2004 16:34,200103,GATWICK,ANTIGUA AND BARBUDA,ANTIGUA,BRITANNIA AIRWAYS,A,C, 0 , 0 , 0 , 0 , 0 , 0 , 0 , 0 , 0 , 0 , 5 , 20 , 21.4 
08-Jan-2004 16:34,200103,GATWICK,ANTIGUA AND BARBUDA,ANTIGUA,BRITISH AIRWAYS PLC,A,S, 0 , 0 , 0 , 0 , 0 , 0 , 0 , 0 , 0 , 0 , 4 , 50 , 20.5 
08-Jan-2004 16:34,200103,GATWICK,ANTIGUA AND BARBUDA,ANTIGUA,BRITISH AIRWAYS PLC,D,S, 0 , 0 , 0 , 0 , 0 , 0 , 0 , 0 , 0 , 0 , 4 , 25 , 22.75 
08-Jan-2004 16:34,200103,GATWICK,ANTIGUA AND BARBUDA,ANTIGUA,CALEDONIAN AIRWAYS,A,C, 0 , 0 , 0 , 0 , 0 , 0 , 0 , 0 , 0 , 0 , 7 , 71.4285714285714 , 27.8571428571429 
08-Jan-2004 16:34,200103,GATWICK,ANTIGUA AND BARBUDA,ANTIGUA,THOMAS COOK AIRLINES LTD,A,C, 7 , 0 , 71.4285714285714 , 0 , 0 , 14.2857142857143 , 14.2857142857143 , 0 , 53.7142857142857 , 0 , 0 , 0 , 0 
08-Jan-2004 16:34,200103,GATWICK,ANTIGUA AND BARBUDA,ANTIGUA,VIRGIN ATLANTIC AIRWAYS LTD,A,S, 5 , 0 , 100 , 0 , 0 , 0 , 0 , 0 , 2.2 , 0 , 9 , 22.2222222222222 , 89.3333333333333 
08-Jan-2004 16:34,200103,GATWICK,ANTIGUA AND BARBUDA,ANTIGUA,VIRGIN ATLANTIC AIRWAYS LTD,D,S, 4 , 0 , 100 , 0 , 0 , 0 , 0 , 0 , 4 , 0 , 10 , 10 , 91.8 
08-Jan-2004 16:34,200103,GATWICK,ARGENTINA,BUENOS AIRES,BRITISH AIRWAYS PLC,A,S, 22 , 0 , 95.4545454545455 , 4.54545454545455 , 0 , 0 , 0 , 0 , 2 , 0 , 0 , 0 , 0 
08-Jan-2004 16:34,200103,GATWICK,ARGENTINA,BUENOS AIRES,BRITISH AIRWAYS PLC,D,S, 23 , 0 , 82.6086956521739 , 4.34782608695652 , 0 , 13.0434782608696 , 0 , 0 , 14.695652173913 , 0 , 0 , 0 , 0 
08-Jan-2004 16:34,200103,GATWICK,AUSTRALIA,SYDNEY,MY TRAVEL AIRWAYS UK,A,C, 1 , 0 , 0 , 0 , 0 , 0 , 0 , 100 , 687 , 0 , 3 , 66.6666666666667 , 5.66666666666667 
08-Jan-2004 16:34,200103,GATWICK,AUSTRALIA,SYDNEY,MY TRAVEL AIRWAYS UK,D,C, 0 , 0 , 0 , 0 , 0 , 0 , 0 , 0 , 0 , 0 , 2 , 0 , 85.5 
08-Jan-2004 16:34,200103,GATWICK,AUSTRIA,INNSBRUCK,AIR 2000,A,C, 10 , 0 , 40 , 10 , 20 , 30 , 0 , 0 , 48.9 , 0 , 8 , 25 , 60.25 
08-Jan-2004 16:34,200103,GATWICK,AUSTRIA,INNSBRUCK,AIR 2000,D,C, 10 , 0 , 30 , 40 , 30 , 0 , 0 , 0 , 22.7 , 0 , 8 , 37.5 , 49 
08-Jan-2004 16:34,200103,GATWICK,AUSTRIA,INNSBRUCK,CALEDONIAN AIRWAYS,A,C, 0 , 0 , 0 , 0 , 0 , 0 , 0 , 0 , 0 , 0 , 11 , 36.3636363636364 , 68.7272727272727 
08-Jan-2004 16:34,200103,GATWICK,AUSTRIA,INNSBRUCK,CALEDONIAN AIRWAYS,D,C, 0 , 0 , 0 , 0 , 0 , 0 , 0 , 0 , 0 , 0 , 11 , 63.6363636363636 , 28.0909090909091 
08-Jan-2004 16:34,200103,GATWICK,AUSTRIA,INNSBRUCK,CITY FLYER EXPRESS,A,C, 9 , 0 , 22.2222222222222 , 44.4444444444444 , 11.1111111111111 , 22.2222222222222 , 0 , 0 , 32.8888888888889 , 0 , 0 , 0 , 0 
08-Jan-2004 16:34,200103,GATWICK,AUSTRIA,INNSBRUCK,CITY FLYER EXPRESS,D,C, 10 , 0 , 70 , 10 , 10 , 10 , 0 , 0 , 18.5 , 0 , 0 , 0 , 0 
08-Jan-2004 16:34,200103,GATWICK,AUSTRIA,INNSBRUCK,MY TRAVEL AIRWAYS UK,A,C, 4 , 0 , 25 , 50 , 25 , 0 , 0 , 0 , 24 , 0 , 0 , 0 , 0 
08-Jan-2004 16:34,200103,GATWICK,AUSTRIA,INNSBRUCK,MY TRAVEL AIRWAYS UK,D,C, 4 , 0 , 75 , 25 , 0 , 0 , 0 , 0 , 7 , 0 , 0 , 0 , 0 
08-Jan-2004 16:34,200103,GATWICK,AUSTRIA,INNSBRUCK,THOMAS COOK AIRLINES LTD,A,C, 10 , 0 , 20 , 10 , 60 , 10 , 0 , 0 , 38.8 , 0 , 0 , 0 , 0 
08-Jan-2004 16:34,200103,GATWICK,AUSTRIA,INNSBRUCK,THOMAS COOK AIRLINES LTD,D,C, 10 , 0 , 90 , 10 , 0 , 0 , 0 , 0 , 5.9 , 0 , 0 , 0 , 0 
08-Jan-2004 16:34,200103,GATWICK,AUSTRIA,KLAGENFURT,FLYBE.BRITISH EUROPEAN,A,C, 4 , 0 , 100 , 0 , 0 , 0 , 0 , 0 , 0 , 0 , 0 , 0 , 0 
08-Jan-2004 16:34,200103,GATWICK,AUSTRIA,KLAGENFURT,FLYBE.BRITISH EUROPEAN,D,C, 4 , 0 , 100 , 0 , 0 , 0 , 0 , 0 , 4.5 , 0 , 0 , 0 , 0 
08-Jan-2004 16:34,200103,GATWICK,AUSTRIA,SALZBURG,AIR 2000,A,C, 5 , 0 , 20 , 20 , 40 , 20 , 0 , 0 , 40.2 , 0 , 4 , 0 , 96.75 
08-Jan-2004 16:34,200103,GATWICK,AUSTRIA,SALZBURG,AIR 2000,D,C, 5 , 0 , 60 , 40 , 0 , 0 , 0 , 0 , 9.8 , 0 , 4 , 75 , 68.5 
08-Jan-2004 16:34,200103,GATWICK,AUSTRIA,SALZBURG,BRITANNIA AIRWAYS,A,C, 4 , 1 , 0 , 50 , 50 , 0 , 0 , 0 , 33 , 0 , 4 , 0 , 44.5 
08-Jan-2004 16:34,200103,GATWICK,AUSTRIA,SALZBURG,BRITANNIA AIRWAYS,D,C, 6 , 0 , 50 , 50 , 0 , 0 , 0 , 0 , 15 , 0 , 4 , 50 , 25.75 
08-Jan-2004 16:34,200103,GATWICK,AUSTRIA,SALZBURG,BRITISH AIRWAYS (EURO OPS) LGW,A,S, 0 , 0 , 0 , 0 , 0 , 0 , 0 , 0 , 0 , 0 , 17 , 94.1176470588235 , 6.88235294117647 
08-Jan-2004 16:34,200103,GATWICK,AUSTRIA,SALZBURG,BRITISH AIRWAYS (EURO OPS) LGW,D,S, 0 , 0 , 0 , 0 , 0 , 0 , 0 , 0 , 0 , 0 , 17 , 47.0588235294118 , 18.5882352941176 
08-Jan-2004 16:34,200103,GATWICK,AUSTRIA,SALZBURG,EUROWINGS LUFTVERKEHRS,A,C, 0 , 0 , 0 , 0 , 0 , 0 , 0 , 0 , 0 , 0 , 1 , 0 , 47 
08-Jan-2004 16:34,200103,GATWICK,AUSTRIA,SALZBURG,LAUDA-AIR,A,C, 0 , 0 , 0 , 0 , 0 , 0 , 0 , 0 , 0 , 0 , 4 , 25 , 18.5 
08-Jan-2004 16:34,200103,GATWICK,AUSTRIA,SALZBURG,LAUDA-AIR,D,C, 0 , 0 , 0 , 0 , 0 , 0 , 0 , 0 , 0 , 0 , 4 , 100 , 5.5 
08-Jan-2004 16:34,200103,GATWICK,AUSTRIA,SALZBURG,MONARCH AIRLINES,A,C, 20 , 0 , 60 , 15 , 15 , 5 , 0 , 5 , 74.6 , 0 , 15 , 13.3333333333333 , 33.8 
08-Jan-2004 16:34,200103,GATWICK,AUSTRIA,SALZBURG,MONARCH AIRLINES,D,C, 20 , 0 , 70 , 10 , 10 , 10 , 0 , 0 , 20.1 , 0 , 15 , 60 , 18.2666666666667 
08-Jan-2004 16:34,200103,GATWICK,AUSTRIA,SALZBURG,MY TRAVEL AIRWAYS UK,A,C, 5 , 0 , 40 , 20 , 20 , 20 , 0 , 0 , 30.6 , 0 , 0 , 0 , 0 
08-Jan-2004 16:34,200103,GATWICK,AUSTRIA,SALZBURG,MY TRAVEL AIRWAYS UK,D,C, 5 , 0 , 80 , 0 , 20 , 0 , 0 , 0 , 17.8 , 0 , 0 , 0 , 0 
08-Jan-2004 16:34,200103,GATWICK,AUSTRIA,SALZBURG,THOMAS COOK AIRLINES LTD,A,C, 5 , 0 , 80 , 0 , 20 , 0 , 0 , 0 , 9.8 , 0 , 4 , 75 , 6.5 
08-Jan-2004 16:34,200103,GATWICK,AUSTRIA,SALZBURG,THOMAS COOK AIRLINES LTD,D,C, 4 , 0 , 75 , 0 , 25 , 0 , 0 , 0 , 17.5 , 0 , 4 , 25 , 18 
08-Jan-2004 16:34,200103,GATWICK,AUSTRIA,VIENNA,BRITISH AIRWAYS (EURO OPS) LGW,A,S, 0 , 0 , 0 , 0 , 0 , 0 , 0 , 0 , 0 , 0 , 36 , 72.2222222222222 , 17.25 
08-Jan-2004 16:34,200103,GATWICK,AUSTRIA,VIENNA,BRITISH AIRWAYS (EURO OPS) LGW,D,S, 0 , 0 , 0 , 0 , 0 , 0 , 0 , 0 , 0 , 0 , 35 , 68.5714285714286 , 10.9428571428571 
08-Jan-2004 16:34,200103,GATWICK,AUSTRIA,VIENNA,LAUDA-AIR,A,S, 0 , 0 , 0 , 0 , 0 , 0 , 0 , 0 , 0 , 0 , 14 , 35.7142857142857 , 24.6428571428571 
08-Jan-2004 16:34,200103,GATWICK,AUSTRIA,VIENNA,LAUDA-AIR,D,S, 0 , 0 , 0 , 0 , 0 , 0 , 0 , 0 , 0 , 0 , 14 , 35.7142857142857 , 22.8571428571429 
08-Jan-2004 16:34,200103,GATWICK,AZERBAIJAN,BAKU,AZERBAIJAN AIRLINES ( AZAL ),A,S, 9 , 0 , 44.4444444444444 , 22.2222222222222 , 11.1111111111111 , 22.2222222222222 , 0 , 0 , 27.3333333333333 , 0 , 5 , 20 , 27.4 
08-Jan-2004 16:34,200103,GATWICK,AZERBAIJAN,BAKU,AZERBAIJAN AIRLINES ( AZAL ),D,S, 9 , 0 , 33.3333333333333 , 33.3333333333333 , 22.2222222222222 , 11.1111111111111 , 0 , 0 , 26.4444444444444 , 0 , 5 , 80 , 9.8 
08-Jan-2004 16:34,200103,GATWICK,AZERBAIJAN,BAKU,BRITISH AIRWAYS PLC,A,S, 0 , 0 , 0 , 0 , 0 , 0 , 0 , 0 , 0 , 0 , 14 , 85.7142857142857 , 4.57142857142857 
08-Jan-2004 16:34,200103,GATWICK,AZERBAIJAN,BAKU,BRITISH AIRWAYS PLC,D,S, 0 , 0 , 0 , 0 , 0 , 0 , 0 , 0 , 0 , 0 , 13 , 46.1538461538462 , 31.4615384615385 
08-Jan-2004 16:34,200103,GATWICK,BAHAMAS,FREEPORT,CALEDONIAN AIRWAYS,D,C, 0 , 0 , 0 , 0 , 0 , 0 , 0 , 0 , 0 , 0 , 1 , 100 , 4 
08-Jan-2004 16:34,200103,GATWICK,BAHAMAS,NASSAU,BRITANNIA AIRWAYS,D,C, 0 , 0 , 0 , 0 , 0 , 0 , 0 , 0 , 0 , 0 , 1 , 100 , 3 
08-Jan-2004 16:34,200103,GATWICK,BAHAMAS,NASSAU,BRITISH AIRWAYS PLC,A,S, 4 , 0 , 75 , 25 , 0 , 0 , 0 , 0 , 7.25 , 0 , 0 , 0 , 0 
08-Jan-2004 16:34,200103,GATWICK,BAHAMAS,NASSAU,BRITISH AIRWAYS PLC,D,S, 4 , 0 , 100 , 0 , 0 , 0 , 0 , 0 , 0 , 0 , 0 , 0 , 0 
08-Jan-2004 16:34,200103,GATWICK,BAHRAIN,BAHRAIN,GULF AIR,D,C, 0 , 0 , 0 , 0 , 0 , 0 , 0 , 0 , 0 , 0 , 1 , 100 , 10 
08-Jan-2004 16:34,200103,GATWICK,BARBADOS,BRIDGETOWN,BRITANNIA AIRWAYS,A,C, 16 , 0 , 81.25 , 6.25 , 12.5 , 0 , 0 , 0 , 8.625 , 0 , 7 , 0 , 125.714285714286 
08-Jan-2004 16:34,200103,GATWICK,BARBADOS,BRIDGETOWN,BRITANNIA AIRWAYS,D,C, 16 , 0 , 75 , 18.75 , 6.25 , 0 , 0 , 0 , 10 , 0 , 6 , 33.3333333333333 , 54 
08-Jan-2004 16:34,200103,GATWICK,BARBADOS,BRIDGETOWN,BRITISH AIRWAYS PLC,A,S, 31 , 0 , 87.0967741935484 , 3.2258064516129 , 3.2258064516129 , 6.45161290322581 , 0 , 0 , 12.8064516129032 , 0 , 19 , 84.2105263157895 , 7.84210526315789 
08-Jan-2004 16:34,200103,GATWICK,BARBADOS,BRIDGETOWN,BRITISH AIRWAYS PLC,D,S, 31 , 0 , 74.1935483870968 , 16.1290322580645 , 3.2258064516129 , 3.2258064516129 , 3.2258064516129 , 0 , 17.3870967741935 , 0 , 19 , 63.1578947368421 , 17.3157894736842 
08-Jan-2004 16:34,200103,GATWICK,BARBADOS,BRIDGETOWN,CALEDONIAN AIRWAYS,A,C, 0 , 0 , 0 , 0 , 0 , 0 , 0 , 0 , 0 , 0 , 1 , 0 , 76 
08-Jan-2004 16:34,200103,GATWICK,BARBADOS,BRIDGETOWN,CALEDONIAN AIRWAYS,D,C, 0 , 0 , 0 , 0 , 0 , 0 , 0 , 0 , 0 , 0 , 8 , 25 , 65.5 
08-Jan-2004 16:34,200103,GATWICK,BARBADOS,BRIDGETOWN,MONARCH AIRLINES,A,C, 0 , 0 , 0 , 0 , 0 , 0 , 0 , 0 , 0 , 0 , 3 , 0 , 133 
08-Jan-2004 16:34,200103,GATWICK,BARBADOS,BRIDGETOWN,MONARCH AIRLINES,D,C, 0 , 0 , 0 , 0 , 0 , 0 , 0 , 0 , 0 , 0 , 2 , 0 , 100.5 
08-Jan-2004 16:34,200103,GATWICK,BARBADOS,BRIDGETOWN,MY TRAVEL AIRWAYS UK,A,C, 9 , 0 , 55.5555555555556 , 11.1111111111111 , 33.3333333333333 , 0 , 0 , 0 , 21 , 0 , 6 , 50 , 48.8333333333333 
08-Jan-2004 16:34,200103,GATWICK,BARBADOS,BRIDGETOWN,MY TRAVEL AIRWAYS UK,D,C, 8 , 0 , 50 , 37.5 , 0 , 0 , 12.5 , 0 , 39.75 , 0 , 6 , 33.3333333333333 , 55.8333333333333 
08-Jan-2004 16:34,200103,GATWICK,BARBADOS,BRIDGETOWN,THOMAS COOK AIRLINES LTD,A,C, 1 , 0 , 0 , 100 , 0 , 0 , 0 , 0 , 28 , 0 , 0 , 0 , 0 
08-Jan-2004 16:34,200103,GATWICK,BARBADOS,BRIDGETOWN,THOMAS COOK AIRLINES LTD,D,C, 9 , 0 , 77.7777777777778 , 22.2222222222222 , 0 , 0 , 0 , 0 , 7.11111111111111 , 0 , 0 , 0 , 0 
08-Jan-2004 16:34,200103,GATWICK,BARBADOS,BRIDGETOWN,VIRGIN ATLANTIC AIRWAYS LTD,A,S, 22 , 0 , 77.2727272727273 , 13.6363636363636 , 0 , 9.09090909090909 , 0 , 0 , 13.5909090909091 , 0 , 22 , 45.4545454545455 , 54.2272727272727 
08-Jan-2004 16:34,200103,GATWICK,BARBADOS,BRIDGETOWN,VIRGIN ATLANTIC AIRWAYS LTD,D,S, 23 , 0 , 56.5217391304348 , 30.4347826086956 , 4.34782608695652 , 8.69565217391304 , 0 , 0 , 20.2608695652174 , 0 , 21 , 23.8095238095238 , 34.2857142857143 
08-Jan-2004 16:34,200103,GATWICK,BELARUS,MINSK,BELAVIA (BELARUSSIAN AIRLINES),A,S, 8 , 0 , 50 , 50 , 0 , 0 , 0 , 0 , 14.25 , 0 , 9 , 66.6666666666667 , 8.88888888888889 
08-Jan-2004 16:34,200103,GATWICK,BELARUS,MINSK,BELAVIA (BELARUSSIAN AIRLINES),D,S, 8 , 0 , 100 , 0 , 0 , 0 , 0 , 0 , 4.375 , 0 , 9 , 88.8888888888889 , 4.66666666666667 
08-Jan-2004 16:34,200103,GATWICK,BELGIUM,BRUSSELS,BRITISH AIRWAYS (EURO OPS) LGW,A,S, 0 , 0 , 0 , 0 , 0 , 0 , 0 , 0 , 0 , 0 , 61 , 77.0491803278689 , 10.1803278688525 
08-Jan-2004 16:34,200103,GATWICK,BELGIUM,BRUSSELS,BRITISH AIRWAYS (EURO OPS) LGW,D,S, 0 , 0 , 0 , 0 , 0 , 0 , 0 , 0 , 0 , 0 , 60 , 88.3333333333333 , 6.1 
08-Jan-2004 16:34,200103,GATWICK,BELGIUM,BRUSSELS,CITY FLYER EXPRESS,A,S, 48 , 0 , 75 , 14.5833333333333 , 6.25 , 4.16666666666667 , 0 , 0 , 11.9166666666667 , 0 , 11 , 45.4545454545455 , 23.7272727272727 
08-Jan-2004 16:34,200103,GATWICK,BELGIUM,BRUSSELS,CITY FLYER EXPRESS,D,S, 48 , 0 , 77.0833333333333 , 10.4166666666667 , 4.16666666666667 , 8.33333333333333 , 0 , 0 , 12.9166666666667 , 0 , 11 , 63.6363636363636 , 12.4545454545455 
08-Jan-2004 16:34,200103,GATWICK,BELGIUM,BRUSSELS,VIRGIN EXPRESS,A,S, 0 , 0 , 0 , 0 , 0 , 0 , 0 , 0 , 0 , 0 , 46 , 82.6086956521739 , 8.97826086956522 
08-Jan-2004 16:34,200103,GATWICK,BELGIUM,BRUSSELS,VIRGIN EXPRESS,D,S, 0 , 0 , 0 , 0 , 0 , 0 , 0 , 0 , 0 , 0 , 47 , 85.1063829787234 , 14.531914893617 
08-Jan-2004 16:34,200103,GATWICK,BELGIUM,BRUSSELS,VIRGIN EXPRESS IRELAND,A,S, 10 , 0 , 70 , 0 , 30 , 0 , 0 , 0 , 13 , 0 , 38 , 81.5789473684211 , 7.34210526315789 
08-Jan-2004 16:34,200103,GATWICK,BELGIUM,BRUSSELS,VIRGIN EXPRESS IRELAND,D,S, 10 , 0 , 80 , 10 , 10 , 0 , 0 , 0 , 11.6 , 0 , 37 , 72.972972972973 , 9.27027027027027 
08-Jan-2004 16:34,200103,GATWICK,BERMUDA,BERMUDA,BRITISH AIRWAYS PLC,A,S, 14 , 0 , 71.4285714285714 , 7.14285714285714 , 7.14285714285714 , 0 , 14.2857142857143 , 0 , 38.2857142857143 , 0 , 15 , 53.3333333333333 , 30.1333333333333 
08-Jan-2004 16:34,200103,GATWICK,BERMUDA,BERMUDA,BRITISH AIRWAYS PLC,D,S, 15 , 0 , 73.3333333333333 , 20 , 0 , 0 , 6.66666666666667 , 0 , 17.8 , 0 , 14 , 85.7142857142857 , 8.5 
08-Jan-2004 16:34,200103,GATWICK,BRAZIL,RIO DE JANEIRO (GALEAO),BRITANNIA AIRWAYS,A,C, 0 , 0 , 0 , 0 , 0 , 0 , 0 , 0 , 0 , 0 , 1 , 100 , 10 
08-Jan-2004 16:34,200103,GATWICK,BRAZIL,RIO DE JANEIRO (GALEAO),BRITANNIA AIRWAYS,D,C, 0 , 0 , 0 , 0 , 0 , 0 , 0 , 0 , 0 , 0 , 1 , 100 , 8 
08-Jan-2004 16:34,200103,GATWICK,BRAZIL,RIO DE JANEIRO (GALEAO),BRITISH AIRWAYS PLC,A,S, 19 , 0 , 78.9473684210526 , 21.0526315789474 , 0 , 0 , 0 , 0 , 5.68421052631579 , 0 , 20 , 65 , 11.65 
08-Jan-2004 16:34,200103,GATWICK,BRAZIL,RIO DE JANEIRO (GALEAO),BRITISH AIRWAYS PLC,D,S, 18 , 0 , 83.3333333333333 , 0 , 5.55555555555556 , 11.1111111111111 , 0 , 0 , 16.2222222222222 , 0 , 23 , 95.6521739130435 , 2.17391304347826 
08-Jan-2004 16:34,200103,GATWICK,BULGARIA,PLOVDIV,AIR 2000,A,C, 0 , 0 , 0 , 0 , 0 , 0 , 0 , 0 , 0 , 0 , 2 , 50 , 65.5 
08-Jan-2004 16:34,200103,GATWICK,BULGARIA,PLOVDIV,AIR 2000,D,C, 0 , 0 , 0 , 0 , 0 , 0 , 0 , 0 , 0 , 0 , 1 , 0 , 151 
08-Jan-2004 16:34,200103,GATWICK,BULGARIA,PLOVDIV,AIR VIA BULGARIAN AIRWAYS,A,C, 0 , 0 , 0 , 0 , 0 , 0 , 0 , 0 , 0 , 0 , 4 , 100 , 3.75 
08-Jan-2004 16:34,200103,GATWICK,BULGARIA,PLOVDIV,AIR VIA BULGARIAN AIRWAYS,D,C, 0 , 0 , 0 , 0 , 0 , 0 , 0 , 0 , 0 , 0 , 4 , 50 , 14 
08-Jan-2004 16:34,200103,GATWICK,BULGARIA,PLOVDIV,HEMUS AIR,A,C, 5 , 0 , 0 , 40 , 40 , 20 , 0 , 0 , 46.6 , 0 , 0 , 0 , 0 
08-Jan-2004 16:34,200103,GATWICK,BULGARIA,PLOVDIV,HEMUS AIR,D,C, 4 , 0 , 0 , 0 , 75 , 25 , 0 , 0 , 56 , 0 , 0 , 0 , 0 
08-Jan-2004 16:34,200103,GATWICK,BULGARIA,SOFIA,BRITANNIA AIRWAYS,A,C, 3 , 0 , 33.3333333333333 , 0 , 33.3333333333333 , 0 , 33.3333333333333 , 0 , 123.333333333333 , 0 , 0 , 0 , 0 
08-Jan-2004 16:34,200103,GATWICK,BULGARIA,SOFIA,BRITANNIA AIRWAYS,D,C, 3 , 0 , 33.3333333333333 , 0 , 33.3333333333333 , 0 , 33.3333333333333 , 0 , 125.666666666667 , 0 , 0 , 0 , 0 
08-Jan-2004 16:34,200103,GATWICK,BULGARIA,SOFIA,BRITISH AIRWAYS (EURO OPS) LGW,A,S, 26 , 0 , 69.2307692307692 , 15.3846153846154 , 3.84615384615385 , 11.5384615384615 , 0 , 0 , 15.9230769230769 , 0 , 23 , 82.6086956521739 , 10.0434782608696 
08-Jan-2004 16:34,200103,GATWICK,BULGARIA,SOFIA,BRITISH AIRWAYS (EURO OPS) LGW,D,S, 26 , 0 , 38.4615384615385 , 34.6153846153846 , 15.3846153846154 , 11.5384615384615 , 0 , 0 , 27.8846153846154 , 0 , 24 , 45.8333333333333 , 22.625 
08-Jan-2004 16:34,200103,GATWICK,BULGARIA,SOFIA,MONARCH AIRLINES,A,C, 4 , 0 , 0 , 50 , 25 , 25 , 0 , 0 , 47 , 0 , 3 , 66.6666666666667 , 47 
08-Jan-2004 16:34,200103,GATWICK,BULGARIA,SOFIA,MONARCH AIRLINES,D,C, 3 , 0 , 33.3333333333333 , 33.3333333333333 , 0 , 33.3333333333333 , 0 , 0 , 42.6666666666667 , 0 , 3 , 66.6666666666667 , 35.6666666666667 
08-Jan-2004 16:34,200103,GATWICK,CAMEROON,DOUALA,CAMEROON AIRLINES,A,S, 0 , 0 , 0 , 0 , 0 , 0 , 0 , 0 , 0 , 5 , 3 , 66.6666666666667 , 10 
08-Jan-2004 16:34,200103,GATWICK,CAMEROON,DOUALA,CAMEROON AIRLINES,D,S, 0 , 0 , 0 , 0 , 0 , 0 , 0 , 0 , 0 , 8 , 1 , 0 , 17 
08-Jan-2004 16:34,200103,GATWICK,CANADA,CALGARY,MONARCH AIRLINES,A,C, 9 , 0 , 55.5555555555556 , 11.1111111111111 , 22.2222222222222 , 0 , 11.1111111111111 , 0 , 36 , 0 , 9 , 44.4444444444444 , 51.1111111111111 
08-Jan-2004 16:34,200103,GATWICK,CANADA,CALGARY,MONARCH AIRLINES,D,C, 9 , 0 , 55.5555555555556 , 22.2222222222222 , 0 , 11.1111111111111 , 11.1111111111111 , 0 , 42.1111111111111 , 0 , 9 , 33.3333333333333 , 56.8888888888889 
08-Jan-2004 16:34,200103,GATWICK,CANADA,TORONTO,AIR TRANSAT,A,C, 0 , 0 , 0 , 0 , 0 , 0 , 0 , 0 , 0 , 0 , 5 , 60 , 17.2 
08-Jan-2004 16:34,200103,GATWICK,CANADA,TORONTO,AIR TRANSAT,A,S, 5 , 0 , 60 , 20 , 0 , 20 , 0 , 0 , 23.4 , 0 , 0 , 0 , 0 
08-Jan-2004 16:34,200103,GATWICK,CANADA,TORONTO,AIR TRANSAT,D,C, 0 , 0 , 0 , 0 , 0 , 0 , 0 , 0 , 0 , 0 , 5 , 60 , 9.6 
08-Jan-2004 16:34,200103,GATWICK,CANADA,TORONTO,AIR TRANSAT,D,S, 5 , 0 , 60 , 20 , 0 , 0 , 0 , 20 , 136.4 , 0 , 0 , 0 , 0 
08-Jan-2004 16:34,200103,GATWICK,CANADA,TORONTO,CANADA 3000 AIRLINES,A,C, 0 , 0 , 0 , 0 , 0 , 0 , 0 , 0 , 0 , 0 , 5 , 60 , 15.8 
08-Jan-2004 16:34,200103,GATWICK,CANADA,TORONTO,CANADA 3000 AIRLINES,A,S, 8 , 0 , 62.5 , 12.5 , 12.5 , 12.5 , 0 , 0 , 21.5 , 0 , 0 , 0 , 0 
08-Jan-2004 16:34,200103,GATWICK,CANADA,TORONTO,CANADA 3000 AIRLINES,D,C, 0 , 0 , 0 , 0 , 0 , 0 , 0 , 0 , 0 , 0 , 5 , 60 , 21.8 
08-Jan-2004 16:34,200103,GATWICK,CANADA,TORONTO,CANADA 3000 AIRLINES,D,S, 8 , 0 , 25 , 25 , 37.5 , 12.5 , 0 , 0 , 32.875 , 0 , 0 , 0 , 0 
08-Jan-2004 16:34,200103,GATWICK,CANADA,VANCOUVER,CANADA 3000 AIRLINES,A,C, 0 , 0 , 0 , 0 , 0 , 0 , 0 , 0 , 0 , 0 , 4 , 25 , 116.75 
08-Jan-2004 16:34,200103,GATWICK,CANADA,VANCOUVER,CANADA 3000 AIRLINES,A,S, 5 , 0 , 20 , 20 , 40 , 20 , 0 , 0 , 53.4 , 0 , 0 , 0 , 0 
08-Jan-2004 16:34,200103,GATWICK,CANADA,VANCOUVER,CANADA 3000 AIRLINES,D,C, 0 , 0 , 0 , 0 , 0 , 0 , 0 , 0 , 0 , 0 , 4 , 25 , 118 
08-Jan-2004 16:34,200103,GATWICK,CANADA,VANCOUVER,CANADA 3000 AIRLINES,D,S, 5 , 0 , 20 , 0 , 60 , 0 , 20 , 0 , 72.6 , 0 , 0 , 0 , 0 
08-Jan-2004 16:34,200103,GATWICK,CAYMAN ISLANDS,GRAND CAYMAN,BRITISH AIRWAYS PLC,A,S, 13 , 0 , 69.2307692307692 , 23.0769230769231 , 7.69230769230769 , 0 , 0 , 0 , 8.38461538461539 , 0 , 9 , 33.3333333333333 , 31.2222222222222 
08-Jan-2004 16:34,200103,GATWICK,CAYMAN ISLANDS,GRAND CAYMAN,BRITISH AIRWAYS PLC,D,S, 14 , 0 , 78.5714285714286 , 0 , 14.2857142857143 , 7.14285714285714 , 0 , 0 , 20.8571428571429 , 0 , 9 , 66.6666666666667 , 9.11111111111111 
08-Jan-2004 16:34,200103,GATWICK,CHILE,SANTIAGO DE CHILE,BRITISH AIRWAYS PLC,A,S, 0 , 0 , 0 , 0 , 0 , 0 , 0 , 0 , 0 , 0 , 23 , 86.9565217391304 , 54.2608695652174 
08-Jan-2004 16:34,200103,GATWICK,CHILE,SANTIAGO DE CHILE,BRITISH AIRWAYS PLC,D,S, 0 , 0 , 0 , 0 , 0 , 0 , 0 , 0 , 0 , 0 , 24 , 95.8333333333333 , 4.66666666666667 
08-Jan-2004 16:34,200103,GATWICK,COLOMBIA,BOGOTA,BRITISH AIRWAYS PLC,A,S, 0 , 0 , 0 , 0 , 0 , 0 , 0 , 0 , 0 , 1 , 13 , 69.2307692307692 , 10.9230769230769 
08-Jan-2004 16:34,200103,GATWICK,COLOMBIA,BOGOTA,BRITISH AIRWAYS PLC,D,S, 12 , 1 , 75 , 16.6666666666667 , 0 , 8.33333333333333 , 0 , 0 , 13.5 , 0 , 14 , 42.8571428571429 , 19.5 
08-Jan-2004 16:34,200103,GATWICK,COSTA RICA,SAN JOSE COST RICA,BRITISH AIRWAYS PLC,A,S, 0 , 0 , 0 , 0 , 0 , 0 , 0 , 0 , 0 , 0 , 3 , 33.3333333333333 , 40 
08-Jan-2004 16:34,200103,GATWICK,COSTA RICA,SAN JOSE COST RICA,BRITISH AIRWAYS PLC,D,S, 0 , 0 , 0 , 0 , 0 , 0 , 0 , 0 , 0 , 0 , 3 , 100 , 5.66666666666667 
08-Jan-2004 16:34,200103,GATWICK,CROATIA,DUBROVNIK,CROATIA AIRLINES,A,S, 0 , 0 , 0 , 0 , 0 , 0 , 0 , 0 , 0 , 0 , 1 , 100 , 0 
08-Jan-2004 16:34,200103,GATWICK,CROATIA,DUBROVNIK,CROATIA AIRLINES,D,S, 0 , 0 , 0 , 0 , 0 , 0 , 0 , 0 , 0 , 0 , 1 , 100 , 1 
08-Jan-2004 16:34,200103,GATWICK,CROATIA,SPLIT,CROATIA AIRLINES,A,S, 0 , 0 , 0 , 0 , 0 , 0 , 0 , 0 , 0 , 0 , 1 , 0 , 92 
08-Jan-2004 16:34,200103,GATWICK,CROATIA,SPLIT,CROATIA AIRLINES,D,S, 0 , 0 , 0 , 0 , 0 , 0 , 0 , 0 , 0 , 0 , 1 , 0 , 74 
08-Jan-2004 16:34,200103,GATWICK,CROATIA,ZAGREB,BRITISH AIRWAYS (EURO OPS) LGW,A,S, 18 , 0 , 77.7777777777778 , 5.55555555555556 , 11.1111111111111 , 5.55555555555556 , 0 , 0 , 12.3333333333333 , 0 , 23 , 100 , 1.8695652173913 
08-Jan-2004 16:34,200103,GATWICK,CROATIA,ZAGREB,BRITISH AIRWAYS (EURO OPS) LGW,D,S, 18 , 0 , 66.6666666666667 , 11.1111111111111 , 11.1111111111111 , 11.1111111111111 , 0 , 0 , 21.7222222222222 , 0 , 23 , 78.2608695652174 , 10.4347826086957 
08-Jan-2004 16:34,200103,GATWICK,CUBA,HAVANA,BRITISH AIRWAYS PLC,A,S, 9 , 0 , 66.6666666666667 , 22.2222222222222 , 11.1111111111111 , 0 , 0 , 0 , 9.33333333333333 , 0 , 4 , 50 , 17.75 
08-Jan-2004 16:34,200103,GATWICK,CUBA,HAVANA,BRITISH AIRWAYS PLC,D,S, 9 , 0 , 55.5555555555556 , 33.3333333333333 , 0 , 11.1111111111111 , 0 , 0 , 20.5555555555556 , 0 , 4 , 50 , 30.75 
08-Jan-2004 16:34,200103,GATWICK,CUBA,HAVANA,CUBANA,A,S, 4 , 0 , 75 , 0 , 25 , 0 , 0 , 0 , 11 , 0 , 9 , 22.2222222222222 , 73.7777777777778 
08-Jan-2004 16:34,200103,GATWICK,CUBA,HAVANA,CUBANA,D,S, 4 , 0 , 50 , 0 , 25 , 25 , 0 , 0 , 31.75 , 0 , 9 , 22.2222222222222 , 87.6666666666667 
08-Jan-2004 16:34,200103,GATWICK,CUBA,HOLGUIN (FRANK PAIS),MONARCH AIRLINES,D,C, 4 , 0 , 100 , 0 , 0 , 0 , 0 , 0 , 3.25 , 0 , 5 , 40 , 72.8 
08-Jan-2004 16:34,200103,GATWICK,CUBA,VARADERO,BRITANNIA GMBH,D,C, 0 , 1 , 0 , 0 , 0 , 0 , 0 , 0 , 0 , 0 , 0 , 0 , 0 
08-Jan-2004 16:34,200103,GATWICK,CUBA,VARADERO,MONARCH AIRLINES,A,C, 5 , 0 , 40 , 0 , 20 , 40 , 0 , 0 , 46.2 , 0 , 5 , 60 , 66.4 
08-Jan-2004 16:34,200103,GATWICK,CYPRUS,LARNACA,AIR 2000,A,S, 4 , 0 , 25 , 25 , 25 , 25 , 0 , 0 , 46.75 , 0 , 5 , 20 , 31 
08-Jan-2004 16:34,200103,GATWICK,CYPRUS,LARNACA,AIR 2000,D,S, 4 , 0 , 75 , 25 , 0 , 0 , 0 , 0 , 9.75 , 0 , 5 , 60 , 13.2 
08-Jan-2004 16:34,200103,GATWICK,CYPRUS,LARNACA,CYPRUS AIRWAYS,A,S, 4 , 0 , 0 , 75 , 0 , 25 , 0 , 0 , 33 , 0 , 1 , 0 , 23 
08-Jan-2004 16:34,200103,GATWICK,CYPRUS,LARNACA,CYPRUS AIRWAYS,D,S, 4 , 0 , 25 , 25 , 25 , 25 , 0 , 0 , 50.75 , 0 , 5 , 20 , 26.6 
08-Jan-2004 16:34,200103,GATWICK,CYPRUS,LARNACA,EUROCYPRIA AIRLINES LTD,A,C, 11 , 0 , 72.7272727272727 , 9.09090909090909 , 9.09090909090909 , 9.09090909090909 , 0 , 0 , 17.0909090909091 , 0 , 4 , 75 , 13.75 
08-Jan-2004 16:34,200103,GATWICK,CYPRUS,LARNACA,EUROCYPRIA AIRLINES LTD,D,C, 11 , 0 , 81.8181818181818 , 0 , 9.09090909090909 , 9.09090909090909 , 0 , 0 , 19.4545454545455 , 0 , 4 , 75 , 12.25 
08-Jan-2004 16:34,200103,GATWICK,CYPRUS,LARNACA,EXCEL AIRWAYS LTD,A,C, 0 , 1 , 0 , 0 , 0 , 0 , 0 , 0 , 0 , 0 , 0 , 0 , 0 
08-Jan-2004 16:34,200103,GATWICK,CYPRUS,LARNACA,EXCEL AIRWAYS LTD,D,C, 1 , 0 , 0 , 0 , 0 , 100 , 0 , 0 , 72 , 0 , 0 , 0 , 0 
08-Jan-2004 16:34,200103,GATWICK,CYPRUS,LARNACA,HELIOS AIRWAYS LTD,A,C, 4 , 0 , 25 , 25 , 0 , 50 , 0 , 0 , 55 , 0 , 0 , 0 , 0 
08-Jan-2004 16:34,200103,GATWICK,CYPRUS,LARNACA,HELIOS AIRWAYS LTD,D,C, 4 , 0 , 0 , 0 , 25 , 75 , 0 , 0 , 89.75 , 0 , 0 , 0 , 0 
08-Jan-2004 16:34,200103,GATWICK,CYPRUS,LARNACA,MONARCH AIRLINES,A,C, 0 , 0 , 0 , 0 , 0 , 0 , 0 , 0 , 0 , 0 , 5 , 20 , 30.2 
08-Jan-2004 16:34,200103,GATWICK,CYPRUS,LARNACA,MONARCH AIRLINES,D,C, 0 , 0 , 0 , 0 , 0 , 0 , 0 , 0 , 0 , 0 , 5 , 40 , 17.4 
08-Jan-2004 16:34,200103,GATWICK,CYPRUS,LARNACA,MY TRAVEL AIRWAYS UK,A,C, 4 , 0 , 0 , 0 , 50 , 50 , 0 , 0 , 75.25 , 0 , 4 , 25 , 276 
08-Jan-2004 16:34,200103,GATWICK,CYPRUS,LARNACA,MY TRAVEL AIRWAYS UK,D,C, 4 , 0 , 25 , 25 , 25 , 25 , 0 , 0 , 55 , 0 , 4 , 75 , 254 
08-Jan-2004 16:34,200103,GATWICK,CYPRUS,LARNACA,THOMAS COOK AIRLINES LTD,A,C, 4 , 0 , 0 , 25 , 50 , 0 , 0 , 25 , 333 , 0 , 9 , 44.4444444444444 , 33.2222222222222 
08-Jan-2004 16:34,200103,GATWICK,CYPRUS,LARNACA,THOMAS COOK AIRLINES LTD,D,C, 4 , 0 , 75 , 0 , 0 , 0 , 0 , 25 , 260.25 , 0 , 9 , 66.6666666666667 , 10.5555555555556 
08-Jan-2004 16:34,200103,GATWICK,CYPRUS,PAPHOS,AIR 2000,A,S, 8 , 0 , 37.5 , 50 , 12.5 , 0 , 0 , 0 , 20.875 , 0 , 10 , 10 , 42.9 
08-Jan-2004 16:34,200103,GATWICK,CYPRUS,PAPHOS,AIR 2000,D,S, 8 , 0 , 87.5 , 12.5 , 0 , 0 , 0 , 0 , 8.625 , 0 , 10 , 60 , 14.5 
08-Jan-2004 16:34,200103,GATWICK,CYPRUS,PAPHOS,BRITANNIA AIRWAYS,A,C, 9 , 0 , 22.2222222222222 , 33.3333333333333 , 33.3333333333333 , 0 , 0 , 11.1111111111111 , 212.888888888889 , 0 , 9 , 44.4444444444444 , 25.8888888888889 
08-Jan-2004 16:34,200103,GATWICK,CYPRUS,PAPHOS,BRITANNIA AIRWAYS,D,C, 9 , 0 , 55.5555555555556 , 22.2222222222222 , 11.1111111111111 , 0 , 0 , 11.1111111111111 , 200.777777777778 , 0 , 9 , 66.6666666666667 , 13.2222222222222 
08-Jan-2004 16:34,200103,GATWICK,CYPRUS,PAPHOS,CALEDONIAN AIRWAYS,A,C, 0 , 0 , 0 , 0 , 0 , 0 , 0 , 0 , 0 , 0 , 4 , 100 , 0.5 
08-Jan-2004 16:34,200103,GATWICK,CYPRUS,PAPHOS,CALEDONIAN AIRWAYS,D,C, 0 , 0 , 0 , 0 , 0 , 0 , 0 , 0 , 0 , 0 , 4 , 100 , 2.25 
08-Jan-2004 16:34,200103,GATWICK,CYPRUS,PAPHOS,CYPRUS AIRWAYS,A,S, 0 , 0 , 0 , 0 , 0 , 0 , 0 , 0 , 0 , 0 , 4 , 25 , 18.5 
08-Jan-2004 16:34,200103,GATWICK,CYPRUS,PAPHOS,EUROCYPRIA AIRLINES LTD,A,C, 4 , 0 , 100 , 0 , 0 , 0 , 0 , 0 , 5 , 0 , 4 , 50 , 55.75 
08-Jan-2004 16:34,200103,GATWICK,CYPRUS,PAPHOS,EUROCYPRIA AIRLINES LTD,D,C, 4 , 0 , 50 , 50 , 0 , 0 , 0 , 0 , 13.5 , 0 , 4 , 50 , 56 
08-Jan-2004 16:34,200103,GATWICK,CYPRUS,PAPHOS,EXCEL AIRWAYS LTD,A,C, 1 , 0 , 0 , 0 , 0 , 100 , 0 , 0 , 95 , 0 , 0 , 0 , 0 
08-Jan-2004 16:34,200103,GATWICK,CYPRUS,PAPHOS,EXCEL AIRWAYS LTD,D,C, 2 , 0 , 0 , 50 , 50 , 0 , 0 , 0 , 31 , 0 , 0 , 0 , 0 
08-Jan-2004 16:34,200103,GATWICK,CYPRUS,PAPHOS,HELIOS AIRWAYS LTD,A,C, 5 , 0 , 20 , 20 , 20 , 40 , 0 , 0 , 43.6 , 0 , 0 , 0 , 0 
08-Jan-2004 16:34,200103,GATWICK,CYPRUS,PAPHOS,HELIOS AIRWAYS LTD,D,C, 5 , 0 , 20 , 20 , 20 , 40 , 0 , 0 , 42.4 , 0 , 0 , 0 , 0 
08-Jan-2004 16:34,200103,GATWICK,CYPRUS,PAPHOS,MY TRAVEL AIRWAYS UK,A,C, 4 , 0 , 75 , 0 , 25 , 0 , 0 , 0 , 13.5 , 0 , 4 , 25 , 56 
08-Jan-2004 16:34,200103,GATWICK,CYPRUS,PAPHOS,MY TRAVEL AIRWAYS UK,D,C, 4 , 0 , 75 , 25 , 0 , 0 , 0 , 0 , 10.25 , 0 , 4 , 75 , 38.75 
08-Jan-2004 16:34,200103,GATWICK,CYPRUS,PAPHOS,THOMAS COOK AIRLINES LTD,A,C, 7 , 0 , 57.1428571428571 , 14.2857142857143 , 14.2857142857143 , 0 , 0 , 14.2857142857143 , 146.285714285714 , 0 , 9 , 55.5555555555556 , 19.6666666666667 
08-Jan-2004 16:34,200103,GATWICK,CYPRUS,PAPHOS,THOMAS COOK AIRLINES LTD,D,C, 11 , 0 , 63.6363636363636 , 0 , 9.09090909090909 , 9.09090909090909 , 0 , 18.1818181818182 , 149.909090909091 , 0 , 9 , 88.8888888888889 , 8.11111111111111 
08-Jan-2004 16:34,200103,GATWICK,CYPRUS,PAPHOS,VIRGIN ATLANTIC AIRWAYS LTD,A,C, 4 , 0 , 100 , 0 , 0 , 0 , 0 , 0 , 2 , 0 , 4 , 100 , 0 
08-Jan-2004 16:34,200103,GATWICK,CYPRUS,PAPHOS,VIRGIN ATLANTIC AIRWAYS LTD,D,C, 4 , 0 , 100 , 0 , 0 , 0 , 0 , 0 , 5.5 , 0 , 4 , 75 , 11 
08-Jan-2004 16:34,200103,GATWICK,DENMARK,BILLUND,MAERSK AIR,A,S, 88 , 0 , 44.3181818181818 , 36.3636363636364 , 13.6363636363636 , 5.68181818181818 , 0 , 0 , 22.75 , 0 , 89 , 70.7865168539326 , 14.9438202247191 
08-Jan-2004 16:34,200103,GATWICK,DENMARK,BILLUND,MAERSK AIR,D,S, 87 , 0 , 77.0114942528736 , 12.6436781609195 , 4.59770114942529 , 5.74712643678161 , 0 , 0 , 14.2988505747126 , 1 , 89 , 82.0224719101124 , 9.64044943820225 
08-Jan-2004 16:34,200103,GATWICK,DENMARK,COPENHAGEN,MAERSK AIR,A,S, 62 , 0 , 59.6774193548387 , 19.3548387096774 , 9.67741935483871 , 11.2903225806452 , 0 , 0 , 25.241935483871 , 0 , 53 , 90.5660377358491 , 5.16981132075472 
08-Jan-2004 16:34,200103,GATWICK,DENMARK,COPENHAGEN,MAERSK AIR,D,S, 64 , 0 , 73.4375 , 15.625 , 6.25 , 4.6875 , 0 , 0 , 13.46875 , 0 , 54 , 92.5925925925926 , 5.85185185185185 
08-Jan-2004 16:34,200103,GATWICK,DOMINICAN REPUBLIC,PUERTO PLATA,AIR 2000,A,C, 3 , 0 , 0 , 0 , 66.6666666666667 , 33.3333333333333 , 0 , 0 , 51.6666666666667 , 0 , 2 , 50 , 50.5 
08-Jan-2004 16:34,200103,GATWICK,DOMINICAN REPUBLIC,PUERTO PLATA,AIR 2000,D,C, 3 , 0 , 66.6666666666667 , 0 , 33.3333333333333 , 0 , 0 , 0 , 19.3333333333333 , 0 , 3 , 66.6666666666667 , 15 
08-Jan-2004 16:34,200103,GATWICK,DOMINICAN REPUBLIC,PUERTO PLATA,BRITANNIA AIRWAYS,A,C, 6 , 0 , 33.3333333333333 , 33.3333333333333 , 0 , 33.3333333333333 , 0 , 0 , 32.3333333333333 , 0 , 5 , 40 , 60.2 
08-Jan-2004 16:34,200103,GATWICK,DOMINICAN REPUBLIC,PUERTO PLATA,BRITANNIA AIRWAYS,D,C, 6 , 0 , 66.6666666666667 , 33.3333333333333 , 0 , 0 , 0 , 0 , 6.66666666666667 , 0 , 4 , 25 , 43.5 
08-Jan-2004 16:34,200103,GATWICK,DOMINICAN REPUBLIC,PUERTO PLATA,MY TRAVEL AIRWAYS UK,A,C, 5 , 0 , 20 , 40 , 20 , 0 , 20 , 0 , 60.2 , 0 , 4 , 0 , 38.25 
08-Jan-2004 16:34,200103,GATWICK,DOMINICAN REPUBLIC,PUERTO PLATA,MY TRAVEL AIRWAYS UK,D,C, 5 , 0 , 100 , 0 , 0 , 0 , 0 , 0 , 4.6 , 0 , 5 , 20 , 49 
08-Jan-2004 16:34,200103,GATWICK,DOMINICAN REPUBLIC,PUNTA CANA,CALEDONIAN AIRWAYS,A,C, 0 , 0 , 0 , 0 , 0 , 0 , 0 , 0 , 0 , 0 , 1 , 0 , 66 
08-Jan-2004 16:34,200103,GATWICK,DOMINICAN REPUBLIC,SANTO DOMINGO,BRITANNIA AIRWAYS,A,C, 5 , 0 , 40 , 0 , 60 , 0 , 0 , 0 , 22.8 , 0 , 5 , 60 , 16.6 
08-Jan-2004 16:34,200103,GATWICK,DOMINICAN REPUBLIC,SANTO DOMINGO,BRITANNIA AIRWAYS,D,C, 4 , 0 , 100 , 0 , 0 , 0 , 0 , 0 , 3.75 , 0 , 5 , 80 , 6.4 
08-Jan-2004 16:34,200103,GATWICK,DOMINICAN REPUBLIC,SANTO DOMINGO,MY TRAVEL AIRWAYS UK,A,C, 5 , 0 , 40 , 0 , 60 , 0 , 0 , 0 , 29 , 0 , 3 , 33.3333333333333 , 30.6666666666667 
08-Jan-2004 16:34,200103,GATWICK,DOMINICAN REPUBLIC,SANTO DOMINGO,MY TRAVEL AIRWAYS UK,D,C, 4 , 0 , 100 , 0 , 0 , 0 , 0 , 0 , 6.5 , 0 , 3 , 33.3333333333333 , 39 
08-Jan-2004 16:34,200103,GATWICK,EGYPT,CAIRO,EGYPT AIR,A,C, 0 , 1 , 0 , 0 , 0 , 0 , 0 , 0 , 0 , 0 , 0 , 0 , 0 
08-Jan-2004 16:34,200103,GATWICK,EGYPT,CAIRO,EGYPT AIR,D,C, 0 , 1 , 0 , 0 , 0 , 0 , 0 , 0 , 0 , 0 , 0 , 0 , 0 
08-Jan-2004 16:34,200103,GATWICK,EGYPT,CAIRO,MONARCH AIRLINES,D,C, 0 , 0 , 0 , 0 , 0 , 0 , 0 , 0 , 0 , 0 , 2 , 100 , 0 
08-Jan-2004 16:34,200103,GATWICK,EGYPT,HURGHADA,CALEDONIAN AIRWAYS,A,C, 0 , 0 , 0 , 0 , 0 , 0 , 0 , 0 , 0 , 0 , 5 , 40 , 15.4 
08-Jan-2004 16:34,200103,GATWICK,EGYPT,HURGHADA,CALEDONIAN AIRWAYS,D,C, 0 , 0 , 0 , 0 , 0 , 0 , 0 , 0 , 0 , 0 , 5 , 80 , 6.2 
08-Jan-2004 16:34,200103,GATWICK,EGYPT,HURGHADA,EXCEL AIRWAYS LTD,A,C, 5 , 0 , 100 , 0 , 0 , 0 , 0 , 0 , 1 , 0 , 0 , 0 , 0 
08-Jan-2004 16:34,200103,GATWICK,EGYPT,HURGHADA,EXCEL AIRWAYS LTD,D,C, 5 , 0 , 80 , 20 , 0 , 0 , 0 , 0 , 8 , 0 , 0 , 0 , 0 
08-Jan-2004 16:34,200103,GATWICK,EGYPT,HURGHADA,MONARCH AIRLINES,A,C, 5 , 0 , 80 , 0 , 0 , 20 , 0 , 0 , 24.2 , 0 , 5 , 60 , 15.4 
08-Jan-2004 16:34,200103,GATWICK,EGYPT,HURGHADA,MONARCH AIRLINES,D,C, 5 , 0 , 80 , 0 , 0 , 20 , 0 , 0 , 27.4 , 0 , 5 , 60 , 11.2 
08-Jan-2004 16:34,200103,GATWICK,EGYPT,LUXOR,AIR 2000,A,C, 4 , 0 , 25 , 25 , 25 , 25 , 0 , 0 , 33.5 , 0 , 4 , 0 , 41 
08-Jan-2004 16:34,200103,GATWICK,EGYPT,LUXOR,AIR 2000,D,C, 4 , 0 , 25 , 75 , 0 , 0 , 0 , 0 , 17.5 , 0 , 4 , 100 , 6 
08-Jan-2004 16:34,200103,GATWICK,EGYPT,LUXOR,BRITANNIA AIRWAYS,A,C, 4 , 0 , 100 , 0 , 0 , 0 , 0 , 0 , 4.5 , 0 , 5 , 40 , 64.6 
08-Jan-2004 16:34,200103,GATWICK,EGYPT,LUXOR,BRITANNIA AIRWAYS,D,C, 4 , 0 , 75 , 25 , 0 , 0 , 0 , 0 , 8.25 , 0 , 5 , 40 , 44 
08-Jan-2004 16:34,200103,GATWICK,EGYPT,LUXOR,EXCEL AIRWAYS LTD,A,C, 4 , 0 , 50 , 0 , 0 , 50 , 0 , 0 , 48.5 , 0 , 4 , 0 , 85.25 
08-Jan-2004 16:34,200103,GATWICK,EGYPT,LUXOR,EXCEL AIRWAYS LTD,D,C, 5 , 0 , 40 , 0 , 0 , 60 , 0 , 0 , 65.2 , 0 , 3 , 33.3333333333333 , 64.6666666666667 
08-Jan-2004 16:34,200103,GATWICK,EGYPT,LUXOR,MONARCH AIRLINES,A,C, 4 , 1 , 50 , 25 , 0 , 25 , 0 , 0 , 29.75 , 0 , 8 , 25 , 24.75 
08-Jan-2004 16:34,200103,GATWICK,EGYPT,LUXOR,MONARCH AIRLINES,D,C, 7 , 0 , 57.1428571428571 , 42.8571428571429 , 0 , 0 , 0 , 0 , 14.4285714285714 , 0 , 6 , 66.6666666666667 , 11.8333333333333 
08-Jan-2004 16:34,200103,GATWICK,EGYPT,SHARM EL SHEIKH (OPHIRA),AIR 2000,A,C, 4 , 0 , 25 , 0 , 50 , 25 , 0 , 0 , 38.75 , 0 , 0 , 0 , 0 
08-Jan-2004 16:34,200103,GATWICK,EGYPT,SHARM EL SHEIKH (OPHIRA),AIR 2000,D,C, 4 , 0 , 50 , 25 , 0 , 25 , 0 , 0 , 25.25 , 0 , 0 , 0 , 0 
08-Jan-2004 16:34,200103,GATWICK,EGYPT,SHARM EL SHEIKH (OPHIRA),EXCEL AIRWAYS LTD,A,C, 4 , 0 , 0 , 0 , 100 , 0 , 0 , 0 , 38.25 , 0 , 9 , 22.2222222222222 , 66.7777777777778 
08-Jan-2004 16:34,200103,GATWICK,EGYPT,SHARM EL SHEIKH (OPHIRA),EXCEL AIRWAYS LTD,D,C, 4 , 0 , 100 , 0 , 0 , 0 , 0 , 0 , 6.5 , 0 , 9 , 88.8888888888889 , 39.2222222222222 
08-Jan-2004 16:34,200103,GATWICK,EGYPT,SHARM EL SHEIKH (OPHIRA),MONARCH AIRLINES,A,C, 8 , 0 , 50 , 12.5 , 37.5 , 0 , 0 , 0 , 21 , 0 , 5 , 40 , 25.2 
08-Jan-2004 16:34,200103,GATWICK,EGYPT,SHARM EL SHEIKH (OPHIRA),MONARCH AIRLINES,D,C, 6 , 0 , 33.3333333333333 , 33.3333333333333 , 16.6666666666667 , 16.6666666666667 , 0 , 0 , 23.3333333333333 , 0 , 5 , 60 , 20.8 
08-Jan-2004 16:34,200103,GATWICK,EGYPT,SHARM EL SHEIKH (OPHIRA),THOMAS COOK AIRLINES LTD,A,C, 5 , 0 , 0 , 0 , 40 , 60 , 0 , 0 , 61.2 , 0 , 0 , 0 , 0 
08-Jan-2004 16:34,200103,GATWICK,EGYPT,SHARM EL SHEIKH (OPHIRA),THOMAS COOK AIRLINES LTD,D,C, 5 , 0 , 100 , 0 , 0 , 0 , 0 , 0 , 4.6 , 0 , 0 , 0 , 0 
08-Jan-2004 16:34,200103,GATWICK,ESTONIA,TALLIN,ESTONIAN AIR,A,S, 26 , 0 , 84.6153846153846 , 7.69230769230769 , 3.84615384615385 , 3.84615384615385 , 0 , 0 , 13.8076923076923 , 0 , 27 , 88.8888888888889 , 11.3333333333333 
08-Jan-2004 16:34,200103,GATWICK,ESTONIA,TALLIN,ESTONIAN AIR,D,S, 26 , 0 , 84.6153846153846 , 7.69230769230769 , 3.84615384615385 , 3.84615384615385 , 0 , 0 , 11.5384615384615 , 0 , 27 , 92.5925925925926 , 7.59259259259259 
08-Jan-2004 16:34,200103,GATWICK,FED REP YUGO SERBIA M'ENEGRO,BELGRADE,BRITISH AIRWAYS (EURO OPS) LGW,A,S, 13 , 0 , 76.9230769230769 , 0 , 7.69230769230769 , 15.3846153846154 , 0 , 0 , 24 , 0 , 0 , 0 , 0 
08-Jan-2004 16:34,200103,GATWICK,FED REP YUGO SERBIA M'ENEGRO,BELGRADE,BRITISH AIRWAYS (EURO OPS) LGW,D,S, 13 , 0 , 53.8461538461538 , 23.0769230769231 , 7.69230769230769 , 15.3846153846154 , 0 , 0 , 33.0769230769231 , 0 , 0 , 0 , 0 
08-Jan-2004 16:34,200103,GATWICK,FINLAND,HELSINKI,FINNAIR,A,S, 62 , 0 , 80.6451612903226 , 14.5161290322581 , 1.61290322580645 , 3.2258064516129 , 0 , 0 , 8.98387096774194 , 0 , 62 , 80.6451612903226 , 9.75806451612903 
08-Jan-2004 16:34,200103,GATWICK,FINLAND,HELSINKI,FINNAIR,D,S, 62 , 0 , 82.258064516129 , 3.2258064516129 , 8.06451612903226 , 6.45161290322581 , 0 , 0 , 14.4516129032258 , 0 , 62 , 83.8709677419355 , 8.45161290322581 
08-Jan-2004 16:34,200103,GATWICK,FINLAND,KITTILA,EXCEL AIRWAYS LTD,A,C, 0 , 0 , 0 , 0 , 0 , 0 , 0 , 0 , 0 , 0 , 2 , 50 , 18.5 
08-Jan-2004 16:34,200103,GATWICK,FINLAND,KITTILA,EXCEL AIRWAYS LTD,D,C, 0 , 0 , 0 , 0 , 0 , 0 , 0 , 0 , 0 , 0 , 1 , 0 , 18 
08-Jan-2004 16:34,200103,GATWICK,FINLAND,KITTILA,THOMAS COOK AIRLINES LTD,A,C, 4 , 0 , 25 , 25 , 50 , 0 , 0 , 0 , 29 , 0 , 0 , 0 , 0 
08-Jan-2004 16:34,200103,GATWICK,FINLAND,KITTILA,THOMAS COOK AIRLINES LTD,D,C, 3 , 0 , 66.6666666666667 , 33.3333333333333 , 0 , 0 , 0 , 0 , 10.3333333333333 , 0 , 0 , 0 , 0 
08-Jan-2004 16:34,200103,GATWICK,FRANCE,BORDEAUX,AIR LIB,A,S, 0 , 0 , 0 , 0 , 0 , 0 , 0 , 0 , 0 , 0 , 92 , 84.7826086956522 , 7.82608695652174 
08-Jan-2004 16:34,200103,GATWICK,FRANCE,BORDEAUX,AIR LIB,D,S, 0 , 0 , 0 , 0 , 0 , 0 , 0 , 0 , 0 , 0 , 91 , 87.9120879120879 , 5.71428571428571 
08-Jan-2004 16:34,200103,GATWICK,FRANCE,BORDEAUX,BRITISH AIRWAYS (EURO OPS) LGW,A,S, 72 , 0 , 91.6666666666667 , 2.77777777777778 , 2.77777777777778 , 2.77777777777778 , 0 , 0 , 6.90277777777778 , 0 , 0 , 0 , 0 
08-Jan-2004 16:34,200103,GATWICK,FRANCE,BORDEAUX,BRITISH AIRWAYS (EURO OPS) LGW,D,S, 70 , 0 , 71.4285714285714 , 12.8571428571429 , 5.71428571428571 , 7.14285714285714 , 2.85714285714286 , 0 , 21.3428571428571 , 0 , 0 , 0 , 0 
08-Jan-2004 16:34,200103,GATWICK,FRANCE,BORDEAUX,CITY FLYER EXPRESS,A,S, 14 , 0 , 100 , 0 , 0 , 0 , 0 , 0 , 0.571428571428571 , 0 , 0 , 0 , 0 
08-Jan-2004 16:34,200103,GATWICK,FRANCE,BORDEAUX,CITY FLYER EXPRESS,D,S, 14 , 0 , 78.5714285714286 , 14.2857142857143 , 7.14285714285714 , 0 , 0 , 0 , 9.85714285714286 , 0 , 0 , 0 , 0 
08-Jan-2004 16:34,200103,GATWICK,FRANCE,BREST,BRIT AIR,A,S, 66 , 0 , 59.0909090909091 , 25.7575757575758 , 12.1212121212121 , 3.03030303030303 , 0 , 0 , 16.5606060606061 , 1 , 84 , 86.9047619047619 , 10.4642857142857 
08-Jan-2004 16:34,200103,GATWICK,FRANCE,BREST,BRIT AIR,D,S, 66 , 0 , 77.2727272727273 , 15.1515151515152 , 4.54545454545455 , 3.03030303030303 , 0 , 0 , 10.7575757575758 , 1 , 83 , 92.7710843373494 , 4.24096385542169 
08-Jan-2004 16:34,200103,GATWICK,FRANCE,CHAMBERY,BRITANNIA AIRWAYS,A,C, 5 , 0 , 40 , 0 , 0 , 20 , 40 , 0 , 150.8 , 0 , 0 , 0 , 0 
08-Jan-2004 16:34,200103,GATWICK,FRANCE,CHAMBERY,BRITANNIA AIRWAYS,D,C, 5 , 0 , 80 , 20 , 0 , 0 , 0 , 0 , 9.4 , 0 , 0 , 0 , 0 
08-Jan-2004 16:34,200103,GATWICK,FRANCE,CHAMBERY,CITY FLYER EXPRESS,A,C, 22 , 1 , 63.6363636363636 , 18.1818181818182 , 13.6363636363636 , 4.54545454545455 , 0 , 0 , 17.2727272727273 , 0 , 12 , 50 , 26.0833333333333 
08-Jan-2004 16:34,200103,GATWICK,FRANCE,CHAMBERY,CITY FLYER EXPRESS,D,C, 23 , 0 , 34.7826086956522 , 43.4782608695652 , 21.7391304347826 , 0 , 0 , 0 , 21.6521739130435 , 0 , 12 , 58.3333333333333 , 19.3333333333333 
08-Jan-2004 16:34,200103,GATWICK,FRANCE,CHAMBERY,EXCEL AIRWAYS LTD,A,C, 5 , 0 , 40 , 0 , 0 , 40 , 20 , 0 , 106.4 , 0 , 4 , 0 , 59.75 
08-Jan-2004 16:34,200103,GATWICK,FRANCE,CHAMBERY,EXCEL AIRWAYS LTD,D,C, 5 , 0 , 80 , 20 , 0 , 0 , 0 , 0 , 5.8 , 0 , 4 , 0 , 53.25 
08-Jan-2004 16:34,200103,GATWICK,FRANCE,GRENOBLE,AIR 2000,A,C, 10 , 0 , 80 , 10 , 0 , 10 , 0 , 0 , 10.5 , 0 , 8 , 50 , 33.125 
08-Jan-2004 16:34,200103,GATWICK,FRANCE,GRENOBLE,AIR 2000,D,C, 10 , 0 , 90 , 10 , 0 , 0 , 0 , 0 , 7.2 , 0 , 8 , 50 , 40.5 
08-Jan-2004 16:34,200103,GATWICK,FRANCE,GRENOBLE,MONARCH AIRLINES,A,C, 5 , 0 , 80 , 20 , 0 , 0 , 0 , 0 , 10 , 0 , 9 , 88.8888888888889 , 4.33333333333333 
08-Jan-2004 16:34,200103,GATWICK,FRANCE,GRENOBLE,MONARCH AIRLINES,D,C, 5 , 1 , 100 , 0 , 0 , 0 , 0 , 0 , 0 , 0 , 8 , 87.5 , 6.5 
08-Jan-2004 16:34,200103,GATWICK,FRANCE,LYON,AIR 2000,A,C, 16 , 0 , 37.5 , 12.5 , 18.75 , 31.25 , 0 , 0 , 43.8125 , 0 , 15 , 46.6666666666667 , 43.9333333333333 
08-Jan-2004 16:34,200103,GATWICK,FRANCE,LYON,AIR 2000,D,C, 18 , 0 , 38.8888888888889 , 16.6666666666667 , 16.6666666666667 , 27.7777777777778 , 0 , 0 , 40.1111111111111 , 0 , 15 , 73.3333333333333 , 25.5333333333333 
08-Jan-2004 16:34,200103,GATWICK,FRANCE,LYON,BRITANNIA AIRWAYS,A,C, 24 , 0 , 37.5 , 16.6666666666667 , 41.6666666666667 , 4.16666666666667 , 0 , 0 , 31.2083333333333 , 0 , 19 , 42.1052631578947 , 44.5789473684211 
08-Jan-2004 16:34,200103,GATWICK,FRANCE,LYON,BRITANNIA AIRWAYS,D,C, 24 , 0 , 87.5 , 4.16666666666667 , 4.16666666666667 , 4.16666666666667 , 0 , 0 , 12.7916666666667 , 0 , 19 , 63.1578947368421 , 19.5263157894737 
08-Jan-2004 16:34,200103,GATWICK,FRANCE,LYON,BRITISH AIRWAYS (EURO OPS) LGW,A,S, 89 , 0 , 66.2921348314607 , 13.4831460674157 , 11.2359550561798 , 8.98876404494382 , 0 , 0 , 17.2584269662921 , 0 , 18 , 88.8888888888889 , 4.05555555555556 
08-Jan-2004 16:34,200103,GATWICK,FRANCE,LYON,BRITISH AIRWAYS (EURO OPS) LGW,D,S, 89 , 0 , 65.1685393258427 , 11.2359550561798 , 14.6067415730337 , 8.98876404494382 , 0 , 0 , 19.6966292134831 , 0 , 18 , 100 , 3.55555555555556 
08-Jan-2004 16:34,200103,GATWICK,FRANCE,LYON,CALEDONIAN AIRWAYS,A,C, 0 , 0 , 0 , 0 , 0 , 0 , 0 , 0 , 0 , 0 , 12 , 66.6666666666667 , 12.25 
08-Jan-2004 16:34,200103,GATWICK,FRANCE,LYON,CALEDONIAN AIRWAYS,D,C, 0 , 0 , 0 , 0 , 0 , 0 , 0 , 0 , 0 , 0 , 12 , 75 , 7.58333333333333 
08-Jan-2004 16:34,200103,GATWICK,FRANCE,LYON,CITY FLYER EXPRESS,A,C, 5 , 0 , 80 , 0 , 20 , 0 , 0 , 0 , 8.2 , 0 , 0 , 0 , 0 
08-Jan-2004 16:34,200103,GATWICK,FRANCE,LYON,CITY FLYER EXPRESS,D,C, 5 , 0 , 60 , 20 , 20 , 0 , 0 , 0 , 22 , 0 , 0 , 0 , 0 
08-Jan-2004 16:34,200103,GATWICK,FRANCE,LYON,EUROPEAN AIR CHARTER,A,C, 0 , 0 , 0 , 0 , 0 , 0 , 0 , 0 , 0 , 0 , 4 , 0 , 41.25 
08-Jan-2004 16:34,200103,GATWICK,FRANCE,LYON,EUROPEAN AIR CHARTER,D,C, 0 , 0 , 0 , 0 , 0 , 0 , 0 , 0 , 0 , 0 , 4 , 75 , 58.75 
08-Jan-2004 16:34,200103,GATWICK,FRANCE,LYON,MONARCH AIRLINES,A,C, 10 , 0 , 20 , 10 , 10 , 50 , 0 , 10 , 96.6 , 0 , 8 , 37.5 , 42 
08-Jan-2004 16:34,200103,GATWICK,FRANCE,LYON,MONARCH AIRLINES,D,C, 10 , 0 , 20 , 40 , 20 , 10 , 0 , 10 , 70.7 , 0 , 9 , 55.5555555555556 , 25.3333333333333 
08-Jan-2004 16:34,200103,GATWICK,FRANCE,LYON,THOMAS COOK AIRLINES LTD,A,C, 18 , 0 , 44.4444444444444 , 27.7777777777778 , 22.2222222222222 , 5.55555555555556 , 0 , 0 , 22.6111111111111 , 0 , 4 , 100 , 0 
08-Jan-2004 16:34,200103,GATWICK,FRANCE,LYON,THOMAS COOK AIRLINES LTD,D,C, 18 , 0 , 83.3333333333333 , 5.55555555555556 , 5.55555555555556 , 5.55555555555556 , 0 , 0 , 11.6111111111111 , 0 , 4 , 100 , 1 
08-Jan-2004 16:34,200103,GATWICK,FRANCE,MARSEILLE,AERIS,A,C, 0 , 0 , 0 , 0 , 0 , 0 , 0 , 0 , 0 , 0 , 1 , 0 , 17 
08-Jan-2004 16:34,200103,GATWICK,FRANCE,MARSEILLE,AERIS,D,C, 0 , 0 , 0 , 0 , 0 , 0 , 0 , 0 , 0 , 0 , 1 , 0 , 100 
08-Jan-2004 16:34,200103,GATWICK,FRANCE,MARSEILLE,AIR 2000,A,C, 0 , 0 , 0 , 0 , 0 , 0 , 0 , 0 , 0 , 0 , 1 , 0 , 40 
08-Jan-2004 16:34,200103,GATWICK,FRANCE,MARSEILLE,BRITISH AIRWAYS (EURO OPS) LGW,A,S, 93 , 0 , 78.494623655914 , 8.60215053763441 , 6.45161290322581 , 6.45161290322581 , 0 , 0 , 12.7741935483871 , 0 , 92 , 86.9565217391304 , 6.67391304347826 
08-Jan-2004 16:34,200103,GATWICK,FRANCE,MARSEILLE,BRITISH AIRWAYS (EURO OPS) LGW,D,S, 92 , 0 , 64.1304347826087 , 14.1304347826087 , 10.8695652173913 , 9.78260869565217 , 1.08695652173913 , 0 , 21.0434782608696 , 0 , 92 , 83.695652173913 , 6.6304347826087 
08-Jan-2004 16:34,200103,GATWICK,FRANCE,MARSEILLE,EURALAIR,A,C, 0 , 0 , 0 , 0 , 0 , 0 , 0 , 0 , 0 , 0 , 1 , 0 , 18 
08-Jan-2004 16:34,200103,GATWICK,FRANCE,MARSEILLE,EURALAIR,D,C, 0 , 0 , 0 , 0 , 0 , 0 , 0 , 0 , 0 , 0 , 1 , 0 , 73 
08-Jan-2004 16:34,200103,GATWICK,FRANCE,MARSEILLE,EUROPEAN AIR CHARTER,A,C, 0 , 0 , 0 , 0 , 0 , 0 , 0 , 0 , 0 , 0 , 1 , 0 , 49 
08-Jan-2004 16:34,200103,GATWICK,FRANCE,MARSEILLE,EXCEL AIRWAYS LTD,A,C, 0 , 0 , 0 , 0 , 0 , 0 , 0 , 0 , 0 , 0 , 1 , 0 , 29 
08-Jan-2004 16:34,200103,GATWICK,FRANCE,MARSEILLE,MONARCH AIRLINES,A,C, 0 , 0 , 0 , 0 , 0 , 0 , 0 , 0 , 0 , 0 , 1 , 0 , 24 
08-Jan-2004 16:34,200103,GATWICK,FRANCE,MONTPELLIER,BRITISH AIRWAYS (EURO OPS) LGW,A,S, 30 , 0 , 83.3333333333333 , 10 , 3.33333333333333 , 3.33333333333333 , 0 , 0 , 9.1 , 0 , 31 , 93.5483870967742 , 2.51612903225806 
08-Jan-2004 16:34,200103,GATWICK,FRANCE,MONTPELLIER,BRITISH AIRWAYS (EURO OPS) LGW,D,S, 30 , 0 , 76.6666666666667 , 10 , 6.66666666666667 , 6.66666666666667 , 0 , 0 , 13.5 , 0 , 31 , 77.4193548387097 , 8.74193548387097 
08-Jan-2004 16:34,200103,GATWICK,FRANCE,NANTES,GB AIRWAYS LTD,A,S, 41 , 0 , 82.9268292682927 , 9.75609756097561 , 2.4390243902439 , 4.8780487804878 , 0 , 0 , 11.1951219512195 , 0 , 16 , 87.5 , 6.1875 
08-Jan-2004 16:34,200103,GATWICK,FRANCE,NANTES,GB AIRWAYS LTD,D,S, 40 , 0 , 92.5 , 0 , 2.5 , 5 , 0 , 0 , 12.45 , 0 , 16 , 87.5 , 7.8125 
08-Jan-2004 16:34,200103,GATWICK,FRANCE,NICE,CITY FLYER EXPRESS,A,S, 26 , 0 , 76.9230769230769 , 0 , 15.3846153846154 , 7.69230769230769 , 0 , 0 , 14.3461538461538 , 1 , 33 , 51.5151515151515 , 24.969696969697 
08-Jan-2004 16:34,200103,GATWICK,FRANCE,NICE,CITY FLYER EXPRESS,D,S, 27 , 0 , 62.962962962963 , 3.7037037037037 , 25.9259259259259 , 7.40740740740741 , 0 , 0 , 21.4444444444444 , 0 , 33 , 63.6363636363636 , 19.4242424242424 
08-Jan-2004 16:34,200103,GATWICK,FRANCE,NICE,EXCEL AIRWAYS LTD,A,C, 0 , 0 , 0 , 0 , 0 , 0 , 0 , 0 , 0 , 0 , 1 , 100 , 1 
08-Jan-2004 16:34,200103,GATWICK,FRANCE,PARIS (CHARLES DE GAULLE),AIR GABON,A,S, 4 , 0 , 50 , 25 , 25 , 0 , 0 , 0 , 14.25 , 0 , 0 , 0 , 0 
08-Jan-2004 16:34,200103,GATWICK,FRANCE,PARIS (CHARLES DE GAULLE),AIR GABON,D,S, 1 , 0 , 0 , 0 , 0 , 100 , 0 , 0 , 61 , 0 , 0 , 0 , 0 
08-Jan-2004 16:34,200103,GATWICK,FRANCE,PARIS (CHARLES DE GAULLE),BRITISH AIRWAYS (EURO OPS) LGW,A,S, 144 , 0 , 61.8055555555556 , 13.1944444444444 , 13.1944444444444 , 11.1111111111111 , 0.694444444444444 , 0 , 21.7222222222222 , 0 , 147 , 73.469387755102 , 11.3945578231293 
08-Jan-2004 16:34,200103,GATWICK,FRANCE,PARIS (CHARLES DE GAULLE),BRITISH AIRWAYS (EURO OPS) LGW,D,S, 144 , 0 , 52.7777777777778 , 18.75 , 19.4444444444444 , 8.33333333333333 , 0.694444444444444 , 0 , 23.6111111111111 , 0 , 147 , 70.0680272108844 , 14.3877551020408 
08-Jan-2004 16:34,200103,GATWICK,FRANCE,PARIS (CHARLES DE GAULLE),CAMEROON AIRLINES,A,S, 0 , 0 , 0 , 0 , 0 , 0 , 0 , 0 , 0 , 7 , 1 , 0 , 28 
08-Jan-2004 16:34,200103,GATWICK,FRANCE,PARIS (CHARLES DE GAULLE),CAMEROON AIRLINES,D,S, 0 , 0 , 0 , 0 , 0 , 0 , 0 , 0 , 0 , 4 , 3 , 0 , 63.6666666666667 
08-Jan-2004 16:34,200103,GATWICK,FRANCE,PARIS (CHARLES DE GAULLE),EXCEL AIRWAYS LTD,A,C, 1 , 0 , 100 , 0 , 0 , 0 , 0 , 0 , 13 , 0 , 0 , 0 , 0 
08-Jan-2004 16:34,200103,GATWICK,FRANCE,PARIS (CHARLES DE GAULLE),EXCEL AIRWAYS LTD,D,C, 0 , 1 , 0 , 0 , 0 , 0 , 0 , 0 , 0 , 0 , 0 , 0 , 0 
08-Jan-2004 16:34,200103,GATWICK,FRANCE,STRASBOURG,BRIT AIR,A,S, 75 , 0 , 61.3333333333333 , 30.6666666666667 , 8 , 0 , 0 , 0 , 14.0266666666667 , 0 , 76 , 82.8947368421053 , 9.39473684210526 
08-Jan-2004 16:34,200103,GATWICK,FRANCE,STRASBOURG,BRIT AIR,D,S, 75 , 0 , 82.6666666666667 , 17.3333333333333 , 0 , 0 , 0 , 0 , 7.25333333333333 , 0 , 76 , 75 , 9.39473684210526 
08-Jan-2004 16:34,200103,GATWICK,FRANCE,STRASBOURG,BRITISH WORLD AIRLINES LTD,A,C, 0 , 0 , 0 , 0 , 0 , 0 , 0 , 0 , 0 , 0 , 1 , 0 , 24 
08-Jan-2004 16:34,200103,GATWICK,FRANCE,STRASBOURG,BRITISH WORLD AIRLINES LTD,D,C, 0 , 0 , 0 , 0 , 0 , 0 , 0 , 0 , 0 , 0 , 1 , 0 , 21 
08-Jan-2004 16:34,200103,GATWICK,FRANCE,TARBES-LOURDES INTERNATIONAL,EUROPEAN AIR CHARTER,A,C, 0 , 0 , 0 , 0 , 0 , 0 , 0 , 0 , 0 , 0 , 1 , 0 , 21 
08-Jan-2004 16:34,200103,GATWICK,FRANCE,TARBES-LOURDES INTERNATIONAL,EUROPEAN AIR CHARTER,D,C, 0 , 0 , 0 , 0 , 0 , 0 , 0 , 0 , 0 , 0 , 1 , 100 , 8 
08-Jan-2004 16:34,200103,GATWICK,FRANCE,TOULOUSE (BLAGNAC),AIR 2000,A,C, 7 , 0 , 57.1428571428571 , 14.2857142857143 , 0 , 28.5714285714286 , 0 , 0 , 24.5714285714286 , 0 , 8 , 62.5 , 31.125 
08-Jan-2004 16:34,200103,GATWICK,FRANCE,TOULOUSE (BLAGNAC),AIR 2000,D,C, 6 , 0 , 100 , 0 , 0 , 0 , 0 , 0 , 2.33333333333333 , 0 , 8 , 62.5 , 33.125 
08-Jan-2004 16:34,200103,GATWICK,FRANCE,TOULOUSE (BLAGNAC),AIR LIB,A,S, 0 , 0 , 0 , 0 , 0 , 0 , 0 , 0 , 0 , 0 , 92 , 75 , 9.79347826086956 
08-Jan-2004 16:34,200103,GATWICK,FRANCE,TOULOUSE (BLAGNAC),AIR LIB,D,S, 0 , 0 , 0 , 0 , 0 , 0 , 0 , 0 , 0 , 0 , 92 , 83.695652173913 , 7.1195652173913 
08-Jan-2004 16:34,200103,GATWICK,FRANCE,TOULOUSE (BLAGNAC),BRITANNIA AIRWAYS,A,C, 8 , 1 , 62.5 , 12.5 , 12.5 , 12.5 , 0 , 0 , 21.125 , 0 , 4 , 25 , 25.25 
08-Jan-2004 16:34,200103,GATWICK,FRANCE,TOULOUSE (BLAGNAC),BRITANNIA AIRWAYS,D,C, 9 , 0 , 77.7777777777778 , 11.1111111111111 , 0 , 11.1111111111111 , 0 , 0 , 12.2222222222222 , 0 , 4 , 100 , 6.75 
08-Jan-2004 16:34,200103,GATWICK,FRANCE,TOULOUSE (BLAGNAC),BRITISH AIRWAYS (EURO OPS) LGW,A,S, 69 , 0 , 57.9710144927536 , 21.7391304347826 , 14.4927536231884 , 5.79710144927536 , 0 , 0 , 21.1594202898551 , 0 , 0 , 0 , 0 
08-Jan-2004 16:34,200103,GATWICK,FRANCE,TOULOUSE (BLAGNAC),BRITISH AIRWAYS (EURO OPS) LGW,D,S, 71 , 0 , 69.0140845070422 , 9.85915492957746 , 11.2676056338028 , 7.04225352112676 , 2.8169014084507 , 0 , 24.7183098591549 , 0 , 0 , 0 , 0 
08-Jan-2004 16:34,200103,GATWICK,FRANCE,TOULOUSE (BLAGNAC),CITY FLYER EXPRESS,A,S, 21 , 0 , 57.1428571428571 , 28.5714285714286 , 14.2857142857143 , 0 , 0 , 0 , 15.5238095238095 , 0 , 0 , 0 , 0 
08-Jan-2004 16:34,200103,GATWICK,FRANCE,TOULOUSE (BLAGNAC),CITY FLYER EXPRESS,D,S, 21 , 0 , 80.9523809523809 , 14.2857142857143 , 4.76190476190476 , 0 , 0 , 0 , 8.28571428571429 , 1 , 0 , 0 , 0 
08-Jan-2004 16:34,200103,GATWICK,FRANCE,TOULOUSE (BLAGNAC),MONARCH AIRLINES,A,C, 12 , 0 , 58.3333333333333 , 8.33333333333333 , 16.6666666666667 , 16.6666666666667 , 0 , 0 , 29 , 0 , 12 , 41.6666666666667 , 29.9166666666667 
08-Jan-2004 16:34,200103,GATWICK,FRANCE,TOULOUSE (BLAGNAC),MONARCH AIRLINES,D,C, 12 , 0 , 91.6666666666667 , 0 , 8.33333333333333 , 0 , 0 , 0 , 6.25 , 0 , 12 , 83.3333333333333 , 11.1666666666667 
08-Jan-2004 16:34,200103,GATWICK,FRANCE,TOULOUSE (BLAGNAC),MY TRAVEL AIRWAYS UK,A,C, 0 , 0 , 0 , 0 , 0 , 0 , 0 , 0 , 0 , 0 , 4 , 25 , 104.25 
08-Jan-2004 16:34,200103,GATWICK,FRANCE,TOULOUSE (BLAGNAC),MY TRAVEL AIRWAYS UK,D,C, 0 , 0 , 0 , 0 , 0 , 0 , 0 , 0 , 0 , 0 , 4 , 50 , 65.5 
08-Jan-2004 16:34,200103,GATWICK,FRANCE,TOULOUSE (BLAGNAC),THOMAS COOK AIRLINES LTD,A,C, 3 , 0 , 0 , 0 , 33.3333333333333 , 33.3333333333333 , 33.3333333333333 , 0 , 141 , 0 , 4 , 25 , 47.25 
08-Jan-2004 16:34,200103,GATWICK,FRANCE,TOULOUSE (BLAGNAC),THOMAS COOK AIRLINES LTD,D,C, 3 , 0 , 33.3333333333333 , 33.3333333333333 , 0 , 0 , 33.3333333333333 , 0 , 85.6666666666667 , 0 , 4 , 100 , 5.25 
08-Jan-2004 16:34,200103,GATWICK,GABON,LIBREVILLE,AIR GABON,A,S, 4 , 0 , 25 , 0 , 50 , 25 , 0 , 0 , 37 , 0 , 3 , 0 , 65 
08-Jan-2004 16:34,200103,GATWICK,GABON,LIBREVILLE,AIR GABON,D,S, 5 , 0 , 20 , 20 , 20 , 40 , 0 , 0 , 41.4 , 0 , 3 , 0 , 35.6666666666667 
08-Jan-2004 16:34,200103,GATWICK,GAMBIA,BANJUL,AIR 2000,A,C, 4 , 0 , 0 , 50 , 25 , 0 , 25 , 0 , 103.25 , 0 , 5 , 60 , 24.2 
08-Jan-2004 16:34,200103,GATWICK,GAMBIA,BANJUL,AIR 2000,D,C, 5 , 0 , 60 , 20 , 0 , 0 , 20 , 0 , 64.6 , 0 , 5 , 60 , 14.6 
08-Jan-2004 16:34,200103,GATWICK,GAMBIA,BANJUL,BRITANNIA AIRWAYS,A,C, 0 , 0 , 0 , 0 , 0 , 0 , 0 , 0 , 0 , 0 , 4 , 0 , 82 
08-Jan-2004 16:34,200103,GATWICK,GAMBIA,BANJUL,BRITANNIA AIRWAYS,D,C, 0 , 0 , 0 , 0 , 0 , 0 , 0 , 0 , 0 , 0 , 4 , 50 , 42.25 
08-Jan-2004 16:34,200103,GATWICK,GAMBIA,BANJUL,MONARCH AIRLINES,A,C, 9 , 0 , 0 , 0 , 88.8888888888889 , 11.1111111111111 , 0 , 0 , 47.4444444444444 , 0 , 9 , 22.2222222222222 , 26.4444444444444 
08-Jan-2004 16:34,200103,GATWICK,GAMBIA,BANJUL,MONARCH AIRLINES,D,C, 9 , 0 , 88.8888888888889 , 11.1111111111111 , 0 , 0 , 0 , 0 , 12.2222222222222 , 0 , 9 , 66.6666666666667 , 18.6666666666667 
08-Jan-2004 16:34,200103,GATWICK,GAMBIA,BANJUL,THOMAS COOK AIRLINES LTD,A,C, 5 , 0 , 60 , 20 , 20 , 0 , 0 , 0 , 14.4 , 0 , 4 , 25 , 79.5 
08-Jan-2004 16:34,200103,GATWICK,GAMBIA,BANJUL,THOMAS COOK AIRLINES LTD,D,C, 5 , 0 , 100 , 0 , 0 , 0 , 0 , 0 , 3 , 0 , 4 , 75 , 70 
08-Jan-2004 16:34,200103,GATWICK,GERMANY,BREMEN,CITY FLYER EXPRESS,A,S, 88 , 0 , 81.8181818181818 , 10.2272727272727 , 4.54545454545455 , 3.40909090909091 , 0 , 0 , 9.05681818181818 , 0 , 89 , 89.8876404494382 , 5.65168539325843 
08-Jan-2004 16:34,200103,GATWICK,GERMANY,BREMEN,CITY FLYER EXPRESS,D,S, 88 , 0 , 73.8636363636364 , 14.7727272727273 , 9.09090909090909 , 2.27272727272727 , 0 , 0 , 10.4431818181818 , 0 , 89 , 80.8988764044944 , 10.6179775280899 
08-Jan-2004 16:34,200103,GATWICK,GERMANY,BREMEN,VIRGIN ATLANTIC AIRWAYS LTD,A,C, 0 , 0 , 0 , 0 , 0 , 0 , 0 , 0 , 0 , 0 , 1 , 100 , 7 
08-Jan-2004 16:34,200103,GATWICK,GERMANY,BREMEN,VIRGIN ATLANTIC AIRWAYS LTD,D,C, 0 , 0 , 0 , 0 , 0 , 0 , 0 , 0 , 0 , 0 , 1 , 0 , 18 
08-Jan-2004 16:34,200103,GATWICK,GERMANY,COLOGNE (BONN),CITY FLYER EXPRESS,A,S, 0 , 0 , 0 , 0 , 0 , 0 , 0 , 0 , 0 , 0 , 39 , 76.9230769230769 , 7.71794871794872 
08-Jan-2004 16:34,200103,GATWICK,GERMANY,COLOGNE (BONN),CITY FLYER EXPRESS,D,S, 0 , 0 , 0 , 0 , 0 , 0 , 0 , 0 , 0 , 0 , 39 , 87.1794871794872 , 5.84615384615385 
08-Jan-2004 16:34,200103,GATWICK,GERMANY,DUSSELDORF,BRITANNIA GMBH,A,C, 0 , 1 , 0 , 0 , 0 , 0 , 0 , 0 , 0 , 0 , 0 , 0 , 0 
08-Jan-2004 16:34,200103,GATWICK,GERMANY,DUSSELDORF,CITY FLYER EXPRESS,A,S, 116 , 0 , 75 , 12.9310344827586 , 9.48275862068965 , 2.58620689655172 , 0 , 0 , 12.4137931034483 , 2 , 119 , 86.5546218487395 , 6.96638655462185 
08-Jan-2004 16:34,200103,GATWICK,GERMANY,DUSSELDORF,CITY FLYER EXPRESS,D,S, 117 , 0 , 72.6495726495726 , 12.8205128205128 , 11.1111111111111 , 3.41880341880342 , 0 , 0 , 14.8376068376068 , 0 , 119 , 85.7142857142857 , 6.63865546218487 
08-Jan-2004 16:34,200103,GATWICK,GERMANY,FRANKFURT MAIN,BRITISH AIRWAYS (EURO OPS) LGW,A,S, 85 , 0 , 70.5882352941177 , 17.6470588235294 , 8.23529411764706 , 3.52941176470588 , 0 , 0 , 14.7294117647059 , 0 , 89 , 75.2808988764045 , 9.61797752808989 
08-Jan-2004 16:34,200103,GATWICK,GERMANY,FRANKFURT MAIN,BRITISH AIRWAYS (EURO OPS) LGW,D,S, 85 , 0 , 64.7058823529412 , 20 , 11.7647058823529 , 2.35294117647059 , 1.17647058823529 , 0 , 17.4117647058824 , 0 , 89 , 62.9213483146067 , 13.6404494382022 
08-Jan-2004 16:34,200103,GATWICK,GERMANY,HAMBURG,DEUTSCHE BA,A,S, 66 , 0 , 63.6363636363636 , 22.7272727272727 , 9.09090909090909 , 3.03030303030303 , 1.51515151515152 , 0 , 19.3636363636364 , 2 , 89 , 89.8876404494382 , 3.52808988764045 
08-Jan-2004 16:34,200103,GATWICK,GERMANY,HAMBURG,DEUTSCHE BA,D,S, 65 , 0 , 58.4615384615385 , 20 , 12.3076923076923 , 9.23076923076923 , 0 , 0 , 21.2923076923077 , 2 , 89 , 87.6404494382023 , 5.48314606741573 
08-Jan-2004 16:34,200103,GATWICK,GERMANY,HANOVER,CITY FLYER EXPRESS,A,S, 79 , 0 , 77.2151898734177 , 16.4556962025316 , 2.53164556962025 , 2.53164556962025 , 1.26582278481013 , 0 , 12.6582278481013 , 1 , 82 , 82.9268292682927 , 7.25609756097561 
08-Jan-2004 16:34,200103,GATWICK,GERMANY,HANOVER,CITY FLYER EXPRESS,D,S, 79 , 0 , 72.1518987341772 , 15.1898734177215 , 7.59493670886076 , 5.06329113924051 , 0 , 0 , 14.253164556962 , 0 , 82 , 74.390243902439 , 11.0121951219512 
08-Jan-2004 16:34,200103,GATWICK,GERMANY,MUNICH,DEUTSCHE BA,A,C, 0 , 0 , 0 , 0 , 0 , 0 , 0 , 0 , 0 , 0 , 1 , 100 , 0 
08-Jan-2004 16:34,200103,GATWICK,GERMANY,MUNICH,DEUTSCHE BA,A,S, 88 , 0 , 53.4090909090909 , 31.8181818181818 , 12.5 , 2.27272727272727 , 0 , 0 , 17.7272727272727 , 0 , 89 , 57.3033707865169 , 14.8876404494382 
08-Jan-2004 16:34,200103,GATWICK,GERMANY,MUNICH,DEUTSCHE BA,D,C, 0 , 0 , 0 , 0 , 0 , 0 , 0 , 0 , 0 , 0 , 1 , 100 , 0 
08-Jan-2004 16:34,200103,GATWICK,GERMANY,MUNICH,DEUTSCHE BA,D,S, 87 , 0 , 62.0689655172414 , 25.2873563218391 , 6.89655172413793 , 5.74712643678161 , 0 , 0 , 18.367816091954 , 1 , 89 , 69.6629213483146 , 12.2808988764045 
08-Jan-2004 16:34,200103,GATWICK,GERMANY,MUNICH,MONARCH AIRLINES,D,C, 1 , 0 , 100 , 0 , 0 , 0 , 0 , 0 , 0 , 0 , 0 , 0 , 0 
08-Jan-2004 16:34,200103,GATWICK,GHANA,ACCRA,BRITISH AIRWAYS PLC,A,S, 23 , 0 , 86.9565217391304 , 8.69565217391304 , 4.34782608695652 , 0 , 0 , 0 , 5.30434782608696 , 0 , 18 , 100 , 2.11111111111111 
08-Jan-2004 16:34,200103,GATWICK,GHANA,ACCRA,BRITISH AIRWAYS PLC,D,S, 13 , 0 , 61.5384615384615 , 15.3846153846154 , 15.3846153846154 , 7.69230769230769 , 0 , 0 , 22.2307692307692 , 0 , 17 , 52.9411764705882 , 15.5882352941176 
08-Jan-2004 16:34,200103,GATWICK,GIBRALTAR,GIBRALTAR,GB AIRWAYS LTD,A,S, 39 , 0 , 82.0512820512821 , 2.56410256410256 , 5.12820512820513 , 5.12820512820513 , 5.12820512820513 , 0 , 22.8461538461538 , 5 , 49 , 91.8367346938776 , 3.6530612244898 
08-Jan-2004 16:34,200103,GATWICK,GIBRALTAR,GIBRALTAR,GB AIRWAYS LTD,D,S, 42 , 0 , 71.4285714285714 , 14.2857142857143 , 2.38095238095238 , 4.76190476190476 , 7.14285714285714 , 0 , 30.1190476190476 , 2 , 49 , 71.4285714285714 , 12.8979591836735 
08-Jan-2004 16:34,200103,GATWICK,GREECE,ATHENS,BRITISH AIRWAYS (EURO OPS) LGW,A,S, 29 , 0 , 41.3793103448276 , 17.2413793103448 , 10.3448275862069 , 31.0344827586207 , 0 , 0 , 39.3793103448276 , 0 , 31 , 96.7741935483871 , 3.09677419354839 
08-Jan-2004 16:34,200103,GATWICK,GREECE,ATHENS,BRITISH AIRWAYS (EURO OPS) LGW,D,S, 30 , 0 , 66.6666666666667 , 10 , 16.6666666666667 , 6.66666666666667 , 0 , 0 , 20.5 , 0 , 31 , 67.741935483871 , 11.6451612903226 
08-Jan-2004 16:34,200103,GATWICK,GREECE,ATHENS,MONARCH AIRLINES,A,C, 0 , 0 , 0 , 0 , 0 , 0 , 0 , 0 , 0 , 0 , 9 , 77.7777777777778 , 10.5555555555556 
08-Jan-2004 16:34,200103,GATWICK,GREECE,ATHENS,MONARCH AIRLINES,D,C, 1 , 0 , 100 , 0 , 0 , 0 , 0 , 0 , 10 , 0 , 12 , 91.6666666666667 , 5.33333333333333 
08-Jan-2004 16:34,200103,GATWICK,GREECE,ATHENS,OLYMPIC AIRWAYS,A,S, 19 , 0 , 52.6315789473684 , 15.7894736842105 , 15.7894736842105 , 15.7894736842105 , 0 , 0 , 30.5263157894737 , 0 , 6 , 83.3333333333333 , 15.1666666666667 
08-Jan-2004 16:34,200103,GATWICK,GREECE,ATHENS,OLYMPIC AIRWAYS,D,S, 19 , 0 , 31.5789473684211 , 26.3157894736842 , 15.7894736842105 , 21.0526315789474 , 5.26315789473684 , 0 , 47.5789473684211 , 0 , 6 , 83.3333333333333 , 15.6666666666667 
08-Jan-2004 16:34,200103,GATWICK,GREECE,ATHENS,VIRGIN ATLANTIC AIRWAYS LTD,A,S, 6 , 0 , 83.3333333333333 , 0 , 16.6666666666667 , 0 , 0 , 0 , 9 , 24 , 8 , 87.5 , 2 
08-Jan-2004 16:34,200103,GATWICK,GREECE,ATHENS,VIRGIN ATLANTIC AIRWAYS LTD,D,S, 6 , 0 , 66.6666666666667 , 0 , 33.3333333333333 , 0 , 0 , 0 , 18.3333333333333 , 22 , 9 , 55.5555555555556 , 22.8888888888889 
08-Jan-2004 16:34,200103,GATWICK,GREECE,SALONIKA,MONARCH AIRLINES,A,C, 0 , 0 , 0 , 0 , 0 , 0 , 0 , 0 , 0 , 0 , 4 , 75 , 9.5 
08-Jan-2004 16:34,200103,GATWICK,GREECE,SALONIKA,MONARCH AIRLINES,D,C, 0 , 0 , 0 , 0 , 0 , 0 , 0 , 0 , 0 , 0 , 2 , 100 , 4.5 
08-Jan-2004 16:34,200103,GATWICK,GRENADA,GRENADA,BRITISH AIRWAYS PLC,A,S, 9 , 0 , 77.7777777777778 , 11.1111111111111 , 11.1111111111111 , 0 , 0 , 0 , 9.66666666666667 , 0 , 9 , 88.8888888888889 , 15.1111111111111 
08-Jan-2004 16:34,200103,GATWICK,GRENADA,GRENADA,BRITISH AIRWAYS PLC,D,S, 9 , 0 , 33.3333333333333 , 44.4444444444444 , 11.1111111111111 , 11.1111111111111 , 0 , 0 , 25 , 0 , 9 , 55.5555555555556 , 28.6666666666667 
08-Jan-2004 16:34,200103,GATWICK,GRENADA,GRENADA,CALEDONIAN AIRWAYS,A,C, 0 , 0 , 0 , 0 , 0 , 0 , 0 , 0 , 0 , 0 , 1 , 0 , 28 
08-Jan-2004 16:34,200103,GATWICK,GRENADA,GRENADA,CALEDONIAN AIRWAYS,D,C, 0 , 0 , 0 , 0 , 0 , 0 , 0 , 0 , 0 , 0 , 10 , 30 , 41 
08-Jan-2004 16:34,200103,GATWICK,GRENADA,GRENADA,THOMAS COOK AIRLINES LTD,A,C, 2 , 0 , 100 , 0 , 0 , 0 , 0 , 0 , 0 , 0 , 0 , 0 , 0 
08-Jan-2004 16:34,200103,GATWICK,GRENADA,GRENADA,THOMAS COOK AIRLINES LTD,D,C, 9 , 0 , 55.5555555555556 , 22.2222222222222 , 0 , 11.1111111111111 , 11.1111111111111 , 0 , 57 , 0 , 0 , 0 , 0 
08-Jan-2004 16:34,200103,GATWICK,HUNGARY,BUDAPEST,MALEV (HUNGARIAN AIRLINES),A,S, 21 , 0 , 85.7142857142857 , 9.52380952380952 , 4.76190476190476 , 0 , 0 , 0 , 5.52380952380952 , 0 , 15 , 93.3333333333333 , 6.46666666666667 
08-Jan-2004 16:34,200103,GATWICK,HUNGARY,BUDAPEST,MALEV (HUNGARIAN AIRLINES),D,S, 21 , 0 , 61.9047619047619 , 23.8095238095238 , 9.52380952380952 , 4.76190476190476 , 0 , 0 , 18.1428571428571 , 0 , 15 , 93.3333333333333 , 5.73333333333333 
08-Jan-2004 16:34,200103,GATWICK,ICELAND,KEFLAVIK,AIR 2000,A,C, 0 , 0 , 0 , 0 , 0 , 0 , 0 , 0 , 0 , 0 , 2 , 50 , 9 
08-Jan-2004 16:34,200103,GATWICK,ICELAND,KEFLAVIK,AIR 2000,D,C, 0 , 0 , 0 , 0 , 0 , 0 , 0 , 0 , 0 , 0 , 2 , 100 , 1.5 
08-Jan-2004 16:34,200103,GATWICK,ICELAND,KEFLAVIK,EXCEL AIRWAYS LTD,D,C, 1 , 0 , 100 , 0 , 0 , 0 , 0 , 0 , 5 , 0 , 0 , 0 , 0 
08-Jan-2004 16:34,200103,GATWICK,ICELAND,KEFLAVIK,MONARCH AIRLINES,A,C, 0 , 0 , 0 , 0 , 0 , 0 , 0 , 0 , 0 , 0 , 2 , 0 , 35.5 
08-Jan-2004 16:34,200103,GATWICK,ICELAND,KEFLAVIK,MONARCH AIRLINES,D,C, 0 , 0 , 0 , 0 , 0 , 0 , 0 , 0 , 0 , 0 , 2 , 50 , 16.5 
08-Jan-2004 16:34,200103,GATWICK,INDIA,GOA,AIR 2000,A,C, 9 , 0 , 33.3333333333333 , 11.1111111111111 , 22.2222222222222 , 33.3333333333333 , 0 , 0 , 33.8888888888889 , 0 , 9 , 55.5555555555556 , 11.7777777777778 
08-Jan-2004 16:34,200103,GATWICK,INDIA,GOA,AIR 2000,D,C, 10 , 0 , 20 , 80 , 0 , 0 , 0 , 0 , 19 , 0 , 9 , 77.7777777777778 , 10.2222222222222 
08-Jan-2004 16:34,200103,GATWICK,INDIA,GOA,MONARCH AIRLINES,A,C, 18 , 0 , 33.3333333333333 , 27.7777777777778 , 33.3333333333333 , 0 , 0 , 5.55555555555556 , 42.1111111111111 , 0 , 13 , 38.4615384615385 , 16.9230769230769 
08-Jan-2004 16:34,200103,GATWICK,INDIA,GOA,MONARCH AIRLINES,D,C, 20 , 0 , 70 , 25 , 0 , 0 , 5 , 0 , 27.4 , 0 , 13 , 38.4615384615385 , 22.5384615384615 
08-Jan-2004 16:34,200103,GATWICK,INDIA,GOA,MY TRAVEL AIRWAYS UK,A,C, 5 , 0 , 0 , 20 , 20 , 20 , 20 , 20 , 175.8 , 0 , 5 , 20 , 70.4 
08-Jan-2004 16:34,200103,GATWICK,INDIA,GOA,MY TRAVEL AIRWAYS UK,D,C, 5 , 0 , 40 , 20 , 0 , 20 , 20 , 0 , 80.2 , 0 , 5 , 80 , 35.2 
08-Jan-2004 16:34,200103,GATWICK,INDIA,TRIVANDRUM,MONARCH AIRLINES,A,C, 4 , 0 , 25 , 0 , 25 , 25 , 0 , 25 , 378 , 0 , 4 , 50 , 21 
08-Jan-2004 16:34,200103,GATWICK,INDIA,TRIVANDRUM,MONARCH AIRLINES,D,C, 3 , 0 , 33.3333333333333 , 33.3333333333333 , 0 , 33.3333333333333 , 0 , 0 , 31 , 0 , 4 , 75 , 29.75 
08-Jan-2004 16:34,200103,GATWICK,INDONESIA,BALI INTERNATIONAL,GARUDA INDONESIA,A,S, 9 , 0 , 22.2222222222222 , 22.2222222222222 , 55.5555555555556 , 0 , 0 , 0 , 34.2222222222222 , 0 , 8 , 12.5 , 35 
08-Jan-2004 16:34,200103,GATWICK,INDONESIA,BALI INTERNATIONAL,GARUDA INDONESIA,D,S, 9 , 0 , 88.8888888888889 , 0 , 11.1111111111111 , 0 , 0 , 0 , 9.33333333333333 , 0 , 8 , 62.5 , 17.75 
08-Jan-2004 16:34,200103,GATWICK,IRISH REPUBLIC,CORK,CITY FLYER EXPRESS,A,S, 43 , 0 , 79.0697674418605 , 11.6279069767442 , 4.65116279069767 , 4.65116279069767 , 0 , 0 , 9.46511627906977 , 1 , 69 , 66.6666666666667 , 15.9275362318841 
08-Jan-2004 16:34,200103,GATWICK,IRISH REPUBLIC,CORK,CITY FLYER EXPRESS,D,S, 44 , 0 , 68.1818181818182 , 20.4545454545455 , 2.27272727272727 , 9.09090909090909 , 0 , 0 , 15.7954545454545 , 0 , 69 , 72.463768115942 , 12.6376811594203 
08-Jan-2004 16:34,200103,GATWICK,IRISH REPUBLIC,DUBLIN,AER LINGUS,A,S, 89 , 0 , 76.4044943820225 , 8.98876404494382 , 6.74157303370787 , 7.86516853932584 , 0 , 0 , 13.7752808988764 , 1 , 86 , 69.7674418604651 , 13.3953488372093 
08-Jan-2004 16:34,200103,GATWICK,IRISH REPUBLIC,DUBLIN,AER LINGUS,D,S, 88 , 0 , 75 , 10.2272727272727 , 10.2272727272727 , 3.40909090909091 , 1.13636363636364 , 0 , 15.1363636363636 , 2 , 86 , 86.046511627907 , 10.1511627906977 
08-Jan-2004 16:34,200103,GATWICK,IRISH REPUBLIC,DUBLIN,CITY FLYER EXPRESS,A,S, 151 , 0 , 76.158940397351 , 9.27152317880795 , 7.94701986754967 , 6.62251655629139 , 0 , 0 , 13.5033112582781 , 0 , 170 , 72.3529411764706 , 13.8823529411765 
08-Jan-2004 16:34,200103,GATWICK,IRISH REPUBLIC,DUBLIN,CITY FLYER EXPRESS,D,S, 151 , 0 , 76.158940397351 , 10.5960264900662 , 9.27152317880795 , 3.97350993377483 , 0 , 0 , 12.7019867549669 , 0 , 178 , 74.1573033707865 , 13.3707865168539 
08-Jan-2004 16:34,200103,GATWICK,IRISH REPUBLIC,DUBLIN,RYANAIR,A,S, 124 , 0 , 51.6129032258064 , 34.6774193548387 , 10.4838709677419 , 3.2258064516129 , 0 , 0 , 18.5967741935484 , 0 , 124 , 80.6451612903226 , 11.4596774193548 
08-Jan-2004 16:34,200103,GATWICK,IRISH REPUBLIC,DUBLIN,RYANAIR,D,S, 124 , 0 , 71.7741935483871 , 16.1290322580645 , 8.87096774193548 , 3.2258064516129 , 0 , 0 , 13.7258064516129 , 0 , 124 , 84.6774193548387 , 10.7016129032258 
08-Jan-2004 16:34,200103,GATWICK,IRISH REPUBLIC,SHANNON,CITY FLYER EXPRESS,A,S, 27 , 0 , 74.0740740740741 , 11.1111111111111 , 11.1111111111111 , 3.7037037037037 , 0 , 0 , 15.2962962962963 , 0 , 31 , 58.0645161290323 , 19 
08-Jan-2004 16:34,200103,GATWICK,IRISH REPUBLIC,SHANNON,CITY FLYER EXPRESS,D,S, 27 , 0 , 77.7777777777778 , 11.1111111111111 , 7.40740740740741 , 3.7037037037037 , 0 , 0 , 14.6296296296296 , 1 , 32 , 65.625 , 14.875 
08-Jan-2004 16:34,200103,GATWICK,IRISH REPUBLIC,SHANNON,VIRGIN EXPRESS IRELAND,A,S, 22 , 0 , 90.9090909090909 , 0 , 4.54545454545455 , 4.54545454545455 , 0 , 0 , 6.95454545454545 , 0 , 0 , 0 , 0 
08-Jan-2004 16:34,200103,GATWICK,IRISH REPUBLIC,SHANNON,VIRGIN EXPRESS IRELAND,D,S, 22 , 0 , 72.7272727272727 , 4.54545454545455 , 13.6363636363636 , 9.09090909090909 , 0 , 0 , 18.6363636363636 , 0 , 0 , 0 , 0 
08-Jan-2004 16:34,200103,GATWICK,ISRAEL,OVDA,BRITANNIA AIRWAYS,A,C, 4 , 0 , 50 , 0 , 50 , 0 , 0 , 0 , 23.25 , 0 , 4 , 75 , 15.25 
08-Jan-2004 16:34,200103,GATWICK,ISRAEL,OVDA,BRITANNIA AIRWAYS,D,C, 5 , 0 , 80 , 0 , 0 , 20 , 0 , 0 , 21 , 0 , 4 , 75 , 9 
08-Jan-2004 16:34,200103,GATWICK,ISRAEL,TEL AVIV,AIR 2000,A,C, 0 , 0 , 0 , 0 , 0 , 0 , 0 , 0 , 0 , 0 , 4 , 0 , 33 
08-Jan-2004 16:34,200103,GATWICK,ISRAEL,TEL AVIV,AIR 2000,D,C, 0 , 0 , 0 , 0 , 0 , 0 , 0 , 0 , 0 , 0 , 4 , 50 , 18.25 
08-Jan-2004 16:34,200103,GATWICK,ISRAEL,TEL AVIV,ARKIA,A,C, 6 , 0 , 66.6666666666667 , 16.6666666666667 , 0 , 16.6666666666667 , 0 , 0 , 25.8333333333333 , 0 , 0 , 0 , 0 
08-Jan-2004 16:34,200103,GATWICK,ISRAEL,TEL AVIV,ARKIA,D,C, 6 , 0 , 50 , 33.3333333333333 , 0 , 16.6666666666667 , 0 , 0 , 27.3333333333333 , 0 , 0 , 0 , 0 
08-Jan-2004 16:34,200103,GATWICK,ISRAEL,TEL AVIV,BRITANNIA AIRWAYS,A,C, 2 , 0 , 0 , 0 , 0 , 100 , 0 , 0 , 90 , 0 , 0 , 0 , 0 
08-Jan-2004 16:34,200103,GATWICK,ISRAEL,TEL AVIV,BRITANNIA AIRWAYS,D,C, 2 , 0 , 0 , 100 , 0 , 0 , 0 , 0 , 20 , 0 , 0 , 0 , 0 
08-Jan-2004 16:34,200103,GATWICK,ISRAEL,TEL AVIV,BRITISH AIRWAYS PLC,A,S, 0 , 0 , 0 , 0 , 0 , 0 , 0 , 0 , 0 , 0 , 31 , 41.9354838709677 , 25.8709677419355 
08-Jan-2004 16:34,200103,GATWICK,ISRAEL,TEL AVIV,BRITISH AIRWAYS PLC,D,S, 0 , 0 , 0 , 0 , 0 , 0 , 0 , 0 , 0 , 0 , 31 , 67.741935483871 , 23.7741935483871 
08-Jan-2004 16:34,200103,GATWICK,ISRAEL,TEL AVIV,EL AL,A,C, 0 , 0 , 0 , 0 , 0 , 0 , 0 , 0 , 0 , 0 , 8 , 37.5 , 30.25 
08-Jan-2004 16:34,200103,GATWICK,ISRAEL,TEL AVIV,EL AL,D,C, 0 , 0 , 0 , 0 , 0 , 0 , 0 , 0 , 0 , 0 , 8 , 50 , 23.875 
08-Jan-2004 16:34,200103,GATWICK,ISRAEL,TEL AVIV,MONARCH AIRLINES,A,C, 1 , 0 , 0 , 100 , 0 , 0 , 0 , 0 , 24 , 0 , 12 , 0 , 48.25 
08-Jan-2004 16:34,200103,GATWICK,ISRAEL,TEL AVIV,MONARCH AIRLINES,D,C, 2 , 0 , 50 , 50 , 0 , 0 , 0 , 0 , 8 , 0 , 12 , 66.6666666666667 , 12.0833333333333 
08-Jan-2004 16:34,200103,GATWICK,ITALY,BERGAMO,AIR 2000,D,C, 1 , 0 , 0 , 100 , 0 , 0 , 0 , 0 , 22 , 0 , 0 , 0 , 0 
08-Jan-2004 16:34,200103,GATWICK,ITALY,BERGAMO,MONARCH AIRLINES,A,C, 10 , 0 , 40 , 10 , 40 , 10 , 0 , 0 , 35.4 , 0 , 7 , 0 , 72.5714285714286 
08-Jan-2004 16:34,200103,GATWICK,ITALY,BERGAMO,MONARCH AIRLINES,D,C, 10 , 0 , 50 , 20 , 20 , 10 , 0 , 0 , 28.8 , 0 , 7 , 42.8571428571429 , 25.1428571428571 
08-Jan-2004 16:34,200103,GATWICK,ITALY,BERGAMO,MY TRAVEL AIRWAYS UK,A,C, 4 , 0 , 25 , 25 , 0 , 50 , 0 , 0 , 49.5 , 0 , 7 , 14.2857142857143 , 84.7142857142857 
08-Jan-2004 16:34,200103,GATWICK,ITALY,BERGAMO,MY TRAVEL AIRWAYS UK,D,C, 4 , 0 , 75 , 25 , 0 , 0 , 0 , 0 , 12.75 , 0 , 8 , 75 , 22.5 
08-Jan-2004 16:34,200103,GATWICK,ITALY,BOLOGNA,ALITALIA,A,S, 58 , 0 , 67.2413793103448 , 17.2413793103448 , 13.7931034482759 , 1.72413793103448 , 0 , 0 , 12.3620689655172 , 4 , 61 , 72.1311475409836 , 11.5901639344262 
08-Jan-2004 16:34,200103,GATWICK,ITALY,BOLOGNA,ALITALIA,D,S, 59 , 0 , 76.271186440678 , 10.1694915254237 , 10.1694915254237 , 3.38983050847458 , 0 , 0 , 10.0169491525424 , 3 , 60 , 81.6666666666667 , 8.11666666666667 
08-Jan-2004 16:34,200103,GATWICK,ITALY,BRESCIA/MONTICHIARI,AIR 2000,A,C, 0 , 0 , 0 , 0 , 0 , 0 , 0 , 0 , 0 , 0 , 4 , 100 , 0.25 
08-Jan-2004 16:34,200103,GATWICK,ITALY,BRESCIA/MONTICHIARI,AIR 2000,D,C, 0 , 0 , 0 , 0 , 0 , 0 , 0 , 0 , 0 , 0 , 4 , 50 , 9.5 
08-Jan-2004 16:34,200103,GATWICK,ITALY,CATANIA (FONTANAROSSA),MERIDIANA AIR,A,S, 28 , 1 , 25 , 17.8571428571429 , 39.2857142857143 , 17.8571428571429 , 0 , 0 , 35.3214285714286 , 2 , 0 , 0 , 0 
08-Jan-2004 16:34,200103,GATWICK,ITALY,CATANIA (FONTANAROSSA),MERIDIANA AIR,D,S, 28 , 1 , 25 , 35.7142857142857 , 25 , 14.2857142857143 , 0 , 0 , 35.8214285714286 , 1 , 0 , 0 , 0 
08-Jan-2004 16:34,200103,GATWICK,ITALY,FLORENCE,MERIDIANA AIR,A,S, 85 , 0 , 56.4705882352941 , 21.1764705882353 , 14.1176470588235 , 8.23529411764706 , 0 , 0 , 18.1411764705882 , 4 , 74 , 67.5675675675676 , 13.4189189189189 
08-Jan-2004 16:34,200103,GATWICK,ITALY,FLORENCE,MERIDIANA AIR,D,S, 85 , 0 , 60 , 22.3529411764706 , 10.5882352941176 , 5.88235294117647 , 0 , 1.17647058823529 , 21.7294117647059 , 4 , 74 , 63.5135135135135 , 16.9054054054054 
08-Jan-2004 16:34,200103,GATWICK,ITALY,GENOA,BRITISH AIRWAYS (EURO OPS) LGW,A,S, 26 , 0 , 65.3846153846154 , 15.3846153846154 , 3.84615384615385 , 7.69230769230769 , 7.69230769230769 , 0 , 29.8461538461538 , 0 , 58 , 93.1034482758621 , 10.2586206896552 
08-Jan-2004 16:34,200103,GATWICK,ITALY,GENOA,BRITISH AIRWAYS (EURO OPS) LGW,D,S, 26 , 0 , 76.9230769230769 , 11.5384615384615 , 3.84615384615385 , 7.69230769230769 , 0 , 0 , 17.9230769230769 , 0 , 58 , 86.2068965517241 , 10.8620689655172 
08-Jan-2004 16:34,200103,GATWICK,ITALY,MILAN (LINATE),ALITALIA,A,S, 0 , 0 , 0 , 0 , 0 , 0 , 0 , 0 , 0 , 0 , 44 , 90.9090909090909 , 4.22727272727273 
08-Jan-2004 16:34,200103,GATWICK,ITALY,MILAN (LINATE),ALITALIA,D,S, 0 , 0 , 0 , 0 , 0 , 0 , 0 , 0 , 0 , 0 , 40 , 92.5 , 3.4 
08-Jan-2004 16:34,200103,GATWICK,ITALY,MILAN (MALPENSA),BRITISH AIRWAYS (EURO OPS) LGW,A,S, 89 , 0 , 44.9438202247191 , 26.9662921348315 , 12.3595505617978 , 12.3595505617978 , 3.37078651685393 , 0 , 32.0898876404494 , 0 , 93 , 78.494623655914 , 16.1827956989247 
08-Jan-2004 16:34,200103,GATWICK,ITALY,MILAN (MALPENSA),BRITISH AIRWAYS (EURO OPS) LGW,D,S, 89 , 0 , 69.6629213483146 , 6.74157303370787 , 13.4831460674157 , 7.86516853932584 , 2.24719101123596 , 0 , 26.6629213483146 , 0 , 93 , 69.8924731182796 , 15.7956989247312 
08-Jan-2004 16:34,200103,GATWICK,ITALY,MILAN (MALPENSA),MY TRAVEL AIRWAYS UK,A,C, 0 , 0 , 0 , 0 , 0 , 0 , 0 , 0 , 0 , 0 , 1 , 0 , 229 
08-Jan-2004 16:34,200103,GATWICK,ITALY,NAPLES,BRITANNIA AIRWAYS,A,C, 4 , 0 , 25 , 25 , 50 , 0 , 0 , 0 , 28.25 , 0 , 9 , 66.6666666666667 , 17 
08-Jan-2004 16:34,200103,GATWICK,ITALY,NAPLES,BRITANNIA AIRWAYS,D,C, 5 , 0 , 100 , 0 , 0 , 0 , 0 , 0 , 0.6 , 0 , 9 , 88.8888888888889 , 5.88888888888889 
08-Jan-2004 16:34,200103,GATWICK,ITALY,NAPLES,BRITISH AIRWAYS (EURO OPS) LGW,A,S, 62 , 0 , 72.5806451612903 , 11.2903225806452 , 4.83870967741935 , 9.67741935483871 , 1.61290322580645 , 0 , 21.0645161290323 , 0 , 62 , 87.0967741935484 , 9.83870967741935 
08-Jan-2004 16:34,200103,GATWICK,ITALY,NAPLES,BRITISH AIRWAYS (EURO OPS) LGW,D,S, 62 , 0 , 75.8064516129032 , 14.5161290322581 , 3.2258064516129 , 4.83870967741935 , 1.61290322580645 , 0 , 18.7096774193548 , 0 , 62 , 82.258064516129 , 13.6129032258065 
08-Jan-2004 16:34,200103,GATWICK,ITALY,NAPLES,MONARCH AIRLINES,A,C, 4 , 0 , 50 , 25 , 25 , 0 , 0 , 0 , 21.25 , 0 , 0 , 0 , 0 
08-Jan-2004 16:34,200103,GATWICK,ITALY,NAPLES,MONARCH AIRLINES,D,C, 4 , 0 , 75 , 25 , 0 , 0 , 0 , 0 , 4.5 , 0 , 0 , 0 , 0 
08-Jan-2004 16:34,200103,GATWICK,ITALY,NAPLES,MY TRAVEL AIRWAYS UK,A,C, 0 , 0 , 0 , 0 , 0 , 0 , 0 , 0 , 0 , 0 , 3 , 66.6666666666667 , 15 
08-Jan-2004 16:34,200103,GATWICK,ITALY,NAPLES,MY TRAVEL AIRWAYS UK,D,C, 0 , 0 , 0 , 0 , 0 , 0 , 0 , 0 , 0 , 0 , 4 , 100 , 2.25 
08-Jan-2004 16:34,200103,GATWICK,ITALY,PISA,AIR 2000,A,C, 0 , 0 , 0 , 0 , 0 , 0 , 0 , 0 , 0 , 0 , 1 , 100 , 0 
08-Jan-2004 16:34,200103,GATWICK,ITALY,PISA,AIR 2000,D,C, 0 , 0 , 0 , 0 , 0 , 0 , 0 , 0 , 0 , 0 , 1 , 0 , 30 
08-Jan-2004 16:34,200103,GATWICK,ITALY,PISA,BRITISH AIRWAYS (EURO OPS) LGW,A,S, 62 , 0 , 70.9677419354839 , 14.5161290322581 , 6.45161290322581 , 4.83870967741935 , 3.2258064516129 , 0 , 19.3870967741935 , 0 , 62 , 91.9354838709677 , 7.96774193548387 
08-Jan-2004 16:34,200103,GATWICK,ITALY,PISA,BRITISH AIRWAYS (EURO OPS) LGW,D,S, 62 , 0 , 69.3548387096774 , 14.5161290322581 , 9.67741935483871 , 3.2258064516129 , 3.2258064516129 , 0 , 21.5322580645161 , 0 , 62 , 88.7096774193548 , 8.08064516129032 
08-Jan-2004 16:34,200103,GATWICK,ITALY,ROME (CIAMPINO),MONARCH AIRLINES,A,C, 0 , 0 , 0 , 0 , 0 , 0 , 0 , 0 , 0 , 0 , 2 , 50 , 20 
08-Jan-2004 16:34,200103,GATWICK,ITALY,ROME (CIAMPINO),MONARCH AIRLINES,D,C, 0 , 0 , 0 , 0 , 0 , 0 , 0 , 0 , 0 , 0 , 2 , 100 , 6.5 
08-Jan-2004 16:34,200103,GATWICK,ITALY,ROME (FIUMICINO),AIR ONE,D,C, 0 , 0 , 0 , 0 , 0 , 0 , 0 , 0 , 0 , 0 , 1 , 0 , 58 
08-Jan-2004 16:34,200103,GATWICK,ITALY,ROME (FIUMICINO),ALITALIA,A,S, 54 , 0 , 57.4074074074074 , 25.9259259259259 , 14.8148148148148 , 1.85185185185185 , 0 , 0 , 16.7592592592593 , 1 , 11 , 72.7272727272727 , 13.9090909090909 
08-Jan-2004 16:34,200103,GATWICK,ITALY,ROME (FIUMICINO),ALITALIA,D,S, 52 , 0 , 73.0769230769231 , 15.3846153846154 , 7.69230769230769 , 3.84615384615385 , 0 , 0 , 9.86538461538462 , 3 , 11 , 72.7272727272727 , 13.4545454545455 
08-Jan-2004 16:34,200103,GATWICK,ITALY,ROME (FIUMICINO),BRITISH AIRWAYS (EURO OPS) LGW,A,S, 92 , 1 , 64.1304347826087 , 11.9565217391304 , 11.9565217391304 , 9.78260869565217 , 2.17391304347826 , 0 , 24.0760869565217 , 0 , 93 , 82.7956989247312 , 10.3548387096774 
08-Jan-2004 16:34,200103,GATWICK,ITALY,ROME (FIUMICINO),BRITISH AIRWAYS (EURO OPS) LGW,D,S, 92 , 0 , 61.9565217391304 , 20.6521739130435 , 8.69565217391304 , 7.60869565217391 , 1.08695652173913 , 0 , 21.7173913043478 , 0 , 93 , 86.0215053763441 , 9.52688172043011 
08-Jan-2004 16:34,200103,GATWICK,ITALY,TREVISO,CALEDONIAN AIRWAYS,A,C, 0 , 0 , 0 , 0 , 0 , 0 , 0 , 0 , 0 , 0 , 3 , 100 , 5 
08-Jan-2004 16:34,200103,GATWICK,ITALY,TREVISO,CALEDONIAN AIRWAYS,D,C, 0 , 0 , 0 , 0 , 0 , 0 , 0 , 0 , 0 , 0 , 3 , 100 , 4 
08-Jan-2004 16:34,200103,GATWICK,ITALY,TRIESTE (RONCHI DEI LEGIONARI),BRITISH AIRWAYS (EURO OPS) LGW,A,S, 0 , 0 , 0 , 0 , 0 , 0 , 0 , 0 , 0 , 0 , 10 , 70 , 9.9 
08-Jan-2004 16:34,200103,GATWICK,ITALY,TRIESTE (RONCHI DEI LEGIONARI),BRITISH AIRWAYS (EURO OPS) LGW,D,S, 0 , 0 , 0 , 0 , 0 , 0 , 0 , 0 , 0 , 0 , 10 , 80 , 10.7 
08-Jan-2004 16:34,200103,GATWICK,ITALY,TURIN,AIR 2000,A,C, 8 , 0 , 25 , 37.5 , 25 , 0 , 12.5 , 0 , 50.25 , 0 , 4 , 0 , 35.5 
08-Jan-2004 16:34,200103,GATWICK,ITALY,TURIN,AIR 2000,D,C, 8 , 0 , 87.5 , 0 , 0 , 0 , 12.5 , 0 , 28.875 , 0 , 4 , 100 , 0 
08-Jan-2004 16:34,200103,GATWICK,ITALY,TURIN,BRITANNIA AIRWAYS,A,C, 12 , 0 , 16.6666666666667 , 58.3333333333333 , 8.33333333333333 , 16.6666666666667 , 0 , 0 , 33.5833333333333 , 0 , 4 , 0 , 93.25 
08-Jan-2004 16:34,200103,GATWICK,ITALY,TURIN,BRITANNIA AIRWAYS,D,C, 12 , 0 , 58.3333333333333 , 8.33333333333333 , 16.6666666666667 , 16.6666666666667 , 0 , 0 , 28.3333333333333 , 0 , 4 , 25 , 73 
08-Jan-2004 16:34,200103,GATWICK,ITALY,TURIN,FLYBE.BRITISH EUROPEAN,A,C, 1 , 0 , 0 , 100 , 0 , 0 , 0 , 0 , 18 , 0 , 0 , 0 , 0 
08-Jan-2004 16:34,200103,GATWICK,ITALY,TURIN,FLYBE.BRITISH EUROPEAN,D,C, 1 , 0 , 100 , 0 , 0 , 0 , 0 , 0 , 5 , 0 , 0 , 0 , 0 
08-Jan-2004 16:34,200103,GATWICK,ITALY,TURIN,MONARCH AIRLINES,A,C, 5 , 0 , 0 , 20 , 40 , 0 , 40 , 0 , 131.8 , 0 , 8 , 37.5 , 21.75 
08-Jan-2004 16:34,200103,GATWICK,ITALY,TURIN,MONARCH AIRLINES,D,C, 5 , 0 , 20 , 0 , 40 , 0 , 40 , 0 , 121.6 , 0 , 8 , 75 , 14.125 
08-Jan-2004 16:34,200103,GATWICK,ITALY,TURIN,MY TRAVEL AIRWAYS UK,A,C, 4 , 0 , 25 , 25 , 25 , 25 , 0 , 0 , 43.25 , 0 , 4 , 25 , 19.25 
08-Jan-2004 16:34,200103,GATWICK,ITALY,TURIN,MY TRAVEL AIRWAYS UK,D,C, 4 , 0 , 100 , 0 , 0 , 0 , 0 , 0 , 5.5 , 0 , 4 , 75 , 7 
08-Jan-2004 16:34,200103,GATWICK,ITALY,TURIN,THOMAS COOK AIRLINES LTD,A,C, 4 , 0 , 0 , 25 , 50 , 0 , 25 , 0 , 112.75 , 0 , 8 , 37.5 , 18.5 
08-Jan-2004 16:34,200103,GATWICK,ITALY,TURIN,THOMAS COOK AIRLINES LTD,D,C, 4 , 0 , 50 , 25 , 0 , 0 , 25 , 0 , 80.25 , 0 , 8 , 100 , 2.5 
08-Jan-2004 16:34,200103,GATWICK,ITALY,VENICE,ALITALIA,A,S, 91 , 0 , 58.2417582417582 , 21.978021978022 , 15.3846153846154 , 4.3956043956044 , 0 , 0 , 16.6153846153846 , 2 , 92 , 48.9130434782609 , 17.6413043478261 
08-Jan-2004 16:34,200103,GATWICK,ITALY,VENICE,ALITALIA,D,S, 92 , 0 , 59.7826086956522 , 20.6521739130435 , 14.1304347826087 , 4.34782608695652 , 1.08695652173913 , 0 , 17.8369565217391 , 1 , 95 , 54.7368421052632 , 20.0421052631579 
08-Jan-2004 16:34,200103,GATWICK,ITALY,VENICE,BRITISH AIRWAYS (EURO OPS) LGW,A,S, 92 , 0 , 25 , 36.9565217391304 , 25 , 13.0434782608696 , 0 , 0 , 34.3913043478261 , 0 , 0 , 0 , 0 
08-Jan-2004 16:34,200103,GATWICK,ITALY,VENICE,BRITISH AIRWAYS (EURO OPS) LGW,D,S, 92 , 0 , 64.1304347826087 , 16.304347826087 , 8.69565217391304 , 9.78260869565217 , 1.08695652173913 , 0 , 21.9130434782609 , 0 , 0 , 0 , 0 
08-Jan-2004 16:34,200103,GATWICK,ITALY,VENICE,EUROPEAN AIR CHARTER,A,C, 0 , 0 , 0 , 0 , 0 , 0 , 0 , 0 , 0 , 0 , 3 , 0 , 48.3333333333333 
08-Jan-2004 16:34,200103,GATWICK,ITALY,VENICE,EUROPEAN AIR CHARTER,D,C, 0 , 0 , 0 , 0 , 0 , 0 , 0 , 0 , 0 , 0 , 4 , 25 , 18.5 
08-Jan-2004 16:34,200103,GATWICK,ITALY,VERONA,AIR 2000,A,C, 4 , 0 , 25 , 25 , 0 , 25 , 25 , 0 , 107.5 , 0 , 3 , 33.3333333333333 , 18 
08-Jan-2004 16:34,200103,GATWICK,ITALY,VERONA,AIR 2000,D,C, 3 , 0 , 66.6666666666667 , 0 , 0 , 0 , 33.3333333333333 , 0 , 114.666666666667 , 0 , 3 , 100 , 9.33333333333333 
08-Jan-2004 16:34,200103,GATWICK,ITALY,VERONA,BRITANNIA AIRWAYS,A,C, 4 , 0 , 0 , 75 , 0 , 25 , 0 , 0 , 49.25 , 0 , 0 , 0 , 0 
08-Jan-2004 16:34,200103,GATWICK,ITALY,VERONA,BRITANNIA AIRWAYS,D,C, 4 , 0 , 50 , 25 , 0 , 25 , 0 , 0 , 42 , 0 , 0 , 0 , 0 
08-Jan-2004 16:34,200103,GATWICK,ITALY,VERONA,BRITISH AIRWAYS (EURO OPS) LGW,A,S, 58 , 0 , 55.1724137931034 , 24.1379310344828 , 15.5172413793103 , 3.44827586206897 , 1.72413793103448 , 0 , 20.7586206896552 , 0 , 90 , 57.7777777777778 , 18.2444444444444 
08-Jan-2004 16:34,200103,GATWICK,ITALY,VERONA,BRITISH AIRWAYS (EURO OPS) LGW,D,S, 58 , 0 , 68.9655172413793 , 15.5172413793103 , 8.62068965517241 , 3.44827586206897 , 3.44827586206897 , 0 , 21.3275862068966 , 0 , 89 , 69.6629213483146 , 12.6404494382022 
08-Jan-2004 16:34,200103,GATWICK,ITALY,VERONA,EUROPEAN AIR CHARTER,A,C, 0 , 0 , 0 , 0 , 0 , 0 , 0 , 0 , 0 , 0 , 3 , 0 , 42 
08-Jan-2004 16:34,200103,GATWICK,ITALY,VERONA,EUROPEAN AIR CHARTER,D,C, 0 , 0 , 0 , 0 , 0 , 0 , 0 , 0 , 0 , 0 , 3 , 100 , 3 
08-Jan-2004 16:34,200103,GATWICK,IVORY COAST,ABIDJAN,BRITISH AIRWAYS PLC,A,S, 0 , 0 , 0 , 0 , 0 , 0 , 0 , 0 , 0 , 0 , 7 , 85.7142857142857 , 7.42857142857143 
08-Jan-2004 16:34,200103,GATWICK,IVORY COAST,ABIDJAN,BRITISH AIRWAYS PLC,D,S, 9 , 0 , 55.5555555555556 , 0 , 44.4444444444444 , 0 , 0 , 0 , 17.3333333333333 , 0 , 9 , 66.6666666666667 , 9.22222222222222 
08-Jan-2004 16:34,200103,GATWICK,JAMAICA,MONTEGO BAY,BRITISH AIRWAYS PLC,A,S, 18 , 0 , 50 , 11.1111111111111 , 16.6666666666667 , 16.6666666666667 , 5.55555555555556 , 0 , 45.6111111111111 , 0 , 18 , 38.8888888888889 , 32.7222222222222 
08-Jan-2004 16:34,200103,GATWICK,JAMAICA,MONTEGO BAY,BRITISH AIRWAYS PLC,D,S, 18 , 0 , 27.7777777777778 , 27.7777777777778 , 16.6666666666667 , 22.2222222222222 , 5.55555555555556 , 0 , 45.1111111111111 , 0 , 18 , 16.6666666666667 , 41.8333333333333 
08-Jan-2004 16:34,200103,GATWICK,JAMAICA,MONTEGO BAY,MONARCH AIRLINES,A,C, 4 , 0 , 25 , 25 , 25 , 25 , 0 , 0 , 32.75 , 0 , 4 , 75 , 14.75 
08-Jan-2004 16:34,200103,GATWICK,JAMAICA,MONTEGO BAY,MONARCH AIRLINES,D,C, 4 , 0 , 75 , 25 , 0 , 0 , 0 , 0 , 11.75 , 0 , 4 , 50 , 35.75 
08-Jan-2004 16:34,200103,GATWICK,JAMAICA,MONTEGO BAY,MY TRAVEL AIRWAYS UK,A,C, 4 , 0 , 50 , 0 , 50 , 0 , 0 , 0 , 19.75 , 0 , 9 , 55.5555555555556 , 112.555555555556 
08-Jan-2004 16:34,200103,GATWICK,JAMAICA,MONTEGO BAY,MY TRAVEL AIRWAYS UK,D,C, 4 , 0 , 50 , 50 , 0 , 0 , 0 , 0 , 16 , 0 , 8 , 37.5 , 34.5 
08-Jan-2004 16:34,200103,GATWICK,JORDAN,AMMAN,ROYAL JORDANIAN,A,C, 0 , 0 , 0 , 0 , 0 , 0 , 0 , 0 , 0 , 0 , 2 , 0 , 374.5 
08-Jan-2004 16:34,200103,GATWICK,JORDAN,AMMAN,ROYAL JORDANIAN,D,C, 0 , 0 , 0 , 0 , 0 , 0 , 0 , 0 , 0 , 0 , 2 , 0 , 350 
08-Jan-2004 16:34,200103,GATWICK,JORDAN,AQABA,AIR 2000,A,C, 1 , 0 , 0 , 0 , 0 , 100 , 0 , 0 , 99 , 0 , 0 , 0 , 0 
08-Jan-2004 16:34,200103,GATWICK,JORDAN,AQABA,AIR 2000,D,C, 1 , 0 , 0 , 100 , 0 , 0 , 0 , 0 , 23 , 0 , 0 , 0 , 0 
08-Jan-2004 16:34,200103,GATWICK,JORDAN,AQABA,ROYAL JORDANIAN,A,C, 1 , 0 , 100 , 0 , 0 , 0 , 0 , 0 , 0 , 0 , 0 , 0 , 0 
08-Jan-2004 16:34,200103,GATWICK,JORDAN,AQABA,ROYAL JORDANIAN,D,C, 1 , 0 , 100 , 0 , 0 , 0 , 0 , 0 , 0 , 0 , 0 , 0 , 0 
08-Jan-2004 16:34,200103,GATWICK,KAZAKHSTAN,ALMA ATA,BRITISH AIRWAYS PLC,A,S, 12 , 0 , 66.6666666666667 , 16.6666666666667 , 8.33333333333333 , 8.33333333333333 , 0 , 0 , 16 , 0 , 8 , 75 , 7.375 
08-Jan-2004 16:34,200103,GATWICK,KAZAKHSTAN,ALMA ATA,BRITISH AIRWAYS PLC,D,S, 12 , 0 , 66.6666666666667 , 8.33333333333333 , 0 , 25 , 0 , 0 , 33.25 , 0 , 9 , 100 , 4.55555555555556 
08-Jan-2004 16:34,200103,GATWICK,KENYA,MOMBASA,AFRICAN SAFARI AIRWAYS-ASA,A,C, 2 , 0 , 50 , 0 , 50 , 0 , 0 , 0 , 16 , 0 , 0 , 0 , 0 
08-Jan-2004 16:34,200103,GATWICK,KENYA,MOMBASA,AFRICAN SAFARI AIRWAYS-ASA,D,C, 2 , 0 , 50 , 0 , 0 , 0 , 50 , 0 , 118.5 , 0 , 0 , 0 , 0 
08-Jan-2004 16:34,200103,GATWICK,KENYA,MOMBASA,BRITANNIA AIRWAYS,A,C, 4 , 0 , 75 , 25 , 0 , 0 , 0 , 0 , 7.75 , 0 , 4 , 100 , 4.75 
08-Jan-2004 16:34,200103,GATWICK,KENYA,MOMBASA,BRITANNIA AIRWAYS,D,C, 4 , 0 , 100 , 0 , 0 , 0 , 0 , 0 , 5.5 , 0 , 4 , 100 , 4 
08-Jan-2004 16:34,200103,GATWICK,KENYA,MOMBASA,MONARCH AIRLINES,A,C, 4 , 0 , 0 , 0 , 75 , 25 , 0 , 0 , 52.75 , 0 , 4 , 0 , 54.25 
08-Jan-2004 16:34,200103,GATWICK,KENYA,MOMBASA,MONARCH AIRLINES,D,C, 4 , 0 , 75 , 0 , 0 , 25 , 0 , 0 , 23.25 , 0 , 4 , 50 , 21.5 
08-Jan-2004 16:34,200103,GATWICK,KENYA,NAIROBI,BRITISH AIRWAYS PLC,A,S, 4 , 0 , 50 , 50 , 0 , 0 , 0 , 0 , 12 , 0 , 5 , 80 , 14.8 
08-Jan-2004 16:34,200103,GATWICK,KENYA,NAIROBI,BRITISH AIRWAYS PLC,D,S, 4 , 0 , 75 , 0 , 0 , 25 , 0 , 0 , 15.25 , 0 , 4 , 100 , 2.75 
08-Jan-2004 16:34,200103,GATWICK,LATVIA,RIGA,BRITISH AIRWAYS (EURO OPS) LGW,A,S, 19 , 0 , 78.9473684210526 , 21.0526315789474 , 0 , 0 , 0 , 0 , 6.21052631578947 , 0 , 28 , 75 , 8.82142857142857 
08-Jan-2004 16:34,200103,GATWICK,LATVIA,RIGA,BRITISH AIRWAYS (EURO OPS) LGW,D,S, 18 , 0 , 72.2222222222222 , 5.55555555555556 , 16.6666666666667 , 5.55555555555556 , 0 , 0 , 15.2777777777778 , 0 , 28 , 89.2857142857143 , 5.17857142857143 
08-Jan-2004 16:34,200103,GATWICK,LIBYA,TRIPOLI,BRITISH AIRWAYS (EURO OPS) LGW,A,S, 14 , 0 , 78.5714285714286 , 7.14285714285714 , 7.14285714285714 , 7.14285714285714 , 0 , 0 , 17.2142857142857 , 0 , 13 , 84.6153846153846 , 7.23076923076923 
08-Jan-2004 16:34,200103,GATWICK,LIBYA,TRIPOLI,BRITISH AIRWAYS (EURO OPS) LGW,D,S, 14 , 0 , 57.1428571428571 , 14.2857142857143 , 21.4285714285714 , 0 , 7.14285714285714 , 0 , 29 , 0 , 13 , 61.5384615384615 , 13.6923076923077 
08-Jan-2004 16:34,200103,GATWICK,LITHUANIA,VILNIUS,BRITISH AIRWAYS (EURO OPS) LGW,A,S, 0 , 0 , 0 , 0 , 0 , 0 , 0 , 0 , 0 , 0 , 11 , 100 , 5.18181818181818 
08-Jan-2004 16:34,200103,GATWICK,LITHUANIA,VILNIUS,BRITISH AIRWAYS (EURO OPS) LGW,D,S, 0 , 0 , 0 , 0 , 0 , 0 , 0 , 0 , 0 , 0 , 11 , 72.7272727272727 , 8.63636363636364 
08-Jan-2004 16:34,200103,GATWICK,LUXEMBOURG,LUXEMBOURG,CITY FLYER EXPRESS,A,S, 95 , 0 , 74.7368421052632 , 15.7894736842105 , 5.26315789473684 , 4.21052631578947 , 0 , 0 , 12.4631578947368 , 0 , 89 , 80.8988764044944 , 11.8314606741573 
08-Jan-2004 16:34,200103,GATWICK,LUXEMBOURG,LUXEMBOURG,CITY FLYER EXPRESS,D,S, 94 , 0 , 82.9787234042553 , 9.57446808510638 , 7.4468085106383 , 0 , 0 , 0 , 7.79787234042553 , 0 , 90 , 86.6666666666667 , 9.74444444444444 
08-Jan-2004 16:34,200103,GATWICK,MACEDONIA,SKOPJE,BRITISH AIRWAYS (EURO OPS) LGW,A,S, 12 , 0 , 41.6666666666667 , 33.3333333333333 , 16.6666666666667 , 8.33333333333333 , 0 , 0 , 21.0833333333333 , 0 , 14 , 50 , 27.5 
08-Jan-2004 16:34,200103,GATWICK,MACEDONIA,SKOPJE,BRITISH AIRWAYS (EURO OPS) LGW,D,S, 12 , 0 , 66.6666666666667 , 16.6666666666667 , 8.33333333333333 , 8.33333333333333 , 0 , 0 , 16.8333333333333 , 0 , 14 , 42.8571428571429 , 26.7142857142857 
08-Jan-2004 16:34,200103,GATWICK,MALAWI,LILONGWE,BRITISH AIRWAYS PLC,A,S, 4 , 0 , 50 , 25 , 0 , 0 , 25 , 0 , 55.75 , 0 , 4 , 75 , 5.75 
08-Jan-2004 16:34,200103,GATWICK,MALAWI,LILONGWE,BRITISH AIRWAYS PLC,D,S, 5 , 0 , 80 , 20 , 0 , 0 , 0 , 0 , 7.4 , 0 , 4 , 75 , 11.75 
08-Jan-2004 16:34,200103,GATWICK,MALDIVE ISLANDS,MALE INTERNATIONAL,AIR 2000,A,C, 4 , 0 , 25 , 0 , 50 , 25 , 0 , 0 , 38.25 , 0 , 4 , 25 , 30.5 
08-Jan-2004 16:34,200103,GATWICK,MALDIVE ISLANDS,MALE INTERNATIONAL,AIR 2000,D,C, 4 , 0 , 75 , 0 , 25 , 0 , 0 , 0 , 13.25 , 0 , 4 , 100 , 1 
08-Jan-2004 16:34,200103,GATWICK,MALDIVE ISLANDS,MALE INTERNATIONAL,MONARCH AIRLINES,A,C, 4 , 0 , 25 , 75 , 0 , 0 , 0 , 0 , 18 , 0 , 4 , 0 , 37 
08-Jan-2004 16:34,200103,GATWICK,MALDIVE ISLANDS,MALE INTERNATIONAL,MONARCH AIRLINES,D,C, 4 , 0 , 100 , 0 , 0 , 0 , 0 , 0 , 9 , 0 , 4 , 75 , 14.75 
08-Jan-2004 16:34,200103,GATWICK,MALDIVE ISLANDS,MALE INTERNATIONAL,MY TRAVEL AIRWAYS UK,A,C, 3 , 1 , 100 , 0 , 0 , 0 , 0 , 0 , 3.66666666666667 , 0 , 4 , 50 , 23.5 
08-Jan-2004 16:34,200103,GATWICK,MALDIVE ISLANDS,MALE INTERNATIONAL,MY TRAVEL AIRWAYS UK,D,C, 4 , 0 , 50 , 25 , 0 , 25 , 0 , 0 , 44.75 , 0 , 4 , 75 , 8.25 
08-Jan-2004 16:34,200103,GATWICK,MALTA,MALTA,AIR 2000,A,C, 6 , 0 , 33.3333333333333 , 33.3333333333333 , 0 , 16.6666666666667 , 16.6666666666667 , 0 , 58.8333333333333 , 0 , 4 , 50 , 24.5 
08-Jan-2004 16:34,200103,GATWICK,MALTA,MALTA,AIR 2000,D,C, 5 , 0 , 60 , 20 , 0 , 0 , 20 , 0 , 47.8 , 0 , 4 , 50 , 32 
08-Jan-2004 16:34,200103,GATWICK,MALTA,MALTA,AIR MALTA,A,S, 35 , 0 , 88.5714285714286 , 5.71428571428571 , 5.71428571428571 , 0 , 0 , 0 , 5.45714285714286 , 0 , 32 , 93.75 , 3.15625 
08-Jan-2004 16:34,200103,GATWICK,MALTA,MALTA,AIR MALTA,D,S, 35 , 0 , 74.2857142857143 , 14.2857142857143 , 11.4285714285714 , 0 , 0 , 0 , 12.8571428571429 , 0 , 32 , 68.75 , 27.5 
08-Jan-2004 16:34,200103,GATWICK,MALTA,MALTA,BRITANNIA AIRWAYS,A,C, 9 , 0 , 77.7777777777778 , 0 , 22.2222222222222 , 0 , 0 , 0 , 13.6666666666667 , 0 , 9 , 88.8888888888889 , 5.66666666666667 
08-Jan-2004 16:34,200103,GATWICK,MALTA,MALTA,BRITANNIA AIRWAYS,D,C, 9 , 0 , 88.8888888888889 , 0 , 11.1111111111111 , 0 , 0 , 0 , 7.77777777777778 , 0 , 9 , 100 , 1.33333333333333 
08-Jan-2004 16:34,200103,GATWICK,MALTA,MALTA,CALEDONIAN AIRWAYS,A,C, 0 , 0 , 0 , 0 , 0 , 0 , 0 , 0 , 0 , 0 , 4 , 75 , 20.75 
08-Jan-2004 16:34,200103,GATWICK,MALTA,MALTA,CALEDONIAN AIRWAYS,D,C, 0 , 0 , 0 , 0 , 0 , 0 , 0 , 0 , 0 , 0 , 4 , 75 , 15.5 
08-Jan-2004 16:34,200103,GATWICK,MALTA,MALTA,EXCEL AIRWAYS LTD,A,S, 4 , 0 , 75 , 0 , 0 , 25 , 0 , 0 , 24.5 , 0 , 0 , 0 , 0 
08-Jan-2004 16:34,200103,GATWICK,MALTA,MALTA,EXCEL AIRWAYS LTD,D,S, 4 , 0 , 75 , 0 , 0 , 25 , 0 , 0 , 41.25 , 0 , 0 , 0 , 0 
08-Jan-2004 16:34,200103,GATWICK,MALTA,MALTA,GB AIRWAYS LTD,A,S, 26 , 1 , 73.0769230769231 , 7.69230769230769 , 7.69230769230769 , 11.5384615384615 , 0 , 0 , 17.6538461538462 , 0 , 23 , 100 , 0.608695652173913 
08-Jan-2004 16:34,200103,GATWICK,MALTA,MALTA,GB AIRWAYS LTD,D,S, 27 , 0 , 77.7777777777778 , 7.40740740740741 , 3.7037037037037 , 7.40740740740741 , 3.7037037037037 , 0 , 25.1851851851852 , 0 , 24 , 91.6666666666667 , 6.5 
08-Jan-2004 16:34,200103,GATWICK,MALTA,MALTA,MY TRAVEL AIRWAYS UK,A,C, 4 , 0 , 100 , 0 , 0 , 0 , 0 , 0 , 8.75 , 0 , 4 , 75 , 11.5 
08-Jan-2004 16:34,200103,GATWICK,MALTA,MALTA,MY TRAVEL AIRWAYS UK,D,C, 4 , 0 , 100 , 0 , 0 , 0 , 0 , 0 , 4.5 , 0 , 4 , 75 , 9.25 
08-Jan-2004 16:34,200103,GATWICK,MALTA,MALTA,THOMAS COOK AIRLINES LTD,A,C, 4 , 0 , 75 , 0 , 25 , 0 , 0 , 0 , 17.75 , 0 , 0 , 0 , 0 
08-Jan-2004 16:34,200103,GATWICK,MALTA,MALTA,THOMAS COOK AIRLINES LTD,D,C, 4 , 0 , 75 , 0 , 25 , 0 , 0 , 0 , 11.5 , 0 , 0 , 0 , 0 
08-Jan-2004 16:34,200103,GATWICK,MAURITIUS,MAURITIUS,BRITISH AIRWAYS PLC,A,S, 13 , 0 , 76.9230769230769 , 0 , 23.0769230769231 , 0 , 0 , 0 , 10.8461538461538 , 0 , 17 , 82.3529411764706 , 11 
08-Jan-2004 16:34,200103,GATWICK,MAURITIUS,MAURITIUS,BRITISH AIRWAYS PLC,D,S, 14 , 0 , 64.2857142857143 , 14.2857142857143 , 14.2857142857143 , 7.14285714285714 , 0 , 0 , 14.9285714285714 , 0 , 18 , 94.4444444444444 , 1.66666666666667 
08-Jan-2004 16:34,200103,GATWICK,MEXICO,CANCUN,BRITISH AIRWAYS PLC,A,S, 9 , 0 , 44.4444444444444 , 22.2222222222222 , 11.1111111111111 , 22.2222222222222 , 0 , 0 , 29.5555555555556 , 0 , 8 , 25 , 40.125 
08-Jan-2004 16:34,200103,GATWICK,MEXICO,CANCUN,BRITISH AIRWAYS PLC,D,S, 9 , 0 , 55.5555555555556 , 11.1111111111111 , 0 , 33.3333333333333 , 0 , 0 , 34.3333333333333 , 0 , 9 , 66.6666666666667 , 23.4444444444444 
08-Jan-2004 16:34,200103,GATWICK,MEXICO,CANCUN,MONARCH AIRLINES,A,C, 2 , 0 , 50 , 50 , 0 , 0 , 0 , 0 , 8.5 , 0 , 0 , 0 , 0 
08-Jan-2004 16:34,200103,GATWICK,MEXICO,CANCUN,MONARCH AIRLINES,D,C, 3 , 0 , 100 , 0 , 0 , 0 , 0 , 0 , 5.33333333333333 , 0 , 0 , 0 , 0 
08-Jan-2004 16:34,200103,GATWICK,MEXICO,CANCUN,MY TRAVEL AIRWAYS UK,A,C, 8 , 0 , 62.5 , 0 , 12.5 , 25 , 0 , 0 , 34.75 , 0 , 7 , 71.4285714285714 , 42.7142857142857 
08-Jan-2004 16:34,200103,GATWICK,MEXICO,CANCUN,MY TRAVEL AIRWAYS UK,D,C, 9 , 0 , 66.6666666666667 , 22.2222222222222 , 11.1111111111111 , 0 , 0 , 0 , 12.3333333333333 , 0 , 7 , 14.2857142857143 , 63.1428571428571 
08-Jan-2004 16:34,200103,GATWICK,MEXICO,PUERTO VALLARTA,AIR 2000,A,C, 6 , 0 , 83.3333333333333 , 0 , 16.6666666666667 , 0 , 0 , 0 , 11.6666666666667 , 0 , 5 , 20 , 67.6 
08-Jan-2004 16:34,200103,GATWICK,MEXICO,PUERTO VALLARTA,AIR 2000,D,C, 2 , 0 , 50 , 50 , 0 , 0 , 0 , 0 , 20 , 0 , 1 , 0 , 48 
08-Jan-2004 16:34,200103,GATWICK,MOROCCO,AGADIR,AIR 2000,A,C, 4 , 0 , 25 , 25 , 50 , 0 , 0 , 0 , 29.25 , 0 , 4 , 75 , 8.75 
08-Jan-2004 16:34,200103,GATWICK,MOROCCO,AGADIR,AIR 2000,D,C, 0 , 0 , 0 , 0 , 0 , 0 , 0 , 0 , 0 , 0 , 4 , 100 , 2.5 
08-Jan-2004 16:34,200103,GATWICK,MOROCCO,AGADIR,MONARCH AIRLINES,A,C, 7 , 1 , 0 , 57.1428571428571 , 42.8571428571429 , 0 , 0 , 0 , 34.2857142857143 , 0 , 4 , 0 , 109.75 
08-Jan-2004 16:34,200103,GATWICK,MOROCCO,AGADIR,MONARCH AIRLINES,D,C, 8 , 0 , 62.5 , 12.5 , 25 , 0 , 0 , 0 , 15.125 , 0 , 4 , 50 , 22.5 
08-Jan-2004 16:34,200103,GATWICK,MOROCCO,CASABLANCA MOHAMED V,GB AIRWAYS LTD,A,S, 0 , 0 , 0 , 0 , 0 , 0 , 0 , 0 , 0 , 0 , 31 , 80.6451612903226 , 8.03225806451613 
08-Jan-2004 16:34,200103,GATWICK,MOROCCO,CASABLANCA MOHAMED V,GB AIRWAYS LTD,D,S, 0 , 0 , 0 , 0 , 0 , 0 , 0 , 0 , 0 , 0 , 31 , 93.5483870967742 , 4.12903225806452 
08-Jan-2004 16:34,200103,GATWICK,MOROCCO,CASABLANCA MOHAMED V,ROYAL AIR MAROC,A,C, 0 , 0 , 0 , 0 , 0 , 0 , 0 , 0 , 0 , 0 , 2 , 0 , 221.5 
08-Jan-2004 16:34,200103,GATWICK,MOROCCO,MARRAKESH,AIR 2000,D,C, 5 , 0 , 80 , 20 , 0 , 0 , 0 , 0 , 9.6 , 0 , 0 , 0 , 0 
08-Jan-2004 16:34,200103,GATWICK,MOROCCO,MARRAKESH,BRITANNIA AIRWAYS,A,C, 1 , 0 , 100 , 0 , 0 , 0 , 0 , 0 , 15 , 0 , 0 , 0 , 0 
08-Jan-2004 16:34,200103,GATWICK,MOROCCO,MARRAKESH,EUROPEAN AIR CHARTER,A,C, 1 , 0 , 0 , 0 , 100 , 0 , 0 , 0 , 43 , 0 , 0 , 0 , 0 
08-Jan-2004 16:34,200103,GATWICK,MOROCCO,MARRAKESH,EUROPEAN AIR CHARTER,D,C, 1 , 0 , 100 , 0 , 0 , 0 , 0 , 0 , 14 , 0 , 0 , 0 , 0 
08-Jan-2004 16:34,200103,GATWICK,MOROCCO,MARRAKESH,GB AIRWAYS LTD,A,S, 0 , 0 , 0 , 0 , 0 , 0 , 0 , 0 , 0 , 0 , 9 , 100 , 2.11111111111111 
08-Jan-2004 16:34,200103,GATWICK,MOROCCO,MARRAKESH,GB AIRWAYS LTD,D,S, 0 , 0 , 0 , 0 , 0 , 0 , 0 , 0 , 0 , 0 , 9 , 88.8888888888889 , 5.88888888888889 
08-Jan-2004 16:34,200103,GATWICK,MOROCCO,MARRAKESH,MONARCH AIRLINES,A,C, 4 , 0 , 25 , 0 , 50 , 25 , 0 , 0 , 57 , 0 , 5 , 40 , 26.6 
08-Jan-2004 16:34,200103,GATWICK,MOROCCO,MARRAKESH,MONARCH AIRLINES,D,C, 4 , 0 , 75 , 0 , 0 , 25 , 0 , 0 , 29.5 , 0 , 5 , 60 , 9.2 
08-Jan-2004 16:34,200103,GATWICK,MOROCCO,MARRAKESH,ROYAL AIR MAROC,D,C, 0 , 0 , 0 , 0 , 0 , 0 , 0 , 0 , 0 , 0 , 1 , 0 , 35 
08-Jan-2004 16:34,200103,GATWICK,MOROCCO,MARRAKESH,THOMAS COOK AIRLINES LTD,D,C, 0 , 1 , 0 , 0 , 0 , 0 , 0 , 0 , 0 , 0 , 0 , 0 , 0 
08-Jan-2004 16:34,200103,GATWICK,MOROCCO,OUARZAZATE,MONARCH AIRLINES,D,C, 1 , 0 , 0 , 100 , 0 , 0 , 0 , 0 , 18 , 0 , 0 , 0 , 0 
08-Jan-2004 16:34,200103,GATWICK,NEPAL,KATHMANDU,ROYAL NEPAL AIRLINES,A,S, 8 , 0 , 0 , 0 , 50 , 37.5 , 0 , 12.5 , 170.875 , 4 , 8 , 0 , 92.875 
08-Jan-2004 16:34,200103,GATWICK,NEPAL,KATHMANDU,ROYAL NEPAL AIRLINES,D,S, 8 , 0 , 25 , 0 , 12.5 , 50 , 0 , 12.5 , 167.875 , 4 , 8 , 12.5 , 57 
08-Jan-2004 16:34,200103,GATWICK,NETHERLANDS,AMSTERDAM,CITY FLYER EXPRESS,A,S, 226 , 0 , 75.6637168141593 , 11.5044247787611 , 8.8495575221239 , 3.53982300884956 , 0.442477876106195 , 0 , 11.929203539823 , 3 , 168 , 75 , 14.547619047619 
08-Jan-2004 16:34,200103,GATWICK,NETHERLANDS,AMSTERDAM,CITY FLYER EXPRESS,D,S, 226 , 0 , 73.0088495575221 , 13.2743362831858 , 8.8495575221239 , 4.42477876106195 , 0.442477876106195 , 0 , 14.2300884955752 , 3 , 168 , 71.4285714285714 , 14.1904761904762 
08-Jan-2004 16:34,200103,GATWICK,NETHERLANDS,AMSTERDAM,DELTA AIRLINES,A,S, 0 , 1 , 0 , 0 , 0 , 0 , 0 , 0 , 0 , 0 , 0 , 0 , 0 
08-Jan-2004 16:34,200103,GATWICK,NETHERLANDS,AMSTERDAM,KLM,A,S, 0 , 0 , 0 , 0 , 0 , 0 , 0 , 0 , 0 , 0 , 95 , 64.2105263157895 , 17.6210526315789 
08-Jan-2004 16:34,200103,GATWICK,NETHERLANDS,AMSTERDAM,KLM,D,S, 0 , 0 , 0 , 0 , 0 , 0 , 0 , 0 , 0 , 0 , 95 , 73.6842105263158 , 15.4 
08-Jan-2004 16:34,200103,GATWICK,NETHERLANDS,EINDHOVEN,B A S E BUSINESS AIRLINES,A,S, 20 , 0 , 90 , 5 , 5 , 0 , 0 , 0 , 3.55 , 15 , 74 , 89.1891891891892 , 6.97297297297297 
08-Jan-2004 16:34,200103,GATWICK,NETHERLANDS,EINDHOVEN,B A S E BUSINESS AIRLINES,D,S, 20 , 0 , 95 , 0 , 5 , 0 , 0 , 0 , 1.85 , 15 , 76 , 94.7368421052632 , 3.92105263157895 
08-Jan-2004 16:34,200103,GATWICK,NETHERLANDS,ROTTERDAM,BRITISH WORLD AIRLINES LTD,A,C, 0 , 0 , 0 , 0 , 0 , 0 , 0 , 0 , 0 , 0 , 1 , 100 , 12 
08-Jan-2004 16:34,200103,GATWICK,NETHERLANDS,ROTTERDAM,BRITISH WORLD AIRLINES LTD,D,C, 0 , 0 , 0 , 0 , 0 , 0 , 0 , 0 , 0 , 0 , 1 , 100 , 1 
08-Jan-2004 16:34,200103,GATWICK,NETHERLANDS,ROTTERDAM,CITY FLYER EXPRESS,A,S, 74 , 0 , 79.7297297297297 , 16.2162162162162 , 2.7027027027027 , 1.35135135135135 , 0 , 0 , 8.41891891891892 , 1 , 95 , 89.4736842105263 , 6.18947368421053 
08-Jan-2004 16:34,200103,GATWICK,NETHERLANDS,ROTTERDAM,CITY FLYER EXPRESS,D,S, 73 , 0 , 75.3424657534246 , 17.8082191780822 , 2.73972602739726 , 4.10958904109589 , 0 , 0 , 11.1369863013699 , 1 , 95 , 90.5263157894737 , 3.77894736842105 
08-Jan-2004 16:34,200103,GATWICK,NETHERLANDS,ROTTERDAM,MONARCH AIRLINES,A,C, 0 , 0 , 0 , 0 , 0 , 0 , 0 , 0 , 0 , 0 , 1 , 0 , 31 
08-Jan-2004 16:34,200103,GATWICK,NETHERLANDS,ROTTERDAM,MONARCH AIRLINES,D,C, 0 , 0 , 0 , 0 , 0 , 0 , 0 , 0 , 0 , 0 , 1 , 100 , 0 
08-Jan-2004 16:34,200103,GATWICK,NIGERIA,ABUJA,BRITISH AIRWAYS PLC,A,S, 12 , 1 , 50 , 25 , 8.33333333333333 , 16.6666666666667 , 0 , 0 , 22.0833333333333 , 1 , 9 , 33.3333333333333 , 59.6666666666667 
08-Jan-2004 16:34,200103,GATWICK,NIGERIA,ABUJA,BRITISH AIRWAYS PLC,D,S, 12 , 0 , 50 , 41.6666666666667 , 8.33333333333333 , 0 , 0 , 0 , 14 , 1 , 8 , 62.5 , 38.875 
08-Jan-2004 16:34,200103,GATWICK,NIGERIA,LAGOS,BRITISH AIRWAYS PLC,A,S, 31 , 0 , 90.3225806451613 , 6.45161290322581 , 3.2258064516129 , 0 , 0 , 0 , 4.38709677419355 , 0 , 22 , 95.4545454545455 , 1.72727272727273 
08-Jan-2004 16:34,200103,GATWICK,NIGERIA,LAGOS,BRITISH AIRWAYS PLC,D,S, 31 , 0 , 45.1612903225806 , 29.0322580645161 , 6.45161290322581 , 16.1290322580645 , 3.2258064516129 , 0 , 37.5161290322581 , 0 , 23 , 73.9130434782609 , 20.8260869565217 
08-Jan-2004 16:34,200103,GATWICK,NORWAY,BERGEN,BRAATHENS ASA,A,S, 31 , 0 , 64.5161290322581 , 25.8064516129032 , 6.45161290322581 , 3.2258064516129 , 0 , 0 , 12.0322580645161 , 0 , 0 , 0 , 0 
08-Jan-2004 16:34,200103,GATWICK,NORWAY,BERGEN,BRAATHENS ASA,D,S, 31 , 0 , 83.8709677419355 , 12.9032258064516 , 0 , 3.2258064516129 , 0 , 0 , 6.7741935483871 , 0 , 0 , 0 , 0 
08-Jan-2004 16:34,200103,GATWICK,NORWAY,FAGERNES/LEIRIN,CITY FLYER EXPRESS,A,C, 2 , 0 , 100 , 0 , 0 , 0 , 0 , 0 , 0 , 0 , 0 , 0 , 0 
08-Jan-2004 16:34,200103,GATWICK,NORWAY,FAGERNES/LEIRIN,CITY FLYER EXPRESS,D,C, 2 , 0 , 50 , 0 , 50 , 0 , 0 , 0 , 25.5 , 0 , 0 , 0 , 0 
08-Jan-2004 16:34,200103,GATWICK,NORWAY,GEILO (DAGALI),CITY FLYER EXPRESS,A,C, 4 , 0 , 50 , 0 , 25 , 25 , 0 , 0 , 53.5 , 0 , 3 , 100 , 0 
08-Jan-2004 16:34,200103,GATWICK,NORWAY,GEILO (DAGALI),CITY FLYER EXPRESS,D,C, 4 , 0 , 75 , 0 , 0 , 0 , 25 , 0 , 47.5 , 0 , 4 , 100 , 1.25 
08-Jan-2004 16:34,200103,GATWICK,NORWAY,KRISTIANSAND (KJEVIK),MAERSK AIR,A,S, 21 , 0 , 71.4285714285714 , 19.047619047619 , 0 , 9.52380952380952 , 0 , 0 , 19 , 0 , 27 , 66.6666666666667 , 15.2592592592593 
08-Jan-2004 16:34,200103,GATWICK,NORWAY,KRISTIANSAND (KJEVIK),MAERSK AIR,D,S, 20 , 0 , 80 , 10 , 0 , 10 , 0 , 0 , 16.1 , 0 , 27 , 92.5925925925926 , 5.14814814814815 
08-Jan-2004 16:34,200103,GATWICK,NORWAY,OSLO (GARDERMOEN),BRAATHENS ASA,A,S, 62 , 0 , 74.1935483870968 , 9.67741935483871 , 9.67741935483871 , 6.45161290322581 , 0 , 0 , 15.9354838709677 , 0 , 0 , 0 , 0 
08-Jan-2004 16:34,200103,GATWICK,NORWAY,OSLO (GARDERMOEN),BRAATHENS ASA,D,S, 62 , 0 , 82.258064516129 , 11.2903225806452 , 4.83870967741935 , 1.61290322580645 , 0 , 0 , 8.54838709677419 , 0 , 0 , 0 , 0 
08-Jan-2004 16:34,200103,GATWICK,NORWAY,OSLO (GARDERMOEN),BRITISH AIRWAYS (EURO OPS) LGW,A,S, 0 , 0 , 0 , 0 , 0 , 0 , 0 , 0 , 0 , 0 , 45 , 64.4444444444444 , 12.0444444444444 
08-Jan-2004 16:34,200103,GATWICK,NORWAY,OSLO (GARDERMOEN),BRITISH AIRWAYS (EURO OPS) LGW,D,S, 0 , 0 , 0 , 0 , 0 , 0 , 0 , 0 , 0 , 0 , 44 , 86.3636363636364 , 7.52272727272727 
08-Jan-2004 16:34,200103,GATWICK,POLAND,GDANSK,BRITISH AIRWAYS (EURO OPS) LGW,A,S, 13 , 0 , 92.3076923076923 , 0 , 7.69230769230769 , 0 , 0 , 0 , 5.61538461538462 , 0 , 14 , 64.2857142857143 , 11.5714285714286 
08-Jan-2004 16:34,200103,GATWICK,POLAND,GDANSK,BRITISH AIRWAYS (EURO OPS) LGW,D,S, 13 , 0 , 92.3076923076923 , 0 , 0 , 7.69230769230769 , 0 , 0 , 7.15384615384615 , 0 , 13 , 92.3076923076923 , 1.84615384615385 
08-Jan-2004 16:34,200103,GATWICK,POLAND,KRAKOW,EXCEL AIRWAYS LTD,A,C, 0 , 0 , 0 , 0 , 0 , 0 , 0 , 0 , 0 , 0 , 1 , 100 , 0 
08-Jan-2004 16:34,200103,GATWICK,POLAND,KRAKOW,EXCEL AIRWAYS LTD,D,C, 0 , 0 , 0 , 0 , 0 , 0 , 0 , 0 , 0 , 0 , 1 , 0 , 43 
08-Jan-2004 16:34,200103,GATWICK,POLAND,KRAKOW,LOT-POLISH AIRLINES,A,S, 31 , 0 , 80.6451612903226 , 9.67741935483871 , 6.45161290322581 , 3.2258064516129 , 0 , 0 , 10.0322580645161 , 0 , 31 , 90.3225806451613 , 7.54838709677419 
08-Jan-2004 16:34,200103,GATWICK,POLAND,KRAKOW,LOT-POLISH AIRLINES,D,S, 31 , 0 , 74.1935483870968 , 9.67741935483871 , 6.45161290322581 , 9.67741935483871 , 0 , 0 , 19.7741935483871 , 0 , 31 , 77.4193548387097 , 11.9032258064516 
08-Jan-2004 16:34,200103,GATWICK,POLAND,WARSAW,LOT-POLISH AIRLINES,A,S, 30 , 0 , 80 , 13.3333333333333 , 6.66666666666667 , 0 , 0 , 0 , 7.16666666666667 , 1 , 0 , 0 , 0 
08-Jan-2004 16:34,200103,GATWICK,POLAND,WARSAW,LOT-POLISH AIRLINES,D,S, 30 , 0 , 86.6666666666667 , 6.66666666666667 , 0 , 6.66666666666667 , 0 , 0 , 11.1333333333333 , 1 , 0 , 0 , 0 
08-Jan-2004 16:34,200103,GATWICK,PORTUGAL(EXCLUDING MADEIRA),FARO,AIR 2000,A,C, 8 , 1 , 25 , 37.5 , 25 , 12.5 , 0 , 0 , 35.125 , 0 , 10 , 50 , 49.9 
08-Jan-2004 16:34,200103,GATWICK,PORTUGAL(EXCLUDING MADEIRA),FARO,AIR 2000,A,S, 6 , 0 , 16.6666666666667 , 16.6666666666667 , 50 , 16.6666666666667 , 0 , 0 , 43.8333333333333 , 0 , 0 , 0 , 0 
08-Jan-2004 16:34,200103,GATWICK,PORTUGAL(EXCLUDING MADEIRA),FARO,AIR 2000,D,C, 10 , 0 , 50 , 20 , 20 , 10 , 0 , 0 , 22.9 , 0 , 10 , 70 , 52.3 
08-Jan-2004 16:34,200103,GATWICK,PORTUGAL(EXCLUDING MADEIRA),FARO,AIR 2000,D,S, 6 , 0 , 33.3333333333333 , 33.3333333333333 , 33.3333333333333 , 0 , 0 , 0 , 25.5 , 0 , 0 , 0 , 0 
08-Jan-2004 16:34,200103,GATWICK,PORTUGAL(EXCLUDING MADEIRA),FARO,BRITANNIA AIRWAYS,A,C, 9 , 0 , 44.4444444444444 , 33.3333333333333 , 22.2222222222222 , 0 , 0 , 0 , 16.5555555555556 , 0 , 5 , 20 , 69.6 
08-Jan-2004 16:34,200103,GATWICK,PORTUGAL(EXCLUDING MADEIRA),FARO,BRITANNIA AIRWAYS,D,C, 10 , 0 , 100 , 0 , 0 , 0 , 0 , 0 , 3.1 , 0 , 5 , 40 , 17.8 
08-Jan-2004 16:34,200103,GATWICK,PORTUGAL(EXCLUDING MADEIRA),FARO,BRITISH AIRWAYS PLC,A,C, 10 , 0 , 60 , 0 , 40 , 0 , 0 , 0 , 18.8 , 0 , 0 , 0 , 0 
08-Jan-2004 16:34,200103,GATWICK,PORTUGAL(EXCLUDING MADEIRA),FARO,BRITISH AIRWAYS PLC,D,C, 10 , 0 , 60 , 10 , 30 , 0 , 0 , 0 , 19.4 , 0 , 0 , 0 , 0 
08-Jan-2004 16:34,200103,GATWICK,PORTUGAL(EXCLUDING MADEIRA),FARO,CALEDONIAN AIRWAYS,A,C, 0 , 0 , 0 , 0 , 0 , 0 , 0 , 0 , 0 , 0 , 8 , 75 , 25.75 
08-Jan-2004 16:34,200103,GATWICK,PORTUGAL(EXCLUDING MADEIRA),FARO,CALEDONIAN AIRWAYS,D,C, 0 , 0 , 0 , 0 , 0 , 0 , 0 , 0 , 0 , 0 , 8 , 75 , 24 
08-Jan-2004 16:34,200103,GATWICK,PORTUGAL(EXCLUDING MADEIRA),FARO,EXCEL AIRWAYS LTD,A,C, 0 , 0 , 0 , 0 , 0 , 0 , 0 , 0 , 0 , 0 , 4 , 50 , 53.75 
08-Jan-2004 16:34,200103,GATWICK,PORTUGAL(EXCLUDING MADEIRA),FARO,EXCEL AIRWAYS LTD,D,C, 0 , 0 , 0 , 0 , 0 , 0 , 0 , 0 , 0 , 0 , 5 , 60 , 58.2 
08-Jan-2004 16:34,200103,GATWICK,PORTUGAL(EXCLUDING MADEIRA),FARO,GB AIRWAYS LTD,A,S, 38 , 2 , 78.9473684210526 , 5.26315789473684 , 7.89473684210526 , 7.89473684210526 , 0 , 0 , 14.8684210526316 , 0 , 36 , 88.8888888888889 , 4.25 
08-Jan-2004 16:34,200103,GATWICK,PORTUGAL(EXCLUDING MADEIRA),FARO,GB AIRWAYS LTD,D,S, 40 , 0 , 57.5 , 27.5 , 2.5 , 12.5 , 0 , 0 , 28.325 , 1 , 37 , 78.3783783783784 , 9.81081081081081 
08-Jan-2004 16:34,200103,GATWICK,PORTUGAL(EXCLUDING MADEIRA),FARO,MONARCH AIRLINES,A,C, 14 , 0 , 28.5714285714286 , 21.4285714285714 , 50 , 0 , 0 , 0 , 26 , 0 , 13 , 15.3846153846154 , 44 
08-Jan-2004 16:34,200103,GATWICK,PORTUGAL(EXCLUDING MADEIRA),FARO,MONARCH AIRLINES,D,C, 14 , 0 , 92.8571428571429 , 0 , 7.14285714285714 , 0 , 0 , 0 , 8.28571428571429 , 0 , 13 , 30.7692307692308 , 34.6923076923077 
08-Jan-2004 16:34,200103,GATWICK,PORTUGAL(EXCLUDING MADEIRA),FARO,MY TRAVEL AIRWAYS UK,A,C, 9 , 0 , 33.3333333333333 , 44.4444444444444 , 0 , 11.1111111111111 , 0 , 11.1111111111111 , 62.7777777777778 , 0 , 8 , 37.5 , 34.375 
08-Jan-2004 16:34,200103,GATWICK,PORTUGAL(EXCLUDING MADEIRA),FARO,MY TRAVEL AIRWAYS UK,D,C, 8 , 0 , 100 , 0 , 0 , 0 , 0 , 0 , 2.875 , 0 , 8 , 62.5 , 26.625 
08-Jan-2004 16:34,200103,GATWICK,PORTUGAL(EXCLUDING MADEIRA),FARO,THOMAS COOK AIRLINES LTD,A,C, 9 , 0 , 11.1111111111111 , 55.5555555555556 , 22.2222222222222 , 0 , 11.1111111111111 , 0 , 45.5555555555556 , 0 , 0 , 0 , 0 
08-Jan-2004 16:34,200103,GATWICK,PORTUGAL(EXCLUDING MADEIRA),FARO,THOMAS COOK AIRLINES LTD,D,C, 10 , 0 , 70 , 10 , 0 , 0 , 20 , 0 , 53.9 , 0 , 0 , 0 , 0 
08-Jan-2004 16:34,200103,GATWICK,PORTUGAL(EXCLUDING MADEIRA),FARO,TRANSAER,A,C, 0 , 0 , 0 , 0 , 0 , 0 , 0 , 0 , 0 , 0 , 1 , 0 , 60 
08-Jan-2004 16:34,200103,GATWICK,PORTUGAL(EXCLUDING MADEIRA),FARO,TRANSAER,D,C, 0 , 0 , 0 , 0 , 0 , 0 , 0 , 0 , 0 , 0 , 2 , 0 , 53.5 
08-Jan-2004 16:34,200103,GATWICK,PORTUGAL(EXCLUDING MADEIRA),FARO,VIRGIN ATLANTIC AIRWAYS LTD,A,C, 1 , 0 , 0 , 0 , 0 , 0 , 100 , 0 , 238 , 0 , 4 , 50 , 14.25 
08-Jan-2004 16:34,200103,GATWICK,PORTUGAL(EXCLUDING MADEIRA),FARO,VIRGIN ATLANTIC AIRWAYS LTD,D,C, 0 , 0 , 0 , 0 , 0 , 0 , 0 , 0 , 0 , 0 , 4 , 75 , 9.25 
08-Jan-2004 16:34,200103,GATWICK,PORTUGAL(EXCLUDING MADEIRA),LISBON,AIR PORTUGAL,A,S, 31 , 0 , 77.4193548387097 , 12.9032258064516 , 3.2258064516129 , 6.45161290322581 , 0 , 0 , 10.9354838709677 , 0 , 27 , 85.1851851851852 , 4.07407407407407 
08-Jan-2004 16:34,200103,GATWICK,PORTUGAL(EXCLUDING MADEIRA),LISBON,AIR PORTUGAL,D,S, 31 , 0 , 77.4193548387097 , 12.9032258064516 , 3.2258064516129 , 6.45161290322581 , 0 , 0 , 12.9354838709677 , 0 , 27 , 81.4814814814815 , 8.37037037037037 
08-Jan-2004 16:34,200103,GATWICK,PORTUGAL(EXCLUDING MADEIRA),LISBON,DEUTSCHE BA,A,C, 0 , 0 , 0 , 0 , 0 , 0 , 0 , 0 , 0 , 0 , 1 , 0 , 24 
08-Jan-2004 16:34,200103,GATWICK,PORTUGAL(EXCLUDING MADEIRA),LISBON,GB AIRWAYS LTD,A,S, 27 , 0 , 77.7777777777778 , 7.40740740740741 , 11.1111111111111 , 0 , 3.7037037037037 , 0 , 14.1851851851852 , 0 , 33 , 90.9090909090909 , 4.36363636363636 
08-Jan-2004 16:34,200103,GATWICK,PORTUGAL(EXCLUDING MADEIRA),LISBON,GB AIRWAYS LTD,D,S, 31 , 0 , 74.1935483870968 , 6.45161290322581 , 12.9032258064516 , 6.45161290322581 , 0 , 0 , 20.4838709677419 , 0 , 56 , 80.3571428571429 , 11.5535714285714 
08-Jan-2004 16:34,200103,GATWICK,PORTUGAL(EXCLUDING MADEIRA),LISBON,HELIAVIA,D,C, 0 , 1 , 0 , 0 , 0 , 0 , 0 , 0 , 0 , 0 , 0 , 0 , 0 
08-Jan-2004 16:34,200103,GATWICK,PORTUGAL(EXCLUDING MADEIRA),OPORTO ( PORTUGAL ),GB AIRWAYS LTD,A,S, 31 , 0 , 61.2903225806452 , 6.45161290322581 , 19.3548387096774 , 9.67741935483871 , 3.2258064516129 , 0 , 26.3225806451613 , 0 , 53 , 90.5660377358491 , 5.88679245283019 
08-Jan-2004 16:34,200103,GATWICK,PORTUGAL(EXCLUDING MADEIRA),OPORTO ( PORTUGAL ),GB AIRWAYS LTD,D,S, 26 , 1 , 69.2307692307692 , 7.69230769230769 , 15.3846153846154 , 3.84615384615385 , 3.84615384615385 , 0 , 25.3076923076923 , 0 , 27 , 88.8888888888889 , 8.37037037037037 
08-Jan-2004 16:34,200103,GATWICK,PORTUGAL(MADEIRA),FUNCHAL,AIR 2000,A,C, 4 , 0 , 50 , 25 , 0 , 0 , 25 , 0 , 61.75 , 0 , 4 , 50 , 10.75 
08-Jan-2004 16:34,200103,GATWICK,PORTUGAL(MADEIRA),FUNCHAL,AIR 2000,D,C, 4 , 0 , 75 , 25 , 0 , 0 , 0 , 0 , 6 , 0 , 4 , 100 , 3.75 
08-Jan-2004 16:34,200103,GATWICK,PORTUGAL(MADEIRA),FUNCHAL,BRITANNIA AIRWAYS,A,C, 4 , 0 , 50 , 0 , 0 , 25 , 0 , 25 , 424 , 0 , 0 , 0 , 0 
08-Jan-2004 16:34,200103,GATWICK,PORTUGAL(MADEIRA),FUNCHAL,BRITANNIA AIRWAYS,D,C, 4 , 0 , 50 , 0 , 0 , 25 , 0 , 25 , 405 , 0 , 0 , 0 , 0 
08-Jan-2004 16:34,200103,GATWICK,PORTUGAL(MADEIRA),FUNCHAL,CALEDONIAN AIRWAYS,A,C, 0 , 0 , 0 , 0 , 0 , 0 , 0 , 0 , 0 , 0 , 12 , 8.33333333333333 , 62 
08-Jan-2004 16:34,200103,GATWICK,PORTUGAL(MADEIRA),FUNCHAL,CALEDONIAN AIRWAYS,D,C, 0 , 0 , 0 , 0 , 0 , 0 , 0 , 0 , 0 , 0 , 12 , 66.6666666666667 , 40.3333333333333 
08-Jan-2004 16:34,200103,GATWICK,PORTUGAL(MADEIRA),FUNCHAL,EXCEL AIRWAYS LTD,A,C, 4 , 0 , 75 , 0 , 25 , 0 , 0 , 0 , 10.75 , 0 , 5 , 20 , 32.6 
08-Jan-2004 16:34,200103,GATWICK,PORTUGAL(MADEIRA),FUNCHAL,EXCEL AIRWAYS LTD,D,C, 4 , 0 , 75 , 0 , 25 , 0 , 0 , 0 , 12.75 , 0 , 5 , 40 , 39.4 
08-Jan-2004 16:34,200103,GATWICK,PORTUGAL(MADEIRA),FUNCHAL,GB AIRWAYS LTD,A,S, 18 , 0 , 55.5555555555556 , 16.6666666666667 , 16.6666666666667 , 5.55555555555556 , 0 , 5.55555555555556 , 71.4444444444444 , 0 , 18 , 77.7777777777778 , 19.8333333333333 
08-Jan-2004 16:34,200103,GATWICK,PORTUGAL(MADEIRA),FUNCHAL,GB AIRWAYS LTD,D,S, 18 , 0 , 61.1111111111111 , 22.2222222222222 , 5.55555555555556 , 11.1111111111111 , 0 , 0 , 19.5555555555556 , 0 , 18 , 77.7777777777778 , 10.4444444444444 
08-Jan-2004 16:34,200103,GATWICK,PORTUGAL(MADEIRA),FUNCHAL,MONARCH AIRLINES,A,C, 4 , 0 , 25 , 25 , 0 , 25 , 0 , 25 , 402 , 0 , 4 , 0 , 30.5 
08-Jan-2004 16:34,200103,GATWICK,PORTUGAL(MADEIRA),FUNCHAL,MONARCH AIRLINES,D,C, 4 , 0 , 75 , 0 , 0 , 0 , 0 , 25 , 372.5 , 0 , 4 , 100 , 4 
08-Jan-2004 16:34,200103,GATWICK,PORTUGAL(MADEIRA),FUNCHAL,MY TRAVEL AIRWAYS UK,A,C, 4 , 0 , 75 , 0 , 25 , 0 , 0 , 0 , 14.25 , 0 , 5 , 40 , 41.8 
08-Jan-2004 16:34,200103,GATWICK,PORTUGAL(MADEIRA),FUNCHAL,MY TRAVEL AIRWAYS UK,D,C, 4 , 0 , 100 , 0 , 0 , 0 , 0 , 0 , 2.5 , 0 , 5 , 80 , 21 
08-Jan-2004 16:34,200103,GATWICK,PORTUGAL(MADEIRA),FUNCHAL,THOMAS COOK AIRLINES LTD,A,C, 8 , 0 , 37.5 , 12.5 , 12.5 , 0 , 25 , 12.5 , 261.125 , 0 , 0 , 0 , 0 
08-Jan-2004 16:34,200103,GATWICK,PORTUGAL(MADEIRA),FUNCHAL,THOMAS COOK AIRLINES LTD,D,C, 7 , 0 , 71.4285714285714 , 0 , 0 , 14.2857142857143 , 0 , 14.2857142857143 , 235.285714285714 , 0 , 0 , 0 , 0 
08-Jan-2004 16:34,200103,GATWICK,PUERTO RICO,SAN JUAN (PUERTO RICO),BRITANNIA AIRWAYS,A,C, 4 , 0 , 25 , 0 , 0 , 75 , 0 , 0 , 56.25 , 0 , 4 , 25 , 46.25 
08-Jan-2004 16:34,200103,GATWICK,PUERTO RICO,SAN JUAN (PUERTO RICO),BRITANNIA AIRWAYS,D,C, 5 , 0 , 100 , 0 , 0 , 0 , 0 , 0 , 8 , 0 , 4 , 50 , 27.5 
08-Jan-2004 16:34,200103,GATWICK,REPUBLIC OF YEMEN,SANAA,YEMENIA,A,S, 7 , 0 , 14.2857142857143 , 14.2857142857143 , 57.1428571428571 , 0 , 14.2857142857143 , 0 , 64.8571428571429 , 0 , 9 , 44.4444444444444 , 108.444444444444 
08-Jan-2004 16:34,200103,GATWICK,REPUBLIC OF YEMEN,SANAA,YEMENIA,D,S, 7 , 0 , 14.2857142857143 , 28.5714285714286 , 42.8571428571429 , 0 , 14.2857142857143 , 0 , 62 , 0 , 9 , 55.5555555555556 , 23.7777777777778 
08-Jan-2004 16:34,200103,GATWICK,RUMANIA,BUCHAREST (OTOPENI),BRITISH AIRWAYS (EURO OPS) LGW,A,S, 34 , 0 , 79.4117647058824 , 2.94117647058824 , 5.88235294117647 , 11.7647058823529 , 0 , 0 , 12.7647058823529 , 0 , 33 , 87.8787878787879 , 4.45454545454545 
08-Jan-2004 16:34,200103,GATWICK,RUMANIA,BUCHAREST (OTOPENI),BRITISH AIRWAYS (EURO OPS) LGW,D,S, 34 , 0 , 79.4117647058824 , 8.82352941176471 , 2.94117647058824 , 8.82352941176471 , 0 , 0 , 17.8823529411765 , 0 , 32 , 68.75 , 11.78125 
08-Jan-2004 16:34,200103,GATWICK,RUSSIA,MOSCOW (SHEREMETYEVO),BRITISH AIRWAYS (EURO OPS) LGW,A,S, 0 , 0 , 0 , 0 , 0 , 0 , 0 , 0 , 0 , 0 , 25 , 92 , 5.32 
08-Jan-2004 16:34,200103,GATWICK,RUSSIA,MOSCOW (SHEREMETYEVO),BRITISH AIRWAYS (EURO OPS) LGW,D,S, 0 , 0 , 0 , 0 , 0 , 0 , 0 , 0 , 0 , 0 , 25 , 88 , 8.6 
08-Jan-2004 16:34,200103,GATWICK,RUSSIA,MOSCOW (SHEREMETYEVO),TRANSAERO AIRLINES,A,S, 0 , 0 , 0 , 0 , 0 , 0 , 0 , 0 , 0 , 0 , 9 , 77.7777777777778 , 6.66666666666667 
08-Jan-2004 16:34,200103,GATWICK,RUSSIA,MOSCOW (SHEREMETYEVO),TRANSAERO AIRLINES,D,S, 0 , 0 , 0 , 0 , 0 , 0 , 0 , 0 , 0 , 0 , 9 , 66.6666666666667 , 10 
08-Jan-2004 16:34,200103,GATWICK,RUSSIA,ST PETERSBURG,AEROFLOT,A,S, 1 , 0 , 0 , 100 , 0 , 0 , 0 , 0 , 18 , 0 , 3 , 100 , 1.33333333333333 
08-Jan-2004 16:34,200103,GATWICK,RUSSIA,ST PETERSBURG,AEROFLOT,D,S, 1 , 0 , 100 , 0 , 0 , 0 , 0 , 0 , 15 , 0 , 3 , 100 , 0 
08-Jan-2004 16:34,200103,GATWICK,RUSSIA,ST PETERSBURG,BRITISH AIRWAYS (EURO OPS) LGW,A,S, 21 , 0 , 80.9523809523809 , 4.76190476190476 , 9.52380952380952 , 4.76190476190476 , 0 , 0 , 12.047619047619 , 0 , 22 , 86.3636363636364 , 13.0909090909091 
08-Jan-2004 16:34,200103,GATWICK,RUSSIA,ST PETERSBURG,BRITISH AIRWAYS (EURO OPS) LGW,D,S, 21 , 0 , 85.7142857142857 , 0 , 9.52380952380952 , 4.76190476190476 , 0 , 0 , 15.047619047619 , 0 , 22 , 86.3636363636364 , 17.2272727272727 
08-Jan-2004 16:34,200103,GATWICK,SAINT KITTS AND NEVIS,ST KITTS,CALEDONIAN AIRWAYS,A,C, 0 , 0 , 0 , 0 , 0 , 0 , 0 , 0 , 0 , 0 , 4 , 0 , 68.25 
08-Jan-2004 16:34,200103,GATWICK,SAINT KITTS AND NEVIS,ST KITTS,THOMAS COOK AIRLINES LTD,A,C, 4 , 0 , 50 , 50 , 0 , 0 , 0 , 0 , 16.25 , 0 , 0 , 0 , 0 
08-Jan-2004 16:34,200103,GATWICK,SAUDI ARABIA,DAMMAM,BRITISH AIRWAYS PLC,A,S, 24 , 1 , 83.3333333333333 , 8.33333333333333 , 0 , 4.16666666666667 , 0 , 4.16666666666667 , 37.4583333333333 , 1 , 26 , 96.1538461538462 , 2.38461538461538 
08-Jan-2004 16:34,200103,GATWICK,SAUDI ARABIA,DAMMAM,BRITISH AIRWAYS PLC,D,S, 25 , 0 , 72 , 12 , 4 , 8 , 4 , 0 , 20.36 , 0 , 27 , 81.4814814814815 , 7.77777777777778 
08-Jan-2004 16:34,200103,GATWICK,SAUDI ARABIA,RIYADH,TAG AVIATION SA,A,C, 0 , 1 , 0 , 0 , 0 , 0 , 0 , 0 , 0 , 0 , 0 , 0 , 0 
08-Jan-2004 16:34,200103,GATWICK,SEYCHELLES,SEYCHELLES,AIR SEYCHELLES,A,S, 8 , 0 , 50 , 12.5 , 12.5 , 25 , 0 , 0 , 32.375 , 0 , 8 , 25 , 27 
08-Jan-2004 16:34,200103,GATWICK,SEYCHELLES,SEYCHELLES,AIR SEYCHELLES,D,S, 8 , 0 , 50 , 12.5 , 25 , 12.5 , 0 , 0 , 34 , 0 , 8 , 50 , 105 
08-Jan-2004 16:34,200103,GATWICK,SEYCHELLES,SEYCHELLES,BRITISH AIRWAYS PLC,A,S, 8 , 0 , 62.5 , 0 , 12.5 , 25 , 0 , 0 , 28.625 , 0 , 9 , 77.7777777777778 , 7.66666666666667 
08-Jan-2004 16:34,200103,GATWICK,SEYCHELLES,SEYCHELLES,BRITISH AIRWAYS PLC,D,S, 9 , 0 , 66.6666666666667 , 22.2222222222222 , 0 , 11.1111111111111 , 0 , 0 , 22.6666666666667 , 0 , 9 , 100 , 1.22222222222222 
08-Jan-2004 16:34,200103,GATWICK,SIERRA LEONE,FREETOWN,SIERRA NATIONAL AIRLINES,A,S, 4 , 0 , 100 , 0 , 0 , 0 , 0 , 0 , 0 , 0 , 0 , 0 , 0 
08-Jan-2004 16:34,200103,GATWICK,SIERRA LEONE,FREETOWN,SIERRA NATIONAL AIRLINES,D,S, 4 , 0 , 50 , 50 , 0 , 0 , 0 , 0 , 15 , 0 , 0 , 0 , 0 
08-Jan-2004 16:34,200103,GATWICK,SLOVENIA,LJUBLJANA,BRITISH AIRWAYS (EURO OPS) LGW,A,S, 0 , 0 , 0 , 0 , 0 , 0 , 0 , 0 , 0 , 0 , 14 , 85.7142857142857 , 6.07142857142857 
08-Jan-2004 16:34,200103,GATWICK,SLOVENIA,LJUBLJANA,BRITISH AIRWAYS (EURO OPS) LGW,D,S, 0 , 0 , 0 , 0 , 0 , 0 , 0 , 0 , 0 , 0 , 13 , 92.3076923076923 , 4.92307692307692 
08-Jan-2004 16:34,200103,GATWICK,SPAIN,ALICANTE,AIR 2000,A,C, 5 , 0 , 60 , 20 , 20 , 0 , 0 , 0 , 19 , 0 , 8 , 50 , 20.875 
08-Jan-2004 16:34,200103,GATWICK,SPAIN,ALICANTE,AIR 2000,A,S, 9 , 0 , 77.7777777777778 , 11.1111111111111 , 11.1111111111111 , 0 , 0 , 0 , 11.3333333333333 , 0 , 0 , 0 , 0 
08-Jan-2004 16:34,200103,GATWICK,SPAIN,ALICANTE,AIR 2000,D,C, 5 , 0 , 100 , 0 , 0 , 0 , 0 , 0 , 2.6 , 0 , 8 , 87.5 , 5.375 
08-Jan-2004 16:34,200103,GATWICK,SPAIN,ALICANTE,AIR 2000,D,S, 9 , 0 , 100 , 0 , 0 , 0 , 0 , 0 , 2.22222222222222 , 0 , 0 , 0 , 0 
08-Jan-2004 16:34,200103,GATWICK,SPAIN,ALICANTE,BRITANNIA AIRWAYS,A,C, 9 , 0 , 77.7777777777778 , 11.1111111111111 , 11.1111111111111 , 0 , 0 , 0 , 13.4444444444444 , 0 , 9 , 88.8888888888889 , 7.77777777777778 
08-Jan-2004 16:34,200103,GATWICK,SPAIN,ALICANTE,BRITANNIA AIRWAYS,D,C, 9 , 0 , 100 , 0 , 0 , 0 , 0 , 0 , 2.66666666666667 , 0 , 9 , 88.8888888888889 , 6.55555555555556 
08-Jan-2004 16:34,200103,GATWICK,SPAIN,ALICANTE,BRITISH AIRWAYS PLC,A,C, 1 , 0 , 100 , 0 , 0 , 0 , 0 , 0 , 0 , 0 , 0 , 0 , 0 
08-Jan-2004 16:34,200103,GATWICK,SPAIN,ALICANTE,BRITISH AIRWAYS PLC,D,C, 1 , 0 , 100 , 0 , 0 , 0 , 0 , 0 , 2 , 0 , 0 , 0 , 0 
08-Jan-2004 16:34,200103,GATWICK,SPAIN,ALICANTE,CALEDONIAN AIRWAYS,D,C, 0 , 0 , 0 , 0 , 0 , 0 , 0 , 0 , 0 , 0 , 1 , 100 , 0 
08-Jan-2004 16:34,200103,GATWICK,SPAIN,ALICANTE,GB AIRWAYS LTD,A,S, 28 , 0 , 85.7142857142857 , 3.57142857142857 , 3.57142857142857 , 7.14285714285714 , 0 , 0 , 12.3928571428571 , 0 , 24 , 87.5 , 9.125 
08-Jan-2004 16:34,200103,GATWICK,SPAIN,ALICANTE,GB AIRWAYS LTD,D,S, 28 , 0 , 67.8571428571429 , 17.8571428571429 , 3.57142857142857 , 10.7142857142857 , 0 , 0 , 20.6428571428571 , 0 , 24 , 83.3333333333333 , 14 
08-Jan-2004 16:34,200103,GATWICK,SPAIN,ALICANTE,IBERIA,A,S, 31 , 0 , 64.5161290322581 , 9.67741935483871 , 16.1290322580645 , 9.67741935483871 , 0 , 0 , 22.0645161290323 , 0 , 31 , 100 , 3.25806451612903 
08-Jan-2004 16:34,200103,GATWICK,SPAIN,ALICANTE,IBERIA,D,S, 31 , 0 , 51.6129032258064 , 19.3548387096774 , 9.67741935483871 , 19.3548387096774 , 0 , 0 , 28.7741935483871 , 0 , 31 , 83.8709677419355 , 7.83870967741936 
08-Jan-2004 16:34,200103,GATWICK,SPAIN,ALICANTE,MONARCH AIRLINES,A,C, 15 , 0 , 53.3333333333333 , 26.6666666666667 , 13.3333333333333 , 6.66666666666667 , 0 , 0 , 20.6 , 0 , 13 , 46.1538461538462 , 25.4615384615385 
08-Jan-2004 16:34,200103,GATWICK,SPAIN,ALICANTE,MONARCH AIRLINES,D,C, 15 , 0 , 80 , 13.3333333333333 , 6.66666666666667 , 0 , 0 , 0 , 7.86666666666667 , 0 , 13 , 69.2307692307692 , 18.8461538461538 
08-Jan-2004 16:34,200103,GATWICK,SPAIN,ALICANTE,MY TRAVEL AIRWAYS UK,A,C, 18 , 0 , 66.6666666666667 , 22.2222222222222 , 11.1111111111111 , 0 , 0 , 0 , 10.7777777777778 , 0 , 12 , 66.6666666666667 , 24.4166666666667 
08-Jan-2004 16:34,200103,GATWICK,SPAIN,ALICANTE,MY TRAVEL AIRWAYS UK,D,C, 18 , 0 , 88.8888888888889 , 5.55555555555556 , 0 , 5.55555555555556 , 0 , 0 , 6.44444444444444 , 0 , 12 , 83.3333333333333 , 24.4166666666667 
08-Jan-2004 16:34,200103,GATWICK,SPAIN,ALICANTE,THOMAS COOK AIRLINES LTD,A,C, 9 , 0 , 55.5555555555556 , 33.3333333333333 , 0 , 11.1111111111111 , 0 , 0 , 20.7777777777778 , 0 , 8 , 75 , 10.625 
08-Jan-2004 16:34,200103,GATWICK,SPAIN,ALICANTE,THOMAS COOK AIRLINES LTD,D,C, 9 , 0 , 100 , 0 , 0 , 0 , 0 , 0 , 2.77777777777778 , 0 , 7 , 100 , 1.57142857142857 
08-Jan-2004 16:34,200103,GATWICK,SPAIN,ALICANTE,VIRGIN ATLANTIC AIRWAYS LTD,A,C, 5 , 0 , 80 , 20 , 0 , 0 , 0 , 0 , 7.2 , 0 , 4 , 50 , 17.25 
08-Jan-2004 16:34,200103,GATWICK,SPAIN,ALICANTE,VIRGIN ATLANTIC AIRWAYS LTD,D,C, 5 , 0 , 80 , 0 , 20 , 0 , 0 , 0 , 11 , 0 , 4 , 75 , 11.25 
08-Jan-2004 16:34,200103,GATWICK,SPAIN,ALMERIA,CALEDONIAN AIRWAYS,D,C, 0 , 0 , 0 , 0 , 0 , 0 , 0 , 0 , 0 , 0 , 1 , 100 , 0 
08-Jan-2004 16:34,200103,GATWICK,SPAIN,ALMERIA,MONARCH AIRLINES,A,C, 5 , 0 , 40 , 0 , 60 , 0 , 0 , 0 , 28 , 0 , 5 , 40 , 65.6 
08-Jan-2004 16:34,200103,GATWICK,SPAIN,ALMERIA,MONARCH AIRLINES,D,C, 5 , 0 , 80 , 20 , 0 , 0 , 0 , 0 , 8.2 , 0 , 5 , 60 , 55.8 
08-Jan-2004 16:34,200103,GATWICK,SPAIN,ALMERIA,MY TRAVEL AIRWAYS UK,A,C, 5 , 0 , 60 , 0 , 0 , 40 , 0 , 0 , 51.8 , 0 , 5 , 20 , 60.2 
08-Jan-2004 16:34,200103,GATWICK,SPAIN,ALMERIA,MY TRAVEL AIRWAYS UK,D,C, 5 , 0 , 60 , 0 , 0 , 40 , 0 , 0 , 43 , 0 , 5 , 80 , 24.4 
08-Jan-2004 16:34,200103,GATWICK,SPAIN,ASTURIAS,AIR NOSTRUM,A,S, 13 , 0 , 84.6153846153846 , 7.69230769230769 , 0 , 7.69230769230769 , 0 , 0 , 10.7692307692308 , 0 , 13 , 69.2307692307692 , 15 
08-Jan-2004 16:34,200103,GATWICK,SPAIN,ASTURIAS,AIR NOSTRUM,D,S, 13 , 0 , 84.6153846153846 , 7.69230769230769 , 7.69230769230769 , 0 , 0 , 0 , 8.23076923076923 , 0 , 13 , 92.3076923076923 , 6.46153846153846 
08-Jan-2004 16:34,200103,GATWICK,SPAIN,ASTURIAS,DEUTSCHE BA,D,C, 0 , 0 , 0 , 0 , 0 , 0 , 0 , 0 , 0 , 0 , 1 , 100 , 11 
08-Jan-2004 16:34,200103,GATWICK,SPAIN,BARCELONA,AIR 2000,A,C, 1 , 0 , 0 , 0 , 0 , 100 , 0 , 0 , 64 , 0 , 0 , 0 , 0 
08-Jan-2004 16:34,200103,GATWICK,SPAIN,BARCELONA,AIR 2000,D,C, 2 , 0 , 100 , 0 , 0 , 0 , 0 , 0 , 0 , 0 , 0 , 0 , 0 
08-Jan-2004 16:34,200103,GATWICK,SPAIN,BARCELONA,BRITISH AIRWAYS (EURO OPS) LGW,A,S, 93 , 0 , 69.8924731182796 , 8.60215053763441 , 9.67741935483871 , 6.45161290322581 , 5.37634408602151 , 0 , 27.0645161290323 , 0 , 62 , 90.3225806451613 , 7.48387096774194 
08-Jan-2004 16:34,200103,GATWICK,SPAIN,BARCELONA,BRITISH AIRWAYS (EURO OPS) LGW,D,S, 93 , 0 , 70.9677419354839 , 10.752688172043 , 8.60215053763441 , 8.60215053763441 , 1.0752688172043 , 0 , 20.8709677419355 , 0 , 62 , 85.4838709677419 , 5.85483870967742 
08-Jan-2004 16:34,200103,GATWICK,SPAIN,BARCELONA,IBERIA,A,S, 0 , 0 , 0 , 0 , 0 , 0 , 0 , 0 , 0 , 0 , 3 , 100 , 0.333333333333333 
08-Jan-2004 16:34,200103,GATWICK,SPAIN,BARCELONA,IBERIA,D,S, 0 , 0 , 0 , 0 , 0 , 0 , 0 , 0 , 0 , 0 , 3 , 33.3333333333333 , 22.6666666666667 
08-Jan-2004 16:34,200103,GATWICK,SPAIN,BILBAO,BRITISH AIRWAYS (EURO OPS) LGW,A,S, 58 , 0 , 79.3103448275862 , 5.17241379310345 , 3.44827586206897 , 10.3448275862069 , 1.72413793103448 , 0 , 18.9655172413793 , 0 , 0 , 0 , 0 
08-Jan-2004 16:34,200103,GATWICK,SPAIN,BILBAO,BRITISH AIRWAYS (EURO OPS) LGW,D,S, 58 , 0 , 81.0344827586207 , 8.62068965517241 , 5.17241379310345 , 5.17241379310345 , 0 , 0 , 13.7068965517241 , 0 , 0 , 0 , 0 
08-Jan-2004 16:34,200103,GATWICK,SPAIN,IBIZA,CITY FLYER EXPRESS,A,C, 5 , 0 , 40 , 60 , 0 , 0 , 0 , 0 , 15.8 , 0 , 3 , 66.6666666666667 , 22 
08-Jan-2004 16:34,200103,GATWICK,SPAIN,IBIZA,CITY FLYER EXPRESS,D,C, 5 , 0 , 60 , 40 , 0 , 0 , 0 , 0 , 10.4 , 0 , 4 , 100 , 5.25 
08-Jan-2004 16:34,200103,GATWICK,SPAIN,MADRID,AIR 2000,A,C, 2 , 0 , 0 , 0 , 50 , 50 , 0 , 0 , 68 , 0 , 0 , 0 , 0 
08-Jan-2004 16:34,200103,GATWICK,SPAIN,MADRID,AIR 2000,D,C, 2 , 0 , 100 , 0 , 0 , 0 , 0 , 0 , 6 , 0 , 0 , 0 , 0 
08-Jan-2004 16:34,200103,GATWICK,SPAIN,MADRID,AIR EUROPA,A,S, 31 , 0 , 32.258064516129 , 35.4838709677419 , 22.5806451612903 , 9.67741935483871 , 0 , 0 , 26.4838709677419 , 0 , 27 , 37.037037037037 , 25.8148148148148 
08-Jan-2004 16:34,200103,GATWICK,SPAIN,MADRID,AIR EUROPA,D,S, 31 , 0 , 54.8387096774194 , 29.0322580645161 , 6.45161290322581 , 9.67741935483871 , 0 , 0 , 18.9032258064516 , 0 , 27 , 44.4444444444444 , 21.2592592592593 
08-Jan-2004 16:34,200103,GATWICK,SPAIN,MADRID,BRITISH AIRWAYS (EURO OPS) LGW,A,S, 90 , 0 , 55.5555555555556 , 18.8888888888889 , 15.5555555555556 , 7.77777777777778 , 2.22222222222222 , 0 , 25.7333333333333 , 0 , 93 , 75.2688172043011 , 8.78494623655914 
08-Jan-2004 16:34,200103,GATWICK,SPAIN,MADRID,BRITISH AIRWAYS (EURO OPS) LGW,D,S, 91 , 0 , 50.5494505494506 , 27.4725274725275 , 13.1868131868132 , 8.79120879120879 , 0 , 0 , 23.2747252747253 , 0 , 93 , 81.7204301075269 , 7.90322580645161 
08-Jan-2004 16:34,200103,GATWICK,SPAIN,MADRID,MONARCH AIRLINES,A,C, 0 , 1 , 0 , 0 , 0 , 0 , 0 , 0 , 0 , 0 , 0 , 0 , 0 
08-Jan-2004 16:34,200103,GATWICK,SPAIN,MADRID,MONARCH AIRLINES,D,C, 0 , 0 , 0 , 0 , 0 , 0 , 0 , 0 , 0 , 0 , 1 , 100 , 1 
08-Jan-2004 16:34,200103,GATWICK,SPAIN,MADRID,SPANAIR,A,S, 0 , 0 , 0 , 0 , 0 , 0 , 0 , 0 , 0 , 0 , 9 , 55.5555555555556 , 14.4444444444444 
08-Jan-2004 16:34,200103,GATWICK,SPAIN,MADRID,SPANAIR,D,S, 0 , 0 , 0 , 0 , 0 , 0 , 0 , 0 , 0 , 0 , 9 , 55.5555555555556 , 15.4444444444444 
08-Jan-2004 16:34,200103,GATWICK,SPAIN,MAHON,BRITISH AIRWAYS PLC,A,C, 4 , 0 , 50 , 0 , 50 , 0 , 0 , 0 , 25.25 , 0 , 0 , 0 , 0 
08-Jan-2004 16:34,200103,GATWICK,SPAIN,MAHON,BRITISH AIRWAYS PLC,D,C, 4 , 0 , 75 , 0 , 25 , 0 , 0 , 0 , 19 , 0 , 0 , 0 , 0 
08-Jan-2004 16:34,200103,GATWICK,SPAIN,MAHON,CITY FLYER EXPRESS,A,C, 0 , 0 , 0 , 0 , 0 , 0 , 0 , 0 , 0 , 0 , 4 , 50 , 22 
08-Jan-2004 16:34,200103,GATWICK,SPAIN,MAHON,CITY FLYER EXPRESS,D,C, 0 , 0 , 0 , 0 , 0 , 0 , 0 , 0 , 0 , 0 , 4 , 50 , 17.75 
08-Jan-2004 16:34,200103,GATWICK,SPAIN,MALAGA,AIR 2000,A,C, 7 , 0 , 28.5714285714286 , 57.1428571428571 , 14.2857142857143 , 0 , 0 , 0 , 20 , 0 , 16 , 43.75 , 56.1875 
08-Jan-2004 16:34,200103,GATWICK,SPAIN,MALAGA,AIR 2000,A,S, 9 , 0 , 0 , 44.4444444444444 , 44.4444444444444 , 11.1111111111111 , 0 , 0 , 38.7777777777778 , 0 , 0 , 0 , 0 
08-Jan-2004 16:34,200103,GATWICK,SPAIN,MALAGA,AIR 2000,D,C, 8 , 0 , 50 , 25 , 25 , 0 , 0 , 0 , 16.75 , 0 , 16 , 56.25 , 52.125 
08-Jan-2004 16:34,200103,GATWICK,SPAIN,MALAGA,AIR 2000,D,S, 9 , 0 , 66.6666666666667 , 33.3333333333333 , 0 , 0 , 0 , 0 , 8.22222222222222 , 0 , 0 , 0 , 0 
08-Jan-2004 16:34,200103,GATWICK,SPAIN,MALAGA,BRITANNIA AIRWAYS,A,C, 11 , 0 , 27.2727272727273 , 18.1818181818182 , 54.5454545454545 , 0 , 0 , 0 , 29.0909090909091 , 0 , 9 , 0 , 52.4444444444444 
08-Jan-2004 16:34,200103,GATWICK,SPAIN,MALAGA,BRITANNIA AIRWAYS,D,C, 11 , 1 , 63.6363636363636 , 36.3636363636364 , 0 , 0 , 0 , 0 , 12.4545454545455 , 0 , 9 , 55.5555555555556 , 27.8888888888889 
08-Jan-2004 16:34,200103,GATWICK,SPAIN,MALAGA,BRITISH AIRWAYS PLC,A,C, 9 , 0 , 55.5555555555556 , 22.2222222222222 , 11.1111111111111 , 11.1111111111111 , 0 , 0 , 22.4444444444444 , 0 , 0 , 0 , 0 
08-Jan-2004 16:34,200103,GATWICK,SPAIN,MALAGA,BRITISH AIRWAYS PLC,D,C, 10 , 0 , 40 , 20 , 20 , 10 , 10 , 0 , 52.5 , 0 , 0 , 0 , 0 
08-Jan-2004 16:34,200103,GATWICK,SPAIN,MALAGA,CALEDONIAN AIRWAYS,A,C, 0 , 0 , 0 , 0 , 0 , 0 , 0 , 0 , 0 , 0 , 5 , 60 , 70.8 
08-Jan-2004 16:34,200103,GATWICK,SPAIN,MALAGA,CALEDONIAN AIRWAYS,D,C, 0 , 0 , 0 , 0 , 0 , 0 , 0 , 0 , 0 , 0 , 6 , 66.6666666666667 , 27 
08-Jan-2004 16:34,200103,GATWICK,SPAIN,MALAGA,EXCEL AIRWAYS LTD,A,C, 0 , 0 , 0 , 0 , 0 , 0 , 0 , 0 , 0 , 0 , 5 , 40 , 20.2 
08-Jan-2004 16:34,200103,GATWICK,SPAIN,MALAGA,EXCEL AIRWAYS LTD,D,C, 0 , 0 , 0 , 0 , 0 , 0 , 0 , 0 , 0 , 0 , 5 , 40 , 29 
08-Jan-2004 16:34,200103,GATWICK,SPAIN,MALAGA,FUTURA AIRLINES,A,C, 2 , 0 , 0 , 100 , 0 , 0 , 0 , 0 , 23.5 , 0 , 0 , 0 , 0 
08-Jan-2004 16:34,200103,GATWICK,SPAIN,MALAGA,FUTURA AIRLINES,D,C, 3 , 0 , 66.6666666666667 , 0 , 33.3333333333333 , 0 , 0 , 0 , 20.3333333333333 , 0 , 0 , 0 , 0 
08-Jan-2004 16:34,200103,GATWICK,SPAIN,MALAGA,GB AIRWAYS LTD,A,S, 61 , 3 , 85.2459016393443 , 8.19672131147541 , 1.63934426229508 , 4.91803278688525 , 0 , 0 , 7.9672131147541 , 1 , 45 , 95.5555555555556 , 1.75555555555556 
08-Jan-2004 16:34,200103,GATWICK,SPAIN,MALAGA,GB AIRWAYS LTD,D,S, 62 , 2 , 69.3548387096774 , 20.9677419354839 , 4.83870967741935 , 1.61290322580645 , 3.2258064516129 , 0 , 19.0806451612903 , 0 , 46 , 73.9130434782609 , 10.6739130434783 
08-Jan-2004 16:34,200103,GATWICK,SPAIN,MALAGA,MONARCH AIRLINES,A,C, 20 , 0 , 20 , 25 , 35 , 15 , 5 , 0 , 44.55 , 0 , 21 , 9.52380952380952 , 46.1428571428571 
08-Jan-2004 16:34,200103,GATWICK,SPAIN,MALAGA,MONARCH AIRLINES,D,C, 24 , 0 , 54.1666666666667 , 4.16666666666667 , 20.8333333333333 , 16.6666666666667 , 4.16666666666667 , 0 , 35.8333333333333 , 0 , 21 , 80.9523809523809 , 17.3809523809524 
08-Jan-2004 16:34,200103,GATWICK,SPAIN,MALAGA,MY TRAVEL AIRWAYS UK,A,C, 14 , 0 , 7.14285714285714 , 28.5714285714286 , 35.7142857142857 , 21.4285714285714 , 7.14285714285714 , 0 , 60.2142857142857 , 0 , 14 , 50 , 40.1428571428571 
08-Jan-2004 16:34,200103,GATWICK,SPAIN,MALAGA,MY TRAVEL AIRWAYS UK,D,C, 14 , 0 , 57.1428571428571 , 14.2857142857143 , 14.2857142857143 , 7.14285714285714 , 7.14285714285714 , 0 , 34.7857142857143 , 0 , 14 , 92.8571428571429 , 21.5714285714286 
08-Jan-2004 16:34,200103,GATWICK,SPAIN,MALAGA,THOMAS COOK AIRLINES LTD,A,C, 22 , 1 , 18.1818181818182 , 22.7272727272727 , 31.8181818181818 , 18.1818181818182 , 9.09090909090909 , 0 , 57.8181818181818 , 0 , 12 , 33.3333333333333 , 28.4166666666667 
08-Jan-2004 16:34,200103,GATWICK,SPAIN,MALAGA,THOMAS COOK AIRLINES LTD,D,C, 24 , 0 , 66.6666666666667 , 12.5 , 12.5 , 0 , 8.33333333333333 , 0 , 30.2916666666667 , 0 , 12 , 91.6666666666667 , 4.91666666666667 
08-Jan-2004 16:34,200103,GATWICK,SPAIN,MALAGA,TRANSAER,A,C, 0 , 0 , 0 , 0 , 0 , 0 , 0 , 0 , 0 , 0 , 2 , 50 , 13.5 
08-Jan-2004 16:34,200103,GATWICK,SPAIN,MALAGA,TRANSAER,D,C, 0 , 0 , 0 , 0 , 0 , 0 , 0 , 0 , 0 , 0 , 7 , 28.5714285714286 , 52 
08-Jan-2004 16:34,200103,GATWICK,SPAIN,MALAGA,VIRGIN ATLANTIC AIRWAYS LTD,A,C, 0 , 0 , 0 , 0 , 0 , 0 , 0 , 0 , 0 , 0 , 7 , 42.8571428571429 , 85.4285714285714 
08-Jan-2004 16:34,200103,GATWICK,SPAIN,MALAGA,VIRGIN ATLANTIC AIRWAYS LTD,D,C, 0 , 0 , 0 , 0 , 0 , 0 , 0 , 0 , 0 , 0 , 6 , 50 , 29.1666666666667 
08-Jan-2004 16:34,200103,GATWICK,SPAIN,MURCIA SAN JAVIER,BRITISH AIRWAYS PLC,A,C, 10 , 0 , 90 , 0 , 0 , 10 , 0 , 0 , 15 , 0 , 0 , 0 , 0 
08-Jan-2004 16:34,200103,GATWICK,SPAIN,MURCIA SAN JAVIER,BRITISH AIRWAYS PLC,D,C, 10 , 0 , 60 , 10 , 20 , 10 , 0 , 0 , 27.1 , 0 , 0 , 0 , 0 
08-Jan-2004 16:34,200103,GATWICK,SPAIN,MURCIA SAN JAVIER,GB AIRWAYS LTD,A,S, 0 , 0 , 0 , 0 , 0 , 0 , 0 , 0 , 0 , 0 , 13 , 92.3076923076923 , 3.07692307692308 
08-Jan-2004 16:34,200103,GATWICK,SPAIN,MURCIA SAN JAVIER,GB AIRWAYS LTD,D,S, 0 , 0 , 0 , 0 , 0 , 0 , 0 , 0 , 0 , 0 , 13 , 61.5384615384615 , 17.7692307692308 
08-Jan-2004 16:34,200103,GATWICK,SPAIN,PALMA DE MALLORCA,AIR 2000,A,C, 0 , 0 , 0 , 0 , 0 , 0 , 0 , 0 , 0 , 0 , 4 , 25 , 59.25 
08-Jan-2004 16:34,200103,GATWICK,SPAIN,PALMA DE MALLORCA,AIR 2000,A,S, 5 , 0 , 80 , 0 , 0 , 20 , 0 , 0 , 14.6 , 0 , 0 , 0 , 0 
08-Jan-2004 16:34,200103,GATWICK,SPAIN,PALMA DE MALLORCA,AIR 2000,D,C, 1 , 0 , 100 , 0 , 0 , 0 , 0 , 0 , 15 , 0 , 4 , 50 , 66 
08-Jan-2004 16:34,200103,GATWICK,SPAIN,PALMA DE MALLORCA,AIR 2000,D,S, 5 , 0 , 60 , 20 , 20 , 0 , 0 , 0 , 16 , 0 , 0 , 0 , 0 
08-Jan-2004 16:34,200103,GATWICK,SPAIN,PALMA DE MALLORCA,AIR EUROPA,A,S, 14 , 0 , 28.5714285714286 , 50 , 7.14285714285714 , 7.14285714285714 , 7.14285714285714 , 0 , 38.0714285714286 , 0 , 9 , 55.5555555555556 , 23.3333333333333 
08-Jan-2004 16:34,200103,GATWICK,SPAIN,PALMA DE MALLORCA,AIR EUROPA,D,S, 14 , 0 , 42.8571428571429 , 35.7142857142857 , 7.14285714285714 , 7.14285714285714 , 7.14285714285714 , 0 , 34.0714285714286 , 0 , 9 , 55.5555555555556 , 19.2222222222222 
08-Jan-2004 16:34,200103,GATWICK,SPAIN,PALMA DE MALLORCA,BRITANNIA AIRWAYS,A,C, 9 , 0 , 22.2222222222222 , 22.2222222222222 , 33.3333333333333 , 22.2222222222222 , 0 , 0 , 37.3333333333333 , 0 , 9 , 55.5555555555556 , 26.7777777777778 
08-Jan-2004 16:34,200103,GATWICK,SPAIN,PALMA DE MALLORCA,BRITANNIA AIRWAYS,D,C, 10 , 0 , 80 , 10 , 10 , 0 , 0 , 0 , 9.7 , 0 , 9 , 100 , 1.11111111111111 
08-Jan-2004 16:34,200103,GATWICK,SPAIN,PALMA DE MALLORCA,GB AIRWAYS LTD,A,S, 9 , 0 , 66.6666666666667 , 22.2222222222222 , 0 , 11.1111111111111 , 0 , 0 , 14.8888888888889 , 0 , 14 , 92.8571428571429 , 2.07142857142857 
08-Jan-2004 16:34,200103,GATWICK,SPAIN,PALMA DE MALLORCA,GB AIRWAYS LTD,D,S, 11 , 1 , 63.6363636363636 , 27.2727272727273 , 0 , 9.09090909090909 , 0 , 0 , 21 , 0 , 14 , 78.5714285714286 , 12.9285714285714 
08-Jan-2004 16:34,200103,GATWICK,SPAIN,PALMA DE MALLORCA,MY TRAVEL AIRWAYS UK,A,C, 15 , 0 , 80 , 6.66666666666667 , 6.66666666666667 , 6.66666666666667 , 0 , 0 , 17.7333333333333 , 0 , 13 , 84.6153846153846 , 7.38461538461539 
08-Jan-2004 16:34,200103,GATWICK,SPAIN,PALMA DE MALLORCA,MY TRAVEL AIRWAYS UK,D,C, 17 , 0 , 88.2352941176471 , 0 , 0 , 11.7647058823529 , 0 , 0 , 17.3529411764706 , 0 , 13 , 84.6153846153846 , 9 
08-Jan-2004 16:34,200103,GATWICK,SPAIN,PALMA DE MALLORCA,THOMAS COOK AIRLINES LTD,A,C, 5 , 1 , 60 , 20 , 20 , 0 , 0 , 0 , 20.4 , 0 , 0 , 0 , 0 
08-Jan-2004 16:34,200103,GATWICK,SPAIN,PALMA DE MALLORCA,THOMAS COOK AIRLINES LTD,D,C, 7 , 0 , 85.7142857142857 , 0 , 14.2857142857143 , 0 , 0 , 0 , 8.28571428571429 , 0 , 0 , 0 , 0 
08-Jan-2004 16:34,200103,GATWICK,SPAIN,SANTIAGO DE COMPOSTELA ( SPAIN ),AIR 2000,A,C, 0 , 0 , 0 , 0 , 0 , 0 , 0 , 0 , 0 , 0 , 1 , 100 , 14 
08-Jan-2004 16:34,200103,GATWICK,SPAIN,SANTIAGO DE COMPOSTELA ( SPAIN ),AIR 2000,D,C, 0 , 0 , 0 , 0 , 0 , 0 , 0 , 0 , 0 , 0 , 1 , 100 , 8 
08-Jan-2004 16:34,200103,GATWICK,SPAIN,SANTIAGO DE COMPOSTELA ( SPAIN ),EXCEL AIRWAYS LTD,A,C, 0 , 0 , 0 , 0 , 0 , 0 , 0 , 0 , 0 , 0 , 2 , 0 , 80 
08-Jan-2004 16:34,200103,GATWICK,SPAIN,SANTIAGO DE COMPOSTELA ( SPAIN ),EXCEL AIRWAYS LTD,D,C, 0 , 0 , 0 , 0 , 0 , 0 , 0 , 0 , 0 , 0 , 2 , 100 , 7.5 
08-Jan-2004 16:34,200103,GATWICK,SPAIN,SEVILLE,GB AIRWAYS LTD,A,S, 19 , 0 , 78.9473684210526 , 10.5263157894737 , 5.26315789473684 , 5.26315789473684 , 0 , 0 , 11.8421052631579 , 0 , 0 , 0 , 0 
08-Jan-2004 16:34,200103,GATWICK,SPAIN,SEVILLE,GB AIRWAYS LTD,D,S, 19 , 0 , 47.3684210526316 , 26.3157894736842 , 21.0526315789474 , 5.26315789473684 , 0 , 0 , 24.7368421052632 , 0 , 0 , 0 , 0 
08-Jan-2004 16:34,200103,GATWICK,SPAIN,SEVILLE,MY TRAVEL AIRWAYS UK,D,C, 1 , 0 , 0 , 0 , 0 , 0 , 0 , 100 , 393 , 0 , 0 , 0 , 0 
08-Jan-2004 16:34,200103,GATWICK,SPAIN,VALENCIA,GB AIRWAYS LTD,A,S, 23 , 0 , 73.9130434782609 , 8.69565217391304 , 13.0434782608696 , 0 , 4.34782608695652 , 0 , 22.5217391304348 , 0 , 22 , 95.4545454545455 , 2.95454545454545 
08-Jan-2004 16:34,200103,GATWICK,SPAIN,VALENCIA,GB AIRWAYS LTD,D,S, 20 , 0 , 75 , 5 , 15 , 0 , 5 , 0 , 24.65 , 0 , 22 , 86.3636363636364 , 6.77272727272727 
08-Jan-2004 16:34,200103,GATWICK,SPAIN(CANARY ISLANDS),ARRECIFE,AIR 2000,A,C, 9 , 0 , 66.6666666666667 , 33.3333333333333 , 0 , 0 , 0 , 0 , 11.6666666666667 , 0 , 19 , 57.8947368421053 , 28.9473684210526 
08-Jan-2004 16:34,200103,GATWICK,SPAIN(CANARY ISLANDS),ARRECIFE,AIR 2000,A,S, 12 , 0 , 41.6666666666667 , 8.33333333333333 , 33.3333333333333 , 16.6666666666667 , 0 , 0 , 30.9166666666667 , 0 , 0 , 0 , 0 
08-Jan-2004 16:34,200103,GATWICK,SPAIN(CANARY ISLANDS),ARRECIFE,AIR 2000,D,C, 7 , 0 , 85.7142857142857 , 14.2857142857143 , 0 , 0 , 0 , 0 , 5 , 0 , 19 , 78.9473684210526 , 26.7894736842105 
08-Jan-2004 16:34,200103,GATWICK,SPAIN(CANARY ISLANDS),ARRECIFE,AIR 2000,D,S, 14 , 0 , 71.4285714285714 , 0 , 14.2857142857143 , 14.2857142857143 , 0 , 0 , 16.0714285714286 , 0 , 0 , 0 , 0 
08-Jan-2004 16:34,200103,GATWICK,SPAIN(CANARY ISLANDS),ARRECIFE,BRITANNIA AIRWAYS,A,C, 8 , 0 , 12.5 , 25 , 50 , 12.5 , 0 , 0 , 38.125 , 0 , 9 , 22.2222222222222 , 43.4444444444444 
08-Jan-2004 16:34,200103,GATWICK,SPAIN(CANARY ISLANDS),ARRECIFE,BRITANNIA AIRWAYS,D,C, 8 , 0 , 62.5 , 25 , 12.5 , 0 , 0 , 0 , 15.875 , 0 , 9 , 77.7777777777778 , 33.3333333333333 
08-Jan-2004 16:34,200103,GATWICK,SPAIN(CANARY ISLANDS),ARRECIFE,EXCEL AIRWAYS LTD,A,C, 9 , 0 , 77.7777777777778 , 11.1111111111111 , 11.1111111111111 , 0 , 0 , 0 , 9.66666666666667 , 0 , 5 , 20 , 44.8 
08-Jan-2004 16:34,200103,GATWICK,SPAIN(CANARY ISLANDS),ARRECIFE,EXCEL AIRWAYS LTD,D,C, 10 , 0 , 100 , 0 , 0 , 0 , 0 , 0 , 2.9 , 0 , 5 , 60 , 18.4 
08-Jan-2004 16:34,200103,GATWICK,SPAIN(CANARY ISLANDS),ARRECIFE,IBERWORLD,A,C, 0 , 0 , 0 , 0 , 0 , 0 , 0 , 0 , 0 , 0 , 5 , 20 , 16.8 
08-Jan-2004 16:34,200103,GATWICK,SPAIN(CANARY ISLANDS),ARRECIFE,IBERWORLD,D,C, 0 , 0 , 0 , 0 , 0 , 0 , 0 , 0 , 0 , 0 , 5 , 80 , 6.2 
08-Jan-2004 16:34,200103,GATWICK,SPAIN(CANARY ISLANDS),ARRECIFE,MONARCH AIRLINES,A,C, 9 , 0 , 55.5555555555556 , 22.2222222222222 , 22.2222222222222 , 0 , 0 , 0 , 19.2222222222222 , 0 , 8 , 25 , 27.625 
08-Jan-2004 16:34,200103,GATWICK,SPAIN(CANARY ISLANDS),ARRECIFE,MONARCH AIRLINES,D,C, 9 , 0 , 66.6666666666667 , 22.2222222222222 , 11.1111111111111 , 0 , 0 , 0 , 12.4444444444444 , 0 , 8 , 75 , 16.375 
08-Jan-2004 16:34,200103,GATWICK,SPAIN(CANARY ISLANDS),ARRECIFE,MY TRAVEL AIRWAYS UK,A,C, 12 , 0 , 66.6666666666667 , 16.6666666666667 , 8.33333333333333 , 8.33333333333333 , 0 , 0 , 20.9166666666667 , 0 , 10 , 70 , 24.9 
08-Jan-2004 16:34,200103,GATWICK,SPAIN(CANARY ISLANDS),ARRECIFE,MY TRAVEL AIRWAYS UK,D,C, 14 , 0 , 57.1428571428571 , 7.14285714285714 , 21.4285714285714 , 14.2857142857143 , 0 , 0 , 29.3571428571429 , 0 , 10 , 60 , 26.1 
08-Jan-2004 16:34,200103,GATWICK,SPAIN(CANARY ISLANDS),ARRECIFE,THOMAS COOK AIRLINES LTD,A,C, 28 , 0 , 32.1428571428571 , 17.8571428571429 , 14.2857142857143 , 35.7142857142857 , 0 , 0 , 44.1071428571429 , 0 , 20 , 45 , 37.3 
08-Jan-2004 16:34,200103,GATWICK,SPAIN(CANARY ISLANDS),ARRECIFE,THOMAS COOK AIRLINES LTD,D,C, 29 , 0 , 58.6206896551724 , 10.3448275862069 , 13.7931034482759 , 17.2413793103448 , 0 , 0 , 26.5862068965517 , 0 , 20 , 80 , 7.65 
08-Jan-2004 16:34,200103,GATWICK,SPAIN(CANARY ISLANDS),ARRECIFE,VIRGIN ATLANTIC AIRWAYS LTD,A,C, 5 , 0 , 60 , 20 , 20 , 0 , 0 , 0 , 15.2 , 0 , 5 , 60 , 24.4 
08-Jan-2004 16:34,200103,GATWICK,SPAIN(CANARY ISLANDS),ARRECIFE,VIRGIN ATLANTIC AIRWAYS LTD,D,C, 5 , 0 , 80 , 20 , 0 , 0 , 0 , 0 , 6.4 , 0 , 5 , 80 , 18.2 
08-Jan-2004 16:34,200103,GATWICK,SPAIN(CANARY ISLANDS),FUERTEVENTURA,AIR 2000,A,C, 12 , 0 , 50 , 41.6666666666667 , 8.33333333333333 , 0 , 0 , 0 , 16 , 0 , 10 , 50 , 23.7 
08-Jan-2004 16:34,200103,GATWICK,SPAIN(CANARY ISLANDS),FUERTEVENTURA,AIR 2000,D,C, 12 , 0 , 83.3333333333333 , 16.6666666666667 , 0 , 0 , 0 , 0 , 9.75 , 0 , 10 , 70 , 14.9 
08-Jan-2004 16:34,200103,GATWICK,SPAIN(CANARY ISLANDS),FUERTEVENTURA,BRITANNIA AIRWAYS,A,C, 9 , 0 , 33.3333333333333 , 55.5555555555556 , 11.1111111111111 , 0 , 0 , 0 , 18.3333333333333 , 0 , 8 , 37.5 , 49.125 
08-Jan-2004 16:34,200103,GATWICK,SPAIN(CANARY ISLANDS),FUERTEVENTURA,BRITANNIA AIRWAYS,D,C, 9 , 0 , 88.8888888888889 , 11.1111111111111 , 0 , 0 , 0 , 0 , 7.11111111111111 , 0 , 9 , 55.5555555555556 , 85.1111111111111 
08-Jan-2004 16:34,200103,GATWICK,SPAIN(CANARY ISLANDS),FUERTEVENTURA,MY TRAVEL AIRWAYS UK,A,C, 13 , 1 , 92.3076923076923 , 0 , 0 , 7.69230769230769 , 0 , 0 , 9.23076923076923 , 0 , 9 , 11.1111111111111 , 41.6666666666667 
08-Jan-2004 16:34,200103,GATWICK,SPAIN(CANARY ISLANDS),FUERTEVENTURA,MY TRAVEL AIRWAYS UK,D,C, 14 , 0 , 71.4285714285714 , 21.4285714285714 , 0 , 7.14285714285714 , 0 , 0 , 13.7142857142857 , 0 , 9 , 22.2222222222222 , 45.2222222222222 
08-Jan-2004 16:34,200103,GATWICK,SPAIN(CANARY ISLANDS),FUERTEVENTURA,THOMAS COOK AIRLINES LTD,A,C, 13 , 0 , 53.8461538461538 , 30.7692307692308 , 7.69230769230769 , 7.69230769230769 , 0 , 0 , 15.3846153846154 , 0 , 5 , 60 , 22.8 
08-Jan-2004 16:34,200103,GATWICK,SPAIN(CANARY ISLANDS),FUERTEVENTURA,THOMAS COOK AIRLINES LTD,D,C, 13 , 0 , 69.2307692307692 , 23.0769230769231 , 7.69230769230769 , 0 , 0 , 0 , 9.53846153846154 , 0 , 5 , 80 , 12.6 
08-Jan-2004 16:34,200103,GATWICK,SPAIN(CANARY ISLANDS),FUERTEVENTURA,VIRGIN ATLANTIC AIRWAYS LTD,A,C, 0 , 0 , 0 , 0 , 0 , 0 , 0 , 0 , 0 , 0 , 5 , 20 , 19 
08-Jan-2004 16:34,200103,GATWICK,SPAIN(CANARY ISLANDS),FUERTEVENTURA,VIRGIN ATLANTIC AIRWAYS LTD,D,C, 0 , 0 , 0 , 0 , 0 , 0 , 0 , 0 , 0 , 0 , 5 , 80 , 9.2 
08-Jan-2004 16:34,200103,GATWICK,SPAIN(CANARY ISLANDS),LAS PALMAS,AIR 2000,A,C, 12 , 0 , 50 , 41.6666666666667 , 8.33333333333333 , 0 , 0 , 0 , 15.4166666666667 , 0 , 12 , 41.6666666666667 , 15.8333333333333 
08-Jan-2004 16:34,200103,GATWICK,SPAIN(CANARY ISLANDS),LAS PALMAS,AIR 2000,D,C, 12 , 0 , 83.3333333333333 , 16.6666666666667 , 0 , 0 , 0 , 0 , 6.66666666666667 , 0 , 12 , 83.3333333333333 , 10.25 
08-Jan-2004 16:34,200103,GATWICK,SPAIN(CANARY ISLANDS),LAS PALMAS,BRITANNIA AIRWAYS,A,C, 9 , 0 , 44.4444444444444 , 22.2222222222222 , 33.3333333333333 , 0 , 0 , 0 , 20.3333333333333 , 0 , 9 , 11.1111111111111 , 63.2222222222222 
08-Jan-2004 16:34,200103,GATWICK,SPAIN(CANARY ISLANDS),LAS PALMAS,BRITANNIA AIRWAYS,D,C, 9 , 0 , 66.6666666666667 , 33.3333333333333 , 0 , 0 , 0 , 0 , 8.77777777777778 , 0 , 9 , 55.5555555555556 , 43.5555555555556 
08-Jan-2004 16:34,200103,GATWICK,SPAIN(CANARY ISLANDS),LAS PALMAS,MONARCH AIRLINES,A,C, 4 , 0 , 100 , 0 , 0 , 0 , 0 , 0 , 2.5 , 0 , 4 , 25 , 14.75 
08-Jan-2004 16:34,200103,GATWICK,SPAIN(CANARY ISLANDS),LAS PALMAS,MONARCH AIRLINES,D,C, 4 , 0 , 100 , 0 , 0 , 0 , 0 , 0 , 5 , 0 , 4 , 50 , 20.5 
08-Jan-2004 16:34,200103,GATWICK,SPAIN(CANARY ISLANDS),LAS PALMAS,MY TRAVEL AIRWAYS UK,A,C, 17 , 0 , 58.8235294117647 , 17.6470588235294 , 11.7647058823529 , 11.7647058823529 , 0 , 0 , 18.8823529411765 , 0 , 13 , 61.5384615384615 , 24.4615384615385 
08-Jan-2004 16:34,200103,GATWICK,SPAIN(CANARY ISLANDS),LAS PALMAS,MY TRAVEL AIRWAYS UK,D,C, 18 , 0 , 61.1111111111111 , 27.7777777777778 , 5.55555555555556 , 5.55555555555556 , 0 , 0 , 14.7222222222222 , 0 , 13 , 61.5384615384615 , 25.8461538461538 
08-Jan-2004 16:34,200103,GATWICK,SPAIN(CANARY ISLANDS),LAS PALMAS,THOMAS COOK AIRLINES LTD,A,C, 12 , 0 , 41.6666666666667 , 41.6666666666667 , 16.6666666666667 , 0 , 0 , 0 , 13.8333333333333 , 0 , 12 , 33.3333333333333 , 16.6666666666667 
08-Jan-2004 16:34,200103,GATWICK,SPAIN(CANARY ISLANDS),LAS PALMAS,THOMAS COOK AIRLINES LTD,D,C, 13 , 0 , 92.3076923076923 , 0 , 7.69230769230769 , 0 , 0 , 0 , 4.30769230769231 , 0 , 12 , 100 , 3.33333333333333 
08-Jan-2004 16:34,200103,GATWICK,SPAIN(CANARY ISLANDS),LAS PALMAS,VIRGIN ATLANTIC AIRWAYS LTD,A,C, 4 , 0 , 75 , 0 , 0 , 25 , 0 , 0 , 17.75 , 0 , 4 , 75 , 12 
08-Jan-2004 16:34,200103,GATWICK,SPAIN(CANARY ISLANDS),LAS PALMAS,VIRGIN ATLANTIC AIRWAYS LTD,D,C, 4 , 0 , 100 , 0 , 0 , 0 , 0 , 0 , 1.5 , 0 , 4 , 100 , 3.5 
08-Jan-2004 16:34,200103,GATWICK,SPAIN(CANARY ISLANDS),SANTA CRUZ DE LA PALMA,THOMAS COOK AIRLINES LTD,A,C, 5 , 0 , 40 , 20 , 20 , 0 , 0 , 20 , 93.2 , 0 , 0 , 0 , 0 
08-Jan-2004 16:34,200103,GATWICK,SPAIN(CANARY ISLANDS),SANTA CRUZ DE LA PALMA,THOMAS COOK AIRLINES LTD,D,C, 5 , 0 , 60 , 20 , 0 , 0 , 20 , 0 , 46.4 , 0 , 0 , 0 , 0 
08-Jan-2004 16:34,200103,GATWICK,SPAIN(CANARY ISLANDS),TENERIFE (SURREINA SOFIA),AIR 2000,A,C, 30 , 0 , 40 , 16.6666666666667 , 30 , 10 , 3.33333333333333 , 0 , 33.7333333333333 , 0 , 30 , 26.6666666666667 , 45.4333333333333 
08-Jan-2004 16:34,200103,GATWICK,SPAIN(CANARY ISLANDS),TENERIFE (SURREINA SOFIA),AIR 2000,A,S, 5 , 0 , 0 , 40 , 40 , 20 , 0 , 0 , 44.2 , 0 , 0 , 0 , 0 
08-Jan-2004 16:34,200103,GATWICK,SPAIN(CANARY ISLANDS),TENERIFE (SURREINA SOFIA),AIR 2000,D,C, 30 , 0 , 70 , 20 , 3.33333333333333 , 3.33333333333333 , 3.33333333333333 , 0 , 17.9333333333333 , 0 , 33 , 75.7575757575758 , 23.4545454545455 
08-Jan-2004 16:34,200103,GATWICK,SPAIN(CANARY ISLANDS),TENERIFE (SURREINA SOFIA),AIR 2000,D,S, 5 , 0 , 60 , 40 , 0 , 0 , 0 , 0 , 9.6 , 0 , 0 , 0 , 0 
08-Jan-2004 16:34,200103,GATWICK,SPAIN(CANARY ISLANDS),TENERIFE (SURREINA SOFIA),AIR EUROPA,A,C, 0 , 0 , 0 , 0 , 0 , 0 , 0 , 0 , 0 , 0 , 2 , 100 , 4 
08-Jan-2004 16:34,200103,GATWICK,SPAIN(CANARY ISLANDS),TENERIFE (SURREINA SOFIA),AIR EUROPA,D,C, 0 , 0 , 0 , 0 , 0 , 0 , 0 , 0 , 0 , 0 , 2 , 50 , 9.5 
08-Jan-2004 16:34,200103,GATWICK,SPAIN(CANARY ISLANDS),TENERIFE (SURREINA SOFIA),BRITANNIA AIRWAYS,A,C, 25 , 0 , 4 , 36 , 40 , 20 , 0 , 0 , 45.36 , 0 , 23 , 13.0434782608696 , 57.695652173913 
08-Jan-2004 16:34,200103,GATWICK,SPAIN(CANARY ISLANDS),TENERIFE (SURREINA SOFIA),BRITANNIA AIRWAYS,D,C, 25 , 0 , 72 , 24 , 4 , 0 , 0 , 0 , 11.12 , 0 , 23 , 56.5217391304348 , 34.9565217391304 
08-Jan-2004 16:34,200103,GATWICK,SPAIN(CANARY ISLANDS),TENERIFE (SURREINA SOFIA),EXCEL AIRWAYS LTD,A,C, 7 , 0 , 71.4285714285714 , 14.2857142857143 , 14.2857142857143 , 0 , 0 , 0 , 13.7142857142857 , 0 , 5 , 20 , 60 
08-Jan-2004 16:34,200103,GATWICK,SPAIN(CANARY ISLANDS),TENERIFE (SURREINA SOFIA),EXCEL AIRWAYS LTD,D,C, 7 , 0 , 100 , 0 , 0 , 0 , 0 , 0 , 4.85714285714286 , 0 , 5 , 60 , 13.4 
08-Jan-2004 16:34,200103,GATWICK,SPAIN(CANARY ISLANDS),TENERIFE (SURREINA SOFIA),FUTURA AIRLINES,A,C, 9 , 0 , 22.2222222222222 , 11.1111111111111 , 55.5555555555556 , 11.1111111111111 , 0 , 0 , 38.4444444444444 , 0 , 6 , 66.6666666666667 , 21.5 
08-Jan-2004 16:34,200103,GATWICK,SPAIN(CANARY ISLANDS),TENERIFE (SURREINA SOFIA),FUTURA AIRLINES,D,C, 8 , 0 , 25 , 12.5 , 50 , 12.5 , 0 , 0 , 38 , 0 , 5 , 60 , 11.8 
08-Jan-2004 16:34,200103,GATWICK,SPAIN(CANARY ISLANDS),TENERIFE (SURREINA SOFIA),GB AIRWAYS LTD,A,S, 14 , 0 , 14.2857142857143 , 35.7142857142857 , 42.8571428571429 , 7.14285714285714 , 0 , 0 , 41.7142857142857 , 0 , 0 , 0 , 0 
08-Jan-2004 16:34,200103,GATWICK,SPAIN(CANARY ISLANDS),TENERIFE (SURREINA SOFIA),GB AIRWAYS LTD,D,S, 14 , 0 , 42.8571428571429 , 28.5714285714286 , 21.4285714285714 , 7.14285714285714 , 0 , 0 , 26.3571428571429 , 0 , 0 , 0 , 0 
08-Jan-2004 16:34,200103,GATWICK,SPAIN(CANARY ISLANDS),TENERIFE (SURREINA SOFIA),IBERWORLD,A,C, 0 , 0 , 0 , 0 , 0 , 0 , 0 , 0 , 0 , 0 , 1 , 0 , 86 
08-Jan-2004 16:34,200103,GATWICK,SPAIN(CANARY ISLANDS),TENERIFE (SURREINA SOFIA),IBERWORLD,D,C, 0 , 0 , 0 , 0 , 0 , 0 , 0 , 0 , 0 , 0 , 1 , 0 , 80 
08-Jan-2004 16:34,200103,GATWICK,SPAIN(CANARY ISLANDS),TENERIFE (SURREINA SOFIA),MONARCH AIRLINES,A,C, 16 , 0 , 31.25 , 12.5 , 25 , 25 , 0 , 6.25 , 66.3125 , 0 , 14 , 35.7142857142857 , 40.2142857142857 
08-Jan-2004 16:34,200103,GATWICK,SPAIN(CANARY ISLANDS),TENERIFE (SURREINA SOFIA),MONARCH AIRLINES,D,C, 16 , 0 , 56.25 , 25 , 0 , 12.5 , 0 , 6.25 , 50.8125 , 0 , 14 , 50 , 30.7142857142857 
08-Jan-2004 16:34,200103,GATWICK,SPAIN(CANARY ISLANDS),TENERIFE (SURREINA SOFIA),MY TRAVEL AIRWAYS UK,A,C, 23 , 0 , 56.5217391304348 , 4.34782608695652 , 30.4347826086956 , 8.69565217391304 , 0 , 0 , 24.695652173913 , 0 , 19 , 47.3684210526316 , 33.7894736842105 
08-Jan-2004 16:34,200103,GATWICK,SPAIN(CANARY ISLANDS),TENERIFE (SURREINA SOFIA),MY TRAVEL AIRWAYS UK,D,C, 23 , 0 , 65.2173913043478 , 26.0869565217391 , 4.34782608695652 , 4.34782608695652 , 0 , 0 , 13.1304347826087 , 0 , 17 , 52.9411764705882 , 33.0588235294118 
08-Jan-2004 16:34,200103,GATWICK,SPAIN(CANARY ISLANDS),TENERIFE (SURREINA SOFIA),SPANAIR,A,C, 0 , 1 , 0 , 0 , 0 , 0 , 0 , 0 , 0 , 0 , 0 , 0 , 0 
08-Jan-2004 16:34,200103,GATWICK,SPAIN(CANARY ISLANDS),TENERIFE (SURREINA SOFIA),SPANAIR,D,C, 0 , 1 , 0 , 0 , 0 , 0 , 0 , 0 , 0 , 0 , 0 , 0 , 0 
08-Jan-2004 16:34,200103,GATWICK,SPAIN(CANARY ISLANDS),TENERIFE (SURREINA SOFIA),THOMAS COOK AIRLINES LTD,A,C, 38 , 0 , 42.1052631578947 , 15.7894736842105 , 21.0526315789474 , 21.0526315789474 , 0 , 0 , 33.3157894736842 , 0 , 22 , 31.8181818181818 , 29.4090909090909 
08-Jan-2004 16:34,200103,GATWICK,SPAIN(CANARY ISLANDS),TENERIFE (SURREINA SOFIA),THOMAS COOK AIRLINES LTD,D,C, 38 , 0 , 73.6842105263158 , 13.1578947368421 , 5.26315789473684 , 7.89473684210526 , 0 , 0 , 14.7894736842105 , 0 , 24 , 70.8333333333333 , 17.1666666666667 
08-Jan-2004 16:34,200103,GATWICK,SPAIN(CANARY ISLANDS),TENERIFE (SURREINA SOFIA),TRANSAER,A,C, 0 , 0 , 0 , 0 , 0 , 0 , 0 , 0 , 0 , 0 , 5 , 20 , 14.8 
08-Jan-2004 16:34,200103,GATWICK,SPAIN(CANARY ISLANDS),TENERIFE (SURREINA SOFIA),TRANSAER,D,C, 0 , 0 , 0 , 0 , 0 , 0 , 0 , 0 , 0 , 0 , 5 , 80 , 11 
08-Jan-2004 16:34,200103,GATWICK,SPAIN(CANARY ISLANDS),TENERIFE (SURREINA SOFIA),VIRGIN ATLANTIC AIRWAYS LTD,A,C, 14 , 0 , 35.7142857142857 , 21.4285714285714 , 21.4285714285714 , 21.4285714285714 , 0 , 0 , 33.2857142857143 , 0 , 9 , 44.4444444444444 , 23.7777777777778 
08-Jan-2004 16:34,200103,GATWICK,SPAIN(CANARY ISLANDS),TENERIFE (SURREINA SOFIA),VIRGIN ATLANTIC AIRWAYS LTD,D,C, 14 , 0 , 50 , 28.5714285714286 , 14.2857142857143 , 7.14285714285714 , 0 , 0 , 19.6428571428571 , 0 , 9 , 88.8888888888889 , 6.33333333333333 
08-Jan-2004 16:34,200103,GATWICK,SRI LANKA,COLOMBO,MONARCH AIRLINES,A,C, 2 , 0 , 100 , 0 , 0 , 0 , 0 , 0 , 1.5 , 0 , 10 , 30 , 37.5 
08-Jan-2004 16:34,200103,GATWICK,SRI LANKA,COLOMBO,MONARCH AIRLINES,D,C, 4 , 0 , 75 , 0 , 0 , 25 , 0 , 0 , 30 , 0 , 8 , 87.5 , 5.375 
08-Jan-2004 16:34,200103,GATWICK,ST LUCIA,ST LUCIA (HEWANORRA),AIR 2000,A,C, 2 , 0 , 0 , 0 , 50 , 50 , 0 , 0 , 60 , 0 , 0 , 0 , 0 
08-Jan-2004 16:34,200103,GATWICK,ST LUCIA,ST LUCIA (HEWANORRA),AIR 2000,D,C, 3 , 0 , 66.6666666666667 , 0 , 33.3333333333333 , 0 , 0 , 0 , 18.6666666666667 , 0 , 0 , 0 , 0 
08-Jan-2004 16:34,200103,GATWICK,ST LUCIA,ST LUCIA (HEWANORRA),BRITANNIA AIRWAYS,D,C, 0 , 0 , 0 , 0 , 0 , 0 , 0 , 0 , 0 , 0 , 5 , 80 , 10.6 
08-Jan-2004 16:34,200103,GATWICK,ST LUCIA,ST LUCIA (HEWANORRA),BRITISH AIRWAYS PLC,A,S, 13 , 0 , 53.8461538461538 , 0 , 15.3846153846154 , 23.0769230769231 , 7.69230769230769 , 0 , 42.6923076923077 , 0 , 14 , 57.1428571428571 , 17.5 
08-Jan-2004 16:34,200103,GATWICK,ST LUCIA,ST LUCIA (HEWANORRA),BRITISH AIRWAYS PLC,D,S, 13 , 0 , 61.5384615384615 , 0 , 15.3846153846154 , 7.69230769230769 , 15.3846153846154 , 0 , 49.9230769230769 , 0 , 13 , 69.2307692307692 , 16.0769230769231 
08-Jan-2004 16:34,200103,GATWICK,ST LUCIA,ST LUCIA (HEWANORRA),CALEDONIAN AIRWAYS,D,C, 0 , 0 , 0 , 0 , 0 , 0 , 0 , 0 , 0 , 0 , 4 , 75 , 10.75 
08-Jan-2004 16:34,200103,GATWICK,ST LUCIA,ST LUCIA (HEWANORRA),THOMAS COOK AIRLINES LTD,A,C, 1 , 0 , 100 , 0 , 0 , 0 , 0 , 0 , 9 , 0 , 0 , 0 , 0 
08-Jan-2004 16:34,200103,GATWICK,ST LUCIA,ST LUCIA (HEWANORRA),THOMAS COOK AIRLINES LTD,D,C, 4 , 0 , 50 , 50 , 0 , 0 , 0 , 0 , 11.5 , 0 , 0 , 0 , 0 
08-Jan-2004 16:34,200103,GATWICK,ST LUCIA,ST LUCIA (HEWANORRA),VIRGIN ATLANTIC AIRWAYS LTD,A,S, 4 , 0 , 50 , 0 , 25 , 25 , 0 , 0 , 30.25 , 0 , 4 , 0 , 28.25 
08-Jan-2004 16:34,200103,GATWICK,ST LUCIA,ST LUCIA (HEWANORRA),VIRGIN ATLANTIC AIRWAYS LTD,D,S, 4 , 0 , 100 , 0 , 0 , 0 , 0 , 0 , 4.75 , 0 , 4 , 25 , 28.75 
08-Jan-2004 16:34,200103,GATWICK,SWEDEN,GOTEBORG,BRITISH AIRWAYS (EURO OPS) LGW,A,S, 86 , 0 , 74.4186046511628 , 13.953488372093 , 6.97674418604651 , 3.48837209302326 , 1.16279069767442 , 0 , 15.4651162790698 , 0 , 93 , 81.7204301075269 , 7.93548387096774 
08-Jan-2004 16:34,200103,GATWICK,SWEDEN,GOTEBORG,BRITISH AIRWAYS (EURO OPS) LGW,D,S, 87 , 0 , 79.3103448275862 , 8.04597701149425 , 8.04597701149425 , 4.59770114942529 , 0 , 0 , 12.3448275862069 , 0 , 93 , 82.7956989247312 , 9.79569892473118 
08-Jan-2004 16:34,200103,GATWICK,SWEDEN,STOCKHOLM (ARLANDA),BRITISH AIRWAYS (EURO OPS) LGW,A,S, 86 , 0 , 79.0697674418605 , 8.13953488372093 , 6.97674418604651 , 5.81395348837209 , 0 , 0 , 13.0813953488372 , 0 , 92 , 85.8695652173913 , 6.69565217391304 
08-Jan-2004 16:34,200103,GATWICK,SWEDEN,STOCKHOLM (ARLANDA),BRITISH AIRWAYS (EURO OPS) LGW,D,S, 86 , 0 , 73.2558139534884 , 9.30232558139535 , 12.7906976744186 , 4.65116279069767 , 0 , 0 , 15.2209302325581 , 0 , 92 , 89.1304347826087 , 7.06521739130435 
08-Jan-2004 16:34,200103,GATWICK,SWITZERLAND,GENEVA,AIR 2000,A,C, 14 , 0 , 14.2857142857143 , 21.4285714285714 , 28.5714285714286 , 35.7142857142857 , 0 , 0 , 58.2857142857143 , 0 , 17 , 23.5294117647059 , 55.6470588235294 
08-Jan-2004 16:34,200103,GATWICK,SWITZERLAND,GENEVA,AIR 2000,D,C, 14 , 0 , 50 , 14.2857142857143 , 28.5714285714286 , 7.14285714285714 , 0 , 0 , 24.0714285714286 , 0 , 17 , 64.7058823529412 , 35.4117647058824 
08-Jan-2004 16:34,200103,GATWICK,SWITZERLAND,GENEVA,BRITANNIA AIRWAYS,A,C, 24 , 0 , 12.5 , 16.6666666666667 , 20.8333333333333 , 50 , 0 , 0 , 56 , 0 , 25 , 12 , 65.6 
08-Jan-2004 16:34,200103,GATWICK,SWITZERLAND,GENEVA,BRITANNIA AIRWAYS,D,C, 23 , 1 , 43.4782608695652 , 21.7391304347826 , 17.3913043478261 , 17.3913043478261 , 0 , 0 , 30.1304347826087 , 0 , 25 , 68 , 18.96 
08-Jan-2004 16:34,200103,GATWICK,SWITZERLAND,GENEVA,BRITISH AIRWAYS (EURO OPS) LGW,A,S, 84 , 0 , 58.3333333333333 , 16.6666666666667 , 14.2857142857143 , 7.14285714285714 , 2.38095238095238 , 1.19047619047619 , 29.3095238095238 , 0 , 89 , 67.4157303370787 , 13.9775280898876 
08-Jan-2004 16:34,200103,GATWICK,SWITZERLAND,GENEVA,BRITISH AIRWAYS (EURO OPS) LGW,D,S, 85 , 0 , 67.0588235294118 , 12.9411764705882 , 14.1176470588235 , 4.70588235294118 , 1.17647058823529 , 0 , 19.5058823529412 , 0 , 89 , 82.0224719101124 , 7.98876404494382 
08-Jan-2004 16:34,200103,GATWICK,SWITZERLAND,GENEVA,BRITISH AIRWAYS PLC,A,C, 5 , 0 , 0 , 40 , 40 , 20 , 0 , 0 , 38.8 , 0 , 0 , 0 , 0 
08-Jan-2004 16:34,200103,GATWICK,SWITZERLAND,GENEVA,BRITISH AIRWAYS PLC,D,C, 5 , 0 , 20 , 40 , 40 , 0 , 0 , 0 , 25.6 , 0 , 0 , 0 , 0 
08-Jan-2004 16:34,200103,GATWICK,SWITZERLAND,GENEVA,CITY FLYER EXPRESS,A,C, 9 , 0 , 22.2222222222222 , 33.3333333333333 , 22.2222222222222 , 22.2222222222222 , 0 , 0 , 48.3333333333333 , 0 , 0 , 0 , 0 
08-Jan-2004 16:34,200103,GATWICK,SWITZERLAND,GENEVA,CITY FLYER EXPRESS,D,C, 9 , 0 , 44.4444444444444 , 22.2222222222222 , 22.2222222222222 , 11.1111111111111 , 0 , 0 , 35 , 0 , 0 , 0 , 0 
08-Jan-2004 16:34,200103,GATWICK,SWITZERLAND,GENEVA,EASYJET SWITZERLAND,A,S, 62 , 0 , 54.8387096774194 , 11.2903225806452 , 20.9677419354839 , 11.2903225806452 , 1.61290322580645 , 0 , 28.7903225806452 , 0 , 31 , 54.8387096774194 , 28.0322580645161 
08-Jan-2004 16:34,200103,GATWICK,SWITZERLAND,GENEVA,EASYJET SWITZERLAND,D,S, 62 , 0 , 64.5161290322581 , 16.1290322580645 , 6.45161290322581 , 9.67741935483871 , 3.2258064516129 , 0 , 23.8548387096774 , 0 , 31 , 41.9354838709677 , 31.6451612903226 
08-Jan-2004 16:34,200103,GATWICK,SWITZERLAND,GENEVA,FLYBE.BRITISH EUROPEAN,A,C, 5 , 0 , 0 , 80 , 20 , 0 , 0 , 0 , 25 , 0 , 0 , 0 , 0 
08-Jan-2004 16:34,200103,GATWICK,SWITZERLAND,GENEVA,FLYBE.BRITISH EUROPEAN,D,C, 5 , 0 , 20 , 40 , 40 , 0 , 0 , 0 , 30.8 , 0 , 0 , 0 , 0 
08-Jan-2004 16:34,200103,GATWICK,SWITZERLAND,GENEVA,MONARCH AIRLINES,A,C, 9 , 0 , 0 , 33.3333333333333 , 22.2222222222222 , 44.4444444444444 , 0 , 0 , 49.6666666666667 , 0 , 12 , 25 , 39.0833333333333 
08-Jan-2004 16:34,200103,GATWICK,SWITZERLAND,GENEVA,MONARCH AIRLINES,D,C, 10 , 0 , 80 , 10 , 10 , 0 , 0 , 0 , 14.7 , 0 , 12 , 66.6666666666667 , 14.1666666666667 
08-Jan-2004 16:34,200103,GATWICK,SWITZERLAND,GENEVA,MY TRAVEL AIRWAYS UK,A,C, 5 , 0 , 60 , 20 , 0 , 20 , 0 , 0 , 24.6 , 0 , 4 , 75 , 7.25 
08-Jan-2004 16:34,200103,GATWICK,SWITZERLAND,GENEVA,MY TRAVEL AIRWAYS UK,D,C, 5 , 0 , 100 , 0 , 0 , 0 , 0 , 0 , 3.8 , 0 , 4 , 50 , 22.75 
08-Jan-2004 16:34,200103,GATWICK,SWITZERLAND,GENEVA,THOMAS COOK AIRLINES LTD,A,C, 10 , 0 , 0 , 20 , 20 , 60 , 0 , 0 , 68 , 0 , 5 , 20 , 47.2 
08-Jan-2004 16:34,200103,GATWICK,SWITZERLAND,GENEVA,THOMAS COOK AIRLINES LTD,D,C, 10 , 0 , 40 , 30 , 30 , 0 , 0 , 0 , 23.4 , 0 , 4 , 75 , 6 
08-Jan-2004 16:34,200103,GATWICK,SWITZERLAND,SION,CITY FLYER EXPRESS,A,C, 10 , 0 , 40 , 0 , 40 , 20 , 0 , 0 , 45.2 , 0 , 4 , 0 , 88.25 
08-Jan-2004 16:34,200103,GATWICK,SWITZERLAND,SION,CITY FLYER EXPRESS,D,C, 10 , 0 , 50 , 0 , 30 , 20 , 0 , 0 , 36.3 , 0 , 4 , 50 , 42.25 
08-Jan-2004 16:34,200103,GATWICK,SWITZERLAND,ZURICH,CITY FLYER EXPRESS,A,S, 56 , 0 , 58.9285714285714 , 30.3571428571429 , 7.14285714285714 , 3.57142857142857 , 0 , 0 , 16.25 , 0 , 82 , 58.5365853658537 , 18.3292682926829 
08-Jan-2004 16:34,200103,GATWICK,SWITZERLAND,ZURICH,CITY FLYER EXPRESS,D,S, 56 , 0 , 73.2142857142857 , 19.6428571428571 , 3.57142857142857 , 3.57142857142857 , 0 , 0 , 11.6964285714286 , 0 , 81 , 70.3703703703704 , 15.0740740740741 
08-Jan-2004 16:34,200103,GATWICK,SWITZERLAND,ZURICH,MONARCH AIRLINES,A,C, 4 , 0 , 25 , 50 , 25 , 0 , 0 , 0 , 23.5 , 0 , 4 , 25 , 63.25 
08-Jan-2004 16:34,200103,GATWICK,SWITZERLAND,ZURICH,MONARCH AIRLINES,D,C, 4 , 0 , 50 , 25 , 25 , 0 , 0 , 0 , 23.75 , 0 , 4 , 25 , 43.25 
08-Jan-2004 16:34,200103,GATWICK,SYRIA,DAMASCUS,AIR 2000,A,C, 1 , 0 , 100 , 0 , 0 , 0 , 0 , 0 , 2 , 0 , 0 , 0 , 0 
08-Jan-2004 16:34,200103,GATWICK,TANZANIA,DAR-ES-SALAAM,BRITISH AIRWAYS PLC,A,S, 14 , 0 , 64.2857142857143 , 7.14285714285714 , 21.4285714285714 , 7.14285714285714 , 0 , 0 , 17.1428571428571 , 0 , 13 , 84.6153846153846 , 8 
08-Jan-2004 16:34,200103,GATWICK,TANZANIA,DAR-ES-SALAAM,BRITISH AIRWAYS PLC,D,S, 13 , 0 , 92.3076923076923 , 7.69230769230769 , 0 , 0 , 0 , 0 , 4.76923076923077 , 0 , 13 , 92.3076923076923 , 3.53846153846154 
08-Jan-2004 16:34,200103,GATWICK,THAILAND,PHUKET,BRITANNIA AIRWAYS,A,C, 5 , 0 , 60 , 0 , 20 , 20 , 0 , 0 , 49 , 0 , 5 , 60 , 10.2 
08-Jan-2004 16:34,200103,GATWICK,THAILAND,PHUKET,BRITANNIA AIRWAYS,D,C, 3 , 0 , 33.3333333333333 , 33.3333333333333 , 33.3333333333333 , 0 , 0 , 0 , 18 , 0 , 4 , 75 , 18 
08-Jan-2004 16:34,200103,GATWICK,TRINIDAD AND TOBAGO,TOBAGO,BRITISH AIRWAYS PLC,A,S, 0 , 0 , 0 , 0 , 0 , 0 , 0 , 0 , 0 , 0 , 4 , 50 , 25.5 
08-Jan-2004 16:34,200103,GATWICK,TRINIDAD AND TOBAGO,TOBAGO,BRITISH AIRWAYS PLC,D,S, 0 , 0 , 0 , 0 , 0 , 0 , 0 , 0 , 0 , 0 , 4 , 50 , 26.75 
08-Jan-2004 16:34,200103,GATWICK,TRINIDAD AND TOBAGO,TOBAGO,CALEDONIAN AIRWAYS,A,C, 0 , 0 , 0 , 0 , 0 , 0 , 0 , 0 , 0 , 0 , 7 , 71.4285714285714 , 50.5714285714286 
08-Jan-2004 16:34,200103,GATWICK,TRINIDAD AND TOBAGO,TOBAGO,THOMAS COOK AIRLINES LTD,A,C, 7 , 0 , 71.4285714285714 , 14.2857142857143 , 14.2857142857143 , 0 , 0 , 0 , 11.8571428571429 , 0 , 0 , 0 , 0 
08-Jan-2004 16:34,200103,GATWICK,TUNISIA,JERBA,MY TRAVEL AIRWAYS UK,A,C, 4 , 0 , 25 , 50 , 25 , 0 , 0 , 0 , 27.5 , 0 , 4 , 0 , 36.25 
08-Jan-2004 16:34,200103,GATWICK,TUNISIA,JERBA,MY TRAVEL AIRWAYS UK,D,C, 5 , 0 , 100 , 0 , 0 , 0 , 0 , 0 , 0.6 , 0 , 4 , 75 , 4 
08-Jan-2004 16:34,200103,GATWICK,TUNISIA,MONASTIR,AIR 2000,A,C, 8 , 0 , 50 , 37.5 , 0 , 12.5 , 0 , 0 , 24.25 , 0 , 0 , 0 , 0 
08-Jan-2004 16:34,200103,GATWICK,TUNISIA,MONASTIR,AIR 2000,D,C, 8 , 0 , 87.5 , 0 , 0 , 12.5 , 0 , 0 , 13 , 0 , 0 , 0 , 0 
08-Jan-2004 16:34,200103,GATWICK,TUNISIA,MONASTIR,BRITANNIA AIRWAYS,A,C, 9 , 0 , 44.4444444444444 , 33.3333333333333 , 22.2222222222222 , 0 , 0 , 0 , 19.6666666666667 , 0 , 9 , 44.4444444444444 , 50.1111111111111 
08-Jan-2004 16:34,200103,GATWICK,TUNISIA,MONASTIR,BRITANNIA AIRWAYS,D,C, 9 , 0 , 88.8888888888889 , 0 , 11.1111111111111 , 0 , 0 , 0 , 12.1111111111111 , 0 , 9 , 66.6666666666667 , 20.1111111111111 
08-Jan-2004 16:34,200103,GATWICK,TUNISIA,MONASTIR,MONARCH AIRLINES,A,C, 4 , 0 , 0 , 50 , 0 , 25 , 25 , 0 , 83 , 0 , 10 , 40 , 42.1 
08-Jan-2004 16:34,200103,GATWICK,TUNISIA,MONASTIR,MONARCH AIRLINES,D,C, 5 , 0 , 20 , 20 , 20 , 20 , 20 , 0 , 78.4 , 0 , 11 , 45.4545454545455 , 33.7272727272727 
08-Jan-2004 16:34,200103,GATWICK,TUNISIA,MONASTIR,MY TRAVEL AIRWAYS UK,A,C, 12 , 0 , 66.6666666666667 , 16.6666666666667 , 8.33333333333333 , 8.33333333333333 , 0 , 0 , 17.5833333333333 , 0 , 5 , 100 , 0.6 
08-Jan-2004 16:34,200103,GATWICK,TUNISIA,MONASTIR,MY TRAVEL AIRWAYS UK,D,C, 12 , 0 , 91.6666666666667 , 8.33333333333333 , 0 , 0 , 0 , 0 , 5.66666666666667 , 0 , 5 , 100 , 3.6 
08-Jan-2004 16:34,200103,GATWICK,TUNISIA,MONASTIR,NOUVELAIR TUNISIE,A,C, 0 , 0 , 0 , 0 , 0 , 0 , 0 , 0 , 0 , 0 , 3 , 66.6666666666667 , 84.3333333333333 
08-Jan-2004 16:34,200103,GATWICK,TUNISIA,MONASTIR,NOUVELAIR TUNISIE,D,C, 1 , 0 , 100 , 0 , 0 , 0 , 0 , 0 , 12 , 0 , 4 , 75 , 66 
08-Jan-2004 16:34,200103,GATWICK,TUNISIA,MONASTIR,THOMAS COOK AIRLINES LTD,A,C, 0 , 0 , 0 , 0 , 0 , 0 , 0 , 0 , 0 , 0 , 5 , 60 , 18.2 
08-Jan-2004 16:34,200103,GATWICK,TUNISIA,MONASTIR,THOMAS COOK AIRLINES LTD,D,C, 0 , 0 , 0 , 0 , 0 , 0 , 0 , 0 , 0 , 0 , 5 , 60 , 18 
08-Jan-2004 16:34,200103,GATWICK,TUNISIA,TUNIS,GB AIRWAYS LTD,A,S, 17 , 0 , 76.4705882352941 , 17.6470588235294 , 5.88235294117647 , 0 , 0 , 0 , 7.64705882352941 , 0 , 18 , 83.3333333333333 , 15.5 
08-Jan-2004 16:34,200103,GATWICK,TUNISIA,TUNIS,GB AIRWAYS LTD,D,S, 17 , 0 , 47.0588235294118 , 35.2941176470588 , 17.6470588235294 , 0 , 0 , 0 , 16.5294117647059 , 0 , 18 , 72.2222222222222 , 12.5 
08-Jan-2004 16:34,200103,GATWICK,TURKEY,ANTALYA,CALEDONIAN AIRWAYS,A,C, 0 , 0 , 0 , 0 , 0 , 0 , 0 , 0 , 0 , 0 , 3 , 66.6666666666667 , 9 
08-Jan-2004 16:34,200103,GATWICK,TURKEY,ANTALYA,CALEDONIAN AIRWAYS,D,C, 0 , 0 , 0 , 0 , 0 , 0 , 0 , 0 , 0 , 0 , 3 , 66.6666666666667 , 10.3333333333333 
08-Jan-2004 16:34,200103,GATWICK,TURKEY,ANTALYA,THOMAS COOK AIRLINES LTD,A,C, 6 , 0 , 50 , 16.6666666666667 , 0 , 33.3333333333333 , 0 , 0 , 46.3333333333333 , 0 , 1 , 0 , 33 
08-Jan-2004 16:34,200103,GATWICK,TURKEY,ANTALYA,THOMAS COOK AIRLINES LTD,D,C, 6 , 2 , 66.6666666666667 , 0 , 16.6666666666667 , 16.6666666666667 , 0 , 0 , 17.5 , 0 , 1 , 100 , 2 
08-Jan-2004 16:34,200103,GATWICK,UGANDA,ENTEBBE,BRITISH AIRWAYS PLC,A,S, 12 , 0 , 41.6666666666667 , 25 , 16.6666666666667 , 8.33333333333333 , 8.33333333333333 , 0 , 38.75 , 0 , 4 , 100 , 2.75 
08-Jan-2004 16:34,200103,GATWICK,UGANDA,ENTEBBE,BRITISH AIRWAYS PLC,D,S, 12 , 0 , 66.6666666666667 , 16.6666666666667 , 8.33333333333333 , 8.33333333333333 , 0 , 0 , 20.0833333333333 , 1 , 5 , 80 , 5.6 
08-Jan-2004 16:34,200103,GATWICK,UGANDA,ENTEBBE,DAS AIR CARGO(DAIRO AIR SVCS),D,C, 1 , 0 , 0 , 100 , 0 , 0 , 0 , 0 , 18 , 0 , 0 , 0 , 0 
08-Jan-2004 16:34,200103,GATWICK,UKRAINE,KIEV (BORISPOL),BRITISH AIRWAYS (EURO OPS) LGW,A,S, 21 , 0 , 52.3809523809524 , 28.5714285714286 , 9.52380952380952 , 9.52380952380952 , 0 , 0 , 18.2857142857143 , 0 , 19 , 78.9473684210526 , 10.4210526315789 
08-Jan-2004 16:34,200103,GATWICK,UKRAINE,KIEV (BORISPOL),BRITISH AIRWAYS (EURO OPS) LGW,D,S, 21 , 0 , 61.9047619047619 , 23.8095238095238 , 0 , 14.2857142857143 , 0 , 0 , 20.6666666666667 , 0 , 19 , 47.3684210526316 , 21.7368421052632 
08-Jan-2004 16:34,200103,GATWICK,UKRAINE,KIEV (BORISPOL),UKRAINE INTERNATIONAL AIRLINES,A,S, 20 , 1 , 45 , 20 , 20 , 15 , 0 , 0 , 28.7 , 0 , 20 , 70 , 10.6 
08-Jan-2004 16:34,200103,GATWICK,UKRAINE,KIEV (BORISPOL),UKRAINE INTERNATIONAL AIRLINES,D,S, 17 , 3 , 58.8235294117647 , 17.6470588235294 , 5.88235294117647 , 11.7647058823529 , 0 , 5.88235294117647 , 53.1764705882353 , 0 , 17 , 100 , 5.88235294117647 
08-Jan-2004 16:34,200103,GATWICK,UNITED ARAB EMIRATES,DUBAI,EMIRATES,A,S, 31 , 0 , 70.9677419354839 , 19.3548387096774 , 9.67741935483871 , 0 , 0 , 0 , 12.3548387096774 , 0 , 31 , 61.2903225806452 , 16.5161290322581 
08-Jan-2004 16:34,200103,GATWICK,UNITED ARAB EMIRATES,DUBAI,EMIRATES,D,S, 31 , 0 , 67.741935483871 , 16.1290322580645 , 9.67741935483871 , 6.45161290322581 , 0 , 0 , 18.0322580645161 , 0 , 31 , 64.5161290322581 , 16.4516129032258 
08-Jan-2004 16:34,200103,GATWICK,UNITED KINGDOM,ABERDEEN,BRITISH AIRWAYS (EURO OPS) LGW,A,S, 111 , 0 , 73.8738738738739 , 9.90990990990991 , 5.40540540540541 , 8.10810810810811 , 2.7027027027027 , 0 , 22.5405405405405 , 0 , 115 , 86.0869565217391 , 7.21739130434783 
08-Jan-2004 16:34,200103,GATWICK,UNITED KINGDOM,ABERDEEN,BRITISH AIRWAYS (EURO OPS) LGW,D,S, 110 , 1 , 82.7272727272727 , 6.36363636363636 , 3.63636363636364 , 5.45454545454545 , 1.81818181818182 , 0 , 15.2909090909091 , 0 , 115 , 91.304347826087 , 5.15652173913043 
08-Jan-2004 16:34,200103,GATWICK,UNITED KINGDOM,BELFAST CITY,FLYBE.BRITISH EUROPEAN,A,S, 165 , 0 , 87.2727272727273 , 6.06060606060606 , 4.24242424242424 , 2.42424242424242 , 0 , 0 , 6.00606060606061 , 2 , 141 , 78.7234042553192 , 12.354609929078 
08-Jan-2004 16:34,200103,GATWICK,UNITED KINGDOM,BELFAST CITY,FLYBE.BRITISH EUROPEAN,D,S, 162 , 0 , 87.6543209876543 , 6.17283950617284 , 4.32098765432099 , 1.85185185185185 , 0 , 0 , 6.41358024691358 , 2 , 139 , 84.8920863309352 , 10.4532374100719 
08-Jan-2004 16:34,200103,GATWICK,UNITED KINGDOM,BELFAST INTERNATIONAL,AIR 2000,A,C, 0 , 0 , 0 , 0 , 0 , 0 , 0 , 0 , 0 , 0 , 1 , 100 , 10 
08-Jan-2004 16:34,200103,GATWICK,UNITED KINGDOM,BOURNEMOUTH,MONARCH AIRLINES,D,C, 0 , 1 , 0 , 0 , 0 , 0 , 0 , 0 , 0 , 0 , 0 , 0 , 0 
08-Jan-2004 16:34,200103,GATWICK,UNITED KINGDOM,BRISTOL,BRITISH AIRWAYS CITIEXPRESS LTD,A,S, 19 , 0 , 42.1052631578947 , 31.5789473684211 , 10.5263157894737 , 15.7894736842105 , 0 , 0 , 26 , 3 , 22 , 59.0909090909091 , 21.5909090909091 
08-Jan-2004 16:34,200103,GATWICK,UNITED KINGDOM,BRISTOL,BRITISH AIRWAYS CITIEXPRESS LTD,D,S, 4 , 0 , 50 , 25 , 0 , 25 , 0 , 0 , 23.75 , 1 , 22 , 68.1818181818182 , 14.6818181818182 
08-Jan-2004 16:34,200103,GATWICK,UNITED KINGDOM,EDINBURGH,BRITISH AIRWAYS (EURO OPS) LGW,A,S, 167 , 0 , 68.8622754491018 , 13.1736526946108 , 8.98203592814371 , 7.78443113772455 , 1.19760479041916 , 0 , 20.7844311377246 , 0 , 168 , 91.6666666666667 , 4.19642857142857 
08-Jan-2004 16:34,200103,GATWICK,UNITED KINGDOM,EDINBURGH,BRITISH AIRWAYS (EURO OPS) LGW,D,S, 167 , 0 , 77.2455089820359 , 10.1796407185629 , 7.18562874251497 , 3.59281437125748 , 1.79640718562874 , 0 , 16.7904191616766 , 0 , 168 , 91.0714285714286 , 5.72023809523809 
08-Jan-2004 16:34,200103,GATWICK,UNITED KINGDOM,GLASGOW,AIR 2000,A,C, 0 , 0 , 0 , 0 , 0 , 0 , 0 , 0 , 0 , 0 , 1 , 0 , 29 
08-Jan-2004 16:34,200103,GATWICK,UNITED KINGDOM,GLASGOW,AIR 2000,D,C, 0 , 0 , 0 , 0 , 0 , 0 , 0 , 0 , 0 , 0 , 1 , 100 , 0 
08-Jan-2004 16:34,200103,GATWICK,UNITED KINGDOM,GLASGOW,BRITANNIA AIRWAYS,A,C, 0 , 1 , 0 , 0 , 0 , 0 , 0 , 0 , 0 , 0 , 0 , 0 , 0 
08-Jan-2004 16:34,200103,GATWICK,UNITED KINGDOM,GLASGOW,BRITISH AIRWAYS (EURO OPS) LGW,A,S, 165 , 0 , 83.030303030303 , 7.87878787878788 , 4.84848484848485 , 3.63636363636364 , 0.606060606060606 , 0 , 11.5393939393939 , 0 , 173 , 88.4393063583815 , 5.6878612716763 
08-Jan-2004 16:34,200103,GATWICK,UNITED KINGDOM,GLASGOW,BRITISH AIRWAYS (EURO OPS) LGW,D,S, 165 , 0 , 76.969696969697 , 7.87878787878788 , 8.48484848484848 , 4.84848484848485 , 1.81818181818182 , 0 , 16.2727272727273 , 0 , 173 , 89.0173410404624 , 5.73988439306358 
08-Jan-2004 16:34,200103,GATWICK,UNITED KINGDOM,GLASGOW,FUTURA AIRLINES,D,C, 1 , 0 , 0 , 0 , 100 , 0 , 0 , 0 , 60 , 0 , 0 , 0 , 0 
08-Jan-2004 16:34,200103,GATWICK,UNITED KINGDOM,GLASGOW,MONARCH AIRLINES,D,C, 0 , 0 , 0 , 0 , 0 , 0 , 0 , 0 , 0 , 0 , 1 , 100 , 3 
08-Jan-2004 16:34,200103,GATWICK,UNITED KINGDOM,GUERNSEY,CITY FLYER EXPRESS,A,S, 95 , 0 , 83.1578947368421 , 6.31578947368421 , 9.47368421052632 , 1.05263157894737 , 0 , 0 , 7.01052631578947 , 4 , 99 , 95.959595959596 , 2.48484848484848 
08-Jan-2004 16:34,200103,GATWICK,UNITED KINGDOM,GUERNSEY,CITY FLYER EXPRESS,D,S, 95 , 0 , 76.8421052631579 , 13.6842105263158 , 9.47368421052632 , 0 , 0 , 0 , 9.34736842105263 , 4 , 98 , 80.6122448979592 , 9.78571428571429 
08-Jan-2004 16:34,200103,GATWICK,UNITED KINGDOM,GUERNSEY,FLYBE.BRITISH EUROPEAN,A,S, 111 , 0 , 88.2882882882883 , 4.5045045045045 , 2.7027027027027 , 2.7027027027027 , 1.8018018018018 , 0 , 9.41441441441441 , 2 , 115 , 83.4782608695652 , 11.5652173913043 
08-Jan-2004 16:34,200103,GATWICK,UNITED KINGDOM,GUERNSEY,FLYBE.BRITISH EUROPEAN,D,S, 111 , 1 , 89.1891891891892 , 3.6036036036036 , 3.6036036036036 , 2.7027027027027 , 0.900900900900901 , 0 , 8.26126126126126 , 1 , 107 , 81.3084112149533 , 14.6822429906542 
08-Jan-2004 16:34,200103,GATWICK,UNITED KINGDOM,INVERNESS,BRITISH REGIONAL AIRLINES LTD,A,S, 85 , 0 , 74.1176470588235 , 9.41176470588235 , 7.05882352941176 , 9.41176470588235 , 0 , 0 , 17.5411764705882 , 1 , 85 , 78.8235294117647 , 14.8941176470588 
08-Jan-2004 16:34,200103,GATWICK,UNITED KINGDOM,INVERNESS,BRITISH REGIONAL AIRLINES LTD,D,S, 85 , 0 , 77.6470588235294 , 5.88235294117647 , 7.05882352941176 , 5.88235294117647 , 2.35294117647059 , 1.17647058823529 , 27.4352941176471 , 1 , 85 , 88.2352941176471 , 10.6588235294118 
08-Jan-2004 16:34,200103,GATWICK,UNITED KINGDOM,JERSEY,CITY FLYER EXPRESS,A,S, 173 , 0 , 82.6589595375723 , 8.09248554913295 , 4.6242774566474 , 4.6242774566474 , 0 , 0 , 10.1387283236994 , 1 , 123 , 81.3008130081301 , 9.49593495934959 
08-Jan-2004 16:34,200103,GATWICK,UNITED KINGDOM,JERSEY,CITY FLYER EXPRESS,D,S, 173 , 0 , 71.6763005780347 , 11.5606936416185 , 9.82658959537572 , 6.9364161849711 , 0 , 0 , 15.2947976878613 , 1 , 123 , 80.4878048780488 , 10.0650406504065 
08-Jan-2004 16:34,200103,GATWICK,UNITED KINGDOM,JERSEY,FLYBE.BRITISH EUROPEAN,A,S, 115 , 0 , 89.5652173913043 , 6.95652173913043 , 0.869565217391304 , 0.869565217391304 , 1.73913043478261 , 0 , 9.18260869565217 , 1 , 105 , 84.7619047619048 , 9.2952380952381 
08-Jan-2004 16:34,200103,GATWICK,UNITED KINGDOM,JERSEY,FLYBE.BRITISH EUROPEAN,D,S, 114 , 0 , 84.2105263157895 , 9.64912280701754 , 1.75438596491228 , 2.63157894736842 , 1.75438596491228 , 0 , 12.9210526315789 , 3 , 114 , 80.7017543859649 , 17.6842105263158 
08-Jan-2004 16:34,200103,GATWICK,UNITED KINGDOM,MANCHESTER,AIR 2000,A,C, 1 , 0 , 100 , 0 , 0 , 0 , 0 , 0 , 10 , 0 , 3 , 100 , 2.33333333333333 
08-Jan-2004 16:34,200103,GATWICK,UNITED KINGDOM,MANCHESTER,AIR 2000,A,S, 0 , 0 , 0 , 0 , 0 , 0 , 0 , 0 , 0 , 0 , 5 , 80 , 9.4 
08-Jan-2004 16:34,200103,GATWICK,UNITED KINGDOM,MANCHESTER,AIR 2000,D,C, 1 , 0 , 0 , 0 , 0 , 100 , 0 , 0 , 74 , 0 , 4 , 75 , 11.5 
08-Jan-2004 16:34,200103,GATWICK,UNITED KINGDOM,MANCHESTER,AIR 2000,D,S, 0 , 0 , 0 , 0 , 0 , 0 , 0 , 0 , 0 , 1 , 5 , 80 , 8.6 
08-Jan-2004 16:34,200103,GATWICK,UNITED KINGDOM,MANCHESTER,BRITANNIA AIRWAYS,A,C, 12 , 0 , 66.6666666666667 , 16.6666666666667 , 16.6666666666667 , 0 , 0 , 0 , 15.0833333333333 , 0 , 5 , 100 , 2.8 
08-Jan-2004 16:34,200103,GATWICK,UNITED KINGDOM,MANCHESTER,BRITANNIA AIRWAYS,D,C, 12 , 0 , 83.3333333333333 , 0 , 8.33333333333333 , 8.33333333333333 , 0 , 0 , 20 , 0 , 4 , 100 , 0 
08-Jan-2004 16:34,200103,GATWICK,UNITED KINGDOM,MANCHESTER,BRITISH AIRWAYS (EURO OPS) LGW,A,S, 196 , 0 , 73.469387755102 , 10.7142857142857 , 5.61224489795918 , 8.6734693877551 , 1.53061224489796 , 0 , 20.1122448979592 , 0 , 200 , 84 , 9.7 
08-Jan-2004 16:34,200103,GATWICK,UNITED KINGDOM,MANCHESTER,BRITISH AIRWAYS (EURO OPS) LGW,D,S, 196 , 0 , 72.4489795918367 , 12.7551020408163 , 8.6734693877551 , 4.59183673469388 , 1.53061224489796 , 0 , 17.2857142857143 , 0 , 199 , 84.4221105527638 , 7.94974874371859 
08-Jan-2004 16:34,200103,GATWICK,UNITED KINGDOM,MANCHESTER,EXCEL AIRWAYS LTD,D,C, 0 , 1 , 0 , 0 , 0 , 0 , 0 , 0 , 0 , 0 , 0 , 0 , 0 
08-Jan-2004 16:34,200103,GATWICK,UNITED KINGDOM,MANCHESTER,MONARCH AIRLINES,A,C, 5 , 0 , 60 , 20 , 0 , 20 , 0 , 0 , 25.2 , 0 , 8 , 100 , 1.25 
08-Jan-2004 16:34,200103,GATWICK,UNITED KINGDOM,MANCHESTER,MONARCH AIRLINES,D,C, 4 , 0 , 25 , 0 , 50 , 25 , 0 , 0 , 44.5 , 0 , 10 , 40 , 53 
08-Jan-2004 16:34,200103,GATWICK,UNITED KINGDOM,MANCHESTER,MY TRAVEL AIRWAYS UK,A,C, 4 , 0 , 75 , 0 , 0 , 25 , 0 , 0 , 48.5 , 0 , 9 , 77.7777777777778 , 30 
08-Jan-2004 16:34,200103,GATWICK,UNITED KINGDOM,MANCHESTER,MY TRAVEL AIRWAYS UK,D,C, 0 , 1 , 0 , 0 , 0 , 0 , 0 , 0 , 0 , 0 , 7 , 42.8571428571429 , 31.5714285714286 
08-Jan-2004 16:34,200103,GATWICK,UNITED KINGDOM,MANCHESTER,NOUVELAIR TUNISIE,A,C, 1 , 0 , 100 , 0 , 0 , 0 , 0 , 0 , 3 , 0 , 0 , 0 , 0 
08-Jan-2004 16:34,200103,GATWICK,UNITED KINGDOM,MANCHESTER,THOMAS COOK AIRLINES LTD,A,C, 2 , 1 , 50 , 0 , 0 , 0 , 50 , 0 , 155.5 , 0 , 0 , 0 , 0 
08-Jan-2004 16:34,200103,GATWICK,UNITED KINGDOM,MANCHESTER,THOMAS COOK AIRLINES LTD,D,C, 1 , 0 , 100 , 0 , 0 , 0 , 0 , 0 , 0 , 0 , 0 , 0 , 0 
08-Jan-2004 16:34,200103,GATWICK,UNITED KINGDOM,NEWCASTLE,CITY FLYER EXPRESS,A,S, 139 , 0 , 72.6618705035971 , 10.0719424460432 , 13.6690647482014 , 2.87769784172662 , 0.719424460431655 , 0 , 14.7625899280576 , 2 , 168 , 91.0714285714286 , 4.88690476190476 
08-Jan-2004 16:34,200103,GATWICK,UNITED KINGDOM,NEWCASTLE,CITY FLYER EXPRESS,D,S, 140 , 0 , 69.2857142857143 , 20 , 7.85714285714286 , 2.14285714285714 , 0.714285714285714 , 0 , 14.7928571428571 , 0 , 169 , 85.207100591716 , 8.81065088757397 
08-Jan-2004 16:34,200103,GATWICK,UNITED KINGDOM,NEWQUAY,BRITISH AIRWAYS CITIEXPRESS LTD,A,S, 50 , 0 , 52 , 22 , 22 , 4 , 0 , 0 , 21.2 , 3 , 53 , 75.4716981132076 , 14.8490566037736 
08-Jan-2004 16:34,200103,GATWICK,UNITED KINGDOM,NEWQUAY,BRITISH AIRWAYS CITIEXPRESS LTD,D,S, 79 , 0 , 70.8860759493671 , 12.6582278481013 , 12.6582278481013 , 3.79746835443038 , 0 , 0 , 18.1898734177215 , 5 , 84 , 75 , 9.29761904761905 
08-Jan-2004 16:34,200103,GATWICK,UNITED KINGDOM,NORWICH,CALEDONIAN AIRWAYS,A,C, 0 , 0 , 0 , 0 , 0 , 0 , 0 , 0 , 0 , 0 , 1 , 0 , 52 
08-Jan-2004 16:34,200103,GATWICK,UNITED KINGDOM,PLYMOUTH,BRITISH AIRWAYS CITIEXPRESS LTD,A,S, 68 , 0 , 64.7058823529412 , 20.5882352941176 , 7.35294117647059 , 7.35294117647059 , 0 , 0 , 16.0735294117647 , 3 , 69 , 73.9130434782609 , 9.56521739130435 
08-Jan-2004 16:34,200103,GATWICK,UNITED KINGDOM,PLYMOUTH,BRITISH AIRWAYS CITIEXPRESS LTD,D,S, 54 , 0 , 55.5555555555556 , 18.5185185185185 , 14.8148148148148 , 11.1111111111111 , 0 , 0 , 23.2592592592593 , 3 , 39 , 84.6153846153846 , 5.92307692307692 
08-Jan-2004 16:34,200103,GATWICK,USA,ATLANTA,BRITISH AIRWAYS PLC,A,S, 31 , 0 , 61.2903225806452 , 19.3548387096774 , 9.67741935483871 , 9.67741935483871 , 0 , 0 , 19.2903225806452 , 0 , 31 , 45.1612903225806 , 19.8064516129032 
08-Jan-2004 16:34,200103,GATWICK,USA,ATLANTA,BRITISH AIRWAYS PLC,D,S, 31 , 0 , 67.741935483871 , 16.1290322580645 , 6.45161290322581 , 9.67741935483871 , 0 , 0 , 19.3225806451613 , 0 , 31 , 77.4193548387097 , 11.0322580645161 
08-Jan-2004 16:34,200103,GATWICK,USA,ATLANTA,DELTA AIRLINES,A,S, 69 , 0 , 47.8260869565217 , 18.8405797101449 , 20.2898550724638 , 10.1449275362319 , 2.89855072463768 , 0 , 30.1304347826087 , 0 , 62 , 16.1290322580645 , 34.8064516129032 
08-Jan-2004 16:34,200103,GATWICK,USA,ATLANTA,DELTA AIRLINES,D,S, 69 , 1 , 75.3623188405797 , 11.5942028985507 , 7.2463768115942 , 5.79710144927536 , 0 , 0 , 15.2753623188406 , 0 , 62 , 79.0322580645161 , 13.0322580645161 
08-Jan-2004 16:34,200103,GATWICK,USA,BALTIMORE,BRITISH AIRWAYS PLC,A,S, 31 , 0 , 70.9677419354839 , 9.67741935483871 , 9.67741935483871 , 6.45161290322581 , 3.2258064516129 , 0 , 19.6451612903226 , 0 , 31 , 70.9677419354839 , 10.1290322580645 
08-Jan-2004 16:34,200103,GATWICK,USA,BALTIMORE,BRITISH AIRWAYS PLC,D,S, 31 , 0 , 77.4193548387097 , 3.2258064516129 , 3.2258064516129 , 9.67741935483871 , 6.45161290322581 , 0 , 32.1612903225806 , 0 , 31 , 74.1935483870968 , 10.258064516129 
08-Jan-2004 16:34,200103,GATWICK,USA,BOSTON,VIRGIN ATLANTIC AIRWAYS LTD,A,S, 30 , 0 , 50 , 26.6666666666667 , 6.66666666666667 , 10 , 6.66666666666667 , 0 , 36.2666666666667 , 1 , 29 , 48.2758620689655 , 39.0344827586207 
08-Jan-2004 16:34,200103,GATWICK,USA,BOSTON,VIRGIN ATLANTIC AIRWAYS LTD,D,S, 30 , 0 , 93.3333333333333 , 0 , 3.33333333333333 , 0 , 3.33333333333333 , 0 , 14.8333333333333 , 1 , 30 , 56.6666666666667 , 19.8666666666667 
08-Jan-2004 16:34,200103,GATWICK,USA,CHARLOTTE,BRITISH AIRWAYS PLC,A,S, 31 , 0 , 80.6451612903226 , 3.2258064516129 , 6.45161290322581 , 9.67741935483871 , 0 , 0 , 17.1612903225806 , 0 , 29 , 58.6206896551724 , 15.0344827586207 
08-Jan-2004 16:34,200103,GATWICK,USA,CHARLOTTE,BRITISH AIRWAYS PLC,D,S, 31 , 0 , 70.9677419354839 , 16.1290322580645 , 6.45161290322581 , 6.45161290322581 , 0 , 0 , 18.7741935483871 , 0 , 30 , 80 , 8.3 
08-Jan-2004 16:34,200103,GATWICK,USA,CHARLOTTE,US AIRWAYS,A,S, 31 , 0 , 48.3870967741935 , 29.0322580645161 , 9.67741935483871 , 12.9032258064516 , 0 , 0 , 23.4516129032258 , 0 , 31 , 35.4838709677419 , 30.7741935483871 
08-Jan-2004 16:34,200103,GATWICK,USA,CHARLOTTE,US AIRWAYS,D,S, 31 , 0 , 83.8709677419355 , 0 , 6.45161290322581 , 9.67741935483871 , 0 , 0 , 14 , 0 , 31 , 90.3225806451613 , 6.51612903225806 
08-Jan-2004 16:34,200103,GATWICK,USA,CINCINNATI,DELTA AIRLINES,A,S, 60 , 0 , 60 , 25 , 13.3333333333333 , 1.66666666666667 , 0 , 0 , 15.5333333333333 , 0 , 31 , 35.4838709677419 , 27.5806451612903 
08-Jan-2004 16:34,200103,GATWICK,USA,CINCINNATI,DELTA AIRLINES,D,S, 60 , 0 , 81.6666666666667 , 10 , 3.33333333333333 , 5 , 0 , 0 , 9.3 , 0 , 31 , 64.5161290322581 , 10.6774193548387 
08-Jan-2004 16:34,200103,GATWICK,USA,CLEVELAND,CONTINENTAL AIRLINES,A,S, 30 , 0 , 56.6666666666667 , 23.3333333333333 , 16.6666666666667 , 3.33333333333333 , 0 , 0 , 18 , 1 , 31 , 83.8709677419355 , 8.45161290322581 
08-Jan-2004 16:34,200103,GATWICK,USA,CLEVELAND,CONTINENTAL AIRLINES,D,S, 30 , 0 , 86.6666666666667 , 6.66666666666667 , 6.66666666666667 , 0 , 0 , 0 , 8.86666666666667 , 1 , 31 , 58.0645161290323 , 15.3870967741935 
08-Jan-2004 16:34,200103,GATWICK,USA,DALLAS/FORT WORTH,AMERICAN AIRLINES,A,S, 62 , 0 , 32.258064516129 , 19.3548387096774 , 25.8064516129032 , 20.9677419354839 , 1.61290322580645 , 0 , 40.9354838709677 , 0 , 60 , 20 , 53.5166666666667 
08-Jan-2004 16:34,200103,GATWICK,USA,DALLAS/FORT WORTH,AMERICAN AIRLINES,D,S, 62 , 0 , 75.8064516129032 , 14.5161290322581 , 3.2258064516129 , 6.45161290322581 , 0 , 0 , 14.0322580645161 , 0 , 60 , 78.3333333333333 , 17.7666666666667 
08-Jan-2004 16:34,200103,GATWICK,USA,DALLAS/FORT WORTH,BRITISH AIRWAYS PLC,A,S, 31 , 0 , 51.6129032258064 , 16.1290322580645 , 6.45161290322581 , 25.8064516129032 , 0 , 0 , 31.3225806451613 , 0 , 29 , 44.8275862068965 , 30.0689655172414 
08-Jan-2004 16:34,200103,GATWICK,USA,DALLAS/FORT WORTH,BRITISH AIRWAYS PLC,D,S, 31 , 0 , 74.1935483870968 , 9.67741935483871 , 6.45161290322581 , 9.67741935483871 , 0 , 0 , 15.9032258064516 , 0 , 30 , 86.6666666666667 , 11.1666666666667 
08-Jan-2004 16:34,200103,GATWICK,USA,DENVER INTERNATIONAL,BRITISH AIRWAYS PLC,A,S, 29 , 0 , 65.5172413793103 , 10.3448275862069 , 3.44827586206897 , 17.2413793103448 , 0 , 3.44827586206897 , 75.7241379310345 , 2 , 31 , 87.0967741935484 , 8.45161290322581 
08-Jan-2004 16:34,200103,GATWICK,USA,DENVER INTERNATIONAL,BRITISH AIRWAYS PLC,D,S, 29 , 0 , 75.8620689655172 , 13.7931034482759 , 3.44827586206897 , 3.44827586206897 , 3.44827586206897 , 0 , 21.2068965517241 , 2 , 31 , 74.1935483870968 , 14.7096774193548 
08-Jan-2004 16:34,200103,GATWICK,USA,DETROIT,NORTHWEST AIRLINES,A,S, 30 , 0 , 80 , 13.3333333333333 , 6.66666666666667 , 0 , 0 , 0 , 8.03333333333333 , 1 , 31 , 83.8709677419355 , 10.4838709677419 
08-Jan-2004 16:34,200103,GATWICK,USA,DETROIT,NORTHWEST AIRLINES,D,S, 30 , 0 , 90 , 0 , 3.33333333333333 , 0 , 3.33333333333333 , 3.33333333333333 , 55.1333333333333 , 1 , 31 , 93.5483870967742 , 3.90322580645161 
08-Jan-2004 16:34,200103,GATWICK,USA,HOUSTON,BRITISH AIRWAYS PLC,A,S, 38 , 1 , 36.8421052631579 , 23.6842105263158 , 26.3157894736842 , 13.1578947368421 , 0 , 0 , 31.7105263157895 , 1 , 31 , 64.5161290322581 , 25.4193548387097 
08-Jan-2004 16:34,200103,GATWICK,USA,HOUSTON,BRITISH AIRWAYS PLC,D,S, 40 , 0 , 65 , 20 , 7.5 , 7.5 , 0 , 0 , 23.55 , 1 , 31 , 58.0645161290323 , 21.4838709677419 
08-Jan-2004 16:34,200103,GATWICK,USA,HOUSTON,CONTINENTAL AIRLINES,A,S, 62 , 0 , 61.2903225806452 , 29.0322580645161 , 6.45161290322581 , 3.2258064516129 , 0 , 0 , 14.1451612903226 , 0 , 62 , 27.4193548387097 , 35.9516129032258 
08-Jan-2004 16:34,200103,GATWICK,USA,HOUSTON,CONTINENTAL AIRLINES,D,S, 62 , 0 , 83.8709677419355 , 12.9032258064516 , 1.61290322580645 , 1.61290322580645 , 0 , 0 , 7.38709677419355 , 0 , 62 , 83.8709677419355 , 11.4516129032258 
08-Jan-2004 16:34,200103,GATWICK,USA,LAS VEGAS,AIR 2000,A,C, 4 , 0 , 0 , 0 , 50 , 25 , 0 , 25 , 169.75 , 0 , 4 , 50 , 28.5 
08-Jan-2004 16:34,200103,GATWICK,USA,LAS VEGAS,AIR 2000,D,C, 4 , 0 , 75 , 0 , 0 , 0 , 0 , 25 , 95.75 , 0 , 4 , 50 , 22 
08-Jan-2004 16:34,200103,GATWICK,USA,LAS VEGAS,VIRGIN ATLANTIC AIRWAYS LTD,A,S, 9 , 0 , 33.3333333333333 , 33.3333333333333 , 22.2222222222222 , 11.1111111111111 , 0 , 0 , 28.6666666666667 , 0 , 0 , 0 , 0 
08-Jan-2004 16:34,200103,GATWICK,USA,LAS VEGAS,VIRGIN ATLANTIC AIRWAYS LTD,D,S, 9 , 0 , 66.6666666666667 , 11.1111111111111 , 22.2222222222222 , 0 , 0 , 0 , 18.4444444444444 , 0 , 0 , 0 , 0 
08-Jan-2004 16:34,200103,GATWICK,USA,MIAMI INTERNATIONAL,BRITISH AIRWAYS PLC,A,S, 25 , 0 , 72 , 8 , 8 , 8 , 4 , 0 , 26.24 , 0 , 31 , 61.2903225806452 , 15.3870967741935 
08-Jan-2004 16:34,200103,GATWICK,USA,MIAMI INTERNATIONAL,BRITISH AIRWAYS PLC,D,S, 24 , 0 , 50 , 25 , 12.5 , 12.5 , 0 , 0 , 28.375 , 0 , 31 , 64.5161290322581 , 14.4516129032258 
08-Jan-2004 16:34,200103,GATWICK,USA,MIAMI INTERNATIONAL,VIRGIN ATLANTIC AIRWAYS LTD,A,S, 31 , 0 , 54.8387096774194 , 25.8064516129032 , 12.9032258064516 , 3.2258064516129 , 3.2258064516129 , 0 , 24.6774193548387 , 0 , 31 , 16.1290322580645 , 60.2258064516129 
08-Jan-2004 16:34,200103,GATWICK,USA,MIAMI INTERNATIONAL,VIRGIN ATLANTIC AIRWAYS LTD,D,S, 31 , 0 , 54.8387096774194 , 19.3548387096774 , 22.5806451612903 , 0 , 3.2258064516129 , 0 , 27.4516129032258 , 0 , 31 , 32.258064516129 , 40.5483870967742 
08-Jan-2004 16:34,200103,GATWICK,USA,MINNEAPOLIS-ST PAUL,NORTHWEST AIRLINES,A,S, 31 , 0 , 48.3870967741935 , 19.3548387096774 , 19.3548387096774 , 12.9032258064516 , 0 , 0 , 33.1290322580645 , 0 , 31 , 64.5161290322581 , 24.1935483870968 
08-Jan-2004 16:34,200103,GATWICK,USA,MINNEAPOLIS-ST PAUL,NORTHWEST AIRLINES,D,S, 31 , 0 , 70.9677419354839 , 22.5806451612903 , 0 , 6.45161290322581 , 0 , 0 , 11.741935483871 , 0 , 31 , 77.4193548387097 , 8 
08-Jan-2004 16:34,200103,GATWICK,USA,NEW YORK (JF KENNEDY),BRITISH AIRWAYS PLC,A,S, 31 , 0 , 61.2903225806452 , 16.1290322580645 , 9.67741935483871 , 12.9032258064516 , 0 , 0 , 22.6451612903226 , 0 , 31 , 64.5161290322581 , 12.0645161290323 
08-Jan-2004 16:34,200103,GATWICK,USA,NEW YORK (JF KENNEDY),BRITISH AIRWAYS PLC,D,S, 31 , 0 , 70.9677419354839 , 16.1290322580645 , 3.2258064516129 , 6.45161290322581 , 3.2258064516129 , 0 , 26.4838709677419 , 0 , 31 , 54.8387096774194 , 20.9677419354839 
08-Jan-2004 16:34,200103,GATWICK,USA,NEW YORK (NEWARK),CONTINENTAL AIRLINES,A,S, 62 , 0 , 62.9032258064516 , 11.2903225806452 , 17.741935483871 , 8.06451612903226 , 0 , 0 , 20.3225806451613 , 0 , 60 , 48.3333333333333 , 17.7333333333333 
08-Jan-2004 16:34,200103,GATWICK,USA,NEW YORK (NEWARK),CONTINENTAL AIRLINES,D,S, 61 , 0 , 85.2459016393443 , 8.19672131147541 , 1.63934426229508 , 4.91803278688525 , 0 , 0 , 9.68852459016393 , 1 , 60 , 78.3333333333333 , 9.98333333333333 
08-Jan-2004 16:34,200103,GATWICK,USA,NEW YORK (NEWARK),VIRGIN ATLANTIC AIRWAYS LTD,A,S, 31 , 0 , 64.5161290322581 , 22.5806451612903 , 6.45161290322581 , 6.45161290322581 , 0 , 0 , 15.1612903225806 , 0 , 31 , 22.5806451612903 , 66.4193548387097 
08-Jan-2004 16:34,200103,GATWICK,USA,NEW YORK (NEWARK),VIRGIN ATLANTIC AIRWAYS LTD,D,S, 31 , 0 , 77.4193548387097 , 16.1290322580645 , 6.45161290322581 , 0 , 0 , 0 , 10.258064516129 , 0 , 31 , 48.3870967741935 , 38.5161290322581 
08-Jan-2004 16:34,200103,GATWICK,USA,ORLANDO,BRITANNIA AIRWAYS,A,C, 9 , 0 , 0 , 44.4444444444444 , 44.4444444444444 , 11.1111111111111 , 0 , 0 , 31 , 0 , 5 , 20 , 91.4 
08-Jan-2004 16:34,200103,GATWICK,USA,ORLANDO,BRITANNIA AIRWAYS,D,C, 10 , 0 , 60 , 40 , 0 , 0 , 0 , 0 , 10.1 , 0 , 5 , 60 , 19 
08-Jan-2004 16:34,200103,GATWICK,USA,ORLANDO,BRITISH AIRWAYS PLC,A,S, 31 , 0 , 54.8387096774194 , 16.1290322580645 , 9.67741935483871 , 16.1290322580645 , 3.2258064516129 , 0 , 32.8064516129032 , 0 , 31 , 41.9354838709677 , 25.6129032258065 
08-Jan-2004 16:34,200103,GATWICK,USA,ORLANDO,BRITISH AIRWAYS PLC,D,S, 31 , 0 , 54.8387096774194 , 16.1290322580645 , 12.9032258064516 , 9.67741935483871 , 6.45161290322581 , 0 , 33.3225806451613 , 0 , 31 , 61.2903225806452 , 15.1290322580645 
08-Jan-2004 16:34,200103,GATWICK,USA,ORLANDO,VIRGIN ATLANTIC AIRWAYS LTD,A,S, 55 , 0 , 47.2727272727273 , 20 , 21.8181818181818 , 5.45454545454545 , 5.45454545454545 , 0 , 34.7818181818182 , 0 , 62 , 37.0967741935484 , 28.8870967741935 
08-Jan-2004 16:34,200103,GATWICK,USA,ORLANDO,VIRGIN ATLANTIC AIRWAYS LTD,D,S, 55 , 0 , 54.5454545454545 , 20 , 10.9090909090909 , 7.27272727272727 , 5.45454545454545 , 1.81818181818182 , 41.3454545454545 , 0 , 62 , 46.7741935483871 , 28.0322580645161 
08-Jan-2004 16:34,200103,GATWICK,USA,PHILADELPHIA INTERNATIONAL,US AIRWAYS,A,S, 31 , 0 , 35.4838709677419 , 29.0322580645161 , 25.8064516129032 , 9.67741935483871 , 0 , 0 , 25.5483870967742 , 0 , 61 , 73.7704918032787 , 22.7704918032787 
08-Jan-2004 16:34,200103,GATWICK,USA,PHILADELPHIA INTERNATIONAL,US AIRWAYS,D,S, 31 , 0 , 87.0967741935484 , 9.67741935483871 , 3.2258064516129 , 0 , 0 , 0 , 7 , 0 , 61 , 86.8852459016394 , 10.7049180327869 
08-Jan-2004 16:34,200103,GATWICK,USA,PHOENIX,BRITISH AIRWAYS PLC,A,S, 6 , 0 , 66.6666666666667 , 33.3333333333333 , 0 , 0 , 0 , 0 , 9.83333333333333 , 0 , 0 , 0 , 0 
08-Jan-2004 16:34,200103,GATWICK,USA,PHOENIX,BRITISH AIRWAYS PLC,D,S, 7 , 0 , 100 , 0 , 0 , 0 , 0 , 0 , 5 , 0 , 0 , 0 , 0 
08-Jan-2004 16:34,200103,GATWICK,USA,PITTSBURGH,US AIRWAYS,A,S, 31 , 0 , 83.8709677419355 , 0 , 9.67741935483871 , 6.45161290322581 , 0 , 0 , 11.8709677419355 , 0 , 0 , 0 , 0 
08-Jan-2004 16:34,200103,GATWICK,USA,PITTSBURGH,US AIRWAYS,D,S, 31 , 0 , 67.741935483871 , 22.5806451612903 , 6.45161290322581 , 3.2258064516129 , 0 , 0 , 12.4193548387097 , 0 , 0 , 0 , 0 
08-Jan-2004 16:34,200103,GATWICK,USA,RALEIGH,AMERICAN AIRLINES,A,S, 31 , 0 , 80.6451612903226 , 3.2258064516129 , 0 , 9.67741935483871 , 6.45161290322581 , 0 , 30.3870967741935 , 0 , 31 , 54.8387096774194 , 17.7741935483871 
08-Jan-2004 16:34,200103,GATWICK,USA,RALEIGH,AMERICAN AIRLINES,D,S, 31 , 0 , 80.6451612903226 , 12.9032258064516 , 0 , 3.2258064516129 , 3.2258064516129 , 0 , 14.6451612903226 , 0 , 31 , 64.5161290322581 , 19.2903225806452 
08-Jan-2004 16:34,200103,GATWICK,USA,SAN DIEGO,BRITISH AIRWAYS PLC,A,S, 31 , 0 , 48.3870967741935 , 25.8064516129032 , 12.9032258064516 , 12.9032258064516 , 0 , 0 , 30.2903225806452 , 0 , 31 , 70.9677419354839 , 53.8387096774194 
08-Jan-2004 16:34,200103,GATWICK,USA,SAN DIEGO,BRITISH AIRWAYS PLC,D,S, 31 , 0 , 51.6129032258064 , 25.8064516129032 , 9.67741935483871 , 9.67741935483871 , 3.2258064516129 , 0 , 34.2903225806452 , 0 , 31 , 54.8387096774194 , 16.741935483871 
08-Jan-2004 16:34,200103,GATWICK,USA,SANFORD,AIR 2000,A,C, 10 , 0 , 70 , 0 , 30 , 0 , 0 , 0 , 17.4 , 0 , 9 , 33.3333333333333 , 30.1111111111111 
08-Jan-2004 16:34,200103,GATWICK,USA,SANFORD,AIR 2000,D,C, 13 , 0 , 76.9230769230769 , 15.3846153846154 , 0 , 7.69230769230769 , 0 , 0 , 12.8461538461538 , 0 , 12 , 41.6666666666667 , 29.25 
08-Jan-2004 16:34,200103,GATWICK,USA,SANFORD,MONARCH AIRLINES,D,C, 1 , 0 , 100 , 0 , 0 , 0 , 0 , 0 , 8 , 0 , 0 , 0 , 0 
08-Jan-2004 16:34,200103,GATWICK,USA,SANFORD,MY TRAVEL AIRWAYS UK,A,C, 15 , 0 , 26.6666666666667 , 26.6666666666667 , 20 , 26.6666666666667 , 0 , 0 , 51.2 , 0 , 10 , 20 , 179.1 
08-Jan-2004 16:34,200103,GATWICK,USA,SANFORD,MY TRAVEL AIRWAYS UK,D,C, 18 , 0 , 66.6666666666667 , 11.1111111111111 , 5.55555555555556 , 5.55555555555556 , 11.1111111111111 , 0 , 37.7777777777778 , 0 , 11 , 45.4545454545455 , 185 
08-Jan-2004 16:34,200103,GATWICK,USA,ST LOUIS (LAMBERT),TRANS WORLD AIRLINES,A,S, 31 , 0 , 51.6129032258064 , 29.0322580645161 , 19.3548387096774 , 0 , 0 , 0 , 16 , 0 , 31 , 38.7096774193548 , 26.4193548387097 
08-Jan-2004 16:34,200103,GATWICK,USA,ST LOUIS (LAMBERT),TRANS WORLD AIRLINES,D,S, 31 , 0 , 77.4193548387097 , 16.1290322580645 , 6.45161290322581 , 0 , 0 , 0 , 8.67741935483871 , 0 , 31 , 77.4193548387097 , 12.5483870967742 
08-Jan-2004 16:34,200103,GATWICK,USA,TAMPA,BRITISH AIRWAYS PLC,A,S, 13 , 0 , 46.1538461538462 , 15.3846153846154 , 15.3846153846154 , 15.3846153846154 , 7.69230769230769 , 0 , 37.6153846153846 , 0 , 18 , 22.2222222222222 , 35 
08-Jan-2004 16:34,200103,GATWICK,USA,TAMPA,BRITISH AIRWAYS PLC,D,S, 13 , 0 , 38.4615384615385 , 23.0769230769231 , 15.3846153846154 , 23.0769230769231 , 0 , 0 , 37.8461538461538 , 0 , 17 , 58.8235294117647 , 23.2352941176471 
08-Jan-2004 16:34,200103,GATWICK,UZBEKISTAN,SAMARKAND,AIR 2000,A,C, 0 , 0 , 0 , 0 , 0 , 0 , 0 , 0 , 0 , 0 , 1 , 100 , 0 
08-Jan-2004 16:34,200103,GATWICK,VENEZUELA,CARACAS,BRITISH AIRWAYS PLC,A,S, 13 , 1 , 76.9230769230769 , 7.69230769230769 , 7.69230769230769 , 0 , 7.69230769230769 , 0 , 25 , 0 , 0 , 0 , 0 
08-Jan-2004 16:34,200103,GATWICK,VENEZUELA,PORLAMAR,AIR 2000,A,C, 1 , 0 , 100 , 0 , 0 , 0 , 0 , 0 , 0 , 0 , 3 , 0 , 35.6666666666667 
08-Jan-2004 16:34,200103,GATWICK,VENEZUELA,PORLAMAR,AIR 2000,D,C, 2 , 0 , 100 , 0 , 0 , 0 , 0 , 0 , 6 , 0 , 3 , 100 , 1.33333333333333 
08-Jan-2004 16:34,200103,GATWICK,VIRGIN ISLANDS (U.S.A),ST THOMAS ISLANDS,AIR 2000,A,C, 5 , 0 , 60 , 20 , 0 , 0 , 20 , 0 , 44.4 , 0 , 5 , 40 , 38.2 
08-Jan-2004 16:34,200103,GATWICK,ZAMBIA,LUSAKA,BRITISH AIRWAYS PLC,A,S, 12 , 1 , 83.3333333333333 , 0 , 8.33333333333333 , 8.33333333333333 , 0 , 0 , 11.0833333333333 , 0 , 14 , 85.7142857142857 , 12.2142857142857 
08-Jan-2004 16:34,200103,GATWICK,ZAMBIA,LUSAKA,BRITISH AIRWAYS PLC,D,S, 13 , 0 , 84.6153846153846 , 0 , 7.69230769230769 , 7.69230769230769 , 0 , 0 , 15.7692307692308 , 0 , 14 , 92.8571428571429 , 7.35714285714286 
08-Jan-2004 16:34,200103,GATWICK,ZIMBABWE,HARARE,AIR ZIMBABWE,A,S, 14 , 0 , 14.2857142857143 , 42.8571428571429 , 21.4285714285714 , 21.4285714285714 , 0 , 0 , 39.8571428571429 , 6 , 19 , 73.6842105263158 , 21.2631578947368 
08-Jan-2004 16:34,200103,GATWICK,ZIMBABWE,HARARE,AIR ZIMBABWE,D,S, 14 , 0 , 92.8571428571429 , 7.14285714285714 , 0 , 0 , 0 , 0 , 6.42857142857143 , 6 , 19 , 94.7368421052632 , 4.21052631578947 
08-Jan-2004 16:34,200103,GLASGOW,AUSTRIA,SALZBURG,BRITANNIA AIRWAYS,A,C, 3 , 0 , 33.3333333333333 , 33.3333333333333 , 33.3333333333333 , 0 , 0 , 0 , 20.3333333333333 , 0 , 3 , 33.3333333333333 , 31.6666666666667 
08-Jan-2004 16:34,200103,GLASGOW,AUSTRIA,SALZBURG,BRITANNIA AIRWAYS,D,C, 2 , 0 , 100 , 0 , 0 , 0 , 0 , 0 , 4.5 , 0 , 2 , 0 , 83 
08-Jan-2004 16:34,200103,GLASGOW,BARBADOS,BRIDGETOWN,BRITANNIA AIRWAYS,A,C, 1 , 0 , 0 , 0 , 100 , 0 , 0 , 0 , 42 , 0 , 3 , 33.3333333333333 , 23 
08-Jan-2004 16:34,200103,GLASGOW,BARBADOS,BRIDGETOWN,BRITANNIA AIRWAYS,D,C, 2 , 0 , 100 , 0 , 0 , 0 , 0 , 0 , 5 , 0 , 1 , 0 , 16 
08-Jan-2004 16:34,200103,GLASGOW,BELGIUM,BRUSSELS,BRITISH AIRWAYS PLC,D,S, 15 , 0 , 80 , 6.66666666666667 , 13.3333333333333 , 0 , 0 , 0 , 12.8 , 0 , 5 , 60 , 18.2 
08-Jan-2004 16:34,200103,GLASGOW,BELGIUM,BRUSSELS,HAMBURG INTERNATIONAL,A,C, 1 , 0 , 0 , 100 , 0 , 0 , 0 , 0 , 21 , 0 , 0 , 0 , 0 
08-Jan-2004 16:34,200103,GLASGOW,BELGIUM,BRUSSELS,SABENA,A,S, 117 , 0 , 83.7606837606838 , 16.2393162393162 , 0 , 0 , 0 , 0 , 5.99145299145299 , 3 , 87 , 73.5632183908046 , 11.9195402298851 
08-Jan-2004 16:34,200103,GLASGOW,BELGIUM,BRUSSELS,SABENA,D,S, 117 , 0 , 73.5042735042735 , 17.9487179487179 , 7.69230769230769 , 0.854700854700855 , 0 , 0 , 11.4615384615385 , 3 , 87 , 54.0229885057471 , 22.8045977011494 
08-Jan-2004 16:34,200103,GLASGOW,BELGIUM,BRUSSELS,SN BRUSSELS AIRLINES,A,C, 1 , 0 , 0 , 100 , 0 , 0 , 0 , 0 , 20 , 0 , 0 , 0 , 0 
08-Jan-2004 16:34,200103,GLASGOW,BELGIUM,BRUSSELS,SN BRUSSELS AIRLINES,D,C, 1 , 0 , 0 , 0 , 100 , 0 , 0 , 0 , 37 , 0 , 0 , 0 , 0 
08-Jan-2004 16:34,200103,GLASGOW,BELGIUM,BRUSSELS,VIRGIN EXPRESS,D,C, 0 , 1 , 0 , 0 , 0 , 0 , 0 , 0 , 0 , 0 , 0 , 0 , 0 
08-Jan-2004 16:34,200103,GLASGOW,CANADA,TORONTO,AIR CANADA,A,S, 22 , 0 , 27.2727272727273 , 22.7272727272727 , 27.2727272727273 , 13.6363636363636 , 9.09090909090909 , 0 , 55.3181818181818 , 0 , 23 , 52.1739130434783 , 28.7826086956522 
08-Jan-2004 16:34,200103,GLASGOW,CANADA,TORONTO,AIR CANADA,D,S, 22 , 0 , 31.8181818181818 , 9.09090909090909 , 36.3636363636364 , 18.1818181818182 , 0 , 4.54545454545455 , 59 , 0 , 22 , 54.5454545454545 , 24.4090909090909 
08-Jan-2004 16:34,200103,GLASGOW,CANADA,TORONTO,AIR TRANSAT,A,S, 5 , 0 , 40 , 40 , 0 , 20 , 0 , 0 , 26.4 , 0 , 0 , 0 , 0 
08-Jan-2004 16:34,200103,GLASGOW,CANADA,TORONTO,AIR TRANSAT,D,S, 5 , 0 , 40 , 40 , 0 , 20 , 0 , 0 , 29 , 0 , 0 , 0 , 0 
08-Jan-2004 16:34,200103,GLASGOW,CANADA,TORONTO,CANADA 3000 AIRLINES,A,C, 0 , 0 , 0 , 0 , 0 , 0 , 0 , 0 , 0 , 0 , 5 , 0 , 79.6 
08-Jan-2004 16:34,200103,GLASGOW,CANADA,TORONTO,CANADA 3000 AIRLINES,A,S, 5 , 0 , 0 , 20 , 40 , 40 , 0 , 0 , 52.8 , 0 , 0 , 0 , 0 
08-Jan-2004 16:34,200103,GLASGOW,CANADA,TORONTO,CANADA 3000 AIRLINES,D,C, 0 , 0 , 0 , 0 , 0 , 0 , 0 , 0 , 0 , 0 , 5 , 0 , 74.6 
08-Jan-2004 16:34,200103,GLASGOW,CANADA,TORONTO,CANADA 3000 AIRLINES,D,S, 5 , 0 , 20 , 0 , 40 , 40 , 0 , 0 , 50.4 , 0 , 0 , 0 , 0 
08-Jan-2004 16:34,200103,GLASGOW,CYPRUS,LARNACA,THOMAS COOK AIRLINES LTD,A,C, 0 , 0 , 0 , 0 , 0 , 0 , 0 , 0 , 0 , 0 , 4 , 25 , 19.75 
08-Jan-2004 16:34,200103,GLASGOW,CYPRUS,LARNACA,THOMAS COOK AIRLINES LTD,D,C, 0 , 0 , 0 , 0 , 0 , 0 , 0 , 0 , 0 , 0 , 5 , 80 , 7.6 
08-Jan-2004 16:34,200103,GLASGOW,CYPRUS,PAPHOS,AIR 2000,A,S, 0 , 0 , 0 , 0 , 0 , 0 , 0 , 0 , 0 , 0 , 5 , 40 , 24.4 
08-Jan-2004 16:34,200103,GLASGOW,CYPRUS,PAPHOS,AIR 2000,D,S, 0 , 0 , 0 , 0 , 0 , 0 , 0 , 0 , 0 , 0 , 5 , 100 , 6.2 
08-Jan-2004 16:34,200103,GLASGOW,CYPRUS,PAPHOS,BRITANNIA AIRWAYS,A,C, 5 , 0 , 80 , 20 , 0 , 0 , 0 , 0 , 4 , 0 , 4 , 50 , 33.75 
08-Jan-2004 16:34,200103,GLASGOW,CYPRUS,PAPHOS,BRITANNIA AIRWAYS,D,C, 5 , 0 , 100 , 0 , 0 , 0 , 0 , 0 , 5.4 , 0 , 4 , 75 , 38.25 
08-Jan-2004 16:34,200103,GLASGOW,CYPRUS,PAPHOS,THOMAS COOK AIRLINES LTD,A,C, 4 , 0 , 50 , 0 , 25 , 0 , 0 , 25 , 243.5 , 0 , 0 , 0 , 0 
08-Jan-2004 16:34,200103,GLASGOW,CYPRUS,PAPHOS,THOMAS COOK AIRLINES LTD,D,C, 4 , 0 , 75 , 0 , 0 , 0 , 0 , 25 , 198.5 , 0 , 0 , 0 , 0 
08-Jan-2004 16:34,200103,GLASGOW,DENMARK,COPENHAGEN,BMI BRITISH MIDLAND,A,S, 31 , 5 , 74.1935483870968 , 16.1290322580645 , 3.2258064516129 , 6.45161290322581 , 0 , 0 , 13.8064516129032 , 0 , 36 , 80.5555555555556 , 8.75 
08-Jan-2004 16:34,200103,GLASGOW,DENMARK,COPENHAGEN,BMI BRITISH MIDLAND,D,S, 31 , 5 , 96.7741935483871 , 0 , 0 , 3.2258064516129 , 0 , 0 , 4.90322580645161 , 0 , 36 , 97.2222222222222 , 0.638888888888889 
08-Jan-2004 16:34,200103,GLASGOW,FAROE ISLANDS,VAGAR,ATLANTIC AIRWAYS,A,C, 0 , 1 , 0 , 0 , 0 , 0 , 0 , 0 , 0 , 0 , 0 , 0 , 0 
08-Jan-2004 16:34,200103,GLASGOW,FAROE ISLANDS,VAGAR,ATLANTIC AIRWAYS,D,C, 0 , 2 , 0 , 0 , 0 , 0 , 0 , 0 , 0 , 0 , 0 , 0 , 0 
08-Jan-2004 16:34,200103,GLASGOW,FRANCE,GRENOBLE,MONARCH AIRLINES,A,C, 0 , 0 , 0 , 0 , 0 , 0 , 0 , 0 , 0 , 0 , 2 , 100 , 5 
08-Jan-2004 16:34,200103,GLASGOW,FRANCE,GRENOBLE,MONARCH AIRLINES,D,C, 0 , 0 , 0 , 0 , 0 , 0 , 0 , 0 , 0 , 0 , 2 , 100 , 0 
08-Jan-2004 16:34,200103,GLASGOW,FRANCE,LYON,AIR 2000,A,C, 0 , 0 , 0 , 0 , 0 , 0 , 0 , 0 , 0 , 0 , 5 , 80 , 9 
08-Jan-2004 16:34,200103,GLASGOW,FRANCE,LYON,AIR 2000,D,C, 1 , 0 , 100 , 0 , 0 , 0 , 0 , 0 , 0 , 0 , 5 , 100 , 3.2 
08-Jan-2004 16:34,200103,GLASGOW,FRANCE,LYON,BRITANNIA AIRWAYS,A,C, 5 , 0 , 0 , 0 , 20 , 80 , 0 , 0 , 76.4 , 0 , 4 , 0 , 36.5 
08-Jan-2004 16:34,200103,GLASGOW,FRANCE,LYON,BRITANNIA AIRWAYS,D,C, 7 , 0 , 42.8571428571429 , 0 , 42.8571428571429 , 14.2857142857143 , 0 , 0 , 36 , 0 , 4 , 0 , 23.5 
08-Jan-2004 16:34,200103,GLASGOW,FRANCE,PARIS (CHARLES DE GAULLE),AIR FRANCE,A,S, 70 , 1 , 58.5714285714286 , 17.1428571428571 , 12.8571428571429 , 11.4285714285714 , 0 , 0 , 22.1857142857143 , 2 , 17 , 23.5294117647059 , 44 
08-Jan-2004 16:34,200103,GLASGOW,FRANCE,PARIS (CHARLES DE GAULLE),AIR FRANCE,D,S, 70 , 0 , 51.4285714285714 , 22.8571428571429 , 14.2857142857143 , 11.4285714285714 , 0 , 0 , 22.4 , 2 , 17 , 11.7647058823529 , 48.3529411764706 
08-Jan-2004 16:34,200103,GLASGOW,FRANCE,PARIS (CHARLES DE GAULLE),BRITISH AIRWAYS PLC,A,S, 89 , 0 , 79.7752808988764 , 10.1123595505618 , 6.74157303370787 , 3.37078651685393 , 0 , 0 , 9.29213483146067 , 2 , 53 , 88.6792452830189 , 6.28301886792453 
08-Jan-2004 16:34,200103,GLASGOW,FRANCE,PARIS (CHARLES DE GAULLE),BRITISH AIRWAYS PLC,D,S, 75 , 0 , 97.3333333333333 , 1.33333333333333 , 1.33333333333333 , 0 , 0 , 0 , 3.32 , 2 , 43 , 95.3488372093023 , 3.18604651162791 
08-Jan-2004 16:34,200103,GLASGOW,FRANCE,PARIS (CHARLES DE GAULLE),FLYBE.BRITISH EUROPEAN,A,S, 0 , 0 , 0 , 0 , 0 , 0 , 0 , 0 , 0 , 0 , 74 , 64.8648648648649 , 13.7837837837838 
08-Jan-2004 16:34,200103,GLASGOW,FRANCE,PARIS (CHARLES DE GAULLE),FLYBE.BRITISH EUROPEAN,D,S, 0 , 0 , 0 , 0 , 0 , 0 , 0 , 0 , 0 , 0 , 73 , 82.1917808219178 , 8.82191780821918 
08-Jan-2004 16:34,200103,GLASGOW,FRANCE,PARIS (CHARLES DE GAULLE),STAR EUROPE,A,C, 0 , 0 , 0 , 0 , 0 , 0 , 0 , 0 , 0 , 0 , 1 , 0 , 22 
08-Jan-2004 16:34,200103,GLASGOW,FRANCE,PARIS (CHARLES DE GAULLE),STAR EUROPE,D,C, 0 , 0 , 0 , 0 , 0 , 0 , 0 , 0 , 0 , 0 , 1 , 0 , 17 
08-Jan-2004 16:34,200103,GLASGOW,FRANCE,TOULOUSE (BLAGNAC),AIR 2000,A,C, 4 , 0 , 50 , 0 , 0 , 50 , 0 , 0 , 50.25 , 0 , 4 , 50 , 59.25 
08-Jan-2004 16:34,200103,GLASGOW,FRANCE,TOULOUSE (BLAGNAC),AIR 2000,D,C, 3 , 0 , 66.6666666666667 , 33.3333333333333 , 0 , 0 , 0 , 0 , 14 , 0 , 4 , 25 , 118 
08-Jan-2004 16:34,200103,GLASGOW,GERMANY,FRANKFURT MAIN,BRITISH REGIONAL AIRLINES LTD,D,S, 18 , 0 , 88.8888888888889 , 11.1111111111111 , 0 , 0 , 0 , 0 , 4.61111111111111 , 0 , 19 , 89.4736842105263 , 9.52631578947369 
08-Jan-2004 16:34,200103,GLASGOW,GERMANY,HANOVER,BRITISH AIRWAYS PLC,A,S, 0 , 0 , 0 , 0 , 0 , 0 , 0 , 0 , 0 , 0 , 5 , 80 , 8.4 
08-Jan-2004 16:34,200103,GLASGOW,GERMANY,HANOVER,BRITISH AIRWAYS PLC,D,S, 0 , 0 , 0 , 0 , 0 , 0 , 0 , 0 , 0 , 0 , 4 , 75 , 9.5 
08-Jan-2004 16:34,200103,GLASGOW,GERMANY,MUNICH,BRITISH AIRWAYS CITIEXPRESS LTD,A,S, 2 , 0 , 0 , 50 , 50 , 0 , 0 , 0 , 34 , 0 , 0 , 0 , 0 
08-Jan-2004 16:34,200103,GLASGOW,GERMANY,MUNICH,BRITISH AIRWAYS CITIEXPRESS LTD,D,S, 2 , 0 , 100 , 0 , 0 , 0 , 0 , 0 , 0 , 0 , 0 , 0 , 0 
08-Jan-2004 16:34,200103,GLASGOW,ICELAND,KEFLAVIK,ICELANDAIR,A,S, 26 , 0 , 73.0769230769231 , 15.3846153846154 , 3.84615384615385 , 7.69230769230769 , 0 , 0 , 15.2307692307692 , 0 , 28 , 64.2857142857143 , 42.2142857142857 
08-Jan-2004 16:34,200103,GLASGOW,ICELAND,KEFLAVIK,ICELANDAIR,D,C, 0 , 1 , 0 , 0 , 0 , 0 , 0 , 0 , 0 , 0 , 0 , 0 , 0 
08-Jan-2004 16:34,200103,GLASGOW,ICELAND,KEFLAVIK,ICELANDAIR,D,S, 26 , 0 , 96.1538461538462 , 0 , 0 , 3.84615384615385 , 0 , 0 , 3.53846153846154 , 0 , 28 , 85.7142857142857 , 14.6071428571429 
08-Jan-2004 16:34,200103,GLASGOW,IRISH REPUBLIC,CORK,BRITISH REGIONAL AIRLINES LTD,A,S, 30 , 1 , 93.3333333333333 , 3.33333333333333 , 0 , 3.33333333333333 , 0 , 0 , 5.76666666666667 , 0 , 0 , 0 , 0 
08-Jan-2004 16:34,200103,GLASGOW,IRISH REPUBLIC,CORK,BRITISH REGIONAL AIRLINES LTD,D,S, 31 , 0 , 83.8709677419355 , 9.67741935483871 , 0 , 6.45161290322581 , 0 , 0 , 10.3225806451613 , 0 , 0 , 0 , 0 
08-Jan-2004 16:34,200103,GLASGOW,IRISH REPUBLIC,CORK,FLYBE.BRITISH EUROPEAN,A,S, 0 , 0 , 0 , 0 , 0 , 0 , 0 , 0 , 0 , 0 , 42 , 59.5238095238095 , 14.952380952381 
08-Jan-2004 16:34,200103,GLASGOW,IRISH REPUBLIC,CORK,FLYBE.BRITISH EUROPEAN,D,S, 0 , 0 , 0 , 0 , 0 , 0 , 0 , 0 , 0 , 0 , 42 , 64.2857142857143 , 14.1904761904762 
08-Jan-2004 16:34,200103,GLASGOW,IRISH REPUBLIC,DUBLIN,AER LINGUS,A,S, 107 , 0 , 85.981308411215 , 8.41121495327103 , 1.86915887850467 , 3.73831775700935 , 0 , 0 , 6.47663551401869 , 0 , 95 , 88.4210526315789 , 6.43157894736842 
08-Jan-2004 16:34,200103,GLASGOW,IRISH REPUBLIC,DUBLIN,AER LINGUS,D,S, 107 , 0 , 85.981308411215 , 6.54205607476636 , 3.73831775700935 , 3.73831775700935 , 0 , 0 , 9.99065420560748 , 0 , 94 , 89.3617021276596 , 6.63829787234043 
08-Jan-2004 16:34,200103,GLASGOW,ITALY,MILAN (MALPENSA),BRITISH AIRWAYS PLC,A,S, 19 , 0 , 57.8947368421053 , 15.7894736842105 , 21.0526315789474 , 5.26315789473684 , 0 , 0 , 17.8947368421053 , 0 , 6 , 50 , 13.6666666666667 
08-Jan-2004 16:34,200103,GLASGOW,ITALY,NAPLES,BRITANNIA AIRWAYS,A,C, 0 , 0 , 0 , 0 , 0 , 0 , 0 , 0 , 0 , 0 , 4 , 50 , 25.5 
08-Jan-2004 16:34,200103,GLASGOW,ITALY,NAPLES,BRITANNIA AIRWAYS,D,C, 0 , 0 , 0 , 0 , 0 , 0 , 0 , 0 , 0 , 0 , 5 , 20 , 68.6 
08-Jan-2004 16:34,200103,GLASGOW,ITALY,TURIN,BMI BRITISH MIDLAND,A,C, 0 , 0 , 0 , 0 , 0 , 0 , 0 , 0 , 0 , 0 , 1 , 100 , 13 
08-Jan-2004 16:34,200103,GLASGOW,ITALY,TURIN,BMI BRITISH MIDLAND,D,C, 0 , 0 , 0 , 0 , 0 , 0 , 0 , 0 , 0 , 0 , 1 , 0 , 67 
08-Jan-2004 16:34,200103,GLASGOW,ITALY,TURIN,BRITANNIA AIRWAYS,A,C, 0 , 0 , 0 , 0 , 0 , 0 , 0 , 0 , 0 , 0 , 3 , 0 , 69 
08-Jan-2004 16:34,200103,GLASGOW,ITALY,TURIN,BRITANNIA AIRWAYS,D,C, 0 , 0 , 0 , 0 , 0 , 0 , 0 , 0 , 0 , 0 , 3 , 0 , 70.3333333333333 
08-Jan-2004 16:34,200103,GLASGOW,ITALY,TURIN,THOMAS COOK AIRLINES LTD,A,C, 4 , 0 , 50 , 0 , 25 , 25 , 0 , 0 , 31.75 , 0 , 0 , 0 , 0 
08-Jan-2004 16:34,200103,GLASGOW,ITALY,TURIN,THOMAS COOK AIRLINES LTD,D,C, 4 , 0 , 50 , 50 , 0 , 0 , 0 , 0 , 13.25 , 0 , 0 , 0 , 0 
08-Jan-2004 16:34,200103,GLASGOW,ITALY,VERONA,ICELANDAIR,A,C, 0 , 1 , 0 , 0 , 0 , 0 , 0 , 0 , 0 , 0 , 0 , 0 , 0 
08-Jan-2004 16:34,200103,GLASGOW,LUXEMBOURG,LUXEMBOURG,ATLANTIC AIRWAYS,A,C, 0 , 1 , 0 , 0 , 0 , 0 , 0 , 0 , 0 , 0 , 0 , 0 , 0 
08-Jan-2004 16:34,200103,GLASGOW,MALTA,MALTA,AIR MALTA,A,C, 4 , 0 , 100 , 0 , 0 , 0 , 0 , 0 , 0.25 , 0 , 11 , 63.6363636363636 , 33.3636363636364 
08-Jan-2004 16:34,200103,GLASGOW,MALTA,MALTA,AIR MALTA,A,S, 5 , 0 , 80 , 0 , 20 , 0 , 0 , 0 , 10 , 0 , 5 , 80 , 4.8 
08-Jan-2004 16:34,200103,GLASGOW,MALTA,MALTA,AIR MALTA,D,C, 4 , 0 , 75 , 0 , 25 , 0 , 0 , 0 , 16.25 , 0 , 11 , 63.6363636363636 , 34.9090909090909 
08-Jan-2004 16:34,200103,GLASGOW,MALTA,MALTA,AIR MALTA,D,S, 5 , 0 , 20 , 60 , 20 , 0 , 0 , 0 , 20.4 , 0 , 5 , 60 , 11.2 
08-Jan-2004 16:34,200103,GLASGOW,MALTA,MALTA,MY TRAVEL AIRWAYS UK,A,C, 3 , 0 , 33.3333333333333 , 33.3333333333333 , 0 , 33.3333333333333 , 0 , 0 , 38.6666666666667 , 0 , 0 , 0 , 0 
08-Jan-2004 16:34,200103,GLASGOW,MALTA,MALTA,MY TRAVEL AIRWAYS UK,D,C, 3 , 0 , 66.6666666666667 , 0 , 0 , 33.3333333333333 , 0 , 0 , 33.6666666666667 , 0 , 0 , 0 , 0 
08-Jan-2004 16:34,200103,GLASGOW,NETHERLANDS,AMSTERDAM,KLM UK LTD,A,S, 133 , 0 , 87.9699248120301 , 5.26315789473684 , 6.01503759398496 , 0.75187969924812 , 0 , 0 , 4.95488721804511 , 5 , 146 , 87.6712328767123 , 5.82191780821918 
08-Jan-2004 16:34,200103,GLASGOW,NETHERLANDS,AMSTERDAM,KLM UK LTD,D,S, 131 , 0 , 80.1526717557252 , 10.6870229007634 , 5.34351145038168 , 3.81679389312977 , 0 , 0 , 9.57251908396947 , 7 , 146 , 76.7123287671233 , 16.0547945205479 
08-Jan-2004 16:34,200103,GLASGOW,PORTUGAL(EXCLUDING MADEIRA),FARO,AIR 2000,A,S, 1 , 0 , 100 , 0 , 0 , 0 , 0 , 0 , 0 , 0 , 0 , 0 , 0 
08-Jan-2004 16:34,200103,GLASGOW,PORTUGAL(EXCLUDING MADEIRA),FARO,AIR 2000,D,S, 1 , 0 , 100 , 0 , 0 , 0 , 0 , 0 , 6 , 0 , 0 , 0 , 0 
08-Jan-2004 16:34,200103,GLASGOW,PORTUGAL(EXCLUDING MADEIRA),FARO,BMI BRITISH MIDLAND,A,C, 4 , 0 , 75 , 25 , 0 , 0 , 0 , 0 , 9.5 , 0 , 0 , 0 , 0 
08-Jan-2004 16:34,200103,GLASGOW,PORTUGAL(EXCLUDING MADEIRA),FARO,BMI BRITISH MIDLAND,D,C, 5 , 0 , 60 , 40 , 0 , 0 , 0 , 0 , 11.8 , 0 , 0 , 0 , 0 
08-Jan-2004 16:34,200103,GLASGOW,PORTUGAL(EXCLUDING MADEIRA),FARO,BRITANNIA AIRWAYS,A,C, 5 , 0 , 60 , 20 , 0 , 20 , 0 , 0 , 16.8 , 0 , 5 , 80 , 111.2 
08-Jan-2004 16:34,200103,GLASGOW,PORTUGAL(EXCLUDING MADEIRA),FARO,BRITANNIA AIRWAYS,D,C, 5 , 0 , 60 , 20 , 20 , 0 , 0 , 0 , 17.8 , 0 , 5 , 80 , 118.4 
08-Jan-2004 16:34,200103,GLASGOW,PORTUGAL(EXCLUDING MADEIRA),FARO,MY TRAVEL AIRWAYS UK,A,C, 4 , 0 , 0 , 0 , 25 , 0 , 25 , 50 , 265.75 , 0 , 0 , 0 , 0 
08-Jan-2004 16:34,200103,GLASGOW,PORTUGAL(EXCLUDING MADEIRA),FARO,MY TRAVEL AIRWAYS UK,D,C, 4 , 0 , 25 , 25 , 25 , 0 , 0 , 25 , 119 , 0 , 4 , 0 , 125.75 
08-Jan-2004 16:34,200103,GLASGOW,PORTUGAL(EXCLUDING MADEIRA),FARO,VIRGIN ATLANTIC AIRWAYS LTD,A,C, 0 , 0 , 0 , 0 , 0 , 0 , 0 , 0 , 0 , 0 , 4 , 75 , 12.5 
08-Jan-2004 16:34,200103,GLASGOW,PORTUGAL(EXCLUDING MADEIRA),FARO,VIRGIN ATLANTIC AIRWAYS LTD,D,C, 0 , 0 , 0 , 0 , 0 , 0 , 0 , 0 , 0 , 0 , 4 , 100 , 3.25 
08-Jan-2004 16:34,200103,GLASGOW,PORTUGAL(MADEIRA),FUNCHAL,AIR 2000,A,C, 4 , 0 , 50 , 0 , 25 , 0 , 0 , 25 , 345 , 0 , 4 , 50 , 304.75 
08-Jan-2004 16:34,200103,GLASGOW,PORTUGAL(MADEIRA),FUNCHAL,AIR 2000,D,C, 4 , 0 , 50 , 0 , 25 , 25 , 0 , 0 , 39.75 , 0 , 4 , 100 , 0.75 
08-Jan-2004 16:34,200103,GLASGOW,PORTUGAL(MADEIRA),FUNCHAL,SATA,A,C, 4 , 0 , 75 , 25 , 0 , 0 , 0 , 0 , 7.25 , 0 , 3 , 33.3333333333333 , 28 
08-Jan-2004 16:34,200103,GLASGOW,PORTUGAL(MADEIRA),FUNCHAL,SATA,D,C, 3 , 0 , 100 , 0 , 0 , 0 , 0 , 0 , 0.666666666666667 , 0 , 4 , 50 , 34.75 
08-Jan-2004 16:34,200103,GLASGOW,SPAIN,ALICANTE,AIR 2000,A,S, 1 , 0 , 100 , 0 , 0 , 0 , 0 , 0 , 0 , 0 , 0 , 0 , 0 
08-Jan-2004 16:34,200103,GLASGOW,SPAIN,ALICANTE,AIR 2000,D,S, 1 , 0 , 100 , 0 , 0 , 0 , 0 , 0 , 3 , 0 , 0 , 0 , 0 
08-Jan-2004 16:34,200103,GLASGOW,SPAIN,ALICANTE,BRITANNIA AIRWAYS,A,C, 9 , 0 , 88.8888888888889 , 11.1111111111111 , 0 , 0 , 0 , 0 , 7.22222222222222 , 0 , 8 , 62.5 , 15.875 
08-Jan-2004 16:34,200103,GLASGOW,SPAIN,ALICANTE,BRITANNIA AIRWAYS,D,C, 9 , 0 , 88.8888888888889 , 0 , 11.1111111111111 , 0 , 0 , 0 , 6 , 0 , 7 , 85.7142857142857 , 6.28571428571429 
08-Jan-2004 16:34,200103,GLASGOW,SPAIN,ALICANTE,MY TRAVEL AIRWAYS UK,A,C, 10 , 0 , 70 , 10 , 0 , 0 , 0 , 20 , 144.8 , 0 , 7 , 85.7142857142857 , 2.71428571428571 
08-Jan-2004 16:34,200103,GLASGOW,SPAIN,ALICANTE,MY TRAVEL AIRWAYS UK,D,C, 10 , 0 , 80 , 0 , 10 , 0 , 10 , 0 , 30.3 , 0 , 8 , 75 , 19.375 
08-Jan-2004 16:34,200103,GLASGOW,SPAIN,ALICANTE,THOMAS COOK AIRLINES LTD,A,C, 5 , 0 , 60 , 40 , 0 , 0 , 0 , 0 , 15.6 , 0 , 4 , 100 , 5.25 
08-Jan-2004 16:34,200103,GLASGOW,SPAIN,ALICANTE,THOMAS COOK AIRLINES LTD,D,C, 5 , 0 , 80 , 20 , 0 , 0 , 0 , 0 , 4.6 , 0 , 4 , 100 , 0.25 
08-Jan-2004 16:34,200103,GLASGOW,SPAIN,BARCELONA,AIR 2000,D,C, 1 , 0 , 100 , 0 , 0 , 0 , 0 , 0 , 1 , 0 , 0 , 0 , 0 
08-Jan-2004 16:34,200103,GLASGOW,SPAIN,BARCELONA,MONARCH AIRLINES,A,C, 0 , 0 , 0 , 0 , 0 , 0 , 0 , 0 , 0 , 0 , 1 , 100 , 0 
08-Jan-2004 16:34,200103,GLASGOW,SPAIN,BARCELONA,MONARCH AIRLINES,D,C, 0 , 0 , 0 , 0 , 0 , 0 , 0 , 0 , 0 , 0 , 1 , 0 , 37 
08-Jan-2004 16:34,200103,GLASGOW,SPAIN,GERONA,BMI BRITISH MIDLAND,D,C, 1 , 0 , 100 , 0 , 0 , 0 , 0 , 0 , 12 , 0 , 0 , 0 , 0 
08-Jan-2004 16:34,200103,GLASGOW,SPAIN,MADRID,BRITISH AIRWAYS PLC,A,S, 2 , 0 , 100 , 0 , 0 , 0 , 0 , 0 , 11.5 , 0 , 10 , 70 , 14.2 
08-Jan-2004 16:34,200103,GLASGOW,SPAIN,MADRID,BRITISH AIRWAYS PLC,D,S, 17 , 0 , 100 , 0 , 0 , 0 , 0 , 0 , 1.94117647058824 , 0 , 11 , 90.9090909090909 , 6.90909090909091 
08-Jan-2004 16:34,200103,GLASGOW,SPAIN,MALAGA,AIR 2000,A,C, 0 , 0 , 0 , 0 , 0 , 0 , 0 , 0 , 0 , 0 , 3 , 33.3333333333333 , 34.6666666666667 
08-Jan-2004 16:34,200103,GLASGOW,SPAIN,MALAGA,AIR 2000,A,S, 4 , 0 , 25 , 25 , 50 , 0 , 0 , 0 , 30.25 , 0 , 0 , 0 , 0 
08-Jan-2004 16:34,200103,GLASGOW,SPAIN,MALAGA,AIR 2000,D,C, 0 , 0 , 0 , 0 , 0 , 0 , 0 , 0 , 0 , 0 , 3 , 0 , 45 
08-Jan-2004 16:34,200103,GLASGOW,SPAIN,MALAGA,AIR 2000,D,S, 4 , 0 , 25 , 0 , 50 , 25 , 0 , 0 , 47.25 , 0 , 0 , 0 , 0 
08-Jan-2004 16:34,200103,GLASGOW,SPAIN,MALAGA,BMI BRITISH MIDLAND,D,C, 1 , 0 , 100 , 0 , 0 , 0 , 0 , 0 , 12 , 0 , 0 , 0 , 0 
08-Jan-2004 16:34,200103,GLASGOW,SPAIN,MALAGA,BRITANNIA AIRWAYS,A,C, 9 , 0 , 11.1111111111111 , 33.3333333333333 , 11.1111111111111 , 33.3333333333333 , 0 , 11.1111111111111 , 88 , 0 , 8 , 25 , 18.625 
08-Jan-2004 16:34,200103,GLASGOW,SPAIN,MALAGA,BRITANNIA AIRWAYS,D,C, 9 , 0 , 55.5555555555556 , 22.2222222222222 , 0 , 11.1111111111111 , 11.1111111111111 , 0 , 56 , 0 , 9 , 55.5555555555556 , 23.7777777777778 
08-Jan-2004 16:34,200103,GLASGOW,SPAIN,MALAGA,FUTURA AIRLINES,A,C, 0 , 0 , 0 , 0 , 0 , 0 , 0 , 0 , 0 , 0 , 4 , 100 , 0.75 
08-Jan-2004 16:34,200103,GLASGOW,SPAIN,MALAGA,FUTURA AIRLINES,D,C, 0 , 0 , 0 , 0 , 0 , 0 , 0 , 0 , 0 , 0 , 5 , 100 , 1.4 
08-Jan-2004 16:34,200103,GLASGOW,SPAIN,MALAGA,MY TRAVEL AIRWAYS UK,A,C, 4 , 0 , 50 , 25 , 0 , 0 , 0 , 25 , 106 , 0 , 3 , 33.3333333333333 , 47 
08-Jan-2004 16:34,200103,GLASGOW,SPAIN,MALAGA,MY TRAVEL AIRWAYS UK,D,C, 4 , 0 , 75 , 0 , 0 , 25 , 0 , 0 , 18.25 , 0 , 4 , 50 , 172 
08-Jan-2004 16:34,200103,GLASGOW,SPAIN,MALAGA,THOMAS COOK AIRLINES LTD,A,C, 5 , 0 , 20 , 20 , 60 , 0 , 0 , 0 , 29 , 0 , 4 , 75 , 8.75 
08-Jan-2004 16:34,200103,GLASGOW,SPAIN,MALAGA,THOMAS COOK AIRLINES LTD,D,C, 5 , 0 , 40 , 60 , 0 , 0 , 0 , 0 , 19 , 0 , 4 , 100 , 2.75 
08-Jan-2004 16:34,200103,GLASGOW,SPAIN,PALMA DE MALLORCA,AIR 2000,A,C, 1 , 0 , 100 , 0 , 0 , 0 , 0 , 0 , 6 , 0 , 0 , 0 , 0 
08-Jan-2004 16:34,200103,GLASGOW,SPAIN,PALMA DE MALLORCA,AIR 2000,D,C, 1 , 0 , 100 , 0 , 0 , 0 , 0 , 0 , 0 , 0 , 0 , 0 , 0 
08-Jan-2004 16:34,200103,GLASGOW,SPAIN,PALMA DE MALLORCA,AIR EUROPA,A,C, 4 , 0 , 50 , 25 , 0 , 25 , 0 , 0 , 20.75 , 0 , 0 , 0 , 0 
08-Jan-2004 16:34,200103,GLASGOW,SPAIN,PALMA DE MALLORCA,AIR EUROPA,D,C, 4 , 0 , 50 , 25 , 0 , 25 , 0 , 0 , 21.5 , 0 , 0 , 0 , 0 
08-Jan-2004 16:34,200103,GLASGOW,SPAIN,PALMA DE MALLORCA,BMI BRITISH MIDLAND,A,C, 1 , 0 , 100 , 0 , 0 , 0 , 0 , 0 , 6 , 0 , 0 , 0 , 0 
08-Jan-2004 16:34,200103,GLASGOW,SPAIN,PALMA DE MALLORCA,BMI BRITISH MIDLAND,D,C, 2 , 0 , 100 , 0 , 0 , 0 , 0 , 0 , 7.5 , 0 , 0 , 0 , 0 
08-Jan-2004 16:34,200103,GLASGOW,SPAIN,PALMA DE MALLORCA,BRITANNIA AIRWAYS,A,C, 9 , 0 , 22.2222222222222 , 33.3333333333333 , 44.4444444444444 , 0 , 0 , 0 , 28.3333333333333 , 0 , 12 , 58.3333333333333 , 17.6666666666667 
08-Jan-2004 16:34,200103,GLASGOW,SPAIN,PALMA DE MALLORCA,BRITANNIA AIRWAYS,D,C, 9 , 0 , 100 , 0 , 0 , 0 , 0 , 0 , 5.77777777777778 , 0 , 13 , 69.2307692307692 , 10.3076923076923 
08-Jan-2004 16:34,200103,GLASGOW,SPAIN,PALMA DE MALLORCA,FUTURA AIRLINES,A,C, 1 , 0 , 0 , 0 , 100 , 0 , 0 , 0 , 57 , 0 , 0 , 0 , 0 
08-Jan-2004 16:34,200103,GLASGOW,SPAIN,PALMA DE MALLORCA,FUTURA AIRLINES,D,C, 1 , 0 , 0 , 0 , 100 , 0 , 0 , 0 , 56 , 0 , 0 , 0 , 0 
08-Jan-2004 16:34,200103,GLASGOW,SPAIN,PALMA DE MALLORCA,MY TRAVEL AIRWAYS UK,A,C, 5 , 0 , 40 , 20 , 20 , 20 , 0 , 0 , 40.2 , 0 , 5 , 20 , 17 
08-Jan-2004 16:34,200103,GLASGOW,SPAIN,PALMA DE MALLORCA,MY TRAVEL AIRWAYS UK,D,C, 5 , 0 , 100 , 0 , 0 , 0 , 0 , 0 , 6.2 , 0 , 5 , 100 , 7.4 
08-Jan-2004 16:34,200103,GLASGOW,SPAIN,PALMA DE MALLORCA,SPANAIR,A,C, 5 , 0 , 80 , 0 , 20 , 0 , 0 , 0 , 15 , 0 , 1 , 100 , 0 
08-Jan-2004 16:34,200103,GLASGOW,SPAIN,PALMA DE MALLORCA,SPANAIR,D,C, 5 , 0 , 60 , 20 , 0 , 20 , 0 , 0 , 23.4 , 0 , 1 , 100 , 0 
08-Jan-2004 16:34,200103,GLASGOW,SPAIN,PALMA DE MALLORCA,THOMAS COOK AIRLINES LTD,A,C, 1 , 0 , 100 , 0 , 0 , 0 , 0 , 0 , 0 , 0 , 0 , 0 , 0 
08-Jan-2004 16:34,200103,GLASGOW,SPAIN,PALMA DE MALLORCA,THOMAS COOK AIRLINES LTD,D,C, 2 , 1 , 100 , 0 , 0 , 0 , 0 , 0 , 10.5 , 0 , 0 , 0 , 0 
08-Jan-2004 16:34,200103,GLASGOW,SPAIN(CANARY ISLANDS),ARRECIFE,AIR 2000,A,C, 0 , 0 , 0 , 0 , 0 , 0 , 0 , 0 , 0 , 0 , 5 , 80 , 15.4 
08-Jan-2004 16:34,200103,GLASGOW,SPAIN(CANARY ISLANDS),ARRECIFE,AIR 2000,A,S, 5 , 0 , 40 , 40 , 20 , 0 , 0 , 0 , 22.2 , 0 , 0 , 0 , 0 
08-Jan-2004 16:34,200103,GLASGOW,SPAIN(CANARY ISLANDS),ARRECIFE,AIR 2000,D,C, 0 , 0 , 0 , 0 , 0 , 0 , 0 , 0 , 0 , 0 , 5 , 80 , 15.8 
08-Jan-2004 16:34,200103,GLASGOW,SPAIN(CANARY ISLANDS),ARRECIFE,AIR 2000,D,S, 5 , 0 , 80 , 0 , 20 , 0 , 0 , 0 , 9.4 , 0 , 0 , 0 , 0 
08-Jan-2004 16:34,200103,GLASGOW,SPAIN(CANARY ISLANDS),ARRECIFE,BRITANNIA AIRWAYS,A,C, 4 , 0 , 75 , 25 , 0 , 0 , 0 , 0 , 7.25 , 0 , 5 , 40 , 18 
08-Jan-2004 16:34,200103,GLASGOW,SPAIN(CANARY ISLANDS),ARRECIFE,BRITANNIA AIRWAYS,D,C, 4 , 0 , 100 , 0 , 0 , 0 , 0 , 0 , 0 , 0 , 5 , 100 , 6.4 
08-Jan-2004 16:34,200103,GLASGOW,SPAIN(CANARY ISLANDS),ARRECIFE,MY TRAVEL AIRWAYS UK,A,C, 5 , 0 , 40 , 40 , 20 , 0 , 0 , 0 , 21.2 , 0 , 5 , 0 , 44.2 
08-Jan-2004 16:34,200103,GLASGOW,SPAIN(CANARY ISLANDS),ARRECIFE,MY TRAVEL AIRWAYS UK,D,C, 5 , 0 , 80 , 0 , 20 , 0 , 0 , 0 , 10.4 , 0 , 5 , 20 , 25.8 
08-Jan-2004 16:34,200103,GLASGOW,SPAIN(CANARY ISLANDS),ARRECIFE,THOMAS COOK AIRLINES LTD,A,C, 5 , 0 , 80 , 20 , 0 , 0 , 0 , 0 , 6.6 , 0 , 7 , 100 , 0.857142857142857 
08-Jan-2004 16:34,200103,GLASGOW,SPAIN(CANARY ISLANDS),ARRECIFE,THOMAS COOK AIRLINES LTD,D,C, 5 , 0 , 80 , 20 , 0 , 0 , 0 , 0 , 6.2 , 0 , 8 , 87.5 , 5.25 
08-Jan-2004 16:34,200103,GLASGOW,SPAIN(CANARY ISLANDS),FUERTEVENTURA,MY TRAVEL AIRWAYS UK,A,C, 4 , 0 , 75 , 0 , 25 , 0 , 0 , 0 , 13 , 0 , 5 , 0 , 47.2 
08-Jan-2004 16:34,200103,GLASGOW,SPAIN(CANARY ISLANDS),FUERTEVENTURA,MY TRAVEL AIRWAYS UK,D,C, 4 , 0 , 100 , 0 , 0 , 0 , 0 , 0 , 2.25 , 0 , 5 , 20 , 25.4 
08-Jan-2004 16:34,200103,GLASGOW,SPAIN(CANARY ISLANDS),LAS PALMAS,AIR 2000,A,C, 4 , 0 , 75 , 0 , 25 , 0 , 0 , 0 , 9.5 , 0 , 3 , 33.3333333333333 , 39 
08-Jan-2004 16:34,200103,GLASGOW,SPAIN(CANARY ISLANDS),LAS PALMAS,AIR 2000,D,C, 4 , 0 , 75 , 25 , 0 , 0 , 0 , 0 , 8 , 0 , 4 , 50 , 34.5 
08-Jan-2004 16:34,200103,GLASGOW,SPAIN(CANARY ISLANDS),LAS PALMAS,BRITANNIA AIRWAYS,A,C, 9 , 0 , 66.6666666666667 , 0 , 11.1111111111111 , 22.2222222222222 , 0 , 0 , 30.2222222222222 , 0 , 4 , 100 , 4.25 
08-Jan-2004 16:34,200103,GLASGOW,SPAIN(CANARY ISLANDS),LAS PALMAS,BRITANNIA AIRWAYS,D,C, 9 , 0 , 66.6666666666667 , 0 , 11.1111111111111 , 22.2222222222222 , 0 , 0 , 35.1111111111111 , 0 , 4 , 100 , 5.75 
08-Jan-2004 16:34,200103,GLASGOW,SPAIN(CANARY ISLANDS),LAS PALMAS,MY TRAVEL AIRWAYS UK,A,C, 4 , 0 , 75 , 0 , 25 , 0 , 0 , 0 , 8 , 0 , 4 , 25 , 61.25 
08-Jan-2004 16:34,200103,GLASGOW,SPAIN(CANARY ISLANDS),LAS PALMAS,MY TRAVEL AIRWAYS UK,D,C, 4 , 0 , 100 , 0 , 0 , 0 , 0 , 0 , 1 , 0 , 4 , 50 , 45.75 
08-Jan-2004 16:34,200103,GLASGOW,SPAIN(CANARY ISLANDS),LAS PALMAS,THOMAS COOK AIRLINES LTD,A,C, 4 , 0 , 50 , 25 , 25 , 0 , 0 , 0 , 15.75 , 0 , 6 , 83.3333333333333 , 8 
08-Jan-2004 16:34,200103,GLASGOW,SPAIN(CANARY ISLANDS),LAS PALMAS,THOMAS COOK AIRLINES LTD,D,C, 5 , 0 , 20 , 20 , 60 , 0 , 0 , 0 , 31.2 , 0 , 7 , 85.7142857142857 , 14 
08-Jan-2004 16:34,200103,GLASGOW,SPAIN(CANARY ISLANDS),TENERIFE (SURREINA SOFIA),AIR 2000,A,C, 0 , 0 , 0 , 0 , 0 , 0 , 0 , 0 , 0 , 0 , 9 , 55.5555555555556 , 16.5555555555556 
08-Jan-2004 16:34,200103,GLASGOW,SPAIN(CANARY ISLANDS),TENERIFE (SURREINA SOFIA),AIR 2000,A,S, 9 , 0 , 77.7777777777778 , 11.1111111111111 , 11.1111111111111 , 0 , 0 , 0 , 9.22222222222222 , 0 , 0 , 0 , 0 
08-Jan-2004 16:34,200103,GLASGOW,SPAIN(CANARY ISLANDS),TENERIFE (SURREINA SOFIA),AIR 2000,D,C, 0 , 0 , 0 , 0 , 0 , 0 , 0 , 0 , 0 , 0 , 9 , 88.8888888888889 , 7.55555555555556 
08-Jan-2004 16:34,200103,GLASGOW,SPAIN(CANARY ISLANDS),TENERIFE (SURREINA SOFIA),AIR 2000,D,S, 9 , 0 , 88.8888888888889 , 0 , 11.1111111111111 , 0 , 0 , 0 , 5.44444444444444 , 0 , 0 , 0 , 0 
08-Jan-2004 16:34,200103,GLASGOW,SPAIN(CANARY ISLANDS),TENERIFE (SURREINA SOFIA),BRITANNIA AIRWAYS,A,C, 9 , 0 , 55.5555555555556 , 22.2222222222222 , 22.2222222222222 , 0 , 0 , 0 , 13.4444444444444 , 0 , 9 , 44.4444444444444 , 181.888888888889 
08-Jan-2004 16:34,200103,GLASGOW,SPAIN(CANARY ISLANDS),TENERIFE (SURREINA SOFIA),BRITANNIA AIRWAYS,D,C, 9 , 0 , 55.5555555555556 , 33.3333333333333 , 11.1111111111111 , 0 , 0 , 0 , 14.1111111111111 , 0 , 9 , 88.8888888888889 , 174.222222222222 
08-Jan-2004 16:34,200103,GLASGOW,SPAIN(CANARY ISLANDS),TENERIFE (SURREINA SOFIA),FUTURA AIRLINES,A,C, 7 , 0 , 71.4285714285714 , 14.2857142857143 , 14.2857142857143 , 0 , 0 , 0 , 13.7142857142857 , 0 , 5 , 100 , 1.8 
08-Jan-2004 16:34,200103,GLASGOW,SPAIN(CANARY ISLANDS),TENERIFE (SURREINA SOFIA),FUTURA AIRLINES,D,C, 7 , 0 , 57.1428571428571 , 14.2857142857143 , 28.5714285714286 , 0 , 0 , 0 , 19.8571428571429 , 0 , 5 , 100 , 0.6 
08-Jan-2004 16:34,200103,GLASGOW,SPAIN(CANARY ISLANDS),TENERIFE (SURREINA SOFIA),IBERWORLD,A,C, 0 , 0 , 0 , 0 , 0 , 0 , 0 , 0 , 0 , 0 , 4 , 25 , 16 
08-Jan-2004 16:34,200103,GLASGOW,SPAIN(CANARY ISLANDS),TENERIFE (SURREINA SOFIA),IBERWORLD,D,C, 0 , 0 , 0 , 0 , 0 , 0 , 0 , 0 , 0 , 0 , 5 , 40 , 28.8 
08-Jan-2004 16:34,200103,GLASGOW,SPAIN(CANARY ISLANDS),TENERIFE (SURREINA SOFIA),MY TRAVEL AIRWAYS UK,A,C, 9 , 0 , 66.6666666666667 , 11.1111111111111 , 11.1111111111111 , 11.1111111111111 , 0 , 0 , 17 , 0 , 4 , 0 , 71.75 
08-Jan-2004 16:34,200103,GLASGOW,SPAIN(CANARY ISLANDS),TENERIFE (SURREINA SOFIA),MY TRAVEL AIRWAYS UK,D,C, 9 , 0 , 66.6666666666667 , 11.1111111111111 , 11.1111111111111 , 11.1111111111111 , 0 , 0 , 17.6666666666667 , 0 , 9 , 55.5555555555556 , 31.4444444444444 
08-Jan-2004 16:34,200103,GLASGOW,SPAIN(CANARY ISLANDS),TENERIFE (SURREINA SOFIA),SPANAIR,A,C, 5 , 0 , 100 , 0 , 0 , 0 , 0 , 0 , 3 , 0 , 5 , 100 , 7 
08-Jan-2004 16:34,200103,GLASGOW,SPAIN(CANARY ISLANDS),TENERIFE (SURREINA SOFIA),SPANAIR,D,C, 5 , 0 , 100 , 0 , 0 , 0 , 0 , 0 , 6.8 , 0 , 5 , 60 , 18.6 
08-Jan-2004 16:34,200103,GLASGOW,SPAIN(CANARY ISLANDS),TENERIFE (SURREINA SOFIA),THOMAS COOK AIRLINES LTD,A,C, 9 , 0 , 88.8888888888889 , 11.1111111111111 , 0 , 0 , 0 , 0 , 3.22222222222222 , 0 , 9 , 88.8888888888889 , 5.55555555555556 
08-Jan-2004 16:34,200103,GLASGOW,SPAIN(CANARY ISLANDS),TENERIFE (SURREINA SOFIA),THOMAS COOK AIRLINES LTD,D,C, 9 , 0 , 100 , 0 , 0 , 0 , 0 , 0 , 2.88888888888889 , 0 , 10 , 100 , 1.9 
08-Jan-2004 16:34,200103,GLASGOW,SWITZERLAND,GENEVA,AIR 2000,A,C, 0 , 0 , 0 , 0 , 0 , 0 , 0 , 0 , 0 , 0 , 3 , 0 , 22.3333333333333 
08-Jan-2004 16:34,200103,GLASGOW,SWITZERLAND,GENEVA,AIR 2000,D,C, 0 , 0 , 0 , 0 , 0 , 0 , 0 , 0 , 0 , 0 , 4 , 50 , 74.5 
08-Jan-2004 16:34,200103,GLASGOW,SWITZERLAND,GENEVA,BRITANNIA AIRWAYS,A,C, 5 , 0 , 0 , 0 , 40 , 60 , 0 , 0 , 60 , 0 , 4 , 0 , 58.5 
08-Jan-2004 16:34,200103,GLASGOW,SWITZERLAND,GENEVA,BRITANNIA AIRWAYS,D,C, 5 , 0 , 20 , 40 , 20 , 20 , 0 , 0 , 31.8 , 0 , 4 , 0 , 49 
08-Jan-2004 16:34,200103,GLASGOW,SWITZERLAND,GENEVA,BRITISH AIRWAYS PLC,A,C, 10 , 0 , 40 , 10 , 50 , 0 , 0 , 0 , 26.1 , 0 , 4 , 25 , 39.75 
08-Jan-2004 16:34,200103,GLASGOW,SWITZERLAND,GENEVA,BRITISH AIRWAYS PLC,D,C, 10 , 0 , 0 , 20 , 70 , 10 , 0 , 0 , 40.8 , 0 , 4 , 0 , 24.25 
08-Jan-2004 16:34,200103,GLASGOW,TUNISIA,MONASTIR,NOUVELAIR TUNISIE,A,C, 5 , 0 , 20 , 20 , 40 , 20 , 0 , 0 , 39.2 , 0 , 8 , 87.5 , 9.125 
08-Jan-2004 16:34,200103,GLASGOW,TUNISIA,MONASTIR,NOUVELAIR TUNISIE,D,C, 4 , 0 , 25 , 0 , 50 , 25 , 0 , 0 , 42.25 , 0 , 8 , 75 , 13.25 
08-Jan-2004 16:34,200103,GLASGOW,UNITED KINGDOM,ABERDEEN,BRITISH AIRWAYS (EURO OPS) LGW,D,S, 0 , 1 , 0 , 0 , 0 , 0 , 0 , 0 , 0 , 0 , 0 , 0 , 0 
08-Jan-2004 16:34,200103,GLASGOW,UNITED KINGDOM,ABERDEEN,BRITISH WORLD AIRLINES LTD,A,C, 0 , 0 , 0 , 0 , 0 , 0 , 0 , 0 , 0 , 0 , 1 , 100 , 7 
08-Jan-2004 16:34,200103,GLASGOW,UNITED KINGDOM,ABERDEEN,BRITISH WORLD AIRLINES LTD,D,C, 0 , 0 , 0 , 0 , 0 , 0 , 0 , 0 , 0 , 0 , 1 , 100 , 0 
08-Jan-2004 16:34,200103,GLASGOW,UNITED KINGDOM,BARRA,LOGANAIR,A,S, 22 , 4 , 81.8181818181818 , 4.54545454545455 , 0 , 13.6363636363636 , 0 , 0 , 14.8636363636364 , 0 , 24 , 95.8333333333333 , 2.95833333333333 
08-Jan-2004 16:34,200103,GLASGOW,UNITED KINGDOM,BARRA,LOGANAIR,D,S, 23 , 4 , 91.304347826087 , 0 , 0 , 8.69565217391304 , 0 , 0 , 13.0434782608696 , 0 , 26 , 96.1538461538462 , 2.65384615384615 
08-Jan-2004 16:34,200103,GLASGOW,UNITED KINGDOM,BELFAST CITY,BRITISH REGIONAL AIRLINES LTD,A,S, 109 , 0 , 83.4862385321101 , 8.25688073394496 , 4.58715596330275 , 3.6697247706422 , 0 , 0 , 9.15596330275229 , 0 , 105 , 94.2857142857143 , 4.55238095238095 
08-Jan-2004 16:34,200103,GLASGOW,UNITED KINGDOM,BELFAST CITY,BRITISH REGIONAL AIRLINES LTD,D,S, 109 , 0 , 82.5688073394495 , 10.0917431192661 , 3.6697247706422 , 3.6697247706422 , 0 , 0 , 11 , 0 , 105 , 96.1904761904762 , 2.78095238095238 
08-Jan-2004 16:34,200103,GLASGOW,UNITED KINGDOM,BELFAST INTERNATIONAL,AIR 2000,A,C, 1 , 0 , 100 , 0 , 0 , 0 , 0 , 0 , 0 , 0 , 0 , 0 , 0 
08-Jan-2004 16:34,200103,GLASGOW,UNITED KINGDOM,BELFAST INTERNATIONAL,BRITISH REGIONAL AIRLINES LTD,A,S, 61 , 1 , 83.6065573770492 , 6.55737704918033 , 4.91803278688525 , 4.91803278688525 , 0 , 0 , 8.98360655737705 , 0 , 90 , 94.4444444444444 , 3.06666666666667 
08-Jan-2004 16:34,200103,GLASGOW,UNITED KINGDOM,BELFAST INTERNATIONAL,BRITISH REGIONAL AIRLINES LTD,D,S, 62 , 0 , 88.7096774193548 , 3.2258064516129 , 3.2258064516129 , 3.2258064516129 , 1.61290322580645 , 0 , 12.0161290322581 , 0 , 90 , 92.2222222222222 , 5.35555555555556 
08-Jan-2004 16:34,200103,GLASGOW,UNITED KINGDOM,BELFAST INTERNATIONAL,BRITISH WORLD AIRLINES LTD,A,C, 0 , 0 , 0 , 0 , 0 , 0 , 0 , 0 , 0 , 0 , 2 , 50 , 13.5 
08-Jan-2004 16:34,200103,GLASGOW,UNITED KINGDOM,BELFAST INTERNATIONAL,BRITISH WORLD AIRLINES LTD,D,C, 0 , 0 , 0 , 0 , 0 , 0 , 0 , 0 , 0 , 0 , 2 , 50 , 10 
08-Jan-2004 16:34,200103,GLASGOW,UNITED KINGDOM,BENBECULA,BRITISH REGIONAL AIRLINES LTD,A,S, 27 , 0 , 96.2962962962963 , 0 , 0 , 3.7037037037037 , 0 , 0 , 3.37037037037037 , 0 , 27 , 100 , 0.592592592592593 
08-Jan-2004 16:34,200103,GLASGOW,UNITED KINGDOM,BENBECULA,BRITISH REGIONAL AIRLINES LTD,D,S, 27 , 0 , 92.5925925925926 , 0 , 3.7037037037037 , 3.7037037037037 , 0 , 0 , 7.07407407407407 , 0 , 27 , 92.5925925925926 , 3.51851851851852 
08-Jan-2004 16:34,200103,GLASGOW,UNITED KINGDOM,BIRMINGHAM,BRITISH AIRWAYS PLC,A,S, 107 , 0 , 86.9158878504673 , 8.41121495327103 , 0.934579439252336 , 2.80373831775701 , 0.934579439252336 , 0 , 9.85046728971963 , 5 , 130 , 77.6923076923077 , 9.3 
08-Jan-2004 16:34,200103,GLASGOW,UNITED KINGDOM,BIRMINGHAM,BRITISH AIRWAYS PLC,D,S, 122 , 0 , 84.4262295081967 , 7.37704918032787 , 4.91803278688525 , 2.45901639344262 , 0.819672131147541 , 0 , 10.7786885245902 , 3 , 142 , 90.8450704225352 , 5.66901408450704 
08-Jan-2004 16:34,200103,GLASGOW,UNITED KINGDOM,BIRMINGHAM,FLYBE.BRITISH EUROPEAN,A,S, 121 , 4 , 83.4710743801653 , 8.26446280991736 , 4.95867768595041 , 3.30578512396694 , 0 , 0 , 10.4297520661157 , 5 , 52 , 78.8461538461539 , 15.5192307692308 
08-Jan-2004 16:34,200103,GLASGOW,UNITED KINGDOM,BIRMINGHAM,FLYBE.BRITISH EUROPEAN,D,S, 122 , 0 , 81.1475409836066 , 9.83606557377049 , 4.91803278688525 , 4.09836065573771 , 0 , 0 , 9.50819672131148 , 5 , 49 , 71.4285714285714 , 15.3061224489796 
08-Jan-2004 16:34,200103,GLASGOW,UNITED KINGDOM,BOURNEMOUTH,GILL AIRWAYS,A,S, 0 , 0 , 0 , 0 , 0 , 0 , 0 , 0 , 0 , 0 , 24 , 79.1666666666667 , 10.1666666666667 
08-Jan-2004 16:34,200103,GLASGOW,UNITED KINGDOM,BOURNEMOUTH,GILL AIRWAYS,D,S, 0 , 0 , 0 , 0 , 0 , 0 , 0 , 0 , 0 , 0 , 18 , 72.2222222222222 , 11.5555555555556 
08-Jan-2004 16:34,200103,GLASGOW,UNITED KINGDOM,BRISTOL,BRITISH AIRWAYS CITIEXPRESS LTD,A,S, 137 , 3 , 50.3649635036496 , 14.5985401459854 , 15.3284671532847 , 18.978102189781 , 0.72992700729927 , 0 , 31.0948905109489 , 0 , 129 , 59.6899224806202 , 21.2248062015504 
08-Jan-2004 16:34,200103,GLASGOW,UNITED KINGDOM,BRISTOL,BRITISH AIRWAYS CITIEXPRESS LTD,D,S, 133 , 2 , 60.9022556390977 , 10.5263157894737 , 10.5263157894737 , 17.2932330827068 , 0.75187969924812 , 0 , 25.5864661654135 , 0 , 127 , 64.5669291338583 , 20.4724409448819 
08-Jan-2004 16:34,200103,GLASGOW,UNITED KINGDOM,CAMPBELTOWN,LOGANAIR,A,S, 41 , 0 , 85.3658536585366 , 4.8780487804878 , 4.8780487804878 , 4.8780487804878 , 0 , 0 , 11.1219512195122 , 0 , 42 , 97.6190476190476 , 1.47619047619048 
08-Jan-2004 16:34,200103,GLASGOW,UNITED KINGDOM,CAMPBELTOWN,LOGANAIR,D,S, 39 , 0 , 89.7435897435898 , 5.12820512820513 , 2.56410256410256 , 2.56410256410256 , 0 , 0 , 8.58974358974359 , 0 , 43 , 93.0232558139535 , 1.93023255813953 
08-Jan-2004 16:34,200103,GLASGOW,UNITED KINGDOM,CARDIFF WALES,BRITISH REGIONAL AIRLINES LTD,A,S, 68 , 1 , 85.2941176470588 , 8.82352941176471 , 5.88235294117647 , 0 , 0 , 0 , 7.22058823529412 , 0 , 72 , 63.8888888888889 , 14.6388888888889 
08-Jan-2004 16:34,200103,GLASGOW,UNITED KINGDOM,CARDIFF WALES,BRITISH REGIONAL AIRLINES LTD,D,S, 68 , 1 , 77.9411764705882 , 11.7647058823529 , 10.2941176470588 , 0 , 0 , 0 , 9.97058823529412 , 0 , 72 , 70.8333333333333 , 11.6111111111111 
08-Jan-2004 16:34,200103,GLASGOW,UNITED KINGDOM,DUNDEE,SCOT AIRWAYS,D,S, 0 , 1 , 0 , 0 , 0 , 0 , 0 , 0 , 0 , 0 , 0 , 0 , 0 
08-Jan-2004 16:34,200103,GLASGOW,UNITED KINGDOM,EAST MIDLANDS,BMI BRITISH MIDLAND,A,S, 95 , 0 , 77.8947368421053 , 7.36842105263158 , 11.5789473684211 , 3.15789473684211 , 0 , 0 , 12.6315789473684 , 2 , 93 , 89.247311827957 , 6.87096774193548 
08-Jan-2004 16:34,200103,GLASGOW,UNITED KINGDOM,EAST MIDLANDS,BMI BRITISH MIDLAND,D,S, 94 , 0 , 78.7234042553192 , 7.4468085106383 , 7.4468085106383 , 6.38297872340426 , 0 , 0 , 12.563829787234 , 4 , 96 , 87.5 , 6.45833333333333 
08-Jan-2004 16:34,200103,GLASGOW,UNITED KINGDOM,EDINBURGH,AIR FRANCE,D,S, 0 , 1 , 0 , 0 , 0 , 0 , 0 , 0 , 0 , 0 , 0 , 0 , 0 
08-Jan-2004 16:34,200103,GLASGOW,UNITED KINGDOM,EDINBURGH,BMI BRITISH MIDLAND,D,S, 0 , 1 , 0 , 0 , 0 , 0 , 0 , 0 , 0 , 0 , 0 , 0 , 0 
08-Jan-2004 16:34,200103,GLASGOW,UNITED KINGDOM,EDINBURGH,BRITISH AIRWAYS (EURO OPS) LGW,D,S, 0 , 3 , 0 , 0 , 0 , 0 , 0 , 0 , 0 , 0 , 0 , 0 , 0 
08-Jan-2004 16:34,200103,GLASGOW,UNITED KINGDOM,EDINBURGH,BRITISH AIRWAYS CITIEXPRESS LTD,A,S, 0 , 1 , 0 , 0 , 0 , 0 , 0 , 0 , 0 , 0 , 0 , 0 , 0 
08-Jan-2004 16:34,200103,GLASGOW,UNITED KINGDOM,EDINBURGH,BRITISH AIRWAYS PLC,D,S, 0 , 3 , 0 , 0 , 0 , 0 , 0 , 0 , 0 , 0 , 0 , 0 , 0 
08-Jan-2004 16:34,200103,GLASGOW,UNITED KINGDOM,EDINBURGH,BRITISH REGIONAL AIRLINES LTD,A,S, 0 , 2 , 0 , 0 , 0 , 0 , 0 , 0 , 0 , 0 , 0 , 0 , 0 
08-Jan-2004 16:34,200103,GLASGOW,UNITED KINGDOM,EDINBURGH,BRITISH REGIONAL AIRLINES LTD,D,S, 0 , 2 , 0 , 0 , 0 , 0 , 0 , 0 , 0 , 0 , 0 , 0 , 0 
08-Jan-2004 16:34,200103,GLASGOW,UNITED KINGDOM,EDINBURGH,GILL AIRWAYS,A,S, 0 , 0 , 0 , 0 , 0 , 0 , 0 , 0 , 0 , 0 , 9 , 100 , 8.33333333333333 
08-Jan-2004 16:34,200103,GLASGOW,UNITED KINGDOM,EDINBURGH,GILL AIRWAYS,D,S, 0 , 0 , 0 , 0 , 0 , 0 , 0 , 0 , 0 , 0 , 16 , 93.75 , 4.625 
08-Jan-2004 16:34,200103,GLASGOW,UNITED KINGDOM,EDINBURGH,GO FLY LTD,A,S, 0 , 1 , 0 , 0 , 0 , 0 , 0 , 0 , 0 , 0 , 0 , 0 , 0 
08-Jan-2004 16:34,200103,GLASGOW,UNITED KINGDOM,GATWICK,BMI BRITISH MIDLAND,A,C, 0 , 1 , 0 , 0 , 0 , 0 , 0 , 0 , 0 , 0 , 0 , 0 , 0 
08-Jan-2004 16:34,200103,GLASGOW,UNITED KINGDOM,GATWICK,BRITISH AIRWAYS (EURO OPS) LGW,A,S, 165 , 3 , 83.030303030303 , 6.66666666666667 , 5.45454545454546 , 3.03030303030303 , 1.81818181818182 , 0 , 12.6060606060606 , 0 , 173 , 84.971098265896 , 7.38150289017341 
08-Jan-2004 16:34,200103,GLASGOW,UNITED KINGDOM,GATWICK,BRITISH AIRWAYS (EURO OPS) LGW,D,S, 164 , 1 , 81.7073170731707 , 8.53658536585366 , 4.8780487804878 , 4.26829268292683 , 0.609756097560976 , 0 , 11.6890243902439 , 0 , 173 , 88.4393063583815 , 5.72832369942197 
08-Jan-2004 16:34,200103,GLASGOW,UNITED KINGDOM,GATWICK,MY TRAVEL AIRWAYS UK,A,C, 4 , 0 , 25 , 50 , 0 , 0 , 25 , 0 , 67 , 0 , 5 , 20 , 140.2 
08-Jan-2004 16:34,200103,GLASGOW,UNITED KINGDOM,GATWICK,MY TRAVEL AIRWAYS UK,D,C, 2 , 0 , 50 , 0 , 0 , 50 , 0 , 0 , 73.5 , 0 , 0 , 0 , 0 
08-Jan-2004 16:34,200103,GLASGOW,UNITED KINGDOM,HEATHROW,AIR CANADA,D,S, 0 , 0 , 0 , 0 , 0 , 0 , 0 , 0 , 0 , 0 , 1 , 0 , 19 
08-Jan-2004 16:34,200103,GLASGOW,UNITED KINGDOM,HEATHROW,BMI BRITISH MIDLAND,A,S, 238 , 1 , 65.9663865546218 , 22.6890756302521 , 7.98319327731092 , 3.36134453781513 , 0 , 0 , 14.3949579831933 , 1 , 235 , 60.4255319148936 , 17.2212765957447 
08-Jan-2004 16:34,200103,GLASGOW,UNITED KINGDOM,HEATHROW,BMI BRITISH MIDLAND,D,S, 235 , 0 , 77.8723404255319 , 13.1914893617021 , 6.38297872340426 , 2.5531914893617 , 0 , 0 , 10.936170212766 , 3 , 235 , 62.5531914893617 , 17.8085106382979 
08-Jan-2004 16:34,200103,GLASGOW,UNITED KINGDOM,HEATHROW,BRITISH AIRWAYS PLC,A,S, 333 , 3 , 78.0780780780781 , 10.5105105105105 , 6.60660660660661 , 4.8048048048048 , 0 , 0 , 12.6546546546547 , 0 , 330 , 84.5454545454545 , 7.89090909090909 
08-Jan-2004 16:34,200103,GLASGOW,UNITED KINGDOM,HEATHROW,BRITISH AIRWAYS PLC,D,S, 333 , 0 , 84.0840840840841 , 7.80780780780781 , 5.10510510510511 , 3.003003003003 , 0 , 0 , 8.19219219219219 , 1 , 328 , 84.7560975609756 , 8.32317073170732 
08-Jan-2004 16:34,200103,GLASGOW,UNITED KINGDOM,INVERNESS,LOGANAIR,A,S, 33 , 0 , 87.8787878787879 , 3.03030303030303 , 9.09090909090909 , 0 , 0 , 0 , 7.18181818181818 , 0 , 40 , 97.5 , 4.2 
08-Jan-2004 16:34,200103,GLASGOW,UNITED KINGDOM,INVERNESS,LOGANAIR,D,S, 39 , 0 , 58.974358974359 , 28.2051282051282 , 10.2564102564103 , 2.56410256410256 , 0 , 0 , 15.5641025641026 , 0 , 37 , 86.4864864864865 , 4.86486486486486 
08-Jan-2004 16:34,200103,GLASGOW,UNITED KINGDOM,ISLAY,LOGANAIR,A,S, 46 , 0 , 78.2608695652174 , 10.8695652173913 , 8.69565217391304 , 2.17391304347826 , 0 , 0 , 12.5 , 0 , 45 , 86.6666666666667 , 6.28888888888889 
08-Jan-2004 16:34,200103,GLASGOW,UNITED KINGDOM,ISLAY,LOGANAIR,D,S, 47 , 0 , 68.0851063829787 , 19.1489361702128 , 8.51063829787234 , 4.25531914893617 , 0 , 0 , 15.4468085106383 , 0 , 45 , 93.3333333333333 , 6.26666666666667 
08-Jan-2004 16:34,200103,GLASGOW,UNITED KINGDOM,ISLE OF MAN,BA CITIEXPRESS (IOM) LTD,A,S, 43 , 0 , 83.7209302325581 , 11.6279069767442 , 2.32558139534884 , 2.32558139534884 , 0 , 0 , 6.37209302325581 , 1 , 39 , 84.6153846153846 , 9.17948717948718 
08-Jan-2004 16:34,200103,GLASGOW,UNITED KINGDOM,ISLE OF MAN,BA CITIEXPRESS (IOM) LTD,D,S, 44 , 0 , 79.5454545454545 , 13.6363636363636 , 4.54545454545455 , 2.27272727272727 , 0 , 0 , 8.93181818181818 , 0 , 40 , 97.5 , 3.2 
08-Jan-2004 16:34,200103,GLASGOW,UNITED KINGDOM,JERSEY,BMI BRITISH MIDLAND,A,S, 0 , 1 , 0 , 0 , 0 , 0 , 0 , 0 , 0 , 0 , 0 , 0 , 0 
08-Jan-2004 16:34,200103,GLASGOW,UNITED KINGDOM,JERSEY,BMI BRITISH MIDLAND,D,S, 0 , 1 , 0 , 0 , 0 , 0 , 0 , 0 , 0 , 0 , 0 , 0 , 0 
08-Jan-2004 16:34,200103,GLASGOW,UNITED KINGDOM,KIRKWALL,LOGANAIR,A,S, 27 , 0 , 81.4814814814815 , 7.40740740740741 , 3.7037037037037 , 7.40740740740741 , 0 , 0 , 9.51851851851852 , 0 , 0 , 0 , 0 
08-Jan-2004 16:34,200103,GLASGOW,UNITED KINGDOM,LEEDS BRADFORD,BMI REGIONAL,A,S, 63 , 1 , 88.8888888888889 , 3.17460317460317 , 4.76190476190476 , 3.17460317460317 , 0 , 0 , 11.1111111111111 , 0 , 71 , 81.6901408450704 , 9.87323943661972 
08-Jan-2004 16:34,200103,GLASGOW,UNITED KINGDOM,LEEDS BRADFORD,BMI REGIONAL,D,S, 64 , 1 , 81.25 , 7.8125 , 6.25 , 4.6875 , 0 , 0 , 13.4375 , 0 , 70 , 87.1428571428571 , 6.64285714285714 
08-Jan-2004 16:34,200103,GLASGOW,UNITED KINGDOM,LONDON CITY,SCOT AIRWAYS,A,S, 130 , 1 , 52.3076923076923 , 20.7692307692308 , 15.3846153846154 , 11.5384615384615 , 0 , 0 , 24.8538461538462 , 5 , 95 , 53.6842105263158 , 14.9157894736842 
08-Jan-2004 16:34,200103,GLASGOW,UNITED KINGDOM,LONDON CITY,SCOT AIRWAYS,D,S, 123 , 0 , 78.0487804878049 , 12.1951219512195 , 4.0650406504065 , 5.69105691056911 , 0 , 0 , 12.9430894308943 , 13 , 95 , 85.2631578947368 , 5.33684210526316 
08-Jan-2004 16:34,200103,GLASGOW,UNITED KINGDOM,LONDONDERRY,LOGANAIR,A,S, 58 , 1 , 91.3793103448276 , 1.72413793103448 , 1.72413793103448 , 3.44827586206897 , 1.72413793103448 , 0 , 11.1724137931034 , 0 , 28 , 92.8571428571429 , 4.17857142857143 
08-Jan-2004 16:34,200103,GLASGOW,UNITED KINGDOM,LONDONDERRY,LOGANAIR,D,S, 56 , 2 , 73.2142857142857 , 12.5 , 5.35714285714286 , 3.57142857142857 , 5.35714285714286 , 0 , 25.2321428571429 , 0 , 28 , 82.1428571428572 , 7.96428571428571 
08-Jan-2004 16:34,200103,GLASGOW,UNITED KINGDOM,LUTON,EASYJET AIRLINE COMPANY LTD,A,S, 190 , 1 , 62.1052631578947 , 10 , 14.2105263157895 , 11.0526315789474 , 2.63157894736842 , 0 , 27.9894736842105 , 4 , 158 , 75.3164556962025 , 14.2911392405063 
08-Jan-2004 16:34,200103,GLASGOW,UNITED KINGDOM,LUTON,EASYJET AIRLINE COMPANY LTD,D,S, 191 , 1 , 60.7329842931937 , 11.5183246073298 , 12.0418848167539 , 13.0890052356021 , 2.61780104712042 , 0 , 31.0261780104712 , 3 , 158 , 71.5189873417722 , 17.3291139240506 
08-Jan-2004 16:34,200103,GLASGOW,UNITED KINGDOM,MANCHESTER,BMI REGIONAL,A,S, 97 , 2 , 92.7835051546392 , 5.15463917525773 , 1.03092783505155 , 0 , 1.03092783505155 , 0 , 5.28865979381443 , 0 , 96 , 84.375 , 7.86458333333333 
08-Jan-2004 16:34,200103,GLASGOW,UNITED KINGDOM,MANCHESTER,BMI REGIONAL,D,S, 97 , 2 , 87.6288659793814 , 10.3092783505155 , 1.03092783505155 , 1.03092783505155 , 0 , 0 , 6.60824742268041 , 0 , 95 , 88.4210526315789 , 5.92631578947368 
08-Jan-2004 16:34,200103,GLASGOW,UNITED KINGDOM,MANCHESTER,BRITISH AIRWAYS CITIEXPRESS LTD,A,S, 121 , 2 , 51.2396694214876 , 21.4876033057851 , 13.2231404958678 , 14.0495867768595 , 0 , 0 , 26.2148760330579 , 0 , 97 , 64.9484536082474 , 14.8041237113402 
08-Jan-2004 16:34,200103,GLASGOW,UNITED KINGDOM,MANCHESTER,BRITISH AIRWAYS CITIEXPRESS LTD,D,S, 110 , 0 , 71.8181818181818 , 12.7272727272727 , 8.18181818181818 , 7.27272727272727 , 0 , 0 , 14.9454545454545 , 0 , 99 , 89.8989898989899 , 6.04040404040404 
08-Jan-2004 16:34,200103,GLASGOW,UNITED KINGDOM,MANCHESTER,BRITISH AIRWAYS PLC,A,S, 0 , 0 , 0 , 0 , 0 , 0 , 0 , 0 , 0 , 2 , 33 , 60.6060606060606 , 104.939393939394 
08-Jan-2004 16:34,200103,GLASGOW,UNITED KINGDOM,MANCHESTER,BRITISH AIRWAYS PLC,D,S, 0 , 0 , 0 , 0 , 0 , 0 , 0 , 0 , 0 , 3 , 33 , 87.8787878787879 , 7.93939393939394 
08-Jan-2004 16:34,200103,GLASGOW,UNITED KINGDOM,NEWCASTLE,AIR 2000,D,C, 1 , 0 , 100 , 0 , 0 , 0 , 0 , 0 , 0 , 0 , 0 , 0 , 0 
08-Jan-2004 16:34,200103,GLASGOW,UNITED KINGDOM,NEWCASTLE,SATA,D,C, 1 , 0 , 100 , 0 , 0 , 0 , 0 , 0 , 2 , 0 , 0 , 0 , 0 
08-Jan-2004 16:34,200103,GLASGOW,UNITED KINGDOM,NORWICH,EASTERN AIRWAYS,A,S, 0 , 1 , 0 , 0 , 0 , 0 , 0 , 0 , 0 , 0 , 45 , 51.1111111111111 , 24.5555555555556 
08-Jan-2004 16:34,200103,GLASGOW,UNITED KINGDOM,NORWICH,EASTERN AIRWAYS,D,S, 0 , 1 , 0 , 0 , 0 , 0 , 0 , 0 , 0 , 0 , 44 , 70.4545454545455 , 20.0454545454545 
08-Jan-2004 16:34,200103,GLASGOW,UNITED KINGDOM,PLYMOUTH,BRITISH AIRWAYS CITIEXPRESS LTD,A,S, 3 , 0 , 33.3333333333333 , 0 , 0 , 66.6666666666667 , 0 , 0 , 50.3333333333333 , 0 , 24 , 33.3333333333333 , 30.4166666666667 
08-Jan-2004 16:34,200103,GLASGOW,UNITED KINGDOM,PLYMOUTH,BRITISH AIRWAYS CITIEXPRESS LTD,D,S, 9 , 0 , 66.6666666666667 , 11.1111111111111 , 22.2222222222222 , 0 , 0 , 0 , 15.5555555555556 , 0 , 25 , 72 , 11.96 
08-Jan-2004 16:34,200103,GLASGOW,UNITED KINGDOM,SOUTHAMPTON,BRITISH REGIONAL AIRLINES LTD,A,S, 99 , 1 , 84.8484848484849 , 6.06060606060606 , 7.07070707070707 , 2.02020202020202 , 0 , 0 , 9.1010101010101 , 0 , 101 , 78.2178217821782 , 10.6633663366337 
08-Jan-2004 16:34,200103,GLASGOW,UNITED KINGDOM,SOUTHAMPTON,BRITISH REGIONAL AIRLINES LTD,D,S, 80 , 0 , 85 , 7.5 , 5 , 2.5 , 0 , 0 , 7.375 , 0 , 83 , 84.3373493975904 , 7.37349397590361 
08-Jan-2004 16:34,200103,GLASGOW,UNITED KINGDOM,STANSTED,GO FLY LTD,A,S, 118 , 2 , 80.5084745762712 , 9.32203389830508 , 5.93220338983051 , 4.23728813559322 , 0 , 0 , 10.271186440678 , 3 , 0 , 0 , 0 
08-Jan-2004 16:34,200103,GLASGOW,UNITED KINGDOM,STANSTED,GO FLY LTD,D,S, 118 , 1 , 85.593220338983 , 10.1694915254237 , 4.23728813559322 , 0 , 0 , 0 , 7.06779661016949 , 3 , 0 , 0 , 0 
08-Jan-2004 16:34,200103,GLASGOW,UNITED KINGDOM,STANSTED,KLM UK LTD,A,S, 0 , 0 , 0 , 0 , 0 , 0 , 0 , 0 , 0 , 0 , 84 , 83.3333333333333 , 7.04761904761905 
08-Jan-2004 16:34,200103,GLASGOW,UNITED KINGDOM,STANSTED,KLM UK LTD,D,S, 0 , 0 , 0 , 0 , 0 , 0 , 0 , 0 , 0 , 0 , 86 , 88.3720930232558 , 6.75581395348837 
08-Jan-2004 16:34,200103,GLASGOW,UNITED KINGDOM,STANSTED,RYANAIR,A,S, 0 , 1 , 0 , 0 , 0 , 0 , 0 , 0 , 0 , 0 , 0 , 0 , 0 
08-Jan-2004 16:34,200103,GLASGOW,UNITED KINGDOM,STANSTED,RYANAIR,D,S, 0 , 1 , 0 , 0 , 0 , 0 , 0 , 0 , 0 , 0 , 0 , 0 , 0 
08-Jan-2004 16:34,200103,GLASGOW,UNITED KINGDOM,STORNOWAY,BRITISH REGIONAL AIRLINES LTD,A,S, 49 , 0 , 75.5102040816327 , 10.2040816326531 , 6.12244897959184 , 8.16326530612245 , 0 , 0 , 15.7755102040816 , 0 , 50 , 84 , 5.48 
08-Jan-2004 16:34,200103,GLASGOW,UNITED KINGDOM,STORNOWAY,BRITISH REGIONAL AIRLINES LTD,D,S, 49 , 0 , 73.469387755102 , 8.16326530612245 , 6.12244897959184 , 12.2448979591837 , 0 , 0 , 17.9795918367347 , 0 , 50 , 84 , 7.72 
08-Jan-2004 16:34,200103,GLASGOW,UNITED KINGDOM,SUMBURGH,BRITISH REGIONAL AIRLINES LTD,A,S, 26 , 1 , 76.9230769230769 , 3.84615384615385 , 11.5384615384615 , 0 , 7.69230769230769 , 0 , 23.5769230769231 , 0 , 26 , 84.6153846153846 , 7.92307692307692 
08-Jan-2004 16:34,200103,GLASGOW,UNITED KINGDOM,SUMBURGH,BRITISH REGIONAL AIRLINES LTD,D,S, 26 , 0 , 80.7692307692308 , 7.69230769230769 , 11.5384615384615 , 0 , 0 , 0 , 7.30769230769231 , 0 , 27 , 88.8888888888889 , 4.88888888888889 
08-Jan-2004 16:34,200103,GLASGOW,UNITED KINGDOM,SUMBURGH,LOGANAIR,A,S, 0 , 0 , 0 , 0 , 0 , 0 , 0 , 0 , 0 , 0 , 26 , 92.3076923076923 , 4.19230769230769 
08-Jan-2004 16:34,200103,GLASGOW,UNITED KINGDOM,SUMBURGH,LOGANAIR,D,S, 27 , 0 , 70.3703703703704 , 22.2222222222222 , 3.7037037037037 , 3.7037037037037 , 0 , 0 , 15.962962962963 , 0 , 27 , 85.1851851851852 , 7.7037037037037 
08-Jan-2004 16:34,200103,GLASGOW,UNITED KINGDOM,TIREE,LOGANAIR,A,S, 22 , 4 , 81.8181818181818 , 0 , 9.09090909090909 , 9.09090909090909 , 0 , 0 , 12.6363636363636 , 0 , 26 , 73.0769230769231 , 28.2692307692308 
08-Jan-2004 16:34,200103,GLASGOW,UNITED KINGDOM,TIREE,LOGANAIR,D,S, 23 , 4 , 86.9565217391304 , 0 , 8.69565217391304 , 4.34782608695652 , 0 , 0 , 9.82608695652174 , 0 , 27 , 77.7777777777778 , 27.1851851851852 
08-Jan-2004 16:34,200103,GLASGOW,USA,NEW YORK (NEWARK),CONTINENTAL AIRLINES,A,S, 31 , 0 , 74.1935483870968 , 6.45161290322581 , 9.67741935483871 , 6.45161290322581 , 0 , 3.2258064516129 , 28.3548387096774 , 0 , 30 , 73.3333333333333 , 15.9333333333333 
08-Jan-2004 16:34,200103,GLASGOW,USA,NEW YORK (NEWARK),CONTINENTAL AIRLINES,D,S, 30 , 1 , 80 , 6.66666666666667 , 0 , 10 , 3.33333333333333 , 0 , 26.5666666666667 , 1 , 30 , 90 , 4.96666666666667 
08-Jan-2004 16:34,200103,GLASGOW,USA,ORLANDO,BRITANNIA AIRWAYS,A,C, 3 , 0 , 33.3333333333333 , 66.6666666666667 , 0 , 0 , 0 , 0 , 17.3333333333333 , 0 , 0 , 0 , 0 
08-Jan-2004 16:34,200103,GLASGOW,USA,ORLANDO,BRITANNIA AIRWAYS,D,C, 2 , 0 , 100 , 0 , 0 , 0 , 0 , 0 , 3.5 , 0 , 0 , 0 , 0 
08-Jan-2004 16:34,200103,GLASGOW,USA,SANFORD,AIR 2000,D,C, 0 , 0 , 0 , 0 , 0 , 0 , 0 , 0 , 0 , 0 , 1 , 0 , 44 
08-Jan-2004 16:34,200103,GLASGOW,USA,SANFORD,MY TRAVEL AIRWAYS UK,A,C, 5 , 0 , 40 , 20 , 20 , 20 , 0 , 0 , 49.6 , 0 , 0 , 0 , 0 
08-Jan-2004 16:34,200103,GLASGOW,USA,SANFORD,MY TRAVEL AIRWAYS UK,D,C, 6 , 0 , 33.3333333333333 , 50 , 0 , 0 , 16.6666666666667 , 0 , 46.6666666666667 , 0 , 5 , 20 , 160.2 
08-Jan-2004 16:34,200103,HEATHROW,ALGERIA,ALGIERS,AIR ALGERIE,A,S, 13 , 0 , 38.4615384615385 , 30.7692307692308 , 15.3846153846154 , 15.3846153846154 , 0 , 0 , 27.3846153846154 , 2 , 13 , 23.0769230769231 , 48.1538461538462 
08-Jan-2004 16:34,200103,HEATHROW,ALGERIA,ALGIERS,AIR ALGERIE,D,S, 13 , 0 , 15.3846153846154 , 15.3846153846154 , 38.4615384615385 , 30.7692307692308 , 0 , 0 , 51.2307692307692 , 2 , 13 , 0 , 68.1538461538462 
08-Jan-2004 16:34,200103,HEATHROW,ARMENIA,YEREVAN,BRITISH MEDITERRANEAN AIRWAYS,A,S, 13 , 0 , 53.8461538461538 , 15.3846153846154 , 23.0769230769231 , 7.69230769230769 , 0 , 0 , 17.3076923076923 , 0 , 8 , 75 , 17.875 
08-Jan-2004 16:34,200103,HEATHROW,ARMENIA,YEREVAN,BRITISH MEDITERRANEAN AIRWAYS,D,S, 12 , 0 , 66.6666666666667 , 0 , 8.33333333333333 , 16.6666666666667 , 8.33333333333333 , 0 , 45.3333333333333 , 0 , 9 , 66.6666666666667 , 24.1111111111111 
08-Jan-2004 16:34,200103,HEATHROW,AUSTRALIA,BRISBANE,BRITISH AIRWAYS PLC,A,S, 0 , 0 , 0 , 0 , 0 , 0 , 0 , 0 , 0 , 0 , 31 , 77.4193548387097 , 9.48387096774194 
08-Jan-2004 16:34,200103,HEATHROW,AUSTRALIA,BRISBANE,BRITISH AIRWAYS PLC,D,S, 0 , 0 , 0 , 0 , 0 , 0 , 0 , 0 , 0 , 0 , 31 , 83.8709677419355 , 6.38709677419355 
08-Jan-2004 16:34,200103,HEATHROW,AUSTRALIA,MELBOURNE,BRITISH AIRWAYS PLC,A,S, 3 , 0 , 33.3333333333333 , 33.3333333333333 , 33.3333333333333 , 0 , 0 , 0 , 22.3333333333333 , 0 , 0 , 0 , 0 
08-Jan-2004 16:34,200103,HEATHROW,AUSTRALIA,MELBOURNE,BRITISH AIRWAYS PLC,D,S, 5 , 0 , 80 , 20 , 0 , 0 , 0 , 0 , 8.8 , 0 , 0 , 0 , 0 
08-Jan-2004 16:34,200103,HEATHROW,AUSTRALIA,MELBOURNE,QANTAS,A,S, 31 , 0 , 48.3870967741935 , 19.3548387096774 , 22.5806451612903 , 6.45161290322581 , 3.2258064516129 , 0 , 34.0967741935484 , 216 , 27 , 70.3703703703704 , 31.6296296296296 
08-Jan-2004 16:34,200103,HEATHROW,AUSTRALIA,MELBOURNE,QANTAS,D,S, 31 , 0 , 58.0645161290323 , 16.1290322580645 , 19.3548387096774 , 6.45161290322581 , 0 , 0 , 22 , 0 , 31 , 87.0967741935484 , 9.54838709677419 
08-Jan-2004 16:34,200103,HEATHROW,AUSTRALIA,PERTH (AUSTRALIA),BRITISH AIRWAYS PLC,A,S, 0 , 0 , 0 , 0 , 0 , 0 , 0 , 0 , 0 , 0 , 31 , 74.1935483870968 , 10.5806451612903 
08-Jan-2004 16:34,200103,HEATHROW,AUSTRALIA,PERTH (AUSTRALIA),BRITISH AIRWAYS PLC,D,S, 0 , 0 , 0 , 0 , 0 , 0 , 0 , 0 , 0 , 0 , 31 , 74.1935483870968 , 13.5806451612903 
08-Jan-2004 16:34,200103,HEATHROW,AUSTRALIA,SYDNEY,BRITISH AIRWAYS PLC,A,S, 62 , 0 , 54.8387096774194 , 22.5806451612903 , 14.5161290322581 , 8.06451612903226 , 0 , 0 , 23.0806451612903 , 216 , 44 , 63.6363636363636 , 41.7954545454545 
08-Jan-2004 16:34,200103,HEATHROW,AUSTRALIA,SYDNEY,BRITISH AIRWAYS PLC,D,S, 62 , 0 , 64.5161290322581 , 12.9032258064516 , 8.06451612903226 , 14.5161290322581 , 0 , 0 , 22.3387096774194 , 0 , 45 , 82.2222222222222 , 15.6666666666667 
08-Jan-2004 16:34,200103,HEATHROW,AUSTRALIA,SYDNEY,QANTAS,A,S, 46 , 0 , 43.4782608695652 , 26.0869565217391 , 21.7391304347826 , 8.69565217391304 , 0 , 0 , 27.1304347826087 , 0 , 47 , 68.0851063829787 , 14.7021276595745 
08-Jan-2004 16:34,200103,HEATHROW,AUSTRALIA,SYDNEY,QANTAS,D,S, 46 , 0 , 50 , 26.0869565217391 , 17.3913043478261 , 6.52173913043478 , 0 , 0 , 20.2826086956522 , 0 , 43 , 65.1162790697674 , 12.093023255814 
08-Jan-2004 16:34,200103,HEATHROW,AUSTRIA,VIENNA,AUSTRIAN AIRLINES,A,S, 121 , 0 , 77.6859504132231 , 19.0082644628099 , 2.47933884297521 , 0.826446280991736 , 0 , 0 , 9.85950413223141 , 0 , 120 , 67.5 , 13.45 
08-Jan-2004 16:34,200103,HEATHROW,AUSTRIA,VIENNA,AUSTRIAN AIRLINES,D,S, 120 , 0 , 82.5 , 10.8333333333333 , 4.16666666666667 , 2.5 , 0 , 0 , 9.675 , 1 , 121 , 74.3801652892562 , 12.7272727272727 
08-Jan-2004 16:34,200103,HEATHROW,AUSTRIA,VIENNA,BRITISH AIRWAYS PLC,A,S, 124 , 0 , 80.6451612903226 , 10.4838709677419 , 7.25806451612903 , 1.61290322580645 , 0 , 0 , 9.50806451612903 , 0 , 123 , 69.9186991869919 , 15.1382113821138 
08-Jan-2004 16:34,200103,HEATHROW,AUSTRIA,VIENNA,BRITISH AIRWAYS PLC,D,S, 124 , 0 , 76.6129032258064 , 12.0967741935484 , 8.87096774193548 , 2.41935483870968 , 0 , 0 , 11.0322580645161 , 0 , 123 , 84.5528455284553 , 7.6260162601626 
08-Jan-2004 16:34,200103,HEATHROW,AZERBAIJAN,BAKU,BRITISH MEDITERRANEAN AIRWAYS,A,S, 1 , 0 , 0 , 0 , 0 , 0 , 100 , 0 , 242 , 0 , 0 , 0 , 0 
08-Jan-2004 16:34,200103,HEATHROW,BAHRAIN,BAHRAIN,GULF AIR,A,C, 0 , 0 , 0 , 0 , 0 , 0 , 0 , 0 , 0 , 0 , 1 , 0 , 40 
08-Jan-2004 16:34,200103,HEATHROW,BAHRAIN,BAHRAIN,GULF AIR,A,S, 15 , 0 , 60 , 20 , 6.66666666666667 , 13.3333333333333 , 0 , 0 , 24.9333333333333 , 0 , 27 , 33.3333333333333 , 29.037037037037 
08-Jan-2004 16:34,200103,HEATHROW,BAHRAIN,BAHRAIN,GULF AIR,D,C, 0 , 0 , 0 , 0 , 0 , 0 , 0 , 0 , 0 , 0 , 1 , 0 , 27 
08-Jan-2004 16:34,200103,HEATHROW,BAHRAIN,BAHRAIN,GULF AIR,D,S, 31 , 0 , 74.1935483870968 , 12.9032258064516 , 6.45161290322581 , 3.2258064516129 , 3.2258064516129 , 0 , 22.4516129032258 , 0 , 34 , 91.1764705882353 , 6.55882352941176 
08-Jan-2004 16:34,200103,HEATHROW,BANGLADESH,DACCA,BIMAN BANGLADESH AIRLINES,A,S, 36 , 0 , 13.8888888888889 , 16.6666666666667 , 27.7777777777778 , 22.2222222222222 , 8.33333333333333 , 11.1111111111111 , 122.5 , 3 , 31 , 35.4838709677419 , 80.7741935483871 
08-Jan-2004 16:34,200103,HEATHROW,BANGLADESH,DACCA,BIMAN BANGLADESH AIRLINES,D,S, 35 , 0 , 57.1428571428571 , 11.4285714285714 , 2.85714285714286 , 20 , 0 , 8.57142857142857 , 66.8571428571429 , 3 , 31 , 38.7096774193548 , 69.258064516129 
08-Jan-2004 16:34,200103,HEATHROW,BANGLADESH,DACCA,BRITISH AIRWAYS PLC,A,S, 14 , 0 , 7.14285714285714 , 21.4285714285714 , 35.7142857142857 , 28.5714285714286 , 7.14285714285714 , 0 , 55.9285714285714 , 0 , 22 , 81.8181818181818 , 104.727272727273 
08-Jan-2004 16:34,200103,HEATHROW,BANGLADESH,DACCA,BRITISH AIRWAYS PLC,D,S, 13 , 0 , 46.1538461538462 , 23.0769230769231 , 7.69230769230769 , 23.0769230769231 , 0 , 0 , 31.0769230769231 , 0 , 22 , 95.4545454545455 , 4.95454545454545 
08-Jan-2004 16:34,200103,HEATHROW,BARBADOS,BRIDGETOWN,BRITISH AIRWAYS PLC,A,S, 0 , 0 , 0 , 0 , 0 , 0 , 0 , 0 , 0 , 0 , 5 , 60 , 24.2 
08-Jan-2004 16:34,200103,HEATHROW,BARBADOS,BRIDGETOWN,BRITISH AIRWAYS PLC,D,S, 0 , 0 , 0 , 0 , 0 , 0 , 0 , 0 , 0 , 0 , 5 , 80 , 16.2 
08-Jan-2004 16:34,200103,HEATHROW,BELGIUM,BRUSSELS,BMI BRITISH MIDLAND,A,S, 154 , 0 , 59.7402597402597 , 26.6233766233766 , 9.09090909090909 , 4.54545454545455 , 0 , 0 , 16.525974025974 , 0 , 186 , 56.4516129032258 , 20.3440860215054 
08-Jan-2004 16:34,200103,HEATHROW,BELGIUM,BRUSSELS,BMI BRITISH MIDLAND,D,S, 153 , 0 , 66.6666666666667 , 18.3006535947712 , 11.7647058823529 , 3.26797385620915 , 0 , 0 , 14.6797385620915 , 0 , 186 , 71.505376344086 , 11.6881720430108 
08-Jan-2004 16:34,200103,HEATHROW,BELGIUM,BRUSSELS,BRITISH AIRWAYS PLC,A,S, 171 , 0 , 74.2690058479532 , 16.9590643274854 , 6.4327485380117 , 1.75438596491228 , 0.584795321637427 , 0 , 11.8947368421053 , 0 , 169 , 70.414201183432 , 14.112426035503 
08-Jan-2004 16:34,200103,HEATHROW,BELGIUM,BRUSSELS,BRITISH AIRWAYS PLC,D,S, 171 , 0 , 72.5146198830409 , 15.2046783625731 , 8.18713450292398 , 4.09356725146199 , 0 , 0 , 13.2222222222222 , 0 , 170 , 84.1176470588235 , 8.87647058823529 
08-Jan-2004 16:34,200103,HEATHROW,BELGIUM,BRUSSELS,SABENA,A,S, 266 , 0 , 63.9097744360902 , 21.8045112781955 , 8.64661654135338 , 5.6390977443609 , 0 , 0 , 17.0827067669173 , 0 , 261 , 45.9770114942529 , 25.4789272030651 
08-Jan-2004 16:34,200103,HEATHROW,BELGIUM,BRUSSELS,SABENA,D,S, 266 , 0 , 75.9398496240601 , 13.1578947368421 , 7.5187969924812 , 3.38345864661654 , 0 , 0 , 12.6353383458647 , 0 , 260 , 68.4615384615385 , 14.4307692307692 
08-Jan-2004 16:34,200103,HEATHROW,BRAZIL,RIO DE JANEIRO (GALEAO),BRITISH AIRWAYS PLC,A,S, 5 , 0 , 100 , 0 , 0 , 0 , 0 , 0 , 3 , 0 , 0 , 0 , 0 
08-Jan-2004 16:34,200103,HEATHROW,BRAZIL,RIO DE JANEIRO (GALEAO),BRITISH AIRWAYS PLC,D,S, 7 , 0 , 28.5714285714286 , 42.8571428571429 , 28.5714285714286 , 0 , 0 , 0 , 23 , 0 , 0 , 0 , 0 
08-Jan-2004 16:34,200103,HEATHROW,BRAZIL,RIO DE JANEIRO (GALEAO),VARIG,A,S, 31 , 0 , 38.7096774193548 , 19.3548387096774 , 25.8064516129032 , 16.1290322580645 , 0 , 0 , 30 , 0 , 24 , 29.1666666666667 , 37.25 
08-Jan-2004 16:34,200103,HEATHROW,BRAZIL,RIO DE JANEIRO (GALEAO),VARIG,D,S, 31 , 0 , 64.5161290322581 , 22.5806451612903 , 9.67741935483871 , 3.2258064516129 , 0 , 0 , 16.4193548387097 , 0 , 24 , 70.8333333333333 , 9.83333333333333 
08-Jan-2004 16:34,200103,HEATHROW,BRAZIL,SAO PAULO (GUARULHOS),VARIG,A,S, 0 , 0 , 0 , 0 , 0 , 0 , 0 , 0 , 0 , 0 , 7 , 42.8571428571429 , 26.1428571428571 
08-Jan-2004 16:34,200103,HEATHROW,BRAZIL,SAO PAULO (GUARULHOS),VARIG,D,S, 0 , 0 , 0 , 0 , 0 , 0 , 0 , 0 , 0 , 0 , 7 , 100 , 2.42857142857143 
08-Jan-2004 16:34,200103,HEATHROW,BRUNEI,BANDAR SERI BEGAWAN,ROYAL BRUNEI AIRLINES,A,S, 30 , 1 , 40 , 23.3333333333333 , 16.6666666666667 , 16.6666666666667 , 0 , 3.33333333333333 , 40.3 , 0 , 31 , 61.2903225806452 , 33.8064516129032 
08-Jan-2004 16:34,200103,HEATHROW,BRUNEI,BANDAR SERI BEGAWAN,ROYAL BRUNEI AIRLINES,D,S, 31 , 0 , 70.9677419354839 , 16.1290322580645 , 9.67741935483871 , 3.2258064516129 , 0 , 0 , 16.1612903225806 , 0 , 31 , 87.0967741935484 , 9 
08-Jan-2004 16:34,200103,HEATHROW,BULGARIA,SOFIA,BALKAN BULGARIAN AIRLINES,A,S, 0 , 0 , 0 , 0 , 0 , 0 , 0 , 0 , 0 , 0 , 22 , 36.3636363636364 , 34.8636363636364 
08-Jan-2004 16:34,200103,HEATHROW,BULGARIA,SOFIA,BALKAN BULGARIAN AIRLINES,D,S, 0 , 0 , 0 , 0 , 0 , 0 , 0 , 0 , 0 , 0 , 22 , 81.8181818181818 , 13 
08-Jan-2004 16:34,200103,HEATHROW,CANADA,CALGARY,AIR CANADA,A,S, 31 , 0 , 64.5161290322581 , 25.8064516129032 , 3.2258064516129 , 0 , 3.2258064516129 , 3.2258064516129 , 38.7741935483871 , 1 , 31 , 70.9677419354839 , 41.5806451612903 
08-Jan-2004 16:34,200103,HEATHROW,CANADA,CALGARY,AIR CANADA,D,S, 31 , 0 , 41.9354838709677 , 41.9354838709677 , 9.67741935483871 , 6.45161290322581 , 0 , 0 , 21.8709677419355 , 0 , 31 , 83.8709677419355 , 6.51612903225806 
08-Jan-2004 16:34,200103,HEATHROW,CANADA,CALGARY,CANADIAN AIRLINES INT/L,A,S, 0 , 0 , 0 , 0 , 0 , 0 , 0 , 0 , 0 , 0 , 37 , 72.972972972973 , 15.8378378378378 
08-Jan-2004 16:34,200103,HEATHROW,CANADA,CALGARY,CANADIAN AIRLINES INT/L,D,S, 0 , 0 , 0 , 0 , 0 , 0 , 0 , 0 , 0 , 0 , 33 , 78.7878787878788 , 13.1818181818182 
08-Jan-2004 16:34,200103,HEATHROW,CANADA,HALIFAX INT,AIR CANADA,A,S, 26 , 0 , 34.6153846153846 , 15.3846153846154 , 23.0769230769231 , 19.2307692307692 , 7.69230769230769 , 0 , 55.6923076923077 , 0 , 22 , 31.8181818181818 , 32.3181818181818 
08-Jan-2004 16:34,200103,HEATHROW,CANADA,HALIFAX INT,AIR CANADA,D,S, 26 , 0 , 61.5384615384615 , 19.2307692307692 , 3.84615384615385 , 11.5384615384615 , 3.84615384615385 , 0 , 28.1153846153846 , 0 , 22 , 72.7272727272727 , 9.95454545454546 
08-Jan-2004 16:34,200103,HEATHROW,CANADA,MONTREAL (DORVAL),AIR CANADA,A,S, 31 , 0 , 45.1612903225806 , 16.1290322580645 , 29.0322580645161 , 6.45161290322581 , 3.2258064516129 , 0 , 32.8387096774194 , 0 , 31 , 38.7096774193548 , 24.1612903225806 
08-Jan-2004 16:34,200103,HEATHROW,CANADA,MONTREAL (DORVAL),AIR CANADA,D,S, 31 , 0 , 41.9354838709677 , 41.9354838709677 , 16.1290322580645 , 0 , 0 , 0 , 19.3225806451613 , 0 , 22 , 68.1818181818182 , 12.1363636363636 
08-Jan-2004 16:34,200103,HEATHROW,CANADA,MONTREAL (DORVAL),BRITISH AIRWAYS PLC,A,S, 30 , 1 , 73.3333333333333 , 16.6666666666667 , 3.33333333333333 , 6.66666666666667 , 0 , 0 , 15.6666666666667 , 0 , 31 , 80.6451612903226 , 5.96774193548387 
08-Jan-2004 16:34,200103,HEATHROW,CANADA,MONTREAL (DORVAL),BRITISH AIRWAYS PLC,D,S, 30 , 0 , 60 , 20 , 16.6666666666667 , 0 , 3.33333333333333 , 0 , 22.4666666666667 , 0 , 31 , 93.5483870967742 , 6.45161290322581 
08-Jan-2004 16:34,200103,HEATHROW,CANADA,OTTAWA INTERNATIONAL,AIR CANADA,A,S, 27 , 0 , 25.9259259259259 , 29.6296296296296 , 37.037037037037 , 7.40740740740741 , 0 , 0 , 30.5925925925926 , 0 , 22 , 45.4545454545455 , 21.3181818181818 
08-Jan-2004 16:34,200103,HEATHROW,CANADA,OTTAWA INTERNATIONAL,AIR CANADA,D,S, 27 , 0 , 77.7777777777778 , 11.1111111111111 , 0 , 11.1111111111111 , 0 , 0 , 14.6296296296296 , 0 , 31 , 80.6451612903226 , 15.4193548387097 
08-Jan-2004 16:34,200103,HEATHROW,CANADA,OTTAWA INTERNATIONAL,CANADIAN AIRLINES INT/L,D,S, 0 , 0 , 0 , 0 , 0 , 0 , 0 , 0 , 0 , 0 , 6 , 50 , 27 
08-Jan-2004 16:34,200103,HEATHROW,CANADA,TORONTO,AIR CANADA,A,S, 120 , 0 , 47.5 , 25.8333333333333 , 18.3333333333333 , 6.66666666666667 , 0.833333333333333 , 0.833333333333333 , 26.6833333333333 , 1 , 80 , 63.75 , 16.0875 
08-Jan-2004 16:34,200103,HEATHROW,CANADA,TORONTO,AIR CANADA,D,S, 121 , 0 , 69.4214876033058 , 23.1404958677686 , 6.61157024793388 , 0 , 0.826446280991736 , 0 , 13.1735537190083 , 0 , 80 , 85 , 14.3375 
08-Jan-2004 16:34,200103,HEATHROW,CANADA,TORONTO,BRITISH AIRWAYS PLC,A,S, 62 , 0 , 59.6774193548387 , 17.741935483871 , 12.9032258064516 , 8.06451612903226 , 1.61290322580645 , 0 , 24.7096774193548 , 0 , 36 , 75 , 15.3611111111111 
08-Jan-2004 16:34,200103,HEATHROW,CANADA,TORONTO,BRITISH AIRWAYS PLC,D,S, 62 , 0 , 58.0645161290323 , 20.9677419354839 , 12.9032258064516 , 8.06451612903226 , 0 , 0 , 19.7096774193548 , 0 , 37 , 62.1621621621622 , 27.2702702702703 
08-Jan-2004 16:34,200103,HEATHROW,CANADA,TORONTO,CANADIAN AIRLINES INT/L,A,S, 0 , 0 , 0 , 0 , 0 , 0 , 0 , 0 , 0 , 0 , 83 , 54.2168674698795 , 21.0361445783133 
08-Jan-2004 16:34,200103,HEATHROW,CANADA,TORONTO,CANADIAN AIRLINES INT/L,D,S, 0 , 0 , 0 , 0 , 0 , 0 , 0 , 0 , 0 , 0 , 78 , 76.9230769230769 , 11.1794871794872 
08-Jan-2004 16:34,200103,HEATHROW,CANADA,VANCOUVER,AIR CANADA,A,S, 31 , 0 , 67.741935483871 , 22.5806451612903 , 6.45161290322581 , 3.2258064516129 , 0 , 0 , 13.8709677419355 , 0 , 31 , 74.1935483870968 , 12.4193548387097 
08-Jan-2004 16:34,200103,HEATHROW,CANADA,VANCOUVER,AIR CANADA,D,S, 31 , 0 , 61.2903225806452 , 25.8064516129032 , 3.2258064516129 , 6.45161290322581 , 0 , 3.2258064516129 , 34.5483870967742 , 0 , 31 , 67.741935483871 , 12.1612903225806 
08-Jan-2004 16:34,200103,HEATHROW,CANADA,VANCOUVER,BRITISH AIRWAYS PLC,A,S, 30 , 1 , 50 , 16.6666666666667 , 6.66666666666667 , 20 , 6.66666666666667 , 0 , 35.6666666666667 , 1 , 31 , 67.741935483871 , 13.6129032258065 
08-Jan-2004 16:34,200103,HEATHROW,CANADA,VANCOUVER,BRITISH AIRWAYS PLC,D,S, 30 , 1 , 46.6666666666667 , 10 , 26.6666666666667 , 13.3333333333333 , 3.33333333333333 , 0 , 35.9 , 0 , 30 , 56.6666666666667 , 15.2333333333333 
08-Jan-2004 16:34,200103,HEATHROW,CANADA,VANCOUVER,CANADIAN AIRLINES INT/L,D,S, 0 , 0 , 0 , 0 , 0 , 0 , 0 , 0 , 0 , 0 , 4 , 50 , 12 
08-Jan-2004 16:34,200103,HEATHROW,CHINA,BEIJING,AIR CHINA,A,S, 14 , 0 , 50 , 21.4285714285714 , 21.4285714285714 , 7.14285714285714 , 0 , 0 , 23.2857142857143 , 0 , 13 , 30.7692307692308 , 40 
08-Jan-2004 16:34,200103,HEATHROW,CHINA,BEIJING,AIR CHINA,D,S, 14 , 0 , 64.2857142857143 , 21.4285714285714 , 14.2857142857143 , 0 , 0 , 0 , 13.0714285714286 , 0 , 13 , 61.5384615384615 , 21.3076923076923 
08-Jan-2004 16:34,200103,HEATHROW,CHINA,BEIJING,BRITISH AIRWAYS PLC,A,S, 14 , 0 , 100 , 0 , 0 , 0 , 0 , 0 , 1.92857142857143 , 0 , 13 , 46.1538461538462 , 22.9230769230769 
08-Jan-2004 16:34,200103,HEATHROW,CHINA,BEIJING,BRITISH AIRWAYS PLC,D,S, 14 , 0 , 78.5714285714286 , 14.2857142857143 , 7.14285714285714 , 0 , 0 , 0 , 8.71428571428571 , 0 , 14 , 57.1428571428571 , 23.2142857142857 
08-Jan-2004 16:34,200103,HEATHROW,CHINA,SHANGHAI,VIRGIN ATLANTIC AIRWAYS LTD,A,S, 0 , 0 , 0 , 0 , 0 , 0 , 0 , 0 , 0 , 0 , 8 , 37.5 , 24.625 
08-Jan-2004 16:34,200103,HEATHROW,CHINA,SHANGHAI,VIRGIN ATLANTIC AIRWAYS LTD,D,S, 0 , 0 , 0 , 0 , 0 , 0 , 0 , 0 , 0 , 0 , 8 , 100 , 4 
08-Jan-2004 16:34,200103,HEATHROW,CHINA,SHANGHAI (PU DONG),VIRGIN ATLANTIC AIRWAYS LTD,A,S, 13 , 0 , 38.4615384615385 , 30.7692307692308 , 15.3846153846154 , 15.3846153846154 , 0 , 0 , 31.8461538461538 , 0 , 0 , 0 , 0 
08-Jan-2004 16:34,200103,HEATHROW,CHINA,SHANGHAI (PU DONG),VIRGIN ATLANTIC AIRWAYS LTD,D,S, 14 , 0 , 71.4285714285714 , 0 , 0 , 28.5714285714286 , 0 , 0 , 30.6428571428571 , 0 , 0 , 0 , 0 
08-Jan-2004 16:34,200103,HEATHROW,COLOMBIA,BOGOTA,AVIANCA COLOMBIA,A,S, 14 , 0 , 71.4285714285714 , 14.2857142857143 , 7.14285714285714 , 7.14285714285714 , 0 , 0 , 17.8571428571429 , 0 , 13 , 46.1538461538462 , 66.3846153846154 
08-Jan-2004 16:34,200103,HEATHROW,COLOMBIA,BOGOTA,AVIANCA COLOMBIA,D,S, 14 , 0 , 71.4285714285714 , 14.2857142857143 , 14.2857142857143 , 0 , 0 , 0 , 14.0714285714286 , 0 , 13 , 69.2307692307692 , 31.5384615384615 
08-Jan-2004 16:34,200103,HEATHROW,CROATIA,SPLIT,CROATIA AIRLINES,A,S, 5 , 0 , 80 , 0 , 20 , 0 , 0 , 0 , 12.8 , 0 , 4 , 50 , 26.75 
08-Jan-2004 16:34,200103,HEATHROW,CROATIA,SPLIT,CROATIA AIRLINES,D,S, 5 , 0 , 80 , 0 , 20 , 0 , 0 , 0 , 13.4 , 0 , 4 , 75 , 17 
08-Jan-2004 16:34,200103,HEATHROW,CROATIA,ZAGREB,CROATIA AIRLINES,A,S, 31 , 0 , 87.0967741935484 , 9.67741935483871 , 3.2258064516129 , 0 , 0 , 0 , 6.70967741935484 , 0 , 29 , 65.5172413793103 , 19.5172413793103 
08-Jan-2004 16:34,200103,HEATHROW,CROATIA,ZAGREB,CROATIA AIRLINES,D,S, 31 , 0 , 77.4193548387097 , 12.9032258064516 , 6.45161290322581 , 3.2258064516129 , 0 , 0 , 10.3225806451613 , 0 , 29 , 44.8275862068965 , 24.448275862069 
08-Jan-2004 16:34,200103,HEATHROW,CYPRUS,LARNACA,BRITISH AIRWAYS PLC,A,S, 40 , 0 , 50 , 27.5 , 7.5 , 10 , 0 , 5 , 57.975 , 0 , 32 , 68.75 , 11.625 
08-Jan-2004 16:34,200103,HEATHROW,CYPRUS,LARNACA,BRITISH AIRWAYS PLC,D,S, 40 , 0 , 57.5 , 12.5 , 17.5 , 10 , 2.5 , 0 , 32.825 , 0 , 32 , 78.125 , 11.65625 
08-Jan-2004 16:34,200103,HEATHROW,CYPRUS,LARNACA,CYPRUS AIRWAYS,A,S, 54 , 0 , 46.2962962962963 , 14.8148148148148 , 22.2222222222222 , 11.1111111111111 , 5.55555555555556 , 0 , 41.4074074074074 , 0 , 48 , 50 , 22.7708333333333 
08-Jan-2004 16:34,200103,HEATHROW,CYPRUS,LARNACA,CYPRUS AIRWAYS,D,S, 49 , 1 , 63.265306122449 , 14.2857142857143 , 10.2040816326531 , 6.12244897959184 , 6.12244897959184 , 0 , 39.1836734693878 , 0 , 45 , 64.4444444444444 , 13.8222222222222 
08-Jan-2004 16:34,200103,HEATHROW,CYPRUS,PAPHOS,CYPRUS AIRWAYS,D,S, 4 , 0 , 0 , 50 , 25 , 0 , 25 , 0 , 67.75 , 0 , 4 , 25 , 36 
08-Jan-2004 16:34,200103,HEATHROW,CZECH REPUBLIC,PRAGUE,BMI BRITISH MIDLAND,A,S, 0 , 0 , 0 , 0 , 0 , 0 , 0 , 0 , 0 , 0 , 40 , 40 , 24.4 
08-Jan-2004 16:34,200103,HEATHROW,CZECH REPUBLIC,PRAGUE,BMI BRITISH MIDLAND,D,S, 0 , 0 , 0 , 0 , 0 , 0 , 0 , 0 , 0 , 0 , 40 , 77.5 , 11.225 
08-Jan-2004 16:34,200103,HEATHROW,CZECH REPUBLIC,PRAGUE,BRITISH AIRWAYS PLC,A,S, 93 , 0 , 73.1182795698925 , 9.67741935483871 , 6.45161290322581 , 8.60215053763441 , 2.1505376344086 , 0 , 20.8279569892473 , 0 , 62 , 77.4193548387097 , 12.5 
08-Jan-2004 16:34,200103,HEATHROW,CZECH REPUBLIC,PRAGUE,BRITISH AIRWAYS PLC,D,S, 93 , 0 , 62.3655913978495 , 19.3548387096774 , 9.67741935483871 , 8.60215053763441 , 0 , 0 , 19.6666666666667 , 0 , 62 , 79.0322580645161 , 7.82258064516129 
08-Jan-2004 16:34,200103,HEATHROW,CZECH REPUBLIC,PRAGUE,CSA,A,S, 62 , 0 , 33.8709677419355 , 37.0967741935484 , 14.5161290322581 , 12.9032258064516 , 1.61290322580645 , 0 , 33.4354838709677 , 0 , 62 , 48.3870967741935 , 21.5967741935484 
08-Jan-2004 16:34,200103,HEATHROW,CZECH REPUBLIC,PRAGUE,CSA,D,S, 62 , 0 , 69.3548387096774 , 12.9032258064516 , 6.45161290322581 , 9.67741935483871 , 1.61290322580645 , 0 , 20.2096774193548 , 0 , 62 , 75.8064516129032 , 15.7096774193548 
08-Jan-2004 16:34,200103,HEATHROW,DENMARK,COPENHAGEN,BRITISH AIRWAYS PLC,A,S, 149 , 0 , 69.1275167785235 , 17.4496644295302 , 9.39597315436242 , 4.02684563758389 , 0 , 0 , 14.5637583892617 , 0 , 149 , 73.1543624161074 , 12.9731543624161 
08-Jan-2004 16:34,200103,HEATHROW,DENMARK,COPENHAGEN,BRITISH AIRWAYS PLC,D,S, 149 , 0 , 77.1812080536913 , 8.7248322147651 , 9.39597315436242 , 4.69798657718121 , 0 , 0 , 12.1476510067114 , 0 , 149 , 85.9060402684564 , 9.48322147651007 
08-Jan-2004 16:34,200103,HEATHROW,DENMARK,COPENHAGEN,SAS,A,S, 183 , 0 , 66.120218579235 , 15.3005464480874 , 12.0218579234973 , 6.55737704918033 , 0 , 0 , 17.2021857923497 , 1 , 183 , 74.3169398907104 , 15.3169398907104 
08-Jan-2004 16:34,200103,HEATHROW,DENMARK,COPENHAGEN,SAS,D,S, 185 , 0 , 76.7567567567568 , 10.2702702702703 , 8.64864864864865 , 4.32432432432432 , 0 , 0 , 12.4810810810811 , 0 , 183 , 86.3387978142077 , 9.22404371584699 
08-Jan-2004 16:34,200103,HEATHROW,DENMARK,COPENHAGEN,VARIG,A,S, 13 , 0 , 76.9230769230769 , 7.69230769230769 , 7.69230769230769 , 7.69230769230769 , 0 , 0 , 19.0769230769231 , 0 , 14 , 85.7142857142857 , 7.78571428571429 
08-Jan-2004 16:34,200103,HEATHROW,DENMARK,COPENHAGEN,VARIG,D,S, 13 , 0 , 23.0769230769231 , 38.4615384615385 , 7.69230769230769 , 30.7692307692308 , 0 , 0 , 42.3076923076923 , 0 , 14 , 35.7142857142857 , 35.6428571428571 
08-Jan-2004 16:34,200103,HEATHROW,EGYPT,ALEXANDRIA ( NOUZHA ),BRITISH MEDITERRANEAN AIRWAYS,A,S, 0 , 0 , 0 , 0 , 0 , 0 , 0 , 0 , 0 , 0 , 8 , 87.5 , 2.625 
08-Jan-2004 16:34,200103,HEATHROW,EGYPT,ALEXANDRIA ( NOUZHA ),BRITISH MEDITERRANEAN AIRWAYS,D,S, 0 , 0 , 0 , 0 , 0 , 0 , 0 , 0 , 0 , 0 , 8 , 75 , 8.625 
08-Jan-2004 16:34,200103,HEATHROW,EGYPT,ALEXANDRIA (BORG EL ARAB),BRITISH MEDITERRANEAN AIRWAYS,A,S, 4 , 0 , 50 , 0 , 0 , 50 , 0 , 0 , 41.25 , 0 , 0 , 0 , 0 
08-Jan-2004 16:34,200103,HEATHROW,EGYPT,ALEXANDRIA (BORG EL ARAB),BRITISH MEDITERRANEAN AIRWAYS,D,S, 5 , 0 , 40 , 20 , 20 , 20 , 0 , 0 , 30.4 , 0 , 0 , 0 , 0 
08-Jan-2004 16:34,200103,HEATHROW,EGYPT,CAIRO,BRITISH AIRWAYS PLC,A,S, 31 , 0 , 93.5483870967742 , 3.2258064516129 , 0 , 3.2258064516129 , 0 , 0 , 5.06451612903226 , 0 , 31 , 77.4193548387097 , 11.741935483871 
08-Jan-2004 16:34,200103,HEATHROW,EGYPT,CAIRO,BRITISH AIRWAYS PLC,D,S, 31 , 0 , 45.1612903225806 , 19.3548387096774 , 9.67741935483871 , 19.3548387096774 , 3.2258064516129 , 3.2258064516129 , 51.3870967741936 , 0 , 31 , 70.9677419354839 , 23.0967741935484 
08-Jan-2004 16:34,200103,HEATHROW,EGYPT,CAIRO,EGYPT AIR,A,S, 32 , 0 , 9.375 , 21.875 , 50 , 18.75 , 0 , 0 , 43.1875 , 0 , 31 , 6.45161290322581 , 57.7096774193548 
08-Jan-2004 16:34,200103,HEATHROW,EGYPT,CAIRO,EGYPT AIR,D,S, 31 , 0 , 16.1290322580645 , 35.4838709677419 , 25.8064516129032 , 22.5806451612903 , 0 , 0 , 40.7741935483871 , 0 , 31 , 3.2258064516129 , 55.6129032258064 
08-Jan-2004 16:34,200103,HEATHROW,EGYPT,LUXOR,BRITISH MEDITERRANEAN AIRWAYS,A,S, 3 , 0 , 0 , 66.6666666666667 , 33.3333333333333 , 0 , 0 , 0 , 32 , 0 , 0 , 0 , 0 
08-Jan-2004 16:34,200103,HEATHROW,EGYPT,LUXOR,BRITISH MEDITERRANEAN AIRWAYS,D,S, 3 , 0 , 100 , 0 , 0 , 0 , 0 , 0 , 1.33333333333333 , 0 , 0 , 0 , 0 
08-Jan-2004 16:34,200103,HEATHROW,EGYPT,LUXOR,EGYPT AIR,A,S, 4 , 0 , 0 , 0 , 100 , 0 , 0 , 0 , 44.25 , 0 , 4 , 0 , 98.5 
08-Jan-2004 16:34,200103,HEATHROW,EGYPT,LUXOR,EGYPT AIR,D,S, 4 , 0 , 0 , 0 , 50 , 50 , 0 , 0 , 54.5 , 0 , 4 , 0 , 126 
08-Jan-2004 16:34,200103,HEATHROW,ETHIOPIA,ADDIS ABABA,ETHIOPIAN AIRLINES,A,S, 13 , 0 , 15.3846153846154 , 0 , 15.3846153846154 , 69.2307692307692 , 0 , 0 , 83.8461538461538 , 0 , 14 , 28.5714285714286 , 41.7857142857143 
08-Jan-2004 16:34,200103,HEATHROW,ETHIOPIA,ADDIS ABABA,ETHIOPIAN AIRLINES,D,S, 13 , 0 , 30.7692307692308 , 30.7692307692308 , 7.69230769230769 , 30.7692307692308 , 0 , 0 , 32.5384615384615 , 0 , 14 , 35.7142857142857 , 25.1428571428571 
08-Jan-2004 16:34,200103,HEATHROW,FED REP YUGO SERBIA M'ENEGRO,BELGRADE,JATAIRWAYS,A,S, 23 , 0 , 60.8695652173913 , 21.7391304347826 , 13.0434782608696 , 4.34782608695652 , 0 , 0 , 19 , 0 , 0 , 0 , 0 
08-Jan-2004 16:34,200103,HEATHROW,FED REP YUGO SERBIA M'ENEGRO,BELGRADE,JATAIRWAYS,D,S, 23 , 0 , 39.1304347826087 , 30.4347826086956 , 21.7391304347826 , 8.69565217391304 , 0 , 0 , 25.9565217391304 , 0 , 0 , 0 , 0 
08-Jan-2004 16:34,200103,HEATHROW,FINLAND,HELSINKI,BRITISH AIRWAYS PLC,A,S, 60 , 0 , 71.6666666666667 , 13.3333333333333 , 8.33333333333333 , 5 , 1.66666666666667 , 0 , 14.8333333333333 , 1 , 62 , 70.9677419354839 , 15.0161290322581 
08-Jan-2004 16:34,200103,HEATHROW,FINLAND,HELSINKI,BRITISH AIRWAYS PLC,D,S, 61 , 0 , 83.6065573770492 , 6.55737704918033 , 9.83606557377049 , 0 , 0 , 0 , 8.67213114754098 , 0 , 62 , 91.9354838709677 , 5.32258064516129 
08-Jan-2004 16:34,200103,HEATHROW,FINLAND,HELSINKI,FINNAIR,A,S, 105 , 0 , 64.7619047619048 , 17.1428571428571 , 13.3333333333333 , 4.76190476190476 , 0 , 0 , 15.8285714285714 , 0 , 93 , 69.8924731182796 , 15.3548387096774 
08-Jan-2004 16:34,200103,HEATHROW,FINLAND,HELSINKI,FINNAIR,D,S, 106 , 0 , 69.811320754717 , 16.0377358490566 , 4.71698113207547 , 9.43396226415094 , 0 , 0 , 15.5566037735849 , 0 , 93 , 87.0967741935484 , 10.6021505376344 
08-Jan-2004 16:34,200103,HEATHROW,FRANCE,LYON,BRITISH AIRWAYS PLC,A,S, 0 , 0 , 0 , 0 , 0 , 0 , 0 , 0 , 0 , 0 , 75 , 73.3333333333333 , 15.3866666666667 
08-Jan-2004 16:34,200103,HEATHROW,FRANCE,LYON,BRITISH AIRWAYS PLC,D,S, 0 , 0 , 0 , 0 , 0 , 0 , 0 , 0 , 0 , 0 , 74 , 87.8378378378378 , 8.58108108108108 
08-Jan-2004 16:34,200103,HEATHROW,FRANCE,LYON,FLYBE.BRITISH EUROPEAN,A,S, 84 , 0 , 78.5714285714286 , 9.52380952380952 , 5.95238095238095 , 5.95238095238095 , 0 , 0 , 12.0238095238095 , 0 , 85 , 80 , 8.64705882352941 
08-Jan-2004 16:34,200103,HEATHROW,FRANCE,LYON,FLYBE.BRITISH EUROPEAN,D,S, 84 , 0 , 61.9047619047619 , 20.2380952380952 , 7.14285714285714 , 10.7142857142857 , 0 , 0 , 19.1547619047619 , 0 , 85 , 82.3529411764706 , 8.03529411764706 
08-Jan-2004 16:34,200103,HEATHROW,FRANCE,NICE,BMI BRITISH MIDLAND,A,S, 63 , 0 , 60.3174603174603 , 19.047619047619 , 17.4603174603175 , 3.17460317460317 , 0 , 0 , 17.1746031746032 , 0 , 62 , 54.8387096774194 , 17.3709677419355 
08-Jan-2004 16:34,200103,HEATHROW,FRANCE,NICE,BMI BRITISH MIDLAND,D,S, 63 , 0 , 77.7777777777778 , 11.1111111111111 , 7.93650793650794 , 3.17460317460317 , 0 , 0 , 12.0952380952381 , 0 , 62 , 82.258064516129 , 6.61290322580645 
08-Jan-2004 16:34,200103,HEATHROW,FRANCE,NICE,BRITISH AIRWAYS PLC,A,S, 126 , 0 , 76.1904761904762 , 11.1111111111111 , 5.55555555555556 , 7.14285714285714 , 0 , 0 , 15.1984126984127 , 0 , 125 , 78.4 , 12.04 
08-Jan-2004 16:34,200103,HEATHROW,FRANCE,NICE,BRITISH AIRWAYS PLC,D,S, 126 , 0 , 67.4603174603175 , 21.4285714285714 , 8.73015873015873 , 2.38095238095238 , 0 , 0 , 13.7777777777778 , 0 , 125 , 86.4 , 7.704 
08-Jan-2004 16:34,200103,HEATHROW,FRANCE,NICE,EUROPEAN AIR CHARTER,A,C, 1 , 0 , 0 , 0 , 100 , 0 , 0 , 0 , 50 , 0 , 0 , 0 , 0 
08-Jan-2004 16:34,200103,HEATHROW,FRANCE,PARIS (CHARLES DE GAULLE),AIR FRANCE,A,S, 387 , 0 , 54.2635658914729 , 18.8630490956072 , 16.5374677002584 , 10.3359173126615 , 0 , 0 , 23.4444444444444 , 2 , 399 , 50.6265664160401 , 21.4912280701754 
08-Jan-2004 16:34,200103,HEATHROW,FRANCE,PARIS (CHARLES DE GAULLE),AIR FRANCE,D,S, 384 , 0 , 52.34375 , 18.2291666666667 , 19.7916666666667 , 9.63541666666667 , 0 , 0 , 23.5520833333333 , 3 , 399 , 52.3809523809524 , 20.9824561403509 
08-Jan-2004 16:34,200103,HEATHROW,FRANCE,PARIS (CHARLES DE GAULLE),AMERICAN AIRLINES,A,S, 0 , 3 , 0 , 0 , 0 , 0 , 0 , 0 , 0 , 0 , 0 , 0 , 0 
08-Jan-2004 16:34,200103,HEATHROW,FRANCE,PARIS (CHARLES DE GAULLE),BMI BRITISH MIDLAND,A,S, 188 , 0 , 57.9787234042553 , 21.8085106382979 , 14.3617021276596 , 5.85106382978723 , 0 , 0 , 18.6276595744681 , 0 , 212 , 53.3018867924528 , 25.4811320754717 
08-Jan-2004 16:34,200103,HEATHROW,FRANCE,PARIS (CHARLES DE GAULLE),BMI BRITISH MIDLAND,D,S, 189 , 0 , 64.5502645502645 , 20.6349206349206 , 11.6402116402116 , 3.17460317460317 , 0 , 0 , 15.952380952381 , 0 , 211 , 49.2890995260664 , 20.1042654028436 
08-Jan-2004 16:34,200103,HEATHROW,FRANCE,PARIS (CHARLES DE GAULLE),BRITISH AIRWAYS PLC,A,S, 349 , 3 , 74.785100286533 , 10.6017191977077 , 7.73638968481375 , 6.30372492836676 , 0.573065902578797 , 0 , 15.1404011461318 , 0 , 209 , 78.9473684210526 , 10.1578947368421 
08-Jan-2004 16:34,200103,HEATHROW,FRANCE,PARIS (CHARLES DE GAULLE),BRITISH AIRWAYS PLC,D,S, 338 , 13 , 76.0355029585799 , 11.5384615384615 , 5.91715976331361 , 6.21301775147929 , 0.29585798816568 , 0 , 13.8313609467456 , 0 , 209 , 81.8181818181818 , 8.48325358851675 
08-Jan-2004 16:34,200103,HEATHROW,FRANCE,PARIS (ORLY),AIR LIB,A,S, 0 , 0 , 0 , 0 , 0 , 0 , 0 , 0 , 0 , 0 , 93 , 70.9677419354839 , 13.258064516129 
08-Jan-2004 16:34,200103,HEATHROW,FRANCE,PARIS (ORLY),AIR LIB,D,S, 0 , 0 , 0 , 0 , 0 , 0 , 0 , 0 , 0 , 0 , 93 , 76.3440860215054 , 11.5268817204301 
08-Jan-2004 16:34,200103,HEATHROW,FRANCE,PARIS (ORLY),BRITISH AIRWAYS PLC,A,S, 71 , 0 , 64.7887323943662 , 25.3521126760563 , 5.63380281690141 , 4.22535211267606 , 0 , 0 , 15.8169014084507 , 1 , 88 , 87.5 , 6.85227272727273 
08-Jan-2004 16:34,200103,HEATHROW,FRANCE,PARIS (ORLY),BRITISH AIRWAYS PLC,D,S, 71 , 0 , 64.7887323943662 , 18.3098591549296 , 7.04225352112676 , 9.85915492957746 , 0 , 0 , 17.6901408450704 , 1 , 88 , 84.0909090909091 , 7.94318181818182 
08-Jan-2004 16:34,200103,HEATHROW,FRANCE,TOULOUSE (BLAGNAC),FLYBE.BRITISH EUROPEAN,A,S, 79 , 1 , 72.1518987341772 , 16.4556962025316 , 10.126582278481 , 1.26582278481013 , 0 , 0 , 10.2151898734177 , 0 , 85 , 69.4117647058824 , 14.6117647058824 
08-Jan-2004 16:34,200103,HEATHROW,FRANCE,TOULOUSE (BLAGNAC),FLYBE.BRITISH EUROPEAN,D,S, 79 , 1 , 73.4177215189873 , 17.7215189873418 , 8.86075949367089 , 0 , 0 , 0 , 9.79746835443038 , 0 , 86 , 79.0697674418605 , 10.546511627907 
08-Jan-2004 16:34,200103,HEATHROW,GERMANY,BERLIN (TEGEL),BRITISH AIRWAYS PLC,A,S, 154 , 0 , 72.7272727272727 , 12.987012987013 , 9.09090909090909 , 5.19480519480519 , 0 , 0 , 15.025974025974 , 0 , 154 , 74.6753246753247 , 11.6558441558442 
08-Jan-2004 16:34,200103,HEATHROW,GERMANY,BERLIN (TEGEL),BRITISH AIRWAYS PLC,D,S, 154 , 0 , 79.8701298701299 , 8.44155844155844 , 8.44155844155844 , 3.24675324675325 , 0 , 0 , 10.8376623376623 , 0 , 154 , 90.2597402597403 , 4.68181818181818 
08-Jan-2004 16:34,200103,HEATHROW,GERMANY,COLOGNE (BONN),BMI BRITISH MIDLAND,A,S, 0 , 0 , 0 , 0 , 0 , 0 , 0 , 0 , 0 , 0 , 38 , 76.3157894736842 , 9.89473684210526 
08-Jan-2004 16:34,200103,HEATHROW,GERMANY,COLOGNE (BONN),BMI BRITISH MIDLAND,D,S, 0 , 0 , 0 , 0 , 0 , 0 , 0 , 0 , 0 , 0 , 31 , 51.6129032258064 , 19.6129032258065 
08-Jan-2004 16:34,200103,HEATHROW,GERMANY,COLOGNE (BONN),BRITISH AIRWAYS PLC,A,S, 86 , 0 , 82.5581395348837 , 8.13953488372093 , 4.65116279069767 , 4.65116279069767 , 0 , 0 , 9.97674418604651 , 0 , 89 , 73.0337078651685 , 13.0786516853933 
08-Jan-2004 16:34,200103,HEATHROW,GERMANY,COLOGNE (BONN),BRITISH AIRWAYS PLC,D,S, 86 , 0 , 79.0697674418605 , 5.81395348837209 , 9.30232558139535 , 5.81395348837209 , 0 , 0 , 13.4186046511628 , 1 , 89 , 77.5280898876404 , 10.5168539325843 
08-Jan-2004 16:34,200103,HEATHROW,GERMANY,COLOGNE (BONN),LUFTHANSA,A,S, 0 , 0 , 0 , 0 , 0 , 0 , 0 , 0 , 0 , 22 , 2 , 100 , 0 
08-Jan-2004 16:34,200103,HEATHROW,GERMANY,DRESDEN,BMI BRITISH MIDLAND,A,S, 0 , 0 , 0 , 0 , 0 , 0 , 0 , 0 , 0 , 0 , 23 , 73.9130434782609 , 11.3913043478261 
08-Jan-2004 16:34,200103,HEATHROW,GERMANY,DRESDEN,BMI BRITISH MIDLAND,D,S, 0 , 0 , 0 , 0 , 0 , 0 , 0 , 0 , 0 , 0 , 31 , 80.6451612903226 , 7.67741935483871 
08-Jan-2004 16:34,200103,HEATHROW,GERMANY,DUSSELDORF,BMI BRITISH MIDLAND,A,S, 20 , 0 , 100 , 0 , 0 , 0 , 0 , 0 , 2.4 , 1 , 0 , 0 , 0 
08-Jan-2004 16:34,200103,HEATHROW,GERMANY,DUSSELDORF,BMI BRITISH MIDLAND,D,S, 20 , 0 , 95 , 5 , 0 , 0 , 0 , 0 , 4.2 , 0 , 0 , 0 , 0 
08-Jan-2004 16:34,200103,HEATHROW,GERMANY,DUSSELDORF,BRITISH AIRWAYS PLC,A,S, 143 , 0 , 80.4195804195804 , 6.99300699300699 , 9.09090909090909 , 3.4965034965035 , 0 , 0 , 11.2867132867133 , 0 , 144 , 79.1666666666667 , 11.7708333333333 
08-Jan-2004 16:34,200103,HEATHROW,GERMANY,DUSSELDORF,BRITISH AIRWAYS PLC,D,S, 143 , 0 , 74.8251748251748 , 14.6853146853147 , 6.99300699300699 , 3.4965034965035 , 0 , 0 , 12.6993006993007 , 0 , 145 , 83.448275862069 , 7.07586206896552 
08-Jan-2004 16:34,200103,HEATHROW,GERMANY,DUSSELDORF,LUFTHANSA,A,S, 124 , 0 , 84.6774193548387 , 7.25806451612903 , 5.64516129032258 , 2.41935483870968 , 0 , 0 , 10.6532258064516 , 0 , 99 , 75.7575757575758 , 9.34343434343434 
08-Jan-2004 16:34,200103,HEATHROW,GERMANY,DUSSELDORF,LUFTHANSA,D,S, 124 , 0 , 91.1290322580645 , 4.83870967741935 , 1.61290322580645 , 2.41935483870968 , 0 , 0 , 6.70161290322581 , 0 , 99 , 89.8989898989899 , 3.33333333333333 
08-Jan-2004 16:34,200103,HEATHROW,GERMANY,FRANKFURT MAIN,BMI BRITISH MIDLAND,A,S, 0 , 0 , 0 , 0 , 0 , 0 , 0 , 0 , 0 , 0 , 120 , 62.5 , 15.6666666666667 
08-Jan-2004 16:34,200103,HEATHROW,GERMANY,FRANKFURT MAIN,BMI BRITISH MIDLAND,D,S, 0 , 0 , 0 , 0 , 0 , 0 , 0 , 0 , 0 , 0 , 120 , 74.1666666666667 , 11.575 
08-Jan-2004 16:34,200103,HEATHROW,GERMANY,FRANKFURT MAIN,BRITISH AIRWAYS PLC,A,S, 191 , 0 , 73.2984293193717 , 16.2303664921466 , 5.75916230366492 , 4.18848167539267 , 0.523560209424084 , 0 , 14.0104712041885 , 0 , 152 , 72.3684210526316 , 13.6513157894737 
08-Jan-2004 16:34,200103,HEATHROW,GERMANY,FRANKFURT MAIN,BRITISH AIRWAYS PLC,D,S, 191 , 0 , 69.1099476439791 , 19.3717277486911 , 5.23560209424084 , 6.28272251308901 , 0 , 0 , 15.0418848167539 , 0 , 152 , 74.3421052631579 , 12.0855263157895 
08-Jan-2004 16:34,200103,HEATHROW,GERMANY,FRANKFURT MAIN,LUFTHANSA,A,S, 307 , 0 , 68.4039087947883 , 19.2182410423453 , 7.16612377850163 , 4.88599348534202 , 0.325732899022801 , 0 , 15.1954397394137 , 1 , 248 , 67.741935483871 , 15.8467741935484 
08-Jan-2004 16:34,200103,HEATHROW,GERMANY,FRANKFURT MAIN,LUFTHANSA,D,S, 307 , 0 , 71.3355048859935 , 19.5439739413681 , 6.18892508143322 , 2.60586319218241 , 0.325732899022801 , 0 , 13.4788273615635 , 4 , 247 , 68.8259109311741 , 11.7206477732794 
08-Jan-2004 16:34,200103,HEATHROW,GERMANY,FRANKFURT MAIN,UNITED AIRLINES,A,S, 0 , 2 , 0 , 0 , 0 , 0 , 0 , 0 , 0 , 0 , 0 , 0 , 0 
08-Jan-2004 16:34,200103,HEATHROW,GERMANY,HAMBURG,BRITISH AIRWAYS PLC,A,S, 100 , 0 , 59 , 24 , 12 , 5 , 0 , 0 , 17.07 , 0 , 93 , 74.1935483870968 , 9.47311827956989 
08-Jan-2004 16:34,200103,HEATHROW,GERMANY,HAMBURG,BRITISH AIRWAYS PLC,D,S, 100 , 0 , 70 , 12 , 13 , 5 , 0 , 0 , 15.49 , 0 , 93 , 90.3225806451613 , 5.02150537634409 
08-Jan-2004 16:34,200103,HEATHROW,GERMANY,HAMBURG,LUFTHANSA,A,S, 90 , 0 , 70 , 21.1111111111111 , 3.33333333333333 , 5.55555555555556 , 0 , 0 , 13.2666666666667 , 3 , 124 , 75 , 10.758064516129 
08-Jan-2004 16:34,200103,HEATHROW,GERMANY,HAMBURG,LUFTHANSA,D,S, 89 , 0 , 76.4044943820225 , 14.6067415730337 , 5.61797752808989 , 3.37078651685393 , 0 , 0 , 10.4606741573034 , 4 , 123 , 91.0569105691057 , 4.82926829268293 
08-Jan-2004 16:34,200103,HEATHROW,GERMANY,HANOVER,BMI BRITISH MIDLAND,A,S, 77 , 0 , 70.1298701298701 , 10.3896103896104 , 9.09090909090909 , 10.3896103896104 , 0 , 0 , 17.2337662337662 , 0 , 93 , 79.5698924731183 , 9.44086021505376 
08-Jan-2004 16:34,200103,HEATHROW,GERMANY,HANOVER,BMI BRITISH MIDLAND,D,S, 78 , 0 , 70.5128205128205 , 12.8205128205128 , 6.41025641025641 , 10.2564102564103 , 0 , 0 , 17.1282051282051 , 0 , 93 , 88.1720430107527 , 6.58064516129032 
08-Jan-2004 16:34,200103,HEATHROW,GERMANY,HANOVER,BRITISH AIRWAYS PLC,A,S, 7 , 0 , 28.5714285714286 , 14.2857142857143 , 57.1428571428571 , 0 , 0 , 0 , 32.7142857142857 , 2 , 3 , 66.6666666666667 , 20 
08-Jan-2004 16:34,200103,HEATHROW,GERMANY,HANOVER,BRITISH AIRWAYS PLC,D,S, 8 , 0 , 25 , 62.5 , 12.5 , 0 , 0 , 0 , 18.5 , 0 , 3 , 100 , 4.33333333333333 
08-Jan-2004 16:34,200103,HEATHROW,GERMANY,HANOVER,LUFTHANSA,A,S, 31 , 0 , 74.1935483870968 , 12.9032258064516 , 9.67741935483871 , 3.2258064516129 , 0 , 0 , 10.7096774193548 , 0 , 0 , 0 , 0 
08-Jan-2004 16:34,200103,HEATHROW,GERMANY,HANOVER,LUFTHANSA,D,S, 31 , 0 , 90.3225806451613 , 6.45161290322581 , 0 , 3.2258064516129 , 0 , 0 , 6 , 0 , 0 , 0 , 0 
08-Jan-2004 16:34,200103,HEATHROW,GERMANY,MUNICH,BRITISH AIRWAYS PLC,A,S, 180 , 0 , 67.7777777777778 , 18.3333333333333 , 6.11111111111111 , 7.22222222222222 , 0.555555555555556 , 0 , 17.4777777777778 , 0 , 150 , 70.6666666666667 , 13.2333333333333 
08-Jan-2004 16:34,200103,HEATHROW,GERMANY,MUNICH,BRITISH AIRWAYS PLC,D,S, 180 , 0 , 71.6666666666667 , 15.5555555555556 , 7.77777777777778 , 5 , 0 , 0 , 13.9611111111111 , 0 , 150 , 86 , 7.04 
08-Jan-2004 16:34,200103,HEATHROW,GERMANY,MUNICH,LUFTHANSA,A,S, 177 , 0 , 81.9209039548023 , 11.2994350282486 , 3.95480225988701 , 2.82485875706215 , 0 , 0 , 9.35593220338983 , 1 , 154 , 70.1298701298701 , 13.3961038961039 
08-Jan-2004 16:34,200103,HEATHROW,GERMANY,MUNICH,LUFTHANSA,D,S, 177 , 0 , 83.6158192090395 , 11.2994350282486 , 2.82485875706215 , 2.25988700564972 , 0 , 0 , 8.57062146892655 , 1 , 154 , 81.8181818181818 , 9.95454545454546 
08-Jan-2004 16:34,200103,HEATHROW,GERMANY,NUREMBERG,LUFTHANSA,A,S, 0 , 0 , 0 , 0 , 0 , 0 , 0 , 0 , 0 , 0 , 25 , 72 , 11.44 
08-Jan-2004 16:34,200103,HEATHROW,GERMANY,NUREMBERG,LUFTHANSA,D,S, 0 , 0 , 0 , 0 , 0 , 0 , 0 , 0 , 0 , 0 , 25 , 76 , 9.52 
08-Jan-2004 16:34,200103,HEATHROW,GERMANY,STUTTGART,BMI BRITISH MIDLAND,A,S, 91 , 0 , 76.9230769230769 , 13.1868131868132 , 7.69230769230769 , 2.1978021978022 , 0 , 0 , 11.4615384615385 , 0 , 93 , 61.2903225806452 , 18.9139784946237 
08-Jan-2004 16:34,200103,HEATHROW,GERMANY,STUTTGART,BMI BRITISH MIDLAND,D,S, 91 , 0 , 80.2197802197802 , 12.0879120879121 , 4.3956043956044 , 3.2967032967033 , 0 , 0 , 9.24175824175824 , 0 , 93 , 72.0430107526882 , 12.7634408602151 
08-Jan-2004 16:34,200103,HEATHROW,GERMANY,STUTTGART,BRITISH AIRWAYS PLC,A,S, 116 , 0 , 78.448275862069 , 13.7931034482759 , 4.31034482758621 , 3.44827586206897 , 0 , 0 , 10.8103448275862 , 0 , 122 , 75.4098360655738 , 11.6885245901639 
08-Jan-2004 16:34,200103,HEATHROW,GERMANY,STUTTGART,BRITISH AIRWAYS PLC,D,S, 116 , 0 , 76.7241379310345 , 14.6551724137931 , 6.03448275862069 , 2.58620689655172 , 0 , 0 , 11.2241379310345 , 0 , 123 , 87.8048780487805 , 6.29268292682927 
08-Jan-2004 16:34,200103,HEATHROW,GERMANY,STUTTGART,LUFTHANSA,A,S, 24 , 0 , 91.6666666666667 , 0 , 8.33333333333333 , 0 , 0 , 0 , 3.625 , 0 , 0 , 0 , 0 
08-Jan-2004 16:34,200103,HEATHROW,GERMANY,STUTTGART,LUFTHANSA,D,S, 24 , 0 , 91.6666666666667 , 4.16666666666667 , 0 , 4.16666666666667 , 0 , 0 , 5 , 0 , 0 , 0 , 0 
08-Jan-2004 16:34,200103,HEATHROW,GHANA,ACCRA,GHANA AIRWAYS,A,S, 18 , 0 , 16.6666666666667 , 5.55555555555556 , 16.6666666666667 , 55.5555555555556 , 0 , 5.55555555555556 , 103.777777777778 , 0 , 16 , 18.75 , 54.5 
08-Jan-2004 16:34,200103,HEATHROW,GHANA,ACCRA,GHANA AIRWAYS,D,S, 18 , 0 , 0 , 5.55555555555556 , 27.7777777777778 , 44.4444444444444 , 16.6666666666667 , 5.55555555555556 , 113.944444444444 , 0 , 16 , 43.75 , 19.9375 
08-Jan-2004 16:34,200103,HEATHROW,GIBRALTAR,GIBRALTAR,GB AIRWAYS LTD,A,S, 7 , 0 , 85.7142857142857 , 14.2857142857143 , 0 , 0 , 0 , 0 , 7 , 0 , 0 , 0 , 0 
08-Jan-2004 16:34,200103,HEATHROW,GIBRALTAR,GIBRALTAR,GB AIRWAYS LTD,D,S, 7 , 0 , 100 , 0 , 0 , 0 , 0 , 0 , 4 , 0 , 0 , 0 , 0 
08-Jan-2004 16:34,200103,HEATHROW,GREECE,ATHENS,AEGEAN AIRLINES,A,S, 30 , 0 , 46.6666666666667 , 16.6666666666667 , 23.3333333333333 , 13.3333333333333 , 0 , 0 , 30.0666666666667 , 0 , 31 , 67.741935483871 , 13.1935483870968 
08-Jan-2004 16:34,200103,HEATHROW,GREECE,ATHENS,AEGEAN AIRLINES,D,S, 30 , 0 , 66.6666666666667 , 10 , 13.3333333333333 , 10 , 0 , 0 , 18.4 , 0 , 31 , 80.6451612903226 , 8.2258064516129 
08-Jan-2004 16:34,200103,HEATHROW,GREECE,ATHENS,BRITISH AIRWAYS PLC,A,S, 62 , 0 , 64.5161290322581 , 17.741935483871 , 11.2903225806452 , 6.45161290322581 , 0 , 0 , 16.9193548387097 , 0 , 62 , 87.0967741935484 , 7.12903225806452 
08-Jan-2004 16:34,200103,HEATHROW,GREECE,ATHENS,BRITISH AIRWAYS PLC,D,S, 62 , 0 , 69.3548387096774 , 16.1290322580645 , 11.2903225806452 , 3.2258064516129 , 0 , 0 , 13.8709677419355 , 0 , 62 , 85.4838709677419 , 6.7258064516129 
08-Jan-2004 16:34,200103,HEATHROW,GREECE,ATHENS,OLYMPIC AIRWAYS,A,S, 76 , 0 , 38.1578947368421 , 19.7368421052632 , 23.6842105263158 , 13.1578947368421 , 5.26315789473684 , 0 , 42.6710526315789 , 0 , 74 , 24.3243243243243 , 30.5675675675676 
08-Jan-2004 16:34,200103,HEATHROW,GREECE,ATHENS,OLYMPIC AIRWAYS,D,S, 76 , 0 , 42.1052631578947 , 28.9473684210526 , 14.4736842105263 , 9.21052631578947 , 5.26315789473684 , 0 , 39.75 , 0 , 74 , 59.4594594594595 , 22.4054054054054 
08-Jan-2004 16:34,200103,HEATHROW,GREECE,ATHENS,PRIVATAIR SA,A,C, 0 , 1 , 0 , 0 , 0 , 0 , 0 , 0 , 0 , 0 , 0 , 0 , 0 
08-Jan-2004 16:34,200103,HEATHROW,GREECE,ATHENS,VIRGIN ATLANTIC AIRWAYS LTD,A,S, 31 , 0 , 58.0645161290323 , 16.1290322580645 , 16.1290322580645 , 9.67741935483871 , 0 , 0 , 22.3870967741935 , 0 , 31 , 83.8709677419355 , 5.93548387096774 
08-Jan-2004 16:34,200103,HEATHROW,GREECE,ATHENS,VIRGIN ATLANTIC AIRWAYS LTD,D,S, 31 , 0 , 58.0645161290323 , 35.4838709677419 , 0 , 3.2258064516129 , 3.2258064516129 , 0 , 24.3548387096774 , 0 , 31 , 77.4193548387097 , 11.1935483870968 
08-Jan-2004 16:34,200103,HEATHROW,HONG KONG,HONG KONG (CHEP LAP KOK),BRITISH AIRWAYS PLC,A,S, 31 , 0 , 87.0967741935484 , 6.45161290322581 , 0 , 6.45161290322581 , 0 , 0 , 9.12903225806452 , 216 , 31 , 77.4193548387097 , 14.741935483871 
08-Jan-2004 16:34,200103,HEATHROW,HONG KONG,HONG KONG (CHEP LAP KOK),BRITISH AIRWAYS PLC,D,S, 31 , 0 , 77.4193548387097 , 6.45161290322581 , 6.45161290322581 , 3.2258064516129 , 6.45161290322581 , 0 , 21.9354838709677 , 0 , 31 , 93.5483870967742 , 6.80645161290323 
08-Jan-2004 16:34,200103,HEATHROW,HONG KONG,HONG KONG (CHEP LAP KOK),CATHAY PACIFIC AIRWAYS,A,S, 59 , 0 , 61.0169491525424 , 20.3389830508475 , 3.38983050847458 , 1.69491525423729 , 0 , 13.5593220338983 , 74.2033898305085 , 227 , 62 , 67.741935483871 , 36.5806451612903 
08-Jan-2004 16:34,200103,HEATHROW,HONG KONG,HONG KONG (CHEP LAP KOK),CATHAY PACIFIC AIRWAYS,D,S, 59 , 0 , 74.5762711864407 , 20.3389830508475 , 3.38983050847458 , 1.69491525423729 , 0 , 0 , 10.8305084745763 , 10 , 62 , 82.258064516129 , 11.9677419354839 
08-Jan-2004 16:34,200103,HEATHROW,HONG KONG,HONG KONG (CHEP LAP KOK),VIRGIN ATLANTIC AIRWAYS LTD,A,S, 30 , 0 , 63.3333333333333 , 20 , 16.6666666666667 , 0 , 0 , 0 , 14.5666666666667 , 0 , 31 , 48.3870967741935 , 34.741935483871 
08-Jan-2004 16:34,200103,HEATHROW,HONG KONG,HONG KONG (CHEP LAP KOK),VIRGIN ATLANTIC AIRWAYS LTD,D,S, 31 , 0 , 77.4193548387097 , 12.9032258064516 , 6.45161290322581 , 3.2258064516129 , 0 , 0 , 9.03225806451613 , 0 , 31 , 87.0967741935484 , 15.6774193548387 
08-Jan-2004 16:34,200103,HEATHROW,HUNGARY,BUDAPEST,BMI BRITISH MIDLAND,A,S, 0 , 0 , 0 , 0 , 0 , 0 , 0 , 0 , 0 , 0 , 31 , 48.3870967741935 , 26.7096774193548 
08-Jan-2004 16:34,200103,HEATHROW,HUNGARY,BUDAPEST,BMI BRITISH MIDLAND,D,S, 0 , 0 , 0 , 0 , 0 , 0 , 0 , 0 , 0 , 0 , 31 , 74.1935483870968 , 18.1935483870968 
08-Jan-2004 16:34,200103,HEATHROW,HUNGARY,BUDAPEST,BRITISH AIRWAYS PLC,A,S, 69 , 0 , 69.5652173913043 , 17.3913043478261 , 4.34782608695652 , 5.79710144927536 , 1.44927536231884 , 1.44927536231884 , 34.7391304347826 , 0 , 62 , 72.5806451612903 , 17.6935483870968 
08-Jan-2004 16:34,200103,HEATHROW,HUNGARY,BUDAPEST,BRITISH AIRWAYS PLC,D,S, 69 , 0 , 65.2173913043478 , 18.8405797101449 , 7.2463768115942 , 7.2463768115942 , 1.44927536231884 , 0 , 19.3478260869565 , 0 , 62 , 80.6451612903226 , 12.0645161290323 
08-Jan-2004 16:34,200103,HEATHROW,HUNGARY,BUDAPEST,MALEV (HUNGARIAN AIRLINES),A,S, 61 , 1 , 45.9016393442623 , 32.7868852459016 , 13.1147540983607 , 8.19672131147541 , 0 , 0 , 22.4426229508197 , 0 , 62 , 40.3225806451613 , 26.2258064516129 
08-Jan-2004 16:34,200103,HEATHROW,HUNGARY,BUDAPEST,MALEV (HUNGARIAN AIRLINES),D,S, 61 , 1 , 72.1311475409836 , 18.0327868852459 , 3.27868852459016 , 6.55737704918033 , 0 , 0 , 14.672131147541 , 0 , 62 , 79.0322580645161 , 11.3548387096774 
08-Jan-2004 16:34,200103,HEATHROW,ICELAND,KEFLAVIK,ICELANDAIR,A,S, 49 , 0 , 87.7551020408163 , 8.16326530612245 , 2.04081632653061 , 2.04081632653061 , 0 , 0 , 5.53061224489796 , 0 , 49 , 65.3061224489796 , 20.7959183673469 
08-Jan-2004 16:34,200103,HEATHROW,ICELAND,KEFLAVIK,ICELANDAIR,D,S, 49 , 0 , 61.2244897959184 , 24.4897959183673 , 10.2040816326531 , 4.08163265306122 , 0 , 0 , 14.7551020408163 , 0 , 49 , 61.2244897959184 , 24.469387755102 
08-Jan-2004 16:34,200103,HEATHROW,INDIA,BANGALORE,AIR INDIA,A,S, 0 , 0 , 0 , 0 , 0 , 0 , 0 , 0 , 0 , 0 , 4 , 25 , 49.25 
08-Jan-2004 16:34,200103,HEATHROW,INDIA,BANGALORE,AIR INDIA,D,S, 0 , 0 , 0 , 0 , 0 , 0 , 0 , 0 , 0 , 0 , 9 , 22.2222222222222 , 53 
08-Jan-2004 16:34,200103,HEATHROW,INDIA,CALCUTTA,BRITISH AIRWAYS PLC,A,S, 0 , 0 , 0 , 0 , 0 , 0 , 0 , 0 , 0 , 0 , 9 , 77.7777777777778 , 6.88888888888889 
08-Jan-2004 16:34,200103,HEATHROW,INDIA,CALCUTTA,BRITISH AIRWAYS PLC,D,S, 0 , 0 , 0 , 0 , 0 , 0 , 0 , 0 , 0 , 0 , 9 , 88.8888888888889 , 8.11111111111111 
08-Jan-2004 16:34,200103,HEATHROW,INDIA,DELHI,BRITISH AIRWAYS PLC,A,S, 31 , 0 , 67.741935483871 , 3.2258064516129 , 12.9032258064516 , 12.9032258064516 , 3.2258064516129 , 0 , 30.7741935483871 , 0 , 0 , 0 , 0 
08-Jan-2004 16:34,200103,HEATHROW,INDIA,DELHI,BRITISH AIRWAYS PLC,D,S, 31 , 0 , 51.6129032258064 , 16.1290322580645 , 9.67741935483871 , 16.1290322580645 , 6.45161290322581 , 0 , 37.9354838709677 , 0 , 0 , 0 , 0 
08-Jan-2004 16:34,200103,HEATHROW,INDIA,DELHI,VIRGIN ATLANTIC AIRWAYS LTD,A,S, 10 , 0 , 0 , 30 , 40 , 30 , 0 , 0 , 46.5 , 3 , 0 , 0 , 0 
08-Jan-2004 16:34,200103,HEATHROW,INDIA,DELHI,VIRGIN ATLANTIC AIRWAYS LTD,D,S, 9 , 0 , 22.2222222222222 , 44.4444444444444 , 33.3333333333333 , 0 , 0 , 0 , 24.5555555555556 , 3 , 0 , 0 , 0 
08-Jan-2004 16:34,200103,HEATHROW,INDIA,MADRAS/CHENNAI,BRITISH AIRWAYS PLC,A,S, 8 , 0 , 75 , 25 , 0 , 0 , 0 , 0 , 7 , 0 , 9 , 66.6666666666667 , 27.1111111111111 
08-Jan-2004 16:34,200103,HEATHROW,INDIA,MADRAS/CHENNAI,BRITISH AIRWAYS PLC,D,S, 9 , 0 , 66.6666666666667 , 11.1111111111111 , 11.1111111111111 , 11.1111111111111 , 0 , 0 , 22.4444444444444 , 0 , 8 , 75 , 21 
08-Jan-2004 16:34,200103,HEATHROW,INDIA,MUMBAI,AIR INDIA,A,S, 44 , 0 , 29.5454545454545 , 18.1818181818182 , 34.0909090909091 , 15.9090909090909 , 2.27272727272727 , 0 , 36.1363636363636 , 0 , 42 , 9.52380952380952 , 67.8809523809524 
08-Jan-2004 16:34,200103,HEATHROW,INDIA,MUMBAI,AIR INDIA,D,S, 43 , 1 , 51.1627906976744 , 23.2558139534884 , 16.2790697674419 , 9.30232558139535 , 0 , 0 , 24.1162790697674 , 0 , 34 , 8.82352941176471 , 54.8529411764706 
08-Jan-2004 16:34,200103,HEATHROW,INDIA,MUMBAI,BRITISH AIRWAYS PLC,A,S, 31 , 0 , 67.741935483871 , 19.3548387096774 , 0 , 9.67741935483871 , 3.2258064516129 , 0 , 21.6774193548387 , 0 , 31 , 64.5161290322581 , 22.3548387096774 
08-Jan-2004 16:34,200103,HEATHROW,INDIA,MUMBAI,BRITISH AIRWAYS PLC,D,S, 31 , 0 , 67.741935483871 , 9.67741935483871 , 16.1290322580645 , 3.2258064516129 , 3.2258064516129 , 0 , 24.4193548387097 , 0 , 31 , 77.4193548387097 , 10.8387096774194 
08-Jan-2004 16:34,200103,HEATHROW,IRAN,TEHRAN,BRITISH AIRWAYS PLC,A,S, 0 , 0 , 0 , 0 , 0 , 0 , 0 , 0 , 0 , 0 , 14 , 78.5714285714286 , 7.14285714285714 
08-Jan-2004 16:34,200103,HEATHROW,IRAN,TEHRAN,BRITISH AIRWAYS PLC,D,S, 0 , 0 , 0 , 0 , 0 , 0 , 0 , 0 , 0 , 0 , 13 , 76.9230769230769 , 10.0769230769231 
08-Jan-2004 16:34,200103,HEATHROW,IRAN,TEHRAN,BRITISH MEDITERRANEAN AIRWAYS,A,S, 17 , 0 , 41.1764705882353 , 35.2941176470588 , 11.7647058823529 , 5.88235294117647 , 5.88235294117647 , 0 , 35.3529411764706 , 0 , 0 , 0 , 0 
08-Jan-2004 16:34,200103,HEATHROW,IRAN,TEHRAN,BRITISH MEDITERRANEAN AIRWAYS,D,S, 18 , 0 , 27.7777777777778 , 27.7777777777778 , 0 , 38.8888888888889 , 5.55555555555556 , 0 , 55 , 0 , 0 , 0 , 0 
08-Jan-2004 16:34,200103,HEATHROW,IRAN,TEHRAN,IRAN AIR,A,S, 13 , 0 , 23.0769230769231 , 15.3846153846154 , 53.8461538461538 , 7.69230769230769 , 0 , 0 , 37.6153846153846 , 1 , 13 , 61.5384615384615 , 15.6923076923077 
08-Jan-2004 16:34,200103,HEATHROW,IRAN,TEHRAN,IRAN AIR,D,S, 13 , 0 , 38.4615384615385 , 15.3846153846154 , 23.0769230769231 , 15.3846153846154 , 7.69230769230769 , 0 , 44 , 1 , 13 , 30.7692307692308 , 24.2307692307692 
08-Jan-2004 16:34,200103,HEATHROW,IRISH REPUBLIC,CORK,AER LINGUS,A,S, 99 , 0 , 84.8484848484849 , 10.1010101010101 , 4.04040404040404 , 0 , 1.01010101010101 , 0 , 7.29292929292929 , 0 , 99 , 78.7878787878788 , 15.1414141414141 
08-Jan-2004 16:34,200103,HEATHROW,IRISH REPUBLIC,CORK,AER LINGUS,D,S, 99 , 0 , 81.8181818181818 , 8.08080808080808 , 9.09090909090909 , 0 , 1.01010101010101 , 0 , 10.1515151515152 , 0 , 99 , 71.7171717171717 , 20.020202020202 
08-Jan-2004 16:34,200103,HEATHROW,IRISH REPUBLIC,DUBLIN,AER LINGUS,A,S, 384 , 1 , 69.53125 , 21.3541666666667 , 6.51041666666667 , 2.60416666666667 , 0 , 0 , 12.8489583333333 , 0 , 400 , 60 , 18.0625 
08-Jan-2004 16:34,200103,HEATHROW,IRISH REPUBLIC,DUBLIN,AER LINGUS,D,S, 383 , 1 , 78.5900783289817 , 11.7493472584856 , 6.52741514360313 , 2.87206266318538 , 0.261096605744125 , 0 , 10.9608355091384 , 0 , 399 , 68.1704260651629 , 15.7418546365915 
08-Jan-2004 16:34,200103,HEATHROW,IRISH REPUBLIC,DUBLIN,BMI BRITISH MIDLAND,A,S, 243 , 3 , 55.5555555555556 , 23.0452674897119 , 13.9917695473251 , 7.40740740740741 , 0 , 0 , 20.0617283950617 , 0 , 244 , 63.9344262295082 , 18.5040983606557 
08-Jan-2004 16:34,200103,HEATHROW,IRISH REPUBLIC,DUBLIN,BMI BRITISH MIDLAND,D,S, 244 , 3 , 62.2950819672131 , 20.9016393442623 , 12.2950819672131 , 4.50819672131148 , 0 , 0 , 15.8319672131148 , 0 , 244 , 70.0819672131148 , 15.9385245901639 
08-Jan-2004 16:34,200103,HEATHROW,IRISH REPUBLIC,SHANNON,AER LINGUS,A,S, 95 , 0 , 77.8947368421053 , 11.5789473684211 , 5.26315789473684 , 5.26315789473684 , 0 , 0 , 11.8842105263158 , 0 , 95 , 52.6315789473684 , 25.1052631578947 
08-Jan-2004 16:34,200103,HEATHROW,IRISH REPUBLIC,SHANNON,AER LINGUS,D,S, 95 , 0 , 77.8947368421053 , 12.6315789473684 , 3.15789473684211 , 6.31578947368421 , 0 , 0 , 12.6421052631579 , 0 , 95 , 56.8421052631579 , 25.4526315789474 
08-Jan-2004 16:34,200103,HEATHROW,ISRAEL,OVDA,EL AL,A,S, 9 , 0 , 88.8888888888889 , 11.1111111111111 , 0 , 0 , 0 , 0 , 5.11111111111111 , 0 , 9 , 55.5555555555556 , 12.3333333333333 
08-Jan-2004 16:34,200103,HEATHROW,ISRAEL,OVDA,EL AL,D,S, 9 , 0 , 77.7777777777778 , 11.1111111111111 , 11.1111111111111 , 0 , 0 , 0 , 12.1111111111111 , 0 , 9 , 88.8888888888889 , 5 
08-Jan-2004 16:34,200103,HEATHROW,ISRAEL,TEL AVIV,ARKIA,A,C, 4 , 0 , 25 , 75 , 0 , 0 , 0 , 0 , 16.25 , 0 , 7 , 71.4285714285714 , 21.4285714285714 
08-Jan-2004 16:34,200103,HEATHROW,ISRAEL,TEL AVIV,ARKIA,D,C, 4 , 0 , 75 , 0 , 0 , 25 , 0 , 0 , 20.25 , 0 , 7 , 85.7142857142857 , 8.71428571428571 
08-Jan-2004 16:34,200103,HEATHROW,ISRAEL,TEL AVIV,BRITISH AIRWAYS PLC,A,S, 74 , 2 , 75.6756756756757 , 10.8108108108108 , 8.10810810810811 , 5.40540540540541 , 0 , 0 , 12.3108108108108 , 2 , 43 , 79.0697674418605 , 9.04651162790698 
08-Jan-2004 16:34,200103,HEATHROW,ISRAEL,TEL AVIV,BRITISH AIRWAYS PLC,D,S, 77 , 0 , 81.8181818181818 , 5.19480519480519 , 2.5974025974026 , 9.09090909090909 , 1.2987012987013 , 0 , 16.4805194805195 , 0 , 43 , 86.046511627907 , 8.09302325581395 
08-Jan-2004 16:34,200103,HEATHROW,ISRAEL,TEL AVIV,EL AL,A,S, 40 , 0 , 30 , 22.5 , 30 , 15 , 0 , 2.5 , 40.675 , 7 , 37 , 37.8378378378378 , 24.9189189189189 
08-Jan-2004 16:34,200103,HEATHROW,ISRAEL,TEL AVIV,EL AL,D,S, 41 , 0 , 48.780487804878 , 26.8292682926829 , 21.9512195121951 , 0 , 0 , 2.4390243902439 , 26.8048780487805 , 0 , 39 , 48.7179487179487 , 21.1794871794872 
08-Jan-2004 16:34,200103,HEATHROW,ITALY,BOLOGNA,BRITISH AIRWAYS PLC,A,S, 88 , 0 , 45.4545454545455 , 29.5454545454545 , 13.6363636363636 , 10.2272727272727 , 1.13636363636364 , 0 , 26.4431818181818 , 0 , 57 , 35.0877192982456 , 31.6491228070175 
08-Jan-2004 16:34,200103,HEATHROW,ITALY,BOLOGNA,BRITISH AIRWAYS PLC,D,S, 88 , 0 , 72.7272727272727 , 20.4545454545455 , 6.81818181818182 , 0 , 0 , 0 , 11.0340909090909 , 0 , 57 , 66.6666666666667 , 15.280701754386 
08-Jan-2004 16:34,200103,HEATHROW,ITALY,MILAN (LINATE),ALITALIA,A,S, 92 , 0 , 69.5652173913043 , 25 , 3.26086956521739 , 2.17391304347826 , 0 , 0 , 11.3478260869565 , 0 , 61 , 52.4590163934426 , 23.1967213114754 
08-Jan-2004 16:34,200103,HEATHROW,ITALY,MILAN (LINATE),ALITALIA,D,S, 91 , 0 , 74.7252747252747 , 14.2857142857143 , 7.69230769230769 , 3.2967032967033 , 0 , 0 , 10.5714285714286 , 0 , 98 , 78.5714285714286 , 13.2959183673469 
08-Jan-2004 16:34,200103,HEATHROW,ITALY,MILAN (LINATE),BRITISH AIRWAYS PLC,A,S, 93 , 0 , 54.8387096774194 , 23.6559139784946 , 19.3548387096774 , 1.0752688172043 , 1.0752688172043 , 0 , 19.4408602150538 , 0 , 95 , 62.1052631578947 , 20.2526315789474 
08-Jan-2004 16:34,200103,HEATHROW,ITALY,MILAN (LINATE),BRITISH AIRWAYS PLC,D,S, 93 , 0 , 62.3655913978495 , 27.9569892473118 , 5.37634408602151 , 3.2258064516129 , 1.0752688172043 , 0 , 16.6559139784946 , 0 , 99 , 84.8484848484849 , 10.3535353535354 
08-Jan-2004 16:34,200103,HEATHROW,ITALY,MILAN (MALPENSA),ALITALIA,A,S, 151 , 0 , 40.3973509933775 , 25.8278145695364 , 29.8013245033113 , 3.97350993377483 , 0 , 0 , 25.2185430463576 , 0 , 183 , 41.5300546448088 , 27.5409836065574 
08-Jan-2004 16:34,200103,HEATHROW,ITALY,MILAN (MALPENSA),ALITALIA,D,S, 152 , 0 , 65.7894736842105 , 19.0789473684211 , 11.1842105263158 , 3.28947368421053 , 0.657894736842105 , 0 , 15.7828947368421 , 0 , 146 , 71.9178082191781 , 13.3082191780822 
08-Jan-2004 16:34,200103,HEATHROW,ITALY,MILAN (MALPENSA),BMI BRITISH MIDLAND,A,S, 139 , 0 , 44.6043165467626 , 30.9352517985612 , 20.1438848920863 , 4.31654676258993 , 0 , 0 , 22.1654676258993 , 2 , 0 , 0 , 0 
08-Jan-2004 16:34,200103,HEATHROW,ITALY,MILAN (MALPENSA),BMI BRITISH MIDLAND,D,S, 140 , 0 , 69.2857142857143 , 22.1428571428571 , 6.42857142857143 , 2.14285714285714 , 0 , 0 , 11.8928571428571 , 2 , 0 , 0 , 0 
08-Jan-2004 16:34,200103,HEATHROW,ITALY,MILAN (MALPENSA),BRITISH AIRWAYS PLC,A,S, 67 , 0 , 44.7761194029851 , 26.865671641791 , 25.3731343283582 , 2.98507462686567 , 0 , 0 , 22.3134328358209 , 0 , 30 , 50 , 18.6 
08-Jan-2004 16:34,200103,HEATHROW,ITALY,MILAN (MALPENSA),BRITISH AIRWAYS PLC,D,S, 68 , 0 , 80.8823529411765 , 10.2941176470588 , 5.88235294117647 , 2.94117647058824 , 0 , 0 , 11.1764705882353 , 0 , 31 , 77.4193548387097 , 7.93548387096774 
08-Jan-2004 16:34,200103,HEATHROW,ITALY,PALERMO,BMI BRITISH MIDLAND,A,C, 3 , 0 , 33.3333333333333 , 33.3333333333333 , 33.3333333333333 , 0 , 0 , 0 , 20.3333333333333 , 0 , 0 , 0 , 0 
08-Jan-2004 16:34,200103,HEATHROW,ITALY,PALERMO,BMI BRITISH MIDLAND,D,C, 3 , 0 , 66.6666666666667 , 33.3333333333333 , 0 , 0 , 0 , 0 , 14.6666666666667 , 0 , 0 , 0 , 0 
08-Jan-2004 16:34,200103,HEATHROW,ITALY,ROME (CIAMPINO),BMI BRITISH MIDLAND,A,C, 0 , 0 , 0 , 0 , 0 , 0 , 0 , 0 , 0 , 0 , 1 , 0 , 27 
08-Jan-2004 16:34,200103,HEATHROW,ITALY,ROME (CIAMPINO),BMI BRITISH MIDLAND,D,C, 0 , 0 , 0 , 0 , 0 , 0 , 0 , 0 , 0 , 0 , 1 , 0 , 47 
08-Jan-2004 16:34,200103,HEATHROW,ITALY,ROME (FIUMICINO),ALITALIA,A,S, 153 , 0 , 51.6339869281046 , 30.0653594771242 , 14.3790849673203 , 3.92156862745098 , 0 , 0 , 18.9607843137255 , 0 , 153 , 54.2483660130719 , 22.4575163398693 
08-Jan-2004 16:34,200103,HEATHROW,ITALY,ROME (FIUMICINO),ALITALIA,D,S, 153 , 0 , 62.7450980392157 , 16.9934640522876 , 13.0718954248366 , 5.88235294117647 , 1.30718954248366 , 0 , 19.9411764705882 , 0 , 153 , 56.8627450980392 , 24.5947712418301 
08-Jan-2004 16:34,200103,HEATHROW,ITALY,ROME (FIUMICINO),BMI BRITISH MIDLAND,A,S, 121 , 0 , 56.198347107438 , 24.7933884297521 , 12.396694214876 , 6.61157024793388 , 0 , 0 , 18.5619834710744 , 2 , 0 , 0 , 0 
08-Jan-2004 16:34,200103,HEATHROW,ITALY,ROME (FIUMICINO),BMI BRITISH MIDLAND,D,S, 121 , 0 , 71.0743801652893 , 14.8760330578512 , 8.26446280991736 , 5.78512396694215 , 0 , 0 , 15.8099173553719 , 2 , 0 , 0 , 0 
08-Jan-2004 16:34,200103,HEATHROW,ITALY,ROME (FIUMICINO),BRITISH AIRWAYS PLC,A,S, 152 , 0 , 63.8157894736842 , 19.0789473684211 , 11.8421052631579 , 3.94736842105263 , 0.657894736842105 , 0.657894736842105 , 20.0789473684211 , 0 , 124 , 72.5806451612903 , 19.0645161290323 
08-Jan-2004 16:34,200103,HEATHROW,ITALY,ROME (FIUMICINO),BRITISH AIRWAYS PLC,D,S, 152 , 0 , 77.6315789473684 , 12.5 , 5.92105263157895 , 3.94736842105263 , 0 , 0 , 12.4605263157895 , 0 , 124 , 76.6129032258064 , 15.0564516129032 
08-Jan-2004 16:34,200103,HEATHROW,ITALY,VENICE,BRITISH AIRWAYS PLC,A,S, 0 , 0 , 0 , 0 , 0 , 0 , 0 , 0 , 0 , 0 , 62 , 41.9354838709677 , 23.5806451612903 
08-Jan-2004 16:34,200103,HEATHROW,ITALY,VENICE,BRITISH AIRWAYS PLC,D,S, 0 , 0 , 0 , 0 , 0 , 0 , 0 , 0 , 0 , 0 , 62 , 62.9032258064516 , 16.3225806451613 
08-Jan-2004 16:34,200103,HEATHROW,JAMAICA,KINGSTON,AIR JAMAICA,A,S, 22 , 0 , 36.3636363636364 , 9.09090909090909 , 27.2727272727273 , 22.7272727272727 , 4.54545454545455 , 0 , 51.3636363636364 , 0 , 21 , 19.047619047619 , 54.4285714285714 
08-Jan-2004 16:34,200103,HEATHROW,JAMAICA,KINGSTON,AIR JAMAICA,D,S, 22 , 0 , 9.09090909090909 , 31.8181818181818 , 31.8181818181818 , 22.7272727272727 , 4.54545454545455 , 0 , 59.2727272727273 , 0 , 21 , 14.2857142857143 , 59.3333333333333 
08-Jan-2004 16:34,200103,HEATHROW,JAPAN,NAGOYA (AFB),JAPAN AIRLINES,A,S, 9 , 0 , 55.5555555555556 , 11.1111111111111 , 33.3333333333333 , 0 , 0 , 0 , 15.1111111111111 , 0 , 9 , 66.6666666666667 , 14.7777777777778 
08-Jan-2004 16:34,200103,HEATHROW,JAPAN,NAGOYA (AFB),JAPAN AIRLINES,D,S, 9 , 0 , 66.6666666666667 , 22.2222222222222 , 11.1111111111111 , 0 , 0 , 0 , 15 , 0 , 9 , 66.6666666666667 , 10.8888888888889 
08-Jan-2004 16:34,200103,HEATHROW,JAPAN,OSAKA (KANSAI),ALL NIPPON AIRWAYS,A,S, 0 , 0 , 0 , 0 , 0 , 0 , 0 , 0 , 0 , 0 , 22 , 59.0909090909091 , 19.7727272727273 
08-Jan-2004 16:34,200103,HEATHROW,JAPAN,OSAKA (KANSAI),ALL NIPPON AIRWAYS,D,S, 0 , 0 , 0 , 0 , 0 , 0 , 0 , 0 , 0 , 0 , 22 , 72.7272727272727 , 17.4090909090909 
08-Jan-2004 16:34,200103,HEATHROW,JAPAN,OSAKA (KANSAI),JAPAN AIRLINES,A,S, 31 , 0 , 96.7741935483871 , 0 , 3.2258064516129 , 0 , 0 , 0 , 3.29032258064516 , 0 , 31 , 45.1612903225806 , 36.9032258064516 
08-Jan-2004 16:34,200103,HEATHROW,JAPAN,OSAKA (KANSAI),JAPAN AIRLINES,D,S, 31 , 0 , 70.9677419354839 , 9.67741935483871 , 19.3548387096774 , 0 , 0 , 0 , 14.5161290322581 , 0 , 31 , 80.6451612903226 , 21 
08-Jan-2004 16:34,200103,HEATHROW,JAPAN,TOKYO (NARITA),AEROFLOT,A,S, 8 , 0 , 50 , 0 , 25 , 25 , 0 , 0 , 36.5 , 0 , 8 , 87.5 , 5.5 
08-Jan-2004 16:34,200103,HEATHROW,JAPAN,TOKYO (NARITA),AEROFLOT,D,S, 9 , 0 , 22.2222222222222 , 33.3333333333333 , 11.1111111111111 , 33.3333333333333 , 0 , 0 , 41.3333333333333 , 0 , 9 , 44.4444444444444 , 17.7777777777778 
08-Jan-2004 16:34,200103,HEATHROW,JAPAN,TOKYO (NARITA),ALL NIPPON AIRWAYS,A,S, 31 , 0 , 83.8709677419355 , 6.45161290322581 , 9.67741935483871 , 0 , 0 , 0 , 7.32258064516129 , 0 , 31 , 67.741935483871 , 13.8709677419355 
08-Jan-2004 16:34,200103,HEATHROW,JAPAN,TOKYO (NARITA),ALL NIPPON AIRWAYS,D,S, 31 , 0 , 74.1935483870968 , 16.1290322580645 , 6.45161290322581 , 3.2258064516129 , 0 , 0 , 14.6774193548387 , 0 , 31 , 83.8709677419355 , 9.96774193548387 
08-Jan-2004 16:34,200103,HEATHROW,JAPAN,TOKYO (NARITA),BRITISH AIRWAYS PLC,A,S, 60 , 0 , 81.6666666666667 , 11.6666666666667 , 3.33333333333333 , 3.33333333333333 , 0 , 0 , 8.63333333333333 , 0 , 62 , 74.1935483870968 , 36.6612903225806 
08-Jan-2004 16:34,200103,HEATHROW,JAPAN,TOKYO (NARITA),BRITISH AIRWAYS PLC,D,S, 60 , 0 , 53.3333333333333 , 18.3333333333333 , 18.3333333333333 , 10 , 0 , 0 , 24.7 , 0 , 62 , 64.5161290322581 , 19.5967741935484 
08-Jan-2004 16:34,200103,HEATHROW,JAPAN,TOKYO (NARITA),JAPAN AIRLINES,A,S, 39 , 1 , 94.8717948717949 , 5.12820512820513 , 0 , 0 , 0 , 0 , 1.43589743589744 , 10 , 36 , 86.1111111111111 , 4.61111111111111 
08-Jan-2004 16:34,200103,HEATHROW,JAPAN,TOKYO (NARITA),JAPAN AIRLINES,D,S, 35 , 0 , 65.7142857142857 , 28.5714285714286 , 5.71428571428571 , 0 , 0 , 0 , 12.8571428571429 , 10 , 35 , 80 , 9.68571428571429 
08-Jan-2004 16:34,200103,HEATHROW,JAPAN,TOKYO (NARITA),VIRGIN ATLANTIC AIRWAYS LTD,A,S, 31 , 0 , 74.1935483870968 , 12.9032258064516 , 9.67741935483871 , 3.2258064516129 , 0 , 0 , 10.2903225806452 , 0 , 31 , 51.6129032258064 , 26.258064516129 
08-Jan-2004 16:34,200103,HEATHROW,JAPAN,TOKYO (NARITA),VIRGIN ATLANTIC AIRWAYS LTD,D,S, 31 , 0 , 64.5161290322581 , 19.3548387096774 , 9.67741935483871 , 6.45161290322581 , 0 , 0 , 16.0645161290323 , 0 , 31 , 54.8387096774194 , 24.6129032258065 
08-Jan-2004 16:34,200103,HEATHROW,JORDAN,AMMAN,BRITISH MEDITERRANEAN AIRWAYS,A,S, 30 , 1 , 80 , 16.6666666666667 , 3.33333333333333 , 0 , 0 , 0 , 6.26666666666667 , 0 , 31 , 87.0967741935484 , 7.90322580645161 
08-Jan-2004 16:34,200103,HEATHROW,JORDAN,AMMAN,BRITISH MEDITERRANEAN AIRWAYS,D,S, 30 , 0 , 50 , 13.3333333333333 , 6.66666666666667 , 20 , 10 , 0 , 53.5 , 0 , 31 , 61.2903225806452 , 16.5483870967742 
08-Jan-2004 16:34,200103,HEATHROW,JORDAN,AMMAN,ROYAL JORDANIAN,A,S, 31 , 0 , 32.258064516129 , 25.8064516129032 , 12.9032258064516 , 12.9032258064516 , 12.9032258064516 , 3.2258064516129 , 73.3870967741936 , 0 , 31 , 29.0322580645161 , 73.8709677419355 
08-Jan-2004 16:34,200103,HEATHROW,JORDAN,AMMAN,ROYAL JORDANIAN,D,S, 30 , 0 , 70 , 10 , 6.66666666666667 , 13.3333333333333 , 0 , 0 , 24.0333333333333 , 0 , 31 , 38.7096774193548 , 38.0967741935484 
08-Jan-2004 16:34,200103,HEATHROW,KENYA,NAIROBI,KENYA AIRWAYS,A,S, 29 , 0 , 51.7241379310345 , 24.1379310344828 , 17.2413793103448 , 6.89655172413793 , 0 , 0 , 21.7931034482759 , 0 , 26 , 42.3076923076923 , 23.7307692307692 
08-Jan-2004 16:34,200103,HEATHROW,KENYA,NAIROBI,KENYA AIRWAYS,D,S, 29 , 0 , 86.2068965517241 , 3.44827586206897 , 6.89655172413793 , 3.44827586206897 , 0 , 0 , 9 , 0 , 27 , 100 , 1.44444444444444 
08-Jan-2004 16:34,200103,HEATHROW,KUWAIT,KUWAIT,BRITISH AIRWAYS PLC,A,S, 31 , 0 , 96.7741935483871 , 0 , 0 , 0 , 3.2258064516129 , 0 , 8.38709677419355 , 0 , 31 , 96.7741935483871 , 1.7741935483871 
08-Jan-2004 16:34,200103,HEATHROW,KUWAIT,KUWAIT,BRITISH AIRWAYS PLC,D,S, 31 , 0 , 74.1935483870968 , 12.9032258064516 , 3.2258064516129 , 9.67741935483871 , 0 , 0 , 18.1612903225806 , 0 , 31 , 90.3225806451613 , 6.29032258064516 
08-Jan-2004 16:34,200103,HEATHROW,KUWAIT,KUWAIT,KUWAIT AIRWAYS,A,S, 31 , 0 , 61.2903225806452 , 16.1290322580645 , 19.3548387096774 , 3.2258064516129 , 0 , 0 , 18.9677419354839 , 0 , 31 , 22.5806451612903 , 51.5161290322581 
08-Jan-2004 16:34,200103,HEATHROW,KUWAIT,KUWAIT,KUWAIT AIRWAYS,D,S, 31 , 0 , 70.9677419354839 , 9.67741935483871 , 16.1290322580645 , 3.2258064516129 , 0 , 0 , 16.6451612903226 , 0 , 31 , 54.8387096774194 , 25.7741935483871 
08-Jan-2004 16:34,200103,HEATHROW,KYRGYZSTAN,BISHKEK (FRUNZE),BRITISH MEDITERRANEAN AIRWAYS,A,S, 9 , 0 , 33.3333333333333 , 33.3333333333333 , 11.1111111111111 , 22.2222222222222 , 0 , 0 , 27.8888888888889 , 0 , 5 , 40 , 26 
08-Jan-2004 16:34,200103,HEATHROW,KYRGYZSTAN,BISHKEK (FRUNZE),BRITISH MEDITERRANEAN AIRWAYS,D,S, 9 , 0 , 44.4444444444444 , 44.4444444444444 , 11.1111111111111 , 0 , 0 , 0 , 19.4444444444444 , 0 , 5 , 60 , 32.2 
08-Jan-2004 16:34,200103,HEATHROW,LEBANON,BEIRUT,BRITISH MEDITERRANEAN AIRWAYS,A,S, 25 , 0 , 68 , 12 , 8 , 12 , 0 , 0 , 19.16 , 0 , 22 , 72.7272727272727 , 10.7727272727273 
08-Jan-2004 16:34,200103,HEATHROW,LEBANON,BEIRUT,BRITISH MEDITERRANEAN AIRWAYS,D,S, 26 , 0 , 34.6153846153846 , 30.7692307692308 , 19.2307692307692 , 11.5384615384615 , 3.84615384615385 , 0 , 37.2692307692308 , 0 , 23 , 47.8260869565217 , 21.5652173913043 
08-Jan-2004 16:34,200103,HEATHROW,LEBANON,BEIRUT,MEA,A,S, 22 , 0 , 36.3636363636364 , 31.8181818181818 , 18.1818181818182 , 13.6363636363636 , 0 , 0 , 26.9545454545455 , 0 , 22 , 59.0909090909091 , 18.0909090909091 
08-Jan-2004 16:34,200103,HEATHROW,LEBANON,BEIRUT,MEA,D,S, 22 , 0 , 36.3636363636364 , 22.7272727272727 , 18.1818181818182 , 22.7272727272727 , 0 , 0 , 31.5 , 0 , 22 , 45.4545454545455 , 22.0454545454545 
08-Jan-2004 16:34,200103,HEATHROW,LIBYA,BENGHAZI,LIBYAN ARAB AIRLINES,A,S, 3 , 0 , 66.6666666666667 , 0 , 33.3333333333333 , 0 , 0 , 0 , 16.6666666666667 , 0 , 0 , 0 , 0 
08-Jan-2004 16:34,200103,HEATHROW,LIBYA,BENGHAZI,LIBYAN ARAB AIRLINES,D,S, 3 , 0 , 33.3333333333333 , 66.6666666666667 , 0 , 0 , 0 , 0 , 19.3333333333333 , 0 , 0 , 0 , 0 
08-Jan-2004 16:34,200103,HEATHROW,LIBYA,TRIPOLI,LIBYAN ARAB AIRLINES,A,S, 5 , 0 , 20 , 20 , 40 , 20 , 0 , 0 , 56 , 0 , 5 , 0 , 41.6 
08-Jan-2004 16:34,200103,HEATHROW,LIBYA,TRIPOLI,LIBYAN ARAB AIRLINES,D,S, 5 , 0 , 80 , 0 , 0 , 20 , 0 , 0 , 28.2 , 0 , 5 , 0 , 38.6 
08-Jan-2004 16:34,200103,HEATHROW,LITHUANIA,VILNIUS,LITHUANIA AIRLINES,A,S, 31 , 0 , 70.9677419354839 , 19.3548387096774 , 9.67741935483871 , 0 , 0 , 0 , 11.8709677419355 , 0 , 31 , 58.0645161290323 , 18.1612903225806 
08-Jan-2004 16:34,200103,HEATHROW,LITHUANIA,VILNIUS,LITHUANIA AIRLINES,D,S, 31 , 0 , 77.4193548387097 , 16.1290322580645 , 3.2258064516129 , 3.2258064516129 , 0 , 0 , 10.6774193548387 , 0 , 31 , 77.4193548387097 , 11.6774193548387 
08-Jan-2004 16:34,200103,HEATHROW,LUXEMBOURG,LUXEMBOURG,BRITISH AIRWAYS PLC,A,S, 0 , 0 , 0 , 0 , 0 , 0 , 0 , 0 , 0 , 0 , 32 , 56.25 , 22.8125 
08-Jan-2004 16:34,200103,HEATHROW,LUXEMBOURG,LUXEMBOURG,BRITISH AIRWAYS PLC,D,S, 0 , 0 , 0 , 0 , 0 , 0 , 0 , 0 , 0 , 0 , 32 , 81.25 , 8.84375 
08-Jan-2004 16:34,200103,HEATHROW,LUXEMBOURG,LUXEMBOURG,LUXAIR,A,S, 61 , 0 , 57.3770491803279 , 32.7868852459016 , 8.19672131147541 , 1.63934426229508 , 0 , 0 , 16.2131147540984 , 0 , 62 , 61.2903225806452 , 17.1129032258065 
08-Jan-2004 16:34,200103,HEATHROW,LUXEMBOURG,LUXEMBOURG,LUXAIR,D,S, 61 , 0 , 80.327868852459 , 14.7540983606557 , 3.27868852459016 , 1.63934426229508 , 0 , 0 , 8.90163934426229 , 0 , 62 , 80.6451612903226 , 8.19354838709677 
08-Jan-2004 16:34,200103,HEATHROW,MALAYSIA,KUALA LUMPUR (SEPANG),BRITISH AIRWAYS PLC,A,S, 17 , 1 , 47.0588235294118 , 35.2941176470588 , 11.7647058823529 , 5.88235294117647 , 0 , 0 , 23.6470588235294 , 2 , 5 , 100 , 2.2 
08-Jan-2004 16:34,200103,HEATHROW,MALAYSIA,KUALA LUMPUR (SEPANG),BRITISH AIRWAYS PLC,D,S, 17 , 0 , 88.2352941176471 , 5.88235294117647 , 5.88235294117647 , 0 , 0 , 0 , 6.82352941176471 , 0 , 4 , 100 , 3 
08-Jan-2004 16:34,200103,HEATHROW,MALAYSIA,KUALA LUMPUR (SEPANG),MALAYSIAN AIRLINES SYSTEM-MAS,A,S, 62 , 0 , 70.9677419354839 , 8.06451612903226 , 12.9032258064516 , 6.45161290322581 , 1.61290322580645 , 0 , 17.9838709677419 , 94 , 62 , 17.741935483871 , 43.5483870967742 
08-Jan-2004 16:34,200103,HEATHROW,MALAYSIA,KUALA LUMPUR (SEPANG),MALAYSIAN AIRLINES SYSTEM-MAS,D,S, 62 , 0 , 80.6451612903226 , 9.67741935483871 , 6.45161290322581 , 3.2258064516129 , 0 , 0 , 10.0967741935484 , 0 , 62 , 69.3548387096774 , 15.4354838709677 
08-Jan-2004 16:34,200103,HEATHROW,MALTA,MALTA,AIR MALTA,A,S, 62 , 0 , 87.0967741935484 , 8.06451612903226 , 1.61290322580645 , 1.61290322580645 , 1.61290322580645 , 0 , 9.83870967741935 , 0 , 58 , 86.2068965517241 , 4.98275862068965 
08-Jan-2004 16:34,200103,HEATHROW,MALTA,MALTA,AIR MALTA,D,S, 62 , 0 , 54.8387096774194 , 32.258064516129 , 8.06451612903226 , 3.2258064516129 , 1.61290322580645 , 0 , 21.2903225806452 , 0 , 58 , 72.4137931034483 , 11.948275862069 
08-Jan-2004 16:34,200103,HEATHROW,MALTA,MALTA,GB AIRWAYS LTD,A,S, 9 , 0 , 77.7777777777778 , 0 , 11.1111111111111 , 0 , 11.1111111111111 , 0 , 37.5555555555556 , 0 , 4 , 100 , 1.75 
08-Jan-2004 16:34,200103,HEATHROW,MALTA,MALTA,GB AIRWAYS LTD,D,S, 10 , 0 , 60 , 30 , 10 , 0 , 0 , 0 , 12.3 , 0 , 5 , 100 , 6.4 
08-Jan-2004 16:34,200103,HEATHROW,MAURITIUS,MAURITIUS,AIR MAURITIUS LTD,A,S, 14 , 0 , 21.4285714285714 , 14.2857142857143 , 42.8571428571429 , 14.2857142857143 , 7.14285714285714 , 0 , 53.2142857142857 , 0 , 13 , 30.7692307692308 , 80.3846153846154 
08-Jan-2004 16:34,200103,HEATHROW,MAURITIUS,MAURITIUS,AIR MAURITIUS LTD,D,S, 14 , 0 , 50 , 21.4285714285714 , 14.2857142857143 , 14.2857142857143 , 0 , 0 , 29.7142857142857 , 0 , 13 , 30.7692307692308 , 59.0769230769231 
08-Jan-2004 16:34,200103,HEATHROW,MEXICO,MEXICO CITY,BRITISH AIRWAYS PLC,A,S, 14 , 0 , 21.4285714285714 , 14.2857142857143 , 35.7142857142857 , 7.14285714285714 , 14.2857142857143 , 7.14285714285714 , 160.642857142857 , 0 , 13 , 61.5384615384615 , 15.1538461538462 
08-Jan-2004 16:34,200103,HEATHROW,MEXICO,MEXICO CITY,BRITISH AIRWAYS PLC,D,S, 13 , 0 , 15.3846153846154 , 30.7692307692308 , 38.4615384615385 , 7.69230769230769 , 0 , 7.69230769230769 , 142.692307692308 , 0 , 14 , 50 , 17.2857142857143 
08-Jan-2004 16:34,200103,HEATHROW,MOROCCO,CASABLANCA MOHAMED V,GB AIRWAYS LTD,A,S, 9 , 0 , 55.5555555555556 , 44.4444444444444 , 0 , 0 , 0 , 0 , 10.2222222222222 , 0 , 0 , 0 , 0 
08-Jan-2004 16:34,200103,HEATHROW,MOROCCO,CASABLANCA MOHAMED V,GB AIRWAYS LTD,D,S, 8 , 0 , 12.5 , 50 , 37.5 , 0 , 0 , 0 , 30.375 , 0 , 0 , 0 , 0 
08-Jan-2004 16:34,200103,HEATHROW,MOROCCO,CASABLANCA MOHAMED V,ROYAL AIR MAROC,A,S, 31 , 0 , 54.8387096774194 , 22.5806451612903 , 9.67741935483871 , 9.67741935483871 , 3.2258064516129 , 0 , 28.9677419354839 , 0 , 31 , 19.3548387096774 , 44.9032258064516 
08-Jan-2004 16:34,200103,HEATHROW,MOROCCO,CASABLANCA MOHAMED V,ROYAL AIR MAROC,D,S, 31 , 0 , 58.0645161290323 , 25.8064516129032 , 6.45161290322581 , 6.45161290322581 , 3.2258064516129 , 0 , 21.9032258064516 , 0 , 31 , 32.258064516129 , 40.1612903225806 
08-Jan-2004 16:34,200103,HEATHROW,MOROCCO,MARRAKESH,GB AIRWAYS LTD,A,S, 22 , 0 , 81.8181818181818 , 13.6363636363636 , 4.54545454545455 , 0 , 0 , 0 , 9.13636363636364 , 0 , 0 , 0 , 0 
08-Jan-2004 16:34,200103,HEATHROW,MOROCCO,MARRAKESH,GB AIRWAYS LTD,D,S, 23 , 0 , 34.7826086956522 , 13.0434782608696 , 26.0869565217391 , 26.0869565217391 , 0 , 0 , 39.5217391304348 , 0 , 0 , 0 , 0 
08-Jan-2004 16:34,200103,HEATHROW,NAMIBIA,WINDHOEK,AIR NAMIBIA,A,S, 5 , 0 , 20 , 40 , 20 , 20 , 0 , 0 , 33.2 , 0 , 8 , 87.5 , 6.875 
08-Jan-2004 16:34,200103,HEATHROW,NAMIBIA,WINDHOEK,AIR NAMIBIA,D,S, 5 , 0 , 40 , 20 , 20 , 20 , 0 , 0 , 27.6 , 0 , 8 , 75 , 11.25 
08-Jan-2004 16:34,200103,HEATHROW,NATIONALIST CHINA (TAIWAN),TAIPEI,BRITISH AIRWAYS PLC,A,S, 13 , 0 , 84.6153846153846 , 7.69230769230769 , 7.69230769230769 , 0 , 0 , 0 , 5.38461538461539 , 93 , 13 , 92.3076923076923 , 5.92307692307692 
08-Jan-2004 16:34,200103,HEATHROW,NATIONALIST CHINA (TAIWAN),TAIPEI,BRITISH AIRWAYS PLC,D,S, 14 , 0 , 57.1428571428571 , 14.2857142857143 , 14.2857142857143 , 14.2857142857143 , 0 , 0 , 35.5714285714286 , 0 , 13 , 61.5384615384615 , 23.6153846153846 
08-Jan-2004 16:34,200103,HEATHROW,NATIONALIST CHINA (TAIWAN),TAIPEI,EVA AIR,A,S, 14 , 0 , 71.4285714285714 , 7.14285714285714 , 14.2857142857143 , 7.14285714285714 , 0 , 0 , 16.0714285714286 , 10 , 13 , 53.8461538461538 , 19.7692307692308 
08-Jan-2004 16:34,200103,HEATHROW,NATIONALIST CHINA (TAIWAN),TAIPEI,EVA AIR,D,S, 14 , 0 , 78.5714285714286 , 0 , 14.2857142857143 , 7.14285714285714 , 0 , 0 , 12.7857142857143 , 10 , 13 , 84.6153846153846 , 6.30769230769231 
08-Jan-2004 16:34,200103,HEATHROW,NETHERLANDS,AMSTERDAM,BMI BRITISH MIDLAND,A,S, 254 , 0 , 67.3228346456693 , 17.7165354330709 , 8.66141732283465 , 5.90551181102362 , 0.393700787401575 , 0 , 17.2204724409449 , 4 , 240 , 59.1666666666667 , 22.5833333333333 
08-Jan-2004 16:34,200103,HEATHROW,NETHERLANDS,AMSTERDAM,BMI BRITISH MIDLAND,D,S, 255 , 0 , 67.0588235294118 , 16.8627450980392 , 10.1960784313725 , 5.88235294117647 , 0 , 0 , 15.5960784313725 , 4 , 240 , 67.0833333333333 , 19.0083333333333 
08-Jan-2004 16:34,200103,HEATHROW,NETHERLANDS,AMSTERDAM,BRITISH AIRWAYS PLC,A,S, 238 , 0 , 81.0924369747899 , 7.98319327731092 , 8.40336134453782 , 2.52100840336134 , 0 , 0 , 10.2899159663866 , 0 , 205 , 76.0975609756098 , 17.8390243902439 
08-Jan-2004 16:34,200103,HEATHROW,NETHERLANDS,AMSTERDAM,BRITISH AIRWAYS PLC,D,S, 238 , 0 , 74.7899159663866 , 15.546218487395 , 7.56302521008403 , 2.10084033613445 , 0 , 0 , 10.9789915966387 , 0 , 204 , 81.3725490196078 , 12.9460784313725 
08-Jan-2004 16:34,200103,HEATHROW,NETHERLANDS,AMSTERDAM,KLM,A,S, 270 , 0 , 85.5555555555556 , 6.66666666666667 , 5.18518518518519 , 2.59259259259259 , 0 , 0 , 8.25555555555556 , 1 , 269 , 74.3494423791822 , 12.6245353159851 
08-Jan-2004 16:34,200103,HEATHROW,NETHERLANDS,AMSTERDAM,KLM,D,S, 270 , 0 , 77.7777777777778 , 12.5925925925926 , 5.92592592592593 , 3.33333333333333 , 0.37037037037037 , 0 , 11.4296296296296 , 1 , 269 , 76.2081784386617 , 13.2416356877323 
08-Jan-2004 16:34,200103,HEATHROW,NETHERLANDS,AMSTERDAM,UNITED AIRLINES,A,S, 29 , 0 , 79.3103448275862 , 3.44827586206897 , 3.44827586206897 , 13.7931034482759 , 0 , 0 , 20.2413793103448 , 1 , 29 , 72.4137931034483 , 14.5172413793103 
08-Jan-2004 16:34,200103,HEATHROW,NETHERLANDS,AMSTERDAM,UNITED AIRLINES,D,S, 29 , 1 , 86.2068965517241 , 3.44827586206897 , 3.44827586206897 , 3.44827586206897 , 3.44827586206897 , 0 , 11.5172413793103 , 1 , 29 , 82.7586206896552 , 7.44827586206897 
08-Jan-2004 16:34,200103,HEATHROW,NETHERLANDS,EINDHOVEN,B A S E BUSINESS AIRLINES,A,S, 16 , 0 , 68.75 , 18.75 , 0 , 12.5 , 0 , 0 , 16.625 , 0 , 40 , 72.5 , 14.325 
08-Jan-2004 16:34,200103,HEATHROW,NETHERLANDS,EINDHOVEN,B A S E BUSINESS AIRLINES,D,S, 20 , 0 , 100 , 0 , 0 , 0 , 0 , 0 , 1.3 , 0 , 39 , 84.6153846153846 , 7.41025641025641 
08-Jan-2004 16:34,200103,HEATHROW,NETHERLANDS,EINDHOVEN,KLM,A,S, 0 , 0 , 0 , 0 , 0 , 0 , 0 , 0 , 0 , 0 , 46 , 86.9565217391304 , 14.3913043478261 
08-Jan-2004 16:34,200103,HEATHROW,NETHERLANDS,EINDHOVEN,KLM,D,S, 0 , 0 , 0 , 0 , 0 , 0 , 0 , 0 , 0 , 0 , 46 , 82.6086956521739 , 15.0434782608696 
08-Jan-2004 16:34,200103,HEATHROW,NETHERLANDS,EINDHOVEN,KLM EXEL,A,S, 49 , 0 , 69.3877551020408 , 24.4897959183673 , 4.08163265306122 , 2.04081632653061 , 0 , 0 , 12.0408163265306 , 0 , 0 , 0 , 0 
08-Jan-2004 16:34,200103,HEATHROW,NETHERLANDS,EINDHOVEN,KLM EXEL,D,S, 49 , 0 , 59.1836734693878 , 28.5714285714286 , 10.2040816326531 , 2.04081632653061 , 0 , 0 , 14.2040816326531 , 0 , 0 , 0 , 0 
08-Jan-2004 16:34,200103,HEATHROW,NETHERLANDS,ROTTERDAM,B A S E BUSINESS AIRLINES,A,S, 28 , 0 , 46.4285714285714 , 35.7142857142857 , 17.8571428571429 , 0 , 0 , 0 , 16.8571428571429 , 0 , 6 , 66.6666666666667 , 29 
08-Jan-2004 16:34,200103,HEATHROW,NETHERLANDS,ROTTERDAM,B A S E BUSINESS AIRLINES,D,S, 25 , 0 , 92 , 0 , 8 , 0 , 0 , 0 , 3.48 , 0 , 6 , 100 , 0 
08-Jan-2004 16:34,200103,HEATHROW,NETHERLANDS,ROTTERDAM,KLM,A,S, 108 , 0 , 87.037037037037 , 5.55555555555556 , 3.7037037037037 , 3.7037037037037 , 0 , 0 , 8.5462962962963 , 0 , 109 , 66.0550458715596 , 17.4036697247706 
08-Jan-2004 16:34,200103,HEATHROW,NETHERLANDS,ROTTERDAM,KLM,D,S, 107 , 0 , 83.1775700934579 , 7.47663551401869 , 4.67289719626168 , 4.67289719626168 , 0 , 0 , 9.26168224299065 , 1 , 108 , 76.8518518518518 , 14.3611111111111 
08-Jan-2004 16:34,200103,HEATHROW,NEW ZEALAND,AUCKLAND INTERNATIONAL,AIR NEW ZEALAND LTD,A,S, 31 , 0 , 54.8387096774194 , 25.8064516129032 , 12.9032258064516 , 3.2258064516129 , 3.2258064516129 , 0 , 25.7096774193548 , 0 , 31 , 67.741935483871 , 15.7741935483871 
08-Jan-2004 16:34,200103,HEATHROW,NEW ZEALAND,AUCKLAND INTERNATIONAL,AIR NEW ZEALAND LTD,D,S, 30 , 1 , 83.3333333333333 , 10 , 6.66666666666667 , 0 , 0 , 0 , 9.23333333333333 , 1 , 31 , 83.8709677419355 , 28.8064516129032 
08-Jan-2004 16:34,200103,HEATHROW,NIGERIA,LAGOS,BRITISH AIRWAYS PLC,A,S, 14 , 0 , 71.4285714285714 , 21.4285714285714 , 7.14285714285714 , 0 , 0 , 0 , 7.92857142857143 , 0 , 26 , 96.1538461538462 , 3.76923076923077 
08-Jan-2004 16:34,200103,HEATHROW,NIGERIA,LAGOS,BRITISH AIRWAYS PLC,D,S, 14 , 0 , 28.5714285714286 , 35.7142857142857 , 35.7142857142857 , 0 , 0 , 0 , 25.2142857142857 , 0 , 26 , 61.5384615384615 , 13.8076923076923 
08-Jan-2004 16:34,200103,HEATHROW,NIGERIA,LAGOS,NIGERIA AIRWAYS,A,S, 1 , 0 , 0 , 0 , 0 , 100 , 0 , 0 , 159 , 3 , 0 , 0 , 0 
08-Jan-2004 16:34,200103,HEATHROW,NIGERIA,LAGOS,NIGERIA AIRWAYS,D,S, 1 , 0 , 0 , 0 , 0 , 100 , 0 , 0 , 104 , 3 , 0 , 0 , 0 
08-Jan-2004 16:34,200103,HEATHROW,NORWAY,BERGEN,SAS,A,S, 21 , 0 , 66.6666666666667 , 23.8095238095238 , 0 , 9.52380952380952 , 0 , 0 , 17.7142857142857 , 0 , 0 , 0 , 0 
08-Jan-2004 16:34,200103,HEATHROW,NORWAY,BERGEN,SAS,D,S, 20 , 0 , 85 , 15 , 0 , 0 , 0 , 0 , 5.45 , 0 , 0 , 0 , 0 
08-Jan-2004 16:34,200103,HEATHROW,NORWAY,OSLO (GARDERMOEN),BRITISH AIRWAYS PLC,A,S, 131 , 0 , 70.9923664122137 , 12.2137404580153 , 9.9236641221374 , 6.10687022900763 , 0 , 0.763358778625954 , 21.8167938931298 , 0 , 154 , 67.5324675324675 , 17.1363636363636 
08-Jan-2004 16:34,200103,HEATHROW,NORWAY,OSLO (GARDERMOEN),BRITISH AIRWAYS PLC,D,S, 131 , 0 , 76.3358778625954 , 14.5038167938931 , 5.34351145038168 , 3.81679389312977 , 0 , 0 , 13.4427480916031 , 0 , 154 , 83.7662337662338 , 8.61688311688312 
08-Jan-2004 16:34,200103,HEATHROW,NORWAY,OSLO (GARDERMOEN),SAS,A,S, 164 , 1 , 74.390243902439 , 17.0731707317073 , 5.48780487804878 , 3.04878048780488 , 0 , 0 , 10.3841463414634 , 0 , 165 , 56.3636363636364 , 19.0424242424242 
08-Jan-2004 16:34,200103,HEATHROW,NORWAY,OSLO (GARDERMOEN),SAS,D,S, 163 , 1 , 80.9815950920245 , 11.0429447852761 , 4.9079754601227 , 2.45398773006135 , 0.613496932515337 , 0 , 11.3558282208589 , 0 , 165 , 80 , 9.50909090909091 
08-Jan-2004 16:34,200103,HEATHROW,NORWAY,STAVANGER,SAS,A,S, 23 , 0 , 100 , 0 , 0 , 0 , 0 , 0 , 1.30434782608696 , 0 , 58 , 70.6896551724138 , 12.2586206896552 
08-Jan-2004 16:34,200103,HEATHROW,NORWAY,STAVANGER,SAS,D,S, 24 , 0 , 83.3333333333333 , 8.33333333333333 , 0 , 8.33333333333333 , 0 , 0 , 10.1666666666667 , 0 , 58 , 91.3793103448276 , 6.3448275862069 
08-Jan-2004 16:34,200103,HEATHROW,OMAN,MUSCAT,BRITISH AIRWAYS PLC,A,S, 31 , 0 , 87.0967741935484 , 9.67741935483871 , 0 , 0 , 3.2258064516129 , 0 , 12.0645161290323 , 0 , 31 , 83.8709677419355 , 7.87096774193548 
08-Jan-2004 16:34,200103,HEATHROW,OMAN,MUSCAT,BRITISH AIRWAYS PLC,D,S, 31 , 0 , 74.1935483870968 , 12.9032258064516 , 6.45161290322581 , 6.45161290322581 , 0 , 0 , 16.6451612903226 , 0 , 31 , 93.5483870967742 , 5.54838709677419 
08-Jan-2004 16:34,200103,HEATHROW,OMAN,MUSCAT,GULF AIR,A,S, 38 , 1 , 47.3684210526316 , 21.0526315789474 , 15.7894736842105 , 13.1578947368421 , 2.63157894736842 , 0 , 28.6842105263158 , 0 , 35 , 42.8571428571429 , 24.6571428571429 
08-Jan-2004 16:34,200103,HEATHROW,OMAN,MUSCAT,GULF AIR,D,S, 38 , 1 , 73.6842105263158 , 18.4210526315789 , 5.26315789473684 , 2.63157894736842 , 0 , 0 , 11.3157894736842 , 0 , 29 , 65.5172413793103 , 15.3103448275862 
08-Jan-2004 16:34,200103,HEATHROW,PAKISTAN,ISLAMABAD,BRITISH AIRWAYS PLC,A,S, 13 , 0 , 38.4615384615385 , 0 , 46.1538461538462 , 7.69230769230769 , 0 , 7.69230769230769 , 119.846153846154 , 0 , 13 , 30.7692307692308 , 63 
08-Jan-2004 16:34,200103,HEATHROW,PAKISTAN,ISLAMABAD,BRITISH AIRWAYS PLC,D,S, 13 , 0 , 46.1538461538462 , 38.4615384615385 , 0 , 7.69230769230769 , 0 , 7.69230769230769 , 105.923076923077 , 0 , 14 , 71.4285714285714 , 11.0714285714286 
08-Jan-2004 16:34,200103,HEATHROW,PAKISTAN,ISLAMABAD,PAKISTAN INTL AIRLINES,A,S, 18 , 0 , 44.4444444444444 , 11.1111111111111 , 22.2222222222222 , 16.6666666666667 , 5.55555555555556 , 0 , 40.2222222222222 , 0 , 7 , 14.2857142857143 , 71.7142857142857 
08-Jan-2004 16:34,200103,HEATHROW,PAKISTAN,ISLAMABAD,PAKISTAN INTL AIRLINES,D,S, 13 , 0 , 38.4615384615385 , 30.7692307692308 , 15.3846153846154 , 0 , 15.3846153846154 , 0 , 53.5384615384615 , 0 , 8 , 0 , 42 
08-Jan-2004 16:34,200103,HEATHROW,PAKISTAN,KARACHI,PAKISTAN INTL AIRLINES,A,S, 13 , 0 , 15.3846153846154 , 46.1538461538462 , 15.3846153846154 , 23.0769230769231 , 0 , 0 , 38.4615384615385 , 0 , 14 , 21.4285714285714 , 79.1428571428571 
08-Jan-2004 16:34,200103,HEATHROW,PAKISTAN,KARACHI,PAKISTAN INTL AIRLINES,D,S, 17 , 0 , 41.1764705882353 , 23.5294117647059 , 11.7647058823529 , 17.6470588235294 , 5.88235294117647 , 0 , 41.9411764705882 , 0 , 14 , 35.7142857142857 , 46.2857142857143 
08-Jan-2004 16:34,200103,HEATHROW,PAKISTAN,LAHORE,PAKISTAN INTL AIRLINES,A,S, 13 , 0 , 30.7692307692308 , 23.0769230769231 , 30.7692307692308 , 0 , 7.69230769230769 , 7.69230769230769 , 81.6923076923077 , 0 , 9 , 0 , 45.8888888888889 
08-Jan-2004 16:34,200103,HEATHROW,PAKISTAN,LAHORE,PAKISTAN INTL AIRLINES,D,S, 13 , 0 , 30.7692307692308 , 15.3846153846154 , 46.1538461538462 , 7.69230769230769 , 0 , 0 , 31.6153846153846 , 0 , 9 , 11.1111111111111 , 30.3333333333333 
08-Jan-2004 16:34,200103,HEATHROW,PHILIPPINES,MANILA,BRITISH AIRWAYS PLC,A,S, 18 , 0 , 77.7777777777778 , 5.55555555555556 , 5.55555555555556 , 0 , 5.55555555555556 , 5.55555555555556 , 59.5 , 123 , 18 , 77.7777777777778 , 15 
08-Jan-2004 16:34,200103,HEATHROW,PHILIPPINES,MANILA,BRITISH AIRWAYS PLC,D,S, 17 , 0 , 41.1764705882353 , 23.5294117647059 , 11.7647058823529 , 11.7647058823529 , 5.88235294117647 , 5.88235294117647 , 118.235294117647 , 0 , 18 , 55.5555555555556 , 27.2777777777778 
08-Jan-2004 16:34,200103,HEATHROW,POLAND,WARSAW,BMI BRITISH MIDLAND,A,S, 0 , 0 , 0 , 0 , 0 , 0 , 0 , 0 , 0 , 0 , 62 , 72.5806451612903 , 12.9516129032258 
08-Jan-2004 16:34,200103,HEATHROW,POLAND,WARSAW,BMI BRITISH MIDLAND,D,S, 0 , 0 , 0 , 0 , 0 , 0 , 0 , 0 , 0 , 0 , 62 , 80.6451612903226 , 9.33870967741935 
08-Jan-2004 16:34,200103,HEATHROW,POLAND,WARSAW,BRITISH AIRWAYS PLC,A,S, 68 , 0 , 77.9411764705882 , 14.7058823529412 , 2.94117647058824 , 4.41176470588235 , 0 , 0 , 10.8088235294118 , 0 , 62 , 75.8064516129032 , 11.3225806451613 
08-Jan-2004 16:34,200103,HEATHROW,POLAND,WARSAW,BRITISH AIRWAYS PLC,D,S, 68 , 0 , 69.1176470588235 , 16.1764705882353 , 11.7647058823529 , 1.47058823529412 , 1.47058823529412 , 0 , 16.5735294117647 , 0 , 62 , 85.4838709677419 , 8.16129032258065 
08-Jan-2004 16:34,200103,HEATHROW,POLAND,WARSAW,LOT-POLISH AIRLINES,A,S, 93 , 0 , 70.9677419354839 , 18.2795698924731 , 8.60215053763441 , 2.1505376344086 , 0 , 0 , 12.741935483871 , 0 , 93 , 72.0430107526882 , 15.4301075268817 
08-Jan-2004 16:34,200103,HEATHROW,POLAND,WARSAW,LOT-POLISH AIRLINES,D,S, 93 , 0 , 79.5698924731183 , 6.45161290322581 , 9.67741935483871 , 4.3010752688172 , 0 , 0 , 11.6344086021505 , 0 , 93 , 81.7204301075269 , 8.73118279569892 
08-Jan-2004 16:34,200103,HEATHROW,PORTUGAL(EXCLUDING MADEIRA),FARO,AIR PORTUGAL,A,S, 31 , 0 , 64.5161290322581 , 16.1290322580645 , 16.1290322580645 , 0 , 3.2258064516129 , 0 , 18.7741935483871 , 0 , 31 , 54.8387096774194 , 13.2903225806452 
08-Jan-2004 16:34,200103,HEATHROW,PORTUGAL(EXCLUDING MADEIRA),FARO,AIR PORTUGAL,D,S, 31 , 0 , 93.5483870967742 , 0 , 3.2258064516129 , 3.2258064516129 , 0 , 0 , 6.58064516129032 , 0 , 31 , 80.6451612903226 , 7.96774193548387 
08-Jan-2004 16:34,200103,HEATHROW,PORTUGAL(EXCLUDING MADEIRA),FARO,GB AIRWAYS LTD,A,S, 23 , 0 , 43.4782608695652 , 26.0869565217391 , 8.69565217391304 , 13.0434782608696 , 8.69565217391304 , 0 , 55 , 0 , 22 , 63.6363636363636 , 11.7272727272727 
08-Jan-2004 16:34,200103,HEATHROW,PORTUGAL(EXCLUDING MADEIRA),FARO,GB AIRWAYS LTD,D,S, 23 , 0 , 82.6086956521739 , 8.69565217391304 , 0 , 8.69565217391304 , 0 , 0 , 11.9130434782609 , 0 , 22 , 50 , 20.1363636363636 
08-Jan-2004 16:34,200103,HEATHROW,PORTUGAL(EXCLUDING MADEIRA),LISBON,AIR PORTUGAL,A,S, 84 , 0 , 51.1904761904762 , 23.8095238095238 , 22.6190476190476 , 2.38095238095238 , 0 , 0 , 18.297619047619 , 0 , 83 , 43.3734939759036 , 22.3493975903614 
08-Jan-2004 16:34,200103,HEATHROW,PORTUGAL(EXCLUDING MADEIRA),LISBON,AIR PORTUGAL,D,S, 99 , 0 , 51.5151515151515 , 21.2121212121212 , 20.2020202020202 , 7.07070707070707 , 0 , 0 , 23.3838383838384 , 0 , 104 , 64.4230769230769 , 19.3076923076923 
08-Jan-2004 16:34,200103,HEATHROW,PORTUGAL(EXCLUDING MADEIRA),LISBON,BRITISH AIRWAYS PLC,A,S, 107 , 0 , 62.6168224299065 , 16.8224299065421 , 13.0841121495327 , 7.47663551401869 , 0 , 0 , 17.803738317757 , 0 , 93 , 75.2688172043011 , 13.5591397849462 
08-Jan-2004 16:34,200103,HEATHROW,PORTUGAL(EXCLUDING MADEIRA),LISBON,BRITISH AIRWAYS PLC,D,S, 107 , 0 , 68.2242990654206 , 14.9532710280374 , 10.2803738317757 , 6.54205607476636 , 0 , 0 , 17.411214953271 , 0 , 93 , 78.494623655914 , 9.98924731182796 
08-Jan-2004 16:34,200103,HEATHROW,PORTUGAL(EXCLUDING MADEIRA),OPORTO ( PORTUGAL ),AIR PORTUGAL,A,S, 53 , 0 , 56.6037735849057 , 26.4150943396226 , 11.3207547169811 , 3.77358490566038 , 1.88679245283019 , 0 , 22.1320754716981 , 0 , 52 , 51.9230769230769 , 21.1538461538462 
08-Jan-2004 16:34,200103,HEATHROW,PORTUGAL(EXCLUDING MADEIRA),OPORTO ( PORTUGAL ),AIR PORTUGAL,D,S, 38 , 0 , 76.3157894736842 , 15.7894736842105 , 5.26315789473684 , 2.63157894736842 , 0 , 0 , 10.1842105263158 , 0 , 31 , 83.8709677419355 , 10.0645161290323 
08-Jan-2004 16:34,200103,HEATHROW,PORTUGAL(EXCLUDING MADEIRA),OPORTO ( PORTUGAL ),GB AIRWAYS LTD,A,S, 0 , 0 , 0 , 0 , 0 , 0 , 0 , 0 , 0 , 0 , 6 , 100 , 4.66666666666667 
08-Jan-2004 16:34,200103,HEATHROW,PORTUGAL(EXCLUDING MADEIRA),OPORTO ( PORTUGAL ),GB AIRWAYS LTD,D,S, 0 , 0 , 0 , 0 , 0 , 0 , 0 , 0 , 0 , 0 , 6 , 83.3333333333333 , 6.33333333333333 
08-Jan-2004 16:34,200103,HEATHROW,PORTUGAL(MADEIRA),FUNCHAL,AIR PORTUGAL,A,S, 8 , 0 , 50 , 25 , 0 , 25 , 0 , 0 , 30 , 1 , 9 , 66.6666666666667 , 34.4444444444444 
08-Jan-2004 16:34,200103,HEATHROW,PORTUGAL(MADEIRA),FUNCHAL,AIR PORTUGAL,D,S, 8 , 0 , 37.5 , 25 , 12.5 , 25 , 0 , 0 , 39.5 , 1 , 9 , 55.5555555555556 , 55.3333333333333 
08-Jan-2004 16:34,200103,HEATHROW,QATAR,DOHA,BRITISH AIRWAYS PLC,A,S, 31 , 0 , 96.7741935483871 , 3.2258064516129 , 0 , 0 , 0 , 0 , 1.29032258064516 , 0 , 30 , 96.6666666666667 , 1.93333333333333 
08-Jan-2004 16:34,200103,HEATHROW,QATAR,DOHA,BRITISH AIRWAYS PLC,D,S, 31 , 0 , 83.8709677419355 , 9.67741935483871 , 3.2258064516129 , 3.2258064516129 , 0 , 0 , 9.25806451612903 , 0 , 31 , 74.1935483870968 , 10.8709677419355 
08-Jan-2004 16:34,200103,HEATHROW,QATAR,DOHA,GULF AIR,A,S, 31 , 0 , 74.1935483870968 , 9.67741935483871 , 16.1290322580645 , 0 , 0 , 0 , 10.9354838709677 , 0 , 1 , 100 , 1 
08-Jan-2004 16:34,200103,HEATHROW,QATAR,DOHA,GULF AIR,D,S, 31 , 0 , 87.0967741935484 , 6.45161290322581 , 6.45161290322581 , 0 , 0 , 0 , 4.83870967741936 , 0 , 1 , 100 , 0 
08-Jan-2004 16:34,200103,HEATHROW,QATAR,DOHA,QATAR AIRWAYS,A,S, 40 , 0 , 52.5 , 22.5 , 15 , 7.5 , 0 , 2.5 , 41.375 , 0 , 31 , 48.3870967741935 , 26.3870967741935 
08-Jan-2004 16:34,200103,HEATHROW,QATAR,DOHA,QATAR AIRWAYS,D,S, 40 , 0 , 62.5 , 20 , 5 , 10 , 0 , 2.5 , 43.025 , 0 , 31 , 83.8709677419355 , 8.74193548387097 
08-Jan-2004 16:34,200103,HEATHROW,REPUBLIC OF KOREA,SEOUL (KIMPO),KOREAN AIR,A,S, 22 , 0 , 81.8181818181818 , 4.54545454545455 , 9.09090909090909 , 4.54545454545455 , 0 , 0 , 10.8636363636364 , 4 , 20 , 75 , 8.55 
08-Jan-2004 16:34,200103,HEATHROW,REPUBLIC OF KOREA,SEOUL (KIMPO),KOREAN AIR,D,S, 22 , 0 , 63.6363636363636 , 22.7272727272727 , 13.6363636363636 , 0 , 0 , 0 , 11.8181818181818 , 4 , 22 , 72.7272727272727 , 10.3636363636364 
08-Jan-2004 16:34,200103,HEATHROW,REPUBLIC OF SOUTH AFRICA,CAPE TOWN,BRITISH AIRWAYS PLC,A,S, 31 , 0 , 83.8709677419355 , 12.9032258064516 , 3.2258064516129 , 0 , 0 , 0 , 5.25806451612903 , 0 , 26 , 73.0769230769231 , 13.3846153846154 
08-Jan-2004 16:34,200103,HEATHROW,REPUBLIC OF SOUTH AFRICA,CAPE TOWN,BRITISH AIRWAYS PLC,D,S, 31 , 0 , 41.9354838709677 , 25.8064516129032 , 19.3548387096774 , 12.9032258064516 , 0 , 0 , 27.1290322580645 , 0 , 27 , 51.8518518518519 , 20.6666666666667 
08-Jan-2004 16:34,200103,HEATHROW,REPUBLIC OF SOUTH AFRICA,CAPE TOWN,SOUTH AFRICAN AIRWAYS,A,S, 35 , 0 , 82.8571428571429 , 8.57142857142857 , 8.57142857142857 , 0 , 0 , 0 , 7.34285714285714 , 0 , 34 , 97.0588235294118 , 2.14705882352941 
08-Jan-2004 16:34,200103,HEATHROW,REPUBLIC OF SOUTH AFRICA,CAPE TOWN,SOUTH AFRICAN AIRWAYS,D,S, 35 , 0 , 54.2857142857143 , 34.2857142857143 , 11.4285714285714 , 0 , 0 , 0 , 14.8 , 0 , 38 , 78.9473684210526 , 8.89473684210526 
08-Jan-2004 16:34,200103,HEATHROW,REPUBLIC OF SOUTH AFRICA,CAPE TOWN,VIRGIN ATLANTIC AIRWAYS LTD,A,S, 9 , 0 , 66.6666666666667 , 11.1111111111111 , 22.2222222222222 , 0 , 0 , 0 , 18.5555555555556 , 0 , 8 , 75 , 7.75 
08-Jan-2004 16:34,200103,HEATHROW,REPUBLIC OF SOUTH AFRICA,CAPE TOWN,VIRGIN ATLANTIC AIRWAYS LTD,D,S, 9 , 0 , 55.5555555555556 , 22.2222222222222 , 11.1111111111111 , 11.1111111111111 , 0 , 0 , 21.2222222222222 , 0 , 9 , 77.7777777777778 , 8 
08-Jan-2004 16:34,200103,HEATHROW,REPUBLIC OF SOUTH AFRICA,JOHANNESBURG,BRITISH AIRWAYS PLC,A,S, 62 , 0 , 75.8064516129032 , 8.06451612903226 , 3.2258064516129 , 11.2903225806452 , 1.61290322580645 , 0 , 19.4354838709677 , 0 , 57 , 91.2280701754386 , 8.07017543859649 
08-Jan-2004 16:34,200103,HEATHROW,REPUBLIC OF SOUTH AFRICA,JOHANNESBURG,BRITISH AIRWAYS PLC,D,S, 62 , 0 , 64.5161290322581 , 17.741935483871 , 9.67741935483871 , 8.06451612903226 , 0 , 0 , 18.5806451612903 , 0 , 58 , 86.2068965517241 , 7.58620689655172 
08-Jan-2004 16:34,200103,HEATHROW,REPUBLIC OF SOUTH AFRICA,JOHANNESBURG,SOUTH AFRICAN AIRWAYS,A,S, 57 , 0 , 73.6842105263158 , 12.280701754386 , 5.26315789473684 , 5.26315789473684 , 0 , 3.50877192982456 , 37.0350877192982 , 2 , 52 , 55.7692307692308 , 16.3846153846154 
08-Jan-2004 16:34,200103,HEATHROW,REPUBLIC OF SOUTH AFRICA,JOHANNESBURG,SOUTH AFRICAN AIRWAYS,D,S, 56 , 0 , 64.2857142857143 , 23.2142857142857 , 3.57142857142857 , 8.92857142857143 , 0 , 0 , 18.9464285714286 , 1 , 49 , 73.469387755102 , 10.3877551020408 
08-Jan-2004 16:34,200103,HEATHROW,REPUBLIC OF SOUTH AFRICA,JOHANNESBURG,VIRGIN ATLANTIC AIRWAYS LTD,A,S, 31 , 0 , 38.7096774193548 , 29.0322580645161 , 22.5806451612903 , 6.45161290322581 , 3.2258064516129 , 0 , 30.1612903225806 , 0 , 30 , 63.3333333333333 , 16.7 
08-Jan-2004 16:34,200103,HEATHROW,REPUBLIC OF SOUTH AFRICA,JOHANNESBURG,VIRGIN ATLANTIC AIRWAYS LTD,D,S, 31 , 0 , 64.5161290322581 , 16.1290322580645 , 9.67741935483871 , 9.67741935483871 , 0 , 0 , 25.9677419354839 , 0 , 31 , 74.1935483870968 , 8.45161290322581 
08-Jan-2004 16:34,200103,HEATHROW,REPUBLIC OF YEMEN,SANAA,YEMENIA,A,S, 1 , 1 , 0 , 0 , 0 , 100 , 0 , 0 , 73 , 0 , 0 , 0 , 0 
08-Jan-2004 16:34,200103,HEATHROW,REPUBLIC OF YEMEN,SANAA,YEMENIA,D,S, 2 , 0 , 50 , 0 , 50 , 0 , 0 , 0 , 23 , 0 , 0 , 0 , 0 
08-Jan-2004 16:34,200103,HEATHROW,RUMANIA,BUCHAREST (OTOPENI),TAROM,A,S, 31 , 0 , 54.8387096774194 , 22.5806451612903 , 19.3548387096774 , 3.2258064516129 , 0 , 0 , 19.3870967741935 , 0 , 31 , 51.6129032258064 , 22.0645161290323 
08-Jan-2004 16:34,200103,HEATHROW,RUMANIA,BUCHAREST (OTOPENI),TAROM,D,S, 31 , 0 , 51.6129032258064 , 29.0322580645161 , 16.1290322580645 , 3.2258064516129 , 0 , 0 , 19 , 0 , 31 , 67.741935483871 , 14.1290322580645 
08-Jan-2004 16:34,200103,HEATHROW,RUSSIA,MOSCOW (SHEREMETYEVO),AEROFLOT,A,S, 48 , 0 , 33.3333333333333 , 35.4166666666667 , 22.9166666666667 , 6.25 , 2.08333333333333 , 0 , 27.25 , 1 , 40 , 52.5 , 26.125 
08-Jan-2004 16:34,200103,HEATHROW,RUSSIA,MOSCOW (SHEREMETYEVO),AEROFLOT,D,S, 47 , 0 , 42.5531914893617 , 34.0425531914894 , 19.1489361702128 , 4.25531914893617 , 0 , 0 , 22.063829787234 , 1 , 39 , 66.6666666666667 , 19 
08-Jan-2004 16:34,200103,HEATHROW,RUSSIA,MOSCOW (SHEREMETYEVO),BRITISH AIRWAYS PLC,A,S, 62 , 0 , 91.9354838709677 , 1.61290322580645 , 4.83870967741935 , 1.61290322580645 , 0 , 0 , 5.17741935483871 , 0 , 37 , 83.7837837837838 , 7.59459459459459 
08-Jan-2004 16:34,200103,HEATHROW,RUSSIA,MOSCOW (SHEREMETYEVO),BRITISH AIRWAYS PLC,D,S, 62 , 0 , 82.258064516129 , 8.06451612903226 , 6.45161290322581 , 3.2258064516129 , 0 , 0 , 8.95161290322581 , 0 , 37 , 86.4864864864865 , 4.54054054054054 
08-Jan-2004 16:34,200103,HEATHROW,RUSSIA,MOSCOW (SHEREMETYEVO),TRANSAERO AIRLINES,A,S, 20 , 0 , 70 , 15 , 10 , 5 , 0 , 0 , 16.5 , 0 , 4 , 75 , 8.75 
08-Jan-2004 16:34,200103,HEATHROW,RUSSIA,MOSCOW (SHEREMETYEVO),TRANSAERO AIRLINES,D,S, 20 , 0 , 100 , 0 , 0 , 0 , 0 , 0 , 0.7 , 0 , 4 , 100 , 0 
08-Jan-2004 16:34,200103,HEATHROW,RUSSIA,ST PETERSBURG,AEROFLOT,A,S, 5 , 0 , 40 , 40 , 20 , 0 , 0 , 0 , 21.6 , 0 , 3 , 100 , 0.333333333333333 
08-Jan-2004 16:34,200103,HEATHROW,RUSSIA,ST PETERSBURG,AEROFLOT,D,S, 5 , 0 , 20 , 60 , 20 , 0 , 0 , 0 , 22 , 0 , 3 , 100 , 4.33333333333333 
08-Jan-2004 16:34,200103,HEATHROW,SAUDI ARABIA,DAMMAM,SAUDI ARABIAN AIRLINES,A,S, 0 , 0 , 0 , 0 , 0 , 0 , 0 , 0 , 0 , 0 , 9 , 66.6666666666667 , 12.5555555555556 
08-Jan-2004 16:34,200103,HEATHROW,SAUDI ARABIA,DAMMAM,SAUDI ARABIAN AIRLINES,D,S, 0 , 0 , 0 , 0 , 0 , 0 , 0 , 0 , 0 , 0 , 9 , 55.5555555555556 , 11.5555555555556 
08-Jan-2004 16:34,200103,HEATHROW,SAUDI ARABIA,JEDDAH,BRITISH AIRWAYS PLC,A,S, 17 , 0 , 47.0588235294118 , 29.4117647058824 , 0 , 17.6470588235294 , 5.88235294117647 , 0 , 41.2352941176471 , 1 , 18 , 55.5555555555556 , 23.7777777777778 
08-Jan-2004 16:34,200103,HEATHROW,SAUDI ARABIA,JEDDAH,BRITISH AIRWAYS PLC,D,S, 16 , 0 , 56.25 , 12.5 , 18.75 , 0 , 12.5 , 0 , 38.1875 , 0 , 18 , 83.3333333333333 , 6.94444444444444 
08-Jan-2004 16:34,200103,HEATHROW,SAUDI ARABIA,JEDDAH,SAUDI ARABIAN AIRLINES,A,C, 0 , 0 , 0 , 0 , 0 , 0 , 0 , 0 , 0 , 0 , 4 , 25 , 28 
08-Jan-2004 16:34,200103,HEATHROW,SAUDI ARABIA,JEDDAH,SAUDI ARABIAN AIRLINES,A,S, 30 , 0 , 43.3333333333333 , 30 , 20 , 6.66666666666667 , 0 , 0 , 22.0333333333333 , 0 , 31 , 61.2903225806452 , 13.9354838709677 
08-Jan-2004 16:34,200103,HEATHROW,SAUDI ARABIA,JEDDAH,SAUDI ARABIAN AIRLINES,D,C, 0 , 0 , 0 , 0 , 0 , 0 , 0 , 0 , 0 , 0 , 4 , 25 , 30.5 
08-Jan-2004 16:34,200103,HEATHROW,SAUDI ARABIA,JEDDAH,SAUDI ARABIAN AIRLINES,D,S, 30 , 0 , 83.3333333333333 , 13.3333333333333 , 3.33333333333333 , 0 , 0 , 0 , 7.73333333333333 , 0 , 31 , 70.9677419354839 , 10.741935483871 
08-Jan-2004 16:34,200103,HEATHROW,SAUDI ARABIA,RIYADH,BRITISH AIRWAYS PLC,A,S, 14 , 0 , 85.7142857142857 , 7.14285714285714 , 7.14285714285714 , 0 , 0 , 0 , 6.5 , 0 , 13 , 100 , 2.84615384615385 
08-Jan-2004 16:34,200103,HEATHROW,SAUDI ARABIA,RIYADH,BRITISH AIRWAYS PLC,D,S, 14 , 0 , 78.5714285714286 , 14.2857142857143 , 7.14285714285714 , 0 , 0 , 0 , 10.5714285714286 , 0 , 13 , 76.9230769230769 , 9 
08-Jan-2004 16:34,200103,HEATHROW,SAUDI ARABIA,RIYADH,SAUDI ARABIAN AIRLINES,A,S, 18 , 0 , 44.4444444444444 , 11.1111111111111 , 22.2222222222222 , 22.2222222222222 , 0 , 0 , 33.2222222222222 , 0 , 19 , 57.8947368421053 , 17.1052631578947 
08-Jan-2004 16:34,200103,HEATHROW,SAUDI ARABIA,RIYADH,SAUDI ARABIAN AIRLINES,D,S, 18 , 0 , 77.7777777777778 , 16.6666666666667 , 5.55555555555556 , 0 , 0 , 0 , 9.88888888888889 , 0 , 18 , 72.2222222222222 , 16.7222222222222 
08-Jan-2004 16:34,200103,HEATHROW,SINGAPORE,SINGAPORE,BRITISH AIRWAYS PLC,A,S, 26 , 0 , 80.7692307692308 , 7.69230769230769 , 7.69230769230769 , 3.84615384615385 , 0 , 0 , 10.4230769230769 , 0 , 0 , 0 , 0 
08-Jan-2004 16:34,200103,HEATHROW,SINGAPORE,SINGAPORE,BRITISH AIRWAYS PLC,D,S, 26 , 0 , 69.2307692307692 , 15.3846153846154 , 11.5384615384615 , 3.84615384615385 , 0 , 0 , 14.2692307692308 , 0 , 0 , 0 , 0 
08-Jan-2004 16:34,200103,HEATHROW,SINGAPORE,SINGAPORE,SINGAPORE AIRLINES,A,S, 93 , 0 , 62.3655913978495 , 11.8279569892473 , 20.4301075268817 , 3.2258064516129 , 2.1505376344086 , 0 , 20.8172043010753 , 7 , 93 , 41.9354838709677 , 20.8387096774194 
08-Jan-2004 16:34,200103,HEATHROW,SINGAPORE,SINGAPORE,SINGAPORE AIRLINES,D,S, 92 , 0 , 73.9130434782609 , 18.4782608695652 , 5.43478260869565 , 2.17391304347826 , 0 , 0 , 11.8913043478261 , 8 , 93 , 84.9462365591398 , 7.59139784946237 
08-Jan-2004 16:34,200103,HEATHROW,SLOVENIA,LJUBLJANA,ADRIA AIRWAYS,A,S, 27 , 0 , 51.8518518518519 , 40.7407407407407 , 7.40740740740741 , 0 , 0 , 0 , 14.8148148148148 , 0 , 26 , 50 , 21.8076923076923 
08-Jan-2004 16:34,200103,HEATHROW,SLOVENIA,LJUBLJANA,ADRIA AIRWAYS,D,S, 27 , 0 , 85.1851851851852 , 7.40740740740741 , 7.40740740740741 , 0 , 0 , 0 , 7.18518518518519 , 0 , 26 , 80.7692307692308 , 12.8076923076923 
08-Jan-2004 16:34,200103,HEATHROW,SPAIN,ALICANTE,GB AIRWAYS LTD,A,S, 0 , 0 , 0 , 0 , 0 , 0 , 0 , 0 , 0 , 0 , 8 , 87.5 , 11.125 
08-Jan-2004 16:34,200103,HEATHROW,SPAIN,ALICANTE,GB AIRWAYS LTD,D,S, 0 , 0 , 0 , 0 , 0 , 0 , 0 , 0 , 0 , 0 , 8 , 87.5 , 8.25 
08-Jan-2004 16:34,200103,HEATHROW,SPAIN,BARCELONA,BMI BRITISH MIDLAND,A,S, 85 , 1 , 61.1764705882353 , 17.6470588235294 , 9.41176470588235 , 9.41176470588235 , 2.35294117647059 , 0 , 26.0352941176471 , 0 , 0 , 0 , 0 
08-Jan-2004 16:34,200103,HEATHROW,SPAIN,BARCELONA,BMI BRITISH MIDLAND,D,S, 85 , 0 , 75.2941176470588 , 14.1176470588235 , 9.41176470588235 , 1.17647058823529 , 0 , 0 , 10.6470588235294 , 0 , 0 , 0 , 0 
08-Jan-2004 16:34,200103,HEATHROW,SPAIN,BARCELONA,BRITISH AIRWAYS PLC,A,S, 95 , 0 , 66.3157894736842 , 12.6315789473684 , 7.36842105263158 , 11.5789473684211 , 2.10526315789474 , 0 , 24.4526315789474 , 0 , 94 , 75.531914893617 , 14.968085106383 
08-Jan-2004 16:34,200103,HEATHROW,SPAIN,BARCELONA,BRITISH AIRWAYS PLC,D,S, 95 , 0 , 64.2105263157895 , 13.6842105263158 , 10.5263157894737 , 10.5263157894737 , 1.05263157894737 , 0 , 24.9052631578947 , 0 , 94 , 78.7234042553192 , 9.13829787234043 
08-Jan-2004 16:34,200103,HEATHROW,SPAIN,BARCELONA,IBERIA,A,S, 124 , 0 , 56.4516129032258 , 21.7741935483871 , 12.9032258064516 , 8.87096774193548 , 0 , 0 , 22.6935483870968 , 0 , 121 , 71.900826446281 , 12.8347107438017 
08-Jan-2004 16:34,200103,HEATHROW,SPAIN,BARCELONA,IBERIA,D,S, 124 , 0 , 70.9677419354839 , 14.5161290322581 , 8.06451612903226 , 6.45161290322581 , 0 , 0 , 15.5806451612903 , 0 , 121 , 83.4710743801653 , 9.55371900826446 
08-Jan-2004 16:34,200103,HEATHROW,SPAIN,BILBAO,BRITISH AIRWAYS PLC,A,S, 0 , 0 , 0 , 0 , 0 , 0 , 0 , 0 , 0 , 0 , 60 , 76.6666666666667 , 9.91666666666667 
08-Jan-2004 16:34,200103,HEATHROW,SPAIN,BILBAO,BRITISH AIRWAYS PLC,D,S, 0 , 0 , 0 , 0 , 0 , 0 , 0 , 0 , 0 , 0 , 61 , 86.8852459016394 , 6.85245901639344 
08-Jan-2004 16:34,200103,HEATHROW,SPAIN,BILBAO,IBERIA,A,S, 31 , 0 , 87.0967741935484 , 6.45161290322581 , 3.2258064516129 , 0 , 3.2258064516129 , 0 , 14.6451612903226 , 0 , 31 , 58.0645161290323 , 23.6774193548387 
08-Jan-2004 16:34,200103,HEATHROW,SPAIN,BILBAO,IBERIA,D,S, 31 , 0 , 90.3225806451613 , 3.2258064516129 , 3.2258064516129 , 3.2258064516129 , 0 , 0 , 6.38709677419355 , 0 , 31 , 83.8709677419355 , 4.19354838709677 
08-Jan-2004 16:34,200103,HEATHROW,SPAIN,MADRID,BMI BRITISH MIDLAND,A,S, 124 , 0 , 51.6129032258064 , 25 , 17.741935483871 , 4.83870967741935 , 0.806451612903226 , 0 , 21.7096774193548 , 0 , 0 , 0 , 0 
08-Jan-2004 16:34,200103,HEATHROW,SPAIN,MADRID,BMI BRITISH MIDLAND,D,S, 124 , 0 , 66.1290322580645 , 19.3548387096774 , 11.2903225806452 , 3.2258064516129 , 0 , 0 , 14.1370967741935 , 0 , 0 , 0 , 0 
08-Jan-2004 16:34,200103,HEATHROW,SPAIN,MADRID,BRITISH AIRWAYS PLC,A,S, 155 , 0 , 46.4516129032258 , 21.9354838709677 , 20.6451612903226 , 10.3225806451613 , 0.645161290322581 , 0 , 26.8709677419355 , 0 , 154 , 55.8441558441558 , 23.4025974025974 
08-Jan-2004 16:34,200103,HEATHROW,SPAIN,MADRID,BRITISH AIRWAYS PLC,D,S, 155 , 0 , 58.0645161290323 , 21.9354838709677 , 12.9032258064516 , 6.45161290322581 , 0.645161290322581 , 0 , 20.8451612903226 , 0 , 154 , 79.8701298701299 , 11.0974025974026 
08-Jan-2004 16:34,200103,HEATHROW,SPAIN,MADRID,IBERIA,A,S, 182 , 0 , 44.5054945054945 , 24.7252747252747 , 20.8791208791209 , 8.24175824175824 , 1.64835164835165 , 0 , 27.7857142857143 , 0 , 186 , 55.9139784946236 , 17.7204301075269 
08-Jan-2004 16:34,200103,HEATHROW,SPAIN,MADRID,IBERIA,D,S, 182 , 0 , 57.1428571428571 , 15.3846153846154 , 14.8351648351648 , 10.4395604395604 , 2.1978021978022 , 0 , 26.2252747252747 , 0 , 186 , 81.1827956989247 , 12.8494623655914 
08-Jan-2004 16:34,200103,HEATHROW,SPAIN,MALAGA,GB AIRWAYS LTD,A,S, 31 , 1 , 70.9677419354839 , 9.67741935483871 , 12.9032258064516 , 6.45161290322581 , 0 , 0 , 13.2258064516129 , 0 , 31 , 96.7741935483871 , 2.83870967741936 
08-Jan-2004 16:34,200103,HEATHROW,SPAIN,MALAGA,GB AIRWAYS LTD,D,S, 32 , 0 , 40.625 , 28.125 , 21.875 , 9.375 , 0 , 0 , 28.34375 , 0 , 31 , 87.0967741935484 , 10.8387096774194 
08-Jan-2004 16:34,200103,HEATHROW,SPAIN,MALAGA,IBERIA,A,S, 31 , 0 , 51.6129032258064 , 19.3548387096774 , 22.5806451612903 , 6.45161290322581 , 0 , 0 , 22.9032258064516 , 0 , 31 , 3.2258064516129 , 37.7096774193548 
08-Jan-2004 16:34,200103,HEATHROW,SPAIN,MALAGA,IBERIA,D,S, 31 , 0 , 41.9354838709677 , 19.3548387096774 , 25.8064516129032 , 9.67741935483871 , 3.2258064516129 , 0 , 30.4516129032258 , 0 , 31 , 22.5806451612903 , 41.0322580645161 
08-Jan-2004 16:34,200103,HEATHROW,SPAIN,MALAGA,TAG AVIATION SA,D,C, 0 , 1 , 0 , 0 , 0 , 0 , 0 , 0 , 0 , 0 , 0 , 0 , 0 
08-Jan-2004 16:34,200103,HEATHROW,SPAIN,PALMA DE MALLORCA,BMI BRITISH MIDLAND,A,S, 32 , 0 , 18.75 , 40.625 , 31.25 , 9.375 , 0 , 0 , 32.25 , 0 , 31 , 29.0322580645161 , 35.8387096774194 
08-Jan-2004 16:34,200103,HEATHROW,SPAIN,PALMA DE MALLORCA,BMI BRITISH MIDLAND,D,S, 32 , 0 , 71.875 , 12.5 , 12.5 , 3.125 , 0 , 0 , 15.78125 , 0 , 31 , 58.0645161290323 , 23.5483870967742 
08-Jan-2004 16:34,200103,HEATHROW,SPAIN,SANTIAGO DE COMPOSTELA ( SPAIN ),IBERIA,A,S, 31 , 0 , 90.3225806451613 , 3.2258064516129 , 0 , 6.45161290322581 , 0 , 0 , 7.19354838709677 , 0 , 31 , 74.1935483870968 , 12.2258064516129 
08-Jan-2004 16:34,200103,HEATHROW,SPAIN,SANTIAGO DE COMPOSTELA ( SPAIN ),IBERIA,D,S, 31 , 0 , 93.5483870967742 , 3.2258064516129 , 0 , 0 , 3.2258064516129 , 0 , 12.7741935483871 , 0 , 31 , 74.1935483870968 , 17.6129032258065 
08-Jan-2004 16:34,200103,HEATHROW,SPAIN,SEVILLE,IBERIA,A,S, 31 , 0 , 67.741935483871 , 6.45161290322581 , 16.1290322580645 , 9.67741935483871 , 0 , 0 , 19.4838709677419 , 0 , 31 , 70.9677419354839 , 20.8387096774194 
08-Jan-2004 16:34,200103,HEATHROW,SPAIN,SEVILLE,IBERIA,D,S, 31 , 0 , 61.2903225806452 , 16.1290322580645 , 12.9032258064516 , 9.67741935483871 , 0 , 0 , 22.1612903225806 , 0 , 31 , 70.9677419354839 , 17.4838709677419 
08-Jan-2004 16:34,200103,HEATHROW,SPAIN,VALENCIA,IBERIA,A,S, 30 , 0 , 53.3333333333333 , 16.6666666666667 , 16.6666666666667 , 13.3333333333333 , 0 , 0 , 27.2333333333333 , 0 , 31 , 38.7096774193548 , 21.258064516129 
08-Jan-2004 16:34,200103,HEATHROW,SPAIN,VALENCIA,IBERIA,D,S, 30 , 0 , 63.3333333333333 , 20 , 6.66666666666667 , 10 , 0 , 0 , 17.2333333333333 , 0 , 31 , 87.0967741935484 , 4.7741935483871 
08-Jan-2004 16:34,200103,HEATHROW,SRI LANKA,COLOMBO,SRILANKAN AIRLINES,A,S, 45 , 0 , 60 , 20 , 13.3333333333333 , 6.66666666666667 , 0 , 0 , 20.2 , 0 , 31 , 35.4838709677419 , 72.6451612903226 
08-Jan-2004 16:34,200103,HEATHROW,SRI LANKA,COLOMBO,SRILANKAN AIRLINES,D,S, 45 , 0 , 57.7777777777778 , 26.6666666666667 , 8.88888888888889 , 6.66666666666667 , 0 , 0 , 23.2444444444444 , 0 , 31 , 38.7096774193548 , 55.9032258064516 
08-Jan-2004 16:34,200103,HEATHROW,SUDAN,KHARTOUM,SUDAN AIRWAYS,A,S, 8 , 0 , 12.5 , 12.5 , 0 , 50 , 12.5 , 12.5 , 143.125 , 0 , 8 , 0 , 97.5 
08-Jan-2004 16:34,200103,HEATHROW,SUDAN,KHARTOUM,SUDAN AIRWAYS,D,S, 8 , 0 , 25 , 25 , 0 , 25 , 25 , 0 , 92 , 0 , 8 , 50 , 63.25 
08-Jan-2004 16:34,200103,HEATHROW,SWEDEN,GOTEBORG,SAS,A,S, 60 , 0 , 63.3333333333333 , 31.6666666666667 , 0 , 3.33333333333333 , 1.66666666666667 , 0 , 16.8333333333333 , 0 , 62 , 69.3548387096774 , 13.0483870967742 
08-Jan-2004 16:34,200103,HEATHROW,SWEDEN,GOTEBORG,SAS,D,S, 60 , 0 , 78.3333333333333 , 10 , 3.33333333333333 , 6.66666666666667 , 1.66666666666667 , 0 , 15.75 , 0 , 62 , 87.0967741935484 , 7.91935483870968 
08-Jan-2004 16:34,200103,HEATHROW,SWEDEN,STOCKHOLM (ARLANDA),BRITISH AIRWAYS PLC,A,S, 152 , 0 , 69.7368421052632 , 17.7631578947368 , 7.23684210526316 , 5.26315789473684 , 0 , 0 , 15 , 0 , 155 , 77.4193548387097 , 13.2387096774194 
08-Jan-2004 16:34,200103,HEATHROW,SWEDEN,STOCKHOLM (ARLANDA),BRITISH AIRWAYS PLC,D,S, 152 , 0 , 75.6578947368421 , 13.8157894736842 , 7.89473684210526 , 1.97368421052632 , 0.657894736842105 , 0 , 12.1513157894737 , 0 , 155 , 85.8064516129032 , 7.54838709677419 
08-Jan-2004 16:34,200103,HEATHROW,SWEDEN,STOCKHOLM (ARLANDA),SAS,A,S, 189 , 0 , 76.7195767195767 , 9.52380952380952 , 8.46560846560847 , 5.29100529100529 , 0 , 0 , 13.7883597883598 , 0 , 180 , 71.6666666666667 , 13.7611111111111 
08-Jan-2004 16:34,200103,HEATHROW,SWEDEN,STOCKHOLM (ARLANDA),SAS,D,S, 188 , 0 , 84.0425531914894 , 7.4468085106383 , 4.78723404255319 , 3.72340425531915 , 0 , 0 , 9.40957446808511 , 1 , 180 , 83.8888888888889 , 8.28888888888889 
08-Jan-2004 16:34,200103,HEATHROW,SWITZERLAND,BASLE MULHOUSE,SWISS AIRLINES,A,S, 93 , 0 , 51.6129032258064 , 31.1827956989247 , 15.0537634408602 , 2.1505376344086 , 0 , 0 , 18.6236559139785 , 0 , 92 , 34.7826086956522 , 31.6195652173913 
08-Jan-2004 16:34,200103,HEATHROW,SWITZERLAND,BASLE MULHOUSE,SWISS AIRLINES,D,S, 93 , 0 , 67.741935483871 , 25.8064516129032 , 5.37634408602151 , 0 , 1.0752688172043 , 0 , 13.4193548387097 , 0 , 92 , 45.6521739130435 , 25.2173913043478 
08-Jan-2004 16:34,200103,HEATHROW,SWITZERLAND,BASLE MULHOUSE,TAG AVIATION SA,D,C, 1 , 0 , 100 , 0 , 0 , 0 , 0 , 0 , 0 , 0 , 0 , 0 , 0 
08-Jan-2004 16:34,200103,HEATHROW,SWITZERLAND,GENEVA,BMI BRITISH MIDLAND,A,C, 8 , 0 , 0 , 25 , 50 , 25 , 0 , 0 , 43.875 , 0 , 8 , 0 , 61.5 
08-Jan-2004 16:34,200103,HEATHROW,SWITZERLAND,GENEVA,BMI BRITISH MIDLAND,D,C, 8 , 0 , 75 , 0 , 12.5 , 12.5 , 0 , 0 , 19.375 , 0 , 8 , 62.5 , 12.75 
08-Jan-2004 16:34,200103,HEATHROW,SWITZERLAND,GENEVA,BRITISH AIRWAYS PLC,A,S, 153 , 0 , 42.483660130719 , 26.1437908496732 , 20.2614379084967 , 9.15032679738562 , 1.96078431372549 , 0 , 29.9738562091503 , 0 , 150 , 46.6666666666667 , 22.4133333333333 
08-Jan-2004 16:34,200103,HEATHROW,SWITZERLAND,GENEVA,BRITISH AIRWAYS PLC,D,S, 152 , 0 , 61.1842105263158 , 15.7894736842105 , 14.4736842105263 , 8.55263157894737 , 0 , 0 , 21.1644736842105 , 0 , 150 , 78.6666666666667 , 9.28666666666667 
08-Jan-2004 16:34,200103,HEATHROW,SWITZERLAND,GENEVA,SWISSAIR,A,S, 123 , 0 , 60.9756097560976 , 14.6341463414634 , 17.0731707317073 , 5.69105691056911 , 1.6260162601626 , 0 , 23.4634146341463 , 0 , 124 , 60.4838709677419 , 15.9596774193548 
08-Jan-2004 16:34,200103,HEATHROW,SWITZERLAND,GENEVA,SWISSAIR,D,S, 123 , 0 , 56.0975609756098 , 14.6341463414634 , 17.0731707317073 , 11.3821138211382 , 0.813008130081301 , 0 , 25.7967479674797 , 0 , 124 , 55.6451612903226 , 18.741935483871 
08-Jan-2004 16:34,200103,HEATHROW,SWITZERLAND,SION,SWISS AIRLINES,A,S, 5 , 0 , 20 , 0 , 40 , 40 , 0 , 0 , 68.2 , 0 , 4 , 75 , 18.5 
08-Jan-2004 16:34,200103,HEATHROW,SWITZERLAND,SION,SWISS AIRLINES,D,S, 5 , 0 , 60 , 20 , 20 , 0 , 0 , 0 , 13.2 , 0 , 4 , 50 , 25.5 
08-Jan-2004 16:34,200103,HEATHROW,SWITZERLAND,ZURICH,BRITISH AIRWAYS PLC,A,S, 178 , 0 , 65.7303370786517 , 18.5393258426966 , 8.98876404494382 , 6.74157303370787 , 0 , 0 , 18.4550561797753 , 0 , 154 , 57.1428571428571 , 17.2532467532468 
08-Jan-2004 16:34,200103,HEATHROW,SWITZERLAND,ZURICH,BRITISH AIRWAYS PLC,D,S, 178 , 0 , 74.7191011235955 , 12.3595505617978 , 9.55056179775281 , 3.37078651685393 , 0 , 0 , 12.9831460674157 , 0 , 154 , 80.5194805194805 , 10.5584415584416 
08-Jan-2004 16:34,200103,HEATHROW,SWITZERLAND,ZURICH,SWISSAIR,A,S, 217 , 0 , 30.8755760368664 , 31.3364055299539 , 30.4147465437788 , 7.37327188940092 , 0 , 0 , 28.4976958525346 , 0 , 217 , 37.7880184331797 , 26.1520737327189 
08-Jan-2004 16:34,200103,HEATHROW,SWITZERLAND,ZURICH,SWISSAIR,D,S, 217 , 0 , 55.7603686635945 , 19.815668202765 , 18.8940092165899 , 5.52995391705069 , 0 , 0 , 19.5714285714286 , 0 , 216 , 54.1666666666667 , 19.6435185185185 
08-Jan-2004 16:34,200103,HEATHROW,SYRIA,DAMASCUS,BRITISH MEDITERRANEAN AIRWAYS,A,S, 8 , 0 , 75 , 25 , 0 , 0 , 0 , 0 , 11 , 0 , 0 , 0 , 0 
08-Jan-2004 16:34,200103,HEATHROW,SYRIA,DAMASCUS,BRITISH MEDITERRANEAN AIRWAYS,D,S, 9 , 0 , 22.2222222222222 , 33.3333333333333 , 22.2222222222222 , 11.1111111111111 , 11.1111111111111 , 0 , 48 , 0 , 0 , 0 , 0 
08-Jan-2004 16:34,200103,HEATHROW,SYRIA,DAMASCUS,SYRIANAIR,A,S, 12 , 2 , 0 , 8.33333333333333 , 41.6666666666667 , 41.6666666666667 , 0 , 8.33333333333333 , 113 , 1 , 13 , 38.4615384615385 , 42.9230769230769 
08-Jan-2004 16:34,200103,HEATHROW,SYRIA,DAMASCUS,SYRIANAIR,D,S, 13 , 1 , 38.4615384615385 , 23.0769230769231 , 23.0769230769231 , 7.69230769230769 , 0 , 7.69230769230769 , 74.4615384615385 , 0 , 14 , 42.8571428571429 , 22.7142857142857 
08-Jan-2004 16:34,200103,HEATHROW,TANZANIA,DAR-ES-SALAAM,ALLIANCE,A,S, 0 , 0 , 0 , 0 , 0 , 0 , 0 , 0 , 0 , 0 , 8 , 75 , 32.625 
08-Jan-2004 16:34,200103,HEATHROW,TANZANIA,DAR-ES-SALAAM,ALLIANCE,D,S, 0 , 0 , 0 , 0 , 0 , 0 , 0 , 0 , 0 , 0 , 8 , 37.5 , 23.375 
08-Jan-2004 16:34,200103,HEATHROW,THAILAND,BANGKOK,BRITISH AIRWAYS PLC,A,S, 14 , 0 , 35.7142857142857 , 28.5714285714286 , 28.5714285714286 , 0 , 7.14285714285714 , 0 , 34.2857142857143 , 0 , 2 , 100 , 1.5 
08-Jan-2004 16:34,200103,HEATHROW,THAILAND,BANGKOK,BRITISH AIRWAYS PLC,D,S, 13 , 0 , 46.1538461538462 , 30.7692307692308 , 7.69230769230769 , 7.69230769230769 , 7.69230769230769 , 0 , 39.3076923076923 , 0 , 3 , 66.6666666666667 , 9.33333333333333 
08-Jan-2004 16:34,200103,HEATHROW,THAILAND,BANGKOK,THAI AIRWAYS INTERNATIONAL,A,S, 44 , 0 , 47.7272727272727 , 22.7272727272727 , 18.1818181818182 , 11.3636363636364 , 0 , 0 , 24.2045454545455 , 0 , 44 , 52.2727272727273 , 21.8409090909091 
08-Jan-2004 16:34,200103,HEATHROW,THAILAND,BANGKOK,THAI AIRWAYS INTERNATIONAL,D,S, 44 , 0 , 86.3636363636364 , 11.3636363636364 , 2.27272727272727 , 0 , 0 , 0 , 8.72727272727273 , 0 , 44 , 95.4545454545455 , 4.61363636363636 
08-Jan-2004 16:34,200103,HEATHROW,TRINIDAD AND TOBAGO,PORT OF SPAIN,BWIA,A,S, 29 , 0 , 65.5172413793103 , 6.89655172413793 , 20.6896551724138 , 6.89655172413793 , 0 , 0 , 14.4137931034483 , 1 , 31 , 32.258064516129 , 35.9032258064516 
08-Jan-2004 16:34,200103,HEATHROW,TRINIDAD AND TOBAGO,PORT OF SPAIN,BWIA,D,S, 30 , 0 , 43.3333333333333 , 36.6666666666667 , 13.3333333333333 , 6.66666666666667 , 0 , 0 , 23.1333333333333 , 0 , 31 , 48.3870967741935 , 27.5806451612903 
08-Jan-2004 16:34,200103,HEATHROW,TUNISIA,TUNIS,TUNISAIR,A,S, 18 , 0 , 11.1111111111111 , 38.8888888888889 , 38.8888888888889 , 11.1111111111111 , 0 , 0 , 42.3888888888889 , 0 , 17 , 17.6470588235294 , 32.7058823529412 
08-Jan-2004 16:34,200103,HEATHROW,TUNISIA,TUNIS,TUNISAIR,D,S, 18 , 0 , 22.2222222222222 , 27.7777777777778 , 38.8888888888889 , 5.55555555555556 , 5.55555555555556 , 0 , 44.2222222222222 , 0 , 17 , 35.2941176470588 , 21.4117647058824 
08-Jan-2004 16:34,200103,HEATHROW,TURKEY,ANTALYA,KIBRIS TURKISH AIRLINES - KTHY,A,S, 1 , 0 , 100 , 0 , 0 , 0 , 0 , 0 , 11 , 0 , 0 , 0 , 0 
08-Jan-2004 16:34,200103,HEATHROW,TURKEY,ANTALYA,KIBRIS TURKISH AIRLINES - KTHY,D,S, 1 , 0 , 100 , 0 , 0 , 0 , 0 , 0 , 0 , 0 , 0 , 0 , 0 
08-Jan-2004 16:34,200103,HEATHROW,TURKEY,ISTANBUL,BRITISH AIRWAYS PLC,A,S, 62 , 0 , 80.6451612903226 , 9.67741935483871 , 9.67741935483871 , 0 , 0 , 0 , 8.08064516129032 , 0 , 62 , 79.0322580645161 , 9.67741935483871 
08-Jan-2004 16:34,200103,HEATHROW,TURKEY,ISTANBUL,BRITISH AIRWAYS PLC,D,S, 62 , 0 , 58.0645161290323 , 22.5806451612903 , 12.9032258064516 , 6.45161290322581 , 0 , 0 , 19.6774193548387 , 0 , 62 , 85.4838709677419 , 7.53225806451613 
08-Jan-2004 16:34,200103,HEATHROW,TURKEY,ISTANBUL,ISTANBUL HAVA YOLLARI,A,S, 0 , 0 , 0 , 0 , 0 , 0 , 0 , 0 , 0 , 0 , 10 , 0 , 139.5 
08-Jan-2004 16:34,200103,HEATHROW,TURKEY,ISTANBUL,ISTANBUL HAVA YOLLARI,D,S, 0 , 0 , 0 , 0 , 0 , 0 , 0 , 0 , 0 , 0 , 10 , 0 , 153.2 
08-Jan-2004 16:34,200103,HEATHROW,TURKEY,ISTANBUL,THY TURK HAVA YOLLARI TURKISH,A,S, 93 , 0 , 45.1612903225806 , 20.4301075268817 , 23.6559139784946 , 10.752688172043 , 0 , 0 , 25.9032258064516 , 0 , 93 , 35.4838709677419 , 27.752688172043 
08-Jan-2004 16:34,200103,HEATHROW,TURKEY,ISTANBUL,THY TURK HAVA YOLLARI TURKISH,D,S, 93 , 0 , 66.6666666666667 , 12.9032258064516 , 12.9032258064516 , 6.45161290322581 , 1.0752688172043 , 0 , 19.8387096774194 , 0 , 93 , 54.8387096774194 , 20.1397849462366 
08-Jan-2004 16:34,200103,HEATHROW,TURKEY,IZMIR (ADNAM MENDERES),THY TURK HAVA YOLLARI TURKISH,A,S, 9 , 0 , 33.3333333333333 , 44.4444444444444 , 22.2222222222222 , 0 , 0 , 0 , 23.6666666666667 , 0 , 8 , 50 , 49.875 
08-Jan-2004 16:34,200103,HEATHROW,TURKEY,IZMIR (ADNAM MENDERES),THY TURK HAVA YOLLARI TURKISH,D,S, 9 , 0 , 0 , 33.3333333333333 , 44.4444444444444 , 22.2222222222222 , 0 , 0 , 47.2222222222222 , 0 , 8 , 37.5 , 50.625 
08-Jan-2004 16:34,200103,HEATHROW,TURKMENISTAN,ASHKHABAD,TURKMENISTAN AIRLINES,A,S, 9 , 1 , 22.2222222222222 , 22.2222222222222 , 44.4444444444444 , 11.1111111111111 , 0 , 0 , 33.8888888888889 , 0 , 8 , 62.5 , 17.5 
08-Jan-2004 16:34,200103,HEATHROW,TURKMENISTAN,ASHKHABAD,TURKMENISTAN AIRLINES,D,S, 9 , 1 , 66.6666666666667 , 11.1111111111111 , 22.2222222222222 , 0 , 0 , 0 , 20.2222222222222 , 0 , 8 , 87.5 , 8.625 
08-Jan-2004 16:34,200103,HEATHROW,UNITED ARAB EMIRATES,ABU DHABI INTERNATIONAL,GULF AIR,A,S, 20 , 1 , 65 , 10 , 5 , 15 , 0 , 5 , 37.6 , 0 , 39 , 56.4102564102564 , 15.6410256410256 
08-Jan-2004 16:34,200103,HEATHROW,UNITED ARAB EMIRATES,ABU DHABI INTERNATIONAL,GULF AIR,D,S, 4 , 1 , 25 , 50 , 25 , 0 , 0 , 0 , 18.5 , 0 , 37 , 75.6756756756757 , 10.3783783783784 
08-Jan-2004 16:34,200103,HEATHROW,UNITED ARAB EMIRATES,DUBAI,BRITISH AIRWAYS PLC,A,S, 62 , 0 , 87.0967741935484 , 8.06451612903226 , 4.83870967741935 , 0 , 0 , 0 , 4.54838709677419 , 0 , 62 , 69.3548387096774 , 11.7741935483871 
08-Jan-2004 16:34,200103,HEATHROW,UNITED ARAB EMIRATES,DUBAI,BRITISH AIRWAYS PLC,D,S, 62 , 0 , 59.6774193548387 , 25.8064516129032 , 9.67741935483871 , 4.83870967741935 , 0 , 0 , 16.2096774193548 , 0 , 62 , 85.4838709677419 , 6.91935483870968 
08-Jan-2004 16:34,200103,HEATHROW,UNITED ARAB EMIRATES,DUBAI,EMIRATES,A,S, 93 , 0 , 55.9139784946236 , 22.5806451612903 , 18.2795698924731 , 3.2258064516129 , 0 , 0 , 18.3118279569892 , 0 , 93 , 36.5591397849462 , 25.9032258064516 
08-Jan-2004 16:34,200103,HEATHROW,UNITED ARAB EMIRATES,DUBAI,EMIRATES,D,S, 93 , 0 , 65.5913978494624 , 17.2043010752688 , 12.9032258064516 , 4.3010752688172 , 0 , 0 , 15.2043010752688 , 0 , 92 , 41.304347826087 , 25.7717391304348 
08-Jan-2004 16:34,200103,HEATHROW,UNITED KINGDOM,ABERDEEN,BRITISH AIRWAYS PLC,A,S, 191 , 0 , 65.9685863874346 , 17.8010471204188 , 9.42408376963351 , 5.75916230366492 , 1.04712041884817 , 0 , 19.1361256544503 , 1 , 191 , 77.4869109947644 , 12.282722513089 
08-Jan-2004 16:34,200103,HEATHROW,UNITED KINGDOM,ABERDEEN,BRITISH AIRWAYS PLC,D,S, 192 , 0 , 79.6875 , 10.9375 , 6.77083333333333 , 2.60416666666667 , 0 , 0 , 10.1510416666667 , 1 , 191 , 89.5287958115183 , 5.80628272251309 
08-Jan-2004 16:34,200103,HEATHROW,UNITED KINGDOM,BELFAST INTERNATIONAL,BMI BRITISH MIDLAND,A,S, 243 , 0 , 86.4197530864198 , 7.81893004115226 , 5.34979423868313 , 0.411522633744856 , 0 , 0 , 6.67489711934156 , 0 , 244 , 76.6393442622951 , 12.1147540983607 
08-Jan-2004 16:34,200103,HEATHROW,UNITED KINGDOM,BELFAST INTERNATIONAL,BMI BRITISH MIDLAND,D,S, 244 , 0 , 84.4262295081967 , 8.60655737704918 , 5.73770491803279 , 1.22950819672131 , 0 , 0 , 8.11885245901639 , 0 , 244 , 80.7377049180328 , 8.76229508196721 
08-Jan-2004 16:34,200103,HEATHROW,UNITED KINGDOM,BELFAST INTERNATIONAL,BRITISH AIRWAYS PLC,A,S, 177 , 0 , 79.6610169491525 , 11.2994350282486 , 6.21468926553672 , 2.82485875706215 , 0 , 0 , 10.4237288135593 , 0 , 178 , 75.2808988764045 , 12.7584269662921 
08-Jan-2004 16:34,200103,HEATHROW,UNITED KINGDOM,BELFAST INTERNATIONAL,BRITISH AIRWAYS PLC,D,S, 178 , 0 , 83.1460674157303 , 8.42696629213483 , 5.0561797752809 , 3.37078651685393 , 0 , 0 , 9.39325842696629 , 0 , 178 , 84.2696629213483 , 7.10674157303371 
08-Jan-2004 16:34,200103,HEATHROW,UNITED KINGDOM,BIRMINGHAM,AMERICAN AIRLINES,D,S, 0 , 1 , 0 , 0 , 0 , 0 , 0 , 0 , 0 , 0 , 0 , 0 , 0 
08-Jan-2004 16:34,200103,HEATHROW,UNITED KINGDOM,EDINBURGH,BMI BRITISH MIDLAND,A,S, 235 , 2 , 70.6382978723404 , 13.6170212765957 , 13.1914893617021 , 2.5531914893617 , 0 , 0 , 13.1914893617021 , 18 , 253 , 67.1936758893281 , 16.4782608695652 
08-Jan-2004 16:34,200103,HEATHROW,UNITED KINGDOM,EDINBURGH,BMI BRITISH MIDLAND,D,S, 239 , 0 , 73.2217573221757 , 12.9707112970711 , 11.7154811715481 , 2.09205020920502 , 0 , 0 , 11.744769874477 , 17 , 248 , 79.4354838709677 , 11.4233870967742 
08-Jan-2004 16:34,200103,HEATHROW,UNITED KINGDOM,EDINBURGH,BRITISH AIRWAYS PLC,A,S, 331 , 0 , 72.5075528700906 , 10.2719033232628 , 6.94864048338369 , 9.96978851963746 , 0.302114803625378 , 0 , 18.166163141994 , 1 , 333 , 72.972972972973 , 13.5465465465465 
08-Jan-2004 16:34,200103,HEATHROW,UNITED KINGDOM,EDINBURGH,BRITISH AIRWAYS PLC,D,S, 332 , 0 , 75.6024096385542 , 10.2409638554217 , 7.2289156626506 , 6.92771084337349 , 0 , 0 , 13.3644578313253 , 0 , 333 , 88.2882882882883 , 6.56756756756757 
08-Jan-2004 16:34,200103,HEATHROW,UNITED KINGDOM,GLASGOW,BMI BRITISH MIDLAND,A,S, 234 , 1 , 73.5042735042735 , 15.3846153846154 , 8.54700854700855 , 2.56410256410256 , 0 , 0 , 11.9529914529915 , 0 , 239 , 58.5774058577406 , 19.8828451882845 
08-Jan-2004 16:34,200103,HEATHROW,UNITED KINGDOM,GLASGOW,BMI BRITISH MIDLAND,D,S, 235 , 2 , 73.6170212765958 , 17.4468085106383 , 5.95744680851064 , 2.97872340425532 , 0 , 0 , 12.3404255319149 , 0 , 239 , 73.2217573221757 , 11.1380753138075 
08-Jan-2004 16:34,200103,HEATHROW,UNITED KINGDOM,GLASGOW,BRITISH AIRWAYS PLC,A,S, 333 , 0 , 80.1801801801802 , 9.90990990990991 , 7.50750750750751 , 2.4024024024024 , 0 , 0 , 9.68468468468468 , 0 , 330 , 77.8787878787879 , 12.1242424242424 
08-Jan-2004 16:34,200103,HEATHROW,UNITED KINGDOM,GLASGOW,BRITISH AIRWAYS PLC,D,S, 333 , 0 , 77.4774774774775 , 10.8108108108108 , 7.20720720720721 , 4.5045045045045 , 0 , 0 , 12.5585585585586 , 0 , 331 , 87.3111782477341 , 6.35347432024169 
08-Jan-2004 16:34,200103,HEATHROW,UNITED KINGDOM,ISLE OF MAN,BA CITIEXPRESS (IOM) LTD,A,S, 83 , 0 , 81.9277108433735 , 10.8433734939759 , 4.81927710843374 , 2.40963855421687 , 0 , 0 , 10.1566265060241 , 1 , 84 , 80.9523809523809 , 9.63095238095238 
08-Jan-2004 16:34,200103,HEATHROW,UNITED KINGDOM,ISLE OF MAN,BA CITIEXPRESS (IOM) LTD,D,S, 83 , 0 , 81.9277108433735 , 10.8433734939759 , 4.81927710843374 , 2.40963855421687 , 0 , 0 , 8.97590361445783 , 1 , 84 , 85.7142857142857 , 6.30952380952381 
08-Jan-2004 16:34,200103,HEATHROW,UNITED KINGDOM,JERSEY,BRITISH AIRWAYS PLC,A,S, 0 , 0 , 0 , 0 , 0 , 0 , 0 , 0 , 0 , 0 , 111 , 64.8648648648649 , 17.7747747747748 
08-Jan-2004 16:34,200103,HEATHROW,UNITED KINGDOM,JERSEY,BRITISH AIRWAYS PLC,D,S, 0 , 0 , 0 , 0 , 0 , 0 , 0 , 0 , 0 , 0 , 113 , 78.7610619469027 , 11.7699115044248 
08-Jan-2004 16:34,200103,HEATHROW,UNITED KINGDOM,LEEDS BRADFORD,BMI BRITISH MIDLAND,A,S, 105 , 0 , 91.4285714285714 , 4.76190476190476 , 0 , 2.85714285714286 , 0.952380952380952 , 0 , 8.53333333333333 , 1 , 141 , 75.886524822695 , 11.531914893617 
08-Jan-2004 16:34,200103,HEATHROW,UNITED KINGDOM,LEEDS BRADFORD,BMI BRITISH MIDLAND,D,S, 105 , 0 , 80.9523809523809 , 13.3333333333333 , 1.9047619047619 , 3.80952380952381 , 0 , 0 , 9.20952380952381 , 1 , 141 , 80.8510638297872 , 8.00709219858156 
08-Jan-2004 16:34,200103,HEATHROW,UNITED KINGDOM,MANCHESTER,BMI BRITISH MIDLAND,A,S, 208 , 2 , 71.6346153846154 , 19.7115384615385 , 6.25 , 2.40384615384615 , 0 , 0 , 11.0865384615385 , 0 , 236 , 80.5084745762712 , 10.0127118644068 
08-Jan-2004 16:34,200103,HEATHROW,UNITED KINGDOM,MANCHESTER,BMI BRITISH MIDLAND,D,S, 213 , 0 , 76.5258215962441 , 14.0845070422535 , 6.10328638497653 , 3.28638497652582 , 0 , 0 , 10.9577464788732 , 0 , 235 , 82.9787234042553 , 7.5063829787234 
08-Jan-2004 16:34,200103,HEATHROW,UNITED KINGDOM,MANCHESTER,BRITISH AIRWAYS PLC,A,S, 304 , 0 , 60.8552631578947 , 17.7631578947368 , 15.1315789473684 , 6.25 , 0 , 0 , 18.9802631578947 , 1 , 301 , 68.1063122923588 , 15.3654485049834 
08-Jan-2004 16:34,200103,HEATHROW,UNITED KINGDOM,MANCHESTER,BRITISH AIRWAYS PLC,D,S, 305 , 0 , 68.5245901639344 , 13.7704918032787 , 10.4918032786885 , 7.21311475409836 , 0 , 0 , 16.6131147540984 , 0 , 301 , 87.7076411960133 , 6.72093023255814 
08-Jan-2004 16:34,200103,HEATHROW,UNITED KINGDOM,NEWCASTLE,BRITISH AIRWAYS PLC,A,S, 168 , 0 , 71.4285714285714 , 11.9047619047619 , 10.1190476190476 , 5.95238095238095 , 0.595238095238095 , 0 , 17.047619047619 , 0 , 167 , 74.8502994011976 , 12.3712574850299 
08-Jan-2004 16:34,200103,HEATHROW,UNITED KINGDOM,NEWCASTLE,BRITISH AIRWAYS PLC,D,S, 168 , 0 , 75.5952380952381 , 7.73809523809524 , 10.1190476190476 , 6.54761904761905 , 0 , 0 , 13.3571428571429 , 0 , 167 , 88.0239520958084 , 5.51497005988024 
08-Jan-2004 16:34,200103,HEATHROW,UNITED KINGDOM,STANSTED,BRITISH AIRWAYS PLC,A,C, 0 , 0 , 0 , 0 , 0 , 0 , 0 , 0 , 0 , 0 , 1 , 0 , 49 
08-Jan-2004 16:34,200103,HEATHROW,UNITED KINGDOM,TEESSIDE,BMI BRITISH MIDLAND,A,S, 92 , 0 , 85.8695652173913 , 9.78260869565217 , 2.17391304347826 , 1.08695652173913 , 1.08695652173913 , 0 , 8.89130434782609 , 0 , 138 , 84.0579710144928 , 7.23188405797101 
08-Jan-2004 16:34,200103,HEATHROW,UNITED KINGDOM,TEESSIDE,BMI BRITISH MIDLAND,D,S, 92 , 0 , 84.7826086956522 , 10.8695652173913 , 3.26086956521739 , 1.08695652173913 , 0 , 0 , 7.04347826086957 , 0 , 138 , 88.4057971014493 , 5.33333333333333 
08-Jan-2004 16:34,200103,HEATHROW,USA,BOSTON,AMERICAN AIRLINES,A,S, 58 , 1 , 37.9310344827586 , 15.5172413793103 , 27.5862068965517 , 17.2413793103448 , 1.72413793103448 , 0 , 38.7586206896552 , 1 , 62 , 38.7096774193548 , 28.8548387096774 
08-Jan-2004 16:34,200103,HEATHROW,USA,BOSTON,AMERICAN AIRLINES,D,S, 59 , 0 , 76.271186440678 , 13.5593220338983 , 10.1694915254237 , 0 , 0 , 0 , 9.77966101694915 , 0 , 62 , 90.3225806451613 , 6.64516129032258 
08-Jan-2004 16:34,200103,HEATHROW,USA,BOSTON,BRITISH AIRWAYS PLC,A,S, 85 , 2 , 52.9411764705882 , 17.6470588235294 , 12.9411764705882 , 10.5882352941176 , 4.70588235294118 , 1.17647058823529 , 42.1058823529412 , 218 , 93 , 70.9677419354839 , 10.9139784946237 
08-Jan-2004 16:34,200103,HEATHROW,USA,BOSTON,BRITISH AIRWAYS PLC,D,S, 87 , 0 , 56.3218390804598 , 12.6436781609195 , 13.7931034482759 , 11.4942528735632 , 4.59770114942529 , 1.14942528735632 , 45.8965517241379 , 0 , 92 , 81.5217391304348 , 10.2717391304348 
08-Jan-2004 16:34,200103,HEATHROW,USA,BOSTON,UNITED AIRLINES,A,S, 29 , 0 , 51.7241379310345 , 24.1379310344828 , 3.44827586206897 , 20.6896551724138 , 0 , 0 , 30.448275862069 , 0 , 31 , 61.2903225806452 , 25.7096774193548 
08-Jan-2004 16:34,200103,HEATHROW,USA,BOSTON,UNITED AIRLINES,D,S, 29 , 0 , 79.3103448275862 , 6.89655172413793 , 13.7931034482759 , 0 , 0 , 0 , 7.75862068965517 , 0 , 31 , 74.1935483870968 , 9.74193548387097 
08-Jan-2004 16:34,200103,HEATHROW,USA,CHICAGO (O'HARE),AIR INDIA,A,S, 12 , 1 , 41.6666666666667 , 41.6666666666667 , 8.33333333333333 , 8.33333333333333 , 0 , 0 , 20.5833333333333 , 0 , 12 , 33.3333333333333 , 34.6666666666667 
08-Jan-2004 16:34,200103,HEATHROW,USA,CHICAGO (O'HARE),AIR INDIA,D,S, 13 , 0 , 30.7692307692308 , 23.0769230769231 , 15.3846153846154 , 23.0769230769231 , 7.69230769230769 , 0 , 50.3076923076923 , 0 , 13 , 15.3846153846154 , 75.6153846153846 
08-Jan-2004 16:34,200103,HEATHROW,USA,CHICAGO (O'HARE),AMERICAN AIRLINES,A,S, 117 , 2 , 33.3333333333333 , 28.2051282051282 , 24.7863247863248 , 11.1111111111111 , 0.854700854700855 , 1.70940170940171 , 39.4957264957265 , 3 , 95 , 37.8947368421053 , 34.1368421052632 
08-Jan-2004 16:34,200103,HEATHROW,USA,CHICAGO (O'HARE),AMERICAN AIRLINES,D,S, 120 , 2 , 81.6666666666667 , 9.16666666666667 , 5 , 1.66666666666667 , 2.5 , 0 , 14.975 , 1 , 95 , 83.1578947368421 , 10.0736842105263 
08-Jan-2004 16:34,200103,HEATHROW,USA,CHICAGO (O'HARE),BRITISH AIRWAYS PLC,A,S, 62 , 0 , 74.1935483870968 , 14.5161290322581 , 3.2258064516129 , 8.06451612903226 , 0 , 0 , 14.0322580645161 , 0 , 62 , 88.7096774193548 , 7.11290322580645 
08-Jan-2004 16:34,200103,HEATHROW,USA,CHICAGO (O'HARE),BRITISH AIRWAYS PLC,D,S, 62 , 0 , 69.3548387096774 , 12.9032258064516 , 8.06451612903226 , 8.06451612903226 , 1.61290322580645 , 0 , 20.8225806451613 , 0 , 62 , 80.6451612903226 , 9.74193548387097 
08-Jan-2004 16:34,200103,HEATHROW,USA,CHICAGO (O'HARE),UNITED AIRLINES,A,S, 91 , 0 , 35.1648351648352 , 19.7802197802198 , 30.7692307692308 , 12.0879120879121 , 2.1978021978022 , 0 , 35.6153846153846 , 0 , 92 , 50 , 28.304347826087 
08-Jan-2004 16:34,200103,HEATHROW,USA,CHICAGO (O'HARE),UNITED AIRLINES,D,S, 92 , 1 , 82.6086956521739 , 10.8695652173913 , 5.43478260869565 , 1.08695652173913 , 0 , 0 , 7.56521739130435 , 0 , 92 , 79.3478260869565 , 8.65217391304348 
08-Jan-2004 16:34,200103,HEATHROW,USA,CHICAGO (O'HARE),VIRGIN ATLANTIC AIRWAYS LTD,A,S, 31 , 0 , 74.1935483870968 , 12.9032258064516 , 9.67741935483871 , 3.2258064516129 , 0 , 0 , 10.8064516129032 , 0 , 31 , 87.0967741935484 , 15.0645161290323 
08-Jan-2004 16:34,200103,HEATHROW,USA,CHICAGO (O'HARE),VIRGIN ATLANTIC AIRWAYS LTD,D,S, 31 , 0 , 70.9677419354839 , 9.67741935483871 , 6.45161290322581 , 12.9032258064516 , 0 , 0 , 21.1935483870968 , 0 , 31 , 83.8709677419355 , 14.5806451612903 
08-Jan-2004 16:34,200103,HEATHROW,USA,DETROIT,BRITISH AIRWAYS PLC,A,S, 29 , 1 , 82.7586206896552 , 0 , 3.44827586206897 , 13.7931034482759 , 0 , 0 , 15.1724137931034 , 1 , 30 , 86.6666666666667 , 12.5 
08-Jan-2004 16:34,200103,HEATHROW,USA,DETROIT,BRITISH AIRWAYS PLC,D,S, 30 , 0 , 56.6666666666667 , 20 , 10 , 13.3333333333333 , 0 , 0 , 30.1333333333333 , 0 , 31 , 77.4193548387097 , 21.5483870967742 
08-Jan-2004 16:34,200103,HEATHROW,USA,LOS ANGELES INTERNATIONAL,AMERICAN AIRLINES,A,S, 29 , 1 , 51.7241379310345 , 17.2413793103448 , 27.5862068965517 , 3.44827586206897 , 0 , 0 , 20.7241379310345 , 0 , 31 , 54.8387096774194 , 21.1612903225806 
08-Jan-2004 16:34,200103,HEATHROW,USA,LOS ANGELES INTERNATIONAL,AMERICAN AIRLINES,D,S, 31 , 0 , 80.6451612903226 , 19.3548387096774 , 0 , 0 , 0 , 0 , 10.1290322580645 , 0 , 31 , 41.9354838709677 , 32.8064516129032 
08-Jan-2004 16:34,200103,HEATHROW,USA,LOS ANGELES INTERNATIONAL,BRITISH AIRWAYS PLC,A,S, 62 , 0 , 50 , 20.9677419354839 , 16.1290322580645 , 12.9032258064516 , 0 , 0 , 25.3548387096774 , 0 , 62 , 87.0967741935484 , 9.83870967741935 
08-Jan-2004 16:34,200103,HEATHROW,USA,LOS ANGELES INTERNATIONAL,BRITISH AIRWAYS PLC,D,S, 62 , 0 , 50 , 22.5806451612903 , 16.1290322580645 , 11.2903225806452 , 0 , 0 , 24.7741935483871 , 0 , 62 , 72.5806451612903 , 14.6451612903226 
08-Jan-2004 16:34,200103,HEATHROW,USA,LOS ANGELES INTERNATIONAL,UNITED AIRLINES,A,S, 31 , 0 , 35.4838709677419 , 45.1612903225806 , 12.9032258064516 , 3.2258064516129 , 0 , 3.2258064516129 , 37.8387096774194 , 0 , 31 , 80.6451612903226 , 6.96774193548387 
08-Jan-2004 16:34,200103,HEATHROW,USA,LOS ANGELES INTERNATIONAL,UNITED AIRLINES,D,S, 31 , 0 , 70.9677419354839 , 16.1290322580645 , 6.45161290322581 , 6.45161290322581 , 0 , 0 , 14.6451612903226 , 0 , 31 , 64.5161290322581 , 14.1612903225806 
08-Jan-2004 16:34,200103,HEATHROW,USA,LOS ANGELES INTERNATIONAL,VIRGIN ATLANTIC AIRWAYS LTD,A,S, 62 , 0 , 40.3225806451613 , 29.0322580645161 , 19.3548387096774 , 9.67741935483871 , 1.61290322580645 , 0 , 30.741935483871 , 0 , 62 , 72.5806451612903 , 14.4677419354839 
08-Jan-2004 16:34,200103,HEATHROW,USA,LOS ANGELES INTERNATIONAL,VIRGIN ATLANTIC AIRWAYS LTD,D,S, 62 , 0 , 54.8387096774194 , 17.741935483871 , 17.741935483871 , 6.45161290322581 , 3.2258064516129 , 0 , 28.4516129032258 , 0 , 62 , 66.1290322580645 , 16.9032258064516 
08-Jan-2004 16:34,200103,HEATHROW,USA,MIAMI INTERNATIONAL,AMERICAN AIRLINES,A,S, 31 , 0 , 74.1935483870968 , 12.9032258064516 , 9.67741935483871 , 3.2258064516129 , 0 , 0 , 13.0967741935484 , 0 , 31 , 41.9354838709677 , 33.0645161290323 
08-Jan-2004 16:34,200103,HEATHROW,USA,MIAMI INTERNATIONAL,AMERICAN AIRLINES,D,S, 31 , 0 , 70.9677419354839 , 9.67741935483871 , 16.1290322580645 , 3.2258064516129 , 0 , 0 , 14.5161290322581 , 0 , 31 , 54.8387096774194 , 18.741935483871 
08-Jan-2004 16:34,200103,HEATHROW,USA,MIAMI INTERNATIONAL,BRITISH AIRWAYS PLC,A,S, 37 , 0 , 67.5675675675676 , 10.8108108108108 , 5.40540540540541 , 16.2162162162162 , 0 , 0 , 23.4594594594595 , 0 , 31 , 22.5806451612903 , 29.8064516129032 
08-Jan-2004 16:34,200103,HEATHROW,USA,MIAMI INTERNATIONAL,BRITISH AIRWAYS PLC,D,S, 38 , 0 , 31.5789473684211 , 36.8421052631579 , 18.4210526315789 , 10.5263157894737 , 2.63157894736842 , 0 , 34.1315789473684 , 0 , 31 , 41.9354838709677 , 27.1612903225806 
08-Jan-2004 16:34,200103,HEATHROW,USA,NEW YORK (JF KENNEDY),AIR INDIA,A,S, 31 , 0 , 54.8387096774194 , 19.3548387096774 , 16.1290322580645 , 9.67741935483871 , 0 , 0 , 23.8709677419355 , 0 , 31 , 16.1290322580645 , 42.9677419354839 
08-Jan-2004 16:34,200103,HEATHROW,USA,NEW YORK (JF KENNEDY),AIR INDIA,D,S, 31 , 0 , 16.1290322580645 , 22.5806451612903 , 29.0322580645161 , 32.258064516129 , 0 , 0 , 46.9677419354839 , 0 , 31 , 0 , 71.5806451612903 
08-Jan-2004 16:34,200103,HEATHROW,USA,NEW YORK (JF KENNEDY),AMERICAN AIRLINES,A,S, 162 , 4 , 42.5925925925926 , 15.4320987654321 , 19.7530864197531 , 17.9012345679012 , 4.32098765432099 , 0 , 40.7469135802469 , 5 , 184 , 39.6739130434783 , 31.8097826086957 
08-Jan-2004 16:34,200103,HEATHROW,USA,NEW YORK (JF KENNEDY),AMERICAN AIRLINES,D,S, 167 , 2 , 73.6526946107784 , 14.3712574850299 , 5.98802395209581 , 5.38922155688623 , 0.598802395209581 , 0 , 16.0179640718563 , 2 , 184 , 86.4130434782609 , 8.56521739130435 
08-Jan-2004 16:34,200103,HEATHROW,USA,NEW YORK (JF KENNEDY),BIMAN BANGLADESH AIRLINES,A,S, 0 , 4 , 0 , 0 , 0 , 0 , 0 , 0 , 0 , 0 , 0 , 0 , 0 
08-Jan-2004 16:34,200103,HEATHROW,USA,NEW YORK (JF KENNEDY),BIMAN BANGLADESH AIRLINES,D,S, 0 , 5 , 0 , 0 , 0 , 0 , 0 , 0 , 0 , 0 , 0 , 0 , 0 
08-Jan-2004 16:34,200103,HEATHROW,USA,NEW YORK (JF KENNEDY),BRITISH AIRWAYS PLC,A,S, 183 , 0 , 75.9562841530055 , 7.10382513661202 , 7.10382513661202 , 8.19672131147541 , 1.63934426229508 , 0 , 17.9234972677596 , 0 , 228 , 65.3508771929825 , 14.8333333333333 
08-Jan-2004 16:34,200103,HEATHROW,USA,NEW YORK (JF KENNEDY),BRITISH AIRWAYS PLC,D,S, 182 , 1 , 63.1868131868132 , 19.2307692307692 , 12.0879120879121 , 4.3956043956044 , 1.0989010989011 , 0 , 19.4450549450549 , 0 , 233 , 78.5407725321888 , 13.725321888412 
08-Jan-2004 16:34,200103,HEATHROW,USA,NEW YORK (JF KENNEDY),KUWAIT AIRWAYS,A,S, 13 , 0 , 84.6153846153846 , 7.69230769230769 , 7.69230769230769 , 0 , 0 , 0 , 9.46153846153846 , 0 , 14 , 71.4285714285714 , 17.8571428571429 
08-Jan-2004 16:34,200103,HEATHROW,USA,NEW YORK (JF KENNEDY),KUWAIT AIRWAYS,D,S, 14 , 0 , 35.7142857142857 , 35.7142857142857 , 14.2857142857143 , 14.2857142857143 , 0 , 0 , 27.3571428571429 , 0 , 13 , 53.8461538461538 , 29.0769230769231 
08-Jan-2004 16:34,200103,HEATHROW,USA,NEW YORK (JF KENNEDY),UNITED AIRLINES,A,S, 92 , 0 , 69.5652173913043 , 16.304347826087 , 9.78260869565217 , 4.34782608695652 , 0 , 0 , 14.0434782608696 , 0 , 92 , 52.1739130434783 , 18.1847826086957 
08-Jan-2004 16:34,200103,HEATHROW,USA,NEW YORK (JF KENNEDY),UNITED AIRLINES,D,S, 91 , 0 , 82.4175824175824 , 6.59340659340659 , 3.2967032967033 , 5.49450549450549 , 2.1978021978022 , 0 , 15.2747252747253 , 0 , 91 , 90.1098901098901 , 8.73626373626374 
08-Jan-2004 16:34,200103,HEATHROW,USA,NEW YORK (JF KENNEDY),VIRGIN ATLANTIC AIRWAYS LTD,A,S, 91 , 0 , 46.1538461538462 , 27.4725274725275 , 13.1868131868132 , 12.0879120879121 , 0 , 1.0989010989011 , 33.5384615384615 , 2 , 93 , 47.3118279569892 , 22.6881720430108 
08-Jan-2004 16:34,200103,HEATHROW,USA,NEW YORK (JF KENNEDY),VIRGIN ATLANTIC AIRWAYS LTD,D,S, 91 , 0 , 47.2527472527473 , 35.1648351648352 , 14.2857142857143 , 3.2967032967033 , 0 , 0 , 20.5384615384615 , 2 , 93 , 70.9677419354839 , 14.0430107526882 
08-Jan-2004 16:34,200103,HEATHROW,USA,NEW YORK (NEWARK),AMERICAN AIRLINES,A,S, 29 , 1 , 44.8275862068965 , 17.2413793103448 , 27.5862068965517 , 6.89655172413793 , 3.44827586206897 , 0 , 35.5862068965517 , 0 , 31 , 9.67741935483871 , 41.5806451612903 
08-Jan-2004 16:34,200103,HEATHROW,USA,NEW YORK (NEWARK),AMERICAN AIRLINES,D,S, 29 , 1 , 68.9655172413793 , 17.2413793103448 , 3.44827586206897 , 10.3448275862069 , 0 , 0 , 20.6896551724138 , 0 , 31 , 80.6451612903226 , 7.09677419354839 
08-Jan-2004 16:34,200103,HEATHROW,USA,NEW YORK (NEWARK),BRITISH AIRWAYS PLC,A,S, 58 , 0 , 74.1379310344827 , 8.62068965517241 , 10.3448275862069 , 6.89655172413793 , 0 , 0 , 13.2586206896552 , 0 , 56 , 78.5714285714286 , 14 
08-Jan-2004 16:34,200103,HEATHROW,USA,NEW YORK (NEWARK),BRITISH AIRWAYS PLC,D,S, 58 , 0 , 63.7931034482759 , 20.6896551724138 , 12.0689655172414 , 3.44827586206897 , 0 , 0 , 16.4827586206897 , 0 , 57 , 85.9649122807018 , 6.31578947368421 
08-Jan-2004 16:34,200103,HEATHROW,USA,NEW YORK (NEWARK),UNITED AIRLINES,A,S, 31 , 0 , 38.7096774193548 , 25.8064516129032 , 25.8064516129032 , 9.67741935483871 , 0 , 0 , 26.0967741935484 , 0 , 31 , 48.3870967741935 , 36.8064516129032 
08-Jan-2004 16:34,200103,HEATHROW,USA,NEW YORK (NEWARK),UNITED AIRLINES,D,S, 31 , 0 , 96.7741935483871 , 0 , 3.2258064516129 , 0 , 0 , 0 , 3.61290322580645 , 0 , 31 , 80.6451612903226 , 12.2903225806452 
08-Jan-2004 16:34,200103,HEATHROW,USA,NEW YORK (NEWARK),VIRGIN ATLANTIC AIRWAYS LTD,A,S, 30 , 0 , 46.6666666666667 , 20 , 26.6666666666667 , 6.66666666666667 , 0 , 0 , 23.6333333333333 , 1 , 31 , 41.9354838709677 , 22.6774193548387 
08-Jan-2004 16:34,200103,HEATHROW,USA,NEW YORK (NEWARK),VIRGIN ATLANTIC AIRWAYS LTD,D,S, 30 , 0 , 53.3333333333333 , 20 , 20 , 6.66666666666667 , 0 , 0 , 23.2333333333333 , 1 , 31 , 77.4193548387097 , 12.0645161290323 
08-Jan-2004 16:34,200103,HEATHROW,USA,PHILADELPHIA INTERNATIONAL,BRITISH AIRWAYS PLC,A,S, 61 , 0 , 50.8196721311475 , 26.2295081967213 , 13.1147540983607 , 8.19672131147541 , 1.63934426229508 , 0 , 23.344262295082 , 0 , 62 , 43.5483870967742 , 21.7096774193548 
08-Jan-2004 16:34,200103,HEATHROW,USA,PHILADELPHIA INTERNATIONAL,BRITISH AIRWAYS PLC,D,S, 61 , 0 , 70.4918032786885 , 11.4754098360656 , 11.4754098360656 , 3.27868852459016 , 3.27868852459016 , 0 , 21.016393442623 , 0 , 62 , 82.258064516129 , 10.241935483871 
08-Jan-2004 16:34,200103,HEATHROW,USA,SAN FRANCISCO,BRITISH AIRWAYS PLC,A,S, 54 , 1 , 61.1111111111111 , 11.1111111111111 , 14.8148148148148 , 11.1111111111111 , 1.85185185185185 , 0 , 28.7407407407407 , 0 , 47 , 72.3404255319149 , 11.5531914893617 
08-Jan-2004 16:34,200103,HEATHROW,USA,SAN FRANCISCO,BRITISH AIRWAYS PLC,D,S, 56 , 0 , 64.2857142857143 , 23.2142857142857 , 7.14285714285714 , 5.35714285714286 , 0 , 0 , 17.3928571428571 , 0 , 48 , 68.75 , 15.5625 
08-Jan-2004 16:34,200103,HEATHROW,USA,SAN FRANCISCO,UNITED AIRLINES,A,S, 62 , 0 , 53.2258064516129 , 20.9677419354839 , 16.1290322580645 , 8.06451612903226 , 1.61290322580645 , 0 , 24.1935483870968 , 0 , 62 , 82.258064516129 , 8.2258064516129 
08-Jan-2004 16:34,200103,HEATHROW,USA,SAN FRANCISCO,UNITED AIRLINES,D,S, 61 , 0 , 70.4918032786885 , 19.672131147541 , 4.91803278688525 , 3.27868852459016 , 1.63934426229508 , 0 , 14.7540983606557 , 0 , 62 , 87.0967741935484 , 5.29032258064516 
08-Jan-2004 16:34,200103,HEATHROW,USA,SAN FRANCISCO,VIRGIN ATLANTIC AIRWAYS LTD,A,S, 31 , 0 , 6.45161290322581 , 22.5806451612903 , 54.8387096774194 , 16.1290322580645 , 0 , 0 , 41.4193548387097 , 0 , 31 , 70.9677419354839 , 10.2258064516129 
08-Jan-2004 16:34,200103,HEATHROW,USA,SAN FRANCISCO,VIRGIN ATLANTIC AIRWAYS LTD,D,S, 31 , 0 , 48.3870967741935 , 25.8064516129032 , 19.3548387096774 , 6.45161290322581 , 0 , 0 , 21.6774193548387 , 0 , 31 , 61.2903225806452 , 13.9354838709677 
08-Jan-2004 16:34,200103,HEATHROW,USA,SEATTLE (TACOMA),BRITISH AIRWAYS PLC,A,S, 31 , 0 , 61.2903225806452 , 9.67741935483871 , 6.45161290322581 , 22.5806451612903 , 0 , 0 , 29.8709677419355 , 0 , 31 , 90.3225806451613 , 9.35483870967742 
08-Jan-2004 16:34,200103,HEATHROW,USA,SEATTLE (TACOMA),BRITISH AIRWAYS PLC,D,S, 31 , 0 , 51.6129032258064 , 19.3548387096774 , 12.9032258064516 , 16.1290322580645 , 0 , 0 , 29.4193548387097 , 0 , 31 , 77.4193548387097 , 9.09677419354839 
08-Jan-2004 16:34,200103,HEATHROW,USA,WASHINGTON (DULLES),BRITISH AIRWAYS PLC,A,C, 0 , 0 , 0 , 0 , 0 , 0 , 0 , 0 , 0 , 0 , 1 , 0 , 16 
08-Jan-2004 16:34,200103,HEATHROW,USA,WASHINGTON (DULLES),BRITISH AIRWAYS PLC,A,S, 62 , 0 , 75.8064516129032 , 8.06451612903226 , 6.45161290322581 , 9.67741935483871 , 0 , 0 , 18.0483870967742 , 0 , 62 , 72.5806451612903 , 9.62903225806452 
08-Jan-2004 16:34,200103,HEATHROW,USA,WASHINGTON (DULLES),BRITISH AIRWAYS PLC,D,S, 62 , 0 , 50 , 24.1935483870968 , 8.06451612903226 , 14.5161290322581 , 3.2258064516129 , 0 , 31.6451612903226 , 0 , 62 , 61.2903225806452 , 16.6612903225806 
08-Jan-2004 16:34,200103,HEATHROW,USA,WASHINGTON (DULLES),UNITED AIRLINES,A,S, 62 , 2 , 54.8387096774194 , 20.9677419354839 , 14.5161290322581 , 6.45161290322581 , 3.2258064516129 , 0 , 28.6129032258065 , 0 , 62 , 22.5806451612903 , 30.5 
08-Jan-2004 16:34,200103,HEATHROW,USA,WASHINGTON (DULLES),UNITED AIRLINES,D,S, 62 , 2 , 80.6451612903226 , 11.2903225806452 , 4.83870967741935 , 1.61290322580645 , 0 , 1.61290322580645 , 15.1774193548387 , 0 , 63 , 71.4285714285714 , 15.968253968254 
08-Jan-2004 16:34,200103,HEATHROW,USA,WASHINGTON (DULLES),VIRGIN ATLANTIC AIRWAYS LTD,A,S, 31 , 0 , 64.5161290322581 , 19.3548387096774 , 12.9032258064516 , 3.2258064516129 , 0 , 0 , 13.7741935483871 , 0 , 31 , 74.1935483870968 , 9.74193548387097 
08-Jan-2004 16:34,200103,HEATHROW,USA,WASHINGTON (DULLES),VIRGIN ATLANTIC AIRWAYS LTD,D,S, 31 , 0 , 48.3870967741935 , 35.4838709677419 , 12.9032258064516 , 3.2258064516129 , 0 , 0 , 18.0967741935484 , 0 , 31 , 61.2903225806452 , 15 
08-Jan-2004 16:34,200103,HEATHROW,UZBEKISTAN,TASHKENT,UZBEKISTAN AIRLINES,A,S, 19 , 1 , 100 , 0 , 0 , 0 , 0 , 0 , 2.10526315789474 , 0 , 17 , 94.1176470588235 , 5 
08-Jan-2004 16:34,200103,HEATHROW,UZBEKISTAN,TASHKENT,UZBEKISTAN AIRLINES,D,S, 19 , 1 , 73.6842105263158 , 21.0526315789474 , 0 , 5.26315789473684 , 0 , 0 , 15.1052631578947 , 0 , 17 , 76.4705882352941 , 10.6470588235294 
08-Jan-2004 16:34,200103,LONDON CITY,BELGIUM,ANTWERP,VLM (BELGIUM),A,S, 118 , 0 , 86.4406779661017 , 11.0169491525424 , 2.54237288135593 , 0 , 0 , 0 , 7.78813559322034 , 5 , 125 , 84 , 7.464 
08-Jan-2004 16:34,200103,LONDON CITY,BELGIUM,ANTWERP,VLM (BELGIUM),D,S, 118 , 0 , 86.4406779661017 , 11.864406779661 , 1.69491525423729 , 0 , 0 , 0 , 7.21186440677966 , 5 , 126 , 81.7460317460317 , 9.01587301587302 
08-Jan-2004 16:34,200103,LONDON CITY,BELGIUM,BRUSSELS,SABENA,A,S, 109 , 0 , 52.2935779816514 , 36.697247706422 , 8.25688073394496 , 2.75229357798165 , 0 , 0 , 17.1009174311927 , 5 , 115 , 84.3478260869565 , 6.93913043478261 
08-Jan-2004 16:34,200103,LONDON CITY,BELGIUM,BRUSSELS,SABENA,D,S, 109 , 0 , 66.0550458715596 , 22.0183486238532 , 10.0917431192661 , 1.8348623853211 , 0 , 0 , 14.7706422018349 , 5 , 116 , 71.551724137931 , 15 
08-Jan-2004 16:34,200103,LONDON CITY,FRANCE,CLERMONT FERRAND,REGIONAL COMPAGNIE AERIENNE EUROPEENNE,A,S, 40 , 0 , 52.5 , 22.5 , 20 , 5 , 0 , 0 , 20.125 , 10 , 0 , 0 , 0 
08-Jan-2004 16:34,200103,LONDON CITY,FRANCE,CLERMONT FERRAND,REGIONAL COMPAGNIE AERIENNE EUROPEENNE,D,S, 38 , 0 , 34.2105263157895 , 42.1052631578947 , 18.4210526315789 , 5.26315789473684 , 0 , 0 , 21.6315789473684 , 12 , 0 , 0 , 0 
08-Jan-2004 16:34,200103,LONDON CITY,FRANCE,PARIS (CHARLES DE GAULLE),AIR FRANCE,A,S, 90 , 0 , 72.2222222222222 , 14.4444444444444 , 7.77777777777778 , 3.33333333333333 , 2.22222222222222 , 0 , 18.5777777777778 , 13 , 136 , 73.5294117647059 , 13.3676470588235 
08-Jan-2004 16:34,200103,LONDON CITY,FRANCE,PARIS (CHARLES DE GAULLE),AIR FRANCE,D,S, 92 , 0 , 50 , 19.5652173913043 , 17.3913043478261 , 11.9565217391304 , 1.08695652173913 , 0 , 29.6304347826087 , 10 , 132 , 56.0606060606061 , 19.8257575757576 
08-Jan-2004 16:34,200103,LONDON CITY,FRANCE,PARIS (CHARLES DE GAULLE),CITY JET,A,S, 29 , 1 , 75.8620689655172 , 20.6896551724138 , 3.44827586206897 , 0 , 0 , 0 , 9.44827586206897 , 0 , 0 , 0 , 0 
08-Jan-2004 16:34,200103,LONDON CITY,FRANCE,PARIS (CHARLES DE GAULLE),CITY JET,D,S, 30 , 0 , 56.6666666666667 , 30 , 10 , 3.33333333333333 , 0 , 0 , 18.2666666666667 , 0 , 0 , 0 , 0 
08-Jan-2004 16:34,200103,LONDON CITY,FRANCE,PARIS (LE BOURGET),DASSAULT FALCON SERVICE,D,C, 0 , 1 , 0 , 0 , 0 , 0 , 0 , 0 , 0 , 0 , 0 , 0 , 0 
08-Jan-2004 16:34,200103,LONDON CITY,FRANCE,PARIS (LE BOURGET),OCCITANIA JET FLEET,A,C, 0 , 1 , 0 , 0 , 0 , 0 , 0 , 0 , 0 , 0 , 0 , 0 , 0 
08-Jan-2004 16:34,200103,LONDON CITY,FRANCE,PARIS (LE BOURGET),OCCITANIA JET FLEET,D,C, 0 , 1 , 0 , 0 , 0 , 0 , 0 , 0 , 0 , 0 , 0 , 0 , 0 
08-Jan-2004 16:34,200103,LONDON CITY,FRANCE,RENNES,BRIT AIR,A,S, 49 , 1 , 85.7142857142857 , 8.16326530612245 , 6.12244897959184 , 0 , 0 , 0 , 6.79591836734694 , 4 , 53 , 69.811320754717 , 13.2264150943396 
08-Jan-2004 16:34,200103,LONDON CITY,FRANCE,RENNES,BRIT AIR,D,S, 50 , 0 , 74 , 18 , 6 , 2 , 0 , 0 , 12.22 , 3 , 53 , 56.6037735849057 , 16.622641509434 
08-Jan-2004 16:34,200103,LONDON CITY,GERMANY,BERLIN (TEGEL),LUFTHANSA CITY LINE,A,S, 18 , 0 , 66.6666666666667 , 27.7777777777778 , 5.55555555555556 , 0 , 0 , 0 , 11.8888888888889 , 0 , 0 , 0 , 0 
08-Jan-2004 16:34,200103,LONDON CITY,GERMANY,BERLIN (TEGEL),LUFTHANSA CITY LINE,D,S, 18 , 0 , 72.2222222222222 , 16.6666666666667 , 5.55555555555556 , 5.55555555555556 , 0 , 0 , 14.3333333333333 , 0 , 0 , 0 , 0 
08-Jan-2004 16:34,200103,LONDON CITY,GERMANY,FRANKFURT MAIN,AUGSBURG AIRWAYS GMBH,A,S, 21 , 0 , 57.1428571428571 , 23.8095238095238 , 19.047619047619 , 0 , 0 , 0 , 16.0952380952381 , 0 , 23 , 56.5217391304348 , 18.695652173913 
08-Jan-2004 16:34,200103,LONDON CITY,GERMANY,FRANKFURT MAIN,AUGSBURG AIRWAYS GMBH,D,S, 21 , 0 , 57.1428571428571 , 28.5714285714286 , 9.52380952380952 , 4.76190476190476 , 0 , 0 , 18.7619047619048 , 0 , 23 , 30.4347826086956 , 26.5217391304348 
08-Jan-2004 16:34,200103,LONDON CITY,GERMANY,FRANKFURT MAIN,LUFTHANSA CITY LINE,A,S, 46 , 0 , 63.0434782608696 , 28.2608695652174 , 4.34782608695652 , 4.34782608695652 , 0 , 0 , 14.1521739130435 , 0 , 49 , 85.7142857142857 , 9.95918367346939 
08-Jan-2004 16:34,200103,LONDON CITY,GERMANY,FRANKFURT MAIN,LUFTHANSA CITY LINE,D,S, 46 , 0 , 21.7391304347826 , 56.5217391304348 , 13.0434782608696 , 8.69565217391304 , 0 , 0 , 27.0652173913043 , 0 , 48 , 39.5833333333333 , 24.9791666666667 
08-Jan-2004 16:34,200103,LONDON CITY,GERMANY,MOENCHENGLADBACH,VLM (BELGIUM),A,S, 86 , 1 , 72.093023255814 , 19.7674418604651 , 8.13953488372093 , 0 , 0 , 0 , 11.8837209302326 , 6 , 107 , 78.5046728971963 , 11.1588785046729 
08-Jan-2004 16:34,200103,LONDON CITY,GERMANY,MOENCHENGLADBACH,VLM (BELGIUM),D,S, 87 , 0 , 80.4597701149425 , 14.9425287356322 , 4.59770114942529 , 0 , 0 , 0 , 9.2183908045977 , 5 , 108 , 80.5555555555556 , 11.9907407407407 
08-Jan-2004 16:34,200103,LONDON CITY,GERMANY,MUNSTER-OSNABRUCK,AUGSBURG AIRWAYS GMBH,A,S, 0 , 0 , 0 , 0 , 0 , 0 , 0 , 0 , 0 , 0 , 1 , 100 , 0 
08-Jan-2004 16:34,200103,LONDON CITY,GERMANY,MUNSTER-OSNABRUCK,AUGSBURG AIRWAYS GMBH,D,S, 25 , 0 , 84 , 12 , 4 , 0 , 0 , 0 , 5.2 , 0 , 10 , 90 , 3 
08-Jan-2004 16:34,200103,LONDON CITY,GERMANY,NUREMBERG,AUGSBURG AIRWAYS GMBH,A,S, 45 , 1 , 95.5555555555556 , 2.22222222222222 , 0 , 2.22222222222222 , 0 , 0 , 5.62222222222222 , 0 , 0 , 0 , 0 
08-Jan-2004 16:34,200103,LONDON CITY,GERMANY,NUREMBERG,AUGSBURG AIRWAYS GMBH,D,S, 21 , 0 , 100 , 0 , 0 , 0 , 0 , 0 , 0.714285714285714 , 0 , 0 , 0 , 0 
08-Jan-2004 16:34,200103,LONDON CITY,IRISH REPUBLIC,DUBLIN,AER LINGUS,A,S, 93 , 0 , 86.0215053763441 , 5.37634408602151 , 5.37634408602151 , 3.2258064516129 , 0 , 0 , 8.23655913978495 , 4 , 103 , 86.4077669902913 , 7.51456310679612 
08-Jan-2004 16:34,200103,LONDON CITY,IRISH REPUBLIC,DUBLIN,AER LINGUS,D,S, 93 , 0 , 64.5161290322581 , 21.505376344086 , 9.67741935483871 , 3.2258064516129 , 1.0752688172043 , 0 , 18.5698924731183 , 4 , 103 , 62.1359223300971 , 18.6699029126214 
08-Jan-2004 16:34,200103,LONDON CITY,IRISH REPUBLIC,DUBLIN,DASSAULT FALCON SERVICE,D,C, 0 , 1 , 0 , 0 , 0 , 0 , 0 , 0 , 0 , 0 , 0 , 0 , 0 
08-Jan-2004 16:34,200103,LONDON CITY,IRISH REPUBLIC,DUBLIN,FLYBE.BRITISH EUROPEAN,A,S, 0 , 0 , 0 , 0 , 0 , 0 , 0 , 0 , 0 , 1 , 81 , 88.8888888888889 , 6.90123456790123 
08-Jan-2004 16:34,200103,LONDON CITY,IRISH REPUBLIC,DUBLIN,FLYBE.BRITISH EUROPEAN,D,S, 0 , 0 , 0 , 0 , 0 , 0 , 0 , 0 , 0 , 1 , 81 , 82.7160493827161 , 8.55555555555556 
08-Jan-2004 16:34,200103,LONDON CITY,ITALY,BERGAMO,GANDALF AIRLINES,A,S, 0 , 0 , 0 , 0 , 0 , 0 , 0 , 0 , 0 , 0 , 35 , 65.7142857142857 , 12.8571428571429 
08-Jan-2004 16:34,200103,LONDON CITY,ITALY,BERGAMO,GANDALF AIRLINES,D,S, 0 , 0 , 0 , 0 , 0 , 0 , 0 , 0 , 0 , 0 , 35 , 54.2857142857143 , 31.9428571428571 
08-Jan-2004 16:34,200103,LONDON CITY,ITALY,MILAN (LINATE),EUROFLY SERVICE SPA,A,C, 0 , 1 , 0 , 0 , 0 , 0 , 0 , 0 , 0 , 0 , 0 , 0 , 0 
08-Jan-2004 16:34,200103,LONDON CITY,ITALY,MILAN (LINATE),EUROFLY SERVICE SPA,D,C, 0 , 1 , 0 , 0 , 0 , 0 , 0 , 0 , 0 , 0 , 0 , 0 , 0 
08-Jan-2004 16:34,200103,LONDON CITY,LUXEMBOURG,LUXEMBOURG,VLM (BELGIUM),A,S, 70 , 0 , 54.2857142857143 , 30 , 10 , 5.71428571428571 , 0 , 0 , 19.7428571428571 , 5 , 76 , 68.421052631579 , 13.3684210526316 
08-Jan-2004 16:34,200103,LONDON CITY,LUXEMBOURG,LUXEMBOURG,VLM (BELGIUM),D,S, 71 , 0 , 73.2394366197183 , 14.0845070422535 , 5.63380281690141 , 7.04225352112676 , 0 , 0 , 15.0704225352113 , 4 , 76 , 81.5789473684211 , 9.96052631578947 
08-Jan-2004 16:34,200103,LONDON CITY,NETHERLANDS,AMSTERDAM,KLM UK LTD,A,S, 146 , 1 , 83.5616438356164 , 8.21917808219178 , 4.79452054794521 , 3.42465753424658 , 0 , 0 , 9.97945205479452 , 12 , 160 , 89.375 , 6.56875 
08-Jan-2004 16:34,200103,LONDON CITY,NETHERLANDS,AMSTERDAM,KLM UK LTD,D,S, 146 , 0 , 67.8082191780822 , 21.9178082191781 , 4.10958904109589 , 6.16438356164384 , 0 , 0 , 16.8835616438356 , 12 , 160 , 78.75 , 13.9 
08-Jan-2004 16:34,200103,LONDON CITY,NETHERLANDS,ROTTERDAM,VLM (BELGIUM),A,S, 118 , 0 , 88.9830508474576 , 7.6271186440678 , 0.847457627118644 , 2.54237288135593 , 0 , 0 , 7.19491525423729 , 5 , 128 , 85.15625 , 8 
08-Jan-2004 16:34,200103,LONDON CITY,NETHERLANDS,ROTTERDAM,VLM (BELGIUM),D,S, 118 , 0 , 87.2881355932203 , 9.32203389830508 , 0.847457627118644 , 2.54237288135593 , 0 , 0 , 7.26271186440678 , 5 , 128 , 85.15625 , 8.578125 
08-Jan-2004 16:34,200103,LONDON CITY,RUMANIA,BUCHAREST (BANEASA),DASSAULT FALCON SERVICE,A,C, 0 , 1 , 0 , 0 , 0 , 0 , 0 , 0 , 0 , 0 , 0 , 0 , 0 
08-Jan-2004 16:34,200103,LONDON CITY,SWEDEN,MALMO,BRAATHENS ASA,A,S, 0 , 0 , 0 , 0 , 0 , 0 , 0 , 0 , 0 , 0 , 36 , 86.1111111111111 , 4.66666666666667 
08-Jan-2004 16:34,200103,LONDON CITY,SWEDEN,MALMO,BRAATHENS ASA,D,S, 0 , 0 , 0 , 0 , 0 , 0 , 0 , 0 , 0 , 0 , 36 , 94.4444444444444 , 5.19444444444444 
08-Jan-2004 16:34,200103,LONDON CITY,SWITZERLAND,BASLE MULHOUSE,SWISS AIRLINES,A,S, 76 , 0 , 56.5789473684211 , 31.5789473684211 , 10.5263157894737 , 1.31578947368421 , 0 , 0 , 15.6315789473684 , 3 , 78 , 50 , 21.5128205128205 
08-Jan-2004 16:34,200103,LONDON CITY,SWITZERLAND,BASLE MULHOUSE,SWISS AIRLINES,D,S, 76 , 0 , 30.2631578947368 , 46.0526315789474 , 19.7368421052632 , 3.94736842105263 , 0 , 0 , 24.1578947368421 , 3 , 77 , 20.7792207792208 , 28.5454545454545 
08-Jan-2004 16:34,200103,LONDON CITY,SWITZERLAND,BERNE,AIR ENGIADINA,A,S, 33 , 1 , 57.5757575757576 , 27.2727272727273 , 15.1515151515152 , 0 , 0 , 0 , 15.1212121212121 , 2 , 70 , 55.7142857142857 , 16.3428571428571 
08-Jan-2004 16:34,200103,LONDON CITY,SWITZERLAND,BERNE,AIR ENGIADINA,D,S, 33 , 1 , 39.3939393939394 , 45.4545454545455 , 15.1515151515152 , 0 , 0 , 0 , 18.1212121212121 , 2 , 71 , 22.5352112676056 , 27.887323943662 
08-Jan-2004 16:34,200103,LONDON CITY,SWITZERLAND,GENEVA,SWISS AIRLINES,A,S, 73 , 1 , 61.6438356164384 , 17.8082191780822 , 12.3287671232877 , 8.21917808219178 , 0 , 0 , 18.5616438356164 , 5 , 76 , 72.3684210526316 , 14.5394736842105 
08-Jan-2004 16:34,200103,LONDON CITY,SWITZERLAND,GENEVA,SWISS AIRLINES,D,S, 76 , 0 , 39.4736842105263 , 27.6315789473684 , 21.0526315789474 , 11.8421052631579 , 0 , 0 , 29.1578947368421 , 3 , 77 , 37.6623376623377 , 23.2987012987013 
08-Jan-2004 16:34,200103,LONDON CITY,SWITZERLAND,ZURICH,SWISS AIRLINES,A,S, 153 , 1 , 49.0196078431373 , 27.4509803921569 , 18.9542483660131 , 4.57516339869281 , 0 , 0 , 20.9803921568627 , 9 , 130 , 43.0769230769231 , 19.6076923076923 
08-Jan-2004 16:34,200103,LONDON CITY,SWITZERLAND,ZURICH,SWISS AIRLINES,D,S, 152 , 0 , 35.5263157894737 , 34.2105263157895 , 22.3684210526316 , 7.89473684210526 , 0 , 0 , 26.5986842105263 , 8 , 130 , 26.1538461538462 , 25.5461538461538 
08-Jan-2004 16:34,200103,LONDON CITY,UNITED KINGDOM,ABERDEEN,FLYBE.BRITISH EUROPEAN,A,S, 63 , 0 , 95.2380952380952 , 1.58730158730159 , 1.58730158730159 , 1.58730158730159 , 0 , 0 , 2.80952380952381 , 7 , 0 , 0 , 0 
08-Jan-2004 16:34,200103,LONDON CITY,UNITED KINGDOM,ABERDEEN,FLYBE.BRITISH EUROPEAN,D,S, 63 , 0 , 88.8888888888889 , 4.76190476190476 , 4.76190476190476 , 1.58730158730159 , 0 , 0 , 8.36507936507937 , 7 , 0 , 0 , 0 
08-Jan-2004 16:34,200103,LONDON CITY,UNITED KINGDOM,BELFAST CITY,FLYBE.BRITISH EUROPEAN,A,S, 46 , 0 , 89.1304347826087 , 0 , 4.34782608695652 , 6.52173913043478 , 0 , 0 , 10.8913043478261 , 2 , 48 , 95.8333333333333 , 1.8125 
08-Jan-2004 16:34,200103,LONDON CITY,UNITED KINGDOM,BELFAST CITY,FLYBE.BRITISH EUROPEAN,D,S, 46 , 0 , 84.7826086956522 , 0 , 6.52173913043478 , 8.69565217391304 , 0 , 0 , 14.8695652173913 , 2 , 47 , 89.3617021276596 , 8.85106382978723 
08-Jan-2004 16:34,200103,LONDON CITY,UNITED KINGDOM,DUNDEE,SCOT AIRWAYS,A,S, 129 , 1 , 64.3410852713178 , 25.5813953488372 , 6.97674418604651 , 3.10077519379845 , 0 , 0 , 14.015503875969 , 16 , 100 , 70 , 16.13 
08-Jan-2004 16:34,200103,LONDON CITY,UNITED KINGDOM,DUNDEE,SCOT AIRWAYS,D,S, 129 , 0 , 70.5426356589147 , 16.2790697674419 , 8.52713178294574 , 4.65116279069767 , 0 , 0 , 14.6511627906977 , 16 , 100 , 66 , 16.39 
08-Jan-2004 16:34,200103,LONDON CITY,UNITED KINGDOM,EDINBURGH,FLYBE.BRITISH EUROPEAN,A,S, 137 , 0 , 83.2116788321168 , 6.56934306569343 , 5.83941605839416 , 4.37956204379562 , 0 , 0 , 8.32846715328467 , 7 , 72 , 77.7777777777778 , 14.6666666666667 
08-Jan-2004 16:34,200103,LONDON CITY,UNITED KINGDOM,EDINBURGH,FLYBE.BRITISH EUROPEAN,D,S, 138 , 0 , 79.7101449275362 , 10.8695652173913 , 7.2463768115942 , 2.17391304347826 , 0 , 0 , 12.2028985507246 , 6 , 70 , 82.8571428571429 , 12.4142857142857 
08-Jan-2004 16:34,200103,LONDON CITY,UNITED KINGDOM,EDINBURGH,SCOT AIRWAYS,A,S, 161 , 42 , 67.0807453416149 , 20.4968944099379 , 7.45341614906832 , 4.96894409937888 , 0 , 0 , 15 , 67 , 69 , 60.8695652173913 , 15.6811594202899 
08-Jan-2004 16:34,200103,LONDON CITY,UNITED KINGDOM,EDINBURGH,SCOT AIRWAYS,D,S, 147 , 56 , 72.108843537415 , 17.687074829932 , 6.12244897959184 , 4.08163265306122 , 0 , 0 , 13.5170068027211 , 81 , 68 , 75 , 11.7941176470588 
08-Jan-2004 16:34,200103,LONDON CITY,UNITED KINGDOM,GLASGOW,SCOT AIRWAYS,A,S, 107 , 9 , 65.4205607476636 , 19.6261682242991 , 6.54205607476636 , 7.47663551401869 , 0.934579439252336 , 0 , 20.8691588785047 , 29 , 93 , 87.0967741935484 , 6.83870967741936 
08-Jan-2004 16:34,200103,LONDON CITY,UNITED KINGDOM,GLASGOW,SCOT AIRWAYS,D,S, 119 , 1 , 60.5042016806723 , 21.0084033613445 , 10.0840336134454 , 8.40336134453782 , 0 , 0 , 18.7142857142857 , 17 , 93 , 77.4193548387097 , 9.6989247311828 
08-Jan-2004 16:34,200103,LONDON CITY,UNITED KINGDOM,ISLE OF MAN,FLYBE.BRITISH EUROPEAN,A,S, 28 , 0 , 71.4285714285714 , 7.14285714285714 , 14.2857142857143 , 7.14285714285714 , 0 , 0 , 13.3571428571429 , 3 , 20 , 95 , 4.8 
08-Jan-2004 16:34,200103,LONDON CITY,UNITED KINGDOM,ISLE OF MAN,FLYBE.BRITISH EUROPEAN,D,S, 28 , 1 , 71.4285714285714 , 7.14285714285714 , 10.7142857142857 , 10.7142857142857 , 0 , 0 , 18.8571428571429 , 2 , 22 , 86.3636363636364 , 10.0454545454545 
08-Jan-2004 16:34,200103,LONDON CITY,UNITED KINGDOM,JERSEY,FLYBE.BRITISH EUROPEAN,A,S, 97 , 2 , 83.5051546391752 , 6.18556701030928 , 4.12371134020619 , 6.18556701030928 , 0 , 0 , 9.76288659793815 , 9 , 0 , 0 , 0 
08-Jan-2004 16:34,200103,LONDON CITY,UNITED KINGDOM,JERSEY,FLYBE.BRITISH EUROPEAN,D,S, 98 , 0 , 72.4489795918367 , 10.2040816326531 , 6.12244897959184 , 11.2244897959184 , 0 , 0 , 17.4489795918367 , 9 , 0 , 0 , 0 
08-Jan-2004 16:34,200103,LONDON CITY,UNITED KINGDOM,SHEFFIELD CITY,BRITISH REGIONAL AIRLINES LTD,A,S, 0 , 0 , 0 , 0 , 0 , 0 , 0 , 0 , 0 , 0 , 72 , 84.7222222222222 , 5.84722222222222 
08-Jan-2004 16:34,200103,LONDON CITY,UNITED KINGDOM,SHEFFIELD CITY,BRITISH REGIONAL AIRLINES LTD,D,S, 0 , 0 , 0 , 0 , 0 , 0 , 0 , 0 , 0 , 0 , 72 , 94.4444444444444 , 4.38888888888889 
08-Jan-2004 16:34,200103,LUTON,ALBANIA,TIRANA,AIR 2000,A,C, 1 , 0 , 100 , 0 , 0 , 0 , 0 , 0 , 0 , 0 , 0 , 0 , 0 
08-Jan-2004 16:34,200103,LUTON,ALBANIA,TIRANA,AIR 2000,D,C, 1 , 0 , 100 , 0 , 0 , 0 , 0 , 0 , 0 , 0 , 0 , 0 , 0 
08-Jan-2004 16:34,200103,LUTON,ALBANIA,TIRANA,BRITANNIA AIRWAYS,A,C, 3 , 0 , 100 , 0 , 0 , 0 , 0 , 0 , 0 , 0 , 0 , 0 , 0 
08-Jan-2004 16:34,200103,LUTON,ALBANIA,TIRANA,BRITANNIA AIRWAYS,D,C, 3 , 0 , 66.6666666666667 , 0 , 0 , 33.3333333333333 , 0 , 0 , 27 , 0 , 0 , 0 , 0 
08-Jan-2004 16:34,200103,LUTON,AUSTRIA,SALZBURG,BRITANNIA AIRWAYS,A,C, 3 , 0 , 66.6666666666667 , 33.3333333333333 , 0 , 0 , 0 , 0 , 10.6666666666667 , 0 , 3 , 33.3333333333333 , 27 
08-Jan-2004 16:34,200103,LUTON,AUSTRIA,SALZBURG,BRITANNIA AIRWAYS,D,C, 2 , 0 , 100 , 0 , 0 , 0 , 0 , 0 , 6.5 , 0 , 2 , 0 , 22 
08-Jan-2004 16:34,200103,LUTON,BAHRAIN,BAHRAIN,MONARCH AIRLINES,A,C, 0 , 2 , 0 , 0 , 0 , 0 , 0 , 0 , 0 , 0 , 0 , 0 , 0 
08-Jan-2004 16:34,200103,LUTON,CYPRUS,LARNACA,MY TRAVEL AIRWAYS UK,A,C, 0 , 1 , 0 , 0 , 0 , 0 , 0 , 0 , 0 , 0 , 0 , 0 , 0 
08-Jan-2004 16:34,200103,LUTON,CYPRUS,PAPHOS,BRITANNIA AIRWAYS,A,C, 4 , 0 , 50 , 0 , 0 , 0 , 25 , 25 , 411.5 , 0 , 9 , 55.5555555555556 , 29.2222222222222 
08-Jan-2004 16:34,200103,LUTON,CYPRUS,PAPHOS,BRITANNIA AIRWAYS,D,C, 4 , 0 , 50 , 0 , 0 , 25 , 0 , 25 , 406.25 , 0 , 8 , 75 , 27.875 
08-Jan-2004 16:34,200103,LUTON,CYPRUS,PAPHOS,EUROCYPRIA AIRLINES LTD,A,C, 4 , 0 , 25 , 50 , 0 , 25 , 0 , 0 , 37.25 , 0 , 4 , 75 , 13 
08-Jan-2004 16:34,200103,LUTON,CYPRUS,PAPHOS,EUROCYPRIA AIRLINES LTD,D,C, 4 , 0 , 75 , 0 , 0 , 25 , 0 , 0 , 35 , 0 , 4 , 75 , 8.5 
08-Jan-2004 16:34,200103,LUTON,CYPRUS,PAPHOS,MONARCH AIRLINES,A,C, 4 , 0 , 25 , 25 , 0 , 25 , 0 , 25 , 350 , 0 , 5 , 20 , 57.2 
08-Jan-2004 16:34,200103,LUTON,CYPRUS,PAPHOS,MONARCH AIRLINES,D,C, 4 , 0 , 25 , 25 , 0 , 25 , 0 , 25 , 344.25 , 0 , 5 , 40 , 37.8 
08-Jan-2004 16:34,200103,LUTON,CYPRUS,PAPHOS,MY TRAVEL AIRWAYS UK,A,C, 3 , 0 , 66.6666666666667 , 33.3333333333333 , 0 , 0 , 0 , 0 , 9.33333333333333 , 0 , 1 , 100 , 0 
08-Jan-2004 16:34,200103,LUTON,CYPRUS,PAPHOS,MY TRAVEL AIRWAYS UK,D,C, 3 , 0 , 66.6666666666667 , 33.3333333333333 , 0 , 0 , 0 , 0 , 5.66666666666667 , 0 , 5 , 100 , 3.4 
08-Jan-2004 16:34,200103,LUTON,DENMARK,COPENHAGEN,MAERSK AIR,A,C, 9 , 0 , 44.4444444444444 , 33.3333333333333 , 22.2222222222222 , 0 , 0 , 0 , 21.7777777777778 , 0 , 0 , 0 , 0 
08-Jan-2004 16:34,200103,LUTON,DENMARK,COPENHAGEN,MAERSK AIR,D,C, 9 , 0 , 44.4444444444444 , 33.3333333333333 , 22.2222222222222 , 0 , 0 , 0 , 19.6666666666667 , 0 , 0 , 0 , 0 
08-Jan-2004 16:34,200103,LUTON,FINLAND,HELSINKI,FINNAIR,A,C, 0 , 0 , 0 , 0 , 0 , 0 , 0 , 0 , 0 , 0 , 1 , 100 , 2 
08-Jan-2004 16:34,200103,LUTON,FRANCE,GRENOBLE,MONARCH AIRLINES,A,C, 1 , 0 , 100 , 0 , 0 , 0 , 0 , 0 , 7 , 0 , 0 , 0 , 0 
08-Jan-2004 16:34,200103,LUTON,FRANCE,GRENOBLE,MONARCH AIRLINES,D,C, 1 , 0 , 100 , 0 , 0 , 0 , 0 , 0 , 0 , 0 , 0 , 0 , 0 
08-Jan-2004 16:34,200103,LUTON,FRANCE,LIMOGES,AIR MEDITERRANEE,A,C, 0 , 0 , 0 , 0 , 0 , 0 , 0 , 0 , 0 , 0 , 1 , 100 , 9 
08-Jan-2004 16:34,200103,LUTON,FRANCE,LIMOGES,AIR MEDITERRANEE,D,C, 0 , 0 , 0 , 0 , 0 , 0 , 0 , 0 , 0 , 0 , 1 , 0 , 26 
08-Jan-2004 16:34,200103,LUTON,FRANCE,LYON,AIR 2000,A,C, 0 , 1 , 0 , 0 , 0 , 0 , 0 , 0 , 0 , 0 , 1 , 0 , 37 
08-Jan-2004 16:34,200103,LUTON,FRANCE,LYON,AIR 2000,D,C, 1 , 0 , 100 , 0 , 0 , 0 , 0 , 0 , 10 , 0 , 1 , 100 , 2 
08-Jan-2004 16:34,200103,LUTON,FRANCE,LYON,BRITANNIA AIRWAYS,A,C, 5 , 0 , 20 , 0 , 20 , 60 , 0 , 0 , 68.8 , 0 , 3 , 0 , 70.3333333333333 
08-Jan-2004 16:34,200103,LUTON,FRANCE,LYON,BRITANNIA AIRWAYS,D,C, 5 , 0 , 40 , 40 , 20 , 0 , 0 , 0 , 20 , 0 , 2 , 0 , 83 
08-Jan-2004 16:34,200103,LUTON,FRANCE,NICE,EASYJET AIRLINE COMPANY LTD,A,S, 131 , 0 , 63.3587786259542 , 12.9770992366412 , 12.2137404580153 , 8.3969465648855 , 3.05343511450382 , 0 , 25.6106870229008 , 3 , 89 , 92.1348314606742 , 4.47191011235955 
08-Jan-2004 16:34,200103,LUTON,FRANCE,NICE,EASYJET AIRLINE COMPANY LTD,D,S, 131 , 0 , 40.4580152671756 , 16.793893129771 , 18.3206106870229 , 22.9007633587786 , 1.52671755725191 , 0 , 39.8702290076336 , 2 , 89 , 75.2808988764045 , 19.0112359550562 
08-Jan-2004 16:34,200103,LUTON,FRANCE,NICE,OCCITANIA JET FLEET,D,C, 0 , 1 , 0 , 0 , 0 , 0 , 0 , 0 , 0 , 0 , 0 , 0 , 0 
08-Jan-2004 16:34,200103,LUTON,FRANCE,PARIS (CHARLES DE GAULLE),SCOT AIRWAYS,A,S, 0 , 0 , 0 , 0 , 0 , 0 , 0 , 0 , 0 , 74 , 99 , 31.3131313131313 , 36.4646464646465 
08-Jan-2004 16:34,200103,LUTON,FRANCE,PARIS (CHARLES DE GAULLE),SCOT AIRWAYS,D,S, 0 , 0 , 0 , 0 , 0 , 0 , 0 , 0 , 0 , 74 , 98 , 41.8367346938776 , 28.9489795918367 
08-Jan-2004 16:34,200103,LUTON,FRANCE,PARIS (LE BOURGET),EUROFLY SERVICE SPA,D,C, 0 , 1 , 0 , 0 , 0 , 0 , 0 , 0 , 0 , 0 , 0 , 0 , 0 
08-Jan-2004 16:34,200103,LUTON,FRANCE,PARIS (LE BOURGET),SERVIZI AEREI,D,C, 0 , 1 , 0 , 0 , 0 , 0 , 0 , 0 , 0 , 0 , 0 , 0 , 0 
08-Jan-2004 16:34,200103,LUTON,FRANCE,TOULOUSE (BLAGNAC),MONARCH AIRLINES,A,C, 0 , 1 , 0 , 0 , 0 , 0 , 0 , 0 , 0 , 0 , 0 , 0 , 0 
08-Jan-2004 16:34,200103,LUTON,GERMANY,BREMEN,AERO LLOYD,D,C, 0 , 0 , 0 , 0 , 0 , 0 , 0 , 0 , 0 , 0 , 1 , 0 , 67 
08-Jan-2004 16:34,200103,LUTON,GERMANY,BREMEN,MONARCH AIRLINES,A,C, 0 , 0 , 0 , 0 , 0 , 0 , 0 , 0 , 0 , 0 , 2 , 50 , 19.5 
08-Jan-2004 16:34,200103,LUTON,GERMANY,BREMEN,MONARCH AIRLINES,D,C, 0 , 0 , 0 , 0 , 0 , 0 , 0 , 0 , 0 , 0 , 2 , 100 , 4.5 
08-Jan-2004 16:34,200103,LUTON,GERMANY,HANOVER,AIR 2000,A,C, 7 , 0 , 14.2857142857143 , 28.5714285714286 , 42.8571428571429 , 14.2857142857143 , 0 , 0 , 34.5714285714286 , 0 , 1 , 0 , 95 
08-Jan-2004 16:34,200103,LUTON,GERMANY,HANOVER,AIR 2000,D,C, 7 , 0 , 71.4285714285714 , 28.5714285714286 , 0 , 0 , 0 , 0 , 12.1428571428571 , 0 , 0 , 0 , 0 
08-Jan-2004 16:34,200103,LUTON,GERMANY,HANOVER,BRITISH WORLD AIRLINES LTD,A,C, 0 , 0 , 0 , 0 , 0 , 0 , 0 , 0 , 0 , 0 , 1 , 0 , 25 
08-Jan-2004 16:34,200103,LUTON,GERMANY,HANOVER,BRITISH WORLD AIRLINES LTD,D,C, 0 , 0 , 0 , 0 , 0 , 0 , 0 , 0 , 0 , 0 , 1 , 0 , 19 
08-Jan-2004 16:34,200103,LUTON,GERMANY,MOENCHENGLADBACH,DENIM AIR,A,S, 0 , 0 , 0 , 0 , 0 , 0 , 0 , 0 , 0 , 0 , 74 , 70.2702702702703 , 14.8918918918919 
08-Jan-2004 16:34,200103,LUTON,GERMANY,MOENCHENGLADBACH,DENIM AIR,D,S, 0 , 0 , 0 , 0 , 0 , 0 , 0 , 0 , 0 , 0 , 75 , 77.3333333333333 , 10.2533333333333 
08-Jan-2004 16:34,200103,LUTON,GERMANY,MOENCHENGLADBACH,EAE EUROPEAN AIR EXPRESS,A,S, 41 , 2 , 46.3414634146341 , 26.8292682926829 , 9.75609756097561 , 7.31707317073171 , 9.75609756097561 , 0 , 41.7073170731707 , 0 , 0 , 0 , 0 
08-Jan-2004 16:34,200103,LUTON,GERMANY,MOENCHENGLADBACH,EAE EUROPEAN AIR EXPRESS,D,S, 47 , 0 , 29.7872340425532 , 38.2978723404255 , 12.7659574468085 , 10.6382978723404 , 8.51063829787234 , 0 , 40.531914893617 , 0 , 0 , 0 , 0 
08-Jan-2004 16:34,200103,LUTON,GERMANY,MUNICH,BRITANNIA AIRWAYS,A,C, 2 , 0 , 0 , 0 , 50 , 0 , 0 , 50 , 772.5 , 0 , 0 , 0 , 0 
08-Jan-2004 16:34,200103,LUTON,GERMANY,MUNICH,BRITANNIA AIRWAYS,D,C, 2 , 0 , 50 , 0 , 0 , 0 , 0 , 50 , 733.5 , 0 , 0 , 0 , 0 
08-Jan-2004 16:34,200103,LUTON,GERMANY,MUNICH,EAE EUROPEAN AIR EXPRESS,A,S, 20 , 0 , 5 , 25 , 65 , 5 , 0 , 0 , 34.4 , 4 , 0 , 0 , 0 
08-Jan-2004 16:34,200103,LUTON,GERMANY,MUNICH,EAE EUROPEAN AIR EXPRESS,D,S, 15 , 1 , 66.6666666666667 , 20 , 13.3333333333333 , 0 , 0 , 0 , 13.4666666666667 , 0 , 0 , 0 , 0 
08-Jan-2004 16:34,200103,LUTON,GERMANY,MUNICH,EUROPEAN AIR TRANSPORT,D,C, 0 , 1 , 0 , 0 , 0 , 0 , 0 , 0 , 0 , 0 , 0 , 0 , 0 
08-Jan-2004 16:34,200103,LUTON,GERMANY,MUNICH,MONARCH AIRLINES,A,C, 1 , 1 , 0 , 0 , 100 , 0 , 0 , 0 , 54 , 0 , 0 , 0 , 0 
08-Jan-2004 16:34,200103,LUTON,GERMANY,PADERBORN,AIR BERLIN,A,C, 0 , 0 , 0 , 0 , 0 , 0 , 0 , 0 , 0 , 0 , 1 , 100 , 0 
08-Jan-2004 16:34,200103,LUTON,GERMANY,PADERBORN,AIR BERLIN,D,C, 0 , 0 , 0 , 0 , 0 , 0 , 0 , 0 , 0 , 0 , 1 , 0 , 17 
08-Jan-2004 16:34,200103,LUTON,GIBRALTAR,GIBRALTAR,MONARCH AIRLINES,A,S, 16 , 0 , 25 , 12.5 , 43.75 , 18.75 , 0 , 0 , 46.5625 , 0 , 22 , 81.8181818181818 , 9.86363636363636 
08-Jan-2004 16:34,200103,LUTON,GIBRALTAR,GIBRALTAR,MONARCH AIRLINES,D,S, 17 , 0 , 41.1764705882353 , 17.6470588235294 , 29.4117647058824 , 11.7647058823529 , 0 , 0 , 32.2941176470588 , 0 , 22 , 77.2727272727273 , 12.5909090909091 
08-Jan-2004 16:34,200103,LUTON,GREECE,ATHENS,EASYJET AIRLINE COMPANY LTD,A,S, 62 , 0 , 67.741935483871 , 8.06451612903226 , 11.2903225806452 , 12.9032258064516 , 0 , 0 , 19.6774193548387 , 0 , 61 , 88.5245901639344 , 8.0655737704918 
08-Jan-2004 16:34,200103,LUTON,GREECE,ATHENS,EASYJET AIRLINE COMPANY LTD,D,S, 61 , 0 , 62.2950819672131 , 14.7540983606557 , 8.19672131147541 , 14.7540983606557 , 0 , 0 , 27.2295081967213 , 1 , 62 , 64.5161290322581 , 18.758064516129 
08-Jan-2004 16:34,200103,LUTON,GREECE,ATHENS,TAG AVIATION SA,A,C, 0 , 1 , 0 , 0 , 0 , 0 , 0 , 0 , 0 , 0 , 0 , 0 , 0 
08-Jan-2004 16:34,200103,LUTON,GREECE,ATHENS,TAG AVIATION SA,D,C, 0 , 1 , 0 , 0 , 0 , 0 , 0 , 0 , 0 , 0 , 0 , 0 , 0 
08-Jan-2004 16:34,200103,LUTON,IRISH REPUBLIC,DUBLIN,RYANAIR,A,S, 166 , 1 , 92.1686746987952 , 3.6144578313253 , 2.40963855421687 , 1.20481927710843 , 0 , 0.602409638554217 , 13.1325301204819 , 7 , 81 , 83.9506172839506 , 13.1234567901235 
08-Jan-2004 16:34,200103,LUTON,IRISH REPUBLIC,DUBLIN,RYANAIR,D,S, 166 , 1 , 88.5542168674699 , 6.02409638554217 , 4.21686746987952 , 1.20481927710843 , 0 , 0 , 5.41566265060241 , 7 , 82 , 90.2439024390244 , 9.75609756097561 
08-Jan-2004 16:34,200103,LUTON,IRISH REPUBLIC,SHANNON,RYANAIR,A,S, 0 , 1 , 0 , 0 , 0 , 0 , 0 , 0 , 0 , 0 , 0 , 0 , 0 
08-Jan-2004 16:34,200103,LUTON,IRISH REPUBLIC,WATERFORD,EUROCELTIC AIRWAYS LTD,A,S, 24 , 7 , 95.8333333333333 , 4.16666666666667 , 0 , 0 , 0 , 0 , 2.16666666666667 , 0 , 0 , 0 , 0 
08-Jan-2004 16:34,200103,LUTON,IRISH REPUBLIC,WATERFORD,EUROCELTIC AIRWAYS LTD,D,S, 24 , 7 , 87.5 , 8.33333333333333 , 4.16666666666667 , 0 , 0 , 0 , 5.58333333333333 , 1 , 0 , 0 , 0 
08-Jan-2004 16:34,200103,LUTON,ISRAEL,OVDA,BRITANNIA AIRWAYS,A,C, 4 , 0 , 25 , 50 , 25 , 0 , 0 , 0 , 23 , 0 , 4 , 0 , 27.5 
08-Jan-2004 16:34,200103,LUTON,ISRAEL,OVDA,BRITANNIA AIRWAYS,D,C, 4 , 0 , 25 , 50 , 25 , 0 , 0 , 0 , 20.5 , 0 , 4 , 100 , 2.75 
08-Jan-2004 16:34,200103,LUTON,ISRAEL,OVDA,MONARCH AIRLINES,A,C, 4 , 0 , 25 , 25 , 50 , 0 , 0 , 0 , 28.75 , 0 , 4 , 25 , 29.5 
08-Jan-2004 16:34,200103,LUTON,ISRAEL,OVDA,MONARCH AIRLINES,D,C, 4 , 0 , 0 , 100 , 0 , 0 , 0 , 0 , 23.75 , 0 , 4 , 100 , 6 
08-Jan-2004 16:34,200103,LUTON,ITALY,CAGLIARI (ELMAS),EUROWINGS LUFTVERKEHRS,D,C, 0 , 0 , 0 , 0 , 0 , 0 , 0 , 0 , 0 , 0 , 1 , 100 , 1 
08-Jan-2004 16:34,200103,LUTON,ITALY,MILAN (LINATE),SERVIZI AEREI,A,C, 0 , 2 , 0 , 0 , 0 , 0 , 0 , 0 , 0 , 0 , 0 , 0 , 0 
08-Jan-2004 16:34,200103,LUTON,ITALY,MILAN (LINATE),SERVIZI AEREI,D,C, 0 , 1 , 0 , 0 , 0 , 0 , 0 , 0 , 0 , 0 , 0 , 0 , 0 
08-Jan-2004 16:34,200103,LUTON,ITALY,MILAN (LINATE),TAG AVIATION SA,D,C, 0 , 1 , 0 , 0 , 0 , 0 , 0 , 0 , 0 , 0 , 0 , 0 , 0 
08-Jan-2004 16:34,200103,LUTON,ITALY,NAPLES,BMI BRITISH MIDLAND,D,C, 0 , 0 , 0 , 0 , 0 , 0 , 0 , 0 , 0 , 0 , 4 , 0 , 32.75 
08-Jan-2004 16:34,200103,LUTON,ITALY,PALERMO,BMI BRITISH MIDLAND,A,C, 0 , 0 , 0 , 0 , 0 , 0 , 0 , 0 , 0 , 0 , 4 , 0 , 74.25 
08-Jan-2004 16:34,200103,LUTON,ITALY,TURIN,SERVIZI AEREI,D,C, 0 , 1 , 0 , 0 , 0 , 0 , 0 , 0 , 0 , 0 , 0 , 0 , 0 
08-Jan-2004 16:34,200103,LUTON,LEBANON,BEIRUT,TWINJET AIRCRAFT,A,C, 0 , 1 , 0 , 0 , 0 , 0 , 0 , 0 , 0 , 0 , 0 , 0 , 0 
08-Jan-2004 16:34,200103,LUTON,MALTA,MALTA,MY TRAVEL AIRWAYS UK,A,C, 3 , 0 , 66.6666666666667 , 0 , 0 , 33.3333333333333 , 0 , 0 , 23.3333333333333 , 0 , 3 , 66.6666666666667 , 19.6666666666667 
08-Jan-2004 16:34,200103,LUTON,MALTA,MALTA,MY TRAVEL AIRWAYS UK,D,C, 3 , 0 , 33.3333333333333 , 0 , 66.6666666666667 , 0 , 0 , 0 , 27.3333333333333 , 0 , 3 , 66.6666666666667 , 42.6666666666667 
08-Jan-2004 16:34,200103,LUTON,NETHERLANDS,AMSTERDAM,CHALLENGE AIR LUFTVERKEHRS,A,C, 0 , 1 , 0 , 0 , 0 , 0 , 0 , 0 , 0 , 0 , 0 , 0 , 0 
08-Jan-2004 16:34,200103,LUTON,NETHERLANDS,AMSTERDAM,EASYJET AIRLINE COMPANY LTD,A,S, 176 , 7 , 67.0454545454545 , 14.7727272727273 , 8.52272727272727 , 5.11363636363636 , 3.40909090909091 , 1.13636363636364 , 29.4375 , 2 , 122 , 81.9672131147541 , 11.7704918032787 
08-Jan-2004 16:34,200103,LUTON,NETHERLANDS,AMSTERDAM,EASYJET AIRLINE COMPANY LTD,D,S, 176 , 8 , 56.8181818181818 , 21.5909090909091 , 15.9090909090909 , 5.11363636363636 , 0.568181818181818 , 0 , 20.5568181818182 , 2 , 122 , 68.8524590163934 , 18.5491803278689 
08-Jan-2004 16:34,200103,LUTON,NETHERLANDS,AMSTERDAM,SCOT AIRWAYS,A,S, 0 , 1 , 0 , 0 , 0 , 0 , 0 , 0 , 0 , 0 , 0 , 0 , 0 
08-Jan-2004 16:34,200103,LUTON,NETHERLANDS,ROTTERDAM,EUROWINGS LUFTVERKEHRS,A,C, 0 , 0 , 0 , 0 , 0 , 0 , 0 , 0 , 0 , 0 , 1 , 100 , 12 
08-Jan-2004 16:34,200103,LUTON,NETHERLANDS,ROTTERDAM,EUROWINGS LUFTVERKEHRS,D,C, 0 , 0 , 0 , 0 , 0 , 0 , 0 , 0 , 0 , 0 , 1 , 0 , 29 
08-Jan-2004 16:34,200103,LUTON,NETHERLANDS,ROTTERDAM,MY TRAVEL AIRWAYS UK,A,C, 0 , 0 , 0 , 0 , 0 , 0 , 0 , 0 , 0 , 0 , 1 , 100 , 0 
08-Jan-2004 16:34,200103,LUTON,NORWAY,OSLO (GARDERMOEN),MYTRAVEL AIRWAYS (DENMARK),A,C, 7 , 0 , 28.5714285714286 , 28.5714285714286 , 14.2857142857143 , 28.5714285714286 , 0 , 0 , 48.5714285714286 , 0 , 0 , 0 , 0 
08-Jan-2004 16:34,200103,LUTON,NORWAY,OSLO (GARDERMOEN),MYTRAVEL AIRWAYS (DENMARK),D,C, 6 , 0 , 50 , 16.6666666666667 , 0 , 33.3333333333333 , 0 , 0 , 53.1666666666667 , 0 , 0 , 0 , 0 
08-Jan-2004 16:34,200103,LUTON,NORWAY,TROMSOE,MY TRAVEL AIRWAYS UK,A,C, 0 , 0 , 0 , 0 , 0 , 0 , 0 , 0 , 0 , 0 , 1 , 0 , 55 
08-Jan-2004 16:34,200103,LUTON,POLAND,KRAKOW,BRITANNIA AIRWAYS,A,C, 1 , 0 , 0 , 100 , 0 , 0 , 0 , 0 , 26 , 0 , 0 , 0 , 0 
08-Jan-2004 16:34,200103,LUTON,POLAND,KRAKOW,BRITANNIA AIRWAYS,D,C, 1 , 0 , 100 , 0 , 0 , 0 , 0 , 0 , 14 , 0 , 0 , 0 , 0 
08-Jan-2004 16:34,200103,LUTON,PORTUGAL(MADEIRA),FUNCHAL,MONARCH AIRLINES,A,C, 0 , 0 , 0 , 0 , 0 , 0 , 0 , 0 , 0 , 0 , 4 , 75 , 9 
08-Jan-2004 16:34,200103,LUTON,PORTUGAL(MADEIRA),FUNCHAL,MONARCH AIRLINES,D,C, 0 , 0 , 0 , 0 , 0 , 0 , 0 , 0 , 0 , 0 , 4 , 75 , 10.25 
08-Jan-2004 16:34,200103,LUTON,RUSSIA,MOSCOW (SHEREMETYEVO),COMTEL-AIR,A,C, 0 , 1 , 0 , 0 , 0 , 0 , 0 , 0 , 0 , 0 , 0 , 0 , 0 
08-Jan-2004 16:34,200103,LUTON,RUSSIA,MOSCOW (SHEREMETYEVO),COMTEL-AIR,D,C, 0 , 1 , 0 , 0 , 0 , 0 , 0 , 0 , 0 , 0 , 0 , 0 , 0 
08-Jan-2004 16:34,200103,LUTON,RUSSIA,MOSCOW (VNUKOVO),TAG AVIATION SA,D,C, 0 , 1 , 0 , 0 , 0 , 0 , 0 , 0 , 0 , 0 , 0 , 0 , 0 
08-Jan-2004 16:34,200103,LUTON,SPAIN,ALICANTE,BRITANNIA AIRWAYS,A,C, 4 , 0 , 50 , 25 , 0 , 0 , 25 , 0 , 93 , 0 , 4 , 50 , 13.25 
08-Jan-2004 16:34,200103,LUTON,SPAIN,ALICANTE,BRITANNIA AIRWAYS,D,C, 4 , 0 , 75 , 0 , 0 , 0 , 25 , 0 , 85.5 , 0 , 4 , 75 , 7.25 
08-Jan-2004 16:34,200103,LUTON,SPAIN,ALICANTE,MONARCH AIRLINES,A,S, 31 , 0 , 32.258064516129 , 22.5806451612903 , 19.3548387096774 , 19.3548387096774 , 6.45161290322581 , 0 , 43.9354838709677 , 0 , 26 , 50 , 19.6923076923077 
08-Jan-2004 16:34,200103,LUTON,SPAIN,ALICANTE,MONARCH AIRLINES,D,S, 30 , 1 , 26.6666666666667 , 33.3333333333333 , 20 , 13.3333333333333 , 6.66666666666667 , 0 , 42.9666666666667 , 0 , 26 , 57.6923076923077 , 16.0769230769231 
08-Jan-2004 16:34,200103,LUTON,SPAIN,ALICANTE,MY TRAVEL AIRWAYS UK,A,C, 5 , 0 , 80 , 0 , 20 , 0 , 0 , 0 , 13.6 , 0 , 4 , 100 , 2 
08-Jan-2004 16:34,200103,LUTON,SPAIN,ALICANTE,MY TRAVEL AIRWAYS UK,D,C, 5 , 0 , 60 , 20 , 20 , 0 , 0 , 0 , 19.8 , 0 , 4 , 75 , 7.75 
08-Jan-2004 16:34,200103,LUTON,SPAIN,BARCELONA,EASYJET AIRLINE COMPANY LTD,A,S, 101 , 1 , 55.4455445544554 , 9.9009900990099 , 17.8217821782178 , 14.8514851485149 , 1.98019801980198 , 0 , 31.2574257425743 , 2 , 85 , 83.5294117647059 , 10.2823529411765 
08-Jan-2004 16:34,200103,LUTON,SPAIN,BARCELONA,EASYJET AIRLINE COMPANY LTD,D,S, 103 , 1 , 39.8058252427184 , 20.3883495145631 , 17.4757281553398 , 19.4174757281553 , 2.9126213592233 , 0 , 38.3689320388349 , 1 , 85 , 58.8235294117647 , 22.6705882352941 
08-Jan-2004 16:34,200103,LUTON,SPAIN,BARCELONA,EUROPEAN AIR CHARTER,A,C, 0 , 0 , 0 , 0 , 0 , 0 , 0 , 0 , 0 , 0 , 1 , 100 , 9 
08-Jan-2004 16:34,200103,LUTON,SPAIN,BARCELONA,EUROPEAN AIR CHARTER,D,C, 1 , 0 , 100 , 0 , 0 , 0 , 0 , 0 , 10 , 0 , 1 , 100 , 3 
08-Jan-2004 16:34,200103,LUTON,SPAIN,BARCELONA,GESTAIR EXECUTIVE JET,D,C, 0 , 1 , 0 , 0 , 0 , 0 , 0 , 0 , 0 , 0 , 0 , 0 , 0 
08-Jan-2004 16:34,200103,LUTON,SPAIN,LA CORUNA,MONARCH AIRLINES,D,C, 0 , 0 , 0 , 0 , 0 , 0 , 0 , 0 , 0 , 0 , 1 , 100 , 4 
08-Jan-2004 16:34,200103,LUTON,SPAIN,MADRID,EASYJET AIRLINE COMPANY LTD,A,S, 55 , 1 , 65.4545454545455 , 7.27272727272727 , 10.9090909090909 , 16.3636363636364 , 0 , 0 , 22.4727272727273 , 1 , 56 , 83.9285714285714 , 7.85714285714286 
08-Jan-2004 16:34,200103,LUTON,SPAIN,MADRID,EASYJET AIRLINE COMPANY LTD,D,S, 55 , 0 , 49.0909090909091 , 21.8181818181818 , 20 , 9.09090909090909 , 0 , 0 , 28.2363636363636 , 1 , 56 , 57.1428571428571 , 21.6964285714286 
08-Jan-2004 16:34,200103,LUTON,SPAIN,MAHON,MONARCH AIRLINES,A,S, 7 , 0 , 85.7142857142857 , 14.2857142857143 , 0 , 0 , 0 , 0 , 9.57142857142857 , 1 , 4 , 50 , 16.75 
08-Jan-2004 16:34,200103,LUTON,SPAIN,MAHON,MONARCH AIRLINES,D,S, 7 , 0 , 71.4285714285714 , 28.5714285714286 , 0 , 0 , 0 , 0 , 10.7142857142857 , 0 , 4 , 50 , 12.25 
08-Jan-2004 16:34,200103,LUTON,SPAIN,MALAGA,BRITANNIA AIRWAYS,A,C, 4 , 0 , 0 , 50 , 25 , 25 , 0 , 0 , 42 , 0 , 4 , 50 , 38 
08-Jan-2004 16:34,200103,LUTON,SPAIN,MALAGA,BRITANNIA AIRWAYS,D,C, 4 , 0 , 50 , 25 , 0 , 25 , 0 , 0 , 26.5 , 0 , 4 , 75 , 6.5 
08-Jan-2004 16:34,200103,LUTON,SPAIN,MALAGA,EASYJET AIRLINE COMPANY LTD,A,S, 68 , 0 , 45.5882352941177 , 11.7647058823529 , 19.1176470588235 , 22.0588235294118 , 1.47058823529412 , 0 , 40.8676470588235 , 0 , 37 , 67.5675675675676 , 21.7567567567568 
08-Jan-2004 16:34,200103,LUTON,SPAIN,MALAGA,EASYJET AIRLINE COMPANY LTD,D,S, 66 , 0 , 15.1515151515152 , 28.7878787878788 , 27.2727272727273 , 22.7272727272727 , 6.06060606060606 , 0 , 55.2121212121212 , 1 , 38 , 47.3684210526316 , 34.1315789473684 
08-Jan-2004 16:34,200103,LUTON,SPAIN,MALAGA,MONARCH AIRLINES,A,C, 1 , 0 , 0 , 0 , 0 , 0 , 0 , 100 , 476 , 0 , 0 , 0 , 0 
08-Jan-2004 16:34,200103,LUTON,SPAIN,MALAGA,MONARCH AIRLINES,A,S, 35 , 1 , 17.1428571428571 , 31.4285714285714 , 40 , 8.57142857142857 , 2.85714285714286 , 0 , 39.9142857142857 , 0 , 31 , 32.258064516129 , 25.0322580645161 
08-Jan-2004 16:34,200103,LUTON,SPAIN,MALAGA,MONARCH AIRLINES,D,S, 35 , 1 , 65.7142857142857 , 22.8571428571429 , 2.85714285714286 , 2.85714285714286 , 5.71428571428571 , 0 , 25.9714285714286 , 0 , 31 , 74.1935483870968 , 12.8064516129032 
08-Jan-2004 16:34,200103,LUTON,SPAIN,MALAGA,MY TRAVEL AIRWAYS UK,A,C, 4 , 0 , 50 , 50 , 0 , 0 , 0 , 0 , 12.75 , 0 , 4 , 50 , 34.5 
08-Jan-2004 16:34,200103,LUTON,SPAIN,MALAGA,MY TRAVEL AIRWAYS UK,D,C, 4 , 0 , 100 , 0 , 0 , 0 , 0 , 0 , 4.75 , 0 , 4 , 75 , 31.75 
08-Jan-2004 16:34,200103,LUTON,SPAIN,MALAGA,THOMAS COOK AIRLINES LTD,D,C, 0 , 1 , 0 , 0 , 0 , 0 , 0 , 0 , 0 , 0 , 0 , 0 , 0 
08-Jan-2004 16:34,200103,LUTON,SPAIN,PALMA DE MALLORCA,BRITANNIA AIRWAYS,A,C, 5 , 0 , 60 , 0 , 40 , 0 , 0 , 0 , 20.6 , 0 , 5 , 20 , 41.6 
08-Jan-2004 16:34,200103,LUTON,SPAIN,PALMA DE MALLORCA,BRITANNIA AIRWAYS,D,C, 5 , 0 , 100 , 0 , 0 , 0 , 0 , 0 , 1.8 , 0 , 5 , 20 , 18.4 
08-Jan-2004 16:34,200103,LUTON,SPAIN,PALMA DE MALLORCA,EASYJET AIRLINE COMPANY LTD,A,S, 33 , 0 , 57.5757575757576 , 15.1515151515152 , 18.1818181818182 , 9.09090909090909 , 0 , 0 , 21.7878787878788 , 1 , 36 , 86.1111111111111 , 4.19444444444444 
08-Jan-2004 16:34,200103,LUTON,SPAIN,PALMA DE MALLORCA,EASYJET AIRLINE COMPANY LTD,D,S, 34 , 0 , 47.0588235294118 , 29.4117647058824 , 14.7058823529412 , 8.82352941176471 , 0 , 0 , 23.4705882352941 , 0 , 36 , 66.6666666666667 , 17.1388888888889 
08-Jan-2004 16:34,200103,LUTON,SPAIN,TORREJON DE ARDOZ,GESTAIR EXECUTIVE JET,A,C, 0 , 2 , 0 , 0 , 0 , 0 , 0 , 0 , 0 , 0 , 0 , 0 , 0 
08-Jan-2004 16:34,200103,LUTON,SPAIN,TORREJON DE ARDOZ,TAG AVIATION SA,A,C, 0 , 1 , 0 , 0 , 0 , 0 , 0 , 0 , 0 , 0 , 0 , 0 , 0 
08-Jan-2004 16:34,200103,LUTON,SPAIN,TORREJON DE ARDOZ,TAG AVIATION SA,D,C, 0 , 1 , 0 , 0 , 0 , 0 , 0 , 0 , 0 , 0 , 0 , 0 , 0 
08-Jan-2004 16:34,200103,LUTON,SPAIN(CANARY ISLANDS),ARRECIFE,AIR 2000,A,C, 1 , 0 , 0 , 100 , 0 , 0 , 0 , 0 , 26 , 0 , 0 , 0 , 0 
08-Jan-2004 16:34,200103,LUTON,SPAIN(CANARY ISLANDS),ARRECIFE,BRITANNIA AIRWAYS,A,C, 4 , 0 , 75 , 25 , 0 , 0 , 0 , 0 , 10 , 0 , 4 , 50 , 28.75 
08-Jan-2004 16:34,200103,LUTON,SPAIN(CANARY ISLANDS),ARRECIFE,BRITANNIA AIRWAYS,D,C, 4 , 0 , 100 , 0 , 0 , 0 , 0 , 0 , 7.5 , 0 , 4 , 50 , 21.5 
08-Jan-2004 16:34,200103,LUTON,SPAIN(CANARY ISLANDS),ARRECIFE,EXCEL AIRWAYS LTD,A,C, 0 , 1 , 0 , 0 , 0 , 0 , 0 , 0 , 0 , 0 , 0 , 0 , 0 
08-Jan-2004 16:34,200103,LUTON,SPAIN(CANARY ISLANDS),ARRECIFE,MONARCH AIRLINES,A,C, 5 , 0 , 60 , 0 , 20 , 20 , 0 , 0 , 47.6 , 0 , 5 , 80 , 12.6 
08-Jan-2004 16:34,200103,LUTON,SPAIN(CANARY ISLANDS),ARRECIFE,MONARCH AIRLINES,D,C, 5 , 0 , 40 , 20 , 0 , 20 , 20 , 0 , 57.8 , 0 , 5 , 80 , 6.8 
08-Jan-2004 16:34,200103,LUTON,SPAIN(CANARY ISLANDS),ARRECIFE,MY TRAVEL AIRWAYS UK,A,C, 5 , 2 , 60 , 20 , 0 , 0 , 20 , 0 , 56.6 , 0 , 5 , 100 , 0.6 
08-Jan-2004 16:34,200103,LUTON,SPAIN(CANARY ISLANDS),ARRECIFE,MY TRAVEL AIRWAYS UK,D,C, 5 , 0 , 60 , 0 , 20 , 0 , 20 , 0 , 74.4 , 0 , 5 , 60 , 10.6 
08-Jan-2004 16:34,200103,LUTON,SPAIN(CANARY ISLANDS),FUERTEVENTURA,BRITANNIA AIRWAYS,A,C, 5 , 0 , 60 , 20 , 20 , 0 , 0 , 0 , 17.4 , 0 , 5 , 60 , 24.8 
08-Jan-2004 16:34,200103,LUTON,SPAIN(CANARY ISLANDS),FUERTEVENTURA,BRITANNIA AIRWAYS,D,C, 5 , 0 , 80 , 0 , 20 , 0 , 0 , 0 , 12.4 , 0 , 5 , 80 , 9.2 
08-Jan-2004 16:34,200103,LUTON,SPAIN(CANARY ISLANDS),FUERTEVENTURA,MONARCH AIRLINES,A,C, 0 , 0 , 0 , 0 , 0 , 0 , 0 , 0 , 0 , 0 , 5 , 80 , 12.8 
08-Jan-2004 16:34,200103,LUTON,SPAIN(CANARY ISLANDS),FUERTEVENTURA,MONARCH AIRLINES,D,C, 0 , 0 , 0 , 0 , 0 , 0 , 0 , 0 , 0 , 0 , 5 , 60 , 18 
08-Jan-2004 16:34,200103,LUTON,SPAIN(CANARY ISLANDS),FUERTEVENTURA,MY TRAVEL AIRWAYS UK,A,C, 4 , 0 , 100 , 0 , 0 , 0 , 0 , 0 , 0 , 0 , 4 , 100 , 0 
08-Jan-2004 16:34,200103,LUTON,SPAIN(CANARY ISLANDS),FUERTEVENTURA,MY TRAVEL AIRWAYS UK,D,C, 5 , 0 , 60 , 20 , 0 , 20 , 0 , 0 , 28.8 , 0 , 4 , 100 , 7 
08-Jan-2004 16:34,200103,LUTON,SPAIN(CANARY ISLANDS),LAS PALMAS,BRITANNIA AIRWAYS,A,C, 5 , 0 , 40 , 40 , 20 , 0 , 0 , 0 , 15.8 , 0 , 5 , 20 , 25 
08-Jan-2004 16:34,200103,LUTON,SPAIN(CANARY ISLANDS),LAS PALMAS,BRITANNIA AIRWAYS,D,C, 5 , 0 , 80 , 20 , 0 , 0 , 0 , 0 , 7.8 , 0 , 5 , 80 , 11.2 
08-Jan-2004 16:34,200103,LUTON,SPAIN(CANARY ISLANDS),LAS PALMAS,MONARCH AIRLINES,A,C, 4 , 0 , 25 , 0 , 75 , 0 , 0 , 0 , 32 , 0 , 4 , 50 , 22.25 
08-Jan-2004 16:34,200103,LUTON,SPAIN(CANARY ISLANDS),LAS PALMAS,MONARCH AIRLINES,D,C, 4 , 0 , 100 , 0 , 0 , 0 , 0 , 0 , 6.5 , 0 , 4 , 75 , 4.5 
08-Jan-2004 16:34,200103,LUTON,SPAIN(CANARY ISLANDS),LAS PALMAS,MY TRAVEL AIRWAYS UK,A,C, 4 , 0 , 75 , 0 , 25 , 0 , 0 , 0 , 13.75 , 0 , 4 , 100 , 4.25 
08-Jan-2004 16:34,200103,LUTON,SPAIN(CANARY ISLANDS),LAS PALMAS,MY TRAVEL AIRWAYS UK,D,C, 4 , 0 , 100 , 0 , 0 , 0 , 0 , 0 , 0 , 0 , 4 , 75 , 6 
08-Jan-2004 16:34,200103,LUTON,SPAIN(CANARY ISLANDS),TENERIFE (SURREINA SOFIA),AIR 2000,A,C, 0 , 1 , 0 , 0 , 0 , 0 , 0 , 0 , 0 , 0 , 0 , 0 , 0 
08-Jan-2004 16:34,200103,LUTON,SPAIN(CANARY ISLANDS),TENERIFE (SURREINA SOFIA),BRITANNIA AIRWAYS,A,C, 9 , 0 , 33.3333333333333 , 44.4444444444444 , 0 , 11.1111111111111 , 11.1111111111111 , 0 , 39.1111111111111 , 0 , 5 , 20 , 40 
08-Jan-2004 16:34,200103,LUTON,SPAIN(CANARY ISLANDS),TENERIFE (SURREINA SOFIA),BRITANNIA AIRWAYS,D,C, 9 , 0 , 77.7777777777778 , 0 , 11.1111111111111 , 11.1111111111111 , 0 , 0 , 25.3333333333333 , 0 , 5 , 80 , 62.6 
08-Jan-2004 16:34,200103,LUTON,SPAIN(CANARY ISLANDS),TENERIFE (SURREINA SOFIA),MONARCH AIRLINES,A,C, 5 , 0 , 60 , 0 , 40 , 0 , 0 , 0 , 19 , 0 , 5 , 20 , 29.8 
08-Jan-2004 16:34,200103,LUTON,SPAIN(CANARY ISLANDS),TENERIFE (SURREINA SOFIA),MONARCH AIRLINES,A,S, 13 , 0 , 38.4615384615385 , 23.0769230769231 , 38.4615384615385 , 0 , 0 , 0 , 23.9230769230769 , 0 , 13 , 38.4615384615385 , 22.6923076923077 
08-Jan-2004 16:34,200103,LUTON,SPAIN(CANARY ISLANDS),TENERIFE (SURREINA SOFIA),MONARCH AIRLINES,D,C, 5 , 0 , 60 , 40 , 0 , 0 , 0 , 0 , 13.8 , 0 , 5 , 60 , 12.4 
08-Jan-2004 16:34,200103,LUTON,SPAIN(CANARY ISLANDS),TENERIFE (SURREINA SOFIA),MONARCH AIRLINES,D,S, 13 , 0 , 84.6153846153846 , 7.69230769230769 , 7.69230769230769 , 0 , 0 , 0 , 7.76923076923077 , 0 , 13 , 53.8461538461538 , 15.6923076923077 
08-Jan-2004 16:34,200103,LUTON,SPAIN(CANARY ISLANDS),TENERIFE (SURREINA SOFIA),MY TRAVEL AIRWAYS UK,A,C, 9 , 0 , 100 , 0 , 0 , 0 , 0 , 0 , 2.22222222222222 , 0 , 9 , 66.6666666666667 , 62.1111111111111 
08-Jan-2004 16:34,200103,LUTON,SPAIN(CANARY ISLANDS),TENERIFE (SURREINA SOFIA),MY TRAVEL AIRWAYS UK,D,C, 9 , 0 , 77.7777777777778 , 22.2222222222222 , 0 , 0 , 0 , 0 , 6.44444444444444 , 0 , 9 , 66.6666666666667 , 20.1111111111111 
08-Jan-2004 16:34,200103,LUTON,SWEDEN,GOTEBORG,LEAD AIR-JET SERVICES,A,C, 0 , 1 , 0 , 0 , 0 , 0 , 0 , 0 , 0 , 0 , 0 , 0 , 0 
08-Jan-2004 16:34,200103,LUTON,SWEDEN,STOCKHOLM (ARLANDA),BRITANNIA AB,A,C, 5 , 0 , 80 , 20 , 0 , 0 , 0 , 0 , 14.2 , 0 , 0 , 0 , 0 
08-Jan-2004 16:34,200103,LUTON,SWEDEN,STOCKHOLM (ARLANDA),BRITANNIA AB,D,C, 5 , 0 , 80 , 20 , 0 , 0 , 0 , 0 , 8.2 , 0 , 0 , 0 , 0 
08-Jan-2004 16:34,200103,LUTON,SWEDEN,STOCKHOLM (ARLANDA),MYTRAVEL AIRWAYS (DENMARK),A,C, 8 , 0 , 87.5 , 12.5 , 0 , 0 , 0 , 0 , 8 , 0 , 0 , 0 , 0 
08-Jan-2004 16:34,200103,LUTON,SWEDEN,STOCKHOLM (ARLANDA),MYTRAVEL AIRWAYS (DENMARK),D,C, 8 , 0 , 87.5 , 12.5 , 0 , 0 , 0 , 0 , 5.125 , 0 , 0 , 0 , 0 
08-Jan-2004 16:34,200103,LUTON,SWEDEN,STOCKHOLM (SKAVSTA),RYANAIR,A,S, 0 , 1 , 0 , 0 , 0 , 0 , 0 , 0 , 0 , 0 , 0 , 0 , 0 
08-Jan-2004 16:34,200103,LUTON,SWITZERLAND,GENEVA,EASYJET AIRLINE COMPANY LTD,A,S, 32 , 1 , 25 , 18.75 , 31.25 , 25 , 0 , 0 , 44.59375 , 0 , 14 , 50 , 22.6428571428571 
08-Jan-2004 16:34,200103,LUTON,SWITZERLAND,GENEVA,EASYJET AIRLINE COMPANY LTD,D,S, 32 , 1 , 18.75 , 25 , 31.25 , 25 , 0 , 0 , 44.75 , 0 , 14 , 57.1428571428571 , 18.4285714285714 
08-Jan-2004 16:34,200103,LUTON,SWITZERLAND,GENEVA,EASYJET SWITZERLAND,A,S, 116 , 0 , 56.0344827586207 , 12.9310344827586 , 12.0689655172414 , 13.7931034482759 , 5.17241379310345 , 0 , 32.9396551724138 , 1 , 120 , 53.3333333333333 , 24.9083333333333 
08-Jan-2004 16:34,200103,LUTON,SWITZERLAND,GENEVA,EASYJET SWITZERLAND,D,S, 116 , 0 , 47.4137931034483 , 18.1034482758621 , 18.9655172413793 , 13.7931034482759 , 1.72413793103448 , 0 , 30.6551724137931 , 1 , 120 , 45.8333333333333 , 29.8416666666667 
08-Jan-2004 16:34,200103,LUTON,SWITZERLAND,GENEVA,TAG AVIATION SA,A,C, 0 , 1 , 0 , 0 , 0 , 0 , 0 , 0 , 0 , 0 , 0 , 0 , 0 
08-Jan-2004 16:34,200103,LUTON,SWITZERLAND,GENEVA,TAG AVIATION SA,D,C, 0 , 1 , 0 , 0 , 0 , 0 , 0 , 0 , 0 , 0 , 0 , 0 , 0 
08-Jan-2004 16:34,200103,LUTON,SWITZERLAND,ZURICH,EASYJET AIRLINE COMPANY LTD,A,S, 26 , 1 , 7.69230769230769 , 3.84615384615385 , 53.8461538461538 , 34.6153846153846 , 0 , 0 , 55.6538461538462 , 1 , 5 , 40 , 25 
08-Jan-2004 16:34,200103,LUTON,SWITZERLAND,ZURICH,EASYJET AIRLINE COMPANY LTD,D,S, 26 , 1 , 23.0769230769231 , 34.6153846153846 , 23.0769230769231 , 19.2307692307692 , 0 , 0 , 37.1153846153846 , 1 , 5 , 20 , 29.8 
08-Jan-2004 16:34,200103,LUTON,SWITZERLAND,ZURICH,EASYJET SWITZERLAND,A,S, 69 , 0 , 15.9420289855072 , 27.536231884058 , 27.536231884058 , 28.9855072463768 , 0 , 0 , 46.9275362318841 , 0 , 84 , 65.4761904761905 , 16.75 
08-Jan-2004 16:34,200103,LUTON,SWITZERLAND,ZURICH,EASYJET SWITZERLAND,D,S, 69 , 0 , 37.6811594202899 , 24.6376811594203 , 13.0434782608696 , 24.6376811594203 , 0 , 0 , 37.9565217391304 , 0 , 84 , 42.8571428571429 , 26.6904761904762 
08-Jan-2004 16:34,200103,LUTON,TUNISIA,MONASTIR,BRITANNIA AIRWAYS,A,C, 4 , 0 , 50 , 0 , 50 , 0 , 0 , 0 , 26.5 , 0 , 4 , 25 , 273 
08-Jan-2004 16:34,200103,LUTON,TUNISIA,MONASTIR,BRITANNIA AIRWAYS,D,C, 4 , 0 , 75 , 25 , 0 , 0 , 0 , 0 , 5.5 , 0 , 4 , 25 , 22.5 
08-Jan-2004 16:34,200103,LUTON,TUNISIA,MONASTIR,NOUVELAIR TUNISIE,A,C, 2 , 2 , 50 , 0 , 0 , 50 , 0 , 0 , 96.5 , 0 , 0 , 0 , 0 
08-Jan-2004 16:34,200103,LUTON,TUNISIA,MONASTIR,NOUVELAIR TUNISIE,D,C, 4 , 0 , 50 , 25 , 0 , 0 , 25 , 0 , 51 , 0 , 0 , 0 , 0 
08-Jan-2004 16:34,200103,LUTON,UNITED KINGDOM,ABERDEEN,EASYJET AIRLINE COMPANY LTD,A,S, 55 , 0 , 70.9090909090909 , 10.9090909090909 , 7.27272727272727 , 9.09090909090909 , 0 , 1.81818181818182 , 23.9272727272727 , 1 , 61 , 81.9672131147541 , 10.5573770491803 
08-Jan-2004 16:34,200103,LUTON,UNITED KINGDOM,ABERDEEN,EASYJET AIRLINE COMPANY LTD,D,S, 55 , 0 , 58.1818181818182 , 16.3636363636364 , 14.5454545454545 , 10.9090909090909 , 0 , 0 , 24.4 , 1 , 61 , 77.0491803278689 , 14.5573770491803 
08-Jan-2004 16:34,200103,LUTON,UNITED KINGDOM,BELFAST INTERNATIONAL,AIR 2000,A,C, 1 , 0 , 100 , 0 , 0 , 0 , 0 , 0 , 0 , 0 , 0 , 0 , 0 
08-Jan-2004 16:34,200103,LUTON,UNITED KINGDOM,BELFAST INTERNATIONAL,AIR 2000,D,C, 0 , 1 , 0 , 0 , 0 , 0 , 0 , 0 , 0 , 0 , 0 , 0 , 0 
08-Jan-2004 16:34,200103,LUTON,UNITED KINGDOM,BELFAST INTERNATIONAL,EASYJET AIRLINE COMPANY LTD,A,S, 136 , 0 , 83.0882352941177 , 5.88235294117647 , 5.14705882352941 , 5.88235294117647 , 0 , 0 , 10.4485294117647 , 1 , 116 , 83.6206896551724 , 9.16379310344828 
08-Jan-2004 16:34,200103,LUTON,UNITED KINGDOM,BELFAST INTERNATIONAL,EASYJET AIRLINE COMPANY LTD,D,S, 136 , 0 , 74.2647058823529 , 13.9705882352941 , 5.88235294117647 , 5.88235294117647 , 0 , 0 , 15.3823529411765 , 1 , 116 , 73.2758620689655 , 14 
08-Jan-2004 16:34,200103,LUTON,UNITED KINGDOM,CARDIFF WALES,MY TRAVEL AIRWAYS UK,D,C, 0 , 1 , 0 , 0 , 0 , 0 , 0 , 0 , 0 , 0 , 0 , 0 , 0 
08-Jan-2004 16:34,200103,LUTON,UNITED KINGDOM,EDINBURGH,EASYJET AIRLINE COMPANY LTD,A,S, 169 , 7 , 50.2958579881657 , 14.792899408284 , 19.5266272189349 , 15.3846153846154 , 0 , 0 , 27.2781065088757 , 2 , 140 , 75.7142857142857 , 13.95 
08-Jan-2004 16:34,200103,LUTON,UNITED KINGDOM,EDINBURGH,EASYJET AIRLINE COMPANY LTD,D,S, 173 , 0 , 39.3063583815029 , 20.2312138728324 , 21.3872832369942 , 18.4971098265896 , 0.578034682080925 , 0 , 32.8901734104046 , 4 , 140 , 65 , 18.0285714285714 
08-Jan-2004 16:34,200103,LUTON,UNITED KINGDOM,EDINBURGH,SCOT AIRWAYS,A,S, 0 , 1 , 0 , 0 , 0 , 0 , 0 , 0 , 0 , 0 , 0 , 0 , 0 
08-Jan-2004 16:34,200103,LUTON,UNITED KINGDOM,GATWICK,MONARCH AIRLINES,D,C, 0 , 1 , 0 , 0 , 0 , 0 , 0 , 0 , 0 , 0 , 0 , 0 , 0 
08-Jan-2004 16:34,200103,LUTON,UNITED KINGDOM,GLASGOW,EASYJET AIRLINE COMPANY LTD,A,S, 190 , 1 , 62.6315789473684 , 12.6315789473684 , 10.5263157894737 , 12.6315789473684 , 1.57894736842105 , 0 , 25.8263157894737 , 4 , 159 , 78.6163522012579 , 13.251572327044 
08-Jan-2004 16:34,200103,LUTON,UNITED KINGDOM,GLASGOW,EASYJET AIRLINE COMPANY LTD,D,S, 190 , 0 , 52.6315789473684 , 15.2631578947368 , 14.7368421052632 , 15.7894736842105 , 1.57894736842105 , 0 , 32.0052631578947 , 4 , 159 , 72.9559748427673 , 16.7672955974843 
08-Jan-2004 16:34,200103,LUTON,UNITED KINGDOM,INVERNESS,EASYJET AIRLINE COMPANY LTD,A,S, 33 , 0 , 45.4545454545455 , 12.1212121212121 , 18.1818181818182 , 21.2121212121212 , 3.03030303030303 , 0 , 39.5454545454545 , 0 , 32 , 78.125 , 10.125 
08-Jan-2004 16:34,200103,LUTON,UNITED KINGDOM,INVERNESS,EASYJET AIRLINE COMPANY LTD,D,S, 33 , 0 , 24.2424242424242 , 24.2424242424242 , 18.1818181818182 , 27.2727272727273 , 6.06060606060606 , 0 , 52.5151515151515 , 0 , 31 , 67.741935483871 , 17.4193548387097 
08-Jan-2004 16:34,200103,LUTON,UNITED KINGDOM,ISLE OF MAN,BA CITIEXPRESS (IOM) LTD,A,S, 30 , 1 , 83.3333333333333 , 10 , 3.33333333333333 , 3.33333333333333 , 0 , 0 , 12.2666666666667 , 0 , 31 , 100 , 0.612903225806452 
08-Jan-2004 16:34,200103,LUTON,UNITED KINGDOM,ISLE OF MAN,BA CITIEXPRESS (IOM) LTD,D,S, 30 , 1 , 93.3333333333333 , 3.33333333333333 , 0 , 3.33333333333333 , 0 , 0 , 5.83333333333333 , 0 , 31 , 100 , 1.09677419354839 
08-Jan-2004 16:34,200103,LUTON,UNITED KINGDOM,JERSEY,FLYBE.BRITISH EUROPEAN,A,S, 5 , 0 , 100 , 0 , 0 , 0 , 0 , 0 , 0 , 15 , 19 , 84.2105263157895 , 11.5263157894737 
08-Jan-2004 16:34,200103,LUTON,UNITED KINGDOM,JERSEY,FLYBE.BRITISH EUROPEAN,D,S, 5 , 0 , 80 , 0 , 20 , 0 , 0 , 0 , 9.2 , 15 , 19 , 73.6842105263158 , 15.8947368421053 
08-Jan-2004 16:34,200103,LUTON,UNITED KINGDOM,LIVERPOOL,EASYJET AIRLINE COMPANY LTD,A,S, 67 , 0 , 56.7164179104478 , 13.4328358208955 , 5.97014925373134 , 20.8955223880597 , 2.98507462686567 , 0 , 34.1791044776119 , 5 , 89 , 83.1460674157303 , 11.8426966292135 
08-Jan-2004 16:34,200103,LUTON,UNITED KINGDOM,LIVERPOOL,EASYJET AIRLINE COMPANY LTD,D,S, 68 , 0 , 51.4705882352941 , 8.82352941176471 , 13.2352941176471 , 23.5294117647059 , 2.94117647058824 , 0 , 42.1176470588235 , 4 , 88 , 50 , 28.1136363636364 
08-Jan-2004 16:34,200103,LUTON,UNITED KINGDOM,LONDON CITY,SCOT AIRWAYS,A,S, 0 , 1 , 0 , 0 , 0 , 0 , 0 , 0 , 0 , 0 , 0 , 0 , 0 
08-Jan-2004 16:34,200103,LUTON,UNITED KINGDOM,MANCHESTER,AIR 2000,A,C, 0 , 0 , 0 , 0 , 0 , 0 , 0 , 0 , 0 , 0 , 1 , 100 , 4 
08-Jan-2004 16:34,200103,LUTON,UNITED KINGDOM,MANCHESTER,AIR 2000,D,C, 0 , 0 , 0 , 0 , 0 , 0 , 0 , 0 , 0 , 0 , 1 , 100 , 13 
08-Jan-2004 16:34,200103,LUTON,UNITED KINGDOM,MANCHESTER,MONARCH AIRLINES,D,C, 1 , 1 , 0 , 100 , 0 , 0 , 0 , 0 , 26 , 0 , 0 , 0 , 0 
08-Jan-2004 16:34,200103,LUTON,UNITED KINGDOM,MANCHESTER,THOMAS COOK AIRLINES LTD,A,C, 0 , 1 , 0 , 0 , 0 , 0 , 0 , 0 , 0 , 0 , 0 , 0 , 0 
08-Jan-2004 16:34,200103,LUTON,UNITED KINGDOM,NEWCASTLE,DUO AIRWAYS LTD,D,C, 1 , 0 , 0 , 100 , 0 , 0 , 0 , 0 , 24 , 0 , 0 , 0 , 0 
08-Jan-2004 16:34,200103,LUTON,UNITED KINGDOM,NORWICH,SCOT AIRWAYS,A,S, 0 , 0 , 0 , 0 , 0 , 0 , 0 , 0 , 0 , 0 , 24 , 45.8333333333333 , 18.625 
08-Jan-2004 16:34,200103,LUTON,UNITED KINGDOM,NORWICH,SCOT AIRWAYS,D,S, 0 , 0 , 0 , 0 , 0 , 0 , 0 , 0 , 0 , 0 , 22 , 59.0909090909091 , 18.4090909090909 
08-Jan-2004 16:34,200103,MANCHESTER,ALBANIA,TIRANA,BRITANNIA AIRWAYS,A,C, 1 , 0 , 100 , 0 , 0 , 0 , 0 , 0 , 0 , 0 , 0 , 0 , 0 
08-Jan-2004 16:34,200103,MANCHESTER,ALBANIA,TIRANA,EXCEL AIRWAYS LTD,A,C, 1 , 0 , 100 , 0 , 0 , 0 , 0 , 0 , 2 , 0 , 0 , 0 , 0 
08-Jan-2004 16:34,200103,MANCHESTER,ALBANIA,TIRANA,EXCEL AIRWAYS LTD,D,C, 1 , 0 , 100 , 0 , 0 , 0 , 0 , 0 , 3 , 0 , 0 , 0 , 0 
08-Jan-2004 16:34,200103,MANCHESTER,AUSTRALIA,SYDNEY,MY TRAVEL AIRWAYS UK,A,C, 1 , 0 , 100 , 0 , 0 , 0 , 0 , 0 , 0 , 0 , 1 , 100 , 0 
08-Jan-2004 16:34,200103,MANCHESTER,AUSTRALIA,SYDNEY,MY TRAVEL AIRWAYS UK,D,C, 0 , 0 , 0 , 0 , 0 , 0 , 0 , 0 , 0 , 0 , 2 , 100 , 7.5 
08-Jan-2004 16:34,200103,MANCHESTER,AUSTRIA,GRAZ,AUSTRIAN AIRLINES,A,C, 1 , 0 , 100 , 0 , 0 , 0 , 0 , 0 , 0 , 0 , 0 , 0 , 0 
08-Jan-2004 16:34,200103,MANCHESTER,AUSTRIA,GRAZ,AUSTRIAN AIRLINES,D,C, 1 , 0 , 100 , 0 , 0 , 0 , 0 , 0 , 6 , 0 , 0 , 0 , 0 
08-Jan-2004 16:34,200103,MANCHESTER,AUSTRIA,GRAZ,EUROWINGS LUFTVERKEHRS,A,C, 1 , 0 , 100 , 0 , 0 , 0 , 0 , 0 , 0 , 0 , 0 , 0 , 0 
08-Jan-2004 16:34,200103,MANCHESTER,AUSTRIA,GRAZ,EUROWINGS LUFTVERKEHRS,D,C, 1 , 0 , 100 , 0 , 0 , 0 , 0 , 0 , 13 , 0 , 0 , 0 , 0 
08-Jan-2004 16:34,200103,MANCHESTER,AUSTRIA,GRAZ,HAMBURG INTERNATIONAL,A,C, 1 , 0 , 0 , 0 , 0 , 100 , 0 , 0 , 114 , 0 , 0 , 0 , 0 
08-Jan-2004 16:34,200103,MANCHESTER,AUSTRIA,GRAZ,HAMBURG INTERNATIONAL,D,C, 1 , 0 , 0 , 0 , 100 , 0 , 0 , 0 , 49 , 0 , 0 , 0 , 0 
08-Jan-2004 16:34,200103,MANCHESTER,AUSTRIA,GRAZ,LAUDA-AIR,A,C, 1 , 0 , 0 , 100 , 0 , 0 , 0 , 0 , 19 , 0 , 0 , 0 , 0 
08-Jan-2004 16:34,200103,MANCHESTER,AUSTRIA,GRAZ,LAUDA-AIR,D,C, 1 , 0 , 100 , 0 , 0 , 0 , 0 , 0 , 0 , 0 , 0 , 0 , 0 
08-Jan-2004 16:34,200103,MANCHESTER,AUSTRIA,INNSBRUCK,AIR 2000,A,C, 5 , 0 , 20 , 20 , 60 , 0 , 0 , 0 , 39.4 , 0 , 7 , 14.2857142857143 , 105 
08-Jan-2004 16:34,200103,MANCHESTER,AUSTRIA,INNSBRUCK,AIR 2000,D,C, 5 , 0 , 20 , 20 , 60 , 0 , 0 , 0 , 29.8 , 0 , 7 , 14.2857142857143 , 79.4285714285714 
08-Jan-2004 16:34,200103,MANCHESTER,AUSTRIA,INNSBRUCK,CALEDONIAN AIRWAYS,A,C, 0 , 0 , 0 , 0 , 0 , 0 , 0 , 0 , 0 , 0 , 4 , 25 , 74 
08-Jan-2004 16:34,200103,MANCHESTER,AUSTRIA,INNSBRUCK,CALEDONIAN AIRWAYS,D,C, 0 , 0 , 0 , 0 , 0 , 0 , 0 , 0 , 0 , 0 , 4 , 75 , 35 
08-Jan-2004 16:34,200103,MANCHESTER,AUSTRIA,INNSBRUCK,MY TRAVEL AIRWAYS UK,A,C, 4 , 0 , 75 , 0 , 25 , 0 , 0 , 0 , 20.25 , 0 , 0 , 0 , 0 
08-Jan-2004 16:34,200103,MANCHESTER,AUSTRIA,INNSBRUCK,MY TRAVEL AIRWAYS UK,D,C, 4 , 0 , 100 , 0 , 0 , 0 , 0 , 0 , 5.5 , 0 , 0 , 0 , 0 
08-Jan-2004 16:34,200103,MANCHESTER,AUSTRIA,INNSBRUCK,THOMAS COOK AIRLINES LTD,A,C, 5 , 0 , 20 , 60 , 20 , 0 , 0 , 0 , 26.6 , 0 , 0 , 0 , 0 
08-Jan-2004 16:34,200103,MANCHESTER,AUSTRIA,INNSBRUCK,THOMAS COOK AIRLINES LTD,D,C, 5 , 0 , 80 , 0 , 20 , 0 , 0 , 0 , 15.6 , 0 , 0 , 0 , 0 
08-Jan-2004 16:34,200103,MANCHESTER,AUSTRIA,SALZBURG,AIR 2000,A,C, 5 , 0 , 40 , 20 , 20 , 20 , 0 , 0 , 30.6 , 0 , 5 , 40 , 100.2 
08-Jan-2004 16:34,200103,MANCHESTER,AUSTRIA,SALZBURG,AIR 2000,D,C, 5 , 0 , 0 , 0 , 40 , 60 , 0 , 0 , 59.2 , 0 , 5 , 40 , 68.2 
08-Jan-2004 16:34,200103,MANCHESTER,AUSTRIA,SALZBURG,BRITANNIA AIRWAYS,A,C, 5 , 0 , 40 , 40 , 20 , 0 , 0 , 0 , 18 , 0 , 3 , 33.3333333333333 , 54 
08-Jan-2004 16:34,200103,MANCHESTER,AUSTRIA,SALZBURG,BRITANNIA AIRWAYS,D,C, 6 , 0 , 83.3333333333333 , 0 , 0 , 16.6666666666667 , 0 , 0 , 15.6666666666667 , 0 , 3 , 33.3333333333333 , 16.6666666666667 
08-Jan-2004 16:34,200103,MANCHESTER,AUSTRIA,SALZBURG,LAUDA-AIR,A,C, 0 , 0 , 0 , 0 , 0 , 0 , 0 , 0 , 0 , 0 , 4 , 100 , 5.25 
08-Jan-2004 16:34,200103,MANCHESTER,AUSTRIA,SALZBURG,LAUDA-AIR,D,C, 0 , 0 , 0 , 0 , 0 , 0 , 0 , 0 , 0 , 0 , 4 , 50 , 14.5 
08-Jan-2004 16:34,200103,MANCHESTER,AUSTRIA,SALZBURG,MY TRAVEL AIRWAYS UK,A,C, 7 , 0 , 57.1428571428571 , 28.5714285714286 , 14.2857142857143 , 0 , 0 , 0 , 13.1428571428571 , 0 , 0 , 0 , 0 
08-Jan-2004 16:34,200103,MANCHESTER,AUSTRIA,SALZBURG,MY TRAVEL AIRWAYS UK,D,C, 5 , 0 , 80 , 0 , 0 , 20 , 0 , 0 , 15.2 , 0 , 0 , 0 , 0 
08-Jan-2004 16:34,200103,MANCHESTER,AUSTRIA,SALZBURG,THOMAS COOK AIRLINES LTD,A,C, 5 , 0 , 100 , 0 , 0 , 0 , 0 , 0 , 4.8 , 0 , 4 , 75 , 4.25 
08-Jan-2004 16:34,200103,MANCHESTER,AUSTRIA,SALZBURG,THOMAS COOK AIRLINES LTD,D,C, 5 , 0 , 100 , 0 , 0 , 0 , 0 , 0 , 2.6 , 0 , 3 , 100 , 1.33333333333333 
08-Jan-2004 16:34,200103,MANCHESTER,AUSTRIA,VIENNA,AUSTRIAN AIRLINES,A,C, 1 , 0 , 0 , 100 , 0 , 0 , 0 , 0 , 22 , 0 , 0 , 0 , 0 
08-Jan-2004 16:34,200103,MANCHESTER,AUSTRIA,VIENNA,AUSTRIAN AIRLINES,D,C, 1 , 0 , 0 , 100 , 0 , 0 , 0 , 0 , 25 , 0 , 0 , 0 , 0 
08-Jan-2004 16:34,200103,MANCHESTER,AUSTRIA,VIENNA,LAUDA-AIR,A,C, 1 , 0 , 100 , 0 , 0 , 0 , 0 , 0 , 0 , 0 , 0 , 0 , 0 
08-Jan-2004 16:34,200103,MANCHESTER,AUSTRIA,VIENNA,LAUDA-AIR,A,S, 48 , 0 , 50 , 25 , 20.8333333333333 , 4.16666666666667 , 0 , 0 , 20 , 0 , 50 , 60 , 14.68 
08-Jan-2004 16:34,200103,MANCHESTER,AUSTRIA,VIENNA,LAUDA-AIR,D,C, 1 , 0 , 100 , 0 , 0 , 0 , 0 , 0 , 2 , 0 , 0 , 0 , 0 
08-Jan-2004 16:34,200103,MANCHESTER,AUSTRIA,VIENNA,LAUDA-AIR,D,S, 48 , 0 , 54.1666666666667 , 22.9166666666667 , 18.75 , 4.16666666666667 , 0 , 0 , 19.5 , 0 , 50 , 56 , 15.96 
08-Jan-2004 16:34,200103,MANCHESTER,BAHAMAS,NASSAU,BRITANNIA AIRWAYS,D,C, 0 , 0 , 0 , 0 , 0 , 0 , 0 , 0 , 0 , 0 , 1 , 100 , 4 
08-Jan-2004 16:34,200103,MANCHESTER,BARBADOS,BRIDGETOWN,AIR 2000,A,C, 2 , 0 , 50 , 0 , 0 , 50 , 0 , 0 , 57 , 0 , 0 , 0 , 0 
08-Jan-2004 16:34,200103,MANCHESTER,BARBADOS,BRIDGETOWN,AIR 2000,D,C, 1 , 0 , 0 , 100 , 0 , 0 , 0 , 0 , 19 , 0 , 0 , 0 , 0 
08-Jan-2004 16:34,200103,MANCHESTER,BARBADOS,BRIDGETOWN,BRITANNIA AIRWAYS,A,C, 11 , 0 , 54.5454545454545 , 9.09090909090909 , 27.2727272727273 , 9.09090909090909 , 0 , 0 , 25.0909090909091 , 0 , 3 , 33.3333333333333 , 15.6666666666667 
08-Jan-2004 16:34,200103,MANCHESTER,BARBADOS,BRIDGETOWN,BRITANNIA AIRWAYS,D,C, 11 , 0 , 81.8181818181818 , 0 , 18.1818181818182 , 0 , 0 , 0 , 11.6363636363636 , 0 , 3 , 0 , 50.3333333333333 
08-Jan-2004 16:34,200103,MANCHESTER,BARBADOS,BRIDGETOWN,MY TRAVEL AIRWAYS UK,A,C, 4 , 0 , 25 , 25 , 25 , 25 , 0 , 0 , 41.5 , 0 , 6 , 50 , 33 
08-Jan-2004 16:34,200103,MANCHESTER,BARBADOS,BRIDGETOWN,MY TRAVEL AIRWAYS UK,D,C, 4 , 0 , 50 , 25 , 25 , 0 , 0 , 0 , 24.75 , 0 , 6 , 16.6666666666667 , 47.3333333333333 
08-Jan-2004 16:34,200103,MANCHESTER,BELGIUM,BRUSSELS,BRITISH AIRWAYS PLC,A,S, 85 , 0 , 78.8235294117647 , 8.23529411764706 , 7.05882352941176 , 4.70588235294118 , 1.17647058823529 , 0 , 14.0235294117647 , 1 , 92 , 72.8260869565217 , 10.6304347826087 
08-Jan-2004 16:34,200103,MANCHESTER,BELGIUM,BRUSSELS,BRITISH AIRWAYS PLC,D,S, 84 , 0 , 71.4285714285714 , 10.7142857142857 , 14.2857142857143 , 3.57142857142857 , 0 , 0 , 14.6428571428571 , 2 , 92 , 67.3913043478261 , 14.4673913043478 
08-Jan-2004 16:34,200103,MANCHESTER,BELGIUM,BRUSSELS,SABENA,A,S, 147 , 1 , 79.5918367346939 , 11.5646258503401 , 7.48299319727891 , 1.36054421768707 , 0 , 0 , 9.55102040816327 , 3 , 149 , 85.2348993288591 , 8.14765100671141 
08-Jan-2004 16:34,200103,MANCHESTER,BELGIUM,BRUSSELS,SABENA,D,S, 147 , 0 , 71.4285714285714 , 20.4081632653061 , 6.80272108843537 , 1.36054421768707 , 0 , 0 , 11.2993197278912 , 3 , 149 , 79.1946308724832 , 12.1409395973154 
08-Jan-2004 16:34,200103,MANCHESTER,BRAZIL,RIO DE JANEIRO (GALEAO),BRITANNIA AIRWAYS,A,C, 0 , 0 , 0 , 0 , 0 , 0 , 0 , 0 , 0 , 0 , 1 , 100 , 0 
08-Jan-2004 16:34,200103,MANCHESTER,BRAZIL,RIO DE JANEIRO (GALEAO),BRITANNIA AIRWAYS,D,C, 0 , 0 , 0 , 0 , 0 , 0 , 0 , 0 , 0 , 0 , 1 , 0 , 23 
08-Jan-2004 16:34,200103,MANCHESTER,BULGARIA,PLOVDIV,AIR 2000,A,C, 0 , 0 , 0 , 0 , 0 , 0 , 0 , 0 , 0 , 0 , 1 , 0 , 22 
08-Jan-2004 16:34,200103,MANCHESTER,BULGARIA,PLOVDIV,AIR 2000,D,C, 0 , 0 , 0 , 0 , 0 , 0 , 0 , 0 , 0 , 0 , 1 , 0 , 37 
08-Jan-2004 16:34,200103,MANCHESTER,BULGARIA,PLOVDIV,AIR VIA BULGARIAN AIRWAYS,A,C, 0 , 0 , 0 , 0 , 0 , 0 , 0 , 0 , 0 , 0 , 2 , 50 , 18 
08-Jan-2004 16:34,200103,MANCHESTER,BULGARIA,PLOVDIV,AIR VIA BULGARIAN AIRWAYS,D,C, 0 , 0 , 0 , 0 , 0 , 0 , 0 , 0 , 0 , 0 , 2 , 50 , 31.5 
08-Jan-2004 16:34,200103,MANCHESTER,BULGARIA,PLOVDIV,HEMUS AIR,A,C, 3 , 0 , 66.6666666666667 , 0 , 33.3333333333333 , 0 , 0 , 0 , 22 , 0 , 0 , 0 , 0 
08-Jan-2004 16:34,200103,MANCHESTER,BULGARIA,PLOVDIV,HEMUS AIR,D,C, 3 , 0 , 33.3333333333333 , 33.3333333333333 , 0 , 33.3333333333333 , 0 , 0 , 40.6666666666667 , 0 , 0 , 0 , 0 
08-Jan-2004 16:34,200103,MANCHESTER,BULGARIA,SOFIA,BRITANNIA AIRWAYS,A,C, 3 , 0 , 66.6666666666667 , 33.3333333333333 , 0 , 0 , 0 , 0 , 11 , 0 , 3 , 33.3333333333333 , 82.6666666666667 
08-Jan-2004 16:34,200103,MANCHESTER,BULGARIA,SOFIA,BRITANNIA AIRWAYS,D,C, 3 , 0 , 33.3333333333333 , 66.6666666666667 , 0 , 0 , 0 , 0 , 15 , 0 , 2 , 0 , 127 
08-Jan-2004 16:34,200103,MANCHESTER,CANADA,CALGARY,MY TRAVEL AIRWAYS UK,A,C, 9 , 0 , 55.5555555555556 , 11.1111111111111 , 0 , 22.2222222222222 , 11.1111111111111 , 0 , 66.1111111111111 , 0 , 8 , 37.5 , 160.375 
08-Jan-2004 16:34,200103,MANCHESTER,CANADA,CALGARY,MY TRAVEL AIRWAYS UK,D,C, 9 , 0 , 33.3333333333333 , 22.2222222222222 , 33.3333333333333 , 11.1111111111111 , 0 , 0 , 37.7777777777778 , 0 , 9 , 33.3333333333333 , 60 
08-Jan-2004 16:34,200103,MANCHESTER,CANADA,TORONTO,AIR CANADA,A,S, 22 , 0 , 31.8181818181818 , 27.2727272727273 , 18.1818181818182 , 18.1818181818182 , 0 , 4.54545454545455 , 53.2272727272727 , 0 , 22 , 63.6363636363636 , 30.1363636363636 
08-Jan-2004 16:34,200103,MANCHESTER,CANADA,TORONTO,AIR CANADA,D,S, 22 , 0 , 36.3636363636364 , 22.7272727272727 , 22.7272727272727 , 9.09090909090909 , 9.09090909090909 , 0 , 53.1818181818182 , 0 , 22 , 50 , 35.2727272727273 
08-Jan-2004 16:34,200103,MANCHESTER,CANADA,TORONTO,AIR TRANSAT,A,C, 0 , 0 , 0 , 0 , 0 , 0 , 0 , 0 , 0 , 0 , 5 , 40 , 22.6 
08-Jan-2004 16:34,200103,MANCHESTER,CANADA,TORONTO,AIR TRANSAT,A,S, 5 , 0 , 20 , 60 , 0 , 20 , 0 , 0 , 30.8 , 0 , 0 , 0 , 0 
08-Jan-2004 16:34,200103,MANCHESTER,CANADA,TORONTO,AIR TRANSAT,D,C, 0 , 0 , 0 , 0 , 0 , 0 , 0 , 0 , 0 , 0 , 5 , 40 , 29.4 
08-Jan-2004 16:34,200103,MANCHESTER,CANADA,TORONTO,AIR TRANSAT,D,S, 5 , 0 , 0 , 20 , 60 , 20 , 0 , 0 , 55.6 , 0 , 0 , 0 , 0 
08-Jan-2004 16:34,200103,MANCHESTER,CANADA,TORONTO,CANADA 3000 AIRLINES,A,S, 5 , 0 , 60 , 0 , 20 , 20 , 0 , 0 , 24.6 , 0 , 0 , 0 , 0 
08-Jan-2004 16:34,200103,MANCHESTER,CANADA,TORONTO,CANADA 3000 AIRLINES,D,S, 5 , 0 , 0 , 40 , 20 , 40 , 0 , 0 , 48.2 , 0 , 0 , 0 , 0 
08-Jan-2004 16:34,200103,MANCHESTER,CANADA,TORONTO,PAKISTAN INTL AIRLINES,A,S, 9 , 0 , 11.1111111111111 , 44.4444444444444 , 11.1111111111111 , 11.1111111111111 , 22.2222222222222 , 0 , 80.2222222222222 , 0 , 0 , 0 , 0 
08-Jan-2004 16:34,200103,MANCHESTER,CANADA,TORONTO,PAKISTAN INTL AIRLINES,D,S, 9 , 0 , 22.2222222222222 , 44.4444444444444 , 11.1111111111111 , 11.1111111111111 , 11.1111111111111 , 0 , 66.1111111111111 , 0 , 0 , 0 , 0 
08-Jan-2004 16:34,200103,MANCHESTER,CYPRUS,LARNACA,AIR 2000,A,S, 4 , 0 , 0 , 25 , 50 , 25 , 0 , 0 , 48.5 , 0 , 5 , 80 , 3.6 
08-Jan-2004 16:34,200103,MANCHESTER,CYPRUS,LARNACA,AIR 2000,D,S, 4 , 0 , 50 , 0 , 50 , 0 , 0 , 0 , 16.75 , 0 , 5 , 80 , 8.2 
08-Jan-2004 16:34,200103,MANCHESTER,CYPRUS,LARNACA,AIR FOYLE PASSENGER AIRLINES,A,C, 0 , 0 , 0 , 0 , 0 , 0 , 0 , 0 , 0 , 0 , 4 , 50 , 20 
08-Jan-2004 16:34,200103,MANCHESTER,CYPRUS,LARNACA,AIR FOYLE PASSENGER AIRLINES,D,C, 0 , 0 , 0 , 0 , 0 , 0 , 0 , 0 , 0 , 0 , 4 , 100 , 5.25 
08-Jan-2004 16:34,200103,MANCHESTER,CYPRUS,LARNACA,CYPRUS AIRWAYS,A,S, 9 , 0 , 22.2222222222222 , 0 , 55.5555555555556 , 11.1111111111111 , 0 , 11.1111111111111 , 152.777777777778 , 0 , 9 , 55.5555555555556 , 16 
08-Jan-2004 16:34,200103,MANCHESTER,CYPRUS,LARNACA,CYPRUS AIRWAYS,D,S, 9 , 0 , 0 , 22.2222222222222 , 33.3333333333333 , 33.3333333333333 , 0 , 11.1111111111111 , 166.666666666667 , 0 , 9 , 55.5555555555556 , 22.2222222222222 
08-Jan-2004 16:34,200103,MANCHESTER,CYPRUS,LARNACA,EUROCYPRIA AIRLINES LTD,A,C, 6 , 0 , 33.3333333333333 , 16.6666666666667 , 33.3333333333333 , 16.6666666666667 , 0 , 0 , 27.5 , 0 , 4 , 25 , 16.75 
08-Jan-2004 16:34,200103,MANCHESTER,CYPRUS,LARNACA,EUROCYPRIA AIRLINES LTD,D,C, 6 , 0 , 33.3333333333333 , 16.6666666666667 , 33.3333333333333 , 16.6666666666667 , 0 , 0 , 32.8333333333333 , 0 , 4 , 25 , 28.75 
08-Jan-2004 16:34,200103,MANCHESTER,CYPRUS,LARNACA,EXCEL AIRWAYS LTD,A,C, 7 , 1 , 57.1428571428571 , 0 , 0 , 42.8571428571429 , 0 , 0 , 67.5714285714286 , 0 , 0 , 0 , 0 
08-Jan-2004 16:34,200103,MANCHESTER,CYPRUS,LARNACA,EXCEL AIRWAYS LTD,D,C, 9 , 0 , 22.2222222222222 , 33.3333333333333 , 0 , 22.2222222222222 , 22.2222222222222 , 0 , 89 , 0 , 0 , 0 , 0 
08-Jan-2004 16:34,200103,MANCHESTER,CYPRUS,LARNACA,MONARCH AIRLINES,A,C, 4 , 0 , 25 , 25 , 50 , 0 , 0 , 0 , 31.25 , 0 , 4 , 25 , 26 
08-Jan-2004 16:34,200103,MANCHESTER,CYPRUS,LARNACA,MONARCH AIRLINES,D,C, 4 , 0 , 50 , 50 , 0 , 0 , 0 , 0 , 9 , 0 , 4 , 75 , 9.5 
08-Jan-2004 16:34,200103,MANCHESTER,CYPRUS,LARNACA,MY TRAVEL AIRWAYS UK,A,C, 4 , 0 , 75 , 25 , 0 , 0 , 0 , 0 , 11.25 , 0 , 4 , 75 , 45.75 
08-Jan-2004 16:34,200103,MANCHESTER,CYPRUS,LARNACA,MY TRAVEL AIRWAYS UK,D,C, 3 , 0 , 66.6666666666667 , 33.3333333333333 , 0 , 0 , 0 , 0 , 15.3333333333333 , 0 , 4 , 75 , 46.5 
08-Jan-2004 16:34,200103,MANCHESTER,CYPRUS,LARNACA,THOMAS COOK AIRLINES LTD,A,C, 3 , 1 , 66.6666666666667 , 0 , 33.3333333333333 , 0 , 0 , 0 , 20.3333333333333 , 0 , 5 , 20 , 30.4 
08-Jan-2004 16:34,200103,MANCHESTER,CYPRUS,LARNACA,THOMAS COOK AIRLINES LTD,D,C, 4 , 0 , 50 , 25 , 0 , 0 , 0 , 25 , 254 , 0 , 5 , 80 , 9.6 
08-Jan-2004 16:34,200103,MANCHESTER,CYPRUS,PAPHOS,AIR 2000,A,S, 4 , 0 , 50 , 0 , 25 , 25 , 0 , 0 , 28 , 0 , 5 , 0 , 29.8 
08-Jan-2004 16:34,200103,MANCHESTER,CYPRUS,PAPHOS,AIR 2000,D,S, 4 , 0 , 75 , 25 , 0 , 0 , 0 , 0 , 11 , 0 , 5 , 100 , 7.4 
08-Jan-2004 16:34,200103,MANCHESTER,CYPRUS,PAPHOS,AIR CORDIAL LTD,A,C, 4 , 0 , 100 , 0 , 0 , 0 , 0 , 0 , 3.5 , 0 , 0 , 0 , 0 
08-Jan-2004 16:34,200103,MANCHESTER,CYPRUS,PAPHOS,AIR CORDIAL LTD,D,C, 4 , 0 , 75 , 25 , 0 , 0 , 0 , 0 , 10.25 , 0 , 0 , 0 , 0 
08-Jan-2004 16:34,200103,MANCHESTER,CYPRUS,PAPHOS,BRITANNIA AIRWAYS,A,C, 9 , 0 , 33.3333333333333 , 55.5555555555556 , 0 , 0 , 0 , 11.1111111111111 , 173.888888888889 , 0 , 9 , 44.4444444444444 , 35.7777777777778 
08-Jan-2004 16:34,200103,MANCHESTER,CYPRUS,PAPHOS,BRITANNIA AIRWAYS,D,C, 8 , 1 , 50 , 50 , 0 , 0 , 0 , 0 , 13.25 , 0 , 9 , 55.5555555555556 , 29.7777777777778 
08-Jan-2004 16:34,200103,MANCHESTER,CYPRUS,PAPHOS,EUROCYPRIA AIRLINES LTD,A,C, 8 , 0 , 75 , 0 , 25 , 0 , 0 , 0 , 13.5 , 0 , 8 , 62.5 , 18 
08-Jan-2004 16:34,200103,MANCHESTER,CYPRUS,PAPHOS,EUROCYPRIA AIRLINES LTD,D,C, 8 , 0 , 37.5 , 25 , 25 , 12.5 , 0 , 0 , 30.25 , 0 , 8 , 37.5 , 33.375 
08-Jan-2004 16:34,200103,MANCHESTER,CYPRUS,PAPHOS,HELIOS AIRWAYS LTD,A,C, 4 , 0 , 25 , 25 , 25 , 25 , 0 , 0 , 46.25 , 0 , 0 , 0 , 0 
08-Jan-2004 16:34,200103,MANCHESTER,CYPRUS,PAPHOS,HELIOS AIRWAYS LTD,D,C, 4 , 0 , 25 , 0 , 25 , 50 , 0 , 0 , 59 , 0 , 0 , 0 , 0 
08-Jan-2004 16:34,200103,MANCHESTER,CYPRUS,PAPHOS,MONARCH AIRLINES,A,C, 0 , 0 , 0 , 0 , 0 , 0 , 0 , 0 , 0 , 0 , 5 , 20 , 55.2 
08-Jan-2004 16:34,200103,MANCHESTER,CYPRUS,PAPHOS,MONARCH AIRLINES,D,C, 0 , 0 , 0 , 0 , 0 , 0 , 0 , 0 , 0 , 0 , 5 , 80 , 43 
08-Jan-2004 16:34,200103,MANCHESTER,CYPRUS,PAPHOS,MY TRAVEL AIRWAYS UK,A,C, 4 , 0 , 50 , 0 , 25 , 0 , 0 , 25 , 341.75 , 0 , 5 , 0 , 49.2 
08-Jan-2004 16:34,200103,MANCHESTER,CYPRUS,PAPHOS,MY TRAVEL AIRWAYS UK,D,C, 5 , 0 , 60 , 0 , 20 , 0 , 0 , 20 , 276.8 , 0 , 5 , 40 , 45.8 
08-Jan-2004 16:34,200103,MANCHESTER,CYPRUS,PAPHOS,THOMAS COOK AIRLINES LTD,A,C, 3 , 1 , 0 , 33.3333333333333 , 33.3333333333333 , 0 , 33.3333333333333 , 0 , 109.666666666667 , 0 , 9 , 55.5555555555556 , 18 
08-Jan-2004 16:34,200103,MANCHESTER,CYPRUS,PAPHOS,THOMAS COOK AIRLINES LTD,D,C, 5 , 1 , 60 , 20 , 0 , 0 , 0 , 20 , 173.4 , 0 , 9 , 77.7777777777778 , 5.55555555555556 
08-Jan-2004 16:34,200103,MANCHESTER,CYPRUS,PAPHOS,VIRGIN ATLANTIC AIRWAYS LTD,A,C, 2 , 0 , 0 , 0 , 50 , 0 , 0 , 50 , 593 , 0 , 5 , 20 , 21.4 
08-Jan-2004 16:34,200103,MANCHESTER,CYPRUS,PAPHOS,VIRGIN ATLANTIC AIRWAYS LTD,D,C, 2 , 0 , 0 , 0 , 50 , 0 , 50 , 0 , 133.5 , 0 , 5 , 80 , 5.8 
08-Jan-2004 16:34,200103,MANCHESTER,CZECH REPUBLIC,PRAGUE,AIR 2000,D,C, 0 , 0 , 0 , 0 , 0 , 0 , 0 , 0 , 0 , 0 , 1 , 100 , 2 
08-Jan-2004 16:34,200103,MANCHESTER,CZECH REPUBLIC,PRAGUE,CSA,A,S, 23 , 0 , 78.2608695652174 , 8.69565217391304 , 4.34782608695652 , 8.69565217391304 , 0 , 0 , 12.3913043478261 , 0 , 25 , 88 , 7.08 
08-Jan-2004 16:34,200103,MANCHESTER,CZECH REPUBLIC,PRAGUE,CSA,D,S, 24 , 0 , 58.3333333333333 , 29.1666666666667 , 12.5 , 0 , 0 , 0 , 16.25 , 0 , 24 , 45.8333333333333 , 17.375 
08-Jan-2004 16:34,200103,MANCHESTER,CZECH REPUBLIC,PRAGUE,EXCEL AIRWAYS LTD,D,C, 0 , 0 , 0 , 0 , 0 , 0 , 0 , 0 , 0 , 0 , 1 , 0 , 57 
08-Jan-2004 16:34,200103,MANCHESTER,DENMARK,BILLUND,SUN AIR OF SCANDINAVIA,A,S, 48 , 0 , 93.75 , 4.16666666666667 , 2.08333333333333 , 0 , 0 , 0 , 5.08333333333333 , 0 , 50 , 60 , 21.48 
08-Jan-2004 16:34,200103,MANCHESTER,DENMARK,BILLUND,SUN AIR OF SCANDINAVIA,D,S, 48 , 0 , 87.5 , 8.33333333333333 , 4.16666666666667 , 0 , 0 , 0 , 6.72916666666667 , 0 , 50 , 80 , 7.62 
08-Jan-2004 16:34,200103,MANCHESTER,DENMARK,COPENHAGEN,SAS,A,S, 117 , 0 , 76.9230769230769 , 11.965811965812 , 6.83760683760684 , 4.27350427350427 , 0 , 0 , 11.4871794871795 , 0 , 113 , 84.9557522123894 , 6.92035398230088 
08-Jan-2004 16:34,200103,MANCHESTER,DENMARK,COPENHAGEN,SAS,D,S, 117 , 0 , 69.2307692307692 , 20.5128205128205 , 5.98290598290598 , 4.27350427350427 , 0 , 0 , 13.2564102564103 , 1 , 113 , 80.5309734513274 , 8.92035398230088 
08-Jan-2004 16:34,200103,MANCHESTER,DOMINICAN REPUBLIC,PUERTO PLATA,AIR 2000,A,C, 2 , 0 , 50 , 50 , 0 , 0 , 0 , 0 , 13 , 0 , 3 , 0 , 68.3333333333333 
08-Jan-2004 16:34,200103,MANCHESTER,DOMINICAN REPUBLIC,PUERTO PLATA,AIR 2000,D,C, 2 , 0 , 100 , 0 , 0 , 0 , 0 , 0 , 8.5 , 0 , 2 , 50 , 18.5 
08-Jan-2004 16:34,200103,MANCHESTER,DOMINICAN REPUBLIC,PUERTO PLATA,BRITANNIA AIRWAYS,A,C, 4 , 0 , 50 , 0 , 25 , 25 , 0 , 0 , 31.75 , 0 , 5 , 0 , 61 
08-Jan-2004 16:34,200103,MANCHESTER,DOMINICAN REPUBLIC,PUERTO PLATA,BRITANNIA AIRWAYS,D,C, 4 , 0 , 100 , 0 , 0 , 0 , 0 , 0 , 6.25 , 0 , 4 , 25 , 48.25 
08-Jan-2004 16:34,200103,MANCHESTER,DOMINICAN REPUBLIC,PUERTO PLATA,MY TRAVEL AIRWAYS UK,A,C, 2 , 3 , 0 , 50 , 0 , 0 , 50 , 0 , 136.5 , 0 , 5 , 80 , 7.6 
08-Jan-2004 16:34,200103,MANCHESTER,DOMINICAN REPUBLIC,PUERTO PLATA,MY TRAVEL AIRWAYS UK,D,C, 4 , 0 , 50 , 0 , 25 , 25 , 0 , 0 , 28.75 , 0 , 5 , 80 , 28.8 
08-Jan-2004 16:34,200103,MANCHESTER,DOMINICAN REPUBLIC,SANTO DOMINGO,BRITANNIA AIRWAYS,A,C, 5 , 0 , 40 , 20 , 40 , 0 , 0 , 0 , 20.6 , 0 , 5 , 40 , 22.2 
08-Jan-2004 16:34,200103,MANCHESTER,DOMINICAN REPUBLIC,SANTO DOMINGO,BRITANNIA AIRWAYS,D,C, 4 , 0 , 75 , 0 , 25 , 0 , 0 , 0 , 9.5 , 0 , 5 , 100 , 2.6 
08-Jan-2004 16:34,200103,MANCHESTER,EGYPT,HURGHADA,EXCEL AIRWAYS LTD,A,C, 5 , 0 , 40 , 0 , 60 , 0 , 0 , 0 , 32.4 , 0 , 0 , 0 , 0 
08-Jan-2004 16:34,200103,MANCHESTER,EGYPT,HURGHADA,EXCEL AIRWAYS LTD,D,C, 5 , 0 , 60 , 20 , 20 , 0 , 0 , 0 , 18.4 , 0 , 0 , 0 , 0 
08-Jan-2004 16:34,200103,MANCHESTER,EGYPT,LUXOR,AIR 2000,A,C, 4 , 0 , 50 , 25 , 25 , 0 , 0 , 0 , 19.25 , 0 , 4 , 25 , 43 
08-Jan-2004 16:34,200103,MANCHESTER,EGYPT,LUXOR,AIR 2000,D,C, 4 , 0 , 50 , 25 , 25 , 0 , 0 , 0 , 19 , 0 , 4 , 100 , 7.25 
08-Jan-2004 16:34,200103,MANCHESTER,EGYPT,LUXOR,BRITANNIA AIRWAYS,A,C, 4 , 0 , 75 , 25 , 0 , 0 , 0 , 0 , 4.5 , 0 , 5 , 80 , 9.6 
08-Jan-2004 16:34,200103,MANCHESTER,EGYPT,LUXOR,BRITANNIA AIRWAYS,D,C, 4 , 0 , 75 , 25 , 0 , 0 , 0 , 0 , 6.5 , 0 , 5 , 80 , 8 
08-Jan-2004 16:34,200103,MANCHESTER,EGYPT,LUXOR,EGYPT AIR,A,S, 7 , 1 , 14.2857142857143 , 28.5714285714286 , 28.5714285714286 , 28.5714285714286 , 0 , 0 , 42.8571428571429 , 0 , 7 , 42.8571428571429 , 55.8571428571429 
08-Jan-2004 16:34,200103,MANCHESTER,EGYPT,LUXOR,EGYPT AIR,D,S, 5 , 0 , 0 , 20 , 20 , 60 , 0 , 0 , 63.4 , 0 , 6 , 16.6666666666667 , 71 
08-Jan-2004 16:34,200103,MANCHESTER,EGYPT,LUXOR,MONARCH AIRLINES,A,C, 0 , 5 , 0 , 0 , 0 , 0 , 0 , 0 , 0 , 0 , 0 , 0 , 0 
08-Jan-2004 16:34,200103,MANCHESTER,FINLAND,HELSINKI,FINNAIR,A,S, 53 , 0 , 73.5849056603774 , 18.8679245283019 , 7.54716981132075 , 0 , 0 , 0 , 8.24528301886792 , 0 , 54 , 77.7777777777778 , 12.2592592592593 
08-Jan-2004 16:34,200103,MANCHESTER,FINLAND,HELSINKI,FINNAIR,D,S, 53 , 0 , 67.9245283018868 , 15.0943396226415 , 15.0943396226415 , 1.88679245283019 , 0 , 0 , 13.2264150943396 , 0 , 54 , 74.0740740740741 , 14.9259259259259 
08-Jan-2004 16:34,200103,MANCHESTER,FINLAND,KITTILA,BRITISH AIRWAYS PLC,A,C, 2 , 0 , 50 , 0 , 0 , 0 , 50 , 0 , 91 , 0 , 0 , 0 , 0 
08-Jan-2004 16:34,200103,MANCHESTER,FINLAND,KITTILA,BRITISH AIRWAYS PLC,D,C, 1 , 1 , 100 , 0 , 0 , 0 , 0 , 0 , 7 , 0 , 0 , 0 , 0 
08-Jan-2004 16:34,200103,MANCHESTER,FRANCE,BORDEAUX,AEROLYON,A,C, 0 , 0 , 0 , 0 , 0 , 0 , 0 , 0 , 0 , 0 , 1 , 100 , 9 
08-Jan-2004 16:34,200103,MANCHESTER,FRANCE,BORDEAUX,AEROLYON,D,C, 0 , 0 , 0 , 0 , 0 , 0 , 0 , 0 , 0 , 0 , 1 , 0 , 92 
08-Jan-2004 16:34,200103,MANCHESTER,FRANCE,BORDEAUX,MONARCH AIRLINES,A,C, 0 , 0 , 0 , 0 , 0 , 0 , 0 , 0 , 0 , 0 , 2 , 0 , 41.5 
08-Jan-2004 16:34,200103,MANCHESTER,FRANCE,BORDEAUX,MONARCH AIRLINES,D,C, 0 , 0 , 0 , 0 , 0 , 0 , 0 , 0 , 0 , 0 , 2 , 50 , 24.5 
08-Jan-2004 16:34,200103,MANCHESTER,FRANCE,BORDEAUX,STAR EUROPE,A,C, 0 , 0 , 0 , 0 , 0 , 0 , 0 , 0 , 0 , 0 , 1 , 100 , 4 
08-Jan-2004 16:34,200103,MANCHESTER,FRANCE,BORDEAUX,STAR EUROPE,D,C, 0 , 0 , 0 , 0 , 0 , 0 , 0 , 0 , 0 , 0 , 2 , 0 , 122 
08-Jan-2004 16:34,200103,MANCHESTER,FRANCE,BORDEAUX,THOMAS COOK AIRLINES LTD,A,C, 0 , 0 , 0 , 0 , 0 , 0 , 0 , 0 , 0 , 0 , 1 , 100 , 0 
08-Jan-2004 16:34,200103,MANCHESTER,FRANCE,BORDEAUX,THOMAS COOK AIRLINES LTD,D,C, 0 , 0 , 0 , 0 , 0 , 0 , 0 , 0 , 0 , 0 , 1 , 100 , 0 
08-Jan-2004 16:34,200103,MANCHESTER,FRANCE,CHAMBERY,AER LINGUS,A,C, 0 , 0 , 0 , 0 , 0 , 0 , 0 , 0 , 0 , 0 , 4 , 75 , 28.75 
08-Jan-2004 16:34,200103,MANCHESTER,FRANCE,CHAMBERY,AER LINGUS,D,C, 0 , 0 , 0 , 0 , 0 , 0 , 0 , 0 , 0 , 0 , 4 , 75 , 11 
08-Jan-2004 16:34,200103,MANCHESTER,FRANCE,CHAMBERY,BRITISH REGIONAL AIRLINES LTD,A,C, 0 , 0 , 0 , 0 , 0 , 0 , 0 , 0 , 0 , 0 , 4 , 50 , 15.25 
08-Jan-2004 16:34,200103,MANCHESTER,FRANCE,CHAMBERY,BRITISH REGIONAL AIRLINES LTD,D,C, 0 , 0 , 0 , 0 , 0 , 0 , 0 , 0 , 0 , 0 , 4 , 75 , 15.75 
08-Jan-2004 16:34,200103,MANCHESTER,FRANCE,CHAMBERY,EXCEL AIRWAYS LTD,A,C, 5 , 0 , 20 , 0 , 0 , 20 , 60 , 0 , 187.4 , 0 , 0 , 0 , 0 
08-Jan-2004 16:34,200103,MANCHESTER,FRANCE,CHAMBERY,EXCEL AIRWAYS LTD,D,C, 5 , 0 , 40 , 20 , 20 , 20 , 0 , 0 , 48 , 0 , 0 , 0 , 0 
08-Jan-2004 16:34,200103,MANCHESTER,FRANCE,GRENOBLE,AIR 2000,A,C, 5 , 0 , 20 , 40 , 40 , 0 , 0 , 0 , 29.6 , 0 , 4 , 50 , 15.25 
08-Jan-2004 16:34,200103,MANCHESTER,FRANCE,GRENOBLE,AIR 2000,D,C, 5 , 0 , 20 , 40 , 40 , 0 , 0 , 0 , 23.4 , 0 , 4 , 50 , 20.5 
08-Jan-2004 16:34,200103,MANCHESTER,FRANCE,GRENOBLE,MONARCH AIRLINES,A,C, 5 , 0 , 80 , 0 , 20 , 0 , 0 , 0 , 11 , 0 , 4 , 75 , 18.25 
08-Jan-2004 16:34,200103,MANCHESTER,FRANCE,GRENOBLE,MONARCH AIRLINES,D,C, 5 , 0 , 80 , 0 , 20 , 0 , 0 , 0 , 7.6 , 0 , 5 , 60 , 7.8 
08-Jan-2004 16:34,200103,MANCHESTER,FRANCE,LYON,AIR 2000,A,C, 5 , 0 , 60 , 20 , 20 , 0 , 0 , 0 , 16.6 , 0 , 5 , 80 , 7.2 
08-Jan-2004 16:34,200103,MANCHESTER,FRANCE,LYON,AIR 2000,D,C, 5 , 0 , 100 , 0 , 0 , 0 , 0 , 0 , 3.2 , 0 , 5 , 100 , 5 
08-Jan-2004 16:34,200103,MANCHESTER,FRANCE,LYON,AIR FRANCE,A,S, 22 , 0 , 90.9090909090909 , 4.54545454545455 , 4.54545454545455 , 0 , 0 , 0 , 4.63636363636364 , 0 , 0 , 0 , 0 
08-Jan-2004 16:34,200103,MANCHESTER,FRANCE,LYON,AIR FRANCE,D,S, 22 , 0 , 95.4545454545455 , 0 , 4.54545454545455 , 0 , 0 , 0 , 2.81818181818182 , 0 , 0 , 0 , 0 
08-Jan-2004 16:34,200103,MANCHESTER,FRANCE,LYON,BRITANNIA AIRWAYS,A,C, 5 , 0 , 0 , 20 , 40 , 40 , 0 , 0 , 51.2 , 0 , 3 , 0 , 55 
08-Jan-2004 16:34,200103,MANCHESTER,FRANCE,LYON,BRITANNIA AIRWAYS,D,C, 5 , 0 , 40 , 40 , 20 , 0 , 0 , 0 , 20.4 , 0 , 3 , 33.3333333333333 , 34.3333333333333 
08-Jan-2004 16:34,200103,MANCHESTER,FRANCE,LYON,BRITISH AIRWAYS PLC,A,C, 14 , 0 , 35.7142857142857 , 28.5714285714286 , 7.14285714285714 , 28.5714285714286 , 0 , 0 , 38.2857142857143 , 0 , 12 , 50 , 17.5833333333333 
08-Jan-2004 16:34,200103,MANCHESTER,FRANCE,LYON,BRITISH AIRWAYS PLC,D,C, 14 , 0 , 71.4285714285714 , 14.2857142857143 , 14.2857142857143 , 0 , 0 , 0 , 13.4285714285714 , 0 , 12 , 91.6666666666667 , 3.91666666666667 
08-Jan-2004 16:34,200103,MANCHESTER,FRANCE,LYON,BRITISH REGIONAL AIRLINES LTD,A,S, 30 , 0 , 86.6666666666667 , 0 , 10 , 3.33333333333333 , 0 , 0 , 7.06666666666667 , 0 , 6 , 66.6666666666667 , 8.16666666666667 
08-Jan-2004 16:34,200103,MANCHESTER,FRANCE,LYON,BRITISH REGIONAL AIRLINES LTD,D,S, 30 , 0 , 76.6666666666667 , 13.3333333333333 , 6.66666666666667 , 3.33333333333333 , 0 , 0 , 10.0333333333333 , 0 , 6 , 66.6666666666667 , 10.5 
08-Jan-2004 16:34,200103,MANCHESTER,FRANCE,LYON,MONARCH AIRLINES,A,C, 0 , 0 , 0 , 0 , 0 , 0 , 0 , 0 , 0 , 0 , 4 , 0 , 102.75 
08-Jan-2004 16:34,200103,MANCHESTER,FRANCE,LYON,MONARCH AIRLINES,D,C, 0 , 0 , 0 , 0 , 0 , 0 , 0 , 0 , 0 , 0 , 4 , 25 , 75.5 
08-Jan-2004 16:34,200103,MANCHESTER,FRANCE,LYON,THOMAS COOK AIRLINES LTD,A,C, 5 , 0 , 60 , 40 , 0 , 0 , 0 , 0 , 14.2 , 0 , 4 , 50 , 22 
08-Jan-2004 16:34,200103,MANCHESTER,FRANCE,LYON,THOMAS COOK AIRLINES LTD,D,C, 5 , 0 , 100 , 0 , 0 , 0 , 0 , 0 , 1.2 , 0 , 4 , 100 , 3 
08-Jan-2004 16:34,200103,MANCHESTER,FRANCE,NANTES,BRITISH REGIONAL AIRLINES LTD,A,C, 0 , 1 , 0 , 0 , 0 , 0 , 0 , 0 , 0 , 0 , 0 , 0 , 0 
08-Jan-2004 16:34,200103,MANCHESTER,FRANCE,NICE,BRITISH REGIONAL AIRLINES LTD,A,S, 31 , 0 , 70.9677419354839 , 19.3548387096774 , 6.45161290322581 , 3.2258064516129 , 0 , 0 , 11.1935483870968 , 1 , 6 , 100 , 0.166666666666667 
08-Jan-2004 16:34,200103,MANCHESTER,FRANCE,NICE,BRITISH REGIONAL AIRLINES LTD,D,S, 31 , 0 , 80.6451612903226 , 12.9032258064516 , 3.2258064516129 , 3.2258064516129 , 0 , 0 , 9 , 0 , 6 , 100 , 2.83333333333333 
08-Jan-2004 16:34,200103,MANCHESTER,FRANCE,PARIS (CHARLES DE GAULLE),AIR FRANCE,A,S, 153 , 0 , 64.0522875816993 , 13.7254901960784 , 14.3790849673203 , 7.84313725490196 , 0 , 0 , 18.1372549019608 , 2 , 155 , 73.5483870967742 , 21.2709677419355 
08-Jan-2004 16:34,200103,MANCHESTER,FRANCE,PARIS (CHARLES DE GAULLE),AIR FRANCE,D,S, 153 , 0 , 56.2091503267974 , 13.0718954248366 , 24.8366013071895 , 5.88235294117647 , 0 , 0 , 19.8169934640523 , 2 , 155 , 66.4516129032258 , 13.4903225806452 
08-Jan-2004 16:34,200103,MANCHESTER,FRANCE,PARIS (CHARLES DE GAULLE),BMI BRITISH MIDLAND,A,S, 0 , 3 , 0 , 0 , 0 , 0 , 0 , 0 , 0 , 0 , 0 , 0 , 0 
08-Jan-2004 16:34,200103,MANCHESTER,FRANCE,PARIS (CHARLES DE GAULLE),BMI BRITISH MIDLAND,D,S, 0 , 3 , 0 , 0 , 0 , 0 , 0 , 0 , 0 , 0 , 0 , 0 , 0 
08-Jan-2004 16:34,200103,MANCHESTER,FRANCE,PARIS (CHARLES DE GAULLE),BRITISH AIRWAYS PLC,A,S, 141 , 1 , 68.0851063829787 , 18.4397163120567 , 7.09219858156028 , 6.38297872340426 , 0 , 0 , 14.5177304964539 , 1 , 149 , 81.8791946308725 , 8.01342281879195 
08-Jan-2004 16:34,200103,MANCHESTER,FRANCE,PARIS (CHARLES DE GAULLE),BRITISH AIRWAYS PLC,D,S, 140 , 0 , 57.1428571428571 , 20.7142857142857 , 15 , 7.14285714285714 , 0 , 0 , 18.8285714285714 , 2 , 150 , 78.6666666666667 , 11.4733333333333 
08-Jan-2004 16:34,200103,MANCHESTER,FRANCE,PARIS (CHARLES DE GAULLE),FLYBE.BRITISH EUROPEAN,A,S, 0 , 1 , 0 , 0 , 0 , 0 , 0 , 0 , 0 , 0 , 0 , 0 , 0 
08-Jan-2004 16:34,200103,MANCHESTER,FRANCE,TOULOUSE (BLAGNAC),AIR 2000,A,C, 4 , 0 , 25 , 0 , 25 , 50 , 0 , 0 , 50 , 0 , 4 , 75 , 14.75 
08-Jan-2004 16:34,200103,MANCHESTER,FRANCE,TOULOUSE (BLAGNAC),AIR 2000,D,C, 4 , 0 , 100 , 0 , 0 , 0 , 0 , 0 , 0.5 , 0 , 4 , 100 , 3.5 
08-Jan-2004 16:34,200103,MANCHESTER,FRANCE,TOULOUSE (BLAGNAC),BRITANNIA AIRWAYS,A,C, 4 , 0 , 100 , 0 , 0 , 0 , 0 , 0 , 6.25 , 0 , 3 , 0 , 60.3333333333333 
08-Jan-2004 16:34,200103,MANCHESTER,FRANCE,TOULOUSE (BLAGNAC),BRITANNIA AIRWAYS,D,C, 3 , 0 , 100 , 0 , 0 , 0 , 0 , 0 , 4.33333333333333 , 0 , 3 , 66.6666666666667 , 31 
08-Jan-2004 16:34,200103,MANCHESTER,FRANCE,TOULOUSE (BLAGNAC),BRITISH AIRWAYS PLC,A,C, 4 , 0 , 25 , 75 , 0 , 0 , 0 , 0 , 17 , 0 , 4 , 50 , 20.75 
08-Jan-2004 16:34,200103,MANCHESTER,FRANCE,TOULOUSE (BLAGNAC),BRITISH AIRWAYS PLC,D,C, 4 , 0 , 100 , 0 , 0 , 0 , 0 , 0 , 3.5 , 0 , 3 , 100 , 0 
08-Jan-2004 16:34,200103,MANCHESTER,FRANCE,TOULOUSE (BLAGNAC),CALEDONIAN AIRWAYS,A,C, 0 , 0 , 0 , 0 , 0 , 0 , 0 , 0 , 0 , 0 , 2 , 0 , 18.5 
08-Jan-2004 16:34,200103,MANCHESTER,FRANCE,TOULOUSE (BLAGNAC),CALEDONIAN AIRWAYS,D,C, 0 , 0 , 0 , 0 , 0 , 0 , 0 , 0 , 0 , 0 , 1 , 100 , 4 
08-Jan-2004 16:34,200103,MANCHESTER,FRANCE,TOULOUSE (BLAGNAC),MY TRAVEL AIRWAYS UK,A,C, 4 , 0 , 50 , 0 , 25 , 0 , 25 , 0 , 94.25 , 0 , 4 , 50 , 24.5 
08-Jan-2004 16:34,200103,MANCHESTER,FRANCE,TOULOUSE (BLAGNAC),MY TRAVEL AIRWAYS UK,D,C, 4 , 0 , 25 , 0 , 50 , 0 , 25 , 0 , 114.25 , 0 , 4 , 75 , 25.25 
08-Jan-2004 16:34,200103,MANCHESTER,FRANCE,TOULOUSE (BLAGNAC),THOMAS COOK AIRLINES LTD,A,C, 4 , 0 , 25 , 25 , 25 , 25 , 0 , 0 , 35.5 , 0 , 0 , 0 , 0 
08-Jan-2004 16:34,200103,MANCHESTER,FRANCE,TOULOUSE (BLAGNAC),THOMAS COOK AIRLINES LTD,D,C, 4 , 0 , 75 , 25 , 0 , 0 , 0 , 0 , 4.25 , 0 , 0 , 0 , 0 
08-Jan-2004 16:34,200103,MANCHESTER,GAMBIA,BANJUL,BRITANNIA AIRWAYS,A,C, 0 , 0 , 0 , 0 , 0 , 0 , 0 , 0 , 0 , 0 , 5 , 20 , 49.8 
08-Jan-2004 16:34,200103,MANCHESTER,GAMBIA,BANJUL,BRITANNIA AIRWAYS,D,C, 0 , 0 , 0 , 0 , 0 , 0 , 0 , 0 , 0 , 0 , 5 , 80 , 8.4 
08-Jan-2004 16:34,200103,MANCHESTER,GAMBIA,BANJUL,MY TRAVEL AIRWAYS UK,A,C, 5 , 0 , 100 , 0 , 0 , 0 , 0 , 0 , 1.4 , 0 , 5 , 20 , 170.4 
08-Jan-2004 16:34,200103,MANCHESTER,GAMBIA,BANJUL,MY TRAVEL AIRWAYS UK,D,C, 5 , 0 , 40 , 60 , 0 , 0 , 0 , 0 , 16 , 0 , 5 , 20 , 96.6 
08-Jan-2004 16:34,200103,MANCHESTER,GAMBIA,BANJUL,THOMAS COOK AIRLINES LTD,A,C, 5 , 0 , 20 , 40 , 40 , 0 , 0 , 0 , 29.8 , 0 , 0 , 0 , 0 
08-Jan-2004 16:34,200103,MANCHESTER,GAMBIA,BANJUL,THOMAS COOK AIRLINES LTD,D,C, 5 , 0 , 80 , 20 , 0 , 0 , 0 , 0 , 3.8 , 0 , 0 , 0 , 0 
08-Jan-2004 16:34,200103,MANCHESTER,GERMANY,BERLIN (TEGEL),BRITISH REGIONAL AIRLINES LTD,A,S, 27 , 0 , 59.2592592592593 , 33.3333333333333 , 3.7037037037037 , 3.7037037037037 , 0 , 0 , 13.4074074074074 , 0 , 27 , 62.962962962963 , 12.7037037037037 
08-Jan-2004 16:34,200103,MANCHESTER,GERMANY,BERLIN (TEGEL),BRITISH REGIONAL AIRLINES LTD,D,S, 27 , 0 , 96.2962962962963 , 3.7037037037037 , 0 , 0 , 0 , 0 , 1.62962962962963 , 0 , 27 , 88.8888888888889 , 5.40740740740741 
08-Jan-2004 16:34,200103,MANCHESTER,GERMANY,DUSSELDORF,BMI BRITISH MIDLAND,A,S, 77 , 0 , 88.3116883116883 , 2.5974025974026 , 1.2987012987013 , 7.79220779220779 , 0 , 0 , 11.3116883116883 , 2 , 81 , 91.358024691358 , 5.01234567901235 
08-Jan-2004 16:34,200103,MANCHESTER,GERMANY,DUSSELDORF,BMI BRITISH MIDLAND,D,S, 72 , 4 , 86.1111111111111 , 5.55555555555556 , 2.77777777777778 , 5.55555555555556 , 0 , 0 , 11.5694444444444 , 2 , 81 , 88.8888888888889 , 5.38271604938272 
08-Jan-2004 16:34,200103,MANCHESTER,GERMANY,DUSSELDORF,BRITISH AIRWAYS PLC,A,S, 84 , 1 , 76.1904761904762 , 10.7142857142857 , 8.33333333333333 , 4.76190476190476 , 0 , 0 , 11.4404761904762 , 1 , 79 , 88.6075949367089 , 6.45569620253165 
08-Jan-2004 16:34,200103,MANCHESTER,GERMANY,DUSSELDORF,BRITISH AIRWAYS PLC,D,S, 84 , 1 , 77.3809523809524 , 7.14285714285714 , 14.2857142857143 , 1.19047619047619 , 0 , 0 , 13.1904761904762 , 1 , 79 , 78.4810126582279 , 10.493670886076 
08-Jan-2004 16:34,200103,MANCHESTER,GERMANY,FRANKFURT MAIN,BRITISH AIRWAYS PLC,A,S, 108 , 0 , 63.8888888888889 , 20.3703703703704 , 8.33333333333333 , 6.48148148148148 , 0.925925925925926 , 0 , 18.75 , 1 , 107 , 79.4392523364486 , 10.8878504672897 
08-Jan-2004 16:34,200103,MANCHESTER,GERMANY,FRANKFURT MAIN,BRITISH AIRWAYS PLC,D,S, 108 , 0 , 64.8148148148148 , 15.7407407407407 , 12.037037037037 , 6.48148148148148 , 0.925925925925926 , 0 , 18.7685185185185 , 0 , 108 , 69.4444444444444 , 15.7962962962963 
08-Jan-2004 16:34,200103,MANCHESTER,GERMANY,FRANKFURT MAIN,LUFTHANSA,A,S, 124 , 0 , 72.5806451612903 , 22.5806451612903 , 4.83870967741935 , 0 , 0 , 0 , 9.75 , 0 , 122 , 81.9672131147541 , 8.42622950819672 
08-Jan-2004 16:34,200103,MANCHESTER,GERMANY,FRANKFURT MAIN,LUFTHANSA,D,S, 124 , 1 , 62.9032258064516 , 29.0322580645161 , 8.06451612903226 , 0 , 0 , 0 , 11.8629032258065 , 0 , 122 , 69.672131147541 , 11.8852459016393 
08-Jan-2004 16:34,200103,MANCHESTER,GERMANY,HAMBURG,LUFTHANSA,A,S, 50 , 1 , 80 , 6 , 6 , 8 , 0 , 0 , 13.2 , 3 , 0 , 0 , 0 
08-Jan-2004 16:34,200103,MANCHESTER,GERMANY,HAMBURG,LUFTHANSA,D,S, 51 , 1 , 60.7843137254902 , 17.6470588235294 , 7.84313725490196 , 13.7254901960784 , 0 , 0 , 20.7647058823529 , 3 , 0 , 0 , 0 
08-Jan-2004 16:34,200103,MANCHESTER,GERMANY,HAMBURG,LUFTHANSA CITY LINE,A,S, 0 , 0 , 0 , 0 , 0 , 0 , 0 , 0 , 0 , 0 , 53 , 92.4528301886792 , 3.43396226415094 
08-Jan-2004 16:34,200103,MANCHESTER,GERMANY,HAMBURG,LUFTHANSA CITY LINE,D,S, 0 , 0 , 0 , 0 , 0 , 0 , 0 , 0 , 0 , 0 , 53 , 84.9056603773585 , 8.15094339622642 
08-Jan-2004 16:34,200103,MANCHESTER,GERMANY,HANOVER,BRITISH REGIONAL AIRLINES LTD,A,S, 30 , 0 , 86.6666666666667 , 3.33333333333333 , 10 , 0 , 0 , 0 , 6.43333333333333 , 2 , 31 , 90.3225806451613 , 7.83870967741936 
08-Jan-2004 16:34,200103,MANCHESTER,GERMANY,HANOVER,BRITISH REGIONAL AIRLINES LTD,D,S, 32 , 0 , 84.375 , 6.25 , 9.375 , 0 , 0 , 0 , 7.5625 , 1 , 31 , 93.5483870967742 , 7.19354838709677 
08-Jan-2004 16:34,200103,MANCHESTER,GERMANY,HANOVER,BRITISH WORLD AIRLINES LTD,A,C, 0 , 0 , 0 , 0 , 0 , 0 , 0 , 0 , 0 , 0 , 1 , 0 , 42 
08-Jan-2004 16:34,200103,MANCHESTER,GERMANY,HANOVER,BRITISH WORLD AIRLINES LTD,D,C, 0 , 0 , 0 , 0 , 0 , 0 , 0 , 0 , 0 , 0 , 1 , 100 , 7 
08-Jan-2004 16:34,200103,MANCHESTER,GERMANY,MUNICH,LUFTHANSA,A,S, 62 , 0 , 75.8064516129032 , 17.741935483871 , 3.2258064516129 , 3.2258064516129 , 0 , 0 , 11.0806451612903 , 1 , 82 , 95.1219512195122 , 3.51219512195122 
08-Jan-2004 16:34,200103,MANCHESTER,GERMANY,MUNICH,LUFTHANSA,D,S, 62 , 0 , 83.8709677419355 , 3.2258064516129 , 1.61290322580645 , 9.67741935483871 , 1.61290322580645 , 0 , 15.7903225806452 , 1 , 82 , 80.4878048780488 , 8.67073170731707 
08-Jan-2004 16:34,200103,MANCHESTER,GERMANY,MUNICH,LUFTHANSA CITY LINE,A,S, 25 , 0 , 92 , 4 , 0 , 4 , 0 , 0 , 5.48 , 0 , 6 , 100 , 0 
08-Jan-2004 16:34,200103,MANCHESTER,GERMANY,MUNICH,LUFTHANSA CITY LINE,D,S, 25 , 0 , 80 , 16 , 0 , 4 , 0 , 0 , 9.6 , 0 , 6 , 83.3333333333333 , 13 
08-Jan-2004 16:34,200103,MANCHESTER,GERMANY,STUTTGART,LUFTHANSA,A,S, 1 , 1 , 0 , 0 , 100 , 0 , 0 , 0 , 31 , 0 , 0 , 0 , 0 
08-Jan-2004 16:34,200103,MANCHESTER,GERMANY,STUTTGART,LUFTHANSA CITY LINE,A,S, 25 , 0 , 88 , 4 , 4 , 4 , 0 , 0 , 8.88 , 0 , 31 , 90.3225806451613 , 4.32258064516129 
08-Jan-2004 16:34,200103,MANCHESTER,GERMANY,STUTTGART,LUFTHANSA CITY LINE,D,S, 25 , 0 , 80 , 8 , 8 , 4 , 0 , 0 , 12.32 , 0 , 31 , 100 , 1.61290322580645 
08-Jan-2004 16:34,200103,MANCHESTER,GREECE,ATHENS,AIR 2000,A,C, 2 , 0 , 50 , 0 , 0 , 50 , 0 , 0 , 50 , 0 , 0 , 0 , 0 
08-Jan-2004 16:34,200103,MANCHESTER,GREECE,ATHENS,AIR 2000,D,C, 2 , 0 , 100 , 0 , 0 , 0 , 0 , 0 , 1.5 , 0 , 0 , 0 , 0 
08-Jan-2004 16:34,200103,MANCHESTER,GREECE,ATHENS,ISLANDSFLUG,A,C, 1 , 0 , 0 , 0 , 0 , 100 , 0 , 0 , 117 , 0 , 0 , 0 , 0 
08-Jan-2004 16:34,200103,MANCHESTER,GREECE,ATHENS,ISLANDSFLUG,D,C, 1 , 0 , 100 , 0 , 0 , 0 , 0 , 0 , 0 , 0 , 0 , 0 , 0 
08-Jan-2004 16:34,200103,MANCHESTER,GREECE,ATHENS,MONARCH AIRLINES,A,C, 1 , 0 , 100 , 0 , 0 , 0 , 0 , 0 , 0 , 0 , 0 , 0 , 0 
08-Jan-2004 16:34,200103,MANCHESTER,GREECE,ATHENS,MONARCH AIRLINES,D,C, 2 , 0 , 50 , 0 , 50 , 0 , 0 , 0 , 31 , 0 , 0 , 0 , 0 
08-Jan-2004 16:34,200103,MANCHESTER,GREECE,ATHENS,OLYMPIC AIRWAYS,A,S, 14 , 0 , 21.4285714285714 , 21.4285714285714 , 28.5714285714286 , 21.4285714285714 , 7.14285714285714 , 0 , 50.8571428571429 , 0 , 0 , 0 , 0 
08-Jan-2004 16:34,200103,MANCHESTER,GREECE,ATHENS,OLYMPIC AIRWAYS,D,S, 14 , 0 , 21.4285714285714 , 14.2857142857143 , 21.4285714285714 , 28.5714285714286 , 14.2857142857143 , 0 , 73.0714285714286 , 0 , 0 , 0 , 0 
08-Jan-2004 16:34,200103,MANCHESTER,HONG KONG,HONG KONG (CHEP LAP KOK),CATHAY PACIFIC AIRWAYS,A,S, 30 , 0 , 56.6666666666667 , 23.3333333333333 , 3.33333333333333 , 13.3333333333333 , 3.33333333333333 , 0 , 28.6666666666667 , 1 , 30 , 46.6666666666667 , 22.0333333333333 
08-Jan-2004 16:34,200103,MANCHESTER,HONG KONG,HONG KONG (CHEP LAP KOK),CATHAY PACIFIC AIRWAYS,D,S, 30 , 0 , 43.3333333333333 , 30 , 13.3333333333333 , 10 , 3.33333333333333 , 0 , 28.4666666666667 , 1 , 30 , 63.3333333333333 , 15.7 
08-Jan-2004 16:34,200103,MANCHESTER,ICELAND,KEFLAVIK,AIR 2000,A,C, 0 , 0 , 0 , 0 , 0 , 0 , 0 , 0 , 0 , 0 , 1 , 100 , 0 
08-Jan-2004 16:34,200103,MANCHESTER,ICELAND,KEFLAVIK,AIR 2000,D,C, 0 , 0 , 0 , 0 , 0 , 0 , 0 , 0 , 0 , 0 , 1 , 100 , 0 
08-Jan-2004 16:34,200103,MANCHESTER,ICELAND,KEFLAVIK,BRITANNIA AIRWAYS,A,C, 0 , 0 , 0 , 0 , 0 , 0 , 0 , 0 , 0 , 0 , 1 , 100 , 7 
08-Jan-2004 16:34,200103,MANCHESTER,ICELAND,KEFLAVIK,BRITANNIA AIRWAYS,D,C, 0 , 0 , 0 , 0 , 0 , 0 , 0 , 0 , 0 , 0 , 1 , 100 , 8 
08-Jan-2004 16:34,200103,MANCHESTER,INDIA,GOA,BRITANNIA AIRWAYS,A,C, 4 , 0 , 50 , 25 , 0 , 25 , 0 , 0 , 23.75 , 0 , 4 , 75 , 5 
08-Jan-2004 16:34,200103,MANCHESTER,INDIA,GOA,BRITANNIA AIRWAYS,D,C, 5 , 0 , 100 , 0 , 0 , 0 , 0 , 0 , 5.8 , 0 , 3 , 66.6666666666667 , 21.3333333333333 
08-Jan-2004 16:34,200103,MANCHESTER,INDIA,GOA,MONARCH AIRLINES,A,C, 14 , 0 , 42.8571428571429 , 7.14285714285714 , 0 , 50 , 0 , 0 , 53.2857142857143 , 0 , 5 , 60 , 17.6 
08-Jan-2004 16:34,200103,MANCHESTER,INDIA,GOA,MONARCH AIRLINES,D,C, 15 , 0 , 66.6666666666667 , 26.6666666666667 , 0 , 6.66666666666667 , 0 , 0 , 14.1333333333333 , 0 , 5 , 20 , 50 
08-Jan-2004 16:34,200103,MANCHESTER,INDIA,GOA,MY TRAVEL AIRWAYS UK,A,C, 0 , 0 , 0 , 0 , 0 , 0 , 0 , 0 , 0 , 0 , 4 , 50 , 29 
08-Jan-2004 16:34,200103,MANCHESTER,INDIA,GOA,MY TRAVEL AIRWAYS UK,D,C, 0 , 0 , 0 , 0 , 0 , 0 , 0 , 0 , 0 , 0 , 5 , 80 , 39.6 
08-Jan-2004 16:34,200103,MANCHESTER,INDIA,GOA,THOMAS COOK AIRLINES LTD,A,C, 0 , 0 , 0 , 0 , 0 , 0 , 0 , 0 , 0 , 0 , 9 , 55.5555555555556 , 43.6666666666667 
08-Jan-2004 16:34,200103,MANCHESTER,INDIA,GOA,THOMAS COOK AIRLINES LTD,D,C, 0 , 0 , 0 , 0 , 0 , 0 , 0 , 0 , 0 , 0 , 8 , 100 , 0 
08-Jan-2004 16:34,200103,MANCHESTER,IRISH REPUBLIC,CONNAUGHT,BRITISH REGIONAL AIRLINES LTD,A,S, 17 , 1 , 100 , 0 , 0 , 0 , 0 , 0 , 0.588235294117647 , 1 , 18 , 88.8888888888889 , 14.5555555555556 
08-Jan-2004 16:34,200103,MANCHESTER,IRISH REPUBLIC,CONNAUGHT,BRITISH REGIONAL AIRLINES LTD,D,S, 18 , 0 , 88.8888888888889 , 11.1111111111111 , 0 , 0 , 0 , 0 , 3.66666666666667 , 0 , 18 , 94.4444444444444 , 2.94444444444444 
08-Jan-2004 16:34,200103,MANCHESTER,IRISH REPUBLIC,CORK,BRITISH REGIONAL AIRLINES LTD,A,S, 67 , 0 , 91.044776119403 , 5.97014925373134 , 2.98507462686567 , 0 , 0 , 0 , 3.01492537313433 , 1 , 77 , 88.3116883116883 , 8.07792207792208 
08-Jan-2004 16:34,200103,MANCHESTER,IRISH REPUBLIC,CORK,BRITISH REGIONAL AIRLINES LTD,D,S, 69 , 0 , 86.9565217391304 , 8.69565217391304 , 2.89855072463768 , 1.44927536231884 , 0 , 0 , 6.36231884057971 , 1 , 77 , 84.4155844155844 , 9.67532467532468 
08-Jan-2004 16:34,200103,MANCHESTER,IRISH REPUBLIC,DUBLIN,AER LINGUS,A,S, 162 , 1 , 85.8024691358025 , 5.55555555555556 , 5.55555555555556 , 3.08641975308642 , 0 , 0 , 7.15432098765432 , 1 , 178 , 94.3820224719101 , 3.45505617977528 
08-Jan-2004 16:34,200103,MANCHESTER,IRISH REPUBLIC,DUBLIN,AER LINGUS,D,S, 162 , 0 , 85.8024691358025 , 5.55555555555556 , 6.17283950617284 , 2.46913580246914 , 0 , 0 , 8.11111111111111 , 4 , 181 , 89.5027624309392 , 4.82872928176796 
08-Jan-2004 16:34,200103,MANCHESTER,IRISH REPUBLIC,DUBLIN,BRITISH REGIONAL AIRLINES LTD,A,S, 0 , 1 , 0 , 0 , 0 , 0 , 0 , 0 , 0 , 0 , 0 , 0 , 0 
08-Jan-2004 16:34,200103,MANCHESTER,IRISH REPUBLIC,DUBLIN,BRITISH WORLD AIRLINES LTD,A,C, 0 , 0 , 0 , 0 , 0 , 0 , 0 , 0 , 0 , 0 , 2 , 0 , 24 
08-Jan-2004 16:34,200103,MANCHESTER,IRISH REPUBLIC,DUBLIN,BRITISH WORLD AIRLINES LTD,D,C, 0 , 0 , 0 , 0 , 0 , 0 , 0 , 0 , 0 , 0 , 2 , 100 , 1.5 
08-Jan-2004 16:34,200103,MANCHESTER,IRISH REPUBLIC,DUBLIN,LUXAIR,A,S, 5 , 0 , 100 , 0 , 0 , 0 , 0 , 0 , 0 , 1 , 23 , 100 , 1.30434782608696 
08-Jan-2004 16:34,200103,MANCHESTER,IRISH REPUBLIC,DUBLIN,LUXAIR,D,S, 5 , 0 , 60 , 20 , 20 , 0 , 0 , 0 , 18.2 , 1 , 23 , 86.9565217391304 , 12.304347826087 
08-Jan-2004 16:34,200103,MANCHESTER,IRISH REPUBLIC,DUBLIN,RYANAIR,A,S, 147 , 0 , 87.7551020408163 , 8.16326530612245 , 4.08163265306122 , 0 , 0 , 0 , 4.35374149659864 , 7 , 127 , 78.740157480315 , 8.98425196850394 
08-Jan-2004 16:34,200103,MANCHESTER,IRISH REPUBLIC,DUBLIN,RYANAIR,D,S, 147 , 0 , 84.3537414965986 , 6.80272108843537 , 6.12244897959184 , 1.36054421768707 , 1.36054421768707 , 0 , 9.43537414965986 , 6 , 127 , 81.8897637795276 , 8.96062992125984 
08-Jan-2004 16:34,200103,MANCHESTER,IRISH REPUBLIC,SHANNON,BRITISH REGIONAL AIRLINES LTD,A,S, 53 , 0 , 83.0188679245283 , 7.54716981132075 , 5.66037735849057 , 3.77358490566038 , 0 , 0 , 9.07547169811321 , 2 , 54 , 79.6296296296296 , 8.62962962962963 
08-Jan-2004 16:34,200103,MANCHESTER,IRISH REPUBLIC,SHANNON,BRITISH REGIONAL AIRLINES LTD,D,S, 51 , 0 , 86.2745098039216 , 7.84313725490196 , 1.96078431372549 , 3.92156862745098 , 0 , 0 , 10.1960784313725 , 2 , 54 , 79.6296296296296 , 10.9259259259259 
08-Jan-2004 16:34,200103,MANCHESTER,IRISH REPUBLIC,SHANNON,MY TRAVEL AIRWAYS UK,A,C, 1 , 0 , 100 , 0 , 0 , 0 , 0 , 0 , 0 , 0 , 0 , 0 , 0 
08-Jan-2004 16:34,200103,MANCHESTER,IRISH REPUBLIC,SHANNON,MY TRAVEL AIRWAYS UK,D,C, 1 , 0 , 100 , 0 , 0 , 0 , 0 , 0 , 0 , 0 , 0 , 0 , 0 
08-Jan-2004 16:34,200103,MANCHESTER,ISRAEL,OVDA,BRITANNIA AIRWAYS,A,C, 4 , 0 , 75 , 0 , 0 , 25 , 0 , 0 , 19.5 , 0 , 4 , 100 , 8 
08-Jan-2004 16:34,200103,MANCHESTER,ISRAEL,OVDA,BRITANNIA AIRWAYS,D,C, 4 , 0 , 100 , 0 , 0 , 0 , 0 , 0 , 5 , 0 , 4 , 50 , 9.5 
08-Jan-2004 16:34,200103,MANCHESTER,ISRAEL,OVDA,VIRGIN ATLANTIC AIRWAYS LTD,A,C, 4 , 0 , 100 , 0 , 0 , 0 , 0 , 0 , 0 , 0 , 0 , 0 , 0 
08-Jan-2004 16:34,200103,MANCHESTER,ISRAEL,OVDA,VIRGIN ATLANTIC AIRWAYS LTD,D,C, 4 , 0 , 100 , 0 , 0 , 0 , 0 , 0 , 5.5 , 0 , 0 , 0 , 0 
08-Jan-2004 16:34,200103,MANCHESTER,ISRAEL,TEL AVIV,EL AL,A,S, 3 , 0 , 33.3333333333333 , 66.6666666666667 , 0 , 0 , 0 , 0 , 12.3333333333333 , 0 , 10 , 50 , 15.4 
08-Jan-2004 16:34,200103,MANCHESTER,ISRAEL,TEL AVIV,EL AL,D,S, 3 , 0 , 33.3333333333333 , 33.3333333333333 , 33.3333333333333 , 0 , 0 , 0 , 23.6666666666667 , 0 , 9 , 55.5555555555556 , 16 
08-Jan-2004 16:34,200103,MANCHESTER,ITALY,BERGAMO,BRITANNIA AIRWAYS,A,C, 3 , 0 , 0 , 66.6666666666667 , 33.3333333333333 , 0 , 0 , 0 , 24.3333333333333 , 0 , 3 , 0 , 107.666666666667 
08-Jan-2004 16:34,200103,MANCHESTER,ITALY,BERGAMO,BRITANNIA AIRWAYS,D,C, 2 , 0 , 50 , 50 , 0 , 0 , 0 , 0 , 12.5 , 0 , 3 , 66.6666666666667 , 10.3333333333333 
08-Jan-2004 16:34,200103,MANCHESTER,ITALY,BERGAMO,MONARCH AIRLINES,A,C, 5 , 0 , 0 , 60 , 40 , 0 , 0 , 0 , 30.4 , 0 , 4 , 25 , 101.5 
08-Jan-2004 16:34,200103,MANCHESTER,ITALY,BERGAMO,MONARCH AIRLINES,D,C, 5 , 0 , 40 , 60 , 0 , 0 , 0 , 0 , 17.8 , 0 , 4 , 75 , 21.75 
08-Jan-2004 16:34,200103,MANCHESTER,ITALY,BOLOGNA,BLUE PANORAMA,A,C, 0 , 0 , 0 , 0 , 0 , 0 , 0 , 0 , 0 , 0 , 1 , 0 , 55 
08-Jan-2004 16:34,200103,MANCHESTER,ITALY,CAGLIARI (ELMAS),SWISS AIRLINES,A,C, 0 , 0 , 0 , 0 , 0 , 0 , 0 , 0 , 0 , 0 , 1 , 100 , 0 
08-Jan-2004 16:34,200103,MANCHESTER,ITALY,CAGLIARI (ELMAS),SWISS AIRLINES,D,C, 0 , 0 , 0 , 0 , 0 , 0 , 0 , 0 , 0 , 0 , 1 , 0 , 25 
08-Jan-2004 16:34,200103,MANCHESTER,ITALY,MILAN (MALPENSA),BRITISH AIRWAYS PLC,A,S, 78 , 0 , 60.2564102564103 , 23.0769230769231 , 10.2564102564103 , 6.41025641025641 , 0 , 0 , 16.5512820512821 , 0 , 79 , 60.7594936708861 , 19.8227848101266 
08-Jan-2004 16:34,200103,MANCHESTER,ITALY,MILAN (MALPENSA),BRITISH AIRWAYS PLC,D,S, 77 , 0 , 71.4285714285714 , 15.5844155844156 , 6.49350649350649 , 6.49350649350649 , 0 , 0 , 13.4415584415584 , 0 , 80 , 67.5 , 14.775 
08-Jan-2004 16:34,200103,MANCHESTER,ITALY,NAPLES,BRITANNIA AIRWAYS,A,C, 4 , 0 , 75 , 25 , 0 , 0 , 0 , 0 , 12.75 , 0 , 5 , 20 , 66.4 
08-Jan-2004 16:34,200103,MANCHESTER,ITALY,NAPLES,BRITANNIA AIRWAYS,D,C, 5 , 0 , 100 , 0 , 0 , 0 , 0 , 0 , 1.4 , 0 , 5 , 100 , 4.6 
08-Jan-2004 16:34,200103,MANCHESTER,ITALY,NAPLES,MONARCH AIRLINES,D,C, 1 , 0 , 0 , 100 , 0 , 0 , 0 , 0 , 20 , 0 , 0 , 0 , 0 
08-Jan-2004 16:34,200103,MANCHESTER,ITALY,NAPLES,MY TRAVEL AIRWAYS UK,A,C, 4 , 0 , 100 , 0 , 0 , 0 , 0 , 0 , 2.5 , 0 , 3 , 33.3333333333333 , 32.3333333333333 
08-Jan-2004 16:34,200103,MANCHESTER,ITALY,NAPLES,MY TRAVEL AIRWAYS UK,D,C, 4 , 0 , 50 , 0 , 50 , 0 , 0 , 0 , 21.5 , 0 , 5 , 60 , 15.2 
08-Jan-2004 16:34,200103,MANCHESTER,ITALY,PISA,VOLARE AIRLINES,A,C, 0 , 0 , 0 , 0 , 0 , 0 , 0 , 0 , 0 , 0 , 2 , 50 , 10 
08-Jan-2004 16:34,200103,MANCHESTER,ITALY,PISA,VOLARE AIRLINES,D,C, 0 , 0 , 0 , 0 , 0 , 0 , 0 , 0 , 0 , 0 , 2 , 50 , 23.5 
08-Jan-2004 16:34,200103,MANCHESTER,ITALY,ROME (CIAMPINO),BRITANNIA AIRWAYS,A,C, 0 , 0 , 0 , 0 , 0 , 0 , 0 , 0 , 0 , 0 , 1 , 0 , 18 
08-Jan-2004 16:34,200103,MANCHESTER,ITALY,ROME (CIAMPINO),BRITANNIA AIRWAYS,D,C, 0 , 0 , 0 , 0 , 0 , 0 , 0 , 0 , 0 , 0 , 1 , 100 , 4 
08-Jan-2004 16:34,200103,MANCHESTER,ITALY,ROME (CIAMPINO),MONARCH AIRLINES,A,C, 0 , 0 , 0 , 0 , 0 , 0 , 0 , 0 , 0 , 0 , 1 , 0 , 38 
08-Jan-2004 16:34,200103,MANCHESTER,ITALY,ROME (CIAMPINO),MONARCH AIRLINES,D,C, 0 , 0 , 0 , 0 , 0 , 0 , 0 , 0 , 0 , 0 , 1 , 100 , 2 
08-Jan-2004 16:34,200103,MANCHESTER,ITALY,ROME (CIAMPINO),THOMAS COOK AIRLINES LTD,D,C, 0 , 0 , 0 , 0 , 0 , 0 , 0 , 0 , 0 , 0 , 1 , 100 , 0 
08-Jan-2004 16:34,200103,MANCHESTER,ITALY,ROME (FIUMICINO),AER ATLANTIC,A,C, 1 , 0 , 0 , 0 , 0 , 100 , 0 , 0 , 65 , 0 , 0 , 0 , 0 
08-Jan-2004 16:34,200103,MANCHESTER,ITALY,ROME (FIUMICINO),BLUE PANORAMA,D,C, 1 , 0 , 0 , 0 , 0 , 100 , 0 , 0 , 100 , 0 , 0 , 0 , 0 
08-Jan-2004 16:34,200103,MANCHESTER,ITALY,ROME (FIUMICINO),BRITISH AIRWAYS PLC,A,S, 20 , 0 , 60 , 25 , 5 , 10 , 0 , 0 , 19.2 , 0 , 20 , 80 , 14.65 
08-Jan-2004 16:34,200103,MANCHESTER,ITALY,ROME (FIUMICINO),BRITISH AIRWAYS PLC,D,S, 20 , 0 , 70 , 15 , 10 , 5 , 0 , 0 , 14.85 , 0 , 20 , 50 , 27.9 
08-Jan-2004 16:34,200103,MANCHESTER,ITALY,ROME (FIUMICINO),LUXAIR,D,C, 1 , 0 , 0 , 100 , 0 , 0 , 0 , 0 , 18 , 0 , 0 , 0 , 0 
08-Jan-2004 16:34,200103,MANCHESTER,ITALY,TURIN,AIR 2000,A,C, 8 , 0 , 25 , 12.5 , 25 , 37.5 , 0 , 0 , 63.25 , 0 , 9 , 88.8888888888889 , 5.11111111111111 
08-Jan-2004 16:34,200103,MANCHESTER,ITALY,TURIN,AIR 2000,D,C, 8 , 0 , 50 , 0 , 0 , 50 , 0 , 0 , 62.125 , 0 , 12 , 91.6666666666667 , 7.08333333333333 
08-Jan-2004 16:34,200103,MANCHESTER,ITALY,TURIN,BRITANNIA AIRWAYS,A,C, 4 , 0 , 25 , 50 , 25 , 0 , 0 , 0 , 22 , 0 , 4 , 25 , 65.75 
08-Jan-2004 16:34,200103,MANCHESTER,ITALY,TURIN,BRITANNIA AIRWAYS,D,C, 4 , 0 , 50 , 50 , 0 , 0 , 0 , 0 , 13.25 , 0 , 4 , 50 , 20.25 
08-Jan-2004 16:34,200103,MANCHESTER,ITALY,TURIN,BRITISH AIRWAYS PLC,A,C, 6 , 0 , 0 , 50 , 33.3333333333333 , 16.6666666666667 , 0 , 0 , 44.5 , 0 , 0 , 0 , 0 
08-Jan-2004 16:34,200103,MANCHESTER,ITALY,TURIN,BRITISH AIRWAYS PLC,D,C, 6 , 0 , 50 , 50 , 0 , 0 , 0 , 0 , 17.6666666666667 , 0 , 0 , 0 , 0 
08-Jan-2004 16:34,200103,MANCHESTER,ITALY,TURIN,CALEDONIAN AIRWAYS,A,C, 0 , 0 , 0 , 0 , 0 , 0 , 0 , 0 , 0 , 0 , 7 , 57.1428571428571 , 34.4285714285714 
08-Jan-2004 16:34,200103,MANCHESTER,ITALY,TURIN,CALEDONIAN AIRWAYS,D,C, 0 , 0 , 0 , 0 , 0 , 0 , 0 , 0 , 0 , 0 , 7 , 71.4285714285714 , 35.7142857142857 
08-Jan-2004 16:34,200103,MANCHESTER,ITALY,TURIN,THOMAS COOK AIRLINES LTD,A,C, 4 , 0 , 100 , 0 , 0 , 0 , 0 , 0 , 4.25 , 0 , 0 , 0 , 0 
08-Jan-2004 16:34,200103,MANCHESTER,ITALY,TURIN,THOMAS COOK AIRLINES LTD,D,C, 4 , 0 , 100 , 0 , 0 , 0 , 0 , 0 , 0.75 , 0 , 0 , 0 , 0 
08-Jan-2004 16:34,200103,MANCHESTER,ITALY,VERONA,AIR 2000,A,C, 4 , 0 , 50 , 0 , 0 , 50 , 0 , 0 , 50 , 0 , 3 , 33.3333333333333 , 20.3333333333333 
08-Jan-2004 16:34,200103,MANCHESTER,ITALY,VERONA,AIR 2000,D,C, 4 , 0 , 50 , 0 , 25 , 25 , 0 , 0 , 43 , 0 , 3 , 33.3333333333333 , 21.3333333333333 
08-Jan-2004 16:34,200103,MANCHESTER,JAMAICA,MONTEGO BAY,MONARCH AIRLINES,A,C, 0 , 0 , 0 , 0 , 0 , 0 , 0 , 0 , 0 , 0 , 4 , 75 , 22.75 
08-Jan-2004 16:34,200103,MANCHESTER,JAMAICA,MONTEGO BAY,MONARCH AIRLINES,D,C, 0 , 0 , 0 , 0 , 0 , 0 , 0 , 0 , 0 , 0 , 4 , 50 , 36.75 
08-Jan-2004 16:34,200103,MANCHESTER,JAMAICA,MONTEGO BAY,MY TRAVEL AIRWAYS UK,A,C, 8 , 0 , 37.5 , 12.5 , 12.5 , 12.5 , 25 , 0 , 71.125 , 0 , 6 , 16.6666666666667 , 110.666666666667 
08-Jan-2004 16:34,200103,MANCHESTER,JAMAICA,MONTEGO BAY,MY TRAVEL AIRWAYS UK,D,C, 8 , 0 , 0 , 37.5 , 12.5 , 37.5 , 12.5 , 0 , 84.25 , 0 , 6 , 0 , 113.166666666667 
08-Jan-2004 16:34,200103,MANCHESTER,JORDAN,AMMAN,ROYAL JORDANIAN,A,C, 3 , 0 , 0 , 0 , 66.6666666666667 , 0 , 0 , 33.3333333333333 , 184.666666666667 , 0 , 4 , 0 , 236 
08-Jan-2004 16:34,200103,MANCHESTER,JORDAN,AMMAN,ROYAL JORDANIAN,D,C, 0 , 0 , 0 , 0 , 0 , 0 , 0 , 0 , 0 , 0 , 1 , 0 , 46 
08-Jan-2004 16:34,200103,MANCHESTER,JORDAN,AQABA,AIR 2000,A,C, 1 , 0 , 0 , 0 , 0 , 100 , 0 , 0 , 67 , 0 , 0 , 0 , 0 
08-Jan-2004 16:34,200103,MANCHESTER,JORDAN,AQABA,AIR 2000,D,C, 1 , 0 , 100 , 0 , 0 , 0 , 0 , 0 , 0 , 0 , 0 , 0 , 0 
08-Jan-2004 16:34,200103,MANCHESTER,KENYA,MOMBASA,BRITANNIA AIRWAYS,A,C, 4 , 0 , 100 , 0 , 0 , 0 , 0 , 0 , 0.25 , 0 , 4 , 100 , 0 
08-Jan-2004 16:34,200103,MANCHESTER,KENYA,MOMBASA,BRITANNIA AIRWAYS,D,C, 4 , 0 , 75 , 25 , 0 , 0 , 0 , 0 , 6.25 , 0 , 4 , 100 , 0 
08-Jan-2004 16:34,200103,MANCHESTER,KENYA,MOMBASA,MONARCH AIRLINES,A,C, 4 , 0 , 0 , 0 , 50 , 50 , 0 , 0 , 53.25 , 0 , 4 , 50 , 52.5 
08-Jan-2004 16:34,200103,MANCHESTER,KENYA,MOMBASA,MONARCH AIRLINES,D,C, 4 , 0 , 75 , 0 , 0 , 25 , 0 , 0 , 26 , 0 , 4 , 100 , 0 
08-Jan-2004 16:34,200103,MANCHESTER,KENYA,NAIROBI,MONARCH AIRLINES,A,C, 0 , 3 , 0 , 0 , 0 , 0 , 0 , 0 , 0 , 0 , 0 , 0 , 0 
08-Jan-2004 16:34,200103,MANCHESTER,KENYA,NAIROBI,MONARCH AIRLINES,D,C, 0 , 5 , 0 , 0 , 0 , 0 , 0 , 0 , 0 , 0 , 0 , 0 , 0 
08-Jan-2004 16:34,200103,MANCHESTER,LUXEMBOURG,LUXEMBOURG,LUXAIR,A,S, 23 , 1 , 73.9130434782609 , 8.69565217391304 , 8.69565217391304 , 8.69565217391304 , 0 , 0 , 14.6086956521739 , 0 , 23 , 60.8695652173913 , 19.7826086956522 
08-Jan-2004 16:34,200103,MANCHESTER,LUXEMBOURG,LUXEMBOURG,LUXAIR,D,S, 23 , 0 , 95.6521739130435 , 4.34782608695652 , 0 , 0 , 0 , 0 , 1.52173913043478 , 0 , 23 , 100 , 1.8695652173913 
08-Jan-2004 16:34,200103,MANCHESTER,MALAYSIA,KUALA LUMPUR (SEPANG),MALAYSIAN AIRLINES SYSTEM-MAS,A,S, 13 , 0 , 61.5384615384615 , 30.7692307692308 , 7.69230769230769 , 0 , 0 , 0 , 12.6153846153846 , 0 , 12 , 50 , 33.4166666666667 
08-Jan-2004 16:34,200103,MANCHESTER,MALAYSIA,KUALA LUMPUR (SEPANG),MALAYSIAN AIRLINES SYSTEM-MAS,D,S, 13 , 0 , 76.9230769230769 , 15.3846153846154 , 7.69230769230769 , 0 , 0 , 0 , 13.0769230769231 , 0 , 12 , 25 , 37.1666666666667 
08-Jan-2004 16:34,200103,MANCHESTER,MALDIVE ISLANDS,MALE INTERNATIONAL,MY TRAVEL AIRWAYS UK,A,C, 4 , 0 , 25 , 50 , 0 , 25 , 0 , 0 , 44.25 , 0 , 3 , 33.3333333333333 , 23.3333333333333 
08-Jan-2004 16:34,200103,MANCHESTER,MALDIVE ISLANDS,MALE INTERNATIONAL,MY TRAVEL AIRWAYS UK,D,C, 4 , 0 , 75 , 0 , 0 , 0 , 25 , 0 , 51.25 , 0 , 4 , 75 , 15 
08-Jan-2004 16:34,200103,MANCHESTER,MALTA,MALTA,AIR 2000,A,C, 4 , 0 , 75 , 25 , 0 , 0 , 0 , 0 , 14 , 0 , 5 , 80 , 30.6 
08-Jan-2004 16:34,200103,MANCHESTER,MALTA,MALTA,AIR 2000,D,C, 4 , 0 , 100 , 0 , 0 , 0 , 0 , 0 , 9 , 0 , 4 , 75 , 40.75 
08-Jan-2004 16:34,200103,MANCHESTER,MALTA,MALTA,AIR MALTA,A,C, 14 , 0 , 92.8571428571429 , 0 , 0 , 7.14285714285714 , 0 , 0 , 7.64285714285714 , 0 , 14 , 92.8571428571429 , 5.07142857142857 
08-Jan-2004 16:34,200103,MANCHESTER,MALTA,MALTA,AIR MALTA,A,S, 18 , 0 , 88.8888888888889 , 0 , 5.55555555555556 , 0 , 5.55555555555556 , 0 , 17.5555555555556 , 0 , 15 , 86.6666666666667 , 7.06666666666667 
08-Jan-2004 16:34,200103,MANCHESTER,MALTA,MALTA,AIR MALTA,D,C, 9 , 0 , 66.6666666666667 , 22.2222222222222 , 0 , 11.1111111111111 , 0 , 0 , 16.5555555555556 , 0 , 13 , 84.6153846153846 , 8 
08-Jan-2004 16:34,200103,MANCHESTER,MALTA,MALTA,AIR MALTA,D,S, 23 , 0 , 56.5217391304348 , 26.0869565217391 , 8.69565217391304 , 4.34782608695652 , 4.34782608695652 , 0 , 26.6086956521739 , 0 , 16 , 81.25 , 12.4375 
08-Jan-2004 16:34,200103,MANCHESTER,MALTA,MALTA,BRITANNIA AIRWAYS,A,C, 4 , 0 , 75 , 25 , 0 , 0 , 0 , 0 , 9.75 , 0 , 9 , 55.5555555555556 , 13.2222222222222 
08-Jan-2004 16:34,200103,MANCHESTER,MALTA,MALTA,BRITANNIA AIRWAYS,D,C, 4 , 0 , 100 , 0 , 0 , 0 , 0 , 0 , 7 , 0 , 9 , 88.8888888888889 , 4.77777777777778 
08-Jan-2004 16:34,200103,MANCHESTER,MALTA,MALTA,EXCEL AIRWAYS LTD,A,S, 5 , 0 , 40 , 20 , 40 , 0 , 0 , 0 , 23.8 , 0 , 0 , 0 , 0 
08-Jan-2004 16:34,200103,MANCHESTER,MALTA,MALTA,EXCEL AIRWAYS LTD,D,S, 5 , 0 , 20 , 0 , 40 , 40 , 0 , 0 , 41.8 , 0 , 0 , 0 , 0 
08-Jan-2004 16:34,200103,MANCHESTER,MALTA,MALTA,MY TRAVEL AIRWAYS UK,A,C, 4 , 0 , 75 , 0 , 0 , 0 , 25 , 0 , 56 , 0 , 5 , 60 , 295 
08-Jan-2004 16:34,200103,MANCHESTER,MALTA,MALTA,MY TRAVEL AIRWAYS UK,D,C, 4 , 0 , 75 , 0 , 0 , 0 , 25 , 0 , 55.25 , 0 , 4 , 100 , 0 
08-Jan-2004 16:34,200103,MANCHESTER,MALTA,MALTA,THOMAS COOK AIRLINES LTD,A,C, 4 , 0 , 50 , 25 , 0 , 25 , 0 , 0 , 25 , 0 , 9 , 66.6666666666667 , 24.5555555555556 
08-Jan-2004 16:34,200103,MANCHESTER,MALTA,MALTA,THOMAS COOK AIRLINES LTD,D,C, 4 , 0 , 75 , 0 , 25 , 0 , 0 , 0 , 11 , 0 , 9 , 77.7777777777778 , 20.4444444444444 
08-Jan-2004 16:34,200103,MANCHESTER,MAURITIUS,MAURITIUS,AIR MAURITIUS LTD,A,S, 4 , 0 , 75 , 25 , 0 , 0 , 0 , 0 , 5.5 , 0 , 4 , 100 , 0 
08-Jan-2004 16:34,200103,MANCHESTER,MAURITIUS,MAURITIUS,AIR MAURITIUS LTD,D,S, 4 , 0 , 0 , 50 , 50 , 0 , 0 , 0 , 34.25 , 0 , 4 , 75 , 7.75 
08-Jan-2004 16:34,200103,MANCHESTER,MEXICO,ACAPULCO,MY TRAVEL AIRWAYS UK,A,C, 5 , 0 , 40 , 60 , 0 , 0 , 0 , 0 , 11.2 , 0 , 0 , 0 , 0 
08-Jan-2004 16:34,200103,MANCHESTER,MEXICO,ACAPULCO,MY TRAVEL AIRWAYS UK,D,C, 5 , 0 , 100 , 0 , 0 , 0 , 0 , 0 , 4.2 , 0 , 0 , 0 , 0 
08-Jan-2004 16:34,200103,MANCHESTER,MEXICO,CANCUN,AIR 2000,A,C, 4 , 0 , 100 , 0 , 0 , 0 , 0 , 0 , 3 , 0 , 2 , 0 , 38.5 
08-Jan-2004 16:34,200103,MANCHESTER,MEXICO,CANCUN,AIR 2000,D,C, 4 , 0 , 75 , 25 , 0 , 0 , 0 , 0 , 11.75 , 0 , 2 , 50 , 23 
08-Jan-2004 16:34,200103,MANCHESTER,MEXICO,CANCUN,MY TRAVEL AIRWAYS UK,A,C, 3 , 0 , 33.3333333333333 , 0 , 0 , 66.6666666666667 , 0 , 0 , 56.6666666666667 , 0 , 4 , 75 , 39 
08-Jan-2004 16:34,200103,MANCHESTER,MEXICO,CANCUN,MY TRAVEL AIRWAYS UK,D,C, 4 , 0 , 0 , 75 , 25 , 0 , 0 , 0 , 30.25 , 0 , 4 , 75 , 25.5 
08-Jan-2004 16:34,200103,MANCHESTER,MEXICO,PUERTO VALLARTA,AIR 2000,A,C, 2 , 0 , 100 , 0 , 0 , 0 , 0 , 0 , 6 , 0 , 1 , 0 , 44 
08-Jan-2004 16:34,200103,MANCHESTER,MEXICO,PUERTO VALLARTA,AIR 2000,D,C, 2 , 0 , 0 , 50 , 50 , 0 , 0 , 0 , 24.5 , 0 , 1 , 0 , 31 
08-Jan-2004 16:34,200103,MANCHESTER,MOROCCO,AGADIR,AIR 2000,A,C, 4 , 0 , 50 , 25 , 0 , 25 , 0 , 0 , 26 , 0 , 0 , 0 , 0 
08-Jan-2004 16:34,200103,MANCHESTER,MOROCCO,AGADIR,AIR 2000,D,C, 4 , 0 , 0 , 25 , 50 , 25 , 0 , 0 , 38.5 , 0 , 0 , 0 , 0 
08-Jan-2004 16:34,200103,MANCHESTER,MOROCCO,AGADIR,MONARCH AIRLINES,A,C, 0 , 0 , 0 , 0 , 0 , 0 , 0 , 0 , 0 , 0 , 4 , 25 , 21.5 
08-Jan-2004 16:34,200103,MANCHESTER,MOROCCO,AGADIR,MONARCH AIRLINES,D,C, 0 , 0 , 0 , 0 , 0 , 0 , 0 , 0 , 0 , 0 , 4 , 50 , 16 
08-Jan-2004 16:34,200103,MANCHESTER,MOROCCO,AGADIR,MY TRAVEL AIRWAYS UK,A,C, 4 , 0 , 75 , 25 , 0 , 0 , 0 , 0 , 12.25 , 0 , 0 , 0 , 0 
08-Jan-2004 16:34,200103,MANCHESTER,MOROCCO,AGADIR,MY TRAVEL AIRWAYS UK,D,C, 4 , 0 , 100 , 0 , 0 , 0 , 0 , 0 , 3.25 , 0 , 0 , 0 , 0 
08-Jan-2004 16:34,200103,MANCHESTER,NETHERLANDS,AMSTERDAM,BRITISH AIRWAYS PLC,A,S, 118 , 0 , 82.2033898305085 , 6.77966101694915 , 7.6271186440678 , 3.38983050847458 , 0 , 0 , 10.6101694915254 , 1 , 133 , 75.187969924812 , 15.8646616541353 
08-Jan-2004 16:34,200103,MANCHESTER,NETHERLANDS,AMSTERDAM,BRITISH AIRWAYS PLC,D,S, 118 , 0 , 72.8813559322034 , 11.864406779661 , 11.864406779661 , 3.38983050847458 , 0 , 0 , 11.8983050847458 , 1 , 134 , 65.6716417910448 , 16.2238805970149 
08-Jan-2004 16:34,200103,MANCHESTER,NETHERLANDS,AMSTERDAM,KLM UK LTD,A,S, 244 , 0 , 78.2786885245902 , 10.2459016393443 , 5.73770491803279 , 5.32786885245902 , 0.409836065573771 , 0 , 10.9918032786885 , 4 , 252 , 78.5714285714286 , 12.0238095238095 
08-Jan-2004 16:34,200103,MANCHESTER,NETHERLANDS,AMSTERDAM,KLM UK LTD,D,S, 244 , 0 , 77.8688524590164 , 6.9672131147541 , 10.655737704918 , 4.50819672131148 , 0 , 0 , 13.077868852459 , 4 , 251 , 72.1115537848605 , 15.1872509960159 
08-Jan-2004 16:34,200103,MANCHESTER,NETHERLANDS,EINDHOVEN,B A S E BUSINESS AIRLINES,A,S, 59 , 1 , 71.1864406779661 , 15.2542372881356 , 10.1694915254237 , 3.38983050847458 , 0 , 0 , 12.2033898305085 , 4 , 43 , 62.7906976744186 , 12.1162790697674 
08-Jan-2004 16:34,200103,MANCHESTER,NETHERLANDS,EINDHOVEN,B A S E BUSINESS AIRLINES,D,S, 45 , 1 , 80 , 6.66666666666667 , 8.88888888888889 , 4.44444444444444 , 0 , 0 , 10.0444444444444 , 3 , 44 , 72.7272727272727 , 12.2045454545455 
08-Jan-2004 16:34,200103,MANCHESTER,NETHERLANDS,EINDHOVEN,NEWAIR AIR SERVICE,A,C, 0 , 0 , 0 , 0 , 0 , 0 , 0 , 0 , 0 , 0 , 1 , 100 , 11 
08-Jan-2004 16:34,200103,MANCHESTER,NETHERLANDS,ROTTERDAM,B A S E BUSINESS AIRLINES,A,S, 0 , 3 , 0 , 0 , 0 , 0 , 0 , 0 , 0 , 0 , 0 , 0 , 0 
08-Jan-2004 16:34,200103,MANCHESTER,NETHERLANDS,ROTTERDAM,B A S E BUSINESS AIRLINES,D,S, 0 , 1 , 0 , 0 , 0 , 0 , 0 , 0 , 0 , 0 , 0 , 0 , 0 
08-Jan-2004 16:34,200103,MANCHESTER,NETHERLANDS,ROTTERDAM,VLM (BELGIUM),A,S, 46 , 1 , 80.4347826086956 , 10.8695652173913 , 8.69565217391304 , 0 , 0 , 0 , 8.71739130434783 , 1 , 48 , 75 , 15.0833333333333 
08-Jan-2004 16:34,200103,MANCHESTER,NETHERLANDS,ROTTERDAM,VLM (BELGIUM),D,S, 46 , 1 , 84.7826086956522 , 13.0434782608696 , 2.17391304347826 , 0 , 0 , 0 , 5.67391304347826 , 1 , 48 , 85.4166666666667 , 11.2708333333333 
08-Jan-2004 16:34,200103,MANCHESTER,NORWAY,BERGEN,SYRIANAIR,A,C, 3 , 0 , 0 , 33.3333333333333 , 0 , 66.6666666666667 , 0 , 0 , 57.3333333333333 , 0 , 0 , 0 , 0 
08-Jan-2004 16:34,200103,MANCHESTER,NORWAY,OSLO (GARDERMOEN),BRITISH AIRWAYS PLC,A,S, 37 , 0 , 86.4864864864865 , 5.40540540540541 , 2.7027027027027 , 5.40540540540541 , 0 , 0 , 8.72972972972973 , 4 , 54 , 53.7037037037037 , 20.2037037037037 
08-Jan-2004 16:34,200103,MANCHESTER,NORWAY,OSLO (GARDERMOEN),BRITISH AIRWAYS PLC,D,S, 38 , 0 , 84.2105263157895 , 5.26315789473684 , 2.63157894736842 , 7.89473684210526 , 0 , 0 , 12.9473684210526 , 3 , 54 , 72.2222222222222 , 12.7407407407407 
08-Jan-2004 16:34,200103,MANCHESTER,NORWAY,OSLO (GARDERMOEN),BRITISH REGIONAL AIRLINES LTD,A,S, 12 , 2 , 83.3333333333333 , 8.33333333333333 , 0 , 8.33333333333333 , 0 , 0 , 11.8333333333333 , 0 , 0 , 0 , 0 
08-Jan-2004 16:34,200103,MANCHESTER,NORWAY,OSLO (GARDERMOEN),BRITISH REGIONAL AIRLINES LTD,D,S, 12 , 0 , 91.6666666666667 , 0 , 0 , 8.33333333333333 , 0 , 0 , 10.9166666666667 , 0 , 0 , 0 , 0 
08-Jan-2004 16:34,200103,MANCHESTER,NORWAY,OSLO (GARDERMOEN),SAS,A,S, 23 , 0 , 82.6086956521739 , 13.0434782608696 , 4.34782608695652 , 0 , 0 , 0 , 5 , 0 , 26 , 92.3076923076923 , 6.11538461538462 
08-Jan-2004 16:34,200103,MANCHESTER,NORWAY,OSLO (GARDERMOEN),SAS,D,S, 23 , 0 , 78.2608695652174 , 17.3913043478261 , 4.34782608695652 , 0 , 0 , 0 , 7.78260869565217 , 0 , 26 , 84.6153846153846 , 16.3076923076923 
08-Jan-2004 16:34,200103,MANCHESTER,PAKISTAN,ISLAMABAD,BRITISH AIRWAYS PLC,A,S, 0 , 0 , 0 , 0 , 0 , 0 , 0 , 0 , 0 , 0 , 11 , 45.4545454545455 , 40.8181818181818 
08-Jan-2004 16:34,200103,MANCHESTER,PAKISTAN,ISLAMABAD,BRITISH AIRWAYS PLC,D,S, 0 , 0 , 0 , 0 , 0 , 0 , 0 , 0 , 0 , 0 , 11 , 45.4545454545455 , 19.2727272727273 
08-Jan-2004 16:34,200103,MANCHESTER,PAKISTAN,ISLAMABAD,PAKISTAN INTL AIRLINES,A,S, 4 , 0 , 50 , 0 , 0 , 25 , 25 , 0 , 106.25 , 0 , 4 , 50 , 295.25 
08-Jan-2004 16:34,200103,MANCHESTER,PAKISTAN,ISLAMABAD,PAKISTAN INTL AIRLINES,D,S, 8 , 0 , 75 , 12.5 , 0 , 0 , 12.5 , 0 , 48.75 , 1 , 8 , 0 , 185.75 
08-Jan-2004 16:34,200103,MANCHESTER,PAKISTAN,KARACHI,PAKISTAN INTL AIRLINES,A,S, 26 , 0 , 46.1538461538462 , 11.5384615384615 , 23.0769230769231 , 11.5384615384615 , 7.69230769230769 , 0 , 37.4230769230769 , 1 , 12 , 50 , 56.0833333333333 
08-Jan-2004 16:34,200103,MANCHESTER,PAKISTAN,KARACHI,PAKISTAN INTL AIRLINES,D,S, 22 , 0 , 18.1818181818182 , 27.2727272727273 , 18.1818181818182 , 18.1818181818182 , 9.09090909090909 , 9.09090909090909 , 154.5 , 0 , 3 , 0 , 104.666666666667 
08-Jan-2004 16:34,200103,MANCHESTER,PAKISTAN,LAHORE,PAKISTAN INTL AIRLINES,A,S, 9 , 0 , 0 , 11.1111111111111 , 44.4444444444444 , 22.2222222222222 , 0 , 22.2222222222222 , 169.555555555556 , 0 , 4 , 0 , 228.75 
08-Jan-2004 16:34,200103,MANCHESTER,PAKISTAN,LAHORE,PAKISTAN INTL AIRLINES,D,S, 9 , 0 , 11.1111111111111 , 11.1111111111111 , 44.4444444444444 , 11.1111111111111 , 0 , 22.2222222222222 , 165.555555555556 , 0 , 9 , 0 , 205.444444444444 
08-Jan-2004 16:34,200103,MANCHESTER,POLAND,WARSAW,BRITISH AIRWAYS PLC,A,S, 26 , 0 , 100 , 0 , 0 , 0 , 0 , 0 , 0.538461538461538 , 0 , 26 , 57.6923076923077 , 15.4615384615385 
08-Jan-2004 16:34,200103,MANCHESTER,POLAND,WARSAW,BRITISH AIRWAYS PLC,D,S, 26 , 0 , 88.4615384615385 , 11.5384615384615 , 0 , 0 , 0 , 0 , 6.57692307692308 , 0 , 27 , 88.8888888888889 , 8.14814814814815 
08-Jan-2004 16:34,200103,MANCHESTER,PORTUGAL(EXCLUDING MADEIRA),FARO,AIR 2000,A,C, 8 , 0 , 50 , 50 , 0 , 0 , 0 , 0 , 14.375 , 0 , 9 , 66.6666666666667 , 13.2222222222222 
08-Jan-2004 16:34,200103,MANCHESTER,PORTUGAL(EXCLUDING MADEIRA),FARO,AIR 2000,A,S, 6 , 0 , 33.3333333333333 , 33.3333333333333 , 33.3333333333333 , 0 , 0 , 0 , 18.3333333333333 , 0 , 0 , 0 , 0 
08-Jan-2004 16:34,200103,MANCHESTER,PORTUGAL(EXCLUDING MADEIRA),FARO,AIR 2000,D,C, 8 , 0 , 62.5 , 25 , 12.5 , 0 , 0 , 0 , 14.5 , 0 , 10 , 50 , 24.3 
08-Jan-2004 16:34,200103,MANCHESTER,PORTUGAL(EXCLUDING MADEIRA),FARO,AIR 2000,D,S, 6 , 0 , 66.6666666666667 , 33.3333333333333 , 0 , 0 , 0 , 0 , 12.1666666666667 , 0 , 0 , 0 , 0 
08-Jan-2004 16:34,200103,MANCHESTER,PORTUGAL(EXCLUDING MADEIRA),FARO,AIR LUXOR,A,C, 5 , 0 , 0 , 40 , 40 , 20 , 0 , 0 , 35.6 , 0 , 0 , 0 , 0 
08-Jan-2004 16:34,200103,MANCHESTER,PORTUGAL(EXCLUDING MADEIRA),FARO,AIR LUXOR,D,C, 5 , 0 , 0 , 0 , 60 , 40 , 0 , 0 , 46.2 , 0 , 0 , 0 , 0 
08-Jan-2004 16:34,200103,MANCHESTER,PORTUGAL(EXCLUDING MADEIRA),FARO,BMI BRITISH MIDLAND,A,C, 1 , 0 , 0 , 0 , 100 , 0 , 0 , 0 , 34 , 0 , 3 , 100 , 6.33333333333333 
08-Jan-2004 16:34,200103,MANCHESTER,PORTUGAL(EXCLUDING MADEIRA),FARO,BMI BRITISH MIDLAND,D,C, 1 , 0 , 0 , 0 , 100 , 0 , 0 , 0 , 37 , 0 , 3 , 100 , 2.33333333333333 
08-Jan-2004 16:34,200103,MANCHESTER,PORTUGAL(EXCLUDING MADEIRA),FARO,BRITANNIA AIRWAYS,A,C, 5 , 0 , 100 , 0 , 0 , 0 , 0 , 0 , 3.6 , 0 , 6 , 33.3333333333333 , 30.6666666666667 
08-Jan-2004 16:34,200103,MANCHESTER,PORTUGAL(EXCLUDING MADEIRA),FARO,BRITANNIA AIRWAYS,D,C, 5 , 0 , 100 , 0 , 0 , 0 , 0 , 0 , 2.4 , 0 , 6 , 83.3333333333333 , 14 
08-Jan-2004 16:34,200103,MANCHESTER,PORTUGAL(EXCLUDING MADEIRA),FARO,MONARCH AIRLINES,A,C, 10 , 0 , 60 , 0 , 0 , 30 , 10 , 0 , 57 , 0 , 13 , 23.0769230769231 , 42.2307692307692 
08-Jan-2004 16:34,200103,MANCHESTER,PORTUGAL(EXCLUDING MADEIRA),FARO,MONARCH AIRLINES,D,C, 10 , 0 , 40 , 30 , 0 , 30 , 0 , 0 , 43.3 , 0 , 13 , 38.4615384615385 , 35.1538461538462 
08-Jan-2004 16:34,200103,MANCHESTER,PORTUGAL(EXCLUDING MADEIRA),FARO,MY TRAVEL AIRWAYS UK,A,C, 9 , 0 , 44.4444444444444 , 22.2222222222222 , 22.2222222222222 , 11.1111111111111 , 0 , 0 , 25.3333333333333 , 0 , 3 , 100 , 10.6666666666667 
08-Jan-2004 16:34,200103,MANCHESTER,PORTUGAL(EXCLUDING MADEIRA),FARO,MY TRAVEL AIRWAYS UK,D,C, 10 , 0 , 70 , 10 , 10 , 10 , 0 , 0 , 25.2 , 0 , 4 , 75 , 17.5 
08-Jan-2004 16:34,200103,MANCHESTER,PORTUGAL(EXCLUDING MADEIRA),FARO,PORTUGALIA,A,S, 4 , 0 , 75 , 25 , 0 , 0 , 0 , 0 , 6.75 , 1 , 4 , 25 , 21 
08-Jan-2004 16:34,200103,MANCHESTER,PORTUGAL(EXCLUDING MADEIRA),FARO,PORTUGALIA,D,S, 0 , 0 , 0 , 0 , 0 , 0 , 0 , 0 , 0 , 0 , 4 , 50 , 17 
08-Jan-2004 16:34,200103,MANCHESTER,PORTUGAL(EXCLUDING MADEIRA),FARO,THOMAS COOK AIRLINES LTD,A,C, 15 , 0 , 46.6666666666667 , 33.3333333333333 , 6.66666666666667 , 0 , 13.3333333333333 , 0 , 47.5333333333333 , 0 , 8 , 100 , 5.75 
08-Jan-2004 16:34,200103,MANCHESTER,PORTUGAL(EXCLUDING MADEIRA),FARO,THOMAS COOK AIRLINES LTD,D,C, 15 , 0 , 66.6666666666667 , 20 , 6.66666666666667 , 0 , 6.66666666666667 , 0 , 28.4 , 0 , 8 , 87.5 , 3.75 
08-Jan-2004 16:34,200103,MANCHESTER,PORTUGAL(EXCLUDING MADEIRA),FARO,VIRGIN ATLANTIC AIRWAYS LTD,A,C, 0 , 0 , 0 , 0 , 0 , 0 , 0 , 0 , 0 , 0 , 4 , 100 , 5.25 
08-Jan-2004 16:34,200103,MANCHESTER,PORTUGAL(EXCLUDING MADEIRA),FARO,VIRGIN ATLANTIC AIRWAYS LTD,D,C, 0 , 0 , 0 , 0 , 0 , 0 , 0 , 0 , 0 , 0 , 4 , 50 , 11.75 
08-Jan-2004 16:34,200103,MANCHESTER,PORTUGAL(EXCLUDING MADEIRA),LISBON,PORTUGALIA,A,S, 26 , 0 , 46.1538461538462 , 26.9230769230769 , 7.69230769230769 , 19.2307692307692 , 0 , 0 , 30.6153846153846 , 0 , 27 , 81.4814814814815 , 7.51851851851852 
08-Jan-2004 16:34,200103,MANCHESTER,PORTUGAL(EXCLUDING MADEIRA),LISBON,PORTUGALIA,D,S, 31 , 0 , 58.0645161290323 , 12.9032258064516 , 16.1290322580645 , 6.45161290322581 , 0 , 6.45161290322581 , 75.4838709677419 , 0 , 27 , 92.5925925925926 , 2.81481481481481 
08-Jan-2004 16:34,200103,MANCHESTER,PORTUGAL(MADEIRA),FUNCHAL,AIR 2000,A,C, 4 , 0 , 25 , 50 , 0 , 25 , 0 , 0 , 46.25 , 0 , 4 , 50 , 32.25 
08-Jan-2004 16:34,200103,MANCHESTER,PORTUGAL(MADEIRA),FUNCHAL,AIR 2000,D,C, 4 , 0 , 100 , 0 , 0 , 0 , 0 , 0 , 0.75 , 0 , 4 , 75 , 17 
08-Jan-2004 16:34,200103,MANCHESTER,PORTUGAL(MADEIRA),FUNCHAL,BRITANNIA AIRWAYS,A,C, 4 , 0 , 50 , 0 , 0 , 0 , 0 , 50 , 507.25 , 0 , 0 , 0 , 0 
08-Jan-2004 16:34,200103,MANCHESTER,PORTUGAL(MADEIRA),FUNCHAL,BRITANNIA AIRWAYS,D,C, 4 , 0 , 50 , 0 , 0 , 0 , 25 , 25 , 500 , 0 , 0 , 0 , 0 
08-Jan-2004 16:34,200103,MANCHESTER,PORTUGAL(MADEIRA),FUNCHAL,CALEDONIAN AIRWAYS,A,C, 0 , 0 , 0 , 0 , 0 , 0 , 0 , 0 , 0 , 0 , 4 , 75 , 16 
08-Jan-2004 16:34,200103,MANCHESTER,PORTUGAL(MADEIRA),FUNCHAL,CALEDONIAN AIRWAYS,D,C, 0 , 0 , 0 , 0 , 0 , 0 , 0 , 0 , 0 , 0 , 4 , 100 , 1.5 
08-Jan-2004 16:34,200103,MANCHESTER,PORTUGAL(MADEIRA),FUNCHAL,EXCEL AIRWAYS LTD,A,C, 4 , 0 , 100 , 0 , 0 , 0 , 0 , 0 , 1.5 , 0 , 0 , 0 , 0 
08-Jan-2004 16:34,200103,MANCHESTER,PORTUGAL(MADEIRA),FUNCHAL,EXCEL AIRWAYS LTD,D,C, 4 , 0 , 100 , 0 , 0 , 0 , 0 , 0 , 7.5 , 0 , 0 , 0 , 0 
08-Jan-2004 16:34,200103,MANCHESTER,PORTUGAL(MADEIRA),FUNCHAL,MY TRAVEL AIRWAYS UK,A,C, 4 , 0 , 75 , 0 , 0 , 25 , 0 , 0 , 40 , 0 , 5 , 40 , 16.6 
08-Jan-2004 16:34,200103,MANCHESTER,PORTUGAL(MADEIRA),FUNCHAL,MY TRAVEL AIRWAYS UK,D,C, 4 , 0 , 75 , 25 , 0 , 0 , 0 , 0 , 7.5 , 0 , 5 , 100 , 1.2 
08-Jan-2004 16:34,200103,MANCHESTER,PORTUGAL(MADEIRA),FUNCHAL,THOMAS COOK AIRLINES LTD,A,C, 4 , 0 , 50 , 0 , 0 , 0 , 25 , 25 , 440.25 , 0 , 0 , 0 , 0 
08-Jan-2004 16:34,200103,MANCHESTER,PORTUGAL(MADEIRA),FUNCHAL,THOMAS COOK AIRLINES LTD,D,C, 4 , 0 , 50 , 0 , 0 , 25 , 0 , 25 , 433 , 0 , 0 , 0 , 0 
08-Jan-2004 16:34,200103,MANCHESTER,PORTUGAL(MADEIRA),FUNCHAL,VIRGIN ATLANTIC AIRWAYS LTD,A,C, 0 , 0 , 0 , 0 , 0 , 0 , 0 , 0 , 0 , 0 , 4 , 75 , 12.25 
08-Jan-2004 16:34,200103,MANCHESTER,PORTUGAL(MADEIRA),FUNCHAL,VIRGIN ATLANTIC AIRWAYS LTD,D,C, 0 , 0 , 0 , 0 , 0 , 0 , 0 , 0 , 0 , 0 , 4 , 75 , 9.25 
08-Jan-2004 16:34,200103,MANCHESTER,SAUDI ARABIA,JEDDAH,SAUDI ARABIAN AIRLINES,A,C, 0 , 0 , 0 , 0 , 0 , 0 , 0 , 0 , 0 , 0 , 3 , 66.6666666666667 , 21 
08-Jan-2004 16:34,200103,MANCHESTER,SAUDI ARABIA,JEDDAH,SAUDI ARABIAN AIRLINES,D,C, 0 , 0 , 0 , 0 , 0 , 0 , 0 , 0 , 0 , 0 , 2 , 0 , 104 
08-Jan-2004 16:34,200103,MANCHESTER,SEYCHELLES,SEYCHELLES,MONARCH AIRLINES,D,C, 0 , 2 , 0 , 0 , 0 , 0 , 0 , 0 , 0 , 0 , 0 , 0 , 0 
08-Jan-2004 16:34,200103,MANCHESTER,SINGAPORE,SINGAPORE,SINGAPORE AIRLINES,A,S, 31 , 0 , 51.6129032258064 , 19.3548387096774 , 12.9032258064516 , 16.1290322580645 , 0 , 0 , 25.1612903225806 , 0 , 31 , 54.8387096774194 , 21.4516129032258 
08-Jan-2004 16:34,200103,MANCHESTER,SINGAPORE,SINGAPORE,SINGAPORE AIRLINES,D,S, 31 , 0 , 35.4838709677419 , 19.3548387096774 , 35.4838709677419 , 9.67741935483871 , 0 , 0 , 32.1290322580645 , 0 , 31 , 25.8064516129032 , 33.9354838709677 
08-Jan-2004 16:34,200103,MANCHESTER,SPAIN,ALICANTE,AIR 2000,A,C, 4 , 0 , 75 , 25 , 0 , 0 , 0 , 0 , 6 , 0 , 13 , 84.6153846153846 , 6.84615384615385 
08-Jan-2004 16:34,200103,MANCHESTER,SPAIN,ALICANTE,AIR 2000,A,S, 15 , 0 , 60 , 33.3333333333333 , 6.66666666666667 , 0 , 0 , 0 , 15.2 , 0 , 0 , 0 , 0 
08-Jan-2004 16:34,200103,MANCHESTER,SPAIN,ALICANTE,AIR 2000,D,C, 4 , 0 , 75 , 0 , 25 , 0 , 0 , 0 , 15.25 , 0 , 14 , 64.2857142857143 , 17.5 
08-Jan-2004 16:34,200103,MANCHESTER,SPAIN,ALICANTE,AIR 2000,D,S, 15 , 0 , 40 , 53.3333333333333 , 6.66666666666667 , 0 , 0 , 0 , 17 , 0 , 0 , 0 , 0 
08-Jan-2004 16:34,200103,MANCHESTER,SPAIN,ALICANTE,BRITANNIA AIRWAYS,A,C, 24 , 0 , 70.8333333333333 , 12.5 , 16.6666666666667 , 0 , 0 , 0 , 11 , 0 , 22 , 81.8181818181818 , 11.5454545454545 
08-Jan-2004 16:34,200103,MANCHESTER,SPAIN,ALICANTE,BRITANNIA AIRWAYS,D,C, 25 , 1 , 72 , 12 , 16 , 0 , 0 , 0 , 10.4 , 0 , 22 , 90.9090909090909 , 7.18181818181818 
08-Jan-2004 16:34,200103,MANCHESTER,SPAIN,ALICANTE,CALEDONIAN AIRWAYS,A,C, 0 , 0 , 0 , 0 , 0 , 0 , 0 , 0 , 0 , 0 , 3 , 0 , 25.6666666666667 
08-Jan-2004 16:34,200103,MANCHESTER,SPAIN,ALICANTE,CALEDONIAN AIRWAYS,D,C, 0 , 0 , 0 , 0 , 0 , 0 , 0 , 0 , 0 , 0 , 3 , 100 , 0 
08-Jan-2004 16:34,200103,MANCHESTER,SPAIN,ALICANTE,MONARCH AIRLINES,A,C, 9 , 0 , 77.7777777777778 , 11.1111111111111 , 11.1111111111111 , 0 , 0 , 0 , 11.3333333333333 , 0 , 12 , 50 , 18.1666666666667 
08-Jan-2004 16:34,200103,MANCHESTER,SPAIN,ALICANTE,MONARCH AIRLINES,A,S, 14 , 0 , 28.5714285714286 , 42.8571428571429 , 14.2857142857143 , 14.2857142857143 , 0 , 0 , 34.1428571428571 , 0 , 0 , 0 , 0 
08-Jan-2004 16:34,200103,MANCHESTER,SPAIN,ALICANTE,MONARCH AIRLINES,D,C, 9 , 0 , 44.4444444444444 , 44.4444444444444 , 11.1111111111111 , 0 , 0 , 0 , 16.4444444444444 , 0 , 12 , 91.6666666666667 , 9.41666666666667 
08-Jan-2004 16:34,200103,MANCHESTER,SPAIN,ALICANTE,MONARCH AIRLINES,D,S, 14 , 0 , 50 , 21.4285714285714 , 14.2857142857143 , 14.2857142857143 , 0 , 0 , 28.4285714285714 , 0 , 0 , 0 , 0 
08-Jan-2004 16:34,200103,MANCHESTER,SPAIN,ALICANTE,MY TRAVEL AIRWAYS UK,A,C, 27 , 0 , 59.2592592592593 , 14.8148148148148 , 18.5185185185185 , 7.40740740740741 , 0 , 0 , 24.4814814814815 , 0 , 25 , 56 , 65.36 
08-Jan-2004 16:34,200103,MANCHESTER,SPAIN,ALICANTE,MY TRAVEL AIRWAYS UK,D,C, 27 , 0 , 62.962962962963 , 22.2222222222222 , 7.40740740740741 , 7.40740740740741 , 0 , 0 , 22.3333333333333 , 0 , 24 , 58.3333333333333 , 33.7916666666667 
08-Jan-2004 16:34,200103,MANCHESTER,SPAIN,ALICANTE,THOMAS COOK AIRLINES LTD,A,C, 18 , 0 , 77.7777777777778 , 22.2222222222222 , 0 , 0 , 0 , 0 , 6.72222222222222 , 0 , 13 , 92.3076923076923 , 4.84615384615385 
08-Jan-2004 16:34,200103,MANCHESTER,SPAIN,ALICANTE,THOMAS COOK AIRLINES LTD,D,C, 19 , 0 , 94.7368421052632 , 5.26315789473684 , 0 , 0 , 0 , 0 , 4.47368421052632 , 0 , 13 , 92.3076923076923 , 2.07692307692308 
08-Jan-2004 16:34,200103,MANCHESTER,SPAIN,ALICANTE,VIRGIN ATLANTIC AIRWAYS LTD,A,C, 5 , 0 , 40 , 40 , 0 , 20 , 0 , 0 , 31.4 , 0 , 8 , 75 , 8 
08-Jan-2004 16:34,200103,MANCHESTER,SPAIN,ALICANTE,VIRGIN ATLANTIC AIRWAYS LTD,D,C, 5 , 0 , 60 , 20 , 0 , 20 , 0 , 0 , 31.6 , 0 , 8 , 75 , 11.125 
08-Jan-2004 16:34,200103,MANCHESTER,SPAIN,ALMERIA,MY TRAVEL AIRWAYS UK,A,C, 5 , 0 , 0 , 40 , 40 , 20 , 0 , 0 , 43.4 , 0 , 10 , 0 , 63.2 
08-Jan-2004 16:34,200103,MANCHESTER,SPAIN,ALMERIA,MY TRAVEL AIRWAYS UK,D,C, 5 , 0 , 80 , 20 , 0 , 0 , 0 , 0 , 9.8 , 0 , 10 , 40 , 36.3 
08-Jan-2004 16:34,200103,MANCHESTER,SPAIN,ALMERIA,THOMAS COOK AIRLINES LTD,D,C, 0 , 0 , 0 , 0 , 0 , 0 , 0 , 0 , 0 , 0 , 1 , 100 , 6 
08-Jan-2004 16:34,200103,MANCHESTER,SPAIN,BARCELONA,IBERIA,A,S, 31 , 0 , 51.6129032258064 , 16.1290322580645 , 22.5806451612903 , 6.45161290322581 , 3.2258064516129 , 0 , 29.0322580645161 , 0 , 31 , 87.0967741935484 , 7.2258064516129 
08-Jan-2004 16:34,200103,MANCHESTER,SPAIN,BARCELONA,IBERIA,D,S, 31 , 0 , 25.8064516129032 , 25.8064516129032 , 32.258064516129 , 12.9032258064516 , 3.2258064516129 , 0 , 39 , 0 , 31 , 64.5161290322581 , 10.9354838709677 
08-Jan-2004 16:34,200103,MANCHESTER,SPAIN,BARCELONA,MONARCH AIRLINES,A,C, 0 , 0 , 0 , 0 , 0 , 0 , 0 , 0 , 0 , 0 , 1 , 100 , 10 
08-Jan-2004 16:34,200103,MANCHESTER,SPAIN,BARCELONA,MONARCH AIRLINES,D,C, 0 , 0 , 0 , 0 , 0 , 0 , 0 , 0 , 0 , 0 , 1 , 100 , 8 
08-Jan-2004 16:34,200103,MANCHESTER,SPAIN,MADRID,AIR 2000,A,C, 0 , 1 , 0 , 0 , 0 , 0 , 0 , 0 , 0 , 0 , 0 , 0 , 0 
08-Jan-2004 16:34,200103,MANCHESTER,SPAIN,MADRID,BRITANNIA AIRWAYS,A,C, 0 , 1 , 0 , 0 , 0 , 0 , 0 , 0 , 0 , 0 , 0 , 0 , 0 
08-Jan-2004 16:34,200103,MANCHESTER,SPAIN,MADRID,BRITISH AIRWAYS PLC,A,S, 45 , 0 , 66.6666666666667 , 13.3333333333333 , 17.7777777777778 , 2.22222222222222 , 0 , 0 , 15.0222222222222 , 0 , 47 , 70.2127659574468 , 12.4042553191489 
08-Jan-2004 16:34,200103,MANCHESTER,SPAIN,MADRID,BRITISH AIRWAYS PLC,D,S, 46 , 0 , 86.9565217391304 , 10.8695652173913 , 0 , 2.17391304347826 , 0 , 0 , 8.10869565217391 , 0 , 47 , 74.468085106383 , 9.76595744680851 
08-Jan-2004 16:34,200103,MANCHESTER,SPAIN,MADRID,EXCEL AIRWAYS LTD,A,C, 0 , 1 , 0 , 0 , 0 , 0 , 0 , 0 , 0 , 0 , 0 , 0 , 0 
08-Jan-2004 16:34,200103,MANCHESTER,SPAIN,MADRID,ISLANDSFLUG,A,C, 1 , 0 , 0 , 0 , 0 , 100 , 0 , 0 , 80 , 0 , 0 , 0 , 0 
08-Jan-2004 16:34,200103,MANCHESTER,SPAIN,MADRID,ISLANDSFLUG,D,C, 1 , 0 , 0 , 100 , 0 , 0 , 0 , 0 , 20 , 0 , 0 , 0 , 0 
08-Jan-2004 16:34,200103,MANCHESTER,SPAIN,MADRID,MONARCH AIRLINES,A,C, 0 , 2 , 0 , 0 , 0 , 0 , 0 , 0 , 0 , 0 , 0 , 0 , 0 
08-Jan-2004 16:34,200103,MANCHESTER,SPAIN,MADRID,THOMAS COOK AIRLINES LTD,A,C, 1 , 1 , 0 , 100 , 0 , 0 , 0 , 0 , 24 , 0 , 0 , 0 , 0 
08-Jan-2004 16:34,200103,MANCHESTER,SPAIN,MADRID,THOMAS COOK AIRLINES LTD,D,C, 1 , 0 , 0 , 0 , 100 , 0 , 0 , 0 , 43 , 0 , 0 , 0 , 0 
08-Jan-2004 16:34,200103,MANCHESTER,SPAIN,MAHON,MY TRAVEL AIRWAYS UK,D,C, 3 , 0 , 100 , 0 , 0 , 0 , 0 , 0 , 6.66666666666667 , 0 , 0 , 0 , 0 
08-Jan-2004 16:34,200103,MANCHESTER,SPAIN,MALAGA,AIR 2000,A,C, 5 , 0 , 0 , 80 , 20 , 0 , 0 , 0 , 27.8 , 0 , 10 , 0 , 40.9 
08-Jan-2004 16:34,200103,MANCHESTER,SPAIN,MALAGA,AIR 2000,A,S, 9 , 0 , 0 , 55.5555555555556 , 44.4444444444444 , 0 , 0 , 0 , 29.6666666666667 , 0 , 0 , 0 , 0 
08-Jan-2004 16:34,200103,MANCHESTER,SPAIN,MALAGA,AIR 2000,D,C, 6 , 0 , 66.6666666666667 , 33.3333333333333 , 0 , 0 , 0 , 0 , 12.6666666666667 , 0 , 11 , 36.3636363636364 , 27 
08-Jan-2004 16:34,200103,MANCHESTER,SPAIN,MALAGA,AIR 2000,D,S, 9 , 0 , 66.6666666666667 , 11.1111111111111 , 22.2222222222222 , 0 , 0 , 0 , 17.3333333333333 , 0 , 0 , 0 , 0 
08-Jan-2004 16:34,200103,MANCHESTER,SPAIN,MALAGA,AIR FOYLE PASSENGER AIRLINES,A,C, 0 , 0 , 0 , 0 , 0 , 0 , 0 , 0 , 0 , 0 , 4 , 25 , 51.25 
08-Jan-2004 16:34,200103,MANCHESTER,SPAIN,MALAGA,AIR FOYLE PASSENGER AIRLINES,D,C, 0 , 0 , 0 , 0 , 0 , 0 , 0 , 0 , 0 , 0 , 4 , 100 , 7.5 
08-Jan-2004 16:34,200103,MANCHESTER,SPAIN,MALAGA,BRITANNIA AIRWAYS,A,C, 14 , 0 , 50 , 21.4285714285714 , 28.5714285714286 , 0 , 0 , 0 , 18.9285714285714 , 0 , 13 , 30.7692307692308 , 46.0769230769231 
08-Jan-2004 16:34,200103,MANCHESTER,SPAIN,MALAGA,BRITANNIA AIRWAYS,D,C, 14 , 0 , 42.8571428571429 , 35.7142857142857 , 21.4285714285714 , 0 , 0 , 0 , 16.5714285714286 , 0 , 13 , 76.9230769230769 , 36.9230769230769 
08-Jan-2004 16:34,200103,MANCHESTER,SPAIN,MALAGA,CALEDONIAN AIRWAYS,A,C, 0 , 0 , 0 , 0 , 0 , 0 , 0 , 0 , 0 , 0 , 5 , 60 , 33.6 
08-Jan-2004 16:34,200103,MANCHESTER,SPAIN,MALAGA,CALEDONIAN AIRWAYS,D,C, 0 , 0 , 0 , 0 , 0 , 0 , 0 , 0 , 0 , 0 , 5 , 60 , 29 
08-Jan-2004 16:34,200103,MANCHESTER,SPAIN,MALAGA,EUROPEAN AIR CHARTER,A,C, 1 , 0 , 100 , 0 , 0 , 0 , 0 , 0 , 0 , 0 , 0 , 0 , 0 
08-Jan-2004 16:34,200103,MANCHESTER,SPAIN,MALAGA,EUROPEAN AIR CHARTER,D,C, 1 , 0 , 0 , 100 , 0 , 0 , 0 , 0 , 22 , 0 , 0 , 0 , 0 
08-Jan-2004 16:34,200103,MANCHESTER,SPAIN,MALAGA,MONARCH AIRLINES,A,C, 20 , 0 , 35 , 25 , 25 , 5 , 10 , 0 , 47.15 , 0 , 16 , 43.75 , 23.875 
08-Jan-2004 16:34,200103,MANCHESTER,SPAIN,MALAGA,MONARCH AIRLINES,A,S, 23 , 0 , 21.7391304347826 , 30.4347826086956 , 30.4347826086956 , 8.69565217391304 , 8.69565217391304 , 0 , 49.4347826086956 , 0 , 0 , 0 , 0 
08-Jan-2004 16:34,200103,MANCHESTER,SPAIN,MALAGA,MONARCH AIRLINES,D,C, 20 , 0 , 75 , 5 , 5 , 15 , 0 , 0 , 23.1 , 0 , 17 , 70.5882352941177 , 12.1176470588235 
08-Jan-2004 16:34,200103,MANCHESTER,SPAIN,MALAGA,MONARCH AIRLINES,D,S, 23 , 0 , 78.2608695652174 , 13.0434782608696 , 8.69565217391304 , 0 , 0 , 0 , 8.30434782608696 , 0 , 0 , 0 , 0 
08-Jan-2004 16:34,200103,MANCHESTER,SPAIN,MALAGA,MY TRAVEL AIRWAYS UK,A,C, 18 , 1 , 33.3333333333333 , 16.6666666666667 , 38.8888888888889 , 5.55555555555556 , 5.55555555555556 , 0 , 43 , 0 , 18 , 27.7777777777778 , 40.3888888888889 
08-Jan-2004 16:34,200103,MANCHESTER,SPAIN,MALAGA,MY TRAVEL AIRWAYS UK,D,C, 18 , 0 , 61.1111111111111 , 22.2222222222222 , 11.1111111111111 , 0 , 5.55555555555556 , 0 , 25.6111111111111 , 0 , 18 , 61.1111111111111 , 36.3888888888889 
08-Jan-2004 16:34,200103,MANCHESTER,SPAIN,MALAGA,THOMAS COOK AIRLINES LTD,A,C, 23 , 0 , 52.1739130434783 , 17.3913043478261 , 17.3913043478261 , 8.69565217391304 , 0 , 4.34782608695652 , 45.6521739130435 , 0 , 12 , 83.3333333333333 , 7 
08-Jan-2004 16:34,200103,MANCHESTER,SPAIN,MALAGA,THOMAS COOK AIRLINES LTD,D,C, 23 , 0 , 82.6086956521739 , 8.69565217391304 , 8.69565217391304 , 0 , 0 , 0 , 8.78260869565217 , 0 , 12 , 100 , 1.33333333333333 
08-Jan-2004 16:34,200103,MANCHESTER,SPAIN,MALAGA,TRANSAER,D,C, 0 , 0 , 0 , 0 , 0 , 0 , 0 , 0 , 0 , 0 , 1 , 0 , 102 
08-Jan-2004 16:34,200103,MANCHESTER,SPAIN,MALAGA,VIRGIN ATLANTIC AIRWAYS LTD,A,C, 10 , 0 , 60 , 20 , 10 , 10 , 0 , 0 , 23.6 , 0 , 4 , 50 , 52 
08-Jan-2004 16:34,200103,MANCHESTER,SPAIN,MALAGA,VIRGIN ATLANTIC AIRWAYS LTD,D,C, 10 , 0 , 80 , 0 , 10 , 10 , 0 , 0 , 22.8 , 0 , 4 , 75 , 55.25 
08-Jan-2004 16:34,200103,MANCHESTER,SPAIN,MURCIA SAN JAVIER,BRITISH AIRWAYS PLC,A,C, 1 , 0 , 100 , 0 , 0 , 0 , 0 , 0 , 2 , 0 , 0 , 0 , 0 
08-Jan-2004 16:34,200103,MANCHESTER,SPAIN,MURCIA SAN JAVIER,BRITISH AIRWAYS PLC,D,C, 1 , 0 , 0 , 100 , 0 , 0 , 0 , 0 , 21 , 0 , 0 , 0 , 0 
08-Jan-2004 16:34,200103,MANCHESTER,SPAIN,PALMA DE MALLORCA,AIR 2000,A,C, 0 , 0 , 0 , 0 , 0 , 0 , 0 , 0 , 0 , 0 , 4 , 75 , 10.5 
08-Jan-2004 16:34,200103,MANCHESTER,SPAIN,PALMA DE MALLORCA,AIR 2000,A,S, 5 , 0 , 60 , 0 , 40 , 0 , 0 , 0 , 20.8 , 0 , 0 , 0 , 0 
08-Jan-2004 16:34,200103,MANCHESTER,SPAIN,PALMA DE MALLORCA,AIR 2000,D,C, 1 , 0 , 100 , 0 , 0 , 0 , 0 , 0 , 3 , 0 , 4 , 100 , 2 
08-Jan-2004 16:34,200103,MANCHESTER,SPAIN,PALMA DE MALLORCA,AIR 2000,D,S, 5 , 0 , 60 , 40 , 0 , 0 , 0 , 0 , 12 , 0 , 0 , 0 , 0 
08-Jan-2004 16:34,200103,MANCHESTER,SPAIN,PALMA DE MALLORCA,BMI BRITISH MIDLAND,A,C, 5 , 0 , 0 , 20 , 80 , 0 , 0 , 0 , 43 , 0 , 0 , 0 , 0 
08-Jan-2004 16:34,200103,MANCHESTER,SPAIN,PALMA DE MALLORCA,BMI BRITISH MIDLAND,D,C, 5 , 0 , 20 , 20 , 60 , 0 , 0 , 0 , 29.8 , 0 , 0 , 0 , 0 
08-Jan-2004 16:34,200103,MANCHESTER,SPAIN,PALMA DE MALLORCA,BRITANNIA AIRWAYS,A,C, 9 , 0 , 66.6666666666667 , 22.2222222222222 , 0 , 11.1111111111111 , 0 , 0 , 24.2222222222222 , 0 , 9 , 44.4444444444444 , 51 
08-Jan-2004 16:34,200103,MANCHESTER,SPAIN,PALMA DE MALLORCA,BRITANNIA AIRWAYS,D,C, 10 , 0 , 100 , 0 , 0 , 0 , 0 , 0 , 7 , 0 , 9 , 33.3333333333333 , 46.3333333333333 
08-Jan-2004 16:34,200103,MANCHESTER,SPAIN,PALMA DE MALLORCA,MONARCH AIRLINES,A,C, 0 , 0 , 0 , 0 , 0 , 0 , 0 , 0 , 0 , 0 , 4 , 25 , 95 
08-Jan-2004 16:34,200103,MANCHESTER,SPAIN,PALMA DE MALLORCA,MONARCH AIRLINES,D,C, 0 , 0 , 0 , 0 , 0 , 0 , 0 , 0 , 0 , 0 , 4 , 50 , 79.75 
08-Jan-2004 16:34,200103,MANCHESTER,SPAIN,PALMA DE MALLORCA,MY TRAVEL AIRWAYS UK,A,C, 17 , 0 , 82.3529411764706 , 5.88235294117647 , 5.88235294117647 , 5.88235294117647 , 0 , 0 , 11.3529411764706 , 0 , 13 , 84.6153846153846 , 35.6923076923077 
08-Jan-2004 16:34,200103,MANCHESTER,SPAIN,PALMA DE MALLORCA,MY TRAVEL AIRWAYS UK,D,C, 19 , 0 , 63.1578947368421 , 36.8421052631579 , 0 , 0 , 0 , 0 , 11.8421052631579 , 0 , 15 , 66.6666666666667 , 39.4 
08-Jan-2004 16:34,200103,MANCHESTER,SPAIN,PALMA DE MALLORCA,SPANAIR,A,C, 5 , 0 , 60 , 20 , 0 , 20 , 0 , 0 , 27.8 , 0 , 4 , 75 , 12.75 
08-Jan-2004 16:34,200103,MANCHESTER,SPAIN,PALMA DE MALLORCA,SPANAIR,D,C, 5 , 0 , 80 , 0 , 0 , 20 , 0 , 0 , 30.8 , 0 , 4 , 50 , 19.75 
08-Jan-2004 16:34,200103,MANCHESTER,SPAIN,PALMA DE MALLORCA,THOMAS COOK AIRLINES LTD,A,C, 5 , 0 , 40 , 20 , 20 , 20 , 0 , 0 , 31.8 , 0 , 0 , 0 , 0 
08-Jan-2004 16:34,200103,MANCHESTER,SPAIN,PALMA DE MALLORCA,THOMAS COOK AIRLINES LTD,D,C, 6 , 1 , 100 , 0 , 0 , 0 , 0 , 0 , 0.833333333333333 , 0 , 0 , 0 , 0 
08-Jan-2004 16:34,200103,MANCHESTER,SPAIN,VALENCIA,AIR 2000,A,C, 0 , 0 , 0 , 0 , 0 , 0 , 0 , 0 , 0 , 0 , 2 , 100 , 2 
08-Jan-2004 16:34,200103,MANCHESTER,SPAIN,VALENCIA,AIR 2000,D,C, 0 , 0 , 0 , 0 , 0 , 0 , 0 , 0 , 0 , 0 , 2 , 50 , 18.5 
08-Jan-2004 16:34,200103,MANCHESTER,SPAIN,VALENCIA,MONARCH AIRLINES,A,C, 0 , 0 , 0 , 0 , 0 , 0 , 0 , 0 , 0 , 0 , 2 , 50 , 14 
08-Jan-2004 16:34,200103,MANCHESTER,SPAIN,VALENCIA,MONARCH AIRLINES,D,C, 0 , 0 , 0 , 0 , 0 , 0 , 0 , 0 , 0 , 0 , 2 , 50 , 10 
08-Jan-2004 16:34,200103,MANCHESTER,SPAIN(CANARY ISLANDS),ARRECIFE,AIR 2000,A,C, 10 , 0 , 10 , 40 , 40 , 10 , 0 , 0 , 34.8 , 0 , 19 , 47.3684210526316 , 22.9473684210526 
08-Jan-2004 16:34,200103,MANCHESTER,SPAIN(CANARY ISLANDS),ARRECIFE,AIR 2000,A,S, 9 , 0 , 55.5555555555556 , 33.3333333333333 , 0 , 0 , 11.1111111111111 , 0 , 35.8888888888889 , 0 , 0 , 0 , 0 
08-Jan-2004 16:34,200103,MANCHESTER,SPAIN(CANARY ISLANDS),ARRECIFE,AIR 2000,D,C, 10 , 0 , 50 , 30 , 20 , 0 , 0 , 0 , 20.4 , 0 , 19 , 68.421052631579 , 11.7894736842105 
08-Jan-2004 16:34,200103,MANCHESTER,SPAIN(CANARY ISLANDS),ARRECIFE,AIR 2000,D,S, 9 , 0 , 66.6666666666667 , 11.1111111111111 , 11.1111111111111 , 0 , 11.1111111111111 , 0 , 30.6666666666667 , 0 , 0 , 0 , 0 
08-Jan-2004 16:34,200103,MANCHESTER,SPAIN(CANARY ISLANDS),ARRECIFE,BRITANNIA AIRWAYS,A,C, 8 , 1 , 100 , 0 , 0 , 0 , 0 , 0 , 3.5 , 0 , 9 , 44.4444444444444 , 31.8888888888889 
08-Jan-2004 16:34,200103,MANCHESTER,SPAIN(CANARY ISLANDS),ARRECIFE,BRITANNIA AIRWAYS,D,C, 8 , 0 , 87.5 , 0 , 12.5 , 0 , 0 , 0 , 8 , 0 , 9 , 77.7777777777778 , 24 
08-Jan-2004 16:34,200103,MANCHESTER,SPAIN(CANARY ISLANDS),ARRECIFE,CALEDONIAN AIRWAYS,A,C, 0 , 0 , 0 , 0 , 0 , 0 , 0 , 0 , 0 , 0 , 1 , 0 , 29 
08-Jan-2004 16:34,200103,MANCHESTER,SPAIN(CANARY ISLANDS),ARRECIFE,CALEDONIAN AIRWAYS,D,C, 0 , 0 , 0 , 0 , 0 , 0 , 0 , 0 , 0 , 0 , 1 , 100 , 0 
08-Jan-2004 16:34,200103,MANCHESTER,SPAIN(CANARY ISLANDS),ARRECIFE,IBERWORLD,A,C, 1 , 0 , 0 , 0 , 0 , 100 , 0 , 0 , 74 , 0 , 0 , 0 , 0 
08-Jan-2004 16:34,200103,MANCHESTER,SPAIN(CANARY ISLANDS),ARRECIFE,IBERWORLD,D,C, 1 , 0 , 0 , 0 , 0 , 100 , 0 , 0 , 66 , 0 , 0 , 0 , 0 
08-Jan-2004 16:34,200103,MANCHESTER,SPAIN(CANARY ISLANDS),ARRECIFE,MONARCH AIRLINES,A,C, 5 , 0 , 40 , 40 , 0 , 20 , 0 , 0 , 27.4 , 0 , 5 , 0 , 39.2 
08-Jan-2004 16:34,200103,MANCHESTER,SPAIN(CANARY ISLANDS),ARRECIFE,MONARCH AIRLINES,D,C, 5 , 0 , 60 , 20 , 0 , 20 , 0 , 0 , 23.2 , 0 , 5 , 40 , 15.8 
08-Jan-2004 16:34,200103,MANCHESTER,SPAIN(CANARY ISLANDS),ARRECIFE,MY TRAVEL AIRWAYS UK,A,C, 10 , 0 , 60 , 0 , 10 , 10 , 10 , 10 , 172.1 , 0 , 10 , 70 , 22.7 
08-Jan-2004 16:34,200103,MANCHESTER,SPAIN(CANARY ISLANDS),ARRECIFE,MY TRAVEL AIRWAYS UK,D,C, 10 , 0 , 70 , 0 , 20 , 0 , 10 , 0 , 45.3 , 0 , 10 , 60 , 28.6 
08-Jan-2004 16:34,200103,MANCHESTER,SPAIN(CANARY ISLANDS),ARRECIFE,THOMAS COOK AIRLINES LTD,A,C, 19 , 1 , 63.1578947368421 , 21.0526315789474 , 5.26315789473684 , 5.26315789473684 , 5.26315789473684 , 0 , 29.5789473684211 , 0 , 19 , 78.9473684210526 , 8.42105263157895 
08-Jan-2004 16:34,200103,MANCHESTER,SPAIN(CANARY ISLANDS),ARRECIFE,THOMAS COOK AIRLINES LTD,D,C, 19 , 1 , 63.1578947368421 , 26.3157894736842 , 0 , 5.26315789473684 , 0 , 5.26315789473684 , 35.4736842105263 , 0 , 19 , 89.4736842105263 , 3.47368421052632 
08-Jan-2004 16:34,200103,MANCHESTER,SPAIN(CANARY ISLANDS),ARRECIFE,VIRGIN ATLANTIC AIRWAYS LTD,A,C, 5 , 0 , 100 , 0 , 0 , 0 , 0 , 0 , 1.4 , 0 , 5 , 80 , 6.6 
08-Jan-2004 16:34,200103,MANCHESTER,SPAIN(CANARY ISLANDS),ARRECIFE,VIRGIN ATLANTIC AIRWAYS LTD,D,C, 5 , 0 , 100 , 0 , 0 , 0 , 0 , 0 , 2.8 , 0 , 5 , 100 , 4.8 
08-Jan-2004 16:34,200103,MANCHESTER,SPAIN(CANARY ISLANDS),FUERTEVENTURA,AIR 2000,A,C, 8 , 0 , 75 , 12.5 , 12.5 , 0 , 0 , 0 , 11.5 , 0 , 10 , 60 , 15.5 
08-Jan-2004 16:34,200103,MANCHESTER,SPAIN(CANARY ISLANDS),FUERTEVENTURA,AIR 2000,D,C, 8 , 0 , 75 , 25 , 0 , 0 , 0 , 0 , 7.5 , 0 , 10 , 80 , 10.5 
08-Jan-2004 16:34,200103,MANCHESTER,SPAIN(CANARY ISLANDS),FUERTEVENTURA,BRITANNIA AIRWAYS,A,C, 9 , 0 , 77.7777777777778 , 11.1111111111111 , 0 , 11.1111111111111 , 0 , 0 , 16.7777777777778 , 0 , 9 , 55.5555555555556 , 23.7777777777778 
08-Jan-2004 16:34,200103,MANCHESTER,SPAIN(CANARY ISLANDS),FUERTEVENTURA,BRITANNIA AIRWAYS,D,C, 9 , 0 , 88.8888888888889 , 0 , 0 , 11.1111111111111 , 0 , 0 , 14 , 0 , 9 , 55.5555555555556 , 20.7777777777778 
08-Jan-2004 16:34,200103,MANCHESTER,SPAIN(CANARY ISLANDS),FUERTEVENTURA,FUTURA AIRLINES,A,C, 1 , 0 , 100 , 0 , 0 , 0 , 0 , 0 , 15 , 0 , 0 , 0 , 0 
08-Jan-2004 16:34,200103,MANCHESTER,SPAIN(CANARY ISLANDS),FUERTEVENTURA,FUTURA AIRLINES,D,C, 1 , 0 , 0 , 0 , 100 , 0 , 0 , 0 , 34 , 0 , 0 , 0 , 0 
08-Jan-2004 16:34,200103,MANCHESTER,SPAIN(CANARY ISLANDS),FUERTEVENTURA,MY TRAVEL AIRWAYS UK,A,C, 9 , 1 , 77.7777777777778 , 11.1111111111111 , 0 , 11.1111111111111 , 0 , 0 , 15.7777777777778 , 0 , 9 , 88.8888888888889 , 8 
08-Jan-2004 16:34,200103,MANCHESTER,SPAIN(CANARY ISLANDS),FUERTEVENTURA,MY TRAVEL AIRWAYS UK,D,C, 9 , 0 , 55.5555555555556 , 11.1111111111111 , 11.1111111111111 , 22.2222222222222 , 0 , 0 , 29.3333333333333 , 0 , 9 , 88.8888888888889 , 5.11111111111111 
08-Jan-2004 16:34,200103,MANCHESTER,SPAIN(CANARY ISLANDS),FUERTEVENTURA,THOMAS COOK AIRLINES LTD,A,C, 8 , 0 , 87.5 , 0 , 0 , 12.5 , 0 , 0 , 16.5 , 0 , 10 , 90 , 6.2 
08-Jan-2004 16:34,200103,MANCHESTER,SPAIN(CANARY ISLANDS),FUERTEVENTURA,THOMAS COOK AIRLINES LTD,D,C, 8 , 0 , 87.5 , 0 , 0 , 12.5 , 0 , 0 , 13.5 , 0 , 10 , 90 , 3.7 
08-Jan-2004 16:34,200103,MANCHESTER,SPAIN(CANARY ISLANDS),LAS PALMAS,AIR 2000,A,C, 8 , 0 , 87.5 , 0 , 0 , 12.5 , 0 , 0 , 8.75 , 0 , 6 , 33.3333333333333 , 20.3333333333333 
08-Jan-2004 16:34,200103,MANCHESTER,SPAIN(CANARY ISLANDS),LAS PALMAS,AIR 2000,D,C, 8 , 0 , 100 , 0 , 0 , 0 , 0 , 0 , 2 , 0 , 8 , 62.5 , 54.875 
08-Jan-2004 16:34,200103,MANCHESTER,SPAIN(CANARY ISLANDS),LAS PALMAS,BRITANNIA AIRWAYS,A,C, 9 , 0 , 66.6666666666667 , 11.1111111111111 , 22.2222222222222 , 0 , 0 , 0 , 14.3333333333333 , 0 , 9 , 55.5555555555556 , 39.7777777777778 
08-Jan-2004 16:34,200103,MANCHESTER,SPAIN(CANARY ISLANDS),LAS PALMAS,BRITANNIA AIRWAYS,D,C, 9 , 0 , 88.8888888888889 , 11.1111111111111 , 0 , 0 , 0 , 0 , 7.55555555555556 , 0 , 9 , 55.5555555555556 , 33.4444444444444 
08-Jan-2004 16:34,200103,MANCHESTER,SPAIN(CANARY ISLANDS),LAS PALMAS,MONARCH AIRLINES,A,C, 4 , 0 , 75 , 0 , 25 , 0 , 0 , 0 , 13.75 , 0 , 4 , 25 , 132.25 
08-Jan-2004 16:34,200103,MANCHESTER,SPAIN(CANARY ISLANDS),LAS PALMAS,MONARCH AIRLINES,D,C, 4 , 0 , 100 , 0 , 0 , 0 , 0 , 0 , 1 , 0 , 4 , 50 , 130.5 
08-Jan-2004 16:34,200103,MANCHESTER,SPAIN(CANARY ISLANDS),LAS PALMAS,MY TRAVEL AIRWAYS UK,A,C, 19 , 1 , 42.1052631578947 , 21.0526315789474 , 21.0526315789474 , 10.5263157894737 , 5.26315789473684 , 0 , 39.5789473684211 , 0 , 13 , 46.1538461538462 , 57.8461538461538 
08-Jan-2004 16:34,200103,MANCHESTER,SPAIN(CANARY ISLANDS),LAS PALMAS,MY TRAVEL AIRWAYS UK,D,C, 20 , 0 , 60 , 15 , 20 , 5 , 0 , 0 , 19.85 , 0 , 13 , 53.8461538461538 , 58.7692307692308 
08-Jan-2004 16:34,200103,MANCHESTER,SPAIN(CANARY ISLANDS),LAS PALMAS,THOMAS COOK AIRLINES LTD,A,C, 16 , 0 , 75 , 6.25 , 18.75 , 0 , 0 , 0 , 13.625 , 0 , 16 , 87.5 , 10.9375 
08-Jan-2004 16:34,200103,MANCHESTER,SPAIN(CANARY ISLANDS),LAS PALMAS,THOMAS COOK AIRLINES LTD,D,C, 18 , 0 , 66.6666666666667 , 27.7777777777778 , 5.55555555555556 , 0 , 0 , 0 , 10.8888888888889 , 0 , 17 , 94.1176470588235 , 3.41176470588235 
08-Jan-2004 16:34,200103,MANCHESTER,SPAIN(CANARY ISLANDS),LAS PALMAS,VIRGIN ATLANTIC AIRWAYS LTD,A,C, 4 , 0 , 50 , 50 , 0 , 0 , 0 , 0 , 11 , 0 , 4 , 75 , 56.75 
08-Jan-2004 16:34,200103,MANCHESTER,SPAIN(CANARY ISLANDS),LAS PALMAS,VIRGIN ATLANTIC AIRWAYS LTD,D,C, 4 , 0 , 100 , 0 , 0 , 0 , 0 , 0 , 2.5 , 0 , 4 , 75 , 60 
08-Jan-2004 16:34,200103,MANCHESTER,SPAIN(CANARY ISLANDS),TENERIFE (SURREINA SOFIA),AIR 2000,A,C, 15 , 0 , 80 , 6.66666666666667 , 13.3333333333333 , 0 , 0 , 0 , 7 , 0 , 30 , 30 , 30.9 
08-Jan-2004 16:34,200103,MANCHESTER,SPAIN(CANARY ISLANDS),TENERIFE (SURREINA SOFIA),AIR 2000,A,S, 18 , 0 , 66.6666666666667 , 11.1111111111111 , 22.2222222222222 , 0 , 0 , 0 , 12.5 , 0 , 0 , 0 , 0 
08-Jan-2004 16:34,200103,MANCHESTER,SPAIN(CANARY ISLANDS),TENERIFE (SURREINA SOFIA),AIR 2000,D,C, 15 , 0 , 80 , 20 , 0 , 0 , 0 , 0 , 10.1333333333333 , 0 , 33 , 69.6969696969697 , 14.4545454545455 
08-Jan-2004 16:34,200103,MANCHESTER,SPAIN(CANARY ISLANDS),TENERIFE (SURREINA SOFIA),AIR 2000,D,S, 18 , 0 , 55.5555555555556 , 22.2222222222222 , 22.2222222222222 , 0 , 0 , 0 , 17.5555555555556 , 0 , 0 , 0 , 0 
08-Jan-2004 16:34,200103,MANCHESTER,SPAIN(CANARY ISLANDS),TENERIFE (SURREINA SOFIA),AIR EUROPA,A,C, 0 , 0 , 0 , 0 , 0 , 0 , 0 , 0 , 0 , 0 , 3 , 66.6666666666667 , 5.66666666666667 
08-Jan-2004 16:34,200103,MANCHESTER,SPAIN(CANARY ISLANDS),TENERIFE (SURREINA SOFIA),AIR EUROPA,D,C, 0 , 0 , 0 , 0 , 0 , 0 , 0 , 0 , 0 , 0 , 2 , 50 , 16 
08-Jan-2004 16:34,200103,MANCHESTER,SPAIN(CANARY ISLANDS),TENERIFE (SURREINA SOFIA),AIR FOYLE PASSENGER AIRLINES,A,C, 0 , 0 , 0 , 0 , 0 , 0 , 0 , 0 , 0 , 0 , 6 , 16.6666666666667 , 23.8333333333333 
08-Jan-2004 16:34,200103,MANCHESTER,SPAIN(CANARY ISLANDS),TENERIFE (SURREINA SOFIA),AIR FOYLE PASSENGER AIRLINES,D,C, 0 , 0 , 0 , 0 , 0 , 0 , 0 , 0 , 0 , 0 , 6 , 83.3333333333333 , 10.3333333333333 
08-Jan-2004 16:34,200103,MANCHESTER,SPAIN(CANARY ISLANDS),TENERIFE (SURREINA SOFIA),BRITANNIA AIRWAYS,A,C, 23 , 1 , 34.7826086956522 , 26.0869565217391 , 17.3913043478261 , 21.7391304347826 , 0 , 0 , 33.304347826087 , 0 , 22 , 45.4545454545455 , 25.3181818181818 
08-Jan-2004 16:34,200103,MANCHESTER,SPAIN(CANARY ISLANDS),TENERIFE (SURREINA SOFIA),BRITANNIA AIRWAYS,D,C, 23 , 1 , 73.9130434782609 , 17.3913043478261 , 0 , 8.69565217391304 , 0 , 0 , 15.0869565217391 , 0 , 23 , 73.9130434782609 , 15.6521739130435 
08-Jan-2004 16:34,200103,MANCHESTER,SPAIN(CANARY ISLANDS),TENERIFE (SURREINA SOFIA),EXCEL AIRWAYS LTD,A,C, 10 , 0 , 50 , 20 , 20 , 10 , 0 , 0 , 22.9 , 0 , 0 , 0 , 0 
08-Jan-2004 16:34,200103,MANCHESTER,SPAIN(CANARY ISLANDS),TENERIFE (SURREINA SOFIA),EXCEL AIRWAYS LTD,D,C, 10 , 0 , 60 , 30 , 10 , 0 , 0 , 0 , 11.9 , 0 , 0 , 0 , 0 
08-Jan-2004 16:34,200103,MANCHESTER,SPAIN(CANARY ISLANDS),TENERIFE (SURREINA SOFIA),FUTURA AIRLINES,A,C, 2 , 0 , 50 , 50 , 0 , 0 , 0 , 0 , 12.5 , 0 , 10 , 100 , 4.8 
08-Jan-2004 16:34,200103,MANCHESTER,SPAIN(CANARY ISLANDS),TENERIFE (SURREINA SOFIA),FUTURA AIRLINES,D,C, 2 , 0 , 50 , 0 , 50 , 0 , 0 , 0 , 25 , 0 , 9 , 77.7777777777778 , 7.44444444444444 
08-Jan-2004 16:34,200103,MANCHESTER,SPAIN(CANARY ISLANDS),TENERIFE (SURREINA SOFIA),IBERWORLD,A,C, 10 , 0 , 20 , 10 , 20 , 50 , 0 , 0 , 56.7 , 0 , 1 , 100 , 6 
08-Jan-2004 16:34,200103,MANCHESTER,SPAIN(CANARY ISLANDS),TENERIFE (SURREINA SOFIA),IBERWORLD,D,C, 9 , 0 , 22.2222222222222 , 11.1111111111111 , 11.1111111111111 , 55.5555555555556 , 0 , 0 , 60.2222222222222 , 0 , 1 , 0 , 25 
08-Jan-2004 16:34,200103,MANCHESTER,SPAIN(CANARY ISLANDS),TENERIFE (SURREINA SOFIA),MONARCH AIRLINES,A,C, 19 , 0 , 68.421052631579 , 21.0526315789474 , 5.26315789473684 , 5.26315789473684 , 0 , 0 , 17.4736842105263 , 0 , 19 , 42.1052631578947 , 21.8947368421053 
08-Jan-2004 16:34,200103,MANCHESTER,SPAIN(CANARY ISLANDS),TENERIFE (SURREINA SOFIA),MONARCH AIRLINES,D,C, 19 , 0 , 68.421052631579 , 10.5263157894737 , 15.7894736842105 , 0 , 5.26315789473684 , 0 , 22.1578947368421 , 0 , 19 , 47.3684210526316 , 18.7368421052632 
08-Jan-2004 16:34,200103,MANCHESTER,SPAIN(CANARY ISLANDS),TENERIFE (SURREINA SOFIA),MY TRAVEL AIRWAYS UK,A,C, 26 , 0 , 50 , 15.3846153846154 , 23.0769230769231 , 7.69230769230769 , 3.84615384615385 , 0 , 33.5384615384615 , 0 , 18 , 38.8888888888889 , 76.1666666666667 
08-Jan-2004 16:34,200103,MANCHESTER,SPAIN(CANARY ISLANDS),TENERIFE (SURREINA SOFIA),MY TRAVEL AIRWAYS UK,D,C, 26 , 1 , 57.6923076923077 , 15.3846153846154 , 19.2307692307692 , 0 , 7.69230769230769 , 0 , 30.1538461538462 , 0 , 18 , 55.5555555555556 , 64 
08-Jan-2004 16:34,200103,MANCHESTER,SPAIN(CANARY ISLANDS),TENERIFE (SURREINA SOFIA),SPANAIR,A,C, 10 , 0 , 60 , 20 , 10 , 10 , 0 , 0 , 19 , 0 , 0 , 0 , 0 
08-Jan-2004 16:34,200103,MANCHESTER,SPAIN(CANARY ISLANDS),TENERIFE (SURREINA SOFIA),SPANAIR,D,C, 10 , 0 , 50 , 30 , 10 , 10 , 0 , 0 , 22.6 , 0 , 0 , 0 , 0 
08-Jan-2004 16:34,200103,MANCHESTER,SPAIN(CANARY ISLANDS),TENERIFE (SURREINA SOFIA),THOMAS COOK AIRLINES LTD,A,C, 33 , 0 , 66.6666666666667 , 27.2727272727273 , 3.03030303030303 , 3.03030303030303 , 0 , 0 , 11.7272727272727 , 0 , 36 , 50 , 18.0833333333333 
08-Jan-2004 16:34,200103,MANCHESTER,SPAIN(CANARY ISLANDS),TENERIFE (SURREINA SOFIA),THOMAS COOK AIRLINES LTD,D,C, 33 , 0 , 87.8787878787879 , 3.03030303030303 , 6.06060606060606 , 3.03030303030303 , 0 , 0 , 8.42424242424242 , 0 , 37 , 89.1891891891892 , 4.13513513513514 
08-Jan-2004 16:34,200103,MANCHESTER,SPAIN(CANARY ISLANDS),TENERIFE (SURREINA SOFIA),VIRGIN ATLANTIC AIRWAYS LTD,A,C, 19 , 1 , 68.421052631579 , 15.7894736842105 , 10.5263157894737 , 5.26315789473684 , 0 , 0 , 14.8421052631579 , 0 , 13 , 69.2307692307692 , 9.53846153846154 
08-Jan-2004 16:34,200103,MANCHESTER,SPAIN(CANARY ISLANDS),TENERIFE (SURREINA SOFIA),VIRGIN ATLANTIC AIRWAYS LTD,D,C, 19 , 1 , 84.2105263157895 , 5.26315789473684 , 0 , 10.5263157894737 , 0 , 0 , 12.4210526315789 , 0 , 14 , 100 , 2.07142857142857 
08-Jan-2004 16:34,200103,MANCHESTER,SRI LANKA,COLOMBO,MONARCH AIRLINES,A,C, 5 , 0 , 100 , 0 , 0 , 0 , 0 , 0 , 0.8 , 0 , 5 , 40 , 42.6 
08-Jan-2004 16:34,200103,MANCHESTER,SRI LANKA,COLOMBO,MONARCH AIRLINES,D,C, 4 , 0 , 100 , 0 , 0 , 0 , 0 , 0 , 0 , 0 , 4 , 100 , 0 
08-Jan-2004 16:34,200103,MANCHESTER,ST LUCIA,ST LUCIA (HEWANORRA),AIR 2000,A,C, 2 , 0 , 0 , 50 , 50 , 0 , 0 , 0 , 40 , 0 , 0 , 0 , 0 
08-Jan-2004 16:34,200103,MANCHESTER,ST LUCIA,ST LUCIA (HEWANORRA),AIR 2000,D,C, 2 , 1 , 50 , 0 , 0 , 50 , 0 , 0 , 42.5 , 0 , 0 , 0 , 0 
08-Jan-2004 16:34,200103,MANCHESTER,ST LUCIA,ST LUCIA (HEWANORRA),BRITANNIA AIRWAYS,A,C, 0 , 0 , 0 , 0 , 0 , 0 , 0 , 0 , 0 , 0 , 4 , 75 , 25.5 
08-Jan-2004 16:34,200103,MANCHESTER,ST LUCIA,ST LUCIA (HEWANORRA),BRITANNIA AIRWAYS,D,C, 0 , 0 , 0 , 0 , 0 , 0 , 0 , 0 , 0 , 0 , 4 , 50 , 20.75 
08-Jan-2004 16:34,200103,MANCHESTER,SUDAN,KHARTOUM,SUDAN AIRWAYS,A,S, 2 , 0 , 0 , 0 , 0 , 50 , 50 , 0 , 220.5 , 0 , 0 , 0 , 0 
08-Jan-2004 16:34,200103,MANCHESTER,SWEDEN,GOTEBORG,BRITISH REGIONAL AIRLINES LTD,A,S, 6 , 0 , 100 , 0 , 0 , 0 , 0 , 0 , 1.33333333333333 , 0 , 0 , 0 , 0 
08-Jan-2004 16:34,200103,MANCHESTER,SWEDEN,GOTEBORG,BRITISH REGIONAL AIRLINES LTD,D,S, 6 , 0 , 100 , 0 , 0 , 0 , 0 , 0 , 4.5 , 0 , 0 , 0 , 0 
08-Jan-2004 16:34,200103,MANCHESTER,SWEDEN,GOTEBORG,EUROPEAN AIR CHARTER,D,C, 0 , 0 , 0 , 0 , 0 , 0 , 0 , 0 , 0 , 0 , 1 , 100 , 0 
08-Jan-2004 16:34,200103,MANCHESTER,SWEDEN,STOCKHOLM (ARLANDA),SKYWAYS EXPRESS,A,S, 52 , 0 , 94.2307692307692 , 1.92307692307692 , 1.92307692307692 , 1.92307692307692 , 0 , 0 , 5.07692307692308 , 1 , 53 , 79.2452830188679 , 9.13207547169811 
08-Jan-2004 16:34,200103,MANCHESTER,SWEDEN,STOCKHOLM (ARLANDA),SKYWAYS EXPRESS,D,S, 52 , 0 , 82.6923076923077 , 9.61538461538462 , 3.84615384615385 , 3.84615384615385 , 0 , 0 , 8.76923076923077 , 1 , 53 , 90.5660377358491 , 7.05660377358491 
08-Jan-2004 16:34,200103,MANCHESTER,SWEDEN,TROLLHATTAN,TITAN AIRWAYS LTD,A,C, 1 , 0 , 100 , 0 , 0 , 0 , 0 , 0 , 3 , 0 , 0 , 0 , 0 
08-Jan-2004 16:34,200103,MANCHESTER,SWEDEN,TROLLHATTAN,TITAN AIRWAYS LTD,D,C, 1 , 0 , 100 , 0 , 0 , 0 , 0 , 0 , 0 , 0 , 0 , 0 , 0 
08-Jan-2004 16:34,200103,MANCHESTER,SWITZERLAND,BASLE MULHOUSE,SWISS AIRLINES,A,S, 79 , 1 , 65.8227848101266 , 24.0506329113924 , 6.32911392405063 , 3.79746835443038 , 0 , 0 , 14.6329113924051 , 0 , 59 , 32.2033898305085 , 24.4067796610169 
08-Jan-2004 16:34,200103,MANCHESTER,SWITZERLAND,BASLE MULHOUSE,SWISS AIRLINES,D,S, 79 , 0 , 43.0379746835443 , 35.4430379746835 , 15.1898734177215 , 6.32911392405063 , 0 , 0 , 23.253164556962 , 1 , 60 , 26.6666666666667 , 27.8333333333333 
08-Jan-2004 16:34,200103,MANCHESTER,SWITZERLAND,GENEVA,AIR 2000,A,C, 5 , 0 , 0 , 0 , 60 , 40 , 0 , 0 , 56.2 , 0 , 4 , 0 , 41.75 
08-Jan-2004 16:34,200103,MANCHESTER,SWITZERLAND,GENEVA,AIR 2000,D,C, 5 , 0 , 20 , 60 , 20 , 0 , 0 , 0 , 23 , 0 , 4 , 75 , 12.5 
08-Jan-2004 16:34,200103,MANCHESTER,SWITZERLAND,GENEVA,BMI BRITISH MIDLAND,A,C, 4 , 0 , 25 , 75 , 0 , 0 , 0 , 0 , 16 , 0 , 0 , 0 , 0 
08-Jan-2004 16:34,200103,MANCHESTER,SWITZERLAND,GENEVA,BMI BRITISH MIDLAND,D,C, 4 , 0 , 100 , 0 , 0 , 0 , 0 , 0 , 4.25 , 0 , 0 , 0 , 0 
08-Jan-2004 16:34,200103,MANCHESTER,SWITZERLAND,GENEVA,BRITANNIA AIRWAYS,A,C, 10 , 0 , 20 , 0 , 30 , 50 , 0 , 0 , 64.9 , 0 , 8 , 0 , 66 
08-Jan-2004 16:34,200103,MANCHESTER,SWITZERLAND,GENEVA,BRITANNIA AIRWAYS,D,C, 10 , 0 , 10 , 40 , 30 , 20 , 0 , 0 , 44.7 , 0 , 8 , 50 , 27.625 
08-Jan-2004 16:34,200103,MANCHESTER,SWITZERLAND,GENEVA,BRITISH AIRWAYS PLC,A,C, 9 , 0 , 33.3333333333333 , 11.1111111111111 , 33.3333333333333 , 22.2222222222222 , 0 , 0 , 48 , 0 , 8 , 12.5 , 30.125 
08-Jan-2004 16:34,200103,MANCHESTER,SWITZERLAND,GENEVA,BRITISH AIRWAYS PLC,A,S, 31 , 0 , 38.7096774193548 , 25.8064516129032 , 25.8064516129032 , 9.67741935483871 , 0 , 0 , 28.258064516129 , 0 , 54 , 51.8518518518519 , 17.9074074074074 
08-Jan-2004 16:34,200103,MANCHESTER,SWITZERLAND,GENEVA,BRITISH AIRWAYS PLC,D,C, 9 , 0 , 55.5555555555556 , 11.1111111111111 , 22.2222222222222 , 11.1111111111111 , 0 , 0 , 26.6666666666667 , 0 , 8 , 87.5 , 11.75 
08-Jan-2004 16:34,200103,MANCHESTER,SWITZERLAND,GENEVA,BRITISH AIRWAYS PLC,D,S, 30 , 1 , 70 , 6.66666666666667 , 16.6666666666667 , 6.66666666666667 , 0 , 0 , 18.1 , 0 , 54 , 55.5555555555556 , 16.8148148148148 
08-Jan-2004 16:34,200103,MANCHESTER,SWITZERLAND,GENEVA,BRITISH WORLD AIRLINES LTD,A,C, 0 , 0 , 0 , 0 , 0 , 0 , 0 , 0 , 0 , 0 , 1 , 0 , 64 
08-Jan-2004 16:34,200103,MANCHESTER,SWITZERLAND,GENEVA,BRITISH WORLD AIRLINES LTD,D,C, 0 , 0 , 0 , 0 , 0 , 0 , 0 , 0 , 0 , 0 , 1 , 0 , 23 
08-Jan-2004 16:34,200103,MANCHESTER,SWITZERLAND,GENEVA,MONARCH AIRLINES,A,C, 0 , 0 , 0 , 0 , 0 , 0 , 0 , 0 , 0 , 0 , 1 , 0 , 25 
08-Jan-2004 16:34,200103,MANCHESTER,SWITZERLAND,GENEVA,MONARCH AIRLINES,D,C, 0 , 0 , 0 , 0 , 0 , 0 , 0 , 0 , 0 , 0 , 1 , 100 , 11 
08-Jan-2004 16:34,200103,MANCHESTER,SWITZERLAND,GENEVA,MY TRAVEL AIRWAYS UK,A,C, 5 , 0 , 40 , 20 , 20 , 20 , 0 , 0 , 33.4 , 0 , 4 , 75 , 43.75 
08-Jan-2004 16:34,200103,MANCHESTER,SWITZERLAND,GENEVA,MY TRAVEL AIRWAYS UK,D,C, 5 , 0 , 80 , 0 , 0 , 20 , 0 , 0 , 15.6 , 0 , 4 , 25 , 49.5 
08-Jan-2004 16:34,200103,MANCHESTER,SWITZERLAND,ZURICH,B A S E BUSINESS AIRLINES,A,S, 5 , 0 , 40 , 20 , 0 , 40 , 0 , 0 , 41.6 , 0 , 0 , 0 , 0 
08-Jan-2004 16:34,200103,MANCHESTER,SWITZERLAND,ZURICH,B A S E BUSINESS AIRLINES,D,S, 21 , 0 , 95.2380952380952 , 4.76190476190476 , 0 , 0 , 0 , 0 , 1.42857142857143 , 0 , 0 , 0 , 0 
08-Jan-2004 16:34,200103,MANCHESTER,SWITZERLAND,ZURICH,SWISS AIRLINES,A,S, 0 , 0 , 0 , 0 , 0 , 0 , 0 , 0 , 0 , 0 , 22 , 50 , 16.0454545454545 
08-Jan-2004 16:34,200103,MANCHESTER,SWITZERLAND,ZURICH,SWISS AIRLINES,D,S, 0 , 0 , 0 , 0 , 0 , 0 , 0 , 0 , 0 , 0 , 21 , 9.52380952380952 , 33.0476190476191 
08-Jan-2004 16:34,200103,MANCHESTER,SWITZERLAND,ZURICH,SWISSAIR,A,S, 62 , 0 , 40.3225806451613 , 37.0967741935484 , 17.741935483871 , 3.2258064516129 , 1.61290322580645 , 0 , 25.2741935483871 , 0 , 62 , 24.1935483870968 , 30.1290322580645 
08-Jan-2004 16:34,200103,MANCHESTER,SWITZERLAND,ZURICH,SWISSAIR,D,S, 62 , 0 , 64.5161290322581 , 24.1935483870968 , 8.06451612903226 , 1.61290322580645 , 1.61290322580645 , 0 , 17.3548387096774 , 0 , 62 , 82.258064516129 , 9.20967741935484 
08-Jan-2004 16:34,200103,MANCHESTER,THAILAND,PHUKET,BRITANNIA AIRWAYS,A,C, 5 , 0 , 60 , 0 , 20 , 20 , 0 , 0 , 41 , 0 , 5 , 60 , 95 
08-Jan-2004 16:34,200103,MANCHESTER,THAILAND,PHUKET,BRITANNIA AIRWAYS,D,C, 3 , 0 , 33.3333333333333 , 0 , 66.6666666666667 , 0 , 0 , 0 , 30.3333333333333 , 0 , 4 , 75 , 6.5 
08-Jan-2004 16:34,200103,MANCHESTER,TUNISIA,MONASTIR,AIR 2000,A,C, 7 , 1 , 14.2857142857143 , 28.5714285714286 , 42.8571428571429 , 14.2857142857143 , 0 , 0 , 49.5714285714286 , 0 , 0 , 0 , 0 
08-Jan-2004 16:34,200103,MANCHESTER,TUNISIA,MONASTIR,AIR 2000,D,C, 9 , 0 , 44.4444444444444 , 11.1111111111111 , 33.3333333333333 , 11.1111111111111 , 0 , 0 , 30.3333333333333 , 0 , 0 , 0 , 0 
08-Jan-2004 16:34,200103,MANCHESTER,TUNISIA,MONASTIR,BRITANNIA AIRWAYS,A,C, 9 , 0 , 44.4444444444444 , 11.1111111111111 , 33.3333333333333 , 0 , 11.1111111111111 , 0 , 41.6666666666667 , 0 , 9 , 66.6666666666667 , 131.555555555556 
08-Jan-2004 16:34,200103,MANCHESTER,TUNISIA,MONASTIR,BRITANNIA AIRWAYS,D,C, 9 , 0 , 44.4444444444444 , 0 , 44.4444444444444 , 0 , 11.1111111111111 , 0 , 46.6666666666667 , 0 , 9 , 88.8888888888889 , 7.77777777777778 
08-Jan-2004 16:34,200103,MANCHESTER,TUNISIA,MONASTIR,CALEDONIAN AIRWAYS,A,C, 0 , 0 , 0 , 0 , 0 , 0 , 0 , 0 , 0 , 0 , 1 , 0 , 41 
08-Jan-2004 16:34,200103,MANCHESTER,TUNISIA,MONASTIR,CALEDONIAN AIRWAYS,D,C, 0 , 0 , 0 , 0 , 0 , 0 , 0 , 0 , 0 , 0 , 1 , 0 , 37 
08-Jan-2004 16:34,200103,MANCHESTER,TUNISIA,MONASTIR,MONARCH AIRLINES,A,C, 0 , 0 , 0 , 0 , 0 , 0 , 0 , 0 , 0 , 0 , 6 , 50 , 16.6666666666667 
08-Jan-2004 16:34,200103,MANCHESTER,TUNISIA,MONASTIR,MONARCH AIRLINES,D,C, 0 , 0 , 0 , 0 , 0 , 0 , 0 , 0 , 0 , 0 , 7 , 85.7142857142857 , 6 
08-Jan-2004 16:34,200103,MANCHESTER,TUNISIA,MONASTIR,MY TRAVEL AIRWAYS UK,A,C, 8 , 0 , 37.5 , 50 , 0 , 12.5 , 0 , 0 , 27.375 , 0 , 9 , 77.7777777777778 , 6.22222222222222 
08-Jan-2004 16:34,200103,MANCHESTER,TUNISIA,MONASTIR,MY TRAVEL AIRWAYS UK,D,C, 8 , 0 , 75 , 12.5 , 0 , 12.5 , 0 , 0 , 24.875 , 0 , 9 , 88.8888888888889 , 3.55555555555556 
08-Jan-2004 16:34,200103,MANCHESTER,TUNISIA,MONASTIR,NOUVELAIR TUNISIE,A,C, 1 , 0 , 100 , 0 , 0 , 0 , 0 , 0 , 0 , 0 , 0 , 0 , 0 
08-Jan-2004 16:34,200103,MANCHESTER,TUNISIA,MONASTIR,NOUVELAIR TUNISIE,D,C, 1 , 0 , 100 , 0 , 0 , 0 , 0 , 0 , 0 , 0 , 0 , 0 , 0 
08-Jan-2004 16:34,200103,MANCHESTER,TUNISIA,MONASTIR,THOMAS COOK AIRLINES LTD,A,C, 4 , 0 , 50 , 25 , 25 , 0 , 0 , 0 , 15.75 , 0 , 4 , 100 , 5.25 
08-Jan-2004 16:34,200103,MANCHESTER,TUNISIA,MONASTIR,THOMAS COOK AIRLINES LTD,D,C, 4 , 0 , 100 , 0 , 0 , 0 , 0 , 0 , 2 , 0 , 4 , 100 , 0.75 
08-Jan-2004 16:34,200103,MANCHESTER,TURKEY,ANTALYA,CALEDONIAN AIRWAYS,A,C, 0 , 0 , 0 , 0 , 0 , 0 , 0 , 0 , 0 , 0 , 5 , 80 , 35.6 
08-Jan-2004 16:34,200103,MANCHESTER,TURKEY,ANTALYA,CALEDONIAN AIRWAYS,D,C, 0 , 0 , 0 , 0 , 0 , 0 , 0 , 0 , 0 , 0 , 4 , 75 , 25.25 
08-Jan-2004 16:34,200103,MANCHESTER,TURKEY,ANTALYA,THOMAS COOK AIRLINES LTD,A,C, 4 , 0 , 25 , 25 , 25 , 25 , 0 , 0 , 36 , 0 , 0 , 0 , 0 
08-Jan-2004 16:34,200103,MANCHESTER,TURKEY,ANTALYA,THOMAS COOK AIRLINES LTD,D,C, 4 , 0 , 75 , 0 , 25 , 0 , 0 , 0 , 9.5 , 0 , 0 , 0 , 0 
08-Jan-2004 16:34,200103,MANCHESTER,TURKEY,DALAMAN,CALEDONIAN AIRWAYS,D,C, 0 , 0 , 0 , 0 , 0 , 0 , 0 , 0 , 0 , 0 , 1 , 100 , 0 
08-Jan-2004 16:34,200103,MANCHESTER,TURKEY,DALAMAN,KIBRIS TURKISH AIRLINES - KTHY,A,C, 1 , 0 , 100 , 0 , 0 , 0 , 0 , 0 , 3 , 0 , 0 , 0 , 0 
08-Jan-2004 16:34,200103,MANCHESTER,TURKEY,DALAMAN,KIBRIS TURKISH AIRLINES - KTHY,D,C, 1 , 0 , 0 , 100 , 0 , 0 , 0 , 0 , 18 , 0 , 0 , 0 , 0 
08-Jan-2004 16:34,200103,MANCHESTER,TURKEY,ISTANBUL,ISTANBUL HAVA YOLLARI,A,S, 0 , 0 , 0 , 0 , 0 , 0 , 0 , 0 , 0 , 0 , 4 , 25 , 68.75 
08-Jan-2004 16:34,200103,MANCHESTER,TURKEY,ISTANBUL,ISTANBUL HAVA YOLLARI,D,S, 0 , 0 , 0 , 0 , 0 , 0 , 0 , 0 , 0 , 0 , 4 , 0 , 71.75 
08-Jan-2004 16:34,200103,MANCHESTER,TURKEY,ISTANBUL,THY TURK HAVA YOLLARI TURKISH,A,S, 19 , 0 , 36.8421052631579 , 15.7894736842105 , 36.8421052631579 , 10.5263157894737 , 0 , 0 , 28.1052631578947 , 0 , 18 , 38.8888888888889 , 22.0555555555556 
08-Jan-2004 16:34,200103,MANCHESTER,TURKEY,ISTANBUL,THY TURK HAVA YOLLARI TURKISH,D,S, 19 , 0 , 31.5789473684211 , 5.26315789473684 , 36.8421052631579 , 26.3157894736842 , 0 , 0 , 42 , 0 , 18 , 33.3333333333333 , 26.7777777777778 
08-Jan-2004 16:34,200103,MANCHESTER,UNITED ARAB EMIRATES,ABU DHABI INTERNATIONAL,BRITANNIA AIRWAYS,D,C, 0 , 0 , 0 , 0 , 0 , 0 , 0 , 0 , 0 , 0 , 1 , 100 , 2 
08-Jan-2004 16:34,200103,MANCHESTER,UNITED ARAB EMIRATES,DUBAI,EMIRATES,A,S, 31 , 0 , 58.0645161290323 , 25.8064516129032 , 16.1290322580645 , 0 , 0 , 0 , 15.6774193548387 , 0 , 31 , 61.2903225806452 , 24.9354838709677 
08-Jan-2004 16:34,200103,MANCHESTER,UNITED ARAB EMIRATES,DUBAI,EMIRATES,D,S, 31 , 0 , 54.8387096774194 , 29.0322580645161 , 9.67741935483871 , 6.45161290322581 , 0 , 0 , 17.4516129032258 , 0 , 31 , 70.9677419354839 , 38.9354838709677 
08-Jan-2004 16:34,200103,MANCHESTER,UNITED KINGDOM,ABERDEEN,BMI REGIONAL,A,S, 68 , 3 , 89.7058823529412 , 7.35294117647059 , 2.94117647058824 , 0 , 0 , 0 , 5.29411764705882 , 0 , 76 , 81.5789473684211 , 9.31578947368421 
08-Jan-2004 16:34,200103,MANCHESTER,UNITED KINGDOM,ABERDEEN,BMI REGIONAL,D,S, 72 , 0 , 88.8888888888889 , 5.55555555555556 , 5.55555555555556 , 0 , 0 , 0 , 5.44444444444444 , 0 , 74 , 79.7297297297297 , 8.7972972972973 
08-Jan-2004 16:34,200103,MANCHESTER,UNITED KINGDOM,ABERDEEN,BRITISH AIRWAYS CITIEXPRESS LTD,A,S, 146 , 1 , 73.972602739726 , 8.9041095890411 , 6.84931506849315 , 9.58904109589041 , 0.684931506849315 , 0 , 17.2054794520548 , 6 , 153 , 79.7385620915033 , 10.6862745098039 
08-Jan-2004 16:34,200103,MANCHESTER,UNITED KINGDOM,ABERDEEN,BRITISH AIRWAYS CITIEXPRESS LTD,D,S, 144 , 0 , 79.1666666666667 , 9.02777777777778 , 6.25 , 5.55555555555556 , 0 , 0 , 12.9583333333333 , 10 , 154 , 90.2597402597403 , 5 
08-Jan-2004 16:34,200103,MANCHESTER,UNITED KINGDOM,BELFAST CITY,BRITISH REGIONAL AIRLINES LTD,A,S, 114 , 0 , 86.8421052631579 , 5.26315789473684 , 4.3859649122807 , 3.50877192982456 , 0 , 0 , 8.8859649122807 , 1 , 115 , 79.1304347826087 , 13.6521739130435 
08-Jan-2004 16:34,200103,MANCHESTER,UNITED KINGDOM,BELFAST CITY,BRITISH REGIONAL AIRLINES LTD,D,S, 114 , 0 , 89.4736842105263 , 3.50877192982456 , 1.75438596491228 , 5.26315789473684 , 0 , 0 , 7.51754385964912 , 1 , 116 , 87.0689655172414 , 8.18965517241379 
08-Jan-2004 16:34,200103,MANCHESTER,UNITED KINGDOM,BELFAST INTERNATIONAL,BRITISH REGIONAL AIRLINES LTD,A,S, 106 , 1 , 90.5660377358491 , 1.88679245283019 , 3.77358490566038 , 3.77358490566038 , 0 , 0 , 6.61320754716981 , 1 , 116 , 98.2758620689655 , 2.03448275862069 
08-Jan-2004 16:34,200103,MANCHESTER,UNITED KINGDOM,BELFAST INTERNATIONAL,BRITISH REGIONAL AIRLINES LTD,D,S, 106 , 0 , 86.7924528301887 , 6.60377358490566 , 2.83018867924528 , 3.77358490566038 , 0 , 0 , 9.04716981132075 , 1 , 116 , 91.3793103448276 , 4.06896551724138 
08-Jan-2004 16:34,200103,MANCHESTER,UNITED KINGDOM,BIRMINGHAM,AER LINGUS,D,S, 0 , 0 , 0 , 0 , 0 , 0 , 0 , 0 , 0 , 0 , 1 , 0 , 26 
08-Jan-2004 16:34,200103,MANCHESTER,UNITED KINGDOM,BIRMINGHAM,FLYBE.BRITISH EUROPEAN,D,S, 0 , 1 , 0 , 0 , 0 , 0 , 0 , 0 , 0 , 0 , 0 , 0 , 0 
08-Jan-2004 16:34,200103,MANCHESTER,UNITED KINGDOM,BOURNEMOUTH,BRITISH REGIONAL AIRLINES LTD,A,C, 0 , 1 , 0 , 0 , 0 , 0 , 0 , 0 , 0 , 0 , 0 , 0 , 0 
08-Jan-2004 16:34,200103,MANCHESTER,UNITED KINGDOM,BRISTOL,AER LINGUS,A,S, 0 , 0 , 0 , 0 , 0 , 0 , 0 , 0 , 0 , 0 , 1 , 100 , 3 
08-Jan-2004 16:34,200103,MANCHESTER,UNITED KINGDOM,BRISTOL,BRITISH AIRWAYS CITIEXPRESS LTD,A,S, 18 , 0 , 77.7777777777778 , 16.6666666666667 , 5.55555555555556 , 0 , 0 , 0 , 7.83333333333333 , 4 , 20 , 85 , 6.6 
08-Jan-2004 16:34,200103,MANCHESTER,UNITED KINGDOM,BRISTOL,BRITISH AIRWAYS CITIEXPRESS LTD,D,S, 21 , 0 , 85.7142857142857 , 4.76190476190476 , 4.76190476190476 , 0 , 4.76190476190476 , 0 , 13.3809523809524 , 1 , 21 , 85.7142857142857 , 7.76190476190476 
08-Jan-2004 16:34,200103,MANCHESTER,UNITED KINGDOM,EDINBURGH,BMI REGIONAL,A,S, 92 , 4 , 78.2608695652174 , 9.78260869565217 , 8.69565217391304 , 3.26086956521739 , 0 , 0 , 10.695652173913 , 0 , 70 , 70 , 16.5285714285714 
08-Jan-2004 16:34,200103,MANCHESTER,UNITED KINGDOM,EDINBURGH,BMI REGIONAL,D,S, 93 , 3 , 77.4193548387097 , 10.752688172043 , 9.67741935483871 , 2.1505376344086 , 0 , 0 , 10.010752688172 , 0 , 71 , 87.3239436619718 , 5.84507042253521 
08-Jan-2004 16:34,200103,MANCHESTER,UNITED KINGDOM,EDINBURGH,BRITISH AIRWAYS CITIEXPRESS LTD,A,S, 68 , 0 , 72.0588235294118 , 4.41176470588235 , 16.1764705882353 , 7.35294117647059 , 0 , 0 , 19.2352941176471 , 0 , 79 , 92.4050632911392 , 4.9620253164557 
08-Jan-2004 16:34,200103,MANCHESTER,UNITED KINGDOM,EDINBURGH,BRITISH AIRWAYS CITIEXPRESS LTD,D,S, 67 , 2 , 85.0746268656716 , 4.47761194029851 , 4.47761194029851 , 5.97014925373134 , 0 , 0 , 13.1044776119403 , 0 , 79 , 96.2025316455696 , 2.63291139240506 
08-Jan-2004 16:34,200103,MANCHESTER,UNITED KINGDOM,EDINBURGH,BRITISH AIRWAYS PLC,A,S, 79 , 0 , 58.2278481012658 , 17.7215189873418 , 11.3924050632911 , 12.6582278481013 , 0 , 0 , 23.7088607594937 , 3 , 72 , 69.4444444444444 , 12.0555555555556 
08-Jan-2004 16:34,200103,MANCHESTER,UNITED KINGDOM,EDINBURGH,BRITISH AIRWAYS PLC,D,S, 77 , 0 , 61.038961038961 , 12.987012987013 , 14.2857142857143 , 11.6883116883117 , 0 , 0 , 21.4675324675325 , 4 , 55 , 80 , 8.29090909090909 
08-Jan-2004 16:34,200103,MANCHESTER,UNITED KINGDOM,EDINBURGH,BRITISH REGIONAL AIRLINES LTD,A,C, 0 , 1 , 0 , 0 , 0 , 0 , 0 , 0 , 0 , 0 , 0 , 0 , 0 
08-Jan-2004 16:34,200103,MANCHESTER,UNITED KINGDOM,EXETER,BA CITIEXPRESS (IOM) LTD,A,C, 0 , 1 , 0 , 0 , 0 , 0 , 0 , 0 , 0 , 0 , 0 , 0 , 0 
08-Jan-2004 16:34,200103,MANCHESTER,UNITED KINGDOM,GATWICK,AIR 2000,A,C, 2 , 0 , 100 , 0 , 0 , 0 , 0 , 0 , 2 , 0 , 0 , 0 , 0 
08-Jan-2004 16:34,200103,MANCHESTER,UNITED KINGDOM,GATWICK,AIR 2000,D,C, 3 , 0 , 66.6666666666667 , 33.3333333333333 , 0 , 0 , 0 , 0 , 8.33333333333333 , 0 , 0 , 0 , 0 
08-Jan-2004 16:34,200103,MANCHESTER,UNITED KINGDOM,GATWICK,BRITANNIA AIRWAYS,A,C, 8 , 0 , 87.5 , 12.5 , 0 , 0 , 0 , 0 , 5.75 , 0 , 4 , 25 , 45.25 
08-Jan-2004 16:34,200103,MANCHESTER,UNITED KINGDOM,GATWICK,BRITANNIA AIRWAYS,D,C, 9 , 0 , 44.4444444444444 , 22.2222222222222 , 22.2222222222222 , 11.1111111111111 , 0 , 0 , 20.8888888888889 , 0 , 5 , 40 , 53 
08-Jan-2004 16:34,200103,MANCHESTER,UNITED KINGDOM,GATWICK,BRITISH AIRWAYS (EURO OPS) LGW,A,S, 196 , 0 , 82.1428571428571 , 5.61224489795918 , 7.14285714285714 , 4.08163265306122 , 1.02040816326531 , 0 , 13.6428571428571 , 0 , 200 , 83.5 , 6.36 
08-Jan-2004 16:34,200103,MANCHESTER,UNITED KINGDOM,GATWICK,BRITISH AIRWAYS (EURO OPS) LGW,D,S, 196 , 0 , 78.5714285714286 , 6.12244897959184 , 7.14285714285714 , 6.63265306122449 , 1.53061224489796 , 0 , 18.1734693877551 , 0 , 200 , 86.5 , 8.095 
08-Jan-2004 16:34,200103,MANCHESTER,UNITED KINGDOM,GATWICK,MONARCH AIRLINES,A,C, 1 , 0 , 0 , 100 , 0 , 0 , 0 , 0 , 21 , 0 , 4 , 0 , 50.5 
08-Jan-2004 16:34,200103,MANCHESTER,UNITED KINGDOM,GATWICK,MONARCH AIRLINES,D,C, 0 , 0 , 0 , 0 , 0 , 0 , 0 , 0 , 0 , 0 , 4 , 75 , 11.75 
08-Jan-2004 16:34,200103,MANCHESTER,UNITED KINGDOM,GATWICK,MY TRAVEL AIRWAYS UK,A,C, 1 , 0 , 100 , 0 , 0 , 0 , 0 , 0 , 11 , 0 , 0 , 0 , 0 
08-Jan-2004 16:34,200103,MANCHESTER,UNITED KINGDOM,GATWICK,MY TRAVEL AIRWAYS UK,D,C, 4 , 0 , 75 , 25 , 0 , 0 , 0 , 0 , 6.5 , 0 , 0 , 0 , 0 
08-Jan-2004 16:34,200103,MANCHESTER,UNITED KINGDOM,GLASGOW,AER LINGUS,A,S, 0 , 0 , 0 , 0 , 0 , 0 , 0 , 0 , 0 , 0 , 1 , 100 , 1 
08-Jan-2004 16:34,200103,MANCHESTER,UNITED KINGDOM,GLASGOW,BMI REGIONAL,A,S, 95 , 4 , 90.5263157894737 , 7.36842105263158 , 0 , 1.05263157894737 , 1.05263157894737 , 0 , 5.45263157894737 , 0 , 95 , 92.6315789473684 , 4.44210526315789 
08-Jan-2004 16:34,200103,MANCHESTER,UNITED KINGDOM,GLASGOW,BMI REGIONAL,D,S, 97 , 1 , 94.8453608247423 , 4.12371134020619 , 0 , 0 , 1.03092783505155 , 0 , 4.80412371134021 , 0 , 96 , 97.9166666666667 , 1.83333333333333 
08-Jan-2004 16:34,200103,MANCHESTER,UNITED KINGDOM,GLASGOW,BRITISH AIRWAYS CITIEXPRESS LTD,A,S, 72 , 0 , 73.6111111111111 , 13.8888888888889 , 5.55555555555556 , 6.94444444444444 , 0 , 0 , 13.0694444444444 , 0 , 99 , 90.9090909090909 , 5.07070707070707 
08-Jan-2004 16:34,200103,MANCHESTER,UNITED KINGDOM,GLASGOW,BRITISH AIRWAYS CITIEXPRESS LTD,D,S, 74 , 0 , 66.2162162162162 , 12.1621621621622 , 12.1621621621622 , 9.45945945945946 , 0 , 0 , 18.527027027027 , 0 , 99 , 88.8888888888889 , 6.77777777777778 
08-Jan-2004 16:34,200103,MANCHESTER,UNITED KINGDOM,GLASGOW,BRITISH AIRWAYS PLC,A,S, 70 , 0 , 70 , 12.8571428571429 , 10 , 7.14285714285714 , 0 , 0 , 15.5285714285714 , 4 , 48 , 77.0833333333333 , 12.7083333333333 
08-Jan-2004 16:34,200103,MANCHESTER,UNITED KINGDOM,GLASGOW,BRITISH AIRWAYS PLC,D,S, 69 , 0 , 63.768115942029 , 10.1449275362319 , 15.9420289855072 , 10.1449275362319 , 0 , 0 , 22.231884057971 , 3 , 49 , 87.7551020408163 , 9.10204081632653 
08-Jan-2004 16:34,200103,MANCHESTER,UNITED KINGDOM,GLASGOW,BRITISH REGIONAL AIRLINES LTD,A,C, 0 , 1 , 0 , 0 , 0 , 0 , 0 , 0 , 0 , 0 , 0 , 0 , 0 
08-Jan-2004 16:34,200103,MANCHESTER,UNITED KINGDOM,GLASGOW,BRITISH REGIONAL AIRLINES LTD,D,C, 0 , 1 , 0 , 0 , 0 , 0 , 0 , 0 , 0 , 0 , 0 , 0 , 0 
08-Jan-2004 16:34,200103,MANCHESTER,UNITED KINGDOM,GLASGOW,MONARCH AIRLINES,A,C, 0 , 0 , 0 , 0 , 0 , 0 , 0 , 0 , 0 , 0 , 1 , 100 , 3 
08-Jan-2004 16:34,200103,MANCHESTER,UNITED KINGDOM,GLASGOW,THOMAS COOK AIRLINES LTD,A,C, 1 , 0 , 100 , 0 , 0 , 0 , 0 , 0 , 0 , 0 , 0 , 0 , 0 
08-Jan-2004 16:34,200103,MANCHESTER,UNITED KINGDOM,GUERNSEY,AURIGNY AIR SERVICES,A,S, 51 , 0 , 76.4705882352941 , 7.84313725490196 , 9.80392156862745 , 5.88235294117647 , 0 , 0 , 12.6470588235294 , 2 , 0 , 0 , 0 
08-Jan-2004 16:34,200103,MANCHESTER,UNITED KINGDOM,GUERNSEY,AURIGNY AIR SERVICES,D,S, 51 , 0 , 78.4313725490196 , 7.84313725490196 , 7.84313725490196 , 5.88235294117647 , 0 , 0 , 10.4313725490196 , 2 , 0 , 0 , 0 
08-Jan-2004 16:34,200103,MANCHESTER,UNITED KINGDOM,GUERNSEY,BRITISH REGIONAL AIRLINES LTD,A,S, 30 , 0 , 86.6666666666667 , 3.33333333333333 , 0 , 10 , 0 , 0 , 16.1333333333333 , 1 , 30 , 83.3333333333333 , 7.1 
08-Jan-2004 16:34,200103,MANCHESTER,UNITED KINGDOM,GUERNSEY,BRITISH REGIONAL AIRLINES LTD,D,S, 30 , 0 , 80 , 10 , 0 , 10 , 0 , 0 , 18.2666666666667 , 1 , 8 , 87.5 , 2.875 
08-Jan-2004 16:34,200103,MANCHESTER,UNITED KINGDOM,HEATHROW,BMI BRITISH MIDLAND,A,S, 213 , 1 , 74.1784037558685 , 14.0845070422535 , 8.45070422535211 , 3.28638497652582 , 0 , 0 , 12.3427230046948 , 0 , 235 , 78.7234042553192 , 9.48936170212766 
08-Jan-2004 16:34,200103,MANCHESTER,UNITED KINGDOM,HEATHROW,BMI BRITISH MIDLAND,D,S, 213 , 0 , 81.2206572769953 , 10.3286384976526 , 5.63380281690141 , 2.34741784037559 , 0.469483568075117 , 0 , 10.830985915493 , 0 , 236 , 88.135593220339 , 6.17796610169492 
08-Jan-2004 16:34,200103,MANCHESTER,UNITED KINGDOM,HEATHROW,BRITISH AIRWAYS PLC,A,S, 304 , 1 , 65.1315789473684 , 17.1052631578947 , 9.86842105263158 , 7.89473684210526 , 0 , 0 , 17.7828947368421 , 1 , 313 , 84.6645367412141 , 8.21405750798722 
08-Jan-2004 16:34,200103,MANCHESTER,UNITED KINGDOM,HEATHROW,BRITISH AIRWAYS PLC,D,S, 304 , 1 , 74.3421052631579 , 9.86842105263158 , 10.5263157894737 , 4.93421052631579 , 0 , 0.328947368421053 , 15.7993421052632 , 0 , 312 , 80.7692307692308 , 11.3846153846154 
08-Jan-2004 16:34,200103,MANCHESTER,UNITED KINGDOM,HEATHROW,SUDAN AIRWAYS,D,S, 2 , 0 , 0 , 0 , 0 , 0 , 50 , 50 , 317.5 , 0 , 0 , 0 , 0 
08-Jan-2004 16:34,200103,MANCHESTER,UNITED KINGDOM,INVERNESS,BRITISH REGIONAL AIRLINES LTD,A,C, 0 , 1 , 0 , 0 , 0 , 0 , 0 , 0 , 0 , 0 , 0 , 0 , 0 
08-Jan-2004 16:34,200103,MANCHESTER,UNITED KINGDOM,ISLE OF MAN,BA CITIEXPRESS (IOM) LTD,A,S, 94 , 0 , 93.6170212765958 , 1.06382978723404 , 4.25531914893617 , 1.06382978723404 , 0 , 0 , 4.28723404255319 , 0 , 89 , 92.1348314606742 , 5.02247191011236 
08-Jan-2004 16:34,200103,MANCHESTER,UNITED KINGDOM,ISLE OF MAN,BA CITIEXPRESS (IOM) LTD,D,S, 94 , 0 , 90.4255319148936 , 4.25531914893617 , 3.19148936170213 , 2.12765957446809 , 0 , 0 , 4.09574468085106 , 0 , 89 , 93.2584269662921 , 2.58426966292135 
08-Jan-2004 16:34,200103,MANCHESTER,UNITED KINGDOM,ISLE OF MAN,BRITISH REGIONAL AIRLINES LTD,D,C, 0 , 2 , 0 , 0 , 0 , 0 , 0 , 0 , 0 , 0 , 0 , 0 , 0 
08-Jan-2004 16:34,200103,MANCHESTER,UNITED KINGDOM,JERSEY,BRITISH REGIONAL AIRLINES LTD,A,S, 37 , 0 , 86.4864864864865 , 2.7027027027027 , 2.7027027027027 , 8.10810810810811 , 0 , 0 , 11.2972972972973 , 2 , 36 , 80.5555555555556 , 30.5833333333333 
08-Jan-2004 16:34,200103,MANCHESTER,UNITED KINGDOM,JERSEY,BRITISH REGIONAL AIRLINES LTD,D,S, 38 , 0 , 84.2105263157895 , 2.63157894736842 , 2.63157894736842 , 5.26315789473684 , 5.26315789473684 , 0 , 19.2368421052632 , 1 , 58 , 74.1379310344827 , 13.1379310344828 
08-Jan-2004 16:34,200103,MANCHESTER,UNITED KINGDOM,JERSEY,CITY FLYER EXPRESS,A,C, 1 , 0 , 0 , 100 , 0 , 0 , 0 , 0 , 25 , 0 , 0 , 0 , 0 
08-Jan-2004 16:34,200103,MANCHESTER,UNITED KINGDOM,JERSEY,CITY FLYER EXPRESS,D,C, 1 , 0 , 0 , 0 , 100 , 0 , 0 , 0 , 42 , 0 , 0 , 0 , 0 
08-Jan-2004 16:34,200103,MANCHESTER,UNITED KINGDOM,LONDONDERRY,BRITISH REGIONAL AIRLINES LTD,A,S, 30 , 0 , 86.6666666666667 , 10 , 3.33333333333333 , 0 , 0 , 0 , 3.6 , 1 , 30 , 96.6666666666667 , 3.23333333333333 
08-Jan-2004 16:34,200103,MANCHESTER,UNITED KINGDOM,LONDONDERRY,BRITISH REGIONAL AIRLINES LTD,D,S, 31 , 0 , 80.6451612903226 , 12.9032258064516 , 6.45161290322581 , 0 , 0 , 0 , 8.32258064516129 , 0 , 31 , 77.4193548387097 , 6.61290322580645 
08-Jan-2004 16:34,200103,MANCHESTER,UNITED KINGDOM,LUTON,BRITANNIA AIRWAYS,D,C, 1 , 0 , 100 , 0 , 0 , 0 , 0 , 0 , 0 , 0 , 0 , 0 , 0 
08-Jan-2004 16:34,200103,MANCHESTER,UNITED KINGDOM,NEWCASTLE,AIR 2000,A,S, 4 , 0 , 75 , 0 , 25 , 0 , 0 , 0 , 13 , 0 , 0 , 0 , 0 
08-Jan-2004 16:34,200103,MANCHESTER,UNITED KINGDOM,NEWCASTLE,AIR 2000,D,S, 4 , 0 , 25 , 25 , 25 , 25 , 0 , 0 , 35.75 , 0 , 0 , 0 , 0 
08-Jan-2004 16:34,200103,MANCHESTER,UNITED KINGDOM,NEWCASTLE,MY TRAVEL AIRWAYS UK,A,C, 0 , 1 , 0 , 0 , 0 , 0 , 0 , 0 , 0 , 0 , 1 , 0 , 85 
08-Jan-2004 16:34,200103,MANCHESTER,UNITED KINGDOM,NEWQUAY,BRITISH WORLD AIRLINES LTD,A,C, 0 , 0 , 0 , 0 , 0 , 0 , 0 , 0 , 0 , 0 , 1 , 0 , 102 
08-Jan-2004 16:34,200103,MANCHESTER,UNITED KINGDOM,NEWQUAY,BRITISH WORLD AIRLINES LTD,D,C, 0 , 0 , 0 , 0 , 0 , 0 , 0 , 0 , 0 , 0 , 1 , 100 , 0 
08-Jan-2004 16:34,200103,MANCHESTER,UNITED KINGDOM,NORWICH,EASTERN AIRWAYS,A,S, 71 , 0 , 85.9154929577465 , 9.85915492957746 , 2.8169014084507 , 1.40845070422535 , 0 , 0 , 6.69014084507042 , 0 , 45 , 33.3333333333333 , 42.6444444444444 
08-Jan-2004 16:34,200103,MANCHESTER,UNITED KINGDOM,NORWICH,EASTERN AIRWAYS,D,S, 71 , 0 , 92.9577464788732 , 2.8169014084507 , 1.40845070422535 , 2.8169014084507 , 0 , 0 , 4.07042253521127 , 0 , 45 , 86.6666666666667 , 10.9555555555556 
08-Jan-2004 16:34,200103,MANCHESTER,UNITED KINGDOM,SOUTHAMPTON,BRITISH REGIONAL AIRLINES LTD,A,S, 69 , 1 , 82.6086956521739 , 13.0434782608696 , 2.89855072463768 , 1.44927536231884 , 0 , 0 , 6.17391304347826 , 1 , 73 , 94.5205479452055 , 4.01369863013699 
08-Jan-2004 16:34,200103,MANCHESTER,UNITED KINGDOM,SOUTHAMPTON,BRITISH REGIONAL AIRLINES LTD,D,S, 70 , 0 , 82.8571428571429 , 8.57142857142857 , 8.57142857142857 , 0 , 0 , 0 , 7.01428571428571 , 0 , 73 , 93.1506849315068 , 3.31506849315068 
08-Jan-2004 16:34,200103,MANCHESTER,UNITED KINGDOM,STANSTED,BRITISH REGIONAL AIRLINES LTD,A,S, 87 , 0 , 73.5632183908046 , 9.19540229885057 , 12.6436781609195 , 4.59770114942529 , 0 , 0 , 13.6436781609195 , 1 , 70 , 95.7142857142857 , 3.85714285714286 
08-Jan-2004 16:34,200103,MANCHESTER,UNITED KINGDOM,STANSTED,BRITISH REGIONAL AIRLINES LTD,D,S, 87 , 0 , 77.0114942528736 , 10.3448275862069 , 9.19540229885057 , 3.44827586206897 , 0 , 0 , 10.3333333333333 , 1 , 73 , 93.1506849315068 , 3.65753424657534 
08-Jan-2004 16:34,200103,MANCHESTER,UNITED KINGDOM,TEESSIDE,MY TRAVEL AIRWAYS UK,A,C, 0 , 0 , 0 , 0 , 0 , 0 , 0 , 0 , 0 , 0 , 1 , 0 , 57 
08-Jan-2004 16:34,200103,MANCHESTER,USA,ATLANTA,DELTA AIRLINES,A,S, 31 , 0 , 51.6129032258064 , 25.8064516129032 , 9.67741935483871 , 12.9032258064516 , 0 , 0 , 21.258064516129 , 0 , 31 , 19.3548387096774 , 39.4193548387097 
08-Jan-2004 16:34,200103,MANCHESTER,USA,ATLANTA,DELTA AIRLINES,D,S, 31 , 0 , 90.3225806451613 , 6.45161290322581 , 3.2258064516129 , 0 , 0 , 0 , 3.93548387096774 , 0 , 31 , 87.0967741935484 , 8 
08-Jan-2004 16:34,200103,MANCHESTER,USA,CHICAGO (O'HARE),AMERICAN AIRLINES,A,S, 31 , 0 , 51.6129032258064 , 12.9032258064516 , 12.9032258064516 , 16.1290322580645 , 6.45161290322581 , 0 , 43.2903225806452 , 0 , 31 , 70.9677419354839 , 12.3870967741935 
08-Jan-2004 16:34,200103,MANCHESTER,USA,CHICAGO (O'HARE),AMERICAN AIRLINES,D,S, 31 , 0 , 51.6129032258064 , 16.1290322580645 , 9.67741935483871 , 16.1290322580645 , 6.45161290322581 , 0 , 45.3225806451613 , 0 , 31 , 80.6451612903226 , 10.2258064516129 
08-Jan-2004 16:34,200103,MANCHESTER,USA,LAS VEGAS,MY TRAVEL AIRWAYS UK,A,C, 4 , 0 , 0 , 0 , 50 , 50 , 0 , 0 , 61.75 , 0 , 5 , 0 , 66 
08-Jan-2004 16:34,200103,MANCHESTER,USA,LAS VEGAS,MY TRAVEL AIRWAYS UK,D,C, 4 , 0 , 75 , 25 , 0 , 0 , 0 , 0 , 7.25 , 0 , 4 , 75 , 14.5 
08-Jan-2004 16:34,200103,MANCHESTER,USA,NEW YORK (JF KENNEDY),BRITISH AIRWAYS PLC,A,S, 29 , 1 , 44.8275862068965 , 13.7931034482759 , 24.1379310344828 , 17.2413793103448 , 0 , 0 , 29.5862068965517 , 0 , 29 , 58.6206896551724 , 17.3103448275862 
08-Jan-2004 16:34,200103,MANCHESTER,USA,NEW YORK (JF KENNEDY),BRITISH AIRWAYS PLC,D,S, 31 , 0 , 77.4193548387097 , 9.67741935483871 , 0 , 12.9032258064516 , 0 , 0 , 18.8387096774194 , 0 , 29 , 93.1034482758621 , 4.10344827586207 
08-Jan-2004 16:34,200103,MANCHESTER,USA,NEW YORK (JF KENNEDY),DELTA AIRLINES,A,S, 0 , 0 , 0 , 0 , 0 , 0 , 0 , 0 , 0 , 0 , 31 , 83.8709677419355 , 10.5806451612903 
08-Jan-2004 16:34,200103,MANCHESTER,USA,NEW YORK (JF KENNEDY),DELTA AIRLINES,D,S, 0 , 0 , 0 , 0 , 0 , 0 , 0 , 0 , 0 , 0 , 31 , 87.0967741935484 , 6.90322580645161 
08-Jan-2004 16:34,200103,MANCHESTER,USA,NEW YORK (JF KENNEDY),MONARCH AIRLINES,A,C, 0 , 7 , 0 , 0 , 0 , 0 , 0 , 0 , 0 , 0 , 0 , 0 , 0 
08-Jan-2004 16:34,200103,MANCHESTER,USA,NEW YORK (JF KENNEDY),MONARCH AIRLINES,D,C, 0 , 8 , 0 , 0 , 0 , 0 , 0 , 0 , 0 , 0 , 0 , 0 , 0 
08-Jan-2004 16:34,200103,MANCHESTER,USA,NEW YORK (JF KENNEDY),PAKISTAN INTL AIRLINES,A,S, 13 , 0 , 38.4615384615385 , 23.0769230769231 , 7.69230769230769 , 15.3846153846154 , 0 , 15.3846153846154 , 185.846153846154 , 0 , 0 , 0 , 0 
08-Jan-2004 16:34,200103,MANCHESTER,USA,NEW YORK (JF KENNEDY),PAKISTAN INTL AIRLINES,D,S, 13 , 0 , 30.7692307692308 , 0 , 38.4615384615385 , 23.0769230769231 , 0 , 7.69230769230769 , 126.384615384615 , 0 , 0 , 0 , 0 
08-Jan-2004 16:34,200103,MANCHESTER,USA,NEW YORK (NEWARK),CONTINENTAL AIRLINES,A,S, 31 , 0 , 67.741935483871 , 9.67741935483871 , 9.67741935483871 , 12.9032258064516 , 0 , 0 , 19.6451612903226 , 0 , 31 , 29.0322580645161 , 38.6774193548387 
08-Jan-2004 16:34,200103,MANCHESTER,USA,NEW YORK (NEWARK),CONTINENTAL AIRLINES,D,S, 31 , 0 , 70.9677419354839 , 25.8064516129032 , 3.2258064516129 , 0 , 0 , 0 , 10.2258064516129 , 0 , 31 , 93.5483870967742 , 8.87096774193548 
08-Jan-2004 16:34,200103,MANCHESTER,USA,ORLANDO,BRITANNIA AIRWAYS,A,C, 4 , 0 , 75 , 0 , 0 , 25 , 0 , 0 , 24.25 , 0 , 9 , 33.3333333333333 , 56.1111111111111 
08-Jan-2004 16:34,200103,MANCHESTER,USA,ORLANDO,BRITANNIA AIRWAYS,D,C, 5 , 0 , 60 , 20 , 0 , 20 , 0 , 0 , 21.8 , 0 , 9 , 77.7777777777778 , 48.2222222222222 
08-Jan-2004 16:34,200103,MANCHESTER,USA,PHILADELPHIA INTERNATIONAL,US AIRWAYS,A,S, 31 , 0 , 83.8709677419355 , 9.67741935483871 , 3.2258064516129 , 3.2258064516129 , 0 , 0 , 8 , 0 , 0 , 0 , 0 
08-Jan-2004 16:34,200103,MANCHESTER,USA,PHILADELPHIA INTERNATIONAL,US AIRWAYS,D,S, 31 , 0 , 67.741935483871 , 22.5806451612903 , 6.45161290322581 , 0 , 3.2258064516129 , 0 , 18.8709677419355 , 0 , 0 , 0 , 0 
08-Jan-2004 16:34,200103,MANCHESTER,USA,SANFORD,AIR 2000,A,C, 13 , 1 , 84.6153846153846 , 15.3846153846154 , 0 , 0 , 0 , 0 , 4.92307692307692 , 0 , 12 , 75 , 12.75 
08-Jan-2004 16:34,200103,MANCHESTER,USA,SANFORD,AIR 2000,D,C, 16 , 0 , 68.75 , 31.25 , 0 , 0 , 0 , 0 , 11.25 , 0 , 14 , 64.2857142857143 , 23 
08-Jan-2004 16:34,200103,MANCHESTER,USA,SANFORD,MY TRAVEL AIRWAYS UK,A,C, 17 , 0 , 35.2941176470588 , 11.7647058823529 , 11.7647058823529 , 29.4117647058824 , 0 , 11.7647058823529 , 179.176470588235 , 0 , 12 , 50 , 104.833333333333 
08-Jan-2004 16:34,200103,MANCHESTER,USA,SANFORD,MY TRAVEL AIRWAYS UK,D,C, 20 , 0 , 45 , 20 , 25 , 0 , 5 , 5 , 56 , 0 , 13 , 53.8461538461538 , 82 
08-Jan-2004 16:34,200103,MANCHESTER,VENEZUELA,PORLAMAR,AIR 2000,A,C, 3 , 0 , 66.6666666666667 , 0 , 33.3333333333333 , 0 , 0 , 0 , 10.3333333333333 , 0 , 3 , 33.3333333333333 , 18.3333333333333 
08-Jan-2004 16:34,200103,MANCHESTER,VENEZUELA,PORLAMAR,AIR 2000,D,C, 2 , 0 , 0 , 50 , 50 , 0 , 0 , 0 , 28.5 , 0 , 3 , 100 , 2 
08-Jan-2004 16:34,200103,NEWCASTLE,AUSTRIA,INNSBRUCK,CITY FLYER EXPRESS,A,C, 4 , 0 , 75 , 0 , 0 , 25 , 0 , 0 , 31.5 , 0 , 0 , 0 , 0 
08-Jan-2004 16:34,200103,NEWCASTLE,AUSTRIA,INNSBRUCK,CITY FLYER EXPRESS,D,C, 3 , 0 , 66.6666666666667 , 0 , 0 , 33.3333333333333 , 0 , 0 , 35.3333333333333 , 0 , 0 , 0 , 0 
08-Jan-2004 16:34,200103,NEWCASTLE,AUSTRIA,INNSBRUCK,TYROLEAN AIRWAYS,A,C, 0 , 0 , 0 , 0 , 0 , 0 , 0 , 0 , 0 , 0 , 3 , 66.6666666666667 , 23 
08-Jan-2004 16:34,200103,NEWCASTLE,AUSTRIA,INNSBRUCK,TYROLEAN AIRWAYS,D,C, 0 , 0 , 0 , 0 , 0 , 0 , 0 , 0 , 0 , 0 , 2 , 0 , 37 
08-Jan-2004 16:34,200103,NEWCASTLE,AUSTRIA,SALZBURG,AIR 2000,A,C, 4 , 0 , 50 , 0 , 25 , 0 , 25 , 0 , 57.25 , 0 , 3 , 100 , 7.66666666666667 
08-Jan-2004 16:34,200103,NEWCASTLE,AUSTRIA,SALZBURG,AIR 2000,D,C, 3 , 0 , 33.3333333333333 , 66.6666666666667 , 0 , 0 , 0 , 0 , 18 , 0 , 2 , 100 , 0 
08-Jan-2004 16:34,200103,NEWCASTLE,BELGIUM,BRUSSELS,SABENA,A,S, 109 , 0 , 60.5504587155963 , 26.605504587156 , 10.0917431192661 , 2.75229357798165 , 0 , 0 , 15.5321100917431 , 1 , 111 , 63.0630630630631 , 17.2972972972973 
08-Jan-2004 16:34,200103,NEWCASTLE,BELGIUM,BRUSSELS,SABENA,D,S, 108 , 0 , 65.7407407407407 , 21.2962962962963 , 10.1851851851852 , 2.77777777777778 , 0 , 0 , 14.5462962962963 , 2 , 111 , 78.3783783783784 , 12.8558558558559 
08-Jan-2004 16:34,200103,NEWCASTLE,CYPRUS,LARNACA,AIR 2000,A,S, 4 , 1 , 25 , 25 , 25 , 25 , 0 , 0 , 46 , 0 , 0 , 0 , 0 
08-Jan-2004 16:34,200103,NEWCASTLE,CYPRUS,LARNACA,AIR 2000,D,S, 4 , 0 , 75 , 0 , 25 , 0 , 0 , 0 , 12 , 0 , 0 , 0 , 0 
08-Jan-2004 16:34,200103,NEWCASTLE,CYPRUS,LARNACA,MY TRAVEL AIRWAYS UK,A,C, 4 , 0 , 50 , 0 , 25 , 25 , 0 , 0 , 35.75 , 0 , 4 , 75 , 12 
08-Jan-2004 16:34,200103,NEWCASTLE,CYPRUS,LARNACA,MY TRAVEL AIRWAYS UK,D,C, 4 , 0 , 25 , 25 , 0 , 50 , 0 , 0 , 48.25 , 0 , 4 , 100 , 0.75 
08-Jan-2004 16:34,200103,NEWCASTLE,CYPRUS,PAPHOS,EUROCYPRIA AIRLINES LTD,A,C, 5 , 0 , 20 , 20 , 20 , 20 , 20 , 0 , 87 , 0 , 4 , 75 , 6.75 
08-Jan-2004 16:34,200103,NEWCASTLE,CYPRUS,PAPHOS,EUROCYPRIA AIRLINES LTD,D,C, 5 , 0 , 40 , 0 , 20 , 20 , 20 , 0 , 80.4 , 0 , 4 , 100 , 2.75 
08-Jan-2004 16:34,200103,NEWCASTLE,DENMARK,COPENHAGEN,BRITISH AIRWAYS CITIEXPRESS LTD,A,S, 26 , 0 , 61.5384615384615 , 3.84615384615385 , 19.2307692307692 , 15.3846153846154 , 0 , 0 , 27.8461538461538 , 0 , 26 , 80.7692307692308 , 26.3846153846154 
08-Jan-2004 16:34,200103,NEWCASTLE,DENMARK,COPENHAGEN,BRITISH AIRWAYS CITIEXPRESS LTD,D,S, 26 , 0 , 65.3846153846154 , 3.84615384615385 , 11.5384615384615 , 19.2307692307692 , 0 , 0 , 30.6538461538462 , 0 , 26 , 73.0769230769231 , 14 
08-Jan-2004 16:34,200103,NEWCASTLE,FRANCE,CHAMBERY,CITY FLYER EXPRESS,A,C, 5 , 0 , 60 , 0 , 20 , 20 , 0 , 0 , 33.2 , 0 , 4 , 75 , 14.5 
08-Jan-2004 16:34,200103,NEWCASTLE,FRANCE,CHAMBERY,CITY FLYER EXPRESS,D,C, 5 , 0 , 20 , 40 , 20 , 20 , 0 , 0 , 34.2 , 0 , 4 , 50 , 22.5 
08-Jan-2004 16:34,200103,NEWCASTLE,FRANCE,CHAMBERY,FLYBE.BRITISH EUROPEAN,A,C, 0 , 0 , 0 , 0 , 0 , 0 , 0 , 0 , 0 , 0 , 1 , 0 , 127 
08-Jan-2004 16:34,200103,NEWCASTLE,FRANCE,LYON,AIR 2000,A,C, 0 , 0 , 0 , 0 , 0 , 0 , 0 , 0 , 0 , 0 , 1 , 100 , 5 
08-Jan-2004 16:34,200103,NEWCASTLE,FRANCE,PARIS (CHARLES DE GAULLE),GILL AIRWAYS,A,S, 79 , 0 , 68.3544303797468 , 15.1898734177215 , 8.86075949367089 , 7.59493670886076 , 0 , 0 , 17.253164556962 , 0 , 80 , 52.5 , 40.5625 
08-Jan-2004 16:34,200103,NEWCASTLE,FRANCE,PARIS (CHARLES DE GAULLE),GILL AIRWAYS,D,S, 79 , 0 , 75.9493670886076 , 11.3924050632911 , 11.3924050632911 , 1.26582278481013 , 0 , 0 , 10.3291139240506 , 0 , 80 , 67.5 , 22.1375 
08-Jan-2004 16:34,200103,NEWCASTLE,GERMANY,DUSSELDORF,LUFTHANSA CITY LINE,A,S, 7 , 0 , 100 , 0 , 0 , 0 , 0 , 0 , 0 , 0 , 0 , 0 , 0 
08-Jan-2004 16:34,200103,NEWCASTLE,GERMANY,DUSSELDORF,LUFTHANSA CITY LINE,D,S, 7 , 0 , 100 , 0 , 0 , 0 , 0 , 0 , 3.28571428571429 , 0 , 0 , 0 , 0 
08-Jan-2004 16:34,200103,NEWCASTLE,GERMANY,HAMBURG,AUGSBURG AIRWAYS GMBH,A,S, 0 , 0 , 0 , 0 , 0 , 0 , 0 , 0 , 0 , 0 , 22 , 63.6363636363636 , 13.9090909090909 
08-Jan-2004 16:34,200103,NEWCASTLE,GERMANY,HAMBURG,AUGSBURG AIRWAYS GMBH,D,S, 0 , 0 , 0 , 0 , 0 , 0 , 0 , 0 , 0 , 0 , 22 , 72.7272727272727 , 9.13636363636364 
08-Jan-2004 16:34,200103,NEWCASTLE,IRISH REPUBLIC,CORK,BRITISH AIRWAYS CITIEXPRESS LTD,A,S, 6 , 0 , 66.6666666666667 , 0 , 33.3333333333333 , 0 , 0 , 0 , 17.5 , 0 , 0 , 0 , 0 
08-Jan-2004 16:34,200103,NEWCASTLE,IRISH REPUBLIC,CORK,BRITISH AIRWAYS CITIEXPRESS LTD,D,S, 6 , 0 , 50 , 16.6666666666667 , 16.6666666666667 , 16.6666666666667 , 0 , 0 , 21.3333333333333 , 0 , 0 , 0 , 0 
08-Jan-2004 16:34,200103,NEWCASTLE,IRISH REPUBLIC,DUBLIN,AER LINGUS,A,S, 47 , 0 , 97.8723404255319 , 2.12765957446809 , 0 , 0 , 0 , 0 , 1.57446808510638 , 1 , 62 , 93.5483870967742 , 4.17741935483871 
08-Jan-2004 16:34,200103,NEWCASTLE,IRISH REPUBLIC,DUBLIN,AER LINGUS,D,S, 47 , 0 , 89.3617021276596 , 10.6382978723404 , 0 , 0 , 0 , 0 , 5.17021276595745 , 1 , 62 , 87.0967741935484 , 6.41935483870968 
08-Jan-2004 16:34,200103,NEWCASTLE,IRISH REPUBLIC,DUBLIN,BRITISH AIRWAYS CITIEXPRESS LTD,A,S, 18 , 0 , 61.1111111111111 , 16.6666666666667 , 0 , 22.2222222222222 , 0 , 0 , 20.3888888888889 , 0 , 0 , 0 , 0 
08-Jan-2004 16:34,200103,NEWCASTLE,IRISH REPUBLIC,DUBLIN,BRITISH AIRWAYS CITIEXPRESS LTD,D,S, 18 , 0 , 66.6666666666667 , 11.1111111111111 , 5.55555555555556 , 16.6666666666667 , 0 , 0 , 18.7222222222222 , 0 , 0 , 0 , 0 
08-Jan-2004 16:34,200103,NEWCASTLE,IRISH REPUBLIC,DUBLIN,GILL AIRWAYS,A,S, 78 , 0 , 96.1538461538462 , 2.56410256410256 , 0 , 1.28205128205128 , 0 , 0 , 3.06410256410256 , 1 , 0 , 0 , 0 
08-Jan-2004 16:34,200103,NEWCASTLE,IRISH REPUBLIC,DUBLIN,GILL AIRWAYS,D,S, 79 , 0 , 92.4050632911392 , 3.79746835443038 , 2.53164556962025 , 1.26582278481013 , 0 , 0 , 4.73417721518987 , 0 , 0 , 0 , 0 
08-Jan-2004 16:34,200103,NEWCASTLE,ITALY,TURIN,BMI BRITISH MIDLAND,A,C, 4 , 0 , 25 , 50 , 0 , 25 , 0 , 0 , 36 , 0 , 0 , 0 , 0 
08-Jan-2004 16:34,200103,NEWCASTLE,ITALY,TURIN,BMI BRITISH MIDLAND,D,C, 3 , 0 , 0 , 66.6666666666667 , 0 , 33.3333333333333 , 0 , 0 , 45 , 0 , 0 , 0 , 0 
08-Jan-2004 16:34,200103,NEWCASTLE,ITALY,TURIN,CITY FLYER EXPRESS,A,C, 0 , 0 , 0 , 0 , 0 , 0 , 0 , 0 , 0 , 0 , 3 , 33.3333333333333 , 34 
08-Jan-2004 16:34,200103,NEWCASTLE,ITALY,TURIN,CITY FLYER EXPRESS,D,C, 0 , 0 , 0 , 0 , 0 , 0 , 0 , 0 , 0 , 0 , 2 , 100 , 7 
08-Jan-2004 16:34,200103,NEWCASTLE,MALTA,MALTA,AIR MALTA,A,C, 3 , 0 , 100 , 0 , 0 , 0 , 0 , 0 , 2.33333333333333 , 0 , 4 , 75 , 14 
08-Jan-2004 16:34,200103,NEWCASTLE,MALTA,MALTA,AIR MALTA,D,C, 3 , 0 , 100 , 0 , 0 , 0 , 0 , 0 , 5.33333333333333 , 0 , 4 , 50 , 32.75 
08-Jan-2004 16:34,200103,NEWCASTLE,MALTA,MALTA,MY TRAVEL AIRWAYS UK,A,C, 0 , 0 , 0 , 0 , 0 , 0 , 0 , 0 , 0 , 0 , 3 , 66.6666666666667 , 17.3333333333333 
08-Jan-2004 16:34,200103,NEWCASTLE,MALTA,MALTA,MY TRAVEL AIRWAYS UK,D,C, 0 , 0 , 0 , 0 , 0 , 0 , 0 , 0 , 0 , 0 , 3 , 33.3333333333333 , 11 
08-Jan-2004 16:34,200103,NEWCASTLE,NETHERLANDS,AMSTERDAM,KLM UK LTD,A,S, 166 , 1 , 78.3132530120482 , 9.63855421686747 , 9.03614457831325 , 3.01204819277108 , 0 , 0 , 10.6566265060241 , 0 , 158 , 81.6455696202532 , 12.7215189873418 
08-Jan-2004 16:34,200103,NEWCASTLE,NETHERLANDS,AMSTERDAM,KLM UK LTD,D,S, 166 , 0 , 80.7228915662651 , 6.02409638554217 , 8.43373493975904 , 4.81927710843374 , 0 , 0 , 12.0240963855422 , 1 , 155 , 82.5806451612903 , 12.5870967741935 
08-Jan-2004 16:34,200103,NEWCASTLE,NORWAY,OSLO (GARDERMOEN),BRAATHENS ASA,A,S, 0 , 0 , 0 , 0 , 0 , 0 , 0 , 0 , 0 , 0 , 27 , 96.2962962962963 , 3.74074074074074 
08-Jan-2004 16:34,200103,NEWCASTLE,NORWAY,OSLO (GARDERMOEN),BRAATHENS ASA,D,S, 0 , 0 , 0 , 0 , 0 , 0 , 0 , 0 , 0 , 0 , 27 , 74.0740740740741 , 8.92592592592593 
08-Jan-2004 16:34,200103,NEWCASTLE,NORWAY,STAVANGER,BRAATHENS ASA,A,S, 49 , 0 , 87.7551020408163 , 6.12244897959184 , 4.08163265306122 , 2.04081632653061 , 0 , 0 , 7.83673469387755 , 3 , 27 , 62.962962962963 , 12.4444444444444 
08-Jan-2004 16:34,200103,NEWCASTLE,NORWAY,STAVANGER,BRAATHENS ASA,D,S, 49 , 0 , 83.6734693877551 , 6.12244897959184 , 6.12244897959184 , 2.04081632653061 , 2.04081632653061 , 0 , 11.6734693877551 , 3 , 27 , 92.5925925925926 , 3.33333333333333 
08-Jan-2004 16:34,200103,NEWCASTLE,PORTUGAL(EXCLUDING MADEIRA),FARO,AIR 2000,A,C, 1 , 0 , 100 , 0 , 0 , 0 , 0 , 0 , 0 , 0 , 2 , 100 , 0 
08-Jan-2004 16:34,200103,NEWCASTLE,PORTUGAL(EXCLUDING MADEIRA),FARO,AIR 2000,D,C, 1 , 0 , 100 , 0 , 0 , 0 , 0 , 0 , 0 , 0 , 2 , 100 , 0 
08-Jan-2004 16:34,200103,NEWCASTLE,PORTUGAL(EXCLUDING MADEIRA),FARO,MY TRAVEL AIRWAYS UK,A,C, 4 , 0 , 25 , 0 , 25 , 50 , 0 , 0 , 51 , 0 , 4 , 75 , 14 
08-Jan-2004 16:34,200103,NEWCASTLE,PORTUGAL(EXCLUDING MADEIRA),FARO,MY TRAVEL AIRWAYS UK,D,C, 4 , 0 , 50 , 25 , 25 , 0 , 0 , 0 , 21.75 , 0 , 4 , 75 , 12.25 
08-Jan-2004 16:34,200103,NEWCASTLE,PORTUGAL(MADEIRA),FUNCHAL,SATA,A,C, 4 , 0 , 100 , 0 , 0 , 0 , 0 , 0 , 0 , 0 , 4 , 50 , 21.5 
08-Jan-2004 16:34,200103,NEWCASTLE,PORTUGAL(MADEIRA),FUNCHAL,SATA,D,C, 4 , 0 , 100 , 0 , 0 , 0 , 0 , 0 , 1.25 , 0 , 4 , 50 , 22.25 
08-Jan-2004 16:34,200103,NEWCASTLE,SPAIN,ALICANTE,AIR 2000,A,C, 1 , 0 , 100 , 0 , 0 , 0 , 0 , 0 , 0 , 0 , 0 , 0 , 0 
08-Jan-2004 16:34,200103,NEWCASTLE,SPAIN,ALICANTE,AIR 2000,D,C, 1 , 0 , 100 , 0 , 0 , 0 , 0 , 0 , 10 , 0 , 0 , 0 , 0 
08-Jan-2004 16:34,200103,NEWCASTLE,SPAIN,ALICANTE,BRITANNIA AIRWAYS,A,C, 14 , 0 , 78.5714285714286 , 14.2857142857143 , 7.14285714285714 , 0 , 0 , 0 , 9.42857142857143 , 0 , 13 , 84.6153846153846 , 5.53846153846154 
08-Jan-2004 16:34,200103,NEWCASTLE,SPAIN,ALICANTE,BRITANNIA AIRWAYS,D,C, 14 , 0 , 85.7142857142857 , 7.14285714285714 , 7.14285714285714 , 0 , 0 , 0 , 8.35714285714286 , 0 , 13 , 100 , 3.23076923076923 
08-Jan-2004 16:34,200103,NEWCASTLE,SPAIN,ALICANTE,MY TRAVEL AIRWAYS UK,A,C, 9 , 0 , 88.8888888888889 , 0 , 0 , 11.1111111111111 , 0 , 0 , 10.1111111111111 , 0 , 8 , 87.5 , 5.125 
08-Jan-2004 16:34,200103,NEWCASTLE,SPAIN,ALICANTE,MY TRAVEL AIRWAYS UK,D,C, 9 , 0 , 100 , 0 , 0 , 0 , 0 , 0 , 5.33333333333333 , 0 , 8 , 87.5 , 2.875 
08-Jan-2004 16:34,200103,NEWCASTLE,SPAIN,MAHON,MY TRAVEL AIRWAYS UK,D,C, 1 , 0 , 100 , 0 , 0 , 0 , 0 , 0 , 5 , 0 , 0 , 0 , 0 
08-Jan-2004 16:34,200103,NEWCASTLE,SPAIN,MALAGA,BRITANNIA AIRWAYS,A,C, 9 , 0 , 33.3333333333333 , 11.1111111111111 , 33.3333333333333 , 22.2222222222222 , 0 , 0 , 31.2222222222222 , 0 , 4 , 50 , 25.5 
08-Jan-2004 16:34,200103,NEWCASTLE,SPAIN,MALAGA,BRITANNIA AIRWAYS,D,C, 9 , 0 , 77.7777777777778 , 11.1111111111111 , 11.1111111111111 , 0 , 0 , 0 , 8.44444444444444 , 0 , 4 , 100 , 4 
08-Jan-2004 16:34,200103,NEWCASTLE,SPAIN,MALAGA,MY TRAVEL AIRWAYS UK,A,C, 5 , 0 , 20 , 0 , 40 , 20 , 20 , 0 , 91.6 , 0 , 4 , 0 , 31.5 
08-Jan-2004 16:34,200103,NEWCASTLE,SPAIN,MALAGA,MY TRAVEL AIRWAYS UK,D,C, 5 , 0 , 40 , 60 , 0 , 0 , 0 , 0 , 13.8 , 0 , 5 , 80 , 11.4 
08-Jan-2004 16:34,200103,NEWCASTLE,SPAIN,MALAGA,THOMAS COOK AIRLINES LTD,A,C, 4 , 0 , 25 , 75 , 0 , 0 , 0 , 0 , 18.5 , 0 , 0 , 0 , 0 
08-Jan-2004 16:34,200103,NEWCASTLE,SPAIN,MALAGA,THOMAS COOK AIRLINES LTD,D,C, 4 , 0 , 75 , 25 , 0 , 0 , 0 , 0 , 6.5 , 0 , 0 , 0 , 0 
08-Jan-2004 16:34,200103,NEWCASTLE,SPAIN,PALMA DE MALLORCA,AIR 2000,D,C, 1 , 0 , 100 , 0 , 0 , 0 , 0 , 0 , 8 , 0 , 0 , 0 , 0 
08-Jan-2004 16:34,200103,NEWCASTLE,SPAIN,PALMA DE MALLORCA,BRITANNIA AIRWAYS,A,C, 5 , 0 , 60 , 20 , 20 , 0 , 0 , 0 , 18 , 0 , 5 , 80 , 8.2 
08-Jan-2004 16:34,200103,NEWCASTLE,SPAIN,PALMA DE MALLORCA,BRITANNIA AIRWAYS,D,C, 5 , 0 , 100 , 0 , 0 , 0 , 0 , 0 , 1.8 , 0 , 5 , 100 , 2.8 
08-Jan-2004 16:34,200103,NEWCASTLE,SPAIN,PALMA DE MALLORCA,MY TRAVEL AIRWAYS UK,A,C, 5 , 0 , 40 , 40 , 20 , 0 , 0 , 0 , 16.2 , 0 , 5 , 80 , 14 
08-Jan-2004 16:34,200103,NEWCASTLE,SPAIN,PALMA DE MALLORCA,MY TRAVEL AIRWAYS UK,D,C, 5 , 0 , 80 , 20 , 0 , 0 , 0 , 0 , 4 , 0 , 5 , 100 , 4.8 
08-Jan-2004 16:34,200103,NEWCASTLE,SPAIN(CANARY ISLANDS),ARRECIFE,AIR 2000,A,C, 0 , 0 , 0 , 0 , 0 , 0 , 0 , 0 , 0 , 0 , 5 , 80 , 5.6 
08-Jan-2004 16:34,200103,NEWCASTLE,SPAIN(CANARY ISLANDS),ARRECIFE,AIR 2000,A,S, 5 , 0 , 80 , 0 , 0 , 20 , 0 , 0 , 26.6 , 0 , 0 , 0 , 0 
08-Jan-2004 16:34,200103,NEWCASTLE,SPAIN(CANARY ISLANDS),ARRECIFE,AIR 2000,D,C, 0 , 0 , 0 , 0 , 0 , 0 , 0 , 0 , 0 , 0 , 5 , 60 , 19.6 
08-Jan-2004 16:34,200103,NEWCASTLE,SPAIN(CANARY ISLANDS),ARRECIFE,AIR 2000,D,S, 5 , 0 , 80 , 0 , 0 , 20 , 0 , 0 , 27.6 , 0 , 0 , 0 , 0 
08-Jan-2004 16:34,200103,NEWCASTLE,SPAIN(CANARY ISLANDS),ARRECIFE,AIR EUROPA,A,C, 5 , 0 , 80 , 20 , 0 , 0 , 0 , 0 , 6.2 , 0 , 0 , 0 , 0 
08-Jan-2004 16:34,200103,NEWCASTLE,SPAIN(CANARY ISLANDS),ARRECIFE,AIR EUROPA,D,C, 5 , 0 , 60 , 20 , 20 , 0 , 0 , 0 , 16 , 0 , 0 , 0 , 0 
08-Jan-2004 16:34,200103,NEWCASTLE,SPAIN(CANARY ISLANDS),ARRECIFE,BRITANNIA AIRWAYS,A,C, 4 , 0 , 100 , 0 , 0 , 0 , 0 , 0 , 1 , 0 , 5 , 80 , 7.6 
08-Jan-2004 16:34,200103,NEWCASTLE,SPAIN(CANARY ISLANDS),ARRECIFE,BRITANNIA AIRWAYS,D,C, 4 , 0 , 100 , 0 , 0 , 0 , 0 , 0 , 0 , 0 , 5 , 100 , 0.4 
08-Jan-2004 16:34,200103,NEWCASTLE,SPAIN(CANARY ISLANDS),ARRECIFE,THOMAS COOK AIRLINES LTD,A,C, 5 , 0 , 60 , 20 , 20 , 0 , 0 , 0 , 14 , 0 , 5 , 60 , 12.2 
08-Jan-2004 16:34,200103,NEWCASTLE,SPAIN(CANARY ISLANDS),ARRECIFE,THOMAS COOK AIRLINES LTD,D,C, 5 , 0 , 80 , 20 , 0 , 0 , 0 , 0 , 4.4 , 0 , 5 , 100 , 0.2 
08-Jan-2004 16:34,200103,NEWCASTLE,SPAIN(CANARY ISLANDS),FUERTEVENTURA,BRITANNIA AIRWAYS,A,C, 0 , 0 , 0 , 0 , 0 , 0 , 0 , 0 , 0 , 0 , 4 , 100 , 0 
08-Jan-2004 16:34,200103,NEWCASTLE,SPAIN(CANARY ISLANDS),FUERTEVENTURA,BRITANNIA AIRWAYS,D,C, 0 , 0 , 0 , 0 , 0 , 0 , 0 , 0 , 0 , 0 , 4 , 100 , 0 
08-Jan-2004 16:34,200103,NEWCASTLE,SPAIN(CANARY ISLANDS),FUERTEVENTURA,MY TRAVEL AIRWAYS UK,A,C, 4 , 0 , 75 , 0 , 25 , 0 , 0 , 0 , 9.5 , 0 , 5 , 40 , 61.8 
08-Jan-2004 16:34,200103,NEWCASTLE,SPAIN(CANARY ISLANDS),FUERTEVENTURA,MY TRAVEL AIRWAYS UK,D,C, 4 , 0 , 100 , 0 , 0 , 0 , 0 , 0 , 1.75 , 0 , 5 , 40 , 54.6 
08-Jan-2004 16:34,200103,NEWCASTLE,SPAIN(CANARY ISLANDS),LAS PALMAS,BRITANNIA AIRWAYS,A,C, 4 , 0 , 75 , 25 , 0 , 0 , 0 , 0 , 5.75 , 0 , 4 , 25 , 20.25 
08-Jan-2004 16:34,200103,NEWCASTLE,SPAIN(CANARY ISLANDS),LAS PALMAS,BRITANNIA AIRWAYS,D,C, 4 , 0 , 100 , 0 , 0 , 0 , 0 , 0 , 0 , 0 , 4 , 100 , 0 
08-Jan-2004 16:34,200103,NEWCASTLE,SPAIN(CANARY ISLANDS),LAS PALMAS,MY TRAVEL AIRWAYS UK,A,C, 4 , 0 , 50 , 25 , 0 , 25 , 0 , 0 , 29.5 , 0 , 4 , 25 , 35.5 
08-Jan-2004 16:34,200103,NEWCASTLE,SPAIN(CANARY ISLANDS),LAS PALMAS,MY TRAVEL AIRWAYS UK,D,C, 4 , 0 , 100 , 0 , 0 , 0 , 0 , 0 , 5.25 , 0 , 4 , 75 , 13.25 
08-Jan-2004 16:34,200103,NEWCASTLE,SPAIN(CANARY ISLANDS),LAS PALMAS,THOMAS COOK AIRLINES LTD,A,C, 3 , 1 , 66.6666666666667 , 0 , 0 , 33.3333333333333 , 0 , 0 , 34 , 0 , 4 , 75 , 14.25 
08-Jan-2004 16:34,200103,NEWCASTLE,SPAIN(CANARY ISLANDS),LAS PALMAS,THOMAS COOK AIRLINES LTD,D,C, 5 , 0 , 60 , 0 , 40 , 0 , 0 , 0 , 20.2 , 0 , 4 , 75 , 8 
08-Jan-2004 16:34,200103,NEWCASTLE,SPAIN(CANARY ISLANDS),TENERIFE (SURREINA SOFIA),AIR 2000,A,C, 4 , 0 , 100 , 0 , 0 , 0 , 0 , 0 , 3 , 0 , 9 , 55.5555555555556 , 55 
08-Jan-2004 16:34,200103,NEWCASTLE,SPAIN(CANARY ISLANDS),TENERIFE (SURREINA SOFIA),AIR 2000,A,S, 5 , 0 , 100 , 0 , 0 , 0 , 0 , 0 , 0.6 , 0 , 0 , 0 , 0 
08-Jan-2004 16:34,200103,NEWCASTLE,SPAIN(CANARY ISLANDS),TENERIFE (SURREINA SOFIA),AIR 2000,D,C, 4 , 0 , 100 , 0 , 0 , 0 , 0 , 0 , 0.75 , 0 , 9 , 77.7777777777778 , 45.1111111111111 
08-Jan-2004 16:34,200103,NEWCASTLE,SPAIN(CANARY ISLANDS),TENERIFE (SURREINA SOFIA),AIR 2000,D,S, 5 , 0 , 100 , 0 , 0 , 0 , 0 , 0 , 0.8 , 0 , 0 , 0 , 0 
08-Jan-2004 16:34,200103,NEWCASTLE,SPAIN(CANARY ISLANDS),TENERIFE (SURREINA SOFIA),AIR EUROPA,A,C, 5 , 0 , 100 , 0 , 0 , 0 , 0 , 0 , 1.8 , 0 , 0 , 0 , 0 
08-Jan-2004 16:34,200103,NEWCASTLE,SPAIN(CANARY ISLANDS),TENERIFE (SURREINA SOFIA),AIR EUROPA,D,C, 5 , 0 , 100 , 0 , 0 , 0 , 0 , 0 , 1 , 0 , 0 , 0 , 0 
08-Jan-2004 16:34,200103,NEWCASTLE,SPAIN(CANARY ISLANDS),TENERIFE (SURREINA SOFIA),BRITANNIA AIRWAYS,A,C, 9 , 0 , 33.3333333333333 , 22.2222222222222 , 22.2222222222222 , 22.2222222222222 , 0 , 0 , 39.3333333333333 , 0 , 8 , 50 , 25.375 
08-Jan-2004 16:34,200103,NEWCASTLE,SPAIN(CANARY ISLANDS),TENERIFE (SURREINA SOFIA),BRITANNIA AIRWAYS,D,C, 9 , 0 , 77.7777777777778 , 0 , 11.1111111111111 , 11.1111111111111 , 0 , 0 , 20.5555555555556 , 0 , 9 , 66.6666666666667 , 14.5555555555556 
08-Jan-2004 16:34,200103,NEWCASTLE,SPAIN(CANARY ISLANDS),TENERIFE (SURREINA SOFIA),EXCEL AIRWAYS LTD,A,C, 5 , 0 , 20 , 40 , 40 , 0 , 0 , 0 , 30.2 , 0 , 0 , 0 , 0 
08-Jan-2004 16:34,200103,NEWCASTLE,SPAIN(CANARY ISLANDS),TENERIFE (SURREINA SOFIA),EXCEL AIRWAYS LTD,D,C, 5 , 0 , 40 , 20 , 20 , 20 , 0 , 0 , 29.8 , 0 , 0 , 0 , 0 
08-Jan-2004 16:34,200103,NEWCASTLE,SPAIN(CANARY ISLANDS),TENERIFE (SURREINA SOFIA),MY TRAVEL AIRWAYS UK,A,C, 9 , 0 , 44.4444444444444 , 0 , 22.2222222222222 , 33.3333333333333 , 0 , 0 , 47.5555555555556 , 0 , 4 , 0 , 49.25 
08-Jan-2004 16:34,200103,NEWCASTLE,SPAIN(CANARY ISLANDS),TENERIFE (SURREINA SOFIA),MY TRAVEL AIRWAYS UK,D,C, 9 , 0 , 55.5555555555556 , 11.1111111111111 , 22.2222222222222 , 11.1111111111111 , 0 , 0 , 22.6666666666667 , 0 , 5 , 80 , 9.8 
08-Jan-2004 16:34,200103,NEWCASTLE,SPAIN(CANARY ISLANDS),TENERIFE (SURREINA SOFIA),THOMAS COOK AIRLINES LTD,A,C, 5 , 0 , 60 , 0 , 0 , 20 , 0 , 20 , 116.8 , 0 , 9 , 44.4444444444444 , 25 
08-Jan-2004 16:34,200103,NEWCASTLE,SPAIN(CANARY ISLANDS),TENERIFE (SURREINA SOFIA),THOMAS COOK AIRLINES LTD,D,C, 5 , 0 , 60 , 20 , 0 , 0 , 0 , 20 , 91.2 , 0 , 10 , 80 , 10 
08-Jan-2004 16:34,200103,NEWCASTLE,SWITZERLAND,GENEVA,DUO AIRWAYS LTD,A,C, 5 , 0 , 0 , 0 , 80 , 20 , 0 , 0 , 61.4 , 0 , 4 , 0 , 83.5 
08-Jan-2004 16:34,200103,NEWCASTLE,SWITZERLAND,GENEVA,DUO AIRWAYS LTD,D,C, 5 , 0 , 0 , 0 , 60 , 40 , 0 , 0 , 69.4 , 0 , 4 , 0 , 78.75 
08-Jan-2004 16:34,200103,NEWCASTLE,TUNISIA,MONASTIR,NOUVELAIR TUNISIE,A,C, 5 , 0 , 20 , 20 , 20 , 40 , 0 , 0 , 66.8 , 0 , 5 , 80 , 14 
08-Jan-2004 16:34,200103,NEWCASTLE,TUNISIA,MONASTIR,NOUVELAIR TUNISIE,D,C, 5 , 0 , 20 , 0 , 20 , 60 , 0 , 0 , 78 , 0 , 5 , 60 , 16.8 
08-Jan-2004 16:34,200103,NEWCASTLE,UNITED KINGDOM,ABERDEEN,BRITISH AIRWAYS CITIEXPRESS LTD,A,S, 126 , 0 , 69.047619047619 , 7.14285714285714 , 9.52380952380952 , 13.4920634920635 , 0.793650793650794 , 0 , 24.3571428571429 , 0 , 136 , 66.1764705882353 , 19.4485294117647 
08-Jan-2004 16:34,200103,NEWCASTLE,UNITED KINGDOM,ABERDEEN,BRITISH AIRWAYS CITIEXPRESS LTD,D,S, 126 , 0 , 62.6984126984127 , 7.93650793650794 , 12.6984126984127 , 15.8730158730159 , 0.793650793650794 , 0 , 25.1904761904762 , 0 , 135 , 60.7407407407407 , 21.9925925925926 
08-Jan-2004 16:34,200103,NEWCASTLE,UNITED KINGDOM,ABERDEEN,GILL AIRWAYS,A,S, 54 , 0 , 98.1481481481482 , 0 , 0 , 1.85185185185185 , 0 , 0 , 3.38888888888889 , 0 , 0 , 0 , 0 
08-Jan-2004 16:34,200103,NEWCASTLE,UNITED KINGDOM,ABERDEEN,GILL AIRWAYS,D,S, 54 , 0 , 98.1481481481482 , 0 , 0 , 1.85185185185185 , 0 , 0 , 2.59259259259259 , 0 , 0 , 0 , 0 
08-Jan-2004 16:34,200103,NEWCASTLE,UNITED KINGDOM,BELFAST CITY,BRITISH AIRWAYS CITIEXPRESS LTD,A,S, 75 , 0 , 58.6666666666667 , 13.3333333333333 , 13.3333333333333 , 12 , 2.66666666666667 , 0 , 30.4133333333333 , 0 , 0 , 0 , 0 
08-Jan-2004 16:34,200103,NEWCASTLE,UNITED KINGDOM,BELFAST CITY,BRITISH AIRWAYS CITIEXPRESS LTD,D,S, 74 , 0 , 62.1621621621622 , 10.8108108108108 , 12.1621621621622 , 12.1621621621622 , 2.7027027027027 , 0 , 28.4324324324324 , 0 , 0 , 0 , 0 
08-Jan-2004 16:34,200103,NEWCASTLE,UNITED KINGDOM,BELFAST CITY,GILL AIRWAYS,A,S, 106 , 0 , 98.1132075471698 , 0 , 0 , 1.88679245283019 , 0 , 0 , 2.19811320754717 , 0 , 105 , 83.8095238095238 , 7.57142857142857 
08-Jan-2004 16:34,200103,NEWCASTLE,UNITED KINGDOM,BELFAST CITY,GILL AIRWAYS,D,S, 106 , 0 , 94.3396226415094 , 3.77358490566038 , 0 , 1.88679245283019 , 0 , 0 , 2.83018867924528 , 0 , 104 , 85.5769230769231 , 7.66346153846154 
08-Jan-2004 16:34,200103,NEWCASTLE,UNITED KINGDOM,BELFAST INTERNATIONAL,BRITISH AIRWAYS CITIEXPRESS LTD,A,S, 0 , 0 , 0 , 0 , 0 , 0 , 0 , 0 , 0 , 0 , 73 , 80.8219178082192 , 12.2602739726027 
08-Jan-2004 16:34,200103,NEWCASTLE,UNITED KINGDOM,BELFAST INTERNATIONAL,BRITISH AIRWAYS CITIEXPRESS LTD,D,S, 0 , 0 , 0 , 0 , 0 , 0 , 0 , 0 , 0 , 0 , 73 , 80.8219178082192 , 9.26027397260274 
08-Jan-2004 16:34,200103,NEWCASTLE,UNITED KINGDOM,BIRMINGHAM,BRITANNIA AIRWAYS,A,C, 3 , 0 , 33.3333333333333 , 0 , 33.3333333333333 , 33.3333333333333 , 0 , 0 , 52.3333333333333 , 0 , 0 , 0 , 0 
08-Jan-2004 16:34,200103,NEWCASTLE,UNITED KINGDOM,BIRMINGHAM,BRITANNIA AIRWAYS,D,C, 2 , 0 , 0 , 50 , 50 , 0 , 0 , 0 , 36.5 , 0 , 0 , 0 , 0 
08-Jan-2004 16:34,200103,NEWCASTLE,UNITED KINGDOM,BIRMINGHAM,BRITISH REGIONAL AIRLINES LTD,A,S, 87 , 0 , 80.4597701149425 , 9.19540229885057 , 2.29885057471264 , 4.59770114942529 , 3.44827586206897 , 0 , 17.5057471264368 , 0 , 0 , 0 , 0 
08-Jan-2004 16:34,200103,NEWCASTLE,UNITED KINGDOM,BIRMINGHAM,BRITISH REGIONAL AIRLINES LTD,D,S, 87 , 0 , 81.6091954022989 , 11.4942528735632 , 1.14942528735632 , 4.59770114942529 , 1.14942528735632 , 0 , 12.2988505747126 , 0 , 0 , 0 , 0 
08-Jan-2004 16:34,200103,NEWCASTLE,UNITED KINGDOM,BIRMINGHAM,DUO AIRWAYS LTD,A,S, 0 , 0 , 0 , 0 , 0 , 0 , 0 , 0 , 0 , 0 , 67 , 94.0298507462687 , 4.86567164179105 
08-Jan-2004 16:34,200103,NEWCASTLE,UNITED KINGDOM,BIRMINGHAM,DUO AIRWAYS LTD,D,S, 0 , 0 , 0 , 0 , 0 , 0 , 0 , 0 , 0 , 0 , 69 , 94.2028985507246 , 4.56521739130435 
08-Jan-2004 16:34,200103,NEWCASTLE,UNITED KINGDOM,BRISTOL,BRITISH AIRWAYS CITIEXPRESS LTD,A,S, 77 , 1 , 55.8441558441558 , 7.79220779220779 , 19.4805194805195 , 15.5844155844156 , 1.2987012987013 , 0 , 30.4545454545455 , 0 , 82 , 57.3170731707317 , 26.4634146341463 
08-Jan-2004 16:34,200103,NEWCASTLE,UNITED KINGDOM,BRISTOL,BRITISH AIRWAYS CITIEXPRESS LTD,D,S, 76 , 0 , 69.7368421052632 , 7.89473684210526 , 7.89473684210526 , 13.1578947368421 , 1.31578947368421 , 0 , 21.8421052631579 , 0 , 85 , 74.1176470588235 , 16.4705882352941 
08-Jan-2004 16:34,200103,NEWCASTLE,UNITED KINGDOM,CARDIFF WALES,BRITISH REGIONAL AIRLINES LTD,A,S, 25 , 0 , 96 , 0 , 0 , 4 , 0 , 0 , 4.28 , 0 , 0 , 0 , 0 
08-Jan-2004 16:34,200103,NEWCASTLE,UNITED KINGDOM,CARDIFF WALES,BRITISH REGIONAL AIRLINES LTD,D,S, 26 , 0 , 88.4615384615385 , 3.84615384615385 , 0 , 7.69230769230769 , 0 , 0 , 7.03846153846154 , 0 , 0 , 0 , 0 
08-Jan-2004 16:34,200103,NEWCASTLE,UNITED KINGDOM,GATWICK,CITY FLYER EXPRESS,A,S, 140 , 0 , 75 , 15 , 7.14285714285714 , 2.14285714285714 , 0.714285714285714 , 0 , 11.7 , 0 , 169 , 86.3905325443787 , 8.04733727810651 
08-Jan-2004 16:34,200103,NEWCASTLE,UNITED KINGDOM,GATWICK,CITY FLYER EXPRESS,D,S, 139 , 0 , 72.6618705035971 , 10.0719424460432 , 12.9496402877698 , 2.87769784172662 , 1.43884892086331 , 0 , 16.4892086330935 , 0 , 168 , 89.8809523809524 , 5.97023809523809 
08-Jan-2004 16:34,200103,NEWCASTLE,UNITED KINGDOM,GLASGOW,AIR 2000,A,C, 1 , 0 , 100 , 0 , 0 , 0 , 0 , 0 , 0 , 0 , 0 , 0 , 0 
08-Jan-2004 16:34,200103,NEWCASTLE,UNITED KINGDOM,HEATHROW,BRITISH AIRWAYS PLC,A,S, 168 , 0 , 70.2380952380952 , 10.1190476190476 , 10.7142857142857 , 8.92857142857143 , 0 , 0 , 16.6845238095238 , 0 , 167 , 85.0299401197605 , 7.47305389221557 
08-Jan-2004 16:34,200103,NEWCASTLE,UNITED KINGDOM,HEATHROW,BRITISH AIRWAYS PLC,D,S, 168 , 0 , 76.7857142857143 , 8.33333333333333 , 8.92857142857143 , 5.35714285714286 , 0.595238095238095 , 0 , 14.0535714285714 , 0 , 167 , 90.4191616766467 , 7.08383233532934 
08-Jan-2004 16:34,200103,NEWCASTLE,UNITED KINGDOM,JERSEY,BRITISH AIRWAYS CITIEXPRESS LTD,A,S, 1 , 0 , 100 , 0 , 0 , 0 , 0 , 0 , 0 , 0 , 0 , 0 , 0 
08-Jan-2004 16:34,200103,NEWCASTLE,UNITED KINGDOM,JERSEY,BRITISH AIRWAYS CITIEXPRESS LTD,D,S, 1 , 0 , 100 , 0 , 0 , 0 , 0 , 0 , 11 , 0 , 0 , 0 , 0 
08-Jan-2004 16:34,200103,NEWCASTLE,UNITED KINGDOM,LUTON,DUO AIRWAYS LTD,A,C, 1 , 0 , 0 , 100 , 0 , 0 , 0 , 0 , 21 , 0 , 0 , 0 , 0 
08-Jan-2004 16:34,200103,NEWCASTLE,UNITED KINGDOM,MANCHESTER,MY TRAVEL AIRWAYS UK,A,C, 5 , 0 , 100 , 0 , 0 , 0 , 0 , 0 , 7.6 , 0 , 5 , 60 , 47 
08-Jan-2004 16:34,200103,NEWCASTLE,UNITED KINGDOM,MANCHESTER,MY TRAVEL AIRWAYS UK,D,C, 5 , 0 , 20 , 20 , 20 , 20 , 0 , 20 , 217.4 , 0 , 4 , 25 , 173.5 
08-Jan-2004 16:34,200103,NEWCASTLE,UNITED KINGDOM,SOUTHAMPTON,BRITISH AIRWAYS CITIEXPRESS LTD,A,S, 55 , 0 , 67.2727272727273 , 10.9090909090909 , 9.09090909090909 , 12.7272727272727 , 0 , 0 , 21.9818181818182 , 0 , 52 , 55.7692307692308 , 22.2115384615385 
08-Jan-2004 16:34,200103,NEWCASTLE,UNITED KINGDOM,SOUTHAMPTON,BRITISH AIRWAYS CITIEXPRESS LTD,D,S, 56 , 0 , 78.5714285714286 , 7.14285714285714 , 5.35714285714286 , 8.92857142857143 , 0 , 0 , 15.5535714285714 , 0 , 51 , 62.7450980392157 , 17.8823529411765 
08-Jan-2004 16:34,200103,NEWCASTLE,UNITED KINGDOM,SOUTHAMPTON,GILL AIRWAYS,D,C, 0 , 0 , 0 , 0 , 0 , 0 , 0 , 0 , 0 , 0 , 1 , 100 , 3 
08-Jan-2004 16:34,200103,NEWCASTLE,UNITED KINGDOM,STANSTED,GILL AIRWAYS,A,S, 75 , 1 , 88 , 6.66666666666667 , 1.33333333333333 , 2.66666666666667 , 0 , 1.33333333333333 , 12.8133333333333 , 22 , 50 , 90 , 7.8 
08-Jan-2004 16:34,200103,NEWCASTLE,UNITED KINGDOM,STANSTED,GILL AIRWAYS,D,S, 75 , 1 , 97.3333333333333 , 0 , 0 , 1.33333333333333 , 0 , 1.33333333333333 , 9.84 , 21 , 50 , 96 , 3.74 
08-Jan-2004 16:34,200103,NEWCASTLE,UNITED KINGDOM,WICK,GILL AIRWAYS,A,S, 0 , 0 , 0 , 0 , 0 , 0 , 0 , 0 , 0 , 0 , 23 , 91.304347826087 , 2.52173913043478 
08-Jan-2004 16:34,200103,NEWCASTLE,UNITED KINGDOM,WICK,GILL AIRWAYS,D,S, 0 , 0 , 0 , 0 , 0 , 0 , 0 , 0 , 0 , 0 , 23 , 95.6521739130435 , 1.78260869565217 
08-Jan-2004 16:34,200103,NEWCASTLE,USA,ORLANDO,BRITANNIA AIRWAYS,A,C, 2 , 0 , 50 , 0 , 0 , 50 , 0 , 0 , 44.5 , 0 , 0 , 0 , 0 
08-Jan-2004 16:34,200103,NEWCASTLE,USA,ORLANDO,BRITANNIA AIRWAYS,D,C, 3 , 0 , 33.3333333333333 , 0 , 33.3333333333333 , 33.3333333333333 , 0 , 0 , 46.3333333333333 , 0 , 0 , 0 , 0 
08-Jan-2004 16:34,200103,NEWCASTLE,USA,SANFORD,MY TRAVEL AIRWAYS UK,A,C, 5 , 0 , 40 , 0 , 40 , 0 , 0 , 20 , 203.8 , 0 , 4 , 25 , 191.25 
08-Jan-2004 16:34,200103,NEWCASTLE,USA,SANFORD,MY TRAVEL AIRWAYS UK,D,C, 5 , 0 , 60 , 40 , 0 , 0 , 0 , 0 , 15.2 , 0 , 5 , 60 , 46.8 
08-Jan-2004 16:34,200103,STANSTED,ALBANIA,TIRANA,EUROPEAN AIR CHARTER,A,C, 1 , 0 , 0 , 0 , 0 , 100 , 0 , 0 , 105 , 0 , 0 , 0 , 0 
08-Jan-2004 16:34,200103,STANSTED,ALBANIA,TIRANA,EUROPEAN AIR CHARTER,D,C, 1 , 0 , 100 , 0 , 0 , 0 , 0 , 0 , 0 , 0 , 0 , 0 , 0 
08-Jan-2004 16:34,200103,STANSTED,ALGERIA,HASSI MESSAOUD,EXCEL AIRWAYS LTD,D,C, 0 , 0 , 0 , 0 , 0 , 0 , 0 , 0 , 0 , 0 , 1 , 0 , 67 
08-Jan-2004 16:34,200103,STANSTED,AUSTRIA,INNSBRUCK,AIR 2000,A,C, 5 , 0 , 80 , 20 , 0 , 0 , 0 , 0 , 5.4 , 0 , 4 , 25 , 63 
08-Jan-2004 16:34,200103,STANSTED,AUSTRIA,INNSBRUCK,AIR 2000,D,C, 4 , 0 , 25 , 75 , 0 , 0 , 0 , 0 , 19 , 0 , 4 , 0 , 73.5 
08-Jan-2004 16:34,200103,STANSTED,AUSTRIA,LINZ,AUSTRIAN AIR TRANSPORT,A,C, 0 , 0 , 0 , 0 , 0 , 0 , 0 , 0 , 0 , 0 , 1 , 100 , 0 
08-Jan-2004 16:34,200103,STANSTED,AUSTRIA,LINZ,AUSTRIAN AIR TRANSPORT,D,C, 0 , 0 , 0 , 0 , 0 , 0 , 0 , 0 , 0 , 0 , 1 , 100 , 5 
08-Jan-2004 16:34,200103,STANSTED,AUSTRIA,SALZBURG,AIR 2000,A,C, 4 , 0 , 75 , 25 , 0 , 0 , 0 , 0 , 9.75 , 0 , 4 , 0 , 65.25 
08-Jan-2004 16:34,200103,STANSTED,AUSTRIA,SALZBURG,AIR 2000,D,C, 3 , 0 , 66.6666666666667 , 33.3333333333333 , 0 , 0 , 0 , 0 , 14 , 0 , 3 , 33.3333333333333 , 52.6666666666667 
08-Jan-2004 16:34,200103,STANSTED,AUSTRIA,SALZBURG,RYANAIR,D,C, 1 , 0 , 0 , 100 , 0 , 0 , 0 , 0 , 19 , 0 , 0 , 0 , 0 
08-Jan-2004 16:34,200103,STANSTED,AUSTRIA,VIENNA,KLM UK LTD,A,S, 57 , 0 , 82.4561403508772 , 7.01754385964912 , 5.26315789473684 , 1.75438596491228 , 3.50877192982456 , 0 , 16.6491228070175 , 0 , 72 , 79.1666666666667 , 11.7222222222222 
08-Jan-2004 16:34,200103,STANSTED,AUSTRIA,VIENNA,KLM UK LTD,D,S, 57 , 0 , 77.1929824561403 , 10.5263157894737 , 7.01754385964912 , 3.50877192982456 , 1.75438596491228 , 0 , 16.4035087719298 , 1 , 75 , 62.6666666666667 , 19.1733333333333 
08-Jan-2004 16:34,200103,STANSTED,BAHRAIN,BAHRAIN,MONARCH AIRLINES,A,C, 1 , 0 , 100 , 0 , 0 , 0 , 0 , 0 , 5 , 0 , 0 , 0 , 0 
08-Jan-2004 16:34,200103,STANSTED,BELGIUM,BRUSSELS,SOBELAIR,A,C, 0 , 0 , 0 , 0 , 0 , 0 , 0 , 0 , 0 , 0 , 1 , 0 , 56 
08-Jan-2004 16:34,200103,STANSTED,BELGIUM,BRUSSELS,SOBELAIR,D,C, 0 , 0 , 0 , 0 , 0 , 0 , 0 , 0 , 0 , 0 , 1 , 0 , 68 
08-Jan-2004 16:34,200103,STANSTED,BELGIUM,BRUSSELS,VIRGIN EXPRESS IRELAND,A,S, 0 , 0 , 0 , 0 , 0 , 0 , 0 , 0 , 0 , 0 , 79 , 88.6075949367089 , 6.93670886075949 
08-Jan-2004 16:34,200103,STANSTED,BELGIUM,BRUSSELS,VIRGIN EXPRESS IRELAND,D,S, 0 , 0 , 0 , 0 , 0 , 0 , 0 , 0 , 0 , 0 , 80 , 83.75 , 10.7375 
08-Jan-2004 16:34,200103,STANSTED,CYPRUS,LARNACA,CYPRUS AIRWAYS,A,S, 4 , 0 , 75 , 25 , 0 , 0 , 0 , 0 , 5.25 , 0 , 4 , 100 , 0.25 
08-Jan-2004 16:34,200103,STANSTED,CYPRUS,LARNACA,CYPRUS AIRWAYS,D,S, 4 , 0 , 25 , 25 , 50 , 0 , 0 , 0 , 27.5 , 0 , 4 , 75 , 10.75 
08-Jan-2004 16:34,200103,STANSTED,CYPRUS,PAPHOS,THOMAS COOK AIRLINES LTD,A,C, 1 , 0 , 100 , 0 , 0 , 0 , 0 , 0 , 5 , 0 , 0 , 0 , 0 
08-Jan-2004 16:34,200103,STANSTED,CZECH REPUBLIC,PRAGUE,BRITISH WORLD AIRLINES LTD,A,C, 0 , 0 , 0 , 0 , 0 , 0 , 0 , 0 , 0 , 0 , 1 , 0 , 20 
08-Jan-2004 16:34,200103,STANSTED,CZECH REPUBLIC,PRAGUE,CSA,A,S, 30 , 0 , 63.3333333333333 , 30 , 6.66666666666667 , 0 , 0 , 0 , 14.2 , 0 , 19 , 89.4736842105263 , 10.2105263157895 
08-Jan-2004 16:34,200103,STANSTED,CZECH REPUBLIC,PRAGUE,CSA,D,S, 30 , 0 , 56.6666666666667 , 30 , 6.66666666666667 , 6.66666666666667 , 0 , 0 , 20.3666666666667 , 0 , 19 , 36.8421052631579 , 21.1578947368421 
08-Jan-2004 16:34,200103,STANSTED,CZECH REPUBLIC,PRAGUE,GO FLY LTD,A,S, 62 , 0 , 77.4193548387097 , 9.67741935483871 , 3.2258064516129 , 9.67741935483871 , 0 , 0 , 15.9032258064516 , 0 , 31 , 87.0967741935484 , 17.9677419354839 
08-Jan-2004 16:34,200103,STANSTED,CZECH REPUBLIC,PRAGUE,GO FLY LTD,D,S, 62 , 0 , 61.2903225806452 , 24.1935483870968 , 1.61290322580645 , 12.9032258064516 , 0 , 0 , 21.5483870967742 , 0 , 31 , 61.2903225806452 , 29.4516129032258 
08-Jan-2004 16:34,200103,STANSTED,DENMARK,AARHUS (TIRSTRUP),EUROPEAN AIR CHARTER,A,C, 0 , 0 , 0 , 0 , 0 , 0 , 0 , 0 , 0 , 0 , 1 , 100 , 13 
08-Jan-2004 16:34,200103,STANSTED,DENMARK,AARHUS (TIRSTRUP),EUROPEAN AIR CHARTER,D,C, 0 , 0 , 0 , 0 , 0 , 0 , 0 , 0 , 0 , 0 , 1 , 100 , 10 
08-Jan-2004 16:34,200103,STANSTED,DENMARK,AARHUS (TIRSTRUP),RYANAIR,A,S, 58 , 0 , 89.6551724137931 , 5.17241379310345 , 3.44827586206897 , 1.72413793103448 , 0 , 0 , 4.75862068965517 , 0 , 57 , 96.4912280701754 , 4.10526315789474 
08-Jan-2004 16:34,200103,STANSTED,DENMARK,AARHUS (TIRSTRUP),RYANAIR,D,S, 58 , 0 , 48.2758620689655 , 34.4827586206897 , 13.7931034482759 , 3.44827586206897 , 0 , 0 , 18.2586206896552 , 0 , 57 , 54.3859649122807 , 18.280701754386 
08-Jan-2004 16:34,200103,STANSTED,DENMARK,COPENHAGEN,GO FLY LTD,A,S, 53 , 0 , 64.1509433962264 , 11.3207547169811 , 15.0943396226415 , 9.43396226415094 , 0 , 0 , 18.8867924528302 , 0 , 115 , 87.8260869565217 , 6.19130434782609 
08-Jan-2004 16:34,200103,STANSTED,DENMARK,COPENHAGEN,GO FLY LTD,D,S, 53 , 0 , 62.2641509433962 , 15.0943396226415 , 15.0943396226415 , 7.54716981132075 , 0 , 0 , 20.9811320754717 , 0 , 116 , 71.551724137931 , 12.1551724137931 
08-Jan-2004 16:34,200103,STANSTED,DENMARK,COPENHAGEN,MAERSK AIR,A,C, 0 , 1 , 0 , 0 , 0 , 0 , 0 , 0 , 0 , 0 , 0 , 0 , 0 
08-Jan-2004 16:34,200103,STANSTED,DENMARK,COPENHAGEN,MAERSK AIR,D,C, 0 , 1 , 0 , 0 , 0 , 0 , 0 , 0 , 0 , 0 , 0 , 0 , 0 
08-Jan-2004 16:34,200103,STANSTED,DENMARK,COPENHAGEN,MYTRAVEL AIRWAYS (DENMARK),A,C, 0 , 0 , 0 , 0 , 0 , 0 , 0 , 0 , 0 , 0 , 9 , 55.5555555555556 , 19.8888888888889 
08-Jan-2004 16:34,200103,STANSTED,DENMARK,COPENHAGEN,MYTRAVEL AIRWAYS (DENMARK),D,C, 0 , 0 , 0 , 0 , 0 , 0 , 0 , 0 , 0 , 0 , 9 , 66.6666666666667 , 14.2222222222222 
08-Jan-2004 16:34,200103,STANSTED,DENMARK,COPENHAGEN,SAS,A,S, 57 , 0 , 84.2105263157895 , 7.01754385964912 , 7.01754385964912 , 1.75438596491228 , 0 , 0 , 7.98245614035088 , 0 , 79 , 86.0759493670886 , 10.7848101265823 
08-Jan-2004 16:34,200103,STANSTED,DENMARK,COPENHAGEN,SAS,D,S, 57 , 0 , 78.9473684210526 , 10.5263157894737 , 8.7719298245614 , 1.75438596491228 , 0 , 0 , 11.9473684210526 , 0 , 79 , 86.0759493670886 , 10.2784810126582 
08-Jan-2004 16:34,200103,STANSTED,DENMARK,ESBJERG,RYANAIR,A,C, 1 , 0 , 0 , 0 , 0 , 100 , 0 , 0 , 68 , 0 , 0 , 0 , 0 
08-Jan-2004 16:34,200103,STANSTED,DOMINICAN REPUBLIC,PUNTA CANA,BRITANNIA GMBH,D,S, 1 , 0 , 0 , 0 , 100 , 0 , 0 , 0 , 49 , 0 , 0 , 0 , 0 
08-Jan-2004 16:34,200103,STANSTED,EGYPT,CAIRO,EUROPEAN AIR CHARTER,D,C, 0 , 0 , 0 , 0 , 0 , 0 , 0 , 0 , 0 , 0 , 1 , 0 , 20 
08-Jan-2004 16:34,200103,STANSTED,FINLAND,HELSINKI,AIR BOTNIA,A,S, 30 , 0 , 90 , 3.33333333333333 , 3.33333333333333 , 3.33333333333333 , 0 , 0 , 6.36666666666667 , 0 , 0 , 0 , 0 
08-Jan-2004 16:34,200103,STANSTED,FINLAND,HELSINKI,AIR BOTNIA,D,S, 29 , 1 , 79.3103448275862 , 13.7931034482759 , 6.89655172413793 , 0 , 0 , 0 , 7.41379310344828 , 0 , 0 , 0 , 0 
08-Jan-2004 16:34,200103,STANSTED,FINLAND,HELSINKI,KLM UK LTD,A,S, 53 , 0 , 88.6792452830189 , 5.66037735849057 , 3.77358490566038 , 1.88679245283019 , 0 , 0 , 5.11320754716981 , 0 , 12 , 91.6666666666667 , 12.0833333333333 
08-Jan-2004 16:34,200103,STANSTED,FINLAND,HELSINKI,KLM UK LTD,D,S, 53 , 0 , 73.5849056603774 , 16.9811320754717 , 7.54716981132075 , 1.88679245283019 , 0 , 0 , 11.7924528301887 , 0 , 12 , 83.3333333333333 , 8.08333333333333 
08-Jan-2004 16:34,200103,STANSTED,FINLAND,ROVANIEMI,BRAATHENS ASA,A,C, 1 , 0 , 0 , 100 , 0 , 0 , 0 , 0 , 21 , 0 , 0 , 0 , 0 
08-Jan-2004 16:34,200103,STANSTED,FRANCE,BIARRITZ,RYANAIR,A,S, 31 , 0 , 93.5483870967742 , 3.2258064516129 , 0 , 3.2258064516129 , 0 , 0 , 4.70967741935484 , 0 , 30 , 90 , 6.1 
08-Jan-2004 16:34,200103,STANSTED,FRANCE,BIARRITZ,RYANAIR,D,S, 31 , 0 , 77.4193548387097 , 16.1290322580645 , 3.2258064516129 , 3.2258064516129 , 0 , 0 , 11.9677419354839 , 0 , 31 , 83.8709677419355 , 9.54838709677419 
08-Jan-2004 16:34,200103,STANSTED,FRANCE,BORDEAUX,KLM UK LTD,A,S, 38 , 0 , 97.3684210526316 , 2.63157894736842 , 0 , 0 , 0 , 0 , 2.63157894736842 , 0 , 6 , 83.3333333333333 , 4.16666666666667 
08-Jan-2004 16:34,200103,STANSTED,FRANCE,BORDEAUX,KLM UK LTD,D,S, 38 , 0 , 94.7368421052632 , 2.63157894736842 , 2.63157894736842 , 0 , 0 , 0 , 5.21052631578947 , 0 , 6 , 83.3333333333333 , 14.6666666666667 
08-Jan-2004 16:34,200103,STANSTED,FRANCE,CARCASSONNE,RYANAIR,A,S, 38 , 0 , 76.3157894736842 , 7.89473684210526 , 15.7894736842105 , 0 , 0 , 0 , 8.6578947368421 , 0 , 37 , 89.1891891891892 , 8.13513513513514 
08-Jan-2004 16:34,200103,STANSTED,FRANCE,CARCASSONNE,RYANAIR,D,S, 38 , 0 , 76.3157894736842 , 7.89473684210526 , 13.1578947368421 , 2.63157894736842 , 0 , 0 , 14.9210526315789 , 0 , 37 , 62.1621621621622 , 16.972972972973 
08-Jan-2004 16:34,200103,STANSTED,FRANCE,CHAMBERY,CITY FLYER EXPRESS,A,C, 5 , 1 , 60 , 20 , 20 , 0 , 0 , 0 , 14.6 , 0 , 0 , 0 , 0 
08-Jan-2004 16:34,200103,STANSTED,FRANCE,CHAMBERY,CITY FLYER EXPRESS,D,C, 5 , 0 , 20 , 80 , 0 , 0 , 0 , 0 , 20.8 , 0 , 0 , 0 , 0 
08-Jan-2004 16:34,200103,STANSTED,FRANCE,CHAMBERY,KLM UK LTD,A,C, 10 , 0 , 20 , 10 , 40 , 30 , 0 , 0 , 47.9 , 0 , 4 , 50 , 31.5 
08-Jan-2004 16:34,200103,STANSTED,FRANCE,CHAMBERY,KLM UK LTD,D,C, 10 , 0 , 30 , 30 , 40 , 0 , 0 , 0 , 23.7 , 0 , 4 , 50 , 28.5 
08-Jan-2004 16:34,200103,STANSTED,FRANCE,DINARD,RYANAIR,A,S, 31 , 0 , 87.0967741935484 , 3.2258064516129 , 6.45161290322581 , 3.2258064516129 , 0 , 0 , 7.90322580645161 , 0 , 27 , 88.8888888888889 , 7 
08-Jan-2004 16:34,200103,STANSTED,FRANCE,DINARD,RYANAIR,D,S, 31 , 0 , 61.2903225806452 , 19.3548387096774 , 12.9032258064516 , 6.45161290322581 , 0 , 0 , 18.741935483871 , 0 , 31 , 45.1612903225806 , 22.7741935483871 
08-Jan-2004 16:34,200103,STANSTED,FRANCE,LA ROCHELLE,KLM UK LTD,A,C, 1 , 0 , 100 , 0 , 0 , 0 , 0 , 0 , 0 , 0 , 0 , 0 , 0 
08-Jan-2004 16:34,200103,STANSTED,FRANCE,LA ROCHELLE,KLM UK LTD,D,C, 1 , 0 , 100 , 0 , 0 , 0 , 0 , 0 , 10 , 0 , 0 , 0 , 0 
08-Jan-2004 16:34,200103,STANSTED,FRANCE,LYON,BRITANNIA AIRWAYS,A,C, 0 , 1 , 0 , 0 , 0 , 0 , 0 , 0 , 0 , 0 , 0 , 0 , 0 
08-Jan-2004 16:34,200103,STANSTED,FRANCE,LYON,EUROPEAN AIR CHARTER,A,C, 5 , 0 , 20 , 60 , 20 , 0 , 0 , 0 , 22.2 , 0 , 0 , 0 , 0 
08-Jan-2004 16:34,200103,STANSTED,FRANCE,LYON,EUROPEAN AIR CHARTER,D,C, 5 , 0 , 60 , 40 , 0 , 0 , 0 , 0 , 10.8 , 0 , 0 , 0 , 0 
08-Jan-2004 16:34,200103,STANSTED,FRANCE,LYON,GO FLY LTD,A,S, 26 , 0 , 73.0769230769231 , 7.69230769230769 , 15.3846153846154 , 3.84615384615385 , 0 , 0 , 13.4230769230769 , 0 , 35 , 68.5714285714286 , 16.1142857142857 
08-Jan-2004 16:34,200103,STANSTED,FRANCE,LYON,GO FLY LTD,D,S, 26 , 0 , 61.5384615384615 , 26.9230769230769 , 11.5384615384615 , 0 , 0 , 0 , 15 , 0 , 36 , 69.4444444444444 , 14.3333333333333 
08-Jan-2004 16:34,200103,STANSTED,FRANCE,LYON,KLM UK LTD,A,S, 39 , 0 , 92.3076923076923 , 5.12820512820513 , 0 , 2.56410256410256 , 0 , 0 , 6.12820512820513 , 0 , 80 , 83.75 , 7.475 
08-Jan-2004 16:34,200103,STANSTED,FRANCE,LYON,KLM UK LTD,D,S, 38 , 1 , 81.5789473684211 , 10.5263157894737 , 7.89473684210526 , 0 , 0 , 0 , 8.68421052631579 , 0 , 79 , 70.8860759493671 , 10.3417721518987 
08-Jan-2004 16:34,200103,STANSTED,FRANCE,MARSEILLE,KLM UK LTD,A,S, 50 , 0 , 86 , 6 , 2 , 2 , 4 , 0 , 13.98 , 0 , 6 , 83.3333333333333 , 8 
08-Jan-2004 16:34,200103,STANSTED,FRANCE,MARSEILLE,KLM UK LTD,D,S, 50 , 0 , 68 , 20 , 4 , 8 , 0 , 0 , 15.76 , 0 , 6 , 100 , 4 
08-Jan-2004 16:34,200103,STANSTED,FRANCE,NANTES,BRITISH WORLD AIRLINES LTD,A,C, 1 , 0 , 100 , 0 , 0 , 0 , 0 , 0 , 8 , 0 , 0 , 0 , 0 
08-Jan-2004 16:34,200103,STANSTED,FRANCE,NANTES,BRITISH WORLD AIRLINES LTD,D,C, 1 , 0 , 100 , 0 , 0 , 0 , 0 , 0 , 13 , 0 , 0 , 0 , 0 
08-Jan-2004 16:34,200103,STANSTED,FRANCE,NANTES,EUROPEAN AIR CHARTER,D,C, 2 , 0 , 100 , 0 , 0 , 0 , 0 , 0 , 15 , 0 , 0 , 0 , 0 
08-Jan-2004 16:34,200103,STANSTED,FRANCE,NICE,EASYJET AIRLINE COMPANY LTD,A,S, 0 , 1 , 0 , 0 , 0 , 0 , 0 , 0 , 0 , 0 , 0 , 0 , 0 
08-Jan-2004 16:34,200103,STANSTED,FRANCE,NICE,EUROPEAN AIR CHARTER,A,C, 0 , 0 , 0 , 0 , 0 , 0 , 0 , 0 , 0 , 0 , 1 , 100 , 10 
08-Jan-2004 16:34,200103,STANSTED,FRANCE,NICE,EUROPEAN AIR CHARTER,D,C, 0 , 0 , 0 , 0 , 0 , 0 , 0 , 0 , 0 , 0 , 1 , 100 , 5 
08-Jan-2004 16:34,200103,STANSTED,FRANCE,NIMES,RYANAIR,A,S, 37 , 0 , 86.4864864864865 , 10.8108108108108 , 2.7027027027027 , 0 , 0 , 0 , 4.2972972972973 , 1 , 0 , 0 , 0 
08-Jan-2004 16:34,200103,STANSTED,FRANCE,NIMES,RYANAIR,D,S, 38 , 0 , 71.0526315789474 , 21.0526315789474 , 5.26315789473684 , 2.63157894736842 , 0 , 0 , 13.5789473684211 , 0 , 0 , 0 , 0 
08-Jan-2004 16:34,200103,STANSTED,FRANCE,PARIS (CHARLES DE GAULLE),EUROPEAN AIR CHARTER,A,C, 0 , 1 , 0 , 0 , 0 , 0 , 0 , 0 , 0 , 0 , 0 , 0 , 0 
08-Jan-2004 16:34,200103,STANSTED,FRANCE,PARIS (CHARLES DE GAULLE),KLM UK LTD,A,S, 94 , 1 , 89.3617021276596 , 1.06382978723404 , 5.31914893617021 , 4.25531914893617 , 0 , 0 , 7.21276595744681 , 0 , 116 , 86.2068965517241 , 5.4051724137931 
08-Jan-2004 16:34,200103,STANSTED,FRANCE,PARIS (CHARLES DE GAULLE),KLM UK LTD,D,S, 94 , 0 , 82.9787234042553 , 6.38297872340426 , 5.31914893617021 , 5.31914893617021 , 0 , 0 , 12.1489361702128 , 0 , 116 , 60.3448275862069 , 15.4396551724138 
08-Jan-2004 16:34,200103,STANSTED,FRANCE,PERPIGNAN,RYANAIR,A,S, 30 , 0 , 73.3333333333333 , 6.66666666666667 , 16.6666666666667 , 3.33333333333333 , 0 , 0 , 14 , 1 , 0 , 0 , 0 
08-Jan-2004 16:34,200103,STANSTED,FRANCE,PERPIGNAN,RYANAIR,D,S, 31 , 0 , 74.1935483870968 , 12.9032258064516 , 9.67741935483871 , 3.2258064516129 , 0 , 0 , 16.1935483870968 , 0 , 0 , 0 , 0 
08-Jan-2004 16:34,200103,STANSTED,FRANCE,ST ETIENNE,RYANAIR,A,S, 31 , 0 , 77.4193548387097 , 9.67741935483871 , 12.9032258064516 , 0 , 0 , 0 , 11.6129032258065 , 0 , 31 , 90.3225806451613 , 3.87096774193548 
08-Jan-2004 16:34,200103,STANSTED,FRANCE,ST ETIENNE,RYANAIR,D,S, 31 , 0 , 45.1612903225806 , 38.7096774193548 , 12.9032258064516 , 3.2258064516129 , 0 , 0 , 20.2903225806452 , 0 , 31 , 93.5483870967742 , 6.09677419354839 
08-Jan-2004 16:34,200103,STANSTED,FRANCE,TOULOUSE (BLAGNAC),RYANAIR,A,C, 3 , 0 , 0 , 0 , 0 , 100 , 0 , 0 , 69 , 0 , 3 , 0 , 30.6666666666667 
08-Jan-2004 16:34,200103,STANSTED,FRANCE,TOULOUSE (BLAGNAC),RYANAIR,D,C, 2 , 0 , 50 , 50 , 0 , 0 , 0 , 0 , 14.5 , 0 , 3 , 66.6666666666667 , 8.66666666666667 
08-Jan-2004 16:34,200103,STANSTED,GERMANY,BERLIN (SCHONEFELD),VIRGIN EXPRESS IRELAND,A,S, 0 , 0 , 0 , 0 , 0 , 0 , 0 , 0 , 0 , 0 , 57 , 82.4561403508772 , 13.5789473684211 
08-Jan-2004 16:34,200103,STANSTED,GERMANY,BERLIN (SCHONEFELD),VIRGIN EXPRESS IRELAND,D,S, 0 , 0 , 0 , 0 , 0 , 0 , 0 , 0 , 0 , 0 , 58 , 86.2068965517241 , 13.7586206896552 
08-Jan-2004 16:34,200103,STANSTED,GERMANY,BERLIN (TEGEL),AERO LLOYD,A,C, 1 , 0 , 0 , 100 , 0 , 0 , 0 , 0 , 20 , 0 , 0 , 0 , 0 
08-Jan-2004 16:34,200103,STANSTED,GERMANY,BERLIN (TEGEL),AERO LLOYD,D,C, 1 , 0 , 100 , 0 , 0 , 0 , 0 , 0 , 2 , 0 , 0 , 0 , 0 
08-Jan-2004 16:34,200103,STANSTED,GERMANY,BERLIN (TEGEL),KLM UK LTD,A,S, 71 , 0 , 80.2816901408451 , 11.2676056338028 , 1.40845070422535 , 5.63380281690141 , 1.40845070422535 , 0 , 13.056338028169 , 0 , 79 , 92.4050632911392 , 6.88607594936709 
08-Jan-2004 16:34,200103,STANSTED,GERMANY,BERLIN (TEGEL),KLM UK LTD,D,S, 71 , 0 , 69.0140845070422 , 12.6760563380282 , 8.45070422535211 , 8.45070422535211 , 1.40845070422535 , 0 , 20.9718309859155 , 0 , 79 , 91.1392405063291 , 9.0126582278481 
08-Jan-2004 16:34,200103,STANSTED,GERMANY,BRUGGEN,EUROPEAN AIR CHARTER,A,C, 1 , 0 , 0 , 0 , 0 , 0 , 0 , 100 , 972 , 0 , 0 , 0 , 0 
08-Jan-2004 16:34,200103,STANSTED,GERMANY,BRUGGEN,EUROPEAN AIR CHARTER,D,C, 1 , 0 , 0 , 0 , 0 , 0 , 0 , 100 , 992 , 0 , 0 , 0 , 0 
08-Jan-2004 16:34,200103,STANSTED,GERMANY,COLOGNE (BONN),BMI BRITISH MIDLAND,A,S, 90 , 0 , 91.1111111111111 , 7.77777777777778 , 1.11111111111111 , 0 , 0 , 0 , 4.73333333333333 , 2 , 0 , 0 , 0 
08-Jan-2004 16:34,200103,STANSTED,GERMANY,COLOGNE (BONN),BMI BRITISH MIDLAND,D,S, 93 , 0 , 75.2688172043011 , 15.0537634408602 , 6.45161290322581 , 2.1505376344086 , 1.0752688172043 , 0 , 13.2258064516129 , 0 , 0 , 0 , 0 
08-Jan-2004 16:34,200103,STANSTED,GERMANY,COLOGNE (BONN),KLM UK LTD,A,S, 12 , 0 , 58.3333333333333 , 25 , 16.6666666666667 , 0 , 0 , 0 , 16.4166666666667 , 0 , 0 , 0 , 0 
08-Jan-2004 16:34,200103,STANSTED,GERMANY,COLOGNE (BONN),KLM UK LTD,D,S, 12 , 0 , 58.3333333333333 , 8.33333333333333 , 16.6666666666667 , 16.6666666666667 , 0 , 0 , 24.5833333333333 , 0 , 0 , 0 , 0 
08-Jan-2004 16:34,200103,STANSTED,GERMANY,DORTMUND,EUROWINGS LUFTVERKEHRS,A,S, 52 , 0 , 80.7692307692308 , 9.61538461538462 , 7.69230769230769 , 1.92307692307692 , 0 , 0 , 10.6153846153846 , 2 , 50 , 84 , 10.92 
08-Jan-2004 16:34,200103,STANSTED,GERMANY,DORTMUND,EUROWINGS LUFTVERKEHRS,D,S, 56 , 0 , 67.8571428571429 , 17.8571428571429 , 8.92857142857143 , 5.35714285714286 , 0 , 0 , 16.0892857142857 , 2 , 50 , 74 , 13.26 
08-Jan-2004 16:34,200103,STANSTED,GERMANY,DUSSELDORF,AERO LLOYD,A,C, 1 , 0 , 100 , 0 , 0 , 0 , 0 , 0 , 9 , 0 , 0 , 0 , 0 
08-Jan-2004 16:34,200103,STANSTED,GERMANY,DUSSELDORF,AERO LLOYD,D,C, 1 , 0 , 100 , 0 , 0 , 0 , 0 , 0 , 2 , 0 , 0 , 0 , 0 
08-Jan-2004 16:34,200103,STANSTED,GERMANY,DUSSELDORF,KLM UK LTD,A,S, 79 , 0 , 91.1392405063291 , 3.79746835443038 , 3.79746835443038 , 1.26582278481013 , 0 , 0 , 5.37974683544304 , 0 , 85 , 88.2352941176471 , 7.14117647058824 
08-Jan-2004 16:34,200103,STANSTED,GERMANY,DUSSELDORF,KLM UK LTD,D,S, 79 , 0 , 81.0126582278481 , 10.126582278481 , 6.32911392405063 , 2.53164556962025 , 0 , 0 , 11.0379746835443 , 0 , 85 , 83.5294117647059 , 11.9764705882353 
08-Jan-2004 16:34,200103,STANSTED,GERMANY,FRANKFURT MAIN,CONDOR,A,C, 1 , 0 , 0 , 100 , 0 , 0 , 0 , 0 , 17 , 0 , 0 , 0 , 0 
08-Jan-2004 16:34,200103,STANSTED,GERMANY,FRANKFURT MAIN,CONDOR,D,C, 1 , 0 , 0 , 100 , 0 , 0 , 0 , 0 , 25 , 0 , 0 , 0 , 0 
08-Jan-2004 16:34,200103,STANSTED,GERMANY,FRANKFURT MAIN,KLM UK LTD,A,S, 78 , 0 , 87.1794871794872 , 6.41025641025641 , 5.12820512820513 , 1.28205128205128 , 0 , 0 , 6.02564102564103 , 0 , 84 , 85.7142857142857 , 8.03571428571429 
08-Jan-2004 16:34,200103,STANSTED,GERMANY,FRANKFURT MAIN,KLM UK LTD,D,S, 78 , 0 , 70.5128205128205 , 19.2307692307692 , 8.97435897435897 , 1.28205128205128 , 0 , 0 , 12.5 , 0 , 84 , 66.6666666666667 , 15.5714285714286 
08-Jan-2004 16:34,200103,STANSTED,GERMANY,FRANKFURT MAIN,LUFTHANSA,A,S, 92 , 0 , 73.9130434782609 , 18.4782608695652 , 6.52173913043478 , 1.08695652173913 , 0 , 0 , 10.75 , 1 , 92 , 88.0434782608696 , 5.72826086956522 
08-Jan-2004 16:34,200103,STANSTED,GERMANY,FRANKFURT MAIN,LUFTHANSA,D,S, 92 , 0 , 40.2173913043478 , 43.4782608695652 , 14.1304347826087 , 2.17391304347826 , 0 , 0 , 20.1195652173913 , 1 , 92 , 60.8695652173913 , 14.9565217391304 
08-Jan-2004 16:34,200103,STANSTED,GERMANY,GEILENKIRCHEN,BRITISH WORLD AIRLINES LTD,A,C, 0 , 0 , 0 , 0 , 0 , 0 , 0 , 0 , 0 , 0 , 1 , 0 , 28 
08-Jan-2004 16:34,200103,STANSTED,GERMANY,GEILENKIRCHEN,BRITISH WORLD AIRLINES LTD,D,C, 0 , 0 , 0 , 0 , 0 , 0 , 0 , 0 , 0 , 0 , 1 , 100 , 10 
08-Jan-2004 16:34,200103,STANSTED,GERMANY,HAHN,RYANAIR,A,S, 83 , 0 , 80.7228915662651 , 9.63855421686747 , 6.02409638554217 , 2.40963855421687 , 1.20481927710843 , 0 , 10.6987951807229 , 2 , 83 , 87.9518072289157 , 6.14457831325301 
08-Jan-2004 16:34,200103,STANSTED,GERMANY,HAHN,RYANAIR,D,S, 85 , 0 , 70.5882352941177 , 15.2941176470588 , 7.05882352941176 , 7.05882352941176 , 0 , 0 , 16.0470588235294 , 0 , 85 , 68.2352941176471 , 14.4705882352941 
08-Jan-2004 16:34,200103,STANSTED,GERMANY,HAMBURG,AERO LLOYD,A,C, 1 , 0 , 0 , 100 , 0 , 0 , 0 , 0 , 17 , 0 , 0 , 0 , 0 
08-Jan-2004 16:34,200103,STANSTED,GERMANY,HAMBURG,AERO LLOYD,D,C, 1 , 0 , 100 , 0 , 0 , 0 , 0 , 0 , 4 , 0 , 0 , 0 , 0 
08-Jan-2004 16:34,200103,STANSTED,GERMANY,HAMBURG,KLM UK LTD,A,S, 0 , 0 , 0 , 0 , 0 , 0 , 0 , 0 , 0 , 0 , 17 , 100 , 2 
08-Jan-2004 16:34,200103,STANSTED,GERMANY,HAMBURG,KLM UK LTD,D,S, 0 , 0 , 0 , 0 , 0 , 0 , 0 , 0 , 0 , 0 , 17 , 64.7058823529412 , 10 
08-Jan-2004 16:34,200103,STANSTED,GERMANY,HAMBURG,LUFTHANSA,A,S, 83 , 0 , 54.2168674698795 , 24.0963855421687 , 13.2530120481928 , 7.2289156626506 , 1.20481927710843 , 0 , 24.6867469879518 , 1 , 0 , 0 , 0 
08-Jan-2004 16:34,200103,STANSTED,GERMANY,HAMBURG,LUFTHANSA,D,S, 80 , 0 , 36.25 , 25 , 23.75 , 12.5 , 2.5 , 0 , 34.975 , 4 , 0 , 0 , 0 
08-Jan-2004 16:34,200103,STANSTED,GERMANY,HAMBURG,LUFTHANSA CITY LINE,A,S, 0 , 0 , 0 , 0 , 0 , 0 , 0 , 0 , 0 , 0 , 84 , 86.9047619047619 , 7.08333333333333 
08-Jan-2004 16:34,200103,STANSTED,GERMANY,HAMBURG,LUFTHANSA CITY LINE,D,S, 0 , 0 , 0 , 0 , 0 , 0 , 0 , 0 , 0 , 0 , 84 , 86.9047619047619 , 9.28571428571429 
08-Jan-2004 16:34,200103,STANSTED,GERMANY,HANOVER,AIR BERLIN,A,C, 1 , 0 , 100 , 0 , 0 , 0 , 0 , 0 , 8 , 0 , 0 , 0 , 0 
08-Jan-2004 16:34,200103,STANSTED,GERMANY,HANOVER,BRITISH WORLD AIRLINES LTD,A,C, 0 , 0 , 0 , 0 , 0 , 0 , 0 , 0 , 0 , 0 , 1 , 0 , 32 
08-Jan-2004 16:34,200103,STANSTED,GERMANY,HANOVER,HAPAG LLOYD FLUG,D,C, 1 , 0 , 100 , 0 , 0 , 0 , 0 , 0 , 7 , 0 , 0 , 0 , 0 
08-Jan-2004 16:34,200103,STANSTED,GERMANY,HANOVER,MAERSK AIR,A,C, 1 , 0 , 100 , 0 , 0 , 0 , 0 , 0 , 0 , 0 , 0 , 0 , 0 
08-Jan-2004 16:34,200103,STANSTED,GERMANY,LEIPZIG,AIR BERLIN,D,C, 1 , 0 , 100 , 0 , 0 , 0 , 0 , 0 , 9 , 0 , 0 , 0 , 0 
08-Jan-2004 16:34,200103,STANSTED,GERMANY,LEIPZIG,CONDOR,A,C, 1 , 0 , 100 , 0 , 0 , 0 , 0 , 0 , 9 , 0 , 0 , 0 , 0 
08-Jan-2004 16:34,200103,STANSTED,GERMANY,LUBECK,RYANAIR,A,S, 54 , 0 , 59.2592592592593 , 27.7777777777778 , 9.25925925925926 , 3.7037037037037 , 0 , 0 , 17.9444444444444 , 0 , 0 , 0 , 0 
08-Jan-2004 16:34,200103,STANSTED,GERMANY,LUBECK,RYANAIR,D,S, 54 , 0 , 79.6296296296296 , 11.1111111111111 , 9.25925925925926 , 0 , 0 , 0 , 9.94444444444444 , 1 , 0 , 0 , 0 
08-Jan-2004 16:34,200103,STANSTED,GERMANY,MOENCHENGLADBACH,EAE EUROPEAN AIR EXPRESS,A,C, 1 , 0 , 0 , 100 , 0 , 0 , 0 , 0 , 27 , 0 , 0 , 0 , 0 
08-Jan-2004 16:34,200103,STANSTED,GERMANY,MOENCHENGLADBACH,EAE EUROPEAN AIR EXPRESS,A,S, 0 , 1 , 0 , 0 , 0 , 0 , 0 , 0 , 0 , 0 , 0 , 0 , 0 
08-Jan-2004 16:34,200103,STANSTED,GERMANY,MOENCHENGLADBACH,EAE EUROPEAN AIR EXPRESS,D,C, 0 , 1 , 0 , 0 , 0 , 0 , 0 , 0 , 0 , 0 , 0 , 0 , 0 
08-Jan-2004 16:34,200103,STANSTED,GERMANY,MOENCHENGLADBACH,EAE EUROPEAN AIR EXPRESS,D,S, 0 , 1 , 0 , 0 , 0 , 0 , 0 , 0 , 0 , 0 , 0 , 0 , 0 
08-Jan-2004 16:34,200103,STANSTED,GERMANY,MUNICH,AIR 2000,A,C, 1 , 0 , 100 , 0 , 0 , 0 , 0 , 0 , 0 , 0 , 0 , 0 , 0 
08-Jan-2004 16:34,200103,STANSTED,GERMANY,MUNICH,AIR 2000,D,C, 1 , 0 , 100 , 0 , 0 , 0 , 0 , 0 , 11 , 0 , 0 , 0 , 0 
08-Jan-2004 16:34,200103,STANSTED,GERMANY,MUNICH,CIRRUS LUFTFAHRT,A,C, 0 , 0 , 0 , 0 , 0 , 0 , 0 , 0 , 0 , 0 , 1 , 100 , 0 
08-Jan-2004 16:34,200103,STANSTED,GERMANY,MUNICH,CIRRUS LUFTFAHRT,D,C, 0 , 0 , 0 , 0 , 0 , 0 , 0 , 0 , 0 , 0 , 1 , 100 , 13 
08-Jan-2004 16:34,200103,STANSTED,GERMANY,MUNICH,GO FLY LTD,A,S, 61 , 0 , 86.8852459016394 , 4.91803278688525 , 6.55737704918033 , 1.63934426229508 , 0 , 0 , 7.60655737704918 , 0 , 54 , 92.5925925925926 , 5.59259259259259 
08-Jan-2004 16:34,200103,STANSTED,GERMANY,MUNICH,GO FLY LTD,D,S, 61 , 0 , 59.016393442623 , 24.5901639344262 , 11.4754098360656 , 4.91803278688525 , 0 , 0 , 16.655737704918 , 0 , 54 , 83.3333333333333 , 13 
08-Jan-2004 16:34,200103,STANSTED,GERMANY,MUNICH,LUFTHANSA,A,S, 91 , 0 , 81.3186813186813 , 8.79120879120879 , 6.59340659340659 , 3.2967032967033 , 0 , 0 , 10.1648351648352 , 2 , 93 , 70.9677419354839 , 13.1935483870968 
08-Jan-2004 16:34,200103,STANSTED,GERMANY,MUNICH,LUFTHANSA,D,S, 91 , 0 , 58.2417582417582 , 30.7692307692308 , 8.79120879120879 , 1.0989010989011 , 1.0989010989011 , 0 , 17.0879120879121 , 2 , 93 , 38.7096774193548 , 22.6666666666667 
08-Jan-2004 16:34,200103,STANSTED,GERMANY,NUREMBERG,EUROWINGS LUFTVERKEHRS,A,S, 74 , 0 , 63.5135135135135 , 24.3243243243243 , 9.45945945945946 , 2.7027027027027 , 0 , 0 , 16.5405405405405 , 3 , 59 , 76.271186440678 , 9.11864406779661 
08-Jan-2004 16:34,200103,STANSTED,GERMANY,NUREMBERG,EUROWINGS LUFTVERKEHRS,D,S, 74 , 0 , 62.1621621621622 , 29.7297297297297 , 5.40540540540541 , 2.7027027027027 , 0 , 0 , 15.6486486486486 , 3 , 59 , 77.9661016949153 , 9.91525423728813 
08-Jan-2004 16:34,200103,STANSTED,GERMANY,PADERBORN,EUROWINGS LUFTVERKEHRS,A,S, 4 , 0 , 25 , 50 , 0 , 25 , 0 , 0 , 39.5 , 0 , 0 , 0 , 0 
08-Jan-2004 16:34,200103,STANSTED,GERMANY,STUTTGART,BRITANNIA GMBH,A,S, 1 , 0 , 0 , 100 , 0 , 0 , 0 , 0 , 26 , 0 , 0 , 0 , 0 
08-Jan-2004 16:34,200103,STANSTED,GIBRALTAR,GIBRALTAR,AIR 2000,A,C, 0 , 1 , 0 , 0 , 0 , 0 , 0 , 0 , 0 , 0 , 0 , 0 , 0 
08-Jan-2004 16:34,200103,STANSTED,HUNGARY,BUDAPEST,MALEV (HUNGARIAN AIRLINES),A,C, 3 , 0 , 100 , 0 , 0 , 0 , 0 , 0 , 5.66666666666667 , 0 , 2 , 100 , 12 
08-Jan-2004 16:34,200103,STANSTED,HUNGARY,BUDAPEST,MALEV (HUNGARIAN AIRLINES),D,C, 3 , 0 , 33.3333333333333 , 33.3333333333333 , 33.3333333333333 , 0 , 0 , 0 , 21 , 0 , 1 , 100 , 10 
08-Jan-2004 16:34,200103,STANSTED,ICELAND,KEFLAVIK,GO FLY LTD,A,S, 6 , 0 , 100 , 0 , 0 , 0 , 0 , 0 , 1.83333333333333 , 0 , 0 , 0 , 0 
08-Jan-2004 16:34,200103,STANSTED,ICELAND,KEFLAVIK,GO FLY LTD,D,S, 7 , 0 , 85.7142857142857 , 14.2857142857143 , 0 , 0 , 0 , 0 , 6.28571428571429 , 0 , 0 , 0 , 0 
08-Jan-2004 16:34,200103,STANSTED,IRAN,ISFAHAN,AIR 2000,D,C, 1 , 0 , 100 , 0 , 0 , 0 , 0 , 0 , 0 , 0 , 0 , 0 , 0 
08-Jan-2004 16:34,200103,STANSTED,IRISH REPUBLIC,CONNAUGHT,RYANAIR,A,S, 33 , 0 , 78.7878787878788 , 18.1818181818182 , 3.03030303030303 , 0 , 0 , 0 , 7.03030303030303 , 0 , 44 , 86.3636363636364 , 5.56818181818182 
08-Jan-2004 16:34,200103,STANSTED,IRISH REPUBLIC,CONNAUGHT,RYANAIR,D,S, 33 , 0 , 69.6969696969697 , 27.2727272727273 , 3.03030303030303 , 0 , 0 , 0 , 12.2727272727273 , 0 , 47 , 72.3404255319149 , 10.4042553191489 
08-Jan-2004 16:34,200103,STANSTED,IRISH REPUBLIC,CORK,RYANAIR,A,S, 95 , 0 , 76.8421052631579 , 7.36842105263158 , 7.36842105263158 , 5.26315789473684 , 3.15789473684211 , 0 , 18.9473684210526 , 0 , 93 , 93.5483870967742 , 5.96774193548387 
08-Jan-2004 16:34,200103,STANSTED,IRISH REPUBLIC,CORK,RYANAIR,D,S, 95 , 0 , 64.2105263157895 , 17.8947368421053 , 11.5789473684211 , 5.26315789473684 , 1.05263157894737 , 0 , 19.1473684210526 , 0 , 92 , 79.3478260869565 , 11.5760869565217 
08-Jan-2004 16:34,200103,STANSTED,IRISH REPUBLIC,DUBLIN,AER LINGUS,A,S, 0 , 1 , 0 , 0 , 0 , 0 , 0 , 0 , 0 , 0 , 0 , 0 , 0 
08-Jan-2004 16:34,200103,STANSTED,IRISH REPUBLIC,DUBLIN,RYANAIR,A,S, 331 , 2 , 81.8731117824773 , 10.2719033232628 , 5.74018126888217 , 1.81268882175227 , 0.302114803625378 , 0 , 8.66767371601208 , 20 , 313 , 81.4696485623003 , 8.17891373801917 
08-Jan-2004 16:34,200103,STANSTED,IRISH REPUBLIC,DUBLIN,RYANAIR,D,S, 331 , 1 , 76.4350453172205 , 15.7099697885196 , 4.83383685800604 , 2.41691842900302 , 0.604229607250755 , 0 , 12.2688821752266 , 10 , 311 , 74.91961414791 , 12.8392282958199 
08-Jan-2004 16:34,200103,STANSTED,IRISH REPUBLIC,KERRY COUNTY,RYANAIR,A,S, 31 , 0 , 74.1935483870968 , 9.67741935483871 , 9.67741935483871 , 6.45161290322581 , 0 , 0 , 12.4516129032258 , 0 , 31 , 83.8709677419355 , 6.70967741935484 
08-Jan-2004 16:34,200103,STANSTED,IRISH REPUBLIC,KERRY COUNTY,RYANAIR,D,S, 31 , 0 , 74.1935483870968 , 9.67741935483871 , 9.67741935483871 , 6.45161290322581 , 0 , 0 , 13.5161290322581 , 0 , 31 , 77.4193548387097 , 9.29032258064516 
08-Jan-2004 16:34,200103,STANSTED,IRISH REPUBLIC,SHANNON,MY TRAVEL AIRWAYS UK,A,C, 1 , 0 , 0 , 100 , 0 , 0 , 0 , 0 , 22 , 0 , 0 , 0 , 0 
08-Jan-2004 16:34,200103,STANSTED,IRISH REPUBLIC,SHANNON,MY TRAVEL AIRWAYS UK,D,C, 1 , 0 , 100 , 0 , 0 , 0 , 0 , 0 , 0 , 0 , 0 , 0 , 0 
08-Jan-2004 16:34,200103,STANSTED,IRISH REPUBLIC,SHANNON,RYANAIR,A,C, 1 , 0 , 100 , 0 , 0 , 0 , 0 , 0 , 0 , 0 , 0 , 0 , 0 
08-Jan-2004 16:34,200103,STANSTED,IRISH REPUBLIC,SHANNON,RYANAIR,A,S, 100 , 0 , 74 , 11 , 11 , 4 , 0 , 0 , 12.19 , 1 , 0 , 0 , 0 
08-Jan-2004 16:34,200103,STANSTED,IRISH REPUBLIC,SHANNON,RYANAIR,D,C, 1 , 0 , 100 , 0 , 0 , 0 , 0 , 0 , 4 , 0 , 0 , 0 , 0 
08-Jan-2004 16:34,200103,STANSTED,IRISH REPUBLIC,SHANNON,RYANAIR,D,S, 101 , 0 , 72.2772277227723 , 14.8514851485149 , 8.91089108910891 , 3.96039603960396 , 0 , 0 , 15.2970297029703 , 0 , 0 , 0 , 0 
08-Jan-2004 16:34,200103,STANSTED,IRISH REPUBLIC,SHANNON,VIRGIN EXPRESS IRELAND,A,S, 0 , 0 , 0 , 0 , 0 , 0 , 0 , 0 , 0 , 0 , 54 , 83.3333333333333 , 11.6666666666667 
08-Jan-2004 16:34,200103,STANSTED,IRISH REPUBLIC,SHANNON,VIRGIN EXPRESS IRELAND,D,S, 0 , 0 , 0 , 0 , 0 , 0 , 0 , 0 , 0 , 0 , 54 , 83.3333333333333 , 15.2962962962963 
08-Jan-2004 16:34,200103,STANSTED,IRISH REPUBLIC,WATERFORD,BRITISH REGIONAL AIRLINES LTD,A,S, 0 , 0 , 0 , 0 , 0 , 0 , 0 , 0 , 0 , 0 , 27 , 92.5925925925926 , 3.77777777777778 
08-Jan-2004 16:34,200103,STANSTED,IRISH REPUBLIC,WATERFORD,BRITISH REGIONAL AIRLINES LTD,D,S, 0 , 0 , 0 , 0 , 0 , 0 , 0 , 0 , 0 , 0 , 27 , 85.1851851851852 , 6.48148148148148 
08-Jan-2004 16:34,200103,STANSTED,ISRAEL,TEL AVIV,EL AL,A,S, 4 , 0 , 50 , 25 , 25 , 0 , 0 , 0 , 14.75 , 3 , 4 , 75 , 8 
08-Jan-2004 16:34,200103,STANSTED,ISRAEL,TEL AVIV,EL AL,D,S, 2 , 0 , 50 , 0 , 50 , 0 , 0 , 0 , 25.5 , 3 , 3 , 66.6666666666667 , 10 
08-Jan-2004 16:34,200103,STANSTED,ITALY,ALGHERO/SASSARI,RYANAIR,A,S, 25 , 0 , 40 , 24 , 32 , 4 , 0 , 0 , 27.72 , 0 , 0 , 0 , 0 
08-Jan-2004 16:34,200103,STANSTED,ITALY,ALGHERO/SASSARI,RYANAIR,D,S, 25 , 0 , 60 , 32 , 8 , 0 , 0 , 0 , 13.8 , 0 , 0 , 0 , 0 
08-Jan-2004 16:34,200103,STANSTED,ITALY,ANCONA,RYANAIR,A,S, 31 , 0 , 32.258064516129 , 41.9354838709677 , 19.3548387096774 , 3.2258064516129 , 3.2258064516129 , 0 , 30.8709677419355 , 0 , 31 , 67.741935483871 , 24.2903225806452 
08-Jan-2004 16:34,200103,STANSTED,ITALY,ANCONA,RYANAIR,D,S, 31 , 0 , 87.0967741935484 , 6.45161290322581 , 6.45161290322581 , 0 , 0 , 0 , 10.0967741935484 , 0 , 31 , 51.6129032258064 , 20.1935483870968 
08-Jan-2004 16:34,200103,STANSTED,ITALY,BERGAMO,MALEV (HUNGARIAN AIRLINES),D,C, 1 , 0 , 100 , 0 , 0 , 0 , 0 , 0 , 10 , 0 , 0 , 0 , 0 
08-Jan-2004 16:34,200103,STANSTED,ITALY,BOLOGNA,GO FLY LTD,A,S, 31 , 1 , 64.5161290322581 , 12.9032258064516 , 9.67741935483871 , 9.67741935483871 , 3.2258064516129 , 0 , 24.3225806451613 , 0 , 31 , 64.5161290322581 , 18.6129032258065 
08-Jan-2004 16:34,200103,STANSTED,ITALY,BOLOGNA,GO FLY LTD,D,S, 31 , 0 , 54.8387096774194 , 22.5806451612903 , 16.1290322580645 , 6.45161290322581 , 0 , 0 , 18.2903225806452 , 0 , 31 , 61.2903225806452 , 17.6774193548387 
08-Jan-2004 16:34,200103,STANSTED,ITALY,BRESCIA/MONTICHIARI,RYANAIR,A,S, 61 , 0 , 52.4590163934426 , 26.2295081967213 , 16.3934426229508 , 4.91803278688525 , 0 , 0 , 18.5245901639344 , 1 , 0 , 0 , 0 
08-Jan-2004 16:34,200103,STANSTED,ITALY,BRESCIA/MONTICHIARI,RYANAIR,D,S, 62 , 0 , 67.741935483871 , 16.1290322580645 , 14.5161290322581 , 1.61290322580645 , 0 , 0 , 14.258064516129 , 0 , 0 , 0 , 0 
08-Jan-2004 16:34,200103,STANSTED,ITALY,GENOA,RYANAIR,A,S, 57 , 0 , 75.4385964912281 , 21.0526315789474 , 0 , 1.75438596491228 , 1.75438596491228 , 0 , 13.280701754386 , 0 , 53 , 77.3584905660377 , 15.7169811320755 
08-Jan-2004 16:34,200103,STANSTED,ITALY,GENOA,RYANAIR,D,S, 57 , 0 , 56.140350877193 , 29.8245614035088 , 12.280701754386 , 1.75438596491228 , 0 , 0 , 15.4736842105263 , 0 , 53 , 58.4905660377359 , 25.1132075471698 
08-Jan-2004 16:34,200103,STANSTED,ITALY,MILAN (LINATE),GO FLY LTD,A,S, 32 , 0 , 84.375 , 3.125 , 6.25 , 6.25 , 0 , 0 , 9.90625 , 0 , 0 , 0 , 0 
08-Jan-2004 16:34,200103,STANSTED,ITALY,MILAN (LINATE),GO FLY LTD,D,S, 31 , 0 , 58.0645161290323 , 9.67741935483871 , 16.1290322580645 , 16.1290322580645 , 0 , 0 , 26.0645161290323 , 0 , 0 , 0 , 0 
08-Jan-2004 16:34,200103,STANSTED,ITALY,MILAN (LINATE),KLM UK LTD,A,S, 82 , 0 , 75.609756097561 , 14.6341463414634 , 9.75609756097561 , 0 , 0 , 0 , 9.14634146341463 , 0 , 80 , 73.75 , 14.95 
08-Jan-2004 16:34,200103,STANSTED,ITALY,MILAN (LINATE),KLM UK LTD,D,S, 82 , 0 , 74.390243902439 , 14.6341463414634 , 9.75609756097561 , 1.21951219512195 , 0 , 0 , 11.9146341463415 , 1 , 80 , 76.25 , 16.375 
08-Jan-2004 16:34,200103,STANSTED,ITALY,MILAN (MALPENSA),GO FLY LTD,A,S, 41 , 0 , 75.609756097561 , 9.75609756097561 , 9.75609756097561 , 2.4390243902439 , 0 , 2.4390243902439 , 22.7560975609756 , 0 , 115 , 80.8695652173913 , 17.4608695652174 
08-Jan-2004 16:34,200103,STANSTED,ITALY,MILAN (MALPENSA),GO FLY LTD,D,S, 41 , 0 , 63.4146341463415 , 29.2682926829268 , 7.31707317073171 , 0 , 0 , 0 , 13.390243902439 , 0 , 115 , 58.2608695652174 , 22.5130434782609 
08-Jan-2004 16:34,200103,STANSTED,ITALY,NAPLES,GO FLY LTD,A,S, 38 , 0 , 78.9473684210526 , 10.5263157894737 , 5.26315789473684 , 5.26315789473684 , 0 , 0 , 10.2631578947368 , 0 , 0 , 0 , 0 
08-Jan-2004 16:34,200103,STANSTED,ITALY,NAPLES,GO FLY LTD,D,S, 38 , 0 , 73.6842105263158 , 13.1578947368421 , 10.5263157894737 , 2.63157894736842 , 0 , 0 , 13.1578947368421 , 0 , 0 , 0 , 0 
08-Jan-2004 16:34,200103,STANSTED,ITALY,PESCARA,RYANAIR,A,C, 1 , 0 , 0 , 100 , 0 , 0 , 0 , 0 , 22 , 0 , 0 , 0 , 0 
08-Jan-2004 16:34,200103,STANSTED,ITALY,PISA,RYANAIR,A,S, 69 , 0 , 84.0579710144928 , 10.1449275362319 , 2.89855072463768 , 2.89855072463768 , 0 , 0 , 9.57971014492754 , 0 , 61 , 75.4098360655738 , 14.4754098360656 
08-Jan-2004 16:34,200103,STANSTED,ITALY,PISA,RYANAIR,D,S, 69 , 0 , 42.0289855072464 , 47.8260869565217 , 5.79710144927536 , 4.34782608695652 , 0 , 0 , 19.8695652173913 , 0 , 62 , 51.6129032258064 , 21.258064516129 
08-Jan-2004 16:34,200103,STANSTED,ITALY,RIMINI,RYANAIR,A,S, 31 , 0 , 38.7096774193548 , 38.7096774193548 , 19.3548387096774 , 3.2258064516129 , 0 , 0 , 20.4516129032258 , 0 , 30 , 73.3333333333333 , 12.0666666666667 
08-Jan-2004 16:34,200103,STANSTED,ITALY,RIMINI,RYANAIR,D,S, 31 , 0 , 54.8387096774194 , 25.8064516129032 , 19.3548387096774 , 0 , 0 , 0 , 15 , 0 , 30 , 36.6666666666667 , 22.5666666666667 
08-Jan-2004 16:34,200103,STANSTED,ITALY,ROME (CIAMPINO),EUROPEAN AIR CHARTER,A,C, 0 , 0 , 0 , 0 , 0 , 0 , 0 , 0 , 0 , 0 , 1 , 100 , 0 
08-Jan-2004 16:34,200103,STANSTED,ITALY,ROME (CIAMPINO),EUROPEAN AIR CHARTER,D,C, 0 , 0 , 0 , 0 , 0 , 0 , 0 , 0 , 0 , 0 , 2 , 0 , 26 
08-Jan-2004 16:34,200103,STANSTED,ITALY,ROME (CIAMPINO),GO FLY LTD,A,S, 61 , 0 , 81.9672131147541 , 8.19672131147541 , 8.19672131147541 , 1.63934426229508 , 0 , 0 , 9.83606557377049 , 0 , 68 , 80.8823529411765 , 10.5 
08-Jan-2004 16:34,200103,STANSTED,ITALY,ROME (CIAMPINO),GO FLY LTD,D,S, 61 , 0 , 77.0491803278689 , 11.4754098360656 , 6.55737704918033 , 3.27868852459016 , 1.63934426229508 , 0 , 14.5737704918033 , 0 , 68 , 63.2352941176471 , 19.8529411764706 
08-Jan-2004 16:34,200103,STANSTED,ITALY,TREVISO,RYANAIR,A,S, 60 , 0 , 85 , 5 , 5 , 3.33333333333333 , 1.66666666666667 , 0 , 11.2 , 1 , 54 , 44.4444444444444 , 22.6481481481481 
08-Jan-2004 16:34,200103,STANSTED,ITALY,TREVISO,RYANAIR,D,S, 60 , 0 , 68.3333333333333 , 23.3333333333333 , 6.66666666666667 , 1.66666666666667 , 0 , 0 , 14.2666666666667 , 1 , 54 , 42.5925925925926 , 19.6666666666667 
08-Jan-2004 16:34,200103,STANSTED,ITALY,TURIN,AIR 2000,A,C, 4 , 0 , 25 , 25 , 50 , 0 , 0 , 0 , 30.5 , 0 , 4 , 0 , 42.5 
08-Jan-2004 16:34,200103,STANSTED,ITALY,TURIN,AIR 2000,D,C, 4 , 0 , 50 , 0 , 50 , 0 , 0 , 0 , 23.5 , 0 , 4 , 75 , 26 
08-Jan-2004 16:34,200103,STANSTED,ITALY,TURIN,ALITALIA,A,S, 0 , 0 , 0 , 0 , 0 , 0 , 0 , 0 , 0 , 0 , 23 , 73.9130434782609 , 10.3913043478261 
08-Jan-2004 16:34,200103,STANSTED,ITALY,TURIN,ALITALIA,D,S, 0 , 0 , 0 , 0 , 0 , 0 , 0 , 0 , 0 , 0 , 23 , 47.8260869565217 , 16.304347826087 
08-Jan-2004 16:34,200103,STANSTED,ITALY,TURIN,BRITISH WORLD AIRLINES LTD,A,C, 3 , 0 , 0 , 0 , 66.6666666666667 , 33.3333333333333 , 0 , 0 , 56.3333333333333 , 0 , 0 , 0 , 0 
08-Jan-2004 16:34,200103,STANSTED,ITALY,TURIN,BRITISH WORLD AIRLINES LTD,D,C, 2 , 0 , 100 , 0 , 0 , 0 , 0 , 0 , 2 , 0 , 0 , 0 , 0 
08-Jan-2004 16:34,200103,STANSTED,ITALY,TURIN,RYANAIR,A,S, 62 , 0 , 82.258064516129 , 3.2258064516129 , 11.2903225806452 , 3.2258064516129 , 0 , 0 , 10.0161290322581 , 0 , 61 , 88.5245901639344 , 11.2131147540984 
08-Jan-2004 16:34,200103,STANSTED,ITALY,TURIN,RYANAIR,D,S, 62 , 0 , 66.1290322580645 , 17.741935483871 , 11.2903225806452 , 4.83870967741935 , 0 , 0 , 17.3870967741935 , 0 , 61 , 67.2131147540984 , 17.0491803278689 
08-Jan-2004 16:34,200103,STANSTED,ITALY,VENICE,GO FLY LTD,A,S, 35 , 0 , 80 , 8.57142857142857 , 8.57142857142857 , 2.85714285714286 , 0 , 0 , 10.8 , 0 , 62 , 69.3548387096774 , 15.7096774193548 
08-Jan-2004 16:34,200103,STANSTED,ITALY,VENICE,GO FLY LTD,D,S, 35 , 0 , 65.7142857142857 , 25.7142857142857 , 5.71428571428571 , 2.85714285714286 , 0 , 0 , 14.5142857142857 , 0 , 62 , 82.258064516129 , 11.741935483871 
08-Jan-2004 16:34,200103,STANSTED,ITALY,VERONA,EUROPEAN AIR CHARTER,A,C, 2 , 0 , 100 , 0 , 0 , 0 , 0 , 0 , 13.5 , 0 , 2 , 50 , 15 
08-Jan-2004 16:34,200103,STANSTED,ITALY,VERONA,EUROPEAN AIR CHARTER,D,C, 2 , 0 , 100 , 0 , 0 , 0 , 0 , 0 , 0.5 , 0 , 2 , 100 , 6 
08-Jan-2004 16:34,200103,STANSTED,JORDAN,AQABA,AIR 2000,D,C, 0 , 0 , 0 , 0 , 0 , 0 , 0 , 0 , 0 , 0 , 1 , 100 , 3 
08-Jan-2004 16:34,200103,STANSTED,KAZAKHSTAN,URALSK,MALEV (HUNGARIAN AIRLINES),A,C, 2 , 0 , 100 , 0 , 0 , 0 , 0 , 0 , 2.5 , 0 , 3 , 100 , 0 
08-Jan-2004 16:34,200103,STANSTED,KAZAKHSTAN,URALSK,MALEV (HUNGARIAN AIRLINES),D,C, 1 , 0 , 0 , 0 , 100 , 0 , 0 , 0 , 34 , 0 , 2 , 0 , 39 
08-Jan-2004 16:34,200103,STANSTED,KAZAKHSTAN,URALSK,ORIENT EAGLE AIRWAYS,A,C, 3 , 0 , 100 , 0 , 0 , 0 , 0 , 0 , 0.666666666666667 , 0 , 0 , 0 , 0 
08-Jan-2004 16:34,200103,STANSTED,KAZAKHSTAN,URALSK,ORIENT EAGLE AIRWAYS,D,C, 3 , 0 , 0 , 66.6666666666667 , 0 , 33.3333333333333 , 0 , 0 , 41.6666666666667 , 0 , 0 , 0 , 0 
08-Jan-2004 16:34,200103,STANSTED,LUXEMBOURG,LUXEMBOURG,LUXAIR,A,S, 46 , 0 , 78.2608695652174 , 17.3913043478261 , 0 , 4.34782608695652 , 0 , 0 , 11.9782608695652 , 2 , 49 , 81.6326530612245 , 8.55102040816327 
08-Jan-2004 16:34,200103,STANSTED,LUXEMBOURG,LUXEMBOURG,LUXAIR,D,S, 45 , 0 , 80 , 13.3333333333333 , 2.22222222222222 , 4.44444444444444 , 0 , 0 , 12.8 , 3 , 49 , 77.5510204081633 , 11.265306122449 
08-Jan-2004 16:34,200103,STANSTED,MALTA,MALTA,AIR 2000,A,C, 0 , 0 , 0 , 0 , 0 , 0 , 0 , 0 , 0 , 0 , 1 , 100 , 12 
08-Jan-2004 16:34,200103,STANSTED,MALTA,MALTA,AIR MALTA,A,S, 5 , 0 , 0 , 0 , 100 , 0 , 0 , 0 , 39.6 , 0 , 6 , 66.6666666666667 , 19.8333333333333 
08-Jan-2004 16:34,200103,STANSTED,MALTA,MALTA,AIR MALTA,D,S, 5 , 0 , 0 , 0 , 60 , 40 , 0 , 0 , 67.6 , 0 , 6 , 33.3333333333333 , 34.1666666666667 
08-Jan-2004 16:34,200103,STANSTED,MALTA,MALTA,STAR EUROPE,D,C, 0 , 0 , 0 , 0 , 0 , 0 , 0 , 0 , 0 , 0 , 1 , 100 , 0 
08-Jan-2004 16:34,200103,STANSTED,MOROCCO,MARRAKESH,AIR 2000,D,C, 1 , 0 , 100 , 0 , 0 , 0 , 0 , 0 , 1 , 0 , 0 , 0 , 0 
08-Jan-2004 16:34,200103,STANSTED,MOROCCO,MARRAKESH,MY TRAVEL AIRWAYS UK,A,C, 1 , 0 , 0 , 100 , 0 , 0 , 0 , 0 , 19 , 0 , 0 , 0 , 0 
08-Jan-2004 16:34,200103,STANSTED,MOROCCO,MARRAKESH,ROYAL AIR MAROC,A,S, 13 , 0 , 46.1538461538462 , 15.3846153846154 , 30.7692307692308 , 7.69230769230769 , 0 , 0 , 23.9230769230769 , 1 , 9 , 44.4444444444444 , 35.8888888888889 
08-Jan-2004 16:34,200103,STANSTED,MOROCCO,MARRAKESH,ROYAL AIR MAROC,D,S, 13 , 0 , 30.7692307692308 , 23.0769230769231 , 30.7692307692308 , 15.3846153846154 , 0 , 0 , 30.3076923076923 , 1 , 9 , 22.2222222222222 , 48.2222222222222 
08-Jan-2004 16:34,200103,STANSTED,NETHERLANDS,AMSTERDAM,KLM UK LTD,A,S, 243 , 0 , 81.0699588477366 , 7.81893004115226 , 5.34979423868313 , 5.34979423868313 , 0.411522633744856 , 0 , 12.238683127572 , 4 , 258 , 84.8837209302326 , 9.22093023255814 
08-Jan-2004 16:34,200103,STANSTED,NETHERLANDS,AMSTERDAM,KLM UK LTD,D,S, 244 , 0 , 78.2786885245902 , 10.2459016393443 , 5.32786885245902 , 6.14754098360656 , 0 , 0 , 13.1147540983607 , 3 , 258 , 77.5193798449613 , 15.0387596899225 
08-Jan-2004 16:34,200103,STANSTED,NETHERLANDS,EINDHOVEN,BRITISH WORLD AIRLINES LTD,D,C, 0 , 0 , 0 , 0 , 0 , 0 , 0 , 0 , 0 , 0 , 2 , 0 , 20.5 
08-Jan-2004 16:34,200103,STANSTED,NETHERLANDS,EINDHOVEN,KLM EXEL,A,S, 70 , 0 , 68.5714285714286 , 20 , 5.71428571428571 , 4.28571428571429 , 1.42857142857143 , 0 , 15.9428571428571 , 0 , 69 , 89.8550724637681 , 5.69565217391304 
08-Jan-2004 16:34,200103,STANSTED,NETHERLANDS,EINDHOVEN,KLM EXEL,D,S, 69 , 0 , 81.1594202898551 , 11.5942028985507 , 0 , 5.79710144927536 , 1.44927536231884 , 0 , 12.2753623188406 , 1 , 70 , 90 , 4.6 
08-Jan-2004 16:34,200103,STANSTED,NETHERLANDS,MAASTRICHT,KLM EXEL,A,S, 94 , 0 , 65.9574468085106 , 23.4042553191489 , 5.31914893617021 , 5.31914893617021 , 0 , 0 , 14.1489361702128 , 0 , 98 , 81.6326530612245 , 7.68367346938776 
08-Jan-2004 16:34,200103,STANSTED,NETHERLANDS,MAASTRICHT,KLM EXEL,D,S, 93 , 0 , 80.6451612903226 , 11.8279569892473 , 4.3010752688172 , 3.2258064516129 , 0 , 0 , 9.2258064516129 , 1 , 98 , 80.6122448979592 , 8.22448979591837 
08-Jan-2004 16:34,200103,STANSTED,NETHERLANDS,ROTTERDAM,BRITISH WORLD AIRLINES LTD,A,C, 0 , 0 , 0 , 0 , 0 , 0 , 0 , 0 , 0 , 0 , 1 , 0 , 18 
08-Jan-2004 16:34,200103,STANSTED,NETHERLANDS,ROTTERDAM,BRITISH WORLD AIRLINES LTD,D,C, 0 , 0 , 0 , 0 , 0 , 0 , 0 , 0 , 0 , 0 , 1 , 0 , 31 
08-Jan-2004 16:34,200103,STANSTED,NETHERLANDS,ROTTERDAM,VLM (BELGIUM),A,S, 0 , 1 , 0 , 0 , 0 , 0 , 0 , 0 , 0 , 0 , 0 , 0 , 0 
08-Jan-2004 16:34,200103,STANSTED,NETHERLANDS,ROTTERDAM,VLM (BELGIUM),D,S, 0 , 1 , 0 , 0 , 0 , 0 , 0 , 0 , 0 , 0 , 0 , 0 , 0 
08-Jan-2004 16:34,200103,STANSTED,NORWAY,BERGEN,BRAATHENS ASA,A,S, 0 , 0 , 0 , 0 , 0 , 0 , 0 , 0 , 0 , 0 , 31 , 80.6451612903226 , 7.35483870967742 
08-Jan-2004 16:34,200103,STANSTED,NORWAY,BERGEN,BRAATHENS ASA,D,S, 0 , 0 , 0 , 0 , 0 , 0 , 0 , 0 , 0 , 0 , 31 , 87.0967741935484 , 5.54838709677419 
08-Jan-2004 16:34,200103,STANSTED,NORWAY,GEILO (DAGALI),SUN AIR OF SCANDINAVIA,D,C, 1 , 0 , 100 , 0 , 0 , 0 , 0 , 0 , 15 , 0 , 0 , 0 , 0 
08-Jan-2004 16:34,200103,STANSTED,NORWAY,OSLO (GARDERMOEN),BRAATHENS ASA,A,C, 1 , 0 , 0 , 0 , 0 , 100 , 0 , 0 , 68 , 0 , 0 , 0 , 0 
08-Jan-2004 16:34,200103,STANSTED,NORWAY,OSLO (GARDERMOEN),BRAATHENS ASA,A,S, 0 , 0 , 0 , 0 , 0 , 0 , 0 , 0 , 0 , 0 , 59 , 83.0508474576271 , 6.86440677966102 
08-Jan-2004 16:34,200103,STANSTED,NORWAY,OSLO (GARDERMOEN),BRAATHENS ASA,D,C, 1 , 0 , 100 , 0 , 0 , 0 , 0 , 0 , 3 , 0 , 0 , 0 , 0 
08-Jan-2004 16:34,200103,STANSTED,NORWAY,OSLO (GARDERMOEN),BRAATHENS ASA,D,S, 0 , 0 , 0 , 0 , 0 , 0 , 0 , 0 , 0 , 0 , 59 , 79.6610169491525 , 9.10169491525424 
08-Jan-2004 16:34,200103,STANSTED,NORWAY,OSLO (GARDERMOEN),MYTRAVEL AIRWAYS (DENMARK),A,C, 0 , 0 , 0 , 0 , 0 , 0 , 0 , 0 , 0 , 0 , 9 , 77.7777777777778 , 22 
08-Jan-2004 16:34,200103,STANSTED,NORWAY,OSLO (GARDERMOEN),MYTRAVEL AIRWAYS (DENMARK),D,C, 0 , 0 , 0 , 0 , 0 , 0 , 0 , 0 , 0 , 0 , 9 , 66.6666666666667 , 21.7777777777778 
08-Jan-2004 16:34,200103,STANSTED,NORWAY,SANDEFJORD(TORP),RYANAIR,A,S, 55 , 1 , 74.5454545454545 , 9.09090909090909 , 9.09090909090909 , 5.45454545454545 , 1.81818181818182 , 0 , 16.0363636363636 , 0 , 58 , 87.9310344827586 , 7.12068965517241 
08-Jan-2004 16:34,200103,STANSTED,NORWAY,SANDEFJORD(TORP),RYANAIR,D,S, 57 , 0 , 50.8771929824561 , 24.5614035087719 , 12.280701754386 , 10.5263157894737 , 1.75438596491228 , 0 , 28.1052631578947 , 0 , 58 , 55.1724137931034 , 20.5862068965517 
08-Jan-2004 16:34,200103,STANSTED,NORWAY,STAVANGER,SAS,A,S, 13 , 0 , 92.3076923076923 , 0 , 0 , 0 , 7.69230769230769 , 0 , 17.5384615384615 , 0 , 0 , 0 , 0 
08-Jan-2004 16:34,200103,STANSTED,NORWAY,STAVANGER,SAS,D,S, 13 , 0 , 69.2307692307692 , 15.3846153846154 , 7.69230769230769 , 0 , 7.69230769230769 , 0 , 24.0769230769231 , 0 , 0 , 0 , 0 
08-Jan-2004 16:34,200103,STANSTED,POLAND,KRAKOW,BRITISH WORLD AIRLINES LTD,D,C, 0 , 0 , 0 , 0 , 0 , 0 , 0 , 0 , 0 , 0 , 1 , 100 , 4 
08-Jan-2004 16:34,200103,STANSTED,POLAND,RZESZOW,AIR 2000,A,C, 1 , 0 , 0 , 0 , 0 , 100 , 0 , 0 , 64 , 0 , 1 , 0 , 29 
08-Jan-2004 16:34,200103,STANSTED,POLAND,RZESZOW,AIR 2000,D,C, 1 , 0 , 0 , 100 , 0 , 0 , 0 , 0 , 25 , 0 , 1 , 0 , 87 
08-Jan-2004 16:34,200103,STANSTED,PORTUGAL(EXCLUDING MADEIRA),FARO,AIR 2000,A,C, 5 , 0 , 40 , 20 , 40 , 0 , 0 , 0 , 21.6 , 0 , 4 , 50 , 17 
08-Jan-2004 16:34,200103,STANSTED,PORTUGAL(EXCLUDING MADEIRA),FARO,AIR 2000,D,C, 5 , 0 , 100 , 0 , 0 , 0 , 0 , 0 , 6 , 0 , 4 , 100 , 0 
08-Jan-2004 16:34,200103,STANSTED,PORTUGAL(EXCLUDING MADEIRA),FARO,GO FLY LTD,A,S, 29 , 0 , 68.9655172413793 , 24.1379310344828 , 3.44827586206897 , 3.44827586206897 , 0 , 0 , 12.3103448275862 , 0 , 10 , 60 , 16.6 
08-Jan-2004 16:34,200103,STANSTED,PORTUGAL(EXCLUDING MADEIRA),FARO,GO FLY LTD,D,S, 29 , 0 , 58.6206896551724 , 20.6896551724138 , 20.6896551724138 , 0 , 0 , 0 , 14.551724137931 , 0 , 10 , 40 , 32.6 
08-Jan-2004 16:34,200103,STANSTED,PORTUGAL(EXCLUDING MADEIRA),FARO,MY TRAVEL AIRWAYS UK,A,C, 5 , 0 , 80 , 20 , 0 , 0 , 0 , 0 , 8.4 , 0 , 4 , 75 , 11.25 
08-Jan-2004 16:34,200103,STANSTED,PORTUGAL(EXCLUDING MADEIRA),FARO,MY TRAVEL AIRWAYS UK,D,C, 5 , 0 , 80 , 0 , 0 , 20 , 0 , 0 , 15.2 , 0 , 4 , 100 , 6 
08-Jan-2004 16:34,200103,STANSTED,PORTUGAL(EXCLUDING MADEIRA),LISBON,GO FLY LTD,A,S, 31 , 0 , 87.0967741935484 , 12.9032258064516 , 0 , 0 , 0 , 0 , 4.45161290322581 , 0 , 31 , 83.8709677419355 , 8.93548387096774 
08-Jan-2004 16:34,200103,STANSTED,PORTUGAL(EXCLUDING MADEIRA),LISBON,GO FLY LTD,D,S, 31 , 0 , 77.4193548387097 , 12.9032258064516 , 6.45161290322581 , 3.2258064516129 , 0 , 0 , 12.8387096774194 , 0 , 31 , 74.1935483870968 , 15.741935483871 
08-Jan-2004 16:34,200103,STANSTED,PORTUGAL(EXCLUDING MADEIRA),LISBON,LAUDA-AIR,A,C, 0 , 1 , 0 , 0 , 0 , 0 , 0 , 0 , 0 , 0 , 0 , 0 , 0 
08-Jan-2004 16:34,200103,STANSTED,PORTUGAL(EXCLUDING MADEIRA),LISBON,LAUDA-AIR,D,C, 1 , 0 , 0 , 0 , 100 , 0 , 0 , 0 , 31 , 0 , 0 , 0 , 0 
08-Jan-2004 16:34,200103,STANSTED,PORTUGAL(EXCLUDING MADEIRA),LISBON,TITAN AIRWAYS LTD,A,C, 1 , 0 , 100 , 0 , 0 , 0 , 0 , 0 , 0 , 0 , 0 , 0 , 0 
08-Jan-2004 16:34,200103,STANSTED,PORTUGAL(EXCLUDING MADEIRA),LISBON,TITAN AIRWAYS LTD,D,C, 1 , 0 , 0 , 100 , 0 , 0 , 0 , 0 , 29 , 0 , 0 , 0 , 0 
08-Jan-2004 16:34,200103,STANSTED,PORTUGAL(MADEIRA),FUNCHAL,MY TRAVEL AIRWAYS UK,A,C, 0 , 0 , 0 , 0 , 0 , 0 , 0 , 0 , 0 , 0 , 4 , 75 , 5.5 
08-Jan-2004 16:34,200103,STANSTED,PORTUGAL(MADEIRA),FUNCHAL,MY TRAVEL AIRWAYS UK,D,C, 0 , 0 , 0 , 0 , 0 , 0 , 0 , 0 , 0 , 0 , 4 , 25 , 13.25 
08-Jan-2004 16:34,200103,STANSTED,RUSSIA,MOSCOW (SHEREMETYEVO),AEROFLOT,A,S, 1 , 0 , 100 , 0 , 0 , 0 , 0 , 0 , 3 , 10 , 0 , 0 , 0 
08-Jan-2004 16:34,200103,STANSTED,RUSSIA,MOSCOW (SHEREMETYEVO),AEROFLOT,D,S, 1 , 0 , 0 , 0 , 100 , 0 , 0 , 0 , 31 , 11 , 0 , 0 , 0 
08-Jan-2004 16:34,200103,STANSTED,SPAIN,ALICANTE,BRITANNIA AIRWAYS,A,C, 5 , 0 , 60 , 0 , 0 , 40 , 0 , 0 , 29.8 , 0 , 5 , 80 , 12 
08-Jan-2004 16:34,200103,STANSTED,SPAIN,ALICANTE,BRITANNIA AIRWAYS,D,C, 5 , 0 , 80 , 0 , 20 , 0 , 0 , 0 , 16.8 , 0 , 5 , 80 , 8 
08-Jan-2004 16:34,200103,STANSTED,SPAIN,ALICANTE,GO FLY LTD,A,S, 24 , 0 , 66.6666666666667 , 25 , 4.16666666666667 , 4.16666666666667 , 0 , 0 , 14.2916666666667 , 3 , 6 , 83.3333333333333 , 3.83333333333333 
08-Jan-2004 16:34,200103,STANSTED,SPAIN,ALICANTE,GO FLY LTD,D,S, 24 , 0 , 75 , 12.5 , 8.33333333333333 , 4.16666666666667 , 0 , 0 , 15.6666666666667 , 3 , 6 , 83.3333333333333 , 9.5 
08-Jan-2004 16:34,200103,STANSTED,SPAIN,ALICANTE,MY TRAVEL AIRWAYS UK,A,C, 5 , 0 , 60 , 20 , 20 , 0 , 0 , 0 , 18.6 , 0 , 4 , 25 , 84.5 
08-Jan-2004 16:34,200103,STANSTED,SPAIN,ALICANTE,MY TRAVEL AIRWAYS UK,D,C, 5 , 0 , 40 , 60 , 0 , 0 , 0 , 0 , 15.6 , 0 , 4 , 75 , 58.75 
08-Jan-2004 16:34,200103,STANSTED,SPAIN,BARCELONA,GO FLY LTD,A,S, 63 , 0 , 79.3650793650794 , 6.34920634920635 , 9.52380952380952 , 3.17460317460317 , 1.58730158730159 , 0 , 16.3333333333333 , 0 , 62 , 74.1935483870968 , 12.2258064516129 
08-Jan-2004 16:34,200103,STANSTED,SPAIN,BARCELONA,GO FLY LTD,D,S, 63 , 0 , 66.6666666666667 , 17.4603174603175 , 7.93650793650794 , 7.93650793650794 , 0 , 0 , 18.015873015873 , 0 , 62 , 75.8064516129032 , 12.1290322580645 
08-Jan-2004 16:34,200103,STANSTED,SPAIN,BARCELONA,THOMAS COOK AIRLINES LTD,A,C, 0 , 0 , 0 , 0 , 0 , 0 , 0 , 0 , 0 , 0 , 1 , 100 , 0 
08-Jan-2004 16:34,200103,STANSTED,SPAIN,BARCELONA,THOMAS COOK AIRLINES LTD,D,C, 0 , 0 , 0 , 0 , 0 , 0 , 0 , 0 , 0 , 0 , 1 , 100 , 1 
08-Jan-2004 16:34,200103,STANSTED,SPAIN,BILBAO,GO FLY LTD,A,S, 31 , 0 , 93.5483870967742 , 3.2258064516129 , 0 , 3.2258064516129 , 0 , 0 , 6.32258064516129 , 0 , 31 , 90.3225806451613 , 5.64516129032258 
08-Jan-2004 16:34,200103,STANSTED,SPAIN,BILBAO,GO FLY LTD,D,S, 31 , 0 , 80.6451612903226 , 12.9032258064516 , 3.2258064516129 , 3.2258064516129 , 0 , 0 , 11.0645161290323 , 0 , 31 , 54.8387096774194 , 17.9677419354839 
08-Jan-2004 16:34,200103,STANSTED,SPAIN,JEREZ,EUROPEAN AIR CHARTER,A,C, 0 , 0 , 0 , 0 , 0 , 0 , 0 , 0 , 0 , 0 , 3 , 100 , 2.66666666666667 
08-Jan-2004 16:34,200103,STANSTED,SPAIN,JEREZ,EUROPEAN AIR CHARTER,D,C, 0 , 0 , 0 , 0 , 0 , 0 , 0 , 0 , 0 , 0 , 3 , 66.6666666666667 , 13 
08-Jan-2004 16:34,200103,STANSTED,SPAIN,JEREZ,KLM UK LTD,A,S, 1 , 0 , 100 , 0 , 0 , 0 , 0 , 0 , 0 , 0 , 0 , 0 , 0 
08-Jan-2004 16:34,200103,STANSTED,SPAIN,JEREZ,KLM UK LTD,D,S, 1 , 0 , 100 , 0 , 0 , 0 , 0 , 0 , 5 , 0 , 0 , 0 , 0 
08-Jan-2004 16:34,200103,STANSTED,SPAIN,MADRID,AIR ALSIE,A,C, 0 , 0 , 0 , 0 , 0 , 0 , 0 , 0 , 0 , 0 , 1 , 0 , 60 
08-Jan-2004 16:34,200103,STANSTED,SPAIN,MADRID,GO FLY LTD,A,S, 48 , 0 , 79.1666666666667 , 10.4166666666667 , 8.33333333333333 , 2.08333333333333 , 0 , 0 , 9.6875 , 0 , 59 , 62.7118644067797 , 18.9661016949153 
08-Jan-2004 16:34,200103,STANSTED,SPAIN,MADRID,GO FLY LTD,D,S, 48 , 0 , 68.75 , 22.9166666666667 , 6.25 , 2.08333333333333 , 0 , 0 , 11.7916666666667 , 0 , 60 , 80 , 11.0166666666667 
08-Jan-2004 16:34,200103,STANSTED,SPAIN,MALAGA,BRITANNIA AIRWAYS,A,C, 4 , 0 , 25 , 25 , 25 , 25 , 0 , 0 , 35.25 , 0 , 4 , 50 , 18.5 
08-Jan-2004 16:34,200103,STANSTED,SPAIN,MALAGA,BRITANNIA AIRWAYS,D,C, 4 , 0 , 50 , 50 , 0 , 0 , 0 , 0 , 15 , 0 , 4 , 75 , 8 
08-Jan-2004 16:34,200103,STANSTED,SPAIN,MALAGA,EUROPEAN AIR CHARTER,A,C, 1 , 0 , 100 , 0 , 0 , 0 , 0 , 0 , 11 , 0 , 0 , 0 , 0 
08-Jan-2004 16:34,200103,STANSTED,SPAIN,MALAGA,GB AIRWAYS LTD,A,S, 0 , 1 , 0 , 0 , 0 , 0 , 0 , 0 , 0 , 0 , 0 , 0 , 0 
08-Jan-2004 16:34,200103,STANSTED,SPAIN,MALAGA,GO FLY LTD,A,S, 49 , 0 , 81.6326530612245 , 8.16326530612245 , 8.16326530612245 , 2.04081632653061 , 0 , 0 , 9.55102040816327 , 0 , 37 , 81.0810810810811 , 11.7297297297297 
08-Jan-2004 16:34,200103,STANSTED,SPAIN,MALAGA,GO FLY LTD,D,S, 49 , 0 , 79.5918367346939 , 10.2040816326531 , 4.08163265306122 , 6.12244897959184 , 0 , 0 , 13.4897959183673 , 0 , 37 , 62.1621621621622 , 14.5135135135135 
08-Jan-2004 16:34,200103,STANSTED,SPAIN,MALAGA,MY TRAVEL AIRWAYS UK,A,C, 4 , 0 , 75 , 0 , 25 , 0 , 0 , 0 , 14 , 0 , 4 , 50 , 23.5 
08-Jan-2004 16:34,200103,STANSTED,SPAIN,MALAGA,MY TRAVEL AIRWAYS UK,D,C, 4 , 0 , 100 , 0 , 0 , 0 , 0 , 0 , 4.75 , 0 , 4 , 75 , 5.5 
08-Jan-2004 16:34,200103,STANSTED,SPAIN,PALMA DE MALLORCA,BRITANNIA AIRWAYS,A,C, 4 , 0 , 50 , 25 , 25 , 0 , 0 , 0 , 15.75 , 0 , 4 , 50 , 54.25 
08-Jan-2004 16:34,200103,STANSTED,SPAIN,PALMA DE MALLORCA,BRITANNIA AIRWAYS,D,C, 4 , 0 , 50 , 50 , 0 , 0 , 0 , 0 , 12.75 , 0 , 4 , 25 , 62.75 
08-Jan-2004 16:34,200103,STANSTED,SPAIN,PALMA DE MALLORCA,EUROPEAN AIR CHARTER,A,C, 0 , 0 , 0 , 0 , 0 , 0 , 0 , 0 , 0 , 0 , 1 , 0 , 28 
08-Jan-2004 16:34,200103,STANSTED,SPAIN,PALMA DE MALLORCA,EUROPEAN AIR CHARTER,D,C, 0 , 0 , 0 , 0 , 0 , 0 , 0 , 0 , 0 , 0 , 1 , 0 , 36 
08-Jan-2004 16:34,200103,STANSTED,SPAIN,PALMA DE MALLORCA,GO FLY LTD,A,S, 7 , 0 , 42.8571428571429 , 28.5714285714286 , 28.5714285714286 , 0 , 0 , 0 , 23 , 0 , 6 , 100 , 1.16666666666667 
08-Jan-2004 16:34,200103,STANSTED,SPAIN,PALMA DE MALLORCA,GO FLY LTD,D,S, 7 , 0 , 14.2857142857143 , 28.5714285714286 , 57.1428571428571 , 0 , 0 , 0 , 28 , 0 , 6 , 83.3333333333333 , 9.5 
08-Jan-2004 16:34,200103,STANSTED,SPAIN,PALMA DE MALLORCA,MY TRAVEL AIRWAYS UK,A,C, 3 , 0 , 33.3333333333333 , 33.3333333333333 , 0 , 33.3333333333333 , 0 , 0 , 55.3333333333333 , 0 , 5 , 80 , 8.8 
08-Jan-2004 16:34,200103,STANSTED,SPAIN,PALMA DE MALLORCA,MY TRAVEL AIRWAYS UK,D,C, 4 , 0 , 25 , 50 , 25 , 0 , 0 , 0 , 24.75 , 0 , 5 , 80 , 6.2 
08-Jan-2004 16:34,200103,STANSTED,SPAIN(CANARY ISLANDS),ARRECIFE,AIR 2000,A,C, 0 , 0 , 0 , 0 , 0 , 0 , 0 , 0 , 0 , 0 , 5 , 40 , 21 
08-Jan-2004 16:34,200103,STANSTED,SPAIN(CANARY ISLANDS),ARRECIFE,AIR 2000,A,S, 4 , 0 , 25 , 0 , 50 , 25 , 0 , 0 , 35.75 , 0 , 0 , 0 , 0 
08-Jan-2004 16:34,200103,STANSTED,SPAIN(CANARY ISLANDS),ARRECIFE,AIR 2000,D,C, 0 , 0 , 0 , 0 , 0 , 0 , 0 , 0 , 0 , 0 , 5 , 80 , 11.6 
08-Jan-2004 16:34,200103,STANSTED,SPAIN(CANARY ISLANDS),ARRECIFE,AIR 2000,D,S, 5 , 0 , 60 , 20 , 20 , 0 , 0 , 0 , 15.8 , 0 , 0 , 0 , 0 
08-Jan-2004 16:34,200103,STANSTED,SPAIN(CANARY ISLANDS),ARRECIFE,BRITANNIA AIRWAYS,A,C, 4 , 0 , 50 , 25 , 25 , 0 , 0 , 0 , 18.5 , 0 , 5 , 20 , 20.4 
08-Jan-2004 16:34,200103,STANSTED,SPAIN(CANARY ISLANDS),ARRECIFE,BRITANNIA AIRWAYS,D,C, 4 , 0 , 75 , 0 , 25 , 0 , 0 , 0 , 13.25 , 0 , 5 , 60 , 12.2 
08-Jan-2004 16:34,200103,STANSTED,SPAIN(CANARY ISLANDS),ARRECIFE,MY TRAVEL AIRWAYS UK,A,C, 4 , 0 , 75 , 25 , 0 , 0 , 0 , 0 , 7.5 , 0 , 5 , 20 , 25 
08-Jan-2004 16:34,200103,STANSTED,SPAIN(CANARY ISLANDS),ARRECIFE,MY TRAVEL AIRWAYS UK,D,C, 4 , 0 , 75 , 25 , 0 , 0 , 0 , 0 , 9.75 , 0 , 5 , 40 , 20.4 
08-Jan-2004 16:34,200103,STANSTED,SPAIN(CANARY ISLANDS),FUERTEVENTURA,MY TRAVEL AIRWAYS UK,A,C, 4 , 0 , 50 , 0 , 50 , 0 , 0 , 0 , 21.5 , 0 , 5 , 100 , 0 
08-Jan-2004 16:34,200103,STANSTED,SPAIN(CANARY ISLANDS),FUERTEVENTURA,MY TRAVEL AIRWAYS UK,D,C, 4 , 0 , 75 , 0 , 0 , 25 , 0 , 0 , 19.5 , 0 , 5 , 100 , 3 
08-Jan-2004 16:34,200103,STANSTED,SPAIN(CANARY ISLANDS),FUERTEVENTURA,THOMAS COOK AIRLINES LTD,A,C, 1 , 0 , 100 , 0 , 0 , 0 , 0 , 0 , 7 , 0 , 0 , 0 , 0 
08-Jan-2004 16:34,200103,STANSTED,SPAIN(CANARY ISLANDS),LAS PALMAS,AIR 2000,A,C, 4 , 0 , 75 , 0 , 25 , 0 , 0 , 0 , 14 , 0 , 4 , 75 , 8.25 
08-Jan-2004 16:34,200103,STANSTED,SPAIN(CANARY ISLANDS),LAS PALMAS,AIR 2000,D,C, 4 , 0 , 100 , 0 , 0 , 0 , 0 , 0 , 2 , 0 , 4 , 100 , 0.25 
08-Jan-2004 16:34,200103,STANSTED,SPAIN(CANARY ISLANDS),LAS PALMAS,BRITANNIA AIRWAYS,A,C, 4 , 0 , 50 , 50 , 0 , 0 , 0 , 0 , 16.5 , 0 , 4 , 25 , 20.75 
08-Jan-2004 16:34,200103,STANSTED,SPAIN(CANARY ISLANDS),LAS PALMAS,BRITANNIA AIRWAYS,D,C, 4 , 0 , 100 , 0 , 0 , 0 , 0 , 0 , 5.75 , 0 , 4 , 75 , 7 
08-Jan-2004 16:34,200103,STANSTED,SPAIN(CANARY ISLANDS),LAS PALMAS,MY TRAVEL AIRWAYS UK,A,C, 6 , 1 , 50 , 16.6666666666667 , 33.3333333333333 , 0 , 0 , 0 , 19.6666666666667 , 0 , 4 , 0 , 85 
08-Jan-2004 16:34,200103,STANSTED,SPAIN(CANARY ISLANDS),LAS PALMAS,MY TRAVEL AIRWAYS UK,D,C, 5 , 0 , 60 , 20 , 20 , 0 , 0 , 0 , 13.2 , 0 , 4 , 25 , 73.5 
08-Jan-2004 16:34,200103,STANSTED,SPAIN(CANARY ISLANDS),TENERIFE (SURREINA SOFIA),AIR 2000,A,C, 0 , 0 , 0 , 0 , 0 , 0 , 0 , 0 , 0 , 0 , 13 , 30.7692307692308 , 37.6153846153846 
08-Jan-2004 16:34,200103,STANSTED,SPAIN(CANARY ISLANDS),TENERIFE (SURREINA SOFIA),AIR 2000,A,S, 13 , 0 , 46.1538461538462 , 7.69230769230769 , 38.4615384615385 , 7.69230769230769 , 0 , 0 , 29.2307692307692 , 0 , 0 , 0 , 0 
08-Jan-2004 16:34,200103,STANSTED,SPAIN(CANARY ISLANDS),TENERIFE (SURREINA SOFIA),AIR 2000,D,C, 0 , 0 , 0 , 0 , 0 , 0 , 0 , 0 , 0 , 0 , 14 , 64.2857142857143 , 15 
08-Jan-2004 16:34,200103,STANSTED,SPAIN(CANARY ISLANDS),TENERIFE (SURREINA SOFIA),AIR 2000,D,S, 14 , 0 , 50 , 28.5714285714286 , 21.4285714285714 , 0 , 0 , 0 , 19.4285714285714 , 0 , 0 , 0 , 0 
08-Jan-2004 16:34,200103,STANSTED,SPAIN(CANARY ISLANDS),TENERIFE (SURREINA SOFIA),BRITANNIA AIRWAYS,A,C, 8 , 0 , 37.5 , 0 , 50 , 12.5 , 0 , 0 , 29.625 , 0 , 8 , 75 , 12.125 
08-Jan-2004 16:34,200103,STANSTED,SPAIN(CANARY ISLANDS),TENERIFE (SURREINA SOFIA),BRITANNIA AIRWAYS,A,S, 0 , 1 , 0 , 0 , 0 , 0 , 0 , 0 , 0 , 0 , 0 , 0 , 0 
08-Jan-2004 16:34,200103,STANSTED,SPAIN(CANARY ISLANDS),TENERIFE (SURREINA SOFIA),BRITANNIA AIRWAYS,D,C, 8 , 0 , 75 , 0 , 12.5 , 12.5 , 0 , 0 , 20 , 0 , 8 , 100 , 5.875 
08-Jan-2004 16:34,200103,STANSTED,SPAIN(CANARY ISLANDS),TENERIFE (SURREINA SOFIA),BRITANNIA AIRWAYS,D,S, 0 , 2 , 0 , 0 , 0 , 0 , 0 , 0 , 0 , 0 , 0 , 0 , 0 
08-Jan-2004 16:34,200103,STANSTED,SPAIN(CANARY ISLANDS),TENERIFE (SURREINA SOFIA),GO FLY LTD,A,S, 14 , 0 , 57.1428571428571 , 14.2857142857143 , 7.14285714285714 , 21.4285714285714 , 0 , 0 , 26.9285714285714 , 0 , 0 , 0 , 0 
08-Jan-2004 16:34,200103,STANSTED,SPAIN(CANARY ISLANDS),TENERIFE (SURREINA SOFIA),GO FLY LTD,D,S, 13 , 0 , 69.2307692307692 , 7.69230769230769 , 7.69230769230769 , 15.3846153846154 , 0 , 0 , 20.4615384615385 , 1 , 0 , 0 , 0 
08-Jan-2004 16:34,200103,STANSTED,SPAIN(CANARY ISLANDS),TENERIFE (SURREINA SOFIA),MY TRAVEL AIRWAYS UK,A,C, 9 , 0 , 66.6666666666667 , 11.1111111111111 , 22.2222222222222 , 0 , 0 , 0 , 12.7777777777778 , 0 , 4 , 100 , 9 
08-Jan-2004 16:34,200103,STANSTED,SPAIN(CANARY ISLANDS),TENERIFE (SURREINA SOFIA),MY TRAVEL AIRWAYS UK,D,C, 9 , 0 , 66.6666666666667 , 22.2222222222222 , 11.1111111111111 , 0 , 0 , 0 , 14.1111111111111 , 0 , 5 , 100 , 7.8 
08-Jan-2004 16:34,200103,STANSTED,SWEDEN,JONKOPING,FALCON AIR,A,C, 0 , 0 , 0 , 0 , 0 , 0 , 0 , 0 , 0 , 0 , 3 , 33.3333333333333 , 15 
08-Jan-2004 16:34,200103,STANSTED,SWEDEN,JONKOPING,FALCON AIR,D,C, 0 , 0 , 0 , 0 , 0 , 0 , 0 , 0 , 0 , 0 , 3 , 33.3333333333333 , 16.6666666666667 
08-Jan-2004 16:34,200103,STANSTED,SWEDEN,KRISTIANSTAD,RYANAIR,A,S, 24 , 0 , 70.8333333333333 , 25 , 4.16666666666667 , 0 , 0 , 0 , 11.2083333333333 , 0 , 31 , 93.5483870967742 , 4.41935483870968 
08-Jan-2004 16:34,200103,STANSTED,SWEDEN,KRISTIANSTAD,RYANAIR,D,S, 24 , 0 , 95.8333333333333 , 4.16666666666667 , 0 , 0 , 0 , 0 , 5.58333333333333 , 0 , 31 , 77.4193548387097 , 10.8709677419355 
08-Jan-2004 16:34,200103,STANSTED,SWEDEN,MALMO,RYANAIR,A,S, 58 , 0 , 82.7586206896552 , 8.62068965517241 , 5.17241379310345 , 3.44827586206897 , 0 , 0 , 8.3448275862069 , 0 , 0 , 0 , 0 
08-Jan-2004 16:34,200103,STANSTED,SWEDEN,MALMO,RYANAIR,D,S, 58 , 0 , 53.448275862069 , 18.9655172413793 , 24.1379310344828 , 3.44827586206897 , 0 , 0 , 20.0172413793103 , 0 , 0 , 0 , 0 
08-Jan-2004 16:34,200103,STANSTED,SWEDEN,NORRKOPING,FALCON AIR,A,C, 0 , 0 , 0 , 0 , 0 , 0 , 0 , 0 , 0 , 0 , 1 , 100 , 0 
08-Jan-2004 16:34,200103,STANSTED,SWEDEN,STOCKHOLM (ARLANDA),BRITANNIA AIRWAYS,A,S, 0 , 1 , 0 , 0 , 0 , 0 , 0 , 0 , 0 , 0 , 0 , 0 , 0 
08-Jan-2004 16:34,200103,STANSTED,SWEDEN,STOCKHOLM (ARLANDA),MYTRAVEL AIRWAYS (DENMARK),A,C, 0 , 0 , 0 , 0 , 0 , 0 , 0 , 0 , 0 , 0 , 17 , 82.3529411764706 , 11.9411764705882 
08-Jan-2004 16:34,200103,STANSTED,SWEDEN,STOCKHOLM (ARLANDA),MYTRAVEL AIRWAYS (DENMARK),D,C, 0 , 0 , 0 , 0 , 0 , 0 , 0 , 0 , 0 , 0 , 17 , 64.7058823529412 , 13.6470588235294 
08-Jan-2004 16:34,200103,STANSTED,SWEDEN,STOCKHOLM (ARLANDA),SAS,A,S, 39 , 0 , 79.4871794871795 , 20.5128205128205 , 0 , 0 , 0 , 0 , 9.56410256410256 , 0 , 50 , 82 , 6.66 
08-Jan-2004 16:34,200103,STANSTED,SWEDEN,STOCKHOLM (ARLANDA),SAS,D,S, 39 , 0 , 87.1794871794872 , 10.2564102564103 , 0 , 2.56410256410256 , 0 , 0 , 8.02564102564103 , 0 , 49 , 91.8367346938776 , 5.63265306122449 
08-Jan-2004 16:34,200103,STANSTED,SWEDEN,STOCKHOLM (SKAVSTA),RYANAIR,A,S, 83 , 0 , 83.1325301204819 , 10.8433734939759 , 3.6144578313253 , 2.40963855421687 , 0 , 0 , 8.79518072289157 , 2 , 86 , 76.7441860465116 , 11.5697674418605 
08-Jan-2004 16:34,200103,STANSTED,SWEDEN,STOCKHOLM (SKAVSTA),RYANAIR,D,S, 84 , 0 , 65.4761904761905 , 27.3809523809524 , 3.57142857142857 , 3.57142857142857 , 0 , 0 , 14.3809523809524 , 1 , 86 , 55.8139534883721 , 18.3139534883721 
08-Jan-2004 16:34,200103,STANSTED,SWEDEN,TROLLHATTAN,TITAN AIRWAYS LTD,A,C, 1 , 0 , 100 , 0 , 0 , 0 , 0 , 0 , 5 , 0 , 0 , 0 , 0 
08-Jan-2004 16:34,200103,STANSTED,SWEDEN,TROLLHATTAN,TITAN AIRWAYS LTD,D,C, 1 , 0 , 100 , 0 , 0 , 0 , 0 , 0 , 14 , 0 , 0 , 0 , 0 
08-Jan-2004 16:34,200103,STANSTED,SWEDEN,VASTERAS,RYANAIR,D,C, 0 , 1 , 0 , 0 , 0 , 0 , 0 , 0 , 0 , 0 , 0 , 0 , 0 
08-Jan-2004 16:34,200103,STANSTED,SWEDEN,VAXJO,FALCON AIR,A,C, 0 , 0 , 0 , 0 , 0 , 0 , 0 , 0 , 0 , 0 , 1 , 0 , 53 
08-Jan-2004 16:34,200103,STANSTED,SWEDEN,VAXJO,FALCON AIR,D,C, 0 , 0 , 0 , 0 , 0 , 0 , 0 , 0 , 0 , 0 , 1 , 100 , 0 
08-Jan-2004 16:34,200103,STANSTED,SWITZERLAND,GENEVA,BMI BRITISH MIDLAND,A,C, 0 , 0 , 0 , 0 , 0 , 0 , 0 , 0 , 0 , 0 , 4 , 0 , 48.5 
08-Jan-2004 16:34,200103,STANSTED,SWITZERLAND,GENEVA,BMI BRITISH MIDLAND,D,C, 0 , 0 , 0 , 0 , 0 , 0 , 0 , 0 , 0 , 0 , 3 , 66.6666666666667 , 11 
08-Jan-2004 16:34,200103,STANSTED,SWITZERLAND,GENEVA,EASYJET SWITZERLAND,A,S, 24 , 0 , 45.8333333333333 , 4.16666666666667 , 29.1666666666667 , 16.6666666666667 , 4.16666666666667 , 0 , 43.875 , 0 , 31 , 41.9354838709677 , 30.1612903225806 
08-Jan-2004 16:34,200103,STANSTED,SWITZERLAND,GENEVA,EASYJET SWITZERLAND,D,S, 24 , 0 , 37.5 , 4.16666666666667 , 25 , 20.8333333333333 , 12.5 , 0 , 56.375 , 0 , 31 , 25.8064516129032 , 40.5161290322581 
08-Jan-2004 16:34,200103,STANSTED,SWITZERLAND,GENEVA,EUROPEAN AIR CHARTER,A,C, 4 , 0 , 0 , 100 , 0 , 0 , 0 , 0 , 28 , 0 , 0 , 0 , 0 
08-Jan-2004 16:34,200103,STANSTED,SWITZERLAND,GENEVA,EUROPEAN AIR CHARTER,D,C, 4 , 0 , 25 , 75 , 0 , 0 , 0 , 0 , 18 , 0 , 0 , 0 , 0 
08-Jan-2004 16:34,200103,STANSTED,SWITZERLAND,GENEVA,GO FLY LTD,A,C, 3 , 0 , 66.6666666666667 , 0 , 33.3333333333333 , 0 , 0 , 0 , 17.3333333333333 , 0 , 8 , 62.5 , 9.625 
08-Jan-2004 16:34,200103,STANSTED,SWITZERLAND,GENEVA,GO FLY LTD,A,S, 1 , 0 , 100 , 0 , 0 , 0 , 0 , 0 , 10 , 0 , 0 , 0 , 0 
08-Jan-2004 16:34,200103,STANSTED,SWITZERLAND,GENEVA,GO FLY LTD,D,C, 3 , 0 , 66.6666666666667 , 33.3333333333333 , 0 , 0 , 0 , 0 , 17 , 0 , 8 , 87.5 , 4.75 
08-Jan-2004 16:34,200103,STANSTED,SWITZERLAND,GENEVA,GO FLY LTD,D,S, 1 , 0 , 100 , 0 , 0 , 0 , 0 , 0 , 9 , 0 , 0 , 0 , 0 
08-Jan-2004 16:34,200103,STANSTED,SWITZERLAND,GENEVA,KLM UK LTD,A,S, 5 , 0 , 40 , 0 , 20 , 40 , 0 , 0 , 49.4 , 0 , 0 , 0 , 0 
08-Jan-2004 16:34,200103,STANSTED,SWITZERLAND,GENEVA,KLM UK LTD,D,S, 5 , 0 , 20 , 20 , 40 , 20 , 0 , 0 , 43.8 , 0 , 0 , 0 , 0 
08-Jan-2004 16:34,200103,STANSTED,SWITZERLAND,GENEVA,MONARCH AIRLINES,A,C, 5 , 0 , 0 , 0 , 60 , 20 , 20 , 0 , 83.8 , 0 , 3 , 0 , 47.3333333333333 
08-Jan-2004 16:34,200103,STANSTED,SWITZERLAND,GENEVA,MONARCH AIRLINES,D,C, 5 , 0 , 0 , 40 , 20 , 20 , 20 , 0 , 74.6 , 0 , 4 , 0 , 33 
08-Jan-2004 16:34,200103,STANSTED,SWITZERLAND,GENEVA,SWISS AIRLINES,A,S, 0 , 1 , 0 , 0 , 0 , 0 , 0 , 0 , 0 , 0 , 0 , 0 , 0 
08-Jan-2004 16:34,200103,STANSTED,SWITZERLAND,ZURICH,GO FLY LTD,A,S, 0 , 0 , 0 , 0 , 0 , 0 , 0 , 0 , 0 , 0 , 24 , 66.6666666666667 , 16.125 
08-Jan-2004 16:34,200103,STANSTED,SWITZERLAND,ZURICH,GO FLY LTD,D,S, 0 , 0 , 0 , 0 , 0 , 0 , 0 , 0 , 0 , 0 , 25 , 56 , 27.2 
08-Jan-2004 16:34,200103,STANSTED,TUNISIA,MONASTIR,MY TRAVEL AIRWAYS UK,A,C, 4 , 0 , 50 , 25 , 0 , 0 , 25 , 0 , 66.5 , 0 , 4 , 75 , 18.5 
08-Jan-2004 16:34,200103,STANSTED,TUNISIA,MONASTIR,MY TRAVEL AIRWAYS UK,D,C, 4 , 0 , 50 , 25 , 0 , 0 , 25 , 0 , 68.5 , 0 , 4 , 75 , 18 
08-Jan-2004 16:34,200103,STANSTED,TURKEY,ANTALYA,KIBRIS TURKISH AIRLINES - KTHY,A,S, 12 , 0 , 50 , 16.6666666666667 , 33.3333333333333 , 0 , 0 , 0 , 21.75 , 0 , 6 , 33.3333333333333 , 16.3333333333333 
08-Jan-2004 16:34,200103,STANSTED,TURKEY,ANTALYA,KIBRIS TURKISH AIRLINES - KTHY,D,S, 12 , 0 , 33.3333333333333 , 16.6666666666667 , 33.3333333333333 , 16.6666666666667 , 0 , 0 , 35.3333333333333 , 0 , 7 , 14.2857142857143 , 27.4285714285714 
08-Jan-2004 16:34,200103,STANSTED,TURKEY,DALAMAN,KIBRIS TURKISH AIRLINES - KTHY,A,S, 1 , 0 , 100 , 0 , 0 , 0 , 0 , 0 , 0 , 0 , 0 , 0 , 0 
08-Jan-2004 16:34,200103,STANSTED,TURKEY,DALAMAN,KIBRIS TURKISH AIRLINES - KTHY,D,S, 1 , 0 , 0 , 0 , 100 , 0 , 0 , 0 , 41 , 0 , 0 , 0 , 0 
08-Jan-2004 16:34,200103,STANSTED,TURKEY,ISTANBUL,ISTANBUL HAVA YOLLARI,A,S, 0 , 0 , 0 , 0 , 0 , 0 , 0 , 0 , 0 , 0 , 3 , 0 , 94.3333333333333 
08-Jan-2004 16:34,200103,STANSTED,TURKEY,ISTANBUL,ISTANBUL HAVA YOLLARI,D,S, 0 , 0 , 0 , 0 , 0 , 0 , 0 , 0 , 0 , 0 , 3 , 0 , 97.3333333333333 
08-Jan-2004 16:34,200103,STANSTED,TURKEY,ISTANBUL,KIBRIS TURKISH AIRLINES - KTHY,A,S, 0 , 0 , 0 , 0 , 0 , 0 , 0 , 0 , 0 , 0 , 10 , 30 , 26.3 
08-Jan-2004 16:34,200103,STANSTED,TURKEY,ISTANBUL,KIBRIS TURKISH AIRLINES - KTHY,D,S, 0 , 0 , 0 , 0 , 0 , 0 , 0 , 0 , 0 , 0 , 9 , 22.2222222222222 , 37.3333333333333 
08-Jan-2004 16:34,200103,STANSTED,TURKEY,IZMIR (ADNAM MENDERES),KIBRIS TURKISH AIRLINES - KTHY,A,S, 5 , 0 , 40 , 60 , 0 , 0 , 0 , 0 , 14.4 , 0 , 0 , 0 , 0 
08-Jan-2004 16:34,200103,STANSTED,TURKEY,IZMIR (ADNAM MENDERES),KIBRIS TURKISH AIRLINES - KTHY,D,S, 5 , 0 , 40 , 0 , 60 , 0 , 0 , 0 , 34.6 , 0 , 0 , 0 , 0 
08-Jan-2004 16:34,200103,STANSTED,UNITED KINGDOM,BELFAST CITY,FLYBE.BRITISH EUROPEAN,A,S, 101 , 0 , 94.0594059405941 , 0.99009900990099 , 1.98019801980198 , 2.97029702970297 , 0 , 0 , 4.01980198019802 , 5 , 110 , 81.8181818181818 , 10.6363636363636 
08-Jan-2004 16:34,200103,STANSTED,UNITED KINGDOM,BELFAST CITY,FLYBE.BRITISH EUROPEAN,D,S, 102 , 0 , 86.2745098039216 , 8.8235294117647 , 2.94117647058824 , 0.980392156862745 , 0.980392156862745 , 0 , 9.16666666666667 , 4 , 111 , 81.981981981982 , 12.045045045045 
08-Jan-2004 16:34,200103,STANSTED,UNITED KINGDOM,BELFAST INTERNATIONAL,GO FLY LTD,A,S, 91 , 0 , 82.4175824175824 , 10.989010989011 , 2.1978021978022 , 4.3956043956044 , 0 , 0 , 9.14285714285714 , 0 , 0 , 0 , 0 
08-Jan-2004 16:34,200103,STANSTED,UNITED KINGDOM,BELFAST INTERNATIONAL,GO FLY LTD,D,S, 92 , 0 , 56.5217391304348 , 23.9130434782609 , 15.2173913043478 , 4.34782608695652 , 0 , 0 , 18.7608695652174 , 0 , 0 , 0 , 0 
08-Jan-2004 16:34,200103,STANSTED,UNITED KINGDOM,EAST MIDLANDS,AURIGNY AIR SERVICES,A,S, 1 , 1 , 100 , 0 , 0 , 0 , 0 , 0 , 5 , 0 , 0 , 0 , 0 
08-Jan-2004 16:34,200103,STANSTED,UNITED KINGDOM,EDINBURGH,AIR ALSIE,D,C, 0 , 0 , 0 , 0 , 0 , 0 , 0 , 0 , 0 , 0 , 1 , 100 , 13 
08-Jan-2004 16:34,200103,STANSTED,UNITED KINGDOM,EDINBURGH,AURIGNY AIR SERVICES,D,S, 0 , 1 , 0 , 0 , 0 , 0 , 0 , 0 , 0 , 1 , 0 , 0 , 0 
08-Jan-2004 16:34,200103,STANSTED,UNITED KINGDOM,EDINBURGH,GO FLY LTD,A,S, 191 , 1 , 82.1989528795812 , 9.94764397905759 , 5.23560209424084 , 2.61780104712042 , 0 , 0 , 9.21989528795812 , 1 , 184 , 79.8913043478261 , 9.81521739130435 
08-Jan-2004 16:34,200103,STANSTED,UNITED KINGDOM,EDINBURGH,GO FLY LTD,D,S, 192 , 0 , 70.3125 , 11.9791666666667 , 11.4583333333333 , 6.25 , 0 , 0 , 16.8802083333333 , 1 , 185 , 73.5135135135135 , 11.6756756756757 
08-Jan-2004 16:34,200103,STANSTED,UNITED KINGDOM,EDINBURGH,KLM UK LTD,A,S, 0 , 0 , 0 , 0 , 0 , 0 , 0 , 0 , 0 , 0 , 88 , 92.0454545454545 , 3.68181818181818 
08-Jan-2004 16:34,200103,STANSTED,UNITED KINGDOM,EDINBURGH,KLM UK LTD,D,S, 0 , 0 , 0 , 0 , 0 , 0 , 0 , 0 , 0 , 0 , 87 , 86.2068965517241 , 7.94252873563218 
08-Jan-2004 16:34,200103,STANSTED,UNITED KINGDOM,GATWICK,RYANAIR,A,S, 0 , 1 , 0 , 0 , 0 , 0 , 0 , 0 , 0 , 0 , 0 , 0 , 0 
08-Jan-2004 16:34,200103,STANSTED,UNITED KINGDOM,GLASGOW,GO FLY LTD,A,S, 119 , 0 , 90.7563025210084 , 6.72268907563025 , 2.52100840336134 , 0 , 0 , 0 , 3.57983193277311 , 1 , 0 , 0 , 0 
08-Jan-2004 16:34,200103,STANSTED,UNITED KINGDOM,GLASGOW,GO FLY LTD,D,S, 120 , 0 , 65 , 19.1666666666667 , 10.8333333333333 , 5 , 0 , 0 , 14.95 , 0 , 0 , 0 , 0 
08-Jan-2004 16:34,200103,STANSTED,UNITED KINGDOM,GLASGOW,KLM UK LTD,A,S, 0 , 0 , 0 , 0 , 0 , 0 , 0 , 0 , 0 , 0 , 86 , 87.2093023255814 , 5.55813953488372 
08-Jan-2004 16:34,200103,STANSTED,UNITED KINGDOM,GLASGOW,KLM UK LTD,D,S, 0 , 0 , 0 , 0 , 0 , 0 , 0 , 0 , 0 , 0 , 84 , 76.1904761904762 , 10.9761904761905 
08-Jan-2004 16:34,200103,STANSTED,UNITED KINGDOM,GUERNSEY,AURIGNY AIR SERVICES,A,S, 87 , 0 , 82.7586206896552 , 10.3448275862069 , 4.59770114942529 , 2.29885057471264 , 0 , 0 , 7.67816091954023 , 2 , 84 , 89.2857142857143 , 5.01190476190476 
08-Jan-2004 16:34,200103,STANSTED,UNITED KINGDOM,GUERNSEY,AURIGNY AIR SERVICES,D,S, 87 , 0 , 81.6091954022989 , 10.3448275862069 , 5.74712643678161 , 2.29885057471264 , 0 , 0 , 9.68965517241379 , 2 , 85 , 88.2352941176471 , 5.72941176470588 
08-Jan-2004 16:34,200103,STANSTED,UNITED KINGDOM,ISLE OF MAN,BA CITIEXPRESS (IOM) LTD,A,S, 0 , 1 , 0 , 0 , 0 , 0 , 0 , 0 , 0 , 0 , 0 , 0 , 0 
08-Jan-2004 16:34,200103,STANSTED,UNITED KINGDOM,LONDONDERRY,RYANAIR,A,S, 55 , 0 , 90.9090909090909 , 3.63636363636364 , 3.63636363636364 , 1.81818181818182 , 0 , 0 , 4.72727272727273 , 1 , 59 , 93.2203389830508 , 7.08474576271186 
08-Jan-2004 16:34,200103,STANSTED,UNITED KINGDOM,LONDONDERRY,RYANAIR,D,S, 57 , 0 , 70.1754385964912 , 14.0350877192982 , 14.0350877192982 , 1.75438596491228 , 0 , 0 , 12.859649122807 , 0 , 59 , 76.271186440678 , 14.9491525423729 
08-Jan-2004 16:34,200103,STANSTED,UNITED KINGDOM,MANCHESTER,BRITISH REGIONAL AIRLINES LTD,A,S, 87 , 0 , 71.2643678160919 , 13.7931034482759 , 10.3448275862069 , 4.59770114942529 , 0 , 0 , 14.367816091954 , 0 , 72 , 91.6666666666667 , 4.58333333333333 
08-Jan-2004 16:34,200103,STANSTED,UNITED KINGDOM,MANCHESTER,BRITISH REGIONAL AIRLINES LTD,D,S, 87 , 0 , 67.816091954023 , 16.0919540229885 , 10.3448275862069 , 5.74712643678161 , 0 , 0 , 15.3563218390805 , 0 , 72 , 94.4444444444444 , 5.29166666666667 
08-Jan-2004 16:34,200103,STANSTED,UNITED KINGDOM,MANCHESTER,MY TRAVEL AIRWAYS UK,A,C, 1 , 0 , 100 , 0 , 0 , 0 , 0 , 0 , 0 , 0 , 0 , 0 , 0 
08-Jan-2004 16:34,200103,STANSTED,UNITED KINGDOM,NEWCASTLE,CITY FLYER EXPRESS,D,C, 0 , 1 , 0 , 0 , 0 , 0 , 0 , 0 , 0 , 0 , 0 , 0 , 0 
08-Jan-2004 16:34,200103,STANSTED,UNITED KINGDOM,NEWCASTLE,GILL AIRWAYS,A,S, 76 , 0 , 94.7368421052632 , 2.63157894736842 , 0 , 1.31578947368421 , 0 , 1.31578947368421 , 10.6052631578947 , 21 , 50 , 94 , 4.6 
08-Jan-2004 16:34,200103,STANSTED,UNITED KINGDOM,NEWCASTLE,GILL AIRWAYS,D,S, 76 , 0 , 86.8421052631579 , 6.57894736842105 , 2.63157894736842 , 2.63157894736842 , 0 , 1.31578947368421 , 15.4473684210526 , 22 , 50 , 82 , 8.98 
08-Jan-2004 16:34,200103,STANSTED,UNITED KINGDOM,NEWQUAY,BRITISH WORLD AIRLINES LTD,A,C, 0 , 0 , 0 , 0 , 0 , 0 , 0 , 0 , 0 , 0 , 1 , 0 , 36 
08-Jan-2004 16:34,200103,STANSTED,UNITED KINGDOM,NEWQUAY,BRITISH WORLD AIRLINES LTD,D,C, 0 , 0 , 0 , 0 , 0 , 0 , 0 , 0 , 0 , 0 , 1 , 100 , 10 
08-Jan-2004 16:34,200103,STANSTED,UNITED KINGDOM,PRESTWICK,RYANAIR,A,S, 255 , 0 , 86.2745098039216 , 6.66666666666667 , 4.70588235294118 , 1.96078431372549 , 0.392156862745098 , 0 , 8.6078431372549 , 0 , 182 , 89.010989010989 , 6.05494505494505 
08-Jan-2004 16:34,200103,STANSTED,UNITED KINGDOM,PRESTWICK,RYANAIR,D,S, 255 , 0 , 80 , 10.1960784313725 , 7.05882352941176 , 1.96078431372549 , 0.784313725490196 , 0 , 11.8235294117647 , 0 , 185 , 79.4594594594595 , 12.9567567567568 
08-Jan-2004 16:34,200103,STANSTED,USA,MIAMI INTERNATIONAL,BRITISH AIRWAYS PLC,A,S, 0 , 1 , 0 , 0 , 0 , 0 , 0 , 0 , 0 , 0 , 0 , 0 , 0 
08-Jan-2004 16:34,200103,STANSTED,UZBEKISTAN,SAMARKAND,AIR 2000,A,C, 1 , 0 , 100 , 0 , 0 , 0 , 0 , 0 , 3 , 0 , 0 , 0 , 0 
