run_date,reporting_period,reporting_airport,origin_destination_country,origin_destination,airline_name,arrival_departure,scheduled_charter,number_flights_matched,actual_flights_unmatched,early_to_15_mins_late_percent,flts_16_to_30_mins_late_percent,flts_31_to_60_mins_late_percent,flts_61_to_180_mins_late_percent,flts_181_to_360_mins_late_percent,more_than_360_mins_late_percent,average_delay_mins,planned_flights_unmatched,previous_year_month_flights_matched,previous_year_month_early_to_15_mins_late_percent,previous_year_month_average_delay
09-Jan-2004 09:46,200201,BIRMINGHAM,AUSTRIA,INNSBRUCK,AIR 2000,A,C, 3 , 0 , 33.3333333333333 , 33.3333333333333 , 0 , 33.3333333333333 , 0 , 0 , 32.3333333333333 , 0 , 4 , 25 , 36 
09-Jan-2004 09:46,200201,BIRMINGHAM,AUSTRIA,INNSBRUCK,AIR 2000,D,C, 3 , 0 , 66.6666666666667 , 33.3333333333333 , 0 , 0 , 0 , 0 , 10.6666666666667 , 0 , 4 , 100 , 4.75 
09-Jan-2004 09:46,200201,BIRMINGHAM,AUSTRIA,SALZBURG,AIR 2000,A,C, 3 , 0 , 66.6666666666667 , 0 , 33.3333333333333 , 0 , 0 , 0 , 16.6666666666667 , 0 , 4 , 75 , 8.75 
09-Jan-2004 09:46,200201,BIRMINGHAM,AUSTRIA,SALZBURG,AIR 2000,D,C, 3 , 0 , 100 , 0 , 0 , 0 , 0 , 0 , 2.33333333333333 , 0 , 4 , 75 , 5.5 
09-Jan-2004 09:46,200201,BIRMINGHAM,AUSTRIA,SALZBURG,BRITANNIA AIRWAYS,A,C, 3 , 0 , 66.6666666666667 , 33.3333333333333 , 0 , 0 , 0 , 0 , 6 , 0 , 4 , 25 , 26.5 
09-Jan-2004 09:46,200201,BIRMINGHAM,AUSTRIA,SALZBURG,BRITANNIA AIRWAYS,D,C, 3 , 0 , 100 , 0 , 0 , 0 , 0 , 0 , 4 , 0 , 4 , 75 , 23.25 
09-Jan-2004 09:46,200201,BIRMINGHAM,AUSTRIA,SALZBURG,THOMAS COOK AIRLINES LTD,A,C, 3 , 0 , 0 , 33.3333333333333 , 33.3333333333333 , 33.3333333333333 , 0 , 0 , 58.6666666666667 , 0 , 4 , 50 , 14.25 
09-Jan-2004 09:46,200201,BIRMINGHAM,AUSTRIA,SALZBURG,THOMAS COOK AIRLINES LTD,D,C, 3 , 0 , 100 , 0 , 0 , 0 , 0 , 0 , 0 , 0 , 4 , 75 , 21 
09-Jan-2004 09:46,200201,BIRMINGHAM,AUSTRIA,VIENNA,DUO AIRWAYS LTD,A,S, 25 , 0 , 56 , 32 , 8 , 4 , 0 , 0 , 16 , 0 , 52 , 94.2307692307692 , 6.44230769230769 
09-Jan-2004 09:46,200201,BIRMINGHAM,AUSTRIA,VIENNA,DUO AIRWAYS LTD,D,S, 25 , 0 , 64 , 28 , 4 , 4 , 0 , 0 , 14 , 0 , 52 , 98.0769230769231 , 3.76923076923077 
09-Jan-2004 09:46,200201,BIRMINGHAM,BARBADOS,BRIDGETOWN,BRITANNIA AIRWAYS,A,C, 2 , 0 , 0 , 0 , 50 , 50 , 0 , 0 , 78.5 , 0 , 1 , 100 , 9 
09-Jan-2004 09:46,200201,BIRMINGHAM,BARBADOS,BRIDGETOWN,BRITANNIA AIRWAYS,D,C, 2 , 0 , 0 , 0 , 50 , 50 , 0 , 0 , 51.5 , 0 , 0 , 0 , 0 
09-Jan-2004 09:46,200201,BIRMINGHAM,BELGIUM,ANTWERP,VLM (BELGIUM),A,C, 1 , 0 , 100 , 0 , 0 , 0 , 0 , 0 , 1 , 0 , 0 , 0 , 0 
09-Jan-2004 09:46,200201,BIRMINGHAM,BELGIUM,ANTWERP,VLM (BELGIUM),D,C, 1 , 0 , 0 , 100 , 0 , 0 , 0 , 0 , 25 , 0 , 0 , 0 , 0 
09-Jan-2004 09:46,200201,BIRMINGHAM,BELGIUM,BRUSSELS,BMI BRITISH MIDLAND,A,S, 0 , 0 , 0 , 0 , 0 , 0 , 0 , 0 , 0 , 0 , 65 , 55.3846153846154 , 20.6615384615385 
09-Jan-2004 09:46,200201,BIRMINGHAM,BELGIUM,BRUSSELS,BMI BRITISH MIDLAND,D,S, 0 , 0 , 0 , 0 , 0 , 0 , 0 , 0 , 0 , 0 , 66 , 59.0909090909091 , 18.1666666666667 
09-Jan-2004 09:46,200201,BIRMINGHAM,BELGIUM,BRUSSELS,BRITISH AIRWAYS PLC,A,S, 114 , 0 , 85.0877192982456 , 5.26315789473684 , 3.50877192982456 , 6.14035087719298 , 0 , 0 , 9.13157894736842 , 12 , 69 , 71.0144927536232 , 12.0434782608696 
09-Jan-2004 09:46,200201,BIRMINGHAM,BELGIUM,BRUSSELS,BRITISH AIRWAYS PLC,D,S, 114 , 1 , 85.0877192982456 , 4.3859649122807 , 7.01754385964912 , 3.50877192982456 , 0 , 0 , 9.2719298245614 , 13 , 69 , 97.1014492753623 , 3.23188405797101 
09-Jan-2004 09:46,200201,BIRMINGHAM,BELGIUM,BRUSSELS,FLYBE.BRITISH EUROPEAN,A,S, 64 , 0 , 82.8125 , 6.25 , 3.125 , 7.8125 , 0 , 0 , 10.640625 , 13 , 0 , 0 , 0 
09-Jan-2004 09:46,200201,BIRMINGHAM,BELGIUM,BRUSSELS,FLYBE.BRITISH EUROPEAN,D,S, 65 , 0 , 73.8461538461539 , 15.3846153846154 , 4.61538461538462 , 6.15384615384615 , 0 , 0 , 14 , 12 , 0 , 0 , 0 
09-Jan-2004 09:46,200201,BIRMINGHAM,BELGIUM,BRUSSELS,SABENA,A,S, 76 , 0 , 86.8421052631579 , 6.57894736842105 , 3.94736842105263 , 2.63157894736842 , 0 , 0 , 8.26315789473684 , 6 , 111 , 62.1621621621622 , 15.5855855855856 
09-Jan-2004 09:46,200201,BIRMINGHAM,BELGIUM,BRUSSELS,SABENA,D,S, 75 , 0 , 58.6666666666667 , 9.33333333333333 , 29.3333333333333 , 2.66666666666667 , 0 , 0 , 19.8133333333333 , 6 , 110 , 69.0909090909091 , 14.4272727272727 
09-Jan-2004 09:46,200201,BIRMINGHAM,BULGARIA,BURGAS,BRITISH AIRWAYS PLC,D,C, 0 , 0 , 0 , 0 , 0 , 0 , 0 , 0 , 0 , 0 , 1 , 100 , 8 
09-Jan-2004 09:46,200201,BIRMINGHAM,BULGARIA,SOFIA,BRITISH AIRWAYS PLC,A,C, 3 , 0 , 66.6666666666667 , 0 , 0 , 0 , 33.3333333333333 , 0 , 69 , 0 , 4 , 50 , 231 
09-Jan-2004 09:46,200201,BIRMINGHAM,BULGARIA,SOFIA,BRITISH AIRWAYS PLC,D,C, 3 , 0 , 66.6666666666667 , 0 , 33.3333333333333 , 0 , 0 , 0 , 17.6666666666667 , 0 , 3 , 100 , 0 
09-Jan-2004 09:46,200201,BIRMINGHAM,CYPRUS,LARNACA,CYPRUS AIRWAYS,A,S, 4 , 0 , 75 , 0 , 0 , 0 , 25 , 0 , 59.75 , 0 , 4 , 50 , 35 
09-Jan-2004 09:46,200201,BIRMINGHAM,CYPRUS,LARNACA,CYPRUS AIRWAYS,D,S, 4 , 0 , 0 , 75 , 0 , 0 , 0 , 25 , 113.25 , 0 , 3 , 0 , 66 
09-Jan-2004 09:46,200201,BIRMINGHAM,CYPRUS,LARNACA,MONARCH AIRLINES,A,C, 1 , 0 , 100 , 0 , 0 , 0 , 0 , 0 , 5 , 0 , 0 , 0 , 0 
09-Jan-2004 09:46,200201,BIRMINGHAM,CYPRUS,LARNACA,MONARCH AIRLINES,D,C, 1 , 0 , 100 , 0 , 0 , 0 , 0 , 0 , 7 , 0 , 0 , 0 , 0 
09-Jan-2004 09:46,200201,BIRMINGHAM,CYPRUS,PAPHOS,AIR 2000,A,S, 5 , 0 , 60 , 40 , 0 , 0 , 0 , 0 , 11.8 , 0 , 5 , 80 , 10.8 
09-Jan-2004 09:46,200201,BIRMINGHAM,CYPRUS,PAPHOS,AIR 2000,D,S, 5 , 0 , 100 , 0 , 0 , 0 , 0 , 0 , 3.2 , 0 , 5 , 100 , 3.4 
09-Jan-2004 09:46,200201,BIRMINGHAM,CYPRUS,PAPHOS,BRITANNIA AIRWAYS,A,C, 5 , 0 , 80 , 0 , 20 , 0 , 0 , 0 , 10.6 , 0 , 5 , 40 , 21.8 
09-Jan-2004 09:46,200201,BIRMINGHAM,CYPRUS,PAPHOS,BRITANNIA AIRWAYS,D,C, 5 , 0 , 100 , 0 , 0 , 0 , 0 , 0 , 6.6 , 0 , 5 , 80 , 7.4 
09-Jan-2004 09:46,200201,BIRMINGHAM,CYPRUS,PAPHOS,CYPRUS AIRWAYS,D,S, 0 , 0 , 0 , 0 , 0 , 0 , 0 , 0 , 0 , 0 , 1 , 0 , 32 
09-Jan-2004 09:46,200201,BIRMINGHAM,CZECH REPUBLIC,PRAGUE,CSA,A,S, 21 , 0 , 90.4761904761905 , 4.76190476190476 , 0 , 4.76190476190476 , 0 , 0 , 9.19047619047619 , 1 , 0 , 0 , 0 
09-Jan-2004 09:46,200201,BIRMINGHAM,CZECH REPUBLIC,PRAGUE,CSA,D,S, 20 , 0 , 90 , 5 , 5 , 0 , 0 , 0 , 5.9 , 2 , 0 , 0 , 0 
09-Jan-2004 09:46,200201,BIRMINGHAM,CZECH REPUBLIC,PRAGUE,MY TRAVEL AIRWAYS UK,A,C, 1 , 0 , 100 , 0 , 0 , 0 , 0 , 0 , 7 , 0 , 0 , 0 , 0 
09-Jan-2004 09:46,200201,BIRMINGHAM,CZECH REPUBLIC,PRAGUE,MY TRAVEL AIRWAYS UK,D,C, 1 , 0 , 100 , 0 , 0 , 0 , 0 , 0 , 2 , 0 , 0 , 0 , 0 
09-Jan-2004 09:46,200201,BIRMINGHAM,DENMARK,COPENHAGEN,DUO AIRWAYS LTD,A,S, 87 , 1 , 56.3218390804598 , 17.2413793103448 , 18.3908045977011 , 8.04597701149425 , 0 , 0 , 19.6206896551724 , 0 , 90 , 86.6666666666667 , 5.46666666666667 
09-Jan-2004 09:46,200201,BIRMINGHAM,DENMARK,COPENHAGEN,DUO AIRWAYS LTD,D,S, 90 , 0 , 84.4444444444444 , 5.55555555555556 , 5.55555555555556 , 4.44444444444444 , 0 , 0 , 9.47777777777778 , 0 , 91 , 87.9120879120879 , 6.05494505494505 
09-Jan-2004 09:46,200201,BIRMINGHAM,DENMARK,COPENHAGEN,MY TRAVEL AIRWAYS UK,A,C, 0 , 0 , 0 , 0 , 0 , 0 , 0 , 0 , 0 , 0 , 1 , 100 , 0 
09-Jan-2004 09:46,200201,BIRMINGHAM,DENMARK,COPENHAGEN,MY TRAVEL AIRWAYS UK,D,C, 0 , 0 , 0 , 0 , 0 , 0 , 0 , 0 , 0 , 0 , 1 , 100 , 7 
09-Jan-2004 09:46,200201,BIRMINGHAM,DENMARK,COPENHAGEN,SAS,A,S, 80 , 0 , 65 , 25 , 8.75 , 1.25 , 0 , 0 , 14.775 , 1 , 83 , 74.6987951807229 , 13.5542168674699 
09-Jan-2004 09:46,200201,BIRMINGHAM,DENMARK,COPENHAGEN,SAS,D,S, 78 , 0 , 67.948717948718 , 23.0769230769231 , 5.12820512820513 , 3.84615384615385 , 0 , 0 , 14.6410256410256 , 0 , 80 , 70 , 16.125 
09-Jan-2004 09:46,200201,BIRMINGHAM,DOMINICAN REPUBLIC,SANTO DOMINGO,BRITANNIA AIRWAYS,A,C, 0 , 0 , 0 , 0 , 0 , 0 , 0 , 0 , 0 , 0 , 1 , 0 , 82 
09-Jan-2004 09:46,200201,BIRMINGHAM,DOMINICAN REPUBLIC,SANTO DOMINGO,BRITANNIA AIRWAYS,D,C, 0 , 0 , 0 , 0 , 0 , 0 , 0 , 0 , 0 , 0 , 1 , 100 , 6 
09-Jan-2004 09:46,200201,BIRMINGHAM,FINLAND,KITTILA,BRITISH AIRWAYS PLC,A,C, 4 , 0 , 50 , 25 , 0 , 0 , 25 , 0 , 79.5 , 0 , 0 , 0 , 0 
09-Jan-2004 09:46,200201,BIRMINGHAM,FINLAND,KITTILA,BRITISH AIRWAYS PLC,D,C, 3 , 0 , 100 , 0 , 0 , 0 , 0 , 0 , 0 , 0 , 0 , 0 , 0 
09-Jan-2004 09:46,200201,BIRMINGHAM,FRANCE,CHAMBERY,FLYBE.BRITISH EUROPEAN,A,C, 3 , 0 , 0 , 0 , 33.3333333333333 , 66.6666666666667 , 0 , 0 , 67.3333333333333 , 0 , 5 , 40 , 39.4 
09-Jan-2004 09:46,200201,BIRMINGHAM,FRANCE,CHAMBERY,FLYBE.BRITISH EUROPEAN,D,C, 3 , 0 , 33.3333333333333 , 66.6666666666667 , 0 , 0 , 0 , 0 , 15 , 0 , 4 , 0 , 37.25 
09-Jan-2004 09:46,200201,BIRMINGHAM,FRANCE,GRENOBLE,BRITANNIA AIRWAYS,A,C, 3 , 0 , 33.3333333333333 , 33.3333333333333 , 33.3333333333333 , 0 , 0 , 0 , 20.6666666666667 , 0 , 0 , 0 , 0 
09-Jan-2004 09:46,200201,BIRMINGHAM,FRANCE,GRENOBLE,BRITANNIA AIRWAYS,D,C, 3 , 0 , 66.6666666666667 , 33.3333333333333 , 0 , 0 , 0 , 0 , 8 , 0 , 0 , 0 , 0 
09-Jan-2004 09:46,200201,BIRMINGHAM,FRANCE,GRENOBLE,DUO AIRWAYS LTD,A,C, 0 , 0 , 0 , 0 , 0 , 0 , 0 , 0 , 0 , 0 , 4 , 75 , 6 
09-Jan-2004 09:46,200201,BIRMINGHAM,FRANCE,GRENOBLE,DUO AIRWAYS LTD,D,C, 0 , 0 , 0 , 0 , 0 , 0 , 0 , 0 , 0 , 0 , 4 , 25 , 23.75 
09-Jan-2004 09:46,200201,BIRMINGHAM,FRANCE,LYON,BRITANNIA AIRWAYS,A,C, 0 , 0 , 0 , 0 , 0 , 0 , 0 , 0 , 0 , 0 , 4 , 25 , 39.75 
09-Jan-2004 09:46,200201,BIRMINGHAM,FRANCE,LYON,BRITANNIA AIRWAYS,D,C, 0 , 0 , 0 , 0 , 0 , 0 , 0 , 0 , 0 , 0 , 4 , 75 , 8.25 
09-Jan-2004 09:46,200201,BIRMINGHAM,FRANCE,LYON,BRITISH AIRWAYS PLC,A,C, 3 , 0 , 66.6666666666667 , 33.3333333333333 , 0 , 0 , 0 , 0 , 5.66666666666667 , 0 , 4 , 75 , 6.5 
09-Jan-2004 09:46,200201,BIRMINGHAM,FRANCE,LYON,BRITISH AIRWAYS PLC,D,C, 3 , 0 , 66.6666666666667 , 33.3333333333333 , 0 , 0 , 0 , 0 , 12.3333333333333 , 0 , 4 , 100 , 3.25 
09-Jan-2004 09:46,200201,BIRMINGHAM,FRANCE,LYON,DUO AIRWAYS LTD,A,C, 0 , 0 , 0 , 0 , 0 , 0 , 0 , 0 , 0 , 0 , 4 , 50 , 56 
09-Jan-2004 09:46,200201,BIRMINGHAM,FRANCE,LYON,DUO AIRWAYS LTD,A,S, 50 , 0 , 86 , 12 , 2 , 0 , 0 , 0 , 5.7 , 0 , 31 , 87.0967741935484 , 5.83870967741936 
09-Jan-2004 09:46,200201,BIRMINGHAM,FRANCE,LYON,DUO AIRWAYS LTD,D,C, 0 , 0 , 0 , 0 , 0 , 0 , 0 , 0 , 0 , 0 , 4 , 50 , 19.25 
09-Jan-2004 09:46,200201,BIRMINGHAM,FRANCE,LYON,DUO AIRWAYS LTD,D,S, 51 , 0 , 94.1176470588235 , 3.92156862745098 , 1.96078431372549 , 0 , 0 , 0 , 2.66666666666667 , 0 , 31 , 83.8709677419355 , 6.7741935483871 
09-Jan-2004 09:46,200201,BIRMINGHAM,FRANCE,LYON,THOMAS COOK AIRLINES LTD,A,C, 3 , 0 , 100 , 0 , 0 , 0 , 0 , 0 , 0.666666666666667 , 0 , 0 , 0 , 0 
09-Jan-2004 09:46,200201,BIRMINGHAM,FRANCE,LYON,THOMAS COOK AIRLINES LTD,D,C, 3 , 0 , 100 , 0 , 0 , 0 , 0 , 0 , 1.66666666666667 , 0 , 0 , 0 , 0 
09-Jan-2004 09:46,200201,BIRMINGHAM,FRANCE,PARIS (CHARLES DE GAULLE),BRITANNIA AIRWAYS,A,C, 0 , 0 , 0 , 0 , 0 , 0 , 0 , 0 , 0 , 0 , 1 , 0 , 64 
09-Jan-2004 09:46,200201,BIRMINGHAM,FRANCE,PARIS (CHARLES DE GAULLE),BRITANNIA AIRWAYS,D,C, 0 , 0 , 0 , 0 , 0 , 0 , 0 , 0 , 0 , 0 , 1 , 0 , 40 
09-Jan-2004 09:46,200201,BIRMINGHAM,FRANCE,PARIS (CHARLES DE GAULLE),BRITISH AIRWAYS PLC,A,S, 130 , 1 , 79.2307692307692 , 12.3076923076923 , 5.38461538461539 , 3.07692307692308 , 0 , 0 , 9.02307692307692 , 3 , 162 , 72.2222222222222 , 14.641975308642 
09-Jan-2004 09:46,200201,BIRMINGHAM,FRANCE,PARIS (CHARLES DE GAULLE),BRITISH AIRWAYS PLC,D,S, 130 , 0 , 94.6153846153846 , 3.07692307692308 , 0.769230769230769 , 1.53846153846154 , 0 , 0 , 3.96923076923077 , 3 , 164 , 90.2439024390244 , 6.34756097560976 
09-Jan-2004 09:46,200201,BIRMINGHAM,FRANCE,PARIS (CHARLES DE GAULLE),FLYBE.BRITISH EUROPEAN,A,S, 167 , 2 , 66.4670658682635 , 18.562874251497 , 9.58083832335329 , 4.19161676646707 , 1.19760479041916 , 0 , 17.3532934131737 , 0 , 187 , 67.9144385026738 , 19.9625668449198 
09-Jan-2004 09:46,200201,BIRMINGHAM,FRANCE,PARIS (CHARLES DE GAULLE),FLYBE.BRITISH EUROPEAN,D,S, 168 , 1 , 69.0476190476191 , 11.9047619047619 , 12.5 , 6.54761904761905 , 0 , 0 , 16.6845238095238 , 0 , 187 , 63.1016042780749 , 19.6898395721925 
09-Jan-2004 09:46,200201,BIRMINGHAM,FRANCE,PAU,DUO AIRWAYS LTD,A,C, 0 , 0 , 0 , 0 , 0 , 0 , 0 , 0 , 0 , 0 , 1 , 100 , 6 
09-Jan-2004 09:46,200201,BIRMINGHAM,FRANCE,PAU,DUO AIRWAYS LTD,D,C, 0 , 0 , 0 , 0 , 0 , 0 , 0 , 0 , 0 , 0 , 1 , 100 , 10 
09-Jan-2004 09:46,200201,BIRMINGHAM,FRANCE,TOULOUSE (BLAGNAC),AIR 2000,A,C, 4 , 0 , 50 , 25 , 0 , 0 , 25 , 0 , 58.5 , 0 , 4 , 75 , 18 
09-Jan-2004 09:46,200201,BIRMINGHAM,FRANCE,TOULOUSE (BLAGNAC),AIR 2000,D,C, 3 , 0 , 100 , 0 , 0 , 0 , 0 , 0 , 0 , 0 , 4 , 100 , 2.25 
09-Jan-2004 09:46,200201,BIRMINGHAM,FRANCE,TOULOUSE (BLAGNAC),FLYBE.BRITISH EUROPEAN,A,S, 4 , 0 , 75 , 0 , 0 , 0 , 25 , 0 , 79 , 0 , 18 , 94.4444444444444 , 4.33333333333333 
09-Jan-2004 09:46,200201,BIRMINGHAM,FRANCE,TOULOUSE (BLAGNAC),FLYBE.BRITISH EUROPEAN,D,S, 4 , 0 , 75 , 0 , 0 , 0 , 25 , 0 , 70.5 , 0 , 18 , 83.3333333333333 , 6.88888888888889 
09-Jan-2004 09:46,200201,BIRMINGHAM,FRANCE,TOULOUSE (BLAGNAC),THOMAS COOK AIRLINES LTD,A,C, 4 , 0 , 25 , 25 , 0 , 50 , 0 , 0 , 49.25 , 0 , 4 , 25 , 24.75 
09-Jan-2004 09:46,200201,BIRMINGHAM,FRANCE,TOULOUSE (BLAGNAC),THOMAS COOK AIRLINES LTD,D,C, 4 , 0 , 25 , 0 , 50 , 25 , 0 , 0 , 48.5 , 0 , 4 , 50 , 16 
09-Jan-2004 09:46,200201,BIRMINGHAM,GERMANY,AUGSBURG/MUELHAUSEN,AUGSBURG AIRWAYS GMBH,D,C, 0 , 0 , 0 , 0 , 0 , 0 , 0 , 0 , 0 , 0 , 1 , 0 , 102 
09-Jan-2004 09:46,200201,BIRMINGHAM,GERMANY,BERLIN (SCHONEFELD),AIR 2000,D,C, 1 , 0 , 100 , 0 , 0 , 0 , 0 , 0 , 0 , 0 , 0 , 0 , 0 
09-Jan-2004 09:46,200201,BIRMINGHAM,GERMANY,BERLIN (TEGEL),DUO AIRWAYS LTD,A,S, 47 , 0 , 68.0851063829787 , 12.7659574468085 , 10.6382978723404 , 8.51063829787234 , 0 , 0 , 14.9574468085106 , 0 , 49 , 83.6734693877551 , 6.28571428571429 
09-Jan-2004 09:46,200201,BIRMINGHAM,GERMANY,BERLIN (TEGEL),DUO AIRWAYS LTD,D,S, 49 , 0 , 83.6734693877551 , 6.12244897959184 , 8.16326530612245 , 2.04081632653061 , 0 , 0 , 8.22448979591837 , 0 , 49 , 89.7959183673469 , 4.91836734693878 
09-Jan-2004 09:46,200201,BIRMINGHAM,GERMANY,DUSSELDORF,AIR BERLIN,A,C, 0 , 0 , 0 , 0 , 0 , 0 , 0 , 0 , 0 , 0 , 1 , 0 , 19 
09-Jan-2004 09:46,200201,BIRMINGHAM,GERMANY,DUSSELDORF,AIR BERLIN,D,C, 0 , 0 , 0 , 0 , 0 , 0 , 0 , 0 , 0 , 0 , 1 , 100 , 4 
09-Jan-2004 09:46,200201,BIRMINGHAM,GERMANY,DUSSELDORF,BRITISH AIRWAYS PLC,A,S, 100 , 0 , 89 , 6 , 3 , 2 , 0 , 0 , 5.02 , 2 , 104 , 96.1538461538462 , 2.98076923076923 
09-Jan-2004 09:46,200201,BIRMINGHAM,GERMANY,DUSSELDORF,BRITISH AIRWAYS PLC,D,S, 101 , 0 , 86.1386138613861 , 4.95049504950495 , 8.91089108910891 , 0 , 0 , 0 , 6.4950495049505 , 2 , 106 , 95.2830188679245 , 2.40566037735849 
09-Jan-2004 09:46,200201,BIRMINGHAM,GERMANY,DUSSELDORF,CIRRUS LUFTFAHRT,A,S, 0 , 0 , 0 , 0 , 0 , 0 , 0 , 0 , 0 , 0 , 56 , 71.4285714285714 , 12.1071428571429 
09-Jan-2004 09:46,200201,BIRMINGHAM,GERMANY,DUSSELDORF,CIRRUS LUFTFAHRT,D,S, 0 , 0 , 0 , 0 , 0 , 0 , 0 , 0 , 0 , 0 , 56 , 91.0714285714286 , 4.30357142857143 
09-Jan-2004 09:46,200201,BIRMINGHAM,GERMANY,DUSSELDORF,EUROWINGS LUFTVERKEHRS,A,S, 64 , 0 , 81.25 , 14.0625 , 3.125 , 1.5625 , 0 , 0 , 8.515625 , 0 , 0 , 0 , 0 
09-Jan-2004 09:46,200201,BIRMINGHAM,GERMANY,DUSSELDORF,EUROWINGS LUFTVERKEHRS,D,S, 64 , 0 , 78.125 , 12.5 , 7.8125 , 1.5625 , 0 , 0 , 10.015625 , 0 , 0 , 0 , 0 
09-Jan-2004 09:46,200201,BIRMINGHAM,GERMANY,FRANKFURT MAIN,BMI BRITISH MIDLAND,A,S, 0 , 1 , 0 , 0 , 0 , 0 , 0 , 0 , 0 , 0 , 0 , 0 , 0 
09-Jan-2004 09:46,200201,BIRMINGHAM,GERMANY,FRANKFURT MAIN,BRITISH AIRWAYS PLC,A,S, 100 , 0 , 91 , 4 , 3 , 2 , 0 , 0 , 5.34 , 3 , 103 , 93.2038834951456 , 3.81553398058252 
09-Jan-2004 09:46,200201,BIRMINGHAM,GERMANY,FRANKFURT MAIN,BRITISH AIRWAYS PLC,D,S, 101 , 0 , 83.1683168316832 , 5.94059405940594 , 2.97029702970297 , 7.92079207920792 , 0 , 0 , 11.6732673267327 , 3 , 104 , 90.3846153846154 , 6.55769230769231 
09-Jan-2004 09:46,200201,BIRMINGHAM,GERMANY,FRANKFURT MAIN,LUFTHANSA,A,S, 77 , 0 , 87.012987012987 , 6.49350649350649 , 3.8961038961039 , 2.5974025974026 , 0 , 0 , 6.85714285714286 , 4 , 85 , 88.2352941176471 , 6.62352941176471 
09-Jan-2004 09:46,200201,BIRMINGHAM,GERMANY,FRANKFURT MAIN,LUFTHANSA,D,S, 76 , 0 , 82.8947368421053 , 11.8421052631579 , 3.94736842105263 , 1.31578947368421 , 0 , 0 , 9.32894736842105 , 6 , 84 , 73.8095238095238 , 17.952380952381 
09-Jan-2004 09:46,200201,BIRMINGHAM,GERMANY,FRANKFURT MAIN,LUFTHANSA CITY LINE,A,S, 6 , 0 , 100 , 0 , 0 , 0 , 0 , 0 , 0 , 0 , 0 , 0 , 0 
09-Jan-2004 09:46,200201,BIRMINGHAM,GERMANY,FRANKFURT MAIN,LUFTHANSA CITY LINE,D,S, 4 , 0 , 50 , 50 , 0 , 0 , 0 , 0 , 10.75 , 0 , 0 , 0 , 0 
09-Jan-2004 09:46,200201,BIRMINGHAM,GERMANY,HAMBURG,BRITISH AIRWAYS PLC,A,S, 47 , 0 , 82.9787234042553 , 6.38297872340426 , 6.38297872340426 , 4.25531914893617 , 0 , 0 , 9.1063829787234 , 1 , 22 , 36.3636363636364 , 26.4090909090909 
09-Jan-2004 09:46,200201,BIRMINGHAM,GERMANY,HAMBURG,BRITISH AIRWAYS PLC,D,S, 47 , 0 , 91.4893617021277 , 4.25531914893617 , 2.12765957446809 , 2.12765957446809 , 0 , 0 , 6.53191489361702 , 1 , 22 , 81.8181818181818 , 13.3181818181818 
09-Jan-2004 09:46,200201,BIRMINGHAM,GERMANY,HANOVER,BRITISH AIRWAYS PLC,A,S, 22 , 0 , 81.8181818181818 , 9.09090909090909 , 4.54545454545455 , 4.54545454545455 , 0 , 0 , 8.72727272727273 , 4 , 21 , 76.1904761904762 , 10.6190476190476 
09-Jan-2004 09:46,200201,BIRMINGHAM,GERMANY,HANOVER,BRITISH AIRWAYS PLC,D,S, 24 , 0 , 83.3333333333333 , 8.33333333333333 , 0 , 8.33333333333333 , 0 , 0 , 11.2916666666667 , 2 , 21 , 90.4761904761905 , 6.33333333333333 
09-Jan-2004 09:46,200201,BIRMINGHAM,GERMANY,MUNICH,BRITISH AIRWAYS PLC,A,S, 49 , 0 , 67.3469387755102 , 14.2857142857143 , 16.3265306122449 , 0 , 2.04081632653061 , 0 , 15.2448979591837 , 4 , 52 , 71.1538461538462 , 17.4230769230769 
09-Jan-2004 09:46,200201,BIRMINGHAM,GERMANY,MUNICH,BRITISH AIRWAYS PLC,D,S, 50 , 0 , 80 , 8 , 10 , 0 , 2 , 0 , 14.18 , 3 , 52 , 88.4615384615385 , 8.78846153846154 
09-Jan-2004 09:46,200201,BIRMINGHAM,GERMANY,MUNICH,DUO AIRWAYS LTD,A,C, 0 , 0 , 0 , 0 , 0 , 0 , 0 , 0 , 0 , 0 , 1 , 100 , 0 
09-Jan-2004 09:46,200201,BIRMINGHAM,GERMANY,MUNICH,DUO AIRWAYS LTD,D,C, 0 , 0 , 0 , 0 , 0 , 0 , 0 , 0 , 0 , 0 , 1 , 100 , 0 
09-Jan-2004 09:46,200201,BIRMINGHAM,GERMANY,MUNICH,EUROWINGS LUFTVERKEHRS,A,C, 5 , 0 , 40 , 40 , 0 , 20 , 0 , 0 , 46.2 , 0 , 0 , 0 , 0 
09-Jan-2004 09:46,200201,BIRMINGHAM,GERMANY,MUNICH,LUFTHANSA,A,S, 0 , 0 , 0 , 0 , 0 , 0 , 0 , 0 , 0 , 7 , 30 , 86.6666666666667 , 7.13333333333333 
09-Jan-2004 09:46,200201,BIRMINGHAM,GERMANY,MUNICH,LUFTHANSA,D,S, 0 , 0 , 0 , 0 , 0 , 0 , 0 , 0 , 0 , 6 , 29 , 68.9655172413793 , 18.9655172413793 
09-Jan-2004 09:46,200201,BIRMINGHAM,GERMANY,MUNICH,LUFTHANSA CITY LINE,A,S, 96 , 0 , 64.5833333333333 , 13.5416666666667 , 13.5416666666667 , 7.29166666666667 , 1.04166666666667 , 0 , 20.5 , 0 , 49 , 89.7959183673469 , 8.6530612244898 
09-Jan-2004 09:46,200201,BIRMINGHAM,GERMANY,MUNICH,LUFTHANSA CITY LINE,D,S, 101 , 0 , 72.2772277227723 , 9.9009900990099 , 9.9009900990099 , 6.93069306930693 , 0.99009900990099 , 0 , 21.029702970297 , 0 , 49 , 81.6326530612245 , 13.7551020408163 
09-Jan-2004 09:46,200201,BIRMINGHAM,GERMANY,STUTTGART,DUO AIRWAYS LTD,A,S, 65 , 0 , 78.4615384615385 , 9.23076923076923 , 9.23076923076923 , 3.07692307692308 , 0 , 0 , 8.86153846153846 , 0 , 66 , 86.3636363636364 , 6.6969696969697 
09-Jan-2004 09:46,200201,BIRMINGHAM,GERMANY,STUTTGART,DUO AIRWAYS LTD,D,S, 66 , 0 , 69.6969696969697 , 10.6060606060606 , 16.6666666666667 , 3.03030303030303 , 0 , 0 , 13.8484848484848 , 0 , 67 , 92.5373134328358 , 5.50746268656716 
09-Jan-2004 09:46,200201,BIRMINGHAM,INDIA,GOA,BRITANNIA AIRWAYS,A,C, 0 , 0 , 0 , 0 , 0 , 0 , 0 , 0 , 0 , 0 , 4 , 75 , 13.75 
09-Jan-2004 09:46,200201,BIRMINGHAM,INDIA,GOA,BRITANNIA AIRWAYS,D,C, 0 , 0 , 0 , 0 , 0 , 0 , 0 , 0 , 0 , 0 , 3 , 100 , 0 
09-Jan-2004 09:46,200201,BIRMINGHAM,IRISH REPUBLIC,CORK,AER LINGUS,A,S, 29 , 0 , 96.551724137931 , 0 , 3.44827586206897 , 0 , 0 , 0 , 2.3448275862069 , 2 , 31 , 93.5483870967742 , 7.35483870967742 
09-Jan-2004 09:46,200201,BIRMINGHAM,IRISH REPUBLIC,CORK,AER LINGUS,D,S, 46 , 0 , 91.304347826087 , 8.69565217391304 , 0 , 0 , 0 , 0 , 4.06521739130435 , 2 , 53 , 92.4528301886792 , 7.15094339622642 
09-Jan-2004 09:46,200201,BIRMINGHAM,IRISH REPUBLIC,CORK,FLYBE.BRITISH EUROPEAN,A,S, 7 , 0 , 85.7142857142857 , 14.2857142857143 , 0 , 0 , 0 , 0 , 2.85714285714286 , 2 , 49 , 85.7142857142857 , 8.51020408163265 
09-Jan-2004 09:46,200201,BIRMINGHAM,IRISH REPUBLIC,CORK,FLYBE.BRITISH EUROPEAN,D,S, 8 , 0 , 87.5 , 12.5 , 0 , 0 , 0 , 0 , 5.125 , 0 , 49 , 77.5510204081633 , 16.2244897959184 
09-Jan-2004 09:46,200201,BIRMINGHAM,IRISH REPUBLIC,DUBLIN,AER LINGUS,A,S, 158 , 0 , 94.3037974683544 , 3.16455696202532 , 2.53164556962025 , 0 , 0 , 0 , 2.87341772151899 , 8 , 171 , 92.9824561403509 , 6.10526315789474 
09-Jan-2004 09:46,200201,BIRMINGHAM,IRISH REPUBLIC,DUBLIN,AER LINGUS,D,S, 139 , 0 , 91.3669064748201 , 5.75539568345324 , 2.15827338129496 , 0.719424460431655 , 0 , 0 , 4.33812949640288 , 9 , 148 , 84.4594594594595 , 12.9527027027027 
09-Jan-2004 09:46,200201,BIRMINGHAM,IRISH REPUBLIC,DUBLIN,RYANAIR,A,S, 106 , 0 , 90.5660377358491 , 7.54716981132075 , 0.943396226415094 , 0.943396226415094 , 0 , 0 , 5.05660377358491 , 5 , 105 , 88.5714285714286 , 9.09523809523809 
09-Jan-2004 09:46,200201,BIRMINGHAM,IRISH REPUBLIC,DUBLIN,RYANAIR,D,S, 106 , 0 , 85.8490566037736 , 9.43396226415094 , 2.83018867924528 , 1.88679245283019 , 0 , 0 , 8.49056603773585 , 5 , 105 , 82.8571428571428 , 12.0761904761905 
09-Jan-2004 09:46,200201,BIRMINGHAM,IRISH REPUBLIC,SHANNON,FLYBE.BRITISH EUROPEAN,A,S, 15 , 0 , 66.6666666666667 , 20 , 0 , 13.3333333333333 , 0 , 0 , 26.4 , 2 , 27 , 70.3703703703704 , 11.0740740740741 
09-Jan-2004 09:46,200201,BIRMINGHAM,IRISH REPUBLIC,SHANNON,FLYBE.BRITISH EUROPEAN,D,S, 15 , 0 , 66.6666666666667 , 13.3333333333333 , 6.66666666666667 , 13.3333333333333 , 0 , 0 , 25.3333333333333 , 2 , 27 , 96.2962962962963 , 5.66666666666667 
09-Jan-2004 09:46,200201,BIRMINGHAM,ITALY,BERGAMO,BRITISH AIRWAYS CITIEXPRESS LTD,A,C, 0 , 0 , 0 , 0 , 0 , 0 , 0 , 0 , 0 , 0 , 4 , 100 , 5 
09-Jan-2004 09:46,200201,BIRMINGHAM,ITALY,BERGAMO,BRITISH AIRWAYS CITIEXPRESS LTD,D,C, 0 , 0 , 0 , 0 , 0 , 0 , 0 , 0 , 0 , 0 , 4 , 75 , 10 
09-Jan-2004 09:46,200201,BIRMINGHAM,ITALY,BERGAMO,FLYBE.BRITISH EUROPEAN,A,C, 3 , 0 , 66.6666666666667 , 0 , 33.3333333333333 , 0 , 0 , 0 , 19.6666666666667 , 0 , 0 , 0 , 0 
09-Jan-2004 09:46,200201,BIRMINGHAM,ITALY,BERGAMO,FLYBE.BRITISH EUROPEAN,D,C, 3 , 0 , 33.3333333333333 , 33.3333333333333 , 0 , 33.3333333333333 , 0 , 0 , 40.3333333333333 , 0 , 0 , 0 , 0 
09-Jan-2004 09:46,200201,BIRMINGHAM,ITALY,BRESCIA/MONTICHIARI,HAMBURG INTERNATIONAL,A,C, 1 , 0 , 100 , 0 , 0 , 0 , 0 , 0 , 9 , 0 , 0 , 0 , 0 
09-Jan-2004 09:46,200201,BIRMINGHAM,ITALY,BRESCIA/MONTICHIARI,HAMBURG INTERNATIONAL,D,C, 3 , 0 , 33.3333333333333 , 66.6666666666667 , 0 , 0 , 0 , 0 , 16.6666666666667 , 0 , 0 , 0 , 0 
09-Jan-2004 09:46,200201,BIRMINGHAM,ITALY,MILAN (MALPENSA),DUO AIRWAYS LTD,A,S, 57 , 0 , 56.140350877193 , 12.280701754386 , 17.5438596491228 , 14.0350877192982 , 0 , 0 , 26.5614035087719 , 0 , 71 , 49.2957746478873 , 21.2253521126761 
09-Jan-2004 09:46,200201,BIRMINGHAM,ITALY,MILAN (MALPENSA),DUO AIRWAYS LTD,D,S, 64 , 0 , 65.625 , 15.625 , 6.25 , 12.5 , 0 , 0 , 19.1875 , 0 , 73 , 68.4931506849315 , 13.2876712328767 
09-Jan-2004 09:46,200201,BIRMINGHAM,ITALY,OLBIA,EUROPEAN AIR CHARTER,A,C, 1 , 0 , 100 , 0 , 0 , 0 , 0 , 0 , 4 , 0 , 0 , 0 , 0 
09-Jan-2004 09:46,200201,BIRMINGHAM,ITALY,OLBIA,EUROPEAN AIR CHARTER,D,C, 1 , 0 , 100 , 0 , 0 , 0 , 0 , 0 , 0 , 0 , 0 , 0 , 0 
09-Jan-2004 09:46,200201,BIRMINGHAM,ITALY,ROME (CIAMPINO),MY TRAVEL AIRWAYS UK,A,C, 0 , 0 , 0 , 0 , 0 , 0 , 0 , 0 , 0 , 0 , 1 , 100 , 0 
09-Jan-2004 09:46,200201,BIRMINGHAM,ITALY,ROME (CIAMPINO),MY TRAVEL AIRWAYS UK,D,C, 0 , 0 , 0 , 0 , 0 , 0 , 0 , 0 , 0 , 0 , 1 , 100 , 0 
09-Jan-2004 09:46,200201,BIRMINGHAM,ITALY,ROME (FIUMICINO),BRITISH AIRWAYS PLC,A,S, 16 , 0 , 62.5 , 25 , 0 , 6.25 , 0 , 6.25 , 43 , 1 , 0 , 0 , 0 
09-Jan-2004 09:46,200201,BIRMINGHAM,ITALY,ROME (FIUMICINO),BRITISH AIRWAYS PLC,D,S, 16 , 0 , 87.5 , 6.25 , 0 , 0 , 6.25 , 0 , 24.5625 , 1 , 0 , 0 , 0 
09-Jan-2004 09:46,200201,BIRMINGHAM,ITALY,ROME (FIUMICINO),DUO AIRWAYS LTD,A,S, 0 , 0 , 0 , 0 , 0 , 0 , 0 , 0 , 0 , 0 , 27 , 85.1851851851852 , 10.2592592592593 
09-Jan-2004 09:46,200201,BIRMINGHAM,ITALY,ROME (FIUMICINO),DUO AIRWAYS LTD,D,S, 0 , 0 , 0 , 0 , 0 , 0 , 0 , 0 , 0 , 0 , 27 , 92.5925925925926 , 4.62962962962963 
09-Jan-2004 09:46,200201,BIRMINGHAM,ITALY,TRANPANI,EUROPEAN AIR CHARTER,A,C, 0 , 0 , 0 , 0 , 0 , 0 , 0 , 0 , 0 , 0 , 1 , 100 , 0 
09-Jan-2004 09:46,200201,BIRMINGHAM,ITALY,TRANPANI,EUROPEAN AIR CHARTER,D,C, 0 , 0 , 0 , 0 , 0 , 0 , 0 , 0 , 0 , 0 , 1 , 100 , 7 
09-Jan-2004 09:46,200201,BIRMINGHAM,ITALY,TURIN,BRITANNIA AIRWAYS,A,C, 4 , 0 , 25 , 25 , 25 , 0 , 25 , 0 , 62 , 0 , 4 , 25 , 23.75 
09-Jan-2004 09:46,200201,BIRMINGHAM,ITALY,TURIN,BRITANNIA AIRWAYS,D,C, 3 , 0 , 100 , 0 , 0 , 0 , 0 , 0 , 0 , 0 , 4 , 50 , 10 
09-Jan-2004 09:46,200201,BIRMINGHAM,ITALY,TURIN,BRITISH AIRWAYS CITIEXPRESS LTD,A,C, 0 , 0 , 0 , 0 , 0 , 0 , 0 , 0 , 0 , 0 , 4 , 25 , 31.5 
09-Jan-2004 09:46,200201,BIRMINGHAM,ITALY,TURIN,BRITISH AIRWAYS CITIEXPRESS LTD,D,C, 0 , 0 , 0 , 0 , 0 , 0 , 0 , 0 , 0 , 0 , 4 , 50 , 42.5 
09-Jan-2004 09:46,200201,BIRMINGHAM,ITALY,TURIN,FLYBE.BRITISH EUROPEAN,A,C, 3 , 0 , 100 , 0 , 0 , 0 , 0 , 0 , 0 , 0 , 0 , 0 , 0 
09-Jan-2004 09:46,200201,BIRMINGHAM,ITALY,TURIN,FLYBE.BRITISH EUROPEAN,D,C, 3 , 0 , 100 , 0 , 0 , 0 , 0 , 0 , 1.66666666666667 , 0 , 0 , 0 , 0 
09-Jan-2004 09:46,200201,BIRMINGHAM,ITALY,TURIN,THOMAS COOK AIRLINES LTD,A,C, 4 , 0 , 25 , 0 , 50 , 25 , 0 , 0 , 50.5 , 0 , 4 , 75 , 10.75 
09-Jan-2004 09:46,200201,BIRMINGHAM,ITALY,TURIN,THOMAS COOK AIRLINES LTD,D,C, 3 , 0 , 66.6666666666667 , 0 , 33.3333333333333 , 0 , 0 , 0 , 16.3333333333333 , 0 , 4 , 50 , 12.5 
09-Jan-2004 09:46,200201,BIRMINGHAM,ITALY,VENICE,MY TRAVEL AIRWAYS UK,A,C, 1 , 0 , 0 , 100 , 0 , 0 , 0 , 0 , 30 , 0 , 1 , 100 , 0 
09-Jan-2004 09:46,200201,BIRMINGHAM,ITALY,VENICE,MY TRAVEL AIRWAYS UK,D,C, 1 , 0 , 100 , 0 , 0 , 0 , 0 , 0 , 2 , 0 , 1 , 100 , 14 
09-Jan-2004 09:46,200201,BIRMINGHAM,MACEDONIA,SKOPJE,MY TRAVEL AIRWAYS UK,A,C, 0 , 1 , 0 , 0 , 0 , 0 , 0 , 0 , 0 , 0 , 0 , 0 , 0 
09-Jan-2004 09:46,200201,BIRMINGHAM,MALTA,MALTA,AIR MALTA,A,C, 0 , 0 , 0 , 0 , 0 , 0 , 0 , 0 , 0 , 0 , 2 , 100 , 0 
09-Jan-2004 09:46,200201,BIRMINGHAM,MALTA,MALTA,AIR MALTA,A,S, 10 , 0 , 100 , 0 , 0 , 0 , 0 , 0 , 0 , 0 , 4 , 100 , 0.25 
09-Jan-2004 09:46,200201,BIRMINGHAM,MALTA,MALTA,AIR MALTA,D,C, 0 , 0 , 0 , 0 , 0 , 0 , 0 , 0 , 0 , 0 , 2 , 50 , 10.5 
09-Jan-2004 09:46,200201,BIRMINGHAM,MALTA,MALTA,AIR MALTA,D,S, 10 , 0 , 100 , 0 , 0 , 0 , 0 , 0 , 1.9 , 0 , 4 , 100 , 7.75 
09-Jan-2004 09:46,200201,BIRMINGHAM,MALTA,MALTA,BRITANNIA AIRWAYS,A,C, 3 , 0 , 100 , 0 , 0 , 0 , 0 , 0 , 4 , 0 , 4 , 50 , 59.5 
09-Jan-2004 09:46,200201,BIRMINGHAM,MALTA,MALTA,BRITANNIA AIRWAYS,D,C, 3 , 0 , 100 , 0 , 0 , 0 , 0 , 0 , 0.666666666666667 , 0 , 4 , 50 , 66.5 
09-Jan-2004 09:46,200201,BIRMINGHAM,MALTA,MALTA,MONARCH AIRLINES,A,C, 1 , 0 , 100 , 0 , 0 , 0 , 0 , 0 , 0 , 0 , 0 , 0 , 0 
09-Jan-2004 09:46,200201,BIRMINGHAM,MALTA,MALTA,MONARCH AIRLINES,D,C, 1 , 0 , 100 , 0 , 0 , 0 , 0 , 0 , 11 , 0 , 0 , 0 , 0 
09-Jan-2004 09:46,200201,BIRMINGHAM,MALTA,MALTA,THOMAS COOK AIRLINES LTD,A,C, 1 , 0 , 100 , 0 , 0 , 0 , 0 , 0 , 11 , 0 , 1 , 0 , 28 
09-Jan-2004 09:46,200201,BIRMINGHAM,MALTA,MALTA,THOMAS COOK AIRLINES LTD,D,C, 1 , 0 , 100 , 0 , 0 , 0 , 0 , 0 , 0 , 0 , 1 , 100 , 5 
09-Jan-2004 09:46,200201,BIRMINGHAM,NETHERLANDS,AMSTERDAM,DUO AIRWAYS LTD,A,S, 90 , 0 , 71.1111111111111 , 11.1111111111111 , 6.66666666666667 , 11.1111111111111 , 0 , 0 , 18.0222222222222 , 0 , 121 , 77.6859504132231 , 12.3057851239669 
09-Jan-2004 09:46,200201,BIRMINGHAM,NETHERLANDS,AMSTERDAM,DUO AIRWAYS LTD,D,S, 90 , 0 , 78.8888888888889 , 5.55555555555556 , 7.77777777777778 , 7.77777777777778 , 0 , 0 , 13.4111111111111 , 0 , 125 , 79.2 , 10.504 
09-Jan-2004 09:46,200201,BIRMINGHAM,NETHERLANDS,AMSTERDAM,KLM UK LTD,A,S, 162 , 0 , 61.7283950617284 , 11.1111111111111 , 15.4320987654321 , 10.4938271604938 , 1.23456790123457 , 0 , 24.0925925925926 , 14 , 164 , 85.3658536585366 , 8.38414634146342 
09-Jan-2004 09:46,200201,BIRMINGHAM,NETHERLANDS,AMSTERDAM,KLM UK LTD,D,S, 161 , 0 , 61.4906832298137 , 8.69565217391304 , 14.9068322981366 , 13.6645962732919 , 1.24223602484472 , 0 , 27.4472049689441 , 15 , 164 , 79.2682926829268 , 13.7012195121951 
09-Jan-2004 09:46,200201,BIRMINGHAM,NETHERLANDS,EINDHOVEN,B A S E BUSINESS AIRLINES,A,S, 0 , 0 , 0 , 0 , 0 , 0 , 0 , 0 , 0 , 0 , 39 , 61.5384615384615 , 26.974358974359 
09-Jan-2004 09:46,200201,BIRMINGHAM,NETHERLANDS,EINDHOVEN,B A S E BUSINESS AIRLINES,D,S, 0 , 0 , 0 , 0 , 0 , 0 , 0 , 0 , 0 , 0 , 38 , 71.0526315789474 , 26.7368421052632 
09-Jan-2004 09:46,200201,BIRMINGHAM,NETHERLANDS,EINDHOVEN,TTA - TRANS TRAVEL AIRLINES BV,A,S, 37 , 0 , 78.3783783783784 , 10.8108108108108 , 10.8108108108108 , 0 , 0 , 0 , 9.24324324324324 , 5 , 0 , 0 , 0 
09-Jan-2004 09:46,200201,BIRMINGHAM,NETHERLANDS,EINDHOVEN,TTA - TRANS TRAVEL AIRLINES BV,D,S, 40 , 1 , 65 , 22.5 , 12.5 , 0 , 0 , 0 , 13.35 , 2 , 0 , 0 , 0 
09-Jan-2004 09:46,200201,BIRMINGHAM,PAKISTAN,KARACHI,PAKISTAN INTL AIRLINES,A,S, 0 , 0 , 0 , 0 , 0 , 0 , 0 , 0 , 0 , 0 , 8 , 12.5 , 74.625 
09-Jan-2004 09:46,200201,BIRMINGHAM,PAKISTAN,KARACHI,PAKISTAN INTL AIRLINES,D,S, 0 , 0 , 0 , 0 , 0 , 0 , 0 , 0 , 0 , 0 , 8 , 0 , 94.25 
09-Jan-2004 09:46,200201,BIRMINGHAM,PORTUGAL(EXCLUDING MADEIRA),FARO,AIR 2000,A,S, 1 , 0 , 100 , 0 , 0 , 0 , 0 , 0 , 0 , 0 , 1 , 0 , 22 
09-Jan-2004 09:46,200201,BIRMINGHAM,PORTUGAL(EXCLUDING MADEIRA),FARO,AIR 2000,D,S, 1 , 0 , 100 , 0 , 0 , 0 , 0 , 0 , 7 , 0 , 1 , 0 , 26 
09-Jan-2004 09:46,200201,BIRMINGHAM,PORTUGAL(EXCLUDING MADEIRA),FARO,BRAATHENS ASA,A,C, 1 , 0 , 100 , 0 , 0 , 0 , 0 , 0 , 0 , 0 , 0 , 0 , 0 
09-Jan-2004 09:46,200201,BIRMINGHAM,PORTUGAL(EXCLUDING MADEIRA),FARO,BRAATHENS ASA,D,C, 1 , 0 , 100 , 0 , 0 , 0 , 0 , 0 , 15 , 0 , 0 , 0 , 0 
09-Jan-2004 09:46,200201,BIRMINGHAM,PORTUGAL(EXCLUDING MADEIRA),FARO,BRITANNIA AIRWAYS,A,C, 5 , 0 , 60 , 40 , 0 , 0 , 0 , 0 , 9.2 , 0 , 4 , 50 , 16.25 
09-Jan-2004 09:46,200201,BIRMINGHAM,PORTUGAL(EXCLUDING MADEIRA),FARO,BRITANNIA AIRWAYS,D,C, 5 , 0 , 100 , 0 , 0 , 0 , 0 , 0 , 4.6 , 0 , 4 , 75 , 14.25 
09-Jan-2004 09:46,200201,BIRMINGHAM,PORTUGAL(EXCLUDING MADEIRA),FARO,MONARCH AIRLINES,A,C, 4 , 0 , 50 , 25 , 0 , 0 , 25 , 0 , 82.5 , 0 , 5 , 60 , 19 
09-Jan-2004 09:46,200201,BIRMINGHAM,PORTUGAL(EXCLUDING MADEIRA),FARO,MONARCH AIRLINES,D,C, 4 , 0 , 50 , 25 , 0 , 0 , 25 , 0 , 86.75 , 0 , 5 , 100 , 6.6 
09-Jan-2004 09:46,200201,BIRMINGHAM,PORTUGAL(EXCLUDING MADEIRA),FARO,MY TRAVEL AIRWAYS UK,A,C, 1 , 0 , 100 , 0 , 0 , 0 , 0 , 0 , 0 , 0 , 1 , 0 , 22 
09-Jan-2004 09:46,200201,BIRMINGHAM,PORTUGAL(EXCLUDING MADEIRA),FARO,MY TRAVEL AIRWAYS UK,D,C, 1 , 0 , 100 , 0 , 0 , 0 , 0 , 0 , 2 , 0 , 1 , 0 , 29 
09-Jan-2004 09:46,200201,BIRMINGHAM,PORTUGAL(MADEIRA),FUNCHAL,AIR 2000,A,C, 4 , 0 , 75 , 25 , 0 , 0 , 0 , 0 , 7.5 , 0 , 5 , 100 , 0 
09-Jan-2004 09:46,200201,BIRMINGHAM,PORTUGAL(MADEIRA),FUNCHAL,AIR 2000,D,C, 4 , 0 , 75 , 25 , 0 , 0 , 0 , 0 , 8.75 , 0 , 5 , 100 , 0.2 
09-Jan-2004 09:46,200201,BIRMINGHAM,PORTUGAL(MADEIRA),FUNCHAL,AIR LUXOR,A,C, 1 , 0 , 100 , 0 , 0 , 0 , 0 , 0 , 0 , 0 , 0 , 0 , 0 
09-Jan-2004 09:46,200201,BIRMINGHAM,PORTUGAL(MADEIRA),FUNCHAL,AIR LUXOR,D,C, 1 , 0 , 100 , 0 , 0 , 0 , 0 , 0 , 0 , 0 , 0 , 0 , 0 
09-Jan-2004 09:46,200201,BIRMINGHAM,PORTUGAL(MADEIRA),FUNCHAL,BRITANNIA AIRWAYS,A,C, 0 , 0 , 0 , 0 , 0 , 0 , 0 , 0 , 0 , 0 , 5 , 80 , 247.2 
09-Jan-2004 09:46,200201,BIRMINGHAM,PORTUGAL(MADEIRA),FUNCHAL,BRITANNIA AIRWAYS,D,C, 0 , 0 , 0 , 0 , 0 , 0 , 0 , 0 , 0 , 0 , 5 , 80 , 5.6 
09-Jan-2004 09:46,200201,BIRMINGHAM,SPAIN,ALICANTE,AIR 2000,A,S, 3 , 0 , 66.6666666666667 , 0 , 0 , 33.3333333333333 , 0 , 0 , 39 , 1 , 4 , 100 , 0.75 
09-Jan-2004 09:46,200201,BIRMINGHAM,SPAIN,ALICANTE,AIR 2000,D,S, 3 , 0 , 66.6666666666667 , 0 , 0 , 33.3333333333333 , 0 , 0 , 46 , 1 , 4 , 100 , 6.75 
09-Jan-2004 09:46,200201,BIRMINGHAM,SPAIN,ALICANTE,BRITANNIA AIRWAYS,A,C, 13 , 0 , 69.2307692307692 , 15.3846153846154 , 7.69230769230769 , 7.69230769230769 , 0 , 0 , 13.2307692307692 , 0 , 13 , 69.2307692307692 , 17.3076923076923 
09-Jan-2004 09:46,200201,BIRMINGHAM,SPAIN,ALICANTE,BRITANNIA AIRWAYS,D,C, 13 , 0 , 92.3076923076923 , 0 , 0 , 7.69230769230769 , 0 , 0 , 9.76923076923077 , 0 , 13 , 69.2307692307692 , 14.7692307692308 
09-Jan-2004 09:46,200201,BIRMINGHAM,SPAIN,ALICANTE,MY TRAVEL AIRWAYS UK,A,C, 1 , 0 , 100 , 0 , 0 , 0 , 0 , 0 , 8 , 0 , 3 , 66.6666666666667 , 20.3333333333333 
09-Jan-2004 09:46,200201,BIRMINGHAM,SPAIN,ALICANTE,MY TRAVEL AIRWAYS UK,D,C, 1 , 0 , 100 , 0 , 0 , 0 , 0 , 0 , 9 , 0 , 3 , 66.6666666666667 , 18.3333333333333 
09-Jan-2004 09:46,200201,BIRMINGHAM,SPAIN,ALMERIA,MY TRAVEL AIRWAYS UK,A,C, 1 , 0 , 0 , 100 , 0 , 0 , 0 , 0 , 19 , 0 , 1 , 0 , 30 
09-Jan-2004 09:46,200201,BIRMINGHAM,SPAIN,ALMERIA,MY TRAVEL AIRWAYS UK,D,C, 1 , 0 , 100 , 0 , 0 , 0 , 0 , 0 , 2 , 0 , 1 , 100 , 13 
09-Jan-2004 09:46,200201,BIRMINGHAM,SPAIN,BARCELONA,BRITISH AIRWAYS PLC,A,S, 16 , 0 , 81.25 , 0 , 6.25 , 6.25 , 6.25 , 0 , 22.6875 , 1 , 18 , 100 , 1.11111111111111 
09-Jan-2004 09:46,200201,BIRMINGHAM,SPAIN,BARCELONA,BRITISH AIRWAYS PLC,D,S, 17 , 0 , 82.3529411764706 , 0 , 5.88235294117647 , 11.7647058823529 , 0 , 0 , 19.8235294117647 , 0 , 18 , 100 , 0 
09-Jan-2004 09:46,200201,BIRMINGHAM,SPAIN,BARCELONA,MY TRAVEL AIRWAYS UK,A,C, 1 , 0 , 0 , 0 , 100 , 0 , 0 , 0 , 35 , 0 , 0 , 0 , 0 
09-Jan-2004 09:46,200201,BIRMINGHAM,SPAIN,BARCELONA,MY TRAVEL AIRWAYS UK,D,C, 1 , 0 , 100 , 0 , 0 , 0 , 0 , 0 , 9 , 0 , 0 , 0 , 0 
09-Jan-2004 09:46,200201,BIRMINGHAM,SPAIN,MADRID,BRITISH AIRWAYS PLC,A,S, 19 , 0 , 73.6842105263158 , 10.5263157894737 , 10.5263157894737 , 0 , 5.26315789473684 , 0 , 18.2105263157895 , 2 , 21 , 80.9523809523809 , 7.71428571428571 
09-Jan-2004 09:46,200201,BIRMINGHAM,SPAIN,MADRID,BRITISH AIRWAYS PLC,D,S, 20 , 0 , 85 , 10 , 0 , 5 , 0 , 0 , 11.55 , 1 , 21 , 95.2380952380952 , 3.04761904761905 
09-Jan-2004 09:46,200201,BIRMINGHAM,SPAIN,MALAGA,AIR 2000,A,S, 4 , 0 , 25 , 50 , 0 , 0 , 25 , 0 , 62 , 0 , 4 , 25 , 36 
09-Jan-2004 09:46,200201,BIRMINGHAM,SPAIN,MALAGA,AIR 2000,D,S, 4 , 0 , 25 , 25 , 25 , 0 , 25 , 0 , 65.5 , 0 , 4 , 50 , 25.5 
09-Jan-2004 09:46,200201,BIRMINGHAM,SPAIN,MALAGA,BRITANNIA AIRWAYS,A,C, 9 , 0 , 22.2222222222222 , 55.5555555555556 , 11.1111111111111 , 11.1111111111111 , 0 , 0 , 32.7777777777778 , 0 , 8 , 25 , 26.75 
09-Jan-2004 09:46,200201,BIRMINGHAM,SPAIN,MALAGA,BRITANNIA AIRWAYS,D,C, 8 , 0 , 87.5 , 12.5 , 0 , 0 , 0 , 0 , 8.125 , 0 , 8 , 87.5 , 8.125 
09-Jan-2004 09:46,200201,BIRMINGHAM,SPAIN,MALAGA,MONARCH AIRLINES,A,C, 1 , 0 , 0 , 0 , 0 , 0 , 100 , 0 , 257 , 0 , 1 , 100 , 0 
09-Jan-2004 09:46,200201,BIRMINGHAM,SPAIN,MALAGA,MONARCH AIRLINES,D,C, 0 , 0 , 0 , 0 , 0 , 0 , 0 , 0 , 0 , 0 , 1 , 100 , 1 
09-Jan-2004 09:46,200201,BIRMINGHAM,SPAIN,MALAGA,MY TRAVEL AIRWAYS UK,A,C, 1 , 0 , 0 , 0 , 0 , 0 , 100 , 0 , 220 , 0 , 1 , 0 , 25 
09-Jan-2004 09:46,200201,BIRMINGHAM,SPAIN,MALAGA,MY TRAVEL AIRWAYS UK,D,C, 0 , 0 , 0 , 0 , 0 , 0 , 0 , 0 , 0 , 0 , 1 , 100 , 2 
09-Jan-2004 09:46,200201,BIRMINGHAM,SPAIN,PALMA DE MALLORCA,AIR 2000,A,S, 0 , 0 , 0 , 0 , 0 , 0 , 0 , 0 , 0 , 1 , 1 , 100 , 1 
09-Jan-2004 09:46,200201,BIRMINGHAM,SPAIN,PALMA DE MALLORCA,AIR 2000,D,S, 0 , 0 , 0 , 0 , 0 , 0 , 0 , 0 , 0 , 1 , 1 , 100 , 2 
09-Jan-2004 09:46,200201,BIRMINGHAM,SPAIN,PALMA DE MALLORCA,BRITANNIA AIRWAYS,A,C, 7 , 0 , 57.1428571428571 , 28.5714285714286 , 0 , 14.2857142857143 , 0 , 0 , 18.8571428571429 , 0 , 9 , 77.7777777777778 , 38.8888888888889 
09-Jan-2004 09:46,200201,BIRMINGHAM,SPAIN,PALMA DE MALLORCA,BRITANNIA AIRWAYS,D,C, 8 , 0 , 75 , 12.5 , 12.5 , 0 , 0 , 0 , 11.25 , 0 , 9 , 100 , 1.33333333333333 
09-Jan-2004 09:46,200201,BIRMINGHAM,SPAIN,PALMA DE MALLORCA,MY TRAVEL AIRWAYS UK,A,C, 0 , 0 , 0 , 0 , 0 , 0 , 0 , 0 , 0 , 0 , 1 , 100 , 2 
09-Jan-2004 09:46,200201,BIRMINGHAM,SPAIN,PALMA DE MALLORCA,MY TRAVEL AIRWAYS UK,D,C, 1 , 0 , 100 , 0 , 0 , 0 , 0 , 0 , 0 , 0 , 1 , 100 , 0 
09-Jan-2004 09:46,200201,BIRMINGHAM,SPAIN(CANARY ISLANDS),ARRECIFE,AIR 2000,A,S, 4 , 0 , 75 , 25 , 0 , 0 , 0 , 0 , 7.75 , 0 , 4 , 75 , 15.25 
09-Jan-2004 09:46,200201,BIRMINGHAM,SPAIN(CANARY ISLANDS),ARRECIFE,AIR 2000,D,S, 4 , 0 , 100 , 0 , 0 , 0 , 0 , 0 , 0 , 0 , 4 , 75 , 8.25 
09-Jan-2004 09:46,200201,BIRMINGHAM,SPAIN(CANARY ISLANDS),ARRECIFE,BRITANNIA AIRWAYS,A,C, 4 , 0 , 50 , 0 , 25 , 0 , 0 , 25 , 331.25 , 0 , 4 , 100 , 4.25 
09-Jan-2004 09:46,200201,BIRMINGHAM,SPAIN(CANARY ISLANDS),ARRECIFE,BRITANNIA AIRWAYS,D,C, 4 , 0 , 50 , 0 , 25 , 0 , 0 , 25 , 302.75 , 0 , 4 , 100 , 4 
09-Jan-2004 09:46,200201,BIRMINGHAM,SPAIN(CANARY ISLANDS),ARRECIFE,MONARCH AIRLINES,A,C, 4 , 0 , 100 , 0 , 0 , 0 , 0 , 0 , 3.25 , 0 , 4 , 50 , 14.25 
09-Jan-2004 09:46,200201,BIRMINGHAM,SPAIN(CANARY ISLANDS),ARRECIFE,MONARCH AIRLINES,D,C, 4 , 0 , 100 , 0 , 0 , 0 , 0 , 0 , 3.25 , 0 , 4 , 100 , 5 
09-Jan-2004 09:46,200201,BIRMINGHAM,SPAIN(CANARY ISLANDS),ARRECIFE,MY TRAVEL AIRWAYS UK,A,C, 4 , 0 , 50 , 25 , 25 , 0 , 0 , 0 , 19.75 , 0 , 5 , 100 , 7.2 
09-Jan-2004 09:46,200201,BIRMINGHAM,SPAIN(CANARY ISLANDS),ARRECIFE,MY TRAVEL AIRWAYS UK,D,C, 4 , 0 , 50 , 25 , 0 , 25 , 0 , 0 , 22.75 , 0 , 5 , 100 , 3 
09-Jan-2004 09:46,200201,BIRMINGHAM,SPAIN(CANARY ISLANDS),ARRECIFE,THOMAS COOK AIRLINES LTD,A,C, 5 , 0 , 100 , 0 , 0 , 0 , 0 , 0 , 4.4 , 0 , 4 , 50 , 16.25 
09-Jan-2004 09:46,200201,BIRMINGHAM,SPAIN(CANARY ISLANDS),ARRECIFE,THOMAS COOK AIRLINES LTD,D,C, 5 , 0 , 100 , 0 , 0 , 0 , 0 , 0 , 4.6 , 0 , 4 , 100 , 3.25 
09-Jan-2004 09:46,200201,BIRMINGHAM,SPAIN(CANARY ISLANDS),FUERTEVENTURA,BRITANNIA AIRWAYS,A,C, 4 , 0 , 100 , 0 , 0 , 0 , 0 , 0 , 4.5 , 0 , 5 , 40 , 36 
09-Jan-2004 09:46,200201,BIRMINGHAM,SPAIN(CANARY ISLANDS),FUERTEVENTURA,BRITANNIA AIRWAYS,D,C, 5 , 0 , 80 , 20 , 0 , 0 , 0 , 0 , 5.8 , 0 , 5 , 80 , 8 
09-Jan-2004 09:46,200201,BIRMINGHAM,SPAIN(CANARY ISLANDS),FUERTEVENTURA,MONARCH AIRLINES,A,C, 0 , 0 , 0 , 0 , 0 , 0 , 0 , 0 , 0 , 0 , 1 , 100 , 0 
09-Jan-2004 09:46,200201,BIRMINGHAM,SPAIN(CANARY ISLANDS),FUERTEVENTURA,MONARCH AIRLINES,D,C, 0 , 0 , 0 , 0 , 0 , 0 , 0 , 0 , 0 , 0 , 1 , 100 , 0 
09-Jan-2004 09:46,200201,BIRMINGHAM,SPAIN(CANARY ISLANDS),FUERTEVENTURA,MY TRAVEL AIRWAYS UK,A,C, 5 , 0 , 60 , 0 , 20 , 20 , 0 , 0 , 22 , 0 , 5 , 100 , 7.2 
09-Jan-2004 09:46,200201,BIRMINGHAM,SPAIN(CANARY ISLANDS),FUERTEVENTURA,MY TRAVEL AIRWAYS UK,D,C, 5 , 0 , 80 , 0 , 20 , 0 , 0 , 0 , 18 , 0 , 5 , 100 , 2.6 
09-Jan-2004 09:46,200201,BIRMINGHAM,SPAIN(CANARY ISLANDS),FUERTEVENTURA,THOMAS COOK AIRLINES LTD,A,C, 5 , 0 , 80 , 20 , 0 , 0 , 0 , 0 , 3.2 , 0 , 5 , 40 , 32.2 
09-Jan-2004 09:46,200201,BIRMINGHAM,SPAIN(CANARY ISLANDS),FUERTEVENTURA,THOMAS COOK AIRLINES LTD,D,C, 5 , 0 , 80 , 20 , 0 , 0 , 0 , 0 , 4.2 , 0 , 5 , 100 , 1.4 
09-Jan-2004 09:46,200201,BIRMINGHAM,SPAIN(CANARY ISLANDS),LAS PALMAS,AIR 2000,A,C, 5 , 0 , 100 , 0 , 0 , 0 , 0 , 0 , 1.2 , 0 , 5 , 80 , 3.6 
09-Jan-2004 09:46,200201,BIRMINGHAM,SPAIN(CANARY ISLANDS),LAS PALMAS,AIR 2000,D,C, 4 , 0 , 100 , 0 , 0 , 0 , 0 , 0 , 0 , 0 , 5 , 100 , 0 
09-Jan-2004 09:46,200201,BIRMINGHAM,SPAIN(CANARY ISLANDS),LAS PALMAS,BRITANNIA AIRWAYS,A,C, 9 , 1 , 77.7777777777778 , 22.2222222222222 , 0 , 0 , 0 , 0 , 7.22222222222222 , 0 , 9 , 77.7777777777778 , 9.22222222222222 
09-Jan-2004 09:46,200201,BIRMINGHAM,SPAIN(CANARY ISLANDS),LAS PALMAS,BRITANNIA AIRWAYS,D,C, 9 , 0 , 88.8888888888889 , 11.1111111111111 , 0 , 0 , 0 , 0 , 5.77777777777778 , 0 , 9 , 77.7777777777778 , 10.7777777777778 
09-Jan-2004 09:46,200201,BIRMINGHAM,SPAIN(CANARY ISLANDS),LAS PALMAS,MY TRAVEL AIRWAYS UK,A,C, 3 , 0 , 100 , 0 , 0 , 0 , 0 , 0 , 5.33333333333333 , 0 , 4 , 75 , 8.5 
09-Jan-2004 09:46,200201,BIRMINGHAM,SPAIN(CANARY ISLANDS),LAS PALMAS,MY TRAVEL AIRWAYS UK,D,C, 3 , 0 , 100 , 0 , 0 , 0 , 0 , 0 , 2 , 0 , 4 , 50 , 9.5 
09-Jan-2004 09:46,200201,BIRMINGHAM,SPAIN(CANARY ISLANDS),LAS PALMAS,THOMAS COOK AIRLINES LTD,A,C, 4 , 0 , 100 , 0 , 0 , 0 , 0 , 0 , 5.75 , 0 , 4 , 100 , 5 
09-Jan-2004 09:46,200201,BIRMINGHAM,SPAIN(CANARY ISLANDS),LAS PALMAS,THOMAS COOK AIRLINES LTD,D,C, 4 , 0 , 100 , 0 , 0 , 0 , 0 , 0 , 3.5 , 0 , 4 , 100 , 1.25 
09-Jan-2004 09:46,200201,BIRMINGHAM,SPAIN(CANARY ISLANDS),TENERIFE (SURREINA SOFIA),AIR 2000,A,S, 8 , 0 , 62.5 , 25 , 12.5 , 0 , 0 , 0 , 10.125 , 3 , 10 , 60 , 20.1 
09-Jan-2004 09:46,200201,BIRMINGHAM,SPAIN(CANARY ISLANDS),TENERIFE (SURREINA SOFIA),AIR 2000,D,S, 9 , 0 , 88.8888888888889 , 0 , 11.1111111111111 , 0 , 0 , 0 , 7.22222222222222 , 1 , 10 , 90 , 6 
09-Jan-2004 09:46,200201,BIRMINGHAM,SPAIN(CANARY ISLANDS),TENERIFE (SURREINA SOFIA),AIR EUROPA,A,C, 3 , 0 , 66.6666666666667 , 0 , 0 , 33.3333333333333 , 0 , 0 , 33.6666666666667 , 0 , 1 , 0 , 16 
09-Jan-2004 09:46,200201,BIRMINGHAM,SPAIN(CANARY ISLANDS),TENERIFE (SURREINA SOFIA),AIR EUROPA,D,C, 3 , 0 , 66.6666666666667 , 0 , 0 , 33.3333333333333 , 0 , 0 , 39.3333333333333 , 0 , 1 , 0 , 20 
09-Jan-2004 09:46,200201,BIRMINGHAM,SPAIN(CANARY ISLANDS),TENERIFE (SURREINA SOFIA),BRITANNIA AIRWAYS,A,C, 8 , 0 , 62.5 , 12.5 , 12.5 , 12.5 , 0 , 0 , 21.5 , 0 , 9 , 55.5555555555556 , 16.4444444444444 
09-Jan-2004 09:46,200201,BIRMINGHAM,SPAIN(CANARY ISLANDS),TENERIFE (SURREINA SOFIA),BRITANNIA AIRWAYS,D,C, 9 , 0 , 66.6666666666667 , 11.1111111111111 , 11.1111111111111 , 11.1111111111111 , 0 , 0 , 17.4444444444444 , 0 , 9 , 88.8888888888889 , 6 
09-Jan-2004 09:46,200201,BIRMINGHAM,SPAIN(CANARY ISLANDS),TENERIFE (SURREINA SOFIA),MONARCH AIRLINES,A,C, 9 , 0 , 44.4444444444444 , 33.3333333333333 , 22.2222222222222 , 0 , 0 , 0 , 22.8888888888889 , 0 , 12 , 0 , 42.5 
09-Jan-2004 09:46,200201,BIRMINGHAM,SPAIN(CANARY ISLANDS),TENERIFE (SURREINA SOFIA),MONARCH AIRLINES,D,C, 10 , 0 , 60 , 30 , 10 , 0 , 0 , 0 , 14.2 , 0 , 12 , 83.3333333333333 , 11.9166666666667 
09-Jan-2004 09:46,200201,BIRMINGHAM,SPAIN(CANARY ISLANDS),TENERIFE (SURREINA SOFIA),MY TRAVEL AIRWAYS UK,A,C, 8 , 0 , 37.5 , 12.5 , 37.5 , 0 , 12.5 , 0 , 48.625 , 0 , 9 , 44.4444444444444 , 17.4444444444444 
09-Jan-2004 09:46,200201,BIRMINGHAM,SPAIN(CANARY ISLANDS),TENERIFE (SURREINA SOFIA),MY TRAVEL AIRWAYS UK,D,C, 8 , 0 , 75 , 12.5 , 0 , 0 , 12.5 , 0 , 37.875 , 0 , 9 , 88.8888888888889 , 7.33333333333333 
09-Jan-2004 09:46,200201,BIRMINGHAM,SPAIN(CANARY ISLANDS),TENERIFE (SURREINA SOFIA),THOMAS COOK AIRLINES LTD,A,C, 4 , 0 , 100 , 0 , 0 , 0 , 0 , 0 , 0.75 , 0 , 8 , 100 , 3.125 
09-Jan-2004 09:46,200201,BIRMINGHAM,SPAIN(CANARY ISLANDS),TENERIFE (SURREINA SOFIA),THOMAS COOK AIRLINES LTD,D,C, 4 , 0 , 100 , 0 , 0 , 0 , 0 , 0 , 2.5 , 0 , 8 , 100 , 0.125 
09-Jan-2004 09:46,200201,BIRMINGHAM,SWEDEN,GOTEBORG,DUO AIRWAYS LTD,A,S, 41 , 0 , 68.2926829268293 , 7.31707317073171 , 17.0731707317073 , 4.8780487804878 , 2.4390243902439 , 0 , 19.609756097561 , 0 , 0 , 0 , 0 
09-Jan-2004 09:46,200201,BIRMINGHAM,SWEDEN,GOTEBORG,DUO AIRWAYS LTD,D,S, 42 , 0 , 57.1428571428571 , 19.047619047619 , 19.047619047619 , 4.76190476190476 , 0 , 0 , 17.2857142857143 , 0 , 0 , 0 , 0 
09-Jan-2004 09:46,200201,BIRMINGHAM,SWEDEN,STOCKHOLM (ARLANDA),DUO AIRWAYS LTD,A,S, 45 , 0 , 62.2222222222222 , 6.66666666666667 , 20 , 6.66666666666667 , 4.44444444444444 , 0 , 28.0888888888889 , 0 , 45 , 91.1111111111111 , 7.06666666666667 
09-Jan-2004 09:46,200201,BIRMINGHAM,SWEDEN,STOCKHOLM (ARLANDA),DUO AIRWAYS LTD,D,S, 45 , 0 , 71.1111111111111 , 11.1111111111111 , 8.88888888888889 , 6.66666666666667 , 2.22222222222222 , 0 , 20.4222222222222 , 0 , 45 , 95.5555555555556 , 3.08888888888889 
09-Jan-2004 09:46,200201,BIRMINGHAM,SWITZERLAND,BASLE MULHOUSE,SWISS AIRLINES,A,S, 48 , 0 , 60.4166666666667 , 27.0833333333333 , 10.4166666666667 , 2.08333333333333 , 0 , 0 , 14.0625 , 0 , 48 , 62.5 , 13.2291666666667 
09-Jan-2004 09:46,200201,BIRMINGHAM,SWITZERLAND,BASLE MULHOUSE,SWISS AIRLINES,D,S, 48 , 0 , 62.5 , 27.0833333333333 , 8.33333333333333 , 2.08333333333333 , 0 , 0 , 14.7083333333333 , 0 , 48 , 60.4166666666667 , 16.4583333333333 
09-Jan-2004 09:46,200201,BIRMINGHAM,SWITZERLAND,GENEVA,BRITANNIA AIRWAYS,A,C, 3 , 0 , 0 , 33.3333333333333 , 0 , 66.6666666666667 , 0 , 0 , 77.6666666666667 , 0 , 4 , 0 , 52.75 
09-Jan-2004 09:46,200201,BIRMINGHAM,SWITZERLAND,GENEVA,BRITANNIA AIRWAYS,D,C, 3 , 0 , 66.6666666666667 , 33.3333333333333 , 0 , 0 , 0 , 0 , 10 , 0 , 4 , 50 , 21.75 
09-Jan-2004 09:46,200201,BIRMINGHAM,SWITZERLAND,GENEVA,DUO AIRWAYS LTD,A,S, 0 , 0 , 0 , 0 , 0 , 0 , 0 , 0 , 0 , 0 , 9 , 33.3333333333333 , 32.8888888888889 
09-Jan-2004 09:46,200201,BIRMINGHAM,SWITZERLAND,GENEVA,DUO AIRWAYS LTD,D,S, 0 , 0 , 0 , 0 , 0 , 0 , 0 , 0 , 0 , 0 , 9 , 66.6666666666667 , 13.7777777777778 
09-Jan-2004 09:46,200201,BIRMINGHAM,SWITZERLAND,GENEVA,MONARCH AIRLINES,A,C, 3 , 0 , 0 , 33.3333333333333 , 66.6666666666667 , 0 , 0 , 0 , 36.3333333333333 , 0 , 4 , 25 , 38.5 
09-Jan-2004 09:46,200201,BIRMINGHAM,SWITZERLAND,GENEVA,MONARCH AIRLINES,D,C, 3 , 0 , 66.6666666666667 , 33.3333333333333 , 0 , 0 , 0 , 0 , 16 , 0 , 4 , 25 , 17.25 
09-Jan-2004 09:46,200201,BIRMINGHAM,SWITZERLAND,ZURICH,EUROWINGS LUFTVERKEHRS,D,C, 1 , 0 , 100 , 0 , 0 , 0 , 0 , 0 , 0 , 0 , 0 , 0 , 0 
09-Jan-2004 09:46,200201,BIRMINGHAM,SWITZERLAND,ZURICH,SWISS AIRLINES,A,S, 76 , 0 , 73.6842105263158 , 19.7368421052632 , 5.26315789473684 , 1.31578947368421 , 0 , 0 , 9.05263157894737 , 1 , 80 , 76.25 , 9 
09-Jan-2004 09:46,200201,BIRMINGHAM,SWITZERLAND,ZURICH,SWISS AIRLINES,D,S, 75 , 0 , 70.6666666666667 , 17.3333333333333 , 10.6666666666667 , 1.33333333333333 , 0 , 0 , 13.1466666666667 , 1 , 77 , 64.9350649350649 , 15.5714285714286 
09-Jan-2004 09:46,200201,BIRMINGHAM,THAILAND,PHUKET,AIR 2000,D,C, 1 , 0 , 100 , 0 , 0 , 0 , 0 , 0 , 8 , 0 , 0 , 0 , 0 
09-Jan-2004 09:46,200201,BIRMINGHAM,TUNISIA,MONASTIR,BRITANNIA AIRWAYS,A,C, 5 , 0 , 80 , 0 , 0 , 0 , 20 , 0 , 58 , 0 , 5 , 80 , 9 
09-Jan-2004 09:46,200201,BIRMINGHAM,TUNISIA,MONASTIR,BRITANNIA AIRWAYS,D,C, 5 , 0 , 100 , 0 , 0 , 0 , 0 , 0 , 2.8 , 0 , 5 , 100 , 0.2 
09-Jan-2004 09:46,200201,BIRMINGHAM,TUNISIA,MONASTIR,MY TRAVEL AIRWAYS UK,A,C, 1 , 0 , 0 , 0 , 0 , 0 , 100 , 0 , 222 , 0 , 1 , 0 , 27 
09-Jan-2004 09:46,200201,BIRMINGHAM,TUNISIA,MONASTIR,MY TRAVEL AIRWAYS UK,D,C, 1 , 0 , 0 , 0 , 0 , 0 , 100 , 0 , 227 , 0 , 1 , 0 , 24 
09-Jan-2004 09:46,200201,BIRMINGHAM,TUNISIA,MONASTIR,THOMAS COOK AIRLINES LTD,A,C, 0 , 0 , 0 , 0 , 0 , 0 , 0 , 0 , 0 , 0 , 4 , 75 , 125.5 
09-Jan-2004 09:46,200201,BIRMINGHAM,TUNISIA,MONASTIR,THOMAS COOK AIRLINES LTD,D,C, 0 , 0 , 0 , 0 , 0 , 0 , 0 , 0 , 0 , 0 , 4 , 100 , 5.25 
09-Jan-2004 09:46,200201,BIRMINGHAM,TURKMENISTAN,ASHKHABAD,TURKMENISTAN AIRLINES,A,S, 16 , 1 , 50 , 12.5 , 6.25 , 12.5 , 6.25 , 12.5 , 202.0625 , 1 , 21 , 42.8571428571429 , 93.6666666666667 
09-Jan-2004 09:46,200201,BIRMINGHAM,TURKMENISTAN,ASHKHABAD,TURKMENISTAN AIRLINES,D,S, 14 , 1 , 7.14285714285714 , 35.7142857142857 , 28.5714285714286 , 21.4285714285714 , 0 , 7.14285714285714 , 95.5 , 0 , 22 , 45.4545454545455 , 98.1363636363636 
09-Jan-2004 09:46,200201,BIRMINGHAM,UNITED ARAB EMIRATES,ABU DHABI INTERNATIONAL,BRITANNIA AIRWAYS,D,C, 0 , 0 , 0 , 0 , 0 , 0 , 0 , 0 , 0 , 0 , 1 , 100 , 0 
09-Jan-2004 09:46,200201,BIRMINGHAM,UNITED ARAB EMIRATES,DUBAI,EMIRATES,A,S, 30 , 0 , 50 , 26.6666666666667 , 23.3333333333333 , 0 , 0 , 0 , 17.0333333333333 , 1 , 31 , 70.9677419354839 , 11.1612903225806 
09-Jan-2004 09:46,200201,BIRMINGHAM,UNITED ARAB EMIRATES,DUBAI,EMIRATES,D,S, 29 , 0 , 68.9655172413793 , 27.5862068965517 , 3.44827586206897 , 0 , 0 , 0 , 9.89655172413793 , 2 , 31 , 67.741935483871 , 14.0322580645161 
09-Jan-2004 09:46,200201,BIRMINGHAM,UNITED KINGDOM,ABERDEEN,BRITISH AIRWAYS CITIEXPRESS LTD,A,S, 76 , 1 , 89.4736842105263 , 2.63157894736842 , 1.31578947368421 , 6.57894736842105 , 0 , 0 , 9.61842105263158 , 0 , 73 , 94.5205479452055 , 4.08219178082192 
09-Jan-2004 09:46,200201,BIRMINGHAM,UNITED KINGDOM,ABERDEEN,BRITISH AIRWAYS CITIEXPRESS LTD,D,S, 78 , 1 , 83.3333333333333 , 7.69230769230769 , 2.56410256410256 , 6.41025641025641 , 0 , 0 , 11.3846153846154 , 0 , 73 , 93.1506849315068 , 6.35616438356164 
09-Jan-2004 09:46,200201,BIRMINGHAM,UNITED KINGDOM,BELFAST CITY,FLYBE.BRITISH EUROPEAN,A,S, 121 , 0 , 83.4710743801653 , 9.09090909090909 , 3.30578512396694 , 3.30578512396694 , 0.826446280991736 , 0 , 10.8760330578512 , 10 , 127 , 89.7637795275591 , 7.40944881889764 
09-Jan-2004 09:46,200201,BIRMINGHAM,UNITED KINGDOM,BELFAST CITY,FLYBE.BRITISH EUROPEAN,D,S, 120 , 0 , 88.3333333333333 , 4.16666666666667 , 1.66666666666667 , 5 , 0.833333333333333 , 0 , 13.7333333333333 , 12 , 127 , 76.3779527559055 , 15.7165354330709 
09-Jan-2004 09:46,200201,BIRMINGHAM,UNITED KINGDOM,BELFAST INTERNATIONAL,DUO AIRWAYS LTD,A,S, 127 , 0 , 88.9763779527559 , 3.93700787401575 , 6.2992125984252 , 0.78740157480315 , 0 , 0 , 5.10236220472441 , 0 , 110 , 95.4545454545455 , 2.86363636363636 
09-Jan-2004 09:46,200201,BIRMINGHAM,UNITED KINGDOM,BELFAST INTERNATIONAL,DUO AIRWAYS LTD,D,S, 129 , 0 , 82.9457364341085 , 7.75193798449612 , 6.2015503875969 , 3.10077519379845 , 0 , 0 , 9.10852713178295 , 0 , 111 , 90.990990990991 , 5.0990990990991 
09-Jan-2004 09:46,200201,BIRMINGHAM,UNITED KINGDOM,BELFAST INTERNATIONAL,EUROPEAN AIR CHARTER,A,C, 1 , 0 , 100 , 0 , 0 , 0 , 0 , 0 , 0 , 0 , 0 , 0 , 0 
09-Jan-2004 09:46,200201,BIRMINGHAM,UNITED KINGDOM,BELFAST INTERNATIONAL,EUROPEAN AIR CHARTER,D,C, 1 , 0 , 100 , 0 , 0 , 0 , 0 , 0 , 6 , 0 , 0 , 0 , 0 
09-Jan-2004 09:46,200201,BIRMINGHAM,UNITED KINGDOM,EDINBURGH,BRITISH AIRWAYS PLC,A,S, 168 , 0 , 95.2380952380952 , 0.595238095238095 , 2.38095238095238 , 1.19047619047619 , 0.595238095238095 , 0 , 4.72619047619048 , 9 , 195 , 88.7179487179487 , 5.89230769230769 
09-Jan-2004 09:46,200201,BIRMINGHAM,UNITED KINGDOM,EDINBURGH,BRITISH AIRWAYS PLC,D,S, 170 , 0 , 95.2941176470588 , 2.35294117647059 , 1.76470588235294 , 0 , 0.588235294117647 , 0 , 3.67647058823529 , 10 , 195 , 91.2820512820513 , 4.63589743589744 
09-Jan-2004 09:46,200201,BIRMINGHAM,UNITED KINGDOM,EDINBURGH,FLYBE.BRITISH EUROPEAN,A,S, 96 , 0 , 69.7916666666667 , 18.75 , 8.33333333333333 , 3.125 , 0 , 0 , 14.0104166666667 , 4 , 97 , 84.5360824742268 , 6.90721649484536 
09-Jan-2004 09:46,200201,BIRMINGHAM,UNITED KINGDOM,EDINBURGH,FLYBE.BRITISH EUROPEAN,D,S, 97 , 0 , 72.1649484536082 , 14.4329896907216 , 7.21649484536082 , 6.18556701030928 , 0 , 0 , 16.4226804123711 , 4 , 97 , 85.5670103092783 , 10.4329896907216 
09-Jan-2004 09:46,200201,BIRMINGHAM,UNITED KINGDOM,EXETER,FLYBE.BRITISH EUROPEAN,A,S, 0 , 0 , 0 , 0 , 0 , 0 , 0 , 0 , 0 , 0 , 75 , 90.6666666666667 , 4.41333333333333 
09-Jan-2004 09:46,200201,BIRMINGHAM,UNITED KINGDOM,EXETER,FLYBE.BRITISH EUROPEAN,D,S, 0 , 0 , 0 , 0 , 0 , 0 , 0 , 0 , 0 , 0 , 77 , 83.1168831168831 , 6.92207792207792 
09-Jan-2004 09:46,200201,BIRMINGHAM,UNITED KINGDOM,GLASGOW,BRITISH AIRWAYS PLC,A,S, 169 , 0 , 92.3076923076923 , 3.55029585798817 , 2.36686390532544 , 1.18343195266272 , 0.591715976331361 , 0 , 5.02958579881657 , 8 , 195 , 89.2307692307692 , 7.95897435897436 
09-Jan-2004 09:46,200201,BIRMINGHAM,UNITED KINGDOM,GLASGOW,BRITISH AIRWAYS PLC,D,S, 169 , 0 , 86.9822485207101 , 6.50887573964497 , 4.14201183431953 , 2.36686390532544 , 0 , 0 , 6.99408284023669 , 10 , 196 , 86.734693877551 , 5.34183673469388 
09-Jan-2004 09:46,200201,BIRMINGHAM,UNITED KINGDOM,GLASGOW,FLYBE.BRITISH EUROPEAN,A,S, 77 , 0 , 84.4155844155844 , 6.49350649350649 , 2.5974025974026 , 6.49350649350649 , 0 , 0 , 10.0519480519481 , 5 , 122 , 81.1475409836066 , 9.13114754098361 
09-Jan-2004 09:46,200201,BIRMINGHAM,UNITED KINGDOM,GLASGOW,FLYBE.BRITISH EUROPEAN,D,S, 81 , 0 , 60.4938271604938 , 19.7530864197531 , 9.87654320987654 , 7.40740740740741 , 2.46913580246914 , 0 , 25.6296296296296 , 5 , 120 , 90 , 6.83333333333333 
09-Jan-2004 09:46,200201,BIRMINGHAM,UNITED KINGDOM,GUERNSEY,AURIGNY AIR SERVICES,A,S, 0 , 1 , 0 , 0 , 0 , 0 , 0 , 0 , 0 , 0 , 0 , 0 , 0 
09-Jan-2004 09:46,200201,BIRMINGHAM,UNITED KINGDOM,GUERNSEY,AURIGNY AIR SERVICES,D,S, 0 , 1 , 0 , 0 , 0 , 0 , 0 , 0 , 0 , 0 , 0 , 0 , 0 
09-Jan-2004 09:46,200201,BIRMINGHAM,UNITED KINGDOM,GUERNSEY,FLYBE.BRITISH EUROPEAN,A,S, 27 , 0 , 66.6666666666667 , 3.7037037037037 , 7.40740740740741 , 22.2222222222222 , 0 , 0 , 30 , 1 , 22 , 77.2727272727273 , 12.0909090909091 
09-Jan-2004 09:46,200201,BIRMINGHAM,UNITED KINGDOM,GUERNSEY,FLYBE.BRITISH EUROPEAN,D,S, 25 , 0 , 88 , 8 , 4 , 0 , 0 , 0 , 8.12 , 1 , 23 , 82.6086956521739 , 7.30434782608696 
09-Jan-2004 09:46,200201,BIRMINGHAM,UNITED KINGDOM,ISLE OF MAN,BA CITIEXPRESS (IOM) LTD,A,S, 51 , 0 , 88.2352941176471 , 3.92156862745098 , 1.96078431372549 , 5.88235294117647 , 0 , 0 , 8.25490196078431 , 2 , 53 , 94.3396226415094 , 3.66037735849057 
09-Jan-2004 09:46,200201,BIRMINGHAM,UNITED KINGDOM,ISLE OF MAN,BA CITIEXPRESS (IOM) LTD,D,S, 51 , 0 , 88.2352941176471 , 0 , 3.92156862745098 , 7.84313725490196 , 0 , 0 , 10.3137254901961 , 2 , 53 , 92.4528301886792 , 4.49056603773585 
09-Jan-2004 09:46,200201,BIRMINGHAM,UNITED KINGDOM,JERSEY,FLYBE.BRITISH EUROPEAN,A,S, 24 , 0 , 75 , 8.33333333333333 , 16.6666666666667 , 0 , 0 , 0 , 12.0416666666667 , 4 , 40 , 82.5 , 5.525 
09-Jan-2004 09:46,200201,BIRMINGHAM,UNITED KINGDOM,JERSEY,FLYBE.BRITISH EUROPEAN,D,S, 26 , 0 , 53.8461538461538 , 30.7692307692308 , 7.69230769230769 , 7.69230769230769 , 0 , 0 , 24.8846153846154 , 2 , 38 , 65.7894736842105 , 14.7105263157895 
09-Jan-2004 09:46,200201,BIRMINGHAM,UNITED KINGDOM,MANCHESTER,AIR 2000,A,C, 1 , 0 , 100 , 0 , 0 , 0 , 0 , 0 , 0 , 0 , 4 , 75 , 9.75 
09-Jan-2004 09:46,200201,BIRMINGHAM,UNITED KINGDOM,MANCHESTER,AIR 2000,D,C, 0 , 0 , 0 , 0 , 0 , 0 , 0 , 0 , 0 , 0 , 3 , 100 , 0 
09-Jan-2004 09:46,200201,BIRMINGHAM,UNITED KINGDOM,MANCHESTER,BRITANNIA AIRWAYS,A,C, 0 , 0 , 0 , 0 , 0 , 0 , 0 , 0 , 0 , 0 , 4 , 100 , 2.5 
09-Jan-2004 09:46,200201,BIRMINGHAM,UNITED KINGDOM,MANCHESTER,BRITANNIA AIRWAYS,D,C, 0 , 0 , 0 , 0 , 0 , 0 , 0 , 0 , 0 , 0 , 4 , 75 , 8.5 
09-Jan-2004 09:46,200201,BIRMINGHAM,UNITED KINGDOM,MANCHESTER,BRITISH AIRWAYS PLC,A,S, 0 , 1 , 0 , 0 , 0 , 0 , 0 , 0 , 0 , 0 , 0 , 0 , 0 
09-Jan-2004 09:46,200201,BIRMINGHAM,UNITED KINGDOM,NEWCASTLE,BRITISH REGIONAL AIRLINES LTD,A,S, 65 , 0 , 86.1538461538462 , 6.15384615384615 , 6.15384615384615 , 1.53846153846154 , 0 , 0 , 7.70769230769231 , 0 , 82 , 92.6829268292683 , 7.9390243902439 
09-Jan-2004 09:46,200201,BIRMINGHAM,UNITED KINGDOM,NEWCASTLE,BRITISH REGIONAL AIRLINES LTD,D,S, 65 , 0 , 87.6923076923077 , 4.61538461538462 , 6.15384615384615 , 1.53846153846154 , 0 , 0 , 5.35384615384615 , 0 , 82 , 92.6829268292683 , 6.08536585365854 
09-Jan-2004 09:46,200201,BIRMINGHAM,USA,CHICAGO (O'HARE),AMERICAN AIRLINES,A,S, 0 , 0 , 0 , 0 , 0 , 0 , 0 , 0 , 0 , 0 , 31 , 35.4838709677419 , 47.8709677419355 
09-Jan-2004 09:46,200201,BIRMINGHAM,USA,CHICAGO (O'HARE),AMERICAN AIRLINES,D,S, 0 , 0 , 0 , 0 , 0 , 0 , 0 , 0 , 0 , 0 , 31 , 61.2903225806452 , 41.258064516129 
09-Jan-2004 09:46,200201,BIRMINGHAM,USA,NEW YORK (NEWARK),CONTINENTAL AIRLINES,A,S, 28 , 0 , 75 , 10.7142857142857 , 7.14285714285714 , 7.14285714285714 , 0 , 0 , 12.6428571428571 , 2 , 30 , 63.3333333333333 , 20.7666666666667 
09-Jan-2004 09:46,200201,BIRMINGHAM,USA,NEW YORK (NEWARK),CONTINENTAL AIRLINES,D,S, 28 , 0 , 85.7142857142857 , 3.57142857142857 , 10.7142857142857 , 0 , 0 , 0 , 7 , 2 , 30 , 90 , 6.9 
09-Jan-2004 09:46,200201,BIRMINGHAM,USA,ORLANDO,BRITANNIA AIRWAYS,A,C, 0 , 0 , 0 , 0 , 0 , 0 , 0 , 0 , 0 , 0 , 4 , 50 , 176.75 
09-Jan-2004 09:46,200201,BIRMINGHAM,USA,ORLANDO,BRITANNIA AIRWAYS,D,C, 0 , 0 , 0 , 0 , 0 , 0 , 0 , 0 , 0 , 0 , 4 , 50 , 79 
09-Jan-2004 09:46,200201,BIRMINGHAM,USA,SANFORD,AIR 2000,A,C, 3 , 0 , 33.3333333333333 , 33.3333333333333 , 33.3333333333333 , 0 , 0 , 0 , 30.3333333333333 , 0 , 4 , 100 , 0 
09-Jan-2004 09:46,200201,BIRMINGHAM,USA,SANFORD,AIR 2000,D,C, 3 , 0 , 66.6666666666667 , 0 , 33.3333333333333 , 0 , 0 , 0 , 23.6666666666667 , 0 , 4 , 50 , 20.75 
09-Jan-2004 09:46,200201,BIRMINGHAM,UZBEKISTAN,TASHKENT,UZBEKISTAN AIRLINES,A,S, 8 , 0 , 87.5 , 12.5 , 0 , 0 , 0 , 0 , 4.875 , 1 , 8 , 50 , 192.5 
09-Jan-2004 09:46,200201,BIRMINGHAM,UZBEKISTAN,TASHKENT,UZBEKISTAN AIRLINES,D,S, 8 , 0 , 50 , 37.5 , 12.5 , 0 , 0 , 0 , 15.625 , 1 , 8 , 12.5 , 193 
09-Jan-2004 09:46,200201,EDINBURGH,AUSTRIA,INNSBRUCK,FLYBE.BRITISH EUROPEAN,A,C, 4 , 0 , 25 , 25 , 0 , 25 , 0 , 25 , 150.25 , 0 , 0 , 0 , 0 
09-Jan-2004 09:46,200201,EDINBURGH,AUSTRIA,INNSBRUCK,FLYBE.BRITISH EUROPEAN,D,C, 4 , 0 , 25 , 50 , 0 , 25 , 0 , 0 , 37.5 , 0 , 0 , 0 , 0 
09-Jan-2004 09:46,200201,EDINBURGH,AUSTRIA,INNSBRUCK,TYROLEAN AIRWAYS,A,C, 0 , 0 , 0 , 0 , 0 , 0 , 0 , 0 , 0 , 0 , 4 , 50 , 36.25 
09-Jan-2004 09:46,200201,EDINBURGH,AUSTRIA,INNSBRUCK,TYROLEAN AIRWAYS,D,C, 0 , 0 , 0 , 0 , 0 , 0 , 0 , 0 , 0 , 0 , 4 , 25 , 41.75 
09-Jan-2004 09:46,200201,EDINBURGH,BELGIUM,BRUSSELS,BMI REGIONAL,A,S, 72 , 0 , 80.5555555555556 , 11.1111111111111 , 6.94444444444444 , 1.38888888888889 , 0 , 0 , 7.20833333333333 , 0 , 0 , 0 , 0 
09-Jan-2004 09:46,200201,EDINBURGH,BELGIUM,BRUSSELS,BMI REGIONAL,D,S, 72 , 0 , 73.6111111111111 , 20.8333333333333 , 5.55555555555556 , 0 , 0 , 0 , 7.94444444444444 , 0 , 0 , 0 , 0 
09-Jan-2004 09:46,200201,EDINBURGH,BELGIUM,BRUSSELS,FLYBE.BRITISH EUROPEAN,A,S, 46 , 0 , 91.304347826087 , 4.34782608695652 , 4.34782608695652 , 0 , 0 , 0 , 5.93478260869565 , 2 , 0 , 0 , 0 
09-Jan-2004 09:46,200201,EDINBURGH,BELGIUM,BRUSSELS,FLYBE.BRITISH EUROPEAN,D,S, 46 , 0 , 76.0869565217391 , 6.52173913043478 , 6.52173913043478 , 10.8695652173913 , 0 , 0 , 15.804347826087 , 2 , 0 , 0 , 0 
09-Jan-2004 09:46,200201,EDINBURGH,BELGIUM,BRUSSELS,SABENA,A,S, 0 , 0 , 0 , 0 , 0 , 0 , 0 , 0 , 0 , 0 , 116 , 83.6206896551724 , 7.29310344827586 
09-Jan-2004 09:46,200201,EDINBURGH,BELGIUM,BRUSSELS,SABENA,D,S, 0 , 0 , 0 , 0 , 0 , 0 , 0 , 0 , 0 , 0 , 115 , 71.304347826087 , 12.6260869565217 
09-Jan-2004 09:46,200201,EDINBURGH,DENMARK,COPENHAGEN,BMI BRITISH MIDLAND,A,S, 30 , 0 , 70 , 13.3333333333333 , 10 , 6.66666666666667 , 0 , 0 , 17.5666666666667 , 0 , 30 , 86.6666666666667 , 6.3 
09-Jan-2004 09:46,200201,EDINBURGH,DENMARK,COPENHAGEN,BMI BRITISH MIDLAND,D,S, 29 , 0 , 82.7586206896552 , 6.89655172413793 , 6.89655172413793 , 0 , 3.44827586206897 , 0 , 12.0344827586207 , 1 , 30 , 83.3333333333333 , 7.1 
09-Jan-2004 09:46,200201,EDINBURGH,FRANCE,CANNES,AIR LUXOR,D,C, 0 , 1 , 0 , 0 , 0 , 0 , 0 , 0 , 0 , 0 , 0 , 0 , 0 
09-Jan-2004 09:46,200201,EDINBURGH,FRANCE,CHAMBERY,FLYBE.BRITISH EUROPEAN,A,C, 4 , 0 , 75 , 0 , 0 , 25 , 0 , 0 , 33.75 , 0 , 3 , 0 , 30 
09-Jan-2004 09:46,200201,EDINBURGH,FRANCE,CHAMBERY,FLYBE.BRITISH EUROPEAN,D,C, 4 , 0 , 75 , 25 , 0 , 0 , 0 , 0 , 8.25 , 0 , 4 , 25 , 21 
09-Jan-2004 09:46,200201,EDINBURGH,FRANCE,PARIS (CHARLES DE GAULLE),AIR FRANCE,A,S, 87 , 0 , 50.5747126436782 , 17.2413793103448 , 19.5402298850575 , 11.4942528735632 , 1.14942528735632 , 0 , 26.367816091954 , 0 , 86 , 55.8139534883721 , 26.9302325581395 
09-Jan-2004 09:46,200201,EDINBURGH,FRANCE,PARIS (CHARLES DE GAULLE),AIR FRANCE,D,S, 87 , 0 , 41.3793103448276 , 21.8390804597701 , 25.2873563218391 , 10.3448275862069 , 1.14942528735632 , 0 , 28.2873563218391 , 0 , 83 , 46.9879518072289 , 31.7228915662651 
09-Jan-2004 09:46,200201,EDINBURGH,FRANCE,PARIS (CHARLES DE GAULLE),BRITISH AIRWAYS CITIEXPRESS LTD,A,S, 3 , 0 , 100 , 0 , 0 , 0 , 0 , 0 , 0.333333333333333 , 0 , 20 , 70 , 17.45 
09-Jan-2004 09:46,200201,EDINBURGH,FRANCE,PARIS (CHARLES DE GAULLE),BRITISH AIRWAYS CITIEXPRESS LTD,D,S, 3 , 0 , 100 , 0 , 0 , 0 , 0 , 0 , 4.66666666666667 , 0 , 24 , 95.8333333333333 , 5.625 
09-Jan-2004 09:46,200201,EDINBURGH,FRANCE,PARIS (CHARLES DE GAULLE),BRITISH REGIONAL AIRLINES LTD,A,S, 77 , 0 , 83.1168831168831 , 6.49350649350649 , 3.8961038961039 , 6.49350649350649 , 0 , 0 , 10.1558441558442 , 0 , 71 , 70.4225352112676 , 16.7323943661972 
09-Jan-2004 09:46,200201,EDINBURGH,FRANCE,PARIS (CHARLES DE GAULLE),BRITISH REGIONAL AIRLINES LTD,D,S, 77 , 0 , 62.3376623376623 , 18.1818181818182 , 14.2857142857143 , 5.19480519480519 , 0 , 0 , 18.6493506493506 , 0 , 71 , 64.7887323943662 , 20.7183098591549 
09-Jan-2004 09:46,200201,EDINBURGH,FRANCE,PARIS (LE BOURGET),DASSAULT FALCON SERVICE,D,C, 0 , 1 , 0 , 0 , 0 , 0 , 0 , 0 , 0 , 0 , 0 , 0 , 0 
09-Jan-2004 09:46,200201,EDINBURGH,FRANCE,STRASBOURG,ACM AIR CHARTER LUFTFAHT,A,C, 0 , 0 , 0 , 0 , 0 , 0 , 0 , 0 , 0 , 0 , 1 , 0 , 386 
09-Jan-2004 09:46,200201,EDINBURGH,GERMANY,BERLIN (SCHONEFELD),BRAATHENS ASA,D,C, 1 , 0 , 100 , 0 , 0 , 0 , 0 , 0 , 7 , 0 , 0 , 0 , 0 
09-Jan-2004 09:46,200201,EDINBURGH,GERMANY,DUSSELDORF,BRITISH AIRWAYS PLC,A,S, 25 , 0 , 92 , 8 , 0 , 0 , 0 , 0 , 2.96 , 1 , 54 , 92.5925925925926 , 4.81481481481481 
09-Jan-2004 09:46,200201,EDINBURGH,GERMANY,DUSSELDORF,BRITISH AIRWAYS PLC,D,S, 21 , 0 , 85.7142857142857 , 4.76190476190476 , 4.76190476190476 , 0 , 4.76190476190476 , 0 , 13.8095238095238 , 1 , 31 , 93.5483870967742 , 3.2258064516129 
09-Jan-2004 09:46,200201,EDINBURGH,GERMANY,FRANKFURT MAIN,BRITISH AIRWAYS PLC,A,S, 0 , 0 , 0 , 0 , 0 , 0 , 0 , 0 , 0 , 2 , 7 , 100 , 1.14285714285714 
09-Jan-2004 09:46,200201,EDINBURGH,GERMANY,FRANKFURT MAIN,BRITISH AIRWAYS PLC,D,S, 18 , 0 , 66.6666666666667 , 16.6666666666667 , 11.1111111111111 , 5.55555555555556 , 0 , 0 , 15.8333333333333 , 0 , 22 , 100 , 1.86363636363636 
09-Jan-2004 09:46,200201,EDINBURGH,GERMANY,FRANKFURT MAIN,LUFTHANSA,A,S, 60 , 0 , 83.3333333333333 , 5 , 11.6666666666667 , 0 , 0 , 0 , 8.61666666666667 , 2 , 59 , 100 , 8.47457627118644E-02 
09-Jan-2004 09:46,200201,EDINBURGH,GERMANY,FRANKFURT MAIN,LUFTHANSA,D,S, 60 , 0 , 71.6666666666667 , 20 , 6.66666666666667 , 1.66666666666667 , 0 , 0 , 12.2666666666667 , 1 , 59 , 94.9152542372881 , 6.08474576271186 
09-Jan-2004 09:46,200201,EDINBURGH,GERMANY,HANOVER,MONARCH AIRLINES,D,C, 0 , 0 , 0 , 0 , 0 , 0 , 0 , 0 , 0 , 0 , 1 , 100 , 11 
09-Jan-2004 09:46,200201,EDINBURGH,GERMANY,MUNICH,BRITISH AIRWAYS PLC,A,S, 1 , 0 , 100 , 0 , 0 , 0 , 0 , 0 , 7 , 2 , 0 , 0 , 0 
09-Jan-2004 09:46,200201,EDINBURGH,GERMANY,MUNICH,BRITISH AIRWAYS PLC,D,S, 15 , 1 , 100 , 0 , 0 , 0 , 0 , 0 , 3 , 2 , 0 , 0 , 0 
09-Jan-2004 09:46,200201,EDINBURGH,GERMANY,MUNICH,FLYBE.BRITISH EUROPEAN,D,C, 0 , 1 , 0 , 0 , 0 , 0 , 0 , 0 , 0 , 0 , 0 , 0 , 0 
09-Jan-2004 09:46,200201,EDINBURGH,IRISH REPUBLIC,DUBLIN,AER LINGUS,A,S, 113 , 0 , 88.4955752212389 , 5.30973451327434 , 1.76991150442478 , 3.53982300884956 , 0.884955752212389 , 0 , 9.91150442477876 , 0 , 118 , 92.3728813559322 , 6.93220338983051 
09-Jan-2004 09:46,200201,EDINBURGH,IRISH REPUBLIC,DUBLIN,AER LINGUS,D,S, 112 , 0 , 85.7142857142857 , 4.46428571428571 , 3.57142857142857 , 4.46428571428571 , 1.78571428571429 , 0 , 12.5714285714286 , 1 , 120 , 89.1666666666667 , 7.21666666666667 
09-Jan-2004 09:46,200201,EDINBURGH,IRISH REPUBLIC,DUBLIN,GO FLY LTD,A,S, 84 , 0 , 94.0476190476191 , 0 , 1.19047619047619 , 4.76190476190476 , 0 , 0 , 5.59523809523809 , 0 , 0 , 0 , 0 
09-Jan-2004 09:46,200201,EDINBURGH,IRISH REPUBLIC,DUBLIN,GO FLY LTD,D,S, 84 , 0 , 89.2857142857143 , 2.38095238095238 , 1.19047619047619 , 7.14285714285714 , 0 , 0 , 9.65476190476191 , 0 , 0 , 0 , 0 
09-Jan-2004 09:46,200201,EDINBURGH,IRISH REPUBLIC,DUBLIN,NORTHERN EXECUTIVE AVIATION,A,C, 0 , 1 , 0 , 0 , 0 , 0 , 0 , 0 , 0 , 0 , 0 , 0 , 0 
09-Jan-2004 09:46,200201,EDINBURGH,IRISH REPUBLIC,DUBLIN,RYANAIR,A,S, 124 , 0 , 91.9354838709677 , 4.83870967741935 , 0.806451612903226 , 2.41935483870968 , 0 , 0 , 4.86290322580645 , 1 , 0 , 0 , 0 
09-Jan-2004 09:46,200201,EDINBURGH,IRISH REPUBLIC,DUBLIN,RYANAIR,D,S, 124 , 0 , 87.0967741935484 , 8.06451612903226 , 2.41935483870968 , 2.41935483870968 , 0 , 0 , 7.7258064516129 , 1 , 0 , 0 , 0 
09-Jan-2004 09:46,200201,EDINBURGH,ITALY,ROME (FIUMICINO),BRITISH AIRWAYS PLC,A,S, 0 , 0 , 0 , 0 , 0 , 0 , 0 , 0 , 0 , 1 , 4 , 100 , 1 
09-Jan-2004 09:46,200201,EDINBURGH,ITALY,ROME (FIUMICINO),BRITISH AIRWAYS PLC,D,S, 0 , 0 , 0 , 0 , 0 , 0 , 0 , 0 , 0 , 0 , 12 , 100 , 4.33333333333333 
09-Jan-2004 09:46,200201,EDINBURGH,NETHERLANDS,AMSTERDAM,EASYJET AIRLINE COMPANY LTD,A,S, 62 , 0 , 79.0322580645161 , 3.2258064516129 , 9.67741935483871 , 8.06451612903226 , 0 , 0 , 16.0806451612903 , 0 , 53 , 26.4150943396226 , 41.0754716981132 
09-Jan-2004 09:46,200201,EDINBURGH,NETHERLANDS,AMSTERDAM,EASYJET AIRLINE COMPANY LTD,D,S, 62 , 0 , 66.1290322580645 , 9.67741935483871 , 9.67741935483871 , 9.67741935483871 , 4.83870967741935 , 0 , 30.1451612903226 , 0 , 53 , 41.5094339622642 , 42.0188679245283 
09-Jan-2004 09:46,200201,EDINBURGH,NETHERLANDS,AMSTERDAM,KLM UK LTD,A,S, 140 , 0 , 65 , 11.4285714285714 , 8.57142857142857 , 12.1428571428571 , 2.85714285714286 , 0 , 28.0428571428571 , 11 , 153 , 84.9673202614379 , 12.6666666666667 
09-Jan-2004 09:46,200201,EDINBURGH,NETHERLANDS,AMSTERDAM,KLM UK LTD,D,S, 138 , 0 , 52.1739130434783 , 17.3913043478261 , 11.5942028985507 , 17.3913043478261 , 1.44927536231884 , 0 , 31.804347826087 , 12 , 151 , 78.8079470198676 , 17.1721854304636 
09-Jan-2004 09:46,200201,EDINBURGH,NETHERLANDS,ROTTERDAM,EUROPEAN AIR CHARTER,A,C, 0 , 1 , 0 , 0 , 0 , 0 , 0 , 0 , 0 , 0 , 3 , 100 , 2.33333333333333 
09-Jan-2004 09:46,200201,EDINBURGH,NETHERLANDS,ROTTERDAM,EUROPEAN AIR CHARTER,D,C, 0 , 1 , 0 , 0 , 0 , 0 , 0 , 0 , 0 , 0 , 5 , 60 , 39 
09-Jan-2004 09:46,200201,EDINBURGH,NETHERLANDS,ROTTERDAM,SUN AIR OF SCANDINAVIA,A,C, 0 , 3 , 0 , 0 , 0 , 0 , 0 , 0 , 0 , 0 , 0 , 0 , 0 
09-Jan-2004 09:46,200201,EDINBURGH,NETHERLANDS,ROTTERDAM,SUN AIR OF SCANDINAVIA,D,C, 0 , 2 , 0 , 0 , 0 , 0 , 0 , 0 , 0 , 0 , 0 , 0 , 0 
09-Jan-2004 09:46,200201,EDINBURGH,NORWAY,OSLO (GARDERMOEN),BRAATHENS ASA,A,C, 0 , 1 , 0 , 0 , 0 , 0 , 0 , 0 , 0 , 0 , 0 , 0 , 0 
09-Jan-2004 09:46,200201,EDINBURGH,NORWAY,STAVANGER,DANISH AIR TRANSPORT,A,C, 1 , 0 , 100 , 0 , 0 , 0 , 0 , 0 , 0 , 0 , 0 , 0 , 0 
09-Jan-2004 09:46,200201,EDINBURGH,NORWAY,STAVANGER,DANISH AIR TRANSPORT,D,C, 0 , 1 , 0 , 0 , 0 , 0 , 0 , 0 , 0 , 0 , 0 , 0 , 0 
09-Jan-2004 09:46,200201,EDINBURGH,NORWAY,STAVANGER,NEWAIR AIR SERVICE,A,C, 1 , 0 , 100 , 0 , 0 , 0 , 0 , 0 , 1 , 0 , 0 , 0 , 0 
09-Jan-2004 09:46,200201,EDINBURGH,NORWAY,STAVANGER,NEWAIR AIR SERVICE,D,C, 0 , 1 , 0 , 0 , 0 , 0 , 0 , 0 , 0 , 0 , 0 , 0 , 0 
09-Jan-2004 09:46,200201,EDINBURGH,PORTUGAL(EXCLUDING MADEIRA),FARO,BRAATHENS ASA,A,C, 1 , 0 , 100 , 0 , 0 , 0 , 0 , 0 , 0 , 0 , 0 , 0 , 0 
09-Jan-2004 09:46,200201,EDINBURGH,PORTUGAL(EXCLUDING MADEIRA),FARO,BRAATHENS ASA,D,C, 1 , 0 , 0 , 0 , 100 , 0 , 0 , 0 , 46 , 0 , 0 , 0 , 0 
09-Jan-2004 09:46,200201,EDINBURGH,SPAIN,ALICANTE,BRITANNIA AIRWAYS,A,C, 5 , 0 , 60 , 0 , 40 , 0 , 0 , 0 , 14.2 , 0 , 5 , 100 , 2.4 
09-Jan-2004 09:46,200201,EDINBURGH,SPAIN,ALICANTE,BRITANNIA AIRWAYS,D,C, 5 , 0 , 40 , 20 , 40 , 0 , 0 , 0 , 27.2 , 0 , 5 , 100 , 1.4 
09-Jan-2004 09:46,200201,EDINBURGH,SPAIN,ALICANTE,MY TRAVEL AIRWAYS UK,A,C, 1 , 0 , 100 , 0 , 0 , 0 , 0 , 0 , 0 , 0 , 1 , 100 , 0 
09-Jan-2004 09:46,200201,EDINBURGH,SPAIN,ALICANTE,MY TRAVEL AIRWAYS UK,D,C, 1 , 0 , 100 , 0 , 0 , 0 , 0 , 0 , 0 , 0 , 1 , 100 , 0 
09-Jan-2004 09:46,200201,EDINBURGH,SPAIN,BARCELONA,AIR EUROPA,A,C, 1 , 0 , 0 , 0 , 100 , 0 , 0 , 0 , 58 , 0 , 0 , 0 , 0 
09-Jan-2004 09:46,200201,EDINBURGH,SPAIN,BARCELONA,AIR EUROPA,D,C, 1 , 0 , 0 , 100 , 0 , 0 , 0 , 0 , 19 , 0 , 0 , 0 , 0 
09-Jan-2004 09:46,200201,EDINBURGH,SPAIN,MADRID,BRITISH AIRWAYS PLC,A,S, 4 , 0 , 75 , 0 , 0 , 0 , 25 , 0 , 52.75 , 1 , 17 , 76.4705882352941 , 6.94117647058824 
09-Jan-2004 09:46,200201,EDINBURGH,SPAIN,MADRID,BRITISH AIRWAYS PLC,D,S, 16 , 0 , 93.75 , 6.25 , 0 , 0 , 0 , 0 , 3.9375 , 2 , 20 , 90 , 4.75 
09-Jan-2004 09:46,200201,EDINBURGH,SPAIN(CANARY ISLANDS),ARRECIFE,AIR EUROPA,A,C, 5 , 0 , 80 , 0 , 0 , 20 , 0 , 0 , 32.8 , 0 , 4 , 75 , 4.75 
09-Jan-2004 09:46,200201,EDINBURGH,SPAIN(CANARY ISLANDS),ARRECIFE,AIR EUROPA,D,C, 5 , 0 , 80 , 0 , 0 , 20 , 0 , 0 , 34.8 , 0 , 4 , 75 , 4.75 
09-Jan-2004 09:46,200201,EDINBURGH,SPAIN(CANARY ISLANDS),LAS PALMAS,SPANAIR,A,C, 4 , 0 , 75 , 0 , 25 , 0 , 0 , 0 , 15 , 0 , 5 , 60 , 13.4 
09-Jan-2004 09:46,200201,EDINBURGH,SPAIN(CANARY ISLANDS),LAS PALMAS,SPANAIR,D,C, 4 , 0 , 25 , 25 , 50 , 0 , 0 , 0 , 32 , 0 , 5 , 60 , 16 
09-Jan-2004 09:46,200201,EDINBURGH,SPAIN(CANARY ISLANDS),TENERIFE (SURREINA SOFIA),AIR EUROPA,A,C, 4 , 0 , 100 , 0 , 0 , 0 , 0 , 0 , 3.5 , 0 , 9 , 88.8888888888889 , 4.77777777777778 
09-Jan-2004 09:46,200201,EDINBURGH,SPAIN(CANARY ISLANDS),TENERIFE (SURREINA SOFIA),AIR EUROPA,D,C, 4 , 0 , 75 , 25 , 0 , 0 , 0 , 0 , 11.75 , 0 , 9 , 88.8888888888889 , 13.1111111111111 
09-Jan-2004 09:46,200201,EDINBURGH,SPAIN(CANARY ISLANDS),TENERIFE (SURREINA SOFIA),FUTURA AIRLINES,A,C, 1 , 0 , 0 , 0 , 100 , 0 , 0 , 0 , 40 , 0 , 0 , 0 , 0 
09-Jan-2004 09:46,200201,EDINBURGH,SPAIN(CANARY ISLANDS),TENERIFE (SURREINA SOFIA),SPANAIR,A,C, 0 , 1 , 0 , 0 , 0 , 0 , 0 , 0 , 0 , 0 , 0 , 0 , 0 
09-Jan-2004 09:46,200201,EDINBURGH,SWITZERLAND,GENEVA,BRITISH AIRWAYS PLC,A,C, 4 , 0 , 25 , 0 , 50 , 25 , 0 , 0 , 44 , 0 , 4 , 0 , 33.75 
09-Jan-2004 09:46,200201,EDINBURGH,SWITZERLAND,GENEVA,BRITISH AIRWAYS PLC,D,C, 4 , 0 , 25 , 0 , 75 , 0 , 0 , 0 , 35 , 0 , 4 , 25 , 29 
09-Jan-2004 09:46,200201,EDINBURGH,SWITZERLAND,GENEVA,FLYBE.BRITISH EUROPEAN,A,C, 4 , 0 , 75 , 0 , 0 , 25 , 0 , 0 , 33.75 , 0 , 0 , 0 , 0 
09-Jan-2004 09:46,200201,EDINBURGH,SWITZERLAND,GENEVA,FLYBE.BRITISH EUROPEAN,D,C, 4 , 0 , 50 , 25 , 0 , 25 , 0 , 0 , 42.25 , 0 , 0 , 0 , 0 
09-Jan-2004 09:46,200201,EDINBURGH,SWITZERLAND,ZURICH,SWISS AIRLINES,A,S, 0 , 0 , 0 , 0 , 0 , 0 , 0 , 0 , 0 , 0 , 31 , 6.45161290322581 , 41.7741935483871 
09-Jan-2004 09:46,200201,EDINBURGH,SWITZERLAND,ZURICH,SWISS AIRLINES,D,S, 0 , 0 , 0 , 0 , 0 , 0 , 0 , 0 , 0 , 0 , 31 , 9.67741935483871 , 44.6129032258064 
09-Jan-2004 09:46,200201,EDINBURGH,UNITED KINGDOM,ABERDEEN,BMI BRITISH MIDLAND,D,S, 0 , 1 , 0 , 0 , 0 , 0 , 0 , 0 , 0 , 0 , 0 , 0 , 0 
09-Jan-2004 09:46,200201,EDINBURGH,UNITED KINGDOM,ABERDEEN,BMI REGIONAL,A,S, 0 , 0 , 0 , 0 , 0 , 0 , 0 , 0 , 0 , 0 , 8 , 75 , 18.875 
09-Jan-2004 09:46,200201,EDINBURGH,UNITED KINGDOM,ABERDEEN,BMI REGIONAL,D,S, 0 , 0 , 0 , 0 , 0 , 0 , 0 , 0 , 0 , 0 , 8 , 75 , 24 
09-Jan-2004 09:46,200201,EDINBURGH,UNITED KINGDOM,ABERDEEN,BRITISH AIRWAYS CITIEXPRESS LTD,D,S, 0 , 1 , 0 , 0 , 0 , 0 , 0 , 0 , 0 , 0 , 0 , 0 , 0 
09-Jan-2004 09:46,200201,EDINBURGH,UNITED KINGDOM,ABERDEEN,SPANAIR,D,C, 0 , 1 , 0 , 0 , 0 , 0 , 0 , 0 , 0 , 0 , 0 , 0 , 0 
09-Jan-2004 09:46,200201,EDINBURGH,UNITED KINGDOM,BELFAST CITY,BRITISH REGIONAL AIRLINES LTD,A,S, 79 , 0 , 83.5443037974684 , 10.126582278481 , 6.32911392405063 , 0 , 0 , 0 , 6.0379746835443 , 0 , 77 , 85.7142857142857 , 7.96103896103896 
09-Jan-2004 09:46,200201,EDINBURGH,UNITED KINGDOM,BELFAST CITY,BRITISH REGIONAL AIRLINES LTD,D,S, 79 , 0 , 86.0759493670886 , 8.86075949367089 , 5.06329113924051 , 0 , 0 , 0 , 6.07594936708861 , 0 , 77 , 93.5064935064935 , 5.41558441558442 
09-Jan-2004 09:46,200201,EDINBURGH,UNITED KINGDOM,BELFAST INTERNATIONAL,BRITISH REGIONAL AIRLINES LTD,A,S, 0 , 0 , 0 , 0 , 0 , 0 , 0 , 0 , 0 , 0 , 46 , 93.4782608695652 , 4.82608695652174 
09-Jan-2004 09:46,200201,EDINBURGH,UNITED KINGDOM,BELFAST INTERNATIONAL,BRITISH REGIONAL AIRLINES LTD,D,S, 0 , 0 , 0 , 0 , 0 , 0 , 0 , 0 , 0 , 0 , 45 , 88.8888888888889 , 7.42222222222222 
09-Jan-2004 09:46,200201,EDINBURGH,UNITED KINGDOM,BELFAST INTERNATIONAL,EASYJET AIRLINE COMPANY LTD,A,S, 92 , 0 , 90.2173913043478 , 3.26086956521739 , 3.26086956521739 , 3.26086956521739 , 0 , 0 , 6.34782608695652 , 0 , 0 , 0 , 0 
09-Jan-2004 09:46,200201,EDINBURGH,UNITED KINGDOM,BELFAST INTERNATIONAL,EASYJET AIRLINE COMPANY LTD,D,S, 92 , 0 , 77.1739130434783 , 13.0434782608696 , 4.34782608695652 , 5.43478260869565 , 0 , 0 , 11.0978260869565 , 0 , 0 , 0 , 0 
09-Jan-2004 09:46,200201,EDINBURGH,UNITED KINGDOM,BELFAST INTERNATIONAL,GO FLY LTD,A,S, 61 , 0 , 85.2459016393443 , 8.19672131147541 , 4.91803278688525 , 0 , 1.63934426229508 , 0 , 9.40983606557377 , 0 , 0 , 0 , 0 
09-Jan-2004 09:46,200201,EDINBURGH,UNITED KINGDOM,BELFAST INTERNATIONAL,GO FLY LTD,D,S, 61 , 0 , 80.327868852459 , 6.55737704918033 , 11.4754098360656 , 0 , 1.63934426229508 , 0 , 11.7377049180328 , 0 , 0 , 0 , 0 
09-Jan-2004 09:46,200201,EDINBURGH,UNITED KINGDOM,BIRMINGHAM,BRITISH AIRWAYS PLC,A,S, 138 , 3 , 94.2028985507246 , 2.89855072463768 , 2.17391304347826 , 0 , 0.72463768115942 , 0 , 4.88405797101449 , 3 , 117 , 87.1794871794872 , 5.67521367521368 
09-Jan-2004 09:46,200201,EDINBURGH,UNITED KINGDOM,BIRMINGHAM,BRITISH AIRWAYS PLC,D,S, 117 , 1 , 92.3076923076923 , 3.41880341880342 , 1.70940170940171 , 1.70940170940171 , 0.854700854700855 , 0 , 7.58974358974359 , 1 , 122 , 83.6065573770492 , 6.54098360655738 
09-Jan-2004 09:46,200201,EDINBURGH,UNITED KINGDOM,BIRMINGHAM,FLYBE.BRITISH EUROPEAN,A,S, 95 , 4 , 66.3157894736842 , 17.8947368421053 , 7.36842105263158 , 8.42105263157895 , 0 , 0 , 18.5578947368421 , 2 , 97 , 86.5979381443299 , 7.25773195876289 
09-Jan-2004 09:46,200201,EDINBURGH,UNITED KINGDOM,BIRMINGHAM,FLYBE.BRITISH EUROPEAN,D,S, 98 , 1 , 76.530612244898 , 8.16326530612245 , 10.2040816326531 , 5.10204081632653 , 0 , 0 , 14.0918367346939 , 3 , 98 , 84.6938775510204 , 7.58163265306122 
09-Jan-2004 09:46,200201,EDINBURGH,UNITED KINGDOM,BOURNEMOUTH,EUROPEAN AIR CHARTER,A,C, 1 , 0 , 100 , 0 , 0 , 0 , 0 , 0 , 0 , 0 , 0 , 0 , 0 
09-Jan-2004 09:46,200201,EDINBURGH,UNITED KINGDOM,BOURNEMOUTH,EUROPEAN AIR CHARTER,D,C, 1 , 0 , 0 , 100 , 0 , 0 , 0 , 0 , 18 , 0 , 0 , 0 , 0 
09-Jan-2004 09:46,200201,EDINBURGH,UNITED KINGDOM,BRISTOL,BRITISH AIRWAYS CITIEXPRESS LTD,A,S, 118 , 2 , 88.135593220339 , 4.23728813559322 , 5.93220338983051 , 1.69491525423729 , 0 , 0 , 5.63559322033898 , 0 , 117 , 64.1025641025641 , 27.1538461538462 
09-Jan-2004 09:46,200201,EDINBURGH,UNITED KINGDOM,BRISTOL,BRITISH AIRWAYS CITIEXPRESS LTD,D,S, 117 , 2 , 88.034188034188 , 8.54700854700855 , 1.70940170940171 , 1.70940170940171 , 0 , 0 , 6.41880341880342 , 0 , 112 , 75 , 17.4821428571429 
09-Jan-2004 09:46,200201,EDINBURGH,UNITED KINGDOM,BRISTOL,GO FLY LTD,A,S, 80 , 0 , 95 , 2.5 , 1.25 , 1.25 , 0 , 0 , 3.3125 , 0 , 0 , 0 , 0 
09-Jan-2004 09:46,200201,EDINBURGH,UNITED KINGDOM,BRISTOL,GO FLY LTD,D,S, 80 , 0 , 88.75 , 5 , 3.75 , 2.5 , 0 , 0 , 7.4625 , 0 , 0 , 0 , 0 
09-Jan-2004 09:46,200201,EDINBURGH,UNITED KINGDOM,CARDIFF WALES,BRITISH REGIONAL AIRLINES LTD,A,S, 57 , 9 , 87.719298245614 , 7.01754385964912 , 3.50877192982456 , 1.75438596491228 , 0 , 0 , 6.59649122807018 , 0 , 58 , 89.6551724137931 , 7.22413793103448 
09-Jan-2004 09:46,200201,EDINBURGH,UNITED KINGDOM,CARDIFF WALES,BRITISH REGIONAL AIRLINES LTD,D,S, 58 , 9 , 79.3103448275862 , 10.3448275862069 , 3.44827586206897 , 6.89655172413793 , 0 , 0 , 11.8275862068966 , 0 , 53 , 90.5660377358491 , 8.33962264150943 
09-Jan-2004 09:46,200201,EDINBURGH,UNITED KINGDOM,EAST MIDLANDS,BMI BRITISH MIDLAND,A,S, 67 , 0 , 94.0298507462687 , 2.98507462686567 , 1.49253731343284 , 1.49253731343284 , 0 , 0 , 3.40298507462687 , 1 , 72 , 88.8888888888889 , 6.38888888888889 
09-Jan-2004 09:46,200201,EDINBURGH,UNITED KINGDOM,EAST MIDLANDS,BMI BRITISH MIDLAND,D,S, 67 , 1 , 94.0298507462687 , 2.98507462686567 , 0 , 1.49253731343284 , 1.49253731343284 , 0 , 7.71641791044776 , 1 , 73 , 86.3013698630137 , 6.3013698630137 
09-Jan-2004 09:46,200201,EDINBURGH,UNITED KINGDOM,GATWICK,BRITISH AIRWAYS (EURO OPS) LGW,A,S, 159 , 1 , 89.3081761006289 , 5.66037735849057 , 3.77358490566038 , 1.25786163522013 , 0 , 0 , 5.38993710691824 , 0 , 162 , 90.7407407407407 , 4.24691358024691 
09-Jan-2004 09:46,200201,EDINBURGH,UNITED KINGDOM,GATWICK,BRITISH AIRWAYS (EURO OPS) LGW,D,S, 158 , 0 , 84.1772151898734 , 10.126582278481 , 3.79746835443038 , 1.26582278481013 , 0.632911392405063 , 0 , 8.75316455696202 , 0 , 162 , 83.9506172839506 , 7 
09-Jan-2004 09:46,200201,EDINBURGH,UNITED KINGDOM,GLASGOW,BMI BRITISH MIDLAND,A,S, 0 , 0 , 0 , 0 , 0 , 0 , 0 , 0 , 0 , 0 , 30 , 93.3333333333333 , 4.53333333333333 
09-Jan-2004 09:46,200201,EDINBURGH,UNITED KINGDOM,GLASGOW,BMI BRITISH MIDLAND,D,S, 0 , 0 , 0 , 0 , 0 , 0 , 0 , 0 , 0 , 0 , 30 , 90 , 4.1 
09-Jan-2004 09:46,200201,EDINBURGH,UNITED KINGDOM,GLASGOW,BRITISH REGIONAL AIRLINES LTD,A,S, 0 , 1 , 0 , 0 , 0 , 0 , 0 , 0 , 0 , 0 , 0 , 0 , 0 
09-Jan-2004 09:46,200201,EDINBURGH,UNITED KINGDOM,GUERNSEY,BRITISH AIRWAYS CITIEXPRESS LTD,D,S, 1 , 0 , 100 , 0 , 0 , 0 , 0 , 0 , 1 , 0 , 1 , 0 , 24 
09-Jan-2004 09:46,200201,EDINBURGH,UNITED KINGDOM,HAYDOCK PARK,FLYBE.BRITISH EUROPEAN,A,C, 0 , 1 , 0 , 0 , 0 , 0 , 0 , 0 , 0 , 0 , 0 , 0 , 0 
09-Jan-2004 09:46,200201,EDINBURGH,UNITED KINGDOM,HEATHROW,BMI BRITISH MIDLAND,A,S, 278 , 1 , 85.9712230215827 , 7.19424460431655 , 5.75539568345324 , 1.07913669064748 , 0 , 0 , 7.3705035971223 , 13 , 235 , 78.2978723404255 , 11.2255319148936 
09-Jan-2004 09:46,200201,EDINBURGH,UNITED KINGDOM,HEATHROW,BMI BRITISH MIDLAND,D,S, 282 , 0 , 79.7872340425532 , 7.09219858156028 , 7.80141843971631 , 4.60992907801418 , 0.709219858156028 , 0 , 12.7836879432624 , 9 , 234 , 82.051282051282 , 10.2435897435897 
09-Jan-2004 09:46,200201,EDINBURGH,UNITED KINGDOM,HEATHROW,BRITISH AIRWAYS PLC,A,S, 311 , 0 , 77.491961414791 , 10.9324758842444 , 4.5016077170418 , 5.46623794212219 , 1.60771704180064 , 0 , 17.1704180064309 , 0 , 320 , 81.25 , 9.965625 
09-Jan-2004 09:46,200201,EDINBURGH,UNITED KINGDOM,HEATHROW,BRITISH AIRWAYS PLC,D,S, 306 , 0 , 77.4509803921569 , 8.82352941176471 , 5.55555555555556 , 6.5359477124183 , 1.63398692810458 , 0 , 16.8921568627451 , 4 , 316 , 87.0253164556962 , 9.17721518987342 
09-Jan-2004 09:46,200201,EDINBURGH,UNITED KINGDOM,INVERNESS,LOGANAIR,A,S, 11 , 0 , 54.5454545454545 , 9.09090909090909 , 27.2727272727273 , 9.09090909090909 , 0 , 0 , 20.3636363636364 , 0 , 0 , 0 , 0 
09-Jan-2004 09:46,200201,EDINBURGH,UNITED KINGDOM,INVERNESS,LOGANAIR,D,S, 4 , 1 , 75 , 25 , 0 , 0 , 0 , 0 , 10 , 0 , 0 , 0 , 0 
09-Jan-2004 09:46,200201,EDINBURGH,UNITED KINGDOM,JERSEY,BRITISH AIRWAYS CITIEXPRESS LTD,D,S, 2 , 0 , 100 , 0 , 0 , 0 , 0 , 0 , 0 , 0 , 3 , 100 , 0 
09-Jan-2004 09:46,200201,EDINBURGH,UNITED KINGDOM,KIRKWALL,LOGANAIR,A,S, 37 , 2 , 89.1891891891892 , 2.7027027027027 , 0 , 8.10810810810811 , 0 , 0 , 11.4324324324324 , 0 , 53 , 92.4528301886792 , 3.77358490566038 
09-Jan-2004 09:46,200201,EDINBURGH,UNITED KINGDOM,KIRKWALL,LOGANAIR,D,S, 43 , 1 , 65.1162790697674 , 13.953488372093 , 13.953488372093 , 6.97674418604651 , 0 , 0 , 18.7441860465116 , 0 , 50 , 74 , 14.16 
09-Jan-2004 09:46,200201,EDINBURGH,UNITED KINGDOM,LEEDS BRADFORD,BMI REGIONAL,A,S, 63 , 0 , 73.015873015873 , 12.6984126984127 , 9.52380952380952 , 4.76190476190476 , 0 , 0 , 14.7460317460317 , 0 , 63 , 90.4761904761905 , 8.22222222222222 
09-Jan-2004 09:46,200201,EDINBURGH,UNITED KINGDOM,LEEDS BRADFORD,BMI REGIONAL,D,S, 63 , 0 , 73.015873015873 , 11.1111111111111 , 9.52380952380952 , 6.34920634920635 , 0 , 0 , 16.0793650793651 , 0 , 63 , 82.5396825396825 , 15.4126984126984 
09-Jan-2004 09:46,200201,EDINBURGH,UNITED KINGDOM,LONDON CITY,DASSAULT FALCON SERVICE,A,C, 0 , 1 , 0 , 0 , 0 , 0 , 0 , 0 , 0 , 0 , 0 , 0 , 0 
09-Jan-2004 09:46,200201,EDINBURGH,UNITED KINGDOM,LONDON CITY,FLYBE.BRITISH EUROPEAN,A,S, 52 , 0 , 86.5384615384615 , 11.5384615384615 , 0 , 1.92307692307692 , 0 , 0 , 7.28846153846154 , 0 , 93 , 77.4193548387097 , 10.010752688172 
09-Jan-2004 09:46,200201,EDINBURGH,UNITED KINGDOM,LONDON CITY,FLYBE.BRITISH EUROPEAN,D,S, 52 , 0 , 78.8461538461539 , 15.3846153846154 , 3.84615384615385 , 1.92307692307692 , 0 , 0 , 10.2115384615385 , 1 , 93 , 78.494623655914 , 11.3118279569892 
09-Jan-2004 09:46,200201,EDINBURGH,UNITED KINGDOM,LONDON CITY,SCOT AIRWAYS,A,S, 191 , 2 , 79.0575916230366 , 12.565445026178 , 4.71204188481675 , 3.66492146596859 , 0 , 0 , 12.5026178010471 , 34 , 135 , 58.5185185185185 , 17.8740740740741 
09-Jan-2004 09:46,200201,EDINBURGH,UNITED KINGDOM,LONDON CITY,SCOT AIRWAYS,D,S, 189 , 3 , 88.8888888888889 , 5.82010582010582 , 3.7037037037037 , 1.58730158730159 , 0 , 0 , 6.8994708994709 , 38 , 136 , 76.4705882352941 , 12.4411764705882 
09-Jan-2004 09:46,200201,EDINBURGH,UNITED KINGDOM,LUTON,EASYJET AIRLINE COMPANY LTD,A,S, 194 , 1 , 68.5567010309278 , 15.979381443299 , 9.79381443298969 , 5.6701030927835 , 0 , 0 , 14.680412371134 , 2 , 167 , 57.4850299401198 , 28.3532934131737 
09-Jan-2004 09:46,200201,EDINBURGH,UNITED KINGDOM,LUTON,EASYJET AIRLINE COMPANY LTD,D,S, 191 , 0 , 52.8795811518325 , 19.3717277486911 , 18.848167539267 , 8.37696335078534 , 0.523560209424084 , 0 , 24.3089005235602 , 4 , 170 , 48.2352941176471 , 30.4 
09-Jan-2004 09:46,200201,EDINBURGH,UNITED KINGDOM,MANCHESTER,BMI REGIONAL,A,S, 107 , 0 , 85.981308411215 , 5.60747663551402 , 2.80373831775701 , 5.60747663551402 , 0 , 0 , 8.46728971962617 , 0 , 88 , 84.0909090909091 , 9.09090909090909 
09-Jan-2004 09:46,200201,EDINBURGH,UNITED KINGDOM,MANCHESTER,BMI REGIONAL,D,S, 105 , 1 , 82.8571428571428 , 11.4285714285714 , 1.9047619047619 , 3.80952380952381 , 0 , 0 , 7.6952380952381 , 0 , 88 , 94.3181818181818 , 3.94318181818182 
09-Jan-2004 09:46,200201,EDINBURGH,UNITED KINGDOM,MANCHESTER,BRITISH AIRWAYS CITIEXPRESS LTD,A,S, 48 , 0 , 70.8333333333333 , 12.5 , 10.4166666666667 , 6.25 , 0 , 0 , 15.7291666666667 , 0 , 93 , 81.7204301075269 , 10.8924731182796 
09-Jan-2004 09:46,200201,EDINBURGH,UNITED KINGDOM,MANCHESTER,BRITISH AIRWAYS CITIEXPRESS LTD,D,S, 47 , 0 , 85.1063829787234 , 6.38297872340426 , 4.25531914893617 , 4.25531914893617 , 0 , 0 , 9.80851063829787 , 0 , 94 , 77.6595744680851 , 12.7446808510638 
09-Jan-2004 09:46,200201,EDINBURGH,UNITED KINGDOM,MANCHESTER,BRITISH AIRWAYS PLC,A,S, 94 , 1 , 77.6595744680851 , 9.57446808510638 , 11.7021276595745 , 1.06382978723404 , 0 , 0 , 10.7872340425532 , 2 , 48 , 79.1666666666667 , 10.5625 
09-Jan-2004 09:46,200201,EDINBURGH,UNITED KINGDOM,MANCHESTER,BRITISH AIRWAYS PLC,D,S, 76 , 1 , 80.2631578947369 , 9.21052631578947 , 9.21052631578947 , 1.31578947368421 , 0 , 0 , 12.5 , 4 , 39 , 76.9230769230769 , 10.5641025641026 
09-Jan-2004 09:46,200201,EDINBURGH,UNITED KINGDOM,MANCHESTER,NORTHERN EXECUTIVE AVIATION,D,C, 0 , 1 , 0 , 0 , 0 , 0 , 0 , 0 , 0 , 0 , 0 , 0 , 0 
09-Jan-2004 09:46,200201,EDINBURGH,UNITED KINGDOM,NORWICH,EASTERN AIRWAYS,A,S, 66 , 2 , 60.6060606060606 , 28.7878787878788 , 10.6060606060606 , 0 , 0 , 0 , 13.2121212121212 , 2 , 80 , 97.5 , 2.7875 
09-Jan-2004 09:46,200201,EDINBURGH,UNITED KINGDOM,NORWICH,EASTERN AIRWAYS,D,S, 66 , 2 , 83.3333333333333 , 9.09090909090909 , 3.03030303030303 , 3.03030303030303 , 1.51515151515152 , 0 , 11.7727272727273 , 2 , 79 , 89.873417721519 , 7.79746835443038 
09-Jan-2004 09:46,200201,EDINBURGH,UNITED KINGDOM,PLYMOUTH,BRITISH AIRWAYS CITIEXPRESS LTD,A,S, 17 , 0 , 58.8235294117647 , 29.4117647058824 , 11.7647058823529 , 0 , 0 , 0 , 12.1764705882353 , 0 , 4 , 100 , 0 
09-Jan-2004 09:46,200201,EDINBURGH,UNITED KINGDOM,PLYMOUTH,BRITISH AIRWAYS CITIEXPRESS LTD,D,S, 16 , 0 , 81.25 , 18.75 , 0 , 0 , 0 , 0 , 8.6875 , 0 , 0 , 0 , 0 
09-Jan-2004 09:46,200201,EDINBURGH,UNITED KINGDOM,SOUTHAMPTON,BRITISH AIRWAYS CITIEXPRESS LTD,A,S, 0 , 1 , 0 , 0 , 0 , 0 , 0 , 0 , 0 , 0 , 0 , 0 , 0 
09-Jan-2004 09:46,200201,EDINBURGH,UNITED KINGDOM,SOUTHAMPTON,BRITISH REGIONAL AIRLINES LTD,A,S, 96 , 0 , 83.3333333333333 , 9.375 , 3.125 , 4.16666666666667 , 0 , 0 , 10.3854166666667 , 0 , 99 , 87.8787878787879 , 4.96969696969697 
09-Jan-2004 09:46,200201,EDINBURGH,UNITED KINGDOM,SOUTHAMPTON,BRITISH REGIONAL AIRLINES LTD,D,S, 93 , 2 , 81.7204301075269 , 11.8279569892473 , 4.3010752688172 , 2.1505376344086 , 0 , 0 , 9.31182795698925 , 0 , 99 , 81.8181818181818 , 7.6969696969697 
09-Jan-2004 09:46,200201,EDINBURGH,UNITED KINGDOM,STANSTED,GO FLY LTD,A,S, 157 , 0 , 89.8089171974522 , 4.45859872611465 , 5.09554140127389 , 0.636942675159236 , 0 , 0 , 5.60509554140127 , 0 , 181 , 86.7403314917127 , 6.6353591160221 
09-Jan-2004 09:46,200201,EDINBURGH,UNITED KINGDOM,STANSTED,GO FLY LTD,D,S, 157 , 0 , 82.1656050955414 , 12.1019108280255 , 3.18471337579618 , 2.54777070063694 , 0 , 0 , 9.42675159235669 , 0 , 181 , 82.8729281767956 , 8.7292817679558 
09-Jan-2004 09:46,200201,EDINBURGH,UNITED KINGDOM,STORNOWAY,LOGANAIR,A,S, 20 , 2 , 90 , 5 , 0 , 5 , 0 , 0 , 7.5 , 0 , 25 , 96 , 1.64 
09-Jan-2004 09:46,200201,EDINBURGH,UNITED KINGDOM,STORNOWAY,LOGANAIR,D,S, 24 , 1 , 75 , 4.16666666666667 , 4.16666666666667 , 8.33333333333333 , 8.33333333333333 , 0 , 32.9583333333333 , 0 , 24 , 91.6666666666667 , 5.79166666666667 
09-Jan-2004 09:46,200201,EDINBURGH,UNITED KINGDOM,SUMBURGH,LOGANAIR,A,S, 28 , 1 , 82.1428571428572 , 0 , 7.14285714285714 , 10.7142857142857 , 0 , 0 , 17.5714285714286 , 0 , 24 , 95.8333333333333 , 2.25 
09-Jan-2004 09:46,200201,EDINBURGH,UNITED KINGDOM,SUMBURGH,LOGANAIR,D,S, 29 , 1 , 75.8620689655172 , 6.89655172413793 , 6.89655172413793 , 10.3448275862069 , 0 , 0 , 23.5172413793103 , 0 , 28 , 85.7142857142857 , 7.89285714285714 
09-Jan-2004 09:46,200201,EDINBURGH,UNITED KINGDOM,TEESSIDE,EASTERN AIRWAYS,A,S, 0 , 1 , 0 , 0 , 0 , 0 , 0 , 0 , 0 , 0 , 0 , 0 , 0 
09-Jan-2004 09:46,200201,GATWICK,ALGERIA,HASSI MESSAOUD,AIR 2000,A,C, 9 , 0 , 77.7777777777778 , 11.1111111111111 , 11.1111111111111 , 0 , 0 , 0 , 8.33333333333333 , 0 , 0 , 0 , 0 
09-Jan-2004 09:46,200201,GATWICK,ALGERIA,HASSI MESSAOUD,AIR 2000,D,C, 9 , 0 , 100 , 0 , 0 , 0 , 0 , 0 , 0.888888888888889 , 0 , 0 , 0 , 0 
09-Jan-2004 09:46,200201,GATWICK,ALGERIA,HASSI MESSAOUD,AIR ALGERIE,A,C, 0 , 0 , 0 , 0 , 0 , 0 , 0 , 0 , 0 , 0 , 9 , 88.8888888888889 , 2.66666666666667 
09-Jan-2004 09:46,200201,GATWICK,ALGERIA,HASSI MESSAOUD,AIR ALGERIE,D,C, 0 , 0 , 0 , 0 , 0 , 0 , 0 , 0 , 0 , 0 , 9 , 100 , 2.66666666666667 
09-Jan-2004 09:46,200201,GATWICK,ALGERIA,HASSI MESSAOUD,ANTINEA AIRLINES,A,C, 8 , 0 , 75 , 12.5 , 0 , 0 , 0 , 12.5 , 60 , 0 , 0 , 0 , 0 
09-Jan-2004 09:46,200201,GATWICK,ALGERIA,HASSI MESSAOUD,ANTINEA AIRLINES,D,C, 8 , 0 , 75 , 12.5 , 0 , 0 , 0 , 12.5 , 54.5 , 0 , 0 , 0 , 0 
09-Jan-2004 09:46,200201,GATWICK,ALGERIA,HASSI MESSAOUD,EXCEL AIRWAYS LTD,A,C, 5 , 0 , 80 , 20 , 0 , 0 , 0 , 0 , 6.4 , 0 , 0 , 0 , 0 
09-Jan-2004 09:46,200201,GATWICK,ALGERIA,HASSI MESSAOUD,EXCEL AIRWAYS LTD,D,C, 5 , 0 , 80 , 0 , 20 , 0 , 0 , 0 , 9 , 0 , 0 , 0 , 0 
09-Jan-2004 09:46,200201,GATWICK,ALGERIA,HASSI MESSAOUD,VIRGIN ATLANTIC AIRWAYS LTD,A,C, 0 , 0 , 0 , 0 , 0 , 0 , 0 , 0 , 0 , 0 , 5 , 80 , 10 
09-Jan-2004 09:46,200201,GATWICK,ALGERIA,HASSI MESSAOUD,VIRGIN ATLANTIC AIRWAYS LTD,D,C, 0 , 0 , 0 , 0 , 0 , 0 , 0 , 0 , 0 , 0 , 5 , 100 , 3.8 
09-Jan-2004 09:46,200201,GATWICK,ANTIGUA AND BARBUDA,ANTIGUA,AIR 2000,A,C, 0 , 0 , 0 , 0 , 0 , 0 , 0 , 0 , 0 , 0 , 4 , 25 , 40 
09-Jan-2004 09:46,200201,GATWICK,ANTIGUA AND BARBUDA,ANTIGUA,AIR 2000,D,C, 5 , 0 , 80 , 0 , 0 , 20 , 0 , 0 , 21 , 0 , 5 , 80 , 5.8 
09-Jan-2004 09:46,200201,GATWICK,ANTIGUA AND BARBUDA,ANTIGUA,THOMAS COOK AIRLINES LTD,A,C, 0 , 0 , 0 , 0 , 0 , 0 , 0 , 0 , 0 , 0 , 9 , 77.7777777777778 , 105.333333333333 
09-Jan-2004 09:46,200201,GATWICK,ANTIGUA AND BARBUDA,ANTIGUA,THOMAS COOK AIRLINES LTD,D,C, 0 , 0 , 0 , 0 , 0 , 0 , 0 , 0 , 0 , 0 , 4 , 25 , 157.5 
09-Jan-2004 09:46,200201,GATWICK,ANTIGUA AND BARBUDA,ANTIGUA,VIRGIN ATLANTIC AIRWAYS LTD,A,S, 9 , 0 , 88.8888888888889 , 11.1111111111111 , 0 , 0 , 0 , 0 , 1.77777777777778 , 0 , 6 , 83.3333333333333 , 35.5 
09-Jan-2004 09:46,200201,GATWICK,ANTIGUA AND BARBUDA,ANTIGUA,VIRGIN ATLANTIC AIRWAYS LTD,D,S, 9 , 0 , 33.3333333333333 , 33.3333333333333 , 22.2222222222222 , 11.1111111111111 , 0 , 0 , 26.4444444444444 , 0 , 7 , 57.1428571428571 , 16.5714285714286 
09-Jan-2004 09:46,200201,GATWICK,ARGENTINA,BUENOS AIRES,BRITISH AIRWAYS PLC,A,S, 26 , 0 , 96.1538461538462 , 3.84615384615385 , 0 , 0 , 0 , 0 , 1.30769230769231 , 0 , 22 , 54.5454545454545 , 23.1363636363636 
09-Jan-2004 09:46,200201,GATWICK,ARGENTINA,BUENOS AIRES,BRITISH AIRWAYS PLC,D,S, 26 , 0 , 96.1538461538462 , 3.84615384615385 , 0 , 0 , 0 , 0 , 1.61538461538462 , 0 , 22 , 95.4545454545455 , 1.63636363636364 
09-Jan-2004 09:46,200201,GATWICK,AUSTRALIA,SYDNEY,MY TRAVEL AIRWAYS UK,A,C, 0 , 0 , 0 , 0 , 0 , 0 , 0 , 0 , 0 , 0 , 4 , 50 , 14 
09-Jan-2004 09:46,200201,GATWICK,AUSTRALIA,SYDNEY,MY TRAVEL AIRWAYS UK,D,C, 0 , 0 , 0 , 0 , 0 , 0 , 0 , 0 , 0 , 0 , 5 , 100 , 6 
09-Jan-2004 09:46,200201,GATWICK,AUSTRIA,INNSBRUCK,AIR 2000,A,C, 16 , 0 , 18.75 , 12.5 , 50 , 18.75 , 0 , 0 , 54.5625 , 0 , 8 , 50 , 25.125 
09-Jan-2004 09:46,200201,GATWICK,AUSTRIA,INNSBRUCK,AIR 2000,D,C, 16 , 0 , 62.5 , 12.5 , 12.5 , 12.5 , 0 , 0 , 27.5625 , 0 , 8 , 50 , 14.75 
09-Jan-2004 09:46,200201,GATWICK,AUSTRIA,INNSBRUCK,BRITISH AIRWAYS PLC,A,C, 8 , 0 , 12.5 , 37.5 , 12.5 , 37.5 , 0 , 0 , 48.125 , 0 , 0 , 0 , 0 
09-Jan-2004 09:46,200201,GATWICK,AUSTRIA,INNSBRUCK,BRITISH AIRWAYS PLC,D,C, 8 , 0 , 50 , 12.5 , 25 , 12.5 , 0 , 0 , 30.75 , 0 , 0 , 0 , 0 
09-Jan-2004 09:46,200201,GATWICK,AUSTRIA,INNSBRUCK,CITY FLYER EXPRESS,A,C, 0 , 0 , 0 , 0 , 0 , 0 , 0 , 0 , 0 , 0 , 5 , 40 , 31.6 
09-Jan-2004 09:46,200201,GATWICK,AUSTRIA,INNSBRUCK,CITY FLYER EXPRESS,D,C, 0 , 0 , 0 , 0 , 0 , 0 , 0 , 0 , 0 , 0 , 4 , 100 , 3.25 
09-Jan-2004 09:46,200201,GATWICK,AUSTRIA,INNSBRUCK,LAUDA-AIR,A,C, 4 , 0 , 50 , 0 , 25 , 25 , 0 , 0 , 40.25 , 0 , 1 , 100 , 0 
09-Jan-2004 09:46,200201,GATWICK,AUSTRIA,INNSBRUCK,LAUDA-AIR,D,C, 4 , 0 , 50 , 0 , 0 , 50 , 0 , 0 , 44.5 , 0 , 0 , 0 , 0 
09-Jan-2004 09:46,200201,GATWICK,AUSTRIA,INNSBRUCK,MY TRAVEL AIRWAYS UK,A,C, 0 , 0 , 0 , 0 , 0 , 0 , 0 , 0 , 0 , 0 , 4 , 25 , 22 
09-Jan-2004 09:46,200201,GATWICK,AUSTRIA,INNSBRUCK,MY TRAVEL AIRWAYS UK,D,C, 0 , 0 , 0 , 0 , 0 , 0 , 0 , 0 , 0 , 0 , 4 , 100 , 2.5 
09-Jan-2004 09:46,200201,GATWICK,AUSTRIA,INNSBRUCK,THOMAS COOK AIRLINES LTD,A,C, 8 , 0 , 50 , 37.5 , 12.5 , 0 , 0 , 0 , 16 , 0 , 8 , 37.5 , 27.75 
09-Jan-2004 09:46,200201,GATWICK,AUSTRIA,INNSBRUCK,THOMAS COOK AIRLINES LTD,D,C, 8 , 0 , 87.5 , 0 , 12.5 , 0 , 0 , 0 , 8.75 , 0 , 8 , 100 , 5.375 
09-Jan-2004 09:46,200201,GATWICK,AUSTRIA,KLAGENFURT,FLYBE.BRITISH EUROPEAN,A,C, 4 , 0 , 50 , 0 , 25 , 25 , 0 , 0 , 26 , 0 , 4 , 100 , 0 
09-Jan-2004 09:46,200201,GATWICK,AUSTRIA,KLAGENFURT,FLYBE.BRITISH EUROPEAN,D,C, 4 , 0 , 50 , 0 , 25 , 25 , 0 , 0 , 33.25 , 0 , 4 , 50 , 14.5 
09-Jan-2004 09:46,200201,GATWICK,AUSTRIA,SALZBURG,AIR 2000,A,C, 4 , 0 , 0 , 25 , 25 , 50 , 0 , 0 , 63.5 , 0 , 4 , 0 , 34 
09-Jan-2004 09:46,200201,GATWICK,AUSTRIA,SALZBURG,AIR 2000,D,C, 4 , 0 , 75 , 0 , 25 , 0 , 0 , 0 , 19 , 0 , 4 , 100 , 8.75 
09-Jan-2004 09:46,200201,GATWICK,AUSTRIA,SALZBURG,BRITANNIA AIRWAYS,A,C, 4 , 0 , 25 , 50 , 25 , 0 , 0 , 0 , 31.25 , 0 , 4 , 25 , 28.5 
09-Jan-2004 09:46,200201,GATWICK,AUSTRIA,SALZBURG,BRITANNIA AIRWAYS,D,C, 4 , 0 , 75 , 25 , 0 , 0 , 0 , 0 , 6.5 , 0 , 4 , 75 , 13.25 
09-Jan-2004 09:46,200201,GATWICK,AUSTRIA,SALZBURG,MONARCH AIRLINES,A,C, 13 , 0 , 30.7692307692308 , 23.0769230769231 , 23.0769230769231 , 15.3846153846154 , 7.69230769230769 , 0 , 53.3076923076923 , 0 , 16 , 93.75 , 3.8125 
09-Jan-2004 09:46,200201,GATWICK,AUSTRIA,SALZBURG,MONARCH AIRLINES,D,C, 14 , 0 , 71.4285714285714 , 7.14285714285714 , 0 , 21.4285714285714 , 0 , 0 , 22.0714285714286 , 0 , 16 , 87.5 , 6.125 
09-Jan-2004 09:46,200201,GATWICK,AUSTRIA,SALZBURG,MY TRAVEL AIRWAYS UK,A,C, 8 , 0 , 25 , 37.5 , 12.5 , 25 , 0 , 0 , 33.375 , 0 , 4 , 100 , 3.5 
09-Jan-2004 09:46,200201,GATWICK,AUSTRIA,SALZBURG,MY TRAVEL AIRWAYS UK,D,C, 8 , 0 , 75 , 0 , 25 , 0 , 0 , 0 , 12.875 , 0 , 4 , 100 , 8.75 
09-Jan-2004 09:46,200201,GATWICK,AUSTRIA,SALZBURG,THOMAS COOK AIRLINES LTD,A,C, 4 , 0 , 25 , 50 , 25 , 0 , 0 , 0 , 26.25 , 0 , 4 , 100 , 2.25 
09-Jan-2004 09:46,200201,GATWICK,AUSTRIA,SALZBURG,THOMAS COOK AIRLINES LTD,D,C, 4 , 0 , 100 , 0 , 0 , 0 , 0 , 0 , 5.75 , 0 , 4 , 100 , 2.75 
09-Jan-2004 09:46,200201,GATWICK,AUSTRIA,VIENNA,LAUDA-AIR,D,C, 0 , 0 , 0 , 0 , 0 , 0 , 0 , 0 , 0 , 0 , 1 , 100 , 0 
09-Jan-2004 09:46,200201,GATWICK,AZERBAIJAN,BAKU,AZERBAIJAN AIRLINES ( AZAL ),A,S, 8 , 0 , 75 , 0 , 12.5 , 12.5 , 0 , 0 , 20.75 , 0 , 9 , 66.6666666666667 , 15.3333333333333 
09-Jan-2004 09:46,200201,GATWICK,AZERBAIJAN,BAKU,AZERBAIJAN AIRLINES ( AZAL ),D,S, 8 , 0 , 75 , 12.5 , 0 , 12.5 , 0 , 0 , 19.5 , 0 , 9 , 33.3333333333333 , 26 
09-Jan-2004 09:46,200201,GATWICK,BAHAMAS,NASSAU,BRITISH AIRWAYS PLC,A,S, 0 , 0 , 0 , 0 , 0 , 0 , 0 , 0 , 0 , 0 , 5 , 80 , 5.8 
09-Jan-2004 09:46,200201,GATWICK,BAHAMAS,NASSAU,BRITISH AIRWAYS PLC,D,S, 0 , 0 , 0 , 0 , 0 , 0 , 0 , 0 , 0 , 0 , 4 , 100 , 4.25 
09-Jan-2004 09:46,200201,GATWICK,BARBADOS,BRIDGETOWN,BRITANNIA AIRWAYS,A,C, 8 , 0 , 62.5 , 12.5 , 25 , 0 , 0 , 0 , 16 , 0 , 12 , 66.6666666666667 , 23.0833333333333 
09-Jan-2004 09:46,200201,GATWICK,BARBADOS,BRIDGETOWN,BRITANNIA AIRWAYS,D,C, 10 , 0 , 60 , 30 , 10 , 0 , 0 , 0 , 15.3 , 0 , 13 , 69.2307692307692 , 45.6923076923077 
09-Jan-2004 09:46,200201,GATWICK,BARBADOS,BRIDGETOWN,BRITISH AIRWAYS PLC,A,S, 35 , 0 , 94.2857142857143 , 2.85714285714286 , 0 , 2.85714285714286 , 0 , 0 , 5.51428571428571 , 0 , 31 , 80.6451612903226 , 10.9354838709677 
09-Jan-2004 09:46,200201,GATWICK,BARBADOS,BRIDGETOWN,BRITISH AIRWAYS PLC,D,S, 35 , 0 , 71.4285714285714 , 8.57142857142857 , 17.1428571428571 , 2.85714285714286 , 0 , 0 , 13.2857142857143 , 0 , 31 , 61.2903225806452 , 26.8387096774194 
09-Jan-2004 09:46,200201,GATWICK,BARBADOS,BRIDGETOWN,MY TRAVEL AIRWAYS UK,A,C, 10 , 0 , 20 , 30 , 40 , 10 , 0 , 0 , 42 , 0 , 10 , 60 , 17.4 
09-Jan-2004 09:46,200201,GATWICK,BARBADOS,BRIDGETOWN,MY TRAVEL AIRWAYS UK,D,C, 8 , 0 , 37.5 , 12.5 , 37.5 , 0 , 12.5 , 0 , 48.75 , 0 , 9 , 66.6666666666667 , 34 
09-Jan-2004 09:46,200201,GATWICK,BARBADOS,BRIDGETOWN,THOMAS COOK AIRLINES LTD,D,C, 0 , 0 , 0 , 0 , 0 , 0 , 0 , 0 , 0 , 0 , 9 , 44.4444444444444 , 106.444444444444 
09-Jan-2004 09:46,200201,GATWICK,BARBADOS,BRIDGETOWN,VIRGIN ATLANTIC AIRWAYS LTD,A,S, 19 , 0 , 68.421052631579 , 15.7894736842105 , 15.7894736842105 , 0 , 0 , 0 , 13.5263157894737 , 0 , 22 , 86.3636363636364 , 5.54545454545455 
09-Jan-2004 09:46,200201,GATWICK,BARBADOS,BRIDGETOWN,VIRGIN ATLANTIC AIRWAYS LTD,D,S, 18 , 0 , 66.6666666666667 , 16.6666666666667 , 11.1111111111111 , 5.55555555555556 , 0 , 0 , 18.0555555555556 , 1 , 22 , 86.3636363636364 , 8.95454545454546 
09-Jan-2004 09:46,200201,GATWICK,BELARUS,MINSK,BELAVIA (BELARUSSIAN AIRLINES),A,S, 9 , 0 , 22.2222222222222 , 33.3333333333333 , 33.3333333333333 , 11.1111111111111 , 0 , 0 , 28.1111111111111 , 0 , 9 , 22.2222222222222 , 30.6666666666667 
09-Jan-2004 09:46,200201,GATWICK,BELARUS,MINSK,BELAVIA (BELARUSSIAN AIRLINES),D,S, 9 , 0 , 55.5555555555556 , 22.2222222222222 , 22.2222222222222 , 0 , 0 , 0 , 18.7777777777778 , 0 , 9 , 44.4444444444444 , 32.8888888888889 
09-Jan-2004 09:46,200201,GATWICK,BELGIUM,BRUSSELS,CITY FLYER EXPRESS,A,S, 47 , 0 , 70.2127659574468 , 10.6382978723404 , 10.6382978723404 , 8.51063829787234 , 0 , 0 , 17.063829787234 , 0 , 67 , 73.134328358209 , 12.044776119403 
09-Jan-2004 09:46,200201,GATWICK,BELGIUM,BRUSSELS,CITY FLYER EXPRESS,D,S, 47 , 0 , 78.7234042553192 , 12.7659574468085 , 4.25531914893617 , 4.25531914893617 , 0 , 0 , 11.5957446808511 , 0 , 67 , 76.1194029850746 , 9.76119402985075 
09-Jan-2004 09:46,200201,GATWICK,BELGIUM,BRUSSELS,VIRGIN EXPRESS IRELAND,A,S, 0 , 0 , 0 , 0 , 0 , 0 , 0 , 0 , 0 , 0 , 50 , 82 , 8.08 
09-Jan-2004 09:46,200201,GATWICK,BELGIUM,BRUSSELS,VIRGIN EXPRESS IRELAND,D,S, 0 , 0 , 0 , 0 , 0 , 0 , 0 , 0 , 0 , 0 , 51 , 92.156862745098 , 5.03921568627451 
09-Jan-2004 09:46,200201,GATWICK,BERMUDA,BERMUDA,BRITISH AIRWAYS PLC,A,S, 13 , 0 , 100 , 0 , 0 , 0 , 0 , 0 , 1 , 0 , 13 , 92.3076923076923 , 2.46153846153846 
09-Jan-2004 09:46,200201,GATWICK,BERMUDA,BERMUDA,BRITISH AIRWAYS PLC,D,S, 14 , 0 , 85.7142857142857 , 0 , 14.2857142857143 , 0 , 0 , 0 , 8.57142857142857 , 0 , 13 , 92.3076923076923 , 3.30769230769231 
09-Jan-2004 09:46,200201,GATWICK,BRAZIL,RIO DE JANEIRO (GALEAO),BRITANNIA AIRWAYS,A,C, 0 , 0 , 0 , 0 , 0 , 0 , 0 , 0 , 0 , 0 , 1 , 100 , 0 
09-Jan-2004 09:46,200201,GATWICK,BRAZIL,RIO DE JANEIRO (GALEAO),BRITANNIA AIRWAYS,D,C, 0 , 0 , 0 , 0 , 0 , 0 , 0 , 0 , 0 , 0 , 1 , 100 , 2 
09-Jan-2004 09:46,200201,GATWICK,BRAZIL,RIO DE JANEIRO (GALEAO),BRITISH AIRWAYS PLC,A,S, 0 , 0 , 0 , 0 , 0 , 0 , 0 , 0 , 0 , 0 , 22 , 72.7272727272727 , 16.3181818181818 
09-Jan-2004 09:46,200201,GATWICK,BRAZIL,RIO DE JANEIRO (GALEAO),BRITISH AIRWAYS PLC,D,S, 0 , 0 , 0 , 0 , 0 , 0 , 0 , 0 , 0 , 0 , 21 , 85.7142857142857 , 6.66666666666667 
09-Jan-2004 09:46,200201,GATWICK,BULGARIA,BURGAS,BRITANNIA AIRWAYS,A,C, 0 , 0 , 0 , 0 , 0 , 0 , 0 , 0 , 0 , 0 , 1 , 0 , 228 
09-Jan-2004 09:46,200201,GATWICK,BULGARIA,BURGAS,BRITANNIA AIRWAYS,D,C, 0 , 0 , 0 , 0 , 0 , 0 , 0 , 0 , 0 , 0 , 1 , 0 , 125 
09-Jan-2004 09:46,200201,GATWICK,BULGARIA,PLOVDIV,BALKAN BULGARIAN AIRLINES,A,C, 0 , 0 , 0 , 0 , 0 , 0 , 0 , 0 , 0 , 0 , 4 , 0 , 213.5 
09-Jan-2004 09:46,200201,GATWICK,BULGARIA,PLOVDIV,BALKAN BULGARIAN AIRLINES,D,C, 0 , 0 , 0 , 0 , 0 , 0 , 0 , 0 , 0 , 0 , 4 , 0 , 227 
09-Jan-2004 09:46,200201,GATWICK,BULGARIA,PLOVDIV,HEMUS AIR,A,C, 4 , 0 , 0 , 25 , 50 , 25 , 0 , 0 , 45 , 0 , 0 , 0 , 0 
09-Jan-2004 09:46,200201,GATWICK,BULGARIA,PLOVDIV,HEMUS AIR,D,C, 4 , 0 , 0 , 25 , 25 , 50 , 0 , 0 , 56 , 0 , 0 , 0 , 0 
09-Jan-2004 09:46,200201,GATWICK,BULGARIA,SOFIA,BRITANNIA AIRWAYS,A,C, 4 , 0 , 25 , 25 , 0 , 25 , 25 , 0 , 70.5 , 0 , 3 , 66.6666666666667 , 13.3333333333333 
09-Jan-2004 09:46,200201,GATWICK,BULGARIA,SOFIA,BRITANNIA AIRWAYS,D,C, 4 , 0 , 75 , 25 , 0 , 0 , 0 , 0 , 11 , 0 , 3 , 100 , 0 
09-Jan-2004 09:46,200201,GATWICK,BULGARIA,SOFIA,BRITISH AIRWAYS (EURO OPS) LGW,A,S, 23 , 1 , 82.6086956521739 , 8.69565217391304 , 0 , 4.34782608695652 , 4.34782608695652 , 0 , 14.9130434782609 , 0 , 26 , 92.3076923076923 , 6.42307692307692 
09-Jan-2004 09:46,200201,GATWICK,BULGARIA,SOFIA,BRITISH AIRWAYS (EURO OPS) LGW,D,S, 24 , 0 , 75 , 8.33333333333333 , 8.33333333333333 , 4.16666666666667 , 4.16666666666667 , 0 , 24.125 , 0 , 26 , 73.0769230769231 , 10.5 
09-Jan-2004 09:46,200201,GATWICK,BULGARIA,SOFIA,MONARCH AIRLINES,A,C, 4 , 0 , 0 , 0 , 0 , 75 , 0 , 25 , 157.5 , 0 , 4 , 0 , 264.75 
09-Jan-2004 09:46,200201,GATWICK,BULGARIA,SOFIA,MONARCH AIRLINES,D,C, 3 , 0 , 0 , 33.3333333333333 , 66.6666666666667 , 0 , 0 , 0 , 37.3333333333333 , 0 , 4 , 75 , 18.5 
09-Jan-2004 09:46,200201,GATWICK,BULGARIA,VARNA,MONARCH AIRLINES,D,C, 1 , 0 , 100 , 0 , 0 , 0 , 0 , 0 , 3 , 0 , 0 , 0 , 0 
09-Jan-2004 09:46,200201,GATWICK,CAMEROON,DOUALA,CAMEROON AIRLINES,A,S, 4 , 0 , 0 , 0 , 0 , 100 , 0 , 0 , 108.5 , 5 , 0 , 0 , 0 
09-Jan-2004 09:46,200201,GATWICK,CAMEROON,DOUALA,CAMEROON AIRLINES,D,S, 4 , 1 , 0 , 0 , 0 , 100 , 0 , 0 , 100.75 , 0 , 0 , 0 , 0 
09-Jan-2004 09:46,200201,GATWICK,CANADA,CALGARY,MONARCH AIRLINES,A,C, 9 , 0 , 33.3333333333333 , 0 , 0 , 44.4444444444444 , 22.2222222222222 , 0 , 77.5555555555556 , 0 , 8 , 62.5 , 15.875 
09-Jan-2004 09:46,200201,GATWICK,CANADA,CALGARY,MONARCH AIRLINES,D,C, 9 , 0 , 55.5555555555556 , 11.1111111111111 , 11.1111111111111 , 22.2222222222222 , 0 , 0 , 44.3333333333333 , 0 , 9 , 77.7777777777778 , 36.7777777777778 
09-Jan-2004 09:46,200201,GATWICK,CANADA,CALGARY,THOMAS COOK AIRLINES LTD,A,C, 1 , 0 , 0 , 0 , 0 , 100 , 0 , 0 , 155 , 0 , 0 , 0 , 0 
09-Jan-2004 09:46,200201,GATWICK,CANADA,TORONTO,AIR TRANSAT,A,S, 6 , 0 , 50 , 33.3333333333333 , 16.6666666666667 , 0 , 0 , 0 , 17.8333333333333 , 0 , 7 , 57.1428571428571 , 66.7142857142857 
09-Jan-2004 09:46,200201,GATWICK,CANADA,TORONTO,AIR TRANSAT,D,S, 6 , 0 , 50 , 50 , 0 , 0 , 0 , 0 , 13 , 0 , 7 , 14.2857142857143 , 89.2857142857143 
09-Jan-2004 09:46,200201,GATWICK,CANADA,TORONTO,CANADA 3000 AIRLINES,A,S, 0 , 0 , 0 , 0 , 0 , 0 , 0 , 0 , 0 , 0 , 9 , 44.4444444444444 , 27.5555555555556 
09-Jan-2004 09:46,200201,GATWICK,CANADA,TORONTO,CANADA 3000 AIRLINES,D,S, 0 , 0 , 0 , 0 , 0 , 0 , 0 , 0 , 0 , 0 , 9 , 44.4444444444444 , 32.1111111111111 
09-Jan-2004 09:46,200201,GATWICK,CANADA,TORONTO,MY TRAVEL AIRWAYS UK,A,C, 1 , 0 , 0 , 100 , 0 , 0 , 0 , 0 , 16 , 0 , 0 , 0 , 0 
09-Jan-2004 09:46,200201,GATWICK,CANADA,TORONTO,MY TRAVEL AIRWAYS UK,D,C, 1 , 0 , 0 , 100 , 0 , 0 , 0 , 0 , 20 , 0 , 0 , 0 , 0 
09-Jan-2004 09:46,200201,GATWICK,CANADA,VANCOUVER,CANADA 3000 AIRLINES,A,S, 0 , 0 , 0 , 0 , 0 , 0 , 0 , 0 , 0 , 0 , 4 , 50 , 26.75 
09-Jan-2004 09:46,200201,GATWICK,CANADA,VANCOUVER,CANADA 3000 AIRLINES,D,S, 0 , 0 , 0 , 0 , 0 , 0 , 0 , 0 , 0 , 0 , 4 , 25 , 29.25 
09-Jan-2004 09:46,200201,GATWICK,CANADA,VANCOUVER,THOMAS COOK AIRLINES LTD,D,C, 1 , 0 , 0 , 100 , 0 , 0 , 0 , 0 , 16 , 0 , 0 , 0 , 0 
09-Jan-2004 09:46,200201,GATWICK,CAYMAN ISLANDS,GRAND CAYMAN,BRITISH AIRWAYS PLC,A,S, 0 , 0 , 0 , 0 , 0 , 0 , 0 , 0 , 0 , 0 , 13 , 100 , 2.69230769230769 
09-Jan-2004 09:46,200201,GATWICK,CAYMAN ISLANDS,GRAND CAYMAN,BRITISH AIRWAYS PLC,D,S, 0 , 0 , 0 , 0 , 0 , 0 , 0 , 0 , 0 , 0 , 13 , 76.9230769230769 , 11.8461538461538 
09-Jan-2004 09:46,200201,GATWICK,COLOMBIA,BOGOTA,BRITISH AIRWAYS PLC,D,S, 13 , 0 , 46.1538461538462 , 7.69230769230769 , 30.7692307692308 , 15.3846153846154 , 0 , 0 , 25.3846153846154 , 0 , 13 , 61.5384615384615 , 11.9230769230769 
09-Jan-2004 09:46,200201,GATWICK,CROATIA,ZAGREB,BRITISH AIRWAYS (EURO OPS) LGW,A,S, 22 , 0 , 95.4545454545455 , 4.54545454545455 , 0 , 0 , 0 , 0 , 2.13636363636364 , 0 , 17 , 94.1176470588235 , 11.0588235294118 
09-Jan-2004 09:46,200201,GATWICK,CROATIA,ZAGREB,BRITISH AIRWAYS (EURO OPS) LGW,D,S, 22 , 0 , 81.8181818181818 , 9.09090909090909 , 4.54545454545455 , 4.54545454545455 , 0 , 0 , 9.77272727272727 , 0 , 17 , 76.4705882352941 , 20.8235294117647 
09-Jan-2004 09:46,200201,GATWICK,CUBA,HAVANA,BRITISH AIRWAYS PLC,A,S, 9 , 0 , 44.4444444444444 , 11.1111111111111 , 33.3333333333333 , 0 , 11.1111111111111 , 0 , 54.6666666666667 , 0 , 8 , 87.5 , 10.25 
09-Jan-2004 09:46,200201,GATWICK,CUBA,HAVANA,BRITISH AIRWAYS PLC,D,S, 9 , 0 , 55.5555555555556 , 0 , 22.2222222222222 , 11.1111111111111 , 11.1111111111111 , 0 , 56.8888888888889 , 0 , 9 , 33.3333333333333 , 27.7777777777778 
09-Jan-2004 09:46,200201,GATWICK,CUBA,HAVANA,CUBANA,A,S, 0 , 0 , 0 , 0 , 0 , 0 , 0 , 0 , 0 , 0 , 4 , 75 , 7.5 
09-Jan-2004 09:46,200201,GATWICK,CUBA,HAVANA,CUBANA,D,S, 0 , 0 , 0 , 0 , 0 , 0 , 0 , 0 , 0 , 0 , 4 , 75 , 8.25 
09-Jan-2004 09:46,200201,GATWICK,CUBA,HAVANA,MONARCH AIRLINES,A,C, 1 , 0 , 0 , 0 , 0 , 100 , 0 , 0 , 126 , 0 , 0 , 0 , 0 
09-Jan-2004 09:46,200201,GATWICK,CUBA,HAVANA,MONARCH AIRLINES,D,C, 1 , 0 , 0 , 100 , 0 , 0 , 0 , 0 , 28 , 0 , 0 , 0 , 0 
09-Jan-2004 09:46,200201,GATWICK,CUBA,HOLGUIN (FRANK PAIS),MONARCH AIRLINES,D,C, 3 , 0 , 33.3333333333333 , 66.6666666666667 , 0 , 0 , 0 , 0 , 12 , 0 , 5 , 40 , 21 
09-Jan-2004 09:46,200201,GATWICK,CUBA,VARADERO,MONARCH AIRLINES,A,C, 5 , 0 , 60 , 0 , 0 , 20 , 0 , 20 , 106.8 , 0 , 4 , 50 , 16.75 
09-Jan-2004 09:46,200201,GATWICK,CUBA,VARADERO,MONARCH AIRLINES,D,C, 2 , 0 , 0 , 0 , 0 , 100 , 0 , 0 , 81.5 , 0 , 0 , 0 , 0 
09-Jan-2004 09:46,200201,GATWICK,CYPRUS,LARNACA,AIR 2000,A,S, 1 , 0 , 100 , 0 , 0 , 0 , 0 , 0 , 0 , 0 , 1 , 100 , 4 
09-Jan-2004 09:46,200201,GATWICK,CYPRUS,LARNACA,AIR 2000,D,S, 1 , 0 , 100 , 0 , 0 , 0 , 0 , 0 , 0 , 0 , 1 , 100 , 0 
09-Jan-2004 09:46,200201,GATWICK,CYPRUS,LARNACA,CYPRUS AIRWAYS,A,S, 1 , 0 , 0 , 0 , 0 , 100 , 0 , 0 , 133 , 0 , 0 , 0 , 0 
09-Jan-2004 09:46,200201,GATWICK,CYPRUS,LARNACA,CYPRUS AIRWAYS,D,S, 5 , 0 , 60 , 20 , 0 , 20 , 0 , 0 , 33.2 , 0 , 5 , 40 , 48.6 
09-Jan-2004 09:46,200201,GATWICK,CYPRUS,LARNACA,EUROCYPRIA AIRLINES LTD,A,C, 2 , 0 , 50 , 50 , 0 , 0 , 0 , 0 , 18 , 0 , 2 , 50 , 29.5 
09-Jan-2004 09:46,200201,GATWICK,CYPRUS,LARNACA,EUROCYPRIA AIRLINES LTD,D,C, 2 , 0 , 50 , 50 , 0 , 0 , 0 , 0 , 14.5 , 0 , 2 , 50 , 27 
09-Jan-2004 09:46,200201,GATWICK,CYPRUS,LARNACA,HELIOS AIRWAYS LTD,A,C, 1 , 0 , 100 , 0 , 0 , 0 , 0 , 0 , 0 , 0 , 1 , 0 , 66 
09-Jan-2004 09:46,200201,GATWICK,CYPRUS,LARNACA,HELIOS AIRWAYS LTD,D,C, 0 , 0 , 0 , 0 , 0 , 0 , 0 , 0 , 0 , 0 , 1 , 0 , 39 
09-Jan-2004 09:46,200201,GATWICK,CYPRUS,LARNACA,MY TRAVEL AIRWAYS UK,A,C, 4 , 0 , 25 , 0 , 25 , 50 , 0 , 0 , 74.75 , 0 , 5 , 0 , 63.8 
09-Jan-2004 09:46,200201,GATWICK,CYPRUS,LARNACA,MY TRAVEL AIRWAYS UK,D,C, 4 , 0 , 25 , 25 , 0 , 50 , 0 , 0 , 66 , 0 , 4 , 25 , 44.75 
09-Jan-2004 09:46,200201,GATWICK,CYPRUS,LARNACA,THOMAS COOK AIRLINES LTD,A,C, 5 , 0 , 60 , 20 , 20 , 0 , 0 , 0 , 16.6 , 0 , 5 , 20 , 25.8 
09-Jan-2004 09:46,200201,GATWICK,CYPRUS,LARNACA,THOMAS COOK AIRLINES LTD,D,C, 5 , 0 , 100 , 0 , 0 , 0 , 0 , 0 , 2.6 , 0 , 5 , 100 , 6.4 
09-Jan-2004 09:46,200201,GATWICK,CYPRUS,PAPHOS,AIR 2000,A,S, 9 , 0 , 66.6666666666667 , 33.3333333333333 , 0 , 0 , 0 , 0 , 10.7777777777778 , 0 , 10 , 50 , 14.7 
09-Jan-2004 09:46,200201,GATWICK,CYPRUS,PAPHOS,AIR 2000,D,S, 9 , 0 , 77.7777777777778 , 22.2222222222222 , 0 , 0 , 0 , 0 , 7.22222222222222 , 0 , 10 , 100 , 6.1 
09-Jan-2004 09:46,200201,GATWICK,CYPRUS,PAPHOS,BRITANNIA AIRWAYS,A,C, 9 , 0 , 44.4444444444444 , 11.1111111111111 , 44.4444444444444 , 0 , 0 , 0 , 25.8888888888889 , 0 , 9 , 22.2222222222222 , 29.3333333333333 
09-Jan-2004 09:46,200201,GATWICK,CYPRUS,PAPHOS,BRITANNIA AIRWAYS,D,C, 9 , 0 , 55.5555555555556 , 22.2222222222222 , 22.2222222222222 , 0 , 0 , 0 , 16.3333333333333 , 0 , 9 , 77.7777777777778 , 14.3333333333333 
09-Jan-2004 09:46,200201,GATWICK,CYPRUS,PAPHOS,CYPRUS AIRWAYS,A,S, 4 , 0 , 100 , 0 , 0 , 0 , 0 , 0 , 0 , 0 , 5 , 40 , 18.6 
09-Jan-2004 09:46,200201,GATWICK,CYPRUS,PAPHOS,EUROCYPRIA AIRLINES LTD,A,C, 1 , 0 , 0 , 0 , 0 , 100 , 0 , 0 , 63 , 0 , 3 , 100 , 3.66666666666667 
09-Jan-2004 09:46,200201,GATWICK,CYPRUS,PAPHOS,EUROCYPRIA AIRLINES LTD,D,C, 1 , 0 , 0 , 0 , 100 , 0 , 0 , 0 , 43 , 0 , 3 , 100 , 0 
09-Jan-2004 09:46,200201,GATWICK,CYPRUS,PAPHOS,HELIOS AIRWAYS LTD,A,C, 5 , 1 , 80 , 20 , 0 , 0 , 0 , 0 , 4 , 0 , 5 , 60 , 22 
09-Jan-2004 09:46,200201,GATWICK,CYPRUS,PAPHOS,HELIOS AIRWAYS LTD,D,C, 5 , 0 , 60 , 20 , 0 , 0 , 20 , 0 , 52.8 , 0 , 5 , 40 , 34.2 
09-Jan-2004 09:46,200201,GATWICK,CYPRUS,PAPHOS,MONARCH AIRLINES,A,C, 0 , 0 , 0 , 0 , 0 , 0 , 0 , 0 , 0 , 0 , 1 , 0 , 28 
09-Jan-2004 09:46,200201,GATWICK,CYPRUS,PAPHOS,MONARCH AIRLINES,D,C, 0 , 0 , 0 , 0 , 0 , 0 , 0 , 0 , 0 , 0 , 1 , 100 , 4 
09-Jan-2004 09:46,200201,GATWICK,CYPRUS,PAPHOS,MY TRAVEL AIRWAYS UK,A,C, 1 , 0 , 0 , 0 , 100 , 0 , 0 , 0 , 33 , 0 , 5 , 100 , 2.6 
09-Jan-2004 09:46,200201,GATWICK,CYPRUS,PAPHOS,MY TRAVEL AIRWAYS UK,D,C, 1 , 0 , 0 , 0 , 100 , 0 , 0 , 0 , 44 , 0 , 4 , 100 , 6.25 
09-Jan-2004 09:46,200201,GATWICK,CYPRUS,PAPHOS,THOMAS COOK AIRLINES LTD,A,C, 7 , 0 , 85.7142857142857 , 0 , 14.2857142857143 , 0 , 0 , 0 , 8.57142857142857 , 0 , 7 , 42.8571428571429 , 18.4285714285714 
09-Jan-2004 09:46,200201,GATWICK,CYPRUS,PAPHOS,THOMAS COOK AIRLINES LTD,D,C, 6 , 0 , 33.3333333333333 , 33.3333333333333 , 33.3333333333333 , 0 , 0 , 0 , 24.3333333333333 , 0 , 5 , 60 , 13.8 
09-Jan-2004 09:46,200201,GATWICK,CYPRUS,PAPHOS,VIRGIN ATLANTIC AIRWAYS LTD,A,C, 0 , 0 , 0 , 0 , 0 , 0 , 0 , 0 , 0 , 0 , 1 , 100 , 0 
09-Jan-2004 09:46,200201,GATWICK,CYPRUS,PAPHOS,VIRGIN ATLANTIC AIRWAYS LTD,D,C, 0 , 0 , 0 , 0 , 0 , 0 , 0 , 0 , 0 , 0 , 1 , 100 , 4 
09-Jan-2004 09:46,200201,GATWICK,CZECH REPUBLIC,PRAGUE,AIR 2000,D,C, 0 , 0 , 0 , 0 , 0 , 0 , 0 , 0 , 0 , 0 , 1 , 100 , 7 
09-Jan-2004 09:46,200201,GATWICK,CZECH REPUBLIC,PRAGUE,MONARCH AIRLINES,A,C, 0 , 0 , 0 , 0 , 0 , 0 , 0 , 0 , 0 , 0 , 1 , 100 , 15 
09-Jan-2004 09:46,200201,GATWICK,DENMARK,BILLUND,MAERSK AIR,A,S, 86 , 0 , 73.2558139534884 , 10.4651162790698 , 13.953488372093 , 2.32558139534884 , 0 , 0 , 13.2209302325581 , 1 , 87 , 72.4137931034483 , 11.5747126436782 
09-Jan-2004 09:46,200201,GATWICK,DENMARK,BILLUND,MAERSK AIR,D,S, 86 , 0 , 74.4186046511628 , 13.953488372093 , 8.13953488372093 , 3.48837209302326 , 0 , 0 , 10.7674418604651 , 1 , 87 , 91.9540229885057 , 4 
09-Jan-2004 09:46,200201,GATWICK,DENMARK,COPENHAGEN,MAERSK AIR,A,S, 79 , 0 , 72.1518987341772 , 12.6582278481013 , 10.126582278481 , 5.06329113924051 , 0 , 0 , 12.1139240506329 , 0 , 52 , 75 , 10.3846153846154 
09-Jan-2004 09:46,200201,GATWICK,DENMARK,COPENHAGEN,MAERSK AIR,D,S, 78 , 0 , 82.0512820512821 , 10.2564102564103 , 5.12820512820513 , 2.56410256410256 , 0 , 0 , 8.06410256410256 , 0 , 51 , 78.4313725490196 , 11.4117647058824 
09-Jan-2004 09:46,200201,GATWICK,DOMINICAN REPUBLIC,LA ROMANA,BRITANNIA AIRWAYS,A,C, 5 , 0 , 80 , 0 , 0 , 20 , 0 , 0 , 16.2 , 0 , 0 , 0 , 0 
09-Jan-2004 09:46,200201,GATWICK,DOMINICAN REPUBLIC,LA ROMANA,BRITANNIA AIRWAYS,D,C, 5 , 0 , 40 , 60 , 0 , 0 , 0 , 0 , 11.6 , 0 , 0 , 0 , 0 
09-Jan-2004 09:46,200201,GATWICK,DOMINICAN REPUBLIC,LA ROMANA,MY TRAVEL AIRWAYS UK,A,C, 5 , 0 , 100 , 0 , 0 , 0 , 0 , 0 , 0 , 0 , 0 , 0 , 0 
09-Jan-2004 09:46,200201,GATWICK,DOMINICAN REPUBLIC,LA ROMANA,MY TRAVEL AIRWAYS UK,D,C, 5 , 0 , 100 , 0 , 0 , 0 , 0 , 0 , 1 , 0 , 0 , 0 , 0 
09-Jan-2004 09:46,200201,GATWICK,DOMINICAN REPUBLIC,PUERTO PLATA,AIR 2000,A,C, 0 , 0 , 0 , 0 , 0 , 0 , 0 , 0 , 0 , 0 , 2 , 0 , 54.5 
09-Jan-2004 09:46,200201,GATWICK,DOMINICAN REPUBLIC,PUERTO PLATA,AIR 2000,D,C, 0 , 0 , 0 , 0 , 0 , 0 , 0 , 0 , 0 , 0 , 2 , 100 , 4.5 
09-Jan-2004 09:46,200201,GATWICK,DOMINICAN REPUBLIC,PUERTO PLATA,BRITANNIA AIRWAYS,A,C, 5 , 0 , 80 , 20 , 0 , 0 , 0 , 0 , 6.6 , 0 , 5 , 20 , 52.2 
09-Jan-2004 09:46,200201,GATWICK,DOMINICAN REPUBLIC,PUERTO PLATA,BRITANNIA AIRWAYS,D,C, 4 , 0 , 50 , 50 , 0 , 0 , 0 , 0 , 16.25 , 0 , 5 , 100 , 6 
09-Jan-2004 09:46,200201,GATWICK,DOMINICAN REPUBLIC,PUERTO PLATA,MONARCH AIRLINES,A,C, 0 , 4 , 0 , 0 , 0 , 0 , 0 , 0 , 0 , 0 , 0 , 0 , 0 
09-Jan-2004 09:46,200201,GATWICK,DOMINICAN REPUBLIC,PUERTO PLATA,MONARCH AIRLINES,D,C, 1 , 3 , 0 , 0 , 100 , 0 , 0 , 0 , 41 , 0 , 0 , 0 , 0 
09-Jan-2004 09:46,200201,GATWICK,DOMINICAN REPUBLIC,PUERTO PLATA,MY TRAVEL AIRWAYS UK,A,C, 4 , 0 , 50 , 0 , 25 , 25 , 0 , 0 , 37 , 0 , 4 , 50 , 161.25 
09-Jan-2004 09:46,200201,GATWICK,DOMINICAN REPUBLIC,PUERTO PLATA,MY TRAVEL AIRWAYS UK,D,C, 4 , 0 , 75 , 0 , 25 , 0 , 0 , 0 , 19.5 , 0 , 4 , 50 , 90.75 
09-Jan-2004 09:46,200201,GATWICK,DOMINICAN REPUBLIC,PUERTO PLATA,THOMAS COOK AIRLINES LTD,A,C, 2 , 0 , 50 , 0 , 0 , 50 , 0 , 0 , 36 , 0 , 1 , 0 , 147 
09-Jan-2004 09:46,200201,GATWICK,DOMINICAN REPUBLIC,PUERTO PLATA,THOMAS COOK AIRLINES LTD,D,C, 2 , 0 , 50 , 0 , 0 , 50 , 0 , 0 , 73 , 0 , 0 , 0 , 0 
09-Jan-2004 09:46,200201,GATWICK,DOMINICAN REPUBLIC,SANTO DOMINGO,BRITANNIA AIRWAYS,A,C, 0 , 0 , 0 , 0 , 0 , 0 , 0 , 0 , 0 , 0 , 5 , 20 , 96 
09-Jan-2004 09:46,200201,GATWICK,DOMINICAN REPUBLIC,SANTO DOMINGO,BRITANNIA AIRWAYS,D,C, 0 , 0 , 0 , 0 , 0 , 0 , 0 , 0 , 0 , 0 , 6 , 100 , 1 
09-Jan-2004 09:46,200201,GATWICK,DOMINICAN REPUBLIC,SANTO DOMINGO,MY TRAVEL AIRWAYS UK,A,C, 0 , 0 , 0 , 0 , 0 , 0 , 0 , 0 , 0 , 0 , 4 , 0 , 94.75 
09-Jan-2004 09:46,200201,GATWICK,DOMINICAN REPUBLIC,SANTO DOMINGO,MY TRAVEL AIRWAYS UK,D,C, 0 , 0 , 0 , 0 , 0 , 0 , 0 , 0 , 0 , 0 , 5 , 60 , 44 
09-Jan-2004 09:46,200201,GATWICK,EGYPT,HURGHADA,EXCEL AIRWAYS LTD,A,C, 0 , 0 , 0 , 0 , 0 , 0 , 0 , 0 , 0 , 0 , 4 , 75 , 81.75 
09-Jan-2004 09:46,200201,GATWICK,EGYPT,HURGHADA,EXCEL AIRWAYS LTD,D,C, 0 , 0 , 0 , 0 , 0 , 0 , 0 , 0 , 0 , 0 , 3 , 66.6666666666667 , 113.666666666667 
09-Jan-2004 09:46,200201,GATWICK,EGYPT,HURGHADA,MONARCH AIRLINES,A,C, 4 , 0 , 100 , 0 , 0 , 0 , 0 , 0 , 0.75 , 0 , 4 , 75 , 10.5 
09-Jan-2004 09:46,200201,GATWICK,EGYPT,HURGHADA,MONARCH AIRLINES,D,C, 4 , 0 , 100 , 0 , 0 , 0 , 0 , 0 , 4 , 0 , 4 , 100 , 6.25 
09-Jan-2004 09:46,200201,GATWICK,EGYPT,LUXOR,AIR 2000,A,C, 4 , 0 , 50 , 25 , 25 , 0 , 0 , 0 , 17 , 0 , 5 , 40 , 28.8 
09-Jan-2004 09:46,200201,GATWICK,EGYPT,LUXOR,AIR 2000,D,C, 4 , 0 , 50 , 25 , 25 , 0 , 0 , 0 , 13.5 , 0 , 5 , 60 , 15.8 
09-Jan-2004 09:46,200201,GATWICK,EGYPT,LUXOR,BRITANNIA AIRWAYS,A,C, 5 , 0 , 40 , 20 , 20 , 20 , 0 , 0 , 33.8 , 0 , 5 , 20 , 29.6 
09-Jan-2004 09:46,200201,GATWICK,EGYPT,LUXOR,BRITANNIA AIRWAYS,D,C, 4 , 1 , 75 , 0 , 25 , 0 , 0 , 0 , 10.5 , 0 , 5 , 80 , 7 
09-Jan-2004 09:46,200201,GATWICK,EGYPT,LUXOR,EXCEL AIRWAYS LTD,A,C, 0 , 0 , 0 , 0 , 0 , 0 , 0 , 0 , 0 , 0 , 4 , 25 , 98.5 
09-Jan-2004 09:46,200201,GATWICK,EGYPT,LUXOR,EXCEL AIRWAYS LTD,D,C, 0 , 0 , 0 , 0 , 0 , 0 , 0 , 0 , 0 , 0 , 4 , 25 , 83 
09-Jan-2004 09:46,200201,GATWICK,EGYPT,LUXOR,MONARCH AIRLINES,A,C, 4 , 0 , 50 , 50 , 0 , 0 , 0 , 0 , 10.75 , 0 , 5 , 40 , 47 
09-Jan-2004 09:46,200201,GATWICK,EGYPT,LUXOR,MONARCH AIRLINES,D,C, 4 , 0 , 100 , 0 , 0 , 0 , 0 , 0 , 4 , 0 , 6 , 100 , 3 
09-Jan-2004 09:46,200201,GATWICK,EGYPT,SHARM EL SHEIKH (OPHIRA),AIR 2000,A,C, 4 , 0 , 75 , 0 , 0 , 25 , 0 , 0 , 30.25 , 0 , 4 , 0 , 38 
09-Jan-2004 09:46,200201,GATWICK,EGYPT,SHARM EL SHEIKH (OPHIRA),AIR 2000,D,C, 4 , 0 , 75 , 0 , 0 , 25 , 0 , 0 , 26.75 , 0 , 4 , 0 , 23.75 
09-Jan-2004 09:46,200201,GATWICK,EGYPT,SHARM EL SHEIKH (OPHIRA),BRITANNIA AIRWAYS,A,C, 4 , 0 , 75 , 0 , 25 , 0 , 0 , 0 , 18.25 , 0 , 0 , 0 , 0 
09-Jan-2004 09:46,200201,GATWICK,EGYPT,SHARM EL SHEIKH (OPHIRA),BRITANNIA AIRWAYS,D,C, 4 , 0 , 75 , 25 , 0 , 0 , 0 , 0 , 10.5 , 0 , 0 , 0 , 0 
09-Jan-2004 09:46,200201,GATWICK,EGYPT,SHARM EL SHEIKH (OPHIRA),EXCEL AIRWAYS LTD,A,C, 1 , 0 , 0 , 0 , 0 , 100 , 0 , 0 , 61 , 0 , 4 , 25 , 36.5 
09-Jan-2004 09:46,200201,GATWICK,EGYPT,SHARM EL SHEIKH (OPHIRA),EXCEL AIRWAYS LTD,D,C, 0 , 0 , 0 , 0 , 0 , 0 , 0 , 0 , 0 , 0 , 5 , 80 , 17.6 
09-Jan-2004 09:46,200201,GATWICK,EGYPT,SHARM EL SHEIKH (OPHIRA),MONARCH AIRLINES,A,C, 5 , 0 , 60 , 20 , 0 , 20 , 0 , 0 , 18.6 , 0 , 6 , 66.6666666666667 , 18 
09-Jan-2004 09:46,200201,GATWICK,EGYPT,SHARM EL SHEIKH (OPHIRA),MONARCH AIRLINES,D,C, 5 , 0 , 60 , 40 , 0 , 0 , 0 , 0 , 12 , 0 , 5 , 60 , 18 
09-Jan-2004 09:46,200201,GATWICK,EGYPT,SHARM EL SHEIKH (OPHIRA),THOMAS COOK AIRLINES LTD,A,C, 5 , 0 , 80 , 0 , 0 , 0 , 20 , 0 , 43.2 , 0 , 4 , 0 , 43.5 
09-Jan-2004 09:46,200201,GATWICK,EGYPT,SHARM EL SHEIKH (OPHIRA),THOMAS COOK AIRLINES LTD,D,C, 5 , 0 , 80 , 0 , 0 , 0 , 20 , 0 , 49.6 , 0 , 4 , 50 , 11 
09-Jan-2004 09:46,200201,GATWICK,ESTONIA,TALLIN,ESTONIAN AIR,A,S, 21 , 0 , 66.6666666666667 , 19.047619047619 , 0 , 14.2857142857143 , 0 , 0 , 23.047619047619 , 0 , 25 , 88 , 7.96 
09-Jan-2004 09:46,200201,GATWICK,ESTONIA,TALLIN,ESTONIAN AIR,D,S, 21 , 0 , 76.1904761904762 , 0 , 14.2857142857143 , 9.52380952380952 , 0 , 0 , 23.8095238095238 , 0 , 25 , 92 , 5.12 
09-Jan-2004 09:46,200201,GATWICK,FED REP YUGO SERBIA M'ENEGRO,BELGRADE,BRITISH AIRWAYS (EURO OPS) LGW,A,S, 13 , 0 , 84.6153846153846 , 7.69230769230769 , 7.69230769230769 , 0 , 0 , 0 , 6.23076923076923 , 0 , 12 , 100 , 1.08333333333333 
09-Jan-2004 09:46,200201,GATWICK,FED REP YUGO SERBIA M'ENEGRO,BELGRADE,BRITISH AIRWAYS (EURO OPS) LGW,D,S, 13 , 0 , 92.3076923076923 , 0 , 7.69230769230769 , 0 , 0 , 0 , 8.92307692307692 , 0 , 13 , 92.3076923076923 , 4.53846153846154 
09-Jan-2004 09:46,200201,GATWICK,FED REP YUGO SERBIA M'ENEGRO,PRISTINA,BRITISH AIRWAYS (EURO OPS) LGW,A,S, 11 , 2 , 45.4545454545455 , 27.2727272727273 , 18.1818181818182 , 9.09090909090909 , 0 , 0 , 24.4545454545455 , 0 , 0 , 0 , 0 
09-Jan-2004 09:46,200201,GATWICK,FED REP YUGO SERBIA M'ENEGRO,PRISTINA,BRITISH AIRWAYS (EURO OPS) LGW,D,S, 12 , 1 , 75 , 8.33333333333333 , 16.6666666666667 , 0 , 0 , 0 , 17.9166666666667 , 0 , 0 , 0 , 0 
09-Jan-2004 09:46,200201,GATWICK,FED REP YUGO SERBIA M'ENEGRO,PRISTINA,EXCEL AIRWAYS LTD,A,C, 2 , 0 , 0 , 0 , 0 , 50 , 50 , 0 , 206.5 , 0 , 0 , 0 , 0 
09-Jan-2004 09:46,200201,GATWICK,FED REP YUGO SERBIA M'ENEGRO,PRISTINA,EXCEL AIRWAYS LTD,D,C, 2 , 0 , 100 , 0 , 0 , 0 , 0 , 0 , 0 , 0 , 0 , 0 , 0 
09-Jan-2004 09:46,200201,GATWICK,FINLAND,HELSINKI,FINNAIR,A,S, 0 , 0 , 0 , 0 , 0 , 0 , 0 , 0 , 0 , 0 , 61 , 90.1639344262295 , 6.24590163934426 
09-Jan-2004 09:46,200201,GATWICK,FINLAND,HELSINKI,FINNAIR,D,S, 0 , 0 , 0 , 0 , 0 , 0 , 0 , 0 , 0 , 0 , 61 , 86.8852459016394 , 8.42622950819672 
09-Jan-2004 09:46,200201,GATWICK,FINLAND,KITTILA,THOMAS COOK AIRLINES LTD,A,C, 4 , 0 , 75 , 25 , 0 , 0 , 0 , 0 , 10.25 , 0 , 4 , 0 , 27.5 
09-Jan-2004 09:46,200201,GATWICK,FINLAND,KITTILA,THOMAS COOK AIRLINES LTD,D,C, 4 , 0 , 100 , 0 , 0 , 0 , 0 , 0 , 0 , 0 , 4 , 100 , 5.75 
09-Jan-2004 09:46,200201,GATWICK,FINLAND,ROVANIEMI,BRITANNIA AIRWAYS,A,C, 0 , 0 , 0 , 0 , 0 , 0 , 0 , 0 , 0 , 0 , 1 , 100 , 0 
09-Jan-2004 09:46,200201,GATWICK,FRANCE,BORDEAUX,BRITISH AIRWAYS (EURO OPS) LGW,A,S, 0 , 0 , 0 , 0 , 0 , 0 , 0 , 0 , 0 , 0 , 86 , 83.7209302325581 , 8.53488372093023 
09-Jan-2004 09:46,200201,GATWICK,FRANCE,BORDEAUX,BRITISH AIRWAYS (EURO OPS) LGW,D,S, 0 , 0 , 0 , 0 , 0 , 0 , 0 , 0 , 0 , 0 , 86 , 87.2093023255814 , 8.2093023255814 
09-Jan-2004 09:46,200201,GATWICK,FRANCE,BORDEAUX,CITY FLYER EXPRESS,A,S, 52 , 2 , 82.6923076923077 , 9.61538461538462 , 1.92307692307692 , 5.76923076923077 , 0 , 0 , 7.94230769230769 , 0 , 0 , 0 , 0 
09-Jan-2004 09:46,200201,GATWICK,FRANCE,BORDEAUX,CITY FLYER EXPRESS,D,S, 53 , 1 , 67.9245283018868 , 15.0943396226415 , 11.3207547169811 , 5.66037735849057 , 0 , 0 , 15.8867924528302 , 0 , 0 , 0 , 0 
09-Jan-2004 09:46,200201,GATWICK,FRANCE,BREST,BRIT AIR,A,S, 66 , 0 , 78.7878787878788 , 13.6363636363636 , 3.03030303030303 , 4.54545454545455 , 0 , 0 , 10.9242424242424 , 0 , 68 , 58.8235294117647 , 16.0294117647059 
09-Jan-2004 09:46,200201,GATWICK,FRANCE,BREST,BRIT AIR,D,S, 66 , 0 , 87.8787878787879 , 1.51515151515152 , 10.6060606060606 , 0 , 0 , 0 , 7.09090909090909 , 0 , 67 , 89.5522388059701 , 8.25373134328358 
09-Jan-2004 09:46,200201,GATWICK,FRANCE,CHAMBERY,BRITANNIA AIRWAYS,A,C, 0 , 0 , 0 , 0 , 0 , 0 , 0 , 0 , 0 , 0 , 4 , 0 , 271.5 
09-Jan-2004 09:46,200201,GATWICK,FRANCE,CHAMBERY,BRITANNIA AIRWAYS,D,C, 0 , 0 , 0 , 0 , 0 , 0 , 0 , 0 , 0 , 0 , 4 , 50 , 68 
09-Jan-2004 09:46,200201,GATWICK,FRANCE,CHAMBERY,CITY FLYER EXPRESS,A,C, 28 , 0 , 39.2857142857143 , 10.7142857142857 , 14.2857142857143 , 32.1428571428571 , 0 , 3.57142857142857 , 55 , 0 , 20 , 80 , 43.3 
09-Jan-2004 09:46,200201,GATWICK,FRANCE,CHAMBERY,CITY FLYER EXPRESS,D,C, 27 , 1 , 37.037037037037 , 37.037037037037 , 18.5185185185185 , 7.40740740740741 , 0 , 0 , 22.3333333333333 , 0 , 20 , 55 , 16.15 
09-Jan-2004 09:46,200201,GATWICK,FRANCE,CHAMBERY,EXCEL AIRWAYS LTD,A,C, 4 , 0 , 50 , 25 , 25 , 0 , 0 , 0 , 17.5 , 0 , 3 , 33.3333333333333 , 277.666666666667 
09-Jan-2004 09:46,200201,GATWICK,FRANCE,CHAMBERY,EXCEL AIRWAYS LTD,D,C, 4 , 0 , 100 , 0 , 0 , 0 , 0 , 0 , 5 , 0 , 4 , 75 , 12 
09-Jan-2004 09:46,200201,GATWICK,FRANCE,GRENOBLE,AIR 2000,A,C, 8 , 0 , 75 , 0 , 25 , 0 , 0 , 0 , 13.5 , 0 , 8 , 75 , 9.375 
09-Jan-2004 09:46,200201,GATWICK,FRANCE,GRENOBLE,AIR 2000,D,C, 8 , 0 , 87.5 , 0 , 12.5 , 0 , 0 , 0 , 9.25 , 0 , 8 , 100 , 3.625 
09-Jan-2004 09:46,200201,GATWICK,FRANCE,GRENOBLE,MONARCH AIRLINES,A,C, 4 , 0 , 75 , 0 , 0 , 25 , 0 , 0 , 22.25 , 0 , 5 , 40 , 21.2 
09-Jan-2004 09:46,200201,GATWICK,FRANCE,GRENOBLE,MONARCH AIRLINES,D,C, 4 , 0 , 100 , 0 , 0 , 0 , 0 , 0 , 1.75 , 0 , 5 , 80 , 14 
09-Jan-2004 09:46,200201,GATWICK,FRANCE,LYON,AIR 2000,A,C, 12 , 0 , 41.6666666666667 , 8.33333333333333 , 25 , 16.6666666666667 , 8.33333333333333 , 0 , 47.1666666666667 , 0 , 9 , 22.2222222222222 , 45.3333333333333 
09-Jan-2004 09:46,200201,GATWICK,FRANCE,LYON,AIR 2000,D,C, 12 , 0 , 83.3333333333333 , 0 , 0 , 16.6666666666667 , 0 , 0 , 23.4166666666667 , 0 , 8 , 62.5 , 15.625 
09-Jan-2004 09:46,200201,GATWICK,FRANCE,LYON,BRITANNIA AIRWAYS,A,C, 9 , 0 , 33.3333333333333 , 22.2222222222222 , 11.1111111111111 , 33.3333333333333 , 0 , 0 , 38 , 0 , 17 , 5.88235294117647 , 55.3529411764706 
09-Jan-2004 09:46,200201,GATWICK,FRANCE,LYON,BRITANNIA AIRWAYS,D,C, 9 , 0 , 55.5555555555556 , 11.1111111111111 , 0 , 33.3333333333333 , 0 , 0 , 26.8888888888889 , 0 , 17 , 47.0588235294118 , 33.2352941176471 
09-Jan-2004 09:46,200201,GATWICK,FRANCE,LYON,BRITISH AIRWAYS (EURO OPS) LGW,A,S, 0 , 0 , 0 , 0 , 0 , 0 , 0 , 0 , 0 , 0 , 85 , 90.5882352941177 , 5.09411764705882 
09-Jan-2004 09:46,200201,GATWICK,FRANCE,LYON,BRITISH AIRWAYS (EURO OPS) LGW,D,S, 0 , 0 , 0 , 0 , 0 , 0 , 0 , 0 , 0 , 0 , 87 , 91.9540229885057 , 4.91954022988506 
09-Jan-2004 09:46,200201,GATWICK,FRANCE,LYON,BRITISH AIRWAYS PLC,A,C, 4 , 0 , 50 , 25 , 25 , 0 , 0 , 0 , 19.25 , 0 , 0 , 0 , 0 
09-Jan-2004 09:46,200201,GATWICK,FRANCE,LYON,BRITISH AIRWAYS PLC,D,C, 4 , 0 , 50 , 0 , 50 , 0 , 0 , 0 , 29.75 , 0 , 0 , 0 , 0 
09-Jan-2004 09:46,200201,GATWICK,FRANCE,LYON,CITY FLYER EXPRESS,A,C, 0 , 0 , 0 , 0 , 0 , 0 , 0 , 0 , 0 , 0 , 4 , 100 , 0 
09-Jan-2004 09:46,200201,GATWICK,FRANCE,LYON,CITY FLYER EXPRESS,D,C, 0 , 0 , 0 , 0 , 0 , 0 , 0 , 0 , 0 , 0 , 4 , 50 , 10.5 
09-Jan-2004 09:46,200201,GATWICK,FRANCE,LYON,EUROPEAN AIR CHARTER,A,C, 5 , 1 , 40 , 0 , 40 , 0 , 0 , 20 , 89.4 , 0 , 0 , 0 , 0 
09-Jan-2004 09:46,200201,GATWICK,FRANCE,LYON,EUROPEAN AIR CHARTER,D,C, 4 , 0 , 50 , 25 , 0 , 0 , 0 , 25 , 106.5 , 0 , 0 , 0 , 0 
09-Jan-2004 09:46,200201,GATWICK,FRANCE,LYON,FLYBE.BRITISH EUROPEAN,A,C, 0 , 0 , 0 , 0 , 0 , 0 , 0 , 0 , 0 , 0 , 1 , 100 , 3 
09-Jan-2004 09:46,200201,GATWICK,FRANCE,LYON,MONARCH AIRLINES,A,C, 9 , 0 , 77.7777777777778 , 11.1111111111111 , 0 , 0 , 11.1111111111111 , 0 , 40.2222222222222 , 0 , 8 , 25 , 65.125 
09-Jan-2004 09:46,200201,GATWICK,FRANCE,LYON,MONARCH AIRLINES,D,C, 9 , 0 , 66.6666666666667 , 22.2222222222222 , 0 , 0 , 11.1111111111111 , 0 , 47.5555555555556 , 0 , 8 , 62.5 , 21.5 
09-Jan-2004 09:46,200201,GATWICK,FRANCE,LYON,THOMAS COOK AIRLINES LTD,A,C, 16 , 0 , 62.5 , 18.75 , 12.5 , 6.25 , 0 , 0 , 16.0625 , 0 , 16 , 43.75 , 20.875 
09-Jan-2004 09:46,200201,GATWICK,FRANCE,LYON,THOMAS COOK AIRLINES LTD,D,C, 16 , 0 , 68.75 , 12.5 , 18.75 , 0 , 0 , 0 , 13.8125 , 0 , 16 , 93.75 , 9.5 
09-Jan-2004 09:46,200201,GATWICK,FRANCE,MARSEILLE,BRITISH AIRWAYS (EURO OPS) LGW,A,S, 109 , 0 , 88.0733944954129 , 7.3394495412844 , 1.8348623853211 , 0.917431192660551 , 0.917431192660551 , 0.917431192660551 , 9.78899082568807 , 0 , 87 , 89.6551724137931 , 8.97701149425287 
09-Jan-2004 09:46,200201,GATWICK,FRANCE,MARSEILLE,BRITISH AIRWAYS (EURO OPS) LGW,D,S, 110 , 0 , 90 , 4.54545454545455 , 4.54545454545455 , 0 , 0 , 0.909090909090909 , 9.01818181818182 , 0 , 88 , 84.0909090909091 , 11.5113636363636 
09-Jan-2004 09:46,200201,GATWICK,FRANCE,MONTPELLIER,BRITISH AIRWAYS (EURO OPS) LGW,A,S, 0 , 0 , 0 , 0 , 0 , 0 , 0 , 0 , 0 , 0 , 31 , 90.3225806451613 , 3.61290322580645 
09-Jan-2004 09:46,200201,GATWICK,FRANCE,MONTPELLIER,BRITISH AIRWAYS (EURO OPS) LGW,D,S, 0 , 0 , 0 , 0 , 0 , 0 , 0 , 0 , 0 , 0 , 31 , 100 , 4.90322580645161 
09-Jan-2004 09:46,200201,GATWICK,FRANCE,MONTPELLIER,GB AIRWAYS LTD,A,S, 18 , 0 , 100 , 0 , 0 , 0 , 0 , 0 , 1.44444444444444 , 0 , 0 , 0 , 0 
09-Jan-2004 09:46,200201,GATWICK,FRANCE,MONTPELLIER,GB AIRWAYS LTD,D,S, 18 , 0 , 61.1111111111111 , 22.2222222222222 , 11.1111111111111 , 0 , 5.55555555555556 , 0 , 26.7222222222222 , 0 , 0 , 0 , 0 
09-Jan-2004 09:46,200201,GATWICK,FRANCE,NANTES,GB AIRWAYS LTD,A,S, 9 , 0 , 77.7777777777778 , 11.1111111111111 , 0 , 11.1111111111111 , 0 , 0 , 13.6666666666667 , 0 , 38 , 78.9473684210526 , 14.4736842105263 
09-Jan-2004 09:46,200201,GATWICK,FRANCE,NANTES,GB AIRWAYS LTD,D,S, 9 , 0 , 77.7777777777778 , 11.1111111111111 , 0 , 11.1111111111111 , 0 , 0 , 11 , 0 , 39 , 76.9230769230769 , 25.6153846153846 
09-Jan-2004 09:46,200201,GATWICK,FRANCE,NICE,BRITISH AIRWAYS (EURO OPS) LGW,A,S, 0 , 1 , 0 , 0 , 0 , 0 , 0 , 0 , 0 , 0 , 0 , 0 , 0 
09-Jan-2004 09:46,200201,GATWICK,FRANCE,NICE,CITY FLYER EXPRESS,A,S, 24 , 0 , 91.6666666666667 , 4.16666666666667 , 4.16666666666667 , 0 , 0 , 0 , 3.375 , 0 , 21 , 95.2380952380952 , 12.6666666666667 
09-Jan-2004 09:46,200201,GATWICK,FRANCE,NICE,CITY FLYER EXPRESS,D,S, 25 , 0 , 64 , 16 , 8 , 12 , 0 , 0 , 19.92 , 0 , 21 , 95.2380952380952 , 4.33333333333333 
09-Jan-2004 09:46,200201,GATWICK,FRANCE,NICE,EASYJET AIRLINE COMPANY LTD,A,S, 31 , 0 , 74.1935483870968 , 6.45161290322581 , 16.1290322580645 , 0 , 3.2258064516129 , 0 , 16.1290322580645 , 1 , 0 , 0 , 0 
09-Jan-2004 09:46,200201,GATWICK,FRANCE,NICE,EASYJET AIRLINE COMPANY LTD,D,S, 31 , 0 , 70.9677419354839 , 12.9032258064516 , 6.45161290322581 , 9.67741935483871 , 0 , 0 , 16.9354838709677 , 1 , 0 , 0 , 0 
09-Jan-2004 09:46,200201,GATWICK,FRANCE,NICE,MONARCH AIRLINES,A,C, 1 , 0 , 0 , 100 , 0 , 0 , 0 , 0 , 28 , 0 , 0 , 0 , 0 
09-Jan-2004 09:46,200201,GATWICK,FRANCE,NICE,MONARCH AIRLINES,D,C, 1 , 0 , 100 , 0 , 0 , 0 , 0 , 0 , 0 , 0 , 0 , 0 , 0 
09-Jan-2004 09:46,200201,GATWICK,FRANCE,NICE,THOMAS COOK AIRLINES LTD,A,C, 1 , 0 , 100 , 0 , 0 , 0 , 0 , 0 , 5 , 0 , 0 , 0 , 0 
09-Jan-2004 09:46,200201,GATWICK,FRANCE,NICE,THOMAS COOK AIRLINES LTD,D,C, 1 , 0 , 100 , 0 , 0 , 0 , 0 , 0 , 0 , 0 , 0 , 0 , 0 
09-Jan-2004 09:46,200201,GATWICK,FRANCE,PARIS (CHARLES DE GAULLE),AIR GABON,A,S, 0 , 0 , 0 , 0 , 0 , 0 , 0 , 0 , 0 , 0 , 4 , 25 , 19.5 
09-Jan-2004 09:46,200201,GATWICK,FRANCE,PARIS (CHARLES DE GAULLE),AIR GABON,D,S, 0 , 0 , 0 , 0 , 0 , 0 , 0 , 0 , 0 , 0 , 3 , 0 , 66 
09-Jan-2004 09:46,200201,GATWICK,FRANCE,PARIS (CHARLES DE GAULLE),BRITISH AIRWAYS (EURO OPS) LGW,A,S, 142 , 0 , 71.1267605633803 , 16.1971830985915 , 7.04225352112676 , 5.63380281690141 , 0 , 0 , 13.2183098591549 , 0 , 140 , 71.4285714285714 , 19.85 
09-Jan-2004 09:46,200201,GATWICK,FRANCE,PARIS (CHARLES DE GAULLE),BRITISH AIRWAYS (EURO OPS) LGW,D,S, 142 , 0 , 73.2394366197183 , 9.85915492957746 , 12.6760563380282 , 4.22535211267606 , 0 , 0 , 14.112676056338 , 0 , 141 , 69.5035460992908 , 17.2765957446809 
09-Jan-2004 09:46,200201,GATWICK,FRANCE,PARIS (CHARLES DE GAULLE),THOMAS COOK AIRLINES LTD,D,C, 0 , 0 , 0 , 0 , 0 , 0 , 0 , 0 , 0 , 0 , 1 , 100 , 0 
09-Jan-2004 09:46,200201,GATWICK,FRANCE,PARIS (LE BOURGET),LEAD AIR-JET SERVICES,D,C, 0 , 1 , 0 , 0 , 0 , 0 , 0 , 0 , 0 , 0 , 0 , 0 , 0 
09-Jan-2004 09:46,200201,GATWICK,FRANCE,PARIS (ORLY),OCCITANIA JET FLEET,A,C, 0 , 1 , 0 , 0 , 0 , 0 , 0 , 0 , 0 , 0 , 0 , 0 , 0 
09-Jan-2004 09:46,200201,GATWICK,FRANCE,PARIS (ORLY),OCCITANIA JET FLEET,D,C, 0 , 1 , 0 , 0 , 0 , 0 , 0 , 0 , 0 , 0 , 0 , 0 , 0 
09-Jan-2004 09:46,200201,GATWICK,FRANCE,STRASBOURG,BRIT AIR,A,S, 67 , 0 , 64.1791044776119 , 20.8955223880597 , 10.4477611940299 , 4.47761194029851 , 0 , 0 , 15.9850746268657 , 1 , 65 , 61.5384615384615 , 14.2615384615385 
09-Jan-2004 09:46,200201,GATWICK,FRANCE,STRASBOURG,BRIT AIR,D,S, 67 , 0 , 88.0597014925373 , 4.47761194029851 , 7.46268656716418 , 0 , 0 , 0 , 6.2089552238806 , 1 , 65 , 81.5384615384615 , 10.1692307692308 
09-Jan-2004 09:46,200201,GATWICK,FRANCE,TOULOUSE (BLAGNAC),AIR 2000,A,C, 8 , 0 , 62.5 , 12.5 , 12.5 , 12.5 , 0 , 0 , 21.75 , 0 , 8 , 62.5 , 12 
09-Jan-2004 09:46,200201,GATWICK,FRANCE,TOULOUSE (BLAGNAC),AIR 2000,D,C, 8 , 0 , 100 , 0 , 0 , 0 , 0 , 0 , 1 , 0 , 8 , 87.5 , 3.875 
09-Jan-2004 09:46,200201,GATWICK,FRANCE,TOULOUSE (BLAGNAC),BRITANNIA AIRWAYS,A,C, 8 , 0 , 50 , 12.5 , 37.5 , 0 , 0 , 0 , 19.25 , 0 , 8 , 25 , 47.875 
09-Jan-2004 09:46,200201,GATWICK,FRANCE,TOULOUSE (BLAGNAC),BRITANNIA AIRWAYS,D,C, 8 , 0 , 75 , 25 , 0 , 0 , 0 , 0 , 6.625 , 0 , 8 , 62.5 , 34.5 
09-Jan-2004 09:46,200201,GATWICK,FRANCE,TOULOUSE (BLAGNAC),BRITISH AIRWAYS (EURO OPS) LGW,A,S, 0 , 0 , 0 , 0 , 0 , 0 , 0 , 0 , 0 , 0 , 87 , 62.0689655172414 , 16.4137931034483 
09-Jan-2004 09:46,200201,GATWICK,FRANCE,TOULOUSE (BLAGNAC),BRITISH AIRWAYS (EURO OPS) LGW,D,S, 0 , 0 , 0 , 0 , 0 , 0 , 0 , 0 , 0 , 0 , 89 , 87.6404494382023 , 9.20224719101124 
09-Jan-2004 09:46,200201,GATWICK,FRANCE,TOULOUSE (BLAGNAC),CITY FLYER EXPRESS,A,S, 85 , 0 , 61.1764705882353 , 14.1176470588235 , 14.1176470588235 , 9.41176470588235 , 1.17647058823529 , 0 , 23.9882352941176 , 0 , 0 , 0 , 0 
09-Jan-2004 09:46,200201,GATWICK,FRANCE,TOULOUSE (BLAGNAC),CITY FLYER EXPRESS,D,S, 86 , 0 , 63.953488372093 , 11.6279069767442 , 13.953488372093 , 8.13953488372093 , 2.32558139534884 , 0 , 23.2325581395349 , 0 , 0 , 0 , 0 
09-Jan-2004 09:46,200201,GATWICK,FRANCE,TOULOUSE (BLAGNAC),FLYBE.BRITISH EUROPEAN,A,S, 0 , 1 , 0 , 0 , 0 , 0 , 0 , 0 , 0 , 0 , 0 , 0 , 0 
09-Jan-2004 09:46,200201,GATWICK,FRANCE,TOULOUSE (BLAGNAC),FLYBE.BRITISH EUROPEAN,D,S, 0 , 1 , 0 , 0 , 0 , 0 , 0 , 0 , 0 , 1 , 0 , 0 , 0 
09-Jan-2004 09:46,200201,GATWICK,FRANCE,TOULOUSE (BLAGNAC),MONARCH AIRLINES,A,C, 8 , 0 , 0 , 12.5 , 50 , 37.5 , 0 , 0 , 68.875 , 0 , 11 , 63.6363636363636 , 18.3636363636364 
09-Jan-2004 09:46,200201,GATWICK,FRANCE,TOULOUSE (BLAGNAC),MONARCH AIRLINES,D,C, 8 , 0 , 62.5 , 12.5 , 25 , 0 , 0 , 0 , 11.75 , 0 , 12 , 100 , 0.666666666666667 
09-Jan-2004 09:46,200201,GATWICK,FRANCE,TOULOUSE (BLAGNAC),MY TRAVEL AIRWAYS UK,A,C, 4 , 0 , 0 , 25 , 0 , 75 , 0 , 0 , 66.5 , 0 , 0 , 0 , 0 
09-Jan-2004 09:46,200201,GATWICK,FRANCE,TOULOUSE (BLAGNAC),MY TRAVEL AIRWAYS UK,D,C, 4 , 0 , 50 , 50 , 0 , 0 , 0 , 0 , 14.75 , 0 , 0 , 0 , 0 
09-Jan-2004 09:46,200201,GATWICK,FRANCE,TOULOUSE (BLAGNAC),THOMAS COOK AIRLINES LTD,A,C, 4 , 0 , 25 , 50 , 25 , 0 , 0 , 0 , 20.25 , 0 , 4 , 25 , 32 
09-Jan-2004 09:46,200201,GATWICK,FRANCE,TOULOUSE (BLAGNAC),THOMAS COOK AIRLINES LTD,D,C, 4 , 0 , 50 , 25 , 25 , 0 , 0 , 0 , 19.75 , 0 , 4 , 50 , 12.75 
09-Jan-2004 09:46,200201,GATWICK,GABON,LIBREVILLE,AIR GABON,A,S, 0 , 0 , 0 , 0 , 0 , 0 , 0 , 0 , 0 , 4 , 4 , 75 , 10.25 
09-Jan-2004 09:46,200201,GATWICK,GABON,LIBREVILLE,AIR GABON,D,S, 0 , 0 , 0 , 0 , 0 , 0 , 0 , 0 , 0 , 4 , 4 , 25 , 17.25 
09-Jan-2004 09:46,200201,GATWICK,GAMBIA,BANJUL,AIR 2000,A,C, 4 , 1 , 0 , 0 , 75 , 25 , 0 , 0 , 46 , 0 , 4 , 0 , 45 
09-Jan-2004 09:46,200201,GATWICK,GAMBIA,BANJUL,AIR 2000,D,C, 5 , 0 , 40 , 60 , 0 , 0 , 0 , 0 , 15 , 0 , 4 , 75 , 13.25 
09-Jan-2004 09:46,200201,GATWICK,GAMBIA,BANJUL,MONARCH AIRLINES,A,C, 8 , 1 , 12.5 , 0 , 37.5 , 25 , 25 , 0 , 119.625 , 0 , 9 , 0 , 50.1111111111111 
09-Jan-2004 09:46,200201,GATWICK,GAMBIA,BANJUL,MONARCH AIRLINES,D,C, 9 , 0 , 44.4444444444444 , 11.1111111111111 , 11.1111111111111 , 11.1111111111111 , 22.2222222222222 , 0 , 75.8888888888889 , 0 , 9 , 77.7777777777778 , 15.5555555555556 
09-Jan-2004 09:46,200201,GATWICK,GAMBIA,BANJUL,THOMAS COOK AIRLINES LTD,A,C, 4 , 0 , 75 , 0 , 0 , 25 , 0 , 0 , 20.5 , 0 , 4 , 50 , 15.75 
09-Jan-2004 09:46,200201,GATWICK,GAMBIA,BANJUL,THOMAS COOK AIRLINES LTD,D,C, 4 , 0 , 100 , 0 , 0 , 0 , 0 , 0 , 0.75 , 0 , 4 , 100 , 0 
09-Jan-2004 09:46,200201,GATWICK,GERMANY,BERLIN (SCHONEFELD),BRITANNIA AIRWAYS,D,C, 2 , 0 , 100 , 0 , 0 , 0 , 0 , 0 , 0 , 0 , 0 , 0 , 0 
09-Jan-2004 09:46,200201,GATWICK,GERMANY,BERLIN (SCHONEFELD),MONARCH AIRLINES,D,C, 1 , 0 , 100 , 0 , 0 , 0 , 0 , 0 , 6 , 0 , 0 , 0 , 0 
09-Jan-2004 09:46,200201,GATWICK,GERMANY,BERLIN (SCHONEFELD),VIRGIN EXPRESS IRELAND,A,S, 0 , 0 , 0 , 0 , 0 , 0 , 0 , 0 , 0 , 0 , 25 , 56 , 17.6 
09-Jan-2004 09:46,200201,GATWICK,GERMANY,BERLIN (SCHONEFELD),VIRGIN EXPRESS IRELAND,D,S, 0 , 0 , 0 , 0 , 0 , 0 , 0 , 0 , 0 , 0 , 25 , 84 , 7.52 
09-Jan-2004 09:46,200201,GATWICK,GERMANY,BREMEN,CITY FLYER EXPRESS,A,S, 81 , 1 , 70.3703703703704 , 12.3456790123457 , 7.40740740740741 , 8.64197530864197 , 1.23456790123457 , 0 , 17.8765432098765 , 0 , 87 , 79.3103448275862 , 7.33333333333333 
09-Jan-2004 09:46,200201,GATWICK,GERMANY,BREMEN,CITY FLYER EXPRESS,D,S, 83 , 0 , 63.855421686747 , 14.4578313253012 , 14.4578313253012 , 7.2289156626506 , 0 , 0 , 17.7228915662651 , 0 , 88 , 87.5 , 5.57954545454545 
09-Jan-2004 09:46,200201,GATWICK,GERMANY,DUSSELDORF,CITY FLYER EXPRESS,A,S, 77 , 0 , 72.7272727272727 , 11.6883116883117 , 11.6883116883117 , 3.8961038961039 , 0 , 0 , 12.4935064935065 , 0 , 117 , 80.3418803418803 , 9.03418803418803 
09-Jan-2004 09:46,200201,GATWICK,GERMANY,DUSSELDORF,CITY FLYER EXPRESS,D,S, 78 , 0 , 61.5384615384615 , 12.8205128205128 , 15.3846153846154 , 10.2564102564103 , 0 , 0 , 19.4358974358974 , 0 , 118 , 86.4406779661017 , 8.11016949152542 
09-Jan-2004 09:46,200201,GATWICK,GERMANY,FRANKFURT MAIN,BRITISH AIRWAYS (EURO OPS) LGW,A,S, 86 , 0 , 73.2558139534884 , 10.4651162790698 , 9.30232558139535 , 6.97674418604651 , 0 , 0 , 13.9186046511628 , 0 , 89 , 73.0337078651685 , 12.2696629213483 
09-Jan-2004 09:46,200201,GATWICK,GERMANY,FRANKFURT MAIN,BRITISH AIRWAYS (EURO OPS) LGW,D,S, 86 , 0 , 86.046511627907 , 6.97674418604651 , 3.48837209302326 , 3.48837209302326 , 0 , 0 , 9.73255813953488 , 0 , 89 , 82.0224719101124 , 9.55056179775281 
09-Jan-2004 09:46,200201,GATWICK,GERMANY,FRANKFURT MAIN,LUFTHANSA,A,S, 0 , 1 , 0 , 0 , 0 , 0 , 0 , 0 , 0 , 0 , 0 , 0 , 0 
09-Jan-2004 09:46,200201,GATWICK,GERMANY,HAMBURG,DEUTSCHE BA,A,S, 0 , 0 , 0 , 0 , 0 , 0 , 0 , 0 , 0 , 0 , 83 , 89.1566265060241 , 4.28915662650602 
09-Jan-2004 09:46,200201,GATWICK,GERMANY,HAMBURG,DEUTSCHE BA,D,S, 0 , 0 , 0 , 0 , 0 , 0 , 0 , 0 , 0 , 0 , 83 , 93.9759036144578 , 5.30120481927711 
09-Jan-2004 09:46,200201,GATWICK,GERMANY,HANOVER,CITY FLYER EXPRESS,A,S, 78 , 0 , 80.7692307692308 , 11.5384615384615 , 6.41025641025641 , 1.28205128205128 , 0 , 0 , 7.37179487179487 , 0 , 79 , 88.6075949367089 , 7.0379746835443 
09-Jan-2004 09:46,200201,GATWICK,GERMANY,HANOVER,CITY FLYER EXPRESS,D,S, 79 , 0 , 72.1518987341772 , 15.1898734177215 , 7.59493670886076 , 5.06329113924051 , 0 , 0 , 12.6708860759494 , 0 , 79 , 86.0759493670886 , 7.08860759493671 
09-Jan-2004 09:46,200201,GATWICK,GERMANY,MUNICH,DEUTSCHE BA,A,S, 89 , 0 , 82.0224719101124 , 10.1123595505618 , 7.86516853932584 , 0 , 0 , 0 , 7.43820224719101 , 0 , 87 , 64.367816091954 , 14.183908045977 
09-Jan-2004 09:46,200201,GATWICK,GERMANY,MUNICH,DEUTSCHE BA,D,S, 89 , 0 , 83.1460674157303 , 8.98876404494382 , 5.61797752808989 , 2.24719101123596 , 0 , 0 , 8.14606741573034 , 0 , 87 , 66.6666666666667 , 13.2873563218391 
09-Jan-2004 09:46,200201,GATWICK,GHANA,ACCRA,AIR 2000,A,C, 1 , 0 , 0 , 0 , 100 , 0 , 0 , 0 , 60 , 0 , 0 , 0 , 0 
09-Jan-2004 09:46,200201,GATWICK,GHANA,ACCRA,BRITISH AIRWAYS PLC,A,S, 0 , 0 , 0 , 0 , 0 , 0 , 0 , 0 , 0 , 0 , 21 , 85.7142857142857 , 58.7619047619048 
09-Jan-2004 09:46,200201,GATWICK,GHANA,ACCRA,BRITISH AIRWAYS PLC,D,S, 0 , 0 , 0 , 0 , 0 , 0 , 0 , 0 , 0 , 0 , 13 , 69.2307692307692 , 36.6923076923077 
09-Jan-2004 09:46,200201,GATWICK,GIBRALTAR,GIBRALTAR,GB AIRWAYS LTD,A,S, 13 , 0 , 92.3076923076923 , 0 , 0 , 7.69230769230769 , 0 , 0 , 8.53846153846154 , 1 , 40 , 100 , 1.05 
09-Jan-2004 09:46,200201,GATWICK,GIBRALTAR,GIBRALTAR,GB AIRWAYS LTD,D,S, 13 , 0 , 61.5384615384615 , 30.7692307692308 , 7.69230769230769 , 0 , 0 , 0 , 11.6153846153846 , 1 , 44 , 81.8181818181818 , 9.18181818181818 
09-Jan-2004 09:46,200201,GATWICK,GREECE,ATHENS,AIR 2000,A,C, 5 , 2 , 0 , 20 , 20 , 40 , 0 , 20 , 196 , 0 , 9 , 33.3333333333333 , 109.888888888889 
09-Jan-2004 09:46,200201,GATWICK,GREECE,ATHENS,AIR 2000,D,C, 6 , 0 , 83.3333333333333 , 0 , 0 , 0 , 0 , 16.6666666666667 , 100.166666666667 , 0 , 9 , 77.7777777777778 , 12.3333333333333 
09-Jan-2004 09:46,200201,GATWICK,GREECE,ATHENS,BRITISH AIRWAYS (EURO OPS) LGW,A,S, 26 , 0 , 92.3076923076923 , 3.84615384615385 , 0 , 0 , 3.84615384615385 , 0 , 9.34615384615385 , 0 , 31 , 90.3225806451613 , 6.19354838709677 
09-Jan-2004 09:46,200201,GATWICK,GREECE,ATHENS,BRITISH AIRWAYS (EURO OPS) LGW,D,S, 26 , 0 , 73.0769230769231 , 15.3846153846154 , 11.5384615384615 , 0 , 0 , 0 , 12.1153846153846 , 0 , 31 , 80.6451612903226 , 13.3548387096774 
09-Jan-2004 09:46,200201,GATWICK,GREECE,ATHENS,OLYMPIC AIRWAYS,A,S, 0 , 0 , 0 , 0 , 0 , 0 , 0 , 0 , 0 , 0 , 16 , 50 , 32.875 
09-Jan-2004 09:46,200201,GATWICK,GREECE,ATHENS,OLYMPIC AIRWAYS,D,S, 0 , 0 , 0 , 0 , 0 , 0 , 0 , 0 , 0 , 0 , 16 , 31.25 , 39.6875 
09-Jan-2004 09:46,200201,GATWICK,GREECE,ATHENS,THOMAS COOK AIRLINES LTD,D,C, 0 , 0 , 0 , 0 , 0 , 0 , 0 , 0 , 0 , 0 , 1 , 100 , 7 
09-Jan-2004 09:46,200201,GATWICK,GREECE,CORFU,THOMAS COOK AIRLINES LTD,A,C, 0 , 0 , 0 , 0 , 0 , 0 , 0 , 0 , 0 , 0 , 1 , 0 , 40 
09-Jan-2004 09:46,200201,GATWICK,GREECE,CORFU,THOMAS COOK AIRLINES LTD,D,C, 0 , 0 , 0 , 0 , 0 , 0 , 0 , 0 , 0 , 0 , 1 , 100 , 0 
09-Jan-2004 09:46,200201,GATWICK,GREECE,HERAKLION,AIR 2000,A,C, 0 , 0 , 0 , 0 , 0 , 0 , 0 , 0 , 0 , 0 , 1 , 0 , 106 
09-Jan-2004 09:46,200201,GATWICK,GREECE,HERAKLION,AIR 2000,D,C, 0 , 0 , 0 , 0 , 0 , 0 , 0 , 0 , 0 , 0 , 1 , 0 , 87 
09-Jan-2004 09:46,200201,GATWICK,GREECE,SALONIKA,BRITANNIA AIRWAYS,A,C, 0 , 0 , 0 , 0 , 0 , 0 , 0 , 0 , 0 , 0 , 1 , 0 , 16 
09-Jan-2004 09:46,200201,GATWICK,GREECE,SALONIKA,BRITANNIA AIRWAYS,D,C, 0 , 0 , 0 , 0 , 0 , 0 , 0 , 0 , 0 , 0 , 1 , 100 , 6 
09-Jan-2004 09:46,200201,GATWICK,GREECE,SALONIKA,EUROPEAN AIR CHARTER,A,C, 1 , 0 , 100 , 0 , 0 , 0 , 0 , 0 , 11 , 0 , 0 , 0 , 0 
09-Jan-2004 09:46,200201,GATWICK,GREECE,SALONIKA,EUROPEAN AIR CHARTER,D,C, 1 , 0 , 100 , 0 , 0 , 0 , 0 , 0 , 2 , 0 , 0 , 0 , 0 
09-Jan-2004 09:46,200201,GATWICK,GREECE,SALONIKA,MY TRAVEL AIRWAYS UK,A,C, 1 , 0 , 0 , 0 , 100 , 0 , 0 , 0 , 34 , 0 , 0 , 0 , 0 
09-Jan-2004 09:46,200201,GATWICK,GREECE,SALONIKA,MY TRAVEL AIRWAYS UK,D,C, 1 , 0 , 0 , 0 , 100 , 0 , 0 , 0 , 37 , 0 , 0 , 0 , 0 
09-Jan-2004 09:46,200201,GATWICK,GREECE,SALONIKA,OLYMPIC AIRWAYS,A,S, 25 , 0 , 60 , 20 , 4 , 12 , 4 , 0 , 25.32 , 0 , 0 , 0 , 0 
09-Jan-2004 09:46,200201,GATWICK,GREECE,SALONIKA,OLYMPIC AIRWAYS,D,S, 25 , 0 , 72 , 8 , 4 , 16 , 0 , 0 , 24.24 , 0 , 0 , 0 , 0 
09-Jan-2004 09:46,200201,GATWICK,GRENADA,GRENADA,BRITISH AIRWAYS PLC,A,S, 9 , 0 , 55.5555555555556 , 11.1111111111111 , 11.1111111111111 , 22.2222222222222 , 0 , 0 , 41.8888888888889 , 0 , 8 , 75 , 8.875 
09-Jan-2004 09:46,200201,GATWICK,GRENADA,GRENADA,BRITISH AIRWAYS PLC,D,S, 9 , 0 , 44.4444444444444 , 0 , 22.2222222222222 , 22.2222222222222 , 11.1111111111111 , 0 , 64.4444444444444 , 0 , 9 , 55.5555555555556 , 17.2222222222222 
09-Jan-2004 09:46,200201,GATWICK,GRENADA,GRENADA,MONARCH AIRLINES,A,C, 4 , 0 , 25 , 0 , 0 , 50 , 25 , 0 , 109.75 , 0 , 0 , 0 , 0 
09-Jan-2004 09:46,200201,GATWICK,GRENADA,GRENADA,THOMAS COOK AIRLINES LTD,D,C, 0 , 0 , 0 , 0 , 0 , 0 , 0 , 0 , 0 , 0 , 5 , 60 , 114.8 
09-Jan-2004 09:46,200201,GATWICK,HUNGARY,BUDAPEST,MALEV (HUNGARIAN AIRLINES),A,S, 12 , 0 , 100 , 0 , 0 , 0 , 0 , 0 , 0.25 , 0 , 14 , 92.8571428571429 , 6.07142857142857 
09-Jan-2004 09:46,200201,GATWICK,HUNGARY,BUDAPEST,MALEV (HUNGARIAN AIRLINES),D,S, 12 , 0 , 100 , 0 , 0 , 0 , 0 , 0 , 1.66666666666667 , 0 , 14 , 78.5714285714286 , 7.64285714285714 
09-Jan-2004 09:46,200201,GATWICK,INDIA,GOA,AIR 2000,A,C, 8 , 0 , 12.5 , 0 , 25 , 62.5 , 0 , 0 , 83.375 , 0 , 8 , 25 , 58 
09-Jan-2004 09:46,200201,GATWICK,INDIA,GOA,AIR 2000,D,C, 9 , 0 , 66.6666666666667 , 0 , 0 , 33.3333333333333 , 0 , 0 , 43.8888888888889 , 0 , 8 , 62.5 , 12.75 
09-Jan-2004 09:46,200201,GATWICK,INDIA,GOA,MONARCH AIRLINES,A,C, 16 , 0 , 12.5 , 6.25 , 31.25 , 43.75 , 6.25 , 0 , 66.125 , 0 , 16 , 31.25 , 48.875 
09-Jan-2004 09:46,200201,GATWICK,INDIA,GOA,MONARCH AIRLINES,D,C, 17 , 0 , 47.0588235294118 , 5.88235294117647 , 17.6470588235294 , 29.4117647058824 , 0 , 0 , 30.8823529411765 , 0 , 16 , 68.75 , 23.4375 
09-Jan-2004 09:46,200201,GATWICK,INDIA,GOA,MY TRAVEL AIRWAYS UK,A,C, 0 , 0 , 0 , 0 , 0 , 0 , 0 , 0 , 0 , 0 , 4 , 0 , 160 
09-Jan-2004 09:46,200201,GATWICK,INDIA,GOA,MY TRAVEL AIRWAYS UK,D,C, 0 , 0 , 0 , 0 , 0 , 0 , 0 , 0 , 0 , 0 , 4 , 75 , 10 
09-Jan-2004 09:46,200201,GATWICK,INDIA,TRIVANDRUM,MONARCH AIRLINES,A,C, 4 , 0 , 75 , 0 , 0 , 25 , 0 , 0 , 21.75 , 0 , 5 , 80 , 5.8 
09-Jan-2004 09:46,200201,GATWICK,INDIA,TRIVANDRUM,MONARCH AIRLINES,D,C, 4 , 0 , 50 , 25 , 25 , 0 , 0 , 0 , 21 , 0 , 5 , 60 , 10.2 
09-Jan-2004 09:46,200201,GATWICK,INDONESIA,BALI INTERNATIONAL,GARUDA INDONESIA,A,S, 21 , 0 , 14.2857142857143 , 14.2857142857143 , 28.5714285714286 , 38.0952380952381 , 4.76190476190476 , 0 , 59.2380952380952 , 0 , 9 , 11.1111111111111 , 57.3333333333333 
09-Jan-2004 09:46,200201,GATWICK,INDONESIA,BALI INTERNATIONAL,GARUDA INDONESIA,D,S, 21 , 0 , 80.9523809523809 , 0 , 9.52380952380952 , 4.76190476190476 , 4.76190476190476 , 0 , 26.6190476190476 , 0 , 9 , 88.8888888888889 , 15.5555555555556 
09-Jan-2004 09:46,200201,GATWICK,INDONESIA,JAKARTA (SOEKARNO-HATTA INTNL),THOMAS COOK AIRLINES LTD,D,C, 0 , 1 , 0 , 0 , 0 , 0 , 0 , 0 , 0 , 0 , 0 , 0 , 0 
09-Jan-2004 09:46,200201,GATWICK,IRISH REPUBLIC,CORK,CITY FLYER EXPRESS,A,S, 0 , 0 , 0 , 0 , 0 , 0 , 0 , 0 , 0 , 0 , 51 , 84.3137254901961 , 5.94117647058824 
09-Jan-2004 09:46,200201,GATWICK,IRISH REPUBLIC,CORK,CITY FLYER EXPRESS,D,S, 0 , 0 , 0 , 0 , 0 , 0 , 0 , 0 , 0 , 0 , 50 , 66 , 10.7 
09-Jan-2004 09:46,200201,GATWICK,IRISH REPUBLIC,DUBLIN,AER LINGUS,A,S, 93 , 0 , 90.3225806451613 , 6.45161290322581 , 2.1505376344086 , 1.0752688172043 , 0 , 0 , 4.83870967741936 , 4 , 92 , 77.1739130434783 , 11.1630434782609 
09-Jan-2004 09:46,200201,GATWICK,IRISH REPUBLIC,DUBLIN,AER LINGUS,D,S, 93 , 0 , 88.1720430107527 , 4.3010752688172 , 6.45161290322581 , 1.0752688172043 , 0 , 0 , 7.2258064516129 , 4 , 92 , 85.8695652173913 , 11.8369565217391 
09-Jan-2004 09:46,200201,GATWICK,IRISH REPUBLIC,DUBLIN,CITY FLYER EXPRESS,A,S, 91 , 0 , 72.5274725274725 , 14.2857142857143 , 7.69230769230769 , 5.49450549450549 , 0 , 0 , 12.8681318681319 , 0 , 147 , 86.3945578231292 , 7.34013605442177 
09-Jan-2004 09:46,200201,GATWICK,IRISH REPUBLIC,DUBLIN,CITY FLYER EXPRESS,D,S, 90 , 0 , 74.4444444444444 , 12.2222222222222 , 5.55555555555556 , 7.77777777777778 , 0 , 0 , 14.3111111111111 , 0 , 147 , 85.0340136054422 , 7.01360544217687 
09-Jan-2004 09:46,200201,GATWICK,IRISH REPUBLIC,DUBLIN,RYANAIR,A,S, 120 , 0 , 78.3333333333333 , 12.5 , 5.83333333333333 , 3.33333333333333 , 0 , 0 , 11.0416666666667 , 92 , 122 , 67.2131147540984 , 13.9754098360656 
09-Jan-2004 09:46,200201,GATWICK,IRISH REPUBLIC,DUBLIN,RYANAIR,D,S, 120 , 0 , 83.3333333333333 , 5 , 7.5 , 3.33333333333333 , 0.833333333333333 , 0 , 10.8083333333333 , 61 , 122 , 85.2459016393443 , 11.8688524590164 
09-Jan-2004 09:46,200201,GATWICK,IRISH REPUBLIC,SHANNON,CITY FLYER EXPRESS,A,S, 0 , 0 , 0 , 0 , 0 , 0 , 0 , 0 , 0 , 0 , 27 , 85.1851851851852 , 15.8888888888889 
09-Jan-2004 09:46,200201,GATWICK,IRISH REPUBLIC,SHANNON,CITY FLYER EXPRESS,D,S, 0 , 0 , 0 , 0 , 0 , 0 , 0 , 0 , 0 , 0 , 27 , 81.4814814814815 , 6.48148148148148 
09-Jan-2004 09:46,200201,GATWICK,IRISH REPUBLIC,SHANNON,VIRGIN EXPRESS IRELAND,A,S, 0 , 0 , 0 , 0 , 0 , 0 , 0 , 0 , 0 , 0 , 57 , 84.2105263157895 , 6.52631578947368 
09-Jan-2004 09:46,200201,GATWICK,IRISH REPUBLIC,SHANNON,VIRGIN EXPRESS IRELAND,D,S, 0 , 0 , 0 , 0 , 0 , 0 , 0 , 0 , 0 , 0 , 55 , 83.6363636363636 , 9.56363636363636 
09-Jan-2004 09:46,200201,GATWICK,ISRAEL,OVDA,AIR 2000,D,C, 0 , 0 , 0 , 0 , 0 , 0 , 0 , 0 , 0 , 0 , 1 , 100 , 13 
09-Jan-2004 09:46,200201,GATWICK,ISRAEL,OVDA,BRITANNIA AIRWAYS,A,C, 0 , 0 , 0 , 0 , 0 , 0 , 0 , 0 , 0 , 0 , 5 , 40 , 23.4 
09-Jan-2004 09:46,200201,GATWICK,ISRAEL,OVDA,BRITANNIA AIRWAYS,D,C, 0 , 0 , 0 , 0 , 0 , 0 , 0 , 0 , 0 , 0 , 5 , 100 , 4 
09-Jan-2004 09:46,200201,GATWICK,ISRAEL,OVDA,EXCEL AIRWAYS LTD,A,C, 1 , 0 , 0 , 0 , 100 , 0 , 0 , 0 , 45 , 0 , 0 , 0 , 0 
09-Jan-2004 09:46,200201,GATWICK,ISRAEL,TEL AVIV,ARKIA,A,C, 6 , 0 , 100 , 0 , 0 , 0 , 0 , 0 , 0 , 0 , 3 , 100 , 0.666666666666667 
09-Jan-2004 09:46,200201,GATWICK,ISRAEL,TEL AVIV,ARKIA,D,C, 5 , 0 , 80 , 20 , 0 , 0 , 0 , 0 , 5.6 , 0 , 3 , 66.6666666666667 , 11.3333333333333 
09-Jan-2004 09:46,200201,GATWICK,ISRAEL,TEL AVIV,EXCEL AIRWAYS LTD,D,C, 1 , 0 , 0 , 100 , 0 , 0 , 0 , 0 , 19 , 0 , 0 , 0 , 0 
09-Jan-2004 09:46,200201,GATWICK,ISRAEL,TEL AVIV,MONARCH AIRLINES,A,C, 6 , 0 , 0 , 33.3333333333333 , 33.3333333333333 , 33.3333333333333 , 0 , 0 , 52.6666666666667 , 0 , 7 , 14.2857142857143 , 97.2857142857143 
09-Jan-2004 09:46,200201,GATWICK,ISRAEL,TEL AVIV,MONARCH AIRLINES,D,C, 6 , 0 , 83.3333333333333 , 16.6666666666667 , 0 , 0 , 0 , 0 , 7 , 0 , 6 , 66.6666666666667 , 47.1666666666667 
09-Jan-2004 09:46,200201,GATWICK,ITALY,BERGAMO,MONARCH AIRLINES,A,C, 8 , 0 , 37.5 , 25 , 25 , 12.5 , 0 , 0 , 30.625 , 0 , 8 , 37.5 , 17.5 
09-Jan-2004 09:46,200201,GATWICK,ITALY,BERGAMO,MONARCH AIRLINES,D,C, 8 , 0 , 87.5 , 12.5 , 0 , 0 , 0 , 0 , 8.75 , 0 , 8 , 50 , 15.375 
09-Jan-2004 09:46,200201,GATWICK,ITALY,BERGAMO,MY TRAVEL AIRWAYS UK,A,C, 3 , 0 , 0 , 33.3333333333333 , 0 , 66.6666666666667 , 0 , 0 , 75 , 0 , 4 , 25 , 27.75 
09-Jan-2004 09:46,200201,GATWICK,ITALY,BERGAMO,MY TRAVEL AIRWAYS UK,D,C, 4 , 0 , 50 , 0 , 25 , 25 , 0 , 0 , 38 , 0 , 4 , 75 , 17 
09-Jan-2004 09:46,200201,GATWICK,ITALY,BOLOGNA,ALITALIA,A,S, 0 , 0 , 0 , 0 , 0 , 0 , 0 , 0 , 0 , 4 , 57 , 91.2280701754386 , 5.47368421052632 
09-Jan-2004 09:46,200201,GATWICK,ITALY,BOLOGNA,ALITALIA,D,S, 0 , 0 , 0 , 0 , 0 , 0 , 0 , 0 , 0 , 0 , 58 , 89.6551724137931 , 7.51724137931035 
09-Jan-2004 09:46,200201,GATWICK,ITALY,BOLOGNA,BRITISH AIRWAYS (EURO OPS) LGW,A,S, 83 , 0 , 62.6506024096386 , 15.6626506024096 , 13.2530120481928 , 7.2289156626506 , 0 , 1.20481927710843 , 24.3012048192771 , 0 , 0 , 0 , 0 
09-Jan-2004 09:46,200201,GATWICK,ITALY,BOLOGNA,BRITISH AIRWAYS (EURO OPS) LGW,D,S, 85 , 0 , 69.4117647058824 , 10.5882352941176 , 11.7647058823529 , 8.23529411764706 , 0 , 0 , 17.5529411764706 , 0 , 0 , 0 , 0 
09-Jan-2004 09:46,200201,GATWICK,ITALY,CAGLIARI (ELMAS),MY TRAVEL AIRWAYS UK,A,C, 0 , 0 , 0 , 0 , 0 , 0 , 0 , 0 , 0 , 0 , 1 , 100 , 5 
09-Jan-2004 09:46,200201,GATWICK,ITALY,CAGLIARI (ELMAS),MY TRAVEL AIRWAYS UK,D,C, 0 , 0 , 0 , 0 , 0 , 0 , 0 , 0 , 0 , 0 , 1 , 100 , 1 
09-Jan-2004 09:46,200201,GATWICK,ITALY,CATANIA (FONTANAROSSA),MERIDIANA AIR,A,S, 5 , 0 , 40 , 0 , 60 , 0 , 0 , 0 , 36 , 0 , 25 , 28 , 24.6 
09-Jan-2004 09:46,200201,GATWICK,ITALY,CATANIA (FONTANAROSSA),MERIDIANA AIR,D,S, 5 , 0 , 40 , 40 , 20 , 0 , 0 , 0 , 19.8 , 0 , 25 , 36 , 25.92 
09-Jan-2004 09:46,200201,GATWICK,ITALY,CATANIA (FONTANAROSSA),THOMAS COOK AIRLINES LTD,A,C, 1 , 0 , 0 , 0 , 0 , 100 , 0 , 0 , 66 , 0 , 1 , 0 , 23 
09-Jan-2004 09:46,200201,GATWICK,ITALY,CATANIA (FONTANAROSSA),THOMAS COOK AIRLINES LTD,D,C, 1 , 0 , 100 , 0 , 0 , 0 , 0 , 0 , 0 , 0 , 0 , 0 , 0 
09-Jan-2004 09:46,200201,GATWICK,ITALY,FLORENCE,MERIDIANA AIR,A,S, 61 , 0 , 70.4918032786885 , 14.7540983606557 , 6.55737704918033 , 8.19672131147541 , 0 , 0 , 16.2786885245902 , 1 , 82 , 82.9268292682927 , 11.4634146341463 
09-Jan-2004 09:46,200201,GATWICK,ITALY,FLORENCE,MERIDIANA AIR,D,S, 61 , 0 , 78.6885245901639 , 8.19672131147541 , 6.55737704918033 , 3.27868852459016 , 3.27868852459016 , 0 , 16.7868852459016 , 1 , 82 , 74.390243902439 , 17.0365853658537 
09-Jan-2004 09:46,200201,GATWICK,ITALY,GENOA,BRITISH AIRWAYS (EURO OPS) LGW,A,S, 22 , 0 , 72.7272727272727 , 0 , 9.09090909090909 , 18.1818181818182 , 0 , 0 , 24.5454545454545 , 0 , 26 , 92.3076923076923 , 3.5 
09-Jan-2004 09:46,200201,GATWICK,ITALY,GENOA,BRITISH AIRWAYS (EURO OPS) LGW,D,S, 23 , 0 , 65.2173913043478 , 13.0434782608696 , 8.69565217391304 , 13.0434782608696 , 0 , 0 , 20.9565217391304 , 0 , 27 , 85.1851851851852 , 7.25925925925926 
09-Jan-2004 09:46,200201,GATWICK,ITALY,MILAN (MALPENSA),BRITISH AIRWAYS (EURO OPS) LGW,A,S, 0 , 0 , 0 , 0 , 0 , 0 , 0 , 0 , 0 , 0 , 86 , 61.6279069767442 , 15.2441860465116 
09-Jan-2004 09:46,200201,GATWICK,ITALY,MILAN (MALPENSA),BRITISH AIRWAYS (EURO OPS) LGW,D,S, 0 , 0 , 0 , 0 , 0 , 0 , 0 , 0 , 0 , 0 , 88 , 80.6818181818182 , 11.4204545454545 
09-Jan-2004 09:46,200201,GATWICK,ITALY,NAPLES,BRITISH AIRWAYS (EURO OPS) LGW,A,S, 56 , 0 , 78.5714285714286 , 7.14285714285714 , 8.92857142857143 , 5.35714285714286 , 0 , 0 , 11.625 , 0 , 62 , 85.4838709677419 , 7.62903225806452 
09-Jan-2004 09:46,200201,GATWICK,ITALY,NAPLES,BRITISH AIRWAYS (EURO OPS) LGW,D,S, 57 , 0 , 85.9649122807018 , 5.26315789473684 , 5.26315789473684 , 3.50877192982456 , 0 , 0 , 8.26315789473684 , 0 , 62 , 91.9354838709677 , 7.04838709677419 
09-Jan-2004 09:46,200201,GATWICK,ITALY,NAPLES,THOMAS COOK AIRLINES LTD,D,C, 0 , 0 , 0 , 0 , 0 , 0 , 0 , 0 , 0 , 0 , 1 , 100 , 4 
09-Jan-2004 09:46,200201,GATWICK,ITALY,PALERMO,THOMAS COOK AIRLINES LTD,A,C, 0 , 0 , 0 , 0 , 0 , 0 , 0 , 0 , 0 , 0 , 2 , 0 , 25.5 
09-Jan-2004 09:46,200201,GATWICK,ITALY,PALERMO,THOMAS COOK AIRLINES LTD,D,C, 0 , 0 , 0 , 0 , 0 , 0 , 0 , 0 , 0 , 0 , 1 , 100 , 0 
09-Jan-2004 09:46,200201,GATWICK,ITALY,PISA,BRITISH AIRWAYS (EURO OPS) LGW,A,S, 55 , 0 , 80 , 7.27272727272727 , 7.27272727272727 , 3.63636363636364 , 1.81818181818182 , 0 , 15.5090909090909 , 0 , 60 , 90 , 6.76666666666667 
09-Jan-2004 09:46,200201,GATWICK,ITALY,PISA,BRITISH AIRWAYS (EURO OPS) LGW,D,S, 55 , 1 , 80 , 5.45454545454545 , 10.9090909090909 , 3.63636363636364 , 0 , 0 , 11.2 , 0 , 60 , 78.3333333333333 , 10.9666666666667 
09-Jan-2004 09:46,200201,GATWICK,ITALY,ROME (CIAMPINO),BRITANNIA AIRWAYS,A,C, 0 , 0 , 0 , 0 , 0 , 0 , 0 , 0 , 0 , 0 , 2 , 50 , 20 
09-Jan-2004 09:46,200201,GATWICK,ITALY,ROME (CIAMPINO),BRITANNIA AIRWAYS,D,C, 0 , 0 , 0 , 0 , 0 , 0 , 0 , 0 , 0 , 0 , 2 , 50 , 66 
09-Jan-2004 09:46,200201,GATWICK,ITALY,ROME (FIUMICINO),ALITALIA,A,S, 27 , 0 , 66.6666666666667 , 29.6296296296296 , 3.7037037037037 , 0 , 0 , 0 , 10.4074074074074 , 2 , 56 , 69.6428571428572 , 10.9821428571429 
09-Jan-2004 09:46,200201,GATWICK,ITALY,ROME (FIUMICINO),ALITALIA,D,S, 27 , 0 , 88.8888888888889 , 11.1111111111111 , 0 , 0 , 0 , 0 , 4.44444444444444 , 2 , 57 , 92.9824561403509 , 4.47368421052632 
09-Jan-2004 09:46,200201,GATWICK,ITALY,ROME (FIUMICINO),BRITISH AIRWAYS (EURO OPS) LGW,A,S, 30 , 1 , 63.3333333333333 , 20 , 16.6666666666667 , 0 , 0 , 0 , 14.2666666666667 , 0 , 92 , 83.695652173913 , 10.1413043478261 
09-Jan-2004 09:46,200201,GATWICK,ITALY,ROME (FIUMICINO),BRITISH AIRWAYS (EURO OPS) LGW,D,S, 31 , 0 , 87.0967741935484 , 6.45161290322581 , 6.45161290322581 , 0 , 0 , 0 , 5.83870967741936 , 0 , 92 , 91.304347826087 , 6.02173913043478 
09-Jan-2004 09:46,200201,GATWICK,ITALY,TRIESTE (RONCHI DEI LEGIONARI),EUROPEAN AIR CHARTER,A,C, 0 , 1 , 0 , 0 , 0 , 0 , 0 , 0 , 0 , 0 , 0 , 0 , 0 
09-Jan-2004 09:46,200201,GATWICK,ITALY,TRIESTE (RONCHI DEI LEGIONARI),EUROPEAN AIR CHARTER,D,C, 0 , 1 , 0 , 0 , 0 , 0 , 0 , 0 , 0 , 0 , 0 , 0 , 0 
09-Jan-2004 09:46,200201,GATWICK,ITALY,TURIN,AIR 2000,A,C, 11 , 0 , 54.5454545454545 , 18.1818181818182 , 9.09090909090909 , 0 , 18.1818181818182 , 0 , 64.0909090909091 , 0 , 8 , 12.5 , 34.125 
09-Jan-2004 09:46,200201,GATWICK,ITALY,TURIN,AIR 2000,D,C, 11 , 0 , 63.6363636363636 , 9.09090909090909 , 9.09090909090909 , 0 , 18.1818181818182 , 0 , 50.1818181818182 , 0 , 8 , 62.5 , 9.75 
09-Jan-2004 09:46,200201,GATWICK,ITALY,TURIN,BRITANNIA AIRWAYS,A,C, 8 , 0 , 37.5 , 25 , 25 , 12.5 , 0 , 0 , 28.5 , 0 , 12 , 16.6666666666667 , 66.3333333333333 
09-Jan-2004 09:46,200201,GATWICK,ITALY,TURIN,BRITANNIA AIRWAYS,D,C, 8 , 0 , 75 , 12.5 , 0 , 12.5 , 0 , 0 , 14.625 , 0 , 12 , 66.6666666666667 , 28.75 
09-Jan-2004 09:46,200201,GATWICK,ITALY,TURIN,FLYBE.BRITISH EUROPEAN,A,C, 4 , 1 , 0 , 25 , 75 , 0 , 0 , 0 , 34.75 , 0 , 0 , 0 , 0 
09-Jan-2004 09:46,200201,GATWICK,ITALY,TURIN,FLYBE.BRITISH EUROPEAN,D,C, 4 , 0 , 100 , 0 , 0 , 0 , 0 , 0 , 11 , 0 , 0 , 0 , 0 
09-Jan-2004 09:46,200201,GATWICK,ITALY,TURIN,MONARCH AIRLINES,A,C, 4 , 0 , 25 , 0 , 50 , 25 , 0 , 0 , 39 , 0 , 4 , 50 , 32 
09-Jan-2004 09:46,200201,GATWICK,ITALY,TURIN,MONARCH AIRLINES,D,C, 4 , 0 , 25 , 0 , 50 , 25 , 0 , 0 , 40.5 , 0 , 4 , 25 , 19.25 
09-Jan-2004 09:46,200201,GATWICK,ITALY,TURIN,MY TRAVEL AIRWAYS UK,A,C, 8 , 0 , 62.5 , 25 , 12.5 , 0 , 0 , 0 , 11 , 0 , 4 , 25 , 27.25 
09-Jan-2004 09:46,200201,GATWICK,ITALY,TURIN,MY TRAVEL AIRWAYS UK,D,C, 8 , 0 , 87.5 , 0 , 12.5 , 0 , 0 , 0 , 7.375 , 0 , 4 , 100 , 3.5 
09-Jan-2004 09:46,200201,GATWICK,ITALY,TURIN,THOMAS COOK AIRLINES LTD,A,C, 6 , 0 , 50 , 33.3333333333333 , 0 , 16.6666666666667 , 0 , 0 , 16.8333333333333 , 0 , 4 , 0 , 30.25 
09-Jan-2004 09:46,200201,GATWICK,ITALY,TURIN,THOMAS COOK AIRLINES LTD,D,C, 7 , 0 , 71.4285714285714 , 14.2857142857143 , 14.2857142857143 , 0 , 0 , 0 , 10.8571428571429 , 0 , 4 , 50 , 10.75 
09-Jan-2004 09:46,200201,GATWICK,ITALY,VENICE,ALITALIA,A,S, 0 , 0 , 0 , 0 , 0 , 0 , 0 , 0 , 0 , 0 , 86 , 88.3720930232558 , 7.31395348837209 
09-Jan-2004 09:46,200201,GATWICK,ITALY,VENICE,ALITALIA,D,S, 0 , 0 , 0 , 0 , 0 , 0 , 0 , 0 , 0 , 0 , 84 , 86.9047619047619 , 10.4285714285714 
09-Jan-2004 09:46,200201,GATWICK,ITALY,VENICE,BRITISH AIRWAYS (EURO OPS) LGW,A,S, 84 , 0 , 82.1428571428571 , 10.7142857142857 , 5.95238095238095 , 0 , 1.19047619047619 , 0 , 9.16666666666667 , 0 , 88 , 53.4090909090909 , 20.25 
09-Jan-2004 09:46,200201,GATWICK,ITALY,VENICE,BRITISH AIRWAYS (EURO OPS) LGW,D,S, 85 , 0 , 84.7058823529412 , 8.23529411764706 , 7.05882352941176 , 0 , 0 , 0 , 7 , 0 , 89 , 85.3932584269663 , 7.7752808988764 
09-Jan-2004 09:46,200201,GATWICK,ITALY,VERONA,AIR 2000,A,C, 4 , 0 , 75 , 25 , 0 , 0 , 0 , 0 , 11.25 , 0 , 4 , 25 , 34.5 
09-Jan-2004 09:46,200201,GATWICK,ITALY,VERONA,AIR 2000,D,C, 4 , 0 , 100 , 0 , 0 , 0 , 0 , 0 , 2.25 , 0 , 4 , 75 , 10.75 
09-Jan-2004 09:46,200201,GATWICK,ITALY,VERONA,BRITANNIA AIRWAYS,A,C, 4 , 0 , 25 , 25 , 50 , 0 , 0 , 0 , 28.75 , 0 , 4 , 0 , 55.75 
09-Jan-2004 09:46,200201,GATWICK,ITALY,VERONA,BRITANNIA AIRWAYS,D,C, 4 , 0 , 100 , 0 , 0 , 0 , 0 , 0 , 6.5 , 0 , 4 , 75 , 49.5 
09-Jan-2004 09:46,200201,GATWICK,ITALY,VERONA,BRITISH AIRWAYS (EURO OPS) LGW,A,S, 29 , 0 , 75.8620689655172 , 10.3448275862069 , 6.89655172413793 , 6.89655172413793 , 0 , 0 , 16.7931034482759 , 0 , 55 , 83.6363636363636 , 10.4 
09-Jan-2004 09:46,200201,GATWICK,ITALY,VERONA,BRITISH AIRWAYS (EURO OPS) LGW,D,S, 29 , 0 , 65.5172413793103 , 13.7931034482759 , 17.2413793103448 , 0 , 3.44827586206897 , 0 , 20.3103448275862 , 0 , 56 , 78.5714285714286 , 9.125 
09-Jan-2004 09:46,200201,GATWICK,IVORY COAST,ABIDJAN,BRITISH AIRWAYS PLC,D,S, 0 , 0 , 0 , 0 , 0 , 0 , 0 , 0 , 0 , 0 , 9 , 77.7777777777778 , 9.33333333333333 
09-Jan-2004 09:46,200201,GATWICK,JAMAICA,MONTEGO BAY,BRITISH AIRWAYS PLC,A,S, 17 , 0 , 35.2941176470588 , 11.7647058823529 , 17.6470588235294 , 23.5294117647059 , 5.88235294117647 , 5.88235294117647 , 78.7647058823529 , 0 , 17 , 52.9411764705882 , 32.2941176470588 
09-Jan-2004 09:46,200201,GATWICK,JAMAICA,MONTEGO BAY,BRITISH AIRWAYS PLC,D,S, 18 , 0 , 33.3333333333333 , 33.3333333333333 , 11.1111111111111 , 16.6666666666667 , 5.55555555555556 , 0 , 46.2777777777778 , 0 , 17 , 41.1764705882353 , 25.2352941176471 
09-Jan-2004 09:46,200201,GATWICK,JAMAICA,MONTEGO BAY,MONARCH AIRLINES,A,C, 5 , 0 , 20 , 0 , 20 , 40 , 20 , 0 , 91.4 , 0 , 5 , 20 , 75.6 
09-Jan-2004 09:46,200201,GATWICK,JAMAICA,MONTEGO BAY,MONARCH AIRLINES,D,C, 4 , 0 , 25 , 0 , 0 , 50 , 25 , 0 , 118.5 , 0 , 5 , 20 , 47.4 
09-Jan-2004 09:46,200201,GATWICK,JAMAICA,MONTEGO BAY,MY TRAVEL AIRWAYS UK,A,C, 3 , 0 , 33.3333333333333 , 0 , 0 , 66.6666666666667 , 0 , 0 , 92.3333333333333 , 0 , 5 , 60 , 18.2 
09-Jan-2004 09:46,200201,GATWICK,JAMAICA,MONTEGO BAY,MY TRAVEL AIRWAYS UK,D,C, 3 , 0 , 66.6666666666667 , 0 , 33.3333333333333 , 0 , 0 , 0 , 21 , 0 , 4 , 50 , 46.25 
09-Jan-2004 09:46,200201,GATWICK,KAZAKHSTAN,ALMA ATA,BRITISH AIRWAYS PLC,A,S, 0 , 0 , 0 , 0 , 0 , 0 , 0 , 0 , 0 , 0 , 13 , 84.6153846153846 , 64.1538461538462 
09-Jan-2004 09:46,200201,GATWICK,KAZAKHSTAN,ALMA ATA,BRITISH AIRWAYS PLC,D,S, 0 , 0 , 0 , 0 , 0 , 0 , 0 , 0 , 0 , 0 , 13 , 76.9230769230769 , 11.4615384615385 
09-Jan-2004 09:46,200201,GATWICK,KAZAKHSTAN,SHERCHENKO,EUROPEAN AIR CHARTER,A,C, 4 , 0 , 25 , 25 , 0 , 25 , 25 , 0 , 99.25 , 0 , 0 , 0 , 0 
09-Jan-2004 09:46,200201,GATWICK,KAZAKHSTAN,SHERCHENKO,EUROPEAN AIR CHARTER,D,C, 5 , 0 , 80 , 0 , 0 , 20 , 0 , 0 , 17.6 , 0 , 0 , 0 , 0 
09-Jan-2004 09:46,200201,GATWICK,KENYA,MOMBASA,AFRICAN SAFARI AIRWAYS-ASA,A,C, 4 , 0 , 25 , 25 , 25 , 25 , 0 , 0 , 35.5 , 0 , 2 , 50 , 8 
09-Jan-2004 09:46,200201,GATWICK,KENYA,MOMBASA,AFRICAN SAFARI AIRWAYS-ASA,D,C, 4 , 0 , 75 , 25 , 0 , 0 , 0 , 0 , 9.5 , 0 , 2 , 50 , 13 
09-Jan-2004 09:46,200201,GATWICK,KENYA,MOMBASA,BRITANNIA AIRWAYS,A,C, 2 , 0 , 50 , 50 , 0 , 0 , 0 , 0 , 20 , 0 , 5 , 60 , 19.4 
09-Jan-2004 09:46,200201,GATWICK,KENYA,MOMBASA,BRITANNIA AIRWAYS,D,C, 2 , 0 , 100 , 0 , 0 , 0 , 0 , 0 , 0 , 0 , 4 , 75 , 11.75 
09-Jan-2004 09:46,200201,GATWICK,KENYA,MOMBASA,MONARCH AIRLINES,A,C, 4 , 1 , 75 , 25 , 0 , 0 , 0 , 0 , 8.5 , 0 , 4 , 75 , 30 
09-Jan-2004 09:46,200201,GATWICK,KENYA,MOMBASA,MONARCH AIRLINES,D,C, 4 , 0 , 50 , 50 , 0 , 0 , 0 , 0 , 12 , 0 , 5 , 40 , 34.4 
09-Jan-2004 09:46,200201,GATWICK,KENYA,NAIROBI,BRITISH AIRWAYS PLC,A,S, 0 , 0 , 0 , 0 , 0 , 0 , 0 , 0 , 0 , 0 , 4 , 100 , 4 
09-Jan-2004 09:46,200201,GATWICK,KENYA,NAIROBI,BRITISH AIRWAYS PLC,D,S, 0 , 0 , 0 , 0 , 0 , 0 , 0 , 0 , 0 , 0 , 4 , 75 , 4.5 
09-Jan-2004 09:46,200201,GATWICK,KENYA,NAIROBI,DAS AIR CARGO(DAIRO AIR SVCS),A,C, 0 , 1 , 0 , 0 , 0 , 0 , 0 , 0 , 0 , 0 , 0 , 0 , 0 
09-Jan-2004 09:46,200201,GATWICK,LATVIA,RIGA,BRITISH AIRWAYS (EURO OPS) LGW,A,S, 21 , 0 , 90.4761904761905 , 4.76190476190476 , 0 , 4.76190476190476 , 0 , 0 , 7.14285714285714 , 0 , 17 , 94.1176470588235 , 4.35294117647059 
09-Jan-2004 09:46,200201,GATWICK,LATVIA,RIGA,BRITISH AIRWAYS (EURO OPS) LGW,D,S, 22 , 0 , 81.8181818181818 , 18.1818181818182 , 0 , 0 , 0 , 0 , 5.77272727272727 , 0 , 18 , 100 , 5.05555555555556 
09-Jan-2004 09:46,200201,GATWICK,LIBYA,TRIPOLI,BRITISH AIRWAYS (EURO OPS) LGW,A,S, 13 , 0 , 92.3076923076923 , 0 , 7.69230769230769 , 0 , 0 , 0 , 5.92307692307692 , 0 , 13 , 92.3076923076923 , 3.84615384615385 
09-Jan-2004 09:46,200201,GATWICK,LIBYA,TRIPOLI,BRITISH AIRWAYS (EURO OPS) LGW,D,S, 13 , 0 , 84.6153846153846 , 15.3846153846154 , 0 , 0 , 0 , 0 , 6 , 0 , 13 , 61.5384615384615 , 16.2307692307692 
09-Jan-2004 09:46,200201,GATWICK,LUXEMBOURG,LUXEMBOURG,CITY FLYER EXPRESS,A,S, 69 , 0 , 66.6666666666667 , 21.7391304347826 , 5.79710144927536 , 4.34782608695652 , 1.44927536231884 , 0 , 18.9130434782609 , 0 , 114 , 85.9649122807018 , 8.45614035087719 
09-Jan-2004 09:46,200201,GATWICK,LUXEMBOURG,LUXEMBOURG,CITY FLYER EXPRESS,D,S, 71 , 0 , 67.6056338028169 , 15.4929577464789 , 12.6760563380282 , 4.22535211267606 , 0 , 0 , 14.7887323943662 , 0 , 117 , 91.4529914529915 , 4.4957264957265 
09-Jan-2004 09:46,200201,GATWICK,MACEDONIA,SKOPJE,BRITISH AIRWAYS (EURO OPS) LGW,A,S, 0 , 0 , 0 , 0 , 0 , 0 , 0 , 0 , 0 , 0 , 14 , 64.2857142857143 , 20.9285714285714 
09-Jan-2004 09:46,200201,GATWICK,MACEDONIA,SKOPJE,BRITISH AIRWAYS (EURO OPS) LGW,D,S, 0 , 0 , 0 , 0 , 0 , 0 , 0 , 0 , 0 , 0 , 14 , 71.4285714285714 , 17 
09-Jan-2004 09:46,200201,GATWICK,MALAWI,LILONGWE,BRITISH AIRWAYS PLC,A,S, 0 , 0 , 0 , 0 , 0 , 0 , 0 , 0 , 0 , 0 , 4 , 50 , 36.25 
09-Jan-2004 09:46,200201,GATWICK,MALAWI,LILONGWE,BRITISH AIRWAYS PLC,D,S, 0 , 0 , 0 , 0 , 0 , 0 , 0 , 0 , 0 , 0 , 4 , 50 , 13.5 
09-Jan-2004 09:46,200201,GATWICK,MALDIVE ISLANDS,MALE INTERNATIONAL,AIR 2000,A,C, 4 , 0 , 0 , 50 , 50 , 0 , 0 , 0 , 34.25 , 0 , 5 , 20 , 29.2 
09-Jan-2004 09:46,200201,GATWICK,MALDIVE ISLANDS,MALE INTERNATIONAL,AIR 2000,D,C, 4 , 0 , 50 , 25 , 25 , 0 , 0 , 0 , 20.5 , 0 , 4 , 100 , 6.25 
09-Jan-2004 09:46,200201,GATWICK,MALDIVE ISLANDS,MALE INTERNATIONAL,MONARCH AIRLINES,A,C, 4 , 0 , 0 , 50 , 25 , 25 , 0 , 0 , 37.25 , 0 , 5 , 60 , 10.4 
09-Jan-2004 09:46,200201,GATWICK,MALDIVE ISLANDS,MALE INTERNATIONAL,MONARCH AIRLINES,D,C, 4 , 0 , 75 , 25 , 0 , 0 , 0 , 0 , 6.25 , 0 , 4 , 75 , 21.75 
09-Jan-2004 09:46,200201,GATWICK,MALDIVE ISLANDS,MALE INTERNATIONAL,MY TRAVEL AIRWAYS UK,A,C, 4 , 0 , 0 , 25 , 25 , 25 , 25 , 0 , 97.75 , 0 , 5 , 20 , 49.6 
09-Jan-2004 09:46,200201,GATWICK,MALDIVE ISLANDS,MALE INTERNATIONAL,MY TRAVEL AIRWAYS UK,D,C, 4 , 0 , 25 , 25 , 50 , 0 , 0 , 0 , 30 , 0 , 4 , 50 , 41 
09-Jan-2004 09:46,200201,GATWICK,MALTA,MALTA,AIR 2000,A,C, 5 , 0 , 60 , 40 , 0 , 0 , 0 , 0 , 9.2 , 0 , 5 , 0 , 33.6 
09-Jan-2004 09:46,200201,GATWICK,MALTA,MALTA,AIR 2000,D,C, 5 , 0 , 100 , 0 , 0 , 0 , 0 , 0 , 0.4 , 0 , 5 , 80 , 5.2 
09-Jan-2004 09:46,200201,GATWICK,MALTA,MALTA,AIR MALTA,A,S, 18 , 0 , 94.4444444444444 , 5.55555555555556 , 0 , 0 , 0 , 0 , 2.61111111111111 , 4 , 27 , 85.1851851851852 , 3.62962962962963 
09-Jan-2004 09:46,200201,GATWICK,MALTA,MALTA,AIR MALTA,D,S, 18 , 0 , 88.8888888888889 , 5.55555555555556 , 5.55555555555556 , 0 , 0 , 0 , 4.77777777777778 , 4 , 28 , 89.2857142857143 , 5.32142857142857 
09-Jan-2004 09:46,200201,GATWICK,MALTA,MALTA,BRITANNIA AIRWAYS,A,C, 6 , 0 , 100 , 0 , 0 , 0 , 0 , 0 , 5.66666666666667 , 0 , 9 , 66.6666666666667 , 13.8888888888889 
09-Jan-2004 09:46,200201,GATWICK,MALTA,MALTA,BRITANNIA AIRWAYS,D,C, 6 , 0 , 83.3333333333333 , 16.6666666666667 , 0 , 0 , 0 , 0 , 3.83333333333333 , 0 , 9 , 100 , 2.55555555555556 
09-Jan-2004 09:46,200201,GATWICK,MALTA,MALTA,EXCEL AIRWAYS LTD,A,S, 6 , 0 , 66.6666666666667 , 0 , 16.6666666666667 , 16.6666666666667 , 0 , 0 , 27.3333333333333 , 0 , 6 , 100 , 0.333333333333333 
09-Jan-2004 09:46,200201,GATWICK,MALTA,MALTA,EXCEL AIRWAYS LTD,D,S, 6 , 0 , 83.3333333333333 , 0 , 0 , 16.6666666666667 , 0 , 0 , 14.6666666666667 , 0 , 6 , 100 , 4.66666666666667 
09-Jan-2004 09:46,200201,GATWICK,MALTA,MALTA,GB AIRWAYS LTD,A,S, 27 , 0 , 77.7777777777778 , 11.1111111111111 , 3.7037037037037 , 7.40740740740741 , 0 , 0 , 13.5925925925926 , 0 , 26 , 96.1538461538462 , 9.03846153846154 
09-Jan-2004 09:46,200201,GATWICK,MALTA,MALTA,GB AIRWAYS LTD,D,S, 27 , 0 , 74.0740740740741 , 11.1111111111111 , 11.1111111111111 , 3.7037037037037 , 0 , 0 , 14.1481481481481 , 0 , 27 , 77.7777777777778 , 16.9259259259259 
09-Jan-2004 09:46,200201,GATWICK,MALTA,MALTA,MY TRAVEL AIRWAYS UK,A,C, 5 , 0 , 100 , 0 , 0 , 0 , 0 , 0 , 1.4 , 0 , 5 , 80 , 7.6 
09-Jan-2004 09:46,200201,GATWICK,MALTA,MALTA,MY TRAVEL AIRWAYS UK,D,C, 5 , 0 , 100 , 0 , 0 , 0 , 0 , 0 , 3.4 , 0 , 5 , 100 , 3.2 
09-Jan-2004 09:46,200201,GATWICK,MALTA,MALTA,THOMAS COOK AIRLINES LTD,A,C, 1 , 0 , 100 , 0 , 0 , 0 , 0 , 0 , 11 , 0 , 1 , 0 , 37 
09-Jan-2004 09:46,200201,GATWICK,MALTA,MALTA,THOMAS COOK AIRLINES LTD,D,C, 1 , 0 , 100 , 0 , 0 , 0 , 0 , 0 , 0 , 0 , 1 , 100 , 6 
09-Jan-2004 09:46,200201,GATWICK,MAURITIUS,MAURITIUS,BRITISH AIRWAYS PLC,A,S, 13 , 1 , 84.6153846153846 , 15.3846153846154 , 0 , 0 , 0 , 0 , 6.23076923076923 , 1 , 13 , 84.6153846153846 , 7.46153846153846 
09-Jan-2004 09:46,200201,GATWICK,MAURITIUS,MAURITIUS,BRITISH AIRWAYS PLC,D,S, 14 , 0 , 64.2857142857143 , 14.2857142857143 , 21.4285714285714 , 0 , 0 , 0 , 13.7857142857143 , 0 , 13 , 84.6153846153846 , 6.84615384615385 
09-Jan-2004 09:46,200201,GATWICK,MEXICO,ACAPULCO,BRITANNIA AIRWAYS,A,C, 1 , 0 , 0 , 0 , 0 , 100 , 0 , 0 , 83 , 0 , 0 , 0 , 0 
09-Jan-2004 09:46,200201,GATWICK,MEXICO,ACAPULCO,BRITANNIA AIRWAYS,D,C, 1 , 0 , 0 , 100 , 0 , 0 , 0 , 0 , 23 , 0 , 0 , 0 , 0 
09-Jan-2004 09:46,200201,GATWICK,MEXICO,CANCUN,AIR 2000,A,C, 5 , 0 , 80 , 20 , 0 , 0 , 0 , 0 , 10.2 , 0 , 0 , 0 , 0 
09-Jan-2004 09:46,200201,GATWICK,MEXICO,CANCUN,AIR 2000,D,C, 5 , 0 , 100 , 0 , 0 , 0 , 0 , 0 , 4 , 0 , 0 , 0 , 0 
09-Jan-2004 09:46,200201,GATWICK,MEXICO,CANCUN,BRITISH AIRWAYS PLC,A,S, 9 , 0 , 55.5555555555556 , 11.1111111111111 , 22.2222222222222 , 11.1111111111111 , 0 , 0 , 29.5555555555556 , 0 , 9 , 66.6666666666667 , 161.222222222222 
09-Jan-2004 09:46,200201,GATWICK,MEXICO,CANCUN,BRITISH AIRWAYS PLC,D,S, 8 , 0 , 50 , 12.5 , 12.5 , 12.5 , 12.5 , 0 , 43.125 , 0 , 9 , 55.5555555555556 , 50.1111111111111 
09-Jan-2004 09:46,200201,GATWICK,MEXICO,CANCUN,MY TRAVEL AIRWAYS UK,A,C, 4 , 0 , 25 , 25 , 25 , 25 , 0 , 0 , 51.5 , 0 , 8 , 50 , 47.875 
09-Jan-2004 09:46,200201,GATWICK,MEXICO,CANCUN,MY TRAVEL AIRWAYS UK,D,C, 5 , 0 , 0 , 60 , 0 , 40 , 0 , 0 , 53.6 , 0 , 8 , 87.5 , 23.5 
09-Jan-2004 09:46,200201,GATWICK,MEXICO,CANCUN,THOMAS COOK AIRLINES LTD,A,C, 1 , 0 , 0 , 0 , 0 , 100 , 0 , 0 , 105 , 0 , 1 , 0 , 18 
09-Jan-2004 09:46,200201,GATWICK,MEXICO,CANCUN,THOMAS COOK AIRLINES LTD,D,C, 1 , 0 , 0 , 0 , 100 , 0 , 0 , 0 , 42 , 0 , 0 , 0 , 0 
09-Jan-2004 09:46,200201,GATWICK,MEXICO,PUERTO VALLARTA,AIR 2000,A,C, 4 , 0 , 25 , 0 , 25 , 25 , 0 , 25 , 155.75 , 0 , 7 , 57.1428571428571 , 9.85714285714286 
09-Jan-2004 09:46,200201,GATWICK,MEXICO,PUERTO VALLARTA,AIR 2000,D,C, 4 , 0 , 25 , 25 , 25 , 0 , 0 , 25 , 131 , 0 , 1 , 100 , 11 
09-Jan-2004 09:46,200201,GATWICK,MOROCCO,AGADIR,AIR 2000,A,C, 0 , 0 , 0 , 0 , 0 , 0 , 0 , 0 , 0 , 0 , 1 , 0 , 16 
09-Jan-2004 09:46,200201,GATWICK,MOROCCO,AGADIR,GB AIRWAYS LTD,D,S, 4 , 0 , 50 , 0 , 0 , 25 , 25 , 0 , 112.75 , 0 , 0 , 0 , 0 
09-Jan-2004 09:46,200201,GATWICK,MOROCCO,AGADIR,MONARCH AIRLINES,A,C, 0 , 0 , 0 , 0 , 0 , 0 , 0 , 0 , 0 , 0 , 4 , 0 , 47.25 
09-Jan-2004 09:46,200201,GATWICK,MOROCCO,AGADIR,MONARCH AIRLINES,D,C, 0 , 0 , 0 , 0 , 0 , 0 , 0 , 0 , 0 , 0 , 4 , 75 , 7.75 
09-Jan-2004 09:46,200201,GATWICK,MOROCCO,AGADIR,MY TRAVEL AIRWAYS UK,A,C, 1 , 0 , 0 , 0 , 0 , 0 , 100 , 0 , 185 , 0 , 0 , 0 , 0 
09-Jan-2004 09:46,200201,GATWICK,MOROCCO,AGADIR,MY TRAVEL AIRWAYS UK,D,C, 0 , 1 , 0 , 0 , 0 , 0 , 0 , 0 , 0 , 0 , 0 , 0 , 0 
09-Jan-2004 09:46,200201,GATWICK,MOROCCO,CASABLANCA MOHAMED V,AIR 2000,A,C, 0 , 0 , 0 , 0 , 0 , 0 , 0 , 0 , 0 , 0 , 1 , 0 , 33 
09-Jan-2004 09:46,200201,GATWICK,MOROCCO,CASABLANCA MOHAMED V,AIR 2000,D,C, 0 , 0 , 0 , 0 , 0 , 0 , 0 , 0 , 0 , 0 , 2 , 100 , 9.5 
09-Jan-2004 09:46,200201,GATWICK,MOROCCO,MARRAKESH,AIR 2000,A,C, 0 , 0 , 0 , 0 , 0 , 0 , 0 , 0 , 0 , 0 , 1 , 100 , 2 
09-Jan-2004 09:46,200201,GATWICK,MOROCCO,MARRAKESH,AIR 2000,D,C, 0 , 0 , 0 , 0 , 0 , 0 , 0 , 0 , 0 , 0 , 1 , 0 , 20 
09-Jan-2004 09:46,200201,GATWICK,MOROCCO,MARRAKESH,EXCEL AIRWAYS LTD,D,C, 2 , 0 , 50 , 50 , 0 , 0 , 0 , 0 , 14 , 0 , 0 , 0 , 0 
09-Jan-2004 09:46,200201,GATWICK,MOROCCO,MARRAKESH,GB AIRWAYS LTD,A,S, 4 , 0 , 25 , 0 , 25 , 25 , 25 , 0 , 106.75 , 0 , 0 , 0 , 0 
09-Jan-2004 09:46,200201,GATWICK,MOROCCO,MARRAKESH,MONARCH AIRLINES,A,C, 0 , 0 , 0 , 0 , 0 , 0 , 0 , 0 , 0 , 0 , 5 , 0 , 41.4 
09-Jan-2004 09:46,200201,GATWICK,MOROCCO,MARRAKESH,MONARCH AIRLINES,D,C, 0 , 0 , 0 , 0 , 0 , 0 , 0 , 0 , 0 , 0 , 5 , 80 , 4.8 
09-Jan-2004 09:46,200201,GATWICK,NEPAL,KATHMANDU,ROYAL NEPAL AIRLINES,A,S, 0 , 0 , 0 , 0 , 0 , 0 , 0 , 0 , 0 , 0 , 8 , 0 , 98.625 
09-Jan-2004 09:46,200201,GATWICK,NEPAL,KATHMANDU,ROYAL NEPAL AIRLINES,D,S, 0 , 0 , 0 , 0 , 0 , 0 , 0 , 0 , 0 , 0 , 8 , 25 , 70 
09-Jan-2004 09:46,200201,GATWICK,NETHERLANDS,AMSTERDAM,CITY FLYER EXPRESS,A,S, 212 , 1 , 69.811320754717 , 8.0188679245283 , 8.9622641509434 , 11.3207547169811 , 1.88679245283019 , 0 , 23.2783018867925 , 0 , 196 , 73.469387755102 , 15.0612244897959 
09-Jan-2004 09:46,200201,GATWICK,NETHERLANDS,AMSTERDAM,CITY FLYER EXPRESS,D,S, 214 , 0 , 65.8878504672897 , 8.8785046728972 , 13.0841121495327 , 10.7476635514019 , 1.4018691588785 , 0 , 24.8691588785047 , 0 , 196 , 76.0204081632653 , 13.3826530612245 
09-Jan-2004 09:46,200201,GATWICK,NETHERLANDS,AMSTERDAM,EASYJET AIRLINE COMPANY LTD,A,S, 123 , 0 , 60.9756097560976 , 14.6341463414634 , 14.6341463414634 , 9.75609756097561 , 0 , 0 , 20.9918699186992 , 0 , 0 , 0 , 0 
09-Jan-2004 09:46,200201,GATWICK,NETHERLANDS,AMSTERDAM,EASYJET AIRLINE COMPANY LTD,D,S, 123 , 0 , 58.5365853658537 , 15.4471544715447 , 13.0081300813008 , 11.3821138211382 , 1.6260162601626 , 0 , 26.6016260162602 , 0 , 0 , 0 , 0 
09-Jan-2004 09:46,200201,GATWICK,NETHERLANDS,EINDHOVEN,B A S E BUSINESS AIRLINES,A,S, 0 , 0 , 0 , 0 , 0 , 0 , 0 , 0 , 0 , 0 , 29 , 93.1034482758621 , 7.44827586206897 
09-Jan-2004 09:46,200201,GATWICK,NETHERLANDS,EINDHOVEN,B A S E BUSINESS AIRLINES,D,S, 0 , 0 , 0 , 0 , 0 , 0 , 0 , 0 , 0 , 0 , 30 , 86.6666666666667 , 10.8666666666667 
09-Jan-2004 09:46,200201,GATWICK,NETHERLANDS,ROTTERDAM,CITY FLYER EXPRESS,A,S, 0 , 0 , 0 , 0 , 0 , 0 , 0 , 0 , 0 , 0 , 71 , 85.9154929577465 , 9.52112676056338 
09-Jan-2004 09:46,200201,GATWICK,NETHERLANDS,ROTTERDAM,CITY FLYER EXPRESS,D,S, 0 , 0 , 0 , 0 , 0 , 0 , 0 , 0 , 0 , 0 , 75 , 81.3333333333333 , 10.52 
09-Jan-2004 09:46,200201,GATWICK,NETHERLANDS,ROTTERDAM,TTA - TRANS TRAVEL AIRLINES BV,A,S, 71 , 0 , 63.3802816901408 , 16.9014084507042 , 9.85915492957746 , 9.85915492957746 , 0 , 0 , 20.056338028169 , 3 , 0 , 0 , 0 
09-Jan-2004 09:46,200201,GATWICK,NETHERLANDS,ROTTERDAM,TTA - TRANS TRAVEL AIRLINES BV,D,S, 71 , 0 , 87.3239436619718 , 5.63380281690141 , 4.22535211267606 , 2.8169014084507 , 0 , 0 , 6.36619718309859 , 3 , 0 , 0 , 0 
09-Jan-2004 09:46,200201,GATWICK,NIGERIA,ABUJA,BRITISH AIRWAYS PLC,A,S, 14 , 0 , 92.8571428571429 , 0 , 7.14285714285714 , 0 , 0 , 0 , 2.64285714285714 , 0 , 11 , 100 , 4 
09-Jan-2004 09:46,200201,GATWICK,NIGERIA,ABUJA,BRITISH AIRWAYS PLC,D,S, 13 , 0 , 76.9230769230769 , 15.3846153846154 , 7.69230769230769 , 0 , 0 , 0 , 8.46153846153846 , 0 , 12 , 50 , 20.6666666666667 
09-Jan-2004 09:46,200201,GATWICK,NIGERIA,LAGOS,BRITISH AIRWAYS PLC,A,S, 31 , 0 , 80.6451612903226 , 12.9032258064516 , 3.2258064516129 , 3.2258064516129 , 0 , 0 , 8.16129032258065 , 0 , 31 , 70.9677419354839 , 13.1612903225806 
09-Jan-2004 09:46,200201,GATWICK,NIGERIA,LAGOS,BRITISH AIRWAYS PLC,D,S, 31 , 0 , 48.3870967741935 , 19.3548387096774 , 25.8064516129032 , 0 , 6.45161290322581 , 0 , 32.741935483871 , 0 , 31 , 35.4838709677419 , 45.0967741935484 
09-Jan-2004 09:46,200201,GATWICK,NORWAY,BERGEN,BRAATHENS ASA,A,S, 31 , 0 , 80.6451612903226 , 9.67741935483871 , 9.67741935483871 , 0 , 0 , 0 , 9.25806451612903 , 0 , 31 , 64.5161290322581 , 16.6451612903226 
09-Jan-2004 09:46,200201,GATWICK,NORWAY,BERGEN,BRAATHENS ASA,D,S, 31 , 0 , 83.8709677419355 , 12.9032258064516 , 3.2258064516129 , 0 , 0 , 0 , 6.19354838709677 , 0 , 31 , 83.8709677419355 , 9.41935483870968 
09-Jan-2004 09:46,200201,GATWICK,NORWAY,FAGERNES/LEIRIN,CITY FLYER EXPRESS,A,C, 0 , 0 , 0 , 0 , 0 , 0 , 0 , 0 , 0 , 0 , 2 , 50 , 62.5 
09-Jan-2004 09:46,200201,GATWICK,NORWAY,FAGERNES/LEIRIN,CITY FLYER EXPRESS,D,C, 0 , 0 , 0 , 0 , 0 , 0 , 0 , 0 , 0 , 0 , 2 , 50 , 22.5 
09-Jan-2004 09:46,200201,GATWICK,NORWAY,GEILO (DAGALI),CITY FLYER EXPRESS,A,C, 4 , 0 , 50 , 50 , 0 , 0 , 0 , 0 , 14 , 0 , 3 , 33.3333333333333 , 28.3333333333333 
09-Jan-2004 09:46,200201,GATWICK,NORWAY,GEILO (DAGALI),CITY FLYER EXPRESS,D,C, 4 , 0 , 75 , 25 , 0 , 0 , 0 , 0 , 8.25 , 0 , 4 , 100 , 4 
09-Jan-2004 09:46,200201,GATWICK,NORWAY,GEILO (DAGALI),FLYBE.BRITISH EUROPEAN,A,C, 4 , 0 , 25 , 25 , 50 , 0 , 0 , 0 , 35.5 , 0 , 0 , 0 , 0 
09-Jan-2004 09:46,200201,GATWICK,NORWAY,GEILO (DAGALI),FLYBE.BRITISH EUROPEAN,D,C, 4 , 0 , 50 , 0 , 50 , 0 , 0 , 0 , 27.75 , 0 , 0 , 0 , 0 
09-Jan-2004 09:46,200201,GATWICK,NORWAY,KRISTIANSAND (KJEVIK),MAERSK AIR,A,S, 0 , 0 , 0 , 0 , 0 , 0 , 0 , 0 , 0 , 0 , 26 , 69.2307692307692 , 16.6153846153846 
09-Jan-2004 09:46,200201,GATWICK,NORWAY,KRISTIANSAND (KJEVIK),MAERSK AIR,D,S, 0 , 0 , 0 , 0 , 0 , 0 , 0 , 0 , 0 , 0 , 26 , 96.1538461538462 , 4.30769230769231 
09-Jan-2004 09:46,200201,GATWICK,NORWAY,OSLO (GARDERMOEN),BRAATHENS ASA,A,S, 11 , 0 , 63.6363636363636 , 9.09090909090909 , 9.09090909090909 , 18.1818181818182 , 0 , 0 , 34.1818181818182 , 0 , 61 , 68.8524590163934 , 14.2131147540984 
09-Jan-2004 09:46,200201,GATWICK,NORWAY,OSLO (GARDERMOEN),BRAATHENS ASA,D,S, 11 , 0 , 54.5454545454545 , 9.09090909090909 , 9.09090909090909 , 27.2727272727273 , 0 , 0 , 33.8181818181818 , 17 , 61 , 86.8852459016394 , 11.6229508196721 
09-Jan-2004 09:46,200201,GATWICK,NORWAY,OSLO (GARDERMOEN),CITY FLYER EXPRESS,A,C, 0 , 0 , 0 , 0 , 0 , 0 , 0 , 0 , 0 , 0 , 1 , 100 , 0 
09-Jan-2004 09:46,200201,GATWICK,NORWAY,OSLO (GARDERMOEN),CITY FLYER EXPRESS,D,C, 0 , 0 , 0 , 0 , 0 , 0 , 0 , 0 , 0 , 0 , 1 , 100 , 5 
09-Jan-2004 09:46,200201,GATWICK,POLAND,GDANSK,BRITISH AIRWAYS (EURO OPS) LGW,A,S, 0 , 0 , 0 , 0 , 0 , 0 , 0 , 0 , 0 , 0 , 14 , 92.8571428571429 , 1.71428571428571 
09-Jan-2004 09:46,200201,GATWICK,POLAND,GDANSK,BRITISH AIRWAYS (EURO OPS) LGW,D,S, 0 , 0 , 0 , 0 , 0 , 0 , 0 , 0 , 0 , 0 , 14 , 92.8571428571429 , 4.07142857142857 
09-Jan-2004 09:46,200201,GATWICK,POLAND,KRAKOW,LOT-POLISH AIRLINES,A,S, 29 , 0 , 82.7586206896552 , 6.89655172413793 , 6.89655172413793 , 3.44827586206897 , 0 , 0 , 9 , 1 , 30 , 90 , 8.43333333333333 
09-Jan-2004 09:46,200201,GATWICK,POLAND,KRAKOW,LOT-POLISH AIRLINES,D,S, 29 , 0 , 75.8620689655172 , 3.44827586206897 , 13.7931034482759 , 6.89655172413793 , 0 , 0 , 13.2413793103448 , 1 , 30 , 76.6666666666667 , 10.9333333333333 
09-Jan-2004 09:46,200201,GATWICK,POLAND,KRAKOW,MY TRAVEL AIRWAYS UK,A,C, 1 , 0 , 0 , 100 , 0 , 0 , 0 , 0 , 19 , 0 , 0 , 0 , 0 
09-Jan-2004 09:46,200201,GATWICK,POLAND,KRAKOW,MY TRAVEL AIRWAYS UK,D,C, 1 , 0 , 100 , 0 , 0 , 0 , 0 , 0 , 3 , 0 , 0 , 0 , 0 
09-Jan-2004 09:46,200201,GATWICK,POLAND,WARSAW,LOT-POLISH AIRLINES,A,S, 0 , 0 , 0 , 0 , 0 , 0 , 0 , 0 , 0 , 0 , 26 , 84.6153846153846 , 5.84615384615385 
09-Jan-2004 09:46,200201,GATWICK,POLAND,WARSAW,LOT-POLISH AIRLINES,D,S, 0 , 0 , 0 , 0 , 0 , 0 , 0 , 0 , 0 , 0 , 25 , 92 , 4.84 
09-Jan-2004 09:46,200201,GATWICK,PORTUGAL(EXCLUDING MADEIRA),FARO,AIR 2000,A,C, 2 , 0 , 0 , 0 , 50 , 0 , 50 , 0 , 132 , 0 , 1 , 100 , 15 
09-Jan-2004 09:46,200201,GATWICK,PORTUGAL(EXCLUDING MADEIRA),FARO,AIR 2000,A,S, 4 , 0 , 75 , 0 , 0 , 0 , 25 , 0 , 59.5 , 0 , 5 , 60 , 16.6 
09-Jan-2004 09:46,200201,GATWICK,PORTUGAL(EXCLUDING MADEIRA),FARO,AIR 2000,D,C, 1 , 0 , 100 , 0 , 0 , 0 , 0 , 0 , 8 , 0 , 1 , 100 , 15 
09-Jan-2004 09:46,200201,GATWICK,PORTUGAL(EXCLUDING MADEIRA),FARO,AIR 2000,D,S, 4 , 0 , 75 , 0 , 0 , 0 , 25 , 0 , 67 , 1 , 5 , 60 , 23.4 
09-Jan-2004 09:46,200201,GATWICK,PORTUGAL(EXCLUDING MADEIRA),FARO,BRAATHENS ASA,A,C, 1 , 0 , 100 , 0 , 0 , 0 , 0 , 0 , 0 , 0 , 0 , 0 , 0 
09-Jan-2004 09:46,200201,GATWICK,PORTUGAL(EXCLUDING MADEIRA),FARO,BRAATHENS ASA,D,C, 1 , 0 , 100 , 0 , 0 , 0 , 0 , 0 , 14 , 0 , 0 , 0 , 0 
09-Jan-2004 09:46,200201,GATWICK,PORTUGAL(EXCLUDING MADEIRA),FARO,BRITANNIA AIRWAYS,A,C, 6 , 0 , 83.3333333333333 , 0 , 16.6666666666667 , 0 , 0 , 0 , 8.83333333333333 , 0 , 5 , 60 , 17.8 
09-Jan-2004 09:46,200201,GATWICK,PORTUGAL(EXCLUDING MADEIRA),FARO,BRITANNIA AIRWAYS,D,C, 6 , 0 , 83.3333333333333 , 16.6666666666667 , 0 , 0 , 0 , 0 , 7 , 0 , 5 , 80 , 8 
09-Jan-2004 09:46,200201,GATWICK,PORTUGAL(EXCLUDING MADEIRA),FARO,BRITISH AIRWAYS PLC,A,C, 1 , 0 , 100 , 0 , 0 , 0 , 0 , 0 , 0 , 0 , 2 , 100 , 0 
09-Jan-2004 09:46,200201,GATWICK,PORTUGAL(EXCLUDING MADEIRA),FARO,BRITISH AIRWAYS PLC,D,C, 1 , 0 , 100 , 0 , 0 , 0 , 0 , 0 , 3 , 0 , 2 , 100 , 4 
09-Jan-2004 09:46,200201,GATWICK,PORTUGAL(EXCLUDING MADEIRA),FARO,EXCEL AIRWAYS LTD,A,C, 1 , 0 , 0 , 0 , 0 , 100 , 0 , 0 , 157 , 0 , 0 , 0 , 0 
09-Jan-2004 09:46,200201,GATWICK,PORTUGAL(EXCLUDING MADEIRA),FARO,EXCEL AIRWAYS LTD,D,C, 1 , 0 , 0 , 0 , 0 , 100 , 0 , 0 , 156 , 0 , 0 , 0 , 0 
09-Jan-2004 09:46,200201,GATWICK,PORTUGAL(EXCLUDING MADEIRA),FARO,GB AIRWAYS LTD,A,S, 15 , 0 , 93.3333333333333 , 0 , 6.66666666666667 , 0 , 0 , 0 , 5.93333333333333 , 3 , 31 , 83.8709677419355 , 12.8064516129032 
09-Jan-2004 09:46,200201,GATWICK,PORTUGAL(EXCLUDING MADEIRA),FARO,GB AIRWAYS LTD,D,S, 14 , 0 , 100 , 0 , 0 , 0 , 0 , 0 , 3.42857142857143 , 3 , 31 , 87.0967741935484 , 7.7741935483871 
09-Jan-2004 09:46,200201,GATWICK,PORTUGAL(EXCLUDING MADEIRA),FARO,MONARCH AIRLINES,A,C, 3 , 0 , 0 , 0 , 33.3333333333333 , 66.6666666666667 , 0 , 0 , 101.666666666667 , 0 , 3 , 0 , 20.3333333333333 
09-Jan-2004 09:46,200201,GATWICK,PORTUGAL(EXCLUDING MADEIRA),FARO,MONARCH AIRLINES,D,C, 3 , 0 , 33.3333333333333 , 0 , 33.3333333333333 , 0 , 33.3333333333333 , 0 , 81 , 0 , 3 , 100 , 1.66666666666667 
09-Jan-2004 09:46,200201,GATWICK,PORTUGAL(EXCLUDING MADEIRA),FARO,MY TRAVEL AIRWAYS UK,A,C, 5 , 0 , 60 , 20 , 20 , 0 , 0 , 0 , 20.6 , 0 , 5 , 20 , 265.8 
09-Jan-2004 09:46,200201,GATWICK,PORTUGAL(EXCLUDING MADEIRA),FARO,MY TRAVEL AIRWAYS UK,D,C, 5 , 0 , 60 , 40 , 0 , 0 , 0 , 0 , 9.8 , 0 , 5 , 80 , 7.4 
09-Jan-2004 09:46,200201,GATWICK,PORTUGAL(EXCLUDING MADEIRA),FARO,THOMAS COOK AIRLINES LTD,A,C, 4 , 0 , 25 , 50 , 25 , 0 , 0 , 0 , 22.75 , 0 , 5 , 80 , 6.6 
09-Jan-2004 09:46,200201,GATWICK,PORTUGAL(EXCLUDING MADEIRA),FARO,THOMAS COOK AIRLINES LTD,D,C, 4 , 0 , 50 , 50 , 0 , 0 , 0 , 0 , 13.25 , 0 , 5 , 100 , 1.4 
09-Jan-2004 09:46,200201,GATWICK,PORTUGAL(EXCLUDING MADEIRA),LISBON,AIR PORTUGAL,A,S, 61 , 0 , 77.0491803278689 , 8.19672131147541 , 9.83606557377049 , 3.27868852459016 , 1.63934426229508 , 0 , 13.1147540983607 , 1 , 31 , 87.0967741935484 , 6.48387096774194 
09-Jan-2004 09:46,200201,GATWICK,PORTUGAL(EXCLUDING MADEIRA),LISBON,AIR PORTUGAL,D,S, 55 , 4 , 87.2727272727273 , 3.63636363636364 , 5.45454545454545 , 1.81818181818182 , 1.81818181818182 , 0 , 10 , 2 , 31 , 96.7741935483871 , 3.83870967741936 
09-Jan-2004 09:46,200201,GATWICK,PORTUGAL(EXCLUDING MADEIRA),LISBON,GB AIRWAYS LTD,A,S, 31 , 0 , 90.3225806451613 , 0 , 6.45161290322581 , 3.2258064516129 , 0 , 0 , 8.38709677419355 , 0 , 14 , 92.8571428571429 , 1.92857142857143 
09-Jan-2004 09:46,200201,GATWICK,PORTUGAL(EXCLUDING MADEIRA),LISBON,GB AIRWAYS LTD,D,S, 13 , 0 , 92.3076923076923 , 7.69230769230769 , 0 , 0 , 0 , 0 , 3.69230769230769 , 0 , 30 , 70 , 20.6333333333333 
09-Jan-2004 09:46,200201,GATWICK,PORTUGAL(EXCLUDING MADEIRA),OPORTO ( PORTUGAL ),GB AIRWAYS LTD,A,S, 13 , 0 , 76.9230769230769 , 7.69230769230769 , 15.3846153846154 , 0 , 0 , 0 , 9.07692307692308 , 0 , 31 , 64.5161290322581 , 17.5483870967742 
09-Jan-2004 09:46,200201,GATWICK,PORTUGAL(EXCLUDING MADEIRA),OPORTO ( PORTUGAL ),GB AIRWAYS LTD,D,S, 31 , 0 , 48.3870967741935 , 22.5806451612903 , 25.8064516129032 , 3.2258064516129 , 0 , 0 , 21.741935483871 , 0 , 14 , 78.5714285714286 , 14.5 
09-Jan-2004 09:46,200201,GATWICK,PORTUGAL(MADEIRA),FUNCHAL,AIR 2000,A,C, 1 , 0 , 100 , 0 , 0 , 0 , 0 , 0 , 13 , 0 , 5 , 80 , 271.6 
09-Jan-2004 09:46,200201,GATWICK,PORTUGAL(MADEIRA),FUNCHAL,AIR 2000,D,C, 1 , 0 , 100 , 0 , 0 , 0 , 0 , 0 , 7 , 0 , 5 , 100 , 7.4 
09-Jan-2004 09:46,200201,GATWICK,PORTUGAL(MADEIRA),FUNCHAL,BRITANNIA AIRWAYS,A,C, 4 , 0 , 75 , 0 , 0 , 25 , 0 , 0 , 20 , 0 , 6 , 83.3333333333333 , 206.5 
09-Jan-2004 09:46,200201,GATWICK,PORTUGAL(MADEIRA),FUNCHAL,BRITANNIA AIRWAYS,D,C, 4 , 0 , 75 , 0 , 0 , 25 , 0 , 0 , 22.25 , 0 , 6 , 83.3333333333333 , 4.16666666666667 
09-Jan-2004 09:46,200201,GATWICK,PORTUGAL(MADEIRA),FUNCHAL,EXCEL AIRWAYS LTD,A,C, 10 , 0 , 90 , 0 , 10 , 0 , 0 , 0 , 5.4 , 0 , 7 , 85.7142857142857 , 151.285714285714 
09-Jan-2004 09:46,200201,GATWICK,PORTUGAL(MADEIRA),FUNCHAL,EXCEL AIRWAYS LTD,D,C, 8 , 0 , 87.5 , 12.5 , 0 , 0 , 0 , 0 , 3.25 , 0 , 6 , 83.3333333333333 , 10.3333333333333 
09-Jan-2004 09:46,200201,GATWICK,PORTUGAL(MADEIRA),FUNCHAL,GB AIRWAYS LTD,A,S, 22 , 0 , 68.1818181818182 , 13.6363636363636 , 4.54545454545455 , 4.54545454545455 , 4.54545454545455 , 4.54545454545455 , 38.4545454545455 , 0 , 18 , 83.3333333333333 , 74.3888888888889 
09-Jan-2004 09:46,200201,GATWICK,PORTUGAL(MADEIRA),FUNCHAL,GB AIRWAYS LTD,D,S, 22 , 0 , 68.1818181818182 , 0 , 13.6363636363636 , 9.09090909090909 , 4.54545454545455 , 4.54545454545455 , 45 , 0 , 18 , 77.7777777777778 , 10.6111111111111 
09-Jan-2004 09:46,200201,GATWICK,PORTUGAL(MADEIRA),FUNCHAL,MONARCH AIRLINES,A,C, 0 , 0 , 0 , 0 , 0 , 0 , 0 , 0 , 0 , 0 , 5 , 0 , 54.4 
09-Jan-2004 09:46,200201,GATWICK,PORTUGAL(MADEIRA),FUNCHAL,MONARCH AIRLINES,D,C, 0 , 0 , 0 , 0 , 0 , 0 , 0 , 0 , 0 , 0 , 5 , 100 , 5.2 
09-Jan-2004 09:46,200201,GATWICK,PORTUGAL(MADEIRA),FUNCHAL,MY TRAVEL AIRWAYS UK,A,C, 6 , 0 , 50 , 33.3333333333333 , 16.6666666666667 , 0 , 0 , 0 , 17.1666666666667 , 0 , 6 , 33.3333333333333 , 57.8333333333333 
09-Jan-2004 09:46,200201,GATWICK,PORTUGAL(MADEIRA),FUNCHAL,MY TRAVEL AIRWAYS UK,D,C, 6 , 0 , 50 , 33.3333333333333 , 16.6666666666667 , 0 , 0 , 0 , 11.6666666666667 , 0 , 6 , 83.3333333333333 , 4.66666666666667 
09-Jan-2004 09:46,200201,GATWICK,PORTUGAL(MADEIRA),FUNCHAL,THOMAS COOK AIRLINES LTD,A,C, 5 , 0 , 40 , 0 , 60 , 0 , 0 , 0 , 29.8 , 0 , 10 , 60 , 130.6 
09-Jan-2004 09:46,200201,GATWICK,PORTUGAL(MADEIRA),FUNCHAL,THOMAS COOK AIRLINES LTD,D,C, 5 , 0 , 60 , 20 , 20 , 0 , 0 , 0 , 13 , 0 , 10 , 80 , 28.7 
09-Jan-2004 09:46,200201,GATWICK,PUERTO RICO,SAN JUAN (PUERTO RICO),BRITANNIA AIRWAYS,A,C, 4 , 0 , 75 , 0 , 25 , 0 , 0 , 0 , 14 , 0 , 4 , 0 , 378 
09-Jan-2004 09:46,200201,GATWICK,PUERTO RICO,SAN JUAN (PUERTO RICO),BRITANNIA AIRWAYS,D,C, 4 , 0 , 75 , 25 , 0 , 0 , 0 , 0 , 10.25 , 0 , 4 , 50 , 22.25 
09-Jan-2004 09:46,200201,GATWICK,REPUBLIC OF SOUTH AFRICA,JOHANNESBURG,VIRGIN ATLANTIC AIRWAYS LTD,A,S, 0 , 1 , 0 , 0 , 0 , 0 , 0 , 0 , 0 , 0 , 0 , 0 , 0 
09-Jan-2004 09:46,200201,GATWICK,REPUBLIC OF YEMEN,SANAA,YEMENIA,A,S, 0 , 0 , 0 , 0 , 0 , 0 , 0 , 0 , 0 , 0 , 9 , 44.4444444444444 , 29.5555555555556 
09-Jan-2004 09:46,200201,GATWICK,REPUBLIC OF YEMEN,SANAA,YEMENIA,D,S, 0 , 0 , 0 , 0 , 0 , 0 , 0 , 0 , 0 , 0 , 9 , 33.3333333333333 , 30 
09-Jan-2004 09:46,200201,GATWICK,RUMANIA,BUCHAREST (OTOPENI),BRITISH AIRWAYS (EURO OPS) LGW,A,S, 30 , 0 , 80 , 13.3333333333333 , 3.33333333333333 , 3.33333333333333 , 0 , 0 , 6.93333333333333 , 0 , 35 , 77.1428571428571 , 8.22857142857143 
09-Jan-2004 09:46,200201,GATWICK,RUMANIA,BUCHAREST (OTOPENI),BRITISH AIRWAYS (EURO OPS) LGW,D,S, 30 , 0 , 83.3333333333333 , 6.66666666666667 , 6.66666666666667 , 3.33333333333333 , 0 , 0 , 8.7 , 0 , 35 , 74.2857142857143 , 12.6285714285714 
09-Jan-2004 09:46,200201,GATWICK,RUSSIA,ST PETERSBURG,AEROFLOT,A,S, 3 , 0 , 0 , 66.6666666666667 , 33.3333333333333 , 0 , 0 , 0 , 28.3333333333333 , 0 , 4 , 0 , 18.75 
09-Jan-2004 09:46,200201,GATWICK,RUSSIA,ST PETERSBURG,AEROFLOT,D,S, 3 , 0 , 66.6666666666667 , 0 , 33.3333333333333 , 0 , 0 , 0 , 15 , 0 , 4 , 75 , 8.25 
09-Jan-2004 09:46,200201,GATWICK,RUSSIA,ST PETERSBURG,BRITISH AIRWAYS (EURO OPS) LGW,A,S, 21 , 0 , 80.9523809523809 , 14.2857142857143 , 4.76190476190476 , 0 , 0 , 0 , 8 , 0 , 21 , 90.4761904761905 , 2.61904761904762 
09-Jan-2004 09:46,200201,GATWICK,RUSSIA,ST PETERSBURG,BRITISH AIRWAYS (EURO OPS) LGW,D,S, 21 , 0 , 76.1904761904762 , 4.76190476190476 , 19.047619047619 , 0 , 0 , 0 , 13.5238095238095 , 0 , 21 , 95.2380952380952 , 6.28571428571429 
09-Jan-2004 09:46,200201,GATWICK,SAINT KITTS AND NEVIS,ST KITTS,THOMAS COOK AIRLINES LTD,A,C, 0 , 0 , 0 , 0 , 0 , 0 , 0 , 0 , 0 , 0 , 4 , 50 , 357.5 
09-Jan-2004 09:46,200201,GATWICK,SAINT KITTS AND NEVIS,ST KITTS,THOMAS COOK AIRLINES LTD,D,C, 0 , 0 , 0 , 0 , 0 , 0 , 0 , 0 , 0 , 0 , 4 , 50 , 84.25 
09-Jan-2004 09:46,200201,GATWICK,SAUDI ARABIA,DAMMAM,BRITISH AIRWAYS PLC,A,S, 0 , 0 , 0 , 0 , 0 , 0 , 0 , 0 , 0 , 0 , 26 , 84.6153846153846 , 15.3461538461538 
09-Jan-2004 09:46,200201,GATWICK,SAUDI ARABIA,DAMMAM,BRITISH AIRWAYS PLC,D,S, 0 , 0 , 0 , 0 , 0 , 0 , 0 , 0 , 0 , 0 , 27 , 66.6666666666667 , 24.5555555555556 
09-Jan-2004 09:46,200201,GATWICK,SEYCHELLES,SEYCHELLES,AIR SEYCHELLES,A,S, 8 , 0 , 0 , 37.5 , 37.5 , 25 , 0 , 0 , 41.625 , 0 , 9 , 44.4444444444444 , 23 
09-Jan-2004 09:46,200201,GATWICK,SEYCHELLES,SEYCHELLES,AIR SEYCHELLES,D,S, 8 , 0 , 12.5 , 12.5 , 12.5 , 50 , 12.5 , 0 , 100 , 0 , 9 , 77.7777777777778 , 26 
09-Jan-2004 09:46,200201,GATWICK,SEYCHELLES,SEYCHELLES,BRITISH AIRWAYS PLC,A,S, 0 , 0 , 0 , 0 , 0 , 0 , 0 , 0 , 0 , 0 , 10 , 80 , 16.9 
09-Jan-2004 09:46,200201,GATWICK,SEYCHELLES,SEYCHELLES,BRITISH AIRWAYS PLC,D,S, 0 , 0 , 0 , 0 , 0 , 0 , 0 , 0 , 0 , 0 , 9 , 88.8888888888889 , 5.88888888888889 
09-Jan-2004 09:46,200201,GATWICK,SIERRA LEONE,FREETOWN,SIERRA NATIONAL AIRLINES,A,S, 8 , 0 , 50 , 0 , 25 , 25 , 0 , 0 , 31.875 , 0 , 5 , 80 , 10.8 
09-Jan-2004 09:46,200201,GATWICK,SIERRA LEONE,FREETOWN,SIERRA NATIONAL AIRLINES,D,S, 9 , 0 , 88.8888888888889 , 0 , 11.1111111111111 , 0 , 0 , 0 , 5.55555555555556 , 0 , 5 , 80 , 10.6 
09-Jan-2004 09:46,200201,GATWICK,SPAIN,ALICANTE,AIR 2000,A,C, 1 , 0 , 100 , 0 , 0 , 0 , 0 , 0 , 0 , 0 , 1 , 100 , 0 
09-Jan-2004 09:46,200201,GATWICK,SPAIN,ALICANTE,AIR 2000,A,S, 8 , 0 , 87.5 , 0 , 0 , 0 , 12.5 , 0 , 43.125 , 1 , 9 , 44.4444444444444 , 19.4444444444444 
09-Jan-2004 09:46,200201,GATWICK,SPAIN,ALICANTE,AIR 2000,D,C, 1 , 0 , 100 , 0 , 0 , 0 , 0 , 0 , 9 , 0 , 2 , 100 , 4.5 
09-Jan-2004 09:46,200201,GATWICK,SPAIN,ALICANTE,AIR 2000,D,S, 9 , 0 , 88.8888888888889 , 0 , 0 , 0 , 11.1111111111111 , 0 , 39.4444444444444 , 0 , 8 , 100 , 3.125 
09-Jan-2004 09:46,200201,GATWICK,SPAIN,ALICANTE,BRITANNIA AIRWAYS,A,C, 11 , 0 , 63.6363636363636 , 9.09090909090909 , 18.1818181818182 , 9.09090909090909 , 0 , 0 , 20.8181818181818 , 0 , 9 , 88.8888888888889 , 7.55555555555556 
09-Jan-2004 09:46,200201,GATWICK,SPAIN,ALICANTE,BRITANNIA AIRWAYS,D,C, 11 , 0 , 100 , 0 , 0 , 0 , 0 , 0 , 2.27272727272727 , 0 , 9 , 100 , 0 
09-Jan-2004 09:46,200201,GATWICK,SPAIN,ALICANTE,BRITISH AIRWAYS PLC,A,C, 4 , 0 , 25 , 25 , 25 , 25 , 0 , 0 , 64.75 , 0 , 0 , 0 , 0 
09-Jan-2004 09:46,200201,GATWICK,SPAIN,ALICANTE,BRITISH AIRWAYS PLC,D,C, 2 , 0 , 100 , 0 , 0 , 0 , 0 , 0 , 7 , 0 , 0 , 0 , 0 
09-Jan-2004 09:46,200201,GATWICK,SPAIN,ALICANTE,EXCEL AIRWAYS LTD,A,C, 1 , 0 , 100 , 0 , 0 , 0 , 0 , 0 , 0 , 0 , 0 , 0 , 0 
09-Jan-2004 09:46,200201,GATWICK,SPAIN,ALICANTE,EXCEL AIRWAYS LTD,D,C, 1 , 0 , 100 , 0 , 0 , 0 , 0 , 0 , 0 , 0 , 0 , 0 , 0 
09-Jan-2004 09:46,200201,GATWICK,SPAIN,ALICANTE,GB AIRWAYS LTD,A,S, 31 , 0 , 64.5161290322581 , 16.1290322580645 , 9.67741935483871 , 0 , 9.67741935483871 , 0 , 31.0645161290323 , 0 , 26 , 96.1538461538462 , 2.30769230769231 
09-Jan-2004 09:46,200201,GATWICK,SPAIN,ALICANTE,GB AIRWAYS LTD,D,S, 31 , 0 , 64.5161290322581 , 16.1290322580645 , 9.67741935483871 , 3.2258064516129 , 6.45161290322581 , 0 , 28.7096774193548 , 0 , 26 , 80.7692307692308 , 6.57692307692308 
09-Jan-2004 09:46,200201,GATWICK,SPAIN,ALICANTE,IBERIA,A,S, 31 , 0 , 80.6451612903226 , 9.67741935483871 , 9.67741935483871 , 0 , 0 , 0 , 8.48387096774194 , 0 , 30 , 76.6666666666667 , 12.4333333333333 
09-Jan-2004 09:46,200201,GATWICK,SPAIN,ALICANTE,IBERIA,D,S, 31 , 0 , 77.4193548387097 , 16.1290322580645 , 6.45161290322581 , 0 , 0 , 0 , 7.96774193548387 , 0 , 28 , 89.2857142857143 , 8.75 
09-Jan-2004 09:46,200201,GATWICK,SPAIN,ALICANTE,MONARCH AIRLINES,A,C, 11 , 0 , 54.5454545454545 , 0 , 27.2727272727273 , 9.09090909090909 , 9.09090909090909 , 0 , 38.6363636363636 , 0 , 8 , 62.5 , 22.875 
09-Jan-2004 09:46,200201,GATWICK,SPAIN,ALICANTE,MONARCH AIRLINES,D,C, 9 , 0 , 55.5555555555556 , 33.3333333333333 , 0 , 0 , 11.1111111111111 , 0 , 33.6666666666667 , 0 , 7 , 71.4285714285714 , 20.5714285714286 
09-Jan-2004 09:46,200201,GATWICK,SPAIN,ALICANTE,MY TRAVEL AIRWAYS UK,A,C, 9 , 0 , 66.6666666666667 , 22.2222222222222 , 0 , 11.1111111111111 , 0 , 0 , 11.6666666666667 , 0 , 11 , 81.8181818181818 , 7.09090909090909 
09-Jan-2004 09:46,200201,GATWICK,SPAIN,ALICANTE,MY TRAVEL AIRWAYS UK,D,C, 10 , 0 , 80 , 0 , 20 , 0 , 0 , 0 , 9.2 , 0 , 11 , 100 , 0.636363636363636 
09-Jan-2004 09:46,200201,GATWICK,SPAIN,ALICANTE,THOMAS COOK AIRLINES LTD,A,C, 7 , 0 , 71.4285714285714 , 14.2857142857143 , 14.2857142857143 , 0 , 0 , 0 , 11.1428571428571 , 0 , 9 , 66.6666666666667 , 9.11111111111111 
09-Jan-2004 09:46,200201,GATWICK,SPAIN,ALICANTE,THOMAS COOK AIRLINES LTD,D,C, 6 , 0 , 83.3333333333333 , 0 , 16.6666666666667 , 0 , 0 , 0 , 7.5 , 0 , 9 , 100 , 2.44444444444444 
09-Jan-2004 09:46,200201,GATWICK,SPAIN,ALICANTE,VIRGIN ATLANTIC AIRWAYS LTD,A,C, 0 , 0 , 0 , 0 , 0 , 0 , 0 , 0 , 0 , 0 , 3 , 66.6666666666667 , 10.3333333333333 
09-Jan-2004 09:46,200201,GATWICK,SPAIN,ALICANTE,VIRGIN ATLANTIC AIRWAYS LTD,D,C, 0 , 0 , 0 , 0 , 0 , 0 , 0 , 0 , 0 , 0 , 3 , 66.6666666666667 , 11 
09-Jan-2004 09:46,200201,GATWICK,SPAIN,ALMERIA,MONARCH AIRLINES,A,C, 5 , 0 , 40 , 20 , 40 , 0 , 0 , 0 , 20 , 0 , 4 , 25 , 16.75 
09-Jan-2004 09:46,200201,GATWICK,SPAIN,ALMERIA,MONARCH AIRLINES,D,C, 5 , 0 , 80 , 20 , 0 , 0 , 0 , 0 , 7.8 , 0 , 4 , 100 , 5.25 
09-Jan-2004 09:46,200201,GATWICK,SPAIN,ALMERIA,MY TRAVEL AIRWAYS UK,A,C, 5 , 0 , 60 , 40 , 0 , 0 , 0 , 0 , 12.8 , 0 , 4 , 100 , 0 
09-Jan-2004 09:46,200201,GATWICK,SPAIN,ALMERIA,MY TRAVEL AIRWAYS UK,D,C, 5 , 0 , 100 , 0 , 0 , 0 , 0 , 0 , 2.8 , 0 , 4 , 100 , 1.25 
09-Jan-2004 09:46,200201,GATWICK,SPAIN,ASTURIAS,AIR NOSTRUM,A,S, 14 , 0 , 78.5714285714286 , 14.2857142857143 , 0 , 7.14285714285714 , 0 , 0 , 9.21428571428571 , 0 , 13 , 76.9230769230769 , 13.6923076923077 
09-Jan-2004 09:46,200201,GATWICK,SPAIN,ASTURIAS,AIR NOSTRUM,D,S, 14 , 0 , 71.4285714285714 , 14.2857142857143 , 7.14285714285714 , 7.14285714285714 , 0 , 0 , 10.2857142857143 , 0 , 13 , 76.9230769230769 , 9.69230769230769 
09-Jan-2004 09:46,200201,GATWICK,SPAIN,BARCELONA,BRITISH AIRWAYS (EURO OPS) LGW,A,S, 84 , 0 , 83.3333333333333 , 9.52380952380952 , 4.76190476190476 , 2.38095238095238 , 0 , 0 , 7.66666666666667 , 0 , 92 , 88.0434782608696 , 4.98913043478261 
09-Jan-2004 09:46,200201,GATWICK,SPAIN,BARCELONA,BRITISH AIRWAYS (EURO OPS) LGW,D,S, 84 , 0 , 82.1428571428571 , 10.7142857142857 , 5.95238095238095 , 1.19047619047619 , 0 , 0 , 8.30952380952381 , 0 , 92 , 92.3913043478261 , 3.59782608695652 
09-Jan-2004 09:46,200201,GATWICK,SPAIN,BARCELONA,EASYJET AIRLINE COMPANY LTD,A,S, 0 , 1 , 0 , 0 , 0 , 0 , 0 , 0 , 0 , 0 , 0 , 0 , 0 
09-Jan-2004 09:46,200201,GATWICK,SPAIN,BILBAO,BRITISH AIRWAYS (EURO OPS) LGW,A,S, 31 , 0 , 67.741935483871 , 22.5806451612903 , 9.67741935483871 , 0 , 0 , 0 , 10.4838709677419 , 0 , 59 , 81.3559322033898 , 13.2881355932203 
09-Jan-2004 09:46,200201,GATWICK,SPAIN,BILBAO,BRITISH AIRWAYS (EURO OPS) LGW,D,S, 31 , 0 , 67.741935483871 , 12.9032258064516 , 16.1290322580645 , 3.2258064516129 , 0 , 0 , 13.0322580645161 , 0 , 59 , 88.135593220339 , 5.93220338983051 
09-Jan-2004 09:46,200201,GATWICK,SPAIN,IBIZA,CITY FLYER EXPRESS,A,C, 0 , 0 , 0 , 0 , 0 , 0 , 0 , 0 , 0 , 0 , 4 , 50 , 17.75 
09-Jan-2004 09:46,200201,GATWICK,SPAIN,IBIZA,CITY FLYER EXPRESS,D,C, 0 , 0 , 0 , 0 , 0 , 0 , 0 , 0 , 0 , 0 , 4 , 50 , 13.75 
09-Jan-2004 09:46,200201,GATWICK,SPAIN,JEREZ,MONARCH AIRLINES,A,C, 1 , 0 , 100 , 0 , 0 , 0 , 0 , 0 , 0 , 0 , 0 , 0 , 0 
09-Jan-2004 09:46,200201,GATWICK,SPAIN,JEREZ,MONARCH AIRLINES,D,C, 1 , 0 , 100 , 0 , 0 , 0 , 0 , 0 , 0 , 0 , 0 , 0 , 0 
09-Jan-2004 09:46,200201,GATWICK,SPAIN,JEREZ,MY TRAVEL AIRWAYS UK,A,C, 1 , 0 , 100 , 0 , 0 , 0 , 0 , 0 , 0 , 0 , 0 , 0 , 0 
09-Jan-2004 09:46,200201,GATWICK,SPAIN,MADRID,AIR EUROPA,A,S, 31 , 0 , 54.8387096774194 , 12.9032258064516 , 19.3548387096774 , 12.9032258064516 , 0 , 0 , 27.6774193548387 , 0 , 31 , 38.7096774193548 , 27.2258064516129 
09-Jan-2004 09:46,200201,GATWICK,SPAIN,MADRID,AIR EUROPA,D,S, 31 , 0 , 77.4193548387097 , 6.45161290322581 , 6.45161290322581 , 9.67741935483871 , 0 , 0 , 14.8709677419355 , 0 , 31 , 54.8387096774194 , 17.7096774193548 
09-Jan-2004 09:46,200201,GATWICK,SPAIN,MADRID,BRITISH AIRWAYS (EURO OPS) LGW,A,S, 90 , 0 , 77.7777777777778 , 11.1111111111111 , 7.77777777777778 , 3.33333333333333 , 0 , 0 , 11.1222222222222 , 0 , 89 , 73.0337078651685 , 11.1573033707865 
09-Jan-2004 09:46,200201,GATWICK,SPAIN,MADRID,BRITISH AIRWAYS (EURO OPS) LGW,D,S, 90 , 0 , 83.3333333333333 , 7.77777777777778 , 7.77777777777778 , 1.11111111111111 , 0 , 0 , 7.35555555555556 , 0 , 89 , 78.6516853932584 , 8.93258426966292 
09-Jan-2004 09:46,200201,GATWICK,SPAIN,MAHON,BRITISH AIRWAYS PLC,A,C, 8 , 0 , 50 , 25 , 12.5 , 12.5 , 0 , 0 , 21 , 0 , 4 , 75 , 21.5 
09-Jan-2004 09:46,200201,GATWICK,SPAIN,MAHON,BRITISH AIRWAYS PLC,D,C, 8 , 0 , 87.5 , 0 , 0 , 12.5 , 0 , 0 , 17.125 , 0 , 4 , 50 , 30.25 
09-Jan-2004 09:46,200201,GATWICK,SPAIN,MALAGA,AERIS,A,C, 0 , 0 , 0 , 0 , 0 , 0 , 0 , 0 , 0 , 0 , 3 , 66.6666666666667 , 12.6666666666667 
09-Jan-2004 09:46,200201,GATWICK,SPAIN,MALAGA,AERIS,D,C, 0 , 0 , 0 , 0 , 0 , 0 , 0 , 0 , 0 , 0 , 3 , 66.6666666666667 , 11.6666666666667 
09-Jan-2004 09:46,200201,GATWICK,SPAIN,MALAGA,AIR 2000,A,C, 3 , 0 , 33.3333333333333 , 33.3333333333333 , 33.3333333333333 , 0 , 0 , 0 , 30 , 0 , 4 , 75 , 11 
09-Jan-2004 09:46,200201,GATWICK,SPAIN,MALAGA,AIR 2000,A,S, 7 , 0 , 14.2857142857143 , 28.5714285714286 , 28.5714285714286 , 14.2857142857143 , 14.2857142857143 , 0 , 68.5714285714286 , 0 , 8 , 50 , 25.375 
09-Jan-2004 09:46,200201,GATWICK,SPAIN,MALAGA,AIR 2000,D,C, 2 , 0 , 50 , 50 , 0 , 0 , 0 , 0 , 19 , 0 , 4 , 75 , 6 
09-Jan-2004 09:46,200201,GATWICK,SPAIN,MALAGA,AIR 2000,D,S, 8 , 0 , 62.5 , 12.5 , 12.5 , 0 , 12.5 , 0 , 41.25 , 0 , 8 , 62.5 , 17.25 
09-Jan-2004 09:46,200201,GATWICK,SPAIN,MALAGA,BRITANNIA AIRWAYS,A,C, 15 , 0 , 53.3333333333333 , 33.3333333333333 , 13.3333333333333 , 0 , 0 , 0 , 17.0666666666667 , 0 , 11 , 45.4545454545455 , 28.7272727272727 
09-Jan-2004 09:46,200201,GATWICK,SPAIN,MALAGA,BRITANNIA AIRWAYS,D,C, 14 , 0 , 92.8571428571429 , 0 , 7.14285714285714 , 0 , 0 , 0 , 7.28571428571429 , 0 , 10 , 80 , 7.8 
09-Jan-2004 09:46,200201,GATWICK,SPAIN,MALAGA,BRITISH AIRWAYS PLC,A,C, 2 , 0 , 50 , 0 , 50 , 0 , 0 , 0 , 22 , 0 , 3 , 100 , 3.66666666666667 
09-Jan-2004 09:46,200201,GATWICK,SPAIN,MALAGA,BRITISH AIRWAYS PLC,D,C, 1 , 0 , 0 , 100 , 0 , 0 , 0 , 0 , 20 , 0 , 1 , 0 , 25 
09-Jan-2004 09:46,200201,GATWICK,SPAIN,MALAGA,EUROPEAN AIR CHARTER,A,C, 2 , 0 , 50 , 0 , 50 , 0 , 0 , 0 , 15.5 , 0 , 0 , 0 , 0 
09-Jan-2004 09:46,200201,GATWICK,SPAIN,MALAGA,EUROPEAN AIR CHARTER,D,C, 2 , 1 , 100 , 0 , 0 , 0 , 0 , 0 , 8.5 , 0 , 0 , 0 , 0 
09-Jan-2004 09:46,200201,GATWICK,SPAIN,MALAGA,EXCEL AIRWAYS LTD,A,C, 6 , 0 , 33.3333333333333 , 16.6666666666667 , 16.6666666666667 , 33.3333333333333 , 0 , 0 , 35 , 0 , 0 , 0 , 0 
09-Jan-2004 09:46,200201,GATWICK,SPAIN,MALAGA,EXCEL AIRWAYS LTD,D,C, 5 , 0 , 80 , 20 , 0 , 0 , 0 , 0 , 9.4 , 0 , 0 , 0 , 0 
09-Jan-2004 09:46,200201,GATWICK,SPAIN,MALAGA,GB AIRWAYS LTD,A,S, 31 , 1 , 67.741935483871 , 19.3548387096774 , 0 , 6.45161290322581 , 6.45161290322581 , 0 , 26 , 0 , 44 , 90.9090909090909 , 4.34090909090909 
09-Jan-2004 09:46,200201,GATWICK,SPAIN,MALAGA,GB AIRWAYS LTD,D,S, 31 , 1 , 54.8387096774194 , 25.8064516129032 , 9.67741935483871 , 6.45161290322581 , 3.2258064516129 , 0 , 31.1290322580645 , 0 , 43 , 76.7441860465116 , 11.6744186046512 
09-Jan-2004 09:46,200201,GATWICK,SPAIN,MALAGA,MONARCH AIRLINES,A,C, 16 , 1 , 43.75 , 31.25 , 6.25 , 18.75 , 0 , 0 , 30.75 , 0 , 15 , 6.66666666666667 , 26.6 
09-Jan-2004 09:46,200201,GATWICK,SPAIN,MALAGA,MONARCH AIRLINES,D,C, 12 , 1 , 75 , 0 , 16.6666666666667 , 8.33333333333333 , 0 , 0 , 19.0833333333333 , 0 , 15 , 86.6666666666667 , 7.8 
09-Jan-2004 09:46,200201,GATWICK,SPAIN,MALAGA,MY TRAVEL AIRWAYS UK,A,C, 10 , 0 , 40 , 20 , 20 , 20 , 0 , 0 , 42.7 , 0 , 11 , 27.2727272727273 , 44.5454545454545 
09-Jan-2004 09:46,200201,GATWICK,SPAIN,MALAGA,MY TRAVEL AIRWAYS UK,D,C, 10 , 0 , 60 , 10 , 10 , 20 , 0 , 0 , 29.3 , 0 , 10 , 60 , 18.5 
09-Jan-2004 09:46,200201,GATWICK,SPAIN,MALAGA,THOMAS COOK AIRLINES LTD,A,C, 6 , 0 , 33.3333333333333 , 33.3333333333333 , 0 , 33.3333333333333 , 0 , 0 , 42.5 , 0 , 8 , 12.5 , 30.125 
09-Jan-2004 09:46,200201,GATWICK,SPAIN,MALAGA,THOMAS COOK AIRLINES LTD,D,C, 6 , 0 , 50 , 16.6666666666667 , 16.6666666666667 , 16.6666666666667 , 0 , 0 , 29.1666666666667 , 0 , 8 , 100 , 4.875 
09-Jan-2004 09:46,200201,GATWICK,SPAIN,MALAGA,VIRGIN ATLANTIC AIRWAYS LTD,A,C, 0 , 0 , 0 , 0 , 0 , 0 , 0 , 0 , 0 , 0 , 1 , 0 , 18 
09-Jan-2004 09:46,200201,GATWICK,SPAIN,MALAGA,VIRGIN ATLANTIC AIRWAYS LTD,D,C, 0 , 0 , 0 , 0 , 0 , 0 , 0 , 0 , 0 , 0 , 1 , 0 , 26 
09-Jan-2004 09:46,200201,GATWICK,SPAIN,MURCIA SAN JAVIER,BRITISH AIRWAYS PLC,A,C, 11 , 0 , 63.6363636363636 , 18.1818181818182 , 18.1818181818182 , 0 , 0 , 0 , 13.1818181818182 , 0 , 10 , 90 , 3.8 
09-Jan-2004 09:46,200201,GATWICK,SPAIN,MURCIA SAN JAVIER,BRITISH AIRWAYS PLC,D,C, 10 , 0 , 60 , 30 , 10 , 0 , 0 , 0 , 11.8 , 0 , 9 , 55.5555555555556 , 13.1111111111111 
09-Jan-2004 09:46,200201,GATWICK,SPAIN,MURCIA SAN JAVIER,DUO AIRWAYS LTD,A,C, 0 , 0 , 0 , 0 , 0 , 0 , 0 , 0 , 0 , 0 , 1 , 100 , 0 
09-Jan-2004 09:46,200201,GATWICK,SPAIN,MURCIA SAN JAVIER,DUO AIRWAYS LTD,D,C, 0 , 0 , 0 , 0 , 0 , 0 , 0 , 0 , 0 , 0 , 1 , 100 , 2 
09-Jan-2004 09:46,200201,GATWICK,SPAIN,MURCIA SAN JAVIER,GB AIRWAYS LTD,D,C, 0 , 0 , 0 , 0 , 0 , 0 , 0 , 0 , 0 , 0 , 1 , 100 , 0 
09-Jan-2004 09:46,200201,GATWICK,SPAIN,MURCIA SAN JAVIER,MY TRAVEL AIRWAYS UK,D,C, 1 , 0 , 100 , 0 , 0 , 0 , 0 , 0 , 4 , 0 , 0 , 0 , 0 
09-Jan-2004 09:46,200201,GATWICK,SPAIN,PALMA DE MALLORCA,AIR 2000,A,S, 6 , 0 , 83.3333333333333 , 0 , 0 , 16.6666666666667 , 0 , 0 , 12 , 0 , 6 , 66.6666666666667 , 8.33333333333333 
09-Jan-2004 09:46,200201,GATWICK,SPAIN,PALMA DE MALLORCA,AIR 2000,D,S, 5 , 0 , 100 , 0 , 0 , 0 , 0 , 0 , 0 , 0 , 6 , 100 , 4.5 
09-Jan-2004 09:46,200201,GATWICK,SPAIN,PALMA DE MALLORCA,AIR EUROPA,A,S, 10 , 0 , 60 , 0 , 30 , 0 , 10 , 0 , 34.9 , 0 , 6 , 33.3333333333333 , 17.8333333333333 
09-Jan-2004 09:46,200201,GATWICK,SPAIN,PALMA DE MALLORCA,AIR EUROPA,D,S, 10 , 0 , 70 , 0 , 20 , 0 , 10 , 0 , 29.4 , 0 , 6 , 83.3333333333333 , 3 
09-Jan-2004 09:46,200201,GATWICK,SPAIN,PALMA DE MALLORCA,BRITANNIA AIRWAYS,A,C, 8 , 0 , 75 , 12.5 , 12.5 , 0 , 0 , 0 , 10.625 , 0 , 9 , 66.6666666666667 , 20.7777777777778 
09-Jan-2004 09:46,200201,GATWICK,SPAIN,PALMA DE MALLORCA,BRITANNIA AIRWAYS,D,C, 8 , 0 , 87.5 , 12.5 , 0 , 0 , 0 , 0 , 2.875 , 0 , 9 , 100 , 0.777777777777778 
09-Jan-2004 09:46,200201,GATWICK,SPAIN,PALMA DE MALLORCA,GB AIRWAYS LTD,A,S, 5 , 0 , 100 , 0 , 0 , 0 , 0 , 0 , 5 , 0 , 9 , 100 , 0 
09-Jan-2004 09:46,200201,GATWICK,SPAIN,PALMA DE MALLORCA,GB AIRWAYS LTD,D,S, 5 , 0 , 100 , 0 , 0 , 0 , 0 , 0 , 2 , 0 , 9 , 100 , 3.77777777777778 
09-Jan-2004 09:46,200201,GATWICK,SPAIN,PALMA DE MALLORCA,MY TRAVEL AIRWAYS UK,A,C, 5 , 0 , 80 , 20 , 0 , 0 , 0 , 0 , 5.2 , 0 , 5 , 80 , 28 
09-Jan-2004 09:46,200201,GATWICK,SPAIN,PALMA DE MALLORCA,MY TRAVEL AIRWAYS UK,D,C, 5 , 0 , 80 , 20 , 0 , 0 , 0 , 0 , 3.8 , 0 , 5 , 80 , 32 
09-Jan-2004 09:46,200201,GATWICK,SPAIN,PALMA DE MALLORCA,THOMAS COOK AIRLINES LTD,A,C, 4 , 0 , 75 , 0 , 25 , 0 , 0 , 0 , 12.25 , 0 , 0 , 0 , 0 
09-Jan-2004 09:46,200201,GATWICK,SPAIN,PALMA DE MALLORCA,THOMAS COOK AIRLINES LTD,D,C, 4 , 0 , 75 , 0 , 0 , 25 , 0 , 0 , 24.5 , 0 , 0 , 0 , 0 
09-Jan-2004 09:46,200201,GATWICK,SPAIN,PALMA DE MALLORCA,VIRGIN ATLANTIC AIRWAYS LTD,A,C, 0 , 0 , 0 , 0 , 0 , 0 , 0 , 0 , 0 , 0 , 1 , 0 , 20 
09-Jan-2004 09:46,200201,GATWICK,SPAIN,PALMA DE MALLORCA,VIRGIN ATLANTIC AIRWAYS LTD,D,C, 0 , 0 , 0 , 0 , 0 , 0 , 0 , 0 , 0 , 0 , 1 , 100 , 0 
09-Jan-2004 09:46,200201,GATWICK,SPAIN,SANTIAGO DE COMPOSTELA ( SPAIN ),AIR 2000,A,C, 0 , 0 , 0 , 0 , 0 , 0 , 0 , 0 , 0 , 0 , 1 , 100 , 10 
09-Jan-2004 09:46,200201,GATWICK,SPAIN,SANTIAGO DE COMPOSTELA ( SPAIN ),AIR 2000,D,C, 0 , 0 , 0 , 0 , 0 , 0 , 0 , 0 , 0 , 0 , 1 , 100 , 13 
09-Jan-2004 09:46,200201,GATWICK,SPAIN,SEVILLE,GB AIRWAYS LTD,A,S, 17 , 0 , 76.4705882352941 , 11.7647058823529 , 5.88235294117647 , 5.88235294117647 , 0 , 0 , 9.23529411764706 , 0 , 17 , 88.2352941176471 , 11.2352941176471 
09-Jan-2004 09:46,200201,GATWICK,SPAIN,SEVILLE,GB AIRWAYS LTD,D,S, 17 , 0 , 82.3529411764706 , 0 , 17.6470588235294 , 0 , 0 , 0 , 11.1176470588235 , 0 , 17 , 94.1176470588235 , 14.4117647058824 
09-Jan-2004 09:46,200201,GATWICK,SPAIN,VALENCIA,GB AIRWAYS LTD,A,S, 23 , 0 , 78.2608695652174 , 4.34782608695652 , 13.0434782608696 , 0 , 0 , 4.34782608695652 , 29.1739130434783 , 0 , 18 , 83.3333333333333 , 6.55555555555556 
09-Jan-2004 09:46,200201,GATWICK,SPAIN,VALENCIA,GB AIRWAYS LTD,D,S, 23 , 0 , 86.9565217391304 , 4.34782608695652 , 8.69565217391304 , 0 , 0 , 0 , 6.47826086956522 , 0 , 18 , 77.7777777777778 , 11.3333333333333 
09-Jan-2004 09:46,200201,GATWICK,SPAIN(CANARY ISLANDS),ARRECIFE,AIR 2000,A,C, 7 , 0 , 71.4285714285714 , 0 , 28.5714285714286 , 0 , 0 , 0 , 9.42857142857143 , 0 , 8 , 50 , 13.625 
09-Jan-2004 09:46,200201,GATWICK,SPAIN(CANARY ISLANDS),ARRECIFE,AIR 2000,A,S, 14 , 0 , 71.4285714285714 , 14.2857142857143 , 7.14285714285714 , 7.14285714285714 , 0 , 0 , 12.7857142857143 , 2 , 11 , 36.3636363636364 , 18.6363636363636 
09-Jan-2004 09:46,200201,GATWICK,SPAIN(CANARY ISLANDS),ARRECIFE,AIR 2000,D,C, 4 , 0 , 100 , 0 , 0 , 0 , 0 , 0 , 0.75 , 0 , 5 , 100 , 6.6 
09-Jan-2004 09:46,200201,GATWICK,SPAIN(CANARY ISLANDS),ARRECIFE,AIR 2000,D,S, 14 , 0 , 78.5714285714286 , 14.2857142857143 , 0 , 7.14285714285714 , 0 , 0 , 9.85714285714286 , 2 , 13 , 84.6153846153846 , 9.61538461538462 
09-Jan-2004 09:46,200201,GATWICK,SPAIN(CANARY ISLANDS),ARRECIFE,AIR EUROPA,A,C, 1 , 0 , 100 , 0 , 0 , 0 , 0 , 0 , 0 , 0 , 0 , 0 , 0 
09-Jan-2004 09:46,200201,GATWICK,SPAIN(CANARY ISLANDS),ARRECIFE,BRITANNIA AIRWAYS,A,C, 13 , 0 , 38.4615384615385 , 15.3846153846154 , 7.69230769230769 , 30.7692307692308 , 7.69230769230769 , 0 , 58 , 0 , 10 , 30 , 36.7 
09-Jan-2004 09:46,200201,GATWICK,SPAIN(CANARY ISLANDS),ARRECIFE,BRITANNIA AIRWAYS,D,C, 11 , 0 , 63.6363636363636 , 9.09090909090909 , 9.09090909090909 , 9.09090909090909 , 9.09090909090909 , 0 , 37.3636363636364 , 0 , 10 , 70 , 33.4 
09-Jan-2004 09:46,200201,GATWICK,SPAIN(CANARY ISLANDS),ARRECIFE,EXCEL AIRWAYS LTD,A,C, 4 , 0 , 100 , 0 , 0 , 0 , 0 , 0 , 5.25 , 0 , 3 , 66.6666666666667 , 248.666666666667 
09-Jan-2004 09:46,200201,GATWICK,SPAIN(CANARY ISLANDS),ARRECIFE,EXCEL AIRWAYS LTD,D,C, 2 , 0 , 100 , 0 , 0 , 0 , 0 , 0 , 0 , 0 , 2 , 100 , 4 
09-Jan-2004 09:46,200201,GATWICK,SPAIN(CANARY ISLANDS),ARRECIFE,FUTURA AIRLINES,A,C, 0 , 0 , 0 , 0 , 0 , 0 , 0 , 0 , 0 , 0 , 1 , 0 , 31 
09-Jan-2004 09:46,200201,GATWICK,SPAIN(CANARY ISLANDS),ARRECIFE,FUTURA AIRLINES,D,C, 0 , 0 , 0 , 0 , 0 , 0 , 0 , 0 , 0 , 0 , 1 , 0 , 30 
09-Jan-2004 09:46,200201,GATWICK,SPAIN(CANARY ISLANDS),ARRECIFE,GB AIRWAYS LTD,A,S, 9 , 0 , 33.3333333333333 , 33.3333333333333 , 22.2222222222222 , 11.1111111111111 , 0 , 0 , 24.3333333333333 , 0 , 0 , 0 , 0 
09-Jan-2004 09:46,200201,GATWICK,SPAIN(CANARY ISLANDS),ARRECIFE,LTE INTERNATIONAL AIRWAYS,A,C, 1 , 0 , 100 , 0 , 0 , 0 , 0 , 0 , 15 , 0 , 0 , 0 , 0 
09-Jan-2004 09:46,200201,GATWICK,SPAIN(CANARY ISLANDS),ARRECIFE,MONARCH AIRLINES,A,C, 12 , 0 , 58.3333333333333 , 25 , 8.33333333333333 , 8.33333333333333 , 0 , 0 , 19.8333333333333 , 0 , 9 , 66.6666666666667 , 9.22222222222222 
09-Jan-2004 09:46,200201,GATWICK,SPAIN(CANARY ISLANDS),ARRECIFE,MONARCH AIRLINES,D,C, 10 , 0 , 60 , 30 , 0 , 10 , 0 , 0 , 22.4 , 0 , 10 , 90 , 6.5 
09-Jan-2004 09:46,200201,GATWICK,SPAIN(CANARY ISLANDS),ARRECIFE,MY TRAVEL AIRWAYS UK,A,C, 8 , 0 , 87.5 , 12.5 , 0 , 0 , 0 , 0 , 6.125 , 0 , 13 , 92.3076923076923 , 3.15384615384615 
09-Jan-2004 09:46,200201,GATWICK,SPAIN(CANARY ISLANDS),ARRECIFE,MY TRAVEL AIRWAYS UK,D,C, 9 , 0 , 77.7777777777778 , 0 , 11.1111111111111 , 11.1111111111111 , 0 , 0 , 16.1111111111111 , 0 , 13 , 92.3076923076923 , 4.07692307692308 
09-Jan-2004 09:46,200201,GATWICK,SPAIN(CANARY ISLANDS),ARRECIFE,THOMAS COOK AIRLINES LTD,A,C, 22 , 0 , 81.8181818181818 , 0 , 13.6363636363636 , 0 , 0 , 4.54545454545455 , 30.9090909090909 , 0 , 19 , 47.3684210526316 , 25.8421052631579 
09-Jan-2004 09:46,200201,GATWICK,SPAIN(CANARY ISLANDS),ARRECIFE,THOMAS COOK AIRLINES LTD,D,C, 20 , 0 , 85 , 5 , 10 , 0 , 0 , 0 , 7.6 , 0 , 17 , 88.2352941176471 , 8.82352941176471 
09-Jan-2004 09:46,200201,GATWICK,SPAIN(CANARY ISLANDS),ARRECIFE,VIRGIN ATLANTIC AIRWAYS LTD,A,C, 0 , 0 , 0 , 0 , 0 , 0 , 0 , 0 , 0 , 0 , 6 , 83.3333333333333 , 6.66666666666667 
09-Jan-2004 09:46,200201,GATWICK,SPAIN(CANARY ISLANDS),ARRECIFE,VIRGIN ATLANTIC AIRWAYS LTD,D,C, 0 , 0 , 0 , 0 , 0 , 0 , 0 , 0 , 0 , 0 , 4 , 100 , 1.25 
09-Jan-2004 09:46,200201,GATWICK,SPAIN(CANARY ISLANDS),FUERTEVENTURA,AIR 2000,A,C, 11 , 0 , 63.6363636363636 , 9.09090909090909 , 18.1818181818182 , 9.09090909090909 , 0 , 0 , 18.2727272727273 , 0 , 14 , 57.1428571428571 , 14.4285714285714 
09-Jan-2004 09:46,200201,GATWICK,SPAIN(CANARY ISLANDS),FUERTEVENTURA,AIR 2000,D,C, 10 , 0 , 80 , 10 , 10 , 0 , 0 , 0 , 8 , 0 , 15 , 86.6666666666667 , 6.2 
09-Jan-2004 09:46,200201,GATWICK,SPAIN(CANARY ISLANDS),FUERTEVENTURA,AIR EUROPA,A,C, 1 , 0 , 0 , 0 , 0 , 100 , 0 , 0 , 85 , 0 , 0 , 0 , 0 
09-Jan-2004 09:46,200201,GATWICK,SPAIN(CANARY ISLANDS),FUERTEVENTURA,BRITANNIA AIRWAYS,A,C, 5 , 0 , 40 , 40 , 20 , 0 , 0 , 0 , 19.2 , 0 , 9 , 55.5555555555556 , 53.4444444444444 
09-Jan-2004 09:46,200201,GATWICK,SPAIN(CANARY ISLANDS),FUERTEVENTURA,BRITANNIA AIRWAYS,D,C, 5 , 0 , 60 , 40 , 0 , 0 , 0 , 0 , 7.8 , 0 , 9 , 88.8888888888889 , 14.5555555555556 
09-Jan-2004 09:46,200201,GATWICK,SPAIN(CANARY ISLANDS),FUERTEVENTURA,MY TRAVEL AIRWAYS UK,A,C, 11 , 0 , 72.7272727272727 , 9.09090909090909 , 0 , 9.09090909090909 , 9.09090909090909 , 0 , 40.4545454545455 , 0 , 13 , 92.3076923076923 , 3 
09-Jan-2004 09:46,200201,GATWICK,SPAIN(CANARY ISLANDS),FUERTEVENTURA,MY TRAVEL AIRWAYS UK,D,C, 8 , 0 , 62.5 , 12.5 , 12.5 , 12.5 , 0 , 0 , 22.75 , 0 , 13 , 84.6153846153846 , 8.46153846153846 
09-Jan-2004 09:46,200201,GATWICK,SPAIN(CANARY ISLANDS),FUERTEVENTURA,THOMAS COOK AIRLINES LTD,A,C, 9 , 0 , 88.8888888888889 , 0 , 0 , 11.1111111111111 , 0 , 0 , 15.3333333333333 , 0 , 10 , 70 , 12.7 
09-Jan-2004 09:46,200201,GATWICK,SPAIN(CANARY ISLANDS),FUERTEVENTURA,THOMAS COOK AIRLINES LTD,D,C, 9 , 0 , 44.4444444444444 , 44.4444444444444 , 0 , 11.1111111111111 , 0 , 0 , 16.7777777777778 , 0 , 10 , 90 , 4.7 
09-Jan-2004 09:46,200201,GATWICK,SPAIN(CANARY ISLANDS),LAS PALMAS,AIR 2000,A,C, 9 , 0 , 55.5555555555556 , 22.2222222222222 , 0 , 0 , 22.2222222222222 , 0 , 70.5555555555556 , 0 , 17 , 70.5882352941177 , 12.2941176470588 
09-Jan-2004 09:46,200201,GATWICK,SPAIN(CANARY ISLANDS),LAS PALMAS,AIR 2000,D,C, 9 , 0 , 66.6666666666667 , 0 , 11.1111111111111 , 0 , 22.2222222222222 , 0 , 67.2222222222222 , 0 , 17 , 82.3529411764706 , 6.82352941176471 
09-Jan-2004 09:46,200201,GATWICK,SPAIN(CANARY ISLANDS),LAS PALMAS,AIR EUROPA,A,C, 1 , 0 , 0 , 100 , 0 , 0 , 0 , 0 , 29 , 0 , 0 , 0 , 0 
09-Jan-2004 09:46,200201,GATWICK,SPAIN(CANARY ISLANDS),LAS PALMAS,BRITANNIA AIRWAYS,A,C, 9 , 0 , 77.7777777777778 , 22.2222222222222 , 0 , 0 , 0 , 0 , 10.2222222222222 , 0 , 9 , 44.4444444444444 , 21.1111111111111 
09-Jan-2004 09:46,200201,GATWICK,SPAIN(CANARY ISLANDS),LAS PALMAS,BRITANNIA AIRWAYS,D,C, 9 , 0 , 100 , 0 , 0 , 0 , 0 , 0 , 3.22222222222222 , 0 , 9 , 100 , 3.55555555555556 
09-Jan-2004 09:46,200201,GATWICK,SPAIN(CANARY ISLANDS),LAS PALMAS,EXCEL AIRWAYS LTD,A,C, 2 , 0 , 0 , 0 , 0 , 100 , 0 , 0 , 99.5 , 0 , 1 , 0 , 633 
09-Jan-2004 09:46,200201,GATWICK,SPAIN(CANARY ISLANDS),LAS PALMAS,EXCEL AIRWAYS LTD,D,C, 2 , 0 , 50 , 0 , 50 , 0 , 0 , 0 , 25 , 0 , 1 , 0 , 452 
09-Jan-2004 09:46,200201,GATWICK,SPAIN(CANARY ISLANDS),LAS PALMAS,GB AIRWAYS LTD,A,S, 10 , 1 , 50 , 30 , 20 , 0 , 0 , 0 , 17.3 , 0 , 0 , 0 , 0 
09-Jan-2004 09:46,200201,GATWICK,SPAIN(CANARY ISLANDS),LAS PALMAS,GB AIRWAYS LTD,D,S, 9 , 0 , 66.6666666666667 , 22.2222222222222 , 11.1111111111111 , 0 , 0 , 0 , 9.33333333333333 , 0 , 0 , 0 , 0 
09-Jan-2004 09:46,200201,GATWICK,SPAIN(CANARY ISLANDS),LAS PALMAS,MONARCH AIRLINES,A,C, 5 , 0 , 40 , 60 , 0 , 0 , 0 , 0 , 19 , 0 , 5 , 40 , 23.8 
09-Jan-2004 09:46,200201,GATWICK,SPAIN(CANARY ISLANDS),LAS PALMAS,MONARCH AIRLINES,D,C, 5 , 0 , 100 , 0 , 0 , 0 , 0 , 0 , 5.8 , 0 , 5 , 60 , 18.6 
09-Jan-2004 09:46,200201,GATWICK,SPAIN(CANARY ISLANDS),LAS PALMAS,MY TRAVEL AIRWAYS UK,A,C, 18 , 0 , 61.1111111111111 , 11.1111111111111 , 11.1111111111111 , 5.55555555555556 , 5.55555555555556 , 5.55555555555556 , 73.5555555555556 , 0 , 18 , 44.4444444444444 , 24.2777777777778 
09-Jan-2004 09:46,200201,GATWICK,SPAIN(CANARY ISLANDS),LAS PALMAS,MY TRAVEL AIRWAYS UK,D,C, 16 , 0 , 81.25 , 0 , 6.25 , 6.25 , 0 , 6.25 , 50.6875 , 0 , 18 , 72.2222222222222 , 36.1111111111111 
09-Jan-2004 09:46,200201,GATWICK,SPAIN(CANARY ISLANDS),LAS PALMAS,THOMAS COOK AIRLINES LTD,A,C, 10 , 0 , 70 , 10 , 20 , 0 , 0 , 0 , 18.2 , 0 , 14 , 42.8571428571429 , 15.3571428571429 
09-Jan-2004 09:46,200201,GATWICK,SPAIN(CANARY ISLANDS),LAS PALMAS,THOMAS COOK AIRLINES LTD,D,C, 9 , 0 , 100 , 0 , 0 , 0 , 0 , 0 , 3.44444444444444 , 0 , 14 , 100 , 2.21428571428571 
09-Jan-2004 09:46,200201,GATWICK,SPAIN(CANARY ISLANDS),LAS PALMAS,VIRGIN ATLANTIC AIRWAYS LTD,A,C, 0 , 0 , 0 , 0 , 0 , 0 , 0 , 0 , 0 , 0 , 5 , 40 , 12.8 
09-Jan-2004 09:46,200201,GATWICK,SPAIN(CANARY ISLANDS),LAS PALMAS,VIRGIN ATLANTIC AIRWAYS LTD,D,C, 0 , 0 , 0 , 0 , 0 , 0 , 0 , 0 , 0 , 0 , 5 , 100 , 1.6 
09-Jan-2004 09:46,200201,GATWICK,SPAIN(CANARY ISLANDS),SANTA CRUZ DE LA PALMA,THOMAS COOK AIRLINES LTD,A,C, 4 , 0 , 75 , 0 , 0 , 0 , 0 , 25 , 122 , 0 , 4 , 50 , 14.75 
09-Jan-2004 09:46,200201,GATWICK,SPAIN(CANARY ISLANDS),SANTA CRUZ DE LA PALMA,THOMAS COOK AIRLINES LTD,D,C, 4 , 0 , 75 , 0 , 25 , 0 , 0 , 0 , 12 , 0 , 4 , 100 , 2.25 
09-Jan-2004 09:46,200201,GATWICK,SPAIN(CANARY ISLANDS),TENERIFE (SURREINA SOFIA),AIR 2000,A,C, 12 , 0 , 41.6666666666667 , 33.3333333333333 , 8.33333333333333 , 8.33333333333333 , 8.33333333333333 , 0 , 42.75 , 0 , 27 , 33.3333333333333 , 26.9259259259259 
09-Jan-2004 09:46,200201,GATWICK,SPAIN(CANARY ISLANDS),TENERIFE (SURREINA SOFIA),AIR 2000,A,S, 9 , 0 , 44.4444444444444 , 44.4444444444444 , 11.1111111111111 , 0 , 0 , 0 , 16.3333333333333 , 0 , 4 , 0 , 36 
09-Jan-2004 09:46,200201,GATWICK,SPAIN(CANARY ISLANDS),TENERIFE (SURREINA SOFIA),AIR 2000,D,C, 11 , 0 , 72.7272727272727 , 0 , 18.1818181818182 , 0 , 9.09090909090909 , 0 , 31.5454545454545 , 0 , 27 , 88.8888888888889 , 7.2962962962963 
09-Jan-2004 09:46,200201,GATWICK,SPAIN(CANARY ISLANDS),TENERIFE (SURREINA SOFIA),AIR 2000,D,S, 9 , 0 , 100 , 0 , 0 , 0 , 0 , 0 , 3 , 0 , 4 , 100 , 3 
09-Jan-2004 09:46,200201,GATWICK,SPAIN(CANARY ISLANDS),TENERIFE (SURREINA SOFIA),BRITANNIA AIRWAYS,A,C, 32 , 0 , 40.625 , 40.625 , 12.5 , 6.25 , 0 , 0 , 22.375 , 0 , 28 , 25 , 38.6071428571429 
09-Jan-2004 09:46,200201,GATWICK,SPAIN(CANARY ISLANDS),TENERIFE (SURREINA SOFIA),BRITANNIA AIRWAYS,D,C, 29 , 0 , 79.3103448275862 , 10.3448275862069 , 3.44827586206897 , 6.89655172413793 , 0 , 0 , 9.82758620689655 , 0 , 25 , 64 , 11.6 
09-Jan-2004 09:46,200201,GATWICK,SPAIN(CANARY ISLANDS),TENERIFE (SURREINA SOFIA),EXCEL AIRWAYS LTD,A,C, 7 , 0 , 71.4285714285714 , 28.5714285714286 , 0 , 0 , 0 , 0 , 4.85714285714286 , 0 , 1 , 100 , 9 
09-Jan-2004 09:46,200201,GATWICK,SPAIN(CANARY ISLANDS),TENERIFE (SURREINA SOFIA),EXCEL AIRWAYS LTD,D,C, 7 , 0 , 100 , 0 , 0 , 0 , 0 , 0 , 0 , 0 , 1 , 100 , 0 
09-Jan-2004 09:46,200201,GATWICK,SPAIN(CANARY ISLANDS),TENERIFE (SURREINA SOFIA),FUTURA AIRLINES,A,C, 5 , 0 , 20 , 40 , 40 , 0 , 0 , 0 , 27 , 0 , 3 , 0 , 137 
09-Jan-2004 09:46,200201,GATWICK,SPAIN(CANARY ISLANDS),TENERIFE (SURREINA SOFIA),FUTURA AIRLINES,D,C, 5 , 0 , 20 , 40 , 40 , 0 , 0 , 0 , 25.2 , 0 , 1 , 0 , 92 
09-Jan-2004 09:46,200201,GATWICK,SPAIN(CANARY ISLANDS),TENERIFE (SURREINA SOFIA),GB AIRWAYS LTD,A,S, 21 , 0 , 42.8571428571429 , 23.8095238095238 , 23.8095238095238 , 9.52380952380952 , 0 , 0 , 23.7619047619048 , 0 , 13 , 69.2307692307692 , 51.0769230769231 
09-Jan-2004 09:46,200201,GATWICK,SPAIN(CANARY ISLANDS),TENERIFE (SURREINA SOFIA),GB AIRWAYS LTD,D,S, 31 , 0 , 77.4193548387097 , 16.1290322580645 , 3.2258064516129 , 3.2258064516129 , 0 , 0 , 11.0645161290323 , 0 , 13 , 76.9230769230769 , 53.0769230769231 
09-Jan-2004 09:46,200201,GATWICK,SPAIN(CANARY ISLANDS),TENERIFE (SURREINA SOFIA),IBERWORLD,A,C, 1 , 0 , 0 , 100 , 0 , 0 , 0 , 0 , 21 , 0 , 0 , 0 , 0 
09-Jan-2004 09:46,200201,GATWICK,SPAIN(CANARY ISLANDS),TENERIFE (SURREINA SOFIA),IBERWORLD,D,C, 1 , 0 , 0 , 100 , 0 , 0 , 0 , 0 , 26 , 0 , 0 , 0 , 0 
09-Jan-2004 09:46,200201,GATWICK,SPAIN(CANARY ISLANDS),TENERIFE (SURREINA SOFIA),LTE INTERNATIONAL AIRWAYS,A,C, 1 , 0 , 100 , 0 , 0 , 0 , 0 , 0 , 3 , 0 , 0 , 0 , 0 
09-Jan-2004 09:46,200201,GATWICK,SPAIN(CANARY ISLANDS),TENERIFE (SURREINA SOFIA),MONARCH AIRLINES,A,C, 22 , 0 , 68.1818181818182 , 9.09090909090909 , 4.54545454545455 , 13.6363636363636 , 4.54545454545455 , 0 , 24.4090909090909 , 0 , 12 , 58.3333333333333 , 33.5833333333333 
09-Jan-2004 09:46,200201,GATWICK,SPAIN(CANARY ISLANDS),TENERIFE (SURREINA SOFIA),MONARCH AIRLINES,D,C, 14 , 0 , 85.7142857142857 , 0 , 7.14285714285714 , 0 , 7.14285714285714 , 0 , 22.7857142857143 , 0 , 11 , 72.7272727272727 , 24.3636363636364 
09-Jan-2004 09:46,200201,GATWICK,SPAIN(CANARY ISLANDS),TENERIFE (SURREINA SOFIA),MY TRAVEL AIRWAYS UK,A,C, 24 , 1 , 70.8333333333333 , 12.5 , 12.5 , 0 , 4.16666666666667 , 0 , 21.7916666666667 , 0 , 22 , 45.4545454545455 , 31.8181818181818 
09-Jan-2004 09:46,200201,GATWICK,SPAIN(CANARY ISLANDS),TENERIFE (SURREINA SOFIA),MY TRAVEL AIRWAYS UK,D,C, 22 , 0 , 86.3636363636364 , 0 , 9.09090909090909 , 0 , 4.54545454545455 , 0 , 18.6818181818182 , 0 , 22 , 68.1818181818182 , 17.4090909090909 
09-Jan-2004 09:46,200201,GATWICK,SPAIN(CANARY ISLANDS),TENERIFE (SURREINA SOFIA),SPANAIR,D,C, 0 , 0 , 0 , 0 , 0 , 0 , 0 , 0 , 0 , 0 , 1 , 0 , 58 
09-Jan-2004 09:46,200201,GATWICK,SPAIN(CANARY ISLANDS),TENERIFE (SURREINA SOFIA),THOMAS COOK AIRLINES LTD,A,C, 32 , 2 , 59.375 , 31.25 , 6.25 , 3.125 , 0 , 0 , 17.15625 , 0 , 25 , 24 , 37.68 
09-Jan-2004 09:46,200201,GATWICK,SPAIN(CANARY ISLANDS),TENERIFE (SURREINA SOFIA),THOMAS COOK AIRLINES LTD,D,C, 31 , 0 , 80.6451612903226 , 9.67741935483871 , 6.45161290322581 , 3.2258064516129 , 0 , 0 , 13.0322580645161 , 0 , 24 , 79.1666666666667 , 7.5 
09-Jan-2004 09:46,200201,GATWICK,SPAIN(CANARY ISLANDS),TENERIFE (SURREINA SOFIA),VIRGIN ATLANTIC AIRWAYS LTD,A,C, 0 , 0 , 0 , 0 , 0 , 0 , 0 , 0 , 0 , 0 , 14 , 57.1428571428571 , 13.2857142857143 
09-Jan-2004 09:46,200201,GATWICK,SPAIN(CANARY ISLANDS),TENERIFE (SURREINA SOFIA),VIRGIN ATLANTIC AIRWAYS LTD,D,C, 0 , 0 , 0 , 0 , 0 , 0 , 0 , 0 , 0 , 0 , 11 , 90.9090909090909 , 3.81818181818182 
09-Jan-2004 09:46,200201,GATWICK,SRI LANKA,COLOMBO,MONARCH AIRLINES,A,C, 0 , 0 , 0 , 0 , 0 , 0 , 0 , 0 , 0 , 0 , 5 , 40 , 47.4 
09-Jan-2004 09:46,200201,GATWICK,SRI LANKA,COLOMBO,MONARCH AIRLINES,D,C, 0 , 0 , 0 , 0 , 0 , 0 , 0 , 0 , 0 , 0 , 5 , 80 , 35.6 
09-Jan-2004 09:46,200201,GATWICK,ST LUCIA,ST LUCIA (HEWANORRA),AIR 2000,A,C, 0 , 0 , 0 , 0 , 0 , 0 , 0 , 0 , 0 , 0 , 1 , 0 , 37 
09-Jan-2004 09:46,200201,GATWICK,ST LUCIA,ST LUCIA (HEWANORRA),AIR 2000,D,C, 0 , 0 , 0 , 0 , 0 , 0 , 0 , 0 , 0 , 0 , 4 , 25 , 44.75 
09-Jan-2004 09:46,200201,GATWICK,ST LUCIA,ST LUCIA (HEWANORRA),BRITISH AIRWAYS PLC,A,S, 13 , 0 , 69.2307692307692 , 0 , 7.69230769230769 , 15.3846153846154 , 0 , 7.69230769230769 , 64.9230769230769 , 0 , 14 , 92.8571428571429 , 11.2142857142857 
09-Jan-2004 09:46,200201,GATWICK,ST LUCIA,ST LUCIA (HEWANORRA),BRITISH AIRWAYS PLC,D,S, 14 , 0 , 57.1428571428571 , 14.2857142857143 , 0 , 7.14285714285714 , 14.2857142857143 , 7.14285714285714 , 89.8571428571429 , 0 , 13 , 38.4615384615385 , 32.5384615384615 
09-Jan-2004 09:46,200201,GATWICK,ST LUCIA,ST LUCIA (HEWANORRA),VIRGIN ATLANTIC AIRWAYS LTD,A,S, 9 , 0 , 88.8888888888889 , 0 , 0 , 11.1111111111111 , 0 , 0 , 9 , 0 , 5 , 60 , 21 
09-Jan-2004 09:46,200201,GATWICK,ST LUCIA,ST LUCIA (HEWANORRA),VIRGIN ATLANTIC AIRWAYS LTD,D,S, 9 , 0 , 77.7777777777778 , 11.1111111111111 , 0 , 11.1111111111111 , 0 , 0 , 15.6666666666667 , 0 , 5 , 80 , 8.2 
09-Jan-2004 09:46,200201,GATWICK,SWEDEN,GOTEBORG,BRITISH AIRWAYS (EURO OPS) LGW,A,S, 0 , 0 , 0 , 0 , 0 , 0 , 0 , 0 , 0 , 0 , 92 , 86.9565217391304 , 6.44565217391304 
09-Jan-2004 09:46,200201,GATWICK,SWEDEN,GOTEBORG,BRITISH AIRWAYS (EURO OPS) LGW,D,S, 0 , 0 , 0 , 0 , 0 , 0 , 0 , 0 , 0 , 0 , 92 , 91.304347826087 , 4.94565217391304 
09-Jan-2004 09:46,200201,GATWICK,SWEDEN,KIRUNA,MONARCH AIRLINES,A,C, 1 , 0 , 0 , 0 , 100 , 0 , 0 , 0 , 43 , 0 , 0 , 0 , 0 
09-Jan-2004 09:46,200201,GATWICK,SWEDEN,KIRUNA,MONARCH AIRLINES,D,C, 1 , 0 , 100 , 0 , 0 , 0 , 0 , 0 , 0 , 0 , 0 , 0 , 0 
09-Jan-2004 09:46,200201,GATWICK,SWEDEN,STOCKHOLM (ARLANDA),BRITISH AIRWAYS (EURO OPS) LGW,A,S, 0 , 0 , 0 , 0 , 0 , 0 , 0 , 0 , 0 , 0 , 87 , 87.3563218390805 , 6.80459770114943 
09-Jan-2004 09:46,200201,GATWICK,SWEDEN,STOCKHOLM (ARLANDA),BRITISH AIRWAYS (EURO OPS) LGW,D,S, 0 , 0 , 0 , 0 , 0 , 0 , 0 , 0 , 0 , 0 , 87 , 87.3563218390805 , 8.3448275862069 
09-Jan-2004 09:46,200201,GATWICK,SWEDEN,STOCKHOLM (SKAVSTA),RYANAIR,A,S, 0 , 1 , 0 , 0 , 0 , 0 , 0 , 0 , 0 , 0 , 0 , 0 , 0 
09-Jan-2004 09:46,200201,GATWICK,SWITZERLAND,BERNE,FLYBE.BRITISH EUROPEAN,A,C, 4 , 0 , 75 , 0 , 0 , 25 , 0 , 0 , 28.25 , 0 , 0 , 0 , 0 
09-Jan-2004 09:46,200201,GATWICK,SWITZERLAND,BERNE,FLYBE.BRITISH EUROPEAN,D,C, 4 , 0 , 50 , 50 , 0 , 0 , 0 , 0 , 15 , 0 , 0 , 0 , 0 
09-Jan-2004 09:46,200201,GATWICK,SWITZERLAND,GENEVA,AIR 2000,A,C, 16 , 1 , 18.75 , 31.25 , 18.75 , 31.25 , 0 , 0 , 57.8125 , 0 , 12 , 8.33333333333333 , 30.8333333333333 
09-Jan-2004 09:46,200201,GATWICK,SWITZERLAND,GENEVA,AIR 2000,D,C, 16 , 0 , 50 , 18.75 , 12.5 , 12.5 , 6.25 , 0 , 43.125 , 0 , 12 , 100 , 6.41666666666667 
09-Jan-2004 09:46,200201,GATWICK,SWITZERLAND,GENEVA,BRITANNIA AIRWAYS,A,C, 24 , 0 , 25 , 8.33333333333333 , 50 , 16.6666666666667 , 0 , 0 , 44.125 , 0 , 21 , 9.52380952380952 , 70.7619047619048 
09-Jan-2004 09:46,200201,GATWICK,SWITZERLAND,GENEVA,BRITANNIA AIRWAYS,D,C, 24 , 0 , 62.5 , 20.8333333333333 , 8.33333333333333 , 8.33333333333333 , 0 , 0 , 20.875 , 0 , 20 , 40 , 36.85 
09-Jan-2004 09:46,200201,GATWICK,SWITZERLAND,GENEVA,BRITISH AIRWAYS (EURO OPS) LGW,A,S, 87 , 0 , 57.4712643678161 , 22.9885057471264 , 17.2413793103448 , 2.29885057471264 , 0 , 0 , 16.6781609195402 , 0 , 88 , 76.1363636363636 , 15.5795454545455 
09-Jan-2004 09:46,200201,GATWICK,SWITZERLAND,GENEVA,BRITISH AIRWAYS (EURO OPS) LGW,D,S, 88 , 0 , 78.4090909090909 , 15.9090909090909 , 3.40909090909091 , 2.27272727272727 , 0 , 0 , 9.95454545454546 , 0 , 88 , 89.7727272727273 , 8.34090909090909 
09-Jan-2004 09:46,200201,GATWICK,SWITZERLAND,GENEVA,BRITISH AIRWAYS PLC,A,C, 12 , 0 , 25 , 16.6666666666667 , 50 , 8.33333333333333 , 0 , 0 , 32.3333333333333 , 0 , 5 , 0 , 36.6 
09-Jan-2004 09:46,200201,GATWICK,SWITZERLAND,GENEVA,BRITISH AIRWAYS PLC,D,C, 12 , 0 , 66.6666666666667 , 0 , 33.3333333333333 , 0 , 0 , 0 , 17.75 , 0 , 5 , 60 , 18.4 
09-Jan-2004 09:46,200201,GATWICK,SWITZERLAND,GENEVA,CITY FLYER EXPRESS,A,C, 0 , 0 , 0 , 0 , 0 , 0 , 0 , 0 , 0 , 0 , 7 , 71.4285714285714 , 12.5714285714286 
09-Jan-2004 09:46,200201,GATWICK,SWITZERLAND,GENEVA,CITY FLYER EXPRESS,D,C, 0 , 0 , 0 , 0 , 0 , 0 , 0 , 0 , 0 , 0 , 7 , 71.4285714285714 , 11.4285714285714 
09-Jan-2004 09:46,200201,GATWICK,SWITZERLAND,GENEVA,EASYJET AIRLINE COMPANY LTD,A,S, 0 , 1 , 0 , 0 , 0 , 0 , 0 , 0 , 0 , 0 , 0 , 0 , 0 
09-Jan-2004 09:46,200201,GATWICK,SWITZERLAND,GENEVA,EASYJET SWITZERLAND,A,S, 92 , 0 , 70.6521739130435 , 17.3913043478261 , 5.43478260869565 , 6.52173913043478 , 0 , 0 , 15 , 1 , 62 , 59.6774193548387 , 22.4838709677419 
09-Jan-2004 09:46,200201,GATWICK,SWITZERLAND,GENEVA,EASYJET SWITZERLAND,D,S, 92 , 0 , 73.9130434782609 , 10.8695652173913 , 6.52173913043478 , 8.69565217391304 , 0 , 0 , 14.3913043478261 , 1 , 62 , 79.0322580645161 , 15.3064516129032 
09-Jan-2004 09:46,200201,GATWICK,SWITZERLAND,GENEVA,EUROPEAN AIR CHARTER,A,C, 4 , 0 , 0 , 0 , 50 , 50 , 0 , 0 , 54.75 , 0 , 0 , 0 , 0 
09-Jan-2004 09:46,200201,GATWICK,SWITZERLAND,GENEVA,EUROPEAN AIR CHARTER,D,C, 4 , 0 , 75 , 0 , 25 , 0 , 0 , 0 , 15.25 , 0 , 0 , 0 , 0 
09-Jan-2004 09:46,200201,GATWICK,SWITZERLAND,GENEVA,MONARCH AIRLINES,A,C, 8 , 0 , 12.5 , 62.5 , 12.5 , 12.5 , 0 , 0 , 29.875 , 0 , 8 , 12.5 , 44.125 
09-Jan-2004 09:46,200201,GATWICK,SWITZERLAND,GENEVA,MONARCH AIRLINES,D,C, 8 , 0 , 87.5 , 0 , 12.5 , 0 , 0 , 0 , 10.25 , 0 , 8 , 50 , 18.75 
09-Jan-2004 09:46,200201,GATWICK,SWITZERLAND,GENEVA,MY TRAVEL AIRWAYS UK,A,C, 5 , 3 , 80 , 0 , 20 , 0 , 0 , 0 , 12.8 , 0 , 5 , 60 , 172.6 
09-Jan-2004 09:46,200201,GATWICK,SWITZERLAND,GENEVA,MY TRAVEL AIRWAYS UK,D,C, 8 , 0 , 87.5 , 0 , 12.5 , 0 , 0 , 0 , 7.375 , 0 , 5 , 100 , 1 
09-Jan-2004 09:46,200201,GATWICK,SWITZERLAND,GENEVA,THOMAS COOK AIRLINES LTD,A,C, 8 , 0 , 0 , 37.5 , 25 , 37.5 , 0 , 0 , 60.75 , 0 , 8 , 0 , 45.875 
09-Jan-2004 09:46,200201,GATWICK,SWITZERLAND,GENEVA,THOMAS COOK AIRLINES LTD,D,C, 8 , 0 , 62.5 , 0 , 0 , 37.5 , 0 , 0 , 35.5 , 0 , 8 , 87.5 , 8 
09-Jan-2004 09:46,200201,GATWICK,SWITZERLAND,SION,BRITISH AIRWAYS PLC,A,C, 8 , 0 , 25 , 25 , 25 , 12.5 , 12.5 , 0 , 57.75 , 0 , 0 , 0 , 0 
09-Jan-2004 09:46,200201,GATWICK,SWITZERLAND,SION,BRITISH AIRWAYS PLC,D,C, 8 , 0 , 62.5 , 12.5 , 0 , 25 , 0 , 0 , 42.875 , 0 , 0 , 0 , 0 
09-Jan-2004 09:46,200201,GATWICK,SWITZERLAND,SION,CITY FLYER EXPRESS,A,C, 0 , 0 , 0 , 0 , 0 , 0 , 0 , 0 , 0 , 0 , 8 , 25 , 85.75 
09-Jan-2004 09:46,200201,GATWICK,SWITZERLAND,SION,CITY FLYER EXPRESS,D,C, 0 , 0 , 0 , 0 , 0 , 0 , 0 , 0 , 0 , 0 , 8 , 62.5 , 24.875 
09-Jan-2004 09:46,200201,GATWICK,SWITZERLAND,ZURICH,CITY FLYER EXPRESS,A,S, 0 , 0 , 0 , 0 , 0 , 0 , 0 , 0 , 0 , 0 , 58 , 82.7586206896552 , 9.1551724137931 
09-Jan-2004 09:46,200201,GATWICK,SWITZERLAND,ZURICH,CITY FLYER EXPRESS,D,S, 0 , 0 , 0 , 0 , 0 , 0 , 0 , 0 , 0 , 0 , 58 , 82.7586206896552 , 10.6551724137931 
09-Jan-2004 09:46,200201,GATWICK,SWITZERLAND,ZURICH,MONARCH AIRLINES,A,C, 0 , 0 , 0 , 0 , 0 , 0 , 0 , 0 , 0 , 0 , 4 , 25 , 25.25 
09-Jan-2004 09:46,200201,GATWICK,SWITZERLAND,ZURICH,MONARCH AIRLINES,D,C, 0 , 0 , 0 , 0 , 0 , 0 , 0 , 0 , 0 , 0 , 4 , 100 , 5 
09-Jan-2004 09:46,200201,GATWICK,TANZANIA,DAR-ES-SALAAM,BRITISH AIRWAYS PLC,A,S, 0 , 0 , 0 , 0 , 0 , 0 , 0 , 0 , 0 , 0 , 13 , 69.2307692307692 , 27.5384615384615 
09-Jan-2004 09:46,200201,GATWICK,TANZANIA,DAR-ES-SALAAM,BRITISH AIRWAYS PLC,D,S, 0 , 0 , 0 , 0 , 0 , 0 , 0 , 0 , 0 , 0 , 13 , 69.2307692307692 , 11.4615384615385 
09-Jan-2004 09:46,200201,GATWICK,THAILAND,PHUKET,BRITANNIA AIRWAYS,A,C, 0 , 0 , 0 , 0 , 0 , 0 , 0 , 0 , 0 , 0 , 3 , 0 , 51.3333333333333 
09-Jan-2004 09:46,200201,GATWICK,THAILAND,PHUKET,BRITANNIA AIRWAYS,D,C, 0 , 0 , 0 , 0 , 0 , 0 , 0 , 0 , 0 , 0 , 5 , 20 , 36.4 
09-Jan-2004 09:46,200201,GATWICK,TRINIDAD AND TOBAGO,PORT OF SPAIN,BRITANNIA AIRWAYS,A,C, 0 , 0 , 0 , 0 , 0 , 0 , 0 , 0 , 0 , 0 , 1 , 0 , 148 
09-Jan-2004 09:46,200201,GATWICK,TRINIDAD AND TOBAGO,PORT OF SPAIN,BRITANNIA AIRWAYS,D,C, 0 , 0 , 0 , 0 , 0 , 0 , 0 , 0 , 0 , 0 , 1 , 0 , 20 
09-Jan-2004 09:46,200201,GATWICK,TRINIDAD AND TOBAGO,TOBAGO,MONARCH AIRLINES,D,C, 5 , 0 , 40 , 20 , 0 , 20 , 20 , 0 , 93.8 , 0 , 0 , 0 , 0 
09-Jan-2004 09:46,200201,GATWICK,TRINIDAD AND TOBAGO,TOBAGO,THOMAS COOK AIRLINES LTD,A,C, 0 , 0 , 0 , 0 , 0 , 0 , 0 , 0 , 0 , 0 , 8 , 50 , 265.625 
09-Jan-2004 09:46,200201,GATWICK,TUNISIA,JERBA,MONARCH AIRLINES,A,C, 1 , 0 , 0 , 0 , 100 , 0 , 0 , 0 , 51 , 0 , 0 , 0 , 0 
09-Jan-2004 09:46,200201,GATWICK,TUNISIA,JERBA,MONARCH AIRLINES,D,C, 1 , 0 , 0 , 100 , 0 , 0 , 0 , 0 , 27 , 0 , 0 , 0 , 0 
09-Jan-2004 09:46,200201,GATWICK,TUNISIA,MONASTIR,AIR 2000,A,C, 4 , 0 , 75 , 0 , 0 , 0 , 25 , 0 , 51 , 0 , 4 , 100 , 0 
09-Jan-2004 09:46,200201,GATWICK,TUNISIA,MONASTIR,AIR 2000,D,C, 4 , 0 , 75 , 0 , 0 , 25 , 0 , 0 , 32 , 0 , 4 , 100 , 1 
09-Jan-2004 09:46,200201,GATWICK,TUNISIA,MONASTIR,BRITANNIA AIRWAYS,A,C, 6 , 0 , 66.6666666666667 , 0 , 16.6666666666667 , 16.6666666666667 , 0 , 0 , 27 , 0 , 9 , 66.6666666666667 , 15.1111111111111 
09-Jan-2004 09:46,200201,GATWICK,TUNISIA,MONASTIR,BRITANNIA AIRWAYS,D,C, 6 , 0 , 83.3333333333333 , 0 , 16.6666666666667 , 0 , 0 , 0 , 9 , 0 , 9 , 100 , 5.44444444444444 
09-Jan-2004 09:46,200201,GATWICK,TUNISIA,MONASTIR,MONARCH AIRLINES,A,C, 1 , 0 , 0 , 0 , 100 , 0 , 0 , 0 , 35 , 0 , 1 , 100 , 0 
09-Jan-2004 09:46,200201,GATWICK,TUNISIA,MONASTIR,MONARCH AIRLINES,D,C, 0 , 0 , 0 , 0 , 0 , 0 , 0 , 0 , 0 , 0 , 2 , 100 , 4.5 
09-Jan-2004 09:46,200201,GATWICK,TUNISIA,MONASTIR,MY TRAVEL AIRWAYS UK,A,C, 5 , 0 , 60 , 20 , 20 , 0 , 0 , 0 , 20.2 , 0 , 10 , 60 , 13.1 
09-Jan-2004 09:46,200201,GATWICK,TUNISIA,MONASTIR,MY TRAVEL AIRWAYS UK,D,C, 5 , 0 , 80 , 20 , 0 , 0 , 0 , 0 , 8.4 , 0 , 10 , 100 , 2.7 
09-Jan-2004 09:46,200201,GATWICK,TUNISIA,MONASTIR,NOUVELAIR TUNISIE,A,C, 0 , 0 , 0 , 0 , 0 , 0 , 0 , 0 , 0 , 0 , 4 , 50 , 12.75 
09-Jan-2004 09:46,200201,GATWICK,TUNISIA,MONASTIR,NOUVELAIR TUNISIE,D,C, 0 , 0 , 0 , 0 , 0 , 0 , 0 , 0 , 0 , 0 , 3 , 66.6666666666667 , 18.6666666666667 
09-Jan-2004 09:46,200201,GATWICK,TUNISIA,MONASTIR,THOMAS COOK AIRLINES LTD,A,C, 4 , 0 , 100 , 0 , 0 , 0 , 0 , 0 , 5.25 , 0 , 0 , 0 , 0 
09-Jan-2004 09:46,200201,GATWICK,TUNISIA,MONASTIR,THOMAS COOK AIRLINES LTD,D,C, 4 , 0 , 75 , 25 , 0 , 0 , 0 , 0 , 6.75 , 0 , 0 , 0 , 0 
09-Jan-2004 09:46,200201,GATWICK,TUNISIA,TUNIS,GB AIRWAYS LTD,A,S, 17 , 0 , 76.4705882352941 , 17.6470588235294 , 5.88235294117647 , 0 , 0 , 0 , 8.29411764705882 , 0 , 18 , 77.7777777777778 , 8.61111111111111 
09-Jan-2004 09:46,200201,GATWICK,TUNISIA,TUNIS,GB AIRWAYS LTD,D,S, 17 , 0 , 70.5882352941177 , 11.7647058823529 , 11.7647058823529 , 5.88235294117647 , 0 , 0 , 17.2941176470588 , 0 , 18 , 55.5555555555556 , 22.8333333333333 
09-Jan-2004 09:46,200201,GATWICK,TURKEY,ANTALYA,THOMAS COOK AIRLINES LTD,A,C, 4 , 0 , 0 , 0 , 75 , 25 , 0 , 0 , 63.75 , 0 , 5 , 20 , 16.6 
09-Jan-2004 09:46,200201,GATWICK,TURKEY,ANTALYA,THOMAS COOK AIRLINES LTD,D,C, 4 , 0 , 50 , 25 , 25 , 0 , 0 , 0 , 20 , 0 , 5 , 100 , 1.4 
09-Jan-2004 09:46,200201,GATWICK,UGANDA,ENTEBBE,BRITISH AIRWAYS PLC,A,S, 0 , 0 , 0 , 0 , 0 , 0 , 0 , 0 , 0 , 0 , 14 , 64.2857142857143 , 23.3571428571429 
09-Jan-2004 09:46,200201,GATWICK,UGANDA,ENTEBBE,BRITISH AIRWAYS PLC,D,S, 0 , 0 , 0 , 0 , 0 , 0 , 0 , 0 , 0 , 0 , 13 , 69.2307692307692 , 23 
09-Jan-2004 09:46,200201,GATWICK,UGANDA,ENTEBBE,DAS AIR CARGO(DAIRO AIR SVCS),D,C, 0 , 1 , 0 , 0 , 0 , 0 , 0 , 0 , 0 , 0 , 0 , 0 , 0 
09-Jan-2004 09:46,200201,GATWICK,UKRAINE,KIEV (BORISPOL),BRITISH AIRWAYS (EURO OPS) LGW,A,S, 21 , 0 , 71.4285714285714 , 9.52380952380952 , 14.2857142857143 , 4.76190476190476 , 0 , 0 , 13.9047619047619 , 0 , 21 , 80.9523809523809 , 9.90476190476191 
09-Jan-2004 09:46,200201,GATWICK,UKRAINE,KIEV (BORISPOL),BRITISH AIRWAYS (EURO OPS) LGW,D,S, 21 , 0 , 76.1904761904762 , 9.52380952380952 , 14.2857142857143 , 0 , 0 , 0 , 11.2857142857143 , 0 , 21 , 71.4285714285714 , 13.8095238095238 
09-Jan-2004 09:46,200201,GATWICK,UKRAINE,KIEV (BORISPOL),UKRAINE INTERNATIONAL AIRLINES,A,S, 21 , 0 , 52.3809523809524 , 28.5714285714286 , 9.52380952380952 , 9.52380952380952 , 0 , 0 , 19.4761904761905 , 0 , 20 , 60 , 13.9 
09-Jan-2004 09:46,200201,GATWICK,UKRAINE,KIEV (BORISPOL),UKRAINE INTERNATIONAL AIRLINES,D,S, 21 , 0 , 80.9523809523809 , 14.2857142857143 , 4.76190476190476 , 0 , 0 , 0 , 6.90476190476191 , 0 , 20 , 85 , 6.9 
09-Jan-2004 09:46,200201,GATWICK,UNITED ARAB EMIRATES,DUBAI,AIR 2000,A,C, 0 , 0 , 0 , 0 , 0 , 0 , 0 , 0 , 0 , 0 , 1 , 0 , 52 
09-Jan-2004 09:46,200201,GATWICK,UNITED ARAB EMIRATES,DUBAI,AIR 2000,D,C, 0 , 0 , 0 , 0 , 0 , 0 , 0 , 0 , 0 , 0 , 1 , 100 , 5 
09-Jan-2004 09:46,200201,GATWICK,UNITED ARAB EMIRATES,DUBAI,DAS AIR CARGO(DAIRO AIR SVCS),D,C, 0 , 0 , 0 , 0 , 0 , 0 , 0 , 0 , 0 , 0 , 1 , 0 , 129 
09-Jan-2004 09:46,200201,GATWICK,UNITED ARAB EMIRATES,DUBAI,EMIRATES,A,S, 35 , 0 , 71.4285714285714 , 11.4285714285714 , 14.2857142857143 , 0 , 2.85714285714286 , 0 , 15.1428571428571 , 1 , 33 , 78.7878787878788 , 8.3030303030303 
09-Jan-2004 09:46,200201,GATWICK,UNITED ARAB EMIRATES,DUBAI,EMIRATES,D,S, 34 , 0 , 76.4705882352941 , 11.7647058823529 , 5.88235294117647 , 5.88235294117647 , 0 , 0 , 18.0294117647059 , 2 , 33 , 78.7878787878788 , 13.030303030303 
09-Jan-2004 09:46,200201,GATWICK,UNITED KINGDOM,ABERDEEN,BRITISH AIRWAYS (EURO OPS) LGW,A,S, 110 , 0 , 85.4545454545455 , 4.54545454545455 , 6.36363636363636 , 3.63636363636364 , 0 , 0 , 8.07272727272727 , 0 , 110 , 86.3636363636364 , 7.04545454545455 
09-Jan-2004 09:46,200201,GATWICK,UNITED KINGDOM,ABERDEEN,BRITISH AIRWAYS (EURO OPS) LGW,D,S, 110 , 0 , 88.1818181818182 , 4.54545454545455 , 4.54545454545455 , 2.72727272727273 , 0 , 0 , 8.4 , 0 , 110 , 81.8181818181818 , 6.72727272727273 
09-Jan-2004 09:46,200201,GATWICK,UNITED KINGDOM,BELFAST CITY,FLYBE.BRITISH EUROPEAN,A,S, 143 , 4 , 83.9160839160839 , 10.4895104895105 , 2.7972027972028 , 2.7972027972028 , 0 , 0 , 7.67132867132867 , 2 , 142 , 85.9154929577465 , 7.16197183098592 
09-Jan-2004 09:46,200201,GATWICK,UNITED KINGDOM,BELFAST CITY,FLYBE.BRITISH EUROPEAN,D,S, 142 , 4 , 84.5070422535211 , 7.04225352112676 , 4.22535211267606 , 3.52112676056338 , 0.704225352112676 , 0 , 10.2676056338028 , 8 , 142 , 90.8450704225352 , 6.09859154929578 
09-Jan-2004 09:46,200201,GATWICK,UNITED KINGDOM,BELFAST INTERNATIONAL,EASYJET AIRLINE COMPANY LTD,A,S, 0 , 1 , 0 , 0 , 0 , 0 , 0 , 0 , 0 , 0 , 0 , 0 , 0 
09-Jan-2004 09:46,200201,GATWICK,UNITED KINGDOM,BIRMINGHAM,FLYBE.BRITISH EUROPEAN,D,S, 0 , 1 , 0 , 0 , 0 , 0 , 0 , 0 , 0 , 0 , 0 , 0 , 0 
09-Jan-2004 09:46,200201,GATWICK,UNITED KINGDOM,BLACKPOOL,FLIGHTLINE LTD,D,C, 0 , 1 , 0 , 0 , 0 , 0 , 0 , 0 , 0 , 0 , 0 , 0 , 0 
09-Jan-2004 09:46,200201,GATWICK,UNITED KINGDOM,BOURNEMOUTH,UKRANIAN CARGO AIRWAYS,D,C, 0 , 1 , 0 , 0 , 0 , 0 , 0 , 0 , 0 , 0 , 0 , 0 , 0 
09-Jan-2004 09:46,200201,GATWICK,UNITED KINGDOM,BRISTOL,BRITISH AIRWAYS CITIEXPRESS LTD,A,S, 20 , 0 , 65 , 25 , 10 , 0 , 0 , 0 , 13.4 , 2 , 21 , 61.9047619047619 , 22 
09-Jan-2004 09:46,200201,GATWICK,UNITED KINGDOM,BRISTOL,BRITISH AIRWAYS CITIEXPRESS LTD,D,S, 19 , 0 , 73.6842105263158 , 15.7894736842105 , 5.26315789473684 , 5.26315789473684 , 0 , 0 , 13.0526315789474 , 3 , 0 , 0 , 0 
09-Jan-2004 09:46,200201,GATWICK,UNITED KINGDOM,BRISTOL,MY TRAVEL AIRWAYS UK,D,C, 0 , 1 , 0 , 0 , 0 , 0 , 0 , 0 , 0 , 0 , 0 , 0 , 0 
09-Jan-2004 09:46,200201,GATWICK,UNITED KINGDOM,EDINBURGH,BRITISH AIRWAYS (EURO OPS) LGW,A,S, 158 , 0 , 81.0126582278481 , 11.3924050632911 , 4.43037974683544 , 2.53164556962025 , 0.632911392405063 , 0 , 9.68987341772152 , 0 , 162 , 85.1851851851852 , 7.45679012345679 
09-Jan-2004 09:46,200201,GATWICK,UNITED KINGDOM,EDINBURGH,BRITISH AIRWAYS (EURO OPS) LGW,D,S, 159 , 0 , 86.1635220125786 , 6.91823899371069 , 5.66037735849057 , 1.25786163522013 , 0 , 0 , 6.9496855345912 , 0 , 162 , 90.1234567901235 , 5.9320987654321 
09-Jan-2004 09:46,200201,GATWICK,UNITED KINGDOM,EXETER,FLYBE.BRITISH EUROPEAN,A,S, 0 , 0 , 0 , 0 , 0 , 0 , 0 , 0 , 0 , 0 , 24 , 79.1666666666667 , 4.33333333333333 
09-Jan-2004 09:46,200201,GATWICK,UNITED KINGDOM,EXETER,FLYBE.BRITISH EUROPEAN,D,S, 0 , 0 , 0 , 0 , 0 , 0 , 0 , 0 , 0 , 0 , 23 , 100 , 1.08695652173913 
09-Jan-2004 09:46,200201,GATWICK,UNITED KINGDOM,GLASGOW,BRITISH AIRWAYS (EURO OPS) LGW,A,S, 153 , 0 , 89.5424836601307 , 4.57516339869281 , 3.26797385620915 , 1.96078431372549 , 0.65359477124183 , 0 , 8.31372549019608 , 0 , 167 , 85.0299401197605 , 9.46107784431138 
09-Jan-2004 09:46,200201,GATWICK,UNITED KINGDOM,GLASGOW,BRITISH AIRWAYS (EURO OPS) LGW,D,S, 154 , 0 , 83.1168831168831 , 10.3896103896104 , 4.54545454545455 , 1.94805194805195 , 0 , 0 , 8.28571428571429 , 0 , 167 , 86.8263473053892 , 6.63473053892216 
09-Jan-2004 09:46,200201,GATWICK,UNITED KINGDOM,GLASGOW,BRITISH REGIONAL AIRLINES LTD,A,S, 0 , 1 , 0 , 0 , 0 , 0 , 0 , 0 , 0 , 0 , 0 , 0 , 0 
09-Jan-2004 09:46,200201,GATWICK,UNITED KINGDOM,GUERNSEY,CITY FLYER EXPRESS,A,S, 75 , 1 , 82.6666666666667 , 6.66666666666667 , 4 , 6.66666666666667 , 0 , 0 , 9.90666666666667 , 0 , 107 , 88.785046728972 , 5.85981308411215 
09-Jan-2004 09:46,200201,GATWICK,UNITED KINGDOM,GUERNSEY,CITY FLYER EXPRESS,D,S, 76 , 0 , 75 , 10.5263157894737 , 6.57894736842105 , 7.89473684210526 , 0 , 0 , 14.3026315789474 , 0 , 107 , 84.1121495327103 , 7.20560747663551 
09-Jan-2004 09:46,200201,GATWICK,UNITED KINGDOM,GUERNSEY,FLYBE.BRITISH EUROPEAN,A,S, 105 , 0 , 91.4285714285714 , 5.71428571428571 , 2.85714285714286 , 0 , 0 , 0 , 3.94285714285714 , 2 , 107 , 88.785046728972 , 9.14953271028037 
09-Jan-2004 09:46,200201,GATWICK,UNITED KINGDOM,GUERNSEY,FLYBE.BRITISH EUROPEAN,D,S, 108 , 0 , 89.8148148148148 , 10.1851851851852 , 0 , 0 , 0 , 0 , 3.84259259259259 , 3 , 106 , 90.5660377358491 , 7.47169811320755 
09-Jan-2004 09:46,200201,GATWICK,UNITED KINGDOM,HEATHROW,VIRGIN ATLANTIC AIRWAYS LTD,D,S, 0 , 2 , 0 , 0 , 0 , 0 , 0 , 0 , 0 , 0 , 0 , 0 , 0 
09-Jan-2004 09:46,200201,GATWICK,UNITED KINGDOM,INVERNESS,BRITISH REGIONAL AIRLINES LTD,A,S, 80 , 0 , 63.75 , 10 , 13.75 , 10 , 1.25 , 1.25 , 26.125 , 2 , 81 , 71.6049382716049 , 14.9876543209877 
09-Jan-2004 09:46,200201,GATWICK,UNITED KINGDOM,INVERNESS,BRITISH REGIONAL AIRLINES LTD,D,S, 80 , 0 , 72.5 , 10 , 6.25 , 8.75 , 1.25 , 1.25 , 21.8625 , 2 , 81 , 81.4814814814815 , 8.79012345679012 
09-Jan-2004 09:46,200201,GATWICK,UNITED KINGDOM,JERSEY,CITY FLYER EXPRESS,A,S, 183 , 0 , 76.5027322404372 , 8.7431693989071 , 9.2896174863388 , 4.91803278688525 , 0.546448087431694 , 0 , 12.2404371584699 , 0 , 173 , 89.5953757225434 , 5.82080924855491 
09-Jan-2004 09:46,200201,GATWICK,UNITED KINGDOM,JERSEY,CITY FLYER EXPRESS,D,S, 182 , 0 , 70.8791208791209 , 13.1868131868132 , 9.34065934065934 , 6.59340659340659 , 0 , 0 , 15.5659340659341 , 0 , 173 , 83.2369942196532 , 8.45664739884393 
09-Jan-2004 09:46,200201,GATWICK,UNITED KINGDOM,JERSEY,FLYBE.BRITISH EUROPEAN,A,S, 115 , 1 , 82.6086956521739 , 7.82608695652174 , 4.34782608695652 , 5.21739130434783 , 0 , 0 , 11.5478260869565 , 5 , 114 , 85.9649122807018 , 7.32456140350877 
09-Jan-2004 09:46,200201,GATWICK,UNITED KINGDOM,JERSEY,FLYBE.BRITISH EUROPEAN,D,S, 114 , 0 , 78.9473684210526 , 5.26315789473684 , 6.14035087719298 , 8.7719298245614 , 0.87719298245614 , 0 , 17.5877192982456 , 2 , 115 , 86.9565217391304 , 7.52173913043478 
09-Jan-2004 09:46,200201,GATWICK,UNITED KINGDOM,LEEDS BRADFORD,BRITISH REGIONAL AIRLINES LTD,A,S, 78 , 0 , 88.4615384615385 , 6.41025641025641 , 5.12820512820513 , 0 , 0 , 0 , 5.93589743589744 , 4 , 0 , 0 , 0 
09-Jan-2004 09:46,200201,GATWICK,UNITED KINGDOM,LEEDS BRADFORD,BRITISH REGIONAL AIRLINES LTD,D,S, 76 , 0 , 94.7368421052632 , 1.31578947368421 , 2.63157894736842 , 1.31578947368421 , 0 , 0 , 4 , 6 , 0 , 0 , 0 
09-Jan-2004 09:46,200201,GATWICK,UNITED KINGDOM,LEEDS BRADFORD,FLIGHTLINE LTD,A,C, 0 , 1 , 0 , 0 , 0 , 0 , 0 , 0 , 0 , 0 , 0 , 0 , 0 
09-Jan-2004 09:46,200201,GATWICK,UNITED KINGDOM,LONDON CITY,FLYBE.BRITISH EUROPEAN,A,S, 0 , 1 , 0 , 0 , 0 , 0 , 0 , 0 , 0 , 0 , 0 , 0 , 0 
09-Jan-2004 09:46,200201,GATWICK,UNITED KINGDOM,LUTON,EASYJET AIRLINE COMPANY LTD,D,S, 0 , 2 , 0 , 0 , 0 , 0 , 0 , 0 , 0 , 0 , 0 , 0 , 0 
09-Jan-2004 09:46,200201,GATWICK,UNITED KINGDOM,LUTON,MONARCH AIRLINES,A,C, 0 , 1 , 0 , 0 , 0 , 0 , 0 , 0 , 0 , 0 , 0 , 0 , 0 
09-Jan-2004 09:46,200201,GATWICK,UNITED KINGDOM,MANCHESTER,AIR 2000,A,C, 0 , 13 , 0 , 0 , 0 , 0 , 0 , 0 , 0 , 0 , 0 , 0 , 0 
09-Jan-2004 09:46,200201,GATWICK,UNITED KINGDOM,MANCHESTER,AIR 2000,D,C, 0 , 14 , 0 , 0 , 0 , 0 , 0 , 0 , 0 , 0 , 1 , 0 , 117 
09-Jan-2004 09:46,200201,GATWICK,UNITED KINGDOM,MANCHESTER,BRITANNIA AIRWAYS,A,C, 6 , 0 , 83.3333333333333 , 16.6666666666667 , 0 , 0 , 0 , 0 , 3.66666666666667 , 0 , 15 , 53.3333333333333 , 24.2 
09-Jan-2004 09:46,200201,GATWICK,UNITED KINGDOM,MANCHESTER,BRITANNIA AIRWAYS,D,C, 6 , 0 , 83.3333333333333 , 0 , 16.6666666666667 , 0 , 0 , 0 , 10.5 , 0 , 14 , 50 , 40.9285714285714 
09-Jan-2004 09:46,200201,GATWICK,UNITED KINGDOM,MANCHESTER,BRITISH AIRWAYS (EURO OPS) LGW,A,S, 192 , 0 , 86.9791666666667 , 6.77083333333333 , 4.6875 , 1.5625 , 0 , 0 , 7.21354166666667 , 0 , 191 , 79.0575916230366 , 10.7905759162304 
09-Jan-2004 09:46,200201,GATWICK,UNITED KINGDOM,MANCHESTER,BRITISH AIRWAYS (EURO OPS) LGW,D,S, 192 , 0 , 84.375 , 7.8125 , 5.20833333333333 , 2.60416666666667 , 0 , 0 , 7.70833333333333 , 0 , 191 , 82.1989528795812 , 8.59162303664922 
09-Jan-2004 09:46,200201,GATWICK,UNITED KINGDOM,MANCHESTER,EXCEL AIRWAYS LTD,D,C, 0 , 1 , 0 , 0 , 0 , 0 , 0 , 0 , 0 , 0 , 1 , 100 , 0 
09-Jan-2004 09:46,200201,GATWICK,UNITED KINGDOM,MANCHESTER,MONARCH AIRLINES,A,C, 5 , 2 , 100 , 0 , 0 , 0 , 0 , 0 , 0 , 0 , 4 , 50 , 44.25 
09-Jan-2004 09:46,200201,GATWICK,UNITED KINGDOM,MANCHESTER,MONARCH AIRLINES,D,C, 3 , 5 , 33.3333333333333 , 66.6666666666667 , 0 , 0 , 0 , 0 , 17.3333333333333 , 0 , 4 , 75 , 26.25 
09-Jan-2004 09:46,200201,GATWICK,UNITED KINGDOM,MANCHESTER,MY TRAVEL AIRWAYS UK,A,C, 5 , 0 , 60 , 0 , 20 , 20 , 0 , 0 , 44.2 , 0 , 4 , 75 , 7.75 
09-Jan-2004 09:46,200201,GATWICK,UNITED KINGDOM,MANCHESTER,MY TRAVEL AIRWAYS UK,D,C, 5 , 0 , 0 , 20 , 20 , 20 , 40 , 0 , 116.4 , 0 , 5 , 40 , 26 
09-Jan-2004 09:46,200201,GATWICK,UNITED KINGDOM,MANCHESTER,NORTHERN EXECUTIVE AVIATION,D,C, 0 , 1 , 0 , 0 , 0 , 0 , 0 , 0 , 0 , 0 , 0 , 0 , 0 
09-Jan-2004 09:46,200201,GATWICK,UNITED KINGDOM,MANCHESTER,THOMAS COOK AIRLINES LTD,A,C, 11 , 1 , 100 , 0 , 0 , 0 , 0 , 0 , 2.18181818181818 , 0 , 0 , 0 , 0 
09-Jan-2004 09:46,200201,GATWICK,UNITED KINGDOM,MANCHESTER,THOMAS COOK AIRLINES LTD,D,C, 11 , 1 , 81.8181818181818 , 0 , 9.09090909090909 , 0 , 0 , 9.09090909090909 , 47.1818181818182 , 0 , 0 , 0 , 0 
09-Jan-2004 09:46,200201,GATWICK,UNITED KINGDOM,NEWCASTLE,CITY FLYER EXPRESS,A,S, 132 , 0 , 79.5454545454545 , 7.57575757575758 , 8.33333333333333 , 4.54545454545455 , 0 , 0 , 10.9848484848485 , 0 , 140 , 77.8571428571429 , 9.77142857142857 
09-Jan-2004 09:46,200201,GATWICK,UNITED KINGDOM,NEWCASTLE,CITY FLYER EXPRESS,D,S, 132 , 0 , 75 , 13.6363636363636 , 7.57575757575758 , 3.78787878787879 , 0 , 0 , 12.4393939393939 , 0 , 140 , 78.5714285714286 , 10.7142857142857 
09-Jan-2004 09:46,200201,GATWICK,UNITED KINGDOM,NEWCASTLE,VLM (BELGIUM),D,C, 0 , 0 , 0 , 0 , 0 , 0 , 0 , 0 , 0 , 0 , 1 , 0 , 105 
09-Jan-2004 09:46,200201,GATWICK,UNITED KINGDOM,NEWQUAY,BRITISH AIRWAYS CITIEXPRESS LTD,A,S, 50 , 0 , 58 , 8 , 22 , 12 , 0 , 0 , 21.92 , 2 , 53 , 39.622641509434 , 31.2452830188679 
09-Jan-2004 09:46,200201,GATWICK,UNITED KINGDOM,NEWQUAY,BRITISH AIRWAYS CITIEXPRESS LTD,D,S, 81 , 0 , 66.6666666666667 , 12.3456790123457 , 9.87654320987654 , 11.1111111111111 , 0 , 0 , 17.5555555555556 , 2 , 81 , 70.3703703703704 , 17.3086419753086 
09-Jan-2004 09:46,200201,GATWICK,UNITED KINGDOM,PLYMOUTH,BRITISH AIRWAYS CITIEXPRESS LTD,A,S, 70 , 0 , 61.4285714285714 , 14.2857142857143 , 14.2857142857143 , 10 , 0 , 0 , 17.7857142857143 , 0 , 67 , 67.1641791044776 , 14.6417910447761 
09-Jan-2004 09:46,200201,GATWICK,UNITED KINGDOM,PLYMOUTH,BRITISH AIRWAYS CITIEXPRESS LTD,D,S, 38 , 0 , 50 , 10.5263157894737 , 31.5789473684211 , 7.89473684210526 , 0 , 0 , 24.1052631578947 , 1 , 59 , 55.9322033898305 , 23.6779661016949 
09-Jan-2004 09:46,200201,GATWICK,UNITED KINGDOM,WADDINGTON,FLIGHTLINE LTD,A,C, 0 , 1 , 0 , 0 , 0 , 0 , 0 , 0 , 0 , 0 , 0 , 0 , 0 
09-Jan-2004 09:46,200201,GATWICK,USA,ATLANTA,BRITISH AIRWAYS PLC,A,S, 31 , 0 , 87.0967741935484 , 3.2258064516129 , 6.45161290322581 , 3.2258064516129 , 0 , 0 , 6.64516129032258 , 0 , 31 , 77.4193548387097 , 7.61290322580645 
09-Jan-2004 09:46,200201,GATWICK,USA,ATLANTA,BRITISH AIRWAYS PLC,D,S, 31 , 0 , 80.6451612903226 , 12.9032258064516 , 3.2258064516129 , 3.2258064516129 , 0 , 0 , 10.7741935483871 , 0 , 31 , 83.8709677419355 , 8.74193548387097 
09-Jan-2004 09:46,200201,GATWICK,USA,ATLANTA,DELTA AIRLINES,A,S, 64 , 0 , 70.3125 , 12.5 , 7.8125 , 7.8125 , 1.5625 , 0 , 21.5 , 23 , 61 , 47.5409836065574 , 27.3606557377049 
09-Jan-2004 09:46,200201,GATWICK,USA,ATLANTA,DELTA AIRLINES,D,S, 65 , 0 , 64.6153846153846 , 12.3076923076923 , 13.8461538461538 , 9.23076923076923 , 0 , 0 , 19.4307692307692 , 4 , 62 , 80.6451612903226 , 11.6774193548387 
09-Jan-2004 09:46,200201,GATWICK,USA,BALTIMORE,BRITISH AIRWAYS PLC,A,S, 0 , 0 , 0 , 0 , 0 , 0 , 0 , 0 , 0 , 0 , 31 , 83.8709677419355 , 7.64516129032258 
09-Jan-2004 09:46,200201,GATWICK,USA,BALTIMORE,BRITISH AIRWAYS PLC,D,S, 0 , 0 , 0 , 0 , 0 , 0 , 0 , 0 , 0 , 0 , 31 , 87.0967741935484 , 8.96774193548387 
09-Jan-2004 09:46,200201,GATWICK,USA,BOSTON,DELTA AIRLINES,A,S, 31 , 0 , 74.1935483870968 , 19.3548387096774 , 3.2258064516129 , 3.2258064516129 , 0 , 0 , 12.3548387096774 , 0 , 0 , 0 , 0 
09-Jan-2004 09:46,200201,GATWICK,USA,BOSTON,DELTA AIRLINES,D,S, 31 , 0 , 87.0967741935484 , 3.2258064516129 , 3.2258064516129 , 6.45161290322581 , 0 , 0 , 13.3225806451613 , 0 , 0 , 0 , 0 
09-Jan-2004 09:46,200201,GATWICK,USA,BOSTON,VIRGIN ATLANTIC AIRWAYS LTD,A,S, 0 , 0 , 0 , 0 , 0 , 0 , 0 , 0 , 0 , 0 , 30 , 86.6666666666667 , 10.0666666666667 
09-Jan-2004 09:46,200201,GATWICK,USA,BOSTON,VIRGIN ATLANTIC AIRWAYS LTD,D,S, 0 , 0 , 0 , 0 , 0 , 0 , 0 , 0 , 0 , 0 , 31 , 83.8709677419355 , 9.96774193548387 
09-Jan-2004 09:46,200201,GATWICK,USA,CHARLOTTE,BRITISH AIRWAYS PLC,A,S, 0 , 0 , 0 , 0 , 0 , 0 , 0 , 0 , 0 , 0 , 29 , 93.1034482758621 , 4.13793103448276 
09-Jan-2004 09:46,200201,GATWICK,USA,CHARLOTTE,BRITISH AIRWAYS PLC,D,S, 0 , 0 , 0 , 0 , 0 , 0 , 0 , 0 , 0 , 0 , 29 , 75.8620689655172 , 15.2413793103448 
09-Jan-2004 09:46,200201,GATWICK,USA,CHARLOTTE,US AIRWAYS,A,S, 31 , 0 , 70.9677419354839 , 6.45161290322581 , 16.1290322580645 , 6.45161290322581 , 0 , 0 , 12.7741935483871 , 0 , 31 , 67.741935483871 , 21.6774193548387 
09-Jan-2004 09:46,200201,GATWICK,USA,CHARLOTTE,US AIRWAYS,D,S, 31 , 0 , 77.4193548387097 , 9.67741935483871 , 6.45161290322581 , 6.45161290322581 , 0 , 0 , 9.29032258064516 , 0 , 31 , 83.8709677419355 , 15.3870967741935 
09-Jan-2004 09:46,200201,GATWICK,USA,CINCINNATI,DELTA AIRLINES,A,S, 38 , 0 , 81.5789473684211 , 5.26315789473684 , 2.63157894736842 , 7.89473684210526 , 0 , 2.63157894736842 , 19.7105263157895 , 1 , 31 , 61.2903225806452 , 14.6774193548387 
09-Jan-2004 09:46,200201,GATWICK,USA,CINCINNATI,DELTA AIRLINES,D,S, 39 , 0 , 74.3589743589744 , 5.12820512820513 , 12.8205128205128 , 5.12820512820513 , 2.56410256410256 , 0 , 17.7948717948718 , 1 , 31 , 74.1935483870968 , 8.35483870967742 
09-Jan-2004 09:46,200201,GATWICK,USA,CLEVELAND,CONTINENTAL AIRLINES,A,S, 0 , 0 , 0 , 0 , 0 , 0 , 0 , 0 , 0 , 0 , 29 , 58.6206896551724 , 33 
09-Jan-2004 09:46,200201,GATWICK,USA,CLEVELAND,CONTINENTAL AIRLINES,D,S, 0 , 0 , 0 , 0 , 0 , 0 , 0 , 0 , 0 , 0 , 29 , 72.4137931034483 , 8.93103448275862 
09-Jan-2004 09:46,200201,GATWICK,USA,DALLAS/FORT WORTH,AMERICAN AIRLINES,A,S, 31 , 0 , 74.1935483870968 , 6.45161290322581 , 12.9032258064516 , 6.45161290322581 , 0 , 0 , 13.258064516129 , 0 , 61 , 45.9016393442623 , 31.2950819672131 
09-Jan-2004 09:46,200201,GATWICK,USA,DALLAS/FORT WORTH,AMERICAN AIRLINES,D,S, 31 , 0 , 87.0967741935484 , 6.45161290322581 , 3.2258064516129 , 3.2258064516129 , 0 , 0 , 8.35483870967742 , 0 , 61 , 72.1311475409836 , 27.8852459016393 
09-Jan-2004 09:46,200201,GATWICK,USA,DALLAS/FORT WORTH,BRITISH AIRWAYS PLC,A,S, 30 , 0 , 83.3333333333333 , 6.66666666666667 , 3.33333333333333 , 6.66666666666667 , 0 , 0 , 12.0333333333333 , 0 , 29 , 72.4137931034483 , 12.0689655172414 
09-Jan-2004 09:46,200201,GATWICK,USA,DALLAS/FORT WORTH,BRITISH AIRWAYS PLC,D,S, 30 , 0 , 70 , 26.6666666666667 , 0 , 3.33333333333333 , 0 , 0 , 10.9333333333333 , 0 , 29 , 79.3103448275862 , 12.1379310344828 
09-Jan-2004 09:46,200201,GATWICK,USA,DENVER INTERNATIONAL,BRITISH AIRWAYS PLC,A,S, 30 , 0 , 73.3333333333333 , 20 , 3.33333333333333 , 3.33333333333333 , 0 , 0 , 9.66666666666667 , 0 , 31 , 77.4193548387097 , 91.5806451612903 
09-Jan-2004 09:46,200201,GATWICK,USA,DENVER INTERNATIONAL,BRITISH AIRWAYS PLC,D,S, 31 , 0 , 87.0967741935484 , 9.67741935483871 , 3.2258064516129 , 0 , 0 , 0 , 7.19354838709677 , 0 , 31 , 83.8709677419355 , 5.32258064516129 
09-Jan-2004 09:46,200201,GATWICK,USA,DETROIT,NORTHWEST AIRLINES,A,S, 31 , 0 , 74.1935483870968 , 16.1290322580645 , 3.2258064516129 , 6.45161290322581 , 0 , 0 , 10.4838709677419 , 0 , 31 , 80.6451612903226 , 15.3548387096774 
09-Jan-2004 09:46,200201,GATWICK,USA,DETROIT,NORTHWEST AIRLINES,D,S, 31 , 0 , 87.0967741935484 , 3.2258064516129 , 6.45161290322581 , 3.2258064516129 , 0 , 0 , 9 , 0 , 31 , 83.8709677419355 , 4.70967741935484 
09-Jan-2004 09:46,200201,GATWICK,USA,FORT LAUDERDALE,BRITANNIA AIRWAYS,A,C, 0 , 0 , 0 , 0 , 0 , 0 , 0 , 0 , 0 , 0 , 1 , 0 , 31 
09-Jan-2004 09:46,200201,GATWICK,USA,FORT LAUDERDALE,BRITANNIA AIRWAYS,D,C, 0 , 0 , 0 , 0 , 0 , 0 , 0 , 0 , 0 , 0 , 1 , 100 , 9 
09-Jan-2004 09:46,200201,GATWICK,USA,HOUSTON,BRITISH AIRWAYS PLC,A,S, 46 , 0 , 69.5652173913043 , 17.3913043478261 , 4.34782608695652 , 8.69565217391304 , 0 , 0 , 15.3260869565217 , 0 , 38 , 55.2631578947369 , 17.9473684210526 
09-Jan-2004 09:46,200201,GATWICK,USA,HOUSTON,BRITISH AIRWAYS PLC,D,S, 46 , 0 , 71.7391304347826 , 15.2173913043478 , 4.34782608695652 , 8.69565217391304 , 0 , 0 , 15.6304347826087 , 0 , 38 , 60.5263157894737 , 18.1842105263158 
09-Jan-2004 09:46,200201,GATWICK,USA,HOUSTON,CONTINENTAL AIRLINES,A,S, 53 , 0 , 60.377358490566 , 13.2075471698113 , 22.6415094339623 , 3.77358490566038 , 0 , 0 , 16.7547169811321 , 0 , 62 , 64.5161290322581 , 14.9193548387097 
09-Jan-2004 09:46,200201,GATWICK,USA,HOUSTON,CONTINENTAL AIRLINES,D,S, 53 , 0 , 69.811320754717 , 16.9811320754717 , 7.54716981132075 , 5.66037735849057 , 0 , 0 , 14.6415094339623 , 0 , 62 , 83.8709677419355 , 6.7258064516129 
09-Jan-2004 09:46,200201,GATWICK,USA,LAS VEGAS,AIR 2000,A,C, 0 , 0 , 0 , 0 , 0 , 0 , 0 , 0 , 0 , 0 , 5 , 20 , 41 
09-Jan-2004 09:46,200201,GATWICK,USA,LAS VEGAS,AIR 2000,D,C, 0 , 0 , 0 , 0 , 0 , 0 , 0 , 0 , 0 , 0 , 5 , 80 , 18.2 
09-Jan-2004 09:46,200201,GATWICK,USA,LAS VEGAS,VIRGIN ATLANTIC AIRWAYS LTD,A,S, 8 , 0 , 62.5 , 25 , 12.5 , 0 , 0 , 0 , 13.375 , 4 , 9 , 33.3333333333333 , 20.5555555555556 
09-Jan-2004 09:46,200201,GATWICK,USA,LAS VEGAS,VIRGIN ATLANTIC AIRWAYS LTD,D,S, 9 , 0 , 44.4444444444444 , 44.4444444444444 , 11.1111111111111 , 0 , 0 , 0 , 14.4444444444444 , 4 , 8 , 50 , 17.5 
09-Jan-2004 09:46,200201,GATWICK,USA,LOS ANGELES INTERNATIONAL,VIRGIN ATLANTIC AIRWAYS LTD,A,S, 0 , 1 , 0 , 0 , 0 , 0 , 0 , 0 , 0 , 0 , 0 , 0 , 0 
09-Jan-2004 09:46,200201,GATWICK,USA,MIAMI INTERNATIONAL,BRITISH AIRWAYS PLC,A,S, 0 , 0 , 0 , 0 , 0 , 0 , 0 , 0 , 0 , 0 , 31 , 83.8709677419355 , 7.64516129032258 
09-Jan-2004 09:46,200201,GATWICK,USA,MIAMI INTERNATIONAL,BRITISH AIRWAYS PLC,D,S, 0 , 0 , 0 , 0 , 0 , 0 , 0 , 0 , 0 , 0 , 31 , 61.2903225806452 , 21.6129032258065 
09-Jan-2004 09:46,200201,GATWICK,USA,MIAMI INTERNATIONAL,VIRGIN ATLANTIC AIRWAYS LTD,A,S, 31 , 0 , 77.4193548387097 , 9.67741935483871 , 6.45161290322581 , 6.45161290322581 , 0 , 0 , 11.5161290322581 , 0 , 31 , 51.6129032258064 , 18.5483870967742 
09-Jan-2004 09:46,200201,GATWICK,USA,MIAMI INTERNATIONAL,VIRGIN ATLANTIC AIRWAYS LTD,D,S, 31 , 0 , 64.5161290322581 , 19.3548387096774 , 12.9032258064516 , 3.2258064516129 , 0 , 0 , 16.258064516129 , 0 , 31 , 67.741935483871 , 32.3225806451613 
09-Jan-2004 09:46,200201,GATWICK,USA,MINNEAPOLIS-ST PAUL,NORTHWEST AIRLINES,A,S, 21 , 0 , 76.1904761904762 , 4.76190476190476 , 14.2857142857143 , 4.76190476190476 , 0 , 0 , 10.4285714285714 , 0 , 31 , 45.1612903225806 , 31.8387096774194 
09-Jan-2004 09:46,200201,GATWICK,USA,MINNEAPOLIS-ST PAUL,NORTHWEST AIRLINES,D,S, 21 , 0 , 90.4761904761905 , 4.76190476190476 , 4.76190476190476 , 0 , 0 , 0 , 5.33333333333333 , 0 , 31 , 87.0967741935484 , 14.4193548387097 
09-Jan-2004 09:46,200201,GATWICK,USA,NEW ORLEANS,BRITANNIA AIRWAYS,A,C, 0 , 0 , 0 , 0 , 0 , 0 , 0 , 0 , 0 , 0 , 1 , 0 , 30 
09-Jan-2004 09:46,200201,GATWICK,USA,NEW ORLEANS,BRITANNIA AIRWAYS,D,C, 0 , 0 , 0 , 0 , 0 , 0 , 0 , 0 , 0 , 0 , 1 , 0 , 39 
09-Jan-2004 09:46,200201,GATWICK,USA,NEW YORK (JF KENNEDY),BRITISH AIRWAYS PLC,A,S, 0 , 0 , 0 , 0 , 0 , 0 , 0 , 0 , 0 , 0 , 31 , 87.0967741935484 , 10.5161290322581 
09-Jan-2004 09:46,200201,GATWICK,USA,NEW YORK (JF KENNEDY),BRITISH AIRWAYS PLC,D,S, 0 , 0 , 0 , 0 , 0 , 0 , 0 , 0 , 0 , 0 , 31 , 77.4193548387097 , 10.2258064516129 
09-Jan-2004 09:46,200201,GATWICK,USA,NEW YORK (NEWARK),CONTINENTAL AIRLINES,A,S, 61 , 0 , 83.6065573770492 , 6.55737704918033 , 3.27868852459016 , 6.55737704918033 , 0 , 0 , 10.5901639344262 , 0 , 62 , 72.5806451612903 , 17.0161290322581 
09-Jan-2004 09:46,200201,GATWICK,USA,NEW YORK (NEWARK),CONTINENTAL AIRLINES,D,S, 61 , 0 , 83.6065573770492 , 8.19672131147541 , 1.63934426229508 , 6.55737704918033 , 0 , 0 , 10.2786885245902 , 0 , 61 , 78.6885245901639 , 10.1147540983607 
09-Jan-2004 09:46,200201,GATWICK,USA,NEW YORK (NEWARK),VIRGIN ATLANTIC AIRWAYS LTD,A,S, 0 , 0 , 0 , 0 , 0 , 0 , 0 , 0 , 0 , 0 , 30 , 63.3333333333333 , 64.2 
09-Jan-2004 09:46,200201,GATWICK,USA,NEW YORK (NEWARK),VIRGIN ATLANTIC AIRWAYS LTD,D,S, 0 , 0 , 0 , 0 , 0 , 0 , 0 , 0 , 0 , 0 , 31 , 77.4193548387097 , 29.9677419354839 
09-Jan-2004 09:46,200201,GATWICK,USA,ORLANDO,BRITANNIA AIRWAYS,A,C, 2 , 0 , 50 , 0 , 50 , 0 , 0 , 0 , 20 , 0 , 8 , 50 , 27.125 
09-Jan-2004 09:46,200201,GATWICK,USA,ORLANDO,BRITANNIA AIRWAYS,D,C, 1 , 0 , 100 , 0 , 0 , 0 , 0 , 0 , 12 , 0 , 8 , 87.5 , 7.75 
09-Jan-2004 09:46,200201,GATWICK,USA,ORLANDO,BRITISH AIRWAYS PLC,A,S, 29 , 0 , 75.8620689655172 , 10.3448275862069 , 3.44827586206897 , 10.3448275862069 , 0 , 0 , 15.3103448275862 , 2 , 31 , 80.6451612903226 , 5.2258064516129 
09-Jan-2004 09:46,200201,GATWICK,USA,ORLANDO,BRITISH AIRWAYS PLC,D,S, 29 , 0 , 62.0689655172414 , 6.89655172413793 , 20.6896551724138 , 10.3448275862069 , 0 , 0 , 24.9655172413793 , 2 , 31 , 83.8709677419355 , 8.80645161290323 
09-Jan-2004 09:46,200201,GATWICK,USA,ORLANDO,VIRGIN ATLANTIC AIRWAYS LTD,A,S, 55 , 1 , 70.9090909090909 , 12.7272727272727 , 14.5454545454545 , 1.81818181818182 , 0 , 0 , 12.6181818181818 , 7 , 49 , 59.1836734693878 , 20.2857142857143 
09-Jan-2004 09:46,200201,GATWICK,USA,ORLANDO,VIRGIN ATLANTIC AIRWAYS LTD,D,S, 55 , 0 , 74.5454545454545 , 16.3636363636364 , 5.45454545454545 , 3.63636363636364 , 0 , 0 , 11.1818181818182 , 7 , 52 , 75 , 15.8269230769231 
09-Jan-2004 09:46,200201,GATWICK,USA,PHILADELPHIA INTERNATIONAL,US AIRWAYS,A,S, 31 , 0 , 80.6451612903226 , 6.45161290322581 , 3.2258064516129 , 6.45161290322581 , 3.2258064516129 , 0 , 15.6774193548387 , 0 , 31 , 58.0645161290323 , 18 
09-Jan-2004 09:46,200201,GATWICK,USA,PHILADELPHIA INTERNATIONAL,US AIRWAYS,D,S, 31 , 0 , 83.8709677419355 , 6.45161290322581 , 9.67741935483871 , 0 , 0 , 0 , 8.35483870967742 , 0 , 31 , 80.6451612903226 , 10.5483870967742 
09-Jan-2004 09:46,200201,GATWICK,USA,PHOENIX,BRITISH AIRWAYS PLC,A,S, 30 , 0 , 66.6666666666667 , 13.3333333333333 , 16.6666666666667 , 3.33333333333333 , 0 , 0 , 13.7666666666667 , 0 , 0 , 0 , 0 
09-Jan-2004 09:46,200201,GATWICK,USA,PHOENIX,BRITISH AIRWAYS PLC,D,S, 30 , 0 , 83.3333333333333 , 3.33333333333333 , 10 , 3.33333333333333 , 0 , 0 , 6.43333333333333 , 0 , 0 , 0 , 0 
09-Jan-2004 09:46,200201,GATWICK,USA,PITTSBURGH,US AIRWAYS,A,S, 31 , 0 , 67.741935483871 , 9.67741935483871 , 6.45161290322581 , 12.9032258064516 , 3.2258064516129 , 0 , 25.9354838709677 , 0 , 31 , 74.1935483870968 , 19.9032258064516 
09-Jan-2004 09:46,200201,GATWICK,USA,PITTSBURGH,US AIRWAYS,D,S, 31 , 0 , 70.9677419354839 , 16.1290322580645 , 12.9032258064516 , 0 , 0 , 0 , 9.61290322580645 , 0 , 31 , 80.6451612903226 , 7.87096774193548 
09-Jan-2004 09:46,200201,GATWICK,USA,RALEIGH,AMERICAN AIRLINES,A,S, 31 , 0 , 87.0967741935484 , 6.45161290322581 , 0 , 3.2258064516129 , 3.2258064516129 , 0 , 13.4838709677419 , 0 , 31 , 87.0967741935484 , 5.2258064516129 
09-Jan-2004 09:46,200201,GATWICK,USA,RALEIGH,AMERICAN AIRLINES,D,S, 31 , 0 , 80.6451612903226 , 12.9032258064516 , 3.2258064516129 , 3.2258064516129 , 0 , 0 , 10.0322580645161 , 0 , 31 , 96.7741935483871 , 7.2258064516129 
09-Jan-2004 09:46,200201,GATWICK,USA,SAN DIEGO,BRITISH AIRWAYS PLC,A,S, 20 , 0 , 65 , 25 , 5 , 5 , 0 , 0 , 9.85 , 1 , 30 , 83.3333333333333 , 7.46666666666667 
09-Jan-2004 09:46,200201,GATWICK,USA,SAN DIEGO,BRITISH AIRWAYS PLC,D,S, 21 , 0 , 85.7142857142857 , 4.76190476190476 , 4.76190476190476 , 4.76190476190476 , 0 , 0 , 7.80952380952381 , 1 , 30 , 56.6666666666667 , 17.7333333333333 
09-Jan-2004 09:46,200201,GATWICK,USA,SANFORD,AIR 2000,A,C, 4 , 1 , 25 , 50 , 0 , 0 , 0 , 25 , 170.5 , 0 , 8 , 75 , 10.375 
09-Jan-2004 09:46,200201,GATWICK,USA,SANFORD,AIR 2000,D,C, 5 , 0 , 60 , 20 , 20 , 0 , 0 , 0 , 17.2 , 0 , 12 , 91.6666666666667 , 8.08333333333333 
09-Jan-2004 09:46,200201,GATWICK,USA,SANFORD,MY TRAVEL AIRWAYS UK,A,C, 8 , 0 , 62.5 , 0 , 12.5 , 25 , 0 , 0 , 40.125 , 0 , 8 , 25 , 37 
09-Jan-2004 09:46,200201,GATWICK,USA,SANFORD,MY TRAVEL AIRWAYS UK,D,C, 8 , 0 , 62.5 , 12.5 , 12.5 , 12.5 , 0 , 0 , 33 , 0 , 9 , 66.6666666666667 , 89.7777777777778 
09-Jan-2004 09:46,200201,GATWICK,USA,SANFORD,THOMAS COOK AIRLINES LTD,A,C, 1 , 0 , 0 , 100 , 0 , 0 , 0 , 0 , 22 , 0 , 1 , 100 , 0 
09-Jan-2004 09:46,200201,GATWICK,USA,SANFORD,THOMAS COOK AIRLINES LTD,D,C, 1 , 0 , 100 , 0 , 0 , 0 , 0 , 0 , 0 , 0 , 1 , 100 , 5 
09-Jan-2004 09:46,200201,GATWICK,USA,ST LOUIS (LAMBERT),AMERICAN AIRLINES,A,S, 31 , 0 , 64.5161290322581 , 9.67741935483871 , 3.2258064516129 , 22.5806451612903 , 0 , 0 , 26.2903225806452 , 0 , 0 , 0 , 0 
09-Jan-2004 09:46,200201,GATWICK,USA,ST LOUIS (LAMBERT),AMERICAN AIRLINES,D,S, 31 , 0 , 61.2903225806452 , 9.67741935483871 , 12.9032258064516 , 16.1290322580645 , 0 , 0 , 24.5483870967742 , 0 , 0 , 0 , 0 
09-Jan-2004 09:46,200201,GATWICK,USA,ST LOUIS (LAMBERT),TRANS WORLD AIRLINES,A,S, 0 , 0 , 0 , 0 , 0 , 0 , 0 , 0 , 0 , 0 , 31 , 61.2903225806452 , 16.258064516129 
09-Jan-2004 09:46,200201,GATWICK,USA,ST LOUIS (LAMBERT),TRANS WORLD AIRLINES,D,S, 0 , 0 , 0 , 0 , 0 , 0 , 0 , 0 , 0 , 0 , 31 , 74.1935483870968 , 13.8064516129032 
09-Jan-2004 09:46,200201,GATWICK,USA,TAMPA,BRITISH AIRWAYS PLC,A,S, 13 , 1 , 92.3076923076923 , 0 , 7.69230769230769 , 0 , 0 , 0 , 5 , 0 , 13 , 69.2307692307692 , 23.6153846153846 
09-Jan-2004 09:46,200201,GATWICK,USA,TAMPA,BRITISH AIRWAYS PLC,D,S, 13 , 0 , 61.5384615384615 , 15.3846153846154 , 7.69230769230769 , 15.3846153846154 , 0 , 0 , 29.6923076923077 , 0 , 14 , 64.2857142857143 , 33.4285714285714 
09-Jan-2004 09:46,200201,GATWICK,USA,WEST PALM BEACH,LEAD AIR-JET SERVICES,A,C, 0 , 1 , 0 , 0 , 0 , 0 , 0 , 0 , 0 , 0 , 0 , 0 , 0 
09-Jan-2004 09:46,200201,GATWICK,VENEZUELA,CARACAS,BRITISH AIRWAYS PLC,A,S, 14 , 0 , 71.4285714285714 , 21.4285714285714 , 7.14285714285714 , 0 , 0 , 0 , 8.42857142857143 , 0 , 13 , 84.6153846153846 , 7.69230769230769 
09-Jan-2004 09:46,200201,GATWICK,VENEZUELA,PORLAMAR,AIR 2000,A,C, 0 , 1 , 0 , 0 , 0 , 0 , 0 , 0 , 0 , 0 , 0 , 0 , 0 
09-Jan-2004 09:46,200201,GATWICK,VENEZUELA,PORLAMAR,AIR 2000,D,C, 1 , 0 , 100 , 0 , 0 , 0 , 0 , 0 , 5 , 0 , 3 , 100 , 8.33333333333333 
09-Jan-2004 09:46,200201,GATWICK,VIRGIN ISLANDS (U.S.A),ST THOMAS ISLANDS,AIR 2000,A,C, 6 , 0 , 33.3333333333333 , 33.3333333333333 , 16.6666666666667 , 16.6666666666667 , 0 , 0 , 31.5 , 0 , 4 , 100 , 0 
09-Jan-2004 09:46,200201,GATWICK,ZAMBIA,LUSAKA,AIR 2000,A,C, 1 , 0 , 100 , 0 , 0 , 0 , 0 , 0 , 0 , 0 , 0 , 0 , 0 
09-Jan-2004 09:46,200201,GATWICK,ZAMBIA,LUSAKA,BRITISH AIRWAYS PLC,A,S, 13 , 0 , 69.2307692307692 , 23.0769230769231 , 0 , 7.69230769230769 , 0 , 0 , 14 , 0 , 13 , 84.6153846153846 , 4.92307692307692 
09-Jan-2004 09:46,200201,GATWICK,ZAMBIA,LUSAKA,BRITISH AIRWAYS PLC,D,S, 13 , 0 , 61.5384615384615 , 30.7692307692308 , 0 , 7.69230769230769 , 0 , 0 , 13.7692307692308 , 0 , 14 , 78.5714285714286 , 7.07142857142857 
09-Jan-2004 09:46,200201,GATWICK,ZIMBABWE,HARARE,AIR ZIMBABWE,A,S, 20 , 2 , 20 , 25 , 25 , 20 , 5 , 5 , 79.75 , 1 , 18 , 27.7777777777778 , 33.9444444444444 
09-Jan-2004 09:46,200201,GATWICK,ZIMBABWE,HARARE,AIR ZIMBABWE,D,S, 22 , 0 , 63.6363636363636 , 4.54545454545455 , 9.09090909090909 , 18.1818181818182 , 4.54545454545455 , 0 , 30 , 0 , 18 , 88.8888888888889 , 13.8333333333333 
09-Jan-2004 09:46,200201,GLASGOW,AUSTRIA,SALZBURG,BRITANNIA AIRWAYS,A,C, 4 , 0 , 25 , 25 , 50 , 0 , 0 , 0 , 26.25 , 0 , 4 , 25 , 29.75 
09-Jan-2004 09:46,200201,GLASGOW,AUSTRIA,SALZBURG,BRITANNIA AIRWAYS,D,C, 4 , 0 , 75 , 0 , 0 , 25 , 0 , 0 , 28.75 , 0 , 4 , 50 , 28.25 
09-Jan-2004 09:46,200201,GLASGOW,BARBADOS,BRIDGETOWN,BRITANNIA AIRWAYS,A,C, 0 , 0 , 0 , 0 , 0 , 0 , 0 , 0 , 0 , 0 , 1 , 0 , 203 
09-Jan-2004 09:46,200201,GLASGOW,BARBADOS,BRIDGETOWN,BRITANNIA AIRWAYS,D,C, 0 , 1 , 0 , 0 , 0 , 0 , 0 , 0 , 0 , 0 , 1 , 100 , 6 
09-Jan-2004 09:46,200201,GLASGOW,BELGIUM,BRUSSELS,BRITISH AIRWAYS PLC,D,S, 0 , 0 , 0 , 0 , 0 , 0 , 0 , 0 , 0 , 1 , 12 , 91.6666666666667 , 6 
09-Jan-2004 09:46,200201,GLASGOW,BELGIUM,BRUSSELS,SABENA,A,S, 0 , 0 , 0 , 0 , 0 , 0 , 0 , 0 , 0 , 0 , 113 , 84.9557522123894 , 6.43362831858407 
09-Jan-2004 09:46,200201,GLASGOW,BELGIUM,BRUSSELS,SABENA,D,S, 0 , 0 , 0 , 0 , 0 , 0 , 0 , 0 , 0 , 0 , 112 , 74.1071428571429 , 14.3839285714286 
09-Jan-2004 09:46,200201,GLASGOW,CANADA,TORONTO,AIR CANADA,A,S, 0 , 0 , 0 , 0 , 0 , 0 , 0 , 0 , 0 , 0 , 22 , 50 , 24 
09-Jan-2004 09:46,200201,GLASGOW,CANADA,TORONTO,AIR CANADA,D,S, 0 , 0 , 0 , 0 , 0 , 0 , 0 , 0 , 0 , 0 , 22 , 45.4545454545455 , 24.4090909090909 
09-Jan-2004 09:46,200201,GLASGOW,CANADA,TORONTO,AIR TRANSAT,A,S, 5 , 0 , 40 , 20 , 0 , 40 , 0 , 0 , 38.6 , 0 , 5 , 20 , 54.4 
09-Jan-2004 09:46,200201,GLASGOW,CANADA,TORONTO,AIR TRANSAT,D,S, 5 , 0 , 40 , 0 , 0 , 60 , 0 , 0 , 46 , 0 , 5 , 20 , 75.8 
09-Jan-2004 09:46,200201,GLASGOW,CANADA,TORONTO,CANADA 3000 AIRLINES,A,S, 0 , 0 , 0 , 0 , 0 , 0 , 0 , 0 , 0 , 0 , 4 , 0 , 44.5 
09-Jan-2004 09:46,200201,GLASGOW,CANADA,TORONTO,CANADA 3000 AIRLINES,D,S, 0 , 0 , 0 , 0 , 0 , 0 , 0 , 0 , 0 , 0 , 4 , 25 , 45.75 
09-Jan-2004 09:46,200201,GLASGOW,CYPRUS,PAPHOS,AIR 2000,A,S, 5 , 0 , 80 , 0 , 20 , 0 , 0 , 0 , 10 , 0 , 5 , 80 , 9.6 
09-Jan-2004 09:46,200201,GLASGOW,CYPRUS,PAPHOS,AIR 2000,D,S, 5 , 0 , 100 , 0 , 0 , 0 , 0 , 0 , 1.6 , 0 , 5 , 100 , 7 
09-Jan-2004 09:46,200201,GLASGOW,CYPRUS,PAPHOS,BRITANNIA AIRWAYS,A,C, 4 , 0 , 75 , 25 , 0 , 0 , 0 , 0 , 8 , 0 , 4 , 100 , 3.75 
09-Jan-2004 09:46,200201,GLASGOW,CYPRUS,PAPHOS,BRITANNIA AIRWAYS,D,C, 4 , 0 , 100 , 0 , 0 , 0 , 0 , 0 , 3.25 , 0 , 4 , 100 , 2.75 
09-Jan-2004 09:46,200201,GLASGOW,CYPRUS,PAPHOS,EUROCYPRIA AIRLINES LTD,A,C, 1 , 0 , 100 , 0 , 0 , 0 , 0 , 0 , 5 , 0 , 0 , 0 , 0 
09-Jan-2004 09:46,200201,GLASGOW,CYPRUS,PAPHOS,EUROCYPRIA AIRLINES LTD,D,C, 1 , 0 , 100 , 0 , 0 , 0 , 0 , 0 , 0 , 0 , 0 , 0 , 0 
09-Jan-2004 09:46,200201,GLASGOW,CYPRUS,PAPHOS,HELIOS AIRWAYS LTD,A,C, 1 , 0 , 100 , 0 , 0 , 0 , 0 , 0 , 0 , 0 , 0 , 0 , 0 
09-Jan-2004 09:46,200201,GLASGOW,DENMARK,COPENHAGEN,BMI BRITISH MIDLAND,A,S, 30 , 2 , 83.3333333333333 , 6.66666666666667 , 3.33333333333333 , 6.66666666666667 , 0 , 0 , 15.4 , 0 , 30 , 86.6666666666667 , 5 
09-Jan-2004 09:46,200201,GLASGOW,DENMARK,COPENHAGEN,BMI BRITISH MIDLAND,D,S, 30 , 0 , 80 , 6.66666666666667 , 6.66666666666667 , 3.33333333333333 , 3.33333333333333 , 0 , 20.4333333333333 , 0 , 30 , 100 , 1.6 
09-Jan-2004 09:46,200201,GLASGOW,FRANCE,LYON,AIR 2000,A,C, 0 , 0 , 0 , 0 , 0 , 0 , 0 , 0 , 0 , 0 , 1 , 0 , 66 
09-Jan-2004 09:46,200201,GLASGOW,FRANCE,LYON,BRITANNIA AIRWAYS,A,C, 4 , 0 , 25 , 25 , 0 , 50 , 0 , 0 , 62.25 , 0 , 4 , 0 , 90.25 
09-Jan-2004 09:46,200201,GLASGOW,FRANCE,LYON,BRITANNIA AIRWAYS,D,C, 4 , 0 , 50 , 0 , 25 , 25 , 0 , 0 , 45.75 , 0 , 4 , 0 , 62.75 
09-Jan-2004 09:46,200201,GLASGOW,FRANCE,PARIS (CHARLES DE GAULLE),AIR FRANCE,A,S, 0 , 0 , 0 , 0 , 0 , 0 , 0 , 0 , 0 , 0 , 85 , 65.8823529411765 , 19.8588235294118 
09-Jan-2004 09:46,200201,GLASGOW,FRANCE,PARIS (CHARLES DE GAULLE),AIR FRANCE,D,S, 0 , 0 , 0 , 0 , 0 , 0 , 0 , 0 , 0 , 0 , 85 , 58.8235294117647 , 22.6235294117647 
09-Jan-2004 09:46,200201,GLASGOW,FRANCE,PARIS (CHARLES DE GAULLE),BRITISH AIRWAYS PLC,A,S, 70 , 1 , 82.8571428571429 , 8.57142857142857 , 2.85714285714286 , 2.85714285714286 , 2.85714285714286 , 0 , 13.9857142857143 , 1 , 88 , 82.9545454545455 , 6.96590909090909 
09-Jan-2004 09:46,200201,GLASGOW,FRANCE,PARIS (CHARLES DE GAULLE),BRITISH AIRWAYS PLC,D,S, 54 , 0 , 90.7407407407407 , 3.7037037037037 , 1.85185185185185 , 1.85185185185185 , 1.85185185185185 , 0 , 9.64814814814815 , 5 , 84 , 92.8571428571429 , 6.53571428571429 
09-Jan-2004 09:46,200201,GLASGOW,FRANCE,TOULOUSE (BLAGNAC),AIR 2000,A,C, 4 , 0 , 0 , 25 , 25 , 50 , 0 , 0 , 63 , 0 , 4 , 25 , 68.75 
09-Jan-2004 09:46,200201,GLASGOW,FRANCE,TOULOUSE (BLAGNAC),AIR 2000,D,C, 4 , 0 , 75 , 0 , 25 , 0 , 0 , 0 , 15.5 , 0 , 4 , 75 , 50.5 
09-Jan-2004 09:46,200201,GLASGOW,GERMANY,FRANKFURT MAIN,BRITISH AIRWAYS CITIEXPRESS LTD,A,S, 23 , 0 , 69.5652173913043 , 8.69565217391304 , 13.0434782608696 , 8.69565217391304 , 0 , 0 , 20.5217391304348 , 0 , 0 , 0 , 0 
09-Jan-2004 09:46,200201,GLASGOW,GERMANY,FRANKFURT MAIN,BRITISH AIRWAYS PLC,A,S, 18 , 0 , 55.5555555555556 , 22.2222222222222 , 11.1111111111111 , 11.1111111111111 , 0 , 0 , 24.7222222222222 , 1 , 0 , 0 , 0 
09-Jan-2004 09:46,200201,GLASGOW,GERMANY,FRANKFURT MAIN,BRITISH REGIONAL AIRLINES LTD,D,S, 21 , 0 , 80.9523809523809 , 4.76190476190476 , 4.76190476190476 , 9.52380952380952 , 0 , 0 , 19.047619047619 , 0 , 22 , 90.9090909090909 , 3.95454545454545 
09-Jan-2004 09:46,200201,GLASGOW,GERMANY,MUNICH,BRITISH AIRWAYS CITIEXPRESS LTD,A,S, 25 , 0 , 76 , 8 , 8 , 8 , 0 , 0 , 13.32 , 0 , 2 , 100 , 7 
09-Jan-2004 09:46,200201,GLASGOW,GERMANY,MUNICH,BRITISH AIRWAYS CITIEXPRESS LTD,D,S, 18 , 0 , 77.7777777777778 , 11.1111111111111 , 5.55555555555556 , 5.55555555555556 , 0 , 0 , 11.6666666666667 , 0 , 11 , 63.6363636363636 , 21.2727272727273 
09-Jan-2004 09:46,200201,GLASGOW,ICELAND,KEFLAVIK,ICELANDAIR,A,S, 18 , 0 , 61.1111111111111 , 5.55555555555556 , 11.1111111111111 , 16.6666666666667 , 5.55555555555556 , 0 , 41.1111111111111 , 1 , 25 , 92 , 6.68 
09-Jan-2004 09:46,200201,GLASGOW,ICELAND,KEFLAVIK,ICELANDAIR,D,S, 18 , 0 , 83.3333333333333 , 5.55555555555556 , 5.55555555555556 , 0 , 5.55555555555556 , 0 , 14.7222222222222 , 1 , 25 , 100 , 0.8 
09-Jan-2004 09:46,200201,GLASGOW,ICELAND,REYKJAVIK,ICELANDAIR,D,C, 0 , 1 , 0 , 0 , 0 , 0 , 0 , 0 , 0 , 0 , 0 , 0 , 0 
09-Jan-2004 09:46,200201,GLASGOW,IRISH REPUBLIC,CORK,BRITISH REGIONAL AIRLINES LTD,A,S, 20 , 0 , 90 , 0 , 0 , 10 , 0 , 0 , 12.15 , 0 , 31 , 90.3225806451613 , 5.19354838709677 
09-Jan-2004 09:46,200201,GLASGOW,IRISH REPUBLIC,CORK,BRITISH REGIONAL AIRLINES LTD,D,S, 21 , 0 , 80.9523809523809 , 9.52380952380952 , 0 , 9.52380952380952 , 0 , 0 , 14.6190476190476 , 0 , 31 , 83.8709677419355 , 8.41935483870968 
09-Jan-2004 09:46,200201,GLASGOW,IRISH REPUBLIC,DUBLIN,AER LINGUS,A,S, 87 , 0 , 93.1034482758621 , 3.44827586206897 , 1.14942528735632 , 2.29885057471264 , 0 , 0 , 3.93103448275862 , 0 , 111 , 88.2882882882883 , 10.5315315315315 
09-Jan-2004 09:46,200201,GLASGOW,IRISH REPUBLIC,DUBLIN,AER LINGUS,D,S, 87 , 0 , 91.9540229885057 , 5.74712643678161 , 1.14942528735632 , 1.14942528735632 , 0 , 0 , 5.3448275862069 , 0 , 112 , 86.6071428571429 , 12.6785714285714 
09-Jan-2004 09:46,200201,GLASGOW,IRISH REPUBLIC,DUBLIN,GO FLY LTD,A,S, 82 , 0 , 95.1219512195122 , 1.21951219512195 , 0 , 3.65853658536585 , 0 , 0 , 4.03658536585366 , 3 , 0 , 0 , 0 
09-Jan-2004 09:46,200201,GLASGOW,IRISH REPUBLIC,DUBLIN,GO FLY LTD,D,S, 82 , 0 , 93.9024390243902 , 2.4390243902439 , 1.21951219512195 , 2.4390243902439 , 0 , 0 , 4.07317073170732 , 3 , 0 , 0 , 0 
09-Jan-2004 09:46,200201,GLASGOW,ITALY,MILAN (MALPENSA),BRITISH AIRWAYS PLC,A,S, 3 , 0 , 100 , 0 , 0 , 0 , 0 , 0 , 3 , 0 , 22 , 72.7272727272727 , 12.7272727272727 
09-Jan-2004 09:46,200201,GLASGOW,ITALY,TURIN,THOMAS COOK AIRLINES LTD,A,C, 4 , 0 , 75 , 25 , 0 , 0 , 0 , 0 , 10.75 , 0 , 4 , 25 , 43.25 
09-Jan-2004 09:46,200201,GLASGOW,ITALY,TURIN,THOMAS COOK AIRLINES LTD,D,C, 4 , 0 , 100 , 0 , 0 , 0 , 0 , 0 , 0.5 , 0 , 4 , 75 , 22.75 
09-Jan-2004 09:46,200201,GLASGOW,MALTA,MALTA,AIR MALTA,A,C, 0 , 0 , 0 , 0 , 0 , 0 , 0 , 0 , 0 , 0 , 1 , 100 , 0 
09-Jan-2004 09:46,200201,GLASGOW,MALTA,MALTA,AIR MALTA,A,S, 5 , 0 , 100 , 0 , 0 , 0 , 0 , 0 , 1.8 , 0 , 4 , 100 , 0 
09-Jan-2004 09:46,200201,GLASGOW,MALTA,MALTA,AIR MALTA,D,C, 0 , 0 , 0 , 0 , 0 , 0 , 0 , 0 , 0 , 0 , 1 , 100 , 0 
09-Jan-2004 09:46,200201,GLASGOW,MALTA,MALTA,AIR MALTA,D,S, 5 , 0 , 80 , 20 , 0 , 0 , 0 , 0 , 11.4 , 0 , 4 , 100 , 2.75 
09-Jan-2004 09:46,200201,GLASGOW,MALTA,MALTA,MY TRAVEL AIRWAYS UK,A,C, 1 , 0 , 0 , 100 , 0 , 0 , 0 , 0 , 19 , 0 , 2 , 100 , 0 
09-Jan-2004 09:46,200201,GLASGOW,MALTA,MALTA,MY TRAVEL AIRWAYS UK,D,C, 1 , 0 , 0 , 100 , 0 , 0 , 0 , 0 , 19 , 0 , 2 , 100 , 0 
09-Jan-2004 09:46,200201,GLASGOW,NETHERLANDS,AMSTERDAM,EASYJET AIRLINE COMPANY LTD,A,S, 62 , 0 , 72.5806451612903 , 9.67741935483871 , 11.2903225806452 , 6.45161290322581 , 0 , 0 , 15.8387096774194 , 0 , 0 , 0 , 0 
09-Jan-2004 09:46,200201,GLASGOW,NETHERLANDS,AMSTERDAM,EASYJET AIRLINE COMPANY LTD,D,S, 61 , 0 , 65.5737704918033 , 8.19672131147541 , 11.4754098360656 , 13.1147540983607 , 1.63934426229508 , 0 , 27.672131147541 , 1 , 0 , 0 , 0 
09-Jan-2004 09:46,200201,GLASGOW,NETHERLANDS,AMSTERDAM,KLM UK LTD,A,S, 97 , 0 , 86.5979381443299 , 5.15463917525773 , 3.09278350515464 , 5.15463917525773 , 0 , 0 , 9.28865979381443 , 0 , 121 , 90.9090909090909 , 5.67768595041322 
09-Jan-2004 09:46,200201,GLASGOW,NETHERLANDS,AMSTERDAM,KLM UK LTD,D,S, 97 , 0 , 54.6391752577319 , 19.5876288659794 , 10.3092783505155 , 13.4020618556701 , 2.06185567010309 , 0 , 29.6185567010309 , 0 , 120 , 74.1666666666667 , 15.375 
09-Jan-2004 09:46,200201,GLASGOW,PORTUGAL(EXCLUDING MADEIRA),FARO,BRITANNIA AIRWAYS,A,C, 1 , 0 , 100 , 0 , 0 , 0 , 0 , 0 , 11 , 0 , 1 , 100 , 15 
09-Jan-2004 09:46,200201,GLASGOW,PORTUGAL(EXCLUDING MADEIRA),FARO,BRITANNIA AIRWAYS,D,C, 1 , 0 , 100 , 0 , 0 , 0 , 0 , 0 , 15 , 0 , 1 , 0 , 18 
09-Jan-2004 09:46,200201,GLASGOW,PORTUGAL(EXCLUDING MADEIRA),FARO,MY TRAVEL AIRWAYS UK,A,C, 1 , 0 , 0 , 0 , 0 , 100 , 0 , 0 , 129 , 0 , 4 , 50 , 11 
09-Jan-2004 09:46,200201,GLASGOW,PORTUGAL(EXCLUDING MADEIRA),FARO,MY TRAVEL AIRWAYS UK,D,C, 1 , 0 , 0 , 0 , 0 , 100 , 0 , 0 , 120 , 0 , 4 , 75 , 6 
09-Jan-2004 09:46,200201,GLASGOW,PORTUGAL(MADEIRA),FUNCHAL,AIR 2000,A,C, 4 , 0 , 50 , 50 , 0 , 0 , 0 , 0 , 12.25 , 0 , 5 , 40 , 272.2 
09-Jan-2004 09:46,200201,GLASGOW,PORTUGAL(MADEIRA),FUNCHAL,AIR 2000,D,C, 4 , 1 , 100 , 0 , 0 , 0 , 0 , 0 , 6.75 , 0 , 5 , 60 , 21.4 
09-Jan-2004 09:46,200201,GLASGOW,PORTUGAL(MADEIRA),FUNCHAL,SATA,A,C, 4 , 0 , 100 , 0 , 0 , 0 , 0 , 0 , 2.75 , 0 , 5 , 60 , 12.4 
09-Jan-2004 09:46,200201,GLASGOW,PORTUGAL(MADEIRA),FUNCHAL,SATA,D,C, 4 , 0 , 100 , 0 , 0 , 0 , 0 , 0 , 0 , 0 , 1 , 0 , 24 
09-Jan-2004 09:46,200201,GLASGOW,SPAIN,ALICANTE,BRITANNIA AIRWAYS,A,C, 9 , 0 , 77.7777777777778 , 0 , 22.2222222222222 , 0 , 0 , 0 , 13.1111111111111 , 0 , 9 , 66.6666666666667 , 12.3333333333333 
09-Jan-2004 09:46,200201,GLASGOW,SPAIN,ALICANTE,BRITANNIA AIRWAYS,D,C, 9 , 0 , 88.8888888888889 , 0 , 11.1111111111111 , 0 , 0 , 0 , 6.22222222222222 , 0 , 9 , 77.7777777777778 , 4.22222222222222 
09-Jan-2004 09:46,200201,GLASGOW,SPAIN,ALICANTE,MY TRAVEL AIRWAYS UK,A,C, 5 , 0 , 40 , 40 , 0 , 20 , 0 , 0 , 22.2 , 0 , 5 , 80 , 8.8 
09-Jan-2004 09:46,200201,GLASGOW,SPAIN,ALICANTE,MY TRAVEL AIRWAYS UK,D,C, 5 , 0 , 100 , 0 , 0 , 0 , 0 , 0 , 3.2 , 0 , 5 , 60 , 12.4 
09-Jan-2004 09:46,200201,GLASGOW,SPAIN,ALICANTE,SPANAIR,A,C, 3 , 0 , 0 , 0 , 100 , 0 , 0 , 0 , 38.3333333333333 , 0 , 0 , 0 , 0 
09-Jan-2004 09:46,200201,GLASGOW,SPAIN,ALICANTE,SPANAIR,D,C, 2 , 0 , 0 , 0 , 100 , 0 , 0 , 0 , 42 , 0 , 0 , 0 , 0 
09-Jan-2004 09:46,200201,GLASGOW,SPAIN,ALICANTE,THOMAS COOK AIRLINES LTD,A,C, 4 , 0 , 100 , 0 , 0 , 0 , 0 , 0 , 0 , 0 , 4 , 75 , 15 
09-Jan-2004 09:46,200201,GLASGOW,SPAIN,ALICANTE,THOMAS COOK AIRLINES LTD,D,C, 4 , 0 , 100 , 0 , 0 , 0 , 0 , 0 , 3.75 , 0 , 4 , 100 , 2 
09-Jan-2004 09:46,200201,GLASGOW,SPAIN,BARCELONA,BRITISH AIRWAYS PLC,A,S, 11 , 0 , 90.9090909090909 , 0 , 9.09090909090909 , 0 , 0 , 0 , 7.27272727272727 , 2 , 0 , 0 , 0 
09-Jan-2004 09:46,200201,GLASGOW,SPAIN,BARCELONA,BRITISH AIRWAYS PLC,D,S, 12 , 0 , 91.6666666666667 , 8.33333333333333 , 0 , 0 , 0 , 0 , 3.16666666666667 , 0 , 0 , 0 , 0 
09-Jan-2004 09:46,200201,GLASGOW,SPAIN,MADRID,BRITISH AIRWAYS PLC,D,S, 20 , 0 , 90 , 5 , 0 , 5 , 0 , 0 , 5.7 , 2 , 15 , 100 , 2.66666666666667 
09-Jan-2004 09:46,200201,GLASGOW,SPAIN,MADRID,FUTURA AIRLINES,A,C, 0 , 0 , 0 , 0 , 0 , 0 , 0 , 0 , 0 , 0 , 1 , 0 , 244 
09-Jan-2004 09:46,200201,GLASGOW,SPAIN,MALAGA,AIR 2000,A,S, 4 , 0 , 50 , 0 , 50 , 0 , 0 , 0 , 21.5 , 0 , 4 , 75 , 13.75 
09-Jan-2004 09:46,200201,GLASGOW,SPAIN,MALAGA,AIR 2000,D,S, 4 , 0 , 0 , 25 , 75 , 0 , 0 , 0 , 46.75 , 0 , 4 , 50 , 17.25 
09-Jan-2004 09:46,200201,GLASGOW,SPAIN,MALAGA,BRITANNIA AIRWAYS,A,C, 9 , 0 , 44.4444444444444 , 33.3333333333333 , 11.1111111111111 , 11.1111111111111 , 0 , 0 , 25.8888888888889 , 0 , 8 , 25 , 42.625 
09-Jan-2004 09:46,200201,GLASGOW,SPAIN,MALAGA,BRITANNIA AIRWAYS,D,C, 9 , 0 , 77.7777777777778 , 22.2222222222222 , 0 , 0 , 0 , 0 , 9 , 0 , 8 , 62.5 , 21.875 
09-Jan-2004 09:46,200201,GLASGOW,SPAIN,MALAGA,MY TRAVEL AIRWAYS UK,A,C, 1 , 0 , 0 , 0 , 0 , 100 , 0 , 0 , 123 , 0 , 1 , 0 , 25 
09-Jan-2004 09:46,200201,GLASGOW,SPAIN,MALAGA,MY TRAVEL AIRWAYS UK,D,C, 1 , 0 , 100 , 0 , 0 , 0 , 0 , 0 , 0 , 0 , 1 , 0 , 32 
09-Jan-2004 09:46,200201,GLASGOW,SPAIN,MALAGA,THOMAS COOK AIRLINES LTD,A,C, 4 , 0 , 100 , 0 , 0 , 0 , 0 , 0 , 5.25 , 0 , 4 , 50 , 13.75 
09-Jan-2004 09:46,200201,GLASGOW,SPAIN,MALAGA,THOMAS COOK AIRLINES LTD,D,C, 4 , 0 , 100 , 0 , 0 , 0 , 0 , 0 , 0 , 0 , 4 , 75 , 14.25 
09-Jan-2004 09:46,200201,GLASGOW,SPAIN,PALMA DE MALLORCA,BRITANNIA AIRWAYS,A,C, 8 , 0 , 62.5 , 25 , 0 , 12.5 , 0 , 0 , 26.375 , 0 , 9 , 55.5555555555556 , 16.7777777777778 
09-Jan-2004 09:46,200201,GLASGOW,SPAIN,PALMA DE MALLORCA,BRITANNIA AIRWAYS,D,C, 8 , 0 , 100 , 0 , 0 , 0 , 0 , 0 , 2 , 0 , 9 , 100 , 2.44444444444444 
09-Jan-2004 09:46,200201,GLASGOW,SPAIN,PALMA DE MALLORCA,MY TRAVEL AIRWAYS UK,A,C, 1 , 0 , 0 , 100 , 0 , 0 , 0 , 0 , 28 , 0 , 1 , 100 , 7 
09-Jan-2004 09:46,200201,GLASGOW,SPAIN,PALMA DE MALLORCA,MY TRAVEL AIRWAYS UK,D,C, 1 , 0 , 100 , 0 , 0 , 0 , 0 , 0 , 10 , 0 , 1 , 100 , 4 
09-Jan-2004 09:46,200201,GLASGOW,SPAIN,PALMA DE MALLORCA,SPANAIR,A,C, 1 , 0 , 100 , 0 , 0 , 0 , 0 , 0 , 8 , 0 , 1 , 0 , 39 
09-Jan-2004 09:46,200201,GLASGOW,SPAIN,PALMA DE MALLORCA,SPANAIR,D,C, 1 , 0 , 100 , 0 , 0 , 0 , 0 , 0 , 14 , 0 , 1 , 0 , 51 
09-Jan-2004 09:46,200201,GLASGOW,SPAIN(CANARY ISLANDS),ARRECIFE,AIR 2000,A,C, 2 , 0 , 100 , 0 , 0 , 0 , 0 , 0 , 0 , 0 , 1 , 0 , 19 
09-Jan-2004 09:46,200201,GLASGOW,SPAIN(CANARY ISLANDS),ARRECIFE,AIR 2000,A,S, 5 , 0 , 100 , 0 , 0 , 0 , 0 , 0 , 8.2 , 0 , 3 , 66.6666666666667 , 15 
09-Jan-2004 09:46,200201,GLASGOW,SPAIN(CANARY ISLANDS),ARRECIFE,AIR 2000,D,C, 1 , 0 , 100 , 0 , 0 , 0 , 0 , 0 , 8 , 0 , 1 , 100 , 12 
09-Jan-2004 09:46,200201,GLASGOW,SPAIN(CANARY ISLANDS),ARRECIFE,AIR 2000,D,S, 5 , 0 , 80 , 20 , 0 , 0 , 0 , 0 , 5 , 1 , 3 , 66.6666666666667 , 8.33333333333333 
09-Jan-2004 09:46,200201,GLASGOW,SPAIN(CANARY ISLANDS),ARRECIFE,BRITANNIA AIRWAYS,A,C, 5 , 0 , 100 , 0 , 0 , 0 , 0 , 0 , 4.6 , 0 , 5 , 100 , 0.2 
09-Jan-2004 09:46,200201,GLASGOW,SPAIN(CANARY ISLANDS),ARRECIFE,BRITANNIA AIRWAYS,D,C, 5 , 0 , 100 , 0 , 0 , 0 , 0 , 0 , 3 , 0 , 5 , 100 , 4.6 
09-Jan-2004 09:46,200201,GLASGOW,SPAIN(CANARY ISLANDS),ARRECIFE,MY TRAVEL AIRWAYS UK,A,C, 5 , 0 , 60 , 20 , 20 , 0 , 0 , 0 , 16.8 , 0 , 4 , 50 , 27.5 
09-Jan-2004 09:46,200201,GLASGOW,SPAIN(CANARY ISLANDS),ARRECIFE,MY TRAVEL AIRWAYS UK,D,C, 5 , 0 , 100 , 0 , 0 , 0 , 0 , 0 , 3.6 , 0 , 4 , 75 , 13.75 
09-Jan-2004 09:46,200201,GLASGOW,SPAIN(CANARY ISLANDS),ARRECIFE,THOMAS COOK AIRLINES LTD,A,C, 5 , 0 , 100 , 0 , 0 , 0 , 0 , 0 , 0 , 0 , 4 , 100 , 3.75 
09-Jan-2004 09:46,200201,GLASGOW,SPAIN(CANARY ISLANDS),ARRECIFE,THOMAS COOK AIRLINES LTD,D,C, 5 , 0 , 100 , 0 , 0 , 0 , 0 , 0 , 0 , 0 , 4 , 100 , 5.5 
09-Jan-2004 09:46,200201,GLASGOW,SPAIN(CANARY ISLANDS),FUERTEVENTURA,MY TRAVEL AIRWAYS UK,A,C, 5 , 0 , 60 , 0 , 40 , 0 , 0 , 0 , 17.8 , 0 , 5 , 80 , 7.8 
09-Jan-2004 09:46,200201,GLASGOW,SPAIN(CANARY ISLANDS),FUERTEVENTURA,MY TRAVEL AIRWAYS UK,D,C, 5 , 0 , 80 , 20 , 0 , 0 , 0 , 0 , 7.6 , 0 , 5 , 100 , 0.6 
09-Jan-2004 09:46,200201,GLASGOW,SPAIN(CANARY ISLANDS),LAS PALMAS,AIR 2000,A,C, 4 , 0 , 50 , 50 , 0 , 0 , 0 , 0 , 12.5 , 0 , 5 , 60 , 42 
09-Jan-2004 09:46,200201,GLASGOW,SPAIN(CANARY ISLANDS),LAS PALMAS,AIR 2000,D,C, 4 , 0 , 100 , 0 , 0 , 0 , 0 , 0 , 10 , 0 , 5 , 80 , 12.4 
09-Jan-2004 09:46,200201,GLASGOW,SPAIN(CANARY ISLANDS),LAS PALMAS,BRITANNIA AIRWAYS,A,C, 5 , 0 , 80 , 0 , 0 , 0 , 20 , 0 , 42.2 , 0 , 4 , 100 , 1.75 
09-Jan-2004 09:46,200201,GLASGOW,SPAIN(CANARY ISLANDS),LAS PALMAS,BRITANNIA AIRWAYS,D,C, 4 , 0 , 75 , 0 , 0 , 0 , 25 , 0 , 56 , 0 , 4 , 75 , 8.75 
09-Jan-2004 09:46,200201,GLASGOW,SPAIN(CANARY ISLANDS),LAS PALMAS,ICELANDAIR,A,C, 0 , 1 , 0 , 0 , 0 , 0 , 0 , 0 , 0 , 0 , 0 , 0 , 0 
09-Jan-2004 09:46,200201,GLASGOW,SPAIN(CANARY ISLANDS),LAS PALMAS,MY TRAVEL AIRWAYS UK,A,C, 4 , 0 , 100 , 0 , 0 , 0 , 0 , 0 , 5.75 , 0 , 5 , 60 , 11.4 
09-Jan-2004 09:46,200201,GLASGOW,SPAIN(CANARY ISLANDS),LAS PALMAS,MY TRAVEL AIRWAYS UK,D,C, 4 , 0 , 75 , 25 , 0 , 0 , 0 , 0 , 6 , 0 , 5 , 100 , 1.4 
09-Jan-2004 09:46,200201,GLASGOW,SPAIN(CANARY ISLANDS),LAS PALMAS,SPANAIR,A,C, 0 , 1 , 0 , 0 , 0 , 0 , 0 , 0 , 0 , 0 , 0 , 0 , 0 
09-Jan-2004 09:46,200201,GLASGOW,SPAIN(CANARY ISLANDS),LAS PALMAS,SPANAIR,D,C, 0 , 1 , 0 , 0 , 0 , 0 , 0 , 0 , 0 , 0 , 0 , 0 , 0 
09-Jan-2004 09:46,200201,GLASGOW,SPAIN(CANARY ISLANDS),LAS PALMAS,THOMAS COOK AIRLINES LTD,A,C, 4 , 0 , 75 , 0 , 0 , 0 , 0 , 25 , 107.5 , 0 , 4 , 100 , 3 
09-Jan-2004 09:46,200201,GLASGOW,SPAIN(CANARY ISLANDS),LAS PALMAS,THOMAS COOK AIRLINES LTD,D,C, 4 , 0 , 100 , 0 , 0 , 0 , 0 , 0 , 0.75 , 0 , 4 , 75 , 11.75 
09-Jan-2004 09:46,200201,GLASGOW,SPAIN(CANARY ISLANDS),TENERIFE (SURREINA SOFIA),AIR 2000,A,S, 9 , 0 , 44.4444444444444 , 44.4444444444444 , 0 , 11.1111111111111 , 0 , 0 , 30.8888888888889 , 0 , 9 , 88.8888888888889 , 6.88888888888889 
09-Jan-2004 09:46,200201,GLASGOW,SPAIN(CANARY ISLANDS),TENERIFE (SURREINA SOFIA),AIR 2000,D,S, 9 , 0 , 77.7777777777778 , 11.1111111111111 , 0 , 11.1111111111111 , 0 , 0 , 24.8888888888889 , 0 , 9 , 88.8888888888889 , 4.77777777777778 
09-Jan-2004 09:46,200201,GLASGOW,SPAIN(CANARY ISLANDS),TENERIFE (SURREINA SOFIA),BRITANNIA AIRWAYS,A,C, 9 , 0 , 88.8888888888889 , 11.1111111111111 , 0 , 0 , 0 , 0 , 3.77777777777778 , 0 , 9 , 77.7777777777778 , 11.6666666666667 
09-Jan-2004 09:46,200201,GLASGOW,SPAIN(CANARY ISLANDS),TENERIFE (SURREINA SOFIA),BRITANNIA AIRWAYS,D,C, 9 , 0 , 77.7777777777778 , 22.2222222222222 , 0 , 0 , 0 , 0 , 7.22222222222222 , 0 , 9 , 88.8888888888889 , 12.5555555555556 
09-Jan-2004 09:46,200201,GLASGOW,SPAIN(CANARY ISLANDS),TENERIFE (SURREINA SOFIA),FUTURA AIRLINES,A,C, 10 , 0 , 40 , 30 , 10 , 20 , 0 , 0 , 26.4 , 0 , 4 , 50 , 15.75 
09-Jan-2004 09:46,200201,GLASGOW,SPAIN(CANARY ISLANDS),TENERIFE (SURREINA SOFIA),FUTURA AIRLINES,D,C, 10 , 0 , 50 , 20 , 10 , 20 , 0 , 0 , 27.7 , 0 , 5 , 20 , 73.4 
09-Jan-2004 09:46,200201,GLASGOW,SPAIN(CANARY ISLANDS),TENERIFE (SURREINA SOFIA),IBERWORLD,A,C, 1 , 0 , 0 , 100 , 0 , 0 , 0 , 0 , 27 , 0 , 0 , 0 , 0 
09-Jan-2004 09:46,200201,GLASGOW,SPAIN(CANARY ISLANDS),TENERIFE (SURREINA SOFIA),IBERWORLD,D,C, 1 , 0 , 0 , 100 , 0 , 0 , 0 , 0 , 18 , 0 , 0 , 0 , 0 
09-Jan-2004 09:46,200201,GLASGOW,SPAIN(CANARY ISLANDS),TENERIFE (SURREINA SOFIA),MY TRAVEL AIRWAYS UK,A,C, 9 , 0 , 33.3333333333333 , 11.1111111111111 , 44.4444444444444 , 11.1111111111111 , 0 , 0 , 42.6666666666667 , 0 , 9 , 88.8888888888889 , 8.22222222222222 
09-Jan-2004 09:46,200201,GLASGOW,SPAIN(CANARY ISLANDS),TENERIFE (SURREINA SOFIA),MY TRAVEL AIRWAYS UK,D,C, 9 , 0 , 100 , 0 , 0 , 0 , 0 , 0 , 3.22222222222222 , 0 , 9 , 88.8888888888889 , 6.33333333333333 
09-Jan-2004 09:46,200201,GLASGOW,SPAIN(CANARY ISLANDS),TENERIFE (SURREINA SOFIA),SPANAIR,A,C, 4 , 0 , 75 , 25 , 0 , 0 , 0 , 0 , 7.5 , 0 , 4 , 75 , 13.75 
09-Jan-2004 09:46,200201,GLASGOW,SPAIN(CANARY ISLANDS),TENERIFE (SURREINA SOFIA),SPANAIR,D,C, 4 , 0 , 50 , 0 , 25 , 25 , 0 , 0 , 52.25 , 0 , 4 , 50 , 193.5 
09-Jan-2004 09:46,200201,GLASGOW,SPAIN(CANARY ISLANDS),TENERIFE (SURREINA SOFIA),THOMAS COOK AIRLINES LTD,A,C, 13 , 0 , 92.3076923076923 , 7.69230769230769 , 0 , 0 , 0 , 0 , 2.92307692307692 , 0 , 9 , 66.6666666666667 , 49.5555555555556 
09-Jan-2004 09:46,200201,GLASGOW,SPAIN(CANARY ISLANDS),TENERIFE (SURREINA SOFIA),THOMAS COOK AIRLINES LTD,D,C, 13 , 0 , 100 , 0 , 0 , 0 , 0 , 0 , 1.23076923076923 , 0 , 9 , 66.6666666666667 , 48 
09-Jan-2004 09:46,200201,GLASGOW,SWITZERLAND,GENEVA,BRITANNIA AIRWAYS,A,C, 4 , 0 , 25 , 0 , 25 , 50 , 0 , 0 , 57.75 , 0 , 4 , 0 , 51.5 
09-Jan-2004 09:46,200201,GLASGOW,SWITZERLAND,GENEVA,BRITANNIA AIRWAYS,D,C, 4 , 0 , 25 , 0 , 50 , 25 , 0 , 0 , 38.75 , 0 , 4 , 0 , 29.5 
09-Jan-2004 09:46,200201,GLASGOW,SWITZERLAND,GENEVA,BRITISH AIRWAYS PLC,A,C, 8 , 0 , 12.5 , 12.5 , 50 , 25 , 0 , 0 , 42.75 , 0 , 8 , 37.5 , 20.375 
09-Jan-2004 09:46,200201,GLASGOW,SWITZERLAND,GENEVA,BRITISH AIRWAYS PLC,D,C, 8 , 0 , 0 , 25 , 37.5 , 37.5 , 0 , 0 , 53.375 , 0 , 8 , 25 , 25.875 
09-Jan-2004 09:46,200201,GLASGOW,UNITED KINGDOM,ABERDEEN,SCOT AIRWAYS,A,S, 0 , 1 , 0 , 0 , 0 , 0 , 0 , 0 , 0 , 0 , 0 , 0 , 0 
09-Jan-2004 09:46,200201,GLASGOW,UNITED KINGDOM,BARRA,LOGANAIR,A,S, 12 , 9 , 75 , 8.33333333333333 , 8.33333333333333 , 8.33333333333333 , 0 , 0 , 14.75 , 0 , 20 , 90 , 4.85 
09-Jan-2004 09:46,200201,GLASGOW,UNITED KINGDOM,BARRA,LOGANAIR,D,S, 14 , 8 , 85.7142857142857 , 7.14285714285714 , 0 , 7.14285714285714 , 0 , 0 , 9.64285714285714 , 0 , 23 , 86.9565217391304 , 5.78260869565217 
09-Jan-2004 09:46,200201,GLASGOW,UNITED KINGDOM,BELFAST CITY,BRITISH REGIONAL AIRLINES LTD,A,S, 96 , 0 , 88.5416666666667 , 2.08333333333333 , 7.29166666666667 , 2.08333333333333 , 0 , 0 , 7.3125 , 0 , 106 , 84.9056603773585 , 9.19811320754717 
09-Jan-2004 09:46,200201,GLASGOW,UNITED KINGDOM,BELFAST CITY,BRITISH REGIONAL AIRLINES LTD,D,S, 97 , 0 , 88.659793814433 , 5.15463917525773 , 3.09278350515464 , 3.09278350515464 , 0 , 0 , 6.5360824742268 , 0 , 107 , 87.8504672897196 , 8.1214953271028 
09-Jan-2004 09:46,200201,GLASGOW,UNITED KINGDOM,BELFAST INTERNATIONAL,BRITISH REGIONAL AIRLINES LTD,A,S, 0 , 0 , 0 , 0 , 0 , 0 , 0 , 0 , 0 , 0 , 62 , 91.9354838709677 , 5.38709677419355 
09-Jan-2004 09:46,200201,GLASGOW,UNITED KINGDOM,BELFAST INTERNATIONAL,BRITISH REGIONAL AIRLINES LTD,D,S, 0 , 0 , 0 , 0 , 0 , 0 , 0 , 0 , 0 , 0 , 62 , 88.7096774193548 , 7.82258064516129 
09-Jan-2004 09:46,200201,GLASGOW,UNITED KINGDOM,BELFAST INTERNATIONAL,EASYJET AIRLINE COMPANY LTD,A,S, 92 , 0 , 89.1304347826087 , 4.34782608695652 , 2.17391304347826 , 4.34782608695652 , 0 , 0 , 6.20652173913043 , 0 , 0 , 0 , 0 
09-Jan-2004 09:46,200201,GLASGOW,UNITED KINGDOM,BELFAST INTERNATIONAL,EASYJET AIRLINE COMPANY LTD,D,S, 92 , 0 , 81.5217391304348 , 9.78260869565217 , 3.26086956521739 , 5.43478260869565 , 0 , 0 , 8.75 , 0 , 0 , 0 , 0 
09-Jan-2004 09:46,200201,GLASGOW,UNITED KINGDOM,BELFAST INTERNATIONAL,GO FLY LTD,A,S, 61 , 0 , 90.1639344262295 , 4.91803278688525 , 1.63934426229508 , 3.27868852459016 , 0 , 0 , 4.98360655737705 , 0 , 0 , 0 , 0 
09-Jan-2004 09:46,200201,GLASGOW,UNITED KINGDOM,BELFAST INTERNATIONAL,GO FLY LTD,D,S, 61 , 0 , 98.3606557377049 , 0 , 0 , 1.63934426229508 , 0 , 0 , 1.50819672131148 , 0 , 0 , 0 , 0 
09-Jan-2004 09:46,200201,GLASGOW,UNITED KINGDOM,BENBECULA,BRITISH REGIONAL AIRLINES LTD,A,S, 24 , 1 , 75 , 16.6666666666667 , 0 , 0 , 8.33333333333333 , 0 , 20.75 , 0 , 26 , 88.4615384615385 , 8.61538461538462 
09-Jan-2004 09:46,200201,GLASGOW,UNITED KINGDOM,BENBECULA,BRITISH REGIONAL AIRLINES LTD,D,S, 25 , 1 , 88 , 8 , 4 , 0 , 0 , 0 , 4.44 , 0 , 25 , 92 , 5.88 
09-Jan-2004 09:46,200201,GLASGOW,UNITED KINGDOM,BIRMINGHAM,BRITANNIA AIRWAYS,A,C, 0 , 0 , 0 , 0 , 0 , 0 , 0 , 0 , 0 , 0 , 1 , 100 , 0 
09-Jan-2004 09:46,200201,GLASGOW,UNITED KINGDOM,BIRMINGHAM,BRITISH AIRWAYS PLC,A,S, 69 , 2 , 92.7536231884058 , 0 , 4.34782608695652 , 2.89855072463768 , 0 , 0 , 7.63768115942029 , 3 , 107 , 88.785046728972 , 5.8411214953271 
09-Jan-2004 09:46,200201,GLASGOW,UNITED KINGDOM,BIRMINGHAM,BRITISH AIRWAYS PLC,D,S, 103 , 2 , 87.378640776699 , 6.79611650485437 , 3.88349514563107 , 1.94174757281553 , 0 , 0 , 6.93203883495146 , 0 , 112 , 91.0714285714286 , 5.95535714285714 
09-Jan-2004 09:46,200201,GLASGOW,UNITED KINGDOM,BIRMINGHAM,FLYBE.BRITISH EUROPEAN,A,S, 82 , 0 , 60.9756097560976 , 21.9512195121951 , 4.8780487804878 , 8.53658536585366 , 2.4390243902439 , 1.21951219512195 , 27.6463414634146 , 6 , 122 , 82.7868852459016 , 8.54918032786885 
09-Jan-2004 09:46,200201,GLASGOW,UNITED KINGDOM,BIRMINGHAM,FLYBE.BRITISH EUROPEAN,D,S, 78 , 0 , 87.1794871794872 , 2.56410256410256 , 3.84615384615385 , 6.41025641025641 , 0 , 0 , 11.1153846153846 , 9 , 123 , 82.9268292682927 , 7.17073170731707 
09-Jan-2004 09:46,200201,GLASGOW,UNITED KINGDOM,BIRMINGHAM,HELIOS AIRWAYS LTD,D,C, 0 , 1 , 0 , 0 , 0 , 0 , 0 , 0 , 0 , 0 , 0 , 0 , 0 
09-Jan-2004 09:46,200201,GLASGOW,UNITED KINGDOM,BRISTOL,BRITISH AIRWAYS CITIEXPRESS LTD,A,S, 75 , 5 , 78.6666666666667 , 9.33333333333333 , 5.33333333333333 , 5.33333333333333 , 1.33333333333333 , 0 , 15.64 , 0 , 116 , 62.9310344827586 , 27.3275862068966 
09-Jan-2004 09:46,200201,GLASGOW,UNITED KINGDOM,BRISTOL,BRITISH AIRWAYS CITIEXPRESS LTD,D,S, 109 , 3 , 78.8990825688073 , 8.25688073394496 , 6.42201834862385 , 6.42201834862385 , 0 , 0 , 11.5779816513761 , 0 , 117 , 74.3589743589744 , 14.6837606837607 
09-Jan-2004 09:46,200201,GLASGOW,UNITED KINGDOM,BRISTOL,GO FLY LTD,A,S, 53 , 0 , 88.6792452830189 , 9.43396226415094 , 0 , 1.88679245283019 , 0 , 0 , 6.11320754716981 , 0 , 0 , 0 , 0 
09-Jan-2004 09:46,200201,GLASGOW,UNITED KINGDOM,BRISTOL,GO FLY LTD,D,S, 53 , 0 , 79.2452830188679 , 16.9811320754717 , 1.88679245283019 , 1.88679245283019 , 0 , 0 , 8.92452830188679 , 0 , 0 , 0 , 0 
09-Jan-2004 09:46,200201,GLASGOW,UNITED KINGDOM,CAMPBELTOWN,LOGANAIR,A,S, 36 , 0 , 83.3333333333333 , 8.33333333333333 , 2.77777777777778 , 5.55555555555556 , 0 , 0 , 6.86111111111111 , 0 , 38 , 89.4736842105263 , 3.97368421052632 
09-Jan-2004 09:46,200201,GLASGOW,UNITED KINGDOM,CAMPBELTOWN,LOGANAIR,D,S, 34 , 0 , 94.1176470588235 , 0 , 2.94117647058824 , 2.94117647058824 , 0 , 0 , 4.94117647058824 , 0 , 39 , 89.7435897435898 , 6.41025641025641 
09-Jan-2004 09:46,200201,GLASGOW,UNITED KINGDOM,CARDIFF WALES,BRITISH REGIONAL AIRLINES LTD,A,S, 62 , 6 , 77.4193548387097 , 11.2903225806452 , 4.83870967741935 , 4.83870967741935 , 1.61290322580645 , 0 , 15.0806451612903 , 0 , 65 , 78.4615384615385 , 8.92307692307692 
09-Jan-2004 09:46,200201,GLASGOW,UNITED KINGDOM,CARDIFF WALES,BRITISH REGIONAL AIRLINES LTD,D,S, 59 , 6 , 71.1864406779661 , 16.9491525423729 , 5.08474576271186 , 6.77966101694915 , 0 , 0 , 13.6101694915254 , 0 , 65 , 76.9230769230769 , 11.1538461538462 
09-Jan-2004 09:46,200201,GLASGOW,UNITED KINGDOM,EAST MIDLANDS,BMI BRITISH MIDLAND,A,S, 88 , 1 , 94.3181818181818 , 4.54545454545455 , 0 , 1.13636363636364 , 0 , 0 , 3.93181818181818 , 2 , 92 , 81.5217391304348 , 10.3369565217391 
09-Jan-2004 09:46,200201,GLASGOW,UNITED KINGDOM,EAST MIDLANDS,BMI BRITISH MIDLAND,D,C, 0 , 1 , 0 , 0 , 0 , 0 , 0 , 0 , 0 , 0 , 0 , 0 , 0 
09-Jan-2004 09:46,200201,GLASGOW,UNITED KINGDOM,EAST MIDLANDS,BMI BRITISH MIDLAND,D,S, 89 , 0 , 93.2584269662921 , 4.49438202247191 , 1.12359550561798 , 0 , 1.12359550561798 , 0 , 5.08988764044944 , 2 , 91 , 81.3186813186813 , 9.36263736263736 
09-Jan-2004 09:46,200201,GLASGOW,UNITED KINGDOM,EDINBURGH,BMI BRITISH MIDLAND,A,S, 0 , 27 , 0 , 0 , 0 , 0 , 0 , 0 , 0 , 0 , 0 , 0 , 0 
09-Jan-2004 09:46,200201,GLASGOW,UNITED KINGDOM,EDINBURGH,BMI BRITISH MIDLAND,D,S, 0 , 30 , 0 , 0 , 0 , 0 , 0 , 0 , 0 , 0 , 0 , 0 , 0 
09-Jan-2004 09:46,200201,GLASGOW,UNITED KINGDOM,GATWICK,BRITISH AIRWAYS (EURO OPS) LGW,A,S, 153 , 0 , 92.156862745098 , 3.26797385620915 , 3.26797385620915 , 1.30718954248366 , 0 , 0 , 4.58169934640523 , 0 , 166 , 91.566265060241 , 3.87951807228916 
09-Jan-2004 09:46,200201,GLASGOW,UNITED KINGDOM,GATWICK,BRITISH AIRWAYS (EURO OPS) LGW,D,S, 152 , 0 , 91.4473684210526 , 4.60526315789474 , 1.97368421052632 , 1.97368421052632 , 0 , 0 , 6.56578947368421 , 0 , 166 , 89.7590361445783 , 7.90361445783133 
09-Jan-2004 09:46,200201,GLASGOW,UNITED KINGDOM,GATWICK,MY TRAVEL AIRWAYS UK,A,C, 0 , 4 , 0 , 0 , 0 , 0 , 0 , 0 , 0 , 0 , 3 , 66.6666666666667 , 41 
09-Jan-2004 09:46,200201,GLASGOW,UNITED KINGDOM,GATWICK,MY TRAVEL AIRWAYS UK,D,C, 0 , 3 , 0 , 0 , 0 , 0 , 0 , 0 , 0 , 0 , 3 , 0 , 49.6666666666667 
09-Jan-2004 09:46,200201,GLASGOW,UNITED KINGDOM,HEATHROW,BMI BRITISH MIDLAND,A,S, 209 , 0 , 75.1196172248804 , 14.3540669856459 , 6.69856459330144 , 3.82775119617225 , 0 , 0 , 11.1387559808612 , 5 , 234 , 58.5470085470085 , 18.7435897435897 
09-Jan-2004 09:46,200201,GLASGOW,UNITED KINGDOM,HEATHROW,BMI BRITISH MIDLAND,D,S, 208 , 0 , 78.8461538461539 , 7.21153846153846 , 7.69230769230769 , 5.28846153846154 , 0.961538461538462 , 0 , 14.25 , 7 , 233 , 69.5278969957082 , 15.0515021459227 
09-Jan-2004 09:46,200201,GLASGOW,UNITED KINGDOM,HEATHROW,BRITISH AIRWAYS PLC,A,S, 307 , 0 , 75.5700325732899 , 11.7263843648208 , 4.88599348534202 , 6.18892508143322 , 1.62866449511401 , 0 , 16.3061889250814 , 0 , 317 , 80.4416403785489 , 9.33438485804416 
09-Jan-2004 09:46,200201,GLASGOW,UNITED KINGDOM,HEATHROW,BRITISH AIRWAYS PLC,D,S, 305 , 1 , 80 , 6.55737704918033 , 4.91803278688525 , 6.88524590163934 , 1.63934426229508 , 0 , 16.2262295081967 , 2 , 313 , 84.9840255591054 , 9.51757188498403 
09-Jan-2004 09:46,200201,GLASGOW,UNITED KINGDOM,INVERNESS,LOGANAIR,A,S, 42 , 0 , 90.4761904761905 , 4.76190476190476 , 2.38095238095238 , 2.38095238095238 , 0 , 0 , 6.66666666666667 , 0 , 37 , 81.0810810810811 , 14.7027027027027 
09-Jan-2004 09:46,200201,GLASGOW,UNITED KINGDOM,INVERNESS,LOGANAIR,D,S, 43 , 0 , 69.7674418604651 , 11.6279069767442 , 6.97674418604651 , 11.6279069767442 , 0 , 0 , 20.7906976744186 , 0 , 39 , 58.974358974359 , 13.1025641025641 
09-Jan-2004 09:46,200201,GLASGOW,UNITED KINGDOM,ISLAY,LOGANAIR,A,S, 40 , 2 , 67.5 , 7.5 , 15 , 10 , 0 , 0 , 23.55 , 0 , 44 , 75 , 10.8863636363636 
09-Jan-2004 09:46,200201,GLASGOW,UNITED KINGDOM,ISLAY,LOGANAIR,D,S, 41 , 2 , 80.4878048780488 , 0 , 12.1951219512195 , 7.31707317073171 , 0 , 0 , 18.3170731707317 , 0 , 45 , 80 , 9.22222222222222 
09-Jan-2004 09:46,200201,GLASGOW,UNITED KINGDOM,ISLE OF MAN,BA CITIEXPRESS (IOM) LTD,A,S, 30 , 4 , 80 , 10 , 6.66666666666667 , 3.33333333333333 , 0 , 0 , 7.66666666666667 , 1 , 43 , 90.6976744186047 , 5.30232558139535 
09-Jan-2004 09:46,200201,GLASGOW,UNITED KINGDOM,ISLE OF MAN,BA CITIEXPRESS (IOM) LTD,D,S, 34 , 0 , 61.7647058823529 , 23.5294117647059 , 8.82352941176471 , 5.88235294117647 , 0 , 0 , 17.3235294117647 , 1 , 43 , 83.7209302325581 , 10.9767441860465 
09-Jan-2004 09:46,200201,GLASGOW,UNITED KINGDOM,JERSEY,BMI BRITISH MIDLAND,A,S, 0 , 5 , 0 , 0 , 0 , 0 , 0 , 0 , 0 , 0 , 3 , 66.6666666666667 , 10.3333333333333 
09-Jan-2004 09:46,200201,GLASGOW,UNITED KINGDOM,JERSEY,BMI BRITISH MIDLAND,D,S, 0 , 4 , 0 , 0 , 0 , 0 , 0 , 0 , 0 , 0 , 3 , 66.6666666666667 , 10.3333333333333 
09-Jan-2004 09:46,200201,GLASGOW,UNITED KINGDOM,KIRKWALL,LOGANAIR,A,S, 7 , 0 , 57.1428571428571 , 14.2857142857143 , 0 , 14.2857142857143 , 14.2857142857143 , 0 , 46.5714285714286 , 0 , 0 , 0 , 0 
09-Jan-2004 09:46,200201,GLASGOW,UNITED KINGDOM,KIRKWALL,LOGANAIR,D,S, 3 , 0 , 33.3333333333333 , 33.3333333333333 , 0 , 0 , 33.3333333333333 , 0 , 68.6666666666667 , 0 , 0 , 0 , 0 
09-Jan-2004 09:46,200201,GLASGOW,UNITED KINGDOM,LEEDS BRADFORD,BMI REGIONAL,A,S, 64 , 0 , 89.0625 , 6.25 , 1.5625 , 3.125 , 0 , 0 , 8.78125 , 0 , 64 , 85.9375 , 11.8125 
09-Jan-2004 09:46,200201,GLASGOW,UNITED KINGDOM,LEEDS BRADFORD,BMI REGIONAL,D,S, 64 , 0 , 82.8125 , 12.5 , 0 , 4.6875 , 0 , 0 , 8.671875 , 0 , 65 , 83.0769230769231 , 17.3230769230769 
09-Jan-2004 09:46,200201,GLASGOW,UNITED KINGDOM,LONDON CITY,SCOT AIRWAYS,A,S, 41 , 0 , 87.8048780487805 , 4.8780487804878 , 7.31707317073171 , 0 , 0 , 0 , 7.1219512195122 , 10 , 86 , 62.7906976744186 , 15.3372093023256 
09-Jan-2004 09:46,200201,GLASGOW,UNITED KINGDOM,LONDON CITY,SCOT AIRWAYS,D,S, 41 , 0 , 92.6829268292683 , 2.4390243902439 , 4.8780487804878 , 0 , 0 , 0 , 3.09756097560976 , 10 , 86 , 84.8837209302326 , 6.95348837209302 
09-Jan-2004 09:46,200201,GLASGOW,UNITED KINGDOM,LONDONDERRY,LOGANAIR,A,S, 53 , 1 , 75.4716981132076 , 9.43396226415094 , 9.43396226415094 , 3.77358490566038 , 1.88679245283019 , 0 , 16.8490566037736 , 0 , 25 , 72 , 21.12 
09-Jan-2004 09:46,200201,GLASGOW,UNITED KINGDOM,LONDONDERRY,LOGANAIR,D,S, 53 , 0 , 79.2452830188679 , 7.54716981132075 , 3.77358490566038 , 7.54716981132075 , 1.88679245283019 , 0 , 23.5094339622642 , 0 , 32 , 46.875 , 101.1875 
09-Jan-2004 09:46,200201,GLASGOW,UNITED KINGDOM,LUTON,EASYJET AIRLINE COMPANY LTD,A,S, 194 , 0 , 64.9484536082474 , 20.6185567010309 , 8.24742268041237 , 6.18556701030928 , 0 , 0 , 16.4536082474227 , 2 , 188 , 76.063829787234 , 14.8191489361702 
09-Jan-2004 09:46,200201,GLASGOW,UNITED KINGDOM,LUTON,EASYJET AIRLINE COMPANY LTD,D,S, 192 , 0 , 65.625 , 14.5833333333333 , 13.5416666666667 , 6.25 , 0 , 0 , 17.2552083333333 , 3 , 189 , 69.3121693121693 , 21.3015873015873 
09-Jan-2004 09:46,200201,GLASGOW,UNITED KINGDOM,LUTON,MONARCH AIRLINES,A,C, 0 , 0 , 0 , 0 , 0 , 0 , 0 , 0 , 0 , 0 , 3 , 66.6666666666667 , 14 
09-Jan-2004 09:46,200201,GLASGOW,UNITED KINGDOM,LUTON,MONARCH AIRLINES,D,C, 0 , 0 , 0 , 0 , 0 , 0 , 0 , 0 , 0 , 0 , 3 , 66.6666666666667 , 6 
09-Jan-2004 09:46,200201,GLASGOW,UNITED KINGDOM,MANCHESTER,BMI REGIONAL,A,S, 82 , 0 , 89.0243902439024 , 4.8780487804878 , 4.8780487804878 , 1.21951219512195 , 0 , 0 , 6.53658536585366 , 0 , 90 , 87.7777777777778 , 8.73333333333333 
09-Jan-2004 09:46,200201,GLASGOW,UNITED KINGDOM,MANCHESTER,BMI REGIONAL,D,S, 82 , 0 , 91.4634146341463 , 1.21951219512195 , 0 , 6.09756097560976 , 1.21951219512195 , 0 , 8.15853658536585 , 0 , 89 , 87.6404494382023 , 7.84269662921348 
09-Jan-2004 09:46,200201,GLASGOW,UNITED KINGDOM,MANCHESTER,BRITANNIA AIRWAYS,A,C, 0 , 1 , 0 , 0 , 0 , 0 , 0 , 0 , 0 , 0 , 0 , 0 , 0 
09-Jan-2004 09:46,200201,GLASGOW,UNITED KINGDOM,MANCHESTER,BRITISH AIRWAYS CITIEXPRESS LTD,A,S, 63 , 0 , 87.3015873015873 , 7.93650793650794 , 3.17460317460317 , 1.58730158730159 , 0 , 0 , 6.71428571428571 , 0 , 64 , 68.75 , 14.890625 
09-Jan-2004 09:46,200201,GLASGOW,UNITED KINGDOM,MANCHESTER,BRITISH AIRWAYS CITIEXPRESS LTD,D,S, 85 , 1 , 77.6470588235294 , 12.9411764705882 , 7.05882352941176 , 2.35294117647059 , 0 , 0 , 8.98823529411765 , 0 , 64 , 78.125 , 10.09375 
09-Jan-2004 09:46,200201,GLASGOW,UNITED KINGDOM,MANCHESTER,BRITISH AIRWAYS PLC,A,S, 68 , 2 , 64.7058823529412 , 14.7058823529412 , 8.82352941176471 , 11.7647058823529 , 0 , 0 , 20.1617647058824 , 3 , 51 , 68.6274509803922 , 15.843137254902 
09-Jan-2004 09:46,200201,GLASGOW,UNITED KINGDOM,MANCHESTER,BRITISH AIRWAYS PLC,D,S, 26 , 0 , 84.6153846153846 , 7.69230769230769 , 0 , 7.69230769230769 , 0 , 0 , 15.0384615384615 , 7 , 44 , 79.5454545454545 , 10.0909090909091 
09-Jan-2004 09:46,200201,GLASGOW,UNITED KINGDOM,NEWCASTLE,AIR 2000,D,C, 0 , 0 , 0 , 0 , 0 , 0 , 0 , 0 , 0 , 0 , 1 , 0 , 33 
09-Jan-2004 09:46,200201,GLASGOW,UNITED KINGDOM,NEWCASTLE,SATA,D,C, 0 , 0 , 0 , 0 , 0 , 0 , 0 , 0 , 0 , 0 , 4 , 100 , 2.25 
09-Jan-2004 09:46,200201,GLASGOW,UNITED KINGDOM,NEWCASTLE,SCOT AIRWAYS,D,S, 0 , 1 , 0 , 0 , 0 , 0 , 0 , 0 , 0 , 0 , 0 , 0 , 0 
09-Jan-2004 09:46,200201,GLASGOW,UNITED KINGDOM,NORWICH,KLM,A,C, 0 , 0 , 0 , 0 , 0 , 0 , 0 , 0 , 0 , 0 , 1 , 0 , 16 
09-Jan-2004 09:46,200201,GLASGOW,UNITED KINGDOM,PLYMOUTH,BRITISH AIRWAYS CITIEXPRESS LTD,A,S, 4 , 0 , 100 , 0 , 0 , 0 , 0 , 0 , 0 , 0 , 24 , 41.6666666666667 , 30.8333333333333 
09-Jan-2004 09:46,200201,GLASGOW,UNITED KINGDOM,PLYMOUTH,BRITISH AIRWAYS CITIEXPRESS LTD,D,S, 1 , 0 , 0 , 0 , 0 , 100 , 0 , 0 , 83 , 0 , 13 , 69.2307692307692 , 11.7692307692308 
09-Jan-2004 09:46,200201,GLASGOW,UNITED KINGDOM,SOUTHAMPTON,BRITISH REGIONAL AIRLINES LTD,A,S, 97 , 0 , 75.2577319587629 , 12.3711340206186 , 8.24742268041237 , 3.09278350515464 , 1.03092783505155 , 0 , 12.7525773195876 , 0 , 93 , 84.9462365591398 , 10.1827956989247 
09-Jan-2004 09:46,200201,GLASGOW,UNITED KINGDOM,SOUTHAMPTON,BRITISH REGIONAL AIRLINES LTD,D,S, 74 , 2 , 78.3783783783784 , 13.5135135135135 , 5.40540540540541 , 2.7027027027027 , 0 , 0 , 8.7027027027027 , 0 , 70 , 84.2857142857143 , 7.01428571428571 
09-Jan-2004 09:46,200201,GLASGOW,UNITED KINGDOM,STANSTED,GO FLY LTD,A,S, 129 , 1 , 88.3720930232558 , 3.87596899224806 , 5.42635658914729 , 1.55038759689922 , 0.775193798449612 , 0 , 7.17829457364341 , 1 , 107 , 92.5233644859813 , 3.4392523364486 
09-Jan-2004 09:46,200201,GLASGOW,UNITED KINGDOM,STANSTED,GO FLY LTD,D,S, 130 , 0 , 87.6923076923077 , 6.92307692307692 , 3.84615384615385 , 0.769230769230769 , 0.769230769230769 , 0 , 6.64615384615385 , 0 , 109 , 86.2385321100918 , 5.59633027522936 
09-Jan-2004 09:46,200201,GLASGOW,UNITED KINGDOM,STORNOWAY,BRITISH REGIONAL AIRLINES LTD,A,S, 45 , 2 , 82.2222222222222 , 11.1111111111111 , 0 , 6.66666666666667 , 0 , 0 , 13.6888888888889 , 0 , 47 , 89.3617021276596 , 6.72340425531915 
09-Jan-2004 09:46,200201,GLASGOW,UNITED KINGDOM,STORNOWAY,BRITISH REGIONAL AIRLINES LTD,D,S, 42 , 5 , 71.4285714285714 , 19.047619047619 , 4.76190476190476 , 4.76190476190476 , 0 , 0 , 13.3333333333333 , 0 , 47 , 87.2340425531915 , 7.91489361702128 
09-Jan-2004 09:46,200201,GLASGOW,UNITED KINGDOM,SUMBURGH,BRITISH REGIONAL AIRLINES LTD,A,S, 24 , 0 , 70.8333333333333 , 8.33333333333333 , 12.5 , 4.16666666666667 , 4.16666666666667 , 0 , 23.9583333333333 , 0 , 25 , 76 , 27.4 
09-Jan-2004 09:46,200201,GLASGOW,UNITED KINGDOM,SUMBURGH,BRITISH REGIONAL AIRLINES LTD,D,S, 25 , 0 , 76 , 12 , 4 , 8 , 0 , 0 , 13.32 , 0 , 26 , 69.2307692307692 , 13.0384615384615 
09-Jan-2004 09:46,200201,GLASGOW,UNITED KINGDOM,SUMBURGH,LOGANAIR,A,S, 21 , 0 , 71.4285714285714 , 19.047619047619 , 0 , 9.52380952380952 , 0 , 0 , 14.4761904761905 , 0 , 25 , 80 , 21.44 
09-Jan-2004 09:46,200201,GLASGOW,UNITED KINGDOM,SUMBURGH,LOGANAIR,D,S, 26 , 0 , 88.4615384615385 , 7.69230769230769 , 0 , 3.84615384615385 , 0 , 0 , 12.4230769230769 , 0 , 25 , 72 , 13.76 
09-Jan-2004 09:46,200201,GLASGOW,UNITED KINGDOM,TIREE,LOGANAIR,A,S, 22 , 1 , 72.7272727272727 , 18.1818181818182 , 0 , 4.54545454545455 , 4.54545454545455 , 0 , 20.4090909090909 , 0 , 20 , 85 , 6.05 
09-Jan-2004 09:46,200201,GLASGOW,UNITED KINGDOM,TIREE,LOGANAIR,D,S, 23 , 0 , 82.6086956521739 , 4.34782608695652 , 8.69565217391304 , 4.34782608695652 , 0 , 0 , 9.73913043478261 , 0 , 20 , 80 , 7.55 
09-Jan-2004 09:46,200201,GLASGOW,USA,NEW YORK (NEWARK),CONTINENTAL AIRLINES,A,S, 26 , 0 , 96.1538461538462 , 3.84615384615385 , 0 , 0 , 0 , 0 , 1.61538461538462 , 0 , 31 , 67.741935483871 , 23.6774193548387 
09-Jan-2004 09:46,200201,GLASGOW,USA,NEW YORK (NEWARK),CONTINENTAL AIRLINES,D,S, 26 , 0 , 88.4615384615385 , 11.5384615384615 , 0 , 0 , 0 , 0 , 3.69230769230769 , 0 , 31 , 67.741935483871 , 12.7096774193548 
09-Jan-2004 09:46,200201,GLASGOW,USA,ORLANDO,BRITANNIA AIRWAYS,A,C, 0 , 0 , 0 , 0 , 0 , 0 , 0 , 0 , 0 , 0 , 2 , 0 , 317.5 
09-Jan-2004 09:46,200201,GLASGOW,USA,ORLANDO,BRITANNIA AIRWAYS,D,C, 0 , 0 , 0 , 0 , 0 , 0 , 0 , 0 , 0 , 0 , 2 , 50 , 93.5 
09-Jan-2004 09:46,200201,GLASGOW,USA,SANFORD,MY TRAVEL AIRWAYS UK,A,C, 4 , 0 , 75 , 25 , 0 , 0 , 0 , 0 , 14.5 , 0 , 4 , 25 , 31.75 
09-Jan-2004 09:46,200201,GLASGOW,USA,SANFORD,MY TRAVEL AIRWAYS UK,D,C, 4 , 0 , 75 , 0 , 25 , 0 , 0 , 0 , 15.25 , 0 , 4 , 25 , 154.25 
09-Jan-2004 09:46,200201,HEATHROW,ALGERIA,ALGIERS,AIR ALGERIE,A,S, 13 , 0 , 0 , 23.0769230769231 , 53.8461538461538 , 15.3846153846154 , 7.69230769230769 , 0 , 65.6153846153846 , 0 , 13 , 61.5384615384615 , 30.8461538461538 
09-Jan-2004 09:46,200201,HEATHROW,ALGERIA,ALGIERS,AIR ALGERIE,D,S, 13 , 0 , 0 , 30.7692307692308 , 30.7692307692308 , 23.0769230769231 , 15.3846153846154 , 0 , 75.5384615384615 , 0 , 13 , 0 , 65.8461538461538 
09-Jan-2004 09:46,200201,HEATHROW,ALGERIA,ORAN ES SENIA,AIR ALGERIE,A,S, 3 , 0 , 0 , 0 , 0 , 100 , 0 , 0 , 114 , 1 , 0 , 0 , 0 
09-Jan-2004 09:46,200201,HEATHROW,ALGERIA,ORAN ES SENIA,AIR ALGERIE,D,S, 2 , 0 , 50 , 0 , 0 , 50 , 0 , 0 , 60 , 2 , 0 , 0 , 0 
09-Jan-2004 09:46,200201,HEATHROW,ARMENIA,YEREVAN,BRITISH MEDITERRANEAN AIRWAYS,A,S, 8 , 0 , 75 , 0 , 12.5 , 12.5 , 0 , 0 , 18 , 0 , 13 , 76.9230769230769 , 38.9230769230769 
09-Jan-2004 09:46,200201,HEATHROW,ARMENIA,YEREVAN,BRITISH MEDITERRANEAN AIRWAYS,D,S, 8 , 0 , 50 , 37.5 , 0 , 12.5 , 0 , 0 , 22.375 , 0 , 14 , 57.1428571428571 , 33.5 
09-Jan-2004 09:46,200201,HEATHROW,AUSTRALIA,MELBOURNE,BRITISH AIRWAYS PLC,A,S, 23 , 0 , 60.8695652173913 , 30.4347826086956 , 4.34782608695652 , 4.34782608695652 , 0 , 0 , 14.1739130434783 , 0 , 0 , 0 , 0 
09-Jan-2004 09:46,200201,HEATHROW,AUSTRALIA,MELBOURNE,BRITISH AIRWAYS PLC,D,S, 21 , 0 , 47.6190476190476 , 28.5714285714286 , 19.047619047619 , 4.76190476190476 , 0 , 0 , 23.4285714285714 , 0 , 0 , 0 , 0 
09-Jan-2004 09:46,200201,HEATHROW,AUSTRALIA,MELBOURNE,QANTAS,A,S, 31 , 0 , 48.3870967741935 , 35.4838709677419 , 3.2258064516129 , 9.67741935483871 , 3.2258064516129 , 0 , 26.9354838709677 , 0 , 31 , 80.6451612903226 , 14.5806451612903 
09-Jan-2004 09:46,200201,HEATHROW,AUSTRALIA,MELBOURNE,QANTAS,D,S, 13 , 0 , 30.7692307692308 , 38.4615384615385 , 23.0769230769231 , 7.69230769230769 , 0 , 0 , 23.0769230769231 , 0 , 31 , 58.0645161290323 , 16.6451612903226 
09-Jan-2004 09:46,200201,HEATHROW,AUSTRALIA,SYDNEY,BRITISH AIRWAYS PLC,A,S, 84 , 0 , 57.1428571428571 , 20.2380952380952 , 14.2857142857143 , 7.14285714285714 , 0 , 1.19047619047619 , 31.5595238095238 , 0 , 62 , 82.258064516129 , 12.5161290322581 
09-Jan-2004 09:46,200201,HEATHROW,AUSTRALIA,SYDNEY,BRITISH AIRWAYS PLC,D,S, 85 , 0 , 72.9411764705882 , 18.8235294117647 , 8.23529411764706 , 0 , 0 , 0 , 11.7176470588235 , 0 , 62 , 69.3548387096774 , 16.8548387096774 
09-Jan-2004 09:46,200201,HEATHROW,AUSTRALIA,SYDNEY,QANTAS,A,S, 31 , 2 , 0 , 0 , 25.8064516129032 , 64.5161290322581 , 6.45161290322581 , 3.2258064516129 , 124.161290322581 , 0 , 44 , 47.7272727272727 , 24.7045454545455 
09-Jan-2004 09:46,200201,HEATHROW,AUSTRALIA,SYDNEY,QANTAS,D,S, 49 , 0 , 48.9795918367347 , 32.6530612244898 , 14.2857142857143 , 4.08163265306122 , 0 , 0 , 20.6326530612245 , 0 , 44 , 47.7272727272727 , 42.8636363636364 
09-Jan-2004 09:46,200201,HEATHROW,AUSTRIA,VIENNA,AUSTRIAN AIRLINES,A,S, 123 , 0 , 66.6666666666667 , 15.4471544715447 , 12.1951219512195 , 5.69105691056911 , 0 , 0 , 17.2439024390244 , 0 , 122 , 68.8524590163934 , 18.5081967213115 
09-Jan-2004 09:46,200201,HEATHROW,AUSTRIA,VIENNA,AUSTRIAN AIRLINES,D,S, 122 , 0 , 76.2295081967213 , 9.83606557377049 , 6.55737704918033 , 7.37704918032787 , 0 , 0 , 13.1229508196721 , 0 , 122 , 73.7704918032787 , 15.9918032786885 
09-Jan-2004 09:46,200201,HEATHROW,AUSTRIA,VIENNA,BRITISH AIRWAYS PLC,A,S, 115 , 0 , 65.2173913043478 , 17.3913043478261 , 10.4347826086957 , 6.08695652173913 , 0.869565217391304 , 0 , 19.6521739130435 , 0 , 119 , 76.4705882352941 , 12 
09-Jan-2004 09:46,200201,HEATHROW,AUSTRIA,VIENNA,BRITISH AIRWAYS PLC,D,S, 116 , 0 , 83.6206896551724 , 5.17241379310345 , 6.89655172413793 , 4.31034482758621 , 0 , 0 , 11.1379310344828 , 0 , 119 , 85.7142857142857 , 8.00840336134454 
09-Jan-2004 09:46,200201,HEATHROW,AUSTRIA,VIENNA,LAUDA-AIR,A,C, 0 , 1 , 0 , 0 , 0 , 0 , 0 , 0 , 0 , 0 , 0 , 0 , 0 
09-Jan-2004 09:46,200201,HEATHROW,BAHAMAS,NASSAU,BRITISH AIRWAYS PLC,A,S, 1 , 0 , 0 , 100 , 0 , 0 , 0 , 0 , 21 , 0 , 0 , 0 , 0 
09-Jan-2004 09:46,200201,HEATHROW,BAHRAIN,BAHRAIN,GULF AIR,A,C, 0 , 0 , 0 , 0 , 0 , 0 , 0 , 0 , 0 , 0 , 1 , 100 , 0 
09-Jan-2004 09:46,200201,HEATHROW,BAHRAIN,BAHRAIN,GULF AIR,A,S, 25 , 0 , 72 , 16 , 8 , 4 , 0 , 0 , 13.24 , 1 , 14 , 50 , 29.0714285714286 
09-Jan-2004 09:46,200201,HEATHROW,BAHRAIN,BAHRAIN,GULF AIR,D,C, 0 , 0 , 0 , 0 , 0 , 0 , 0 , 0 , 0 , 0 , 1 , 100 , 0 
09-Jan-2004 09:46,200201,HEATHROW,BAHRAIN,BAHRAIN,GULF AIR,D,S, 23 , 0 , 86.9565217391304 , 8.69565217391304 , 4.34782608695652 , 0 , 0 , 0 , 5.52173913043478 , 0 , 31 , 64.5161290322581 , 15.8387096774194 
09-Jan-2004 09:46,200201,HEATHROW,BANGLADESH,DACCA,BIMAN BANGLADESH AIRLINES,A,S, 31 , 0 , 41.9354838709677 , 19.3548387096774 , 16.1290322580645 , 12.9032258064516 , 3.2258064516129 , 6.45161290322581 , 65.6129032258064 , 0 , 30 , 33.3333333333333 , 64.9333333333333 
09-Jan-2004 09:46,200201,HEATHROW,BANGLADESH,DACCA,BIMAN BANGLADESH AIRLINES,D,S, 18 , 0 , 5.55555555555556 , 27.7777777777778 , 22.2222222222222 , 27.7777777777778 , 16.6666666666667 , 0 , 91.5555555555556 , 0 , 35 , 31.4285714285714 , 54.8 
09-Jan-2004 09:46,200201,HEATHROW,BANGLADESH,DACCA,BRITISH AIRWAYS PLC,A,S, 13 , 0 , 0 , 0 , 7.69230769230769 , 69.2307692307692 , 23.0769230769231 , 0 , 131.153846153846 , 0 , 13 , 38.4615384615385 , 42.2307692307692 
09-Jan-2004 09:46,200201,HEATHROW,BANGLADESH,DACCA,BRITISH AIRWAYS PLC,D,S, 13 , 0 , 61.5384615384615 , 15.3846153846154 , 7.69230769230769 , 15.3846153846154 , 0 , 0 , 27.3846153846154 , 0 , 13 , 38.4615384615385 , 29 
09-Jan-2004 09:46,200201,HEATHROW,BANGLADESH,SYLHET,BIMAN BANGLADESH AIRLINES,D,S, 13 , 0 , 15.3846153846154 , 38.4615384615385 , 38.4615384615385 , 7.69230769230769 , 0 , 0 , 37.3846153846154 , 0 , 0 , 0 , 0 
09-Jan-2004 09:46,200201,HEATHROW,BARBADOS,BRIDGETOWN,BRITISH AIRWAYS PLC,A,S, 6 , 0 , 83.3333333333333 , 16.6666666666667 , 0 , 0 , 0 , 0 , 10 , 0 , 2 , 50 , 20 
09-Jan-2004 09:46,200201,HEATHROW,BARBADOS,BRIDGETOWN,BRITISH AIRWAYS PLC,D,S, 6 , 0 , 100 , 0 , 0 , 0 , 0 , 0 , 3.16666666666667 , 0 , 3 , 66.6666666666667 , 30.6666666666667 
09-Jan-2004 09:46,200201,HEATHROW,BELGIUM,BRUSSELS,BMI BRITISH MIDLAND,A,S, 142 , 0 , 76.7605633802817 , 7.74647887323944 , 8.45070422535211 , 6.33802816901408 , 0.704225352112676 , 0 , 14.4788732394366 , 3 , 146 , 50.6849315068493 , 21.986301369863 
09-Jan-2004 09:46,200201,HEATHROW,BELGIUM,BRUSSELS,BMI BRITISH MIDLAND,D,S, 142 , 0 , 80.2816901408451 , 9.85915492957746 , 6.33802816901408 , 3.52112676056338 , 0 , 0 , 9.51408450704225 , 1 , 146 , 62.3287671232877 , 17.6301369863014 
09-Jan-2004 09:46,200201,HEATHROW,BELGIUM,BRUSSELS,BRITISH AIRWAYS PLC,A,S, 181 , 0 , 67.4033149171271 , 12.1546961325967 , 13.2596685082873 , 6.07734806629834 , 1.10497237569061 , 0 , 19.0497237569061 , 1 , 162 , 71.6049382716049 , 20.2407407407407 
09-Jan-2004 09:46,200201,HEATHROW,BELGIUM,BRUSSELS,BRITISH AIRWAYS PLC,D,S, 182 , 0 , 74.1758241758242 , 11.5384615384615 , 10.989010989011 , 2.1978021978022 , 1.0989010989011 , 0 , 13.8846153846154 , 0 , 164 , 78.0487804878049 , 11 
09-Jan-2004 09:46,200201,HEATHROW,BELGIUM,BRUSSELS,HAMBURG INTERNATIONAL,A,C, 1 , 0 , 0 , 0 , 100 , 0 , 0 , 0 , 53 , 0 , 0 , 0 , 0 
09-Jan-2004 09:46,200201,HEATHROW,BELGIUM,BRUSSELS,SABENA,A,S, 0 , 0 , 0 , 0 , 0 , 0 , 0 , 0 , 0 , 1 , 260 , 60.7692307692308 , 18.4692307692308 
09-Jan-2004 09:46,200201,HEATHROW,BELGIUM,BRUSSELS,SABENA,D,S, 0 , 0 , 0 , 0 , 0 , 0 , 0 , 0 , 0 , 2 , 257 , 66.5369649805448 , 16.6964980544747 
09-Jan-2004 09:46,200201,HEATHROW,BELGIUM,BRUSSELS,SN BRUSSELS AIRLINES,A,S, 278 , 0 , 81.294964028777 , 8.99280575539568 , 6.47482014388489 , 3.23741007194245 , 0 , 0 , 9.56834532374101 , 0 , 0 , 0 , 0 
09-Jan-2004 09:46,200201,HEATHROW,BELGIUM,BRUSSELS,SN BRUSSELS AIRLINES,D,S, 275 , 0 , 83.6363636363636 , 6.54545454545455 , 6.90909090909091 , 2.90909090909091 , 0 , 0 , 8.32727272727273 , 0 , 0 , 0 , 0 
09-Jan-2004 09:46,200201,HEATHROW,BRAZIL,RIO DE JANEIRO (GALEAO),BRITISH AIRWAYS PLC,A,S, 28 , 0 , 78.5714285714286 , 17.8571428571429 , 3.57142857142857 , 0 , 0 , 0 , 8.96428571428571 , 0 , 0 , 0 , 0 
09-Jan-2004 09:46,200201,HEATHROW,BRAZIL,RIO DE JANEIRO (GALEAO),BRITISH AIRWAYS PLC,D,S, 29 , 0 , 89.6551724137931 , 6.89655172413793 , 0 , 3.44827586206897 , 0 , 0 , 5.6551724137931 , 0 , 0 , 0 , 0 
09-Jan-2004 09:46,200201,HEATHROW,BRAZIL,RIO DE JANEIRO (GALEAO),VARIG,A,S, 30 , 1 , 66.6666666666667 , 20 , 10 , 3.33333333333333 , 0 , 0 , 12.3666666666667 , 1 , 31 , 16.1290322580645 , 36.9677419354839 
09-Jan-2004 09:46,200201,HEATHROW,BRAZIL,RIO DE JANEIRO (GALEAO),VARIG,D,S, 31 , 0 , 64.5161290322581 , 22.5806451612903 , 6.45161290322581 , 6.45161290322581 , 0 , 0 , 14.6129032258065 , 0 , 31 , 77.4193548387097 , 16.6774193548387 
09-Jan-2004 09:46,200201,HEATHROW,BRUNEI,BANDAR SERI BEGAWAN,ROYAL BRUNEI AIRLINES,A,S, 31 , 0 , 25.8064516129032 , 35.4838709677419 , 19.3548387096774 , 19.3548387096774 , 0 , 0 , 33.3548387096774 , 0 , 31 , 54.8387096774194 , 27.7741935483871 
09-Jan-2004 09:46,200201,HEATHROW,BRUNEI,BANDAR SERI BEGAWAN,ROYAL BRUNEI AIRLINES,D,S, 31 , 0 , 67.741935483871 , 22.5806451612903 , 9.67741935483871 , 0 , 0 , 0 , 12.0967741935484 , 0 , 31 , 70.9677419354839 , 10.8387096774194 
09-Jan-2004 09:46,200201,HEATHROW,BULGARIA,SOFIA,BALKAN BULGARIAN AIRLINES,A,S, 23 , 0 , 17.3913043478261 , 17.3913043478261 , 21.7391304347826 , 30.4347826086956 , 13.0434782608696 , 0 , 73.9565217391304 , 0 , 25 , 40 , 69.8 
09-Jan-2004 09:46,200201,HEATHROW,BULGARIA,SOFIA,BALKAN BULGARIAN AIRLINES,D,S, 23 , 0 , 43.4782608695652 , 8.69565217391304 , 17.3913043478261 , 21.7391304347826 , 8.69565217391304 , 0 , 50.4347826086956 , 0 , 25 , 64 , 55.92 
09-Jan-2004 09:46,200201,HEATHROW,CANADA,CALGARY,AIR CANADA,A,S, 31 , 0 , 41.9354838709677 , 32.258064516129 , 16.1290322580645 , 6.45161290322581 , 3.2258064516129 , 0 , 29.2258064516129 , 0 , 29 , 55.1724137931034 , 14.9310344827586 
09-Jan-2004 09:46,200201,HEATHROW,CANADA,CALGARY,AIR CANADA,D,S, 31 , 0 , 70.9677419354839 , 22.5806451612903 , 3.2258064516129 , 3.2258064516129 , 0 , 0 , 13.2903225806452 , 0 , 29 , 68.9655172413793 , 15.0344827586207 
09-Jan-2004 09:46,200201,HEATHROW,CANADA,HALIFAX INT,AIR CANADA,A,S, 30 , 0 , 40 , 16.6666666666667 , 23.3333333333333 , 20 , 0 , 0 , 31.7 , 0 , 26 , 38.4615384615385 , 39.8076923076923 
09-Jan-2004 09:46,200201,HEATHROW,CANADA,HALIFAX INT,AIR CANADA,D,S, 30 , 0 , 80 , 16.6666666666667 , 3.33333333333333 , 0 , 0 , 0 , 7.96666666666667 , 0 , 26 , 76.9230769230769 , 16.5 
09-Jan-2004 09:46,200201,HEATHROW,CANADA,MONTREAL (DORVAL),AIR CANADA,A,S, 31 , 0 , 51.6129032258064 , 12.9032258064516 , 25.8064516129032 , 9.67741935483871 , 0 , 0 , 22.6451612903226 , 0 , 30 , 43.3333333333333 , 29.5 
09-Jan-2004 09:46,200201,HEATHROW,CANADA,MONTREAL (DORVAL),AIR CANADA,D,S, 31 , 0 , 64.5161290322581 , 12.9032258064516 , 16.1290322580645 , 6.45161290322581 , 0 , 0 , 20.6451612903226 , 0 , 30 , 70 , 12.1333333333333 
09-Jan-2004 09:46,200201,HEATHROW,CANADA,MONTREAL (DORVAL),BRITISH AIRWAYS PLC,A,S, 30 , 0 , 83.3333333333333 , 3.33333333333333 , 6.66666666666667 , 3.33333333333333 , 0 , 3.33333333333333 , 41.6333333333333 , 0 , 30 , 80 , 9 
09-Jan-2004 09:46,200201,HEATHROW,CANADA,MONTREAL (DORVAL),BRITISH AIRWAYS PLC,D,S, 30 , 0 , 60 , 30 , 0 , 6.66666666666667 , 3.33333333333333 , 0 , 21.5666666666667 , 0 , 30 , 86.6666666666667 , 9.43333333333333 
09-Jan-2004 09:46,200201,HEATHROW,CANADA,OTTAWA INTERNATIONAL,AIR CANADA,A,S, 30 , 0 , 56.6666666666667 , 23.3333333333333 , 16.6666666666667 , 3.33333333333333 , 0 , 0 , 17.8666666666667 , 0 , 31 , 29.0322580645161 , 34.7096774193548 
09-Jan-2004 09:46,200201,HEATHROW,CANADA,OTTAWA INTERNATIONAL,AIR CANADA,D,S, 30 , 0 , 73.3333333333333 , 13.3333333333333 , 10 , 0 , 3.33333333333333 , 0 , 16.4333333333333 , 0 , 31 , 74.1935483870968 , 8 
09-Jan-2004 09:46,200201,HEATHROW,CANADA,TORONTO,AIR CANADA,A,S, 124 , 0 , 56.4516129032258 , 21.7741935483871 , 16.1290322580645 , 4.83870967741935 , 0 , 0.806451612903226 , 20.0645161290323 , 0 , 123 , 47.1544715447154 , 23.4634146341463 
09-Jan-2004 09:46,200201,HEATHROW,CANADA,TORONTO,AIR CANADA,D,S, 124 , 0 , 73.3870967741935 , 16.1290322580645 , 7.25806451612903 , 3.2258064516129 , 0 , 0 , 13.508064516129 , 0 , 123 , 71.5447154471545 , 13.0081300813008 
09-Jan-2004 09:46,200201,HEATHROW,CANADA,TORONTO,BRITISH AIRWAYS PLC,A,S, 61 , 0 , 86.8852459016394 , 6.55737704918033 , 4.91803278688525 , 0 , 1.63934426229508 , 0 , 9.49180327868852 , 0 , 61 , 67.2131147540984 , 15.6393442622951 
09-Jan-2004 09:46,200201,HEATHROW,CANADA,TORONTO,BRITISH AIRWAYS PLC,D,S, 61 , 0 , 65.5737704918033 , 19.672131147541 , 11.4754098360656 , 3.27868852459016 , 0 , 0 , 14.983606557377 , 0 , 61 , 75.4098360655738 , 13.1803278688525 
09-Jan-2004 09:46,200201,HEATHROW,CANADA,VANCOUVER,AIR CANADA,A,S, 31 , 0 , 32.258064516129 , 25.8064516129032 , 29.0322580645161 , 12.9032258064516 , 0 , 0 , 31.6451612903226 , 0 , 31 , 61.2903225806452 , 13.0967741935484 
09-Jan-2004 09:46,200201,HEATHROW,CANADA,VANCOUVER,AIR CANADA,D,S, 31 , 0 , 51.6129032258064 , 32.258064516129 , 9.67741935483871 , 6.45161290322581 , 0 , 0 , 19.3870967741935 , 0 , 31 , 77.4193548387097 , 20.1612903225806 
09-Jan-2004 09:46,200201,HEATHROW,CANADA,VANCOUVER,BRITISH AIRWAYS PLC,A,S, 30 , 0 , 53.3333333333333 , 20 , 13.3333333333333 , 10 , 0 , 3.33333333333333 , 54.9 , 0 , 28 , 67.8571428571429 , 22 
09-Jan-2004 09:46,200201,HEATHROW,CANADA,VANCOUVER,BRITISH AIRWAYS PLC,D,S, 30 , 0 , 76.6666666666667 , 23.3333333333333 , 0 , 0 , 0 , 0 , 9.7 , 0 , 30 , 66.6666666666667 , 62.7333333333333 
09-Jan-2004 09:46,200201,HEATHROW,CAYMAN ISLANDS,GRAND CAYMAN,BRITISH AIRWAYS PLC,A,S, 14 , 0 , 92.8571428571429 , 0 , 0 , 0 , 7.14285714285714 , 0 , 23 , 0 , 0 , 0 , 0 
09-Jan-2004 09:46,200201,HEATHROW,CAYMAN ISLANDS,GRAND CAYMAN,BRITISH AIRWAYS PLC,D,S, 13 , 0 , 76.9230769230769 , 15.3846153846154 , 7.69230769230769 , 0 , 0 , 0 , 8.92307692307692 , 0 , 0 , 0 , 0 
09-Jan-2004 09:46,200201,HEATHROW,CHINA,BEIJING,AIR CHINA,A,S, 14 , 0 , 35.7142857142857 , 14.2857142857143 , 42.8571428571429 , 7.14285714285714 , 0 , 0 , 24.9285714285714 , 0 , 13 , 69.2307692307692 , 17.1538461538462 
09-Jan-2004 09:46,200201,HEATHROW,CHINA,BEIJING,AIR CHINA,D,S, 14 , 0 , 78.5714285714286 , 7.14285714285714 , 14.2857142857143 , 0 , 0 , 0 , 12.6428571428571 , 0 , 13 , 84.6153846153846 , 12.3846153846154 
09-Jan-2004 09:46,200201,HEATHROW,CHINA,BEIJING,BRITISH AIRWAYS PLC,A,S, 14 , 0 , 78.5714285714286 , 14.2857142857143 , 0 , 7.14285714285714 , 0 , 0 , 16 , 0 , 13 , 76.9230769230769 , 15.3846153846154 
09-Jan-2004 09:46,200201,HEATHROW,CHINA,BEIJING,BRITISH AIRWAYS PLC,D,S, 13 , 0 , 76.9230769230769 , 15.3846153846154 , 0 , 7.69230769230769 , 0 , 0 , 18.0769230769231 , 0 , 14 , 71.4285714285714 , 12.0714285714286 
09-Jan-2004 09:46,200201,HEATHROW,CHINA,SHANGHAI (PU DONG),VIRGIN ATLANTIC AIRWAYS LTD,A,S, 13 , 0 , 15.3846153846154 , 53.8461538461538 , 23.0769230769231 , 7.69230769230769 , 0 , 0 , 28.5384615384615 , 0 , 13 , 46.1538461538462 , 16.3846153846154 
09-Jan-2004 09:46,200201,HEATHROW,CHINA,SHANGHAI (PU DONG),VIRGIN ATLANTIC AIRWAYS LTD,D,S, 13 , 0 , 84.6153846153846 , 15.3846153846154 , 0 , 0 , 0 , 0 , 4.76923076923077 , 0 , 13 , 100 , 2.61538461538462 
09-Jan-2004 09:46,200201,HEATHROW,COLOMBIA,BOGOTA,AVIANCA COLOMBIA,A,S, 0 , 0 , 0 , 0 , 0 , 0 , 0 , 0 , 0 , 0 , 13 , 61.5384615384615 , 33.1538461538462 
09-Jan-2004 09:46,200201,HEATHROW,COLOMBIA,BOGOTA,AVIANCA COLOMBIA,D,S, 0 , 0 , 0 , 0 , 0 , 0 , 0 , 0 , 0 , 0 , 13 , 69.2307692307692 , 24.3076923076923 
09-Jan-2004 09:46,200201,HEATHROW,CROATIA,SPLIT,CROATIA AIRLINES,A,S, 1 , 0 , 100 , 0 , 0 , 0 , 0 , 0 , 13 , 0 , 2 , 0 , 30.5 
09-Jan-2004 09:46,200201,HEATHROW,CROATIA,SPLIT,CROATIA AIRLINES,D,S, 1 , 0 , 0 , 100 , 0 , 0 , 0 , 0 , 26 , 0 , 2 , 0 , 20 
09-Jan-2004 09:46,200201,HEATHROW,CROATIA,ZAGREB,CROATIA AIRLINES,A,S, 30 , 0 , 36.6666666666667 , 30 , 13.3333333333333 , 16.6666666666667 , 3.33333333333333 , 0 , 38.3333333333333 , 0 , 30 , 70 , 11.7 
09-Jan-2004 09:46,200201,HEATHROW,CROATIA,ZAGREB,CROATIA AIRLINES,D,S, 30 , 0 , 56.6666666666667 , 6.66666666666667 , 16.6666666666667 , 16.6666666666667 , 3.33333333333333 , 0 , 36.2666666666667 , 0 , 30 , 76.6666666666667 , 13 
09-Jan-2004 09:46,200201,HEATHROW,CYPRUS,LARNACA,BRITISH AIRWAYS PLC,A,S, 31 , 0 , 64.5161290322581 , 12.9032258064516 , 19.3548387096774 , 3.2258064516129 , 0 , 0 , 16.8709677419355 , 0 , 39 , 82.0512820512821 , 9.15384615384615 
09-Jan-2004 09:46,200201,HEATHROW,CYPRUS,LARNACA,BRITISH AIRWAYS PLC,D,S, 31 , 0 , 83.8709677419355 , 16.1290322580645 , 0 , 0 , 0 , 0 , 7.03225806451613 , 0 , 39 , 74.3589743589744 , 12.4615384615385 
09-Jan-2004 09:46,200201,HEATHROW,CYPRUS,LARNACA,CYPRUS AIRWAYS,A,S, 54 , 0 , 48.1481481481481 , 22.2222222222222 , 22.2222222222222 , 7.40740740740741 , 0 , 0 , 24.6481481481481 , 0 , 50 , 48 , 20.8 
09-Jan-2004 09:46,200201,HEATHROW,CYPRUS,LARNACA,CYPRUS AIRWAYS,D,S, 49 , 0 , 63.265306122449 , 20.4081632653061 , 8.16326530612245 , 6.12244897959184 , 2.04081632653061 , 0 , 19.7959183673469 , 0 , 45 , 62.2222222222222 , 17.7111111111111 
09-Jan-2004 09:46,200201,HEATHROW,CYPRUS,PAPHOS,CYPRUS AIRWAYS,D,S, 4 , 0 , 25 , 25 , 50 , 0 , 0 , 0 , 24.25 , 0 , 5 , 100 , 5.2 
09-Jan-2004 09:46,200201,HEATHROW,CZECH REPUBLIC,PRAGUE,BRITISH AIRWAYS PLC,A,S, 91 , 0 , 59.3406593406593 , 14.2857142857143 , 15.3846153846154 , 9.89010989010989 , 1.0989010989011 , 0 , 23.7252747252747 , 0 , 91 , 54.9450549450549 , 21.3846153846154 
09-Jan-2004 09:46,200201,HEATHROW,CZECH REPUBLIC,PRAGUE,BRITISH AIRWAYS PLC,D,S, 92 , 0 , 73.9130434782609 , 11.9565217391304 , 9.78260869565217 , 4.34782608695652 , 0 , 0 , 14.695652173913 , 0 , 93 , 80.6451612903226 , 9.45161290322581 
09-Jan-2004 09:46,200201,HEATHROW,CZECH REPUBLIC,PRAGUE,CSA,A,S, 62 , 1 , 53.2258064516129 , 25.8064516129032 , 17.741935483871 , 3.2258064516129 , 0 , 0 , 21.241935483871 , 0 , 64 , 46.875 , 23.453125 
09-Jan-2004 09:46,200201,HEATHROW,CZECH REPUBLIC,PRAGUE,CSA,D,S, 62 , 0 , 77.4193548387097 , 4.83870967741935 , 14.5161290322581 , 1.61290322580645 , 1.61290322580645 , 0 , 14.2741935483871 , 0 , 63 , 79.3650793650794 , 12.7142857142857 
09-Jan-2004 09:46,200201,HEATHROW,DENMARK,COPENHAGEN,BRITISH AIRWAYS PLC,A,S, 144 , 0 , 68.75 , 9.72222222222222 , 11.1111111111111 , 9.72222222222222 , 0.694444444444444 , 0 , 20.6319444444444 , 0 , 145 , 68.2758620689655 , 16.6965517241379 
09-Jan-2004 09:46,200201,HEATHROW,DENMARK,COPENHAGEN,BRITISH AIRWAYS PLC,D,S, 145 , 0 , 73.1034482758621 , 14.4827586206897 , 7.58620689655172 , 4.82758620689655 , 0 , 0 , 14.6068965517241 , 0 , 145 , 80.6896551724138 , 10.6965517241379 
09-Jan-2004 09:46,200201,HEATHROW,DENMARK,COPENHAGEN,SAS,A,S, 192 , 0 , 70.3125 , 12.5 , 11.4583333333333 , 5.72916666666667 , 0 , 0 , 14.65625 , 2 , 180 , 71.6666666666667 , 14.7555555555556 
09-Jan-2004 09:46,200201,HEATHROW,DENMARK,COPENHAGEN,SAS,D,S, 191 , 0 , 75.3926701570681 , 10.9947643979058 , 10.9947643979058 , 2.61780104712042 , 0 , 0 , 11.3141361256544 , 3 , 178 , 80.8988764044944 , 10.3258426966292 
09-Jan-2004 09:46,200201,HEATHROW,DENMARK,COPENHAGEN,VARIG,A,S, 13 , 0 , 69.2307692307692 , 23.0769230769231 , 0 , 7.69230769230769 , 0 , 0 , 13.6923076923077 , 0 , 13 , 61.5384615384615 , 27.8461538461538 
09-Jan-2004 09:46,200201,HEATHROW,DENMARK,COPENHAGEN,VARIG,D,S, 13 , 0 , 46.1538461538462 , 15.3846153846154 , 23.0769230769231 , 15.3846153846154 , 0 , 0 , 33.1538461538462 , 0 , 13 , 15.3846153846154 , 48.6923076923077 
09-Jan-2004 09:46,200201,HEATHROW,EGYPT,ALEXANDRIA (BORG EL ARAB),BRITISH MEDITERRANEAN AIRWAYS,A,S, 0 , 0 , 0 , 0 , 0 , 0 , 0 , 0 , 0 , 0 , 4 , 50 , 98.5 
09-Jan-2004 09:46,200201,HEATHROW,EGYPT,ALEXANDRIA (BORG EL ARAB),BRITISH MEDITERRANEAN AIRWAYS,D,S, 0 , 0 , 0 , 0 , 0 , 0 , 0 , 0 , 0 , 0 , 4 , 50 , 95 
09-Jan-2004 09:46,200201,HEATHROW,EGYPT,CAIRO,BRITISH AIRWAYS PLC,A,S, 31 , 0 , 80.6451612903226 , 6.45161290322581 , 6.45161290322581 , 6.45161290322581 , 0 , 0 , 9.35483870967742 , 0 , 31 , 100 , 1.58064516129032 
09-Jan-2004 09:46,200201,HEATHROW,EGYPT,CAIRO,BRITISH AIRWAYS PLC,D,C, 0 , 1 , 0 , 0 , 0 , 0 , 0 , 0 , 0 , 0 , 0 , 0 , 0 
09-Jan-2004 09:46,200201,HEATHROW,EGYPT,CAIRO,BRITISH AIRWAYS PLC,D,S, 31 , 0 , 61.2903225806452 , 25.8064516129032 , 12.9032258064516 , 0 , 0 , 0 , 17.1290322580645 , 0 , 31 , 64.5161290322581 , 14.2258064516129 
09-Jan-2004 09:46,200201,HEATHROW,EGYPT,CAIRO,EGYPT AIR,A,S, 31 , 0 , 9.67741935483871 , 19.3548387096774 , 22.5806451612903 , 35.4838709677419 , 12.9032258064516 , 0 , 80.6451612903226 , 0 , 31 , 19.3548387096774 , 35 
09-Jan-2004 09:46,200201,HEATHROW,EGYPT,CAIRO,EGYPT AIR,D,S, 31 , 0 , 6.45161290322581 , 19.3548387096774 , 32.258064516129 , 25.8064516129032 , 16.1290322580645 , 0 , 83.0322580645161 , 0 , 31 , 19.3548387096774 , 38.6451612903226 
09-Jan-2004 09:46,200201,HEATHROW,EGYPT,LUXOR,BRITISH MEDITERRANEAN AIRWAYS,A,S, 0 , 0 , 0 , 0 , 0 , 0 , 0 , 0 , 0 , 0 , 5 , 80 , 7 
09-Jan-2004 09:46,200201,HEATHROW,EGYPT,LUXOR,BRITISH MEDITERRANEAN AIRWAYS,D,S, 0 , 0 , 0 , 0 , 0 , 0 , 0 , 0 , 0 , 0 , 4 , 75 , 15.25 
09-Jan-2004 09:46,200201,HEATHROW,EGYPT,LUXOR,EGYPT AIR,A,S, 4 , 0 , 25 , 0 , 25 , 50 , 0 , 0 , 84.5 , 0 , 5 , 60 , 21.2 
09-Jan-2004 09:46,200201,HEATHROW,EGYPT,LUXOR,EGYPT AIR,D,S, 4 , 0 , 25 , 0 , 25 , 50 , 0 , 0 , 74 , 0 , 5 , 60 , 16.4 
09-Jan-2004 09:46,200201,HEATHROW,ETHIOPIA,ADDIS ABABA,BRITISH MEDITERRANEAN AIRWAYS,A,S, 8 , 0 , 87.5 , 12.5 , 0 , 0 , 0 , 0 , 3 , 0 , 0 , 0 , 0 
09-Jan-2004 09:46,200201,HEATHROW,ETHIOPIA,ADDIS ABABA,BRITISH MEDITERRANEAN AIRWAYS,D,S, 9 , 0 , 66.6666666666667 , 11.1111111111111 , 22.2222222222222 , 0 , 0 , 0 , 15.6666666666667 , 0 , 0 , 0 , 0 
09-Jan-2004 09:46,200201,HEATHROW,ETHIOPIA,ADDIS ABABA,ETHIOPIAN AIRLINES,A,S, 16 , 0 , 18.75 , 6.25 , 37.5 , 37.5 , 0 , 0 , 59.625 , 1 , 13 , 7.69230769230769 , 148.615384615385 
09-Jan-2004 09:46,200201,HEATHROW,ETHIOPIA,ADDIS ABABA,ETHIOPIAN AIRLINES,D,S, 16 , 0 , 37.5 , 25 , 31.25 , 6.25 , 0 , 0 , 28.1875 , 1 , 14 , 28.5714285714286 , 29.4285714285714 
09-Jan-2004 09:46,200201,HEATHROW,FED REP YUGO SERBIA M'ENEGRO,BELGRADE,JATAIRWAYS,A,S, 22 , 0 , 36.3636363636364 , 22.7272727272727 , 9.09090909090909 , 22.7272727272727 , 9.09090909090909 , 0 , 58.2727272727273 , 0 , 21 , 38.0952380952381 , 41.0952380952381 
09-Jan-2004 09:46,200201,HEATHROW,FED REP YUGO SERBIA M'ENEGRO,BELGRADE,JATAIRWAYS,D,S, 22 , 0 , 18.1818181818182 , 27.2727272727273 , 13.6363636363636 , 27.2727272727273 , 13.6363636363636 , 0 , 74 , 0 , 21 , 57.1428571428571 , 49.0952380952381 
09-Jan-2004 09:46,200201,HEATHROW,FINLAND,HELSINKI,BRITISH AIRWAYS PLC,A,S, 58 , 0 , 55.1724137931034 , 12.0689655172414 , 15.5172413793103 , 13.7931034482759 , 1.72413793103448 , 1.72413793103448 , 49.051724137931 , 0 , 60 , 80 , 9.58333333333333 
09-Jan-2004 09:46,200201,HEATHROW,FINLAND,HELSINKI,BRITISH AIRWAYS PLC,D,S, 59 , 0 , 79.6610169491525 , 11.864406779661 , 5.08474576271186 , 1.69491525423729 , 1.69491525423729 , 0 , 12.1525423728814 , 0 , 60 , 91.6666666666667 , 5.86666666666667 
09-Jan-2004 09:46,200201,HEATHROW,FINLAND,HELSINKI,FINNAIR,A,S, 103 , 0 , 62.1359223300971 , 16.504854368932 , 14.5631067961165 , 5.8252427184466 , 0.970873786407767 , 0 , 19.1844660194175 , 1 , 105 , 72.3809523809524 , 11.9142857142857 
09-Jan-2004 09:46,200201,HEATHROW,FINLAND,HELSINKI,FINNAIR,D,S, 102 , 0 , 72.5490196078431 , 14.7058823529412 , 7.84313725490196 , 4.90196078431373 , 0 , 0 , 13.2549019607843 , 1 , 104 , 82.6923076923077 , 9.50961538461539 
09-Jan-2004 09:46,200201,HEATHROW,FRANCE,LYON,BRITISH AIRWAYS PLC,A,S, 100 , 0 , 57 , 13 , 17 , 11 , 2 , 0 , 28.62 , 0 , 0 , 0 , 0 
09-Jan-2004 09:46,200201,HEATHROW,FRANCE,LYON,BRITISH AIRWAYS PLC,D,S, 100 , 0 , 88 , 4 , 2 , 5 , 1 , 0 , 10.43 , 0 , 0 , 0 , 0 
09-Jan-2004 09:46,200201,HEATHROW,FRANCE,LYON,FLYBE.BRITISH EUROPEAN,A,S, 78 , 0 , 79.4871794871795 , 10.2564102564103 , 8.97435897435897 , 1.28205128205128 , 0 , 0 , 8.5 , 0 , 85 , 80 , 10.4 
09-Jan-2004 09:46,200201,HEATHROW,FRANCE,LYON,FLYBE.BRITISH EUROPEAN,D,S, 78 , 0 , 84.6153846153846 , 6.41025641025641 , 7.69230769230769 , 1.28205128205128 , 0 , 0 , 7.85897435897436 , 0 , 84 , 73.8095238095238 , 13.1071428571429 
09-Jan-2004 09:46,200201,HEATHROW,FRANCE,NICE,BMI BRITISH MIDLAND,A,S, 62 , 0 , 74.1935483870968 , 16.1290322580645 , 6.45161290322581 , 3.2258064516129 , 0 , 0 , 13.0161290322581 , 0 , 62 , 62.9032258064516 , 18.6774193548387 
09-Jan-2004 09:46,200201,HEATHROW,FRANCE,NICE,BMI BRITISH MIDLAND,D,S, 62 , 0 , 95.1612903225806 , 3.2258064516129 , 1.61290322580645 , 0 , 0 , 0 , 4.48387096774194 , 0 , 62 , 83.8709677419355 , 11.8870967741935 
09-Jan-2004 09:46,200201,HEATHROW,FRANCE,NICE,BRITISH AIRWAYS PLC,A,S, 121 , 0 , 78.5123966942149 , 8.26446280991736 , 7.43801652892562 , 4.13223140495868 , 1.65289256198347 , 0 , 15.595041322314 , 0 , 121 , 78.5123966942149 , 13.801652892562 
09-Jan-2004 09:46,200201,HEATHROW,FRANCE,NICE,BRITISH AIRWAYS PLC,D,S, 122 , 0 , 72.9508196721311 , 14.7540983606557 , 7.37704918032787 , 3.27868852459016 , 1.63934426229508 , 0 , 15.4180327868852 , 0 , 122 , 84.4262295081967 , 8.54098360655738 
09-Jan-2004 09:46,200201,HEATHROW,FRANCE,NICE,FLIGHTLINE LTD,D,C, 0 , 1 , 0 , 0 , 0 , 0 , 0 , 0 , 0 , 0 , 0 , 0 , 0 
09-Jan-2004 09:46,200201,HEATHROW,FRANCE,NICE,TAG AVIATION SA,A,C, 0 , 1 , 0 , 0 , 0 , 0 , 0 , 0 , 0 , 0 , 0 , 0 , 0 
09-Jan-2004 09:46,200201,HEATHROW,FRANCE,PARIS (CHARLES DE GAULLE),AIR FRANCE,A,S, 385 , 1 , 39.4805194805195 , 22.0779220779221 , 22.8571428571429 , 14.8051948051948 , 0.779220779220779 , 0 , 32.2337662337662 , 2 , 380 , 41.0526315789474 , 32.071052631579 
09-Jan-2004 09:46,200201,HEATHROW,FRANCE,PARIS (CHARLES DE GAULLE),AIR FRANCE,D,S, 383 , 1 , 56.3968668407311 , 13.5770234986945 , 20.88772845953 , 8.61618798955614 , 0.522193211488251 , 0 , 23.6553524804178 , 3 , 382 , 50.5235602094241 , 30.1020942408377 
09-Jan-2004 09:46,200201,HEATHROW,FRANCE,PARIS (CHARLES DE GAULLE),BMI BRITISH MIDLAND,A,S, 144 , 0 , 71.5277777777778 , 13.1944444444444 , 6.94444444444444 , 7.63888888888889 , 0.694444444444444 , 0 , 16.25 , 1 , 174 , 47.1264367816092 , 29.0804597701149 
09-Jan-2004 09:46,200201,HEATHROW,FRANCE,PARIS (CHARLES DE GAULLE),BMI BRITISH MIDLAND,D,S, 144 , 0 , 78.4722222222222 , 13.8888888888889 , 4.86111111111111 , 2.08333333333333 , 0.694444444444444 , 0 , 11.0555555555556 , 2 , 173 , 62.4277456647399 , 17.9421965317919 
09-Jan-2004 09:46,200201,HEATHROW,FRANCE,PARIS (CHARLES DE GAULLE),BRITISH AIRWAYS PLC,A,S, 324 , 0 , 69.4444444444444 , 12.6543209876543 , 9.87654320987654 , 6.17283950617284 , 1.54320987654321 , 0.308641975308642 , 19.4444444444444 , 0 , 333 , 69.6696696696697 , 16.045045045045 
09-Jan-2004 09:46,200201,HEATHROW,FRANCE,PARIS (CHARLES DE GAULLE),BRITISH AIRWAYS PLC,D,S, 324 , 0 , 73.4567901234568 , 11.7283950617284 , 10.4938271604938 , 3.08641975308642 , 0.925925925925926 , 0.308641975308642 , 15.7561728395062 , 1 , 334 , 72.4550898203593 , 13.3592814371257 
09-Jan-2004 09:46,200201,HEATHROW,FRANCE,PARIS (CHARLES DE GAULLE),JAPAN AIRLINES,A,S, 1 , 0 , 0 , 0 , 0 , 100 , 0 , 0 , 74 , 1 , 0 , 0 , 0 
09-Jan-2004 09:46,200201,HEATHROW,FRANCE,PARIS (LE BOURGET),AIR ALSIE,D,C, 0 , 1 , 0 , 0 , 0 , 0 , 0 , 0 , 0 , 0 , 0 , 0 , 0 
09-Jan-2004 09:46,200201,HEATHROW,FRANCE,PARIS (ORLY),BRITISH AIRWAYS PLC,A,S, 0 , 0 , 0 , 0 , 0 , 0 , 0 , 0 , 0 , 0 , 89 , 70.7865168539326 , 17.5280898876404 
09-Jan-2004 09:46,200201,HEATHROW,FRANCE,PARIS (ORLY),BRITISH AIRWAYS PLC,D,S, 0 , 0 , 0 , 0 , 0 , 0 , 0 , 0 , 0 , 0 , 89 , 73.0337078651685 , 17.8539325842697 
09-Jan-2004 09:46,200201,HEATHROW,FRANCE,TOULOUSE (BLAGNAC),FLYBE.BRITISH EUROPEAN,A,S, 80 , 0 , 76.25 , 15 , 3.75 , 5 , 0 , 0 , 12.675 , 0 , 83 , 75.9036144578313 , 13.421686746988 
09-Jan-2004 09:46,200201,HEATHROW,FRANCE,TOULOUSE (BLAGNAC),FLYBE.BRITISH EUROPEAN,D,S, 80 , 0 , 81.25 , 7.5 , 8.75 , 2.5 , 0 , 0 , 9.025 , 0 , 83 , 85.5421686746988 , 10.7469879518072 
09-Jan-2004 09:46,200201,HEATHROW,GERMANY,BERLIN (TEGEL),BRITISH AIRWAYS PLC,A,S, 173 , 0 , 69.364161849711 , 9.2485549132948 , 13.2947976878613 , 6.9364161849711 , 1.15606936416185 , 0 , 18.4508670520231 , 0 , 146 , 71.2328767123288 , 19.6506849315068 
09-Jan-2004 09:46,200201,HEATHROW,GERMANY,BERLIN (TEGEL),BRITISH AIRWAYS PLC,D,S, 173 , 0 , 79.7687861271676 , 10.9826589595376 , 4.6242774566474 , 4.04624277456647 , 0.578034682080925 , 0 , 11.8265895953757 , 0 , 147 , 80.9523809523809 , 9.85714285714286 
09-Jan-2004 09:46,200201,HEATHROW,GERMANY,COLOGNE (BONN),BRITISH AIRWAYS PLC,A,S, 101 , 1 , 51.4851485148515 , 20.7920792079208 , 17.8217821782178 , 8.91089108910891 , 0.99009900990099 , 0 , 23.8910891089109 , 0 , 77 , 77.9220779220779 , 12.3246753246753 
09-Jan-2004 09:46,200201,HEATHROW,GERMANY,COLOGNE (BONN),BRITISH AIRWAYS PLC,D,S, 102 , 0 , 70.5882352941176 , 15.6862745098039 , 9.80392156862745 , 3.92156862745098 , 0 , 0 , 13 , 0 , 77 , 75.3246753246753 , 10.6493506493506 
09-Jan-2004 09:46,200201,HEATHROW,GERMANY,COLOGNE (BONN),FLIGHTLINE LTD,A,C, 0 , 1 , 0 , 0 , 0 , 0 , 0 , 0 , 0 , 0 , 0 , 0 , 0 
09-Jan-2004 09:46,200201,HEATHROW,GERMANY,COLOGNE (BONN),LUFTHANSA,A,S, 78 , 0 , 19.2307692307692 , 39.7435897435897 , 24.3589743589744 , 16.6666666666667 , 0 , 0 , 34.5769230769231 , 2 , 0 , 0 , 0 
09-Jan-2004 09:46,200201,HEATHROW,GERMANY,COLOGNE (BONN),LUFTHANSA,D,S, 78 , 0 , 52.5641025641026 , 17.9487179487179 , 20.5128205128205 , 8.97435897435897 , 0 , 0 , 24.6538461538462 , 2 , 0 , 0 , 0 
09-Jan-2004 09:46,200201,HEATHROW,GERMANY,DORTMUND,EUROWINGS LUFTVERKEHRS,A,S, 0 , 1 , 0 , 0 , 0 , 0 , 0 , 0 , 0 , 0 , 0 , 0 , 0 
09-Jan-2004 09:46,200201,HEATHROW,GERMANY,DUSSELDORF,BMI BRITISH MIDLAND,A,S, 0 , 0 , 0 , 0 , 0 , 0 , 0 , 0 , 0 , 0 , 31 , 87.0967741935484 , 7.80645161290323 
09-Jan-2004 09:46,200201,HEATHROW,GERMANY,DUSSELDORF,BMI BRITISH MIDLAND,D,S, 0 , 0 , 0 , 0 , 0 , 0 , 0 , 0 , 0 , 0 , 31 , 80.6451612903226 , 9.48387096774194 
09-Jan-2004 09:46,200201,HEATHROW,GERMANY,DUSSELDORF,BRITISH AIRWAYS PLC,A,S, 141 , 0 , 68.7943262411348 , 13.4751773049645 , 12.0567375886525 , 4.9645390070922 , 0.709219858156028 , 0 , 17.063829787234 , 0 , 145 , 79.3103448275862 , 10.5241379310345 
09-Jan-2004 09:46,200201,HEATHROW,GERMANY,DUSSELDORF,BRITISH AIRWAYS PLC,D,S, 141 , 0 , 78.0141843971631 , 9.9290780141844 , 4.25531914893617 , 7.09219858156028 , 0.709219858156028 , 0 , 14.0921985815603 , 0 , 145 , 85.5172413793103 , 7.42758620689655 
09-Jan-2004 09:46,200201,HEATHROW,GERMANY,DUSSELDORF,LUFTHANSA,A,S, 142 , 0 , 82.3943661971831 , 7.04225352112676 , 8.45070422535211 , 2.11267605633803 , 0 , 0 , 9.19014084507042 , 3 , 117 , 76.0683760683761 , 11.8290598290598 
09-Jan-2004 09:46,200201,HEATHROW,GERMANY,DUSSELDORF,LUFTHANSA,D,S, 147 , 1 , 86.3945578231292 , 8.16326530612245 , 4.08163265306122 , 1.36054421768707 , 0 , 0 , 6.42857142857143 , 1 , 117 , 88.8888888888889 , 6.5042735042735 
09-Jan-2004 09:46,200201,HEATHROW,GERMANY,FRANKFURT MAIN,BRITISH AIRWAYS PLC,A,S, 179 , 0 , 65.9217877094972 , 15.0837988826816 , 11.731843575419 , 6.70391061452514 , 0.558659217877095 , 0 , 18.122905027933 , 0 , 184 , 77.7173913043478 , 11.1847826086957 
09-Jan-2004 09:46,200201,HEATHROW,GERMANY,FRANKFURT MAIN,BRITISH AIRWAYS PLC,D,S, 179 , 0 , 74.8603351955307 , 13.4078212290503 , 8.37988826815642 , 2.79329608938547 , 0.558659217877095 , 0 , 13.2458100558659 , 0 , 185 , 82.1621621621622 , 10.027027027027 
09-Jan-2004 09:46,200201,HEATHROW,GERMANY,FRANKFURT MAIN,LUFTHANSA,A,S, 300 , 0 , 70.6666666666667 , 14.3333333333333 , 7.33333333333333 , 7.33333333333333 , 0.333333333333333 , 0 , 15.83 , 6 , 303 , 70.957095709571 , 13.6237623762376 
09-Jan-2004 09:46,200201,HEATHROW,GERMANY,FRANKFURT MAIN,LUFTHANSA,D,S, 293 , 0 , 80.2047781569966 , 11.2627986348123 , 4.77815699658703 , 3.7542662116041 , 0 , 0 , 10.3549488054608 , 8 , 302 , 77.4834437086093 , 12.8112582781457 
09-Jan-2004 09:46,200201,HEATHROW,GERMANY,FRANKFURT MAIN,QANTAS,D,S, 0 , 1 , 0 , 0 , 0 , 0 , 0 , 0 , 0 , 1 , 0 , 0 , 0 
09-Jan-2004 09:46,200201,HEATHROW,GERMANY,HAMBURG,BRITISH AIRWAYS PLC,A,S, 113 , 0 , 68.141592920354 , 15.929203539823 , 13.2743362831858 , 2.65486725663717 , 0 , 0 , 15 , 0 , 91 , 92.3076923076923 , 5.78021978021978 
09-Jan-2004 09:46,200201,HEATHROW,GERMANY,HAMBURG,BRITISH AIRWAYS PLC,D,S, 114 , 0 , 83.3333333333333 , 9.64912280701754 , 5.26315789473684 , 1.75438596491228 , 0 , 0 , 7.96491228070175 , 0 , 91 , 76.9230769230769 , 11.5714285714286 
09-Jan-2004 09:46,200201,HEATHROW,GERMANY,HAMBURG,LUFTHANSA,A,S, 118 , 0 , 85.593220338983 , 5.93220338983051 , 2.54237288135593 , 5.93220338983051 , 0 , 0 , 9.54237288135593 , 3 , 90 , 73.3333333333333 , 11.4333333333333 
09-Jan-2004 09:46,200201,HEATHROW,GERMANY,HAMBURG,LUFTHANSA,D,S, 119 , 0 , 91.5966386554622 , 2.52100840336134 , 3.36134453781513 , 2.52100840336134 , 0 , 0 , 6.11764705882353 , 3 , 88 , 85.2272727272727 , 6.72727272727273 
09-Jan-2004 09:46,200201,HEATHROW,GERMANY,HANOVER,BMI BRITISH MIDLAND,A,S, 89 , 0 , 69.6629213483146 , 20.2247191011236 , 7.86516853932584 , 1.12359550561798 , 1.12359550561798 , 0 , 13.9550561797753 , 0 , 60 , 71.6666666666667 , 13.3166666666667 
09-Jan-2004 09:46,200201,HEATHROW,GERMANY,HANOVER,BMI BRITISH MIDLAND,D,S, 89 , 0 , 83.1460674157303 , 8.98876404494382 , 5.61797752808989 , 1.12359550561798 , 1.12359550561798 , 0 , 9.60674157303371 , 0 , 60 , 85 , 7.56666666666667 
09-Jan-2004 09:46,200201,HEATHROW,GERMANY,HANOVER,LUFTHANSA,A,S, 0 , 0 , 0 , 0 , 0 , 0 , 0 , 0 , 0 , 0 , 28 , 89.2857142857143 , 7.42857142857143 
09-Jan-2004 09:46,200201,HEATHROW,GERMANY,HANOVER,LUFTHANSA,D,S, 0 , 0 , 0 , 0 , 0 , 0 , 0 , 0 , 0 , 0 , 29 , 93.1034482758621 , 3.68965517241379 
09-Jan-2004 09:46,200201,HEATHROW,GERMANY,MUNICH,BRITISH AIRWAYS PLC,A,S, 166 , 0 , 56.0240963855422 , 19.2771084337349 , 16.8674698795181 , 7.83132530120482 , 0 , 0 , 21.5240963855422 , 0 , 169 , 71.0059171597633 , 19.7396449704142 
09-Jan-2004 09:46,200201,HEATHROW,GERMANY,MUNICH,BRITISH AIRWAYS PLC,D,S, 167 , 0 , 67.6646706586826 , 17.9640718562874 , 9.58083832335329 , 4.79041916167665 , 0 , 0 , 14.4670658682635 , 0 , 170 , 81.7647058823529 , 9.62941176470588 
09-Jan-2004 09:46,200201,HEATHROW,GERMANY,MUNICH,LUFTHANSA,A,S, 183 , 0 , 74.8633879781421 , 13.1147540983607 , 8.19672131147541 , 3.27868852459016 , 0.546448087431694 , 0 , 11.5245901639344 , 1 , 175 , 74.2857142857143 , 13.1657142857143 
09-Jan-2004 09:46,200201,HEATHROW,GERMANY,MUNICH,LUFTHANSA,D,S, 182 , 0 , 82.4175824175824 , 7.14285714285714 , 8.24175824175824 , 2.1978021978022 , 0 , 0 , 9.73076923076923 , 1 , 173 , 82.0809248554913 , 9.45664739884393 
09-Jan-2004 09:46,200201,HEATHROW,GERMANY,STUTTGART,BMI BRITISH MIDLAND,A,S, 55 , 0 , 80 , 7.27272727272727 , 9.09090909090909 , 1.81818181818182 , 1.81818181818182 , 0 , 16.4181818181818 , 0 , 90 , 72.2222222222222 , 12.2777777777778 
09-Jan-2004 09:46,200201,HEATHROW,GERMANY,STUTTGART,BMI BRITISH MIDLAND,D,S, 55 , 0 , 83.6363636363636 , 10.9090909090909 , 3.63636363636364 , 1.81818181818182 , 0 , 0 , 8.72727272727273 , 0 , 90 , 85.5555555555556 , 6.57777777777778 
09-Jan-2004 09:46,200201,HEATHROW,GERMANY,STUTTGART,BRITISH AIRWAYS PLC,A,S, 112 , 0 , 64.2857142857143 , 15.1785714285714 , 15.1785714285714 , 4.46428571428571 , 0.892857142857143 , 0 , 20.4464285714286 , 0 , 117 , 76.9230769230769 , 12.5384615384615 
09-Jan-2004 09:46,200201,HEATHROW,GERMANY,STUTTGART,BRITISH AIRWAYS PLC,D,S, 112 , 0 , 76.7857142857143 , 9.82142857142857 , 9.82142857142857 , 2.67857142857143 , 0.892857142857143 , 0 , 13.5714285714286 , 0 , 117 , 79.4871794871795 , 10.2393162393162 
09-Jan-2004 09:46,200201,HEATHROW,GERMANY,STUTTGART,LUFTHANSA,A,S, 0 , 0 , 0 , 0 , 0 , 0 , 0 , 0 , 0 , 0 , 30 , 86.6666666666667 , 6.2 
09-Jan-2004 09:46,200201,HEATHROW,GERMANY,STUTTGART,LUFTHANSA,D,S, 0 , 0 , 0 , 0 , 0 , 0 , 0 , 0 , 0 , 0 , 30 , 93.3333333333333 , 10.6666666666667 
09-Jan-2004 09:46,200201,HEATHROW,GHANA,ACCRA,BRITISH AIRWAYS PLC,A,S, 21 , 0 , 85.7142857142857 , 0 , 9.52380952380952 , 4.76190476190476 , 0 , 0 , 13.2857142857143 , 0 , 0 , 0 , 0 
09-Jan-2004 09:46,200201,HEATHROW,GHANA,ACCRA,BRITISH AIRWAYS PLC,D,S, 22 , 0 , 59.0909090909091 , 22.7272727272727 , 18.1818181818182 , 0 , 0 , 0 , 14.9545454545455 , 0 , 0 , 0 , 0 
09-Jan-2004 09:46,200201,HEATHROW,GHANA,ACCRA,GHANA AIRWAYS,A,S, 16 , 0 , 0 , 6.25 , 50 , 18.75 , 12.5 , 12.5 , 141.625 , 0 , 17 , 17.6470588235294 , 78.9411764705882 
09-Jan-2004 09:46,200201,HEATHROW,GHANA,ACCRA,GHANA AIRWAYS,D,S, 13 , 1 , 7.69230769230769 , 23.0769230769231 , 46.1538461538462 , 7.69230769230769 , 15.3846153846154 , 0 , 81.2307692307692 , 2 , 17 , 5.88235294117647 , 69.8823529411765 
09-Jan-2004 09:46,200201,HEATHROW,GIBRALTAR,GIBRALTAR,GB AIRWAYS LTD,A,S, 28 , 0 , 85.7142857142857 , 3.57142857142857 , 3.57142857142857 , 7.14285714285714 , 0 , 0 , 9.71428571428571 , 0 , 0 , 0 , 0 
09-Jan-2004 09:46,200201,HEATHROW,GIBRALTAR,GIBRALTAR,GB AIRWAYS LTD,D,S, 31 , 0 , 83.8709677419355 , 6.45161290322581 , 9.67741935483871 , 0 , 0 , 0 , 8.19354838709677 , 0 , 0 , 0 , 0 
09-Jan-2004 09:46,200201,HEATHROW,GREECE,ATHENS,AEGEAN AIRLINES,A,S, 25 , 0 , 56 , 20 , 16 , 8 , 0 , 0 , 21.44 , 0 , 28 , 46.4285714285714 , 22.0714285714286 
09-Jan-2004 09:46,200201,HEATHROW,GREECE,ATHENS,AEGEAN AIRLINES,D,S, 25 , 0 , 88 , 4 , 8 , 0 , 0 , 0 , 7.24 , 0 , 28 , 64.2857142857143 , 12.25 
09-Jan-2004 09:46,200201,HEATHROW,GREECE,ATHENS,BRITISH AIRWAYS PLC,A,S, 53 , 1 , 64.1509433962264 , 15.0943396226415 , 9.43396226415094 , 7.54716981132075 , 1.88679245283019 , 1.88679245283019 , 37.0754716981132 , 1 , 62 , 79.0322580645161 , 10.5483870967742 
09-Jan-2004 09:46,200201,HEATHROW,GREECE,ATHENS,BRITISH AIRWAYS PLC,D,S, 54 , 0 , 75.9259259259259 , 12.962962962963 , 7.40740740740741 , 3.7037037037037 , 0 , 0 , 12.4444444444444 , 1 , 62 , 85.4838709677419 , 6.82258064516129 
09-Jan-2004 09:46,200201,HEATHROW,GREECE,ATHENS,OLYMPIC AIRWAYS,A,S, 68 , 0 , 45.5882352941177 , 22.0588235294118 , 22.0588235294118 , 7.35294117647059 , 1.47058823529412 , 1.47058823529412 , 33.2058823529412 , 3 , 73 , 53.4246575342466 , 21.2328767123288 
09-Jan-2004 09:46,200201,HEATHROW,GREECE,ATHENS,OLYMPIC AIRWAYS,D,S, 68 , 0 , 66.1764705882353 , 10.2941176470588 , 14.7058823529412 , 5.88235294117647 , 1.47058823529412 , 1.47058823529412 , 27.3529411764706 , 3 , 73 , 61.6438356164384 , 17.0684931506849 
09-Jan-2004 09:46,200201,HEATHROW,GREECE,ATHENS,VIRGIN ATLANTIC AIRWAYS LTD,A,S, 0 , 0 , 0 , 0 , 0 , 0 , 0 , 0 , 0 , 0 , 31 , 77.4193548387097 , 8.35483870967742 
09-Jan-2004 09:46,200201,HEATHROW,GREECE,ATHENS,VIRGIN ATLANTIC AIRWAYS LTD,D,S, 0 , 0 , 0 , 0 , 0 , 0 , 0 , 0 , 0 , 0 , 31 , 80.6451612903226 , 10.8064516129032 
09-Jan-2004 09:46,200201,HEATHROW,HONG KONG,HONG KONG (CHEP LAP KOK),BRITISH AIRWAYS PLC,A,S, 31 , 0 , 100 , 0 , 0 , 0 , 0 , 0 , 0.290322580645161 , 0 , 31 , 90.3225806451613 , 7.48387096774194 
09-Jan-2004 09:46,200201,HEATHROW,HONG KONG,HONG KONG (CHEP LAP KOK),BRITISH AIRWAYS PLC,D,S, 31 , 0 , 83.8709677419355 , 6.45161290322581 , 6.45161290322581 , 3.2258064516129 , 0 , 0 , 10.5161290322581 , 0 , 31 , 67.741935483871 , 15.8387096774194 
09-Jan-2004 09:46,200201,HEATHROW,HONG KONG,HONG KONG (CHEP LAP KOK),CATHAY PACIFIC AIRWAYS,A,S, 62 , 0 , 93.5483870967742 , 4.83870967741935 , 0 , 1.61290322580645 , 0 , 0 , 6.25806451612903 , 0 , 59 , 66.1016949152542 , 23.135593220339 
09-Jan-2004 09:46,200201,HEATHROW,HONG KONG,HONG KONG (CHEP LAP KOK),CATHAY PACIFIC AIRWAYS,D,S, 62 , 0 , 69.3548387096774 , 19.3548387096774 , 6.45161290322581 , 3.2258064516129 , 0 , 1.61290322580645 , 25.0645161290323 , 0 , 63 , 69.8412698412698 , 22.4285714285714 
09-Jan-2004 09:46,200201,HEATHROW,HONG KONG,HONG KONG (CHEP LAP KOK),VIRGIN ATLANTIC AIRWAYS LTD,A,S, 31 , 0 , 96.7741935483871 , 3.2258064516129 , 0 , 0 , 0 , 0 , 1.12903225806452 , 0 , 30 , 66.6666666666667 , 14.9333333333333 
09-Jan-2004 09:46,200201,HEATHROW,HONG KONG,HONG KONG (CHEP LAP KOK),VIRGIN ATLANTIC AIRWAYS LTD,D,S, 31 , 0 , 74.1935483870968 , 19.3548387096774 , 6.45161290322581 , 0 , 0 , 0 , 10 , 0 , 31 , 96.7741935483871 , 4.87096774193548 
09-Jan-2004 09:46,200201,HEATHROW,HUNGARY,BUDAPEST,BRITISH AIRWAYS PLC,A,S, 61 , 0 , 62.2950819672131 , 21.3114754098361 , 4.91803278688525 , 9.83606557377049 , 1.63934426229508 , 0 , 21.0491803278689 , 0 , 61 , 68.8524590163934 , 19.0983606557377 
09-Jan-2004 09:46,200201,HEATHROW,HUNGARY,BUDAPEST,BRITISH AIRWAYS PLC,D,S, 61 , 0 , 62.2950819672131 , 16.3934426229508 , 13.1147540983607 , 8.19672131147541 , 0 , 0 , 19.7213114754098 , 0 , 61 , 75.4098360655738 , 10.7540983606557 
09-Jan-2004 09:46,200201,HEATHROW,HUNGARY,BUDAPEST,MALEV (HUNGARIAN AIRLINES),A,S, 59 , 3 , 79.6610169491525 , 6.77966101694915 , 6.77966101694915 , 6.77966101694915 , 0 , 0 , 12.8474576271186 , 0 , 62 , 33.8709677419355 , 34.4677419354839 
09-Jan-2004 09:46,200201,HEATHROW,HUNGARY,BUDAPEST,MALEV (HUNGARIAN AIRLINES),D,S, 58 , 3 , 84.4827586206897 , 1.72413793103448 , 10.3448275862069 , 3.44827586206897 , 0 , 0 , 11.5 , 0 , 61 , 78.6885245901639 , 17.5245901639344 
09-Jan-2004 09:46,200201,HEATHROW,ICELAND,KEFLAVIK,ICELANDAIR,A,S, 45 , 0 , 62.2222222222222 , 11.1111111111111 , 11.1111111111111 , 13.3333333333333 , 2.22222222222222 , 0 , 27.9333333333333 , 0 , 48 , 89.5833333333333 , 5.85416666666667 
09-Jan-2004 09:46,200201,HEATHROW,ICELAND,KEFLAVIK,ICELANDAIR,D,S, 44 , 0 , 68.1818181818182 , 9.09090909090909 , 9.09090909090909 , 11.3636363636364 , 2.27272727272727 , 0 , 26.5681818181818 , 0 , 48 , 66.6666666666667 , 13.1041666666667 
09-Jan-2004 09:46,200201,HEATHROW,INDIA,CALCUTTA,BRITISH AIRWAYS PLC,A,S, 8 , 0 , 0 , 0 , 0 , 100 , 0 , 0 , 148.375 , 0 , 0 , 0 , 0 
09-Jan-2004 09:46,200201,HEATHROW,INDIA,CALCUTTA,BRITISH AIRWAYS PLC,D,S, 9 , 0 , 0 , 0 , 0 , 100 , 0 , 0 , 82.8888888888889 , 0 , 0 , 0 , 0 
09-Jan-2004 09:46,200201,HEATHROW,INDIA,DELHI,BRITISH AIRWAYS PLC,A,S, 31 , 0 , 25.8064516129032 , 35.4838709677419 , 22.5806451612903 , 16.1290322580645 , 0 , 0 , 34.6774193548387 , 0 , 31 , 45.1612903225806 , 40.0967741935484 
09-Jan-2004 09:46,200201,HEATHROW,INDIA,DELHI,BRITISH AIRWAYS PLC,D,S, 32 , 0 , 62.5 , 28.125 , 6.25 , 3.125 , 0 , 0 , 14.90625 , 0 , 30 , 46.6666666666667 , 30.4333333333333 
09-Jan-2004 09:46,200201,HEATHROW,INDIA,DELHI,VIRGIN ATLANTIC AIRWAYS LTD,A,S, 9 , 0 , 0 , 0 , 11.1111111111111 , 66.6666666666667 , 11.1111111111111 , 11.1111111111111 , 236.666666666667 , 9 , 8 , 12.5 , 53.875 
09-Jan-2004 09:46,200201,HEATHROW,INDIA,DELHI,VIRGIN ATLANTIC AIRWAYS LTD,D,S, 9 , 0 , 44.4444444444444 , 33.3333333333333 , 22.2222222222222 , 0 , 0 , 0 , 19.1111111111111 , 8 , 9 , 44.4444444444444 , 16.7777777777778 
09-Jan-2004 09:46,200201,HEATHROW,INDIA,MADRAS/CHENNAI,BRITISH AIRWAYS PLC,A,S, 9 , 0 , 88.8888888888889 , 0 , 0 , 11.1111111111111 , 0 , 0 , 14.8888888888889 , 0 , 9 , 100 , 3.77777777777778 
09-Jan-2004 09:46,200201,HEATHROW,INDIA,MADRAS/CHENNAI,BRITISH AIRWAYS PLC,D,S, 9 , 0 , 33.3333333333333 , 22.2222222222222 , 22.2222222222222 , 11.1111111111111 , 11.1111111111111 , 0 , 62.4444444444444 , 0 , 9 , 44.4444444444444 , 19.3333333333333 
09-Jan-2004 09:46,200201,HEATHROW,INDIA,MUMBAI,AIR INDIA,A,S, 47 , 0 , 17.0212765957447 , 10.6382978723404 , 40.4255319148936 , 19.1489361702128 , 0 , 12.7659574468085 , 100.170212765957 , 0 , 43 , 27.906976744186 , 103.558139534884 
09-Jan-2004 09:46,200201,HEATHROW,INDIA,MUMBAI,AIR INDIA,D,S, 46 , 0 , 23.9130434782609 , 30.4347826086956 , 21.7391304347826 , 10.8695652173913 , 8.69565217391304 , 4.34782608695652 , 74.6086956521739 , 1 , 44 , 4.54545454545455 , 114.340909090909 
09-Jan-2004 09:46,200201,HEATHROW,INDIA,MUMBAI,BRITISH AIRWAYS PLC,A,S, 31 , 0 , 61.2903225806452 , 25.8064516129032 , 9.67741935483871 , 3.2258064516129 , 0 , 0 , 14.8709677419355 , 0 , 31 , 61.2903225806452 , 27.6774193548387 
09-Jan-2004 09:46,200201,HEATHROW,INDIA,MUMBAI,BRITISH AIRWAYS PLC,D,S, 31 , 0 , 51.6129032258064 , 29.0322580645161 , 16.1290322580645 , 3.2258064516129 , 0 , 0 , 19.3225806451613 , 0 , 31 , 38.7096774193548 , 34.8709677419355 
09-Jan-2004 09:46,200201,HEATHROW,IRAN,TEHRAN,BRITISH MEDITERRANEAN AIRWAYS,A,S, 13 , 0 , 84.6153846153846 , 7.69230769230769 , 0 , 7.69230769230769 , 0 , 0 , 10.1538461538462 , 0 , 14 , 57.1428571428571 , 21.2857142857143 
09-Jan-2004 09:46,200201,HEATHROW,IRAN,TEHRAN,BRITISH MEDITERRANEAN AIRWAYS,D,S, 14 , 0 , 50 , 35.7142857142857 , 14.2857142857143 , 0 , 0 , 0 , 16.6428571428571 , 0 , 13 , 53.8461538461538 , 67.6923076923077 
09-Jan-2004 09:46,200201,HEATHROW,IRAN,TEHRAN,IRAN AIR,A,S, 14 , 0 , 57.1428571428571 , 28.5714285714286 , 7.14285714285714 , 7.14285714285714 , 0 , 0 , 14.2142857142857 , 0 , 13 , 23.0769230769231 , 29.9230769230769 
09-Jan-2004 09:46,200201,HEATHROW,IRAN,TEHRAN,IRAN AIR,D,S, 14 , 0 , 71.4285714285714 , 28.5714285714286 , 0 , 0 , 0 , 0 , 11.5 , 0 , 13 , 61.5384615384615 , 20.3076923076923 
09-Jan-2004 09:46,200201,HEATHROW,IRISH REPUBLIC,CORK,AER LINGUS,A,S, 94 , 0 , 75.531914893617 , 6.38297872340426 , 4.25531914893617 , 13.8297872340426 , 0 , 0 , 18.9787234042553 , 0 , 93 , 86.0215053763441 , 9.01075268817204 
09-Jan-2004 09:46,200201,HEATHROW,IRISH REPUBLIC,CORK,AER LINGUS,D,S, 94 , 0 , 69.1489361702128 , 9.57446808510638 , 6.38297872340426 , 14.8936170212766 , 0 , 0 , 22.063829787234 , 0 , 93 , 79.5698924731183 , 12.3010752688172 
09-Jan-2004 09:46,200201,HEATHROW,IRISH REPUBLIC,DUBLIN,AER LINGUS,A,S, 383 , 0 , 72.3237597911227 , 12.532637075718 , 8.09399477806789 , 6.52741514360313 , 0.522193211488251 , 0 , 16.6187989556136 , 7 , 392 , 65.5612244897959 , 17.0969387755102 
09-Jan-2004 09:46,200201,HEATHROW,IRISH REPUBLIC,DUBLIN,AER LINGUS,D,S, 378 , 0 , 82.8042328042328 , 7.40740740740741 , 5.55555555555556 , 4.23280423280423 , 0 , 0 , 9.89153439153439 , 8 , 387 , 80.8785529715762 , 11.4521963824289 
09-Jan-2004 09:46,200201,HEATHROW,IRISH REPUBLIC,DUBLIN,BMI BRITISH MIDLAND,A,S, 267 , 0 , 77.5280898876404 , 8.98876404494382 , 7.86516853932584 , 4.8689138576779 , 0.749063670411985 , 0 , 13.434456928839 , 2 , 252 , 70.6349206349206 , 14.1904761904762 
09-Jan-2004 09:46,200201,HEATHROW,IRISH REPUBLIC,DUBLIN,BMI BRITISH MIDLAND,D,S, 266 , 0 , 87.9699248120301 , 5.26315789473684 , 5.26315789473684 , 1.12781954887218 , 0.37593984962406 , 0 , 6.93609022556391 , 1 , 251 , 77.2908366533864 , 11.0557768924303 
09-Jan-2004 09:46,200201,HEATHROW,IRISH REPUBLIC,SHANNON,AER LINGUS,A,S, 93 , 0 , 73.1182795698925 , 8.60215053763441 , 5.37634408602151 , 11.8279569892473 , 1.0752688172043 , 0 , 19.4516129032258 , 0 , 93 , 68.8172043010753 , 22.6559139784946 
09-Jan-2004 09:46,200201,HEATHROW,IRISH REPUBLIC,SHANNON,AER LINGUS,D,S, 93 , 0 , 74.1935483870968 , 4.3010752688172 , 6.45161290322581 , 15.0537634408602 , 0 , 0 , 19.9569892473118 , 0 , 93 , 77.4193548387097 , 20.1397849462366 
09-Jan-2004 09:46,200201,HEATHROW,ISRAEL,OVDA,EL AL,A,S, 5 , 0 , 60 , 0 , 40 , 0 , 0 , 0 , 16.2 , 3 , 7 , 57.1428571428571 , 16.5714285714286 
09-Jan-2004 09:46,200201,HEATHROW,ISRAEL,OVDA,EL AL,D,S, 5 , 0 , 60 , 20 , 20 , 0 , 0 , 0 , 17.8 , 3 , 5 , 100 , 3.8 
09-Jan-2004 09:46,200201,HEATHROW,ISRAEL,TEL AVIV,ARKIA,A,C, 0 , 0 , 0 , 0 , 0 , 0 , 0 , 0 , 0 , 0 , 6 , 83.3333333333333 , 7.5 
09-Jan-2004 09:46,200201,HEATHROW,ISRAEL,TEL AVIV,ARKIA,D,C, 0 , 0 , 0 , 0 , 0 , 0 , 0 , 0 , 0 , 0 , 5 , 100 , 4.6 
09-Jan-2004 09:46,200201,HEATHROW,ISRAEL,TEL AVIV,BRITISH AIRWAYS PLC,A,S, 62 , 0 , 51.6129032258064 , 16.1290322580645 , 17.741935483871 , 11.2903225806452 , 3.2258064516129 , 0 , 29.6935483870968 , 0 , 79 , 48.1012658227848 , 50.3164556962025 
09-Jan-2004 09:46,200201,HEATHROW,ISRAEL,TEL AVIV,BRITISH AIRWAYS PLC,D,S, 62 , 0 , 82.258064516129 , 8.06451612903226 , 8.06451612903226 , 0 , 1.61290322580645 , 0 , 14.8709677419355 , 0 , 79 , 72.1518987341772 , 13.5569620253165 
09-Jan-2004 09:46,200201,HEATHROW,ISRAEL,TEL AVIV,EL AL,A,S, 43 , 1 , 62.7906976744186 , 6.97674418604651 , 20.9302325581395 , 6.97674418604651 , 0 , 2.32558139534884 , 30.6046511627907 , 3 , 36 , 36.1111111111111 , 33.5555555555556 
09-Jan-2004 09:46,200201,HEATHROW,ISRAEL,TEL AVIV,EL AL,D,S, 44 , 0 , 59.0909090909091 , 25 , 11.3636363636364 , 2.27272727272727 , 0 , 2.27272727272727 , 26.2954545454545 , 2 , 38 , 50 , 26.8157894736842 
09-Jan-2004 09:46,200201,HEATHROW,ITALY,BOLOGNA,BRITISH AIRWAYS PLC,A,S, 0 , 0 , 0 , 0 , 0 , 0 , 0 , 0 , 0 , 0 , 90 , 64.4444444444444 , 15.7111111111111 
09-Jan-2004 09:46,200201,HEATHROW,ITALY,BOLOGNA,BRITISH AIRWAYS PLC,D,S, 0 , 0 , 0 , 0 , 0 , 0 , 0 , 0 , 0 , 0 , 91 , 89.010989010989 , 7.54945054945055 
09-Jan-2004 09:46,200201,HEATHROW,ITALY,MILAN (LINATE),ALITALIA,A,S, 86 , 1 , 65.1162790697674 , 15.1162790697674 , 10.4651162790698 , 9.30232558139535 , 0 , 0 , 16.4883720930233 , 2 , 93 , 80.6451612903226 , 10.4301075268817 
09-Jan-2004 09:46,200201,HEATHROW,ITALY,MILAN (LINATE),ALITALIA,D,S, 85 , 1 , 70.5882352941177 , 12.9411764705882 , 8.23529411764706 , 7.05882352941176 , 1.17647058823529 , 0 , 15.9411764705882 , 1 , 92 , 76.0869565217391 , 12.3913043478261 
09-Jan-2004 09:46,200201,HEATHROW,ITALY,MILAN (LINATE),BMI BRITISH MIDLAND,A,S, 82 , 0 , 76.8292682926829 , 9.75609756097561 , 8.53658536585366 , 2.4390243902439 , 2.4390243902439 , 0 , 16.2926829268293 , 4 , 0 , 0 , 0 
09-Jan-2004 09:46,200201,HEATHROW,ITALY,MILAN (LINATE),BMI BRITISH MIDLAND,D,S, 84 , 0 , 78.5714285714286 , 9.52380952380952 , 5.95238095238095 , 5.95238095238095 , 0 , 0 , 11.9642857142857 , 3 , 0 , 0 , 0 
09-Jan-2004 09:46,200201,HEATHROW,ITALY,MILAN (LINATE),BRITISH AIRWAYS PLC,A,S, 89 , 0 , 58.4269662921348 , 12.3595505617978 , 7.86516853932584 , 19.1011235955056 , 2.24719101123596 , 0 , 32.5056179775281 , 1 , 90 , 70 , 16.6444444444444 
09-Jan-2004 09:46,200201,HEATHROW,ITALY,MILAN (LINATE),BRITISH AIRWAYS PLC,D,S, 91 , 0 , 70.3296703296703 , 15.3846153846154 , 5.49450549450549 , 7.69230769230769 , 1.0989010989011 , 0 , 19.0769230769231 , 0 , 92 , 76.0869565217391 , 11.9347826086957 
09-Jan-2004 09:46,200201,HEATHROW,ITALY,MILAN (LINATE),SIRIO,D,C, 0 , 1 , 0 , 0 , 0 , 0 , 0 , 0 , 0 , 0 , 0 , 0 , 0 
09-Jan-2004 09:46,200201,HEATHROW,ITALY,MILAN (MALPENSA),ALITALIA,A,S, 141 , 3 , 41.8439716312057 , 23.4042553191489 , 19.1489361702128 , 14.1843971631206 , 1.41843971631206 , 0 , 30.6028368794326 , 4 , 148 , 43.2432432432432 , 32.9324324324324 
09-Jan-2004 09:46,200201,HEATHROW,ITALY,MILAN (MALPENSA),ALITALIA,D,S, 143 , 1 , 67.8321678321678 , 11.1888111888112 , 10.4895104895105 , 7.69230769230769 , 2.0979020979021 , 0.699300699300699 , 23.8181818181818 , 4 , 148 , 68.9189189189189 , 16.9662162162162 
09-Jan-2004 09:46,200201,HEATHROW,ITALY,MILAN (MALPENSA),BMI BRITISH MIDLAND,A,S, 0 , 0 , 0 , 0 , 0 , 0 , 0 , 0 , 0 , 0 , 118 , 41.5254237288136 , 23.4915254237288 
09-Jan-2004 09:46,200201,HEATHROW,ITALY,MILAN (MALPENSA),BMI BRITISH MIDLAND,D,S, 0 , 0 , 0 , 0 , 0 , 0 , 0 , 0 , 0 , 0 , 121 , 80.1652892561983 , 9.72727272727273 
09-Jan-2004 09:46,200201,HEATHROW,ITALY,MILAN (MALPENSA),BRITISH AIRWAYS PLC,A,S, 91 , 0 , 46.1538461538462 , 21.978021978022 , 14.2857142857143 , 14.2857142857143 , 3.2967032967033 , 0 , 37.4505494505495 , 0 , 60 , 43.3333333333333 , 25.05 
09-Jan-2004 09:46,200201,HEATHROW,ITALY,MILAN (MALPENSA),BRITISH AIRWAYS PLC,D,S, 91 , 0 , 81.3186813186813 , 6.59340659340659 , 4.3956043956044 , 5.49450549450549 , 2.1978021978022 , 0 , 15.4835164835165 , 0 , 60 , 81.6666666666667 , 11.9166666666667 
09-Jan-2004 09:46,200201,HEATHROW,ITALY,NAPLES,BMI BRITISH MIDLAND,A,C, 0 , 0 , 0 , 0 , 0 , 0 , 0 , 0 , 0 , 0 , 1 , 100 , 6 
09-Jan-2004 09:46,200201,HEATHROW,ITALY,NAPLES,BMI BRITISH MIDLAND,D,C, 0 , 0 , 0 , 0 , 0 , 0 , 0 , 0 , 0 , 0 , 1 , 100 , 1 
09-Jan-2004 09:46,200201,HEATHROW,ITALY,PALERMO,BMI BRITISH MIDLAND,A,C, 4 , 0 , 0 , 0 , 25 , 75 , 0 , 0 , 73.5 , 0 , 2 , 0 , 55.5 
09-Jan-2004 09:46,200201,HEATHROW,ITALY,PALERMO,BMI BRITISH MIDLAND,D,C, 4 , 0 , 50 , 0 , 50 , 0 , 0 , 0 , 24.5 , 0 , 4 , 50 , 12.75 
09-Jan-2004 09:46,200201,HEATHROW,ITALY,ROME (FIUMICINO),ALITALIA,A,S, 142 , 4 , 56.3380281690141 , 16.9014084507042 , 16.1971830985915 , 9.85915492957746 , 0.704225352112676 , 0 , 24.669014084507 , 2 , 148 , 57.4324324324324 , 17.9594594594595 
09-Jan-2004 09:46,200201,HEATHROW,ITALY,ROME (FIUMICINO),ALITALIA,D,S, 143 , 4 , 65.034965034965 , 9.79020979020979 , 12.5874125874126 , 11.1888111888112 , 1.3986013986014 , 0 , 21.5734265734266 , 2 , 147 , 77.5510204081633 , 12.3945578231293 
09-Jan-2004 09:46,200201,HEATHROW,ITALY,ROME (FIUMICINO),BMI BRITISH MIDLAND,A,S, 0 , 0 , 0 , 0 , 0 , 0 , 0 , 0 , 0 , 0 , 119 , 63.0252100840336 , 16.6974789915966 
09-Jan-2004 09:46,200201,HEATHROW,ITALY,ROME (FIUMICINO),BMI BRITISH MIDLAND,D,S, 0 , 0 , 0 , 0 , 0 , 0 , 0 , 0 , 0 , 0 , 119 , 82.3529411764706 , 9.0672268907563 
09-Jan-2004 09:46,200201,HEATHROW,ITALY,ROME (FIUMICINO),BRITISH AIRWAYS PLC,A,S, 143 , 0 , 63.6363636363636 , 15.3846153846154 , 10.4895104895105 , 9.09090909090909 , 1.3986013986014 , 0 , 23.993006993007 , 0 , 153 , 75.1633986928105 , 11.6339869281046 
09-Jan-2004 09:46,200201,HEATHROW,ITALY,ROME (FIUMICINO),BRITISH AIRWAYS PLC,D,S, 144 , 0 , 76.3888888888889 , 11.1111111111111 , 7.63888888888889 , 4.16666666666667 , 0.694444444444444 , 0 , 13.6805555555556 , 0 , 154 , 85.0649350649351 , 6.77272727272727 
09-Jan-2004 09:46,200201,HEATHROW,JAMAICA,KINGSTON,AIR JAMAICA,A,S, 22 , 0 , 36.3636363636364 , 18.1818181818182 , 18.1818181818182 , 27.2727272727273 , 0 , 0 , 45.1818181818182 , 0 , 22 , 13.6363636363636 , 69.8181818181818 
09-Jan-2004 09:46,200201,HEATHROW,JAMAICA,KINGSTON,AIR JAMAICA,D,S, 22 , 0 , 27.2727272727273 , 13.6363636363636 , 13.6363636363636 , 45.4545454545455 , 0 , 0 , 57.2272727272727 , 0 , 22 , 9.09090909090909 , 67.4090909090909 
09-Jan-2004 09:46,200201,HEATHROW,JAPAN,NAGOYA (AFB),JAPAN AIRLINES,A,S, 0 , 0 , 0 , 0 , 0 , 0 , 0 , 0 , 0 , 0 , 9 , 77.7777777777778 , 7.88888888888889 
09-Jan-2004 09:46,200201,HEATHROW,JAPAN,NAGOYA (AFB),JAPAN AIRLINES,D,S, 0 , 0 , 0 , 0 , 0 , 0 , 0 , 0 , 0 , 0 , 9 , 100 , 3.88888888888889 
09-Jan-2004 09:46,200201,HEATHROW,JAPAN,OSAKA (KANSAI),JAPAN AIRLINES,A,S, 31 , 0 , 51.6129032258064 , 35.4838709677419 , 12.9032258064516 , 0 , 0 , 0 , 14.2258064516129 , 0 , 31 , 83.8709677419355 , 6.83870967741936 
09-Jan-2004 09:46,200201,HEATHROW,JAPAN,OSAKA (KANSAI),JAPAN AIRLINES,D,S, 31 , 0 , 80.6451612903226 , 12.9032258064516 , 6.45161290322581 , 0 , 0 , 0 , 9.80645161290323 , 0 , 31 , 61.2903225806452 , 15.7741935483871 
09-Jan-2004 09:46,200201,HEATHROW,JAPAN,TOKYO (NARITA),AEROFLOT,A,S, 8 , 0 , 12.5 , 25 , 25 , 37.5 , 0 , 0 , 42.625 , 0 , 9 , 44.4444444444444 , 34.5555555555556 
09-Jan-2004 09:46,200201,HEATHROW,JAPAN,TOKYO (NARITA),AEROFLOT,D,S, 5 , 0 , 20 , 40 , 40 , 0 , 0 , 0 , 27 , 0 , 8 , 25 , 31.5 
09-Jan-2004 09:46,200201,HEATHROW,JAPAN,TOKYO (NARITA),ALL NIPPON AIRWAYS,A,S, 31 , 0 , 90.3225806451613 , 9.67741935483871 , 0 , 0 , 0 , 0 , 6.06451612903226 , 0 , 31 , 90.3225806451613 , 4.83870967741936 
09-Jan-2004 09:46,200201,HEATHROW,JAPAN,TOKYO (NARITA),ALL NIPPON AIRWAYS,D,S, 31 , 0 , 83.8709677419355 , 16.1290322580645 , 0 , 0 , 0 , 0 , 5.87096774193548 , 0 , 31 , 77.4193548387097 , 10.6774193548387 
09-Jan-2004 09:46,200201,HEATHROW,JAPAN,TOKYO (NARITA),BRITISH AIRWAYS PLC,A,S, 52 , 2 , 96.1538461538462 , 3.84615384615385 , 0 , 0 , 0 , 0 , 2.94230769230769 , 3 , 59 , 79.6610169491525 , 9.47457627118644 
09-Jan-2004 09:46,200201,HEATHROW,JAPAN,TOKYO (NARITA),BRITISH AIRWAYS PLC,D,S, 54 , 0 , 50 , 29.6296296296296 , 18.5185185185185 , 1.85185185185185 , 0 , 0 , 19.7962962962963 , 1 , 61 , 55.7377049180328 , 26.9344262295082 
09-Jan-2004 09:46,200201,HEATHROW,JAPAN,TOKYO (NARITA),JAPAN AIRLINES,A,S, 31 , 3 , 87.0967741935484 , 9.67741935483871 , 3.2258064516129 , 0 , 0 , 0 , 4.58064516129032 , 2 , 37 , 91.8918918918919 , 12.2162162162162 
09-Jan-2004 09:46,200201,HEATHROW,JAPAN,TOKYO (NARITA),JAPAN AIRLINES,D,S, 34 , 0 , 70.5882352941177 , 11.7647058823529 , 17.6470588235294 , 0 , 0 , 0 , 13.7352941176471 , 0 , 35 , 51.4285714285714 , 31.0571428571429 
09-Jan-2004 09:46,200201,HEATHROW,JAPAN,TOKYO (NARITA),VIRGIN ATLANTIC AIRWAYS LTD,A,S, 30 , 0 , 56.6666666666667 , 20 , 16.6666666666667 , 6.66666666666667 , 0 , 0 , 22.2 , 1 , 30 , 93.3333333333333 , 9.6 
09-Jan-2004 09:46,200201,HEATHROW,JAPAN,TOKYO (NARITA),VIRGIN ATLANTIC AIRWAYS LTD,D,S, 31 , 0 , 70.9677419354839 , 25.8064516129032 , 0 , 3.2258064516129 , 0 , 0 , 11.6451612903226 , 0 , 31 , 77.4193548387097 , 15.4516129032258 
09-Jan-2004 09:46,200201,HEATHROW,JORDAN,AMMAN,BRITISH MEDITERRANEAN AIRWAYS,A,S, 27 , 0 , 77.7777777777778 , 3.7037037037037 , 11.1111111111111 , 3.7037037037037 , 3.7037037037037 , 0 , 22.5185185185185 , 0 , 31 , 70.9677419354839 , 53.2258064516129 
09-Jan-2004 09:46,200201,HEATHROW,JORDAN,AMMAN,BRITISH MEDITERRANEAN AIRWAYS,D,S, 28 , 0 , 39.2857142857143 , 17.8571428571429 , 21.4285714285714 , 14.2857142857143 , 3.57142857142857 , 3.57142857142857 , 53.5357142857143 , 0 , 30 , 60 , 36.4 
09-Jan-2004 09:46,200201,HEATHROW,JORDAN,AMMAN,ROYAL JORDANIAN,A,S, 31 , 0 , 48.3870967741935 , 19.3548387096774 , 9.67741935483871 , 12.9032258064516 , 6.45161290322581 , 3.2258064516129 , 54.4516129032258 , 0 , 31 , 38.7096774193548 , 93.9032258064516 
09-Jan-2004 09:46,200201,HEATHROW,JORDAN,AMMAN,ROYAL JORDANIAN,D,S, 31 , 0 , 45.1612903225806 , 19.3548387096774 , 19.3548387096774 , 6.45161290322581 , 9.67741935483871 , 0 , 52.2258064516129 , 0 , 31 , 64.5161290322581 , 27.5483870967742 
09-Jan-2004 09:46,200201,HEATHROW,KAZAKHSTAN,ALMA ATA,BRITISH MEDITERRANEAN AIRWAYS,A,S, 14 , 0 , 78.5714285714286 , 7.14285714285714 , 7.14285714285714 , 7.14285714285714 , 0 , 0 , 13.6428571428571 , 0 , 0 , 0 , 0 
09-Jan-2004 09:46,200201,HEATHROW,KAZAKHSTAN,ALMA ATA,BRITISH MEDITERRANEAN AIRWAYS,D,S, 11 , 0 , 54.5454545454545 , 18.1818181818182 , 9.09090909090909 , 18.1818181818182 , 0 , 0 , 30.7272727272727 , 0 , 0 , 0 , 0 
09-Jan-2004 09:46,200201,HEATHROW,KENYA,NAIROBI,BRITISH AIRWAYS PLC,A,S, 4 , 0 , 75 , 25 , 0 , 0 , 0 , 0 , 5.25 , 0 , 0 , 0 , 0 
09-Jan-2004 09:46,200201,HEATHROW,KENYA,NAIROBI,BRITISH AIRWAYS PLC,D,S, 5 , 0 , 80 , 20 , 0 , 0 , 0 , 0 , 8 , 0 , 0 , 0 , 0 
09-Jan-2004 09:46,200201,HEATHROW,KENYA,NAIROBI,KENYA AIRWAYS,A,S, 31 , 0 , 80.6451612903226 , 19.3548387096774 , 0 , 0 , 0 , 0 , 5.58064516129032 , 0 , 31 , 54.8387096774194 , 37.1612903225806 
09-Jan-2004 09:46,200201,HEATHROW,KENYA,NAIROBI,KENYA AIRWAYS,D,S, 31 , 0 , 87.0967741935484 , 9.67741935483871 , 3.2258064516129 , 0 , 0 , 0 , 6.03225806451613 , 0 , 31 , 77.4193548387097 , 12.6129032258065 
09-Jan-2004 09:46,200201,HEATHROW,KUWAIT,KUWAIT,BRITISH AIRWAYS PLC,A,S, 30 , 0 , 83.3333333333333 , 6.66666666666667 , 10 , 0 , 0 , 0 , 6.33333333333333 , 0 , 30 , 100 , 1.23333333333333 
09-Jan-2004 09:46,200201,HEATHROW,KUWAIT,KUWAIT,BRITISH AIRWAYS PLC,D,S, 31 , 0 , 93.5483870967742 , 3.2258064516129 , 3.2258064516129 , 0 , 0 , 0 , 4.03225806451613 , 0 , 31 , 74.1935483870968 , 12.3870967741935 
09-Jan-2004 09:46,200201,HEATHROW,KUWAIT,KUWAIT,KUWAIT AIRWAYS,A,S, 30 , 1 , 36.6666666666667 , 20 , 33.3333333333333 , 10 , 0 , 0 , 29.6666666666667 , 0 , 30 , 43.3333333333333 , 35.0333333333333 
09-Jan-2004 09:46,200201,HEATHROW,KUWAIT,KUWAIT,KUWAIT AIRWAYS,D,S, 30 , 1 , 46.6666666666667 , 30 , 16.6666666666667 , 6.66666666666667 , 0 , 0 , 19.2 , 0 , 31 , 58.0645161290323 , 59.4193548387097 
09-Jan-2004 09:46,200201,HEATHROW,KYRGYZSTAN,BISHKEK (FRUNZE),BRITISH MEDITERRANEAN AIRWAYS,A,S, 4 , 4 , 75 , 0 , 0 , 0 , 0 , 25 , 96.5 , 0 , 8 , 50 , 15.625 
09-Jan-2004 09:46,200201,HEATHROW,KYRGYZSTAN,BISHKEK (FRUNZE),BRITISH MEDITERRANEAN AIRWAYS,D,S, 9 , 0 , 44.4444444444444 , 44.4444444444444 , 11.1111111111111 , 0 , 0 , 0 , 16.5555555555556 , 0 , 9 , 55.5555555555556 , 32.7777777777778 
09-Jan-2004 09:46,200201,HEATHROW,LEBANON,BEIRUT,BRITISH MEDITERRANEAN AIRWAYS,A,S, 10 , 0 , 60 , 20 , 20 , 0 , 0 , 0 , 16.6 , 0 , 28 , 78.5714285714286 , 27.3928571428571 
09-Jan-2004 09:46,200201,HEATHROW,LEBANON,BEIRUT,BRITISH MEDITERRANEAN AIRWAYS,D,S, 10 , 0 , 30 , 10 , 40 , 20 , 0 , 0 , 39.3 , 0 , 28 , 57.1428571428571 , 31.1428571428571 
09-Jan-2004 09:46,200201,HEATHROW,LEBANON,BEIRUT,MEA,A,S, 23 , 0 , 60.8695652173913 , 26.0869565217391 , 8.69565217391304 , 4.34782608695652 , 0 , 0 , 15.3913043478261 , 0 , 22 , 31.8181818181818 , 29.9090909090909 
09-Jan-2004 09:46,200201,HEATHROW,LEBANON,BEIRUT,MEA,D,S, 23 , 0 , 56.5217391304348 , 21.7391304347826 , 4.34782608695652 , 17.3913043478261 , 0 , 0 , 21.7391304347826 , 0 , 22 , 36.3636363636364 , 46.4090909090909 
09-Jan-2004 09:46,200201,HEATHROW,LIBYA,BENGHAZI,LIBYAN ARAB AIRLINES,A,S, 2 , 0 , 50 , 50 , 0 , 0 , 0 , 0 , 8 , 0 , 4 , 25 , 41 
09-Jan-2004 09:46,200201,HEATHROW,LIBYA,BENGHAZI,LIBYAN ARAB AIRLINES,D,S, 2 , 0 , 100 , 0 , 0 , 0 , 0 , 0 , 0 , 0 , 4 , 25 , 22.75 
09-Jan-2004 09:46,200201,HEATHROW,LIBYA,TRIPOLI,LIBYAN ARAB AIRLINES,A,S, 9 , 0 , 77.7777777777778 , 0 , 22.2222222222222 , 0 , 0 , 0 , 11.5555555555556 , 0 , 9 , 55.5555555555556 , 19.3333333333333 
09-Jan-2004 09:46,200201,HEATHROW,LIBYA,TRIPOLI,LIBYAN ARAB AIRLINES,D,S, 9 , 0 , 100 , 0 , 0 , 0 , 0 , 0 , 2.55555555555556 , 0 , 9 , 66.6666666666667 , 10.5555555555556 
09-Jan-2004 09:46,200201,HEATHROW,LITHUANIA,VILNIUS,LITHUANIA AIRLINES,A,S, 30 , 0 , 56.6666666666667 , 20 , 16.6666666666667 , 6.66666666666667 , 0 , 0 , 21.3333333333333 , 0 , 29 , 75.8620689655172 , 11.2068965517241 
09-Jan-2004 09:46,200201,HEATHROW,LITHUANIA,VILNIUS,LITHUANIA AIRLINES,D,S, 30 , 0 , 73.3333333333333 , 10 , 10 , 6.66666666666667 , 0 , 0 , 16.5666666666667 , 0 , 29 , 86.2068965517241 , 7.6551724137931 
09-Jan-2004 09:46,200201,HEATHROW,LUXEMBOURG,LUXEMBOURG,LUXAIR,A,S, 60 , 0 , 38.3333333333333 , 33.3333333333333 , 25 , 3.33333333333333 , 0 , 0 , 25.1 , 2 , 61 , 60.655737704918 , 16.7049180327869 
09-Jan-2004 09:46,200201,HEATHROW,LUXEMBOURG,LUXEMBOURG,LUXAIR,D,S, 60 , 0 , 71.6666666666667 , 10 , 18.3333333333333 , 0 , 0 , 0 , 12.95 , 2 , 61 , 86.8852459016394 , 10.1475409836066 
09-Jan-2004 09:46,200201,HEATHROW,MALAWI,LILONGWE,BRITISH AIRWAYS PLC,A,S, 4 , 0 , 100 , 0 , 0 , 0 , 0 , 0 , 0 , 0 , 0 , 0 , 0 
09-Jan-2004 09:46,200201,HEATHROW,MALAWI,LILONGWE,BRITISH AIRWAYS PLC,D,S, 4 , 0 , 100 , 0 , 0 , 0 , 0 , 0 , 2.25 , 0 , 0 , 0 , 0 
09-Jan-2004 09:46,200201,HEATHROW,MALAYSIA,KUALA LUMPUR (SEPANG),BRITISH AIRWAYS PLC,A,S, 0 , 0 , 0 , 0 , 0 , 0 , 0 , 0 , 0 , 0 , 22 , 72.7272727272727 , 55.1818181818182 
09-Jan-2004 09:46,200201,HEATHROW,MALAYSIA,KUALA LUMPUR (SEPANG),BRITISH AIRWAYS PLC,D,S, 0 , 0 , 0 , 0 , 0 , 0 , 0 , 0 , 0 , 0 , 22 , 77.2727272727273 , 66.4545454545455 
09-Jan-2004 09:46,200201,HEATHROW,MALAYSIA,KUALA LUMPUR (SEPANG),MALAYSIAN AIRLINES SYSTEM-MAS,A,S, 79 , 0 , 44.3037974683544 , 29.1139240506329 , 22.7848101265823 , 3.79746835443038 , 0 , 0 , 20.2405063291139 , 1 , 62 , 87.0967741935484 , 9.82258064516129 
09-Jan-2004 09:46,200201,HEATHROW,MALAYSIA,KUALA LUMPUR (SEPANG),MALAYSIAN AIRLINES SYSTEM-MAS,D,S, 79 , 0 , 86.0759493670886 , 6.32911392405063 , 5.06329113924051 , 2.53164556962025 , 0 , 0 , 7.78481012658228 , 1 , 61 , 70.4918032786885 , 20.8360655737705 
09-Jan-2004 09:46,200201,HEATHROW,MALTA,MALTA,AIR MALTA,A,S, 65 , 1 , 89.2307692307692 , 3.07692307692308 , 4.61538461538462 , 3.07692307692308 , 0 , 0 , 6.93846153846154 , 1 , 63 , 92.0634920634921 , 5.03174603174603 
09-Jan-2004 09:46,200201,HEATHROW,MALTA,MALTA,AIR MALTA,D,S, 62 , 0 , 64.5161290322581 , 17.741935483871 , 12.9032258064516 , 4.83870967741935 , 0 , 0 , 18.3387096774194 , 3 , 63 , 69.8412698412698 , 12.4761904761905 
09-Jan-2004 09:46,200201,HEATHROW,MALTA,MALTA,GB AIRWAYS LTD,A,S, 0 , 0 , 0 , 0 , 0 , 0 , 0 , 0 , 0 , 0 , 6 , 66.6666666666667 , 11.3333333333333 
09-Jan-2004 09:46,200201,HEATHROW,MALTA,MALTA,GB AIRWAYS LTD,D,S, 0 , 0 , 0 , 0 , 0 , 0 , 0 , 0 , 0 , 0 , 6 , 100 , 0.666666666666667 
09-Jan-2004 09:46,200201,HEATHROW,MAURITIUS,MAURITIUS,AIR MAURITIUS LTD,A,S, 13 , 0 , 15.3846153846154 , 15.3846153846154 , 30.7692307692308 , 23.0769230769231 , 15.3846153846154 , 0 , 82.1538461538462 , 0 , 13 , 23.0769230769231 , 32.4615384615385 
09-Jan-2004 09:46,200201,HEATHROW,MAURITIUS,MAURITIUS,AIR MAURITIUS LTD,D,S, 13 , 0 , 46.1538461538462 , 15.3846153846154 , 7.69230769230769 , 30.7692307692308 , 0 , 0 , 44.1538461538462 , 0 , 13 , 38.4615384615385 , 24.8461538461538 
09-Jan-2004 09:46,200201,HEATHROW,MEXICO,MEXICO CITY,BRITISH AIRWAYS PLC,A,S, 14 , 0 , 71.4285714285714 , 7.14285714285714 , 14.2857142857143 , 7.14285714285714 , 0 , 0 , 15.6428571428571 , 0 , 13 , 53.8461538461538 , 16.1538461538462 
09-Jan-2004 09:46,200201,HEATHROW,MEXICO,MEXICO CITY,BRITISH AIRWAYS PLC,D,S, 13 , 0 , 53.8461538461538 , 23.0769230769231 , 15.3846153846154 , 7.69230769230769 , 0 , 0 , 25.2307692307692 , 0 , 14 , 57.1428571428571 , 24.2857142857143 
09-Jan-2004 09:46,200201,HEATHROW,MOROCCO,CASABLANCA MOHAMED V,GB AIRWAYS LTD,A,S, 4 , 0 , 75 , 0 , 0 , 0 , 25 , 0 , 52 , 0 , 9 , 66.6666666666667 , 14.4444444444444 
09-Jan-2004 09:46,200201,HEATHROW,MOROCCO,CASABLANCA MOHAMED V,GB AIRWAYS LTD,D,S, 4 , 0 , 25 , 25 , 50 , 0 , 0 , 0 , 35 , 0 , 9 , 55.5555555555556 , 38 
09-Jan-2004 09:46,200201,HEATHROW,MOROCCO,CASABLANCA MOHAMED V,ROYAL AIR MAROC,A,S, 31 , 0 , 67.741935483871 , 12.9032258064516 , 6.45161290322581 , 9.67741935483871 , 3.2258064516129 , 0 , 24.5806451612903 , 0 , 31 , 51.6129032258064 , 18.3225806451613 
09-Jan-2004 09:46,200201,HEATHROW,MOROCCO,CASABLANCA MOHAMED V,ROYAL AIR MAROC,D,S, 9 , 0 , 88.8888888888889 , 11.1111111111111 , 0 , 0 , 0 , 0 , 6.33333333333333 , 0 , 31 , 67.741935483871 , 19.2258064516129 
09-Jan-2004 09:46,200201,HEATHROW,MOROCCO,MARRAKESH,GB AIRWAYS LTD,A,S, 27 , 0 , 74.0740740740741 , 18.5185185185185 , 3.7037037037037 , 3.7037037037037 , 0 , 0 , 11.4074074074074 , 0 , 22 , 68.1818181818182 , 14.4090909090909 
09-Jan-2004 09:46,200201,HEATHROW,MOROCCO,MARRAKESH,GB AIRWAYS LTD,D,S, 27 , 0 , 59.2592592592593 , 7.40740740740741 , 14.8148148148148 , 14.8148148148148 , 3.7037037037037 , 0 , 36.2962962962963 , 0 , 22 , 77.2727272727273 , 16.0454545454545 
09-Jan-2004 09:46,200201,HEATHROW,MOROCCO,MARRAKESH,ROYAL AIR MAROC,D,S, 22 , 0 , 77.2727272727273 , 0 , 9.09090909090909 , 9.09090909090909 , 4.54545454545455 , 0 , 23.4545454545455 , 0 , 0 , 0 , 0 
09-Jan-2004 09:46,200201,HEATHROW,NAMIBIA,WINDHOEK,AIR NAMIBIA,A,S, 4 , 0 , 0 , 25 , 50 , 0 , 25 , 0 , 112.25 , 0 , 4 , 25 , 67.75 
09-Jan-2004 09:46,200201,HEATHROW,NAMIBIA,WINDHOEK,AIR NAMIBIA,D,S, 4 , 0 , 75 , 0 , 25 , 0 , 0 , 0 , 13 , 0 , 4 , 75 , 26.25 
09-Jan-2004 09:46,200201,HEATHROW,NATIONALIST CHINA (TAIWAN),TAIPEI,BRITISH AIRWAYS PLC,A,S, 13 , 0 , 100 , 0 , 0 , 0 , 0 , 0 , 3.15384615384615 , 0 , 14 , 100 , 0.928571428571429 
09-Jan-2004 09:46,200201,HEATHROW,NATIONALIST CHINA (TAIWAN),TAIPEI,BRITISH AIRWAYS PLC,D,S, 13 , 0 , 69.2307692307692 , 23.0769230769231 , 7.69230769230769 , 0 , 0 , 0 , 13 , 0 , 13 , 69.2307692307692 , 27.9230769230769 
09-Jan-2004 09:46,200201,HEATHROW,NATIONALIST CHINA (TAIWAN),TAIPEI,EVA AIR,A,S, 14 , 0 , 57.1428571428571 , 28.5714285714286 , 14.2857142857143 , 0 , 0 , 0 , 13.3571428571429 , 0 , 13 , 92.3076923076923 , 4.69230769230769 
09-Jan-2004 09:46,200201,HEATHROW,NATIONALIST CHINA (TAIWAN),TAIPEI,EVA AIR,D,S, 14 , 0 , 85.7142857142857 , 14.2857142857143 , 0 , 0 , 0 , 0 , 5.07142857142857 , 0 , 13 , 84.6153846153846 , 4.07692307692308 
09-Jan-2004 09:46,200201,HEATHROW,NETHERLANDS,AMSTERDAM,BMI BRITISH MIDLAND,A,S, 256 , 1 , 65.625 , 8.59375 , 12.890625 , 12.109375 , 0.78125 , 0 , 22.6875 , 0 , 253 , 59.2885375494071 , 22.6916996047431 
09-Jan-2004 09:46,200201,HEATHROW,NETHERLANDS,AMSTERDAM,BMI BRITISH MIDLAND,D,S, 257 , 0 , 72.7626459143969 , 9.72762645914397 , 8.94941634241245 , 8.17120622568093 , 0.389105058365759 , 0 , 16.4863813229572 , 0 , 252 , 65.0793650793651 , 17.3095238095238 
09-Jan-2004 09:46,200201,HEATHROW,NETHERLANDS,AMSTERDAM,BRITISH AIRWAYS PLC,A,S, 219 , 0 , 61.1872146118721 , 10.0456621004566 , 11.4155251141553 , 15.0684931506849 , 2.28310502283105 , 0 , 30.5022831050228 , 1 , 199 , 70.8542713567839 , 17.9798994974874 
09-Jan-2004 09:46,200201,HEATHROW,NETHERLANDS,AMSTERDAM,BRITISH AIRWAYS PLC,D,S, 220 , 0 , 65.4545454545455 , 11.3636363636364 , 8.63636363636364 , 13.1818181818182 , 1.36363636363636 , 0 , 24.0409090909091 , 1 , 200 , 72.5 , 14.07 
09-Jan-2004 09:46,200201,HEATHROW,NETHERLANDS,AMSTERDAM,KLM,A,S, 250 , 0 , 72 , 10 , 10.4 , 6.8 , 0.8 , 0 , 16.324 , 6 , 266 , 71.4285714285714 , 15.6353383458647 
09-Jan-2004 09:46,200201,HEATHROW,NETHERLANDS,AMSTERDAM,KLM,D,S, 250 , 0 , 64 , 11.6 , 10 , 11.2 , 2.8 , 0.4 , 27.78 , 6 , 263 , 66.5399239543726 , 19.6577946768061 
09-Jan-2004 09:46,200201,HEATHROW,NETHERLANDS,AMSTERDAM,UNITED AIRLINES,A,S, 0 , 0 , 0 , 0 , 0 , 0 , 0 , 0 , 0 , 0 , 25 , 76 , 12.6 
09-Jan-2004 09:46,200201,HEATHROW,NETHERLANDS,AMSTERDAM,UNITED AIRLINES,D,S, 0 , 0 , 0 , 0 , 0 , 0 , 0 , 0 , 0 , 0 , 25 , 88 , 6.16 
09-Jan-2004 09:46,200201,HEATHROW,NETHERLANDS,EINDHOVEN,B A S E BUSINESS AIRLINES,A,S, 0 , 0 , 0 , 0 , 0 , 0 , 0 , 0 , 0 , 0 , 21 , 76.1904761904762 , 18.1904761904762 
09-Jan-2004 09:46,200201,HEATHROW,NETHERLANDS,EINDHOVEN,B A S E BUSINESS AIRLINES,D,S, 0 , 0 , 0 , 0 , 0 , 0 , 0 , 0 , 0 , 0 , 24 , 87.5 , 8.70833333333333 
09-Jan-2004 09:46,200201,HEATHROW,NETHERLANDS,EINDHOVEN,KLM EXEL,A,S, 44 , 0 , 59.0909090909091 , 13.6363636363636 , 18.1818181818182 , 6.81818181818182 , 2.27272727272727 , 0 , 24.75 , 0 , 46 , 76.0869565217391 , 10.7826086956522 
09-Jan-2004 09:46,200201,HEATHROW,NETHERLANDS,EINDHOVEN,KLM EXEL,D,S, 44 , 0 , 47.7272727272727 , 20.4545454545455 , 18.1818181818182 , 11.3636363636364 , 2.27272727272727 , 0 , 31.8636363636364 , 0 , 46 , 65.2173913043478 , 14.5217391304348 
09-Jan-2004 09:46,200201,HEATHROW,NETHERLANDS,ROTTERDAM,B A S E BUSINESS AIRLINES,A,S, 0 , 0 , 0 , 0 , 0 , 0 , 0 , 0 , 0 , 0 , 32 , 59.375 , 18.15625 
09-Jan-2004 09:46,200201,HEATHROW,NETHERLANDS,ROTTERDAM,B A S E BUSINESS AIRLINES,D,S, 0 , 0 , 0 , 0 , 0 , 0 , 0 , 0 , 0 , 0 , 29 , 86.2068965517241 , 5.79310344827586 
09-Jan-2004 09:46,200201,HEATHROW,NETHERLANDS,ROTTERDAM,KLM,A,S, 86 , 0 , 74.4186046511628 , 12.7906976744186 , 9.30232558139535 , 2.32558139534884 , 1.16279069767442 , 0 , 13.2209302325581 , 2 , 104 , 84.6153846153846 , 7.25 
09-Jan-2004 09:46,200201,HEATHROW,NETHERLANDS,ROTTERDAM,KLM,D,S, 86 , 0 , 79.0697674418605 , 10.4651162790698 , 8.13953488372093 , 2.32558139534884 , 0 , 0 , 12.2325581395349 , 2 , 104 , 83.6538461538462 , 7.80769230769231 
09-Jan-2004 09:46,200201,HEATHROW,NEW ZEALAND,AUCKLAND INTERNATIONAL,AIR NEW ZEALAND LTD,A,S, 31 , 0 , 67.741935483871 , 12.9032258064516 , 9.67741935483871 , 9.67741935483871 , 0 , 0 , 14.4516129032258 , 0 , 31 , 64.5161290322581 , 17.258064516129 
09-Jan-2004 09:46,200201,HEATHROW,NEW ZEALAND,AUCKLAND INTERNATIONAL,AIR NEW ZEALAND LTD,D,S, 31 , 0 , 61.2903225806452 , 25.8064516129032 , 9.67741935483871 , 3.2258064516129 , 0 , 0 , 16.8064516129032 , 0 , 31 , 64.5161290322581 , 16.4193548387097 
09-Jan-2004 09:46,200201,HEATHROW,NIGERIA,LAGOS,BRITISH AIRWAYS PLC,A,S, 0 , 0 , 0 , 0 , 0 , 0 , 0 , 0 , 0 , 0 , 20 , 50 , 16.95 
09-Jan-2004 09:46,200201,HEATHROW,NIGERIA,LAGOS,BRITISH AIRWAYS PLC,D,S, 0 , 0 , 0 , 0 , 0 , 0 , 0 , 0 , 0 , 0 , 19 , 57.8947368421053 , 23.3157894736842 
09-Jan-2004 09:46,200201,HEATHROW,NIGERIA,LAGOS,NIGERIA AIRWAYS,A,S, 13 , 1 , 7.69230769230769 , 7.69230769230769 , 38.4615384615385 , 30.7692307692308 , 15.3846153846154 , 0 , 95.3076923076923 , 1 , 6 , 16.6666666666667 , 86.5 
09-Jan-2004 09:46,200201,HEATHROW,NIGERIA,LAGOS,NIGERIA AIRWAYS,D,S, 14 , 0 , 28.5714285714286 , 7.14285714285714 , 64.2857142857143 , 0 , 0 , 0 , 32.9285714285714 , 0 , 2 , 0 , 62 
09-Jan-2004 09:46,200201,HEATHROW,NIGERIA,LAGOS,VIRGIN ATLANTIC AIRWAYS LTD,A,S, 24 , 0 , 25 , 29.1666666666667 , 29.1666666666667 , 12.5 , 4.16666666666667 , 0 , 39.0833333333333 , 7 , 0 , 0 , 0 
09-Jan-2004 09:46,200201,HEATHROW,NIGERIA,LAGOS,VIRGIN ATLANTIC AIRWAYS LTD,D,S, 24 , 0 , 66.6666666666667 , 25 , 8.33333333333333 , 0 , 0 , 0 , 11.2916666666667 , 7 , 0 , 0 , 0 
09-Jan-2004 09:46,200201,HEATHROW,NORWAY,BERGEN,SAS,A,S, 0 , 0 , 0 , 0 , 0 , 0 , 0 , 0 , 0 , 0 , 26 , 73.0769230769231 , 15.6153846153846 
09-Jan-2004 09:46,200201,HEATHROW,NORWAY,BERGEN,SAS,D,S, 0 , 0 , 0 , 0 , 0 , 0 , 0 , 0 , 0 , 0 , 27 , 85.1851851851852 , 10.8888888888889 
09-Jan-2004 09:46,200201,HEATHROW,NORWAY,OSLO (GARDERMOEN),BRITISH AIRWAYS PLC,A,S, 122 , 0 , 59.8360655737705 , 19.672131147541 , 12.2950819672131 , 8.19672131147541 , 0 , 0 , 18.6393442622951 , 0 , 149 , 49.6644295302013 , 26.6845637583893 
09-Jan-2004 09:46,200201,HEATHROW,NORWAY,OSLO (GARDERMOEN),BRITISH AIRWAYS PLC,D,S, 123 , 0 , 78.0487804878049 , 12.1951219512195 , 8.13008130081301 , 0.813008130081301 , 0.813008130081301 , 0 , 11.3821138211382 , 0 , 150 , 72.6666666666667 , 12.9533333333333 
09-Jan-2004 09:46,200201,HEATHROW,NORWAY,OSLO (GARDERMOEN),SAS,A,S, 144 , 0 , 59.7222222222222 , 22.2222222222222 , 10.4166666666667 , 6.25 , 1.38888888888889 , 0 , 19.7638888888889 , 0 , 167 , 65.8682634730539 , 17.2994011976048 
09-Jan-2004 09:46,200201,HEATHROW,NORWAY,OSLO (GARDERMOEN),SAS,D,S, 142 , 0 , 71.830985915493 , 15.4929577464789 , 4.92957746478873 , 7.04225352112676 , 0.704225352112676 , 0 , 15.1619718309859 , 1 , 166 , 77.710843373494 , 11.4819277108434 
09-Jan-2004 09:46,200201,HEATHROW,NORWAY,STAVANGER,SAS,A,S, 24 , 0 , 58.3333333333333 , 29.1666666666667 , 8.33333333333333 , 4.16666666666667 , 0 , 0 , 15.875 , 0 , 31 , 77.4193548387097 , 8.80645161290323 
09-Jan-2004 09:46,200201,HEATHROW,NORWAY,STAVANGER,SAS,D,S, 27 , 0 , 70.3703703703704 , 14.8148148148148 , 11.1111111111111 , 3.7037037037037 , 0 , 0 , 13.4814814814815 , 0 , 30 , 86.6666666666667 , 8.6 
09-Jan-2004 09:46,200201,HEATHROW,OMAN,MUSCAT,BRITISH AIRWAYS PLC,A,S, 26 , 0 , 88.4615384615385 , 3.84615384615385 , 7.69230769230769 , 0 , 0 , 0 , 5 , 0 , 29 , 93.1034482758621 , 10.1034482758621 
09-Jan-2004 09:46,200201,HEATHROW,OMAN,MUSCAT,BRITISH AIRWAYS PLC,D,S, 27 , 0 , 81.4814814814815 , 7.40740740740741 , 7.40740740740741 , 3.7037037037037 , 0 , 0 , 12.037037037037 , 0 , 31 , 74.1935483870968 , 11.5483870967742 
09-Jan-2004 09:46,200201,HEATHROW,OMAN,MUSCAT,GULF AIR,A,S, 24 , 1 , 54.1666666666667 , 33.3333333333333 , 0 , 12.5 , 0 , 0 , 18.9166666666667 , 1 , 35 , 57.1428571428571 , 23.4571428571429 
09-Jan-2004 09:46,200201,HEATHROW,OMAN,MUSCAT,GULF AIR,D,S, 23 , 0 , 91.304347826087 , 8.69565217391304 , 0 , 0 , 0 , 0 , 5.34782608695652 , 1 , 35 , 77.1428571428571 , 12.8 
09-Jan-2004 09:46,200201,HEATHROW,PAKISTAN,ISLAMABAD,BRITISH AIRWAYS PLC,A,S, 0 , 0 , 0 , 0 , 0 , 0 , 0 , 0 , 0 , 0 , 13 , 0 , 195.538461538462 
09-Jan-2004 09:46,200201,HEATHROW,PAKISTAN,ISLAMABAD,BRITISH AIRWAYS PLC,D,S, 0 , 0 , 0 , 0 , 0 , 0 , 0 , 0 , 0 , 0 , 13 , 46.1538461538462 , 39 
09-Jan-2004 09:46,200201,HEATHROW,PAKISTAN,ISLAMABAD,PAKISTAN INTL AIRLINES,A,S, 32 , 0 , 15.625 , 9.375 , 21.875 , 21.875 , 31.25 , 0 , 118.90625 , 2 , 17 , 35.2941176470588 , 63.1764705882353 
09-Jan-2004 09:46,200201,HEATHROW,PAKISTAN,ISLAMABAD,PAKISTAN INTL AIRLINES,D,S, 18 , 0 , 11.1111111111111 , 16.6666666666667 , 38.8888888888889 , 22.2222222222222 , 11.1111111111111 , 0 , 65 , 0 , 14 , 14.2857142857143 , 77.3571428571429 
09-Jan-2004 09:46,200201,HEATHROW,PAKISTAN,KARACHI,PAKISTAN INTL AIRLINES,A,S, 0 , 0 , 0 , 0 , 0 , 0 , 0 , 0 , 0 , 0 , 13 , 38.4615384615385 , 42.1538461538462 
09-Jan-2004 09:46,200201,HEATHROW,PAKISTAN,KARACHI,PAKISTAN INTL AIRLINES,D,S, 14 , 0 , 42.8571428571429 , 14.2857142857143 , 42.8571428571429 , 0 , 0 , 0 , 21.5714285714286 , 0 , 17 , 29.4117647058824 , 36.9411764705882 
09-Jan-2004 09:46,200201,HEATHROW,PAKISTAN,LAHORE,PAKISTAN INTL AIRLINES,A,S, 8 , 0 , 0 , 0 , 12.5 , 50 , 37.5 , 0 , 181 , 0 , 14 , 0 , 129.285714285714 
09-Jan-2004 09:46,200201,HEATHROW,PAKISTAN,LAHORE,PAKISTAN INTL AIRLINES,D,S, 8 , 0 , 0 , 0 , 12.5 , 75 , 0 , 12.5 , 138 , 2 , 13 , 7.69230769230769 , 76.2307692307692 
09-Jan-2004 09:46,200201,HEATHROW,PHILIPPINES,MANILA,BRITISH AIRWAYS PLC,A,S, 18 , 0 , 100 , 0 , 0 , 0 , 0 , 0 , 0.166666666666667 , 0 , 17 , 100 , 0 
09-Jan-2004 09:46,200201,HEATHROW,PHILIPPINES,MANILA,BRITISH AIRWAYS PLC,D,S, 18 , 0 , 77.7777777777778 , 16.6666666666667 , 5.55555555555556 , 0 , 0 , 0 , 11.3333333333333 , 0 , 18 , 44.4444444444444 , 31.5555555555556 
09-Jan-2004 09:46,200201,HEATHROW,POLAND,WARSAW,BRITISH AIRWAYS PLC,A,S, 85 , 0 , 61.1764705882353 , 16.4705882352941 , 10.5882352941176 , 10.5882352941176 , 1.17647058823529 , 0 , 24.6117647058824 , 2 , 60 , 80 , 19.4833333333333 
09-Jan-2004 09:46,200201,HEATHROW,POLAND,WARSAW,BRITISH AIRWAYS PLC,D,S, 87 , 0 , 65.5172413793103 , 14.9425287356322 , 12.6436781609195 , 4.59770114942529 , 2.29885057471264 , 0 , 19.2068965517241 , 0 , 61 , 81.9672131147541 , 11.0983606557377 
09-Jan-2004 09:46,200201,HEATHROW,POLAND,WARSAW,LOT-POLISH AIRLINES,A,S, 92 , 0 , 51.0869565217391 , 26.0869565217391 , 15.2173913043478 , 6.52173913043478 , 1.08695652173913 , 0 , 24.2934782608696 , 0 , 91 , 65.9340659340659 , 13.2417582417582 
09-Jan-2004 09:46,200201,HEATHROW,POLAND,WARSAW,LOT-POLISH AIRLINES,D,S, 91 , 0 , 75.8241758241758 , 8.79120879120879 , 6.59340659340659 , 7.69230769230769 , 1.0989010989011 , 0 , 17.9340659340659 , 0 , 90 , 81.1111111111111 , 10.9 
09-Jan-2004 09:46,200201,HEATHROW,PORTUGAL(EXCLUDING MADEIRA),FARO,AIR PORTUGAL,A,S, 31 , 0 , 61.2903225806452 , 16.1290322580645 , 19.3548387096774 , 3.2258064516129 , 0 , 0 , 16.3870967741935 , 0 , 31 , 61.2903225806452 , 23.3225806451613 
09-Jan-2004 09:46,200201,HEATHROW,PORTUGAL(EXCLUDING MADEIRA),FARO,AIR PORTUGAL,D,S, 30 , 0 , 90 , 6.66666666666667 , 0 , 3.33333333333333 , 0 , 0 , 4.26666666666667 , 1 , 30 , 100 , 2.13333333333333 
09-Jan-2004 09:46,200201,HEATHROW,PORTUGAL(EXCLUDING MADEIRA),FARO,GB AIRWAYS LTD,A,S, 30 , 0 , 73.3333333333333 , 10 , 6.66666666666667 , 10 , 0 , 0 , 16.8 , 0 , 26 , 57.6923076923077 , 20.1923076923077 
09-Jan-2004 09:46,200201,HEATHROW,PORTUGAL(EXCLUDING MADEIRA),FARO,GB AIRWAYS LTD,D,S, 31 , 0 , 35.4838709677419 , 35.4838709677419 , 12.9032258064516 , 12.9032258064516 , 3.2258064516129 , 0 , 37.4516129032258 , 0 , 26 , 100 , 2.03846153846154 
09-Jan-2004 09:46,200201,HEATHROW,PORTUGAL(EXCLUDING MADEIRA),LISBON,AIR PORTUGAL,A,S, 79 , 0 , 43.0379746835443 , 22.7848101265823 , 16.4556962025316 , 15.1898734177215 , 2.53164556962025 , 0 , 34.6329113924051 , 0 , 77 , 44.1558441558442 , 26.1038961038961 
09-Jan-2004 09:46,200201,HEATHROW,PORTUGAL(EXCLUDING MADEIRA),LISBON,AIR PORTUGAL,D,S, 78 , 0 , 61.5384615384615 , 8.97435897435897 , 12.8205128205128 , 14.1025641025641 , 2.56410256410256 , 0 , 29.974358974359 , 1 , 92 , 52.1739130434783 , 24.2717391304348 
09-Jan-2004 09:46,200201,HEATHROW,PORTUGAL(EXCLUDING MADEIRA),LISBON,BRITISH AIRWAYS PLC,A,S, 122 , 0 , 58.1967213114754 , 15.5737704918033 , 14.7540983606557 , 9.01639344262295 , 2.45901639344262 , 0 , 26.6885245901639 , 1 , 100 , 78 , 11.44 
09-Jan-2004 09:46,200201,HEATHROW,PORTUGAL(EXCLUDING MADEIRA),LISBON,BRITISH AIRWAYS PLC,D,S, 122 , 0 , 69.672131147541 , 14.7540983606557 , 8.19672131147541 , 5.73770491803279 , 1.63934426229508 , 0 , 19.4590163934426 , 1 , 101 , 76.2376237623762 , 11.1287128712871 
09-Jan-2004 09:46,200201,HEATHROW,PORTUGAL(EXCLUDING MADEIRA),OPORTO ( PORTUGAL ),AIR PORTUGAL,A,S, 47 , 0 , 25.531914893617 , 34.0425531914894 , 23.4042553191489 , 17.0212765957447 , 0 , 0 , 34.3829787234043 , 1 , 47 , 34.0425531914894 , 28.3404255319149 
09-Jan-2004 09:46,200201,HEATHROW,PORTUGAL(EXCLUDING MADEIRA),OPORTO ( PORTUGAL ),AIR PORTUGAL,D,S, 47 , 0 , 59.5744680851064 , 6.38297872340426 , 21.2765957446809 , 10.6382978723404 , 2.12765957446809 , 0 , 24.4255319148936 , 1 , 31 , 70.9677419354839 , 11.1935483870968 
09-Jan-2004 09:46,200201,HEATHROW,PORTUGAL(MADEIRA),FUNCHAL,AIR PORTUGAL,A,S, 9 , 0 , 33.3333333333333 , 44.4444444444444 , 0 , 22.2222222222222 , 0 , 0 , 29.7777777777778 , 0 , 8 , 37.5 , 19.875 
09-Jan-2004 09:46,200201,HEATHROW,PORTUGAL(MADEIRA),FUNCHAL,AIR PORTUGAL,D,S, 9 , 0 , 22.2222222222222 , 33.3333333333333 , 22.2222222222222 , 22.2222222222222 , 0 , 0 , 34 , 0 , 8 , 37.5 , 24.75 
09-Jan-2004 09:46,200201,HEATHROW,QATAR,DOHA,BRITISH AIRWAYS PLC,A,S, 30 , 0 , 90 , 3.33333333333333 , 0 , 6.66666666666667 , 0 , 0 , 7.63333333333333 , 0 , 30 , 100 , 0.433333333333333 
09-Jan-2004 09:46,200201,HEATHROW,QATAR,DOHA,BRITISH AIRWAYS PLC,D,S, 31 , 0 , 61.2903225806452 , 19.3548387096774 , 16.1290322580645 , 0 , 3.2258064516129 , 0 , 21.7096774193548 , 0 , 31 , 87.0967741935484 , 7 
09-Jan-2004 09:46,200201,HEATHROW,QATAR,DOHA,GULF AIR,A,S, 0 , 0 , 0 , 0 , 0 , 0 , 0 , 0 , 0 , 0 , 31 , 83.8709677419355 , 22.9354838709677 
09-Jan-2004 09:46,200201,HEATHROW,QATAR,DOHA,GULF AIR,D,S, 0 , 0 , 0 , 0 , 0 , 0 , 0 , 0 , 0 , 0 , 31 , 87.0967741935484 , 15.5161290322581 
09-Jan-2004 09:46,200201,HEATHROW,QATAR,DOHA,QATAR AIRWAYS,A,S, 36 , 3 , 44.4444444444444 , 11.1111111111111 , 27.7777777777778 , 16.6666666666667 , 0 , 0 , 32 , 3 , 38 , 42.1052631578947 , 50.7105263157895 
09-Jan-2004 09:46,200201,HEATHROW,QATAR,DOHA,QATAR AIRWAYS,D,S, 39 , 0 , 74.3589743589744 , 10.2564102564103 , 10.2564102564103 , 5.12820512820513 , 0 , 0 , 15.8717948717949 , 0 , 39 , 56.4102564102564 , 25.8205128205128 
09-Jan-2004 09:46,200201,HEATHROW,REPUBLIC OF KOREA,SEOUL (INCHEON),KOREAN AIR,A,S, 21 , 0 , 9.52380952380952 , 42.8571428571429 , 33.3333333333333 , 14.2857142857143 , 0 , 0 , 35.6190476190476 , 0 , 0 , 0 , 0 
09-Jan-2004 09:46,200201,HEATHROW,REPUBLIC OF KOREA,SEOUL (INCHEON),KOREAN AIR,D,S, 21 , 0 , 85.7142857142857 , 9.52380952380952 , 0 , 4.76190476190476 , 0 , 0 , 11.1428571428571 , 0 , 0 , 0 , 0 
09-Jan-2004 09:46,200201,HEATHROW,REPUBLIC OF KOREA,SEOUL (KIMPO),KOREAN AIR,A,S, 0 , 0 , 0 , 0 , 0 , 0 , 0 , 0 , 0 , 0 , 22 , 72.7272727272727 , 37.9545454545455 
09-Jan-2004 09:46,200201,HEATHROW,REPUBLIC OF KOREA,SEOUL (KIMPO),KOREAN AIR,D,S, 0 , 0 , 0 , 0 , 0 , 0 , 0 , 0 , 0 , 0 , 22 , 68.1818181818182 , 51.9090909090909 
09-Jan-2004 09:46,200201,HEATHROW,REPUBLIC OF SOUTH AFRICA,CAPE TOWN,BRITISH AIRWAYS PLC,A,S, 31 , 0 , 74.1935483870968 , 25.8064516129032 , 0 , 0 , 0 , 0 , 9.64516129032258 , 0 , 31 , 100 , 0.032258064516129 
09-Jan-2004 09:46,200201,HEATHROW,REPUBLIC OF SOUTH AFRICA,CAPE TOWN,BRITISH AIRWAYS PLC,D,S, 31 , 0 , 41.9354838709677 , 45.1612903225806 , 12.9032258064516 , 0 , 0 , 0 , 16.9032258064516 , 0 , 31 , 45.1612903225806 , 30.6129032258065 
09-Jan-2004 09:46,200201,HEATHROW,REPUBLIC OF SOUTH AFRICA,CAPE TOWN,SOUTH AFRICAN AIRWAYS,A,S, 32 , 0 , 87.5 , 9.375 , 0 , 3.125 , 0 , 0 , 10.1875 , 0 , 35 , 94.2857142857143 , 27.4857142857143 
09-Jan-2004 09:46,200201,HEATHROW,REPUBLIC OF SOUTH AFRICA,CAPE TOWN,SOUTH AFRICAN AIRWAYS,D,S, 31 , 0 , 70.9677419354839 , 16.1290322580645 , 9.67741935483871 , 3.2258064516129 , 0 , 0 , 11.8709677419355 , 0 , 34 , 61.7647058823529 , 22.7058823529412 
09-Jan-2004 09:46,200201,HEATHROW,REPUBLIC OF SOUTH AFRICA,CAPE TOWN,VIRGIN ATLANTIC AIRWAYS LTD,A,S, 12 , 0 , 58.3333333333333 , 33.3333333333333 , 0 , 0 , 8.33333333333333 , 0 , 25.75 , 0 , 9 , 77.7777777777778 , 10.2222222222222 
09-Jan-2004 09:46,200201,HEATHROW,REPUBLIC OF SOUTH AFRICA,CAPE TOWN,VIRGIN ATLANTIC AIRWAYS LTD,D,S, 12 , 0 , 50 , 16.6666666666667 , 33.3333333333333 , 0 , 0 , 0 , 21.8333333333333 , 0 , 8 , 87.5 , 10.625 
09-Jan-2004 09:46,200201,HEATHROW,REPUBLIC OF SOUTH AFRICA,JOHANNESBURG,BRITISH AIRWAYS PLC,A,S, 62 , 0 , 87.0967741935484 , 9.67741935483871 , 1.61290322580645 , 1.61290322580645 , 0 , 0 , 6.82258064516129 , 0 , 60 , 93.3333333333333 , 6.38333333333333 
09-Jan-2004 09:46,200201,HEATHROW,REPUBLIC OF SOUTH AFRICA,JOHANNESBURG,BRITISH AIRWAYS PLC,D,S, 62 , 0 , 62.9032258064516 , 25.8064516129032 , 6.45161290322581 , 4.83870967741935 , 0 , 0 , 15.4193548387097 , 0 , 61 , 65.5737704918033 , 19.8524590163934 
09-Jan-2004 09:46,200201,HEATHROW,REPUBLIC OF SOUTH AFRICA,JOHANNESBURG,SOUTH AFRICAN AIRWAYS,A,S, 57 , 0 , 64.9122807017544 , 14.0350877192982 , 17.5438596491228 , 3.50877192982456 , 0 , 0 , 16.0701754385965 , 0 , 61 , 73.7704918032787 , 24.9016393442623 
09-Jan-2004 09:46,200201,HEATHROW,REPUBLIC OF SOUTH AFRICA,JOHANNESBURG,SOUTH AFRICAN AIRWAYS,D,S, 58 , 0 , 82.7586206896552 , 10.3448275862069 , 3.44827586206897 , 3.44827586206897 , 0 , 0 , 9.53448275862069 , 0 , 60 , 60 , 16.7333333333333 
09-Jan-2004 09:46,200201,HEATHROW,REPUBLIC OF SOUTH AFRICA,JOHANNESBURG,VIRGIN ATLANTIC AIRWAYS LTD,A,S, 31 , 0 , 16.1290322580645 , 41.9354838709677 , 29.0322580645161 , 9.67741935483871 , 0 , 3.2258064516129 , 58.0967741935484 , 0 , 31 , 58.0645161290323 , 17.0322580645161 
09-Jan-2004 09:46,200201,HEATHROW,REPUBLIC OF SOUTH AFRICA,JOHANNESBURG,VIRGIN ATLANTIC AIRWAYS LTD,D,S, 31 , 0 , 83.8709677419355 , 6.45161290322581 , 6.45161290322581 , 0 , 0 , 3.2258064516129 , 48.3870967741936 , 0 , 31 , 70.9677419354839 , 11.6129032258065 
09-Jan-2004 09:46,200201,HEATHROW,REPUBLIC OF YEMEN,SANAA,YEMENIA,A,S, 9 , 0 , 11.1111111111111 , 11.1111111111111 , 55.5555555555556 , 22.2222222222222 , 0 , 0 , 54 , 0 , 0 , 0 , 0 
09-Jan-2004 09:46,200201,HEATHROW,REPUBLIC OF YEMEN,SANAA,YEMENIA,D,S, 9 , 0 , 66.6666666666667 , 22.2222222222222 , 11.1111111111111 , 0 , 0 , 0 , 11.7777777777778 , 0 , 0 , 0 , 0 
09-Jan-2004 09:46,200201,HEATHROW,RUMANIA,BUCHAREST (OTOPENI),TAROM,A,S, 30 , 0 , 56.6666666666667 , 23.3333333333333 , 6.66666666666667 , 10 , 3.33333333333333 , 0 , 28.0666666666667 , 0 , 30 , 60 , 34.9333333333333 
09-Jan-2004 09:46,200201,HEATHROW,RUMANIA,BUCHAREST (OTOPENI),TAROM,D,S, 30 , 0 , 66.6666666666667 , 13.3333333333333 , 13.3333333333333 , 3.33333333333333 , 3.33333333333333 , 0 , 22.1 , 0 , 30 , 60 , 30.7666666666667 
09-Jan-2004 09:46,200201,HEATHROW,RUSSIA,MOSCOW (DOMODEDOVO),TRANSAERO AIRLINES,A,S, 10 , 0 , 30 , 20 , 30 , 20 , 0 , 0 , 37 , 13 , 0 , 0 , 0 
09-Jan-2004 09:46,200201,HEATHROW,RUSSIA,MOSCOW (DOMODEDOVO),TRANSAERO AIRLINES,D,S, 10 , 0 , 40 , 10 , 50 , 0 , 0 , 0 , 24.2 , 13 , 0 , 0 , 0 
09-Jan-2004 09:46,200201,HEATHROW,RUSSIA,MOSCOW (SHEREMETYEVO),AEROFLOT,A,C, 0 , 0 , 0 , 0 , 0 , 0 , 0 , 0 , 0 , 0 , 1 , 100 , 0 
09-Jan-2004 09:46,200201,HEATHROW,RUSSIA,MOSCOW (SHEREMETYEVO),AEROFLOT,A,S, 59 , 0 , 28.8135593220339 , 27.1186440677966 , 28.8135593220339 , 10.1694915254237 , 5.08474576271186 , 0 , 41.6440677966102 , 0 , 43 , 48.8372093023256 , 30.3023255813953 
09-Jan-2004 09:46,200201,HEATHROW,RUSSIA,MOSCOW (SHEREMETYEVO),AEROFLOT,D,C, 0 , 0 , 0 , 0 , 0 , 0 , 0 , 0 , 0 , 0 , 1 , 0 , 18 
09-Jan-2004 09:46,200201,HEATHROW,RUSSIA,MOSCOW (SHEREMETYEVO),AEROFLOT,D,S, 62 , 0 , 45.1612903225806 , 17.741935483871 , 19.3548387096774 , 12.9032258064516 , 4.83870967741935 , 0 , 36.5322580645161 , 0 , 44 , 68.1818181818182 , 22.9772727272727 
09-Jan-2004 09:46,200201,HEATHROW,RUSSIA,MOSCOW (SHEREMETYEVO),BRITISH AIRWAYS PLC,A,S, 59 , 0 , 69.4915254237288 , 16.9491525423729 , 6.77966101694915 , 6.77966101694915 , 0 , 0 , 14.4576271186441 , 0 , 59 , 83.0508474576271 , 10.2033898305085 
09-Jan-2004 09:46,200201,HEATHROW,RUSSIA,MOSCOW (SHEREMETYEVO),BRITISH AIRWAYS PLC,D,S, 59 , 0 , 79.6610169491525 , 11.864406779661 , 3.38983050847458 , 5.08474576271186 , 0 , 0 , 9.50847457627119 , 0 , 59 , 84.7457627118644 , 8.42372881355932 
09-Jan-2004 09:46,200201,HEATHROW,RUSSIA,MOSCOW (SHEREMETYEVO),TRANSAERO AIRLINES,A,S, 0 , 0 , 0 , 0 , 0 , 0 , 0 , 0 , 0 , 0 , 23 , 21.7391304347826 , 58.1739130434783 
09-Jan-2004 09:46,200201,HEATHROW,RUSSIA,MOSCOW (SHEREMETYEVO),TRANSAERO AIRLINES,D,S, 0 , 0 , 0 , 0 , 0 , 0 , 0 , 0 , 0 , 0 , 23 , 91.304347826087 , 5.65217391304348 
09-Jan-2004 09:46,200201,HEATHROW,RUSSIA,ST PETERSBURG,AEROFLOT,A,S, 4 , 0 , 0 , 25 , 50 , 25 , 0 , 0 , 50.5 , 0 , 4 , 50 , 13.25 
09-Jan-2004 09:46,200201,HEATHROW,RUSSIA,ST PETERSBURG,AEROFLOT,D,S, 4 , 0 , 0 , 25 , 50 , 25 , 0 , 0 , 47 , 0 , 4 , 0 , 30.75 
09-Jan-2004 09:46,200201,HEATHROW,SAUDI ARABIA,DAMMAM,BRITISH AIRWAYS PLC,A,S, 18 , 0 , 88.8888888888889 , 11.1111111111111 , 0 , 0 , 0 , 0 , 2.44444444444444 , 0 , 0 , 0 , 0 
09-Jan-2004 09:46,200201,HEATHROW,SAUDI ARABIA,DAMMAM,BRITISH AIRWAYS PLC,D,S, 17 , 0 , 76.4705882352941 , 17.6470588235294 , 5.88235294117647 , 0 , 0 , 0 , 10.1764705882353 , 0 , 0 , 0 , 0 
09-Jan-2004 09:46,200201,HEATHROW,SAUDI ARABIA,JEDDAH,BRITISH AIRWAYS PLC,A,S, 18 , 0 , 94.4444444444444 , 0 , 5.55555555555556 , 0 , 0 , 0 , 3 , 0 , 18 , 77.7777777777778 , 26.5 
09-Jan-2004 09:46,200201,HEATHROW,SAUDI ARABIA,JEDDAH,BRITISH AIRWAYS PLC,D,S, 18 , 0 , 72.2222222222222 , 11.1111111111111 , 11.1111111111111 , 5.55555555555556 , 0 , 0 , 14.5555555555556 , 0 , 18 , 61.1111111111111 , 39.2777777777778 
09-Jan-2004 09:46,200201,HEATHROW,SAUDI ARABIA,JEDDAH,SAUDI ARABIAN AIRLINES,A,S, 23 , 0 , 91.304347826087 , 4.34782608695652 , 0 , 4.34782608695652 , 0 , 0 , 6.78260869565217 , 0 , 34 , 67.6470588235294 , 16.1176470588235 
09-Jan-2004 09:46,200201,HEATHROW,SAUDI ARABIA,JEDDAH,SAUDI ARABIAN AIRLINES,D,S, 23 , 0 , 82.6086956521739 , 13.0434782608696 , 4.34782608695652 , 0 , 0 , 0 , 5.26086956521739 , 0 , 31 , 87.0967741935484 , 7 
09-Jan-2004 09:46,200201,HEATHROW,SAUDI ARABIA,RIYADH,BRITISH AIRWAYS PLC,A,S, 14 , 0 , 85.7142857142857 , 14.2857142857143 , 0 , 0 , 0 , 0 , 3.71428571428571 , 0 , 13 , 84.6153846153846 , 112.538461538462 
09-Jan-2004 09:46,200201,HEATHROW,SAUDI ARABIA,RIYADH,BRITISH AIRWAYS PLC,D,S, 13 , 0 , 76.9230769230769 , 7.69230769230769 , 15.3846153846154 , 0 , 0 , 0 , 14.1538461538462 , 0 , 14 , 64.2857142857143 , 121.428571428571 
09-Jan-2004 09:46,200201,HEATHROW,SAUDI ARABIA,RIYADH,SAUDI ARABIAN AIRLINES,A,S, 13 , 0 , 100 , 0 , 0 , 0 , 0 , 0 , 1.53846153846154 , 0 , 17 , 64.7058823529412 , 15.5294117647059 
09-Jan-2004 09:46,200201,HEATHROW,SAUDI ARABIA,RIYADH,SAUDI ARABIAN AIRLINES,D,S, 13 , 0 , 100 , 0 , 0 , 0 , 0 , 0 , 4.30769230769231 , 0 , 17 , 94.1176470588235 , 6.52941176470588 
09-Jan-2004 09:46,200201,HEATHROW,SEYCHELLES,SEYCHELLES,BRITISH AIRWAYS PLC,A,S, 9 , 0 , 88.8888888888889 , 11.1111111111111 , 0 , 0 , 0 , 0 , 3.11111111111111 , 0 , 0 , 0 , 0 
09-Jan-2004 09:46,200201,HEATHROW,SEYCHELLES,SEYCHELLES,BRITISH AIRWAYS PLC,D,S, 8 , 0 , 50 , 25 , 25 , 0 , 0 , 0 , 19.625 , 0 , 0 , 0 , 0 
09-Jan-2004 09:46,200201,HEATHROW,SINGAPORE,SINGAPORE,BRITISH AIRWAYS PLC,A,S, 12 , 0 , 83.3333333333333 , 8.33333333333333 , 8.33333333333333 , 0 , 0 , 0 , 10.75 , 0 , 31 , 90.3225806451613 , 5.70967741935484 
09-Jan-2004 09:46,200201,HEATHROW,SINGAPORE,SINGAPORE,BRITISH AIRWAYS PLC,D,S, 13 , 0 , 61.5384615384615 , 23.0769230769231 , 7.69230769230769 , 7.69230769230769 , 0 , 0 , 17.6923076923077 , 0 , 31 , 58.0645161290323 , 22.7096774193548 
09-Jan-2004 09:46,200201,HEATHROW,SINGAPORE,SINGAPORE,QANTAS,D,S, 0 , 1 , 0 , 0 , 0 , 0 , 0 , 0 , 0 , 0 , 0 , 0 , 0 
09-Jan-2004 09:46,200201,HEATHROW,SINGAPORE,SINGAPORE,SINGAPORE AIRLINES,A,S, 93 , 0 , 51.6129032258064 , 33.3333333333333 , 11.8279569892473 , 3.2258064516129 , 0 , 0 , 17.8064516129032 , 0 , 91 , 84.6153846153846 , 5.98901098901099 
09-Jan-2004 09:46,200201,HEATHROW,SINGAPORE,SINGAPORE,SINGAPORE AIRLINES,D,S, 93 , 0 , 70.9677419354839 , 21.505376344086 , 6.45161290322581 , 1.0752688172043 , 0 , 0 , 11.7204301075269 , 0 , 91 , 70.3296703296703 , 11.8681318681319 
09-Jan-2004 09:46,200201,HEATHROW,SLOVENIA,LJUBLJANA,ADRIA AIRWAYS,A,S, 25 , 0 , 36 , 44 , 12 , 8 , 0 , 0 , 23.28 , 0 , 26 , 34.6153846153846 , 23.9615384615385 
09-Jan-2004 09:46,200201,HEATHROW,SLOVENIA,LJUBLJANA,ADRIA AIRWAYS,D,S, 25 , 0 , 84 , 4 , 12 , 0 , 0 , 0 , 9.16 , 0 , 26 , 69.2307692307692 , 18.2692307692308 
09-Jan-2004 09:46,200201,HEATHROW,SPAIN,BARCELONA,BMI BRITISH MIDLAND,A,S, 0 , 0 , 0 , 0 , 0 , 0 , 0 , 0 , 0 , 0 , 91 , 62.6373626373626 , 16.3736263736264 
09-Jan-2004 09:46,200201,HEATHROW,SPAIN,BARCELONA,BMI BRITISH MIDLAND,D,S, 0 , 0 , 0 , 0 , 0 , 0 , 0 , 0 , 0 , 0 , 92 , 82.6086956521739 , 8.56521739130435 
09-Jan-2004 09:46,200201,HEATHROW,SPAIN,BARCELONA,BRITISH AIRWAYS PLC,A,S, 120 , 0 , 65.8333333333333 , 15.8333333333333 , 9.16666666666667 , 8.33333333333333 , 0.833333333333333 , 0 , 20.5416666666667 , 0 , 93 , 78.494623655914 , 10.9247311827957 
09-Jan-2004 09:46,200201,HEATHROW,SPAIN,BARCELONA,BRITISH AIRWAYS PLC,D,S, 120 , 0 , 74.1666666666667 , 11.6666666666667 , 6.66666666666667 , 5.83333333333333 , 1.66666666666667 , 0 , 16.4166666666667 , 0 , 93 , 76.3440860215054 , 11.0537634408602 
09-Jan-2004 09:46,200201,HEATHROW,SPAIN,BARCELONA,IBERIA,A,S, 121 , 0 , 71.0743801652893 , 16.5289256198347 , 8.26446280991736 , 3.30578512396694 , 0.826446280991736 , 0 , 14.6942148760331 , 0 , 121 , 71.0743801652893 , 14.7190082644628 
09-Jan-2004 09:46,200201,HEATHROW,SPAIN,BARCELONA,IBERIA,D,S, 119 , 0 , 85.7142857142857 , 9.2436974789916 , 2.52100840336134 , 1.68067226890756 , 0.840336134453782 , 0 , 9.15126050420168 , 0 , 119 , 87.3949579831933 , 7.26050420168067 
09-Jan-2004 09:46,200201,HEATHROW,SPAIN,BILBAO,IBERIA,A,S, 30 , 0 , 80 , 3.33333333333333 , 3.33333333333333 , 10 , 3.33333333333333 , 0 , 15.8666666666667 , 0 , 30 , 80 , 9.26666666666667 
09-Jan-2004 09:46,200201,HEATHROW,SPAIN,BILBAO,IBERIA,D,S, 29 , 0 , 79.3103448275862 , 6.89655172413793 , 10.3448275862069 , 0 , 3.44827586206897 , 0 , 13.2758620689655 , 0 , 29 , 82.7586206896552 , 6.55172413793103 
09-Jan-2004 09:46,200201,HEATHROW,SPAIN,MADRID,BMI BRITISH MIDLAND,A,S, 87 , 0 , 62.0689655172414 , 21.8390804597701 , 8.04597701149425 , 8.04597701149425 , 0 , 0 , 18.2068965517241 , 0 , 139 , 47.4820143884892 , 20.7697841726619 
09-Jan-2004 09:46,200201,HEATHROW,SPAIN,MADRID,BMI BRITISH MIDLAND,D,S, 87 , 0 , 85.0574712643678 , 9.19540229885057 , 2.29885057471264 , 3.44827586206897 , 0 , 0 , 8.27586206896552 , 0 , 141 , 79.4326241134752 , 10.0212765957447 
09-Jan-2004 09:46,200201,HEATHROW,SPAIN,MADRID,BRITISH AIRWAYS PLC,A,S, 152 , 0 , 55.921052631579 , 15.1315789473684 , 15.1315789473684 , 13.1578947368421 , 0.657894736842105 , 0 , 26.3289473684211 , 0 , 152 , 62.5 , 19.3881578947368 
09-Jan-2004 09:46,200201,HEATHROW,SPAIN,MADRID,BRITISH AIRWAYS PLC,D,S, 152 , 0 , 71.0526315789474 , 15.7894736842105 , 5.26315789473684 , 7.89473684210526 , 0 , 0 , 15.7171052631579 , 0 , 152 , 81.5789473684211 , 10.8881578947368 
09-Jan-2004 09:46,200201,HEATHROW,SPAIN,MADRID,IBERIA,A,S, 177 , 0 , 55.9322033898305 , 19.774011299435 , 15.819209039548 , 7.90960451977401 , 0.564971751412429 , 0 , 21.6101694915254 , 2 , 181 , 54.6961325966851 , 21.5138121546961 
09-Jan-2004 09:46,200201,HEATHROW,SPAIN,MADRID,IBERIA,D,S, 177 , 0 , 71.7514124293785 , 12.9943502824859 , 7.34463276836158 , 7.34463276836158 , 0.564971751412429 , 0 , 15.8531073446328 , 1 , 180 , 73.8888888888889 , 14.5222222222222 
09-Jan-2004 09:46,200201,HEATHROW,SPAIN,MALAGA,GB AIRWAYS LTD,A,S, 31 , 2 , 64.5161290322581 , 12.9032258064516 , 9.67741935483871 , 9.67741935483871 , 3.2258064516129 , 0 , 25.0322580645161 , 0 , 31 , 83.8709677419355 , 6.41935483870968 
09-Jan-2004 09:46,200201,HEATHROW,SPAIN,MALAGA,GB AIRWAYS LTD,D,S, 31 , 0 , 48.3870967741935 , 25.8064516129032 , 16.1290322580645 , 3.2258064516129 , 6.45161290322581 , 0 , 32.1935483870968 , 0 , 31 , 61.2903225806452 , 17.6774193548387 
09-Jan-2004 09:46,200201,HEATHROW,SPAIN,MALAGA,IBERIA,A,S, 31 , 0 , 51.6129032258064 , 22.5806451612903 , 12.9032258064516 , 12.9032258064516 , 0 , 0 , 24.0645161290323 , 0 , 30 , 56.6666666666667 , 17.3666666666667 
09-Jan-2004 09:46,200201,HEATHROW,SPAIN,MALAGA,IBERIA,D,S, 31 , 0 , 58.0645161290323 , 12.9032258064516 , 19.3548387096774 , 9.67741935483871 , 0 , 0 , 19.5161290322581 , 0 , 30 , 76.6666666666667 , 11.7666666666667 
09-Jan-2004 09:46,200201,HEATHROW,SPAIN,PALMA DE MALLORCA,BMI BRITISH MIDLAND,A,S, 31 , 0 , 61.2903225806452 , 19.3548387096774 , 12.9032258064516 , 6.45161290322581 , 0 , 0 , 18.6129032258065 , 0 , 31 , 51.6129032258064 , 21.9032258064516 
09-Jan-2004 09:46,200201,HEATHROW,SPAIN,PALMA DE MALLORCA,BMI BRITISH MIDLAND,D,S, 31 , 0 , 77.4193548387097 , 19.3548387096774 , 3.2258064516129 , 0 , 0 , 0 , 9.61290322580645 , 0 , 31 , 83.8709677419355 , 11.0967741935484 
09-Jan-2004 09:46,200201,HEATHROW,SPAIN,SANTIAGO DE COMPOSTELA ( SPAIN ),BMI BRITISH MIDLAND,A,C, 1 , 0 , 0 , 0 , 100 , 0 , 0 , 0 , 40 , 0 , 0 , 0 , 0 
09-Jan-2004 09:46,200201,HEATHROW,SPAIN,SANTIAGO DE COMPOSTELA ( SPAIN ),BMI BRITISH MIDLAND,D,C, 1 , 0 , 0 , 0 , 100 , 0 , 0 , 0 , 49 , 0 , 0 , 0 , 0 
09-Jan-2004 09:46,200201,HEATHROW,SPAIN,SANTIAGO DE COMPOSTELA ( SPAIN ),IBERIA,A,S, 29 , 0 , 79.3103448275862 , 6.89655172413793 , 10.3448275862069 , 0 , 3.44827586206897 , 0 , 16.2758620689655 , 0 , 29 , 82.7586206896552 , 12.4137931034483 
09-Jan-2004 09:46,200201,HEATHROW,SPAIN,SANTIAGO DE COMPOSTELA ( SPAIN ),IBERIA,D,S, 30 , 0 , 80 , 0 , 10 , 10 , 0 , 0 , 14.8333333333333 , 0 , 30 , 90 , 6.7 
09-Jan-2004 09:46,200201,HEATHROW,SPAIN,SEVILLE,IBERIA,A,S, 30 , 0 , 73.3333333333333 , 6.66666666666667 , 6.66666666666667 , 13.3333333333333 , 0 , 0 , 23.3333333333333 , 0 , 30 , 80 , 10.2333333333333 
09-Jan-2004 09:46,200201,HEATHROW,SPAIN,SEVILLE,IBERIA,D,S, 30 , 0 , 73.3333333333333 , 6.66666666666667 , 6.66666666666667 , 13.3333333333333 , 0 , 0 , 18.4666666666667 , 0 , 30 , 80 , 11.4666666666667 
09-Jan-2004 09:46,200201,HEATHROW,SPAIN,VALENCIA,IBERIA,A,S, 31 , 0 , 74.1935483870968 , 12.9032258064516 , 6.45161290322581 , 6.45161290322581 , 0 , 0 , 13.8064516129032 , 0 , 30 , 56.6666666666667 , 20.7666666666667 
09-Jan-2004 09:46,200201,HEATHROW,SPAIN,VALENCIA,IBERIA,D,S, 31 , 0 , 87.0967741935484 , 6.45161290322581 , 3.2258064516129 , 3.2258064516129 , 0 , 0 , 6.51612903225806 , 0 , 30 , 90 , 6.63333333333333 
09-Jan-2004 09:46,200201,HEATHROW,SRI LANKA,COLOMBO,SRILANKAN AIRLINES,A,S, 32 , 1 , 81.25 , 6.25 , 6.25 , 6.25 , 0 , 0 , 15.375 , 1 , 44 , 77.2727272727273 , 8.86363636363636 
09-Jan-2004 09:46,200201,HEATHROW,SRI LANKA,COLOMBO,SRILANKAN AIRLINES,D,S, 33 , 0 , 57.5757575757576 , 12.1212121212121 , 18.1818181818182 , 6.06060606060606 , 3.03030303030303 , 3.03030303030303 , 64.7272727272727 , 0 , 44 , 70.4545454545455 , 12.8409090909091 
09-Jan-2004 09:46,200201,HEATHROW,SUDAN,KHARTOUM,SUDAN AIRWAYS,A,S, 9 , 0 , 77.7777777777778 , 11.1111111111111 , 11.1111111111111 , 0 , 0 , 0 , 8.11111111111111 , 2 , 9 , 22.2222222222222 , 92.5555555555556 
09-Jan-2004 09:46,200201,HEATHROW,SUDAN,KHARTOUM,SUDAN AIRWAYS,D,S, 8 , 0 , 50 , 50 , 0 , 0 , 0 , 0 , 13.75 , 3 , 9 , 55.5555555555556 , 64.7777777777778 
09-Jan-2004 09:46,200201,HEATHROW,SWEDEN,GOTEBORG,SAS,A,S, 87 , 0 , 64.367816091954 , 16.0919540229885 , 14.9425287356322 , 4.59770114942529 , 0 , 0 , 16.7241379310345 , 1 , 61 , 70.4918032786885 , 13.1311475409836 
09-Jan-2004 09:46,200201,HEATHROW,SWEDEN,GOTEBORG,SAS,D,S, 87 , 0 , 75.8620689655172 , 8.04597701149425 , 11.4942528735632 , 4.59770114942529 , 0 , 0 , 14.4827586206897 , 2 , 60 , 81.6666666666667 , 8.86666666666667 
09-Jan-2004 09:46,200201,HEATHROW,SWEDEN,STOCKHOLM (ARLANDA),BRITISH AIRWAYS PLC,A,S, 163 , 0 , 53.3742331288344 , 18.4049079754601 , 15.9509202453988 , 11.6564417177914 , 0.613496932515337 , 0 , 25.760736196319 , 0 , 149 , 63.758389261745 , 16.8120805369128 
09-Jan-2004 09:46,200201,HEATHROW,SWEDEN,STOCKHOLM (ARLANDA),BRITISH AIRWAYS PLC,D,S, 164 , 0 , 62.8048780487805 , 17.0731707317073 , 12.1951219512195 , 6.70731707317073 , 1.21951219512195 , 0 , 18.8658536585366 , 0 , 149 , 85.9060402684564 , 8.69127516778524 
09-Jan-2004 09:46,200201,HEATHROW,SWEDEN,STOCKHOLM (ARLANDA),SAS,A,S, 205 , 0 , 58.0487804878049 , 17.5609756097561 , 14.6341463414634 , 8.29268292682927 , 1.46341463414634 , 0 , 22.6292682926829 , 1 , 179 , 70.391061452514 , 15.0167597765363 
09-Jan-2004 09:46,200201,HEATHROW,SWEDEN,STOCKHOLM (ARLANDA),SAS,D,S, 200 , 0 , 75.5 , 8 , 10 , 6 , 0.5 , 0 , 14.68 , 2 , 178 , 84.2696629213483 , 10.1460674157303 
09-Jan-2004 09:46,200201,HEATHROW,SWITZERLAND,BASLE MULHOUSE,SWISS AIRLINES,A,S, 93 , 0 , 63.4408602150538 , 20.4301075268817 , 10.752688172043 , 5.37634408602151 , 0 , 0 , 15.9784946236559 , 0 , 93 , 67.741935483871 , 14.0752688172043 
09-Jan-2004 09:46,200201,HEATHROW,SWITZERLAND,BASLE MULHOUSE,SWISS AIRLINES,D,S, 93 , 0 , 80.6451612903226 , 8.60215053763441 , 8.60215053763441 , 2.1505376344086 , 0 , 0 , 9.41935483870968 , 0 , 93 , 70.9677419354839 , 10.1397849462366 
09-Jan-2004 09:46,200201,HEATHROW,SWITZERLAND,GENEVA,BMI BRITISH MIDLAND,A,C, 12 , 0 , 0 , 16.6666666666667 , 50 , 33.3333333333333 , 0 , 0 , 58.6666666666667 , 0 , 8 , 0 , 63.375 
09-Jan-2004 09:46,200201,HEATHROW,SWITZERLAND,GENEVA,BMI BRITISH MIDLAND,D,C, 12 , 0 , 83.3333333333333 , 16.6666666666667 , 0 , 0 , 0 , 0 , 8 , 0 , 8 , 37.5 , 18.75 
09-Jan-2004 09:46,200201,HEATHROW,SWITZERLAND,GENEVA,BRITISH AIRWAYS PLC,A,S, 180 , 0 , 49.4444444444445 , 23.3333333333333 , 17.2222222222222 , 8.88888888888889 , 1.11111111111111 , 0 , 27.05 , 0 , 149 , 57.0469798657718 , 21.0536912751678 
09-Jan-2004 09:46,200201,HEATHROW,SWITZERLAND,GENEVA,BRITISH AIRWAYS PLC,D,S, 180 , 0 , 78.3333333333333 , 7.22222222222222 , 10 , 4.44444444444444 , 0 , 0 , 13.7555555555556 , 0 , 150 , 82.6666666666667 , 11.2066666666667 
09-Jan-2004 09:46,200201,HEATHROW,SWITZERLAND,GENEVA,PRIVATAIR SA,A,C, 0 , 3 , 0 , 0 , 0 , 0 , 0 , 0 , 0 , 0 , 0 , 0 , 0 
09-Jan-2004 09:46,200201,HEATHROW,SWITZERLAND,GENEVA,PRIVATAIR SA,D,C, 0 , 1 , 0 , 0 , 0 , 0 , 0 , 0 , 0 , 0 , 0 , 0 , 0 
09-Jan-2004 09:46,200201,HEATHROW,SWITZERLAND,GENEVA,SWISS AIRLINES,A,S, 68 , 0 , 75 , 14.7058823529412 , 7.35294117647059 , 2.94117647058824 , 0 , 0 , 10.3970588235294 , 0 , 0 , 0 , 0 
09-Jan-2004 09:46,200201,HEATHROW,SWITZERLAND,GENEVA,SWISS AIRLINES,D,S, 67 , 0 , 82.089552238806 , 7.46268656716418 , 5.97014925373134 , 4.47761194029851 , 0 , 0 , 10.6268656716418 , 0 , 0 , 0 , 0 
09-Jan-2004 09:46,200201,HEATHROW,SWITZERLAND,GENEVA,SWISSAIR,A,S, 54 , 0 , 72.2222222222222 , 7.40740740740741 , 12.962962962963 , 7.40740740740741 , 0 , 0 , 14.1481481481481 , 1 , 123 , 52.0325203252033 , 23.739837398374 
09-Jan-2004 09:46,200201,HEATHROW,SWITZERLAND,GENEVA,SWISSAIR,D,S, 55 , 0 , 76.3636363636364 , 12.7272727272727 , 9.09090909090909 , 1.81818181818182 , 0 , 0 , 10.4727272727273 , 0 , 122 , 54.9180327868852 , 23 
09-Jan-2004 09:46,200201,HEATHROW,SWITZERLAND,SION,SWISS AIRLINES,A,S, 4 , 0 , 0 , 25 , 0 , 75 , 0 , 0 , 82.25 , 0 , 4 , 25 , 55.75 
09-Jan-2004 09:46,200201,HEATHROW,SWITZERLAND,SION,SWISS AIRLINES,D,S, 4 , 0 , 25 , 0 , 25 , 50 , 0 , 0 , 61.5 , 0 , 4 , 75 , 28 
09-Jan-2004 09:46,200201,HEATHROW,SWITZERLAND,ZURICH,BRITISH AIRWAYS PLC,A,S, 176 , 0 , 60.2272727272727 , 17.6136363636364 , 10.7954545454545 , 10.7954545454545 , 0.568181818181818 , 0 , 23.1193181818182 , 0 , 174 , 72.4137931034483 , 15.0689655172414 
09-Jan-2004 09:46,200201,HEATHROW,SWITZERLAND,ZURICH,BRITISH AIRWAYS PLC,D,S, 177 , 0 , 77.4011299435028 , 13.5593220338983 , 6.21468926553672 , 1.69491525423729 , 1.12994350282486 , 0 , 11.1920903954802 , 0 , 174 , 78.735632183908 , 11.316091954023 
09-Jan-2004 09:46,200201,HEATHROW,SWITZERLAND,ZURICH,SWISS AIRLINES,A,S, 119 , 0 , 66.3865546218487 , 21.0084033613445 , 10.9243697478992 , 1.68067226890756 , 0 , 0 , 13.7731092436975 , 0 , 0 , 0 , 0 
09-Jan-2004 09:46,200201,HEATHROW,SWITZERLAND,ZURICH,SWISS AIRLINES,D,S, 117 , 0 , 78.6324786324786 , 10.2564102564103 , 8.54700854700855 , 2.56410256410256 , 0 , 0 , 11.1111111111111 , 0 , 0 , 0 , 0 
09-Jan-2004 09:46,200201,HEATHROW,SWITZERLAND,ZURICH,SWISSAIR,A,S, 98 , 0 , 75.5102040816327 , 7.14285714285714 , 10.2040816326531 , 6.12244897959184 , 1.02040816326531 , 0 , 17.5816326530612 , 0 , 217 , 35.0230414746544 , 30.36866359447 
09-Jan-2004 09:46,200201,HEATHROW,SWITZERLAND,ZURICH,SWISSAIR,D,S, 99 , 0 , 78.7878787878788 , 9.09090909090909 , 6.06060606060606 , 5.05050505050505 , 1.01010101010101 , 0 , 13.2929292929293 , 0 , 215 , 61.8604651162791 , 19.3813953488372 
09-Jan-2004 09:46,200201,HEATHROW,SYRIA,DAMASCUS,BRITISH MEDITERRANEAN AIRWAYS,A,S, 9 , 0 , 77.7777777777778 , 11.1111111111111 , 11.1111111111111 , 0 , 0 , 0 , 9.77777777777778 , 0 , 9 , 33.3333333333333 , 90.7777777777778 
09-Jan-2004 09:46,200201,HEATHROW,SYRIA,DAMASCUS,BRITISH MEDITERRANEAN AIRWAYS,D,S, 9 , 0 , 66.6666666666667 , 11.1111111111111 , 0 , 22.2222222222222 , 0 , 0 , 20.5555555555556 , 0 , 9 , 88.8888888888889 , 21.4444444444444 
09-Jan-2004 09:46,200201,HEATHROW,SYRIA,DAMASCUS,SYRIANAIR,A,S, 13 , 0 , 46.1538461538462 , 0 , 38.4615384615385 , 7.69230769230769 , 7.69230769230769 , 0 , 39.6923076923077 , 0 , 15 , 0 , 85.9333333333333 
09-Jan-2004 09:46,200201,HEATHROW,SYRIA,DAMASCUS,SYRIANAIR,D,S, 14 , 0 , 85.7142857142857 , 0 , 7.14285714285714 , 0 , 7.14285714285714 , 0 , 18.5 , 0 , 14 , 71.4285714285714 , 18.1428571428571 
09-Jan-2004 09:46,200201,HEATHROW,TANZANIA,DAR-ES-SALAAM,BRITISH AIRWAYS PLC,A,S, 14 , 0 , 85.7142857142857 , 0 , 0 , 14.2857142857143 , 0 , 0 , 14.7857142857143 , 0 , 0 , 0 , 0 
09-Jan-2004 09:46,200201,HEATHROW,TANZANIA,DAR-ES-SALAAM,BRITISH AIRWAYS PLC,D,S, 14 , 0 , 64.2857142857143 , 28.5714285714286 , 7.14285714285714 , 0 , 0 , 0 , 10.9285714285714 , 0 , 0 , 0 , 0 
09-Jan-2004 09:46,200201,HEATHROW,THAILAND,BANGKOK,BRITISH AIRWAYS PLC,A,S, 13 , 0 , 0 , 15.3846153846154 , 46.1538461538462 , 38.4615384615385 , 0 , 0 , 50.3076923076923 , 0 , 13 , 61.5384615384615 , 19.0769230769231 
09-Jan-2004 09:46,200201,HEATHROW,THAILAND,BANGKOK,BRITISH AIRWAYS PLC,D,S, 13 , 0 , 30.7692307692308 , 61.5384615384615 , 7.69230769230769 , 0 , 0 , 0 , 18.6153846153846 , 0 , 13 , 53.8461538461538 , 29.1538461538462 
09-Jan-2004 09:46,200201,HEATHROW,THAILAND,BANGKOK,THAI AIRWAYS INTERNATIONAL,A,S, 44 , 0 , 0 , 2.27272727272727 , 52.2727272727273 , 40.9090909090909 , 4.54545454545455 , 0 , 67.0454545454545 , 0 , 45 , 28.8888888888889 , 33.3555555555556 
09-Jan-2004 09:46,200201,HEATHROW,THAILAND,BANGKOK,THAI AIRWAYS INTERNATIONAL,D,S, 44 , 0 , 47.7272727272727 , 18.1818181818182 , 13.6363636363636 , 15.9090909090909 , 4.54545454545455 , 0 , 36.6363636363636 , 0 , 45 , 71.1111111111111 , 13.0666666666667 
09-Jan-2004 09:46,200201,HEATHROW,TRINIDAD AND TOBAGO,PORT OF SPAIN,BWIA,A,S, 32 , 0 , 37.5 , 25 , 28.125 , 9.375 , 0 , 0 , 26.34375 , 0 , 31 , 61.2903225806452 , 41.5806451612903 
09-Jan-2004 09:46,200201,HEATHROW,TRINIDAD AND TOBAGO,PORT OF SPAIN,BWIA,D,S, 32 , 0 , 25 , 46.875 , 9.375 , 18.75 , 0 , 0 , 31.0625 , 0 , 31 , 48.3870967741935 , 41.5483870967742 
09-Jan-2004 09:46,200201,HEATHROW,TUNISIA,TUNIS,TUNISAIR,A,S, 17 , 0 , 29.4117647058824 , 23.5294117647059 , 29.4117647058824 , 17.6470588235294 , 0 , 0 , 32.7647058823529 , 0 , 17 , 29.4117647058824 , 29.4705882352941 
09-Jan-2004 09:46,200201,HEATHROW,TUNISIA,TUNIS,TUNISAIR,D,S, 17 , 0 , 52.9411764705882 , 11.7647058823529 , 17.6470588235294 , 17.6470588235294 , 0 , 0 , 27.8235294117647 , 0 , 17 , 58.8235294117647 , 26.8235294117647 
09-Jan-2004 09:46,200201,HEATHROW,TURKEY,ANTALYA,KIBRIS TURKISH AIRLINES - KTHY,A,S, 0 , 1 , 0 , 0 , 0 , 0 , 0 , 0 , 0 , 0 , 0 , 0 , 0 
09-Jan-2004 09:46,200201,HEATHROW,TURKEY,ISTANBUL,BRITISH AIRWAYS PLC,A,S, 59 , 1 , 79.6610169491525 , 3.38983050847458 , 6.77966101694915 , 10.1694915254237 , 0 , 0 , 17.8983050847458 , 1 , 62 , 88.7096774193548 , 4.74193548387097 
09-Jan-2004 09:46,200201,HEATHROW,TURKEY,ISTANBUL,BRITISH AIRWAYS PLC,D,S, 60 , 0 , 73.3333333333333 , 15 , 6.66666666666667 , 5 , 0 , 0 , 13.0166666666667 , 0 , 62 , 77.4193548387097 , 11.5161290322581 
09-Jan-2004 09:46,200201,HEATHROW,TURKEY,ISTANBUL,THY TURK HAVA YOLLARI TURKISH,A,S, 79 , 0 , 22.7848101265823 , 15.1898734177215 , 35.4430379746835 , 17.7215189873418 , 6.32911392405063 , 2.53164556962025 , 66.6075949367089 , 0 , 93 , 41.9354838709677 , 26.505376344086 
09-Jan-2004 09:46,200201,HEATHROW,TURKEY,ISTANBUL,THY TURK HAVA YOLLARI TURKISH,D,S, 77 , 0 , 49.3506493506493 , 10.3896103896104 , 20.7792207792208 , 10.3896103896104 , 7.79220779220779 , 1.2987012987013 , 51.4285714285714 , 1 , 93 , 66.6666666666667 , 15.4301075268817 
09-Jan-2004 09:46,200201,HEATHROW,TURKEY,IZMIR (ADNAM MENDERES),KIBRIS TURKISH AIRLINES - KTHY,A,S, 1 , 0 , 0 , 0 , 100 , 0 , 0 , 0 , 36 , 0 , 0 , 0 , 0 
09-Jan-2004 09:46,200201,HEATHROW,TURKEY,IZMIR (ADNAM MENDERES),THY TURK HAVA YOLLARI TURKISH,A,S, 8 , 0 , 25 , 25 , 12.5 , 37.5 , 0 , 0 , 52.25 , 0 , 9 , 22.2222222222222 , 69.2222222222222 
09-Jan-2004 09:46,200201,HEATHROW,TURKEY,IZMIR (ADNAM MENDERES),THY TURK HAVA YOLLARI TURKISH,D,S, 8 , 0 , 25 , 25 , 12.5 , 37.5 , 0 , 0 , 48.875 , 0 , 9 , 11.1111111111111 , 78.4444444444444 
09-Jan-2004 09:46,200201,HEATHROW,TURKMENISTAN,ASHKHABAD,TURKMENISTAN AIRLINES,A,S, 9 , 0 , 11.1111111111111 , 11.1111111111111 , 33.3333333333333 , 11.1111111111111 , 11.1111111111111 , 22.2222222222222 , 254.888888888889 , 4 , 9 , 11.1111111111111 , 250.888888888889 
09-Jan-2004 09:46,200201,HEATHROW,TURKMENISTAN,ASHKHABAD,TURKMENISTAN AIRLINES,D,S, 9 , 0 , 55.5555555555556 , 0 , 0 , 22.2222222222222 , 0 , 22.2222222222222 , 230.111111111111 , 4 , 9 , 22.2222222222222 , 190.888888888889 
09-Jan-2004 09:46,200201,HEATHROW,TURKS AND CAICOS ISLANDS,PROVIDENCIALES,BRITISH AIRWAYS PLC,A,S, 3 , 0 , 100 , 0 , 0 , 0 , 0 , 0 , 7.66666666666667 , 0 , 0 , 0 , 0 
09-Jan-2004 09:46,200201,HEATHROW,TURKS AND CAICOS ISLANDS,PROVIDENCIALES,BRITISH AIRWAYS PLC,D,S, 4 , 0 , 100 , 0 , 0 , 0 , 0 , 0 , 6.75 , 0 , 0 , 0 , 0 
09-Jan-2004 09:46,200201,HEATHROW,UGANDA,ENTEBBE,BRITISH AIRWAYS PLC,A,S, 13 , 0 , 84.6153846153846 , 7.69230769230769 , 7.69230769230769 , 0 , 0 , 0 , 6.07692307692308 , 0 , 0 , 0 , 0 
09-Jan-2004 09:46,200201,HEATHROW,UGANDA,ENTEBBE,BRITISH AIRWAYS PLC,D,S, 14 , 0 , 42.8571428571429 , 28.5714285714286 , 21.4285714285714 , 7.14285714285714 , 0 , 0 , 20.5714285714286 , 0 , 0 , 0 , 0 
09-Jan-2004 09:46,200201,HEATHROW,UNITED ARAB EMIRATES,ABU DHABI INTERNATIONAL,GULF AIR,A,S, 39 , 1 , 69.2307692307692 , 10.2564102564103 , 15.3846153846154 , 5.12820512820513 , 0 , 0 , 16.7179487179487 , 1 , 24 , 58.3333333333333 , 39.0833333333333 
09-Jan-2004 09:46,200201,HEATHROW,UNITED ARAB EMIRATES,ABU DHABI INTERNATIONAL,GULF AIR,D,S, 43 , 0 , 79.0697674418605 , 11.6279069767442 , 4.65116279069767 , 0 , 2.32558139534884 , 2.32558139534884 , 27.3023255813953 , 0 , 6 , 16.6666666666667 , 85.6666666666667 
09-Jan-2004 09:46,200201,HEATHROW,UNITED ARAB EMIRATES,DUBAI,BIMAN BANGLADESH AIRLINES,A,S, 0 , 0 , 0 , 0 , 0 , 0 , 0 , 0 , 0 , 0 , 5 , 40 , 19.4 
09-Jan-2004 09:46,200201,HEATHROW,UNITED ARAB EMIRATES,DUBAI,BRITISH AIRWAYS PLC,A,S, 52 , 1 , 88.4615384615385 , 3.84615384615385 , 3.84615384615385 , 3.84615384615385 , 0 , 0 , 7.86538461538462 , 1 , 59 , 96.6101694915254 , 1.49152542372881 
09-Jan-2004 09:46,200201,HEATHROW,UNITED ARAB EMIRATES,DUBAI,BRITISH AIRWAYS PLC,D,S, 54 , 0 , 75.9259259259259 , 12.962962962963 , 5.55555555555556 , 5.55555555555556 , 0 , 0 , 14.5740740740741 , 0 , 61 , 73.7704918032787 , 13.2131147540984 
09-Jan-2004 09:46,200201,HEATHROW,UNITED ARAB EMIRATES,DUBAI,EMIRATES,A,S, 95 , 0 , 55.7894736842105 , 20 , 15.7894736842105 , 8.42105263157895 , 0 , 0 , 21.2842105263158 , 0 , 94 , 63.8297872340426 , 14.063829787234 
09-Jan-2004 09:46,200201,HEATHROW,UNITED ARAB EMIRATES,DUBAI,EMIRATES,D,S, 95 , 0 , 48.4210526315789 , 21.0526315789474 , 21.0526315789474 , 8.42105263157895 , 0 , 1.05263157894737 , 39.0736842105263 , 0 , 94 , 67.0212765957447 , 14.2659574468085 
09-Jan-2004 09:46,200201,HEATHROW,UNITED KINGDOM,ABERDEEN,BRITISH AIRWAYS PLC,A,S, 182 , 0 , 63.7362637362637 , 17.032967032967 , 10.989010989011 , 7.14285714285714 , 1.0989010989011 , 0 , 21.3791208791209 , 0 , 183 , 66.120218579235 , 17.4426229508197 
09-Jan-2004 09:46,200201,HEATHROW,UNITED KINGDOM,ABERDEEN,BRITISH AIRWAYS PLC,D,S, 182 , 0 , 81.3186813186813 , 9.34065934065934 , 4.94505494505495 , 3.84615384615385 , 0.54945054945055 , 0 , 11.7087912087912 , 0 , 183 , 82.5136612021858 , 8.66120218579235 
09-Jan-2004 09:46,200201,HEATHROW,UNITED KINGDOM,BELFAST CITY,BMI BRITISH MIDLAND,A,S, 209 , 0 , 73.6842105263158 , 9.09090909090909 , 9.56937799043062 , 5.74162679425837 , 1.91387559808612 , 0 , 17.3827751196172 , 2 , 0 , 0 , 0 
09-Jan-2004 09:46,200201,HEATHROW,UNITED KINGDOM,BELFAST CITY,BMI BRITISH MIDLAND,D,S, 211 , 0 , 79.6208530805687 , 10.9004739336493 , 5.68720379146919 , 3.7914691943128 , 0 , 0 , 10.4312796208531 , 0 , 0 , 0 , 0 
09-Jan-2004 09:46,200201,HEATHROW,UNITED KINGDOM,BELFAST INTERNATIONAL,BMI BRITISH MIDLAND,A,S, 119 , 0 , 79.8319327731092 , 6.72268907563025 , 6.72268907563025 , 5.88235294117647 , 0.840336134453782 , 0 , 12.5882352941176 , 3 , 239 , 78.6610878661088 , 11.9832635983264 
09-Jan-2004 09:46,200201,HEATHROW,UNITED KINGDOM,BELFAST INTERNATIONAL,BMI BRITISH MIDLAND,D,S, 120 , 0 , 88.3333333333333 , 5.83333333333333 , 3.33333333333333 , 2.5 , 0 , 0 , 6.99166666666667 , 1 , 239 , 84.5188284518828 , 7.99581589958159 
09-Jan-2004 09:46,200201,HEATHROW,UNITED KINGDOM,BELFAST INTERNATIONAL,BRITISH AIRWAYS PLC,A,S, 0 , 0 , 0 , 0 , 0 , 0 , 0 , 0 , 0 , 0 , 182 , 78.021978021978 , 11.6703296703297 
09-Jan-2004 09:46,200201,HEATHROW,UNITED KINGDOM,BELFAST INTERNATIONAL,BRITISH AIRWAYS PLC,D,S, 0 , 0 , 0 , 0 , 0 , 0 , 0 , 0 , 0 , 0 , 177 , 81.3559322033898 , 8.96045197740113 
09-Jan-2004 09:46,200201,HEATHROW,UNITED KINGDOM,EDINBURGH,BMI BRITISH MIDLAND,A,S, 282 , 0 , 74.822695035461 , 8.86524822695035 , 9.57446808510638 , 6.38297872340426 , 0.354609929078014 , 0 , 14.5283687943262 , 0 , 234 , 70.0854700854701 , 14.982905982906 
09-Jan-2004 09:46,200201,HEATHROW,UNITED KINGDOM,EDINBURGH,BMI BRITISH MIDLAND,D,S, 279 , 0 , 89.247311827957 , 4.6594982078853 , 5.01792114695341 , 1.0752688172043 , 0 , 0 , 6.51971326164875 , 3 , 235 , 81.7021276595745 , 9.60425531914894 
09-Jan-2004 09:46,200201,HEATHROW,UNITED KINGDOM,EDINBURGH,BRITISH AIRWAYS PLC,A,S, 308 , 0 , 70.4545454545455 , 11.038961038961 , 8.76623376623377 , 8.11688311688312 , 1.62337662337662 , 0 , 21.1818181818182 , 1 , 318 , 74.5283018867924 , 13.2924528301887 
09-Jan-2004 09:46,200201,HEATHROW,UNITED KINGDOM,EDINBURGH,BRITISH AIRWAYS PLC,D,S, 310 , 0 , 82.258064516129 , 7.74193548387097 , 3.87096774193548 , 5.16129032258065 , 0.967741935483871 , 0 , 14.441935483871 , 1 , 320 , 84.375 , 8.175 
09-Jan-2004 09:46,200201,HEATHROW,UNITED KINGDOM,GLASGOW,BMI BRITISH MIDLAND,A,S, 209 , 0 , 74.1626794258373 , 10.5263157894737 , 10.0478468899522 , 3.82775119617225 , 1.43540669856459 , 0 , 15.7129186602871 , 1 , 234 , 62.8205128205128 , 17.9145299145299 
09-Jan-2004 09:46,200201,HEATHROW,UNITED KINGDOM,GLASGOW,BMI BRITISH MIDLAND,D,S, 210 , 0 , 74.7619047619048 , 14.7619047619048 , 6.66666666666667 , 3.80952380952381 , 0 , 0 , 11.4619047619048 , 0 , 234 , 65.8119658119658 , 15.4487179487179 
09-Jan-2004 09:46,200201,HEATHROW,UNITED KINGDOM,GLASGOW,BRITISH AIRWAYS PLC,A,S, 307 , 0 , 70.0325732899023 , 13.3550488599349 , 8.79478827361563 , 6.51465798045603 , 0.977198697068404 , 0.325732899022801 , 20.6319218241042 , 2 , 316 , 71.2025316455696 , 15.2183544303797 
09-Jan-2004 09:46,200201,HEATHROW,UNITED KINGDOM,GLASGOW,BRITISH AIRWAYS PLC,D,S, 308 , 0 , 75 , 12.987012987013 , 4.87012987012987 , 5.51948051948052 , 1.62337662337662 , 0 , 15.7305194805195 , 0 , 318 , 81.1320754716981 , 9.26415094339623 
09-Jan-2004 09:46,200201,HEATHROW,UNITED KINGDOM,ISLE OF MAN,BA CITIEXPRESS (IOM) LTD,A,S, 83 , 0 , 79.5180722891566 , 9.63855421686747 , 8.43373493975904 , 2.40963855421687 , 0 , 0 , 11.4457831325301 , 0 , 83 , 77.1084337349398 , 11.8072289156627 
09-Jan-2004 09:46,200201,HEATHROW,UNITED KINGDOM,ISLE OF MAN,BA CITIEXPRESS (IOM) LTD,D,S, 82 , 0 , 79.2682926829268 , 10.9756097560976 , 6.09756097560976 , 3.65853658536585 , 0 , 0 , 10.5487804878049 , 1 , 83 , 83.1325301204819 , 9.60240963855422 
09-Jan-2004 09:46,200201,HEATHROW,UNITED KINGDOM,LEEDS BRADFORD,BMI BRITISH MIDLAND,A,S, 105 , 0 , 84.7619047619048 , 10.4761904761905 , 2.85714285714286 , 0 , 1.9047619047619 , 0 , 7.80952380952381 , 1 , 110 , 71.8181818181818 , 16.3818181818182 
09-Jan-2004 09:46,200201,HEATHROW,UNITED KINGDOM,LEEDS BRADFORD,BMI BRITISH MIDLAND,D,S, 105 , 0 , 87.6190476190476 , 9.52380952380952 , 1.9047619047619 , 0.952380952380952 , 0 , 0 , 4.96190476190476 , 1 , 110 , 70.9090909090909 , 14.5272727272727 
09-Jan-2004 09:46,200201,HEATHROW,UNITED KINGDOM,MANCHESTER,BMI BRITISH MIDLAND,A,S, 176 , 0 , 85.7954545454545 , 3.40909090909091 , 5.11363636363636 , 5.11363636363636 , 0.568181818181818 , 0 , 9.89204545454546 , 1 , 206 , 68.4466019417476 , 15.252427184466 
09-Jan-2004 09:46,200201,HEATHROW,UNITED KINGDOM,MANCHESTER,BMI BRITISH MIDLAND,D,S, 177 , 0 , 79.6610169491525 , 12.4293785310734 , 5.08474576271186 , 2.82485875706215 , 0 , 0 , 9.42372881355932 , 0 , 207 , 78.2608695652174 , 10.7149758454106 
09-Jan-2004 09:46,200201,HEATHROW,UNITED KINGDOM,MANCHESTER,BRITISH AIRWAYS PLC,A,S, 307 , 0 , 68.0781758957655 , 17.9153094462541 , 5.86319218241042 , 7.16612377850163 , 0.977198697068404 , 0 , 18.0521172638436 , 1 , 291 , 62.5429553264605 , 20.5051546391753 
09-Jan-2004 09:46,200201,HEATHROW,UNITED KINGDOM,MANCHESTER,BRITISH AIRWAYS PLC,D,S, 309 , 0 , 77.0226537216828 , 13.2686084142395 , 5.50161812297735 , 3.23624595469256 , 0.970873786407767 , 0 , 12.6569579288026 , 0 , 292 , 71.9178082191781 , 13.9143835616438 
09-Jan-2004 09:46,200201,HEATHROW,UNITED KINGDOM,NEWCASTLE,BRITISH AIRWAYS PLC,A,S, 176 , 1 , 70.4545454545455 , 10.7954545454545 , 12.5 , 4.54545454545455 , 1.70454545454545 , 0 , 18.75 , 0 , 165 , 67.2727272727273 , 14.4666666666667 
09-Jan-2004 09:46,200201,HEATHROW,UNITED KINGDOM,NEWCASTLE,BRITISH AIRWAYS PLC,D,S, 177 , 1 , 82.4858757062147 , 9.6045197740113 , 2.82485875706215 , 3.95480225988701 , 1.12994350282486 , 0 , 10.7627118644068 , 0 , 166 , 84.3373493975904 , 9.63855421686747 
09-Jan-2004 09:46,200201,HEATHROW,UNITED KINGDOM,NEWCASTLE,TITAN AIRWAYS LTD,A,C, 1 , 0 , 100 , 0 , 0 , 0 , 0 , 0 , 0 , 0 , 0 , 0 , 0 
09-Jan-2004 09:46,200201,HEATHROW,UNITED KINGDOM,NEWCASTLE,TITAN AIRWAYS LTD,D,C, 1 , 0 , 100 , 0 , 0 , 0 , 0 , 0 , 0 , 0 , 0 , 0 , 0 
09-Jan-2004 09:46,200201,HEATHROW,UNITED KINGDOM,TEESSIDE,BMI BRITISH MIDLAND,A,S, 88 , 0 , 71.5909090909091 , 10.2272727272727 , 9.09090909090909 , 6.81818181818182 , 1.13636363636364 , 1.13636363636364 , 30.3977272727273 , 0 , 91 , 76.9230769230769 , 17.021978021978 
09-Jan-2004 09:46,200201,HEATHROW,UNITED KINGDOM,TEESSIDE,BMI BRITISH MIDLAND,D,S, 89 , 0 , 82.0224719101124 , 5.61797752808989 , 12.3595505617978 , 0 , 0 , 0 , 8.40449438202247 , 0 , 92 , 72.8260869565217 , 17.6413043478261 
09-Jan-2004 09:46,200201,HEATHROW,USA,BALTIMORE,BRITISH AIRWAYS PLC,D,S, 31 , 0 , 48.3870967741935 , 35.4838709677419 , 6.45161290322581 , 9.67741935483871 , 0 , 0 , 22.3548387096774 , 0 , 0 , 0 , 0 
09-Jan-2004 09:46,200201,HEATHROW,USA,BOSTON,AMERICAN AIRLINES,A,S, 60 , 0 , 71.6666666666667 , 16.6666666666667 , 6.66666666666667 , 3.33333333333333 , 1.66666666666667 , 0 , 14.6333333333333 , 1 , 60 , 41.6666666666667 , 36.7833333333333 
09-Jan-2004 09:46,200201,HEATHROW,USA,BOSTON,AMERICAN AIRLINES,D,S, 60 , 0 , 81.6666666666667 , 10 , 6.66666666666667 , 0 , 1.66666666666667 , 0 , 12.4833333333333 , 1 , 59 , 77.9661016949153 , 11.6101694915254 
09-Jan-2004 09:46,200201,HEATHROW,USA,BOSTON,BRITISH AIRWAYS PLC,A,S, 62 , 0 , 96.7741935483871 , 0 , 3.2258064516129 , 0 , 0 , 0 , 2.35483870967742 , 0 , 91 , 84.6153846153846 , 9.32967032967033 
09-Jan-2004 09:46,200201,HEATHROW,USA,BOSTON,BRITISH AIRWAYS PLC,D,S, 62 , 0 , 59.6774193548387 , 30.6451612903226 , 6.45161290322581 , 3.2258064516129 , 0 , 0 , 16.4838709677419 , 0 , 91 , 67.032967032967 , 18.1868131868132 
09-Jan-2004 09:46,200201,HEATHROW,USA,BOSTON,PRIVATAIR SA,D,C, 0 , 1 , 0 , 0 , 0 , 0 , 0 , 0 , 0 , 0 , 0 , 0 , 0 
09-Jan-2004 09:46,200201,HEATHROW,USA,BOSTON,UNITED AIRLINES,A,S, 31 , 0 , 93.5483870967742 , 0 , 0 , 6.45161290322581 , 0 , 0 , 6.45161290322581 , 0 , 31 , 74.1935483870968 , 13.4193548387097 
09-Jan-2004 09:46,200201,HEATHROW,USA,BOSTON,UNITED AIRLINES,D,S, 31 , 0 , 80.6451612903226 , 19.3548387096774 , 0 , 0 , 0 , 0 , 7.58064516129032 , 0 , 31 , 93.5483870967742 , 3.80645161290323 
09-Jan-2004 09:46,200201,HEATHROW,USA,BOSTON,VIRGIN ATLANTIC AIRWAYS LTD,A,S, 30 , 0 , 93.3333333333333 , 0 , 6.66666666666667 , 0 , 0 , 0 , 3.5 , 0 , 0 , 0 , 0 
09-Jan-2004 09:46,200201,HEATHROW,USA,BOSTON,VIRGIN ATLANTIC AIRWAYS LTD,D,S, 31 , 0 , 54.8387096774194 , 29.0322580645161 , 16.1290322580645 , 0 , 0 , 0 , 15.741935483871 , 0 , 0 , 0 , 0 
09-Jan-2004 09:46,200201,HEATHROW,USA,CHARLOTTE,BRITISH AIRWAYS PLC,A,S, 31 , 0 , 80.6451612903226 , 6.45161290322581 , 9.67741935483871 , 3.2258064516129 , 0 , 0 , 11.7741935483871 , 0 , 0 , 0 , 0 
09-Jan-2004 09:46,200201,HEATHROW,USA,CHICAGO (O'HARE),AIR INDIA,A,S, 13 , 0 , 46.1538461538462 , 15.3846153846154 , 7.69230769230769 , 23.0769230769231 , 0 , 7.69230769230769 , 55.0769230769231 , 0 , 14 , 14.2857142857143 , 86 
09-Jan-2004 09:46,200201,HEATHROW,USA,CHICAGO (O'HARE),AIR INDIA,D,S, 13 , 0 , 7.69230769230769 , 0 , 23.0769230769231 , 53.8461538461538 , 0 , 15.3846153846154 , 142.153846153846 , 0 , 13 , 7.69230769230769 , 115.615384615385 
09-Jan-2004 09:46,200201,HEATHROW,USA,CHICAGO (O'HARE),AMERICAN AIRLINES,A,S, 90 , 0 , 85.5555555555556 , 7.77777777777778 , 2.22222222222222 , 3.33333333333333 , 1.11111111111111 , 0 , 8.9 , 0 , 93 , 37.6344086021505 , 32.8279569892473 
09-Jan-2004 09:46,200201,HEATHROW,USA,CHICAGO (O'HARE),AMERICAN AIRLINES,D,S, 90 , 0 , 74.4444444444444 , 18.8888888888889 , 3.33333333333333 , 3.33333333333333 , 0 , 0 , 11.8555555555556 , 0 , 93 , 84.9462365591398 , 9.39784946236559 
09-Jan-2004 09:46,200201,HEATHROW,USA,CHICAGO (O'HARE),BRITISH AIRWAYS PLC,A,S, 60 , 0 , 96.6666666666667 , 3.33333333333333 , 0 , 0 , 0 , 0 , 1.53333333333333 , 0 , 61 , 88.5245901639344 , 10.5573770491803 
09-Jan-2004 09:46,200201,HEATHROW,USA,CHICAGO (O'HARE),BRITISH AIRWAYS PLC,D,S, 60 , 0 , 66.6666666666667 , 26.6666666666667 , 5 , 1.66666666666667 , 0 , 0 , 13.05 , 1 , 61 , 70.4918032786885 , 25.3770491803279 
09-Jan-2004 09:46,200201,HEATHROW,USA,CHICAGO (O'HARE),UNITED AIRLINES,A,S, 92 , 1 , 69.5652173913043 , 10.8695652173913 , 11.9565217391304 , 6.52173913043478 , 1.08695652173913 , 0 , 17.1739130434783 , 0 , 91 , 45.0549450549451 , 28.7142857142857 
09-Jan-2004 09:46,200201,HEATHROW,USA,CHICAGO (O'HARE),UNITED AIRLINES,D,S, 92 , 1 , 79.3478260869565 , 11.9565217391304 , 7.60869565217391 , 1.08695652173913 , 0 , 0 , 9.46739130434783 , 0 , 88 , 85.2272727272727 , 6.72727272727273 
09-Jan-2004 09:46,200201,HEATHROW,USA,CHICAGO (O'HARE),VIRGIN ATLANTIC AIRWAYS LTD,A,S, 0 , 0 , 0 , 0 , 0 , 0 , 0 , 0 , 0 , 0 , 28 , 75 , 9.67857142857143 
09-Jan-2004 09:46,200201,HEATHROW,USA,CHICAGO (O'HARE),VIRGIN ATLANTIC AIRWAYS LTD,D,S, 0 , 0 , 0 , 0 , 0 , 0 , 0 , 0 , 0 , 0 , 29 , 82.7586206896552 , 13.6896551724138 
09-Jan-2004 09:46,200201,HEATHROW,USA,DETROIT,BRITISH AIRWAYS PLC,A,S, 30 , 0 , 96.6666666666667 , 3.33333333333333 , 0 , 0 , 0 , 0 , 1.96666666666667 , 0 , 30 , 86.6666666666667 , 6.1 
09-Jan-2004 09:46,200201,HEATHROW,USA,DETROIT,BRITISH AIRWAYS PLC,D,S, 30 , 0 , 76.6666666666667 , 16.6666666666667 , 6.66666666666667 , 0 , 0 , 0 , 8.7 , 0 , 30 , 76.6666666666667 , 11.7666666666667 
09-Jan-2004 09:46,200201,HEATHROW,USA,LOS ANGELES INTERNATIONAL,AMERICAN AIRLINES,A,S, 31 , 0 , 83.8709677419355 , 9.67741935483871 , 6.45161290322581 , 0 , 0 , 0 , 5.45161290322581 , 0 , 31 , 58.0645161290323 , 17.3225806451613 
09-Jan-2004 09:46,200201,HEATHROW,USA,LOS ANGELES INTERNATIONAL,AMERICAN AIRLINES,D,S, 31 , 0 , 77.4193548387097 , 12.9032258064516 , 9.67741935483871 , 0 , 0 , 0 , 12.8387096774194 , 0 , 31 , 64.5161290322581 , 15.9677419354839 
09-Jan-2004 09:46,200201,HEATHROW,USA,LOS ANGELES INTERNATIONAL,BRITISH AIRWAYS PLC,A,S, 62 , 0 , 61.2903225806452 , 17.741935483871 , 17.741935483871 , 3.2258064516129 , 0 , 0 , 13.8870967741935 , 0 , 62 , 59.6774193548387 , 16.6290322580645 
09-Jan-2004 09:46,200201,HEATHROW,USA,LOS ANGELES INTERNATIONAL,BRITISH AIRWAYS PLC,D,S, 62 , 0 , 51.6129032258064 , 24.1935483870968 , 22.5806451612903 , 1.61290322580645 , 0 , 0 , 21.0967741935484 , 0 , 62 , 64.5161290322581 , 21.2903225806452 
09-Jan-2004 09:46,200201,HEATHROW,USA,LOS ANGELES INTERNATIONAL,UNITED AIRLINES,A,S, 31 , 0 , 74.1935483870968 , 3.2258064516129 , 16.1290322580645 , 6.45161290322581 , 0 , 0 , 14.6129032258065 , 0 , 31 , 58.0645161290323 , 32.741935483871 
09-Jan-2004 09:46,200201,HEATHROW,USA,LOS ANGELES INTERNATIONAL,UNITED AIRLINES,D,S, 31 , 0 , 70.9677419354839 , 19.3548387096774 , 6.45161290322581 , 3.2258064516129 , 0 , 0 , 12.1290322580645 , 0 , 31 , 87.0967741935484 , 8.96774193548387 
09-Jan-2004 09:46,200201,HEATHROW,USA,LOS ANGELES INTERNATIONAL,VIRGIN ATLANTIC AIRWAYS LTD,A,S, 56 , 0 , 69.6428571428572 , 16.0714285714286 , 7.14285714285714 , 7.14285714285714 , 0 , 0 , 13.0535714285714 , 6 , 61 , 52.4590163934426 , 27.016393442623 
09-Jan-2004 09:46,200201,HEATHROW,USA,LOS ANGELES INTERNATIONAL,VIRGIN ATLANTIC AIRWAYS LTD,D,S, 55 , 0 , 60 , 23.6363636363636 , 10.9090909090909 , 5.45454545454545 , 0 , 0 , 19.8727272727273 , 7 , 61 , 68.8524590163934 , 20.5901639344262 
09-Jan-2004 09:46,200201,HEATHROW,USA,MIAMI INTERNATIONAL,AMERICAN AIRLINES,A,S, 31 , 0 , 80.6451612903226 , 9.67741935483871 , 6.45161290322581 , 3.2258064516129 , 0 , 0 , 8.61290322580645 , 0 , 31 , 74.1935483870968 , 13.3548387096774 
09-Jan-2004 09:46,200201,HEATHROW,USA,MIAMI INTERNATIONAL,AMERICAN AIRLINES,D,S, 31 , 0 , 67.741935483871 , 22.5806451612903 , 6.45161290322581 , 3.2258064516129 , 0 , 0 , 15.4838709677419 , 0 , 31 , 64.5161290322581 , 16.0645161290323 
09-Jan-2004 09:46,200201,HEATHROW,USA,MIAMI INTERNATIONAL,BRITISH AIRWAYS PLC,A,S, 62 , 0 , 90.3225806451613 , 4.83870967741935 , 1.61290322580645 , 3.2258064516129 , 0 , 0 , 5.58064516129032 , 0 , 31 , 74.1935483870968 , 14.9032258064516 
09-Jan-2004 09:46,200201,HEATHROW,USA,MIAMI INTERNATIONAL,BRITISH AIRWAYS PLC,D,S, 62 , 0 , 45.1612903225806 , 27.4193548387097 , 22.5806451612903 , 4.83870967741935 , 0 , 0 , 22.8225806451613 , 0 , 31 , 41.9354838709677 , 28.1935483870968 
09-Jan-2004 09:46,200201,HEATHROW,USA,NEW YORK (JF KENNEDY),AIR INDIA,A,S, 31 , 0 , 38.7096774193548 , 16.1290322580645 , 22.5806451612903 , 9.67741935483871 , 6.45161290322581 , 6.45161290322581 , 72.0967741935484 , 0 , 30 , 20 , 95.2 
09-Jan-2004 09:46,200201,HEATHROW,USA,NEW YORK (JF KENNEDY),AIR INDIA,D,S, 31 , 0 , 12.9032258064516 , 19.3548387096774 , 25.8064516129032 , 32.258064516129 , 0 , 9.67741935483871 , 95.0322580645161 , 0 , 30 , 10 , 112.8 
09-Jan-2004 09:46,200201,HEATHROW,USA,NEW YORK (JF KENNEDY),AMERICAN AIRLINES,A,S, 120 , 2 , 52.5 , 18.3333333333333 , 15.8333333333333 , 11.6666666666667 , 1.66666666666667 , 0 , 27.0583333333333 , 2 , 170 , 36.4705882352941 , 39.3470588235294 
09-Jan-2004 09:46,200201,HEATHROW,USA,NEW YORK (JF KENNEDY),AMERICAN AIRLINES,D,C, 1 , 0 , 100 , 0 , 0 , 0 , 0 , 0 , 5 , 0 , 0 , 0 , 0 
09-Jan-2004 09:46,200201,HEATHROW,USA,NEW YORK (JF KENNEDY),AMERICAN AIRLINES,D,S, 122 , 0 , 81.9672131147541 , 8.19672131147541 , 6.55737704918033 , 2.45901639344262 , 0.819672131147541 , 0 , 13.0655737704918 , 0 , 171 , 81.2865497076023 , 11.4970760233918 
09-Jan-2004 09:46,200201,HEATHROW,USA,NEW YORK (JF KENNEDY),BRITISH AIRWAYS PLC,A,S, 182 , 0 , 90.6593406593407 , 6.04395604395604 , 0 , 3.2967032967033 , 0 , 0 , 5.27472527472527 , 0 , 185 , 78.3783783783784 , 13.9351351351351 
09-Jan-2004 09:46,200201,HEATHROW,USA,NEW YORK (JF KENNEDY),BRITISH AIRWAYS PLC,D,S, 182 , 0 , 70.3296703296703 , 19.2307692307692 , 9.89010989010989 , 0.54945054945055 , 0 , 0 , 11.9395604395604 , 0 , 185 , 67.027027027027 , 18.5837837837838 
09-Jan-2004 09:46,200201,HEATHROW,USA,NEW YORK (JF KENNEDY),KUWAIT AIRWAYS,A,S, 13 , 0 , 84.6153846153846 , 7.69230769230769 , 0 , 7.69230769230769 , 0 , 0 , 6.46153846153846 , 0 , 13 , 61.5384615384615 , 117 
09-Jan-2004 09:46,200201,HEATHROW,USA,NEW YORK (JF KENNEDY),KUWAIT AIRWAYS,D,S, 14 , 0 , 21.4285714285714 , 28.5714285714286 , 42.8571428571429 , 7.14285714285714 , 0 , 0 , 32.3571428571429 , 0 , 13 , 46.1538461538462 , 26 
09-Jan-2004 09:46,200201,HEATHROW,USA,NEW YORK (JF KENNEDY),UNITED AIRLINES,A,S, 61 , 0 , 90.1639344262295 , 4.91803278688525 , 1.63934426229508 , 3.27868852459016 , 0 , 0 , 6.0327868852459 , 0 , 92 , 69.5652173913043 , 13.9347826086957 
09-Jan-2004 09:46,200201,HEATHROW,USA,NEW YORK (JF KENNEDY),UNITED AIRLINES,D,S, 61 , 0 , 85.2459016393443 , 8.19672131147541 , 1.63934426229508 , 1.63934426229508 , 3.27868852459016 , 0 , 13.7704918032787 , 0 , 91 , 87.9120879120879 , 11.2527472527473 
09-Jan-2004 09:46,200201,HEATHROW,USA,NEW YORK (JF KENNEDY),VIRGIN ATLANTIC AIRWAYS LTD,A,S, 61 , 0 , 65.5737704918033 , 9.83606557377049 , 11.4754098360656 , 11.4754098360656 , 1.63934426229508 , 0 , 21.3934426229508 , 0 , 91 , 53.8461538461539 , 30.8241758241758 
09-Jan-2004 09:46,200201,HEATHROW,USA,NEW YORK (JF KENNEDY),VIRGIN ATLANTIC AIRWAYS LTD,D,S, 62 , 0 , 69.3548387096774 , 17.741935483871 , 6.45161290322581 , 6.45161290322581 , 0 , 0 , 15.4838709677419 , 0 , 93 , 63.4408602150538 , 18.4838709677419 
09-Jan-2004 09:46,200201,HEATHROW,USA,NEW YORK (NEWARK),AMERICAN AIRLINES,A,S, 31 , 0 , 58.0645161290323 , 22.5806451612903 , 9.67741935483871 , 9.67741935483871 , 0 , 0 , 17.9032258064516 , 0 , 29 , 58.6206896551724 , 26.7241379310345 
09-Jan-2004 09:46,200201,HEATHROW,USA,NEW YORK (NEWARK),AMERICAN AIRLINES,D,S, 31 , 0 , 74.1935483870968 , 12.9032258064516 , 12.9032258064516 , 0 , 0 , 0 , 10.3548387096774 , 0 , 28 , 78.5714285714286 , 11.25 
09-Jan-2004 09:46,200201,HEATHROW,USA,NEW YORK (NEWARK),BRITISH AIRWAYS PLC,A,S, 62 , 0 , 90.3225806451613 , 6.45161290322581 , 1.61290322580645 , 0 , 1.61290322580645 , 0 , 9.43548387096774 , 0 , 61 , 81.9672131147541 , 9.67213114754098 
09-Jan-2004 09:46,200201,HEATHROW,USA,NEW YORK (NEWARK),BRITISH AIRWAYS PLC,D,S, 62 , 0 , 80.6451612903226 , 11.2903225806452 , 8.06451612903226 , 0 , 0 , 0 , 8.95161290322581 , 0 , 61 , 88.5245901639344 , 9.26229508196721 
09-Jan-2004 09:46,200201,HEATHROW,USA,NEW YORK (NEWARK),UNITED AIRLINES,A,S, 31 , 0 , 80.6451612903226 , 3.2258064516129 , 9.67741935483871 , 6.45161290322581 , 0 , 0 , 13.8387096774194 , 0 , 31 , 61.2903225806452 , 22.0967741935484 
09-Jan-2004 09:46,200201,HEATHROW,USA,NEW YORK (NEWARK),UNITED AIRLINES,D,S, 31 , 0 , 93.5483870967742 , 3.2258064516129 , 0 , 0 , 0 , 3.2258064516129 , 14.5483870967742 , 0 , 31 , 83.8709677419355 , 8.96774193548387 
09-Jan-2004 09:46,200201,HEATHROW,USA,NEW YORK (NEWARK),VIRGIN ATLANTIC AIRWAYS LTD,A,S, 50 , 0 , 50 , 26 , 16 , 6 , 2 , 0 , 24.54 , 1 , 31 , 45.1612903225806 , 22.8387096774194 
09-Jan-2004 09:46,200201,HEATHROW,USA,NEW YORK (NEWARK),VIRGIN ATLANTIC AIRWAYS LTD,D,S, 52 , 0 , 51.9230769230769 , 26.9230769230769 , 9.61538461538462 , 9.61538461538462 , 1.92307692307692 , 0 , 27.1538461538462 , 0 , 31 , 67.741935483871 , 13.2258064516129 
09-Jan-2004 09:46,200201,HEATHROW,USA,PHILADELPHIA INTERNATIONAL,BRITISH AIRWAYS PLC,A,S, 59 , 0 , 84.7457627118644 , 3.38983050847458 , 5.08474576271186 , 6.77966101694915 , 0 , 0 , 9.57627118644068 , 1 , 61 , 88.5245901639344 , 6.11475409836066 
09-Jan-2004 09:46,200201,HEATHROW,USA,PHILADELPHIA INTERNATIONAL,BRITISH AIRWAYS PLC,D,S, 60 , 0 , 70 , 20 , 6.66666666666667 , 3.33333333333333 , 0 , 0 , 14.7833333333333 , 1 , 61 , 73.7704918032787 , 13.9016393442623 
09-Jan-2004 09:46,200201,HEATHROW,USA,SAN FRANCISCO,BRITISH AIRWAYS PLC,A,S, 61 , 0 , 65.5737704918033 , 18.0327868852459 , 13.1147540983607 , 3.27868852459016 , 0 , 0 , 13.5081967213115 , 0 , 53 , 66.0377358490566 , 48.5283018867925 
09-Jan-2004 09:46,200201,HEATHROW,USA,SAN FRANCISCO,BRITISH AIRWAYS PLC,D,S, 62 , 0 , 75.8064516129032 , 8.06451612903226 , 12.9032258064516 , 3.2258064516129 , 0 , 0 , 15.0967741935484 , 0 , 52 , 76.9230769230769 , 13.1153846153846 
09-Jan-2004 09:46,200201,HEATHROW,USA,SAN FRANCISCO,UNITED AIRLINES,A,S, 61 , 0 , 70.4918032786885 , 18.0327868852459 , 6.55737704918033 , 4.91803278688525 , 0 , 0 , 13 , 0 , 61 , 47.5409836065574 , 27.2295081967213 
09-Jan-2004 09:46,200201,HEATHROW,USA,SAN FRANCISCO,UNITED AIRLINES,D,S, 61 , 0 , 83.6065573770492 , 11.4754098360656 , 3.27868852459016 , 1.63934426229508 , 0 , 0 , 7.68852459016393 , 0 , 62 , 80.6451612903226 , 12.7258064516129 
09-Jan-2004 09:46,200201,HEATHROW,USA,SAN FRANCISCO,VIRGIN ATLANTIC AIRWAYS LTD,A,S, 31 , 0 , 58.0645161290323 , 25.8064516129032 , 9.67741935483871 , 6.45161290322581 , 0 , 0 , 19.4516129032258 , 0 , 31 , 12.9032258064516 , 47.3870967741936 
09-Jan-2004 09:46,200201,HEATHROW,USA,SAN FRANCISCO,VIRGIN ATLANTIC AIRWAYS LTD,D,S, 31 , 0 , 67.741935483871 , 19.3548387096774 , 9.67741935483871 , 3.2258064516129 , 0 , 0 , 17.1290322580645 , 0 , 31 , 58.0645161290323 , 17.4193548387097 
09-Jan-2004 09:46,200201,HEATHROW,USA,SEATTLE (TACOMA),BRITISH AIRWAYS PLC,A,S, 30 , 0 , 93.3333333333333 , 3.33333333333333 , 3.33333333333333 , 0 , 0 , 0 , 2.46666666666667 , 0 , 30 , 73.3333333333333 , 40.6666666666667 
09-Jan-2004 09:46,200201,HEATHROW,USA,SEATTLE (TACOMA),BRITISH AIRWAYS PLC,D,S, 31 , 0 , 70.9677419354839 , 19.3548387096774 , 6.45161290322581 , 3.2258064516129 , 0 , 0 , 12.8387096774194 , 0 , 31 , 58.0645161290323 , 45.8709677419355 
09-Jan-2004 09:46,200201,HEATHROW,USA,TETERBORO,JET CONNECTION BUSINESSFLIGHT,A,C, 0 , 1 , 0 , 0 , 0 , 0 , 0 , 0 , 0 , 0 , 0 , 0 , 0 
09-Jan-2004 09:46,200201,HEATHROW,USA,WASHINGTON (DULLES),BRITISH AIRWAYS PLC,A,S, 62 , 0 , 98.3870967741935 , 1.61290322580645 , 0 , 0 , 0 , 0 , 1.67741935483871 , 1 , 62 , 91.9354838709677 , 10.6129032258065 
09-Jan-2004 09:46,200201,HEATHROW,USA,WASHINGTON (DULLES),BRITISH AIRWAYS PLC,D,S, 62 , 0 , 67.741935483871 , 24.1935483870968 , 4.83870967741935 , 3.2258064516129 , 0 , 0 , 13.5967741935484 , 0 , 62 , 67.741935483871 , 15.6774193548387 
09-Jan-2004 09:46,200201,HEATHROW,USA,WASHINGTON (DULLES),PRIVATAIR SA,D,C, 0 , 1 , 0 , 0 , 0 , 0 , 0 , 0 , 0 , 0 , 0 , 0 , 0 
09-Jan-2004 09:46,200201,HEATHROW,USA,WASHINGTON (DULLES),UNITED AIRLINES,A,S, 62 , 0 , 67.741935483871 , 19.3548387096774 , 8.06451612903226 , 4.83870967741935 , 0 , 0 , 17.3548387096774 , 0 , 62 , 56.4516129032258 , 23 
09-Jan-2004 09:46,200201,HEATHROW,USA,WASHINGTON (DULLES),UNITED AIRLINES,D,S, 62 , 0 , 75.8064516129032 , 20.9677419354839 , 1.61290322580645 , 1.61290322580645 , 0 , 0 , 8.85483870967742 , 0 , 61 , 81.9672131147541 , 28.8688524590164 
09-Jan-2004 09:46,200201,HEATHROW,USA,WASHINGTON (DULLES),VIRGIN ATLANTIC AIRWAYS LTD,A,S, 30 , 0 , 76.6666666666667 , 16.6666666666667 , 6.66666666666667 , 0 , 0 , 0 , 9 , 3 , 30 , 83.3333333333333 , 8.13333333333333 
09-Jan-2004 09:46,200201,HEATHROW,USA,WASHINGTON (DULLES),VIRGIN ATLANTIC AIRWAYS LTD,D,S, 31 , 0 , 87.0967741935484 , 9.67741935483871 , 0 , 3.2258064516129 , 0 , 0 , 11.5806451612903 , 4 , 31 , 61.2903225806452 , 17.9032258064516 
09-Jan-2004 09:46,200201,HEATHROW,UZBEKISTAN,TASHKENT,UZBEKISTAN AIRLINES,A,S, 16 , 0 , 31.25 , 18.75 , 18.75 , 12.5 , 12.5 , 6.25 , 86.8125 , 8 , 16 , 56.25 , 73.625 
09-Jan-2004 09:46,200201,HEATHROW,UZBEKISTAN,TASHKENT,UZBEKISTAN AIRLINES,D,S, 16 , 0 , 50 , 18.75 , 0 , 18.75 , 6.25 , 6.25 , 73.875 , 8 , 16 , 50 , 71.125 
09-Jan-2004 09:46,200201,LONDON CITY,AUSTRIA,SALZBURG,VLM (BELGIUM),A,C, 0 , 1 , 0 , 0 , 0 , 0 , 0 , 0 , 0 , 0 , 0 , 0 , 0 
09-Jan-2004 09:46,200201,LONDON CITY,BELGIUM,ANTWERP,VLM (BELGIUM),A,S, 115 , 0 , 76.5217391304348 , 11.304347826087 , 8.69565217391304 , 3.47826086956522 , 0 , 0 , 12.7739130434783 , 3 , 99 , 76.7676767676768 , 67.2626262626263 
09-Jan-2004 09:46,200201,LONDON CITY,BELGIUM,ANTWERP,VLM (BELGIUM),D,S, 116 , 0 , 72.4137931034483 , 12.0689655172414 , 11.2068965517241 , 4.31034482758621 , 0 , 0 , 12.5775862068966 , 2 , 116 , 87.0689655172414 , 6.49137931034483 
09-Jan-2004 09:46,200201,LONDON CITY,BELGIUM,BRUSSELS,SABENA,A,S, 0 , 0 , 0 , 0 , 0 , 0 , 0 , 0 , 0 , 0 , 109 , 51.3761467889908 , 17.3394495412844 
09-Jan-2004 09:46,200201,LONDON CITY,BELGIUM,BRUSSELS,SABENA,D,S, 0 , 0 , 0 , 0 , 0 , 0 , 0 , 0 , 0 , 0 , 110 , 64.5454545454545 , 14.5363636363636 
09-Jan-2004 09:46,200201,LONDON CITY,BELGIUM,BRUSSELS,VLM (BELGIUM),A,S, 84 , 0 , 63.0952380952381 , 14.2857142857143 , 13.0952380952381 , 9.52380952380952 , 0 , 0 , 20.2142857142857 , 7 , 0 , 0 , 0 
09-Jan-2004 09:46,200201,LONDON CITY,BELGIUM,BRUSSELS,VLM (BELGIUM),D,S, 84 , 0 , 67.8571428571429 , 13.0952380952381 , 9.52380952380952 , 9.52380952380952 , 0 , 0 , 17.6904761904762 , 7 , 0 , 0 , 0 
09-Jan-2004 09:46,200201,LONDON CITY,FRANCE,CLERMONT FERRAND,REGIONAL COMPAGNIE AERIENNE EUROPEENNE,A,S, 47 , 0 , 70.2127659574468 , 10.6382978723404 , 17.0212765957447 , 2.12765957446809 , 0 , 0 , 14.6170212765957 , 0 , 43 , 51.1627906976744 , 20.6279069767442 
09-Jan-2004 09:46,200201,LONDON CITY,FRANCE,CLERMONT FERRAND,REGIONAL COMPAGNIE AERIENNE EUROPEENNE,D,S, 47 , 0 , 63.8297872340426 , 10.6382978723404 , 23.4042553191489 , 2.12765957446809 , 0 , 0 , 16.1702127659574 , 0 , 41 , 48.780487804878 , 21.8780487804878 
09-Jan-2004 09:46,200201,LONDON CITY,FRANCE,PARIS (CHARLES DE GAULLE),AIR FRANCE,A,S, 0 , 0 , 0 , 0 , 0 , 0 , 0 , 0 , 0 , 0 , 117 , 63.2478632478632 , 22.4786324786325 
09-Jan-2004 09:46,200201,LONDON CITY,FRANCE,PARIS (CHARLES DE GAULLE),AIR FRANCE,D,S, 0 , 0 , 0 , 0 , 0 , 0 , 0 , 0 , 0 , 0 , 117 , 50.4273504273504 , 29 
09-Jan-2004 09:46,200201,LONDON CITY,FRANCE,PARIS (CHARLES DE GAULLE),CITY JET,A,S, 115 , 0 , 67.8260869565217 , 18.2608695652174 , 8.69565217391304 , 5.21739130434783 , 0 , 0 , 14.1130434782609 , 0 , 0 , 0 , 0 
09-Jan-2004 09:46,200201,LONDON CITY,FRANCE,PARIS (CHARLES DE GAULLE),CITY JET,D,S, 114 , 0 , 48.2456140350877 , 29.8245614035088 , 12.280701754386 , 9.64912280701754 , 0 , 0 , 24.0175438596491 , 0 , 0 , 0 , 0 
09-Jan-2004 09:46,200201,LONDON CITY,FRANCE,PARIS (LE BOURGET),AIR GEFCO,A,C, 0 , 1 , 0 , 0 , 0 , 0 , 0 , 0 , 0 , 0 , 0 , 0 , 0 
09-Jan-2004 09:46,200201,LONDON CITY,FRANCE,PARIS (LE BOURGET),AIR GEFCO,D,C, 0 , 1 , 0 , 0 , 0 , 0 , 0 , 0 , 0 , 0 , 0 , 0 , 0 
09-Jan-2004 09:46,200201,LONDON CITY,FRANCE,PARIS (LE BOURGET),DASSAULT FALCON SERVICE,A,C, 0 , 1 , 0 , 0 , 0 , 0 , 0 , 0 , 0 , 0 , 0 , 0 , 0 
09-Jan-2004 09:46,200201,LONDON CITY,FRANCE,PARIS (LE BOURGET),DASSAULT FALCON SERVICE,D,C, 0 , 1 , 0 , 0 , 0 , 0 , 0 , 0 , 0 , 0 , 0 , 0 , 0 
09-Jan-2004 09:46,200201,LONDON CITY,FRANCE,RENNES,BRIT AIR,A,S, 49 , 0 , 79.5918367346939 , 12.2448979591837 , 8.16326530612245 , 0 , 0 , 0 , 8.89795918367347 , 0 , 49 , 87.7551020408163 , 6.75510204081633 
09-Jan-2004 09:46,200201,LONDON CITY,FRANCE,RENNES,BRIT AIR,D,S, 49 , 0 , 81.6326530612245 , 10.2040816326531 , 8.16326530612245 , 0 , 0 , 0 , 8.91836734693878 , 0 , 49 , 89.7959183673469 , 6.3265306122449 
09-Jan-2004 09:46,200201,LONDON CITY,GERMANY,DORTMUND,EUROWINGS LUFTVERKEHRS,A,S, 44 , 0 , 86.3636363636364 , 9.09090909090909 , 2.27272727272727 , 2.27272727272727 , 0 , 0 , 6.65909090909091 , 9 , 0 , 0 , 0 
09-Jan-2004 09:46,200201,LONDON CITY,GERMANY,DORTMUND,EUROWINGS LUFTVERKEHRS,D,S, 44 , 0 , 77.2727272727273 , 13.6363636363636 , 6.81818181818182 , 2.27272727272727 , 0 , 0 , 10.9545454545455 , 9 , 0 , 0 , 0 
09-Jan-2004 09:46,200201,LONDON CITY,GERMANY,FRANKFURT MAIN,AUGSBURG AIRWAYS GMBH,A,S, 22 , 0 , 77.2727272727273 , 13.6363636363636 , 9.09090909090909 , 0 , 0 , 0 , 6.81818181818182 , 0 , 21 , 71.4285714285714 , 12.2857142857143 
09-Jan-2004 09:46,200201,LONDON CITY,GERMANY,FRANKFURT MAIN,AUGSBURG AIRWAYS GMBH,D,S, 22 , 0 , 77.2727272727273 , 18.1818181818182 , 4.54545454545455 , 0 , 0 , 0 , 8.81818181818182 , 0 , 21 , 76.1904761904762 , 12.7142857142857 
09-Jan-2004 09:46,200201,LONDON CITY,GERMANY,FRANKFURT MAIN,LUFTHANSA CITY LINE,A,S, 38 , 0 , 60.5263157894737 , 10.5263157894737 , 15.7894736842105 , 13.1578947368421 , 0 , 0 , 21.8684210526316 , 0 , 47 , 89.3617021276596 , 7.31914893617021 
09-Jan-2004 09:46,200201,LONDON CITY,GERMANY,FRANKFURT MAIN,LUFTHANSA CITY LINE,D,S, 38 , 0 , 31.5789473684211 , 26.3157894736842 , 26.3157894736842 , 15.7894736842105 , 0 , 0 , 34.3421052631579 , 0 , 46 , 45.6521739130435 , 20.4565217391304 
09-Jan-2004 09:46,200201,LONDON CITY,GERMANY,HAMBURG,AUGSBURG AIRWAYS GMBH,A,S, 71 , 0 , 73.2394366197183 , 8.45070422535211 , 12.6760563380282 , 5.63380281690141 , 0 , 0 , 14.3098591549296 , 0 , 0 , 0 , 0 
09-Jan-2004 09:46,200201,LONDON CITY,GERMANY,HAMBURG,AUGSBURG AIRWAYS GMBH,D,S, 71 , 0 , 73.2394366197183 , 8.45070422535211 , 12.6760563380282 , 5.63380281690141 , 0 , 0 , 13.943661971831 , 0 , 0 , 0 , 0 
09-Jan-2004 09:46,200201,LONDON CITY,GERMANY,MOENCHENGLADBACH,VLM (BELGIUM),A,S, 79 , 0 , 77.2151898734177 , 10.126582278481 , 6.32911392405063 , 6.32911392405063 , 0 , 0 , 13.7594936708861 , 7 , 97 , 78.3505154639175 , 8.48453608247423 
09-Jan-2004 09:46,200201,LONDON CITY,GERMANY,MOENCHENGLADBACH,VLM (BELGIUM),D,S, 79 , 0 , 81.0126582278481 , 5.06329113924051 , 5.06329113924051 , 7.59493670886076 , 1.26582278481013 , 0 , 15.5822784810127 , 7 , 98 , 88.7755102040816 , 5.88775510204082 
09-Jan-2004 09:46,200201,LONDON CITY,GERMANY,MUNICH,AUGSBURG AIRWAYS GMBH,A,S, 50 , 0 , 56 , 24 , 14 , 6 , 0 , 0 , 19.82 , 0 , 0 , 0 , 0 
09-Jan-2004 09:46,200201,LONDON CITY,GERMANY,MUNICH,AUGSBURG AIRWAYS GMBH,D,S, 50 , 0 , 48 , 16 , 26 , 10 , 0 , 0 , 27.4 , 0 , 0 , 0 , 0 
09-Jan-2004 09:46,200201,LONDON CITY,GERMANY,MUNSTER-OSNABRUCK,AUGSBURG AIRWAYS GMBH,D,S, 0 , 0 , 0 , 0 , 0 , 0 , 0 , 0 , 0 , 0 , 22 , 100 , 0.545454545454545 
09-Jan-2004 09:46,200201,LONDON CITY,GERMANY,NUREMBERG,AUGSBURG AIRWAYS GMBH,A,S, 0 , 0 , 0 , 0 , 0 , 0 , 0 , 0 , 0 , 0 , 18 , 94.4444444444444 , 1.33333333333333 
09-Jan-2004 09:46,200201,LONDON CITY,GERMANY,NUREMBERG,AUGSBURG AIRWAYS GMBH,D,S, 0 , 0 , 0 , 0 , 0 , 0 , 0 , 0 , 0 , 0 , 18 , 100 , 0.555555555555556 
09-Jan-2004 09:46,200201,LONDON CITY,GERMANY,PADERBORN,EUROWINGS LUFTVERKEHRS,A,S, 4 , 0 , 75 , 0 , 25 , 0 , 0 , 0 , 9.75 , 0 , 0 , 0 , 0 
09-Jan-2004 09:46,200201,LONDON CITY,GERMANY,PADERBORN,EUROWINGS LUFTVERKEHRS,D,S, 4 , 0 , 50 , 25 , 25 , 0 , 0 , 0 , 18.5 , 0 , 0 , 0 , 0 
09-Jan-2004 09:46,200201,LONDON CITY,IRISH REPUBLIC,DUBLIN,AER LINGUS,A,S, 125 , 0 , 88 , 5.6 , 5.6 , 0.8 , 0 , 0 , 5.664 , 1 , 101 , 91.0891089108911 , 7.73267326732673 
09-Jan-2004 09:46,200201,LONDON CITY,IRISH REPUBLIC,DUBLIN,AER LINGUS,D,S, 124 , 0 , 79.8387096774193 , 10.4838709677419 , 8.06451612903226 , 1.61290322580645 , 0 , 0 , 12.4193548387097 , 2 , 101 , 73.2673267326733 , 14.5544554455446 
09-Jan-2004 09:46,200201,LONDON CITY,IRISH REPUBLIC,DUBLIN,FLYBE.BRITISH EUROPEAN,A,S, 0 , 0 , 0 , 0 , 0 , 0 , 0 , 0 , 0 , 0 , 13 , 84.6153846153846 , 9.61538461538462 
09-Jan-2004 09:46,200201,LONDON CITY,IRISH REPUBLIC,DUBLIN,FLYBE.BRITISH EUROPEAN,D,S, 0 , 0 , 0 , 0 , 0 , 0 , 0 , 0 , 0 , 0 , 14 , 57.1428571428571 , 15.8571428571429 
09-Jan-2004 09:46,200201,LONDON CITY,LUXEMBOURG,LUXEMBOURG,VLM (BELGIUM),A,S, 72 , 0 , 72.2222222222222 , 6.94444444444444 , 12.5 , 8.33333333333333 , 0 , 0 , 17.7777777777778 , 1 , 70 , 57.1428571428571 , 19.7857142857143 
09-Jan-2004 09:46,200201,LONDON CITY,LUXEMBOURG,LUXEMBOURG,VLM (BELGIUM),D,S, 72 , 0 , 83.3333333333333 , 2.77777777777778 , 9.72222222222222 , 4.16666666666667 , 0 , 0 , 12.1666666666667 , 1 , 71 , 78.8732394366197 , 12.6478873239437 
09-Jan-2004 09:46,200201,LONDON CITY,NETHERLANDS,AMSTERDAM,KLM UK LTD,A,S, 96 , 0 , 63.5416666666667 , 11.4583333333333 , 12.5 , 10.4166666666667 , 1.04166666666667 , 1.04166666666667 , 26.3645833333333 , 14 , 107 , 84.1121495327103 , 9.58878504672897 
09-Jan-2004 09:46,200201,LONDON CITY,NETHERLANDS,AMSTERDAM,KLM UK LTD,D,S, 95 , 0 , 56.8421052631579 , 10.5263157894737 , 15.7894736842105 , 12.6315789473684 , 3.15789473684211 , 1.05263157894737 , 34.8 , 15 , 107 , 65.4205607476636 , 21.981308411215 
09-Jan-2004 09:46,200201,LONDON CITY,NETHERLANDS,ROTTERDAM,VLM (BELGIUM),A,S, 127 , 0 , 78.740157480315 , 6.2992125984252 , 11.8110236220472 , 3.1496062992126 , 0 , 0 , 11.0944881889764 , 19 , 120 , 90 , 5.2 
09-Jan-2004 09:46,200201,LONDON CITY,NETHERLANDS,ROTTERDAM,VLM (BELGIUM),D,S, 127 , 0 , 79.5275590551181 , 7.08661417322835 , 8.66141732283465 , 4.7244094488189 , 0 , 0 , 10.9763779527559 , 19 , 119 , 88.2352941176471 , 4.7563025210084 
09-Jan-2004 09:46,200201,LONDON CITY,SWITZERLAND,BASLE MULHOUSE,SWISS AIRLINES,A,S, 74 , 0 , 79.7297297297297 , 12.1621621621622 , 8.10810810810811 , 0 , 0 , 0 , 8.13513513513514 , 0 , 77 , 83.1168831168831 , 7.93506493506494 
09-Jan-2004 09:46,200201,LONDON CITY,SWITZERLAND,BASLE MULHOUSE,SWISS AIRLINES,D,S, 74 , 0 , 70.2702702702703 , 25.6756756756757 , 4.05405405405405 , 0 , 0 , 0 , 11.527027027027 , 0 , 77 , 44.1558441558442 , 17.7402597402597 
09-Jan-2004 09:46,200201,LONDON CITY,SWITZERLAND,BERNE,AIR ENGIADINA,A,S, 29 , 0 , 75.8620689655172 , 17.2413793103448 , 6.89655172413793 , 0 , 0 , 0 , 9.3448275862069 , 1 , 57 , 75.4385964912281 , 9.6140350877193 
09-Jan-2004 09:46,200201,LONDON CITY,SWITZERLAND,BERNE,AIR ENGIADINA,D,S, 29 , 0 , 68.9655172413793 , 24.1379310344828 , 3.44827586206897 , 3.44827586206897 , 0 , 0 , 11.5172413793103 , 1 , 57 , 52.6315789473684 , 18.0175438596491 
09-Jan-2004 09:46,200201,LONDON CITY,SWITZERLAND,GENEVA,SWISS AIRLINES,A,S, 101 , 0 , 70.2970297029703 , 14.8514851485149 , 12.8712871287129 , 1.98019801980198 , 0 , 0 , 11.9306930693069 , 0 , 79 , 88.6075949367089 , 5.26582278481013 
09-Jan-2004 09:46,200201,LONDON CITY,SWITZERLAND,GENEVA,SWISS AIRLINES,D,S, 101 , 0 , 55.4455445544554 , 23.7623762376238 , 16.8316831683168 , 3.96039603960396 , 0 , 0 , 18.6732673267327 , 0 , 79 , 73.4177215189873 , 11.5316455696203 
09-Jan-2004 09:46,200201,LONDON CITY,SWITZERLAND,ZURICH,SWISS AIRLINES,A,S, 161 , 0 , 75.7763975155279 , 15.527950310559 , 7.45341614906832 , 1.24223602484472 , 0 , 0 , 10.3478260869565 , 0 , 161 , 60.8695652173913 , 14.8695652173913 
09-Jan-2004 09:46,200201,LONDON CITY,SWITZERLAND,ZURICH,SWISS AIRLINES,D,S, 157 , 0 , 56.0509554140127 , 21.0191082802548 , 18.4713375796178 , 4.45859872611465 , 0 , 0 , 18.5732484076433 , 0 , 160 , 47.5 , 23.59375 
09-Jan-2004 09:46,200201,LONDON CITY,UNITED KINGDOM,ABERDEEN,FLYBE.BRITISH EUROPEAN,A,S, 0 , 0 , 0 , 0 , 0 , 0 , 0 , 0 , 0 , 0 , 66 , 95.4545454545455 , 2.15151515151515 
09-Jan-2004 09:46,200201,LONDON CITY,UNITED KINGDOM,ABERDEEN,FLYBE.BRITISH EUROPEAN,D,S, 0 , 0 , 0 , 0 , 0 , 0 , 0 , 0 , 0 , 0 , 65 , 86.1538461538462 , 7.76923076923077 
09-Jan-2004 09:46,200201,LONDON CITY,UNITED KINGDOM,ABERDEEN,SCOT AIRWAYS,A,S, 1 , 2 , 100 , 0 , 0 , 0 , 0 , 0 , 0 , 9 , 0 , 0 , 0 
09-Jan-2004 09:46,200201,LONDON CITY,UNITED KINGDOM,ABERDEEN,SCOT AIRWAYS,D,S, 3 , 1 , 100 , 0 , 0 , 0 , 0 , 0 , 6.66666666666667 , 12 , 0 , 0 , 0 
09-Jan-2004 09:46,200201,LONDON CITY,UNITED KINGDOM,BELFAST CITY,FLYBE.BRITISH EUROPEAN,A,S, 126 , 0 , 83.3333333333333 , 8.73015873015873 , 5.55555555555556 , 2.38095238095238 , 0 , 0 , 8.33333333333333 , 7 , 47 , 85.1063829787234 , 7.68085106382979 
09-Jan-2004 09:46,200201,LONDON CITY,UNITED KINGDOM,BELFAST CITY,FLYBE.BRITISH EUROPEAN,D,S, 127 , 0 , 75.5905511811024 , 12.5984251968504 , 7.8740157480315 , 3.93700787401575 , 0 , 0 , 12.5748031496063 , 6 , 48 , 83.3333333333333 , 10.7083333333333 
09-Jan-2004 09:46,200201,LONDON CITY,UNITED KINGDOM,DUNDEE,SCOT AIRWAYS,A,S, 95 , 0 , 67.3684210526316 , 18.9473684210526 , 10.5263157894737 , 3.15789473684211 , 0 , 0 , 15.2 , 3 , 91 , 59.3406593406593 , 17.7142857142857 
09-Jan-2004 09:46,200201,LONDON CITY,UNITED KINGDOM,DUNDEE,SCOT AIRWAYS,D,S, 95 , 0 , 67.3684210526316 , 24.2105263157895 , 6.31578947368421 , 2.10526315789474 , 0 , 0 , 12.1894736842105 , 3 , 91 , 63.7362637362637 , 15.6703296703297 
09-Jan-2004 09:46,200201,LONDON CITY,UNITED KINGDOM,EDINBURGH,DASSAULT FALCON SERVICE,D,C, 0 , 1 , 0 , 0 , 0 , 0 , 0 , 0 , 0 , 0 , 0 , 0 , 0 
09-Jan-2004 09:46,200201,LONDON CITY,UNITED KINGDOM,EDINBURGH,FLYBE.BRITISH EUROPEAN,A,S, 52 , 0 , 78.8461538461539 , 13.4615384615385 , 5.76923076923077 , 1.92307692307692 , 0 , 0 , 9.25 , 5 , 92 , 82.6086956521739 , 9.1304347826087 
09-Jan-2004 09:46,200201,LONDON CITY,UNITED KINGDOM,EDINBURGH,FLYBE.BRITISH EUROPEAN,D,S, 52 , 0 , 71.1538461538462 , 23.0769230769231 , 3.84615384615385 , 1.92307692307692 , 0 , 0 , 11.5769230769231 , 5 , 94 , 74.468085106383 , 14.6382978723404 
09-Jan-2004 09:46,200201,LONDON CITY,UNITED KINGDOM,EDINBURGH,SCOT AIRWAYS,A,S, 190 , 2 , 68.4210526315789 , 22.1052631578947 , 7.36842105263158 , 2.10526315789474 , 0 , 0 , 12.7157894736842 , 37 , 106 , 56.6037735849057 , 21.0566037735849 
09-Jan-2004 09:46,200201,LONDON CITY,UNITED KINGDOM,EDINBURGH,SCOT AIRWAYS,D,S, 190 , 1 , 81.5789473684211 , 11.0526315789474 , 4.21052631578947 , 3.15789473684211 , 0 , 0 , 10.2368421052632 , 35 , 74 , 62.1621621621622 , 17.4189189189189 
09-Jan-2004 09:46,200201,LONDON CITY,UNITED KINGDOM,GLASGOW,SCOT AIRWAYS,A,S, 41 , 0 , 87.8048780487805 , 2.4390243902439 , 9.75609756097561 , 0 , 0 , 0 , 6 , 9 , 82 , 78.0487804878049 , 9.45121951219512 
09-Jan-2004 09:46,200201,LONDON CITY,UNITED KINGDOM,GLASGOW,SCOT AIRWAYS,D,S, 41 , 0 , 87.8048780487805 , 4.8780487804878 , 7.31707317073171 , 0 , 0 , 0 , 4.80487804878049 , 9 , 82 , 75.609756097561 , 9.42682926829268 
09-Jan-2004 09:46,200201,LONDON CITY,UNITED KINGDOM,INVERNESS,SCOT AIRWAYS,A,S, 3 , 0 , 66.6666666666667 , 0 , 0 , 33.3333333333333 , 0 , 0 , 47.6666666666667 , 5 , 0 , 0 , 0 
09-Jan-2004 09:46,200201,LONDON CITY,UNITED KINGDOM,INVERNESS,SCOT AIRWAYS,D,S, 2 , 1 , 100 , 0 , 0 , 0 , 0 , 0 , 6.5 , 3 , 0 , 0 , 0 
09-Jan-2004 09:46,200201,LONDON CITY,UNITED KINGDOM,ISLE OF MAN,FLYBE.BRITISH EUROPEAN,A,S, 49 , 0 , 87.7551020408163 , 6.12244897959184 , 2.04081632653061 , 4.08163265306122 , 0 , 0 , 8.02040816326531 , 0 , 27 , 92.5925925925926 , 5.55555555555556 
09-Jan-2004 09:46,200201,LONDON CITY,UNITED KINGDOM,ISLE OF MAN,FLYBE.BRITISH EUROPEAN,D,S, 48 , 0 , 68.75 , 14.5833333333333 , 12.5 , 4.16666666666667 , 0 , 0 , 17.6041666666667 , 1 , 27 , 88.8888888888889 , 7.18518518518519 
09-Jan-2004 09:46,200201,LONDON CITY,UNITED KINGDOM,JERSEY,FLYBE.BRITISH EUROPEAN,A,S, 78 , 0 , 80.7692307692308 , 6.41025641025641 , 5.12820512820513 , 7.69230769230769 , 0 , 0 , 12.8333333333333 , 1 , 96 , 94.7916666666667 , 3.46875 
09-Jan-2004 09:46,200201,LONDON CITY,UNITED KINGDOM,JERSEY,FLYBE.BRITISH EUROPEAN,D,S, 77 , 0 , 63.6363636363636 , 18.1818181818182 , 9.09090909090909 , 9.09090909090909 , 0 , 0 , 18.4545454545455 , 2 , 96 , 83.3333333333333 , 9.08333333333333 
09-Jan-2004 09:46,200201,LONDON CITY,UNITED KINGDOM,PLYMOUTH,TITAN AIRWAYS LTD,A,C, 1 , 0 , 100 , 0 , 0 , 0 , 0 , 0 , 0 , 0 , 0 , 0 , 0 
09-Jan-2004 09:46,200201,LONDON CITY,UNITED KINGDOM,PLYMOUTH,TITAN AIRWAYS LTD,D,C, 1 , 0 , 100 , 0 , 0 , 0 , 0 , 0 , 0 , 0 , 0 , 0 , 0 
09-Jan-2004 09:46,200201,LUTON,AUSTRIA,INNSBRUCK,TYROLEAN AIRWAYS,A,C, 1 , 0 , 0 , 0 , 0 , 0 , 0 , 100 , 361 , 0 , 0 , 0 , 0 
09-Jan-2004 09:46,200201,LUTON,AUSTRIA,INNSBRUCK,TYROLEAN AIRWAYS,D,C, 1 , 0 , 0 , 0 , 0 , 0 , 0 , 100 , 394 , 0 , 0 , 0 , 0 
09-Jan-2004 09:46,200201,LUTON,AUSTRIA,SALZBURG,BRITANNIA AIRWAYS,A,C, 4 , 0 , 75 , 0 , 0 , 25 , 0 , 0 , 20.25 , 0 , 4 , 50 , 16.5 
09-Jan-2004 09:46,200201,LUTON,AUSTRIA,SALZBURG,BRITANNIA AIRWAYS,D,C, 4 , 0 , 100 , 0 , 0 , 0 , 0 , 0 , 4.25 , 0 , 4 , 75 , 23.5 
09-Jan-2004 09:46,200201,LUTON,AUSTRIA,SALZBURG,THOMAS COOK AIRLINES LTD,A,C, 0 , 1 , 0 , 0 , 0 , 0 , 0 , 0 , 0 , 0 , 0 , 0 , 0 
09-Jan-2004 09:46,200201,LUTON,AUSTRIA,SALZBURG,THOMAS COOK AIRLINES LTD,D,C, 0 , 1 , 0 , 0 , 0 , 0 , 0 , 0 , 0 , 0 , 0 , 0 , 0 
09-Jan-2004 09:46,200201,LUTON,BAHRAIN,BAHRAIN,MONARCH AIRLINES,D,C, 0 , 1 , 0 , 0 , 0 , 0 , 0 , 0 , 0 , 0 , 0 , 0 , 0 
09-Jan-2004 09:46,200201,LUTON,CANADA,IQALUIT,CHALLENGE AIR LUFTVERKEHRS,A,C, 0 , 1 , 0 , 0 , 0 , 0 , 0 , 0 , 0 , 0 , 0 , 0 , 0 
09-Jan-2004 09:46,200201,LUTON,CANADA,IQALUIT,CHALLENGE AIR LUFTVERKEHRS,D,C, 0 , 1 , 0 , 0 , 0 , 0 , 0 , 0 , 0 , 0 , 0 , 0 , 0 
09-Jan-2004 09:46,200201,LUTON,CYPRUS,PAPHOS,BRITANNIA AIRWAYS,A,C, 9 , 0 , 66.6666666666667 , 11.1111111111111 , 11.1111111111111 , 11.1111111111111 , 0 , 0 , 17.2222222222222 , 0 , 5 , 40 , 37.2 
09-Jan-2004 09:46,200201,LUTON,CYPRUS,PAPHOS,BRITANNIA AIRWAYS,D,C, 9 , 0 , 66.6666666666667 , 0 , 33.3333333333333 , 0 , 0 , 0 , 16.7777777777778 , 0 , 5 , 60 , 31.8 
09-Jan-2004 09:46,200201,LUTON,CYPRUS,PAPHOS,MONARCH AIRLINES,A,C, 0 , 0 , 0 , 0 , 0 , 0 , 0 , 0 , 0 , 0 , 1 , 100 , 13 
09-Jan-2004 09:46,200201,LUTON,CYPRUS,PAPHOS,MONARCH AIRLINES,D,C, 0 , 0 , 0 , 0 , 0 , 0 , 0 , 0 , 0 , 0 , 1 , 100 , 4 
09-Jan-2004 09:46,200201,LUTON,CYPRUS,PAPHOS,MY TRAVEL AIRWAYS UK,A,C, 0 , 0 , 0 , 0 , 0 , 0 , 0 , 0 , 0 , 0 , 5 , 80 , 7.2 
09-Jan-2004 09:46,200201,LUTON,CYPRUS,PAPHOS,MY TRAVEL AIRWAYS UK,D,C, 0 , 0 , 0 , 0 , 0 , 0 , 0 , 0 , 0 , 0 , 5 , 100 , 3 
09-Jan-2004 09:46,200201,LUTON,DENMARK,AARHUS (TIRSTRUP),RYANAIR,A,S, 0 , 1 , 0 , 0 , 0 , 0 , 0 , 0 , 0 , 0 , 0 , 0 , 0 
09-Jan-2004 09:46,200201,LUTON,FRANCE,CHAMBERY,TITAN AIRWAYS LTD,A,C, 4 , 0 , 0 , 0 , 50 , 50 , 0 , 0 , 80 , 0 , 0 , 0 , 0 
09-Jan-2004 09:46,200201,LUTON,FRANCE,CHAMBERY,TITAN AIRWAYS LTD,D,C, 4 , 0 , 0 , 0 , 25 , 75 , 0 , 0 , 83.5 , 0 , 0 , 0 , 0 
09-Jan-2004 09:46,200201,LUTON,FRANCE,GRENOBLE,BRITANNIA AIRWAYS,D,C, 0 , 1 , 0 , 0 , 0 , 0 , 0 , 0 , 0 , 0 , 0 , 0 , 0 
09-Jan-2004 09:46,200201,LUTON,FRANCE,LYON,BRITANNIA AIRWAYS,A,C, 0 , 0 , 0 , 0 , 0 , 0 , 0 , 0 , 0 , 0 , 4 , 0 , 81.5 
09-Jan-2004 09:46,200201,LUTON,FRANCE,LYON,BRITANNIA AIRWAYS,D,C, 0 , 0 , 0 , 0 , 0 , 0 , 0 , 0 , 0 , 0 , 4 , 50 , 30.25 
09-Jan-2004 09:46,200201,LUTON,FRANCE,NICE,EASYJET AIRLINE COMPANY LTD,A,S, 90 , 0 , 85.5555555555556 , 7.77777777777778 , 2.22222222222222 , 4.44444444444444 , 0 , 0 , 7.11111111111111 , 6 , 120 , 78.3333333333333 , 15.9916666666667 
09-Jan-2004 09:46,200201,LUTON,FRANCE,NICE,EASYJET AIRLINE COMPANY LTD,D,S, 90 , 0 , 70 , 15.5555555555556 , 10 , 3.33333333333333 , 1.11111111111111 , 0 , 17.2666666666667 , 5 , 121 , 50.4132231404959 , 32.5371900826446 
09-Jan-2004 09:46,200201,LUTON,FRANCE,NICE,SIGNATURE AIRCRAFT CHARTER,D,C, 0 , 1 , 0 , 0 , 0 , 0 , 0 , 0 , 0 , 0 , 0 , 0 , 0 
09-Jan-2004 09:46,200201,LUTON,FRANCE,NICE,TAG AVIATION SA,A,C, 0 , 1 , 0 , 0 , 0 , 0 , 0 , 0 , 0 , 0 , 0 , 0 , 0 
09-Jan-2004 09:46,200201,LUTON,FRANCE,PARIS (CHARLES DE GAULLE),SCOT AIRWAYS,A,S, 0 , 0 , 0 , 0 , 0 , 0 , 0 , 0 , 0 , 0 , 52 , 46.1538461538462 , 31.5961538461538 
09-Jan-2004 09:46,200201,LUTON,FRANCE,PARIS (CHARLES DE GAULLE),SCOT AIRWAYS,D,S, 0 , 0 , 0 , 0 , 0 , 0 , 0 , 0 , 0 , 0 , 54 , 70.3703703703704 , 13.7962962962963 
09-Jan-2004 09:46,200201,LUTON,FRANCE,PARIS (LE BOURGET),OCCITANIA JET FLEET,A,C, 0 , 1 , 0 , 0 , 0 , 0 , 0 , 0 , 0 , 0 , 0 , 0 , 0 
09-Jan-2004 09:46,200201,LUTON,FRANCE,PARIS (LE BOURGET),OCCITANIA JET FLEET,D,C, 0 , 1 , 0 , 0 , 0 , 0 , 0 , 0 , 0 , 0 , 0 , 0 , 0 
09-Jan-2004 09:46,200201,LUTON,FRANCE,PARIS (LE BOURGET),SIGNATURE AIRCRAFT CHARTER,A,C, 0 , 1 , 0 , 0 , 0 , 0 , 0 , 0 , 0 , 0 , 0 , 0 , 0 
09-Jan-2004 09:46,200201,LUTON,FRANCE,PARIS (LE BOURGET),SIGNATURE AIRCRAFT CHARTER,D,C, 0 , 1 , 0 , 0 , 0 , 0 , 0 , 0 , 0 , 0 , 0 , 0 , 0 
09-Jan-2004 09:46,200201,LUTON,FRANCE,PARIS (LE BOURGET),TAG AVIATION SA,D,C, 0 , 1 , 0 , 0 , 0 , 0 , 0 , 0 , 0 , 0 , 0 , 0 , 0 
09-Jan-2004 09:46,200201,LUTON,FRANCE,PARIS (LE BOURGET),TWINJET AIRCRAFT,D,C, 0 , 1 , 0 , 0 , 0 , 0 , 0 , 0 , 0 , 0 , 0 , 0 , 0 
09-Jan-2004 09:46,200201,LUTON,FRANCE,PARIS (ORLY),CORSAIR,A,C, 1 , 0 , 100 , 0 , 0 , 0 , 0 , 0 , 2 , 0 , 0 , 0 , 0 
09-Jan-2004 09:46,200201,LUTON,FRANCE,PARIS (ORLY),CORSAIR,D,C, 1 , 0 , 100 , 0 , 0 , 0 , 0 , 0 , 15 , 0 , 0 , 0 , 0 
09-Jan-2004 09:46,200201,LUTON,GERMANY,BERLIN (SCHONEFELD),EUROPEAN AIR CHARTER,D,C, 1 , 0 , 100 , 0 , 0 , 0 , 0 , 0 , 0 , 0 , 0 , 0 , 0 
09-Jan-2004 09:46,200201,LUTON,GERMANY,BRAUNSCHWEIG,TAG AVIATION SA,A,C, 0 , 1 , 0 , 0 , 0 , 0 , 0 , 0 , 0 , 0 , 0 , 0 , 0 
09-Jan-2004 09:46,200201,LUTON,GERMANY,BRAUNSCHWEIG,TAG AVIATION SA,D,C, 0 , 1 , 0 , 0 , 0 , 0 , 0 , 0 , 0 , 0 , 0 , 0 , 0 
09-Jan-2004 09:46,200201,LUTON,GERMANY,HAMBURG,SIGNATURE AIRCRAFT CHARTER,A,C, 0 , 1 , 0 , 0 , 0 , 0 , 0 , 0 , 0 , 0 , 0 , 0 , 0 
09-Jan-2004 09:46,200201,LUTON,GERMANY,HAMBURG,SIGNATURE AIRCRAFT CHARTER,D,C, 0 , 1 , 0 , 0 , 0 , 0 , 0 , 0 , 0 , 0 , 0 , 0 , 0 
09-Jan-2004 09:46,200201,LUTON,GERMANY,MOENCHENGLADBACH,EAE EUROPEAN AIR EXPRESS,A,S, 0 , 0 , 0 , 0 , 0 , 0 , 0 , 0 , 0 , 0 , 35 , 37.1428571428571 , 31.3428571428571 
09-Jan-2004 09:46,200201,LUTON,GERMANY,MOENCHENGLADBACH,EAE EUROPEAN AIR EXPRESS,D,S, 0 , 0 , 0 , 0 , 0 , 0 , 0 , 0 , 0 , 0 , 42 , 64.2857142857143 , 20.1904761904762 
09-Jan-2004 09:46,200201,LUTON,GERMANY,MUNICH,EAE EUROPEAN AIR EXPRESS,A,S, 0 , 0 , 0 , 0 , 0 , 0 , 0 , 0 , 0 , 0 , 19 , 31.5789473684211 , 24.6842105263158 
09-Jan-2004 09:46,200201,LUTON,GERMANY,MUNICH,EAE EUROPEAN AIR EXPRESS,D,S, 0 , 0 , 0 , 0 , 0 , 0 , 0 , 0 , 0 , 0 , 14 , 100 , 2.92857142857143 
09-Jan-2004 09:46,200201,LUTON,GERMANY,MUNICH,SIGNATURE AIRCRAFT CHARTER,D,C, 0 , 1 , 0 , 0 , 0 , 0 , 0 , 0 , 0 , 0 , 0 , 0 , 0 
09-Jan-2004 09:46,200201,LUTON,GIBRALTAR,GIBRALTAR,MONARCH AIRLINES,A,S, 16 , 0 , 81.25 , 0 , 18.75 , 0 , 0 , 0 , 9.9375 , 2 , 17 , 58.8235294117647 , 19.4705882352941 
09-Jan-2004 09:46,200201,LUTON,GIBRALTAR,GIBRALTAR,MONARCH AIRLINES,D,S, 16 , 0 , 62.5 , 25 , 12.5 , 0 , 0 , 0 , 11 , 2 , 18 , 77.7777777777778 , 11.9444444444444 
09-Jan-2004 09:46,200201,LUTON,GREECE,ATHENS,AEGEAN AIRLINES,A,C, 0 , 1 , 0 , 0 , 0 , 0 , 0 , 0 , 0 , 0 , 0 , 0 , 0 
09-Jan-2004 09:46,200201,LUTON,GREECE,ATHENS,AEGEAN AIRLINES,D,C, 0 , 1 , 0 , 0 , 0 , 0 , 0 , 0 , 0 , 0 , 0 , 0 , 0 
09-Jan-2004 09:46,200201,LUTON,GREECE,ATHENS,EASYJET AIRLINE COMPANY LTD,A,S, 56 , 1 , 71.4285714285714 , 8.92857142857143 , 12.5 , 7.14285714285714 , 0 , 0 , 15.6428571428571 , 7 , 60 , 90 , 5.18333333333333 
09-Jan-2004 09:46,200201,LUTON,GREECE,ATHENS,EASYJET AIRLINE COMPANY LTD,D,S, 58 , 0 , 75.8620689655172 , 8.62068965517241 , 8.62068965517241 , 6.89655172413793 , 0 , 0 , 14.4137931034483 , 6 , 62 , 69.3548387096774 , 20.758064516129 
09-Jan-2004 09:46,200201,LUTON,IRISH REPUBLIC,DUBLIN,RYANAIR,A,S, 139 , 1 , 90.6474820143885 , 1.43884892086331 , 5.03597122302158 , 1.43884892086331 , 1.43884892086331 , 0 , 8.35251798561151 , 12 , 152 , 84.2105263157895 , 7.69078947368421 
09-Jan-2004 09:46,200201,LUTON,IRISH REPUBLIC,DUBLIN,RYANAIR,D,S, 138 , 2 , 92.0289855072464 , 2.89855072463768 , 2.17391304347826 , 2.17391304347826 , 0.72463768115942 , 0 , 6.26811594202899 , 12 , 153 , 86.2745098039216 , 7.58169934640523 
09-Jan-2004 09:46,200201,LUTON,IRISH REPUBLIC,WATERFORD,EUROCELTIC AIRWAYS LTD,A,S, 31 , 7 , 64.5161290322581 , 3.2258064516129 , 19.3548387096774 , 9.67741935483871 , 0 , 3.2258064516129 , 35.1612903225806 , 6 , 0 , 0 , 0 
09-Jan-2004 09:46,200201,LUTON,IRISH REPUBLIC,WATERFORD,EUROCELTIC AIRWAYS LTD,D,S, 38 , 0 , 55.2631578947369 , 18.4210526315789 , 15.7894736842105 , 5.26315789473684 , 2.63157894736842 , 2.63157894736842 , 40.8421052631579 , 8 , 0 , 0 , 0 
09-Jan-2004 09:46,200201,LUTON,ISRAEL,OVDA,AIR 2000,A,C, 0 , 0 , 0 , 0 , 0 , 0 , 0 , 0 , 0 , 0 , 1 , 0 , 103 
09-Jan-2004 09:46,200201,LUTON,ISRAEL,OVDA,BRITANNIA AIRWAYS,A,C, 6 , 0 , 66.6666666666667 , 0 , 33.3333333333333 , 0 , 0 , 0 , 19.3333333333333 , 0 , 4 , 25 , 22 
09-Jan-2004 09:46,200201,LUTON,ISRAEL,OVDA,BRITANNIA AIRWAYS,D,C, 4 , 0 , 100 , 0 , 0 , 0 , 0 , 0 , 4.25 , 0 , 3 , 100 , 5.33333333333333 
09-Jan-2004 09:46,200201,LUTON,ISRAEL,OVDA,MONARCH AIRLINES,A,C, 0 , 0 , 0 , 0 , 0 , 0 , 0 , 0 , 0 , 0 , 4 , 75 , 28.5 
09-Jan-2004 09:46,200201,LUTON,ISRAEL,OVDA,MONARCH AIRLINES,D,C, 0 , 0 , 0 , 0 , 0 , 0 , 0 , 0 , 0 , 0 , 4 , 75 , 10.75 
09-Jan-2004 09:46,200201,LUTON,ITALY,BRESCIA/MONTICHIARI,RYANAIR,A,S, 0 , 1 , 0 , 0 , 0 , 0 , 0 , 0 , 0 , 0 , 0 , 0 , 0 
09-Jan-2004 09:46,200201,LUTON,ITALY,OLBIA,EUROPEAN AIR CHARTER,A,C, 1 , 0 , 100 , 0 , 0 , 0 , 0 , 0 , 13 , 0 , 0 , 0 , 0 
09-Jan-2004 09:46,200201,LUTON,ITALY,OLBIA,EUROPEAN AIR CHARTER,D,C, 1 , 0 , 100 , 0 , 0 , 0 , 0 , 0 , 0 , 0 , 0 , 0 , 0 
09-Jan-2004 09:46,200201,LUTON,ITALY,PARMA,SIGNATURE AIRCRAFT CHARTER,A,C, 0 , 2 , 0 , 0 , 0 , 0 , 0 , 0 , 0 , 0 , 0 , 0 , 0 
09-Jan-2004 09:46,200201,LUTON,ITALY,PARMA,SIGNATURE AIRCRAFT CHARTER,D,C, 0 , 2 , 0 , 0 , 0 , 0 , 0 , 0 , 0 , 0 , 0 , 0 , 0 
09-Jan-2004 09:46,200201,LUTON,ITALY,TRANPANI,EUROPEAN AIR CHARTER,A,C, 0 , 0 , 0 , 0 , 0 , 0 , 0 , 0 , 0 , 0 , 2 , 100 , 0 
09-Jan-2004 09:46,200201,LUTON,ITALY,TRANPANI,EUROPEAN AIR CHARTER,D,C, 0 , 0 , 0 , 0 , 0 , 0 , 0 , 0 , 0 , 0 , 2 , 50 , 26 
09-Jan-2004 09:46,200201,LUTON,ITALY,TURIN,THOMAS COOK AIRLINES LTD,D,C, 0 , 1 , 0 , 0 , 0 , 0 , 0 , 0 , 0 , 0 , 0 , 0 , 0 
09-Jan-2004 09:46,200201,LUTON,LIBYA,MITIGA,AVCON  AG,A,C, 0 , 1 , 0 , 0 , 0 , 0 , 0 , 0 , 0 , 0 , 0 , 0 , 0 
09-Jan-2004 09:46,200201,LUTON,MALTA,MALTA,BRITANNIA AIRWAYS,A,C, 0 , 1 , 0 , 0 , 0 , 0 , 0 , 0 , 0 , 0 , 0 , 0 , 0 
09-Jan-2004 09:46,200201,LUTON,MALTA,MALTA,MY TRAVEL AIRWAYS UK,A,C, 1 , 0 , 100 , 0 , 0 , 0 , 0 , 0 , 0 , 0 , 2 , 100 , 0 
09-Jan-2004 09:46,200201,LUTON,MALTA,MALTA,MY TRAVEL AIRWAYS UK,D,C, 1 , 0 , 100 , 0 , 0 , 0 , 0 , 0 , 0 , 0 , 2 , 100 , 0 
09-Jan-2004 09:46,200201,LUTON,NETHERLANDS,AMSTERDAM,EASYJET AIRLINE COMPANY LTD,A,S, 168 , 1 , 67.8571428571429 , 11.3095238095238 , 6.54761904761905 , 11.3095238095238 , 2.97619047619048 , 0 , 25.3809523809524 , 10 , 165 , 67.2727272727273 , 24.0060606060606 
09-Jan-2004 09:46,200201,LUTON,NETHERLANDS,AMSTERDAM,EASYJET AIRLINE COMPANY LTD,D,S, 170 , 0 , 62.3529411764706 , 16.4705882352941 , 8.82352941176471 , 9.41176470588235 , 2.94117647058824 , 0 , 25.1352941176471 , 8 , 165 , 55.7575757575758 , 25.7393939393939 
09-Jan-2004 09:46,200201,LUTON,NETHERLANDS,ROTTERDAM,SIGNATURE AIRCRAFT CHARTER,A,C, 0 , 1 , 0 , 0 , 0 , 0 , 0 , 0 , 0 , 0 , 0 , 0 , 0 
09-Jan-2004 09:46,200201,LUTON,NETHERLANDS,ROTTERDAM,SIGNATURE AIRCRAFT CHARTER,D,C, 0 , 1 , 0 , 0 , 0 , 0 , 0 , 0 , 0 , 0 , 0 , 0 , 0 
09-Jan-2004 09:46,200201,LUTON,NORWAY,SANDEFJORD(TORP),RYANAIR,A,S, 0 , 1 , 0 , 0 , 0 , 0 , 0 , 0 , 0 , 0 , 0 , 0 , 0 
09-Jan-2004 09:46,200201,LUTON,RUSSIA,MOSCOW (SHEREMETYEVO),AVCON  AG,A,C, 0 , 1 , 0 , 0 , 0 , 0 , 0 , 0 , 0 , 0 , 0 , 0 , 0 
09-Jan-2004 09:46,200201,LUTON,RUSSIA,MOSCOW (SHEREMETYEVO),MTM AVIATION GMBH,A,C, 0 , 1 , 0 , 0 , 0 , 0 , 0 , 0 , 0 , 0 , 0 , 0 , 0 
09-Jan-2004 09:46,200201,LUTON,RUSSIA,MOSCOW (SHEREMETYEVO),MTM AVIATION GMBH,D,C, 0 , 1 , 0 , 0 , 0 , 0 , 0 , 0 , 0 , 0 , 0 , 0 , 0 
09-Jan-2004 09:46,200201,LUTON,RUSSIA,MOSCOW (VNUKOVO),AVCON  AG,D,C, 0 , 1 , 0 , 0 , 0 , 0 , 0 , 0 , 0 , 0 , 0 , 0 , 0 
09-Jan-2004 09:46,200201,LUTON,RUSSIA,MOSCOW (VNUKOVO),COMTEL-AIR,D,C, 0 , 1 , 0 , 0 , 0 , 0 , 0 , 0 , 0 , 0 , 0 , 0 , 0 
09-Jan-2004 09:46,200201,LUTON,SPAIN,ALICANTE,BRITANNIA AIRWAYS,A,C, 5 , 0 , 100 , 0 , 0 , 0 , 0 , 0 , 0 , 0 , 5 , 100 , 4.8 
09-Jan-2004 09:46,200201,LUTON,SPAIN,ALICANTE,BRITANNIA AIRWAYS,D,C, 5 , 1 , 100 , 0 , 0 , 0 , 0 , 0 , 0 , 0 , 5 , 100 , 1.8 
09-Jan-2004 09:46,200201,LUTON,SPAIN,ALICANTE,MONARCH AIRLINES,A,S, 31 , 0 , 77.4193548387097 , 9.67741935483871 , 9.67741935483871 , 3.2258064516129 , 0 , 0 , 10 , 1 , 30 , 83.3333333333333 , 9.73333333333333 
09-Jan-2004 09:46,200201,LUTON,SPAIN,ALICANTE,MONARCH AIRLINES,D,S, 31 , 0 , 70.9677419354839 , 16.1290322580645 , 12.9032258064516 , 0 , 0 , 0 , 12.6774193548387 , 1 , 31 , 83.8709677419355 , 12.6774193548387 
09-Jan-2004 09:46,200201,LUTON,SPAIN,ALICANTE,MY TRAVEL AIRWAYS UK,A,C, 1 , 0 , 0 , 0 , 100 , 0 , 0 , 0 , 37 , 0 , 1 , 100 , 4 
09-Jan-2004 09:46,200201,LUTON,SPAIN,ALICANTE,MY TRAVEL AIRWAYS UK,D,C, 1 , 0 , 100 , 0 , 0 , 0 , 0 , 0 , 12 , 0 , 1 , 100 , 0 
09-Jan-2004 09:46,200201,LUTON,SPAIN,BARCELONA,EASYJET AIRLINE COMPANY LTD,A,S, 96 , 0 , 71.875 , 16.6666666666667 , 5.20833333333333 , 5.20833333333333 , 1.04166666666667 , 0 , 16.0416666666667 , 4 , 94 , 65.9574468085106 , 23.2127659574468 
09-Jan-2004 09:46,200201,LUTON,SPAIN,BARCELONA,EASYJET AIRLINE COMPANY LTD,D,S, 96 , 0 , 61.4583333333333 , 19.7916666666667 , 12.5 , 5.20833333333333 , 1.04166666666667 , 0 , 18.8958333333333 , 3 , 96 , 56.25 , 32.03125 
09-Jan-2004 09:46,200201,LUTON,SPAIN,JEREZ,EUROPEAN AIR CHARTER,A,C, 0 , 0 , 0 , 0 , 0 , 0 , 0 , 0 , 0 , 0 , 1 , 100 , 0 
09-Jan-2004 09:46,200201,LUTON,SPAIN,JEREZ,EUROPEAN AIR CHARTER,D,C, 0 , 0 , 0 , 0 , 0 , 0 , 0 , 0 , 0 , 0 , 1 , 100 , 0 
09-Jan-2004 09:46,200201,LUTON,SPAIN,MADRID,EASYJET AIRLINE COMPANY LTD,A,S, 61 , 0 , 70.4918032786885 , 11.4754098360656 , 11.4754098360656 , 6.55737704918033 , 0 , 0 , 16.2131147540984 , 3 , 48 , 54.1666666666667 , 26.8333333333333 
09-Jan-2004 09:46,200201,LUTON,SPAIN,MADRID,EASYJET AIRLINE COMPANY LTD,D,S, 61 , 0 , 68.8524590163934 , 16.3934426229508 , 9.83606557377049 , 4.91803278688525 , 0 , 0 , 14.0491803278689 , 2 , 52 , 48.0769230769231 , 31.9615384615385 
09-Jan-2004 09:46,200201,LUTON,SPAIN,MAHON,MONARCH AIRLINES,A,S, 4 , 0 , 75 , 0 , 25 , 0 , 0 , 0 , 16.25 , 0 , 5 , 80 , 12.4 
09-Jan-2004 09:46,200201,LUTON,SPAIN,MAHON,MONARCH AIRLINES,D,S, 4 , 0 , 75 , 0 , 25 , 0 , 0 , 0 , 17.25 , 0 , 5 , 60 , 11.8 
09-Jan-2004 09:46,200201,LUTON,SPAIN,MALAGA,BRITANNIA AIRWAYS,A,C, 1 , 0 , 0 , 0 , 0 , 100 , 0 , 0 , 72 , 0 , 4 , 50 , 45 
09-Jan-2004 09:46,200201,LUTON,SPAIN,MALAGA,BRITANNIA AIRWAYS,D,C, 0 , 0 , 0 , 0 , 0 , 0 , 0 , 0 , 0 , 0 , 4 , 50 , 39 
09-Jan-2004 09:46,200201,LUTON,SPAIN,MALAGA,EASYJET AIRLINE COMPANY LTD,A,S, 66 , 1 , 78.7878787878788 , 4.54545454545455 , 10.6060606060606 , 4.54545454545455 , 1.51515151515152 , 0 , 12.3484848484848 , 2 , 68 , 61.7647058823529 , 24.2647058823529 
09-Jan-2004 09:46,200201,LUTON,SPAIN,MALAGA,EASYJET AIRLINE COMPANY LTD,D,S, 68 , 0 , 67.6470588235294 , 16.1764705882353 , 8.82352941176471 , 5.88235294117647 , 1.47058823529412 , 0 , 17.7205882352941 , 2 , 70 , 41.4285714285714 , 37.1428571428571 
09-Jan-2004 09:46,200201,LUTON,SPAIN,MALAGA,EUROPEAN AIR CHARTER,A,C, 1 , 0 , 100 , 0 , 0 , 0 , 0 , 0 , 0 , 0 , 0 , 0 , 0 
09-Jan-2004 09:46,200201,LUTON,SPAIN,MALAGA,EUROPEAN AIR CHARTER,D,C, 1 , 0 , 100 , 0 , 0 , 0 , 0 , 0 , 15 , 0 , 0 , 0 , 0 
09-Jan-2004 09:46,200201,LUTON,SPAIN,MALAGA,MONARCH AIRLINES,A,S, 29 , 1 , 58.6206896551724 , 24.1379310344828 , 10.3448275862069 , 6.89655172413793 , 0 , 0 , 16.2068965517241 , 1 , 35 , 62.8571428571429 , 12.4857142857143 
09-Jan-2004 09:46,200201,LUTON,SPAIN,MALAGA,MONARCH AIRLINES,D,S, 29 , 1 , 93.1034482758621 , 6.89655172413793 , 0 , 0 , 0 , 0 , 3.6551724137931 , 1 , 35 , 88.5714285714286 , 6.14285714285714 
09-Jan-2004 09:46,200201,LUTON,SPAIN,MALAGA,MY TRAVEL AIRWAYS UK,A,C, 1 , 0 , 0 , 0 , 0 , 100 , 0 , 0 , 92 , 0 , 1 , 0 , 18 
09-Jan-2004 09:46,200201,LUTON,SPAIN,MALAGA,MY TRAVEL AIRWAYS UK,D,C, 1 , 0 , 100 , 0 , 0 , 0 , 0 , 0 , 6 , 0 , 1 , 100 , 2 
09-Jan-2004 09:46,200201,LUTON,SPAIN,PALMA DE MALLORCA,BRITANNIA AIRWAYS,A,C, 4 , 0 , 75 , 0 , 0 , 25 , 0 , 0 , 39.75 , 0 , 0 , 0 , 0 
09-Jan-2004 09:46,200201,LUTON,SPAIN,PALMA DE MALLORCA,BRITANNIA AIRWAYS,D,C, 4 , 0 , 100 , 0 , 0 , 0 , 0 , 0 , 3.5 , 0 , 0 , 0 , 0 
09-Jan-2004 09:46,200201,LUTON,SPAIN,PALMA DE MALLORCA,EASYJET AIRLINE COMPANY LTD,A,S, 33 , 0 , 63.6363636363636 , 15.1515151515152 , 15.1515151515152 , 6.06060606060606 , 0 , 0 , 19.1515151515152 , 3 , 39 , 53.8461538461539 , 28.7948717948718 
09-Jan-2004 09:46,200201,LUTON,SPAIN,PALMA DE MALLORCA,EASYJET AIRLINE COMPANY LTD,D,S, 33 , 0 , 54.5454545454545 , 24.2424242424242 , 15.1515151515152 , 6.06060606060606 , 0 , 0 , 23.8787878787879 , 3 , 39 , 38.4615384615385 , 40.9230769230769 
09-Jan-2004 09:46,200201,LUTON,SPAIN,TORREJON DE ARDOZ,GESTAIR EXECUTIVE JET,A,C, 0 , 1 , 0 , 0 , 0 , 0 , 0 , 0 , 0 , 0 , 0 , 0 , 0 
09-Jan-2004 09:46,200201,LUTON,SPAIN,TORREJON DE ARDOZ,GESTAIR EXECUTIVE JET,D,C, 0 , 1 , 0 , 0 , 0 , 0 , 0 , 0 , 0 , 0 , 0 , 0 , 0 
09-Jan-2004 09:46,200201,LUTON,SPAIN,TORREJON DE ARDOZ,SIGNATURE AIRCRAFT CHARTER,D,C, 0 , 1 , 0 , 0 , 0 , 0 , 0 , 0 , 0 , 0 , 0 , 0 , 0 
09-Jan-2004 09:46,200201,LUTON,SPAIN(CANARY ISLANDS),ARRECIFE,BRITANNIA AIRWAYS,A,C, 5 , 0 , 60 , 0 , 40 , 0 , 0 , 0 , 16.8 , 0 , 0 , 0 , 0 
09-Jan-2004 09:46,200201,LUTON,SPAIN(CANARY ISLANDS),ARRECIFE,BRITANNIA AIRWAYS,D,C, 5 , 0 , 60 , 20 , 20 , 0 , 0 , 0 , 15 , 0 , 0 , 0 , 0 
09-Jan-2004 09:46,200201,LUTON,SPAIN(CANARY ISLANDS),ARRECIFE,MONARCH AIRLINES,A,C, 6 , 0 , 83.3333333333333 , 16.6666666666667 , 0 , 0 , 0 , 0 , 5.16666666666667 , 0 , 5 , 80 , 15 
09-Jan-2004 09:46,200201,LUTON,SPAIN(CANARY ISLANDS),ARRECIFE,MONARCH AIRLINES,D,C, 6 , 0 , 83.3333333333333 , 16.6666666666667 , 0 , 0 , 0 , 0 , 5.66666666666667 , 0 , 4 , 100 , 1.75 
09-Jan-2004 09:46,200201,LUTON,SPAIN(CANARY ISLANDS),ARRECIFE,MY TRAVEL AIRWAYS UK,A,C, 1 , 0 , 100 , 0 , 0 , 0 , 0 , 0 , 1 , 0 , 4 , 100 , 0.75 
09-Jan-2004 09:46,200201,LUTON,SPAIN(CANARY ISLANDS),ARRECIFE,MY TRAVEL AIRWAYS UK,D,C, 1 , 0 , 100 , 0 , 0 , 0 , 0 , 0 , 1 , 0 , 4 , 75 , 5 
09-Jan-2004 09:46,200201,LUTON,SPAIN(CANARY ISLANDS),FUERTEVENTURA,AIR 2000,A,C, 5 , 0 , 80 , 20 , 0 , 0 , 0 , 0 , 5.6 , 0 , 0 , 0 , 0 
09-Jan-2004 09:46,200201,LUTON,SPAIN(CANARY ISLANDS),FUERTEVENTURA,AIR 2000,D,C, 5 , 0 , 80 , 0 , 20 , 0 , 0 , 0 , 11 , 0 , 0 , 0 , 0 
09-Jan-2004 09:46,200201,LUTON,SPAIN(CANARY ISLANDS),FUERTEVENTURA,BRITANNIA AIRWAYS,A,C, 5 , 0 , 60 , 40 , 0 , 0 , 0 , 0 , 13.4 , 0 , 3 , 66.6666666666667 , 14.6666666666667 
09-Jan-2004 09:46,200201,LUTON,SPAIN(CANARY ISLANDS),FUERTEVENTURA,BRITANNIA AIRWAYS,D,C, 5 , 0 , 100 , 0 , 0 , 0 , 0 , 0 , 1.4 , 0 , 4 , 75 , 7.75 
09-Jan-2004 09:46,200201,LUTON,SPAIN(CANARY ISLANDS),FUERTEVENTURA,MY TRAVEL AIRWAYS UK,A,C, 4 , 0 , 75 , 25 , 0 , 0 , 0 , 0 , 6 , 0 , 4 , 100 , 0 
09-Jan-2004 09:46,200201,LUTON,SPAIN(CANARY ISLANDS),FUERTEVENTURA,MY TRAVEL AIRWAYS UK,D,C, 4 , 0 , 75 , 25 , 0 , 0 , 0 , 0 , 6.5 , 0 , 4 , 100 , 4.25 
09-Jan-2004 09:46,200201,LUTON,SPAIN(CANARY ISLANDS),LAS PALMAS,BRITANNIA AIRWAYS,A,C, 5 , 0 , 40 , 60 , 0 , 0 , 0 , 0 , 18 , 0 , 4 , 50 , 15 
09-Jan-2004 09:46,200201,LUTON,SPAIN(CANARY ISLANDS),LAS PALMAS,BRITANNIA AIRWAYS,D,C, 5 , 0 , 40 , 40 , 20 , 0 , 0 , 0 , 16.4 , 0 , 4 , 75 , 8.75 
09-Jan-2004 09:46,200201,LUTON,SPAIN(CANARY ISLANDS),LAS PALMAS,MONARCH AIRLINES,A,C, 4 , 0 , 25 , 25 , 50 , 0 , 0 , 0 , 26.25 , 0 , 5 , 60 , 20.4 
09-Jan-2004 09:46,200201,LUTON,SPAIN(CANARY ISLANDS),LAS PALMAS,MONARCH AIRLINES,D,C, 4 , 0 , 100 , 0 , 0 , 0 , 0 , 0 , 1.25 , 0 , 5 , 100 , 3.2 
09-Jan-2004 09:46,200201,LUTON,SPAIN(CANARY ISLANDS),LAS PALMAS,MY TRAVEL AIRWAYS UK,A,C, 5 , 0 , 80 , 0 , 20 , 0 , 0 , 0 , 8.2 , 0 , 5 , 80 , 4.4 
09-Jan-2004 09:46,200201,LUTON,SPAIN(CANARY ISLANDS),LAS PALMAS,MY TRAVEL AIRWAYS UK,D,C, 5 , 0 , 80 , 0 , 20 , 0 , 0 , 0 , 10.2 , 0 , 5 , 100 , 0.2 
09-Jan-2004 09:46,200201,LUTON,SPAIN(CANARY ISLANDS),TENERIFE (SURREINA SOFIA),BRITANNIA AIRWAYS,A,C, 4 , 2 , 100 , 0 , 0 , 0 , 0 , 0 , 0 , 0 , 6 , 83.3333333333333 , 14.1666666666667 
09-Jan-2004 09:46,200201,LUTON,SPAIN(CANARY ISLANDS),TENERIFE (SURREINA SOFIA),BRITANNIA AIRWAYS,D,C, 4 , 1 , 100 , 0 , 0 , 0 , 0 , 0 , 0.5 , 0 , 5 , 80 , 8 
09-Jan-2004 09:46,200201,LUTON,SPAIN(CANARY ISLANDS),TENERIFE (SURREINA SOFIA),MONARCH AIRLINES,A,C, 5 , 0 , 60 , 20 , 20 , 0 , 0 , 0 , 12.8 , 0 , 4 , 100 , 5.75 
09-Jan-2004 09:46,200201,LUTON,SPAIN(CANARY ISLANDS),TENERIFE (SURREINA SOFIA),MONARCH AIRLINES,A,S, 13 , 0 , 61.5384615384615 , 23.0769230769231 , 15.3846153846154 , 0 , 0 , 0 , 14.4615384615385 , 0 , 13 , 53.8461538461538 , 21.7692307692308 
09-Jan-2004 09:46,200201,LUTON,SPAIN(CANARY ISLANDS),TENERIFE (SURREINA SOFIA),MONARCH AIRLINES,D,C, 5 , 0 , 80 , 20 , 0 , 0 , 0 , 0 , 5.8 , 0 , 5 , 80 , 10.4 
09-Jan-2004 09:46,200201,LUTON,SPAIN(CANARY ISLANDS),TENERIFE (SURREINA SOFIA),MONARCH AIRLINES,D,S, 13 , 0 , 84.6153846153846 , 7.69230769230769 , 7.69230769230769 , 0 , 0 , 0 , 8.07692307692308 , 0 , 13 , 76.9230769230769 , 12 
09-Jan-2004 09:46,200201,LUTON,SPAIN(CANARY ISLANDS),TENERIFE (SURREINA SOFIA),MY TRAVEL AIRWAYS UK,A,C, 8 , 0 , 87.5 , 0 , 12.5 , 0 , 0 , 0 , 8 , 0 , 7 , 71.4285714285714 , 8.71428571428571 
09-Jan-2004 09:46,200201,LUTON,SPAIN(CANARY ISLANDS),TENERIFE (SURREINA SOFIA),MY TRAVEL AIRWAYS UK,D,C, 8 , 1 , 75 , 0 , 12.5 , 12.5 , 0 , 0 , 19.25 , 0 , 8 , 62.5 , 15.5 
09-Jan-2004 09:46,200201,LUTON,SPAIN(CANARY ISLANDS),TENERIFE (SURREINA SOFIA),THOMAS COOK AIRLINES LTD,A,C, 0 , 2 , 0 , 0 , 0 , 0 , 0 , 0 , 0 , 0 , 0 , 0 , 0 
09-Jan-2004 09:46,200201,LUTON,SPAIN(CANARY ISLANDS),TENERIFE (SURREINA SOFIA),THOMAS COOK AIRLINES LTD,D,C, 1 , 0 , 0 , 0 , 0 , 100 , 0 , 0 , 113 , 0 , 0 , 0 , 0 
09-Jan-2004 09:46,200201,LUTON,SWEDEN,STOCKHOLM (ARLANDA),BRITANNIA AB,A,C, 0 , 0 , 0 , 0 , 0 , 0 , 0 , 0 , 0 , 0 , 4 , 75 , 21.25 
09-Jan-2004 09:46,200201,LUTON,SWEDEN,STOCKHOLM (ARLANDA),BRITANNIA AB,D,C, 0 , 0 , 0 , 0 , 0 , 0 , 0 , 0 , 0 , 0 , 4 , 50 , 32.25 
09-Jan-2004 09:46,200201,LUTON,SWEDEN,STOCKHOLM (ARLANDA),MYTRAVEL AIRWAYS (DENMARK),A,C, 0 , 0 , 0 , 0 , 0 , 0 , 0 , 0 , 0 , 0 , 8 , 75 , 9.75 
09-Jan-2004 09:46,200201,LUTON,SWEDEN,STOCKHOLM (ARLANDA),MYTRAVEL AIRWAYS (DENMARK),D,C, 0 , 0 , 0 , 0 , 0 , 0 , 0 , 0 , 0 , 0 , 8 , 75 , 15.5 
09-Jan-2004 09:46,200201,LUTON,SWITZERLAND,GENEVA,AVCON  AG,D,C, 0 , 1 , 0 , 0 , 0 , 0 , 0 , 0 , 0 , 0 , 0 , 0 , 0 
09-Jan-2004 09:46,200201,LUTON,SWITZERLAND,GENEVA,BRITANNIA AIRWAYS,D,C, 0 , 1 , 0 , 0 , 0 , 0 , 0 , 0 , 0 , 0 , 0 , 0 , 0 
09-Jan-2004 09:46,200201,LUTON,SWITZERLAND,GENEVA,EASYJET AIRLINE COMPANY LTD,A,S, 51 , 3 , 74.5098039215686 , 5.88235294117647 , 13.7254901960784 , 5.88235294117647 , 0 , 0 , 16.6862745098039 , 2 , 26 , 30.7692307692308 , 67.2307692307692 
09-Jan-2004 09:46,200201,LUTON,SWITZERLAND,GENEVA,EASYJET AIRLINE COMPANY LTD,D,S, 52 , 3 , 61.5384615384615 , 19.2307692307692 , 13.4615384615385 , 5.76923076923077 , 0 , 0 , 17.8653846153846 , 2 , 26 , 23.0769230769231 , 61.8846153846154 
09-Jan-2004 09:46,200201,LUTON,SWITZERLAND,GENEVA,EASYJET SWITZERLAND,A,S, 91 , 0 , 79.1208791208791 , 9.89010989010989 , 4.3956043956044 , 4.3956043956044 , 2.1978021978022 , 0 , 16.8241758241758 , 6 , 120 , 67.5 , 29.6416666666667 
09-Jan-2004 09:46,200201,LUTON,SWITZERLAND,GENEVA,EASYJET SWITZERLAND,D,S, 91 , 1 , 61.5384615384615 , 18.6813186813187 , 12.0879120879121 , 7.69230769230769 , 0 , 0 , 17.6923076923077 , 4 , 121 , 56.198347107438 , 22.504132231405 
09-Jan-2004 09:46,200201,LUTON,SWITZERLAND,GENEVA,TAG AVIATION SA,D,C, 0 , 1 , 0 , 0 , 0 , 0 , 0 , 0 , 0 , 0 , 0 , 0 , 0 
09-Jan-2004 09:46,200201,LUTON,SWITZERLAND,SION,AVCON  AG,A,C, 0 , 1 , 0 , 0 , 0 , 0 , 0 , 0 , 0 , 0 , 0 , 0 , 0 
09-Jan-2004 09:46,200201,LUTON,SWITZERLAND,ZURICH,EASYJET AIRLINE COMPANY LTD,A,S, 0 , 0 , 0 , 0 , 0 , 0 , 0 , 0 , 0 , 0 , 30 , 33.3333333333333 , 50.3666666666667 
09-Jan-2004 09:46,200201,LUTON,SWITZERLAND,ZURICH,EASYJET AIRLINE COMPANY LTD,D,S, 0 , 0 , 0 , 0 , 0 , 0 , 0 , 0 , 0 , 0 , 29 , 44.8275862068965 , 36.0344827586207 
09-Jan-2004 09:46,200201,LUTON,SWITZERLAND,ZURICH,EASYJET SWITZERLAND,A,S, 91 , 1 , 81.3186813186813 , 10.989010989011 , 7.69230769230769 , 0 , 0 , 0 , 7.51648351648352 , 5 , 60 , 28.3333333333333 , 38.6666666666667 
09-Jan-2004 09:46,200201,LUTON,SWITZERLAND,ZURICH,EASYJET SWITZERLAND,D,S, 92 , 0 , 63.0434782608696 , 23.9130434782609 , 10.8695652173913 , 2.17391304347826 , 0 , 0 , 14.4130434782609 , 4 , 61 , 47.5409836065574 , 33.6065573770492 
09-Jan-2004 09:46,200201,LUTON,TUNISIA,MONASTIR,BRITANNIA AIRWAYS,A,C, 1 , 0 , 0 , 0 , 100 , 0 , 0 , 0 , 33 , 0 , 5 , 20 , 15.6 
09-Jan-2004 09:46,200201,LUTON,TUNISIA,MONASTIR,BRITANNIA AIRWAYS,D,C, 0 , 0 , 0 , 0 , 0 , 0 , 0 , 0 , 0 , 0 , 5 , 80 , 7.8 
09-Jan-2004 09:46,200201,LUTON,TUNISIA,MONASTIR,NOUVELAIR TUNISIE,A,C, 1 , 0 , 0 , 0 , 100 , 0 , 0 , 0 , 48 , 0 , 0 , 0 , 0 
09-Jan-2004 09:46,200201,LUTON,TUNISIA,MONASTIR,NOUVELAIR TUNISIE,D,C, 1 , 0 , 0 , 0 , 0 , 100 , 0 , 0 , 80 , 0 , 0 , 0 , 0 
09-Jan-2004 09:46,200201,LUTON,UNITED ARAB EMIRATES,DUBAI,AIR LUXOR,A,C, 0 , 1 , 0 , 0 , 0 , 0 , 0 , 0 , 0 , 0 , 0 , 0 , 0 
09-Jan-2004 09:46,200201,LUTON,UNITED ARAB EMIRATES,DUBAI,AIR LUXOR,D,C, 0 , 1 , 0 , 0 , 0 , 0 , 0 , 0 , 0 , 0 , 0 , 0 , 0 
09-Jan-2004 09:46,200201,LUTON,UNITED KINGDOM,ABERDEEN,EASYJET AIRLINE COMPANY LTD,A,S, 60 , 0 , 75 , 15 , 3.33333333333333 , 6.66666666666667 , 0 , 0 , 13.5333333333333 , 4 , 56 , 75 , 20.0535714285714 
09-Jan-2004 09:46,200201,LUTON,UNITED KINGDOM,ABERDEEN,EASYJET AIRLINE COMPANY LTD,D,S, 62 , 0 , 56.4516129032258 , 27.4193548387097 , 11.2903225806452 , 4.83870967741935 , 0 , 0 , 18.8709677419355 , 2 , 57 , 64.9122807017544 , 22.0526315789474 
09-Jan-2004 09:46,200201,LUTON,UNITED KINGDOM,BELFAST INTERNATIONAL,EASYJET AIRLINE COMPANY LTD,A,S, 147 , 1 , 81.6326530612245 , 7.48299319727891 , 6.12244897959184 , 4.76190476190476 , 0 , 0 , 10.5102040816327 , 7 , 139 , 74.8201438848921 , 16.8489208633094 
09-Jan-2004 09:46,200201,LUTON,UNITED KINGDOM,BELFAST INTERNATIONAL,EASYJET AIRLINE COMPANY LTD,D,S, 149 , 0 , 68.4563758389262 , 14.0939597315436 , 10.738255033557 , 6.71140939597315 , 0 , 0 , 17.2818791946309 , 6 , 141 , 68.0851063829787 , 22.4042553191489 
09-Jan-2004 09:46,200201,LUTON,UNITED KINGDOM,BLACKPOOL,EUROPEAN AIR CHARTER,D,C, 1 , 0 , 100 , 0 , 0 , 0 , 0 , 0 , 0 , 0 , 0 , 0 , 0 
09-Jan-2004 09:46,200201,LUTON,UNITED KINGDOM,BRISTOL,MY TRAVEL AIRWAYS UK,A,C, 0 , 1 , 0 , 0 , 0 , 0 , 0 , 0 , 0 , 0 , 0 , 0 , 0 
09-Jan-2004 09:46,200201,LUTON,UNITED KINGDOM,CARDIFF WALES,AIR 2000,D,C, 5 , 0 , 100 , 0 , 0 , 0 , 0 , 0 , 3 , 0 , 0 , 0 , 0 
09-Jan-2004 09:46,200201,LUTON,UNITED KINGDOM,CARDIFF WALES,BRITANNIA AIRWAYS,A,C, 0 , 1 , 0 , 0 , 0 , 0 , 0 , 0 , 0 , 0 , 0 , 0 , 0 
09-Jan-2004 09:46,200201,LUTON,UNITED KINGDOM,EDINBURGH,BRITANNIA AIRWAYS,A,C, 0 , 1 , 0 , 0 , 0 , 0 , 0 , 0 , 0 , 0 , 0 , 0 , 0 
09-Jan-2004 09:46,200201,LUTON,UNITED KINGDOM,EDINBURGH,EASYJET AIRLINE COMPANY LTD,A,S, 189 , 1 , 64.5502645502645 , 17.4603174603175 , 12.1693121693122 , 5.29100529100529 , 0.529100529100529 , 0 , 18.4444444444444 , 11 , 161 , 56.5217391304348 , 26.8633540372671 
09-Jan-2004 09:46,200201,LUTON,UNITED KINGDOM,EDINBURGH,EASYJET AIRLINE COMPANY LTD,D,S, 193 , 0 , 61.6580310880829 , 19.1709844559585 , 13.4715025906736 , 5.69948186528497 , 0 , 0 , 17.7979274611399 , 9 , 169 , 41.4201183431953 , 37.5266272189349 
09-Jan-2004 09:46,200201,LUTON,UNITED KINGDOM,GLASGOW,EASYJET AIRLINE COMPANY LTD,A,S, 191 , 0 , 73.8219895287958 , 13.6125654450262 , 7.32984293193717 , 5.23560209424084 , 0 , 0 , 12.9057591623037 , 10 , 184 , 75.5434782608696 , 16.0978260869565 
09-Jan-2004 09:46,200201,LUTON,UNITED KINGDOM,GLASGOW,EASYJET AIRLINE COMPANY LTD,D,S, 194 , 0 , 64.4329896907216 , 18.5567010309278 , 10.8247422680412 , 6.18556701030928 , 0 , 0 , 17.5876288659794 , 8 , 188 , 63.2978723404255 , 20.2287234042553 
09-Jan-2004 09:46,200201,LUTON,UNITED KINGDOM,GLASGOW,MONARCH AIRLINES,A,C, 0 , 0 , 0 , 0 , 0 , 0 , 0 , 0 , 0 , 0 , 3 , 66.6666666666667 , 7.33333333333333 
09-Jan-2004 09:46,200201,LUTON,UNITED KINGDOM,GLASGOW,MONARCH AIRLINES,D,C, 0 , 0 , 0 , 0 , 0 , 0 , 0 , 0 , 0 , 0 , 3 , 33.3333333333333 , 19.3333333333333 
09-Jan-2004 09:46,200201,LUTON,UNITED KINGDOM,INVERNESS,EASYJET AIRLINE COMPANY LTD,A,S, 31 , 0 , 70.9677419354839 , 9.67741935483871 , 6.45161290322581 , 12.9032258064516 , 0 , 0 , 18.258064516129 , 5 , 31 , 45.1612903225806 , 37.0645161290323 
09-Jan-2004 09:46,200201,LUTON,UNITED KINGDOM,INVERNESS,EASYJET AIRLINE COMPANY LTD,D,S, 32 , 1 , 62.5 , 21.875 , 3.125 , 12.5 , 0 , 0 , 22.4375 , 4 , 32 , 34.375 , 45.5 
09-Jan-2004 09:46,200201,LUTON,UNITED KINGDOM,ISLE OF MAN,BA CITIEXPRESS (IOM) LTD,A,S, 30 , 0 , 93.3333333333333 , 3.33333333333333 , 3.33333333333333 , 0 , 0 , 0 , 3.66666666666667 , 2 , 30 , 93.3333333333333 , 5.63333333333333 
09-Jan-2004 09:46,200201,LUTON,UNITED KINGDOM,ISLE OF MAN,BA CITIEXPRESS (IOM) LTD,D,S, 30 , 0 , 93.3333333333333 , 0 , 6.66666666666667 , 0 , 0 , 0 , 4.56666666666667 , 2 , 30 , 100 , 2.23333333333333 
09-Jan-2004 09:46,200201,LUTON,UNITED KINGDOM,JERSEY,DUO AIRWAYS LTD,A,C, 0 , 0 , 0 , 0 , 0 , 0 , 0 , 0 , 0 , 0 , 1 , 100 , 3 
09-Jan-2004 09:46,200201,LUTON,UNITED KINGDOM,JERSEY,DUO AIRWAYS LTD,D,C, 0 , 0 , 0 , 0 , 0 , 0 , 0 , 0 , 0 , 0 , 1 , 100 , 4 
09-Jan-2004 09:46,200201,LUTON,UNITED KINGDOM,JERSEY,FLYBE.BRITISH EUROPEAN,A,S, 0 , 0 , 0 , 0 , 0 , 0 , 0 , 0 , 0 , 0 , 2 , 0 , 26 
09-Jan-2004 09:46,200201,LUTON,UNITED KINGDOM,JERSEY,FLYBE.BRITISH EUROPEAN,D,S, 0 , 0 , 0 , 0 , 0 , 0 , 0 , 0 , 0 , 0 , 2 , 0 , 47 
09-Jan-2004 09:46,200201,LUTON,UNITED KINGDOM,JERSEY,JET CONNECTION BUSINESSFLIGHT,D,C, 0 , 1 , 0 , 0 , 0 , 0 , 0 , 0 , 0 , 0 , 0 , 0 , 0 
09-Jan-2004 09:46,200201,LUTON,UNITED KINGDOM,LEEDS BRADFORD,BMI BRITISH MIDLAND,A,C, 1 , 0 , 0 , 100 , 0 , 0 , 0 , 0 , 23 , 0 , 0 , 0 , 0 
09-Jan-2004 09:46,200201,LUTON,UNITED KINGDOM,LEEDS BRADFORD,BMI BRITISH MIDLAND,D,C, 1 , 0 , 100 , 0 , 0 , 0 , 0 , 0 , 0 , 0 , 0 , 0 , 0 
09-Jan-2004 09:46,200201,LUTON,UNITED KINGDOM,LIVERPOOL,EASYJET AIRLINE COMPANY LTD,A,S, 0 , 0 , 0 , 0 , 0 , 0 , 0 , 0 , 0 , 0 , 90 , 68.8888888888889 , 27.0555555555556 
09-Jan-2004 09:46,200201,LUTON,UNITED KINGDOM,LIVERPOOL,EASYJET AIRLINE COMPANY LTD,D,S, 0 , 0 , 0 , 0 , 0 , 0 , 0 , 0 , 0 , 0 , 89 , 47.1910112359551 , 33.4044943820225 
09-Jan-2004 09:46,200201,LUTON,UNITED KINGDOM,LIVERPOOL,EASYJET SWITZERLAND,A,S, 0 , 1 , 0 , 0 , 0 , 0 , 0 , 0 , 0 , 0 , 0 , 0 , 0 
09-Jan-2004 09:46,200201,LUTON,UNITED KINGDOM,LIVERPOOL,EUROCELTIC AIRWAYS LTD,A,S, 8 , 0 , 37.5 , 12.5 , 0 , 50 , 0 , 0 , 69.25 , 13 , 0 , 0 , 0 
09-Jan-2004 09:46,200201,LUTON,UNITED KINGDOM,LIVERPOOL,EUROCELTIC AIRWAYS LTD,D,S, 8 , 0 , 50 , 0 , 12.5 , 37.5 , 0 , 0 , 47.625 , 14 , 0 , 0 , 0 
09-Jan-2004 09:46,200201,LUTON,UNITED KINGDOM,MANCHESTER,AIR 2000,D,C, 0 , 0 , 0 , 0 , 0 , 0 , 0 , 0 , 0 , 0 , 1 , 0 , 91 
09-Jan-2004 09:46,200201,LUTON,UNITED KINGDOM,MANCHESTER,BRITANNIA AIRWAYS,A,C, 4 , 0 , 100 , 0 , 0 , 0 , 0 , 0 , 0.75 , 0 , 0 , 0 , 0 
09-Jan-2004 09:46,200201,LUTON,UNITED KINGDOM,MANCHESTER,BRITANNIA AIRWAYS,D,C, 4 , 1 , 50 , 0 , 25 , 25 , 0 , 0 , 23.25 , 0 , 0 , 0 , 0 
09-Jan-2004 09:46,200201,LUTON,UNITED KINGDOM,MANCHESTER,MONARCH AIRLINES,A,C, 0 , 1 , 0 , 0 , 0 , 0 , 0 , 0 , 0 , 0 , 0 , 0 , 0 
09-Jan-2004 09:46,200201,LUTON,UNITED KINGDOM,NEWCASTLE,DUO AIRWAYS LTD,A,C, 0 , 0 , 0 , 0 , 0 , 0 , 0 , 0 , 0 , 0 , 1 , 100 , 5 
09-Jan-2004 09:46,200201,LUTON,UNITED KINGDOM,NEWCASTLE,DUO AIRWAYS LTD,D,C, 0 , 0 , 0 , 0 , 0 , 0 , 0 , 0 , 0 , 0 , 1 , 100 , 4 
09-Jan-2004 09:46,200201,MANCHESTER,AUSTRALIA,SYDNEY,MY TRAVEL AIRWAYS UK,A,C, 0 , 0 , 0 , 0 , 0 , 0 , 0 , 0 , 0 , 0 , 3 , 100 , 0 
09-Jan-2004 09:46,200201,MANCHESTER,AUSTRALIA,SYDNEY,MY TRAVEL AIRWAYS UK,D,C, 0 , 0 , 0 , 0 , 0 , 0 , 0 , 0 , 0 , 0 , 5 , 60 , 15 
09-Jan-2004 09:46,200201,MANCHESTER,AUSTRIA,INNSBRUCK,AIR 2000,A,C, 4 , 1 , 0 , 50 , 25 , 25 , 0 , 0 , 54.25 , 0 , 4 , 25 , 30.75 
09-Jan-2004 09:46,200201,MANCHESTER,AUSTRIA,INNSBRUCK,AIR 2000,D,C, 4 , 1 , 50 , 25 , 0 , 25 , 0 , 0 , 31 , 0 , 4 , 50 , 16.5 
09-Jan-2004 09:46,200201,MANCHESTER,AUSTRIA,INNSBRUCK,LAUDA-AIR,A,C, 4 , 0 , 25 , 25 , 25 , 25 , 0 , 0 , 36.25 , 0 , 0 , 0 , 0 
09-Jan-2004 09:46,200201,MANCHESTER,AUSTRIA,INNSBRUCK,LAUDA-AIR,D,C, 4 , 0 , 50 , 0 , 0 , 50 , 0 , 0 , 37.5 , 0 , 0 , 0 , 0 
09-Jan-2004 09:46,200201,MANCHESTER,AUSTRIA,INNSBRUCK,MY TRAVEL AIRWAYS UK,A,C, 0 , 0 , 0 , 0 , 0 , 0 , 0 , 0 , 0 , 0 , 4 , 50 , 18.75 
09-Jan-2004 09:46,200201,MANCHESTER,AUSTRIA,INNSBRUCK,MY TRAVEL AIRWAYS UK,D,C, 0 , 0 , 0 , 0 , 0 , 0 , 0 , 0 , 0 , 0 , 4 , 75 , 6.5 
09-Jan-2004 09:46,200201,MANCHESTER,AUSTRIA,INNSBRUCK,THOMAS COOK AIRLINES LTD,A,C, 4 , 0 , 25 , 50 , 0 , 25 , 0 , 0 , 31.5 , 0 , 4 , 25 , 25 
09-Jan-2004 09:46,200201,MANCHESTER,AUSTRIA,INNSBRUCK,THOMAS COOK AIRLINES LTD,D,C, 4 , 0 , 75 , 0 , 0 , 25 , 0 , 0 , 17.5 , 0 , 4 , 100 , 1 
09-Jan-2004 09:46,200201,MANCHESTER,AUSTRIA,SALZBURG,AIR 2000,A,C, 4 , 1 , 0 , 50 , 0 , 50 , 0 , 0 , 59.75 , 0 , 4 , 25 , 43 
09-Jan-2004 09:46,200201,MANCHESTER,AUSTRIA,SALZBURG,AIR 2000,D,C, 4 , 1 , 0 , 25 , 25 , 50 , 0 , 0 , 54.75 , 0 , 4 , 0 , 59.75 
09-Jan-2004 09:46,200201,MANCHESTER,AUSTRIA,SALZBURG,BRITANNIA AIRWAYS,A,C, 4 , 0 , 75 , 25 , 0 , 0 , 0 , 0 , 13 , 0 , 4 , 25 , 27.25 
09-Jan-2004 09:46,200201,MANCHESTER,AUSTRIA,SALZBURG,BRITANNIA AIRWAYS,D,C, 4 , 0 , 100 , 0 , 0 , 0 , 0 , 0 , 0.5 , 0 , 4 , 75 , 19.25 
09-Jan-2004 09:46,200201,MANCHESTER,AUSTRIA,SALZBURG,MY TRAVEL AIRWAYS UK,A,C, 4 , 0 , 0 , 25 , 25 , 50 , 0 , 0 , 50.25 , 0 , 8 , 87.5 , 4.375 
09-Jan-2004 09:46,200201,MANCHESTER,AUSTRIA,SALZBURG,MY TRAVEL AIRWAYS UK,D,C, 4 , 0 , 100 , 0 , 0 , 0 , 0 , 0 , 3.25 , 0 , 8 , 87.5 , 2.25 
09-Jan-2004 09:46,200201,MANCHESTER,AUSTRIA,SALZBURG,THOMAS COOK AIRLINES LTD,A,C, 4 , 0 , 0 , 75 , 25 , 0 , 0 , 0 , 30 , 0 , 4 , 100 , 2.75 
09-Jan-2004 09:46,200201,MANCHESTER,AUSTRIA,SALZBURG,THOMAS COOK AIRLINES LTD,D,C, 4 , 0 , 75 , 25 , 0 , 0 , 0 , 0 , 4.75 , 0 , 4 , 100 , 0 
09-Jan-2004 09:46,200201,MANCHESTER,AUSTRIA,VIENNA,LAUDA-AIR,A,S, 48 , 0 , 70.8333333333333 , 18.75 , 8.33333333333333 , 2.08333333333333 , 0 , 0 , 11.1458333333333 , 0 , 49 , 67.3469387755102 , 13.7551020408163 
09-Jan-2004 09:46,200201,MANCHESTER,AUSTRIA,VIENNA,LAUDA-AIR,D,S, 48 , 0 , 89.5833333333333 , 8.33333333333333 , 2.08333333333333 , 0 , 0 , 0 , 3.125 , 0 , 49 , 83.6734693877551 , 11.2244897959184 
09-Jan-2004 09:46,200201,MANCHESTER,BARBADOS,BRIDGETOWN,AIR 2000,A,C, 0 , 0 , 0 , 0 , 0 , 0 , 0 , 0 , 0 , 0 , 2 , 50 , 113 
09-Jan-2004 09:46,200201,MANCHESTER,BARBADOS,BRIDGETOWN,AIR 2000,D,C, 0 , 0 , 0 , 0 , 0 , 0 , 0 , 0 , 0 , 0 , 3 , 0 , 100.666666666667 
09-Jan-2004 09:46,200201,MANCHESTER,BARBADOS,BRIDGETOWN,BRITANNIA AIRWAYS,A,C, 8 , 0 , 37.5 , 0 , 50 , 12.5 , 0 , 0 , 34.5 , 0 , 11 , 63.6363636363636 , 23.8181818181818 
09-Jan-2004 09:46,200201,MANCHESTER,BARBADOS,BRIDGETOWN,BRITANNIA AIRWAYS,D,C, 8 , 0 , 75 , 12.5 , 12.5 , 0 , 0 , 0 , 8.625 , 0 , 11 , 81.8181818181818 , 7.45454545454545 
09-Jan-2004 09:46,200201,MANCHESTER,BARBADOS,BRIDGETOWN,MY TRAVEL AIRWAYS UK,A,C, 11 , 0 , 45.4545454545455 , 9.09090909090909 , 27.2727272727273 , 9.09090909090909 , 9.09090909090909 , 0 , 47.3636363636364 , 0 , 5 , 80 , 35.6 
09-Jan-2004 09:46,200201,MANCHESTER,BARBADOS,BRIDGETOWN,MY TRAVEL AIRWAYS UK,D,C, 9 , 0 , 55.5555555555556 , 11.1111111111111 , 22.2222222222222 , 11.1111111111111 , 0 , 0 , 22.1111111111111 , 0 , 5 , 40 , 30.2 
09-Jan-2004 09:46,200201,MANCHESTER,BELGIUM,BRUSSELS,BMI BRITISH MIDLAND,A,S, 73 , 1 , 80.8219178082192 , 5.47945205479452 , 8.21917808219178 , 5.47945205479452 , 0 , 0 , 11.8904109589041 , 2 , 0 , 0 , 0 
09-Jan-2004 09:46,200201,MANCHESTER,BELGIUM,BRUSSELS,BMI BRITISH MIDLAND,D,S, 73 , 0 , 84.9315068493151 , 6.84931506849315 , 6.84931506849315 , 1.36986301369863 , 0 , 0 , 5.75342465753425 , 1 , 0 , 0 , 0 
09-Jan-2004 09:46,200201,MANCHESTER,BELGIUM,BRUSSELS,BRITISH AIRWAYS PLC,A,S, 100 , 1 , 74 , 8 , 9 , 9 , 0 , 0 , 13.94 , 1 , 76 , 68.421052631579 , 11.9210526315789 
09-Jan-2004 09:46,200201,MANCHESTER,BELGIUM,BRUSSELS,BRITISH AIRWAYS PLC,D,S, 101 , 0 , 76.2376237623762 , 8.91089108910891 , 4.95049504950495 , 9.9009900990099 , 0 , 0 , 15.4950495049505 , 0 , 80 , 61.25 , 15.85 
09-Jan-2004 09:46,200201,MANCHESTER,BELGIUM,BRUSSELS,SABENA,A,S, 0 , 0 , 0 , 0 , 0 , 0 , 0 , 0 , 0 , 3 , 143 , 82.5174825174825 , 8.39160839160839 
09-Jan-2004 09:46,200201,MANCHESTER,BELGIUM,BRUSSELS,SABENA,D,S, 0 , 0 , 0 , 0 , 0 , 0 , 0 , 0 , 0 , 3 , 144 , 72.9166666666667 , 11.9097222222222 
09-Jan-2004 09:46,200201,MANCHESTER,BELGIUM,BRUSSELS,SN BRUSSELS AIRLINES,A,S, 105 , 1 , 81.9047619047619 , 12.3809523809524 , 3.80952380952381 , 1.9047619047619 , 0 , 0 , 9.81904761904762 , 0 , 0 , 0 , 0 
09-Jan-2004 09:46,200201,MANCHESTER,BELGIUM,BRUSSELS,SN BRUSSELS AIRLINES,D,S, 104 , 0 , 86.5384615384615 , 3.84615384615385 , 8.65384615384615 , 0.961538461538462 , 0 , 0 , 5.43269230769231 , 0 , 0 , 0 , 0 
09-Jan-2004 09:46,200201,MANCHESTER,BULGARIA,BURGAS,BRITANNIA AIRWAYS,A,C, 0 , 1 , 0 , 0 , 0 , 0 , 0 , 0 , 0 , 0 , 0 , 0 , 0 
09-Jan-2004 09:46,200201,MANCHESTER,BULGARIA,PLOVDIV,BALKAN BULGARIAN AIRLINES,A,C, 0 , 0 , 0 , 0 , 0 , 0 , 0 , 0 , 0 , 0 , 4 , 50 , 91.75 
09-Jan-2004 09:46,200201,MANCHESTER,BULGARIA,PLOVDIV,BALKAN BULGARIAN AIRLINES,D,C, 0 , 0 , 0 , 0 , 0 , 0 , 0 , 0 , 0 , 0 , 4 , 25 , 100.25 
09-Jan-2004 09:46,200201,MANCHESTER,BULGARIA,PLOVDIV,BRITANNIA AIRWAYS,A,C, 1 , 0 , 0 , 0 , 0 , 100 , 0 , 0 , 66 , 0 , 0 , 0 , 0 
09-Jan-2004 09:46,200201,MANCHESTER,BULGARIA,PLOVDIV,BRITANNIA AIRWAYS,D,C, 0 , 1 , 0 , 0 , 0 , 0 , 0 , 0 , 0 , 0 , 0 , 0 , 0 
09-Jan-2004 09:46,200201,MANCHESTER,BULGARIA,PLOVDIV,HEMUS AIR,A,C, 4 , 0 , 0 , 0 , 50 , 50 , 0 , 0 , 82.75 , 0 , 0 , 0 , 0 
09-Jan-2004 09:46,200201,MANCHESTER,BULGARIA,PLOVDIV,HEMUS AIR,D,C, 4 , 0 , 0 , 0 , 50 , 50 , 0 , 0 , 80.25 , 0 , 0 , 0 , 0 
09-Jan-2004 09:46,200201,MANCHESTER,BULGARIA,SOFIA,BRITANNIA AIRWAYS,A,C, 2 , 0 , 100 , 0 , 0 , 0 , 0 , 0 , 0 , 0 , 4 , 0 , 188.5 
09-Jan-2004 09:46,200201,MANCHESTER,BULGARIA,SOFIA,BRITANNIA AIRWAYS,D,C, 3 , 0 , 100 , 0 , 0 , 0 , 0 , 0 , 0 , 0 , 4 , 0 , 84.25 
09-Jan-2004 09:46,200201,MANCHESTER,CANADA,CALGARY,AIR CANADA,A,S, 0 , 1 , 0 , 0 , 0 , 0 , 0 , 0 , 0 , 0 , 0 , 0 , 0 
09-Jan-2004 09:46,200201,MANCHESTER,CANADA,CALGARY,MONARCH AIRLINES,A,C, 6 , 0 , 0 , 0 , 0 , 83.3333333333333 , 16.6666666666667 , 0 , 100 , 0 , 0 , 0 , 0 
09-Jan-2004 09:46,200201,MANCHESTER,CANADA,CALGARY,MONARCH AIRLINES,D,C, 6 , 0 , 33.3333333333333 , 16.6666666666667 , 16.6666666666667 , 33.3333333333333 , 0 , 0 , 55.3333333333333 , 0 , 0 , 0 , 0 
09-Jan-2004 09:46,200201,MANCHESTER,CANADA,CALGARY,MY TRAVEL AIRWAYS UK,A,C, 4 , 0 , 25 , 25 , 0 , 0 , 25 , 25 , 197.75 , 0 , 8 , 75 , 27.75 
09-Jan-2004 09:46,200201,MANCHESTER,CANADA,CALGARY,MY TRAVEL AIRWAYS UK,D,C, 4 , 0 , 75 , 0 , 0 , 0 , 25 , 0 , 87 , 0 , 9 , 55.5555555555556 , 27.6666666666667 
09-Jan-2004 09:46,200201,MANCHESTER,CANADA,TORONTO,AIR CANADA,A,S, 0 , 0 , 0 , 0 , 0 , 0 , 0 , 0 , 0 , 0 , 22 , 50 , 23.8636363636364 
09-Jan-2004 09:46,200201,MANCHESTER,CANADA,TORONTO,AIR CANADA,D,S, 0 , 0 , 0 , 0 , 0 , 0 , 0 , 0 , 0 , 0 , 22 , 45.4545454545455 , 24.4545454545455 
09-Jan-2004 09:46,200201,MANCHESTER,CANADA,TORONTO,AIR TRANSAT,A,S, 5 , 0 , 60 , 0 , 0 , 40 , 0 , 0 , 29.2 , 0 , 5 , 20 , 86.4 
09-Jan-2004 09:46,200201,MANCHESTER,CANADA,TORONTO,AIR TRANSAT,D,S, 5 , 0 , 60 , 0 , 0 , 40 , 0 , 0 , 36.6 , 0 , 5 , 0 , 102.2 
09-Jan-2004 09:46,200201,MANCHESTER,CANADA,TORONTO,CANADA 3000 AIRLINES,A,S, 0 , 0 , 0 , 0 , 0 , 0 , 0 , 0 , 0 , 0 , 4 , 50 , 25.5 
09-Jan-2004 09:46,200201,MANCHESTER,CANADA,TORONTO,CANADA 3000 AIRLINES,D,S, 0 , 0 , 0 , 0 , 0 , 0 , 0 , 0 , 0 , 0 , 4 , 25 , 39 
09-Jan-2004 09:46,200201,MANCHESTER,CANADA,TORONTO,MY TRAVEL AIRWAYS UK,A,C, 1 , 0 , 100 , 0 , 0 , 0 , 0 , 0 , 15 , 0 , 0 , 0 , 0 
09-Jan-2004 09:46,200201,MANCHESTER,CANADA,TORONTO,PAKISTAN INTL AIRLINES,A,S, 5 , 0 , 20 , 20 , 20 , 20 , 0 , 20 , 107 , 0 , 9 , 33.3333333333333 , 227.777777777778 
09-Jan-2004 09:46,200201,MANCHESTER,CANADA,TORONTO,PAKISTAN INTL AIRLINES,D,S, 5 , 0 , 20 , 0 , 20 , 20 , 20 , 20 , 193.4 , 0 , 9 , 33.3333333333333 , 217.777777777778 
09-Jan-2004 09:46,200201,MANCHESTER,CYPRUS,LARNACA,AIR 2000,A,S, 0 , 0 , 0 , 0 , 0 , 0 , 0 , 0 , 0 , 0 , 1 , 0 , 23 
09-Jan-2004 09:46,200201,MANCHESTER,CYPRUS,LARNACA,AIR 2000,D,S, 0 , 0 , 0 , 0 , 0 , 0 , 0 , 0 , 0 , 0 , 1 , 100 , 14 
09-Jan-2004 09:46,200201,MANCHESTER,CYPRUS,LARNACA,CYPRUS AIRWAYS,A,S, 9 , 0 , 66.6666666666667 , 22.2222222222222 , 11.1111111111111 , 0 , 0 , 0 , 12 , 0 , 9 , 33.3333333333333 , 80.8888888888889 
09-Jan-2004 09:46,200201,MANCHESTER,CYPRUS,LARNACA,CYPRUS AIRWAYS,D,S, 9 , 0 , 44.4444444444444 , 33.3333333333333 , 22.2222222222222 , 0 , 0 , 0 , 18.2222222222222 , 0 , 9 , 33.3333333333333 , 85.1111111111111 
09-Jan-2004 09:46,200201,MANCHESTER,CYPRUS,LARNACA,EUROCYPRIA AIRLINES LTD,A,C, 3 , 0 , 66.6666666666667 , 0 , 0 , 33.3333333333333 , 0 , 0 , 26.3333333333333 , 0 , 2 , 50 , 19.5 
09-Jan-2004 09:46,200201,MANCHESTER,CYPRUS,LARNACA,EUROCYPRIA AIRLINES LTD,D,C, 3 , 0 , 33.3333333333333 , 0 , 33.3333333333333 , 33.3333333333333 , 0 , 0 , 40.6666666666667 , 0 , 2 , 50 , 24 
09-Jan-2004 09:46,200201,MANCHESTER,CYPRUS,LARNACA,HELIOS AIRWAYS LTD,A,C, 1 , 0 , 100 , 0 , 0 , 0 , 0 , 0 , 11 , 0 , 0 , 0 , 0 
09-Jan-2004 09:46,200201,MANCHESTER,CYPRUS,LARNACA,HELIOS AIRWAYS LTD,D,C, 1 , 0 , 0 , 100 , 0 , 0 , 0 , 0 , 17 , 0 , 0 , 0 , 0 
09-Jan-2004 09:46,200201,MANCHESTER,CYPRUS,LARNACA,MONARCH AIRLINES,A,C, 1 , 0 , 100 , 0 , 0 , 0 , 0 , 0 , 7 , 0 , 1 , 0 , 39 
09-Jan-2004 09:46,200201,MANCHESTER,CYPRUS,LARNACA,MONARCH AIRLINES,D,C, 1 , 0 , 100 , 0 , 0 , 0 , 0 , 0 , 0 , 0 , 1 , 0 , 38 
09-Jan-2004 09:46,200201,MANCHESTER,CYPRUS,LARNACA,MY TRAVEL AIRWAYS UK,A,C, 4 , 0 , 25 , 0 , 25 , 25 , 25 , 0 , 84 , 0 , 5 , 60 , 11 
09-Jan-2004 09:46,200201,MANCHESTER,CYPRUS,LARNACA,MY TRAVEL AIRWAYS UK,D,C, 4 , 0 , 25 , 25 , 0 , 25 , 25 , 0 , 73.5 , 0 , 4 , 50 , 17.5 
09-Jan-2004 09:46,200201,MANCHESTER,CYPRUS,LARNACA,THOMAS COOK AIRLINES LTD,A,C, 5 , 0 , 80 , 20 , 0 , 0 , 0 , 0 , 9.6 , 0 , 5 , 40 , 25.6 
09-Jan-2004 09:46,200201,MANCHESTER,CYPRUS,LARNACA,THOMAS COOK AIRLINES LTD,D,C, 5 , 0 , 100 , 0 , 0 , 0 , 0 , 0 , 0 , 0 , 5 , 100 , 2.8 
09-Jan-2004 09:46,200201,MANCHESTER,CYPRUS,PAPHOS,AIR 2000,A,S, 5 , 0 , 60 , 40 , 0 , 0 , 0 , 0 , 11.6 , 0 , 5 , 60 , 8.8 
09-Jan-2004 09:46,200201,MANCHESTER,CYPRUS,PAPHOS,AIR 2000,D,S, 5 , 0 , 100 , 0 , 0 , 0 , 0 , 0 , 0 , 0 , 6 , 100 , 1.83333333333333 
09-Jan-2004 09:46,200201,MANCHESTER,CYPRUS,PAPHOS,BRITANNIA AIRWAYS,A,C, 9 , 0 , 77.7777777777778 , 0 , 22.2222222222222 , 0 , 0 , 0 , 13.2222222222222 , 0 , 9 , 55.5555555555556 , 14.8888888888889 
09-Jan-2004 09:46,200201,MANCHESTER,CYPRUS,PAPHOS,BRITANNIA AIRWAYS,D,C, 9 , 0 , 88.8888888888889 , 11.1111111111111 , 0 , 0 , 0 , 0 , 4 , 0 , 9 , 66.6666666666667 , 19.2222222222222 
09-Jan-2004 09:46,200201,MANCHESTER,CYPRUS,PAPHOS,EUROCYPRIA AIRLINES LTD,A,C, 1 , 0 , 100 , 0 , 0 , 0 , 0 , 0 , 0 , 0 , 4 , 75 , 30.25 
09-Jan-2004 09:46,200201,MANCHESTER,CYPRUS,PAPHOS,EUROCYPRIA AIRLINES LTD,D,C, 1 , 0 , 100 , 0 , 0 , 0 , 0 , 0 , 0 , 0 , 3 , 66.6666666666667 , 11 
09-Jan-2004 09:46,200201,MANCHESTER,CYPRUS,PAPHOS,EXCEL AIRWAYS LTD,A,C, 1 , 0 , 0 , 0 , 0 , 100 , 0 , 0 , 124 , 0 , 0 , 0 , 0 
09-Jan-2004 09:46,200201,MANCHESTER,CYPRUS,PAPHOS,EXCEL AIRWAYS LTD,D,C, 1 , 0 , 0 , 0 , 0 , 100 , 0 , 0 , 121 , 0 , 0 , 0 , 0 
09-Jan-2004 09:46,200201,MANCHESTER,CYPRUS,PAPHOS,HELIOS AIRWAYS LTD,A,C, 1 , 0 , 0 , 0 , 0 , 100 , 0 , 0 , 140 , 0 , 5 , 0 , 49.4 
09-Jan-2004 09:46,200201,MANCHESTER,CYPRUS,PAPHOS,HELIOS AIRWAYS LTD,D,C, 1 , 0 , 0 , 0 , 0 , 100 , 0 , 0 , 135 , 0 , 5 , 0 , 57.6 
09-Jan-2004 09:46,200201,MANCHESTER,CYPRUS,PAPHOS,MONARCH AIRLINES,A,C, 1 , 0 , 100 , 0 , 0 , 0 , 0 , 0 , 0 , 0 , 0 , 0 , 0 
09-Jan-2004 09:46,200201,MANCHESTER,CYPRUS,PAPHOS,MY TRAVEL AIRWAYS UK,A,C, 5 , 0 , 60 , 40 , 0 , 0 , 0 , 0 , 13.2 , 0 , 5 , 40 , 46.4 
09-Jan-2004 09:46,200201,MANCHESTER,CYPRUS,PAPHOS,MY TRAVEL AIRWAYS UK,D,C, 5 , 0 , 100 , 0 , 0 , 0 , 0 , 0 , 0.6 , 0 , 5 , 60 , 54.4 
09-Jan-2004 09:46,200201,MANCHESTER,CYPRUS,PAPHOS,THOMAS COOK AIRLINES LTD,A,C, 5 , 0 , 100 , 0 , 0 , 0 , 0 , 0 , 2.8 , 0 , 5 , 40 , 21.8 
09-Jan-2004 09:46,200201,MANCHESTER,CYPRUS,PAPHOS,THOMAS COOK AIRLINES LTD,D,C, 6 , 0 , 100 , 0 , 0 , 0 , 0 , 0 , 1.33333333333333 , 0 , 5 , 100 , 3.6 
09-Jan-2004 09:46,200201,MANCHESTER,CYPRUS,PAPHOS,VIRGIN ATLANTIC AIRWAYS LTD,A,C, 0 , 0 , 0 , 0 , 0 , 0 , 0 , 0 , 0 , 0 , 1 , 100 , 12 
09-Jan-2004 09:46,200201,MANCHESTER,CYPRUS,PAPHOS,VIRGIN ATLANTIC AIRWAYS LTD,D,C, 0 , 0 , 0 , 0 , 0 , 0 , 0 , 0 , 0 , 0 , 1 , 100 , 6 
09-Jan-2004 09:46,200201,MANCHESTER,CZECH REPUBLIC,PRAGUE,AIR 2000,A,C, 0 , 0 , 0 , 0 , 0 , 0 , 0 , 0 , 0 , 0 , 1 , 100 , 0 
09-Jan-2004 09:46,200201,MANCHESTER,CZECH REPUBLIC,PRAGUE,AIR 2000,D,C, 0 , 0 , 0 , 0 , 0 , 0 , 0 , 0 , 0 , 0 , 1 , 0 , 19 
09-Jan-2004 09:46,200201,MANCHESTER,CZECH REPUBLIC,PRAGUE,CSA,A,S, 26 , 0 , 76.9230769230769 , 3.84615384615385 , 11.5384615384615 , 7.69230769230769 , 0 , 0 , 14.3076923076923 , 0 , 22 , 95.4545454545455 , 2.45454545454545 
09-Jan-2004 09:46,200201,MANCHESTER,CZECH REPUBLIC,PRAGUE,CSA,D,S, 25 , 0 , 76 , 12 , 0 , 8 , 0 , 4 , 25.48 , 0 , 21 , 66.6666666666667 , 11.5238095238095 
09-Jan-2004 09:46,200201,MANCHESTER,DENMARK,BILLUND,SUN AIR OF SCANDINAVIA,A,S, 46 , 0 , 78.2608695652174 , 13.0434782608696 , 8.69565217391304 , 0 , 0 , 0 , 9.5 , 0 , 45 , 77.7777777777778 , 7.51111111111111 
09-Jan-2004 09:46,200201,MANCHESTER,DENMARK,BILLUND,SUN AIR OF SCANDINAVIA,D,S, 46 , 0 , 91.304347826087 , 8.69565217391304 , 0 , 0 , 0 , 0 , 3.08695652173913 , 0 , 45 , 86.6666666666667 , 6.22222222222222 
09-Jan-2004 09:46,200201,MANCHESTER,DENMARK,COPENHAGEN,SAS,A,S, 112 , 2 , 67.8571428571429 , 13.3928571428571 , 13.3928571428571 , 5.35714285714286 , 0 , 0 , 15.8303571428571 , 6 , 106 , 88.6792452830189 , 7.50943396226415 
09-Jan-2004 09:46,200201,MANCHESTER,DENMARK,COPENHAGEN,SAS,D,S, 112 , 0 , 77.6785714285714 , 8.92857142857143 , 11.6071428571429 , 1.78571428571429 , 0 , 0 , 9.58035714285714 , 4 , 104 , 75.9615384615385 , 12.3269230769231 
09-Jan-2004 09:46,200201,MANCHESTER,DOMINICAN REPUBLIC,LA ROMANA,BRITANNIA AIRWAYS,A,C, 5 , 0 , 80 , 0 , 20 , 0 , 0 , 0 , 8.2 , 0 , 0 , 0 , 0 
09-Jan-2004 09:46,200201,MANCHESTER,DOMINICAN REPUBLIC,LA ROMANA,BRITANNIA AIRWAYS,D,C, 5 , 0 , 100 , 0 , 0 , 0 , 0 , 0 , 5.8 , 0 , 0 , 0 , 0 
09-Jan-2004 09:46,200201,MANCHESTER,DOMINICAN REPUBLIC,PUERTO PLATA,AIR 2000,A,C, 5 , 0 , 20 , 40 , 40 , 0 , 0 , 0 , 24 , 0 , 3 , 33.3333333333333 , 52.3333333333333 
09-Jan-2004 09:46,200201,MANCHESTER,DOMINICAN REPUBLIC,PUERTO PLATA,AIR 2000,D,C, 4 , 0 , 75 , 25 , 0 , 0 , 0 , 0 , 8.25 , 0 , 3 , 66.6666666666667 , 46.6666666666667 
09-Jan-2004 09:46,200201,MANCHESTER,DOMINICAN REPUBLIC,PUERTO PLATA,BRITANNIA AIRWAYS,A,C, 0 , 0 , 0 , 0 , 0 , 0 , 0 , 0 , 0 , 0 , 4 , 0 , 63.25 
09-Jan-2004 09:46,200201,MANCHESTER,DOMINICAN REPUBLIC,PUERTO PLATA,BRITANNIA AIRWAYS,D,C, 0 , 0 , 0 , 0 , 0 , 0 , 0 , 0 , 0 , 0 , 5 , 100 , 7.2 
09-Jan-2004 09:46,200201,MANCHESTER,DOMINICAN REPUBLIC,PUERTO PLATA,MY TRAVEL AIRWAYS UK,A,C, 7 , 0 , 57.1428571428571 , 28.5714285714286 , 0 , 14.2857142857143 , 0 , 0 , 28.2857142857143 , 0 , 4 , 25 , 290.5 
09-Jan-2004 09:46,200201,MANCHESTER,DOMINICAN REPUBLIC,PUERTO PLATA,MY TRAVEL AIRWAYS UK,D,C, 9 , 0 , 55.5555555555556 , 0 , 33.3333333333333 , 11.1111111111111 , 0 , 0 , 30.7777777777778 , 0 , 5 , 20 , 104.6 
09-Jan-2004 09:46,200201,MANCHESTER,DOMINICAN REPUBLIC,SANTO DOMINGO,BRITANNIA AIRWAYS,A,C, 0 , 0 , 0 , 0 , 0 , 0 , 0 , 0 , 0 , 0 , 5 , 40 , 51.8 
09-Jan-2004 09:46,200201,MANCHESTER,DOMINICAN REPUBLIC,SANTO DOMINGO,BRITANNIA AIRWAYS,D,C, 0 , 0 , 0 , 0 , 0 , 0 , 0 , 0 , 0 , 0 , 5 , 80 , 25.8 
09-Jan-2004 09:46,200201,MANCHESTER,EGYPT,CAIRO,EGYPT AIR,A,S, 2 , 0 , 0 , 50 , 50 , 0 , 0 , 0 , 37 , 4 , 0 , 0 , 0 
09-Jan-2004 09:46,200201,MANCHESTER,EGYPT,CAIRO,EGYPT AIR,D,S, 2 , 0 , 0 , 0 , 50 , 50 , 0 , 0 , 61.5 , 4 , 0 , 0 , 0 
09-Jan-2004 09:46,200201,MANCHESTER,EGYPT,HURGHADA,EXCEL AIRWAYS LTD,A,C, 1 , 0 , 0 , 0 , 0 , 100 , 0 , 0 , 90 , 0 , 0 , 0 , 0 
09-Jan-2004 09:46,200201,MANCHESTER,EGYPT,HURGHADA,THOMAS COOK AIRLINES LTD,A,C, 2 , 3 , 100 , 0 , 0 , 0 , 0 , 0 , 7.5 , 0 , 0 , 0 , 0 
09-Jan-2004 09:46,200201,MANCHESTER,EGYPT,HURGHADA,THOMAS COOK AIRLINES LTD,D,C, 4 , 1 , 100 , 0 , 0 , 0 , 0 , 0 , 0 , 0 , 0 , 0 , 0 
09-Jan-2004 09:46,200201,MANCHESTER,EGYPT,LUXOR,AIR 2000,A,C, 4 , 0 , 50 , 50 , 0 , 0 , 0 , 0 , 10 , 0 , 5 , 60 , 15.4 
09-Jan-2004 09:46,200201,MANCHESTER,EGYPT,LUXOR,AIR 2000,D,C, 4 , 0 , 100 , 0 , 0 , 0 , 0 , 0 , 0 , 0 , 5 , 60 , 12.6 
09-Jan-2004 09:46,200201,MANCHESTER,EGYPT,LUXOR,BRITANNIA AIRWAYS,A,C, 5 , 0 , 80 , 0 , 20 , 0 , 0 , 0 , 9.6 , 0 , 5 , 100 , 3.2 
09-Jan-2004 09:46,200201,MANCHESTER,EGYPT,LUXOR,BRITANNIA AIRWAYS,D,C, 5 , 0 , 100 , 0 , 0 , 0 , 0 , 0 , 0.4 , 0 , 5 , 100 , 8.6 
09-Jan-2004 09:46,200201,MANCHESTER,EGYPT,LUXOR,EGYPT AIR,A,S, 0 , 0 , 0 , 0 , 0 , 0 , 0 , 0 , 0 , 0 , 1 , 100 , 0 
09-Jan-2004 09:46,200201,MANCHESTER,EGYPT,LUXOR,EGYPT AIR,D,S, 0 , 0 , 0 , 0 , 0 , 0 , 0 , 0 , 0 , 0 , 1 , 0 , 123 
09-Jan-2004 09:46,200201,MANCHESTER,EGYPT,LUXOR,MONARCH AIRLINES,A,C, 0 , 0 , 0 , 0 , 0 , 0 , 0 , 0 , 0 , 0 , 6 , 100 , 0 
09-Jan-2004 09:46,200201,MANCHESTER,EGYPT,LUXOR,MONARCH AIRLINES,D,C, 0 , 0 , 0 , 0 , 0 , 0 , 0 , 0 , 0 , 0 , 1 , 100 , 0 
09-Jan-2004 09:46,200201,MANCHESTER,FINLAND,HELSINKI,FINNAIR,A,S, 49 , 0 , 61.2244897959184 , 18.3673469387755 , 8.16326530612245 , 12.2448979591837 , 0 , 0 , 20.9795918367347 , 1 , 52 , 92.3076923076923 , 4.28846153846154 
09-Jan-2004 09:46,200201,MANCHESTER,FINLAND,HELSINKI,FINNAIR,D,S, 49 , 0 , 77.5510204081633 , 8.16326530612245 , 8.16326530612245 , 6.12244897959184 , 0 , 0 , 11.9183673469388 , 1 , 52 , 82.6923076923077 , 6.61538461538462 
09-Jan-2004 09:46,200201,MANCHESTER,FINLAND,KITTILA,AZZURRA AIR,A,C, 4 , 0 , 75 , 0 , 25 , 0 , 0 , 0 , 12.5 , 0 , 0 , 0 , 0 
09-Jan-2004 09:46,200201,MANCHESTER,FINLAND,KITTILA,AZZURRA AIR,D,C, 4 , 0 , 100 , 0 , 0 , 0 , 0 , 0 , 5.75 , 0 , 0 , 0 , 0 
09-Jan-2004 09:46,200201,MANCHESTER,FINLAND,KITTILA,BRITISH AIRWAYS PLC,A,C, 0 , 0 , 0 , 0 , 0 , 0 , 0 , 0 , 0 , 0 , 3 , 33.3333333333333 , 77.6666666666667 
09-Jan-2004 09:46,200201,MANCHESTER,FINLAND,KITTILA,BRITISH AIRWAYS PLC,D,C, 0 , 0 , 0 , 0 , 0 , 0 , 0 , 0 , 0 , 0 , 4 , 75 , 11.75 
09-Jan-2004 09:46,200201,MANCHESTER,FINLAND,ROVANIEMI,BRITANNIA AIRWAYS,A,C, 0 , 0 , 0 , 0 , 0 , 0 , 0 , 0 , 0 , 0 , 1 , 100 , 6 
09-Jan-2004 09:46,200201,MANCHESTER,FRANCE,CHAMBERY,BRITISH REGIONAL AIRLINES LTD,A,C, 4 , 0 , 50 , 25 , 25 , 0 , 0 , 0 , 18.75 , 0 , 0 , 0 , 0 
09-Jan-2004 09:46,200201,MANCHESTER,FRANCE,CHAMBERY,BRITISH REGIONAL AIRLINES LTD,D,C, 4 , 0 , 50 , 25 , 25 , 0 , 0 , 0 , 14.5 , 0 , 0 , 0 , 0 
09-Jan-2004 09:46,200201,MANCHESTER,FRANCE,CHAMBERY,DUO AIRWAYS LTD,A,C, 4 , 0 , 25 , 0 , 50 , 25 , 0 , 0 , 53.25 , 0 , 0 , 0 , 0 
09-Jan-2004 09:46,200201,MANCHESTER,FRANCE,CHAMBERY,DUO AIRWAYS LTD,D,C, 4 , 0 , 50 , 25 , 0 , 25 , 0 , 0 , 28 , 0 , 0 , 0 , 0 
09-Jan-2004 09:46,200201,MANCHESTER,FRANCE,CHAMBERY,EXCEL AIRWAYS LTD,A,C, 4 , 0 , 25 , 0 , 50 , 25 , 0 , 0 , 42.75 , 0 , 3 , 33.3333333333333 , 127.333333333333 
09-Jan-2004 09:46,200201,MANCHESTER,FRANCE,CHAMBERY,EXCEL AIRWAYS LTD,D,C, 4 , 0 , 50 , 25 , 0 , 25 , 0 , 0 , 23 , 0 , 4 , 25 , 44.25 
09-Jan-2004 09:46,200201,MANCHESTER,FRANCE,GRENOBLE,AIR 2000,A,C, 4 , 0 , 50 , 0 , 50 , 0 , 0 , 0 , 25.75 , 0 , 4 , 100 , 4 
09-Jan-2004 09:46,200201,MANCHESTER,FRANCE,GRENOBLE,AIR 2000,D,C, 4 , 0 , 75 , 0 , 25 , 0 , 0 , 0 , 11.25 , 0 , 4 , 100 , 7.25 
09-Jan-2004 09:46,200201,MANCHESTER,FRANCE,GRENOBLE,MONARCH AIRLINES,A,C, 2 , 1 , 50 , 50 , 0 , 0 , 0 , 0 , 9 , 0 , 5 , 60 , 23.6 
09-Jan-2004 09:46,200201,MANCHESTER,FRANCE,GRENOBLE,MONARCH AIRLINES,D,C, 3 , 1 , 66.6666666666667 , 0 , 33.3333333333333 , 0 , 0 , 0 , 16 , 0 , 5 , 60 , 25.4 
09-Jan-2004 09:46,200201,MANCHESTER,FRANCE,LYON,AIR 2000,A,C, 4 , 0 , 50 , 0 , 0 , 50 , 0 , 0 , 47.5 , 0 , 4 , 50 , 29 
09-Jan-2004 09:46,200201,MANCHESTER,FRANCE,LYON,AIR 2000,D,C, 4 , 0 , 100 , 0 , 0 , 0 , 0 , 0 , 0 , 0 , 4 , 100 , 0.75 
09-Jan-2004 09:46,200201,MANCHESTER,FRANCE,LYON,AIR FRANCE,A,S, 22 , 0 , 86.3636363636364 , 4.54545454545455 , 4.54545454545455 , 4.54545454545455 , 0 , 0 , 7.04545454545455 , 0 , 23 , 100 , 1.30434782608696 
09-Jan-2004 09:46,200201,MANCHESTER,FRANCE,LYON,AIR FRANCE,D,S, 22 , 0 , 90.9090909090909 , 4.54545454545455 , 4.54545454545455 , 0 , 0 , 0 , 3.45454545454545 , 0 , 23 , 95.6521739130435 , 0.782608695652174 
09-Jan-2004 09:46,200201,MANCHESTER,FRANCE,LYON,BRITANNIA AIRWAYS,A,C, 4 , 0 , 50 , 0 , 0 , 50 , 0 , 0 , 50.75 , 0 , 4 , 0 , 93 
09-Jan-2004 09:46,200201,MANCHESTER,FRANCE,LYON,BRITANNIA AIRWAYS,D,C, 4 , 0 , 50 , 25 , 25 , 0 , 0 , 0 , 17 , 0 , 4 , 50 , 19.75 
09-Jan-2004 09:46,200201,MANCHESTER,FRANCE,LYON,BRITISH AIRWAYS PLC,A,C, 13 , 3 , 53.8461538461538 , 23.0769230769231 , 23.0769230769231 , 0 , 0 , 0 , 17.4615384615385 , 0 , 12 , 50 , 18.5833333333333 
09-Jan-2004 09:46,200201,MANCHESTER,FRANCE,LYON,BRITISH AIRWAYS PLC,D,C, 15 , 1 , 86.6666666666667 , 0 , 13.3333333333333 , 0 , 0 , 0 , 5.93333333333333 , 0 , 12 , 83.3333333333333 , 6.75 
09-Jan-2004 09:46,200201,MANCHESTER,FRANCE,LYON,BRITISH REGIONAL AIRLINES LTD,A,S, 31 , 0 , 87.0967741935484 , 6.45161290322581 , 3.2258064516129 , 3.2258064516129 , 0 , 0 , 8.06451612903226 , 0 , 30 , 86.6666666666667 , 5 
09-Jan-2004 09:46,200201,MANCHESTER,FRANCE,LYON,BRITISH REGIONAL AIRLINES LTD,D,S, 30 , 0 , 86.6666666666667 , 6.66666666666667 , 3.33333333333333 , 3.33333333333333 , 0 , 0 , 7.33333333333333 , 1 , 30 , 90 , 4.1 
09-Jan-2004 09:46,200201,MANCHESTER,FRANCE,LYON,THOMAS COOK AIRLINES LTD,A,C, 4 , 0 , 75 , 0 , 0 , 25 , 0 , 0 , 35.5 , 0 , 4 , 50 , 19 
09-Jan-2004 09:46,200201,MANCHESTER,FRANCE,LYON,THOMAS COOK AIRLINES LTD,D,C, 4 , 0 , 100 , 0 , 0 , 0 , 0 , 0 , 1.75 , 0 , 4 , 100 , 0 
09-Jan-2004 09:46,200201,MANCHESTER,FRANCE,NICE,BRITISH REGIONAL AIRLINES LTD,A,S, 29 , 0 , 100 , 0 , 0 , 0 , 0 , 0 , 1.06896551724138 , 2 , 30 , 80 , 15.5666666666667 
09-Jan-2004 09:46,200201,MANCHESTER,FRANCE,NICE,BRITISH REGIONAL AIRLINES LTD,D,S, 28 , 0 , 100 , 0 , 0 , 0 , 0 , 0 , 1.21428571428571 , 3 , 30 , 83.3333333333333 , 17.0333333333333 
09-Jan-2004 09:46,200201,MANCHESTER,FRANCE,NICE,BRITISH WORLD AIRLINES LTD,A,C, 0 , 0 , 0 , 0 , 0 , 0 , 0 , 0 , 0 , 0 , 1 , 0 , 35 
09-Jan-2004 09:46,200201,MANCHESTER,FRANCE,NICE,BRITISH WORLD AIRLINES LTD,D,C, 0 , 0 , 0 , 0 , 0 , 0 , 0 , 0 , 0 , 0 , 1 , 100 , 5 
09-Jan-2004 09:46,200201,MANCHESTER,FRANCE,NICE,MONARCH AIRLINES,A,C, 1 , 0 , 100 , 0 , 0 , 0 , 0 , 0 , 11 , 0 , 0 , 0 , 0 
09-Jan-2004 09:46,200201,MANCHESTER,FRANCE,NICE,MONARCH AIRLINES,D,C, 1 , 0 , 100 , 0 , 0 , 0 , 0 , 0 , 0 , 0 , 0 , 0 , 0 
09-Jan-2004 09:46,200201,MANCHESTER,FRANCE,PARIS (CHARLES DE GAULLE),AIR FRANCE,A,S, 148 , 0 , 48.6486486486486 , 29.0540540540541 , 18.2432432432432 , 4.05405405405405 , 0 , 0 , 21.0878378378378 , 0 , 149 , 70.4697986577181 , 18.1879194630872 
09-Jan-2004 09:46,200201,MANCHESTER,FRANCE,PARIS (CHARLES DE GAULLE),AIR FRANCE,D,S, 147 , 0 , 69.3877551020408 , 10.2040816326531 , 18.3673469387755 , 2.04081632653061 , 0 , 0 , 13.2721088435374 , 0 , 147 , 59.8639455782313 , 19.4421768707483 
09-Jan-2004 09:46,200201,MANCHESTER,FRANCE,PARIS (CHARLES DE GAULLE),AIR JET,D,C, 0 , 0 , 0 , 0 , 0 , 0 , 0 , 0 , 0 , 0 , 1 , 100 , 2 
09-Jan-2004 09:46,200201,MANCHESTER,FRANCE,PARIS (CHARLES DE GAULLE),BMI BRITISH MIDLAND,A,S, 0 , 2 , 0 , 0 , 0 , 0 , 0 , 0 , 0 , 0 , 0 , 0 , 0 
09-Jan-2004 09:46,200201,MANCHESTER,FRANCE,PARIS (CHARLES DE GAULLE),BRITISH AIRWAYS PLC,A,S, 116 , 2 , 72.4137931034483 , 14.6551724137931 , 9.48275862068965 , 3.44827586206897 , 0 , 0 , 13.5258620689655 , 0 , 133 , 75.9398496240601 , 12.2255639097744 
09-Jan-2004 09:46,200201,MANCHESTER,FRANCE,PARIS (CHARLES DE GAULLE),BRITISH AIRWAYS PLC,D,S, 116 , 0 , 67.2413793103448 , 12.9310344827586 , 18.9655172413793 , 0.862068965517241 , 0 , 0 , 12.3793103448276 , 0 , 134 , 66.4179104477612 , 16.7835820895522 
09-Jan-2004 09:46,200201,MANCHESTER,FRANCE,PARIS (CHARLES DE GAULLE),BRITISH REGIONAL AIRLINES LTD,D,S, 0 , 1 , 0 , 0 , 0 , 0 , 0 , 0 , 0 , 0 , 0 , 0 , 0 
09-Jan-2004 09:46,200201,MANCHESTER,FRANCE,PARIS (CHARLES DE GAULLE),EUROPEAN AIR CHARTER,D,C, 0 , 0 , 0 , 0 , 0 , 0 , 0 , 0 , 0 , 0 , 1 , 0 , 77 
09-Jan-2004 09:46,200201,MANCHESTER,FRANCE,TOULOUSE (BLAGNAC),AIR 2000,A,C, 4 , 0 , 25 , 25 , 25 , 25 , 0 , 0 , 34.75 , 0 , 4 , 25 , 20 
09-Jan-2004 09:46,200201,MANCHESTER,FRANCE,TOULOUSE (BLAGNAC),AIR 2000,D,C, 5 , 0 , 100 , 0 , 0 , 0 , 0 , 0 , 2.6 , 0 , 4 , 100 , 0 
09-Jan-2004 09:46,200201,MANCHESTER,FRANCE,TOULOUSE (BLAGNAC),BRITANNIA AIRWAYS,A,C, 4 , 0 , 50 , 0 , 0 , 0 , 25 , 25 , 205 , 0 , 4 , 100 , 6 
09-Jan-2004 09:46,200201,MANCHESTER,FRANCE,TOULOUSE (BLAGNAC),BRITANNIA AIRWAYS,D,C, 4 , 0 , 100 , 0 , 0 , 0 , 0 , 0 , 0.5 , 0 , 4 , 100 , 2.25 
09-Jan-2004 09:46,200201,MANCHESTER,FRANCE,TOULOUSE (BLAGNAC),BRITISH AIRWAYS PLC,A,C, 4 , 0 , 25 , 25 , 25 , 25 , 0 , 0 , 43.25 , 0 , 4 , 25 , 27.75 
09-Jan-2004 09:46,200201,MANCHESTER,FRANCE,TOULOUSE (BLAGNAC),BRITISH AIRWAYS PLC,D,C, 4 , 0 , 100 , 0 , 0 , 0 , 0 , 0 , 0 , 0 , 4 , 100 , 0 
09-Jan-2004 09:46,200201,MANCHESTER,FRANCE,TOULOUSE (BLAGNAC),MY TRAVEL AIRWAYS UK,A,C, 4 , 0 , 50 , 0 , 0 , 25 , 25 , 0 , 82.25 , 0 , 4 , 75 , 4 
09-Jan-2004 09:46,200201,MANCHESTER,FRANCE,TOULOUSE (BLAGNAC),MY TRAVEL AIRWAYS UK,D,C, 4 , 0 , 75 , 0 , 0 , 0 , 25 , 0 , 62 , 0 , 4 , 75 , 8.25 
09-Jan-2004 09:46,200201,MANCHESTER,FRANCE,TOULOUSE (BLAGNAC),THOMAS COOK AIRLINES LTD,A,C, 4 , 0 , 75 , 25 , 0 , 0 , 0 , 0 , 8.25 , 0 , 4 , 100 , 2.75 
09-Jan-2004 09:46,200201,MANCHESTER,FRANCE,TOULOUSE (BLAGNAC),THOMAS COOK AIRLINES LTD,D,C, 4 , 0 , 100 , 0 , 0 , 0 , 0 , 0 , 0 , 0 , 4 , 100 , 0 
09-Jan-2004 09:46,200201,MANCHESTER,GAMBIA,BANJUL,AIR 2000,A,C, 3 , 0 , 0 , 0 , 100 , 0 , 0 , 0 , 57.3333333333333 , 0 , 0 , 0 , 0 
09-Jan-2004 09:46,200201,MANCHESTER,GAMBIA,BANJUL,AIR 2000,D,C, 4 , 0 , 100 , 0 , 0 , 0 , 0 , 0 , 0.5 , 0 , 0 , 0 , 0 
09-Jan-2004 09:46,200201,MANCHESTER,GAMBIA,BANJUL,MY TRAVEL AIRWAYS UK,A,C, 5 , 0 , 20 , 20 , 20 , 40 , 0 , 0 , 63.8 , 0 , 4 , 25 , 364.5 
09-Jan-2004 09:46,200201,MANCHESTER,GAMBIA,BANJUL,MY TRAVEL AIRWAYS UK,D,C, 5 , 0 , 80 , 20 , 0 , 0 , 0 , 0 , 3.4 , 0 , 4 , 0 , 195.5 
09-Jan-2004 09:46,200201,MANCHESTER,GAMBIA,BANJUL,THOMAS COOK AIRLINES LTD,A,C, 3 , 1 , 33.3333333333333 , 33.3333333333333 , 0 , 33.3333333333333 , 0 , 0 , 60.3333333333333 , 0 , 4 , 0 , 67 
09-Jan-2004 09:46,200201,MANCHESTER,GAMBIA,BANJUL,THOMAS COOK AIRLINES LTD,D,C, 4 , 0 , 100 , 0 , 0 , 0 , 0 , 0 , 0.75 , 0 , 4 , 50 , 22.25 
09-Jan-2004 09:46,200201,MANCHESTER,GERMANY,BERLIN (SCHONEFELD),AIR 2000,D,C, 1 , 0 , 100 , 0 , 0 , 0 , 0 , 0 , 12 , 0 , 0 , 0 , 0 
09-Jan-2004 09:46,200201,MANCHESTER,GERMANY,BERLIN (TEGEL),BRITISH REGIONAL AIRLINES LTD,A,S, 27 , 0 , 92.5925925925926 , 0 , 7.40740740740741 , 0 , 0 , 0 , 6.37037037037037 , 3 , 26 , 96.1538461538462 , 4.53846153846154 
09-Jan-2004 09:46,200201,MANCHESTER,GERMANY,BERLIN (TEGEL),BRITISH REGIONAL AIRLINES LTD,D,S, 29 , 0 , 82.7586206896552 , 6.89655172413793 , 6.89655172413793 , 3.44827586206897 , 0 , 0 , 10.0689655172414 , 1 , 26 , 96.1538461538462 , 1.30769230769231 
09-Jan-2004 09:46,200201,MANCHESTER,GERMANY,DUSSELDORF,BMI BRITISH MIDLAND,A,S, 74 , 0 , 72.972972972973 , 16.2162162162162 , 5.40540540540541 , 5.40540540540541 , 0 , 0 , 11.6216216216216 , 1 , 78 , 93.5897435897436 , 3.84615384615385 
09-Jan-2004 09:46,200201,MANCHESTER,GERMANY,DUSSELDORF,BMI BRITISH MIDLAND,D,S, 75 , 0 , 84 , 6.66666666666667 , 8 , 1.33333333333333 , 0 , 0 , 6.42666666666667 , 0 , 78 , 94.8717948717949 , 2.73076923076923 
09-Jan-2004 09:46,200201,MANCHESTER,GERMANY,DUSSELDORF,BRITISH AIRWAYS PLC,A,S, 100 , 0 , 77 , 12 , 7 , 3 , 1 , 0 , 11.49 , 1 , 71 , 90.1408450704225 , 3.90140845070423 
09-Jan-2004 09:46,200201,MANCHESTER,GERMANY,DUSSELDORF,BRITISH AIRWAYS PLC,D,S, 101 , 0 , 78.2178217821782 , 7.92079207920792 , 9.9009900990099 , 3.96039603960396 , 0 , 0 , 10.6237623762376 , 1 , 72 , 86.1111111111111 , 9 
09-Jan-2004 09:46,200201,MANCHESTER,GERMANY,FRANKFURT MAIN,BRITISH AIRWAYS PLC,A,S, 108 , 0 , 61.1111111111111 , 23.1481481481481 , 11.1111111111111 , 3.7037037037037 , 0.925925925925926 , 0 , 17.9259259259259 , 1 , 96 , 73.9583333333333 , 9.91666666666667 
09-Jan-2004 09:46,200201,MANCHESTER,GERMANY,FRANKFURT MAIN,BRITISH AIRWAYS PLC,D,S, 109 , 0 , 83.4862385321101 , 7.3394495412844 , 4.58715596330275 , 4.58715596330275 , 0 , 0 , 9.93577981651376 , 1 , 97 , 83.5051546391752 , 8.5979381443299 
09-Jan-2004 09:46,200201,MANCHESTER,GERMANY,FRANKFURT MAIN,LUFTHANSA,A,S, 93 , 0 , 78.494623655914 , 12.9032258064516 , 6.45161290322581 , 2.1505376344086 , 0 , 0 , 10.3118279569892 , 0 , 123 , 85.3658536585366 , 5.99186991869919 
09-Jan-2004 09:46,200201,MANCHESTER,GERMANY,FRANKFURT MAIN,LUFTHANSA,D,S, 92 , 0 , 86.9565217391304 , 6.52173913043478 , 4.34782608695652 , 2.17391304347826 , 0 , 0 , 6.65217391304348 , 0 , 122 , 87.7049180327869 , 6.27049180327869 
09-Jan-2004 09:46,200201,MANCHESTER,GERMANY,HAMBURG,BRITISH AIRWAYS PLC,A,S, 0 , 1 , 0 , 0 , 0 , 0 , 0 , 0 , 0 , 0 , 0 , 0 , 0 
09-Jan-2004 09:46,200201,MANCHESTER,GERMANY,HAMBURG,LUFTHANSA,A,S, 2 , 0 , 100 , 0 , 0 , 0 , 0 , 0 , 0 , 1 , 40 , 92.5 , 6.225 
09-Jan-2004 09:46,200201,MANCHESTER,GERMANY,HAMBURG,LUFTHANSA,D,S, 2 , 0 , 100 , 0 , 0 , 0 , 0 , 0 , 0 , 1 , 40 , 75 , 17.125 
09-Jan-2004 09:46,200201,MANCHESTER,GERMANY,HAMBURG,LUFTHANSA CITY LINE,A,S, 46 , 0 , 76.0869565217391 , 13.0434782608696 , 8.69565217391304 , 2.17391304347826 , 0 , 0 , 9.39130434782609 , 0 , 8 , 87.5 , 7.625 
09-Jan-2004 09:46,200201,MANCHESTER,GERMANY,HAMBURG,LUFTHANSA CITY LINE,D,S, 46 , 0 , 76.0869565217391 , 15.2173913043478 , 8.69565217391304 , 0 , 0 , 0 , 9 , 0 , 8 , 62.5 , 11.25 
09-Jan-2004 09:46,200201,MANCHESTER,GERMANY,HANOVER,BRITISH AIRWAYS PLC,A,C, 0 , 1 , 0 , 0 , 0 , 0 , 0 , 0 , 0 , 0 , 0 , 0 , 0 
09-Jan-2004 09:46,200201,MANCHESTER,GERMANY,HANOVER,BRITISH REGIONAL AIRLINES LTD,A,S, 30 , 0 , 90 , 6.66666666666667 , 0 , 3.33333333333333 , 0 , 0 , 6.06666666666667 , 0 , 25 , 92 , 2 
09-Jan-2004 09:46,200201,MANCHESTER,GERMANY,HANOVER,BRITISH REGIONAL AIRLINES LTD,D,S, 30 , 0 , 93.3333333333333 , 3.33333333333333 , 3.33333333333333 , 0 , 0 , 0 , 3.6 , 0 , 25 , 88 , 4.68 
09-Jan-2004 09:46,200201,MANCHESTER,GERMANY,MUNICH,BRITISH AIRWAYS PLC,A,C, 0 , 1 , 0 , 0 , 0 , 0 , 0 , 0 , 0 , 0 , 0 , 0 , 0 
09-Jan-2004 09:46,200201,MANCHESTER,GERMANY,MUNICH,LUFTHANSA,A,S, 62 , 0 , 33.8709677419355 , 20.9677419354839 , 32.258064516129 , 12.9032258064516 , 0 , 0 , 32.5161290322581 , 2 , 61 , 72.1311475409836 , 17.4754098360656 
09-Jan-2004 09:46,200201,MANCHESTER,GERMANY,MUNICH,LUFTHANSA,D,S, 61 , 0 , 80.327868852459 , 8.19672131147541 , 8.19672131147541 , 3.27868852459016 , 0 , 0 , 9.27868852459016 , 2 , 59 , 88.135593220339 , 15.728813559322 
09-Jan-2004 09:46,200201,MANCHESTER,GERMANY,MUNICH,LUFTHANSA CITY LINE,A,S, 22 , 1 , 68.1818181818182 , 22.7272727272727 , 9.09090909090909 , 0 , 0 , 0 , 10.1818181818182 , 0 , 27 , 88.8888888888889 , 7.77777777777778 
09-Jan-2004 09:46,200201,MANCHESTER,GERMANY,MUNICH,LUFTHANSA CITY LINE,D,S, 21 , 0 , 80.9523809523809 , 9.52380952380952 , 4.76190476190476 , 4.76190476190476 , 0 , 0 , 9.28571428571429 , 0 , 27 , 77.7777777777778 , 13.8148148148148 
09-Jan-2004 09:46,200201,MANCHESTER,GERMANY,MUNSTER-OSNABRUCK,EUROPEAN AIR CHARTER,D,C, 0 , 1 , 0 , 0 , 0 , 0 , 0 , 0 , 0 , 0 , 0 , 0 , 0 
09-Jan-2004 09:46,200201,MANCHESTER,GERMANY,STUTTGART,LUFTHANSA CITY LINE,A,S, 25 , 0 , 80 , 8 , 8 , 4 , 0 , 0 , 10.2 , 0 , 22 , 100 , 2.59090909090909 
09-Jan-2004 09:46,200201,MANCHESTER,GERMANY,STUTTGART,LUFTHANSA CITY LINE,D,S, 25 , 0 , 84 , 12 , 0 , 4 , 0 , 0 , 7.64 , 0 , 21 , 100 , 2.42857142857143 
09-Jan-2004 09:46,200201,MANCHESTER,GREECE,ATHENS,OLYMPIC AIRWAYS,A,S, 13 , 0 , 7.69230769230769 , 38.4615384615385 , 38.4615384615385 , 7.69230769230769 , 7.69230769230769 , 0 , 57.3846153846154 , 0 , 13 , 0 , 31.7692307692308 
09-Jan-2004 09:46,200201,MANCHESTER,GREECE,ATHENS,OLYMPIC AIRWAYS,D,S, 13 , 0 , 15.3846153846154 , 46.1538461538462 , 23.0769230769231 , 0 , 15.3846153846154 , 0 , 62 , 0 , 13 , 23.0769230769231 , 28.6923076923077 
09-Jan-2004 09:46,200201,MANCHESTER,GREECE,CORFU,VIRGIN ATLANTIC AIRWAYS LTD,A,C, 0 , 0 , 0 , 0 , 0 , 0 , 0 , 0 , 0 , 0 , 1 , 100 , 0 
09-Jan-2004 09:46,200201,MANCHESTER,GREECE,HERAKLION,AIR 2000,A,C, 0 , 0 , 0 , 0 , 0 , 0 , 0 , 0 , 0 , 0 , 1 , 0 , 110 
09-Jan-2004 09:46,200201,MANCHESTER,GREECE,HERAKLION,AIR 2000,D,C, 0 , 0 , 0 , 0 , 0 , 0 , 0 , 0 , 0 , 0 , 1 , 0 , 61 
09-Jan-2004 09:46,200201,MANCHESTER,GREECE,SALONIKA,THOMAS COOK AIRLINES LTD,A,C, 1 , 0 , 0 , 0 , 0 , 100 , 0 , 0 , 70 , 0 , 0 , 0 , 0 
09-Jan-2004 09:46,200201,MANCHESTER,GREECE,SALONIKA,THOMAS COOK AIRLINES LTD,D,C, 1 , 0 , 0 , 0 , 100 , 0 , 0 , 0 , 53 , 0 , 0 , 0 , 0 
09-Jan-2004 09:46,200201,MANCHESTER,GREECE,SALONIKA,VIRGIN ATLANTIC AIRWAYS LTD,D,C, 0 , 0 , 0 , 0 , 0 , 0 , 0 , 0 , 0 , 0 , 1 , 0 , 34 
09-Jan-2004 09:46,200201,MANCHESTER,HONG KONG,HONG KONG (CHEP LAP KOK),CATHAY PACIFIC AIRWAYS,A,S, 0 , 0 , 0 , 0 , 0 , 0 , 0 , 0 , 0 , 0 , 30 , 66.6666666666667 , 14.3 
09-Jan-2004 09:46,200201,MANCHESTER,HONG KONG,HONG KONG (CHEP LAP KOK),CATHAY PACIFIC AIRWAYS,D,S, 0 , 0 , 0 , 0 , 0 , 0 , 0 , 0 , 0 , 0 , 31 , 54.8387096774194 , 25.5161290322581 
09-Jan-2004 09:46,200201,MANCHESTER,HUNGARY,BUDAPEST,MALEV (HUNGARIAN AIRLINES),A,S, 15 , 0 , 93.3333333333333 , 6.66666666666667 , 0 , 0 , 0 , 0 , 1.93333333333333 , 0 , 0 , 0 , 0 
09-Jan-2004 09:46,200201,MANCHESTER,HUNGARY,BUDAPEST,MALEV (HUNGARIAN AIRLINES),D,S, 13 , 0 , 100 , 0 , 0 , 0 , 0 , 0 , 1.15384615384615 , 1 , 0 , 0 , 0 
09-Jan-2004 09:46,200201,MANCHESTER,ICELAND,KEFLAVIK,MY TRAVEL AIRWAYS UK,A,C, 0 , 0 , 0 , 0 , 0 , 0 , 0 , 0 , 0 , 0 , 1 , 0 , 26 
09-Jan-2004 09:46,200201,MANCHESTER,ICELAND,KEFLAVIK,MY TRAVEL AIRWAYS UK,D,C, 0 , 0 , 0 , 0 , 0 , 0 , 0 , 0 , 0 , 0 , 1 , 100 , 0 
09-Jan-2004 09:46,200201,MANCHESTER,INDIA,GOA,BRITANNIA AIRWAYS,A,C, 0 , 0 , 0 , 0 , 0 , 0 , 0 , 0 , 0 , 0 , 4 , 75 , 7.75 
09-Jan-2004 09:46,200201,MANCHESTER,INDIA,GOA,BRITANNIA AIRWAYS,D,C, 0 , 0 , 0 , 0 , 0 , 0 , 0 , 0 , 0 , 0 , 4 , 100 , 2.75 
09-Jan-2004 09:46,200201,MANCHESTER,INDIA,GOA,MONARCH AIRLINES,A,C, 10 , 0 , 50 , 40 , 0 , 10 , 0 , 0 , 21.9 , 0 , 12 , 58.3333333333333 , 35.6666666666667 
09-Jan-2004 09:46,200201,MANCHESTER,INDIA,GOA,MONARCH AIRLINES,D,C, 11 , 0 , 90.9090909090909 , 0 , 0 , 9.09090909090909 , 0 , 0 , 9.45454545454546 , 0 , 12 , 75 , 10.5833333333333 
09-Jan-2004 09:46,200201,MANCHESTER,IRISH REPUBLIC,CONNAUGHT,BRITISH REGIONAL AIRLINES LTD,A,S, 16 , 0 , 100 , 0 , 0 , 0 , 0 , 0 , 2.1875 , 2 , 19 , 84.2105263157895 , 22.4210526315789 
09-Jan-2004 09:46,200201,MANCHESTER,IRISH REPUBLIC,CONNAUGHT,BRITISH REGIONAL AIRLINES LTD,D,S, 16 , 0 , 93.75 , 6.25 , 0 , 0 , 0 , 0 , 2.6875 , 1 , 19 , 73.6842105263158 , 16.7894736842105 
09-Jan-2004 09:46,200201,MANCHESTER,IRISH REPUBLIC,CORK,BRITISH REGIONAL AIRLINES LTD,A,S, 78 , 0 , 82.0512820512821 , 6.41025641025641 , 6.41025641025641 , 2.56410256410256 , 2.56410256410256 , 0 , 13.5641025641026 , 2 , 63 , 88.8888888888889 , 8.23809523809524 
09-Jan-2004 09:46,200201,MANCHESTER,IRISH REPUBLIC,CORK,BRITISH REGIONAL AIRLINES LTD,D,S, 79 , 0 , 84.8101265822785 , 3.79746835443038 , 7.59493670886076 , 3.79746835443038 , 0 , 0 , 11.1392405063291 , 1 , 67 , 80.5970149253731 , 9.8955223880597 
09-Jan-2004 09:46,200201,MANCHESTER,IRISH REPUBLIC,DUBLIN,AER LINGUS,A,S, 167 , 0 , 94.0119760479042 , 2.39520958083832 , 2.39520958083832 , 1.19760479041916 , 0 , 0 , 4.73053892215569 , 1 , 173 , 93.6416184971098 , 6.98265895953757 
09-Jan-2004 09:46,200201,MANCHESTER,IRISH REPUBLIC,DUBLIN,AER LINGUS,D,S, 166 , 0 , 96.3855421686747 , 1.80722891566265 , 1.20481927710843 , 0.602409638554217 , 0 , 0 , 2.12650602409639 , 1 , 170 , 91.1764705882353 , 7.90588235294118 
09-Jan-2004 09:46,200201,MANCHESTER,IRISH REPUBLIC,DUBLIN,BRITISH REGIONAL AIRLINES LTD,D,S, 0 , 1 , 0 , 0 , 0 , 0 , 0 , 0 , 0 , 0 , 0 , 0 , 0 
09-Jan-2004 09:46,200201,MANCHESTER,IRISH REPUBLIC,DUBLIN,LUXAIR,A,S, 30 , 0 , 93.3333333333333 , 3.33333333333333 , 0 , 3.33333333333333 , 0 , 0 , 6.1 , 0 , 0 , 0 , 0 
09-Jan-2004 09:46,200201,MANCHESTER,IRISH REPUBLIC,DUBLIN,LUXAIR,D,S, 30 , 0 , 86.6666666666667 , 3.33333333333333 , 6.66666666666667 , 3.33333333333333 , 0 , 0 , 7.7 , 0 , 0 , 0 , 0 
09-Jan-2004 09:46,200201,MANCHESTER,IRISH REPUBLIC,DUBLIN,RYANAIR,A,S, 139 , 0 , 82.7338129496403 , 10.0719424460432 , 5.03597122302158 , 2.15827338129496 , 0 , 0 , 8.71942446043166 , 3 , 136 , 89.7058823529412 , 4.52941176470588 
09-Jan-2004 09:46,200201,MANCHESTER,IRISH REPUBLIC,DUBLIN,RYANAIR,D,S, 139 , 0 , 89.9280575539568 , 7.19424460431655 , 1.43884892086331 , 1.43884892086331 , 0 , 0 , 5.58992805755396 , 3 , 137 , 86.8613138686131 , 5.18978102189781 
09-Jan-2004 09:46,200201,MANCHESTER,IRISH REPUBLIC,SHANNON,BRITISH REGIONAL AIRLINES LTD,A,S, 31 , 0 , 67.741935483871 , 16.1290322580645 , 12.9032258064516 , 0 , 3.2258064516129 , 0 , 18.4838709677419 , 0 , 49 , 85.7142857142857 , 11.0408163265306 
09-Jan-2004 09:46,200201,MANCHESTER,IRISH REPUBLIC,SHANNON,BRITISH REGIONAL AIRLINES LTD,D,S, 32 , 0 , 90.625 , 6.25 , 3.125 , 0 , 0 , 0 , 3.09375 , 0 , 45 , 88.8888888888889 , 11.5111111111111 
09-Jan-2004 09:46,200201,MANCHESTER,ISRAEL,OVDA,BRITANNIA AIRWAYS,A,C, 4 , 0 , 50 , 25 , 0 , 25 , 0 , 0 , 21.75 , 0 , 5 , 100 , 0 
09-Jan-2004 09:46,200201,MANCHESTER,ISRAEL,OVDA,BRITANNIA AIRWAYS,D,C, 4 , 0 , 100 , 0 , 0 , 0 , 0 , 0 , 0 , 0 , 5 , 40 , 11.4 
09-Jan-2004 09:46,200201,MANCHESTER,ISRAEL,OVDA,VIRGIN ATLANTIC AIRWAYS LTD,A,C, 0 , 0 , 0 , 0 , 0 , 0 , 0 , 0 , 0 , 0 , 4 , 75 , 38.25 
09-Jan-2004 09:46,200201,MANCHESTER,ISRAEL,OVDA,VIRGIN ATLANTIC AIRWAYS LTD,D,C, 0 , 0 , 0 , 0 , 0 , 0 , 0 , 0 , 0 , 0 , 4 , 75 , 54.75 
09-Jan-2004 09:46,200201,MANCHESTER,ISRAEL,TEL AVIV,EL AL,A,S, 0 , 0 , 0 , 0 , 0 , 0 , 0 , 0 , 0 , 0 , 3 , 66.6666666666667 , 19 
09-Jan-2004 09:46,200201,MANCHESTER,ISRAEL,TEL AVIV,EL AL,D,S, 0 , 0 , 0 , 0 , 0 , 0 , 0 , 0 , 0 , 0 , 3 , 66.6666666666667 , 19.6666666666667 
09-Jan-2004 09:46,200201,MANCHESTER,ITALY,BERGAMO,BRITANNIA AIRWAYS,A,C, 4 , 0 , 50 , 50 , 0 , 0 , 0 , 0 , 16.25 , 0 , 4 , 0 , 29 
09-Jan-2004 09:46,200201,MANCHESTER,ITALY,BERGAMO,BRITANNIA AIRWAYS,D,C, 4 , 0 , 100 , 0 , 0 , 0 , 0 , 0 , 6.25 , 0 , 4 , 100 , 7 
09-Jan-2004 09:46,200201,MANCHESTER,ITALY,BERGAMO,MONARCH AIRLINES,A,C, 4 , 0 , 75 , 0 , 25 , 0 , 0 , 0 , 16 , 0 , 4 , 25 , 29 
09-Jan-2004 09:46,200201,MANCHESTER,ITALY,BERGAMO,MONARCH AIRLINES,D,C, 4 , 0 , 100 , 0 , 0 , 0 , 0 , 0 , 2 , 0 , 4 , 75 , 11.5 
09-Jan-2004 09:46,200201,MANCHESTER,ITALY,MILAN (MALPENSA),BRITISH AIRWAYS PLC,A,S, 59 , 1 , 74.5762711864407 , 11.864406779661 , 3.38983050847458 , 10.1694915254237 , 0 , 0 , 18.3728813559322 , 1 , 73 , 71.2328767123288 , 15.5068493150685 
09-Jan-2004 09:46,200201,MANCHESTER,ITALY,MILAN (MALPENSA),BRITISH AIRWAYS PLC,D,S, 60 , 0 , 88.3333333333333 , 1.66666666666667 , 1.66666666666667 , 6.66666666666667 , 0 , 1.66666666666667 , 17.2666666666667 , 0 , 74 , 93.2432432432432 , 5.93243243243243 
09-Jan-2004 09:46,200201,MANCHESTER,ITALY,OLBIA,EUROPEAN AIR CHARTER,A,C, 1 , 0 , 100 , 0 , 0 , 0 , 0 , 0 , 0 , 0 , 0 , 0 , 0 
09-Jan-2004 09:46,200201,MANCHESTER,ITALY,OLBIA,EUROPEAN AIR CHARTER,D,C, 1 , 0 , 100 , 0 , 0 , 0 , 0 , 0 , 0 , 0 , 0 , 0 , 0 
09-Jan-2004 09:46,200201,MANCHESTER,ITALY,PISA,MY TRAVEL AIRWAYS UK,A,C, 0 , 0 , 0 , 0 , 0 , 0 , 0 , 0 , 0 , 0 , 1 , 100 , 7 
09-Jan-2004 09:46,200201,MANCHESTER,ITALY,PISA,MY TRAVEL AIRWAYS UK,D,C, 0 , 0 , 0 , 0 , 0 , 0 , 0 , 0 , 0 , 0 , 1 , 100 , 3 
09-Jan-2004 09:46,200201,MANCHESTER,ITALY,ROME (CIAMPINO),MY TRAVEL AIRWAYS UK,A,C, 0 , 0 , 0 , 0 , 0 , 0 , 0 , 0 , 0 , 0 , 1 , 100 , 0 
09-Jan-2004 09:46,200201,MANCHESTER,ITALY,ROME (CIAMPINO),MY TRAVEL AIRWAYS UK,D,C, 0 , 0 , 0 , 0 , 0 , 0 , 0 , 0 , 0 , 0 , 1 , 100 , 0 
09-Jan-2004 09:46,200201,MANCHESTER,ITALY,ROME (FIUMICINO),BRITISH AIRWAYS PLC,A,S, 17 , 1 , 76.4705882352941 , 5.88235294117647 , 0 , 11.7647058823529 , 0 , 5.88235294117647 , 45.7058823529412 , 0 , 16 , 93.75 , 4 
09-Jan-2004 09:46,200201,MANCHESTER,ITALY,ROME (FIUMICINO),BRITISH AIRWAYS PLC,D,S, 17 , 0 , 82.3529411764706 , 0 , 0 , 11.7647058823529 , 5.88235294117647 , 0 , 36.2352941176471 , 0 , 16 , 75 , 11.375 
09-Jan-2004 09:46,200201,MANCHESTER,ITALY,TRANPANI,EUROPEAN AIR CHARTER,A,C, 0 , 0 , 0 , 0 , 0 , 0 , 0 , 0 , 0 , 0 , 1 , 0 , 30 
09-Jan-2004 09:46,200201,MANCHESTER,ITALY,TRANPANI,EUROPEAN AIR CHARTER,D,C, 0 , 0 , 0 , 0 , 0 , 0 , 0 , 0 , 0 , 0 , 1 , 100 , 2 
09-Jan-2004 09:46,200201,MANCHESTER,ITALY,TURIN,AIR 2000,A,C, 8 , 0 , 37.5 , 25 , 12.5 , 12.5 , 0 , 12.5 , 77 , 0 , 8 , 25 , 31.75 
09-Jan-2004 09:46,200201,MANCHESTER,ITALY,TURIN,AIR 2000,D,C, 8 , 0 , 75 , 0 , 0 , 12.5 , 0 , 12.5 , 64.875 , 0 , 8 , 75 , 11.5 
09-Jan-2004 09:46,200201,MANCHESTER,ITALY,TURIN,BRITANNIA AIRWAYS,A,C, 4 , 0 , 25 , 25 , 50 , 0 , 0 , 0 , 24.5 , 0 , 4 , 0 , 19.25 
09-Jan-2004 09:46,200201,MANCHESTER,ITALY,TURIN,BRITANNIA AIRWAYS,D,C, 4 , 0 , 100 , 0 , 0 , 0 , 0 , 0 , 3.25 , 0 , 4 , 75 , 8.5 
09-Jan-2004 09:46,200201,MANCHESTER,ITALY,TURIN,BRITISH AIRWAYS PLC,A,C, 4 , 0 , 75 , 25 , 0 , 0 , 0 , 0 , 9.75 , 0 , 8 , 50 , 17.625 
09-Jan-2004 09:46,200201,MANCHESTER,ITALY,TURIN,BRITISH AIRWAYS PLC,D,C, 4 , 0 , 75 , 25 , 0 , 0 , 0 , 0 , 7.5 , 0 , 8 , 87.5 , 12.5 
09-Jan-2004 09:46,200201,MANCHESTER,ITALY,TURIN,MY TRAVEL AIRWAYS UK,A,C, 4 , 0 , 25 , 0 , 25 , 50 , 0 , 0 , 72 , 0 , 0 , 0 , 0 
09-Jan-2004 09:46,200201,MANCHESTER,ITALY,TURIN,MY TRAVEL AIRWAYS UK,D,C, 4 , 0 , 75 , 0 , 25 , 0 , 0 , 0 , 13.25 , 0 , 0 , 0 , 0 
09-Jan-2004 09:46,200201,MANCHESTER,ITALY,TURIN,THOMAS COOK AIRLINES LTD,A,C, 4 , 0 , 75 , 0 , 25 , 0 , 0 , 0 , 8.25 , 0 , 4 , 100 , 0 
09-Jan-2004 09:46,200201,MANCHESTER,ITALY,TURIN,THOMAS COOK AIRLINES LTD,D,C, 3 , 1 , 100 , 0 , 0 , 0 , 0 , 0 , 0 , 0 , 4 , 100 , 0 
09-Jan-2004 09:46,200201,MANCHESTER,ITALY,VERONA,AIR 2000,A,C, 4 , 0 , 50 , 50 , 0 , 0 , 0 , 0 , 13.5 , 0 , 4 , 25 , 25.25 
09-Jan-2004 09:46,200201,MANCHESTER,ITALY,VERONA,AIR 2000,D,C, 4 , 0 , 75 , 25 , 0 , 0 , 0 , 0 , 4.5 , 0 , 4 , 75 , 11.25 
09-Jan-2004 09:46,200201,MANCHESTER,JAMAICA,MONTEGO BAY,MY TRAVEL AIRWAYS UK,A,C, 9 , 0 , 33.3333333333333 , 0 , 22.2222222222222 , 22.2222222222222 , 11.1111111111111 , 11.1111111111111 , 123.555555555556 , 0 , 10 , 60 , 35.1 
09-Jan-2004 09:46,200201,MANCHESTER,JAMAICA,MONTEGO BAY,MY TRAVEL AIRWAYS UK,D,C, 8 , 0 , 50 , 25 , 0 , 25 , 0 , 0 , 47.125 , 0 , 9 , 22.2222222222222 , 31 
09-Jan-2004 09:46,200201,MANCHESTER,JORDAN,AMMAN,ROYAL JORDANIAN,A,C, 1 , 0 , 0 , 0 , 0 , 100 , 0 , 0 , 68 , 0 , 0 , 0 , 0 
09-Jan-2004 09:46,200201,MANCHESTER,JORDAN,AMMAN,ROYAL JORDANIAN,D,C, 1 , 0 , 0 , 0 , 0 , 100 , 0 , 0 , 119 , 0 , 0 , 0 , 0 
09-Jan-2004 09:46,200201,MANCHESTER,KENYA,MOMBASA,BRITANNIA AIRWAYS,A,C, 2 , 0 , 100 , 0 , 0 , 0 , 0 , 0 , 0 , 0 , 5 , 60 , 48.4 
09-Jan-2004 09:46,200201,MANCHESTER,KENYA,MOMBASA,BRITANNIA AIRWAYS,D,C, 2 , 0 , 100 , 0 , 0 , 0 , 0 , 0 , 0 , 0 , 4 , 100 , 2.75 
09-Jan-2004 09:46,200201,MANCHESTER,KENYA,MOMBASA,MONARCH AIRLINES,A,C, 5 , 0 , 60 , 20 , 0 , 0 , 0 , 20 , 82.8 , 0 , 5 , 60 , 48.6 
09-Jan-2004 09:46,200201,MANCHESTER,KENYA,MOMBASA,MONARCH AIRLINES,D,C, 4 , 0 , 100 , 0 , 0 , 0 , 0 , 0 , 0 , 0 , 5 , 80 , 27.6 
09-Jan-2004 09:46,200201,MANCHESTER,KENYA,NAIROBI,MONARCH AIRLINES,A,C, 0 , 0 , 0 , 0 , 0 , 0 , 0 , 0 , 0 , 0 , 1 , 100 , 0 
09-Jan-2004 09:46,200201,MANCHESTER,KENYA,NAIROBI,MONARCH AIRLINES,D,C, 0 , 0 , 0 , 0 , 0 , 0 , 0 , 0 , 0 , 0 , 6 , 66.6666666666667 , 28.6666666666667 
09-Jan-2004 09:46,200201,MANCHESTER,LUXEMBOURG,LUXEMBOURG,LUXAIR,A,S, 30 , 0 , 60 , 26.6666666666667 , 10 , 3.33333333333333 , 0 , 0 , 18.2333333333333 , 0 , 21 , 61.9047619047619 , 16 
09-Jan-2004 09:46,200201,MANCHESTER,LUXEMBOURG,LUXEMBOURG,LUXAIR,D,S, 30 , 0 , 90 , 6.66666666666667 , 0 , 3.33333333333333 , 0 , 0 , 4.43333333333333 , 0 , 21 , 95.2380952380952 , 4.42857142857143 
09-Jan-2004 09:46,200201,MANCHESTER,MALAYSIA,KUALA LUMPUR (SEPANG),MALAYSIAN AIRLINES SYSTEM-MAS,A,S, 14 , 0 , 0 , 21.4285714285714 , 71.4285714285714 , 0 , 7.14285714285714 , 0 , 53.4285714285714 , 0 , 13 , 100 , 1.92307692307692 
09-Jan-2004 09:46,200201,MANCHESTER,MALAYSIA,KUALA LUMPUR (SEPANG),MALAYSIAN AIRLINES SYSTEM-MAS,D,S, 14 , 0 , 71.4285714285714 , 14.2857142857143 , 7.14285714285714 , 0 , 7.14285714285714 , 0 , 21.9285714285714 , 0 , 13 , 30.7692307692308 , 50.1538461538462 
09-Jan-2004 09:46,200201,MANCHESTER,MALDIVE ISLANDS,MALE INTERNATIONAL,MY TRAVEL AIRWAYS UK,A,C, 4 , 1 , 0 , 0 , 50 , 25 , 25 , 0 , 105 , 0 , 5 , 60 , 16 
09-Jan-2004 09:46,200201,MANCHESTER,MALDIVE ISLANDS,MALE INTERNATIONAL,MY TRAVEL AIRWAYS UK,D,C, 4 , 0 , 75 , 0 , 25 , 0 , 0 , 0 , 18.5 , 0 , 4 , 100 , 2.75 
09-Jan-2004 09:46,200201,MANCHESTER,MALTA,MALTA,AIR 2000,A,C, 2 , 0 , 50 , 0 , 50 , 0 , 0 , 0 , 23 , 0 , 5 , 80 , 11.4 
09-Jan-2004 09:46,200201,MANCHESTER,MALTA,MALTA,AIR 2000,D,C, 2 , 0 , 100 , 0 , 0 , 0 , 0 , 0 , 0 , 0 , 5 , 80 , 5 
09-Jan-2004 09:46,200201,MANCHESTER,MALTA,MALTA,AIR MALTA,A,C, 1 , 0 , 100 , 0 , 0 , 0 , 0 , 0 , 0 , 0 , 6 , 100 , 0 
09-Jan-2004 09:46,200201,MANCHESTER,MALTA,MALTA,AIR MALTA,A,S, 19 , 2 , 94.7368421052632 , 0 , 0 , 5.26315789473684 , 0 , 0 , 5.26315789473684 , 1 , 8 , 100 , 0.125 
09-Jan-2004 09:46,200201,MANCHESTER,MALTA,MALTA,AIR MALTA,D,C, 1 , 0 , 100 , 0 , 0 , 0 , 0 , 0 , 0 , 0 , 6 , 83.3333333333333 , 4.16666666666667 
09-Jan-2004 09:46,200201,MANCHESTER,MALTA,MALTA,AIR MALTA,D,S, 21 , 0 , 90.4761904761905 , 0 , 4.76190476190476 , 4.76190476190476 , 0 , 0 , 7.09523809523809 , 0 , 8 , 75 , 6.5 
09-Jan-2004 09:46,200201,MANCHESTER,MALTA,MALTA,BRITANNIA AIRWAYS,A,C, 5 , 0 , 100 , 0 , 0 , 0 , 0 , 0 , 5.4 , 0 , 5 , 80 , 12.4 
09-Jan-2004 09:46,200201,MANCHESTER,MALTA,MALTA,BRITANNIA AIRWAYS,D,C, 5 , 0 , 100 , 0 , 0 , 0 , 0 , 0 , 2 , 0 , 5 , 80 , 16.2 
09-Jan-2004 09:46,200201,MANCHESTER,MALTA,MALTA,EXCEL AIRWAYS LTD,A,S, 2 , 0 , 50 , 0 , 50 , 0 , 0 , 0 , 26.5 , 0 , 1 , 100 , 0 
09-Jan-2004 09:46,200201,MANCHESTER,MALTA,MALTA,EXCEL AIRWAYS LTD,D,S, 2 , 0 , 50 , 50 , 0 , 0 , 0 , 0 , 14 , 0 , 1 , 100 , 0 
09-Jan-2004 09:46,200201,MANCHESTER,MALTA,MALTA,MY TRAVEL AIRWAYS UK,A,C, 5 , 0 , 80 , 20 , 0 , 0 , 0 , 0 , 6.8 , 0 , 5 , 40 , 13 
09-Jan-2004 09:46,200201,MANCHESTER,MALTA,MALTA,MY TRAVEL AIRWAYS UK,D,C, 5 , 0 , 100 , 0 , 0 , 0 , 0 , 0 , 0 , 0 , 5 , 100 , 0 
09-Jan-2004 09:46,200201,MANCHESTER,MALTA,MALTA,THOMAS COOK AIRLINES LTD,A,C, 1 , 0 , 0 , 0 , 100 , 0 , 0 , 0 , 50 , 0 , 6 , 66.6666666666667 , 75.8333333333333 
09-Jan-2004 09:46,200201,MANCHESTER,MALTA,MALTA,THOMAS COOK AIRLINES LTD,D,C, 1 , 0 , 100 , 0 , 0 , 0 , 0 , 0 , 0 , 0 , 6 , 83.3333333333333 , 10.5 
09-Jan-2004 09:46,200201,MANCHESTER,MAURITIUS,MAURITIUS,AIR MAURITIUS LTD,A,S, 1 , 0 , 0 , 0 , 100 , 0 , 0 , 0 , 42 , 0 , 5 , 60 , 13.4 
09-Jan-2004 09:46,200201,MANCHESTER,MAURITIUS,MAURITIUS,AIR MAURITIUS LTD,D,S, 1 , 0 , 0 , 0 , 0 , 100 , 0 , 0 , 110 , 0 , 5 , 20 , 40.4 
09-Jan-2004 09:46,200201,MANCHESTER,MEXICO,ACAPULCO,BRITANNIA AIRWAYS,A,C, 1 , 0 , 100 , 0 , 0 , 0 , 0 , 0 , 5 , 0 , 0 , 0 , 0 
09-Jan-2004 09:46,200201,MANCHESTER,MEXICO,ACAPULCO,BRITANNIA AIRWAYS,D,C, 1 , 0 , 100 , 0 , 0 , 0 , 0 , 0 , 8 , 0 , 0 , 0 , 0 
09-Jan-2004 09:46,200201,MANCHESTER,MEXICO,ACAPULCO,MY TRAVEL AIRWAYS UK,A,C, 0 , 0 , 0 , 0 , 0 , 0 , 0 , 0 , 0 , 0 , 4 , 100 , 2 
09-Jan-2004 09:46,200201,MANCHESTER,MEXICO,ACAPULCO,MY TRAVEL AIRWAYS UK,D,C, 0 , 0 , 0 , 0 , 0 , 0 , 0 , 0 , 0 , 0 , 4 , 0 , 32 
09-Jan-2004 09:46,200201,MANCHESTER,MEXICO,CANCUN,AIR 2000,A,C, 5 , 0 , 20 , 40 , 40 , 0 , 0 , 0 , 26.6 , 0 , 5 , 20 , 60.6 
09-Jan-2004 09:46,200201,MANCHESTER,MEXICO,CANCUN,AIR 2000,D,C, 5 , 0 , 100 , 0 , 0 , 0 , 0 , 0 , 0.4 , 0 , 4 , 50 , 24.25 
09-Jan-2004 09:46,200201,MANCHESTER,MEXICO,CANCUN,MY TRAVEL AIRWAYS UK,A,C, 7 , 1 , 71.4285714285714 , 14.2857142857143 , 14.2857142857143 , 0 , 0 , 0 , 11.5714285714286 , 0 , 0 , 0 , 0 
09-Jan-2004 09:46,200201,MANCHESTER,MEXICO,CANCUN,MY TRAVEL AIRWAYS UK,D,C, 8 , 0 , 75 , 12.5 , 12.5 , 0 , 0 , 0 , 11.375 , 0 , 0 , 0 , 0 
09-Jan-2004 09:46,200201,MANCHESTER,MEXICO,PUERTO VALLARTA,AIR 2000,A,C, 0 , 0 , 0 , 0 , 0 , 0 , 0 , 0 , 0 , 0 , 2 , 50 , 40.5 
09-Jan-2004 09:46,200201,MANCHESTER,MEXICO,PUERTO VALLARTA,AIR 2000,D,C, 0 , 0 , 0 , 0 , 0 , 0 , 0 , 0 , 0 , 0 , 2 , 50 , 64.5 
09-Jan-2004 09:46,200201,MANCHESTER,MOROCCO,AGADIR,AIR 2000,A,C, 0 , 0 , 0 , 0 , 0 , 0 , 0 , 0 , 0 , 0 , 1 , 100 , 0 
09-Jan-2004 09:46,200201,MANCHESTER,MOROCCO,AGADIR,AIR 2000,D,C, 0 , 0 , 0 , 0 , 0 , 0 , 0 , 0 , 0 , 0 , 1 , 0 , 31 
09-Jan-2004 09:46,200201,MANCHESTER,MOROCCO,AGADIR,MY TRAVEL AIRWAYS UK,A,C, 1 , 0 , 0 , 0 , 0 , 0 , 100 , 0 , 212 , 0 , 0 , 0 , 0 
09-Jan-2004 09:46,200201,MANCHESTER,MOROCCO,AGADIR,MY TRAVEL AIRWAYS UK,D,C, 1 , 0 , 0 , 0 , 0 , 100 , 0 , 0 , 131 , 0 , 0 , 0 , 0 
09-Jan-2004 09:46,200201,MANCHESTER,MOROCCO,MARRAKESH,AIR 2000,A,C, 0 , 1 , 0 , 0 , 0 , 0 , 0 , 0 , 0 , 0 , 0 , 0 , 0 
09-Jan-2004 09:46,200201,MANCHESTER,NETHERLANDS,AMSTERDAM,BRITISH AIRWAYS PLC,A,S, 124 , 0 , 59.6774193548387 , 16.9354838709677 , 10.4838709677419 , 11.2903225806452 , 1.61290322580645 , 0 , 26.3629032258065 , 7 , 99 , 75.7575757575758 , 17.2929292929293 
09-Jan-2004 09:46,200201,MANCHESTER,NETHERLANDS,AMSTERDAM,BRITISH AIRWAYS PLC,D,S, 125 , 0 , 75.2 , 6.4 , 8.8 , 8.8 , 0.8 , 0 , 15.728 , 6 , 99 , 69.6969696969697 , 16.2121212121212 
09-Jan-2004 09:46,200201,MANCHESTER,NETHERLANDS,AMSTERDAM,KLM,A,C, 1 , 0 , 0 , 0 , 100 , 0 , 0 , 0 , 42 , 0 , 0 , 0 , 0 
09-Jan-2004 09:46,200201,MANCHESTER,NETHERLANDS,AMSTERDAM,KLM,D,C, 1 , 0 , 100 , 0 , 0 , 0 , 0 , 0 , 4 , 0 , 0 , 0 , 0 
09-Jan-2004 09:46,200201,MANCHESTER,NETHERLANDS,AMSTERDAM,KLM UK LTD,A,S, 214 , 0 , 61.6822429906542 , 10.7476635514019 , 14.4859813084112 , 9.81308411214953 , 3.27102803738318 , 0 , 27.411214953271 , 3 , 221 , 76.9230769230769 , 13.7285067873303 
09-Jan-2004 09:46,200201,MANCHESTER,NETHERLANDS,AMSTERDAM,KLM UK LTD,D,S, 211 , 0 , 63.9810426540284 , 8.05687203791469 , 14.6919431279621 , 11.3744075829384 , 1.8957345971564 , 0 , 26.7440758293839 , 9 , 219 , 68.9497716894977 , 17.8173515981735 
09-Jan-2004 09:46,200201,MANCHESTER,NETHERLANDS,EINDHOVEN,B A S E BUSINESS AIRLINES,A,S, 0 , 0 , 0 , 0 , 0 , 0 , 0 , 0 , 0 , 0 , 60 , 76.6666666666667 , 13.6 
09-Jan-2004 09:46,200201,MANCHESTER,NETHERLANDS,EINDHOVEN,B A S E BUSINESS AIRLINES,D,S, 0 , 0 , 0 , 0 , 0 , 0 , 0 , 0 , 0 , 0 , 46 , 84.7826086956522 , 12.8478260869565 
09-Jan-2004 09:46,200201,MANCHESTER,NETHERLANDS,ROTTERDAM,VLM (BELGIUM),A,S, 43 , 0 , 67.4418604651163 , 11.6279069767442 , 13.953488372093 , 6.97674418604651 , 0 , 0 , 16.8139534883721 , 3 , 44 , 86.3636363636364 , 7.90909090909091 
09-Jan-2004 09:46,200201,MANCHESTER,NETHERLANDS,ROTTERDAM,VLM (BELGIUM),D,S, 43 , 0 , 76.7441860465116 , 16.2790697674419 , 4.65116279069767 , 2.32558139534884 , 0 , 0 , 9.30232558139535 , 3 , 44 , 95.4545454545455 , 4.45454545454545 
09-Jan-2004 09:46,200201,MANCHESTER,NORWAY,BERGEN,AMERICAN TRANS AIR,D,C, 0 , 1 , 0 , 0 , 0 , 0 , 0 , 0 , 0 , 0 , 0 , 0 , 0 
09-Jan-2004 09:46,200201,MANCHESTER,NORWAY,BERGEN,SYRIANAIR,A,C, 1 , 0 , 100 , 0 , 0 , 0 , 0 , 0 , 0 , 0 , 0 , 0 , 0 
09-Jan-2004 09:46,200201,MANCHESTER,NORWAY,BERGEN,SYRIANAIR,D,C, 2 , 0 , 0 , 0 , 100 , 0 , 0 , 0 , 35.5 , 0 , 0 , 0 , 0 
09-Jan-2004 09:46,200201,MANCHESTER,NORWAY,OSLO (GARDERMOEN),BRITISH AIRWAYS PLC,A,S, 0 , 0 , 0 , 0 , 0 , 0 , 0 , 0 , 0 , 0 , 51 , 74.5098039215686 , 9.52941176470588 
09-Jan-2004 09:46,200201,MANCHESTER,NORWAY,OSLO (GARDERMOEN),BRITISH AIRWAYS PLC,D,S, 0 , 0 , 0 , 0 , 0 , 0 , 0 , 0 , 0 , 0 , 51 , 78.4313725490196 , 8.94117647058824 
09-Jan-2004 09:46,200201,MANCHESTER,NORWAY,OSLO (GARDERMOEN),BRITISH REGIONAL AIRLINES LTD,A,S, 52 , 0 , 73.0769230769231 , 7.69230769230769 , 13.4615384615385 , 5.76923076923077 , 0 , 0 , 15.5384615384615 , 0 , 0 , 0 , 0 
09-Jan-2004 09:46,200201,MANCHESTER,NORWAY,OSLO (GARDERMOEN),BRITISH REGIONAL AIRLINES LTD,D,S, 52 , 0 , 80.7692307692308 , 9.61538461538462 , 3.84615384615385 , 5.76923076923077 , 0 , 0 , 10.4423076923077 , 0 , 0 , 0 , 0 
09-Jan-2004 09:46,200201,MANCHESTER,NORWAY,OSLO (GARDERMOEN),SAS,A,S, 0 , 0 , 0 , 0 , 0 , 0 , 0 , 0 , 0 , 0 , 23 , 82.6086956521739 , 8.8695652173913 
09-Jan-2004 09:46,200201,MANCHESTER,NORWAY,OSLO (GARDERMOEN),SAS,D,S, 0 , 0 , 0 , 0 , 0 , 0 , 0 , 0 , 0 , 0 , 23 , 91.304347826087 , 9.52173913043478 
09-Jan-2004 09:46,200201,MANCHESTER,PAKISTAN,ISLAMABAD,PAKISTAN INTL AIRLINES,A,S, 7 , 0 , 0 , 14.2857142857143 , 0 , 14.2857142857143 , 28.5714285714286 , 42.8571428571429 , 352.285714285714 , 0 , 4 , 50 , 24.5 
09-Jan-2004 09:46,200201,MANCHESTER,PAKISTAN,ISLAMABAD,PAKISTAN INTL AIRLINES,D,S, 7 , 0 , 0 , 0 , 0 , 0 , 28.5714285714286 , 71.4285714285714 , 440.714285714286 , 0 , 8 , 12.5 , 78.375 
09-Jan-2004 09:46,200201,MANCHESTER,PAKISTAN,KARACHI,PAKISTAN INTL AIRLINES,A,S, 17 , 0 , 11.7647058823529 , 5.88235294117647 , 23.5294117647059 , 23.5294117647059 , 5.88235294117647 , 29.4117647058824 , 285.705882352941 , 0 , 26 , 26.9230769230769 , 152.153846153846 
09-Jan-2004 09:46,200201,MANCHESTER,PAKISTAN,KARACHI,PAKISTAN INTL AIRLINES,D,S, 23 , 0 , 8.69565217391304 , 13.0434782608696 , 21.7391304347826 , 26.0869565217391 , 13.0434782608696 , 17.3913043478261 , 176.521739130435 , 0 , 23 , 17.3913043478261 , 241.478260869565 
09-Jan-2004 09:46,200201,MANCHESTER,PAKISTAN,LAHORE,PAKISTAN INTL AIRLINES,A,S, 12 , 0 , 8.33333333333333 , 0 , 25 , 41.6666666666667 , 8.33333333333333 , 16.6666666666667 , 178.083333333333 , 0 , 11 , 18.1818181818182 , 213.545454545455 
09-Jan-2004 09:46,200201,MANCHESTER,PAKISTAN,LAHORE,PAKISTAN INTL AIRLINES,D,S, 6 , 0 , 0 , 0 , 0 , 33.3333333333333 , 33.3333333333333 , 33.3333333333333 , 324.5 , 0 , 9 , 11.1111111111111 , 226.666666666667 
09-Jan-2004 09:46,200201,MANCHESTER,POLAND,WARSAW,BRITISH AIRWAYS PLC,A,S, 9 , 0 , 100 , 0 , 0 , 0 , 0 , 0 , 2.66666666666667 , 1 , 25 , 96 , 4.72 
09-Jan-2004 09:46,200201,MANCHESTER,POLAND,WARSAW,BRITISH AIRWAYS PLC,D,S, 9 , 0 , 88.8888888888889 , 0 , 11.1111111111111 , 0 , 0 , 0 , 5 , 1 , 26 , 57.6923076923077 , 12.6923076923077 
09-Jan-2004 09:46,200201,MANCHESTER,POLAND,WARSAW,LOT-POLISH AIRLINES,A,S, 17 , 0 , 52.9411764705882 , 5.88235294117647 , 11.7647058823529 , 23.5294117647059 , 5.88235294117647 , 0 , 40.2352941176471 , 0 , 0 , 0 , 0 
09-Jan-2004 09:46,200201,MANCHESTER,POLAND,WARSAW,LOT-POLISH AIRLINES,D,S, 16 , 0 , 81.25 , 6.25 , 6.25 , 6.25 , 0 , 0 , 9.125 , 0 , 0 , 0 , 0 
09-Jan-2004 09:46,200201,MANCHESTER,PORTUGAL(EXCLUDING MADEIRA),FARO,AIR 2000,A,C, 1 , 0 , 100 , 0 , 0 , 0 , 0 , 0 , 0 , 0 , 1 , 100 , 10 
09-Jan-2004 09:46,200201,MANCHESTER,PORTUGAL(EXCLUDING MADEIRA),FARO,AIR 2000,A,S, 5 , 0 , 40 , 60 , 0 , 0 , 0 , 0 , 13.8 , 0 , 5 , 80 , 11.8 
09-Jan-2004 09:46,200201,MANCHESTER,PORTUGAL(EXCLUDING MADEIRA),FARO,AIR 2000,D,C, 1 , 0 , 100 , 0 , 0 , 0 , 0 , 0 , 0 , 0 , 1 , 100 , 0 
09-Jan-2004 09:46,200201,MANCHESTER,PORTUGAL(EXCLUDING MADEIRA),FARO,AIR 2000,D,S, 5 , 0 , 80 , 0 , 20 , 0 , 0 , 0 , 10 , 0 , 5 , 80 , 13.4 
09-Jan-2004 09:46,200201,MANCHESTER,PORTUGAL(EXCLUDING MADEIRA),FARO,BRAATHENS ASA,A,C, 1 , 0 , 100 , 0 , 0 , 0 , 0 , 0 , 0 , 0 , 0 , 0 , 0 
09-Jan-2004 09:46,200201,MANCHESTER,PORTUGAL(EXCLUDING MADEIRA),FARO,BRAATHENS ASA,D,C, 1 , 0 , 100 , 0 , 0 , 0 , 0 , 0 , 0 , 0 , 0 , 0 , 0 
09-Jan-2004 09:46,200201,MANCHESTER,PORTUGAL(EXCLUDING MADEIRA),FARO,BRITANNIA AIRWAYS,A,C, 6 , 0 , 50 , 16.6666666666667 , 33.3333333333333 , 0 , 0 , 0 , 22.3333333333333 , 0 , 4 , 100 , 7.75 
09-Jan-2004 09:46,200201,MANCHESTER,PORTUGAL(EXCLUDING MADEIRA),FARO,BRITANNIA AIRWAYS,D,C, 6 , 0 , 83.3333333333333 , 16.6666666666667 , 0 , 0 , 0 , 0 , 7 , 0 , 4 , 75 , 8.25 
09-Jan-2004 09:46,200201,MANCHESTER,PORTUGAL(EXCLUDING MADEIRA),FARO,MONARCH AIRLINES,A,C, 2 , 0 , 0 , 0 , 50 , 50 , 0 , 0 , 93.5 , 0 , 2 , 100 , 6 
09-Jan-2004 09:46,200201,MANCHESTER,PORTUGAL(EXCLUDING MADEIRA),FARO,MONARCH AIRLINES,D,C, 2 , 0 , 0 , 50 , 0 , 0 , 50 , 0 , 101.5 , 0 , 2 , 100 , 3.5 
09-Jan-2004 09:46,200201,MANCHESTER,PORTUGAL(EXCLUDING MADEIRA),FARO,MY TRAVEL AIRWAYS UK,A,C, 6 , 0 , 0 , 50 , 16.6666666666667 , 16.6666666666667 , 0 , 16.6666666666667 , 154.833333333333 , 0 , 7 , 71.4285714285714 , 7.71428571428571 
09-Jan-2004 09:46,200201,MANCHESTER,PORTUGAL(EXCLUDING MADEIRA),FARO,MY TRAVEL AIRWAYS UK,D,C, 6 , 0 , 50 , 33.3333333333333 , 0 , 16.6666666666667 , 0 , 0 , 30.6666666666667 , 0 , 7 , 100 , 2.85714285714286 
09-Jan-2004 09:46,200201,MANCHESTER,PORTUGAL(EXCLUDING MADEIRA),FARO,PORTUGALIA,A,S, 0 , 0 , 0 , 0 , 0 , 0 , 0 , 0 , 0 , 0 , 4 , 75 , 9.25 
09-Jan-2004 09:46,200201,MANCHESTER,PORTUGAL(EXCLUDING MADEIRA),FARO,THOMAS COOK AIRLINES LTD,A,C, 6 , 0 , 66.6666666666667 , 0 , 0 , 0 , 33.3333333333333 , 0 , 83.6666666666667 , 0 , 7 , 100 , 3.42857142857143 
09-Jan-2004 09:46,200201,MANCHESTER,PORTUGAL(EXCLUDING MADEIRA),FARO,THOMAS COOK AIRLINES LTD,D,C, 6 , 0 , 66.6666666666667 , 16.6666666666667 , 16.6666666666667 , 0 , 0 , 0 , 12.6666666666667 , 0 , 8 , 100 , 3.5 
09-Jan-2004 09:46,200201,MANCHESTER,PORTUGAL(EXCLUDING MADEIRA),LISBON,PORTUGALIA,A,S, 30 , 0 , 86.6666666666667 , 6.66666666666667 , 6.66666666666667 , 0 , 0 , 0 , 7.23333333333333 , 0 , 25 , 32 , 29.56 
09-Jan-2004 09:46,200201,MANCHESTER,PORTUGAL(EXCLUDING MADEIRA),LISBON,PORTUGALIA,D,S, 30 , 0 , 100 , 0 , 0 , 0 , 0 , 0 , 0.866666666666667 , 0 , 29 , 65.5172413793103 , 15.4137931034483 
09-Jan-2004 09:46,200201,MANCHESTER,PORTUGAL(MADEIRA),FUNCHAL,AIR 2000,A,C, 4 , 0 , 100 , 0 , 0 , 0 , 0 , 0 , 1 , 0 , 5 , 80 , 222 
09-Jan-2004 09:46,200201,MANCHESTER,PORTUGAL(MADEIRA),FUNCHAL,AIR 2000,D,C, 4 , 0 , 100 , 0 , 0 , 0 , 0 , 0 , 0 , 0 , 5 , 80 , 5.6 
09-Jan-2004 09:46,200201,MANCHESTER,PORTUGAL(MADEIRA),FUNCHAL,BRITANNIA AIRWAYS,A,C, 1 , 0 , 0 , 0 , 0 , 0 , 0 , 100 , 1763 , 0 , 5 , 80 , 260 
09-Jan-2004 09:46,200201,MANCHESTER,PORTUGAL(MADEIRA),FUNCHAL,BRITANNIA AIRWAYS,D,C, 1 , 0 , 100 , 0 , 0 , 0 , 0 , 0 , 0 , 0 , 5 , 80 , 3.6 
09-Jan-2004 09:46,200201,MANCHESTER,PORTUGAL(MADEIRA),FUNCHAL,EXCEL AIRWAYS LTD,A,C, 4 , 0 , 100 , 0 , 0 , 0 , 0 , 0 , 0.5 , 0 , 10 , 80 , 120.2 
09-Jan-2004 09:46,200201,MANCHESTER,PORTUGAL(MADEIRA),FUNCHAL,EXCEL AIRWAYS LTD,D,C, 4 , 0 , 100 , 0 , 0 , 0 , 0 , 0 , 0 , 0 , 10 , 70 , 26.5 
09-Jan-2004 09:46,200201,MANCHESTER,PORTUGAL(MADEIRA),FUNCHAL,MY TRAVEL AIRWAYS UK,A,C, 5 , 0 , 100 , 0 , 0 , 0 , 0 , 0 , 0 , 0 , 5 , 80 , 7.8 
09-Jan-2004 09:46,200201,MANCHESTER,PORTUGAL(MADEIRA),FUNCHAL,MY TRAVEL AIRWAYS UK,D,C, 5 , 0 , 100 , 0 , 0 , 0 , 0 , 0 , 0 , 0 , 5 , 100 , 0.6 
09-Jan-2004 09:46,200201,MANCHESTER,PORTUGAL(MADEIRA),FUNCHAL,THOMAS COOK AIRLINES LTD,A,C, 4 , 0 , 75 , 25 , 0 , 0 , 0 , 0 , 7.25 , 0 , 5 , 60 , 230.6 
09-Jan-2004 09:46,200201,MANCHESTER,PORTUGAL(MADEIRA),FUNCHAL,THOMAS COOK AIRLINES LTD,D,C, 4 , 0 , 100 , 0 , 0 , 0 , 0 , 0 , 0 , 0 , 5 , 80 , 9.6 
09-Jan-2004 09:46,200201,MANCHESTER,REPUBLIC OF YEMEN,SANAA,YEMENIA,D,C, 1 , 0 , 0 , 0 , 0 , 100 , 0 , 0 , 134 , 0 , 0 , 0 , 0 
09-Jan-2004 09:46,200201,MANCHESTER,SINGAPORE,SINGAPORE,SINGAPORE AIRLINES,A,S, 31 , 0 , 25.8064516129032 , 25.8064516129032 , 29.0322580645161 , 19.3548387096774 , 0 , 0 , 35.4516129032258 , 0 , 31 , 67.741935483871 , 18.258064516129 
09-Jan-2004 09:46,200201,MANCHESTER,SINGAPORE,SINGAPORE,SINGAPORE AIRLINES,D,S, 31 , 0 , 29.0322580645161 , 12.9032258064516 , 35.4838709677419 , 22.5806451612903 , 0 , 0 , 43.5483870967742 , 0 , 31 , 41.9354838709677 , 42.4838709677419 
09-Jan-2004 09:46,200201,MANCHESTER,SPAIN,ALICANTE,AIR 2000,A,C, 5 , 0 , 40 , 20 , 20 , 20 , 0 , 0 , 40.6 , 0 , 9 , 88.8888888888889 , 6 
09-Jan-2004 09:46,200201,MANCHESTER,SPAIN,ALICANTE,AIR 2000,A,S, 14 , 0 , 71.4285714285714 , 14.2857142857143 , 7.14285714285714 , 7.14285714285714 , 0 , 0 , 13.7857142857143 , 0 , 12 , 75 , 15.4166666666667 
09-Jan-2004 09:46,200201,MANCHESTER,SPAIN,ALICANTE,AIR 2000,D,C, 5 , 1 , 100 , 0 , 0 , 0 , 0 , 0 , 3 , 0 , 8 , 87.5 , 7.5 
09-Jan-2004 09:46,200201,MANCHESTER,SPAIN,ALICANTE,AIR 2000,D,S, 14 , 0 , 78.5714285714286 , 7.14285714285714 , 0 , 14.2857142857143 , 0 , 0 , 14 , 0 , 13 , 76.9230769230769 , 13.2307692307692 
09-Jan-2004 09:46,200201,MANCHESTER,SPAIN,ALICANTE,BRITANNIA AIRWAYS,A,C, 26 , 1 , 80.7692307692308 , 7.69230769230769 , 3.84615384615385 , 3.84615384615385 , 0 , 3.84615384615385 , 27.6538461538462 , 0 , 22 , 81.8181818181818 , 7.22727272727273 
09-Jan-2004 09:46,200201,MANCHESTER,SPAIN,ALICANTE,BRITANNIA AIRWAYS,D,C, 24 , 3 , 100 , 0 , 0 , 0 , 0 , 0 , 1.58333333333333 , 0 , 22 , 90.9090909090909 , 4.31818181818182 
09-Jan-2004 09:46,200201,MANCHESTER,SPAIN,ALICANTE,MONARCH AIRLINES,A,C, 5 , 0 , 60 , 40 , 0 , 0 , 0 , 0 , 9.6 , 0 , 5 , 60 , 14.8 
09-Jan-2004 09:46,200201,MANCHESTER,SPAIN,ALICANTE,MONARCH AIRLINES,A,S, 21 , 0 , 90.4761904761905 , 0 , 4.76190476190476 , 4.76190476190476 , 0 , 0 , 11.5714285714286 , 0 , 13 , 69.2307692307692 , 17.3076923076923 
09-Jan-2004 09:46,200201,MANCHESTER,SPAIN,ALICANTE,MONARCH AIRLINES,D,C, 5 , 0 , 100 , 0 , 0 , 0 , 0 , 0 , 4.2 , 0 , 5 , 80 , 10 
09-Jan-2004 09:46,200201,MANCHESTER,SPAIN,ALICANTE,MONARCH AIRLINES,D,S, 21 , 0 , 80.9523809523809 , 9.52380952380952 , 4.76190476190476 , 4.76190476190476 , 0 , 0 , 10.6666666666667 , 0 , 13 , 100 , 2.61538461538462 
09-Jan-2004 09:46,200201,MANCHESTER,SPAIN,ALICANTE,MY TRAVEL AIRWAYS UK,A,C, 12 , 1 , 75 , 8.33333333333333 , 0 , 16.6666666666667 , 0 , 0 , 22.1666666666667 , 0 , 16 , 56.25 , 33.375 
09-Jan-2004 09:46,200201,MANCHESTER,SPAIN,ALICANTE,MY TRAVEL AIRWAYS UK,D,C, 12 , 0 , 58.3333333333333 , 25 , 8.33333333333333 , 8.33333333333333 , 0 , 0 , 15.5833333333333 , 0 , 16 , 62.5 , 28.25 
09-Jan-2004 09:46,200201,MANCHESTER,SPAIN,ALICANTE,THOMAS COOK AIRLINES LTD,A,C, 17 , 0 , 88.2352941176471 , 11.7647058823529 , 0 , 0 , 0 , 0 , 3.58823529411765 , 0 , 13 , 84.6153846153846 , 12.3076923076923 
09-Jan-2004 09:46,200201,MANCHESTER,SPAIN,ALICANTE,THOMAS COOK AIRLINES LTD,D,C, 17 , 0 , 100 , 0 , 0 , 0 , 0 , 0 , 1.23529411764706 , 0 , 13 , 84.6153846153846 , 8.69230769230769 
09-Jan-2004 09:46,200201,MANCHESTER,SPAIN,ALICANTE,VIRGIN ATLANTIC AIRWAYS LTD,A,C, 0 , 0 , 0 , 0 , 0 , 0 , 0 , 0 , 0 , 0 , 4 , 50 , 20.5 
09-Jan-2004 09:46,200201,MANCHESTER,SPAIN,ALICANTE,VIRGIN ATLANTIC AIRWAYS LTD,D,C, 0 , 0 , 0 , 0 , 0 , 0 , 0 , 0 , 0 , 0 , 4 , 75 , 9.25 
09-Jan-2004 09:46,200201,MANCHESTER,SPAIN,ALMERIA,MY TRAVEL AIRWAYS UK,A,C, 5 , 0 , 40 , 40 , 0 , 20 , 0 , 0 , 25.6 , 0 , 4 , 0 , 39 
09-Jan-2004 09:46,200201,MANCHESTER,SPAIN,ALMERIA,MY TRAVEL AIRWAYS UK,D,C, 5 , 0 , 80 , 20 , 0 , 0 , 0 , 0 , 5 , 0 , 4 , 100 , 6.25 
09-Jan-2004 09:46,200201,MANCHESTER,SPAIN,BARCELONA,BRITISH AIRWAYS PLC,A,S, 0 , 1 , 0 , 0 , 0 , 0 , 0 , 0 , 0 , 0 , 0 , 0 , 0 
09-Jan-2004 09:46,200201,MANCHESTER,SPAIN,BARCELONA,EASYJET AIRLINE COMPANY LTD,A,S, 0 , 1 , 0 , 0 , 0 , 0 , 0 , 0 , 0 , 0 , 0 , 0 , 0 
09-Jan-2004 09:46,200201,MANCHESTER,SPAIN,BARCELONA,IBERIA,A,S, 30 , 0 , 50 , 26.6666666666667 , 20 , 3.33333333333333 , 0 , 0 , 18.6666666666667 , 0 , 30 , 66.6666666666667 , 17.6333333333333 
09-Jan-2004 09:46,200201,MANCHESTER,SPAIN,BARCELONA,IBERIA,D,S, 29 , 0 , 79.3103448275862 , 10.3448275862069 , 6.89655172413793 , 3.44827586206897 , 0 , 0 , 9.24137931034483 , 1 , 30 , 70 , 16.0666666666667 
09-Jan-2004 09:46,200201,MANCHESTER,SPAIN,BARCELONA,MY TRAVEL AIRWAYS UK,A,C, 0 , 0 , 0 , 0 , 0 , 0 , 0 , 0 , 0 , 0 , 1 , 0 , 24 
09-Jan-2004 09:46,200201,MANCHESTER,SPAIN,BARCELONA,MY TRAVEL AIRWAYS UK,D,C, 0 , 0 , 0 , 0 , 0 , 0 , 0 , 0 , 0 , 0 , 1 , 100 , 0 
09-Jan-2004 09:46,200201,MANCHESTER,SPAIN,JEREZ,DUO AIRWAYS LTD,A,C, 0 , 0 , 0 , 0 , 0 , 0 , 0 , 0 , 0 , 0 , 1 , 100 , 0 
09-Jan-2004 09:46,200201,MANCHESTER,SPAIN,JEREZ,DUO AIRWAYS LTD,D,C, 0 , 0 , 0 , 0 , 0 , 0 , 0 , 0 , 0 , 0 , 1 , 100 , 11 
09-Jan-2004 09:46,200201,MANCHESTER,SPAIN,MADRID,BRITISH AIRWAYS PLC,A,S, 43 , 1 , 76.7441860465116 , 6.97674418604651 , 4.65116279069767 , 11.6279069767442 , 0 , 0 , 19.3953488372093 , 0 , 38 , 63.1578947368421 , 11.3157894736842 
09-Jan-2004 09:46,200201,MANCHESTER,SPAIN,MADRID,BRITISH AIRWAYS PLC,D,S, 43 , 1 , 88.3720930232558 , 2.32558139534884 , 0 , 9.30232558139535 , 0 , 0 , 9.48837209302326 , 0 , 39 , 89.7435897435898 , 5.56410256410256 
09-Jan-2004 09:46,200201,MANCHESTER,SPAIN,MALAGA,AERIS,A,C, 0 , 0 , 0 , 0 , 0 , 0 , 0 , 0 , 0 , 0 , 2 , 0 , 34 
09-Jan-2004 09:46,200201,MANCHESTER,SPAIN,MALAGA,AERIS,D,C, 0 , 0 , 0 , 0 , 0 , 0 , 0 , 0 , 0 , 0 , 2 , 50 , 35 
09-Jan-2004 09:46,200201,MANCHESTER,SPAIN,MALAGA,AIR 2000,A,C, 2 , 0 , 50 , 0 , 50 , 0 , 0 , 0 , 18 , 0 , 5 , 40 , 19.4 
09-Jan-2004 09:46,200201,MANCHESTER,SPAIN,MALAGA,AIR 2000,A,S, 11 , 0 , 63.6363636363636 , 18.1818181818182 , 9.09090909090909 , 9.09090909090909 , 0 , 0 , 21.0909090909091 , 0 , 8 , 50 , 17.5 
09-Jan-2004 09:46,200201,MANCHESTER,SPAIN,MALAGA,AIR 2000,D,C, 1 , 0 , 0 , 100 , 0 , 0 , 0 , 0 , 28 , 0 , 5 , 80 , 3.6 
09-Jan-2004 09:46,200201,MANCHESTER,SPAIN,MALAGA,AIR 2000,D,S, 11 , 0 , 81.8181818181818 , 9.09090909090909 , 0 , 9.09090909090909 , 0 , 0 , 11.2727272727273 , 1 , 8 , 87.5 , 6.875 
09-Jan-2004 09:46,200201,MANCHESTER,SPAIN,MALAGA,AIR CORDIAL LTD,A,C, 1 , 0 , 0 , 100 , 0 , 0 , 0 , 0 , 29 , 0 , 0 , 0 , 0 
09-Jan-2004 09:46,200201,MANCHESTER,SPAIN,MALAGA,AIR CORDIAL LTD,D,C, 1 , 0 , 100 , 0 , 0 , 0 , 0 , 0 , 7 , 0 , 0 , 0 , 0 
09-Jan-2004 09:46,200201,MANCHESTER,SPAIN,MALAGA,AZZURRA AIR,A,C, 4 , 0 , 75 , 0 , 0 , 0 , 25 , 0 , 59.25 , 0 , 0 , 0 , 0 
09-Jan-2004 09:46,200201,MANCHESTER,SPAIN,MALAGA,AZZURRA AIR,D,C, 4 , 0 , 75 , 0 , 0 , 0 , 25 , 0 , 50.75 , 0 , 0 , 0 , 0 
09-Jan-2004 09:46,200201,MANCHESTER,SPAIN,MALAGA,BRITANNIA AIRWAYS,A,C, 13 , 1 , 61.5384615384615 , 0 , 23.0769230769231 , 7.69230769230769 , 7.69230769230769 , 0 , 40.6923076923077 , 0 , 9 , 55.5555555555556 , 18.6666666666667 
09-Jan-2004 09:46,200201,MANCHESTER,SPAIN,MALAGA,BRITANNIA AIRWAYS,D,C, 14 , 0 , 78.5714285714286 , 0 , 0 , 14.2857142857143 , 7.14285714285714 , 0 , 37.9285714285714 , 0 , 9 , 100 , 6.11111111111111 
09-Jan-2004 09:46,200201,MANCHESTER,SPAIN,MALAGA,MONARCH AIRLINES,A,C, 9 , 0 , 33.3333333333333 , 11.1111111111111 , 33.3333333333333 , 22.2222222222222 , 0 , 0 , 38.6666666666667 , 0 , 11 , 81.8181818181818 , 9.09090909090909 
09-Jan-2004 09:46,200201,MANCHESTER,SPAIN,MALAGA,MONARCH AIRLINES,A,S, 28 , 0 , 78.5714285714286 , 7.14285714285714 , 7.14285714285714 , 7.14285714285714 , 0 , 0 , 15.0714285714286 , 0 , 22 , 59.0909090909091 , 16.9545454545455 
09-Jan-2004 09:46,200201,MANCHESTER,SPAIN,MALAGA,MONARCH AIRLINES,D,C, 5 , 0 , 80 , 0 , 20 , 0 , 0 , 0 , 10.6 , 0 , 11 , 90.9090909090909 , 4 
09-Jan-2004 09:46,200201,MANCHESTER,SPAIN,MALAGA,MONARCH AIRLINES,D,S, 28 , 0 , 89.2857142857143 , 7.14285714285714 , 0 , 3.57142857142857 , 0 , 0 , 7.03571428571429 , 4 , 22 , 95.4545454545455 , 3.86363636363636 
09-Jan-2004 09:46,200201,MANCHESTER,SPAIN,MALAGA,MY TRAVEL AIRWAYS UK,A,C, 11 , 1 , 9.09090909090909 , 18.1818181818182 , 27.2727272727273 , 45.4545454545455 , 0 , 0 , 58.3636363636364 , 0 , 11 , 36.3636363636364 , 59.6363636363636 
09-Jan-2004 09:46,200201,MANCHESTER,SPAIN,MALAGA,MY TRAVEL AIRWAYS UK,D,C, 11 , 0 , 54.5454545454545 , 9.09090909090909 , 0 , 36.3636363636364 , 0 , 0 , 33.5454545454545 , 0 , 11 , 72.7272727272727 , 44.0909090909091 
09-Jan-2004 09:46,200201,MANCHESTER,SPAIN,MALAGA,THOMAS COOK AIRLINES LTD,A,C, 7 , 0 , 85.7142857142857 , 0 , 0 , 0 , 0 , 14.2857142857143 , 53.8571428571429 , 0 , 9 , 66.6666666666667 , 12.8888888888889 
09-Jan-2004 09:46,200201,MANCHESTER,SPAIN,MALAGA,THOMAS COOK AIRLINES LTD,D,C, 7 , 0 , 85.7142857142857 , 0 , 0 , 0 , 0 , 14.2857142857143 , 51.8571428571429 , 0 , 9 , 100 , 0.444444444444444 
09-Jan-2004 09:46,200201,MANCHESTER,SPAIN,MALAGA,VIRGIN ATLANTIC AIRWAYS LTD,A,C, 0 , 0 , 0 , 0 , 0 , 0 , 0 , 0 , 0 , 0 , 4 , 25 , 30 
09-Jan-2004 09:46,200201,MANCHESTER,SPAIN,MALAGA,VIRGIN ATLANTIC AIRWAYS LTD,D,C, 0 , 0 , 0 , 0 , 0 , 0 , 0 , 0 , 0 , 0 , 4 , 50 , 16.25 
09-Jan-2004 09:46,200201,MANCHESTER,SPAIN,PALMA DE MALLORCA,AIR 2000,A,S, 6 , 0 , 100 , 0 , 0 , 0 , 0 , 0 , 2 , 2 , 6 , 83.3333333333333 , 6.5 
09-Jan-2004 09:46,200201,MANCHESTER,SPAIN,PALMA DE MALLORCA,AIR 2000,D,S, 6 , 0 , 83.3333333333333 , 0 , 0 , 16.6666666666667 , 0 , 0 , 17 , 1 , 6 , 66.6666666666667 , 12.1666666666667 
09-Jan-2004 09:46,200201,MANCHESTER,SPAIN,PALMA DE MALLORCA,BMI BRITISH MIDLAND,A,C, 0 , 0 , 0 , 0 , 0 , 0 , 0 , 0 , 0 , 0 , 4 , 50 , 21.25 
09-Jan-2004 09:46,200201,MANCHESTER,SPAIN,PALMA DE MALLORCA,BMI BRITISH MIDLAND,D,C, 0 , 0 , 0 , 0 , 0 , 0 , 0 , 0 , 0 , 0 , 4 , 100 , 4.75 
09-Jan-2004 09:46,200201,MANCHESTER,SPAIN,PALMA DE MALLORCA,BRITANNIA AIRWAYS,A,C, 8 , 0 , 62.5 , 25 , 12.5 , 0 , 0 , 0 , 13.875 , 0 , 9 , 88.8888888888889 , 12.5555555555556 
09-Jan-2004 09:46,200201,MANCHESTER,SPAIN,PALMA DE MALLORCA,BRITANNIA AIRWAYS,D,C, 8 , 0 , 100 , 0 , 0 , 0 , 0 , 0 , 0 , 0 , 9 , 88.8888888888889 , 12.5555555555556 
09-Jan-2004 09:46,200201,MANCHESTER,SPAIN,PALMA DE MALLORCA,MY TRAVEL AIRWAYS UK,A,C, 12 , 0 , 75 , 25 , 0 , 0 , 0 , 0 , 6.75 , 0 , 7 , 57.1428571428571 , 21.1428571428571 
09-Jan-2004 09:46,200201,MANCHESTER,SPAIN,PALMA DE MALLORCA,MY TRAVEL AIRWAYS UK,D,C, 12 , 0 , 83.3333333333333 , 8.33333333333333 , 8.33333333333333 , 0 , 0 , 0 , 6.5 , 0 , 6 , 33.3333333333333 , 27.3333333333333 
09-Jan-2004 09:46,200201,MANCHESTER,SPAIN,PALMA DE MALLORCA,THOMAS COOK AIRLINES LTD,A,C, 4 , 0 , 75 , 0 , 0 , 25 , 0 , 0 , 17.75 , 0 , 0 , 0 , 0 
09-Jan-2004 09:46,200201,MANCHESTER,SPAIN,PALMA DE MALLORCA,THOMAS COOK AIRLINES LTD,D,C, 4 , 0 , 50 , 25 , 25 , 0 , 0 , 0 , 19 , 0 , 0 , 0 , 0 
09-Jan-2004 09:46,200201,MANCHESTER,SPAIN(CANARY ISLANDS),ARRECIFE,AIR 2000,A,C, 14 , 0 , 57.1428571428571 , 28.5714285714286 , 14.2857142857143 , 0 , 0 , 0 , 15 , 0 , 8 , 37.5 , 25.75 
09-Jan-2004 09:46,200201,MANCHESTER,SPAIN(CANARY ISLANDS),ARRECIFE,AIR 2000,A,S, 9 , 0 , 77.7777777777778 , 0 , 22.2222222222222 , 0 , 0 , 0 , 13 , 2 , 9 , 22.2222222222222 , 22.6666666666667 
09-Jan-2004 09:46,200201,MANCHESTER,SPAIN(CANARY ISLANDS),ARRECIFE,AIR 2000,D,C, 11 , 1 , 90.9090909090909 , 9.09090909090909 , 0 , 0 , 0 , 0 , 4.63636363636364 , 0 , 8 , 100 , 4.125 
09-Jan-2004 09:46,200201,MANCHESTER,SPAIN(CANARY ISLANDS),ARRECIFE,AIR 2000,D,S, 9 , 0 , 88.8888888888889 , 0 , 11.1111111111111 , 0 , 0 , 0 , 5.22222222222222 , 2 , 9 , 88.8888888888889 , 7.33333333333333 
09-Jan-2004 09:46,200201,MANCHESTER,SPAIN(CANARY ISLANDS),ARRECIFE,AIR EUROPA,A,C, 1 , 0 , 100 , 0 , 0 , 0 , 0 , 0 , 14 , 0 , 0 , 0 , 0 
09-Jan-2004 09:46,200201,MANCHESTER,SPAIN(CANARY ISLANDS),ARRECIFE,BRITANNIA AIRWAYS,A,C, 10 , 0 , 70 , 20 , 10 , 0 , 0 , 0 , 8.1 , 0 , 9 , 66.6666666666667 , 18.3333333333333 
09-Jan-2004 09:46,200201,MANCHESTER,SPAIN(CANARY ISLANDS),ARRECIFE,BRITANNIA AIRWAYS,D,C, 9 , 0 , 100 , 0 , 0 , 0 , 0 , 0 , 1.88888888888889 , 0 , 9 , 77.7777777777778 , 14 
09-Jan-2004 09:46,200201,MANCHESTER,SPAIN(CANARY ISLANDS),ARRECIFE,FUTURA AIRLINES,A,C, 0 , 1 , 0 , 0 , 0 , 0 , 0 , 0 , 0 , 0 , 0 , 0 , 0 
09-Jan-2004 09:46,200201,MANCHESTER,SPAIN(CANARY ISLANDS),ARRECIFE,FUTURA AIRLINES,D,C, 1 , 0 , 0 , 0 , 0 , 100 , 0 , 0 , 108 , 0 , 0 , 0 , 0 
09-Jan-2004 09:46,200201,MANCHESTER,SPAIN(CANARY ISLANDS),ARRECIFE,IBERWORLD,A,C, 1 , 1 , 100 , 0 , 0 , 0 , 0 , 0 , 14 , 0 , 2 , 100 , 2 
09-Jan-2004 09:46,200201,MANCHESTER,SPAIN(CANARY ISLANDS),ARRECIFE,IBERWORLD,D,C, 1 , 1 , 100 , 0 , 0 , 0 , 0 , 0 , 7 , 0 , 1 , 0 , 30 
09-Jan-2004 09:46,200201,MANCHESTER,SPAIN(CANARY ISLANDS),ARRECIFE,MONARCH AIRLINES,A,C, 5 , 0 , 60 , 40 , 0 , 0 , 0 , 0 , 10.8 , 0 , 4 , 0 , 62.5 
09-Jan-2004 09:46,200201,MANCHESTER,SPAIN(CANARY ISLANDS),ARRECIFE,MONARCH AIRLINES,D,C, 5 , 0 , 60 , 20 , 20 , 0 , 0 , 0 , 13.4 , 0 , 4 , 75 , 39.75 
09-Jan-2004 09:46,200201,MANCHESTER,SPAIN(CANARY ISLANDS),ARRECIFE,MY TRAVEL AIRWAYS UK,A,C, 15 , 0 , 86.6666666666667 , 0 , 0 , 13.3333333333333 , 0 , 0 , 11.2 , 0 , 9 , 77.7777777777778 , 11.6666666666667 
09-Jan-2004 09:46,200201,MANCHESTER,SPAIN(CANARY ISLANDS),ARRECIFE,MY TRAVEL AIRWAYS UK,D,C, 13 , 0 , 76.9230769230769 , 7.69230769230769 , 0 , 15.3846153846154 , 0 , 0 , 14.4615384615385 , 0 , 9 , 88.8888888888889 , 7.77777777777778 
09-Jan-2004 09:46,200201,MANCHESTER,SPAIN(CANARY ISLANDS),ARRECIFE,SPANAIR,A,C, 0 , 1 , 0 , 0 , 0 , 0 , 0 , 0 , 0 , 0 , 0 , 0 , 0 
09-Jan-2004 09:46,200201,MANCHESTER,SPAIN(CANARY ISLANDS),ARRECIFE,SPANAIR,D,C, 1 , 0 , 0 , 0 , 0 , 100 , 0 , 0 , 76 , 0 , 0 , 0 , 0 
09-Jan-2004 09:46,200201,MANCHESTER,SPAIN(CANARY ISLANDS),ARRECIFE,THOMAS COOK AIRLINES LTD,A,C, 24 , 0 , 70.8333333333333 , 16.6666666666667 , 8.33333333333333 , 0 , 0 , 4.16666666666667 , 29.5833333333333 , 0 , 16 , 81.25 , 7.25 
09-Jan-2004 09:46,200201,MANCHESTER,SPAIN(CANARY ISLANDS),ARRECIFE,THOMAS COOK AIRLINES LTD,D,C, 24 , 0 , 91.6666666666667 , 4.16666666666667 , 4.16666666666667 , 0 , 0 , 0 , 3.41666666666667 , 0 , 16 , 100 , 1.1875 
09-Jan-2004 09:46,200201,MANCHESTER,SPAIN(CANARY ISLANDS),ARRECIFE,VIRGIN ATLANTIC AIRWAYS LTD,A,C, 0 , 0 , 0 , 0 , 0 , 0 , 0 , 0 , 0 , 0 , 4 , 25 , 31.25 
09-Jan-2004 09:46,200201,MANCHESTER,SPAIN(CANARY ISLANDS),ARRECIFE,VIRGIN ATLANTIC AIRWAYS LTD,D,C, 0 , 0 , 0 , 0 , 0 , 0 , 0 , 0 , 0 , 0 , 4 , 100 , 3.25 
09-Jan-2004 09:46,200201,MANCHESTER,SPAIN(CANARY ISLANDS),FUERTEVENTURA,AIR 2000,A,C, 10 , 0 , 80 , 10 , 10 , 0 , 0 , 0 , 8.8 , 0 , 10 , 100 , 2.4 
09-Jan-2004 09:46,200201,MANCHESTER,SPAIN(CANARY ISLANDS),FUERTEVENTURA,AIR 2000,D,C, 10 , 0 , 100 , 0 , 0 , 0 , 0 , 0 , 1.2 , 0 , 10 , 100 , 2.7 
09-Jan-2004 09:46,200201,MANCHESTER,SPAIN(CANARY ISLANDS),FUERTEVENTURA,BRITANNIA AIRWAYS,A,C, 5 , 0 , 80 , 0 , 20 , 0 , 0 , 0 , 9 , 0 , 9 , 44.4444444444444 , 25 
09-Jan-2004 09:46,200201,MANCHESTER,SPAIN(CANARY ISLANDS),FUERTEVENTURA,BRITANNIA AIRWAYS,D,C, 5 , 0 , 100 , 0 , 0 , 0 , 0 , 0 , 0.8 , 0 , 9 , 77.7777777777778 , 15.2222222222222 
09-Jan-2004 09:46,200201,MANCHESTER,SPAIN(CANARY ISLANDS),FUERTEVENTURA,MY TRAVEL AIRWAYS UK,A,C, 13 , 0 , 76.9230769230769 , 23.0769230769231 , 0 , 0 , 0 , 0 , 5.23076923076923 , 0 , 9 , 77.7777777777778 , 30.6666666666667 
09-Jan-2004 09:46,200201,MANCHESTER,SPAIN(CANARY ISLANDS),FUERTEVENTURA,MY TRAVEL AIRWAYS UK,D,C, 13 , 0 , 84.6153846153846 , 15.3846153846154 , 0 , 0 , 0 , 0 , 5.92307692307692 , 0 , 9 , 88.8888888888889 , 30.6666666666667 
09-Jan-2004 09:46,200201,MANCHESTER,SPAIN(CANARY ISLANDS),FUERTEVENTURA,THOMAS COOK AIRLINES LTD,A,C, 8 , 1 , 87.5 , 0 , 12.5 , 0 , 0 , 0 , 6 , 0 , 11 , 72.7272727272727 , 9.72727272727273 
09-Jan-2004 09:46,200201,MANCHESTER,SPAIN(CANARY ISLANDS),FUERTEVENTURA,THOMAS COOK AIRLINES LTD,D,C, 9 , 0 , 88.8888888888889 , 0 , 0 , 11.1111111111111 , 0 , 0 , 9.11111111111111 , 0 , 10 , 60 , 12.7 
09-Jan-2004 09:46,200201,MANCHESTER,SPAIN(CANARY ISLANDS),LAS PALMAS,AIR 2000,A,C, 5 , 0 , 20 , 40 , 20 , 20 , 0 , 0 , 29.2 , 0 , 10 , 70 , 11.9 
09-Jan-2004 09:46,200201,MANCHESTER,SPAIN(CANARY ISLANDS),LAS PALMAS,AIR 2000,D,C, 5 , 0 , 100 , 0 , 0 , 0 , 0 , 0 , 1.2 , 0 , 10 , 80 , 9.3 
09-Jan-2004 09:46,200201,MANCHESTER,SPAIN(CANARY ISLANDS),LAS PALMAS,BRITANNIA AIRWAYS,A,C, 14 , 0 , 71.4285714285714 , 14.2857142857143 , 14.2857142857143 , 0 , 0 , 0 , 13.5 , 0 , 9 , 55.5555555555556 , 16.5555555555556 
09-Jan-2004 09:46,200201,MANCHESTER,SPAIN(CANARY ISLANDS),LAS PALMAS,BRITANNIA AIRWAYS,D,C, 14 , 0 , 78.5714285714286 , 14.2857142857143 , 7.14285714285714 , 0 , 0 , 0 , 6.71428571428571 , 0 , 10 , 60 , 14.6 
09-Jan-2004 09:46,200201,MANCHESTER,SPAIN(CANARY ISLANDS),LAS PALMAS,MONARCH AIRLINES,A,C, 4 , 0 , 75 , 0 , 25 , 0 , 0 , 0 , 10.25 , 0 , 5 , 40 , 27.2 
09-Jan-2004 09:46,200201,MANCHESTER,SPAIN(CANARY ISLANDS),LAS PALMAS,MONARCH AIRLINES,D,C, 4 , 0 , 100 , 0 , 0 , 0 , 0 , 0 , 0 , 0 , 5 , 60 , 19.2 
09-Jan-2004 09:46,200201,MANCHESTER,SPAIN(CANARY ISLANDS),LAS PALMAS,MY TRAVEL AIRWAYS UK,A,C, 14 , 0 , 50 , 28.5714285714286 , 7.14285714285714 , 14.2857142857143 , 0 , 0 , 19.7857142857143 , 0 , 17 , 64.7058823529412 , 12.0588235294118 
09-Jan-2004 09:46,200201,MANCHESTER,SPAIN(CANARY ISLANDS),LAS PALMAS,MY TRAVEL AIRWAYS UK,D,C, 13 , 0 , 100 , 0 , 0 , 0 , 0 , 0 , 2.23076923076923 , 0 , 18 , 55.5555555555556 , 16.7777777777778 
09-Jan-2004 09:46,200201,MANCHESTER,SPAIN(CANARY ISLANDS),LAS PALMAS,THOMAS COOK AIRLINES LTD,A,C, 12 , 0 , 66.6666666666667 , 16.6666666666667 , 8.33333333333333 , 8.33333333333333 , 0 , 0 , 14.3333333333333 , 0 , 18 , 66.6666666666667 , 17.1111111111111 
09-Jan-2004 09:46,200201,MANCHESTER,SPAIN(CANARY ISLANDS),LAS PALMAS,THOMAS COOK AIRLINES LTD,D,C, 13 , 0 , 84.6153846153846 , 0 , 7.69230769230769 , 7.69230769230769 , 0 , 0 , 10.9230769230769 , 0 , 18 , 72.2222222222222 , 14.3333333333333 
09-Jan-2004 09:46,200201,MANCHESTER,SPAIN(CANARY ISLANDS),LAS PALMAS,VIRGIN ATLANTIC AIRWAYS LTD,A,C, 0 , 0 , 0 , 0 , 0 , 0 , 0 , 0 , 0 , 0 , 5 , 80 , 8.6 
09-Jan-2004 09:46,200201,MANCHESTER,SPAIN(CANARY ISLANDS),LAS PALMAS,VIRGIN ATLANTIC AIRWAYS LTD,D,C, 0 , 0 , 0 , 0 , 0 , 0 , 0 , 0 , 0 , 0 , 5 , 100 , 0 
09-Jan-2004 09:46,200201,MANCHESTER,SPAIN(CANARY ISLANDS),SANTA CRUZ DE LA PALMA,THOMAS COOK AIRLINES LTD,A,C, 4 , 0 , 75 , 0 , 0 , 0 , 0 , 25 , 118.25 , 0 , 0 , 0 , 0 
09-Jan-2004 09:46,200201,MANCHESTER,SPAIN(CANARY ISLANDS),SANTA CRUZ DE LA PALMA,THOMAS COOK AIRLINES LTD,D,C, 4 , 0 , 100 , 0 , 0 , 0 , 0 , 0 , 0 , 0 , 0 , 0 , 0 
09-Jan-2004 09:46,200201,MANCHESTER,SPAIN(CANARY ISLANDS),TENERIFE (SURREINA SOFIA),AIR 2000,A,C, 11 , 0 , 81.8181818181818 , 18.1818181818182 , 0 , 0 , 0 , 0 , 5.90909090909091 , 0 , 13 , 69.2307692307692 , 9.30769230769231 
09-Jan-2004 09:46,200201,MANCHESTER,SPAIN(CANARY ISLANDS),TENERIFE (SURREINA SOFIA),AIR 2000,A,S, 16 , 1 , 87.5 , 6.25 , 6.25 , 0 , 0 , 0 , 5.0625 , 1 , 18 , 72.2222222222222 , 10.2777777777778 
09-Jan-2004 09:46,200201,MANCHESTER,SPAIN(CANARY ISLANDS),TENERIFE (SURREINA SOFIA),AIR 2000,D,C, 10 , 0 , 100 , 0 , 0 , 0 , 0 , 0 , 0.6 , 0 , 13 , 100 , 1.61538461538462 
09-Jan-2004 09:46,200201,MANCHESTER,SPAIN(CANARY ISLANDS),TENERIFE (SURREINA SOFIA),AIR 2000,D,S, 16 , 0 , 93.75 , 0 , 0 , 6.25 , 0 , 0 , 10.625 , 0 , 18 , 66.6666666666667 , 13.1666666666667 
09-Jan-2004 09:46,200201,MANCHESTER,SPAIN(CANARY ISLANDS),TENERIFE (SURREINA SOFIA),AIR CORDIAL LTD,A,C, 6 , 0 , 50 , 0 , 16.6666666666667 , 0 , 33.3333333333333 , 0 , 99.6666666666667 , 0 , 0 , 0 , 0 
09-Jan-2004 09:46,200201,MANCHESTER,SPAIN(CANARY ISLANDS),TENERIFE (SURREINA SOFIA),AIR CORDIAL LTD,D,C, 6 , 0 , 66.6666666666667 , 0 , 0 , 0 , 33.3333333333333 , 0 , 87.5 , 0 , 0 , 0 , 0 
09-Jan-2004 09:46,200201,MANCHESTER,SPAIN(CANARY ISLANDS),TENERIFE (SURREINA SOFIA),AIR EUROPA,A,C, 3 , 0 , 66.6666666666667 , 0 , 0 , 0 , 33.3333333333333 , 0 , 89.6666666666667 , 0 , 6 , 66.6666666666667 , 30.6666666666667 
09-Jan-2004 09:46,200201,MANCHESTER,SPAIN(CANARY ISLANDS),TENERIFE (SURREINA SOFIA),AIR EUROPA,D,C, 1 , 0 , 0 , 0 , 0 , 100 , 0 , 0 , 87 , 0 , 2 , 50 , 13 
09-Jan-2004 09:46,200201,MANCHESTER,SPAIN(CANARY ISLANDS),TENERIFE (SURREINA SOFIA),AZZURRA AIR,A,C, 8 , 1 , 50 , 12.5 , 12.5 , 0 , 25 , 0 , 89.5 , 0 , 0 , 0 , 0 
09-Jan-2004 09:46,200201,MANCHESTER,SPAIN(CANARY ISLANDS),TENERIFE (SURREINA SOFIA),AZZURRA AIR,D,C, 7 , 1 , 85.7142857142857 , 14.2857142857143 , 0 , 0 , 0 , 0 , 5 , 0 , 0 , 0 , 0 
09-Jan-2004 09:46,200201,MANCHESTER,SPAIN(CANARY ISLANDS),TENERIFE (SURREINA SOFIA),BRITANNIA AIRWAYS,A,C, 23 , 0 , 47.8260869565217 , 39.1304347826087 , 4.34782608695652 , 8.69565217391304 , 0 , 0 , 20.6086956521739 , 0 , 22 , 31.8181818181818 , 25.8636363636364 
09-Jan-2004 09:46,200201,MANCHESTER,SPAIN(CANARY ISLANDS),TENERIFE (SURREINA SOFIA),BRITANNIA AIRWAYS,D,C, 22 , 0 , 95.4545454545455 , 0 , 4.54545454545455 , 0 , 0 , 0 , 1.95454545454545 , 0 , 21 , 71.4285714285714 , 11.8571428571429 
09-Jan-2004 09:46,200201,MANCHESTER,SPAIN(CANARY ISLANDS),TENERIFE (SURREINA SOFIA),EUROPEAN AIR CHARTER,A,C, 1 , 0 , 0 , 0 , 0 , 100 , 0 , 0 , 65 , 0 , 0 , 0 , 0 
09-Jan-2004 09:46,200201,MANCHESTER,SPAIN(CANARY ISLANDS),TENERIFE (SURREINA SOFIA),EXCEL AIRWAYS LTD,A,C, 13 , 0 , 23.0769230769231 , 38.4615384615385 , 23.0769230769231 , 15.3846153846154 , 0 , 0 , 34.2307692307692 , 0 , 7 , 42.8571428571429 , 29.5714285714286 
09-Jan-2004 09:46,200201,MANCHESTER,SPAIN(CANARY ISLANDS),TENERIFE (SURREINA SOFIA),EXCEL AIRWAYS LTD,D,C, 13 , 0 , 84.6153846153846 , 7.69230769230769 , 0 , 7.69230769230769 , 0 , 0 , 10 , 0 , 6 , 66.6666666666667 , 19.1666666666667 
09-Jan-2004 09:46,200201,MANCHESTER,SPAIN(CANARY ISLANDS),TENERIFE (SURREINA SOFIA),FUTURA AIRLINES,A,C, 0 , 0 , 0 , 0 , 0 , 0 , 0 , 0 , 0 , 0 , 2 , 50 , 140 
09-Jan-2004 09:46,200201,MANCHESTER,SPAIN(CANARY ISLANDS),TENERIFE (SURREINA SOFIA),IBERWORLD,A,C, 3 , 1 , 33.3333333333333 , 0 , 66.6666666666667 , 0 , 0 , 0 , 36.6666666666667 , 0 , 2 , 0 , 34 
09-Jan-2004 09:46,200201,MANCHESTER,SPAIN(CANARY ISLANDS),TENERIFE (SURREINA SOFIA),IBERWORLD,D,C, 3 , 1 , 0 , 0 , 100 , 0 , 0 , 0 , 41 , 0 , 1 , 0 , 29 
09-Jan-2004 09:46,200201,MANCHESTER,SPAIN(CANARY ISLANDS),TENERIFE (SURREINA SOFIA),LTE INTERNATIONAL AIRWAYS,A,C, 1 , 0 , 0 , 100 , 0 , 0 , 0 , 0 , 19 , 0 , 0 , 0 , 0 
09-Jan-2004 09:46,200201,MANCHESTER,SPAIN(CANARY ISLANDS),TENERIFE (SURREINA SOFIA),MONARCH AIRLINES,A,C, 14 , 0 , 78.5714285714286 , 14.2857142857143 , 0 , 0 , 7.14285714285714 , 0 , 19.6428571428571 , 0 , 15 , 66.6666666666667 , 32.0666666666667 
09-Jan-2004 09:46,200201,MANCHESTER,SPAIN(CANARY ISLANDS),TENERIFE (SURREINA SOFIA),MONARCH AIRLINES,D,C, 13 , 0 , 92.3076923076923 , 0 , 0 , 0 , 7.69230769230769 , 0 , 18.8461538461538 , 0 , 14 , 78.5714285714286 , 15.2142857142857 
09-Jan-2004 09:46,200201,MANCHESTER,SPAIN(CANARY ISLANDS),TENERIFE (SURREINA SOFIA),MY TRAVEL AIRWAYS UK,A,C, 28 , 0 , 53.5714285714286 , 17.8571428571429 , 14.2857142857143 , 14.2857142857143 , 0 , 0 , 26.5357142857143 , 0 , 25 , 64 , 28.92 
09-Jan-2004 09:46,200201,MANCHESTER,SPAIN(CANARY ISLANDS),TENERIFE (SURREINA SOFIA),MY TRAVEL AIRWAYS UK,D,C, 26 , 0 , 73.0769230769231 , 11.5384615384615 , 3.84615384615385 , 11.5384615384615 , 0 , 0 , 20.4615384615385 , 0 , 22 , 81.8181818181818 , 15.8181818181818 
09-Jan-2004 09:46,200201,MANCHESTER,SPAIN(CANARY ISLANDS),TENERIFE (SURREINA SOFIA),SPANAIR,A,C, 1 , 0 , 100 , 0 , 0 , 0 , 0 , 0 , 0 , 0 , 5 , 20 , 33.4 
09-Jan-2004 09:46,200201,MANCHESTER,SPAIN(CANARY ISLANDS),TENERIFE (SURREINA SOFIA),SPANAIR,D,C, 0 , 0 , 0 , 0 , 0 , 0 , 0 , 0 , 0 , 0 , 5 , 60 , 32.8 
09-Jan-2004 09:46,200201,MANCHESTER,SPAIN(CANARY ISLANDS),TENERIFE (SURREINA SOFIA),THOMAS COOK AIRLINES LTD,A,C, 32 , 0 , 65.625 , 18.75 , 9.375 , 3.125 , 3.125 , 0 , 17.71875 , 0 , 28 , 85.7142857142857 , 32.7142857142857 
09-Jan-2004 09:46,200201,MANCHESTER,SPAIN(CANARY ISLANDS),TENERIFE (SURREINA SOFIA),THOMAS COOK AIRLINES LTD,D,C, 31 , 0 , 83.8709677419355 , 6.45161290322581 , 6.45161290322581 , 3.2258064516129 , 0 , 0 , 10.7741935483871 , 0 , 28 , 96.4285714285714 , 2.46428571428571 
09-Jan-2004 09:46,200201,MANCHESTER,SPAIN(CANARY ISLANDS),TENERIFE (SURREINA SOFIA),VIRGIN ATLANTIC AIRWAYS LTD,A,C, 0 , 0 , 0 , 0 , 0 , 0 , 0 , 0 , 0 , 0 , 15 , 46.6666666666667 , 23.6666666666667 
09-Jan-2004 09:46,200201,MANCHESTER,SPAIN(CANARY ISLANDS),TENERIFE (SURREINA SOFIA),VIRGIN ATLANTIC AIRWAYS LTD,D,C, 0 , 0 , 0 , 0 , 0 , 0 , 0 , 0 , 0 , 0 , 15 , 66.6666666666667 , 11.6 
09-Jan-2004 09:46,200201,MANCHESTER,SRI LANKA,COLOMBO,MONARCH AIRLINES,A,C, 0 , 0 , 0 , 0 , 0 , 0 , 0 , 0 , 0 , 0 , 4 , 100 , 1.75 
09-Jan-2004 09:46,200201,MANCHESTER,SRI LANKA,COLOMBO,MONARCH AIRLINES,D,C, 0 , 0 , 0 , 0 , 0 , 0 , 0 , 0 , 0 , 0 , 5 , 80 , 11 
09-Jan-2004 09:46,200201,MANCHESTER,ST LUCIA,ST LUCIA (HEWANORRA),AIR 2000,A,C, 0 , 0 , 0 , 0 , 0 , 0 , 0 , 0 , 0 , 0 , 3 , 0 , 115 
09-Jan-2004 09:46,200201,MANCHESTER,ST LUCIA,ST LUCIA (HEWANORRA),AIR 2000,D,C, 0 , 0 , 0 , 0 , 0 , 0 , 0 , 0 , 0 , 0 , 2 , 50 , 107 
09-Jan-2004 09:46,200201,MANCHESTER,SUDAN,KHARTOUM,SUDAN AIRWAYS,A,S, 1 , 0 , 0 , 100 , 0 , 0 , 0 , 0 , 21 , 0 , 0 , 0 , 0 
09-Jan-2004 09:46,200201,MANCHESTER,SUDAN,KHARTOUM,SUDAN AIRWAYS,D,S, 1 , 0 , 0 , 0 , 0 , 100 , 0 , 0 , 147 , 0 , 0 , 0 , 0 
09-Jan-2004 09:46,200201,MANCHESTER,SWEDEN,GOTEBORG,BRAATHENS ASA,D,C, 1 , 0 , 0 , 100 , 0 , 0 , 0 , 0 , 17 , 0 , 0 , 0 , 0 
09-Jan-2004 09:46,200201,MANCHESTER,SWEDEN,GOTEBORG,BRITISH REGIONAL AIRLINES LTD,A,S, 25 , 0 , 80 , 16 , 4 , 0 , 0 , 0 , 6.76 , 1 , 0 , 0 , 0 
09-Jan-2004 09:46,200201,MANCHESTER,SWEDEN,GOTEBORG,BRITISH REGIONAL AIRLINES LTD,D,S, 26 , 0 , 80.7692307692308 , 15.3846153846154 , 3.84615384615385 , 0 , 0 , 0 , 5.76923076923077 , 0 , 0 , 0 , 0 
09-Jan-2004 09:46,200201,MANCHESTER,SWEDEN,STOCKHOLM (ARLANDA),SKYWAYS EXPRESS,A,S, 38 , 0 , 60.5263157894737 , 18.4210526315789 , 7.89473684210526 , 10.5263157894737 , 2.63157894736842 , 0 , 24.8947368421053 , 3 , 44 , 93.1818181818182 , 3.81818181818182 
09-Jan-2004 09:46,200201,MANCHESTER,SWEDEN,STOCKHOLM (ARLANDA),SKYWAYS EXPRESS,D,S, 37 , 0 , 67.5675675675676 , 13.5135135135135 , 5.40540540540541 , 10.8108108108108 , 2.7027027027027 , 0 , 21.4594594594595 , 3 , 44 , 93.1818181818182 , 5.45454545454545 
09-Jan-2004 09:46,200201,MANCHESTER,SWITZERLAND,BASLE MULHOUSE,SWISS AIRLINES,A,S, 72 , 1 , 81.9444444444444 , 9.72222222222222 , 6.94444444444444 , 1.38888888888889 , 0 , 0 , 8.81944444444444 , 0 , 75 , 72 , 9.86666666666667 
09-Jan-2004 09:46,200201,MANCHESTER,SWITZERLAND,BASLE MULHOUSE,SWISS AIRLINES,D,S, 71 , 0 , 84.5070422535211 , 11.2676056338028 , 4.22535211267606 , 0 , 0 , 0 , 5.43661971830986 , 0 , 75 , 64 , 15.76 
09-Jan-2004 09:46,200201,MANCHESTER,SWITZERLAND,GENEVA,AIR 2000,A,C, 4 , 0 , 0 , 0 , 50 , 50 , 0 , 0 , 71.25 , 0 , 4 , 0 , 68 
09-Jan-2004 09:46,200201,MANCHESTER,SWITZERLAND,GENEVA,AIR 2000,D,C, 4 , 0 , 50 , 25 , 25 , 0 , 0 , 0 , 17.25 , 0 , 4 , 75 , 14.5 
09-Jan-2004 09:46,200201,MANCHESTER,SWITZERLAND,GENEVA,BRITANNIA AIRWAYS,A,C, 8 , 0 , 0 , 0 , 75 , 25 , 0 , 0 , 52.75 , 0 , 8 , 0 , 53.25 
09-Jan-2004 09:46,200201,MANCHESTER,SWITZERLAND,GENEVA,BRITANNIA AIRWAYS,D,C, 8 , 0 , 75 , 0 , 0 , 25 , 0 , 0 , 23.125 , 0 , 8 , 0 , 21.25 
09-Jan-2004 09:46,200201,MANCHESTER,SWITZERLAND,GENEVA,BRITISH AIRWAYS PLC,A,C, 8 , 0 , 37.5 , 25 , 25 , 12.5 , 0 , 0 , 25.75 , 0 , 12 , 41.6666666666667 , 18.8333333333333 
09-Jan-2004 09:46,200201,MANCHESTER,SWITZERLAND,GENEVA,BRITISH AIRWAYS PLC,A,S, 31 , 0 , 67.741935483871 , 12.9032258064516 , 16.1290322580645 , 3.2258064516129 , 0 , 0 , 14.1290322580645 , 0 , 30 , 46.6666666666667 , 27.6666666666667 
09-Jan-2004 09:46,200201,MANCHESTER,SWITZERLAND,GENEVA,BRITISH AIRWAYS PLC,D,C, 8 , 0 , 87.5 , 12.5 , 0 , 0 , 0 , 0 , 3.5 , 0 , 12 , 91.6666666666667 , 5.33333333333333 
09-Jan-2004 09:46,200201,MANCHESTER,SWITZERLAND,GENEVA,BRITISH AIRWAYS PLC,D,S, 31 , 0 , 90.3225806451613 , 9.67741935483871 , 0 , 0 , 0 , 0 , 4.35483870967742 , 0 , 30 , 73.3333333333333 , 9.1 
09-Jan-2004 09:46,200201,MANCHESTER,SWITZERLAND,GENEVA,MY TRAVEL AIRWAYS UK,A,C, 4 , 0 , 50 , 25 , 25 , 0 , 0 , 0 , 18.25 , 0 , 5 , 60 , 22 
09-Jan-2004 09:46,200201,MANCHESTER,SWITZERLAND,GENEVA,MY TRAVEL AIRWAYS UK,D,C, 4 , 0 , 100 , 0 , 0 , 0 , 0 , 0 , 2.25 , 0 , 5 , 80 , 8.2 
09-Jan-2004 09:46,200201,MANCHESTER,SWITZERLAND,ZURICH,B A S E BUSINESS AIRLINES,D,S, 0 , 0 , 0 , 0 , 0 , 0 , 0 , 0 , 0 , 0 , 14 , 92.8571428571429 , 3.42857142857143 
09-Jan-2004 09:46,200201,MANCHESTER,SWITZERLAND,ZURICH,BRITISH AIRWAYS PLC,A,S, 52 , 0 , 50 , 25 , 23.0769230769231 , 0 , 1.92307692307692 , 0 , 20.7115384615385 , 1 , 0 , 0 , 0 
09-Jan-2004 09:46,200201,MANCHESTER,SWITZERLAND,ZURICH,BRITISH AIRWAYS PLC,D,S, 52 , 0 , 86.5384615384615 , 5.76923076923077 , 7.69230769230769 , 0 , 0 , 0 , 5.76923076923077 , 1 , 0 , 0 , 0 
09-Jan-2004 09:46,200201,MANCHESTER,SWITZERLAND,ZURICH,SWISS AIRLINES,A,S, 62 , 0 , 79.0322580645161 , 14.5161290322581 , 4.83870967741935 , 1.61290322580645 , 0 , 0 , 10.9838709677419 , 0 , 0 , 0 , 0 
09-Jan-2004 09:46,200201,MANCHESTER,SWITZERLAND,ZURICH,SWISS AIRLINES,D,S, 60 , 1 , 90 , 5 , 5 , 0 , 0 , 0 , 5.4 , 0 , 0 , 0 , 0 
09-Jan-2004 09:46,200201,MANCHESTER,SWITZERLAND,ZURICH,SWISSAIR,A,S, 0 , 0 , 0 , 0 , 0 , 0 , 0 , 0 , 0 , 0 , 61 , 52.4590163934426 , 18.9508196721311 
09-Jan-2004 09:46,200201,MANCHESTER,SWITZERLAND,ZURICH,SWISSAIR,D,S, 0 , 0 , 0 , 0 , 0 , 0 , 0 , 0 , 0 , 0 , 61 , 86.8852459016394 , 7.19672131147541 
09-Jan-2004 09:46,200201,MANCHESTER,THAILAND,PHUKET,BRITANNIA AIRWAYS,A,C, 0 , 0 , 0 , 0 , 0 , 0 , 0 , 0 , 0 , 0 , 3 , 0 , 68.6666666666667 
09-Jan-2004 09:46,200201,MANCHESTER,THAILAND,PHUKET,BRITANNIA AIRWAYS,D,C, 0 , 0 , 0 , 0 , 0 , 0 , 0 , 0 , 0 , 0 , 5 , 20 , 47.6 
09-Jan-2004 09:46,200201,MANCHESTER,TUNISIA,MONASTIR,AIR 2000,A,C, 3 , 1 , 100 , 0 , 0 , 0 , 0 , 0 , 0 , 0 , 1 , 0 , 31 
09-Jan-2004 09:46,200201,MANCHESTER,TUNISIA,MONASTIR,AIR 2000,D,C, 4 , 0 , 75 , 0 , 0 , 25 , 0 , 0 , 35 , 0 , 1 , 0 , 35 
09-Jan-2004 09:46,200201,MANCHESTER,TUNISIA,MONASTIR,BRITANNIA AIRWAYS,A,C, 6 , 0 , 66.6666666666667 , 16.6666666666667 , 0 , 0 , 16.6666666666667 , 0 , 61.1666666666667 , 0 , 9 , 44.4444444444444 , 27.2222222222222 
09-Jan-2004 09:46,200201,MANCHESTER,TUNISIA,MONASTIR,BRITANNIA AIRWAYS,D,C, 6 , 0 , 66.6666666666667 , 0 , 0 , 16.6666666666667 , 16.6666666666667 , 0 , 75.3333333333333 , 0 , 9 , 11.1111111111111 , 33.4444444444444 
09-Jan-2004 09:46,200201,MANCHESTER,TUNISIA,MONASTIR,MY TRAVEL AIRWAYS UK,A,C, 4 , 0 , 50 , 0 , 25 , 25 , 0 , 0 , 32.25 , 0 , 5 , 60 , 16.6 
09-Jan-2004 09:46,200201,MANCHESTER,TUNISIA,MONASTIR,MY TRAVEL AIRWAYS UK,D,C, 4 , 0 , 50 , 0 , 25 , 25 , 0 , 0 , 24.5 , 0 , 5 , 100 , 3.4 
09-Jan-2004 09:46,200201,MANCHESTER,TUNISIA,MONASTIR,THOMAS COOK AIRLINES LTD,A,C, 4 , 0 , 75 , 0 , 0 , 25 , 0 , 0 , 47 , 0 , 4 , 25 , 42.75 
09-Jan-2004 09:46,200201,MANCHESTER,TUNISIA,MONASTIR,THOMAS COOK AIRLINES LTD,D,C, 4 , 0 , 75 , 0 , 0 , 25 , 0 , 0 , 34.75 , 0 , 4 , 100 , 0 
09-Jan-2004 09:46,200201,MANCHESTER,TURKEY,ANTALYA,THOMAS COOK AIRLINES LTD,A,C, 4 , 0 , 100 , 0 , 0 , 0 , 0 , 0 , 3 , 0 , 5 , 100 , 7 
09-Jan-2004 09:46,200201,MANCHESTER,TURKEY,ANTALYA,THOMAS COOK AIRLINES LTD,D,C, 4 , 0 , 100 , 0 , 0 , 0 , 0 , 0 , 1 , 0 , 5 , 100 , 5.6 
09-Jan-2004 09:46,200201,MANCHESTER,TURKEY,ISTANBUL,THY TURK HAVA YOLLARI TURKISH,A,S, 18 , 0 , 27.7777777777778 , 27.7777777777778 , 33.3333333333333 , 5.55555555555556 , 5.55555555555556 , 0 , 45.6666666666667 , 0 , 17 , 52.9411764705882 , 16.8235294117647 
09-Jan-2004 09:46,200201,MANCHESTER,TURKEY,ISTANBUL,THY TURK HAVA YOLLARI TURKISH,D,S, 18 , 0 , 27.7777777777778 , 33.3333333333333 , 27.7777777777778 , 5.55555555555556 , 5.55555555555556 , 0 , 41.7777777777778 , 0 , 17 , 58.8235294117647 , 20.4117647058824 
09-Jan-2004 09:46,200201,MANCHESTER,TURKMENISTAN,ASHKHABAD,TURKMENISTAN AIRLINES,A,S, 3 , 1 , 66.6666666666667 , 33.3333333333333 , 0 , 0 , 0 , 0 , 5.66666666666667 , 1 , 0 , 0 , 0 
09-Jan-2004 09:46,200201,MANCHESTER,TURKMENISTAN,ASHKHABAD,TURKMENISTAN AIRLINES,D,S, 4 , 0 , 50 , 25 , 0 , 0 , 0 , 25 , 208 , 0 , 0 , 0 , 0 
09-Jan-2004 09:46,200201,MANCHESTER,UNITED ARAB EMIRATES,DUBAI,EMIRATES,A,S, 31 , 1 , 35.4838709677419 , 29.0322580645161 , 22.5806451612903 , 9.67741935483871 , 3.2258064516129 , 0 , 32.2258064516129 , 1 , 31 , 80.6451612903226 , 7 
09-Jan-2004 09:46,200201,MANCHESTER,UNITED ARAB EMIRATES,DUBAI,EMIRATES,D,S, 32 , 0 , 46.875 , 18.75 , 28.125 , 3.125 , 3.125 , 0 , 27.28125 , 0 , 31 , 74.1935483870968 , 10.6129032258065 
09-Jan-2004 09:46,200201,MANCHESTER,UNITED KINGDOM,ABERDEEN,BMI REGIONAL,A,S, 71 , 0 , 84.5070422535211 , 7.04225352112676 , 0 , 8.45070422535211 , 0 , 0 , 12.4225352112676 , 0 , 68 , 80.8823529411765 , 15.2352941176471 
09-Jan-2004 09:46,200201,MANCHESTER,UNITED KINGDOM,ABERDEEN,BMI REGIONAL,D,S, 71 , 0 , 88.7323943661972 , 0 , 2.8169014084507 , 8.45070422535211 , 0 , 0 , 9.08450704225352 , 0 , 67 , 83.5820895522388 , 12.955223880597 
09-Jan-2004 09:46,200201,MANCHESTER,UNITED KINGDOM,ABERDEEN,BRITISH AIRWAYS CITIEXPRESS LTD,A,S, 133 , 1 , 80.4511278195489 , 12.0300751879699 , 3.00751879699248 , 3.7593984962406 , 0.75187969924812 , 0 , 12.2932330827068 , 5 , 146 , 89.7260273972603 , 6.99315068493151 
09-Jan-2004 09:46,200201,MANCHESTER,UNITED KINGDOM,ABERDEEN,BRITISH AIRWAYS CITIEXPRESS LTD,D,S, 132 , 1 , 94.6969696969697 , 3.03030303030303 , 1.51515151515152 , 0.757575757575758 , 0 , 0 , 3.85606060606061 , 3 , 145 , 92.4137931034483 , 4.30344827586207 
09-Jan-2004 09:46,200201,MANCHESTER,UNITED KINGDOM,ABERDEEN,BRITISH REGIONAL AIRLINES LTD,A,S, 0 , 1 , 0 , 0 , 0 , 0 , 0 , 0 , 0 , 0 , 0 , 0 , 0 
09-Jan-2004 09:46,200201,MANCHESTER,UNITED KINGDOM,ABERDEEN,BRITISH REGIONAL AIRLINES LTD,D,S, 0 , 1 , 0 , 0 , 0 , 0 , 0 , 0 , 0 , 0 , 0 , 0 , 0 
09-Jan-2004 09:46,200201,MANCHESTER,UNITED KINGDOM,BELFAST CITY,BRITISH REGIONAL AIRLINES LTD,A,S, 168 , 1 , 71.4285714285714 , 11.9047619047619 , 11.3095238095238 , 5.35714285714286 , 0 , 0 , 16.5416666666667 , 2 , 112 , 83.0357142857143 , 7.6875 
09-Jan-2004 09:46,200201,MANCHESTER,UNITED KINGDOM,BELFAST CITY,BRITISH REGIONAL AIRLINES LTD,D,S, 167 , 1 , 84.4311377245509 , 6.58682634730539 , 5.38922155688623 , 3.59281437125748 , 0 , 0 , 7.74251497005988 , 4 , 113 , 89.3805309734513 , 4.31858407079646 
09-Jan-2004 09:46,200201,MANCHESTER,UNITED KINGDOM,BELFAST INTERNATIONAL,BRITISH REGIONAL AIRLINES LTD,A,S, 0 , 0 , 0 , 0 , 0 , 0 , 0 , 0 , 0 , 0 , 106 , 94.3396226415094 , 5.33018867924528 
09-Jan-2004 09:46,200201,MANCHESTER,UNITED KINGDOM,BELFAST INTERNATIONAL,BRITISH REGIONAL AIRLINES LTD,D,S, 0 , 0 , 0 , 0 , 0 , 0 , 0 , 0 , 0 , 0 , 105 , 91.4285714285714 , 6.28571428571429 
09-Jan-2004 09:46,200201,MANCHESTER,UNITED KINGDOM,BELFAST INTERNATIONAL,MY TRAVEL AIRWAYS UK,D,C, 0 , 0 , 0 , 0 , 0 , 0 , 0 , 0 , 0 , 0 , 1 , 100 , 0 
09-Jan-2004 09:46,200201,MANCHESTER,UNITED KINGDOM,BIRMINGHAM,BRITISH AIRWAYS PLC,D,S, 0 , 1 , 0 , 0 , 0 , 0 , 0 , 0 , 0 , 1 , 0 , 0 , 0 
09-Jan-2004 09:46,200201,MANCHESTER,UNITED KINGDOM,BRISTOL,BRITISH AIRWAYS CITIEXPRESS LTD,A,S, 0 , 0 , 0 , 0 , 0 , 0 , 0 , 0 , 0 , 0 , 22 , 86.3636363636364 , 6.81818181818182 
09-Jan-2004 09:46,200201,MANCHESTER,UNITED KINGDOM,BRISTOL,BRITISH AIRWAYS CITIEXPRESS LTD,D,S, 0 , 0 , 0 , 0 , 0 , 0 , 0 , 0 , 0 , 0 , 21 , 90.4761904761905 , 3.47619047619048 
09-Jan-2004 09:46,200201,MANCHESTER,UNITED KINGDOM,CARDIFF WALES,AIR 2000,A,C, 1 , 0 , 0 , 0 , 100 , 0 , 0 , 0 , 36 , 0 , 0 , 0 , 0 
09-Jan-2004 09:46,200201,MANCHESTER,UNITED KINGDOM,CARDIFF WALES,AIR 2000,D,C, 1 , 0 , 100 , 0 , 0 , 0 , 0 , 0 , 0 , 0 , 0 , 0 , 0 
09-Jan-2004 09:46,200201,MANCHESTER,UNITED KINGDOM,EAST MIDLANDS,AIR 2000,A,C, 0 , 1 , 0 , 0 , 0 , 0 , 0 , 0 , 0 , 0 , 0 , 0 , 0 
09-Jan-2004 09:46,200201,MANCHESTER,UNITED KINGDOM,EDINBURGH,BMI REGIONAL,A,S, 106 , 0 , 83.9622641509434 , 8.49056603773585 , 3.77358490566038 , 3.77358490566038 , 0 , 0 , 9.65094339622642 , 0 , 80 , 88.75 , 5.675 
09-Jan-2004 09:46,200201,MANCHESTER,UNITED KINGDOM,EDINBURGH,BMI REGIONAL,D,S, 106 , 0 , 90.5660377358491 , 2.83018867924528 , 2.83018867924528 , 3.77358490566038 , 0 , 0 , 5.14150943396226 , 0 , 82 , 90.2439024390244 , 4.5 
09-Jan-2004 09:46,200201,MANCHESTER,UNITED KINGDOM,EDINBURGH,BRITISH AIRWAYS CITIEXPRESS LTD,A,S, 47 , 0 , 76.5957446808511 , 12.7659574468085 , 6.38297872340426 , 4.25531914893617 , 0 , 0 , 12.9787234042553 , 0 , 77 , 79.2207792207792 , 9.81818181818182 
09-Jan-2004 09:46,200201,MANCHESTER,UNITED KINGDOM,EDINBURGH,BRITISH AIRWAYS CITIEXPRESS LTD,D,S, 48 , 0 , 85.4166666666667 , 2.08333333333333 , 10.4166666666667 , 2.08333333333333 , 0 , 0 , 7.52083333333333 , 0 , 76 , 88.1578947368421 , 6.88157894736842 
09-Jan-2004 09:46,200201,MANCHESTER,UNITED KINGDOM,EDINBURGH,BRITISH AIRWAYS PLC,A,S, 95 , 1 , 60 , 23.1578947368421 , 12.6315789473684 , 4.21052631578947 , 0 , 0 , 17.1578947368421 , 3 , 68 , 66.1764705882353 , 17.3382352941176 
09-Jan-2004 09:46,200201,MANCHESTER,UNITED KINGDOM,EDINBURGH,BRITISH AIRWAYS PLC,D,S, 95 , 0 , 83.1578947368421 , 10.5263157894737 , 5.26315789473684 , 1.05263157894737 , 0 , 0 , 6.76842105263158 , 4 , 69 , 81.1594202898551 , 10.9565217391304 
09-Jan-2004 09:46,200201,MANCHESTER,UNITED KINGDOM,GATWICK,AIR 2000,A,C, 4 , 1 , 100 , 0 , 0 , 0 , 0 , 0 , 0.5 , 0 , 4 , 50 , 31 
09-Jan-2004 09:46,200201,MANCHESTER,UNITED KINGDOM,GATWICK,AIR 2000,D,C, 6 , 0 , 66.6666666666667 , 16.6666666666667 , 16.6666666666667 , 0 , 0 , 0 , 12.3333333333333 , 0 , 2 , 0 , 21.5 
09-Jan-2004 09:46,200201,MANCHESTER,UNITED KINGDOM,GATWICK,BRITANNIA AIRWAYS,A,C, 5 , 0 , 40 , 60 , 0 , 0 , 0 , 0 , 13.4 , 0 , 11 , 81.8181818181818 , 4.81818181818182 
09-Jan-2004 09:46,200201,MANCHESTER,UNITED KINGDOM,GATWICK,BRITANNIA AIRWAYS,D,C, 5 , 0 , 80 , 0 , 0 , 20 , 0 , 0 , 14.6 , 0 , 9 , 22.2222222222222 , 60.1111111111111 
09-Jan-2004 09:46,200201,MANCHESTER,UNITED KINGDOM,GATWICK,BRITISH AIRWAYS (EURO OPS) LGW,A,S, 192 , 0 , 86.4583333333333 , 8.33333333333333 , 3.64583333333333 , 1.5625 , 0 , 0 , 6.03645833333333 , 0 , 191 , 83.2460732984293 , 6.96335078534031 
09-Jan-2004 09:46,200201,MANCHESTER,UNITED KINGDOM,GATWICK,BRITISH AIRWAYS (EURO OPS) LGW,D,S, 192 , 0 , 92.7083333333333 , 3.125 , 3.64583333333333 , 0.520833333333333 , 0 , 0 , 3.53645833333333 , 0 , 191 , 85.3403141361257 , 8.58115183246073 
09-Jan-2004 09:46,200201,MANCHESTER,UNITED KINGDOM,GATWICK,MONARCH AIRLINES,A,C, 5 , 0 , 20 , 0 , 40 , 40 , 0 , 0 , 76.8 , 0 , 1 , 100 , 7 
09-Jan-2004 09:46,200201,MANCHESTER,UNITED KINGDOM,GATWICK,MONARCH AIRLINES,D,C, 5 , 0 , 0 , 0 , 60 , 20 , 20 , 0 , 89.4 , 0 , 0 , 0 , 0 
09-Jan-2004 09:46,200201,MANCHESTER,UNITED KINGDOM,GATWICK,MY TRAVEL AIRWAYS UK,D,C, 1 , 0 , 100 , 0 , 0 , 0 , 0 , 0 , 11 , 0 , 0 , 0 , 0 
09-Jan-2004 09:46,200201,MANCHESTER,UNITED KINGDOM,GLASGOW,BMI REGIONAL,A,S, 82 , 3 , 89.0243902439024 , 3.65853658536585 , 0 , 6.09756097560976 , 1.21951219512195 , 0 , 9.04878048780488 , 0 , 89 , 79.7752808988764 , 8.93258426966292 
09-Jan-2004 09:46,200201,MANCHESTER,UNITED KINGDOM,GLASGOW,BMI REGIONAL,D,S, 82 , 1 , 93.9024390243902 , 1.21951219512195 , 4.8780487804878 , 0 , 0 , 0 , 3.01219512195122 , 0 , 89 , 89.8876404494382 , 5.10112359550562 
09-Jan-2004 09:46,200201,MANCHESTER,UNITED KINGDOM,GLASGOW,BRITISH AIRWAYS CITIEXPRESS LTD,A,S, 60 , 0 , 86.6666666666667 , 6.66666666666667 , 5 , 1.66666666666667 , 0 , 0 , 8.83333333333333 , 0 , 91 , 74.7252747252747 , 10.6923076923077 
09-Jan-2004 09:46,200201,MANCHESTER,UNITED KINGDOM,GLASGOW,BRITISH AIRWAYS CITIEXPRESS LTD,D,S, 62 , 0 , 95.1612903225806 , 1.61290322580645 , 1.61290322580645 , 1.61290322580645 , 0 , 0 , 2.90322580645161 , 0 , 90 , 82.2222222222222 , 11.0888888888889 
09-Jan-2004 09:46,200201,MANCHESTER,UNITED KINGDOM,GLASGOW,BRITISH AIRWAYS PLC,A,S, 72 , 2 , 72.2222222222222 , 15.2777777777778 , 8.33333333333333 , 4.16666666666667 , 0 , 0 , 14.1944444444444 , 7 , 44 , 59.0909090909091 , 14.3863636363636 
09-Jan-2004 09:46,200201,MANCHESTER,UNITED KINGDOM,GLASGOW,BRITISH AIRWAYS PLC,D,S, 74 , 2 , 75.6756756756757 , 6.75675675675676 , 9.45945945945946 , 8.10810810810811 , 0 , 0 , 13.7837837837838 , 5 , 48 , 75 , 12.2916666666667 
09-Jan-2004 09:46,200201,MANCHESTER,UNITED KINGDOM,GLASGOW,GO FLY LTD,D,S, 0 , 1 , 0 , 0 , 0 , 0 , 0 , 0 , 0 , 0 , 0 , 0 , 0 
09-Jan-2004 09:46,200201,MANCHESTER,UNITED KINGDOM,GLASGOW,MY TRAVEL AIRWAYS UK,D,C, 0 , 1 , 0 , 0 , 0 , 0 , 0 , 0 , 0 , 0 , 0 , 0 , 0 
09-Jan-2004 09:46,200201,MANCHESTER,UNITED KINGDOM,GUERNSEY,AURIGNY AIR SERVICES,A,S, 60 , 0 , 76.6666666666667 , 13.3333333333333 , 8.33333333333333 , 1.66666666666667 , 0 , 0 , 11.1 , 1 , 50 , 80 , 10.08 
09-Jan-2004 09:46,200201,MANCHESTER,UNITED KINGDOM,GUERNSEY,AURIGNY AIR SERVICES,D,S, 60 , 0 , 90 , 3.33333333333333 , 3.33333333333333 , 3.33333333333333 , 0 , 0 , 6.46666666666667 , 1 , 50 , 88 , 7.54 
09-Jan-2004 09:46,200201,MANCHESTER,UNITED KINGDOM,GUERNSEY,BRITISH REGIONAL AIRLINES LTD,A,S, 5 , 1 , 60 , 0 , 40 , 0 , 0 , 0 , 18.2 , 1 , 7 , 100 , 1.85714285714286 
09-Jan-2004 09:46,200201,MANCHESTER,UNITED KINGDOM,GUERNSEY,BRITISH REGIONAL AIRLINES LTD,D,S, 4 , 0 , 75 , 0 , 25 , 0 , 0 , 0 , 11.5 , 0 , 7 , 85.7142857142857 , 5.85714285714286 
09-Jan-2004 09:46,200201,MANCHESTER,UNITED KINGDOM,HEATHROW,AIR CANADA,D,S, 0 , 1 , 0 , 0 , 0 , 0 , 0 , 0 , 0 , 0 , 0 , 0 , 0 
09-Jan-2004 09:46,200201,MANCHESTER,UNITED KINGDOM,HEATHROW,BMI BRITISH MIDLAND,A,S, 178 , 1 , 79.2134831460674 , 13.4831460674157 , 4.49438202247191 , 2.80898876404494 , 0 , 0 , 9.25842696629213 , 1 , 207 , 73.9130434782609 , 13.024154589372 
09-Jan-2004 09:46,200201,MANCHESTER,UNITED KINGDOM,HEATHROW,BMI BRITISH MIDLAND,D,S, 176 , 1 , 88.0681818181818 , 2.84090909090909 , 5.11363636363636 , 3.40909090909091 , 0.568181818181818 , 0 , 7.51136363636364 , 2 , 207 , 84.5410628019324 , 9.63768115942029 
09-Jan-2004 09:46,200201,MANCHESTER,UNITED KINGDOM,HEATHROW,BRITISH AIRWAYS PLC,A,S, 309 , 0 , 71.1974110032362 , 15.5339805825243 , 8.09061488673139 , 4.20711974110032 , 0.970873786407767 , 0 , 16.8964401294498 , 0 , 292 , 66.7808219178082 , 15.6883561643836 
09-Jan-2004 09:46,200201,MANCHESTER,UNITED KINGDOM,HEATHROW,BRITISH AIRWAYS PLC,D,S, 308 , 1 , 84.4155844155844 , 5.19480519480519 , 3.8961038961039 , 5.51948051948052 , 0.974025974025974 , 0 , 11.3506493506494 , 0 , 291 , 74.2268041237113 , 14.1786941580756 
09-Jan-2004 09:46,200201,MANCHESTER,UNITED KINGDOM,ISLE OF MAN,BA CITIEXPRESS (IOM) LTD,A,S, 95 , 1 , 84.2105263157895 , 8.42105263157895 , 3.15789473684211 , 4.21052631578947 , 0 , 0 , 9.51578947368421 , 1 , 92 , 96.7391304347826 , 3.27173913043478 
09-Jan-2004 09:46,200201,MANCHESTER,UNITED KINGDOM,ISLE OF MAN,BA CITIEXPRESS (IOM) LTD,D,S, 95 , 1 , 94.7368421052632 , 1.05263157894737 , 1.05263157894737 , 3.15789473684211 , 0 , 0 , 4.29473684210526 , 1 , 91 , 96.7032967032967 , 1.84615384615385 
09-Jan-2004 09:46,200201,MANCHESTER,UNITED KINGDOM,JERSEY,BRITISH REGIONAL AIRLINES LTD,A,S, 52 , 0 , 80.7692307692308 , 5.76923076923077 , 11.5384615384615 , 1.92307692307692 , 0 , 0 , 9.71153846153846 , 0 , 54 , 88.8888888888889 , 5.16666666666667 
09-Jan-2004 09:46,200201,MANCHESTER,UNITED KINGDOM,JERSEY,BRITISH REGIONAL AIRLINES LTD,D,S, 53 , 0 , 83.0188679245283 , 7.54716981132075 , 3.77358490566038 , 5.66037735849057 , 0 , 0 , 8.0188679245283 , 0 , 54 , 83.3333333333333 , 8.68518518518519 
09-Jan-2004 09:46,200201,MANCHESTER,UNITED KINGDOM,LEEDS BRADFORD,BA CITIEXPRESS (IOM) LTD,A,S, 0 , 1 , 0 , 0 , 0 , 0 , 0 , 0 , 0 , 0 , 0 , 0 , 0 
09-Jan-2004 09:46,200201,MANCHESTER,UNITED KINGDOM,LEEDS BRADFORD,BA CITIEXPRESS (IOM) LTD,D,S, 0 , 1 , 0 , 0 , 0 , 0 , 0 , 0 , 0 , 0 , 0 , 0 , 0 
09-Jan-2004 09:46,200201,MANCHESTER,UNITED KINGDOM,LONDONDERRY,BRITISH REGIONAL AIRLINES LTD,A,S, 0 , 0 , 0 , 0 , 0 , 0 , 0 , 0 , 0 , 0 , 27 , 85.1851851851852 , 5.07407407407407 
09-Jan-2004 09:46,200201,MANCHESTER,UNITED KINGDOM,LONDONDERRY,BRITISH REGIONAL AIRLINES LTD,D,S, 0 , 0 , 0 , 0 , 0 , 0 , 0 , 0 , 0 , 0 , 28 , 78.5714285714286 , 9.53571428571429 
09-Jan-2004 09:46,200201,MANCHESTER,UNITED KINGDOM,LONDONDERRY,LOGANAIR,A,S, 30 , 0 , 70 , 10 , 10 , 6.66666666666667 , 3.33333333333333 , 0 , 21.3 , 6 , 0 , 0 , 0 
09-Jan-2004 09:46,200201,MANCHESTER,UNITED KINGDOM,LONDONDERRY,LOGANAIR,D,S, 29 , 0 , 75.8620689655172 , 6.89655172413793 , 6.89655172413793 , 10.3448275862069 , 0 , 0 , 12.6551724137931 , 6 , 0 , 0 , 0 
09-Jan-2004 09:46,200201,MANCHESTER,UNITED KINGDOM,NEWCASTLE,AIR 2000,A,S, 0 , 0 , 0 , 0 , 0 , 0 , 0 , 0 , 0 , 0 , 1 , 100 , 0 
09-Jan-2004 09:46,200201,MANCHESTER,UNITED KINGDOM,NEWCASTLE,AIR 2000,D,S, 0 , 0 , 0 , 0 , 0 , 0 , 0 , 0 , 0 , 0 , 1 , 100 , 0 
09-Jan-2004 09:46,200201,MANCHESTER,UNITED KINGDOM,NEWCASTLE,MONARCH AIRLINES,A,C, 0 , 1 , 0 , 0 , 0 , 0 , 0 , 0 , 0 , 0 , 0 , 0 , 0 
09-Jan-2004 09:46,200201,MANCHESTER,UNITED KINGDOM,NORWICH,EASTERN AIRWAYS,A,S, 60 , 1 , 90 , 6.66666666666667 , 0 , 3.33333333333333 , 0 , 0 , 7.71666666666667 , 2 , 62 , 91.9354838709677 , 6 
09-Jan-2004 09:46,200201,MANCHESTER,UNITED KINGDOM,NORWICH,EASTERN AIRWAYS,D,S, 60 , 1 , 96.6666666666667 , 0 , 0 , 3.33333333333333 , 0 , 0 , 2.61666666666667 , 2 , 62 , 90.3225806451613 , 3.85483870967742 
09-Jan-2004 09:46,200201,MANCHESTER,UNITED KINGDOM,SOUTHAMPTON,BRITISH REGIONAL AIRLINES LTD,A,S, 70 , 2 , 87.1428571428571 , 4.28571428571429 , 2.85714285714286 , 4.28571428571429 , 1.42857142857143 , 0 , 13.1571428571429 , 0 , 70 , 97.1428571428571 , 2.7 
09-Jan-2004 09:46,200201,MANCHESTER,UNITED KINGDOM,SOUTHAMPTON,BRITISH REGIONAL AIRLINES LTD,D,S, 70 , 1 , 90 , 1.42857142857143 , 4.28571428571429 , 4.28571428571429 , 0 , 0 , 9.5 , 1 , 69 , 92.7536231884058 , 5.56521739130435 
09-Jan-2004 09:46,200201,MANCHESTER,UNITED KINGDOM,SOUTHAMPTON,DUO AIRWAYS LTD,A,C, 1 , 0 , 100 , 0 , 0 , 0 , 0 , 0 , 0 , 0 , 0 , 0 , 0 
09-Jan-2004 09:46,200201,MANCHESTER,UNITED KINGDOM,SOUTHAMPTON,DUO AIRWAYS LTD,D,C, 1 , 0 , 100 , 0 , 0 , 0 , 0 , 0 , 0 , 0 , 0 , 0 , 0 
09-Jan-2004 09:46,200201,MANCHESTER,UNITED KINGDOM,STANSTED,BRITISH REGIONAL AIRLINES LTD,A,S, 65 , 0 , 78.4615384615385 , 10.7692307692308 , 1.53846153846154 , 9.23076923076923 , 0 , 0 , 14.9846153846154 , 1 , 84 , 76.1904761904762 , 12.6309523809524 
09-Jan-2004 09:46,200201,MANCHESTER,UNITED KINGDOM,STANSTED,BRITISH REGIONAL AIRLINES LTD,D,S, 65 , 0 , 87.6923076923077 , 3.07692307692308 , 0 , 9.23076923076923 , 0 , 0 , 11.0923076923077 , 1 , 84 , 84.5238095238095 , 8.30952380952381 
09-Jan-2004 09:46,200201,MANCHESTER,UNITED KINGDOM,STANSTED,GO FLY LTD,A,S, 0 , 1 , 0 , 0 , 0 , 0 , 0 , 0 , 0 , 0 , 0 , 0 , 0 
09-Jan-2004 09:46,200201,MANCHESTER,UNITED KINGDOM,STANSTED,VLM (BELGIUM),A,C, 1 , 0 , 0 , 100 , 0 , 0 , 0 , 0 , 17 , 0 , 0 , 0 , 0 
09-Jan-2004 09:46,200201,MANCHESTER,UNITED KINGDOM,STANSTED,VLM (BELGIUM),D,C, 1 , 0 , 0 , 0 , 0 , 100 , 0 , 0 , 76 , 0 , 0 , 0 , 0 
09-Jan-2004 09:46,200201,MANCHESTER,USA,ATLANTA,DELTA AIRLINES,A,S, 31 , 0 , 90.3225806451613 , 3.2258064516129 , 3.2258064516129 , 0 , 3.2258064516129 , 0 , 8.70967741935484 , 0 , 31 , 41.9354838709677 , 25.741935483871 
09-Jan-2004 09:46,200201,MANCHESTER,USA,ATLANTA,DELTA AIRLINES,D,S, 31 , 0 , 96.7741935483871 , 0 , 0 , 3.2258064516129 , 0 , 0 , 5.64516129032258 , 0 , 32 , 78.125 , 16.5625 
09-Jan-2004 09:46,200201,MANCHESTER,USA,CHICAGO (O'HARE),AMERICAN AIRLINES,A,S, 31 , 0 , 90.3225806451613 , 0 , 9.67741935483871 , 0 , 0 , 0 , 5.29032258064516 , 0 , 31 , 58.0645161290323 , 27.1935483870968 
09-Jan-2004 09:46,200201,MANCHESTER,USA,CHICAGO (O'HARE),AMERICAN AIRLINES,D,S, 31 , 0 , 96.7741935483871 , 0 , 3.2258064516129 , 0 , 0 , 0 , 1.41935483870968 , 0 , 31 , 77.4193548387097 , 22.3870967741935 
09-Jan-2004 09:46,200201,MANCHESTER,USA,CHICAGO (O'HARE),BMI BRITISH MIDLAND,A,S, 31 , 0 , 100 , 0 , 0 , 0 , 0 , 0 , 1.54838709677419 , 0 , 0 , 0 , 0 
09-Jan-2004 09:46,200201,MANCHESTER,USA,CHICAGO (O'HARE),BMI BRITISH MIDLAND,D,S, 31 , 0 , 96.7741935483871 , 0 , 3.2258064516129 , 0 , 0 , 0 , 1.67741935483871 , 0 , 0 , 0 , 0 
09-Jan-2004 09:46,200201,MANCHESTER,USA,LAS VEGAS,MY TRAVEL AIRWAYS UK,A,C, 2 , 0 , 0 , 50 , 0 , 50 , 0 , 0 , 52.5 , 0 , 5 , 0 , 56.8 
09-Jan-2004 09:46,200201,MANCHESTER,USA,LAS VEGAS,MY TRAVEL AIRWAYS UK,D,C, 1 , 0 , 100 , 0 , 0 , 0 , 0 , 0 , 13 , 0 , 5 , 60 , 15 
09-Jan-2004 09:46,200201,MANCHESTER,USA,NEW YORK (JF KENNEDY),BRITISH AIRWAYS PLC,A,S, 28 , 0 , 85.7142857142857 , 0 , 7.14285714285714 , 7.14285714285714 , 0 , 0 , 10.4285714285714 , 0 , 28 , 67.8571428571429 , 17.6428571428571 
09-Jan-2004 09:46,200201,MANCHESTER,USA,NEW YORK (JF KENNEDY),BRITISH AIRWAYS PLC,D,S, 28 , 0 , 89.2857142857143 , 10.7142857142857 , 0 , 0 , 0 , 0 , 3.46428571428571 , 0 , 29 , 68.9655172413793 , 22.7586206896552 
09-Jan-2004 09:46,200201,MANCHESTER,USA,NEW YORK (JF KENNEDY),DELTA AIRLINES,A,S, 0 , 0 , 0 , 0 , 0 , 0 , 0 , 0 , 0 , 0 , 4 , 75 , 65.5 
09-Jan-2004 09:46,200201,MANCHESTER,USA,NEW YORK (JF KENNEDY),DELTA AIRLINES,D,S, 0 , 0 , 0 , 0 , 0 , 0 , 0 , 0 , 0 , 0 , 4 , 75 , 50.75 
09-Jan-2004 09:46,200201,MANCHESTER,USA,NEW YORK (JF KENNEDY),MONARCH AIRLINES,A,C, 0 , 0 , 0 , 0 , 0 , 0 , 0 , 0 , 0 , 0 , 7 , 71.4285714285714 , 27.5714285714286 
09-Jan-2004 09:46,200201,MANCHESTER,USA,NEW YORK (JF KENNEDY),MONARCH AIRLINES,D,C, 0 , 0 , 0 , 0 , 0 , 0 , 0 , 0 , 0 , 0 , 7 , 85.7142857142857 , 2.28571428571429 
09-Jan-2004 09:46,200201,MANCHESTER,USA,NEW YORK (JF KENNEDY),PAKISTAN INTL AIRLINES,A,S, 19 , 0 , 26.3157894736842 , 5.26315789473684 , 5.26315789473684 , 15.7894736842105 , 15.7894736842105 , 31.5789473684211 , 245.210526315789 , 0 , 14 , 28.5714285714286 , 193.928571428571 
09-Jan-2004 09:46,200201,MANCHESTER,USA,NEW YORK (JF KENNEDY),PAKISTAN INTL AIRLINES,D,S, 19 , 0 , 10.5263157894737 , 5.26315789473684 , 10.5263157894737 , 26.3157894736842 , 10.5263157894737 , 36.8421052631579 , 333.526315789474 , 0 , 14 , 7.14285714285714 , 190.071428571429 
09-Jan-2004 09:46,200201,MANCHESTER,USA,NEW YORK (NEWARK),CONTINENTAL AIRLINES,A,S, 26 , 2 , 96.1538461538462 , 0 , 0 , 3.84615384615385 , 0 , 0 , 5.53846153846154 , 0 , 31 , 67.741935483871 , 16.0645161290323 
09-Jan-2004 09:46,200201,MANCHESTER,USA,NEW YORK (NEWARK),CONTINENTAL AIRLINES,D,S, 26 , 2 , 92.3076923076923 , 7.69230769230769 , 0 , 0 , 0 , 0 , 2.46153846153846 , 0 , 32 , 59.375 , 21.6875 
09-Jan-2004 09:46,200201,MANCHESTER,USA,ORLANDO,BRITANNIA AIRWAYS,A,C, 1 , 0 , 100 , 0 , 0 , 0 , 0 , 0 , 0 , 0 , 4 , 50 , 8.5 
09-Jan-2004 09:46,200201,MANCHESTER,USA,ORLANDO,BRITANNIA AIRWAYS,D,C, 1 , 0 , 100 , 0 , 0 , 0 , 0 , 0 , 0 , 0 , 4 , 75 , 15.75 
09-Jan-2004 09:46,200201,MANCHESTER,USA,PHILADELPHIA INTERNATIONAL,US AIRWAYS,A,S, 31 , 0 , 90.3225806451613 , 3.2258064516129 , 0 , 3.2258064516129 , 3.2258064516129 , 0 , 13.3548387096774 , 0 , 30 , 90 , 18.9 
09-Jan-2004 09:46,200201,MANCHESTER,USA,PHILADELPHIA INTERNATIONAL,US AIRWAYS,D,S, 31 , 0 , 87.0967741935484 , 0 , 9.67741935483871 , 3.2258064516129 , 0 , 0 , 11.0967741935484 , 0 , 30 , 80 , 17.1666666666667 
09-Jan-2004 09:46,200201,MANCHESTER,USA,SANFORD,AIR 2000,A,C, 4 , 0 , 25 , 25 , 25 , 25 , 0 , 0 , 37.75 , 0 , 12 , 75 , 9.5 
09-Jan-2004 09:46,200201,MANCHESTER,USA,SANFORD,AIR 2000,D,C, 5 , 0 , 60 , 20 , 20 , 0 , 0 , 0 , 14.4 , 0 , 12 , 50 , 17.9166666666667 
09-Jan-2004 09:46,200201,MANCHESTER,USA,SANFORD,BRITANNIA AIRWAYS,A,C, 3 , 0 , 66.6666666666667 , 33.3333333333333 , 0 , 0 , 0 , 0 , 6.33333333333333 , 0 , 0 , 0 , 0 
09-Jan-2004 09:46,200201,MANCHESTER,USA,SANFORD,BRITANNIA AIRWAYS,D,C, 3 , 0 , 33.3333333333333 , 0 , 66.6666666666667 , 0 , 0 , 0 , 28.3333333333333 , 0 , 0 , 0 , 0 
09-Jan-2004 09:46,200201,MANCHESTER,USA,SANFORD,MY TRAVEL AIRWAYS UK,A,C, 7 , 0 , 71.4285714285714 , 0 , 0 , 28.5714285714286 , 0 , 0 , 24.7142857142857 , 0 , 13 , 61.5384615384615 , 74 
09-Jan-2004 09:46,200201,MANCHESTER,USA,SANFORD,MY TRAVEL AIRWAYS UK,D,C, 4 , 0 , 75 , 0 , 0 , 25 , 0 , 0 , 21.75 , 0 , 12 , 58.3333333333333 , 65.3333333333333 
09-Jan-2004 09:46,200201,MANCHESTER,USA,WASHINGTON (DULLES),AIR 2000,D,C, 0 , 1 , 0 , 0 , 0 , 0 , 0 , 0 , 0 , 0 , 0 , 0 , 0 
09-Jan-2004 09:46,200201,MANCHESTER,USA,WASHINGTON (DULLES),BMI BRITISH MIDLAND,A,S, 26 , 0 , 96.1538461538462 , 0 , 0 , 3.84615384615385 , 0 , 0 , 6.23076923076923 , 0 , 0 , 0 , 0 
09-Jan-2004 09:46,200201,MANCHESTER,USA,WASHINGTON (DULLES),BMI BRITISH MIDLAND,D,S, 26 , 0 , 100 , 0 , 0 , 0 , 0 , 0 , 0.346153846153846 , 0 , 0 , 0 , 0 
09-Jan-2004 09:46,200201,MANCHESTER,UZBEKISTAN,TASHKENT,UZBEKISTAN AIRLINES,A,S, 1 , 0 , 0 , 0 , 0 , 100 , 0 , 0 , 128 , 0 , 0 , 0 , 0 
09-Jan-2004 09:46,200201,MANCHESTER,UZBEKISTAN,TASHKENT,UZBEKISTAN AIRLINES,D,S, 1 , 0 , 0 , 0 , 0 , 100 , 0 , 0 , 138 , 0 , 0 , 0 , 0 
09-Jan-2004 09:46,200201,MANCHESTER,VENEZUELA,PORLAMAR,AIR 2000,A,C, 1 , 0 , 100 , 0 , 0 , 0 , 0 , 0 , 4 , 0 , 1 , 100 , 6 
09-Jan-2004 09:46,200201,MANCHESTER,VENEZUELA,PORLAMAR,AIR 2000,D,C, 0 , 0 , 0 , 0 , 0 , 0 , 0 , 0 , 0 , 0 , 3 , 66.6666666666667 , 6 
09-Jan-2004 09:46,200201,NEWCASTLE,AUSTRIA,INNSBRUCK,BRITISH AIRWAYS PLC,A,C, 4 , 0 , 25 , 0 , 50 , 25 , 0 , 0 , 56 , 0 , 0 , 0 , 0 
09-Jan-2004 09:46,200201,NEWCASTLE,AUSTRIA,INNSBRUCK,BRITISH AIRWAYS PLC,D,C, 4 , 0 , 0 , 50 , 25 , 25 , 0 , 0 , 35.75 , 0 , 0 , 0 , 0 
09-Jan-2004 09:46,200201,NEWCASTLE,AUSTRIA,INNSBRUCK,CITY FLYER EXPRESS,A,C, 0 , 0 , 0 , 0 , 0 , 0 , 0 , 0 , 0 , 0 , 4 , 75 , 17.25 
09-Jan-2004 09:46,200201,NEWCASTLE,AUSTRIA,INNSBRUCK,CITY FLYER EXPRESS,D,C, 0 , 0 , 0 , 0 , 0 , 0 , 0 , 0 , 0 , 0 , 4 , 75 , 7.5 
09-Jan-2004 09:46,200201,NEWCASTLE,AUSTRIA,SALZBURG,AIR 2000,A,C, 4 , 0 , 75 , 0 , 25 , 0 , 0 , 0 , 11.25 , 0 , 4 , 75 , 10.25 
09-Jan-2004 09:46,200201,NEWCASTLE,AUSTRIA,SALZBURG,AIR 2000,D,C, 4 , 0 , 25 , 75 , 0 , 0 , 0 , 0 , 20.75 , 0 , 4 , 75 , 7.75 
09-Jan-2004 09:46,200201,NEWCASTLE,BELGIUM,BRUSSELS,FLYBE.BRITISH EUROPEAN,A,S, 55 , 0 , 69.0909090909091 , 16.3636363636364 , 3.63636363636364 , 10.9090909090909 , 0 , 0 , 15.2 , 9 , 0 , 0 , 0 
09-Jan-2004 09:46,200201,NEWCASTLE,BELGIUM,BRUSSELS,FLYBE.BRITISH EUROPEAN,D,S, 55 , 0 , 80 , 14.5454545454545 , 1.81818181818182 , 3.63636363636364 , 0 , 0 , 9.21818181818182 , 9 , 0 , 0 , 0 
09-Jan-2004 09:46,200201,NEWCASTLE,BELGIUM,BRUSSELS,SABENA,A,S, 0 , 0 , 0 , 0 , 0 , 0 , 0 , 0 , 0 , 4 , 105 , 63.8095238095238 , 14.9619047619048 
09-Jan-2004 09:46,200201,NEWCASTLE,BELGIUM,BRUSSELS,SABENA,D,S, 0 , 0 , 0 , 0 , 0 , 0 , 0 , 0 , 0 , 3 , 102 , 66.6666666666667 , 16.5980392156863 
09-Jan-2004 09:46,200201,NEWCASTLE,BELGIUM,BRUSSELS,SN BRUSSELS AIRLINES,A,S, 74 , 1 , 87.8378378378378 , 5.40540540540541 , 6.75675675675676 , 0 , 0 , 0 , 5.94594594594595 , 0 , 0 , 0 , 0 
09-Jan-2004 09:46,200201,NEWCASTLE,BELGIUM,BRUSSELS,SN BRUSSELS AIRLINES,D,S, 74 , 0 , 87.8378378378378 , 9.45945945945946 , 2.7027027027027 , 0 , 0 , 0 , 4.89189189189189 , 0 , 0 , 0 , 0 
09-Jan-2004 09:46,200201,NEWCASTLE,CYPRUS,LARNACA,AIR 2000,A,S, 0 , 0 , 0 , 0 , 0 , 0 , 0 , 0 , 0 , 0 , 1 , 100 , 0 
09-Jan-2004 09:46,200201,NEWCASTLE,CYPRUS,LARNACA,AIR 2000,D,S, 0 , 0 , 0 , 0 , 0 , 0 , 0 , 0 , 0 , 0 , 1 , 100 , 0 
09-Jan-2004 09:46,200201,NEWCASTLE,CYPRUS,LARNACA,MY TRAVEL AIRWAYS UK,A,C, 1 , 0 , 100 , 0 , 0 , 0 , 0 , 0 , 0 , 0 , 5 , 60 , 255.8 
09-Jan-2004 09:46,200201,NEWCASTLE,CYPRUS,LARNACA,MY TRAVEL AIRWAYS UK,D,C, 1 , 0 , 100 , 0 , 0 , 0 , 0 , 0 , 14 , 0 , 4 , 100 , 2.5 
09-Jan-2004 09:46,200201,NEWCASTLE,CZECH REPUBLIC,PRAGUE,MY TRAVEL AIRWAYS UK,A,C, 0 , 0 , 0 , 0 , 0 , 0 , 0 , 0 , 0 , 0 , 1 , 100 , 0 
09-Jan-2004 09:46,200201,NEWCASTLE,CZECH REPUBLIC,PRAGUE,MY TRAVEL AIRWAYS UK,D,C, 0 , 0 , 0 , 0 , 0 , 0 , 0 , 0 , 0 , 0 , 1 , 100 , 8 
09-Jan-2004 09:46,200201,NEWCASTLE,DENMARK,BILLUND,NEWAIR AIR SERVICE,A,C, 0 , 1 , 0 , 0 , 0 , 0 , 0 , 0 , 0 , 0 , 0 , 0 , 0 
09-Jan-2004 09:46,200201,NEWCASTLE,DENMARK,COPENHAGEN,BRITISH AIRWAYS CITIEXPRESS LTD,A,S, 0 , 0 , 0 , 0 , 0 , 0 , 0 , 0 , 0 , 0 , 24 , 95.8333333333333 , 4.66666666666667 
09-Jan-2004 09:46,200201,NEWCASTLE,DENMARK,COPENHAGEN,BRITISH AIRWAYS CITIEXPRESS LTD,D,S, 0 , 0 , 0 , 0 , 0 , 0 , 0 , 0 , 0 , 0 , 25 , 84 , 9.08 
09-Jan-2004 09:46,200201,NEWCASTLE,FRANCE,CHAMBERY,CITY FLYER EXPRESS,A,C, 0 , 0 , 0 , 0 , 0 , 0 , 0 , 0 , 0 , 0 , 4 , 50 , 18 
09-Jan-2004 09:46,200201,NEWCASTLE,FRANCE,CHAMBERY,CITY FLYER EXPRESS,D,C, 0 , 0 , 0 , 0 , 0 , 0 , 0 , 0 , 0 , 0 , 4 , 75 , 16.5 
09-Jan-2004 09:46,200201,NEWCASTLE,FRANCE,CHAMBERY,FLYBE.BRITISH EUROPEAN,A,C, 4 , 0 , 0 , 25 , 0 , 75 , 0 , 0 , 111.5 , 0 , 0 , 0 , 0 
09-Jan-2004 09:46,200201,NEWCASTLE,FRANCE,CHAMBERY,FLYBE.BRITISH EUROPEAN,D,C, 4 , 0 , 25 , 0 , 75 , 0 , 0 , 0 , 31 , 0 , 0 , 0 , 0 
09-Jan-2004 09:46,200201,NEWCASTLE,FRANCE,GRENOBLE,MONARCH AIRLINES,A,C, 3 , 0 , 33.3333333333333 , 33.3333333333333 , 33.3333333333333 , 0 , 0 , 0 , 23.6666666666667 , 0 , 1 , 0 , 18 
09-Jan-2004 09:46,200201,NEWCASTLE,FRANCE,GRENOBLE,MONARCH AIRLINES,D,C, 3 , 0 , 66.6666666666667 , 0 , 33.3333333333333 , 0 , 0 , 0 , 23.3333333333333 , 0 , 1 , 100 , 7 
09-Jan-2004 09:46,200201,NEWCASTLE,FRANCE,LYON,AIR 2000,A,C, 4 , 0 , 25 , 50 , 25 , 0 , 0 , 0 , 24 , 0 , 4 , 0 , 64.75 
09-Jan-2004 09:46,200201,NEWCASTLE,FRANCE,LYON,AIR 2000,D,C, 4 , 0 , 25 , 50 , 0 , 25 , 0 , 0 , 29.75 , 0 , 4 , 75 , 11.25 
09-Jan-2004 09:46,200201,NEWCASTLE,FRANCE,PARIS (CHARLES DE GAULLE),FLYBE.BRITISH EUROPEAN,A,S, 79 , 0 , 50.6329113924051 , 17.7215189873418 , 16.4556962025316 , 12.6582278481013 , 2.53164556962025 , 0 , 28.7974683544304 , 0 , 0 , 0 , 0 
09-Jan-2004 09:46,200201,NEWCASTLE,FRANCE,PARIS (CHARLES DE GAULLE),FLYBE.BRITISH EUROPEAN,D,S, 79 , 0 , 45.5696202531646 , 21.5189873417722 , 24.0506329113924 , 7.59493670886076 , 1.26582278481013 , 0 , 27.3164556962025 , 0 , 0 , 0 , 0 
09-Jan-2004 09:46,200201,NEWCASTLE,FRANCE,PARIS (CHARLES DE GAULLE),GILL AIRWAYS,A,S, 0 , 0 , 0 , 0 , 0 , 0 , 0 , 0 , 0 , 0 , 78 , 61.5384615384615 , 23.4102564102564 
09-Jan-2004 09:46,200201,NEWCASTLE,FRANCE,PARIS (CHARLES DE GAULLE),GILL AIRWAYS,D,S, 0 , 0 , 0 , 0 , 0 , 0 , 0 , 0 , 0 , 0 , 78 , 66.6666666666667 , 15.6666666666667 
09-Jan-2004 09:46,200201,NEWCASTLE,GERMANY,DUSSELDORF,EUROWINGS LUFTVERKEHRS,A,S, 25 , 0 , 100 , 0 , 0 , 0 , 0 , 0 , 0 , 0 , 0 , 0 , 0 
09-Jan-2004 09:46,200201,NEWCASTLE,GERMANY,DUSSELDORF,EUROWINGS LUFTVERKEHRS,D,S, 25 , 0 , 92 , 4 , 4 , 0 , 0 , 0 , 3.64 , 0 , 0 , 0 , 0 
09-Jan-2004 09:46,200201,NEWCASTLE,ICELAND,KEFLAVIK,AIR 2000,A,C, 0 , 0 , 0 , 0 , 0 , 0 , 0 , 0 , 0 , 0 , 1 , 100 , 0 
09-Jan-2004 09:46,200201,NEWCASTLE,ICELAND,KEFLAVIK,AIR 2000,D,C, 0 , 0 , 0 , 0 , 0 , 0 , 0 , 0 , 0 , 0 , 1 , 100 , 8 
09-Jan-2004 09:46,200201,NEWCASTLE,IRISH REPUBLIC,CORK,BRITISH AIRWAYS CITIEXPRESS LTD,A,S, 17 , 0 , 88.2352941176471 , 5.88235294117647 , 0 , 5.88235294117647 , 0 , 0 , 11.6470588235294 , 0 , 0 , 0 , 0 
09-Jan-2004 09:46,200201,NEWCASTLE,IRISH REPUBLIC,CORK,BRITISH AIRWAYS CITIEXPRESS LTD,D,S, 17 , 0 , 88.2352941176471 , 0 , 5.88235294117647 , 0 , 5.88235294117647 , 0 , 15.3529411764706 , 0 , 0 , 0 , 0 
09-Jan-2004 09:46,200201,NEWCASTLE,IRISH REPUBLIC,DUBLIN,AER ARRAN,D,C, 0 , 1 , 0 , 0 , 0 , 0 , 0 , 0 , 0 , 0 , 0 , 0 , 0 
09-Jan-2004 09:46,200201,NEWCASTLE,IRISH REPUBLIC,DUBLIN,AER LINGUS,A,S, 0 , 0 , 0 , 0 , 0 , 0 , 0 , 0 , 0 , 0 , 62 , 90.3225806451613 , 6.53225806451613 
09-Jan-2004 09:46,200201,NEWCASTLE,IRISH REPUBLIC,DUBLIN,AER LINGUS,D,S, 0 , 0 , 0 , 0 , 0 , 0 , 0 , 0 , 0 , 0 , 62 , 85.4838709677419 , 8.85483870967742 
09-Jan-2004 09:46,200201,NEWCASTLE,IRISH REPUBLIC,DUBLIN,BRITISH AIRWAYS CITIEXPRESS LTD,A,S, 80 , 0 , 88.75 , 2.5 , 2.5 , 6.25 , 0 , 0 , 10.9375 , 0 , 0 , 0 , 0 
09-Jan-2004 09:46,200201,NEWCASTLE,IRISH REPUBLIC,DUBLIN,BRITISH AIRWAYS CITIEXPRESS LTD,D,S, 81 , 0 , 82.7160493827161 , 7.40740740740741 , 2.46913580246914 , 7.40740740740741 , 0 , 0 , 14.3456790123457 , 0 , 0 , 0 , 0 
09-Jan-2004 09:46,200201,NEWCASTLE,IRISH REPUBLIC,DUBLIN,GILL AIRWAYS,A,S, 0 , 0 , 0 , 0 , 0 , 0 , 0 , 0 , 0 , 0 , 27 , 77.7777777777778 , 19.1851851851852 
09-Jan-2004 09:46,200201,NEWCASTLE,IRISH REPUBLIC,DUBLIN,GILL AIRWAYS,D,S, 0 , 0 , 0 , 0 , 0 , 0 , 0 , 0 , 0 , 0 , 29 , 93.1034482758621 , 3.44827586206897 
09-Jan-2004 09:46,200201,NEWCASTLE,ITALY,ROME (CIAMPINO),MY TRAVEL AIRWAYS UK,A,C, 0 , 0 , 0 , 0 , 0 , 0 , 0 , 0 , 0 , 0 , 1 , 100 , 0 
09-Jan-2004 09:46,200201,NEWCASTLE,ITALY,ROME (CIAMPINO),MY TRAVEL AIRWAYS UK,D,C, 0 , 0 , 0 , 0 , 0 , 0 , 0 , 0 , 0 , 0 , 1 , 100 , 2 
09-Jan-2004 09:46,200201,NEWCASTLE,ITALY,TURIN,BMI BRITISH MIDLAND,A,C, 0 , 0 , 0 , 0 , 0 , 0 , 0 , 0 , 0 , 0 , 4 , 50 , 19.75 
09-Jan-2004 09:46,200201,NEWCASTLE,ITALY,TURIN,BMI BRITISH MIDLAND,D,C, 0 , 0 , 0 , 0 , 0 , 0 , 0 , 0 , 0 , 0 , 4 , 0 , 41.25 
09-Jan-2004 09:46,200201,NEWCASTLE,ITALY,TURIN,FLYBE.BRITISH EUROPEAN,A,C, 4 , 0 , 50 , 25 , 25 , 0 , 0 , 0 , 22.5 , 0 , 0 , 0 , 0 
09-Jan-2004 09:46,200201,NEWCASTLE,ITALY,TURIN,FLYBE.BRITISH EUROPEAN,D,C, 4 , 0 , 75 , 25 , 0 , 0 , 0 , 0 , 7.75 , 0 , 0 , 0 , 0 
09-Jan-2004 09:46,200201,NEWCASTLE,MALTA,MALTA,AIR MALTA,A,C, 1 , 0 , 0 , 100 , 0 , 0 , 0 , 0 , 23 , 0 , 2 , 100 , 0 
09-Jan-2004 09:46,200201,NEWCASTLE,MALTA,MALTA,AIR MALTA,D,C, 1 , 0 , 0 , 100 , 0 , 0 , 0 , 0 , 17 , 0 , 2 , 100 , 0 
09-Jan-2004 09:46,200201,NEWCASTLE,NETHERLANDS,AMSTERDAM,KLM UK LTD,A,S, 151 , 3 , 66.2251655629139 , 11.2582781456954 , 7.28476821192053 , 14.5695364238411 , 0.662251655629139 , 0 , 24.4105960264901 , 0 , 145 , 82.0689655172414 , 10.4 
09-Jan-2004 09:46,200201,NEWCASTLE,NETHERLANDS,AMSTERDAM,KLM UK LTD,D,S, 151 , 3 , 55.6291390728477 , 11.9205298013245 , 14.5695364238411 , 14.5695364238411 , 3.3112582781457 , 0 , 32.7748344370861 , 0 , 146 , 78.7671232876712 , 16.7328767123288 
09-Jan-2004 09:46,200201,NEWCASTLE,NORWAY,OSLO (GARDERMOEN),BRAATHENS ASA,A,S, 0 , 0 , 0 , 0 , 0 , 0 , 0 , 0 , 0 , 0 , 1 , 0 , 17 
09-Jan-2004 09:46,200201,NEWCASTLE,NORWAY,OSLO (GARDERMOEN),BRAATHENS ASA,D,S, 0 , 0 , 0 , 0 , 0 , 0 , 0 , 0 , 0 , 0 , 1 , 100 , 0 
09-Jan-2004 09:46,200201,NEWCASTLE,NORWAY,STAVANGER,BRAATHENS ASA,A,S, 9 , 0 , 100 , 0 , 0 , 0 , 0 , 0 , 1.77777777777778 , 0 , 53 , 84.9056603773585 , 9.94339622641509 
09-Jan-2004 09:46,200201,NEWCASTLE,NORWAY,STAVANGER,BRAATHENS ASA,D,S, 9 , 0 , 100 , 0 , 0 , 0 , 0 , 0 , 0.777777777777778 , 0 , 53 , 83.0188679245283 , 9.16981132075472 
09-Jan-2004 09:46,200201,NEWCASTLE,NORWAY,STAVANGER,WIDEROE FLYVESELSKAP A/S,A,S, 21 , 0 , 61.9047619047619 , 19.047619047619 , 19.047619047619 , 0 , 0 , 0 , 16.4761904761905 , 1 , 0 , 0 , 0 
09-Jan-2004 09:46,200201,NEWCASTLE,NORWAY,STAVANGER,WIDEROE FLYVESELSKAP A/S,D,S, 21 , 0 , 66.6666666666667 , 19.047619047619 , 14.2857142857143 , 0 , 0 , 0 , 11.6190476190476 , 1 , 0 , 0 , 0 
09-Jan-2004 09:46,200201,NEWCASTLE,POLAND,KRAKOW,MY TRAVEL AIRWAYS UK,A,C, 0 , 0 , 0 , 0 , 0 , 0 , 0 , 0 , 0 , 0 , 1 , 100 , 5 
09-Jan-2004 09:46,200201,NEWCASTLE,POLAND,KRAKOW,MY TRAVEL AIRWAYS UK,D,C, 0 , 0 , 0 , 0 , 0 , 0 , 0 , 0 , 0 , 0 , 1 , 100 , 11 
09-Jan-2004 09:46,200201,NEWCASTLE,PORTUGAL(EXCLUDING MADEIRA),FARO,MY TRAVEL AIRWAYS UK,A,C, 1 , 0 , 0 , 0 , 100 , 0 , 0 , 0 , 40 , 0 , 2 , 100 , 3.5 
09-Jan-2004 09:46,200201,NEWCASTLE,PORTUGAL(EXCLUDING MADEIRA),FARO,MY TRAVEL AIRWAYS UK,D,C, 2 , 0 , 100 , 0 , 0 , 0 , 0 , 0 , 7.5 , 0 , 2 , 100 , 0 
09-Jan-2004 09:46,200201,NEWCASTLE,PORTUGAL(EXCLUDING MADEIRA),FARO,THOMAS COOK AIRLINES LTD,A,C, 0 , 1 , 0 , 0 , 0 , 0 , 0 , 0 , 0 , 0 , 0 , 0 , 0 
09-Jan-2004 09:46,200201,NEWCASTLE,PORTUGAL(MADEIRA),FUNCHAL,SATA,A,C, 4 , 0 , 100 , 0 , 0 , 0 , 0 , 0 , 0 , 0 , 5 , 80 , 5 
09-Jan-2004 09:46,200201,NEWCASTLE,PORTUGAL(MADEIRA),FUNCHAL,SATA,D,C, 4 , 0 , 100 , 0 , 0 , 0 , 0 , 0 , 2.25 , 0 , 5 , 80 , 13 
09-Jan-2004 09:46,200201,NEWCASTLE,SPAIN,ALICANTE,BRITANNIA AIRWAYS,A,C, 14 , 1 , 42.8571428571429 , 21.4285714285714 , 14.2857142857143 , 14.2857142857143 , 7.14285714285714 , 0 , 37.5714285714286 , 0 , 13 , 76.9230769230769 , 24.8461538461538 
09-Jan-2004 09:46,200201,NEWCASTLE,SPAIN,ALICANTE,BRITANNIA AIRWAYS,D,C, 14 , 1 , 85.7142857142857 , 0 , 14.2857142857143 , 0 , 0 , 0 , 5.57142857142857 , 0 , 13 , 84.6153846153846 , 14.1538461538462 
09-Jan-2004 09:46,200201,NEWCASTLE,SPAIN,ALICANTE,MY TRAVEL AIRWAYS UK,A,C, 2 , 0 , 100 , 0 , 0 , 0 , 0 , 0 , 0 , 0 , 3 , 100 , 0 
09-Jan-2004 09:46,200201,NEWCASTLE,SPAIN,ALICANTE,MY TRAVEL AIRWAYS UK,D,C, 2 , 0 , 100 , 0 , 0 , 0 , 0 , 0 , 3 , 0 , 3 , 100 , 0 
09-Jan-2004 09:46,200201,NEWCASTLE,SPAIN,BARCELONA,MY TRAVEL AIRWAYS UK,A,C, 0 , 0 , 0 , 0 , 0 , 0 , 0 , 0 , 0 , 0 , 1 , 100 , 14 
09-Jan-2004 09:46,200201,NEWCASTLE,SPAIN,BARCELONA,MY TRAVEL AIRWAYS UK,D,C, 0 , 0 , 0 , 0 , 0 , 0 , 0 , 0 , 0 , 0 , 1 , 100 , 0 
09-Jan-2004 09:46,200201,NEWCASTLE,SPAIN,MALAGA,BRITANNIA AIRWAYS,A,C, 4 , 0 , 50 , 25 , 25 , 0 , 0 , 0 , 21.5 , 0 , 8 , 50 , 39.5 
09-Jan-2004 09:46,200201,NEWCASTLE,SPAIN,MALAGA,BRITANNIA AIRWAYS,D,C, 4 , 0 , 25 , 50 , 0 , 25 , 0 , 0 , 36 , 0 , 8 , 87.5 , 8.375 
09-Jan-2004 09:46,200201,NEWCASTLE,SPAIN,MALAGA,MY TRAVEL AIRWAYS UK,A,C, 1 , 0 , 0 , 100 , 0 , 0 , 0 , 0 , 16 , 0 , 2 , 50 , 23 
09-Jan-2004 09:46,200201,NEWCASTLE,SPAIN,MALAGA,MY TRAVEL AIRWAYS UK,D,C, 1 , 0 , 100 , 0 , 0 , 0 , 0 , 0 , 9 , 0 , 2 , 50 , 14 
09-Jan-2004 09:46,200201,NEWCASTLE,SPAIN,MALAGA,THOMAS COOK AIRLINES LTD,A,C, 0 , 0 , 0 , 0 , 0 , 0 , 0 , 0 , 0 , 0 , 1 , 0 , 386 
09-Jan-2004 09:46,200201,NEWCASTLE,SPAIN,MALAGA,THOMAS COOK AIRLINES LTD,D,C, 0 , 0 , 0 , 0 , 0 , 0 , 0 , 0 , 0 , 0 , 1 , 100 , 0 
09-Jan-2004 09:46,200201,NEWCASTLE,SPAIN,PALMA DE MALLORCA,BRITANNIA AIRWAYS,A,C, 0 , 0 , 0 , 0 , 0 , 0 , 0 , 0 , 0 , 0 , 4 , 50 , 63 
09-Jan-2004 09:46,200201,NEWCASTLE,SPAIN,PALMA DE MALLORCA,BRITANNIA AIRWAYS,D,C, 0 , 0 , 0 , 0 , 0 , 0 , 0 , 0 , 0 , 0 , 4 , 100 , 0 
09-Jan-2004 09:46,200201,NEWCASTLE,SPAIN,PALMA DE MALLORCA,MY TRAVEL AIRWAYS UK,A,C, 1 , 0 , 100 , 0 , 0 , 0 , 0 , 0 , 0 , 0 , 1 , 100 , 0 
09-Jan-2004 09:46,200201,NEWCASTLE,SPAIN,PALMA DE MALLORCA,MY TRAVEL AIRWAYS UK,D,C, 1 , 0 , 100 , 0 , 0 , 0 , 0 , 0 , 0 , 0 , 1 , 100 , 0 
09-Jan-2004 09:46,200201,NEWCASTLE,SPAIN(CANARY ISLANDS),ARRECIFE,AIR 2000,A,S, 0 , 0 , 0 , 0 , 0 , 0 , 0 , 0 , 0 , 0 , 4 , 100 , 1.25 
09-Jan-2004 09:46,200201,NEWCASTLE,SPAIN(CANARY ISLANDS),ARRECIFE,AIR 2000,D,S, 0 , 0 , 0 , 0 , 0 , 0 , 0 , 0 , 0 , 0 , 4 , 100 , 0.5 
09-Jan-2004 09:46,200201,NEWCASTLE,SPAIN(CANARY ISLANDS),ARRECIFE,AIR EUROPA,A,C, 0 , 0 , 0 , 0 , 0 , 0 , 0 , 0 , 0 , 0 , 4 , 75 , 7.75 
09-Jan-2004 09:46,200201,NEWCASTLE,SPAIN(CANARY ISLANDS),ARRECIFE,AIR EUROPA,D,C, 0 , 0 , 0 , 0 , 0 , 0 , 0 , 0 , 0 , 0 , 4 , 75 , 12.75 
09-Jan-2004 09:46,200201,NEWCASTLE,SPAIN(CANARY ISLANDS),ARRECIFE,BRITANNIA AIRWAYS,A,C, 5 , 0 , 100 , 0 , 0 , 0 , 0 , 0 , 0 , 0 , 5 , 100 , 0.6 
09-Jan-2004 09:46,200201,NEWCASTLE,SPAIN(CANARY ISLANDS),ARRECIFE,BRITANNIA AIRWAYS,D,C, 5 , 0 , 100 , 0 , 0 , 0 , 0 , 0 , 0 , 0 , 5 , 100 , 5.4 
09-Jan-2004 09:46,200201,NEWCASTLE,SPAIN(CANARY ISLANDS),ARRECIFE,SPANAIR,A,C, 4 , 0 , 25 , 25 , 50 , 0 , 0 , 0 , 26.5 , 0 , 0 , 0 , 0 
09-Jan-2004 09:46,200201,NEWCASTLE,SPAIN(CANARY ISLANDS),ARRECIFE,SPANAIR,D,C, 4 , 0 , 25 , 50 , 25 , 0 , 0 , 0 , 25.75 , 0 , 0 , 0 , 0 
09-Jan-2004 09:46,200201,NEWCASTLE,SPAIN(CANARY ISLANDS),ARRECIFE,THOMAS COOK AIRLINES LTD,A,C, 5 , 0 , 60 , 40 , 0 , 0 , 0 , 0 , 13.8 , 0 , 4 , 50 , 12.5 
09-Jan-2004 09:46,200201,NEWCASTLE,SPAIN(CANARY ISLANDS),ARRECIFE,THOMAS COOK AIRLINES LTD,D,C, 5 , 0 , 80 , 20 , 0 , 0 , 0 , 0 , 4.6 , 0 , 4 , 100 , 0 
09-Jan-2004 09:46,200201,NEWCASTLE,SPAIN(CANARY ISLANDS),FUERTEVENTURA,FUTURA AIRLINES,A,C, 0 , 1 , 0 , 0 , 0 , 0 , 0 , 0 , 0 , 0 , 0 , 0 , 0 
09-Jan-2004 09:46,200201,NEWCASTLE,SPAIN(CANARY ISLANDS),FUERTEVENTURA,FUTURA AIRLINES,D,C, 0 , 1 , 0 , 0 , 0 , 0 , 0 , 0 , 0 , 0 , 0 , 0 , 0 
09-Jan-2004 09:46,200201,NEWCASTLE,SPAIN(CANARY ISLANDS),FUERTEVENTURA,MY TRAVEL AIRWAYS UK,A,C, 5 , 0 , 80 , 0 , 0 , 20 , 0 , 0 , 16 , 0 , 5 , 80 , 20.2 
09-Jan-2004 09:46,200201,NEWCASTLE,SPAIN(CANARY ISLANDS),FUERTEVENTURA,MY TRAVEL AIRWAYS UK,D,C, 5 , 0 , 100 , 0 , 0 , 0 , 0 , 0 , 2.8 , 0 , 5 , 80 , 19 
09-Jan-2004 09:46,200201,NEWCASTLE,SPAIN(CANARY ISLANDS),LAS PALMAS,BRITANNIA AIRWAYS,A,C, 4 , 0 , 50 , 50 , 0 , 0 , 0 , 0 , 11 , 0 , 5 , 100 , 3 
09-Jan-2004 09:46,200201,NEWCASTLE,SPAIN(CANARY ISLANDS),LAS PALMAS,BRITANNIA AIRWAYS,D,C, 4 , 0 , 100 , 0 , 0 , 0 , 0 , 0 , 0.25 , 0 , 5 , 100 , 3.6 
09-Jan-2004 09:46,200201,NEWCASTLE,SPAIN(CANARY ISLANDS),LAS PALMAS,MY TRAVEL AIRWAYS UK,A,C, 4 , 0 , 100 , 0 , 0 , 0 , 0 , 0 , 3.5 , 0 , 5 , 60 , 22.6 
09-Jan-2004 09:46,200201,NEWCASTLE,SPAIN(CANARY ISLANDS),LAS PALMAS,MY TRAVEL AIRWAYS UK,D,C, 4 , 0 , 100 , 0 , 0 , 0 , 0 , 0 , 0 , 0 , 5 , 80 , 7.4 
09-Jan-2004 09:46,200201,NEWCASTLE,SPAIN(CANARY ISLANDS),LAS PALMAS,THOMAS COOK AIRLINES LTD,A,C, 1 , 0 , 100 , 0 , 0 , 0 , 0 , 0 , 5 , 0 , 4 , 100 , 1.75 
09-Jan-2004 09:46,200201,NEWCASTLE,SPAIN(CANARY ISLANDS),LAS PALMAS,THOMAS COOK AIRLINES LTD,D,C, 2 , 0 , 100 , 0 , 0 , 0 , 0 , 0 , 0 , 0 , 4 , 100 , 0.25 
09-Jan-2004 09:46,200201,NEWCASTLE,SPAIN(CANARY ISLANDS),TENERIFE (SURREINA SOFIA),AIR 2000,A,C, 0 , 0 , 0 , 0 , 0 , 0 , 0 , 0 , 0 , 0 , 5 , 80 , 79.2 
09-Jan-2004 09:46,200201,NEWCASTLE,SPAIN(CANARY ISLANDS),TENERIFE (SURREINA SOFIA),AIR 2000,A,S, 4 , 0 , 75 , 25 , 0 , 0 , 0 , 0 , 8.5 , 0 , 4 , 75 , 15.5 
09-Jan-2004 09:46,200201,NEWCASTLE,SPAIN(CANARY ISLANDS),TENERIFE (SURREINA SOFIA),AIR 2000,D,C, 0 , 0 , 0 , 0 , 0 , 0 , 0 , 0 , 0 , 0 , 5 , 80 , 84.6 
09-Jan-2004 09:46,200201,NEWCASTLE,SPAIN(CANARY ISLANDS),TENERIFE (SURREINA SOFIA),AIR 2000,D,S, 4 , 0 , 100 , 0 , 0 , 0 , 0 , 0 , 3.5 , 0 , 4 , 25 , 42 
09-Jan-2004 09:46,200201,NEWCASTLE,SPAIN(CANARY ISLANDS),TENERIFE (SURREINA SOFIA),BRITANNIA AIRWAYS,A,C, 8 , 1 , 62.5 , 25 , 0 , 0 , 12.5 , 0 , 30.5 , 0 , 9 , 55.5555555555556 , 37.3333333333333 
09-Jan-2004 09:46,200201,NEWCASTLE,SPAIN(CANARY ISLANDS),TENERIFE (SURREINA SOFIA),BRITANNIA AIRWAYS,D,C, 8 , 1 , 75 , 12.5 , 0 , 12.5 , 0 , 0 , 21.625 , 0 , 8 , 75 , 29.875 
09-Jan-2004 09:46,200201,NEWCASTLE,SPAIN(CANARY ISLANDS),TENERIFE (SURREINA SOFIA),MY TRAVEL AIRWAYS UK,A,C, 9 , 0 , 77.7777777777778 , 0 , 0 , 22.2222222222222 , 0 , 0 , 17.2222222222222 , 0 , 9 , 66.6666666666667 , 22.8888888888889 
09-Jan-2004 09:46,200201,NEWCASTLE,SPAIN(CANARY ISLANDS),TENERIFE (SURREINA SOFIA),MY TRAVEL AIRWAYS UK,D,C, 8 , 0 , 100 , 0 , 0 , 0 , 0 , 0 , 1.25 , 0 , 9 , 88.8888888888889 , 5.11111111111111 
09-Jan-2004 09:46,200201,NEWCASTLE,SPAIN(CANARY ISLANDS),TENERIFE (SURREINA SOFIA),THOMAS COOK AIRLINES LTD,A,C, 8 , 0 , 87.5 , 12.5 , 0 , 0 , 0 , 0 , 7.125 , 0 , 5 , 40 , 19.4 
09-Jan-2004 09:46,200201,NEWCASTLE,SPAIN(CANARY ISLANDS),TENERIFE (SURREINA SOFIA),THOMAS COOK AIRLINES LTD,D,C, 8 , 0 , 100 , 0 , 0 , 0 , 0 , 0 , 2.25 , 0 , 5 , 80 , 5.2 
09-Jan-2004 09:46,200201,NEWCASTLE,SWITZERLAND,GENEVA,DUO AIRWAYS LTD,A,C, 0 , 0 , 0 , 0 , 0 , 0 , 0 , 0 , 0 , 0 , 4 , 0 , 50.5 
09-Jan-2004 09:46,200201,NEWCASTLE,SWITZERLAND,GENEVA,DUO AIRWAYS LTD,D,C, 0 , 0 , 0 , 0 , 0 , 0 , 0 , 0 , 0 , 0 , 4 , 0 , 51 
09-Jan-2004 09:46,200201,NEWCASTLE,SWITZERLAND,GENEVA,FLYBE.BRITISH EUROPEAN,A,C, 4 , 0 , 25 , 25 , 25 , 25 , 0 , 0 , 53.75 , 0 , 0 , 0 , 0 
09-Jan-2004 09:46,200201,NEWCASTLE,SWITZERLAND,GENEVA,FLYBE.BRITISH EUROPEAN,D,C, 4 , 0 , 25 , 25 , 0 , 50 , 0 , 0 , 52 , 0 , 0 , 0 , 0 
09-Jan-2004 09:46,200201,NEWCASTLE,UNITED KINGDOM,ABERDEEN,BRITISH AIRWAYS CITIEXPRESS LTD,A,S, 128 , 0 , 91.40625 , 3.90625 , 1.5625 , 3.125 , 0 , 0 , 4.984375 , 0 , 122 , 74.5901639344262 , 14.9754098360656 
09-Jan-2004 09:46,200201,NEWCASTLE,UNITED KINGDOM,ABERDEEN,BRITISH AIRWAYS CITIEXPRESS LTD,D,S, 127 , 0 , 85.0393700787402 , 4.7244094488189 , 3.1496062992126 , 7.08661417322835 , 0 , 0 , 10.1889763779528 , 0 , 125 , 72 , 13.624 
09-Jan-2004 09:46,200201,NEWCASTLE,UNITED KINGDOM,ABERDEEN,EASTERN AIRWAYS,A,S, 0 , 3 , 0 , 0 , 0 , 0 , 0 , 0 , 0 , 0 , 0 , 0 , 0 
09-Jan-2004 09:46,200201,NEWCASTLE,UNITED KINGDOM,ABERDEEN,EASTERN AIRWAYS,D,S, 0 , 2 , 0 , 0 , 0 , 0 , 0 , 0 , 0 , 0 , 0 , 0 , 0 
09-Jan-2004 09:46,200201,NEWCASTLE,UNITED KINGDOM,ABERDEEN,GILL AIRWAYS,A,S, 0 , 0 , 0 , 0 , 0 , 0 , 0 , 0 , 0 , 0 , 21 , 95.2380952380952 , 1.19047619047619 
09-Jan-2004 09:46,200201,NEWCASTLE,UNITED KINGDOM,ABERDEEN,GILL AIRWAYS,D,S, 0 , 0 , 0 , 0 , 0 , 0 , 0 , 0 , 0 , 0 , 21 , 95.2380952380952 , 1.52380952380952 
09-Jan-2004 09:46,200201,NEWCASTLE,UNITED KINGDOM,BELFAST CITY,BRITISH AIRWAYS CITIEXPRESS LTD,A,S, 0 , 0 , 0 , 0 , 0 , 0 , 0 , 0 , 0 , 0 , 79 , 84.8101265822785 , 8.29113924050633 
09-Jan-2004 09:46,200201,NEWCASTLE,UNITED KINGDOM,BELFAST CITY,BRITISH AIRWAYS CITIEXPRESS LTD,D,S, 0 , 0 , 0 , 0 , 0 , 0 , 0 , 0 , 0 , 0 , 79 , 86.0759493670886 , 9 
09-Jan-2004 09:46,200201,NEWCASTLE,UNITED KINGDOM,BELFAST CITY,FLYBE.BRITISH EUROPEAN,A,S, 113 , 0 , 88.4955752212389 , 7.07964601769912 , 3.53982300884956 , 0.884955752212389 , 0 , 0 , 6.07079646017699 , 0 , 0 , 0 , 0 
09-Jan-2004 09:46,200201,NEWCASTLE,UNITED KINGDOM,BELFAST CITY,FLYBE.BRITISH EUROPEAN,D,S, 112 , 0 , 90.1785714285714 , 4.46428571428571 , 4.46428571428571 , 0.892857142857143 , 0 , 0 , 6.74107142857143 , 2 , 0 , 0 , 0 
09-Jan-2004 09:46,200201,NEWCASTLE,UNITED KINGDOM,BELFAST CITY,GILL AIRWAYS,A,S, 0 , 0 , 0 , 0 , 0 , 0 , 0 , 0 , 0 , 0 , 103 , 92.2330097087379 , 2.76699029126214 
09-Jan-2004 09:46,200201,NEWCASTLE,UNITED KINGDOM,BELFAST CITY,GILL AIRWAYS,D,S, 0 , 0 , 0 , 0 , 0 , 0 , 0 , 0 , 0 , 0 , 104 , 90.3846153846154 , 4.54807692307692 
09-Jan-2004 09:46,200201,NEWCASTLE,UNITED KINGDOM,BIRMINGHAM,BRITANNIA AIRWAYS,A,C, 0 , 0 , 0 , 0 , 0 , 0 , 0 , 0 , 0 , 0 , 2 , 50 , 60.5 
09-Jan-2004 09:46,200201,NEWCASTLE,UNITED KINGDOM,BIRMINGHAM,BRITANNIA AIRWAYS,D,C, 0 , 0 , 0 , 0 , 0 , 0 , 0 , 0 , 0 , 0 , 2 , 50 , 45 
09-Jan-2004 09:46,200201,NEWCASTLE,UNITED KINGDOM,BIRMINGHAM,BRITISH REGIONAL AIRLINES LTD,A,S, 65 , 0 , 86.1538461538462 , 3.07692307692308 , 9.23076923076923 , 1.53846153846154 , 0 , 0 , 7.4 , 0 , 82 , 86.5853658536585 , 8.26829268292683 
09-Jan-2004 09:46,200201,NEWCASTLE,UNITED KINGDOM,BIRMINGHAM,BRITISH REGIONAL AIRLINES LTD,D,S, 65 , 0 , 92.3076923076923 , 1.53846153846154 , 4.61538461538462 , 1.53846153846154 , 0 , 0 , 5.16923076923077 , 0 , 82 , 91.4634146341463 , 6.84146341463415 
09-Jan-2004 09:46,200201,NEWCASTLE,UNITED KINGDOM,BRISTOL,BRITISH AIRWAYS CITIEXPRESS LTD,A,S, 52 , 0 , 65.3846153846154 , 17.3076923076923 , 7.69230769230769 , 9.61538461538462 , 0 , 0 , 19.3269230769231 , 0 , 75 , 69.3333333333333 , 16.08 
09-Jan-2004 09:46,200201,NEWCASTLE,UNITED KINGDOM,BRISTOL,BRITISH AIRWAYS CITIEXPRESS LTD,D,S, 76 , 0 , 92.1052631578947 , 3.94736842105263 , 1.31578947368421 , 2.63157894736842 , 0 , 0 , 3.85526315789474 , 0 , 75 , 80 , 10.8666666666667 
09-Jan-2004 09:46,200201,NEWCASTLE,UNITED KINGDOM,CARDIFF WALES,AIR 2000,A,C, 1 , 0 , 100 , 0 , 0 , 0 , 0 , 0 , 0 , 0 , 0 , 0 , 0 
09-Jan-2004 09:46,200201,NEWCASTLE,UNITED KINGDOM,CARDIFF WALES,AIR 2000,D,C, 1 , 0 , 100 , 0 , 0 , 0 , 0 , 0 , 0 , 0 , 0 , 0 , 0 
09-Jan-2004 09:46,200201,NEWCASTLE,UNITED KINGDOM,CARDIFF WALES,BRITISH REGIONAL AIRLINES LTD,A,S, 23 , 0 , 73.9130434782609 , 0 , 8.69565217391304 , 17.3913043478261 , 0 , 0 , 18.4782608695652 , 0 , 26 , 88.4615384615385 , 6.03846153846154 
09-Jan-2004 09:46,200201,NEWCASTLE,UNITED KINGDOM,CARDIFF WALES,BRITISH REGIONAL AIRLINES LTD,D,S, 23 , 0 , 78.2608695652174 , 0 , 13.0434782608696 , 8.69565217391304 , 0 , 0 , 12.9130434782609 , 0 , 26 , 88.4615384615385 , 5.88461538461539 
09-Jan-2004 09:46,200201,NEWCASTLE,UNITED KINGDOM,GATWICK,CITY FLYER EXPRESS,A,S, 132 , 0 , 75.7575757575758 , 14.3939393939394 , 6.06060606060606 , 3.78787878787879 , 0 , 0 , 10.3787878787879 , 0 , 140 , 79.2857142857143 , 8.93571428571429 
09-Jan-2004 09:46,200201,NEWCASTLE,UNITED KINGDOM,GATWICK,CITY FLYER EXPRESS,D,S, 132 , 0 , 81.0606060606061 , 6.81818181818182 , 8.33333333333333 , 3.78787878787879 , 0 , 0 , 11.0378787878788 , 0 , 140 , 84.2857142857143 , 7.68571428571429 
09-Jan-2004 09:46,200201,NEWCASTLE,UNITED KINGDOM,GATWICK,VLM (BELGIUM),A,C, 0 , 0 , 0 , 0 , 0 , 0 , 0 , 0 , 0 , 0 , 1 , 0 , 112 
09-Jan-2004 09:46,200201,NEWCASTLE,UNITED KINGDOM,GLASGOW,THOMAS COOK AIRLINES LTD,A,C, 1 , 0 , 100 , 0 , 0 , 0 , 0 , 0 , 0 , 0 , 0 , 0 , 0 
09-Jan-2004 09:46,200201,NEWCASTLE,UNITED KINGDOM,HEATHROW,BMI BRITISH MIDLAND,A,S, 0 , 5 , 0 , 0 , 0 , 0 , 0 , 0 , 0 , 0 , 0 , 0 , 0 
09-Jan-2004 09:46,200201,NEWCASTLE,UNITED KINGDOM,HEATHROW,BMI BRITISH MIDLAND,D,S, 0 , 3 , 0 , 0 , 0 , 0 , 0 , 0 , 0 , 0 , 0 , 0 , 0 
09-Jan-2004 09:46,200201,NEWCASTLE,UNITED KINGDOM,HEATHROW,BRITISH AIRWAYS PLC,A,S, 178 , 0 , 80.3370786516854 , 11.7977528089888 , 3.37078651685393 , 3.37078651685393 , 1.12359550561798 , 0 , 12.6011235955056 , 0 , 166 , 80.1204819277109 , 12.2168674698795 
09-Jan-2004 09:46,200201,NEWCASTLE,UNITED KINGDOM,HEATHROW,BRITISH AIRWAYS PLC,D,S, 175 , 0 , 84 , 5.14285714285714 , 6.85714285714286 , 2.85714285714286 , 1.14285714285714 , 0 , 10.8971428571429 , 2 , 165 , 82.4242424242424 , 9.58787878787879 
09-Jan-2004 09:46,200201,NEWCASTLE,UNITED KINGDOM,HEATHROW,TITAN AIRWAYS LTD,A,C, 0 , 1 , 0 , 0 , 0 , 0 , 0 , 0 , 0 , 0 , 0 , 0 , 0 
09-Jan-2004 09:46,200201,NEWCASTLE,UNITED KINGDOM,HEATHROW,TITAN AIRWAYS LTD,D,C, 1 , 0 , 100 , 0 , 0 , 0 , 0 , 0 , 0 , 0 , 0 , 0 , 0 
09-Jan-2004 09:46,200201,NEWCASTLE,UNITED KINGDOM,LUTON,DUO AIRWAYS LTD,A,C, 0 , 0 , 0 , 0 , 0 , 0 , 0 , 0 , 0 , 0 , 1 , 100 , 0 
09-Jan-2004 09:46,200201,NEWCASTLE,UNITED KINGDOM,LUTON,DUO AIRWAYS LTD,D,C, 0 , 0 , 0 , 0 , 0 , 0 , 0 , 0 , 0 , 0 , 1 , 100 , 12 
09-Jan-2004 09:46,200201,NEWCASTLE,UNITED KINGDOM,MANCHESTER,MY TRAVEL AIRWAYS UK,A,C, 0 , 0 , 0 , 0 , 0 , 0 , 0 , 0 , 0 , 0 , 3 , 66.6666666666667 , 10.6666666666667 
09-Jan-2004 09:46,200201,NEWCASTLE,UNITED KINGDOM,MANCHESTER,MY TRAVEL AIRWAYS UK,D,C, 0 , 1 , 0 , 0 , 0 , 0 , 0 , 0 , 0 , 0 , 4 , 25 , 185.5 
09-Jan-2004 09:46,200201,NEWCASTLE,UNITED KINGDOM,PLYMOUTH,BRITISH AIRWAYS CITIEXPRESS LTD,A,S, 25 , 0 , 84 , 8 , 0 , 8 , 0 , 0 , 11.04 , 0 , 0 , 0 , 0 
09-Jan-2004 09:46,200201,NEWCASTLE,UNITED KINGDOM,SOUTHAMPTON,BRITISH AIRWAYS CITIEXPRESS LTD,A,S, 53 , 0 , 83.0188679245283 , 9.43396226415094 , 3.77358490566038 , 3.77358490566038 , 0 , 0 , 8.26415094339623 , 0 , 54 , 62.962962962963 , 17.6851851851852 
09-Jan-2004 09:46,200201,NEWCASTLE,UNITED KINGDOM,SOUTHAMPTON,BRITISH AIRWAYS CITIEXPRESS LTD,D,S, 54 , 1 , 94.4444444444444 , 0 , 3.7037037037037 , 1.85185185185185 , 0 , 0 , 4.40740740740741 , 0 , 55 , 72.7272727272727 , 13 
09-Jan-2004 09:46,200201,NEWCASTLE,UNITED KINGDOM,STANSTED,DUO AIRWAYS LTD,A,C, 0 , 0 , 0 , 0 , 0 , 0 , 0 , 0 , 0 , 0 , 1 , 0 , 21 
09-Jan-2004 09:46,200201,NEWCASTLE,UNITED KINGDOM,STANSTED,GILL AIRWAYS,A,C, 0 , 0 , 0 , 0 , 0 , 0 , 0 , 0 , 0 , 0 , 1 , 100 , 0 
09-Jan-2004 09:46,200201,NEWCASTLE,UNITED KINGDOM,STANSTED,GILL AIRWAYS,A,S, 0 , 0 , 0 , 0 , 0 , 0 , 0 , 0 , 0 , 0 , 74 , 86.4864864864865 , 7.5 
09-Jan-2004 09:46,200201,NEWCASTLE,UNITED KINGDOM,STANSTED,GILL AIRWAYS,D,S, 0 , 0 , 0 , 0 , 0 , 0 , 0 , 0 , 0 , 0 , 74 , 91.8918918918919 , 6.22972972972973 
09-Jan-2004 09:46,200201,NEWCASTLE,UNITED KINGDOM,STANSTED,GO FLY LTD,A,S, 84 , 0 , 80.9523809523809 , 9.52380952380952 , 7.14285714285714 , 2.38095238095238 , 0 , 0 , 9.38095238095238 , 0 , 0 , 0 , 0 
09-Jan-2004 09:46,200201,NEWCASTLE,UNITED KINGDOM,STANSTED,GO FLY LTD,D,S, 84 , 0 , 80.9523809523809 , 9.52380952380952 , 7.14285714285714 , 2.38095238095238 , 0 , 0 , 8.21428571428571 , 0 , 0 , 0 , 0 
09-Jan-2004 09:46,200201,NEWCASTLE,UNITED KINGDOM,WICK,GILL AIRWAYS,A,S, 0 , 0 , 0 , 0 , 0 , 0 , 0 , 0 , 0 , 0 , 21 , 100 , 1.52380952380952 
09-Jan-2004 09:46,200201,NEWCASTLE,UNITED KINGDOM,WICK,GILL AIRWAYS,D,S, 0 , 0 , 0 , 0 , 0 , 0 , 0 , 0 , 0 , 0 , 21 , 100 , 0.80952380952381 
09-Jan-2004 09:46,200201,NEWCASTLE,USA,ORLANDO,BRITANNIA AIRWAYS,A,C, 0 , 0 , 0 , 0 , 0 , 0 , 0 , 0 , 0 , 0 , 2 , 50 , 53.5 
09-Jan-2004 09:46,200201,NEWCASTLE,USA,ORLANDO,BRITANNIA AIRWAYS,D,C, 0 , 0 , 0 , 0 , 0 , 0 , 0 , 0 , 0 , 0 , 2 , 0 , 83 
09-Jan-2004 09:46,200201,NEWCASTLE,USA,SANFORD,MY TRAVEL AIRWAYS UK,A,C, 1 , 0 , 0 , 0 , 0 , 100 , 0 , 0 , 91 , 0 , 4 , 25 , 204.25 
09-Jan-2004 09:46,200201,NEWCASTLE,USA,SANFORD,MY TRAVEL AIRWAYS UK,D,C, 0 , 0 , 0 , 0 , 0 , 0 , 0 , 0 , 0 , 0 , 3 , 33.3333333333333 , 20.3333333333333 
09-Jan-2004 09:46,200201,STANSTED,ALBANIA,TIRANA,EUROPEAN AIR CHARTER,A,C, 2 , 0 , 100 , 0 , 0 , 0 , 0 , 0 , 0.5 , 0 , 0 , 0 , 0 
09-Jan-2004 09:46,200201,STANSTED,ALBANIA,TIRANA,EUROPEAN AIR CHARTER,D,C, 4 , 0 , 75 , 25 , 0 , 0 , 0 , 0 , 7 , 0 , 0 , 0 , 0 
09-Jan-2004 09:46,200201,STANSTED,AUSTRIA,INNSBRUCK,AIR 2000,A,C, 4 , 0 , 100 , 0 , 0 , 0 , 0 , 0 , 2 , 0 , 4 , 75 , 21 
09-Jan-2004 09:46,200201,STANSTED,AUSTRIA,INNSBRUCK,AIR 2000,D,C, 4 , 0 , 100 , 0 , 0 , 0 , 0 , 0 , 5.25 , 0 , 4 , 50 , 34.75 
09-Jan-2004 09:46,200201,STANSTED,AUSTRIA,INNSBRUCK,TYROLEAN AIRWAYS,A,C, 4 , 0 , 100 , 0 , 0 , 0 , 0 , 0 , 3.5 , 0 , 0 , 0 , 0 
09-Jan-2004 09:46,200201,STANSTED,AUSTRIA,INNSBRUCK,TYROLEAN AIRWAYS,D,C, 4 , 0 , 75 , 25 , 0 , 0 , 0 , 0 , 9 , 0 , 0 , 0 , 0 
09-Jan-2004 09:46,200201,STANSTED,AUSTRIA,SALZBURG,AIR 2000,A,C, 4 , 0 , 50 , 25 , 25 , 0 , 0 , 0 , 14.75 , 0 , 4 , 75 , 17 
09-Jan-2004 09:46,200201,STANSTED,AUSTRIA,SALZBURG,AIR 2000,D,C, 4 , 0 , 75 , 25 , 0 , 0 , 0 , 0 , 4.75 , 0 , 4 , 75 , 20.5 
09-Jan-2004 09:46,200201,STANSTED,AUSTRIA,SALZBURG,RYANAIR,A,S, 65 , 0 , 81.5384615384615 , 9.23076923076923 , 6.15384615384615 , 3.07692307692308 , 0 , 0 , 8.04615384615385 , 0 , 0 , 0 , 0 
09-Jan-2004 09:46,200201,STANSTED,AUSTRIA,SALZBURG,RYANAIR,D,S, 65 , 0 , 49.2307692307692 , 30.7692307692308 , 16.9230769230769 , 3.07692307692308 , 0 , 0 , 19.2461538461538 , 0 , 0 , 0 , 0 
09-Jan-2004 09:46,200201,STANSTED,AUSTRIA,VIENNA,KLM UK LTD,A,S, 0 , 0 , 0 , 0 , 0 , 0 , 0 , 0 , 0 , 0 , 57 , 82.4561403508772 , 8.47368421052632 
09-Jan-2004 09:46,200201,STANSTED,AUSTRIA,VIENNA,KLM UK LTD,D,S, 0 , 0 , 0 , 0 , 0 , 0 , 0 , 0 , 0 , 0 , 57 , 78.9473684210526 , 11.8421052631579 
09-Jan-2004 09:46,200201,STANSTED,BARBADOS,BRIDGETOWN,BRITANNIA AIRWAYS,A,C, 3 , 0 , 66.6666666666667 , 0 , 0 , 33.3333333333333 , 0 , 0 , 33 , 0 , 0 , 0 , 0 
09-Jan-2004 09:46,200201,STANSTED,BARBADOS,BRIDGETOWN,BRITANNIA AIRWAYS,D,C, 1 , 1 , 0 , 0 , 100 , 0 , 0 , 0 , 38 , 0 , 0 , 0 , 0 
09-Jan-2004 09:46,200201,STANSTED,BELGIUM,BRUSSELS,TITAN AIRWAYS LTD,A,C, 0 , 1 , 0 , 0 , 0 , 0 , 0 , 0 , 0 , 0 , 0 , 0 , 0 
09-Jan-2004 09:46,200201,STANSTED,BELGIUM,BRUSSELS,TITAN AIRWAYS LTD,D,C, 1 , 0 , 100 , 0 , 0 , 0 , 0 , 0 , 1 , 0 , 0 , 0 , 0 
09-Jan-2004 09:46,200201,STANSTED,BELGIUM,CHARLEROI,RYANAIR,A,S, 107 , 1 , 77.5700934579439 , 10.2803738317757 , 6.54205607476636 , 4.67289719626168 , 0.934579439252336 , 0 , 12.8691588785047 , 7 , 0 , 0 , 0 
09-Jan-2004 09:46,200201,STANSTED,BELGIUM,CHARLEROI,RYANAIR,D,S, 107 , 0 , 62.6168224299065 , 11.214953271028 , 16.8224299065421 , 9.34579439252336 , 0 , 0 , 18.214953271028 , 7 , 0 , 0 , 0 
09-Jan-2004 09:46,200201,STANSTED,CYPRUS,LARNACA,CYPRUS AIRWAYS,A,S, 5 , 0 , 80 , 0 , 20 , 0 , 0 , 0 , 7.8 , 0 , 5 , 100 , 1 
09-Jan-2004 09:46,200201,STANSTED,CYPRUS,LARNACA,CYPRUS AIRWAYS,D,S, 5 , 0 , 60 , 20 , 20 , 0 , 0 , 0 , 17.2 , 0 , 5 , 80 , 9 
09-Jan-2004 09:46,200201,STANSTED,CYPRUS,PAPHOS,AIR 2000,A,S, 1 , 0 , 100 , 0 , 0 , 0 , 0 , 0 , 0 , 0 , 0 , 0 , 0 
09-Jan-2004 09:46,200201,STANSTED,CYPRUS,PAPHOS,AIR 2000,D,S, 1 , 0 , 0 , 100 , 0 , 0 , 0 , 0 , 21 , 0 , 0 , 0 , 0 
09-Jan-2004 09:46,200201,STANSTED,CZECH REPUBLIC,PRAGUE,CSA,A,S, 38 , 0 , 71.0526315789474 , 23.6842105263158 , 2.63157894736842 , 2.63157894736842 , 0 , 0 , 11.7894736842105 , 5 , 29 , 58.6206896551724 , 15.7586206896552 
09-Jan-2004 09:46,200201,STANSTED,CZECH REPUBLIC,PRAGUE,CSA,D,S, 38 , 0 , 81.5789473684211 , 7.89473684210526 , 7.89473684210526 , 2.63157894736842 , 0 , 0 , 10.8157894736842 , 5 , 29 , 68.9655172413793 , 15.3448275862069 
09-Jan-2004 09:46,200201,STANSTED,CZECH REPUBLIC,PRAGUE,GO FLY LTD,A,S, 64 , 0 , 79.6875 , 9.375 , 9.375 , 1.5625 , 0 , 0 , 8.40625 , 0 , 52 , 92.3076923076923 , 5.94230769230769 
09-Jan-2004 09:46,200201,STANSTED,CZECH REPUBLIC,PRAGUE,GO FLY LTD,D,S, 64 , 0 , 73.4375 , 14.0625 , 9.375 , 3.125 , 0 , 0 , 13.734375 , 0 , 52 , 82.6923076923077 , 9.53846153846154 
09-Jan-2004 09:46,200201,STANSTED,DENMARK,AARHUS (TIRSTRUP),RYANAIR,A,S, 53 , 0 , 71.6981132075472 , 13.2075471698113 , 5.66037735849057 , 9.43396226415094 , 0 , 0 , 17.7924528301887 , 1 , 56 , 92.8571428571429 , 5.35714285714286 
09-Jan-2004 09:46,200201,STANSTED,DENMARK,AARHUS (TIRSTRUP),RYANAIR,D,S, 54 , 0 , 42.5925925925926 , 33.3333333333333 , 12.962962962963 , 11.1111111111111 , 0 , 0 , 28.1296296296296 , 0 , 57 , 71.9298245614035 , 14.0877192982456 
09-Jan-2004 09:46,200201,STANSTED,DENMARK,BILLUND,DUO AIRWAYS LTD,A,S, 1 , 0 , 100 , 0 , 0 , 0 , 0 , 0 , 8 , 0 , 0 , 0 , 0 
09-Jan-2004 09:46,200201,STANSTED,DENMARK,BILLUND,DUO AIRWAYS LTD,D,S, 1 , 0 , 0 , 0 , 100 , 0 , 0 , 0 , 56 , 0 , 0 , 0 , 0 
09-Jan-2004 09:46,200201,STANSTED,DENMARK,COPENHAGEN,GO FLY LTD,A,S, 53 , 0 , 81.1320754716981 , 5.66037735849057 , 11.3207547169811 , 1.88679245283019 , 0 , 0 , 8.43396226415094 , 0 , 67 , 86.5671641791045 , 6.49253731343284 
09-Jan-2004 09:46,200201,STANSTED,DENMARK,COPENHAGEN,GO FLY LTD,D,S, 53 , 0 , 66.0377358490566 , 22.6415094339623 , 9.43396226415094 , 1.88679245283019 , 0 , 0 , 14.9622641509434 , 0 , 67 , 77.6119402985075 , 13.6567164179104 
09-Jan-2004 09:46,200201,STANSTED,DENMARK,COPENHAGEN,SAS,A,S, 0 , 0 , 0 , 0 , 0 , 0 , 0 , 0 , 0 , 0 , 54 , 79.6296296296296 , 6.55555555555556 
09-Jan-2004 09:46,200201,STANSTED,DENMARK,COPENHAGEN,SAS,D,S, 0 , 0 , 0 , 0 , 0 , 0 , 0 , 0 , 0 , 0 , 55 , 63.6363636363636 , 14.3818181818182 
09-Jan-2004 09:46,200201,STANSTED,DENMARK,ESBJERG,RYANAIR,A,S, 31 , 0 , 80.6451612903226 , 9.67741935483871 , 3.2258064516129 , 6.45161290322581 , 0 , 0 , 14.6451612903226 , 0 , 0 , 0 , 0 
09-Jan-2004 09:46,200201,STANSTED,DENMARK,ESBJERG,RYANAIR,D,S, 30 , 0 , 53.3333333333333 , 26.6666666666667 , 10 , 10 , 0 , 0 , 25.3 , 1 , 0 , 0 , 0 
09-Jan-2004 09:46,200201,STANSTED,FED REP YUGO SERBIA M'ENEGRO,PRISTINA,COUGAR LEASING LTD,A,C, 1 , 0 , 0 , 0 , 100 , 0 , 0 , 0 , 43 , 0 , 0 , 0 , 0 
09-Jan-2004 09:46,200201,STANSTED,FED REP YUGO SERBIA M'ENEGRO,PRISTINA,COUGAR LEASING LTD,D,C, 1 , 0 , 100 , 0 , 0 , 0 , 0 , 0 , 9 , 0 , 0 , 0 , 0 
09-Jan-2004 09:46,200201,STANSTED,FINLAND,HELSINKI,AIR BOTNIA,A,S, 0 , 0 , 0 , 0 , 0 , 0 , 0 , 0 , 0 , 0 , 29 , 100 , 0.96551724137931 
09-Jan-2004 09:46,200201,STANSTED,FINLAND,HELSINKI,AIR BOTNIA,D,S, 0 , 0 , 0 , 0 , 0 , 0 , 0 , 0 , 0 , 0 , 29 , 96.551724137931 , 3.06896551724138 
09-Jan-2004 09:46,200201,STANSTED,FINLAND,HELSINKI,KLM UK LTD,A,S, 31 , 0 , 64.5161290322581 , 12.9032258064516 , 9.67741935483871 , 6.45161290322581 , 3.2258064516129 , 3.2258064516129 , 37.1612903225806 , 0 , 55 , 98.1818181818182 , 0.854545454545455 
09-Jan-2004 09:46,200201,STANSTED,FINLAND,HELSINKI,KLM UK LTD,D,S, 31 , 0 , 74.1935483870968 , 6.45161290322581 , 12.9032258064516 , 3.2258064516129 , 3.2258064516129 , 0 , 25.6451612903226 , 0 , 55 , 87.2727272727273 , 6.07272727272727 
09-Jan-2004 09:46,200201,STANSTED,FINLAND,ROVANIEMI,BRAATHENS ASA,A,C, 0 , 1 , 0 , 0 , 0 , 0 , 0 , 0 , 0 , 0 , 0 , 0 , 0 
09-Jan-2004 09:46,200201,STANSTED,FRANCE,BIARRITZ,RYANAIR,A,S, 31 , 0 , 80.6451612903226 , 6.45161290322581 , 6.45161290322581 , 3.2258064516129 , 3.2258064516129 , 0 , 13.0645161290323 , 0 , 31 , 83.8709677419355 , 8.19354838709677 
09-Jan-2004 09:46,200201,STANSTED,FRANCE,BIARRITZ,RYANAIR,D,S, 31 , 0 , 74.1935483870968 , 12.9032258064516 , 6.45161290322581 , 6.45161290322581 , 0 , 0 , 14.9677419354839 , 0 , 31 , 74.1935483870968 , 15.2903225806452 
09-Jan-2004 09:46,200201,STANSTED,FRANCE,BORDEAUX,KLM UK LTD,A,S, 36 , 0 , 77.7777777777778 , 8.33333333333333 , 5.55555555555556 , 5.55555555555556 , 2.77777777777778 , 0 , 15.1111111111111 , 0 , 32 , 81.25 , 7.9375 
09-Jan-2004 09:46,200201,STANSTED,FRANCE,BORDEAUX,KLM UK LTD,D,S, 32 , 4 , 68.75 , 12.5 , 6.25 , 9.375 , 3.125 , 0 , 25.90625 , 0 , 32 , 84.375 , 7.59375 
09-Jan-2004 09:46,200201,STANSTED,FRANCE,CARCASSONNE,RYANAIR,A,S, 31 , 0 , 90.3225806451613 , 3.2258064516129 , 3.2258064516129 , 3.2258064516129 , 0 , 0 , 5.2258064516129 , 0 , 31 , 83.8709677419355 , 14.741935483871 
09-Jan-2004 09:46,200201,STANSTED,FRANCE,CARCASSONNE,RYANAIR,D,S, 31 , 0 , 87.0967741935484 , 6.45161290322581 , 3.2258064516129 , 3.2258064516129 , 0 , 0 , 7.93548387096774 , 0 , 31 , 70.9677419354839 , 15.3548387096774 
09-Jan-2004 09:46,200201,STANSTED,FRANCE,CHAMBERY,CITY FLYER EXPRESS,A,C, 0 , 0 , 0 , 0 , 0 , 0 , 0 , 0 , 0 , 0 , 4 , 75 , 60.75 
09-Jan-2004 09:46,200201,STANSTED,FRANCE,CHAMBERY,CITY FLYER EXPRESS,D,C, 0 , 0 , 0 , 0 , 0 , 0 , 0 , 0 , 0 , 0 , 4 , 25 , 69 
09-Jan-2004 09:46,200201,STANSTED,FRANCE,CHAMBERY,KLM EXEL,D,C, 1 , 0 , 100 , 0 , 0 , 0 , 0 , 0 , 11 , 0 , 0 , 0 , 0 
09-Jan-2004 09:46,200201,STANSTED,FRANCE,CHAMBERY,KLM UK LTD,A,C, 0 , 0 , 0 , 0 , 0 , 0 , 0 , 0 , 0 , 0 , 8 , 0 , 32 
09-Jan-2004 09:46,200201,STANSTED,FRANCE,CHAMBERY,KLM UK LTD,A,S, 8 , 0 , 0 , 37.5 , 12.5 , 50 , 0 , 0 , 58.875 , 0 , 0 , 0 , 0 
09-Jan-2004 09:46,200201,STANSTED,FRANCE,CHAMBERY,KLM UK LTD,D,C, 0 , 0 , 0 , 0 , 0 , 0 , 0 , 0 , 0 , 0 , 8 , 62.5 , 12.375 
09-Jan-2004 09:46,200201,STANSTED,FRANCE,CHAMBERY,KLM UK LTD,D,S, 8 , 0 , 25 , 25 , 50 , 0 , 0 , 0 , 26.875 , 0 , 0 , 0 , 0 
09-Jan-2004 09:46,200201,STANSTED,FRANCE,CHAMBERY,TITAN AIRWAYS LTD,A,C, 4 , 0 , 0 , 0 , 0 , 100 , 0 , 0 , 113.5 , 0 , 0 , 0 , 0 
09-Jan-2004 09:46,200201,STANSTED,FRANCE,CHAMBERY,TITAN AIRWAYS LTD,D,C, 4 , 0 , 100 , 0 , 0 , 0 , 0 , 0 , 3.5 , 0 , 0 , 0 , 0 
09-Jan-2004 09:46,200201,STANSTED,FRANCE,CLERMONT FERRAND,AIR FRANCE,A,S, 0 , 1 , 0 , 0 , 0 , 0 , 0 , 0 , 0 , 0 , 0 , 0 , 0 
09-Jan-2004 09:46,200201,STANSTED,FRANCE,DIJON,EUROPEAN AIR CHARTER,A,C, 0 , 0 , 0 , 0 , 0 , 0 , 0 , 0 , 0 , 0 , 1 , 0 , 32 
09-Jan-2004 09:46,200201,STANSTED,FRANCE,DIJON,EUROPEAN AIR CHARTER,D,C, 0 , 0 , 0 , 0 , 0 , 0 , 0 , 0 , 0 , 0 , 1 , 100 , 0 
09-Jan-2004 09:46,200201,STANSTED,FRANCE,DINARD,RYANAIR,A,S, 31 , 0 , 74.1935483870968 , 12.9032258064516 , 3.2258064516129 , 3.2258064516129 , 6.45161290322581 , 0 , 21.6774193548387 , 0 , 27 , 85.1851851851852 , 11.8888888888889 
09-Jan-2004 09:46,200201,STANSTED,FRANCE,DINARD,RYANAIR,D,S, 30 , 1 , 63.3333333333333 , 13.3333333333333 , 13.3333333333333 , 3.33333333333333 , 6.66666666666667 , 0 , 29.6666666666667 , 0 , 27 , 81.4814814814815 , 21.9259259259259 
09-Jan-2004 09:46,200201,STANSTED,FRANCE,GRENOBLE,KLM EXEL,D,C, 1 , 0 , 100 , 0 , 0 , 0 , 0 , 0 , 10 , 0 , 0 , 0 , 0 
09-Jan-2004 09:46,200201,STANSTED,FRANCE,LA ROCHELLE,KLM UK LTD,A,S, 13 , 0 , 69.2307692307692 , 7.69230769230769 , 7.69230769230769 , 15.3846153846154 , 0 , 0 , 18.2307692307692 , 0 , 0 , 0 , 0 
09-Jan-2004 09:46,200201,STANSTED,FRANCE,LA ROCHELLE,KLM UK LTD,D,S, 13 , 0 , 76.9230769230769 , 0 , 7.69230769230769 , 15.3846153846154 , 0 , 0 , 21.6153846153846 , 0 , 0 , 0 , 0 
09-Jan-2004 09:46,200201,STANSTED,FRANCE,LYON,EUROPEAN AIR CHARTER,A,C, 3 , 0 , 66.6666666666667 , 33.3333333333333 , 0 , 0 , 0 , 0 , 13 , 0 , 4 , 25 , 18.75 
09-Jan-2004 09:46,200201,STANSTED,FRANCE,LYON,EUROPEAN AIR CHARTER,D,C, 4 , 0 , 100 , 0 , 0 , 0 , 0 , 0 , 2 , 0 , 4 , 50 , 12.75 
09-Jan-2004 09:46,200201,STANSTED,FRANCE,LYON,GO FLY LTD,A,S, 24 , 0 , 66.6666666666667 , 16.6666666666667 , 16.6666666666667 , 0 , 0 , 0 , 13.125 , 0 , 26 , 84.6153846153846 , 8.80769230769231 
09-Jan-2004 09:46,200201,STANSTED,FRANCE,LYON,GO FLY LTD,D,S, 25 , 0 , 60 , 24 , 16 , 0 , 0 , 0 , 13.32 , 0 , 26 , 69.2307692307692 , 15.4615384615385 
09-Jan-2004 09:46,200201,STANSTED,FRANCE,LYON,KLM UK LTD,A,S, 35 , 0 , 77.1428571428571 , 5.71428571428571 , 8.57142857142857 , 5.71428571428571 , 2.85714285714286 , 0 , 19.8571428571429 , 0 , 41 , 95.1219512195122 , 3.4390243902439 
09-Jan-2004 09:46,200201,STANSTED,FRANCE,LYON,KLM UK LTD,D,S, 35 , 0 , 62.8571428571429 , 22.8571428571429 , 2.85714285714286 , 11.4285714285714 , 0 , 0 , 16.1714285714286 , 0 , 41 , 90.2439024390244 , 8.82926829268293 
09-Jan-2004 09:46,200201,STANSTED,FRANCE,MARSEILLE,KLM UK LTD,A,S, 35 , 1 , 94.2857142857143 , 5.71428571428571 , 0 , 0 , 0 , 0 , 1.85714285714286 , 0 , 36 , 88.8888888888889 , 7.19444444444444 
09-Jan-2004 09:46,200201,STANSTED,FRANCE,MARSEILLE,KLM UK LTD,D,S, 36 , 0 , 88.8888888888889 , 11.1111111111111 , 0 , 0 , 0 , 0 , 4.58333333333333 , 0 , 35 , 77.1428571428571 , 14.1428571428571 
09-Jan-2004 09:46,200201,STANSTED,FRANCE,NICE,BRITISH WORLD AIRLINES LTD,A,C, 0 , 0 , 0 , 0 , 0 , 0 , 0 , 0 , 0 , 0 , 1 , 0 , 47 
09-Jan-2004 09:46,200201,STANSTED,FRANCE,NICE,BRITISH WORLD AIRLINES LTD,D,C, 0 , 0 , 0 , 0 , 0 , 0 , 0 , 0 , 0 , 0 , 1 , 100 , 13 
09-Jan-2004 09:46,200201,STANSTED,FRANCE,NICE,EASYJET AIRLINE COMPANY LTD,A,S, 0 , 1 , 0 , 0 , 0 , 0 , 0 , 0 , 0 , 0 , 0 , 0 , 0 
09-Jan-2004 09:46,200201,STANSTED,FRANCE,NICE,GO FLY LTD,A,S, 31 , 0 , 93.5483870967742 , 0 , 0 , 6.45161290322581 , 0 , 0 , 8.29032258064516 , 0 , 0 , 0 , 0 
09-Jan-2004 09:46,200201,STANSTED,FRANCE,NICE,GO FLY LTD,D,S, 31 , 0 , 90.3225806451613 , 3.2258064516129 , 0 , 3.2258064516129 , 3.2258064516129 , 0 , 11.8064516129032 , 0 , 0 , 0 , 0 
09-Jan-2004 09:46,200201,STANSTED,FRANCE,NIMES,RYANAIR,A,S, 30 , 0 , 90 , 10 , 0 , 0 , 0 , 0 , 3.66666666666667 , 1 , 31 , 87.0967741935484 , 5.06451612903226 
09-Jan-2004 09:46,200201,STANSTED,FRANCE,NIMES,RYANAIR,D,S, 30 , 0 , 60 , 20 , 16.6666666666667 , 3.33333333333333 , 0 , 0 , 18.2333333333333 , 1 , 31 , 80.6451612903226 , 11.7741935483871 
09-Jan-2004 09:46,200201,STANSTED,FRANCE,PARIS (CHARLES DE GAULLE),KLM UK LTD,A,S, 102 , 4 , 79.4117647058823 , 10.7843137254902 , 3.92156862745098 , 5.88235294117647 , 0 , 0 , 11.0882352941176 , 0 , 86 , 88.3720930232558 , 7.37209302325581 
09-Jan-2004 09:46,200201,STANSTED,FRANCE,PARIS (CHARLES DE GAULLE),KLM UK LTD,D,S, 104 , 2 , 61.5384615384615 , 17.3076923076923 , 14.4230769230769 , 5.76923076923077 , 0 , 0.961538461538462 , 21.7692307692308 , 1 , 83 , 80.7228915662651 , 13.6987951807229 
09-Jan-2004 09:46,200201,STANSTED,FRANCE,PERPIGNAN,RYANAIR,A,S, 31 , 0 , 67.741935483871 , 16.1290322580645 , 6.45161290322581 , 6.45161290322581 , 3.2258064516129 , 0 , 17.9032258064516 , 0 , 26 , 84.6153846153846 , 7.38461538461539 
09-Jan-2004 09:46,200201,STANSTED,FRANCE,PERPIGNAN,RYANAIR,D,S, 31 , 0 , 67.741935483871 , 9.67741935483871 , 16.1290322580645 , 6.45161290322581 , 0 , 0 , 17.8064516129032 , 0 , 26 , 76.9230769230769 , 9.73076923076923 
09-Jan-2004 09:46,200201,STANSTED,FRANCE,POITIERS,KLM UK LTD,A,S, 13 , 0 , 53.8461538461538 , 30.7692307692308 , 15.3846153846154 , 0 , 0 , 0 , 13.6153846153846 , 0 , 0 , 0 , 0 
09-Jan-2004 09:46,200201,STANSTED,FRANCE,POITIERS,KLM UK LTD,D,S, 13 , 0 , 61.5384615384615 , 7.69230769230769 , 23.0769230769231 , 7.69230769230769 , 0 , 0 , 16.6153846153846 , 0 , 0 , 0 , 0 
09-Jan-2004 09:46,200201,STANSTED,FRANCE,ST ETIENNE,RYANAIR,A,S, 31 , 0 , 83.8709677419355 , 3.2258064516129 , 3.2258064516129 , 9.67741935483871 , 0 , 0 , 10.741935483871 , 1 , 31 , 77.4193548387097 , 8.12903225806452 
09-Jan-2004 09:46,200201,STANSTED,FRANCE,ST ETIENNE,RYANAIR,D,S, 31 , 0 , 77.4193548387097 , 9.67741935483871 , 6.45161290322581 , 6.45161290322581 , 0 , 0 , 10.8064516129032 , 1 , 31 , 64.5161290322581 , 14.5483870967742 
09-Jan-2004 09:46,200201,STANSTED,FRANCE,TOULOUSE (BLAGNAC),EUROPEAN AIR CHARTER,A,C, 4 , 0 , 100 , 0 , 0 , 0 , 0 , 0 , 0 , 0 , 0 , 0 , 0 
09-Jan-2004 09:46,200201,STANSTED,FRANCE,TOULOUSE (BLAGNAC),EUROPEAN AIR CHARTER,D,C, 4 , 0 , 100 , 0 , 0 , 0 , 0 , 0 , 2.5 , 0 , 0 , 0 , 0 
09-Jan-2004 09:46,200201,STANSTED,FRANCE,TOULOUSE (BLAGNAC),KLM UK LTD,A,S, 0 , 0 , 0 , 0 , 0 , 0 , 0 , 0 , 0 , 0 , 3 , 100 , 0 
09-Jan-2004 09:46,200201,STANSTED,FRANCE,TOULOUSE (BLAGNAC),KLM UK LTD,D,S, 0 , 0 , 0 , 0 , 0 , 0 , 0 , 0 , 0 , 0 , 3 , 100 , 3.33333333333333 
09-Jan-2004 09:46,200201,STANSTED,FRANCE,TOULOUSE (BLAGNAC),MY TRAVEL AIRWAYS UK,A,C, 0 , 0 , 0 , 0 , 0 , 0 , 0 , 0 , 0 , 0 , 1 , 0 , 34 
09-Jan-2004 09:46,200201,STANSTED,FRANCE,TOULOUSE (BLAGNAC),MY TRAVEL AIRWAYS UK,D,C, 0 , 0 , 0 , 0 , 0 , 0 , 0 , 0 , 0 , 0 , 1 , 100 , 0 
09-Jan-2004 09:46,200201,STANSTED,FRANCE,TOULOUSE (BLAGNAC),RYANAIR,A,C, 4 , 0 , 50 , 50 , 0 , 0 , 0 , 0 , 13.75 , 0 , 4 , 25 , 35 
09-Jan-2004 09:46,200201,STANSTED,FRANCE,TOULOUSE (BLAGNAC),RYANAIR,D,C, 4 , 0 , 50 , 50 , 0 , 0 , 0 , 0 , 13.5 , 0 , 4 , 0 , 20.75 
09-Jan-2004 09:46,200201,STANSTED,GERMANY,BERLIN (SCHONEFELD),KLM UK LTD,A,S, 87 , 0 , 80.4597701149425 , 2.29885057471264 , 11.4942528735632 , 5.74712643678161 , 0 , 0 , 12.0804597701149 , 1 , 0 , 0 , 0 
09-Jan-2004 09:46,200201,STANSTED,GERMANY,BERLIN (SCHONEFELD),KLM UK LTD,D,S, 86 , 1 , 70.9302325581395 , 13.953488372093 , 6.97674418604651 , 8.13953488372093 , 0 , 0 , 14.6976744186047 , 1 , 0 , 0 , 0 
09-Jan-2004 09:46,200201,STANSTED,GERMANY,BERLIN (TEGEL),KLM UK LTD,A,S, 0 , 0 , 0 , 0 , 0 , 0 , 0 , 0 , 0 , 0 , 53 , 92.4528301886792 , 2.83018867924528 
09-Jan-2004 09:46,200201,STANSTED,GERMANY,BERLIN (TEGEL),KLM UK LTD,D,S, 0 , 0 , 0 , 0 , 0 , 0 , 0 , 0 , 0 , 0 , 52 , 86.5384615384615 , 7.01923076923077 
09-Jan-2004 09:46,200201,STANSTED,GERMANY,COLOGNE (BONN),BMI BRITISH MIDLAND,A,S, 0 , 0 , 0 , 0 , 0 , 0 , 0 , 0 , 0 , 0 , 86 , 86.046511627907 , 5.11627906976744 
09-Jan-2004 09:46,200201,STANSTED,GERMANY,COLOGNE (BONN),BMI BRITISH MIDLAND,D,S, 0 , 0 , 0 , 0 , 0 , 0 , 0 , 0 , 0 , 0 , 86 , 88.3720930232558 , 6.41860465116279 
09-Jan-2004 09:46,200201,STANSTED,GERMANY,DORTMUND,EUROWINGS LUFTVERKEHRS,A,S, 0 , 0 , 0 , 0 , 0 , 0 , 0 , 0 , 0 , 0 , 49 , 89.7959183673469 , 6.22448979591837 
09-Jan-2004 09:46,200201,STANSTED,GERMANY,DORTMUND,EUROWINGS LUFTVERKEHRS,D,S, 0 , 0 , 0 , 0 , 0 , 0 , 0 , 0 , 0 , 0 , 45 , 68.8888888888889 , 10.4888888888889 
09-Jan-2004 09:46,200201,STANSTED,GERMANY,DRESDEN,EUROWINGS LUFTVERKEHRS,D,C, 1 , 0 , 100 , 0 , 0 , 0 , 0 , 0 , 0 , 0 , 0 , 0 , 0 
09-Jan-2004 09:46,200201,STANSTED,GERMANY,DUSSELDORF,KLM UK LTD,A,S, 77 , 0 , 84.4155844155844 , 2.5974025974026 , 7.79220779220779 , 5.19480519480519 , 0 , 0 , 8.96103896103896 , 0 , 68 , 94.1176470588235 , 3.27941176470588 
09-Jan-2004 09:46,200201,STANSTED,GERMANY,DUSSELDORF,KLM UK LTD,D,S, 77 , 0 , 84.4155844155844 , 5.19480519480519 , 2.5974025974026 , 7.79220779220779 , 0 , 0 , 11.7142857142857 , 0 , 68 , 83.8235294117647 , 9.42647058823529 
09-Jan-2004 09:46,200201,STANSTED,GERMANY,FRANKFURT MAIN,KLM UK LTD,A,S, 76 , 0 , 80.2631578947369 , 7.89473684210526 , 3.94736842105263 , 7.89473684210526 , 0 , 0 , 13.8289473684211 , 0 , 70 , 85.7142857142857 , 9.71428571428571 
09-Jan-2004 09:46,200201,STANSTED,GERMANY,FRANKFURT MAIN,KLM UK LTD,D,S, 77 , 0 , 79.2207792207792 , 3.8961038961039 , 9.09090909090909 , 7.79220779220779 , 0 , 0 , 15.5844155844156 , 0 , 70 , 77.1428571428571 , 14.5 
09-Jan-2004 09:46,200201,STANSTED,GERMANY,FRANKFURT MAIN,LUFTHANSA,A,S, 0 , 0 , 0 , 0 , 0 , 0 , 0 , 0 , 0 , 0 , 90 , 92.2222222222222 , 4.31111111111111 
09-Jan-2004 09:46,200201,STANSTED,GERMANY,FRANKFURT MAIN,LUFTHANSA,D,S, 0 , 0 , 0 , 0 , 0 , 0 , 0 , 0 , 0 , 0 , 90 , 65.5555555555556 , 14.8111111111111 
09-Jan-2004 09:46,200201,STANSTED,GERMANY,HAHN,RYANAIR,A,S, 82 , 1 , 68.2926829268293 , 12.1951219512195 , 7.31707317073171 , 10.9756097560976 , 1.21951219512195 , 0 , 20.0975609756098 , 0 , 75 , 85.3333333333333 , 13.8133333333333 
09-Jan-2004 09:46,200201,STANSTED,GERMANY,HAHN,RYANAIR,D,S, 82 , 1 , 42.6829268292683 , 31.7073170731707 , 14.6341463414634 , 10.9756097560976 , 0 , 0 , 26.6829268292683 , 0 , 76 , 69.7368421052632 , 15.0789473684211 
09-Jan-2004 09:46,200201,STANSTED,GERMANY,HAMBURG,LUFTHANSA,A,S, 0 , 0 , 0 , 0 , 0 , 0 , 0 , 0 , 0 , 0 , 83 , 67.4698795180723 , 11.6024096385542 
09-Jan-2004 09:46,200201,STANSTED,GERMANY,HAMBURG,LUFTHANSA,D,S, 0 , 0 , 0 , 0 , 0 , 0 , 0 , 0 , 0 , 0 , 83 , 65.0602409638554 , 17.5301204819277 
09-Jan-2004 09:46,200201,STANSTED,GERMANY,HANOVER,MONARCH AIRLINES,D,C, 0 , 0 , 0 , 0 , 0 , 0 , 0 , 0 , 0 , 0 , 2 , 100 , 6.5 
09-Jan-2004 09:46,200201,STANSTED,GERMANY,HANOVER,MY TRAVEL AIRWAYS UK,D,C, 0 , 0 , 0 , 0 , 0 , 0 , 0 , 0 , 0 , 0 , 1 , 0 , 34 
09-Jan-2004 09:46,200201,STANSTED,GERMANY,LUBECK,RYANAIR,A,S, 52 , 0 , 82.6923076923077 , 5.76923076923077 , 5.76923076923077 , 5.76923076923077 , 0 , 0 , 13.5769230769231 , 1 , 51 , 80.3921568627451 , 17.5882352941176 
09-Jan-2004 09:46,200201,STANSTED,GERMANY,LUBECK,RYANAIR,D,S, 52 , 0 , 88.4615384615385 , 5.76923076923077 , 3.84615384615385 , 1.92307692307692 , 0 , 0 , 9.26923076923077 , 0 , 52 , 78.8461538461539 , 9.90384615384615 
09-Jan-2004 09:46,200201,STANSTED,GERMANY,MUNICH,GO FLY LTD,A,S, 62 , 0 , 69.3548387096774 , 24.1935483870968 , 4.83870967741935 , 1.61290322580645 , 0 , 0 , 12.1612903225806 , 0 , 62 , 90.3225806451613 , 9.19354838709677 
09-Jan-2004 09:46,200201,STANSTED,GERMANY,MUNICH,GO FLY LTD,D,S, 62 , 0 , 62.9032258064516 , 25.8064516129032 , 9.67741935483871 , 1.61290322580645 , 0 , 0 , 14.1612903225806 , 0 , 62 , 75.8064516129032 , 13.3548387096774 
09-Jan-2004 09:46,200201,STANSTED,GERMANY,MUNICH,LUFTHANSA,A,S, 0 , 0 , 0 , 0 , 0 , 0 , 0 , 0 , 0 , 0 , 92 , 91.304347826087 , 6.3695652173913 
09-Jan-2004 09:46,200201,STANSTED,GERMANY,MUNICH,LUFTHANSA,D,S, 0 , 0 , 0 , 0 , 0 , 0 , 0 , 0 , 0 , 0 , 92 , 77.1739130434783 , 13.6304347826087 
09-Jan-2004 09:46,200201,STANSTED,GERMANY,MUNSTER-OSNABRUCK,EUROPEAN AIR CHARTER,A,C, 0 , 1 , 0 , 0 , 0 , 0 , 0 , 0 , 0 , 0 , 0 , 0 , 0 
09-Jan-2004 09:46,200201,STANSTED,GERMANY,NUREMBERG,EUROWINGS LUFTVERKEHRS,A,S, 0 , 0 , 0 , 0 , 0 , 0 , 0 , 0 , 0 , 0 , 71 , 77.4647887323944 , 8.6056338028169 
09-Jan-2004 09:46,200201,STANSTED,GERMANY,NUREMBERG,EUROWINGS LUFTVERKEHRS,D,S, 0 , 0 , 0 , 0 , 0 , 0 , 0 , 0 , 0 , 0 , 71 , 76.056338028169 , 13.2676056338028 
09-Jan-2004 09:46,200201,STANSTED,GERMANY,PADERBORN,EUROPEAN AIR CHARTER,A,C, 1 , 1 , 0 , 0 , 100 , 0 , 0 , 0 , 53 , 0 , 0 , 0 , 0 
09-Jan-2004 09:46,200201,STANSTED,GERMANY,PADERBORN,EUROPEAN AIR CHARTER,D,C, 1 , 0 , 100 , 0 , 0 , 0 , 0 , 0 , 1 , 0 , 0 , 0 , 0 
09-Jan-2004 09:46,200201,STANSTED,GERMANY,PADERBORN,EUROWINGS LUFTVERKEHRS,D,S, 0 , 0 , 0 , 0 , 0 , 0 , 0 , 0 , 0 , 0 , 4 , 100 , 4.25 
09-Jan-2004 09:46,200201,STANSTED,GUADELOUPE,POINTE A PITRE GUADELOUPE,CORSAIR,A,C, 1 , 0 , 100 , 0 , 0 , 0 , 0 , 0 , 0 , 0 , 0 , 0 , 0 
09-Jan-2004 09:46,200201,STANSTED,HUNGARY,BUDAPEST,MALEV (HUNGARIAN AIRLINES),A,C, 0 , 0 , 0 , 0 , 0 , 0 , 0 , 0 , 0 , 0 , 4 , 25 , 34.75 
09-Jan-2004 09:46,200201,STANSTED,HUNGARY,BUDAPEST,MALEV (HUNGARIAN AIRLINES),D,C, 0 , 0 , 0 , 0 , 0 , 0 , 0 , 0 , 0 , 0 , 5 , 100 , 3.4 
09-Jan-2004 09:46,200201,STANSTED,INDIA,COCHIN,AIR 2000,A,C, 2 , 0 , 50 , 0 , 50 , 0 , 0 , 0 , 25 , 0 , 0 , 0 , 0 
09-Jan-2004 09:46,200201,STANSTED,INDIA,COCHIN,AIR 2000,D,C, 2 , 0 , 0 , 50 , 50 , 0 , 0 , 0 , 31.5 , 0 , 0 , 0 , 0 
09-Jan-2004 09:46,200201,STANSTED,INDONESIA,MEDAN,BRITANNIA AIRWAYS,D,C, 0 , 1 , 0 , 0 , 0 , 0 , 0 , 0 , 0 , 0 , 0 , 0 , 0 
09-Jan-2004 09:46,200201,STANSTED,IRAN,SHIRAZ,AIR 2000,A,C, 0 , 0 , 0 , 0 , 0 , 0 , 0 , 0 , 0 , 0 , 1 , 100 , 7 
09-Jan-2004 09:46,200201,STANSTED,IRISH REPUBLIC,CONNAUGHT,RYANAIR,A,S, 31 , 0 , 77.4193548387097 , 9.67741935483871 , 3.2258064516129 , 9.67741935483871 , 0 , 0 , 15.5806451612903 , 0 , 32 , 71.875 , 14.3125 
09-Jan-2004 09:46,200201,STANSTED,IRISH REPUBLIC,CONNAUGHT,RYANAIR,D,S, 31 , 0 , 67.741935483871 , 25.8064516129032 , 3.2258064516129 , 3.2258064516129 , 0 , 0 , 15.1935483870968 , 0 , 31 , 67.741935483871 , 14.7096774193548 
09-Jan-2004 09:46,200201,STANSTED,IRISH REPUBLIC,CORK,RYANAIR,A,S, 89 , 0 , 65.1685393258427 , 15.7303370786517 , 8.98876404494382 , 7.86516853932584 , 2.24719101123596 , 0 , 23.5393258426966 , 0 , 74 , 72.972972972973 , 13.6486486486486 
09-Jan-2004 09:46,200201,STANSTED,IRISH REPUBLIC,CORK,RYANAIR,D,S, 87 , 0 , 58.6206896551724 , 25.2873563218391 , 6.89655172413793 , 8.04597701149425 , 1.14942528735632 , 0 , 20.7586206896552 , 1 , 75 , 57.3333333333333 , 18.5466666666667 
09-Jan-2004 09:46,200201,STANSTED,IRISH REPUBLIC,DUBLIN,RYANAIR,A,S, 307 , 2 , 79.1530944625407 , 10.0977198697068 , 5.86319218241042 , 4.23452768729642 , 0.651465798045603 , 0 , 11.8306188925081 , 4 , 294 , 87.7551020408163 , 5.92517006802721 
09-Jan-2004 09:46,200201,STANSTED,IRISH REPUBLIC,DUBLIN,RYANAIR,D,S, 304 , 1 , 71.3815789473684 , 14.4736842105263 , 9.21052631578947 , 4.60526315789474 , 0.328947368421053 , 0 , 15.2467105263158 , 3 , 295 , 81.6949152542373 , 9.49152542372881 
09-Jan-2004 09:46,200201,STANSTED,IRISH REPUBLIC,KERRY COUNTY,RYANAIR,A,S, 31 , 0 , 87.0967741935484 , 6.45161290322581 , 3.2258064516129 , 3.2258064516129 , 0 , 0 , 8.54838709677419 , 0 , 32 , 93.75 , 5.75 
09-Jan-2004 09:46,200201,STANSTED,IRISH REPUBLIC,KERRY COUNTY,RYANAIR,D,S, 30 , 1 , 83.3333333333333 , 10 , 3.33333333333333 , 3.33333333333333 , 0 , 0 , 9.4 , 0 , 30 , 93.3333333333333 , 4.56666666666667 
09-Jan-2004 09:46,200201,STANSTED,IRISH REPUBLIC,SHANNON,RYANAIR,A,S, 109 , 0 , 90.8256880733945 , 3.6697247706422 , 2.75229357798165 , 1.8348623853211 , 0.917431192660551 , 0 , 6.47706422018349 , 1 , 93 , 88.1720430107527 , 7.73118279569893 
09-Jan-2004 09:46,200201,STANSTED,IRISH REPUBLIC,SHANNON,RYANAIR,D,S, 109 , 0 , 88.0733944954129 , 3.6697247706422 , 6.42201834862385 , 1.8348623853211 , 0 , 0 , 6.71559633027523 , 1 , 93 , 81.7204301075269 , 9.3010752688172 
09-Jan-2004 09:46,200201,STANSTED,IRISH REPUBLIC,WATERFORD,BRITISH REGIONAL AIRLINES LTD,A,S, 0 , 0 , 0 , 0 , 0 , 0 , 0 , 0 , 0 , 0 , 4 , 50 , 25.5 
09-Jan-2004 09:46,200201,STANSTED,IRISH REPUBLIC,WATERFORD,BRITISH REGIONAL AIRLINES LTD,D,S, 0 , 0 , 0 , 0 , 0 , 0 , 0 , 0 , 0 , 0 , 4 , 75 , 19.5 
09-Jan-2004 09:46,200201,STANSTED,IRISH REPUBLIC,WATERFORD,EUROCELTIC AIRWAYS LTD,A,S, 0 , 2 , 0 , 0 , 0 , 0 , 0 , 0 , 0 , 0 , 0 , 0 , 0 
09-Jan-2004 09:46,200201,STANSTED,IRISH REPUBLIC,WATERFORD,EUROCELTIC AIRWAYS LTD,D,S, 0 , 2 , 0 , 0 , 0 , 0 , 0 , 0 , 0 , 1 , 0 , 0 , 0 
09-Jan-2004 09:46,200201,STANSTED,ISRAEL,TEL AVIV,EL AL,A,S, 0 , 0 , 0 , 0 , 0 , 0 , 0 , 0 , 0 , 0 , 2 , 100 , 0 
09-Jan-2004 09:46,200201,STANSTED,ISRAEL,TEL AVIV,EL AL,D,S, 0 , 0 , 0 , 0 , 0 , 0 , 0 , 0 , 0 , 0 , 2 , 100 , 11 
09-Jan-2004 09:46,200201,STANSTED,ITALY,ALGHERO/SASSARI,RYANAIR,A,S, 31 , 0 , 58.0645161290323 , 25.8064516129032 , 12.9032258064516 , 3.2258064516129 , 0 , 0 , 18.0645161290323 , 0 , 20 , 45 , 33.3 
09-Jan-2004 09:46,200201,STANSTED,ITALY,ALGHERO/SASSARI,RYANAIR,D,S, 31 , 0 , 61.2903225806452 , 19.3548387096774 , 12.9032258064516 , 6.45161290322581 , 0 , 0 , 17.258064516129 , 0 , 21 , 85.7142857142857 , 13.1904761904762 
09-Jan-2004 09:46,200201,STANSTED,ITALY,ANCONA,RYANAIR,A,S, 30 , 0 , 70 , 13.3333333333333 , 3.33333333333333 , 10 , 3.33333333333333 , 0 , 27 , 1 , 31 , 35.4838709677419 , 25.2258064516129 
09-Jan-2004 09:46,200201,STANSTED,ITALY,ANCONA,RYANAIR,D,S, 30 , 0 , 63.3333333333333 , 16.6666666666667 , 10 , 6.66666666666667 , 3.33333333333333 , 0 , 29.9666666666667 , 1 , 31 , 67.741935483871 , 14.5483870967742 
09-Jan-2004 09:46,200201,STANSTED,ITALY,BERGAMO,MY TRAVEL AIRWAYS UK,A,C, 0 , 1 , 0 , 0 , 0 , 0 , 0 , 0 , 0 , 0 , 0 , 0 , 0 
09-Jan-2004 09:46,200201,STANSTED,ITALY,BOLOGNA,GO FLY LTD,A,S, 33 , 0 , 87.8787878787879 , 3.03030303030303 , 3.03030303030303 , 6.06060606060606 , 0 , 0 , 7.18181818181818 , 0 , 32 , 78.125 , 13.03125 
09-Jan-2004 09:46,200201,STANSTED,ITALY,BOLOGNA,GO FLY LTD,D,S, 33 , 0 , 75.7575757575758 , 12.1212121212121 , 3.03030303030303 , 9.09090909090909 , 0 , 0 , 14.3333333333333 , 0 , 32 , 75 , 16.5625 
09-Jan-2004 09:46,200201,STANSTED,ITALY,BRESCIA/MONTICHIARI,RYANAIR,A,S, 58 , 0 , 46.551724137931 , 18.9655172413793 , 13.7931034482759 , 18.9655172413793 , 1.72413793103448 , 0 , 38.8448275862069 , 3 , 51 , 66.6666666666667 , 25.3333333333333 
09-Jan-2004 09:46,200201,STANSTED,ITALY,BRESCIA/MONTICHIARI,RYANAIR,D,S, 59 , 0 , 69.4915254237288 , 20.3389830508475 , 8.47457627118644 , 1.69491525423729 , 0 , 0 , 14.0677966101695 , 1 , 52 , 86.5384615384615 , 11 
09-Jan-2004 09:46,200201,STANSTED,ITALY,CAGLIARI (ELMAS),EUROPEAN AIR CHARTER,A,C, 0 , 0 , 0 , 0 , 0 , 0 , 0 , 0 , 0 , 0 , 1 , 100 , 2 
09-Jan-2004 09:46,200201,STANSTED,ITALY,FORLI,RYANAIR,A,S, 31 , 0 , 51.6129032258064 , 9.67741935483871 , 19.3548387096774 , 12.9032258064516 , 6.45161290322581 , 0 , 38.1612903225806 , 0 , 0 , 0 , 0 
09-Jan-2004 09:46,200201,STANSTED,ITALY,FORLI,RYANAIR,D,S, 31 , 0 , 25.8064516129032 , 25.8064516129032 , 32.258064516129 , 16.1290322580645 , 0 , 0 , 38.5483870967742 , 0 , 0 , 0 , 0 
09-Jan-2004 09:46,200201,STANSTED,ITALY,GENOA,RYANAIR,A,S, 57 , 1 , 73.6842105263158 , 0 , 8.7719298245614 , 12.280701754386 , 1.75438596491228 , 3.50877192982456 , 35.0526315789474 , 1 , 44 , 93.1818181818182 , 3.04545454545455 
09-Jan-2004 09:46,200201,STANSTED,ITALY,GENOA,RYANAIR,D,S, 55 , 0 , 69.0909090909091 , 16.3636363636364 , 9.09090909090909 , 5.45454545454545 , 0 , 0 , 17.5636363636364 , 2 , 47 , 74.468085106383 , 12.7021276595745 
09-Jan-2004 09:46,200201,STANSTED,ITALY,MILAN (LINATE),GO FLY LTD,A,S, 30 , 0 , 76.6666666666667 , 6.66666666666667 , 6.66666666666667 , 3.33333333333333 , 6.66666666666667 , 0 , 20.7 , 0 , 30 , 90 , 3.16666666666667 
09-Jan-2004 09:46,200201,STANSTED,ITALY,MILAN (LINATE),GO FLY LTD,D,S, 30 , 0 , 66.6666666666667 , 13.3333333333333 , 3.33333333333333 , 10 , 6.66666666666667 , 0 , 28.3333333333333 , 0 , 31 , 80.6451612903226 , 12.2258064516129 
09-Jan-2004 09:46,200201,STANSTED,ITALY,MILAN (LINATE),KLM UK LTD,A,S, 70 , 0 , 78.5714285714286 , 4.28571428571429 , 5.71428571428571 , 7.14285714285714 , 2.85714285714286 , 1.42857142857143 , 25.8857142857143 , 4 , 67 , 83.5820895522388 , 11 
09-Jan-2004 09:46,200201,STANSTED,ITALY,MILAN (LINATE),KLM UK LTD,D,S, 70 , 1 , 74.2857142857143 , 7.14285714285714 , 7.14285714285714 , 8.57142857142857 , 2.85714285714286 , 0 , 23.7142857142857 , 3 , 70 , 72.8571428571429 , 17.1285714285714 
09-Jan-2004 09:46,200201,STANSTED,ITALY,MILAN (MALPENSA),COUGAR LEASING LTD,A,C, 4 , 0 , 0 , 25 , 0 , 75 , 0 , 0 , 106.25 , 0 , 0 , 0 , 0 
09-Jan-2004 09:46,200201,STANSTED,ITALY,MILAN (MALPENSA),COUGAR LEASING LTD,D,C, 4 , 0 , 0 , 0 , 25 , 50 , 25 , 0 , 161 , 0 , 0 , 0 , 0 
09-Jan-2004 09:46,200201,STANSTED,ITALY,MILAN (MALPENSA),GO FLY LTD,A,S, 0 , 0 , 0 , 0 , 0 , 0 , 0 , 0 , 0 , 0 , 52 , 80.7692307692308 , 9.73076923076923 
09-Jan-2004 09:46,200201,STANSTED,ITALY,MILAN (MALPENSA),GO FLY LTD,D,S, 0 , 0 , 0 , 0 , 0 , 0 , 0 , 0 , 0 , 0 , 52 , 84.6153846153846 , 9.09615384615385 
09-Jan-2004 09:46,200201,STANSTED,ITALY,NAPLES,GO FLY LTD,A,S, 31 , 0 , 74.1935483870968 , 9.67741935483871 , 6.45161290322581 , 9.67741935483871 , 0 , 0 , 17.9354838709677 , 0 , 31 , 100 , 0.354838709677419 
09-Jan-2004 09:46,200201,STANSTED,ITALY,NAPLES,GO FLY LTD,D,S, 31 , 0 , 77.4193548387097 , 16.1290322580645 , 0 , 6.45161290322581 , 0 , 0 , 16.0967741935484 , 0 , 31 , 87.0967741935484 , 8.67741935483871 
09-Jan-2004 09:46,200201,STANSTED,ITALY,OLBIA,EUROPEAN AIR CHARTER,A,C, 2 , 0 , 100 , 0 , 0 , 0 , 0 , 0 , 0 , 0 , 0 , 0 , 0 
09-Jan-2004 09:46,200201,STANSTED,ITALY,OLBIA,EUROPEAN AIR CHARTER,D,C, 1 , 1 , 100 , 0 , 0 , 0 , 0 , 0 , 10 , 0 , 0 , 0 , 0 
09-Jan-2004 09:46,200201,STANSTED,ITALY,PESCARA,RYANAIR,A,S, 28 , 1 , 71.4285714285714 , 10.7142857142857 , 14.2857142857143 , 0 , 3.57142857142857 , 0 , 17.8214285714286 , 1 , 0 , 0 , 0 
09-Jan-2004 09:46,200201,STANSTED,ITALY,PESCARA,RYANAIR,D,S, 30 , 0 , 56.6666666666667 , 26.6666666666667 , 13.3333333333333 , 0 , 3.33333333333333 , 0 , 22.1666666666667 , 1 , 0 , 0 , 0 
09-Jan-2004 09:46,200201,STANSTED,ITALY,PISA,RYANAIR,A,S, 55 , 0 , 72.7272727272727 , 14.5454545454545 , 7.27272727272727 , 5.45454545454545 , 0 , 0 , 13.0727272727273 , 6 , 59 , 86.4406779661017 , 10.3050847457627 
09-Jan-2004 09:46,200201,STANSTED,ITALY,PISA,RYANAIR,D,S, 58 , 0 , 63.7931034482759 , 31.0344827586207 , 3.44827586206897 , 1.72413793103448 , 0 , 0 , 15.3965517241379 , 1 , 59 , 64.4067796610169 , 19.9830508474576 
09-Jan-2004 09:46,200201,STANSTED,ITALY,RIMINI,RYANAIR,A,S, 0 , 0 , 0 , 0 , 0 , 0 , 0 , 0 , 0 , 0 , 30 , 56.6666666666667 , 15.9333333333333 
09-Jan-2004 09:46,200201,STANSTED,ITALY,RIMINI,RYANAIR,D,S, 0 , 0 , 0 , 0 , 0 , 0 , 0 , 0 , 0 , 0 , 30 , 80 , 9.53333333333333 
09-Jan-2004 09:46,200201,STANSTED,ITALY,ROME (CIAMPINO),GO FLY LTD,A,S, 59 , 1 , 93.2203389830508 , 0 , 5.08474576271186 , 1.69491525423729 , 0 , 0 , 4.27118644067797 , 5 , 54 , 94.4444444444444 , 4.14814814814815 
09-Jan-2004 09:46,200201,STANSTED,ITALY,ROME (CIAMPINO),GO FLY LTD,D,S, 60 , 0 , 78.3333333333333 , 15 , 5 , 1.66666666666667 , 0 , 0 , 10.2666666666667 , 0 , 54 , 74.0740740740741 , 9.46296296296296 
09-Jan-2004 09:46,200201,STANSTED,ITALY,TREVISO,RYANAIR,A,S, 84 , 0 , 66.6666666666667 , 17.8571428571429 , 3.57142857142857 , 9.52380952380952 , 2.38095238095238 , 0 , 21.1547619047619 , 2 , 49 , 91.8367346938776 , 4.81632653061224 
09-Jan-2004 09:46,200201,STANSTED,ITALY,TREVISO,RYANAIR,D,S, 84 , 0 , 57.1428571428571 , 26.1904761904762 , 10.7142857142857 , 5.95238095238095 , 0 , 0 , 19.1428571428571 , 3 , 50 , 76 , 14.02 
09-Jan-2004 09:46,200201,STANSTED,ITALY,TRIESTE (RONCHI DEI LEGIONARI),RYANAIR,A,S, 30 , 0 , 80 , 10 , 10 , 0 , 0 , 0 , 6.63333333333333 , 1 , 0 , 0 , 0 
09-Jan-2004 09:46,200201,STANSTED,ITALY,TRIESTE (RONCHI DEI LEGIONARI),RYANAIR,D,S, 31 , 0 , 74.1935483870968 , 16.1290322580645 , 6.45161290322581 , 3.2258064516129 , 0 , 0 , 11.5483870967742 , 0 , 0 , 0 , 0 
09-Jan-2004 09:46,200201,STANSTED,ITALY,TURIN,AIR 2000,A,C, 4 , 0 , 25 , 50 , 25 , 0 , 0 , 0 , 25.75 , 0 , 4 , 25 , 22 
09-Jan-2004 09:46,200201,STANSTED,ITALY,TURIN,AIR 2000,D,C, 4 , 0 , 100 , 0 , 0 , 0 , 0 , 0 , 0.25 , 0 , 4 , 75 , 9.75 
09-Jan-2004 09:46,200201,STANSTED,ITALY,TURIN,BRITISH WORLD AIRLINES LTD,A,C, 0 , 0 , 0 , 0 , 0 , 0 , 0 , 0 , 0 , 0 , 3 , 0 , 183 
09-Jan-2004 09:46,200201,STANSTED,ITALY,TURIN,BRITISH WORLD AIRLINES LTD,D,C, 0 , 0 , 0 , 0 , 0 , 0 , 0 , 0 , 0 , 0 , 4 , 25 , 123 
09-Jan-2004 09:46,200201,STANSTED,ITALY,TURIN,EUROPEAN AIR CHARTER,A,C, 1 , 0 , 0 , 0 , 100 , 0 , 0 , 0 , 35 , 0 , 0 , 0 , 0 
09-Jan-2004 09:46,200201,STANSTED,ITALY,TURIN,EUROPEAN AIR CHARTER,D,C, 1 , 0 , 100 , 0 , 0 , 0 , 0 , 0 , 2 , 0 , 0 , 0 , 0 
09-Jan-2004 09:46,200201,STANSTED,ITALY,TURIN,EXCEL AIRWAYS LTD,A,C, 4 , 0 , 100 , 0 , 0 , 0 , 0 , 0 , 3.5 , 0 , 0 , 0 , 0 
09-Jan-2004 09:46,200201,STANSTED,ITALY,TURIN,EXCEL AIRWAYS LTD,D,C, 4 , 0 , 75 , 25 , 0 , 0 , 0 , 0 , 7 , 0 , 0 , 0 , 0 
09-Jan-2004 09:46,200201,STANSTED,ITALY,TURIN,RYANAIR,A,S, 57 , 0 , 71.9298245614035 , 10.5263157894737 , 5.26315789473684 , 8.7719298245614 , 3.50877192982456 , 0 , 24.5438596491228 , 2 , 52 , 94.2307692307692 , 6.13461538461539 
09-Jan-2004 09:46,200201,STANSTED,ITALY,TURIN,RYANAIR,D,S, 58 , 0 , 53.448275862069 , 22.4137931034483 , 12.0689655172414 , 12.0689655172414 , 0 , 0 , 24.9310344827586 , 2 , 53 , 81.1320754716981 , 8.79245283018868 
09-Jan-2004 09:46,200201,STANSTED,ITALY,VENICE,GO FLY LTD,A,S, 31 , 0 , 70.9677419354839 , 9.67741935483871 , 16.1290322580645 , 3.2258064516129 , 0 , 0 , 13.2258064516129 , 0 , 32 , 84.375 , 7.40625 
09-Jan-2004 09:46,200201,STANSTED,ITALY,VENICE,GO FLY LTD,D,S, 31 , 0 , 51.6129032258064 , 29.0322580645161 , 16.1290322580645 , 3.2258064516129 , 0 , 0 , 18.258064516129 , 0 , 32 , 71.875 , 12.84375 
09-Jan-2004 09:46,200201,STANSTED,ITALY,VERONA,EUROPEAN AIR CHARTER,A,C, 4 , 0 , 100 , 0 , 0 , 0 , 0 , 0 , 10.5 , 0 , 4 , 25 , 28 
09-Jan-2004 09:46,200201,STANSTED,ITALY,VERONA,EUROPEAN AIR CHARTER,D,C, 4 , 0 , 100 , 0 , 0 , 0 , 0 , 0 , 8 , 0 , 4 , 75 , 13.25 
09-Jan-2004 09:46,200201,STANSTED,ITALY,VERONA,RYANAIR,A,S, 1 , 0 , 0 , 0 , 0 , 100 , 0 , 0 , 116 , 0 , 0 , 0 , 0 
09-Jan-2004 09:46,200201,STANSTED,ITALY,VERONA,RYANAIR,D,S, 1 , 0 , 100 , 0 , 0 , 0 , 0 , 0 , 5 , 0 , 0 , 0 , 0 
09-Jan-2004 09:46,200201,STANSTED,JORDAN,AQABA,AIR 2000,D,C, 0 , 0 , 0 , 0 , 0 , 0 , 0 , 0 , 0 , 0 , 1 , 100 , 0 
09-Jan-2004 09:46,200201,STANSTED,KAZAKHSTAN,URALSK,ORIENT EAGLE AIRWAYS,A,C, 0 , 0 , 0 , 0 , 0 , 0 , 0 , 0 , 0 , 0 , 5 , 100 , 1.4 
09-Jan-2004 09:46,200201,STANSTED,KAZAKHSTAN,URALSK,ORIENT EAGLE AIRWAYS,D,C, 0 , 0 , 0 , 0 , 0 , 0 , 0 , 0 , 0 , 0 , 5 , 0 , 40.8 
09-Jan-2004 09:46,200201,STANSTED,LUXEMBOURG,LUXEMBOURG,LUXAIR,A,S, 59 , 0 , 79.6610169491525 , 11.864406779661 , 6.77966101694915 , 1.69491525423729 , 0 , 0 , 8.35593220338983 , 0 , 48 , 93.75 , 4.64583333333333 
09-Jan-2004 09:46,200201,STANSTED,LUXEMBOURG,LUXEMBOURG,LUXAIR,D,S, 59 , 0 , 86.4406779661017 , 1.69491525423729 , 8.47457627118644 , 3.38983050847458 , 0 , 0 , 8.1864406779661 , 0 , 48 , 91.6666666666667 , 5.77083333333333 
09-Jan-2004 09:46,200201,STANSTED,MALTA,MALTA,AIR MALTA,A,S, 5 , 0 , 60 , 20 , 0 , 20 , 0 , 0 , 21.8 , 0 , 4 , 25 , 32.5 
09-Jan-2004 09:46,200201,STANSTED,MALTA,MALTA,AIR MALTA,D,S, 5 , 0 , 20 , 20 , 40 , 20 , 0 , 0 , 36.4 , 0 , 4 , 25 , 51 
09-Jan-2004 09:46,200201,STANSTED,MOROCCO,AGADIR,COUGAR LEASING LTD,A,C, 1 , 0 , 100 , 0 , 0 , 0 , 0 , 0 , 0 , 0 , 0 , 0 , 0 
09-Jan-2004 09:46,200201,STANSTED,MOROCCO,MARRAKESH,ROYAL AIR MAROC,A,S, 4 , 0 , 75 , 25 , 0 , 0 , 0 , 0 , 7.75 , 0 , 9 , 66.6666666666667 , 10.1111111111111 
09-Jan-2004 09:46,200201,STANSTED,MOROCCO,MARRAKESH,ROYAL AIR MAROC,D,S, 4 , 0 , 75 , 0 , 25 , 0 , 0 , 0 , 9.75 , 0 , 9 , 77.7777777777778 , 11.4444444444444 
09-Jan-2004 09:46,200201,STANSTED,NETHERLANDS,AMSTERDAM,EASYJET AIRLINE COMPANY LTD,A,S, 0 , 1 , 0 , 0 , 0 , 0 , 0 , 0 , 0 , 0 , 0 , 0 , 0 
09-Jan-2004 09:46,200201,STANSTED,NETHERLANDS,AMSTERDAM,KLM UK LTD,A,S, 182 , 2 , 64.2857142857143 , 7.14285714285714 , 13.1868131868132 , 13.7362637362637 , 1.64835164835165 , 0 , 26.2362637362637 , 2 , 207 , 74.3961352657005 , 15.5893719806763 
09-Jan-2004 09:46,200201,STANSTED,NETHERLANDS,AMSTERDAM,KLM UK LTD,D,S, 181 , 0 , 55.8011049723757 , 16.0220994475138 , 9.39226519337017 , 18.232044198895 , 0 , 0.552486187845304 , 29.3867403314917 , 2 , 206 , 71.8446601941748 , 20.6650485436893 
09-Jan-2004 09:46,200201,STANSTED,NETHERLANDS,EINDHOVEN,KLM EXEL,A,S, 66 , 0 , 69.6969696969697 , 10.6060606060606 , 10.6060606060606 , 9.09090909090909 , 0 , 0 , 17.9242424242424 , 1 , 63 , 65.0793650793651 , 19.0952380952381 
09-Jan-2004 09:46,200201,STANSTED,NETHERLANDS,EINDHOVEN,KLM EXEL,D,S, 64 , 0 , 75 , 10.9375 , 9.375 , 4.6875 , 0 , 0 , 14.171875 , 3 , 63 , 80.9523809523809 , 16.9047619047619 
09-Jan-2004 09:46,200201,STANSTED,NETHERLANDS,MAASTRICHT,AIR JET,A,C, 0 , 0 , 0 , 0 , 0 , 0 , 0 , 0 , 0 , 0 , 1 , 0 , 17 
09-Jan-2004 09:46,200201,STANSTED,NETHERLANDS,MAASTRICHT,AIR JET,D,C, 0 , 0 , 0 , 0 , 0 , 0 , 0 , 0 , 0 , 0 , 1 , 0 , 23 
09-Jan-2004 09:46,200201,STANSTED,NETHERLANDS,MAASTRICHT,KLM EXEL,A,S, 69 , 0 , 79.7101449275362 , 4.34782608695652 , 7.2463768115942 , 8.69565217391304 , 0 , 0 , 13.2898550724638 , 1 , 93 , 58.0645161290323 , 22.9462365591398 
09-Jan-2004 09:46,200201,STANSTED,NETHERLANDS,MAASTRICHT,KLM EXEL,D,S, 68 , 3 , 82.3529411764706 , 4.41176470588235 , 7.35294117647059 , 5.88235294117647 , 0 , 0 , 11.7794117647059 , 0 , 91 , 67.032967032967 , 18.1098901098901 
09-Jan-2004 09:46,200201,STANSTED,NORWAY,SANDEFJORD(TORP),RYANAIR,A,S, 55 , 0 , 69.0909090909091 , 12.7272727272727 , 9.09090909090909 , 7.27272727272727 , 1.81818181818182 , 0 , 23.9272727272727 , 1 , 52 , 75 , 36.5576923076923 
09-Jan-2004 09:46,200201,STANSTED,NORWAY,SANDEFJORD(TORP),RYANAIR,D,S, 56 , 0 , 58.9285714285714 , 21.4285714285714 , 16.0714285714286 , 3.57142857142857 , 0 , 0 , 18.25 , 0 , 53 , 56.6037735849057 , 17.9245283018868 
09-Jan-2004 09:46,200201,STANSTED,PORTUGAL(EXCLUDING MADEIRA),FARO,AIR 2000,A,C, 0 , 0 , 0 , 0 , 0 , 0 , 0 , 0 , 0 , 0 , 1 , 100 , 6 
09-Jan-2004 09:46,200201,STANSTED,PORTUGAL(EXCLUDING MADEIRA),FARO,AIR 2000,D,C, 0 , 1 , 0 , 0 , 0 , 0 , 0 , 0 , 0 , 0 , 1 , 100 , 0 
09-Jan-2004 09:46,200201,STANSTED,PORTUGAL(EXCLUDING MADEIRA),FARO,EUROPEAN AIR CHARTER,A,C, 0 , 0 , 0 , 0 , 0 , 0 , 0 , 0 , 0 , 0 , 1 , 100 , 0 
09-Jan-2004 09:46,200201,STANSTED,PORTUGAL(EXCLUDING MADEIRA),FARO,EUROPEAN AIR CHARTER,D,C, 0 , 0 , 0 , 0 , 0 , 0 , 0 , 0 , 0 , 0 , 1 , 100 , 6 
09-Jan-2004 09:46,200201,STANSTED,PORTUGAL(EXCLUDING MADEIRA),FARO,GO FLY LTD,A,S, 33 , 0 , 90.9090909090909 , 6.06060606060606 , 0 , 3.03030303030303 , 0 , 0 , 5.90909090909091 , 0 , 17 , 88.2352941176471 , 5.70588235294118 
09-Jan-2004 09:46,200201,STANSTED,PORTUGAL(EXCLUDING MADEIRA),FARO,GO FLY LTD,D,S, 33 , 0 , 63.6363636363636 , 18.1818181818182 , 15.1515151515152 , 3.03030303030303 , 0 , 0 , 16.8484848484848 , 0 , 17 , 82.3529411764706 , 9.82352941176471 
09-Jan-2004 09:46,200201,STANSTED,PORTUGAL(EXCLUDING MADEIRA),FARO,MY TRAVEL AIRWAYS UK,A,C, 0 , 0 , 0 , 0 , 0 , 0 , 0 , 0 , 0 , 0 , 1 , 100 , 2 
09-Jan-2004 09:46,200201,STANSTED,PORTUGAL(EXCLUDING MADEIRA),FARO,MY TRAVEL AIRWAYS UK,D,C, 0 , 0 , 0 , 0 , 0 , 0 , 0 , 0 , 0 , 0 , 1 , 100 , 0 
09-Jan-2004 09:46,200201,STANSTED,PORTUGAL(EXCLUDING MADEIRA),LISBON,GO FLY LTD,A,S, 0 , 0 , 0 , 0 , 0 , 0 , 0 , 0 , 0 , 0 , 32 , 93.75 , 5.6875 
09-Jan-2004 09:46,200201,STANSTED,PORTUGAL(EXCLUDING MADEIRA),LISBON,GO FLY LTD,D,S, 0 , 0 , 0 , 0 , 0 , 0 , 0 , 0 , 0 , 0 , 32 , 87.5 , 9.625 
09-Jan-2004 09:46,200201,STANSTED,REPUBLIC OF SOUTH AFRICA,CAPE TOWN,MONARCH AIRLINES,A,C, 1 , 0 , 0 , 0 , 100 , 0 , 0 , 0 , 56 , 0 , 0 , 0 , 0 
09-Jan-2004 09:46,200201,STANSTED,REPUBLIC OF SOUTH AFRICA,CAPE TOWN,MONARCH AIRLINES,D,C, 1 , 0 , 0 , 0 , 100 , 0 , 0 , 0 , 45 , 0 , 0 , 0 , 0 
09-Jan-2004 09:46,200201,STANSTED,RUSSIA,SAMARA/KUYBYSHEV,COUGAR LEASING LTD,A,C, 4 , 0 , 0 , 0 , 0 , 75 , 25 , 0 , 166 , 0 , 0 , 0 , 0 
09-Jan-2004 09:46,200201,STANSTED,RUSSIA,SAMARA/KUYBYSHEV,COUGAR LEASING LTD,D,C, 5 , 0 , 0 , 20 , 40 , 20 , 0 , 20 , 362.6 , 0 , 0 , 0 , 0 
09-Jan-2004 09:46,200201,STANSTED,SPAIN,ALICANTE,AIR 2000,A,S, 0 , 1 , 0 , 0 , 0 , 0 , 0 , 0 , 0 , 0 , 0 , 0 , 0 
09-Jan-2004 09:46,200201,STANSTED,SPAIN,ALICANTE,BRITANNIA AIRWAYS,A,C, 5 , 0 , 40 , 40 , 20 , 0 , 0 , 0 , 17.2 , 0 , 4 , 75 , 7.75 
09-Jan-2004 09:46,200201,STANSTED,SPAIN,ALICANTE,BRITANNIA AIRWAYS,D,C, 5 , 0 , 80 , 20 , 0 , 0 , 0 , 0 , 8.4 , 0 , 4 , 75 , 11.75 
09-Jan-2004 09:46,200201,STANSTED,SPAIN,ALICANTE,GO FLY LTD,A,S, 34 , 0 , 76.4705882352941 , 2.94117647058824 , 11.7647058823529 , 8.82352941176471 , 0 , 0 , 17.2058823529412 , 0 , 19 , 84.2105263157895 , 5.36842105263158 
09-Jan-2004 09:46,200201,STANSTED,SPAIN,ALICANTE,GO FLY LTD,D,S, 34 , 0 , 52.9411764705882 , 23.5294117647059 , 11.7647058823529 , 11.7647058823529 , 0 , 0 , 24.6470588235294 , 0 , 19 , 73.6842105263158 , 10.6315789473684 
09-Jan-2004 09:46,200201,STANSTED,SPAIN,ALICANTE,MY TRAVEL AIRWAYS UK,A,C, 1 , 1 , 100 , 0 , 0 , 0 , 0 , 0 , 3 , 0 , 1 , 100 , 10 
09-Jan-2004 09:46,200201,STANSTED,SPAIN,ALICANTE,MY TRAVEL AIRWAYS UK,D,C, 1 , 0 , 100 , 0 , 0 , 0 , 0 , 0 , 1 , 0 , 1 , 100 , 1 
09-Jan-2004 09:46,200201,STANSTED,SPAIN,ASTURIAS,EUROPEAN AIR CHARTER,D,C, 0 , 0 , 0 , 0 , 0 , 0 , 0 , 0 , 0 , 0 , 1 , 100 , 0 
09-Jan-2004 09:46,200201,STANSTED,SPAIN,BARCELONA,GO FLY LTD,A,S, 63 , 0 , 84.1269841269841 , 6.34920634920635 , 1.58730158730159 , 7.93650793650794 , 0 , 0 , 13.7301587301587 , 0 , 62 , 91.9354838709677 , 5.54838709677419 
09-Jan-2004 09:46,200201,STANSTED,SPAIN,BARCELONA,GO FLY LTD,D,S, 63 , 0 , 60.3174603174603 , 22.2222222222222 , 9.52380952380952 , 6.34920634920635 , 1.58730158730159 , 0 , 21.4920634920635 , 0 , 62 , 72.5806451612903 , 13.9354838709677 
09-Jan-2004 09:46,200201,STANSTED,SPAIN,BILBAO,GO FLY LTD,A,S, 31 , 0 , 87.0967741935484 , 6.45161290322581 , 6.45161290322581 , 0 , 0 , 0 , 5.87096774193548 , 0 , 31 , 87.0967741935484 , 8.7741935483871 
09-Jan-2004 09:46,200201,STANSTED,SPAIN,BILBAO,GO FLY LTD,D,S, 31 , 0 , 74.1935483870968 , 22.5806451612903 , 3.2258064516129 , 0 , 0 , 0 , 9.2258064516129 , 0 , 31 , 77.4193548387097 , 12.0967741935484 
09-Jan-2004 09:46,200201,STANSTED,SPAIN,JEREZ,KLM UK LTD,A,S, 7 , 0 , 57.1428571428571 , 0 , 42.8571428571429 , 0 , 0 , 0 , 22.1428571428571 , 0 , 0 , 0 , 0 
09-Jan-2004 09:46,200201,STANSTED,SPAIN,JEREZ,KLM UK LTD,D,S, 7 , 0 , 57.1428571428571 , 14.2857142857143 , 28.5714285714286 , 0 , 0 , 0 , 21 , 0 , 0 , 0 , 0 
09-Jan-2004 09:46,200201,STANSTED,SPAIN,MADRID,EASYJET AIRLINE COMPANY LTD,A,S, 0 , 1 , 0 , 0 , 0 , 0 , 0 , 0 , 0 , 0 , 0 , 0 , 0 
09-Jan-2004 09:46,200201,STANSTED,SPAIN,MADRID,GO FLY LTD,A,S, 0 , 0 , 0 , 0 , 0 , 0 , 0 , 0 , 0 , 0 , 62 , 82.258064516129 , 8.29032258064516 
09-Jan-2004 09:46,200201,STANSTED,SPAIN,MADRID,GO FLY LTD,D,S, 0 , 0 , 0 , 0 , 0 , 0 , 0 , 0 , 0 , 0 , 62 , 83.8709677419355 , 10.2258064516129 
09-Jan-2004 09:46,200201,STANSTED,SPAIN,MALAGA,BRITANNIA AIRWAYS,A,C, 4 , 0 , 25 , 25 , 25 , 25 , 0 , 0 , 30.25 , 0 , 4 , 50 , 13.5 
09-Jan-2004 09:46,200201,STANSTED,SPAIN,MALAGA,BRITANNIA AIRWAYS,D,C, 4 , 0 , 75 , 25 , 0 , 0 , 0 , 0 , 6.5 , 0 , 4 , 100 , 1.75 
09-Jan-2004 09:46,200201,STANSTED,SPAIN,MALAGA,GO FLY LTD,A,S, 62 , 0 , 90.3225806451613 , 3.2258064516129 , 6.45161290322581 , 0 , 0 , 0 , 3.87096774193548 , 0 , 46 , 97.8260869565217 , 2.02173913043478 
09-Jan-2004 09:46,200201,STANSTED,SPAIN,MALAGA,GO FLY LTD,D,S, 62 , 0 , 72.5806451612903 , 24.1935483870968 , 3.2258064516129 , 0 , 0 , 0 , 11.3548387096774 , 0 , 46 , 82.6086956521739 , 8.56521739130435 
09-Jan-2004 09:46,200201,STANSTED,SPAIN,MALAGA,MY TRAVEL AIRWAYS UK,A,C, 1 , 1 , 0 , 0 , 0 , 100 , 0 , 0 , 75 , 0 , 1 , 100 , 0 
09-Jan-2004 09:46,200201,STANSTED,SPAIN,MALAGA,MY TRAVEL AIRWAYS UK,D,C, 1 , 0 , 100 , 0 , 0 , 0 , 0 , 0 , 8 , 0 , 1 , 100 , 2 
09-Jan-2004 09:46,200201,STANSTED,SPAIN,MURCIA SAN JAVIER,KLM UK LTD,A,S, 18 , 0 , 66.6666666666667 , 16.6666666666667 , 11.1111111111111 , 5.55555555555556 , 0 , 0 , 17.9444444444444 , 0 , 0 , 0 , 0 
09-Jan-2004 09:46,200201,STANSTED,SPAIN,MURCIA SAN JAVIER,KLM UK LTD,D,S, 18 , 0 , 77.7777777777778 , 11.1111111111111 , 5.55555555555556 , 5.55555555555556 , 0 , 0 , 13.8333333333333 , 0 , 0 , 0 , 0 
09-Jan-2004 09:46,200201,STANSTED,SPAIN,PALMA DE MALLORCA,BRITANNIA AIRWAYS,A,C, 0 , 0 , 0 , 0 , 0 , 0 , 0 , 0 , 0 , 0 , 5 , 100 , 5.4 
09-Jan-2004 09:46,200201,STANSTED,SPAIN,PALMA DE MALLORCA,BRITANNIA AIRWAYS,D,C, 0 , 0 , 0 , 0 , 0 , 0 , 0 , 0 , 0 , 0 , 5 , 100 , 3.4 
09-Jan-2004 09:46,200201,STANSTED,SPAIN(CANARY ISLANDS),ARRECIFE,AIR 2000,A,S, 5 , 0 , 40 , 60 , 0 , 0 , 0 , 0 , 16.8 , 0 , 4 , 0 , 54.5 
09-Jan-2004 09:46,200201,STANSTED,SPAIN(CANARY ISLANDS),ARRECIFE,AIR 2000,D,S, 5 , 0 , 80 , 20 , 0 , 0 , 0 , 0 , 8.2 , 0 , 4 , 100 , 3.5 
09-Jan-2004 09:46,200201,STANSTED,SPAIN(CANARY ISLANDS),ARRECIFE,BRITANNIA AIRWAYS,A,C, 5 , 0 , 60 , 20 , 0 , 20 , 0 , 0 , 20.6 , 0 , 4 , 75 , 9.5 
09-Jan-2004 09:46,200201,STANSTED,SPAIN(CANARY ISLANDS),ARRECIFE,BRITANNIA AIRWAYS,D,C, 5 , 0 , 80 , 0 , 20 , 0 , 0 , 0 , 12 , 0 , 4 , 50 , 14.25 
09-Jan-2004 09:46,200201,STANSTED,SPAIN(CANARY ISLANDS),ARRECIFE,MY TRAVEL AIRWAYS UK,A,C, 4 , 0 , 75 , 0 , 0 , 25 , 0 , 0 , 35.5 , 0 , 5 , 60 , 9.8 
09-Jan-2004 09:46,200201,STANSTED,SPAIN(CANARY ISLANDS),ARRECIFE,MY TRAVEL AIRWAYS UK,D,C, 4 , 0 , 75 , 0 , 25 , 0 , 0 , 0 , 11.25 , 0 , 5 , 60 , 9.6 
09-Jan-2004 09:46,200201,STANSTED,SPAIN(CANARY ISLANDS),FUERTEVENTURA,BRITANNIA AIRWAYS,A,C, 5 , 0 , 80 , 0 , 0 , 20 , 0 , 0 , 21.8 , 0 , 0 , 0 , 0 
09-Jan-2004 09:46,200201,STANSTED,SPAIN(CANARY ISLANDS),FUERTEVENTURA,BRITANNIA AIRWAYS,D,C, 5 , 0 , 80 , 0 , 0 , 20 , 0 , 0 , 17.4 , 0 , 0 , 0 , 0 
09-Jan-2004 09:46,200201,STANSTED,SPAIN(CANARY ISLANDS),FUERTEVENTURA,MY TRAVEL AIRWAYS UK,A,C, 5 , 0 , 100 , 0 , 0 , 0 , 0 , 0 , 2.4 , 0 , 5 , 100 , 3.2 
09-Jan-2004 09:46,200201,STANSTED,SPAIN(CANARY ISLANDS),FUERTEVENTURA,MY TRAVEL AIRWAYS UK,D,C, 5 , 1 , 80 , 0 , 20 , 0 , 0 , 0 , 11 , 0 , 5 , 60 , 11.6 
09-Jan-2004 09:46,200201,STANSTED,SPAIN(CANARY ISLANDS),LAS PALMAS,AIR 2000,A,C, 2 , 0 , 0 , 50 , 50 , 0 , 0 , 0 , 28 , 0 , 5 , 80 , 5.6 
09-Jan-2004 09:46,200201,STANSTED,SPAIN(CANARY ISLANDS),LAS PALMAS,AIR 2000,D,C, 2 , 0 , 100 , 0 , 0 , 0 , 0 , 0 , 3.5 , 0 , 5 , 80 , 6.2 
09-Jan-2004 09:46,200201,STANSTED,SPAIN(CANARY ISLANDS),LAS PALMAS,BRITANNIA AIRWAYS,A,C, 3 , 0 , 66.6666666666667 , 33.3333333333333 , 0 , 0 , 0 , 0 , 11.6666666666667 , 0 , 5 , 20 , 27 
09-Jan-2004 09:46,200201,STANSTED,SPAIN(CANARY ISLANDS),LAS PALMAS,BRITANNIA AIRWAYS,D,C, 3 , 0 , 66.6666666666667 , 33.3333333333333 , 0 , 0 , 0 , 0 , 5.66666666666667 , 0 , 5 , 60 , 8 
09-Jan-2004 09:46,200201,STANSTED,SPAIN(CANARY ISLANDS),LAS PALMAS,MY TRAVEL AIRWAYS UK,A,C, 4 , 0 , 75 , 25 , 0 , 0 , 0 , 0 , 8.5 , 0 , 4 , 100 , 0.75 
09-Jan-2004 09:46,200201,STANSTED,SPAIN(CANARY ISLANDS),LAS PALMAS,MY TRAVEL AIRWAYS UK,D,C, 4 , 1 , 100 , 0 , 0 , 0 , 0 , 0 , 4 , 0 , 4 , 100 , 1 
09-Jan-2004 09:46,200201,STANSTED,SPAIN(CANARY ISLANDS),TENERIFE (SURREINA SOFIA),AIR 2000,A,S, 10 , 0 , 40 , 40 , 20 , 0 , 0 , 0 , 19.8 , 0 , 10 , 20 , 35 
09-Jan-2004 09:46,200201,STANSTED,SPAIN(CANARY ISLANDS),TENERIFE (SURREINA SOFIA),AIR 2000,D,S, 10 , 0 , 100 , 0 , 0 , 0 , 0 , 0 , 5.6 , 0 , 10 , 70 , 13.3 
09-Jan-2004 09:46,200201,STANSTED,SPAIN(CANARY ISLANDS),TENERIFE (SURREINA SOFIA),BRITANNIA AIRWAYS,A,C, 8 , 0 , 37.5 , 37.5 , 25 , 0 , 0 , 0 , 21 , 0 , 9 , 66.6666666666667 , 17.4444444444444 
09-Jan-2004 09:46,200201,STANSTED,SPAIN(CANARY ISLANDS),TENERIFE (SURREINA SOFIA),BRITANNIA AIRWAYS,D,C, 8 , 0 , 50 , 12.5 , 37.5 , 0 , 0 , 0 , 23.875 , 0 , 9 , 88.8888888888889 , 8.33333333333333 
09-Jan-2004 09:46,200201,STANSTED,SPAIN(CANARY ISLANDS),TENERIFE (SURREINA SOFIA),GO FLY LTD,A,S, 0 , 0 , 0 , 0 , 0 , 0 , 0 , 0 , 0 , 0 , 18 , 66.6666666666667 , 10 
09-Jan-2004 09:46,200201,STANSTED,SPAIN(CANARY ISLANDS),TENERIFE (SURREINA SOFIA),GO FLY LTD,D,S, 0 , 0 , 0 , 0 , 0 , 0 , 0 , 0 , 0 , 0 , 19 , 84.2105263157895 , 7.68421052631579 
09-Jan-2004 09:46,200201,STANSTED,SPAIN(CANARY ISLANDS),TENERIFE (SURREINA SOFIA),MONARCH AIRLINES,D,C, 1 , 0 , 100 , 0 , 0 , 0 , 0 , 0 , 11 , 0 , 0 , 0 , 0 
09-Jan-2004 09:46,200201,STANSTED,SPAIN(CANARY ISLANDS),TENERIFE (SURREINA SOFIA),MY TRAVEL AIRWAYS UK,A,C, 9 , 0 , 100 , 0 , 0 , 0 , 0 , 0 , 1.66666666666667 , 0 , 9 , 55.5555555555556 , 32.7777777777778 
09-Jan-2004 09:46,200201,STANSTED,SPAIN(CANARY ISLANDS),TENERIFE (SURREINA SOFIA),MY TRAVEL AIRWAYS UK,D,C, 9 , 0 , 100 , 0 , 0 , 0 , 0 , 0 , 1.44444444444444 , 0 , 9 , 77.7777777777778 , 28.5555555555556 
09-Jan-2004 09:46,200201,STANSTED,SPAIN(CANARY ISLANDS),TENERIFE (SURREINA SOFIA),TITAN AIRWAYS LTD,A,C, 0 , 2 , 0 , 0 , 0 , 0 , 0 , 0 , 0 , 0 , 0 , 0 , 0 
09-Jan-2004 09:46,200201,STANSTED,SPAIN(CANARY ISLANDS),TENERIFE (SURREINA SOFIA),TITAN AIRWAYS LTD,D,C, 0 , 1 , 0 , 0 , 0 , 0 , 0 , 0 , 0 , 0 , 0 , 0 , 0 
09-Jan-2004 09:46,200201,STANSTED,SWEDEN,GOTEBORG,RYANAIR,A,S, 1 , 0 , 0 , 0 , 0 , 100 , 0 , 0 , 125 , 0 , 0 , 0 , 0 
09-Jan-2004 09:46,200201,STANSTED,SWEDEN,GOTEBORG (SAVE),RYANAIR,A,S, 52 , 0 , 48.0769230769231 , 25 , 19.2307692307692 , 5.76923076923077 , 1.92307692307692 , 0 , 24.7692307692308 , 0 , 0 , 0 , 0 
09-Jan-2004 09:46,200201,STANSTED,SWEDEN,GOTEBORG (SAVE),RYANAIR,D,S, 53 , 0 , 45.2830188679245 , 39.622641509434 , 9.43396226415094 , 3.77358490566038 , 1.88679245283019 , 0 , 21.2641509433962 , 0 , 0 , 0 , 0 
09-Jan-2004 09:46,200201,STANSTED,SWEDEN,KRISTIANSTAD,RYANAIR,A,S, 0 , 0 , 0 , 0 , 0 , 0 , 0 , 0 , 0 , 0 , 31 , 83.8709677419355 , 6.48387096774194 
09-Jan-2004 09:46,200201,STANSTED,SWEDEN,KRISTIANSTAD,RYANAIR,D,S, 0 , 0 , 0 , 0 , 0 , 0 , 0 , 0 , 0 , 0 , 31 , 87.0967741935484 , 6.93548387096774 
09-Jan-2004 09:46,200201,STANSTED,SWEDEN,MALMO,RYANAIR,A,S, 54 , 0 , 77.7777777777778 , 3.7037037037037 , 11.1111111111111 , 7.40740740740741 , 0 , 0 , 10.7407407407407 , 0 , 47 , 89.3617021276596 , 4.04255319148936 
09-Jan-2004 09:46,200201,STANSTED,SWEDEN,MALMO,RYANAIR,D,S, 54 , 0 , 72.2222222222222 , 9.25925925925926 , 11.1111111111111 , 7.40740740740741 , 0 , 0 , 19.9444444444444 , 0 , 50 , 64 , 16.78 
09-Jan-2004 09:46,200201,STANSTED,SWEDEN,STOCKHOLM (ARLANDA),SAS,A,S, 0 , 1 , 0 , 0 , 0 , 0 , 0 , 0 , 0 , 0 , 36 , 66.6666666666667 , 12.3611111111111 
09-Jan-2004 09:46,200201,STANSTED,SWEDEN,STOCKHOLM (ARLANDA),SAS,D,S, 0 , 0 , 0 , 0 , 0 , 0 , 0 , 0 , 0 , 0 , 36 , 83.3333333333333 , 9.38888888888889 
09-Jan-2004 09:46,200201,STANSTED,SWEDEN,STOCKHOLM (SKAVSTA),RYANAIR,A,S, 83 , 0 , 54.2168674698795 , 18.0722891566265 , 14.4578313253012 , 13.2530120481928 , 0 , 0 , 23.144578313253 , 1 , 77 , 77.9220779220779 , 10.6103896103896 
09-Jan-2004 09:46,200201,STANSTED,SWEDEN,STOCKHOLM (SKAVSTA),RYANAIR,D,S, 84 , 0 , 60.7142857142857 , 23.8095238095238 , 9.52380952380952 , 5.95238095238095 , 0 , 0 , 18.3928571428571 , 0 , 78 , 74.3589743589744 , 11.0128205128205 
09-Jan-2004 09:46,200201,STANSTED,SWEDEN,VASTERAS,RYANAIR,A,S, 31 , 0 , 22.5806451612903 , 45.1612903225806 , 22.5806451612903 , 6.45161290322581 , 3.2258064516129 , 0 , 35.6774193548387 , 0 , 0 , 0 , 0 
09-Jan-2004 09:46,200201,STANSTED,SWEDEN,VASTERAS,RYANAIR,D,S, 31 , 0 , 54.8387096774194 , 32.258064516129 , 12.9032258064516 , 0 , 0 , 0 , 15.7096774193548 , 0 , 0 , 0 , 0 
09-Jan-2004 09:46,200201,STANSTED,SWITZERLAND,GENEVA,BRITANNIA AIRWAYS,A,C, 0 , 1 , 0 , 0 , 0 , 0 , 0 , 0 , 0 , 0 , 0 , 0 , 0 
09-Jan-2004 09:46,200201,STANSTED,SWITZERLAND,GENEVA,EASYJET SWITZERLAND,A,S, 0 , 2 , 0 , 0 , 0 , 0 , 0 , 0 , 0 , 0 , 31 , 64.5161290322581 , 23.9354838709677 
09-Jan-2004 09:46,200201,STANSTED,SWITZERLAND,GENEVA,EASYJET SWITZERLAND,D,S, 0 , 0 , 0 , 0 , 0 , 0 , 0 , 0 , 0 , 0 , 31 , 48.3870967741935 , 29.7096774193548 
09-Jan-2004 09:46,200201,STANSTED,SWITZERLAND,GENEVA,EUROPEAN AIR CHARTER,A,C, 8 , 0 , 0 , 75 , 12.5 , 12.5 , 0 , 0 , 31.125 , 0 , 4 , 0 , 23 
09-Jan-2004 09:46,200201,STANSTED,SWITZERLAND,GENEVA,EUROPEAN AIR CHARTER,D,C, 8 , 0 , 100 , 0 , 0 , 0 , 0 , 0 , 5.125 , 0 , 4 , 25 , 18 
09-Jan-2004 09:46,200201,STANSTED,SWITZERLAND,GENEVA,GO FLY LTD,A,C, 1 , 0 , 0 , 100 , 0 , 0 , 0 , 0 , 26 , 0 , 4 , 100 , 3.75 
09-Jan-2004 09:46,200201,STANSTED,SWITZERLAND,GENEVA,GO FLY LTD,D,C, 0 , 0 , 0 , 0 , 0 , 0 , 0 , 0 , 0 , 0 , 4 , 100 , 11 
09-Jan-2004 09:46,200201,STANSTED,SWITZERLAND,GENEVA,KLM UK LTD,A,S, 8 , 0 , 87.5 , 12.5 , 0 , 0 , 0 , 0 , 8.5 , 0 , 4 , 100 , 3.5 
09-Jan-2004 09:46,200201,STANSTED,SWITZERLAND,GENEVA,KLM UK LTD,D,S, 8 , 0 , 75 , 25 , 0 , 0 , 0 , 0 , 7 , 0 , 4 , 100 , 8 
09-Jan-2004 09:46,200201,STANSTED,SWITZERLAND,GENEVA,MONARCH AIRLINES,A,C, 4 , 0 , 0 , 25 , 50 , 25 , 0 , 0 , 67.25 , 0 , 4 , 0 , 44.5 
09-Jan-2004 09:46,200201,STANSTED,SWITZERLAND,GENEVA,MONARCH AIRLINES,D,C, 4 , 0 , 0 , 25 , 50 , 25 , 0 , 0 , 66.75 , 0 , 4 , 0 , 36.75 
09-Jan-2004 09:46,200201,STANSTED,SWITZERLAND,ZURICH,SWISS AIRLINES,A,S, 1 , 0 , 0 , 0 , 100 , 0 , 0 , 0 , 39 , 0 , 0 , 0 , 0 
09-Jan-2004 09:46,200201,STANSTED,SWITZERLAND,ZURICH,SWISSAIR,A,S, 0 , 1 , 0 , 0 , 0 , 0 , 0 , 0 , 0 , 0 , 0 , 0 , 0 
09-Jan-2004 09:46,200201,STANSTED,TANZANIA,KILIMANJARO,AIR 2000,A,C, 1 , 0 , 100 , 0 , 0 , 0 , 0 , 0 , 0 , 0 , 0 , 0 , 0 
09-Jan-2004 09:46,200201,STANSTED,TUNISIA,MONASTIR,MY TRAVEL AIRWAYS UK,A,C, 1 , 0 , 0 , 100 , 0 , 0 , 0 , 0 , 17 , 0 , 1 , 100 , 13 
09-Jan-2004 09:46,200201,STANSTED,TUNISIA,MONASTIR,MY TRAVEL AIRWAYS UK,D,C, 1 , 0 , 100 , 0 , 0 , 0 , 0 , 0 , 15 , 0 , 1 , 0 , 20 
09-Jan-2004 09:46,200201,STANSTED,TURKEY,ANTALYA,KIBRIS TURKISH AIRLINES - KTHY,A,S, 13 , 0 , 53.8461538461538 , 23.0769230769231 , 7.69230769230769 , 15.3846153846154 , 0 , 0 , 21.4615384615385 , 1 , 14 , 28.5714285714286 , 33.2857142857143 
09-Jan-2004 09:46,200201,STANSTED,TURKEY,ANTALYA,KIBRIS TURKISH AIRLINES - KTHY,D,S, 12 , 0 , 41.6666666666667 , 16.6666666666667 , 16.6666666666667 , 25 , 0 , 0 , 35.3333333333333 , 2 , 12 , 33.3333333333333 , 28.5833333333333 
09-Jan-2004 09:46,200201,STANSTED,TURKEY,ISTANBUL,EUROPEAN AIR CHARTER,A,C, 0 , 0 , 0 , 0 , 0 , 0 , 0 , 0 , 0 , 0 , 2 , 0 , 18.5 
09-Jan-2004 09:46,200201,STANSTED,TURKEY,ISTANBUL,EUROPEAN AIR CHARTER,D,C, 0 , 0 , 0 , 0 , 0 , 0 , 0 , 0 , 0 , 0 , 2 , 0 , 20.5 
09-Jan-2004 09:46,200201,STANSTED,TURKEY,ISTANBUL,KIBRIS TURKISH AIRLINES - KTHY,D,C, 0 , 0 , 0 , 0 , 0 , 0 , 0 , 0 , 0 , 0 , 2 , 0 , 121.5 
09-Jan-2004 09:46,200201,STANSTED,TURKEY,IZMIR (ADNAM MENDERES),KIBRIS TURKISH AIRLINES - KTHY,A,S, 4 , 0 , 50 , 25 , 0 , 25 , 0 , 0 , 26.75 , 0 , 5 , 20 , 26.6 
09-Jan-2004 09:46,200201,STANSTED,TURKEY,IZMIR (ADNAM MENDERES),KIBRIS TURKISH AIRLINES - KTHY,D,S, 4 , 0 , 75 , 0 , 0 , 25 , 0 , 0 , 20 , 0 , 4 , 0 , 50 
09-Jan-2004 09:46,200201,STANSTED,UNITED KINGDOM,ABERDEEN,EASYJET AIRLINE COMPANY LTD,A,S, 0 , 1 , 0 , 0 , 0 , 0 , 0 , 0 , 0 , 0 , 0 , 0 , 0 
09-Jan-2004 09:46,200201,STANSTED,UNITED KINGDOM,BELFAST CITY,FLYBE.BRITISH EUROPEAN,A,S, 0 , 0 , 0 , 0 , 0 , 0 , 0 , 0 , 0 , 0 , 100 , 93 , 3.81 
09-Jan-2004 09:46,200201,STANSTED,UNITED KINGDOM,BELFAST CITY,FLYBE.BRITISH EUROPEAN,D,S, 0 , 0 , 0 , 0 , 0 , 0 , 0 , 0 , 0 , 0 , 101 , 91.0891089108911 , 6.07920792079208 
09-Jan-2004 09:46,200201,STANSTED,UNITED KINGDOM,BELFAST INTERNATIONAL,GO FLY LTD,A,S, 164 , 0 , 93.9024390243902 , 1.82926829268293 , 3.04878048780488 , 1.21951219512195 , 0 , 0 , 3.97560975609756 , 8 , 85 , 89.4117647058824 , 6.38823529411765 
09-Jan-2004 09:46,200201,STANSTED,UNITED KINGDOM,BELFAST INTERNATIONAL,GO FLY LTD,D,S, 164 , 0 , 84.7560975609756 , 7.31707317073171 , 4.8780487804878 , 3.04878048780488 , 0 , 0 , 8.64634146341463 , 1 , 85 , 80 , 10.3058823529412 
09-Jan-2004 09:46,200201,STANSTED,UNITED KINGDOM,BLACKPOOL,DENIM AIR,A,C, 0 , 1 , 0 , 0 , 0 , 0 , 0 , 0 , 0 , 0 , 0 , 0 , 0 
09-Jan-2004 09:46,200201,STANSTED,UNITED KINGDOM,BLACKPOOL,DENIM AIR,D,C, 1 , 0 , 100 , 0 , 0 , 0 , 0 , 0 , 5 , 0 , 0 , 0 , 0 
09-Jan-2004 09:46,200201,STANSTED,UNITED KINGDOM,BRISTOL,MY TRAVEL AIRWAYS UK,D,C, 0 , 1 , 0 , 0 , 0 , 0 , 0 , 0 , 0 , 0 , 0 , 0 , 0 
09-Jan-2004 09:46,200201,STANSTED,UNITED KINGDOM,EDINBURGH,EASTERN AIRWAYS,A,S, 0 , 1 , 0 , 0 , 0 , 0 , 0 , 0 , 0 , 0 , 0 , 0 , 0 
09-Jan-2004 09:46,200201,STANSTED,UNITED KINGDOM,EDINBURGH,GO FLY LTD,A,S, 157 , 0 , 88.5350318471338 , 5.09554140127389 , 3.82165605095541 , 2.54777070063694 , 0 , 0 , 6.5796178343949 , 0 , 180 , 86.1111111111111 , 7.28888888888889 
09-Jan-2004 09:46,200201,STANSTED,UNITED KINGDOM,EDINBURGH,GO FLY LTD,D,S, 157 , 0 , 81.5286624203822 , 11.4649681528662 , 5.09554140127389 , 1.91082802547771 , 0 , 0 , 9.5859872611465 , 0 , 182 , 76.9230769230769 , 11.2307692307692 
09-Jan-2004 09:46,200201,STANSTED,UNITED KINGDOM,EDINBURGH,SCOT AIRWAYS,A,S, 0 , 1 , 0 , 0 , 0 , 0 , 0 , 0 , 0 , 0 , 0 , 0 , 0 
09-Jan-2004 09:46,200201,STANSTED,UNITED KINGDOM,GATWICK,BRITANNIA AIRWAYS,D,C, 0 , 1 , 0 , 0 , 0 , 0 , 0 , 0 , 0 , 0 , 0 , 0 , 0 
09-Jan-2004 09:46,200201,STANSTED,UNITED KINGDOM,GLASGOW,GO FLY LTD,A,S, 130 , 0 , 90.7692307692308 , 3.84615384615385 , 3.84615384615385 , 0.769230769230769 , 0.769230769230769 , 0 , 5.30769230769231 , 0 , 113 , 91.1504424778761 , 3.4070796460177 
09-Jan-2004 09:46,200201,STANSTED,UNITED KINGDOM,GLASGOW,GO FLY LTD,D,S, 130 , 0 , 81.5384615384615 , 8.46153846153846 , 6.15384615384615 , 3.84615384615385 , 0 , 0 , 10.3769230769231 , 0 , 112 , 83.9285714285714 , 7.21428571428571 
09-Jan-2004 09:46,200201,STANSTED,UNITED KINGDOM,GUERNSEY,AURIGNY AIR SERVICES,A,S, 70 , 0 , 87.1428571428571 , 2.85714285714286 , 10 , 0 , 0 , 0 , 6.51428571428571 , 7 , 84 , 92.8571428571429 , 4.78571428571429 
09-Jan-2004 09:46,200201,STANSTED,UNITED KINGDOM,GUERNSEY,AURIGNY AIR SERVICES,D,S, 70 , 0 , 80 , 10 , 7.14285714285714 , 2.85714285714286 , 0 , 0 , 8.75714285714286 , 7 , 86 , 89.5348837209302 , 6.47674418604651 
09-Jan-2004 09:46,200201,STANSTED,UNITED KINGDOM,HEATHROW,SAS,D,S, 0 , 1 , 0 , 0 , 0 , 0 , 0 , 0 , 0 , 0 , 0 , 0 , 0 
09-Jan-2004 09:46,200201,STANSTED,UNITED KINGDOM,INVERNESS,EASYJET AIRLINE COMPANY LTD,A,S, 0 , 1 , 0 , 0 , 0 , 0 , 0 , 0 , 0 , 0 , 0 , 0 , 0 
09-Jan-2004 09:46,200201,STANSTED,UNITED KINGDOM,ISLE OF MAN,BA CITIEXPRESS (IOM) LTD,A,S, 0 , 1 , 0 , 0 , 0 , 0 , 0 , 0 , 0 , 0 , 0 , 0 , 0 
09-Jan-2004 09:46,200201,STANSTED,UNITED KINGDOM,ISLE OF MAN,BA CITIEXPRESS (IOM) LTD,D,S, 0 , 1 , 0 , 0 , 0 , 0 , 0 , 0 , 0 , 0 , 0 , 0 , 0 
09-Jan-2004 09:46,200201,STANSTED,UNITED KINGDOM,LEEDS BRADFORD,TITAN AIRWAYS LTD,A,C, 0 , 1 , 0 , 0 , 0 , 0 , 0 , 0 , 0 , 0 , 0 , 0 , 0 
09-Jan-2004 09:46,200201,STANSTED,UNITED KINGDOM,LONDONDERRY,RYANAIR,A,S, 56 , 0 , 96.4285714285714 , 1.78571428571429 , 1.78571428571429 , 0 , 0 , 0 , 1.92857142857143 , 1 , 56 , 96.4285714285714 , 3.16071428571429 
09-Jan-2004 09:46,200201,STANSTED,UNITED KINGDOM,LONDONDERRY,RYANAIR,D,S, 57 , 0 , 75.4385964912281 , 15.7894736842105 , 8.7719298245614 , 0 , 0 , 0 , 10.6842105263158 , 0 , 57 , 91.2280701754386 , 5.84210526315789 
09-Jan-2004 09:46,200201,STANSTED,UNITED KINGDOM,LUTON,BRITANNIA AIRWAYS,A,C, 0 , 1 , 0 , 0 , 0 , 0 , 0 , 0 , 0 , 0 , 0 , 0 , 0 
09-Jan-2004 09:46,200201,STANSTED,UNITED KINGDOM,LUTON,EASYJET SWITZERLAND,D,S, 0 , 1 , 0 , 0 , 0 , 0 , 0 , 0 , 0 , 0 , 0 , 0 , 0 
09-Jan-2004 09:46,200201,STANSTED,UNITED KINGDOM,MANCHESTER,BRITISH REGIONAL AIRLINES LTD,A,S, 65 , 0 , 78.4615384615385 , 9.23076923076923 , 3.07692307692308 , 9.23076923076923 , 0 , 0 , 15.4461538461538 , 0 , 84 , 79.7619047619048 , 12.0595238095238 
09-Jan-2004 09:46,200201,STANSTED,UNITED KINGDOM,MANCHESTER,BRITISH REGIONAL AIRLINES LTD,D,S, 65 , 0 , 76.9230769230769 , 12.3076923076923 , 1.53846153846154 , 9.23076923076923 , 0 , 0 , 14.7384615384615 , 0 , 84 , 71.4285714285714 , 14.1904761904762 
09-Jan-2004 09:46,200201,STANSTED,UNITED KINGDOM,MANCHESTER,BRITISH WORLD AIRLINES LTD,A,C, 0 , 0 , 0 , 0 , 0 , 0 , 0 , 0 , 0 , 0 , 1 , 0 , 23 
09-Jan-2004 09:46,200201,STANSTED,UNITED KINGDOM,MANCHESTER,BRITISH WORLD AIRLINES LTD,D,C, 0 , 0 , 0 , 0 , 0 , 0 , 0 , 0 , 0 , 0 , 1 , 0 , 28 
09-Jan-2004 09:46,200201,STANSTED,UNITED KINGDOM,MANCHESTER,VLM (BELGIUM),A,C, 1 , 0 , 0 , 0 , 0 , 100 , 0 , 0 , 99 , 0 , 0 , 0 , 0 
09-Jan-2004 09:46,200201,STANSTED,UNITED KINGDOM,MANCHESTER,VLM (BELGIUM),D,C, 1 , 0 , 100 , 0 , 0 , 0 , 0 , 0 , 9 , 0 , 0 , 0 , 0 
09-Jan-2004 09:46,200201,STANSTED,UNITED KINGDOM,NEWCASTLE,DUO AIRWAYS LTD,D,C, 0 , 0 , 0 , 0 , 0 , 0 , 0 , 0 , 0 , 0 , 1 , 0 , 25 
09-Jan-2004 09:46,200201,STANSTED,UNITED KINGDOM,NEWCASTLE,GILL AIRWAYS,A,S, 0 , 0 , 0 , 0 , 0 , 0 , 0 , 0 , 0 , 0 , 74 , 89.1891891891892 , 6.43243243243243 
09-Jan-2004 09:46,200201,STANSTED,UNITED KINGDOM,NEWCASTLE,GILL AIRWAYS,D,S, 0 , 0 , 0 , 0 , 0 , 0 , 0 , 0 , 0 , 0 , 74 , 85.1351351351351 , 10.1486486486486 
09-Jan-2004 09:46,200201,STANSTED,UNITED KINGDOM,NEWCASTLE,GO FLY LTD,A,S, 84 , 0 , 83.3333333333333 , 5.95238095238095 , 9.52380952380952 , 1.19047619047619 , 0 , 0 , 7.55952380952381 , 0 , 0 , 0 , 0 
09-Jan-2004 09:46,200201,STANSTED,UNITED KINGDOM,NEWCASTLE,GO FLY LTD,D,S, 84 , 0 , 76.1904761904762 , 15.4761904761905 , 5.95238095238095 , 2.38095238095238 , 0 , 0 , 10.9285714285714 , 0 , 0 , 0 , 0 
09-Jan-2004 09:46,200201,STANSTED,UNITED KINGDOM,NEWCASTLE,KLM,A,C, 0 , 0 , 0 , 0 , 0 , 0 , 0 , 0 , 0 , 0 , 1 , 100 , 0 
09-Jan-2004 09:46,200201,STANSTED,UNITED KINGDOM,PRESTWICK,RYANAIR,A,S, 250 , 0 , 84.8 , 6.4 , 4.8 , 3.2 , 0.8 , 0 , 10.556 , 9 , 252 , 88.4920634920635 , 5.82539682539683 
09-Jan-2004 09:46,200201,STANSTED,UNITED KINGDOM,PRESTWICK,RYANAIR,D,S, 252 , 0 , 75.3968253968254 , 11.5079365079365 , 7.93650793650794 , 4.76190476190476 , 0.396825396825397 , 0 , 14.7698412698413 , 9 , 252 , 83.3333333333333 , 7.93253968253968 
