run_date,reporting_period,reporting_airport,origin_destination_country,origin_destination,airline_name,arrival_departure,scheduled_charter,number_flights_matched,actual_flights_unmatched,early_to_15_mins_late_percent,flts_16_to_30_mins_late_percent,flts_31_to_60_mins_late_percent,flts_61_to_180_mins_late_percent,flts_181_to_360_mins_late_percent,more_than_360_mins_late_percent,average_delay_mins,planned_flights_unmatched,previous_year_month_flights_matched,previous_year_month_early_to_15_mins_late_percent,previous_year_month_average_delay
31-Jan-2006 10:28,200511,BIRMINGHAM,AUSTRIA,VIENNA,BRITISH AIRWAYS CITIEXPRESS LTD,A,S, 0 , 0 , 0 , 0 , 0 , 0 , 0 , 0 , 0 , 0 , 26 , 88.4615384615385 , 4.92307692307692 
31-Jan-2006 10:28,200511,BIRMINGHAM,AUSTRIA,VIENNA,BRITISH AIRWAYS CITIEXPRESS LTD,D,S, 0 , 0 , 0 , 0 , 0 , 0 , 0 , 0 , 0 , 0 , 26 , 88.4615384615385 , 5.26923076923077 
31-Jan-2006 10:28,200511,BIRMINGHAM,BARBADOS,BRIDGETOWN,THOMSONFLY LTD,A,C, 7 , 0 , 14.2857142857143 , 57.1428571428571 , 0 , 28.5714285714286 , 0 , 0 , 38.8571428571429 , 0 , 3 , 33.3333333333333 , 16.3333333333333 
31-Jan-2006 10:28,200511,BIRMINGHAM,BARBADOS,BRIDGETOWN,THOMSONFLY LTD,D,C, 5 , 0 , 40 , 40 , 0 , 20 , 0 , 0 , 30.6 , 0 , 5 , 60 , 11.6 
31-Jan-2006 10:28,200511,BIRMINGHAM,BELGIUM,BRUSSELS,SN BRUSSELS AIRLINES,A,S, 116 , 0 , 87.9310344827586 , 4.31034482758621 , 6.89655172413793 , 0.862068965517241 , 0 , 0 , 6.51724137931035 , 3 , 117 , 94.017094017094 , 4.1965811965812 
31-Jan-2006 10:28,200511,BIRMINGHAM,BELGIUM,BRUSSELS,SN BRUSSELS AIRLINES,D,S, 116 , 0 , 87.9310344827586 , 4.31034482758621 , 6.03448275862069 , 1.72413793103448 , 0 , 0 , 6.16379310344828 , 3 , 117 , 91.4529914529915 , 4.63247863247863 
31-Jan-2006 10:28,200511,BIRMINGHAM,CANADA,TORONTO,AIR INDIA,A,S, 12 , 0 , 83.3333333333333 , 8.33333333333333 , 0 , 0 , 0 , 8.33333333333333 , 61.3333333333333 , 0 , 0 , 0 , 0 
31-Jan-2006 10:28,200511,BIRMINGHAM,CANADA,TORONTO,AIR INDIA,D,S, 13 , 0 , 15.3846153846154 , 46.1538461538462 , 23.0769230769231 , 7.69230769230769 , 0 , 7.69230769230769 , 95 , 0 , 0 , 0 , 0 
31-Jan-2006 10:28,200511,BIRMINGHAM,CANADA,TORONTO,AIR TRANSAT,A,S, 1 , 0 , 100 , 0 , 0 , 0 , 0 , 0 , 0 , 0 , 0 , 0 , 0 
31-Jan-2006 10:28,200511,BIRMINGHAM,CANADA,TORONTO,AIR TRANSAT,D,S, 1 , 0 , 100 , 0 , 0 , 0 , 0 , 0 , 14 , 0 , 0 , 0 , 0 
31-Jan-2006 10:28,200511,BIRMINGHAM,CYPRUS,LARNACA,CYPRUS AIRWAYS,A,S, 4 , 0 , 50 , 25 , 0 , 25 , 0 , 0 , 33 , 0 , 4 , 50 , 35.5 
31-Jan-2006 10:28,200511,BIRMINGHAM,CYPRUS,LARNACA,CYPRUS AIRWAYS,D,S, 4 , 0 , 50 , 25 , 0 , 25 , 0 , 0 , 36.75 , 0 , 4 , 25 , 46.75 
31-Jan-2006 10:28,200511,BIRMINGHAM,CYPRUS,LARNACA,FIRST CHOICE AIRWAYS LTD,A,C, 1 , 0 , 100 , 0 , 0 , 0 , 0 , 0 , 0 , 0 , 2 , 100 , 0 
31-Jan-2006 10:28,200511,BIRMINGHAM,CYPRUS,LARNACA,FIRST CHOICE AIRWAYS LTD,D,C, 1 , 0 , 100 , 0 , 0 , 0 , 0 , 0 , 0 , 0 , 0 , 0 , 0 
31-Jan-2006 10:28,200511,BIRMINGHAM,CYPRUS,LARNACA,HELIOS AIRWAYS LTD,A,S, 4 , 0 , 75 , 0 , 0 , 25 , 0 , 0 , 31 , 0 , 0 , 0 , 0 
31-Jan-2006 10:28,200511,BIRMINGHAM,CYPRUS,LARNACA,HELIOS AIRWAYS LTD,D,S, 4 , 0 , 75 , 0 , 0 , 25 , 0 , 0 , 38.25 , 0 , 0 , 0 , 0 
31-Jan-2006 10:28,200511,BIRMINGHAM,CYPRUS,LARNACA,THOMAS COOK AIRLINES LTD,A,C, 1 , 0 , 100 , 0 , 0 , 0 , 0 , 0 , 0 , 0 , 1 , 100 , 2 
31-Jan-2006 10:28,200511,BIRMINGHAM,CYPRUS,LARNACA,THOMAS COOK AIRLINES LTD,D,C, 0 , 0 , 0 , 0 , 0 , 0 , 0 , 0 , 0 , 0 , 1 , 100 , 0 
31-Jan-2006 10:28,200511,BIRMINGHAM,CYPRUS,PAPHOS,EUROCYPRIA AIRLINES LTD,A,C, 4 , 0 , 100 , 0 , 0 , 0 , 0 , 0 , 6.25 , 0 , 4 , 50 , 19 
31-Jan-2006 10:28,200511,BIRMINGHAM,CYPRUS,PAPHOS,EUROCYPRIA AIRLINES LTD,D,C, 4 , 0 , 50 , 25 , 25 , 0 , 0 , 0 , 18.5 , 0 , 4 , 75 , 15 
31-Jan-2006 10:28,200511,BIRMINGHAM,CYPRUS,PAPHOS,FIRST CHOICE AIRWAYS LTD,A,S, 5 , 0 , 100 , 0 , 0 , 0 , 0 , 0 , 0.4 , 0 , 4 , 75 , 16.5 
31-Jan-2006 10:28,200511,BIRMINGHAM,CYPRUS,PAPHOS,FIRST CHOICE AIRWAYS LTD,D,S, 5 , 0 , 100 , 0 , 0 , 0 , 0 , 0 , 2.4 , 0 , 4 , 75 , 30.5 
31-Jan-2006 10:28,200511,BIRMINGHAM,CYPRUS,PAPHOS,THOMAS COOK AIRLINES LTD,A,C, 4 , 0 , 100 , 0 , 0 , 0 , 0 , 0 , 0.25 , 0 , 5 , 80 , 19.4 
31-Jan-2006 10:28,200511,BIRMINGHAM,CYPRUS,PAPHOS,THOMAS COOK AIRLINES LTD,D,C, 3 , 0 , 33.3333333333333 , 66.6666666666667 , 0 , 0 , 0 , 0 , 12 , 0 , 3 , 100 , 0 
31-Jan-2006 10:28,200511,BIRMINGHAM,CYPRUS,PAPHOS,THOMSONFLY LTD,A,C, 4 , 0 , 50 , 0 , 25 , 25 , 0 , 0 , 37.5 , 0 , 8 , 87.5 , 6.25 
31-Jan-2006 10:28,200511,BIRMINGHAM,CYPRUS,PAPHOS,THOMSONFLY LTD,D,C, 4 , 0 , 50 , 0 , 25 , 25 , 0 , 0 , 35.5 , 0 , 8 , 87.5 , 9.875 
31-Jan-2006 10:28,200511,BIRMINGHAM,CZECH REPUBLIC,PRAGUE,BMIBABY LTD,A,S, 25 , 0 , 64 , 12 , 12 , 12 , 0 , 0 , 26.56 , 0 , 0 , 0 , 0 
31-Jan-2006 10:28,200511,BIRMINGHAM,CZECH REPUBLIC,PRAGUE,BMIBABY LTD,D,S, 25 , 0 , 52 , 20 , 12 , 16 , 0 , 0 , 25.68 , 0 , 0 , 0 , 0 
31-Jan-2006 10:28,200511,BIRMINGHAM,CZECH REPUBLIC,PRAGUE,CSA,A,S, 26 , 0 , 84.6153846153846 , 0 , 7.69230769230769 , 0 , 0 , 7.69230769230769 , 43.1153846153846 , 0 , 43 , 93.0232558139535 , 6.30232558139535 
31-Jan-2006 10:28,200511,BIRMINGHAM,CZECH REPUBLIC,PRAGUE,CSA,D,S, 26 , 0 , 19.2307692307692 , 46.1538461538462 , 30.7692307692308 , 3.84615384615385 , 0 , 0 , 27 , 0 , 43 , 62.7906976744186 , 15.3255813953488 
31-Jan-2006 10:28,200511,BIRMINGHAM,DENMARK,BILLUND,SUN AIR OF SCANDINAVIA,A,S, 20 , 0 , 25 , 35 , 25 , 15 , 0 , 0 , 36.05 , 6 , 0 , 0 , 0 
31-Jan-2006 10:28,200511,BIRMINGHAM,DENMARK,BILLUND,SUN AIR OF SCANDINAVIA,D,S, 20 , 0 , 40 , 25 , 20 , 15 , 0 , 0 , 33.05 , 6 , 0 , 0 , 0 
31-Jan-2006 10:28,200511,BIRMINGHAM,DENMARK,COPENHAGEN,SAS,A,S, 56 , 0 , 87.5 , 10.7142857142857 , 1.78571428571429 , 0 , 0 , 0 , 5.69642857142857 , 0 , 77 , 90.9090909090909 , 6.22077922077922 
31-Jan-2006 10:28,200511,BIRMINGHAM,DENMARK,COPENHAGEN,SAS,D,S, 56 , 0 , 71.4285714285714 , 23.2142857142857 , 5.35714285714286 , 0 , 0 , 0 , 8.73214285714286 , 0 , 77 , 90.9090909090909 , 6.81818181818182 
31-Jan-2006 10:28,200511,BIRMINGHAM,DOMINICAN REPUBLIC,PUERTO PLATA,MY TRAVEL AIRWAYS UK,A,C, 0 , 0 , 0 , 0 , 0 , 0 , 0 , 0 , 0 , 0 , 1 , 0 , 20 
31-Jan-2006 10:28,200511,BIRMINGHAM,EGYPT,LUXOR,THOMSONFLY LTD,A,C, 5 , 0 , 20 , 60 , 20 , 0 , 0 , 0 , 20 , 0 , 3 , 0 , 33.6666666666667 
31-Jan-2006 10:28,200511,BIRMINGHAM,EGYPT,LUXOR,THOMSONFLY LTD,D,C, 5 , 0 , 80 , 20 , 0 , 0 , 0 , 0 , 7.4 , 0 , 4 , 75 , 11.75 
31-Jan-2006 10:28,200511,BIRMINGHAM,EGYPT,SHARM EL SHEIKH (OPHIRA),AIR MALTA,A,C, 8 , 0 , 50 , 12.5 , 25 , 12.5 , 0 , 0 , 31 , 0 , 0 , 0 , 0 
31-Jan-2006 10:28,200511,BIRMINGHAM,EGYPT,SHARM EL SHEIKH (OPHIRA),AIR MALTA,D,C, 8 , 0 , 50 , 25 , 25 , 0 , 0 , 0 , 19.625 , 0 , 0 , 0 , 0 
31-Jan-2006 10:28,200511,BIRMINGHAM,EGYPT,SHARM EL SHEIKH (OPHIRA),FIRST CHOICE AIRWAYS LTD,A,C, 4 , 0 , 0 , 25 , 50 , 25 , 0 , 0 , 47.5 , 0 , 0 , 0 , 0 
31-Jan-2006 10:28,200511,BIRMINGHAM,EGYPT,SHARM EL SHEIKH (OPHIRA),FIRST CHOICE AIRWAYS LTD,D,C, 4 , 0 , 25 , 0 , 50 , 25 , 0 , 0 , 43 , 0 , 0 , 0 , 0 
31-Jan-2006 10:28,200511,BIRMINGHAM,EGYPT,SHARM EL SHEIKH (OPHIRA),MY TRAVEL AIRWAYS UK,A,C, 3 , 0 , 100 , 0 , 0 , 0 , 0 , 0 , 0 , 0 , 0 , 0 , 0 
31-Jan-2006 10:28,200511,BIRMINGHAM,EGYPT,SHARM EL SHEIKH (OPHIRA),MY TRAVEL AIRWAYS UK,D,C, 4 , 0 , 75 , 25 , 0 , 0 , 0 , 0 , 11 , 0 , 0 , 0 , 0 
31-Jan-2006 10:28,200511,BIRMINGHAM,EGYPT,SHARM EL SHEIKH (OPHIRA),THOMSONFLY LTD,A,C, 4 , 0 , 50 , 25 , 25 , 0 , 0 , 0 , 17.5 , 0 , 0 , 0 , 0 
31-Jan-2006 10:28,200511,BIRMINGHAM,EGYPT,SHARM EL SHEIKH (OPHIRA),THOMSONFLY LTD,D,C, 4 , 0 , 75 , 0 , 25 , 0 , 0 , 0 , 12 , 0 , 0 , 0 , 0 
31-Jan-2006 10:28,200511,BIRMINGHAM,EGYPT,TABA,THOMSONFLY LTD,A,C, 0 , 1 , 0 , 0 , 0 , 0 , 0 , 0 , 0 , 0 , 0 , 0 , 0 
31-Jan-2006 10:28,200511,BIRMINGHAM,FALKLAND ISLANDS,MOUNT PLEASANT,AIR ATLANTA ICELANDIC,A,C, 0 , 2 , 0 , 0 , 0 , 0 , 0 , 0 , 0 , 0 , 0 , 0 , 0 
31-Jan-2006 10:28,200511,BIRMINGHAM,FINLAND,HELSINKI,CITY AIRLINE,A,S, 25 , 0 , 40 , 44 , 16 , 0 , 0 , 0 , 18.12 , 1 , 25 , 56 , 21.76 
31-Jan-2006 10:28,200511,BIRMINGHAM,FINLAND,HELSINKI,CITY AIRLINE,D,S, 0 , 0 , 0 , 0 , 0 , 0 , 0 , 0 , 0 , 0 , 22 , 77.2727272727273 , 30.8636363636364 
31-Jan-2006 10:28,200511,BIRMINGHAM,FINLAND,ROVANIEMI,THOMSONFLY LTD,A,C, 0 , 0 , 0 , 0 , 0 , 0 , 0 , 0 , 0 , 0 , 1 , 0 , 42 
31-Jan-2006 10:28,200511,BIRMINGHAM,FINLAND,ROVANIEMI,THOMSONFLY LTD,D,C, 0 , 0 , 0 , 0 , 0 , 0 , 0 , 0 , 0 , 0 , 1 , 0 , 19 
31-Jan-2006 10:28,200511,BIRMINGHAM,FRANCE,BERGERAC,FLYBE LTD,A,S, 16 , 0 , 93.75 , 0 , 0 , 0 , 6.25 , 0 , 18.5 , 1 , 0 , 0 , 0 
31-Jan-2006 10:28,200511,BIRMINGHAM,FRANCE,BERGERAC,FLYBE LTD,D,S, 17 , 0 , 70.5882352941177 , 11.7647058823529 , 5.88235294117647 , 0 , 11.7647058823529 , 0 , 39.4117647058824 , 0 , 0 , 0 , 0 
31-Jan-2006 10:28,200511,BIRMINGHAM,FRANCE,BORDEAUX,BMIBABY LTD,A,S, 13 , 0 , 53.8461538461538 , 0 , 23.0769230769231 , 15.3846153846154 , 7.69230769230769 , 0 , 53.2307692307692 , 0 , 0 , 0 , 0 
31-Jan-2006 10:28,200511,BIRMINGHAM,FRANCE,BORDEAUX,BMIBABY LTD,D,S, 13 , 0 , 61.5384615384615 , 7.69230769230769 , 7.69230769230769 , 0 , 23.0769230769231 , 0 , 52 , 0 , 0 , 0 , 0 
31-Jan-2006 10:28,200511,BIRMINGHAM,FRANCE,BREST,FLYBE LTD,A,S, 8 , 0 , 62.5 , 12.5 , 12.5 , 12.5 , 0 , 0 , 17.875 , 0 , 0 , 0 , 0 
31-Jan-2006 10:28,200511,BIRMINGHAM,FRANCE,BREST,FLYBE LTD,D,S, 8 , 0 , 75 , 0 , 25 , 0 , 0 , 0 , 17.25 , 0 , 0 , 0 , 0 
31-Jan-2006 10:28,200511,BIRMINGHAM,FRANCE,LYON,BRITISH AIRWAYS CITIEXPRESS LTD,A,S, 48 , 0 , 83.3333333333333 , 4.16666666666667 , 8.33333333333333 , 4.16666666666667 , 0 , 0 , 11.2708333333333 , 0 , 50 , 92 , 4.8 
31-Jan-2006 10:28,200511,BIRMINGHAM,FRANCE,LYON,BRITISH AIRWAYS CITIEXPRESS LTD,D,S, 48 , 0 , 79.1666666666667 , 10.4166666666667 , 6.25 , 4.16666666666667 , 0 , 0 , 10.9791666666667 , 0 , 47 , 89.3617021276596 , 5.38297872340426 
31-Jan-2006 10:28,200511,BIRMINGHAM,FRANCE,LYON,HAMBURG INTERNATIONAL,D,C, 0 , 1 , 0 , 0 , 0 , 0 , 0 , 0 , 0 , 0 , 0 , 0 , 0 
31-Jan-2006 10:28,200511,BIRMINGHAM,FRANCE,NICE,ASTRAEUS LTD,A,C, 5 , 0 , 0 , 40 , 20 , 40 , 0 , 0 , 75.6 , 0 , 0 , 0 , 0 
31-Jan-2006 10:28,200511,BIRMINGHAM,FRANCE,NICE,ASTRAEUS LTD,D,C, 6 , 0 , 50 , 16.6666666666667 , 0 , 33.3333333333333 , 0 , 0 , 37 , 0 , 0 , 0 , 0 
31-Jan-2006 10:28,200511,BIRMINGHAM,FRANCE,NICE,BMIBABY LTD,A,S, 17 , 0 , 88.2352941176471 , 0 , 5.88235294117647 , 0 , 5.88235294117647 , 0 , 20.5882352941176 , 0 , 0 , 0 , 0 
31-Jan-2006 10:28,200511,BIRMINGHAM,FRANCE,NICE,BMIBABY LTD,D,S, 17 , 0 , 100 , 0 , 0 , 0 , 0 , 0 , 4.64705882352941 , 0 , 0 , 0 , 0 
31-Jan-2006 10:28,200511,BIRMINGHAM,FRANCE,NIMES,RYANAIR,A,S, 0 , 1 , 0 , 0 , 0 , 0 , 0 , 0 , 0 , 0 , 0 , 0 , 0 
31-Jan-2006 10:28,200511,BIRMINGHAM,FRANCE,PARIS (CHARLES DE GAULLE),BLUE LINE,A,C, 2 , 0 , 50 , 50 , 0 , 0 , 0 , 0 , 15 , 0 , 1 , 100 , 0 
31-Jan-2006 10:28,200511,BIRMINGHAM,FRANCE,PARIS (CHARLES DE GAULLE),BLUE LINE,D,C, 2 , 0 , 100 , 0 , 0 , 0 , 0 , 0 , 0 , 0 , 0 , 0 , 0 
31-Jan-2006 10:28,200511,BIRMINGHAM,FRANCE,PARIS (CHARLES DE GAULLE),BRITISH AIRWAYS CITIEXPRESS LTD,A,S, 130 , 2 , 84.6153846153846 , 7.69230769230769 , 3.07692307692308 , 4.61538461538462 , 0 , 0 , 8.25384615384615 , 0 , 131 , 83.206106870229 , 8.30534351145038 
31-Jan-2006 10:28,200511,BIRMINGHAM,FRANCE,PARIS (CHARLES DE GAULLE),BRITISH AIRWAYS CITIEXPRESS LTD,D,S, 132 , 0 , 89.3939393939394 , 8.33333333333333 , 1.51515151515152 , 0.757575757575758 , 0 , 0 , 4.6969696969697 , 0 , 131 , 87.0229007633588 , 7.13740458015267 
31-Jan-2006 10:28,200511,BIRMINGHAM,FRANCE,PARIS (CHARLES DE GAULLE),CITY JET,A,S, 160 , 0 , 81.875 , 8.75 , 4.375 , 4.375 , 0.625 , 0 , 11.26875 , 0 , 0 , 0 , 0 
31-Jan-2006 10:28,200511,BIRMINGHAM,FRANCE,PARIS (CHARLES DE GAULLE),CITY JET,D,S, 160 , 0 , 83.75 , 4.375 , 6.25 , 5 , 0.625 , 0 , 11.44375 , 0 , 0 , 0 , 0 
31-Jan-2006 10:28,200511,BIRMINGHAM,FRANCE,PARIS (CHARLES DE GAULLE),FLYBE LTD,A,S, 0 , 0 , 0 , 0 , 0 , 0 , 0 , 0 , 0 , 0 , 166 , 88.5542168674699 , 5.90963855421687 
31-Jan-2006 10:28,200511,BIRMINGHAM,FRANCE,PARIS (CHARLES DE GAULLE),FLYBE LTD,D,S, 0 , 0 , 0 , 0 , 0 , 0 , 0 , 0 , 0 , 0 , 168 , 88.0952380952381 , 8.34523809523809 
31-Jan-2006 10:28,200511,BIRMINGHAM,FRANCE,PARIS (ORLY),THOMSONFLY LTD,A,S, 0 , 1 , 0 , 0 , 0 , 0 , 0 , 0 , 0 , 0 , 0 , 0 , 0 
31-Jan-2006 10:28,200511,BIRMINGHAM,FRANCE,TOULOUSE (BLAGNAC),FLYBE LTD,A,S, 24 , 0 , 83.3333333333333 , 4.16666666666667 , 8.33333333333333 , 4.16666666666667 , 0 , 0 , 11.5416666666667 , 2 , 17 , 70.5882352941177 , 74.6470588235294 
31-Jan-2006 10:28,200511,BIRMINGHAM,FRANCE,TOULOUSE (BLAGNAC),FLYBE LTD,D,S, 26 , 0 , 84.6153846153846 , 0 , 3.84615384615385 , 7.69230769230769 , 3.84615384615385 , 0 , 25.1923076923077 , 0 , 17 , 70.5882352941177 , 9.11764705882353 
31-Jan-2006 10:28,200511,BIRMINGHAM,GERMANY,COLOGNE (BONN),EUROWINGS LUFTVERKEHRS,A,S, 26 , 0 , 92.3076923076923 , 0 , 7.69230769230769 , 0 , 0 , 0 , 4.65384615384615 , 0 , 0 , 0 , 0 
31-Jan-2006 10:28,200511,BIRMINGHAM,GERMANY,COLOGNE (BONN),EUROWINGS LUFTVERKEHRS,D,S, 26 , 0 , 88.4615384615385 , 0 , 3.84615384615385 , 7.69230769230769 , 0 , 0 , 10.0384615384615 , 0 , 0 , 0 , 0 
31-Jan-2006 10:28,200511,BIRMINGHAM,GERMANY,COLOGNE (BONN),THOMAS COOK AIRLINES LTD,A,C, 0 , 0 , 0 , 0 , 0 , 0 , 0 , 0 , 0 , 0 , 1 , 100 , 0 
31-Jan-2006 10:28,200511,BIRMINGHAM,GERMANY,COLOGNE (BONN),THOMAS COOK AIRLINES LTD,D,C, 0 , 0 , 0 , 0 , 0 , 0 , 0 , 0 , 0 , 0 , 1 , 100 , 0 
31-Jan-2006 10:28,200511,BIRMINGHAM,GERMANY,DUSSELDORF,BRITISH AIRWAYS CITIEXPRESS LTD,A,S, 101 , 0 , 86.1386138613861 , 5.94059405940594 , 7.92079207920792 , 0 , 0 , 0 , 5.51485148514851 , 0 , 104 , 90.3846153846154 , 6.60576923076923 
31-Jan-2006 10:28,200511,BIRMINGHAM,GERMANY,DUSSELDORF,BRITISH AIRWAYS CITIEXPRESS LTD,D,S, 102 , 0 , 88.2352941176471 , 7.84313725490196 , 2.94117647058824 , 0.980392156862745 , 0 , 0 , 5.22549019607843 , 0 , 103 , 88.3495145631068 , 6.80582524271845 
31-Jan-2006 10:28,200511,BIRMINGHAM,GERMANY,DUSSELDORF,EUROPEAN AIR CHARTER,A,C, 0 , 0 , 0 , 0 , 0 , 0 , 0 , 0 , 0 , 0 , 1 , 100 , 1 
31-Jan-2006 10:28,200511,BIRMINGHAM,GERMANY,DUSSELDORF,EUROPEAN AIR CHARTER,D,C, 0 , 0 , 0 , 0 , 0 , 0 , 0 , 0 , 0 , 0 , 1 , 100 , 0 
31-Jan-2006 10:28,200511,BIRMINGHAM,GERMANY,DUSSELDORF,EUROWINGS LUFTVERKEHRS,A,S, 67 , 0 , 68.6567164179104 , 14.9253731343284 , 16.4179104477612 , 0 , 0 , 0 , 12.0746268656716 , 0 , 73 , 72.6027397260274 , 14.2465753424658 
31-Jan-2006 10:28,200511,BIRMINGHAM,GERMANY,DUSSELDORF,EUROWINGS LUFTVERKEHRS,D,S, 67 , 0 , 62.6865671641791 , 16.4179104477612 , 20.8955223880597 , 0 , 0 , 0 , 13.9253731343284 , 0 , 73 , 69.8630136986301 , 15.7397260273973 
31-Jan-2006 10:28,200511,BIRMINGHAM,GERMANY,FRANKFURT MAIN,BRITISH AIRWAYS CITIEXPRESS LTD,A,S, 126 , 0 , 91.2698412698413 , 4.76190476190476 , 1.58730158730159 , 2.38095238095238 , 0 , 0 , 3.92063492063492 , 0 , 124 , 84.6774193548387 , 10.1290322580645 
31-Jan-2006 10:28,200511,BIRMINGHAM,GERMANY,FRANKFURT MAIN,BRITISH AIRWAYS CITIEXPRESS LTD,D,S, 128 , 0 , 89.0625 , 5.46875 , 3.125 , 2.34375 , 0 , 0 , 6.828125 , 0 , 125 , 76 , 11.968 
31-Jan-2006 10:28,200511,BIRMINGHAM,GERMANY,FRANKFURT MAIN,LUFTHANSA,A,S, 119 , 0 , 92.436974789916 , 6.72268907563025 , 0.840336134453782 , 0 , 0 , 0 , 4.85714285714286 , 1 , 89 , 76.4044943820225 , 10.1910112359551 
31-Jan-2006 10:28,200511,BIRMINGHAM,GERMANY,FRANKFURT MAIN,LUFTHANSA,D,S, 119 , 0 , 89.9159663865546 , 7.56302521008403 , 2.52100840336134 , 0 , 0 , 0 , 6.21848739495798 , 1 , 90 , 70 , 13.4444444444444 
31-Jan-2006 10:28,200511,BIRMINGHAM,GERMANY,HAMBURG,BRITISH AIRWAYS CITIEXPRESS LTD,A,S, 45 , 0 , 93.3333333333333 , 4.44444444444444 , 0 , 2.22222222222222 , 0 , 0 , 4.33333333333333 , 0 , 45 , 97.7777777777778 , 0.8 
31-Jan-2006 10:28,200511,BIRMINGHAM,GERMANY,HAMBURG,BRITISH AIRWAYS CITIEXPRESS LTD,D,S, 46 , 0 , 95.6521739130435 , 0 , 2.17391304347826 , 2.17391304347826 , 0 , 0 , 4.41304347826087 , 0 , 46 , 100 , 1.30434782608696 
31-Jan-2006 10:28,200511,BIRMINGHAM,GERMANY,HAMBURG,KLM CITYHOPPER,D,C, 1 , 0 , 100 , 0 , 0 , 0 , 0 , 0 , 0 , 0 , 0 , 0 , 0 
31-Jan-2006 10:28,200511,BIRMINGHAM,GERMANY,HANOVER,BRITISH AIRWAYS CITIEXPRESS LTD,A,S, 30 , 0 , 96.6666666666667 , 0 , 0 , 3.33333333333333 , 0 , 0 , 3.16666666666667 , 0 , 30 , 100 , 0.433333333333333 
31-Jan-2006 10:28,200511,BIRMINGHAM,GERMANY,HANOVER,BRITISH AIRWAYS CITIEXPRESS LTD,D,S, 30 , 0 , 96.6666666666667 , 0 , 0 , 3.33333333333333 , 0 , 0 , 3.8 , 0 , 30 , 93.3333333333333 , 3.8 
31-Jan-2006 10:28,200511,BIRMINGHAM,GERMANY,HANOVER,EUROPEAN AIR CHARTER,A,C, 1 , 0 , 100 , 0 , 0 , 0 , 0 , 0 , 0 , 0 , 0 , 0 , 0 
31-Jan-2006 10:28,200511,BIRMINGHAM,GERMANY,HANOVER,EUROPEAN AIR CHARTER,D,C, 1 , 0 , 0 , 0 , 100 , 0 , 0 , 0 , 46 , 0 , 0 , 0 , 0 
31-Jan-2006 10:28,200511,BIRMINGHAM,GERMANY,MUNICH,BRITISH AIRWAYS CITIEXPRESS LTD,D,S, 0 , 1 , 0 , 0 , 0 , 0 , 0 , 0 , 0 , 0 , 0 , 0 , 0 
31-Jan-2006 10:28,200511,BIRMINGHAM,GERMANY,MUNICH,EUROWINGS LUFTVERKEHRS,A,S, 0 , 0 , 0 , 0 , 0 , 0 , 0 , 0 , 0 , 0 , 72 , 94.4444444444444 , 3.65277777777778 
31-Jan-2006 10:28,200511,BIRMINGHAM,GERMANY,MUNICH,EUROWINGS LUFTVERKEHRS,D,S, 0 , 0 , 0 , 0 , 0 , 0 , 0 , 0 , 0 , 0 , 72 , 91.6666666666667 , 3.95833333333333 
31-Jan-2006 10:28,200511,BIRMINGHAM,GERMANY,MUNICH,LUFTHANSA CITY LINE,A,S, 84 , 0 , 82.1428571428571 , 4.76190476190476 , 8.33333333333333 , 4.76190476190476 , 0 , 0 , 9.60714285714286 , 0 , 0 , 0 , 0 
31-Jan-2006 10:28,200511,BIRMINGHAM,GERMANY,MUNICH,LUFTHANSA CITY LINE,D,S, 85 , 0 , 70.5882352941177 , 11.7647058823529 , 9.41176470588235 , 7.05882352941176 , 1.17647058823529 , 0 , 19.1176470588235 , 0 , 0 , 0 , 0 
31-Jan-2006 10:28,200511,BIRMINGHAM,GERMANY,MUNSTER-OSNABRUCK,EUROPEAN AIR CHARTER,A,C, 3 , 0 , 100 , 0 , 0 , 0 , 0 , 0 , 2.66666666666667 , 0 , 3 , 100 , 0.333333333333333 
31-Jan-2006 10:28,200511,BIRMINGHAM,GERMANY,MUNSTER-OSNABRUCK,EUROPEAN AIR CHARTER,D,C, 3 , 0 , 66.6666666666667 , 33.3333333333333 , 0 , 0 , 0 , 0 , 12 , 0 , 3 , 66.6666666666667 , 9.66666666666667 
31-Jan-2006 10:28,200511,BIRMINGHAM,GERMANY,PADERBORN,EUROPEAN AIR CHARTER,A,C, 4 , 0 , 75 , 25 , 0 , 0 , 0 , 0 , 10.5 , 0 , 5 , 100 , 5.6 
31-Jan-2006 10:28,200511,BIRMINGHAM,GERMANY,PADERBORN,EUROPEAN AIR CHARTER,D,C, 4 , 0 , 50 , 50 , 0 , 0 , 0 , 0 , 14 , 0 , 5 , 100 , 2 
31-Jan-2006 10:28,200511,BIRMINGHAM,GERMANY,STUTTGART,BRITISH AIRWAYS CITIEXPRESS LTD,A,S, 73 , 0 , 86.3013698630137 , 8.21917808219178 , 2.73972602739726 , 2.73972602739726 , 0 , 0 , 7.10958904109589 , 0 , 73 , 84.9315068493151 , 6.57534246575342 
31-Jan-2006 10:28,200511,BIRMINGHAM,GERMANY,STUTTGART,BRITISH AIRWAYS CITIEXPRESS LTD,D,S, 73 , 0 , 84.9315068493151 , 9.58904109589041 , 1.36986301369863 , 4.10958904109589 , 0 , 0 , 7.32876712328767 , 0 , 73 , 94.5205479452055 , 2.31506849315068 
31-Jan-2006 10:28,200511,BIRMINGHAM,GREECE,RHODES,THOMSONFLY LTD,A,C, 1 , 0 , 100 , 0 , 0 , 0 , 0 , 0 , 0 , 0 , 0 , 0 , 0 
31-Jan-2006 10:28,200511,BIRMINGHAM,INDIA,AMRITSAR,FLYJET LTD,A,C, 0 , 0 , 0 , 0 , 0 , 0 , 0 , 0 , 0 , 0 , 1 , 0 , 356 
31-Jan-2006 10:28,200511,BIRMINGHAM,INDIA,AMRITSAR,FLYJET LTD,D,C, 0 , 0 , 0 , 0 , 0 , 0 , 0 , 0 , 0 , 0 , 1 , 0 , 325 
31-Jan-2006 10:28,200511,BIRMINGHAM,INDIA,AMRITSAR,SLOVAK AL(SLOVENSKE AEROLINIE),A,C, 0 , 0 , 0 , 0 , 0 , 0 , 0 , 0 , 0 , 0 , 3 , 0 , 114.666666666667 
31-Jan-2006 10:28,200511,BIRMINGHAM,INDIA,AMRITSAR,SLOVAK AL(SLOVENSKE AEROLINIE),D,C, 0 , 0 , 0 , 0 , 0 , 0 , 0 , 0 , 0 , 0 , 4 , 50 , 30.75 
31-Jan-2006 10:28,200511,BIRMINGHAM,INDIA,DELHI,AIR INDIA,A,S, 13 , 0 , 30.7692307692308 , 23.0769230769231 , 30.7692307692308 , 7.69230769230769 , 0 , 7.69230769230769 , 89.3846153846154 , 0 , 0 , 0 , 0 
31-Jan-2006 10:28,200511,BIRMINGHAM,INDIA,DELHI,AIR INDIA,D,S, 12 , 0 , 41.6666666666667 , 16.6666666666667 , 16.6666666666667 , 8.33333333333333 , 8.33333333333333 , 8.33333333333333 , 107.166666666667 , 0 , 0 , 0 , 0 
31-Jan-2006 10:28,200511,BIRMINGHAM,INDIA,GOA,THOMSONFLY LTD,A,C, 3 , 0 , 0 , 0 , 66.6666666666667 , 33.3333333333333 , 0 , 0 , 54.3333333333333 , 0 , 0 , 0 , 0 
31-Jan-2006 10:28,200511,BIRMINGHAM,INDIA,GOA,THOMSONFLY LTD,D,C, 4 , 0 , 50 , 50 , 0 , 0 , 0 , 0 , 12.5 , 0 , 0 , 0 , 0 
31-Jan-2006 10:28,200511,BIRMINGHAM,IRAN,TEHRAN,MAHAN AIR,A,S, 8 , 0 , 37.5 , 50 , 12.5 , 0 , 0 , 0 , 18.875 , 0 , 8 , 25 , 77.5 
31-Jan-2006 10:28,200511,BIRMINGHAM,IRAN,TEHRAN,MAHAN AIR,D,S, 8 , 0 , 25 , 75 , 0 , 0 , 0 , 0 , 20.25 , 0 , 8 , 0 , 87.375 
31-Jan-2006 10:28,200511,BIRMINGHAM,IRISH REPUBLIC,CONNAUGHT,BMIBABY LTD,A,S, 25 , 0 , 68 , 16 , 4 , 12 , 0 , 0 , 17.08 , 0 , 0 , 0 , 0 
31-Jan-2006 10:28,200511,BIRMINGHAM,IRISH REPUBLIC,CONNAUGHT,BMIBABY LTD,D,S, 25 , 0 , 68 , 12 , 8 , 12 , 0 , 0 , 20.96 , 0 , 0 , 0 , 0 
31-Jan-2006 10:28,200511,BIRMINGHAM,IRISH REPUBLIC,CONNAUGHT,MY TRAVEL AIRWAYS UK,A,S, 0 , 0 , 0 , 0 , 0 , 0 , 0 , 0 , 0 , 0 , 26 , 76.9230769230769 , 38.7307692307692 
31-Jan-2006 10:28,200511,BIRMINGHAM,IRISH REPUBLIC,CONNAUGHT,MY TRAVEL AIRWAYS UK,D,S, 0 , 0 , 0 , 0 , 0 , 0 , 0 , 0 , 0 , 0 , 26 , 80.7692307692308 , 24.8461538461538 
31-Jan-2006 10:28,200511,BIRMINGHAM,IRISH REPUBLIC,CORK,AER ARRAN,A,S, 55 , 0 , 94.5454545454545 , 1.81818181818182 , 0 , 1.81818181818182 , 1.81818181818182 , 0 , 7.16363636363636 , 1 , 54 , 79.6296296296296 , 20.0185185185185 
31-Jan-2006 10:28,200511,BIRMINGHAM,IRISH REPUBLIC,CORK,AER ARRAN,D,S, 55 , 0 , 92.7272727272727 , 1.81818181818182 , 1.81818181818182 , 1.81818181818182 , 1.81818181818182 , 0 , 9.16363636363636 , 1 , 53 , 83.0188679245283 , 19.4339622641509 
31-Jan-2006 10:28,200511,BIRMINGHAM,IRISH REPUBLIC,CORK,BMIBABY LTD,A,S, 30 , 0 , 83.3333333333333 , 6.66666666666667 , 3.33333333333333 , 6.66666666666667 , 0 , 0 , 10.9333333333333 , 0 , 0 , 0 , 0 
31-Jan-2006 10:28,200511,BIRMINGHAM,IRISH REPUBLIC,CORK,BMIBABY LTD,D,S, 30 , 0 , 83.3333333333333 , 3.33333333333333 , 10 , 3.33333333333333 , 0 , 0 , 11.7666666666667 , 0 , 0 , 0 , 0 
31-Jan-2006 10:28,200511,BIRMINGHAM,IRISH REPUBLIC,DUBLIN,AER LINGUS,A,S, 119 , 0 , 81.5126050420168 , 15.1260504201681 , 3.36134453781513 , 0 , 0 , 0 , 8.35294117647059 , 1 , 108 , 82.4074074074074 , 9.81481481481481 
31-Jan-2006 10:28,200511,BIRMINGHAM,IRISH REPUBLIC,DUBLIN,AER LINGUS,D,S, 120 , 0 , 60 , 29.1666666666667 , 9.16666666666667 , 1.66666666666667 , 0 , 0 , 15.7 , 0 , 107 , 73.8317757009346 , 14.6168224299065 
31-Jan-2006 10:28,200511,BIRMINGHAM,IRISH REPUBLIC,DUBLIN,RYANAIR,A,S, 68 , 0 , 89.7058823529412 , 7.35294117647059 , 1.47058823529412 , 1.47058823529412 , 0 , 0 , 5.67647058823529 , 0 , 65 , 92.3076923076923 , 4.43076923076923 
31-Jan-2006 10:28,200511,BIRMINGHAM,IRISH REPUBLIC,DUBLIN,RYANAIR,D,S, 68 , 0 , 77.9411764705882 , 14.7058823529412 , 5.88235294117647 , 1.47058823529412 , 0 , 0 , 9.20588235294118 , 0 , 76 , 82.8947368421053 , 8.05263157894737 
31-Jan-2006 10:28,200511,BIRMINGHAM,IRISH REPUBLIC,GALWAY,AER ARRAN,A,S, 0 , 0 , 0 , 0 , 0 , 0 , 0 , 0 , 0 , 0 , 11 , 45.4545454545455 , 30.5454545454545 
31-Jan-2006 10:28,200511,BIRMINGHAM,IRISH REPUBLIC,GALWAY,AER ARRAN,D,S, 0 , 0 , 0 , 0 , 0 , 0 , 0 , 0 , 0 , 0 , 11 , 45.4545454545455 , 34.3636363636364 
31-Jan-2006 10:28,200511,BIRMINGHAM,IRISH REPUBLIC,SHANNON,AER ARRAN,A,S, 0 , 1 , 0 , 0 , 0 , 0 , 0 , 0 , 0 , 0 , 0 , 0 , 0 
31-Jan-2006 10:28,200511,BIRMINGHAM,IRISH REPUBLIC,SHANNON,FLYBE LTD,A,S, 0 , 0 , 0 , 0 , 0 , 0 , 0 , 0 , 0 , 0 , 25 , 84 , 5 
31-Jan-2006 10:28,200511,BIRMINGHAM,IRISH REPUBLIC,SHANNON,FLYBE LTD,D,S, 0 , 0 , 0 , 0 , 0 , 0 , 0 , 0 , 0 , 0 , 25 , 84 , 5.6 
31-Jan-2006 10:28,200511,BIRMINGHAM,IRISH REPUBLIC,WATERFORD,AER ARRAN,A,S, 0 , 1 , 0 , 0 , 0 , 0 , 0 , 0 , 0 , 0 , 0 , 0 , 0 
31-Jan-2006 10:28,200511,BIRMINGHAM,ITALY,MILAN (MALPENSA),ALITALIA,A,S, 0 , 0 , 0 , 0 , 0 , 0 , 0 , 0 , 0 , 0 , 57 , 89.4736842105263 , 6.49122807017544 
31-Jan-2006 10:28,200511,BIRMINGHAM,ITALY,MILAN (MALPENSA),ALITALIA,D,S, 0 , 0 , 0 , 0 , 0 , 0 , 0 , 0 , 0 , 0 , 57 , 94.7368421052632 , 3.87719298245614 
31-Jan-2006 10:28,200511,BIRMINGHAM,ITALY,MILAN (MALPENSA),BRITISH AIRWAYS CITIEXPRESS LTD,A,S, 50 , 1 , 88 , 2 , 6 , 4 , 0 , 0 , 7.94 , 0 , 76 , 93.421052631579 , 3.93421052631579 
31-Jan-2006 10:28,200511,BIRMINGHAM,ITALY,MILAN (MALPENSA),BRITISH AIRWAYS CITIEXPRESS LTD,D,S, 51 , 0 , 90.1960784313725 , 5.88235294117647 , 0 , 3.92156862745098 , 0 , 0 , 5.86274509803922 , 0 , 77 , 90.9090909090909 , 6.87012987012987 
31-Jan-2006 10:28,200511,BIRMINGHAM,ITALY,ROME (FIUMICINO),BRITISH AIRWAYS CITIEXPRESS LTD,A,S, 0 , 0 , 0 , 0 , 0 , 0 , 0 , 0 , 0 , 0 , 17 , 88.2352941176471 , 21.5882352941176 
31-Jan-2006 10:28,200511,BIRMINGHAM,ITALY,ROME (FIUMICINO),BRITISH AIRWAYS CITIEXPRESS LTD,D,S, 0 , 0 , 0 , 0 , 0 , 0 , 0 , 0 , 0 , 0 , 17 , 88.2352941176471 , 19.7647058823529 
31-Jan-2006 10:28,200511,BIRMINGHAM,JAMAICA,MONTEGO BAY,MY TRAVEL AIRWAYS UK,A,C, 0 , 1 , 0 , 0 , 0 , 0 , 0 , 0 , 0 , 0 , 0 , 0 , 0 
31-Jan-2006 10:28,200511,BIRMINGHAM,MALTA,MALTA,AIR MALTA,A,S, 13 , 0 , 84.6153846153846 , 7.69230769230769 , 7.69230769230769 , 0 , 0 , 0 , 7.92307692307692 , 0 , 9 , 77.7777777777778 , 13.6666666666667 
31-Jan-2006 10:28,200511,BIRMINGHAM,MALTA,MALTA,AIR MALTA,D,S, 13 , 0 , 69.2307692307692 , 15.3846153846154 , 7.69230769230769 , 7.69230769230769 , 0 , 0 , 17.5384615384615 , 0 , 9 , 44.4444444444444 , 25.8888888888889 
31-Jan-2006 10:28,200511,BIRMINGHAM,MALTA,MALTA,EXCEL AIRWAYS LTD,A,C, 1 , 0 , 100 , 0 , 0 , 0 , 0 , 0 , 5 , 0 , 0 , 0 , 0 
31-Jan-2006 10:28,200511,BIRMINGHAM,MALTA,MALTA,EXCEL AIRWAYS LTD,D,C, 1 , 0 , 0 , 0 , 0 , 100 , 0 , 0 , 65 , 0 , 0 , 0 , 0 
31-Jan-2006 10:28,200511,BIRMINGHAM,MALTA,MALTA,HELLO,A,C, 4 , 0 , 50 , 0 , 0 , 25 , 0 , 25 , 161.25 , 0 , 0 , 0 , 0 
31-Jan-2006 10:28,200511,BIRMINGHAM,MALTA,MALTA,HELLO,D,C, 4 , 0 , 50 , 0 , 0 , 25 , 0 , 25 , 163 , 0 , 0 , 0 , 0 
31-Jan-2006 10:28,200511,BIRMINGHAM,MALTA,MALTA,THOMAS COOK AIRLINES LTD,A,C, 4 , 0 , 50 , 25 , 0 , 25 , 0 , 0 , 30.5 , 0 , 5 , 100 , 0.6 
31-Jan-2006 10:28,200511,BIRMINGHAM,MALTA,MALTA,THOMAS COOK AIRLINES LTD,D,C, 4 , 0 , 25 , 50 , 0 , 25 , 0 , 0 , 38 , 0 , 5 , 100 , 1 
31-Jan-2006 10:28,200511,BIRMINGHAM,MALTA,MALTA,THOMSONFLY LTD,A,C, 5 , 0 , 80 , 0 , 20 , 0 , 0 , 0 , 6.8 , 0 , 5 , 100 , 1 
31-Jan-2006 10:28,200511,BIRMINGHAM,MALTA,MALTA,THOMSONFLY LTD,D,C, 5 , 0 , 100 , 0 , 0 , 0 , 0 , 0 , 4.4 , 0 , 5 , 100 , 0 
31-Jan-2006 10:28,200511,BIRMINGHAM,MEXICO,CANCUN,MY TRAVEL AIRWAYS UK,A,C, 0 , 0 , 0 , 0 , 0 , 0 , 0 , 0 , 0 , 0 , 1 , 100 , 10 
31-Jan-2006 10:28,200511,BIRMINGHAM,MEXICO,CANCUN,THOMSONFLY LTD,A,C, 2 , 0 , 100 , 0 , 0 , 0 , 0 , 0 , 0 , 0 , 0 , 0 , 0 
31-Jan-2006 10:28,200511,BIRMINGHAM,MEXICO,CANCUN,THOMSONFLY LTD,D,C, 3 , 0 , 66.6666666666667 , 33.3333333333333 , 0 , 0 , 0 , 0 , 8.66666666666667 , 0 , 0 , 0 , 0 
31-Jan-2006 10:28,200511,BIRMINGHAM,MOROCCO,AGADIR,FIRST CHOICE AIRWAYS LTD,A,C, 3 , 0 , 100 , 0 , 0 , 0 , 0 , 0 , 0 , 0 , 0 , 0 , 0 
31-Jan-2006 10:28,200511,BIRMINGHAM,MOROCCO,AGADIR,FIRST CHOICE AIRWAYS LTD,D,C, 2 , 0 , 100 , 0 , 0 , 0 , 0 , 0 , 0 , 0 , 0 , 0 , 0 
31-Jan-2006 10:28,200511,BIRMINGHAM,NETHERLANDS,AMSTERDAM,ASTRAEUS LTD,A,C, 0 , 1 , 0 , 0 , 0 , 0 , 0 , 0 , 0 , 0 , 0 , 0 , 0 
31-Jan-2006 10:28,200511,BIRMINGHAM,NETHERLANDS,AMSTERDAM,ASTRAEUS LTD,D,C, 1 , 0 , 0 , 100 , 0 , 0 , 0 , 0 , 28 , 0 , 0 , 0 , 0 
31-Jan-2006 10:28,200511,BIRMINGHAM,NETHERLANDS,AMSTERDAM,BMIBABY LTD,A,S, 56 , 0 , 73.2142857142857 , 5.35714285714286 , 10.7142857142857 , 8.92857142857143 , 1.78571428571429 , 0 , 19.4107142857143 , 0 , 0 , 0 , 0 
31-Jan-2006 10:28,200511,BIRMINGHAM,NETHERLANDS,AMSTERDAM,BMIBABY LTD,D,S, 56 , 0 , 71.4285714285714 , 12.5 , 5.35714285714286 , 10.7142857142857 , 0 , 0 , 18.0535714285714 , 0 , 0 , 0 , 0 
31-Jan-2006 10:28,200511,BIRMINGHAM,NETHERLANDS,AMSTERDAM,KLM,A,S, 81 , 0 , 92.5925925925926 , 3.7037037037037 , 3.7037037037037 , 0 , 0 , 0 , 4.7037037037037 , 0 , 0 , 0 , 0 
31-Jan-2006 10:28,200511,BIRMINGHAM,NETHERLANDS,AMSTERDAM,KLM,D,S, 81 , 0 , 82.7160493827161 , 12.3456790123457 , 4.93827160493827 , 0 , 0 , 0 , 6.58024691358025 , 1 , 0 , 0 , 0 
31-Jan-2006 10:28,200511,BIRMINGHAM,NETHERLANDS,AMSTERDAM,KLM CITYHOPPER,A,C, 0 , 0 , 0 , 0 , 0 , 0 , 0 , 0 , 0 , 0 , 3 , 0 , 90 
31-Jan-2006 10:28,200511,BIRMINGHAM,NETHERLANDS,AMSTERDAM,KLM CITYHOPPER,A,S, 88 , 0 , 73.8636363636364 , 7.95454545454546 , 10.2272727272727 , 7.95454545454546 , 0 , 0 , 18.1136363636364 , 0 , 188 , 73.936170212766 , 15.218085106383 
31-Jan-2006 10:28,200511,BIRMINGHAM,NETHERLANDS,AMSTERDAM,KLM CITYHOPPER,D,C, 0 , 0 , 0 , 0 , 0 , 0 , 0 , 0 , 0 , 0 , 1 , 100 , 0 
31-Jan-2006 10:28,200511,BIRMINGHAM,NETHERLANDS,AMSTERDAM,KLM CITYHOPPER,D,S, 86 , 0 , 73.2558139534884 , 11.6279069767442 , 4.65116279069767 , 10.4651162790698 , 0 , 0 , 16.0232558139535 , 0 , 182 , 75.2747252747253 , 18.2637362637363 
31-Jan-2006 10:28,200511,BIRMINGHAM,NETHERLANDS,AMSTERDAM,THOMSONFLY LTD,A,S, 0 , 1 , 0 , 0 , 0 , 0 , 0 , 0 , 0 , 0 , 0 , 0 , 0 
31-Jan-2006 10:28,200511,BIRMINGHAM,NETHERLANDS,ROTTERDAM,KLM CITYHOPPER,A,C, 2 , 0 , 100 , 0 , 0 , 0 , 0 , 0 , 0 , 0 , 0 , 0 , 0 
31-Jan-2006 10:28,200511,BIRMINGHAM,NETHERLANDS,ROTTERDAM,KLM CITYHOPPER,D,C, 2 , 0 , 50 , 0 , 50 , 0 , 0 , 0 , 35 , 0 , 0 , 0 , 0 
31-Jan-2006 10:28,200511,BIRMINGHAM,NORWAY,EVENES,ASTRAEUS LTD,A,C, 1 , 0 , 100 , 0 , 0 , 0 , 0 , 0 , 0 , 0 , 1 , 0 , 21 
31-Jan-2006 10:28,200511,BIRMINGHAM,NORWAY,EVENES,ASTRAEUS LTD,D,C, 1 , 0 , 0 , 0 , 0 , 100 , 0 , 0 , 64 , 0 , 1 , 100 , 6 
31-Jan-2006 10:28,200511,BIRMINGHAM,NORWAY,OSLO (GARDERMOEN),BRAATHENS ASA,A,C, 1 , 0 , 0 , 100 , 0 , 0 , 0 , 0 , 29 , 0 , 0 , 0 , 0 
31-Jan-2006 10:28,200511,BIRMINGHAM,PAKISTAN,ISLAMABAD,PAKISTAN INTL AIRLINES,A,S, 21 , 0 , 85.7142857142857 , 4.76190476190476 , 4.76190476190476 , 4.76190476190476 , 0 , 0 , 9.33333333333333 , 0 , 12 , 66.6666666666667 , 12.9166666666667 
31-Jan-2006 10:28,200511,BIRMINGHAM,PAKISTAN,ISLAMABAD,PAKISTAN INTL AIRLINES,D,S, 21 , 0 , 85.7142857142857 , 9.52380952380952 , 4.76190476190476 , 0 , 0 , 0 , 7 , 0 , 12 , 66.6666666666667 , 17.1666666666667 
31-Jan-2006 10:28,200511,BIRMINGHAM,PAKISTAN,LAHORE,PAKISTAN INTL AIRLINES,A,S, 0 , 0 , 0 , 0 , 0 , 0 , 0 , 0 , 0 , 0 , 1 , 100 , 0 
31-Jan-2006 10:28,200511,BIRMINGHAM,PAKISTAN,LAHORE,PAKISTAN INTL AIRLINES,D,S, 0 , 0 , 0 , 0 , 0 , 0 , 0 , 0 , 0 , 0 , 1 , 100 , 15 
31-Jan-2006 10:28,200511,BIRMINGHAM,PORTUGAL(EXCLUDING MADEIRA),FARO,FIRST CHOICE AIRWAYS LTD,A,C, 2 , 0 , 100 , 0 , 0 , 0 , 0 , 0 , 0 , 0 , 0 , 0 , 0 
31-Jan-2006 10:28,200511,BIRMINGHAM,PORTUGAL(EXCLUDING MADEIRA),FARO,FIRST CHOICE AIRWAYS LTD,D,C, 2 , 0 , 100 , 0 , 0 , 0 , 0 , 0 , 2.5 , 0 , 0 , 0 , 0 
31-Jan-2006 10:28,200511,BIRMINGHAM,PORTUGAL(EXCLUDING MADEIRA),FARO,FLYBE LTD,A,S, 13 , 0 , 69.2307692307692 , 7.69230769230769 , 15.3846153846154 , 7.69230769230769 , 0 , 0 , 17.5384615384615 , 0 , 0 , 0 , 0 
31-Jan-2006 10:28,200511,BIRMINGHAM,PORTUGAL(EXCLUDING MADEIRA),FARO,FLYBE LTD,D,S, 13 , 0 , 61.5384615384615 , 23.0769230769231 , 7.69230769230769 , 7.69230769230769 , 0 , 0 , 20.3076923076923 , 0 , 0 , 0 , 0 
31-Jan-2006 10:28,200511,BIRMINGHAM,PORTUGAL(EXCLUDING MADEIRA),FARO,MY TRAVEL AIRWAYS UK,A,S, 0 , 0 , 0 , 0 , 0 , 0 , 0 , 0 , 0 , 0 , 16 , 87.5 , 81.5 
31-Jan-2006 10:28,200511,BIRMINGHAM,PORTUGAL(EXCLUDING MADEIRA),FARO,MY TRAVEL AIRWAYS UK,D,S, 0 , 0 , 0 , 0 , 0 , 0 , 0 , 0 , 0 , 0 , 16 , 81.25 , 8.75 
31-Jan-2006 10:28,200511,BIRMINGHAM,PORTUGAL(EXCLUDING MADEIRA),FARO,THOMSONFLY LTD,A,C, 4 , 0 , 75 , 25 , 0 , 0 , 0 , 0 , 9.25 , 0 , 1 , 100 , 0 
31-Jan-2006 10:28,200511,BIRMINGHAM,PORTUGAL(EXCLUDING MADEIRA),FARO,THOMSONFLY LTD,A,S, 0 , 1 , 0 , 0 , 0 , 0 , 0 , 0 , 0 , 0 , 0 , 0 , 0 
31-Jan-2006 10:28,200511,BIRMINGHAM,PORTUGAL(EXCLUDING MADEIRA),FARO,THOMSONFLY LTD,D,C, 4 , 0 , 100 , 0 , 0 , 0 , 0 , 0 , 6 , 0 , 0 , 0 , 0 
31-Jan-2006 10:28,200511,BIRMINGHAM,PORTUGAL(MADEIRA),FUNCHAL,FIRST CHOICE AIRWAYS LTD,A,C, 4 , 0 , 75 , 0 , 25 , 0 , 0 , 0 , 12.25 , 0 , 5 , 60 , 11 
31-Jan-2006 10:28,200511,BIRMINGHAM,PORTUGAL(MADEIRA),FUNCHAL,FIRST CHOICE AIRWAYS LTD,D,C, 4 , 0 , 75 , 25 , 0 , 0 , 0 , 0 , 5.5 , 0 , 5 , 100 , 0.4 
31-Jan-2006 10:28,200511,BIRMINGHAM,SLOVAK REPUBLIC,BRATISLAVA,AIR SLOVAKIA BWJ,A,C, 0 , 0 , 0 , 0 , 0 , 0 , 0 , 0 , 0 , 0 , 9 , 44.4444444444444 , 71.3333333333333 
31-Jan-2006 10:28,200511,BIRMINGHAM,SLOVAK REPUBLIC,BRATISLAVA,AIR SLOVAKIA BWJ,A,S, 6 , 0 , 66.6666666666667 , 0 , 33.3333333333333 , 0 , 0 , 0 , 15.1666666666667 , 0 , 0 , 0 , 0 
31-Jan-2006 10:28,200511,BIRMINGHAM,SLOVAK REPUBLIC,BRATISLAVA,AIR SLOVAKIA BWJ,D,C, 0 , 0 , 0 , 0 , 0 , 0 , 0 , 0 , 0 , 0 , 8 , 25 , 35.875 
31-Jan-2006 10:28,200511,BIRMINGHAM,SLOVAK REPUBLIC,BRATISLAVA,AIR SLOVAKIA BWJ,D,S, 5 , 0 , 60 , 20 , 0 , 20 , 0 , 0 , 20.4 , 0 , 0 , 0 , 0 
31-Jan-2006 10:28,200511,BIRMINGHAM,SPAIN,ALICANTE,BMIBABY LTD,A,S, 25 , 0 , 88 , 0 , 4 , 4 , 4 , 0 , 16.52 , 0 , 0 , 0 , 0 
31-Jan-2006 10:28,200511,BIRMINGHAM,SPAIN,ALICANTE,BMIBABY LTD,D,S, 25 , 0 , 80 , 12 , 4 , 4 , 0 , 0 , 13.52 , 1 , 0 , 0 , 0 
31-Jan-2006 10:28,200511,BIRMINGHAM,SPAIN,ALICANTE,FIRST CHOICE AIRWAYS LTD,A,C, 3 , 0 , 100 , 0 , 0 , 0 , 0 , 0 , 0 , 0 , 4 , 100 , 3.5 
31-Jan-2006 10:28,200511,BIRMINGHAM,SPAIN,ALICANTE,FIRST CHOICE AIRWAYS LTD,D,C, 3 , 0 , 100 , 0 , 0 , 0 , 0 , 0 , 0 , 0 , 4 , 100 , 3.75 
31-Jan-2006 10:28,200511,BIRMINGHAM,SPAIN,ALICANTE,FLYBE LTD,A,S, 12 , 0 , 91.6666666666667 , 8.33333333333333 , 0 , 0 , 0 , 0 , 2.83333333333333 , 1 , 0 , 0 , 0 
31-Jan-2006 10:28,200511,BIRMINGHAM,SPAIN,ALICANTE,FLYBE LTD,D,S, 13 , 0 , 84.6153846153846 , 15.3846153846154 , 0 , 0 , 0 , 0 , 8.69230769230769 , 0 , 0 , 0 , 0 
31-Jan-2006 10:28,200511,BIRMINGHAM,SPAIN,ALICANTE,MONARCH AIRLINES,A,C, 0 , 0 , 0 , 0 , 0 , 0 , 0 , 0 , 0 , 0 , 3 , 66.6666666666667 , 6 
31-Jan-2006 10:28,200511,BIRMINGHAM,SPAIN,ALICANTE,MONARCH AIRLINES,A,S, 16 , 1 , 81.25 , 12.5 , 0 , 6.25 , 0 , 0 , 9.9375 , 1 , 0 , 0 , 0 
31-Jan-2006 10:28,200511,BIRMINGHAM,SPAIN,ALICANTE,MONARCH AIRLINES,D,C, 0 , 0 , 0 , 0 , 0 , 0 , 0 , 0 , 0 , 0 , 3 , 100 , 0 
31-Jan-2006 10:28,200511,BIRMINGHAM,SPAIN,ALICANTE,MONARCH AIRLINES,D,S, 17 , 0 , 88.2352941176471 , 5.88235294117647 , 0 , 5.88235294117647 , 0 , 0 , 8.82352941176471 , 0 , 0 , 0 , 0 
31-Jan-2006 10:28,200511,BIRMINGHAM,SPAIN,ALICANTE,MY TRAVEL AIRWAYS UK,A,C, 4 , 0 , 75 , 25 , 0 , 0 , 0 , 0 , 9.5 , 0 , 0 , 0 , 0 
31-Jan-2006 10:28,200511,BIRMINGHAM,SPAIN,ALICANTE,MY TRAVEL AIRWAYS UK,A,S, 0 , 0 , 0 , 0 , 0 , 0 , 0 , 0 , 0 , 0 , 30 , 90 , 6.2 
31-Jan-2006 10:28,200511,BIRMINGHAM,SPAIN,ALICANTE,MY TRAVEL AIRWAYS UK,D,C, 4 , 0 , 75 , 0 , 25 , 0 , 0 , 0 , 9 , 0 , 0 , 0 , 0 
31-Jan-2006 10:28,200511,BIRMINGHAM,SPAIN,ALICANTE,MY TRAVEL AIRWAYS UK,D,S, 0 , 0 , 0 , 0 , 0 , 0 , 0 , 0 , 0 , 0 , 30 , 83.3333333333333 , 9.76666666666667 
31-Jan-2006 10:28,200511,BIRMINGHAM,SPAIN,ALICANTE,THOMAS COOK AIRLINES LTD,A,C, 4 , 0 , 50 , 25 , 25 , 0 , 0 , 0 , 15.75 , 0 , 4 , 100 , 0 
31-Jan-2006 10:28,200511,BIRMINGHAM,SPAIN,ALICANTE,THOMAS COOK AIRLINES LTD,D,C, 4 , 0 , 75 , 0 , 25 , 0 , 0 , 0 , 10.25 , 0 , 4 , 100 , 0 
31-Jan-2006 10:28,200511,BIRMINGHAM,SPAIN,ALICANTE,THOMSONFLY LTD,A,C, 9 , 0 , 100 , 0 , 0 , 0 , 0 , 0 , 1.44444444444444 , 0 , 13 , 84.6153846153846 , 3.23076923076923 
31-Jan-2006 10:28,200511,BIRMINGHAM,SPAIN,ALICANTE,THOMSONFLY LTD,D,C, 9 , 0 , 88.8888888888889 , 11.1111111111111 , 0 , 0 , 0 , 0 , 3.66666666666667 , 0 , 13 , 84.6153846153846 , 4.46153846153846 
31-Jan-2006 10:28,200511,BIRMINGHAM,SPAIN,ALICANTE,THOMSONFLY LTD,D,S, 0 , 1 , 0 , 0 , 0 , 0 , 0 , 0 , 0 , 0 , 0 , 0 , 0 
31-Jan-2006 10:28,200511,BIRMINGHAM,SPAIN,ALMERIA,MY TRAVEL AIRWAYS UK,A,S, 0 , 0 , 0 , 0 , 0 , 0 , 0 , 0 , 0 , 0 , 13 , 84.6153846153846 , 3.76923076923077 
31-Jan-2006 10:28,200511,BIRMINGHAM,SPAIN,ALMERIA,MY TRAVEL AIRWAYS UK,D,S, 0 , 0 , 0 , 0 , 0 , 0 , 0 , 0 , 0 , 0 , 13 , 92.3076923076923 , 8.92307692307692 
31-Jan-2006 10:28,200511,BIRMINGHAM,SPAIN,BARCELONA,BRITISH AIRWAYS CITIEXPRESS LTD,A,S, 16 , 0 , 100 , 0 , 0 , 0 , 0 , 0 , 1.25 , 0 , 17 , 100 , 1.05882352941176 
31-Jan-2006 10:28,200511,BIRMINGHAM,SPAIN,BARCELONA,BRITISH AIRWAYS CITIEXPRESS LTD,D,S, 17 , 0 , 100 , 0 , 0 , 0 , 0 , 0 , 1.47058823529412 , 0 , 17 , 94.1176470588235 , 2.82352941176471 
31-Jan-2006 10:28,200511,BIRMINGHAM,SPAIN,BARCELONA,MY TRAVEL AIRWAYS UK,A,S, 0 , 0 , 0 , 0 , 0 , 0 , 0 , 0 , 0 , 0 , 20 , 45 , 27.55 
31-Jan-2006 10:28,200511,BIRMINGHAM,SPAIN,BARCELONA,MY TRAVEL AIRWAYS UK,D,S, 0 , 0 , 0 , 0 , 0 , 0 , 0 , 0 , 0 , 0 , 21 , 76.1904761904762 , 14.6190476190476 
31-Jan-2006 10:28,200511,BIRMINGHAM,SPAIN,BARCELONA,THOMSONFLY LTD,D,S, 0 , 1 , 0 , 0 , 0 , 0 , 0 , 0 , 0 , 0 , 0 , 0 , 0 
31-Jan-2006 10:28,200511,BIRMINGHAM,SPAIN,GERONA,RYANAIR,A,S, 0 , 1 , 0 , 0 , 0 , 0 , 0 , 0 , 0 , 0 , 0 , 0 , 0 
31-Jan-2006 10:28,200511,BIRMINGHAM,SPAIN,MADRID,BRITISH AIRWAYS CITIEXPRESS LTD,A,S, 30 , 0 , 76.6666666666667 , 3.33333333333333 , 10 , 10 , 0 , 0 , 16.8666666666667 , 0 , 29 , 93.1034482758621 , 4.51724137931035 
31-Jan-2006 10:28,200511,BIRMINGHAM,SPAIN,MADRID,BRITISH AIRWAYS CITIEXPRESS LTD,D,S, 30 , 0 , 76.6666666666667 , 3.33333333333333 , 6.66666666666667 , 13.3333333333333 , 0 , 0 , 18.5 , 0 , 30 , 93.3333333333333 , 6.03333333333333 
31-Jan-2006 10:28,200511,BIRMINGHAM,SPAIN,MALAGA,BMIBABY LTD,A,S, 30 , 0 , 50 , 33.3333333333333 , 3.33333333333333 , 10 , 3.33333333333333 , 0 , 23.6333333333333 , 0 , 0 , 0 , 0 
31-Jan-2006 10:28,200511,BIRMINGHAM,SPAIN,MALAGA,BMIBABY LTD,D,S, 30 , 0 , 80 , 10 , 6.66666666666667 , 0 , 3.33333333333333 , 0 , 15.0333333333333 , 0 , 0 , 0 , 0 
31-Jan-2006 10:28,200511,BIRMINGHAM,SPAIN,MALAGA,FIRST CHOICE AIRWAYS LTD,A,C, 4 , 0 , 75 , 25 , 0 , 0 , 0 , 0 , 8.25 , 0 , 4 , 100 , 3 
31-Jan-2006 10:28,200511,BIRMINGHAM,SPAIN,MALAGA,FIRST CHOICE AIRWAYS LTD,D,C, 4 , 0 , 100 , 0 , 0 , 0 , 0 , 0 , 4 , 0 , 4 , 100 , 1.75 
31-Jan-2006 10:28,200511,BIRMINGHAM,SPAIN,MALAGA,FLYBE LTD,A,S, 13 , 0 , 84.6153846153846 , 7.69230769230769 , 7.69230769230769 , 0 , 0 , 0 , 6.92307692307692 , 0 , 0 , 0 , 0 
31-Jan-2006 10:28,200511,BIRMINGHAM,SPAIN,MALAGA,FLYBE LTD,D,S, 13 , 0 , 84.6153846153846 , 15.3846153846154 , 0 , 0 , 0 , 0 , 7.30769230769231 , 0 , 0 , 0 , 0 
31-Jan-2006 10:28,200511,BIRMINGHAM,SPAIN,MALAGA,MONARCH AIRLINES,A,S, 19 , 0 , 78.9473684210526 , 10.5263157894737 , 10.5263157894737 , 0 , 0 , 0 , 10.4210526315789 , 0 , 0 , 0 , 0 
31-Jan-2006 10:28,200511,BIRMINGHAM,SPAIN,MALAGA,MONARCH AIRLINES,D,S, 19 , 0 , 89.4736842105263 , 10.5263157894737 , 0 , 0 , 0 , 0 , 4.63157894736842 , 0 , 0 , 0 , 0 
31-Jan-2006 10:28,200511,BIRMINGHAM,SPAIN,MALAGA,MY TRAVEL AIRWAYS UK,A,S, 1 , 0 , 100 , 0 , 0 , 0 , 0 , 0 , 0 , 0 , 30 , 76.6666666666667 , 15.3 
31-Jan-2006 10:28,200511,BIRMINGHAM,SPAIN,MALAGA,MY TRAVEL AIRWAYS UK,D,S, 0 , 0 , 0 , 0 , 0 , 0 , 0 , 0 , 0 , 0 , 30 , 80 , 17.3666666666667 
31-Jan-2006 10:28,200511,BIRMINGHAM,SPAIN,MALAGA,THOMAS COOK AIRLINES LTD,A,C, 1 , 0 , 100 , 0 , 0 , 0 , 0 , 0 , 0 , 0 , 0 , 0 , 0 
31-Jan-2006 10:28,200511,BIRMINGHAM,SPAIN,MALAGA,THOMSONFLY LTD,A,C, 4 , 0 , 100 , 0 , 0 , 0 , 0 , 0 , 0 , 0 , 10 , 90 , 2.1 
31-Jan-2006 10:28,200511,BIRMINGHAM,SPAIN,MALAGA,THOMSONFLY LTD,D,C, 4 , 0 , 100 , 0 , 0 , 0 , 0 , 0 , 4.5 , 0 , 10 , 100 , 0.9 
31-Jan-2006 10:28,200511,BIRMINGHAM,SPAIN,MALAGA,THOMSONFLY LTD,D,S, 0 , 1 , 0 , 0 , 0 , 0 , 0 , 0 , 0 , 0 , 0 , 0 , 0 
31-Jan-2006 10:28,200511,BIRMINGHAM,SPAIN,MURCIA SAN JAVIER,FLYBE LTD,A,S, 13 , 0 , 69.2307692307692 , 7.69230769230769 , 15.3846153846154 , 7.69230769230769 , 0 , 0 , 16.7692307692308 , 0 , 0 , 0 , 0 
31-Jan-2006 10:28,200511,BIRMINGHAM,SPAIN,MURCIA SAN JAVIER,FLYBE LTD,D,S, 13 , 0 , 76.9230769230769 , 7.69230769230769 , 15.3846153846154 , 0 , 0 , 0 , 9.15384615384615 , 0 , 0 , 0 , 0 
31-Jan-2006 10:28,200511,BIRMINGHAM,SPAIN,MURCIA SAN JAVIER,MY TRAVEL AIRWAYS UK,A,S, 0 , 0 , 0 , 0 , 0 , 0 , 0 , 0 , 0 , 0 , 21 , 85.7142857142857 , 13.2380952380952 
31-Jan-2006 10:28,200511,BIRMINGHAM,SPAIN,MURCIA SAN JAVIER,MY TRAVEL AIRWAYS UK,D,S, 0 , 0 , 0 , 0 , 0 , 0 , 0 , 0 , 0 , 0 , 23 , 73.9130434782609 , 36 
31-Jan-2006 10:28,200511,BIRMINGHAM,SPAIN,PALMA DE MALLORCA,BMIBABY LTD,A,S, 13 , 0 , 76.9230769230769 , 0 , 23.0769230769231 , 0 , 0 , 0 , 12.5384615384615 , 0 , 0 , 0 , 0 
31-Jan-2006 10:28,200511,BIRMINGHAM,SPAIN,PALMA DE MALLORCA,BMIBABY LTD,D,S, 13 , 0 , 61.5384615384615 , 15.3846153846154 , 15.3846153846154 , 7.69230769230769 , 0 , 0 , 18 , 0 , 0 , 0 , 0 
31-Jan-2006 10:28,200511,BIRMINGHAM,SPAIN,PALMA DE MALLORCA,FIRST CHOICE AIRWAYS LTD,A,C, 2 , 0 , 50 , 50 , 0 , 0 , 0 , 0 , 11.5 , 0 , 2 , 100 , 0.5 
31-Jan-2006 10:28,200511,BIRMINGHAM,SPAIN,PALMA DE MALLORCA,MY TRAVEL AIRWAYS UK,A,S, 1 , 0 , 100 , 0 , 0 , 0 , 0 , 0 , 0 , 0 , 19 , 68.421052631579 , 24.5789473684211 
31-Jan-2006 10:28,200511,BIRMINGHAM,SPAIN,PALMA DE MALLORCA,MY TRAVEL AIRWAYS UK,D,S, 0 , 0 , 0 , 0 , 0 , 0 , 0 , 0 , 0 , 0 , 20 , 85 , 28.1 
31-Jan-2006 10:28,200511,BIRMINGHAM,SPAIN,PALMA DE MALLORCA,THOMAS COOK AIRLINES LTD,A,C, 1 , 0 , 0 , 0 , 0 , 100 , 0 , 0 , 99 , 0 , 1 , 100 , 0 
31-Jan-2006 10:28,200511,BIRMINGHAM,SPAIN,PALMA DE MALLORCA,THOMAS COOK AIRLINES LTD,D,C, 1 , 0 , 0 , 0 , 0 , 100 , 0 , 0 , 102 , 0 , 1 , 100 , 9 
31-Jan-2006 10:28,200511,BIRMINGHAM,SPAIN,PALMA DE MALLORCA,THOMSONFLY LTD,A,C, 11 , 0 , 90.9090909090909 , 0 , 9.09090909090909 , 0 , 0 , 0 , 5.18181818181818 , 0 , 13 , 92.3076923076923 , 2.53846153846154 
31-Jan-2006 10:28,200511,BIRMINGHAM,SPAIN,PALMA DE MALLORCA,THOMSONFLY LTD,D,C, 10 , 0 , 90 , 0 , 10 , 0 , 0 , 0 , 6 , 0 , 12 , 100 , 0.833333333333333 
31-Jan-2006 10:28,200511,BIRMINGHAM,SPAIN,SEVILLE,FIRST CHOICE AIRWAYS LTD,A,C, 1 , 0 , 100 , 0 , 0 , 0 , 0 , 0 , 0 , 0 , 0 , 0 , 0 
31-Jan-2006 10:28,200511,BIRMINGHAM,SPAIN,SEVILLE,FIRST CHOICE AIRWAYS LTD,D,C, 1 , 0 , 100 , 0 , 0 , 0 , 0 , 0 , 5 , 0 , 0 , 0 , 0 
31-Jan-2006 10:28,200511,BIRMINGHAM,SPAIN,VALENCIA,THOMSONFLY LTD,D,S, 0 , 1 , 0 , 0 , 0 , 0 , 0 , 0 , 0 , 0 , 0 , 0 , 0 
31-Jan-2006 10:28,200511,BIRMINGHAM,SPAIN(CANARY ISLANDS),ARRECIFE,AIR MALTA,A,C, 3 , 0 , 66.6666666666667 , 33.3333333333333 , 0 , 0 , 0 , 0 , 8.66666666666667 , 0 , 0 , 0 , 0 
31-Jan-2006 10:28,200511,BIRMINGHAM,SPAIN(CANARY ISLANDS),ARRECIFE,AIR MALTA,D,C, 3 , 0 , 66.6666666666667 , 33.3333333333333 , 0 , 0 , 0 , 0 , 8.66666666666667 , 0 , 0 , 0 , 0 
31-Jan-2006 10:28,200511,BIRMINGHAM,SPAIN(CANARY ISLANDS),ARRECIFE,EXCEL AIRWAYS LTD,A,C, 0 , 0 , 0 , 0 , 0 , 0 , 0 , 0 , 0 , 0 , 1 , 100 , 9 
31-Jan-2006 10:28,200511,BIRMINGHAM,SPAIN(CANARY ISLANDS),ARRECIFE,FIRST CHOICE AIRWAYS LTD,A,C, 0 , 0 , 0 , 0 , 0 , 0 , 0 , 0 , 0 , 0 , 4 , 100 , 2.25 
31-Jan-2006 10:28,200511,BIRMINGHAM,SPAIN(CANARY ISLANDS),ARRECIFE,FIRST CHOICE AIRWAYS LTD,D,C, 0 , 0 , 0 , 0 , 0 , 0 , 0 , 0 , 0 , 0 , 4 , 100 , 2.25 
31-Jan-2006 10:28,200511,BIRMINGHAM,SPAIN(CANARY ISLANDS),ARRECIFE,MONARCH AIRLINES,A,C, 4 , 0 , 50 , 50 , 0 , 0 , 0 , 0 , 12.75 , 0 , 4 , 75 , 12.25 
31-Jan-2006 10:28,200511,BIRMINGHAM,SPAIN(CANARY ISLANDS),ARRECIFE,MONARCH AIRLINES,D,C, 4 , 0 , 100 , 0 , 0 , 0 , 0 , 0 , 1.75 , 0 , 4 , 100 , 1.75 
31-Jan-2006 10:28,200511,BIRMINGHAM,SPAIN(CANARY ISLANDS),ARRECIFE,MY TRAVEL AIRWAYS UK,A,C, 5 , 0 , 80 , 0 , 0 , 20 , 0 , 0 , 15.6 , 0 , 5 , 80 , 6.4 
31-Jan-2006 10:28,200511,BIRMINGHAM,SPAIN(CANARY ISLANDS),ARRECIFE,MY TRAVEL AIRWAYS UK,D,C, 4 , 0 , 75 , 0 , 0 , 25 , 0 , 0 , 23.25 , 0 , 5 , 80 , 16.4 
31-Jan-2006 10:28,200511,BIRMINGHAM,SPAIN(CANARY ISLANDS),ARRECIFE,THOMAS COOK AIRLINES LTD,A,C, 4 , 0 , 100 , 0 , 0 , 0 , 0 , 0 , 0.5 , 0 , 4 , 100 , 1 
31-Jan-2006 10:28,200511,BIRMINGHAM,SPAIN(CANARY ISLANDS),ARRECIFE,THOMAS COOK AIRLINES LTD,D,C, 4 , 0 , 100 , 0 , 0 , 0 , 0 , 0 , 1.75 , 0 , 4 , 100 , 0 
31-Jan-2006 10:28,200511,BIRMINGHAM,SPAIN(CANARY ISLANDS),ARRECIFE,THOMSONFLY LTD,A,C, 9 , 0 , 22.2222222222222 , 44.4444444444444 , 22.2222222222222 , 11.1111111111111 , 0 , 0 , 33.2222222222222 , 0 , 8 , 87.5 , 7.375 
31-Jan-2006 10:28,200511,BIRMINGHAM,SPAIN(CANARY ISLANDS),ARRECIFE,THOMSONFLY LTD,D,C, 9 , 0 , 100 , 0 , 0 , 0 , 0 , 0 , 2.77777777777778 , 0 , 8 , 75 , 12.25 
31-Jan-2006 10:28,200511,BIRMINGHAM,SPAIN(CANARY ISLANDS),ARRECIFE,VOLAR AIRLINES,A,C, 4 , 0 , 100 , 0 , 0 , 0 , 0 , 0 , 1.75 , 0 , 0 , 0 , 0 
31-Jan-2006 10:28,200511,BIRMINGHAM,SPAIN(CANARY ISLANDS),ARRECIFE,VOLAR AIRLINES,D,C, 4 , 0 , 100 , 0 , 0 , 0 , 0 , 0 , 0 , 0 , 0 , 0 , 0 
31-Jan-2006 10:28,200511,BIRMINGHAM,SPAIN(CANARY ISLANDS),FUERTEVENTURA,MY TRAVEL AIRWAYS UK,A,C, 5 , 0 , 100 , 0 , 0 , 0 , 0 , 0 , 0 , 0 , 4 , 100 , 1.75 
31-Jan-2006 10:28,200511,BIRMINGHAM,SPAIN(CANARY ISLANDS),FUERTEVENTURA,MY TRAVEL AIRWAYS UK,D,C, 5 , 0 , 60 , 20 , 20 , 0 , 0 , 0 , 12 , 0 , 4 , 100 , 2.75 
31-Jan-2006 10:28,200511,BIRMINGHAM,SPAIN(CANARY ISLANDS),FUERTEVENTURA,THOMAS COOK AIRLINES LTD,A,C, 7 , 0 , 100 , 0 , 0 , 0 , 0 , 0 , 1.57142857142857 , 0 , 8 , 100 , 1.875 
31-Jan-2006 10:28,200511,BIRMINGHAM,SPAIN(CANARY ISLANDS),FUERTEVENTURA,THOMAS COOK AIRLINES LTD,D,C, 9 , 0 , 66.6666666666667 , 22.2222222222222 , 0 , 0 , 11.1111111111111 , 0 , 26.7777777777778 , 0 , 8 , 100 , 0.125 
31-Jan-2006 10:28,200511,BIRMINGHAM,SPAIN(CANARY ISLANDS),FUERTEVENTURA,THOMSONFLY LTD,A,C, 5 , 0 , 100 , 0 , 0 , 0 , 0 , 0 , 0.8 , 0 , 5 , 100 , 0 
31-Jan-2006 10:28,200511,BIRMINGHAM,SPAIN(CANARY ISLANDS),FUERTEVENTURA,THOMSONFLY LTD,D,C, 5 , 0 , 100 , 0 , 0 , 0 , 0 , 0 , 1.8 , 0 , 5 , 80 , 4.6 
31-Jan-2006 10:28,200511,BIRMINGHAM,SPAIN(CANARY ISLANDS),LAS PALMAS,MONARCH AIRLINES,A,C, 4 , 0 , 50 , 25 , 25 , 0 , 0 , 0 , 16.25 , 0 , 0 , 0 , 0 
31-Jan-2006 10:28,200511,BIRMINGHAM,SPAIN(CANARY ISLANDS),LAS PALMAS,MONARCH AIRLINES,D,C, 4 , 0 , 100 , 0 , 0 , 0 , 0 , 0 , 1.5 , 0 , 0 , 0 , 0 
31-Jan-2006 10:28,200511,BIRMINGHAM,SPAIN(CANARY ISLANDS),LAS PALMAS,MY TRAVEL AIRWAYS UK,A,C, 5 , 0 , 100 , 0 , 0 , 0 , 0 , 0 , 0 , 0 , 4 , 100 , 6.75 
31-Jan-2006 10:28,200511,BIRMINGHAM,SPAIN(CANARY ISLANDS),LAS PALMAS,MY TRAVEL AIRWAYS UK,D,C, 4 , 0 , 100 , 0 , 0 , 0 , 0 , 0 , 0.25 , 0 , 4 , 100 , 6.75 
31-Jan-2006 10:28,200511,BIRMINGHAM,SPAIN(CANARY ISLANDS),LAS PALMAS,THOMAS COOK AIRLINES LTD,A,C, 6 , 0 , 100 , 0 , 0 , 0 , 0 , 0 , 0.166666666666667 , 0 , 9 , 100 , 0.666666666666667 
31-Jan-2006 10:28,200511,BIRMINGHAM,SPAIN(CANARY ISLANDS),LAS PALMAS,THOMAS COOK AIRLINES LTD,D,C, 4 , 0 , 100 , 0 , 0 , 0 , 0 , 0 , 4 , 0 , 7 , 100 , 0.857142857142857 
31-Jan-2006 10:28,200511,BIRMINGHAM,SPAIN(CANARY ISLANDS),LAS PALMAS,THOMSONFLY LTD,A,C, 8 , 0 , 75 , 0 , 25 , 0 , 0 , 0 , 14.375 , 0 , 9 , 88.8888888888889 , 2.44444444444444 
31-Jan-2006 10:28,200511,BIRMINGHAM,SPAIN(CANARY ISLANDS),LAS PALMAS,THOMSONFLY LTD,D,C, 8 , 0 , 87.5 , 0 , 12.5 , 0 , 0 , 0 , 5.5 , 0 , 9 , 100 , 2.55555555555556 
31-Jan-2006 10:28,200511,BIRMINGHAM,SPAIN(CANARY ISLANDS),TENERIFE (SURREINA SOFIA),FIRST CHOICE AIRWAYS LTD,A,C, 9 , 0 , 100 , 0 , 0 , 0 , 0 , 0 , 3 , 0 , 9 , 100 , 0.111111111111111 
31-Jan-2006 10:28,200511,BIRMINGHAM,SPAIN(CANARY ISLANDS),TENERIFE (SURREINA SOFIA),FIRST CHOICE AIRWAYS LTD,D,C, 9 , 0 , 88.8888888888889 , 11.1111111111111 , 0 , 0 , 0 , 0 , 6.66666666666667 , 0 , 9 , 100 , 3.44444444444444 
31-Jan-2006 10:28,200511,BIRMINGHAM,SPAIN(CANARY ISLANDS),TENERIFE (SURREINA SOFIA),MONARCH AIRLINES,A,C, 9 , 0 , 55.5555555555556 , 22.2222222222222 , 11.1111111111111 , 0 , 11.1111111111111 , 0 , 41.2222222222222 , 0 , 13 , 100 , 2.23076923076923 
31-Jan-2006 10:28,200511,BIRMINGHAM,SPAIN(CANARY ISLANDS),TENERIFE (SURREINA SOFIA),MONARCH AIRLINES,A,S, 27 , 4 , 85.1851851851852 , 7.40740740740741 , 3.7037037037037 , 0 , 0 , 3.7037037037037 , 45.7777777777778 , 0 , 0 , 0 , 0 
31-Jan-2006 10:28,200511,BIRMINGHAM,SPAIN(CANARY ISLANDS),TENERIFE (SURREINA SOFIA),MONARCH AIRLINES,D,C, 9 , 0 , 66.6666666666667 , 33.3333333333333 , 0 , 0 , 0 , 0 , 10.5555555555556 , 0 , 13 , 100 , 0.692307692307692 
31-Jan-2006 10:28,200511,BIRMINGHAM,SPAIN(CANARY ISLANDS),TENERIFE (SURREINA SOFIA),MONARCH AIRLINES,D,S, 30 , 0 , 93.3333333333333 , 3.33333333333333 , 3.33333333333333 , 0 , 0 , 0 , 4.36666666666667 , 0 , 0 , 0 , 0 
31-Jan-2006 10:28,200511,BIRMINGHAM,SPAIN(CANARY ISLANDS),TENERIFE (SURREINA SOFIA),MY TRAVEL AIRWAYS UK,A,C, 8 , 1 , 100 , 0 , 0 , 0 , 0 , 0 , 0 , 0 , 9 , 66.6666666666667 , 9.77777777777778 
31-Jan-2006 10:28,200511,BIRMINGHAM,SPAIN(CANARY ISLANDS),TENERIFE (SURREINA SOFIA),MY TRAVEL AIRWAYS UK,D,C, 9 , 0 , 88.8888888888889 , 11.1111111111111 , 0 , 0 , 0 , 0 , 7.33333333333333 , 0 , 9 , 88.8888888888889 , 9.22222222222222 
31-Jan-2006 10:28,200511,BIRMINGHAM,SPAIN(CANARY ISLANDS),TENERIFE (SURREINA SOFIA),THOMAS COOK AIRLINES LTD,A,C, 9 , 0 , 77.7777777777778 , 22.2222222222222 , 0 , 0 , 0 , 0 , 4.33333333333333 , 0 , 10 , 90 , 5.8 
31-Jan-2006 10:28,200511,BIRMINGHAM,SPAIN(CANARY ISLANDS),TENERIFE (SURREINA SOFIA),THOMAS COOK AIRLINES LTD,D,C, 9 , 0 , 66.6666666666667 , 11.1111111111111 , 22.2222222222222 , 0 , 0 , 0 , 12.2222222222222 , 0 , 11 , 90.9090909090909 , 8.45454545454546 
31-Jan-2006 10:28,200511,BIRMINGHAM,SPAIN(CANARY ISLANDS),TENERIFE (SURREINA SOFIA),THOMSONFLY LTD,A,C, 9 , 0 , 100 , 0 , 0 , 0 , 0 , 0 , 0.444444444444444 , 0 , 13 , 92.3076923076923 , 2.46153846153846 
31-Jan-2006 10:28,200511,BIRMINGHAM,SPAIN(CANARY ISLANDS),TENERIFE (SURREINA SOFIA),THOMSONFLY LTD,D,C, 9 , 0 , 55.5555555555556 , 44.4444444444444 , 0 , 0 , 0 , 0 , 8.11111111111111 , 0 , 13 , 84.6153846153846 , 3.53846153846154 
31-Jan-2006 10:28,200511,BIRMINGHAM,SPAIN(CANARY ISLANDS),TENERIFE (SURREINA SOFIA),VOLAR AIRLINES,A,C, 4 , 0 , 25 , 25 , 50 , 0 , 0 , 0 , 24.75 , 0 , 4 , 25 , 66.25 
31-Jan-2006 10:28,200511,BIRMINGHAM,SPAIN(CANARY ISLANDS),TENERIFE (SURREINA SOFIA),VOLAR AIRLINES,D,C, 4 , 0 , 25 , 0 , 50 , 25 , 0 , 0 , 41.5 , 0 , 4 , 25 , 94.25 
31-Jan-2006 10:28,200511,BIRMINGHAM,SWEDEN,GOTEBORG,CITY AIRLINE,A,S, 20 , 0 , 85 , 5 , 0 , 10 , 0 , 0 , 15.85 , 2 , 22 , 63.6363636363636 , 40.0909090909091 
31-Jan-2006 10:28,200511,BIRMINGHAM,SWEDEN,GOTEBORG,CITY AIRLINE,D,S, 45 , 0 , 71.1111111111111 , 13.3333333333333 , 11.1111111111111 , 4.44444444444444 , 0 , 0 , 14.0222222222222 , 3 , 26 , 61.5384615384615 , 30.5769230769231 
31-Jan-2006 10:28,200511,BIRMINGHAM,SWEDEN,STOCKHOLM (ARLANDA),SAS,A,S, 13 , 0 , 61.5384615384615 , 30.7692307692308 , 7.69230769230769 , 0 , 0 , 0 , 13.1538461538462 , 0 , 0 , 0 , 0 
31-Jan-2006 10:28,200511,BIRMINGHAM,SWEDEN,STOCKHOLM (ARLANDA),SAS,D,S, 13 , 0 , 76.9230769230769 , 7.69230769230769 , 15.3846153846154 , 0 , 0 , 0 , 11.9230769230769 , 0 , 0 , 0 , 0 
31-Jan-2006 10:28,200511,BIRMINGHAM,SWEDEN,STOCKHOLM (ARLANDA),SKYWAYS EXPRESS,A,S, 0 , 0 , 0 , 0 , 0 , 0 , 0 , 0 , 0 , 0 , 47 , 82.9787234042553 , 6.5531914893617 
31-Jan-2006 10:28,200511,BIRMINGHAM,SWEDEN,STOCKHOLM (ARLANDA),SKYWAYS EXPRESS,D,S, 0 , 0 , 0 , 0 , 0 , 0 , 0 , 0 , 0 , 0 , 47 , 80.8510638297872 , 9.29787234042553 
31-Jan-2006 10:28,200511,BIRMINGHAM,SWITZERLAND,BASLE MULHOUSE,SWISS AIRLINES,A,S, 0 , 0 , 0 , 0 , 0 , 0 , 0 , 0 , 0 , 0 , 48 , 100 , 1.1875 
31-Jan-2006 10:28,200511,BIRMINGHAM,SWITZERLAND,BASLE MULHOUSE,SWISS AIRLINES,D,S, 0 , 0 , 0 , 0 , 0 , 0 , 0 , 0 , 0 , 0 , 48 , 97.9166666666667 , 1.22916666666667 
31-Jan-2006 10:28,200511,BIRMINGHAM,SWITZERLAND,GENEVA,BRITISH AIRWAYS CITIEXPRESS LTD,A,S, 3 , 1 , 33.3333333333333 , 33.3333333333333 , 0 , 33.3333333333333 , 0 , 0 , 30.6666666666667 , 0 , 0 , 0 , 0 
31-Jan-2006 10:28,200511,BIRMINGHAM,SWITZERLAND,GENEVA,BRITISH AIRWAYS CITIEXPRESS LTD,D,S, 4 , 0 , 100 , 0 , 0 , 0 , 0 , 0 , 0 , 0 , 0 , 0 , 0 
31-Jan-2006 10:28,200511,BIRMINGHAM,SWITZERLAND,ZURICH,SWISS AIRLINES,A,S, 85 , 0 , 82.3529411764706 , 10.5882352941176 , 5.88235294117647 , 1.17647058823529 , 0 , 0 , 8.8 , 4 , 81 , 81.4814814814815 , 10.4074074074074 
31-Jan-2006 10:28,200511,BIRMINGHAM,SWITZERLAND,ZURICH,SWISS AIRLINES,D,S, 85 , 0 , 76.4705882352941 , 14.1176470588235 , 8.23529411764706 , 1.17647058823529 , 0 , 0 , 11.9529411764706 , 4 , 82 , 54.8780487804878 , 18 
31-Jan-2006 10:28,200511,BIRMINGHAM,TUNISIA,MONASTIR,MY TRAVEL AIRWAYS UK,A,C, 3 , 0 , 100 , 0 , 0 , 0 , 0 , 0 , 1.66666666666667 , 0 , 4 , 50 , 20.25 
31-Jan-2006 10:28,200511,BIRMINGHAM,TUNISIA,MONASTIR,MY TRAVEL AIRWAYS UK,D,C, 3 , 0 , 100 , 0 , 0 , 0 , 0 , 0 , 1 , 0 , 3 , 100 , 2 
31-Jan-2006 10:28,200511,BIRMINGHAM,TUNISIA,MONASTIR,NOUVELAIR TUNISIE,A,C, 0 , 0 , 0 , 0 , 0 , 0 , 0 , 0 , 0 , 0 , 1 , 100 , 0 
31-Jan-2006 10:28,200511,BIRMINGHAM,TUNISIA,MONASTIR,THOMAS COOK AIRLINES LTD,A,C, 4 , 0 , 50 , 25 , 25 , 0 , 0 , 0 , 14.5 , 0 , 5 , 100 , 3.6 
31-Jan-2006 10:28,200511,BIRMINGHAM,TUNISIA,MONASTIR,THOMAS COOK AIRLINES LTD,D,C, 4 , 0 , 75 , 0 , 25 , 0 , 0 , 0 , 11 , 0 , 4 , 100 , 2.25 
31-Jan-2006 10:28,200511,BIRMINGHAM,TUNISIA,MONASTIR,THOMSONFLY LTD,A,C, 4 , 0 , 50 , 25 , 25 , 0 , 0 , 0 , 14.75 , 0 , 4 , 100 , 0.25 
31-Jan-2006 10:28,200511,BIRMINGHAM,TUNISIA,MONASTIR,THOMSONFLY LTD,D,C, 4 , 0 , 100 , 0 , 0 , 0 , 0 , 0 , 5.25 , 0 , 4 , 100 , 0 
31-Jan-2006 10:28,200511,BIRMINGHAM,TURKEY,ANTALYA,THOMAS COOK AIRLINES LTD,A,C, 1 , 0 , 100 , 0 , 0 , 0 , 0 , 0 , 0 , 0 , 1 , 100 , 0 
31-Jan-2006 10:28,200511,BIRMINGHAM,TURKEY,BODRUM (MILAS),FIRST CHOICE AIRWAYS LTD,A,C, 0 , 0 , 0 , 0 , 0 , 0 , 0 , 0 , 0 , 0 , 1 , 100 , 0 
31-Jan-2006 10:28,200511,BIRMINGHAM,TURKEY,DALAMAN,FIRST CHOICE AIRWAYS LTD,A,C, 1 , 0 , 100 , 0 , 0 , 0 , 0 , 0 , 0 , 0 , 0 , 0 , 0 
31-Jan-2006 10:28,200511,BIRMINGHAM,TURKEY,DALAMAN,THOMAS COOK AIRLINES LTD,A,C, 0 , 1 , 0 , 0 , 0 , 0 , 0 , 0 , 0 , 0 , 1 , 100 , 8 
31-Jan-2006 10:28,200511,BIRMINGHAM,TURKEY,DALAMAN,THOMSONFLY LTD,A,C, 1 , 0 , 100 , 0 , 0 , 0 , 0 , 0 , 0 , 0 , 1 , 100 , 0 
31-Jan-2006 10:28,200511,BIRMINGHAM,TURKEY,IZMIR (ADNAM MENDERES),THOMAS COOK AIRLINES LTD,A,C, 0 , 0 , 0 , 0 , 0 , 0 , 0 , 0 , 0 , 0 , 1 , 100 , 0 
31-Jan-2006 10:28,200511,BIRMINGHAM,TURKMENISTAN,ASHKHABAD,TURKMENISTAN AIRLINES,A,S, 16 , 0 , 87.5 , 12.5 , 0 , 0 , 0 , 0 , 4.625 , 4 , 17 , 58.8235294117647 , 140 
31-Jan-2006 10:28,200511,BIRMINGHAM,TURKMENISTAN,ASHKHABAD,TURKMENISTAN AIRLINES,D,S, 16 , 0 , 68.75 , 25 , 6.25 , 0 , 0 , 0 , 14.5625 , 4 , 17 , 29.4117647058824 , 195.352941176471 
31-Jan-2006 10:28,200511,BIRMINGHAM,UNITED ARAB EMIRATES,DUBAI,EMIRATES,A,S, 60 , 0 , 76.6666666666667 , 10 , 8.33333333333333 , 5 , 0 , 0 , 12.2333333333333 , 0 , 30 , 80 , 6.8 
31-Jan-2006 10:28,200511,BIRMINGHAM,UNITED ARAB EMIRATES,DUBAI,EMIRATES,D,S, 60 , 0 , 70 , 15 , 8.33333333333333 , 6.66666666666667 , 0 , 0 , 14.3833333333333 , 0 , 30 , 56.6666666666667 , 15.4333333333333 
31-Jan-2006 10:28,200511,BIRMINGHAM,UNITED KINGDOM,ABERDEEN,BRITISH AIRWAYS CITIEXPRESS LTD,A,S, 74 , 0 , 81.0810810810811 , 10.8108108108108 , 5.40540540540541 , 2.7027027027027 , 0 , 0 , 8.41891891891892 , 0 , 78 , 92.3076923076923 , 4.98717948717949 
31-Jan-2006 10:28,200511,BIRMINGHAM,UNITED KINGDOM,ABERDEEN,BRITISH AIRWAYS CITIEXPRESS LTD,D,S, 77 , 0 , 83.1168831168831 , 7.79220779220779 , 6.49350649350649 , 2.5974025974026 , 0 , 0 , 8.61038961038961 , 0 , 78 , 89.7435897435898 , 6.65384615384615 
31-Jan-2006 10:28,200511,BIRMINGHAM,UNITED KINGDOM,ABERDEEN,EASTERN AIRWAYS,A,S, 0 , 2 , 0 , 0 , 0 , 0 , 0 , 0 , 0 , 0 , 0 , 0 , 0 
31-Jan-2006 10:28,200511,BIRMINGHAM,UNITED KINGDOM,ABERDEEN,EASTERN AIRWAYS,D,S, 0 , 2 , 0 , 0 , 0 , 0 , 0 , 0 , 0 , 0 , 0 , 0 , 0 
31-Jan-2006 10:28,200511,BIRMINGHAM,UNITED KINGDOM,BELFAST CITY,BRITISH AIRWAYS CITIEXPRESS LTD,A,S, 0 , 1 , 0 , 0 , 0 , 0 , 0 , 0 , 0 , 0 , 0 , 0 , 0 
31-Jan-2006 10:28,200511,BIRMINGHAM,UNITED KINGDOM,BELFAST CITY,FLYBE LTD,A,S, 173 , 0 , 92.485549132948 , 1.15606936416185 , 1.15606936416185 , 5.20231213872832 , 0 , 0 , 7.14450867052023 , 9 , 182 , 93.956043956044 , 4.98901098901099 
31-Jan-2006 10:28,200511,BIRMINGHAM,UNITED KINGDOM,BELFAST CITY,FLYBE LTD,D,S, 174 , 0 , 82.7586206896552 , 7.47126436781609 , 3.44827586206897 , 6.32183908045977 , 0 , 0 , 12.1781609195402 , 8 , 182 , 89.5604395604396 , 7.34065934065934 
31-Jan-2006 10:28,200511,BIRMINGHAM,UNITED KINGDOM,BELFAST INTERNATIONAL,BMIBABY LTD,A,S, 66 , 1 , 78.7878787878788 , 9.09090909090909 , 7.57575757575758 , 3.03030303030303 , 1.51515151515152 , 0 , 11.6060606060606 , 2 , 0 , 0 , 0 
31-Jan-2006 10:28,200511,BIRMINGHAM,UNITED KINGDOM,BELFAST INTERNATIONAL,BMIBABY LTD,D,S, 67 , 0 , 82.089552238806 , 10.4477611940299 , 4.47761194029851 , 1.49253731343284 , 1.49253731343284 , 0 , 9.8955223880597 , 1 , 0 , 0 , 0 
31-Jan-2006 10:28,200511,BIRMINGHAM,UNITED KINGDOM,CITY OF DERRY (EGLINTON),AER ARRAN,A,S, 0 , 0 , 0 , 0 , 0 , 0 , 0 , 0 , 0 , 0 , 26 , 96.1538461538462 , 1.03846153846154 
31-Jan-2006 10:28,200511,BIRMINGHAM,UNITED KINGDOM,CITY OF DERRY (EGLINTON),AER ARRAN,D,S, 0 , 0 , 0 , 0 , 0 , 0 , 0 , 0 , 0 , 0 , 26 , 100 , 1.65384615384615 
31-Jan-2006 10:28,200511,BIRMINGHAM,UNITED KINGDOM,DURHAM TEES VALLEY,EASTERN AIRWAYS,A,S, 0 , 2 , 0 , 0 , 0 , 0 , 0 , 0 , 0 , 0 , 0 , 0 , 0 
31-Jan-2006 10:28,200511,BIRMINGHAM,UNITED KINGDOM,DURHAM TEES VALLEY,EASTERN AIRWAYS,D,S, 0 , 2 , 0 , 0 , 0 , 0 , 0 , 0 , 0 , 0 , 0 , 0 , 0 
31-Jan-2006 10:28,200511,BIRMINGHAM,UNITED KINGDOM,EDINBURGH,BMIBABY LTD,A,S, 56 , 1 , 76.7857142857143 , 8.92857142857143 , 8.92857142857143 , 5.35714285714286 , 0 , 0 , 11.75 , 0 , 0 , 0 , 0 
31-Jan-2006 10:28,200511,BIRMINGHAM,UNITED KINGDOM,EDINBURGH,BMIBABY LTD,D,S, 56 , 1 , 71.4285714285714 , 16.0714285714286 , 7.14285714285714 , 5.35714285714286 , 0 , 0 , 13.4464285714286 , 0 , 0 , 0 , 0 
31-Jan-2006 10:28,200511,BIRMINGHAM,UNITED KINGDOM,EDINBURGH,BRITISH AIRWAYS CITIEXPRESS LTD,A,S, 167 , 0 , 88.622754491018 , 4.79041916167665 , 4.19161676646707 , 2.39520958083832 , 0 , 0 , 6.2934131736527 , 0 , 162 , 89.5061728395062 , 5.27777777777778 
31-Jan-2006 10:28,200511,BIRMINGHAM,UNITED KINGDOM,EDINBURGH,BRITISH AIRWAYS CITIEXPRESS LTD,D,S, 167 , 0 , 87.4251497005988 , 4.79041916167665 , 5.38922155688623 , 2.39520958083832 , 0 , 0 , 6.48502994011976 , 0 , 164 , 85.9756097560976 , 7.67073170731707 
31-Jan-2006 10:28,200511,BIRMINGHAM,UNITED KINGDOM,EDINBURGH,BRITISH AIRWAYS PLC,A,S, 0 , 1 , 0 , 0 , 0 , 0 , 0 , 0 , 0 , 1 , 0 , 0 , 0 
31-Jan-2006 10:28,200511,BIRMINGHAM,UNITED KINGDOM,EDINBURGH,FLYBE LTD,A,S, 144 , 0 , 81.25 , 2.08333333333333 , 4.16666666666667 , 9.72222222222222 , 2.77777777777778 , 0 , 21.5416666666667 , 12 , 154 , 90.2597402597403 , 10.0844155844156 
31-Jan-2006 10:28,200511,BIRMINGHAM,UNITED KINGDOM,EDINBURGH,FLYBE LTD,D,S, 144 , 1 , 75.6944444444444 , 9.02777777777778 , 4.86111111111111 , 9.02777777777778 , 1.38888888888889 , 0 , 18.6805555555556 , 12 , 155 , 78.0645161290323 , 12.0387096774194 
31-Jan-2006 10:28,200511,BIRMINGHAM,UNITED KINGDOM,GATWICK,FLYBE LTD,A,S, 0 , 1 , 0 , 0 , 0 , 0 , 0 , 0 , 0 , 0 , 0 , 0 , 0 
31-Jan-2006 10:28,200511,BIRMINGHAM,UNITED KINGDOM,GLASGOW,BRITISH AIRWAYS CITIEXPRESS LTD,A,S, 158 , 1 , 93.0379746835443 , 3.16455696202532 , 2.53164556962025 , 0 , 1.26582278481013 , 0 , 5.51898734177215 , 0 , 137 , 95.6204379562044 , 2.08029197080292 
31-Jan-2006 10:28,200511,BIRMINGHAM,UNITED KINGDOM,GLASGOW,BRITISH AIRWAYS CITIEXPRESS LTD,D,S, 158 , 0 , 90.5063291139241 , 3.79746835443038 , 2.53164556962025 , 2.53164556962025 , 0.632911392405063 , 0 , 6.9620253164557 , 0 , 138 , 86.231884057971 , 7.28260869565217 
31-Jan-2006 10:28,200511,BIRMINGHAM,UNITED KINGDOM,GLASGOW,FLYBE LTD,A,S, 146 , 0 , 87.6712328767123 , 2.73972602739726 , 5.47945205479452 , 3.42465753424658 , 0.684931506849315 , 0 , 8.57534246575342 , 10 , 150 , 90.6666666666667 , 5.51333333333333 
31-Jan-2006 10:28,200511,BIRMINGHAM,UNITED KINGDOM,GLASGOW,FLYBE LTD,D,S, 149 , 0 , 69.7986577181208 , 14.0939597315436 , 8.7248322147651 , 7.38255033557047 , 0 , 0 , 16.6912751677852 , 7 , 151 , 82.1192052980133 , 9.25827814569536 
31-Jan-2006 10:28,200511,BIRMINGHAM,UNITED KINGDOM,GUERNSEY,FLYBE LTD,A,S, 25 , 0 , 64 , 8 , 8 , 16 , 4 , 0 , 29.2 , 1 , 26 , 69.2307692307692 , 11.7307692307692 
31-Jan-2006 10:28,200511,BIRMINGHAM,UNITED KINGDOM,GUERNSEY,FLYBE LTD,D,S, 26 , 0 , 76.9230769230769 , 3.84615384615385 , 3.84615384615385 , 11.5384615384615 , 3.84615384615385 , 0 , 22.4615384615385 , 0 , 28 , 96.4285714285714 , 4.5 
31-Jan-2006 10:28,200511,BIRMINGHAM,UNITED KINGDOM,HEATHROW,BRITISH AIRWAYS PLC,D,S, 0 , 1 , 0 , 0 , 0 , 0 , 0 , 0 , 0 , 0 , 0 , 0 , 0 
31-Jan-2006 10:28,200511,BIRMINGHAM,UNITED KINGDOM,INVERNESS,EASTERN AIRWAYS,A,S, 66 , 0 , 78.7878787878788 , 12.1212121212121 , 3.03030303030303 , 6.06060606060606 , 0 , 0 , 11.5606060606061 , 4 , 63 , 77.7777777777778 , 17.6349206349206 
31-Jan-2006 10:28,200511,BIRMINGHAM,UNITED KINGDOM,INVERNESS,EASTERN AIRWAYS,D,S, 66 , 0 , 84.8484848484848 , 6.06060606060606 , 1.51515151515152 , 7.57575757575758 , 0 , 0 , 11.030303030303 , 4 , 66 , 78.7878787878788 , 27.4848484848485 
31-Jan-2006 10:28,200511,BIRMINGHAM,UNITED KINGDOM,ISLE OF MAN,EASTERN AIRWAYS,A,S, 69 , 0 , 81.1594202898551 , 5.79710144927536 , 8.69565217391304 , 4.34782608695652 , 0 , 0 , 10.6376811594203 , 5 , 69 , 100 , 0.318840579710145 
31-Jan-2006 10:28,200511,BIRMINGHAM,UNITED KINGDOM,ISLE OF MAN,EASTERN AIRWAYS,D,S, 70 , 0 , 85.7142857142857 , 1.42857142857143 , 8.57142857142857 , 4.28571428571429 , 0 , 0 , 8.58571428571429 , 4 , 69 , 97.1014492753623 , 1.63768115942029 
31-Jan-2006 10:28,200511,BIRMINGHAM,UNITED KINGDOM,ISLE OF MAN,FLYBE LTD,A,S, 25 , 0 , 72 , 0 , 12 , 8 , 8 , 0 , 36.52 , 1 , 30 , 100 , 1.43333333333333 
31-Jan-2006 10:28,200511,BIRMINGHAM,UNITED KINGDOM,ISLE OF MAN,FLYBE LTD,D,S, 25 , 0 , 76 , 0 , 8 , 8 , 8 , 0 , 38.04 , 1 , 30 , 93.3333333333333 , 4.46666666666667 
31-Jan-2006 10:28,200511,BIRMINGHAM,UNITED KINGDOM,JERSEY,FLYBE LTD,A,S, 26 , 0 , 34.6153846153846 , 38.4615384615385 , 19.2307692307692 , 7.69230769230769 , 0 , 0 , 29.6538461538462 , 0 , 34 , 85.2941176470588 , 11.0588235294118 
31-Jan-2006 10:28,200511,BIRMINGHAM,UNITED KINGDOM,JERSEY,FLYBE LTD,D,S, 25 , 0 , 68 , 24 , 4 , 4 , 0 , 0 , 18.16 , 1 , 32 , 84.375 , 15.40625 
31-Jan-2006 10:28,200511,BIRMINGHAM,UNITED KINGDOM,JERSEY,THOMSONFLY LTD,A,S, 0 , 1 , 0 , 0 , 0 , 0 , 0 , 0 , 0 , 0 , 0 , 0 , 0 
31-Jan-2006 10:28,200511,BIRMINGHAM,UNITED KINGDOM,LUTON,RYANAIR,D,S, 0 , 1 , 0 , 0 , 0 , 0 , 0 , 0 , 0 , 0 , 0 , 0 , 0 
31-Jan-2006 10:28,200511,BIRMINGHAM,UNITED KINGDOM,MANCHESTER,MY TRAVEL AIRWAYS UK,D,C, 0 , 1 , 0 , 0 , 0 , 0 , 0 , 0 , 0 , 0 , 0 , 0 , 0 
31-Jan-2006 10:28,200511,BIRMINGHAM,UNITED KINGDOM,NEWCASTLE,EASTERN AIRWAYS,A,S, 85 , 0 , 92.9411764705882 , 5.88235294117647 , 1.17647058823529 , 0 , 0 , 0 , 3.36470588235294 , 3 , 86 , 97.6744186046512 , 3.87209302325581 
31-Jan-2006 10:28,200511,BIRMINGHAM,UNITED KINGDOM,NEWCASTLE,EASTERN AIRWAYS,D,S, 83 , 0 , 98.7951807228916 , 1.20481927710843 , 0 , 0 , 0 , 0 , 0.855421686746988 , 5 , 86 , 95.3488372093023 , 4.58139534883721 
31-Jan-2006 10:28,200511,BIRMINGHAM,UNITED KINGDOM,SOUTHAMPTON,FLYBE LTD,A,S, 0 , 1 , 0 , 0 , 0 , 0 , 0 , 0 , 0 , 0 , 0 , 0 , 0 
31-Jan-2006 10:28,200511,BIRMINGHAM,USA,FORT LAUDERDALE,THOMSONFLY LTD,D,C, 1 , 0 , 0 , 0 , 0 , 100 , 0 , 0 , 68 , 0 , 0 , 0 , 0 
31-Jan-2006 10:28,200511,BIRMINGHAM,USA,NEW YORK (NEWARK),CONTINENTAL AIRLINES,A,S, 30 , 0 , 90 , 6.66666666666667 , 0 , 3.33333333333333 , 0 , 0 , 8 , 0 , 46 , 80.4347826086956 , 10.4565217391304 
31-Jan-2006 10:28,200511,BIRMINGHAM,USA,NEW YORK (NEWARK),CONTINENTAL AIRLINES,D,S, 30 , 0 , 70 , 26.6666666666667 , 0 , 3.33333333333333 , 0 , 0 , 13.4 , 0 , 46 , 93.4782608695652 , 5.97826086956522 
31-Jan-2006 10:28,200511,BIRMINGHAM,USA,SANFORD,MY TRAVEL AIRWAYS UK,A,C, 0 , 0 , 0 , 0 , 0 , 0 , 0 , 0 , 0 , 0 , 1 , 100 , 13 
31-Jan-2006 10:28,200511,BIRMINGHAM,USA,SANFORD,THOMAS COOK AIRLINES LTD,A,C, 0 , 0 , 0 , 0 , 0 , 0 , 0 , 0 , 0 , 0 , 1 , 0 , 26 
31-Jan-2006 10:28,200511,BIRMINGHAM,USA,SANFORD,THOMSONFLY LTD,A,C, 0 , 0 , 0 , 0 , 0 , 0 , 0 , 0 , 0 , 0 , 1 , 100 , 0 
31-Jan-2006 10:28,200511,BIRMINGHAM,UZBEKISTAN,TASHKENT,UZBEKISTAN AIRLINES,A,S, 11 , 0 , 81.8181818181818 , 9.09090909090909 , 0 , 9.09090909090909 , 0 , 0 , 16.4545454545455 , 5 , 17 , 41.1764705882353 , 49.7058823529412 
31-Jan-2006 10:28,200511,BIRMINGHAM,UZBEKISTAN,TASHKENT,UZBEKISTAN AIRLINES,D,S, 12 , 0 , 58.3333333333333 , 16.6666666666667 , 8.33333333333333 , 8.33333333333333 , 0 , 8.33333333333333 , 86.75 , 4 , 17 , 29.4117647058824 , 88.3529411764706 
31-Jan-2006 10:28,200511,EDINBURGH,AUSTRIA,SALZBURG,MY TRAVEL AIRWAYS UK,A,C, 0 , 0 , 0 , 0 , 0 , 0 , 0 , 0 , 0 , 0 , 1 , 100 , 0 
31-Jan-2006 10:28,200511,EDINBURGH,AUSTRIA,SALZBURG,MY TRAVEL AIRWAYS UK,D,C, 0 , 0 , 0 , 0 , 0 , 0 , 0 , 0 , 0 , 0 , 1 , 0 , 24 
31-Jan-2006 10:28,200511,EDINBURGH,BELGIUM,BRUSSELS,BMI REGIONAL,A,S, 69 , 0 , 86.9565217391304 , 5.79710144927536 , 2.89855072463768 , 4.34782608695652 , 0 , 0 , 8.42028985507246 , 0 , 68 , 85.2941176470588 , 6.69117647058824 
31-Jan-2006 10:28,200511,EDINBURGH,BELGIUM,BRUSSELS,BMI REGIONAL,D,S, 69 , 0 , 86.9565217391304 , 5.79710144927536 , 2.89855072463768 , 4.34782608695652 , 0 , 0 , 8.52173913043478 , 0 , 69 , 94.2028985507246 , 4.07246376811594 
31-Jan-2006 10:28,200511,EDINBURGH,CAPE VERDE ISLANDS,ILHA DO SAL C.VERDE,CHALLENGE AIR LUFTVERKEHRS,D,C, 0 , 1 , 0 , 0 , 0 , 0 , 0 , 0 , 0 , 0 , 0 , 0 , 0 
31-Jan-2006 10:28,200511,EDINBURGH,CZECH REPUBLIC,PRAGUE,CSA,A,S, 56 , 0 , 85.7142857142857 , 5.35714285714286 , 5.35714285714286 , 3.57142857142857 , 0 , 0 , 10.1964285714286 , 0 , 26 , 92.3076923076923 , 5 
31-Jan-2006 10:28,200511,EDINBURGH,CZECH REPUBLIC,PRAGUE,CSA,D,S, 56 , 0 , 64.2857142857143 , 23.2142857142857 , 10.7142857142857 , 0 , 1.78571428571429 , 0 , 16.875 , 0 , 26 , 26.9230769230769 , 25.0384615384615 
31-Jan-2006 10:28,200511,EDINBURGH,CZECH REPUBLIC,PRAGUE,FLYGLOBESPAN,A,S, 12 , 0 , 91.6666666666667 , 0 , 0 , 8.33333333333333 , 0 , 0 , 11.4166666666667 , 0 , 0 , 0 , 0 
31-Jan-2006 10:28,200511,EDINBURGH,CZECH REPUBLIC,PRAGUE,FLYGLOBESPAN,D,S, 12 , 0 , 83.3333333333333 , 8.33333333333333 , 0 , 8.33333333333333 , 0 , 0 , 11.75 , 0 , 0 , 0 , 0 
31-Jan-2006 10:28,200511,EDINBURGH,DENMARK,COPENHAGEN,BMI REGIONAL,A,S, 51 , 0 , 84.3137254901961 , 5.88235294117647 , 5.88235294117647 , 3.92156862745098 , 0 , 0 , 10.1764705882353 , 0 , 52 , 90.3846153846154 , 6.13461538461539 
31-Jan-2006 10:28,200511,EDINBURGH,DENMARK,COPENHAGEN,BMI REGIONAL,D,S, 52 , 0 , 88.4615384615385 , 3.84615384615385 , 3.84615384615385 , 3.84615384615385 , 0 , 0 , 10.5384615384615 , 0 , 52 , 98.0769230769231 , 2.57692307692308 
31-Jan-2006 10:28,200511,EDINBURGH,DENMARK,COPENHAGEN,STERLING EUROPEAN AIRLINES,A,S, 13 , 0 , 53.8461538461538 , 38.4615384615385 , 0 , 7.69230769230769 , 0 , 0 , 21.3846153846154 , 0 , 0 , 0 , 0 
31-Jan-2006 10:28,200511,EDINBURGH,DENMARK,COPENHAGEN,STERLING EUROPEAN AIRLINES,D,S, 13 , 0 , 92.3076923076923 , 0 , 0 , 7.69230769230769 , 0 , 0 , 13.9230769230769 , 0 , 0 , 0 , 0 
31-Jan-2006 10:28,200511,EDINBURGH,FRANCE,DINARD,NETJETS TRANSPORTES AEREOS,A,C, 0 , 1 , 0 , 0 , 0 , 0 , 0 , 0 , 0 , 0 , 0 , 0 , 0 
31-Jan-2006 10:28,200511,EDINBURGH,FRANCE,DINARD,NETJETS TRANSPORTES AEREOS,D,C, 0 , 1 , 0 , 0 , 0 , 0 , 0 , 0 , 0 , 0 , 0 , 0 , 0 
31-Jan-2006 10:28,200511,EDINBURGH,FRANCE,NICE,NETJETS TRANSPORTES AEREOS,A,C, 0 , 1 , 0 , 0 , 0 , 0 , 0 , 0 , 0 , 0 , 0 , 0 , 0 
31-Jan-2006 10:28,200511,EDINBURGH,FRANCE,NICE,NETJETS TRANSPORTES AEREOS,D,C, 0 , 1 , 0 , 0 , 0 , 0 , 0 , 0 , 0 , 0 , 0 , 0 , 0 
31-Jan-2006 10:28,200511,EDINBURGH,FRANCE,PARIS (CHARLES DE GAULLE),BLUE LINE,A,C, 0 , 0 , 0 , 0 , 0 , 0 , 0 , 0 , 0 , 0 , 2 , 100 , 6.5 
31-Jan-2006 10:28,200511,EDINBURGH,FRANCE,PARIS (CHARLES DE GAULLE),BLUE LINE,D,C, 0 , 0 , 0 , 0 , 0 , 0 , 0 , 0 , 0 , 0 , 1 , 100 , 0 
31-Jan-2006 10:28,200511,EDINBURGH,FRANCE,PARIS (CHARLES DE GAULLE),BRITISH AIRWAYS CITIEXPRESS LTD,A,S, 81 , 0 , 71.6049382716049 , 6.17283950617284 , 4.93827160493827 , 16.0493827160494 , 1.23456790123457 , 0 , 22.962962962963 , 0 , 82 , 73.1707317073171 , 18.0121951219512 
31-Jan-2006 10:28,200511,EDINBURGH,FRANCE,PARIS (CHARLES DE GAULLE),BRITISH AIRWAYS CITIEXPRESS LTD,D,S, 81 , 0 , 59.2592592592593 , 20.9876543209877 , 3.7037037037037 , 14.8148148148148 , 1.23456790123457 , 0 , 26.641975308642 , 0 , 82 , 67.0731707317073 , 22.0121951219512 
31-Jan-2006 10:28,200511,EDINBURGH,FRANCE,PARIS (CHARLES DE GAULLE),CITY JET,A,S, 60 , 0 , 81.6666666666667 , 8.33333333333333 , 8.33333333333333 , 1.66666666666667 , 0 , 0 , 8.86666666666667 , 0 , 60 , 78.3333333333333 , 10.15 
31-Jan-2006 10:28,200511,EDINBURGH,FRANCE,PARIS (CHARLES DE GAULLE),CITY JET,D,S, 60 , 0 , 70 , 13.3333333333333 , 6.66666666666667 , 8.33333333333333 , 1.66666666666667 , 0 , 21.3166666666667 , 0 , 60 , 78.3333333333333 , 10.0833333333333 
31-Jan-2006 10:28,200511,EDINBURGH,FRANCE,PARIS (CHARLES DE GAULLE),EMERALD AIRWAYS LIMITED,D,C, 0 , 0 , 0 , 0 , 0 , 0 , 0 , 0 , 0 , 0 , 1 , 0 , 49 
31-Jan-2006 10:28,200511,EDINBURGH,FRANCE,PARIS (LE BOURGET),HAPAG LLOYD EXECUTIVE,A,C, 0 , 1 , 0 , 0 , 0 , 0 , 0 , 0 , 0 , 0 , 0 , 0 , 0 
31-Jan-2006 10:28,200511,EDINBURGH,FRANCE,PARIS (LE BOURGET),NETJETS TRANSPORTES AEREOS,D,C, 0 , 1 , 0 , 0 , 0 , 0 , 0 , 0 , 0 , 0 , 0 , 0 , 0 
31-Jan-2006 10:28,200511,EDINBURGH,GERMANY,BERLIN (SCHONEFELD),EASYJET AIRLINE COMPANY LTD,A,S, 0 , 1 , 0 , 0 , 0 , 0 , 0 , 0 , 0 , 0 , 0 , 0 , 0 
31-Jan-2006 10:28,200511,EDINBURGH,GERMANY,COLOGNE (BONN),CHALLENGE AIR LUFTVERKEHRS,A,C, 0 , 1 , 0 , 0 , 0 , 0 , 0 , 0 , 0 , 0 , 0 , 0 , 0 
31-Jan-2006 10:28,200511,EDINBURGH,GERMANY,COLOGNE (BONN),CONDOR,A,C, 0 , 0 , 0 , 0 , 0 , 0 , 0 , 0 , 0 , 0 , 1 , 100 , 12 
31-Jan-2006 10:28,200511,EDINBURGH,GERMANY,COLOGNE (BONN),CONDOR,D,C, 0 , 0 , 0 , 0 , 0 , 0 , 0 , 0 , 0 , 0 , 1 , 0 , 55 
31-Jan-2006 10:28,200511,EDINBURGH,GERMANY,COLOGNE (BONN),EUROWINGS LUFTVERKEHRS,A,S, 13 , 0 , 84.6153846153846 , 7.69230769230769 , 0 , 7.69230769230769 , 0 , 0 , 10 , 0 , 12 , 75 , 7.5 
31-Jan-2006 10:28,200511,EDINBURGH,GERMANY,COLOGNE (BONN),EUROWINGS LUFTVERKEHRS,D,S, 13 , 0 , 53.8461538461538 , 30.7692307692308 , 7.69230769230769 , 7.69230769230769 , 0 , 0 , 30 , 0 , 12 , 41.6666666666667 , 17.75 
31-Jan-2006 10:28,200511,EDINBURGH,GERMANY,FRANKFURT MAIN,LUFTHANSA,A,S, 90 , 0 , 91.1111111111111 , 6.66666666666667 , 1.11111111111111 , 1.11111111111111 , 0 , 0 , 5.5 , 0 , 0 , 0 , 0 
31-Jan-2006 10:28,200511,EDINBURGH,GERMANY,FRANKFURT MAIN,LUFTHANSA,D,S, 90 , 0 , 80 , 15.5555555555556 , 2.22222222222222 , 2.22222222222222 , 0 , 0 , 8.44444444444444 , 0 , 0 , 0 , 0 
31-Jan-2006 10:28,200511,EDINBURGH,GERMANY,FRANKFURT MAIN,LUFTHANSA CITY LINE,A,S, 0 , 0 , 0 , 0 , 0 , 0 , 0 , 0 , 0 , 0 , 90 , 64.4444444444444 , 19.6 
31-Jan-2006 10:28,200511,EDINBURGH,GERMANY,FRANKFURT MAIN,LUFTHANSA CITY LINE,D,S, 0 , 0 , 0 , 0 , 0 , 0 , 0 , 0 , 0 , 0 , 89 , 58.4269662921348 , 23.0786516853933 
31-Jan-2006 10:28,200511,EDINBURGH,GERMANY,HAMBURG,HAPAG LLOYD EXPRESS,A,S, 11 , 0 , 100 , 0 , 0 , 0 , 0 , 0 , 1.36363636363636 , 0 , 0 , 0 , 0 
31-Jan-2006 10:28,200511,EDINBURGH,GERMANY,HAMBURG,HAPAG LLOYD EXPRESS,D,S, 11 , 0 , 100 , 0 , 0 , 0 , 0 , 0 , 3.54545454545455 , 0 , 0 , 0 , 0 
31-Jan-2006 10:28,200511,EDINBURGH,GERMANY,HANOVER,HAPAG LLOYD EXECUTIVE,D,C, 0 , 1 , 0 , 0 , 0 , 0 , 0 , 0 , 0 , 0 , 0 , 0 , 0 
31-Jan-2006 10:28,200511,EDINBURGH,GERMANY,MUNSTER-OSNABRUCK,CONDOR,A,C, 0 , 0 , 0 , 0 , 0 , 0 , 0 , 0 , 0 , 0 , 1 , 100 , 4 
31-Jan-2006 10:28,200511,EDINBURGH,GERMANY,MUNSTER-OSNABRUCK,CONDOR,D,C, 0 , 0 , 0 , 0 , 0 , 0 , 0 , 0 , 0 , 0 , 1 , 0 , 58 
31-Jan-2006 10:28,200511,EDINBURGH,IRISH REPUBLIC,CORK,AER ARRAN,A,S, 42 , 0 , 76.1904761904762 , 14.2857142857143 , 2.38095238095238 , 4.76190476190476 , 2.38095238095238 , 0 , 18.3333333333333 , 0 , 26 , 69.2307692307692 , 24.1923076923077 
31-Jan-2006 10:28,200511,EDINBURGH,IRISH REPUBLIC,CORK,AER ARRAN,D,S, 42 , 0 , 76.1904761904762 , 11.9047619047619 , 2.38095238095238 , 4.76190476190476 , 4.76190476190476 , 0 , 23.3809523809524 , 0 , 27 , 62.962962962963 , 31.4074074074074 
31-Jan-2006 10:28,200511,EDINBURGH,IRISH REPUBLIC,DUBLIN,AER LINGUS,A,S, 30 , 0 , 86.6666666666667 , 6.66666666666667 , 0 , 6.66666666666667 , 0 , 0 , 8.93333333333333 , 0 , 56 , 55.3571428571429 , 21.5 
31-Jan-2006 10:28,200511,EDINBURGH,IRISH REPUBLIC,DUBLIN,AER LINGUS,D,S, 30 , 0 , 63.3333333333333 , 26.6666666666667 , 3.33333333333333 , 6.66666666666667 , 0 , 0 , 16.1 , 0 , 56 , 50 , 24.4642857142857 
31-Jan-2006 10:28,200511,EDINBURGH,IRISH REPUBLIC,DUBLIN,RYANAIR,A,S, 83 , 0 , 84.3373493975904 , 9.63855421686747 , 4.81927710843374 , 1.20481927710843 , 0 , 0 , 7.20481927710843 , 0 , 86 , 90.6976744186047 , 6.97674418604651 
31-Jan-2006 10:28,200511,EDINBURGH,IRISH REPUBLIC,DUBLIN,RYANAIR,D,S, 83 , 0 , 79.5180722891566 , 9.63855421686747 , 7.2289156626506 , 3.6144578313253 , 0 , 0 , 11.3253012048193 , 0 , 86 , 86.046511627907 , 7.23255813953488 
31-Jan-2006 10:28,200511,EDINBURGH,IRISH REPUBLIC,GALWAY,AER ARRAN,A,S, 25 , 0 , 84 , 4 , 0 , 8 , 4 , 0 , 17.08 , 1 , 17 , 64.7058823529412 , 36.2941176470588 
31-Jan-2006 10:28,200511,EDINBURGH,IRISH REPUBLIC,GALWAY,AER ARRAN,D,S, 25 , 0 , 88 , 0 , 0 , 8 , 4 , 0 , 18.16 , 1 , 17 , 58.8235294117647 , 27.2941176470588 
31-Jan-2006 10:28,200511,EDINBURGH,ITALY,MILAN (LINATE),TAG AVIATION SA,D,C, 0 , 1 , 0 , 0 , 0 , 0 , 0 , 0 , 0 , 0 , 0 , 0 , 0 
31-Jan-2006 10:28,200511,EDINBURGH,ITALY,MILAN (MALPENSA),BRITISH AIRWAYS CITIEXPRESS LTD,A,S, 0 , 0 , 0 , 0 , 0 , 0 , 0 , 0 , 0 , 0 , 27 , 96.2962962962963 , 2.40740740740741 
31-Jan-2006 10:28,200511,EDINBURGH,ITALY,MILAN (MALPENSA),BRITISH AIRWAYS CITIEXPRESS LTD,D,S, 0 , 0 , 0 , 0 , 0 , 0 , 0 , 0 , 0 , 0 , 21 , 85.7142857142857 , 6.38095238095238 
31-Jan-2006 10:28,200511,EDINBURGH,ITALY,ROME (FIUMICINO),BRITISH AIRWAYS CITIEXPRESS LTD,D,S, 0 , 0 , 0 , 0 , 0 , 0 , 0 , 0 , 0 , 0 , 8 , 75 , 30.625 
31-Jan-2006 10:28,200511,EDINBURGH,NETHERLANDS,AMSTERDAM,EASYJET AIRLINE COMPANY LTD,A,S, 30 , 0 , 80 , 13.3333333333333 , 3.33333333333333 , 3.33333333333333 , 0 , 0 , 12.3333333333333 , 0 , 30 , 53.3333333333333 , 23.4666666666667 
31-Jan-2006 10:28,200511,EDINBURGH,NETHERLANDS,AMSTERDAM,EASYJET AIRLINE COMPANY LTD,D,S, 29 , 0 , 55.1724137931034 , 20.6896551724138 , 24.1379310344828 , 0 , 0 , 0 , 17.3448275862069 , 1 , 30 , 53.3333333333333 , 21.5666666666667 
31-Jan-2006 10:28,200511,EDINBURGH,NETHERLANDS,AMSTERDAM,KLM CITYHOPPER,A,S, 141 , 2 , 87.2340425531915 , 5.67375886524823 , 3.54609929078014 , 3.54609929078014 , 0 , 0 , 7.1063829787234 , 0 , 134 , 79.8507462686567 , 15.6940298507463 
31-Jan-2006 10:28,200511,EDINBURGH,NETHERLANDS,AMSTERDAM,KLM CITYHOPPER,D,S, 141 , 0 , 85.1063829787234 , 6.38297872340426 , 3.54609929078014 , 2.83687943262411 , 1.41843971631206 , 0.709219858156028 , 15.2482269503546 , 0 , 135 , 74.8148148148148 , 18.9703703703704 
31-Jan-2006 10:28,200511,EDINBURGH,POLAND,WARSAW,LOT-POLISH AIRLINES,A,S, 13 , 0 , 69.2307692307692 , 23.0769230769231 , 0 , 7.69230769230769 , 0 , 0 , 13.1538461538462 , 0 , 0 , 0 , 0 
31-Jan-2006 10:28,200511,EDINBURGH,POLAND,WARSAW,LOT-POLISH AIRLINES,D,S, 13 , 0 , 84.6153846153846 , 0 , 0 , 15.3846153846154 , 0 , 0 , 16.2307692307692 , 0 , 0 , 0 , 0 
31-Jan-2006 10:28,200511,EDINBURGH,PORTUGAL(EXCLUDING MADEIRA),FARO,FLYGLOBESPAN,A,S, 3 , 0 , 100 , 0 , 0 , 0 , 0 , 0 , 0 , 0 , 0 , 0 , 0 
31-Jan-2006 10:28,200511,EDINBURGH,PORTUGAL(EXCLUDING MADEIRA),FARO,FLYGLOBESPAN,D,S, 2 , 0 , 50 , 50 , 0 , 0 , 0 , 0 , 15 , 0 , 0 , 0 , 0 
31-Jan-2006 10:28,200511,EDINBURGH,RUSSIA,MOSCOW (SHEREMETYEVO),NETJETS TRANSPORTES AEREOS,A,C, 0 , 1 , 0 , 0 , 0 , 0 , 0 , 0 , 0 , 0 , 0 , 0 , 0 
31-Jan-2006 10:28,200511,EDINBURGH,SPAIN,ALICANTE,CHANNEL EXPRESS LTD ALSO T/A JET2.COM,A,S, 0 , 0 , 0 , 0 , 0 , 0 , 0 , 0 , 0 , 0 , 8 , 50 , 21.625 
31-Jan-2006 10:28,200511,EDINBURGH,SPAIN,ALICANTE,CHANNEL EXPRESS LTD ALSO T/A JET2.COM,D,S, 0 , 0 , 0 , 0 , 0 , 0 , 0 , 0 , 0 , 0 , 5 , 100 , 6.8 
31-Jan-2006 10:28,200511,EDINBURGH,SPAIN,ALICANTE,FLYGLOBESPAN,A,S, 9 , 0 , 66.6666666666667 , 22.2222222222222 , 11.1111111111111 , 0 , 0 , 0 , 14.1111111111111 , 0 , 0 , 0 , 0 
31-Jan-2006 10:28,200511,EDINBURGH,SPAIN,ALICANTE,FLYGLOBESPAN,D,S, 9 , 0 , 77.7777777777778 , 22.2222222222222 , 0 , 0 , 0 , 0 , 7.77777777777778 , 0 , 0 , 0 , 0 
31-Jan-2006 10:28,200511,EDINBURGH,SPAIN,ALICANTE,GREECE AIRWAYS,A,S, 4 , 1 , 100 , 0 , 0 , 0 , 0 , 0 , 3.25 , 0 , 10 , 100 , 2.8 
31-Jan-2006 10:28,200511,EDINBURGH,SPAIN,ALICANTE,GREECE AIRWAYS,D,S, 3 , 1 , 100 , 0 , 0 , 0 , 0 , 0 , 5 , 0 , 11 , 90.9090909090909 , 5.45454545454545 
31-Jan-2006 10:28,200511,EDINBURGH,SPAIN,ALICANTE,THOMSONFLY LTD,A,C, 0 , 0 , 0 , 0 , 0 , 0 , 0 , 0 , 0 , 0 , 5 , 80 , 6.2 
31-Jan-2006 10:28,200511,EDINBURGH,SPAIN,ALICANTE,THOMSONFLY LTD,D,C, 0 , 0 , 0 , 0 , 0 , 0 , 0 , 0 , 0 , 0 , 5 , 100 , 1.8 
31-Jan-2006 10:28,200511,EDINBURGH,SPAIN,BARCELONA,CHANNEL EXPRESS LTD ALSO T/A JET2.COM,A,S, 0 , 0 , 0 , 0 , 0 , 0 , 0 , 0 , 0 , 0 , 6 , 50 , 18.5 
31-Jan-2006 10:28,200511,EDINBURGH,SPAIN,BARCELONA,CHANNEL EXPRESS LTD ALSO T/A JET2.COM,D,S, 0 , 0 , 0 , 0 , 0 , 0 , 0 , 0 , 0 , 0 , 6 , 83.3333333333333 , 7.5 
31-Jan-2006 10:28,200511,EDINBURGH,SPAIN,BARCELONA,FLYGLOBESPAN,A,S, 25 , 0 , 80 , 4 , 4 , 12 , 0 , 0 , 11.48 , 0 , 0 , 0 , 0 
31-Jan-2006 10:28,200511,EDINBURGH,SPAIN,BARCELONA,FLYGLOBESPAN,D,S, 25 , 0 , 96 , 0 , 0 , 4 , 0 , 0 , 6.44 , 0 , 0 , 0 , 0 
31-Jan-2006 10:28,200511,EDINBURGH,SPAIN,BARCELONA,MONARCH AIRLINES,A,C, 0 , 0 , 0 , 0 , 0 , 0 , 0 , 0 , 0 , 0 , 1 , 0 , 52 
31-Jan-2006 10:28,200511,EDINBURGH,SPAIN,BARCELONA,MONARCH AIRLINES,D,C, 0 , 0 , 0 , 0 , 0 , 0 , 0 , 0 , 0 , 0 , 1 , 0 , 24 
31-Jan-2006 10:28,200511,EDINBURGH,SPAIN,MADRID,BRITISH AIRWAYS CITIEXPRESS LTD,A,S, 24 , 0 , 87.5 , 4.16666666666667 , 4.16666666666667 , 4.16666666666667 , 0 , 0 , 6 , 0 , 25 , 88 , 5.56 
31-Jan-2006 10:28,200511,EDINBURGH,SPAIN,MADRID,BRITISH AIRWAYS CITIEXPRESS LTD,D,S, 21 , 0 , 80.9523809523809 , 14.2857142857143 , 4.76190476190476 , 0 , 0 , 0 , 7.85714285714286 , 0 , 22 , 95.4545454545455 , 5.31818181818182 
31-Jan-2006 10:28,200511,EDINBURGH,SPAIN,MALAGA,CHANNEL EXPRESS LTD ALSO T/A JET2.COM,A,S, 0 , 0 , 0 , 0 , 0 , 0 , 0 , 0 , 0 , 0 , 7 , 100 , 1.71428571428571 
31-Jan-2006 10:28,200511,EDINBURGH,SPAIN,MALAGA,CHANNEL EXPRESS LTD ALSO T/A JET2.COM,D,S, 0 , 0 , 0 , 0 , 0 , 0 , 0 , 0 , 0 , 0 , 7 , 57.1428571428571 , 12.5714285714286 
31-Jan-2006 10:28,200511,EDINBURGH,SPAIN,MALAGA,FLYGLOBESPAN,A,S, 9 , 0 , 66.6666666666667 , 11.1111111111111 , 22.2222222222222 , 0 , 0 , 0 , 12.8888888888889 , 0 , 0 , 0 , 0 
31-Jan-2006 10:28,200511,EDINBURGH,SPAIN,MALAGA,FLYGLOBESPAN,D,S, 9 , 0 , 55.5555555555556 , 33.3333333333333 , 11.1111111111111 , 0 , 0 , 0 , 16.7777777777778 , 0 , 0 , 0 , 0 
31-Jan-2006 10:28,200511,EDINBURGH,SPAIN,MALAGA,GREECE AIRWAYS,A,S, 4 , 0 , 50 , 25 , 0 , 25 , 0 , 0 , 44.25 , 0 , 8 , 62.5 , 14.625 
31-Jan-2006 10:28,200511,EDINBURGH,SPAIN,MALAGA,GREECE AIRWAYS,D,S, 3 , 0 , 100 , 0 , 0 , 0 , 0 , 0 , 3.33333333333333 , 0 , 8 , 62.5 , 8.375 
31-Jan-2006 10:28,200511,EDINBURGH,SPAIN,MALAGA,THOMSONFLY LTD,A,C, 0 , 0 , 0 , 0 , 0 , 0 , 0 , 0 , 0 , 0 , 4 , 100 , 0.25 
31-Jan-2006 10:28,200511,EDINBURGH,SPAIN,MALAGA,THOMSONFLY LTD,D,C, 0 , 0 , 0 , 0 , 0 , 0 , 0 , 0 , 0 , 0 , 4 , 100 , 0 
31-Jan-2006 10:28,200511,EDINBURGH,SPAIN(CANARY ISLANDS),LAS PALMAS,MONARCH AIRLINES,A,C, 0 , 1 , 0 , 0 , 0 , 0 , 0 , 0 , 0 , 0 , 0 , 0 , 0 
31-Jan-2006 10:28,200511,EDINBURGH,SPAIN(CANARY ISLANDS),TENERIFE (SURREINA SOFIA),FUTURA AIRLINES,A,C, 0 , 0 , 0 , 0 , 0 , 0 , 0 , 0 , 0 , 0 , 4 , 50 , 14 
31-Jan-2006 10:28,200511,EDINBURGH,SPAIN(CANARY ISLANDS),TENERIFE (SURREINA SOFIA),FUTURA AIRLINES,D,C, 0 , 0 , 0 , 0 , 0 , 0 , 0 , 0 , 0 , 0 , 4 , 50 , 18.25 
31-Jan-2006 10:28,200511,EDINBURGH,SPAIN(CANARY ISLANDS),TENERIFE (SURREINA SOFIA),IBERWORLD,A,C, 4 , 0 , 100 , 0 , 0 , 0 , 0 , 0 , 8.5 , 0 , 4 , 75 , 34.75 
31-Jan-2006 10:28,200511,EDINBURGH,SPAIN(CANARY ISLANDS),TENERIFE (SURREINA SOFIA),IBERWORLD,D,C, 4 , 0 , 50 , 25 , 0 , 25 , 0 , 0 , 31.75 , 0 , 4 , 50 , 40.75 
31-Jan-2006 10:28,200511,EDINBURGH,SPAIN(CANARY ISLANDS),TENERIFE (SURREINA SOFIA),MY TRAVEL AIRWAYS UK,A,C, 4 , 0 , 75 , 0 , 25 , 0 , 0 , 0 , 13.5 , 0 , 0 , 0 , 0 
31-Jan-2006 10:28,200511,EDINBURGH,SPAIN(CANARY ISLANDS),TENERIFE (SURREINA SOFIA),MY TRAVEL AIRWAYS UK,D,C, 4 , 0 , 50 , 25 , 0 , 0 , 0 , 25 , 244.5 , 0 , 0 , 0 , 0 
31-Jan-2006 10:28,200511,EDINBURGH,SWEDEN,STOCKHOLM (ARLANDA),SAS,A,S, 0 , 0 , 0 , 0 , 0 , 0 , 0 , 0 , 0 , 0 , 13 , 53.8461538461538 , 26.6153846153846 
31-Jan-2006 10:28,200511,EDINBURGH,SWEDEN,STOCKHOLM (ARLANDA),SAS,D,S, 0 , 0 , 0 , 0 , 0 , 0 , 0 , 0 , 0 , 0 , 13 , 53.8461538461538 , 30.2307692307692 
31-Jan-2006 10:28,200511,EDINBURGH,SWITZERLAND,BASLE MULHOUSE,EXCEL AIRWAYS LTD,A,C, 0 , 0 , 0 , 0 , 0 , 0 , 0 , 0 , 0 , 0 , 1 , 100 , 0 
31-Jan-2006 10:28,200511,EDINBURGH,SWITZERLAND,BASLE MULHOUSE,EXCEL AIRWAYS LTD,D,C, 0 , 0 , 0 , 0 , 0 , 0 , 0 , 0 , 0 , 0 , 1 , 100 , 14 
31-Jan-2006 10:28,200511,EDINBURGH,SWITZERLAND,BASLE MULHOUSE,FIRST CHOICE AIRWAYS LTD,A,C, 0 , 0 , 0 , 0 , 0 , 0 , 0 , 0 , 0 , 0 , 1 , 100 , 0 
31-Jan-2006 10:28,200511,EDINBURGH,SWITZERLAND,BASLE MULHOUSE,FIRST CHOICE AIRWAYS LTD,D,C, 0 , 0 , 0 , 0 , 0 , 0 , 0 , 0 , 0 , 0 , 1 , 100 , 3 
31-Jan-2006 10:28,200511,EDINBURGH,SWITZERLAND,BASLE MULHOUSE,THOMSONFLY LTD,A,C, 0 , 0 , 0 , 0 , 0 , 0 , 0 , 0 , 0 , 0 , 1 , 100 , 0 
31-Jan-2006 10:28,200511,EDINBURGH,SWITZERLAND,BASLE MULHOUSE,THOMSONFLY LTD,D,C, 0 , 0 , 0 , 0 , 0 , 0 , 0 , 0 , 0 , 0 , 1 , 100 , 6 
31-Jan-2006 10:28,200511,EDINBURGH,UKRAINE,DONETSK,KAVKAZSKIE MINERALNYE VODY,A,C, 0 , 0 , 0 , 0 , 0 , 0 , 0 , 0 , 0 , 0 , 1 , 0 , 24 
31-Jan-2006 10:28,200511,EDINBURGH,UKRAINE,DONETSK,KAVKAZSKIE MINERALNYE VODY,D,C, 0 , 0 , 0 , 0 , 0 , 0 , 0 , 0 , 0 , 0 , 1 , 0 , 27 
31-Jan-2006 10:28,200511,EDINBURGH,UKRAINE,DONETSK,UKRAINE INTERNATIONAL AIRLINES,D,C, 0 , 0 , 0 , 0 , 0 , 0 , 0 , 0 , 0 , 0 , 1 , 0 , 40 
31-Jan-2006 10:28,200511,EDINBURGH,UKRAINE,DONETSK,UM AIR,A,C, 0 , 0 , 0 , 0 , 0 , 0 , 0 , 0 , 0 , 0 , 2 , 0 , 98.5 
31-Jan-2006 10:28,200511,EDINBURGH,UKRAINE,DONETSK,UM AIR,D,C, 0 , 0 , 0 , 0 , 0 , 0 , 0 , 0 , 0 , 0 , 1 , 0 , 34 
31-Jan-2006 10:28,200511,EDINBURGH,UNITED KINGDOM,BELFAST CITY,FLYBE LTD,A,S, 105 , 0 , 70.4761904761905 , 10.4761904761905 , 9.52380952380952 , 9.52380952380952 , 0 , 0 , 18.9809523809524 , 3 , 98 , 76.530612244898 , 13.3265306122449 
31-Jan-2006 10:28,200511,EDINBURGH,UNITED KINGDOM,BELFAST CITY,FLYBE LTD,D,S, 106 , 0 , 69.811320754717 , 9.43396226415094 , 12.2641509433962 , 6.60377358490566 , 1.88679245283019 , 0 , 22.0754716981132 , 2 , 98 , 68.3673469387755 , 14.234693877551 
31-Jan-2006 10:28,200511,EDINBURGH,UNITED KINGDOM,BELFAST INTERNATIONAL,EASYJET AIRLINE COMPANY LTD,A,S, 107 , 0 , 84.1121495327103 , 9.34579439252336 , 2.80373831775701 , 3.73831775700935 , 0 , 0 , 9.16822429906542 , 1 , 116 , 83.6206896551724 , 10.8706896551724 
31-Jan-2006 10:28,200511,EDINBURGH,UNITED KINGDOM,BELFAST INTERNATIONAL,EASYJET AIRLINE COMPANY LTD,D,S, 108 , 0 , 88.8888888888889 , 4.62962962962963 , 2.77777777777778 , 3.7037037037037 , 0 , 0 , 9.2037037037037 , 0 , 116 , 83.6206896551724 , 10.1206896551724 
31-Jan-2006 10:28,200511,EDINBURGH,UNITED KINGDOM,BIRMINGHAM,BMIBABY LTD,A,S, 56 , 1 , 76.7857142857143 , 10.7142857142857 , 8.92857142857143 , 3.57142857142857 , 0 , 0 , 11.0178571428571 , 0 , 0 , 0 , 0 
31-Jan-2006 10:28,200511,EDINBURGH,UNITED KINGDOM,BIRMINGHAM,BMIBABY LTD,D,S, 56 , 0 , 67.8571428571429 , 10.7142857142857 , 14.2857142857143 , 7.14285714285714 , 0 , 0 , 16.5 , 0 , 0 , 0 , 0 
31-Jan-2006 10:28,200511,EDINBURGH,UNITED KINGDOM,BIRMINGHAM,BRITISH AIRWAYS CITIEXPRESS LTD,A,S, 143 , 1 , 88.8111888111888 , 3.4965034965035 , 5.59440559440559 , 2.0979020979021 , 0 , 0 , 6.08391608391608 , 0 , 112 , 84.8214285714286 , 8.75892857142857 
31-Jan-2006 10:28,200511,EDINBURGH,UNITED KINGDOM,BIRMINGHAM,BRITISH AIRWAYS CITIEXPRESS LTD,D,S, 146 , 0 , 88.3561643835616 , 2.73972602739726 , 4.79452054794521 , 4.10958904109589 , 0 , 0 , 8.77397260273973 , 0 , 112 , 84.8214285714286 , 9.34821428571429 
31-Jan-2006 10:28,200511,EDINBURGH,UNITED KINGDOM,BIRMINGHAM,FLYBE LTD,A,S, 144 , 0 , 81.9444444444444 , 3.47222222222222 , 4.86111111111111 , 9.02777777777778 , 0.694444444444444 , 0 , 15.8541666666667 , 12 , 155 , 86.4516129032258 , 8.19354838709677 
31-Jan-2006 10:28,200511,EDINBURGH,UNITED KINGDOM,BIRMINGHAM,FLYBE LTD,D,S, 144 , 0 , 74.3055555555556 , 9.72222222222222 , 2.77777777777778 , 10.4166666666667 , 2.08333333333333 , 0.694444444444444 , 26.3680555555556 , 12 , 155 , 82.5806451612903 , 14.2322580645161 
31-Jan-2006 10:28,200511,EDINBURGH,UNITED KINGDOM,BRISTOL,BRITISH AIRWAYS CITIEXPRESS LTD,A,S, 125 , 0 , 79.2 , 5.6 , 8.8 , 5.6 , 0.8 , 0 , 14.392 , 0 , 106 , 73.5849056603774 , 10.4811320754717 
31-Jan-2006 10:28,200511,EDINBURGH,UNITED KINGDOM,BRISTOL,BRITISH AIRWAYS CITIEXPRESS LTD,D,S, 127 , 0 , 75.5905511811024 , 11.8110236220472 , 6.2992125984252 , 3.93700787401575 , 2.36220472440945 , 0 , 16.7716535433071 , 0 , 115 , 82.6086956521739 , 8.69565217391304 
31-Jan-2006 10:28,200511,EDINBURGH,UNITED KINGDOM,BRISTOL,EASYJET AIRLINE COMPANY LTD,A,S, 82 , 0 , 80.4878048780488 , 8.53658536585366 , 8.53658536585366 , 1.21951219512195 , 1.21951219512195 , 0 , 10.7317073170732 , 0 , 82 , 85.3658536585366 , 5.19512195121951 
31-Jan-2006 10:28,200511,EDINBURGH,UNITED KINGDOM,BRISTOL,EASYJET AIRLINE COMPANY LTD,D,S, 82 , 0 , 62.1951219512195 , 21.9512195121951 , 10.9756097560976 , 3.65853658536585 , 1.21951219512195 , 0 , 19.109756097561 , 0 , 82 , 68.2926829268293 , 11.3048780487805 
31-Jan-2006 10:28,200511,EDINBURGH,UNITED KINGDOM,CARDIFF WALES,BMIBABY LTD,A,S, 62 , 0 , 87.0967741935484 , 4.83870967741935 , 0 , 3.2258064516129 , 4.83870967741935 , 0 , 18.3709677419355 , 2 , 65 , 73.8461538461539 , 14.6307692307692 
31-Jan-2006 10:28,200511,EDINBURGH,UNITED KINGDOM,CARDIFF WALES,BMIBABY LTD,D,S, 63 , 0 , 73.015873015873 , 15.8730158730159 , 1.58730158730159 , 3.17460317460317 , 4.76190476190476 , 1.58730158730159 , 30.9365079365079 , 1 , 65 , 67.6923076923077 , 17.7384615384615 
31-Jan-2006 10:28,200511,EDINBURGH,UNITED KINGDOM,DUNDEE,SCOT AIRWAYS,A,S, 0 , 1 , 0 , 0 , 0 , 0 , 0 , 0 , 0 , 0 , 0 , 0 , 0 
31-Jan-2006 10:28,200511,EDINBURGH,UNITED KINGDOM,EXETER,FLYBE LTD,A,S, 56 , 0 , 73.2142857142857 , 10.7142857142857 , 5.35714285714286 , 10.7142857142857 , 0 , 0 , 17.7321428571429 , 0 , 30 , 73.3333333333333 , 17.9333333333333 
31-Jan-2006 10:28,200511,EDINBURGH,UNITED KINGDOM,EXETER,FLYBE LTD,D,S, 56 , 0 , 66.0714285714286 , 16.0714285714286 , 8.92857142857143 , 8.92857142857143 , 0 , 0 , 20.0178571428571 , 0 , 30 , 83.3333333333333 , 12.3333333333333 
31-Jan-2006 10:28,200511,EDINBURGH,UNITED KINGDOM,GATWICK,BRITISH AIRWAYS PLC,A,S, 159 , 0 , 82.3899371069182 , 5.0314465408805 , 8.17610062893082 , 4.40251572327044 , 0 , 0 , 10.4591194968553 , 0 , 192 , 82.2916666666667 , 8.04166666666667 
31-Jan-2006 10:28,200511,EDINBURGH,UNITED KINGDOM,GATWICK,BRITISH AIRWAYS PLC,D,S, 158 , 0 , 70.253164556962 , 16.4556962025316 , 6.9620253164557 , 6.32911392405063 , 0 , 0 , 16.3291139240506 , 1 , 192 , 71.3541666666667 , 12.5052083333333 
31-Jan-2006 10:28,200511,EDINBURGH,UNITED KINGDOM,GATWICK,EASYJET AIRLINE COMPANY LTD,A,S, 112 , 0 , 91.0714285714286 , 3.57142857142857 , 3.57142857142857 , 1.78571428571429 , 0 , 0 , 4.86607142857143 , 0 , 112 , 75 , 12.4196428571429 
31-Jan-2006 10:28,200511,EDINBURGH,UNITED KINGDOM,GATWICK,EASYJET AIRLINE COMPANY LTD,D,S, 112 , 0 , 82.1428571428572 , 9.82142857142857 , 4.46428571428571 , 3.57142857142857 , 0 , 0 , 9.53571428571429 , 0 , 112 , 56.25 , 20.4553571428571 
31-Jan-2006 10:28,200511,EDINBURGH,UNITED KINGDOM,GATWICK,NETJETS TRANSPORTES AEREOS,A,C, 0 , 1 , 0 , 0 , 0 , 0 , 0 , 0 , 0 , 0 , 0 , 0 , 0 
31-Jan-2006 10:28,200511,EDINBURGH,UNITED KINGDOM,GLASGOW,FLYBE LTD,A,S, 0 , 1 , 0 , 0 , 0 , 0 , 0 , 0 , 0 , 0 , 0 , 0 , 0 
31-Jan-2006 10:28,200511,EDINBURGH,UNITED KINGDOM,HEATHROW,BMI BRITISH MIDLAND,A,S, 228 , 0 , 77.6315789473684 , 11.4035087719298 , 8.33333333333333 , 2.19298245614035 , 0.43859649122807 , 0 , 10.530701754386 , 4 , 232 , 86.2068965517241 , 8.43534482758621 
31-Jan-2006 10:28,200511,EDINBURGH,UNITED KINGDOM,HEATHROW,BMI BRITISH MIDLAND,D,S, 227 , 0 , 72.2466960352423 , 14.5374449339207 , 7.48898678414097 , 4.84581497797357 , 0.881057268722467 , 0 , 16.0132158590308 , 4 , 231 , 80.5194805194805 , 9.83549783549783 
31-Jan-2006 10:28,200511,EDINBURGH,UNITED KINGDOM,HEATHROW,BRITISH AIRWAYS PLC,A,S, 360 , 0 , 65.8333333333333 , 18.6111111111111 , 10 , 5.55555555555556 , 0 , 0 , 15.6694444444444 , 0 , 335 , 72.5373134328358 , 14.9970149253731 
31-Jan-2006 10:28,200511,EDINBURGH,UNITED KINGDOM,HEATHROW,BRITISH AIRWAYS PLC,D,S, 359 , 0 , 63.2311977715877 , 18.3844011142061 , 11.6991643454039 , 6.4066852367688 , 0.278551532033426 , 0 , 19.7910863509749 , 1 , 333 , 75.975975975976 , 13.6486486486486 
31-Jan-2006 10:28,200511,EDINBURGH,UNITED KINGDOM,INVERNESS,LOGANAIR,A,S, 34 , 0 , 76.4705882352941 , 5.88235294117647 , 2.94117647058824 , 14.7058823529412 , 0 , 0 , 21.7647058823529 , 0 , 69 , 82.6086956521739 , 17.4782608695652 
31-Jan-2006 10:28,200511,EDINBURGH,UNITED KINGDOM,INVERNESS,LOGANAIR,D,S, 1 , 0 , 100 , 0 , 0 , 0 , 0 , 0 , 0 , 0 , 1 , 100 , 4 
31-Jan-2006 10:28,200511,EDINBURGH,UNITED KINGDOM,JERSEY,BRITISH AIRWAYS CITIEXPRESS LTD,A,S, 0 , 0 , 0 , 0 , 0 , 0 , 0 , 0 , 0 , 0 , 22 , 100 , 0.954545454545455 
31-Jan-2006 10:28,200511,EDINBURGH,UNITED KINGDOM,JERSEY,BRITISH AIRWAYS CITIEXPRESS LTD,D,S, 0 , 0 , 0 , 0 , 0 , 0 , 0 , 0 , 0 , 0 , 13 , 69.2307692307692 , 16.5384615384615 
31-Jan-2006 10:28,200511,EDINBURGH,UNITED KINGDOM,KENT INTERNATIONAL,EUJET,A,S, 0 , 0 , 0 , 0 , 0 , 0 , 0 , 0 , 0 , 0 , 52 , 57.6923076923077 , 19.6346153846154 
31-Jan-2006 10:28,200511,EDINBURGH,UNITED KINGDOM,KENT INTERNATIONAL,EUJET,D,S, 0 , 0 , 0 , 0 , 0 , 0 , 0 , 0 , 0 , 0 , 52 , 48.0769230769231 , 23.9615384615385 
31-Jan-2006 10:28,200511,EDINBURGH,UNITED KINGDOM,KIRKWALL,LOGANAIR,A,S, 37 , 0 , 75.6756756756757 , 8.10810810810811 , 8.10810810810811 , 8.10810810810811 , 0 , 0 , 18.5675675675676 , 0 , 7 , 100 , 1.28571428571429 
31-Jan-2006 10:28,200511,EDINBURGH,UNITED KINGDOM,KIRKWALL,LOGANAIR,D,S, 55 , 1 , 76.3636363636364 , 5.45454545454545 , 3.63636363636364 , 12.7272727272727 , 1.81818181818182 , 0 , 24.5818181818182 , 0 , 54 , 72.2222222222222 , 17.8888888888889 
31-Jan-2006 10:28,200511,EDINBURGH,UNITED KINGDOM,LEEDS BRADFORD,BMI REGIONAL,A,S, 88 , 0 , 88.6363636363636 , 7.95454545454546 , 3.40909090909091 , 0 , 0 , 0 , 4.56818181818182 , 0 , 70 , 88.5714285714286 , 8.97142857142857 
31-Jan-2006 10:28,200511,EDINBURGH,UNITED KINGDOM,LEEDS BRADFORD,BMI REGIONAL,D,S, 88 , 0 , 87.5 , 6.81818181818182 , 4.54545454545455 , 1.13636363636364 , 0 , 0 , 6.60227272727273 , 0 , 70 , 82.8571428571429 , 9.95714285714286 
31-Jan-2006 10:28,200511,EDINBURGH,UNITED KINGDOM,LONDON CITY,BRITISH AIRWAYS CITIEXPRESS LTD,A,S, 117 , 0 , 73.5042735042735 , 11.965811965812 , 8.54700854700855 , 5.12820512820513 , 0.854700854700855 , 0 , 16.7863247863248 , 0 , 70 , 85.7142857142857 , 8.54285714285714 
31-Jan-2006 10:28,200511,EDINBURGH,UNITED KINGDOM,LONDON CITY,BRITISH AIRWAYS CITIEXPRESS LTD,D,S, 120 , 1 , 60 , 24.1666666666667 , 9.16666666666667 , 6.66666666666667 , 0 , 0 , 19.9333333333333 , 0 , 69 , 84.0579710144928 , 10.2753623188406 
31-Jan-2006 10:28,200511,EDINBURGH,UNITED KINGDOM,LONDON CITY,SCOT AIRWAYS,A,S, 203 , 0 , 69.4581280788177 , 20.6896551724138 , 6.89655172413793 , 2.95566502463054 , 0 , 0 , 14.0394088669951 , 19 , 210 , 64.2857142857143 , 14.4095238095238 
31-Jan-2006 10:28,200511,EDINBURGH,UNITED KINGDOM,LONDON CITY,SCOT AIRWAYS,D,S, 203 , 1 , 87.6847290640394 , 6.89655172413793 , 1.47783251231527 , 3.44827586206897 , 0.492610837438424 , 0 , 9.75862068965517 , 25 , 210 , 81.9047619047619 , 8.83809523809524 
31-Jan-2006 10:28,200511,EDINBURGH,UNITED KINGDOM,LUTON,BRITISH AIRWAYS CITIEXPRESS LTD,A,S, 0 , 1 , 0 , 0 , 0 , 0 , 0 , 0 , 0 , 0 , 0 , 0 , 0 
31-Jan-2006 10:28,200511,EDINBURGH,UNITED KINGDOM,LUTON,EASYJET AIRLINE COMPANY LTD,A,S, 160 , 0 , 92.5 , 3.75 , 2.5 , 1.25 , 0 , 0 , 5.0625 , 0 , 164 , 84.7560975609756 , 8.25609756097561 
31-Jan-2006 10:28,200511,EDINBURGH,UNITED KINGDOM,LUTON,EASYJET AIRLINE COMPANY LTD,D,S, 160 , 0 , 85.625 , 6.875 , 3.125 , 3.125 , 1.25 , 0 , 11.85625 , 0 , 164 , 74.390243902439 , 12.8292682926829 
31-Jan-2006 10:28,200511,EDINBURGH,UNITED KINGDOM,LUTON,HAPAG LLOYD EXECUTIVE,A,C, 0 , 1 , 0 , 0 , 0 , 0 , 0 , 0 , 0 , 0 , 0 , 0 , 0 
31-Jan-2006 10:28,200511,EDINBURGH,UNITED KINGDOM,LUTON,HAPAG LLOYD EXECUTIVE,D,C, 0 , 1 , 0 , 0 , 0 , 0 , 0 , 0 , 0 , 0 , 0 , 0 , 0 
31-Jan-2006 10:28,200511,EDINBURGH,UNITED KINGDOM,LUTON,TAG AVIATION SA,A,C, 0 , 1 , 0 , 0 , 0 , 0 , 0 , 0 , 0 , 0 , 0 , 0 , 0 
31-Jan-2006 10:28,200511,EDINBURGH,UNITED KINGDOM,MANCHESTER,BMI REGIONAL,A,S, 119 , 0 , 79.8319327731092 , 6.72268907563025 , 5.88235294117647 , 6.72268907563025 , 0.840336134453782 , 0 , 15.8487394957983 , 0 , 119 , 80.672268907563 , 9.89915966386555 
31-Jan-2006 10:28,200511,EDINBURGH,UNITED KINGDOM,MANCHESTER,BMI REGIONAL,D,S, 118 , 0 , 69.4915254237288 , 17.7966101694915 , 7.6271186440678 , 3.38983050847458 , 1.69491525423729 , 0 , 16.5254237288136 , 0 , 120 , 85 , 8.63333333333333 
31-Jan-2006 10:28,200511,EDINBURGH,UNITED KINGDOM,MANCHESTER,BRITISH AIRWAYS CITIEXPRESS LTD,A,S, 142 , 0 , 69.0140845070422 , 9.85915492957746 , 10.5633802816901 , 10.5633802816901 , 0 , 0 , 19.7183098591549 , 0 , 152 , 75 , 12.5328947368421 
31-Jan-2006 10:28,200511,EDINBURGH,UNITED KINGDOM,MANCHESTER,BRITISH AIRWAYS CITIEXPRESS LTD,D,S, 142 , 0 , 57.0422535211268 , 21.1267605633803 , 10.5633802816901 , 10.5633802816901 , 0.704225352112676 , 0 , 22.7535211267606 , 0 , 150 , 80.6666666666667 , 11.5266666666667 
31-Jan-2006 10:28,200511,EDINBURGH,UNITED KINGDOM,MANCHESTER,CHANNEL EXPRESS LTD ALSO T/A JET2.COM,A,S, 52 , 0 , 86.5384615384615 , 5.76923076923077 , 5.76923076923077 , 1.92307692307692 , 0 , 0 , 6.51923076923077 , 4 , 0 , 0 , 0 
31-Jan-2006 10:28,200511,EDINBURGH,UNITED KINGDOM,MANCHESTER,CHANNEL EXPRESS LTD ALSO T/A JET2.COM,D,S, 52 , 0 , 84.6153846153846 , 9.61538461538462 , 3.84615384615385 , 1.92307692307692 , 0 , 0 , 7.94230769230769 , 4 , 0 , 0 , 0 
31-Jan-2006 10:28,200511,EDINBURGH,UNITED KINGDOM,NORWICH,EASTERN AIRWAYS,A,S, 63 , 0 , 88.8888888888889 , 4.76190476190476 , 3.17460317460317 , 1.58730158730159 , 1.58730158730159 , 0 , 8.95238095238095 , 3 , 70 , 65.7142857142857 , 13.0142857142857 
31-Jan-2006 10:28,200511,EDINBURGH,UNITED KINGDOM,NORWICH,EASTERN AIRWAYS,D,S, 62 , 1 , 88.7096774193548 , 8.06451612903226 , 1.61290322580645 , 1.61290322580645 , 0 , 0 , 5.91935483870968 , 4 , 70 , 75.7142857142857 , 11.6571428571429 
31-Jan-2006 10:28,200511,EDINBURGH,UNITED KINGDOM,NORWICH,FLYBE LTD,A,S, 29 , 0 , 62.0689655172414 , 10.3448275862069 , 6.89655172413793 , 13.7931034482759 , 6.89655172413793 , 0 , 38.4137931034483 , 1 , 0 , 0 , 0 
31-Jan-2006 10:28,200511,EDINBURGH,UNITED KINGDOM,NORWICH,FLYBE LTD,D,S, 29 , 0 , 68.9655172413793 , 6.89655172413793 , 6.89655172413793 , 10.3448275862069 , 6.89655172413793 , 0 , 30.6896551724138 , 1 , 0 , 0 , 0 
31-Jan-2006 10:28,200511,EDINBURGH,UNITED KINGDOM,NOTTINGHAM EAST MIDLANDS INT'L,BMIBABY LTD,A,S, 73 , 0 , 94.5205479452055 , 1.36986301369863 , 1.36986301369863 , 1.36986301369863 , 1.36986301369863 , 0 , 5.80821917808219 , 0 , 78 , 82.0512820512821 , 10.6666666666667 
31-Jan-2006 10:28,200511,EDINBURGH,UNITED KINGDOM,NOTTINGHAM EAST MIDLANDS INT'L,BMIBABY LTD,D,S, 73 , 0 , 84.9315068493151 , 10.958904109589 , 0 , 2.73972602739726 , 1.36986301369863 , 0 , 10.5479452054795 , 0 , 78 , 80.7692307692308 , 11.1282051282051 
31-Jan-2006 10:28,200511,EDINBURGH,UNITED KINGDOM,NOTTINGHAM EAST MIDLANDS INT'L,EASYJET AIRLINE COMPANY LTD,A,S, 0 , 0 , 0 , 0 , 0 , 0 , 0 , 0 , 0 , 0 , 60 , 93.3333333333333 , 5.28333333333333 
31-Jan-2006 10:28,200511,EDINBURGH,UNITED KINGDOM,NOTTINGHAM EAST MIDLANDS INT'L,EASYJET AIRLINE COMPANY LTD,D,S, 0 , 0 , 0 , 0 , 0 , 0 , 0 , 0 , 0 , 0 , 60 , 73.3333333333333 , 13.8333333333333 
31-Jan-2006 10:28,200511,EDINBURGH,UNITED KINGDOM,SOUTHAMPTON,BRITISH AIRWAYS CITIEXPRESS LTD,A,S, 101 , 0 , 75.2475247524752 , 11.8811881188119 , 6.93069306930693 , 5.94059405940594 , 0 , 0 , 13.8712871287129 , 0 , 123 , 78.0487804878049 , 9.1869918699187 
31-Jan-2006 10:28,200511,EDINBURGH,UNITED KINGDOM,SOUTHAMPTON,BRITISH AIRWAYS CITIEXPRESS LTD,D,S, 100 , 0 , 78 , 10 , 6 , 6 , 0 , 0 , 14.17 , 0 , 123 , 78.8617886178862 , 9.34959349593496 
31-Jan-2006 10:28,200511,EDINBURGH,UNITED KINGDOM,SOUTHAMPTON,FLYBE LTD,A,S, 123 , 0 , 80.4878048780488 , 6.50406504065041 , 6.50406504065041 , 4.8780487804878 , 1.6260162601626 , 0 , 13.7073170731707 , 7 , 78 , 88.4615384615385 , 5.78205128205128 
31-Jan-2006 10:28,200511,EDINBURGH,UNITED KINGDOM,SOUTHAMPTON,FLYBE LTD,D,S, 125 , 0 , 71.2 , 14.4 , 6.4 , 4.8 , 3.2 , 0 , 20.28 , 5 , 77 , 72.7272727272727 , 15.0649350649351 
31-Jan-2006 10:28,200511,EDINBURGH,UNITED KINGDOM,STANSTED,EASYJET AIRLINE COMPANY LTD,A,S, 166 , 0 , 84.9397590361446 , 8.43373493975904 , 4.21686746987952 , 2.40963855421687 , 0 , 0 , 7.19879518072289 , 0 , 186 , 81.7204301075269 , 8.7741935483871 
31-Jan-2006 10:28,200511,EDINBURGH,UNITED KINGDOM,STANSTED,EASYJET AIRLINE COMPANY LTD,D,S, 166 , 0 , 78.3132530120482 , 11.4457831325301 , 6.62650602409639 , 1.80722891566265 , 1.80722891566265 , 0 , 13.4698795180723 , 0 , 186 , 67.2043010752688 , 15.4354838709677 
31-Jan-2006 10:28,200511,EDINBURGH,UNITED KINGDOM,STANSTED,FLIGHTLINE LTD,A,C, 1 , 0 , 0 , 0 , 0 , 100 , 0 , 0 , 70 , 0 , 0 , 0 , 0 
31-Jan-2006 10:28,200511,EDINBURGH,UNITED KINGDOM,STANSTED,FLYGLOBESPAN,A,S, 52 , 0 , 80.7692307692308 , 7.69230769230769 , 5.76923076923077 , 5.76923076923077 , 0 , 0 , 10.5769230769231 , 0 , 0 , 0 , 0 
31-Jan-2006 10:28,200511,EDINBURGH,UNITED KINGDOM,STANSTED,FLYGLOBESPAN,D,S, 52 , 0 , 90.3846153846154 , 0 , 3.84615384615385 , 5.76923076923077 , 0 , 0 , 8.15384615384615 , 0 , 0 , 0 , 0 
31-Jan-2006 10:28,200511,EDINBURGH,UNITED KINGDOM,STORNOWAY,BMI REGIONAL,A,S, 23 , 0 , 95.6521739130435 , 0 , 0 , 4.34782608695652 , 0 , 0 , 4.82608695652174 , 0 , 26 , 100 , 0 
31-Jan-2006 10:28,200511,EDINBURGH,UNITED KINGDOM,STORNOWAY,BMI REGIONAL,D,S, 23 , 0 , 91.304347826087 , 4.34782608695652 , 0 , 4.34782608695652 , 0 , 0 , 4.34782608695652 , 0 , 26 , 88.4615384615385 , 4.46153846153846 
31-Jan-2006 10:28,200511,EDINBURGH,UNITED KINGDOM,STORNOWAY,LOGANAIR,A,S, 36 , 0 , 63.8888888888889 , 16.6666666666667 , 8.33333333333333 , 11.1111111111111 , 0 , 0 , 18.9444444444444 , 0 , 30 , 90 , 3.9 
31-Jan-2006 10:28,200511,EDINBURGH,UNITED KINGDOM,STORNOWAY,LOGANAIR,D,S, 51 , 0 , 66.6666666666667 , 13.7254901960784 , 11.7647058823529 , 5.88235294117647 , 1.96078431372549 , 0 , 25.8039215686275 , 0 , 52 , 53.8461538461538 , 25.6730769230769 
31-Jan-2006 10:28,200511,EDINBURGH,UNITED KINGDOM,SUMBURGH,LOGANAIR,A,S, 49 , 0 , 73.469387755102 , 12.2448979591837 , 10.2040816326531 , 4.08163265306122 , 0 , 0 , 11.7959183673469 , 0 , 52 , 82.6923076923077 , 11.7307692307692 
31-Jan-2006 10:28,200511,EDINBURGH,UNITED KINGDOM,SUMBURGH,LOGANAIR,D,S, 50 , 0 , 60 , 18 , 16 , 6 , 0 , 0 , 18.34 , 0 , 52 , 73.0769230769231 , 17.1153846153846 
31-Jan-2006 10:28,200511,EDINBURGH,UNITED KINGDOM,WICK,LOGANAIR,A,S, 1 , 0 , 100 , 0 , 0 , 0 , 0 , 0 , 0 , 0 , 0 , 0 , 0 
31-Jan-2006 10:28,200511,EDINBURGH,UNITED KINGDOM,WICK,LOGANAIR,D,S, 1 , 0 , 100 , 0 , 0 , 0 , 0 , 0 , 0 , 0 , 0 , 0 , 0 
31-Jan-2006 10:28,200511,EDINBURGH,USA,NEW YORK (NEWARK),CONTINENTAL AIRLINES,A,S, 30 , 0 , 93.3333333333333 , 0 , 3.33333333333333 , 3.33333333333333 , 0 , 0 , 9.26666666666667 , 0 , 22 , 90.9090909090909 , 4.22727272727273 
31-Jan-2006 10:28,200511,EDINBURGH,USA,NEW YORK (NEWARK),CONTINENTAL AIRLINES,D,S, 30 , 0 , 66.6666666666667 , 23.3333333333333 , 3.33333333333333 , 6.66666666666667 , 0 , 0 , 17.1 , 0 , 22 , 86.3636363636364 , 5.63636363636364 
31-Jan-2006 10:28,200511,GATWICK,ALGERIA,ALGIERS,BRITISH AIRWAYS PLC,A,S, 17 , 0 , 41.1764705882353 , 29.4117647058824 , 11.7647058823529 , 11.7647058823529 , 5.88235294117647 , 0 , 36.0588235294118 , 0 , 17 , 29.4117647058824 , 41.9411764705882 
31-Jan-2006 10:28,200511,GATWICK,ALGERIA,ALGIERS,BRITISH AIRWAYS PLC,D,S, 17 , 0 , 82.3529411764706 , 0 , 5.88235294117647 , 11.7647058823529 , 0 , 0 , 18.0588235294118 , 0 , 17 , 52.9411764705882 , 32.1176470588235 
31-Jan-2006 10:28,200511,GATWICK,ALGERIA,HASSI MESSAOUD,AIR ALGERIE,A,C, 8 , 0 , 37.5 , 25 , 25 , 12.5 , 0 , 0 , 24.875 , 0 , 8 , 37.5 , 30.25 
31-Jan-2006 10:28,200511,GATWICK,ALGERIA,HASSI MESSAOUD,AIR ALGERIE,D,C, 8 , 0 , 87.5 , 0 , 12.5 , 0 , 0 , 0 , 11.875 , 0 , 8 , 50 , 23.25 
31-Jan-2006 10:28,200511,GATWICK,ALGERIA,HASSI MESSAOUD,ASTRAEUS LTD,A,C, 13 , 0 , 46.1538461538462 , 46.1538461538462 , 7.69230769230769 , 0 , 0 , 0 , 16 , 0 , 13 , 84.6153846153846 , 11.2307692307692 
31-Jan-2006 10:28,200511,GATWICK,ALGERIA,HASSI MESSAOUD,ASTRAEUS LTD,D,C, 13 , 0 , 84.6153846153846 , 7.69230769230769 , 7.69230769230769 , 0 , 0 , 0 , 8.07692307692308 , 0 , 13 , 92.3076923076923 , 2.30769230769231 
31-Jan-2006 10:28,200511,GATWICK,ALGERIA,HASSI MESSAOUD,BRITISH AIRWAYS PLC,A,S, 9 , 0 , 88.8888888888889 , 11.1111111111111 , 0 , 0 , 0 , 0 , 2.88888888888889 , 0 , 0 , 0 , 0 
31-Jan-2006 10:28,200511,GATWICK,ALGERIA,HASSI MESSAOUD,BRITISH AIRWAYS PLC,D,S, 9 , 0 , 100 , 0 , 0 , 0 , 0 , 0 , 3.33333333333333 , 0 , 0 , 0 , 0 
31-Jan-2006 10:28,200511,GATWICK,ANGOLA,LUANDA,EUROATLANTIC AIRWAYS,A,C, 1 , 0 , 0 , 0 , 0 , 0 , 100 , 0 , 226 , 0 , 0 , 0 , 0 
31-Jan-2006 10:28,200511,GATWICK,ANTIGUA AND BARBUDA,ANTIGUA,BRITISH AIRWAYS PLC,A,S, 0 , 0 , 0 , 0 , 0 , 0 , 0 , 0 , 0 , 0 , 4 , 75 , 9.25 
31-Jan-2006 10:28,200511,GATWICK,ANTIGUA AND BARBUDA,ANTIGUA,BRITISH AIRWAYS PLC,D,S, 0 , 0 , 0 , 0 , 0 , 0 , 0 , 0 , 0 , 0 , 4 , 75 , 13 
31-Jan-2006 10:28,200511,GATWICK,ANTIGUA AND BARBUDA,ANTIGUA,FIRST CHOICE AIRWAYS LTD,A,C, 4 , 0 , 0 , 0 , 50 , 50 , 0 , 0 , 73.25 , 0 , 0 , 0 , 0 
31-Jan-2006 10:28,200511,GATWICK,ANTIGUA AND BARBUDA,ANTIGUA,FIRST CHOICE AIRWAYS LTD,D,C, 4 , 0 , 50 , 25 , 25 , 0 , 0 , 0 , 14.5 , 0 , 4 , 50 , 140.5 
31-Jan-2006 10:28,200511,GATWICK,ANTIGUA AND BARBUDA,ANTIGUA,THOMSONFLY LTD,A,C, 0 , 0 , 0 , 0 , 0 , 0 , 0 , 0 , 0 , 0 , 1 , 0 , 33 
31-Jan-2006 10:28,200511,GATWICK,ANTIGUA AND BARBUDA,ANTIGUA,THOMSONFLY LTD,D,C, 0 , 0 , 0 , 0 , 0 , 0 , 0 , 0 , 0 , 0 , 1 , 100 , 14 
31-Jan-2006 10:28,200511,GATWICK,ANTIGUA AND BARBUDA,ANTIGUA,VIRGIN ATLANTIC AIRWAYS LTD,A,S, 12 , 0 , 66.6666666666667 , 8.33333333333333 , 16.6666666666667 , 8.33333333333333 , 0 , 0 , 22.5833333333333 , 0 , 11 , 45.4545454545455 , 36.0909090909091 
31-Jan-2006 10:28,200511,GATWICK,ANTIGUA AND BARBUDA,ANTIGUA,VIRGIN ATLANTIC AIRWAYS LTD,D,S, 13 , 0 , 61.5384615384615 , 23.0769230769231 , 7.69230769230769 , 0 , 7.69230769230769 , 0 , 31 , 0 , 12 , 16.6666666666667 , 45.4166666666667 
31-Jan-2006 10:28,200511,GATWICK,ARGENTINA,BUENOS AIRES,THOMSONFLY LTD,D,C, 1 , 0 , 100 , 0 , 0 , 0 , 0 , 0 , 13 , 0 , 0 , 0 , 0 
31-Jan-2006 10:28,200511,GATWICK,AUSTRALIA,PERTH (AUSTRALIA),THOMSONFLY LTD,A,C, 2 , 0 , 50 , 0 , 50 , 0 , 0 , 0 , 29 , 0 , 0 , 0 , 0 
31-Jan-2006 10:28,200511,GATWICK,AUSTRALIA,PERTH (AUSTRALIA),THOMSONFLY LTD,D,C, 2 , 0 , 100 , 0 , 0 , 0 , 0 , 0 , 6 , 0 , 0 , 0 , 0 
31-Jan-2006 10:28,200511,GATWICK,AUSTRALIA,SYDNEY,THOMSONFLY LTD,A,C, 2 , 0 , 0 , 0 , 50 , 0 , 0 , 50 , 252.5 , 0 , 0 , 0 , 0 
31-Jan-2006 10:28,200511,GATWICK,AUSTRALIA,SYDNEY,THOMSONFLY LTD,D,C, 3 , 0 , 66.6666666666667 , 33.3333333333333 , 0 , 0 , 0 , 0 , 13 , 0 , 0 , 0 , 0 
31-Jan-2006 10:28,200511,GATWICK,AUSTRIA,INNSBRUCK,LAUDA-AIR,A,S, 6 , 0 , 100 , 0 , 0 , 0 , 0 , 0 , 0 , 0 , 8 , 100 , 0.75 
31-Jan-2006 10:28,200511,GATWICK,AUSTRIA,INNSBRUCK,LAUDA-AIR,D,S, 6 , 0 , 100 , 0 , 0 , 0 , 0 , 0 , 0 , 0 , 8 , 100 , 0 
31-Jan-2006 10:28,200511,GATWICK,AZERBAIJAN,BAKU ( HEYDER ALIYEV INT'L ),AZERBAIJAN AIRLINES ( AZAL ),A,S, 13 , 0 , 53.8461538461538 , 15.3846153846154 , 30.7692307692308 , 0 , 0 , 0 , 17.1538461538462 , 0 , 13 , 84.6153846153846 , 10.0769230769231 
31-Jan-2006 10:28,200511,GATWICK,AZERBAIJAN,BAKU ( HEYDER ALIYEV INT'L ),AZERBAIJAN AIRLINES ( AZAL ),D,S, 13 , 0 , 38.4615384615385 , 30.7692307692308 , 23.0769230769231 , 7.69230769230769 , 0 , 0 , 24 , 0 , 13 , 92.3076923076923 , 10.8461538461538 
31-Jan-2006 10:28,200511,GATWICK,AZERBAIJAN,BAKU ( HEYDER ALIYEV INT'L ),EXCEL AIRWAYS LTD,A,C, 0 , 1 , 0 , 0 , 0 , 0 , 0 , 0 , 0 , 0 , 0 , 0 , 0 
31-Jan-2006 10:28,200511,GATWICK,BAHAMAS,NASSAU,VIRGIN ATLANTIC AIRWAYS LTD,A,S, 5 , 0 , 80 , 20 , 0 , 0 , 0 , 0 , 10.8 , 0 , 0 , 0 , 0 
31-Jan-2006 10:28,200511,GATWICK,BAHAMAS,NASSAU,VIRGIN ATLANTIC AIRWAYS LTD,D,S, 4 , 0 , 75 , 25 , 0 , 0 , 0 , 0 , 13.25 , 0 , 0 , 0 , 0 
31-Jan-2006 10:28,200511,GATWICK,BARBADOS,BRIDGETOWN,BRITISH AIRWAYS PLC,A,S, 38 , 0 , 52.6315789473684 , 23.6842105263158 , 18.4210526315789 , 5.26315789473684 , 0 , 0 , 18.2894736842105 , 0 , 39 , 82.0512820512821 , 9.8974358974359 
31-Jan-2006 10:28,200511,GATWICK,BARBADOS,BRIDGETOWN,BRITISH AIRWAYS PLC,D,S, 38 , 0 , 81.5789473684211 , 13.1578947368421 , 5.26315789473684 , 0 , 0 , 0 , 8.39473684210526 , 0 , 39 , 92.3076923076923 , 5.92307692307692 
31-Jan-2006 10:28,200511,GATWICK,BARBADOS,BRIDGETOWN,EXCEL AIRWAYS LTD,A,C, 4 , 0 , 0 , 0 , 0 , 75 , 0 , 25 , 428.5 , 0 , 4 , 25 , 23.25 
31-Jan-2006 10:28,200511,GATWICK,BARBADOS,BRIDGETOWN,EXCEL AIRWAYS LTD,D,C, 4 , 1 , 25 , 50 , 0 , 0 , 0 , 25 , 211.5 , 0 , 3 , 0 , 27 
31-Jan-2006 10:28,200511,GATWICK,BARBADOS,BRIDGETOWN,MONARCH AIRLINES,A,C, 4 , 0 , 0 , 0 , 0 , 50 , 50 , 0 , 170.75 , 0 , 4 , 25 , 24.25 
31-Jan-2006 10:28,200511,GATWICK,BARBADOS,BRIDGETOWN,MONARCH AIRLINES,D,C, 4 , 0 , 0 , 25 , 25 , 25 , 25 , 0 , 107.75 , 0 , 4 , 50 , 23.75 
31-Jan-2006 10:28,200511,GATWICK,BARBADOS,BRIDGETOWN,MY TRAVEL AIRWAYS UK,A,C, 0 , 0 , 0 , 0 , 0 , 0 , 0 , 0 , 0 , 0 , 2 , 50 , 61 
31-Jan-2006 10:28,200511,GATWICK,BARBADOS,BRIDGETOWN,MY TRAVEL AIRWAYS UK,D,C, 0 , 0 , 0 , 0 , 0 , 0 , 0 , 0 , 0 , 0 , 1 , 100 , 11 
31-Jan-2006 10:28,200511,GATWICK,BARBADOS,BRIDGETOWN,THOMAS COOK AIRLINES LTD,A,C, 9 , 0 , 22.2222222222222 , 0 , 22.2222222222222 , 55.5555555555556 , 0 , 0 , 60.7777777777778 , 0 , 5 , 20 , 63.6 
31-Jan-2006 10:28,200511,GATWICK,BARBADOS,BRIDGETOWN,THOMAS COOK AIRLINES LTD,D,C, 8 , 0 , 25 , 37.5 , 12.5 , 25 , 0 , 0 , 33.875 , 0 , 6 , 33.3333333333333 , 56.3333333333333 
31-Jan-2006 10:28,200511,GATWICK,BARBADOS,BRIDGETOWN,THOMSONFLY LTD,A,C, 2 , 0 , 50 , 0 , 0 , 50 , 0 , 0 , 56 , 0 , 5 , 80 , 43 
31-Jan-2006 10:28,200511,GATWICK,BARBADOS,BRIDGETOWN,THOMSONFLY LTD,D,C, 1 , 0 , 100 , 0 , 0 , 0 , 0 , 0 , 9 , 0 , 3 , 66.6666666666667 , 9.33333333333333 
31-Jan-2006 10:28,200511,GATWICK,BARBADOS,BRIDGETOWN,VIRGIN ATLANTIC AIRWAYS LTD,A,S, 17 , 0 , 58.8235294117647 , 29.4117647058824 , 5.88235294117647 , 0 , 5.88235294117647 , 0 , 22.5294117647059 , 0 , 17 , 82.3529411764706 , 17.2352941176471 
31-Jan-2006 10:28,200511,GATWICK,BARBADOS,BRIDGETOWN,VIRGIN ATLANTIC AIRWAYS LTD,D,S, 17 , 0 , 58.8235294117647 , 11.7647058823529 , 11.7647058823529 , 11.7647058823529 , 5.88235294117647 , 0 , 42 , 0 , 16 , 81.25 , 11.0625 
31-Jan-2006 10:28,200511,GATWICK,BELARUS,MINSK,BELAVIA (BELARUSSIAN AIRLINES),A,S, 7 , 0 , 42.8571428571429 , 57.1428571428571 , 0 , 0 , 0 , 0 , 14.4285714285714 , 0 , 7 , 100 , 2.57142857142857 
31-Jan-2006 10:28,200511,GATWICK,BELARUS,MINSK,BELAVIA (BELARUSSIAN AIRLINES),D,S, 7 , 0 , 71.4285714285714 , 28.5714285714286 , 0 , 0 , 0 , 0 , 10.1428571428571 , 0 , 7 , 100 , 5.71428571428571 
31-Jan-2006 10:28,200511,GATWICK,BELGIUM,BRUSSELS,EXCEL AIRWAYS LTD,A,C, 1 , 0 , 0 , 100 , 0 , 0 , 0 , 0 , 16 , 0 , 0 , 0 , 0 
31-Jan-2006 10:28,200511,GATWICK,BELGIUM,BRUSSELS,EXCEL AIRWAYS LTD,D,C, 1 , 0 , 100 , 0 , 0 , 0 , 0 , 0 , 8 , 0 , 0 , 0 , 0 
31-Jan-2006 10:28,200511,GATWICK,BELGIUM,BRUSSELS,SN BRUSSELS AIRLINES,A,S, 50 , 0 , 92 , 4 , 4 , 0 , 0 , 0 , 5.76 , 0 , 48 , 79.1666666666667 , 8.70833333333333 
31-Jan-2006 10:28,200511,GATWICK,BELGIUM,BRUSSELS,SN BRUSSELS AIRLINES,D,S, 50 , 0 , 86 , 10 , 0 , 4 , 0 , 0 , 6.24 , 0 , 48 , 70.8333333333333 , 11.1041666666667 
31-Jan-2006 10:28,200511,GATWICK,BERMUDA,BERMUDA,BRITISH AIRWAYS PLC,A,S, 17 , 0 , 52.9411764705882 , 29.4117647058824 , 17.6470588235294 , 0 , 0 , 0 , 16.6470588235294 , 0 , 17 , 82.3529411764706 , 6.47058823529412 
31-Jan-2006 10:28,200511,GATWICK,BERMUDA,BERMUDA,BRITISH AIRWAYS PLC,D,S, 17 , 0 , 94.1176470588235 , 0 , 5.88235294117647 , 0 , 0 , 0 , 5.76470588235294 , 0 , 17 , 82.3529411764706 , 6.94117647058824 
31-Jan-2006 10:28,200511,GATWICK,BRAZIL,MANAUS-EDUARDO GOMES,THOMSONFLY LTD,A,C, 1 , 0 , 0 , 0 , 0 , 100 , 0 , 0 , 119 , 0 , 0 , 0 , 0 
31-Jan-2006 10:28,200511,GATWICK,BRAZIL,MANAUS-EDUARDO GOMES,THOMSONFLY LTD,D,C, 1 , 0 , 0 , 100 , 0 , 0 , 0 , 0 , 19 , 0 , 0 , 0 , 0 
31-Jan-2006 10:28,200511,GATWICK,BRAZIL,NATAL,THOMSONFLY LTD,A,C, 4 , 0 , 0 , 0 , 50 , 25 , 25 , 0 , 111.75 , 0 , 0 , 0 , 0 
31-Jan-2006 10:28,200511,GATWICK,BRAZIL,NATAL,THOMSONFLY LTD,D,C, 5 , 0 , 20 , 20 , 20 , 20 , 20 , 0 , 65 , 0 , 0 , 0 , 0 
31-Jan-2006 10:28,200511,GATWICK,BULGARIA,SOFIA,BULGARIA AIR,A,S, 36 , 0 , 88.8888888888889 , 0 , 5.55555555555556 , 5.55555555555556 , 0 , 0 , 8.80555555555556 , 0 , 21 , 80.9523809523809 , 9.04761904761905 
31-Jan-2006 10:28,200511,GATWICK,BULGARIA,SOFIA,BULGARIA AIR,D,C, 0 , 0 , 0 , 0 , 0 , 0 , 0 , 0 , 0 , 0 , 1 , 0 , 35 
31-Jan-2006 10:28,200511,GATWICK,BULGARIA,SOFIA,BULGARIA AIR,D,S, 36 , 0 , 86.1111111111111 , 5.55555555555556 , 2.77777777777778 , 5.55555555555556 , 0 , 0 , 8.72222222222222 , 0 , 21 , 85.7142857142857 , 8.85714285714286 
31-Jan-2006 10:28,200511,GATWICK,BULGARIA,VARNA,BULGARIA AIR,A,S, 12 , 0 , 100 , 0 , 0 , 0 , 0 , 0 , 1.16666666666667 , 0 , 0 , 0 , 0 
31-Jan-2006 10:28,200511,GATWICK,BULGARIA,VARNA,BULGARIA AIR,D,S, 12 , 0 , 100 , 0 , 0 , 0 , 0 , 0 , 0 , 0 , 0 , 0 , 0 
31-Jan-2006 10:28,200511,GATWICK,CANADA,CALGARY,MY TRAVEL AIRWAYS UK,A,C, 1 , 0 , 100 , 0 , 0 , 0 , 0 , 0 , 0 , 0 , 0 , 0 , 0 
31-Jan-2006 10:28,200511,GATWICK,CANADA,HALIFAX INT,THOMAS COOK AIRLINES LTD,D,S, 0 , 0 , 0 , 0 , 0 , 0 , 0 , 0 , 0 , 0 , 2 , 50 , 22 
31-Jan-2006 10:28,200511,GATWICK,CANADA,MONTREAL (DORVAL),THOMAS COOK AIRLINES LTD,A,S, 0 , 0 , 0 , 0 , 0 , 0 , 0 , 0 , 0 , 0 , 1 , 0 , 75 
31-Jan-2006 10:28,200511,GATWICK,CANADA,TORONTO,AIR TRANSAT,A,S, 12 , 0 , 75 , 8.33333333333333 , 0 , 16.6666666666667 , 0 , 0 , 18.0833333333333 , 0 , 14 , 78.5714285714286 , 13.7857142857143 
31-Jan-2006 10:28,200511,GATWICK,CANADA,TORONTO,AIR TRANSAT,D,S, 12 , 0 , 75 , 16.6666666666667 , 0 , 8.33333333333333 , 0 , 0 , 12.3333333333333 , 0 , 14 , 78.5714285714286 , 18.2142857142857 
31-Jan-2006 10:28,200511,GATWICK,CANADA,TORONTO,MY TRAVEL AIRWAYS UK,A,C, 0 , 0 , 0 , 0 , 0 , 0 , 0 , 0 , 0 , 0 , 1 , 0 , 133 
31-Jan-2006 10:28,200511,GATWICK,CANADA,TORONTO,MY TRAVEL AIRWAYS UK,D,C, 2 , 0 , 100 , 0 , 0 , 0 , 0 , 0 , 3 , 0 , 0 , 0 , 0 
31-Jan-2006 10:28,200511,GATWICK,CANADA,TORONTO,THOMAS COOK AIRLINES LTD,A,S, 1 , 0 , 0 , 0 , 100 , 0 , 0 , 0 , 60 , 0 , 0 , 0 , 0 
31-Jan-2006 10:28,200511,GATWICK,CANADA,TORONTO,ZOOM AIRLINES,A,S, 8 , 0 , 50 , 12.5 , 12.5 , 12.5 , 12.5 , 0 , 59.875 , 0 , 4 , 50 , 12 
31-Jan-2006 10:28,200511,GATWICK,CANADA,TORONTO,ZOOM AIRLINES,D,S, 8 , 0 , 75 , 0 , 12.5 , 0 , 12.5 , 0 , 50.75 , 0 , 5 , 80 , 9.2 
31-Jan-2006 10:28,200511,GATWICK,CANADA,VANCOUVER,AIR TRANSAT,A,S, 1 , 0 , 100 , 0 , 0 , 0 , 0 , 0 , 14 , 0 , 0 , 0 , 0 
31-Jan-2006 10:28,200511,GATWICK,CANADA,VANCOUVER,AIR TRANSAT,D,S, 1 , 0 , 100 , 0 , 0 , 0 , 0 , 0 , 0 , 0 , 0 , 0 , 0 
31-Jan-2006 10:28,200511,GATWICK,CANADA,VANCOUVER,MY TRAVEL AIRWAYS UK,A,C, 2 , 0 , 50 , 50 , 0 , 0 , 0 , 0 , 9.5 , 0 , 0 , 0 , 0 
31-Jan-2006 10:28,200511,GATWICK,CANADA,VANCOUVER,MY TRAVEL AIRWAYS UK,D,C, 3 , 0 , 33.3333333333333 , 33.3333333333333 , 0 , 33.3333333333333 , 0 , 0 , 30.6666666666667 , 0 , 0 , 0 , 0 
31-Jan-2006 10:28,200511,GATWICK,CANADA,VANCOUVER,THOMAS COOK AIRLINES LTD,A,S, 0 , 0 , 0 , 0 , 0 , 0 , 0 , 0 , 0 , 0 , 4 , 100 , 0.25 
31-Jan-2006 10:28,200511,GATWICK,CANADA,VANCOUVER,THOMAS COOK AIRLINES LTD,D,S, 0 , 0 , 0 , 0 , 0 , 0 , 0 , 0 , 0 , 0 , 4 , 50 , 15 
31-Jan-2006 10:28,200511,GATWICK,CANADA,VANCOUVER,ZOOM AIRLINES,A,S, 4 , 0 , 50 , 25 , 25 , 0 , 0 , 0 , 15 , 0 , 5 , 100 , 0 
31-Jan-2006 10:28,200511,GATWICK,CANADA,VANCOUVER,ZOOM AIRLINES,D,S, 4 , 0 , 25 , 25 , 50 , 0 , 0 , 0 , 27.5 , 0 , 4 , 100 , 3.5 
31-Jan-2006 10:28,200511,GATWICK,CROATIA,DUBROVNIK,BRITISH AIRWAYS PLC,A,S, 13 , 0 , 92.3076923076923 , 0 , 7.69230769230769 , 0 , 0 , 0 , 4.84615384615385 , 0 , 0 , 0 , 0 
31-Jan-2006 10:28,200511,GATWICK,CROATIA,DUBROVNIK,BRITISH AIRWAYS PLC,D,S, 13 , 0 , 92.3076923076923 , 0 , 7.69230769230769 , 0 , 0 , 0 , 8.23076923076923 , 0 , 0 , 0 , 0 
31-Jan-2006 10:28,200511,GATWICK,CROATIA,PULA,EXCEL AIRWAYS LTD,A,C, 1 , 0 , 100 , 0 , 0 , 0 , 0 , 0 , 0 , 0 , 0 , 0 , 0 
31-Jan-2006 10:28,200511,GATWICK,CROATIA,PULA,EXCEL AIRWAYS LTD,D,C, 1 , 0 , 100 , 0 , 0 , 0 , 0 , 0 , 10 , 0 , 0 , 0 , 0 
31-Jan-2006 10:28,200511,GATWICK,CUBA,CUNAGUA ( CAYO COCO),THOMAS COOK AIRLINES LTD,A,C, 4 , 0 , 75 , 0 , 25 , 0 , 0 , 0 , 10 , 0 , 4 , 50 , 40.25 
31-Jan-2006 10:28,200511,GATWICK,CUBA,CUNAGUA ( CAYO COCO),THOMAS COOK AIRLINES LTD,D,C, 5 , 0 , 60 , 0 , 40 , 0 , 0 , 0 , 21.2 , 0 , 4 , 50 , 67 
31-Jan-2006 10:28,200511,GATWICK,CUBA,HAVANA,CUBANA,A,S, 8 , 0 , 0 , 0 , 50 , 50 , 0 , 0 , 80.25 , 0 , 7 , 14.2857142857143 , 32.2857142857143 
31-Jan-2006 10:28,200511,GATWICK,CUBA,HAVANA,CUBANA,D,S, 9 , 0 , 0 , 0 , 22.2222222222222 , 77.7777777777778 , 0 , 0 , 79 , 0 , 7 , 0 , 87.8571428571429 
31-Jan-2006 10:28,200511,GATWICK,CUBA,HAVANA,VIRGIN ATLANTIC AIRWAYS LTD,A,S, 8 , 0 , 25 , 25 , 25 , 25 , 0 , 0 , 34.375 , 0 , 0 , 0 , 0 
31-Jan-2006 10:28,200511,GATWICK,CUBA,HAVANA,VIRGIN ATLANTIC AIRWAYS LTD,D,S, 8 , 0 , 75 , 12.5 , 12.5 , 0 , 0 , 0 , 9.625 , 1 , 0 , 0 , 0 
31-Jan-2006 10:28,200511,GATWICK,CUBA,HOLGUIN (FRANK PAIS),FIRST CHOICE AIRWAYS LTD,A,C, 1 , 1 , 100 , 0 , 0 , 0 , 0 , 0 , 3 , 0 , 4 , 25 , 65.5 
31-Jan-2006 10:28,200511,GATWICK,CUBA,HOLGUIN (FRANK PAIS),FIRST CHOICE AIRWAYS LTD,D,C, 3 , 0 , 33.3333333333333 , 66.6666666666667 , 0 , 0 , 0 , 0 , 13.3333333333333 , 0 , 4 , 0 , 32.5 
31-Jan-2006 10:28,200511,GATWICK,CUBA,HOLGUIN (FRANK PAIS),THOMAS COOK AIRLINES LTD,A,C, 4 , 0 , 100 , 0 , 0 , 0 , 0 , 0 , 3 , 0 , 0 , 0 , 0 
31-Jan-2006 10:28,200511,GATWICK,CUBA,HOLGUIN (FRANK PAIS),THOMAS COOK AIRLINES LTD,D,C, 3 , 0 , 66.6666666666667 , 0 , 33.3333333333333 , 0 , 0 , 0 , 13.3333333333333 , 0 , 0 , 0 , 0 
31-Jan-2006 10:28,200511,GATWICK,CUBA,VARADERO,FIRST CHOICE AIRWAYS LTD,A,C, 2 , 0 , 50 , 50 , 0 , 0 , 0 , 0 , 13.5 , 0 , 0 , 0 , 0 
31-Jan-2006 10:28,200511,GATWICK,CUBA,VARADERO,FIRST CHOICE AIRWAYS LTD,D,C, 2 , 0 , 50 , 0 , 50 , 0 , 0 , 0 , 25 , 0 , 0 , 0 , 0 
31-Jan-2006 10:28,200511,GATWICK,CUBA,VARADERO,MY TRAVEL AIRWAYS UK,A,C, 1 , 0 , 100 , 0 , 0 , 0 , 0 , 0 , 8 , 0 , 0 , 0 , 0 
31-Jan-2006 10:28,200511,GATWICK,CUBA,VARADERO,MY TRAVEL AIRWAYS UK,D,C, 2 , 0 , 50 , 0 , 0 , 50 , 0 , 0 , 82 , 0 , 0 , 0 , 0 
31-Jan-2006 10:28,200511,GATWICK,CUBA,VARADERO,THOMAS COOK AIRLINES LTD,A,C, 0 , 0 , 0 , 0 , 0 , 0 , 0 , 0 , 0 , 0 , 4 , 50 , 23.5 
31-Jan-2006 10:28,200511,GATWICK,CUBA,VARADERO,THOMAS COOK AIRLINES LTD,D,C, 1 , 0 , 0 , 100 , 0 , 0 , 0 , 0 , 23 , 0 , 4 , 100 , 2 
31-Jan-2006 10:28,200511,GATWICK,CUBA,VARADERO,THOMSONFLY LTD,A,C, 4 , 0 , 50 , 25 , 0 , 25 , 0 , 0 , 25.5 , 0 , 4 , 100 , 0 
31-Jan-2006 10:28,200511,GATWICK,CUBA,VARADERO,THOMSONFLY LTD,D,C, 5 , 0 , 80 , 0 , 20 , 0 , 0 , 0 , 12 , 0 , 4 , 75 , 11.75 
31-Jan-2006 10:28,200511,GATWICK,CYPRUS,LARNACA,EUROCYPRIA AIRLINES LTD,A,C, 0 , 0 , 0 , 0 , 0 , 0 , 0 , 0 , 0 , 0 , 2 , 100 , 0 
31-Jan-2006 10:28,200511,GATWICK,CYPRUS,LARNACA,EXCEL AIRWAYS LTD,A,C, 0 , 0 , 0 , 0 , 0 , 0 , 0 , 0 , 0 , 0 , 1 , 100 , 5 
31-Jan-2006 10:28,200511,GATWICK,CYPRUS,LARNACA,EXCEL AIRWAYS LTD,D,C, 0 , 0 , 0 , 0 , 0 , 0 , 0 , 0 , 0 , 0 , 1 , 0 , 266 
31-Jan-2006 10:28,200511,GATWICK,CYPRUS,LARNACA,FIRST CHOICE AIRWAYS LTD,A,S, 2 , 0 , 100 , 0 , 0 , 0 , 0 , 0 , 0 , 0 , 2 , 50 , 15 
31-Jan-2006 10:28,200511,GATWICK,CYPRUS,LARNACA,FIRST CHOICE AIRWAYS LTD,D,S, 2 , 0 , 100 , 0 , 0 , 0 , 0 , 0 , 2 , 0 , 0 , 0 , 0 
31-Jan-2006 10:28,200511,GATWICK,CYPRUS,LARNACA,HELIOS AIRWAYS LTD,A,C, 1 , 1 , 0 , 0 , 0 , 100 , 0 , 0 , 81 , 0 , 0 , 0 , 0 
31-Jan-2006 10:28,200511,GATWICK,CYPRUS,LARNACA,HELIOS AIRWAYS LTD,A,S, 1 , 0 , 100 , 0 , 0 , 0 , 0 , 0 , 0 , 1 , 0 , 0 , 0 
31-Jan-2006 10:28,200511,GATWICK,CYPRUS,LARNACA,HELIOS AIRWAYS LTD,D,S, 1 , 0 , 100 , 0 , 0 , 0 , 0 , 0 , 13 , 1 , 4 , 50 , 28.75 
31-Jan-2006 10:28,200511,GATWICK,CYPRUS,LARNACA,THOMAS COOK AIRLINES LTD,A,C, 4 , 0 , 75 , 25 , 0 , 0 , 0 , 0 , 8.5 , 0 , 4 , 100 , 8.25 
31-Jan-2006 10:28,200511,GATWICK,CYPRUS,LARNACA,THOMAS COOK AIRLINES LTD,D,C, 4 , 0 , 75 , 25 , 0 , 0 , 0 , 0 , 7 , 0 , 3 , 100 , 3.33333333333333 
31-Jan-2006 10:28,200511,GATWICK,CYPRUS,LARNACA,THOMSONFLY LTD,A,C, 0 , 0 , 0 , 0 , 0 , 0 , 0 , 0 , 0 , 0 , 1 , 100 , 0 
31-Jan-2006 10:28,200511,GATWICK,CYPRUS,PAPHOS,ASTRAEUS LTD,A,C, 3 , 0 , 33.3333333333333 , 33.3333333333333 , 0 , 33.3333333333333 , 0 , 0 , 34.3333333333333 , 0 , 0 , 0 , 0 
31-Jan-2006 10:28,200511,GATWICK,CYPRUS,PAPHOS,ASTRAEUS LTD,D,C, 3 , 0 , 33.3333333333333 , 33.3333333333333 , 0 , 33.3333333333333 , 0 , 0 , 32 , 0 , 0 , 0 , 0 
31-Jan-2006 10:28,200511,GATWICK,CYPRUS,PAPHOS,EUROCYPRIA AIRLINES LTD,A,C, 6 , 0 , 50 , 16.6666666666667 , 33.3333333333333 , 0 , 0 , 0 , 15.5 , 0 , 5 , 80 , 5.8 
31-Jan-2006 10:28,200511,GATWICK,CYPRUS,PAPHOS,EUROCYPRIA AIRLINES LTD,D,C, 6 , 0 , 50 , 33.3333333333333 , 0 , 0 , 16.6666666666667 , 0 , 50.8333333333333 , 0 , 5 , 80 , 12.6 
31-Jan-2006 10:28,200511,GATWICK,CYPRUS,PAPHOS,EXCEL AIRWAYS LTD,A,C, 2 , 0 , 50 , 50 , 0 , 0 , 0 , 0 , 14.5 , 0 , 11 , 72.7272727272727 , 6.36363636363636 
31-Jan-2006 10:28,200511,GATWICK,CYPRUS,PAPHOS,EXCEL AIRWAYS LTD,D,C, 0 , 0 , 0 , 0 , 0 , 0 , 0 , 0 , 0 , 0 , 9 , 100 , 3 
31-Jan-2006 10:28,200511,GATWICK,CYPRUS,PAPHOS,FIRST CHOICE AIRWAYS LTD,A,C, 0 , 1 , 0 , 0 , 0 , 0 , 0 , 0 , 0 , 0 , 3 , 66.6666666666667 , 366 
31-Jan-2006 10:28,200511,GATWICK,CYPRUS,PAPHOS,FIRST CHOICE AIRWAYS LTD,A,S, 10 , 0 , 90 , 10 , 0 , 0 , 0 , 0 , 1.7 , 1 , 8 , 100 , 1.25 
31-Jan-2006 10:28,200511,GATWICK,CYPRUS,PAPHOS,FIRST CHOICE AIRWAYS LTD,D,S, 10 , 0 , 80 , 20 , 0 , 0 , 0 , 0 , 8.2 , 0 , 9 , 100 , 3 
31-Jan-2006 10:28,200511,GATWICK,CYPRUS,PAPHOS,GB AIRWAYS LTD,A,S, 17 , 0 , 76.4705882352941 , 11.7647058823529 , 5.88235294117647 , 5.88235294117647 , 0 , 0 , 12.5882352941176 , 0 , 12 , 41.6666666666667 , 39.75 
31-Jan-2006 10:28,200511,GATWICK,CYPRUS,PAPHOS,GB AIRWAYS LTD,D,S, 17 , 0 , 64.7058823529412 , 17.6470588235294 , 5.88235294117647 , 11.7647058823529 , 0 , 0 , 19.2941176470588 , 0 , 12 , 50 , 25.0833333333333 
31-Jan-2006 10:28,200511,GATWICK,CYPRUS,PAPHOS,HELIOS AIRWAYS LTD,A,C, 0 , 1 , 0 , 0 , 0 , 0 , 0 , 0 , 0 , 0 , 0 , 0 , 0 
31-Jan-2006 10:28,200511,GATWICK,CYPRUS,PAPHOS,HELIOS AIRWAYS LTD,A,S, 4 , 0 , 100 , 0 , 0 , 0 , 0 , 0 , 4.5 , 0 , 4 , 75 , 20 
31-Jan-2006 10:28,200511,GATWICK,CYPRUS,PAPHOS,HELIOS AIRWAYS LTD,D,C, 0 , 1 , 0 , 0 , 0 , 0 , 0 , 0 , 0 , 0 , 0 , 0 , 0 
31-Jan-2006 10:28,200511,GATWICK,CYPRUS,PAPHOS,HELIOS AIRWAYS LTD,D,S, 4 , 0 , 75 , 0 , 25 , 0 , 0 , 0 , 19 , 0 , 0 , 0 , 0 
31-Jan-2006 10:28,200511,GATWICK,CYPRUS,PAPHOS,MY TRAVEL AIRWAYS UK,A,C, 0 , 0 , 0 , 0 , 0 , 0 , 0 , 0 , 0 , 0 , 1 , 100 , 0 
31-Jan-2006 10:28,200511,GATWICK,CYPRUS,PAPHOS,THOMAS COOK AIRLINES LTD,A,C, 9 , 0 , 100 , 0 , 0 , 0 , 0 , 0 , 1.66666666666667 , 0 , 11 , 81.8181818181818 , 8.18181818181818 
31-Jan-2006 10:28,200511,GATWICK,CYPRUS,PAPHOS,THOMAS COOK AIRLINES LTD,D,C, 9 , 0 , 100 , 0 , 0 , 0 , 0 , 0 , 5 , 0 , 9 , 77.7777777777778 , 8.55555555555556 
31-Jan-2006 10:28,200511,GATWICK,CYPRUS,PAPHOS,THOMSONFLY LTD,A,C, 10 , 0 , 70 , 0 , 0 , 30 , 0 , 0 , 31.2 , 0 , 8 , 50 , 14.25 
31-Jan-2006 10:28,200511,GATWICK,CYPRUS,PAPHOS,THOMSONFLY LTD,D,C, 9 , 0 , 77.7777777777778 , 0 , 11.1111111111111 , 11.1111111111111 , 0 , 0 , 23.2222222222222 , 0 , 8 , 87.5 , 11.5 
31-Jan-2006 10:28,200511,GATWICK,CZECH REPUBLIC,PRAGUE,ASTRAEUS LTD,A,C, 0 , 0 , 0 , 0 , 0 , 0 , 0 , 0 , 0 , 0 , 1 , 100 , 0 
31-Jan-2006 10:28,200511,GATWICK,CZECH REPUBLIC,PRAGUE,ASTRAEUS LTD,D,C, 0 , 0 , 0 , 0 , 0 , 0 , 0 , 0 , 0 , 0 , 1 , 100 , 2 
31-Jan-2006 10:28,200511,GATWICK,CZECH REPUBLIC,PRAGUE,BRITISH AIRWAYS PLC,A,S, 30 , 0 , 76.6666666666667 , 10 , 13.3333333333333 , 0 , 0 , 0 , 9.06666666666667 , 0 , 17 , 94.1176470588235 , 7.41176470588235 
31-Jan-2006 10:28,200511,GATWICK,CZECH REPUBLIC,PRAGUE,BRITISH AIRWAYS PLC,D,S, 30 , 0 , 93.3333333333333 , 3.33333333333333 , 3.33333333333333 , 0 , 0 , 0 , 5.33333333333333 , 0 , 17 , 82.3529411764706 , 13.0588235294118 
31-Jan-2006 10:28,200511,GATWICK,CZECH REPUBLIC,PRAGUE,CSA,A,S, 0 , 0 , 0 , 0 , 0 , 0 , 0 , 0 , 0 , 0 , 49 , 91.8367346938776 , 5.83673469387755 
31-Jan-2006 10:28,200511,GATWICK,CZECH REPUBLIC,PRAGUE,CSA,D,S, 0 , 0 , 0 , 0 , 0 , 0 , 0 , 0 , 0 , 0 , 49 , 87.7551020408163 , 5.44897959183673 
31-Jan-2006 10:28,200511,GATWICK,CZECH REPUBLIC,PRAGUE,EASYJET AIRLINE COMPANY LTD,A,S, 60 , 0 , 80 , 15 , 3.33333333333333 , 1.66666666666667 , 0 , 0 , 9.36666666666667 , 0 , 60 , 46.6666666666667 , 34.7 
31-Jan-2006 10:28,200511,GATWICK,CZECH REPUBLIC,PRAGUE,EASYJET AIRLINE COMPANY LTD,D,S, 60 , 0 , 78.3333333333333 , 8.33333333333333 , 11.6666666666667 , 1.66666666666667 , 0 , 0 , 13.4333333333333 , 0 , 60 , 73.3333333333333 , 10.7833333333333 
31-Jan-2006 10:28,200511,GATWICK,CZECH REPUBLIC,PRAGUE,TRAVEL SERVICE AIRLINES,A,S, 0 , 0 , 0 , 0 , 0 , 0 , 0 , 0 , 0 , 0 , 23 , 34.7826086956522 , 62.1304347826087 
31-Jan-2006 10:28,200511,GATWICK,CZECH REPUBLIC,PRAGUE,TRAVEL SERVICE AIRLINES,D,S, 0 , 0 , 0 , 0 , 0 , 0 , 0 , 0 , 0 , 0 , 23 , 34.7826086956522 , 50.9565217391304 
31-Jan-2006 10:28,200511,GATWICK,DENMARK,BILLUND,MAERSK AIR,A,S, 78 , 0 , 83.3333333333333 , 10.2564102564103 , 1.28205128205128 , 5.12820512820513 , 0 , 0 , 10.4230769230769 , 1 , 78 , 87.1794871794872 , 8.11538461538462 
31-Jan-2006 10:28,200511,GATWICK,DENMARK,BILLUND,MAERSK AIR,D,S, 77 , 0 , 88.3116883116883 , 6.49350649350649 , 0 , 5.19480519480519 , 0 , 0 , 7.8961038961039 , 1 , 78 , 91.025641025641 , 5.35897435897436 
31-Jan-2006 10:28,200511,GATWICK,DENMARK,COPENHAGEN,MAERSK AIR,A,S, 86 , 0 , 81.3953488372093 , 11.6279069767442 , 3.48837209302326 , 3.48837209302326 , 0 , 0 , 10.2674418604651 , 0 , 82 , 91.4634146341463 , 5.19512195121951 
31-Jan-2006 10:28,200511,GATWICK,DENMARK,COPENHAGEN,MAERSK AIR,D,S, 85 , 0 , 77.6470588235294 , 9.41176470588235 , 8.23529411764706 , 4.70588235294118 , 0 , 0 , 12.5058823529412 , 1 , 82 , 85.3658536585366 , 7.73170731707317 
31-Jan-2006 10:28,200511,GATWICK,DJIBOUTI REPUBLIC,DJIBOUTI,DAALLO AIRLINES,A,S, 4 , 0 , 100 , 0 , 0 , 0 , 0 , 0 , 0 , 0 , 4 , 100 , 3 
31-Jan-2006 10:28,200511,GATWICK,DJIBOUTI REPUBLIC,DJIBOUTI,DAALLO AIRLINES,D,S, 5 , 0 , 0 , 60 , 40 , 0 , 0 , 0 , 29.6 , 0 , 4 , 0 , 31.25 
31-Jan-2006 10:28,200511,GATWICK,DOMINICAN REPUBLIC,LA ROMANA,MY TRAVEL AIRWAYS UK,A,C, 5 , 0 , 100 , 0 , 0 , 0 , 0 , 0 , 2.4 , 0 , 5 , 80 , 7.4 
31-Jan-2006 10:28,200511,GATWICK,DOMINICAN REPUBLIC,LA ROMANA,MY TRAVEL AIRWAYS UK,D,C, 5 , 0 , 100 , 0 , 0 , 0 , 0 , 0 , 1 , 0 , 3 , 100 , 2 
31-Jan-2006 10:28,200511,GATWICK,DOMINICAN REPUBLIC,PUERTO PLATA,EXCEL AIRWAYS LTD,A,C, 1 , 0 , 100 , 0 , 0 , 0 , 0 , 0 , 0 , 0 , 0 , 0 , 0 
31-Jan-2006 10:28,200511,GATWICK,DOMINICAN REPUBLIC,PUERTO PLATA,FIRST CHOICE AIRWAYS LTD,A,C, 4 , 0 , 100 , 0 , 0 , 0 , 0 , 0 , 1 , 0 , 5 , 100 , 2.2 
31-Jan-2006 10:28,200511,GATWICK,DOMINICAN REPUBLIC,PUERTO PLATA,FIRST CHOICE AIRWAYS LTD,D,C, 4 , 0 , 75 , 25 , 0 , 0 , 0 , 0 , 8 , 0 , 4 , 0 , 78.75 
31-Jan-2006 10:28,200511,GATWICK,DOMINICAN REPUBLIC,PUERTO PLATA,MY TRAVEL AIRWAYS UK,A,C, 4 , 0 , 100 , 0 , 0 , 0 , 0 , 0 , 0 , 0 , 4 , 75 , 75.75 
31-Jan-2006 10:28,200511,GATWICK,DOMINICAN REPUBLIC,PUERTO PLATA,MY TRAVEL AIRWAYS UK,D,C, 5 , 0 , 60 , 20 , 20 , 0 , 0 , 0 , 16.2 , 0 , 4 , 75 , 101.5 
31-Jan-2006 10:28,200511,GATWICK,DOMINICAN REPUBLIC,PUERTO PLATA,THOMAS COOK AIRLINES LTD,A,C, 5 , 0 , 80 , 0 , 0 , 20 , 0 , 0 , 17.8 , 0 , 5 , 60 , 42.6 
31-Jan-2006 10:28,200511,GATWICK,DOMINICAN REPUBLIC,PUERTO PLATA,THOMAS COOK AIRLINES LTD,D,C, 4 , 0 , 100 , 0 , 0 , 0 , 0 , 0 , 1.75 , 0 , 4 , 75 , 38.75 
31-Jan-2006 10:28,200511,GATWICK,DOMINICAN REPUBLIC,PUERTO PLATA,THOMSONFLY LTD,A,C, 9 , 0 , 77.7777777777778 , 11.1111111111111 , 0 , 11.1111111111111 , 0 , 0 , 14.6666666666667 , 0 , 9 , 88.8888888888889 , 7.66666666666667 
31-Jan-2006 10:28,200511,GATWICK,DOMINICAN REPUBLIC,PUERTO PLATA,THOMSONFLY LTD,D,C, 7 , 0 , 71.4285714285714 , 14.2857142857143 , 0 , 14.2857142857143 , 0 , 0 , 25.7142857142857 , 0 , 8 , 50 , 16.125 
31-Jan-2006 10:28,200511,GATWICK,DOMINICAN REPUBLIC,PUNTA CANA,FIRST CHOICE AIRWAYS LTD,A,C, 2 , 0 , 50 , 0 , 50 , 0 , 0 , 0 , 17 , 0 , 0 , 0 , 0 
31-Jan-2006 10:28,200511,GATWICK,DOMINICAN REPUBLIC,PUNTA CANA,FIRST CHOICE AIRWAYS LTD,D,C, 2 , 0 , 50 , 0 , 50 , 0 , 0 , 0 , 23.5 , 0 , 0 , 0 , 0 
31-Jan-2006 10:28,200511,GATWICK,DOMINICAN REPUBLIC,PUNTA CANA,THOMSONFLY LTD,A,C, 4 , 0 , 50 , 50 , 0 , 0 , 0 , 0 , 13 , 0 , 4 , 100 , 4.5 
31-Jan-2006 10:28,200511,GATWICK,DOMINICAN REPUBLIC,PUNTA CANA,THOMSONFLY LTD,D,C, 4 , 0 , 50 , 25 , 25 , 0 , 0 , 0 , 19.25 , 0 , 4 , 75 , 7.75 
31-Jan-2006 10:28,200511,GATWICK,EGYPT,ALEXANDRIA (BORG EL ARAB),MONARCH AIRLINES,A,C, 1 , 0 , 0 , 0 , 100 , 0 , 0 , 0 , 33 , 0 , 1 , 0 , 83 
31-Jan-2006 10:28,200511,GATWICK,EGYPT,ALEXANDRIA (BORG EL ARAB),MONARCH AIRLINES,D,C, 1 , 0 , 100 , 0 , 0 , 0 , 0 , 0 , 14 , 0 , 1 , 0 , 63 
31-Jan-2006 10:28,200511,GATWICK,EGYPT,ALEXANDRIA (NOUZHA),TAG AVIATION SA,D,C, 0 , 1 , 0 , 0 , 0 , 0 , 0 , 0 , 0 , 0 , 0 , 0 , 0 
31-Jan-2006 10:28,200511,GATWICK,EGYPT,ASWAN,ASTRAEUS LTD,A,C, 4 , 0 , 75 , 0 , 25 , 0 , 0 , 0 , 17.75 , 0 , 5 , 60 , 15.4 
31-Jan-2006 10:28,200511,GATWICK,EGYPT,ASWAN,ASTRAEUS LTD,D,C, 4 , 0 , 100 , 0 , 0 , 0 , 0 , 0 , 5.25 , 0 , 5 , 100 , 5.4 
31-Jan-2006 10:28,200511,GATWICK,EGYPT,HURGHADA,AIR ATLANTA EUROPE LTD,A,C, 0 , 0 , 0 , 0 , 0 , 0 , 0 , 0 , 0 , 0 , 3 , 0 , 113 
31-Jan-2006 10:28,200511,GATWICK,EGYPT,HURGHADA,AIR ATLANTA EUROPE LTD,D,C, 0 , 0 , 0 , 0 , 0 , 0 , 0 , 0 , 0 , 0 , 3 , 0 , 67.6666666666667 
31-Jan-2006 10:28,200511,GATWICK,EGYPT,HURGHADA,ASTRAEUS LTD,A,C, 4 , 0 , 50 , 0 , 50 , 0 , 0 , 0 , 25.5 , 0 , 0 , 0 , 0 
31-Jan-2006 10:28,200511,GATWICK,EGYPT,HURGHADA,ASTRAEUS LTD,D,C, 4 , 0 , 75 , 25 , 0 , 0 , 0 , 0 , 12.75 , 0 , 0 , 0 , 0 
31-Jan-2006 10:28,200511,GATWICK,EGYPT,HURGHADA,EXCEL AIRWAYS LTD,A,C, 5 , 0 , 20 , 20 , 20 , 20 , 20 , 0 , 105 , 0 , 3 , 33.3333333333333 , 27.3333333333333 
31-Jan-2006 10:28,200511,GATWICK,EGYPT,HURGHADA,EXCEL AIRWAYS LTD,D,C, 4 , 0 , 0 , 50 , 0 , 25 , 25 , 0 , 116.25 , 0 , 3 , 33.3333333333333 , 39 
31-Jan-2006 10:28,200511,GATWICK,EGYPT,HURGHADA,GB AIRWAYS LTD,A,S, 7 , 1 , 28.5714285714286 , 14.2857142857143 , 28.5714285714286 , 28.5714285714286 , 0 , 0 , 40.4285714285714 , 1 , 0 , 0 , 0 
31-Jan-2006 10:28,200511,GATWICK,EGYPT,HURGHADA,GB AIRWAYS LTD,D,S, 8 , 0 , 62.5 , 37.5 , 0 , 0 , 0 , 0 , 9 , 0 , 0 , 0 , 0 
31-Jan-2006 10:28,200511,GATWICK,EGYPT,HURGHADA,MY TRAVEL AIRWAYS UK,A,C, 4 , 0 , 50 , 0 , 25 , 25 , 0 , 0 , 28.75 , 0 , 4 , 0 , 47.75 
31-Jan-2006 10:28,200511,GATWICK,EGYPT,HURGHADA,MY TRAVEL AIRWAYS UK,D,C, 4 , 0 , 75 , 0 , 25 , 0 , 0 , 0 , 15 , 0 , 4 , 50 , 34.5 
31-Jan-2006 10:28,200511,GATWICK,EGYPT,HURGHADA,THOMAS COOK AIRLINES LTD,A,C, 4 , 0 , 50 , 25 , 25 , 0 , 0 , 0 , 15 , 0 , 0 , 0 , 0 
31-Jan-2006 10:28,200511,GATWICK,EGYPT,HURGHADA,THOMAS COOK AIRLINES LTD,D,C, 4 , 0 , 75 , 25 , 0 , 0 , 0 , 0 , 13 , 0 , 0 , 0 , 0 
31-Jan-2006 10:28,200511,GATWICK,EGYPT,HURGHADA,THOMSONFLY LTD,A,C, 5 , 0 , 60 , 20 , 20 , 0 , 0 , 0 , 14.6 , 0 , 6 , 16.6666666666667 , 25.1666666666667 
31-Jan-2006 10:28,200511,GATWICK,EGYPT,HURGHADA,THOMSONFLY LTD,D,C, 5 , 0 , 80 , 20 , 0 , 0 , 0 , 0 , 8.6 , 0 , 6 , 66.6666666666667 , 13.5 
31-Jan-2006 10:28,200511,GATWICK,EGYPT,LUXOR,ASTRAEUS LTD,A,C, 3 , 0 , 66.6666666666667 , 33.3333333333333 , 0 , 0 , 0 , 0 , 5.66666666666667 , 0 , 0 , 0 , 0 
31-Jan-2006 10:28,200511,GATWICK,EGYPT,LUXOR,ASTRAEUS LTD,D,C, 4 , 0 , 75 , 25 , 0 , 0 , 0 , 0 , 5.75 , 0 , 0 , 0 , 0 
31-Jan-2006 10:28,200511,GATWICK,EGYPT,LUXOR,EXCEL AIRWAYS LTD,A,C, 5 , 0 , 40 , 20 , 40 , 0 , 0 , 0 , 26.4 , 0 , 0 , 0 , 0 
31-Jan-2006 10:28,200511,GATWICK,EGYPT,LUXOR,EXCEL AIRWAYS LTD,D,C, 4 , 0 , 50 , 50 , 0 , 0 , 0 , 0 , 15.75 , 0 , 0 , 0 , 0 
31-Jan-2006 10:28,200511,GATWICK,EGYPT,LUXOR,FIRST CHOICE AIRWAYS LTD,A,C, 4 , 0 , 50 , 25 , 25 , 0 , 0 , 0 , 19.25 , 0 , 0 , 0 , 0 
31-Jan-2006 10:28,200511,GATWICK,EGYPT,LUXOR,FIRST CHOICE AIRWAYS LTD,D,C, 4 , 0 , 50 , 50 , 0 , 0 , 0 , 0 , 9.75 , 0 , 0 , 0 , 0 
31-Jan-2006 10:28,200511,GATWICK,EGYPT,LUXOR,MONARCH AIRLINES,A,C, 8 , 2 , 37.5 , 0 , 50 , 12.5 , 0 , 0 , 34.5 , 0 , 15 , 13.3333333333333 , 61.5333333333333 
31-Jan-2006 10:28,200511,GATWICK,EGYPT,LUXOR,MONARCH AIRLINES,D,C, 9 , 0 , 55.5555555555556 , 22.2222222222222 , 11.1111111111111 , 11.1111111111111 , 0 , 0 , 18.3333333333333 , 0 , 14 , 57.1428571428571 , 34 
31-Jan-2006 10:28,200511,GATWICK,EGYPT,LUXOR,MY TRAVEL AIRWAYS UK,A,C, 4 , 0 , 100 , 0 , 0 , 0 , 0 , 0 , 0.75 , 0 , 0 , 0 , 0 
31-Jan-2006 10:28,200511,GATWICK,EGYPT,LUXOR,MY TRAVEL AIRWAYS UK,D,C, 4 , 0 , 100 , 0 , 0 , 0 , 0 , 0 , 0.75 , 0 , 0 , 0 , 0 
31-Jan-2006 10:28,200511,GATWICK,EGYPT,LUXOR,THOMSONFLY LTD,A,C, 5 , 0 , 80 , 20 , 0 , 0 , 0 , 0 , 7.2 , 0 , 4 , 100 , 1.5 
31-Jan-2006 10:28,200511,GATWICK,EGYPT,LUXOR,THOMSONFLY LTD,D,C, 5 , 0 , 80 , 0 , 20 , 0 , 0 , 0 , 15.2 , 0 , 4 , 100 , 0 
31-Jan-2006 10:28,200511,GATWICK,EGYPT,MARSA ALAM,EXCEL AIRWAYS LTD,A,C, 0 , 0 , 0 , 0 , 0 , 0 , 0 , 0 , 0 , 0 , 4 , 25 , 27.25 
31-Jan-2006 10:28,200511,GATWICK,EGYPT,MARSA ALAM,EXCEL AIRWAYS LTD,D,C, 0 , 0 , 0 , 0 , 0 , 0 , 0 , 0 , 0 , 0 , 4 , 75 , 12 
31-Jan-2006 10:28,200511,GATWICK,EGYPT,MARSA ALAM,THOMSONFLY LTD,A,C, 4 , 0 , 50 , 0 , 50 , 0 , 0 , 0 , 20.75 , 0 , 0 , 0 , 0 
31-Jan-2006 10:28,200511,GATWICK,EGYPT,MARSA ALAM,THOMSONFLY LTD,D,C, 4 , 0 , 50 , 25 , 25 , 0 , 0 , 0 , 18.75 , 0 , 0 , 0 , 0 
31-Jan-2006 10:28,200511,GATWICK,EGYPT,SHARM EL SHEIKH (OPHIRA),AIR ATLANTA EUROPE LTD,A,C, 0 , 0 , 0 , 0 , 0 , 0 , 0 , 0 , 0 , 0 , 4 , 25 , 112.5 
31-Jan-2006 10:28,200511,GATWICK,EGYPT,SHARM EL SHEIKH (OPHIRA),AIR ATLANTA EUROPE LTD,D,C, 0 , 0 , 0 , 0 , 0 , 0 , 0 , 0 , 0 , 0 , 4 , 0 , 100.5 
31-Jan-2006 10:28,200511,GATWICK,EGYPT,SHARM EL SHEIKH (OPHIRA),ASTRAEUS LTD,A,C, 0 , 0 , 0 , 0 , 0 , 0 , 0 , 0 , 0 , 0 , 4 , 50 , 42.75 
31-Jan-2006 10:28,200511,GATWICK,EGYPT,SHARM EL SHEIKH (OPHIRA),ASTRAEUS LTD,A,S, 8 , 0 , 50 , 0 , 37.5 , 12.5 , 0 , 0 , 34.125 , 0 , 0 , 0 , 0 
31-Jan-2006 10:28,200511,GATWICK,EGYPT,SHARM EL SHEIKH (OPHIRA),ASTRAEUS LTD,D,C, 0 , 0 , 0 , 0 , 0 , 0 , 0 , 0 , 0 , 0 , 4 , 100 , 7 
31-Jan-2006 10:28,200511,GATWICK,EGYPT,SHARM EL SHEIKH (OPHIRA),ASTRAEUS LTD,D,S, 8 , 0 , 37.5 , 25 , 25 , 12.5 , 0 , 0 , 28.125 , 0 , 0 , 0 , 0 
31-Jan-2006 10:28,200511,GATWICK,EGYPT,SHARM EL SHEIKH (OPHIRA),EXCEL AIRWAYS LTD,A,C, 11 , 0 , 45.4545454545455 , 27.2727272727273 , 27.2727272727273 , 0 , 0 , 0 , 16.6363636363636 , 0 , 14 , 57.1428571428571 , 21.7857142857143 
31-Jan-2006 10:28,200511,GATWICK,EGYPT,SHARM EL SHEIKH (OPHIRA),EXCEL AIRWAYS LTD,D,C, 10 , 0 , 70 , 10 , 20 , 0 , 0 , 0 , 13.6 , 0 , 12 , 75 , 16.4166666666667 
31-Jan-2006 10:28,200511,GATWICK,EGYPT,SHARM EL SHEIKH (OPHIRA),FIRST CHOICE AIRWAYS LTD,A,C, 4 , 0 , 50 , 25 , 0 , 25 , 0 , 0 , 48.5 , 0 , 4 , 0 , 69.75 
31-Jan-2006 10:28,200511,GATWICK,EGYPT,SHARM EL SHEIKH (OPHIRA),FIRST CHOICE AIRWAYS LTD,D,C, 4 , 0 , 50 , 25 , 25 , 0 , 0 , 0 , 19.5 , 0 , 4 , 50 , 12 
31-Jan-2006 10:28,200511,GATWICK,EGYPT,SHARM EL SHEIKH (OPHIRA),GB AIRWAYS LTD,A,S, 14 , 0 , 85.7142857142857 , 0 , 14.2857142857143 , 0 , 0 , 0 , 6 , 0 , 0 , 0 , 0 
31-Jan-2006 10:28,200511,GATWICK,EGYPT,SHARM EL SHEIKH (OPHIRA),GB AIRWAYS LTD,D,S, 14 , 0 , 85.7142857142857 , 0 , 14.2857142857143 , 0 , 0 , 0 , 10.3571428571429 , 0 , 0 , 0 , 0 
31-Jan-2006 10:28,200511,GATWICK,EGYPT,SHARM EL SHEIKH (OPHIRA),MONARCH AIRLINES,A,C, 9 , 0 , 44.4444444444444 , 11.1111111111111 , 22.2222222222222 , 22.2222222222222 , 0 , 0 , 38.6666666666667 , 0 , 9 , 33.3333333333333 , 32.8888888888889 
31-Jan-2006 10:28,200511,GATWICK,EGYPT,SHARM EL SHEIKH (OPHIRA),MONARCH AIRLINES,D,C, 9 , 0 , 66.6666666666667 , 0 , 11.1111111111111 , 22.2222222222222 , 0 , 0 , 33.3333333333333 , 0 , 10 , 70 , 17.3 
31-Jan-2006 10:28,200511,GATWICK,EGYPT,SHARM EL SHEIKH (OPHIRA),THOMAS COOK AIRLINES LTD,A,C, 8 , 0 , 62.5 , 25 , 12.5 , 0 , 0 , 0 , 15.75 , 0 , 10 , 30 , 27.7 
31-Jan-2006 10:28,200511,GATWICK,EGYPT,SHARM EL SHEIKH (OPHIRA),THOMAS COOK AIRLINES LTD,D,C, 8 , 0 , 87.5 , 0 , 12.5 , 0 , 0 , 0 , 7.75 , 0 , 9 , 100 , 3 
31-Jan-2006 10:28,200511,GATWICK,EGYPT,SHARM EL SHEIKH (OPHIRA),THOMSONFLY LTD,A,C, 13 , 0 , 46.1538461538462 , 23.0769230769231 , 15.3846153846154 , 15.3846153846154 , 0 , 0 , 27.7692307692308 , 0 , 9 , 66.6666666666667 , 21.4444444444444 
31-Jan-2006 10:28,200511,GATWICK,EGYPT,SHARM EL SHEIKH (OPHIRA),THOMSONFLY LTD,D,C, 12 , 0 , 58.3333333333333 , 8.33333333333333 , 25 , 8.33333333333333 , 0 , 0 , 22.9166666666667 , 0 , 9 , 77.7777777777778 , 16 
31-Jan-2006 10:28,200511,GATWICK,EGYPT,TABA,ASTRAEUS LTD,A,C, 12 , 0 , 100 , 0 , 0 , 0 , 0 , 0 , 2.33333333333333 , 0 , 9 , 77.7777777777778 , 16.7777777777778 
31-Jan-2006 10:28,200511,GATWICK,EGYPT,TABA,ASTRAEUS LTD,D,C, 12 , 0 , 91.6666666666667 , 8.33333333333333 , 0 , 0 , 0 , 0 , 4.66666666666667 , 0 , 8 , 100 , 3.75 
31-Jan-2006 10:28,200511,GATWICK,EGYPT,TABA,EXCEL AIRWAYS LTD,A,C, 3 , 0 , 66.6666666666667 , 0 , 0 , 33.3333333333333 , 0 , 0 , 42.6666666666667 , 0 , 4 , 100 , 5.25 
31-Jan-2006 10:28,200511,GATWICK,EGYPT,TABA,EXCEL AIRWAYS LTD,D,C, 3 , 0 , 100 , 0 , 0 , 0 , 0 , 0 , 2.33333333333333 , 0 , 4 , 100 , 0.25 
31-Jan-2006 10:28,200511,GATWICK,EGYPT,TABA,FIRST CHOICE AIRWAYS LTD,A,C, 5 , 0 , 40 , 20 , 20 , 0 , 20 , 0 , 59.8 , 0 , 0 , 0 , 0 
31-Jan-2006 10:28,200511,GATWICK,EGYPT,TABA,FIRST CHOICE AIRWAYS LTD,D,C, 5 , 0 , 40 , 40 , 0 , 0 , 20 , 0 , 58 , 0 , 0 , 0 , 0 
31-Jan-2006 10:28,200511,GATWICK,EGYPT,TABA,MONARCH AIRLINES,A,C, 4 , 0 , 75 , 0 , 0 , 25 , 0 , 0 , 27.5 , 0 , 9 , 100 , 1.66666666666667 
31-Jan-2006 10:28,200511,GATWICK,EGYPT,TABA,MONARCH AIRLINES,D,C, 4 , 0 , 100 , 0 , 0 , 0 , 0 , 0 , 2.75 , 0 , 9 , 100 , 6.11111111111111 
31-Jan-2006 10:28,200511,GATWICK,EGYPT,TABA,THOMSONFLY LTD,A,C, 3 , 0 , 0 , 33.3333333333333 , 66.6666666666667 , 0 , 0 , 0 , 29.3333333333333 , 0 , 0 , 0 , 0 
31-Jan-2006 10:28,200511,GATWICK,EGYPT,TABA,THOMSONFLY LTD,D,C, 4 , 0 , 100 , 0 , 0 , 0 , 0 , 0 , 3 , 0 , 0 , 0 , 0 
31-Jan-2006 10:28,200511,GATWICK,EQUATORIAL GUINEA,MALABO,ASTRAEUS LTD,A,S, 4 , 0 , 100 , 0 , 0 , 0 , 0 , 0 , 0 , 0 , 4 , 100 , 0 
31-Jan-2006 10:28,200511,GATWICK,EQUATORIAL GUINEA,MALABO,ASTRAEUS LTD,D,S, 5 , 0 , 60 , 20 , 0 , 20 , 0 , 0 , 28.6 , 0 , 5 , 80 , 6 
31-Jan-2006 10:28,200511,GATWICK,ESTONIA,TALLIN,ESTONIAN AIR,A,S, 38 , 0 , 89.4736842105263 , 5.26315789473684 , 0 , 2.63157894736842 , 2.63157894736842 , 0 , 16.7105263157895 , 0 , 34 , 79.4117647058824 , 11.1176470588235 
31-Jan-2006 10:28,200511,GATWICK,ESTONIA,TALLIN,ESTONIAN AIR,D,S, 38 , 0 , 86.8421052631579 , 2.63157894736842 , 5.26315789473684 , 2.63157894736842 , 2.63157894736842 , 0 , 16.3421052631579 , 0 , 34 , 82.3529411764706 , 9.11764705882353 
31-Jan-2006 10:28,200511,GATWICK,ETHIOPIA,ADDIS ABABA,ETHIOPIAN AIRLINES,A,S, 8 , 0 , 50 , 12.5 , 37.5 , 0 , 0 , 0 , 20.5 , 0 , 0 , 0 , 0 
31-Jan-2006 10:28,200511,GATWICK,ETHIOPIA,ADDIS ABABA,ETHIOPIAN AIRLINES,D,S, 9 , 0 , 55.5555555555556 , 22.2222222222222 , 0 , 22.2222222222222 , 0 , 0 , 22.3333333333333 , 0 , 0 , 0 , 0 
31-Jan-2006 10:28,200511,GATWICK,FED REP YUGO SERBIA M'ENEGRO,PRISTINA,BRITISH AIRWAYS PLC,A,S, 13 , 0 , 84.6153846153846 , 7.69230769230769 , 7.69230769230769 , 0 , 0 , 0 , 5.92307692307692 , 0 , 12 , 91.6666666666667 , 3.83333333333333 
31-Jan-2006 10:28,200511,GATWICK,FED REP YUGO SERBIA M'ENEGRO,PRISTINA,BRITISH AIRWAYS PLC,D,S, 13 , 0 , 69.2307692307692 , 15.3846153846154 , 7.69230769230769 , 7.69230769230769 , 0 , 0 , 16.9230769230769 , 0 , 13 , 46.1538461538462 , 22.4615384615385 
31-Jan-2006 10:28,200511,GATWICK,FINLAND,KITTILA,FIRST CHOICE AIRWAYS LTD,D,C, 1 , 0 , 100 , 0 , 0 , 0 , 0 , 0 , 8 , 0 , 0 , 0 , 0 
31-Jan-2006 10:28,200511,GATWICK,FINLAND,ROVANIEMI,THOMSONFLY LTD,A,C, 1 , 0 , 0 , 0 , 100 , 0 , 0 , 0 , 52 , 0 , 3 , 33.3333333333333 , 29.6666666666667 
31-Jan-2006 10:28,200511,GATWICK,FINLAND,ROVANIEMI,THOMSONFLY LTD,D,C, 2 , 0 , 50 , 50 , 0 , 0 , 0 , 0 , 14 , 0 , 4 , 100 , 4.25 
31-Jan-2006 10:28,200511,GATWICK,FRANCE,BORDEAUX,BRITISH AIRWAYS PLC,A,S, 55 , 0 , 87.2727272727273 , 1.81818181818182 , 9.09090909090909 , 1.81818181818182 , 0 , 0 , 7.85454545454545 , 0 , 56 , 94.6428571428572 , 3.98214285714286 
31-Jan-2006 10:28,200511,GATWICK,FRANCE,BORDEAUX,BRITISH AIRWAYS PLC,D,S, 55 , 0 , 85.4545454545455 , 9.09090909090909 , 5.45454545454545 , 0 , 0 , 0 , 6.83636363636364 , 0 , 56 , 89.2857142857143 , 5.10714285714286 
31-Jan-2006 10:28,200511,GATWICK,FRANCE,MARSEILLE,BRITISH AIRWAYS PLC,A,S, 86 , 0 , 87.2093023255814 , 1.16279069767442 , 6.97674418604651 , 3.48837209302326 , 1.16279069767442 , 0 , 9.69767441860465 , 0 , 90 , 86.6666666666667 , 7.14444444444444 
31-Jan-2006 10:28,200511,GATWICK,FRANCE,MARSEILLE,BRITISH AIRWAYS PLC,D,S, 86 , 0 , 88.3720930232558 , 3.48837209302326 , 4.65116279069767 , 3.48837209302326 , 0 , 0 , 7.86046511627907 , 0 , 90 , 91.1111111111111 , 4.11111111111111 
31-Jan-2006 10:28,200511,GATWICK,FRANCE,MARSEILLE,EASYJET AIRLINE COMPANY LTD,A,S, 30 , 0 , 100 , 0 , 0 , 0 , 0 , 0 , 2.66666666666667 , 0 , 30 , 86.6666666666667 , 19.1333333333333 
31-Jan-2006 10:28,200511,GATWICK,FRANCE,MARSEILLE,EASYJET AIRLINE COMPANY LTD,D,S, 30 , 0 , 86.6666666666667 , 13.3333333333333 , 0 , 0 , 0 , 0 , 4.56666666666667 , 0 , 30 , 93.3333333333333 , 6.03333333333333 
31-Jan-2006 10:28,200511,GATWICK,FRANCE,MONTPELLIER,GB AIRWAYS LTD,A,S, 0 , 0 , 0 , 0 , 0 , 0 , 0 , 0 , 0 , 0 , 3 , 100 , 0.666666666666667 
31-Jan-2006 10:28,200511,GATWICK,FRANCE,MONTPELLIER,GB AIRWAYS LTD,D,S, 0 , 0 , 0 , 0 , 0 , 0 , 0 , 0 , 0 , 0 , 3 , 66.6666666666667 , 5.66666666666667 
31-Jan-2006 10:28,200511,GATWICK,FRANCE,NANTES,EMERALD AIRWAYS LIMITED,A,C, 0 , 0 , 0 , 0 , 0 , 0 , 0 , 0 , 0 , 0 , 1 , 0 , 89 
31-Jan-2006 10:28,200511,GATWICK,FRANCE,NANTES,EMERALD AIRWAYS LIMITED,D,C, 0 , 0 , 0 , 0 , 0 , 0 , 0 , 0 , 0 , 0 , 1 , 100 , 0 
31-Jan-2006 10:28,200511,GATWICK,FRANCE,NANTES,GB AIRWAYS LTD,A,S, 21 , 0 , 90.4761904761905 , 0 , 0 , 9.52380952380952 , 0 , 0 , 10.5238095238095 , 0 , 26 , 69.2307692307692 , 22.6153846153846 
31-Jan-2006 10:28,200511,GATWICK,FRANCE,NANTES,GB AIRWAYS LTD,D,S, 21 , 0 , 76.1904761904762 , 14.2857142857143 , 0 , 9.52380952380952 , 0 , 0 , 10.5238095238095 , 0 , 26 , 73.0769230769231 , 19.7307692307692 
31-Jan-2006 10:28,200511,GATWICK,FRANCE,NANTES,REGIONAL COMPAGNIE AERIENNE EUROPEENNE,A,S, 67 , 0 , 83.5820895522388 , 11.9402985074627 , 1.49253731343284 , 2.98507462686567 , 0 , 0 , 9.46268656716418 , 0 , 65 , 90.7692307692308 , 6.35384615384615 
31-Jan-2006 10:28,200511,GATWICK,FRANCE,NANTES,REGIONAL COMPAGNIE AERIENNE EUROPEENNE,D,S, 67 , 0 , 86.5671641791045 , 7.46268656716418 , 2.98507462686567 , 2.98507462686567 , 0 , 0 , 9.14925373134328 , 0 , 65 , 83.0769230769231 , 7.36923076923077 
31-Jan-2006 10:28,200511,GATWICK,FRANCE,NICE,BRITISH AIRWAYS PLC,A,S, 50 , 0 , 74 , 18 , 2 , 6 , 0 , 0 , 13.06 , 0 , 31 , 83.8709677419355 , 10.4838709677419 
31-Jan-2006 10:28,200511,GATWICK,FRANCE,NICE,BRITISH AIRWAYS PLC,D,S, 50 , 0 , 82 , 12 , 4 , 2 , 0 , 0 , 10.04 , 0 , 31 , 90.3225806451613 , 8.87096774193548 
31-Jan-2006 10:28,200511,GATWICK,FRANCE,NICE,EASYJET AIRLINE COMPANY LTD,A,S, 29 , 0 , 79.3103448275862 , 13.7931034482759 , 6.89655172413793 , 0 , 0 , 0 , 7.06896551724138 , 1 , 30 , 93.3333333333333 , 2.6 
31-Jan-2006 10:28,200511,GATWICK,FRANCE,NICE,EASYJET AIRLINE COMPANY LTD,D,S, 30 , 0 , 80 , 13.3333333333333 , 6.66666666666667 , 0 , 0 , 0 , 8 , 0 , 30 , 90 , 4.33333333333333 
31-Jan-2006 10:28,200511,GATWICK,FRANCE,PARIS (CHARLES DE GAULLE),AIR FRANCE,A,S, 0 , 1 , 0 , 0 , 0 , 0 , 0 , 0 , 0 , 0 , 0 , 0 , 0 
31-Jan-2006 10:28,200511,GATWICK,FRANCE,PARIS (ORLY),CITY JET,A,S, 0 , 1 , 0 , 0 , 0 , 0 , 0 , 0 , 0 , 0 , 0 , 0 , 0 
31-Jan-2006 10:28,200511,GATWICK,FRANCE,PARIS (ORLY),CITY JET,D,S, 0 , 1 , 0 , 0 , 0 , 0 , 0 , 0 , 0 , 0 , 0 , 0 , 0 
31-Jan-2006 10:28,200511,GATWICK,FRANCE,STRASBOURG,BRIT AIR,A,S, 57 , 0 , 87.719298245614 , 7.01754385964912 , 3.50877192982456 , 1.75438596491228 , 0 , 0 , 7.26315789473684 , 0 , 64 , 93.75 , 6.796875 
31-Jan-2006 10:28,200511,GATWICK,FRANCE,STRASBOURG,BRIT AIR,D,S, 57 , 0 , 89.4736842105263 , 7.01754385964912 , 0 , 3.50877192982456 , 0 , 0 , 6.36842105263158 , 0 , 64 , 89.0625 , 5.53125 
31-Jan-2006 10:28,200511,GATWICK,FRANCE,TOULOUSE (BLAGNAC),BRITISH AIRWAYS PLC,A,S, 82 , 0 , 89.0243902439024 , 3.65853658536585 , 4.8780487804878 , 2.4390243902439 , 0 , 0 , 7.46341463414634 , 0 , 86 , 81.3953488372093 , 6.27906976744186 
31-Jan-2006 10:28,200511,GATWICK,FRANCE,TOULOUSE (BLAGNAC),BRITISH AIRWAYS PLC,D,S, 82 , 0 , 86.5853658536585 , 8.53658536585366 , 2.4390243902439 , 2.4390243902439 , 0 , 0 , 7.25609756097561 , 0 , 86 , 86.046511627907 , 7.88372093023256 
31-Jan-2006 10:28,200511,GATWICK,FRANCE,TOULOUSE (BLAGNAC),EASYJET AIRLINE COMPANY LTD,A,S, 60 , 0 , 88.3333333333333 , 5 , 5 , 1.66666666666667 , 0 , 0 , 6.06666666666667 , 0 , 60 , 86.6666666666667 , 8.46666666666667 
31-Jan-2006 10:28,200511,GATWICK,FRANCE,TOULOUSE (BLAGNAC),EASYJET AIRLINE COMPANY LTD,D,S, 60 , 0 , 83.3333333333333 , 8.33333333333333 , 6.66666666666667 , 1.66666666666667 , 0 , 0 , 8.58333333333333 , 0 , 60 , 85 , 9.71666666666667 
31-Jan-2006 10:28,200511,GATWICK,GAMBIA,BANJUL,FIRST CHOICE AIRWAYS LTD,A,C, 3 , 0 , 33.3333333333333 , 33.3333333333333 , 33.3333333333333 , 0 , 0 , 0 , 24.6666666666667 , 0 , 4 , 100 , 0.75 
31-Jan-2006 10:28,200511,GATWICK,GAMBIA,BANJUL,FIRST CHOICE AIRWAYS LTD,D,C, 4 , 0 , 25 , 25 , 50 , 0 , 0 , 0 , 26.25 , 0 , 4 , 50 , 17 
31-Jan-2006 10:28,200511,GATWICK,GAMBIA,BANJUL,GAMBIA INTERNATIONAL AIRWAYS,A,S, 0 , 0 , 0 , 0 , 0 , 0 , 0 , 0 , 0 , 0 , 4 , 25 , 80.25 
31-Jan-2006 10:28,200511,GATWICK,GAMBIA,BANJUL,GAMBIA INTERNATIONAL AIRWAYS,D,S, 0 , 0 , 0 , 0 , 0 , 0 , 0 , 0 , 0 , 0 , 4 , 25 , 71.25 
31-Jan-2006 10:28,200511,GATWICK,GAMBIA,BANJUL,MONARCH AIRLINES,A,C, 10 , 0 , 0 , 40 , 50 , 10 , 0 , 0 , 45.3 , 0 , 9 , 55.5555555555556 , 43.5555555555556 
31-Jan-2006 10:28,200511,GATWICK,GAMBIA,BANJUL,MONARCH AIRLINES,D,C, 10 , 0 , 40 , 20 , 10 , 20 , 10 , 0 , 42.8 , 0 , 9 , 33.3333333333333 , 43.5555555555556 
31-Jan-2006 10:28,200511,GATWICK,GAMBIA,BANJUL,THOMAS COOK AIRLINES LTD,A,C, 3 , 0 , 33.3333333333333 , 66.6666666666667 , 0 , 0 , 0 , 0 , 15.6666666666667 , 0 , 3 , 0 , 347.333333333333 
31-Jan-2006 10:28,200511,GATWICK,GAMBIA,BANJUL,THOMAS COOK AIRLINES LTD,D,C, 4 , 0 , 75 , 0 , 0 , 25 , 0 , 0 , 28.5 , 0 , 4 , 75 , 15 
31-Jan-2006 10:28,200511,GATWICK,GERMANY,BERLIN (SCHONEFELD),EASYJET AIRLINE COMPANY LTD,A,S, 52 , 0 , 84.6153846153846 , 7.69230769230769 , 7.69230769230769 , 0 , 0 , 0 , 6.94230769230769 , 0 , 0 , 0 , 0 
31-Jan-2006 10:28,200511,GATWICK,GERMANY,BERLIN (SCHONEFELD),EASYJET AIRLINE COMPANY LTD,D,S, 52 , 0 , 84.6153846153846 , 7.69230769230769 , 5.76923076923077 , 1.92307692307692 , 0 , 0 , 8.57692307692308 , 0 , 0 , 0 , 0 
31-Jan-2006 10:28,200511,GATWICK,GERMANY,COLOGNE (BONN),EASYJET AIRLINE COMPANY LTD,A,S, 30 , 0 , 90 , 3.33333333333333 , 6.66666666666667 , 0 , 0 , 0 , 5.46666666666667 , 0 , 56 , 76.7857142857143 , 13.875 
31-Jan-2006 10:28,200511,GATWICK,GERMANY,COLOGNE (BONN),EASYJET AIRLINE COMPANY LTD,D,S, 30 , 0 , 83.3333333333333 , 10 , 6.66666666666667 , 0 , 0 , 0 , 9.43333333333333 , 0 , 56 , 85.7142857142857 , 10.6428571428571 
31-Jan-2006 10:28,200511,GATWICK,GERMANY,COLOGNE (BONN),EUROWINGS LUFTVERKEHRS,A,S, 0 , 0 , 0 , 0 , 0 , 0 , 0 , 0 , 0 , 0 , 59 , 64.4067796610169 , 15.6440677966102 
31-Jan-2006 10:28,200511,GATWICK,GERMANY,COLOGNE (BONN),EUROWINGS LUFTVERKEHRS,D,S, 0 , 0 , 0 , 0 , 0 , 0 , 0 , 0 , 0 , 0 , 59 , 69.4915254237288 , 14.6949152542373 
31-Jan-2006 10:28,200511,GATWICK,GERMANY,COLOGNE (BONN),THOMAS COOK AIRLINES LTD,A,C, 0 , 0 , 0 , 0 , 0 , 0 , 0 , 0 , 0 , 0 , 1 , 100 , 0 
31-Jan-2006 10:28,200511,GATWICK,GERMANY,COLOGNE (BONN),THOMAS COOK AIRLINES LTD,D,C, 0 , 0 , 0 , 0 , 0 , 0 , 0 , 0 , 0 , 0 , 1 , 100 , 0 
31-Jan-2006 10:28,200511,GATWICK,GERMANY,FRANKFURT MAIN,BRITISH AIRWAYS PLC,A,S, 0 , 0 , 0 , 0 , 0 , 0 , 0 , 0 , 0 , 0 , 43 , 67.4418604651163 , 26.1860465116279 
31-Jan-2006 10:28,200511,GATWICK,GERMANY,FRANKFURT MAIN,BRITISH AIRWAYS PLC,D,S, 0 , 0 , 0 , 0 , 0 , 0 , 0 , 0 , 0 , 0 , 43 , 69.7674418604651 , 12.1395348837209 
31-Jan-2006 10:28,200511,GATWICK,GERMANY,HAMBURG,EUROWINGS LUFTVERKEHRS,A,S, 8 , 0 , 50 , 50 , 0 , 0 , 0 , 0 , 12.375 , 0 , 0 , 0 , 0 
31-Jan-2006 10:28,200511,GATWICK,GERMANY,HAMBURG,EUROWINGS LUFTVERKEHRS,D,S, 8 , 0 , 62.5 , 37.5 , 0 , 0 , 0 , 0 , 10.25 , 0 , 0 , 0 , 0 
31-Jan-2006 10:28,200511,GATWICK,GERMANY,HANOVER,BRITISH AIRWAYS PLC,A,S, 78 , 0 , 84.6153846153846 , 6.41025641025641 , 5.12820512820513 , 3.84615384615385 , 0 , 0 , 7.06410256410256 , 0 , 78 , 88.4615384615385 , 6.12820512820513 
31-Jan-2006 10:28,200511,GATWICK,GERMANY,HANOVER,BRITISH AIRWAYS PLC,D,S, 78 , 0 , 87.1794871794872 , 2.56410256410256 , 5.12820512820513 , 5.12820512820513 , 0 , 0 , 10.1538461538462 , 0 , 78 , 89.7435897435898 , 4.66666666666667 
31-Jan-2006 10:28,200511,GATWICK,GERMANY,MUNICH,BRITISH AIRWAYS PLC,A,S, 81 , 0 , 85.1851851851852 , 3.7037037037037 , 8.64197530864197 , 2.46913580246914 , 0 , 0 , 8.44444444444444 , 0 , 86 , 75.5813953488372 , 10.3255813953488 
31-Jan-2006 10:28,200511,GATWICK,GERMANY,MUNICH,BRITISH AIRWAYS PLC,D,S, 81 , 0 , 70.3703703703704 , 14.8148148148148 , 8.64197530864197 , 6.17283950617284 , 0 , 0 , 14.7407407407407 , 0 , 86 , 81.3953488372093 , 8.83720930232558 
31-Jan-2006 10:28,200511,GATWICK,GERMANY,MUNICH,DELTA AIRLINES,A,S, 0 , 1 , 0 , 0 , 0 , 0 , 0 , 0 , 0 , 0 , 0 , 0 , 0 
31-Jan-2006 10:28,200511,GATWICK,GERMANY,STUTTGART,BRITISH AIRWAYS PLC,A,S, 0 , 1 , 0 , 0 , 0 , 0 , 0 , 0 , 0 , 0 , 0 , 0 , 0 
31-Jan-2006 10:28,200511,GATWICK,GHANA,ACCRA,ASTRAEUS LTD,A,S, 9 , 0 , 11.1111111111111 , 22.2222222222222 , 33.3333333333333 , 22.2222222222222 , 0 , 11.1111111111111 , 108.222222222222 , 0 , 0 , 0 , 0 
31-Jan-2006 10:28,200511,GATWICK,GHANA,ACCRA,ASTRAEUS LTD,D,S, 8 , 0 , 25 , 12.5 , 50 , 0 , 0 , 12.5 , 90.375 , 1 , 0 , 0 , 0 
31-Jan-2006 10:28,200511,GATWICK,GHANA,ACCRA,FLYJET LTD,A,C, 0 , 0 , 0 , 0 , 0 , 0 , 0 , 0 , 0 , 0 , 8 , 50 , 16.75 
31-Jan-2006 10:28,200511,GATWICK,GHANA,ACCRA,FLYJET LTD,D,C, 0 , 0 , 0 , 0 , 0 , 0 , 0 , 0 , 0 , 0 , 9 , 55.5555555555556 , 22.6666666666667 
31-Jan-2006 10:28,200511,GATWICK,GHANA,ACCRA,MONARCH AIRLINES,A,C, 0 , 0 , 0 , 0 , 0 , 0 , 0 , 0 , 0 , 0 , 2 , 50 , 25.5 
31-Jan-2006 10:28,200511,GATWICK,GHANA,ACCRA,MONARCH AIRLINES,D,C, 0 , 0 , 0 , 0 , 0 , 0 , 0 , 0 , 0 , 0 , 2 , 100 , 3.5 
31-Jan-2006 10:28,200511,GATWICK,GHANA,ACCRA,THOMSONFLY LTD,A,C, 0 , 0 , 0 , 0 , 0 , 0 , 0 , 0 , 0 , 0 , 4 , 0 , 80 
31-Jan-2006 10:28,200511,GATWICK,GHANA,ACCRA,THOMSONFLY LTD,D,C, 0 , 0 , 0 , 0 , 0 , 0 , 0 , 0 , 0 , 0 , 5 , 20 , 45.6 
31-Jan-2006 10:28,200511,GATWICK,GIBRALTAR,GIBRALTAR,GB AIRWAYS LTD,A,S, 30 , 0 , 83.3333333333333 , 13.3333333333333 , 0 , 3.33333333333333 , 0 , 0 , 7.53333333333333 , 0 , 53 , 83.0188679245283 , 29.6037735849057 
31-Jan-2006 10:28,200511,GATWICK,GIBRALTAR,GIBRALTAR,GB AIRWAYS LTD,D,S, 30 , 0 , 90 , 6.66666666666667 , 3.33333333333333 , 0 , 0 , 0 , 6.43333333333333 , 0 , 53 , 77.3584905660377 , 11.622641509434 
31-Jan-2006 10:28,200511,GATWICK,GREECE,ATHENS,ALEXANDAIR,A,C, 1 , 0 , 0 , 0 , 0 , 0 , 100 , 0 , 201 , 0 , 0 , 0 , 0 
31-Jan-2006 10:28,200511,GATWICK,GREECE,ATHENS,ASTRAEUS LTD,A,C, 1 , 0 , 100 , 0 , 0 , 0 , 0 , 0 , 0 , 0 , 0 , 0 , 0 
31-Jan-2006 10:28,200511,GATWICK,GREECE,ATHENS,EASYJET AIRLINE COMPANY LTD,A,S, 29 , 0 , 75.8620689655172 , 6.89655172413793 , 10.3448275862069 , 6.89655172413793 , 0 , 0 , 13.9310344827586 , 0 , 30 , 90 , 7.3 
31-Jan-2006 10:28,200511,GATWICK,GREECE,ATHENS,EASYJET AIRLINE COMPANY LTD,D,S, 29 , 0 , 82.7586206896552 , 6.89655172413793 , 6.89655172413793 , 3.44827586206897 , 0 , 0 , 8.79310344827586 , 0 , 30 , 100 , 2 
31-Jan-2006 10:28,200511,GATWICK,GREECE,ATHENS,EXCEL AIRWAYS LTD,A,C, 0 , 0 , 0 , 0 , 0 , 0 , 0 , 0 , 0 , 0 , 4 , 50 , 25.75 
31-Jan-2006 10:28,200511,GATWICK,GREECE,ATHENS,EXCEL AIRWAYS LTD,D,C, 0 , 0 , 0 , 0 , 0 , 0 , 0 , 0 , 0 , 0 , 2 , 100 , 5.5 
31-Jan-2006 10:28,200511,GATWICK,GREECE,ATHENS,FIRST CHOICE AIRWAYS LTD,A,C, 1 , 0 , 0 , 0 , 0 , 100 , 0 , 0 , 139 , 0 , 1 , 100 , 0 
31-Jan-2006 10:28,200511,GATWICK,GREECE,ATHENS,HELLAS JET,A,S, 0 , 0 , 0 , 0 , 0 , 0 , 0 , 0 , 0 , 0 , 3 , 100 , 0 
31-Jan-2006 10:28,200511,GATWICK,GREECE,ATHENS,HELLAS JET,D,S, 0 , 0 , 0 , 0 , 0 , 0 , 0 , 0 , 0 , 0 , 3 , 100 , 4.66666666666667 
31-Jan-2006 10:28,200511,GATWICK,GREECE,ATHENS,OLYMPIC AIRLINES,A,S, 16 , 0 , 68.75 , 25 , 0 , 6.25 , 0 , 0 , 14.4375 , 2 , 9 , 77.7777777777778 , 11.3333333333333 
31-Jan-2006 10:28,200511,GATWICK,GREECE,ATHENS,OLYMPIC AIRLINES,D,S, 16 , 0 , 68.75 , 0 , 18.75 , 12.5 , 0 , 0 , 23.375 , 2 , 9 , 66.6666666666667 , 22 
31-Jan-2006 10:28,200511,GATWICK,GREECE,HERAKLION,ALEXANDAIR,D,C, 1 , 0 , 0 , 0 , 0 , 0 , 100 , 0 , 184 , 0 , 0 , 0 , 0 
31-Jan-2006 10:28,200511,GATWICK,GREECE,HERAKLION,EXCEL AIRWAYS LTD,A,C, 0 , 0 , 0 , 0 , 0 , 0 , 0 , 0 , 0 , 0 , 2 , 50 , 15 
31-Jan-2006 10:28,200511,GATWICK,GREECE,HERAKLION,EXCEL AIRWAYS LTD,D,C, 0 , 0 , 0 , 0 , 0 , 0 , 0 , 0 , 0 , 0 , 1 , 0 , 17 
31-Jan-2006 10:28,200511,GATWICK,GREECE,HERAKLION,THOMAS COOK AIRLINES LTD,A,C, 1 , 0 , 0 , 0 , 100 , 0 , 0 , 0 , 45 , 0 , 1 , 100 , 0 
31-Jan-2006 10:28,200511,GATWICK,GREECE,KOS,EXCEL AIRWAYS LTD,A,C, 1 , 0 , 100 , 0 , 0 , 0 , 0 , 0 , 0 , 0 , 2 , 100 , 0 
31-Jan-2006 10:28,200511,GATWICK,GREECE,RHODES,THOMSONFLY LTD,A,C, 1 , 0 , 100 , 0 , 0 , 0 , 0 , 0 , 3 , 0 , 0 , 0 , 0 
31-Jan-2006 10:28,200511,GATWICK,GREECE,SALONIKA,BRITISH AIRWAYS PLC,A,S, 22 , 0 , 90.9090909090909 , 4.54545454545455 , 0 , 4.54545454545455 , 0 , 0 , 10 , 0 , 0 , 0 , 0 
31-Jan-2006 10:28,200511,GATWICK,GREECE,SALONIKA,BRITISH AIRWAYS PLC,D,S, 22 , 0 , 72.7272727272727 , 18.1818181818182 , 4.54545454545455 , 4.54545454545455 , 0 , 0 , 13.2727272727273 , 0 , 0 , 0 , 0 
31-Jan-2006 10:28,200511,GATWICK,GREECE,SALONIKA,OLYMPIC AIRLINES,A,S, 20 , 0 , 85 , 10 , 5 , 0 , 0 , 0 , 6.7 , 1 , 22 , 77.2727272727273 , 8.63636363636364 
31-Jan-2006 10:28,200511,GATWICK,GREECE,SALONIKA,OLYMPIC AIRLINES,D,S, 20 , 0 , 85 , 15 , 0 , 0 , 0 , 0 , 4.05 , 1 , 22 , 72.7272727272727 , 7.31818181818182 
31-Jan-2006 10:28,200511,GATWICK,GRENADA,GRENADA,BRITISH AIRWAYS PLC,A,S, 9 , 0 , 44.4444444444444 , 22.2222222222222 , 11.1111111111111 , 11.1111111111111 , 0 , 11.1111111111111 , 66.5555555555556 , 0 , 8 , 50 , 43 
31-Jan-2006 10:28,200511,GATWICK,GRENADA,GRENADA,BRITISH AIRWAYS PLC,D,S, 9 , 0 , 88.8888888888889 , 11.1111111111111 , 0 , 0 , 0 , 0 , 8.55555555555556 , 0 , 9 , 77.7777777777778 , 17.1111111111111 
31-Jan-2006 10:28,200511,GATWICK,GRENADA,GRENADA,EXCEL AIRWAYS LTD,A,C, 0 , 0 , 0 , 0 , 0 , 0 , 0 , 0 , 0 , 0 , 2 , 0 , 43.5 
31-Jan-2006 10:28,200511,GATWICK,GRENADA,GRENADA,VIRGIN ATLANTIC AIRWAYS LTD,A,S, 4 , 0 , 25 , 25 , 0 , 50 , 0 , 0 , 47.5 , 0 , 5 , 60 , 13.6 
31-Jan-2006 10:28,200511,GATWICK,GRENADA,GRENADA,VIRGIN ATLANTIC AIRWAYS LTD,D,S, 4 , 0 , 25 , 75 , 0 , 0 , 0 , 0 , 19.75 , 0 , 5 , 20 , 32.2 
31-Jan-2006 10:28,200511,GATWICK,HUNGARY,BUDAPEST,BRITISH AIRWAYS PLC,A,S, 17 , 0 , 88.2352941176471 , 5.88235294117647 , 0 , 5.88235294117647 , 0 , 0 , 12.4117647058824 , 0 , 0 , 0 , 0 
31-Jan-2006 10:28,200511,GATWICK,HUNGARY,BUDAPEST,BRITISH AIRWAYS PLC,D,S, 17 , 0 , 88.2352941176471 , 5.88235294117647 , 0 , 5.88235294117647 , 0 , 0 , 10.0588235294118 , 0 , 0 , 0 , 0 
31-Jan-2006 10:28,200511,GATWICK,HUNGARY,BUDAPEST,EASYJET AIRLINE COMPANY LTD,A,S, 30 , 0 , 93.3333333333333 , 0 , 3.33333333333333 , 3.33333333333333 , 0 , 0 , 4.4 , 0 , 30 , 33.3333333333333 , 22.8666666666667 
31-Jan-2006 10:28,200511,GATWICK,HUNGARY,BUDAPEST,EASYJET AIRLINE COMPANY LTD,D,S, 30 , 0 , 83.3333333333333 , 10 , 3.33333333333333 , 3.33333333333333 , 0 , 0 , 8.63333333333333 , 0 , 30 , 83.3333333333333 , 6.46666666666667 
31-Jan-2006 10:28,200511,GATWICK,HUNGARY,BUDAPEST,SKYEUROPE AIRLINES HUNGARY,A,S, 0 , 1 , 0 , 0 , 0 , 0 , 0 , 0 , 0 , 0 , 0 , 0 , 0 
31-Jan-2006 10:28,200511,GATWICK,HUNGARY,BUDAPEST,SKYEUROPE AIRLINES HUNGARY,D,S, 0 , 1 , 0 , 0 , 0 , 0 , 0 , 0 , 0 , 0 , 0 , 0 , 0 
31-Jan-2006 10:28,200511,GATWICK,ICELAND,KEFLAVIK,JET X,A,C, 0 , 1 , 0 , 0 , 0 , 0 , 0 , 0 , 0 , 0 , 0 , 0 , 0 
31-Jan-2006 10:28,200511,GATWICK,INDIA,AGRA (KHERIA),ASTRAEUS LTD,A,C, 5 , 0 , 0 , 0 , 20 , 80 , 0 , 0 , 71.6 , 0 , 0 , 0 , 0 
31-Jan-2006 10:28,200511,GATWICK,INDIA,AGRA (KHERIA),ASTRAEUS LTD,D,C, 4 , 0 , 50 , 25 , 25 , 0 , 0 , 0 , 17 , 0 , 0 , 0 , 0 
31-Jan-2006 10:28,200511,GATWICK,INDIA,AMRITSAR,FLYJET LTD,A,C, 0 , 0 , 0 , 0 , 0 , 0 , 0 , 0 , 0 , 0 , 4 , 0 , 129 
31-Jan-2006 10:28,200511,GATWICK,INDIA,AMRITSAR,FLYJET LTD,D,C, 0 , 0 , 0 , 0 , 0 , 0 , 0 , 0 , 0 , 0 , 4 , 50 , 87 
31-Jan-2006 10:28,200511,GATWICK,INDIA,DELHI,MONARCH AIRLINES,A,C, 0 , 0 , 0 , 0 , 0 , 0 , 0 , 0 , 0 , 0 , 3 , 0 , 124.666666666667 
31-Jan-2006 10:28,200511,GATWICK,INDIA,DELHI,MONARCH AIRLINES,D,C, 0 , 0 , 0 , 0 , 0 , 0 , 0 , 0 , 0 , 0 , 5 , 80 , 16.8 
31-Jan-2006 10:28,200511,GATWICK,INDIA,GOA,EXCEL AIRWAYS LTD,A,C, 0 , 0 , 0 , 0 , 0 , 0 , 0 , 0 , 0 , 0 , 10 , 10 , 188.1 
31-Jan-2006 10:28,200511,GATWICK,INDIA,GOA,EXCEL AIRWAYS LTD,D,C, 0 , 0 , 0 , 0 , 0 , 0 , 0 , 0 , 0 , 0 , 11 , 63.6363636363636 , 40 
31-Jan-2006 10:28,200511,GATWICK,INDIA,GOA,FIRST CHOICE AIRWAYS LTD,A,C, 5 , 0 , 20 , 0 , 20 , 40 , 20 , 0 , 90.6 , 0 , 7 , 57.1428571428571 , 32.8571428571429 
31-Jan-2006 10:28,200511,GATWICK,INDIA,GOA,FIRST CHOICE AIRWAYS LTD,D,C, 6 , 0 , 16.6666666666667 , 16.6666666666667 , 33.3333333333333 , 33.3333333333333 , 0 , 0 , 49.6666666666667 , 0 , 8 , 75 , 13.625 
31-Jan-2006 10:28,200511,GATWICK,INDIA,GOA,MONARCH AIRLINES,A,C, 19 , 0 , 36.8421052631579 , 21.0526315789474 , 26.3157894736842 , 15.7894736842105 , 0 , 0 , 31.5263157894737 , 0 , 16 , 43.75 , 34.5 
31-Jan-2006 10:28,200511,GATWICK,INDIA,GOA,MONARCH AIRLINES,D,C, 20 , 0 , 65 , 15 , 10 , 5 , 5 , 0 , 26.05 , 0 , 16 , 68.75 , 10.5 
31-Jan-2006 10:28,200511,GATWICK,INDIA,GOA,MY TRAVEL AIRWAYS UK,A,C, 5 , 0 , 100 , 0 , 0 , 0 , 0 , 0 , 0 , 0 , 3 , 33.3333333333333 , 18 
31-Jan-2006 10:28,200511,GATWICK,INDIA,GOA,MY TRAVEL AIRWAYS UK,D,C, 6 , 0 , 83.3333333333333 , 16.6666666666667 , 0 , 0 , 0 , 0 , 11 , 0 , 3 , 100 , 0.666666666666667 
31-Jan-2006 10:28,200511,GATWICK,INDIA,GOA,THOMSONFLY LTD,A,C, 3 , 0 , 0 , 66.6666666666667 , 33.3333333333333 , 0 , 0 , 0 , 29.3333333333333 , 0 , 0 , 0 , 0 
31-Jan-2006 10:28,200511,GATWICK,INDIA,GOA,THOMSONFLY LTD,D,C, 4 , 0 , 100 , 0 , 0 , 0 , 0 , 0 , 2.25 , 0 , 0 , 0 , 0 
31-Jan-2006 10:28,200511,GATWICK,INDIA,TRIVANDRUM,FIRST CHOICE AIRWAYS LTD,A,C, 1 , 0 , 0 , 0 , 0 , 0 , 0 , 100 , 397 , 0 , 0 , 0 , 0 
31-Jan-2006 10:28,200511,GATWICK,INDIA,TRIVANDRUM,FIRST CHOICE AIRWAYS LTD,D,C, 2 , 0 , 100 , 0 , 0 , 0 , 0 , 0 , 10 , 0 , 0 , 0 , 0 
31-Jan-2006 10:28,200511,GATWICK,INDIA,TRIVANDRUM,MONARCH AIRLINES,A,C, 0 , 0 , 0 , 0 , 0 , 0 , 0 , 0 , 0 , 0 , 3 , 66.6666666666667 , 30.3333333333333 
31-Jan-2006 10:28,200511,GATWICK,INDIA,TRIVANDRUM,MONARCH AIRLINES,D,C, 1 , 0 , 100 , 0 , 0 , 0 , 0 , 0 , 0 , 0 , 4 , 75 , 4 
31-Jan-2006 10:28,200511,GATWICK,IRISH REPUBLIC,CONNAUGHT,EASYJET AIRLINE COMPANY LTD,A,S, 29 , 0 , 79.3103448275862 , 13.7931034482759 , 6.89655172413793 , 0 , 0 , 0 , 7.06896551724138 , 0 , 0 , 0 , 0 
31-Jan-2006 10:28,200511,GATWICK,IRISH REPUBLIC,CONNAUGHT,EASYJET AIRLINE COMPANY LTD,D,S, 30 , 0 , 80 , 10 , 3.33333333333333 , 6.66666666666667 , 0 , 0 , 9.3 , 0 , 0 , 0 , 0 
31-Jan-2006 10:28,200511,GATWICK,IRISH REPUBLIC,CONNAUGHT,RYANAIR,A,S, 29 , 0 , 86.2068965517241 , 0 , 13.7931034482759 , 0 , 0 , 0 , 9.06896551724138 , 1 , 0 , 0 , 0 
31-Jan-2006 10:28,200511,GATWICK,IRISH REPUBLIC,CONNAUGHT,RYANAIR,D,S, 30 , 0 , 86.6666666666667 , 3.33333333333333 , 10 , 0 , 0 , 0 , 7.43333333333333 , 0 , 0 , 0 , 0 
31-Jan-2006 10:28,200511,GATWICK,IRISH REPUBLIC,CORK,BMIBABY LTD,A,S, 0 , 0 , 0 , 0 , 0 , 0 , 0 , 0 , 0 , 0 , 30 , 96.6666666666667 , 1.06666666666667 
31-Jan-2006 10:28,200511,GATWICK,IRISH REPUBLIC,CORK,BMIBABY LTD,D,S, 0 , 0 , 0 , 0 , 0 , 0 , 0 , 0 , 0 , 0 , 30 , 93.3333333333333 , 3.2 
31-Jan-2006 10:28,200511,GATWICK,IRISH REPUBLIC,CORK,EASYJET AIRLINE COMPANY LTD,A,S, 82 , 0 , 87.8048780487805 , 6.09756097560976 , 4.8780487804878 , 1.21951219512195 , 0 , 0 , 5.47560975609756 , 0 , 0 , 0 , 0 
31-Jan-2006 10:28,200511,GATWICK,IRISH REPUBLIC,CORK,EASYJET AIRLINE COMPANY LTD,D,S, 82 , 0 , 85.3658536585366 , 6.09756097560976 , 7.31707317073171 , 1.21951219512195 , 0 , 0 , 7.4390243902439 , 0 , 0 , 0 , 0 
31-Jan-2006 10:28,200511,GATWICK,IRISH REPUBLIC,CORK,RYANAIR,A,S, 14 , 1 , 92.8571428571429 , 7.14285714285714 , 0 , 0 , 0 , 0 , 2.42857142857143 , 0 , 0 , 0 , 0 
31-Jan-2006 10:28,200511,GATWICK,IRISH REPUBLIC,CORK,RYANAIR,D,S, 14 , 0 , 85.7142857142857 , 14.2857142857143 , 0 , 0 , 0 , 0 , 5.07142857142857 , 0 , 0 , 0 , 0 
31-Jan-2006 10:28,200511,GATWICK,IRISH REPUBLIC,DUBLIN,BRITISH AIRWAYS PLC,A,S, 119 , 0 , 83.1932773109244 , 8.40336134453782 , 4.20168067226891 , 3.36134453781513 , 0.840336134453782 , 0 , 10.9579831932773 , 0 , 118 , 73.728813559322 , 14.3220338983051 
31-Jan-2006 10:28,200511,GATWICK,IRISH REPUBLIC,DUBLIN,BRITISH AIRWAYS PLC,D,S, 119 , 0 , 85.7142857142857 , 8.40336134453782 , 3.36134453781513 , 2.52100840336134 , 0 , 0 , 6.82352941176471 , 0 , 118 , 84.7457627118644 , 8.92372881355932 
31-Jan-2006 10:28,200511,GATWICK,IRISH REPUBLIC,DUBLIN,RYANAIR,A,S, 144 , 1 , 67.3611111111111 , 14.5833333333333 , 10.4166666666667 , 4.86111111111111 , 2.77777777777778 , 0 , 20.2708333333333 , 0 , 180 , 94.4444444444444 , 3.45 
31-Jan-2006 10:28,200511,GATWICK,IRISH REPUBLIC,DUBLIN,RYANAIR,D,S, 143 , 0 , 59.4405594405594 , 13.2867132867133 , 16.0839160839161 , 6.99300699300699 , 4.1958041958042 , 0 , 26.041958041958 , 1 , 180 , 93.8888888888889 , 3.53888888888889 
31-Jan-2006 10:28,200511,GATWICK,IRISH REPUBLIC,SHANNON,EASYJET AIRLINE COMPANY LTD,A,S, 30 , 0 , 100 , 0 , 0 , 0 , 0 , 0 , 1.06666666666667 , 0 , 0 , 0 , 0 
31-Jan-2006 10:28,200511,GATWICK,IRISH REPUBLIC,SHANNON,EASYJET AIRLINE COMPANY LTD,D,S, 30 , 0 , 93.3333333333333 , 6.66666666666667 , 0 , 0 , 0 , 0 , 2.56666666666667 , 0 , 0 , 0 , 0 
31-Jan-2006 10:28,200511,GATWICK,IRISH REPUBLIC,SHANNON,EXCEL AIRWAYS LTD,D,C, 1 , 0 , 0 , 100 , 0 , 0 , 0 , 0 , 28 , 0 , 0 , 0 , 0 
31-Jan-2006 10:28,200511,GATWICK,IRISH REPUBLIC,SHANNON,RYANAIR,A,S, 30 , 0 , 100 , 0 , 0 , 0 , 0 , 0 , 6.66666666666667E-02 , 0 , 0 , 0 , 0 
31-Jan-2006 10:28,200511,GATWICK,IRISH REPUBLIC,SHANNON,RYANAIR,D,S, 30 , 0 , 83.3333333333333 , 10 , 3.33333333333333 , 0 , 3.33333333333333 , 0 , 11.5 , 0 , 0 , 0 , 0 
31-Jan-2006 10:28,200511,GATWICK,ISLE OF CURACAO NETH.ANTILLES,ARUBA,FIRST CHOICE AIRWAYS LTD,A,C, 1 , 0 , 100 , 0 , 0 , 0 , 0 , 0 , 0 , 0 , 0 , 0 , 0 
31-Jan-2006 10:28,200511,GATWICK,ISRAEL,OVDA,MY TRAVEL AIRWAYS UK,A,C, 1 , 0 , 0 , 0 , 0 , 100 , 0 , 0 , 90 , 0 , 0 , 0 , 0 
31-Jan-2006 10:28,200511,GATWICK,ISRAEL,TEL AVIV,ISRAIR LTD,A,C, 0 , 0 , 0 , 0 , 0 , 0 , 0 , 0 , 0 , 0 , 7 , 14.2857142857143 , 34.1428571428571 
31-Jan-2006 10:28,200511,GATWICK,ISRAEL,TEL AVIV,ISRAIR LTD,D,C, 0 , 0 , 0 , 0 , 0 , 0 , 0 , 0 , 0 , 0 , 7 , 14.2857142857143 , 40 
31-Jan-2006 10:28,200511,GATWICK,ITALY,BERGAMO,RYANAIR,A,S, 0 , 1 , 0 , 0 , 0 , 0 , 0 , 0 , 0 , 0 , 0 , 0 , 0 
31-Jan-2006 10:28,200511,GATWICK,ITALY,BOLOGNA,BRITISH AIRWAYS PLC,A,S, 77 , 0 , 80.5194805194805 , 11.6883116883117 , 1.2987012987013 , 6.49350649350649 , 0 , 0 , 12.3896103896104 , 0 , 78 , 83.3333333333333 , 9.61538461538462 
31-Jan-2006 10:28,200511,GATWICK,ITALY,BOLOGNA,BRITISH AIRWAYS PLC,D,S, 77 , 0 , 83.1168831168831 , 9.09090909090909 , 2.5974025974026 , 5.19480519480519 , 0 , 0 , 10.5064935064935 , 0 , 78 , 84.6153846153846 , 9.1025641025641 
31-Jan-2006 10:28,200511,GATWICK,ITALY,CAGLIARI (ELMAS),MERIDIANA AIR,A,S, 0 , 0 , 0 , 0 , 0 , 0 , 0 , 0 , 0 , 0 , 25 , 40 , 30.64 
31-Jan-2006 10:28,200511,GATWICK,ITALY,CAGLIARI (ELMAS),MERIDIANA AIR,D,S, 0 , 0 , 0 , 0 , 0 , 0 , 0 , 0 , 0 , 0 , 23 , 82.6086956521739 , 20.5217391304348 
31-Jan-2006 10:28,200511,GATWICK,ITALY,CATANIA (FONTANAROSSA),BRITISH AIRWAYS PLC,A,S, 12 , 0 , 66.6666666666667 , 16.6666666666667 , 8.33333333333333 , 8.33333333333333 , 0 , 0 , 19.5 , 0 , 0 , 0 , 0 
31-Jan-2006 10:28,200511,GATWICK,ITALY,CATANIA (FONTANAROSSA),BRITISH AIRWAYS PLC,D,S, 12 , 0 , 66.6666666666667 , 16.6666666666667 , 8.33333333333333 , 8.33333333333333 , 0 , 0 , 16.25 , 0 , 0 , 0 , 0 
31-Jan-2006 10:28,200511,GATWICK,ITALY,FLORENCE,MERIDIANA AIR,A,S, 60 , 0 , 60 , 6.66666666666667 , 20 , 11.6666666666667 , 1.66666666666667 , 0 , 26.2666666666667 , 0 , 36 , 66.6666666666667 , 16.3611111111111 
31-Jan-2006 10:28,200511,GATWICK,ITALY,FLORENCE,MERIDIANA AIR,D,S, 59 , 0 , 57.6271186440678 , 16.9491525423729 , 18.6440677966102 , 6.77966101694915 , 0 , 0 , 20.4067796610169 , 1 , 38 , 57.8947368421053 , 19.6315789473684 
31-Jan-2006 10:28,200511,GATWICK,ITALY,GENOA,BRITISH AIRWAYS PLC,A,S, 0 , 0 , 0 , 0 , 0 , 0 , 0 , 0 , 0 , 0 , 28 , 89.2857142857143 , 3.78571428571429 
31-Jan-2006 10:28,200511,GATWICK,ITALY,GENOA,BRITISH AIRWAYS PLC,D,S, 0 , 0 , 0 , 0 , 0 , 0 , 0 , 0 , 0 , 0 , 28 , 92.8571428571429 , 4.92857142857143 
31-Jan-2006 10:28,200511,GATWICK,ITALY,MILAN (LINATE),EASYJET AIRLINE COMPANY LTD,A,S, 29 , 0 , 86.2068965517241 , 0 , 6.89655172413793 , 6.89655172413793 , 0 , 0 , 9.27586206896552 , 0 , 30 , 86.6666666666667 , 11.9333333333333 
31-Jan-2006 10:28,200511,GATWICK,ITALY,MILAN (LINATE),EASYJET AIRLINE COMPANY LTD,D,S, 29 , 0 , 86.2068965517241 , 6.89655172413793 , 3.44827586206897 , 3.44827586206897 , 0 , 0 , 10.1379310344828 , 0 , 30 , 83.3333333333333 , 15.5333333333333 
31-Jan-2006 10:28,200511,GATWICK,ITALY,MILAN (LINATE),NETJETS TRANSPORTES AEREOS,A,C, 0 , 1 , 0 , 0 , 0 , 0 , 0 , 0 , 0 , 0 , 0 , 0 , 0 
31-Jan-2006 10:28,200511,GATWICK,ITALY,MILAN (LINATE),NETJETS TRANSPORTES AEREOS,D,C, 0 , 1 , 0 , 0 , 0 , 0 , 0 , 0 , 0 , 0 , 0 , 0 , 0 
31-Jan-2006 10:28,200511,GATWICK,ITALY,MILAN (LINATE),SERVIZI AEREI,A,C, 0 , 1 , 0 , 0 , 0 , 0 , 0 , 0 , 0 , 0 , 0 , 0 , 0 
31-Jan-2006 10:28,200511,GATWICK,ITALY,NAPLES,BRITISH AIRWAYS PLC,A,S, 60 , 0 , 81.6666666666667 , 6.66666666666667 , 6.66666666666667 , 5 , 0 , 0 , 12.4833333333333 , 0 , 60 , 90 , 4.4 
31-Jan-2006 10:28,200511,GATWICK,ITALY,NAPLES,BRITISH AIRWAYS PLC,D,S, 60 , 0 , 80 , 10 , 6.66666666666667 , 3.33333333333333 , 0 , 0 , 10.8 , 0 , 60 , 90 , 5.96666666666667 
31-Jan-2006 10:28,200511,GATWICK,ITALY,OLBIA,EASYJET AIRLINE COMPANY LTD,A,S, 16 , 0 , 93.75 , 6.25 , 0 , 0 , 0 , 0 , 1.375 , 0 , 0 , 0 , 0 
31-Jan-2006 10:28,200511,GATWICK,ITALY,OLBIA,EASYJET AIRLINE COMPANY LTD,D,S, 16 , 0 , 93.75 , 6.25 , 0 , 0 , 0 , 0 , 4.8125 , 0 , 0 , 0 , 0 
31-Jan-2006 10:28,200511,GATWICK,ITALY,PISA,BRITISH AIRWAYS PLC,A,S, 59 , 0 , 81.3559322033898 , 10.1694915254237 , 6.77966101694915 , 1.69491525423729 , 0 , 0 , 9.10169491525424 , 0 , 58 , 91.3793103448276 , 7.27586206896552 
31-Jan-2006 10:28,200511,GATWICK,ITALY,PISA,BRITISH AIRWAYS PLC,D,S, 59 , 0 , 81.3559322033898 , 8.47457627118644 , 6.77966101694915 , 3.38983050847458 , 0 , 0 , 10.7796610169492 , 0 , 58 , 91.3793103448276 , 5.63793103448276 
31-Jan-2006 10:28,200511,GATWICK,ITALY,ROME (CIAMPINO),C A I ,A,C, 0 , 1 , 0 , 0 , 0 , 0 , 0 , 0 , 0 , 0 , 0 , 0 , 0 
31-Jan-2006 10:28,200511,GATWICK,ITALY,ROME (CIAMPINO),C A I ,D,C, 0 , 1 , 0 , 0 , 0 , 0 , 0 , 0 , 0 , 0 , 0 , 0 , 0 
31-Jan-2006 10:28,200511,GATWICK,ITALY,ROME (CIAMPINO),EASYJET AIRLINE COMPANY LTD,A,S, 60 , 0 , 76.6666666666667 , 11.6666666666667 , 10 , 1.66666666666667 , 0 , 0 , 10.5666666666667 , 0 , 60 , 90 , 4.03333333333333 
31-Jan-2006 10:28,200511,GATWICK,ITALY,ROME (CIAMPINO),EASYJET AIRLINE COMPANY LTD,D,S, 60 , 0 , 83.3333333333333 , 6.66666666666667 , 10 , 0 , 0 , 0 , 7.46666666666667 , 0 , 60 , 93.3333333333333 , 3.46666666666667 
31-Jan-2006 10:28,200511,GATWICK,ITALY,ROME (CIAMPINO),MONARCH AIRLINES,A,C, 0 , 0 , 0 , 0 , 0 , 0 , 0 , 0 , 0 , 0 , 2 , 0 , 44.5 
31-Jan-2006 10:28,200511,GATWICK,ITALY,ROME (FIUMICINO),BRITISH AIRWAYS PLC,A,S, 30 , 0 , 73.3333333333333 , 16.6666666666667 , 6.66666666666667 , 0 , 0 , 3.33333333333333 , 22 , 0 , 60 , 71.6666666666667 , 10.15 
31-Jan-2006 10:28,200511,GATWICK,ITALY,ROME (FIUMICINO),BRITISH AIRWAYS PLC,D,S, 30 , 0 , 76.6666666666667 , 20 , 3.33333333333333 , 0 , 0 , 0 , 8.4 , 0 , 60 , 93.3333333333333 , 5.55 
31-Jan-2006 10:28,200511,GATWICK,ITALY,ROME (FIUMICINO),EUROFLY SPA,A,C, 0 , 0 , 0 , 0 , 0 , 0 , 0 , 0 , 0 , 0 , 1 , 0 , 46 
31-Jan-2006 10:28,200511,GATWICK,ITALY,ROME (FIUMICINO),EUROFLY SPA,D,C, 0 , 0 , 0 , 0 , 0 , 0 , 0 , 0 , 0 , 0 , 1 , 0 , 41 
31-Jan-2006 10:28,200511,GATWICK,ITALY,TURIN,BRITISH AIRWAYS PLC,A,S, 30 , 0 , 86.6666666666667 , 10 , 0 , 3.33333333333333 , 0 , 0 , 7.8 , 0 , 30 , 83.3333333333333 , 6 
31-Jan-2006 10:28,200511,GATWICK,ITALY,TURIN,BRITISH AIRWAYS PLC,D,S, 30 , 0 , 80 , 10 , 10 , 0 , 0 , 0 , 8.76666666666667 , 0 , 30 , 90 , 5.1 
31-Jan-2006 10:28,200511,GATWICK,ITALY,VENICE,BRITISH AIRWAYS PLC,A,S, 60 , 0 , 88.3333333333333 , 1.66666666666667 , 3.33333333333333 , 5 , 0 , 1.66666666666667 , 16.7166666666667 , 0 , 60 , 81.6666666666667 , 8.78333333333333 
31-Jan-2006 10:28,200511,GATWICK,ITALY,VENICE,BRITISH AIRWAYS PLC,D,S, 60 , 0 , 81.6666666666667 , 11.6666666666667 , 0 , 6.66666666666667 , 0 , 0 , 13.2166666666667 , 0 , 60 , 86.6666666666667 , 6.28333333333333 
31-Jan-2006 10:28,200511,GATWICK,ITALY,VENICE,EASYJET AIRLINE COMPANY LTD,A,S, 60 , 0 , 93.3333333333333 , 1.66666666666667 , 1.66666666666667 , 3.33333333333333 , 0 , 0 , 4.61666666666667 , 0 , 60 , 88.3333333333333 , 6 
31-Jan-2006 10:28,200511,GATWICK,ITALY,VENICE,EASYJET AIRLINE COMPANY LTD,D,S, 60 , 0 , 95 , 1.66666666666667 , 0 , 3.33333333333333 , 0 , 0 , 5.46666666666667 , 0 , 60 , 95 , 4.18333333333333 
31-Jan-2006 10:28,200511,GATWICK,ITALY,VERONA VILLAFRANCA,BRITISH AIRWAYS PLC,A,S, 29 , 0 , 82.7586206896552 , 3.44827586206897 , 13.7931034482759 , 0 , 0 , 0 , 8.41379310344828 , 0 , 28 , 89.2857142857143 , 4.21428571428571 
31-Jan-2006 10:28,200511,GATWICK,ITALY,VERONA VILLAFRANCA,BRITISH AIRWAYS PLC,D,S, 29 , 0 , 75.8620689655172 , 3.44827586206897 , 13.7931034482759 , 6.89655172413793 , 0 , 0 , 13.8965517241379 , 0 , 28 , 92.8571428571429 , 3.67857142857143 
31-Jan-2006 10:28,200511,GATWICK,JAMAICA,KINGSTON,BRITISH AIRWAYS PLC,A,S, 13 , 0 , 23.0769230769231 , 46.1538461538462 , 15.3846153846154 , 15.3846153846154 , 0 , 0 , 32.1538461538462 , 0 , 13 , 69.2307692307692 , 13.3846153846154 
31-Jan-2006 10:28,200511,GATWICK,JAMAICA,KINGSTON,BRITISH AIRWAYS PLC,D,S, 13 , 0 , 30.7692307692308 , 30.7692307692308 , 30.7692307692308 , 7.69230769230769 , 0 , 0 , 27.2307692307692 , 0 , 13 , 23.0769230769231 , 29.3846153846154 
31-Jan-2006 10:28,200511,GATWICK,JAMAICA,MONTEGO BAY,FIRST CHOICE AIRWAYS LTD,A,C, 2 , 0 , 50 , 0 , 50 , 0 , 0 , 0 , 22 , 0 , 0 , 0 , 0 
31-Jan-2006 10:28,200511,GATWICK,JAMAICA,MONTEGO BAY,FIRST CHOICE AIRWAYS LTD,D,C, 2 , 0 , 100 , 0 , 0 , 0 , 0 , 0 , 4 , 0 , 0 , 0 , 0 
31-Jan-2006 10:28,200511,GATWICK,JAMAICA,MONTEGO BAY,MY TRAVEL AIRWAYS UK,A,C, 4 , 0 , 25 , 0 , 0 , 75 , 0 , 0 , 73.75 , 0 , 5 , 20 , 58 
31-Jan-2006 10:28,200511,GATWICK,JAMAICA,MONTEGO BAY,MY TRAVEL AIRWAYS UK,D,C, 4 , 0 , 50 , 25 , 0 , 25 , 0 , 0 , 25 , 0 , 0 , 0 , 0 
31-Jan-2006 10:28,200511,GATWICK,JAMAICA,MONTEGO BAY,THOMSONFLY LTD,A,C, 6 , 0 , 16.6666666666667 , 16.6666666666667 , 50 , 16.6666666666667 , 0 , 0 , 45.3333333333333 , 0 , 4 , 50 , 14.5 
31-Jan-2006 10:28,200511,GATWICK,JAMAICA,MONTEGO BAY,THOMSONFLY LTD,D,C, 6 , 0 , 33.3333333333333 , 33.3333333333333 , 16.6666666666667 , 16.6666666666667 , 0 , 0 , 26.6666666666667 , 0 , 5 , 80 , 7.8 
31-Jan-2006 10:28,200511,GATWICK,JORDAN,AQABA,ASTRAEUS LTD,A,C, 5 , 0 , 20 , 60 , 20 , 0 , 0 , 0 , 22.2 , 0 , 5 , 0 , 62 
31-Jan-2006 10:28,200511,GATWICK,JORDAN,AQABA,ASTRAEUS LTD,D,C, 5 , 0 , 100 , 0 , 0 , 0 , 0 , 0 , 7 , 0 , 5 , 80 , 49.2 
31-Jan-2006 10:28,200511,GATWICK,JORDAN,AQABA,FIRST CHOICE AIRWAYS LTD,D,C, 0 , 0 , 0 , 0 , 0 , 0 , 0 , 0 , 0 , 0 , 1 , 0 , 16 
31-Jan-2006 10:28,200511,GATWICK,KAZAKHSTAN,ALMA ATA,TAG AVIATION SA,A,C, 0 , 1 , 0 , 0 , 0 , 0 , 0 , 0 , 0 , 0 , 0 , 0 , 0 
31-Jan-2006 10:28,200511,GATWICK,KAZAKHSTAN,ASTANA,TAG AVIATION (UK) LTD,A,C, 0 , 1 , 0 , 0 , 0 , 0 , 0 , 0 , 0 , 0 , 0 , 0 , 0 
31-Jan-2006 10:28,200511,GATWICK,KENYA,MOMBASA,AFRICAN SAFARI AIRWAYS-ASA,A,C, 4 , 0 , 75 , 25 , 0 , 0 , 0 , 0 , 5.75 , 0 , 4 , 50 , 29.5 
31-Jan-2006 10:28,200511,GATWICK,KENYA,MOMBASA,AFRICAN SAFARI AIRWAYS-ASA,D,C, 4 , 0 , 75 , 25 , 0 , 0 , 0 , 0 , 7.25 , 0 , 4 , 50 , 15.25 
31-Jan-2006 10:28,200511,GATWICK,KENYA,MOMBASA,EXCEL AIRWAYS LTD,A,C, 0 , 0 , 0 , 0 , 0 , 0 , 0 , 0 , 0 , 0 , 5 , 20 , 378.8 
31-Jan-2006 10:28,200511,GATWICK,KENYA,MOMBASA,EXCEL AIRWAYS LTD,D,C, 0 , 0 , 0 , 0 , 0 , 0 , 0 , 0 , 0 , 0 , 3 , 33.3333333333333 , 85 
31-Jan-2006 10:28,200511,GATWICK,KENYA,MOMBASA,FIRST CHOICE AIRWAYS LTD,A,C, 3 , 0 , 0 , 0 , 33.3333333333333 , 66.6666666666667 , 0 , 0 , 73.3333333333333 , 0 , 0 , 0 , 0 
31-Jan-2006 10:28,200511,GATWICK,KENYA,MOMBASA,FIRST CHOICE AIRWAYS LTD,D,C, 4 , 0 , 50 , 0 , 25 , 25 , 0 , 0 , 34.5 , 0 , 0 , 0 , 0 
31-Jan-2006 10:28,200511,GATWICK,KENYA,MOMBASA,LTU INTERNATIONAL AIRWAYS,A,C, 0 , 0 , 0 , 0 , 0 , 0 , 0 , 0 , 0 , 0 , 1 , 0 , 54 
31-Jan-2006 10:28,200511,GATWICK,KENYA,MOMBASA,LTU INTERNATIONAL AIRWAYS,D,C, 0 , 0 , 0 , 0 , 0 , 0 , 0 , 0 , 0 , 0 , 1 , 100 , 3 
31-Jan-2006 10:28,200511,GATWICK,KENYA,MOMBASA,MONARCH AIRLINES,A,C, 5 , 0 , 20 , 20 , 60 , 0 , 0 , 0 , 33.6 , 0 , 0 , 0 , 0 
31-Jan-2006 10:28,200511,GATWICK,KENYA,MOMBASA,MONARCH AIRLINES,D,C, 4 , 0 , 25 , 0 , 75 , 0 , 0 , 0 , 38.75 , 0 , 0 , 0 , 0 
31-Jan-2006 10:28,200511,GATWICK,KENYA,MOMBASA,THOMSONFLY LTD,A,C, 3 , 0 , 0 , 33.3333333333333 , 0 , 66.6666666666667 , 0 , 0 , 80 , 0 , 4 , 50 , 21 
31-Jan-2006 10:28,200511,GATWICK,KENYA,MOMBASA,THOMSONFLY LTD,D,C, 4 , 0 , 100 , 0 , 0 , 0 , 0 , 0 , 6.5 , 0 , 5 , 80 , 27.4 
31-Jan-2006 10:28,200511,GATWICK,LIBYA,TRIPOLI,AFRIQIYAH AIRWAYS,A,S, 21 , 0 , 61.9047619047619 , 14.2857142857143 , 4.76190476190476 , 19.047619047619 , 0 , 0 , 32.2857142857143 , 0 , 9 , 66.6666666666667 , 13.7777777777778 
31-Jan-2006 10:28,200511,GATWICK,LIBYA,TRIPOLI,AFRIQIYAH AIRWAYS,D,S, 21 , 0 , 33.3333333333333 , 19.047619047619 , 28.5714285714286 , 19.047619047619 , 0 , 0 , 45.8095238095238 , 0 , 9 , 66.6666666666667 , 10.6666666666667 
31-Jan-2006 10:28,200511,GATWICK,LITHUANIA,VILNIUS,AIR BALTIC CORPORATION SIA,A,S, 28 , 0 , 89.2857142857143 , 3.57142857142857 , 0 , 3.57142857142857 , 3.57142857142857 , 0 , 14.3214285714286 , 0 , 30 , 90 , 3.9 
31-Jan-2006 10:28,200511,GATWICK,LITHUANIA,VILNIUS,AIR BALTIC CORPORATION SIA,D,S, 28 , 0 , 92.8571428571429 , 0 , 0 , 3.57142857142857 , 3.57142857142857 , 0 , 12.6071428571429 , 0 , 30 , 100 , 1.36666666666667 
31-Jan-2006 10:28,200511,GATWICK,LITHUANIA,VILNIUS,BRITISH AIRWAYS PLC,A,S, 21 , 0 , 61.9047619047619 , 9.52380952380952 , 19.047619047619 , 9.52380952380952 , 0 , 0 , 22 , 0 , 0 , 0 , 0 
31-Jan-2006 10:28,200511,GATWICK,LITHUANIA,VILNIUS,BRITISH AIRWAYS PLC,D,S, 21 , 0 , 66.6666666666667 , 14.2857142857143 , 4.76190476190476 , 14.2857142857143 , 0 , 0 , 20.2380952380952 , 0 , 0 , 0 , 0 
31-Jan-2006 10:28,200511,GATWICK,LITHUANIA,VILNIUS,LITHUANIAN AIRLINES,A,S, 43 , 0 , 93.0232558139535 , 6.97674418604651 , 0 , 0 , 0 , 0 , 3.46511627906977 , 0 , 60 , 78.3333333333333 , 9.75 
31-Jan-2006 10:28,200511,GATWICK,LITHUANIA,VILNIUS,LITHUANIAN AIRLINES,D,S, 43 , 0 , 93.0232558139535 , 6.97674418604651 , 0 , 0 , 0 , 0 , 3.2093023255814 , 0 , 60 , 91.6666666666667 , 3.88333333333333 
31-Jan-2006 10:28,200511,GATWICK,LUXEMBOURG,LUXEMBOURG,BRITISH AIRWAYS PLC,A,S, 48 , 0 , 89.5833333333333 , 2.08333333333333 , 4.16666666666667 , 4.16666666666667 , 0 , 0 , 6.91666666666667 , 0 , 47 , 91.4893617021277 , 8.65957446808511 
31-Jan-2006 10:28,200511,GATWICK,LUXEMBOURG,LUXEMBOURG,BRITISH AIRWAYS PLC,D,S, 48 , 0 , 89.5833333333333 , 2.08333333333333 , 8.33333333333333 , 0 , 0 , 0 , 6.02083333333333 , 0 , 47 , 89.3617021276596 , 6.23404255319149 
31-Jan-2006 10:28,200511,GATWICK,LUXEMBOURG,LUXEMBOURG,VLM (BELGIUM),A,S, 0 , 1 , 0 , 0 , 0 , 0 , 0 , 0 , 0 , 0 , 0 , 0 , 0 
31-Jan-2006 10:28,200511,GATWICK,LUXEMBOURG,LUXEMBOURG,VLM (BELGIUM),D,S, 0 , 1 , 0 , 0 , 0 , 0 , 0 , 0 , 0 , 0 , 0 , 0 , 0 
31-Jan-2006 10:28,200511,GATWICK,MALDIVE ISLANDS,MALE INTERNATIONAL,FIRST CHOICE AIRWAYS LTD,A,C, 4 , 0 , 25 , 25 , 0 , 25 , 25 , 0 , 93.25 , 0 , 4 , 0 , 98.75 
31-Jan-2006 10:28,200511,GATWICK,MALDIVE ISLANDS,MALE INTERNATIONAL,FIRST CHOICE AIRWAYS LTD,D,C, 4 , 0 , 25 , 50 , 0 , 25 , 0 , 0 , 41.5 , 0 , 4 , 100 , 6.5 
31-Jan-2006 10:28,200511,GATWICK,MALDIVE ISLANDS,MALE INTERNATIONAL,MONARCH AIRLINES,A,C, 5 , 1 , 40 , 20 , 20 , 20 , 0 , 0 , 29.8 , 0 , 10 , 50 , 38.1 
31-Jan-2006 10:28,200511,GATWICK,MALDIVE ISLANDS,MALE INTERNATIONAL,MONARCH AIRLINES,D,C, 4 , 0 , 75 , 25 , 0 , 0 , 0 , 0 , 15 , 0 , 9 , 66.6666666666667 , 20.1111111111111 
31-Jan-2006 10:28,200511,GATWICK,MALDIVE ISLANDS,MALE INTERNATIONAL,MY TRAVEL AIRWAYS UK,A,C, 4 , 0 , 75 , 0 , 0 , 25 , 0 , 0 , 25 , 0 , 4 , 0 , 82.5 
31-Jan-2006 10:28,200511,GATWICK,MALDIVE ISLANDS,MALE INTERNATIONAL,MY TRAVEL AIRWAYS UK,D,C, 4 , 0 , 50 , 0 , 25 , 0 , 25 , 0 , 59.75 , 0 , 4 , 25 , 65.25 
31-Jan-2006 10:28,200511,GATWICK,MALDIVE ISLANDS,MALE INTERNATIONAL,THOMSONFLY LTD,A,C, 4 , 0 , 50 , 25 , 25 , 0 , 0 , 0 , 14.5 , 0 , 0 , 0 , 0 
31-Jan-2006 10:28,200511,GATWICK,MALDIVE ISLANDS,MALE INTERNATIONAL,THOMSONFLY LTD,D,C, 4 , 0 , 75 , 0 , 25 , 0 , 0 , 0 , 13.25 , 0 , 0 , 0 , 0 
31-Jan-2006 10:28,200511,GATWICK,MALTA,MALTA,AIR MALTA,A,S, 38 , 0 , 76.3157894736842 , 10.5263157894737 , 10.5263157894737 , 2.63157894736842 , 0 , 0 , 9.21052631578947 , 0 , 39 , 76.9230769230769 , 11.4871794871795 
31-Jan-2006 10:28,200511,GATWICK,MALTA,MALTA,AIR MALTA,D,S, 38 , 0 , 68.421052631579 , 13.1578947368421 , 13.1578947368421 , 5.26315789473684 , 0 , 0 , 14.0526315789474 , 0 , 39 , 79.4871794871795 , 11.2820512820513 
31-Jan-2006 10:28,200511,GATWICK,MALTA,MALTA,FIRST CHOICE AIRWAYS LTD,A,C, 5 , 0 , 80 , 20 , 0 , 0 , 0 , 0 , 5 , 0 , 17 , 82.3529411764706 , 13.1176470588235 
31-Jan-2006 10:28,200511,GATWICK,MALTA,MALTA,FIRST CHOICE AIRWAYS LTD,D,C, 5 , 0 , 100 , 0 , 0 , 0 , 0 , 0 , 3 , 0 , 17 , 88.2352941176471 , 3.82352941176471 
31-Jan-2006 10:28,200511,GATWICK,MALTA,MALTA,GB AIRWAYS LTD,A,S, 32 , 0 , 75 , 15.625 , 3.125 , 6.25 , 0 , 0 , 11.34375 , 0 , 30 , 60 , 15.8666666666667 
31-Jan-2006 10:28,200511,GATWICK,MALTA,MALTA,GB AIRWAYS LTD,D,S, 32 , 0 , 84.375 , 6.25 , 9.375 , 0 , 0 , 0 , 9.34375 , 0 , 30 , 73.3333333333333 , 11.5333333333333 
31-Jan-2006 10:28,200511,GATWICK,MALTA,MALTA,HELLO,A,C, 17 , 0 , 70.5882352941177 , 17.6470588235294 , 5.88235294117647 , 0 , 5.88235294117647 , 0 , 25.1764705882353 , 0 , 0 , 0 , 0 
31-Jan-2006 10:28,200511,GATWICK,MALTA,MALTA,HELLO,D,C, 17 , 0 , 64.7058823529412 , 23.5294117647059 , 5.88235294117647 , 0 , 5.88235294117647 , 0 , 25.5882352941176 , 0 , 0 , 0 , 0 
31-Jan-2006 10:28,200511,GATWICK,MALTA,MALTA,THOMAS COOK AIRLINES LTD,D,C, 1 , 0 , 100 , 0 , 0 , 0 , 0 , 0 , 0 , 0 , 0 , 0 , 0 
31-Jan-2006 10:28,200511,GATWICK,MALTA,MALTA,THOMSONFLY LTD,A,C, 5 , 0 , 80 , 0 , 20 , 0 , 0 , 0 , 6.2 , 0 , 5 , 100 , 0 
31-Jan-2006 10:28,200511,GATWICK,MALTA,MALTA,THOMSONFLY LTD,D,C, 5 , 0 , 80 , 0 , 20 , 0 , 0 , 0 , 11.4 , 0 , 5 , 100 , 0 
31-Jan-2006 10:28,200511,GATWICK,MEXICO,ACAPULCO,THOMSONFLY LTD,A,C, 2 , 0 , 0 , 0 , 0 , 100 , 0 , 0 , 120 , 0 , 0 , 0 , 0 
31-Jan-2006 10:28,200511,GATWICK,MEXICO,ACAPULCO,THOMSONFLY LTD,D,C, 2 , 0 , 50 , 0 , 0 , 50 , 0 , 0 , 51 , 0 , 0 , 0 , 0 
31-Jan-2006 10:28,200511,GATWICK,MEXICO,CANCUN,FIRST CHOICE AIRWAYS LTD,A,C, 0 , 0 , 0 , 0 , 0 , 0 , 0 , 0 , 0 , 0 , 4 , 0 , 32.5 
31-Jan-2006 10:28,200511,GATWICK,MEXICO,CANCUN,FIRST CHOICE AIRWAYS LTD,D,C, 0 , 0 , 0 , 0 , 0 , 0 , 0 , 0 , 0 , 0 , 5 , 100 , 7.2 
31-Jan-2006 10:28,200511,GATWICK,MEXICO,CANCUN,MY TRAVEL AIRWAYS UK,A,C, 0 , 0 , 0 , 0 , 0 , 0 , 0 , 0 , 0 , 0 , 5 , 60 , 35.4 
31-Jan-2006 10:28,200511,GATWICK,MEXICO,CANCUN,MY TRAVEL AIRWAYS UK,D,C, 0 , 0 , 0 , 0 , 0 , 0 , 0 , 0 , 0 , 0 , 5 , 100 , 7.2 
31-Jan-2006 10:28,200511,GATWICK,MEXICO,CANCUN,THOMAS COOK AIRLINES LTD,A,C, 0 , 0 , 0 , 0 , 0 , 0 , 0 , 0 , 0 , 0 , 5 , 60 , 321.8 
31-Jan-2006 10:28,200511,GATWICK,MEXICO,CANCUN,THOMAS COOK AIRLINES LTD,D,C, 0 , 0 , 0 , 0 , 0 , 0 , 0 , 0 , 0 , 0 , 4 , 100 , 4.75 
31-Jan-2006 10:28,200511,GATWICK,MEXICO,CANCUN,THOMSONFLY LTD,A,C, 2 , 1 , 50 , 50 , 0 , 0 , 0 , 0 , 14.5 , 0 , 9 , 55.5555555555556 , 14.3333333333333 
31-Jan-2006 10:28,200511,GATWICK,MEXICO,CANCUN,THOMSONFLY LTD,D,C, 3 , 0 , 66.6666666666667 , 33.3333333333333 , 0 , 0 , 0 , 0 , 10.3333333333333 , 0 , 9 , 77.7777777777778 , 14.2222222222222 
31-Jan-2006 10:28,200511,GATWICK,MOROCCO,AGADIR,ASTRAEUS LTD,A,C, 0 , 0 , 0 , 0 , 0 , 0 , 0 , 0 , 0 , 0 , 2 , 0 , 26 
31-Jan-2006 10:28,200511,GATWICK,MOROCCO,AGADIR,FIRST CHOICE AIRWAYS LTD,A,C, 0 , 0 , 0 , 0 , 0 , 0 , 0 , 0 , 0 , 0 , 2 , 100 , 0 
31-Jan-2006 10:28,200511,GATWICK,MOROCCO,AGADIR,FIRST CHOICE AIRWAYS LTD,D,C, 0 , 0 , 0 , 0 , 0 , 0 , 0 , 0 , 0 , 0 , 1 , 100 , 1 
31-Jan-2006 10:28,200511,GATWICK,MOROCCO,AGADIR,GB AIRWAYS LTD,A,S, 12 , 0 , 75 , 16.6666666666667 , 8.33333333333333 , 0 , 0 , 0 , 9.08333333333333 , 0 , 0 , 0 , 0 
31-Jan-2006 10:28,200511,GATWICK,MOROCCO,AGADIR,GB AIRWAYS LTD,D,S, 13 , 0 , 76.9230769230769 , 7.69230769230769 , 7.69230769230769 , 7.69230769230769 , 0 , 0 , 19.3076923076923 , 0 , 5 , 80 , 8.2 
31-Jan-2006 10:28,200511,GATWICK,MOROCCO,AGADIR,MY TRAVEL AIRWAYS UK,A,C, 3 , 0 , 33.3333333333333 , 0 , 66.6666666666667 , 0 , 0 , 0 , 27.3333333333333 , 0 , 3 , 33.3333333333333 , 35.3333333333333 
31-Jan-2006 10:28,200511,GATWICK,MOROCCO,AGADIR,MY TRAVEL AIRWAYS UK,D,C, 3 , 0 , 33.3333333333333 , 0 , 33.3333333333333 , 33.3333333333333 , 0 , 0 , 37.6666666666667 , 0 , 3 , 66.6666666666667 , 20.6666666666667 
31-Jan-2006 10:28,200511,GATWICK,MOROCCO,AGADIR,THOMAS COOK AIRLINES LTD,A,C, 4 , 0 , 75 , 0 , 25 , 0 , 0 , 0 , 15 , 0 , 4 , 50 , 14.25 
31-Jan-2006 10:28,200511,GATWICK,MOROCCO,AGADIR,THOMAS COOK AIRLINES LTD,D,C, 4 , 0 , 75 , 25 , 0 , 0 , 0 , 0 , 7.25 , 0 , 4 , 75 , 13.75 
31-Jan-2006 10:28,200511,GATWICK,MOROCCO,AGADIR,THOMSONFLY LTD,A,C, 3 , 0 , 66.6666666666667 , 0 , 0 , 33.3333333333333 , 0 , 0 , 38 , 0 , 0 , 0 , 0 
31-Jan-2006 10:28,200511,GATWICK,MOROCCO,AGADIR,THOMSONFLY LTD,D,C, 4 , 0 , 75 , 0 , 0 , 25 , 0 , 0 , 23 , 0 , 0 , 0 , 0 
31-Jan-2006 10:28,200511,GATWICK,MOROCCO,FEZ,GB AIRWAYS LTD,A,S, 9 , 0 , 88.8888888888889 , 0 , 0 , 0 , 11.1111111111111 , 0 , 28.2222222222222 , 0 , 4 , 50 , 13.25 
31-Jan-2006 10:28,200511,GATWICK,MOROCCO,FEZ,GB AIRWAYS LTD,D,S, 3 , 0 , 33.3333333333333 , 0 , 33.3333333333333 , 33.3333333333333 , 0 , 0 , 49.3333333333333 , 0 , 0 , 0 , 0 
31-Jan-2006 10:28,200511,GATWICK,MOROCCO,MARRAKESH,ATLAS BLUE,A,S, 18 , 0 , 72.2222222222222 , 22.2222222222222 , 5.55555555555556 , 0 , 0 , 0 , 7.22222222222222 , 0 , 0 , 0 , 0 
31-Jan-2006 10:28,200511,GATWICK,MOROCCO,MARRAKESH,ATLAS BLUE,D,S, 18 , 0 , 77.7777777777778 , 11.1111111111111 , 0 , 5.55555555555556 , 5.55555555555556 , 0 , 20.6111111111111 , 0 , 0 , 0 , 0 
31-Jan-2006 10:28,200511,GATWICK,MOROCCO,MARRAKESH,GB AIRWAYS LTD,A,S, 16 , 1 , 56.25 , 18.75 , 6.25 , 12.5 , 6.25 , 0 , 33.0625 , 1 , 13 , 69.2307692307692 , 17.5384615384615 
31-Jan-2006 10:28,200511,GATWICK,MOROCCO,MARRAKESH,GB AIRWAYS LTD,D,S, 22 , 0 , 81.8181818181818 , 4.54545454545455 , 4.54545454545455 , 0 , 9.09090909090909 , 0 , 27.7727272727273 , 0 , 9 , 100 , 6.88888888888889 
31-Jan-2006 10:28,200511,GATWICK,MOROCCO,MARRAKESH,MONARCH AIRLINES,A,C, 1 , 0 , 0 , 100 , 0 , 0 , 0 , 0 , 22 , 0 , 0 , 0 , 0 
31-Jan-2006 10:28,200511,GATWICK,MOROCCO,MARRAKESH,MONARCH AIRLINES,D,C, 1 , 0 , 100 , 0 , 0 , 0 , 0 , 0 , 0 , 0 , 0 , 0 , 0 
31-Jan-2006 10:28,200511,GATWICK,MOROCCO,MARRAKESH,ROYAL AIR MAROC,A,S, 0 , 0 , 0 , 0 , 0 , 0 , 0 , 0 , 0 , 0 , 9 , 88.8888888888889 , 5.88888888888889 
31-Jan-2006 10:28,200511,GATWICK,MOROCCO,MARRAKESH,ROYAL AIR MAROC,D,S, 0 , 0 , 0 , 0 , 0 , 0 , 0 , 0 , 0 , 0 , 9 , 77.7777777777778 , 9.22222222222222 
31-Jan-2006 10:28,200511,GATWICK,NAMIBIA,WINDHOEK,AIR NAMIBIA,A,S, 13 , 0 , 38.4615384615385 , 7.69230769230769 , 30.7692307692308 , 23.0769230769231 , 0 , 0 , 32.2307692307692 , 0 , 0 , 0 , 0 
31-Jan-2006 10:28,200511,GATWICK,NAMIBIA,WINDHOEK,AIR NAMIBIA,D,S, 13 , 0 , 92.3076923076923 , 0 , 0 , 7.69230769230769 , 0 , 0 , 6.69230769230769 , 0 , 0 , 0 , 0 
31-Jan-2006 10:28,200511,GATWICK,NETHERLANDS,AMSTERDAM,BRITISH AIRWAYS PLC,A,S, 164 , 0 , 84.7560975609756 , 4.26829268292683 , 8.53658536585366 , 2.4390243902439 , 0 , 0 , 9.08536585365854 , 0 , 162 , 81.4814814814815 , 13.037037037037 
31-Jan-2006 10:28,200511,GATWICK,NETHERLANDS,AMSTERDAM,BRITISH AIRWAYS PLC,D,S, 164 , 0 , 87.8048780487805 , 3.04878048780488 , 5.48780487804878 , 3.65853658536585 , 0 , 0 , 7.99390243902439 , 0 , 162 , 83.9506172839506 , 10.0308641975309 
31-Jan-2006 10:28,200511,GATWICK,NETHERLANDS,AMSTERDAM,DELTA AIRLINES,A,S, 0 , 1 , 0 , 0 , 0 , 0 , 0 , 0 , 0 , 0 , 0 , 0 , 0 
31-Jan-2006 10:28,200511,GATWICK,NETHERLANDS,AMSTERDAM,EASYJET AIRLINE COMPANY LTD,A,S, 114 , 0 , 85.9649122807018 , 6.14035087719298 , 7.01754385964912 , 0.87719298245614 , 0 , 0 , 6.57894736842105 , 0 , 120 , 76.6666666666667 , 14.3416666666667 
31-Jan-2006 10:28,200511,GATWICK,NETHERLANDS,AMSTERDAM,EASYJET AIRLINE COMPANY LTD,D,S, 114 , 0 , 84.2105263157895 , 8.7719298245614 , 6.14035087719298 , 0.87719298245614 , 0 , 0 , 7.16666666666667 , 0 , 120 , 75 , 12.6916666666667 
31-Jan-2006 10:28,200511,GATWICK,NETHERLANDS,AMSTERDAM,KLM CITYHOPPER,A,S, 0 , 1 , 0 , 0 , 0 , 0 , 0 , 0 , 0 , 0 , 0 , 0 , 0 
31-Jan-2006 10:28,200511,GATWICK,NETHERLANDS,AMSTERDAM,NOUVELAIR TUNISIE,D,C, 1 , 0 , 100 , 0 , 0 , 0 , 0 , 0 , 0 , 0 , 0 , 0 , 0 
31-Jan-2006 10:28,200511,GATWICK,NETHERLANDS,AMSTERDAM,VLM (BELGIUM),A,S, 0 , 1 , 0 , 0 , 0 , 0 , 0 , 0 , 0 , 0 , 0 , 0 , 0 
31-Jan-2006 10:28,200511,GATWICK,NETHERLANDS,AMSTERDAM,VLM (BELGIUM),D,S, 0 , 1 , 0 , 0 , 0 , 0 , 0 , 0 , 0 , 0 , 0 , 0 , 0 
31-Jan-2006 10:28,200511,GATWICK,NIGERIA,PORT HARCOURT,VIRGIN ATLANTIC AIRWAYS LTD,A,S, 9 , 0 , 77.7777777777778 , 0 , 11.1111111111111 , 11.1111111111111 , 0 , 0 , 17.2222222222222 , 1 , 8 , 87.5 , 3.375 
31-Jan-2006 10:28,200511,GATWICK,NIGERIA,PORT HARCOURT,VIRGIN ATLANTIC AIRWAYS LTD,D,S, 9 , 1 , 66.6666666666667 , 22.2222222222222 , 0 , 11.1111111111111 , 0 , 0 , 15.8888888888889 , 0 , 9 , 55.5555555555556 , 14.6666666666667 
31-Jan-2006 10:28,200511,GATWICK,NORWAY,BERGEN,BRAATHENS ASA,A,S, 30 , 0 , 56.6666666666667 , 16.6666666666667 , 16.6666666666667 , 6.66666666666667 , 3.33333333333333 , 0 , 26.5333333333333 , 0 , 30 , 86.6666666666667 , 15.6666666666667 
31-Jan-2006 10:28,200511,GATWICK,NORWAY,BERGEN,BRAATHENS ASA,D,S, 30 , 0 , 60 , 13.3333333333333 , 20 , 3.33333333333333 , 3.33333333333333 , 0 , 22.2666666666667 , 0 , 30 , 86.6666666666667 , 12.8 
31-Jan-2006 10:28,200511,GATWICK,NORWAY,EVENES,ASTRAEUS LTD,A,C, 0 , 0 , 0 , 0 , 0 , 0 , 0 , 0 , 0 , 0 , 1 , 0 , 25 
31-Jan-2006 10:28,200511,GATWICK,NORWAY,EVENES,ASTRAEUS LTD,D,C, 0 , 0 , 0 , 0 , 0 , 0 , 0 , 0 , 0 , 0 , 1 , 100 , 0 
31-Jan-2006 10:28,200511,GATWICK,NORWAY,OSLO (GARDERMOEN),BRAATHENS ASA,A,S, 0 , 0 , 0 , 0 , 0 , 0 , 0 , 0 , 0 , 0 , 17 , 70.5882352941177 , 18.0588235294118 
31-Jan-2006 10:28,200511,GATWICK,NORWAY,OSLO (GARDERMOEN),BRAATHENS ASA,D,S, 0 , 0 , 0 , 0 , 0 , 0 , 0 , 0 , 0 , 0 , 17 , 82.3529411764706 , 8.47058823529412 
31-Jan-2006 10:28,200511,GATWICK,POLAND,KRAKOW,BRITISH AIRWAYS PLC,A,S, 21 , 0 , 76.1904761904762 , 14.2857142857143 , 0 , 9.52380952380952 , 0 , 0 , 17.0952380952381 , 0 , 13 , 84.6153846153846 , 7.15384615384615 
31-Jan-2006 10:28,200511,GATWICK,POLAND,KRAKOW,BRITISH AIRWAYS PLC,D,S, 21 , 0 , 85.7142857142857 , 9.52380952380952 , 0 , 4.76190476190476 , 0 , 0 , 10.7142857142857 , 0 , 13 , 100 , 3.23076923076923 
31-Jan-2006 10:28,200511,GATWICK,POLAND,KRAKOW,LOT-POLISH AIRLINES,A,S, 30 , 0 , 53.3333333333333 , 13.3333333333333 , 20 , 6.66666666666667 , 6.66666666666667 , 0 , 32.4666666666667 , 0 , 29 , 82.7586206896552 , 12.2068965517241 
31-Jan-2006 10:28,200511,GATWICK,POLAND,KRAKOW,LOT-POLISH AIRLINES,D,S, 29 , 0 , 62.0689655172414 , 17.2413793103448 , 13.7931034482759 , 6.89655172413793 , 0 , 0 , 15.8620689655172 , 1 , 29 , 82.7586206896552 , 15.3448275862069 
31-Jan-2006 10:28,200511,GATWICK,POLAND,WARSAW,LOT-POLISH AIRLINES,A,S, 51 , 0 , 88.2352941176471 , 1.96078431372549 , 5.88235294117647 , 3.92156862745098 , 0 , 0 , 8.84313725490196 , 1 , 0 , 0 , 0 
31-Jan-2006 10:28,200511,GATWICK,POLAND,WARSAW,LOT-POLISH AIRLINES,D,S, 49 , 3 , 71.4285714285714 , 6.12244897959184 , 14.2857142857143 , 6.12244897959184 , 2.04081632653061 , 0 , 19.5102040816327 , 3 , 0 , 0 , 0 
31-Jan-2006 10:28,200511,GATWICK,PORTUGAL(EXCLUDING MADEIRA),FARO,EASYJET AIRLINE COMPANY LTD,A,S, 31 , 0 , 87.0967741935484 , 6.45161290322581 , 0 , 6.45161290322581 , 0 , 0 , 9.67741935483871 , 0 , 30 , 93.3333333333333 , 6.56666666666667 
31-Jan-2006 10:28,200511,GATWICK,PORTUGAL(EXCLUDING MADEIRA),FARO,EASYJET AIRLINE COMPANY LTD,D,S, 31 , 0 , 83.8709677419355 , 12.9032258064516 , 0 , 3.2258064516129 , 0 , 0 , 6.70967741935484 , 0 , 30 , 90 , 6.56666666666667 
31-Jan-2006 10:28,200511,GATWICK,PORTUGAL(EXCLUDING MADEIRA),FARO,FIRST CHOICE AIRWAYS LTD,A,C, 6 , 0 , 100 , 0 , 0 , 0 , 0 , 0 , 0 , 0 , 8 , 87.5 , 3.125 
31-Jan-2006 10:28,200511,GATWICK,PORTUGAL(EXCLUDING MADEIRA),FARO,FIRST CHOICE AIRWAYS LTD,D,C, 6 , 0 , 100 , 0 , 0 , 0 , 0 , 0 , 0.166666666666667 , 0 , 7 , 85.7142857142857 , 7.28571428571429 
31-Jan-2006 10:28,200511,GATWICK,PORTUGAL(EXCLUDING MADEIRA),FARO,GB AIRWAYS LTD,A,S, 34 , 0 , 91.1764705882353 , 5.88235294117647 , 2.94117647058824 , 0 , 0 , 0 , 5.35294117647059 , 0 , 34 , 94.1176470588235 , 4 
31-Jan-2006 10:28,200511,GATWICK,PORTUGAL(EXCLUDING MADEIRA),FARO,GB AIRWAYS LTD,D,S, 34 , 0 , 76.4705882352941 , 20.5882352941176 , 2.94117647058824 , 0 , 0 , 0 , 8.91176470588235 , 0 , 34 , 70.5882352941177 , 12.9411764705882 
31-Jan-2006 10:28,200511,GATWICK,PORTUGAL(EXCLUDING MADEIRA),FARO,MONARCH AIRLINES,A,C, 0 , 0 , 0 , 0 , 0 , 0 , 0 , 0 , 0 , 0 , 6 , 66.6666666666667 , 11.8333333333333 
31-Jan-2006 10:28,200511,GATWICK,PORTUGAL(EXCLUDING MADEIRA),FARO,MONARCH AIRLINES,A,S, 20 , 0 , 95 , 0 , 5 , 0 , 0 , 0 , 1.9 , 0 , 21 , 100 , 3.66666666666667 
31-Jan-2006 10:28,200511,GATWICK,PORTUGAL(EXCLUDING MADEIRA),FARO,MONARCH AIRLINES,D,C, 0 , 0 , 0 , 0 , 0 , 0 , 0 , 0 , 0 , 0 , 6 , 100 , 2.66666666666667 
31-Jan-2006 10:28,200511,GATWICK,PORTUGAL(EXCLUDING MADEIRA),FARO,MONARCH AIRLINES,D,S, 20 , 0 , 90 , 5 , 0 , 5 , 0 , 0 , 5.45 , 0 , 21 , 76.1904761904762 , 11.1904761904762 
31-Jan-2006 10:28,200511,GATWICK,PORTUGAL(EXCLUDING MADEIRA),FARO,THOMAS COOK AIRLINES LTD,A,C, 3 , 0 , 0 , 0 , 66.6666666666667 , 33.3333333333333 , 0 , 0 , 57.6666666666667 , 0 , 4 , 100 , 0 
31-Jan-2006 10:28,200511,GATWICK,PORTUGAL(EXCLUDING MADEIRA),FARO,THOMAS COOK AIRLINES LTD,D,C, 3 , 0 , 100 , 0 , 0 , 0 , 0 , 0 , 0.333333333333333 , 0 , 4 , 100 , 0.5 
31-Jan-2006 10:28,200511,GATWICK,PORTUGAL(EXCLUDING MADEIRA),FARO,THOMSONFLY LTD,A,C, 4 , 0 , 75 , 0 , 25 , 0 , 0 , 0 , 11.5 , 0 , 4 , 100 , 2.75 
31-Jan-2006 10:28,200511,GATWICK,PORTUGAL(EXCLUDING MADEIRA),FARO,THOMSONFLY LTD,D,C, 4 , 0 , 75 , 0 , 0 , 25 , 0 , 0 , 23.25 , 0 , 4 , 75 , 8.5 
31-Jan-2006 10:28,200511,GATWICK,PORTUGAL(EXCLUDING MADEIRA),LISBON,AIR PORTUGAL,A,S, 60 , 0 , 63.3333333333333 , 18.3333333333333 , 13.3333333333333 , 5 , 0 , 0 , 17.3166666666667 , 0 , 58 , 41.3793103448276 , 24.2241379310345 
31-Jan-2006 10:28,200511,GATWICK,PORTUGAL(EXCLUDING MADEIRA),LISBON,AIR PORTUGAL,D,S, 76 , 0 , 69.7368421052632 , 13.1578947368421 , 9.21052631578947 , 7.89473684210526 , 0 , 0 , 15.7368421052632 , 0 , 72 , 70.8333333333333 , 14.5416666666667 
31-Jan-2006 10:28,200511,GATWICK,PORTUGAL(EXCLUDING MADEIRA),LISBON,EXCEL AIRWAYS LTD,A,C, 1 , 0 , 0 , 0 , 100 , 0 , 0 , 0 , 49 , 0 , 0 , 0 , 0 
31-Jan-2006 10:28,200511,GATWICK,PORTUGAL(EXCLUDING MADEIRA),LISBON,EXCEL AIRWAYS LTD,D,C, 1 , 0 , 100 , 0 , 0 , 0 , 0 , 0 , 0 , 0 , 0 , 0 , 0 
31-Jan-2006 10:28,200511,GATWICK,PORTUGAL(EXCLUDING MADEIRA),LISBON,FIRST CHOICE AIRWAYS LTD,A,C, 1 , 0 , 0 , 0 , 100 , 0 , 0 , 0 , 36 , 0 , 0 , 0 , 0 
31-Jan-2006 10:28,200511,GATWICK,PORTUGAL(EXCLUDING MADEIRA),LISBON,MONARCH AIRLINES,A,C, 1 , 0 , 0 , 0 , 100 , 0 , 0 , 0 , 54 , 0 , 0 , 0 , 0 
31-Jan-2006 10:28,200511,GATWICK,PORTUGAL(EXCLUDING MADEIRA),LISBON,MONARCH AIRLINES,A,S, 29 , 0 , 75.8620689655172 , 17.2413793103448 , 3.44827586206897 , 3.44827586206897 , 0 , 0 , 10.5862068965517 , 0 , 0 , 0 , 0 
31-Jan-2006 10:28,200511,GATWICK,PORTUGAL(EXCLUDING MADEIRA),LISBON,MONARCH AIRLINES,D,C, 1 , 0 , 100 , 0 , 0 , 0 , 0 , 0 , 2 , 0 , 0 , 0 , 0 
31-Jan-2006 10:28,200511,GATWICK,PORTUGAL(EXCLUDING MADEIRA),LISBON,MONARCH AIRLINES,D,S, 29 , 0 , 100 , 0 , 0 , 0 , 0 , 0 , 0.517241379310345 , 0 , 0 , 0 , 0 
31-Jan-2006 10:28,200511,GATWICK,PORTUGAL(EXCLUDING MADEIRA),OPORTO (PORTUGAL),AIR PORTUGAL,A,S, 29 , 0 , 48.2758620689655 , 27.5862068965517 , 20.6896551724138 , 3.44827586206897 , 0 , 0 , 20.3793103448276 , 0 , 28 , 57.1428571428571 , 16.5 
31-Jan-2006 10:28,200511,GATWICK,PORTUGAL(EXCLUDING MADEIRA),OPORTO (PORTUGAL),AIR PORTUGAL,D,S, 13 , 0 , 84.6153846153846 , 7.69230769230769 , 7.69230769230769 , 0 , 0 , 0 , 5.38461538461539 , 0 , 14 , 92.8571428571429 , 2.14285714285714 
31-Jan-2006 10:28,200511,GATWICK,PORTUGAL(EXCLUDING MADEIRA),OPORTO (PORTUGAL),GB AIRWAYS LTD,A,S, 0 , 0 , 0 , 0 , 0 , 0 , 0 , 0 , 0 , 0 , 21 , 76.1904761904762 , 9.38095238095238 
31-Jan-2006 10:28,200511,GATWICK,PORTUGAL(EXCLUDING MADEIRA),OPORTO (PORTUGAL),GB AIRWAYS LTD,D,S, 0 , 0 , 0 , 0 , 0 , 0 , 0 , 0 , 0 , 0 , 21 , 80.9523809523809 , 15.9047619047619 
31-Jan-2006 10:28,200511,GATWICK,PORTUGAL(MADEIRA),FUNCHAL,AIR PORTUGAL,A,S, 22 , 0 , 54.5454545454545 , 27.2727272727273 , 9.09090909090909 , 9.09090909090909 , 0 , 0 , 21.9090909090909 , 0 , 13 , 76.9230769230769 , 8.69230769230769 
31-Jan-2006 10:28,200511,GATWICK,PORTUGAL(MADEIRA),FUNCHAL,AIR PORTUGAL,D,S, 22 , 0 , 81.8181818181818 , 4.54545454545455 , 9.09090909090909 , 4.54545454545455 , 0 , 0 , 10.0454545454545 , 0 , 13 , 92.3076923076923 , 1.84615384615385 
31-Jan-2006 10:28,200511,GATWICK,PORTUGAL(MADEIRA),FUNCHAL,EXCEL AIRWAYS LTD,A,C, 4 , 0 , 50 , 50 , 0 , 0 , 0 , 0 , 12.25 , 0 , 5 , 20 , 27.4 
31-Jan-2006 10:28,200511,GATWICK,PORTUGAL(MADEIRA),FUNCHAL,EXCEL AIRWAYS LTD,D,C, 4 , 0 , 100 , 0 , 0 , 0 , 0 , 0 , 3.75 , 0 , 5 , 100 , 3.8 
31-Jan-2006 10:28,200511,GATWICK,PORTUGAL(MADEIRA),FUNCHAL,FIRST CHOICE AIRWAYS LTD,A,C, 3 , 0 , 66.6666666666667 , 0 , 0 , 33.3333333333333 , 0 , 0 , 39 , 0 , 5 , 80 , 24.4 
31-Jan-2006 10:28,200511,GATWICK,PORTUGAL(MADEIRA),FUNCHAL,FIRST CHOICE AIRWAYS LTD,D,C, 3 , 0 , 66.6666666666667 , 0 , 0 , 33.3333333333333 , 0 , 0 , 40.3333333333333 , 0 , 5 , 60 , 10.4 
31-Jan-2006 10:28,200511,GATWICK,PORTUGAL(MADEIRA),FUNCHAL,GB AIRWAYS LTD,A,S, 21 , 0 , 66.6666666666667 , 14.2857142857143 , 4.76190476190476 , 9.52380952380952 , 4.76190476190476 , 0 , 33 , 0 , 21 , 71.4285714285714 , 14.9047619047619 
31-Jan-2006 10:28,200511,GATWICK,PORTUGAL(MADEIRA),FUNCHAL,GB AIRWAYS LTD,D,S, 21 , 0 , 71.4285714285714 , 9.52380952380952 , 4.76190476190476 , 9.52380952380952 , 0 , 4.76190476190476 , 36.6666666666667 , 0 , 22 , 81.8181818181818 , 14.5 
31-Jan-2006 10:28,200511,GATWICK,PORTUGAL(MADEIRA),FUNCHAL,THOMAS COOK AIRLINES LTD,A,C, 4 , 0 , 100 , 0 , 0 , 0 , 0 , 0 , 0 , 0 , 5 , 100 , 0 
31-Jan-2006 10:28,200511,GATWICK,PORTUGAL(MADEIRA),FUNCHAL,THOMAS COOK AIRLINES LTD,D,C, 4 , 0 , 100 , 0 , 0 , 0 , 0 , 0 , 7.75 , 0 , 5 , 100 , 2.6 
31-Jan-2006 10:28,200511,GATWICK,PORTUGAL(MADEIRA),FUNCHAL,THOMSONFLY LTD,A,C, 4 , 0 , 75 , 25 , 0 , 0 , 0 , 0 , 5 , 0 , 5 , 60 , 8.2 
31-Jan-2006 10:28,200511,GATWICK,PORTUGAL(MADEIRA),FUNCHAL,THOMSONFLY LTD,D,C, 4 , 0 , 100 , 0 , 0 , 0 , 0 , 0 , 6.75 , 0 , 5 , 100 , 2.8 
31-Jan-2006 10:28,200511,GATWICK,PUERTO RICO,SAN JUAN (PUERTO RICO),VIRGIN ATLANTIC AIRWAYS LTD,A,C, 0 , 0 , 0 , 0 , 0 , 0 , 0 , 0 , 0 , 0 , 5 , 0 , 38.8 
31-Jan-2006 10:28,200511,GATWICK,PUERTO RICO,SAN JUAN (PUERTO RICO),VIRGIN ATLANTIC AIRWAYS LTD,D,C, 0 , 0 , 0 , 0 , 0 , 0 , 0 , 0 , 0 , 0 , 4 , 75 , 13 
31-Jan-2006 10:28,200511,GATWICK,QATAR,DOHA,QATAR AIRWAYS,A,S, 30 , 0 , 86.6666666666667 , 6.66666666666667 , 3.33333333333333 , 0 , 3.33333333333333 , 0 , 13.4666666666667 , 0 , 5 , 100 , 2.6 
31-Jan-2006 10:28,200511,GATWICK,QATAR,DOHA,QATAR AIRWAYS,D,S, 30 , 0 , 76.6666666666667 , 3.33333333333333 , 10 , 10 , 0 , 0 , 19.0666666666667 , 0 , 5 , 60 , 8.8 
31-Jan-2006 10:28,200511,GATWICK,REPUBLIC OF SOUTH AFRICA,JOHANNESBURG,NATIONWIDE AIR,A,S, 12 , 0 , 41.6666666666667 , 25 , 8.33333333333333 , 16.6666666666667 , 8.33333333333333 , 0 , 42.8333333333333 , 0 , 13 , 61.5384615384615 , 17.6153846153846 
31-Jan-2006 10:28,200511,GATWICK,REPUBLIC OF SOUTH AFRICA,JOHANNESBURG,NATIONWIDE AIR,D,S, 12 , 0 , 91.6666666666667 , 0 , 8.33333333333333 , 0 , 0 , 0 , 4.33333333333333 , 0 , 13 , 84.6153846153846 , 4.61538461538462 
31-Jan-2006 10:28,200511,GATWICK,RUMANIA,BUCHAREST (BANEASA),FIRST CHOICE AIRWAYS LTD,A,C, 0 , 0 , 0 , 0 , 0 , 0 , 0 , 0 , 0 , 0 , 1 , 100 , 0 
31-Jan-2006 10:28,200511,GATWICK,RUMANIA,BUCHAREST (BANEASA),FIRST CHOICE AIRWAYS LTD,D,C, 0 , 0 , 0 , 0 , 0 , 0 , 0 , 0 , 0 , 0 , 1 , 100 , 8 
31-Jan-2006 10:28,200511,GATWICK,RUSSIA,MOSCOW (DOMODEDOVO),TRANSAERO AIRLINES,A,S, 27 , 0 , 66.6666666666667 , 22.2222222222222 , 7.40740740740741 , 3.7037037037037 , 0 , 0 , 14.1851851851852 , 3 , 29 , 55.1724137931034 , 36.2413793103448 
31-Jan-2006 10:28,200511,GATWICK,RUSSIA,MOSCOW (DOMODEDOVO),TRANSAERO AIRLINES,D,S, 27 , 0 , 88.8888888888889 , 0 , 7.40740740740741 , 3.7037037037037 , 0 , 0 , 7.96296296296296 , 3 , 29 , 82.7586206896552 , 22.9655172413793 
31-Jan-2006 10:28,200511,GATWICK,RUSSIA,MOSCOW (SHEREMETYEVO),AIR ATLANTA EUROPE LTD,D,C, 0 , 0 , 0 , 0 , 0 , 0 , 0 , 0 , 0 , 0 , 1 , 0 , 25 
31-Jan-2006 10:28,200511,GATWICK,RUSSIA,MOSCOW (SHEREMETYEVO),FIRST CHOICE AIRWAYS LTD,A,C, 0 , 0 , 0 , 0 , 0 , 0 , 0 , 0 , 0 , 0 , 1 , 100 , 0 
31-Jan-2006 10:28,200511,GATWICK,RUSSIA,MOSCOW (SHEREMETYEVO),FIRST CHOICE AIRWAYS LTD,D,C, 0 , 0 , 0 , 0 , 0 , 0 , 0 , 0 , 0 , 0 , 1 , 0 , 35 
31-Jan-2006 10:28,200511,GATWICK,RUSSIA,MOSCOW (VNUKOVO),AIR ATLANTA EUROPE LTD,A,C, 0 , 0 , 0 , 0 , 0 , 0 , 0 , 0 , 0 , 0 , 2 , 50 , 37 
31-Jan-2006 10:28,200511,GATWICK,RUSSIA,MOSCOW (VNUKOVO),AIR ATLANTA EUROPE LTD,D,C, 0 , 0 , 0 , 0 , 0 , 0 , 0 , 0 , 0 , 0 , 1 , 0 , 57 
31-Jan-2006 10:28,200511,GATWICK,RUSSIA,ST PETERSBURG,PULKOVO AVIATION ENTERPRISE,A,C, 2 , 0 , 50 , 50 , 0 , 0 , 0 , 0 , 21.5 , 0 , 0 , 0 , 0 
31-Jan-2006 10:28,200511,GATWICK,RUSSIA,ST PETERSBURG,PULKOVO AVIATION ENTERPRISE,A,S, 4 , 0 , 50 , 25 , 0 , 25 , 0 , 0 , 29.75 , 0 , 4 , 100 , 3.75 
31-Jan-2006 10:28,200511,GATWICK,RUSSIA,ST PETERSBURG,PULKOVO AVIATION ENTERPRISE,D,C, 1 , 0 , 0 , 0 , 100 , 0 , 0 , 0 , 45 , 0 , 0 , 0 , 0 
31-Jan-2006 10:28,200511,GATWICK,RUSSIA,ST PETERSBURG,PULKOVO AVIATION ENTERPRISE,D,S, 4 , 0 , 50 , 25 , 0 , 25 , 0 , 0 , 29 , 1 , 3 , 66.6666666666667 , 10.3333333333333 
31-Jan-2006 10:28,200511,GATWICK,SAINT KITTS AND NEVIS,ST KITTS,EXCEL AIRWAYS LTD,A,C, 3 , 0 , 33.3333333333333 , 0 , 0 , 66.6666666666667 , 0 , 0 , 64.3333333333333 , 0 , 4 , 75 , 8.25 
31-Jan-2006 10:28,200511,GATWICK,SAINT KITTS AND NEVIS,ST KITTS,EXCEL AIRWAYS LTD,D,C, 1 , 0 , 0 , 100 , 0 , 0 , 0 , 0 , 28 , 0 , 2 , 50 , 13.5 
31-Jan-2006 10:28,200511,GATWICK,SAINT KITTS AND NEVIS,ST KITTS,MY TRAVEL AIRWAYS UK,D,C, 1 , 0 , 0 , 100 , 0 , 0 , 0 , 0 , 28 , 0 , 0 , 0 , 0 
31-Jan-2006 10:28,200511,GATWICK,SIERRA LEONE,FREETOWN,ASTRAEUS LTD,A,S, 9 , 0 , 88.8888888888889 , 0 , 0 , 11.1111111111111 , 0 , 0 , 8.77777777777778 , 0 , 9 , 22.2222222222222 , 40.3333333333333 
31-Jan-2006 10:28,200511,GATWICK,SIERRA LEONE,FREETOWN,ASTRAEUS LTD,D,S, 9 , 0 , 22.2222222222222 , 55.5555555555556 , 22.2222222222222 , 0 , 0 , 0 , 23.3333333333333 , 0 , 9 , 55.5555555555556 , 15.5555555555556 
31-Jan-2006 10:28,200511,GATWICK,SLOVAK REPUBLIC,BRATISLAVA,AUSTRIAN AIRLINES,A,S, 0 , 0 , 0 , 0 , 0 , 0 , 0 , 0 , 0 , 0 , 24 , 87.5 , 7 
31-Jan-2006 10:28,200511,GATWICK,SLOVAK REPUBLIC,BRATISLAVA,AUSTRIAN AIRLINES,D,S, 0 , 0 , 0 , 0 , 0 , 0 , 0 , 0 , 0 , 0 , 24 , 87.5 , 4.16666666666667 
31-Jan-2006 10:28,200511,GATWICK,SLOVENIA,LJUBLJANA,ADRIA AIRWAYS,A,S, 26 , 0 , 80.7692307692308 , 11.5384615384615 , 3.84615384615385 , 3.84615384615385 , 0 , 0 , 9.96153846153846 , 0 , 18 , 83.3333333333333 , 4.5 
31-Jan-2006 10:28,200511,GATWICK,SLOVENIA,LJUBLJANA,ADRIA AIRWAYS,D,S, 26 , 0 , 80.7692307692308 , 7.69230769230769 , 3.84615384615385 , 7.69230769230769 , 0 , 0 , 12.3846153846154 , 0 , 18 , 88.8888888888889 , 5 
31-Jan-2006 10:28,200511,GATWICK,SPAIN,ALICANTE,EASYJET AIRLINE COMPANY LTD,A,S, 60 , 0 , 85 , 8.33333333333333 , 5 , 1.66666666666667 , 0 , 0 , 5.95 , 0 , 63 , 84.1269841269841 , 10.2857142857143 
31-Jan-2006 10:28,200511,GATWICK,SPAIN,ALICANTE,EASYJET AIRLINE COMPANY LTD,D,S, 60 , 0 , 86.6666666666667 , 6.66666666666667 , 5 , 1.66666666666667 , 0 , 0 , 5.03333333333333 , 0 , 64 , 84.375 , 10.046875 
31-Jan-2006 10:28,200511,GATWICK,SPAIN,ALICANTE,FIRST CHOICE AIRWAYS LTD,A,C, 5 , 0 , 100 , 0 , 0 , 0 , 0 , 0 , 0.4 , 0 , 9 , 66.6666666666667 , 9.55555555555556 
31-Jan-2006 10:28,200511,GATWICK,SPAIN,ALICANTE,FIRST CHOICE AIRWAYS LTD,D,C, 7 , 0 , 100 , 0 , 0 , 0 , 0 , 0 , 0.285714285714286 , 0 , 9 , 88.8888888888889 , 5 
31-Jan-2006 10:28,200511,GATWICK,SPAIN,ALICANTE,GB AIRWAYS LTD,A,S, 26 , 0 , 84.6153846153846 , 11.5384615384615 , 3.84615384615385 , 0 , 0 , 0 , 4.92307692307692 , 0 , 33 , 93.9393939393939 , 18.7878787878788 
31-Jan-2006 10:28,200511,GATWICK,SPAIN,ALICANTE,GB AIRWAYS LTD,D,S, 26 , 0 , 96.1538461538462 , 3.84615384615385 , 0 , 0 , 0 , 0 , 3.80769230769231 , 0 , 32 , 96.875 , 5.25 
31-Jan-2006 10:28,200511,GATWICK,SPAIN,ALICANTE,MONARCH AIRLINES,A,S, 53 , 0 , 94.3396226415094 , 3.77358490566038 , 0 , 1.88679245283019 , 0 , 0 , 5.09433962264151 , 0 , 57 , 89.4736842105263 , 5.24561403508772 
31-Jan-2006 10:28,200511,GATWICK,SPAIN,ALICANTE,MONARCH AIRLINES,D,S, 53 , 0 , 92.4528301886792 , 5.66037735849057 , 0 , 1.88679245283019 , 0 , 0 , 5.64150943396226 , 0 , 57 , 94.7368421052632 , 3.08771929824561 
31-Jan-2006 10:28,200511,GATWICK,SPAIN,ALICANTE,THOMAS COOK AIRLINES LTD,A,C, 1 , 0 , 100 , 0 , 0 , 0 , 0 , 0 , 0 , 0 , 4 , 100 , 2.5 
31-Jan-2006 10:28,200511,GATWICK,SPAIN,ALICANTE,THOMAS COOK AIRLINES LTD,D,C, 0 , 0 , 0 , 0 , 0 , 0 , 0 , 0 , 0 , 0 , 4 , 100 , 0 
31-Jan-2006 10:28,200511,GATWICK,SPAIN,ALICANTE,THOMSONFLY LTD,A,C, 9 , 0 , 100 , 0 , 0 , 0 , 0 , 0 , 1.66666666666667 , 0 , 9 , 77.7777777777778 , 19.2222222222222 
31-Jan-2006 10:28,200511,GATWICK,SPAIN,ALICANTE,THOMSONFLY LTD,D,C, 9 , 0 , 88.8888888888889 , 11.1111111111111 , 0 , 0 , 0 , 0 , 3.33333333333333 , 0 , 9 , 88.8888888888889 , 4.22222222222222 
31-Jan-2006 10:28,200511,GATWICK,SPAIN,ALMERIA,EASYJET AIRLINE COMPANY LTD,A,S, 19 , 0 , 78.9473684210526 , 15.7894736842105 , 0 , 0 , 5.26315789473684 , 0 , 21.6842105263158 , 0 , 0 , 0 , 0 
31-Jan-2006 10:28,200511,GATWICK,SPAIN,ALMERIA,EASYJET AIRLINE COMPANY LTD,D,S, 19 , 0 , 68.421052631579 , 21.0526315789474 , 10.5263157894737 , 0 , 0 , 0 , 11.8947368421053 , 0 , 0 , 0 , 0 
31-Jan-2006 10:28,200511,GATWICK,SPAIN,ALMERIA,GB AIRWAYS LTD,A,S, 0 , 0 , 0 , 0 , 0 , 0 , 0 , 0 , 0 , 0 , 13 , 69.2307692307692 , 9.23076923076923 
31-Jan-2006 10:28,200511,GATWICK,SPAIN,ALMERIA,GB AIRWAYS LTD,D,S, 0 , 0 , 0 , 0 , 0 , 0 , 0 , 0 , 0 , 0 , 13 , 84.6153846153846 , 9.84615384615385 
31-Jan-2006 10:28,200511,GATWICK,SPAIN,ALMERIA,MY TRAVEL AIRWAYS UK,A,C, 0 , 0 , 0 , 0 , 0 , 0 , 0 , 0 , 0 , 0 , 3 , 66.6666666666667 , 14 
31-Jan-2006 10:28,200511,GATWICK,SPAIN,ALMERIA,MY TRAVEL AIRWAYS UK,D,C, 0 , 0 , 0 , 0 , 0 , 0 , 0 , 0 , 0 , 0 , 3 , 66.6666666666667 , 7.33333333333333 
31-Jan-2006 10:28,200511,GATWICK,SPAIN,ASTURIAS,AIR NOSTRUM,A,S, 0 , 0 , 0 , 0 , 0 , 0 , 0 , 0 , 0 , 0 , 13 , 84.6153846153846 , 8.07692307692308 
31-Jan-2006 10:28,200511,GATWICK,SPAIN,ASTURIAS,AIR NOSTRUM,D,S, 0 , 0 , 0 , 0 , 0 , 0 , 0 , 0 , 0 , 0 , 13 , 100 , 2.53846153846154 
31-Jan-2006 10:28,200511,GATWICK,SPAIN,BARCELONA,BRITISH AIRWAYS PLC,A,S, 77 , 0 , 68.8311688311688 , 20.7792207792208 , 3.8961038961039 , 6.49350649350649 , 0 , 0 , 18.0519480519481 , 0 , 89 , 82.0224719101124 , 8.93258426966292 
31-Jan-2006 10:28,200511,GATWICK,SPAIN,BARCELONA,BRITISH AIRWAYS PLC,D,S, 77 , 0 , 81.8181818181818 , 12.987012987013 , 3.8961038961039 , 1.2987012987013 , 0 , 0 , 8.54545454545455 , 0 , 90 , 90 , 6.51111111111111 
31-Jan-2006 10:28,200511,GATWICK,SPAIN,BARCELONA,EASYJET AIRLINE COMPANY LTD,A,S, 89 , 0 , 76.4044943820225 , 7.86516853932584 , 12.3595505617978 , 3.37078651685393 , 0 , 0 , 10.561797752809 , 1 , 90 , 80 , 9.7 
31-Jan-2006 10:28,200511,GATWICK,SPAIN,BARCELONA,EASYJET AIRLINE COMPANY LTD,D,S, 89 , 0 , 78.6516853932584 , 14.6067415730337 , 5.61797752808989 , 1.12359550561798 , 0 , 0 , 9.17977528089888 , 1 , 90 , 81.1111111111111 , 7.92222222222222 
31-Jan-2006 10:28,200511,GATWICK,SPAIN,BARCELONA,IBERIA,A,S, 0 , 1 , 0 , 0 , 0 , 0 , 0 , 0 , 0 , 0 , 0 , 0 , 0 
31-Jan-2006 10:28,200511,GATWICK,SPAIN,BARCELONA,MONARCH AIRLINES,D,C, 1 , 0 , 100 , 0 , 0 , 0 , 0 , 0 , 0 , 0 , 0 , 0 , 0 
31-Jan-2006 10:28,200511,GATWICK,SPAIN,BARCELONA,THOMSONFLY LTD,A,C, 0 , 0 , 0 , 0 , 0 , 0 , 0 , 0 , 0 , 0 , 1 , 0 , 85 
31-Jan-2006 10:28,200511,GATWICK,SPAIN,BARCELONA,THOMSONFLY LTD,D,C, 0 , 0 , 0 , 0 , 0 , 0 , 0 , 0 , 0 , 0 , 1 , 100 , 8 
31-Jan-2006 10:28,200511,GATWICK,SPAIN,GRANADA,MONARCH AIRLINES,A,S, 23 , 0 , 95.6521739130435 , 4.34782608695652 , 0 , 0 , 0 , 0 , 1 , 0 , 0 , 0 , 0 
31-Jan-2006 10:28,200511,GATWICK,SPAIN,GRANADA,MONARCH AIRLINES,D,S, 23 , 0 , 86.9565217391304 , 8.69565217391304 , 4.34782608695652 , 0 , 0 , 0 , 4.82608695652174 , 0 , 0 , 0 , 0 
31-Jan-2006 10:28,200511,GATWICK,SPAIN,IBIZA,THOMSONFLY LTD,A,C, 1 , 0 , 100 , 0 , 0 , 0 , 0 , 0 , 6 , 0 , 0 , 0 , 0 
31-Jan-2006 10:28,200511,GATWICK,SPAIN,MADRID,AEROLINEAS ARGENTINAS,A,S, 31 , 0 , 54.8387096774194 , 32.258064516129 , 3.2258064516129 , 9.67741935483871 , 0 , 0 , 22.4516129032258 , 0 , 17 , 52.9411764705882 , 21.6470588235294 
31-Jan-2006 10:28,200511,GATWICK,SPAIN,MADRID,AEROLINEAS ARGENTINAS,D,S, 31 , 0 , 74.1935483870968 , 3.2258064516129 , 12.9032258064516 , 9.67741935483871 , 0 , 0 , 18.3548387096774 , 0 , 17 , 41.1764705882353 , 25.4117647058824 
31-Jan-2006 10:28,200511,GATWICK,SPAIN,MADRID,BRITISH AIRWAYS PLC,A,S, 89 , 0 , 61.7977528089888 , 20.2247191011236 , 11.2359550561798 , 5.61797752808989 , 1.12359550561798 , 0 , 20.2584269662921 , 0 , 90 , 73.3333333333333 , 14.7444444444444 
31-Jan-2006 10:28,200511,GATWICK,SPAIN,MADRID,BRITISH AIRWAYS PLC,D,S, 89 , 0 , 75.2808988764045 , 12.3595505617978 , 7.86516853932584 , 4.49438202247191 , 0 , 0 , 12.876404494382 , 0 , 90 , 88.8888888888889 , 7.12222222222222 
31-Jan-2006 10:28,200511,GATWICK,SPAIN,MADRID,EASYJET AIRLINE COMPANY LTD,A,S, 82 , 0 , 79.2682926829268 , 3.65853658536585 , 10.9756097560976 , 6.09756097560976 , 0 , 0 , 12.0243902439024 , 0 , 30 , 70 , 22.3666666666667 
31-Jan-2006 10:28,200511,GATWICK,SPAIN,MADRID,EASYJET AIRLINE COMPANY LTD,D,S, 82 , 1 , 67.0731707317073 , 10.9756097560976 , 17.0731707317073 , 4.8780487804878 , 0 , 0 , 18.5121951219512 , 0 , 30 , 86.6666666666667 , 4.26666666666667 
31-Jan-2006 10:28,200511,GATWICK,SPAIN,MADRID,EXCEL AIRWAYS LTD,A,C, 0 , 0 , 0 , 0 , 0 , 0 , 0 , 0 , 0 , 0 , 1 , 0 , 94 
31-Jan-2006 10:28,200511,GATWICK,SPAIN,MADRID,EXCEL AIRWAYS LTD,D,C, 0 , 0 , 0 , 0 , 0 , 0 , 0 , 0 , 0 , 0 , 1 , 0 , 61 
31-Jan-2006 10:28,200511,GATWICK,SPAIN,MADRID,MONARCH AIRLINES,A,C, 0 , 0 , 0 , 0 , 0 , 0 , 0 , 0 , 0 , 0 , 1 , 0 , 40 
31-Jan-2006 10:28,200511,GATWICK,SPAIN,MADRID,MONARCH AIRLINES,D,C, 0 , 0 , 0 , 0 , 0 , 0 , 0 , 0 , 0 , 0 , 1 , 100 , 0 
31-Jan-2006 10:28,200511,GATWICK,SPAIN,MAHON,AIR NOSTRUM,A,S, 13 , 0 , 84.6153846153846 , 7.69230769230769 , 0 , 7.69230769230769 , 0 , 0 , 9.46153846153846 , 0 , 0 , 0 , 0 
31-Jan-2006 10:28,200511,GATWICK,SPAIN,MAHON,AIR NOSTRUM,D,S, 13 , 0 , 92.3076923076923 , 0 , 7.69230769230769 , 0 , 0 , 0 , 4.15384615384615 , 0 , 0 , 0 , 0 
31-Jan-2006 10:28,200511,GATWICK,SPAIN,MAHON,GB AIRWAYS LTD,A,S, 0 , 0 , 0 , 0 , 0 , 0 , 0 , 0 , 0 , 0 , 9 , 77.7777777777778 , 15.8888888888889 
31-Jan-2006 10:28,200511,GATWICK,SPAIN,MAHON,GB AIRWAYS LTD,D,S, 0 , 0 , 0 , 0 , 0 , 0 , 0 , 0 , 0 , 0 , 9 , 88.8888888888889 , 12.1111111111111 
31-Jan-2006 10:28,200511,GATWICK,SPAIN,MALAGA,EASYJET AIRLINE COMPANY LTD,A,S, 60 , 0 , 85 , 5 , 1.66666666666667 , 8.33333333333333 , 0 , 0 , 10.4833333333333 , 0 , 60 , 98.3333333333333 , 1.33333333333333 
31-Jan-2006 10:28,200511,GATWICK,SPAIN,MALAGA,EASYJET AIRLINE COMPANY LTD,D,S, 60 , 0 , 88.3333333333333 , 3.33333333333333 , 0 , 8.33333333333333 , 0 , 0 , 11.0833333333333 , 0 , 60 , 98.3333333333333 , 1.2 
31-Jan-2006 10:28,200511,GATWICK,SPAIN,MALAGA,EXCEL AIRWAYS LTD,A,C, 1 , 0 , 100 , 0 , 0 , 0 , 0 , 0 , 1 , 0 , 1 , 100 , 7 
31-Jan-2006 10:28,200511,GATWICK,SPAIN,MALAGA,FIRST CHOICE AIRWAYS LTD,A,C, 6 , 0 , 100 , 0 , 0 , 0 , 0 , 0 , 1.33333333333333 , 0 , 6 , 66.6666666666667 , 16 
31-Jan-2006 10:28,200511,GATWICK,SPAIN,MALAGA,FIRST CHOICE AIRWAYS LTD,D,C, 3 , 0 , 100 , 0 , 0 , 0 , 0 , 0 , 3.33333333333333 , 0 , 6 , 83.3333333333333 , 12 
31-Jan-2006 10:28,200511,GATWICK,SPAIN,MALAGA,FUTURA AIRLINES,D,C, 0 , 0 , 0 , 0 , 0 , 0 , 0 , 0 , 0 , 0 , 1 , 100 , 11 
31-Jan-2006 10:28,200511,GATWICK,SPAIN,MALAGA,GB AIRWAYS LTD,A,S, 31 , 0 , 77.4193548387097 , 16.1290322580645 , 6.45161290322581 , 0 , 0 , 0 , 8.54838709677419 , 0 , 41 , 85.3658536585366 , 5.85365853658537 
31-Jan-2006 10:28,200511,GATWICK,SPAIN,MALAGA,GB AIRWAYS LTD,D,S, 30 , 0 , 80 , 16.6666666666667 , 3.33333333333333 , 0 , 0 , 0 , 7.43333333333333 , 0 , 41 , 78.0487804878049 , 10.5121951219512 
31-Jan-2006 10:28,200511,GATWICK,SPAIN,MALAGA,MONARCH AIRLINES,A,C, 0 , 0 , 0 , 0 , 0 , 0 , 0 , 0 , 0 , 0 , 6 , 50 , 14.5 
31-Jan-2006 10:28,200511,GATWICK,SPAIN,MALAGA,MONARCH AIRLINES,A,S, 50 , 0 , 62 , 26 , 6 , 2 , 2 , 2 , 26.62 , 0 , 51 , 72.5490196078431 , 12.5294117647059 
31-Jan-2006 10:28,200511,GATWICK,SPAIN,MALAGA,MONARCH AIRLINES,D,C, 0 , 0 , 0 , 0 , 0 , 0 , 0 , 0 , 0 , 0 , 6 , 100 , 0 
31-Jan-2006 10:28,200511,GATWICK,SPAIN,MALAGA,MONARCH AIRLINES,D,S, 50 , 0 , 90 , 4 , 0 , 2 , 2 , 2 , 17.4 , 0 , 51 , 96.078431372549 , 3.66666666666667 
31-Jan-2006 10:28,200511,GATWICK,SPAIN,MALAGA,MY TRAVEL AIRWAYS UK,A,C, 1 , 0 , 100 , 0 , 0 , 0 , 0 , 0 , 0 , 0 , 3 , 100 , 3.66666666666667 
31-Jan-2006 10:28,200511,GATWICK,SPAIN,MALAGA,MY TRAVEL AIRWAYS UK,D,C, 0 , 0 , 0 , 0 , 0 , 0 , 0 , 0 , 0 , 0 , 4 , 75 , 6.75 
31-Jan-2006 10:28,200511,GATWICK,SPAIN,MALAGA,THOMAS COOK AIRLINES LTD,A,C, 4 , 0 , 50 , 25 , 25 , 0 , 0 , 0 , 17.75 , 0 , 8 , 100 , 5.75 
31-Jan-2006 10:28,200511,GATWICK,SPAIN,MALAGA,THOMAS COOK AIRLINES LTD,D,C, 5 , 0 , 100 , 0 , 0 , 0 , 0 , 0 , 1 , 0 , 8 , 100 , 1.625 
31-Jan-2006 10:28,200511,GATWICK,SPAIN,MALAGA,THOMSONFLY LTD,A,C, 8 , 0 , 50 , 37.5 , 0 , 12.5 , 0 , 0 , 22.75 , 0 , 11 , 90.9090909090909 , 7.63636363636364 
31-Jan-2006 10:28,200511,GATWICK,SPAIN,MALAGA,THOMSONFLY LTD,D,C, 8 , 0 , 75 , 12.5 , 12.5 , 0 , 0 , 0 , 11 , 0 , 10 , 90 , 7.7 
31-Jan-2006 10:28,200511,GATWICK,SPAIN,MURCIA SAN JAVIER,EASYJET AIRLINE COMPANY LTD,A,S, 29 , 1 , 82.7586206896552 , 10.3448275862069 , 3.44827586206897 , 3.44827586206897 , 0 , 0 , 9.10344827586207 , 1 , 0 , 0 , 0 
31-Jan-2006 10:28,200511,GATWICK,SPAIN,MURCIA SAN JAVIER,EASYJET AIRLINE COMPANY LTD,D,S, 30 , 0 , 83.3333333333333 , 10 , 3.33333333333333 , 3.33333333333333 , 0 , 0 , 8.1 , 0 , 0 , 0 , 0 
31-Jan-2006 10:28,200511,GATWICK,SPAIN,MURCIA SAN JAVIER,GB AIRWAYS LTD,A,S, 2 , 0 , 100 , 0 , 0 , 0 , 0 , 0 , 0 , 0 , 9 , 88.8888888888889 , 4.77777777777778 
31-Jan-2006 10:28,200511,GATWICK,SPAIN,MURCIA SAN JAVIER,GB AIRWAYS LTD,D,S, 2 , 0 , 100 , 0 , 0 , 0 , 0 , 0 , 0 , 0 , 9 , 77.7777777777778 , 10.5555555555556 
31-Jan-2006 10:28,200511,GATWICK,SPAIN,PALMA DE MALLORCA,EASYJET AIRLINE COMPANY LTD,A,S, 30 , 0 , 90 , 6.66666666666667 , 3.33333333333333 , 0 , 0 , 0 , 4.36666666666667 , 0 , 30 , 83.3333333333333 , 8.5 
31-Jan-2006 10:28,200511,GATWICK,SPAIN,PALMA DE MALLORCA,EASYJET AIRLINE COMPANY LTD,D,S, 30 , 0 , 86.6666666666667 , 6.66666666666667 , 6.66666666666667 , 0 , 0 , 0 , 6.46666666666667 , 0 , 30 , 73.3333333333333 , 12.1333333333333 
31-Jan-2006 10:28,200511,GATWICK,SPAIN,PALMA DE MALLORCA,FIRST CHOICE AIRWAYS LTD,A,C, 4 , 0 , 75 , 0 , 25 , 0 , 0 , 0 , 9.5 , 0 , 5 , 80 , 3.6 
31-Jan-2006 10:28,200511,GATWICK,SPAIN,PALMA DE MALLORCA,FIRST CHOICE AIRWAYS LTD,D,C, 0 , 0 , 0 , 0 , 0 , 0 , 0 , 0 , 0 , 0 , 3 , 66.6666666666667 , 11.3333333333333 
31-Jan-2006 10:28,200511,GATWICK,SPAIN,PALMA DE MALLORCA,GB AIRWAYS LTD,A,S, 0 , 0 , 0 , 0 , 0 , 0 , 0 , 0 , 0 , 0 , 11 , 54.5454545454545 , 25.8181818181818 
31-Jan-2006 10:28,200511,GATWICK,SPAIN,PALMA DE MALLORCA,GB AIRWAYS LTD,D,S, 0 , 0 , 0 , 0 , 0 , 0 , 0 , 0 , 0 , 0 , 11 , 72.7272727272727 , 23.0909090909091 
31-Jan-2006 10:28,200511,GATWICK,SPAIN,PALMA DE MALLORCA,THOMAS COOK AIRLINES LTD,A,C, 5 , 0 , 80 , 0 , 20 , 0 , 0 , 0 , 6.6 , 0 , 4 , 100 , 4.25 
31-Jan-2006 10:28,200511,GATWICK,SPAIN,PALMA DE MALLORCA,THOMAS COOK AIRLINES LTD,D,C, 3 , 0 , 66.6666666666667 , 33.3333333333333 , 0 , 0 , 0 , 0 , 10.3333333333333 , 0 , 3 , 100 , 2.66666666666667 
31-Jan-2006 10:28,200511,GATWICK,SPAIN,PALMA DE MALLORCA,THOMSONFLY LTD,A,C, 8 , 0 , 87.5 , 0 , 0 , 12.5 , 0 , 0 , 23.125 , 0 , 12 , 83.3333333333333 , 4.91666666666667 
31-Jan-2006 10:28,200511,GATWICK,SPAIN,PALMA DE MALLORCA,THOMSONFLY LTD,D,C, 7 , 0 , 100 , 0 , 0 , 0 , 0 , 0 , 2.14285714285714 , 0 , 12 , 83.3333333333333 , 6.41666666666667 
31-Jan-2006 10:28,200511,GATWICK,SPAIN,SEVILLE,EXCEL AIRWAYS LTD,A,C, 1 , 0 , 0 , 100 , 0 , 0 , 0 , 0 , 21 , 0 , 0 , 0 , 0 
31-Jan-2006 10:28,200511,GATWICK,SPAIN,SEVILLE,FIRST CHOICE AIRWAYS LTD,A,C, 2 , 0 , 100 , 0 , 0 , 0 , 0 , 0 , 0 , 0 , 0 , 0 , 0 
31-Jan-2006 10:28,200511,GATWICK,SPAIN,SEVILLE,FIRST CHOICE AIRWAYS LTD,D,C, 2 , 0 , 50 , 50 , 0 , 0 , 0 , 0 , 17 , 0 , 0 , 0 , 0 
31-Jan-2006 10:28,200511,GATWICK,SPAIN,SEVILLE,GB AIRWAYS LTD,A,S, 17 , 0 , 82.3529411764706 , 17.6470588235294 , 0 , 0 , 0 , 0 , 8.82352941176471 , 0 , 23 , 60.8695652173913 , 16.3478260869565 
31-Jan-2006 10:28,200511,GATWICK,SPAIN,SEVILLE,GB AIRWAYS LTD,D,S, 17 , 0 , 64.7058823529412 , 29.4117647058824 , 5.88235294117647 , 0 , 0 , 0 , 12.4117647058824 , 1 , 23 , 95.6521739130435 , 6.39130434782609 
31-Jan-2006 10:28,200511,GATWICK,SPAIN,SEVILLE,MONARCH AIRLINES,A,C, 1 , 0 , 100 , 0 , 0 , 0 , 0 , 0 , 11 , 0 , 0 , 0 , 0 
31-Jan-2006 10:28,200511,GATWICK,SPAIN,SEVILLE,MONARCH AIRLINES,D,C, 1 , 0 , 100 , 0 , 0 , 0 , 0 , 0 , 8 , 0 , 0 , 0 , 0 
31-Jan-2006 10:28,200511,GATWICK,SPAIN,VALENCIA,EASYJET AIRLINE COMPANY LTD,A,S, 21 , 0 , 95.2380952380952 , 4.76190476190476 , 0 , 0 , 0 , 0 , 5.85714285714286 , 0 , 0 , 0 , 0 
31-Jan-2006 10:28,200511,GATWICK,SPAIN,VALENCIA,EASYJET AIRLINE COMPANY LTD,D,S, 21 , 0 , 90.4761904761905 , 4.76190476190476 , 4.76190476190476 , 0 , 0 , 0 , 9 , 0 , 0 , 0 , 0 
31-Jan-2006 10:28,200511,GATWICK,SPAIN,VALENCIA,GB AIRWAYS LTD,A,S, 13 , 0 , 92.3076923076923 , 7.69230769230769 , 0 , 0 , 0 , 0 , 2.53846153846154 , 1 , 26 , 57.6923076923077 , 19.8846153846154 
31-Jan-2006 10:28,200511,GATWICK,SPAIN,VALENCIA,GB AIRWAYS LTD,D,S, 12 , 0 , 100 , 0 , 0 , 0 , 0 , 0 , 3.91666666666667 , 0 , 26 , 84.6153846153846 , 14.1153846153846 
31-Jan-2006 10:28,200511,GATWICK,SPAIN(CANARY ISLANDS),ARRECIFE,EXCEL AIRWAYS LTD,A,C, 5 , 0 , 60 , 0 , 20 , 0 , 20 , 0 , 79.6 , 0 , 7 , 71.4285714285714 , 15.8571428571429 
31-Jan-2006 10:28,200511,GATWICK,SPAIN(CANARY ISLANDS),ARRECIFE,EXCEL AIRWAYS LTD,D,C, 5 , 0 , 80 , 20 , 0 , 0 , 0 , 0 , 7.8 , 0 , 7 , 85.7142857142857 , 41.5714285714286 
31-Jan-2006 10:28,200511,GATWICK,SPAIN(CANARY ISLANDS),ARRECIFE,FIRST CHOICE AIRWAYS LTD,A,C, 13 , 0 , 100 , 0 , 0 , 0 , 0 , 0 , 1.30769230769231 , 0 , 19 , 100 , 1.05263157894737 
31-Jan-2006 10:28,200511,GATWICK,SPAIN(CANARY ISLANDS),ARRECIFE,FIRST CHOICE AIRWAYS LTD,D,C, 12 , 1 , 83.3333333333333 , 16.6666666666667 , 0 , 0 , 0 , 0 , 8.25 , 0 , 18 , 83.3333333333333 , 6.38888888888889 
31-Jan-2006 10:28,200511,GATWICK,SPAIN(CANARY ISLANDS),ARRECIFE,GB AIRWAYS LTD,A,S, 25 , 1 , 76 , 8 , 16 , 0 , 0 , 0 , 12.36 , 0 , 17 , 76.4705882352941 , 8.23529411764706 
31-Jan-2006 10:28,200511,GATWICK,SPAIN(CANARY ISLANDS),ARRECIFE,GB AIRWAYS LTD,D,S, 26 , 0 , 84.6153846153846 , 11.5384615384615 , 3.84615384615385 , 0 , 0 , 0 , 7.34615384615385 , 0 , 17 , 100 , 7.70588235294118 
31-Jan-2006 10:28,200511,GATWICK,SPAIN(CANARY ISLANDS),ARRECIFE,MONARCH AIRLINES,A,C, 8 , 0 , 37.5 , 25 , 25 , 12.5 , 0 , 0 , 26.75 , 0 , 13 , 69.2307692307692 , 16.5384615384615 
31-Jan-2006 10:28,200511,GATWICK,SPAIN(CANARY ISLANDS),ARRECIFE,MONARCH AIRLINES,D,C, 6 , 0 , 33.3333333333333 , 66.6666666666667 , 0 , 0 , 0 , 0 , 18.1666666666667 , 0 , 13 , 100 , 5.46153846153846 
31-Jan-2006 10:28,200511,GATWICK,SPAIN(CANARY ISLANDS),ARRECIFE,MY TRAVEL AIRWAYS UK,A,C, 4 , 0 , 100 , 0 , 0 , 0 , 0 , 0 , 0.5 , 0 , 9 , 77.7777777777778 , 9.22222222222222 
31-Jan-2006 10:28,200511,GATWICK,SPAIN(CANARY ISLANDS),ARRECIFE,MY TRAVEL AIRWAYS UK,D,C, 4 , 0 , 75 , 25 , 0 , 0 , 0 , 0 , 4.25 , 0 , 10 , 70 , 11.8 
31-Jan-2006 10:28,200511,GATWICK,SPAIN(CANARY ISLANDS),ARRECIFE,THOMAS COOK AIRLINES LTD,A,C, 12 , 0 , 100 , 0 , 0 , 0 , 0 , 0 , 4.41666666666667 , 0 , 14 , 78.5714285714286 , 8.78571428571429 
31-Jan-2006 10:28,200511,GATWICK,SPAIN(CANARY ISLANDS),ARRECIFE,THOMAS COOK AIRLINES LTD,D,C, 12 , 0 , 91.6666666666667 , 0 , 8.33333333333333 , 0 , 0 , 0 , 7.25 , 0 , 12 , 100 , 3.16666666666667 
31-Jan-2006 10:28,200511,GATWICK,SPAIN(CANARY ISLANDS),ARRECIFE,THOMSONFLY LTD,A,C, 13 , 1 , 69.2307692307692 , 23.0769230769231 , 7.69230769230769 , 0 , 0 , 0 , 9.07692307692308 , 0 , 12 , 91.6666666666667 , 1.66666666666667 
31-Jan-2006 10:28,200511,GATWICK,SPAIN(CANARY ISLANDS),ARRECIFE,THOMSONFLY LTD,D,C, 13 , 1 , 100 , 0 , 0 , 0 , 0 , 0 , 2.15384615384615 , 0 , 12 , 91.6666666666667 , 3.91666666666667 
31-Jan-2006 10:28,200511,GATWICK,SPAIN(CANARY ISLANDS),FUERTEVENTURA,EXCEL AIRWAYS LTD,A,C, 3 , 0 , 66.6666666666667 , 33.3333333333333 , 0 , 0 , 0 , 0 , 13.6666666666667 , 0 , 3 , 66.6666666666667 , 7.66666666666667 
31-Jan-2006 10:28,200511,GATWICK,SPAIN(CANARY ISLANDS),FUERTEVENTURA,EXCEL AIRWAYS LTD,D,C, 3 , 0 , 66.6666666666667 , 33.3333333333333 , 0 , 0 , 0 , 0 , 8.33333333333333 , 0 , 3 , 0 , 20.6666666666667 
31-Jan-2006 10:28,200511,GATWICK,SPAIN(CANARY ISLANDS),FUERTEVENTURA,FIRST CHOICE AIRWAYS LTD,A,C, 14 , 0 , 92.8571428571429 , 7.14285714285714 , 0 , 0 , 0 , 0 , 2.21428571428571 , 0 , 16 , 93.75 , 13.5625 
31-Jan-2006 10:28,200511,GATWICK,SPAIN(CANARY ISLANDS),FUERTEVENTURA,FIRST CHOICE AIRWAYS LTD,D,C, 14 , 0 , 85.7142857142857 , 0 , 14.2857142857143 , 0 , 0 , 0 , 8.28571428571429 , 0 , 16 , 93.75 , 6.125 
31-Jan-2006 10:28,200511,GATWICK,SPAIN(CANARY ISLANDS),FUERTEVENTURA,THOMAS COOK AIRLINES LTD,A,C, 9 , 0 , 77.7777777777778 , 11.1111111111111 , 11.1111111111111 , 0 , 0 , 0 , 9.66666666666667 , 0 , 10 , 90 , 3.2 
31-Jan-2006 10:28,200511,GATWICK,SPAIN(CANARY ISLANDS),FUERTEVENTURA,THOMAS COOK AIRLINES LTD,D,C, 10 , 0 , 80 , 10 , 0 , 10 , 0 , 0 , 12.7 , 0 , 9 , 100 , 0.333333333333333 
31-Jan-2006 10:28,200511,GATWICK,SPAIN(CANARY ISLANDS),FUERTEVENTURA,THOMSONFLY LTD,A,C, 9 , 0 , 66.6666666666667 , 22.2222222222222 , 0 , 11.1111111111111 , 0 , 0 , 15.8888888888889 , 0 , 9 , 100 , 0 
31-Jan-2006 10:28,200511,GATWICK,SPAIN(CANARY ISLANDS),FUERTEVENTURA,THOMSONFLY LTD,D,C, 9 , 0 , 66.6666666666667 , 11.1111111111111 , 11.1111111111111 , 11.1111111111111 , 0 , 0 , 25 , 0 , 9 , 100 , 2.22222222222222 
31-Jan-2006 10:28,200511,GATWICK,SPAIN(CANARY ISLANDS),LAS PALMAS,ASTRAEUS LTD,A,C, 0 , 0 , 0 , 0 , 0 , 0 , 0 , 0 , 0 , 0 , 1 , 0 , 19 
31-Jan-2006 10:28,200511,GATWICK,SPAIN(CANARY ISLANDS),LAS PALMAS,ASTRAEUS LTD,D,C, 0 , 0 , 0 , 0 , 0 , 0 , 0 , 0 , 0 , 0 , 1 , 100 , 14 
31-Jan-2006 10:28,200511,GATWICK,SPAIN(CANARY ISLANDS),LAS PALMAS,EXCEL AIRWAYS LTD,A,C, 3 , 0 , 66.6666666666667 , 0 , 33.3333333333333 , 0 , 0 , 0 , 18.3333333333333 , 0 , 3 , 100 , 0 
31-Jan-2006 10:28,200511,GATWICK,SPAIN(CANARY ISLANDS),LAS PALMAS,EXCEL AIRWAYS LTD,D,C, 3 , 0 , 100 , 0 , 0 , 0 , 0 , 0 , 4.66666666666667 , 0 , 3 , 66.6666666666667 , 9.66666666666667 
31-Jan-2006 10:28,200511,GATWICK,SPAIN(CANARY ISLANDS),LAS PALMAS,FIRST CHOICE AIRWAYS LTD,A,C, 8 , 0 , 100 , 0 , 0 , 0 , 0 , 0 , 0 , 0 , 13 , 76.9230769230769 , 14.1538461538462 
31-Jan-2006 10:28,200511,GATWICK,SPAIN(CANARY ISLANDS),LAS PALMAS,FIRST CHOICE AIRWAYS LTD,D,C, 8 , 0 , 100 , 0 , 0 , 0 , 0 , 0 , 4.875 , 0 , 12 , 83.3333333333333 , 6.75 
31-Jan-2006 10:28,200511,GATWICK,SPAIN(CANARY ISLANDS),LAS PALMAS,GB AIRWAYS LTD,A,S, 25 , 1 , 68 , 24 , 8 , 0 , 0 , 0 , 11.24 , 1 , 22 , 54.5454545454545 , 31.5454545454545 
31-Jan-2006 10:28,200511,GATWICK,SPAIN(CANARY ISLANDS),LAS PALMAS,GB AIRWAYS LTD,D,S, 25 , 0 , 48 , 40 , 8 , 4 , 0 , 0 , 17.44 , 1 , 22 , 72.7272727272727 , 25.0909090909091 
31-Jan-2006 10:28,200511,GATWICK,SPAIN(CANARY ISLANDS),LAS PALMAS,MONARCH AIRLINES,A,C, 4 , 0 , 100 , 0 , 0 , 0 , 0 , 0 , 2 , 0 , 5 , 80 , 9.4 
31-Jan-2006 10:28,200511,GATWICK,SPAIN(CANARY ISLANDS),LAS PALMAS,MONARCH AIRLINES,D,C, 4 , 0 , 100 , 0 , 0 , 0 , 0 , 0 , 0.5 , 0 , 5 , 80 , 18 
31-Jan-2006 10:28,200511,GATWICK,SPAIN(CANARY ISLANDS),LAS PALMAS,MY TRAVEL AIRWAYS UK,A,C, 4 , 0 , 100 , 0 , 0 , 0 , 0 , 0 , 0 , 0 , 4 , 75 , 14.25 
31-Jan-2006 10:28,200511,GATWICK,SPAIN(CANARY ISLANDS),LAS PALMAS,MY TRAVEL AIRWAYS UK,D,C, 4 , 0 , 100 , 0 , 0 , 0 , 0 , 0 , 0 , 0 , 3 , 66.6666666666667 , 9.33333333333333 
31-Jan-2006 10:28,200511,GATWICK,SPAIN(CANARY ISLANDS),LAS PALMAS,THOMAS COOK AIRLINES LTD,A,C, 8 , 0 , 100 , 0 , 0 , 0 , 0 , 0 , 2.75 , 0 , 15 , 60 , 15.5333333333333 
31-Jan-2006 10:28,200511,GATWICK,SPAIN(CANARY ISLANDS),LAS PALMAS,THOMAS COOK AIRLINES LTD,D,C, 7 , 0 , 100 , 0 , 0 , 0 , 0 , 0 , 3.57142857142857 , 0 , 15 , 80 , 10.2 
31-Jan-2006 10:28,200511,GATWICK,SPAIN(CANARY ISLANDS),LAS PALMAS,THOMSONFLY LTD,A,C, 12 , 0 , 75 , 8.33333333333333 , 16.6666666666667 , 0 , 0 , 0 , 10.75 , 0 , 13 , 84.6153846153846 , 3.69230769230769 
31-Jan-2006 10:28,200511,GATWICK,SPAIN(CANARY ISLANDS),LAS PALMAS,THOMSONFLY LTD,D,C, 12 , 0 , 66.6666666666667 , 25 , 8.33333333333333 , 0 , 0 , 0 , 9.5 , 0 , 13 , 84.6153846153846 , 10.4615384615385 
31-Jan-2006 10:28,200511,GATWICK,SPAIN(CANARY ISLANDS),SANTA CRUZ DE LA PALMA,THOMSONFLY LTD,A,C, 0 , 0 , 0 , 0 , 0 , 0 , 0 , 0 , 0 , 0 , 3 , 100 , 8.33333333333333 
31-Jan-2006 10:28,200511,GATWICK,SPAIN(CANARY ISLANDS),SANTA CRUZ DE LA PALMA,THOMSONFLY LTD,D,C, 0 , 0 , 0 , 0 , 0 , 0 , 0 , 0 , 0 , 0 , 4 , 100 , 0.75 
31-Jan-2006 10:28,200511,GATWICK,SPAIN(CANARY ISLANDS),TENERIFE (NORTE LOS RODEOS),GB AIRWAYS LTD,A,S, 7 , 0 , 100 , 0 , 0 , 0 , 0 , 0 , 0.142857142857143 , 0 , 9 , 66.6666666666667 , 17.8888888888889 
31-Jan-2006 10:28,200511,GATWICK,SPAIN(CANARY ISLANDS),TENERIFE (NORTE LOS RODEOS),GB AIRWAYS LTD,D,S, 9 , 0 , 100 , 0 , 0 , 0 , 0 , 0 , 6.22222222222222 , 0 , 9 , 66.6666666666667 , 11.4444444444444 
31-Jan-2006 10:28,200511,GATWICK,SPAIN(CANARY ISLANDS),TENERIFE (NORTE LOS RODEOS),THOMSONFLY LTD,A,C, 4 , 0 , 75 , 0 , 25 , 0 , 0 , 0 , 15 , 0 , 0 , 0 , 0 
31-Jan-2006 10:28,200511,GATWICK,SPAIN(CANARY ISLANDS),TENERIFE (NORTE LOS RODEOS),THOMSONFLY LTD,D,C, 4 , 0 , 75 , 25 , 0 , 0 , 0 , 0 , 5.25 , 0 , 0 , 0 , 0 
31-Jan-2006 10:28,200511,GATWICK,SPAIN(CANARY ISLANDS),TENERIFE (SURREINA SOFIA),ASTRAEUS LTD,A,C, 1 , 0 , 0 , 100 , 0 , 0 , 0 , 0 , 22 , 0 , 1 , 0 , 28 
31-Jan-2006 10:28,200511,GATWICK,SPAIN(CANARY ISLANDS),TENERIFE (SURREINA SOFIA),ASTRAEUS LTD,D,C, 2 , 0 , 100 , 0 , 0 , 0 , 0 , 0 , 3 , 0 , 1 , 100 , 0 
31-Jan-2006 10:28,200511,GATWICK,SPAIN(CANARY ISLANDS),TENERIFE (SURREINA SOFIA),EXCEL AIRWAYS LTD,A,C, 7 , 0 , 71.4285714285714 , 28.5714285714286 , 0 , 0 , 0 , 0 , 10.1428571428571 , 0 , 11 , 45.4545454545455 , 45 
31-Jan-2006 10:28,200511,GATWICK,SPAIN(CANARY ISLANDS),TENERIFE (SURREINA SOFIA),EXCEL AIRWAYS LTD,D,C, 7 , 0 , 42.8571428571429 , 42.8571428571429 , 14.2857142857143 , 0 , 0 , 0 , 16.2857142857143 , 0 , 10 , 60 , 41.7 
31-Jan-2006 10:28,200511,GATWICK,SPAIN(CANARY ISLANDS),TENERIFE (SURREINA SOFIA),FIRST CHOICE AIRWAYS LTD,A,C, 19 , 0 , 73.6842105263158 , 5.26315789473684 , 5.26315789473684 , 5.26315789473684 , 10.5263157894737 , 0 , 39.2105263157895 , 0 , 25 , 64 , 13.24 
31-Jan-2006 10:28,200511,GATWICK,SPAIN(CANARY ISLANDS),TENERIFE (SURREINA SOFIA),FIRST CHOICE AIRWAYS LTD,D,C, 18 , 0 , 61.1111111111111 , 16.6666666666667 , 11.1111111111111 , 0 , 11.1111111111111 , 0 , 45.2777777777778 , 0 , 25 , 68 , 12.2 
31-Jan-2006 10:28,200511,GATWICK,SPAIN(CANARY ISLANDS),TENERIFE (SURREINA SOFIA),FLYJET LTD,A,C, 2 , 0 , 0 , 0 , 0 , 100 , 0 , 0 , 73.5 , 0 , 0 , 0 , 0 
31-Jan-2006 10:28,200511,GATWICK,SPAIN(CANARY ISLANDS),TENERIFE (SURREINA SOFIA),FLYJET LTD,D,C, 2 , 0 , 50 , 0 , 0 , 50 , 0 , 0 , 41 , 0 , 0 , 0 , 0 
31-Jan-2006 10:28,200511,GATWICK,SPAIN(CANARY ISLANDS),TENERIFE (SURREINA SOFIA),FUTURA AIRLINES,A,C, 0 , 0 , 0 , 0 , 0 , 0 , 0 , 0 , 0 , 0 , 6 , 66.6666666666667 , 19.8333333333333 
31-Jan-2006 10:28,200511,GATWICK,SPAIN(CANARY ISLANDS),TENERIFE (SURREINA SOFIA),FUTURA AIRLINES,D,C, 0 , 0 , 0 , 0 , 0 , 0 , 0 , 0 , 0 , 0 , 5 , 100 , 1.6 
31-Jan-2006 10:28,200511,GATWICK,SPAIN(CANARY ISLANDS),TENERIFE (SURREINA SOFIA),GB AIRWAYS LTD,A,S, 47 , 1 , 70.2127659574468 , 14.8936170212766 , 8.51063829787234 , 4.25531914893617 , 2.12765957446809 , 0 , 18.8085106382979 , 1 , 30 , 70 , 33.3 
31-Jan-2006 10:28,200511,GATWICK,SPAIN(CANARY ISLANDS),TENERIFE (SURREINA SOFIA),GB AIRWAYS LTD,D,S, 45 , 0 , 75.5555555555556 , 13.3333333333333 , 6.66666666666667 , 2.22222222222222 , 2.22222222222222 , 0 , 16.6222222222222 , 1 , 30 , 83.3333333333333 , 31.5666666666667 
31-Jan-2006 10:28,200511,GATWICK,SPAIN(CANARY ISLANDS),TENERIFE (SURREINA SOFIA),MONARCH AIRLINES,A,C, 16 , 0 , 56.25 , 18.75 , 12.5 , 12.5 , 0 , 0 , 19.4375 , 0 , 13 , 76.9230769230769 , 8.15384615384615 
31-Jan-2006 10:28,200511,GATWICK,SPAIN(CANARY ISLANDS),TENERIFE (SURREINA SOFIA),MONARCH AIRLINES,D,C, 16 , 0 , 81.25 , 6.25 , 6.25 , 6.25 , 0 , 0 , 15.0625 , 0 , 13 , 84.6153846153846 , 9.23076923076923 
31-Jan-2006 10:28,200511,GATWICK,SPAIN(CANARY ISLANDS),TENERIFE (SURREINA SOFIA),MY TRAVEL AIRWAYS UK,A,C, 9 , 0 , 77.7777777777778 , 0 , 22.2222222222222 , 0 , 0 , 0 , 10.7777777777778 , 0 , 6 , 100 , 2.16666666666667 
31-Jan-2006 10:28,200511,GATWICK,SPAIN(CANARY ISLANDS),TENERIFE (SURREINA SOFIA),MY TRAVEL AIRWAYS UK,D,C, 9 , 0 , 55.5555555555556 , 0 , 22.2222222222222 , 22.2222222222222 , 0 , 0 , 29.5555555555556 , 0 , 7 , 100 , 5.28571428571429 
31-Jan-2006 10:28,200511,GATWICK,SPAIN(CANARY ISLANDS),TENERIFE (SURREINA SOFIA),THOMAS COOK AIRLINES LTD,A,C, 18 , 0 , 66.6666666666667 , 16.6666666666667 , 5.55555555555556 , 5.55555555555556 , 0 , 5.55555555555556 , 38.0555555555556 , 0 , 20 , 80 , 17.25 
31-Jan-2006 10:28,200511,GATWICK,SPAIN(CANARY ISLANDS),TENERIFE (SURREINA SOFIA),THOMAS COOK AIRLINES LTD,D,C, 17 , 1 , 64.7058823529412 , 29.4117647058824 , 0 , 0 , 0 , 5.88235294117647 , 35.5294117647059 , 0 , 20 , 95 , 7.2 
31-Jan-2006 10:28,200511,GATWICK,SPAIN(CANARY ISLANDS),TENERIFE (SURREINA SOFIA),THOMSONFLY LTD,A,C, 17 , 0 , 70.5882352941177 , 5.88235294117647 , 5.88235294117647 , 11.7647058823529 , 5.88235294117647 , 0 , 30.4117647058824 , 0 , 23 , 91.304347826087 , 2.30434782608696 
31-Jan-2006 10:28,200511,GATWICK,SPAIN(CANARY ISLANDS),TENERIFE (SURREINA SOFIA),THOMSONFLY LTD,D,C, 17 , 0 , 64.7058823529412 , 11.7647058823529 , 5.88235294117647 , 11.7647058823529 , 5.88235294117647 , 0 , 36.2352941176471 , 0 , 22 , 90.9090909090909 , 5.36363636363636 
31-Jan-2006 10:28,200511,GATWICK,SPAIN(CANARY ISLANDS),TENERIFE (SURREINA SOFIA),VOLAR AIRLINES,A,C, 1 , 0 , 0 , 100 , 0 , 0 , 0 , 0 , 28 , 0 , 3 , 0 , 34 
31-Jan-2006 10:28,200511,GATWICK,SPAIN(CANARY ISLANDS),TENERIFE (SURREINA SOFIA),VOLAR AIRLINES,D,C, 0 , 0 , 0 , 0 , 0 , 0 , 0 , 0 , 0 , 0 , 3 , 33.3333333333333 , 23.6666666666667 
31-Jan-2006 10:28,200511,GATWICK,SRI LANKA,COLOMBO,MONARCH AIRLINES,A,C, 0 , 0 , 0 , 0 , 0 , 0 , 0 , 0 , 0 , 0 , 4 , 0 , 75 
31-Jan-2006 10:28,200511,GATWICK,SRI LANKA,COLOMBO,MONARCH AIRLINES,D,C, 0 , 0 , 0 , 0 , 0 , 0 , 0 , 0 , 0 , 0 , 4 , 25 , 35.75 
31-Jan-2006 10:28,200511,GATWICK,ST LUCIA,ST LUCIA (HEWANORRA),BRITISH AIRWAYS PLC,A,S, 8 , 0 , 37.5 , 50 , 12.5 , 0 , 0 , 0 , 16.875 , 0 , 9 , 77.7777777777778 , 11.1111111111111 
31-Jan-2006 10:28,200511,GATWICK,ST LUCIA,ST LUCIA (HEWANORRA),BRITISH AIRWAYS PLC,D,S, 9 , 0 , 77.7777777777778 , 11.1111111111111 , 0 , 11.1111111111111 , 0 , 0 , 16.5555555555556 , 0 , 8 , 87.5 , 6.625 
31-Jan-2006 10:28,200511,GATWICK,ST LUCIA,ST LUCIA (HEWANORRA),VIRGIN ATLANTIC AIRWAYS LTD,A,S, 13 , 0 , 69.2307692307692 , 15.3846153846154 , 7.69230769230769 , 7.69230769230769 , 0 , 0 , 14.7692307692308 , 0 , 13 , 69.2307692307692 , 17.3846153846154 
31-Jan-2006 10:28,200511,GATWICK,ST LUCIA,ST LUCIA (HEWANORRA),VIRGIN ATLANTIC AIRWAYS LTD,D,S, 13 , 0 , 69.2307692307692 , 15.3846153846154 , 7.69230769230769 , 7.69230769230769 , 0 , 0 , 18.7692307692308 , 0 , 13 , 46.1538461538462 , 28.6153846153846 
31-Jan-2006 10:28,200511,GATWICK,SWITZERLAND,BASLE MULHOUSE,SWISS AIRLINES,A,C, 0 , 1 , 0 , 0 , 0 , 0 , 0 , 0 , 0 , 0 , 0 , 0 , 0 
31-Jan-2006 10:28,200511,GATWICK,SWITZERLAND,GENEVA,BRITISH AIRWAYS PLC,A,S, 86 , 0 , 91.8604651162791 , 2.32558139534884 , 4.65116279069767 , 1.16279069767442 , 0 , 0 , 3.7906976744186 , 0 , 85 , 88.2352941176471 , 7.8 
31-Jan-2006 10:28,200511,GATWICK,SWITZERLAND,GENEVA,BRITISH AIRWAYS PLC,D,S, 86 , 0 , 83.7209302325581 , 6.97674418604651 , 6.97674418604651 , 2.32558139534884 , 0 , 0 , 7.91860465116279 , 0 , 85 , 87.0588235294118 , 7.25882352941176 
31-Jan-2006 10:28,200511,GATWICK,SWITZERLAND,GENEVA,EASYJET AIRLINE COMPANY LTD,A,S, 0 , 1 , 0 , 0 , 0 , 0 , 0 , 0 , 0 , 1 , 0 , 0 , 0 
31-Jan-2006 10:28,200511,GATWICK,SWITZERLAND,GENEVA,EASYJET SWITZERLAND,A,S, 90 , 0 , 84.4444444444444 , 7.77777777777778 , 2.22222222222222 , 2.22222222222222 , 3.33333333333333 , 0 , 14.2222222222222 , 0 , 90 , 94.4444444444444 , 2.48888888888889 
31-Jan-2006 10:28,200511,GATWICK,SWITZERLAND,GENEVA,EASYJET SWITZERLAND,D,S, 90 , 0 , 77.7777777777778 , 15.5555555555556 , 3.33333333333333 , 3.33333333333333 , 0 , 0 , 10.0666666666667 , 0 , 90 , 91.1111111111111 , 4.08888888888889 
31-Jan-2006 10:28,200511,GATWICK,SWITZERLAND,GENEVA,MONARCH AIRLINES,A,C, 1 , 0 , 100 , 0 , 0 , 0 , 0 , 0 , 14 , 0 , 0 , 0 , 0 
31-Jan-2006 10:28,200511,GATWICK,SWITZERLAND,GENEVA,MONARCH AIRLINES,D,C, 1 , 0 , 100 , 0 , 0 , 0 , 0 , 0 , 0 , 0 , 0 , 0 , 0 
31-Jan-2006 10:28,200511,GATWICK,SWITZERLAND,GENEVA,SWISS AIRLINES,A,C, 0 , 1 , 0 , 0 , 0 , 0 , 0 , 0 , 0 , 0 , 0 , 0 , 0 
31-Jan-2006 10:28,200511,GATWICK,SWITZERLAND,ZURICH,BRITISH AIRWAYS PLC,A,S, 60 , 0 , 83.3333333333333 , 5 , 6.66666666666667 , 1.66666666666667 , 3.33333333333333 , 0 , 12.5 , 0 , 60 , 93.3333333333333 , 4.63333333333333 
31-Jan-2006 10:28,200511,GATWICK,SWITZERLAND,ZURICH,BRITISH AIRWAYS PLC,D,S, 60 , 0 , 83.3333333333333 , 1.66666666666667 , 10 , 3.33333333333333 , 1.66666666666667 , 0 , 14.4666666666667 , 0 , 60 , 90 , 5.61666666666667 
31-Jan-2006 10:28,200511,GATWICK,SWITZERLAND,ZURICH,HELVETIC AIRWAYS,A,S, 0 , 0 , 0 , 0 , 0 , 0 , 0 , 0 , 0 , 0 , 30 , 83.3333333333333 , 12.3333333333333 
31-Jan-2006 10:28,200511,GATWICK,SWITZERLAND,ZURICH,HELVETIC AIRWAYS,D,S, 0 , 0 , 0 , 0 , 0 , 0 , 0 , 0 , 0 , 0 , 30 , 86.6666666666667 , 9.46666666666667 
31-Jan-2006 10:28,200511,GATWICK,SWITZERLAND,ZURICH,SWISS AIRLINES,A,C, 0 , 1 , 0 , 0 , 0 , 0 , 0 , 0 , 0 , 0 , 0 , 0 , 0 
31-Jan-2006 10:28,200511,GATWICK,THAILAND,BANGKOK,PHUKET AIRLINES,A,S, 0 , 0 , 0 , 0 , 0 , 0 , 0 , 0 , 0 , 0 , 17 , 82.3529411764706 , 20 
31-Jan-2006 10:28,200511,GATWICK,THAILAND,BANGKOK,PHUKET AIRLINES,D,S, 0 , 0 , 0 , 0 , 0 , 0 , 0 , 0 , 0 , 0 , 17 , 82.3529411764706 , 6.41176470588235 
31-Jan-2006 10:28,200511,GATWICK,TRINIDAD AND TOBAGO,TOBAGO,BRITISH AIRWAYS PLC,A,S, 13 , 0 , 53.8461538461538 , 30.7692307692308 , 7.69230769230769 , 7.69230769230769 , 0 , 0 , 16.4615384615385 , 0 , 13 , 46.1538461538462 , 38.7692307692308 
31-Jan-2006 10:28,200511,GATWICK,TRINIDAD AND TOBAGO,TOBAGO,BRITISH AIRWAYS PLC,D,S, 12 , 0 , 75 , 16.6666666666667 , 0 , 8.33333333333333 , 0 , 0 , 17.1666666666667 , 0 , 13 , 84.6153846153846 , 7.07692307692308 
31-Jan-2006 10:28,200511,GATWICK,TRINIDAD AND TOBAGO,TOBAGO,EXCEL AIRWAYS LTD,A,C, 5 , 0 , 40 , 20 , 20 , 0 , 0 , 20 , 92.6 , 0 , 2 , 50 , 14.5 
31-Jan-2006 10:28,200511,GATWICK,TRINIDAD AND TOBAGO,TOBAGO,EXCEL AIRWAYS LTD,D,C, 7 , 0 , 0 , 57.1428571428571 , 14.2857142857143 , 0 , 28.5714285714286 , 0 , 95.8571428571429 , 0 , 6 , 50 , 22 
31-Jan-2006 10:28,200511,GATWICK,TUNISIA,JERBA,NOUVELAIR TUNISIE,A,C, 1 , 0 , 100 , 0 , 0 , 0 , 0 , 0 , 2 , 0 , 0 , 0 , 0 
31-Jan-2006 10:28,200511,GATWICK,TUNISIA,JERBA,NOUVELAIR TUNISIE,D,C, 1 , 0 , 100 , 0 , 0 , 0 , 0 , 0 , 0 , 0 , 0 , 0 , 0 
31-Jan-2006 10:28,200511,GATWICK,TUNISIA,MONASTIR,FIRST CHOICE AIRWAYS LTD,A,C, 3 , 0 , 33.3333333333333 , 0 , 66.6666666666667 , 0 , 0 , 0 , 30.6666666666667 , 0 , 4 , 75 , 31.5 
31-Jan-2006 10:28,200511,GATWICK,TUNISIA,MONASTIR,FIRST CHOICE AIRWAYS LTD,D,C, 3 , 0 , 66.6666666666667 , 33.3333333333333 , 0 , 0 , 0 , 0 , 6.66666666666667 , 0 , 3 , 66.6666666666667 , 7.66666666666667 
31-Jan-2006 10:28,200511,GATWICK,TUNISIA,MONASTIR,MY TRAVEL AIRWAYS UK,A,C, 4 , 0 , 100 , 0 , 0 , 0 , 0 , 0 , 0 , 0 , 0 , 0 , 0 
31-Jan-2006 10:28,200511,GATWICK,TUNISIA,MONASTIR,MY TRAVEL AIRWAYS UK,D,C, 4 , 0 , 75 , 25 , 0 , 0 , 0 , 0 , 5.5 , 0 , 0 , 0 , 0 
31-Jan-2006 10:28,200511,GATWICK,TUNISIA,MONASTIR,NOUVELAIR TUNISIE,A,S, 0 , 0 , 0 , 0 , 0 , 0 , 0 , 0 , 0 , 0 , 7 , 14.2857142857143 , 61.1428571428571 
31-Jan-2006 10:28,200511,GATWICK,TUNISIA,MONASTIR,NOUVELAIR TUNISIE,D,S, 1 , 0 , 0 , 0 , 100 , 0 , 0 , 0 , 39 , 0 , 7 , 14.2857142857143 , 75.8571428571429 
31-Jan-2006 10:28,200511,GATWICK,TUNISIA,MONASTIR,THOMAS COOK AIRLINES LTD,A,C, 8 , 0 , 62.5 , 0 , 37.5 , 0 , 0 , 0 , 16.875 , 0 , 9 , 77.7777777777778 , 5.66666666666667 
31-Jan-2006 10:28,200511,GATWICK,TUNISIA,MONASTIR,THOMAS COOK AIRLINES LTD,D,C, 8 , 0 , 75 , 25 , 0 , 0 , 0 , 0 , 8.875 , 0 , 8 , 87.5 , 6.125 
31-Jan-2006 10:28,200511,GATWICK,TUNISIA,MONASTIR,THOMSONFLY LTD,A,C, 9 , 1 , 88.8888888888889 , 0 , 0 , 11.1111111111111 , 0 , 0 , 13.3333333333333 , 0 , 9 , 100 , 4.66666666666667 
31-Jan-2006 10:28,200511,GATWICK,TUNISIA,MONASTIR,THOMSONFLY LTD,D,C, 9 , 0 , 77.7777777777778 , 0 , 11.1111111111111 , 0 , 0 , 11.1111111111111 , 110.444444444444 , 0 , 8 , 100 , 0.5 
31-Jan-2006 10:28,200511,GATWICK,TUNISIA,TUNIS,GB AIRWAYS LTD,A,S, 21 , 1 , 47.6190476190476 , 23.8095238095238 , 19.047619047619 , 9.52380952380952 , 0 , 0 , 27.5714285714286 , 0 , 17 , 70.5882352941177 , 10.8823529411765 
31-Jan-2006 10:28,200511,GATWICK,TUNISIA,TUNIS,GB AIRWAYS LTD,D,S, 22 , 0 , 72.7272727272727 , 13.6363636363636 , 4.54545454545455 , 4.54545454545455 , 4.54545454545455 , 0 , 20.1363636363636 , 0 , 17 , 76.4705882352941 , 11.2941176470588 
31-Jan-2006 10:28,200511,GATWICK,TURKEY,ANTALYA,FIRST CHOICE AIRWAYS LTD,A,C, 0 , 0 , 0 , 0 , 0 , 0 , 0 , 0 , 0 , 0 , 1 , 100 , 0 
31-Jan-2006 10:28,200511,GATWICK,TURKEY,ANTALYA,FIRST CHOICE AIRWAYS LTD,D,C, 0 , 0 , 0 , 0 , 0 , 0 , 0 , 0 , 0 , 0 , 3 , 100 , 0 
31-Jan-2006 10:28,200511,GATWICK,TURKEY,ANTALYA,MY TRAVEL AIRWAYS UK,A,C, 0 , 0 , 0 , 0 , 0 , 0 , 0 , 0 , 0 , 0 , 1 , 0 , 166 
31-Jan-2006 10:28,200511,GATWICK,TURKEY,ANTALYA,THOMAS COOK AIRLINES LTD,A,C, 8 , 2 , 75 , 0 , 0 , 25 , 0 , 0 , 24.75 , 0 , 11 , 90.9090909090909 , 14.1818181818182 
31-Jan-2006 10:28,200511,GATWICK,TURKEY,ANTALYA,THOMAS COOK AIRLINES LTD,D,C, 10 , 0 , 60 , 10 , 0 , 30 , 0 , 0 , 25.3 , 0 , 8 , 87.5 , 24.375 
31-Jan-2006 10:28,200511,GATWICK,TURKEY,BODRUM (MILAS),EXCEL AIRWAYS LTD,A,C, 0 , 0 , 0 , 0 , 0 , 0 , 0 , 0 , 0 , 0 , 1 , 100 , 0 
31-Jan-2006 10:28,200511,GATWICK,TURKEY,BODRUM (MILAS),FIRST CHOICE AIRWAYS LTD,A,C, 0 , 0 , 0 , 0 , 0 , 0 , 0 , 0 , 0 , 0 , 1 , 100 , 0 
31-Jan-2006 10:28,200511,GATWICK,TURKEY,BODRUM (MILAS),MONARCH AIRLINES,A,C, 0 , 0 , 0 , 0 , 0 , 0 , 0 , 0 , 0 , 0 , 1 , 100 , 0 
31-Jan-2006 10:28,200511,GATWICK,TURKEY,BODRUM (MILAS),MY TRAVEL AIRWAYS UK,A,C, 0 , 1 , 0 , 0 , 0 , 0 , 0 , 0 , 0 , 0 , 0 , 0 , 0 
31-Jan-2006 10:28,200511,GATWICK,TURKEY,BODRUM (MILAS),THOMAS COOK AIRLINES LTD,A,C, 2 , 0 , 100 , 0 , 0 , 0 , 0 , 0 , 0 , 0 , 1 , 100 , 0 
31-Jan-2006 10:28,200511,GATWICK,TURKEY,BODRUM (MILAS),THOMSONFLY LTD,A,C, 0 , 0 , 0 , 0 , 0 , 0 , 0 , 0 , 0 , 0 , 1 , 100 , 0 
31-Jan-2006 10:28,200511,GATWICK,TURKEY,DALAMAN,EXCEL AIRWAYS LTD,A,C, 0 , 0 , 0 , 0 , 0 , 0 , 0 , 0 , 0 , 0 , 3 , 66.6666666666667 , 22.6666666666667 
31-Jan-2006 10:28,200511,GATWICK,TURKEY,DALAMAN,FIRST CHOICE AIRWAYS LTD,A,C, 0 , 0 , 0 , 0 , 0 , 0 , 0 , 0 , 0 , 0 , 2 , 100 , 0 
31-Jan-2006 10:28,200511,GATWICK,TURKEY,DALAMAN,FLYJET LTD,A,C, 0 , 0 , 0 , 0 , 0 , 0 , 0 , 0 , 0 , 0 , 1 , 0 , 18 
31-Jan-2006 10:28,200511,GATWICK,TURKEY,DALAMAN,MONARCH AIRLINES,A,C, 0 , 0 , 0 , 0 , 0 , 0 , 0 , 0 , 0 , 0 , 1 , 100 , 4 
31-Jan-2006 10:28,200511,GATWICK,TURKEY,DALAMAN,MY TRAVEL AIRWAYS UK,A,C, 1 , 0 , 0 , 0 , 0 , 100 , 0 , 0 , 162 , 0 , 0 , 0 , 0 
31-Jan-2006 10:28,200511,GATWICK,TURKEY,DALAMAN,ONUR AIR,A,C, 3 , 0 , 100 , 0 , 0 , 0 , 0 , 0 , 2.33333333333333 , 0 , 0 , 0 , 0 
31-Jan-2006 10:28,200511,GATWICK,TURKEY,DALAMAN,ONUR AIR,D,C, 3 , 0 , 100 , 0 , 0 , 0 , 0 , 0 , 0 , 0 , 0 , 0 , 0 
31-Jan-2006 10:28,200511,GATWICK,TURKEY,DALAMAN,PEGASUS AIRLINES,A,C, 0 , 0 , 0 , 0 , 0 , 0 , 0 , 0 , 0 , 0 , 1 , 0 , 26 
31-Jan-2006 10:28,200511,GATWICK,TURKEY,DALAMAN,THOMAS COOK AIRLINES LTD,A,C, 7 , 0 , 57.1428571428571 , 42.8571428571429 , 0 , 0 , 0 , 0 , 11 , 0 , 4 , 75 , 42.25 
31-Jan-2006 10:28,200511,GATWICK,TURKEY,DALAMAN,THOMAS COOK AIRLINES LTD,D,C, 4 , 0 , 100 , 0 , 0 , 0 , 0 , 0 , 4.75 , 0 , 0 , 0 , 0 
31-Jan-2006 10:28,200511,GATWICK,TURKEY,DALAMAN,THOMSONFLY LTD,A,C, 0 , 0 , 0 , 0 , 0 , 0 , 0 , 0 , 0 , 0 , 1 , 100 , 0 
31-Jan-2006 10:28,200511,GATWICK,TURKEY,ISTANBUL (SABIHA GOKCEN),NETJETS TRANSPORTES AEREOS,D,C, 0 , 1 , 0 , 0 , 0 , 0 , 0 , 0 , 0 , 0 , 0 , 0 , 0 
31-Jan-2006 10:28,200511,GATWICK,TURKEY,IZMIR (ADNAM MENDERES),THOMAS COOK AIRLINES LTD,A,C, 0 , 0 , 0 , 0 , 0 , 0 , 0 , 0 , 0 , 0 , 1 , 100 , 0 
31-Jan-2006 10:28,200511,GATWICK,UKRAINE,KIEV (BORISPOL),UKRAINE INTERNATIONAL AIRLINES,A,S, 30 , 0 , 80 , 6.66666666666667 , 0 , 13.3333333333333 , 0 , 0 , 20.4666666666667 , 0 , 30 , 66.6666666666667 , 25.7333333333333 
31-Jan-2006 10:28,200511,GATWICK,UKRAINE,KIEV (BORISPOL),UKRAINE INTERNATIONAL AIRLINES,D,S, 30 , 0 , 86.6666666666667 , 0 , 6.66666666666667 , 6.66666666666667 , 0 , 0 , 12.8333333333333 , 0 , 30 , 86.6666666666667 , 16.9 
31-Jan-2006 10:28,200511,GATWICK,UKRAINE,ODESSA,FIRST CHOICE AIRWAYS LTD,D,C, 0 , 0 , 0 , 0 , 0 , 0 , 0 , 0 , 0 , 0 , 1 , 0 , 18 
31-Jan-2006 10:28,200511,GATWICK,UKRAINE,SIMFEROPOL,ASTRAEUS LTD,A,C, 0 , 0 , 0 , 0 , 0 , 0 , 0 , 0 , 0 , 0 , 1 , 0 , 56 
31-Jan-2006 10:28,200511,GATWICK,UNITED ARAB EMIRATES,ABU DHABI INTERNATIONAL,ETIHAD AIRWAYS,A,S, 26 , 0 , 92.3076923076923 , 0 , 7.69230769230769 , 0 , 0 , 0 , 2.88461538461538 , 0 , 28 , 100 , 1.10714285714286 
31-Jan-2006 10:28,200511,GATWICK,UNITED ARAB EMIRATES,ABU DHABI INTERNATIONAL,ETIHAD AIRWAYS,D,S, 26 , 0 , 80.7692307692308 , 15.3846153846154 , 3.84615384615385 , 0 , 0 , 0 , 8.42307692307692 , 0 , 30 , 86.6666666666667 , 6.16666666666667 
31-Jan-2006 10:28,200511,GATWICK,UNITED ARAB EMIRATES,DUBAI,EMIRATES,A,S, 90 , 0 , 86.6666666666667 , 6.66666666666667 , 3.33333333333333 , 3.33333333333333 , 0 , 0 , 7.72222222222222 , 0 , 90 , 83.3333333333333 , 6.96666666666667 
31-Jan-2006 10:28,200511,GATWICK,UNITED ARAB EMIRATES,DUBAI,EMIRATES,D,S, 90 , 0 , 77.7777777777778 , 10 , 7.77777777777778 , 3.33333333333333 , 1.11111111111111 , 0 , 13.1666666666667 , 0 , 90 , 90 , 5.82222222222222 
31-Jan-2006 10:28,200511,GATWICK,UNITED ARAB EMIRATES,DUBAI,FIRST CHOICE AIRWAYS LTD,A,C, 1 , 0 , 0 , 100 , 0 , 0 , 0 , 0 , 29 , 0 , 0 , 0 , 0 
31-Jan-2006 10:28,200511,GATWICK,UNITED KINGDOM,ABERDEEN,BRITISH AIRWAYS PLC,A,S, 110 , 0 , 67.2727272727273 , 14.5454545454545 , 14.5454545454545 , 3.63636363636364 , 0 , 0 , 15.8272727272727 , 0 , 112 , 85.7142857142857 , 7.32142857142857 
31-Jan-2006 10:28,200511,GATWICK,UNITED KINGDOM,ABERDEEN,BRITISH AIRWAYS PLC,D,S, 110 , 0 , 74.5454545454545 , 12.7272727272727 , 7.27272727272727 , 5.45454545454545 , 0 , 0 , 13.8181818181818 , 0 , 112 , 94.6428571428572 , 3.54464285714286 
31-Jan-2006 10:28,200511,GATWICK,UNITED KINGDOM,BELFAST CITY,FLYBE LTD,A,S, 107 , 0 , 81.3084112149533 , 5.60747663551402 , 8.41121495327103 , 3.73831775700935 , 0.934579439252336 , 0 , 13.4579439252336 , 1 , 108 , 95.3703703703704 , 2.65740740740741 
31-Jan-2006 10:28,200511,GATWICK,UNITED KINGDOM,BELFAST CITY,FLYBE LTD,D,S, 107 , 0 , 81.3084112149533 , 11.214953271028 , 2.80373831775701 , 2.80373831775701 , 1.86915887850467 , 0 , 12.8224299065421 , 1 , 108 , 97.2222222222222 , 2.41666666666667 
31-Jan-2006 10:28,200511,GATWICK,UNITED KINGDOM,BELFAST INTERNATIONAL,EASYJET AIRLINE COMPANY LTD,A,S, 116 , 0 , 86.2068965517241 , 7.75862068965517 , 4.31034482758621 , 1.72413793103448 , 0 , 0 , 6.49137931034483 , 0 , 116 , 77.5862068965517 , 11.6206896551724 
31-Jan-2006 10:28,200511,GATWICK,UNITED KINGDOM,BELFAST INTERNATIONAL,EASYJET AIRLINE COMPANY LTD,D,S, 117 , 0 , 75.2136752136752 , 16.2393162393162 , 5.98290598290598 , 2.56410256410256 , 0 , 0 , 11.1196581196581 , 0 , 116 , 76.7241379310345 , 10.1206896551724 
31-Jan-2006 10:28,200511,GATWICK,UNITED KINGDOM,BELFAST INTERNATIONAL,FUTURA AIRLINES,A,C, 0 , 0 , 0 , 0 , 0 , 0 , 0 , 0 , 0 , 0 , 1 , 0 , 33 
31-Jan-2006 10:28,200511,GATWICK,UNITED KINGDOM,BIRMINGHAM,THOMAS COOK AIRLINES LTD,A,C, 0 , 2 , 0 , 0 , 0 , 0 , 0 , 0 , 0 , 0 , 0 , 0 , 0 
31-Jan-2006 10:28,200511,GATWICK,UNITED KINGDOM,BIRMINGHAM,THOMSONFLY LTD,A,C, 0 , 0 , 0 , 0 , 0 , 0 , 0 , 0 , 0 , 0 , 1 , 0 , 16 
31-Jan-2006 10:28,200511,GATWICK,UNITED KINGDOM,BIRMINGHAM,THOMSONFLY LTD,D,C, 0 , 0 , 0 , 0 , 0 , 0 , 0 , 0 , 0 , 0 , 1 , 0 , 45 
31-Jan-2006 10:28,200511,GATWICK,UNITED KINGDOM,BOURNEMOUTH,THOMSONFLY LTD,A,C, 1 , 0 , 0 , 0 , 100 , 0 , 0 , 0 , 39 , 0 , 0 , 0 , 0 
31-Jan-2006 10:28,200511,GATWICK,UNITED KINGDOM,DURHAM TEES VALLEY,BMIBABY LTD,A,S, 26 , 0 , 92.3076923076923 , 3.84615384615385 , 3.84615384615385 , 0 , 0 , 0 , 3.38461538461538 , 0 , 0 , 0 , 0 
31-Jan-2006 10:28,200511,GATWICK,UNITED KINGDOM,DURHAM TEES VALLEY,BMIBABY LTD,D,S, 26 , 0 , 92.3076923076923 , 3.84615384615385 , 3.84615384615385 , 0 , 0 , 0 , 2.15384615384615 , 0 , 0 , 0 , 0 
31-Jan-2006 10:28,200511,GATWICK,UNITED KINGDOM,EDINBURGH,BRITISH AIRWAYS PLC,A,S, 158 , 0 , 70.8860759493671 , 13.9240506329114 , 8.86075949367089 , 6.32911392405063 , 0 , 0 , 16.5443037974684 , 1 , 192 , 72.9166666666667 , 11.7395833333333 
31-Jan-2006 10:28,200511,GATWICK,UNITED KINGDOM,EDINBURGH,BRITISH AIRWAYS PLC,D,S, 159 , 0 , 81.1320754716981 , 6.28930817610063 , 8.17610062893082 , 4.40251572327044 , 0 , 0 , 10.5723270440252 , 0 , 192 , 82.8125 , 8.21354166666667 
31-Jan-2006 10:28,200511,GATWICK,UNITED KINGDOM,EDINBURGH,EASYJET AIRLINE COMPANY LTD,A,S, 112 , 0 , 88.3928571428572 , 4.46428571428571 , 2.67857142857143 , 4.46428571428571 , 0 , 0 , 6.91071428571429 , 0 , 112 , 72.3214285714286 , 12.5446428571429 
31-Jan-2006 10:28,200511,GATWICK,UNITED KINGDOM,EDINBURGH,EASYJET AIRLINE COMPANY LTD,D,S, 112 , 0 , 86.6071428571429 , 8.03571428571429 , 2.67857142857143 , 2.67857142857143 , 0 , 0 , 7.39285714285714 , 0 , 112 , 65.1785714285714 , 16.1964285714286 
31-Jan-2006 10:28,200511,GATWICK,UNITED KINGDOM,EDINBURGH,NETJETS TRANSPORTES AEREOS,A,C, 0 , 1 , 0 , 0 , 0 , 0 , 0 , 0 , 0 , 0 , 0 , 0 , 0 
31-Jan-2006 10:28,200511,GATWICK,UNITED KINGDOM,EDINBURGH,NETJETS TRANSPORTES AEREOS,D,C, 0 , 1 , 0 , 0 , 0 , 0 , 0 , 0 , 0 , 0 , 0 , 0 , 0 
31-Jan-2006 10:28,200511,GATWICK,UNITED KINGDOM,EXETER,EUROCYPRIA AIRLINES LTD,D,C, 0 , 0 , 0 , 0 , 0 , 0 , 0 , 0 , 0 , 0 , 1 , 100 , 0 
31-Jan-2006 10:28,200511,GATWICK,UNITED KINGDOM,GLASGOW,BRITISH AIRWAYS PLC,A,S, 159 , 0 , 66.0377358490566 , 21.3836477987421 , 8.17610062893082 , 4.40251572327044 , 0 , 0 , 13.6352201257862 , 0 , 158 , 84.1772151898734 , 9.15189873417722 
31-Jan-2006 10:28,200511,GATWICK,UNITED KINGDOM,GLASGOW,BRITISH AIRWAYS PLC,D,S, 159 , 0 , 81.7610062893082 , 8.80503144654088 , 6.28930817610063 , 3.14465408805031 , 0 , 0 , 9.58490566037736 , 0 , 159 , 82.3899371069182 , 8.86163522012579 
31-Jan-2006 10:28,200511,GATWICK,UNITED KINGDOM,GLASGOW,THOMSONFLY LTD,D,C, 1 , 0 , 100 , 0 , 0 , 0 , 0 , 0 , 13 , 0 , 0 , 0 , 0 
31-Jan-2006 10:28,200511,GATWICK,UNITED KINGDOM,GUERNSEY,AURIGNY AIR SERVICES,A,S, 117 , 0 , 88.034188034188 , 2.56410256410256 , 3.41880341880342 , 4.27350427350427 , 1.70940170940171 , 0 , 12.4529914529915 , 3 , 120 , 94.1666666666667 , 2.88333333333333 
31-Jan-2006 10:28,200511,GATWICK,UNITED KINGDOM,GUERNSEY,AURIGNY AIR SERVICES,D,S, 117 , 0 , 87.1794871794872 , 3.41880341880342 , 2.56410256410256 , 5.12820512820513 , 1.70940170940171 , 0 , 12.7521367521368 , 3 , 120 , 96.6666666666667 , 2.675 
31-Jan-2006 10:28,200511,GATWICK,UNITED KINGDOM,GUERNSEY,FLYBE LTD,A,S, 136 , 0 , 97.0588235294118 , 1.47058823529412 , 0.735294117647059 , 0.735294117647059 , 0 , 0 , 3.22058823529412 , 2 , 134 , 95.5223880597015 , 3.26119402985075 
31-Jan-2006 10:28,200511,GATWICK,UNITED KINGDOM,GUERNSEY,FLYBE LTD,D,S, 136 , 0 , 98.5294117647059 , 0 , 0.735294117647059 , 0.735294117647059 , 0 , 0 , 2.72794117647059 , 2 , 134 , 94.7761194029851 , 5.79850746268657 
31-Jan-2006 10:28,200511,GATWICK,UNITED KINGDOM,HEATHROW,BRITISH AIRWAYS PLC,D,S, 0 , 1 , 0 , 0 , 0 , 0 , 0 , 0 , 0 , 0 , 0 , 0 , 0 
31-Jan-2006 10:28,200511,GATWICK,UNITED KINGDOM,INVERNESS,BRITISH AIRWAYS CITIEXPRESS LTD,A,S, 80 , 0 , 85 , 7.5 , 3.75 , 2.5 , 1.25 , 0 , 11.8375 , 0 , 82 , 89.0243902439024 , 5.67073170731707 
31-Jan-2006 10:28,200511,GATWICK,UNITED KINGDOM,INVERNESS,BRITISH AIRWAYS CITIEXPRESS LTD,D,S, 80 , 0 , 91.25 , 2.5 , 3.75 , 2.5 , 0 , 0 , 7.05 , 0 , 82 , 90.2439024390244 , 5.97560975609756 
31-Jan-2006 10:28,200511,GATWICK,UNITED KINGDOM,INVERNESS,EASYJET AIRLINE COMPANY LTD,A,S, 30 , 0 , 83.3333333333333 , 10 , 3.33333333333333 , 3.33333333333333 , 0 , 0 , 7.26666666666667 , 0 , 30 , 53.3333333333333 , 26.1333333333333 
31-Jan-2006 10:28,200511,GATWICK,UNITED KINGDOM,INVERNESS,EASYJET AIRLINE COMPANY LTD,D,S, 30 , 0 , 90 , 6.66666666666667 , 3.33333333333333 , 0 , 0 , 0 , 5.06666666666667 , 0 , 30 , 40 , 28.4333333333333 
31-Jan-2006 10:28,200511,GATWICK,UNITED KINGDOM,ISLE OF MAN,BA CITIEXPRESS (IOM) LTD,A,S, 0 , 0 , 0 , 0 , 0 , 0 , 0 , 0 , 0 , 0 , 81 , 88.8888888888889 , 7.72839506172839 
31-Jan-2006 10:28,200511,GATWICK,UNITED KINGDOM,ISLE OF MAN,BA CITIEXPRESS (IOM) LTD,D,S, 0 , 0 , 0 , 0 , 0 , 0 , 0 , 0 , 0 , 0 , 81 , 90.1234567901235 , 5.81481481481481 
31-Jan-2006 10:28,200511,GATWICK,UNITED KINGDOM,ISLE OF MAN,BRITISH AIRWAYS CITIEXPRESS LTD,A,S, 82 , 0 , 85.3658536585366 , 7.31707317073171 , 1.21951219512195 , 6.09756097560976 , 0 , 0 , 11.3292682926829 , 0 , 0 , 0 , 0 
31-Jan-2006 10:28,200511,GATWICK,UNITED KINGDOM,ISLE OF MAN,BRITISH AIRWAYS CITIEXPRESS LTD,D,S, 82 , 0 , 82.9268292682927 , 7.31707317073171 , 3.65853658536585 , 6.09756097560976 , 0 , 0 , 12.6829268292683 , 0 , 0 , 0 , 0 
31-Jan-2006 10:28,200511,GATWICK,UNITED KINGDOM,JERSEY,BRITISH AIRWAYS PLC,A,S, 149 , 0 , 80.5369127516779 , 12.751677852349 , 4.69798657718121 , 2.01342281879195 , 0 , 0 , 8.91275167785235 , 0 , 150 , 92 , 4.99333333333333 
31-Jan-2006 10:28,200511,GATWICK,UNITED KINGDOM,JERSEY,BRITISH AIRWAYS PLC,D,S, 149 , 0 , 89.9328859060403 , 6.04026845637584 , 2.01342281879195 , 2.01342281879195 , 0 , 0 , 6.86577181208054 , 0 , 150 , 90 , 4.88 
31-Jan-2006 10:28,200511,GATWICK,UNITED KINGDOM,JERSEY,FLYBE LTD,A,S, 115 , 0 , 88.695652173913 , 5.21739130434783 , 2.60869565217391 , 3.47826086956522 , 0 , 0 , 8.14782608695652 , 1 , 138 , 96.3768115942029 , 1.65942028985507 
31-Jan-2006 10:28,200511,GATWICK,UNITED KINGDOM,JERSEY,FLYBE LTD,D,S, 116 , 0 , 87.9310344827586 , 6.03448275862069 , 2.58620689655172 , 3.44827586206897 , 0 , 0 , 7.66379310344828 , 0 , 138 , 97.1014492753623 , 2.09420289855072 
31-Jan-2006 10:28,200511,GATWICK,UNITED KINGDOM,LUTON,EASYJET AIRLINE COMPANY LTD,A,S, 0 , 1 , 0 , 0 , 0 , 0 , 0 , 0 , 0 , 0 , 0 , 0 , 0 
31-Jan-2006 10:28,200511,GATWICK,UNITED KINGDOM,MANCHESTER,BMI REGIONAL,A,C, 0 , 1 , 0 , 0 , 0 , 0 , 0 , 0 , 0 , 0 , 0 , 0 , 0 
31-Jan-2006 10:28,200511,GATWICK,UNITED KINGDOM,MANCHESTER,BRITISH AIRWAYS PLC,A,S, 191 , 0 , 59.6858638743456 , 25.130890052356 , 7.85340314136126 , 6.28272251308901 , 1.04712041884817 , 0 , 21.1361256544503 , 0 , 193 , 70.9844559585492 , 12.1658031088083 
31-Jan-2006 10:28,200511,GATWICK,UNITED KINGDOM,MANCHESTER,BRITISH AIRWAYS PLC,D,S, 191 , 0 , 89.0052356020942 , 7.32984293193717 , 2.09424083769634 , 1.57068062827225 , 0 , 0 , 5.80104712041885 , 0 , 193 , 87.5647668393782 , 5.96373056994819 
31-Jan-2006 10:28,200511,GATWICK,UNITED KINGDOM,MANCHESTER,CHANNEL EXPRESS LTD ALSO T/A JET2.COM,A,S, 74 , 0 , 74.3243243243243 , 14.8648648648649 , 6.75675675675676 , 4.05405405405405 , 0 , 0 , 12.2972972972973 , 0 , 0 , 0 , 0 
31-Jan-2006 10:28,200511,GATWICK,UNITED KINGDOM,MANCHESTER,CHANNEL EXPRESS LTD ALSO T/A JET2.COM,D,S, 74 , 0 , 78.3783783783784 , 8.10810810810811 , 8.10810810810811 , 4.05405405405405 , 1.35135135135135 , 0 , 12.6351351351351 , 0 , 0 , 0 , 0 
31-Jan-2006 10:28,200511,GATWICK,UNITED KINGDOM,MANCHESTER,EXCEL AIRWAYS LTD,A,C, 0 , 0 , 0 , 0 , 0 , 0 , 0 , 0 , 0 , 0 , 1 , 100 , 13 
31-Jan-2006 10:28,200511,GATWICK,UNITED KINGDOM,MANCHESTER,EXCEL AIRWAYS LTD,D,C, 1 , 0 , 0 , 0 , 100 , 0 , 0 , 0 , 55 , 0 , 1 , 100 , 0 
31-Jan-2006 10:28,200511,GATWICK,UNITED KINGDOM,MANCHESTER,FIRST CHOICE AIRWAYS LTD,A,C, 5 , 0 , 20 , 40 , 20 , 0 , 20 , 0 , 55.8 , 0 , 2 , 100 , 0 
31-Jan-2006 10:28,200511,GATWICK,UNITED KINGDOM,MANCHESTER,FIRST CHOICE AIRWAYS LTD,D,C, 5 , 0 , 60 , 20 , 0 , 0 , 20 , 0 , 45.2 , 0 , 3 , 100 , 0 
31-Jan-2006 10:28,200511,GATWICK,UNITED KINGDOM,MANCHESTER,MONARCH AIRLINES,A,C, 1 , 0 , 100 , 0 , 0 , 0 , 0 , 0 , 13 , 0 , 0 , 0 , 0 
31-Jan-2006 10:28,200511,GATWICK,UNITED KINGDOM,MANCHESTER,MONARCH AIRLINES,D,C, 0 , 1 , 0 , 0 , 0 , 0 , 0 , 0 , 0 , 0 , 0 , 0 , 0 
31-Jan-2006 10:28,200511,GATWICK,UNITED KINGDOM,MANCHESTER,MY TRAVEL AIRWAYS UK,A,C, 0 , 6 , 0 , 0 , 0 , 0 , 0 , 0 , 0 , 0 , 8 , 25 , 34.5 
31-Jan-2006 10:28,200511,GATWICK,UNITED KINGDOM,MANCHESTER,MY TRAVEL AIRWAYS UK,D,C, 6 , 0 , 50 , 0 , 0 , 50 , 0 , 0 , 41.6666666666667 , 0 , 7 , 28.5714285714286 , 43.1428571428571 
31-Jan-2006 10:28,200511,GATWICK,UNITED KINGDOM,MANCHESTER,THOMSONFLY LTD,A,C, 7 , 0 , 71.4285714285714 , 14.2857142857143 , 14.2857142857143 , 0 , 0 , 0 , 11.1428571428571 , 0 , 4 , 75 , 7 
31-Jan-2006 10:28,200511,GATWICK,UNITED KINGDOM,MANCHESTER,THOMSONFLY LTD,D,C, 6 , 0 , 66.6666666666667 , 33.3333333333333 , 0 , 0 , 0 , 0 , 7.83333333333333 , 0 , 3 , 100 , 0 
31-Jan-2006 10:28,200511,GATWICK,UNITED KINGDOM,NEWCASTLE,BRITISH AIRWAYS PLC,A,S, 116 , 0 , 76.7241379310345 , 16.3793103448276 , 5.17241379310345 , 1.72413793103448 , 0 , 0 , 10.198275862069 , 0 , 116 , 89.6551724137931 , 5.25862068965517 
31-Jan-2006 10:28,200511,GATWICK,UNITED KINGDOM,NEWCASTLE,BRITISH AIRWAYS PLC,D,S, 116 , 0 , 87.0689655172414 , 5.17241379310345 , 6.89655172413793 , 0.862068965517241 , 0 , 0 , 7.83620689655172 , 0 , 116 , 84.4827586206897 , 5.79310344827586 
31-Jan-2006 10:28,200511,GATWICK,UNITED KINGDOM,NEWQUAY,AIR SOUTHWEST,A,S, 0 , 0 , 0 , 0 , 0 , 0 , 0 , 0 , 0 , 0 , 1 , 100 , 3 
31-Jan-2006 10:28,200511,GATWICK,UNITED KINGDOM,NEWQUAY,AIR SOUTHWEST,D,S, 87 , 0 , 90.8045977011494 , 1.14942528735632 , 5.74712643678161 , 2.29885057471264 , 0 , 0 , 6.05747126436782 , 1 , 89 , 93.2584269662921 , 3.31460674157303 
31-Jan-2006 10:28,200511,GATWICK,UNITED KINGDOM,NOTTINGHAM EAST MIDLANDS INT'L,BMIBABY LTD,A,S, 0 , 0 , 0 , 0 , 0 , 0 , 0 , 0 , 0 , 0 , 1 , 100 , 0 
31-Jan-2006 10:28,200511,GATWICK,UNITED KINGDOM,NOTTINGHAM EAST MIDLANDS INT'L,BMIBABY LTD,D,S, 0 , 0 , 0 , 0 , 0 , 0 , 0 , 0 , 0 , 0 , 1 , 0 , 31 
31-Jan-2006 10:28,200511,GATWICK,UNITED KINGDOM,PLYMOUTH,AIR SOUTHWEST,A,S, 116 , 1 , 85.3448275862069 , 6.89655172413793 , 4.31034482758621 , 3.44827586206897 , 0 , 0 , 8.62068965517241 , 2 , 117 , 91.4529914529915 , 4.36752136752137 
31-Jan-2006 10:28,200511,GATWICK,UNITED KINGDOM,PLYMOUTH,AIR SOUTHWEST,D,S, 30 , 0 , 96.6666666666667 , 0 , 3.33333333333333 , 0 , 0 , 0 , 5.13333333333333 , 0 , 30 , 96.6666666666667 , 3.6 
31-Jan-2006 10:28,200511,GATWICK,UNITED KINGDOM,STANSTED,NOUVELAIR TUNISIE,A,C, 1 , 0 , 100 , 0 , 0 , 0 , 0 , 0 , 12 , 0 , 0 , 0 , 0 
31-Jan-2006 10:28,200511,GATWICK,USA,ATLANTA,BRITISH AIRWAYS PLC,A,S, 30 , 0 , 33.3333333333333 , 23.3333333333333 , 43.3333333333333 , 0 , 0 , 0 , 25.6666666666667 , 0 , 29 , 65.5172413793103 , 11.551724137931 
31-Jan-2006 10:28,200511,GATWICK,USA,ATLANTA,BRITISH AIRWAYS PLC,D,S, 30 , 0 , 80 , 13.3333333333333 , 3.33333333333333 , 3.33333333333333 , 0 , 0 , 10.3666666666667 , 0 , 30 , 86.6666666666667 , 50.1333333333333 
31-Jan-2006 10:28,200511,GATWICK,USA,ATLANTA,DELTA AIRLINES,A,S, 72 , 0 , 63.8888888888889 , 18.0555555555556 , 13.8888888888889 , 4.16666666666667 , 0 , 0 , 14.3333333333333 , 0 , 90 , 57.7777777777778 , 16.7888888888889 
31-Jan-2006 10:28,200511,GATWICK,USA,ATLANTA,DELTA AIRLINES,D,S, 73 , 0 , 84.9315068493151 , 6.84931506849315 , 5.47945205479452 , 2.73972602739726 , 0 , 0 , 8.93150684931507 , 0 , 90 , 84.4444444444444 , 8.27777777777778 
31-Jan-2006 10:28,200511,GATWICK,USA,CHARLOTTE,US AIRWAYS,A,S, 30 , 0 , 60 , 40 , 0 , 0 , 0 , 0 , 10.4333333333333 , 0 , 30 , 66.6666666666667 , 15.4333333333333 
31-Jan-2006 10:28,200511,GATWICK,USA,CHARLOTTE,US AIRWAYS,D,S, 30 , 0 , 76.6666666666667 , 6.66666666666667 , 10 , 6.66666666666667 , 0 , 0 , 11.1 , 0 , 30 , 66.6666666666667 , 16.8666666666667 
31-Jan-2006 10:28,200511,GATWICK,USA,CINCINNATI,DELTA AIRLINES,A,S, 30 , 0 , 93.3333333333333 , 3.33333333333333 , 3.33333333333333 , 0 , 0 , 0 , 3.03333333333333 , 0 , 30 , 76.6666666666667 , 15.0666666666667 
31-Jan-2006 10:28,200511,GATWICK,USA,CINCINNATI,DELTA AIRLINES,D,S, 30 , 0 , 86.6666666666667 , 6.66666666666667 , 3.33333333333333 , 3.33333333333333 , 0 , 0 , 7.96666666666667 , 0 , 30 , 86.6666666666667 , 4.96666666666667 
31-Jan-2006 10:28,200511,GATWICK,USA,DALLAS/FORT WORTH,AMERICAN AIRLINES,A,S, 64 , 0 , 53.125 , 20.3125 , 15.625 , 9.375 , 1.5625 , 0 , 25.75 , 0 , 64 , 68.75 , 12.65625 
31-Jan-2006 10:28,200511,GATWICK,USA,DALLAS/FORT WORTH,AMERICAN AIRLINES,D,S, 64 , 0 , 68.75 , 15.625 , 9.375 , 6.25 , 0 , 0 , 16.15625 , 0 , 64 , 87.5 , 7.8125 
31-Jan-2006 10:28,200511,GATWICK,USA,DALLAS/FORT WORTH,BRITISH AIRWAYS PLC,A,S, 29 , 0 , 75.8620689655172 , 10.3448275862069 , 10.3448275862069 , 3.44827586206897 , 0 , 0 , 11.3103448275862 , 0 , 29 , 68.9655172413793 , 15.3448275862069 
31-Jan-2006 10:28,200511,GATWICK,USA,DALLAS/FORT WORTH,BRITISH AIRWAYS PLC,D,S, 29 , 0 , 75.8620689655172 , 17.2413793103448 , 3.44827586206897 , 3.44827586206897 , 0 , 0 , 11.5172413793103 , 0 , 29 , 79.3103448275862 , 12.9655172413793 
31-Jan-2006 10:28,200511,GATWICK,USA,DETROIT,NORTHWEST AIRLINES,A,S, 30 , 0 , 80 , 6.66666666666667 , 6.66666666666667 , 6.66666666666667 , 0 , 0 , 10.6333333333333 , 0 , 30 , 90 , 3.43333333333333 
31-Jan-2006 10:28,200511,GATWICK,USA,DETROIT,NORTHWEST AIRLINES,D,S, 30 , 0 , 93.3333333333333 , 3.33333333333333 , 3.33333333333333 , 0 , 0 , 0 , 6.9 , 0 , 30 , 93.3333333333333 , 10.2 
31-Jan-2006 10:28,200511,GATWICK,USA,HOUSTON,BRITISH AIRWAYS PLC,A,S, 46 , 0 , 80.4347826086956 , 10.8695652173913 , 2.17391304347826 , 6.52173913043478 , 0 , 0 , 12.2826086956522 , 0 , 43 , 69.7674418604651 , 20.6046511627907 
31-Jan-2006 10:28,200511,GATWICK,USA,HOUSTON,BRITISH AIRWAYS PLC,D,S, 46 , 0 , 82.6086956521739 , 13.0434782608696 , 2.17391304347826 , 2.17391304347826 , 0 , 0 , 9.43478260869565 , 0 , 42 , 80.9523809523809 , 12.5 
31-Jan-2006 10:28,200511,GATWICK,USA,HOUSTON,CONTINENTAL AIRLINES,A,S, 57 , 0 , 70.1754385964912 , 8.7719298245614 , 12.280701754386 , 8.7719298245614 , 0 , 0 , 20.4912280701754 , 0 , 57 , 59.6491228070175 , 17.719298245614 
31-Jan-2006 10:28,200511,GATWICK,USA,HOUSTON,CONTINENTAL AIRLINES,D,S, 57 , 0 , 78.9473684210526 , 8.7719298245614 , 3.50877192982456 , 8.7719298245614 , 0 , 0 , 15.3333333333333 , 0 , 57 , 87.719298245614 , 7.24561403508772 
31-Jan-2006 10:28,200511,GATWICK,USA,LAS VEGAS,VIRGIN ATLANTIC AIRWAYS LTD,A,S, 26 , 0 , 76.9230769230769 , 7.69230769230769 , 11.5384615384615 , 3.84615384615385 , 0 , 0 , 12.9615384615385 , 0 , 17 , 82.3529411764706 , 19.4705882352941 
31-Jan-2006 10:28,200511,GATWICK,USA,LAS VEGAS,VIRGIN ATLANTIC AIRWAYS LTD,D,S, 26 , 0 , 69.2307692307692 , 19.2307692307692 , 11.5384615384615 , 0 , 0 , 0 , 12.9230769230769 , 0 , 17 , 76.4705882352941 , 13.6470588235294 
31-Jan-2006 10:28,200511,GATWICK,USA,MIAMI INTERNATIONAL,THOMAS COOK AIRLINES LTD,A,C, 2 , 0 , 50 , 0 , 50 , 0 , 0 , 0 , 32 , 0 , 0 , 0 , 0 
31-Jan-2006 10:28,200511,GATWICK,USA,MIAMI INTERNATIONAL,THOMAS COOK AIRLINES LTD,D,C, 2 , 0 , 50 , 0 , 50 , 0 , 0 , 0 , 17.5 , 0 , 0 , 0 , 0 
31-Jan-2006 10:28,200511,GATWICK,USA,MINNEAPOLIS-ST PAUL,NORTHWEST AIRLINES,A,S, 0 , 0 , 0 , 0 , 0 , 0 , 0 , 0 , 0 , 0 , 30 , 90 , 8.46666666666667 
31-Jan-2006 10:28,200511,GATWICK,USA,MINNEAPOLIS-ST PAUL,NORTHWEST AIRLINES,D,S, 0 , 0 , 0 , 0 , 0 , 0 , 0 , 0 , 0 , 0 , 30 , 73.3333333333333 , 13 
31-Jan-2006 10:28,200511,GATWICK,USA,NEW YORK (JF KENNEDY),DELTA AIRLINES,D,S, 1 , 0 , 0 , 100 , 0 , 0 , 0 , 0 , 18 , 0 , 0 , 0 , 0 
31-Jan-2006 10:28,200511,GATWICK,USA,NEW YORK (JF KENNEDY),EOS AIRLINES,A,S, 0 , 1 , 0 , 0 , 0 , 0 , 0 , 0 , 0 , 0 , 0 , 0 , 0 
31-Jan-2006 10:28,200511,GATWICK,USA,NEW YORK (JF KENNEDY),MAXJET AIRWAYS,A,S, 0 , 2 , 0 , 0 , 0 , 0 , 0 , 0 , 0 , 0 , 0 , 0 , 0 
31-Jan-2006 10:28,200511,GATWICK,USA,NEW YORK (JF KENNEDY),MAXJET AIRWAYS,D,S, 0 , 1 , 0 , 0 , 0 , 0 , 0 , 0 , 0 , 0 , 0 , 0 , 0 
31-Jan-2006 10:28,200511,GATWICK,USA,NEW YORK (NEWARK),CONTINENTAL AIRLINES,A,S, 59 , 0 , 67.7966101694915 , 15.2542372881356 , 13.5593220338983 , 3.38983050847458 , 0 , 0 , 13.8813559322034 , 0 , 59 , 88.135593220339 , 5.01694915254237 
31-Jan-2006 10:28,200511,GATWICK,USA,NEW YORK (NEWARK),CONTINENTAL AIRLINES,D,S, 59 , 0 , 84.7457627118644 , 6.77966101694915 , 6.77966101694915 , 1.69491525423729 , 0 , 0 , 7.77966101694915 , 0 , 59 , 93.2203389830508 , 3.94915254237288 
31-Jan-2006 10:28,200511,GATWICK,USA,ORLANDO,BRITISH AIRWAYS PLC,A,S, 29 , 0 , 68.9655172413793 , 6.89655172413793 , 24.1379310344828 , 0 , 0 , 0 , 12.8965517241379 , 1 , 30 , 76.6666666666667 , 10.1333333333333 
31-Jan-2006 10:28,200511,GATWICK,USA,ORLANDO,BRITISH AIRWAYS PLC,D,S, 30 , 0 , 70 , 20 , 10 , 0 , 0 , 0 , 10.9 , 0 , 30 , 86.6666666666667 , 8.06666666666667 
31-Jan-2006 10:28,200511,GATWICK,USA,ORLANDO,VIRGIN ATLANTIC AIRWAYS LTD,A,S, 62 , 0 , 37.0967741935484 , 22.5806451612903 , 24.1935483870968 , 14.5161290322581 , 1.61290322580645 , 0 , 33.9354838709677 , 0 , 56 , 37.5 , 32.6428571428571 
31-Jan-2006 10:28,200511,GATWICK,USA,ORLANDO,VIRGIN ATLANTIC AIRWAYS LTD,D,S, 62 , 0 , 56.4516129032258 , 11.2903225806452 , 17.741935483871 , 12.9032258064516 , 1.61290322580645 , 0 , 30.4516129032258 , 0 , 55 , 49.0909090909091 , 31.8545454545455 
31-Jan-2006 10:28,200511,GATWICK,USA,PHILADELPHIA INTERNATIONAL,US AIRWAYS,A,S, 30 , 0 , 50 , 30 , 13.3333333333333 , 6.66666666666667 , 0 , 0 , 23.1333333333333 , 0 , 30 , 36.6666666666667 , 31.4333333333333 
31-Jan-2006 10:28,200511,GATWICK,USA,PHILADELPHIA INTERNATIONAL,US AIRWAYS,D,S, 30 , 0 , 60 , 33.3333333333333 , 6.66666666666667 , 0 , 0 , 0 , 11.9333333333333 , 0 , 30 , 60 , 22.2 
31-Jan-2006 10:28,200511,GATWICK,USA,RALEIGH,AMERICAN AIRLINES,A,S, 29 , 0 , 55.1724137931034 , 17.2413793103448 , 10.3448275862069 , 13.7931034482759 , 3.44827586206897 , 0 , 31.6896551724138 , 0 , 29 , 82.7586206896552 , 6.48275862068965 
31-Jan-2006 10:28,200511,GATWICK,USA,RALEIGH,AMERICAN AIRLINES,D,S, 29 , 0 , 86.2068965517241 , 6.89655172413793 , 3.44827586206897 , 3.44827586206897 , 0 , 0 , 11.1379310344828 , 0 , 28 , 78.5714285714286 , 9.71428571428571 
31-Jan-2006 10:28,200511,GATWICK,USA,SANFORD,AIR ATLANTA EUROPE LTD,A,C, 9 , 0 , 11.1111111111111 , 22.2222222222222 , 33.3333333333333 , 33.3333333333333 , 0 , 0 , 54.6666666666667 , 0 , 6 , 0 , 87.1666666666667 
31-Jan-2006 10:28,200511,GATWICK,USA,SANFORD,AIR ATLANTA EUROPE LTD,D,C, 6 , 1 , 33.3333333333333 , 0 , 66.6666666666667 , 0 , 0 , 0 , 32.6666666666667 , 0 , 4 , 0 , 90.75 
31-Jan-2006 10:28,200511,GATWICK,USA,SANFORD,EXCEL AIRWAYS LTD,A,C, 2 , 0 , 0 , 0 , 0 , 100 , 0 , 0 , 100.5 , 0 , 0 , 0 , 0 
31-Jan-2006 10:28,200511,GATWICK,USA,SANFORD,EXCEL AIRWAYS LTD,D,C, 2 , 0 , 0 , 0 , 50 , 50 , 0 , 0 , 64 , 0 , 0 , 0 , 0 
31-Jan-2006 10:28,200511,GATWICK,USA,SANFORD,FIRST CHOICE AIRWAYS LTD,A,C, 5 , 0 , 40 , 40 , 20 , 0 , 0 , 0 , 15.2 , 0 , 4 , 50 , 35.75 
31-Jan-2006 10:28,200511,GATWICK,USA,SANFORD,FIRST CHOICE AIRWAYS LTD,D,C, 4 , 0 , 50 , 25 , 25 , 0 , 0 , 0 , 16.5 , 0 , 4 , 75 , 15.75 
31-Jan-2006 10:28,200511,GATWICK,USA,SANFORD,MONARCH AIRLINES,A,C, 1 , 0 , 100 , 0 , 0 , 0 , 0 , 0 , 0 , 0 , 3 , 100 , 0 
31-Jan-2006 10:28,200511,GATWICK,USA,SANFORD,MY TRAVEL AIRWAYS UK,A,C, 6 , 0 , 83.3333333333333 , 0 , 0 , 16.6666666666667 , 0 , 0 , 14.1666666666667 , 0 , 6 , 66.6666666666667 , 33.1666666666667 
31-Jan-2006 10:28,200511,GATWICK,USA,SANFORD,MY TRAVEL AIRWAYS UK,D,C, 4 , 0 , 0 , 50 , 0 , 50 , 0 , 0 , 56.75 , 0 , 4 , 25 , 53 
31-Jan-2006 10:28,200511,GATWICK,USA,SANFORD,THOMAS COOK AIRLINES LTD,A,C, 0 , 0 , 0 , 0 , 0 , 0 , 0 , 0 , 0 , 0 , 1 , 100 , 0 
31-Jan-2006 10:28,200511,GATWICK,USA,SANFORD,THOMSONFLY LTD,A,C, 4 , 0 , 50 , 0 , 50 , 0 , 0 , 0 , 23.5 , 0 , 9 , 77.7777777777778 , 8.22222222222222 
31-Jan-2006 10:28,200511,GATWICK,USA,SANFORD,THOMSONFLY LTD,D,C, 4 , 0 , 75 , 0 , 25 , 0 , 0 , 0 , 12.5 , 0 , 8 , 62.5 , 13.625 
31-Jan-2006 10:28,200511,GATWICK,USA,TAMPA,BRITISH AIRWAYS PLC,A,S, 21 , 0 , 76.1904761904762 , 14.2857142857143 , 4.76190476190476 , 4.76190476190476 , 0 , 0 , 14 , 0 , 21 , 66.6666666666667 , 31.9047619047619 
31-Jan-2006 10:28,200511,GATWICK,USA,TAMPA,BRITISH AIRWAYS PLC,D,S, 21 , 0 , 80.9523809523809 , 4.76190476190476 , 9.52380952380952 , 0 , 4.76190476190476 , 0 , 16.4761904761905 , 0 , 21 , 61.9047619047619 , 24.1904761904762 
31-Jan-2006 10:28,200511,GATWICK,VENEZUELA,PORLAMAR,FIRST CHOICE AIRWAYS LTD,A,C, 2 , 0 , 50 , 0 , 50 , 0 , 0 , 0 , 17 , 0 , 2 , 100 , 0 
31-Jan-2006 10:28,200511,GATWICK,VENEZUELA,PORLAMAR,FIRST CHOICE AIRWAYS LTD,D,C, 2 , 0 , 100 , 0 , 0 , 0 , 0 , 0 , 6.5 , 0 , 2 , 100 , 0 
31-Jan-2006 10:28,200511,GATWICK,VIRGIN ISLANDS (U.S.A),ST THOMAS ISLANDS,FIRST CHOICE AIRWAYS LTD,A,C, 0 , 0 , 0 , 0 , 0 , 0 , 0 , 0 , 0 , 0 , 4 , 0 , 217.5 
31-Jan-2006 10:28,200511,GATWICK,ZIMBABWE,HARARE,AIR ZIMBABWE,A,S, 12 , 0 , 25 , 0 , 8.33333333333333 , 41.6666666666667 , 8.33333333333333 , 16.6666666666667 , 240.166666666667 , 9 , 13 , 23.0769230769231 , 38.3076923076923 
31-Jan-2006 10:28,200511,GATWICK,ZIMBABWE,HARARE,AIR ZIMBABWE,D,S, 12 , 0 , 50 , 0 , 8.33333333333333 , 16.6666666666667 , 8.33333333333333 , 16.6666666666667 , 164.583333333333 , 7 , 13 , 38.4615384615385 , 35.9230769230769 
31-Jan-2006 10:28,200511,GLASGOW,AUSTRIA,GRAZ,HAMBURG INTERNATIONAL,A,C, 0 , 0 , 0 , 0 , 0 , 0 , 0 , 0 , 0 , 0 , 1 , 100 , 5 
31-Jan-2006 10:28,200511,GLASGOW,AUSTRIA,GRAZ,HAMBURG INTERNATIONAL,D,C, 0 , 0 , 0 , 0 , 0 , 0 , 0 , 0 , 0 , 0 , 1 , 0 , 45 
31-Jan-2006 10:28,200511,GLASGOW,AUSTRIA,VIENNA,TRAVEL SERVICE AIRLINES,D,C, 0 , 0 , 0 , 0 , 0 , 0 , 0 , 0 , 0 , 0 , 1 , 100 , 10 
31-Jan-2006 10:28,200511,GLASGOW,BARBADOS,BRIDGETOWN,THOMSONFLY LTD,D,C, 1 , 0 , 100 , 0 , 0 , 0 , 0 , 0 , 5 , 0 , 1 , 0 , 16 
31-Jan-2006 10:28,200511,GLASGOW,BELGIUM,BRUSSELS,SN BRUSSELS AIRLINES,A,S, 36 , 0 , 91.6666666666667 , 5.55555555555556 , 2.77777777777778 , 0 , 0 , 0 , 3.52777777777778 , 1 , 0 , 0 , 0 
31-Jan-2006 10:28,200511,GLASGOW,BELGIUM,BRUSSELS,SN BRUSSELS AIRLINES,D,S, 35 , 0 , 82.8571428571429 , 11.4285714285714 , 0 , 5.71428571428571 , 0 , 0 , 8.08571428571429 , 1 , 0 , 0 , 0 
31-Jan-2006 10:28,200511,GLASGOW,CANADA,TORONTO,AIR TRANSAT,A,S, 4 , 0 , 75 , 0 , 25 , 0 , 0 , 0 , 16.5 , 0 , 4 , 100 , 0 
31-Jan-2006 10:28,200511,GLASGOW,CANADA,TORONTO,AIR TRANSAT,D,S, 4 , 0 , 25 , 25 , 50 , 0 , 0 , 0 , 31.25 , 0 , 4 , 75 , 7 
31-Jan-2006 10:28,200511,GLASGOW,CANADA,TORONTO,THOMAS COOK AIRLINES LTD,A,S, 0 , 0 , 0 , 0 , 0 , 0 , 0 , 0 , 0 , 0 , 1 , 100 , 0 
31-Jan-2006 10:28,200511,GLASGOW,CANADA,TORONTO,ZOOM AIRLINES,A,S, 4 , 6 , 100 , 0 , 0 , 0 , 0 , 0 , 6.75 , 0 , 4 , 25 , 29.25 
31-Jan-2006 10:28,200511,GLASGOW,CANADA,TORONTO,ZOOM AIRLINES,D,S, 4 , 4 , 25 , 0 , 25 , 50 , 0 , 0 , 80 , 0 , 5 , 100 , 4.8 
31-Jan-2006 10:28,200511,GLASGOW,CANADA,VANCOUVER,ZOOM AIRLINES,A,S, 4 , 0 , 75 , 0 , 0 , 25 , 0 , 0 , 31.25 , 0 , 1 , 100 , 0 
31-Jan-2006 10:28,200511,GLASGOW,CANADA,VANCOUVER,ZOOM AIRLINES,D,S, 4 , 0 , 50 , 0 , 25 , 25 , 0 , 0 , 50 , 0 , 4 , 75 , 13.75 
31-Jan-2006 10:28,200511,GLASGOW,CYPRUS,LARNACA,THOMAS COOK AIRLINES LTD,A,C, 3 , 0 , 100 , 0 , 0 , 0 , 0 , 0 , 4.33333333333333 , 0 , 0 , 0 , 0 
31-Jan-2006 10:28,200511,GLASGOW,CYPRUS,LARNACA,THOMAS COOK AIRLINES LTD,D,C, 3 , 0 , 100 , 0 , 0 , 0 , 0 , 0 , 4.33333333333333 , 0 , 0 , 0 , 0 
31-Jan-2006 10:28,200511,GLASGOW,CYPRUS,PAPHOS,EUROCYPRIA AIRLINES LTD,A,C, 4 , 0 , 100 , 0 , 0 , 0 , 0 , 0 , 2.5 , 0 , 4 , 75 , 53 
31-Jan-2006 10:28,200511,GLASGOW,CYPRUS,PAPHOS,EUROCYPRIA AIRLINES LTD,D,C, 3 , 0 , 100 , 0 , 0 , 0 , 0 , 0 , 4.33333333333333 , 0 , 4 , 50 , 52.5 
31-Jan-2006 10:28,200511,GLASGOW,CYPRUS,PAPHOS,FIRST CHOICE AIRWAYS LTD,A,S, 4 , 0 , 100 , 0 , 0 , 0 , 0 , 0 , 0 , 0 , 4 , 100 , 2.25 
31-Jan-2006 10:28,200511,GLASGOW,CYPRUS,PAPHOS,FIRST CHOICE AIRWAYS LTD,D,S, 4 , 0 , 100 , 0 , 0 , 0 , 0 , 0 , 1.25 , 0 , 4 , 100 , 5.5 
31-Jan-2006 10:28,200511,GLASGOW,CYPRUS,PAPHOS,THOMAS COOK AIRLINES LTD,A,C, 3 , 0 , 0 , 66.6666666666667 , 33.3333333333333 , 0 , 0 , 0 , 24.6666666666667 , 0 , 4 , 0 , 68 
31-Jan-2006 10:28,200511,GLASGOW,CYPRUS,PAPHOS,THOMAS COOK AIRLINES LTD,D,C, 4 , 0 , 75 , 0 , 0 , 25 , 0 , 0 , 26.75 , 0 , 3 , 66.6666666666667 , 15 
31-Jan-2006 10:28,200511,GLASGOW,CYPRUS,PAPHOS,THOMSONFLY LTD,A,C, 5 , 0 , 80 , 20 , 0 , 0 , 0 , 0 , 10.4 , 0 , 4 , 100 , 8.25 
31-Jan-2006 10:28,200511,GLASGOW,CYPRUS,PAPHOS,THOMSONFLY LTD,D,C, 5 , 0 , 100 , 0 , 0 , 0 , 0 , 0 , 3.4 , 0 , 4 , 100 , 3.75 
31-Jan-2006 10:28,200511,GLASGOW,CZECH REPUBLIC,PRAGUE,CSA,A,S, 0 , 1 , 0 , 0 , 0 , 0 , 0 , 0 , 0 , 0 , 30 , 70 , 13.7 
31-Jan-2006 10:28,200511,GLASGOW,CZECH REPUBLIC,PRAGUE,CSA,D,S, 0 , 0 , 0 , 0 , 0 , 0 , 0 , 0 , 0 , 0 , 29 , 75.8620689655172 , 12.7586206896552 
31-Jan-2006 10:28,200511,GLASGOW,CZECH REPUBLIC,PRAGUE,FLYGLOBESPAN,A,S, 30 , 0 , 60 , 26.6666666666667 , 6.66666666666667 , 6.66666666666667 , 0 , 0 , 15.7666666666667 , 0 , 26 , 53.8461538461538 , 20 
31-Jan-2006 10:28,200511,GLASGOW,CZECH REPUBLIC,PRAGUE,FLYGLOBESPAN,D,S, 30 , 0 , 73.3333333333333 , 13.3333333333333 , 6.66666666666667 , 6.66666666666667 , 0 , 0 , 14.9666666666667 , 0 , 26 , 57.6923076923077 , 10.8846153846154 
31-Jan-2006 10:28,200511,GLASGOW,CZECH REPUBLIC,PRAGUE,HAMBURG INTERNATIONAL,D,C, 1 , 0 , 100 , 0 , 0 , 0 , 0 , 0 , 6 , 0 , 0 , 0 , 0 
31-Jan-2006 10:28,200511,GLASGOW,DENMARK,COPENHAGEN,BMI REGIONAL,A,S, 30 , 1 , 93.3333333333333 , 3.33333333333333 , 3.33333333333333 , 0 , 0 , 0 , 2.36666666666667 , 0 , 25 , 68 , 13.68 
31-Jan-2006 10:28,200511,GLASGOW,DENMARK,COPENHAGEN,BMI REGIONAL,D,S, 30 , 0 , 96.6666666666667 , 0 , 3.33333333333333 , 0 , 0 , 0 , 2.86666666666667 , 0 , 26 , 92.3076923076923 , 7.76923076923077 
31-Jan-2006 10:28,200511,GLASGOW,EGYPT,SHARM EL SHEIKH (OPHIRA),THOMAS COOK AIRLINES LTD,A,C, 7 , 0 , 85.7142857142857 , 14.2857142857143 , 0 , 0 , 0 , 0 , 6.28571428571429 , 0 , 4 , 50 , 22.75 
31-Jan-2006 10:28,200511,GLASGOW,EGYPT,SHARM EL SHEIKH (OPHIRA),THOMAS COOK AIRLINES LTD,D,C, 8 , 0 , 100 , 0 , 0 , 0 , 0 , 0 , 2 , 0 , 5 , 100 , 3 
31-Jan-2006 10:28,200511,GLASGOW,EGYPT,SHARM EL SHEIKH (OPHIRA),THOMSONFLY LTD,A,C, 4 , 0 , 0 , 0 , 25 , 50 , 25 , 0 , 97.25 , 0 , 0 , 0 , 0 
31-Jan-2006 10:28,200511,GLASGOW,EGYPT,SHARM EL SHEIKH (OPHIRA),THOMSONFLY LTD,D,C, 4 , 0 , 25 , 0 , 75 , 0 , 0 , 0 , 33.5 , 0 , 0 , 0 , 0 
31-Jan-2006 10:28,200511,GLASGOW,ESTONIA,TALLIN,ESTONIAN AIR,A,C, 1 , 0 , 100 , 0 , 0 , 0 , 0 , 0 , 0 , 0 , 0 , 0 , 0 
31-Jan-2006 10:28,200511,GLASGOW,FINLAND,HELSINKI,AVANTI AIR BEDARFSFLUGGES,A,C, 0 , 1 , 0 , 0 , 0 , 0 , 0 , 0 , 0 , 0 , 0 , 0 , 0 
31-Jan-2006 10:28,200511,GLASGOW,FRANCE,PARIS (CHARLES DE GAULLE),BRITISH AIRWAYS CITIEXPRESS LTD,A,S, 27 , 0 , 88.8888888888889 , 0 , 7.40740740740741 , 3.7037037037037 , 0 , 0 , 6.03703703703704 , 0 , 25 , 84 , 6.52 
31-Jan-2006 10:28,200511,GLASGOW,FRANCE,PARIS (CHARLES DE GAULLE),BRITISH AIRWAYS CITIEXPRESS LTD,D,S, 2 , 0 , 50 , 0 , 0 , 50 , 0 , 0 , 35.5 , 0 , 26 , 92.3076923076923 , 5.26923076923077 
31-Jan-2006 10:28,200511,GLASGOW,FRANCE,PARIS (CHARLES DE GAULLE),GREECE AIRWAYS,A,S, 2 , 0 , 100 , 0 , 0 , 0 , 0 , 0 , 0 , 0 , 0 , 0 , 0 
31-Jan-2006 10:28,200511,GLASGOW,FRANCE,PARIS (CHARLES DE GAULLE),GREECE AIRWAYS,D,S, 2 , 0 , 100 , 0 , 0 , 0 , 0 , 0 , 1.5 , 0 , 0 , 0 , 0 
31-Jan-2006 10:28,200511,GLASGOW,GERMANY,FRANKFURT MAIN,BRITISH AIRWAYS CITIEXPRESS LTD,A,S, 29 , 0 , 89.6551724137931 , 6.89655172413793 , 0 , 3.44827586206897 , 0 , 0 , 5.3448275862069 , 0 , 22 , 86.3636363636364 , 7.13636363636364 
31-Jan-2006 10:28,200511,GLASGOW,GERMANY,FRANKFURT MAIN,BRITISH AIRWAYS CITIEXPRESS LTD,D,S, 3 , 0 , 66.6666666666667 , 33.3333333333333 , 0 , 0 , 0 , 0 , 12 , 0 , 0 , 0 , 0 
31-Jan-2006 10:28,200511,GLASGOW,GERMANY,HANOVER,BRITISH AIRWAYS CITIEXPRESS LTD,A,S, 0 , 1 , 0 , 0 , 0 , 0 , 0 , 0 , 0 , 0 , 0 , 0 , 0 
31-Jan-2006 10:28,200511,GLASGOW,GERMANY,MUNICH,BRITISH AIRWAYS CITIEXPRESS LTD,A,S, 24 , 0 , 75 , 16.6666666666667 , 8.33333333333333 , 0 , 0 , 0 , 8.625 , 0 , 26 , 96.1538461538462 , 5.34615384615385 
31-Jan-2006 10:28,200511,GLASGOW,GERMANY,MUNICH,BRITISH AIRWAYS CITIEXPRESS LTD,D,S, 21 , 0 , 95.2380952380952 , 4.76190476190476 , 0 , 0 , 0 , 0 , 5.47619047619048 , 0 , 22 , 90.9090909090909 , 7.31818181818182 
31-Jan-2006 10:28,200511,GLASGOW,GREECE,ATHENS,GREECE AIRWAYS,A,S, 0 , 0 , 0 , 0 , 0 , 0 , 0 , 0 , 0 , 0 , 8 , 75 , 6.5 
31-Jan-2006 10:28,200511,GLASGOW,GREECE,ATHENS,GREECE AIRWAYS,D,S, 0 , 0 , 0 , 0 , 0 , 0 , 0 , 0 , 0 , 0 , 8 , 87.5 , 4 
31-Jan-2006 10:28,200511,GLASGOW,GREECE,RHODES,THOMSONFLY LTD,A,C, 1 , 0 , 100 , 0 , 0 , 0 , 0 , 0 , 11 , 0 , 0 , 0 , 0 
31-Jan-2006 10:28,200511,GLASGOW,HUNGARY,BUDAPEST,SLOVAK AL(SLOVENSKE AEROLINIE),A,C, 1 , 0 , 0 , 100 , 0 , 0 , 0 , 0 , 30 , 0 , 0 , 0 , 0 
31-Jan-2006 10:28,200511,GLASGOW,ICELAND,AKUREYRI,ICELANDAIR,A,C, 1 , 0 , 100 , 0 , 0 , 0 , 0 , 0 , 0 , 0 , 0 , 0 , 0 
31-Jan-2006 10:28,200511,GLASGOW,ICELAND,AKUREYRI,ICELANDAIR,D,C, 1 , 0 , 0 , 100 , 0 , 0 , 0 , 0 , 20 , 0 , 0 , 0 , 0 
31-Jan-2006 10:28,200511,GLASGOW,ICELAND,KEFLAVIK,ICELANDAIR,A,S, 17 , 0 , 76.4705882352941 , 17.6470588235294 , 0 , 5.88235294117647 , 0 , 0 , 15.4117647058824 , 0 , 17 , 58.8235294117647 , 14.3529411764706 
31-Jan-2006 10:28,200511,GLASGOW,ICELAND,KEFLAVIK,ICELANDAIR,D,S, 17 , 0 , 82.3529411764706 , 11.7647058823529 , 0 , 5.88235294117647 , 0 , 0 , 11.4705882352941 , 0 , 17 , 82.3529411764706 , 7.76470588235294 
31-Jan-2006 10:28,200511,GLASGOW,IRISH REPUBLIC,CORK,LOGANAIR,A,S, 17 , 0 , 94.1176470588235 , 5.88235294117647 , 0 , 0 , 0 , 0 , 1.94117647058824 , 0 , 17 , 94.1176470588235 , 1.82352941176471 
31-Jan-2006 10:28,200511,GLASGOW,IRISH REPUBLIC,CORK,LOGANAIR,D,S, 17 , 0 , 70.5882352941177 , 29.4117647058824 , 0 , 0 , 0 , 0 , 9.52941176470588 , 0 , 17 , 76.4705882352941 , 11.0588235294118 
31-Jan-2006 10:28,200511,GLASGOW,IRISH REPUBLIC,DUBLIN,AER LINGUS,A,S, 68 , 0 , 63.2352941176471 , 22.0588235294118 , 13.2352941176471 , 1.47058823529412 , 0 , 0 , 13.9852941176471 , 0 , 86 , 82.5581395348837 , 9.04651162790698 
31-Jan-2006 10:28,200511,GLASGOW,IRISH REPUBLIC,DUBLIN,AER LINGUS,D,S, 68 , 0 , 52.9411764705882 , 27.9411764705882 , 16.1764705882353 , 2.94117647058824 , 0 , 0 , 18.1323529411765 , 0 , 86 , 80.2325581395349 , 10.453488372093 
31-Jan-2006 10:28,200511,GLASGOW,IRISH REPUBLIC,DUBLIN,LOGANAIR,A,S, 29 , 0 , 68.9655172413793 , 6.89655172413793 , 13.7931034482759 , 10.3448275862069 , 0 , 0 , 23.0689655172414 , 0 , 0 , 0 , 0 
31-Jan-2006 10:28,200511,GLASGOW,IRISH REPUBLIC,DUBLIN,LOGANAIR,D,S, 30 , 0 , 83.3333333333333 , 13.3333333333333 , 3.33333333333333 , 0 , 0 , 0 , 10.5333333333333 , 0 , 0 , 0 , 0 
31-Jan-2006 10:28,200511,GLASGOW,IRISH REPUBLIC,GALWAY,LOGANAIR,A,S, 0 , 0 , 0 , 0 , 0 , 0 , 0 , 0 , 0 , 0 , 13 , 84.6153846153846 , 12.8461538461538 
31-Jan-2006 10:28,200511,GLASGOW,IRISH REPUBLIC,GALWAY,LOGANAIR,D,S, 0 , 0 , 0 , 0 , 0 , 0 , 0 , 0 , 0 , 0 , 13 , 84.6153846153846 , 17.8461538461538 
31-Jan-2006 10:28,200511,GLASGOW,ITALY,CAPRI,FLIGHTLINE LTD,D,C, 0 , 0 , 0 , 0 , 0 , 0 , 0 , 0 , 0 , 0 , 1 , 0 , 24 
31-Jan-2006 10:28,200511,GLASGOW,MALTA,MALTA,AIR MALTA,A,C, 0 , 0 , 0 , 0 , 0 , 0 , 0 , 0 , 0 , 0 , 5 , 100 , 2.4 
31-Jan-2006 10:28,200511,GLASGOW,MALTA,MALTA,AIR MALTA,A,S, 8 , 1 , 25 , 37.5 , 37.5 , 0 , 0 , 0 , 24.75 , 0 , 4 , 75 , 11.75 
31-Jan-2006 10:28,200511,GLASGOW,MALTA,MALTA,AIR MALTA,D,C, 0 , 0 , 0 , 0 , 0 , 0 , 0 , 0 , 0 , 0 , 5 , 100 , 10.4 
31-Jan-2006 10:28,200511,GLASGOW,MALTA,MALTA,AIR MALTA,D,S, 8 , 1 , 25 , 37.5 , 25 , 12.5 , 0 , 0 , 31.5 , 0 , 4 , 0 , 33.5 
31-Jan-2006 10:28,200511,GLASGOW,NETHERLANDS,AMSTERDAM,EASYJET AIRLINE COMPANY LTD,A,S, 0 , 0 , 0 , 0 , 0 , 0 , 0 , 0 , 0 , 0 , 30 , 80 , 20.1333333333333 
31-Jan-2006 10:28,200511,GLASGOW,NETHERLANDS,AMSTERDAM,EASYJET AIRLINE COMPANY LTD,D,S, 0 , 0 , 0 , 0 , 0 , 0 , 0 , 0 , 0 , 0 , 30 , 86.6666666666667 , 13.1666666666667 
31-Jan-2006 10:28,200511,GLASGOW,NETHERLANDS,AMSTERDAM,KLM CITYHOPPER,A,S, 112 , 0 , 88.3928571428572 , 1.78571428571429 , 7.14285714285714 , 1.78571428571429 , 0.892857142857143 , 0 , 7.61607142857143 , 0 , 105 , 91.4285714285714 , 8.79047619047619 
31-Jan-2006 10:28,200511,GLASGOW,NETHERLANDS,AMSTERDAM,KLM CITYHOPPER,D,S, 112 , 0 , 75.8928571428572 , 14.2857142857143 , 5.35714285714286 , 3.57142857142857 , 0 , 0.892857142857143 , 15.7767857142857 , 0 , 105 , 74.2857142857143 , 18.6952380952381 
31-Jan-2006 10:28,200511,GLASGOW,NORWAY,EVENES,ASTRAEUS LTD,A,C, 0 , 1 , 0 , 0 , 0 , 0 , 0 , 0 , 0 , 0 , 0 , 0 , 0 
31-Jan-2006 10:28,200511,GLASGOW,NORWAY,EVENES,ASTRAEUS LTD,D,C, 1 , 0 , 0 , 100 , 0 , 0 , 0 , 0 , 17 , 0 , 0 , 0 , 0 
31-Jan-2006 10:28,200511,GLASGOW,PAKISTAN,ISLAMABAD,PAKISTAN INTL AIRLINES,A,S, 2 , 0 , 0 , 0 , 50 , 0 , 50 , 0 , 147.5 , 0 , 0 , 0 , 0 
31-Jan-2006 10:28,200511,GLASGOW,PAKISTAN,ISLAMABAD,PAKISTAN INTL AIRLINES,D,S, 2 , 0 , 0 , 50 , 0 , 0 , 50 , 0 , 129.5 , 0 , 0 , 0 , 0 
31-Jan-2006 10:28,200511,GLASGOW,PAKISTAN,LAHORE,PAKISTAN INTL AIRLINES,A,S, 3 , 0 , 66.6666666666667 , 0 , 33.3333333333333 , 0 , 0 , 0 , 18.6666666666667 , 0 , 0 , 0 , 0 
31-Jan-2006 10:28,200511,GLASGOW,PAKISTAN,LAHORE,PAKISTAN INTL AIRLINES,D,S, 3 , 0 , 66.6666666666667 , 0 , 0 , 33.3333333333333 , 0 , 0 , 38.6666666666667 , 0 , 0 , 0 , 0 
31-Jan-2006 10:28,200511,GLASGOW,POLAND,KRAKOW,ASTRAEUS LTD,A,C, 1 , 0 , 100 , 0 , 0 , 0 , 0 , 0 , 0 , 0 , 0 , 0 , 0 
31-Jan-2006 10:28,200511,GLASGOW,POLAND,KRAKOW,ASTRAEUS LTD,D,C, 1 , 0 , 100 , 0 , 0 , 0 , 0 , 0 , 9 , 0 , 0 , 0 , 0 
31-Jan-2006 10:28,200511,GLASGOW,PORTUGAL(EXCLUDING MADEIRA),FARO,FIRST CHOICE AIRWAYS LTD,A,C, 4 , 0 , 50 , 0 , 50 , 0 , 0 , 0 , 21.5 , 0 , 4 , 75 , 9.75 
31-Jan-2006 10:28,200511,GLASGOW,PORTUGAL(EXCLUDING MADEIRA),FARO,FIRST CHOICE AIRWAYS LTD,D,C, 4 , 0 , 75 , 0 , 25 , 0 , 0 , 0 , 10 , 0 , 4 , 100 , 4 
31-Jan-2006 10:28,200511,GLASGOW,PORTUGAL(EXCLUDING MADEIRA),FARO,FLYGLOBESPAN,A,S, 4 , 0 , 100 , 0 , 0 , 0 , 0 , 0 , 0 , 0 , 0 , 0 , 0 
31-Jan-2006 10:28,200511,GLASGOW,PORTUGAL(EXCLUDING MADEIRA),FARO,FLYGLOBESPAN,D,S, 3 , 0 , 100 , 0 , 0 , 0 , 0 , 0 , 4.66666666666667 , 0 , 0 , 0 , 0 
31-Jan-2006 10:28,200511,GLASGOW,PORTUGAL(EXCLUDING MADEIRA),FARO,MY TRAVEL AIRWAYS UK,A,C, 3 , 0 , 100 , 0 , 0 , 0 , 0 , 0 , 1 , 0 , 4 , 100 , 11.5 
31-Jan-2006 10:28,200511,GLASGOW,PORTUGAL(EXCLUDING MADEIRA),FARO,MY TRAVEL AIRWAYS UK,D,C, 3 , 0 , 100 , 0 , 0 , 0 , 0 , 0 , 2.66666666666667 , 0 , 4 , 75 , 10.25 
31-Jan-2006 10:28,200511,GLASGOW,PORTUGAL(EXCLUDING MADEIRA),FARO,THOMAS COOK AIRLINES LTD,A,C, 3 , 0 , 0 , 0 , 33.3333333333333 , 66.6666666666667 , 0 , 0 , 66.6666666666667 , 0 , 3 , 100 , 0 
31-Jan-2006 10:28,200511,GLASGOW,PORTUGAL(EXCLUDING MADEIRA),FARO,THOMAS COOK AIRLINES LTD,D,C, 3 , 0 , 100 , 0 , 0 , 0 , 0 , 0 , 2.33333333333333 , 0 , 3 , 100 , 6.33333333333333 
31-Jan-2006 10:28,200511,GLASGOW,PORTUGAL(EXCLUDING MADEIRA),OPORTO (PORTUGAL),EXCEL AIRWAYS LTD,A,C, 3 , 0 , 0 , 33.3333333333333 , 66.6666666666667 , 0 , 0 , 0 , 40 , 0 , 0 , 0 , 0 
31-Jan-2006 10:28,200511,GLASGOW,PORTUGAL(EXCLUDING MADEIRA),OPORTO (PORTUGAL),EXCEL AIRWAYS LTD,D,C, 3 , 0 , 0 , 100 , 0 , 0 , 0 , 0 , 24.6666666666667 , 0 , 0 , 0 , 0 
31-Jan-2006 10:28,200511,GLASGOW,PORTUGAL(EXCLUDING MADEIRA),OPORTO (PORTUGAL),FIRST CHOICE AIRWAYS LTD,A,C, 3 , 0 , 0 , 33.3333333333333 , 66.6666666666667 , 0 , 0 , 0 , 35 , 0 , 0 , 0 , 0 
31-Jan-2006 10:28,200511,GLASGOW,PORTUGAL(EXCLUDING MADEIRA),OPORTO (PORTUGAL),FIRST CHOICE AIRWAYS LTD,D,C, 3 , 0 , 100 , 0 , 0 , 0 , 0 , 0 , 4.66666666666667 , 0 , 0 , 0 , 0 
31-Jan-2006 10:28,200511,GLASGOW,PORTUGAL(EXCLUDING MADEIRA),OPORTO (PORTUGAL),MONARCH AIRLINES,A,C, 3 , 0 , 0 , 0 , 0 , 100 , 0 , 0 , 93.3333333333333 , 0 , 0 , 0 , 0 
31-Jan-2006 10:28,200511,GLASGOW,PORTUGAL(EXCLUDING MADEIRA),OPORTO (PORTUGAL),MONARCH AIRLINES,D,C, 3 , 0 , 33.3333333333333 , 33.3333333333333 , 33.3333333333333 , 0 , 0 , 0 , 18 , 0 , 0 , 0 , 0 
31-Jan-2006 10:28,200511,GLASGOW,PORTUGAL(MADEIRA),FUNCHAL,FIRST CHOICE AIRWAYS LTD,A,C, 4 , 0 , 75 , 0 , 25 , 0 , 0 , 0 , 13.5 , 0 , 5 , 80 , 35.6 
31-Jan-2006 10:28,200511,GLASGOW,PORTUGAL(MADEIRA),FUNCHAL,FIRST CHOICE AIRWAYS LTD,D,C, 4 , 0 , 75 , 0 , 25 , 0 , 0 , 0 , 16 , 0 , 5 , 100 , 5.8 
31-Jan-2006 10:28,200511,GLASGOW,SLOVAK REPUBLIC,BRATISLAVA,EXCEL AIRWAYS LTD,A,C, 1 , 1 , 100 , 0 , 0 , 0 , 0 , 0 , 0 , 0 , 0 , 0 , 0 
31-Jan-2006 10:28,200511,GLASGOW,SLOVAK REPUBLIC,BRATISLAVA,EXCEL AIRWAYS LTD,D,C, 2 , 0 , 0 , 50 , 0 , 50 , 0 , 0 , 40.5 , 0 , 0 , 0 , 0 
31-Jan-2006 10:28,200511,GLASGOW,SLOVAK REPUBLIC,BRATISLAVA,MONARCH AIRLINES,A,C, 2 , 1 , 0 , 0 , 100 , 0 , 0 , 0 , 38 , 0 , 0 , 0 , 0 
31-Jan-2006 10:28,200511,GLASGOW,SLOVAK REPUBLIC,BRATISLAVA,MONARCH AIRLINES,D,C, 2 , 1 , 0 , 50 , 0 , 50 , 0 , 0 , 45 , 0 , 0 , 0 , 0 
31-Jan-2006 10:28,200511,GLASGOW,SLOVAK REPUBLIC,BRATISLAVA,THOMSONFLY LTD,A,C, 1 , 0 , 0 , 0 , 0 , 0 , 100 , 0 , 210 , 0 , 0 , 0 , 0 
31-Jan-2006 10:28,200511,GLASGOW,SLOVAK REPUBLIC,BRATISLAVA,THOMSONFLY LTD,D,C, 1 , 0 , 100 , 0 , 0 , 0 , 0 , 0 , 12 , 0 , 0 , 0 , 0 
31-Jan-2006 10:28,200511,GLASGOW,SPAIN,ALICANTE,FIRST CHOICE AIRWAYS LTD,A,C, 0 , 0 , 0 , 0 , 0 , 0 , 0 , 0 , 0 , 0 , 4 , 75 , 8.5 
31-Jan-2006 10:28,200511,GLASGOW,SPAIN,ALICANTE,FIRST CHOICE AIRWAYS LTD,D,C, 0 , 0 , 0 , 0 , 0 , 0 , 0 , 0 , 0 , 0 , 4 , 50 , 15 
31-Jan-2006 10:28,200511,GLASGOW,SPAIN,ALICANTE,FLYGLOBESPAN,A,S, 30 , 0 , 80 , 10 , 0 , 3.33333333333333 , 6.66666666666667 , 0 , 25.3 , 0 , 18 , 83.3333333333333 , 8.83333333333333 
31-Jan-2006 10:28,200511,GLASGOW,SPAIN,ALICANTE,FLYGLOBESPAN,D,S, 30 , 0 , 90 , 0 , 0 , 6.66666666666667 , 3.33333333333333 , 0 , 25.8333333333333 , 0 , 16 , 81.25 , 5.6875 
31-Jan-2006 10:28,200511,GLASGOW,SPAIN,ALICANTE,GREECE AIRWAYS,A,S, 5 , 0 , 100 , 0 , 0 , 0 , 0 , 0 , 0 , 0 , 9 , 100 , 0.111111111111111 
31-Jan-2006 10:28,200511,GLASGOW,SPAIN,ALICANTE,GREECE AIRWAYS,D,S, 5 , 0 , 100 , 0 , 0 , 0 , 0 , 0 , 5.6 , 0 , 10 , 80 , 7.3 
31-Jan-2006 10:28,200511,GLASGOW,SPAIN,ALICANTE,MY TRAVEL AIRWAYS UK,A,C, 4 , 0 , 25 , 0 , 0 , 0 , 0 , 75 , 447.25 , 0 , 4 , 75 , 13 
31-Jan-2006 10:28,200511,GLASGOW,SPAIN,ALICANTE,MY TRAVEL AIRWAYS UK,D,C, 4 , 0 , 75 , 0 , 0 , 25 , 0 , 0 , 27.25 , 0 , 4 , 100 , 4.5 
31-Jan-2006 10:28,200511,GLASGOW,SPAIN,ALICANTE,THOMAS COOK AIRLINES LTD,A,C, 4 , 0 , 100 , 0 , 0 , 0 , 0 , 0 , 4 , 0 , 6 , 83.3333333333333 , 7.66666666666667 
31-Jan-2006 10:28,200511,GLASGOW,SPAIN,ALICANTE,THOMAS COOK AIRLINES LTD,D,C, 4 , 0 , 100 , 0 , 0 , 0 , 0 , 0 , 0.75 , 0 , 5 , 100 , 6.6 
31-Jan-2006 10:28,200511,GLASGOW,SPAIN,ALICANTE,THOMSONFLY LTD,A,C, 9 , 0 , 88.8888888888889 , 0 , 11.1111111111111 , 0 , 0 , 0 , 9.55555555555556 , 0 , 9 , 77.7777777777778 , 10.1111111111111 
31-Jan-2006 10:28,200511,GLASGOW,SPAIN,ALICANTE,THOMSONFLY LTD,D,C, 9 , 0 , 88.8888888888889 , 0 , 0 , 11.1111111111111 , 0 , 0 , 16.1111111111111 , 0 , 9 , 88.8888888888889 , 2.55555555555556 
31-Jan-2006 10:28,200511,GLASGOW,SPAIN,BARCELONA,EXCEL AIRWAYS LTD,A,C, 0 , 0 , 0 , 0 , 0 , 0 , 0 , 0 , 0 , 0 , 1 , 100 , 11 
31-Jan-2006 10:28,200511,GLASGOW,SPAIN,BARCELONA,EXCEL AIRWAYS LTD,D,C, 0 , 0 , 0 , 0 , 0 , 0 , 0 , 0 , 0 , 0 , 2 , 100 , 4.5 
31-Jan-2006 10:28,200511,GLASGOW,SPAIN,BARCELONA,FIRST CHOICE AIRWAYS LTD,A,C, 0 , 0 , 0 , 0 , 0 , 0 , 0 , 0 , 0 , 0 , 1 , 100 , 5 
31-Jan-2006 10:28,200511,GLASGOW,SPAIN,BARCELONA,FIRST CHOICE AIRWAYS LTD,D,C, 0 , 0 , 0 , 0 , 0 , 0 , 0 , 0 , 0 , 0 , 1 , 100 , 0 
31-Jan-2006 10:28,200511,GLASGOW,SPAIN,BARCELONA,FLYGLOBESPAN,A,S, 24 , 0 , 91.6666666666667 , 8.33333333333333 , 0 , 0 , 0 , 0 , 3.66666666666667 , 0 , 0 , 0 , 0 
31-Jan-2006 10:28,200511,GLASGOW,SPAIN,BARCELONA,FLYGLOBESPAN,D,S, 30 , 0 , 73.3333333333333 , 20 , 6.66666666666667 , 0 , 0 , 0 , 8.9 , 0 , 0 , 0 , 0 
31-Jan-2006 10:28,200511,GLASGOW,SPAIN,BARCELONA,GREECE AIRWAYS,A,S, 0 , 0 , 0 , 0 , 0 , 0 , 0 , 0 , 0 , 0 , 8 , 50 , 29.625 
31-Jan-2006 10:28,200511,GLASGOW,SPAIN,BARCELONA,GREECE AIRWAYS,D,S, 0 , 0 , 0 , 0 , 0 , 0 , 0 , 0 , 0 , 0 , 7 , 57.1428571428571 , 28.2857142857143 
31-Jan-2006 10:28,200511,GLASGOW,SPAIN,BARCELONA,MONARCH AIRLINES,A,C, 0 , 0 , 0 , 0 , 0 , 0 , 0 , 0 , 0 , 0 , 4 , 50 , 17.75 
31-Jan-2006 10:28,200511,GLASGOW,SPAIN,BARCELONA,MONARCH AIRLINES,D,C, 0 , 0 , 0 , 0 , 0 , 0 , 0 , 0 , 0 , 0 , 4 , 100 , 4.25 
31-Jan-2006 10:28,200511,GLASGOW,SPAIN,BARCELONA,MY TRAVEL AIRWAYS UK,A,C, 0 , 0 , 0 , 0 , 0 , 0 , 0 , 0 , 0 , 0 , 1 , 100 , 5 
31-Jan-2006 10:28,200511,GLASGOW,SPAIN,BARCELONA,MY TRAVEL AIRWAYS UK,D,C, 0 , 0 , 0 , 0 , 0 , 0 , 0 , 0 , 0 , 0 , 1 , 0 , 21 
31-Jan-2006 10:28,200511,GLASGOW,SPAIN,GERONA,GREECE AIRWAYS,A,S, 0 , 0 , 0 , 0 , 0 , 0 , 0 , 0 , 0 , 0 , 2 , 50 , 56 
31-Jan-2006 10:28,200511,GLASGOW,SPAIN,GERONA,GREECE AIRWAYS,D,S, 0 , 0 , 0 , 0 , 0 , 0 , 0 , 0 , 0 , 0 , 2 , 50 , 22 
31-Jan-2006 10:28,200511,GLASGOW,SPAIN,MADRID,THOMAS COOK AIRLINES LTD,A,C, 0 , 0 , 0 , 0 , 0 , 0 , 0 , 0 , 0 , 0 , 1 , 100 , 14 
31-Jan-2006 10:28,200511,GLASGOW,SPAIN,MALAGA,FIRST CHOICE AIRWAYS LTD,A,C, 1 , 0 , 100 , 0 , 0 , 0 , 0 , 0 , 0 , 0 , 4 , 100 , 5.75 
31-Jan-2006 10:28,200511,GLASGOW,SPAIN,MALAGA,FIRST CHOICE AIRWAYS LTD,D,C, 1 , 0 , 100 , 0 , 0 , 0 , 0 , 0 , 5 , 0 , 4 , 100 , 3.5 
31-Jan-2006 10:28,200511,GLASGOW,SPAIN,MALAGA,FLYGLOBESPAN,A,S, 24 , 0 , 87.5 , 4.16666666666667 , 4.16666666666667 , 4.16666666666667 , 0 , 0 , 10.4166666666667 , 0 , 19 , 89.4736842105263 , 4.68421052631579 
31-Jan-2006 10:28,200511,GLASGOW,SPAIN,MALAGA,FLYGLOBESPAN,D,S, 30 , 0 , 90 , 6.66666666666667 , 0 , 3.33333333333333 , 0 , 0 , 8 , 0 , 21 , 85.7142857142857 , 5.09523809523809 
31-Jan-2006 10:28,200511,GLASGOW,SPAIN,MALAGA,GREECE AIRWAYS,A,S, 4 , 0 , 75 , 0 , 0 , 25 , 0 , 0 , 30.75 , 0 , 7 , 100 , 1.71428571428571 
31-Jan-2006 10:28,200511,GLASGOW,SPAIN,MALAGA,GREECE AIRWAYS,D,S, 4 , 0 , 100 , 0 , 0 , 0 , 0 , 0 , 3 , 0 , 6 , 100 , 4.33333333333333 
31-Jan-2006 10:28,200511,GLASGOW,SPAIN,MALAGA,MY TRAVEL AIRWAYS UK,A,C, 3 , 0 , 100 , 0 , 0 , 0 , 0 , 0 , 0 , 0 , 4 , 50 , 73 
31-Jan-2006 10:28,200511,GLASGOW,SPAIN,MALAGA,MY TRAVEL AIRWAYS UK,D,C, 3 , 0 , 66.6666666666667 , 0 , 33.3333333333333 , 0 , 0 , 0 , 16.3333333333333 , 0 , 4 , 75 , 9 
31-Jan-2006 10:28,200511,GLASGOW,SPAIN,MALAGA,THOMAS COOK AIRLINES LTD,A,C, 3 , 0 , 33.3333333333333 , 66.6666666666667 , 0 , 0 , 0 , 0 , 22.3333333333333 , 0 , 7 , 100 , 4.42857142857143 
31-Jan-2006 10:28,200511,GLASGOW,SPAIN,MALAGA,THOMAS COOK AIRLINES LTD,D,C, 3 , 0 , 33.3333333333333 , 0 , 66.6666666666667 , 0 , 0 , 0 , 28.6666666666667 , 0 , 6 , 83.3333333333333 , 5.83333333333333 
31-Jan-2006 10:28,200511,GLASGOW,SPAIN,MALAGA,THOMSONFLY LTD,A,C, 4 , 0 , 0 , 25 , 25 , 25 , 25 , 0 , 97.75 , 0 , 5 , 100 , 0 
31-Jan-2006 10:28,200511,GLASGOW,SPAIN,MALAGA,THOMSONFLY LTD,D,C, 4 , 0 , 25 , 25 , 0 , 25 , 25 , 0 , 95.25 , 0 , 5 , 80 , 4.4 
31-Jan-2006 10:28,200511,GLASGOW,SPAIN,PALMA DE MALLORCA,FIRST CHOICE AIRWAYS LTD,A,C, 2 , 0 , 50 , 50 , 0 , 0 , 0 , 0 , 9.5 , 0 , 1 , 100 , 6 
31-Jan-2006 10:28,200511,GLASGOW,SPAIN,PALMA DE MALLORCA,FIRST CHOICE AIRWAYS LTD,D,C, 0 , 1 , 0 , 0 , 0 , 0 , 0 , 0 , 0 , 0 , 1 , 100 , 10 
31-Jan-2006 10:28,200511,GLASGOW,SPAIN,PALMA DE MALLORCA,FLYGLOBESPAN,A,S, 24 , 0 , 70.8333333333333 , 20.8333333333333 , 4.16666666666667 , 0 , 4.16666666666667 , 0 , 17.625 , 0 , 0 , 0 , 0 
31-Jan-2006 10:28,200511,GLASGOW,SPAIN,PALMA DE MALLORCA,FLYGLOBESPAN,D,S, 5 , 1 , 40 , 20 , 40 , 0 , 0 , 0 , 23.8 , 0 , 0 , 0 , 0 
31-Jan-2006 10:28,200511,GLASGOW,SPAIN,PALMA DE MALLORCA,GREECE AIRWAYS,A,S, 0 , 0 , 0 , 0 , 0 , 0 , 0 , 0 , 0 , 0 , 2 , 100 , 0.5 
31-Jan-2006 10:28,200511,GLASGOW,SPAIN,PALMA DE MALLORCA,GREECE AIRWAYS,D,S, 0 , 0 , 0 , 0 , 0 , 0 , 0 , 0 , 0 , 0 , 1 , 100 , 4 
31-Jan-2006 10:28,200511,GLASGOW,SPAIN,PALMA DE MALLORCA,MY TRAVEL AIRWAYS UK,A,C, 5 , 0 , 60 , 40 , 0 , 0 , 0 , 0 , 9.4 , 0 , 0 , 0 , 0 
31-Jan-2006 10:28,200511,GLASGOW,SPAIN,PALMA DE MALLORCA,THOMAS COOK AIRLINES LTD,A,C, 1 , 0 , 100 , 0 , 0 , 0 , 0 , 0 , 8 , 0 , 5 , 80 , 8.6 
31-Jan-2006 10:28,200511,GLASGOW,SPAIN,PALMA DE MALLORCA,THOMAS COOK AIRLINES LTD,D,C, 1 , 0 , 100 , 0 , 0 , 0 , 0 , 0 , 0 , 0 , 4 , 75 , 5.5 
31-Jan-2006 10:28,200511,GLASGOW,SPAIN,PALMA DE MALLORCA,THOMSONFLY LTD,A,C, 8 , 0 , 87.5 , 12.5 , 0 , 0 , 0 , 0 , 3.75 , 0 , 10 , 80 , 8.3 
31-Jan-2006 10:28,200511,GLASGOW,SPAIN,PALMA DE MALLORCA,THOMSONFLY LTD,D,C, 8 , 0 , 100 , 0 , 0 , 0 , 0 , 0 , 5.625 , 0 , 9 , 77.7777777777778 , 6.77777777777778 
31-Jan-2006 10:28,200511,GLASGOW,SPAIN(CANARY ISLANDS),ARRECIFE,FIRST CHOICE AIRWAYS LTD,A,C, 3 , 0 , 66.6666666666667 , 0 , 0 , 0 , 33.3333333333333 , 0 , 80.6666666666667 , 0 , 4 , 100 , 4 
31-Jan-2006 10:28,200511,GLASGOW,SPAIN(CANARY ISLANDS),ARRECIFE,FIRST CHOICE AIRWAYS LTD,D,C, 4 , 0 , 100 , 0 , 0 , 0 , 0 , 0 , 5.5 , 0 , 4 , 100 , 5.25 
31-Jan-2006 10:28,200511,GLASGOW,SPAIN(CANARY ISLANDS),ARRECIFE,FLYGLOBESPAN,A,S, 5 , 0 , 80 , 0 , 0 , 20 , 0 , 0 , 17.4 , 0 , 0 , 0 , 0 
31-Jan-2006 10:28,200511,GLASGOW,SPAIN(CANARY ISLANDS),ARRECIFE,FLYGLOBESPAN,D,S, 8 , 0 , 37.5 , 12.5 , 25 , 12.5 , 12.5 , 0 , 63.25 , 0 , 0 , 0 , 0 
31-Jan-2006 10:28,200511,GLASGOW,SPAIN(CANARY ISLANDS),ARRECIFE,MY TRAVEL AIRWAYS UK,A,C, 3 , 0 , 100 , 0 , 0 , 0 , 0 , 0 , 0.333333333333333 , 0 , 4 , 25 , 30.75 
31-Jan-2006 10:28,200511,GLASGOW,SPAIN(CANARY ISLANDS),ARRECIFE,MY TRAVEL AIRWAYS UK,D,C, 4 , 0 , 75 , 0 , 25 , 0 , 0 , 0 , 13 , 0 , 3 , 33.3333333333333 , 13 
31-Jan-2006 10:28,200511,GLASGOW,SPAIN(CANARY ISLANDS),ARRECIFE,THOMAS COOK AIRLINES LTD,A,C, 8 , 0 , 100 , 0 , 0 , 0 , 0 , 0 , 4.5 , 0 , 8 , 87.5 , 6.625 
31-Jan-2006 10:28,200511,GLASGOW,SPAIN(CANARY ISLANDS),ARRECIFE,THOMAS COOK AIRLINES LTD,D,C, 8 , 0 , 100 , 0 , 0 , 0 , 0 , 0 , 4.25 , 0 , 8 , 100 , 2.75 
31-Jan-2006 10:28,200511,GLASGOW,SPAIN(CANARY ISLANDS),ARRECIFE,THOMSONFLY LTD,A,C, 3 , 1 , 33.3333333333333 , 0 , 33.3333333333333 , 33.3333333333333 , 0 , 0 , 36.3333333333333 , 0 , 4 , 100 , 0 
31-Jan-2006 10:28,200511,GLASGOW,SPAIN(CANARY ISLANDS),ARRECIFE,THOMSONFLY LTD,D,C, 4 , 0 , 100 , 0 , 0 , 0 , 0 , 0 , 1 , 0 , 4 , 100 , 6.25 
31-Jan-2006 10:28,200511,GLASGOW,SPAIN(CANARY ISLANDS),FUERTEVENTURA,MY TRAVEL AIRWAYS UK,A,C, 3 , 0 , 100 , 0 , 0 , 0 , 0 , 0 , 2.66666666666667 , 0 , 4 , 25 , 128 
31-Jan-2006 10:28,200511,GLASGOW,SPAIN(CANARY ISLANDS),FUERTEVENTURA,MY TRAVEL AIRWAYS UK,D,C, 5 , 0 , 100 , 0 , 0 , 0 , 0 , 0 , 1.6 , 0 , 4 , 50 , 24 
31-Jan-2006 10:28,200511,GLASGOW,SPAIN(CANARY ISLANDS),FUERTEVENTURA,THOMAS COOK AIRLINES LTD,A,C, 5 , 0 , 100 , 0 , 0 , 0 , 0 , 0 , 3.8 , 0 , 4 , 50 , 16.5 
31-Jan-2006 10:28,200511,GLASGOW,SPAIN(CANARY ISLANDS),FUERTEVENTURA,THOMAS COOK AIRLINES LTD,D,C, 5 , 0 , 100 , 0 , 0 , 0 , 0 , 0 , 5.2 , 0 , 4 , 100 , 4.5 
31-Jan-2006 10:28,200511,GLASGOW,SPAIN(CANARY ISLANDS),LAS PALMAS,FLYGLOBESPAN,A,S, 5 , 0 , 60 , 0 , 20 , 20 , 0 , 0 , 46.4 , 0 , 0 , 0 , 0 
31-Jan-2006 10:28,200511,GLASGOW,SPAIN(CANARY ISLANDS),LAS PALMAS,FLYGLOBESPAN,D,S, 8 , 0 , 50 , 12.5 , 25 , 0 , 12.5 , 0 , 40.5 , 0 , 0 , 0 , 0 
31-Jan-2006 10:28,200511,GLASGOW,SPAIN(CANARY ISLANDS),LAS PALMAS,FUTURA AIRLINES,A,C, 0 , 0 , 0 , 0 , 0 , 0 , 0 , 0 , 0 , 0 , 5 , 80 , 25.4 
31-Jan-2006 10:28,200511,GLASGOW,SPAIN(CANARY ISLANDS),LAS PALMAS,FUTURA AIRLINES,D,C, 0 , 0 , 0 , 0 , 0 , 0 , 0 , 0 , 0 , 0 , 5 , 80 , 23 
31-Jan-2006 10:28,200511,GLASGOW,SPAIN(CANARY ISLANDS),LAS PALMAS,MY TRAVEL AIRWAYS UK,A,C, 3 , 0 , 100 , 0 , 0 , 0 , 0 , 0 , 4.33333333333333 , 0 , 5 , 80 , 57 
31-Jan-2006 10:28,200511,GLASGOW,SPAIN(CANARY ISLANDS),LAS PALMAS,MY TRAVEL AIRWAYS UK,D,C, 4 , 0 , 100 , 0 , 0 , 0 , 0 , 0 , 2 , 0 , 5 , 80 , 61.2 
31-Jan-2006 10:28,200511,GLASGOW,SPAIN(CANARY ISLANDS),LAS PALMAS,THOMAS COOK AIRLINES LTD,A,C, 9 , 0 , 77.7777777777778 , 0 , 0 , 22.2222222222222 , 0 , 0 , 19.8888888888889 , 0 , 9 , 88.8888888888889 , 2.77777777777778 
31-Jan-2006 10:28,200511,GLASGOW,SPAIN(CANARY ISLANDS),LAS PALMAS,THOMAS COOK AIRLINES LTD,D,C, 8 , 0 , 75 , 12.5 , 12.5 , 0 , 0 , 0 , 12.875 , 0 , 9 , 88.8888888888889 , 3.77777777777778 
31-Jan-2006 10:28,200511,GLASGOW,SPAIN(CANARY ISLANDS),LAS PALMAS,THOMSONFLY LTD,A,C, 5 , 0 , 80 , 20 , 0 , 0 , 0 , 0 , 3.8 , 0 , 9 , 88.8888888888889 , 8 
31-Jan-2006 10:28,200511,GLASGOW,SPAIN(CANARY ISLANDS),LAS PALMAS,THOMSONFLY LTD,D,C, 4 , 0 , 100 , 0 , 0 , 0 , 0 , 0 , 1.5 , 0 , 9 , 100 , 0.888888888888889 
31-Jan-2006 10:28,200511,GLASGOW,SPAIN(CANARY ISLANDS),TENERIFE (SURREINA SOFIA),FIRST CHOICE AIRWAYS LTD,A,C, 8 , 0 , 87.5 , 12.5 , 0 , 0 , 0 , 0 , 3.125 , 0 , 8 , 87.5 , 4.5 
31-Jan-2006 10:28,200511,GLASGOW,SPAIN(CANARY ISLANDS),TENERIFE (SURREINA SOFIA),FIRST CHOICE AIRWAYS LTD,D,C, 8 , 0 , 87.5 , 12.5 , 0 , 0 , 0 , 0 , 5.125 , 0 , 9 , 88.8888888888889 , 9.77777777777778 
31-Jan-2006 10:28,200511,GLASGOW,SPAIN(CANARY ISLANDS),TENERIFE (SURREINA SOFIA),FLYGLOBESPAN,A,S, 30 , 0 , 93.3333333333333 , 3.33333333333333 , 3.33333333333333 , 0 , 0 , 0 , 3.2 , 0 , 9 , 44.4444444444444 , 14.4444444444444 
31-Jan-2006 10:28,200511,GLASGOW,SPAIN(CANARY ISLANDS),TENERIFE (SURREINA SOFIA),FLYGLOBESPAN,D,S, 30 , 0 , 93.3333333333333 , 6.66666666666667 , 0 , 0 , 0 , 0 , 4.63333333333333 , 0 , 9 , 77.7777777777778 , 9.55555555555556 
31-Jan-2006 10:28,200511,GLASGOW,SPAIN(CANARY ISLANDS),TENERIFE (SURREINA SOFIA),MY TRAVEL AIRWAYS UK,A,C, 9 , 0 , 66.6666666666667 , 11.1111111111111 , 0 , 11.1111111111111 , 0 , 11.1111111111111 , 120.555555555556 , 0 , 10 , 30 , 27.8 
31-Jan-2006 10:28,200511,GLASGOW,SPAIN(CANARY ISLANDS),TENERIFE (SURREINA SOFIA),MY TRAVEL AIRWAYS UK,D,C, 9 , 0 , 66.6666666666667 , 22.2222222222222 , 0 , 11.1111111111111 , 0 , 0 , 21.6666666666667 , 0 , 9 , 66.6666666666667 , 12.1111111111111 
31-Jan-2006 10:28,200511,GLASGOW,SPAIN(CANARY ISLANDS),TENERIFE (SURREINA SOFIA),THOMAS COOK AIRLINES LTD,A,C, 12 , 0 , 91.6666666666667 , 0 , 8.33333333333333 , 0 , 0 , 0 , 6.58333333333333 , 0 , 15 , 66.6666666666667 , 13 
31-Jan-2006 10:28,200511,GLASGOW,SPAIN(CANARY ISLANDS),TENERIFE (SURREINA SOFIA),THOMAS COOK AIRLINES LTD,D,C, 13 , 0 , 84.6153846153846 , 15.3846153846154 , 0 , 0 , 0 , 0 , 5.76923076923077 , 0 , 17 , 76.4705882352941 , 10.7647058823529 
31-Jan-2006 10:28,200511,GLASGOW,SPAIN(CANARY ISLANDS),TENERIFE (SURREINA SOFIA),THOMSONFLY LTD,A,C, 9 , 0 , 100 , 0 , 0 , 0 , 0 , 0 , 2 , 0 , 8 , 75 , 22.75 
31-Jan-2006 10:28,200511,GLASGOW,SPAIN(CANARY ISLANDS),TENERIFE (SURREINA SOFIA),THOMSONFLY LTD,D,C, 9 , 0 , 100 , 0 , 0 , 0 , 0 , 0 , 4.11111111111111 , 0 , 9 , 77.7777777777778 , 25.5555555555556 
31-Jan-2006 10:28,200511,GLASGOW,SPAIN(CANARY ISLANDS),TENERIFE (SURREINA SOFIA),VOLAR AIRLINES,A,C, 4 , 0 , 75 , 0 , 0 , 25 , 0 , 0 , 22 , 0 , 4 , 75 , 9.5 
31-Jan-2006 10:28,200511,GLASGOW,SPAIN(CANARY ISLANDS),TENERIFE (SURREINA SOFIA),VOLAR AIRLINES,D,C, 4 , 0 , 75 , 0 , 0 , 25 , 0 , 0 , 25.25 , 0 , 4 , 75 , 13 
31-Jan-2006 10:28,200511,GLASGOW,TUNISIA,MONASTIR,FIRST CHOICE AIRWAYS LTD,A,C, 4 , 0 , 75 , 0 , 25 , 0 , 0 , 0 , 16 , 0 , 4 , 75 , 9.25 
31-Jan-2006 10:28,200511,GLASGOW,TUNISIA,MONASTIR,FIRST CHOICE AIRWAYS LTD,D,C, 4 , 0 , 100 , 0 , 0 , 0 , 0 , 0 , 6.75 , 0 , 4 , 50 , 10.25 
31-Jan-2006 10:28,200511,GLASGOW,TURKEY,ANTALYA,THOMAS COOK AIRLINES LTD,A,C, 4 , 0 , 25 , 0 , 25 , 50 , 0 , 0 , 55.75 , 0 , 4 , 75 , 30.75 
31-Jan-2006 10:28,200511,GLASGOW,TURKEY,ANTALYA,THOMAS COOK AIRLINES LTD,D,C, 4 , 0 , 0 , 25 , 0 , 75 , 0 , 0 , 62.5 , 0 , 3 , 100 , 5 
31-Jan-2006 10:28,200511,GLASGOW,TURKEY,BODRUM (MILAS),FIRST CHOICE AIRWAYS LTD,A,C, 0 , 0 , 0 , 0 , 0 , 0 , 0 , 0 , 0 , 0 , 1 , 100 , 0 
31-Jan-2006 10:28,200511,GLASGOW,TURKEY,DALAMAN,EXCEL AIRWAYS LTD,A,C, 1 , 0 , 100 , 0 , 0 , 0 , 0 , 0 , 0 , 0 , 0 , 0 , 0 
31-Jan-2006 10:28,200511,GLASGOW,TURKEY,DALAMAN,THOMSONFLY LTD,A,C, 1 , 0 , 100 , 0 , 0 , 0 , 0 , 0 , 0 , 0 , 0 , 0 , 0 
31-Jan-2006 10:28,200511,GLASGOW,UKRAINE,DONETSK,DONBASSAERO,A,C, 0 , 0 , 0 , 0 , 0 , 0 , 0 , 0 , 0 , 0 , 1 , 0 , 36 
31-Jan-2006 10:28,200511,GLASGOW,UKRAINE,DONETSK,DONBASSAERO,D,C, 0 , 0 , 0 , 0 , 0 , 0 , 0 , 0 , 0 , 0 , 1 , 100 , 12 
31-Jan-2006 10:28,200511,GLASGOW,UNITED ARAB EMIRATES,DUBAI,EMIRATES,A,S, 30 , 0 , 56.6666666666667 , 23.3333333333333 , 16.6666666666667 , 3.33333333333333 , 0 , 0 , 16.3 , 0 , 30 , 86.6666666666667 , 6.1 
31-Jan-2006 10:28,200511,GLASGOW,UNITED ARAB EMIRATES,DUBAI,EMIRATES,D,S, 30 , 0 , 70 , 26.6666666666667 , 0 , 3.33333333333333 , 0 , 0 , 11 , 0 , 30 , 66.6666666666667 , 16.7 
31-Jan-2006 10:28,200511,GLASGOW,UNITED KINGDOM,ABERDEEN,EASTERN AIRWAYS,D,C, 1 , 0 , 100 , 0 , 0 , 0 , 0 , 0 , 0 , 0 , 0 , 0 , 0 
31-Jan-2006 10:28,200511,GLASGOW,UNITED KINGDOM,BARRA,LOGANAIR,A,S, 26 , 0 , 73.0769230769231 , 15.3846153846154 , 7.69230769230769 , 3.84615384615385 , 0 , 0 , 12.0769230769231 , 0 , 24 , 83.3333333333333 , 16.7916666666667 
31-Jan-2006 10:28,200511,GLASGOW,UNITED KINGDOM,BARRA,LOGANAIR,D,S, 26 , 0 , 53.8461538461538 , 23.0769230769231 , 19.2307692307692 , 3.84615384615385 , 0 , 0 , 22.3076923076923 , 0 , 25 , 72 , 28.4 
31-Jan-2006 10:28,200511,GLASGOW,UNITED KINGDOM,BELFAST CITY,FLYBE LTD,A,S, 106 , 0 , 80.188679245283 , 10.377358490566 , 3.77358490566038 , 5.66037735849057 , 0 , 0 , 12.8962264150943 , 2 , 108 , 91.6666666666667 , 6 
31-Jan-2006 10:28,200511,GLASGOW,UNITED KINGDOM,BELFAST CITY,FLYBE LTD,D,S, 107 , 0 , 75.7009345794392 , 11.214953271028 , 4.67289719626168 , 7.47663551401869 , 0 , 0.934579439252336 , 18.1588785046729 , 2 , 107 , 85.0467289719626 , 10.6168224299065 
31-Jan-2006 10:28,200511,GLASGOW,UNITED KINGDOM,BELFAST INTERNATIONAL,EASYJET AIRLINE COMPANY LTD,A,S, 107 , 1 , 84.1121495327103 , 7.47663551401869 , 2.80373831775701 , 4.67289719626168 , 0.934579439252336 , 0 , 10.5700934579439 , 1 , 116 , 93.1034482758621 , 7.05172413793103 
31-Jan-2006 10:28,200511,GLASGOW,UNITED KINGDOM,BELFAST INTERNATIONAL,EASYJET AIRLINE COMPANY LTD,D,S, 107 , 0 , 89.7196261682243 , 4.67289719626168 , 2.80373831775701 , 1.86915887850467 , 0.934579439252336 , 0 , 8.09345794392523 , 1 , 116 , 93.1034482758621 , 7.22413793103448 
31-Jan-2006 10:28,200511,GLASGOW,UNITED KINGDOM,BELFAST INTERNATIONAL,TWINJET AIRCRAFT,A,C, 0 , 1 , 0 , 0 , 0 , 0 , 0 , 0 , 0 , 0 , 0 , 0 , 0 
31-Jan-2006 10:28,200511,GLASGOW,UNITED KINGDOM,BENBECULA,LOGANAIR,A,S, 41 , 0 , 70.7317073170732 , 14.6341463414634 , 4.8780487804878 , 9.75609756097561 , 0 , 0 , 15.219512195122 , 0 , 38 , 68.421052631579 , 47.9473684210526 
31-Jan-2006 10:28,200511,GLASGOW,UNITED KINGDOM,BENBECULA,LOGANAIR,D,S, 41 , 0 , 48.780487804878 , 39.0243902439024 , 2.4390243902439 , 9.75609756097561 , 0 , 0 , 22.0487804878049 , 0 , 37 , 64.8648648648649 , 20.972972972973 
31-Jan-2006 10:28,200511,GLASGOW,UNITED KINGDOM,BIRMINGHAM,BRITISH AIRWAYS CITIEXPRESS LTD,A,S, 124 , 1 , 91.9354838709677 , 4.03225806451613 , 2.41935483870968 , 0.806451612903226 , 0.806451612903226 , 0 , 6.2741935483871 , 0 , 113 , 85.8407079646018 , 7.4070796460177 
31-Jan-2006 10:28,200511,GLASGOW,UNITED KINGDOM,BIRMINGHAM,BRITISH AIRWAYS CITIEXPRESS LTD,D,S, 154 , 0 , 90.2597402597403 , 5.84415584415584 , 1.94805194805195 , 0.649350649350649 , 1.2987012987013 , 0 , 8.05194805194805 , 0 , 111 , 93.6936936936937 , 4.73873873873874 
31-Jan-2006 10:28,200511,GLASGOW,UNITED KINGDOM,BIRMINGHAM,FLYBE LTD,A,S, 150 , 0 , 78 , 8 , 6.66666666666667 , 7.33333333333333 , 0 , 0 , 12.6133333333333 , 6 , 152 , 86.8421052631579 , 6.72368421052632 
31-Jan-2006 10:28,200511,GLASGOW,UNITED KINGDOM,BIRMINGHAM,FLYBE LTD,D,S, 150 , 0 , 76 , 10.6666666666667 , 5.33333333333333 , 7.33333333333333 , 0.666666666666667 , 0 , 14.7133333333333 , 6 , 151 , 84.1059602649007 , 9.49668874172185 
31-Jan-2006 10:28,200511,GLASGOW,UNITED KINGDOM,BRISTOL,BRITISH AIRWAYS CITIEXPRESS LTD,A,S, 76 , 1 , 90.7894736842105 , 3.94736842105263 , 1.31578947368421 , 3.94736842105263 , 0 , 0 , 7.46052631578947 , 0 , 82 , 91.4634146341463 , 6.31707317073171 
31-Jan-2006 10:28,200511,GLASGOW,UNITED KINGDOM,BRISTOL,BRITISH AIRWAYS CITIEXPRESS LTD,D,S, 105 , 1 , 91.4285714285714 , 4.76190476190476 , 2.85714285714286 , 0.952380952380952 , 0 , 0 , 6.07619047619048 , 0 , 107 , 93.4579439252337 , 4.42990654205607 
31-Jan-2006 10:28,200511,GLASGOW,UNITED KINGDOM,BRISTOL,EASYJET AIRLINE COMPANY LTD,A,S, 82 , 0 , 90.2439024390244 , 4.8780487804878 , 3.65853658536585 , 0 , 1.21951219512195 , 0 , 7.19512195121951 , 0 , 82 , 92.6829268292683 , 3.57317073170732 
31-Jan-2006 10:28,200511,GLASGOW,UNITED KINGDOM,BRISTOL,EASYJET AIRLINE COMPANY LTD,D,S, 82 , 0 , 75.609756097561 , 13.4146341463415 , 9.75609756097561 , 1.21951219512195 , 0 , 0 , 9.60975609756098 , 0 , 82 , 82.9268292682927 , 6.47560975609756 
31-Jan-2006 10:28,200511,GLASGOW,UNITED KINGDOM,CAMPBELTOWN,LOGANAIR,A,S, 40 , 0 , 87.5 , 0 , 5 , 7.5 , 0 , 0 , 9.425 , 0 , 36 , 77.7777777777778 , 11.0833333333333 
31-Jan-2006 10:28,200511,GLASGOW,UNITED KINGDOM,CAMPBELTOWN,LOGANAIR,D,S, 40 , 0 , 77.5 , 10 , 2.5 , 10 , 0 , 0 , 14.8 , 0 , 36 , 77.7777777777778 , 14.6666666666667 
31-Jan-2006 10:28,200511,GLASGOW,UNITED KINGDOM,CARDIFF WALES,AIR WALES LTD,A,S, 0 , 1 , 0 , 0 , 0 , 0 , 0 , 0 , 0 , 0 , 0 , 0 , 0 
31-Jan-2006 10:28,200511,GLASGOW,UNITED KINGDOM,CITY OF DERRY (EGLINTON),LOGANAIR,A,S, 30 , 0 , 76.6666666666667 , 0 , 6.66666666666667 , 10 , 6.66666666666667 , 0 , 31.3666666666667 , 0 , 30 , 80 , 6.46666666666667 
31-Jan-2006 10:28,200511,GLASGOW,UNITED KINGDOM,CITY OF DERRY (EGLINTON),LOGANAIR,D,S, 30 , 0 , 73.3333333333333 , 16.6666666666667 , 10 , 0 , 0 , 0 , 10.9 , 0 , 30 , 83.3333333333333 , 19.7666666666667 
31-Jan-2006 10:28,200511,GLASGOW,UNITED KINGDOM,EDINBURGH,AIR WALES LTD,D,S, 0 , 1 , 0 , 0 , 0 , 0 , 0 , 0 , 0 , 0 , 0 , 0 , 0 
31-Jan-2006 10:28,200511,GLASGOW,UNITED KINGDOM,EDINBURGH,BMI BRITISH MIDLAND,D,S, 0 , 1 , 0 , 0 , 0 , 0 , 0 , 0 , 0 , 0 , 0 , 0 , 0 
31-Jan-2006 10:28,200511,GLASGOW,UNITED KINGDOM,EDINBURGH,CSA,D,S, 0 , 1 , 0 , 0 , 0 , 0 , 0 , 0 , 0 , 0 , 0 , 0 , 0 
31-Jan-2006 10:28,200511,GLASGOW,UNITED KINGDOM,EDINBURGH,FLYBE LTD,D,S, 0 , 1 , 0 , 0 , 0 , 0 , 0 , 0 , 0 , 0 , 0 , 0 , 0 
31-Jan-2006 10:28,200511,GLASGOW,UNITED KINGDOM,EXETER,FLYBE LTD,A,S, 30 , 0 , 90 , 3.33333333333333 , 0 , 6.66666666666667 , 0 , 0 , 5.9 , 0 , 30 , 70 , 12.4 
31-Jan-2006 10:28,200511,GLASGOW,UNITED KINGDOM,EXETER,FLYBE LTD,D,S, 30 , 0 , 90 , 3.33333333333333 , 0 , 6.66666666666667 , 0 , 0 , 8.16666666666667 , 0 , 30 , 86.6666666666667 , 7.53333333333333 
31-Jan-2006 10:28,200511,GLASGOW,UNITED KINGDOM,GATWICK,BRITISH AIRWAYS PLC,A,S, 159 , 1 , 84.2767295597484 , 8.17610062893082 , 5.0314465408805 , 2.51572327044025 , 0 , 0 , 8.07547169811321 , 0 , 159 , 83.0188679245283 , 8.25786163522013 
31-Jan-2006 10:28,200511,GLASGOW,UNITED KINGDOM,GATWICK,BRITISH AIRWAYS PLC,D,S, 159 , 1 , 71.0691823899371 , 17.6100628930818 , 8.80503144654088 , 2.51572327044025 , 0 , 0 , 12.251572327044 , 0 , 158 , 82.9113924050633 , 10.5443037974684 
31-Jan-2006 10:28,200511,GLASGOW,UNITED KINGDOM,GATWICK,ZOOM AIRLINES,D,S, 0 , 0 , 0 , 0 , 0 , 0 , 0 , 0 , 0 , 0 , 7 , 85.7142857142857 , 5 
31-Jan-2006 10:28,200511,GLASGOW,UNITED KINGDOM,HEATHROW,BMI BRITISH MIDLAND,A,S, 227 , 2 , 85.4625550660793 , 8.81057268722467 , 4.40528634361233 , 1.3215859030837 , 0 , 0 , 6.94713656387665 , 1 , 232 , 84.051724137931 , 7.21551724137931 
31-Jan-2006 10:28,200511,GLASGOW,UNITED KINGDOM,HEATHROW,BMI BRITISH MIDLAND,D,S, 226 , 0 , 84.070796460177 , 9.29203539823009 , 3.98230088495575 , 2.65486725663717 , 0 , 0 , 9.50884955752212 , 2 , 232 , 87.0689655172414 , 7.59913793103448 
31-Jan-2006 10:28,200511,GLASGOW,UNITED KINGDOM,HEATHROW,BRITISH AIRWAYS PLC,A,S, 325 , 0 , 62.7692307692308 , 16 , 12.9230769230769 , 8.30769230769231 , 0 , 0 , 19.7907692307692 , 0 , 317 , 73.186119873817 , 12.9085173501577 
31-Jan-2006 10:28,200511,GLASGOW,UNITED KINGDOM,HEATHROW,BRITISH AIRWAYS PLC,D,S, 324 , 0 , 71.6049382716049 , 9.87654320987654 , 10.4938271604938 , 8.02469135802469 , 0 , 0 , 16.6450617283951 , 1 , 314 , 83.7579617834395 , 8.3375796178344 
31-Jan-2006 10:28,200511,GLASGOW,UNITED KINGDOM,INVERNESS,LOGANAIR,A,S, 0 , 1 , 0 , 0 , 0 , 0 , 0 , 0 , 0 , 0 , 0 , 0 , 0 
31-Jan-2006 10:28,200511,GLASGOW,UNITED KINGDOM,INVERNESS,LOGANAIR,D,S, 1 , 0 , 0 , 0 , 100 , 0 , 0 , 0 , 35 , 0 , 0 , 0 , 0 
31-Jan-2006 10:28,200511,GLASGOW,UNITED KINGDOM,ISLAY,LOGANAIR,A,S, 46 , 0 , 78.2608695652174 , 6.52173913043478 , 4.34782608695652 , 10.8695652173913 , 0 , 0 , 14.7608695652174 , 0 , 46 , 89.1304347826087 , 10.2826086956522 
31-Jan-2006 10:28,200511,GLASGOW,UNITED KINGDOM,ISLAY,LOGANAIR,D,S, 46 , 0 , 56.5217391304348 , 23.9130434782609 , 8.69565217391304 , 10.8695652173913 , 0 , 0 , 25.304347826087 , 0 , 46 , 86.9565217391304 , 14.4782608695652 
31-Jan-2006 10:28,200511,GLASGOW,UNITED KINGDOM,ISLE OF MAN,LOGANAIR,A,S, 34 , 0 , 88.2352941176471 , 8.82352941176471 , 2.94117647058824 , 0 , 0 , 0 , 6.61764705882353 , 4 , 30 , 66.6666666666667 , 21.2 
31-Jan-2006 10:28,200511,GLASGOW,UNITED KINGDOM,ISLE OF MAN,LOGANAIR,D,S, 34 , 0 , 73.5294117647059 , 20.5882352941176 , 5.88235294117647 , 0 , 0 , 0 , 11.8235294117647 , 4 , 30 , 70 , 19.8666666666667 
31-Jan-2006 10:28,200511,GLASGOW,UNITED KINGDOM,ISLE OF MAN,ROSSAIR EUROPE,A,S, 0 , 0 , 0 , 0 , 0 , 0 , 0 , 0 , 0 , 0 , 56 , 75 , 12.5892857142857 
31-Jan-2006 10:28,200511,GLASGOW,UNITED KINGDOM,ISLE OF MAN,ROSSAIR EUROPE,D,S, 0 , 0 , 0 , 0 , 0 , 0 , 0 , 0 , 0 , 0 , 55 , 85.4545454545455 , 5.83636363636364 
31-Jan-2006 10:28,200511,GLASGOW,UNITED KINGDOM,KENT INTERNATIONAL,EUJET,A,S, 0 , 0 , 0 , 0 , 0 , 0 , 0 , 0 , 0 , 0 , 21 , 80.9523809523809 , 10.1428571428571 
31-Jan-2006 10:28,200511,GLASGOW,UNITED KINGDOM,KENT INTERNATIONAL,EUJET,D,S, 0 , 0 , 0 , 0 , 0 , 0 , 0 , 0 , 0 , 0 , 21 , 85.7142857142857 , 11.6666666666667 
31-Jan-2006 10:28,200511,GLASGOW,UNITED KINGDOM,KIRKWALL,LOGANAIR,A,S, 0 , 1 , 0 , 0 , 0 , 0 , 0 , 0 , 0 , 0 , 0 , 0 , 0 
31-Jan-2006 10:28,200511,GLASGOW,UNITED KINGDOM,KIRKWALL,LOGANAIR,D,S, 0 , 1 , 0 , 0 , 0 , 0 , 0 , 0 , 0 , 0 , 0 , 0 , 0 
31-Jan-2006 10:28,200511,GLASGOW,UNITED KINGDOM,LEEDS BRADFORD,BMI REGIONAL,A,S, 70 , 0 , 97.1428571428571 , 1.42857142857143 , 0 , 1.42857142857143 , 0 , 0 , 4.64285714285714 , 0 , 70 , 91.4285714285714 , 5.91428571428571 
31-Jan-2006 10:28,200511,GLASGOW,UNITED KINGDOM,LEEDS BRADFORD,BMI REGIONAL,D,S, 70 , 0 , 95.7142857142857 , 1.42857142857143 , 1.42857142857143 , 1.42857142857143 , 0 , 0 , 5.8 , 0 , 70 , 91.4285714285714 , 6.87142857142857 
31-Jan-2006 10:28,200511,GLASGOW,UNITED KINGDOM,LUTON,EASYJET AIRLINE COMPANY LTD,A,S, 164 , 0 , 90.2439024390244 , 5.48780487804878 , 3.65853658536585 , 0.609756097560976 , 0 , 0 , 4.51219512195122 , 0 , 168 , 89.8809523809524 , 5.44642857142857 
31-Jan-2006 10:28,200511,GLASGOW,UNITED KINGDOM,LUTON,EASYJET AIRLINE COMPANY LTD,D,S, 164 , 0 , 85.9756097560976 , 9.14634146341463 , 4.26829268292683 , 0 , 0.609756097560976 , 0 , 7.28658536585366 , 0 , 168 , 88.0952380952381 , 9.70833333333333 
31-Jan-2006 10:28,200511,GLASGOW,UNITED KINGDOM,LUTON,TAG AVIATION SA,A,C, 0 , 1 , 0 , 0 , 0 , 0 , 0 , 0 , 0 , 0 , 0 , 0 , 0 
31-Jan-2006 10:28,200511,GLASGOW,UNITED KINGDOM,MANCHESTER,BMI REGIONAL,A,S, 88 , 1 , 87.5 , 6.81818181818182 , 3.40909090909091 , 2.27272727272727 , 0 , 0 , 6.56818181818182 , 0 , 116 , 74.1379310344827 , 11.4568965517241 
31-Jan-2006 10:28,200511,GLASGOW,UNITED KINGDOM,MANCHESTER,BMI REGIONAL,D,S, 88 , 0 , 87.5 , 7.95454545454546 , 3.40909090909091 , 1.13636363636364 , 0 , 0 , 7.35227272727273 , 0 , 116 , 84.4827586206897 , 8.68103448275862 
31-Jan-2006 10:28,200511,GLASGOW,UNITED KINGDOM,MANCHESTER,BRITISH AIRWAYS CITIEXPRESS LTD,A,S, 143 , 1 , 72.027972027972 , 9.09090909090909 , 11.1888111888112 , 6.99300699300699 , 0.699300699300699 , 0 , 17.6223776223776 , 0 , 150 , 67.3333333333333 , 18.3666666666667 
31-Jan-2006 10:28,200511,GLASGOW,UNITED KINGDOM,MANCHESTER,BRITISH AIRWAYS CITIEXPRESS LTD,D,S, 142 , 0 , 66.1971830985916 , 15.4929577464789 , 9.85915492957746 , 7.74647887323944 , 0.704225352112676 , 0 , 19.3661971830986 , 0 , 151 , 75.4966887417219 , 15.9470198675497 
31-Jan-2006 10:28,200511,GLASGOW,UNITED KINGDOM,MANCHESTER,MY TRAVEL AIRWAYS UK,D,C, 0 , 0 , 0 , 0 , 0 , 0 , 0 , 0 , 0 , 0 , 1 , 0 , 92 
31-Jan-2006 10:28,200511,GLASGOW,UNITED KINGDOM,MANCHESTER,THOMSONFLY LTD,D,C, 0 , 1 , 0 , 0 , 0 , 0 , 0 , 0 , 0 , 0 , 0 , 0 , 0 
31-Jan-2006 10:28,200511,GLASGOW,UNITED KINGDOM,MANCHESTER,ZOOM AIRLINES,A,S, 0 , 2 , 0 , 0 , 0 , 0 , 0 , 0 , 0 , 0 , 0 , 0 , 0 
31-Jan-2006 10:28,200511,GLASGOW,UNITED KINGDOM,MANCHESTER,ZOOM AIRLINES,D,S, 0 , 3 , 0 , 0 , 0 , 0 , 0 , 0 , 0 , 0 , 0 , 0 , 0 
31-Jan-2006 10:28,200511,GLASGOW,UNITED KINGDOM,NEWQUAY,EASTERN AIRWAYS,A,C, 1 , 0 , 100 , 0 , 0 , 0 , 0 , 0 , 0 , 0 , 0 , 0 , 0 
31-Jan-2006 10:28,200511,GLASGOW,UNITED KINGDOM,NORWICH,FLYBE LTD,A,S, 29 , 0 , 72.4137931034483 , 13.7931034482759 , 10.3448275862069 , 3.44827586206897 , 0 , 0 , 11.0689655172414 , 1 , 0 , 0 , 0 
31-Jan-2006 10:28,200511,GLASGOW,UNITED KINGDOM,NORWICH,FLYBE LTD,D,S, 29 , 0 , 72.4137931034483 , 27.5862068965517 , 0 , 0 , 0 , 0 , 7.06896551724138 , 0 , 0 , 0 , 0 
31-Jan-2006 10:28,200511,GLASGOW,UNITED KINGDOM,NOTTINGHAM EAST MIDLANDS INT'L,BMIBABY LTD,A,S, 78 , 0 , 97.4358974358974 , 2.56410256410256 , 0 , 0 , 0 , 0 , 1.24358974358974 , 0 , 78 , 84.6153846153846 , 11.2564102564103 
31-Jan-2006 10:28,200511,GLASGOW,UNITED KINGDOM,NOTTINGHAM EAST MIDLANDS INT'L,BMIBABY LTD,D,S, 78 , 0 , 96.1538461538462 , 3.84615384615385 , 0 , 0 , 0 , 0 , 2.43589743589744 , 0 , 78 , 83.3333333333333 , 12.3974358974359 
31-Jan-2006 10:28,200511,GLASGOW,UNITED KINGDOM,SOUTHAMPTON,BRITISH AIRWAYS CITIEXPRESS LTD,A,S, 101 , 0 , 77.2277227722772 , 11.8811881188119 , 4.95049504950495 , 5.94059405940594 , 0 , 0 , 12.7722772277228 , 0 , 101 , 79.2079207920792 , 11.2277227722772 
31-Jan-2006 10:28,200511,GLASGOW,UNITED KINGDOM,SOUTHAMPTON,BRITISH AIRWAYS CITIEXPRESS LTD,D,S, 101 , 0 , 82.1782178217822 , 4.95049504950495 , 7.92079207920792 , 4.95049504950495 , 0 , 0 , 11.6237623762376 , 0 , 99 , 84.8484848484849 , 9.44444444444444 
31-Jan-2006 10:28,200511,GLASGOW,UNITED KINGDOM,SOUTHAMPTON,FLYBE LTD,A,S, 123 , 2 , 78.8617886178862 , 6.50406504065041 , 6.50406504065041 , 7.31707317073171 , 0.813008130081301 , 0 , 14.4227642276423 , 5 , 78 , 80.7692307692308 , 7.03846153846154 
31-Jan-2006 10:28,200511,GLASGOW,UNITED KINGDOM,SOUTHAMPTON,FLYBE LTD,D,S, 122 , 1 , 70.4918032786885 , 14.7540983606557 , 8.19672131147541 , 5.73770491803279 , 0.819672131147541 , 0 , 16.1311475409836 , 6 , 78 , 84.6153846153846 , 8.7051282051282 
31-Jan-2006 10:28,200511,GLASGOW,UNITED KINGDOM,STANSTED,EASYJET AIRLINE COMPANY LTD,A,S, 138 , 0 , 89.1304347826087 , 4.34782608695652 , 3.6231884057971 , 2.89855072463768 , 0 , 0 , 5.94927536231884 , 0 , 138 , 92.7536231884058 , 5.54347826086957 
31-Jan-2006 10:28,200511,GLASGOW,UNITED KINGDOM,STANSTED,EASYJET AIRLINE COMPANY LTD,D,S, 138 , 0 , 86.9565217391304 , 8.69565217391304 , 3.6231884057971 , 0 , 0 , 0.72463768115942 , 8.08695652173913 , 0 , 138 , 88.4057971014493 , 7.18115942028986 
31-Jan-2006 10:28,200511,GLASGOW,UNITED KINGDOM,STANSTED,FLYGLOBESPAN,A,S, 52 , 0 , 76.9230769230769 , 17.3076923076923 , 3.84615384615385 , 1.92307692307692 , 0 , 0 , 9.17307692307692 , 0 , 0 , 0 , 0 
31-Jan-2006 10:28,200511,GLASGOW,UNITED KINGDOM,STANSTED,FLYGLOBESPAN,D,S, 52 , 0 , 76.9230769230769 , 19.2307692307692 , 1.92307692307692 , 1.92307692307692 , 0 , 0 , 10.9038461538462 , 0 , 0 , 0 , 0 
31-Jan-2006 10:28,200511,GLASGOW,UNITED KINGDOM,STORNOWAY,LOGANAIR,A,S, 83 , 1 , 77.1084337349398 , 6.02409638554217 , 9.63855421686747 , 7.2289156626506 , 0 , 0 , 14.1686746987952 , 0 , 52 , 86.5384615384615 , 16.4807692307692 
31-Jan-2006 10:28,200511,GLASGOW,UNITED KINGDOM,STORNOWAY,LOGANAIR,D,S, 84 , 0 , 65.4761904761905 , 19.047619047619 , 8.33333333333333 , 7.14285714285714 , 0 , 0 , 18.3452380952381 , 0 , 52 , 78.8461538461539 , 22.9038461538462 
31-Jan-2006 10:28,200511,GLASGOW,UNITED KINGDOM,SUMBURGH,LOGANAIR,A,S, 54 , 0 , 66.6666666666667 , 9.25925925925926 , 12.962962962963 , 11.1111111111111 , 0 , 0 , 20.8148148148148 , 0 , 55 , 76.3636363636364 , 16.8727272727273 
31-Jan-2006 10:28,200511,GLASGOW,UNITED KINGDOM,SUMBURGH,LOGANAIR,D,S, 54 , 1 , 74.0740740740741 , 16.6666666666667 , 5.55555555555556 , 3.7037037037037 , 0 , 0 , 14.3518518518519 , 0 , 56 , 78.5714285714286 , 13.2142857142857 
31-Jan-2006 10:28,200511,GLASGOW,UNITED KINGDOM,TIREE,LOGANAIR,A,S, 25 , 1 , 80 , 12 , 8 , 0 , 0 , 0 , 9.16 , 0 , 25 , 72 , 27.08 
31-Jan-2006 10:28,200511,GLASGOW,UNITED KINGDOM,TIREE,LOGANAIR,D,S, 26 , 0 , 84.6153846153846 , 3.84615384615385 , 7.69230769230769 , 3.84615384615385 , 0 , 0 , 10.8461538461538 , 0 , 25 , 72 , 22.28 
31-Jan-2006 10:28,200511,GLASGOW,USA,NEW YORK (NEWARK),CONTINENTAL AIRLINES,A,S, 29 , 0 , 75.8620689655172 , 13.7931034482759 , 10.3448275862069 , 0 , 0 , 0 , 9.79310344827586 , 0 , 26 , 88.4615384615385 , 3.88461538461538 
31-Jan-2006 10:28,200511,GLASGOW,USA,NEW YORK (NEWARK),CONTINENTAL AIRLINES,D,S, 29 , 0 , 79.3103448275862 , 10.3448275862069 , 10.3448275862069 , 0 , 0 , 0 , 9.10344827586207 , 0 , 26 , 100 , 1.11538461538462 
31-Jan-2006 10:28,200511,GLASGOW,USA,SANFORD,MY TRAVEL AIRWAYS UK,A,C, 0 , 0 , 0 , 0 , 0 , 0 , 0 , 0 , 0 , 0 , 1 , 0 , 43 
31-Jan-2006 10:28,200511,GLASGOW,USA,SANFORD,THOMAS COOK AIRLINES LTD,A,C, 0 , 0 , 0 , 0 , 0 , 0 , 0 , 0 , 0 , 0 , 1 , 100 , 0 
31-Jan-2006 10:28,200511,GLASGOW,USA,SANFORD,THOMSONFLY LTD,A,C, 1 , 0 , 100 , 0 , 0 , 0 , 0 , 0 , 0 , 0 , 0 , 0 , 0 
31-Jan-2006 10:28,200511,HEATHROW,ALGERIA,ALGIERS,AIR ALGERIE,A,S, 17 , 0 , 35.2941176470588 , 17.6470588235294 , 5.88235294117647 , 35.2941176470588 , 5.88235294117647 , 0 , 58.2941176470588 , 0 , 17 , 29.4117647058824 , 49.7058823529412 
31-Jan-2006 10:28,200511,HEATHROW,ALGERIA,ALGIERS,AIR ALGERIE,D,S, 17 , 0 , 29.4117647058824 , 23.5294117647059 , 5.88235294117647 , 35.2941176470588 , 5.88235294117647 , 0 , 55.4117647058824 , 0 , 17 , 64.7058823529412 , 25.8235294117647 
31-Jan-2006 10:28,200511,HEATHROW,ANGOLA,LUANDA,BRITISH AIRWAYS PLC,A,S, 4 , 0 , 75 , 25 , 0 , 0 , 0 , 0 , 5.25 , 0 , 4 , 100 , 1 
31-Jan-2006 10:28,200511,HEATHROW,ANGOLA,LUANDA,BRITISH AIRWAYS PLC,D,S, 4 , 0 , 25 , 50 , 25 , 0 , 0 , 0 , 27.25 , 0 , 4 , 50 , 19.25 
31-Jan-2006 10:28,200511,HEATHROW,ARGENTINA,BUENOS AIRES,BRITISH AIRWAYS PLC,A,S, 17 , 0 , 94.1176470588235 , 5.88235294117647 , 0 , 0 , 0 , 0 , 3.94117647058824 , 0 , 17 , 58.8235294117647 , 16.8823529411765 
31-Jan-2006 10:28,200511,HEATHROW,ARGENTINA,BUENOS AIRES,BRITISH AIRWAYS PLC,D,S, 17 , 0 , 47.0588235294118 , 29.4117647058824 , 11.7647058823529 , 11.7647058823529 , 0 , 0 , 26.4117647058824 , 0 , 17 , 47.0588235294118 , 30.9411764705882 
31-Jan-2006 10:28,200511,HEATHROW,AUSTRALIA,MELBOURNE,BRITISH AIRWAYS PLC,A,S, 30 , 0 , 90 , 3.33333333333333 , 6.66666666666667 , 0 , 0 , 0 , 4.26666666666667 , 1 , 30 , 86.6666666666667 , 20.8 
31-Jan-2006 10:28,200511,HEATHROW,AUSTRALIA,MELBOURNE,BRITISH AIRWAYS PLC,D,S, 30 , 0 , 43.3333333333333 , 23.3333333333333 , 23.3333333333333 , 10 , 0 , 0 , 23.7333333333333 , 0 , 30 , 40 , 20.4333333333333 
31-Jan-2006 10:28,200511,HEATHROW,AUSTRALIA,MELBOURNE,QANTAS,A,S, 30 , 0 , 83.3333333333333 , 0 , 13.3333333333333 , 0 , 3.33333333333333 , 0 , 14.9 , 0 , 30 , 70 , 15.0333333333333 
31-Jan-2006 10:28,200511,HEATHROW,AUSTRALIA,MELBOURNE,QANTAS,D,S, 30 , 0 , 56.6666666666667 , 26.6666666666667 , 6.66666666666667 , 10 , 0 , 0 , 21.2 , 0 , 0 , 0 , 0 
31-Jan-2006 10:28,200511,HEATHROW,AUSTRALIA,PERTH (AUSTRALIA),QANTAS,A,S, 13 , 0 , 69.2307692307692 , 23.0769230769231 , 0 , 0 , 7.69230769230769 , 0 , 19.8461538461538 , 0 , 13 , 61.5384615384615 , 12.3846153846154 
31-Jan-2006 10:28,200511,HEATHROW,AUSTRALIA,PERTH (AUSTRALIA),QANTAS,D,S, 13 , 0 , 38.4615384615385 , 38.4615384615385 , 7.69230769230769 , 7.69230769230769 , 7.69230769230769 , 0 , 41.8461538461538 , 0 , 13 , 46.1538461538462 , 27.4615384615385 
31-Jan-2006 10:28,200511,HEATHROW,AUSTRALIA,SYDNEY,BRITISH AIRWAYS PLC,A,S, 60 , 0 , 86.6666666666667 , 5 , 5 , 3.33333333333333 , 0 , 0 , 7.56666666666667 , 0 , 59 , 91.5254237288136 , 35.4406779661017 
31-Jan-2006 10:28,200511,HEATHROW,AUSTRALIA,SYDNEY,BRITISH AIRWAYS PLC,D,S, 60 , 0 , 43.3333333333333 , 30 , 15 , 11.6666666666667 , 0 , 0 , 30.8 , 0 , 60 , 68.3333333333333 , 18.2333333333333 
31-Jan-2006 10:28,200511,HEATHROW,AUSTRALIA,SYDNEY,QANTAS,A,S, 76 , 0 , 76.3157894736842 , 17.1052631578947 , 2.63157894736842 , 2.63157894736842 , 0 , 1.31578947368421 , 20.9473684210526 , 0 , 72 , 55.5555555555556 , 20 
31-Jan-2006 10:28,200511,HEATHROW,AUSTRALIA,SYDNEY,QANTAS,D,S, 76 , 0 , 36.8421052631579 , 31.5789473684211 , 25 , 6.57894736842105 , 0 , 0 , 28.3552631578947 , 0 , 102 , 48.0392156862745 , 21.6470588235294 
31-Jan-2006 10:28,200511,HEATHROW,AUSTRALIA,SYDNEY,VIRGIN ATLANTIC AIRWAYS LTD,A,S, 30 , 0 , 63.3333333333333 , 10 , 26.6666666666667 , 0 , 0 , 0 , 17.2333333333333 , 0 , 0 , 0 , 0 
31-Jan-2006 10:28,200511,HEATHROW,AUSTRALIA,SYDNEY,VIRGIN ATLANTIC AIRWAYS LTD,D,S, 30 , 0 , 50 , 26.6666666666667 , 16.6666666666667 , 6.66666666666667 , 0 , 0 , 21.6 , 0 , 0 , 0 , 0 
31-Jan-2006 10:28,200511,HEATHROW,AUSTRIA,VIENNA,AUSTRIAN AIRLINES,A,S, 150 , 0 , 77.3333333333333 , 10.6666666666667 , 8 , 4 , 0 , 0 , 10.9666666666667 , 0 , 149 , 78.5234899328859 , 9.56375838926174 
31-Jan-2006 10:28,200511,HEATHROW,AUSTRIA,VIENNA,AUSTRIAN AIRLINES,D,S, 150 , 0 , 69.3333333333333 , 20 , 6 , 4.66666666666667 , 0 , 0 , 13.5333333333333 , 0 , 149 , 75.1677852348993 , 12.4496644295302 
31-Jan-2006 10:28,200511,HEATHROW,AUSTRIA,VIENNA,BRITISH AIRWAYS PLC,A,S, 120 , 0 , 76.6666666666667 , 15 , 5.83333333333333 , 2.5 , 0 , 0 , 10.3916666666667 , 0 , 120 , 84.1666666666667 , 8.875 
31-Jan-2006 10:28,200511,HEATHROW,AUSTRIA,VIENNA,BRITISH AIRWAYS PLC,D,S, 120 , 0 , 65.8333333333333 , 19.1666666666667 , 10 , 4.16666666666667 , 0.833333333333333 , 0 , 16.8166666666667 , 0 , 120 , 70 , 13.525 
31-Jan-2006 10:28,200511,HEATHROW,AZERBAIJAN,BAKU ( HEYDER ALIYEV INT'L ),BMED,A,S, 30 , 0 , 100 , 0 , 0 , 0 , 0 , 0 , 0.566666666666667 , 0 , 17 , 88.2352941176471 , 6 
31-Jan-2006 10:28,200511,HEATHROW,AZERBAIJAN,BAKU ( HEYDER ALIYEV INT'L ),BMED,D,S, 30 , 0 , 56.6666666666667 , 26.6666666666667 , 13.3333333333333 , 3.33333333333333 , 0 , 0 , 16.4666666666667 , 0 , 17 , 23.5294117647059 , 42.8235294117647 
31-Jan-2006 10:28,200511,HEATHROW,BAHAMAS,NASSAU,BRITISH AIRWAYS PLC,A,S, 0 , 0 , 0 , 0 , 0 , 0 , 0 , 0 , 0 , 0 , 3 , 100 , 0 
31-Jan-2006 10:28,200511,HEATHROW,BAHAMAS,NASSAU,BRITISH AIRWAYS PLC,D,S, 0 , 0 , 0 , 0 , 0 , 0 , 0 , 0 , 0 , 0 , 3 , 66.6666666666667 , 11.6666666666667 
31-Jan-2006 10:28,200511,HEATHROW,BAHRAIN,BAHRAIN,GULF AIR,A,S, 59 , 0 , 88.135593220339 , 1.69491525423729 , 1.69491525423729 , 8.47457627118644 , 0 , 0 , 9.79661016949153 , 2 , 58 , 84.4827586206897 , 10.6896551724138 
31-Jan-2006 10:28,200511,HEATHROW,BAHRAIN,BAHRAIN,GULF AIR,D,S, 58 , 0 , 58.6206896551724 , 25.8620689655172 , 12.0689655172414 , 3.44827586206897 , 0 , 0 , 17.3275862068966 , 1 , 50 , 80 , 8.5 
31-Jan-2006 10:28,200511,HEATHROW,BANGLADESH,DACCA,BIMAN BANGLADESH AIRLINES,A,S, 24 , 0 , 62.5 , 20.8333333333333 , 0 , 8.33333333333333 , 0 , 8.33333333333333 , 56.7083333333333 , 0 , 26 , 42.3076923076923 , 68.1153846153846 
31-Jan-2006 10:28,200511,HEATHROW,BANGLADESH,DACCA,BIMAN BANGLADESH AIRLINES,D,S, 24 , 0 , 20.8333333333333 , 33.3333333333333 , 25 , 12.5 , 4.16666666666667 , 4.16666666666667 , 63.1666666666667 , 0 , 26 , 7.69230769230769 , 72.8846153846154 
31-Jan-2006 10:28,200511,HEATHROW,BANGLADESH,DACCA,BRITISH AIRWAYS PLC,A,S, 12 , 0 , 75 , 16.6666666666667 , 0 , 0 , 8.33333333333333 , 0 , 21.9166666666667 , 0 , 13 , 92.3076923076923 , 3.23076923076923 
31-Jan-2006 10:28,200511,HEATHROW,BANGLADESH,DACCA,BRITISH AIRWAYS PLC,D,S, 13 , 0 , 23.0769230769231 , 15.3846153846154 , 46.1538461538462 , 15.3846153846154 , 0 , 0 , 36.6923076923077 , 0 , 12 , 33.3333333333333 , 23 
31-Jan-2006 10:28,200511,HEATHROW,BELGIUM,BRUSSELS,BMI BRITISH MIDLAND,A,S, 174 , 0 , 77.5862068965517 , 8.04597701149425 , 8.04597701149425 , 5.74712643678161 , 0.574712643678161 , 0 , 13.5574712643678 , 1 , 177 , 81.3559322033898 , 8.85310734463277 
31-Jan-2006 10:28,200511,HEATHROW,BELGIUM,BRUSSELS,BMI BRITISH MIDLAND,D,S, 174 , 0 , 75.8620689655172 , 13.7931034482759 , 6.32183908045977 , 4.02298850574713 , 0 , 0 , 10.5344827586207 , 1 , 177 , 79.0960451977401 , 9.08474576271187 
31-Jan-2006 10:28,200511,HEATHROW,BELGIUM,BRUSSELS,BRITISH AIRWAYS PLC,A,S, 224 , 0 , 83.9285714285714 , 7.58928571428571 , 4.91071428571429 , 3.57142857142857 , 0 , 0 , 8.69196428571429 , 0 , 228 , 84.2105263157895 , 7.49561403508772 
31-Jan-2006 10:28,200511,HEATHROW,BELGIUM,BRUSSELS,BRITISH AIRWAYS PLC,D,S, 224 , 0 , 71.4285714285714 , 13.8392857142857 , 8.48214285714286 , 6.25 , 0 , 0 , 16.0535714285714 , 0 , 228 , 75.8771929824561 , 12.5745614035088 
31-Jan-2006 10:28,200511,HEATHROW,BELGIUM,BRUSSELS,SN BRUSSELS AIRLINES,A,S, 4 , 0 , 100 , 0 , 0 , 0 , 0 , 0 , 1.25 , 0 , 4 , 100 , 1.25 
31-Jan-2006 10:28,200511,HEATHROW,BELGIUM,BRUSSELS,SN BRUSSELS AIRLINES,D,S, 4 , 0 , 100 , 0 , 0 , 0 , 0 , 0 , 6 , 0 , 4 , 25 , 23.5 
31-Jan-2006 10:28,200511,HEATHROW,BRAZIL,RIO DE JANEIRO (GALEAO),BRITISH AIRWAYS PLC,A,S, 13 , 0 , 84.6153846153846 , 7.69230769230769 , 7.69230769230769 , 0 , 0 , 0 , 6.76923076923077 , 0 , 13 , 84.6153846153846 , 8.23076923076923 
31-Jan-2006 10:28,200511,HEATHROW,BRAZIL,RIO DE JANEIRO (GALEAO),BRITISH AIRWAYS PLC,D,S, 13 , 0 , 30.7692307692308 , 15.3846153846154 , 38.4615384615385 , 15.3846153846154 , 0 , 0 , 35 , 0 , 13 , 53.8461538461538 , 17.0769230769231 
31-Jan-2006 10:28,200511,HEATHROW,BRAZIL,RIO DE JANEIRO (GALEAO),VARIG,A,S, 2 , 0 , 100 , 0 , 0 , 0 , 0 , 0 , 0 , 0 , 30 , 53.3333333333333 , 19.6 
31-Jan-2006 10:28,200511,HEATHROW,BRAZIL,RIO DE JANEIRO (GALEAO),VARIG,D,S, 1 , 0 , 100 , 0 , 0 , 0 , 0 , 0 , 3 , 0 , 29 , 48.2758620689655 , 25.7931034482759 
31-Jan-2006 10:28,200511,HEATHROW,BRAZIL,SAO PAULO (GUARULHOS),VARIG,A,S, 28 , 0 , 60.7142857142857 , 14.2857142857143 , 10.7142857142857 , 14.2857142857143 , 0 , 0 , 26.1071428571429 , 0 , 0 , 0 , 0 
31-Jan-2006 10:28,200511,HEATHROW,BRAZIL,SAO PAULO (GUARULHOS),VARIG,D,S, 29 , 0 , 37.9310344827586 , 31.0344827586207 , 13.7931034482759 , 13.7931034482759 , 3.44827586206897 , 0 , 32.551724137931 , 0 , 0 , 0 , 0 
31-Jan-2006 10:28,200511,HEATHROW,BRUNEI,BANDAR SERI BEGAWAN,ROYAL BRUNEI AIRLINES,A,S, 30 , 0 , 73.3333333333333 , 10 , 0 , 13.3333333333333 , 3.33333333333333 , 0 , 26.5666666666667 , 0 , 30 , 63.3333333333333 , 25.7333333333333 
31-Jan-2006 10:28,200511,HEATHROW,BRUNEI,BANDAR SERI BEGAWAN,ROYAL BRUNEI AIRLINES,D,S, 30 , 0 , 60 , 33.3333333333333 , 0 , 6.66666666666667 , 0 , 0 , 15.2666666666667 , 0 , 30 , 83.3333333333333 , 8.9 
31-Jan-2006 10:28,200511,HEATHROW,BULGARIA,SOFIA,BRITISH AIRWAYS PLC,A,S, 29 , 0 , 68.9655172413793 , 13.7931034482759 , 3.44827586206897 , 10.3448275862069 , 3.44827586206897 , 0 , 28.1379310344828 , 0 , 30 , 93.3333333333333 , 5.33333333333333 
31-Jan-2006 10:28,200511,HEATHROW,BULGARIA,SOFIA,BRITISH AIRWAYS PLC,D,S, 29 , 0 , 75.8620689655172 , 13.7931034482759 , 3.44827586206897 , 6.89655172413793 , 0 , 0 , 14.4827586206897 , 0 , 30 , 90 , 4.06666666666667 
31-Jan-2006 10:28,200511,HEATHROW,CANADA,CALGARY,AIR CANADA,A,S, 28 , 0 , 71.4285714285714 , 14.2857142857143 , 3.57142857142857 , 7.14285714285714 , 0 , 3.57142857142857 , 29.6071428571429 , 0 , 30 , 86.6666666666667 , 14 
31-Jan-2006 10:28,200511,HEATHROW,CANADA,CALGARY,AIR CANADA,D,S, 28 , 0 , 57.1428571428571 , 28.5714285714286 , 7.14285714285714 , 7.14285714285714 , 0 , 0 , 19.2857142857143 , 0 , 30 , 46.6666666666667 , 27.7666666666667 
31-Jan-2006 10:28,200511,HEATHROW,CANADA,HALIFAX INT,AIR CANADA,A,S, 19 , 0 , 78.9473684210526 , 0 , 5.26315789473684 , 5.26315789473684 , 5.26315789473684 , 5.26315789473684 , 58.1578947368421 , 0 , 21 , 76.1904761904762 , 18.4285714285714 
31-Jan-2006 10:28,200511,HEATHROW,CANADA,HALIFAX INT,AIR CANADA,D,S, 19 , 0 , 73.6842105263158 , 21.0526315789474 , 5.26315789473684 , 0 , 0 , 0 , 10.2105263157895 , 0 , 21 , 90.4761904761905 , 9.85714285714286 
31-Jan-2006 10:28,200511,HEATHROW,CANADA,MONTREAL (DORVAL),AIR CANADA,A,S, 30 , 0 , 73.3333333333333 , 10 , 13.3333333333333 , 3.33333333333333 , 0 , 0 , 12.7666666666667 , 0 , 30 , 76.6666666666667 , 12.3666666666667 
31-Jan-2006 10:28,200511,HEATHROW,CANADA,MONTREAL (DORVAL),AIR CANADA,D,S, 30 , 0 , 73.3333333333333 , 16.6666666666667 , 10 , 0 , 0 , 0 , 13.2 , 0 , 30 , 73.3333333333333 , 12.2666666666667 
31-Jan-2006 10:28,200511,HEATHROW,CANADA,MONTREAL (DORVAL),BRITISH AIRWAYS PLC,A,S, 30 , 0 , 73.3333333333333 , 13.3333333333333 , 6.66666666666667 , 3.33333333333333 , 3.33333333333333 , 0 , 17.1 , 0 , 30 , 93.3333333333333 , 3.96666666666667 
31-Jan-2006 10:28,200511,HEATHROW,CANADA,MONTREAL (DORVAL),BRITISH AIRWAYS PLC,D,S, 30 , 0 , 63.3333333333333 , 16.6666666666667 , 16.6666666666667 , 0 , 3.33333333333333 , 0 , 23.4333333333333 , 0 , 30 , 63.3333333333333 , 15.8666666666667 
31-Jan-2006 10:28,200511,HEATHROW,CANADA,OTTAWA INTERNATIONAL,AIR CANADA,A,S, 21 , 0 , 80.9523809523809 , 4.76190476190476 , 9.52380952380952 , 4.76190476190476 , 0 , 0 , 9.90476190476191 , 0 , 21 , 90.4761904761905 , 22.9047619047619 
31-Jan-2006 10:28,200511,HEATHROW,CANADA,OTTAWA INTERNATIONAL,AIR CANADA,D,S, 21 , 0 , 76.1904761904762 , 19.047619047619 , 4.76190476190476 , 0 , 0 , 0 , 10.0952380952381 , 0 , 21 , 57.1428571428571 , 13.8095238095238 
31-Jan-2006 10:28,200511,HEATHROW,CANADA,TORONTO,AIR CANADA,A,S, 120 , 0 , 73.3333333333333 , 12.5 , 6.66666666666667 , 6.66666666666667 , 0.833333333333333 , 0 , 14.95 , 0 , 115 , 79.1304347826087 , 7.56521739130435 
31-Jan-2006 10:28,200511,HEATHROW,CANADA,TORONTO,AIR CANADA,D,S, 120 , 0 , 66.6666666666667 , 20.8333333333333 , 5 , 6.66666666666667 , 0.833333333333333 , 0 , 17.6083333333333 , 0 , 115 , 66.9565217391304 , 13.0782608695652 
31-Jan-2006 10:28,200511,HEATHROW,CANADA,TORONTO,AIR INDIA,A,S, 0 , 1 , 0 , 0 , 0 , 0 , 0 , 0 , 0 , 0 , 0 , 0 , 0 
31-Jan-2006 10:28,200511,HEATHROW,CANADA,TORONTO,BRITISH AIRWAYS PLC,A,S, 60 , 0 , 86.6666666666667 , 6.66666666666667 , 3.33333333333333 , 3.33333333333333 , 0 , 0 , 6.76666666666667 , 0 , 60 , 98.3333333333333 , 0.8 
31-Jan-2006 10:28,200511,HEATHROW,CANADA,TORONTO,BRITISH AIRWAYS PLC,D,S, 60 , 0 , 58.3333333333333 , 28.3333333333333 , 10 , 3.33333333333333 , 0 , 0 , 19.0666666666667 , 0 , 60 , 50 , 17.6833333333333 
31-Jan-2006 10:28,200511,HEATHROW,CANADA,VANCOUVER,AIR CANADA,A,S, 30 , 0 , 76.6666666666667 , 6.66666666666667 , 16.6666666666667 , 0 , 0 , 0 , 8.5 , 0 , 30 , 93.3333333333333 , 12.9 
31-Jan-2006 10:28,200511,HEATHROW,CANADA,VANCOUVER,AIR CANADA,D,S, 30 , 0 , 76.6666666666667 , 13.3333333333333 , 3.33333333333333 , 3.33333333333333 , 3.33333333333333 , 0 , 18.2333333333333 , 0 , 30 , 86.6666666666667 , 6.93333333333333 
31-Jan-2006 10:28,200511,HEATHROW,CANADA,VANCOUVER,BRITISH AIRWAYS PLC,A,S, 30 , 0 , 80 , 13.3333333333333 , 0 , 6.66666666666667 , 0 , 0 , 13.4333333333333 , 0 , 29 , 93.1034482758621 , 3.82758620689655 
31-Jan-2006 10:28,200511,HEATHROW,CANADA,VANCOUVER,BRITISH AIRWAYS PLC,D,S, 30 , 0 , 63.3333333333333 , 10 , 20 , 6.66666666666667 , 0 , 0 , 26 , 0 , 30 , 46.6666666666667 , 17.2333333333333 
31-Jan-2006 10:28,200511,HEATHROW,CAYMAN ISLANDS,GRAND CAYMAN,BRITISH AIRWAYS PLC,A,S, 17 , 0 , 76.4705882352941 , 17.6470588235294 , 5.88235294117647 , 0 , 0 , 0 , 6.41176470588235 , 0 , 13 , 100 , 1.76923076923077 
31-Jan-2006 10:28,200511,HEATHROW,CAYMAN ISLANDS,GRAND CAYMAN,BRITISH AIRWAYS PLC,D,S, 18 , 0 , 61.1111111111111 , 22.2222222222222 , 11.1111111111111 , 5.55555555555556 , 0 , 0 , 20 , 0 , 14 , 78.5714285714286 , 9.78571428571429 
31-Jan-2006 10:28,200511,HEATHROW,CHINA,BEIJING,AIR CHINA,A,S, 21 , 0 , 33.3333333333333 , 19.047619047619 , 19.047619047619 , 14.2857142857143 , 4.76190476190476 , 9.52380952380952 , 82.6666666666667 , 0 , 21 , 85.7142857142857 , 8.28571428571429 
31-Jan-2006 10:28,200511,HEATHROW,CHINA,BEIJING,AIR CHINA,D,S, 19 , 0 , 47.3684210526316 , 26.3157894736842 , 5.26315789473684 , 15.7894736842105 , 5.26315789473684 , 0 , 50.8421052631579 , 2 , 20 , 65 , 91.4 
31-Jan-2006 10:28,200511,HEATHROW,CHINA,BEIJING,BRITISH AIRWAYS PLC,A,S, 21 , 0 , 42.8571428571429 , 33.3333333333333 , 9.52380952380952 , 4.76190476190476 , 4.76190476190476 , 4.76190476190476 , 64.4285714285714 , 0 , 14 , 71.4285714285714 , 16.3571428571429 
31-Jan-2006 10:28,200511,HEATHROW,CHINA,BEIJING,BRITISH AIRWAYS PLC,D,S, 21 , 0 , 66.6666666666667 , 14.2857142857143 , 14.2857142857143 , 0 , 4.76190476190476 , 0 , 26.7619047619048 , 0 , 13 , 76.9230769230769 , 16.6153846153846 
31-Jan-2006 10:28,200511,HEATHROW,CHINA,SHANGHAI (PU DONG),BRITISH AIRWAYS PLC,A,S, 21 , 0 , 38.0952380952381 , 42.8571428571429 , 9.52380952380952 , 9.52380952380952 , 0 , 0 , 28.5238095238095 , 0 , 0 , 0 , 0 
31-Jan-2006 10:28,200511,HEATHROW,CHINA,SHANGHAI (PU DONG),BRITISH AIRWAYS PLC,D,S, 21 , 0 , 47.6190476190476 , 33.3333333333333 , 19.047619047619 , 0 , 0 , 0 , 19.4285714285714 , 0 , 0 , 0 , 0 
31-Jan-2006 10:28,200511,HEATHROW,CHINA,SHANGHAI (PU DONG),CHINA EASTERN AIRLINES,A,S, 17 , 0 , 11.7647058823529 , 0 , 41.1764705882353 , 47.0588235294118 , 0 , 0 , 65.0588235294118 , 0 , 18 , 44.4444444444444 , 32.2777777777778 
31-Jan-2006 10:28,200511,HEATHROW,CHINA,SHANGHAI (PU DONG),CHINA EASTERN AIRLINES,D,S, 17 , 0 , 41.1764705882353 , 29.4117647058824 , 23.5294117647059 , 5.88235294117647 , 0 , 0 , 21.4705882352941 , 0 , 18 , 83.3333333333333 , 8.5 
31-Jan-2006 10:28,200511,HEATHROW,CHINA,SHANGHAI (PU DONG),VIRGIN ATLANTIC AIRWAYS LTD,A,S, 26 , 0 , 65.3846153846154 , 15.3846153846154 , 15.3846153846154 , 3.84615384615385 , 0 , 0 , 16.2307692307692 , 0 , 21 , 66.6666666666667 , 15.9047619047619 
31-Jan-2006 10:28,200511,HEATHROW,CHINA,SHANGHAI (PU DONG),VIRGIN ATLANTIC AIRWAYS LTD,D,S, 25 , 0 , 64 , 16 , 4 , 16 , 0 , 0 , 21.4 , 0 , 22 , 63.6363636363636 , 17.3636363636364 
31-Jan-2006 10:28,200511,HEATHROW,COLOMBIA,BOGOTA,BRITISH AIRWAYS PLC,A,S, 0 , 0 , 0 , 0 , 0 , 0 , 0 , 0 , 0 , 0 , 13 , 69.2307692307692 , 22.0769230769231 
31-Jan-2006 10:28,200511,HEATHROW,COLOMBIA,BOGOTA,BRITISH AIRWAYS PLC,D,S, 0 , 0 , 0 , 0 , 0 , 0 , 0 , 0 , 0 , 0 , 13 , 46.1538461538462 , 22.3846153846154 
31-Jan-2006 10:28,200511,HEATHROW,CROATIA,SPLIT,CROATIA AIRLINES,A,S, 1 , 0 , 100 , 0 , 0 , 0 , 0 , 0 , 0 , 0 , 0 , 0 , 0 
31-Jan-2006 10:28,200511,HEATHROW,CROATIA,SPLIT,CROATIA AIRLINES,D,S, 1 , 0 , 100 , 0 , 0 , 0 , 0 , 0 , 0 , 0 , 0 , 0 , 0 
31-Jan-2006 10:28,200511,HEATHROW,CROATIA,ZAGREB,CROATIA AIRLINES,A,S, 37 , 0 , 81.0810810810811 , 10.8108108108108 , 2.7027027027027 , 5.40540540540541 , 0 , 0 , 10.7837837837838 , 0 , 30 , 73.3333333333333 , 9.46666666666667 
31-Jan-2006 10:28,200511,HEATHROW,CROATIA,ZAGREB,CROATIA AIRLINES,D,S, 37 , 0 , 81.0810810810811 , 10.8108108108108 , 2.7027027027027 , 5.40540540540541 , 0 , 0 , 9.24324324324324 , 0 , 30 , 66.6666666666667 , 15 
31-Jan-2006 10:28,200511,HEATHROW,CYPRUS,LARNACA,BRITISH AIRWAYS PLC,A,S, 30 , 0 , 53.3333333333333 , 23.3333333333333 , 10 , 13.3333333333333 , 0 , 0 , 24.6 , 0 , 30 , 53.3333333333333 , 70.3666666666667 
31-Jan-2006 10:28,200511,HEATHROW,CYPRUS,LARNACA,BRITISH AIRWAYS PLC,D,S, 30 , 0 , 53.3333333333333 , 16.6666666666667 , 16.6666666666667 , 10 , 3.33333333333333 , 0 , 29.7666666666667 , 0 , 30 , 73.3333333333333 , 10.4666666666667 
31-Jan-2006 10:28,200511,HEATHROW,CYPRUS,LARNACA,CYPRUS AIRWAYS,A,S, 57 , 0 , 61.4035087719298 , 17.5438596491228 , 14.0350877192982 , 5.26315789473684 , 0 , 1.75438596491228 , 28.8421052631579 , 0 , 53 , 60.377358490566 , 23.0377358490566 
31-Jan-2006 10:28,200511,HEATHROW,CYPRUS,LARNACA,CYPRUS AIRWAYS,D,S, 58 , 0 , 63.7931034482759 , 24.1379310344828 , 12.0689655172414 , 0 , 0 , 0 , 13.6034482758621 , 0 , 52 , 59.6153846153846 , 18.6923076923077 
31-Jan-2006 10:28,200511,HEATHROW,CYPRUS,LARNACA,HELIOS AIRWAYS LTD,A,S, 7 , 0 , 85.7142857142857 , 14.2857142857143 , 0 , 0 , 0 , 0 , 9.28571428571429 , 1 , 15 , 40 , 26.2666666666667 
31-Jan-2006 10:28,200511,HEATHROW,CYPRUS,LARNACA,HELIOS AIRWAYS LTD,D,S, 7 , 0 , 100 , 0 , 0 , 0 , 0 , 0 , 1.28571428571429 , 1 , 14 , 100 , 3.07142857142857 
31-Jan-2006 10:28,200511,HEATHROW,CZECH REPUBLIC,PRAGUE,BRITISH AIRWAYS PLC,A,S, 89 , 0 , 61.7977528089888 , 13.4831460674157 , 12.3595505617978 , 11.2359550561798 , 0 , 1.12359550561798 , 26.1011235955056 , 0 , 90 , 73.3333333333333 , 11.5222222222222 
31-Jan-2006 10:28,200511,HEATHROW,CZECH REPUBLIC,PRAGUE,BRITISH AIRWAYS PLC,D,S, 89 , 0 , 37.0786516853933 , 22.4719101123596 , 31.4606741573034 , 8.98876404494382 , 0 , 0 , 30.1348314606742 , 0 , 90 , 56.6666666666667 , 18.7666666666667 
31-Jan-2006 10:28,200511,HEATHROW,CZECH REPUBLIC,PRAGUE,CSA,A,S, 76 , 0 , 69.7368421052632 , 13.1578947368421 , 11.8421052631579 , 5.26315789473684 , 0 , 0 , 15.0131578947368 , 0 , 86 , 53.4883720930233 , 18.2325581395349 
31-Jan-2006 10:28,200511,HEATHROW,CZECH REPUBLIC,PRAGUE,CSA,D,S, 76 , 0 , 64.4736842105263 , 14.4736842105263 , 14.4736842105263 , 5.26315789473684 , 0 , 1.31578947368421 , 21.8026315789474 , 0 , 86 , 68.6046511627907 , 16.6627906976744 
31-Jan-2006 10:28,200511,HEATHROW,DENMARK,COPENHAGEN,BRITISH AIRWAYS PLC,A,S, 172 , 0 , 77.9069767441861 , 11.6279069767442 , 6.97674418604651 , 3.48837209302326 , 0 , 0 , 10.0232558139535 , 0 , 176 , 82.9545454545455 , 8.89772727272727 
31-Jan-2006 10:28,200511,HEATHROW,DENMARK,COPENHAGEN,BRITISH AIRWAYS PLC,D,S, 172 , 0 , 71.5116279069767 , 11.6279069767442 , 12.7906976744186 , 4.06976744186047 , 0 , 0 , 14.7151162790698 , 0 , 176 , 77.8409090909091 , 10.1022727272727 
31-Jan-2006 10:28,200511,HEATHROW,DENMARK,COPENHAGEN,SAS,A,S, 150 , 0 , 70 , 17.3333333333333 , 10 , 2.66666666666667 , 0 , 0 , 13.8866666666667 , 0 , 172 , 72.6744186046512 , 12.453488372093 
31-Jan-2006 10:28,200511,HEATHROW,DENMARK,COPENHAGEN,SAS,D,S, 149 , 0 , 69.7986577181208 , 14.0939597315436 , 12.751677852349 , 3.35570469798658 , 0 , 0 , 14.6040268456376 , 1 , 172 , 78.4883720930233 , 12.3255813953488 
31-Jan-2006 10:28,200511,HEATHROW,DENMARK,COPENHAGEN,VARIG,A,S, 13 , 0 , 84.6153846153846 , 15.3846153846154 , 0 , 0 , 0 , 0 , 4.15384615384615 , 0 , 11 , 72.7272727272727 , 7.45454545454545 
31-Jan-2006 10:28,200511,HEATHROW,DENMARK,COPENHAGEN,VARIG,D,S, 13 , 0 , 7.69230769230769 , 30.7692307692308 , 7.69230769230769 , 46.1538461538462 , 7.69230769230769 , 0 , 67.0769230769231 , 0 , 12 , 16.6666666666667 , 56.5833333333333 
31-Jan-2006 10:28,200511,HEATHROW,EGYPT,CAIRO,BRITISH AIRWAYS PLC,A,S, 30 , 0 , 93.3333333333333 , 3.33333333333333 , 0 , 0 , 3.33333333333333 , 0 , 12.6333333333333 , 0 , 30 , 96.6666666666667 , 2.33333333333333 
31-Jan-2006 10:28,200511,HEATHROW,EGYPT,CAIRO,BRITISH AIRWAYS PLC,D,S, 30 , 0 , 50 , 36.6666666666667 , 3.33333333333333 , 6.66666666666667 , 3.33333333333333 , 0 , 27.6333333333333 , 0 , 30 , 63.3333333333333 , 15.4 
31-Jan-2006 10:28,200511,HEATHROW,EGYPT,CAIRO,EGYPT AIR,A,S, 30 , 0 , 80 , 16.6666666666667 , 3.33333333333333 , 0 , 0 , 0 , 7.9 , 0 , 31 , 29.0322580645161 , 28.1612903225806 
31-Jan-2006 10:28,200511,HEATHROW,EGYPT,CAIRO,EGYPT AIR,D,S, 30 , 0 , 60 , 26.6666666666667 , 13.3333333333333 , 0 , 0 , 0 , 16.5333333333333 , 0 , 31 , 29.0322580645161 , 38.8709677419355 
31-Jan-2006 10:28,200511,HEATHROW,EGYPT,LUXOR,EGYPT AIR,A,S, 4 , 0 , 100 , 0 , 0 , 0 , 0 , 0 , 0 , 0 , 4 , 50 , 24 
31-Jan-2006 10:28,200511,HEATHROW,EGYPT,LUXOR,EGYPT AIR,D,S, 4 , 0 , 100 , 0 , 0 , 0 , 0 , 0 , 8 , 0 , 4 , 75 , 30 
31-Jan-2006 10:28,200511,HEATHROW,ETHIOPIA,ADDIS ABABA,BMED,A,S, 19 , 2 , 94.7368421052632 , 5.26315789473684 , 0 , 0 , 0 , 0 , 3.21052631578947 , 0 , 17 , 58.8235294117647 , 16.0588235294118 
31-Jan-2006 10:28,200511,HEATHROW,ETHIOPIA,ADDIS ABABA,BMED,D,S, 21 , 0 , 71.4285714285714 , 14.2857142857143 , 14.2857142857143 , 0 , 0 , 0 , 13.0952380952381 , 0 , 17 , 17.6470588235294 , 61.1176470588235 
31-Jan-2006 10:28,200511,HEATHROW,ETHIOPIA,ADDIS ABABA,ETHIOPIAN AIRLINES,A,S, 13 , 0 , 61.5384615384615 , 0 , 7.69230769230769 , 30.7692307692308 , 0 , 0 , 42.0769230769231 , 0 , 16 , 43.75 , 20.6875 
31-Jan-2006 10:28,200511,HEATHROW,ETHIOPIA,ADDIS ABABA,ETHIOPIAN AIRLINES,D,S, 13 , 0 , 69.2307692307692 , 0 , 15.3846153846154 , 15.3846153846154 , 0 , 0 , 23.9230769230769 , 0 , 16 , 75 , 12.375 
31-Jan-2006 10:28,200511,HEATHROW,FED REP YUGO SERBIA M'ENEGRO,BELGRADE,BRITISH AIRWAYS PLC,A,S, 16 , 0 , 81.25 , 12.5 , 0 , 6.25 , 0 , 0 , 10.375 , 0 , 17 , 94.1176470588235 , 3.58823529411765 
31-Jan-2006 10:28,200511,HEATHROW,FED REP YUGO SERBIA M'ENEGRO,BELGRADE,BRITISH AIRWAYS PLC,D,S, 16 , 0 , 75 , 18.75 , 6.25 , 0 , 0 , 0 , 11.4375 , 0 , 17 , 94.1176470588235 , 6.58823529411765 
31-Jan-2006 10:28,200511,HEATHROW,FED REP YUGO SERBIA M'ENEGRO,BELGRADE,JATAIRWAYS,A,S, 30 , 0 , 66.6666666666667 , 13.3333333333333 , 10 , 6.66666666666667 , 3.33333333333333 , 0 , 23.7333333333333 , 0 , 30 , 70 , 9.6 
31-Jan-2006 10:28,200511,HEATHROW,FED REP YUGO SERBIA M'ENEGRO,BELGRADE,JATAIRWAYS,D,S, 30 , 0 , 73.3333333333333 , 6.66666666666667 , 10 , 6.66666666666667 , 3.33333333333333 , 0 , 26.0666666666667 , 0 , 30 , 66.6666666666667 , 9.93333333333333 
31-Jan-2006 10:28,200511,HEATHROW,FINLAND,HELSINKI,AIR CANADA,A,C, 0 , 1 , 0 , 0 , 0 , 0 , 0 , 0 , 0 , 0 , 0 , 0 , 0 
31-Jan-2006 10:28,200511,HEATHROW,FINLAND,HELSINKI,BRITISH AIRWAYS PLC,A,S, 60 , 0 , 78.3333333333333 , 8.33333333333333 , 6.66666666666667 , 6.66666666666667 , 0 , 0 , 12.7 , 0 , 60 , 80 , 6.85 
31-Jan-2006 10:28,200511,HEATHROW,FINLAND,HELSINKI,BRITISH AIRWAYS PLC,D,S, 60 , 0 , 68.3333333333333 , 11.6666666666667 , 16.6666666666667 , 1.66666666666667 , 1.66666666666667 , 0 , 18.7666666666667 , 0 , 60 , 81.6666666666667 , 8.55 
31-Jan-2006 10:28,200511,HEATHROW,FINLAND,HELSINKI,FINNAIR,A,S, 120 , 0 , 83.3333333333333 , 10.8333333333333 , 4.16666666666667 , 1.66666666666667 , 0 , 0 , 7.48333333333333 , 0 , 120 , 85.8333333333333 , 6.56666666666667 
31-Jan-2006 10:28,200511,HEATHROW,FINLAND,HELSINKI,FINNAIR,D,S, 120 , 0 , 81.6666666666667 , 12.5 , 3.33333333333333 , 1.66666666666667 , 0.833333333333333 , 0 , 11.2666666666667 , 0 , 120 , 83.3333333333333 , 11.1666666666667 
31-Jan-2006 10:28,200511,HEATHROW,FRANCE,LYON,AIR FRANCE,A,S, 30 , 0 , 76.6666666666667 , 13.3333333333333 , 6.66666666666667 , 3.33333333333333 , 0 , 0 , 12.1 , 0 , 77 , 87.012987012987 , 5.66233766233766 
31-Jan-2006 10:28,200511,HEATHROW,FRANCE,LYON,AIR FRANCE,D,S, 30 , 0 , 80 , 10 , 10 , 0 , 0 , 0 , 8.46666666666667 , 0 , 77 , 89.6103896103896 , 7.64935064935065 
31-Jan-2006 10:28,200511,HEATHROW,FRANCE,LYON,BRITISH AIRWAYS PLC,A,S, 89 , 0 , 84.2696629213483 , 8.98876404494382 , 3.37078651685393 , 3.37078651685393 , 0 , 0 , 8.50561797752809 , 0 , 94 , 84.0425531914894 , 12.7978723404255 
31-Jan-2006 10:28,200511,HEATHROW,FRANCE,LYON,BRITISH AIRWAYS PLC,D,S, 89 , 0 , 73.0337078651685 , 13.4831460674157 , 10.1123595505618 , 2.24719101123596 , 1.12359550561798 , 0 , 14.4943820224719 , 0 , 94 , 74.468085106383 , 17.0851063829787 
31-Jan-2006 10:28,200511,HEATHROW,FRANCE,NICE,ASTRAEUS LTD,A,C, 0 , 1 , 0 , 0 , 0 , 0 , 0 , 0 , 0 , 0 , 0 , 0 , 0 
31-Jan-2006 10:28,200511,HEATHROW,FRANCE,NICE,BMI BRITISH MIDLAND,A,S, 30 , 0 , 76.6666666666667 , 13.3333333333333 , 6.66666666666667 , 3.33333333333333 , 0 , 0 , 10.8666666666667 , 0 , 30 , 90 , 9.03333333333333 
31-Jan-2006 10:28,200511,HEATHROW,FRANCE,NICE,BMI BRITISH MIDLAND,D,S, 30 , 0 , 90 , 10 , 0 , 0 , 0 , 0 , 4.46666666666667 , 0 , 30 , 80 , 9.2 
31-Jan-2006 10:28,200511,HEATHROW,FRANCE,NICE,BRITISH AIRWAYS PLC,A,S, 118 , 0 , 85.593220338983 , 5.08474576271186 , 5.08474576271186 , 3.38983050847458 , 0 , 0.847457627118644 , 12.2203389830508 , 0 , 120 , 89.1666666666667 , 5.79166666666667 
31-Jan-2006 10:28,200511,HEATHROW,FRANCE,NICE,BRITISH AIRWAYS PLC,D,S, 118 , 0 , 70.3389830508475 , 14.4067796610169 , 11.0169491525424 , 4.23728813559322 , 0 , 0 , 15.7966101694915 , 0 , 120 , 73.3333333333333 , 12.8166666666667 
31-Jan-2006 10:28,200511,HEATHROW,FRANCE,PARIS (CHARLES DE GAULLE),AIR FRANCE,A,S, 319 , 1 , 67.0846394984326 , 17.5548589341693 , 10.9717868338558 , 4.07523510971787 , 0.313479623824451 , 0 , 16.1943573667712 , 0 , 351 , 76.6381766381766 , 11.8404558404558 
31-Jan-2006 10:28,200511,HEATHROW,FRANCE,PARIS (CHARLES DE GAULLE),AIR FRANCE,D,S, 318 , 0 , 68.8679245283019 , 14.1509433962264 , 11.9496855345912 , 4.40251572327044 , 0.314465408805031 , 0.314465408805031 , 16.5471698113208 , 1 , 351 , 78.6324786324786 , 11.5498575498575 
31-Jan-2006 10:28,200511,HEATHROW,FRANCE,PARIS (CHARLES DE GAULLE),BMI BRITISH MIDLAND,A,S, 137 , 0 , 72.992700729927 , 13.1386861313869 , 8.02919708029197 , 5.83941605839416 , 0 , 0 , 13.2262773722628 , 0 , 144 , 79.1666666666667 , 10.625 
31-Jan-2006 10:28,200511,HEATHROW,FRANCE,PARIS (CHARLES DE GAULLE),BMI BRITISH MIDLAND,D,S, 137 , 0 , 72.992700729927 , 13.8686131386861 , 10.2189781021898 , 2.91970802919708 , 0 , 0 , 11.6058394160584 , 0 , 144 , 74.3055555555556 , 10.1944444444444 
31-Jan-2006 10:28,200511,HEATHROW,FRANCE,PARIS (CHARLES DE GAULLE),BRITISH AIRWAYS PLC,A,S, 283 , 0 , 71.3780918727915 , 10.6007067137809 , 9.18727915194346 , 7.77385159010601 , 1.06007067137809 , 0 , 17.6360424028269 , 0 , 287 , 73.8675958188153 , 14.4703832752613 
31-Jan-2006 10:28,200511,HEATHROW,FRANCE,PARIS (CHARLES DE GAULLE),BRITISH AIRWAYS PLC,D,S, 283 , 0 , 67.8445229681979 , 18.0212014134276 , 8.8339222614841 , 5.30035335689046 , 0 , 0 , 15.643109540636 , 0 , 288 , 63.5416666666667 , 19.1215277777778 
31-Jan-2006 10:28,200511,HEATHROW,FRANCE,PARIS (LE BOURGET),TAG AVIATION SA,A,C, 0 , 1 , 0 , 0 , 0 , 0 , 0 , 0 , 0 , 0 , 0 , 0 , 0 
31-Jan-2006 10:28,200511,HEATHROW,GEORGIA,TBILISI,BMED,A,S, 13 , 0 , 100 , 0 , 0 , 0 , 0 , 0 , 1.61538461538462 , 0 , 9 , 77.7777777777778 , 22.7777777777778 
31-Jan-2006 10:28,200511,HEATHROW,GEORGIA,TBILISI,BMED,D,S, 13 , 0 , 46.1538461538462 , 30.7692307692308 , 0 , 15.3846153846154 , 7.69230769230769 , 0 , 36.2307692307692 , 0 , 8 , 25 , 51.5 
31-Jan-2006 10:28,200511,HEATHROW,GERMANY,BERLIN (TEGEL),BRITISH AIRWAYS PLC,A,S, 149 , 0 , 63.0872483221477 , 18.1208053691275 , 14.0939597315436 , 4.69798657718121 , 0 , 0 , 16.1006711409396 , 0 , 150 , 76.6666666666667 , 10.9 
31-Jan-2006 10:28,200511,HEATHROW,GERMANY,BERLIN (TEGEL),BRITISH AIRWAYS PLC,D,S, 149 , 0 , 79.8657718120805 , 11.4093959731544 , 4.69798657718121 , 4.02684563758389 , 0 , 0 , 10.0738255033557 , 0 , 150 , 81.3333333333333 , 10.6866666666667 
31-Jan-2006 10:28,200511,HEATHROW,GERMANY,COLOGNE (BONN),BRITISH AIRWAYS PLC,A,S, 90 , 0 , 70 , 15.5555555555556 , 8.88888888888889 , 5.55555555555556 , 0 , 0 , 15.9 , 0 , 90 , 71.1111111111111 , 11.8444444444444 
31-Jan-2006 10:28,200511,HEATHROW,GERMANY,COLOGNE (BONN),BRITISH AIRWAYS PLC,D,S, 90 , 0 , 70 , 15.5555555555556 , 5.55555555555556 , 8.88888888888889 , 0 , 0 , 18.0111111111111 , 0 , 90 , 71.1111111111111 , 13.3222222222222 
31-Jan-2006 10:28,200511,HEATHROW,GERMANY,COLOGNE (BONN),LUFTHANSA CITY LINE,A,S, 82 , 0 , 76.8292682926829 , 13.4146341463415 , 3.65853658536585 , 6.09756097560976 , 0 , 0 , 12.9756097560976 , 0 , 85 , 77.6470588235294 , 10.9294117647059 
31-Jan-2006 10:28,200511,HEATHROW,GERMANY,COLOGNE (BONN),LUFTHANSA CITY LINE,D,S, 82 , 0 , 81.7073170731707 , 10.9756097560976 , 2.4390243902439 , 4.8780487804878 , 0 , 0 , 10.4512195121951 , 0 , 85 , 89.4117647058824 , 7.77647058823529 
31-Jan-2006 10:28,200511,HEATHROW,GERMANY,DUSSELDORF,BRITISH AIRWAYS PLC,A,S, 167 , 1 , 76.0479041916168 , 10.1796407185629 , 7.78443113772455 , 4.79041916167665 , 0.598802395209581 , 0.598802395209581 , 15.3832335329341 , 0 , 170 , 80 , 11.1529411764706 
31-Jan-2006 10:28,200511,HEATHROW,GERMANY,DUSSELDORF,BRITISH AIRWAYS PLC,D,S, 167 , 1 , 74.251497005988 , 11.9760479041916 , 9.58083832335329 , 4.19161676646707 , 0 , 0 , 13.0359281437126 , 0 , 170 , 79.4117647058824 , 11.0352941176471 
31-Jan-2006 10:28,200511,HEATHROW,GERMANY,DUSSELDORF,LUFTHANSA,A,S, 142 , 1 , 77.4647887323944 , 14.0845070422535 , 2.11267605633803 , 5.63380281690141 , 0.704225352112676 , 0 , 12.1619718309859 , 0 , 141 , 87.2340425531915 , 8.11347517730496 
31-Jan-2006 10:28,200511,HEATHROW,GERMANY,DUSSELDORF,LUFTHANSA,D,S, 142 , 0 , 86.6197183098592 , 4.22535211267606 , 4.22535211267606 , 4.22535211267606 , 0.704225352112676 , 0 , 9.96478873239437 , 1 , 141 , 90.7801418439716 , 4.72340425531915 
31-Jan-2006 10:28,200511,HEATHROW,GERMANY,FRANKFURT MAIN,BRITISH AIRWAYS PLC,A,S, 212 , 0 , 76.4150943396226 , 9.90566037735849 , 9.90566037735849 , 3.30188679245283 , 0.471698113207547 , 0 , 11.9481132075472 , 0 , 214 , 73.8317757009346 , 13.9953271028037 
31-Jan-2006 10:28,200511,HEATHROW,GERMANY,FRANKFURT MAIN,BRITISH AIRWAYS PLC,D,S, 212 , 0 , 66.5094339622642 , 18.3962264150943 , 11.7924528301887 , 3.30188679245283 , 0 , 0 , 14.8066037735849 , 0 , 215 , 60 , 19.4744186046512 
31-Jan-2006 10:28,200511,HEATHROW,GERMANY,FRANKFURT MAIN,LUFTHANSA,A,S, 296 , 1 , 82.0945945945946 , 10.8108108108108 , 4.72972972972973 , 2.36486486486486 , 0 , 0 , 9.23986486486486 , 0 , 296 , 81.7567567567568 , 8.66891891891892 
31-Jan-2006 10:28,200511,HEATHROW,GERMANY,FRANKFURT MAIN,LUFTHANSA,D,S, 296 , 0 , 82.0945945945946 , 12.8378378378378 , 3.04054054054054 , 1.68918918918919 , 0.337837837837838 , 0 , 8.56081081081081 , 1 , 296 , 79.054054054054 , 10.2094594594595 
31-Jan-2006 10:28,200511,HEATHROW,GERMANY,HAMBURG,BRITISH AIRWAYS PLC,A,S, 120 , 0 , 72.5 , 8.33333333333333 , 12.5 , 5.83333333333333 , 0.833333333333333 , 0 , 17.0166666666667 , 0 , 120 , 84.1666666666667 , 6.95 
31-Jan-2006 10:28,200511,HEATHROW,GERMANY,HAMBURG,BRITISH AIRWAYS PLC,D,S, 120 , 0 , 78.3333333333333 , 12.5 , 7.5 , 1.66666666666667 , 0 , 0 , 10.3666666666667 , 0 , 120 , 78.3333333333333 , 9.90833333333333 
31-Jan-2006 10:28,200511,HEATHROW,GERMANY,HAMBURG,LUFTHANSA,A,S, 90 , 0 , 84.4444444444444 , 10 , 4.44444444444444 , 1.11111111111111 , 0 , 0 , 6.24444444444444 , 0 , 90 , 91.1111111111111 , 3.33333333333333 
31-Jan-2006 10:28,200511,HEATHROW,GERMANY,HAMBURG,LUFTHANSA,D,S, 90 , 0 , 90 , 6.66666666666667 , 2.22222222222222 , 1.11111111111111 , 0 , 0 , 5.34444444444444 , 0 , 90 , 92.2222222222222 , 4.18888888888889 
31-Jan-2006 10:28,200511,HEATHROW,GERMANY,HANOVER,BMI BRITISH MIDLAND,A,S, 81 , 0 , 91.358024691358 , 4.93827160493827 , 1.23456790123457 , 2.46913580246914 , 0 , 0 , 5.39506172839506 , 0 , 82 , 82.9268292682927 , 7.59756097560976 
31-Jan-2006 10:28,200511,HEATHROW,GERMANY,HANOVER,BMI BRITISH MIDLAND,D,S, 81 , 0 , 85.1851851851852 , 9.87654320987654 , 3.7037037037037 , 1.23456790123457 , 0 , 0 , 6.81481481481481 , 0 , 82 , 82.9268292682927 , 10.2317073170732 
31-Jan-2006 10:28,200511,HEATHROW,GERMANY,MUNICH,BRITISH AIRWAYS PLC,A,S, 144 , 0 , 72.9166666666667 , 10.4166666666667 , 10.4166666666667 , 6.25 , 0 , 0 , 13.8194444444444 , 0 , 143 , 80.4195804195804 , 11.013986013986 
31-Jan-2006 10:28,200511,HEATHROW,GERMANY,MUNICH,BRITISH AIRWAYS PLC,D,S, 144 , 0 , 59.0277777777778 , 18.75 , 18.75 , 3.47222222222222 , 0 , 0 , 17.4791666666667 , 0 , 145 , 67.5862068965517 , 17.1241379310345 
31-Jan-2006 10:28,200511,HEATHROW,GERMANY,MUNICH,LUFTHANSA,A,S, 204 , 0 , 77.4509803921569 , 11.7647058823529 , 7.35294117647059 , 3.43137254901961 , 0 , 0 , 10.1078431372549 , 0 , 208 , 87.9807692307692 , 6.26442307692308 
31-Jan-2006 10:28,200511,HEATHROW,GERMANY,MUNICH,LUFTHANSA,D,S, 203 , 0 , 83.2512315270936 , 7.88177339901478 , 6.40394088669951 , 2.46305418719212 , 0 , 0 , 8.86206896551724 , 1 , 208 , 87.9807692307692 , 5.79326923076923 
31-Jan-2006 10:28,200511,HEATHROW,GERMANY,STUTTGART,BRITISH AIRWAYS PLC,A,S, 89 , 0 , 61.7977528089888 , 19.1011235955056 , 13.4831460674157 , 5.61797752808989 , 0 , 0 , 18.2584269662921 , 0 , 90 , 65.5555555555556 , 17.5111111111111 
31-Jan-2006 10:28,200511,HEATHROW,GERMANY,STUTTGART,BRITISH AIRWAYS PLC,D,S, 89 , 0 , 70.7865168539326 , 14.6067415730337 , 8.98876404494382 , 5.61797752808989 , 0 , 0 , 14.8988764044944 , 0 , 90 , 74.4444444444444 , 11.0777777777778 
31-Jan-2006 10:28,200511,HEATHROW,GERMANY,STUTTGART,LUFTHANSA CITY LINE,A,S, 60 , 0 , 78.3333333333333 , 13.3333333333333 , 6.66666666666667 , 1.66666666666667 , 0 , 0 , 8.93333333333333 , 0 , 60 , 95 , 2.38333333333333 
31-Jan-2006 10:28,200511,HEATHROW,GERMANY,STUTTGART,LUFTHANSA CITY LINE,D,S, 60 , 0 , 86.6666666666667 , 6.66666666666667 , 6.66666666666667 , 0 , 0 , 0 , 5.95 , 0 , 60 , 90 , 3.9 
31-Jan-2006 10:28,200511,HEATHROW,GHANA,ACCRA,BRITISH AIRWAYS PLC,A,S, 30 , 0 , 90 , 3.33333333333333 , 3.33333333333333 , 0 , 3.33333333333333 , 0 , 9.23333333333333 , 0 , 30 , 96.6666666666667 , 9.4 
31-Jan-2006 10:28,200511,HEATHROW,GHANA,ACCRA,BRITISH AIRWAYS PLC,D,S, 30 , 0 , 16.6666666666667 , 26.6666666666667 , 46.6666666666667 , 6.66666666666667 , 3.33333333333333 , 0 , 42 , 0 , 30 , 13.3333333333333 , 40.8 
31-Jan-2006 10:28,200511,HEATHROW,GIBRALTAR,GIBRALTAR,GB AIRWAYS LTD,A,S, 30 , 0 , 83.3333333333333 , 6.66666666666667 , 10 , 0 , 0 , 0 , 9.16666666666667 , 0 , 0 , 0 , 0 
31-Jan-2006 10:28,200511,HEATHROW,GIBRALTAR,GIBRALTAR,GB AIRWAYS LTD,D,S, 30 , 0 , 90 , 6.66666666666667 , 0 , 3.33333333333333 , 0 , 0 , 8.3 , 0 , 0 , 0 , 0 
31-Jan-2006 10:28,200511,HEATHROW,GREECE,ATHENS,BRITISH AIRWAYS PLC,A,S, 87 , 0 , 77.0114942528736 , 8.04597701149425 , 10.3448275862069 , 3.44827586206897 , 1.14942528735632 , 0 , 12.8390804597701 , 0 , 60 , 81.6666666666667 , 8.38333333333333 
31-Jan-2006 10:28,200511,HEATHROW,GREECE,ATHENS,BRITISH AIRWAYS PLC,D,S, 87 , 0 , 63.2183908045977 , 16.0919540229885 , 13.7931034482759 , 6.89655172413793 , 0 , 0 , 18.1954022988506 , 0 , 60 , 85 , 6.53333333333333 
31-Jan-2006 10:28,200511,HEATHROW,GREECE,ATHENS,HELLAS JET,A,S, 0 , 0 , 0 , 0 , 0 , 0 , 0 , 0 , 0 , 0 , 30 , 80 , 9.66666666666667 
31-Jan-2006 10:28,200511,HEATHROW,GREECE,ATHENS,HELLAS JET,D,S, 0 , 0 , 0 , 0 , 0 , 0 , 0 , 0 , 0 , 0 , 30 , 83.3333333333333 , 8.66666666666667 
31-Jan-2006 10:28,200511,HEATHROW,GREECE,ATHENS,OLYMPIC AIRLINES,A,S, 68 , 1 , 67.6470588235294 , 11.7647058823529 , 14.7058823529412 , 5.88235294117647 , 0 , 0 , 16.2205882352941 , 3 , 73 , 68.4931506849315 , 15.972602739726 
31-Jan-2006 10:28,200511,HEATHROW,GREECE,ATHENS,OLYMPIC AIRLINES,D,S, 67 , 0 , 70.1492537313433 , 13.4328358208955 , 8.95522388059702 , 7.46268656716418 , 0 , 0 , 15.5671641791045 , 5 , 73 , 71.2328767123288 , 15.3287671232877 
31-Jan-2006 10:28,200511,HEATHROW,HONG KONG,HONG KONG (CHEP LAP KOK),BRITISH AIRWAYS PLC,A,S, 90 , 0 , 88.8888888888889 , 8.88888888888889 , 0 , 0 , 0 , 2.22222222222222 , 18.3333333333333 , 0 , 73 , 93.1506849315068 , 17.5205479452055 
31-Jan-2006 10:28,200511,HEATHROW,HONG KONG,HONG KONG (CHEP LAP KOK),BRITISH AIRWAYS PLC,D,S, 90 , 0 , 58.8888888888889 , 17.7777777777778 , 18.8888888888889 , 2.22222222222222 , 1.11111111111111 , 1.11111111111111 , 34.2666666666667 , 0 , 73 , 61.6438356164384 , 34.3835616438356 
31-Jan-2006 10:28,200511,HEATHROW,HONG KONG,HONG KONG (CHEP LAP KOK),CATHAY PACIFIC AIRWAYS,A,S, 90 , 0 , 85.5555555555556 , 8.88888888888889 , 4.44444444444444 , 0 , 1.11111111111111 , 0 , 6.6 , 0 , 90 , 98.8888888888889 , 1.16666666666667 
31-Jan-2006 10:28,200511,HEATHROW,HONG KONG,HONG KONG (CHEP LAP KOK),CATHAY PACIFIC AIRWAYS,D,S, 90 , 0 , 57.7777777777778 , 21.1111111111111 , 15.5555555555556 , 5.55555555555556 , 0 , 0 , 19.8333333333333 , 1 , 89 , 74.1573033707865 , 16 
31-Jan-2006 10:28,200511,HEATHROW,HONG KONG,HONG KONG (CHEP LAP KOK),VIRGIN ATLANTIC AIRWAYS LTD,A,S, 0 , 0 , 0 , 0 , 0 , 0 , 0 , 0 , 0 , 0 , 30 , 90 , 4.4 
31-Jan-2006 10:28,200511,HEATHROW,HONG KONG,HONG KONG (CHEP LAP KOK),VIRGIN ATLANTIC AIRWAYS LTD,D,S, 0 , 0 , 0 , 0 , 0 , 0 , 0 , 0 , 0 , 0 , 30 , 70 , 12.8333333333333 
31-Jan-2006 10:28,200511,HEATHROW,HUNGARY,BUDAPEST,BRITISH AIRWAYS PLC,A,S, 90 , 0 , 77.7777777777778 , 11.1111111111111 , 5.55555555555556 , 4.44444444444444 , 1.11111111111111 , 0 , 12.5333333333333 , 0 , 90 , 81.1111111111111 , 8.78888888888889 
31-Jan-2006 10:28,200511,HEATHROW,HUNGARY,BUDAPEST,BRITISH AIRWAYS PLC,D,S, 90 , 0 , 58.8888888888889 , 24.4444444444444 , 11.1111111111111 , 5.55555555555556 , 0 , 0 , 18.3 , 0 , 90 , 68.8888888888889 , 15.1555555555556 
31-Jan-2006 10:28,200511,HEATHROW,HUNGARY,BUDAPEST,MALEV (HUNGARIAN AIRLINES),A,S, 60 , 0 , 73.3333333333333 , 16.6666666666667 , 5 , 5 , 0 , 0 , 11.65 , 0 , 60 , 85 , 6.68333333333333 
31-Jan-2006 10:28,200511,HEATHROW,HUNGARY,BUDAPEST,MALEV (HUNGARIAN AIRLINES),D,S, 60 , 0 , 90 , 6.66666666666667 , 1.66666666666667 , 1.66666666666667 , 0 , 0 , 6.03333333333333 , 0 , 60 , 96.6666666666667 , 2.96666666666667 
31-Jan-2006 10:28,200511,HEATHROW,ICELAND,KEFLAVIK,ICELANDAIR,A,S, 56 , 0 , 73.2142857142857 , 19.6428571428571 , 5.35714285714286 , 1.78571428571429 , 0 , 0 , 10.0357142857143 , 0 , 57 , 82.4561403508772 , 9.19298245614035 
31-Jan-2006 10:28,200511,HEATHROW,ICELAND,KEFLAVIK,ICELANDAIR,D,S, 56 , 0 , 62.5 , 23.2142857142857 , 8.92857142857143 , 5.35714285714286 , 0 , 0 , 15.8035714285714 , 0 , 57 , 70.1754385964912 , 12.8947368421053 
31-Jan-2006 10:28,200511,HEATHROW,INDIA,AHMEDABAD,AIR INDIA,A,S, 4 , 0 , 50 , 50 , 0 , 0 , 0 , 0 , 10.5 , 0 , 0 , 0 , 0 
31-Jan-2006 10:28,200511,HEATHROW,INDIA,AHMEDABAD,AIR INDIA,D,S, 5 , 0 , 100 , 0 , 0 , 0 , 0 , 0 , 3.4 , 0 , 0 , 0 , 0 
31-Jan-2006 10:28,200511,HEATHROW,INDIA,BANGALORE,BRITISH AIRWAYS PLC,A,S, 22 , 0 , 90.9090909090909 , 9.09090909090909 , 0 , 0 , 0 , 0 , 2.5 , 0 , 0 , 0 , 0 
31-Jan-2006 10:28,200511,HEATHROW,INDIA,BANGALORE,BRITISH AIRWAYS PLC,D,S, 21 , 0 , 57.1428571428571 , 33.3333333333333 , 9.52380952380952 , 0 , 0 , 0 , 16.7619047619048 , 0 , 0 , 0 , 0 
31-Jan-2006 10:28,200511,HEATHROW,INDIA,CALCUTTA,AIR INDIA,A,S, 13 , 0 , 61.5384615384615 , 15.3846153846154 , 15.3846153846154 , 0 , 0 , 7.69230769230769 , 69.1538461538462 , 0 , 0 , 0 , 0 
31-Jan-2006 10:28,200511,HEATHROW,INDIA,CALCUTTA,AIR INDIA,D,S, 13 , 0 , 30.7692307692308 , 38.4615384615385 , 15.3846153846154 , 7.69230769230769 , 0 , 7.69230769230769 , 90.3846153846154 , 0 , 0 , 0 , 0 
31-Jan-2006 10:28,200511,HEATHROW,INDIA,CALCUTTA,BRITISH AIRWAYS PLC,A,S, 12 , 0 , 83.3333333333333 , 0 , 0 , 8.33333333333333 , 0 , 8.33333333333333 , 79 , 0 , 12 , 66.6666666666667 , 14.5833333333333 
31-Jan-2006 10:28,200511,HEATHROW,INDIA,CALCUTTA,BRITISH AIRWAYS PLC,D,S, 13 , 0 , 38.4615384615385 , 23.0769230769231 , 30.7692307692308 , 7.69230769230769 , 0 , 0 , 33 , 0 , 13 , 15.3846153846154 , 39.7692307692308 
31-Jan-2006 10:28,200511,HEATHROW,INDIA,DELHI,BRITISH AIRWAYS PLC,A,S, 30 , 0 , 86.6666666666667 , 0 , 6.66666666666667 , 6.66666666666667 , 0 , 0 , 11.5333333333333 , 0 , 30 , 93.3333333333333 , 4.43333333333333 
31-Jan-2006 10:28,200511,HEATHROW,INDIA,DELHI,BRITISH AIRWAYS PLC,D,S, 30 , 0 , 10 , 40 , 40 , 6.66666666666667 , 3.33333333333333 , 0 , 38.4333333333333 , 0 , 30 , 36.6666666666667 , 22.3333333333333 
31-Jan-2006 10:28,200511,HEATHROW,INDIA,DELHI,JET AIRWAYS,A,S, 29 , 0 , 20.6896551724138 , 44.8275862068965 , 24.1379310344828 , 10.3448275862069 , 0 , 0 , 31.2413793103448 , 1 , 0 , 0 , 0 
31-Jan-2006 10:28,200511,HEATHROW,INDIA,DELHI,JET AIRWAYS,D,S, 30 , 0 , 73.3333333333333 , 20 , 6.66666666666667 , 0 , 0 , 0 , 10.2 , 0 , 0 , 0 , 0 
31-Jan-2006 10:28,200511,HEATHROW,INDIA,DELHI,VIRGIN ATLANTIC AIRWAYS LTD,A,S, 30 , 0 , 53.3333333333333 , 13.3333333333333 , 26.6666666666667 , 6.66666666666667 , 0 , 0 , 21.9333333333333 , 0 , 13 , 30.7692307692308 , 39.8461538461538 
31-Jan-2006 10:28,200511,HEATHROW,INDIA,DELHI,VIRGIN ATLANTIC AIRWAYS LTD,D,S, 30 , 0 , 33.3333333333333 , 46.6666666666667 , 16.6666666666667 , 3.33333333333333 , 0 , 0 , 20.9666666666667 , 0 , 12 , 8.33333333333333 , 27.3333333333333 
31-Jan-2006 10:28,200511,HEATHROW,INDIA,MADRAS/CHENNAI,BRITISH AIRWAYS PLC,A,S, 26 , 0 , 88.4615384615385 , 0 , 3.84615384615385 , 7.69230769230769 , 0 , 0 , 9.80769230769231 , 0 , 8 , 100 , 0.25 
31-Jan-2006 10:28,200511,HEATHROW,INDIA,MADRAS/CHENNAI,BRITISH AIRWAYS PLC,D,S, 26 , 0 , 30.7692307692308 , 50 , 19.2307692307692 , 0 , 0 , 0 , 21.4615384615385 , 0 , 9 , 11.1111111111111 , 30.3333333333333 
31-Jan-2006 10:28,200511,HEATHROW,INDIA,MUMBAI,AIR INDIA,A,S, 72 , 0 , 75 , 5.55555555555556 , 15.2777777777778 , 4.16666666666667 , 0 , 0 , 12.1944444444444 , 3 , 53 , 64.1509433962264 , 38.4716981132075 
31-Jan-2006 10:28,200511,HEATHROW,INDIA,MUMBAI,AIR INDIA,D,S, 71 , 0 , 26.7605633802817 , 38.0281690140845 , 19.7183098591549 , 15.4929577464789 , 0 , 0 , 32.5633802816901 , 0 , 53 , 28.3018867924528 , 51.3584905660377 
31-Jan-2006 10:28,200511,HEATHROW,INDIA,MUMBAI,BMI BRITISH MIDLAND,A,S, 17 , 0 , 70.5882352941177 , 11.7647058823529 , 5.88235294117647 , 11.7647058823529 , 0 , 0 , 19.4705882352941 , 1 , 0 , 0 , 0 
31-Jan-2006 10:28,200511,HEATHROW,INDIA,MUMBAI,BMI BRITISH MIDLAND,D,S, 17 , 0 , 52.9411764705882 , 17.6470588235294 , 11.7647058823529 , 11.7647058823529 , 5.88235294117647 , 0 , 32.1176470588235 , 0 , 0 , 0 , 0 
31-Jan-2006 10:28,200511,HEATHROW,INDIA,MUMBAI,BRITISH AIRWAYS PLC,A,S, 60 , 0 , 75 , 18.3333333333333 , 3.33333333333333 , 3.33333333333333 , 0 , 0 , 9.48333333333333 , 0 , 30 , 96.6666666666667 , 6.76666666666667 
31-Jan-2006 10:28,200511,HEATHROW,INDIA,MUMBAI,BRITISH AIRWAYS PLC,D,S, 60 , 0 , 45 , 31.6666666666667 , 16.6666666666667 , 6.66666666666667 , 0 , 0 , 24.4333333333333 , 0 , 30 , 50 , 20.2333333333333 
31-Jan-2006 10:28,200511,HEATHROW,INDIA,MUMBAI,JET AIRWAYS,A,S, 30 , 0 , 60 , 20 , 20 , 0 , 0 , 0 , 15.2666666666667 , 0 , 0 , 0 , 0 
31-Jan-2006 10:28,200511,HEATHROW,INDIA,MUMBAI,JET AIRWAYS,D,S, 30 , 0 , 53.3333333333333 , 36.6666666666667 , 6.66666666666667 , 3.33333333333333 , 0 , 0 , 16.6 , 0 , 0 , 0 , 0 
31-Jan-2006 10:28,200511,HEATHROW,INDIA,MUMBAI,VIRGIN ATLANTIC AIRWAYS LTD,A,S, 12 , 0 , 100 , 0 , 0 , 0 , 0 , 0 , 0.333333333333333 , 0 , 0 , 0 , 0 
31-Jan-2006 10:28,200511,HEATHROW,INDIA,MUMBAI,VIRGIN ATLANTIC AIRWAYS LTD,D,S, 13 , 0 , 61.5384615384615 , 23.0769230769231 , 7.69230769230769 , 7.69230769230769 , 0 , 0 , 18.6923076923077 , 0 , 0 , 0 , 0 
31-Jan-2006 10:28,200511,HEATHROW,IRAN,TEHRAN,BMED,A,S, 30 , 0 , 96.6666666666667 , 3.33333333333333 , 0 , 0 , 0 , 0 , 1.73333333333333 , 0 , 20 , 90 , 5.5 
31-Jan-2006 10:28,200511,HEATHROW,IRAN,TEHRAN,BMED,D,S, 30 , 0 , 60 , 26.6666666666667 , 6.66666666666667 , 6.66666666666667 , 0 , 0 , 15.6666666666667 , 0 , 21 , 57.1428571428571 , 21.0952380952381 
31-Jan-2006 10:28,200511,HEATHROW,IRAN,TEHRAN,IRAN AIR,A,S, 13 , 0 , 69.2307692307692 , 15.3846153846154 , 15.3846153846154 , 0 , 0 , 0 , 11.6153846153846 , 0 , 13 , 38.4615384615385 , 30.9230769230769 
31-Jan-2006 10:28,200511,HEATHROW,IRAN,TEHRAN,IRAN AIR,D,S, 13 , 0 , 38.4615384615385 , 46.1538461538462 , 15.3846153846154 , 0 , 0 , 0 , 21.8461538461538 , 0 , 13 , 53.8461538461538 , 28.0769230769231 
31-Jan-2006 10:28,200511,HEATHROW,IRISH REPUBLIC,CORK,AER LINGUS,A,S, 120 , 0 , 64.1666666666667 , 20.8333333333333 , 11.6666666666667 , 3.33333333333333 , 0 , 0 , 14.9666666666667 , 0 , 90 , 88.8888888888889 , 8.51111111111111 
31-Jan-2006 10:28,200511,HEATHROW,IRISH REPUBLIC,CORK,AER LINGUS,D,S, 120 , 0 , 74.1666666666667 , 12.5 , 10 , 3.33333333333333 , 0 , 0 , 12.0583333333333 , 0 , 90 , 75.5555555555556 , 16.9 
31-Jan-2006 10:28,200511,HEATHROW,IRISH REPUBLIC,DUBLIN,AER LINGUS,A,S, 377 , 0 , 77.7188328912467 , 12.9973474801061 , 6.36604774535809 , 2.91777188328913 , 0 , 0 , 10.6604774535809 , 1 , 377 , 81.9628647214854 , 9.27851458885942 
31-Jan-2006 10:28,200511,HEATHROW,IRISH REPUBLIC,DUBLIN,AER LINGUS,D,S, 377 , 0 , 80.6366047745358 , 9.81432360742706 , 6.63129973474801 , 2.91777188328913 , 0 , 0 , 9.94164456233422 , 1 , 376 , 81.3829787234043 , 10.656914893617 
31-Jan-2006 10:28,200511,HEATHROW,IRISH REPUBLIC,DUBLIN,BMI BRITISH MIDLAND,A,S, 180 , 0 , 62.7777777777778 , 21.1111111111111 , 11.1111111111111 , 5 , 0 , 0 , 15.8666666666667 , 0 , 181 , 81.2154696132597 , 8.40331491712707 
31-Jan-2006 10:28,200511,HEATHROW,IRISH REPUBLIC,DUBLIN,BMI BRITISH MIDLAND,D,S, 180 , 0 , 66.6666666666667 , 17.2222222222222 , 10 , 6.11111111111111 , 0 , 0 , 15.05 , 0 , 181 , 85.6353591160221 , 8.57458563535912 
31-Jan-2006 10:28,200511,HEATHROW,IRISH REPUBLIC,SHANNON,AER LINGUS,A,S, 90 , 0 , 87.7777777777778 , 3.33333333333333 , 4.44444444444444 , 4.44444444444444 , 0 , 0 , 9.38888888888889 , 0 , 90 , 92.2222222222222 , 6.62222222222222 
31-Jan-2006 10:28,200511,HEATHROW,IRISH REPUBLIC,SHANNON,AER LINGUS,D,S, 90 , 0 , 83.3333333333333 , 7.77777777777778 , 4.44444444444444 , 4.44444444444444 , 0 , 0 , 8.97777777777778 , 0 , 90 , 85.5555555555556 , 10.5222222222222 
31-Jan-2006 10:28,200511,HEATHROW,ISRAEL,OVDA,EL AL,A,S, 4 , 0 , 100 , 0 , 0 , 0 , 0 , 0 , 0 , 0 , 5 , 60 , 21 
31-Jan-2006 10:28,200511,HEATHROW,ISRAEL,OVDA,EL AL,D,S, 4 , 0 , 75 , 25 , 0 , 0 , 0 , 0 , 4.25 , 0 , 5 , 60 , 15.2 
31-Jan-2006 10:28,200511,HEATHROW,ISRAEL,TEL AVIV,BRITISH AIRWAYS PLC,A,S, 60 , 0 , 85 , 5 , 6.66666666666667 , 3.33333333333333 , 0 , 0 , 7.8 , 0 , 59 , 67.7966101694915 , 34.7796610169492 
31-Jan-2006 10:28,200511,HEATHROW,ISRAEL,TEL AVIV,BRITISH AIRWAYS PLC,D,S, 60 , 0 , 66.6666666666667 , 20 , 8.33333333333333 , 5 , 0 , 0 , 14.7333333333333 , 0 , 59 , 64.4067796610169 , 16.8305084745763 
31-Jan-2006 10:28,200511,HEATHROW,ISRAEL,TEL AVIV,EL AL,A,S, 52 , 0 , 78.8461538461539 , 15.3846153846154 , 5.76923076923077 , 0 , 0 , 0 , 8.90384615384615 , 0 , 48 , 64.5833333333333 , 17.8541666666667 
31-Jan-2006 10:28,200511,HEATHROW,ISRAEL,TEL AVIV,EL AL,D,S, 52 , 0 , 65.3846153846154 , 25 , 7.69230769230769 , 1.92307692307692 , 0 , 0 , 12.4615384615385 , 0 , 50 , 62 , 15.56 
31-Jan-2006 10:28,200511,HEATHROW,ITALY,BOLOGNA,SIRIO,A,C, 0 , 1 , 0 , 0 , 0 , 0 , 0 , 0 , 0 , 0 , 0 , 0 , 0 
31-Jan-2006 10:28,200511,HEATHROW,ITALY,MILAN (LINATE),ALITALIA,A,S, 131 , 1 , 74.8091603053435 , 11.4503816793893 , 9.16030534351145 , 4.58015267175573 , 0 , 0 , 12.2290076335878 , 2 , 113 , 88.4955752212389 , 5.69026548672566 
31-Jan-2006 10:28,200511,HEATHROW,ITALY,MILAN (LINATE),ALITALIA,D,S, 133 , 0 , 75.9398496240601 , 13.5338345864662 , 8.27067669172932 , 1.50375939849624 , 0 , 0.75187969924812 , 15.8045112781955 , 0 , 113 , 90.2654867256637 , 9.79646017699115 
31-Jan-2006 10:28,200511,HEATHROW,ITALY,MILAN (LINATE),BMI BRITISH MIDLAND,A,S, 30 , 0 , 63.3333333333333 , 23.3333333333333 , 13.3333333333333 , 0 , 0 , 0 , 12.5 , 0 , 30 , 86.6666666666667 , 5.03333333333333 
31-Jan-2006 10:28,200511,HEATHROW,ITALY,MILAN (LINATE),BMI BRITISH MIDLAND,D,S, 30 , 0 , 70 , 13.3333333333333 , 16.6666666666667 , 0 , 0 , 0 , 12.4 , 0 , 30 , 90 , 5 
31-Jan-2006 10:28,200511,HEATHROW,ITALY,MILAN (LINATE),BRITISH AIRWAYS PLC,A,S, 119 , 0 , 54.6218487394958 , 18.4873949579832 , 15.9663865546218 , 10.0840336134454 , 0.840336134453782 , 0 , 23.7647058823529 , 0 , 90 , 78.8888888888889 , 10.9111111111111 
31-Jan-2006 10:28,200511,HEATHROW,ITALY,MILAN (LINATE),BRITISH AIRWAYS PLC,D,S, 119 , 0 , 62.1848739495798 , 19.327731092437 , 8.40336134453782 , 10.0840336134454 , 0 , 0 , 21.0672268907563 , 0 , 90 , 75.5555555555556 , 13.1444444444444 
31-Jan-2006 10:28,200511,HEATHROW,ITALY,MILAN (MALPENSA),ALITALIA,A,S, 88 , 0 , 50 , 18.1818181818182 , 21.5909090909091 , 10.2272727272727 , 0 , 0 , 24.375 , 0 , 118 , 85.593220338983 , 8.3135593220339 
31-Jan-2006 10:28,200511,HEATHROW,ITALY,MILAN (MALPENSA),ALITALIA,D,S, 89 , 0 , 66.2921348314607 , 20.2247191011236 , 6.74157303370787 , 6.74157303370787 , 0 , 0 , 17.2247191011236 , 0 , 118 , 72.8813559322034 , 10.7542372881356 
31-Jan-2006 10:28,200511,HEATHROW,ITALY,MILAN (MALPENSA),BRITISH AIRWAYS PLC,A,S, 118 , 0 , 77.9661016949153 , 7.6271186440678 , 8.47457627118644 , 5.08474576271186 , 0.847457627118644 , 0 , 15.0677966101695 , 0 , 88 , 75 , 11.5681818181818 
31-Jan-2006 10:28,200511,HEATHROW,ITALY,MILAN (MALPENSA),BRITISH AIRWAYS PLC,D,S, 118 , 0 , 58.4745762711864 , 19.4915254237288 , 11.864406779661 , 9.32203389830508 , 0.847457627118644 , 0 , 22.271186440678 , 0 , 88 , 70.4545454545455 , 12.5568181818182 
31-Jan-2006 10:28,200511,HEATHROW,ITALY,NAPLES,BMI BRITISH MIDLAND,A,S, 0 , 0 , 0 , 0 , 0 , 0 , 0 , 0 , 0 , 0 , 29 , 75.8620689655172 , 16.2068965517241 
31-Jan-2006 10:28,200511,HEATHROW,ITALY,NAPLES,BMI BRITISH MIDLAND,D,S, 0 , 0 , 0 , 0 , 0 , 0 , 0 , 0 , 0 , 0 , 29 , 79.3103448275862 , 15 
31-Jan-2006 10:28,200511,HEATHROW,ITALY,ROME (FIUMICINO),ALITALIA,A,S, 148 , 0 , 79.054054054054 , 12.1621621621622 , 6.08108108108108 , 2.7027027027027 , 0 , 0 , 9.4527027027027 , 0 , 148 , 69.5945945945946 , 13.4189189189189 
31-Jan-2006 10:28,200511,HEATHROW,ITALY,ROME (FIUMICINO),ALITALIA,D,S, 146 , 0 , 63.013698630137 , 11.6438356164384 , 15.7534246575342 , 9.58904109589041 , 0 , 0 , 18.6027397260274 , 0 , 147 , 72.108843537415 , 14.7551020408163 
31-Jan-2006 10:28,200511,HEATHROW,ITALY,ROME (FIUMICINO),BRITISH AIRWAYS PLC,A,S, 147 , 0 , 70.7482993197279 , 11.5646258503401 , 10.8843537414966 , 6.80272108843537 , 0 , 0 , 14.7823129251701 , 0 , 149 , 66.4429530201342 , 14.9731543624161 
31-Jan-2006 10:28,200511,HEATHROW,ITALY,ROME (FIUMICINO),BRITISH AIRWAYS PLC,D,S, 147 , 0 , 76.1904761904762 , 16.3265306122449 , 4.08163265306122 , 3.40136054421769 , 0 , 0 , 10.8163265306122 , 0 , 149 , 75.1677852348993 , 13.2013422818792 
31-Jan-2006 10:28,200511,HEATHROW,ITALY,VENICE,BMI BRITISH MIDLAND,A,S, 30 , 0 , 80 , 10 , 3.33333333333333 , 3.33333333333333 , 3.33333333333333 , 0 , 18.1 , 0 , 30 , 83.3333333333333 , 11.4 
31-Jan-2006 10:28,200511,HEATHROW,ITALY,VENICE,BMI BRITISH MIDLAND,D,S, 30 , 0 , 83.3333333333333 , 6.66666666666667 , 3.33333333333333 , 3.33333333333333 , 3.33333333333333 , 0 , 20.3666666666667 , 0 , 30 , 80 , 15.4666666666667 
31-Jan-2006 10:28,200511,HEATHROW,JAMAICA,KINGSTON,AIR JAMAICA,A,S, 30 , 0 , 26.6666666666667 , 33.3333333333333 , 30 , 10 , 0 , 0 , 33.1666666666667 , 0 , 30 , 26.6666666666667 , 40.8666666666667 
31-Jan-2006 10:28,200511,HEATHROW,JAMAICA,KINGSTON,AIR JAMAICA,D,S, 30 , 0 , 10 , 30 , 30 , 30 , 0 , 0 , 49.2333333333333 , 0 , 30 , 6.66666666666667 , 64.9 
31-Jan-2006 10:28,200511,HEATHROW,JAPAN,OSAKA (KANSAI),JAPAN AIRLINES,A,S, 30 , 0 , 80 , 13.3333333333333 , 3.33333333333333 , 3.33333333333333 , 0 , 0 , 11.1333333333333 , 0 , 26 , 76.9230769230769 , 7.96153846153846 
31-Jan-2006 10:28,200511,HEATHROW,JAPAN,OSAKA (KANSAI),JAPAN AIRLINES,D,S, 30 , 0 , 76.6666666666667 , 16.6666666666667 , 3.33333333333333 , 3.33333333333333 , 0 , 0 , 13.2666666666667 , 0 , 30 , 60 , 17.3333333333333 
31-Jan-2006 10:28,200511,HEATHROW,JAPAN,TOKYO (NARITA),ALL NIPPON AIRWAYS,A,S, 30 , 0 , 90 , 6.66666666666667 , 3.33333333333333 , 0 , 0 , 0 , 4.26666666666667 , 0 , 30 , 60 , 11.7 
31-Jan-2006 10:28,200511,HEATHROW,JAPAN,TOKYO (NARITA),ALL NIPPON AIRWAYS,D,S, 30 , 0 , 76.6666666666667 , 16.6666666666667 , 6.66666666666667 , 0 , 0 , 0 , 11.4 , 0 , 30 , 86.6666666666667 , 9 
31-Jan-2006 10:28,200511,HEATHROW,JAPAN,TOKYO (NARITA),BRITISH AIRWAYS PLC,A,S, 49 , 0 , 91.8367346938776 , 0 , 4.08163265306122 , 4.08163265306122 , 0 , 0 , 7.61224489795918 , 0 , 60 , 93.3333333333333 , 2.76666666666667 
31-Jan-2006 10:28,200511,HEATHROW,JAPAN,TOKYO (NARITA),BRITISH AIRWAYS PLC,D,S, 50 , 0 , 40 , 36 , 14 , 8 , 2 , 0 , 29.1 , 0 , 60 , 55 , 20.3833333333333 
31-Jan-2006 10:28,200511,HEATHROW,JAPAN,TOKYO (NARITA),JAPAN AIRLINES,A,S, 60 , 0 , 80 , 13.3333333333333 , 3.33333333333333 , 3.33333333333333 , 0 , 0 , 10.4333333333333 , 0 , 57 , 63.1578947368421 , 16.859649122807 
31-Jan-2006 10:28,200511,HEATHROW,JAPAN,TOKYO (NARITA),JAPAN AIRLINES,D,S, 60 , 0 , 70 , 23.3333333333333 , 5 , 1.66666666666667 , 0 , 0 , 12.95 , 0 , 60 , 61.6666666666667 , 17.8 
31-Jan-2006 10:28,200511,HEATHROW,JAPAN,TOKYO (NARITA),VIRGIN ATLANTIC AIRWAYS LTD,A,S, 30 , 0 , 93.3333333333333 , 3.33333333333333 , 3.33333333333333 , 0 , 0 , 0 , 2.26666666666667 , 6 , 30 , 96.6666666666667 , 1.43333333333333 
31-Jan-2006 10:28,200511,HEATHROW,JAPAN,TOKYO (NARITA),VIRGIN ATLANTIC AIRWAYS LTD,D,S, 30 , 0 , 53.3333333333333 , 16.6666666666667 , 30 , 0 , 0 , 0 , 19.1 , 0 , 30 , 56.6666666666667 , 15.8666666666667 
31-Jan-2006 10:28,200511,HEATHROW,JORDAN,AMMAN,BMED,A,S, 9 , 0 , 100 , 0 , 0 , 0 , 0 , 0 , 0.222222222222222 , 0 , 17 , 94.1176470588235 , 2.82352941176471 
31-Jan-2006 10:28,200511,HEATHROW,JORDAN,AMMAN,BMED,D,S, 9 , 0 , 55.5555555555556 , 0 , 33.3333333333333 , 11.1111111111111 , 0 , 0 , 25.6666666666667 , 0 , 17 , 70.5882352941177 , 16.8235294117647 
31-Jan-2006 10:28,200511,HEATHROW,JORDAN,AMMAN,ROYAL JORDANIAN,A,S, 30 , 0 , 90 , 6.66666666666667 , 3.33333333333333 , 0 , 0 , 0 , 4.63333333333333 , 0 , 30 , 66.6666666666667 , 27.6333333333333 
31-Jan-2006 10:28,200511,HEATHROW,JORDAN,AMMAN,ROYAL JORDANIAN,D,S, 30 , 0 , 63.3333333333333 , 26.6666666666667 , 10 , 0 , 0 , 0 , 13.5666666666667 , 1 , 30 , 30 , 44.4333333333333 
31-Jan-2006 10:28,200511,HEATHROW,KAZAKHSTAN,ALMA ATA,AIR ASTANA,A,S, 9 , 0 , 88.8888888888889 , 0 , 11.1111111111111 , 0 , 0 , 0 , 8.66666666666667 , 0 , 9 , 66.6666666666667 , 12.5555555555556 
31-Jan-2006 10:28,200511,HEATHROW,KAZAKHSTAN,ALMA ATA,AIR ASTANA,D,S, 9 , 0 , 66.6666666666667 , 33.3333333333333 , 0 , 0 , 0 , 0 , 9.66666666666667 , 0 , 9 , 77.7777777777778 , 8.44444444444444 
31-Jan-2006 10:28,200511,HEATHROW,KAZAKHSTAN,ALMA ATA,BMED,A,S, 13 , 0 , 76.9230769230769 , 7.69230769230769 , 7.69230769230769 , 7.69230769230769 , 0 , 0 , 11.6923076923077 , 0 , 13 , 30.7692307692308 , 31.2307692307692 
31-Jan-2006 10:28,200511,HEATHROW,KAZAKHSTAN,ALMA ATA,BMED,D,S, 13 , 0 , 76.9230769230769 , 15.3846153846154 , 0 , 7.69230769230769 , 0 , 0 , 15.2307692307692 , 0 , 13 , 53.8461538461538 , 28.6923076923077 
31-Jan-2006 10:28,200511,HEATHROW,KENYA,NAIROBI,BRITISH AIRWAYS PLC,A,S, 43 , 0 , 81.3953488372093 , 13.953488372093 , 4.65116279069767 , 0 , 0 , 0 , 7 , 0 , 38 , 71.0526315789474 , 11.7894736842105 
31-Jan-2006 10:28,200511,HEATHROW,KENYA,NAIROBI,BRITISH AIRWAYS PLC,D,S, 43 , 0 , 30.2325581395349 , 41.8604651162791 , 20.9302325581395 , 6.97674418604651 , 0 , 0 , 25.6976744186047 , 0 , 38 , 65.7894736842105 , 17.9473684210526 
31-Jan-2006 10:28,200511,HEATHROW,KENYA,NAIROBI,KENYA AIRWAYS,A,S, 36 , 0 , 75 , 5.55555555555556 , 11.1111111111111 , 8.33333333333333 , 0 , 0 , 15.2222222222222 , 0 , 35 , 68.5714285714286 , 12 
31-Jan-2006 10:28,200511,HEATHROW,KENYA,NAIROBI,KENYA AIRWAYS,D,S, 35 , 1 , 77.1428571428571 , 17.1428571428571 , 5.71428571428571 , 0 , 0 , 0 , 9.42857142857143 , 2 , 35 , 71.4285714285714 , 11.8571428571429 
31-Jan-2006 10:28,200511,HEATHROW,KUWAIT,KUWAIT,BRITISH AIRWAYS PLC,A,S, 30 , 0 , 96.6666666666667 , 3.33333333333333 , 0 , 0 , 0 , 0 , 0.8 , 0 , 30 , 100 , 0.1 
31-Jan-2006 10:28,200511,HEATHROW,KUWAIT,KUWAIT,BRITISH AIRWAYS PLC,D,S, 30 , 0 , 66.6666666666667 , 16.6666666666667 , 6.66666666666667 , 10 , 0 , 0 , 17.2666666666667 , 0 , 30 , 86.6666666666667 , 7.7 
31-Jan-2006 10:28,200511,HEATHROW,KUWAIT,KUWAIT,KUWAIT AIRWAYS,A,S, 30 , 0 , 70 , 10 , 16.6666666666667 , 3.33333333333333 , 0 , 0 , 12.5666666666667 , 0 , 30 , 76.6666666666667 , 9.76666666666667 
31-Jan-2006 10:28,200511,HEATHROW,KUWAIT,KUWAIT,KUWAIT AIRWAYS,D,S, 30 , 0 , 50 , 33.3333333333333 , 16.6666666666667 , 0 , 0 , 0 , 18.6333333333333 , 0 , 30 , 83.3333333333333 , 9.86666666666667 
31-Jan-2006 10:28,200511,HEATHROW,KYRGYZSTAN,BISHKEK (FRUNZE),BMED,A,S, 13 , 0 , 69.2307692307692 , 0 , 7.69230769230769 , 7.69230769230769 , 0 , 15.3846153846154 , 134 , 0 , 13 , 76.9230769230769 , 7.61538461538462 
31-Jan-2006 10:28,200511,HEATHROW,KYRGYZSTAN,BISHKEK (FRUNZE),BMED,D,S, 13 , 0 , 53.8461538461538 , 23.0769230769231 , 7.69230769230769 , 15.3846153846154 , 0 , 0 , 25.4615384615385 , 0 , 13 , 30.7692307692308 , 55.6923076923077 
31-Jan-2006 10:28,200511,HEATHROW,LATVIA,RIGA,AIR BALTIC CORPORATION SIA,A,S, 30 , 0 , 90 , 3.33333333333333 , 3.33333333333333 , 3.33333333333333 , 0 , 0 , 6.3 , 0 , 30 , 93.3333333333333 , 6.93333333333333 
31-Jan-2006 10:28,200511,HEATHROW,LATVIA,RIGA,AIR BALTIC CORPORATION SIA,D,S, 30 , 0 , 76.6666666666667 , 16.6666666666667 , 3.33333333333333 , 3.33333333333333 , 0 , 0 , 10.4333333333333 , 0 , 30 , 83.3333333333333 , 8.46666666666667 
31-Jan-2006 10:28,200511,HEATHROW,LATVIA,RIGA,BRITISH AIRWAYS PLC,A,S, 29 , 0 , 86.2068965517241 , 3.44827586206897 , 6.89655172413793 , 3.44827586206897 , 0 , 0 , 8.41379310344828 , 0 , 25 , 80 , 7 
31-Jan-2006 10:28,200511,HEATHROW,LATVIA,RIGA,BRITISH AIRWAYS PLC,D,S, 29 , 0 , 96.551724137931 , 0 , 0 , 3.44827586206897 , 0 , 0 , 6.03448275862069 , 0 , 25 , 40 , 24.72 
31-Jan-2006 10:28,200511,HEATHROW,LEBANON,BEIRUT,BMED,A,S, 4 , 0 , 100 , 0 , 0 , 0 , 0 , 0 , 2 , 0 , 0 , 0 , 0 
31-Jan-2006 10:28,200511,HEATHROW,LEBANON,BEIRUT,BMED,D,S, 4 , 0 , 50 , 0 , 0 , 50 , 0 , 0 , 55.5 , 0 , 0 , 0 , 0 
31-Jan-2006 10:28,200511,HEATHROW,LEBANON,BEIRUT,MEA,A,S, 22 , 0 , 50 , 31.8181818181818 , 13.6363636363636 , 4.54545454545455 , 0 , 0 , 17.9545454545455 , 0 , 21 , 71.4285714285714 , 9.14285714285714 
31-Jan-2006 10:28,200511,HEATHROW,LEBANON,BEIRUT,MEA,D,S, 22 , 0 , 45.4545454545455 , 22.7272727272727 , 22.7272727272727 , 9.09090909090909 , 0 , 0 , 27.8181818181818 , 0 , 21 , 52.3809523809524 , 23.3333333333333 
31-Jan-2006 10:28,200511,HEATHROW,LIBYA,TRIPOLI,BRITISH AIRWAYS PLC,A,S, 30 , 0 , 76.6666666666667 , 10 , 6.66666666666667 , 6.66666666666667 , 0 , 0 , 13.1666666666667 , 0 , 22 , 90.9090909090909 , 4.04545454545455 
31-Jan-2006 10:28,200511,HEATHROW,LIBYA,TRIPOLI,BRITISH AIRWAYS PLC,D,S, 30 , 0 , 80 , 6.66666666666667 , 10 , 3.33333333333333 , 0 , 0 , 13.4333333333333 , 0 , 22 , 95.4545454545455 , 3.5 
31-Jan-2006 10:28,200511,HEATHROW,LIBYA,TRIPOLI,LIBYAN ARAB AIRLINES,A,S, 8 , 0 , 62.5 , 25 , 12.5 , 0 , 0 , 0 , 12.375 , 0 , 8 , 50 , 13.75 
31-Jan-2006 10:28,200511,HEATHROW,LIBYA,TRIPOLI,LIBYAN ARAB AIRLINES,D,S, 8 , 0 , 50 , 25 , 25 , 0 , 0 , 0 , 20.75 , 0 , 8 , 12.5 , 26.25 
31-Jan-2006 10:28,200511,HEATHROW,LUXEMBOURG,LUXEMBOURG,LUXAIR,A,S, 60 , 2 , 66.6666666666667 , 20 , 11.6666666666667 , 1.66666666666667 , 0 , 0 , 12.6 , 0 , 60 , 51.6666666666667 , 21.75 
31-Jan-2006 10:28,200511,HEATHROW,LUXEMBOURG,LUXEMBOURG,LUXAIR,D,S, 60 , 0 , 88.3333333333333 , 6.66666666666667 , 3.33333333333333 , 1.66666666666667 , 0 , 0 , 5.21666666666667 , 1 , 60 , 80 , 12.6166666666667 
31-Jan-2006 10:28,200511,HEATHROW,MALAYSIA,KUALA LUMPUR (SEPANG),MALAYSIAN AIRLINES SYSTEM-MAS,A,S, 78 , 1 , 93.5897435897436 , 0 , 3.84615384615385 , 2.56410256410256 , 0 , 0 , 5.91025641025641 , 1 , 77 , 80.5194805194805 , 9.87012987012987 
31-Jan-2006 10:28,200511,HEATHROW,MALAYSIA,KUALA LUMPUR (SEPANG),MALAYSIAN AIRLINES SYSTEM-MAS,D,S, 78 , 1 , 79.4871794871795 , 8.97435897435897 , 8.97435897435897 , 2.56410256410256 , 0 , 0 , 11.6025641025641 , 0 , 77 , 58.4415584415584 , 16.9480519480519 
31-Jan-2006 10:28,200511,HEATHROW,MALTA,MALTA,AIR MALTA,A,S, 60 , 0 , 85 , 8.33333333333333 , 1.66666666666667 , 5 , 0 , 0 , 7.03333333333333 , 0 , 61 , 93.4426229508197 , 4.14754098360656 
31-Jan-2006 10:28,200511,HEATHROW,MALTA,MALTA,AIR MALTA,D,S, 60 , 0 , 68.3333333333333 , 18.3333333333333 , 5 , 8.33333333333333 , 0 , 0 , 16.8833333333333 , 0 , 60 , 73.3333333333333 , 9.73333333333333 
31-Jan-2006 10:28,200511,HEATHROW,MAURITIUS,MAURITIUS,AIR MAURITIUS LTD,A,S, 21 , 0 , 47.6190476190476 , 19.047619047619 , 19.047619047619 , 14.2857142857143 , 0 , 0 , 30.047619047619 , 0 , 21 , 19.047619047619 , 53.8571428571429 
31-Jan-2006 10:28,200511,HEATHROW,MAURITIUS,MAURITIUS,AIR MAURITIUS LTD,D,S, 21 , 0 , 33.3333333333333 , 19.047619047619 , 33.3333333333333 , 14.2857142857143 , 0 , 0 , 34.3809523809524 , 0 , 21 , 42.8571428571429 , 39.6190476190476 
31-Jan-2006 10:28,200511,HEATHROW,MAURITIUS,MAURITIUS,BRITISH AIRWAYS PLC,A,S, 12 , 0 , 58.3333333333333 , 16.6666666666667 , 8.33333333333333 , 16.6666666666667 , 0 , 0 , 26.0833333333333 , 0 , 13 , 46.1538461538462 , 18.6923076923077 
31-Jan-2006 10:28,200511,HEATHROW,MAURITIUS,MAURITIUS,BRITISH AIRWAYS PLC,D,S, 13 , 0 , 38.4615384615385 , 38.4615384615385 , 23.0769230769231 , 0 , 0 , 0 , 19.3846153846154 , 0 , 12 , 50 , 16.5833333333333 
31-Jan-2006 10:28,200511,HEATHROW,MEXICO,MEXICO CITY,BRITISH AIRWAYS PLC,A,S, 13 , 0 , 76.9230769230769 , 15.3846153846154 , 7.69230769230769 , 0 , 0 , 0 , 10.4615384615385 , 0 , 13 , 61.5384615384615 , 15.9230769230769 
31-Jan-2006 10:28,200511,HEATHROW,MEXICO,MEXICO CITY,BRITISH AIRWAYS PLC,D,S, 13 , 0 , 23.0769230769231 , 38.4615384615385 , 30.7692307692308 , 7.69230769230769 , 0 , 0 , 34.6923076923077 , 0 , 13 , 23.0769230769231 , 30.3076923076923 
31-Jan-2006 10:28,200511,HEATHROW,MOROCCO,CASABLANCA MOHAMED V,ROYAL AIR MAROC,A,S, 30 , 0 , 46.6666666666667 , 23.3333333333333 , 20 , 10 , 0 , 0 , 23.4 , 0 , 29 , 27.5862068965517 , 23.0344827586207 
31-Jan-2006 10:28,200511,HEATHROW,MOROCCO,CASABLANCA MOHAMED V,ROYAL AIR MAROC,D,S, 2 , 0 , 50 , 0 , 0 , 50 , 0 , 0 , 38.5 , 0 , 2 , 50 , 39 
31-Jan-2006 10:28,200511,HEATHROW,MOROCCO,MARRAKESH,GB AIRWAYS LTD,A,S, 30 , 0 , 93.3333333333333 , 6.66666666666667 , 0 , 0 , 0 , 0 , 3.6 , 0 , 30 , 93.3333333333333 , 4.16666666666667 
31-Jan-2006 10:28,200511,HEATHROW,MOROCCO,MARRAKESH,GB AIRWAYS LTD,D,S, 30 , 0 , 73.3333333333333 , 13.3333333333333 , 10 , 3.33333333333333 , 0 , 0 , 14.0333333333333 , 0 , 30 , 43.3333333333333 , 20 
31-Jan-2006 10:28,200511,HEATHROW,MOROCCO,MARRAKESH,ROYAL AIR MAROC,D,S, 28 , 0 , 82.1428571428572 , 3.57142857142857 , 10.7142857142857 , 3.57142857142857 , 0 , 0 , 11.0714285714286 , 0 , 29 , 72.4137931034483 , 12 
31-Jan-2006 10:28,200511,HEATHROW,MOROCCO,TANGIERS (IBN BATUTA),ROYAL AIR MAROC,A,S, 8 , 0 , 75 , 25 , 0 , 0 , 0 , 0 , 12.375 , 0 , 8 , 37.5 , 16.375 
31-Jan-2006 10:28,200511,HEATHROW,MOROCCO,TANGIERS (IBN BATUTA),ROYAL AIR MAROC,D,S, 8 , 0 , 75 , 25 , 0 , 0 , 0 , 0 , 7.875 , 0 , 6 , 50 , 13.8333333333333 
31-Jan-2006 10:28,200511,HEATHROW,NATIONALIST CHINA (TAIWAN),TAIPEI,EVA AIR,A,S, 26 , 0 , 46.1538461538462 , 23.0769230769231 , 30.7692307692308 , 0 , 0 , 0 , 18.6153846153846 , 0 , 21 , 57.1428571428571 , 18.7619047619048 
31-Jan-2006 10:28,200511,HEATHROW,NATIONALIST CHINA (TAIWAN),TAIPEI,EVA AIR,D,S, 26 , 0 , 57.6923076923077 , 23.0769230769231 , 11.5384615384615 , 7.69230769230769 , 0 , 0 , 20.0384615384615 , 0 , 21 , 42.8571428571429 , 27.6190476190476 
31-Jan-2006 10:28,200511,HEATHROW,NETHERLANDS,AMSTERDAM,BMI BRITISH MIDLAND,A,S, 231 , 0 , 72.7272727272727 , 11.6883116883117 , 10.3896103896104 , 3.8961038961039 , 1.2987012987013 , 0 , 15.4285714285714 , 0 , 230 , 76.0869565217391 , 12.1304347826087 
31-Jan-2006 10:28,200511,HEATHROW,NETHERLANDS,AMSTERDAM,BMI BRITISH MIDLAND,D,S, 231 , 0 , 73.1601731601732 , 15.1515151515152 , 7.35930735930736 , 3.8961038961039 , 0.432900432900433 , 0 , 12.8528138528139 , 0 , 230 , 76.9565217391304 , 12 
31-Jan-2006 10:28,200511,HEATHROW,NETHERLANDS,AMSTERDAM,BRITISH AIRWAYS PLC,A,S, 198 , 0 , 81.8181818181818 , 6.56565656565657 , 8.08080808080808 , 3.03030303030303 , 0 , 0.505050505050505 , 11.3989898989899 , 0 , 199 , 82.4120603015075 , 10.4974874371859 
31-Jan-2006 10:28,200511,HEATHROW,NETHERLANDS,AMSTERDAM,BRITISH AIRWAYS PLC,D,S, 198 , 0 , 70.2020202020202 , 18.1818181818182 , 6.06060606060606 , 5.55555555555556 , 0 , 0 , 13.9545454545455 , 0 , 199 , 77.3869346733668 , 12.7336683417085 
31-Jan-2006 10:28,200511,HEATHROW,NETHERLANDS,AMSTERDAM,KLM,A,S, 256 , 0 , 81.640625 , 8.203125 , 7.8125 , 2.34375 , 0 , 0 , 8.671875 , 2 , 261 , 84.6743295019157 , 8.24137931034483 
31-Jan-2006 10:28,200511,HEATHROW,NETHERLANDS,AMSTERDAM,KLM,D,S, 256 , 0 , 69.140625 , 15.625 , 9.375 , 5.859375 , 0 , 0 , 15.4921875 , 3 , 261 , 77.0114942528736 , 14.4367816091954 
31-Jan-2006 10:28,200511,HEATHROW,NETHERLANDS,AMSTERDAM,KLM CITYHOPPER,A,S, 0 , 2 , 0 , 0 , 0 , 0 , 0 , 0 , 0 , 0 , 0 , 0 , 0 
31-Jan-2006 10:28,200511,HEATHROW,NETHERLANDS,EINDHOVEN,AIR EXEL ( NETHERLANDS ),A,S, 0 , 0 , 0 , 0 , 0 , 0 , 0 , 0 , 0 , 0 , 44 , 86.3636363636364 , 18.7954545454545 
31-Jan-2006 10:28,200511,HEATHROW,NETHERLANDS,EINDHOVEN,AIR EXEL ( NETHERLANDS ),D,S, 0 , 0 , 0 , 0 , 0 , 0 , 0 , 0 , 0 , 0 , 44 , 81.8181818181818 , 24.7272727272727 
31-Jan-2006 10:28,200511,HEATHROW,NETHERLANDS,EINDHOVEN,KLM CITYHOPPER,A,S, 43 , 0 , 62.7906976744186 , 13.953488372093 , 6.97674418604651 , 16.2790697674419 , 0 , 0 , 22.3023255813953 , 0 , 0 , 0 , 0 
31-Jan-2006 10:28,200511,HEATHROW,NETHERLANDS,EINDHOVEN,KLM CITYHOPPER,D,S, 42 , 0 , 64.2857142857143 , 14.2857142857143 , 7.14285714285714 , 14.2857142857143 , 0 , 0 , 22.0238095238095 , 0 , 0 , 0 , 0 
31-Jan-2006 10:28,200511,HEATHROW,NETHERLANDS,ROTTERDAM,KLM,A,S, 0 , 0 , 0 , 0 , 0 , 0 , 0 , 0 , 0 , 0 , 87 , 88.5057471264368 , 5.59770114942529 
31-Jan-2006 10:28,200511,HEATHROW,NETHERLANDS,ROTTERDAM,KLM,D,S, 0 , 0 , 0 , 0 , 0 , 0 , 0 , 0 , 0 , 0 , 86 , 75.5813953488372 , 12.5116279069767 
31-Jan-2006 10:28,200511,HEATHROW,NETHERLANDS,ROTTERDAM,KLM CITYHOPPER,A,S, 85 , 0 , 85.8823529411765 , 9.41176470588235 , 3.52941176470588 , 1.17647058823529 , 0 , 0 , 5.83529411764706 , 0 , 0 , 0 , 0 
31-Jan-2006 10:28,200511,HEATHROW,NETHERLANDS,ROTTERDAM,KLM CITYHOPPER,D,S, 85 , 0 , 74.1176470588235 , 11.7647058823529 , 8.23529411764706 , 5.88235294117647 , 0 , 0 , 12.8705882352941 , 0 , 0 , 0 , 0 
31-Jan-2006 10:28,200511,HEATHROW,NETHERLANDS,ROTTERDAM,VLM (BELGIUM),A,S, 0 , 1 , 0 , 0 , 0 , 0 , 0 , 0 , 0 , 0 , 0 , 0 , 0 
31-Jan-2006 10:28,200511,HEATHROW,NEW ZEALAND,AUCKLAND INTERNATIONAL,AIR NEW ZEALAND LTD,A,S, 30 , 0 , 90 , 3.33333333333333 , 0 , 6.66666666666667 , 0 , 0 , 9.53333333333333 , 3 , 30 , 80 , 12.4666666666667 
31-Jan-2006 10:28,200511,HEATHROW,NEW ZEALAND,AUCKLAND INTERNATIONAL,AIR NEW ZEALAND LTD,D,S, 30 , 0 , 60 , 33.3333333333333 , 6.66666666666667 , 0 , 0 , 0 , 15.7333333333333 , 0 , 30 , 70 , 11.5 
31-Jan-2006 10:28,200511,HEATHROW,NIGERIA,ABUJA,BRITISH AIRWAYS PLC,A,S, 30 , 0 , 86.6666666666667 , 0 , 3.33333333333333 , 3.33333333333333 , 3.33333333333333 , 3.33333333333333 , 44.5 , 0 , 22 , 54.5454545454545 , 53.9090909090909 
31-Jan-2006 10:28,200511,HEATHROW,NIGERIA,ABUJA,BRITISH AIRWAYS PLC,D,S, 30 , 0 , 70 , 20 , 3.33333333333333 , 3.33333333333333 , 0 , 3.33333333333333 , 45.6666666666667 , 0 , 22 , 90.9090909090909 , 6.36363636363636 
31-Jan-2006 10:28,200511,HEATHROW,NIGERIA,LAGOS,BRITISH AIRWAYS PLC,A,S, 42 , 0 , 19.047619047619 , 7.14285714285714 , 9.52380952380952 , 57.1428571428571 , 4.76190476190476 , 2.38095238095238 , 122.190476190476 , 0 , 30 , 56.6666666666667 , 53.8666666666667 
31-Jan-2006 10:28,200511,HEATHROW,NIGERIA,LAGOS,BRITISH AIRWAYS PLC,D,S, 42 , 0 , 14.2857142857143 , 28.5714285714286 , 40.4761904761905 , 11.9047619047619 , 4.76190476190476 , 0 , 44.1904761904762 , 0 , 30 , 26.6666666666667 , 36.8 
31-Jan-2006 10:28,200511,HEATHROW,NIGERIA,LAGOS,VIRGIN ATLANTIC AIRWAYS LTD,A,S, 37 , 1 , 72.972972972973 , 10.8108108108108 , 2.7027027027027 , 8.10810810810811 , 5.40540540540541 , 0 , 21.2432432432432 , 2 , 30 , 90 , 3.7 
31-Jan-2006 10:28,200511,HEATHROW,NIGERIA,LAGOS,VIRGIN ATLANTIC AIRWAYS LTD,D,S, 37 , 2 , 24.3243243243243 , 16.2162162162162 , 35.1351351351351 , 18.9189189189189 , 5.40540540540541 , 0 , 51.0540540540541 , 2 , 30 , 23.3333333333333 , 35.3 
31-Jan-2006 10:28,200511,HEATHROW,NORWAY,OSLO (GARDERMOEN),BRITISH AIRWAYS PLC,A,S, 120 , 0 , 80 , 9.16666666666667 , 9.16666666666667 , 1.66666666666667 , 0 , 0 , 8.56666666666667 , 0 , 119 , 69.7478991596639 , 18.6218487394958 
31-Jan-2006 10:28,200511,HEATHROW,NORWAY,OSLO (GARDERMOEN),BRITISH AIRWAYS PLC,D,S, 120 , 0 , 70 , 12.5 , 11.6666666666667 , 5.83333333333333 , 0 , 0 , 15.7416666666667 , 0 , 119 , 63.8655462184874 , 17.890756302521 
31-Jan-2006 10:28,200511,HEATHROW,NORWAY,OSLO (GARDERMOEN),SAS,A,S, 146 , 0 , 73.2876712328767 , 13.013698630137 , 7.53424657534247 , 6.16438356164384 , 0 , 0 , 13.8835616438356 , 0 , 145 , 66.2068965517241 , 18.2344827586207 
31-Jan-2006 10:28,200511,HEATHROW,NORWAY,OSLO (GARDERMOEN),SAS,D,S, 145 , 0 , 65.5172413793103 , 19.3103448275862 , 10.3448275862069 , 4.82758620689655 , 0 , 0 , 15.6689655172414 , 1 , 146 , 69.1780821917808 , 19.6232876712329 
31-Jan-2006 10:28,200511,HEATHROW,NORWAY,STAVANGER,SAS,A,S, 52 , 0 , 69.2307692307692 , 11.5384615384615 , 13.4615384615385 , 5.76923076923077 , 0 , 0 , 14.0576923076923 , 0 , 52 , 61.5384615384615 , 16.7115384615385 
31-Jan-2006 10:28,200511,HEATHROW,NORWAY,STAVANGER,SAS,D,S, 52 , 0 , 75 , 5.76923076923077 , 11.5384615384615 , 7.69230769230769 , 0 , 0 , 14.2692307692308 , 0 , 49 , 75.5102040816327 , 12.8775510204082 
31-Jan-2006 10:28,200511,HEATHROW,OMAN,MUSCAT,BRITISH AIRWAYS PLC,A,S, 30 , 0 , 100 , 0 , 0 , 0 , 0 , 0 , 0.2 , 0 , 30 , 100 , 0.533333333333333 
31-Jan-2006 10:28,200511,HEATHROW,OMAN,MUSCAT,BRITISH AIRWAYS PLC,D,S, 30 , 0 , 60 , 20 , 6.66666666666667 , 13.3333333333333 , 0 , 0 , 22.0666666666667 , 0 , 30 , 73.3333333333333 , 15.6666666666667 
31-Jan-2006 10:28,200511,HEATHROW,OMAN,MUSCAT,GULF AIR,A,S, 37 , 0 , 86.4864864864865 , 2.7027027027027 , 5.40540540540541 , 5.40540540540541 , 0 , 0 , 8.18918918918919 , 2 , 38 , 89.4736842105263 , 4.36842105263158 
31-Jan-2006 10:28,200511,HEATHROW,OMAN,MUSCAT,GULF AIR,D,S, 37 , 1 , 40.5405405405405 , 32.4324324324324 , 24.3243243243243 , 2.7027027027027 , 0 , 0 , 22.4864864864865 , 0 , 38 , 73.6842105263158 , 13.7368421052632 
31-Jan-2006 10:28,200511,HEATHROW,PAKISTAN,ISLAMABAD,BRITISH AIRWAYS PLC,A,S, 13 , 0 , 61.5384615384615 , 15.3846153846154 , 7.69230769230769 , 7.69230769230769 , 7.69230769230769 , 0 , 33 , 0 , 12 , 75 , 11.0833333333333 
31-Jan-2006 10:28,200511,HEATHROW,PAKISTAN,ISLAMABAD,BRITISH AIRWAYS PLC,D,S, 13 , 0 , 7.69230769230769 , 46.1538461538462 , 15.3846153846154 , 30.7692307692308 , 0 , 0 , 50.9230769230769 , 0 , 13 , 38.4615384615385 , 26.1538461538462 
31-Jan-2006 10:28,200511,HEATHROW,PAKISTAN,ISLAMABAD,PAKISTAN INTL AIRLINES,A,S, 17 , 0 , 52.9411764705882 , 35.2941176470588 , 11.7647058823529 , 0 , 0 , 0 , 16 , 0 , 12 , 58.3333333333333 , 15.6666666666667 
31-Jan-2006 10:28,200511,HEATHROW,PAKISTAN,ISLAMABAD,PAKISTAN INTL AIRLINES,D,S, 17 , 0 , 23.5294117647059 , 47.0588235294118 , 23.5294117647059 , 5.88235294117647 , 0 , 0 , 28.7647058823529 , 1 , 12 , 25 , 29.75 
31-Jan-2006 10:28,200511,HEATHROW,PAKISTAN,KARACHI,PAKISTAN INTL AIRLINES,A,S, 13 , 1 , 53.8461538461538 , 15.3846153846154 , 23.0769230769231 , 0 , 7.69230769230769 , 0 , 33.8461538461538 , 0 , 12 , 41.6666666666667 , 38.4166666666667 
31-Jan-2006 10:28,200511,HEATHROW,PAKISTAN,KARACHI,PAKISTAN INTL AIRLINES,D,S, 13 , 0 , 7.69230769230769 , 46.1538461538462 , 38.4615384615385 , 0 , 7.69230769230769 , 0 , 43.7692307692308 , 0 , 12 , 33.3333333333333 , 19.9166666666667 
31-Jan-2006 10:28,200511,HEATHROW,PAKISTAN,LAHORE,PAKISTAN INTL AIRLINES,A,S, 13 , 0 , 38.4615384615385 , 15.3846153846154 , 7.69230769230769 , 23.0769230769231 , 15.3846153846154 , 0 , 71.9230769230769 , 0 , 12 , 58.3333333333333 , 64.4166666666667 
31-Jan-2006 10:28,200511,HEATHROW,PAKISTAN,LAHORE,PAKISTAN INTL AIRLINES,D,S, 13 , 0 , 0 , 38.4615384615385 , 30.7692307692308 , 30.7692307692308 , 0 , 0 , 48.9230769230769 , 0 , 12 , 25 , 56.0833333333333 
31-Jan-2006 10:28,200511,HEATHROW,POLAND,KRAKOW,LOT-POLISH AIRLINES,D,S, 0 , 1 , 0 , 0 , 0 , 0 , 0 , 0 , 0 , 0 , 0 , 0 , 0 
31-Jan-2006 10:28,200511,HEATHROW,POLAND,WARSAW,BRITISH AIRWAYS PLC,A,S, 90 , 0 , 77.7777777777778 , 10 , 5.55555555555556 , 5.55555555555556 , 1.11111111111111 , 0 , 13.7555555555556 , 0 , 89 , 79.7752808988764 , 12.2022471910112 
31-Jan-2006 10:28,200511,HEATHROW,POLAND,WARSAW,BRITISH AIRWAYS PLC,D,S, 90 , 0 , 71.1111111111111 , 8.88888888888889 , 15.5555555555556 , 4.44444444444444 , 0 , 0 , 13.4777777777778 , 0 , 90 , 85.5555555555556 , 8.83333333333333 
31-Jan-2006 10:28,200511,HEATHROW,POLAND,WARSAW,LOT-POLISH AIRLINES,A,S, 89 , 1 , 71.9101123595506 , 17.9775280898876 , 7.86516853932584 , 2.24719101123596 , 0 , 0 , 12.2134831460674 , 0 , 90 , 78.8888888888889 , 15.9555555555556 
31-Jan-2006 10:28,200511,HEATHROW,POLAND,WARSAW,LOT-POLISH AIRLINES,D,S, 89 , 0 , 82.0224719101124 , 13.4831460674157 , 2.24719101123596 , 1.12359550561798 , 1.12359550561798 , 0 , 9.2247191011236 , 0 , 89 , 87.6404494382023 , 9.41573033707865 
31-Jan-2006 10:28,200511,HEATHROW,PORTUGAL(EXCLUDING MADEIRA),FARO,AIR PORTUGAL,A,S, 16 , 0 , 37.5 , 25 , 12.5 , 25 , 0 , 0 , 37.25 , 0 , 16 , 31.25 , 41 
31-Jan-2006 10:28,200511,HEATHROW,PORTUGAL(EXCLUDING MADEIRA),FARO,AIR PORTUGAL,D,S, 16 , 0 , 56.25 , 18.75 , 6.25 , 18.75 , 0 , 0 , 24.25 , 0 , 16 , 31.25 , 41.0625 
31-Jan-2006 10:28,200511,HEATHROW,PORTUGAL(EXCLUDING MADEIRA),LISBON,AIR PORTUGAL,A,S, 106 , 0 , 50.9433962264151 , 23.5849056603774 , 20.7547169811321 , 4.71698113207547 , 0 , 0 , 20.1981132075472 , 0 , 106 , 53.7735849056604 , 20.0849056603774 
31-Jan-2006 10:28,200511,HEATHROW,PORTUGAL(EXCLUDING MADEIRA),LISBON,AIR PORTUGAL,D,S, 90 , 0 , 75.5555555555556 , 18.8888888888889 , 4.44444444444444 , 1.11111111111111 , 0 , 0 , 9.76666666666667 , 0 , 90 , 80 , 9.06666666666667 
31-Jan-2006 10:28,200511,HEATHROW,PORTUGAL(EXCLUDING MADEIRA),LISBON,BRITISH AIRWAYS PLC,A,S, 118 , 0 , 65.2542372881356 , 16.9491525423729 , 10.1694915254237 , 7.6271186440678 , 0 , 0 , 16.6440677966102 , 0 , 119 , 79.8319327731092 , 8.82352941176471 
31-Jan-2006 10:28,200511,HEATHROW,PORTUGAL(EXCLUDING MADEIRA),LISBON,BRITISH AIRWAYS PLC,D,S, 118 , 0 , 67.7966101694915 , 16.9491525423729 , 9.32203389830508 , 5.93220338983051 , 0 , 0 , 17.228813559322 , 0 , 120 , 81.6666666666667 , 10.1166666666667 
31-Jan-2006 10:28,200511,HEATHROW,PORTUGAL(EXCLUDING MADEIRA),OPORTO (PORTUGAL),AIR PORTUGAL,A,S, 30 , 0 , 53.3333333333333 , 30 , 6.66666666666667 , 10 , 0 , 0 , 22.2 , 0 , 30 , 76.6666666666667 , 13.4333333333333 
31-Jan-2006 10:28,200511,HEATHROW,PORTUGAL(EXCLUDING MADEIRA),OPORTO (PORTUGAL),AIR PORTUGAL,D,S, 46 , 0 , 73.9130434782609 , 4.34782608695652 , 10.8695652173913 , 10.8695652173913 , 0 , 0 , 17.6086956521739 , 0 , 46 , 69.5652173913043 , 15.1086956521739 
31-Jan-2006 10:28,200511,HEATHROW,PORTUGAL(MADEIRA),FUNCHAL,AIR PORTUGAL,A,S, 8 , 0 , 50 , 12.5 , 37.5 , 0 , 0 , 0 , 19.125 , 0 , 8 , 25 , 24.625 
31-Jan-2006 10:28,200511,HEATHROW,PORTUGAL(MADEIRA),FUNCHAL,AIR PORTUGAL,D,S, 8 , 0 , 62.5 , 12.5 , 25 , 0 , 0 , 0 , 16.625 , 0 , 8 , 25 , 24.625 
31-Jan-2006 10:28,200511,HEATHROW,QATAR,DOHA,BRITISH AIRWAYS PLC,A,S, 30 , 0 , 100 , 0 , 0 , 0 , 0 , 0 , 0.7 , 0 , 30 , 100 , 0 
31-Jan-2006 10:28,200511,HEATHROW,QATAR,DOHA,BRITISH AIRWAYS PLC,D,S, 30 , 0 , 46.6666666666667 , 30 , 13.3333333333333 , 10 , 0 , 0 , 23.5 , 0 , 30 , 86.6666666666667 , 7.86666666666667 
31-Jan-2006 10:28,200511,HEATHROW,QATAR,DOHA,QATAR AIRWAYS,A,S, 60 , 1 , 81.6666666666667 , 11.6666666666667 , 5 , 1.66666666666667 , 0 , 0 , 6.66666666666667 , 0 , 60 , 85 , 7.58333333333333 
31-Jan-2006 10:28,200511,HEATHROW,QATAR,DOHA,QATAR AIRWAYS,D,S, 60 , 0 , 66.6666666666667 , 26.6666666666667 , 5 , 1.66666666666667 , 0 , 0 , 12.2333333333333 , 0 , 60 , 75 , 12.6333333333333 
31-Jan-2006 10:28,200511,HEATHROW,REPUBLIC OF KOREA,SEOUL (INCHEON),ASIANA AIRLINES,A,S, 13 , 0 , 38.4615384615385 , 38.4615384615385 , 23.0769230769231 , 0 , 0 , 0 , 20.7692307692308 , 0 , 13 , 69.2307692307692 , 8.69230769230769 
31-Jan-2006 10:28,200511,HEATHROW,REPUBLIC OF KOREA,SEOUL (INCHEON),ASIANA AIRLINES,D,S, 13 , 0 , 84.6153846153846 , 7.69230769230769 , 7.69230769230769 , 0 , 0 , 0 , 11.9230769230769 , 0 , 13 , 84.6153846153846 , 9.53846153846154 
31-Jan-2006 10:28,200511,HEATHROW,REPUBLIC OF KOREA,SEOUL (INCHEON),KOREAN AIR,A,S, 30 , 0 , 60 , 30 , 6.66666666666667 , 3.33333333333333 , 0 , 0 , 13.1333333333333 , 0 , 30 , 70 , 12.3 
31-Jan-2006 10:28,200511,HEATHROW,REPUBLIC OF KOREA,SEOUL (INCHEON),KOREAN AIR,D,S, 30 , 0 , 90 , 6.66666666666667 , 3.33333333333333 , 0 , 0 , 0 , 8.2 , 0 , 30 , 66.6666666666667 , 47.4 
31-Jan-2006 10:28,200511,HEATHROW,REPUBLIC OF SOUTH AFRICA,CAPE TOWN,BRITISH AIRWAYS PLC,A,S, 51 , 0 , 96.078431372549 , 1.96078431372549 , 0 , 1.96078431372549 , 0 , 0 , 4.31372549019608 , 0 , 50 , 86 , 6.4 
31-Jan-2006 10:28,200511,HEATHROW,REPUBLIC OF SOUTH AFRICA,CAPE TOWN,BRITISH AIRWAYS PLC,D,S, 52 , 0 , 46.1538461538462 , 32.6923076923077 , 19.2307692307692 , 1.92307692307692 , 0 , 0 , 19.9230769230769 , 0 , 51 , 33.3333333333333 , 29.7843137254902 
31-Jan-2006 10:28,200511,HEATHROW,REPUBLIC OF SOUTH AFRICA,CAPE TOWN,SOUTH AFRICAN AIRWAYS,A,S, 30 , 0 , 96.6666666666667 , 0 , 0 , 3.33333333333333 , 0 , 0 , 6.26666666666667 , 0 , 38 , 97.3684210526316 , 1.15789473684211 
31-Jan-2006 10:28,200511,HEATHROW,REPUBLIC OF SOUTH AFRICA,CAPE TOWN,SOUTH AFRICAN AIRWAYS,D,S, 30 , 0 , 76.6666666666667 , 16.6666666666667 , 6.66666666666667 , 0 , 0 , 0 , 10 , 0 , 38 , 71.0526315789474 , 12.6315789473684 
31-Jan-2006 10:28,200511,HEATHROW,REPUBLIC OF SOUTH AFRICA,CAPE TOWN,VIRGIN ATLANTIC AIRWAYS LTD,A,S, 8 , 0 , 12.5 , 25 , 37.5 , 25 , 0 , 0 , 49.875 , 0 , 9 , 77.7777777777778 , 18.7777777777778 
31-Jan-2006 10:28,200511,HEATHROW,REPUBLIC OF SOUTH AFRICA,CAPE TOWN,VIRGIN ATLANTIC AIRWAYS LTD,D,S, 8 , 0 , 37.5 , 0 , 50 , 12.5 , 0 , 0 , 35.75 , 0 , 8 , 12.5 , 32 
31-Jan-2006 10:28,200511,HEATHROW,REPUBLIC OF SOUTH AFRICA,JOHANNESBURG,BRITISH AIRWAYS PLC,A,S, 60 , 0 , 85 , 6.66666666666667 , 6.66666666666667 , 1.66666666666667 , 0 , 0 , 8.6 , 0 , 60 , 85 , 11.7 
31-Jan-2006 10:28,200511,HEATHROW,REPUBLIC OF SOUTH AFRICA,JOHANNESBURG,BRITISH AIRWAYS PLC,D,S, 60 , 0 , 48.3333333333333 , 26.6666666666667 , 18.3333333333333 , 6.66666666666667 , 0 , 0 , 21.95 , 0 , 60 , 60 , 18.9833333333333 
31-Jan-2006 10:28,200511,HEATHROW,REPUBLIC OF SOUTH AFRICA,JOHANNESBURG,SOUTH AFRICAN AIRWAYS,A,S, 60 , 0 , 75 , 6.66666666666667 , 11.6666666666667 , 5 , 1.66666666666667 , 0 , 16.35 , 0 , 60 , 93.3333333333333 , 5.01666666666667 
31-Jan-2006 10:28,200511,HEATHROW,REPUBLIC OF SOUTH AFRICA,JOHANNESBURG,SOUTH AFRICAN AIRWAYS,D,S, 60 , 0 , 70 , 21.6666666666667 , 3.33333333333333 , 5 , 0 , 0 , 14.45 , 0 , 60 , 71.6666666666667 , 13.1 
31-Jan-2006 10:28,200511,HEATHROW,REPUBLIC OF SOUTH AFRICA,JOHANNESBURG,VIRGIN ATLANTIC AIRWAYS LTD,A,S, 30 , 0 , 36.6666666666667 , 33.3333333333333 , 30 , 0 , 0 , 0 , 23.4 , 0 , 30 , 33.3333333333333 , 23.5 
31-Jan-2006 10:28,200511,HEATHROW,REPUBLIC OF SOUTH AFRICA,JOHANNESBURG,VIRGIN ATLANTIC AIRWAYS LTD,D,S, 30 , 0 , 40 , 33.3333333333333 , 23.3333333333333 , 3.33333333333333 , 0 , 0 , 23.6 , 0 , 30 , 46.6666666666667 , 19.8 
31-Jan-2006 10:28,200511,HEATHROW,REPUBLIC OF YEMEN,SANAA,YEMENIA,A,S, 9 , 0 , 66.6666666666667 , 11.1111111111111 , 22.2222222222222 , 0 , 0 , 0 , 16.8888888888889 , 0 , 8 , 50 , 18.375 
31-Jan-2006 10:28,200511,HEATHROW,REPUBLIC OF YEMEN,SANAA,YEMENIA,D,S, 9 , 0 , 77.7777777777778 , 11.1111111111111 , 0 , 0 , 0 , 11.1111111111111 , 105 , 0 , 8 , 62.5 , 16.5 
31-Jan-2006 10:28,200511,HEATHROW,RUMANIA,BUCHAREST (OTOPENI),BRITISH AIRWAYS PLC,A,S, 29 , 0 , 79.3103448275862 , 6.89655172413793 , 13.7931034482759 , 0 , 0 , 0 , 9 , 0 , 30 , 73.3333333333333 , 8.2 
31-Jan-2006 10:28,200511,HEATHROW,RUMANIA,BUCHAREST (OTOPENI),BRITISH AIRWAYS PLC,D,S, 29 , 0 , 58.6206896551724 , 27.5862068965517 , 13.7931034482759 , 0 , 0 , 0 , 14.5172413793103 , 0 , 30 , 76.6666666666667 , 8.36666666666667 
31-Jan-2006 10:28,200511,HEATHROW,RUMANIA,BUCHAREST (OTOPENI),TAROM,A,S, 30 , 0 , 60 , 23.3333333333333 , 6.66666666666667 , 10 , 0 , 0 , 22.7333333333333 , 0 , 30 , 90 , 5.83333333333333 
31-Jan-2006 10:28,200511,HEATHROW,RUMANIA,BUCHAREST (OTOPENI),TAROM,D,S, 30 , 0 , 70 , 13.3333333333333 , 6.66666666666667 , 10 , 0 , 0 , 19.3333333333333 , 0 , 30 , 90 , 5.16666666666667 
31-Jan-2006 10:28,200511,HEATHROW,RUSSIA,MOSCOW (DOMODEDOVO),BMI BRITISH MIDLAND,A,C, 0 , 0 , 0 , 0 , 0 , 0 , 0 , 0 , 0 , 0 , 1 , 0 , 108 
31-Jan-2006 10:28,200511,HEATHROW,RUSSIA,MOSCOW (DOMODEDOVO),BRITISH AIRWAYS PLC,A,S, 60 , 0 , 93.3333333333333 , 5 , 1.66666666666667 , 0 , 0 , 0 , 2.6 , 2 , 58 , 65.5172413793103 , 41.1379310344828 
31-Jan-2006 10:28,200511,HEATHROW,RUSSIA,MOSCOW (DOMODEDOVO),BRITISH AIRWAYS PLC,D,S, 60 , 0 , 63.3333333333333 , 21.6666666666667 , 11.6666666666667 , 3.33333333333333 , 0 , 0 , 14.9166666666667 , 0 , 60 , 73.3333333333333 , 12.1333333333333 
31-Jan-2006 10:28,200511,HEATHROW,RUSSIA,MOSCOW (SHEREMETYEVO),AEROFLOT,A,S, 72 , 0 , 75 , 20.8333333333333 , 2.77777777777778 , 0 , 1.38888888888889 , 0 , 11.2222222222222 , 0 , 68 , 60.2941176470588 , 22.0441176470588 
31-Jan-2006 10:28,200511,HEATHROW,RUSSIA,MOSCOW (SHEREMETYEVO),AEROFLOT,D,S, 72 , 0 , 81.9444444444444 , 13.8888888888889 , 2.77777777777778 , 0 , 1.38888888888889 , 0 , 10.8888888888889 , 0 , 68 , 67.6470588235294 , 19.3970588235294 
31-Jan-2006 10:28,200511,HEATHROW,RUSSIA,ST PETERSBURG,ACM AIR CHARTER LUFTFAHT,A,C, 0 , 1 , 0 , 0 , 0 , 0 , 0 , 0 , 0 , 0 , 0 , 0 , 0 
31-Jan-2006 10:28,200511,HEATHROW,RUSSIA,ST PETERSBURG,BRITISH AIRWAYS PLC,A,S, 29 , 0 , 62.0689655172414 , 13.7931034482759 , 10.3448275862069 , 13.7931034482759 , 0 , 0 , 20.5172413793103 , 0 , 30 , 90 , 8.86666666666667 
31-Jan-2006 10:28,200511,HEATHROW,RUSSIA,ST PETERSBURG,BRITISH AIRWAYS PLC,D,S, 29 , 0 , 51.7241379310345 , 13.7931034482759 , 27.5862068965517 , 6.89655172413793 , 0 , 0 , 20 , 0 , 30 , 83.3333333333333 , 11.8 
31-Jan-2006 10:28,200511,HEATHROW,RUSSIA,ST PETERSBURG,PULKOVO AVIATION ENTERPRISE,A,S, 4 , 0 , 50 , 50 , 0 , 0 , 0 , 0 , 14 , 0 , 4 , 75 , 7.75 
31-Jan-2006 10:28,200511,HEATHROW,RUSSIA,ST PETERSBURG,PULKOVO AVIATION ENTERPRISE,D,S, 4 , 0 , 75 , 0 , 25 , 0 , 0 , 0 , 13.75 , 0 , 4 , 75 , 7.75 
31-Jan-2006 10:28,200511,HEATHROW,SAUDI ARABIA,DAMMAM,SAUDI ARABIAN AIRLINES,A,S, 4 , 0 , 100 , 0 , 0 , 0 , 0 , 0 , 0 , 0 , 0 , 0 , 0 
31-Jan-2006 10:28,200511,HEATHROW,SAUDI ARABIA,DAMMAM,SAUDI ARABIAN AIRLINES,D,S, 2 , 0 , 50 , 0 , 0 , 50 , 0 , 0 , 83 , 0 , 0 , 0 , 0 
31-Jan-2006 10:28,200511,HEATHROW,SAUDI ARABIA,JEDDAH,BRITISH AIRWAYS PLC,A,S, 0 , 0 , 0 , 0 , 0 , 0 , 0 , 0 , 0 , 0 , 17 , 82.3529411764706 , 16.3529411764706 
31-Jan-2006 10:28,200511,HEATHROW,SAUDI ARABIA,JEDDAH,BRITISH AIRWAYS PLC,D,S, 0 , 0 , 0 , 0 , 0 , 0 , 0 , 0 , 0 , 0 , 17 , 64.7058823529412 , 15.0588235294118 
31-Jan-2006 10:28,200511,HEATHROW,SAUDI ARABIA,JEDDAH,SAUDI ARABIAN AIRLINES,A,S, 30 , 0 , 76.6666666666667 , 20 , 3.33333333333333 , 0 , 0 , 0 , 6.73333333333333 , 0 , 25 , 84 , 11.04 
31-Jan-2006 10:28,200511,HEATHROW,SAUDI ARABIA,JEDDAH,SAUDI ARABIAN AIRLINES,D,S, 30 , 0 , 73.3333333333333 , 26.6666666666667 , 0 , 0 , 0 , 0 , 10.7 , 0 , 25 , 80 , 9.2 
31-Jan-2006 10:28,200511,HEATHROW,SAUDI ARABIA,RIYADH,BMI BRITISH MIDLAND,A,S, 12 , 0 , 91.6666666666667 , 0 , 8.33333333333333 , 0 , 0 , 0 , 4.08333333333333 , 1 , 0 , 0 , 0 
31-Jan-2006 10:28,200511,HEATHROW,SAUDI ARABIA,RIYADH,BMI BRITISH MIDLAND,D,S, 12 , 0 , 100 , 0 , 0 , 0 , 0 , 0 , 3.75 , 1 , 0 , 0 , 0 
31-Jan-2006 10:28,200511,HEATHROW,SAUDI ARABIA,RIYADH,BRITISH AIRWAYS PLC,A,S, 0 , 0 , 0 , 0 , 0 , 0 , 0 , 0 , 0 , 0 , 13 , 84.6153846153846 , 4.38461538461539 
31-Jan-2006 10:28,200511,HEATHROW,SAUDI ARABIA,RIYADH,BRITISH AIRWAYS PLC,D,S, 0 , 0 , 0 , 0 , 0 , 0 , 0 , 0 , 0 , 0 , 13 , 61.5384615384615 , 17.6153846153846 
31-Jan-2006 10:28,200511,HEATHROW,SAUDI ARABIA,RIYADH,SAUDI ARABIAN AIRLINES,A,S, 8 , 0 , 75 , 25 , 0 , 0 , 0 , 0 , 5.75 , 0 , 12 , 83.3333333333333 , 9.75 
31-Jan-2006 10:28,200511,HEATHROW,SAUDI ARABIA,RIYADH,SAUDI ARABIAN AIRLINES,D,S, 10 , 0 , 70 , 20 , 10 , 0 , 0 , 0 , 11.8 , 1 , 12 , 66.6666666666667 , 10.5833333333333 
31-Jan-2006 10:28,200511,HEATHROW,SEYCHELLES,SEYCHELLES,AIR SEYCHELLES,A,S, 8 , 0 , 50 , 25 , 12.5 , 12.5 , 0 , 0 , 31.375 , 0 , 8 , 50 , 132.75 
31-Jan-2006 10:28,200511,HEATHROW,SEYCHELLES,SEYCHELLES,AIR SEYCHELLES,D,S, 6 , 0 , 50 , 33.3333333333333 , 16.6666666666667 , 0 , 0 , 0 , 14.3333333333333 , 1 , 8 , 75 , 102.75 
31-Jan-2006 10:28,200511,HEATHROW,SIERRA LEONE,FREETOWN,BELLVIEW AIRLINES (SIERRA LEONE),A,S, 11 , 0 , 27.2727272727273 , 9.09090909090909 , 27.2727272727273 , 36.3636363636364 , 0 , 0 , 53.6363636363636 , 0 , 0 , 0 , 0 
31-Jan-2006 10:28,200511,HEATHROW,SIERRA LEONE,FREETOWN,BELLVIEW AIRLINES (SIERRA LEONE),D,S, 10 , 0 , 70 , 20 , 10 , 0 , 0 , 0 , 13.5 , 1 , 0 , 0 , 0 
31-Jan-2006 10:28,200511,HEATHROW,SINGAPORE,SINGAPORE,SINGAPORE AIRLINES,A,S, 90 , 0 , 95.5555555555556 , 0 , 2.22222222222222 , 1.11111111111111 , 1.11111111111111 , 0 , 4.78888888888889 , 0 , 90 , 87.7777777777778 , 5.24444444444444 
31-Jan-2006 10:28,200511,HEATHROW,SINGAPORE,SINGAPORE,SINGAPORE AIRLINES,D,S, 90 , 0 , 65.5555555555556 , 20 , 8.88888888888889 , 5.55555555555556 , 0 , 0 , 16.0666666666667 , 0 , 90 , 51.1111111111111 , 17.6777777777778 
31-Jan-2006 10:28,200511,HEATHROW,SPAIN,ALICANTE,BMI BRITISH MIDLAND,A,S, 30 , 0 , 83.3333333333333 , 6.66666666666667 , 3.33333333333333 , 6.66666666666667 , 0 , 0 , 9.23333333333333 , 0 , 30 , 86.6666666666667 , 16.2 
31-Jan-2006 10:28,200511,HEATHROW,SPAIN,ALICANTE,BMI BRITISH MIDLAND,D,S, 30 , 0 , 86.6666666666667 , 6.66666666666667 , 0 , 6.66666666666667 , 0 , 0 , 9.2 , 0 , 30 , 70 , 14.5 
31-Jan-2006 10:28,200511,HEATHROW,SPAIN,BARCELONA,BRITISH AIRWAYS PLC,A,S, 119 , 0 , 57.1428571428571 , 19.327731092437 , 14.2857142857143 , 9.2436974789916 , 0 , 0 , 19.563025210084 , 0 , 120 , 65.8333333333333 , 13.725 
31-Jan-2006 10:28,200511,HEATHROW,SPAIN,BARCELONA,BRITISH AIRWAYS PLC,D,S, 119 , 0 , 59.6638655462185 , 21.0084033613445 , 15.1260504201681 , 4.20168067226891 , 0 , 0 , 16.890756302521 , 0 , 120 , 67.5 , 13.95 
31-Jan-2006 10:28,200511,HEATHROW,SPAIN,BARCELONA,IBERIA,A,S, 116 , 0 , 71.551724137931 , 13.7931034482759 , 8.62068965517241 , 6.03448275862069 , 0 , 0 , 15.7758620689655 , 3 , 120 , 68.3333333333333 , 15.8416666666667 
31-Jan-2006 10:28,200511,HEATHROW,SPAIN,BARCELONA,IBERIA,D,S, 116 , 0 , 76.7241379310345 , 10.3448275862069 , 6.03448275862069 , 6.89655172413793 , 0 , 0 , 14.8706896551724 , 1 , 120 , 78.3333333333333 , 11.6083333333333 
31-Jan-2006 10:28,200511,HEATHROW,SPAIN,BILBAO,IBERIA,A,S, 29 , 0 , 79.3103448275862 , 10.3448275862069 , 3.44827586206897 , 6.89655172413793 , 0 , 0 , 16.1724137931034 , 0 , 30 , 83.3333333333333 , 15.3 
31-Jan-2006 10:28,200511,HEATHROW,SPAIN,BILBAO,IBERIA,D,S, 30 , 0 , 86.6666666666667 , 3.33333333333333 , 3.33333333333333 , 6.66666666666667 , 0 , 0 , 10.3333333333333 , 0 , 29 , 96.551724137931 , 2.58620689655172 
31-Jan-2006 10:28,200511,HEATHROW,SPAIN,MADRID,BMI BRITISH MIDLAND,A,S, 30 , 0 , 36.6666666666667 , 30 , 23.3333333333333 , 6.66666666666667 , 3.33333333333333 , 0 , 31.7666666666667 , 0 , 30 , 80 , 8.83333333333333 
31-Jan-2006 10:28,200511,HEATHROW,SPAIN,MADRID,BMI BRITISH MIDLAND,D,S, 30 , 0 , 46.6666666666667 , 26.6666666666667 , 16.6666666666667 , 10 , 0 , 0 , 25.1333333333333 , 0 , 30 , 86.6666666666667 , 7.16666666666667 
31-Jan-2006 10:28,200511,HEATHROW,SPAIN,MADRID,BRITISH AIRWAYS PLC,A,S, 148 , 0 , 66.8918918918919 , 14.8648648648649 , 10.8108108108108 , 6.75675675675676 , 0.675675675675676 , 0 , 18.0675675675676 , 0 , 149 , 49.6644295302013 , 18.8187919463087 
31-Jan-2006 10:28,200511,HEATHROW,SPAIN,MADRID,BRITISH AIRWAYS PLC,D,S, 148 , 0 , 62.8378378378378 , 17.5675675675676 , 10.1351351351351 , 8.78378378378378 , 0.675675675675676 , 0 , 20.8175675675676 , 0 , 149 , 75.8389261744966 , 14.0201342281879 
31-Jan-2006 10:28,200511,HEATHROW,SPAIN,MADRID,IBERIA,A,S, 179 , 0 , 41.340782122905 , 28.4916201117318 , 17.3184357541899 , 11.731843575419 , 1.11731843575419 , 0 , 31.1061452513966 , 0 , 180 , 58.3333333333333 , 17.9944444444444 
31-Jan-2006 10:28,200511,HEATHROW,SPAIN,MADRID,IBERIA,D,S, 179 , 0 , 56.4245810055866 , 15.0837988826816 , 13.4078212290503 , 13.4078212290503 , 1.11731843575419 , 0.558659217877095 , 31.1508379888268 , 0 , 180 , 65 , 16.6333333333333 
31-Jan-2006 10:28,200511,HEATHROW,SPAIN,MALAGA,GB AIRWAYS LTD,A,S, 60 , 0 , 68.3333333333333 , 21.6666666666667 , 10 , 0 , 0 , 0 , 12.45 , 0 , 60 , 66.6666666666667 , 14.05 
31-Jan-2006 10:28,200511,HEATHROW,SPAIN,MALAGA,GB AIRWAYS LTD,D,S, 60 , 0 , 90 , 8.33333333333333 , 1.66666666666667 , 0 , 0 , 0 , 7.46666666666667 , 0 , 60 , 78.3333333333333 , 9.18333333333333 
31-Jan-2006 10:28,200511,HEATHROW,SPAIN,MALAGA,IBERIA,A,S, 30 , 0 , 46.6666666666667 , 33.3333333333333 , 6.66666666666667 , 13.3333333333333 , 0 , 0 , 28.9666666666667 , 0 , 30 , 70 , 22.5 
31-Jan-2006 10:28,200511,HEATHROW,SPAIN,MALAGA,IBERIA,D,S, 30 , 0 , 73.3333333333333 , 6.66666666666667 , 6.66666666666667 , 13.3333333333333 , 0 , 0 , 24.6333333333333 , 0 , 30 , 86.6666666666667 , 15.4 
31-Jan-2006 10:28,200511,HEATHROW,SPAIN,PALMA DE MALLORCA,BMI BRITISH MIDLAND,A,S, 19 , 0 , 73.6842105263158 , 15.7894736842105 , 5.26315789473684 , 5.26315789473684 , 0 , 0 , 10.6842105263158 , 0 , 20 , 85 , 4.9 
31-Jan-2006 10:28,200511,HEATHROW,SPAIN,PALMA DE MALLORCA,BMI BRITISH MIDLAND,D,S, 19 , 0 , 84.2105263157895 , 0 , 5.26315789473684 , 10.5263157894737 , 0 , 0 , 13.5789473684211 , 0 , 20 , 85 , 7.3 
31-Jan-2006 10:28,200511,HEATHROW,SPAIN,SANTIAGO DE COMPOSTELA (SPAIN),IBERIA,A,S, 30 , 0 , 90 , 0 , 3.33333333333333 , 6.66666666666667 , 0 , 0 , 9.56666666666667 , 0 , 29 , 100 , 1.68965517241379 
31-Jan-2006 10:28,200511,HEATHROW,SPAIN,SANTIAGO DE COMPOSTELA (SPAIN),IBERIA,D,S, 29 , 0 , 86.2068965517241 , 6.89655172413793 , 0 , 6.89655172413793 , 0 , 0 , 13.2068965517241 , 0 , 30 , 86.6666666666667 , 11.8666666666667 
31-Jan-2006 10:28,200511,HEATHROW,SPAIN,SEVILLE,IBERIA,A,S, 30 , 0 , 50 , 30 , 3.33333333333333 , 16.6666666666667 , 0 , 0 , 29.4666666666667 , 0 , 30 , 76.6666666666667 , 9.6 
31-Jan-2006 10:28,200511,HEATHROW,SPAIN,SEVILLE,IBERIA,D,S, 30 , 0 , 70 , 10 , 6.66666666666667 , 13.3333333333333 , 0 , 0 , 20.8666666666667 , 0 , 30 , 96.6666666666667 , 3.36666666666667 
31-Jan-2006 10:28,200511,HEATHROW,SPAIN,VALENCIA,IBERIA,A,S, 30 , 0 , 60 , 13.3333333333333 , 16.6666666666667 , 10 , 0 , 0 , 25.7333333333333 , 0 , 30 , 83.3333333333333 , 9.36666666666667 
31-Jan-2006 10:28,200511,HEATHROW,SPAIN,VALENCIA,IBERIA,D,S, 30 , 0 , 60 , 3.33333333333333 , 23.3333333333333 , 13.3333333333333 , 0 , 0 , 27.0333333333333 , 0 , 30 , 86.6666666666667 , 5.7 
31-Jan-2006 10:28,200511,HEATHROW,SRI LANKA,COLOMBO,SRILANKAN AIRLINES,A,S, 48 , 0 , 79.1666666666667 , 10.4166666666667 , 6.25 , 2.08333333333333 , 2.08333333333333 , 0 , 12.25 , 1 , 47 , 63.8297872340426 , 18.1489361702128 
31-Jan-2006 10:28,200511,HEATHROW,SRI LANKA,COLOMBO,SRILANKAN AIRLINES,D,S, 48 , 0 , 68.75 , 10.4166666666667 , 12.5 , 6.25 , 2.08333333333333 , 0 , 21.4583333333333 , 0 , 47 , 63.8297872340426 , 17.7872340425532 
31-Jan-2006 10:28,200511,HEATHROW,SUDAN,KHARTOUM,BMED,A,S, 17 , 0 , 88.2352941176471 , 5.88235294117647 , 0 , 5.88235294117647 , 0 , 0 , 11.2352941176471 , 0 , 13 , 61.5384615384615 , 38.4615384615385 
31-Jan-2006 10:28,200511,HEATHROW,SUDAN,KHARTOUM,BMED,D,S, 17 , 0 , 35.2941176470588 , 29.4117647058824 , 23.5294117647059 , 11.7647058823529 , 0 , 0 , 30.6470588235294 , 0 , 13 , 7.69230769230769 , 81.4615384615385 
31-Jan-2006 10:28,200511,HEATHROW,SWEDEN,GOTEBORG,SAS,A,S, 60 , 0 , 71.6666666666667 , 18.3333333333333 , 6.66666666666667 , 3.33333333333333 , 0 , 0 , 12.4333333333333 , 0 , 60 , 80 , 8.36666666666667 
31-Jan-2006 10:28,200511,HEATHROW,SWEDEN,GOTEBORG,SAS,D,S, 60 , 0 , 88.3333333333333 , 3.33333333333333 , 6.66666666666667 , 1.66666666666667 , 0 , 0 , 7.15 , 0 , 60 , 86.6666666666667 , 6.3 
31-Jan-2006 10:28,200511,HEATHROW,SWEDEN,STOCKHOLM (ARLANDA),BRITISH AIRWAYS PLC,A,S, 170 , 0 , 70 , 12.9411764705882 , 12.3529411764706 , 4.70588235294118 , 0 , 0 , 13.6 , 0 , 145 , 77.2413793103448 , 11.7862068965517 
31-Jan-2006 10:28,200511,HEATHROW,SWEDEN,STOCKHOLM (ARLANDA),BRITISH AIRWAYS PLC,D,S, 170 , 0 , 64.1176470588235 , 11.7647058823529 , 15.2941176470588 , 8.82352941176471 , 0 , 0 , 18.9882352941176 , 0 , 146 , 67.8082191780822 , 14.6643835616438 
31-Jan-2006 10:28,200511,HEATHROW,SWEDEN,STOCKHOLM (ARLANDA),SAS,A,S, 168 , 0 , 73.2142857142857 , 13.0952380952381 , 9.52380952380952 , 4.16666666666667 , 0 , 0 , 12.3333333333333 , 0 , 167 , 84.4311377245509 , 9.23952095808383 
31-Jan-2006 10:28,200511,HEATHROW,SWEDEN,STOCKHOLM (ARLANDA),SAS,D,S, 168 , 0 , 66.0714285714286 , 16.6666666666667 , 12.5 , 4.76190476190476 , 0 , 0 , 15.0297619047619 , 0 , 167 , 76.6467065868263 , 12.8682634730539 
31-Jan-2006 10:28,200511,HEATHROW,SWITZERLAND,BASLE MULHOUSE,BRITISH AIRWAYS PLC,A,S, 90 , 0 , 93.3333333333333 , 2.22222222222222 , 3.33333333333333 , 1.11111111111111 , 0 , 0 , 3.77777777777778 , 0 , 90 , 87.7777777777778 , 6.37777777777778 
31-Jan-2006 10:28,200511,HEATHROW,SWITZERLAND,BASLE MULHOUSE,BRITISH AIRWAYS PLC,D,S, 90 , 0 , 68.8888888888889 , 18.8888888888889 , 11.1111111111111 , 1.11111111111111 , 0 , 0 , 13.6333333333333 , 0 , 90 , 78.8888888888889 , 10.9222222222222 
31-Jan-2006 10:28,200511,HEATHROW,SWITZERLAND,GENEVA,BRITISH AIRWAYS PLC,A,S, 237 , 0 , 84.8101265822785 , 5.90717299578059 , 5.90717299578059 , 2.9535864978903 , 0.421940928270042 , 0 , 9.48523206751055 , 0 , 239 , 85.3556485355649 , 6.54393305439331 
31-Jan-2006 10:28,200511,HEATHROW,SWITZERLAND,GENEVA,BRITISH AIRWAYS PLC,D,S, 237 , 0 , 75.5274261603376 , 12.6582278481013 , 7.17299578059072 , 3.79746835443038 , 0.843881856540084 , 0 , 13.5991561181435 , 0 , 239 , 78.6610878661088 , 10.2845188284519 
31-Jan-2006 10:28,200511,HEATHROW,SWITZERLAND,ZURICH,BRITISH AIRWAYS PLC,A,S, 170 , 0 , 82.3529411764706 , 8.23529411764706 , 6.47058823529412 , 2.94117647058824 , 0 , 0 , 8.85882352941177 , 0 , 175 , 87.4285714285714 , 5.20571428571429 
31-Jan-2006 10:28,200511,HEATHROW,SWITZERLAND,ZURICH,BRITISH AIRWAYS PLC,D,S, 170 , 0 , 67.0588235294118 , 18.2352941176471 , 10.5882352941176 , 4.11764705882353 , 0 , 0 , 16.1764705882353 , 0 , 176 , 65.9090909090909 , 13.5113636363636 
31-Jan-2006 10:28,200511,HEATHROW,SWITZERLAND,ZURICH,SWISS AIRLINES,A,S, 180 , 0 , 83.8888888888889 , 8.88888888888889 , 6.11111111111111 , 1.11111111111111 , 0 , 0 , 6.97222222222222 , 0 , 180 , 78.3333333333333 , 8.1 
31-Jan-2006 10:28,200511,HEATHROW,SWITZERLAND,ZURICH,SWISS AIRLINES,D,S, 180 , 0 , 83.8888888888889 , 8.88888888888889 , 5.55555555555556 , 1.66666666666667 , 0 , 0 , 8.02222222222222 , 0 , 180 , 68.3333333333333 , 11.3722222222222 
31-Jan-2006 10:28,200511,HEATHROW,SYRIA,DAMASCUS,BMED,A,S, 25 , 0 , 80 , 4 , 4 , 12 , 0 , 0 , 14.6 , 0 , 29 , 89.6551724137931 , 3.89655172413793 
31-Jan-2006 10:28,200511,HEATHROW,SYRIA,DAMASCUS,BMED,D,S, 25 , 0 , 68 , 24 , 8 , 0 , 0 , 0 , 12.08 , 0 , 29 , 65.5172413793103 , 15.2413793103448 
31-Jan-2006 10:28,200511,HEATHROW,SYRIA,DAMASCUS,SYRIANAIR,A,S, 13 , 0 , 7.69230769230769 , 23.0769230769231 , 38.4615384615385 , 30.7692307692308 , 0 , 0 , 48.9230769230769 , 0 , 13 , 38.4615384615385 , 45.6153846153846 
31-Jan-2006 10:28,200511,HEATHROW,SYRIA,DAMASCUS,SYRIANAIR,D,S, 13 , 0 , 46.1538461538462 , 38.4615384615385 , 7.69230769230769 , 7.69230769230769 , 0 , 0 , 21.5384615384615 , 0 , 13 , 53.8461538461538 , 19.4615384615385 
31-Jan-2006 10:28,200511,HEATHROW,TANZANIA,DAR-ES-SALAAM,BRITISH AIRWAYS PLC,A,S, 13 , 0 , 53.8461538461538 , 7.69230769230769 , 30.7692307692308 , 7.69230769230769 , 0 , 0 , 25.3076923076923 , 0 , 13 , 61.5384615384615 , 18.2307692307692 
31-Jan-2006 10:28,200511,HEATHROW,TANZANIA,DAR-ES-SALAAM,BRITISH AIRWAYS PLC,D,S, 12 , 0 , 58.3333333333333 , 16.6666666666667 , 16.6666666666667 , 8.33333333333333 , 0 , 0 , 21 , 0 , 13 , 61.5384615384615 , 30.6923076923077 
31-Jan-2006 10:28,200511,HEATHROW,THAILAND,BANGKOK,THAI AIRWAYS INTERNATIONAL,A,S, 60 , 0 , 86.6666666666667 , 11.6666666666667 , 0 , 1.66666666666667 , 0 , 0 , 5.91666666666667 , 0 , 55 , 80 , 7.81818181818182 
31-Jan-2006 10:28,200511,HEATHROW,THAILAND,BANGKOK,THAI AIRWAYS INTERNATIONAL,D,S, 60 , 0 , 68.3333333333333 , 23.3333333333333 , 6.66666666666667 , 1.66666666666667 , 0 , 0 , 12.1166666666667 , 0 , 56 , 80.3571428571429 , 9.96428571428571 
31-Jan-2006 10:28,200511,HEATHROW,TRINIDAD AND TOBAGO,PORT OF SPAIN,BWIA,A,S, 30 , 0 , 16.6666666666667 , 20 , 16.6666666666667 , 46.6666666666667 , 0 , 0 , 56.6 , 1 , 30 , 20 , 47.3 
31-Jan-2006 10:28,200511,HEATHROW,TRINIDAD AND TOBAGO,PORT OF SPAIN,BWIA,D,S, 30 , 0 , 6.66666666666667 , 30 , 16.6666666666667 , 40 , 6.66666666666667 , 0 , 68.7 , 1 , 30 , 16.6666666666667 , 55.5333333333333 
31-Jan-2006 10:28,200511,HEATHROW,TUNISIA,TUNIS,TUNISAIR,A,S, 17 , 0 , 29.4117647058824 , 41.1764705882353 , 23.5294117647059 , 5.88235294117647 , 0 , 0 , 23.8823529411765 , 0 , 17 , 47.0588235294118 , 20.3529411764706 
31-Jan-2006 10:28,200511,HEATHROW,TUNISIA,TUNIS,TUNISAIR,D,S, 17 , 0 , 35.2941176470588 , 17.6470588235294 , 41.1764705882353 , 5.88235294117647 , 0 , 0 , 26.2352941176471 , 0 , 17 , 23.5294117647059 , 27.7647058823529 
31-Jan-2006 10:28,200511,HEATHROW,TURKEY,ISTANBUL,BRITISH AIRWAYS PLC,A,S, 59 , 0 , 55.9322033898305 , 27.1186440677966 , 5.08474576271186 , 10.1694915254237 , 0 , 1.69491525423729 , 26.0508474576271 , 0 , 60 , 73.3333333333333 , 9.01666666666667 
31-Jan-2006 10:28,200511,HEATHROW,TURKEY,ISTANBUL,BRITISH AIRWAYS PLC,D,S, 59 , 0 , 50.8474576271186 , 22.0338983050847 , 18.6440677966102 , 8.47457627118644 , 0 , 0 , 22.1864406779661 , 0 , 60 , 86.6666666666667 , 7.78333333333333 
31-Jan-2006 10:28,200511,HEATHROW,TURKEY,ISTANBUL,THY TURK HAVA YOLLARI TURKISH,A,S, 90 , 0 , 48.8888888888889 , 25.5555555555556 , 23.3333333333333 , 2.22222222222222 , 0 , 0 , 20.3777777777778 , 0 , 90 , 62.2222222222222 , 18.2111111111111 
31-Jan-2006 10:28,200511,HEATHROW,TURKEY,ISTANBUL,THY TURK HAVA YOLLARI TURKISH,D,S, 90 , 0 , 58.8888888888889 , 16.6666666666667 , 16.6666666666667 , 6.66666666666667 , 0 , 1.11111111111111 , 24.4777777777778 , 0 , 90 , 54.4444444444445 , 24.1777777777778 
31-Jan-2006 10:28,200511,HEATHROW,TURKEY,IZMIR (ADNAM MENDERES),KIBRIS TURKISH AIRLINES - KTHY,A,S, 8 , 0 , 37.5 , 37.5 , 25 , 0 , 0 , 0 , 18 , 0 , 9 , 44.4444444444444 , 34.3333333333333 
31-Jan-2006 10:28,200511,HEATHROW,TURKEY,IZMIR (ADNAM MENDERES),KIBRIS TURKISH AIRLINES - KTHY,D,S, 8 , 0 , 62.5 , 12.5 , 12.5 , 12.5 , 0 , 0 , 21.625 , 0 , 9 , 33.3333333333333 , 62.2222222222222 
31-Jan-2006 10:28,200511,HEATHROW,TURKMENISTAN,ASHKHABAD,TURKMENISTAN AIRLINES,A,S, 9 , 0 , 66.6666666666667 , 33.3333333333333 , 0 , 0 , 0 , 0 , 11 , 0 , 9 , 55.5555555555556 , 66.8888888888889 
31-Jan-2006 10:28,200511,HEATHROW,TURKMENISTAN,ASHKHABAD,TURKMENISTAN AIRLINES,D,S, 9 , 0 , 22.2222222222222 , 66.6666666666667 , 0 , 11.1111111111111 , 0 , 0 , 25.8888888888889 , 0 , 9 , 11.1111111111111 , 87.2222222222222 
31-Jan-2006 10:28,200511,HEATHROW,TURKS AND CAICOS ISLANDS,PROVIDENCIALES,BRITISH AIRWAYS PLC,A,S, 4 , 0 , 75 , 25 , 0 , 0 , 0 , 0 , 9.75 , 0 , 5 , 100 , 5.2 
31-Jan-2006 10:28,200511,HEATHROW,TURKS AND CAICOS ISLANDS,PROVIDENCIALES,BRITISH AIRWAYS PLC,D,S, 4 , 0 , 50 , 25 , 25 , 0 , 0 , 0 , 23.25 , 0 , 4 , 75 , 10.5 
31-Jan-2006 10:28,200511,HEATHROW,UGANDA,ENTEBBE,BRITISH AIRWAYS PLC,A,S, 13 , 0 , 76.9230769230769 , 7.69230769230769 , 0 , 7.69230769230769 , 7.69230769230769 , 0 , 29.7692307692308 , 0 , 13 , 69.2307692307692 , 10.3846153846154 
31-Jan-2006 10:28,200511,HEATHROW,UGANDA,ENTEBBE,BRITISH AIRWAYS PLC,D,S, 13 , 0 , 38.4615384615385 , 46.1538461538462 , 7.69230769230769 , 7.69230769230769 , 0 , 0 , 20.7692307692308 , 0 , 13 , 61.5384615384615 , 13.1538461538462 
31-Jan-2006 10:28,200511,HEATHROW,UKRAINE,KIEV (BORISPOL),BRITISH AIRWAYS PLC,A,S, 30 , 0 , 90 , 3.33333333333333 , 6.66666666666667 , 0 , 0 , 0 , 6.46666666666667 , 0 , 30 , 86.6666666666667 , 5.5 
31-Jan-2006 10:28,200511,HEATHROW,UKRAINE,KIEV (BORISPOL),BRITISH AIRWAYS PLC,D,S, 30 , 0 , 86.6666666666667 , 13.3333333333333 , 0 , 0 , 0 , 0 , 6.6 , 0 , 30 , 93.3333333333333 , 5.43333333333333 
31-Jan-2006 10:28,200511,HEATHROW,UNITED ARAB EMIRATES,ABU DHABI INTERNATIONAL,ETIHAD AIRWAYS,A,S, 34 , 0 , 91.1764705882353 , 0 , 2.94117647058824 , 5.88235294117647 , 0 , 0 , 9.02941176470588 , 0 , 32 , 93.75 , 4.65625 
31-Jan-2006 10:28,200511,HEATHROW,UNITED ARAB EMIRATES,ABU DHABI INTERNATIONAL,ETIHAD AIRWAYS,D,S, 34 , 0 , 61.7647058823529 , 29.4117647058824 , 5.88235294117647 , 2.94117647058824 , 0 , 0 , 18.8529411764706 , 0 , 34 , 88.2352941176471 , 8.55882352941176 
31-Jan-2006 10:28,200511,HEATHROW,UNITED ARAB EMIRATES,ABU DHABI INTERNATIONAL,GULF AIR,A,S, 33 , 0 , 54.5454545454545 , 12.1212121212121 , 12.1212121212121 , 18.1818181818182 , 3.03030303030303 , 0 , 33.4545454545455 , 0 , 34 , 64.7058823529412 , 19.7647058823529 
31-Jan-2006 10:28,200511,HEATHROW,UNITED ARAB EMIRATES,ABU DHABI INTERNATIONAL,GULF AIR,D,S, 33 , 0 , 75.7575757575758 , 15.1515151515152 , 6.06060606060606 , 3.03030303030303 , 0 , 0 , 11.1212121212121 , 2 , 42 , 76.1904761904762 , 10.1904761904762 
31-Jan-2006 10:28,200511,HEATHROW,UNITED ARAB EMIRATES,DUBAI,BRITISH AIRWAYS PLC,A,S, 60 , 0 , 86.6666666666667 , 5 , 8.33333333333333 , 0 , 0 , 0 , 6.38333333333333 , 0 , 60 , 98.3333333333333 , 1.8 
31-Jan-2006 10:28,200511,HEATHROW,UNITED ARAB EMIRATES,DUBAI,BRITISH AIRWAYS PLC,D,S, 60 , 0 , 58.3333333333333 , 20 , 13.3333333333333 , 8.33333333333333 , 0 , 0 , 19.7333333333333 , 0 , 60 , 78.3333333333333 , 12.85 
31-Jan-2006 10:28,200511,HEATHROW,UNITED ARAB EMIRATES,DUBAI,EMIRATES,A,S, 150 , 0 , 85.3333333333333 , 7.33333333333333 , 5.33333333333333 , 2 , 0 , 0 , 7.20666666666667 , 4 , 120 , 86.6666666666667 , 6.63333333333333 
31-Jan-2006 10:28,200511,HEATHROW,UNITED ARAB EMIRATES,DUBAI,EMIRATES,D,S, 150 , 0 , 63.3333333333333 , 19.3333333333333 , 14.6666666666667 , 2.66666666666667 , 0 , 0 , 15.6066666666667 , 0 , 120 , 65 , 11.825 
31-Jan-2006 10:28,200511,HEATHROW,UNITED KINGDOM,ABERDEEN,BMI BRITISH MIDLAND,A,S, 133 , 0 , 76.6917293233083 , 9.77443609022556 , 7.5187969924812 , 6.01503759398496 , 0 , 0 , 11.8721804511278 , 0 , 135 , 88.8888888888889 , 5.81481481481481 
31-Jan-2006 10:28,200511,HEATHROW,UNITED KINGDOM,ABERDEEN,BMI BRITISH MIDLAND,D,S, 133 , 0 , 76.6917293233083 , 12.781954887218 , 6.01503759398496 , 3.7593984962406 , 0.75187969924812 , 0 , 12.3157894736842 , 0 , 138 , 88.4057971014493 , 6.26086956521739 
31-Jan-2006 10:28,200511,HEATHROW,UNITED KINGDOM,ABERDEEN,BRITISH AIRWAYS PLC,A,S, 184 , 0 , 67.9347826086956 , 14.1304347826087 , 13.0434782608696 , 4.89130434782609 , 0 , 0 , 14.6195652173913 , 1 , 188 , 88.2978723404255 , 5.59574468085106 
31-Jan-2006 10:28,200511,HEATHROW,UNITED KINGDOM,ABERDEEN,BRITISH AIRWAYS PLC,D,S, 185 , 0 , 75.1351351351351 , 11.3513513513514 , 7.56756756756757 , 5.94594594594595 , 0 , 0 , 12.8378378378378 , 0 , 188 , 85.1063829787234 , 8.93085106382979 
31-Jan-2006 10:28,200511,HEATHROW,UNITED KINGDOM,BELFAST CITY,BMI BRITISH MIDLAND,A,S, 232 , 0 , 72.4137931034483 , 15.5172413793103 , 7.32758620689655 , 4.31034482758621 , 0.431034482758621 , 0 , 13.9224137931034 , 0 , 232 , 91.8103448275862 , 3.47844827586207 
31-Jan-2006 10:28,200511,HEATHROW,UNITED KINGDOM,BELFAST CITY,BMI BRITISH MIDLAND,D,S, 232 , 0 , 78.0172413793103 , 11.6379310344828 , 8.18965517241379 , 2.1551724137931 , 0 , 0 , 11.051724137931 , 0 , 232 , 86.6379310344827 , 7.00431034482759 
31-Jan-2006 10:28,200511,HEATHROW,UNITED KINGDOM,DURHAM TEES VALLEY,BMI BRITISH MIDLAND,A,S, 84 , 0 , 50 , 22.6190476190476 , 20.2380952380952 , 7.14285714285714 , 0 , 0 , 20.6785714285714 , 2 , 119 , 87.3949579831933 , 5.96638655462185 
31-Jan-2006 10:28,200511,HEATHROW,UNITED KINGDOM,DURHAM TEES VALLEY,BMI BRITISH MIDLAND,D,S, 86 , 0 , 68.6046511627907 , 18.6046511627907 , 6.97674418604651 , 5.81395348837209 , 0 , 0 , 13.6744186046512 , 0 , 119 , 84.8739495798319 , 7.34453781512605 
31-Jan-2006 10:28,200511,HEATHROW,UNITED KINGDOM,DURHAM TEES VALLEY,VLM (BELGIUM),A,S, 0 , 1 , 0 , 0 , 0 , 0 , 0 , 0 , 0 , 0 , 0 , 0 , 0 
31-Jan-2006 10:28,200511,HEATHROW,UNITED KINGDOM,EDINBURGH,BMI BRITISH MIDLAND,A,S, 227 , 0 , 74.0088105726872 , 10.5726872246696 , 9.2511013215859 , 5.2863436123348 , 0.881057268722467 , 0 , 14.8986784140969 , 2 , 231 , 83.982683982684 , 8.43722943722944 
31-Jan-2006 10:28,200511,HEATHROW,UNITED KINGDOM,EDINBURGH,BMI BRITISH MIDLAND,D,S, 229 , 0 , 76.8558951965066 , 9.17030567685589 , 10.0436681222707 , 3.93013100436681 , 0 , 0 , 11.1528384279476 , 1 , 232 , 80.6034482758621 , 9.13362068965517 
31-Jan-2006 10:28,200511,HEATHROW,UNITED KINGDOM,EDINBURGH,BRITISH AIRWAYS PLC,A,S, 359 , 0 , 58.4958217270195 , 19.4986072423398 , 15.5988857938719 , 6.12813370473538 , 0.278551532033426 , 0 , 21.3064066852368 , 1 , 334 , 76.3473053892215 , 12.625748502994 
31-Jan-2006 10:28,200511,HEATHROW,UNITED KINGDOM,EDINBURGH,BRITISH AIRWAYS PLC,D,S, 360 , 0 , 70.5555555555556 , 15.5555555555556 , 8.33333333333333 , 5.55555555555556 , 0 , 0 , 14.3138888888889 , 0 , 335 , 75.2238805970149 , 13.7014925373134 
31-Jan-2006 10:28,200511,HEATHROW,UNITED KINGDOM,GLASGOW,BMI BRITISH MIDLAND,A,S, 226 , 0 , 78.7610619469027 , 13.2743362831858 , 4.86725663716814 , 3.09734513274336 , 0 , 0 , 9.03982300884956 , 0 , 231 , 87.8787878787879 , 5.06060606060606 
31-Jan-2006 10:28,200511,HEATHROW,UNITED KINGDOM,GLASGOW,BMI BRITISH MIDLAND,D,S, 227 , 0 , 82.8193832599119 , 11.0132158590308 , 3.9647577092511 , 2.20264317180617 , 0 , 0 , 7.85022026431718 , 0 , 232 , 86.6379310344827 , 6.28448275862069 
31-Jan-2006 10:28,200511,HEATHROW,UNITED KINGDOM,GLASGOW,BRITISH AIRWAYS PLC,A,S, 325 , 0 , 66.7692307692308 , 14.1538461538462 , 9.23076923076923 , 9.84615384615385 , 0 , 0 , 17.3107692307692 , 1 , 314 , 80.5732484076433 , 8.28662420382166 
31-Jan-2006 10:28,200511,HEATHROW,UNITED KINGDOM,GLASGOW,BRITISH AIRWAYS PLC,D,S, 325 , 0 , 62.1538461538462 , 17.8461538461538 , 11.6923076923077 , 8.30769230769231 , 0 , 0 , 19.1876923076923 , 0 , 317 , 77.9179810725552 , 10.9148264984227 
31-Jan-2006 10:28,200511,HEATHROW,UNITED KINGDOM,INVERNESS,BMI BRITISH MIDLAND,A,S, 30 , 0 , 66.6666666666667 , 23.3333333333333 , 6.66666666666667 , 3.33333333333333 , 0 , 0 , 12.9 , 0 , 30 , 90 , 4.66666666666667 
31-Jan-2006 10:28,200511,HEATHROW,UNITED KINGDOM,INVERNESS,BMI BRITISH MIDLAND,D,S, 30 , 0 , 66.6666666666667 , 20 , 10 , 3.33333333333333 , 0 , 0 , 15.2333333333333 , 0 , 30 , 90 , 3.36666666666667 
31-Jan-2006 10:28,200511,HEATHROW,UNITED KINGDOM,JERSEY,VLM (BELGIUM),A,S, 0 , 1 , 0 , 0 , 0 , 0 , 0 , 0 , 0 , 0 , 0 , 0 , 0 
31-Jan-2006 10:28,200511,HEATHROW,UNITED KINGDOM,LEEDS BRADFORD,BMI BRITISH MIDLAND,A,S, 107 , 0 , 85.981308411215 , 6.54205607476636 , 4.67289719626168 , 1.86915887850467 , 0.934579439252336 , 0 , 8.91588785046729 , 0 , 107 , 91.588785046729 , 4.44859813084112 
31-Jan-2006 10:28,200511,HEATHROW,UNITED KINGDOM,LEEDS BRADFORD,BMI BRITISH MIDLAND,D,S, 107 , 0 , 86.9158878504673 , 7.47663551401869 , 4.67289719626168 , 0.934579439252336 , 0 , 0 , 6.72897196261682 , 0 , 106 , 88.6792452830189 , 7.11320754716981 
31-Jan-2006 10:28,200511,HEATHROW,UNITED KINGDOM,MANCHESTER,AIR FRANCE,D,S, 0 , 1 , 0 , 0 , 0 , 0 , 0 , 0 , 0 , 0 , 0 , 0 , 0 
31-Jan-2006 10:28,200511,HEATHROW,UNITED KINGDOM,MANCHESTER,BMI BRITISH MIDLAND,A,S, 196 , 0 , 70.9183673469388 , 15.3061224489796 , 6.63265306122449 , 7.14285714285714 , 0 , 0 , 14.3367346938776 , 1 , 204 , 79.9019607843137 , 8.84313725490196 
31-Jan-2006 10:28,200511,HEATHROW,UNITED KINGDOM,MANCHESTER,BMI BRITISH MIDLAND,D,S, 198 , 0 , 74.2424242424242 , 16.1616161616162 , 6.06060606060606 , 3.53535353535354 , 0 , 0 , 12.0606060606061 , 0 , 205 , 81.4634146341463 , 8.53170731707317 
31-Jan-2006 10:28,200511,HEATHROW,UNITED KINGDOM,MANCHESTER,BRITISH AIRWAYS PLC,A,S, 319 , 0 , 66.1442006269592 , 14.4200626959248 , 11.5987460815047 , 7.83699059561129 , 0 , 0 , 18.6300940438871 , 2 , 323 , 76.4705882352941 , 12.2260061919505 
31-Jan-2006 10:28,200511,HEATHROW,UNITED KINGDOM,MANCHESTER,BRITISH AIRWAYS PLC,D,S, 321 , 0 , 63.5514018691589 , 19.3146417445483 , 11.5264797507788 , 5.60747663551402 , 0 , 0 , 17.0934579439252 , 0 , 323 , 76.1609907120743 , 12.3343653250774 
31-Jan-2006 10:28,200511,HEATHROW,UNITED KINGDOM,MANCHESTER,QANTAS,A,S, 0 , 0 , 0 , 0 , 0 , 0 , 0 , 0 , 0 , 0 , 5 , 80 , 15.2 
31-Jan-2006 10:28,200511,HEATHROW,UNITED KINGDOM,MANCHESTER,QANTAS,D,S, 0 , 0 , 0 , 0 , 0 , 0 , 0 , 0 , 0 , 0 , 35 , 82.8571428571429 , 10.2 
31-Jan-2006 10:28,200511,HEATHROW,UNITED KINGDOM,NEWCASTLE,BRITISH AIRWAYS PLC,A,S, 205 , 0 , 80 , 8.78048780487805 , 6.34146341463415 , 4.39024390243902 , 0.48780487804878 , 0 , 11.790243902439 , 0 , 176 , 84.0909090909091 , 6.51704545454545 
31-Jan-2006 10:28,200511,HEATHROW,UNITED KINGDOM,NEWCASTLE,BRITISH AIRWAYS PLC,D,S, 206 , 0 , 64.5631067961165 , 20.3883495145631 , 9.70873786407767 , 5.33980582524272 , 0 , 0 , 15.3349514563107 , 0 , 176 , 79.5454545454545 , 12.0625 
31-Jan-2006 10:28,200511,HEATHROW,UNITED KINGDOM,NOTTINGHAM EAST MIDLANDS INT'L,AIR CANADA,D,C, 1 , 0 , 100 , 0 , 0 , 0 , 0 , 0 , 0 , 0 , 0 , 0 , 0 
31-Jan-2006 10:28,200511,HEATHROW,USA,BALTIMORE,BRITISH AIRWAYS PLC,A,S, 29 , 0 , 89.6551724137931 , 10.3448275862069 , 0 , 0 , 0 , 0 , 3.03448275862069 , 0 , 29 , 89.6551724137931 , 6.3448275862069 
31-Jan-2006 10:28,200511,HEATHROW,USA,BALTIMORE,BRITISH AIRWAYS PLC,D,S, 29 , 0 , 68.9655172413793 , 24.1379310344828 , 3.44827586206897 , 3.44827586206897 , 0 , 0 , 12.5172413793103 , 0 , 29 , 51.7241379310345 , 20.5172413793103 
31-Jan-2006 10:28,200511,HEATHROW,USA,BOSTON,AMERICAN AIRLINES,A,S, 56 , 0 , 83.9285714285714 , 8.92857142857143 , 5.35714285714286 , 0 , 1.78571428571429 , 0 , 10.5178571428571 , 0 , 56 , 83.9285714285714 , 9.08928571428571 
31-Jan-2006 10:28,200511,HEATHROW,USA,BOSTON,AMERICAN AIRLINES,D,S, 55 , 0 , 81.8181818181818 , 10.9090909090909 , 7.27272727272727 , 0 , 0 , 0 , 7.25454545454545 , 0 , 56 , 87.5 , 5.30357142857143 
31-Jan-2006 10:28,200511,HEATHROW,USA,BOSTON,BRITISH AIRWAYS PLC,A,S, 87 , 0 , 90.8045977011494 , 1.14942528735632 , 5.74712643678161 , 2.29885057471264 , 0 , 0 , 7.49425287356322 , 0 , 83 , 93.9759036144578 , 10.1927710843374 
31-Jan-2006 10:28,200511,HEATHROW,USA,BOSTON,BRITISH AIRWAYS PLC,D,S, 87 , 0 , 68.9655172413793 , 17.2413793103448 , 9.19540229885057 , 4.59770114942529 , 0 , 0 , 17.7241379310345 , 0 , 85 , 68.2352941176471 , 13.6470588235294 
31-Jan-2006 10:28,200511,HEATHROW,USA,BOSTON,VIRGIN ATLANTIC AIRWAYS LTD,A,S, 29 , 0 , 93.1034482758621 , 0 , 6.89655172413793 , 0 , 0 , 0 , 3.17241379310345 , 0 , 30 , 86.6666666666667 , 8.1 
31-Jan-2006 10:28,200511,HEATHROW,USA,BOSTON,VIRGIN ATLANTIC AIRWAYS LTD,D,S, 29 , 0 , 82.7586206896552 , 10.3448275862069 , 0 , 6.89655172413793 , 0 , 0 , 11.551724137931 , 0 , 30 , 60 , 18.1666666666667 
31-Jan-2006 10:28,200511,HEATHROW,USA,CHICAGO (O'HARE),AIR INDIA,A,S, 13 , 0 , 69.2307692307692 , 7.69230769230769 , 23.0769230769231 , 0 , 0 , 0 , 12.7692307692308 , 0 , 13 , 76.9230769230769 , 9.92307692307692 
31-Jan-2006 10:28,200511,HEATHROW,USA,CHICAGO (O'HARE),AIR INDIA,D,S, 13 , 0 , 38.4615384615385 , 23.0769230769231 , 38.4615384615385 , 0 , 0 , 0 , 22.7692307692308 , 0 , 13 , 53.8461538461538 , 18.2307692307692 
31-Jan-2006 10:28,200511,HEATHROW,USA,CHICAGO (O'HARE),AMERICAN AIRLINES,A,S, 117 , 0 , 76.9230769230769 , 9.4017094017094 , 9.4017094017094 , 3.41880341880342 , 0.854700854700855 , 0 , 13.4529914529915 , 0 , 118 , 81.3559322033898 , 15.3220338983051 
31-Jan-2006 10:28,200511,HEATHROW,USA,CHICAGO (O'HARE),AMERICAN AIRLINES,D,S, 117 , 0 , 80.3418803418803 , 11.965811965812 , 6.83760683760684 , 0 , 0.854700854700855 , 0 , 11.8376068376068 , 0 , 118 , 91.5254237288136 , 6.80508474576271 
31-Jan-2006 10:28,200511,HEATHROW,USA,CHICAGO (O'HARE),BRITISH AIRWAYS PLC,A,S, 59 , 0 , 79.6610169491525 , 8.47457627118644 , 10.1694915254237 , 1.69491525423729 , 0 , 0 , 8.45762711864407 , 0 , 59 , 89.8305084745763 , 5.71186440677966 
31-Jan-2006 10:28,200511,HEATHROW,USA,CHICAGO (O'HARE),BRITISH AIRWAYS PLC,D,S, 59 , 0 , 52.5423728813559 , 32.2033898305085 , 13.5593220338983 , 1.69491525423729 , 0 , 0 , 17.3220338983051 , 0 , 59 , 61.0169491525424 , 13.9152542372881 
31-Jan-2006 10:28,200511,HEATHROW,USA,CHICAGO (O'HARE),UNITED AIRLINES,A,S, 90 , 0 , 80 , 7.77777777777778 , 5.55555555555556 , 5.55555555555556 , 1.11111111111111 , 0 , 12.5 , 0 , 90 , 72.2222222222222 , 23.7555555555556 
31-Jan-2006 10:28,200511,HEATHROW,USA,CHICAGO (O'HARE),UNITED AIRLINES,D,S, 90 , 0 , 86.6666666666667 , 10 , 3.33333333333333 , 0 , 0 , 0 , 7.95555555555556 , 0 , 90 , 92.2222222222222 , 5.86666666666667 
31-Jan-2006 10:28,200511,HEATHROW,USA,DENVER INTERNATIONAL,BRITISH AIRWAYS PLC,A,S, 28 , 0 , 92.8571428571429 , 3.57142857142857 , 3.57142857142857 , 0 , 0 , 0 , 2.42857142857143 , 0 , 28 , 92.8571428571429 , 6.64285714285714 
31-Jan-2006 10:28,200511,HEATHROW,USA,DENVER INTERNATIONAL,BRITISH AIRWAYS PLC,D,S, 28 , 0 , 67.8571428571429 , 25 , 7.14285714285714 , 0 , 0 , 0 , 10.9642857142857 , 0 , 28 , 53.5714285714286 , 15.1071428571429 
31-Jan-2006 10:28,200511,HEATHROW,USA,DETROIT,BRITISH AIRWAYS PLC,A,S, 29 , 0 , 79.3103448275862 , 3.44827586206897 , 3.44827586206897 , 10.3448275862069 , 3.44827586206897 , 0 , 29.7931034482759 , 0 , 29 , 58.6206896551724 , 23.1724137931034 
31-Jan-2006 10:28,200511,HEATHROW,USA,DETROIT,BRITISH AIRWAYS PLC,D,S, 29 , 0 , 58.6206896551724 , 13.7931034482759 , 13.7931034482759 , 10.3448275862069 , 3.44827586206897 , 0 , 32.551724137931 , 0 , 29 , 62.0689655172414 , 24.4827586206897 
31-Jan-2006 10:28,200511,HEATHROW,USA,HOUSTON,BRITISH AIRWAYS PLC,A,S, 30 , 0 , 70 , 16.6666666666667 , 6.66666666666667 , 6.66666666666667 , 0 , 0 , 14.4666666666667 , 0 , 30 , 63.3333333333333 , 65.0333333333333 
31-Jan-2006 10:28,200511,HEATHROW,USA,HOUSTON,BRITISH AIRWAYS PLC,D,S, 30 , 0 , 70 , 13.3333333333333 , 10 , 6.66666666666667 , 0 , 0 , 15.7333333333333 , 0 , 30 , 76.6666666666667 , 13.1666666666667 
31-Jan-2006 10:28,200511,HEATHROW,USA,LOS ANGELES INTERNATIONAL,AMERICAN AIRLINES,A,S, 28 , 0 , 92.8571428571429 , 0 , 3.57142857142857 , 3.57142857142857 , 0 , 0 , 7.78571428571429 , 0 , 29 , 89.6551724137931 , 12.6206896551724 
31-Jan-2006 10:28,200511,HEATHROW,USA,LOS ANGELES INTERNATIONAL,AMERICAN AIRLINES,D,S, 29 , 0 , 79.3103448275862 , 13.7931034482759 , 6.89655172413793 , 0 , 0 , 0 , 11.1724137931034 , 0 , 29 , 89.6551724137931 , 6.75862068965517 
31-Jan-2006 10:28,200511,HEATHROW,USA,LOS ANGELES INTERNATIONAL,BRITISH AIRWAYS PLC,A,S, 60 , 0 , 80 , 13.3333333333333 , 1.66666666666667 , 5 , 0 , 0 , 11.1166666666667 , 0 , 60 , 80 , 51.1166666666667 
31-Jan-2006 10:28,200511,HEATHROW,USA,LOS ANGELES INTERNATIONAL,BRITISH AIRWAYS PLC,D,S, 60 , 0 , 46.6666666666667 , 31.6666666666667 , 16.6666666666667 , 5 , 0 , 0 , 23.4833333333333 , 0 , 60 , 46.6666666666667 , 22.8333333333333 
31-Jan-2006 10:28,200511,HEATHROW,USA,LOS ANGELES INTERNATIONAL,UNITED AIRLINES,A,S, 30 , 0 , 86.6666666666667 , 10 , 3.33333333333333 , 0 , 0 , 0 , 4.26666666666667 , 0 , 30 , 83.3333333333333 , 8.46666666666667 
31-Jan-2006 10:28,200511,HEATHROW,USA,LOS ANGELES INTERNATIONAL,UNITED AIRLINES,D,S, 30 , 0 , 93.3333333333333 , 3.33333333333333 , 3.33333333333333 , 0 , 0 , 0 , 5.83333333333333 , 0 , 30 , 86.6666666666667 , 16.3666666666667 
31-Jan-2006 10:28,200511,HEATHROW,USA,LOS ANGELES INTERNATIONAL,VIRGIN ATLANTIC AIRWAYS LTD,A,S, 60 , 0 , 80 , 11.6666666666667 , 6.66666666666667 , 1.66666666666667 , 0 , 0 , 9.86666666666667 , 0 , 60 , 76.6666666666667 , 12.2 
31-Jan-2006 10:28,200511,HEATHROW,USA,LOS ANGELES INTERNATIONAL,VIRGIN ATLANTIC AIRWAYS LTD,D,S, 60 , 0 , 61.6666666666667 , 28.3333333333333 , 8.33333333333333 , 1.66666666666667 , 0 , 0 , 12.9 , 0 , 60 , 46.6666666666667 , 24.2166666666667 
31-Jan-2006 10:28,200511,HEATHROW,USA,MIAMI INTERNATIONAL,AMERICAN AIRLINES,A,S, 37 , 0 , 45.9459459459459 , 27.027027027027 , 13.5135135135135 , 10.8108108108108 , 2.7027027027027 , 0 , 27.972972972973 , 0 , 39 , 56.4102564102564 , 25.5897435897436 
31-Jan-2006 10:28,200511,HEATHROW,USA,MIAMI INTERNATIONAL,AMERICAN AIRLINES,D,S, 38 , 0 , 73.6842105263158 , 15.7894736842105 , 7.89473684210526 , 2.63157894736842 , 0 , 0 , 10.8157894736842 , 0 , 38 , 89.4736842105263 , 5.28947368421053 
31-Jan-2006 10:28,200511,HEATHROW,USA,MIAMI INTERNATIONAL,BRITISH AIRWAYS PLC,A,S, 74 , 0 , 68.9189189189189 , 12.1621621621622 , 12.1621621621622 , 6.75675675675676 , 0 , 0 , 18.3513513513514 , 0 , 60 , 78.3333333333333 , 38.7666666666667 
31-Jan-2006 10:28,200511,HEATHROW,USA,MIAMI INTERNATIONAL,BRITISH AIRWAYS PLC,D,S, 73 , 0 , 12.3287671232877 , 46.5753424657534 , 31.5068493150685 , 9.58904109589041 , 0 , 0 , 34.986301369863 , 0 , 60 , 25 , 39.5833333333333 
31-Jan-2006 10:28,200511,HEATHROW,USA,MIAMI INTERNATIONAL,VIRGIN ATLANTIC AIRWAYS LTD,A,S, 30 , 0 , 33.3333333333333 , 20 , 33.3333333333333 , 13.3333333333333 , 0 , 0 , 32.2 , 0 , 30 , 63.3333333333333 , 13.7 
31-Jan-2006 10:28,200511,HEATHROW,USA,MIAMI INTERNATIONAL,VIRGIN ATLANTIC AIRWAYS LTD,D,S, 30 , 0 , 56.6666666666667 , 33.3333333333333 , 10 , 0 , 0 , 0 , 15.2 , 0 , 30 , 30 , 27.6 
31-Jan-2006 10:28,200511,HEATHROW,USA,NEW YORK (JF KENNEDY),AIR INDIA,A,S, 30 , 0 , 26.6666666666667 , 23.3333333333333 , 36.6666666666667 , 13.3333333333333 , 0 , 0 , 35.3333333333333 , 0 , 30 , 40 , 49.4666666666667 
31-Jan-2006 10:28,200511,HEATHROW,USA,NEW YORK (JF KENNEDY),AIR INDIA,D,S, 30 , 0 , 36.6666666666667 , 26.6666666666667 , 20 , 16.6666666666667 , 0 , 0 , 32.8333333333333 , 0 , 30 , 53.3333333333333 , 60.4 
31-Jan-2006 10:28,200511,HEATHROW,USA,NEW YORK (JF KENNEDY),AMERICAN AIRLINES,A,S, 172 , 0 , 45.9302325581395 , 19.7674418604651 , 19.7674418604651 , 12.2093023255814 , 1.74418604651163 , 0.581395348837209 , 34.4593023255814 , 0 , 170 , 65.2941176470588 , 16.0352941176471 
31-Jan-2006 10:28,200511,HEATHROW,USA,NEW YORK (JF KENNEDY),AMERICAN AIRLINES,D,S, 170 , 0 , 83.5294117647059 , 12.3529411764706 , 2.94117647058824 , 1.17647058823529 , 0 , 0 , 8.35882352941177 , 0 , 171 , 88.3040935672515 , 6.49122807017544 
31-Jan-2006 10:28,200511,HEATHROW,USA,NEW YORK (JF KENNEDY),BRITISH AIRWAYS PLC,A,S, 204 , 0 , 60.2941176470588 , 17.6470588235294 , 12.7450980392157 , 7.84313725490196 , 1.47058823529412 , 0 , 21.7745098039216 , 0 , 202 , 88.1188118811881 , 6.86633663366337 
31-Jan-2006 10:28,200511,HEATHROW,USA,NEW YORK (JF KENNEDY),BRITISH AIRWAYS PLC,D,S, 204 , 0 , 57.843137254902 , 28.921568627451 , 9.80392156862745 , 3.43137254901961 , 0 , 0 , 17.0833333333333 , 0 , 203 , 73.8916256157635 , 13.5812807881773 
31-Jan-2006 10:28,200511,HEATHROW,USA,NEW YORK (JF KENNEDY),KUWAIT AIRWAYS,A,S, 13 , 0 , 53.8461538461538 , 15.3846153846154 , 30.7692307692308 , 0 , 0 , 0 , 16.5384615384615 , 0 , 12 , 91.6666666666667 , 2.16666666666667 
31-Jan-2006 10:28,200511,HEATHROW,USA,NEW YORK (JF KENNEDY),KUWAIT AIRWAYS,D,S, 13 , 0 , 38.4615384615385 , 23.0769230769231 , 23.0769230769231 , 15.3846153846154 , 0 , 0 , 31.2307692307692 , 0 , 13 , 61.5384615384615 , 14.9230769230769 
31-Jan-2006 10:28,200511,HEATHROW,USA,NEW YORK (JF KENNEDY),ROYAL JORDANIAN,A,S, 0 , 1 , 0 , 0 , 0 , 0 , 0 , 0 , 0 , 0 , 0 , 0 , 0 
31-Jan-2006 10:28,200511,HEATHROW,USA,NEW YORK (JF KENNEDY),UNITED AIRLINES,A,S, 30 , 0 , 73.3333333333333 , 20 , 3.33333333333333 , 3.33333333333333 , 0 , 0 , 11.4666666666667 , 0 , 60 , 86.6666666666667 , 7.46666666666667 
31-Jan-2006 10:28,200511,HEATHROW,USA,NEW YORK (JF KENNEDY),UNITED AIRLINES,D,S, 30 , 0 , 93.3333333333333 , 6.66666666666667 , 0 , 0 , 0 , 0 , 4.83333333333333 , 0 , 59 , 88.135593220339 , 15.2372881355932 
31-Jan-2006 10:28,200511,HEATHROW,USA,NEW YORK (JF KENNEDY),VIRGIN ATLANTIC AIRWAYS LTD,A,S, 90 , 0 , 47.7777777777778 , 22.2222222222222 , 22.2222222222222 , 7.77777777777778 , 0 , 0 , 22.2888888888889 , 0 , 89 , 75.2808988764045 , 15.5168539325843 
31-Jan-2006 10:28,200511,HEATHROW,USA,NEW YORK (JF KENNEDY),VIRGIN ATLANTIC AIRWAYS LTD,D,S, 90 , 0 , 64.4444444444444 , 26.6666666666667 , 5.55555555555556 , 3.33333333333333 , 0 , 0 , 14.3444444444444 , 0 , 89 , 39.3258426966292 , 24.2921348314607 
31-Jan-2006 10:28,200511,HEATHROW,USA,NEW YORK (NEWARK),BRITISH AIRWAYS PLC,A,S, 78 , 0 , 80.7692307692308 , 16.6666666666667 , 1.28205128205128 , 1.28205128205128 , 0 , 0 , 9.55128205128205 , 0 , 60 , 86.6666666666667 , 6.1 
31-Jan-2006 10:28,200511,HEATHROW,USA,NEW YORK (NEWARK),BRITISH AIRWAYS PLC,D,S, 78 , 0 , 66.6666666666667 , 16.6666666666667 , 15.3846153846154 , 1.28205128205128 , 0 , 0 , 14.9871794871795 , 0 , 60 , 85 , 9.55 
31-Jan-2006 10:28,200511,HEATHROW,USA,NEW YORK (NEWARK),VIRGIN ATLANTIC AIRWAYS LTD,A,S, 57 , 0 , 63.1578947368421 , 19.2982456140351 , 12.280701754386 , 3.50877192982456 , 1.75438596491228 , 0 , 19.4385964912281 , 0 , 56 , 62.5 , 16.4642857142857 
31-Jan-2006 10:28,200511,HEATHROW,USA,NEW YORK (NEWARK),VIRGIN ATLANTIC AIRWAYS LTD,D,S, 57 , 0 , 57.8947368421053 , 22.8070175438596 , 7.01754385964912 , 10.5263157894737 , 1.75438596491228 , 0 , 25.3333333333333 , 0 , 55 , 56.3636363636364 , 19.5636363636364 
31-Jan-2006 10:28,200511,HEATHROW,USA,PHILADELPHIA INTERNATIONAL,BRITISH AIRWAYS PLC,A,S, 58 , 0 , 81.0344827586207 , 10.3448275862069 , 5.17241379310345 , 3.44827586206897 , 0 , 0 , 9.37931034482759 , 0 , 59 , 84.7457627118644 , 6.89830508474576 
31-Jan-2006 10:28,200511,HEATHROW,USA,PHILADELPHIA INTERNATIONAL,BRITISH AIRWAYS PLC,D,S, 58 , 0 , 68.9655172413793 , 20.6896551724138 , 5.17241379310345 , 5.17241379310345 , 0 , 0 , 15.0862068965517 , 0 , 59 , 81.3559322033898 , 10.1525423728814 
31-Jan-2006 10:28,200511,HEATHROW,USA,PHOENIX,BRITISH AIRWAYS PLC,A,S, 25 , 0 , 72 , 16 , 8 , 0 , 4 , 0 , 17.04 , 0 , 25 , 88 , 12.36 
31-Jan-2006 10:28,200511,HEATHROW,USA,PHOENIX,BRITISH AIRWAYS PLC,D,S, 24 , 0 , 25 , 62.5 , 12.5 , 0 , 0 , 0 , 21.9583333333333 , 0 , 25 , 44 , 41.44 
31-Jan-2006 10:28,200511,HEATHROW,USA,SAN FRANCISCO,BRITISH AIRWAYS PLC,A,S, 57 , 0 , 92.9824561403509 , 5.26315789473684 , 1.75438596491228 , 0 , 0 , 0 , 2.98245614035088 , 0 , 57 , 94.7368421052632 , 4.7719298245614 
31-Jan-2006 10:28,200511,HEATHROW,USA,SAN FRANCISCO,BRITISH AIRWAYS PLC,D,S, 57 , 0 , 63.1578947368421 , 15.7894736842105 , 14.0350877192982 , 7.01754385964912 , 0 , 0 , 19.5087719298246 , 0 , 57 , 68.4210526315789 , 18.4035087719298 
31-Jan-2006 10:28,200511,HEATHROW,USA,SAN FRANCISCO,UNITED AIRLINES,A,S, 60 , 0 , 88.3333333333333 , 8.33333333333333 , 0 , 3.33333333333333 , 0 , 0 , 5.36666666666667 , 0 , 60 , 88.3333333333333 , 5.78333333333333 
31-Jan-2006 10:28,200511,HEATHROW,USA,SAN FRANCISCO,UNITED AIRLINES,D,S, 60 , 0 , 83.3333333333333 , 11.6666666666667 , 5 , 0 , 0 , 0 , 8.36666666666667 , 0 , 60 , 93.3333333333333 , 4.23333333333333 
31-Jan-2006 10:28,200511,HEATHROW,USA,SAN FRANCISCO,VIRGIN ATLANTIC AIRWAYS LTD,A,S, 30 , 0 , 86.6666666666667 , 10 , 3.33333333333333 , 0 , 0 , 0 , 4.2 , 0 , 30 , 70 , 10.3333333333333 
31-Jan-2006 10:28,200511,HEATHROW,USA,SAN FRANCISCO,VIRGIN ATLANTIC AIRWAYS LTD,D,S, 30 , 0 , 66.6666666666667 , 20 , 13.3333333333333 , 0 , 0 , 0 , 13.9333333333333 , 0 , 30 , 66.6666666666667 , 12.3666666666667 
31-Jan-2006 10:28,200511,HEATHROW,USA,SEATTLE (TACOMA),BRITISH AIRWAYS PLC,A,S, 30 , 0 , 93.3333333333333 , 6.66666666666667 , 0 , 0 , 0 , 0 , 1.7 , 0 , 30 , 96.6666666666667 , 7 
31-Jan-2006 10:28,200511,HEATHROW,USA,SEATTLE (TACOMA),BRITISH AIRWAYS PLC,D,S, 30 , 0 , 36.6666666666667 , 40 , 16.6666666666667 , 6.66666666666667 , 0 , 0 , 26.0333333333333 , 0 , 30 , 56.6666666666667 , 26.3 
31-Jan-2006 10:28,200511,HEATHROW,USA,WASHINGTON (DULLES),BRITISH AIRWAYS PLC,A,S, 59 , 0 , 74.5762711864407 , 16.9491525423729 , 6.77966101694915 , 1.69491525423729 , 0 , 0 , 10.2203389830508 , 0 , 81 , 85.1851851851852 , 7.24691358024691 
31-Jan-2006 10:28,200511,HEATHROW,USA,WASHINGTON (DULLES),BRITISH AIRWAYS PLC,D,S, 59 , 0 , 66.1016949152542 , 18.6440677966102 , 5.08474576271186 , 10.1694915254237 , 0 , 0 , 21.8813559322034 , 0 , 80 , 78.75 , 11.925 
31-Jan-2006 10:28,200511,HEATHROW,USA,WASHINGTON (DULLES),UNITED AIRLINES,A,S, 90 , 0 , 84.4444444444444 , 5.55555555555556 , 5.55555555555556 , 3.33333333333333 , 1.11111111111111 , 0 , 11.9666666666667 , 0 , 90 , 71.1111111111111 , 13.6222222222222 
31-Jan-2006 10:28,200511,HEATHROW,USA,WASHINGTON (DULLES),UNITED AIRLINES,D,S, 90 , 0 , 78.8888888888889 , 12.2222222222222 , 4.44444444444444 , 4.44444444444444 , 0 , 0 , 11.8444444444444 , 0 , 90 , 74.4444444444444 , 16.6888888888889 
31-Jan-2006 10:28,200511,HEATHROW,USA,WASHINGTON (DULLES),VIRGIN ATLANTIC AIRWAYS LTD,A,S, 30 , 0 , 43.3333333333333 , 20 , 23.3333333333333 , 13.3333333333333 , 0 , 0 , 26.8 , 0 , 30 , 46.6666666666667 , 21.7333333333333 
31-Jan-2006 10:28,200511,HEATHROW,USA,WASHINGTON (DULLES),VIRGIN ATLANTIC AIRWAYS LTD,D,S, 30 , 0 , 83.3333333333333 , 10 , 3.33333333333333 , 3.33333333333333 , 0 , 0 , 10.6666666666667 , 0 , 30 , 53.3333333333333 , 25.4666666666667 
31-Jan-2006 10:28,200511,HEATHROW,UZBEKISTAN,TASHKENT,BMED,A,S, 12 , 4 , 75 , 8.33333333333333 , 8.33333333333333 , 8.33333333333333 , 0 , 0 , 13.3333333333333 , 0 , 13 , 61.5384615384615 , 10.9230769230769 
31-Jan-2006 10:28,200511,HEATHROW,UZBEKISTAN,TASHKENT,BMED,D,S, 16 , 0 , 25 , 12.5 , 31.25 , 31.25 , 0 , 0 , 44.4375 , 0 , 12 , 50 , 24.25 
31-Jan-2006 10:28,200511,HEATHROW,UZBEKISTAN,TASHKENT,UZBEKISTAN AIRLINES,A,S, 14 , 2 , 78.5714285714286 , 0 , 14.2857142857143 , 7.14285714285714 , 0 , 0 , 13.2857142857143 , 2 , 17 , 52.9411764705882 , 58.8235294117647 
31-Jan-2006 10:28,200511,HEATHROW,UZBEKISTAN,TASHKENT,UZBEKISTAN AIRLINES,D,S, 14 , 1 , 42.8571428571429 , 35.7142857142857 , 7.14285714285714 , 14.2857142857143 , 0 , 0 , 22.0714285714286 , 2 , 17 , 35.2941176470588 , 64 
31-Jan-2006 10:28,200511,HEATHROW,ZAMBIA,LUSAKA,BRITISH AIRWAYS PLC,A,S, 13 , 0 , 69.2307692307692 , 15.3846153846154 , 7.69230769230769 , 7.69230769230769 , 0 , 0 , 14.2307692307692 , 0 , 13 , 84.6153846153846 , 4.15384615384615 
31-Jan-2006 10:28,200511,HEATHROW,ZAMBIA,LUSAKA,BRITISH AIRWAYS PLC,D,S, 13 , 0 , 38.4615384615385 , 15.3846153846154 , 38.4615384615385 , 7.69230769230769 , 0 , 0 , 31.5384615384615 , 0 , 13 , 46.1538461538462 , 20.3076923076923 
31-Jan-2006 10:28,200511,HEATHROW,ZIMBABWE,HARARE,BRITISH AIRWAYS PLC,A,S, 13 , 0 , 84.6153846153846 , 0 , 15.3846153846154 , 0 , 0 , 0 , 6.38461538461539 , 0 , 12 , 83.3333333333333 , 11.6666666666667 
31-Jan-2006 10:28,200511,HEATHROW,ZIMBABWE,HARARE,BRITISH AIRWAYS PLC,D,S, 13 , 0 , 61.5384615384615 , 30.7692307692308 , 0 , 7.69230769230769 , 0 , 0 , 15.1538461538462 , 0 , 13 , 23.0769230769231 , 34.7692307692308 
31-Jan-2006 10:28,200511,LONDON CITY,BELGIUM,ANTWERP,VLM (BELGIUM),A,S, 142 , 0 , 85.2112676056338 , 7.74647887323944 , 4.92957746478873 , 1.40845070422535 , 0.704225352112676 , 0 , 8.37323943661972 , 3 , 139 , 85.6115107913669 , 8.1294964028777 
31-Jan-2006 10:28,200511,LONDON CITY,BELGIUM,ANTWERP,VLM (BELGIUM),D,S, 139 , 0 , 80.5755395683453 , 10.7913669064748 , 7.19424460431655 , 1.43884892086331 , 0 , 0 , 10.1151079136691 , 6 , 139 , 75.5395683453237 , 11.4532374100719 
31-Jan-2006 10:28,200511,LONDON CITY,BELGIUM,BRUSSELS,VLM (BELGIUM),A,S, 131 , 0 , 77.8625954198473 , 14.5038167938931 , 3.81679389312977 , 3.05343511450382 , 0.763358778625954 , 0 , 12.3587786259542 , 4 , 111 , 73.8738738738739 , 10.8918918918919 
31-Jan-2006 10:28,200511,LONDON CITY,BELGIUM,BRUSSELS,VLM (BELGIUM),D,S, 129 , 0 , 81.3953488372093 , 11.6279069767442 , 3.10077519379845 , 3.87596899224806 , 0 , 0 , 11.4651162790698 , 5 , 112 , 80.3571428571429 , 9.41071428571429 
31-Jan-2006 10:28,200511,LONDON CITY,DENMARK,COPENHAGEN,SAS,A,S, 50 , 0 , 94 , 4 , 2 , 0 , 0 , 0 , 2.86 , 0 , 0 , 0 , 0 
31-Jan-2006 10:28,200511,LONDON CITY,DENMARK,COPENHAGEN,SAS,D,S, 49 , 0 , 51.0204081632653 , 34.6938775510204 , 12.2448979591837 , 2.04081632653061 , 0 , 0 , 18.5714285714286 , 1 , 0 , 0 , 0 
31-Jan-2006 10:28,200511,LONDON CITY,FRANCE,PARIS (CHARLES DE GAULLE),CITY JET,A,S, 25 , 0 , 96 , 0 , 0 , 4 , 0 , 0 , 4.64 , 0 , 26 , 88.4615384615385 , 6.61538461538462 
31-Jan-2006 10:28,200511,LONDON CITY,FRANCE,PARIS (CHARLES DE GAULLE),CITY JET,D,S, 20 , 0 , 35 , 30 , 20 , 15 , 0 , 0 , 34.65 , 0 , 22 , 59.0909090909091 , 19.5909090909091 
31-Jan-2006 10:28,200511,LONDON CITY,FRANCE,PARIS (LE BOURGET),AERO SERVICES EXECUTIVE,A,C, 0 , 1 , 0 , 0 , 0 , 0 , 0 , 0 , 0 , 0 , 0 , 0 , 0 
31-Jan-2006 10:28,200511,LONDON CITY,FRANCE,PARIS (LE BOURGET),AERO SERVICES EXECUTIVE,D,C, 0 , 2 , 0 , 0 , 0 , 0 , 0 , 0 , 0 , 0 , 0 , 0 , 0 
31-Jan-2006 10:28,200511,LONDON CITY,FRANCE,PARIS (ORLY),CITY JET,A,S, 118 , 0 , 76.271186440678 , 14.4067796610169 , 5.08474576271186 , 4.23728813559322 , 0 , 0 , 12.3983050847458 , 0 , 102 , 87.2549019607843 , 7.50980392156863 
31-Jan-2006 10:28,200511,LONDON CITY,FRANCE,PARIS (ORLY),CITY JET,D,S, 122 , 0 , 66.3934426229508 , 13.9344262295082 , 9.83606557377049 , 9.83606557377049 , 0 , 0 , 20.2377049180328 , 0 , 106 , 66.9811320754717 , 13.5283018867925 
31-Jan-2006 10:28,200511,LONDON CITY,GERMANY,BREMEN,OLTOSTFRIESISCHE LUFTTRANSPORT,A,S, 46 , 0 , 32.6086956521739 , 39.1304347826087 , 19.5652173913043 , 6.52173913043478 , 2.17391304347826 , 0 , 29.6739130434783 , 2 , 47 , 95.7446808510638 , 2.78723404255319 
31-Jan-2006 10:28,200511,LONDON CITY,GERMANY,BREMEN,OLTOSTFRIESISCHE LUFTTRANSPORT,D,S, 46 , 0 , 39.1304347826087 , 28.2608695652174 , 23.9130434782609 , 6.52173913043478 , 2.17391304347826 , 0 , 31.3478260869565 , 2 , 47 , 91.4893617021277 , 5.04255319148936 
31-Jan-2006 10:28,200511,LONDON CITY,GERMANY,DUSSELDORF,EAE EUROPEAN AIR EXPRESS,A,S, 0 , 0 , 0 , 0 , 0 , 0 , 0 , 0 , 0 , 0 , 40 , 72.5 , 21.675 
31-Jan-2006 10:28,200511,LONDON CITY,GERMANY,DUSSELDORF,EAE EUROPEAN AIR EXPRESS,D,S, 0 , 0 , 0 , 0 , 0 , 0 , 0 , 0 , 0 , 0 , 40 , 62.5 , 26.1 
31-Jan-2006 10:28,200511,LONDON CITY,GERMANY,DUSSELDORF,EUROWINGS LUFTVERKEHRS,A,S, 44 , 0 , 84.0909090909091 , 9.09090909090909 , 4.54545454545455 , 2.27272727272727 , 0 , 0 , 7.90909090909091 , 0 , 0 , 0 , 0 
31-Jan-2006 10:28,200511,LONDON CITY,GERMANY,DUSSELDORF,EUROWINGS LUFTVERKEHRS,D,S, 44 , 0 , 54.5454545454545 , 25 , 15.9090909090909 , 4.54545454545455 , 0 , 0 , 20 , 0 , 0 , 0 , 0 
31-Jan-2006 10:28,200511,LONDON CITY,GERMANY,FRANKFURT MAIN,AUGSBURG AIRWAYS GMBH,A,S, 66 , 0 , 83.3333333333333 , 7.57575757575758 , 7.57575757575758 , 1.51515151515152 , 0 , 0 , 9.10606060606061 , 0 , 68 , 86.7647058823529 , 7.60294117647059 
31-Jan-2006 10:28,200511,LONDON CITY,GERMANY,FRANKFURT MAIN,AUGSBURG AIRWAYS GMBH,D,S, 66 , 0 , 59.0909090909091 , 22.7272727272727 , 16.6666666666667 , 1.51515151515152 , 0 , 0 , 19.4090909090909 , 0 , 68 , 51.4705882352941 , 24.8382352941176 
31-Jan-2006 10:28,200511,LONDON CITY,GERMANY,FRANKFURT MAIN,BRITISH AIRWAYS CITIEXPRESS LTD,A,S, 64 , 0 , 96.875 , 1.5625 , 1.5625 , 0 , 0 , 0 , 2.296875 , 0 , 67 , 74.6268656716418 , 12.2388059701493 
31-Jan-2006 10:28,200511,LONDON CITY,GERMANY,FRANKFURT MAIN,BRITISH AIRWAYS CITIEXPRESS LTD,D,S, 66 , 0 , 60.6060606060606 , 27.2727272727273 , 9.09090909090909 , 3.03030303030303 , 0 , 0 , 17.7575757575758 , 0 , 68 , 41.1764705882353 , 30.9117647058824 
31-Jan-2006 10:28,200511,LONDON CITY,GERMANY,MUNICH,CIRRUS LUFTFAHRT,A,S, 36 , 0 , 50 , 27.7777777777778 , 19.4444444444444 , 2.77777777777778 , 0 , 0 , 17.5555555555556 , 7 , 43 , 74.4186046511628 , 11.6511627906977 
31-Jan-2006 10:28,200511,LONDON CITY,GERMANY,MUNICH,CIRRUS LUFTFAHRT,D,S, 36 , 0 , 8.33333333333333 , 52.7777777777778 , 27.7777777777778 , 11.1111111111111 , 0 , 0 , 33.9722222222222 , 7 , 44 , 45.4545454545455 , 22.6818181818182 
31-Jan-2006 10:28,200511,LONDON CITY,IRISH REPUBLIC,DUBLIN,CITY JET,A,S, 114 , 0 , 84.2105263157895 , 8.7719298245614 , 3.50877192982456 , 3.50877192982456 , 0 , 0 , 9.37719298245614 , 0 , 121 , 95.0413223140496 , 4.6198347107438 
31-Jan-2006 10:28,200511,LONDON CITY,IRISH REPUBLIC,DUBLIN,CITY JET,D,S, 114 , 0 , 65.7894736842105 , 18.4210526315789 , 11.4035087719298 , 4.3859649122807 , 0 , 0 , 17.1491228070175 , 0 , 122 , 72.1311475409836 , 11.9262295081967 
31-Jan-2006 10:28,200511,LONDON CITY,LUXEMBOURG,LUXEMBOURG,LUXAIR,A,S, 94 , 0 , 88.2978723404255 , 7.4468085106383 , 3.19148936170213 , 1.06382978723404 , 0 , 0 , 6.23404255319149 , 2 , 74 , 78.3783783783784 , 16.4459459459459 
31-Jan-2006 10:28,200511,LONDON CITY,LUXEMBOURG,LUXEMBOURG,LUXAIR,D,S, 94 , 0 , 77.6595744680851 , 13.8297872340426 , 6.38297872340426 , 2.12765957446809 , 0 , 0 , 9.79787234042553 , 2 , 74 , 58.1081081081081 , 25.1351351351351 
31-Jan-2006 10:28,200511,LONDON CITY,LUXEMBOURG,LUXEMBOURG,VLM (BELGIUM),A,S, 71 , 0 , 88.7323943661972 , 8.45070422535211 , 0 , 1.40845070422535 , 1.40845070422535 , 0 , 9.12676056338028 , 3 , 74 , 78.3783783783784 , 13.0675675675676 
31-Jan-2006 10:28,200511,LONDON CITY,LUXEMBOURG,LUXEMBOURG,VLM (BELGIUM),D,S, 73 , 0 , 75.3424657534246 , 16.4383561643836 , 2.73972602739726 , 4.10958904109589 , 1.36986301369863 , 0 , 15.7260273972603 , 1 , 74 , 58.1081081081081 , 19.1216216216216 
31-Jan-2006 10:28,200511,LONDON CITY,NETHERLANDS,AMSTERDAM,KLM CITYHOPPER,A,S, 164 , 0 , 87.1951219512195 , 6.70731707317073 , 2.4390243902439 , 3.65853658536585 , 0 , 0 , 7.71951219512195 , 0 , 142 , 88.7323943661972 , 6.69014084507042 
31-Jan-2006 10:28,200511,LONDON CITY,NETHERLANDS,AMSTERDAM,KLM CITYHOPPER,D,S, 164 , 0 , 65.8536585365854 , 17.6829268292683 , 11.5853658536585 , 4.8780487804878 , 0 , 0 , 18 , 0 , 142 , 62.6760563380282 , 22.5 
31-Jan-2006 10:28,200511,LONDON CITY,NETHERLANDS,AMSTERDAM,VLM (BELGIUM),A,S, 85 , 0 , 85.8823529411765 , 5.88235294117647 , 5.88235294117647 , 1.17647058823529 , 1.17647058823529 , 0 , 8.76470588235294 , 3 , 0 , 0 , 0 
31-Jan-2006 10:28,200511,LONDON CITY,NETHERLANDS,AMSTERDAM,VLM (BELGIUM),D,S, 84 , 0 , 71.4285714285714 , 14.2857142857143 , 11.9047619047619 , 2.38095238095238 , 0 , 0 , 13.5952380952381 , 3 , 0 , 0 , 0 
31-Jan-2006 10:28,200511,LONDON CITY,NETHERLANDS,ROTTERDAM,VLM (BELGIUM),A,S, 175 , 0 , 94.2857142857143 , 1.71428571428571 , 1.14285714285714 , 2.28571428571429 , 0.571428571428571 , 0 , 6.12 , 6 , 159 , 96.8553459119497 , 3.06918238993711 
31-Jan-2006 10:28,200511,LONDON CITY,NETHERLANDS,ROTTERDAM,VLM (BELGIUM),D,S, 175 , 0 , 88 , 6.28571428571429 , 2.28571428571429 , 3.42857142857143 , 0 , 0 , 9.32 , 6 , 159 , 83.0188679245283 , 8.15094339622642 
31-Jan-2006 10:28,200511,LONDON CITY,SWITZERLAND,BASLE MULHOUSE,SWISS AIRLINES,A,S, 74 , 1 , 95.9459459459459 , 1.35135135135135 , 1.35135135135135 , 1.35135135135135 , 0 , 0 , 2.14864864864865 , 0 , 78 , 93.5897435897436 , 4.44871794871795 
31-Jan-2006 10:28,200511,LONDON CITY,SWITZERLAND,BASLE MULHOUSE,SWISS AIRLINES,D,S, 73 , 0 , 78.0821917808219 , 10.958904109589 , 2.73972602739726 , 8.21917808219178 , 0 , 0 , 13.4657534246575 , 0 , 78 , 76.9230769230769 , 11.5384615384615 
31-Jan-2006 10:28,200511,LONDON CITY,SWITZERLAND,GENEVA,BRITISH AIRWAYS CITIEXPRESS LTD,A,S, 63 , 0 , 96.8253968253968 , 0 , 1.58730158730159 , 1.58730158730159 , 0 , 0 , 2.71428571428571 , 0 , 67 , 92.5373134328358 , 5.38805970149254 
31-Jan-2006 10:28,200511,LONDON CITY,SWITZERLAND,GENEVA,BRITISH AIRWAYS CITIEXPRESS LTD,D,S, 65 , 0 , 53.8461538461538 , 20 , 20 , 6.15384615384615 , 0 , 0 , 21.6769230769231 , 0 , 66 , 74.2424242424242 , 16.6969696969697 
31-Jan-2006 10:28,200511,LONDON CITY,SWITZERLAND,GENEVA,SWISS AIRLINES,A,S, 101 , 0 , 82.1782178217822 , 7.92079207920792 , 7.92079207920792 , 1.98019801980198 , 0 , 0 , 8.57425742574257 , 0 , 104 , 91.3461538461539 , 4.55769230769231 
31-Jan-2006 10:28,200511,LONDON CITY,SWITZERLAND,GENEVA,SWISS AIRLINES,D,S, 101 , 0 , 53.4653465346535 , 32.6732673267327 , 8.91089108910891 , 4.95049504950495 , 0 , 0 , 17.7920792079208 , 0 , 104 , 62.5 , 14.8942307692308 
31-Jan-2006 10:28,200511,LONDON CITY,SWITZERLAND,GENEVA,VLM (BELGIUM),D,S, 0 , 1 , 0 , 0 , 0 , 0 , 0 , 0 , 0 , 0 , 0 , 0 , 0 
31-Jan-2006 10:28,200511,LONDON CITY,SWITZERLAND,ZURICH,SWISS AIRLINES,A,S, 142 , 0 , 84.5070422535211 , 7.04225352112676 , 5.63380281690141 , 2.8169014084507 , 0 , 0 , 7.58450704225352 , 0 , 128 , 91.40625 , 4.0859375 
31-Jan-2006 10:28,200511,LONDON CITY,SWITZERLAND,ZURICH,SWISS AIRLINES,D,S, 143 , 0 , 62.9370629370629 , 22.3776223776224 , 12.5874125874126 , 2.0979020979021 , 0 , 0 , 15.3356643356643 , 0 , 128 , 55.46875 , 15.9609375 
31-Jan-2006 10:28,200511,LONDON CITY,UNITED KINGDOM,BELFAST CITY,FLYBE LTD,A,S, 0 , 0 , 0 , 0 , 0 , 0 , 0 , 0 , 0 , 0 , 51 , 92.156862745098 , 5.76470588235294 
31-Jan-2006 10:28,200511,LONDON CITY,UNITED KINGDOM,BELFAST CITY,FLYBE LTD,D,S, 0 , 0 , 0 , 0 , 0 , 0 , 0 , 0 , 0 , 0 , 51 , 72.5490196078431 , 20.2352941176471 
31-Jan-2006 10:28,200511,LONDON CITY,UNITED KINGDOM,BIRMINGHAM,AERO SERVICES EXECUTIVE,A,C, 0 , 1 , 0 , 0 , 0 , 0 , 0 , 0 , 0 , 0 , 0 , 0 , 0 
31-Jan-2006 10:28,200511,LONDON CITY,UNITED KINGDOM,DUNDEE,SCOT AIRWAYS,A,S, 97 , 0 , 72.1649484536082 , 20.6185567010309 , 4.12371134020619 , 3.09278350515464 , 0 , 0 , 12.4639175257732 , 3 , 98 , 80.6122448979592 , 10.5816326530612 
31-Jan-2006 10:28,200511,LONDON CITY,UNITED KINGDOM,DUNDEE,SCOT AIRWAYS,D,S, 98 , 0 , 61.2244897959184 , 27.5510204081633 , 7.14285714285714 , 4.08163265306122 , 0 , 0 , 15.7448979591837 , 2 , 98 , 74.4897959183673 , 16.8061224489796 
31-Jan-2006 10:28,200511,LONDON CITY,UNITED KINGDOM,EDINBURGH,BRITISH AIRWAYS CITIEXPRESS LTD,A,S, 117 , 0 , 78.6324786324786 , 13.6752136752137 , 3.41880341880342 , 4.27350427350427 , 0 , 0 , 11.5726495726496 , 0 , 70 , 92.8571428571429 , 4.74285714285714 
31-Jan-2006 10:28,200511,LONDON CITY,UNITED KINGDOM,EDINBURGH,BRITISH AIRWAYS CITIEXPRESS LTD,D,S, 116 , 0 , 59.4827586206897 , 21.551724137931 , 12.9310344827586 , 5.17241379310345 , 0.862068965517241 , 0 , 22.4741379310345 , 0 , 70 , 71.4285714285714 , 13.9428571428571 
31-Jan-2006 10:28,200511,LONDON CITY,UNITED KINGDOM,EDINBURGH,SCOT AIRWAYS,A,S, 204 , 0 , 80.8823529411765 , 12.7450980392157 , 1.47058823529412 , 4.41176470588235 , 0.490196078431373 , 0 , 11.6421568627451 , 14 , 208 , 76.9230769230769 , 10.5480769230769 
31-Jan-2006 10:28,200511,LONDON CITY,UNITED KINGDOM,EDINBURGH,SCOT AIRWAYS,D,S, 204 , 0 , 75.9803921568627 , 16.1764705882353 , 4.90196078431373 , 2.94117647058824 , 0 , 0 , 10.2401960784314 , 14 , 210 , 82.3809523809524 , 8.8 
31-Jan-2006 10:28,200511,LONDON CITY,UNITED KINGDOM,ISLE OF MAN,EUROMANX GMBH,A,S, 75 , 0 , 94.6666666666667 , 4 , 0 , 1.33333333333333 , 0 , 0 , 4.04 , 0 , 0 , 0 , 0 
31-Jan-2006 10:28,200511,LONDON CITY,UNITED KINGDOM,ISLE OF MAN,EUROMANX GMBH,D,S, 76 , 0 , 75 , 17.1052631578947 , 5.26315789473684 , 2.63157894736842 , 0 , 0 , 13.7236842105263 , 0 , 0 , 0 , 0 
31-Jan-2006 10:28,200511,LONDON CITY,UNITED KINGDOM,ISLE OF MAN,FLYBE LTD,A,S, 0 , 0 , 0 , 0 , 0 , 0 , 0 , 0 , 0 , 0 , 26 , 84.6153846153846 , 7.80769230769231 
31-Jan-2006 10:28,200511,LONDON CITY,UNITED KINGDOM,ISLE OF MAN,FLYBE LTD,D,S, 0 , 0 , 0 , 0 , 0 , 0 , 0 , 0 , 0 , 0 , 25 , 80 , 10.8 
31-Jan-2006 10:28,200511,LONDON CITY,UNITED KINGDOM,ISLE OF MAN,VLM (BELGIUM),A,S, 20 , 0 , 85 , 10 , 5 , 0 , 0 , 0 , 5.1 , 1 , 0 , 0 , 0 
31-Jan-2006 10:28,200511,LONDON CITY,UNITED KINGDOM,ISLE OF MAN,VLM (BELGIUM),D,S, 22 , 0 , 59.0909090909091 , 22.7272727272727 , 13.6363636363636 , 0 , 4.54545454545455 , 0 , 23.6818181818182 , 0 , 0 , 0 , 0 
31-Jan-2006 10:28,200511,LONDON CITY,UNITED KINGDOM,JERSEY,VLM (BELGIUM),A,S, 22 , 0 , 95.4545454545455 , 4.54545454545455 , 0 , 0 , 0 , 0 , 1.63636363636364 , 1 , 77 , 97.4025974025974 , 3.5974025974026 
31-Jan-2006 10:28,200511,LONDON CITY,UNITED KINGDOM,JERSEY,VLM (BELGIUM),D,S, 23 , 0 , 47.8260869565217 , 30.4347826086956 , 17.3913043478261 , 0 , 4.34782608695652 , 0 , 28.304347826087 , 0 , 78 , 82.0512820512821 , 9.43589743589744 
31-Jan-2006 10:28,200511,LONDON CITY,UNITED KINGDOM,LEEDS BRADFORD,BMI REGIONAL,A,S, 0 , 0 , 0 , 0 , 0 , 0 , 0 , 0 , 0 , 0 , 91 , 95.6043956043956 , 4.73626373626374 
31-Jan-2006 10:28,200511,LONDON CITY,UNITED KINGDOM,LEEDS BRADFORD,BMI REGIONAL,D,S, 0 , 0 , 0 , 0 , 0 , 0 , 0 , 0 , 0 , 0 , 90 , 81.1111111111111 , 9.3 
31-Jan-2006 10:28,200511,LONDON CITY,UNITED KINGDOM,LIVERPOOL,VLM (BELGIUM),A,S, 116 , 0 , 91.3793103448276 , 5.17241379310345 , 0 , 3.44827586206897 , 0 , 0 , 6.41379310344828 , 6 , 122 , 92.6229508196721 , 5.42622950819672 
31-Jan-2006 10:28,200511,LONDON CITY,UNITED KINGDOM,LIVERPOOL,VLM (BELGIUM),D,S, 115 , 0 , 84.3478260869565 , 9.56521739130435 , 3.47826086956522 , 2.60869565217391 , 0 , 0 , 10.3826086956522 , 7 , 121 , 89.2561983471074 , 6.90082644628099 
31-Jan-2006 10:28,200511,LONDON CITY,UNITED KINGDOM,MANCHESTER,VLM (BELGIUM),A,S, 170 , 0 , 72.3529411764706 , 15.2941176470588 , 10 , 2.35294117647059 , 0 , 0 , 10.8470588235294 , 14 , 221 , 93.6651583710407 , 3.97285067873303 
31-Jan-2006 10:28,200511,LONDON CITY,UNITED KINGDOM,MANCHESTER,VLM (BELGIUM),D,S, 172 , 0 , 62.7906976744186 , 22.093023255814 , 13.3720930232558 , 1.16279069767442 , 0.581395348837209 , 0 , 15.6627906976744 , 12 , 220 , 88.6363636363636 , 6.46818181818182 
31-Jan-2006 10:28,200511,LUTON,BAHRAIN,BAHRAIN,DASNAIR,A,C, 0 , 1 , 0 , 0 , 0 , 0 , 0 , 0 , 0 , 0 , 0 , 0 , 0 
31-Jan-2006 10:28,200511,LUTON,BARBADOS,BRIDGETOWN,METROPIX UK LLP,A,C, 0 , 1 , 0 , 0 , 0 , 0 , 0 , 0 , 0 , 0 , 0 , 0 , 0 
31-Jan-2006 10:28,200511,LUTON,BARBADOS,BRIDGETOWN,THOMSONFLY LTD,D,C, 1 , 0 , 0 , 100 , 0 , 0 , 0 , 0 , 27 , 0 , 0 , 0 , 0 
31-Jan-2006 10:28,200511,LUTON,BELGIUM,ANTWERP,VLM (BELGIUM),A,S, 0 , 1 , 0 , 0 , 0 , 0 , 0 , 0 , 0 , 0 , 0 , 0 , 0 
31-Jan-2006 10:28,200511,LUTON,BELGIUM,BRUSSELS,CITY AIRLINE,A,C, 0 , 1 , 0 , 0 , 0 , 0 , 0 , 0 , 0 , 0 , 0 , 0 , 0 
31-Jan-2006 10:28,200511,LUTON,CYPRUS,LARNACA,CAT AVIATION,A,C, 0 , 1 , 0 , 0 , 0 , 0 , 0 , 0 , 0 , 0 , 0 , 0 , 0 
31-Jan-2006 10:28,200511,LUTON,CYPRUS,LARNACA,HELIOS AIRWAYS LTD,A,S, 26 , 0 , 69.2307692307692 , 11.5384615384615 , 7.69230769230769 , 7.69230769230769 , 0 , 3.84615384615385 , 42.2692307692308 , 2 , 24 , 75 , 25.7083333333333 
31-Jan-2006 10:28,200511,LUTON,CYPRUS,LARNACA,HELIOS AIRWAYS LTD,D,S, 27 , 0 , 48.1481481481481 , 25.9259259259259 , 3.7037037037037 , 22.2222222222222 , 0 , 0 , 30.8148148148148 , 1 , 24 , 70.8333333333333 , 59.5833333333333 
31-Jan-2006 10:28,200511,LUTON,CYPRUS,PAPHOS,FIRST CHOICE AIRWAYS LTD,A,C, 3 , 0 , 100 , 0 , 0 , 0 , 0 , 0 , 0 , 0 , 3 , 100 , 1 
31-Jan-2006 10:28,200511,LUTON,CYPRUS,PAPHOS,FIRST CHOICE AIRWAYS LTD,D,C, 3 , 0 , 100 , 0 , 0 , 0 , 0 , 0 , 0 , 0 , 3 , 100 , 3 
31-Jan-2006 10:28,200511,LUTON,CYPRUS,PAPHOS,THOMSONFLY LTD,A,C, 4 , 0 , 75 , 0 , 25 , 0 , 0 , 0 , 12 , 0 , 8 , 100 , 0.375 
31-Jan-2006 10:28,200511,LUTON,CYPRUS,PAPHOS,THOMSONFLY LTD,D,C, 4 , 0 , 50 , 0 , 25 , 25 , 0 , 0 , 29.25 , 0 , 8 , 100 , 4.5 
31-Jan-2006 10:28,200511,LUTON,CZECH REPUBLIC,PRAGUE,EASYJET AIRLINE COMPANY LTD,A,S, 0 , 1 , 0 , 0 , 0 , 0 , 0 , 0 , 0 , 0 , 0 , 0 , 0 
31-Jan-2006 10:28,200511,LUTON,CZECH REPUBLIC,PRAGUE,TRAVEL SERVICE AIRLINES,A,C, 0 , 1 , 0 , 0 , 0 , 0 , 0 , 0 , 0 , 0 , 0 , 0 , 0 
31-Jan-2006 10:28,200511,LUTON,CZECH REPUBLIC,PRAGUE,TRAVEL SERVICE AIRLINES,D,C, 0 , 1 , 0 , 0 , 0 , 0 , 0 , 0 , 0 , 0 , 0 , 0 , 0 
31-Jan-2006 10:28,200511,LUTON,EGYPT,SHARM EL SHEIKH (OPHIRA),THOMSONFLY LTD,A,C, 4 , 0 , 25 , 0 , 75 , 0 , 0 , 0 , 31.25 , 0 , 4 , 25 , 24.5 
31-Jan-2006 10:28,200511,LUTON,EGYPT,SHARM EL SHEIKH (OPHIRA),THOMSONFLY LTD,D,C, 4 , 0 , 25 , 75 , 0 , 0 , 0 , 0 , 16.75 , 0 , 4 , 100 , 2.5 
31-Jan-2006 10:28,200511,LUTON,FRANCE,DINARD,RYANAIR,A,S, 0 , 0 , 0 , 0 , 0 , 0 , 0 , 0 , 0 , 0 , 30 , 86.6666666666667 , 7.23333333333333 
31-Jan-2006 10:28,200511,LUTON,FRANCE,DINARD,RYANAIR,D,S, 0 , 0 , 0 , 0 , 0 , 0 , 0 , 0 , 0 , 0 , 30 , 76.6666666666667 , 12.5333333333333 
31-Jan-2006 10:28,200511,LUTON,FRANCE,EPINAL,AIRLINAIR,D,C, 1 , 0 , 0 , 0 , 100 , 0 , 0 , 0 , 54 , 0 , 0 , 0 , 0 
31-Jan-2006 10:28,200511,LUTON,FRANCE,GRENOBLE,EASYJET AIRLINE COMPANY LTD,A,S, 30 , 0 , 76.6666666666667 , 13.3333333333333 , 6.66666666666667 , 0 , 3.33333333333333 , 0 , 18.6666666666667 , 0 , 0 , 0 , 0 
31-Jan-2006 10:28,200511,LUTON,FRANCE,GRENOBLE,EASYJET AIRLINE COMPANY LTD,D,S, 30 , 0 , 80 , 16.6666666666667 , 0 , 3.33333333333333 , 0 , 0 , 9.5 , 0 , 0 , 0 , 0 
31-Jan-2006 10:28,200511,LUTON,FRANCE,METZ,FLIGHTLINE LTD,D,C, 1 , 0 , 100 , 0 , 0 , 0 , 0 , 0 , 4 , 0 , 0 , 0 , 0 
31-Jan-2006 10:28,200511,LUTON,FRANCE,NICE,EASYJET AIRLINE COMPANY LTD,A,S, 82 , 0 , 90.2439024390244 , 6.09756097560976 , 2.4390243902439 , 1.21951219512195 , 0 , 0 , 4.80487804878049 , 0 , 82 , 74.390243902439 , 12.9146341463415 
31-Jan-2006 10:28,200511,LUTON,FRANCE,NICE,EASYJET AIRLINE COMPANY LTD,D,S, 82 , 0 , 67.0731707317073 , 28.0487804878049 , 3.65853658536585 , 1.21951219512195 , 0 , 0 , 11.9146341463415 , 0 , 82 , 56.0975609756098 , 17.8780487804878 
31-Jan-2006 10:28,200511,LUTON,FRANCE,NICE,TAG AVIATION SA,A,C, 0 , 1 , 0 , 0 , 0 , 0 , 0 , 0 , 0 , 0 , 0 , 0 , 0 
31-Jan-2006 10:28,200511,LUTON,FRANCE,NIMES,RYANAIR,A,S, 29 , 0 , 96.551724137931 , 0 , 0 , 3.44827586206897 , 0 , 0 , 4.48275862068965 , 1 , 0 , 0 , 0 
31-Jan-2006 10:28,200511,LUTON,FRANCE,NIMES,RYANAIR,D,S, 30 , 0 , 83.3333333333333 , 13.3333333333333 , 0 , 3.33333333333333 , 0 , 0 , 9.56666666666667 , 0 , 0 , 0 , 0 
31-Jan-2006 10:28,200511,LUTON,FRANCE,PARIS (CHARLES DE GAULLE),EASYJET AIRLINE COMPANY LTD,A,S, 97 , 0 , 79.3814432989691 , 6.18556701030928 , 7.21649484536082 , 5.15463917525773 , 2.06185567010309 , 0 , 15.7319587628866 , 0 , 112 , 83.0357142857143 , 10.2946428571429 
31-Jan-2006 10:28,200511,LUTON,FRANCE,PARIS (CHARLES DE GAULLE),EASYJET AIRLINE COMPANY LTD,D,S, 97 , 0 , 67.0103092783505 , 18.5567010309278 , 7.21649484536082 , 6.18556701030928 , 1.03092783505155 , 0 , 18.5567010309278 , 0 , 112 , 77.6785714285714 , 11.4285714285714 
31-Jan-2006 10:28,200511,LUTON,FRANCE,PARIS (LE BOURGET),AERO SERVICES EXECUTIVE,D,C, 0 , 1 , 0 , 0 , 0 , 0 , 0 , 0 , 0 , 0 , 0 , 0 , 0 
31-Jan-2006 10:28,200511,LUTON,FRANCE,PARIS (LE BOURGET),AIR ALSIE,D,C, 0 , 1 , 0 , 0 , 0 , 0 , 0 , 0 , 0 , 0 , 0 , 0 , 0 
31-Jan-2006 10:28,200511,LUTON,FRANCE,PARIS (LE BOURGET),EXECUJET CHARTER AG,A,C, 0 , 2 , 0 , 0 , 0 , 0 , 0 , 0 , 0 , 0 , 0 , 0 , 0 
31-Jan-2006 10:28,200511,LUTON,FRANCE,PARIS (LE BOURGET),HAPAG LLOYD EXPRESS,A,C, 0 , 1 , 0 , 0 , 0 , 0 , 0 , 0 , 0 , 0 , 0 , 0 , 0 
31-Jan-2006 10:28,200511,LUTON,FRANCE,PARIS (LE BOURGET),LUXFLIGHT EXECUTIVE,A,C, 0 , 1 , 0 , 0 , 0 , 0 , 0 , 0 , 0 , 0 , 0 , 0 , 0 
31-Jan-2006 10:28,200511,LUTON,FRANCE,PARIS (LE BOURGET),NETJETS TRANSPORTES AEREOS,D,C, 0 , 1 , 0 , 0 , 0 , 0 , 0 , 0 , 0 , 0 , 0 , 0 , 0 
31-Jan-2006 10:28,200511,LUTON,FRANCE,PARIS (LE BOURGET),SERVIZI AEREI,D,C, 0 , 1 , 0 , 0 , 0 , 0 , 0 , 0 , 0 , 0 , 0 , 0 , 0 
31-Jan-2006 10:28,200511,LUTON,FRANCE,PARIS (LE BOURGET),TAG AVIATION SA,A,C, 0 , 1 , 0 , 0 , 0 , 0 , 0 , 0 , 0 , 0 , 0 , 0 , 0 
31-Jan-2006 10:28,200511,LUTON,FRANCE,PARIS (LE BOURGET),TYROLEAN JET SERVICES,A,C, 0 , 1 , 0 , 0 , 0 , 0 , 0 , 0 , 0 , 0 , 0 , 0 , 0 
31-Jan-2006 10:28,200511,LUTON,GERMANY,BERLIN (SCHONEFELD),EASYJET AIRLINE COMPANY LTD,A,S, 82 , 0 , 85.3658536585366 , 4.8780487804878 , 8.53658536585366 , 1.21951219512195 , 0 , 0 , 7.79268292682927 , 0 , 82 , 89.0243902439024 , 5 
31-Jan-2006 10:28,200511,LUTON,GERMANY,BERLIN (SCHONEFELD),EASYJET AIRLINE COMPANY LTD,D,S, 82 , 0 , 73.1707317073171 , 8.53658536585366 , 13.4146341463415 , 3.65853658536585 , 1.21951219512195 , 0 , 17.8658536585366 , 0 , 82 , 82.9268292682927 , 8.81707317073171 
31-Jan-2006 10:28,200511,LUTON,GERMANY,BREMEN,EASYJET AIRLINE COMPANY LTD,A,S, 29 , 0 , 82.7586206896552 , 10.3448275862069 , 6.89655172413793 , 0 , 0 , 0 , 6.58620689655172 , 1 , 0 , 0 , 0 
31-Jan-2006 10:28,200511,LUTON,GERMANY,BREMEN,EASYJET AIRLINE COMPANY LTD,D,S, 30 , 0 , 53.3333333333333 , 23.3333333333333 , 23.3333333333333 , 0 , 0 , 0 , 18.7666666666667 , 0 , 0 , 0 , 0 
31-Jan-2006 10:28,200511,LUTON,GERMANY,COLOGNE (BONN),NETJETS AVIATION (USA),D,C, 0 , 1 , 0 , 0 , 0 , 0 , 0 , 0 , 0 , 0 , 0 , 0 , 0 
31-Jan-2006 10:28,200511,LUTON,GERMANY,DORTMUND,EASYJET AIRLINE COMPANY LTD,A,S, 52 , 0 , 88.4615384615385 , 1.92307692307692 , 0 , 3.84615384615385 , 5.76923076923077 , 0 , 17.7692307692308 , 0 , 52 , 75 , 12.1153846153846 
31-Jan-2006 10:28,200511,LUTON,GERMANY,DORTMUND,EASYJET AIRLINE COMPANY LTD,D,S, 52 , 0 , 82.6923076923077 , 7.69230769230769 , 3.84615384615385 , 5.76923076923077 , 0 , 0 , 13.3076923076923 , 0 , 52 , 59.6153846153846 , 19.2307692307692 
31-Jan-2006 10:28,200511,LUTON,GERMANY,FRANKFURT MAIN,BRITISH AIRWAYS CITIEXPRESS LTD,A,S, 0 , 2 , 0 , 0 , 0 , 0 , 0 , 0 , 0 , 0 , 0 , 0 , 0 
31-Jan-2006 10:28,200511,LUTON,GERMANY,FRANKFURT MAIN,CITY AIRLINE,A,C, 0 , 1 , 0 , 0 , 0 , 0 , 0 , 0 , 0 , 0 , 0 , 0 , 0 
31-Jan-2006 10:28,200511,LUTON,GERMANY,FRANKFURT MAIN,HAPAG LLOYD EXPRESS,A,C, 0 , 1 , 0 , 0 , 0 , 0 , 0 , 0 , 0 , 0 , 0 , 0 , 0 
31-Jan-2006 10:28,200511,LUTON,GERMANY,FRANKFURT MAIN,LUFTHANSA,A,C, 0 , 1 , 0 , 0 , 0 , 0 , 0 , 0 , 0 , 0 , 0 , 0 , 0 
31-Jan-2006 10:28,200511,LUTON,GERMANY,FRANKFURT MAIN,METROPIX UK LLP,A,C, 0 , 1 , 0 , 0 , 0 , 0 , 0 , 0 , 0 , 0 , 0 , 0 , 0 
31-Jan-2006 10:28,200511,LUTON,GERMANY,FRANKFURT MAIN,METROPIX UK LLP,D,C, 0 , 1 , 0 , 0 , 0 , 0 , 0 , 0 , 0 , 0 , 0 , 0 , 0 
31-Jan-2006 10:28,200511,LUTON,GERMANY,FRANKFURT MAIN,TAG AVIATION (UK) LTD,A,C, 0 , 1 , 0 , 0 , 0 , 0 , 0 , 0 , 0 , 0 , 0 , 0 , 0 
31-Jan-2006 10:28,200511,LUTON,GERMANY,MUNICH,AIR INDEPENDENCE GMBH,D,C, 0 , 1 , 0 , 0 , 0 , 0 , 0 , 0 , 0 , 0 , 0 , 0 , 0 
31-Jan-2006 10:28,200511,LUTON,GERMANY,NIEDERRHEIN,RYANAIR,A,S, 0 , 1 , 0 , 0 , 0 , 0 , 0 , 0 , 0 , 0 , 0 , 0 , 0 
31-Jan-2006 10:28,200511,LUTON,GIBRALTAR,GIBRALTAR,METROPIX UK LLP,A,C, 0 , 1 , 0 , 0 , 0 , 0 , 0 , 0 , 0 , 0 , 0 , 0 , 0 
31-Jan-2006 10:28,200511,LUTON,GIBRALTAR,GIBRALTAR,MONARCH AIRLINES,A,S, 26 , 0 , 84.6153846153846 , 3.84615384615385 , 7.69230769230769 , 3.84615384615385 , 0 , 0 , 8.38461538461539 , 0 , 21 , 80.9523809523809 , 8.71428571428571 
31-Jan-2006 10:28,200511,LUTON,GIBRALTAR,GIBRALTAR,MONARCH AIRLINES,D,S, 26 , 0 , 80.7692307692308 , 11.5384615384615 , 0 , 7.69230769230769 , 0 , 0 , 11.0384615384615 , 0 , 21 , 90.4761904761905 , 5.90476190476191 
31-Jan-2006 10:28,200511,LUTON,GREECE,ATHENS,EASYJET AIRLINE COMPANY LTD,A,S, 30 , 0 , 83.3333333333333 , 3.33333333333333 , 6.66666666666667 , 0 , 6.66666666666667 , 0 , 22.9333333333333 , 0 , 30 , 76.6666666666667 , 15.4 
31-Jan-2006 10:28,200511,LUTON,GREECE,ATHENS,EASYJET AIRLINE COMPANY LTD,D,S, 30 , 0 , 73.3333333333333 , 16.6666666666667 , 3.33333333333333 , 3.33333333333333 , 3.33333333333333 , 0 , 23.9 , 0 , 30 , 73.3333333333333 , 21.4 
31-Jan-2006 10:28,200511,LUTON,GREECE,ATHENS,INTERJET,A,C, 0 , 1 , 0 , 0 , 0 , 0 , 0 , 0 , 0 , 0 , 0 , 0 , 0 
31-Jan-2006 10:28,200511,LUTON,GREECE,ATHENS,INTERJET,D,C, 0 , 1 , 0 , 0 , 0 , 0 , 0 , 0 , 0 , 0 , 0 , 0 , 0 
31-Jan-2006 10:28,200511,LUTON,HUNGARY,BUDAPEST,EASYJET AIRLINE COMPANY LTD,A,S, 60 , 0 , 88.3333333333333 , 8.33333333333333 , 3.33333333333333 , 0 , 0 , 0 , 4.56666666666667 , 0 , 60 , 63.3333333333333 , 13.8833333333333 
31-Jan-2006 10:28,200511,LUTON,HUNGARY,BUDAPEST,EASYJET AIRLINE COMPANY LTD,D,S, 60 , 0 , 81.6666666666667 , 11.6666666666667 , 5 , 1.66666666666667 , 0 , 0 , 9.5 , 0 , 60 , 85 , 10.4 
31-Jan-2006 10:28,200511,LUTON,HUNGARY,BUDAPEST,WIZZ AIR,A,S, 27 , 3 , 66.6666666666667 , 18.5185185185185 , 14.8148148148148 , 0 , 0 , 0 , 13.1111111111111 , 0 , 50 , 86 , 9.48 
31-Jan-2006 10:28,200511,LUTON,HUNGARY,BUDAPEST,WIZZ AIR,D,S, 29 , 1 , 37.9310344827586 , 24.1379310344828 , 20.6896551724138 , 17.2413793103448 , 0 , 0 , 30.2068965517241 , 0 , 51 , 56.8627450980392 , 22.0196078431373 
31-Jan-2006 10:28,200511,LUTON,IRISH REPUBLIC,CONNAUGHT,RYANAIR,A,S, 28 , 0 , 96.4285714285714 , 3.57142857142857 , 0 , 0 , 0 , 0 , 1.67857142857143 , 2 , 0 , 0 , 0 
31-Jan-2006 10:28,200511,LUTON,IRISH REPUBLIC,CONNAUGHT,RYANAIR,D,S, 30 , 0 , 90 , 6.66666666666667 , 3.33333333333333 , 0 , 0 , 0 , 5.5 , 0 , 0 , 0 , 0 
31-Jan-2006 10:28,200511,LUTON,IRISH REPUBLIC,CORK,ASTRAEUS LTD,D,C, 0 , 1 , 0 , 0 , 0 , 0 , 0 , 0 , 0 , 0 , 0 , 0 , 0 
31-Jan-2006 10:28,200511,LUTON,IRISH REPUBLIC,DUBLIN,RYANAIR,A,S, 106 , 1 , 83.0188679245283 , 9.43396226415094 , 3.77358490566038 , 3.77358490566038 , 0 , 0 , 9.38679245283019 , 0 , 112 , 71.4285714285714 , 13.0267857142857 
31-Jan-2006 10:28,200511,LUTON,IRISH REPUBLIC,DUBLIN,RYANAIR,D,S, 106 , 0 , 85.8490566037736 , 8.49056603773585 , 1.88679245283019 , 3.77358490566038 , 0 , 0 , 8.11320754716981 , 0 , 112 , 75.8928571428572 , 11.1339285714286 
31-Jan-2006 10:28,200511,LUTON,IRISH REPUBLIC,GALWAY,AER ARRAN,A,S, 59 , 0 , 79.6610169491525 , 3.38983050847458 , 10.1694915254237 , 1.69491525423729 , 5.08474576271186 , 0 , 19.9830508474576 , 1 , 40 , 85 , 8.95 
31-Jan-2006 10:28,200511,LUTON,IRISH REPUBLIC,GALWAY,AER ARRAN,D,S, 57 , 0 , 84.2105263157895 , 5.26315789473684 , 3.50877192982456 , 3.50877192982456 , 3.50877192982456 , 0 , 14.4912280701754 , 3 , 41 , 78.0487804878049 , 12.2682926829268 
31-Jan-2006 10:28,200511,LUTON,IRISH REPUBLIC,SHANNON,RYANAIR,A,S, 30 , 0 , 83.3333333333333 , 3.33333333333333 , 3.33333333333333 , 6.66666666666667 , 3.33333333333333 , 0 , 15.4333333333333 , 0 , 0 , 0 , 0 
31-Jan-2006 10:28,200511,LUTON,IRISH REPUBLIC,SHANNON,RYANAIR,D,S, 30 , 0 , 93.3333333333333 , 3.33333333333333 , 0 , 3.33333333333333 , 0 , 0 , 4.6 , 0 , 0 , 0 , 0 
31-Jan-2006 10:28,200511,LUTON,IRISH REPUBLIC,WATERFORD,AER ARRAN,A,S, 57 , 0 , 84.2105263157895 , 8.7719298245614 , 1.75438596491228 , 1.75438596491228 , 3.50877192982456 , 0 , 11.0175438596491 , 3 , 30 , 76.6666666666667 , 13.5333333333333 
31-Jan-2006 10:28,200511,LUTON,IRISH REPUBLIC,WATERFORD,AER ARRAN,D,S, 59 , 0 , 81.3559322033898 , 1.69491525423729 , 8.47457627118644 , 3.38983050847458 , 5.08474576271186 , 0 , 20.9152542372881 , 1 , 30 , 76.6666666666667 , 15.1 
31-Jan-2006 10:28,200511,LUTON,ISRAEL,ELAT,AIR ALSIE,D,C, 0 , 1 , 0 , 0 , 0 , 0 , 0 , 0 , 0 , 0 , 0 , 0 , 0 
31-Jan-2006 10:28,200511,LUTON,ISRAEL,OVDA,ASTRAEUS LTD,A,C, 1 , 0 , 0 , 0 , 100 , 0 , 0 , 0 , 51 , 0 , 0 , 0 , 0 
31-Jan-2006 10:28,200511,LUTON,ISRAEL,OVDA,FIRST CHOICE AIRWAYS LTD,A,C, 0 , 0 , 0 , 0 , 0 , 0 , 0 , 0 , 0 , 0 , 5 , 100 , 1.2 
31-Jan-2006 10:28,200511,LUTON,ISRAEL,OVDA,FIRST CHOICE AIRWAYS LTD,D,C, 0 , 0 , 0 , 0 , 0 , 0 , 0 , 0 , 0 , 0 , 5 , 100 , 4.2 
31-Jan-2006 10:28,200511,LUTON,ISRAEL,OVDA,FLYJET LTD,A,C, 3 , 0 , 33.3333333333333 , 0 , 66.6666666666667 , 0 , 0 , 0 , 35 , 0 , 0 , 0 , 0 
31-Jan-2006 10:28,200511,LUTON,ISRAEL,OVDA,FLYJET LTD,D,C, 4 , 0 , 50 , 0 , 25 , 25 , 0 , 0 , 37.5 , 0 , 0 , 0 , 0 
31-Jan-2006 10:28,200511,LUTON,ITALY,BERGAMO,RYANAIR,A,S, 56 , 0 , 78.5714285714286 , 8.92857142857143 , 7.14285714285714 , 5.35714285714286 , 0 , 0 , 10.1785714285714 , 3 , 59 , 89.8305084745763 , 6.66101694915254 
31-Jan-2006 10:28,200511,LUTON,ITALY,BERGAMO,RYANAIR,D,S, 55 , 0 , 70.9090909090909 , 10.9090909090909 , 12.7272727272727 , 5.45454545454545 , 0 , 0 , 14.3636363636364 , 3 , 59 , 79.6610169491525 , 12.6779661016949 
31-Jan-2006 10:28,200511,LUTON,ITALY,CAGLIARI (ELMAS),EASYJET AIRLINE COMPANY LTD,A,S, 17 , 0 , 76.4705882352941 , 17.6470588235294 , 5.88235294117647 , 0 , 0 , 0 , 8 , 0 , 0 , 0 , 0 
31-Jan-2006 10:28,200511,LUTON,ITALY,CAGLIARI (ELMAS),EASYJET AIRLINE COMPANY LTD,D,S, 17 , 0 , 82.3529411764706 , 17.6470588235294 , 0 , 0 , 0 , 0 , 8.58823529411765 , 0 , 0 , 0 , 0 
31-Jan-2006 10:28,200511,LUTON,ITALY,MILAN (LINATE),AERO SERVICES EXECUTIVE,D,C, 0 , 1 , 0 , 0 , 0 , 0 , 0 , 0 , 0 , 0 , 0 , 0 , 0 
31-Jan-2006 10:28,200511,LUTON,ITALY,MILAN (LINATE),INTERJET,D,C, 0 , 1 , 0 , 0 , 0 , 0 , 0 , 0 , 0 , 0 , 0 , 0 , 0 
31-Jan-2006 10:28,200511,LUTON,ITALY,MILAN (LINATE),SERVIZI AEREI,A,C, 0 , 1 , 0 , 0 , 0 , 0 , 0 , 0 , 0 , 0 , 0 , 0 , 0 
31-Jan-2006 10:28,200511,LUTON,ITALY,PALERMO,CIRRUS LUFTFAHRT,A,C, 1 , 0 , 0 , 100 , 0 , 0 , 0 , 0 , 26 , 0 , 0 , 0 , 0 
31-Jan-2006 10:28,200511,LUTON,ITALY,PALERMO,CIRRUS LUFTFAHRT,D,C, 1 , 0 , 0 , 0 , 100 , 0 , 0 , 0 , 32 , 0 , 0 , 0 , 0 
31-Jan-2006 10:28,200511,LUTON,ITALY,PISA,RYANAIR,A,S, 0 , 1 , 0 , 0 , 0 , 0 , 0 , 0 , 0 , 0 , 0 , 0 , 0 
31-Jan-2006 10:28,200511,LUTON,ITALY,ROME (CIAMPINO),EASYJET AIRLINE COMPANY LTD,D,S, 0 , 1 , 0 , 0 , 0 , 0 , 0 , 0 , 0 , 0 , 0 , 0 , 0 
31-Jan-2006 10:28,200511,LUTON,ITALY,ROME (CIAMPINO),INTERJET,A,C, 0 , 1 , 0 , 0 , 0 , 0 , 0 , 0 , 0 , 0 , 0 , 0 , 0 
31-Jan-2006 10:28,200511,LUTON,ITALY,ROME (CIAMPINO),RYANAIR,A,S, 30 , 0 , 50 , 33.3333333333333 , 13.3333333333333 , 3.33333333333333 , 0 , 0 , 16.7 , 0 , 0 , 0 , 0 
31-Jan-2006 10:28,200511,LUTON,ITALY,ROME (CIAMPINO),RYANAIR,D,S, 30 , 0 , 83.3333333333333 , 6.66666666666667 , 10 , 0 , 0 , 0 , 11.1666666666667 , 0 , 0 , 0 , 0 
31-Jan-2006 10:28,200511,LUTON,ITALY,ROME (CIAMPINO),SIRIO,D,C, 0 , 1 , 0 , 0 , 0 , 0 , 0 , 0 , 0 , 0 , 0 , 0 , 0 
31-Jan-2006 10:28,200511,LUTON,ITALY,TREVISO,RYANAIR,A,S, 25 , 0 , 68 , 16 , 8 , 8 , 0 , 0 , 17.88 , 4 , 0 , 0 , 0 
31-Jan-2006 10:28,200511,LUTON,ITALY,TREVISO,RYANAIR,D,S, 30 , 0 , 80 , 6.66666666666667 , 6.66666666666667 , 6.66666666666667 , 0 , 0 , 14.8666666666667 , 0 , 0 , 0 , 0 
31-Jan-2006 10:28,200511,LUTON,ITALY,TURIN,EASYJET AIRLINE COMPANY LTD,A,S, 30 , 0 , 86.6666666666667 , 6.66666666666667 , 6.66666666666667 , 0 , 0 , 0 , 5.7 , 0 , 29 , 82.7586206896552 , 10.6206896551724 
31-Jan-2006 10:28,200511,LUTON,ITALY,TURIN,EASYJET AIRLINE COMPANY LTD,D,S, 30 , 0 , 96.6666666666667 , 3.33333333333333 , 0 , 0 , 0 , 0 , 6.23333333333333 , 0 , 29 , 79.3103448275862 , 9.37931034482759 
31-Jan-2006 10:28,200511,LUTON,KAZAKHSTAN,ALMA ATA,EXECUJET CHARTER AG,D,C, 0 , 1 , 0 , 0 , 0 , 0 , 0 , 0 , 0 , 0 , 0 , 0 , 0 
31-Jan-2006 10:28,200511,LUTON,KAZAKHSTAN,ZHEZKAZGAN,AERO SERVICES EXECUTIVE,A,C, 0 , 1 , 0 , 0 , 0 , 0 , 0 , 0 , 0 , 0 , 0 , 0 , 0 
31-Jan-2006 10:28,200511,LUTON,MOROCCO,CASABLANCA MOHAMED V,GESTAIR EXECUTIVE JET,A,C, 0 , 1 , 0 , 0 , 0 , 0 , 0 , 0 , 0 , 0 , 0 , 0 , 0 
31-Jan-2006 10:28,200511,LUTON,MOROCCO,MARRAKESH,CHALLENGE AIR LUFTVERKEHRS,A,C, 0 , 1 , 0 , 0 , 0 , 0 , 0 , 0 , 0 , 0 , 0 , 0 , 0 
31-Jan-2006 10:28,200511,LUTON,MOROCCO,MARRAKESH,CHALLENGE AIR LUFTVERKEHRS,D,C, 0 , 1 , 0 , 0 , 0 , 0 , 0 , 0 , 0 , 0 , 0 , 0 , 0 
31-Jan-2006 10:28,200511,LUTON,NETHERLANDS,AMSTERDAM,AIR ATLANTIQUE,D,C, 0 , 1 , 0 , 0 , 0 , 0 , 0 , 0 , 0 , 0 , 0 , 0 , 0 
31-Jan-2006 10:28,200511,LUTON,NETHERLANDS,AMSTERDAM,CIRRUS LUFTFAHRT,D,C, 0 , 1 , 0 , 0 , 0 , 0 , 0 , 0 , 0 , 0 , 0 , 0 , 0 
31-Jan-2006 10:28,200511,LUTON,NETHERLANDS,AMSTERDAM,EASYJET AIRLINE COMPANY LTD,A,S, 138 , 0 , 88.4057971014493 , 3.6231884057971 , 7.2463768115942 , 0.72463768115942 , 0 , 0 , 5.42028985507246 , 0 , 142 , 78.169014084507 , 10.887323943662 
31-Jan-2006 10:28,200511,LUTON,NETHERLANDS,AMSTERDAM,EASYJET AIRLINE COMPANY LTD,D,S, 138 , 0 , 81.1594202898551 , 9.42028985507246 , 7.97101449275362 , 1.44927536231884 , 0 , 0 , 9.65217391304348 , 0 , 142 , 80.9859154929577 , 10.3591549295775 
31-Jan-2006 10:28,200511,LUTON,NETHERLANDS,AMSTERDAM,KLM CITYHOPPER,A,S, 0 , 1 , 0 , 0 , 0 , 0 , 0 , 0 , 0 , 0 , 0 , 0 , 0 
31-Jan-2006 10:28,200511,LUTON,NETHERLANDS,EINDHOVEN,RYANAIR,A,S, 0 , 1 , 0 , 0 , 0 , 0 , 0 , 0 , 0 , 0 , 0 , 0 , 0 
31-Jan-2006 10:28,200511,LUTON,NETHERLANDS,ROTTERDAM,FLYING SERVICE,A,C, 0 , 1 , 0 , 0 , 0 , 0 , 0 , 0 , 0 , 0 , 0 , 0 , 0 
31-Jan-2006 10:28,200511,LUTON,NETHERLANDS,ROTTERDAM,VLM (BELGIUM),A,S, 0 , 1 , 0 , 0 , 0 , 0 , 0 , 0 , 0 , 0 , 0 , 0 , 0 
31-Jan-2006 10:28,200511,LUTON,NORWAY,OSLO (GARDERMOEN),CITY AIRLINE,A,C, 0 , 1 , 0 , 0 , 0 , 0 , 0 , 0 , 0 , 0 , 0 , 0 , 0 
31-Jan-2006 10:28,200511,LUTON,NORWAY,SANDEFJORD(TORP),RYANAIR,A,S, 0 , 1 , 0 , 0 , 0 , 0 , 0 , 0 , 0 , 0 , 0 , 0 , 0 
31-Jan-2006 10:28,200511,LUTON,OMAN,MUSCAT,CAT AVIATION,A,C, 0 , 1 , 0 , 0 , 0 , 0 , 0 , 0 , 0 , 0 , 0 , 0 , 0 
31-Jan-2006 10:28,200511,LUTON,OMAN,MUSCAT,CAT AVIATION,D,C, 0 , 1 , 0 , 0 , 0 , 0 , 0 , 0 , 0 , 0 , 0 , 0 , 0 
31-Jan-2006 10:28,200511,LUTON,POLAND,GDANSK,WIZZ AIR,A,S, 44 , 3 , 72.7272727272727 , 11.3636363636364 , 9.09090909090909 , 4.54545454545455 , 2.27272727272727 , 0 , 18.4772727272727 , 0 , 23 , 60.8695652173913 , 22.8260869565217 
31-Jan-2006 10:28,200511,LUTON,POLAND,GDANSK,WIZZ AIR,D,S, 44 , 3 , 72.7272727272727 , 15.9090909090909 , 4.54545454545455 , 4.54545454545455 , 2.27272727272727 , 0 , 18.5681818181818 , 0 , 23 , 86.9565217391304 , 9.39130434782609 
31-Jan-2006 10:28,200511,LUTON,POLAND,KATOWICE,WIZZ AIR,A,S, 43 , 4 , 76.7441860465116 , 9.30232558139535 , 11.6279069767442 , 2.32558139534884 , 0 , 0 , 10.5348837209302 , 0 , 47 , 85.1063829787234 , 16.7021276595745 
31-Jan-2006 10:28,200511,LUTON,POLAND,KATOWICE,WIZZ AIR,D,S, 40 , 7 , 52.5 , 25 , 12.5 , 7.5 , 2.5 , 0 , 28.475 , 0 , 46 , 69.5652173913043 , 22.3695652173913 
31-Jan-2006 10:28,200511,LUTON,POLAND,KRAKOW,EASYJET AIRLINE COMPANY LTD,A,S, 29 , 0 , 86.2068965517241 , 10.3448275862069 , 0 , 0 , 3.44827586206897 , 0 , 14.3448275862069 , 1 , 30 , 83.3333333333333 , 13.2666666666667 
31-Jan-2006 10:28,200511,LUTON,POLAND,KRAKOW,EASYJET AIRLINE COMPANY LTD,D,S, 30 , 0 , 80 , 20 , 0 , 0 , 0 , 0 , 8.1 , 0 , 30 , 80 , 9.8 
31-Jan-2006 10:28,200511,LUTON,POLAND,KRAKOW,FIRST CHOICE AIRWAYS LTD,A,C, 2 , 0 , 50 , 50 , 0 , 0 , 0 , 0 , 8.5 , 0 , 1 , 0 , 21 
31-Jan-2006 10:28,200511,LUTON,POLAND,KRAKOW,FIRST CHOICE AIRWAYS LTD,D,C, 2 , 0 , 0 , 0 , 100 , 0 , 0 , 0 , 38.5 , 0 , 1 , 0 , 19 
31-Jan-2006 10:28,200511,LUTON,POLAND,KRAKOW,THOMSONFLY LTD,A,C, 1 , 0 , 0 , 100 , 0 , 0 , 0 , 0 , 18 , 0 , 0 , 0 , 0 
31-Jan-2006 10:28,200511,LUTON,POLAND,KRAKOW,THOMSONFLY LTD,D,C, 1 , 0 , 100 , 0 , 0 , 0 , 0 , 0 , 15 , 0 , 0 , 0 , 0 
31-Jan-2006 10:28,200511,LUTON,POLAND,POZNAN,WIZZ AIR,A,S, 15 , 0 , 73.3333333333333 , 13.3333333333333 , 6.66666666666667 , 6.66666666666667 , 0 , 0 , 13.2666666666667 , 0 , 0 , 0 , 0 
31-Jan-2006 10:28,200511,LUTON,POLAND,POZNAN,WIZZ AIR,D,S, 17 , 0 , 58.8235294117647 , 11.7647058823529 , 23.5294117647059 , 5.88235294117647 , 0 , 0 , 20 , 0 , 0 , 0 , 0 
31-Jan-2006 10:28,200511,LUTON,POLAND,WARSAW,EASYJET AIRLINE COMPANY LTD,A,S, 52 , 0 , 82.6923076923077 , 9.61538461538462 , 7.69230769230769 , 0 , 0 , 0 , 6.61538461538462 , 0 , 56 , 85.7142857142857 , 8.89285714285714 
31-Jan-2006 10:28,200511,LUTON,POLAND,WARSAW,EASYJET AIRLINE COMPANY LTD,D,S, 52 , 0 , 73.0769230769231 , 13.4615384615385 , 11.5384615384615 , 1.92307692307692 , 0 , 0 , 13.4807692307692 , 0 , 56 , 73.2142857142857 , 14.6428571428571 
31-Jan-2006 10:28,200511,LUTON,POLAND,WARSAW,WINDROSE AIR FLUGCHARTER,A,C, 0 , 1 , 0 , 0 , 0 , 0 , 0 , 0 , 0 , 0 , 0 , 0 , 0 
31-Jan-2006 10:28,200511,LUTON,POLAND,WARSAW,WIZZ AIR,A,S, 42 , 0 , 76.1904761904762 , 11.9047619047619 , 2.38095238095238 , 7.14285714285714 , 2.38095238095238 , 0 , 15.6190476190476 , 0 , 51 , 84.3137254901961 , 10.3529411764706 
31-Jan-2006 10:28,200511,LUTON,POLAND,WARSAW,WIZZ AIR,D,S, 40 , 1 , 60 , 20 , 12.5 , 7.5 , 0 , 0 , 17.975 , 0 , 51 , 49.0196078431373 , 27.4509803921569 
31-Jan-2006 10:28,200511,LUTON,PORTUGAL(EXCLUDING MADEIRA),FARO,EASYJET AIRLINE COMPANY LTD,A,S, 30 , 0 , 96.6666666666667 , 0 , 3.33333333333333 , 0 , 0 , 0 , 1.93333333333333 , 0 , 18 , 83.3333333333333 , 8.88888888888889 
31-Jan-2006 10:28,200511,LUTON,PORTUGAL(EXCLUDING MADEIRA),FARO,EASYJET AIRLINE COMPANY LTD,D,S, 30 , 0 , 83.3333333333333 , 13.3333333333333 , 3.33333333333333 , 0 , 0 , 0 , 7.33333333333333 , 0 , 18 , 77.7777777777778 , 9.55555555555556 
31-Jan-2006 10:28,200511,LUTON,PORTUGAL(EXCLUDING MADEIRA),FARO,LUXFLIGHT EXECUTIVE,A,C, 0 , 1 , 0 , 0 , 0 , 0 , 0 , 0 , 0 , 0 , 0 , 0 , 0 
31-Jan-2006 10:28,200511,LUTON,PORTUGAL(EXCLUDING MADEIRA),FARO,MONARCH AIRLINES,A,S, 19 , 0 , 94.7368421052632 , 0 , 0 , 5.26315789473684 , 0 , 0 , 6.78947368421053 , 0 , 8 , 87.5 , 3.5 
31-Jan-2006 10:28,200511,LUTON,PORTUGAL(EXCLUDING MADEIRA),FARO,MONARCH AIRLINES,D,S, 19 , 0 , 94.7368421052632 , 5.26315789473684 , 0 , 0 , 0 , 0 , 4.21052631578947 , 0 , 8 , 100 , 2.875 
31-Jan-2006 10:28,200511,LUTON,PORTUGAL(EXCLUDING MADEIRA),LISBON,CITY AIRLINE,A,C, 0 , 1 , 0 , 0 , 0 , 0 , 0 , 0 , 0 , 0 , 0 , 0 , 0 
31-Jan-2006 10:28,200511,LUTON,PORTUGAL(EXCLUDING MADEIRA),LISBON,JETALLIANCE FLUGBETTRIEBS,A,C, 0 , 1 , 0 , 0 , 0 , 0 , 0 , 0 , 0 , 0 , 0 , 0 , 0 
31-Jan-2006 10:28,200511,LUTON,PORTUGAL(MADEIRA),FUNCHAL,THOMSONFLY LTD,A,C, 4 , 0 , 100 , 0 , 0 , 0 , 0 , 0 , 4 , 0 , 5 , 100 , 0 
31-Jan-2006 10:28,200511,LUTON,PORTUGAL(MADEIRA),FUNCHAL,THOMSONFLY LTD,D,C, 4 , 0 , 50 , 50 , 0 , 0 , 0 , 0 , 11.75 , 0 , 5 , 100 , 4.8 
31-Jan-2006 10:28,200511,LUTON,REPUBLIC OF YEMEN,RIYAN MUKALLA,AIR ALSIE,D,C, 0 , 1 , 0 , 0 , 0 , 0 , 0 , 0 , 0 , 0 , 0 , 0 , 0 
31-Jan-2006 10:28,200511,LUTON,REPUBLIC OF YEMEN,RIYAN MUKALLA,CIRRUS LUFTFAHRT,D,C, 0 , 1 , 0 , 0 , 0 , 0 , 0 , 0 , 0 , 0 , 0 , 0 , 0 
31-Jan-2006 10:28,200511,LUTON,RUSSIA,MOSCOW (SHEREMETYEVO),COMFORT-AIR,D,C, 0 , 1 , 0 , 0 , 0 , 0 , 0 , 0 , 0 , 0 , 0 , 0 , 0 
31-Jan-2006 10:28,200511,LUTON,RUSSIA,MOSCOW (VNUKOVO),COMFORT-AIR,A,C, 0 , 3 , 0 , 0 , 0 , 0 , 0 , 0 , 0 , 0 , 0 , 0 , 0 
31-Jan-2006 10:28,200511,LUTON,RUSSIA,MOSCOW (VNUKOVO),COMFORT-AIR,D,C, 0 , 2 , 0 , 0 , 0 , 0 , 0 , 0 , 0 , 0 , 0 , 0 , 0 
31-Jan-2006 10:28,200511,LUTON,RUSSIA,MOSCOW (VNUKOVO),JETCLUB,A,C, 0 , 1 , 0 , 0 , 0 , 0 , 0 , 0 , 0 , 0 , 0 , 0 , 0 
31-Jan-2006 10:28,200511,LUTON,RUSSIA,MOSCOW (VNUKOVO),JETCLUB,D,C, 0 , 1 , 0 , 0 , 0 , 0 , 0 , 0 , 0 , 0 , 0 , 0 , 0 
31-Jan-2006 10:28,200511,LUTON,RUSSIA,MOSCOW (VNUKOVO),METROPIX UK LLP,D,C, 0 , 2 , 0 , 0 , 0 , 0 , 0 , 0 , 0 , 0 , 0 , 0 , 0 
31-Jan-2006 10:28,200511,LUTON,RUSSIA,ST PETERSBURG,ASTRAEUS LTD,A,C, 1 , 0 , 0 , 0 , 0 , 100 , 0 , 0 , 120 , 0 , 0 , 0 , 0 
31-Jan-2006 10:28,200511,LUTON,RUSSIA,ST PETERSBURG,ASTRAEUS LTD,D,C, 1 , 0 , 0 , 100 , 0 , 0 , 0 , 0 , 27 , 0 , 0 , 0 , 0 
31-Jan-2006 10:28,200511,LUTON,RUSSIA,ST PETERSBURG,EXCEL AIRWAYS LTD,A,C, 1 , 0 , 0 , 0 , 100 , 0 , 0 , 0 , 42 , 0 , 0 , 0 , 0 
31-Jan-2006 10:28,200511,LUTON,RUSSIA,ST PETERSBURG,EXCEL AIRWAYS LTD,D,C, 1 , 0 , 0 , 100 , 0 , 0 , 0 , 0 , 27 , 0 , 0 , 0 , 0 
31-Jan-2006 10:28,200511,LUTON,RUSSIA,ST PETERSBURG,FIRST CHOICE AIRWAYS LTD,A,C, 2 , 0 , 0 , 0 , 0 , 100 , 0 , 0 , 96.5 , 0 , 0 , 0 , 0 
31-Jan-2006 10:28,200511,LUTON,RUSSIA,ST PETERSBURG,FIRST CHOICE AIRWAYS LTD,D,C, 2 , 0 , 0 , 50 , 50 , 0 , 0 , 0 , 31 , 0 , 0 , 0 , 0 
31-Jan-2006 10:28,200511,LUTON,RUSSIA,ST PETERSBURG,MAP EXECUTIVE FLIGHTSERVICE,D,C, 0 , 1 , 0 , 0 , 0 , 0 , 0 , 0 , 0 , 0 , 0 , 0 , 0 
31-Jan-2006 10:28,200511,LUTON,RUSSIA,ST PETERSBURG,METROPIX UK LLP,A,C, 0 , 1 , 0 , 0 , 0 , 0 , 0 , 0 , 0 , 0 , 0 , 0 , 0 
31-Jan-2006 10:28,200511,LUTON,RUSSIA,ST PETERSBURG,METROPIX UK LLP,D,C, 0 , 1 , 0 , 0 , 0 , 0 , 0 , 0 , 0 , 0 , 0 , 0 , 0 
31-Jan-2006 10:28,200511,LUTON,SAUDI ARABIA,JEDDAH,LUXFLIGHT EXECUTIVE,A,C, 0 , 1 , 0 , 0 , 0 , 0 , 0 , 0 , 0 , 0 , 0 , 0 , 0 
31-Jan-2006 10:28,200511,LUTON,SLOVAK REPUBLIC,BRATISLAVA,ABS JET,A,C, 0 , 1 , 0 , 0 , 0 , 0 , 0 , 0 , 0 , 0 , 0 , 0 , 0 
31-Jan-2006 10:28,200511,LUTON,SLOVAK REPUBLIC,BRATISLAVA,ABS JET,D,C, 0 , 1 , 0 , 0 , 0 , 0 , 0 , 0 , 0 , 0 , 0 , 0 , 0 
31-Jan-2006 10:28,200511,LUTON,SLOVAK REPUBLIC,BRATISLAVA,EASYJET AIRLINE COMPANY LTD,A,S, 30 , 0 , 90 , 3.33333333333333 , 0 , 6.66666666666667 , 0 , 0 , 9.36666666666667 , 0 , 0 , 0 , 0 
31-Jan-2006 10:28,200511,LUTON,SLOVAK REPUBLIC,BRATISLAVA,EASYJET AIRLINE COMPANY LTD,D,S, 30 , 0 , 60 , 26.6666666666667 , 6.66666666666667 , 6.66666666666667 , 0 , 0 , 19.1666666666667 , 0 , 0 , 0 , 0 
31-Jan-2006 10:28,200511,LUTON,SPAIN,ALICANTE,EASYJET AIRLINE COMPANY LTD,A,S, 30 , 0 , 90 , 10 , 0 , 0 , 0 , 0 , 2.86666666666667 , 0 , 35 , 77.1428571428571 , 11.6857142857143 
31-Jan-2006 10:28,200511,LUTON,SPAIN,ALICANTE,EASYJET AIRLINE COMPANY LTD,D,S, 30 , 0 , 90 , 6.66666666666667 , 3.33333333333333 , 0 , 0 , 0 , 10.4333333333333 , 0 , 36 , 72.2222222222222 , 15.1944444444444 
31-Jan-2006 10:28,200511,LUTON,SPAIN,ALICANTE,FLYBE LTD,A,S, 0 , 1 , 0 , 0 , 0 , 0 , 0 , 0 , 0 , 0 , 0 , 0 , 0 
31-Jan-2006 10:28,200511,LUTON,SPAIN,ALICANTE,MONARCH AIRLINES,A,S, 29 , 0 , 93.1034482758621 , 3.44827586206897 , 0 , 3.44827586206897 , 0 , 0 , 8.03448275862069 , 0 , 29 , 96.551724137931 , 2.75862068965517 
31-Jan-2006 10:28,200511,LUTON,SPAIN,ALICANTE,MONARCH AIRLINES,D,S, 29 , 0 , 93.1034482758621 , 3.44827586206897 , 0 , 3.44827586206897 , 0 , 0 , 8.24137931034483 , 0 , 29 , 96.551724137931 , 3.31034482758621 
31-Jan-2006 10:28,200511,LUTON,SPAIN,ALICANTE,THOMSONFLY LTD,A,C, 4 , 0 , 75 , 0 , 25 , 0 , 0 , 0 , 12.25 , 0 , 5 , 100 , 0 
31-Jan-2006 10:28,200511,LUTON,SPAIN,ALICANTE,THOMSONFLY LTD,D,C, 4 , 1 , 50 , 25 , 25 , 0 , 0 , 0 , 19.25 , 0 , 5 , 100 , 5 
31-Jan-2006 10:28,200511,LUTON,SPAIN,BARCELONA,CITY AIRLINE,D,C, 0 , 1 , 0 , 0 , 0 , 0 , 0 , 0 , 0 , 0 , 0 , 0 , 0 
31-Jan-2006 10:28,200511,LUTON,SPAIN,BARCELONA,EASYJET AIRLINE COMPANY LTD,A,S, 85 , 0 , 70.5882352941177 , 14.1176470588235 , 12.9411764705882 , 2.35294117647059 , 0 , 0 , 12.8352941176471 , 2 , 90 , 90 , 5.92222222222222 
31-Jan-2006 10:28,200511,LUTON,SPAIN,BARCELONA,EASYJET AIRLINE COMPANY LTD,D,S, 87 , 0 , 78.1609195402299 , 10.3448275862069 , 9.19540229885057 , 2.29885057471264 , 0 , 0 , 13.1609195402299 , 0 , 90 , 84.4444444444444 , 6.63333333333333 
31-Jan-2006 10:28,200511,LUTON,SPAIN,BARCELONA,TYROLEAN JET SERVICES,D,C, 0 , 1 , 0 , 0 , 0 , 0 , 0 , 0 , 0 , 0 , 0 , 0 , 0 
31-Jan-2006 10:28,200511,LUTON,SPAIN,GERONA,RYANAIR,A,S, 30 , 0 , 93.3333333333333 , 6.66666666666667 , 0 , 0 , 0 , 0 , 3.66666666666667 , 0 , 0 , 0 , 0 
31-Jan-2006 10:28,200511,LUTON,SPAIN,GERONA,RYANAIR,D,S, 30 , 0 , 93.3333333333333 , 6.66666666666667 , 0 , 0 , 0 , 0 , 4 , 0 , 0 , 0 , 0 
31-Jan-2006 10:28,200511,LUTON,SPAIN,LA CORUNA,AUDELI,A,C, 0 , 1 , 0 , 0 , 0 , 0 , 0 , 0 , 0 , 0 , 0 , 0 , 0 
31-Jan-2006 10:28,200511,LUTON,SPAIN,MADRID,BRITISH AIRWAYS PLC,A,C, 0 , 0 , 0 , 0 , 0 , 0 , 0 , 0 , 0 , 0 , 1 , 0 , 25 
31-Jan-2006 10:28,200511,LUTON,SPAIN,MADRID,BRITISH AIRWAYS PLC,D,C, 0 , 0 , 0 , 0 , 0 , 0 , 0 , 0 , 0 , 0 , 1 , 100 , 0 
31-Jan-2006 10:28,200511,LUTON,SPAIN,MADRID,EASYJET AIRLINE COMPANY LTD,A,S, 60 , 0 , 71.6666666666667 , 11.6666666666667 , 10 , 3.33333333333333 , 0 , 3.33333333333333 , 43.3666666666667 , 0 , 60 , 78.3333333333333 , 6.88333333333333 
31-Jan-2006 10:28,200511,LUTON,SPAIN,MADRID,EASYJET AIRLINE COMPANY LTD,D,S, 60 , 0 , 71.6666666666667 , 15 , 8.33333333333333 , 5 , 0 , 0 , 15.9166666666667 , 0 , 60 , 71.6666666666667 , 13.8 
31-Jan-2006 10:28,200511,LUTON,SPAIN,MADRID,THOMAS COOK AIRLINES LTD,A,C, 0 , 0 , 0 , 0 , 0 , 0 , 0 , 0 , 0 , 0 , 1 , 100 , 11 
31-Jan-2006 10:28,200511,LUTON,SPAIN,MADRID,THOMSONFLY LTD,A,C, 0 , 0 , 0 , 0 , 0 , 0 , 0 , 0 , 0 , 0 , 1 , 0 , 65 
31-Jan-2006 10:28,200511,LUTON,SPAIN,MADRID,THOMSONFLY LTD,D,C, 0 , 0 , 0 , 0 , 0 , 0 , 0 , 0 , 0 , 0 , 1 , 0 , 28 
31-Jan-2006 10:28,200511,LUTON,SPAIN,MAHON,MONARCH AIRLINES,A,S, 9 , 0 , 88.8888888888889 , 11.1111111111111 , 0 , 0 , 0 , 0 , 3.33333333333333 , 0 , 8 , 87.5 , 3.125 
31-Jan-2006 10:28,200511,LUTON,SPAIN,MAHON,MONARCH AIRLINES,D,S, 9 , 0 , 88.8888888888889 , 0 , 11.1111111111111 , 0 , 0 , 0 , 9 , 0 , 8 , 75 , 6.375 
31-Jan-2006 10:28,200511,LUTON,SPAIN,MALAGA,EASYJET AIRLINE COMPANY LTD,A,S, 63 , 0 , 82.5396825396825 , 12.6984126984127 , 0 , 3.17460317460317 , 1.58730158730159 , 0 , 15.968253968254 , 0 , 67 , 88.0597014925373 , 5.73134328358209 
31-Jan-2006 10:28,200511,LUTON,SPAIN,MALAGA,EASYJET AIRLINE COMPANY LTD,D,S, 63 , 0 , 74.6031746031746 , 20.6349206349206 , 3.17460317460317 , 1.58730158730159 , 0 , 0 , 11.5396825396825 , 0 , 68 , 82.3529411764706 , 8.73529411764706 
31-Jan-2006 10:28,200511,LUTON,SPAIN,MALAGA,MONARCH AIRLINES,A,S, 34 , 0 , 61.7647058823529 , 17.6470588235294 , 17.6470588235294 , 2.94117647058824 , 0 , 0 , 19.5 , 0 , 32 , 75 , 15.25 
31-Jan-2006 10:28,200511,LUTON,SPAIN,MALAGA,MONARCH AIRLINES,D,S, 35 , 0 , 88.5714285714286 , 2.85714285714286 , 2.85714285714286 , 5.71428571428571 , 0 , 0 , 11.7714285714286 , 0 , 32 , 84.375 , 10.25 
31-Jan-2006 10:28,200511,LUTON,SPAIN,MALAGA,THOMSONFLY LTD,A,C, 4 , 0 , 100 , 0 , 0 , 0 , 0 , 0 , 0.25 , 0 , 5 , 80 , 97 
31-Jan-2006 10:28,200511,LUTON,SPAIN,MALAGA,THOMSONFLY LTD,D,C, 4 , 0 , 100 , 0 , 0 , 0 , 0 , 0 , 1.75 , 0 , 5 , 100 , 6.8 
31-Jan-2006 10:28,200511,LUTON,SPAIN,MURCIA SAN JAVIER,RYANAIR,A,S, 29 , 0 , 96.551724137931 , 3.44827586206897 , 0 , 0 , 0 , 0 , 1.55172413793103 , 1 , 0 , 0 , 0 
31-Jan-2006 10:28,200511,LUTON,SPAIN,MURCIA SAN JAVIER,RYANAIR,D,S, 30 , 0 , 93.3333333333333 , 3.33333333333333 , 3.33333333333333 , 0 , 0 , 0 , 5.63333333333333 , 0 , 0 , 0 , 0 
31-Jan-2006 10:28,200511,LUTON,SPAIN,PALMA DE MALLORCA,EASYJET AIRLINE COMPANY LTD,A,S, 21 , 0 , 76.1904761904762 , 19.047619047619 , 4.76190476190476 , 0 , 0 , 0 , 7.85714285714286 , 0 , 22 , 86.3636363636364 , 6.31818181818182 
31-Jan-2006 10:28,200511,LUTON,SPAIN,PALMA DE MALLORCA,EASYJET AIRLINE COMPANY LTD,D,S, 21 , 0 , 57.1428571428571 , 42.8571428571429 , 0 , 0 , 0 , 0 , 13.5238095238095 , 0 , 22 , 90.9090909090909 , 4.72727272727273 
31-Jan-2006 10:28,200511,LUTON,SPAIN,PALMA DE MALLORCA,THOMSONFLY LTD,A,C, 0 , 0 , 0 , 0 , 0 , 0 , 0 , 0 , 0 , 0 , 1 , 100 , 6 
31-Jan-2006 10:28,200511,LUTON,SPAIN,REUS,RYANAIR,A,S, 30 , 0 , 96.6666666666667 , 3.33333333333333 , 0 , 0 , 0 , 0 , 0.566666666666667 , 0 , 0 , 0 , 0 
31-Jan-2006 10:28,200511,LUTON,SPAIN,REUS,RYANAIR,D,S, 30 , 0 , 90 , 10 , 0 , 0 , 0 , 0 , 5 , 0 , 0 , 0 , 0 
31-Jan-2006 10:28,200511,LUTON,SPAIN,TORREJON DE ARDOZ,AUDELI,D,C, 0 , 1 , 0 , 0 , 0 , 0 , 0 , 0 , 0 , 0 , 0 , 0 , 0 
31-Jan-2006 10:28,200511,LUTON,SPAIN,TORREJON DE ARDOZ,GESTAIR EXECUTIVE JET,A,C, 0 , 1 , 0 , 0 , 0 , 0 , 0 , 0 , 0 , 0 , 0 , 0 , 0 
31-Jan-2006 10:28,200511,LUTON,SPAIN,TORREJON DE ARDOZ,TAG AVIATION SA,A,C, 0 , 2 , 0 , 0 , 0 , 0 , 0 , 0 , 0 , 0 , 0 , 0 , 0 
31-Jan-2006 10:28,200511,LUTON,SPAIN,TORREJON DE ARDOZ,TAG AVIATION SA,D,C, 0 , 2 , 0 , 0 , 0 , 0 , 0 , 0 , 0 , 0 , 0 , 0 , 0 
31-Jan-2006 10:28,200511,LUTON,SPAIN,VALENCIA,PORTUGALIA,A,C, 0 , 0 , 0 , 0 , 0 , 0 , 0 , 0 , 0 , 0 , 1 , 100 , 0 
31-Jan-2006 10:28,200511,LUTON,SPAIN(CANARY ISLANDS),ARRECIFE,FIRST CHOICE AIRWAYS LTD,A,C, 2 , 0 , 100 , 0 , 0 , 0 , 0 , 0 , 0 , 0 , 4 , 75 , 7.75 
31-Jan-2006 10:28,200511,LUTON,SPAIN(CANARY ISLANDS),ARRECIFE,FIRST CHOICE AIRWAYS LTD,D,C, 2 , 0 , 100 , 0 , 0 , 0 , 0 , 0 , 3.5 , 0 , 4 , 100 , 0 
31-Jan-2006 10:28,200511,LUTON,SPAIN(CANARY ISLANDS),ARRECIFE,MONARCH AIRLINES,A,S, 4 , 0 , 25 , 75 , 0 , 0 , 0 , 0 , 23 , 0 , 4 , 50 , 14.5 
31-Jan-2006 10:28,200511,LUTON,SPAIN(CANARY ISLANDS),ARRECIFE,MONARCH AIRLINES,D,S, 4 , 0 , 100 , 0 , 0 , 0 , 0 , 0 , 7 , 0 , 4 , 100 , 3.75 
31-Jan-2006 10:28,200511,LUTON,SPAIN(CANARY ISLANDS),ARRECIFE,THOMSONFLY LTD,A,C, 5 , 1 , 80 , 20 , 0 , 0 , 0 , 0 , 4.8 , 0 , 4 , 75 , 38.5 
31-Jan-2006 10:28,200511,LUTON,SPAIN(CANARY ISLANDS),ARRECIFE,THOMSONFLY LTD,D,C, 5 , 0 , 80 , 0 , 20 , 0 , 0 , 0 , 9 , 0 , 4 , 100 , 2 
31-Jan-2006 10:28,200511,LUTON,SPAIN(CANARY ISLANDS),FUERTEVENTURA,FIRST CHOICE AIRWAYS LTD,A,C, 5 , 0 , 100 , 0 , 0 , 0 , 0 , 0 , 1.6 , 0 , 4 , 100 , 0 
31-Jan-2006 10:28,200511,LUTON,SPAIN(CANARY ISLANDS),FUERTEVENTURA,FIRST CHOICE AIRWAYS LTD,D,C, 5 , 0 , 60 , 40 , 0 , 0 , 0 , 0 , 15.4 , 0 , 4 , 75 , 7.25 
31-Jan-2006 10:28,200511,LUTON,SPAIN(CANARY ISLANDS),FUERTEVENTURA,THOMSONFLY LTD,A,C, 0 , 0 , 0 , 0 , 0 , 0 , 0 , 0 , 0 , 0 , 5 , 100 , 0 
31-Jan-2006 10:28,200511,LUTON,SPAIN(CANARY ISLANDS),FUERTEVENTURA,THOMSONFLY LTD,D,C, 0 , 0 , 0 , 0 , 0 , 0 , 0 , 0 , 0 , 0 , 5 , 100 , 1.6 
31-Jan-2006 10:28,200511,LUTON,SPAIN(CANARY ISLANDS),LAS PALMAS,MONARCH AIRLINES,A,S, 4 , 0 , 75 , 25 , 0 , 0 , 0 , 0 , 8 , 0 , 5 , 20 , 19.4 
31-Jan-2006 10:28,200511,LUTON,SPAIN(CANARY ISLANDS),LAS PALMAS,MONARCH AIRLINES,D,S, 4 , 0 , 75 , 25 , 0 , 0 , 0 , 0 , 7.25 , 0 , 5 , 100 , 4.6 
31-Jan-2006 10:28,200511,LUTON,SPAIN(CANARY ISLANDS),LAS PALMAS,THOMSONFLY LTD,A,C, 4 , 0 , 100 , 0 , 0 , 0 , 0 , 0 , 0 , 0 , 4 , 100 , 1.5 
31-Jan-2006 10:28,200511,LUTON,SPAIN(CANARY ISLANDS),LAS PALMAS,THOMSONFLY LTD,D,C, 4 , 0 , 100 , 0 , 0 , 0 , 0 , 0 , 1.75 , 0 , 4 , 75 , 12 
31-Jan-2006 10:28,200511,LUTON,SPAIN(CANARY ISLANDS),TENERIFE (SURREINA SOFIA),FIRST CHOICE AIRWAYS LTD,A,C, 3 , 0 , 100 , 0 , 0 , 0 , 0 , 0 , 2.33333333333333 , 0 , 4 , 75 , 7.5 
31-Jan-2006 10:28,200511,LUTON,SPAIN(CANARY ISLANDS),TENERIFE (SURREINA SOFIA),FIRST CHOICE AIRWAYS LTD,D,C, 3 , 0 , 100 , 0 , 0 , 0 , 0 , 0 , 4.33333333333333 , 0 , 4 , 100 , 7.25 
31-Jan-2006 10:28,200511,LUTON,SPAIN(CANARY ISLANDS),TENERIFE (SURREINA SOFIA),FLYGLOBESPAN,A,C, 0 , 1 , 0 , 0 , 0 , 0 , 0 , 0 , 0 , 0 , 0 , 0 , 0 
31-Jan-2006 10:28,200511,LUTON,SPAIN(CANARY ISLANDS),TENERIFE (SURREINA SOFIA),MONARCH AIRLINES,A,S, 34 , 0 , 61.7647058823529 , 23.5294117647059 , 5.88235294117647 , 5.88235294117647 , 0 , 2.94117647058824 , 53.2352941176471 , 0 , 22 , 59.0909090909091 , 14.4090909090909 
31-Jan-2006 10:28,200511,LUTON,SPAIN(CANARY ISLANDS),TENERIFE (SURREINA SOFIA),MONARCH AIRLINES,D,S, 34 , 0 , 70.5882352941177 , 17.6470588235294 , 8.82352941176471 , 2.94117647058824 , 0 , 0 , 15.8823529411765 , 0 , 21 , 66.6666666666667 , 12.2380952380952 
31-Jan-2006 10:28,200511,LUTON,SPAIN(CANARY ISLANDS),TENERIFE (SURREINA SOFIA),THOMSONFLY LTD,A,C, 9 , 0 , 77.7777777777778 , 11.1111111111111 , 11.1111111111111 , 0 , 0 , 0 , 11.7777777777778 , 0 , 9 , 100 , 1.88888888888889 
31-Jan-2006 10:28,200511,LUTON,SPAIN(CANARY ISLANDS),TENERIFE (SURREINA SOFIA),THOMSONFLY LTD,D,C, 9 , 0 , 55.5555555555556 , 22.2222222222222 , 11.1111111111111 , 11.1111111111111 , 0 , 0 , 21.7777777777778 , 0 , 9 , 77.7777777777778 , 8.11111111111111 
31-Jan-2006 10:28,200511,LUTON,SWEDEN,STOCKHOLM (ARLANDA),AERO SERVICES EXECUTIVE,A,C, 0 , 1 , 0 , 0 , 0 , 0 , 0 , 0 , 0 , 0 , 0 , 0 , 0 
31-Jan-2006 10:28,200511,LUTON,SWEDEN,STOCKHOLM (ARLANDA),CITY AIRLINE,A,C, 0 , 1 , 0 , 0 , 0 , 0 , 0 , 0 , 0 , 0 , 0 , 0 , 0 
31-Jan-2006 10:28,200511,LUTON,SWEDEN,VASTERAS,RYANAIR,A,S, 53 , 0 , 86.7924528301887 , 5.66037735849057 , 3.77358490566038 , 3.77358490566038 , 0 , 0 , 8.35849056603774 , 2 , 0 , 0 , 0 
31-Jan-2006 10:28,200511,LUTON,SWEDEN,VASTERAS,RYANAIR,D,S, 55 , 0 , 83.6363636363636 , 9.09090909090909 , 3.63636363636364 , 3.63636363636364 , 0 , 0 , 10.3636363636364 , 0 , 0 , 0 , 0 
31-Jan-2006 10:28,200511,LUTON,SWITZERLAND,BASLE MULHOUSE,EASYJET AIRLINE COMPANY LTD,A,S, 59 , 0 , 89.8305084745763 , 5.08474576271186 , 5.08474576271186 , 0 , 0 , 0 , 4.74576271186441 , 1 , 60 , 91.6666666666667 , 4.83333333333333 
31-Jan-2006 10:28,200511,LUTON,SWITZERLAND,BASLE MULHOUSE,EASYJET AIRLINE COMPANY LTD,D,S, 60 , 0 , 75 , 20 , 5 , 0 , 0 , 0 , 10.3833333333333 , 0 , 60 , 73.3333333333333 , 13.8166666666667 
31-Jan-2006 10:28,200511,LUTON,SWITZERLAND,BASLE MULHOUSE,RABBIT AIR,D,C, 0 , 1 , 0 , 0 , 0 , 0 , 0 , 0 , 0 , 0 , 0 , 0 , 0 
31-Jan-2006 10:28,200511,LUTON,SWITZERLAND,GENEVA,BRITISH AIRWAYS CITIEXPRESS LTD,A,S, 0 , 1 , 0 , 0 , 0 , 0 , 0 , 0 , 0 , 0 , 0 , 0 , 0 
31-Jan-2006 10:28,200511,LUTON,SWITZERLAND,GENEVA,BRITISH AIRWAYS PLC,A,C, 1 , 0 , 0 , 0 , 100 , 0 , 0 , 0 , 39 , 0 , 0 , 0 , 0 
31-Jan-2006 10:28,200511,LUTON,SWITZERLAND,GENEVA,EASYJET AIRLINE COMPANY LTD,A,S, 98 , 0 , 74.4897959183673 , 10.2040816326531 , 9.18367346938776 , 5.10204081632653 , 1.02040816326531 , 0 , 15.1122448979592 , 0 , 116 , 83.6206896551724 , 7.68103448275862 
31-Jan-2006 10:28,200511,LUTON,SWITZERLAND,GENEVA,EASYJET AIRLINE COMPANY LTD,D,S, 98 , 0 , 70.4081632653061 , 18.3673469387755 , 8.16326530612245 , 3.06122448979592 , 0 , 0 , 13.5918367346939 , 0 , 115 , 80.8695652173913 , 10.3565217391304 
31-Jan-2006 10:28,200511,LUTON,SWITZERLAND,GENEVA,EXCEL AIRWAYS LTD,A,C, 1 , 0 , 100 , 0 , 0 , 0 , 0 , 0 , 9 , 0 , 0 , 0 , 0 
31-Jan-2006 10:28,200511,LUTON,SWITZERLAND,GENEVA,EXCEL AIRWAYS LTD,D,C, 1 , 0 , 100 , 0 , 0 , 0 , 0 , 0 , 0 , 0 , 0 , 0 , 0 
31-Jan-2006 10:28,200511,LUTON,SWITZERLAND,GENEVA,PRIVATAIR SA,A,C, 0 , 2 , 0 , 0 , 0 , 0 , 0 , 0 , 0 , 0 , 0 , 0 , 0 
31-Jan-2006 10:28,200511,LUTON,SWITZERLAND,GENEVA,PRIVATAIR SA,D,C, 0 , 2 , 0 , 0 , 0 , 0 , 0 , 0 , 0 , 0 , 0 , 0 , 0 
31-Jan-2006 10:28,200511,LUTON,SWITZERLAND,ZURICH,CAT AVIATION,A,C, 0 , 1 , 0 , 0 , 0 , 0 , 0 , 0 , 0 , 0 , 0 , 0 , 0 
31-Jan-2006 10:28,200511,LUTON,SWITZERLAND,ZURICH,CITY AIRLINE,D,C, 0 , 1 , 0 , 0 , 0 , 0 , 0 , 0 , 0 , 0 , 0 , 0 , 0 
31-Jan-2006 10:28,200511,LUTON,SWITZERLAND,ZURICH,COMFORT-AIR,A,C, 0 , 1 , 0 , 0 , 0 , 0 , 0 , 0 , 0 , 0 , 0 , 0 , 0 
31-Jan-2006 10:28,200511,LUTON,SWITZERLAND,ZURICH,HELVETIC AIRWAYS,A,S, 52 , 0 , 92.3076923076923 , 3.84615384615385 , 1.92307692307692 , 1.92307692307692 , 0 , 0 , 6.38461538461539 , 0 , 0 , 0 , 0 
31-Jan-2006 10:28,200511,LUTON,SWITZERLAND,ZURICH,HELVETIC AIRWAYS,D,S, 52 , 0 , 80.7692307692308 , 15.3846153846154 , 1.92307692307692 , 1.92307692307692 , 0 , 0 , 9.44230769230769 , 0 , 0 , 0 , 0 
31-Jan-2006 10:28,200511,LUTON,TUNISIA,MONASTIR,THOMSONFLY LTD,A,C, 4 , 0 , 50 , 25 , 25 , 0 , 0 , 0 , 18 , 0 , 4 , 50 , 11.25 
31-Jan-2006 10:28,200511,LUTON,TUNISIA,MONASTIR,THOMSONFLY LTD,D,C, 4 , 0 , 100 , 0 , 0 , 0 , 0 , 0 , 7.25 , 0 , 4 , 75 , 6.25 
31-Jan-2006 10:28,200511,LUTON,TURKEY,DALAMAN,THOMSONFLY LTD,A,C, 1 , 0 , 100 , 0 , 0 , 0 , 0 , 0 , 0 , 0 , 0 , 0 , 0 
31-Jan-2006 10:28,200511,LUTON,UNITED ARAB EMIRATES,ABU DHABI INTERNATIONAL,DASNAIR,D,C, 0 , 1 , 0 , 0 , 0 , 0 , 0 , 0 , 0 , 0 , 0 , 0 , 0 
31-Jan-2006 10:28,200511,LUTON,UNITED ARAB EMIRATES,DUBAI,NETJETS AVIATION (USA),A,C, 0 , 1 , 0 , 0 , 0 , 0 , 0 , 0 , 0 , 0 , 0 , 0 , 0 
31-Jan-2006 10:28,200511,LUTON,UNITED KINGDOM,ABERDEEN,EASYJET AIRLINE COMPANY LTD,A,S, 52 , 0 , 84.6153846153846 , 15.3846153846154 , 0 , 0 , 0 , 0 , 5.53846153846154 , 0 , 60 , 81.6666666666667 , 11.5333333333333 
31-Jan-2006 10:28,200511,LUTON,UNITED KINGDOM,ABERDEEN,EASYJET AIRLINE COMPANY LTD,D,S, 52 , 0 , 67.3076923076923 , 28.8461538461538 , 3.84615384615385 , 0 , 0 , 0 , 13.3461538461538 , 0 , 60 , 71.6666666666667 , 17 
31-Jan-2006 10:28,200511,LUTON,UNITED KINGDOM,BELFAST INTERNATIONAL,EASYJET AIRLINE COMPANY LTD,A,S, 138 , 0 , 84.0579710144928 , 2.89855072463768 , 6.52173913043478 , 5.79710144927536 , 0.72463768115942 , 0 , 11.804347826087 , 0 , 138 , 89.8550724637681 , 6.08695652173913 
31-Jan-2006 10:28,200511,LUTON,UNITED KINGDOM,BELFAST INTERNATIONAL,EASYJET AIRLINE COMPANY LTD,D,S, 138 , 0 , 71.0144927536232 , 13.768115942029 , 7.2463768115942 , 7.2463768115942 , 0.72463768115942 , 0 , 19.0144927536232 , 0 , 138 , 81.1594202898551 , 10.9710144927536 
31-Jan-2006 10:28,200511,LUTON,UNITED KINGDOM,BRISTOL,EASYJET AIRLINE COMPANY LTD,A,S, 0 , 1 , 0 , 0 , 0 , 0 , 0 , 0 , 0 , 0 , 0 , 0 , 0 
31-Jan-2006 10:28,200511,LUTON,UNITED KINGDOM,EDINBURGH,AERO SERVICES EXECUTIVE,D,C, 0 , 1 , 0 , 0 , 0 , 0 , 0 , 0 , 0 , 0 , 0 , 0 , 0 
31-Jan-2006 10:28,200511,LUTON,UNITED KINGDOM,EDINBURGH,BRITISH AIRWAYS CITIEXPRESS LTD,A,S, 0 , 1 , 0 , 0 , 0 , 0 , 0 , 0 , 0 , 0 , 0 , 0 , 0 
31-Jan-2006 10:28,200511,LUTON,UNITED KINGDOM,EDINBURGH,BRITISH AIRWAYS CITIEXPRESS LTD,D,S, 0 , 1 , 0 , 0 , 0 , 0 , 0 , 0 , 0 , 0 , 0 , 0 , 0 
31-Jan-2006 10:28,200511,LUTON,UNITED KINGDOM,EDINBURGH,EASYJET AIRLINE COMPANY LTD,A,S, 160 , 1 , 90 , 3.125 , 3.125 , 2.5 , 1.25 , 0 , 8.7875 , 0 , 164 , 85.9756097560976 , 8.14634146341463 
31-Jan-2006 10:28,200511,LUTON,UNITED KINGDOM,EDINBURGH,EASYJET AIRLINE COMPANY LTD,D,S, 159 , 1 , 80.503144654088 , 13.2075471698113 , 4.40251572327044 , 1.88679245283019 , 0 , 0 , 9.94339622641509 , 0 , 164 , 81.0975609756098 , 11.3475609756098 
31-Jan-2006 10:28,200511,LUTON,UNITED KINGDOM,EDINBURGH,SCOT AIRWAYS,A,S, 0 , 1 , 0 , 0 , 0 , 0 , 0 , 0 , 0 , 0 , 0 , 0 , 0 
31-Jan-2006 10:28,200511,LUTON,UNITED KINGDOM,GATWICK,EASYJET AIRLINE COMPANY LTD,D,S, 0 , 1 , 0 , 0 , 0 , 0 , 0 , 0 , 0 , 0 , 0 , 0 , 0 
31-Jan-2006 10:28,200511,LUTON,UNITED KINGDOM,GLASGOW,EASYJET AIRLINE COMPANY LTD,A,S, 164 , 0 , 95.1219512195122 , 1.82926829268293 , 2.4390243902439 , 0 , 0.609756097560976 , 0 , 3.45121951219512 , 0 , 168 , 93.4523809523809 , 6.28571428571429 
31-Jan-2006 10:28,200511,LUTON,UNITED KINGDOM,GLASGOW,EASYJET AIRLINE COMPANY LTD,D,S, 164 , 0 , 84.7560975609756 , 9.14634146341463 , 5.48780487804878 , 0.609756097560976 , 0 , 0 , 7.78048780487805 , 0 , 168 , 89.2857142857143 , 7.35714285714286 
31-Jan-2006 10:28,200511,LUTON,UNITED KINGDOM,HEATHROW,LUFTHANSA,D,C, 0 , 1 , 0 , 0 , 0 , 0 , 0 , 0 , 0 , 0 , 0 , 0 , 0 
31-Jan-2006 10:28,200511,LUTON,UNITED KINGDOM,INVERNESS,EASYJET AIRLINE COMPANY LTD,A,S, 30 , 0 , 80 , 16.6666666666667 , 3.33333333333333 , 0 , 0 , 0 , 7.9 , 0 , 30 , 86.6666666666667 , 9.83333333333333 
31-Jan-2006 10:28,200511,LUTON,UNITED KINGDOM,INVERNESS,EASYJET AIRLINE COMPANY LTD,D,S, 30 , 0 , 76.6666666666667 , 20 , 0 , 3.33333333333333 , 0 , 0 , 13 , 0 , 30 , 76.6666666666667 , 15.3 
31-Jan-2006 10:28,200511,LUTON,UNITED KINGDOM,ISLE OF MAN,AER ARRAN,A,S, 12 , 0 , 91.6666666666667 , 0 , 8.33333333333333 , 0 , 0 , 0 , 5.33333333333333 , 0 , 0 , 0 , 0 
31-Jan-2006 10:28,200511,LUTON,UNITED KINGDOM,ISLE OF MAN,AER ARRAN,D,S, 12 , 0 , 83.3333333333333 , 8.33333333333333 , 8.33333333333333 , 0 , 0 , 0 , 6.33333333333333 , 0 , 0 , 0 , 0 
31-Jan-2006 10:28,200511,LUTON,UNITED KINGDOM,ISLE OF MAN,BA CITIEXPRESS (IOM) LTD,A,S, 0 , 0 , 0 , 0 , 0 , 0 , 0 , 0 , 0 , 0 , 30 , 93.3333333333333 , 2.1 
31-Jan-2006 10:28,200511,LUTON,UNITED KINGDOM,ISLE OF MAN,BA CITIEXPRESS (IOM) LTD,D,S, 0 , 0 , 0 , 0 , 0 , 0 , 0 , 0 , 0 , 0 , 30 , 96.6666666666667 , 1.53333333333333 
31-Jan-2006 10:28,200511,LUTON,UNITED KINGDOM,ISLE OF MAN,BRITISH AIRWAYS CITIEXPRESS LTD,A,S, 21 , 0 , 90.4761904761905 , 0 , 0 , 9.52380952380952 , 0 , 0 , 12.5714285714286 , 0 , 0 , 0 , 0 
31-Jan-2006 10:28,200511,LUTON,UNITED KINGDOM,ISLE OF MAN,BRITISH AIRWAYS CITIEXPRESS LTD,D,S, 21 , 0 , 90.4761904761905 , 0 , 0 , 9.52380952380952 , 0 , 0 , 15.047619047619 , 0 , 0 , 0 , 0 
31-Jan-2006 10:28,200511,LUTON,UNITED KINGDOM,ISLE OF MAN,EUROPEAN AIR CHARTER,D,C, 0 , 0 , 0 , 0 , 0 , 0 , 0 , 0 , 0 , 0 , 1 , 100 , 0 
31-Jan-2006 10:28,200511,LUTON,UNITED KINGDOM,LIVERPOOL,FLIGHTLINE LTD,A,C, 1 , 0 , 0 , 0 , 100 , 0 , 0 , 0 , 38 , 0 , 1 , 100 , 6 
31-Jan-2006 10:28,200511,LUTON,UNITED KINGDOM,LIVERPOOL,FLIGHTLINE LTD,D,C, 0 , 0 , 0 , 0 , 0 , 0 , 0 , 0 , 0 , 0 , 1 , 100 , 5 
31-Jan-2006 10:28,200511,LUTON,UNITED KINGDOM,MANCHESTER,ACM AIR CHARTER LUFTFAHT,A,C, 0 , 1 , 0 , 0 , 0 , 0 , 0 , 0 , 0 , 0 , 0 , 0 , 0 
31-Jan-2006 10:28,200511,LUTON,UNITED KINGDOM,MANCHESTER,BRITISH AIRWAYS PLC,A,C, 0 , 0 , 0 , 0 , 0 , 0 , 0 , 0 , 0 , 0 , 1 , 100 , 0 
31-Jan-2006 10:28,200511,LUTON,UNITED KINGDOM,MANCHESTER,BRITISH AIRWAYS PLC,D,C, 1 , 0 , 0 , 100 , 0 , 0 , 0 , 0 , 23 , 0 , 0 , 0 , 0 
31-Jan-2006 10:28,200511,LUTON,UNITED KINGDOM,MANCHESTER,FLIGHTLINE LTD,D,C, 1 , 0 , 0 , 100 , 0 , 0 , 0 , 0 , 18 , 0 , 0 , 0 , 0 
31-Jan-2006 10:28,200511,LUTON,UNITED KINGDOM,MANCHESTER,FLYJET LTD,A,C, 4 , 0 , 75 , 0 , 0 , 25 , 0 , 0 , 30 , 0 , 0 , 0 , 0 
31-Jan-2006 10:28,200511,LUTON,UNITED KINGDOM,MANCHESTER,FLYJET LTD,D,C, 3 , 0 , 33.3333333333333 , 0 , 66.6666666666667 , 0 , 0 , 0 , 31.3333333333333 , 0 , 0 , 0 , 0 
31-Jan-2006 10:28,200511,LUTON,UNITED KINGDOM,NEWCASTLE,AIR ALSIE,A,C, 0 , 1 , 0 , 0 , 0 , 0 , 0 , 0 , 0 , 0 , 0 , 0 , 0 
31-Jan-2006 10:28,200511,LUTON,UNITED KINGDOM,NEWCASTLE,THOMSONFLY LTD,A,C, 0 , 1 , 0 , 0 , 0 , 0 , 0 , 0 , 0 , 0 , 0 , 0 , 0 
31-Jan-2006 10:28,200511,LUTON,UNITED KINGDOM,PRESTWICK,RYANAIR,A,S, 0 , 1 , 0 , 0 , 0 , 0 , 0 , 0 , 0 , 0 , 0 , 0 , 0 
31-Jan-2006 10:28,200511,LUTON,USA,BOSTON,GESTAIR EXECUTIVE JET,A,C, 0 , 1 , 0 , 0 , 0 , 0 , 0 , 0 , 0 , 0 , 0 , 0 , 0 
31-Jan-2006 10:28,200511,LUTON,USA,CLEVELAND,GESTAIR EXECUTIVE JET,D,C, 1 , 0 , 0 , 0 , 100 , 0 , 0 , 0 , 36 , 0 , 0 , 0 , 0 
31-Jan-2006 10:28,200511,LUTON,USA,NEW YORK (JF KENNEDY),EOS AIRLINES,A,S, 0 , 1 , 0 , 0 , 0 , 0 , 0 , 0 , 0 , 0 , 0 , 0 , 0 
31-Jan-2006 10:28,200511,LUTON,USA,TETERBORO,GESTAIR EXECUTIVE JET,D,C, 0 , 1 , 0 , 0 , 0 , 0 , 0 , 0 , 0 , 0 , 0 , 0 , 0 
31-Jan-2006 10:28,200511,LUTON,USA,TETERBORO,NETJETS AVIATION (USA),D,C, 0 , 1 , 0 , 0 , 0 , 0 , 0 , 0 , 0 , 0 , 0 , 0 , 0 
31-Jan-2006 10:28,200511,LUTON,USA,WASHINGTON (DULLES),NETJETS AVIATION (USA),D,C, 0 , 1 , 0 , 0 , 0 , 0 , 0 , 0 , 0 , 0 , 0 , 0 , 0 
31-Jan-2006 10:28,200511,LUTON,USA,WHITE PLAINS,NETJETS AVIATION (USA),A,C, 0 , 1 , 0 , 0 , 0 , 0 , 0 , 0 , 0 , 0 , 0 , 0 , 0 
31-Jan-2006 10:28,200511,MANCHESTER,ANTIGUA AND BARBUDA,ANTIGUA,BMI BRITISH MIDLAND,A,S, 0 , 0 , 0 , 0 , 0 , 0 , 0 , 0 , 0 , 0 , 1 , 100 , 0 
31-Jan-2006 10:28,200511,MANCHESTER,ANTIGUA AND BARBUDA,ANTIGUA,BMI BRITISH MIDLAND,D,S, 0 , 0 , 0 , 0 , 0 , 0 , 0 , 0 , 0 , 0 , 1 , 100 , 0 
31-Jan-2006 10:28,200511,MANCHESTER,AUSTRIA,SALZBURG,THOMSONFLY LTD,A,C, 1 , 0 , 0 , 100 , 0 , 0 , 0 , 0 , 16 , 0 , 0 , 0 , 0 
31-Jan-2006 10:28,200511,MANCHESTER,AUSTRIA,SALZBURG,THOMSONFLY LTD,D,C, 1 , 0 , 100 , 0 , 0 , 0 , 0 , 0 , 0 , 0 , 0 , 0 , 0 
31-Jan-2006 10:28,200511,MANCHESTER,AUSTRIA,VIENNA,BRITISH AIRWAYS CITIEXPRESS LTD,A,S, 29 , 0 , 79.3103448275862 , 6.89655172413793 , 6.89655172413793 , 6.89655172413793 , 0 , 0 , 14.0344827586207 , 0 , 29 , 72.4137931034483 , 20.2758620689655 
31-Jan-2006 10:28,200511,MANCHESTER,AUSTRIA,VIENNA,BRITISH AIRWAYS CITIEXPRESS LTD,D,S, 28 , 0 , 82.1428571428572 , 7.14285714285714 , 10.7142857142857 , 0 , 0 , 0 , 7.10714285714286 , 0 , 29 , 65.5172413793103 , 23.7241379310345 
31-Jan-2006 10:28,200511,MANCHESTER,BARBADOS,BRIDGETOWN,BMI BRITISH MIDLAND,A,S, 8 , 0 , 50 , 12.5 , 25 , 12.5 , 0 , 0 , 26 , 0 , 1 , 100 , 0 
31-Jan-2006 10:28,200511,MANCHESTER,BARBADOS,BRIDGETOWN,BMI BRITISH MIDLAND,D,S, 9 , 0 , 66.6666666666667 , 11.1111111111111 , 0 , 11.1111111111111 , 11.1111111111111 , 0 , 36.1111111111111 , 0 , 1 , 0 , 18 
31-Jan-2006 10:28,200511,MANCHESTER,BARBADOS,BRIDGETOWN,EXCEL AIRWAYS LTD,A,C, 4 , 0 , 25 , 0 , 0 , 75 , 0 , 0 , 60.25 , 0 , 4 , 0 , 33.25 
31-Jan-2006 10:28,200511,MANCHESTER,BARBADOS,BRIDGETOWN,EXCEL AIRWAYS LTD,D,C, 3 , 0 , 66.6666666666667 , 0 , 0 , 33.3333333333333 , 0 , 0 , 31.3333333333333 , 0 , 4 , 0 , 24.75 
31-Jan-2006 10:28,200511,MANCHESTER,BARBADOS,BRIDGETOWN,FIRST CHOICE AIRWAYS LTD,A,C, 2 , 0 , 50 , 0 , 0 , 50 , 0 , 0 , 33 , 0 , 0 , 0 , 0 
31-Jan-2006 10:28,200511,MANCHESTER,BARBADOS,BRIDGETOWN,FIRST CHOICE AIRWAYS LTD,D,C, 3 , 0 , 66.6666666666667 , 33.3333333333333 , 0 , 0 , 0 , 0 , 11.3333333333333 , 0 , 0 , 0 , 0 
31-Jan-2006 10:28,200511,MANCHESTER,BARBADOS,BRIDGETOWN,MY TRAVEL AIRWAYS UK,A,C, 0 , 0 , 0 , 0 , 0 , 0 , 0 , 0 , 0 , 0 , 2 , 0 , 87 
31-Jan-2006 10:28,200511,MANCHESTER,BARBADOS,BRIDGETOWN,MY TRAVEL AIRWAYS UK,D,C, 0 , 0 , 0 , 0 , 0 , 0 , 0 , 0 , 0 , 0 , 2 , 100 , 8.5 
31-Jan-2006 10:28,200511,MANCHESTER,BARBADOS,BRIDGETOWN,THOMAS COOK AIRLINES LTD,A,C, 7 , 0 , 57.1428571428571 , 0 , 14.2857142857143 , 14.2857142857143 , 14.2857142857143 , 0 , 47.7142857142857 , 0 , 5 , 60 , 36.6 
31-Jan-2006 10:28,200511,MANCHESTER,BARBADOS,BRIDGETOWN,THOMAS COOK AIRLINES LTD,D,C, 8 , 0 , 37.5 , 0 , 25 , 37.5 , 0 , 0 , 54.875 , 0 , 6 , 83.3333333333333 , 9.66666666666667 
31-Jan-2006 10:28,200511,MANCHESTER,BARBADOS,BRIDGETOWN,THOMSONFLY LTD,A,C, 6 , 0 , 50 , 50 , 0 , 0 , 0 , 0 , 14 , 0 , 10 , 70 , 10.9 
31-Jan-2006 10:28,200511,MANCHESTER,BARBADOS,BRIDGETOWN,THOMSONFLY LTD,D,C, 5 , 0 , 60 , 40 , 0 , 0 , 0 , 0 , 11.6 , 0 , 8 , 100 , 1.125 
31-Jan-2006 10:28,200511,MANCHESTER,BARBADOS,BRIDGETOWN,VIRGIN ATLANTIC AIRWAYS LTD,A,S, 3 , 0 , 66.6666666666667 , 33.3333333333333 , 0 , 0 , 0 , 0 , 10.3333333333333 , 0 , 0 , 0 , 0 
31-Jan-2006 10:28,200511,MANCHESTER,BARBADOS,BRIDGETOWN,VIRGIN ATLANTIC AIRWAYS LTD,D,S, 3 , 0 , 100 , 0 , 0 , 0 , 0 , 0 , 0 , 0 , 0 , 0 , 0 
31-Jan-2006 10:28,200511,MANCHESTER,BELGIUM,BRUSSELS,BRITISH AIRWAYS CITIEXPRESS LTD,A,S, 66 , 0 , 72.7272727272727 , 6.06060606060606 , 7.57575757575758 , 13.6363636363636 , 0 , 0 , 22.3939393939394 , 0 , 69 , 79.7101449275362 , 10.2898550724638 
31-Jan-2006 10:28,200511,MANCHESTER,BELGIUM,BRUSSELS,BRITISH AIRWAYS CITIEXPRESS LTD,D,S, 67 , 0 , 85.0746268656716 , 2.98507462686567 , 4.47761194029851 , 5.97014925373134 , 1.49253731343284 , 0 , 13.8358208955224 , 0 , 69 , 89.8550724637681 , 5.10144927536232 
31-Jan-2006 10:28,200511,MANCHESTER,BELGIUM,BRUSSELS,SN BRUSSELS AIRLINES,A,S, 80 , 0 , 73.75 , 16.25 , 6.25 , 2.5 , 1.25 , 0 , 14.3125 , 1 , 80 , 77.5 , 9.375 
31-Jan-2006 10:28,200511,MANCHESTER,BELGIUM,BRUSSELS,SN BRUSSELS AIRLINES,D,S, 79 , 0 , 82.2784810126582 , 7.59493670886076 , 6.32911392405063 , 2.53164556962025 , 1.26582278481013 , 0 , 10.7341772151899 , 2 , 80 , 95 , 2.3875 
31-Jan-2006 10:28,200511,MANCHESTER,BULGARIA,SOFIA,BULGARIA AIR,A,S, 8 , 0 , 100 , 0 , 0 , 0 , 0 , 0 , 1.25 , 0 , 0 , 0 , 0 
31-Jan-2006 10:28,200511,MANCHESTER,BULGARIA,SOFIA,BULGARIA AIR,D,S, 8 , 0 , 100 , 0 , 0 , 0 , 0 , 0 , 0 , 0 , 0 , 0 , 0 
31-Jan-2006 10:28,200511,MANCHESTER,CANADA,TORONTO,AIR TRANSAT,A,S, 4 , 1 , 50 , 25 , 25 , 0 , 0 , 0 , 16 , 0 , 4 , 100 , 1 
31-Jan-2006 10:28,200511,MANCHESTER,CANADA,TORONTO,AIR TRANSAT,D,S, 4 , 1 , 50 , 0 , 50 , 0 , 0 , 0 , 22 , 0 , 4 , 75 , 7.5 
31-Jan-2006 10:28,200511,MANCHESTER,CANADA,TORONTO,MY TRAVEL AIRWAYS UK,A,C, 2 , 0 , 50 , 0 , 0 , 50 , 0 , 0 , 78 , 0 , 1 , 0 , 173 
31-Jan-2006 10:28,200511,MANCHESTER,CANADA,TORONTO,MY TRAVEL AIRWAYS UK,D,C, 2 , 0 , 50 , 0 , 0 , 50 , 0 , 0 , 75 , 0 , 0 , 0 , 0 
31-Jan-2006 10:28,200511,MANCHESTER,CANADA,TORONTO,PAKISTAN INTL AIRLINES,A,S, 9 , 0 , 44.4444444444444 , 22.2222222222222 , 22.2222222222222 , 11.1111111111111 , 0 , 0 , 23.4444444444444 , 0 , 8 , 62.5 , 19.5 
31-Jan-2006 10:28,200511,MANCHESTER,CANADA,TORONTO,PAKISTAN INTL AIRLINES,D,S, 9 , 0 , 100 , 0 , 0 , 0 , 0 , 0 , 1.44444444444444 , 0 , 9 , 88.8888888888889 , 4.55555555555556 
31-Jan-2006 10:28,200511,MANCHESTER,CANADA,TORONTO,SKYSERVICE F B O   Inc,D,C, 0 , 1 , 0 , 0 , 0 , 0 , 0 , 0 , 0 , 0 , 0 , 0 , 0 
31-Jan-2006 10:28,200511,MANCHESTER,CANADA,TORONTO,ZOOM AIRLINES,A,S, 4 , 0 , 100 , 0 , 0 , 0 , 0 , 0 , 0 , 0 , 0 , 0 , 0 
31-Jan-2006 10:28,200511,MANCHESTER,CANADA,TORONTO,ZOOM AIRLINES,D,S, 4 , 0 , 50 , 0 , 0 , 25 , 25 , 0 , 72 , 0 , 0 , 0 , 0 
31-Jan-2006 10:28,200511,MANCHESTER,CANADA,VANCOUVER,THOMAS COOK AIRLINES LTD,A,S, 0 , 0 , 0 , 0 , 0 , 0 , 0 , 0 , 0 , 0 , 1 , 100 , 0 
31-Jan-2006 10:28,200511,MANCHESTER,CANADA,VANCOUVER,ZOOM AIRLINES,A,S, 4 , 0 , 75 , 0 , 0 , 25 , 0 , 0 , 30.75 , 0 , 0 , 0 , 0 
31-Jan-2006 10:28,200511,MANCHESTER,CANADA,VANCOUVER,ZOOM AIRLINES,D,S, 4 , 0 , 75 , 0 , 0 , 25 , 0 , 0 , 32.5 , 0 , 0 , 0 , 0 
31-Jan-2006 10:28,200511,MANCHESTER,CUBA,CUNAGUA ( CAYO COCO),THOMAS COOK AIRLINES LTD,A,C, 4 , 0 , 100 , 0 , 0 , 0 , 0 , 0 , 6.25 , 0 , 4 , 100 , 0 
31-Jan-2006 10:28,200511,MANCHESTER,CUBA,CUNAGUA ( CAYO COCO),THOMAS COOK AIRLINES LTD,D,C, 4 , 0 , 75 , 25 , 0 , 0 , 0 , 0 , 5.5 , 0 , 4 , 100 , 0.25 
31-Jan-2006 10:28,200511,MANCHESTER,CUBA,HOLGUIN (FRANK PAIS),FIRST CHOICE AIRWAYS LTD,A,C, 2 , 0 , 50 , 0 , 0 , 50 , 0 , 0 , 84.5 , 0 , 0 , 0 , 0 
31-Jan-2006 10:28,200511,MANCHESTER,CUBA,HOLGUIN (FRANK PAIS),FIRST CHOICE AIRWAYS LTD,D,C, 2 , 0 , 0 , 50 , 50 , 0 , 0 , 0 , 34.5 , 0 , 0 , 0 , 0 
31-Jan-2006 10:28,200511,MANCHESTER,CUBA,HOLGUIN (FRANK PAIS),THOMAS COOK AIRLINES LTD,D,C, 4 , 0 , 75 , 0 , 0 , 25 , 0 , 0 , 17.75 , 0 , 5 , 80 , 8.4 
31-Jan-2006 10:28,200511,MANCHESTER,CUBA,VARADERO,FIRST CHOICE AIRWAYS LTD,A,C, 2 , 0 , 0 , 50 , 0 , 50 , 0 , 0 , 46 , 0 , 0 , 0 , 0 
31-Jan-2006 10:28,200511,MANCHESTER,CUBA,VARADERO,FIRST CHOICE AIRWAYS LTD,D,C, 2 , 0 , 100 , 0 , 0 , 0 , 0 , 0 , 2 , 0 , 0 , 0 , 0 
31-Jan-2006 10:28,200511,MANCHESTER,CUBA,VARADERO,MY TRAVEL AIRWAYS UK,A,C, 1 , 0 , 0 , 0 , 0 , 100 , 0 , 0 , 98 , 0 , 0 , 0 , 0 
31-Jan-2006 10:28,200511,MANCHESTER,CUBA,VARADERO,MY TRAVEL AIRWAYS UK,D,C, 2 , 0 , 50 , 0 , 0 , 50 , 0 , 0 , 50 , 0 , 0 , 0 , 0 
31-Jan-2006 10:28,200511,MANCHESTER,CUBA,VARADERO,THOMAS COOK AIRLINES LTD,A,C, 4 , 0 , 50 , 0 , 0 , 50 , 0 , 0 , 39.75 , 0 , 5 , 20 , 45.4 
31-Jan-2006 10:28,200511,MANCHESTER,CUBA,VARADERO,THOMSONFLY LTD,A,C, 1 , 0 , 100 , 0 , 0 , 0 , 0 , 0 , 0 , 0 , 0 , 0 , 0 
31-Jan-2006 10:28,200511,MANCHESTER,CYPRUS,ERCAN,FLY AIR,D,C, 0 , 0 , 0 , 0 , 0 , 0 , 0 , 0 , 0 , 0 , 1 , 0 , 18 
31-Jan-2006 10:28,200511,MANCHESTER,CYPRUS,LARNACA,CYPRUS AIRWAYS,A,S, 13 , 0 , 69.2307692307692 , 15.3846153846154 , 15.3846153846154 , 0 , 0 , 0 , 11.9230769230769 , 0 , 12 , 75 , 13.5 
31-Jan-2006 10:28,200511,MANCHESTER,CYPRUS,LARNACA,CYPRUS AIRWAYS,D,S, 13 , 0 , 46.1538461538462 , 30.7692307692308 , 15.3846153846154 , 7.69230769230769 , 0 , 0 , 20.6153846153846 , 0 , 9 , 44.4444444444444 , 24.8888888888889 
31-Jan-2006 10:28,200511,MANCHESTER,CYPRUS,LARNACA,EUROCYPRIA AIRLINES LTD,A,C, 4 , 0 , 75 , 25 , 0 , 0 , 0 , 0 , 7.5 , 0 , 0 , 0 , 0 
31-Jan-2006 10:28,200511,MANCHESTER,CYPRUS,LARNACA,EUROCYPRIA AIRLINES LTD,D,C, 4 , 0 , 75 , 25 , 0 , 0 , 0 , 0 , 11.75 , 0 , 0 , 0 , 0 
31-Jan-2006 10:28,200511,MANCHESTER,CYPRUS,LARNACA,EXCEL AIRWAYS LTD,A,C, 0 , 0 , 0 , 0 , 0 , 0 , 0 , 0 , 0 , 0 , 7 , 57.1428571428571 , 16.1428571428571 
31-Jan-2006 10:28,200511,MANCHESTER,CYPRUS,LARNACA,EXCEL AIRWAYS LTD,D,C, 0 , 0 , 0 , 0 , 0 , 0 , 0 , 0 , 0 , 0 , 6 , 83.3333333333333 , 6.33333333333333 
31-Jan-2006 10:28,200511,MANCHESTER,CYPRUS,LARNACA,FIRST CHOICE AIRWAYS LTD,A,S, 2 , 0 , 100 , 0 , 0 , 0 , 0 , 0 , 0.5 , 0 , 3 , 100 , 0 
31-Jan-2006 10:28,200511,MANCHESTER,CYPRUS,LARNACA,FIRST CHOICE AIRWAYS LTD,D,S, 2 , 0 , 100 , 0 , 0 , 0 , 0 , 0 , 0 , 0 , 0 , 0 , 0 
31-Jan-2006 10:28,200511,MANCHESTER,CYPRUS,LARNACA,HELIOS AIRWAYS LTD,A,S, 6 , 0 , 50 , 0 , 16.6666666666667 , 33.3333333333333 , 0 , 0 , 38.8333333333333 , 2 , 4 , 50 , 45.5 
31-Jan-2006 10:28,200511,MANCHESTER,CYPRUS,LARNACA,HELIOS AIRWAYS LTD,D,S, 5 , 0 , 20 , 20 , 40 , 20 , 0 , 0 , 50 , 2 , 4 , 50 , 52.75 
31-Jan-2006 10:28,200511,MANCHESTER,CYPRUS,LARNACA,MY TRAVEL AIRWAYS UK,A,C, 0 , 0 , 0 , 0 , 0 , 0 , 0 , 0 , 0 , 0 , 1 , 0 , 71 
31-Jan-2006 10:28,200511,MANCHESTER,CYPRUS,LARNACA,THOMAS COOK AIRLINES LTD,A,C, 5 , 0 , 20 , 60 , 20 , 0 , 0 , 0 , 24.8 , 0 , 8 , 50 , 50.5 
31-Jan-2006 10:28,200511,MANCHESTER,CYPRUS,LARNACA,THOMAS COOK AIRLINES LTD,D,C, 3 , 0 , 100 , 0 , 0 , 0 , 0 , 0 , 0 , 0 , 5 , 100 , 0 
31-Jan-2006 10:28,200511,MANCHESTER,CYPRUS,PAPHOS,AIR MALTA,A,C, 0 , 0 , 0 , 0 , 0 , 0 , 0 , 0 , 0 , 0 , 8 , 62.5 , 25.375 
31-Jan-2006 10:28,200511,MANCHESTER,CYPRUS,PAPHOS,AIR MALTA,D,C, 0 , 0 , 0 , 0 , 0 , 0 , 0 , 0 , 0 , 0 , 8 , 62.5 , 30.75 
31-Jan-2006 10:28,200511,MANCHESTER,CYPRUS,PAPHOS,CYPRUS AIRWAYS,D,S, 0 , 0 , 0 , 0 , 0 , 0 , 0 , 0 , 0 , 0 , 3 , 33.3333333333333 , 44.6666666666667 
31-Jan-2006 10:28,200511,MANCHESTER,CYPRUS,PAPHOS,EUROCYPRIA AIRLINES LTD,A,C, 4 , 0 , 75 , 25 , 0 , 0 , 0 , 0 , 9.25 , 0 , 10 , 70 , 9.1 
31-Jan-2006 10:28,200511,MANCHESTER,CYPRUS,PAPHOS,EUROCYPRIA AIRLINES LTD,D,C, 3 , 0 , 66.6666666666667 , 0 , 33.3333333333333 , 0 , 0 , 0 , 18 , 0 , 9 , 88.8888888888889 , 6.44444444444444 
31-Jan-2006 10:28,200511,MANCHESTER,CYPRUS,PAPHOS,EXCEL AIRWAYS LTD,A,C, 4 , 0 , 75 , 0 , 0 , 0 , 25 , 0 , 57.75 , 0 , 1 , 0 , 23 
31-Jan-2006 10:28,200511,MANCHESTER,CYPRUS,PAPHOS,EXCEL AIRWAYS LTD,D,C, 4 , 0 , 75 , 0 , 0 , 0 , 25 , 0 , 57.75 , 0 , 0 , 0 , 0 
31-Jan-2006 10:28,200511,MANCHESTER,CYPRUS,PAPHOS,FIRST CHOICE AIRWAYS LTD,A,S, 6 , 2 , 100 , 0 , 0 , 0 , 0 , 0 , 0 , 2 , 7 , 85.7142857142857 , 12.5714285714286 
31-Jan-2006 10:28,200511,MANCHESTER,CYPRUS,PAPHOS,FIRST CHOICE AIRWAYS LTD,D,S, 8 , 0 , 87.5 , 12.5 , 0 , 0 , 0 , 0 , 5 , 0 , 7 , 100 , 0.142857142857143 
31-Jan-2006 10:28,200511,MANCHESTER,CYPRUS,PAPHOS,GB AIRWAYS LTD,A,S, 9 , 0 , 55.5555555555556 , 11.1111111111111 , 22.2222222222222 , 11.1111111111111 , 0 , 0 , 24.1111111111111 , 0 , 0 , 0 , 0 
31-Jan-2006 10:28,200511,MANCHESTER,CYPRUS,PAPHOS,GB AIRWAYS LTD,D,S, 9 , 0 , 66.6666666666667 , 11.1111111111111 , 22.2222222222222 , 0 , 0 , 0 , 13.5555555555556 , 0 , 0 , 0 , 0 
31-Jan-2006 10:28,200511,MANCHESTER,CYPRUS,PAPHOS,THOMAS COOK AIRLINES LTD,A,C, 10 , 0 , 50 , 30 , 0 , 20 , 0 , 0 , 22.4 , 0 , 11 , 72.7272727272727 , 128.636363636364 
31-Jan-2006 10:28,200511,MANCHESTER,CYPRUS,PAPHOS,THOMAS COOK AIRLINES LTD,D,C, 9 , 0 , 88.8888888888889 , 11.1111111111111 , 0 , 0 , 0 , 0 , 2.22222222222222 , 0 , 9 , 100 , 1 
31-Jan-2006 10:28,200511,MANCHESTER,CYPRUS,PAPHOS,THOMSONFLY LTD,A,C, 10 , 0 , 70 , 10 , 10 , 0 , 0 , 10 , 131.1 , 0 , 8 , 75 , 9.875 
31-Jan-2006 10:28,200511,MANCHESTER,CYPRUS,PAPHOS,THOMSONFLY LTD,D,C, 9 , 0 , 88.8888888888889 , 0 , 0 , 11.1111111111111 , 0 , 0 , 8.22222222222222 , 0 , 8 , 87.5 , 7 
31-Jan-2006 10:28,200511,MANCHESTER,CZECH REPUBLIC,PRAGUE,BMIBABY LTD,A,S, 29 , 0 , 41.3793103448276 , 24.1379310344828 , 17.2413793103448 , 13.7931034482759 , 3.44827586206897 , 0 , 34.8275862068966 , 0 , 55 , 52.7272727272727 , 27.6909090909091 
31-Jan-2006 10:28,200511,MANCHESTER,CZECH REPUBLIC,PRAGUE,BMIBABY LTD,D,S, 29 , 0 , 62.0689655172414 , 13.7931034482759 , 10.3448275862069 , 13.7931034482759 , 0 , 0 , 22.6206896551724 , 0 , 56 , 64.2857142857143 , 17.5892857142857 
31-Jan-2006 10:28,200511,MANCHESTER,CZECH REPUBLIC,PRAGUE,CSA,A,C, 0 , 0 , 0 , 0 , 0 , 0 , 0 , 0 , 0 , 0 , 1 , 100 , 11 
31-Jan-2006 10:28,200511,MANCHESTER,CZECH REPUBLIC,PRAGUE,CSA,A,S, 71 , 0 , 85.9154929577465 , 7.04225352112676 , 2.8169014084507 , 4.22535211267606 , 0 , 0 , 7.73239436619718 , 1 , 56 , 71.4285714285714 , 11.7321428571429 
31-Jan-2006 10:28,200511,MANCHESTER,CZECH REPUBLIC,PRAGUE,CSA,D,S, 72 , 0 , 61.1111111111111 , 22.2222222222222 , 9.72222222222222 , 5.55555555555556 , 1.38888888888889 , 0 , 19.3888888888889 , 0 , 57 , 84.2105263157895 , 15.7543859649123 
31-Jan-2006 10:28,200511,MANCHESTER,CZECH REPUBLIC,PRAGUE,TRAVEL SERVICE AIRLINES,A,C, 0 , 0 , 0 , 0 , 0 , 0 , 0 , 0 , 0 , 0 , 2 , 0 , 36.5 
31-Jan-2006 10:28,200511,MANCHESTER,CZECH REPUBLIC,PRAGUE,TRAVEL SERVICE AIRLINES,D,C, 0 , 0 , 0 , 0 , 0 , 0 , 0 , 0 , 0 , 0 , 2 , 50 , 33.5 
31-Jan-2006 10:28,200511,MANCHESTER,DENMARK,BILLUND,SUN AIR OF SCANDINAVIA,A,S, 46 , 0 , 41.304347826087 , 30.4347826086956 , 21.7391304347826 , 6.52173913043478 , 0 , 0 , 22.6086956521739 , 2 , 46 , 30.4347826086956 , 39.6521739130435 
31-Jan-2006 10:28,200511,MANCHESTER,DENMARK,BILLUND,SUN AIR OF SCANDINAVIA,D,S, 46 , 0 , 65.2173913043478 , 15.2173913043478 , 13.0434782608696 , 6.52173913043478 , 0 , 0 , 17.1304347826087 , 2 , 47 , 65.9574468085106 , 26.7659574468085 
31-Jan-2006 10:28,200511,MANCHESTER,DENMARK,COPENHAGEN,BRITISH AIRWAYS CITIEXPRESS LTD,A,S, 0 , 0 , 0 , 0 , 0 , 0 , 0 , 0 , 0 , 0 , 52 , 75 , 15.9038461538462 
31-Jan-2006 10:28,200511,MANCHESTER,DENMARK,COPENHAGEN,BRITISH AIRWAYS CITIEXPRESS LTD,D,S, 0 , 0 , 0 , 0 , 0 , 0 , 0 , 0 , 0 , 0 , 52 , 80.7692307692308 , 10.8076923076923 
31-Jan-2006 10:28,200511,MANCHESTER,DENMARK,COPENHAGEN,MAERSK AIR,A,S, 0 , 0 , 0 , 0 , 0 , 0 , 0 , 0 , 0 , 0 , 22 , 54.5454545454545 , 18.6818181818182 
31-Jan-2006 10:28,200511,MANCHESTER,DENMARK,COPENHAGEN,MAERSK AIR,D,S, 0 , 0 , 0 , 0 , 0 , 0 , 0 , 0 , 0 , 0 , 22 , 77.2727272727273 , 7 
31-Jan-2006 10:28,200511,MANCHESTER,DENMARK,COPENHAGEN,SAS,A,S, 86 , 0 , 79.0697674418605 , 17.4418604651163 , 2.32558139534884 , 1.16279069767442 , 0 , 0 , 9.05813953488372 , 0 , 109 , 77.0642201834862 , 11.6330275229358 
31-Jan-2006 10:28,200511,MANCHESTER,DENMARK,COPENHAGEN,SAS,D,S, 86 , 0 , 74.4186046511628 , 17.4418604651163 , 3.48837209302326 , 4.65116279069767 , 0 , 0 , 11.953488372093 , 0 , 109 , 89.9082568807339 , 7.44036697247706 
31-Jan-2006 10:28,200511,MANCHESTER,DOMINICAN REPUBLIC,LA ROMANA,CONDOR,A,S, 1 , 0 , 100 , 0 , 0 , 0 , 0 , 0 , 0 , 0 , 0 , 0 , 0 
31-Jan-2006 10:28,200511,MANCHESTER,DOMINICAN REPUBLIC,LA ROMANA,MY TRAVEL AIRWAYS UK,A,C, 4 , 1 , 100 , 0 , 0 , 0 , 0 , 0 , 0 , 0 , 5 , 80 , 17.4 
31-Jan-2006 10:28,200511,MANCHESTER,DOMINICAN REPUBLIC,LA ROMANA,MY TRAVEL AIRWAYS UK,D,C, 4 , 0 , 100 , 0 , 0 , 0 , 0 , 0 , 0.5 , 0 , 5 , 60 , 31 
31-Jan-2006 10:28,200511,MANCHESTER,DOMINICAN REPUBLIC,PUERTO PLATA,FIRST CHOICE AIRWAYS LTD,A,C, 4 , 1 , 75 , 25 , 0 , 0 , 0 , 0 , 9.5 , 0 , 0 , 0 , 0 
31-Jan-2006 10:28,200511,MANCHESTER,DOMINICAN REPUBLIC,PUERTO PLATA,FIRST CHOICE AIRWAYS LTD,D,C, 4 , 0 , 50 , 25 , 0 , 25 , 0 , 0 , 24 , 0 , 0 , 0 , 0 
31-Jan-2006 10:28,200511,MANCHESTER,DOMINICAN REPUBLIC,PUERTO PLATA,MY TRAVEL AIRWAYS UK,A,C, 2 , 3 , 100 , 0 , 0 , 0 , 0 , 0 , 4.5 , 0 , 4 , 50 , 17.25 
31-Jan-2006 10:28,200511,MANCHESTER,DOMINICAN REPUBLIC,PUERTO PLATA,MY TRAVEL AIRWAYS UK,D,C, 5 , 0 , 60 , 40 , 0 , 0 , 0 , 0 , 11.4 , 0 , 5 , 60 , 37.6 
31-Jan-2006 10:28,200511,MANCHESTER,DOMINICAN REPUBLIC,PUERTO PLATA,THOMAS COOK AIRLINES LTD,A,C, 4 , 0 , 100 , 0 , 0 , 0 , 0 , 0 , 5 , 0 , 4 , 100 , 2.5 
31-Jan-2006 10:28,200511,MANCHESTER,DOMINICAN REPUBLIC,PUERTO PLATA,THOMAS COOK AIRLINES LTD,D,C, 4 , 0 , 100 , 0 , 0 , 0 , 0 , 0 , 3.5 , 0 , 4 , 100 , 1.25 
31-Jan-2006 10:28,200511,MANCHESTER,DOMINICAN REPUBLIC,PUERTO PLATA,THOMSONFLY LTD,A,C, 4 , 0 , 75 , 25 , 0 , 0 , 0 , 0 , 6.5 , 0 , 5 , 100 , 0.2 
31-Jan-2006 10:28,200511,MANCHESTER,DOMINICAN REPUBLIC,PUERTO PLATA,THOMSONFLY LTD,D,C, 5 , 0 , 80 , 0 , 0 , 20 , 0 , 0 , 16.4 , 0 , 5 , 100 , 4.2 
31-Jan-2006 10:28,200511,MANCHESTER,DOMINICAN REPUBLIC,PUNTA CANA,FIRST CHOICE AIRWAYS LTD,A,C, 2 , 0 , 100 , 0 , 0 , 0 , 0 , 0 , 5 , 0 , 0 , 0 , 0 
31-Jan-2006 10:28,200511,MANCHESTER,DOMINICAN REPUBLIC,PUNTA CANA,FIRST CHOICE AIRWAYS LTD,D,C, 3 , 0 , 100 , 0 , 0 , 0 , 0 , 0 , 1.33333333333333 , 0 , 0 , 0 , 0 
31-Jan-2006 10:28,200511,MANCHESTER,DOMINICAN REPUBLIC,PUNTA CANA,THOMSONFLY LTD,A,C, 4 , 1 , 75 , 0 , 25 , 0 , 0 , 0 , 17.5 , 0 , 3 , 100 , 0.666666666666667 
31-Jan-2006 10:28,200511,MANCHESTER,DOMINICAN REPUBLIC,PUNTA CANA,THOMSONFLY LTD,D,C, 4 , 0 , 75 , 0 , 25 , 0 , 0 , 0 , 12.75 , 0 , 4 , 100 , 2.25 
31-Jan-2006 10:28,200511,MANCHESTER,EGYPT,ALEXANDRIA (BORG EL ARAB),MONARCH AIRLINES,A,C, 1 , 0 , 0 , 0 , 100 , 0 , 0 , 0 , 47 , 0 , 1 , 0 , 99 
31-Jan-2006 10:28,200511,MANCHESTER,EGYPT,ALEXANDRIA (BORG EL ARAB),MONARCH AIRLINES,D,C, 1 , 0 , 100 , 0 , 0 , 0 , 0 , 0 , 6 , 0 , 1 , 0 , 134 
31-Jan-2006 10:28,200511,MANCHESTER,EGYPT,HURGHADA,EUROCYPRIA AIRLINES LTD,A,C, 4 , 0 , 25 , 50 , 0 , 0 , 0 , 25 , 119.75 , 0 , 0 , 0 , 0 
31-Jan-2006 10:28,200511,MANCHESTER,EGYPT,HURGHADA,EUROCYPRIA AIRLINES LTD,D,C, 4 , 0 , 25 , 25 , 25 , 0 , 0 , 25 , 126.75 , 0 , 0 , 0 , 0 
31-Jan-2006 10:28,200511,MANCHESTER,EGYPT,HURGHADA,EXCEL AIRWAYS LTD,A,C, 4 , 0 , 50 , 25 , 0 , 25 , 0 , 0 , 37.5 , 0 , 13 , 23.0769230769231 , 53.7692307692308 
31-Jan-2006 10:28,200511,MANCHESTER,EGYPT,HURGHADA,EXCEL AIRWAYS LTD,D,C, 4 , 0 , 75 , 25 , 0 , 0 , 0 , 0 , 10.25 , 0 , 14 , 42.8571428571429 , 33 
31-Jan-2006 10:28,200511,MANCHESTER,EGYPT,HURGHADA,FIRST CHOICE AIRWAYS LTD,A,C, 0 , 0 , 0 , 0 , 0 , 0 , 0 , 0 , 0 , 0 , 3 , 0 , 43.6666666666667 
31-Jan-2006 10:28,200511,MANCHESTER,EGYPT,HURGHADA,FIRST CHOICE AIRWAYS LTD,D,C, 0 , 0 , 0 , 0 , 0 , 0 , 0 , 0 , 0 , 0 , 4 , 75 , 6.5 
31-Jan-2006 10:28,200511,MANCHESTER,EGYPT,HURGHADA,MONARCH AIRLINES,A,C, 0 , 0 , 0 , 0 , 0 , 0 , 0 , 0 , 0 , 0 , 1 , 0 , 36 
31-Jan-2006 10:28,200511,MANCHESTER,EGYPT,HURGHADA,MONARCH AIRLINES,D,C, 0 , 0 , 0 , 0 , 0 , 0 , 0 , 0 , 0 , 0 , 1 , 100 , 0 
31-Jan-2006 10:28,200511,MANCHESTER,EGYPT,HURGHADA,MY TRAVEL AIRWAYS UK,A,C, 4 , 0 , 75 , 25 , 0 , 0 , 0 , 0 , 6.5 , 0 , 4 , 0 , 44.75 
31-Jan-2006 10:28,200511,MANCHESTER,EGYPT,HURGHADA,MY TRAVEL AIRWAYS UK,D,C, 4 , 0 , 100 , 0 , 0 , 0 , 0 , 0 , 3 , 0 , 4 , 75 , 8 
31-Jan-2006 10:28,200511,MANCHESTER,EGYPT,HURGHADA,THOMAS COOK AIRLINES LTD,A,C, 2 , 0 , 50 , 0 , 0 , 50 , 0 , 0 , 39 , 0 , 7 , 0 , 48.4285714285714 
31-Jan-2006 10:28,200511,MANCHESTER,EGYPT,HURGHADA,THOMAS COOK AIRLINES LTD,D,C, 2 , 0 , 100 , 0 , 0 , 0 , 0 , 0 , 0 , 0 , 7 , 71.4285714285714 , 10.7142857142857 
31-Jan-2006 10:28,200511,MANCHESTER,EGYPT,HURGHADA,THOMSONFLY LTD,A,C, 5 , 0 , 0 , 0 , 60 , 20 , 0 , 20 , 280.8 , 0 , 9 , 55.5555555555556 , 20.3333333333333 
31-Jan-2006 10:28,200511,MANCHESTER,EGYPT,HURGHADA,THOMSONFLY LTD,D,C, 4 , 0 , 75 , 0 , 25 , 0 , 0 , 0 , 18.75 , 0 , 9 , 100 , 0.555555555555556 
31-Jan-2006 10:28,200511,MANCHESTER,EGYPT,LUXOR,FLYJET LTD,A,C, 1 , 0 , 0 , 0 , 0 , 100 , 0 , 0 , 73 , 0 , 0 , 0 , 0 
31-Jan-2006 10:28,200511,MANCHESTER,EGYPT,LUXOR,MONARCH AIRLINES,A,C, 4 , 0 , 0 , 25 , 50 , 0 , 25 , 0 , 96 , 0 , 5 , 0 , 83.8 
31-Jan-2006 10:28,200511,MANCHESTER,EGYPT,LUXOR,MONARCH AIRLINES,D,C, 4 , 0 , 50 , 25 , 0 , 25 , 0 , 0 , 43 , 0 , 5 , 60 , 71.4 
31-Jan-2006 10:28,200511,MANCHESTER,EGYPT,LUXOR,MY TRAVEL AIRWAYS UK,A,C, 4 , 0 , 25 , 0 , 50 , 25 , 0 , 0 , 31.25 , 0 , 0 , 0 , 0 
31-Jan-2006 10:28,200511,MANCHESTER,EGYPT,LUXOR,MY TRAVEL AIRWAYS UK,D,C, 0 , 4 , 0 , 0 , 0 , 0 , 0 , 0 , 0 , 0 , 0 , 0 , 0 
31-Jan-2006 10:28,200511,MANCHESTER,EGYPT,LUXOR,THOMSONFLY LTD,A,C, 5 , 0 , 40 , 40 , 0 , 20 , 0 , 0 , 23.2 , 0 , 4 , 100 , 2.75 
31-Jan-2006 10:28,200511,MANCHESTER,EGYPT,LUXOR,THOMSONFLY LTD,D,C, 5 , 0 , 80 , 0 , 0 , 20 , 0 , 0 , 21.2 , 0 , 4 , 100 , 0.25 
31-Jan-2006 10:28,200511,MANCHESTER,EGYPT,SHARM EL SHEIKH (OPHIRA),AIR ATLANTA EUROPE LTD,D,C, 1 , 0 , 0 , 100 , 0 , 0 , 0 , 0 , 18 , 0 , 0 , 0 , 0 
31-Jan-2006 10:28,200511,MANCHESTER,EGYPT,SHARM EL SHEIKH (OPHIRA),ASTRAEUS LTD,A,S, 3 , 0 , 100 , 0 , 0 , 0 , 0 , 0 , 5.33333333333333 , 0 , 0 , 0 , 0 
31-Jan-2006 10:28,200511,MANCHESTER,EGYPT,SHARM EL SHEIKH (OPHIRA),ASTRAEUS LTD,D,S, 3 , 0 , 100 , 0 , 0 , 0 , 0 , 0 , 0 , 0 , 0 , 0 , 0 
31-Jan-2006 10:28,200511,MANCHESTER,EGYPT,SHARM EL SHEIKH (OPHIRA),EXCEL AIRWAYS LTD,A,C, 6 , 0 , 50 , 33.3333333333333 , 0 , 0 , 0 , 16.6666666666667 , 71.1666666666667 , 0 , 0 , 0 , 0 
31-Jan-2006 10:28,200511,MANCHESTER,EGYPT,SHARM EL SHEIKH (OPHIRA),EXCEL AIRWAYS LTD,D,C, 6 , 0 , 66.6666666666667 , 16.6666666666667 , 0 , 0 , 0 , 16.6666666666667 , 73.5 , 0 , 0 , 0 , 0 
31-Jan-2006 10:28,200511,MANCHESTER,EGYPT,SHARM EL SHEIKH (OPHIRA),FIRST CHOICE AIRWAYS LTD,A,C, 9 , 0 , 22.2222222222222 , 22.2222222222222 , 44.4444444444444 , 11.1111111111111 , 0 , 0 , 35.3333333333333 , 0 , 0 , 0 , 0 
31-Jan-2006 10:28,200511,MANCHESTER,EGYPT,SHARM EL SHEIKH (OPHIRA),FIRST CHOICE AIRWAYS LTD,D,C, 9 , 0 , 55.5555555555556 , 11.1111111111111 , 22.2222222222222 , 11.1111111111111 , 0 , 0 , 23.5555555555556 , 0 , 0 , 0 , 0 
31-Jan-2006 10:28,200511,MANCHESTER,EGYPT,SHARM EL SHEIKH (OPHIRA),MONARCH AIRLINES,A,C, 1 , 0 , 100 , 0 , 0 , 0 , 0 , 0 , 7 , 0 , 0 , 0 , 0 
31-Jan-2006 10:28,200511,MANCHESTER,EGYPT,SHARM EL SHEIKH (OPHIRA),MONARCH AIRLINES,D,C, 1 , 0 , 100 , 0 , 0 , 0 , 0 , 0 , 0 , 0 , 0 , 0 , 0 
31-Jan-2006 10:28,200511,MANCHESTER,EGYPT,SHARM EL SHEIKH (OPHIRA),MY TRAVEL AIRWAYS UK,A,C, 5 , 0 , 40 , 0 , 0 , 60 , 0 , 0 , 68.4 , 0 , 0 , 0 , 0 
31-Jan-2006 10:28,200511,MANCHESTER,EGYPT,SHARM EL SHEIKH (OPHIRA),MY TRAVEL AIRWAYS UK,D,C, 4 , 0 , 25 , 0 , 25 , 50 , 0 , 0 , 46.25 , 0 , 0 , 0 , 0 
31-Jan-2006 10:28,200511,MANCHESTER,EGYPT,SHARM EL SHEIKH (OPHIRA),THOMAS COOK AIRLINES LTD,A,C, 5 , 1 , 40 , 0 , 60 , 0 , 0 , 0 , 28.4 , 0 , 0 , 0 , 0 
31-Jan-2006 10:28,200511,MANCHESTER,EGYPT,SHARM EL SHEIKH (OPHIRA),THOMAS COOK AIRLINES LTD,D,C, 4 , 2 , 50 , 25 , 25 , 0 , 0 , 0 , 16.25 , 0 , 0 , 0 , 0 
31-Jan-2006 10:28,200511,MANCHESTER,EGYPT,SHARM EL SHEIKH (OPHIRA),THOMSONFLY LTD,A,C, 12 , 0 , 33.3333333333333 , 16.6666666666667 , 25 , 25 , 0 , 0 , 47.3333333333333 , 0 , 0 , 0 , 0 
31-Jan-2006 10:28,200511,MANCHESTER,EGYPT,SHARM EL SHEIKH (OPHIRA),THOMSONFLY LTD,D,C, 12 , 1 , 66.6666666666667 , 0 , 25 , 8.33333333333333 , 0 , 0 , 22.1666666666667 , 0 , 0 , 0 , 0 
31-Jan-2006 10:28,200511,MANCHESTER,EGYPT,TABA,ASTRAEUS LTD,A,C, 4 , 0 , 0 , 25 , 0 , 50 , 25 , 0 , 103.25 , 0 , 9 , 44.4444444444444 , 17.3333333333333 
31-Jan-2006 10:28,200511,MANCHESTER,EGYPT,TABA,ASTRAEUS LTD,D,C, 4 , 0 , 50 , 25 , 0 , 25 , 0 , 0 , 25 , 0 , 8 , 100 , 2.375 
31-Jan-2006 10:28,200511,MANCHESTER,EGYPT,TABA,FIRST CHOICE AIRWAYS LTD,A,C, 4 , 0 , 50 , 25 , 0 , 0 , 25 , 0 , 55.5 , 0 , 0 , 0 , 0 
31-Jan-2006 10:28,200511,MANCHESTER,EGYPT,TABA,FIRST CHOICE AIRWAYS LTD,D,C, 5 , 0 , 60 , 20 , 0 , 0 , 20 , 0 , 47 , 0 , 0 , 0 , 0 
31-Jan-2006 10:28,200511,MANCHESTER,EGYPT,TABA,THOMSONFLY LTD,A,C, 3 , 0 , 0 , 0 , 66.6666666666667 , 33.3333333333333 , 0 , 0 , 54.6666666666667 , 0 , 0 , 0 , 0 
31-Jan-2006 10:28,200511,MANCHESTER,EGYPT,TABA,THOMSONFLY LTD,D,C, 4 , 0 , 75 , 25 , 0 , 0 , 0 , 0 , 8.75 , 0 , 0 , 0 , 0 
31-Jan-2006 10:28,200511,MANCHESTER,ESTONIA,TALLIN,ESTONIAN AIR,A,S, 8 , 0 , 75 , 12.5 , 0 , 0 , 12.5 , 0 , 42.5 , 0 , 0 , 0 , 0 
31-Jan-2006 10:28,200511,MANCHESTER,ESTONIA,TALLIN,ESTONIAN AIR,D,S, 8 , 0 , 87.5 , 0 , 0 , 0 , 12.5 , 0 , 35.75 , 0 , 0 , 0 , 0 
31-Jan-2006 10:28,200511,MANCHESTER,FINLAND,HELSINKI,FINNAIR,A,S, 56 , 0 , 46.4285714285714 , 32.1428571428571 , 16.0714285714286 , 5.35714285714286 , 0 , 0 , 20.9642857142857 , 0 , 56 , 73.2142857142857 , 12.5714285714286 
31-Jan-2006 10:28,200511,MANCHESTER,FINLAND,HELSINKI,FINNAIR,D,S, 56 , 0 , 62.5 , 12.5 , 17.8571428571429 , 7.14285714285714 , 0 , 0 , 18.5892857142857 , 0 , 56 , 89.2857142857143 , 5.58928571428571 
31-Jan-2006 10:28,200511,MANCHESTER,FINLAND,HELSINKI,MY TRAVEL AIRWAYS UK,A,C, 0 , 0 , 0 , 0 , 0 , 0 , 0 , 0 , 0 , 0 , 1 , 0 , 28 
31-Jan-2006 10:28,200511,MANCHESTER,FINLAND,KITTILA,FIRST CHOICE AIRWAYS LTD,D,C, 1 , 0 , 100 , 0 , 0 , 0 , 0 , 0 , 3 , 0 , 0 , 0 , 0 
31-Jan-2006 10:28,200511,MANCHESTER,FINLAND,ROVANIEMI,THOMSONFLY LTD,A,C, 1 , 0 , 0 , 100 , 0 , 0 , 0 , 0 , 29 , 0 , 2 , 100 , 0 
31-Jan-2006 10:28,200511,MANCHESTER,FINLAND,ROVANIEMI,THOMSONFLY LTD,D,C, 2 , 0 , 100 , 0 , 0 , 0 , 0 , 0 , 3 , 0 , 3 , 66.6666666666667 , 10 
31-Jan-2006 10:28,200511,MANCHESTER,FRANCE,BORDEAUX,BMIBABY LTD,A,S, 30 , 0 , 46.6666666666667 , 30 , 3.33333333333333 , 16.6666666666667 , 0 , 3.33333333333333 , 38.7 , 0 , 0 , 0 , 0 
31-Jan-2006 10:28,200511,MANCHESTER,FRANCE,BORDEAUX,BMIBABY LTD,D,S, 30 , 0 , 86.6666666666667 , 6.66666666666667 , 6.66666666666667 , 0 , 0 , 0 , 5.86666666666667 , 0 , 0 , 0 , 0 
31-Jan-2006 10:28,200511,MANCHESTER,FRANCE,LYON,AIR HORIZONS,A,C, 0 , 0 , 0 , 0 , 0 , 0 , 0 , 0 , 0 , 0 , 1 , 0 , 18 
31-Jan-2006 10:28,200511,MANCHESTER,FRANCE,LYON,AIR HORIZONS,D,C, 0 , 0 , 0 , 0 , 0 , 0 , 0 , 0 , 0 , 0 , 1 , 0 , 65 
31-Jan-2006 10:28,200511,MANCHESTER,FRANCE,LYON,AIR MEDITERRANEE,A,C, 0 , 0 , 0 , 0 , 0 , 0 , 0 , 0 , 0 , 0 , 1 , 0 , 18 
31-Jan-2006 10:28,200511,MANCHESTER,FRANCE,LYON,AIR MEDITERRANEE,D,C, 0 , 0 , 0 , 0 , 0 , 0 , 0 , 0 , 0 , 0 , 1 , 0 , 36 
31-Jan-2006 10:28,200511,MANCHESTER,FRANCE,LYON,BRITISH AIRWAYS CITIEXPRESS LTD,A,S, 29 , 0 , 75.8620689655172 , 10.3448275862069 , 10.3448275862069 , 3.44827586206897 , 0 , 0 , 13.7586206896552 , 0 , 30 , 83.3333333333333 , 10.6666666666667 
31-Jan-2006 10:28,200511,MANCHESTER,FRANCE,LYON,BRITISH AIRWAYS CITIEXPRESS LTD,D,S, 29 , 0 , 75.8620689655172 , 6.89655172413793 , 13.7931034482759 , 3.44827586206897 , 0 , 0 , 13.5862068965517 , 0 , 30 , 80 , 11.1333333333333 
31-Jan-2006 10:28,200511,MANCHESTER,FRANCE,LYON,STAR EUROPE,A,C, 0 , 0 , 0 , 0 , 0 , 0 , 0 , 0 , 0 , 0 , 3 , 33.3333333333333 , 29 
31-Jan-2006 10:28,200511,MANCHESTER,FRANCE,LYON,STAR EUROPE,D,C, 0 , 0 , 0 , 0 , 0 , 0 , 0 , 0 , 0 , 0 , 3 , 0 , 30.6666666666667 
31-Jan-2006 10:28,200511,MANCHESTER,FRANCE,NICE,BRITISH AIRWAYS CITIEXPRESS LTD,A,S, 0 , 0 , 0 , 0 , 0 , 0 , 0 , 0 , 0 , 0 , 29 , 100 , 2.13793103448276 
31-Jan-2006 10:28,200511,MANCHESTER,FRANCE,NICE,BRITISH AIRWAYS CITIEXPRESS LTD,D,S, 0 , 0 , 0 , 0 , 0 , 0 , 0 , 0 , 0 , 0 , 30 , 93.3333333333333 , 3.13333333333333 
31-Jan-2006 10:28,200511,MANCHESTER,FRANCE,PARIS (CHARLES DE GAULLE),AIR FRANCE,A,S, 147 , 0 , 73.469387755102 , 11.5646258503401 , 8.84353741496599 , 5.4421768707483 , 0.680272108843537 , 0 , 15.8163265306122 , 0 , 173 , 83.2369942196532 , 9.08670520231214 
31-Jan-2006 10:28,200511,MANCHESTER,FRANCE,PARIS (CHARLES DE GAULLE),AIR FRANCE,D,S, 147 , 0 , 76.1904761904762 , 10.8843537414966 , 5.4421768707483 , 7.48299319727891 , 0 , 0 , 13.891156462585 , 0 , 173 , 86.7052023121387 , 6.20231213872832 
31-Jan-2006 10:28,200511,MANCHESTER,FRANCE,PARIS (CHARLES DE GAULLE),ASTRAEUS LTD,A,C, 1 , 0 , 0 , 0 , 100 , 0 , 0 , 0 , 38 , 0 , 0 , 0 , 0 
31-Jan-2006 10:28,200511,MANCHESTER,FRANCE,PARIS (CHARLES DE GAULLE),ASTRAEUS LTD,D,C, 1 , 0 , 100 , 0 , 0 , 0 , 0 , 0 , 0 , 0 , 0 , 0 , 0 
31-Jan-2006 10:28,200511,MANCHESTER,FRANCE,PARIS (CHARLES DE GAULLE),BRITISH AIRWAYS CITIEXPRESS LTD,A,S, 128 , 0 , 64.84375 , 17.1875 , 9.375 , 7.8125 , 0 , 0.78125 , 21.8828125 , 0 , 131 , 74.0458015267176 , 14.793893129771 
31-Jan-2006 10:28,200511,MANCHESTER,FRANCE,PARIS (CHARLES DE GAULLE),BRITISH AIRWAYS CITIEXPRESS LTD,D,S, 128 , 0 , 76.5625 , 10.15625 , 7.8125 , 4.6875 , 0 , 0.78125 , 14.0234375 , 0 , 130 , 86.1538461538462 , 10.7153846153846 
31-Jan-2006 10:28,200511,MANCHESTER,FRANCE,PARIS (CHARLES DE GAULLE),CITY JET,A,S, 0 , 2 , 0 , 0 , 0 , 0 , 0 , 0 , 0 , 0 , 0 , 0 , 0 
31-Jan-2006 10:28,200511,MANCHESTER,FRANCE,PARIS (CHARLES DE GAULLE),MONARCH AIRLINES,A,C, 2 , 0 , 0 , 50 , 50 , 0 , 0 , 0 , 40.5 , 0 , 0 , 0 , 0 
31-Jan-2006 10:28,200511,MANCHESTER,FRANCE,PARIS (CHARLES DE GAULLE),MONARCH AIRLINES,D,C, 2 , 0 , 100 , 0 , 0 , 0 , 0 , 0 , 1 , 0 , 0 , 0 , 0 
31-Jan-2006 10:28,200511,MANCHESTER,FRANCE,PARIS (CHARLES DE GAULLE),MY TRAVEL AIRWAYS UK,D,C, 1 , 0 , 0 , 100 , 0 , 0 , 0 , 0 , 16 , 0 , 0 , 0 , 0 
31-Jan-2006 10:28,200511,MANCHESTER,FRANCE,TOULOUSE (BLAGNAC),BMI REGIONAL,A,S, 28 , 0 , 82.1428571428572 , 10.7142857142857 , 3.57142857142857 , 3.57142857142857 , 0 , 0 , 6.78571428571429 , 0 , 30 , 80 , 13.9666666666667 
31-Jan-2006 10:28,200511,MANCHESTER,FRANCE,TOULOUSE (BLAGNAC),BMI REGIONAL,D,S, 28 , 0 , 92.8571428571429 , 3.57142857142857 , 0 , 3.57142857142857 , 0 , 0 , 4.53571428571429 , 0 , 30 , 83.3333333333333 , 6.73333333333333 
31-Jan-2006 10:28,200511,MANCHESTER,GAMBIA,BANJUL,ASTRAEUS LTD,A,C, 8 , 0 , 62.5 , 25 , 0 , 12.5 , 0 , 0 , 16.375 , 0 , 6 , 16.6666666666667 , 46.3333333333333 
31-Jan-2006 10:28,200511,MANCHESTER,GAMBIA,BANJUL,ASTRAEUS LTD,D,C, 9 , 0 , 66.6666666666667 , 22.2222222222222 , 11.1111111111111 , 0 , 0 , 0 , 10.8888888888889 , 0 , 8 , 87.5 , 27.75 
31-Jan-2006 10:28,200511,MANCHESTER,GAMBIA,BANJUL,FIRST CHOICE AIRWAYS LTD,A,C, 4 , 0 , 75 , 0 , 25 , 0 , 0 , 0 , 15 , 0 , 4 , 50 , 280.25 
31-Jan-2006 10:28,200511,MANCHESTER,GAMBIA,BANJUL,FIRST CHOICE AIRWAYS LTD,D,C, 4 , 0 , 100 , 0 , 0 , 0 , 0 , 0 , 3.25 , 0 , 4 , 50 , 30 
31-Jan-2006 10:28,200511,MANCHESTER,GAMBIA,BANJUL,THOMAS COOK AIRLINES LTD,A,C, 6 , 0 , 83.3333333333333 , 0 , 16.6666666666667 , 0 , 0 , 0 , 12 , 0 , 4 , 25 , 68.75 
31-Jan-2006 10:28,200511,MANCHESTER,GAMBIA,BANJUL,THOMAS COOK AIRLINES LTD,D,C, 8 , 0 , 87.5 , 0 , 12.5 , 0 , 0 , 0 , 6.125 , 0 , 5 , 60 , 58.6 
31-Jan-2006 10:28,200511,MANCHESTER,GERMANY,BERLIN (TEGEL),AIR BERLIN,A,S, 0 , 0 , 0 , 0 , 0 , 0 , 0 , 0 , 0 , 0 , 30 , 70 , 11 
31-Jan-2006 10:28,200511,MANCHESTER,GERMANY,BERLIN (TEGEL),AIR BERLIN,D,S, 0 , 0 , 0 , 0 , 0 , 0 , 0 , 0 , 0 , 0 , 30 , 83.3333333333333 , 5.16666666666667 
31-Jan-2006 10:28,200511,MANCHESTER,GERMANY,BERLIN (TEGEL),BRITISH AIRWAYS CITIEXPRESS LTD,A,S, 28 , 0 , 75 , 7.14285714285714 , 10.7142857142857 , 3.57142857142857 , 3.57142857142857 , 0 , 16.4285714285714 , 0 , 30 , 80 , 12.8 
31-Jan-2006 10:28,200511,MANCHESTER,GERMANY,BERLIN (TEGEL),BRITISH AIRWAYS CITIEXPRESS LTD,D,S, 28 , 0 , 78.5714285714286 , 7.14285714285714 , 7.14285714285714 , 3.57142857142857 , 3.57142857142857 , 0 , 15.0714285714286 , 0 , 30 , 86.6666666666667 , 10.9 
31-Jan-2006 10:28,200511,MANCHESTER,GERMANY,BERLIN (TEGEL),EXCEL AIRWAYS LTD,A,C, 1 , 0 , 100 , 0 , 0 , 0 , 0 , 0 , 0 , 0 , 0 , 0 , 0 
31-Jan-2006 10:28,200511,MANCHESTER,GERMANY,BERLIN (TEGEL),EXCEL AIRWAYS LTD,D,C, 1 , 0 , 100 , 0 , 0 , 0 , 0 , 0 , 0 , 0 , 0 , 0 , 0 
31-Jan-2006 10:28,200511,MANCHESTER,GERMANY,BERLIN (TEGEL),THOMAS COOK AIRLINES LTD,D,C, 1 , 0 , 100 , 0 , 0 , 0 , 0 , 0 , 0 , 0 , 0 , 0 , 0 
31-Jan-2006 10:28,200511,MANCHESTER,GERMANY,COLOGNE (BONN),BRITISH AIRWAYS CITIEXPRESS LTD,D,S, 0 , 1 , 0 , 0 , 0 , 0 , 0 , 0 , 0 , 0 , 0 , 0 , 0 
31-Jan-2006 10:28,200511,MANCHESTER,GERMANY,COLOGNE (BONN),HAPAG LLOYD EXPRESS,A,S, 23 , 0 , 69.5652173913043 , 17.3913043478261 , 8.69565217391304 , 4.34782608695652 , 0 , 0 , 15 , 4 , 39 , 74.3589743589744 , 12.3846153846154 
31-Jan-2006 10:28,200511,MANCHESTER,GERMANY,COLOGNE (BONN),HAPAG LLOYD EXPRESS,D,S, 23 , 0 , 65.2173913043478 , 8.69565217391304 , 21.7391304347826 , 4.34782608695652 , 0 , 0 , 16.8260869565217 , 4 , 39 , 76.9230769230769 , 10.2564102564103 
31-Jan-2006 10:28,200511,MANCHESTER,GERMANY,COLOGNE (BONN),THOMAS COOK AIRLINES LTD,A,C, 0 , 0 , 0 , 0 , 0 , 0 , 0 , 0 , 0 , 0 , 1 , 100 , 0 
31-Jan-2006 10:28,200511,MANCHESTER,GERMANY,COLOGNE (BONN),THOMAS COOK AIRLINES LTD,D,C, 0 , 0 , 0 , 0 , 0 , 0 , 0 , 0 , 0 , 0 , 1 , 100 , 0 
31-Jan-2006 10:28,200511,MANCHESTER,GERMANY,COLOGNE (BONN),VLM (BELGIUM),A,C, 3 , 0 , 66.6666666666667 , 33.3333333333333 , 0 , 0 , 0 , 0 , 12 , 0 , 0 , 0 , 0 
31-Jan-2006 10:28,200511,MANCHESTER,GERMANY,COLOGNE (BONN),VLM (BELGIUM),D,C, 1 , 0 , 0 , 0 , 100 , 0 , 0 , 0 , 42 , 0 , 0 , 0 , 0 
31-Jan-2006 10:28,200511,MANCHESTER,GERMANY,DUSSELDORF,AIR BERLIN,A,S, 0 , 0 , 0 , 0 , 0 , 0 , 0 , 0 , 0 , 0 , 30 , 50 , 21.2 
31-Jan-2006 10:28,200511,MANCHESTER,GERMANY,DUSSELDORF,AIR BERLIN,D,S, 0 , 0 , 0 , 0 , 0 , 0 , 0 , 0 , 0 , 0 , 30 , 76.6666666666667 , 12.7 
31-Jan-2006 10:28,200511,MANCHESTER,GERMANY,DUSSELDORF,BRITISH AIRWAYS CITIEXPRESS LTD,A,S, 73 , 1 , 72.6027397260274 , 15.0684931506849 , 6.84931506849315 , 2.73972602739726 , 2.73972602739726 , 0 , 16.5890410958904 , 0 , 100 , 90 , 6.53 
31-Jan-2006 10:28,200511,MANCHESTER,GERMANY,DUSSELDORF,BRITISH AIRWAYS CITIEXPRESS LTD,D,S, 74 , 0 , 87.8378378378378 , 4.05405405405405 , 4.05405405405405 , 1.35135135135135 , 2.7027027027027 , 0 , 10.8378378378378 , 0 , 101 , 90.0990099009901 , 4.67326732673267 
31-Jan-2006 10:28,200511,MANCHESTER,GERMANY,DUSSELDORF,LUFTHANSA CITY LINE,A,S, 75 , 0 , 80 , 14.6666666666667 , 4 , 1.33333333333333 , 0 , 0 , 9.92 , 0 , 76 , 78.9473684210526 , 9.03947368421053 
31-Jan-2006 10:28,200511,MANCHESTER,GERMANY,DUSSELDORF,LUFTHANSA CITY LINE,D,S, 75 , 0 , 85.3333333333333 , 8 , 4 , 1.33333333333333 , 1.33333333333333 , 0 , 8.64 , 0 , 76 , 84.2105263157895 , 6.25 
31-Jan-2006 10:28,200511,MANCHESTER,GERMANY,FRANKFURT MAIN,BRITISH AIRWAYS CITIEXPRESS LTD,A,S, 107 , 0 , 82.2429906542056 , 11.214953271028 , 2.80373831775701 , 3.73831775700935 , 0 , 0 , 9.09345794392523 , 0 , 131 , 69.4656488549618 , 14.1984732824427 
31-Jan-2006 10:28,200511,MANCHESTER,GERMANY,FRANKFURT MAIN,BRITISH AIRWAYS CITIEXPRESS LTD,D,S, 107 , 0 , 84.1121495327103 , 9.34579439252336 , 4.67289719626168 , 1.86915887850467 , 0 , 0 , 7.07476635514019 , 0 , 132 , 73.4848484848485 , 11.8560606060606 
31-Jan-2006 10:28,200511,MANCHESTER,GERMANY,FRANKFURT MAIN,CONDOR,D,S, 1 , 0 , 100 , 0 , 0 , 0 , 0 , 0 , 0 , 0 , 0 , 0 , 0 
31-Jan-2006 10:28,200511,MANCHESTER,GERMANY,FRANKFURT MAIN,LUFTHANSA,A,S, 120 , 1 , 77.5 , 10 , 9.16666666666667 , 2.5 , 0.833333333333333 , 0 , 13.7666666666667 , 0 , 120 , 76.6666666666667 , 13.65 
31-Jan-2006 10:28,200511,MANCHESTER,GERMANY,FRANKFURT MAIN,LUFTHANSA,D,S, 120 , 0 , 80.8333333333333 , 8.33333333333333 , 6.66666666666667 , 3.33333333333333 , 0.833333333333333 , 0 , 12.3416666666667 , 0 , 119 , 77.3109243697479 , 9.58823529411765 
31-Jan-2006 10:28,200511,MANCHESTER,GERMANY,HAMBURG,AIR BERLIN,A,S, 13 , 0 , 92.3076923076923 , 0 , 7.69230769230769 , 0 , 0 , 0 , 7.38461538461539 , 0 , 26 , 92.3076923076923 , 3.11538461538462 
31-Jan-2006 10:28,200511,MANCHESTER,GERMANY,HAMBURG,AIR BERLIN,D,S, 13 , 0 , 92.3076923076923 , 0 , 7.69230769230769 , 0 , 0 , 0 , 2.61538461538462 , 0 , 26 , 100 , 1.96153846153846 
31-Jan-2006 10:28,200511,MANCHESTER,GERMANY,HAMBURG,AIR CANADA,A,C, 1 , 0 , 100 , 0 , 0 , 0 , 0 , 0 , 9 , 0 , 0 , 0 , 0 
31-Jan-2006 10:28,200511,MANCHESTER,GERMANY,HAMBURG,LUFTHANSA CITY LINE,A,S, 52 , 0 , 84.6153846153846 , 5.76923076923077 , 3.84615384615385 , 5.76923076923077 , 0 , 0 , 10.3076923076923 , 0 , 51 , 88.2352941176471 , 5.82352941176471 
31-Jan-2006 10:28,200511,MANCHESTER,GERMANY,HAMBURG,LUFTHANSA CITY LINE,D,S, 52 , 0 , 86.5384615384615 , 5.76923076923077 , 0 , 7.69230769230769 , 0 , 0 , 9.42307692307692 , 0 , 51 , 100 , 0.96078431372549 
31-Jan-2006 10:28,200511,MANCHESTER,GERMANY,HANOVER,BRITISH AIRWAYS CITIEXPRESS LTD,A,S, 49 , 0 , 77.5510204081633 , 4.08163265306122 , 12.2448979591837 , 6.12244897959184 , 0 , 0 , 12.9591836734694 , 0 , 50 , 96 , 4 
31-Jan-2006 10:28,200511,MANCHESTER,GERMANY,HANOVER,BRITISH AIRWAYS CITIEXPRESS LTD,D,S, 50 , 0 , 82 , 6 , 8 , 4 , 0 , 0 , 9.3 , 0 , 50 , 96 , 4.62 
31-Jan-2006 10:28,200511,MANCHESTER,GERMANY,MOENCHENGLADBACH,VLM (BELGIUM),A,C, 1 , 0 , 0 , 0 , 100 , 0 , 0 , 0 , 32 , 0 , 0 , 0 , 0 
31-Jan-2006 10:28,200511,MANCHESTER,GERMANY,MOENCHENGLADBACH,VLM (BELGIUM),D,C, 1 , 0 , 100 , 0 , 0 , 0 , 0 , 0 , 0 , 0 , 0 , 0 , 0 
31-Jan-2006 10:28,200511,MANCHESTER,GERMANY,MUNICH,LUFTHANSA CITY LINE,A,S, 90 , 1 , 54.4444444444445 , 13.3333333333333 , 17.7777777777778 , 14.4444444444444 , 0 , 0 , 25.3222222222222 , 0 , 90 , 78.8888888888889 , 8.44444444444444 
31-Jan-2006 10:28,200511,MANCHESTER,GERMANY,MUNICH,LUFTHANSA CITY LINE,D,S, 89 , 0 , 69.6629213483146 , 4.49438202247191 , 16.8539325842697 , 7.86516853932584 , 1.12359550561798 , 0 , 20.1460674157303 , 0 , 90 , 96.6666666666667 , 2.6 
31-Jan-2006 10:28,200511,MANCHESTER,GERMANY,PADERBORN,AIR BERLIN,A,S, 17 , 0 , 76.4705882352941 , 17.6470588235294 , 5.88235294117647 , 0 , 0 , 0 , 9.23529411764706 , 0 , 17 , 82.3529411764706 , 9.35294117647059 
31-Jan-2006 10:28,200511,MANCHESTER,GERMANY,PADERBORN,AIR BERLIN,D,S, 17 , 0 , 76.4705882352941 , 11.7647058823529 , 5.88235294117647 , 5.88235294117647 , 0 , 0 , 11.5294117647059 , 0 , 17 , 88.2352941176471 , 15.6470588235294 
31-Jan-2006 10:28,200511,MANCHESTER,GERMANY,STUTTGART,BRITISH AIRWAYS CITIEXPRESS LTD,A,S, 0 , 0 , 0 , 0 , 0 , 0 , 0 , 0 , 0 , 0 , 47 , 80.8510638297872 , 11.531914893617 
31-Jan-2006 10:28,200511,MANCHESTER,GERMANY,STUTTGART,BRITISH AIRWAYS CITIEXPRESS LTD,D,S, 0 , 0 , 0 , 0 , 0 , 0 , 0 , 0 , 0 , 0 , 47 , 82.9787234042553 , 11.4468085106383 
31-Jan-2006 10:28,200511,MANCHESTER,GERMANY,STUTTGART,HAPAG LLOYD EXPRESS,A,S, 19 , 0 , 63.1578947368421 , 36.8421052631579 , 0 , 0 , 0 , 0 , 10.6842105263158 , 2 , 13 , 92.3076923076923 , 5.84615384615385 
31-Jan-2006 10:28,200511,MANCHESTER,GERMANY,STUTTGART,HAPAG LLOYD EXPRESS,D,S, 19 , 0 , 89.4736842105263 , 5.26315789473684 , 5.26315789473684 , 0 , 0 , 0 , 6.26315789473684 , 2 , 13 , 84.6153846153846 , 6.76923076923077 
31-Jan-2006 10:28,200511,MANCHESTER,GIBRALTAR,GIBRALTAR,MONARCH AIRLINES,A,S, 15 , 0 , 80 , 0 , 6.66666666666667 , 13.3333333333333 , 0 , 0 , 18.8 , 0 , 17 , 100 , 0.529411764705882 
31-Jan-2006 10:28,200511,MANCHESTER,GIBRALTAR,GIBRALTAR,MONARCH AIRLINES,D,S, 15 , 0 , 86.6666666666667 , 0 , 0 , 13.3333333333333 , 0 , 0 , 11.6 , 0 , 17 , 100 , 5.88235294117647E-02 
31-Jan-2006 10:28,200511,MANCHESTER,GREECE,ATHENS,EXCEL AIRWAYS LTD,A,C, 0 , 0 , 0 , 0 , 0 , 0 , 0 , 0 , 0 , 0 , 2 , 0 , 58.5 
31-Jan-2006 10:28,200511,MANCHESTER,GREECE,ATHENS,EXCEL AIRWAYS LTD,D,C, 0 , 0 , 0 , 0 , 0 , 0 , 0 , 0 , 0 , 0 , 1 , 100 , 6 
31-Jan-2006 10:28,200511,MANCHESTER,GREECE,ATHENS,FIRST CHOICE AIRWAYS LTD,A,C, 1 , 0 , 100 , 0 , 0 , 0 , 0 , 0 , 9 , 0 , 0 , 0 , 0 
31-Jan-2006 10:28,200511,MANCHESTER,GREECE,ATHENS,HELLAS JET,A,S, 0 , 0 , 0 , 0 , 0 , 0 , 0 , 0 , 0 , 0 , 9 , 88.8888888888889 , 6.22222222222222 
31-Jan-2006 10:28,200511,MANCHESTER,GREECE,ATHENS,HELLAS JET,D,S, 0 , 0 , 0 , 0 , 0 , 0 , 0 , 0 , 0 , 0 , 9 , 66.6666666666667 , 5.77777777777778 
31-Jan-2006 10:28,200511,MANCHESTER,GREECE,ATHENS,OLYMPIC AIRLINES,A,S, 7 , 0 , 57.1428571428571 , 14.2857142857143 , 14.2857142857143 , 14.2857142857143 , 0 , 0 , 31.2857142857143 , 1 , 8 , 62.5 , 18 
31-Jan-2006 10:28,200511,MANCHESTER,GREECE,ATHENS,OLYMPIC AIRLINES,D,S, 7 , 0 , 57.1428571428571 , 14.2857142857143 , 14.2857142857143 , 14.2857142857143 , 0 , 0 , 34 , 1 , 8 , 50 , 17 
31-Jan-2006 10:28,200511,MANCHESTER,GREECE,CORFU,MY TRAVEL AIRWAYS UK,A,C, 1 , 0 , 100 , 0 , 0 , 0 , 0 , 0 , 0 , 0 , 0 , 0 , 0 
31-Jan-2006 10:28,200511,MANCHESTER,GREECE,HERAKLION,THOMAS COOK AIRLINES LTD,A,C, 1 , 0 , 100 , 0 , 0 , 0 , 0 , 0 , 0 , 0 , 1 , 100 , 0 
31-Jan-2006 10:28,200511,MANCHESTER,GREECE,RHODES,THOMSONFLY LTD,A,C, 1 , 0 , 0 , 100 , 0 , 0 , 0 , 0 , 17 , 0 , 0 , 0 , 0 
31-Jan-2006 10:28,200511,MANCHESTER,GREECE,ZAKINTHOS,THOMAS COOK AIRLINES LTD,A,C, 0 , 0 , 0 , 0 , 0 , 0 , 0 , 0 , 0 , 0 , 1 , 100 , 0 
31-Jan-2006 10:28,200511,MANCHESTER,HUNGARY,BUDAPEST,CHANNEL EXPRESS LTD ALSO T/A JET2.COM,A,S, 16 , 0 , 56.25 , 12.5 , 12.5 , 18.75 , 0 , 0 , 26 , 0 , 0 , 0 , 0 
31-Jan-2006 10:28,200511,MANCHESTER,HUNGARY,BUDAPEST,CHANNEL EXPRESS LTD ALSO T/A JET2.COM,D,S, 16 , 0 , 81.25 , 6.25 , 0 , 12.5 , 0 , 0 , 14.875 , 0 , 0 , 0 , 0 
31-Jan-2006 10:28,200511,MANCHESTER,ICELAND,KEFLAVIK,EXCEL AIRWAYS LTD,A,C, 0 , 0 , 0 , 0 , 0 , 0 , 0 , 0 , 0 , 0 , 1 , 100 , 0 
31-Jan-2006 10:28,200511,MANCHESTER,ICELAND,KEFLAVIK,EXCEL AIRWAYS LTD,D,C, 0 , 0 , 0 , 0 , 0 , 0 , 0 , 0 , 0 , 0 , 2 , 50 , 19 
31-Jan-2006 10:28,200511,MANCHESTER,ICELAND,KEFLAVIK,ICELANDAIR,A,C, 1 , 0 , 100 , 0 , 0 , 0 , 0 , 0 , 0 , 0 , 0 , 0 , 0 
31-Jan-2006 10:28,200511,MANCHESTER,ICELAND,KEFLAVIK,ICELANDAIR,D,C, 1 , 0 , 100 , 0 , 0 , 0 , 0 , 0 , 0 , 0 , 0 , 0 , 0 
31-Jan-2006 10:28,200511,MANCHESTER,ICELAND,KEFLAVIK,ISLANDSFLUG,A,C, 0 , 0 , 0 , 0 , 0 , 0 , 0 , 0 , 0 , 0 , 1 , 100 , 12 
31-Jan-2006 10:28,200511,MANCHESTER,ICELAND,KEFLAVIK,ISLANDSFLUG,D,C, 0 , 0 , 0 , 0 , 0 , 0 , 0 , 0 , 0 , 0 , 1 , 0 , 30 
31-Jan-2006 10:28,200511,MANCHESTER,INDIA,GOA,EXCEL AIRWAYS LTD,A,C, 0 , 0 , 0 , 0 , 0 , 0 , 0 , 0 , 0 , 0 , 3 , 0 , 128.333333333333 
31-Jan-2006 10:28,200511,MANCHESTER,INDIA,GOA,EXCEL AIRWAYS LTD,D,C, 0 , 0 , 0 , 0 , 0 , 0 , 0 , 0 , 0 , 0 , 4 , 75 , 26 
31-Jan-2006 10:28,200511,MANCHESTER,INDIA,GOA,FIRST CHOICE AIRWAYS LTD,A,C, 3 , 1 , 66.6666666666667 , 0 , 33.3333333333333 , 0 , 0 , 0 , 10.3333333333333 , 0 , 0 , 0 , 0 
31-Jan-2006 10:28,200511,MANCHESTER,INDIA,GOA,FIRST CHOICE AIRWAYS LTD,D,C, 4 , 0 , 75 , 25 , 0 , 0 , 0 , 0 , 9.5 , 0 , 0 , 0 , 0 
31-Jan-2006 10:28,200511,MANCHESTER,INDIA,GOA,MONARCH AIRLINES,A,C, 16 , 1 , 6.25 , 37.5 , 18.75 , 25 , 12.5 , 0 , 67.0625 , 0 , 10 , 60 , 58.6 
31-Jan-2006 10:28,200511,MANCHESTER,INDIA,GOA,MONARCH AIRLINES,D,C, 16 , 0 , 31.25 , 25 , 25 , 6.25 , 12.5 , 0 , 52.875 , 0 , 12 , 41.6666666666667 , 56 
31-Jan-2006 10:28,200511,MANCHESTER,INDIA,GOA,MY TRAVEL AIRWAYS UK,A,C, 2 , 1 , 100 , 0 , 0 , 0 , 0 , 0 , 1.5 , 0 , 3 , 33.3333333333333 , 22 
31-Jan-2006 10:28,200511,MANCHESTER,INDIA,GOA,MY TRAVEL AIRWAYS UK,D,C, 4 , 0 , 100 , 0 , 0 , 0 , 0 , 0 , 1.25 , 0 , 4 , 25 , 100.25 
31-Jan-2006 10:28,200511,MANCHESTER,IRISH REPUBLIC,CONNAUGHT,BMIBABY LTD,A,S, 29 , 0 , 62.0689655172414 , 20.6896551724138 , 3.44827586206897 , 6.89655172413793 , 6.89655172413793 , 0 , 25.8620689655172 , 1 , 29 , 79.3103448275862 , 9.10344827586207 
31-Jan-2006 10:28,200511,MANCHESTER,IRISH REPUBLIC,CONNAUGHT,BMIBABY LTD,D,S, 30 , 0 , 66.6666666666667 , 13.3333333333333 , 3.33333333333333 , 13.3333333333333 , 3.33333333333333 , 0 , 23.0666666666667 , 0 , 30 , 86.6666666666667 , 9.1 
31-Jan-2006 10:28,200511,MANCHESTER,IRISH REPUBLIC,CORK,BMIBABY LTD,A,S, 30 , 0 , 66.6666666666667 , 6.66666666666667 , 6.66666666666667 , 20 , 0 , 0 , 29.0666666666667 , 0 , 30 , 73.3333333333333 , 27.4666666666667 
31-Jan-2006 10:28,200511,MANCHESTER,IRISH REPUBLIC,CORK,BMIBABY LTD,D,S, 30 , 0 , 86.6666666666667 , 0 , 6.66666666666667 , 6.66666666666667 , 0 , 0 , 12.0333333333333 , 0 , 30 , 76.6666666666667 , 24.2666666666667 
31-Jan-2006 10:28,200511,MANCHESTER,IRISH REPUBLIC,CORK,BRITISH AIRWAYS CITIEXPRESS LTD,A,S, 0 , 0 , 0 , 0 , 0 , 0 , 0 , 0 , 0 , 0 , 30 , 80 , 15.3666666666667 
31-Jan-2006 10:28,200511,MANCHESTER,IRISH REPUBLIC,CORK,BRITISH AIRWAYS CITIEXPRESS LTD,D,S, 0 , 0 , 0 , 0 , 0 , 0 , 0 , 0 , 0 , 0 , 30 , 86.6666666666667 , 5.36666666666667 
31-Jan-2006 10:28,200511,MANCHESTER,IRISH REPUBLIC,DUBLIN,AER ARRAN,A,C, 0 , 0 , 0 , 0 , 0 , 0 , 0 , 0 , 0 , 0 , 1 , 100 , 6 
31-Jan-2006 10:28,200511,MANCHESTER,IRISH REPUBLIC,DUBLIN,AER ARRAN,D,C, 0 , 0 , 0 , 0 , 0 , 0 , 0 , 0 , 0 , 0 , 1 , 100 , 5 
31-Jan-2006 10:28,200511,MANCHESTER,IRISH REPUBLIC,DUBLIN,AER LINGUS,A,S, 123 , 0 , 84.5528455284553 , 5.69105691056911 , 5.69105691056911 , 4.0650406504065 , 0 , 0 , 9.36585365853658 , 1 , 143 , 78.3216783216783 , 12.8251748251748 
31-Jan-2006 10:28,200511,MANCHESTER,IRISH REPUBLIC,DUBLIN,AER LINGUS,D,S, 124 , 0 , 82.258064516129 , 4.83870967741935 , 4.83870967741935 , 7.25806451612903 , 0.806451612903226 , 0 , 13.6370967741935 , 1 , 143 , 80.4195804195804 , 12.020979020979 
31-Jan-2006 10:28,200511,MANCHESTER,IRISH REPUBLIC,DUBLIN,AIR MALTA,D,C, 0 , 0 , 0 , 0 , 0 , 0 , 0 , 0 , 0 , 0 , 2 , 50 , 10 
31-Jan-2006 10:28,200511,MANCHESTER,IRISH REPUBLIC,DUBLIN,EUROMANX GMBH,A,C, 1 , 0 , 100 , 0 , 0 , 0 , 0 , 0 , 0 , 0 , 0 , 0 , 0 
31-Jan-2006 10:28,200511,MANCHESTER,IRISH REPUBLIC,DUBLIN,EUROMANX GMBH,D,C, 1 , 0 , 0 , 0 , 100 , 0 , 0 , 0 , 33 , 0 , 0 , 0 , 0 
31-Jan-2006 10:28,200511,MANCHESTER,IRISH REPUBLIC,DUBLIN,LUXAIR,A,S, 30 , 0 , 70 , 16.6666666666667 , 6.66666666666667 , 6.66666666666667 , 0 , 0 , 13.6 , 0 , 30 , 83.3333333333333 , 8.73333333333333 
31-Jan-2006 10:28,200511,MANCHESTER,IRISH REPUBLIC,DUBLIN,LUXAIR,D,S, 30 , 0 , 93.3333333333333 , 0 , 3.33333333333333 , 3.33333333333333 , 0 , 0 , 4.83333333333333 , 0 , 30 , 90 , 5.06666666666667 
31-Jan-2006 10:28,200511,MANCHESTER,IRISH REPUBLIC,DUBLIN,RYANAIR,A,S, 106 , 0 , 71.6981132075472 , 10.377358490566 , 12.2641509433962 , 4.71698113207547 , 0.943396226415094 , 0 , 16.1981132075472 , 1 , 115 , 90.4347826086957 , 5.77391304347826 
31-Jan-2006 10:28,200511,MANCHESTER,IRISH REPUBLIC,DUBLIN,RYANAIR,D,S, 106 , 0 , 77.3584905660377 , 5.66037735849057 , 10.377358490566 , 5.66037735849057 , 0.943396226415094 , 0 , 13.3396226415094 , 1 , 115 , 89.5652173913043 , 10.0347826086957 
31-Jan-2006 10:28,200511,MANCHESTER,IRISH REPUBLIC,GALWAY,AER ARRAN,A,S, 41 , 0 , 80.4878048780488 , 4.8780487804878 , 4.8780487804878 , 4.8780487804878 , 4.8780487804878 , 0 , 23.8780487804878 , 1 , 30 , 96.6666666666667 , 0.966666666666667 
31-Jan-2006 10:28,200511,MANCHESTER,IRISH REPUBLIC,GALWAY,AER ARRAN,D,S, 39 , 1 , 82.0512820512821 , 2.56410256410256 , 10.2564102564103 , 2.56410256410256 , 0 , 2.56410256410256 , 36.8205128205128 , 2 , 30 , 96.6666666666667 , 1.16666666666667 
31-Jan-2006 10:28,200511,MANCHESTER,IRISH REPUBLIC,KERRY COUNTY,AER ARRAN,A,S, 21 , 0 , 76.1904761904762 , 0 , 9.52380952380952 , 9.52380952380952 , 4.76190476190476 , 0 , 22.7142857142857 , 1 , 13 , 100 , 1.07692307692308 
31-Jan-2006 10:28,200511,MANCHESTER,IRISH REPUBLIC,KERRY COUNTY,AER ARRAN,D,S, 21 , 0 , 85.7142857142857 , 0 , 0 , 9.52380952380952 , 4.76190476190476 , 0 , 20.4285714285714 , 1 , 13 , 100 , 0 
31-Jan-2006 10:28,200511,MANCHESTER,IRISH REPUBLIC,SHANNON,BRITISH AIRWAYS CITIEXPRESS LTD,A,S, 0 , 0 , 0 , 0 , 0 , 0 , 0 , 0 , 0 , 0 , 30 , 83.3333333333333 , 8.23333333333333 
31-Jan-2006 10:28,200511,MANCHESTER,IRISH REPUBLIC,SHANNON,BRITISH AIRWAYS CITIEXPRESS LTD,D,S, 0 , 0 , 0 , 0 , 0 , 0 , 0 , 0 , 0 , 0 , 30 , 83.3333333333333 , 10.0666666666667 
31-Jan-2006 10:28,200511,MANCHESTER,IRISH REPUBLIC,SHANNON,RYANAIR,A,S, 0 , 1 , 0 , 0 , 0 , 0 , 0 , 0 , 0 , 0 , 0 , 0 , 0 
31-Jan-2006 10:28,200511,MANCHESTER,IRISH REPUBLIC,WATERFORD,AER ARRAN,A,S, 11 , 0 , 81.8181818181818 , 9.09090909090909 , 0 , 9.09090909090909 , 0 , 0 , 16.2727272727273 , 2 , 13 , 92.3076923076923 , 3.69230769230769 
31-Jan-2006 10:28,200511,MANCHESTER,IRISH REPUBLIC,WATERFORD,AER ARRAN,D,S, 12 , 0 , 83.3333333333333 , 8.33333333333333 , 0 , 8.33333333333333 , 0 , 0 , 8.75 , 1 , 13 , 92.3076923076923 , 2.38461538461538 
31-Jan-2006 10:28,200511,MANCHESTER,ISRAEL,OVDA,FIRST CHOICE AIRWAYS LTD,A,C, 0 , 0 , 0 , 0 , 0 , 0 , 0 , 0 , 0 , 0 , 5 , 100 , 0 
31-Jan-2006 10:28,200511,MANCHESTER,ISRAEL,OVDA,FIRST CHOICE AIRWAYS LTD,D,C, 0 , 0 , 0 , 0 , 0 , 0 , 0 , 0 , 0 , 0 , 5 , 100 , 0 
31-Jan-2006 10:28,200511,MANCHESTER,ISRAEL,OVDA,FLYJET LTD,A,C, 4 , 0 , 25 , 0 , 50 , 25 , 0 , 0 , 58 , 0 , 0 , 0 , 0 
31-Jan-2006 10:28,200511,MANCHESTER,ISRAEL,OVDA,FLYJET LTD,D,C, 4 , 0 , 75 , 0 , 0 , 25 , 0 , 0 , 36.25 , 0 , 0 , 0 , 0 
31-Jan-2006 10:28,200511,MANCHESTER,ITALY,CAPRI,FLIGHTLINE LTD,A,C, 0 , 0 , 0 , 0 , 0 , 0 , 0 , 0 , 0 , 0 , 1 , 0 , 19 
31-Jan-2006 10:28,200511,MANCHESTER,ITALY,CAPRI,FLIGHTLINE LTD,D,C, 0 , 0 , 0 , 0 , 0 , 0 , 0 , 0 , 0 , 0 , 1 , 100 , 0 
31-Jan-2006 10:28,200511,MANCHESTER,ITALY,MILAN (MALPENSA),ALITALIA,A,S, 51 , 0 , 52.9411764705882 , 13.7254901960784 , 17.6470588235294 , 15.6862745098039 , 0 , 0 , 27.3725490196078 , 6 , 58 , 89.6551724137931 , 5.18965517241379 
31-Jan-2006 10:28,200511,MANCHESTER,ITALY,MILAN (MALPENSA),ALITALIA,D,S, 51 , 0 , 54.9019607843137 , 21.5686274509804 , 11.7647058823529 , 9.80392156862745 , 0 , 1.96078431372549 , 49.0196078431373 , 6 , 58 , 91.3793103448276 , 6.37931034482759 
31-Jan-2006 10:28,200511,MANCHESTER,ITALY,MILAN (MALPENSA),BRITISH AIRWAYS CITIEXPRESS LTD,A,S, 47 , 0 , 68.0851063829787 , 8.51063829787234 , 19.1489361702128 , 4.25531914893617 , 0 , 0 , 18.5106382978723 , 0 , 52 , 86.5384615384615 , 7.94230769230769 
31-Jan-2006 10:28,200511,MANCHESTER,ITALY,MILAN (MALPENSA),BRITISH AIRWAYS CITIEXPRESS LTD,D,S, 50 , 0 , 68 , 10 , 8 , 14 , 0 , 0 , 17.74 , 0 , 52 , 90.3846153846154 , 6.82692307692308 
31-Jan-2006 10:28,200511,MANCHESTER,ITALY,PERUGIA,EUROPEAN AIR CHARTER,D,C, 0 , 0 , 0 , 0 , 0 , 0 , 0 , 0 , 0 , 0 , 1 , 100 , 0 
31-Jan-2006 10:28,200511,MANCHESTER,ITALY,PISA,BRITISH AIRWAYS CITIEXPRESS LTD,A,S, 0 , 0 , 0 , 0 , 0 , 0 , 0 , 0 , 0 , 0 , 27 , 88.8888888888889 , 3.22222222222222 
31-Jan-2006 10:28,200511,MANCHESTER,ITALY,PISA,BRITISH AIRWAYS CITIEXPRESS LTD,D,S, 0 , 0 , 0 , 0 , 0 , 0 , 0 , 0 , 0 , 0 , 28 , 89.2857142857143 , 3.42857142857143 
31-Jan-2006 10:28,200511,MANCHESTER,ITALY,ROME (CIAMPINO),MONARCH AIRLINES,A,C, 0 , 0 , 0 , 0 , 0 , 0 , 0 , 0 , 0 , 0 , 1 , 0 , 28 
31-Jan-2006 10:28,200511,MANCHESTER,ITALY,ROME (FIUMICINO),BRITISH AIRWAYS CITIEXPRESS LTD,A,S, 0 , 0 , 0 , 0 , 0 , 0 , 0 , 0 , 0 , 0 , 29 , 82.7586206896552 , 15.1034482758621 
31-Jan-2006 10:28,200511,MANCHESTER,ITALY,ROME (FIUMICINO),BRITISH AIRWAYS CITIEXPRESS LTD,D,S, 0 , 0 , 0 , 0 , 0 , 0 , 0 , 0 , 0 , 0 , 30 , 80 , 14.6666666666667 
31-Jan-2006 10:28,200511,MANCHESTER,ITALY,ROME (FIUMICINO),FIRST CHOICE AIRWAYS LTD,A,C, 0 , 0 , 0 , 0 , 0 , 0 , 0 , 0 , 0 , 0 , 1 , 0 , 29 
31-Jan-2006 10:28,200511,MANCHESTER,ITALY,ROME (FIUMICINO),FIRST CHOICE AIRWAYS LTD,D,C, 0 , 0 , 0 , 0 , 0 , 0 , 0 , 0 , 0 , 0 , 1 , 100 , 0 
31-Jan-2006 10:28,200511,MANCHESTER,ITALY,TREVISO,RYANAIR,A,S, 0 , 1 , 0 , 0 , 0 , 0 , 0 , 0 , 0 , 1 , 0 , 0 , 0 
31-Jan-2006 10:28,200511,MANCHESTER,ITALY,VENICE,BRITISH AIRWAYS CITIEXPRESS LTD,A,S, 0 , 0 , 0 , 0 , 0 , 0 , 0 , 0 , 0 , 0 , 27 , 92.5925925925926 , 5.74074074074074 
31-Jan-2006 10:28,200511,MANCHESTER,ITALY,VENICE,BRITISH AIRWAYS CITIEXPRESS LTD,D,S, 0 , 0 , 0 , 0 , 0 , 0 , 0 , 0 , 0 , 0 , 27 , 92.5925925925926 , 7 
31-Jan-2006 10:28,200511,MANCHESTER,JAMAICA,KINGSTON,AIR JAMAICA,A,S, 0 , 0 , 0 , 0 , 0 , 0 , 0 , 0 , 0 , 0 , 4 , 100 , 2.5 
31-Jan-2006 10:28,200511,MANCHESTER,JAMAICA,KINGSTON,AIR JAMAICA,D,S, 0 , 0 , 0 , 0 , 0 , 0 , 0 , 0 , 0 , 0 , 4 , 0 , 30.5 
31-Jan-2006 10:28,200511,MANCHESTER,JAMAICA,MONTEGO BAY,FIRST CHOICE AIRWAYS LTD,A,C, 2 , 1 , 100 , 0 , 0 , 0 , 0 , 0 , 6 , 0 , 4 , 75 , 28.75 
31-Jan-2006 10:28,200511,MANCHESTER,JAMAICA,MONTEGO BAY,FIRST CHOICE AIRWAYS LTD,D,C, 2 , 0 , 100 , 0 , 0 , 0 , 0 , 0 , 1.5 , 0 , 5 , 80 , 6.8 
31-Jan-2006 10:28,200511,MANCHESTER,JAMAICA,MONTEGO BAY,MY TRAVEL AIRWAYS UK,A,C, 5 , 0 , 80 , 0 , 0 , 0 , 20 , 0 , 55.6 , 0 , 4 , 50 , 24.25 
31-Jan-2006 10:28,200511,MANCHESTER,JAMAICA,MONTEGO BAY,MY TRAVEL AIRWAYS UK,D,C, 4 , 0 , 75 , 0 , 0 , 25 , 0 , 0 , 21.75 , 0 , 4 , 50 , 14.75 
31-Jan-2006 10:28,200511,MANCHESTER,JAMAICA,MONTEGO BAY,THOMSONFLY LTD,A,C, 5 , 0 , 0 , 60 , 20 , 20 , 0 , 0 , 41.4 , 0 , 0 , 0 , 0 
31-Jan-2006 10:28,200511,MANCHESTER,JAMAICA,MONTEGO BAY,THOMSONFLY LTD,D,C, 5 , 0 , 80 , 20 , 0 , 0 , 0 , 0 , 7.2 , 0 , 0 , 0 , 0 
31-Jan-2006 10:28,200511,MANCHESTER,KUWAIT,KUWAIT,WORLD AIRWAYS,D,S, 1 , 0 , 100 , 0 , 0 , 0 , 0 , 0 , 0 , 0 , 0 , 0 , 0 
31-Jan-2006 10:28,200511,MANCHESTER,LATVIA,RIGA,AIR BALTIC CORPORATION SIA,A,S, 10 , 0 , 80 , 0 , 0 , 20 , 0 , 0 , 24.6 , 1 , 11 , 81.8181818181818 , 5.81818181818182 
31-Jan-2006 10:28,200511,MANCHESTER,LATVIA,RIGA,AIR BALTIC CORPORATION SIA,D,S, 10 , 0 , 80 , 0 , 0 , 20 , 0 , 0 , 29.3 , 1 , 11 , 90.9090909090909 , 2.54545454545455 
31-Jan-2006 10:28,200511,MANCHESTER,LUXEMBOURG,LUXEMBOURG,LUXAIR,A,S, 30 , 0 , 96.6666666666667 , 3.33333333333333 , 0 , 0 , 0 , 0 , 4.9 , 0 , 30 , 83.3333333333333 , 9.96666666666667 
31-Jan-2006 10:28,200511,MANCHESTER,LUXEMBOURG,LUXEMBOURG,LUXAIR,D,S, 30 , 0 , 86.6666666666667 , 6.66666666666667 , 0 , 6.66666666666667 , 0 , 0 , 11.1666666666667 , 0 , 30 , 86.6666666666667 , 4.1 
31-Jan-2006 10:28,200511,MANCHESTER,MALAYSIA,KUALA LUMPUR (SEPANG),MALAYSIAN AIRLINES SYSTEM-MAS,A,S, 17 , 0 , 94.1176470588235 , 5.88235294117647 , 0 , 0 , 0 , 0 , 2.82352941176471 , 0 , 17 , 76.4705882352941 , 12.8823529411765 
31-Jan-2006 10:28,200511,MANCHESTER,MALAYSIA,KUALA LUMPUR (SEPANG),MALAYSIAN AIRLINES SYSTEM-MAS,D,S, 17 , 0 , 76.4705882352941 , 11.7647058823529 , 11.7647058823529 , 0 , 0 , 0 , 8.41176470588235 , 0 , 17 , 94.1176470588235 , 3.23529411764706 
31-Jan-2006 10:28,200511,MANCHESTER,MALDIVE ISLANDS,MALE INTERNATIONAL,FIRST CHOICE AIRWAYS LTD,A,C, 3 , 0 , 33.3333333333333 , 0 , 66.6666666666667 , 0 , 0 , 0 , 27.3333333333333 , 0 , 0 , 0 , 0 
31-Jan-2006 10:28,200511,MANCHESTER,MALDIVE ISLANDS,MALE INTERNATIONAL,FIRST CHOICE AIRWAYS LTD,D,C, 3 , 0 , 66.6666666666667 , 33.3333333333333 , 0 , 0 , 0 , 0 , 12 , 0 , 0 , 0 , 0 
31-Jan-2006 10:28,200511,MANCHESTER,MALDIVE ISLANDS,MALE INTERNATIONAL,MONARCH AIRLINES,A,C, 1 , 0 , 0 , 0 , 0 , 100 , 0 , 0 , 75 , 0 , 1 , 0 , 81 
31-Jan-2006 10:28,200511,MANCHESTER,MALDIVE ISLANDS,MALE INTERNATIONAL,MY TRAVEL AIRWAYS UK,A,C, 4 , 0 , 75 , 0 , 0 , 25 , 0 , 0 , 31 , 0 , 4 , 0 , 59 
31-Jan-2006 10:28,200511,MANCHESTER,MALDIVE ISLANDS,MALE INTERNATIONAL,MY TRAVEL AIRWAYS UK,D,C, 4 , 0 , 50 , 25 , 0 , 0 , 25 , 0 , 53 , 0 , 4 , 25 , 49 
31-Jan-2006 10:28,200511,MANCHESTER,MALDIVE ISLANDS,MALE INTERNATIONAL,THOMSONFLY LTD,A,C, 4 , 0 , 75 , 25 , 0 , 0 , 0 , 0 , 6 , 0 , 4 , 0 , 55.25 
31-Jan-2006 10:28,200511,MANCHESTER,MALDIVE ISLANDS,MALE INTERNATIONAL,THOMSONFLY LTD,D,C, 4 , 0 , 75 , 0 , 25 , 0 , 0 , 0 , 12.25 , 0 , 4 , 100 , 0.5 
31-Jan-2006 10:28,200511,MANCHESTER,MALTA,MALTA,AIR MALTA,A,S, 34 , 0 , 79.4117647058824 , 17.6470588235294 , 2.94117647058824 , 0 , 0 , 0 , 7.32352941176471 , 0 , 30 , 76.6666666666667 , 8.36666666666667 
31-Jan-2006 10:28,200511,MANCHESTER,MALTA,MALTA,AIR MALTA,D,S, 34 , 0 , 64.7058823529412 , 29.4117647058824 , 2.94117647058824 , 2.94117647058824 , 0 , 0 , 13.0294117647059 , 0 , 30 , 66.6666666666667 , 13.5333333333333 
31-Jan-2006 10:28,200511,MANCHESTER,MALTA,MALTA,FIRST CHOICE AIRWAYS LTD,A,C, 0 , 0 , 0 , 0 , 0 , 0 , 0 , 0 , 0 , 0 , 4 , 75 , 10.25 
31-Jan-2006 10:28,200511,MANCHESTER,MALTA,MALTA,FIRST CHOICE AIRWAYS LTD,D,C, 0 , 0 , 0 , 0 , 0 , 0 , 0 , 0 , 0 , 0 , 4 , 100 , 0 
31-Jan-2006 10:28,200511,MANCHESTER,MALTA,MALTA,GB AIRWAYS LTD,A,S, 13 , 0 , 53.8461538461538 , 30.7692307692308 , 15.3846153846154 , 0 , 0 , 0 , 16.3076923076923 , 0 , 0 , 0 , 0 
31-Jan-2006 10:28,200511,MANCHESTER,MALTA,MALTA,GB AIRWAYS LTD,D,S, 13 , 0 , 76.9230769230769 , 7.69230769230769 , 15.3846153846154 , 0 , 0 , 0 , 8.84615384615385 , 0 , 0 , 0 , 0 
31-Jan-2006 10:28,200511,MANCHESTER,MALTA,MALTA,HELLO,A,C, 9 , 0 , 66.6666666666667 , 0 , 33.3333333333333 , 0 , 0 , 0 , 15 , 0 , 0 , 0 , 0 
31-Jan-2006 10:28,200511,MANCHESTER,MALTA,MALTA,HELLO,D,C, 9 , 0 , 44.4444444444444 , 11.1111111111111 , 44.4444444444444 , 0 , 0 , 0 , 22.3333333333333 , 0 , 0 , 0 , 0 
31-Jan-2006 10:28,200511,MANCHESTER,MALTA,MALTA,MY TRAVEL AIRWAYS UK,A,C, 4 , 0 , 75 , 25 , 0 , 0 , 0 , 0 , 5.75 , 0 , 4 , 100 , 1.25 
31-Jan-2006 10:28,200511,MANCHESTER,MALTA,MALTA,MY TRAVEL AIRWAYS UK,D,C, 4 , 0 , 75 , 0 , 0 , 25 , 0 , 0 , 17 , 0 , 4 , 100 , 0 
31-Jan-2006 10:28,200511,MANCHESTER,MALTA,MALTA,THOMAS COOK AIRLINES LTD,A,C, 4 , 1 , 25 , 50 , 0 , 0 , 25 , 0 , 66 , 0 , 5 , 80 , 10 
31-Jan-2006 10:28,200511,MANCHESTER,MALTA,MALTA,THOMAS COOK AIRLINES LTD,D,C, 5 , 0 , 80 , 20 , 0 , 0 , 0 , 0 , 7.4 , 0 , 5 , 80 , 11.2 
31-Jan-2006 10:28,200511,MANCHESTER,MALTA,MALTA,THOMSONFLY LTD,A,C, 5 , 0 , 60 , 20 , 20 , 0 , 0 , 0 , 19.4 , 0 , 5 , 80 , 21.8 
31-Jan-2006 10:28,200511,MANCHESTER,MALTA,MALTA,THOMSONFLY LTD,D,C, 5 , 0 , 80 , 0 , 20 , 0 , 0 , 0 , 10.8 , 0 , 5 , 100 , 3.8 
31-Jan-2006 10:28,200511,MANCHESTER,MEXICO,ACAPULCO,THOMSONFLY LTD,A,C, 1 , 0 , 0 , 0 , 0 , 100 , 0 , 0 , 77 , 0 , 0 , 0 , 0 
31-Jan-2006 10:28,200511,MANCHESTER,MEXICO,ACAPULCO,THOMSONFLY LTD,D,C, 1 , 0 , 100 , 0 , 0 , 0 , 0 , 0 , 10 , 0 , 0 , 0 , 0 
31-Jan-2006 10:28,200511,MANCHESTER,MEXICO,CANCUN,FIRST CHOICE AIRWAYS LTD,A,C, 0 , 0 , 0 , 0 , 0 , 0 , 0 , 0 , 0 , 0 , 6 , 66.6666666666667 , 13.3333333333333 
31-Jan-2006 10:28,200511,MANCHESTER,MEXICO,CANCUN,FIRST CHOICE AIRWAYS LTD,D,C, 0 , 0 , 0 , 0 , 0 , 0 , 0 , 0 , 0 , 0 , 5 , 100 , 4.2 
31-Jan-2006 10:28,200511,MANCHESTER,MEXICO,CANCUN,MY TRAVEL AIRWAYS UK,A,C, 0 , 0 , 0 , 0 , 0 , 0 , 0 , 0 , 0 , 0 , 4 , 50 , 75 
31-Jan-2006 10:28,200511,MANCHESTER,MEXICO,CANCUN,MY TRAVEL AIRWAYS UK,D,C, 0 , 0 , 0 , 0 , 0 , 0 , 0 , 0 , 0 , 0 , 4 , 50 , 77.5 
31-Jan-2006 10:28,200511,MANCHESTER,MEXICO,CANCUN,THOMSONFLY LTD,A,C, 0 , 2 , 0 , 0 , 0 , 0 , 0 , 0 , 0 , 0 , 4 , 100 , 0 
31-Jan-2006 10:28,200511,MANCHESTER,MEXICO,CANCUN,THOMSONFLY LTD,D,C, 0 , 3 , 0 , 0 , 0 , 0 , 0 , 0 , 0 , 0 , 4 , 100 , 4.75 
31-Jan-2006 10:28,200511,MANCHESTER,MOROCCO,AGADIR,ASTRAEUS LTD,A,C, 0 , 0 , 0 , 0 , 0 , 0 , 0 , 0 , 0 , 0 , 1 , 100 , 0 
31-Jan-2006 10:28,200511,MANCHESTER,MOROCCO,AGADIR,FIRST CHOICE AIRWAYS LTD,A,C, 4 , 0 , 75 , 25 , 0 , 0 , 0 , 0 , 8 , 0 , 5 , 80 , 9.2 
31-Jan-2006 10:28,200511,MANCHESTER,MOROCCO,AGADIR,FIRST CHOICE AIRWAYS LTD,D,C, 4 , 0 , 100 , 0 , 0 , 0 , 0 , 0 , 2 , 0 , 4 , 75 , 6.75 
31-Jan-2006 10:28,200511,MANCHESTER,MOROCCO,AGADIR,MY TRAVEL AIRWAYS UK,A,C, 3 , 0 , 33.3333333333333 , 0 , 66.6666666666667 , 0 , 0 , 0 , 30.6666666666667 , 0 , 3 , 100 , 4.33333333333333 
31-Jan-2006 10:28,200511,MANCHESTER,MOROCCO,AGADIR,MY TRAVEL AIRWAYS UK,D,C, 3 , 0 , 100 , 0 , 0 , 0 , 0 , 0 , 0 , 0 , 3 , 100 , 0 
31-Jan-2006 10:28,200511,MANCHESTER,MOROCCO,AGADIR,THOMSONFLY LTD,A,C, 3 , 0 , 0 , 33.3333333333333 , 33.3333333333333 , 33.3333333333333 , 0 , 0 , 43 , 0 , 0 , 0 , 0 
31-Jan-2006 10:28,200511,MANCHESTER,MOROCCO,AGADIR,THOMSONFLY LTD,D,C, 4 , 0 , 100 , 0 , 0 , 0 , 0 , 0 , 3.5 , 0 , 0 , 0 , 0 
31-Jan-2006 10:28,200511,MANCHESTER,MOROCCO,MARRAKESH,GB AIRWAYS LTD,A,S, 11 , 0 , 45.4545454545455 , 18.1818181818182 , 27.2727272727273 , 9.09090909090909 , 0 , 0 , 24.0909090909091 , 0 , 0 , 0 , 0 
31-Jan-2006 10:28,200511,MANCHESTER,MOROCCO,MARRAKESH,GB AIRWAYS LTD,D,S, 11 , 0 , 45.4545454545455 , 27.2727272727273 , 18.1818181818182 , 9.09090909090909 , 0 , 0 , 24.1818181818182 , 0 , 0 , 0 , 0 
31-Jan-2006 10:28,200511,MANCHESTER,NETHERLANDS,AMSTERDAM,BRITISH AIRWAYS CITIEXPRESS LTD,A,S, 0 , 0 , 0 , 0 , 0 , 0 , 0 , 0 , 0 , 0 , 81 , 80.2469135802469 , 14.9382716049383 
31-Jan-2006 10:28,200511,MANCHESTER,NETHERLANDS,AMSTERDAM,BRITISH AIRWAYS CITIEXPRESS LTD,D,S, 0 , 0 , 0 , 0 , 0 , 0 , 0 , 0 , 0 , 0 , 81 , 85.1851851851852 , 10.4074074074074 
31-Jan-2006 10:28,200511,MANCHESTER,NETHERLANDS,AMSTERDAM,CHANNEL EXPRESS LTD ALSO T/A JET2.COM,A,S, 82 , 0 , 76.8292682926829 , 7.31707317073171 , 8.53658536585366 , 7.31707317073171 , 0 , 0 , 15.0487804878049 , 0 , 0 , 0 , 0 
31-Jan-2006 10:28,200511,MANCHESTER,NETHERLANDS,AMSTERDAM,CHANNEL EXPRESS LTD ALSO T/A JET2.COM,D,S, 82 , 0 , 86.5853658536585 , 3.65853658536585 , 2.4390243902439 , 7.31707317073171 , 0 , 0 , 9.36585365853658 , 0 , 0 , 0 , 0 
31-Jan-2006 10:28,200511,MANCHESTER,NETHERLANDS,AMSTERDAM,KLM,A,S, 122 , 0 , 82.7868852459016 , 9.01639344262295 , 5.73770491803279 , 2.45901639344262 , 0 , 0 , 8.45901639344262 , 2 , 88 , 84.0909090909091 , 13.1363636363636 
31-Jan-2006 10:28,200511,MANCHESTER,NETHERLANDS,AMSTERDAM,KLM,D,S, 122 , 0 , 78.6885245901639 , 9.01639344262295 , 6.55737704918033 , 5.73770491803279 , 0 , 0 , 13.0573770491803 , 2 , 88 , 82.9545454545455 , 11.8863636363636 
31-Jan-2006 10:28,200511,MANCHESTER,NETHERLANDS,AMSTERDAM,KLM CITYHOPPER,A,S, 56 , 0 , 71.4285714285714 , 8.92857142857143 , 8.92857142857143 , 10.7142857142857 , 0 , 0 , 18.9285714285714 , 0 , 89 , 62.9213483146067 , 20.314606741573 
31-Jan-2006 10:28,200511,MANCHESTER,NETHERLANDS,AMSTERDAM,KLM CITYHOPPER,D,S, 56 , 0 , 73.2142857142857 , 5.35714285714286 , 7.14285714285714 , 12.5 , 1.78571428571429 , 0 , 21.4642857142857 , 0 , 89 , 66.2921348314607 , 24.4044943820225 
31-Jan-2006 10:28,200511,MANCHESTER,NORWAY,BERGEN,ASTRAEUS LTD,A,C, 0 , 0 , 0 , 0 , 0 , 0 , 0 , 0 , 0 , 0 , 1 , 100 , 0 
31-Jan-2006 10:28,200511,MANCHESTER,NORWAY,BERGEN,ASTRAEUS LTD,D,C, 0 , 0 , 0 , 0 , 0 , 0 , 0 , 0 , 0 , 0 , 1 , 100 , 0 
31-Jan-2006 10:28,200511,MANCHESTER,NORWAY,BERGEN,CHANNEL EXPRESS LTD ALSO T/A JET2.COM,A,C, 0 , 1 , 0 , 0 , 0 , 0 , 0 , 0 , 0 , 0 , 0 , 0 , 0 
31-Jan-2006 10:28,200511,MANCHESTER,NORWAY,BERGEN,CHANNEL EXPRESS LTD ALSO T/A JET2.COM,D,C, 0 , 1 , 0 , 0 , 0 , 0 , 0 , 0 , 0 , 0 , 0 , 0 , 0 
31-Jan-2006 10:28,200511,MANCHESTER,NORWAY,KRISTIANSUND (KUERNBERGET),CHANNEL EXPRESS LTD ALSO T/A JET2.COM,A,C, 1 , 0 , 100 , 0 , 0 , 0 , 0 , 0 , 0 , 0 , 0 , 0 , 0 
31-Jan-2006 10:28,200511,MANCHESTER,NORWAY,KRISTIANSUND (KUERNBERGET),CHANNEL EXPRESS LTD ALSO T/A JET2.COM,D,C, 1 , 0 , 100 , 0 , 0 , 0 , 0 , 0 , 0 , 0 , 0 , 0 , 0 
31-Jan-2006 10:28,200511,MANCHESTER,NORWAY,OSLO (GARDERMOEN),BRITISH AIRWAYS CITIEXPRESS LTD,A,S, 29 , 0 , 68.9655172413793 , 20.6896551724138 , 0 , 10.3448275862069 , 0 , 0 , 16.0344827586207 , 0 , 51 , 76.4705882352941 , 12.9803921568627 
31-Jan-2006 10:28,200511,MANCHESTER,NORWAY,OSLO (GARDERMOEN),BRITISH AIRWAYS CITIEXPRESS LTD,D,S, 30 , 0 , 80 , 3.33333333333333 , 10 , 6.66666666666667 , 0 , 0 , 12.9333333333333 , 0 , 51 , 80.3921568627451 , 7.80392156862745 
31-Jan-2006 10:28,200511,MANCHESTER,NORWAY,OSLO (GARDERMOEN),SAS,A,S, 16 , 0 , 31.25 , 43.75 , 12.5 , 12.5 , 0 , 0 , 25.9375 , 0 , 17 , 35.2941176470588 , 29.7058823529412 
31-Jan-2006 10:28,200511,MANCHESTER,NORWAY,OSLO (GARDERMOEN),SAS,D,S, 16 , 0 , 68.75 , 12.5 , 12.5 , 6.25 , 0 , 0 , 17.1875 , 0 , 16 , 37.5 , 20.9375 
31-Jan-2006 10:28,200511,MANCHESTER,NORWAY,STAVANGER,SAS,A,C, 1 , 0 , 100 , 0 , 0 , 0 , 0 , 0 , 15 , 0 , 0 , 0 , 0 
31-Jan-2006 10:28,200511,MANCHESTER,NORWAY,STAVANGER,SAS,D,C, 1 , 0 , 100 , 0 , 0 , 0 , 0 , 0 , 0 , 0 , 0 , 0 , 0 
31-Jan-2006 10:28,200511,MANCHESTER,PAKISTAN,ISLAMABAD,PAKISTAN INTL AIRLINES,A,S, 25 , 0 , 48 , 24 , 12 , 16 , 0 , 0 , 27.6 , 1 , 11 , 27.2727272727273 , 74.5454545454545 
31-Jan-2006 10:28,200511,MANCHESTER,PAKISTAN,ISLAMABAD,PAKISTAN INTL AIRLINES,D,S, 16 , 0 , 56.25 , 25 , 6.25 , 6.25 , 6.25 , 0 , 32.5625 , 1 , 11 , 36.3636363636364 , 51 
31-Jan-2006 10:28,200511,MANCHESTER,PAKISTAN,KARACHI,PAKISTAN INTL AIRLINES,A,S, 34 , 0 , 79.4117647058824 , 17.6470588235294 , 2.94117647058824 , 0 , 0 , 0 , 7 , 4 , 33 , 45.4545454545455 , 35.4545454545455 
31-Jan-2006 10:28,200511,MANCHESTER,PAKISTAN,KARACHI,PAKISTAN INTL AIRLINES,D,S, 41 , 0 , 46.3414634146341 , 14.6341463414634 , 21.9512195121951 , 17.0731707317073 , 0 , 0 , 33.3414634146341 , 0 , 37 , 48.6486486486486 , 56.7567567567568 
31-Jan-2006 10:28,200511,MANCHESTER,PAKISTAN,LAHORE,PAKISTAN INTL AIRLINES,A,S, 4 , 0 , 100 , 0 , 0 , 0 , 0 , 0 , 3.25 , 0 , 9 , 0 , 218.777777777778 
31-Jan-2006 10:28,200511,MANCHESTER,PAKISTAN,LAHORE,PAKISTAN INTL AIRLINES,D,S, 4 , 0 , 0 , 25 , 50 , 0 , 25 , 0 , 88.25 , 4 , 4 , 25 , 34.75 
31-Jan-2006 10:28,200511,MANCHESTER,POLAND,KATOWICE,WIZZ AIR,A,C, 0 , 1 , 0 , 0 , 0 , 0 , 0 , 0 , 0 , 0 , 0 , 0 , 0 
31-Jan-2006 10:28,200511,MANCHESTER,POLAND,KRAKOW,SKY EUROPE,A,S, 13 , 0 , 69.2307692307692 , 0 , 7.69230769230769 , 7.69230769230769 , 15.3846153846154 , 0 , 48.0769230769231 , 0 , 0 , 0 , 0 
31-Jan-2006 10:28,200511,MANCHESTER,POLAND,KRAKOW,SKY EUROPE,D,S, 13 , 0 , 69.2307692307692 , 7.69230769230769 , 0 , 7.69230769230769 , 15.3846153846154 , 0 , 42.7692307692308 , 0 , 0 , 0 , 0 
31-Jan-2006 10:28,200511,MANCHESTER,POLAND,WARSAW,LOT-POLISH AIRLINES,A,S, 25 , 0 , 80 , 12 , 4 , 4 , 0 , 0 , 10.72 , 0 , 26 , 69.2307692307692 , 25.5769230769231 
31-Jan-2006 10:28,200511,MANCHESTER,POLAND,WARSAW,LOT-POLISH AIRLINES,D,S, 24 , 0 , 95.8333333333333 , 0 , 0 , 4.16666666666667 , 0 , 0 , 6 , 1 , 26 , 92.3076923076923 , 10.4230769230769 
31-Jan-2006 10:28,200511,MANCHESTER,PORTUGAL(EXCLUDING MADEIRA),FARO,CHANNEL EXPRESS LTD ALSO T/A JET2.COM,A,S, 10 , 0 , 70 , 30 , 0 , 0 , 0 , 0 , 10.5 , 1 , 0 , 0 , 0 
31-Jan-2006 10:28,200511,MANCHESTER,PORTUGAL(EXCLUDING MADEIRA),FARO,CHANNEL EXPRESS LTD ALSO T/A JET2.COM,D,S, 10 , 0 , 100 , 0 , 0 , 0 , 0 , 0 , 0 , 1 , 0 , 0 , 0 
31-Jan-2006 10:28,200511,MANCHESTER,PORTUGAL(EXCLUDING MADEIRA),FARO,EUROATLANTIC AIRWAYS,A,C, 0 , 0 , 0 , 0 , 0 , 0 , 0 , 0 , 0 , 0 , 1 , 0 , 43 
31-Jan-2006 10:28,200511,MANCHESTER,PORTUGAL(EXCLUDING MADEIRA),FARO,EXCEL AIRWAYS LTD,A,C, 0 , 0 , 0 , 0 , 0 , 0 , 0 , 0 , 0 , 0 , 1 , 100 , 0 
31-Jan-2006 10:28,200511,MANCHESTER,PORTUGAL(EXCLUDING MADEIRA),FARO,EXCEL AIRWAYS LTD,D,C, 0 , 0 , 0 , 0 , 0 , 0 , 0 , 0 , 0 , 0 , 1 , 100 , 0 
31-Jan-2006 10:28,200511,MANCHESTER,PORTUGAL(EXCLUDING MADEIRA),FARO,FIRST CHOICE AIRWAYS LTD,A,C, 10 , 0 , 90 , 10 , 0 , 0 , 0 , 0 , 6.2 , 0 , 10 , 90 , 7.9 
31-Jan-2006 10:28,200511,MANCHESTER,PORTUGAL(EXCLUDING MADEIRA),FARO,FIRST CHOICE AIRWAYS LTD,D,C, 10 , 0 , 90 , 10 , 0 , 0 , 0 , 0 , 4.3 , 0 , 10 , 90 , 3 
31-Jan-2006 10:28,200511,MANCHESTER,PORTUGAL(EXCLUDING MADEIRA),FARO,MONARCH AIRLINES,A,C, 0 , 0 , 0 , 0 , 0 , 0 , 0 , 0 , 0 , 0 , 6 , 50 , 15.3333333333333 
31-Jan-2006 10:28,200511,MANCHESTER,PORTUGAL(EXCLUDING MADEIRA),FARO,MONARCH AIRLINES,A,S, 30 , 0 , 83.3333333333333 , 6.66666666666667 , 6.66666666666667 , 3.33333333333333 , 0 , 0 , 11.9 , 0 , 28 , 64.2857142857143 , 10.5357142857143 
31-Jan-2006 10:28,200511,MANCHESTER,PORTUGAL(EXCLUDING MADEIRA),FARO,MONARCH AIRLINES,D,C, 0 , 0 , 0 , 0 , 0 , 0 , 0 , 0 , 0 , 0 , 6 , 50 , 16.5 
31-Jan-2006 10:28,200511,MANCHESTER,PORTUGAL(EXCLUDING MADEIRA),FARO,MONARCH AIRLINES,D,S, 30 , 0 , 86.6666666666667 , 6.66666666666667 , 3.33333333333333 , 3.33333333333333 , 0 , 0 , 6.26666666666667 , 0 , 28 , 92.8571428571429 , 3.57142857142857 
31-Jan-2006 10:28,200511,MANCHESTER,PORTUGAL(EXCLUDING MADEIRA),FARO,MY TRAVEL AIRWAYS UK,A,C, 7 , 0 , 85.7142857142857 , 0 , 14.2857142857143 , 0 , 0 , 0 , 9.14285714285714 , 0 , 7 , 85.7142857142857 , 8.71428571428571 
31-Jan-2006 10:28,200511,MANCHESTER,PORTUGAL(EXCLUDING MADEIRA),FARO,MY TRAVEL AIRWAYS UK,D,C, 7 , 0 , 85.7142857142857 , 0 , 0 , 14.2857142857143 , 0 , 0 , 10.8571428571429 , 0 , 7 , 100 , 3.71428571428571 
31-Jan-2006 10:28,200511,MANCHESTER,PORTUGAL(EXCLUDING MADEIRA),FARO,THOMAS COOK AIRLINES LTD,A,C, 4 , 0 , 25 , 50 , 25 , 0 , 0 , 0 , 18.25 , 0 , 4 , 75 , 7.5 
31-Jan-2006 10:28,200511,MANCHESTER,PORTUGAL(EXCLUDING MADEIRA),FARO,THOMAS COOK AIRLINES LTD,D,C, 4 , 0 , 100 , 0 , 0 , 0 , 0 , 0 , 0.25 , 0 , 4 , 100 , 0 
31-Jan-2006 10:28,200511,MANCHESTER,PORTUGAL(EXCLUDING MADEIRA),FARO,THOMSONFLY LTD,A,C, 4 , 1 , 50 , 50 , 0 , 0 , 0 , 0 , 11.5 , 0 , 4 , 50 , 23 
31-Jan-2006 10:28,200511,MANCHESTER,PORTUGAL(EXCLUDING MADEIRA),FARO,THOMSONFLY LTD,D,C, 4 , 0 , 75 , 25 , 0 , 0 , 0 , 0 , 7.25 , 0 , 4 , 75 , 15.75 
31-Jan-2006 10:28,200511,MANCHESTER,PORTUGAL(EXCLUDING MADEIRA),LISBON,FIRST CHOICE AIRWAYS LTD,A,C, 1 , 0 , 100 , 0 , 0 , 0 , 0 , 0 , 4 , 0 , 0 , 0 , 0 
31-Jan-2006 10:28,200511,MANCHESTER,PORTUGAL(EXCLUDING MADEIRA),LISBON,FIRST CHOICE AIRWAYS LTD,D,C, 1 , 0 , 100 , 0 , 0 , 0 , 0 , 0 , 14 , 0 , 0 , 0 , 0 
31-Jan-2006 10:28,200511,MANCHESTER,PORTUGAL(EXCLUDING MADEIRA),LISBON,PORTUGALIA,A,S, 29 , 0 , 37.9310344827586 , 20.6896551724138 , 37.9310344827586 , 3.44827586206897 , 0 , 0 , 25.2068965517241 , 0 , 30 , 73.3333333333333 , 13 
31-Jan-2006 10:28,200511,MANCHESTER,PORTUGAL(EXCLUDING MADEIRA),LISBON,PORTUGALIA,D,S, 25 , 0 , 52 , 28 , 20 , 0 , 0 , 0 , 16.32 , 0 , 8 , 87.5 , 5.625 
31-Jan-2006 10:28,200511,MANCHESTER,PORTUGAL(EXCLUDING MADEIRA),OPORTO (PORTUGAL),AIR MALTA,A,C, 2 , 0 , 50 , 50 , 0 , 0 , 0 , 0 , 12.5 , 0 , 0 , 0 , 0 
31-Jan-2006 10:28,200511,MANCHESTER,PORTUGAL(EXCLUDING MADEIRA),OPORTO (PORTUGAL),AIR MALTA,D,C, 2 , 0 , 50 , 0 , 50 , 0 , 0 , 0 , 22.5 , 0 , 0 , 0 , 0 
31-Jan-2006 10:28,200511,MANCHESTER,PORTUGAL(EXCLUDING MADEIRA),OPORTO (PORTUGAL),EXCEL AIRWAYS LTD,A,C, 1 , 0 , 100 , 0 , 0 , 0 , 0 , 0 , 7 , 0 , 0 , 0 , 0 
31-Jan-2006 10:28,200511,MANCHESTER,PORTUGAL(EXCLUDING MADEIRA),OPORTO (PORTUGAL),EXCEL AIRWAYS LTD,D,C, 1 , 0 , 0 , 0 , 0 , 100 , 0 , 0 , 75 , 0 , 0 , 0 , 0 
31-Jan-2006 10:28,200511,MANCHESTER,PORTUGAL(EXCLUDING MADEIRA),OPORTO (PORTUGAL),FIRST CHOICE AIRWAYS LTD,A,C, 3 , 0 , 33.3333333333333 , 66.6666666666667 , 0 , 0 , 0 , 0 , 14.6666666666667 , 0 , 0 , 0 , 0 
31-Jan-2006 10:28,200511,MANCHESTER,PORTUGAL(EXCLUDING MADEIRA),OPORTO (PORTUGAL),FIRST CHOICE AIRWAYS LTD,D,C, 3 , 0 , 0 , 100 , 0 , 0 , 0 , 0 , 23 , 0 , 0 , 0 , 0 
31-Jan-2006 10:28,200511,MANCHESTER,PORTUGAL(EXCLUDING MADEIRA),OPORTO (PORTUGAL),FLIGHTLINE LTD,A,C, 1 , 0 , 0 , 100 , 0 , 0 , 0 , 0 , 17 , 0 , 0 , 0 , 0 
31-Jan-2006 10:28,200511,MANCHESTER,PORTUGAL(EXCLUDING MADEIRA),OPORTO (PORTUGAL),FLIGHTLINE LTD,D,C, 1 , 0 , 0 , 100 , 0 , 0 , 0 , 0 , 29 , 0 , 0 , 0 , 0 
31-Jan-2006 10:28,200511,MANCHESTER,PORTUGAL(EXCLUDING MADEIRA),OPORTO (PORTUGAL),MONARCH AIRLINES,A,C, 1 , 0 , 100 , 0 , 0 , 0 , 0 , 0 , 11 , 0 , 0 , 0 , 0 
31-Jan-2006 10:28,200511,MANCHESTER,PORTUGAL(EXCLUDING MADEIRA),OPORTO (PORTUGAL),MONARCH AIRLINES,D,C, 1 , 0 , 100 , 0 , 0 , 0 , 0 , 0 , 7 , 0 , 0 , 0 , 0 
31-Jan-2006 10:28,200511,MANCHESTER,PORTUGAL(EXCLUDING MADEIRA),OPORTO (PORTUGAL),MY TRAVEL AIRWAYS UK,A,C, 2 , 0 , 100 , 0 , 0 , 0 , 0 , 0 , 11 , 0 , 0 , 0 , 0 
31-Jan-2006 10:28,200511,MANCHESTER,PORTUGAL(EXCLUDING MADEIRA),OPORTO (PORTUGAL),MY TRAVEL AIRWAYS UK,D,C, 2 , 0 , 50 , 0 , 50 , 0 , 0 , 0 , 28 , 0 , 0 , 0 , 0 
31-Jan-2006 10:28,200511,MANCHESTER,PORTUGAL(EXCLUDING MADEIRA),OPORTO (PORTUGAL),PORTUGALIA,D,S, 4 , 0 , 75 , 0 , 25 , 0 , 0 , 0 , 14 , 0 , 22 , 90.9090909090909 , 6.59090909090909 
31-Jan-2006 10:28,200511,MANCHESTER,PORTUGAL(MADEIRA),FUNCHAL,EXCEL AIRWAYS LTD,A,C, 3 , 0 , 66.6666666666667 , 0 , 33.3333333333333 , 0 , 0 , 0 , 12 , 0 , 5 , 100 , 0 
31-Jan-2006 10:28,200511,MANCHESTER,PORTUGAL(MADEIRA),FUNCHAL,EXCEL AIRWAYS LTD,D,C, 4 , 0 , 75 , 0 , 0 , 25 , 0 , 0 , 39 , 0 , 5 , 100 , 3.4 
31-Jan-2006 10:28,200511,MANCHESTER,PORTUGAL(MADEIRA),FUNCHAL,FIRST CHOICE AIRWAYS LTD,A,C, 4 , 0 , 50 , 0 , 25 , 25 , 0 , 0 , 25.25 , 0 , 5 , 80 , 9 
31-Jan-2006 10:28,200511,MANCHESTER,PORTUGAL(MADEIRA),FUNCHAL,FIRST CHOICE AIRWAYS LTD,D,C, 4 , 0 , 50 , 0 , 25 , 25 , 0 , 0 , 32.75 , 0 , 5 , 100 , 4.4 
31-Jan-2006 10:28,200511,MANCHESTER,PORTUGAL(MADEIRA),FUNCHAL,THOMAS COOK AIRLINES LTD,A,C, 4 , 0 , 50 , 25 , 0 , 25 , 0 , 0 , 29 , 0 , 5 , 80 , 31 
31-Jan-2006 10:28,200511,MANCHESTER,PORTUGAL(MADEIRA),FUNCHAL,THOMAS COOK AIRLINES LTD,D,C, 4 , 0 , 50 , 25 , 0 , 25 , 0 , 0 , 30.25 , 0 , 5 , 100 , 1 
31-Jan-2006 10:28,200511,MANCHESTER,PORTUGAL(MADEIRA),FUNCHAL,THOMSONFLY LTD,A,C, 3 , 0 , 66.6666666666667 , 0 , 33.3333333333333 , 0 , 0 , 0 , 12.6666666666667 , 0 , 5 , 80 , 7.4 
31-Jan-2006 10:28,200511,MANCHESTER,PORTUGAL(MADEIRA),FUNCHAL,THOMSONFLY LTD,D,C, 3 , 0 , 100 , 0 , 0 , 0 , 0 , 0 , 4 , 0 , 5 , 100 , 1.4 
31-Jan-2006 10:28,200511,MANCHESTER,QATAR,DOHA,QATAR AIRWAYS,A,S, 17 , 0 , 64.7058823529412 , 11.7647058823529 , 5.88235294117647 , 17.6470588235294 , 0 , 0 , 25.2941176470588 , 0 , 17 , 88.2352941176471 , 5.64705882352941 
31-Jan-2006 10:28,200511,MANCHESTER,QATAR,DOHA,QATAR AIRWAYS,D,S, 17 , 0 , 47.0588235294118 , 29.4117647058824 , 5.88235294117647 , 17.6470588235294 , 0 , 0 , 23.4117647058824 , 0 , 17 , 82.3529411764706 , 5.94117647058824 
31-Jan-2006 10:28,200511,MANCHESTER,RUSSIA,ST PETERSBURG,EXCEL AIRWAYS LTD,A,C, 1 , 0 , 100 , 0 , 0 , 0 , 0 , 0 , 14 , 0 , 0 , 0 , 0 
31-Jan-2006 10:28,200511,MANCHESTER,RUSSIA,ST PETERSBURG,EXCEL AIRWAYS LTD,D,C, 1 , 0 , 100 , 0 , 0 , 0 , 0 , 0 , 0 , 0 , 0 , 0 , 0 
31-Jan-2006 10:28,200511,MANCHESTER,RUSSIA,ST PETERSBURG,PULKOVO AVIATION ENTERPRISE,A,C, 2 , 0 , 100 , 0 , 0 , 0 , 0 , 0 , 1 , 0 , 0 , 0 , 0 
31-Jan-2006 10:28,200511,MANCHESTER,RUSSIA,ST PETERSBURG,PULKOVO AVIATION ENTERPRISE,D,C, 2 , 0 , 0 , 100 , 0 , 0 , 0 , 0 , 26 , 0 , 0 , 0 , 0 
31-Jan-2006 10:28,200511,MANCHESTER,SINGAPORE,SINGAPORE,SINGAPORE AIRLINES,A,S, 30 , 0 , 86.6666666666667 , 10 , 0 , 3.33333333333333 , 0 , 0 , 8.1 , 0 , 30 , 60 , 12.0333333333333 
31-Jan-2006 10:28,200511,MANCHESTER,SINGAPORE,SINGAPORE,SINGAPORE AIRLINES,D,S, 30 , 0 , 80 , 3.33333333333333 , 0 , 16.6666666666667 , 0 , 0 , 22.8 , 0 , 30 , 90 , 5.73333333333333 
31-Jan-2006 10:28,200511,MANCHESTER,SLOVAK REPUBLIC,BRATISLAVA,SKY EUROPE,A,S, 13 , 0 , 69.2307692307692 , 7.69230769230769 , 15.3846153846154 , 7.69230769230769 , 0 , 0 , 14.0769230769231 , 0 , 0 , 0 , 0 
31-Jan-2006 10:28,200511,MANCHESTER,SLOVAK REPUBLIC,BRATISLAVA,SKY EUROPE,D,S, 13 , 0 , 69.2307692307692 , 7.69230769230769 , 7.69230769230769 , 15.3846153846154 , 0 , 0 , 19.8461538461538 , 0 , 0 , 0 , 0 
31-Jan-2006 10:28,200511,MANCHESTER,SPAIN,ALICANTE,BMIBABY LTD,A,S, 30 , 0 , 56.6666666666667 , 20 , 3.33333333333333 , 16.6666666666667 , 3.33333333333333 , 0 , 35.8666666666667 , 0 , 21 , 71.4285714285714 , 12.4285714285714 
31-Jan-2006 10:28,200511,MANCHESTER,SPAIN,ALICANTE,BMIBABY LTD,D,S, 30 , 0 , 70 , 6.66666666666667 , 6.66666666666667 , 13.3333333333333 , 3.33333333333333 , 0 , 29.6333333333333 , 0 , 21 , 90.4761904761905 , 3.71428571428571 
31-Jan-2006 10:28,200511,MANCHESTER,SPAIN,ALICANTE,CHANNEL EXPRESS LTD ALSO T/A JET2.COM,A,S, 17 , 0 , 70.5882352941177 , 17.6470588235294 , 5.88235294117647 , 5.88235294117647 , 0 , 0 , 14.1176470588235 , 0 , 0 , 0 , 0 
31-Jan-2006 10:28,200511,MANCHESTER,SPAIN,ALICANTE,CHANNEL EXPRESS LTD ALSO T/A JET2.COM,D,S, 17 , 0 , 76.4705882352941 , 17.6470588235294 , 5.88235294117647 , 0 , 0 , 0 , 8.11764705882353 , 0 , 0 , 0 , 0 
31-Jan-2006 10:28,200511,MANCHESTER,SPAIN,ALICANTE,EXCEL AIRWAYS LTD,A,C, 0 , 0 , 0 , 0 , 0 , 0 , 0 , 0 , 0 , 0 , 3 , 66.6666666666667 , 9 
31-Jan-2006 10:28,200511,MANCHESTER,SPAIN,ALICANTE,EXCEL AIRWAYS LTD,D,C, 0 , 0 , 0 , 0 , 0 , 0 , 0 , 0 , 0 , 0 , 2 , 100 , 0 
31-Jan-2006 10:28,200511,MANCHESTER,SPAIN,ALICANTE,FIRST CHOICE AIRWAYS LTD,A,C, 20 , 0 , 95 , 0 , 5 , 0 , 0 , 0 , 2.7 , 0 , 21 , 85.7142857142857 , 5.80952380952381 
31-Jan-2006 10:28,200511,MANCHESTER,SPAIN,ALICANTE,FIRST CHOICE AIRWAYS LTD,D,C, 20 , 0 , 90 , 10 , 0 , 0 , 0 , 0 , 2.8 , 0 , 20 , 85 , 5.35 
31-Jan-2006 10:28,200511,MANCHESTER,SPAIN,ALICANTE,MONARCH AIRLINES,A,C, 0 , 0 , 0 , 0 , 0 , 0 , 0 , 0 , 0 , 0 , 3 , 66.6666666666667 , 14.6666666666667 
31-Jan-2006 10:28,200511,MANCHESTER,SPAIN,ALICANTE,MONARCH AIRLINES,A,S, 57 , 0 , 80.7017543859649 , 7.01754385964912 , 7.01754385964912 , 5.26315789473684 , 0 , 0 , 12.8245614035088 , 0 , 56 , 87.5 , 7.35714285714286 
31-Jan-2006 10:28,200511,MANCHESTER,SPAIN,ALICANTE,MONARCH AIRLINES,D,C, 0 , 0 , 0 , 0 , 0 , 0 , 0 , 0 , 0 , 0 , 3 , 100 , 0 
31-Jan-2006 10:28,200511,MANCHESTER,SPAIN,ALICANTE,MONARCH AIRLINES,D,S, 57 , 0 , 92.9824561403509 , 0 , 3.50877192982456 , 3.50877192982456 , 0 , 0 , 6.05263157894737 , 0 , 56 , 91.0714285714286 , 4.28571428571429 
31-Jan-2006 10:28,200511,MANCHESTER,SPAIN,ALICANTE,MY TRAVEL AIRWAYS UK,A,C, 13 , 0 , 92.3076923076923 , 0 , 0 , 7.69230769230769 , 0 , 0 , 13.9230769230769 , 0 , 15 , 80 , 21.0666666666667 
31-Jan-2006 10:28,200511,MANCHESTER,SPAIN,ALICANTE,MY TRAVEL AIRWAYS UK,D,C, 13 , 0 , 84.6153846153846 , 7.69230769230769 , 0 , 0 , 7.69230769230769 , 0 , 18.3076923076923 , 0 , 15 , 86.6666666666667 , 8.26666666666667 
31-Jan-2006 10:28,200511,MANCHESTER,SPAIN,ALICANTE,THOMAS COOK AIRLINES LTD,A,C, 18 , 0 , 94.4444444444444 , 0 , 5.55555555555556 , 0 , 0 , 0 , 2.77777777777778 , 0 , 20 , 80 , 9.7 
31-Jan-2006 10:28,200511,MANCHESTER,SPAIN,ALICANTE,THOMAS COOK AIRLINES LTD,D,C, 18 , 0 , 88.8888888888889 , 11.1111111111111 , 0 , 0 , 0 , 0 , 3 , 0 , 21 , 85.7142857142857 , 5 
31-Jan-2006 10:28,200511,MANCHESTER,SPAIN,ALICANTE,THOMSONFLY LTD,A,C, 9 , 0 , 88.8888888888889 , 0 , 0 , 0 , 11.1111111111111 , 0 , 23.5555555555556 , 0 , 17 , 82.3529411764706 , 5.94117647058824 
31-Jan-2006 10:28,200511,MANCHESTER,SPAIN,ALICANTE,THOMSONFLY LTD,D,C, 9 , 2 , 88.8888888888889 , 11.1111111111111 , 0 , 0 , 0 , 0 , 2.55555555555556 , 0 , 18 , 94.4444444444444 , 4.38888888888889 
31-Jan-2006 10:28,200511,MANCHESTER,SPAIN,ALMERIA,MONARCH AIRLINES,A,S, 17 , 0 , 88.2352941176471 , 5.88235294117647 , 5.88235294117647 , 0 , 0 , 0 , 7.05882352941176 , 0 , 0 , 0 , 0 
31-Jan-2006 10:28,200511,MANCHESTER,SPAIN,ALMERIA,MONARCH AIRLINES,D,S, 17 , 0 , 94.1176470588235 , 0 , 5.88235294117647 , 0 , 0 , 0 , 2.17647058823529 , 0 , 0 , 0 , 0 
31-Jan-2006 10:28,200511,MANCHESTER,SPAIN,ALMERIA,MY TRAVEL AIRWAYS UK,A,C, 4 , 0 , 100 , 0 , 0 , 0 , 0 , 0 , 0 , 0 , 3 , 33.3333333333333 , 52 
31-Jan-2006 10:28,200511,MANCHESTER,SPAIN,ALMERIA,MY TRAVEL AIRWAYS UK,D,C, 4 , 0 , 100 , 0 , 0 , 0 , 0 , 0 , 2.75 , 0 , 3 , 66.6666666666667 , 37.6666666666667 
31-Jan-2006 10:28,200511,MANCHESTER,SPAIN,BARCELONA,CHANNEL EXPRESS LTD ALSO T/A JET2.COM,A,S, 0 , 1 , 0 , 0 , 0 , 0 , 0 , 0 , 0 , 0 , 0 , 0 , 0 
31-Jan-2006 10:28,200511,MANCHESTER,SPAIN,BARCELONA,FIRST CHOICE AIRWAYS LTD,A,C, 1 , 0 , 100 , 0 , 0 , 0 , 0 , 0 , 4 , 0 , 0 , 0 , 0 
31-Jan-2006 10:28,200511,MANCHESTER,SPAIN,BARCELONA,FIRST CHOICE AIRWAYS LTD,D,C, 1 , 0 , 100 , 0 , 0 , 0 , 0 , 0 , 0 , 0 , 0 , 0 , 0 
31-Jan-2006 10:28,200511,MANCHESTER,SPAIN,BARCELONA,MONARCH AIRLINES,A,S, 30 , 0 , 70 , 16.6666666666667 , 3.33333333333333 , 6.66666666666667 , 3.33333333333333 , 0 , 21.0666666666667 , 0 , 30 , 76.6666666666667 , 11.9666666666667 
31-Jan-2006 10:28,200511,MANCHESTER,SPAIN,BARCELONA,MONARCH AIRLINES,D,S, 30 , 0 , 93.3333333333333 , 3.33333333333333 , 0 , 3.33333333333333 , 0 , 0 , 3.83333333333333 , 0 , 30 , 100 , 0.166666666666667 
31-Jan-2006 10:28,200511,MANCHESTER,SPAIN,GERONA,EUROPEAN AIR CHARTER,A,C, 1 , 0 , 100 , 0 , 0 , 0 , 0 , 0 , 12 , 0 , 0 , 0 , 0 
31-Jan-2006 10:28,200511,MANCHESTER,SPAIN,IBIZA,MY TRAVEL AIRWAYS UK,A,C, 1 , 0 , 100 , 0 , 0 , 0 , 0 , 0 , 0 , 0 , 0 , 0 , 0 
31-Jan-2006 10:28,200511,MANCHESTER,SPAIN,IBIZA,THOMSONFLY LTD,A,C, 1 , 0 , 100 , 0 , 0 , 0 , 0 , 0 , 0 , 0 , 0 , 0 , 0 
31-Jan-2006 10:28,200511,MANCHESTER,SPAIN,MADRID,ASTRAEUS LTD,A,C, 0 , 0 , 0 , 0 , 0 , 0 , 0 , 0 , 0 , 0 , 1 , 0 , 17 
31-Jan-2006 10:28,200511,MANCHESTER,SPAIN,MADRID,ASTRAEUS LTD,D,C, 0 , 0 , 0 , 0 , 0 , 0 , 0 , 0 , 0 , 0 , 1 , 100 , 0 
31-Jan-2006 10:28,200511,MANCHESTER,SPAIN,MADRID,BRITISH AIRWAYS CITIEXPRESS LTD,A,C, 0 , 0 , 0 , 0 , 0 , 0 , 0 , 0 , 0 , 0 , 1 , 100 , 3 
31-Jan-2006 10:28,200511,MANCHESTER,SPAIN,MADRID,BRITISH AIRWAYS CITIEXPRESS LTD,A,S, 52 , 0 , 75 , 11.5384615384615 , 7.69230769230769 , 5.76923076923077 , 0 , 0 , 13.5384615384615 , 0 , 50 , 88 , 5.54 
31-Jan-2006 10:28,200511,MANCHESTER,SPAIN,MADRID,BRITISH AIRWAYS CITIEXPRESS LTD,D,C, 0 , 0 , 0 , 0 , 0 , 0 , 0 , 0 , 0 , 0 , 1 , 100 , 0 
31-Jan-2006 10:28,200511,MANCHESTER,SPAIN,MADRID,BRITISH AIRWAYS CITIEXPRESS LTD,D,S, 55 , 0 , 80 , 9.09090909090909 , 3.63636363636364 , 7.27272727272727 , 0 , 0 , 13.0727272727273 , 0 , 52 , 86.5384615384615 , 7.09615384615385 
31-Jan-2006 10:28,200511,MANCHESTER,SPAIN,MADRID,THOMAS COOK AIRLINES LTD,A,C, 0 , 0 , 0 , 0 , 0 , 0 , 0 , 0 , 0 , 0 , 1 , 0 , 28 
31-Jan-2006 10:28,200511,MANCHESTER,SPAIN,MADRID,THOMAS COOK AIRLINES LTD,D,C, 0 , 0 , 0 , 0 , 0 , 0 , 0 , 0 , 0 , 0 , 1 , 100 , 0 
31-Jan-2006 10:28,200511,MANCHESTER,SPAIN,MALAGA,AIR MALTA,A,C, 0 , 0 , 0 , 0 , 0 , 0 , 0 , 0 , 0 , 0 , 1 , 0 , 43 
31-Jan-2006 10:28,200511,MANCHESTER,SPAIN,MALAGA,AIR MALTA,D,C, 0 , 0 , 0 , 0 , 0 , 0 , 0 , 0 , 0 , 0 , 1 , 100 , 0 
31-Jan-2006 10:28,200511,MANCHESTER,SPAIN,MALAGA,BMIBABY LTD,A,S, 30 , 0 , 50 , 26.6666666666667 , 6.66666666666667 , 13.3333333333333 , 3.33333333333333 , 0 , 30.3333333333333 , 0 , 21 , 28.5714285714286 , 30.3333333333333 
31-Jan-2006 10:28,200511,MANCHESTER,SPAIN,MALAGA,BMIBABY LTD,D,S, 30 , 0 , 73.3333333333333 , 3.33333333333333 , 13.3333333333333 , 10 , 0 , 0 , 19.3333333333333 , 0 , 21 , 66.6666666666667 , 15.3333333333333 
31-Jan-2006 10:28,200511,MANCHESTER,SPAIN,MALAGA,CHANNEL EXPRESS LTD ALSO T/A JET2.COM,A,S, 28 , 0 , 64.2857142857143 , 28.5714285714286 , 7.14285714285714 , 0 , 0 , 0 , 11.4642857142857 , 0 , 0 , 0 , 0 
31-Jan-2006 10:28,200511,MANCHESTER,SPAIN,MALAGA,CHANNEL EXPRESS LTD ALSO T/A JET2.COM,D,S, 28 , 0 , 92.8571428571429 , 0 , 3.57142857142857 , 3.57142857142857 , 0 , 0 , 6.39285714285714 , 0 , 0 , 0 , 0 
31-Jan-2006 10:28,200511,MANCHESTER,SPAIN,MALAGA,EXCEL AIRWAYS LTD,A,C, 1 , 0 , 100 , 0 , 0 , 0 , 0 , 0 , 13 , 0 , 0 , 0 , 0 
31-Jan-2006 10:28,200511,MANCHESTER,SPAIN,MALAGA,FIRST CHOICE AIRWAYS LTD,A,C, 7 , 1 , 85.7142857142857 , 0 , 0 , 14.2857142857143 , 0 , 0 , 15.2857142857143 , 0 , 10 , 70 , 9.7 
31-Jan-2006 10:28,200511,MANCHESTER,SPAIN,MALAGA,FIRST CHOICE AIRWAYS LTD,D,C, 8 , 0 , 100 , 0 , 0 , 0 , 0 , 0 , 0.75 , 0 , 10 , 100 , 0.1 
31-Jan-2006 10:28,200511,MANCHESTER,SPAIN,MALAGA,GB AIRWAYS LTD,A,S, 29 , 0 , 55.1724137931034 , 24.1379310344828 , 10.3448275862069 , 6.89655172413793 , 3.44827586206897 , 0 , 26.6206896551724 , 1 , 0 , 0 , 0 
31-Jan-2006 10:28,200511,MANCHESTER,SPAIN,MALAGA,GB AIRWAYS LTD,D,S, 29 , 0 , 79.3103448275862 , 13.7931034482759 , 0 , 6.89655172413793 , 0 , 0 , 11.8620689655172 , 1 , 0 , 0 , 0 
31-Jan-2006 10:28,200511,MANCHESTER,SPAIN,MALAGA,MONARCH AIRLINES,A,S, 50 , 1 , 78 , 10 , 8 , 4 , 0 , 0 , 12.08 , 0 , 52 , 78.8461538461539 , 9.28846153846154 
31-Jan-2006 10:28,200511,MANCHESTER,SPAIN,MALAGA,MONARCH AIRLINES,D,S, 50 , 1 , 86 , 4 , 6 , 4 , 0 , 0 , 8.58 , 0 , 52 , 88.4615384615385 , 3.36538461538462 
31-Jan-2006 10:28,200511,MANCHESTER,SPAIN,MALAGA,MY TRAVEL AIRWAYS UK,A,C, 9 , 0 , 77.7777777777778 , 22.2222222222222 , 0 , 0 , 0 , 0 , 6.33333333333333 , 0 , 9 , 66.6666666666667 , 150.777777777778 
31-Jan-2006 10:28,200511,MANCHESTER,SPAIN,MALAGA,MY TRAVEL AIRWAYS UK,D,C, 9 , 0 , 88.8888888888889 , 0 , 11.1111111111111 , 0 , 0 , 0 , 5.77777777777778 , 0 , 8 , 100 , 0.25 
31-Jan-2006 10:28,200511,MANCHESTER,SPAIN,MALAGA,THOMAS COOK AIRLINES LTD,A,C, 4 , 0 , 75 , 25 , 0 , 0 , 0 , 0 , 6.25 , 0 , 4 , 50 , 38.75 
31-Jan-2006 10:28,200511,MANCHESTER,SPAIN,MALAGA,THOMAS COOK AIRLINES LTD,D,C, 4 , 0 , 75 , 25 , 0 , 0 , 0 , 0 , 7 , 0 , 4 , 75 , 31.5 
31-Jan-2006 10:28,200511,MANCHESTER,SPAIN,MALAGA,THOMSONFLY LTD,A,C, 12 , 0 , 83.3333333333333 , 0 , 8.33333333333333 , 8.33333333333333 , 0 , 0 , 9.16666666666667 , 0 , 9 , 77.7777777777778 , 9 
31-Jan-2006 10:28,200511,MANCHESTER,SPAIN,MALAGA,THOMSONFLY LTD,D,C, 12 , 0 , 91.6666666666667 , 0 , 0 , 8.33333333333333 , 0 , 0 , 7.58333333333333 , 0 , 10 , 80 , 6.7 
31-Jan-2006 10:28,200511,MANCHESTER,SPAIN,MURCIA SAN JAVIER,BMIBABY LTD,A,S, 0 , 0 , 0 , 0 , 0 , 0 , 0 , 0 , 0 , 0 , 4 , 100 , 1.5 
31-Jan-2006 10:28,200511,MANCHESTER,SPAIN,MURCIA SAN JAVIER,BMIBABY LTD,D,S, 0 , 0 , 0 , 0 , 0 , 0 , 0 , 0 , 0 , 0 , 4 , 100 , 0.25 
31-Jan-2006 10:28,200511,MANCHESTER,SPAIN,MURCIA SAN JAVIER,CHANNEL EXPRESS LTD ALSO T/A JET2.COM,A,S, 17 , 0 , 76.4705882352941 , 0 , 5.88235294117647 , 17.6470588235294 , 0 , 0 , 24.8823529411765 , 1 , 0 , 0 , 0 
31-Jan-2006 10:28,200511,MANCHESTER,SPAIN,MURCIA SAN JAVIER,CHANNEL EXPRESS LTD ALSO T/A JET2.COM,D,S, 17 , 0 , 94.1176470588235 , 0 , 0 , 5.88235294117647 , 0 , 0 , 7.64705882352941 , 3 , 0 , 0 , 0 
31-Jan-2006 10:28,200511,MANCHESTER,SPAIN,PALMA DE MALLORCA,BMIBABY LTD,A,S, 25 , 0 , 60 , 28 , 4 , 8 , 0 , 0 , 20.72 , 0 , 22 , 40.9090909090909 , 23.3181818181818 
31-Jan-2006 10:28,200511,MANCHESTER,SPAIN,PALMA DE MALLORCA,BMIBABY LTD,D,S, 25 , 0 , 92 , 4 , 4 , 0 , 0 , 0 , 5.56 , 0 , 22 , 81.8181818181818 , 13 
31-Jan-2006 10:28,200511,MANCHESTER,SPAIN,PALMA DE MALLORCA,FIRST CHOICE AIRWAYS LTD,A,C, 4 , 0 , 75 , 25 , 0 , 0 , 0 , 0 , 5 , 0 , 7 , 100 , 0.285714285714286 
31-Jan-2006 10:28,200511,MANCHESTER,SPAIN,PALMA DE MALLORCA,FIRST CHOICE AIRWAYS LTD,D,C, 0 , 0 , 0 , 0 , 0 , 0 , 0 , 0 , 0 , 0 , 5 , 100 , 2.6 
31-Jan-2006 10:28,200511,MANCHESTER,SPAIN,PALMA DE MALLORCA,MONARCH AIRLINES,A,C, 0 , 0 , 0 , 0 , 0 , 0 , 0 , 0 , 0 , 0 , 1 , 0 , 32 
31-Jan-2006 10:28,200511,MANCHESTER,SPAIN,PALMA DE MALLORCA,MONARCH AIRLINES,A,S, 12 , 0 , 100 , 0 , 0 , 0 , 0 , 0 , 1 , 0 , 0 , 0 , 0 
31-Jan-2006 10:28,200511,MANCHESTER,SPAIN,PALMA DE MALLORCA,MONARCH AIRLINES,D,S, 12 , 0 , 100 , 0 , 0 , 0 , 0 , 0 , 0 , 0 , 0 , 0 , 0 
31-Jan-2006 10:28,200511,MANCHESTER,SPAIN,PALMA DE MALLORCA,MY TRAVEL AIRWAYS UK,A,C, 4 , 0 , 75 , 0 , 0 , 25 , 0 , 0 , 28.75 , 0 , 4 , 50 , 14.5 
31-Jan-2006 10:28,200511,MANCHESTER,SPAIN,PALMA DE MALLORCA,MY TRAVEL AIRWAYS UK,D,C, 4 , 0 , 75 , 0 , 0 , 25 , 0 , 0 , 42 , 0 , 4 , 100 , 0 
31-Jan-2006 10:28,200511,MANCHESTER,SPAIN,PALMA DE MALLORCA,THOMAS COOK AIRLINES LTD,A,C, 4 , 0 , 75 , 0 , 0 , 25 , 0 , 0 , 36.75 , 0 , 8 , 62.5 , 14.625 
31-Jan-2006 10:28,200511,MANCHESTER,SPAIN,PALMA DE MALLORCA,THOMAS COOK AIRLINES LTD,D,C, 3 , 0 , 66.6666666666667 , 0 , 0 , 33.3333333333333 , 0 , 0 , 32.6666666666667 , 0 , 6 , 100 , 2.33333333333333 
31-Jan-2006 10:28,200511,MANCHESTER,SPAIN,PALMA DE MALLORCA,THOMSONFLY LTD,A,C, 13 , 0 , 84.6153846153846 , 0 , 7.69230769230769 , 0 , 7.69230769230769 , 0 , 21.3846153846154 , 0 , 14 , 71.4285714285714 , 20.2857142857143 
31-Jan-2006 10:28,200511,MANCHESTER,SPAIN,PALMA DE MALLORCA,THOMSONFLY LTD,D,C, 13 , 0 , 76.9230769230769 , 7.69230769230769 , 7.69230769230769 , 0 , 7.69230769230769 , 0 , 21.6153846153846 , 0 , 13 , 92.3076923076923 , 2.84615384615385 
31-Jan-2006 10:28,200511,MANCHESTER,SPAIN,VALENCIA,HOLA AIRLINES,A,C, 1 , 0 , 100 , 0 , 0 , 0 , 0 , 0 , 14 , 0 , 0 , 0 , 0 
31-Jan-2006 10:28,200511,MANCHESTER,SPAIN,VALENCIA,HOLA AIRLINES,D,C, 1 , 0 , 0 , 0 , 100 , 0 , 0 , 0 , 50 , 0 , 0 , 0 , 0 
31-Jan-2006 10:28,200511,MANCHESTER,SPAIN,VALENCIA,SPANAIR,A,C, 1 , 0 , 0 , 100 , 0 , 0 , 0 , 0 , 16 , 0 , 0 , 0 , 0 
31-Jan-2006 10:28,200511,MANCHESTER,SPAIN,VALENCIA,SPANAIR,D,C, 1 , 0 , 100 , 0 , 0 , 0 , 0 , 0 , 0 , 0 , 0 , 0 , 0 
31-Jan-2006 10:28,200511,MANCHESTER,SPAIN(CANARY ISLANDS),ARRECIFE,AIR MALTA,A,C, 0 , 0 , 0 , 0 , 0 , 0 , 0 , 0 , 0 , 0 , 4 , 50 , 21.25 
31-Jan-2006 10:28,200511,MANCHESTER,SPAIN(CANARY ISLANDS),ARRECIFE,AIR MALTA,D,C, 0 , 0 , 0 , 0 , 0 , 0 , 0 , 0 , 0 , 0 , 3 , 100 , 2.66666666666667 
31-Jan-2006 10:28,200511,MANCHESTER,SPAIN(CANARY ISLANDS),ARRECIFE,EXCEL AIRWAYS LTD,A,C, 5 , 0 , 60 , 20 , 20 , 0 , 0 , 0 , 13.8 , 0 , 5 , 40 , 98.8 
31-Jan-2006 10:28,200511,MANCHESTER,SPAIN(CANARY ISLANDS),ARRECIFE,EXCEL AIRWAYS LTD,D,C, 5 , 0 , 80 , 0 , 20 , 0 , 0 , 0 , 12.4 , 0 , 5 , 60 , 18.4 
31-Jan-2006 10:28,200511,MANCHESTER,SPAIN(CANARY ISLANDS),ARRECIFE,FIRST CHOICE AIRWAYS LTD,A,C, 15 , 0 , 93.3333333333333 , 0 , 0 , 0 , 0 , 6.66666666666667 , 85.5333333333333 , 0 , 18 , 83.3333333333333 , 5.88888888888889 
31-Jan-2006 10:28,200511,MANCHESTER,SPAIN(CANARY ISLANDS),ARRECIFE,FIRST CHOICE AIRWAYS LTD,D,C, 15 , 0 , 100 , 0 , 0 , 0 , 0 , 0 , 0 , 0 , 18 , 88.8888888888889 , 6.11111111111111 
31-Jan-2006 10:28,200511,MANCHESTER,SPAIN(CANARY ISLANDS),ARRECIFE,GB AIRWAYS LTD,A,S, 8 , 0 , 50 , 0 , 50 , 0 , 0 , 0 , 22.125 , 0 , 0 , 0 , 0 
31-Jan-2006 10:28,200511,MANCHESTER,SPAIN(CANARY ISLANDS),ARRECIFE,GB AIRWAYS LTD,D,S, 8 , 0 , 75 , 12.5 , 12.5 , 0 , 0 , 0 , 9.25 , 0 , 0 , 0 , 0 
31-Jan-2006 10:28,200511,MANCHESTER,SPAIN(CANARY ISLANDS),ARRECIFE,MONARCH AIRLINES,A,C, 5 , 0 , 0 , 40 , 40 , 20 , 0 , 0 , 47.4 , 0 , 5 , 40 , 31.2 
31-Jan-2006 10:28,200511,MANCHESTER,SPAIN(CANARY ISLANDS),ARRECIFE,MONARCH AIRLINES,D,C, 5 , 0 , 40 , 0 , 40 , 20 , 0 , 0 , 41.6 , 0 , 4 , 100 , 3.25 
31-Jan-2006 10:28,200511,MANCHESTER,SPAIN(CANARY ISLANDS),ARRECIFE,MY TRAVEL AIRWAYS UK,A,C, 10 , 0 , 70 , 20 , 10 , 0 , 0 , 0 , 10.9 , 0 , 9 , 66.6666666666667 , 15.4444444444444 
31-Jan-2006 10:28,200511,MANCHESTER,SPAIN(CANARY ISLANDS),ARRECIFE,MY TRAVEL AIRWAYS UK,D,C, 11 , 0 , 63.6363636363636 , 18.1818181818182 , 9.09090909090909 , 9.09090909090909 , 0 , 0 , 13.5454545454545 , 0 , 9 , 88.8888888888889 , 7.11111111111111 
31-Jan-2006 10:28,200511,MANCHESTER,SPAIN(CANARY ISLANDS),ARRECIFE,THOMAS COOK AIRLINES LTD,A,C, 15 , 0 , 73.3333333333333 , 20 , 6.66666666666667 , 0 , 0 , 0 , 10 , 0 , 16 , 81.25 , 14.625 
31-Jan-2006 10:28,200511,MANCHESTER,SPAIN(CANARY ISLANDS),ARRECIFE,THOMAS COOK AIRLINES LTD,D,C, 15 , 0 , 93.3333333333333 , 0 , 6.66666666666667 , 0 , 0 , 0 , 6.06666666666667 , 0 , 18 , 94.4444444444444 , 1.38888888888889 
31-Jan-2006 10:28,200511,MANCHESTER,SPAIN(CANARY ISLANDS),ARRECIFE,THOMSONFLY LTD,A,C, 13 , 0 , 30.7692307692308 , 30.7692307692308 , 15.3846153846154 , 15.3846153846154 , 7.69230769230769 , 0 , 54.7692307692308 , 0 , 12 , 100 , 0.833333333333333 
31-Jan-2006 10:28,200511,MANCHESTER,SPAIN(CANARY ISLANDS),ARRECIFE,THOMSONFLY LTD,D,C, 13 , 0 , 46.1538461538462 , 30.7692307692308 , 7.69230769230769 , 7.69230769230769 , 7.69230769230769 , 0 , 44.1538461538462 , 0 , 12 , 100 , 1.66666666666667 
31-Jan-2006 10:28,200511,MANCHESTER,SPAIN(CANARY ISLANDS),FUERTEVENTURA,EXCEL AIRWAYS LTD,A,C, 3 , 0 , 100 , 0 , 0 , 0 , 0 , 0 , 0 , 0 , 4 , 50 , 316 
31-Jan-2006 10:28,200511,MANCHESTER,SPAIN(CANARY ISLANDS),FUERTEVENTURA,EXCEL AIRWAYS LTD,D,C, 3 , 0 , 100 , 0 , 0 , 0 , 0 , 0 , 5 , 0 , 4 , 100 , 4 
31-Jan-2006 10:28,200511,MANCHESTER,SPAIN(CANARY ISLANDS),FUERTEVENTURA,FIRST CHOICE AIRWAYS LTD,A,C, 13 , 0 , 92.3076923076923 , 0 , 7.69230769230769 , 0 , 0 , 0 , 3.23076923076923 , 0 , 9 , 100 , 2.55555555555556 
31-Jan-2006 10:28,200511,MANCHESTER,SPAIN(CANARY ISLANDS),FUERTEVENTURA,FIRST CHOICE AIRWAYS LTD,D,C, 13 , 0 , 84.6153846153846 , 0 , 7.69230769230769 , 7.69230769230769 , 0 , 0 , 9.76923076923077 , 0 , 8 , 87.5 , 5.25 
31-Jan-2006 10:28,200511,MANCHESTER,SPAIN(CANARY ISLANDS),FUERTEVENTURA,MY TRAVEL AIRWAYS UK,A,C, 9 , 0 , 100 , 0 , 0 , 0 , 0 , 0 , 0.888888888888889 , 0 , 8 , 75 , 19.125 
31-Jan-2006 10:28,200511,MANCHESTER,SPAIN(CANARY ISLANDS),FUERTEVENTURA,MY TRAVEL AIRWAYS UK,D,C, 9 , 0 , 100 , 0 , 0 , 0 , 0 , 0 , 0 , 0 , 8 , 75 , 17.375 
31-Jan-2006 10:28,200511,MANCHESTER,SPAIN(CANARY ISLANDS),FUERTEVENTURA,THOMAS COOK AIRLINES LTD,A,C, 10 , 0 , 50 , 30 , 10 , 0 , 0 , 10 , 118.3 , 0 , 12 , 83.3333333333333 , 7 
31-Jan-2006 10:28,200511,MANCHESTER,SPAIN(CANARY ISLANDS),FUERTEVENTURA,THOMAS COOK AIRLINES LTD,D,C, 10 , 0 , 80 , 20 , 0 , 0 , 0 , 0 , 6.4 , 0 , 12 , 91.6666666666667 , 3.58333333333333 
31-Jan-2006 10:28,200511,MANCHESTER,SPAIN(CANARY ISLANDS),FUERTEVENTURA,THOMSONFLY LTD,A,C, 9 , 0 , 77.7777777777778 , 22.2222222222222 , 0 , 0 , 0 , 0 , 5.88888888888889 , 0 , 9 , 88.8888888888889 , 3.88888888888889 
31-Jan-2006 10:28,200511,MANCHESTER,SPAIN(CANARY ISLANDS),FUERTEVENTURA,THOMSONFLY LTD,D,C, 9 , 0 , 88.8888888888889 , 11.1111111111111 , 0 , 0 , 0 , 0 , 4.66666666666667 , 0 , 9 , 100 , 3.33333333333333 
31-Jan-2006 10:28,200511,MANCHESTER,SPAIN(CANARY ISLANDS),LAS PALMAS,AIR MALTA,A,C, 0 , 0 , 0 , 0 , 0 , 0 , 0 , 0 , 0 , 0 , 4 , 25 , 21.5 
31-Jan-2006 10:28,200511,MANCHESTER,SPAIN(CANARY ISLANDS),LAS PALMAS,AIR MALTA,D,C, 0 , 0 , 0 , 0 , 0 , 0 , 0 , 0 , 0 , 0 , 4 , 100 , 0 
31-Jan-2006 10:28,200511,MANCHESTER,SPAIN(CANARY ISLANDS),LAS PALMAS,EXCEL AIRWAYS LTD,A,C, 3 , 1 , 33.3333333333333 , 0 , 33.3333333333333 , 33.3333333333333 , 0 , 0 , 47 , 0 , 0 , 0 , 0 
31-Jan-2006 10:28,200511,MANCHESTER,SPAIN(CANARY ISLANDS),LAS PALMAS,EXCEL AIRWAYS LTD,D,C, 3 , 0 , 33.3333333333333 , 0 , 0 , 33.3333333333333 , 0 , 33.3333333333333 , 197.333333333333 , 0 , 0 , 0 , 0 
31-Jan-2006 10:28,200511,MANCHESTER,SPAIN(CANARY ISLANDS),LAS PALMAS,FIRST CHOICE AIRWAYS LTD,A,C, 9 , 0 , 77.7777777777778 , 11.1111111111111 , 0 , 11.1111111111111 , 0 , 0 , 21.8888888888889 , 0 , 11 , 81.8181818181818 , 35.5454545454545 
31-Jan-2006 10:28,200511,MANCHESTER,SPAIN(CANARY ISLANDS),LAS PALMAS,FIRST CHOICE AIRWAYS LTD,D,C, 8 , 0 , 87.5 , 0 , 0 , 12.5 , 0 , 0 , 23.25 , 0 , 11 , 90.9090909090909 , 40.1818181818182 
31-Jan-2006 10:28,200511,MANCHESTER,SPAIN(CANARY ISLANDS),LAS PALMAS,FUTURA AIRLINES,A,C, 1 , 0 , 0 , 100 , 0 , 0 , 0 , 0 , 17 , 0 , 0 , 0 , 0 
31-Jan-2006 10:28,200511,MANCHESTER,SPAIN(CANARY ISLANDS),LAS PALMAS,GB AIRWAYS LTD,A,S, 10 , 0 , 50 , 40 , 10 , 0 , 0 , 0 , 15.3 , 0 , 0 , 0 , 0 
31-Jan-2006 10:28,200511,MANCHESTER,SPAIN(CANARY ISLANDS),LAS PALMAS,GB AIRWAYS LTD,D,S, 9 , 0 , 88.8888888888889 , 11.1111111111111 , 0 , 0 , 0 , 0 , 4.88888888888889 , 0 , 0 , 0 , 0 
31-Jan-2006 10:28,200511,MANCHESTER,SPAIN(CANARY ISLANDS),LAS PALMAS,MONARCH AIRLINES,A,C, 4 , 0 , 75 , 0 , 0 , 25 , 0 , 0 , 34.75 , 0 , 5 , 100 , 5.2 
31-Jan-2006 10:28,200511,MANCHESTER,SPAIN(CANARY ISLANDS),LAS PALMAS,MONARCH AIRLINES,D,C, 4 , 0 , 75 , 0 , 0 , 25 , 0 , 0 , 37 , 0 , 5 , 80 , 8.2 
31-Jan-2006 10:28,200511,MANCHESTER,SPAIN(CANARY ISLANDS),LAS PALMAS,MY TRAVEL AIRWAYS UK,A,C, 8 , 0 , 75 , 0 , 0 , 12.5 , 12.5 , 0 , 39.75 , 0 , 9 , 66.6666666666667 , 28.4444444444444 
31-Jan-2006 10:28,200511,MANCHESTER,SPAIN(CANARY ISLANDS),LAS PALMAS,MY TRAVEL AIRWAYS UK,D,C, 8 , 0 , 75 , 0 , 0 , 12.5 , 12.5 , 0 , 42.25 , 0 , 9 , 77.7777777777778 , 22.3333333333333 
31-Jan-2006 10:28,200511,MANCHESTER,SPAIN(CANARY ISLANDS),LAS PALMAS,THOMAS COOK AIRLINES LTD,A,C, 11 , 1 , 63.6363636363636 , 9.09090909090909 , 9.09090909090909 , 18.1818181818182 , 0 , 0 , 24.0909090909091 , 0 , 20 , 80 , 9.9 
31-Jan-2006 10:28,200511,MANCHESTER,SPAIN(CANARY ISLANDS),LAS PALMAS,THOMAS COOK AIRLINES LTD,D,C, 11 , 0 , 81.8181818181818 , 9.09090909090909 , 0 , 9.09090909090909 , 0 , 0 , 11.8181818181818 , 0 , 20 , 90 , 8.05 
31-Jan-2006 10:28,200511,MANCHESTER,SPAIN(CANARY ISLANDS),LAS PALMAS,THOMSONFLY LTD,A,C, 12 , 0 , 83.3333333333333 , 0 , 0 , 16.6666666666667 , 0 , 0 , 19.9166666666667 , 0 , 13 , 92.3076923076923 , 10 
31-Jan-2006 10:28,200511,MANCHESTER,SPAIN(CANARY ISLANDS),LAS PALMAS,THOMSONFLY LTD,D,C, 12 , 0 , 91.6666666666667 , 0 , 0 , 8.33333333333333 , 0 , 0 , 8.75 , 0 , 13 , 69.2307692307692 , 14.0769230769231 
31-Jan-2006 10:28,200511,MANCHESTER,SPAIN(CANARY ISLANDS),LAS PALMAS,VOLAR AIRLINES,A,C, 0 , 0 , 0 , 0 , 0 , 0 , 0 , 0 , 0 , 0 , 1 , 0 , 44 
31-Jan-2006 10:28,200511,MANCHESTER,SPAIN(CANARY ISLANDS),TENERIFE (NORTE LOS RODEOS),THOMSONFLY LTD,A,C, 4 , 0 , 0 , 25 , 25 , 50 , 0 , 0 , 49.25 , 0 , 0 , 0 , 0 
31-Jan-2006 10:28,200511,MANCHESTER,SPAIN(CANARY ISLANDS),TENERIFE (NORTE LOS RODEOS),THOMSONFLY LTD,D,C, 4 , 0 , 50 , 50 , 0 , 0 , 0 , 0 , 13.5 , 0 , 0 , 0 , 0 
31-Jan-2006 10:28,200511,MANCHESTER,SPAIN(CANARY ISLANDS),TENERIFE (SURREINA SOFIA),AIR MALTA,A,C, 0 , 0 , 0 , 0 , 0 , 0 , 0 , 0 , 0 , 0 , 18 , 33.3333333333333 , 34.1111111111111 
31-Jan-2006 10:28,200511,MANCHESTER,SPAIN(CANARY ISLANDS),TENERIFE (SURREINA SOFIA),AIR MALTA,D,C, 0 , 0 , 0 , 0 , 0 , 0 , 0 , 0 , 0 , 0 , 18 , 61.1111111111111 , 18.2777777777778 
31-Jan-2006 10:28,200511,MANCHESTER,SPAIN(CANARY ISLANDS),TENERIFE (SURREINA SOFIA),ASTRAEUS LTD,A,C, 2 , 0 , 50 , 0 , 50 , 0 , 0 , 0 , 17 , 0 , 0 , 0 , 0 
31-Jan-2006 10:28,200511,MANCHESTER,SPAIN(CANARY ISLANDS),TENERIFE (SURREINA SOFIA),ASTRAEUS LTD,D,C, 1 , 0 , 0 , 100 , 0 , 0 , 0 , 0 , 20 , 0 , 0 , 0 , 0 
31-Jan-2006 10:28,200511,MANCHESTER,SPAIN(CANARY ISLANDS),TENERIFE (SURREINA SOFIA),EXCEL AIRWAYS LTD,A,C, 10 , 0 , 60 , 10 , 20 , 10 , 0 , 0 , 22.5 , 0 , 14 , 35.7142857142857 , 38.4285714285714 
31-Jan-2006 10:28,200511,MANCHESTER,SPAIN(CANARY ISLANDS),TENERIFE (SURREINA SOFIA),EXCEL AIRWAYS LTD,D,C, 10 , 0 , 80 , 10 , 10 , 0 , 0 , 0 , 10.1 , 0 , 12 , 91.6666666666667 , 2 
31-Jan-2006 10:28,200511,MANCHESTER,SPAIN(CANARY ISLANDS),TENERIFE (SURREINA SOFIA),FIRST CHOICE AIRWAYS LTD,A,C, 23 , 0 , 86.9565217391304 , 8.69565217391304 , 4.34782608695652 , 0 , 0 , 0 , 5.08695652173913 , 0 , 27 , 55.5555555555556 , 14.6666666666667 
31-Jan-2006 10:28,200511,MANCHESTER,SPAIN(CANARY ISLANDS),TENERIFE (SURREINA SOFIA),FIRST CHOICE AIRWAYS LTD,D,C, 22 , 0 , 81.8181818181818 , 13.6363636363636 , 4.54545454545455 , 0 , 0 , 0 , 7.45454545454545 , 0 , 29 , 79.3103448275862 , 11.0344827586207 
31-Jan-2006 10:28,200511,MANCHESTER,SPAIN(CANARY ISLANDS),TENERIFE (SURREINA SOFIA),FLYJET LTD,A,C, 4 , 0 , 0 , 0 , 100 , 0 , 0 , 0 , 41.5 , 0 , 3 , 0 , 55.3333333333333 
31-Jan-2006 10:28,200511,MANCHESTER,SPAIN(CANARY ISLANDS),TENERIFE (SURREINA SOFIA),FLYJET LTD,D,C, 4 , 0 , 25 , 0 , 75 , 0 , 0 , 0 , 31 , 0 , 3 , 66.6666666666667 , 23.3333333333333 
31-Jan-2006 10:28,200511,MANCHESTER,SPAIN(CANARY ISLANDS),TENERIFE (SURREINA SOFIA),GB AIRWAYS LTD,A,S, 30 , 2 , 50 , 20 , 10 , 20 , 0 , 0 , 40.8333333333333 , 2 , 0 , 0 , 0 
31-Jan-2006 10:28,200511,MANCHESTER,SPAIN(CANARY ISLANDS),TENERIFE (SURREINA SOFIA),GB AIRWAYS LTD,D,S, 32 , 0 , 65.625 , 21.875 , 0 , 6.25 , 3.125 , 3.125 , 35.75 , 0 , 0 , 0 , 0 
31-Jan-2006 10:28,200511,MANCHESTER,SPAIN(CANARY ISLANDS),TENERIFE (SURREINA SOFIA),MONARCH AIRLINES,A,C, 17 , 0 , 76.4705882352941 , 11.7647058823529 , 5.88235294117647 , 5.88235294117647 , 0 , 0 , 16 , 0 , 11 , 63.6363636363636 , 15.6363636363636 
31-Jan-2006 10:28,200511,MANCHESTER,SPAIN(CANARY ISLANDS),TENERIFE (SURREINA SOFIA),MONARCH AIRLINES,A,S, 30 , 0 , 53.3333333333333 , 16.6666666666667 , 23.3333333333333 , 0 , 3.33333333333333 , 3.33333333333333 , 59.6666666666667 , 0 , 30 , 63.3333333333333 , 13.0666666666667 
31-Jan-2006 10:28,200511,MANCHESTER,SPAIN(CANARY ISLANDS),TENERIFE (SURREINA SOFIA),MONARCH AIRLINES,D,C, 17 , 0 , 88.2352941176471 , 11.7647058823529 , 0 , 0 , 0 , 0 , 3.94117647058824 , 0 , 11 , 81.8181818181818 , 16.5454545454545 
31-Jan-2006 10:28,200511,MANCHESTER,SPAIN(CANARY ISLANDS),TENERIFE (SURREINA SOFIA),MONARCH AIRLINES,D,S, 30 , 0 , 76.6666666666667 , 10 , 6.66666666666667 , 6.66666666666667 , 0 , 0 , 13.3666666666667 , 0 , 30 , 93.3333333333333 , 3.56666666666667 
31-Jan-2006 10:28,200511,MANCHESTER,SPAIN(CANARY ISLANDS),TENERIFE (SURREINA SOFIA),MY TRAVEL AIRWAYS UK,A,C, 25 , 0 , 72 , 8 , 16 , 4 , 0 , 0 , 14.64 , 0 , 24 , 58.3333333333333 , 47.7916666666667 
31-Jan-2006 10:28,200511,MANCHESTER,SPAIN(CANARY ISLANDS),TENERIFE (SURREINA SOFIA),MY TRAVEL AIRWAYS UK,D,C, 25 , 0 , 92 , 4 , 4 , 0 , 0 , 0 , 5.28 , 0 , 24 , 83.3333333333333 , 38.7083333333333 
31-Jan-2006 10:28,200511,MANCHESTER,SPAIN(CANARY ISLANDS),TENERIFE (SURREINA SOFIA),THOMAS COOK AIRLINES LTD,A,C, 28 , 0 , 46.4285714285714 , 14.2857142857143 , 17.8571428571429 , 14.2857142857143 , 7.14285714285714 , 0 , 41.9285714285714 , 0 , 38 , 57.8947368421053 , 26.9473684210526 
31-Jan-2006 10:28,200511,MANCHESTER,SPAIN(CANARY ISLANDS),TENERIFE (SURREINA SOFIA),THOMAS COOK AIRLINES LTD,D,C, 27 , 0 , 74.0740740740741 , 7.40740740740741 , 0 , 11.1111111111111 , 7.40740740740741 , 0 , 28.1851851851852 , 0 , 34 , 85.2941176470588 , 18.5294117647059 
31-Jan-2006 10:28,200511,MANCHESTER,SPAIN(CANARY ISLANDS),TENERIFE (SURREINA SOFIA),THOMSONFLY LTD,A,C, 17 , 0 , 70.5882352941177 , 11.7647058823529 , 5.88235294117647 , 11.7647058823529 , 0 , 0 , 17.5882352941176 , 0 , 23 , 91.304347826087 , 3.47826086956522 
31-Jan-2006 10:28,200511,MANCHESTER,SPAIN(CANARY ISLANDS),TENERIFE (SURREINA SOFIA),THOMSONFLY LTD,D,C, 17 , 0 , 76.4705882352941 , 11.7647058823529 , 11.7647058823529 , 0 , 0 , 0 , 11.0588235294118 , 0 , 22 , 86.3636363636364 , 5.72727272727273 
31-Jan-2006 10:28,200511,MANCHESTER,SPAIN(CANARY ISLANDS),TENERIFE (SURREINA SOFIA),VOLAR AIRLINES,A,C, 0 , 0 , 0 , 0 , 0 , 0 , 0 , 0 , 0 , 0 , 3 , 66.6666666666667 , 24 
31-Jan-2006 10:28,200511,MANCHESTER,SPAIN(CANARY ISLANDS),TENERIFE (SURREINA SOFIA),VOLAR AIRLINES,D,C, 1 , 0 , 100 , 0 , 0 , 0 , 0 , 0 , 0 , 0 , 3 , 66.6666666666667 , 20.6666666666667 
31-Jan-2006 10:28,200511,MANCHESTER,ST LUCIA,ST LUCIA (HEWANORRA),BMI BRITISH MIDLAND,A,S, 9 , 0 , 33.3333333333333 , 33.3333333333333 , 0 , 22.2222222222222 , 11.1111111111111 , 0 , 64.3333333333333 , 0 , 0 , 0 , 0 
31-Jan-2006 10:28,200511,MANCHESTER,ST LUCIA,ST LUCIA (HEWANORRA),BMI BRITISH MIDLAND,D,S, 8 , 0 , 75 , 0 , 12.5 , 0 , 12.5 , 0 , 37.75 , 0 , 0 , 0 , 0 
31-Jan-2006 10:28,200511,MANCHESTER,ST LUCIA,ST LUCIA (HEWANORRA),THOMSONFLY LTD,A,C, 0 , 0 , 0 , 0 , 0 , 0 , 0 , 0 , 0 , 0 , 1 , 100 , 6 
31-Jan-2006 10:28,200511,MANCHESTER,ST LUCIA,ST LUCIA (HEWANORRA),THOMSONFLY LTD,D,C, 0 , 0 , 0 , 0 , 0 , 0 , 0 , 0 , 0 , 0 , 1 , 100 , 2 
31-Jan-2006 10:28,200511,MANCHESTER,SWEDEN,GOTEBORG,CITY AIRLINE,A,S, 47 , 0 , 23.4042553191489 , 31.9148936170213 , 31.9148936170213 , 12.7659574468085 , 0 , 0 , 37.063829787234 , 1 , 48 , 68.75 , 23.6666666666667 
31-Jan-2006 10:28,200511,MANCHESTER,SWEDEN,GOTEBORG,CITY AIRLINE,D,S, 47 , 0 , 61.7021276595745 , 10.6382978723404 , 10.6382978723404 , 17.0212765957447 , 0 , 0 , 24.8510638297872 , 1 , 48 , 85.4166666666667 , 15.2083333333333 
31-Jan-2006 10:28,200511,MANCHESTER,SWEDEN,GOTEBORG,FLYME SWEDEN,A,C, 0 , 0 , 0 , 0 , 0 , 0 , 0 , 0 , 0 , 0 , 1 , 100 , 3 
31-Jan-2006 10:28,200511,MANCHESTER,SWEDEN,GOTEBORG,FLYME SWEDEN,D,C, 0 , 0 , 0 , 0 , 0 , 0 , 0 , 0 , 0 , 0 , 1 , 0 , 20 
31-Jan-2006 10:28,200511,MANCHESTER,SWEDEN,STOCKHOLM (ARLANDA),EMERALD AIRWAYS LIMITED,A,C, 0 , 0 , 0 , 0 , 0 , 0 , 0 , 0 , 0 , 0 , 1 , 0 , 199 
31-Jan-2006 10:28,200511,MANCHESTER,SWEDEN,STOCKHOLM (ARLANDA),EMERALD AIRWAYS LIMITED,D,C, 0 , 0 , 0 , 0 , 0 , 0 , 0 , 0 , 0 , 0 , 1 , 100 , 0 
31-Jan-2006 10:28,200511,MANCHESTER,SWEDEN,STOCKHOLM (ARLANDA),SAS,A,S, 47 , 0 , 80.8510638297872 , 10.6382978723404 , 6.38297872340426 , 2.12765957446809 , 0 , 0 , 10.7446808510638 , 0 , 48 , 50 , 20.2916666666667 
31-Jan-2006 10:28,200511,MANCHESTER,SWEDEN,STOCKHOLM (ARLANDA),SAS,D,S, 47 , 0 , 85.1063829787234 , 8.51063829787234 , 2.12765957446809 , 4.25531914893617 , 0 , 0 , 9.17021276595745 , 0 , 48 , 81.25 , 8.22916666666667 
31-Jan-2006 10:28,200511,MANCHESTER,SWITZERLAND,BASLE MULHOUSE,SWISS AIRLINES,A,S, 0 , 0 , 0 , 0 , 0 , 0 , 0 , 0 , 0 , 0 , 52 , 88.4615384615385 , 6.21153846153846 
31-Jan-2006 10:28,200511,MANCHESTER,SWITZERLAND,BASLE MULHOUSE,SWISS AIRLINES,D,S, 0 , 0 , 0 , 0 , 0 , 0 , 0 , 0 , 0 , 0 , 52 , 84.6153846153846 , 7.40384615384615 
31-Jan-2006 10:28,200511,MANCHESTER,SWITZERLAND,GENEVA,BRITISH AIRWAYS CITIEXPRESS LTD,A,C, 1 , 1 , 0 , 0 , 100 , 0 , 0 , 0 , 41 , 0 , 0 , 0 , 0 
31-Jan-2006 10:28,200511,MANCHESTER,SWITZERLAND,GENEVA,BRITISH AIRWAYS CITIEXPRESS LTD,A,S, 28 , 0 , 78.5714285714286 , 14.2857142857143 , 3.57142857142857 , 3.57142857142857 , 0 , 0 , 12.3928571428571 , 0 , 52 , 75 , 13.1153846153846 
31-Jan-2006 10:28,200511,MANCHESTER,SWITZERLAND,GENEVA,BRITISH AIRWAYS CITIEXPRESS LTD,D,C, 1 , 0 , 0 , 0 , 100 , 0 , 0 , 0 , 40 , 0 , 0 , 0 , 0 
31-Jan-2006 10:28,200511,MANCHESTER,SWITZERLAND,GENEVA,BRITISH AIRWAYS CITIEXPRESS LTD,D,S, 29 , 0 , 79.3103448275862 , 6.89655172413793 , 10.3448275862069 , 3.44827586206897 , 0 , 0 , 12.3793103448276 , 0 , 53 , 83.0188679245283 , 10.2641509433962 
31-Jan-2006 10:28,200511,MANCHESTER,SWITZERLAND,GENEVA,EXCEL AIRWAYS LTD,A,C, 1 , 0 , 100 , 0 , 0 , 0 , 0 , 0 , 0 , 0 , 0 , 0 , 0 
31-Jan-2006 10:28,200511,MANCHESTER,SWITZERLAND,GENEVA,EXCEL AIRWAYS LTD,D,C, 1 , 0 , 100 , 0 , 0 , 0 , 0 , 0 , 0 , 0 , 0 , 0 , 0 
31-Jan-2006 10:28,200511,MANCHESTER,SWITZERLAND,GENEVA,MONARCH AIRLINES,A,C, 1 , 0 , 100 , 0 , 0 , 0 , 0 , 0 , 8 , 0 , 0 , 0 , 0 
31-Jan-2006 10:28,200511,MANCHESTER,SWITZERLAND,GENEVA,MONARCH AIRLINES,D,C, 1 , 0 , 100 , 0 , 0 , 0 , 0 , 0 , 0 , 0 , 0 , 0 , 0 
31-Jan-2006 10:28,200511,MANCHESTER,SWITZERLAND,ZURICH,BRITISH AIRWAYS CITIEXPRESS LTD,A,S, 0 , 0 , 0 , 0 , 0 , 0 , 0 , 0 , 0 , 0 , 51 , 84.3137254901961 , 7.3921568627451 
31-Jan-2006 10:28,200511,MANCHESTER,SWITZERLAND,ZURICH,BRITISH AIRWAYS CITIEXPRESS LTD,D,S, 0 , 0 , 0 , 0 , 0 , 0 , 0 , 0 , 0 , 0 , 51 , 84.3137254901961 , 7.41176470588235 
31-Jan-2006 10:28,200511,MANCHESTER,SWITZERLAND,ZURICH,SWISS AIRLINES,A,S, 89 , 0 , 73.0337078651685 , 15.7303370786517 , 8.98876404494382 , 2.24719101123596 , 0 , 0 , 13.0898876404494 , 0 , 90 , 64.4444444444444 , 12.8555555555556 
31-Jan-2006 10:28,200511,MANCHESTER,SWITZERLAND,ZURICH,SWISS AIRLINES,D,S, 89 , 0 , 77.5280898876404 , 12.3595505617978 , 6.74157303370787 , 2.24719101123596 , 1.12359550561798 , 0 , 12.5280898876404 , 0 , 90 , 67.7777777777778 , 11.5333333333333 
31-Jan-2006 10:28,200511,MANCHESTER,SYRIA,DAMASCUS,SYRIANAIR,A,S, 7 , 0 , 0 , 14.2857142857143 , 28.5714285714286 , 42.8571428571429 , 0 , 14.2857142857143 , 110.428571428571 , 4 , 9 , 44.4444444444444 , 64.1111111111111 
31-Jan-2006 10:28,200511,MANCHESTER,SYRIA,DAMASCUS,SYRIANAIR,D,S, 7 , 0 , 14.2857142857143 , 28.5714285714286 , 28.5714285714286 , 14.2857142857143 , 0 , 14.2857142857143 , 94.4285714285714 , 4 , 11 , 36.3636363636364 , 49.9090909090909 
31-Jan-2006 10:28,200511,MANCHESTER,TRINIDAD AND TOBAGO,PORT OF SPAIN,BWIA,A,S, 7 , 0 , 42.8571428571429 , 14.2857142857143 , 14.2857142857143 , 14.2857142857143 , 0 , 14.2857142857143 , 219.857142857143 , 1 , 6 , 50 , 30.1666666666667 
31-Jan-2006 10:28,200511,MANCHESTER,TRINIDAD AND TOBAGO,PORT OF SPAIN,BWIA,D,S, 7 , 0 , 42.8571428571429 , 14.2857142857143 , 28.5714285714286 , 0 , 0 , 14.2857142857143 , 221.571428571429 , 1 , 7 , 57.1428571428571 , 37.1428571428571 
31-Jan-2006 10:28,200511,MANCHESTER,TUNISIA,MONASTIR,FIRST CHOICE AIRWAYS LTD,A,C, 4 , 0 , 100 , 0 , 0 , 0 , 0 , 0 , 4.5 , 0 , 5 , 80 , 11.6 
31-Jan-2006 10:28,200511,MANCHESTER,TUNISIA,MONASTIR,FIRST CHOICE AIRWAYS LTD,D,C, 4 , 0 , 100 , 0 , 0 , 0 , 0 , 0 , 0 , 0 , 4 , 100 , 0 
31-Jan-2006 10:28,200511,MANCHESTER,TUNISIA,MONASTIR,MY TRAVEL AIRWAYS UK,A,C, 7 , 0 , 100 , 0 , 0 , 0 , 0 , 0 , 0 , 0 , 4 , 75 , 8 
31-Jan-2006 10:28,200511,MANCHESTER,TUNISIA,MONASTIR,MY TRAVEL AIRWAYS UK,D,C, 7 , 0 , 100 , 0 , 0 , 0 , 0 , 0 , 2 , 0 , 4 , 100 , 0 
31-Jan-2006 10:28,200511,MANCHESTER,TUNISIA,MONASTIR,NOUVELAIR TUNISIE,A,C, 0 , 0 , 0 , 0 , 0 , 0 , 0 , 0 , 0 , 0 , 3 , 33.3333333333333 , 52.6666666666667 
31-Jan-2006 10:28,200511,MANCHESTER,TUNISIA,MONASTIR,NOUVELAIR TUNISIE,D,C, 0 , 0 , 0 , 0 , 0 , 0 , 0 , 0 , 0 , 0 , 3 , 0 , 79.6666666666667 
31-Jan-2006 10:28,200511,MANCHESTER,TUNISIA,MONASTIR,THOMAS COOK AIRLINES LTD,A,C, 7 , 0 , 14.2857142857143 , 57.1428571428571 , 0 , 14.2857142857143 , 14.2857142857143 , 0 , 47.7142857142857 , 0 , 7 , 85.7142857142857 , 11.2857142857143 
31-Jan-2006 10:28,200511,MANCHESTER,TUNISIA,MONASTIR,THOMAS COOK AIRLINES LTD,D,C, 7 , 0 , 71.4285714285714 , 0 , 0 , 28.5714285714286 , 0 , 0 , 36.5714285714286 , 0 , 6 , 100 , 1 
31-Jan-2006 10:28,200511,MANCHESTER,TUNISIA,MONASTIR,THOMSONFLY LTD,A,C, 9 , 0 , 44.4444444444444 , 33.3333333333333 , 11.1111111111111 , 11.1111111111111 , 0 , 0 , 20.4444444444444 , 0 , 8 , 87.5 , 4.375 
31-Jan-2006 10:28,200511,MANCHESTER,TUNISIA,MONASTIR,THOMSONFLY LTD,D,C, 9 , 0 , 77.7777777777778 , 0 , 11.1111111111111 , 11.1111111111111 , 0 , 0 , 15.4444444444444 , 0 , 8 , 100 , 0.625 
31-Jan-2006 10:28,200511,MANCHESTER,TURKEY,ANTALYA,FIRST CHOICE AIRWAYS LTD,A,C, 0 , 0 , 0 , 0 , 0 , 0 , 0 , 0 , 0 , 0 , 4 , 75 , 18 
31-Jan-2006 10:28,200511,MANCHESTER,TURKEY,ANTALYA,FIRST CHOICE AIRWAYS LTD,D,C, 0 , 0 , 0 , 0 , 0 , 0 , 0 , 0 , 0 , 0 , 3 , 100 , 1.33333333333333 
31-Jan-2006 10:28,200511,MANCHESTER,TURKEY,ANTALYA,KIBRIS TURKISH AIRLINES - KTHY,A,S, 0 , 0 , 0 , 0 , 0 , 0 , 0 , 0 , 0 , 0 , 4 , 50 , 26.25 
31-Jan-2006 10:28,200511,MANCHESTER,TURKEY,ANTALYA,KIBRIS TURKISH AIRLINES - KTHY,D,S, 0 , 0 , 0 , 0 , 0 , 0 , 0 , 0 , 0 , 0 , 4 , 50 , 23.25 
31-Jan-2006 10:28,200511,MANCHESTER,TURKEY,ANTALYA,THOMAS COOK AIRLINES LTD,A,C, 11 , 0 , 72.7272727272727 , 18.1818181818182 , 9.09090909090909 , 0 , 0 , 0 , 10.4545454545455 , 0 , 14 , 71.4285714285714 , 12.0714285714286 
31-Jan-2006 10:28,200511,MANCHESTER,TURKEY,ANTALYA,THOMAS COOK AIRLINES LTD,D,C, 11 , 0 , 90.9090909090909 , 9.09090909090909 , 0 , 0 , 0 , 0 , 6.27272727272727 , 0 , 10 , 100 , 2.5 
31-Jan-2006 10:28,200511,MANCHESTER,TURKEY,BODRUM (MILAS),FIRST CHOICE AIRWAYS LTD,A,C, 0 , 0 , 0 , 0 , 0 , 0 , 0 , 0 , 0 , 0 , 1 , 100 , 0 
31-Jan-2006 10:28,200511,MANCHESTER,TURKEY,BODRUM (MILAS),MONARCH AIRLINES,A,C, 0 , 0 , 0 , 0 , 0 , 0 , 0 , 0 , 0 , 0 , 1 , 100 , 0 
31-Jan-2006 10:28,200511,MANCHESTER,TURKEY,BODRUM (MILAS),THOMAS COOK AIRLINES LTD,A,C, 2 , 0 , 100 , 0 , 0 , 0 , 0 , 0 , 0 , 0 , 1 , 100 , 0 
31-Jan-2006 10:28,200511,MANCHESTER,TURKEY,BODRUM (MILAS),THOMSONFLY LTD,A,C, 0 , 0 , 0 , 0 , 0 , 0 , 0 , 0 , 0 , 0 , 1 , 100 , 0 
31-Jan-2006 10:28,200511,MANCHESTER,TURKEY,DALAMAN,EXCEL AIRWAYS LTD,A,C, 0 , 0 , 0 , 0 , 0 , 0 , 0 , 0 , 0 , 0 , 1 , 100 , 0 
31-Jan-2006 10:28,200511,MANCHESTER,TURKEY,DALAMAN,KIBRIS TURKISH AIRLINES - KTHY,A,S, 4 , 0 , 75 , 25 , 0 , 0 , 0 , 0 , 11.25 , 0 , 0 , 0 , 0 
31-Jan-2006 10:28,200511,MANCHESTER,TURKEY,DALAMAN,KIBRIS TURKISH AIRLINES - KTHY,D,S, 4 , 0 , 75 , 25 , 0 , 0 , 0 , 0 , 7.5 , 0 , 0 , 0 , 0 
31-Jan-2006 10:28,200511,MANCHESTER,TURKEY,DALAMAN,MONARCH AIRLINES,A,C, 0 , 0 , 0 , 0 , 0 , 0 , 0 , 0 , 0 , 0 , 2 , 100 , 0 
31-Jan-2006 10:28,200511,MANCHESTER,TURKEY,DALAMAN,MY TRAVEL AIRWAYS UK,A,C, 2 , 0 , 100 , 0 , 0 , 0 , 0 , 0 , 0 , 0 , 0 , 0 , 0 
31-Jan-2006 10:28,200511,MANCHESTER,TURKEY,DALAMAN,ONUR AIR,A,C, 3 , 0 , 100 , 0 , 0 , 0 , 0 , 0 , 5.33333333333333 , 0 , 0 , 0 , 0 
31-Jan-2006 10:28,200511,MANCHESTER,TURKEY,DALAMAN,ONUR AIR,D,C, 3 , 0 , 66.6666666666667 , 33.3333333333333 , 0 , 0 , 0 , 0 , 5.66666666666667 , 0 , 0 , 0 , 0 
31-Jan-2006 10:28,200511,MANCHESTER,TURKEY,DALAMAN,THOMAS COOK AIRLINES LTD,A,C, 8 , 0 , 87.5 , 0 , 0 , 12.5 , 0 , 0 , 24.125 , 0 , 4 , 100 , 0 
31-Jan-2006 10:28,200511,MANCHESTER,TURKEY,DALAMAN,THOMAS COOK AIRLINES LTD,D,C, 3 , 0 , 100 , 0 , 0 , 0 , 0 , 0 , 2.33333333333333 , 0 , 0 , 0 , 0 
31-Jan-2006 10:28,200511,MANCHESTER,TURKEY,DALAMAN,THOMSONFLY LTD,A,C, 0 , 0 , 0 , 0 , 0 , 0 , 0 , 0 , 0 , 0 , 1 , 100 , 9 
31-Jan-2006 10:28,200511,MANCHESTER,TURKEY,ISTANBUL,FLY AIR,A,C, 0 , 0 , 0 , 0 , 0 , 0 , 0 , 0 , 0 , 0 , 4 , 75 , 8.75 
31-Jan-2006 10:28,200511,MANCHESTER,TURKEY,ISTANBUL,FLY AIR,D,C, 0 , 0 , 0 , 0 , 0 , 0 , 0 , 0 , 0 , 0 , 3 , 33.3333333333333 , 23.3333333333333 
31-Jan-2006 10:28,200511,MANCHESTER,TURKEY,ISTANBUL,THY TURK HAVA YOLLARI TURKISH,A,S, 31 , 0 , 58.0645161290323 , 22.5806451612903 , 12.9032258064516 , 6.45161290322581 , 0 , 0 , 19.6774193548387 , 0 , 30 , 60 , 24.1666666666667 
31-Jan-2006 10:28,200511,MANCHESTER,TURKEY,ISTANBUL,THY TURK HAVA YOLLARI TURKISH,D,S, 30 , 0 , 46.6666666666667 , 33.3333333333333 , 10 , 10 , 0 , 0 , 21.8666666666667 , 1 , 30 , 60 , 25 
31-Jan-2006 10:28,200511,MANCHESTER,TURKEY,IZMIR (ADNAM MENDERES),THOMAS COOK AIRLINES LTD,A,C, 0 , 0 , 0 , 0 , 0 , 0 , 0 , 0 , 0 , 0 , 1 , 100 , 0 
31-Jan-2006 10:28,200511,MANCHESTER,UNITED ARAB EMIRATES,DUBAI,EMIRATES,A,S, 57 , 3 , 75.4385964912281 , 14.0350877192982 , 8.7719298245614 , 1.75438596491228 , 0 , 0 , 9.24561403508772 , 3 , 60 , 78.3333333333333 , 10.5666666666667 
31-Jan-2006 10:28,200511,MANCHESTER,UNITED ARAB EMIRATES,DUBAI,EMIRATES,D,S, 60 , 0 , 68.3333333333333 , 13.3333333333333 , 11.6666666666667 , 6.66666666666667 , 0 , 0 , 18.2333333333333 , 0 , 60 , 65 , 16.4 
31-Jan-2006 10:28,200511,MANCHESTER,UNITED ARAB EMIRATES,DUBAI,FIRST CHOICE AIRWAYS LTD,A,C, 0 , 0 , 0 , 0 , 0 , 0 , 0 , 0 , 0 , 0 , 1 , 0 , 45 
31-Jan-2006 10:28,200511,MANCHESTER,UNITED ARAB EMIRATES,DUBAI,FIRST CHOICE AIRWAYS LTD,D,C, 0 , 0 , 0 , 0 , 0 , 0 , 0 , 0 , 0 , 0 , 1 , 100 , 0 
31-Jan-2006 10:28,200511,MANCHESTER,UNITED KINGDOM,ABERDEEN,BMI REGIONAL,A,S, 89 , 0 , 82.0224719101124 , 8.98876404494382 , 3.37078651685393 , 5.61797752808989 , 0 , 0 , 9.26966292134832 , 0 , 74 , 93.2432432432432 , 6.81081081081081 
31-Jan-2006 10:28,200511,MANCHESTER,UNITED KINGDOM,ABERDEEN,BMI REGIONAL,D,S, 89 , 0 , 87.6404494382023 , 2.24719101123596 , 7.86516853932584 , 2.24719101123596 , 0 , 0 , 7.39325842696629 , 0 , 74 , 93.2432432432432 , 3.75675675675676 
31-Jan-2006 10:28,200511,MANCHESTER,UNITED KINGDOM,ABERDEEN,BRITISH AIRWAYS CITIEXPRESS LTD,A,S, 81 , 0 , 66.6666666666667 , 11.1111111111111 , 13.5802469135802 , 6.17283950617284 , 2.46913580246914 , 0 , 19.1975308641975 , 0 , 86 , 87.2093023255814 , 8.23255813953488 
31-Jan-2006 10:28,200511,MANCHESTER,UNITED KINGDOM,ABERDEEN,BRITISH AIRWAYS CITIEXPRESS LTD,D,S, 83 , 0 , 72.289156626506 , 12.0481927710843 , 9.63855421686747 , 3.6144578313253 , 2.40963855421687 , 0 , 16.1686746987952 , 0 , 86 , 84.8837209302326 , 8.91860465116279 
31-Jan-2006 10:28,200511,MANCHESTER,UNITED KINGDOM,BELFAST CITY,BRITISH AIRWAYS CITIEXPRESS LTD,A,S, 157 , 1 , 50.3184713375796 , 18.4713375796178 , 17.8343949044586 , 10.828025477707 , 2.54777070063694 , 0 , 29.515923566879 , 0 , 164 , 76.8292682926829 , 12.719512195122 
31-Jan-2006 10:28,200511,MANCHESTER,UNITED KINGDOM,BELFAST CITY,BRITISH AIRWAYS CITIEXPRESS LTD,D,S, 161 , 0 , 63.9751552795031 , 13.6645962732919 , 12.4223602484472 , 8.69565217391304 , 1.24223602484472 , 0 , 21.3478260869565 , 0 , 166 , 86.144578313253 , 7.58433734939759 
31-Jan-2006 10:28,200511,MANCHESTER,UNITED KINGDOM,BELFAST INTERNATIONAL,BMIBABY LTD,A,S, 112 , 0 , 76.7857142857143 , 6.25 , 8.92857142857143 , 4.46428571428571 , 3.57142857142857 , 0 , 19.4642857142857 , 4 , 104 , 73.0769230769231 , 14.9519230769231 
31-Jan-2006 10:28,200511,MANCHESTER,UNITED KINGDOM,BELFAST INTERNATIONAL,BMIBABY LTD,D,S, 113 , 0 , 84.9557522123894 , 4.42477876106195 , 2.65486725663717 , 6.19469026548673 , 1.76991150442478 , 0 , 13.7964601769912 , 3 , 104 , 81.7307692307692 , 14.1153846153846 
31-Jan-2006 10:28,200511,MANCHESTER,UNITED KINGDOM,BIRMINGHAM,EASTERN AIRWAYS,A,S, 1 , 0 , 0 , 100 , 0 , 0 , 0 , 0 , 23 , 0 , 0 , 0 , 0 
31-Jan-2006 10:28,200511,MANCHESTER,UNITED KINGDOM,BIRMINGHAM,EASTERN AIRWAYS,D,S, 2 , 0 , 100 , 0 , 0 , 0 , 0 , 0 , 0 , 0 , 0 , 0 , 0 
31-Jan-2006 10:28,200511,MANCHESTER,UNITED KINGDOM,BIRMINGHAM,THOMSONFLY LTD,A,C, 1 , 3 , 100 , 0 , 0 , 0 , 0 , 0 , 0 , 0 , 0 , 0 , 0 
31-Jan-2006 10:28,200511,MANCHESTER,UNITED KINGDOM,BIRMINGHAM,THOMSONFLY LTD,D,C, 0 , 2 , 0 , 0 , 0 , 0 , 0 , 0 , 0 , 0 , 0 , 0 , 0 
31-Jan-2006 10:28,200511,MANCHESTER,UNITED KINGDOM,BLACKPOOL,THOMSONFLY LTD,A,C, 0 , 1 , 0 , 0 , 0 , 0 , 0 , 0 , 0 , 0 , 0 , 0 , 0 
31-Jan-2006 10:28,200511,MANCHESTER,UNITED KINGDOM,BOURNEMOUTH,THOMSONFLY LTD,A,C, 1 , 0 , 100 , 0 , 0 , 0 , 0 , 0 , 11 , 0 , 0 , 0 , 0 
31-Jan-2006 10:28,200511,MANCHESTER,UNITED KINGDOM,BRISTOL,AIR SOUTHWEST,A,S, 21 , 0 , 52.3809523809524 , 4.76190476190476 , 33.3333333333333 , 9.52380952380952 , 0 , 0 , 29 , 1 , 21 , 76.1904761904762 , 14.1904761904762 
31-Jan-2006 10:28,200511,MANCHESTER,UNITED KINGDOM,BRISTOL,AIR SOUTHWEST,D,S, 21 , 0 , 61.9047619047619 , 14.2857142857143 , 19.047619047619 , 4.76190476190476 , 0 , 0 , 18.0952380952381 , 1 , 22 , 81.8181818181818 , 11.5 
31-Jan-2006 10:28,200511,MANCHESTER,UNITED KINGDOM,BRISTOL,CONTINENTAL AIRLINES,D,S, 1 , 0 , 0 , 0 , 0 , 100 , 0 , 0 , 81 , 0 , 0 , 0 , 0 
31-Jan-2006 10:28,200511,MANCHESTER,UNITED KINGDOM,CITY OF DERRY (EGLINTON),AER ARRAN,A,S, 0 , 0 , 0 , 0 , 0 , 0 , 0 , 0 , 0 , 0 , 25 , 88 , 3.16 
31-Jan-2006 10:28,200511,MANCHESTER,UNITED KINGDOM,CITY OF DERRY (EGLINTON),AER ARRAN,D,S, 0 , 0 , 0 , 0 , 0 , 0 , 0 , 0 , 0 , 0 , 26 , 96.1538461538462 , 1.07692307692308 
31-Jan-2006 10:28,200511,MANCHESTER,UNITED KINGDOM,CITY OF DERRY (EGLINTON),LOGANAIR,A,S, 25 , 0 , 80 , 8 , 4 , 4 , 4 , 0 , 16.04 , 0 , 0 , 0 , 0 
31-Jan-2006 10:28,200511,MANCHESTER,UNITED KINGDOM,CITY OF DERRY (EGLINTON),LOGANAIR,D,S, 24 , 0 , 83.3333333333333 , 4.16666666666667 , 0 , 8.33333333333333 , 4.16666666666667 , 0 , 24.8333333333333 , 0 , 0 , 0 , 0 
31-Jan-2006 10:28,200511,MANCHESTER,UNITED KINGDOM,EDINBURGH,BMI REGIONAL,A,S, 117 , 0 , 80.3418803418803 , 7.69230769230769 , 6.83760683760684 , 3.41880341880342 , 1.70940170940171 , 0 , 14.0940170940171 , 0 , 120 , 88.3333333333333 , 8.19166666666667 
31-Jan-2006 10:28,200511,MANCHESTER,UNITED KINGDOM,EDINBURGH,BMI REGIONAL,D,S, 118 , 0 , 84.7457627118644 , 5.08474576271186 , 5.08474576271186 , 4.23728813559322 , 0.847457627118644 , 0 , 11.4830508474576 , 0 , 119 , 89.9159663865546 , 6.36974789915966 
31-Jan-2006 10:28,200511,MANCHESTER,UNITED KINGDOM,EDINBURGH,BRITISH AIRWAYS CITIEXPRESS LTD,A,S, 141 , 0 , 61.7021276595745 , 17.0212765957447 , 9.21985815602837 , 11.3475177304965 , 0.709219858156028 , 0 , 21.2482269503546 , 0 , 152 , 80.2631578947369 , 10.3289473684211 
31-Jan-2006 10:28,200511,MANCHESTER,UNITED KINGDOM,EDINBURGH,BRITISH AIRWAYS CITIEXPRESS LTD,D,S, 143 , 0 , 73.4265734265734 , 8.39160839160839 , 11.1888111888112 , 6.99300699300699 , 0 , 0 , 15.5174825174825 , 0 , 153 , 83.6601307189543 , 8.51633986928105 
31-Jan-2006 10:28,200511,MANCHESTER,UNITED KINGDOM,EDINBURGH,CHANNEL EXPRESS LTD ALSO T/A JET2.COM,A,S, 52 , 0 , 84.6153846153846 , 7.69230769230769 , 5.76923076923077 , 1.92307692307692 , 0 , 0 , 7.26923076923077 , 0 , 0 , 0 , 0 
31-Jan-2006 10:28,200511,MANCHESTER,UNITED KINGDOM,EDINBURGH,CHANNEL EXPRESS LTD ALSO T/A JET2.COM,D,S, 52 , 0 , 90.3846153846154 , 3.84615384615385 , 5.76923076923077 , 0 , 0 , 0 , 4.46153846153846 , 0 , 0 , 0 , 0 
31-Jan-2006 10:28,200511,MANCHESTER,UNITED KINGDOM,FARNBOROUGH,BMI REGIONAL,A,C, 1 , 0 , 100 , 0 , 0 , 0 , 0 , 0 , 10 , 0 , 0 , 0 , 0 
31-Jan-2006 10:28,200511,MANCHESTER,UNITED KINGDOM,GATWICK,AIR ATLANTA EUROPE LTD,D,C, 0 , 1 , 0 , 0 , 0 , 0 , 0 , 0 , 0 , 0 , 0 , 0 , 0 
31-Jan-2006 10:28,200511,MANCHESTER,UNITED KINGDOM,GATWICK,BMI REGIONAL,D,C, 1 , 0 , 0 , 0 , 100 , 0 , 0 , 0 , 37 , 0 , 0 , 0 , 0 
31-Jan-2006 10:28,200511,MANCHESTER,UNITED KINGDOM,GATWICK,BRITISH AIRWAYS CITIEXPRESS LTD,A,S, 0 , 1 , 0 , 0 , 0 , 0 , 0 , 0 , 0 , 0 , 0 , 0 , 0 
31-Jan-2006 10:28,200511,MANCHESTER,UNITED KINGDOM,GATWICK,BRITISH AIRWAYS PLC,A,S, 190 , 0 , 83.1578947368421 , 11.5789473684211 , 3.15789473684211 , 2.10526315789474 , 0 , 0 , 8.97368421052632 , 1 , 193 , 84.9740932642487 , 6.44041450777202 
31-Jan-2006 10:28,200511,MANCHESTER,UNITED KINGDOM,GATWICK,BRITISH AIRWAYS PLC,D,S, 190 , 0 , 81.0526315789474 , 9.47368421052632 , 3.68421052631579 , 5.26315789473684 , 0.526315789473684 , 0 , 11.9736842105263 , 1 , 193 , 84.9740932642487 , 6.50259067357513 
31-Jan-2006 10:28,200511,MANCHESTER,UNITED KINGDOM,GATWICK,CHANNEL EXPRESS LTD ALSO T/A JET2.COM,A,S, 74 , 0 , 77.027027027027 , 10.8108108108108 , 6.75675675675676 , 4.05405405405405 , 1.35135135135135 , 0 , 12.527027027027 , 0 , 0 , 0 , 0 
31-Jan-2006 10:28,200511,MANCHESTER,UNITED KINGDOM,GATWICK,CHANNEL EXPRESS LTD ALSO T/A JET2.COM,D,S, 74 , 0 , 87.8378378378378 , 2.7027027027027 , 5.40540540540541 , 4.05405405405405 , 0 , 0 , 8.25675675675676 , 0 , 0 , 0 , 0 
31-Jan-2006 10:28,200511,MANCHESTER,UNITED KINGDOM,GATWICK,EXCEL AIRWAYS LTD,A,C, 1 , 2 , 0 , 100 , 0 , 0 , 0 , 0 , 25 , 0 , 1 , 100 , 8 
31-Jan-2006 10:28,200511,MANCHESTER,UNITED KINGDOM,GATWICK,EXCEL AIRWAYS LTD,D,C, 0 , 3 , 0 , 0 , 0 , 0 , 0 , 0 , 0 , 0 , 1 , 100 , 3 
31-Jan-2006 10:28,200511,MANCHESTER,UNITED KINGDOM,GATWICK,FIRST CHOICE AIRWAYS LTD,D,C, 1 , 0 , 0 , 0 , 100 , 0 , 0 , 0 , 31 , 0 , 2 , 100 , 0 
31-Jan-2006 10:28,200511,MANCHESTER,UNITED KINGDOM,GATWICK,MONARCH AIRLINES,A,C, 1 , 0 , 0 , 100 , 0 , 0 , 0 , 0 , 21 , 0 , 0 , 0 , 0 
31-Jan-2006 10:28,200511,MANCHESTER,UNITED KINGDOM,GATWICK,MONARCH AIRLINES,D,C, 1 , 0 , 100 , 0 , 0 , 0 , 0 , 0 , 0 , 0 , 0 , 0 , 0 
31-Jan-2006 10:28,200511,MANCHESTER,UNITED KINGDOM,GATWICK,MY TRAVEL AIRWAYS UK,A,C, 6 , 2 , 83.3333333333333 , 16.6666666666667 , 0 , 0 , 0 , 0 , 4.33333333333333 , 0 , 0 , 0 , 0 
31-Jan-2006 10:28,200511,MANCHESTER,UNITED KINGDOM,GATWICK,MY TRAVEL AIRWAYS UK,D,C, 4 , 3 , 50 , 0 , 0 , 50 , 0 , 0 , 48.25 , 0 , 0 , 0 , 0 
31-Jan-2006 10:28,200511,MANCHESTER,UNITED KINGDOM,GLASGOW,BMI REGIONAL,A,S, 88 , 0 , 87.5 , 5.68181818181818 , 4.54545454545455 , 2.27272727272727 , 0 , 0 , 7.22727272727273 , 0 , 116 , 87.9310344827586 , 8.37068965517241 
31-Jan-2006 10:28,200511,MANCHESTER,UNITED KINGDOM,GLASGOW,BMI REGIONAL,D,S, 89 , 0 , 89.8876404494382 , 4.49438202247191 , 2.24719101123596 , 2.24719101123596 , 1.12359550561798 , 0 , 8.57303370786517 , 0 , 116 , 89.6551724137931 , 5.60344827586207 
31-Jan-2006 10:28,200511,MANCHESTER,UNITED KINGDOM,GLASGOW,BRITISH AIRWAYS CITIEXPRESS LTD,A,S, 141 , 0 , 71.6312056737589 , 13.4751773049645 , 6.38297872340426 , 7.80141843971631 , 0.709219858156028 , 0 , 16.709219858156 , 0 , 151 , 80.1324503311258 , 12.4370860927152 
31-Jan-2006 10:28,200511,MANCHESTER,UNITED KINGDOM,GLASGOW,BRITISH AIRWAYS CITIEXPRESS LTD,D,S, 143 , 0 , 76.9230769230769 , 7.69230769230769 , 8.39160839160839 , 6.29370629370629 , 0.699300699300699 , 0 , 13.7832167832168 , 0 , 151 , 78.1456953642384 , 14.0132450331126 
31-Jan-2006 10:28,200511,MANCHESTER,UNITED KINGDOM,GLASGOW,FIRST CHOICE AIRWAYS LTD,D,C, 1 , 0 , 100 , 0 , 0 , 0 , 0 , 0 , 0 , 0 , 0 , 0 , 0 
31-Jan-2006 10:28,200511,MANCHESTER,UNITED KINGDOM,GLASGOW,THOMAS COOK AIRLINES LTD,D,C, 0 , 1 , 0 , 0 , 0 , 0 , 0 , 0 , 0 , 0 , 0 , 0 , 0 
31-Jan-2006 10:28,200511,MANCHESTER,UNITED KINGDOM,GUERNSEY,AURIGNY AIR SERVICES,A,S, 54 , 0 , 75.9259259259259 , 16.6666666666667 , 1.85185185185185 , 1.85185185185185 , 1.85185185185185 , 1.85185185185185 , 24.2407407407407 , 2 , 80 , 78.75 , 9.9375 
31-Jan-2006 10:28,200511,MANCHESTER,UNITED KINGDOM,GUERNSEY,AURIGNY AIR SERVICES,D,S, 54 , 0 , 81.4814814814815 , 9.25925925925926 , 5.55555555555556 , 1.85185185185185 , 1.85185185185185 , 0 , 13.7777777777778 , 2 , 71 , 87.3239436619718 , 5.7887323943662 
31-Jan-2006 10:28,200511,MANCHESTER,UNITED KINGDOM,HEATHROW,BMI BRITISH MIDLAND,A,S, 197 , 0 , 72.0812182741117 , 16.751269035533 , 7.61421319796954 , 3.55329949238579 , 0 , 0 , 12.0862944162437 , 3 , 205 , 75.609756097561 , 9.6780487804878 
31-Jan-2006 10:28,200511,MANCHESTER,UNITED KINGDOM,HEATHROW,BMI BRITISH MIDLAND,D,S, 196 , 0 , 80.6122448979592 , 7.14285714285714 , 7.6530612244898 , 4.59183673469388 , 0 , 0 , 11.2602040816327 , 4 , 204 , 86.7647058823529 , 6.27450980392157 
31-Jan-2006 10:28,200511,MANCHESTER,UNITED KINGDOM,HEATHROW,BRITISH AIRWAYS PLC,A,S, 320 , 0 , 58.125 , 19.375 , 15.625 , 6.875 , 0 , 0 , 19.9875 , 0 , 324 , 70.0617283950617 , 15.7716049382716 
31-Jan-2006 10:28,200511,MANCHESTER,UNITED KINGDOM,HEATHROW,BRITISH AIRWAYS PLC,D,S, 320 , 0 , 77.8125 , 10.3125 , 5.3125 , 6.5625 , 0 , 0 , 12.80625 , 1 , 324 , 83.641975308642 , 7.71604938271605 
31-Jan-2006 10:28,200511,MANCHESTER,UNITED KINGDOM,HEATHROW,QANTAS,A,S, 0 , 0 , 0 , 0 , 0 , 0 , 0 , 0 , 0 , 0 , 31 , 80.6451612903226 , 14 
31-Jan-2006 10:28,200511,MANCHESTER,UNITED KINGDOM,HEATHROW,QANTAS,D,S, 0 , 0 , 0 , 0 , 0 , 0 , 0 , 0 , 0 , 0 , 3 , 100 , 0 
31-Jan-2006 10:28,200511,MANCHESTER,UNITED KINGDOM,HEATHROW,SYRIANAIR,A,S, 1 , 0 , 0 , 100 , 0 , 0 , 0 , 0 , 18 , 0 , 5 , 40 , 22.8 
31-Jan-2006 10:28,200511,MANCHESTER,UNITED KINGDOM,HEATHROW,SYRIANAIR,D,S, 1 , 0 , 0 , 0 , 0 , 100 , 0 , 0 , 118 , 0 , 4 , 50 , 70.25 
31-Jan-2006 10:28,200511,MANCHESTER,UNITED KINGDOM,INVERNESS,BRITISH AIRWAYS CITIEXPRESS LTD,D,S, 0 , 1 , 0 , 0 , 0 , 0 , 0 , 0 , 0 , 0 , 0 , 0 , 0 
31-Jan-2006 10:28,200511,MANCHESTER,UNITED KINGDOM,INVERNESS,EASTERN AIRWAYS,A,S, 63 , 1 , 79.3650793650794 , 7.93650793650794 , 6.34920634920635 , 6.34920634920635 , 0 , 0 , 13.1904761904762 , 6 , 68 , 76.4705882352941 , 12.5294117647059 
31-Jan-2006 10:28,200511,MANCHESTER,UNITED KINGDOM,INVERNESS,EASTERN AIRWAYS,D,S, 64 , 0 , 81.25 , 7.8125 , 4.6875 , 6.25 , 0 , 0 , 11.03125 , 5 , 70 , 84.2857142857143 , 9.31428571428571 
31-Jan-2006 10:28,200511,MANCHESTER,UNITED KINGDOM,ISLE OF MAN,AER ARRAN,A,S, 19 , 0 , 73.6842105263158 , 10.5263157894737 , 10.5263157894737 , 5.26315789473684 , 0 , 0 , 12.7894736842105 , 1 , 0 , 0 , 0 
31-Jan-2006 10:28,200511,MANCHESTER,UNITED KINGDOM,ISLE OF MAN,AER ARRAN,D,S, 19 , 0 , 78.9473684210526 , 15.7894736842105 , 5.26315789473684 , 0 , 0 , 0 , 8.94736842105263 , 1 , 0 , 0 , 0 
31-Jan-2006 10:28,200511,MANCHESTER,UNITED KINGDOM,ISLE OF MAN,BA CITIEXPRESS (IOM) LTD,A,S, 0 , 0 , 0 , 0 , 0 , 0 , 0 , 0 , 0 , 0 , 135 , 75.5555555555556 , 13.1703703703704 
31-Jan-2006 10:28,200511,MANCHESTER,UNITED KINGDOM,ISLE OF MAN,BA CITIEXPRESS (IOM) LTD,D,S, 0 , 0 , 0 , 0 , 0 , 0 , 0 , 0 , 0 , 0 , 137 , 88.3211678832117 , 7.88321167883212 
31-Jan-2006 10:28,200511,MANCHESTER,UNITED KINGDOM,ISLE OF MAN,BRITISH AIRWAYS CITIEXPRESS LTD,A,S, 137 , 0 , 67.8832116788321 , 12.4087591240876 , 7.2992700729927 , 11.6788321167883 , 0.72992700729927 , 0 , 21.6204379562044 , 0 , 0 , 0 , 0 
31-Jan-2006 10:28,200511,MANCHESTER,UNITED KINGDOM,ISLE OF MAN,BRITISH AIRWAYS CITIEXPRESS LTD,D,S, 137 , 0 , 73.7226277372263 , 7.2992700729927 , 8.75912408759124 , 10.2189781021898 , 0 , 0 , 16.1021897810219 , 0 , 0 , 0 , 0 
31-Jan-2006 10:28,200511,MANCHESTER,UNITED KINGDOM,ISLE OF MAN,EUROMANX GMBH,A,S, 74 , 0 , 81.0810810810811 , 12.1621621621622 , 2.7027027027027 , 2.7027027027027 , 1.35135135135135 , 0 , 12.6486486486486 , 0 , 0 , 0 , 0 
31-Jan-2006 10:28,200511,MANCHESTER,UNITED KINGDOM,ISLE OF MAN,EUROMANX GMBH,D,S, 74 , 0 , 91.8918918918919 , 2.7027027027027 , 1.35135135135135 , 4.05405405405405 , 0 , 0 , 7.62162162162162 , 0 , 0 , 0 , 0 
31-Jan-2006 10:28,200511,MANCHESTER,UNITED KINGDOM,JERSEY,AURIGNY AIR SERVICES,A,S, 0 , 0 , 0 , 0 , 0 , 0 , 0 , 0 , 0 , 0 , 1 , 100 , 0 
31-Jan-2006 10:28,200511,MANCHESTER,UNITED KINGDOM,JERSEY,AURIGNY AIR SERVICES,D,S, 0 , 0 , 0 , 0 , 0 , 0 , 0 , 0 , 0 , 0 , 10 , 100 , 2 
31-Jan-2006 10:28,200511,MANCHESTER,UNITED KINGDOM,JERSEY,BMIBABY LTD,A,S, 21 , 0 , 66.6666666666667 , 9.52380952380952 , 9.52380952380952 , 9.52380952380952 , 0 , 4.76190476190476 , 34.5714285714286 , 5 , 21 , 90.4761904761905 , 5 
31-Jan-2006 10:28,200511,MANCHESTER,UNITED KINGDOM,JERSEY,BMIBABY LTD,D,S, 21 , 0 , 76.1904761904762 , 9.52380952380952 , 9.52380952380952 , 4.76190476190476 , 0 , 0 , 13.5238095238095 , 5 , 21 , 85.7142857142857 , 5.57142857142857 
31-Jan-2006 10:28,200511,MANCHESTER,UNITED KINGDOM,JERSEY,BRITISH AIRWAYS CITIEXPRESS LTD,A,S, 28 , 0 , 75 , 7.14285714285714 , 3.57142857142857 , 14.2857142857143 , 0 , 0 , 18.3928571428571 , 0 , 30 , 80 , 10.7333333333333 
31-Jan-2006 10:28,200511,MANCHESTER,UNITED KINGDOM,JERSEY,BRITISH AIRWAYS CITIEXPRESS LTD,D,S, 29 , 0 , 72.4137931034483 , 13.7931034482759 , 0 , 13.7931034482759 , 0 , 0 , 17.5172413793103 , 0 , 30 , 73.3333333333333 , 12.1666666666667 
31-Jan-2006 10:28,200511,MANCHESTER,UNITED KINGDOM,KENT INTERNATIONAL,EUJET,A,S, 0 , 0 , 0 , 0 , 0 , 0 , 0 , 0 , 0 , 0 , 48 , 64.5833333333333 , 20.6666666666667 
31-Jan-2006 10:28,200511,MANCHESTER,UNITED KINGDOM,KENT INTERNATIONAL,EUJET,D,S, 0 , 0 , 0 , 0 , 0 , 0 , 0 , 0 , 0 , 0 , 48 , 70.8333333333333 , 13.625 
31-Jan-2006 10:28,200511,MANCHESTER,UNITED KINGDOM,LEEDS BRADFORD,CHANNEL EXPRESS LTD ALSO T/A JET2.COM,D,S, 0 , 1 , 0 , 0 , 0 , 0 , 0 , 0 , 0 , 0 , 0 , 0 , 0 
31-Jan-2006 10:28,200511,MANCHESTER,UNITED KINGDOM,LONDON CITY,VLM (BELGIUM),A,S, 169 , 0 , 63.3136094674556 , 24.2603550295858 , 10.0591715976331 , 1.77514792899408 , 0.591715976331361 , 0 , 15.0236686390533 , 15 , 220 , 83.6363636363636 , 6.97272727272727 
31-Jan-2006 10:28,200511,MANCHESTER,UNITED KINGDOM,LONDON CITY,VLM (BELGIUM),D,S, 170 , 0 , 83.5294117647059 , 8.23529411764706 , 6.47058823529412 , 1.76470588235294 , 0 , 0 , 7.24705882352941 , 14 , 221 , 97.2850678733032 , 1.52488687782805 
31-Jan-2006 10:28,200511,MANCHESTER,UNITED KINGDOM,LUTON,FLIGHTLINE LTD,A,C, 1 , 0 , 100 , 0 , 0 , 0 , 0 , 0 , 9 , 0 , 0 , 0 , 0 
31-Jan-2006 10:28,200511,MANCHESTER,UNITED KINGDOM,NORWICH,EASTERN AIRWAYS,A,S, 63 , 0 , 84.1269841269841 , 9.52380952380952 , 1.58730158730159 , 0 , 4.76190476190476 , 0 , 17.015873015873 , 3 , 65 , 89.2307692307692 , 10.3076923076923 
31-Jan-2006 10:28,200511,MANCHESTER,UNITED KINGDOM,NORWICH,EASTERN AIRWAYS,D,S, 63 , 0 , 88.8888888888889 , 1.58730158730159 , 4.76190476190476 , 3.17460317460317 , 1.58730158730159 , 0 , 9.58730158730159 , 3 , 64 , 92.1875 , 5.265625 
31-Jan-2006 10:28,200511,MANCHESTER,UNITED KINGDOM,NOTTINGHAM EAST MIDLANDS INT'L,AIR MALTA,D,S, 0 , 0 , 0 , 0 , 0 , 0 , 0 , 0 , 0 , 0 , 1 , 0 , 38 
31-Jan-2006 10:28,200511,MANCHESTER,UNITED KINGDOM,NOTTINGHAM EAST MIDLANDS INT'L,BMIBABY LTD,D,S, 0 , 0 , 0 , 0 , 0 , 0 , 0 , 0 , 0 , 0 , 1 , 0 , 49 
31-Jan-2006 10:28,200511,MANCHESTER,UNITED KINGDOM,PLYMOUTH,AIR SOUTHWEST,A,S, 49 , 0 , 46.9387755102041 , 18.3673469387755 , 16.3265306122449 , 18.3673469387755 , 0 , 0 , 31.8163265306122 , 3 , 49 , 79.5918367346939 , 12.6122448979592 
31-Jan-2006 10:28,200511,MANCHESTER,UNITED KINGDOM,PLYMOUTH,AIR SOUTHWEST,D,S, 49 , 0 , 55.1020408163265 , 16.3265306122449 , 14.2857142857143 , 14.2857142857143 , 0 , 0 , 27.2448979591837 , 3 , 48 , 87.5 , 6.4375 
31-Jan-2006 10:28,200511,MANCHESTER,UNITED KINGDOM,SOUTHAMPTON,BRITISH AIRWAYS CITIEXPRESS LTD,A,S, 116 , 0 , 74.1379310344827 , 10.3448275862069 , 8.62068965517241 , 6.03448275862069 , 0.862068965517241 , 0 , 15.3706896551724 , 0 , 140 , 81.4285714285714 , 8.52857142857143 
31-Jan-2006 10:28,200511,MANCHESTER,UNITED KINGDOM,SOUTHAMPTON,BRITISH AIRWAYS CITIEXPRESS LTD,D,S, 118 , 0 , 80.5084745762712 , 4.23728813559322 , 10.1694915254237 , 5.08474576271186 , 0 , 0 , 12.8559322033898 , 0 , 140 , 86.4285714285714 , 8.67857142857143 
31-Jan-2006 10:28,200511,MANCHESTER,UNITED KINGDOM,SOUTHAMPTON,FLYBE LTD,A,S, 93 , 0 , 70.9677419354839 , 13.9784946236559 , 7.52688172043011 , 7.52688172043011 , 0 , 0 , 14.4408602150538 , 7 , 74 , 48.6486486486486 , 19.7162162162162 
31-Jan-2006 10:28,200511,MANCHESTER,UNITED KINGDOM,SOUTHAMPTON,FLYBE LTD,D,S, 93 , 0 , 75.2688172043011 , 13.9784946236559 , 4.3010752688172 , 6.45161290322581 , 0 , 0 , 10.9462365591398 , 7 , 74 , 71.6216216216216 , 11.1756756756757 
31-Jan-2006 10:28,200511,MANCHESTER,UNITED KINGDOM,STANSTED,CITY AIRLINE,A,C, 0 , 1 , 0 , 0 , 0 , 0 , 0 , 0 , 0 , 0 , 0 , 0 , 0 
31-Jan-2006 10:28,200511,MANCHESTER,UNITED KINGDOM,STANSTED,EASTERN AIRWAYS,A,S, 61 , 0 , 83.6065573770492 , 3.27868852459016 , 3.27868852459016 , 8.19672131147541 , 1.63934426229508 , 0 , 17.8852459016393 , 5 , 64 , 90.625 , 5.375 
31-Jan-2006 10:28,200511,MANCHESTER,UNITED KINGDOM,STANSTED,EASTERN AIRWAYS,D,S, 62 , 0 , 83.8709677419355 , 6.45161290322581 , 3.2258064516129 , 3.2258064516129 , 3.2258064516129 , 0 , 14.8870967741935 , 4 , 66 , 100 , 1.03030303030303 
31-Jan-2006 10:28,200511,MANCHESTER,USA,ATLANTA,DELTA AIRLINES,A,S, 30 , 0 , 80 , 10 , 6.66666666666667 , 3.33333333333333 , 0 , 0 , 12.4666666666667 , 0 , 30 , 70 , 12.7333333333333 
31-Jan-2006 10:28,200511,MANCHESTER,USA,ATLANTA,DELTA AIRLINES,D,S, 30 , 0 , 83.3333333333333 , 10 , 0 , 6.66666666666667 , 0 , 0 , 8.63333333333333 , 0 , 30 , 96.6666666666667 , 13.3333333333333 
31-Jan-2006 10:28,200511,MANCHESTER,USA,BANGOR,WORLD AIRWAYS,A,S, 0 , 1 , 0 , 0 , 0 , 0 , 0 , 0 , 0 , 0 , 0 , 0 , 0 
31-Jan-2006 10:28,200511,MANCHESTER,USA,BOSTON,AMERICAN AIRLINES,A,S, 29 , 0 , 89.6551724137931 , 6.89655172413793 , 3.44827586206897 , 0 , 0 , 0 , 5.58620689655172 , 0 , 0 , 0 , 0 
31-Jan-2006 10:28,200511,MANCHESTER,USA,CHICAGO (O'HARE),AMERICAN AIRLINES,A,S, 29 , 0 , 65.5172413793103 , 13.7931034482759 , 17.2413793103448 , 3.44827586206897 , 0 , 0 , 16.6551724137931 , 0 , 29 , 82.7586206896552 , 11.551724137931 
31-Jan-2006 10:28,200511,MANCHESTER,USA,CHICAGO (O'HARE),AMERICAN AIRLINES,D,S, 29 , 0 , 82.7586206896552 , 6.89655172413793 , 6.89655172413793 , 3.44827586206897 , 0 , 0 , 9.75862068965517 , 0 , 29 , 96.551724137931 , 6.89655172413793 
31-Jan-2006 10:28,200511,MANCHESTER,USA,CHICAGO (O'HARE),BMI BRITISH MIDLAND,A,S, 29 , 0 , 89.6551724137931 , 6.89655172413793 , 0 , 0 , 3.44827586206897 , 0 , 9.96551724137931 , 0 , 30 , 83.3333333333333 , 9.96666666666667 
31-Jan-2006 10:28,200511,MANCHESTER,USA,CHICAGO (O'HARE),BMI BRITISH MIDLAND,D,S, 29 , 0 , 62.0689655172414 , 10.3448275862069 , 13.7931034482759 , 6.89655172413793 , 6.89655172413793 , 0 , 35.0344827586207 , 0 , 30 , 93.3333333333333 , 3.03333333333333 
31-Jan-2006 10:28,200511,MANCHESTER,USA,CHICAGO (O'HARE),PAKISTAN INTL AIRLINES,A,S, 8 , 0 , 12.5 , 12.5 , 37.5 , 37.5 , 0 , 0 , 50.125 , 0 , 7 , 28.5714285714286 , 170.571428571429 
31-Jan-2006 10:28,200511,MANCHESTER,USA,CHICAGO (O'HARE),PAKISTAN INTL AIRLINES,D,S, 8 , 0 , 100 , 0 , 0 , 0 , 0 , 0 , 1.375 , 0 , 7 , 71.4285714285714 , 155.714285714286 
31-Jan-2006 10:28,200511,MANCHESTER,USA,FORT LAUDERDALE,THOMSONFLY LTD,A,C, 1 , 0 , 0 , 0 , 0 , 100 , 0 , 0 , 135 , 0 , 0 , 0 , 0 
31-Jan-2006 10:28,200511,MANCHESTER,USA,FORT LAUDERDALE,THOMSONFLY LTD,D,C, 1 , 0 , 0 , 0 , 100 , 0 , 0 , 0 , 52 , 0 , 0 , 0 , 0 
31-Jan-2006 10:28,200511,MANCHESTER,USA,HOUSTON,PAKISTAN INTL AIRLINES,A,S, 4 , 0 , 75 , 0 , 25 , 0 , 0 , 0 , 18.25 , 4 , 5 , 80 , 8.8 
31-Jan-2006 10:28,200511,MANCHESTER,USA,HOUSTON,PAKISTAN INTL AIRLINES,D,S, 5 , 0 , 80 , 0 , 20 , 0 , 0 , 0 , 6.2 , 4 , 5 , 100 , 0.8 
31-Jan-2006 10:28,200511,MANCHESTER,USA,LAS VEGAS,BMI BRITISH MIDLAND,A,S, 8 , 0 , 50 , 25 , 12.5 , 12.5 , 0 , 0 , 24.25 , 0 , 13 , 92.3076923076923 , 2.61538461538462 
31-Jan-2006 10:28,200511,MANCHESTER,USA,LAS VEGAS,BMI BRITISH MIDLAND,D,S, 8 , 0 , 62.5 , 12.5 , 12.5 , 12.5 , 0 , 0 , 22.125 , 0 , 13 , 92.3076923076923 , 9.92307692307692 
31-Jan-2006 10:28,200511,MANCHESTER,USA,LAS VEGAS,MY TRAVEL AIRWAYS UK,A,C, 0 , 0 , 0 , 0 , 0 , 0 , 0 , 0 , 0 , 0 , 1 , 100 , 10 
31-Jan-2006 10:28,200511,MANCHESTER,USA,MIAMI INTERNATIONAL,AMERICAN AIRLINES,A,S, 0 , 0 , 0 , 0 , 0 , 0 , 0 , 0 , 0 , 0 , 29 , 72.4137931034483 , 15.4827586206897 
31-Jan-2006 10:28,200511,MANCHESTER,USA,MIAMI INTERNATIONAL,AMERICAN AIRLINES,D,S, 0 , 0 , 0 , 0 , 0 , 0 , 0 , 0 , 0 , 0 , 28 , 85.7142857142857 , 8.28571428571429 
31-Jan-2006 10:28,200511,MANCHESTER,USA,NEW YORK (JF KENNEDY),AIR ATLANTA EUROPE LTD,A,C, 1 , 0 , 100 , 0 , 0 , 0 , 0 , 0 , 0 , 0 , 0 , 0 , 0 
31-Jan-2006 10:28,200511,MANCHESTER,USA,NEW YORK (JF KENNEDY),BRITISH AIRWAYS PLC,A,S, 29 , 0 , 100 , 0 , 0 , 0 , 0 , 0 , 0.793103448275862 , 0 , 29 , 100 , 1.20689655172414 
31-Jan-2006 10:28,200511,MANCHESTER,USA,NEW YORK (JF KENNEDY),BRITISH AIRWAYS PLC,D,S, 29 , 0 , 82.7586206896552 , 10.3448275862069 , 3.44827586206897 , 3.44827586206897 , 0 , 0 , 8.96551724137931 , 0 , 29 , 100 , 2.24137931034483 
31-Jan-2006 10:28,200511,MANCHESTER,USA,NEW YORK (JF KENNEDY),PAKISTAN INTL AIRLINES,A,S, 16 , 0 , 50 , 18.75 , 25 , 6.25 , 0 , 0 , 22.4375 , 0 , 17 , 64.7058823529412 , 32.6470588235294 
31-Jan-2006 10:28,200511,MANCHESTER,USA,NEW YORK (JF KENNEDY),PAKISTAN INTL AIRLINES,D,S, 17 , 0 , 64.7058823529412 , 5.88235294117647 , 17.6470588235294 , 11.7647058823529 , 0 , 0 , 22.6470588235294 , 0 , 16 , 31.25 , 114.375 
31-Jan-2006 10:28,200511,MANCHESTER,USA,NEW YORK (NEWARK),CONTINENTAL AIRLINES,A,S, 54 , 1 , 79.6296296296296 , 12.962962962963 , 7.40740740740741 , 0 , 0 , 0 , 8.48148148148148 , 0 , 30 , 90 , 4.1 
31-Jan-2006 10:28,200511,MANCHESTER,USA,NEW YORK (NEWARK),CONTINENTAL AIRLINES,D,S, 54 , 0 , 90.7407407407407 , 5.55555555555556 , 0 , 3.7037037037037 , 0 , 0 , 6.12962962962963 , 0 , 30 , 93.3333333333333 , 2.7 
31-Jan-2006 10:28,200511,MANCHESTER,USA,ORLANDO,AMERICAN AIRLINES,D,S, 29 , 0 , 82.7586206896552 , 6.89655172413793 , 6.89655172413793 , 3.44827586206897 , 0 , 0 , 9.72413793103448 , 0 , 0 , 0 , 0 
31-Jan-2006 10:28,200511,MANCHESTER,USA,ORLANDO,VIRGIN ATLANTIC AIRWAYS LTD,A,S, 27 , 0 , 77.7777777777778 , 7.40740740740741 , 11.1111111111111 , 3.7037037037037 , 0 , 0 , 11.1851851851852 , 0 , 26 , 88.4615384615385 , 3.46153846153846 
31-Jan-2006 10:28,200511,MANCHESTER,USA,ORLANDO,VIRGIN ATLANTIC AIRWAYS LTD,D,S, 27 , 0 , 81.4814814814815 , 7.40740740740741 , 3.7037037037037 , 7.40740740740741 , 0 , 0 , 13.1851851851852 , 0 , 26 , 61.5384615384615 , 13.5769230769231 
31-Jan-2006 10:28,200511,MANCHESTER,USA,PHILADELPHIA INTERNATIONAL,US AIRWAYS,A,S, 30 , 0 , 70 , 10 , 10 , 6.66666666666667 , 3.33333333333333 , 0 , 21.4 , 0 , 30 , 46.6666666666667 , 29.2333333333333 
31-Jan-2006 10:28,200511,MANCHESTER,USA,PHILADELPHIA INTERNATIONAL,US AIRWAYS,D,S, 30 , 0 , 73.3333333333333 , 3.33333333333333 , 10 , 13.3333333333333 , 0 , 0 , 20.1333333333333 , 1 , 30 , 93.3333333333333 , 5.5 
31-Jan-2006 10:28,200511,MANCHESTER,USA,SANFORD,AIR ATLANTA EUROPE LTD,A,C, 7 , 2 , 57.1428571428571 , 0 , 14.2857142857143 , 28.5714285714286 , 0 , 0 , 26.8571428571429 , 0 , 1 , 100 , 10 
31-Jan-2006 10:28,200511,MANCHESTER,USA,SANFORD,AIR ATLANTA EUROPE LTD,D,C, 6 , 1 , 33.3333333333333 , 50 , 0 , 16.6666666666667 , 0 , 0 , 28 , 0 , 0 , 0 , 0 
31-Jan-2006 10:28,200511,MANCHESTER,USA,SANFORD,AIR ATLANTA ICELANDIC,A,C, 0 , 0 , 0 , 0 , 0 , 0 , 0 , 0 , 0 , 0 , 9 , 100 , 0 
31-Jan-2006 10:28,200511,MANCHESTER,USA,SANFORD,AIR ATLANTA ICELANDIC,D,C, 0 , 0 , 0 , 0 , 0 , 0 , 0 , 0 , 0 , 0 , 8 , 37.5 , 20 
31-Jan-2006 10:28,200511,MANCHESTER,USA,SANFORD,CORSAIR,A,C, 1 , 0 , 0 , 0 , 100 , 0 , 0 , 0 , 53 , 0 , 0 , 0 , 0 
31-Jan-2006 10:28,200511,MANCHESTER,USA,SANFORD,CORSAIR,D,C, 1 , 0 , 0 , 0 , 0 , 100 , 0 , 0 , 65 , 0 , 0 , 0 , 0 
31-Jan-2006 10:28,200511,MANCHESTER,USA,SANFORD,EXCEL AIRWAYS LTD,A,C, 0 , 1 , 0 , 0 , 0 , 0 , 0 , 0 , 0 , 0 , 0 , 0 , 0 
31-Jan-2006 10:28,200511,MANCHESTER,USA,SANFORD,FIRST CHOICE AIRWAYS LTD,A,C, 6 , 0 , 66.6666666666667 , 33.3333333333333 , 0 , 0 , 0 , 0 , 7 , 0 , 4 , 75 , 46.5 
31-Jan-2006 10:28,200511,MANCHESTER,USA,SANFORD,FIRST CHOICE AIRWAYS LTD,D,C, 4 , 0 , 50 , 0 , 25 , 25 , 0 , 0 , 41 , 0 , 4 , 75 , 51 
31-Jan-2006 10:28,200511,MANCHESTER,USA,SANFORD,MONARCH AIRLINES,A,C, 0 , 0 , 0 , 0 , 0 , 0 , 0 , 0 , 0 , 0 , 1 , 100 , 0 
31-Jan-2006 10:28,200511,MANCHESTER,USA,SANFORD,MY TRAVEL AIRWAYS UK,A,C, 4 , 0 , 75 , 0 , 25 , 0 , 0 , 0 , 7.75 , 0 , 8 , 50 , 206.375 
31-Jan-2006 10:28,200511,MANCHESTER,USA,SANFORD,MY TRAVEL AIRWAYS UK,D,C, 4 , 0 , 50 , 25 , 0 , 25 , 0 , 0 , 26.25 , 0 , 6 , 33.3333333333333 , 270.666666666667 
31-Jan-2006 10:28,200511,MANCHESTER,USA,SANFORD,THOMAS COOK AIRLINES LTD,A,C, 0 , 0 , 0 , 0 , 0 , 0 , 0 , 0 , 0 , 0 , 1 , 100 , 0 
31-Jan-2006 10:28,200511,MANCHESTER,USA,SANFORD,THOMSONFLY LTD,A,C, 5 , 0 , 60 , 20 , 20 , 0 , 0 , 0 , 17.4 , 0 , 4 , 75 , 6.5 
31-Jan-2006 10:28,200511,MANCHESTER,USA,SANFORD,THOMSONFLY LTD,D,C, 4 , 0 , 50 , 25 , 0 , 25 , 0 , 0 , 30.25 , 0 , 4 , 100 , 6.75 
31-Jan-2006 10:28,200511,MANCHESTER,USA,WASHINGTON (DULLES),BMI BRITISH MIDLAND,A,S, 0 , 0 , 0 , 0 , 0 , 0 , 0 , 0 , 0 , 0 , 26 , 84.6153846153846 , 4.34615384615385 
31-Jan-2006 10:28,200511,MANCHESTER,USA,WASHINGTON (DULLES),BMI BRITISH MIDLAND,D,S, 0 , 0 , 0 , 0 , 0 , 0 , 0 , 0 , 0 , 0 , 25 , 96 , 5.36 
31-Jan-2006 10:28,200511,MANCHESTER,VENEZUELA,PORLAMAR,FIRST CHOICE AIRWAYS LTD,A,C, 1 , 0 , 100 , 0 , 0 , 0 , 0 , 0 , 0 , 0 , 2 , 0 , 35.5 
31-Jan-2006 10:28,200511,MANCHESTER,VENEZUELA,PORLAMAR,FIRST CHOICE AIRWAYS LTD,D,C, 0 , 0 , 0 , 0 , 0 , 0 , 0 , 0 , 0 , 0 , 2 , 100 , 0 
31-Jan-2006 10:28,200511,NEWCASTLE,AUSTRIA,SALZBURG,TRAVEL SERVICE AIRLINES,A,C, 0 , 0 , 0 , 0 , 0 , 0 , 0 , 0 , 0 , 0 , 1 , 100 , 0 
31-Jan-2006 10:28,200511,NEWCASTLE,AUSTRIA,SALZBURG,TRAVEL SERVICE AIRLINES,D,C, 0 , 0 , 0 , 0 , 0 , 0 , 0 , 0 , 0 , 0 , 1 , 100 , 7 
31-Jan-2006 10:28,200511,NEWCASTLE,BELGIUM,BRUSSELS,SN BRUSSELS AIRLINES,A,S, 67 , 0 , 89.5522388059701 , 1.49253731343284 , 5.97014925373134 , 2.98507462686567 , 0 , 0 , 6.64179104477612 , 0 , 72 , 83.3333333333333 , 10.6527777777778 
31-Jan-2006 10:28,200511,NEWCASTLE,BELGIUM,BRUSSELS,SN BRUSSELS AIRLINES,D,S, 66 , 0 , 92.4242424242424 , 1.51515151515152 , 3.03030303030303 , 3.03030303030303 , 0 , 0 , 5.83333333333333 , 0 , 71 , 91.5492957746479 , 5.54929577464789 
31-Jan-2006 10:28,200511,NEWCASTLE,CYPRUS,LARNACA,EUROCYPRIA AIRLINES LTD,A,C, 0 , 0 , 0 , 0 , 0 , 0 , 0 , 0 , 0 , 0 , 1 , 100 , 0 
31-Jan-2006 10:28,200511,NEWCASTLE,CYPRUS,LARNACA,HELIOS AIRWAYS LTD,A,C, 0 , 1 , 0 , 0 , 0 , 0 , 0 , 0 , 0 , 0 , 3 , 33.3333333333333 , 48.6666666666667 
31-Jan-2006 10:28,200511,NEWCASTLE,CYPRUS,LARNACA,HELIOS AIRWAYS LTD,D,C, 0 , 0 , 0 , 0 , 0 , 0 , 0 , 0 , 0 , 0 , 3 , 33.3333333333333 , 43.6666666666667 
31-Jan-2006 10:28,200511,NEWCASTLE,CYPRUS,LARNACA,THOMAS COOK AIRLINES LTD,A,C, 1 , 0 , 100 , 0 , 0 , 0 , 0 , 0 , 14 , 0 , 0 , 0 , 0 
31-Jan-2006 10:28,200511,NEWCASTLE,CYPRUS,PAPHOS,HELIOS AIRWAYS LTD,D,C, 0 , 1 , 0 , 0 , 0 , 0 , 0 , 0 , 0 , 0 , 0 , 0 , 0 
31-Jan-2006 10:28,200511,NEWCASTLE,CYPRUS,PAPHOS,THOMAS COOK AIRLINES LTD,A,C, 4 , 0 , 100 , 0 , 0 , 0 , 0 , 0 , 0 , 0 , 3 , 100 , 7.66666666666667 
31-Jan-2006 10:28,200511,NEWCASTLE,CYPRUS,PAPHOS,THOMAS COOK AIRLINES LTD,D,C, 4 , 0 , 100 , 0 , 0 , 0 , 0 , 0 , 1.25 , 0 , 3 , 100 , 3.33333333333333 
31-Jan-2006 10:28,200511,NEWCASTLE,CYPRUS,PAPHOS,THOMSONFLY LTD,A,C, 4 , 0 , 50 , 0 , 50 , 0 , 0 , 0 , 24.25 , 0 , 0 , 0 , 0 
31-Jan-2006 10:28,200511,NEWCASTLE,CYPRUS,PAPHOS,THOMSONFLY LTD,D,C, 4 , 0 , 100 , 0 , 0 , 0 , 0 , 0 , 0 , 0 , 0 , 0 , 0 
31-Jan-2006 10:28,200511,NEWCASTLE,CZECH REPUBLIC,PRAGUE,EASYJET AIRLINE COMPANY LTD,A,S, 29 , 1 , 72.4137931034483 , 20.6896551724138 , 6.89655172413793 , 0 , 0 , 0 , 9.86206896551724 , 1 , 30 , 86.6666666666667 , 7.26666666666667 
31-Jan-2006 10:28,200511,NEWCASTLE,CZECH REPUBLIC,PRAGUE,EASYJET AIRLINE COMPANY LTD,D,S, 30 , 0 , 63.3333333333333 , 30 , 6.66666666666667 , 0 , 0 , 0 , 13.7 , 0 , 30 , 76.6666666666667 , 10.1666666666667 
31-Jan-2006 10:28,200511,NEWCASTLE,DENMARK,COPENHAGEN,EASYJET AIRLINE COMPANY LTD,A,S, 0 , 0 , 0 , 0 , 0 , 0 , 0 , 0 , 0 , 0 , 30 , 90 , 3.33333333333333 
31-Jan-2006 10:28,200511,NEWCASTLE,DENMARK,COPENHAGEN,EASYJET AIRLINE COMPANY LTD,D,S, 0 , 0 , 0 , 0 , 0 , 0 , 0 , 0 , 0 , 0 , 30 , 76.6666666666667 , 9.43333333333333 
31-Jan-2006 10:28,200511,NEWCASTLE,DENMARK,COPENHAGEN,SAS,A,S, 30 , 0 , 86.6666666666667 , 13.3333333333333 , 0 , 0 , 0 , 0 , 6.96666666666667 , 0 , 29 , 75.8620689655172 , 7.55172413793103 
31-Jan-2006 10:28,200511,NEWCASTLE,DENMARK,COPENHAGEN,SAS,D,S, 30 , 0 , 80 , 20 , 0 , 0 , 0 , 0 , 7.1 , 0 , 28 , 92.8571428571429 , 4.64285714285714 
31-Jan-2006 10:28,200511,NEWCASTLE,EGYPT,SHARM EL SHEIKH (OPHIRA),THOMAS COOK AIRLINES LTD,A,C, 4 , 0 , 100 , 0 , 0 , 0 , 0 , 0 , 2.25 , 0 , 0 , 0 , 0 
31-Jan-2006 10:28,200511,NEWCASTLE,EGYPT,SHARM EL SHEIKH (OPHIRA),THOMAS COOK AIRLINES LTD,D,C, 4 , 0 , 50 , 50 , 0 , 0 , 0 , 0 , 8.75 , 0 , 0 , 0 , 0 
31-Jan-2006 10:28,200511,NEWCASTLE,EGYPT,SHARM EL SHEIKH (OPHIRA),THOMSONFLY LTD,A,C, 4 , 0 , 25 , 25 , 0 , 50 , 0 , 0 , 56.25 , 0 , 4 , 0 , 38.75 
31-Jan-2006 10:28,200511,NEWCASTLE,EGYPT,SHARM EL SHEIKH (OPHIRA),THOMSONFLY LTD,D,C, 4 , 0 , 50 , 50 , 0 , 0 , 0 , 0 , 13.5 , 0 , 4 , 100 , 0 
31-Jan-2006 10:28,200511,NEWCASTLE,FRANCE,NICE,EASYJET AIRLINE COMPANY LTD,A,S, 13 , 0 , 84.6153846153846 , 7.69230769230769 , 0 , 7.69230769230769 , 0 , 0 , 10.1538461538462 , 0 , 17 , 88.2352941176471 , 5.29411764705882 
31-Jan-2006 10:28,200511,NEWCASTLE,FRANCE,NICE,EASYJET AIRLINE COMPANY LTD,D,S, 13 , 0 , 84.6153846153846 , 0 , 7.69230769230769 , 7.69230769230769 , 0 , 0 , 11.3846153846154 , 0 , 17 , 94.1176470588235 , 3 
31-Jan-2006 10:28,200511,NEWCASTLE,FRANCE,PARIS (CHARLES DE GAULLE),AIR FRANCE,A,S, 0 , 0 , 0 , 0 , 0 , 0 , 0 , 0 , 0 , 1 , 76 , 73.6842105263158 , 18.5921052631579 
31-Jan-2006 10:28,200511,NEWCASTLE,FRANCE,PARIS (CHARLES DE GAULLE),AIR FRANCE,D,S, 0 , 0 , 0 , 0 , 0 , 0 , 0 , 0 , 0 , 0 , 76 , 71.0526315789474 , 18.2631578947368 
31-Jan-2006 10:28,200511,NEWCASTLE,FRANCE,PARIS (CHARLES DE GAULLE),BRIT AIR,A,S, 79 , 1 , 67.0886075949367 , 15.1898734177215 , 6.32911392405063 , 11.3924050632911 , 0 , 0 , 19.8101265822785 , 0 , 0 , 0 , 0 
31-Jan-2006 10:28,200511,NEWCASTLE,FRANCE,PARIS (CHARLES DE GAULLE),BRIT AIR,D,S, 80 , 0 , 67.5 , 13.75 , 10 , 8.75 , 0 , 0 , 18.75 , 0 , 0 , 0 , 0 
31-Jan-2006 10:28,200511,NEWCASTLE,FRANCE,PARIS (CHARLES DE GAULLE),EASYJET AIRLINE COMPANY LTD,A,S, 30 , 0 , 83.3333333333333 , 6.66666666666667 , 10 , 0 , 0 , 0 , 7.36666666666667 , 0 , 30 , 93.3333333333333 , 2.53333333333333 
31-Jan-2006 10:28,200511,NEWCASTLE,FRANCE,PARIS (CHARLES DE GAULLE),EASYJET AIRLINE COMPANY LTD,D,S, 30 , 0 , 90 , 0 , 10 , 0 , 0 , 0 , 7.33333333333333 , 0 , 30 , 73.3333333333333 , 7.7 
31-Jan-2006 10:28,200511,NEWCASTLE,GERMANY,BERLIN (SCHONEFELD),EASYJET AIRLINE COMPANY LTD,A,S, 30 , 0 , 80 , 6.66666666666667 , 10 , 3.33333333333333 , 0 , 0 , 13.9 , 0 , 30 , 93.3333333333333 , 3.3 
31-Jan-2006 10:28,200511,NEWCASTLE,GERMANY,BERLIN (SCHONEFELD),EASYJET AIRLINE COMPANY LTD,D,S, 30 , 0 , 80 , 10 , 10 , 0 , 0 , 0 , 10.1333333333333 , 0 , 30 , 100 , 2.8 
31-Jan-2006 10:28,200511,NEWCASTLE,GERMANY,COLOGNE (BONN),THOMAS COOK AIRLINES LTD,A,C, 0 , 0 , 0 , 0 , 0 , 0 , 0 , 0 , 0 , 0 , 1 , 0 , 82 
31-Jan-2006 10:28,200511,NEWCASTLE,GERMANY,DUSSELDORF,EUROWINGS LUFTVERKEHRS,A,S, 26 , 0 , 88.4615384615385 , 7.69230769230769 , 3.84615384615385 , 0 , 0 , 0 , 6.73076923076923 , 0 , 26 , 96.1538461538462 , 2.84615384615385 
31-Jan-2006 10:28,200511,NEWCASTLE,GERMANY,DUSSELDORF,EUROWINGS LUFTVERKEHRS,D,S, 26 , 0 , 84.6153846153846 , 7.69230769230769 , 7.69230769230769 , 0 , 0 , 0 , 8.53846153846154 , 0 , 26 , 80.7692307692308 , 6.92307692307692 
31-Jan-2006 10:28,200511,NEWCASTLE,GERMANY,HANOVER,HAPAG LLOYD EXPRESS,A,S, 13 , 0 , 92.3076923076923 , 0 , 0 , 7.69230769230769 , 0 , 0 , 12.6153846153846 , 0 , 12 , 83.3333333333333 , 7.08333333333333 
31-Jan-2006 10:28,200511,NEWCASTLE,GERMANY,HANOVER,HAPAG LLOYD EXPRESS,D,S, 13 , 0 , 84.6153846153846 , 7.69230769230769 , 0 , 7.69230769230769 , 0 , 0 , 17.6153846153846 , 0 , 12 , 91.6666666666667 , 4.83333333333333 
31-Jan-2006 10:28,200511,NEWCASTLE,GREECE,CORFU,THOMAS COOK AIRLINES LTD,A,C, 1 , 0 , 100 , 0 , 0 , 0 , 0 , 0 , 9 , 0 , 0 , 0 , 0 
31-Jan-2006 10:28,200511,NEWCASTLE,GREECE,HERAKLION,THOMAS COOK AIRLINES LTD,A,C, 1 , 0 , 100 , 0 , 0 , 0 , 0 , 0 , 0 , 0 , 0 , 0 , 0 
31-Jan-2006 10:28,200511,NEWCASTLE,GREECE,ZAKINTHOS,THOMAS COOK AIRLINES LTD,A,C, 0 , 0 , 0 , 0 , 0 , 0 , 0 , 0 , 0 , 0 , 1 , 0 , 614 
31-Jan-2006 10:28,200511,NEWCASTLE,HUNGARY,BUDAPEST,EASYJET AIRLINE COMPANY LTD,A,S, 17 , 0 , 88.2352941176471 , 0 , 11.7647058823529 , 0 , 0 , 0 , 6.76470588235294 , 0 , 30 , 83.3333333333333 , 8.13333333333333 
31-Jan-2006 10:28,200511,NEWCASTLE,HUNGARY,BUDAPEST,EASYJET AIRLINE COMPANY LTD,D,S, 17 , 0 , 64.7058823529412 , 23.5294117647059 , 11.7647058823529 , 0 , 0 , 0 , 12.2352941176471 , 0 , 30 , 76.6666666666667 , 12.6333333333333 
31-Jan-2006 10:28,200511,NEWCASTLE,IRISH REPUBLIC,CORK,CHANNEL EXPRESS LTD ALSO T/A JET2.COM,A,S, 11 , 0 , 90.9090909090909 , 9.09090909090909 , 0 , 0 , 0 , 0 , 6.18181818181818 , 1 , 0 , 0 , 0 
31-Jan-2006 10:28,200511,NEWCASTLE,IRISH REPUBLIC,CORK,CHANNEL EXPRESS LTD ALSO T/A JET2.COM,D,S, 12 , 0 , 100 , 0 , 0 , 0 , 0 , 0 , 4.5 , 0 , 0 , 0 , 0 
31-Jan-2006 10:28,200511,NEWCASTLE,IRISH REPUBLIC,DUBLIN,RYANAIR,A,S, 55 , 0 , 85.4545454545455 , 7.27272727272727 , 3.63636363636364 , 3.63636363636364 , 0 , 0 , 7.30909090909091 , 0 , 56 , 96.4285714285714 , 2.30357142857143 
31-Jan-2006 10:28,200511,NEWCASTLE,IRISH REPUBLIC,DUBLIN,RYANAIR,D,S, 55 , 0 , 81.8181818181818 , 10.9090909090909 , 3.63636363636364 , 3.63636363636364 , 0 , 0 , 8.96363636363636 , 0 , 56 , 96.4285714285714 , 2.57142857142857 
31-Jan-2006 10:28,200511,NEWCASTLE,ITALY,BERGAMO,RYANAIR,A,S, 29 , 0 , 82.7586206896552 , 10.3448275862069 , 3.44827586206897 , 3.44827586206897 , 0 , 0 , 6 , 1 , 0 , 0 , 0 
31-Jan-2006 10:28,200511,NEWCASTLE,ITALY,BERGAMO,RYANAIR,D,S, 29 , 0 , 82.7586206896552 , 10.3448275862069 , 3.44827586206897 , 3.44827586206897 , 0 , 0 , 6.37931034482759 , 1 , 0 , 0 , 0 
31-Jan-2006 10:28,200511,NEWCASTLE,ITALY,ROME (CIAMPINO),EASYJET AIRLINE COMPANY LTD,A,S, 29 , 0 , 86.2068965517241 , 3.44827586206897 , 3.44827586206897 , 3.44827586206897 , 0 , 3.44827586206897 , 32.4827586206897 , 0 , 30 , 70 , 10.5 
31-Jan-2006 10:28,200511,NEWCASTLE,ITALY,ROME (CIAMPINO),EASYJET AIRLINE COMPANY LTD,D,S, 29 , 0 , 89.6551724137931 , 6.89655172413793 , 0 , 3.44827586206897 , 0 , 0 , 8.48275862068965 , 0 , 30 , 86.6666666666667 , 7.7 
31-Jan-2006 10:28,200511,NEWCASTLE,MALTA,MALTA,AIR MALTA,A,C, 0 , 0 , 0 , 0 , 0 , 0 , 0 , 0 , 0 , 0 , 5 , 100 , 0 
31-Jan-2006 10:28,200511,NEWCASTLE,MALTA,MALTA,AIR MALTA,A,S, 5 , 0 , 100 , 0 , 0 , 0 , 0 , 0 , 4.8 , 0 , 0 , 0 , 0 
31-Jan-2006 10:28,200511,NEWCASTLE,MALTA,MALTA,AIR MALTA,D,C, 0 , 0 , 0 , 0 , 0 , 0 , 0 , 0 , 0 , 0 , 5 , 100 , 0.4 
31-Jan-2006 10:28,200511,NEWCASTLE,MALTA,MALTA,AIR MALTA,D,S, 5 , 0 , 100 , 0 , 0 , 0 , 0 , 0 , 2.8 , 0 , 0 , 0 , 0 
31-Jan-2006 10:28,200511,NEWCASTLE,MALTA,MALTA,HELLO,A,C, 4 , 0 , 100 , 0 , 0 , 0 , 0 , 0 , 2 , 0 , 0 , 0 , 0 
31-Jan-2006 10:28,200511,NEWCASTLE,MALTA,MALTA,HELLO,D,C, 4 , 0 , 50 , 0 , 0 , 25 , 0 , 25 , 153.5 , 0 , 0 , 0 , 0 
31-Jan-2006 10:28,200511,NEWCASTLE,NETHERLANDS,AMSTERDAM,KLM CITYHOPPER,A,S, 138 , 2 , 75.3623188405797 , 5.79710144927536 , 10.8695652173913 , 7.97101449275362 , 0 , 0 , 16.3260869565217 , 0 , 140 , 72.8571428571429 , 18.7071428571429 
31-Jan-2006 10:28,200511,NEWCASTLE,NETHERLANDS,AMSTERDAM,KLM CITYHOPPER,D,S, 139 , 0 , 73.3812949640288 , 10.0719424460432 , 9.35251798561151 , 7.19424460431655 , 0 , 0 , 16.4604316546763 , 0 , 136 , 71.3235294117647 , 19.3455882352941 
31-Jan-2006 10:28,200511,NEWCASTLE,NETHERLANDS,AMSTERDAM,THOMSONFLY LTD,A,C, 0 , 1 , 0 , 0 , 0 , 0 , 0 , 0 , 0 , 0 , 0 , 0 , 0 
31-Jan-2006 10:28,200511,NEWCASTLE,NORWAY,SANDEFJORD(TORP),RYANAIR,A,S, 27 , 0 , 88.8888888888889 , 3.7037037037037 , 0 , 7.40740740740741 , 0 , 0 , 9.03703703703704 , 3 , 0 , 0 , 0 
31-Jan-2006 10:28,200511,NEWCASTLE,NORWAY,SANDEFJORD(TORP),RYANAIR,D,S, 27 , 0 , 81.4814814814815 , 11.1111111111111 , 0 , 7.40740740740741 , 0 , 0 , 11.7037037037037 , 3 , 0 , 0 , 0 
31-Jan-2006 10:28,200511,NEWCASTLE,NORWAY,STAVANGER,WIDEROE FLYVESELSKAP A/S,A,S, 25 , 0 , 84 , 4 , 12 , 0 , 0 , 0 , 7.96 , 1 , 25 , 68 , 20.04 
31-Jan-2006 10:28,200511,NEWCASTLE,NORWAY,STAVANGER,WIDEROE FLYVESELSKAP A/S,D,S, 25 , 0 , 68 , 20 , 12 , 0 , 0 , 0 , 11.24 , 1 , 25 , 68 , 19.2 
31-Jan-2006 10:28,200511,NEWCASTLE,PORTUGAL(EXCLUDING MADEIRA),FARO,EASYJET AIRLINE COMPANY LTD,A,S, 13 , 0 , 92.3076923076923 , 7.69230769230769 , 0 , 0 , 0 , 0 , 4.07692307692308 , 0 , 0 , 0 , 0 
31-Jan-2006 10:28,200511,NEWCASTLE,PORTUGAL(EXCLUDING MADEIRA),FARO,EASYJET AIRLINE COMPANY LTD,D,S, 13 , 0 , 69.2307692307692 , 23.0769230769231 , 7.69230769230769 , 0 , 0 , 0 , 12.1538461538462 , 0 , 0 , 0 , 0 
31-Jan-2006 10:28,200511,NEWCASTLE,PORTUGAL(EXCLUDING MADEIRA),FARO,MY TRAVEL AIRWAYS UK,A,C, 3 , 0 , 100 , 0 , 0 , 0 , 0 , 0 , 0 , 0 , 4 , 100 , 1.25 
31-Jan-2006 10:28,200511,NEWCASTLE,PORTUGAL(EXCLUDING MADEIRA),FARO,MY TRAVEL AIRWAYS UK,D,C, 3 , 0 , 100 , 0 , 0 , 0 , 0 , 0 , 0.333333333333333 , 0 , 4 , 100 , 2.25 
31-Jan-2006 10:28,200511,NEWCASTLE,PORTUGAL(EXCLUDING MADEIRA),FARO,THOMAS COOK AIRLINES LTD,A,C, 4 , 0 , 50 , 0 , 50 , 0 , 0 , 0 , 18 , 0 , 4 , 100 , 0.5 
31-Jan-2006 10:28,200511,NEWCASTLE,PORTUGAL(EXCLUDING MADEIRA),FARO,THOMAS COOK AIRLINES LTD,D,C, 3 , 0 , 100 , 0 , 0 , 0 , 0 , 0 , 0 , 0 , 3 , 100 , 0.333333333333333 
31-Jan-2006 10:28,200511,NEWCASTLE,PORTUGAL(MADEIRA),FUNCHAL,SATA,A,C, 4 , 0 , 100 , 0 , 0 , 0 , 0 , 0 , 3 , 0 , 5 , 100 , 2 
31-Jan-2006 10:28,200511,NEWCASTLE,PORTUGAL(MADEIRA),FUNCHAL,SATA,D,C, 4 , 0 , 100 , 0 , 0 , 0 , 0 , 0 , 1.75 , 0 , 5 , 100 , 2 
31-Jan-2006 10:28,200511,NEWCASTLE,SPAIN,ALICANTE,EASYJET AIRLINE COMPANY LTD,A,S, 34 , 0 , 85.2941176470588 , 8.82352941176471 , 2.94117647058824 , 2.94117647058824 , 0 , 0 , 7.55882352941176 , 0 , 34 , 91.1764705882353 , 2.67647058823529 
31-Jan-2006 10:28,200511,NEWCASTLE,SPAIN,ALICANTE,EASYJET AIRLINE COMPANY LTD,D,S, 34 , 0 , 82.3529411764706 , 8.82352941176471 , 5.88235294117647 , 2.94117647058824 , 0 , 0 , 11.3823529411765 , 0 , 34 , 88.2352941176471 , 4.32352941176471 
31-Jan-2006 10:28,200511,NEWCASTLE,SPAIN,ALICANTE,MY TRAVEL AIRWAYS UK,A,C, 4 , 0 , 100 , 0 , 0 , 0 , 0 , 0 , 0 , 0 , 4 , 75 , 50 
31-Jan-2006 10:28,200511,NEWCASTLE,SPAIN,ALICANTE,MY TRAVEL AIRWAYS UK,D,C, 4 , 0 , 75 , 25 , 0 , 0 , 0 , 0 , 5.25 , 0 , 4 , 75 , 76 
31-Jan-2006 10:28,200511,NEWCASTLE,SPAIN,ALICANTE,THOMAS COOK AIRLINES LTD,A,C, 1 , 1 , 100 , 0 , 0 , 0 , 0 , 0 , 0 , 0 , 5 , 20 , 31.4 
31-Jan-2006 10:28,200511,NEWCASTLE,SPAIN,ALICANTE,THOMAS COOK AIRLINES LTD,D,C, 1 , 0 , 100 , 0 , 0 , 0 , 0 , 0 , 0 , 0 , 5 , 20 , 21.2 
31-Jan-2006 10:28,200511,NEWCASTLE,SPAIN,ALICANTE,THOMSONFLY LTD,A,C, 9 , 0 , 66.6666666666667 , 0 , 0 , 11.1111111111111 , 0 , 22.2222222222222 , 111.444444444444 , 0 , 9 , 77.7777777777778 , 4.55555555555556 
31-Jan-2006 10:28,200511,NEWCASTLE,SPAIN,ALICANTE,THOMSONFLY LTD,D,C, 9 , 0 , 66.6666666666667 , 0 , 0 , 22.2222222222222 , 0 , 11.1111111111111 , 63.5555555555556 , 0 , 9 , 100 , 0.666666666666667 
31-Jan-2006 10:28,200511,NEWCASTLE,SPAIN,BARCELONA,EASYJET AIRLINE COMPANY LTD,A,S, 30 , 0 , 76.6666666666667 , 6.66666666666667 , 16.6666666666667 , 0 , 0 , 0 , 8.2 , 0 , 30 , 100 , 1.33333333333333 
31-Jan-2006 10:28,200511,NEWCASTLE,SPAIN,BARCELONA,EASYJET AIRLINE COMPANY LTD,D,S, 30 , 0 , 73.3333333333333 , 13.3333333333333 , 13.3333333333333 , 0 , 0 , 0 , 12.5666666666667 , 0 , 30 , 93.3333333333333 , 3.53333333333333 
31-Jan-2006 10:28,200511,NEWCASTLE,SPAIN,IBIZA,MY TRAVEL AIRWAYS UK,A,C, 0 , 0 , 0 , 0 , 0 , 0 , 0 , 0 , 0 , 0 , 1 , 100 , 0 
31-Jan-2006 10:28,200511,NEWCASTLE,SPAIN,MADRID,GESTAIR EXECUTIVE JET,A,C, 0 , 1 , 0 , 0 , 0 , 0 , 0 , 0 , 0 , 0 , 0 , 0 , 0 
31-Jan-2006 10:28,200511,NEWCASTLE,SPAIN,MALAGA,EASYJET AIRLINE COMPANY LTD,A,S, 25 , 0 , 76 , 12 , 4 , 4 , 4 , 0 , 22.16 , 0 , 30 , 93.3333333333333 , 3.03333333333333 
31-Jan-2006 10:28,200511,NEWCASTLE,SPAIN,MALAGA,EASYJET AIRLINE COMPANY LTD,D,S, 25 , 0 , 72 , 20 , 4 , 4 , 0 , 0 , 10.64 , 0 , 30 , 96.6666666666667 , 4.83333333333333 
31-Jan-2006 10:28,200511,NEWCASTLE,SPAIN,MALAGA,MY TRAVEL AIRWAYS UK,A,C, 0 , 0 , 0 , 0 , 0 , 0 , 0 , 0 , 0 , 0 , 1 , 100 , 0 
31-Jan-2006 10:28,200511,NEWCASTLE,SPAIN,MALAGA,THOMAS COOK AIRLINES LTD,A,C, 0 , 0 , 0 , 0 , 0 , 0 , 0 , 0 , 0 , 0 , 4 , 100 , 2 
31-Jan-2006 10:28,200511,NEWCASTLE,SPAIN,MALAGA,THOMAS COOK AIRLINES LTD,D,C, 0 , 0 , 0 , 0 , 0 , 0 , 0 , 0 , 0 , 0 , 4 , 100 , 0 
31-Jan-2006 10:28,200511,NEWCASTLE,SPAIN,MALAGA,THOMSONFLY LTD,A,C, 4 , 0 , 75 , 25 , 0 , 0 , 0 , 0 , 5.25 , 0 , 4 , 100 , 0 
31-Jan-2006 10:28,200511,NEWCASTLE,SPAIN,MALAGA,THOMSONFLY LTD,D,C, 4 , 0 , 75 , 0 , 25 , 0 , 0 , 0 , 10 , 0 , 4 , 75 , 4.25 
31-Jan-2006 10:28,200511,NEWCASTLE,SPAIN,MURCIA SAN JAVIER,CHANNEL EXPRESS LTD ALSO T/A JET2.COM,A,S, 8 , 0 , 100 , 0 , 0 , 0 , 0 , 0 , 0 , 0 , 0 , 0 , 0 
31-Jan-2006 10:28,200511,NEWCASTLE,SPAIN,MURCIA SAN JAVIER,CHANNEL EXPRESS LTD ALSO T/A JET2.COM,D,S, 8 , 0 , 100 , 0 , 0 , 0 , 0 , 0 , 2 , 0 , 0 , 0 , 0 
31-Jan-2006 10:28,200511,NEWCASTLE,SPAIN,PALMA DE MALLORCA,EASYJET AIRLINE COMPANY LTD,A,S, 17 , 0 , 88.2352941176471 , 5.88235294117647 , 5.88235294117647 , 0 , 0 , 0 , 5.76470588235294 , 0 , 17 , 76.4705882352941 , 11.4705882352941 
31-Jan-2006 10:28,200511,NEWCASTLE,SPAIN,PALMA DE MALLORCA,EASYJET AIRLINE COMPANY LTD,D,S, 17 , 0 , 94.1176470588235 , 0 , 5.88235294117647 , 0 , 0 , 0 , 5.41176470588235 , 0 , 17 , 88.2352941176471 , 4.82352941176471 
31-Jan-2006 10:28,200511,NEWCASTLE,SPAIN,PALMA DE MALLORCA,FIRST CHOICE AIRWAYS LTD,A,C, 0 , 0 , 0 , 0 , 0 , 0 , 0 , 0 , 0 , 0 , 1 , 100 , 0 
31-Jan-2006 10:28,200511,NEWCASTLE,SPAIN,PALMA DE MALLORCA,THOMAS COOK AIRLINES LTD,A,C, 1 , 0 , 0 , 0 , 100 , 0 , 0 , 0 , 32 , 0 , 1 , 100 , 0 
31-Jan-2006 10:28,200511,NEWCASTLE,SPAIN,PALMA DE MALLORCA,THOMSONFLY LTD,A,C, 4 , 0 , 100 , 0 , 0 , 0 , 0 , 0 , 0.5 , 0 , 5 , 60 , 12.4 
31-Jan-2006 10:28,200511,NEWCASTLE,SPAIN,PALMA DE MALLORCA,THOMSONFLY LTD,D,C, 4 , 0 , 100 , 0 , 0 , 0 , 0 , 0 , 0 , 0 , 4 , 75 , 4.25 
31-Jan-2006 10:28,200511,NEWCASTLE,SPAIN,TORREJON DE ARDOZ,GESTAIR EXECUTIVE JET,D,C, 0 , 1 , 0 , 0 , 0 , 0 , 0 , 0 , 0 , 0 , 0 , 0 , 0 
31-Jan-2006 10:28,200511,NEWCASTLE,SPAIN,ZARAGOZA,EUROPEAN AIR CHARTER,D,C, 1 , 0 , 100 , 0 , 0 , 0 , 0 , 0 , 5 , 0 , 0 , 0 , 0 
31-Jan-2006 10:28,200511,NEWCASTLE,SPAIN(CANARY ISLANDS),ARRECIFE,MY TRAVEL AIRWAYS UK,A,C, 4 , 0 , 100 , 0 , 0 , 0 , 0 , 0 , 0 , 0 , 4 , 100 , 7 
31-Jan-2006 10:28,200511,NEWCASTLE,SPAIN(CANARY ISLANDS),ARRECIFE,MY TRAVEL AIRWAYS UK,D,C, 4 , 0 , 100 , 0 , 0 , 0 , 0 , 0 , 1 , 0 , 4 , 75 , 7 
31-Jan-2006 10:28,200511,NEWCASTLE,SPAIN(CANARY ISLANDS),ARRECIFE,THOMAS COOK AIRLINES LTD,A,C, 4 , 0 , 100 , 0 , 0 , 0 , 0 , 0 , 3 , 0 , 4 , 75 , 9.75 
31-Jan-2006 10:28,200511,NEWCASTLE,SPAIN(CANARY ISLANDS),ARRECIFE,THOMAS COOK AIRLINES LTD,D,C, 4 , 0 , 100 , 0 , 0 , 0 , 0 , 0 , 0.25 , 0 , 4 , 100 , 0.75 
31-Jan-2006 10:28,200511,NEWCASTLE,SPAIN(CANARY ISLANDS),ARRECIFE,THOMSONFLY LTD,A,C, 5 , 0 , 100 , 0 , 0 , 0 , 0 , 0 , 2.8 , 0 , 4 , 50 , 17.25 
31-Jan-2006 10:28,200511,NEWCASTLE,SPAIN(CANARY ISLANDS),ARRECIFE,THOMSONFLY LTD,D,C, 5 , 0 , 100 , 0 , 0 , 0 , 0 , 0 , 4.6 , 0 , 4 , 50 , 29.25 
31-Jan-2006 10:28,200511,NEWCASTLE,SPAIN(CANARY ISLANDS),FUERTEVENTURA,MY TRAVEL AIRWAYS UK,A,C, 5 , 0 , 100 , 0 , 0 , 0 , 0 , 0 , 0.2 , 0 , 4 , 100 , 3.75 
31-Jan-2006 10:28,200511,NEWCASTLE,SPAIN(CANARY ISLANDS),FUERTEVENTURA,MY TRAVEL AIRWAYS UK,D,C, 5 , 0 , 100 , 0 , 0 , 0 , 0 , 0 , 2 , 0 , 4 , 75 , 9.75 
31-Jan-2006 10:28,200511,NEWCASTLE,SPAIN(CANARY ISLANDS),FUERTEVENTURA,THOMAS COOK AIRLINES LTD,A,C, 5 , 0 , 100 , 0 , 0 , 0 , 0 , 0 , 2.4 , 0 , 4 , 100 , 2.5 
31-Jan-2006 10:28,200511,NEWCASTLE,SPAIN(CANARY ISLANDS),FUERTEVENTURA,THOMAS COOK AIRLINES LTD,D,C, 5 , 0 , 80 , 20 , 0 , 0 , 0 , 0 , 7.2 , 0 , 4 , 100 , 0 
31-Jan-2006 10:28,200511,NEWCASTLE,SPAIN(CANARY ISLANDS),LAS PALMAS,MY TRAVEL AIRWAYS UK,A,C, 4 , 0 , 75 , 25 , 0 , 0 , 0 , 0 , 4.75 , 0 , 5 , 60 , 16.8 
31-Jan-2006 10:28,200511,NEWCASTLE,SPAIN(CANARY ISLANDS),LAS PALMAS,MY TRAVEL AIRWAYS UK,D,C, 4 , 0 , 100 , 0 , 0 , 0 , 0 , 0 , 1 , 0 , 5 , 60 , 13.2 
31-Jan-2006 10:28,200511,NEWCASTLE,SPAIN(CANARY ISLANDS),LAS PALMAS,THOMAS COOK AIRLINES LTD,A,C, 8 , 0 , 87.5 , 12.5 , 0 , 0 , 0 , 0 , 5.25 , 0 , 5 , 60 , 113 
31-Jan-2006 10:28,200511,NEWCASTLE,SPAIN(CANARY ISLANDS),LAS PALMAS,THOMAS COOK AIRLINES LTD,D,C, 8 , 0 , 100 , 0 , 0 , 0 , 0 , 0 , 0.25 , 0 , 5 , 100 , 1 
31-Jan-2006 10:28,200511,NEWCASTLE,SPAIN(CANARY ISLANDS),LAS PALMAS,THOMSONFLY LTD,A,C, 5 , 0 , 80 , 0 , 20 , 0 , 0 , 0 , 10.6 , 0 , 5 , 100 , 0.4 
31-Jan-2006 10:28,200511,NEWCASTLE,SPAIN(CANARY ISLANDS),LAS PALMAS,THOMSONFLY LTD,D,C, 4 , 0 , 100 , 0 , 0 , 0 , 0 , 0 , 0 , 0 , 5 , 100 , 0 
31-Jan-2006 10:28,200511,NEWCASTLE,SPAIN(CANARY ISLANDS),TENERIFE (SURREINA SOFIA),FIRST CHOICE AIRWAYS LTD,A,C, 0 , 0 , 0 , 0 , 0 , 0 , 0 , 0 , 0 , 0 , 1 , 100 , 0 
31-Jan-2006 10:28,200511,NEWCASTLE,SPAIN(CANARY ISLANDS),TENERIFE (SURREINA SOFIA),FUTURA AIRLINES,A,C, 0 , 4 , 0 , 0 , 0 , 0 , 0 , 0 , 0 , 0 , 4 , 0 , 48.25 
31-Jan-2006 10:28,200511,NEWCASTLE,SPAIN(CANARY ISLANDS),TENERIFE (SURREINA SOFIA),FUTURA AIRLINES,D,C, 0 , 4 , 0 , 0 , 0 , 0 , 0 , 0 , 0 , 0 , 4 , 50 , 40.5 
31-Jan-2006 10:28,200511,NEWCASTLE,SPAIN(CANARY ISLANDS),TENERIFE (SURREINA SOFIA),MY TRAVEL AIRWAYS UK,A,C, 9 , 0 , 77.7777777777778 , 22.2222222222222 , 0 , 0 , 0 , 0 , 4.88888888888889 , 0 , 9 , 44.4444444444444 , 136.444444444444 
31-Jan-2006 10:28,200511,NEWCASTLE,SPAIN(CANARY ISLANDS),TENERIFE (SURREINA SOFIA),MY TRAVEL AIRWAYS UK,D,C, 9 , 0 , 77.7777777777778 , 22.2222222222222 , 0 , 0 , 0 , 0 , 6.33333333333333 , 0 , 9 , 88.8888888888889 , 3.77777777777778 
31-Jan-2006 10:28,200511,NEWCASTLE,SPAIN(CANARY ISLANDS),TENERIFE (SURREINA SOFIA),THOMAS COOK AIRLINES LTD,A,C, 9 , 0 , 77.7777777777778 , 11.1111111111111 , 11.1111111111111 , 0 , 0 , 0 , 6.11111111111111 , 0 , 6 , 66.6666666666667 , 16 
31-Jan-2006 10:28,200511,NEWCASTLE,SPAIN(CANARY ISLANDS),TENERIFE (SURREINA SOFIA),THOMAS COOK AIRLINES LTD,D,C, 8 , 0 , 75 , 12.5 , 12.5 , 0 , 0 , 0 , 7.375 , 0 , 6 , 100 , 2.83333333333333 
31-Jan-2006 10:28,200511,NEWCASTLE,SPAIN(CANARY ISLANDS),TENERIFE (SURREINA SOFIA),THOMSONFLY LTD,A,C, 9 , 0 , 88.8888888888889 , 0 , 0 , 11.1111111111111 , 0 , 0 , 9.22222222222222 , 0 , 8 , 87.5 , 2 
31-Jan-2006 10:28,200511,NEWCASTLE,SPAIN(CANARY ISLANDS),TENERIFE (SURREINA SOFIA),THOMSONFLY LTD,D,C, 9 , 0 , 77.7777777777778 , 11.1111111111111 , 0 , 11.1111111111111 , 0 , 0 , 17.3333333333333 , 0 , 9 , 88.8888888888889 , 3.55555555555556 
31-Jan-2006 10:28,200511,NEWCASTLE,SPAIN(CANARY ISLANDS),TENERIFE (SURREINA SOFIA),VOLAR AIRLINES,A,C, 4 , 0 , 75 , 0 , 25 , 0 , 0 , 0 , 17.75 , 0 , 4 , 25 , 25.25 
31-Jan-2006 10:28,200511,NEWCASTLE,SPAIN(CANARY ISLANDS),TENERIFE (SURREINA SOFIA),VOLAR AIRLINES,D,C, 4 , 0 , 75 , 0 , 25 , 0 , 0 , 0 , 8.5 , 0 , 4 , 75 , 13.25 
31-Jan-2006 10:28,200511,NEWCASTLE,SWEDEN,GOTEBORG,MAERSK AIR,A,C, 0 , 0 , 0 , 0 , 0 , 0 , 0 , 0 , 0 , 0 , 1 , 100 , 0 
31-Jan-2006 10:28,200511,NEWCASTLE,SWITZERLAND,BASLE MULHOUSE,EXCEL AIRWAYS LTD,A,C, 0 , 0 , 0 , 0 , 0 , 0 , 0 , 0 , 0 , 0 , 1 , 0 , 21 
31-Jan-2006 10:28,200511,NEWCASTLE,SWITZERLAND,BASLE MULHOUSE,EXCEL AIRWAYS LTD,D,C, 0 , 0 , 0 , 0 , 0 , 0 , 0 , 0 , 0 , 0 , 1 , 100 , 6 
31-Jan-2006 10:28,200511,NEWCASTLE,SWITZERLAND,GENEVA,EASYJET AIRLINE COMPANY LTD,A,S, 21 , 0 , 71.4285714285714 , 9.52380952380952 , 14.2857142857143 , 4.76190476190476 , 0 , 0 , 14.3809523809524 , 0 , 0 , 0 , 0 
31-Jan-2006 10:28,200511,NEWCASTLE,SWITZERLAND,GENEVA,EASYJET AIRLINE COMPANY LTD,D,S, 21 , 0 , 57.1428571428571 , 19.047619047619 , 23.8095238095238 , 0 , 0 , 0 , 17.5714285714286 , 0 , 0 , 0 , 0 
31-Jan-2006 10:28,200511,NEWCASTLE,TUNISIA,MONASTIR,THOMSONFLY LTD,A,C, 4 , 0 , 75 , 25 , 0 , 0 , 0 , 0 , 9 , 0 , 4 , 75 , 4.25 
31-Jan-2006 10:28,200511,NEWCASTLE,TUNISIA,MONASTIR,THOMSONFLY LTD,D,C, 4 , 0 , 100 , 0 , 0 , 0 , 0 , 0 , 0.25 , 0 , 4 , 100 , 0 
31-Jan-2006 10:28,200511,NEWCASTLE,TURKEY,ANTALYA,THOMAS COOK AIRLINES LTD,A,C, 4 , 0 , 100 , 0 , 0 , 0 , 0 , 0 , 0.75 , 0 , 2 , 100 , 0 
31-Jan-2006 10:28,200511,NEWCASTLE,TURKEY,ANTALYA,THOMAS COOK AIRLINES LTD,D,C, 3 , 0 , 66.6666666666667 , 33.3333333333333 , 0 , 0 , 0 , 0 , 8.33333333333333 , 0 , 2 , 100 , 0 
31-Jan-2006 10:28,200511,NEWCASTLE,TURKEY,BODRUM (MILAS),MY TRAVEL AIRWAYS UK,A,C, 0 , 1 , 0 , 0 , 0 , 0 , 0 , 0 , 0 , 0 , 0 , 0 , 0 
31-Jan-2006 10:28,200511,NEWCASTLE,TURKEY,BODRUM (MILAS),THOMAS COOK AIRLINES LTD,A,C, 1 , 0 , 100 , 0 , 0 , 0 , 0 , 0 , 0 , 0 , 1 , 100 , 0 
31-Jan-2006 10:28,200511,NEWCASTLE,TURKEY,DALAMAN,THOMAS COOK AIRLINES LTD,A,C, 0 , 0 , 0 , 0 , 0 , 0 , 0 , 0 , 0 , 0 , 1 , 100 , 0 
31-Jan-2006 10:28,200511,NEWCASTLE,UNITED KINGDOM,ABERDEEN,AIR WALES LTD,A,S, 26 , 0 , 80.7692307692308 , 3.84615384615385 , 7.69230769230769 , 3.84615384615385 , 3.84615384615385 , 0 , 15.4615384615385 , 2 , 0 , 0 , 0 
31-Jan-2006 10:28,200511,NEWCASTLE,UNITED KINGDOM,ABERDEEN,AIR WALES LTD,D,S, 26 , 0 , 76.9230769230769 , 3.84615384615385 , 15.3846153846154 , 0 , 3.84615384615385 , 0 , 18.6538461538462 , 2 , 0 , 0 , 0 
31-Jan-2006 10:28,200511,NEWCASTLE,UNITED KINGDOM,ABERDEEN,EASTERN AIRWAYS,A,S, 116 , 0 , 89.6551724137931 , 4.31034482758621 , 2.58620689655172 , 2.58620689655172 , 0.862068965517241 , 0 , 7.00862068965517 , 2 , 114 , 92.1052631578947 , 3.86842105263158 
31-Jan-2006 10:28,200511,NEWCASTLE,UNITED KINGDOM,ABERDEEN,EASTERN AIRWAYS,D,S, 118 , 0 , 88.9830508474576 , 1.69491525423729 , 4.23728813559322 , 5.08474576271186 , 0 , 0 , 9.3728813559322 , 0 , 112 , 94.6428571428572 , 3.88392857142857 
31-Jan-2006 10:28,200511,NEWCASTLE,UNITED KINGDOM,BELFAST CITY,FLYBE LTD,A,S, 71 , 0 , 69.0140845070422 , 12.6760563380282 , 8.45070422535211 , 8.45070422535211 , 1.40845070422535 , 0 , 17.8732394366197 , 2 , 73 , 87.6712328767123 , 11.1506849315068 
31-Jan-2006 10:28,200511,NEWCASTLE,UNITED KINGDOM,BELFAST CITY,FLYBE LTD,D,S, 72 , 0 , 69.4444444444444 , 12.5 , 8.33333333333333 , 6.94444444444444 , 2.77777777777778 , 0 , 21.7361111111111 , 2 , 73 , 86.3013698630137 , 11.3013698630137 
31-Jan-2006 10:28,200511,NEWCASTLE,UNITED KINGDOM,BELFAST INTERNATIONAL,EASYJET AIRLINE COMPANY LTD,A,S, 80 , 0 , 80 , 8.75 , 7.5 , 2.5 , 1.25 , 0 , 12.3625 , 2 , 82 , 93.9024390243902 , 4.64634146341463 
31-Jan-2006 10:28,200511,NEWCASTLE,UNITED KINGDOM,BELFAST INTERNATIONAL,EASYJET AIRLINE COMPANY LTD,D,S, 81 , 0 , 85.1851851851852 , 6.17283950617284 , 3.7037037037037 , 3.7037037037037 , 1.23456790123457 , 0 , 12.3703703703704 , 1 , 81 , 93.8271604938272 , 5.30864197530864 
31-Jan-2006 10:28,200511,NEWCASTLE,UNITED KINGDOM,BELFAST INTERNATIONAL,MY TRAVEL AIRWAYS UK,A,C, 0 , 0 , 0 , 0 , 0 , 0 , 0 , 0 , 0 , 0 , 1 , 100 , 0 
31-Jan-2006 10:28,200511,NEWCASTLE,UNITED KINGDOM,BIRMINGHAM,EASTERN AIRWAYS,A,S, 84 , 0 , 96.4285714285714 , 3.57142857142857 , 0 , 0 , 0 , 0 , 2.57142857142857 , 4 , 86 , 95.3488372093023 , 4.84883720930233 
31-Jan-2006 10:28,200511,NEWCASTLE,UNITED KINGDOM,BIRMINGHAM,EASTERN AIRWAYS,D,S, 86 , 0 , 95.3488372093023 , 3.48837209302326 , 1.16279069767442 , 0 , 0 , 0 , 2.40697674418605 , 2 , 86 , 96.5116279069768 , 3.23255813953488 
31-Jan-2006 10:28,200511,NEWCASTLE,UNITED KINGDOM,BRISTOL,EASYJET AIRLINE COMPANY LTD,A,S, 86 , 0 , 80.2325581395349 , 10.4651162790698 , 9.30232558139535 , 0 , 0 , 0 , 8.52325581395349 , 0 , 86 , 91.8604651162791 , 3.34883720930233 
31-Jan-2006 10:28,200511,NEWCASTLE,UNITED KINGDOM,BRISTOL,EASYJET AIRLINE COMPANY LTD,D,S, 86 , 0 , 79.0697674418605 , 11.6279069767442 , 9.30232558139535 , 0 , 0 , 0 , 10.7558139534884 , 0 , 86 , 87.2093023255814 , 6.62790697674419 
31-Jan-2006 10:28,200511,NEWCASTLE,UNITED KINGDOM,EDINBURGH,FLYBE LTD,A,S, 1 , 1 , 0 , 100 , 0 , 0 , 0 , 0 , 17 , 0 , 0 , 0 , 0 
31-Jan-2006 10:28,200511,NEWCASTLE,UNITED KINGDOM,EDINBURGH,KLM,A,S, 0 , 1 , 0 , 0 , 0 , 0 , 0 , 0 , 0 , 0 , 0 , 0 , 0 
31-Jan-2006 10:28,200511,NEWCASTLE,UNITED KINGDOM,EXETER,FLYBE LTD,A,S, 30 , 0 , 73.3333333333333 , 10 , 3.33333333333333 , 13.3333333333333 , 0 , 0 , 22.6333333333333 , 0 , 30 , 80 , 8.46666666666667 
31-Jan-2006 10:28,200511,NEWCASTLE,UNITED KINGDOM,EXETER,FLYBE LTD,D,S, 30 , 1 , 80 , 3.33333333333333 , 3.33333333333333 , 13.3333333333333 , 0 , 0 , 21.4333333333333 , 0 , 30 , 73.3333333333333 , 12.9333333333333 
31-Jan-2006 10:28,200511,NEWCASTLE,UNITED KINGDOM,GATWICK,BRITISH AIRWAYS PLC,A,S, 115 , 2 , 84.3478260869565 , 6.08695652173913 , 6.95652173913043 , 2.60869565217391 , 0 , 0 , 8.96521739130435 , 1 , 116 , 87.9310344827586 , 4.35344827586207 
31-Jan-2006 10:28,200511,NEWCASTLE,UNITED KINGDOM,GATWICK,BRITISH AIRWAYS PLC,D,S, 116 , 0 , 80.1724137931034 , 13.7931034482759 , 4.31034482758621 , 1.72413793103448 , 0 , 0 , 9.37068965517241 , 0 , 116 , 91.3793103448276 , 4.62068965517241 
31-Jan-2006 10:28,200511,NEWCASTLE,UNITED KINGDOM,GLASGOW,FIRST CHOICE AIRWAYS LTD,D,C, 0 , 0 , 0 , 0 , 0 , 0 , 0 , 0 , 0 , 0 , 1 , 100 , 0 
31-Jan-2006 10:28,200511,NEWCASTLE,UNITED KINGDOM,HEATHROW,BMI BRITISH MIDLAND,A,S, 0 , 1 , 0 , 0 , 0 , 0 , 0 , 0 , 0 , 0 , 0 , 0 , 0 
31-Jan-2006 10:28,200511,NEWCASTLE,UNITED KINGDOM,HEATHROW,BRITISH AIRWAYS PLC,A,S, 206 , 0 , 63.5922330097087 , 17.4757281553398 , 12.621359223301 , 6.31067961165049 , 0 , 0 , 17.3495145631068 , 0 , 175 , 68.5714285714286 , 16.6971428571429 
31-Jan-2006 10:28,200511,NEWCASTLE,UNITED KINGDOM,HEATHROW,BRITISH AIRWAYS PLC,D,S, 204 , 0 , 83.3333333333333 , 10.2941176470588 , 2.45098039215686 , 3.92156862745098 , 0 , 0 , 9.08333333333333 , 2 , 175 , 86.8571428571428 , 6.41142857142857 
31-Jan-2006 10:28,200511,NEWCASTLE,UNITED KINGDOM,ISLE OF MAN,EASTERN AIRWAYS,A,S, 26 , 0 , 100 , 0 , 0 , 0 , 0 , 0 , 3.84615384615385E-02 , 0 , 22 , 100 , 0.136363636363636 
31-Jan-2006 10:28,200511,NEWCASTLE,UNITED KINGDOM,ISLE OF MAN,EASTERN AIRWAYS,D,S, 26 , 0 , 96.1538461538462 , 3.84615384615385 , 0 , 0 , 0 , 0 , 1.19230769230769 , 0 , 26 , 80.7692307692308 , 20.8076923076923 
31-Jan-2006 10:28,200511,NEWCASTLE,UNITED KINGDOM,NORTHOLT,NETJETS TRANSPORTES AEREOS,A,C, 0 , 1 , 0 , 0 , 0 , 0 , 0 , 0 , 0 , 0 , 0 , 0 , 0 
31-Jan-2006 10:28,200511,NEWCASTLE,UNITED KINGDOM,NORWICH,EASTERN AIRWAYS,A,S, 0 , 2 , 0 , 0 , 0 , 0 , 0 , 0 , 0 , 0 , 0 , 0 , 0 
31-Jan-2006 10:28,200511,NEWCASTLE,UNITED KINGDOM,PLYMOUTH,AIR WALES LTD,A,S, 46 , 0 , 78.2608695652174 , 2.17391304347826 , 13.0434782608696 , 4.34782608695652 , 2.17391304347826 , 0 , 17.4130434782609 , 2 , 48 , 79.1666666666667 , 13.1666666666667 
31-Jan-2006 10:28,200511,NEWCASTLE,UNITED KINGDOM,PLYMOUTH,AIR WALES LTD,D,S, 46 , 0 , 82.6086956521739 , 8.69565217391304 , 4.34782608695652 , 2.17391304347826 , 2.17391304347826 , 0 , 10.4782608695652 , 0 , 48 , 83.3333333333333 , 9.625 
31-Jan-2006 10:28,200511,NEWCASTLE,UNITED KINGDOM,SOUTHAMPTON,EASTERN AIRWAYS,A,S, 70 , 0 , 88.5714285714286 , 4.28571428571429 , 1.42857142857143 , 5.71428571428571 , 0 , 0 , 9.47142857142857 , 0 , 70 , 92.8571428571429 , 4.25714285714286 
31-Jan-2006 10:28,200511,NEWCASTLE,UNITED KINGDOM,SOUTHAMPTON,EASTERN AIRWAYS,D,S, 70 , 0 , 90 , 2.85714285714286 , 1.42857142857143 , 5.71428571428571 , 0 , 0 , 8.37142857142857 , 0 , 70 , 92.8571428571429 , 3.84285714285714 
31-Jan-2006 10:28,200511,NEWCASTLE,UNITED KINGDOM,SOUTHAMPTON,FLYBE LTD,A,S, 56 , 0 , 89.2857142857143 , 8.92857142857143 , 0 , 1.78571428571429 , 0 , 0 , 5.14285714285714 , 0 , 30 , 90 , 6.66666666666667 
31-Jan-2006 10:28,200511,NEWCASTLE,UNITED KINGDOM,SOUTHAMPTON,FLYBE LTD,D,S, 56 , 0 , 87.5 , 8.92857142857143 , 1.78571428571429 , 1.78571428571429 , 0 , 0 , 5.875 , 0 , 30 , 70 , 29.8666666666667 
31-Jan-2006 10:28,200511,NEWCASTLE,UNITED KINGDOM,STANSTED,EASYJET AIRLINE COMPANY LTD,A,S, 116 , 0 , 64.6551724137931 , 18.1034482758621 , 12.0689655172414 , 5.17241379310345 , 0 , 0 , 14.8448275862069 , 0 , 112 , 92.8571428571429 , 4.14285714285714 
31-Jan-2006 10:28,200511,NEWCASTLE,UNITED KINGDOM,STANSTED,EASYJET AIRLINE COMPANY LTD,D,S, 116 , 0 , 63.7931034482759 , 18.1034482758621 , 10.3448275862069 , 6.89655172413793 , 0.862068965517241 , 0 , 20.5862068965517 , 0 , 112 , 91.0714285714286 , 5.20535714285714 
31-Jan-2006 10:28,200511,NEWCASTLE,UNITED KINGDOM,STANSTED,EUROPEAN AIR CHARTER,A,C, 1 , 0 , 100 , 0 , 0 , 0 , 0 , 0 , 0 , 0 , 0 , 0 , 0 
31-Jan-2006 10:28,200511,NEWCASTLE,USA,SANFORD,MONARCH AIRLINES,A,C, 0 , 0 , 0 , 0 , 0 , 0 , 0 , 0 , 0 , 0 , 1 , 100 , 0 
31-Jan-2006 10:28,200511,NEWCASTLE,USA,SANFORD,MY TRAVEL AIRWAYS UK,A,C, 0 , 0 , 0 , 0 , 0 , 0 , 0 , 0 , 0 , 0 , 1 , 0 , 96 
31-Jan-2006 10:28,200511,STANSTED,AUSTRIA,GRAZ,RYANAIR,A,S, 30 , 0 , 80 , 13.3333333333333 , 3.33333333333333 , 3.33333333333333 , 0 , 0 , 10.6 , 0 , 30 , 90 , 3.93333333333333 
31-Jan-2006 10:28,200511,STANSTED,AUSTRIA,GRAZ,RYANAIR,D,S, 30 , 0 , 63.3333333333333 , 26.6666666666667 , 6.66666666666667 , 3.33333333333333 , 0 , 0 , 14.6333333333333 , 0 , 30 , 93.3333333333333 , 5.46666666666667 
31-Jan-2006 10:28,200511,STANSTED,AUSTRIA,KLAGENFURT,RYANAIR,A,S, 0 , 0 , 0 , 0 , 0 , 0 , 0 , 0 , 0 , 0 , 30 , 93.3333333333333 , 2.76666666666667 
31-Jan-2006 10:28,200511,STANSTED,AUSTRIA,KLAGENFURT,RYANAIR,D,S, 0 , 0 , 0 , 0 , 0 , 0 , 0 , 0 , 0 , 0 , 30 , 93.3333333333333 , 6.73333333333333 
31-Jan-2006 10:28,200511,STANSTED,AUSTRIA,LINZ,RYANAIR,A,S, 30 , 0 , 86.6666666666667 , 10 , 0 , 3.33333333333333 , 0 , 0 , 4.66666666666667 , 0 , 30 , 96.6666666666667 , 1.5 
31-Jan-2006 10:28,200511,STANSTED,AUSTRIA,LINZ,RYANAIR,D,S, 30 , 0 , 73.3333333333333 , 20 , 6.66666666666667 , 0 , 0 , 0 , 8.93333333333333 , 0 , 30 , 90 , 6.66666666666667 
31-Jan-2006 10:28,200511,STANSTED,AUSTRIA,SALZBURG,RYANAIR,A,S, 49 , 0 , 83.6734693877551 , 12.2448979591837 , 2.04081632653061 , 2.04081632653061 , 0 , 0 , 7.6530612244898 , 1 , 59 , 89.8305084745763 , 5.27118644067797 
31-Jan-2006 10:28,200511,STANSTED,AUSTRIA,SALZBURG,RYANAIR,D,S, 50 , 0 , 78 , 18 , 0 , 4 , 0 , 0 , 9.12 , 0 , 59 , 88.135593220339 , 8.16949152542373 
31-Jan-2006 10:28,200511,STANSTED,AUSTRIA,VIENNA,NIKI,A,S, 12 , 0 , 83.3333333333333 , 8.33333333333333 , 8.33333333333333 , 0 , 0 , 0 , 6.83333333333333 , 0 , 50 , 64 , 16.12 
31-Jan-2006 10:28,200511,STANSTED,AUSTRIA,VIENNA,NIKI,D,S, 12 , 0 , 75 , 16.6666666666667 , 0 , 8.33333333333333 , 0 , 0 , 14.3333333333333 , 0 , 50 , 68 , 13.88 
31-Jan-2006 10:28,200511,STANSTED,AZERBAIJAN,BAKU ( HEYDER ALIYEV INT'L ),EXCEL AIRWAYS LTD,D,C, 0 , 1 , 0 , 0 , 0 , 0 , 0 , 0 , 0 , 0 , 0 , 0 , 0 
31-Jan-2006 10:28,200511,STANSTED,BELGIUM,BRUSSELS,CIRRUS LUFTFAHRT,A,C, 0 , 0 , 0 , 0 , 0 , 0 , 0 , 0 , 0 , 0 , 1 , 100 , 0 
31-Jan-2006 10:28,200511,STANSTED,BELGIUM,OSTEND,CHANNEL EXPRESS LTD ALSO T/A JET2.COM,A,C, 0 , 0 , 0 , 0 , 0 , 0 , 0 , 0 , 0 , 0 , 1 , 100 , 0 
31-Jan-2006 10:28,200511,STANSTED,CYPRUS,AKROTIRI,CHANNEL EXPRESS LTD ALSO T/A JET2.COM,A,C, 1 , 0 , 0 , 0 , 0 , 100 , 0 , 0 , 95 , 0 , 0 , 0 , 0 
31-Jan-2006 10:28,200511,STANSTED,CYPRUS,AKROTIRI,CHANNEL EXPRESS LTD ALSO T/A JET2.COM,D,C, 0 , 1 , 0 , 0 , 0 , 0 , 0 , 0 , 0 , 0 , 0 , 0 , 0 
31-Jan-2006 10:28,200511,STANSTED,CYPRUS,LARNACA,CYPRUS AIRWAYS,A,S, 9 , 0 , 77.7777777777778 , 0 , 11.1111111111111 , 11.1111111111111 , 0 , 0 , 16.3333333333333 , 0 , 9 , 88.8888888888889 , 8.44444444444444 
31-Jan-2006 10:28,200511,STANSTED,CYPRUS,LARNACA,CYPRUS AIRWAYS,D,S, 9 , 0 , 55.5555555555556 , 22.2222222222222 , 11.1111111111111 , 11.1111111111111 , 0 , 0 , 19.6666666666667 , 0 , 9 , 33.3333333333333 , 36 
31-Jan-2006 10:28,200511,STANSTED,CYPRUS,PAPHOS,FIRST CHOICE AIRWAYS LTD,A,C, 1 , 0 , 100 , 0 , 0 , 0 , 0 , 0 , 0 , 0 , 0 , 0 , 0 
31-Jan-2006 10:28,200511,STANSTED,CYPRUS,PAPHOS,FIRST CHOICE AIRWAYS LTD,A,S, 0 , 0 , 0 , 0 , 0 , 0 , 0 , 0 , 0 , 0 , 3 , 100 , 0 
31-Jan-2006 10:28,200511,STANSTED,CYPRUS,PAPHOS,FIRST CHOICE AIRWAYS LTD,D,C, 1 , 0 , 100 , 0 , 0 , 0 , 0 , 0 , 0 , 0 , 0 , 0 , 0 
31-Jan-2006 10:28,200511,STANSTED,CYPRUS,PAPHOS,FIRST CHOICE AIRWAYS LTD,D,S, 0 , 0 , 0 , 0 , 0 , 0 , 0 , 0 , 0 , 0 , 3 , 100 , 4.33333333333333 
31-Jan-2006 10:28,200511,STANSTED,CYPRUS,PAPHOS,THOMAS COOK AIRLINES LTD,A,C, 3 , 0 , 66.6666666666667 , 33.3333333333333 , 0 , 0 , 0 , 0 , 6.66666666666667 , 0 , 4 , 100 , 2 
31-Jan-2006 10:28,200511,STANSTED,CYPRUS,PAPHOS,THOMAS COOK AIRLINES LTD,D,C, 3 , 0 , 100 , 0 , 0 , 0 , 0 , 0 , 1 , 0 , 3 , 100 , 3.33333333333333 
31-Jan-2006 10:28,200511,STANSTED,CYPRUS,PAPHOS,THOMSONFLY LTD,A,C, 4 , 0 , 75 , 0 , 25 , 0 , 0 , 0 , 12.75 , 0 , 0 , 0 , 0 
31-Jan-2006 10:28,200511,STANSTED,CYPRUS,PAPHOS,THOMSONFLY LTD,D,C, 4 , 0 , 100 , 0 , 0 , 0 , 0 , 0 , 2.25 , 0 , 0 , 0 , 0 
31-Jan-2006 10:28,200511,STANSTED,CZECH REPUBLIC,BRNO (TURANY),RYANAIR,A,S, 30 , 0 , 93.3333333333333 , 0 , 6.66666666666667 , 0 , 0 , 0 , 2.86666666666667 , 0 , 0 , 0 , 0 
31-Jan-2006 10:28,200511,STANSTED,CZECH REPUBLIC,BRNO (TURANY),RYANAIR,D,S, 30 , 0 , 83.3333333333333 , 16.6666666666667 , 0 , 0 , 0 , 0 , 7.1 , 0 , 0 , 0 , 0 
31-Jan-2006 10:28,200511,STANSTED,CZECH REPUBLIC,PRAGUE,CSA,A,S, 56 , 0 , 76.7857142857143 , 12.5 , 7.14285714285714 , 3.57142857142857 , 0 , 0 , 11.5535714285714 , 0 , 52 , 76.9230769230769 , 12.5 
31-Jan-2006 10:28,200511,STANSTED,CZECH REPUBLIC,PRAGUE,CSA,D,S, 56 , 0 , 67.8571428571429 , 10.7142857142857 , 14.2857142857143 , 7.14285714285714 , 0 , 0 , 17.2321428571429 , 0 , 52 , 55.7692307692308 , 21.2307692307692 
31-Jan-2006 10:28,200511,STANSTED,CZECH REPUBLIC,PRAGUE,EASYJET AIRLINE COMPANY LTD,A,S, 85 , 0 , 81.1764705882353 , 8.23529411764706 , 8.23529411764706 , 2.35294117647059 , 0 , 0 , 7.30588235294118 , 1 , 90 , 77.7777777777778 , 11.3888888888889 
31-Jan-2006 10:28,200511,STANSTED,CZECH REPUBLIC,PRAGUE,EASYJET AIRLINE COMPANY LTD,D,S, 86 , 0 , 68.6046511627907 , 23.2558139534884 , 5.81395348837209 , 2.32558139534884 , 0 , 0 , 13.7093023255814 , 0 , 90 , 68.8888888888889 , 15.1888888888889 
31-Jan-2006 10:28,200511,STANSTED,DENMARK,AARHUS (TIRSTRUP),RYANAIR,A,S, 51 , 0 , 86.2745098039216 , 7.84313725490196 , 3.92156862745098 , 1.96078431372549 , 0 , 0 , 6.33333333333333 , 0 , 52 , 94.2307692307692 , 2.5 
31-Jan-2006 10:28,200511,STANSTED,DENMARK,AARHUS (TIRSTRUP),RYANAIR,D,S, 51 , 0 , 72.5490196078431 , 9.80392156862745 , 13.7254901960784 , 3.92156862745098 , 0 , 0 , 14.2352941176471 , 4 , 52 , 67.3076923076923 , 13.1923076923077 
31-Jan-2006 10:28,200511,STANSTED,DENMARK,COPENHAGEN,EASYJET AIRLINE COMPANY LTD,A,S, 86 , 0 , 93.0232558139535 , 3.48837209302326 , 3.48837209302326 , 0 , 0 , 0 , 2.91860465116279 , 0 , 90 , 86.6666666666667 , 9.6 
31-Jan-2006 10:28,200511,STANSTED,DENMARK,COPENHAGEN,EASYJET AIRLINE COMPANY LTD,D,S, 86 , 0 , 76.7441860465116 , 13.953488372093 , 8.13953488372093 , 1.16279069767442 , 0 , 0 , 10.5348837209302 , 0 , 90 , 66.6666666666667 , 16.6333333333333 
31-Jan-2006 10:28,200511,STANSTED,DENMARK,COPENHAGEN,SAS,A,S, 0 , 1 , 0 , 0 , 0 , 0 , 0 , 0 , 0 , 0 , 0 , 0 , 0 
31-Jan-2006 10:28,200511,STANSTED,DENMARK,COPENHAGEN,STAR AIR,A,C, 0 , 2 , 0 , 0 , 0 , 0 , 0 , 0 , 0 , 0 , 0 , 0 , 0 
31-Jan-2006 10:28,200511,STANSTED,DENMARK,COPENHAGEN,STAR AIR,D,C, 0 , 2 , 0 , 0 , 0 , 0 , 0 , 0 , 0 , 0 , 0 , 0 , 0 
31-Jan-2006 10:28,200511,STANSTED,DENMARK,ESBJERG,RYANAIR,A,S, 30 , 0 , 66.6666666666667 , 16.6666666666667 , 16.6666666666667 , 0 , 0 , 0 , 10.7333333333333 , 0 , 30 , 100 , 0.9 
31-Jan-2006 10:28,200511,STANSTED,DENMARK,ESBJERG,RYANAIR,D,S, 30 , 0 , 60 , 6.66666666666667 , 33.3333333333333 , 0 , 0 , 0 , 19.4333333333333 , 0 , 30 , 90 , 4.9 
31-Jan-2006 10:28,200511,STANSTED,EGYPT,SHARM EL SHEIKH (OPHIRA),THOMSONFLY LTD,A,C, 4 , 0 , 0 , 50 , 25 , 25 , 0 , 0 , 45.25 , 0 , 0 , 0 , 0 
31-Jan-2006 10:28,200511,STANSTED,EGYPT,SHARM EL SHEIKH (OPHIRA),THOMSONFLY LTD,D,C, 4 , 0 , 75 , 0 , 25 , 0 , 0 , 0 , 18.25 , 0 , 0 , 0 , 0 
31-Jan-2006 10:28,200511,STANSTED,ESTONIA,TALLIN,EASYJET AIRLINE COMPANY LTD,A,S, 30 , 0 , 96.6666666666667 , 3.33333333333333 , 0 , 0 , 0 , 0 , 1.63333333333333 , 0 , 30 , 90 , 11.0666666666667 
31-Jan-2006 10:28,200511,STANSTED,ESTONIA,TALLIN,EASYJET AIRLINE COMPANY LTD,D,S, 30 , 0 , 80 , 16.6666666666667 , 3.33333333333333 , 0 , 0 , 0 , 8.76666666666667 , 0 , 30 , 70 , 13.2 
31-Jan-2006 10:28,200511,STANSTED,FED REP YUGO SERBIA M'ENEGRO,PRISTINA,CHANNEL EXPRESS LTD ALSO T/A JET2.COM,A,C, 3 , 0 , 100 , 0 , 0 , 0 , 0 , 0 , 4.33333333333333 , 0 , 2 , 100 , 0 
31-Jan-2006 10:28,200511,STANSTED,FED REP YUGO SERBIA M'ENEGRO,PRISTINA,CHANNEL EXPRESS LTD ALSO T/A JET2.COM,D,C, 0 , 3 , 0 , 0 , 0 , 0 , 0 , 0 , 0 , 0 , 0 , 0 , 0 
31-Jan-2006 10:28,200511,STANSTED,FINLAND,TAMPERE,RYANAIR,A,S, 42 , 0 , 83.3333333333333 , 4.76190476190476 , 7.14285714285714 , 4.76190476190476 , 0 , 0 , 9 , 1 , 30 , 93.3333333333333 , 3.43333333333333 
31-Jan-2006 10:28,200511,STANSTED,FINLAND,TAMPERE,RYANAIR,D,S, 43 , 0 , 86.046511627907 , 6.97674418604651 , 4.65116279069767 , 2.32558139534884 , 0 , 0 , 8.67441860465116 , 0 , 30 , 100 , 3.2 
31-Jan-2006 10:28,200511,STANSTED,FRANCE,BERGERAC,RYANAIR,A,S, 30 , 0 , 80 , 13.3333333333333 , 0 , 3.33333333333333 , 3.33333333333333 , 0 , 16.8666666666667 , 0 , 30 , 93.3333333333333 , 5.1 
31-Jan-2006 10:28,200511,STANSTED,FRANCE,BERGERAC,RYANAIR,D,S, 31 , 0 , 87.0967741935484 , 0 , 9.67741935483871 , 3.2258064516129 , 0 , 0 , 9.90322580645161 , 0 , 30 , 96.6666666666667 , 5.16666666666667 
31-Jan-2006 10:28,200511,STANSTED,FRANCE,BIARRITZ,RYANAIR,A,S, 30 , 0 , 90 , 10 , 0 , 0 , 0 , 0 , 3.33333333333333 , 0 , 30 , 93.3333333333333 , 2.93333333333333 
31-Jan-2006 10:28,200511,STANSTED,FRANCE,BIARRITZ,RYANAIR,D,S, 30 , 0 , 100 , 0 , 0 , 0 , 0 , 0 , 2.33333333333333 , 0 , 30 , 83.3333333333333 , 8.83333333333333 
31-Jan-2006 10:28,200511,STANSTED,FRANCE,CARCASSONNE,RYANAIR,A,S, 29 , 0 , 75.8620689655172 , 10.3448275862069 , 6.89655172413793 , 6.89655172413793 , 0 , 0 , 10.6206896551724 , 1 , 30 , 96.6666666666667 , 0.833333333333333 
31-Jan-2006 10:28,200511,STANSTED,FRANCE,CARCASSONNE,RYANAIR,D,S, 29 , 0 , 55.1724137931034 , 24.1379310344828 , 13.7931034482759 , 6.89655172413793 , 0 , 0 , 19.8620689655172 , 1 , 30 , 96.6666666666667 , 4.36666666666667 
31-Jan-2006 10:28,200511,STANSTED,FRANCE,DINARD,RYANAIR,A,S, 29 , 0 , 93.1034482758621 , 0 , 6.89655172413793 , 0 , 0 , 0 , 3.37931034482759 , 1 , 0 , 0 , 0 
31-Jan-2006 10:28,200511,STANSTED,FRANCE,DINARD,RYANAIR,D,S, 30 , 0 , 90 , 6.66666666666667 , 3.33333333333333 , 0 , 0 , 0 , 5.33333333333333 , 0 , 0 , 0 , 0 
31-Jan-2006 10:28,200511,STANSTED,FRANCE,GRENOBLE,RYANAIR,A,S, 15 , 1 , 93.3333333333333 , 6.66666666666667 , 0 , 0 , 0 , 0 , 3.66666666666667 , 2 , 0 , 0 , 0 
31-Jan-2006 10:28,200511,STANSTED,FRANCE,GRENOBLE,RYANAIR,D,S, 17 , 0 , 76.4705882352941 , 17.6470588235294 , 5.88235294117647 , 0 , 0 , 0 , 10.2941176470588 , 0 , 0 , 0 , 0 
31-Jan-2006 10:28,200511,STANSTED,FRANCE,LA ROCHELLE,RYANAIR,A,S, 26 , 0 , 80.7692307692308 , 0 , 15.3846153846154 , 3.84615384615385 , 0 , 0 , 11.5769230769231 , 0 , 0 , 0 , 0 
31-Jan-2006 10:28,200511,STANSTED,FRANCE,LA ROCHELLE,RYANAIR,D,S, 26 , 0 , 76.9230769230769 , 3.84615384615385 , 11.5384615384615 , 7.69230769230769 , 0 , 0 , 17.6153846153846 , 0 , 0 , 0 , 0 
31-Jan-2006 10:28,200511,STANSTED,FRANCE,LIMOGES,RYANAIR,A,S, 30 , 0 , 93.3333333333333 , 0 , 0 , 6.66666666666667 , 0 , 0 , 6.7 , 0 , 22 , 95.4545454545455 , 2 
31-Jan-2006 10:28,200511,STANSTED,FRANCE,LIMOGES,RYANAIR,D,S, 30 , 0 , 90 , 6.66666666666667 , 0 , 3.33333333333333 , 0 , 0 , 9.4 , 0 , 22 , 100 , 2.59090909090909 
31-Jan-2006 10:28,200511,STANSTED,FRANCE,LYON,EASYJET AIRLINE COMPANY LTD,A,S, 30 , 0 , 93.3333333333333 , 3.33333333333333 , 0 , 3.33333333333333 , 0 , 0 , 3.9 , 0 , 34 , 85.2941176470588 , 3.55882352941176 
31-Jan-2006 10:28,200511,STANSTED,FRANCE,LYON,EASYJET AIRLINE COMPANY LTD,D,S, 30 , 0 , 83.3333333333333 , 10 , 3.33333333333333 , 3.33333333333333 , 0 , 0 , 9.26666666666667 , 0 , 34 , 73.5294117647059 , 10.2058823529412 
31-Jan-2006 10:28,200511,STANSTED,FRANCE,MONTPELLIER,RYANAIR,A,S, 30 , 0 , 86.6666666666667 , 3.33333333333333 , 6.66666666666667 , 3.33333333333333 , 0 , 0 , 8.63333333333333 , 0 , 30 , 96.6666666666667 , 0.933333333333333 
31-Jan-2006 10:28,200511,STANSTED,FRANCE,MONTPELLIER,RYANAIR,D,S, 30 , 0 , 73.3333333333333 , 10 , 10 , 6.66666666666667 , 0 , 0 , 13.9333333333333 , 0 , 30 , 100 , 2.8 
31-Jan-2006 10:28,200511,STANSTED,FRANCE,NICE,EASYJET AIRLINE COMPANY LTD,A,S, 22 , 0 , 86.3636363636364 , 0 , 9.09090909090909 , 4.54545454545455 , 0 , 0 , 9.68181818181818 , 0 , 32 , 78.125 , 9 
31-Jan-2006 10:28,200511,STANSTED,FRANCE,NICE,EASYJET AIRLINE COMPANY LTD,D,S, 22 , 0 , 72.7272727272727 , 9.09090909090909 , 9.09090909090909 , 9.09090909090909 , 0 , 0 , 18.6818181818182 , 0 , 32 , 84.375 , 10.40625 
31-Jan-2006 10:28,200511,STANSTED,FRANCE,NIMES,RYANAIR,A,S, 0 , 0 , 0 , 0 , 0 , 0 , 0 , 0 , 0 , 0 , 30 , 96.6666666666667 , 2 
31-Jan-2006 10:28,200511,STANSTED,FRANCE,NIMES,RYANAIR,D,S, 0 , 0 , 0 , 0 , 0 , 0 , 0 , 0 , 0 , 0 , 30 , 90 , 5.53333333333333 
31-Jan-2006 10:28,200511,STANSTED,FRANCE,PAU,RYANAIR,A,S, 29 , 0 , 96.551724137931 , 3.44827586206897 , 0 , 0 , 0 , 0 , 2.58620689655172 , 0 , 30 , 96.6666666666667 , 0.966666666666667 
31-Jan-2006 10:28,200511,STANSTED,FRANCE,PAU,RYANAIR,D,S, 29 , 0 , 93.1034482758621 , 6.89655172413793 , 0 , 0 , 0 , 0 , 3.89655172413793 , 0 , 30 , 100 , 1.76666666666667 
31-Jan-2006 10:28,200511,STANSTED,FRANCE,PERPIGNAN,RYANAIR,A,S, 29 , 0 , 86.2068965517241 , 0 , 6.89655172413793 , 3.44827586206897 , 3.44827586206897 , 0 , 18.1724137931034 , 1 , 30 , 83.3333333333333 , 10.2666666666667 
31-Jan-2006 10:28,200511,STANSTED,FRANCE,PERPIGNAN,RYANAIR,D,S, 30 , 0 , 86.6666666666667 , 3.33333333333333 , 3.33333333333333 , 6.66666666666667 , 0 , 0 , 8.1 , 0 , 30 , 96.6666666666667 , 2.16666666666667 
31-Jan-2006 10:28,200511,STANSTED,FRANCE,POITIERS,RYANAIR,A,S, 29 , 0 , 89.6551724137931 , 3.44827586206897 , 3.44827586206897 , 0 , 3.44827586206897 , 0 , 12.8965517241379 , 1 , 21 , 52.3809523809524 , 14.0952380952381 
31-Jan-2006 10:28,200511,STANSTED,FRANCE,POITIERS,RYANAIR,D,S, 30 , 0 , 93.3333333333333 , 3.33333333333333 , 0 , 0 , 3.33333333333333 , 0 , 13.4 , 0 , 21 , 61.9047619047619 , 11.7619047619048 
31-Jan-2006 10:28,200511,STANSTED,FRANCE,ROCHEFORT/SAINT-AGNANT,RYANAIR,A,S, 0 , 0 , 0 , 0 , 0 , 0 , 0 , 0 , 0 , 0 , 17 , 88.2352941176471 , 4.35294117647059 
31-Jan-2006 10:28,200511,STANSTED,FRANCE,ROCHEFORT/SAINT-AGNANT,RYANAIR,D,S, 0 , 0 , 0 , 0 , 0 , 0 , 0 , 0 , 0 , 0 , 17 , 82.3529411764706 , 8.23529411764706 
31-Jan-2006 10:28,200511,STANSTED,FRANCE,RODEZ,RYANAIR,A,S, 13 , 0 , 84.6153846153846 , 7.69230769230769 , 0 , 7.69230769230769 , 0 , 0 , 7.69230769230769 , 0 , 17 , 88.2352941176471 , 3.64705882352941 
31-Jan-2006 10:28,200511,STANSTED,FRANCE,RODEZ,RYANAIR,D,S, 13 , 0 , 84.6153846153846 , 7.69230769230769 , 0 , 7.69230769230769 , 0 , 0 , 10.8461538461538 , 0 , 17 , 94.1176470588235 , 4.11764705882353 
31-Jan-2006 10:28,200511,STANSTED,FRANCE,ST ETIENNE,RYANAIR,A,S, 23 , 0 , 95.6521739130435 , 4.34782608695652 , 0 , 0 , 0 , 0 , 3.26086956521739 , 0 , 31 , 83.8709677419355 , 12.9354838709677 
31-Jan-2006 10:28,200511,STANSTED,FRANCE,ST ETIENNE,RYANAIR,D,S, 23 , 0 , 78.2608695652174 , 17.3913043478261 , 4.34782608695652 , 0 , 0 , 0 , 10.9565217391304 , 0 , 30 , 96.6666666666667 , 3.36666666666667 
31-Jan-2006 10:28,200511,STANSTED,FRANCE,TOULON / HYERES,RYANAIR,A,S, 30 , 0 , 83.3333333333333 , 3.33333333333333 , 10 , 3.33333333333333 , 0 , 0 , 10.1666666666667 , 0 , 0 , 0 , 0 
31-Jan-2006 10:28,200511,STANSTED,FRANCE,TOULON / HYERES,RYANAIR,D,S, 30 , 0 , 73.3333333333333 , 10 , 13.3333333333333 , 3.33333333333333 , 0 , 0 , 15.8333333333333 , 0 , 0 , 0 , 0 
31-Jan-2006 10:28,200511,STANSTED,FRANCE,TOURS,RYANAIR,A,S, 20 , 0 , 85 , 0 , 10 , 5 , 0 , 0 , 8.85 , 1 , 12 , 91.6666666666667 , 3.25 
31-Jan-2006 10:28,200511,STANSTED,FRANCE,TOURS,RYANAIR,D,S, 21 , 0 , 66.6666666666667 , 14.2857142857143 , 9.52380952380952 , 9.52380952380952 , 0 , 0 , 19.047619047619 , 0 , 12 , 50 , 15 
31-Jan-2006 10:28,200511,STANSTED,GERMANY,ALTENBURG - WALLBURG,RYANAIR,A,S, 30 , 0 , 86.6666666666667 , 0 , 6.66666666666667 , 3.33333333333333 , 3.33333333333333 , 0 , 12.3666666666667 , 0 , 30 , 96.6666666666667 , 1.3 
31-Jan-2006 10:28,200511,STANSTED,GERMANY,ALTENBURG - WALLBURG,RYANAIR,D,S, 29 , 0 , 82.7586206896552 , 6.89655172413793 , 3.44827586206897 , 6.89655172413793 , 0 , 0 , 11.0344827586207 , 1 , 30 , 96.6666666666667 , 3.83333333333333 
31-Jan-2006 10:28,200511,STANSTED,GERMANY,BERLIN (SCHONEFELD),RYANAIR,A,S, 58 , 0 , 89.6551724137931 , 6.89655172413793 , 0 , 3.44827586206897 , 0 , 0 , 4.60344827586207 , 0 , 60 , 81.6666666666667 , 6.81666666666667 
31-Jan-2006 10:28,200511,STANSTED,GERMANY,BERLIN (SCHONEFELD),RYANAIR,D,S, 58 , 0 , 89.6551724137931 , 5.17241379310345 , 1.72413793103448 , 3.44827586206897 , 0 , 0 , 6.37931034482759 , 0 , 60 , 76.6666666666667 , 11.45 
31-Jan-2006 10:28,200511,STANSTED,GERMANY,BERLIN (TEGEL),AIR BERLIN,A,S, 96 , 0 , 88.5416666666667 , 7.29166666666667 , 4.16666666666667 , 0 , 0 , 0 , 5.16666666666667 , 0 , 60 , 83.3333333333333 , 8.11666666666667 
31-Jan-2006 10:28,200511,STANSTED,GERMANY,BERLIN (TEGEL),AIR BERLIN,D,S, 96 , 0 , 82.2916666666667 , 9.375 , 6.25 , 2.08333333333333 , 0 , 0 , 9.16666666666667 , 0 , 60 , 66.6666666666667 , 16.6 
31-Jan-2006 10:28,200511,STANSTED,GERMANY,BERLIN (TEGEL),EUROPEAN AIR CHARTER,A,C, 1 , 0 , 100 , 0 , 0 , 0 , 0 , 0 , 0 , 0 , 0 , 0 , 0 
31-Jan-2006 10:28,200511,STANSTED,GERMANY,BERLIN (TEGEL),EUROPEAN AIR CHARTER,D,C, 1 , 0 , 100 , 0 , 0 , 0 , 0 , 0 , 0 , 0 , 0 , 0 , 0 
31-Jan-2006 10:28,200511,STANSTED,GERMANY,COLOGNE (BONN),EUROWINGS LUFTVERKEHRS,A,S, 60 , 0 , 78.3333333333333 , 6.66666666666667 , 11.6666666666667 , 3.33333333333333 , 0 , 0 , 11.9166666666667 , 0 , 59 , 77.9661016949153 , 9.89830508474576 
31-Jan-2006 10:28,200511,STANSTED,GERMANY,COLOGNE (BONN),EUROWINGS LUFTVERKEHRS,D,S, 60 , 0 , 60 , 16.6666666666667 , 20 , 3.33333333333333 , 0 , 0 , 19.45 , 0 , 59 , 72.8813559322034 , 14.2033898305085 
31-Jan-2006 10:28,200511,STANSTED,GERMANY,COLOGNE (BONN),THOMAS COOK AIRLINES LTD,A,C, 0 , 0 , 0 , 0 , 0 , 0 , 0 , 0 , 0 , 0 , 1 , 100 , 0 
31-Jan-2006 10:28,200511,STANSTED,GERMANY,COLOGNE (BONN),THOMAS COOK AIRLINES LTD,D,C, 0 , 0 , 0 , 0 , 0 , 0 , 0 , 0 , 0 , 0 , 1 , 100 , 3 
31-Jan-2006 10:28,200511,STANSTED,GERMANY,DUSSELDORF,AIR BERLIN,A,S, 92 , 0 , 81.5217391304348 , 10.8695652173913 , 5.43478260869565 , 2.17391304347826 , 0 , 0 , 7.94565217391304 , 0 , 74 , 85.1351351351351 , 8.25675675675676 
31-Jan-2006 10:28,200511,STANSTED,GERMANY,DUSSELDORF,AIR BERLIN,D,S, 92 , 0 , 82.6086956521739 , 4.34782608695652 , 9.78260869565217 , 3.26086956521739 , 0 , 0 , 9.31521739130435 , 0 , 74 , 72.972972972973 , 13.1216216216216 
31-Jan-2006 10:28,200511,STANSTED,GERMANY,ERFURT,RYANAIR,A,S, 0 , 0 , 0 , 0 , 0 , 0 , 0 , 0 , 0 , 0 , 30 , 96.6666666666667 , 2.13333333333333 
31-Jan-2006 10:28,200511,STANSTED,GERMANY,ERFURT,RYANAIR,D,S, 0 , 0 , 0 , 0 , 0 , 0 , 0 , 0 , 0 , 0 , 30 , 93.3333333333333 , 2.83333333333333 
31-Jan-2006 10:28,200511,STANSTED,GERMANY,FRIEDRICHSHAFEN,RYANAIR,A,S, 30 , 0 , 80 , 6.66666666666667 , 10 , 0 , 3.33333333333333 , 0 , 13.3666666666667 , 0 , 30 , 96.6666666666667 , 2.4 
31-Jan-2006 10:28,200511,STANSTED,GERMANY,FRIEDRICHSHAFEN,RYANAIR,D,S, 29 , 0 , 82.7586206896552 , 3.44827586206897 , 10.3448275862069 , 3.44827586206897 , 0 , 0 , 11 , 1 , 30 , 86.6666666666667 , 6.63333333333333 
31-Jan-2006 10:28,200511,STANSTED,GERMANY,HAHN,RYANAIR,A,S, 93 , 0 , 80.6451612903226 , 5.37634408602151 , 6.45161290322581 , 3.2258064516129 , 3.2258064516129 , 1.0752688172043 , 21.9677419354839 , 7 , 115 , 81.7391304347826 , 26.6695652173913 
31-Jan-2006 10:28,200511,STANSTED,GERMANY,HAHN,RYANAIR,D,S, 97 , 0 , 75.2577319587629 , 11.340206185567 , 10.3092783505155 , 2.06185567010309 , 1.03092783505155 , 0 , 13.2989690721649 , 1 , 117 , 77.7777777777778 , 13.5042735042735 
31-Jan-2006 10:28,200511,STANSTED,GERMANY,HANOVER,AIR BERLIN,A,S, 30 , 0 , 86.6666666666667 , 3.33333333333333 , 10 , 0 , 0 , 0 , 5.53333333333333 , 0 , 30 , 83.3333333333333 , 9 
31-Jan-2006 10:28,200511,STANSTED,GERMANY,HANOVER,AIR BERLIN,D,S, 29 , 0 , 89.6551724137931 , 3.44827586206897 , 3.44827586206897 , 3.44827586206897 , 0 , 0 , 5.55172413793103 , 0 , 30 , 80 , 12.1666666666667 
31-Jan-2006 10:28,200511,STANSTED,GERMANY,KARLSRUHE/BADEN BADEN,RYANAIR,A,S, 42 , 0 , 85.7142857142857 , 7.14285714285714 , 7.14285714285714 , 0 , 0 , 0 , 5.14285714285714 , 1 , 51 , 92.156862745098 , 2.98039215686275 
31-Jan-2006 10:28,200511,STANSTED,GERMANY,KARLSRUHE/BADEN BADEN,RYANAIR,D,S, 43 , 0 , 81.3953488372093 , 11.6279069767442 , 6.97674418604651 , 0 , 0 , 0 , 9.62790697674419 , 0 , 51 , 78.4313725490196 , 10.0980392156863 
31-Jan-2006 10:28,200511,STANSTED,GERMANY,LEIPZIG,AIR BERLIN,A,S, 13 , 0 , 100 , 0 , 0 , 0 , 0 , 0 , 2.30769230769231 , 0 , 0 , 0 , 0 
31-Jan-2006 10:28,200511,STANSTED,GERMANY,LEIPZIG,AIR BERLIN,D,S, 13 , 0 , 69.2307692307692 , 30.7692307692308 , 0 , 0 , 0 , 0 , 9.46153846153846 , 0 , 0 , 0 , 0 
31-Jan-2006 10:28,200511,STANSTED,GERMANY,LUBECK,RYANAIR,A,S, 67 , 0 , 85.0746268656716 , 2.98507462686567 , 5.97014925373134 , 4.47761194029851 , 1.49253731343284 , 0 , 13.5074626865672 , 0 , 86 , 96.5116279069768 , 3.04651162790698 
31-Jan-2006 10:28,200511,STANSTED,GERMANY,LUBECK,RYANAIR,D,S, 67 , 0 , 86.5671641791045 , 2.98507462686567 , 7.46268656716418 , 2.98507462686567 , 0 , 0 , 10.1194029850746 , 0 , 86 , 94.1860465116279 , 4.98837209302326 
31-Jan-2006 10:28,200511,STANSTED,GERMANY,MUNICH,EASYJET AIRLINE COMPANY LTD,A,S, 60 , 0 , 81.6666666666667 , 5 , 8.33333333333333 , 5 , 0 , 0 , 9.36666666666667 , 0 , 60 , 86.6666666666667 , 8.38333333333333 
31-Jan-2006 10:28,200511,STANSTED,GERMANY,MUNICH,EASYJET AIRLINE COMPANY LTD,D,S, 60 , 0 , 61.6666666666667 , 21.6666666666667 , 13.3333333333333 , 3.33333333333333 , 0 , 0 , 16.0166666666667 , 0 , 60 , 53.3333333333333 , 20.05 
31-Jan-2006 10:28,200511,STANSTED,GERMANY,MUNICH,EUROPEAN AIR CHARTER,A,C, 1 , 0 , 100 , 0 , 0 , 0 , 0 , 0 , 12 , 0 , 0 , 0 , 0 
31-Jan-2006 10:28,200511,STANSTED,GERMANY,MUNICH,EUROPEAN AIR CHARTER,D,C, 1 , 0 , 100 , 0 , 0 , 0 , 0 , 0 , 7 , 0 , 0 , 0 , 0 
31-Jan-2006 10:28,200511,STANSTED,GERMANY,MUNSTER-OSNABRUCK,AIR BERLIN,A,S, 31 , 0 , 87.0967741935484 , 0 , 6.45161290322581 , 0 , 6.45161290322581 , 0 , 19.8387096774194 , 0 , 27 , 92.5925925925926 , 1.59259259259259 
31-Jan-2006 10:28,200511,STANSTED,GERMANY,MUNSTER-OSNABRUCK,AIR BERLIN,D,S, 29 , 0 , 100 , 0 , 0 , 0 , 0 , 0 , 1.48275862068966 , 1 , 27 , 88.8888888888889 , 10.6296296296296 
31-Jan-2006 10:28,200511,STANSTED,GERMANY,NIEDERRHEIN,RYANAIR,A,S, 43 , 0 , 90.6976744186047 , 2.32558139534884 , 4.65116279069767 , 2.32558139534884 , 0 , 0 , 5.58139534883721 , 4 , 78 , 92.3076923076923 , 4.6025641025641 
31-Jan-2006 10:28,200511,STANSTED,GERMANY,NIEDERRHEIN,RYANAIR,D,S, 48 , 0 , 85.4166666666667 , 6.25 , 8.33333333333333 , 0 , 0 , 0 , 8.60416666666667 , 0 , 78 , 87.1794871794872 , 6.56410256410256 
31-Jan-2006 10:28,200511,STANSTED,GERMANY,NUREMBERG,AIR BERLIN,A,S, 37 , 0 , 83.7837837837838 , 2.7027027027027 , 10.8108108108108 , 2.7027027027027 , 0 , 0 , 8.83783783783784 , 1 , 39 , 64.1025641025641 , 16.3333333333333 
31-Jan-2006 10:28,200511,STANSTED,GERMANY,NUREMBERG,AIR BERLIN,D,S, 38 , 0 , 71.0526315789474 , 10.5263157894737 , 13.1578947368421 , 5.26315789473684 , 0 , 0 , 14.3947368421053 , 0 , 39 , 56.4102564102564 , 19.1794871794872 
31-Jan-2006 10:28,200511,STANSTED,GERMANY,PADERBORN,AIR BERLIN,A,S, 29 , 0 , 96.551724137931 , 3.44827586206897 , 0 , 0 , 0 , 0 , 2.24137931034483 , 0 , 30 , 90 , 2.33333333333333 
31-Jan-2006 10:28,200511,STANSTED,GERMANY,PADERBORN,AIR BERLIN,D,S, 30 , 0 , 83.3333333333333 , 10 , 6.66666666666667 , 0 , 0 , 0 , 6.93333333333333 , 0 , 30 , 83.3333333333333 , 7.7 
31-Jan-2006 10:28,200511,STANSTED,GERMANY,STUTTGART,EUROWINGS LUFTVERKEHRS,A,S, 60 , 0 , 86.6666666666667 , 8.33333333333333 , 5 , 0 , 0 , 0 , 4.95 , 0 , 56 , 51.7857142857143 , 20.0714285714286 
31-Jan-2006 10:28,200511,STANSTED,GERMANY,STUTTGART,EUROWINGS LUFTVERKEHRS,D,S, 60 , 0 , 73.3333333333333 , 16.6666666666667 , 8.33333333333333 , 1.66666666666667 , 0 , 0 , 10.6666666666667 , 0 , 56 , 46.4285714285714 , 24.1428571428571 
31-Jan-2006 10:28,200511,STANSTED,GREECE,RHODES,CHANNEL EXPRESS LTD ALSO T/A JET2.COM,A,C, 0 , 0 , 0 , 0 , 0 , 0 , 0 , 0 , 0 , 0 , 1 , 0 , 50 
31-Jan-2006 10:28,200511,STANSTED,GREECE,RHODES,CHANNEL EXPRESS LTD ALSO T/A JET2.COM,D,C, 0 , 0 , 0 , 0 , 0 , 0 , 0 , 0 , 0 , 0 , 1 , 0 , 69 
31-Jan-2006 10:28,200511,STANSTED,GREECE,RHODES,DANISH AIR TRANSPORT,D,C, 1 , 1 , 100 , 0 , 0 , 0 , 0 , 0 , 0 , 0 , 0 , 0 , 0 
31-Jan-2006 10:28,200511,STANSTED,HUNGARY,BUDAPEST,MALEV (HUNGARIAN AIRLINES),A,S, 0 , 0 , 0 , 0 , 0 , 0 , 0 , 0 , 0 , 0 , 44 , 86.3636363636364 , 6.52272727272727 
31-Jan-2006 10:28,200511,STANSTED,HUNGARY,BUDAPEST,MALEV (HUNGARIAN AIRLINES),D,C, 1 , 0 , 100 , 0 , 0 , 0 , 0 , 0 , 13 , 0 , 0 , 0 , 0 
31-Jan-2006 10:28,200511,STANSTED,HUNGARY,BUDAPEST,MALEV (HUNGARIAN AIRLINES),D,S, 0 , 0 , 0 , 0 , 0 , 0 , 0 , 0 , 0 , 0 , 44 , 61.3636363636364 , 15.3863636363636 
31-Jan-2006 10:28,200511,STANSTED,HUNGARY,BUDAPEST,SKYEUROPE AIRLINES HUNGARY,A,S, 29 , 0 , 93.1034482758621 , 3.44827586206897 , 3.44827586206897 , 0 , 0 , 0 , 4.82758620689655 , 0 , 42 , 47.6190476190476 , 39.0238095238095 
31-Jan-2006 10:28,200511,STANSTED,HUNGARY,BUDAPEST,SKYEUROPE AIRLINES HUNGARY,D,S, 29 , 0 , 37.9310344827586 , 48.2758620689655 , 13.7931034482759 , 0 , 0 , 0 , 19.8965517241379 , 0 , 42 , 21.4285714285714 , 43.8809523809524 
31-Jan-2006 10:28,200511,STANSTED,ICELAND,KEFLAVIK,ASTRAEUS LTD,A,S, 0 , 0 , 0 , 0 , 0 , 0 , 0 , 0 , 0 , 0 , 53 , 75.4716981132076 , 10.7358490566038 
31-Jan-2006 10:28,200511,STANSTED,ICELAND,KEFLAVIK,ASTRAEUS LTD,D,S, 0 , 0 , 0 , 0 , 0 , 0 , 0 , 0 , 0 , 0 , 53 , 86.7924528301887 , 10.4150943396226 
31-Jan-2006 10:28,200511,STANSTED,ICELAND,KEFLAVIK,JET X,A,S, 29 , 0 , 86.2068965517241 , 10.3448275862069 , 3.44827586206897 , 0 , 0 , 0 , 5.6551724137931 , 0 , 0 , 0 , 0 
31-Jan-2006 10:28,200511,STANSTED,ICELAND,KEFLAVIK,JET X,D,S, 29 , 0 , 86.2068965517241 , 6.89655172413793 , 3.44827586206897 , 3.44827586206897 , 0 , 0 , 7 , 0 , 0 , 0 , 0 
31-Jan-2006 10:28,200511,STANSTED,IRAQ,BAGHDAD (SADDAM INT),AIR ADRIATIC,D,C, 1 , 0 , 0 , 0 , 100 , 0 , 0 , 0 , 52 , 0 , 0 , 0 , 0 
31-Jan-2006 10:28,200511,STANSTED,IRISH REPUBLIC,CONNAUGHT,RYANAIR,A,S, 28 , 0 , 92.8571428571429 , 3.57142857142857 , 0 , 3.57142857142857 , 0 , 0 , 5.96428571428571 , 2 , 30 , 93.3333333333333 , 4.16666666666667 
31-Jan-2006 10:28,200511,STANSTED,IRISH REPUBLIC,CONNAUGHT,RYANAIR,D,S, 30 , 0 , 96.6666666666667 , 3.33333333333333 , 0 , 0 , 0 , 0 , 3.63333333333333 , 0 , 30 , 90 , 3.86666666666667 
31-Jan-2006 10:28,200511,STANSTED,IRISH REPUBLIC,CORK,RYANAIR,A,S, 114 , 0 , 89.4736842105263 , 4.3859649122807 , 1.75438596491228 , 4.3859649122807 , 0 , 0 , 7.02631578947368 , 1 , 90 , 81.1111111111111 , 12.5 
31-Jan-2006 10:28,200511,STANSTED,IRISH REPUBLIC,CORK,RYANAIR,D,S, 114 , 0 , 82.4561403508772 , 11.4035087719298 , 4.3859649122807 , 1.75438596491228 , 0 , 0 , 9.16666666666667 , 1 , 90 , 77.7777777777778 , 10.6222222222222 
31-Jan-2006 10:28,200511,STANSTED,IRISH REPUBLIC,CORK,TITAN AIRWAYS LTD,A,C, 0 , 1 , 0 , 0 , 0 , 0 , 0 , 0 , 0 , 0 , 0 , 0 , 0 
31-Jan-2006 10:28,200511,STANSTED,IRISH REPUBLIC,DUBLIN,RYANAIR,A,S, 266 , 0 , 73.3082706766917 , 12.0300751879699 , 7.89473684210526 , 6.01503759398496 , 0.75187969924812 , 0 , 16.3571428571429 , 4 , 393 , 87.0229007633588 , 6.9618320610687 
31-Jan-2006 10:28,200511,STANSTED,IRISH REPUBLIC,DUBLIN,RYANAIR,D,S, 265 , 1 , 74.7169811320755 , 13.9622641509434 , 7.16981132075472 , 3.77358490566038 , 0.377358490566038 , 0 , 13.7622641509434 , 3 , 391 , 90.0255754475703 , 6.15089514066496 
31-Jan-2006 10:28,200511,STANSTED,IRISH REPUBLIC,KERRY COUNTY,RYANAIR,A,S, 30 , 0 , 83.3333333333333 , 0 , 10 , 6.66666666666667 , 0 , 0 , 10.2666666666667 , 0 , 30 , 96.6666666666667 , 2.43333333333333 
31-Jan-2006 10:28,200511,STANSTED,IRISH REPUBLIC,KERRY COUNTY,RYANAIR,D,S, 30 , 0 , 73.3333333333333 , 16.6666666666667 , 3.33333333333333 , 6.66666666666667 , 0 , 0 , 10.7 , 0 , 30 , 90 , 4.9 
31-Jan-2006 10:28,200511,STANSTED,IRISH REPUBLIC,SHANNON,RYANAIR,A,S, 86 , 0 , 89.5348837209302 , 5.81395348837209 , 3.48837209302326 , 1.16279069767442 , 0 , 0 , 4.45348837209302 , 0 , 60 , 96.6666666666667 , 2.4 
31-Jan-2006 10:28,200511,STANSTED,IRISH REPUBLIC,SHANNON,RYANAIR,D,S, 86 , 0 , 84.8837209302326 , 8.13953488372093 , 4.65116279069767 , 2.32558139534884 , 0 , 0 , 7.3953488372093 , 0 , 60 , 86.6666666666667 , 8.61666666666667 
31-Jan-2006 10:28,200511,STANSTED,ISRAEL,OVDA,FLYJET LTD,A,C, 0 , 1 , 0 , 0 , 0 , 0 , 0 , 0 , 0 , 0 , 0 , 0 , 0 
31-Jan-2006 10:28,200511,STANSTED,ISRAEL,TEL AVIV,EL AL,A,S, 17 , 0 , 94.1176470588235 , 5.88235294117647 , 0 , 0 , 0 , 0 , 2.94117647058824 , 0 , 6 , 66.6666666666667 , 23 
31-Jan-2006 10:28,200511,STANSTED,ISRAEL,TEL AVIV,EL AL,D,S, 19 , 0 , 63.1578947368421 , 21.0526315789474 , 10.5263157894737 , 5.26315789473684 , 0 , 0 , 16.2105263157895 , 0 , 6 , 0 , 46.8333333333333 
31-Jan-2006 10:28,200511,STANSTED,ITALY,ALGHERO/SASSARI,RYANAIR,A,S, 30 , 0 , 80 , 10 , 6.66666666666667 , 3.33333333333333 , 0 , 0 , 9.83333333333333 , 0 , 30 , 86.6666666666667 , 5.23333333333333 
31-Jan-2006 10:28,200511,STANSTED,ITALY,ALGHERO/SASSARI,RYANAIR,D,S, 30 , 0 , 96.6666666666667 , 0 , 3.33333333333333 , 0 , 0 , 0 , 4.1 , 0 , 30 , 93.3333333333333 , 6.43333333333333 
31-Jan-2006 10:28,200511,STANSTED,ITALY,ANCONA,RYANAIR,A,S, 25 , 0 , 80 , 8 , 4 , 4 , 4 , 0 , 16.2 , 3 , 29 , 82.7586206896552 , 8.31034482758621 
31-Jan-2006 10:28,200511,STANSTED,ITALY,ANCONA,RYANAIR,D,S, 28 , 0 , 89.2857142857143 , 0 , 3.57142857142857 , 7.14285714285714 , 0 , 0 , 12.5714285714286 , 2 , 29 , 86.2068965517241 , 9.96551724137931 
31-Jan-2006 10:28,200511,STANSTED,ITALY,BARI (PALESE),RYANAIR,A,S, 17 , 0 , 70.5882352941177 , 17.6470588235294 , 5.88235294117647 , 5.88235294117647 , 0 , 0 , 13.0588235294118 , 0 , 30 , 90 , 6 
31-Jan-2006 10:28,200511,STANSTED,ITALY,BARI (PALESE),RYANAIR,D,S, 17 , 0 , 70.5882352941177 , 17.6470588235294 , 5.88235294117647 , 5.88235294117647 , 0 , 0 , 11.8235294117647 , 0 , 30 , 70 , 10.4666666666667 
31-Jan-2006 10:28,200511,STANSTED,ITALY,BERGAMO,RYANAIR,A,S, 77 , 0 , 63.6363636363636 , 19.4805194805195 , 10.3896103896104 , 5.19480519480519 , 1.2987012987013 , 0 , 18.4415584415584 , 0 , 116 , 84.4827586206897 , 6.63793103448276 
31-Jan-2006 10:28,200511,STANSTED,ITALY,BERGAMO,RYANAIR,D,S, 76 , 0 , 61.8421052631579 , 18.4210526315789 , 17.1052631578947 , 2.63157894736842 , 0 , 0 , 17 , 0 , 116 , 77.5862068965517 , 10.551724137931 
31-Jan-2006 10:28,200511,STANSTED,ITALY,BOLOGNA,EASYJET AIRLINE COMPANY LTD,A,S, 0 , 0 , 0 , 0 , 0 , 0 , 0 , 0 , 0 , 0 , 30 , 90 , 9.1 
31-Jan-2006 10:28,200511,STANSTED,ITALY,BOLOGNA,EASYJET AIRLINE COMPANY LTD,D,S, 0 , 0 , 0 , 0 , 0 , 0 , 0 , 0 , 0 , 0 , 30 , 73.3333333333333 , 13.0666666666667 
31-Jan-2006 10:28,200511,STANSTED,ITALY,BRESCIA/MONTICHIARI,RYANAIR,A,S, 20 , 0 , 40 , 25 , 20 , 10 , 5 , 0 , 40.85 , 1 , 58 , 84.4827586206897 , 9.48275862068965 
31-Jan-2006 10:28,200511,STANSTED,ITALY,BRESCIA/MONTICHIARI,RYANAIR,D,S, 21 , 0 , 52.3809523809524 , 28.5714285714286 , 14.2857142857143 , 4.76190476190476 , 0 , 0 , 19.6666666666667 , 0 , 58 , 68.9655172413793 , 14.3448275862069 
31-Jan-2006 10:28,200511,STANSTED,ITALY,BRINDISI,RYANAIR,A,S, 13 , 0 , 38.4615384615385 , 46.1538461538462 , 7.69230769230769 , 7.69230769230769 , 0 , 0 , 22.6153846153846 , 0 , 29 , 34.4827586206897 , 23.1034482758621 
31-Jan-2006 10:28,200511,STANSTED,ITALY,BRINDISI,RYANAIR,D,S, 13 , 0 , 84.6153846153846 , 7.69230769230769 , 7.69230769230769 , 0 , 0 , 0 , 7.69230769230769 , 0 , 30 , 56.6666666666667 , 14.1333333333333 
31-Jan-2006 10:28,200511,STANSTED,ITALY,CATANIA (FONTANAROSSA),CHANNEL EXPRESS LTD ALSO T/A JET2.COM,A,C, 1 , 0 , 0 , 0 , 100 , 0 , 0 , 0 , 38 , 0 , 0 , 0 , 0 
31-Jan-2006 10:28,200511,STANSTED,ITALY,FORLI,RYANAIR,A,S, 40 , 0 , 62.5 , 12.5 , 17.5 , 7.5 , 0 , 0 , 18.6 , 1 , 52 , 75 , 10.3076923076923 
31-Jan-2006 10:28,200511,STANSTED,ITALY,FORLI,RYANAIR,D,S, 41 , 0 , 63.4146341463415 , 17.0731707317073 , 17.0731707317073 , 2.4390243902439 , 0 , 0 , 16.1951219512195 , 0 , 52 , 76.9230769230769 , 10.9615384615385 
31-Jan-2006 10:28,200511,STANSTED,ITALY,GENOA,RYANAIR,A,S, 30 , 0 , 63.3333333333333 , 10 , 26.6666666666667 , 0 , 0 , 0 , 13.7333333333333 , 0 , 30 , 76.6666666666667 , 7.83333333333333 
31-Jan-2006 10:28,200511,STANSTED,ITALY,GENOA,RYANAIR,D,S, 30 , 0 , 70 , 10 , 20 , 0 , 0 , 0 , 14 , 0 , 30 , 70 , 11.2666666666667 
31-Jan-2006 10:28,200511,STANSTED,ITALY,MILAN (MALPENSA),CHANNEL EXPRESS LTD ALSO T/A JET2.COM,A,C, 1 , 0 , 0 , 0 , 0 , 100 , 0 , 0 , 77 , 0 , 0 , 0 , 0 
31-Jan-2006 10:28,200511,STANSTED,ITALY,MILAN (MALPENSA),CHANNEL EXPRESS LTD ALSO T/A JET2.COM,D,C, 1 , 0 , 100 , 0 , 0 , 0 , 0 , 0 , 11 , 0 , 0 , 0 , 0 
31-Jan-2006 10:28,200511,STANSTED,ITALY,NAPLES,CHANNEL EXPRESS LTD ALSO T/A JET2.COM,D,C, 0 , 0 , 0 , 0 , 0 , 0 , 0 , 0 , 0 , 0 , 1 , 100 , 0 
31-Jan-2006 10:28,200511,STANSTED,ITALY,NAPLES,EASYJET AIRLINE COMPANY LTD,A,S, 30 , 0 , 86.6666666666667 , 13.3333333333333 , 0 , 0 , 0 , 0 , 4.8 , 0 , 30 , 90 , 5.03333333333333 
31-Jan-2006 10:28,200511,STANSTED,ITALY,NAPLES,EASYJET AIRLINE COMPANY LTD,D,S, 30 , 0 , 90 , 10 , 0 , 0 , 0 , 0 , 5.2 , 0 , 30 , 83.3333333333333 , 6.16666666666667 
31-Jan-2006 10:28,200511,STANSTED,ITALY,PALERMO,RYANAIR,A,S, 30 , 0 , 80 , 13.3333333333333 , 0 , 0 , 6.66666666666667 , 0 , 26 , 0 , 30 , 86.6666666666667 , 6.73333333333333 
31-Jan-2006 10:28,200511,STANSTED,ITALY,PALERMO,RYANAIR,D,S, 30 , 0 , 93.3333333333333 , 6.66666666666667 , 0 , 0 , 0 , 0 , 4.86666666666667 , 0 , 30 , 93.3333333333333 , 5.53333333333333 
31-Jan-2006 10:28,200511,STANSTED,ITALY,PESCARA,RYANAIR,A,S, 15 , 0 , 53.3333333333333 , 20 , 13.3333333333333 , 0 , 13.3333333333333 , 0 , 47.4666666666667 , 0 , 30 , 93.3333333333333 , 3.36666666666667 
31-Jan-2006 10:28,200511,STANSTED,ITALY,PESCARA,RYANAIR,D,S, 13 , 0 , 76.9230769230769 , 15.3846153846154 , 7.69230769230769 , 0 , 0 , 0 , 9.15384615384615 , 0 , 30 , 73.3333333333333 , 10.5333333333333 
31-Jan-2006 10:28,200511,STANSTED,ITALY,PISA,RYANAIR,A,S, 59 , 0 , 76.271186440678 , 11.864406779661 , 5.08474576271186 , 6.77966101694915 , 0 , 0 , 12.8983050847458 , 1 , 103 , 81.5533980582524 , 9.56310679611651 
31-Jan-2006 10:28,200511,STANSTED,ITALY,PISA,RYANAIR,D,S, 61 , 0 , 73.7704918032787 , 16.3934426229508 , 6.55737704918033 , 3.27868852459016 , 0 , 0 , 14.655737704918 , 0 , 107 , 81.3084112149533 , 9.46728971962617 
31-Jan-2006 10:28,200511,STANSTED,ITALY,ROME (CIAMPINO),FLIGHTLINE LTD,D,C, 0 , 0 , 0 , 0 , 0 , 0 , 0 , 0 , 0 , 0 , 1 , 100 , 1 
31-Jan-2006 10:28,200511,STANSTED,ITALY,ROME (CIAMPINO),RYANAIR,A,S, 133 , 0 , 78.1954887218045 , 9.77443609022556 , 4.51127819548872 , 7.5187969924812 , 0 , 0 , 13.1353383458647 , 0 , 149 , 74.496644295302 , 21.0872483221477 
31-Jan-2006 10:28,200511,STANSTED,ITALY,ROME (CIAMPINO),RYANAIR,D,S, 133 , 0 , 78.9473684210526 , 12.781954887218 , 4.51127819548872 , 3.7593984962406 , 0 , 0 , 11.9548872180451 , 0 , 150 , 72.6666666666667 , 14.28 
31-Jan-2006 10:28,200511,STANSTED,ITALY,ROME (FIUMICINO),EUROMANX GMBH,A,C, 1 , 0 , 0 , 100 , 0 , 0 , 0 , 0 , 30 , 0 , 0 , 0 , 0 
31-Jan-2006 10:28,200511,STANSTED,ITALY,ROME (FIUMICINO),EUROMANX GMBH,D,C, 1 , 0 , 100 , 0 , 0 , 0 , 0 , 0 , 15 , 0 , 0 , 0 , 0 
31-Jan-2006 10:28,200511,STANSTED,ITALY,ROME (FIUMICINO),TITAN AIRWAYS LTD,A,C, 0 , 1 , 0 , 0 , 0 , 0 , 0 , 0 , 0 , 0 , 0 , 0 , 0 
31-Jan-2006 10:28,200511,STANSTED,ITALY,ROME (FIUMICINO),TITAN AIRWAYS LTD,D,C, 1 , 0 , 0 , 0 , 100 , 0 , 0 , 0 , 34 , 0 , 0 , 0 , 0 
31-Jan-2006 10:28,200511,STANSTED,ITALY,TREVISO,RYANAIR,A,S, 56 , 2 , 83.9285714285714 , 5.35714285714286 , 5.35714285714286 , 5.35714285714286 , 0 , 0 , 11.1964285714286 , 16 , 89 , 91.0112359550562 , 6 
31-Jan-2006 10:28,200511,STANSTED,ITALY,TREVISO,RYANAIR,D,S, 60 , 0 , 81.6666666666667 , 13.3333333333333 , 1.66666666666667 , 3.33333333333333 , 0 , 0 , 10.9166666666667 , 0 , 90 , 77.7777777777778 , 11.1333333333333 
31-Jan-2006 10:28,200511,STANSTED,ITALY,TRIESTE (RONCHI DEI LEGIONARI),RYANAIR,A,S, 21 , 0 , 76.1904761904762 , 14.2857142857143 , 0 , 4.76190476190476 , 4.76190476190476 , 0 , 19.047619047619 , 0 , 30 , 83.3333333333333 , 13.2666666666667 
31-Jan-2006 10:28,200511,STANSTED,ITALY,TRIESTE (RONCHI DEI LEGIONARI),RYANAIR,D,S, 21 , 0 , 61.9047619047619 , 23.8095238095238 , 14.2857142857143 , 0 , 0 , 0 , 12.1904761904762 , 0 , 30 , 76.6666666666667 , 14.6333333333333 
31-Jan-2006 10:28,200511,STANSTED,ITALY,TURIN,RYANAIR,A,S, 22 , 0 , 81.8181818181818 , 4.54545454545455 , 4.54545454545455 , 9.09090909090909 , 0 , 0 , 15.0454545454545 , 0 , 60 , 95 , 2.36666666666667 
31-Jan-2006 10:28,200511,STANSTED,ITALY,TURIN,RYANAIR,D,S, 22 , 0 , 68.1818181818182 , 18.1818181818182 , 9.09090909090909 , 4.54545454545455 , 0 , 0 , 18.6818181818182 , 0 , 60 , 88.3333333333333 , 6.93333333333333 
31-Jan-2006 10:28,200511,STANSTED,LATVIA,RIGA,RYANAIR,A,S, 46 , 0 , 95.6521739130435 , 0 , 2.17391304347826 , 2.17391304347826 , 0 , 0 , 5.84782608695652 , 1 , 30 , 73.3333333333333 , 14.2 
31-Jan-2006 10:28,200511,STANSTED,LATVIA,RIGA,RYANAIR,D,S, 47 , 0 , 89.3617021276596 , 8.51063829787234 , 0 , 2.12765957446809 , 0 , 0 , 8.21276595744681 , 0 , 30 , 90 , 12.4333333333333 
31-Jan-2006 10:28,200511,STANSTED,LITHUANIA,KAUNAS,RYANAIR,A,S, 29 , 0 , 96.551724137931 , 3.44827586206897 , 0 , 0 , 0 , 0 , 1.24137931034483 , 1 , 0 , 0 , 0 
31-Jan-2006 10:28,200511,STANSTED,LITHUANIA,KAUNAS,RYANAIR,D,S, 30 , 0 , 63.3333333333333 , 26.6666666666667 , 10 , 0 , 0 , 0 , 14.1 , 0 , 0 , 0 , 0 
31-Jan-2006 10:28,200511,STANSTED,MALTA,MALTA,AIR MALTA,A,S, 8 , 0 , 100 , 0 , 0 , 0 , 0 , 0 , 0.625 , 0 , 13 , 92.3076923076923 , 6.38461538461539 
31-Jan-2006 10:28,200511,STANSTED,MALTA,MALTA,AIR MALTA,D,S, 8 , 0 , 100 , 0 , 0 , 0 , 0 , 0 , 4.875 , 0 , 13 , 84.6153846153846 , 7.46153846153846 
31-Jan-2006 10:28,200511,STANSTED,NETHERLANDS,AMSTERDAM,EASYJET AIRLINE COMPANY LTD,A,S, 86 , 0 , 84.8837209302326 , 4.65116279069767 , 5.81395348837209 , 4.65116279069767 , 0 , 0 , 9.32558139534884 , 0 , 90 , 81.1111111111111 , 11.5888888888889 
31-Jan-2006 10:28,200511,STANSTED,NETHERLANDS,AMSTERDAM,EASYJET AIRLINE COMPANY LTD,D,S, 86 , 0 , 67.4418604651163 , 17.4418604651163 , 12.7906976744186 , 2.32558139534884 , 0 , 0 , 15.4302325581395 , 0 , 90 , 68.8888888888889 , 17.1111111111111 
31-Jan-2006 10:28,200511,STANSTED,NETHERLANDS,EINDHOVEN,RYANAIR,A,S, 45 , 0 , 84.4444444444444 , 6.66666666666667 , 4.44444444444444 , 4.44444444444444 , 0 , 0 , 9.4 , 2 , 50 , 84 , 6.7 
31-Jan-2006 10:28,200511,STANSTED,NETHERLANDS,EINDHOVEN,RYANAIR,D,S, 48 , 0 , 89.5833333333333 , 8.33333333333333 , 0 , 2.08333333333333 , 0 , 0 , 7.875 , 0 , 51 , 80.3921568627451 , 8.56862745098039 
31-Jan-2006 10:28,200511,STANSTED,NETHERLANDS,ROTTERDAM,TRANSAVIA,A,S, 60 , 0 , 98.3333333333333 , 1.66666666666667 , 0 , 0 , 0 , 0 , 1.66666666666667 , 0 , 60 , 93.3333333333333 , 2.08333333333333 
31-Jan-2006 10:28,200511,STANSTED,NETHERLANDS,ROTTERDAM,TRANSAVIA,D,S, 60 , 0 , 86.6666666666667 , 8.33333333333333 , 5 , 0 , 0 , 0 , 6.05 , 0 , 60 , 76.6666666666667 , 13.1 
31-Jan-2006 10:28,200511,STANSTED,NORWAY,BERGEN,NORWEGIAN AIR SHUTTLE,A,S, 30 , 0 , 93.3333333333333 , 6.66666666666667 , 0 , 0 , 0 , 0 , 2.93333333333333 , 0 , 26 , 73.0769230769231 , 13.8076923076923 
31-Jan-2006 10:28,200511,STANSTED,NORWAY,BERGEN,NORWEGIAN AIR SHUTTLE,D,S, 30 , 0 , 93.3333333333333 , 6.66666666666667 , 0 , 0 , 0 , 0 , 4.86666666666667 , 0 , 26 , 76.9230769230769 , 14.3076923076923 
31-Jan-2006 10:28,200511,STANSTED,NORWAY,HAUGESUND,RYANAIR,A,S, 30 , 0 , 86.6666666666667 , 0 , 13.3333333333333 , 0 , 0 , 0 , 7.26666666666667 , 0 , 30 , 93.3333333333333 , 2 
31-Jan-2006 10:28,200511,STANSTED,NORWAY,HAUGESUND,RYANAIR,D,S, 30 , 0 , 86.6666666666667 , 3.33333333333333 , 6.66666666666667 , 3.33333333333333 , 0 , 0 , 7.33333333333333 , 0 , 30 , 93.3333333333333 , 3.2 
31-Jan-2006 10:28,200511,STANSTED,NORWAY,OSLO (GARDERMOEN),NORWEGIAN AIR SHUTTLE,A,S, 56 , 0 , 91.0714285714286 , 7.14285714285714 , 1.78571428571429 , 0 , 0 , 0 , 4 , 0 , 52 , 76.9230769230769 , 18.4038461538462 
31-Jan-2006 10:28,200511,STANSTED,NORWAY,OSLO (GARDERMOEN),NORWEGIAN AIR SHUTTLE,D,S, 56 , 0 , 80.3571428571429 , 14.2857142857143 , 1.78571428571429 , 3.57142857142857 , 0 , 0 , 9.85714285714286 , 0 , 52 , 71.1538461538462 , 19.9038461538462 
31-Jan-2006 10:28,200511,STANSTED,NORWAY,SANDEFJORD(TORP),RYANAIR,A,S, 63 , 3 , 85.7142857142857 , 7.93650793650794 , 1.58730158730159 , 1.58730158730159 , 3.17460317460317 , 0 , 13.8253968253968 , 4 , 81 , 85.1851851851852 , 13.2345679012346 
31-Jan-2006 10:28,200511,STANSTED,NORWAY,SANDEFJORD(TORP),RYANAIR,D,S, 64 , 3 , 84.375 , 10.9375 , 3.125 , 1.5625 , 0 , 0 , 8.21875 , 3 , 82 , 84.1463414634146 , 8.82926829268293 
31-Jan-2006 10:28,200511,STANSTED,NORWAY,TRONDHEIM (VAERNES),NORWEGIAN AIR SHUTTLE,A,S, 24 , 1 , 95.8333333333333 , 4.16666666666667 , 0 , 0 , 0 , 0 , 3.08333333333333 , 1 , 16 , 75 , 13.375 
31-Jan-2006 10:28,200511,STANSTED,NORWAY,TRONDHEIM (VAERNES),NORWEGIAN AIR SHUTTLE,D,S, 24 , 1 , 87.5 , 12.5 , 0 , 0 , 0 , 0 , 4.66666666666667 , 1 , 16 , 68.75 , 20.5625 
31-Jan-2006 10:28,200511,STANSTED,POLAND,BYDGOSZCZ/SZWEREDOWO,AIR POLONIA,A,S, 0 , 0 , 0 , 0 , 0 , 0 , 0 , 0 , 0 , 0 , 4 , 100 , 3.5 
31-Jan-2006 10:28,200511,STANSTED,POLAND,BYDGOSZCZ/SZWEREDOWO,AIR POLONIA,D,S, 0 , 0 , 0 , 0 , 0 , 0 , 0 , 0 , 0 , 0 , 4 , 75 , 6.75 
31-Jan-2006 10:28,200511,STANSTED,POLAND,BYDGOSZCZ/SZWEREDOWO,RYANAIR,A,S, 29 , 0 , 89.6551724137931 , 6.89655172413793 , 3.44827586206897 , 0 , 0 , 0 , 3.75862068965517 , 1 , 0 , 0 , 0 
31-Jan-2006 10:28,200511,STANSTED,POLAND,BYDGOSZCZ/SZWEREDOWO,RYANAIR,D,S, 30 , 0 , 80 , 13.3333333333333 , 6.66666666666667 , 0 , 0 , 0 , 6.93333333333333 , 0 , 0 , 0 , 0 
31-Jan-2006 10:28,200511,STANSTED,POLAND,GDANSK,AIR POLONIA,A,S, 0 , 0 , 0 , 0 , 0 , 0 , 0 , 0 , 0 , 0 , 10 , 80 , 8.4 
31-Jan-2006 10:28,200511,STANSTED,POLAND,GDANSK,AIR POLONIA,D,S, 0 , 0 , 0 , 0 , 0 , 0 , 0 , 0 , 0 , 0 , 11 , 72.7272727272727 , 12.8181818181818 
31-Jan-2006 10:28,200511,STANSTED,POLAND,GDANSK,RYANAIR,A,S, 30 , 0 , 80 , 10 , 6.66666666666667 , 0 , 3.33333333333333 , 0 , 12.4 , 0 , 0 , 0 , 0 
31-Jan-2006 10:28,200511,STANSTED,POLAND,GDANSK,RYANAIR,D,S, 30 , 0 , 66.6666666666667 , 10 , 20 , 0 , 3.33333333333333 , 0 , 24.8333333333333 , 0 , 0 , 0 , 0 
31-Jan-2006 10:28,200511,STANSTED,POLAND,KATOWICE,AIR POLONIA,A,S, 0 , 0 , 0 , 0 , 0 , 0 , 0 , 0 , 0 , 0 , 15 , 73.3333333333333 , 16.2666666666667 
31-Jan-2006 10:28,200511,STANSTED,POLAND,KATOWICE,AIR POLONIA,D,S, 0 , 0 , 0 , 0 , 0 , 0 , 0 , 0 , 0 , 0 , 15 , 46.6666666666667 , 24.4666666666667 
31-Jan-2006 10:28,200511,STANSTED,POLAND,KRAKOW,RYANAIR,A,S, 58 , 0 , 89.6551724137931 , 3.44827586206897 , 3.44827586206897 , 3.44827586206897 , 0 , 0 , 7.06896551724138 , 2 , 0 , 0 , 0 
31-Jan-2006 10:28,200511,STANSTED,POLAND,KRAKOW,RYANAIR,D,S, 60 , 0 , 85 , 5 , 8.33333333333333 , 1.66666666666667 , 0 , 0 , 8.81666666666667 , 0 , 0 , 0 , 0 
31-Jan-2006 10:28,200511,STANSTED,POLAND,KRAKOW,SKY EUROPE,A,S, 30 , 0 , 86.6666666666667 , 0 , 0 , 10 , 3.33333333333333 , 0 , 20.1666666666667 , 0 , 24 , 83.3333333333333 , 6.625 
31-Jan-2006 10:28,200511,STANSTED,POLAND,KRAKOW,SKY EUROPE,D,S, 30 , 0 , 66.6666666666667 , 10 , 6.66666666666667 , 10 , 6.66666666666667 , 0 , 29.0333333333333 , 0 , 25 , 84 , 13.84 
31-Jan-2006 10:28,200511,STANSTED,POLAND,LODZ LUBLINEK,RYANAIR,A,S, 29 , 0 , 93.1034482758621 , 3.44827586206897 , 0 , 3.44827586206897 , 0 , 0 , 4.96551724137931 , 1 , 0 , 0 , 0 
31-Jan-2006 10:28,200511,STANSTED,POLAND,LODZ LUBLINEK,RYANAIR,D,S, 30 , 0 , 93.3333333333333 , 3.33333333333333 , 3.33333333333333 , 0 , 0 , 0 , 5.93333333333333 , 0 , 0 , 0 , 0 
31-Jan-2006 10:28,200511,STANSTED,POLAND,POZNAN,AIR POLONIA,A,S, 0 , 0 , 0 , 0 , 0 , 0 , 0 , 0 , 0 , 0 , 12 , 83.3333333333333 , 14.4166666666667 
31-Jan-2006 10:28,200511,STANSTED,POLAND,POZNAN,AIR POLONIA,D,S, 0 , 0 , 0 , 0 , 0 , 0 , 0 , 0 , 0 , 0 , 12 , 66.6666666666667 , 22.25 
31-Jan-2006 10:28,200511,STANSTED,POLAND,POZNAN,RYANAIR,A,S, 28 , 0 , 100 , 0 , 0 , 0 , 0 , 0 , 2.28571428571429 , 2 , 0 , 0 , 0 
31-Jan-2006 10:28,200511,STANSTED,POLAND,POZNAN,RYANAIR,D,S, 30 , 0 , 73.3333333333333 , 13.3333333333333 , 13.3333333333333 , 0 , 0 , 0 , 13.9666666666667 , 0 , 0 , 0 , 0 
31-Jan-2006 10:28,200511,STANSTED,POLAND,RZESZOW,RYANAIR,A,S, 30 , 0 , 73.3333333333333 , 16.6666666666667 , 10 , 0 , 0 , 0 , 10.8 , 0 , 0 , 0 , 0 
31-Jan-2006 10:28,200511,STANSTED,POLAND,RZESZOW,RYANAIR,D,S, 30 , 0 , 60 , 20 , 20 , 0 , 0 , 0 , 16.1333333333333 , 0 , 0 , 0 , 0 
31-Jan-2006 10:28,200511,STANSTED,POLAND,SZCZECIN (GOLENOW),AIR POLONIA,A,S, 0 , 0 , 0 , 0 , 0 , 0 , 0 , 0 , 0 , 0 , 8 , 87.5 , 5.625 
31-Jan-2006 10:28,200511,STANSTED,POLAND,SZCZECIN (GOLENOW),AIR POLONIA,D,S, 0 , 0 , 0 , 0 , 0 , 0 , 0 , 0 , 0 , 0 , 7 , 85.7142857142857 , 7.57142857142857 
31-Jan-2006 10:28,200511,STANSTED,POLAND,SZCZECIN (GOLENOW),RYANAIR,A,S, 29 , 0 , 89.6551724137931 , 6.89655172413793 , 3.44827586206897 , 0 , 0 , 0 , 3.31034482758621 , 1 , 0 , 0 , 0 
31-Jan-2006 10:28,200511,STANSTED,POLAND,SZCZECIN (GOLENOW),RYANAIR,D,S, 29 , 0 , 79.3103448275862 , 10.3448275862069 , 3.44827586206897 , 6.89655172413793 , 0 , 0 , 13.6896551724138 , 1 , 0 , 0 , 0 
31-Jan-2006 10:28,200511,STANSTED,POLAND,WARSAW,AIR POLONIA,A,S, 0 , 0 , 0 , 0 , 0 , 0 , 0 , 0 , 0 , 0 , 53 , 79.2452830188679 , 18.3396226415094 
31-Jan-2006 10:28,200511,STANSTED,POLAND,WARSAW,AIR POLONIA,D,S, 0 , 0 , 0 , 0 , 0 , 0 , 0 , 0 , 0 , 0 , 53 , 67.9245283018868 , 19.5660377358491 
31-Jan-2006 10:28,200511,STANSTED,POLAND,WARSAW,SKY EUROPE,A,S, 26 , 0 , 80.7692307692308 , 11.5384615384615 , 3.84615384615385 , 3.84615384615385 , 0 , 0 , 8.84615384615385 , 0 , 30 , 73.3333333333333 , 15.7 
31-Jan-2006 10:28,200511,STANSTED,POLAND,WARSAW,SKY EUROPE,D,S, 26 , 0 , 65.3846153846154 , 23.0769230769231 , 7.69230769230769 , 3.84615384615385 , 0 , 0 , 14.5384615384615 , 0 , 29 , 41.3793103448276 , 24.6896551724138 
31-Jan-2006 10:28,200511,STANSTED,POLAND,WROCLAW,RYANAIR,A,S, 30 , 0 , 96.6666666666667 , 0 , 3.33333333333333 , 0 , 0 , 0 , 2 , 0 , 0 , 0 , 0 
31-Jan-2006 10:28,200511,STANSTED,POLAND,WROCLAW,RYANAIR,D,S, 30 , 0 , 93.3333333333333 , 6.66666666666667 , 0 , 0 , 0 , 0 , 4.9 , 0 , 0 , 0 , 0 
31-Jan-2006 10:28,200511,STANSTED,PORTUGAL(EXCLUDING MADEIRA),AZORES LAJES TERCEIRA ISLAND,TITAN AIRWAYS LTD,D,C, 0 , 1 , 0 , 0 , 0 , 0 , 0 , 0 , 0 , 0 , 0 , 0 , 0 
31-Jan-2006 10:28,200511,STANSTED,PORTUGAL(EXCLUDING MADEIRA),FARO,EASYJET AIRLINE COMPANY LTD,A,S, 34 , 0 , 97.0588235294118 , 2.94117647058824 , 0 , 0 , 0 , 0 , 1.05882352941176 , 0 , 35 , 91.4285714285714 , 4.85714285714286 
31-Jan-2006 10:28,200511,STANSTED,PORTUGAL(EXCLUDING MADEIRA),FARO,EASYJET AIRLINE COMPANY LTD,D,S, 34 , 0 , 73.5294117647059 , 23.5294117647059 , 2.94117647058824 , 0 , 0 , 0 , 10.0588235294118 , 0 , 35 , 91.4285714285714 , 7.74285714285714 
31-Jan-2006 10:28,200511,STANSTED,PORTUGAL(EXCLUDING MADEIRA),FARO,EUROPEAN AIR CHARTER,A,C, 1 , 0 , 100 , 0 , 0 , 0 , 0 , 0 , 5 , 0 , 0 , 0 , 0 
31-Jan-2006 10:28,200511,STANSTED,PORTUGAL(EXCLUDING MADEIRA),FARO,EUROPEAN AIR CHARTER,D,C, 1 , 0 , 0 , 100 , 0 , 0 , 0 , 0 , 24 , 0 , 0 , 0 , 0 
31-Jan-2006 10:28,200511,STANSTED,PORTUGAL(EXCLUDING MADEIRA),FARO,FIRST CHOICE AIRWAYS LTD,A,C, 1 , 0 , 100 , 0 , 0 , 0 , 0 , 0 , 0 , 0 , 1 , 100 , 0 
31-Jan-2006 10:28,200511,STANSTED,PORTUGAL(EXCLUDING MADEIRA),OPORTO (PORTUGAL),RYANAIR,A,S, 60 , 0 , 68.3333333333333 , 21.6666666666667 , 6.66666666666667 , 3.33333333333333 , 0 , 0 , 13.1333333333333 , 0 , 0 , 0 , 0 
31-Jan-2006 10:28,200511,STANSTED,PORTUGAL(EXCLUDING MADEIRA),OPORTO (PORTUGAL),RYANAIR,D,S, 60 , 0 , 65 , 26.6666666666667 , 5 , 3.33333333333333 , 0 , 0 , 14.2666666666667 , 0 , 0 , 0 , 0 
31-Jan-2006 10:28,200511,STANSTED,RUMANIA,BUCHAREST (BANEASA),ASTRAEUS LTD,A,C, 1 , 0 , 0 , 100 , 0 , 0 , 0 , 0 , 22 , 0 , 0 , 0 , 0 
31-Jan-2006 10:28,200511,STANSTED,RUMANIA,BUCHAREST (BANEASA),ASTRAEUS LTD,D,C, 1 , 0 , 100 , 0 , 0 , 0 , 0 , 0 , 1 , 0 , 0 , 0 , 0 
31-Jan-2006 10:28,200511,STANSTED,SLOVAK REPUBLIC,BRATISLAVA,RYANAIR,A,S, 57 , 0 , 87.719298245614 , 5.26315789473684 , 3.50877192982456 , 3.50877192982456 , 0 , 0 , 7.96491228070175 , 2 , 0 , 0 , 0 
31-Jan-2006 10:28,200511,STANSTED,SLOVAK REPUBLIC,BRATISLAVA,RYANAIR,D,S, 59 , 0 , 74.5762711864407 , 18.6440677966102 , 1.69491525423729 , 5.08474576271186 , 0 , 0 , 11.6610169491525 , 0 , 0 , 0 , 0 
31-Jan-2006 10:28,200511,STANSTED,SLOVAK REPUBLIC,BRATISLAVA,SKY EUROPE,A,S, 34 , 0 , 91.1764705882353 , 5.88235294117647 , 2.94117647058824 , 0 , 0 , 0 , 3.5 , 0 , 30 , 90 , 9.56666666666667 
31-Jan-2006 10:28,200511,STANSTED,SLOVAK REPUBLIC,BRATISLAVA,SKY EUROPE,D,S, 34 , 0 , 58.8235294117647 , 29.4117647058824 , 8.82352941176471 , 2.94117647058824 , 0 , 0 , 17.5882352941176 , 0 , 30 , 70 , 18.3666666666667 
31-Jan-2006 10:28,200511,STANSTED,SLOVENIA,LJUBLJANA,EASYJET AIRLINE COMPANY LTD,A,S, 29 , 0 , 93.1034482758621 , 3.44827586206897 , 3.44827586206897 , 0 , 0 , 0 , 2.62068965517241 , 1 , 30 , 83.3333333333333 , 11.8 
31-Jan-2006 10:28,200511,STANSTED,SLOVENIA,LJUBLJANA,EASYJET AIRLINE COMPANY LTD,D,S, 30 , 0 , 90 , 3.33333333333333 , 6.66666666666667 , 0 , 0 , 0 , 5.26666666666667 , 0 , 30 , 80 , 9.73333333333333 
31-Jan-2006 10:28,200511,STANSTED,SPAIN,ALICANTE,EASYJET AIRLINE COMPANY LTD,A,S, 60 , 0 , 90 , 5 , 3.33333333333333 , 1.66666666666667 , 0 , 0 , 4.46666666666667 , 0 , 60 , 71.6666666666667 , 13.05 
31-Jan-2006 10:28,200511,STANSTED,SPAIN,ALICANTE,EASYJET AIRLINE COMPANY LTD,D,S, 60 , 0 , 81.6666666666667 , 8.33333333333333 , 5 , 5 , 0 , 0 , 10.3666666666667 , 0 , 60 , 83.3333333333333 , 10.7333333333333 
31-Jan-2006 10:28,200511,STANSTED,SPAIN,ALICANTE,THOMSONFLY LTD,A,C, 0 , 0 , 0 , 0 , 0 , 0 , 0 , 0 , 0 , 0 , 4 , 100 , 1 
31-Jan-2006 10:28,200511,STANSTED,SPAIN,ALICANTE,THOMSONFLY LTD,D,C, 0 , 0 , 0 , 0 , 0 , 0 , 0 , 0 , 0 , 0 , 4 , 100 , 0 
31-Jan-2006 10:28,200511,STANSTED,SPAIN,ALMERIA,EASYJET AIRLINE COMPANY LTD,A,S, 30 , 0 , 90 , 0 , 6.66666666666667 , 3.33333333333333 , 0 , 0 , 9.83333333333333 , 0 , 20 , 75 , 18.65 
31-Jan-2006 10:28,200511,STANSTED,SPAIN,ALMERIA,EASYJET AIRLINE COMPANY LTD,D,S, 30 , 0 , 76.6666666666667 , 13.3333333333333 , 10 , 0 , 0 , 0 , 11.2333333333333 , 0 , 20 , 85 , 9.1 
31-Jan-2006 10:28,200511,STANSTED,SPAIN,ALMERIA,RYANAIR,A,S, 30 , 0 , 83.3333333333333 , 10 , 6.66666666666667 , 0 , 0 , 0 , 6.06666666666667 , 0 , 0 , 0 , 0 
31-Jan-2006 10:28,200511,STANSTED,SPAIN,ALMERIA,RYANAIR,D,S, 30 , 0 , 83.3333333333333 , 10 , 3.33333333333333 , 3.33333333333333 , 0 , 0 , 10.7333333333333 , 0 , 0 , 0 , 0 
31-Jan-2006 10:28,200511,STANSTED,SPAIN,ASTURIAS,EASYJET AIRLINE COMPANY LTD,A,S, 17 , 0 , 94.1176470588235 , 0 , 0 , 5.88235294117647 , 0 , 0 , 12.7058823529412 , 0 , 0 , 0 , 0 
31-Jan-2006 10:28,200511,STANSTED,SPAIN,ASTURIAS,EASYJET AIRLINE COMPANY LTD,D,S, 17 , 0 , 52.9411764705882 , 41.1764705882353 , 0 , 5.88235294117647 , 0 , 0 , 21 , 0 , 0 , 0 , 0 
31-Jan-2006 10:28,200511,STANSTED,SPAIN,BARCELONA,EASYJET AIRLINE COMPANY LTD,A,S, 60 , 1 , 85 , 10 , 0 , 3.33333333333333 , 1.66666666666667 , 0 , 8.58333333333333 , 0 , 59 , 93.2203389830508 , 10.6440677966102 
31-Jan-2006 10:28,200511,STANSTED,SPAIN,BARCELONA,EASYJET AIRLINE COMPANY LTD,D,S, 60 , 0 , 75 , 13.3333333333333 , 10 , 0 , 1.66666666666667 , 0 , 13.4166666666667 , 0 , 60 , 83.3333333333333 , 9.41666666666667 
31-Jan-2006 10:28,200511,STANSTED,SPAIN,BARCELONA,EUROPEAN AIR CHARTER,A,C, 0 , 0 , 0 , 0 , 0 , 0 , 0 , 0 , 0 , 0 , 1 , 0 , 63 
31-Jan-2006 10:28,200511,STANSTED,SPAIN,BILBAO,EASYJET AIRLINE COMPANY LTD,A,S, 52 , 0 , 98.0769230769231 , 0 , 0 , 1.92307692307692 , 0 , 0 , 2.28846153846154 , 0 , 60 , 93.3333333333333 , 6.43333333333333 
31-Jan-2006 10:28,200511,STANSTED,SPAIN,BILBAO,EASYJET AIRLINE COMPANY LTD,D,S, 52 , 0 , 78.8461538461539 , 11.5384615384615 , 7.69230769230769 , 1.92307692307692 , 0 , 0 , 10.7115384615385 , 0 , 60 , 63.3333333333333 , 15.4833333333333 
31-Jan-2006 10:28,200511,STANSTED,SPAIN,GERONA,RYANAIR,A,S, 111 , 0 , 81.981981981982 , 6.30630630630631 , 4.5045045045045 , 5.40540540540541 , 1.8018018018018 , 0 , 14.2072072072072 , 1 , 113 , 85.8407079646018 , 11.8141592920354 
31-Jan-2006 10:28,200511,STANSTED,SPAIN,GERONA,RYANAIR,D,S, 112 , 0 , 83.9285714285714 , 4.46428571428571 , 6.25 , 5.35714285714286 , 0 , 0 , 11.9017857142857 , 0 , 116 , 87.0689655172414 , 6.04310344827586 
31-Jan-2006 10:28,200511,STANSTED,SPAIN,GRANADA,RYANAIR,A,S, 42 , 1 , 66.6666666666667 , 11.9047619047619 , 11.9047619047619 , 7.14285714285714 , 2.38095238095238 , 0 , 21.6904761904762 , 1 , 0 , 0 , 0 
31-Jan-2006 10:28,200511,STANSTED,SPAIN,GRANADA,RYANAIR,D,S, 43 , 0 , 67.4418604651163 , 13.953488372093 , 11.6279069767442 , 6.97674418604651 , 0 , 0 , 16.2790697674419 , 0 , 0 , 0 , 0 
31-Jan-2006 10:28,200511,STANSTED,SPAIN,JEREZ,RYANAIR,A,S, 42 , 0 , 85.7142857142857 , 9.52380952380952 , 2.38095238095238 , 0 , 2.38095238095238 , 0 , 8.76190476190476 , 0 , 33 , 96.969696969697 , 2.09090909090909 
31-Jan-2006 10:28,200511,STANSTED,SPAIN,JEREZ,RYANAIR,D,S, 42 , 0 , 78.5714285714286 , 16.6666666666667 , 4.76190476190476 , 0 , 0 , 0 , 8.90476190476191 , 0 , 33 , 96.969696969697 , 5.93939393939394 
31-Jan-2006 10:28,200511,STANSTED,SPAIN,MADRID,AIR EXEL ( NETHERLANDS ),A,C, 0 , 0 , 0 , 0 , 0 , 0 , 0 , 0 , 0 , 0 , 1 , 100 , 0 
31-Jan-2006 10:28,200511,STANSTED,SPAIN,MADRID,AIR EXEL ( NETHERLANDS ),D,C, 0 , 0 , 0 , 0 , 0 , 0 , 0 , 0 , 0 , 0 , 1 , 0 , 17 
31-Jan-2006 10:28,200511,STANSTED,SPAIN,MALAGA,AUSTRIAN AIRLINES,A,C, 0 , 0 , 0 , 0 , 0 , 0 , 0 , 0 , 0 , 0 , 2 , 0 , 25 
31-Jan-2006 10:28,200511,STANSTED,SPAIN,MALAGA,AUSTRIAN AIRLINES,D,C, 0 , 0 , 0 , 0 , 0 , 0 , 0 , 0 , 0 , 0 , 1 , 100 , 3 
31-Jan-2006 10:28,200511,STANSTED,SPAIN,MALAGA,EASYJET AIRLINE COMPANY LTD,A,S, 64 , 0 , 89.0625 , 3.125 , 0 , 7.8125 , 0 , 0 , 7.1875 , 0 , 73 , 87.6712328767123 , 7.9041095890411 
31-Jan-2006 10:28,200511,STANSTED,SPAIN,MALAGA,EASYJET AIRLINE COMPANY LTD,D,S, 64 , 0 , 82.8125 , 9.375 , 1.5625 , 6.25 , 0 , 0 , 12.578125 , 0 , 73 , 82.1917808219178 , 11.013698630137 
31-Jan-2006 10:28,200511,STANSTED,SPAIN,MALAGA,THOMSONFLY LTD,A,C, 0 , 0 , 0 , 0 , 0 , 0 , 0 , 0 , 0 , 0 , 4 , 100 , 2 
31-Jan-2006 10:28,200511,STANSTED,SPAIN,MALAGA,THOMSONFLY LTD,D,C, 0 , 0 , 0 , 0 , 0 , 0 , 0 , 0 , 0 , 0 , 4 , 100 , 3 
31-Jan-2006 10:28,200511,STANSTED,SPAIN,MURCIA SAN JAVIER,RYANAIR,A,S, 60 , 0 , 85 , 6.66666666666667 , 5 , 3.33333333333333 , 0 , 0 , 7.48333333333333 , 0 , 77 , 90.9090909090909 , 4.92207792207792 
31-Jan-2006 10:28,200511,STANSTED,SPAIN,MURCIA SAN JAVIER,RYANAIR,D,S, 60 , 0 , 75 , 13.3333333333333 , 10 , 1.66666666666667 , 0 , 0 , 11.35 , 0 , 77 , 88.3116883116883 , 9.20779220779221 
31-Jan-2006 10:28,200511,STANSTED,SPAIN,PALMA DE MALLORCA,AIR BERLIN,A,S, 12 , 0 , 83.3333333333333 , 16.6666666666667 , 0 , 0 , 0 , 0 , 7.33333333333333 , 0 , 12 , 83.3333333333333 , 10.6666666666667 
31-Jan-2006 10:28,200511,STANSTED,SPAIN,PALMA DE MALLORCA,AIR BERLIN,D,S, 12 , 0 , 83.3333333333333 , 0 , 16.6666666666667 , 0 , 0 , 0 , 7.41666666666667 , 0 , 12 , 100 , 8.33333333333333E-02 
31-Jan-2006 10:28,200511,STANSTED,SPAIN,PALMA DE MALLORCA,EASYJET AIRLINE COMPANY LTD,A,S, 25 , 0 , 88 , 0 , 8 , 0 , 4 , 0 , 12.76 , 0 , 31 , 83.8709677419355 , 9.16129032258065 
31-Jan-2006 10:28,200511,STANSTED,SPAIN,PALMA DE MALLORCA,EASYJET AIRLINE COMPANY LTD,D,S, 25 , 0 , 64 , 24 , 4 , 4 , 4 , 0 , 20.6 , 0 , 31 , 83.8709677419355 , 11.258064516129 
31-Jan-2006 10:28,200511,STANSTED,SPAIN,PALMA DE MALLORCA,FIRST CHOICE AIRWAYS LTD,A,C, 1 , 0 , 100 , 0 , 0 , 0 , 0 , 0 , 8 , 0 , 1 , 100 , 0 
31-Jan-2006 10:28,200511,STANSTED,SPAIN,PALMA DE MALLORCA,THOMSONFLY LTD,A,C, 5 , 0 , 80 , 0 , 20 , 0 , 0 , 0 , 10.2 , 0 , 5 , 100 , 5.4 
31-Jan-2006 10:28,200511,STANSTED,SPAIN,PALMA DE MALLORCA,THOMSONFLY LTD,D,C, 4 , 0 , 100 , 0 , 0 , 0 , 0 , 0 , 3 , 0 , 4 , 100 , 4.5 
31-Jan-2006 10:28,200511,STANSTED,SPAIN,REUS,RYANAIR,A,S, 34 , 0 , 85.2941176470588 , 5.88235294117647 , 8.82352941176471 , 0 , 0 , 0 , 5.11764705882353 , 0 , 60 , 96.6666666666667 , 1.93333333333333 
31-Jan-2006 10:28,200511,STANSTED,SPAIN,REUS,RYANAIR,D,S, 34 , 0 , 82.3529411764706 , 2.94117647058824 , 14.7058823529412 , 0 , 0 , 0 , 8.38235294117647 , 0 , 60 , 91.6666666666667 , 7.01666666666667 
31-Jan-2006 10:28,200511,STANSTED,SPAIN,SANTANDER,RYANAIR,A,S, 30 , 0 , 90 , 0 , 6.66666666666667 , 0 , 3.33333333333333 , 0 , 11.6666666666667 , 0 , 30 , 100 , 0.266666666666667 
31-Jan-2006 10:28,200511,STANSTED,SPAIN,SANTANDER,RYANAIR,D,S, 31 , 0 , 90.3225806451613 , 6.45161290322581 , 0 , 3.2258064516129 , 0 , 0 , 5.93548387096774 , 0 , 30 , 56.6666666666667 , 13.3 
31-Jan-2006 10:28,200511,STANSTED,SPAIN,SANTIAGO DE COMPOSTELA (SPAIN),EUROPEAN AIR CHARTER,A,C, 0 , 0 , 0 , 0 , 0 , 0 , 0 , 0 , 0 , 0 , 1 , 0 , 39 
31-Jan-2006 10:28,200511,STANSTED,SPAIN,SANTIAGO DE COMPOSTELA (SPAIN),EUROPEAN AIR CHARTER,D,C, 0 , 0 , 0 , 0 , 0 , 0 , 0 , 0 , 0 , 0 , 1 , 100 , 4 
31-Jan-2006 10:28,200511,STANSTED,SPAIN,SANTIAGO DE COMPOSTELA (SPAIN),RYANAIR,A,S, 30 , 0 , 80 , 6.66666666666667 , 3.33333333333333 , 10 , 0 , 0 , 11.5 , 0 , 0 , 0 , 0 
31-Jan-2006 10:28,200511,STANSTED,SPAIN,SANTIAGO DE COMPOSTELA (SPAIN),RYANAIR,D,S, 30 , 0 , 73.3333333333333 , 10 , 10 , 6.66666666666667 , 0 , 0 , 17.1 , 0 , 0 , 0 , 0 
31-Jan-2006 10:28,200511,STANSTED,SPAIN,SEVILLE,RYANAIR,A,S, 46 , 0 , 93.4782608695652 , 2.17391304347826 , 2.17391304347826 , 0 , 2.17391304347826 , 0 , 6.47826086956522 , 0 , 0 , 0 , 0 
31-Jan-2006 10:28,200511,STANSTED,SPAIN,SEVILLE,RYANAIR,D,S, 46 , 0 , 89.1304347826087 , 6.52173913043478 , 2.17391304347826 , 2.17391304347826 , 0 , 0 , 9.02173913043478 , 0 , 0 , 0 , 0 
31-Jan-2006 10:28,200511,STANSTED,SPAIN,VALENCIA,EASYJET AIRLINE COMPANY LTD,A,S, 30 , 0 , 90 , 3.33333333333333 , 0 , 6.66666666666667 , 0 , 0 , 7.93333333333333 , 0 , 28 , 78.5714285714286 , 12.8571428571429 
31-Jan-2006 10:28,200511,STANSTED,SPAIN,VALENCIA,EASYJET AIRLINE COMPANY LTD,D,S, 30 , 0 , 86.6666666666667 , 6.66666666666667 , 0 , 6.66666666666667 , 0 , 0 , 10.4666666666667 , 0 , 28 , 82.1428571428572 , 15.9285714285714 
31-Jan-2006 10:28,200511,STANSTED,SPAIN,VALENCIA,EUROPEAN AIR CHARTER,A,C, 1 , 0 , 0 , 0 , 0 , 100 , 0 , 0 , 66 , 0 , 0 , 0 , 0 
31-Jan-2006 10:28,200511,STANSTED,SPAIN,VALENCIA,RYANAIR,A,S, 56 , 0 , 76.7857142857143 , 10.7142857142857 , 10.7142857142857 , 1.78571428571429 , 0 , 0 , 12 , 0 , 29 , 68.9655172413793 , 11.5172413793103 
31-Jan-2006 10:28,200511,STANSTED,SPAIN,VALENCIA,RYANAIR,D,S, 55 , 0 , 76.3636363636364 , 14.5454545454545 , 7.27272727272727 , 1.81818181818182 , 0 , 0 , 10.3272727272727 , 0 , 29 , 89.6551724137931 , 7.44827586206897 
31-Jan-2006 10:28,200511,STANSTED,SPAIN,VALLADOLID,RYANAIR,A,S, 30 , 0 , 90 , 0 , 0 , 10 , 0 , 0 , 8.86666666666667 , 0 , 29 , 68.9655172413793 , 51.9655172413793 
31-Jan-2006 10:28,200511,STANSTED,SPAIN,VALLADOLID,RYANAIR,D,S, 29 , 0 , 89.6551724137931 , 3.44827586206897 , 0 , 6.89655172413793 , 0 , 0 , 10.3103448275862 , 0 , 30 , 73.3333333333333 , 10.2 
31-Jan-2006 10:28,200511,STANSTED,SPAIN,VITORIA,CITY AIRLINE,A,C, 0 , 1 , 0 , 0 , 0 , 0 , 0 , 0 , 0 , 0 , 0 , 0 , 0 
31-Jan-2006 10:28,200511,STANSTED,SPAIN,ZARAGOZA,RYANAIR,A,S, 30 , 0 , 56.6666666666667 , 30 , 6.66666666666667 , 3.33333333333333 , 3.33333333333333 , 0 , 21.2666666666667 , 0 , 0 , 0 , 0 
31-Jan-2006 10:28,200511,STANSTED,SPAIN,ZARAGOZA,RYANAIR,D,S, 29 , 0 , 55.1724137931034 , 34.4827586206897 , 6.89655172413793 , 3.44827586206897 , 0 , 0 , 16 , 1 , 0 , 0 , 0 
31-Jan-2006 10:28,200511,STANSTED,SPAIN(CANARY ISLANDS),ARRECIFE,EXCEL AIRWAYS LTD,D,C, 1 , 0 , 100 , 0 , 0 , 0 , 0 , 0 , 13 , 0 , 0 , 0 , 0 
31-Jan-2006 10:28,200511,STANSTED,SPAIN(CANARY ISLANDS),ARRECIFE,FIRST CHOICE AIRWAYS LTD,A,C, 4 , 0 , 75 , 25 , 0 , 0 , 0 , 0 , 5.75 , 0 , 4 , 50 , 33.5 
31-Jan-2006 10:28,200511,STANSTED,SPAIN(CANARY ISLANDS),ARRECIFE,FIRST CHOICE AIRWAYS LTD,D,C, 4 , 0 , 100 , 0 , 0 , 0 , 0 , 0 , 3 , 0 , 4 , 75 , 33.25 
31-Jan-2006 10:28,200511,STANSTED,SPAIN(CANARY ISLANDS),ARRECIFE,THOMAS COOK AIRLINES LTD,A,C, 4 , 0 , 75 , 0 , 0 , 0 , 0 , 25 , 124.5 , 0 , 4 , 25 , 57.75 
31-Jan-2006 10:28,200511,STANSTED,SPAIN(CANARY ISLANDS),ARRECIFE,THOMAS COOK AIRLINES LTD,D,C, 4 , 0 , 100 , 0 , 0 , 0 , 0 , 0 , 1.25 , 0 , 4 , 100 , 1 
31-Jan-2006 10:28,200511,STANSTED,SPAIN(CANARY ISLANDS),ARRECIFE,THOMSONFLY LTD,A,C, 3 , 0 , 100 , 0 , 0 , 0 , 0 , 0 , 0 , 0 , 0 , 0 , 0 
31-Jan-2006 10:28,200511,STANSTED,SPAIN(CANARY ISLANDS),ARRECIFE,THOMSONFLY LTD,D,C, 4 , 0 , 100 , 0 , 0 , 0 , 0 , 0 , 3.5 , 0 , 0 , 0 , 0 
31-Jan-2006 10:28,200511,STANSTED,SPAIN(CANARY ISLANDS),FUERTEVENTURA,THOMAS COOK AIRLINES LTD,A,C, 4 , 0 , 100 , 0 , 0 , 0 , 0 , 0 , 2.25 , 0 , 0 , 0 , 0 
31-Jan-2006 10:28,200511,STANSTED,SPAIN(CANARY ISLANDS),FUERTEVENTURA,THOMAS COOK AIRLINES LTD,D,C, 4 , 0 , 75 , 25 , 0 , 0 , 0 , 0 , 7 , 0 , 0 , 0 , 0 
31-Jan-2006 10:28,200511,STANSTED,SPAIN(CANARY ISLANDS),FUERTEVENTURA,THOMSONFLY LTD,A,C, 5 , 0 , 100 , 0 , 0 , 0 , 0 , 0 , 1 , 0 , 4 , 100 , 2.75 
31-Jan-2006 10:28,200511,STANSTED,SPAIN(CANARY ISLANDS),FUERTEVENTURA,THOMSONFLY LTD,D,C, 5 , 0 , 80 , 20 , 0 , 0 , 0 , 0 , 7.8 , 0 , 4 , 50 , 13.5 
31-Jan-2006 10:28,200511,STANSTED,SPAIN(CANARY ISLANDS),LAS PALMAS,FIRST CHOICE AIRWAYS LTD,A,C, 4 , 0 , 100 , 0 , 0 , 0 , 0 , 0 , 2 , 0 , 5 , 100 , 0.6 
31-Jan-2006 10:28,200511,STANSTED,SPAIN(CANARY ISLANDS),LAS PALMAS,FIRST CHOICE AIRWAYS LTD,D,C, 4 , 0 , 75 , 0 , 25 , 0 , 0 , 0 , 10.5 , 0 , 5 , 80 , 7.6 
31-Jan-2006 10:28,200511,STANSTED,SPAIN(CANARY ISLANDS),LAS PALMAS,THOMAS COOK AIRLINES LTD,A,C, 0 , 1 , 0 , 0 , 0 , 0 , 0 , 0 , 0 , 0 , 2 , 50 , 12.5 
31-Jan-2006 10:28,200511,STANSTED,SPAIN(CANARY ISLANDS),LAS PALMAS,THOMAS COOK AIRLINES LTD,D,C, 0 , 0 , 0 , 0 , 0 , 0 , 0 , 0 , 0 , 0 , 1 , 100 , 0 
31-Jan-2006 10:28,200511,STANSTED,SPAIN(CANARY ISLANDS),LAS PALMAS,THOMSONFLY LTD,A,C, 5 , 0 , 80 , 0 , 20 , 0 , 0 , 0 , 10.2 , 0 , 8 , 100 , 0.125 
31-Jan-2006 10:28,200511,STANSTED,SPAIN(CANARY ISLANDS),LAS PALMAS,THOMSONFLY LTD,D,C, 4 , 0 , 75 , 0 , 25 , 0 , 0 , 0 , 15.75 , 0 , 9 , 100 , 3.55555555555556 
31-Jan-2006 10:28,200511,STANSTED,SPAIN(CANARY ISLANDS),TENERIFE (SURREINA SOFIA),FIRST CHOICE AIRWAYS LTD,A,C, 4 , 0 , 100 , 0 , 0 , 0 , 0 , 0 , 0 , 0 , 9 , 88.8888888888889 , 6.44444444444444 
31-Jan-2006 10:28,200511,STANSTED,SPAIN(CANARY ISLANDS),TENERIFE (SURREINA SOFIA),FIRST CHOICE AIRWAYS LTD,D,C, 4 , 0 , 100 , 0 , 0 , 0 , 0 , 0 , 7.75 , 0 , 9 , 77.7777777777778 , 7.66666666666667 
31-Jan-2006 10:28,200511,STANSTED,SPAIN(CANARY ISLANDS),TENERIFE (SURREINA SOFIA),FLYGLOBESPAN,A,S, 29 , 0 , 55.1724137931034 , 10.3448275862069 , 20.6896551724138 , 13.7931034482759 , 0 , 0 , 25.9655172413793 , 1 , 0 , 0 , 0 
31-Jan-2006 10:28,200511,STANSTED,SPAIN(CANARY ISLANDS),TENERIFE (SURREINA SOFIA),FLYGLOBESPAN,D,S, 30 , 0 , 66.6666666666667 , 20 , 10 , 3.33333333333333 , 0 , 0 , 13.3666666666667 , 0 , 0 , 0 , 0 
31-Jan-2006 10:28,200511,STANSTED,SPAIN(CANARY ISLANDS),TENERIFE (SURREINA SOFIA),THOMAS COOK AIRLINES LTD,A,C, 4 , 0 , 75 , 25 , 0 , 0 , 0 , 0 , 5 , 0 , 4 , 75 , 9.75 
31-Jan-2006 10:28,200511,STANSTED,SPAIN(CANARY ISLANDS),TENERIFE (SURREINA SOFIA),THOMAS COOK AIRLINES LTD,D,C, 4 , 0 , 100 , 0 , 0 , 0 , 0 , 0 , 3 , 0 , 4 , 75 , 16.5 
31-Jan-2006 10:28,200511,STANSTED,SPAIN(CANARY ISLANDS),TENERIFE (SURREINA SOFIA),THOMSONFLY LTD,A,C, 9 , 0 , 55.5555555555556 , 44.4444444444444 , 0 , 0 , 0 , 0 , 10.4444444444444 , 0 , 10 , 100 , 1.3 
31-Jan-2006 10:28,200511,STANSTED,SPAIN(CANARY ISLANDS),TENERIFE (SURREINA SOFIA),THOMSONFLY LTD,D,C, 9 , 0 , 88.8888888888889 , 0 , 11.1111111111111 , 0 , 0 , 0 , 8.88888888888889 , 0 , 9 , 88.8888888888889 , 2.66666666666667 
31-Jan-2006 10:28,200511,STANSTED,SWEDEN,GOTEBORG (SAVE),RYANAIR,A,S, 79 , 0 , 81.0126582278481 , 11.3924050632911 , 5.06329113924051 , 2.53164556962025 , 0 , 0 , 8.51898734177215 , 0 , 85 , 90.5882352941177 , 4.74117647058824 
31-Jan-2006 10:28,200511,STANSTED,SWEDEN,GOTEBORG (SAVE),RYANAIR,D,S, 79 , 0 , 58.2278481012658 , 26.5822784810127 , 12.6582278481013 , 2.53164556962025 , 0 , 0 , 15.2911392405063 , 0 , 86 , 84.8837209302326 , 9.37209302325581 
31-Jan-2006 10:28,200511,STANSTED,SWEDEN,MALMO,RYANAIR,A,S, 47 , 1 , 76.5957446808511 , 14.8936170212766 , 2.12765957446809 , 6.38297872340426 , 0 , 0 , 13.4893617021277 , 1 , 51 , 86.2745098039216 , 10.7058823529412 
31-Jan-2006 10:28,200511,STANSTED,SWEDEN,MALMO,RYANAIR,D,S, 46 , 1 , 73.9130434782609 , 13.0434782608696 , 8.69565217391304 , 4.34782608695652 , 0 , 0 , 15.8695652173913 , 0 , 52 , 51.9230769230769 , 15.9807692307692 
31-Jan-2006 10:28,200511,STANSTED,SWEDEN,STOCKHOLM (SKAVSTA),RYANAIR,A,S, 79 , 0 , 88.6075949367089 , 6.32911392405063 , 2.53164556962025 , 2.53164556962025 , 0 , 0 , 7.37974683544304 , 0 , 86 , 75.5813953488372 , 24.3953488372093 
31-Jan-2006 10:28,200511,STANSTED,SWEDEN,STOCKHOLM (SKAVSTA),RYANAIR,D,S, 79 , 0 , 91.1392405063291 , 3.79746835443038 , 2.53164556962025 , 2.53164556962025 , 0 , 0 , 7.32911392405063 , 0 , 86 , 89.5348837209302 , 6.05813953488372 
31-Jan-2006 10:28,200511,STANSTED,SWEDEN,VASTERAS,RYANAIR,A,S, 0 , 1 , 0 , 0 , 0 , 0 , 0 , 0 , 0 , 0 , 59 , 88.135593220339 , 4.28813559322034 
31-Jan-2006 10:28,200511,STANSTED,SWEDEN,VASTERAS,RYANAIR,D,S, 0 , 0 , 0 , 0 , 0 , 0 , 0 , 0 , 0 , 0 , 60 , 75 , 10.8333333333333 
31-Jan-2006 10:28,200511,STANSTED,SWITZERLAND,BASLE MULHOUSE,EASYJET AIRLINE COMPANY LTD,A,S, 30 , 0 , 90 , 6.66666666666667 , 0 , 3.33333333333333 , 0 , 0 , 6.93333333333333 , 0 , 30 , 83.3333333333333 , 7.46666666666667 
31-Jan-2006 10:28,200511,STANSTED,SWITZERLAND,BASLE MULHOUSE,EASYJET AIRLINE COMPANY LTD,D,S, 30 , 0 , 90 , 3.33333333333333 , 3.33333333333333 , 3.33333333333333 , 0 , 0 , 10.0333333333333 , 0 , 30 , 83.3333333333333 , 5.86666666666667 
31-Jan-2006 10:28,200511,STANSTED,SWITZERLAND,GENEVA,BRITISH AIRWAYS CITIEXPRESS LTD,A,S, 0 , 1 , 0 , 0 , 0 , 0 , 0 , 0 , 0 , 0 , 0 , 0 , 0 
31-Jan-2006 10:28,200511,STANSTED,SWITZERLAND,GENEVA,EASYJET AIRLINE COMPANY LTD,A,S, 0 , 1 , 0 , 0 , 0 , 0 , 0 , 0 , 0 , 0 , 0 , 0 , 0 
31-Jan-2006 10:28,200511,STANSTED,SWITZERLAND,ZURICH,SWISS AIRLINES,A,S, 0 , 1 , 0 , 0 , 0 , 0 , 0 , 0 , 0 , 2 , 0 , 0 , 0 
31-Jan-2006 10:28,200511,STANSTED,TUNISIA,MONASTIR,NOUVELAIR TUNISIE,A,C, 1 , 0 , 100 , 0 , 0 , 0 , 0 , 0 , 9 , 0 , 3 , 33.3333333333333 , 22.6666666666667 
31-Jan-2006 10:28,200511,STANSTED,TUNISIA,MONASTIR,NOUVELAIR TUNISIE,D,C, 1 , 0 , 100 , 0 , 0 , 0 , 0 , 0 , 10 , 0 , 3 , 0 , 27.3333333333333 
31-Jan-2006 10:28,200511,STANSTED,TURKEY,ANTALYA,KIBRIS TURKISH AIRLINES - KTHY,A,S, 15 , 0 , 33.3333333333333 , 46.6666666666667 , 20 , 0 , 0 , 0 , 20.0666666666667 , 0 , 13 , 69.2307692307692 , 12.5384615384615 
31-Jan-2006 10:28,200511,STANSTED,TURKEY,ANTALYA,KIBRIS TURKISH AIRLINES - KTHY,D,S, 15 , 0 , 40 , 40 , 20 , 0 , 0 , 0 , 19.9333333333333 , 0 , 13 , 61.5384615384615 , 29.5384615384615 
31-Jan-2006 10:28,200511,STANSTED,TURKEY,ANTALYA,THOMAS COOK AIRLINES LTD,A,C, 5 , 0 , 100 , 0 , 0 , 0 , 0 , 0 , 0 , 0 , 4 , 100 , 6 
31-Jan-2006 10:28,200511,STANSTED,TURKEY,ANTALYA,THOMAS COOK AIRLINES LTD,D,C, 3 , 0 , 100 , 0 , 0 , 0 , 0 , 0 , 1 , 0 , 3 , 66.6666666666667 , 6 
31-Jan-2006 10:28,200511,STANSTED,TURKEY,BODRUM (MILAS),FIRST CHOICE AIRWAYS LTD,A,C, 0 , 0 , 0 , 0 , 0 , 0 , 0 , 0 , 0 , 0 , 1 , 100 , 0 
31-Jan-2006 10:28,200511,STANSTED,TURKEY,DALAMAN,KIBRIS TURKISH AIRLINES - KTHY,A,S, 4 , 0 , 100 , 0 , 0 , 0 , 0 , 0 , 6.5 , 0 , 0 , 0 , 0 
31-Jan-2006 10:28,200511,STANSTED,TURKEY,DALAMAN,KIBRIS TURKISH AIRLINES - KTHY,D,S, 4 , 0 , 75 , 25 , 0 , 0 , 0 , 0 , 9 , 0 , 0 , 0 , 0 
31-Jan-2006 10:28,200511,STANSTED,TURKEY,DALAMAN,THOMAS COOK AIRLINES LTD,A,C, 0 , 0 , 0 , 0 , 0 , 0 , 0 , 0 , 0 , 0 , 2 , 100 , 0 
31-Jan-2006 10:28,200511,STANSTED,TURKEY,ISTANBUL,FLY AIR,A,C, 0 , 0 , 0 , 0 , 0 , 0 , 0 , 0 , 0 , 0 , 4 , 75 , 11.5 
31-Jan-2006 10:28,200511,STANSTED,TURKEY,ISTANBUL,FLY AIR,D,C, 0 , 0 , 0 , 0 , 0 , 0 , 0 , 0 , 0 , 0 , 4 , 100 , 3.25 
31-Jan-2006 10:28,200511,STANSTED,TURKEY,ISTANBUL,ONUR AIR,A,C, 1 , 0 , 0 , 0 , 100 , 0 , 0 , 0 , 52 , 0 , 6 , 66.6666666666667 , 15 
31-Jan-2006 10:28,200511,STANSTED,TURKEY,ISTANBUL,ONUR AIR,D,C, 1 , 0 , 0 , 0 , 100 , 0 , 0 , 0 , 57 , 0 , 6 , 50 , 31 
31-Jan-2006 10:28,200511,STANSTED,TURKEY,ISTANBUL,THY TURK HAVA YOLLARI TURKISH,A,S, 8 , 0 , 87.5 , 0 , 0 , 12.5 , 0 , 0 , 12.125 , 0 , 0 , 0 , 0 
31-Jan-2006 10:28,200511,STANSTED,TURKEY,ISTANBUL,THY TURK HAVA YOLLARI TURKISH,D,S, 8 , 0 , 50 , 12.5 , 25 , 12.5 , 0 , 0 , 25.5 , 0 , 0 , 0 , 0 
31-Jan-2006 10:28,200511,STANSTED,TURKEY,IZMIR (ADNAM MENDERES),CHANNEL EXPRESS LTD ALSO T/A JET2.COM,A,C, 1 , 0 , 0 , 0 , 0 , 0 , 100 , 0 , 312 , 0 , 0 , 0 , 0 
31-Jan-2006 10:28,200511,STANSTED,TURKEY,IZMIR (ADNAM MENDERES),CHANNEL EXPRESS LTD ALSO T/A JET2.COM,D,C, 1 , 0 , 0 , 0 , 0 , 0 , 100 , 0 , 329 , 0 , 0 , 0 , 0 
31-Jan-2006 10:28,200511,STANSTED,TURKEY,IZMIR (ADNAM MENDERES),KIBRIS TURKISH AIRLINES - KTHY,A,S, 4 , 0 , 75 , 25 , 0 , 0 , 0 , 0 , 11.75 , 0 , 4 , 100 , 4 
31-Jan-2006 10:28,200511,STANSTED,TURKEY,IZMIR (ADNAM MENDERES),KIBRIS TURKISH AIRLINES - KTHY,D,S, 4 , 0 , 75 , 25 , 0 , 0 , 0 , 0 , 13 , 0 , 4 , 75 , 17.75 
31-Jan-2006 10:28,200511,STANSTED,UNITED ARAB EMIRATES,DUBAI,EXCEL AIRWAYS LTD,D,C, 0 , 1 , 0 , 0 , 0 , 0 , 0 , 0 , 0 , 0 , 0 , 0 , 0 
31-Jan-2006 10:28,200511,STANSTED,UNITED KINGDOM,BELFAST INTERNATIONAL,EASYJET AIRLINE COMPANY LTD,A,S, 137 , 0 , 86.1313868613139 , 2.91970802919708 , 4.37956204379562 , 5.83941605839416 , 0.72992700729927 , 0 , 11.4160583941606 , 1 , 138 , 89.1304347826087 , 7.86231884057971 
31-Jan-2006 10:28,200511,STANSTED,UNITED KINGDOM,BELFAST INTERNATIONAL,EASYJET AIRLINE COMPANY LTD,D,S, 138 , 0 , 78.2608695652174 , 10.8695652173913 , 3.6231884057971 , 7.2463768115942 , 0 , 0 , 13.2826086956522 , 0 , 138 , 76.0869565217391 , 14.4927536231884 
31-Jan-2006 10:28,200511,STANSTED,UNITED KINGDOM,BLACKPOOL,RYANAIR,A,S, 38 , 1 , 86.8421052631579 , 5.26315789473684 , 5.26315789473684 , 2.63157894736842 , 0 , 0 , 8.21052631578947 , 2 , 52 , 96.1538461538462 , 3.80769230769231 
31-Jan-2006 10:28,200511,STANSTED,UNITED KINGDOM,BLACKPOOL,RYANAIR,D,S, 39 , 0 , 71.7948717948718 , 15.3846153846154 , 7.69230769230769 , 5.12820512820513 , 0 , 0 , 13.2051282051282 , 1 , 52 , 92.3076923076923 , 8.61538461538462 
31-Jan-2006 10:28,200511,STANSTED,UNITED KINGDOM,CITY OF DERRY (EGLINTON),RYANAIR,A,S, 46 , 1 , 82.6086956521739 , 8.69565217391304 , 6.52173913043478 , 2.17391304347826 , 0 , 0 , 9.06521739130435 , 2 , 30 , 90 , 2.33333333333333 
31-Jan-2006 10:28,200511,STANSTED,UNITED KINGDOM,CITY OF DERRY (EGLINTON),RYANAIR,D,S, 48 , 0 , 66.6666666666667 , 22.9166666666667 , 8.33333333333333 , 2.08333333333333 , 0 , 0 , 15.0833333333333 , 0 , 30 , 90 , 4.46666666666667 
31-Jan-2006 10:28,200511,STANSTED,UNITED KINGDOM,EDINBURGH,EASYJET AIRLINE COMPANY LTD,A,S, 164 , 0 , 85.9756097560976 , 7.31707317073171 , 4.26829268292683 , 1.21951219512195 , 1.21951219512195 , 0 , 8.20121951219512 , 2 , 186 , 78.494623655914 , 10.5537634408602 
31-Jan-2006 10:28,200511,STANSTED,UNITED KINGDOM,EDINBURGH,EASYJET AIRLINE COMPANY LTD,D,S, 166 , 0 , 77.710843373494 , 10.8433734939759 , 7.83132530120482 , 3.6144578313253 , 0 , 0 , 12.1987951807229 , 4 , 186 , 67.741935483871 , 14.2956989247312 
31-Jan-2006 10:28,200511,STANSTED,UNITED KINGDOM,EDINBURGH,FLIGHTLINE LTD,D,C, 0 , 1 , 0 , 0 , 0 , 0 , 0 , 0 , 0 , 0 , 0 , 0 , 0 
31-Jan-2006 10:28,200511,STANSTED,UNITED KINGDOM,EDINBURGH,FLYGLOBESPAN,A,S, 52 , 0 , 90.3846153846154 , 0 , 1.92307692307692 , 7.69230769230769 , 0 , 0 , 7.30769230769231 , 0 , 0 , 0 , 0 
31-Jan-2006 10:28,200511,STANSTED,UNITED KINGDOM,EDINBURGH,FLYGLOBESPAN,D,S, 52 , 0 , 76.9230769230769 , 5.76923076923077 , 11.5384615384615 , 5.76923076923077 , 0 , 0 , 12.5384615384615 , 0 , 0 , 0 , 0 
31-Jan-2006 10:28,200511,STANSTED,UNITED KINGDOM,GATWICK,EXCEL AIRWAYS LTD,A,C, 0 , 1 , 0 , 0 , 0 , 0 , 0 , 0 , 0 , 0 , 0 , 0 , 0 
31-Jan-2006 10:28,200511,STANSTED,UNITED KINGDOM,GLASGOW,EASYJET AIRLINE COMPANY LTD,A,S, 138 , 0 , 91.304347826087 , 5.07246376811594 , 2.89855072463768 , 0 , 0 , 0.72463768115942 , 6.42753623188406 , 0 , 138 , 91.304347826087 , 4.52898550724638 
31-Jan-2006 10:28,200511,STANSTED,UNITED KINGDOM,GLASGOW,EASYJET AIRLINE COMPANY LTD,D,S, 138 , 0 , 77.536231884058 , 13.768115942029 , 5.79710144927536 , 2.89855072463768 , 0 , 0 , 10.3260869565217 , 0 , 138 , 84.0579710144928 , 9.77536231884058 
31-Jan-2006 10:28,200511,STANSTED,UNITED KINGDOM,GLASGOW,FLYGLOBESPAN,A,S, 52 , 0 , 82.6923076923077 , 11.5384615384615 , 3.84615384615385 , 1.92307692307692 , 0 , 0 , 7.76923076923077 , 0 , 0 , 0 , 0 
31-Jan-2006 10:28,200511,STANSTED,UNITED KINGDOM,GLASGOW,FLYGLOBESPAN,D,S, 52 , 0 , 75 , 15.3846153846154 , 7.69230769230769 , 1.92307692307692 , 0 , 0 , 10.9423076923077 , 0 , 0 , 0 , 0 
31-Jan-2006 10:28,200511,STANSTED,UNITED KINGDOM,GUERNSEY,AURIGNY AIR SERVICES,A,S, 29 , 0 , 96.551724137931 , 0 , 0 , 3.44827586206897 , 0 , 0 , 4.27586206896552 , 1 , 110 , 88.1818181818182 , 7.39090909090909 
31-Jan-2006 10:28,200511,STANSTED,UNITED KINGDOM,GUERNSEY,AURIGNY AIR SERVICES,D,S, 29 , 0 , 89.6551724137931 , 6.89655172413793 , 0 , 3.44827586206897 , 0 , 0 , 6.62068965517241 , 1 , 109 , 84.4036697247707 , 9.02752293577982 
31-Jan-2006 10:28,200511,STANSTED,UNITED KINGDOM,ISLE OF MAN,ROSSAIR EUROPE,A,S, 0 , 0 , 0 , 0 , 0 , 0 , 0 , 0 , 0 , 0 , 52 , 63.4615384615385 , 20.8846153846154 
31-Jan-2006 10:28,200511,STANSTED,UNITED KINGDOM,ISLE OF MAN,ROSSAIR EUROPE,D,S, 0 , 0 , 0 , 0 , 0 , 0 , 0 , 0 , 0 , 0 , 51 , 82.3529411764706 , 14.3529411764706 
31-Jan-2006 10:28,200511,STANSTED,UNITED KINGDOM,LUTON,EASYJET AIRLINE COMPANY LTD,D,S, 1 , 0 , 0 , 0 , 100 , 0 , 0 , 0 , 55 , 0 , 0 , 0 , 0 
31-Jan-2006 10:28,200511,STANSTED,UNITED KINGDOM,MANCHESTER,CITY AIRLINE,D,C, 0 , 1 , 0 , 0 , 0 , 0 , 0 , 0 , 0 , 0 , 0 , 0 , 0 
31-Jan-2006 10:28,200511,STANSTED,UNITED KINGDOM,MANCHESTER,EASTERN AIRWAYS,A,S, 60 , 0 , 83.3333333333333 , 6.66666666666667 , 3.33333333333333 , 5 , 1.66666666666667 , 0 , 16.9166666666667 , 6 , 65 , 96.9230769230769 , 2.26153846153846 
31-Jan-2006 10:28,200511,STANSTED,UNITED KINGDOM,MANCHESTER,EASTERN AIRWAYS,D,S, 60 , 0 , 83.3333333333333 , 5 , 3.33333333333333 , 6.66666666666667 , 1.66666666666667 , 0 , 16.7 , 6 , 65 , 90.7692307692308 , 6.21538461538462 
31-Jan-2006 10:28,200511,STANSTED,UNITED KINGDOM,NEWCASTLE,EASYJET AIRLINE COMPANY LTD,A,S, 116 , 0 , 65.5172413793103 , 18.1034482758621 , 9.48275862068965 , 6.03448275862069 , 0.862068965517241 , 0 , 17.7068965517241 , 0 , 112 , 96.4285714285714 , 1.875 
31-Jan-2006 10:28,200511,STANSTED,UNITED KINGDOM,NEWCASTLE,EASYJET AIRLINE COMPANY LTD,D,S, 116 , 0 , 56.0344827586207 , 24.1379310344828 , 13.7931034482759 , 6.03448275862069 , 0 , 0 , 19.6206896551724 , 0 , 112 , 83.0357142857143 , 8.5625 
31-Jan-2006 10:28,200511,STANSTED,UNITED KINGDOM,NEWCASTLE,EUROPEAN AIR CHARTER,D,C, 1 , 0 , 100 , 0 , 0 , 0 , 0 , 0 , 2 , 0 , 0 , 0 , 0 
31-Jan-2006 10:28,200511,STANSTED,UNITED KINGDOM,NEWQUAY,EASTERN AIRWAYS,A,C, 0 , 1 , 0 , 0 , 0 , 0 , 0 , 0 , 0 , 0 , 0 , 0 , 0 
31-Jan-2006 10:28,200511,STANSTED,UNITED KINGDOM,NEWQUAY,RYANAIR,A,S, 45 , 0 , 80 , 11.1111111111111 , 6.66666666666667 , 2.22222222222222 , 0 , 0 , 8.11111111111111 , 7 , 52 , 96.1538461538462 , 3.53846153846154 
31-Jan-2006 10:28,200511,STANSTED,UNITED KINGDOM,NEWQUAY,RYANAIR,D,S, 46 , 0 , 73.9130434782609 , 13.0434782608696 , 10.8695652173913 , 2.17391304347826 , 0 , 0 , 10.4565217391304 , 6 , 52 , 86.5384615384615 , 7.80769230769231 
31-Jan-2006 10:28,200511,STANSTED,UNITED KINGDOM,PRESTWICK,RYANAIR,A,S, 141 , 0 , 82.9787234042553 , 9.9290780141844 , 4.9645390070922 , 1.41843971631206 , 0 , 0.709219858156028 , 9.68794326241135 , 4 , 176 , 89.7727272727273 , 10.9375 
31-Jan-2006 10:28,200511,STANSTED,UNITED KINGDOM,PRESTWICK,RYANAIR,D,S, 143 , 0 , 81.8181818181818 , 9.09090909090909 , 7.69230769230769 , 0.699300699300699 , 0.699300699300699 , 0 , 9.78321678321678 , 0 , 176 , 88.0681818181818 , 6.9375 
31-Jan-2006 10:28,200511,STANSTED,USA,NEW YORK (JF KENNEDY),EOS AIRLINES,A,S, 10 , 17 , 40 , 20 , 0 , 40 , 0 , 0 , 34.8 , 1 , 0 , 0 , 0 
31-Jan-2006 10:28,200511,STANSTED,USA,NEW YORK (JF KENNEDY),EOS AIRLINES,D,S, 11 , 19 , 72.7272727272727 , 0 , 9.09090909090909 , 18.1818181818182 , 0 , 0 , 28.3636363636364 , 0 , 0 , 0 , 0 
31-Jan-2006 10:28,200511,STANSTED,USA,NEW YORK (JF KENNEDY),MAXJET AIRWAYS,A,S, 20 , 0 , 15 , 10 , 40 , 30 , 5 , 0 , 63.7 , 1 , 0 , 0 , 0 
31-Jan-2006 10:28,200511,STANSTED,USA,NEW YORK (JF KENNEDY),MAXJET AIRWAYS,D,S, 21 , 0 , 90.4761904761905 , 4.76190476190476 , 0 , 0 , 4.76190476190476 , 0 , 17.5238095238095 , 1 , 0 , 0 , 0 
31-Jan-2006 10:28,200511,STANSTED,USA,NEW YORK (NEWARK),TITAN AIRWAYS LTD,D,C, 1 , 0 , 0 , 0 , 100 , 0 , 0 , 0 , 37 , 0 , 0 , 0 , 0 
