run_date,reporting_period,reporting_airport,origin_destination_country,origin_destination,airline_name,arrival_departure,scheduled_charter,number_flights_matched,actual_flights_unmatched,early_to_15_mins_late_percent,flts_16_to_30_mins_late_percent,flts_31_to_60_mins_late_percent,flts_61_to_180_mins_late_percent,flts_181_to_360_mins_late_percent,more_than_360_mins_late_percent,average_delay_mins,planned_flights_unmatched,previous_year_month_flights_matched,previous_year_month_early_to_15_mins_late_percent,previous_year_month_average_delay
24-Aug-2005 11:52,200504,BIRMINGHAM,AUSTRIA,INNSBRUCK,FIRST CHOICE AIRWAYS LTD,A,C, 1 , 0 , 100 , 0 , 0 , 0 , 0 , 0 , 0 , 0 , 1 , 100 , 1 
24-Aug-2005 11:52,200504,BIRMINGHAM,AUSTRIA,SALZBURG,BRITISH AIRWAYS CITIEXPRESS LTD,A,C, 1 , 0 , 100 , 0 , 0 , 0 , 0 , 0 , 0 , 0 , 0 , 0 , 0 
24-Aug-2005 11:52,200504,BIRMINGHAM,AUSTRIA,SALZBURG,FLYBE.BRITISH EUROPEAN,A,S, 3 , 0 , 100 , 0 , 0 , 0 , 0 , 0 , 0 , 0 , 30 , 90 , 5.6 
24-Aug-2005 11:52,200504,BIRMINGHAM,AUSTRIA,SALZBURG,FLYBE.BRITISH EUROPEAN,D,S, 3 , 0 , 66.6666666666667 , 33.3333333333333 , 0 , 0 , 0 , 0 , 6.66666666666667 , 0 , 30 , 73.3333333333333 , 15.3 
24-Aug-2005 11:52,200504,BIRMINGHAM,AUSTRIA,SALZBURG,THOMAS COOK AIRLINES LTD,A,C, 1 , 0 , 100 , 0 , 0 , 0 , 0 , 0 , 1 , 0 , 0 , 0 , 0 
24-Aug-2005 11:52,200504,BIRMINGHAM,AUSTRIA,VIENNA,BRITISH AIRWAYS CITIEXPRESS LTD,A,S, 25 , 0 , 96 , 0 , 4 , 0 , 0 , 0 , 1.84 , 0 , 0 , 0 , 0 
24-Aug-2005 11:52,200504,BIRMINGHAM,AUSTRIA,VIENNA,BRITISH AIRWAYS CITIEXPRESS LTD,D,S, 25 , 0 , 96 , 4 , 0 , 0 , 0 , 0 , 1 , 0 , 0 , 0 , 0 
24-Aug-2005 11:52,200504,BIRMINGHAM,AUSTRIA,VIENNA,DUO AIRWAYS LTD,A,S, 0 , 0 , 0 , 0 , 0 , 0 , 0 , 0 , 0 , 0 , 26 , 88.4615384615385 , 8.23076923076923 
24-Aug-2005 11:52,200504,BIRMINGHAM,AUSTRIA,VIENNA,DUO AIRWAYS LTD,D,S, 0 , 0 , 0 , 0 , 0 , 0 , 0 , 0 , 0 , 0 , 26 , 80.7692307692308 , 7.69230769230769 
24-Aug-2005 11:52,200504,BIRMINGHAM,AUSTRIA,VIENNA,MONARCH AIRLINES,A,C, 3 , 0 , 100 , 0 , 0 , 0 , 0 , 0 , 2 , 0 , 0 , 0 , 0 
24-Aug-2005 11:52,200504,BIRMINGHAM,AUSTRIA,VIENNA,MONARCH AIRLINES,D,C, 3 , 0 , 100 , 0 , 0 , 0 , 0 , 0 , 2 , 0 , 0 , 0 , 0 
24-Aug-2005 11:52,200504,BIRMINGHAM,AZERBAIJAN,BAKU ( HEYDER ALIYEV INT'L ),FLYJET LTD,A,C, 1 , 0 , 100 , 0 , 0 , 0 , 0 , 0 , 0 , 0 , 0 , 0 , 0 
24-Aug-2005 11:52,200504,BIRMINGHAM,BARBADOS,BRIDGETOWN,BRITANNIA AIRWAYS AND THOMSONFLY,A,C, 4 , 0 , 75 , 0 , 0 , 25 , 0 , 0 , 31.25 , 0 , 1 , 0 , 33 
24-Aug-2005 11:52,200504,BIRMINGHAM,BARBADOS,BRIDGETOWN,BRITANNIA AIRWAYS AND THOMSONFLY,D,C, 3 , 0 , 100 , 0 , 0 , 0 , 0 , 0 , 4 , 0 , 0 , 0 , 0 
24-Aug-2005 11:52,200504,BIRMINGHAM,BELGIUM,BRUSSELS,SN BRUSSELS AIRLINES,A,S, 106 , 0 , 95.2830188679245 , 2.83018867924528 , 1.88679245283019 , 0 , 0 , 0 , 2.67924528301887 , 0 , 99 , 85.8585858585859 , 7.55555555555556 
24-Aug-2005 11:52,200504,BIRMINGHAM,BELGIUM,BRUSSELS,SN BRUSSELS AIRLINES,D,S, 107 , 0 , 95.3271028037383 , 2.80373831775701 , 0.934579439252336 , 0.934579439252336 , 0 , 0 , 2.57943925233645 , 0 , 100 , 92 , 4.65 
24-Aug-2005 11:52,200504,BIRMINGHAM,CYPRUS,LARNACA,CYPRUS AIRWAYS,A,S, 9 , 0 , 55.5555555555556 , 11.1111111111111 , 11.1111111111111 , 22.2222222222222 , 0 , 0 , 30.1111111111111 , 0 , 9 , 88.8888888888889 , 10.6666666666667 
24-Aug-2005 11:52,200504,BIRMINGHAM,CYPRUS,LARNACA,CYPRUS AIRWAYS,D,S, 9 , 0 , 44.4444444444444 , 22.2222222222222 , 11.1111111111111 , 22.2222222222222 , 0 , 0 , 36.6666666666667 , 0 , 9 , 44.4444444444444 , 22.8888888888889 
24-Aug-2005 11:52,200504,BIRMINGHAM,CYPRUS,LARNACA,EUROCYPRIA AIRLINES LTD,A,C, 0 , 0 , 0 , 0 , 0 , 0 , 0 , 0 , 0 , 0 , 5 , 80 , 7.4 
24-Aug-2005 11:52,200504,BIRMINGHAM,CYPRUS,LARNACA,EUROCYPRIA AIRLINES LTD,D,C, 0 , 0 , 0 , 0 , 0 , 0 , 0 , 0 , 0 , 0 , 5 , 60 , 16.4 
24-Aug-2005 11:52,200504,BIRMINGHAM,CYPRUS,LARNACA,FIRST CHOICE AIRWAYS LTD,A,C, 0 , 0 , 0 , 0 , 0 , 0 , 0 , 0 , 0 , 0 , 3 , 100 , 0 
24-Aug-2005 11:52,200504,BIRMINGHAM,CYPRUS,LARNACA,FIRST CHOICE AIRWAYS LTD,D,C, 0 , 0 , 0 , 0 , 0 , 0 , 0 , 0 , 0 , 0 , 4 , 100 , 1.25 
24-Aug-2005 11:52,200504,BIRMINGHAM,CYPRUS,LARNACA,HELIOS AIRWAYS LTD,A,S, 5 , 0 , 40 , 0 , 40 , 20 , 0 , 0 , 36 , 0 , 0 , 0 , 0 
24-Aug-2005 11:52,200504,BIRMINGHAM,CYPRUS,LARNACA,HELIOS AIRWAYS LTD,D,S, 5 , 0 , 40 , 0 , 20 , 40 , 0 , 0 , 40.6 , 0 , 0 , 0 , 0 
24-Aug-2005 11:52,200504,BIRMINGHAM,CYPRUS,LARNACA,THOMAS COOK AIRLINES LTD,A,C, 0 , 0 , 0 , 0 , 0 , 0 , 0 , 0 , 0 , 0 , 3 , 66.6666666666667 , 14.6666666666667 
24-Aug-2005 11:52,200504,BIRMINGHAM,CYPRUS,LARNACA,THOMAS COOK AIRLINES LTD,D,C, 0 , 0 , 0 , 0 , 0 , 0 , 0 , 0 , 0 , 0 , 4 , 50 , 23.5 
24-Aug-2005 11:52,200504,BIRMINGHAM,CYPRUS,PAPHOS,BRITANNIA AIRWAYS AND THOMSONFLY,A,C, 9 , 0 , 100 , 0 , 0 , 0 , 0 , 0 , 1.33333333333333 , 0 , 6 , 100 , 0.5 
24-Aug-2005 11:52,200504,BIRMINGHAM,CYPRUS,PAPHOS,BRITANNIA AIRWAYS AND THOMSONFLY,D,C, 9 , 0 , 100 , 0 , 0 , 0 , 0 , 0 , 3 , 0 , 7 , 100 , 9 
24-Aug-2005 11:52,200504,BIRMINGHAM,CYPRUS,PAPHOS,EUROCYPRIA AIRLINES LTD,A,C, 4 , 0 , 100 , 0 , 0 , 0 , 0 , 0 , 0 , 0 , 4 , 75 , 25.25 
24-Aug-2005 11:52,200504,BIRMINGHAM,CYPRUS,PAPHOS,EUROCYPRIA AIRLINES LTD,D,C, 4 , 0 , 100 , 0 , 0 , 0 , 0 , 0 , 0.75 , 0 , 6 , 83.3333333333333 , 19.3333333333333 
24-Aug-2005 11:52,200504,BIRMINGHAM,CYPRUS,PAPHOS,FIRST CHOICE AIRWAYS LTD,A,S, 4 , 0 , 75 , 25 , 0 , 0 , 0 , 0 , 8.25 , 0 , 4 , 50 , 25.5 
24-Aug-2005 11:52,200504,BIRMINGHAM,CYPRUS,PAPHOS,FIRST CHOICE AIRWAYS LTD,D,S, 4 , 0 , 100 , 0 , 0 , 0 , 0 , 0 , 3 , 0 , 4 , 75 , 22 
24-Aug-2005 11:52,200504,BIRMINGHAM,CYPRUS,PAPHOS,HELIOS AIRWAYS LTD,A,S, 0 , 0 , 0 , 0 , 0 , 0 , 0 , 0 , 0 , 0 , 5 , 80 , 7 
24-Aug-2005 11:52,200504,BIRMINGHAM,CYPRUS,PAPHOS,HELIOS AIRWAYS LTD,D,S, 0 , 0 , 0 , 0 , 0 , 0 , 0 , 0 , 0 , 0 , 5 , 80 , 14 
24-Aug-2005 11:52,200504,BIRMINGHAM,CYPRUS,PAPHOS,THOMAS COOK AIRLINES LTD,A,C, 4 , 0 , 100 , 0 , 0 , 0 , 0 , 0 , 1.75 , 0 , 0 , 0 , 0 
24-Aug-2005 11:52,200504,BIRMINGHAM,CYPRUS,PAPHOS,THOMAS COOK AIRLINES LTD,D,C, 4 , 0 , 100 , 0 , 0 , 0 , 0 , 0 , 2 , 0 , 0 , 0 , 0 
24-Aug-2005 11:52,200504,BIRMINGHAM,CZECH REPUBLIC,PRAGUE,ASTRAEUS LTD,A,C, 0 , 0 , 0 , 0 , 0 , 0 , 0 , 0 , 0 , 0 , 1 , 100 , 5 
24-Aug-2005 11:52,200504,BIRMINGHAM,CZECH REPUBLIC,PRAGUE,ASTRAEUS LTD,D,C, 0 , 0 , 0 , 0 , 0 , 0 , 0 , 0 , 0 , 0 , 1 , 100 , 0 
24-Aug-2005 11:52,200504,BIRMINGHAM,CZECH REPUBLIC,PRAGUE,BMIBABY LTD,A,S, 30 , 0 , 80 , 3.33333333333333 , 6.66666666666667 , 10 , 0 , 0 , 15.1 , 0 , 0 , 0 , 0 
24-Aug-2005 11:52,200504,BIRMINGHAM,CZECH REPUBLIC,PRAGUE,BMIBABY LTD,D,S, 30 , 0 , 63.3333333333333 , 10 , 13.3333333333333 , 13.3333333333333 , 0 , 0 , 25.2333333333333 , 0 , 0 , 0 , 0 
24-Aug-2005 11:52,200504,BIRMINGHAM,CZECH REPUBLIC,PRAGUE,CSA,A,S, 55 , 0 , 90.9090909090909 , 7.27272727272727 , 1.81818181818182 , 0 , 0 , 0 , 4.25454545454545 , 0 , 26 , 96.1538461538462 , 1.5 
24-Aug-2005 11:52,200504,BIRMINGHAM,CZECH REPUBLIC,PRAGUE,CSA,D,S, 56 , 0 , 62.5 , 32.1428571428571 , 5.35714285714286 , 0 , 0 , 0 , 12.8392857142857 , 0 , 26 , 84.6153846153846 , 8.30769230769231 
24-Aug-2005 11:52,200504,BIRMINGHAM,DENMARK,BILLUND,SUN AIR OF SCANDINAVIA,A,S, 18 , 0 , 27.7777777777778 , 22.2222222222222 , 22.2222222222222 , 22.2222222222222 , 5.55555555555556 , 0 , 45.8888888888889 , 5 , 0 , 0 , 0 
24-Aug-2005 11:52,200504,BIRMINGHAM,DENMARK,BILLUND,SUN AIR OF SCANDINAVIA,D,S, 21 , 0 , 33.3333333333333 , 23.8095238095238 , 19.047619047619 , 19.047619047619 , 4.76190476190476 , 0 , 41.6190476190476 , 2 , 0 , 0 , 0 
24-Aug-2005 11:52,200504,BIRMINGHAM,DENMARK,COPENHAGEN,DUO AIRWAYS LTD,A,S, 0 , 0 , 0 , 0 , 0 , 0 , 0 , 0 , 0 , 0 , 45 , 84.4444444444444 , 10.2222222222222 
24-Aug-2005 11:52,200504,BIRMINGHAM,DENMARK,COPENHAGEN,DUO AIRWAYS LTD,D,S, 0 , 0 , 0 , 0 , 0 , 0 , 0 , 0 , 0 , 0 , 45 , 73.3333333333333 , 14.1777777777778 
24-Aug-2005 11:52,200504,BIRMINGHAM,DENMARK,COPENHAGEN,SAS,A,S, 56 , 0 , 89.2857142857143 , 5.35714285714286 , 3.57142857142857 , 1.78571428571429 , 0 , 0 , 6.26785714285714 , 0 , 63 , 90.4761904761905 , 6.36507936507936 
24-Aug-2005 11:52,200504,BIRMINGHAM,DENMARK,COPENHAGEN,SAS,D,S, 56 , 0 , 82.1428571428572 , 12.5 , 3.57142857142857 , 1.78571428571429 , 0 , 0 , 9.625 , 0 , 63 , 84.1269841269841 , 9.09523809523809 
24-Aug-2005 11:52,200504,BIRMINGHAM,DOMINICAN REPUBLIC,PUERTO PLATA,BRITANNIA AIRWAYS AND THOMSONFLY,A,C, 0 , 0 , 0 , 0 , 0 , 0 , 0 , 0 , 0 , 0 , 3 , 66.6666666666667 , 10 
24-Aug-2005 11:52,200504,BIRMINGHAM,DOMINICAN REPUBLIC,PUERTO PLATA,BRITANNIA AIRWAYS AND THOMSONFLY,D,C, 0 , 0 , 0 , 0 , 0 , 0 , 0 , 0 , 0 , 0 , 4 , 100 , 1.25 
24-Aug-2005 11:52,200504,BIRMINGHAM,DOMINICAN REPUBLIC,PUERTO PLATA,MY TRAVEL AIRWAYS UK,A,C, 0 , 0 , 0 , 0 , 0 , 0 , 0 , 0 , 0 , 0 , 1 , 0 , 168 
24-Aug-2005 11:52,200504,BIRMINGHAM,DOMINICAN REPUBLIC,PUERTO PLATA,MY TRAVEL AIRWAYS UK,D,C, 0 , 0 , 0 , 0 , 0 , 0 , 0 , 0 , 0 , 0 , 1 , 0 , 27 
24-Aug-2005 11:52,200504,BIRMINGHAM,EGYPT,LUXOR,BRITANNIA AIRWAYS AND THOMSONFLY,A,C, 4 , 0 , 75 , 0 , 0 , 0 , 0 , 25 , 242 , 0 , 0 , 0 , 0 
24-Aug-2005 11:52,200504,BIRMINGHAM,EGYPT,LUXOR,BRITANNIA AIRWAYS AND THOMSONFLY,D,C, 4 , 0 , 100 , 0 , 0 , 0 , 0 , 0 , 3.5 , 0 , 0 , 0 , 0 
24-Aug-2005 11:52,200504,BIRMINGHAM,FINLAND,HELSINKI,CITY AIRLINE,A,S, 25 , 0 , 68 , 16 , 8 , 8 , 0 , 0 , 14.64 , 0 , 25 , 92 , 5.32 
24-Aug-2005 11:52,200504,BIRMINGHAM,FINLAND,HELSINKI,CITY AIRLINE,D,S, 21 , 0 , 85.7142857142857 , 9.52380952380952 , 4.76190476190476 , 0 , 0 , 0 , 8.38095238095238 , 0 , 19 , 89.4736842105263 , 5.57894736842105 
24-Aug-2005 11:52,200504,BIRMINGHAM,FINLAND,HELSINKI,DUO AIRWAYS LTD,A,S, 0 , 0 , 0 , 0 , 0 , 0 , 0 , 0 , 0 , 0 , 23 , 52.1739130434783 , 21.2173913043478 
24-Aug-2005 11:52,200504,BIRMINGHAM,FINLAND,HELSINKI,DUO AIRWAYS LTD,D,S, 0 , 0 , 0 , 0 , 0 , 0 , 0 , 0 , 0 , 0 , 22 , 81.8181818181818 , 9.77272727272727 
24-Aug-2005 11:52,200504,BIRMINGHAM,FRANCE,BERGERAC,FLYBE.BRITISH EUROPEAN,A,S, 13 , 0 , 84.6153846153846 , 15.3846153846154 , 0 , 0 , 0 , 0 , 4.92307692307692 , 1 , 0 , 0 , 0 
24-Aug-2005 11:52,200504,BIRMINGHAM,FRANCE,BERGERAC,FLYBE.BRITISH EUROPEAN,D,S, 14 , 0 , 57.1428571428571 , 21.4285714285714 , 21.4285714285714 , 0 , 0 , 0 , 15.8571428571429 , 0 , 0 , 0 , 0 
24-Aug-2005 11:52,200504,BIRMINGHAM,FRANCE,BORDEAUX,FLYBE.BRITISH EUROPEAN,A,S, 0 , 1 , 0 , 0 , 0 , 0 , 0 , 0 , 0 , 0 , 0 , 0 , 0 
24-Aug-2005 11:52,200504,BIRMINGHAM,FRANCE,BREST,FLYBE.BRITISH EUROPEAN,A,S, 12 , 0 , 91.6666666666667 , 0 , 0 , 8.33333333333333 , 0 , 0 , 14.4166666666667 , 0 , 0 , 0 , 0 
24-Aug-2005 11:52,200504,BIRMINGHAM,FRANCE,BREST,FLYBE.BRITISH EUROPEAN,D,S, 12 , 0 , 91.6666666666667 , 0 , 0 , 0 , 8.33333333333333 , 0 , 16.5 , 0 , 0 , 0 , 0 
24-Aug-2005 11:52,200504,BIRMINGHAM,FRANCE,CHAMBERY,BRITISH AIRWAYS CITIEXPRESS LTD,A,C, 2 , 3 , 0 , 100 , 0 , 0 , 0 , 0 , 18 , 0 , 5 , 40 , 27.6 
24-Aug-2005 11:52,200504,BIRMINGHAM,FRANCE,CHAMBERY,BRITISH AIRWAYS CITIEXPRESS LTD,D,C, 2 , 2 , 50 , 50 , 0 , 0 , 0 , 0 , 15 , 0 , 2 , 50 , 34.5 
24-Aug-2005 11:52,200504,BIRMINGHAM,FRANCE,CHAMBERY,EXCEL AIRWAYS LTD,A,C, 3 , 0 , 100 , 0 , 0 , 0 , 0 , 0 , 2 , 0 , 3 , 100 , 0 
24-Aug-2005 11:52,200504,BIRMINGHAM,FRANCE,CHAMBERY,EXCEL AIRWAYS LTD,D,C, 2 , 0 , 100 , 0 , 0 , 0 , 0 , 0 , 1 , 0 , 2 , 100 , 4 
24-Aug-2005 11:52,200504,BIRMINGHAM,FRANCE,CHAMBERY,FLYBE.BRITISH EUROPEAN,A,C, 2 , 0 , 50 , 50 , 0 , 0 , 0 , 0 , 11 , 0 , 0 , 0 , 0 
24-Aug-2005 11:52,200504,BIRMINGHAM,FRANCE,CHAMBERY,FLYBE.BRITISH EUROPEAN,A,S, 3 , 0 , 33.3333333333333 , 0 , 66.6666666666667 , 0 , 0 , 0 , 29.3333333333333 , 0 , 0 , 0 , 0 
24-Aug-2005 11:52,200504,BIRMINGHAM,FRANCE,CHAMBERY,FLYBE.BRITISH EUROPEAN,D,C, 1 , 1 , 0 , 100 , 0 , 0 , 0 , 0 , 28 , 0 , 0 , 0 , 0 
24-Aug-2005 11:52,200504,BIRMINGHAM,FRANCE,CHAMBERY,FLYBE.BRITISH EUROPEAN,D,S, 3 , 0 , 33.3333333333333 , 0 , 66.6666666666667 , 0 , 0 , 0 , 35.3333333333333 , 1 , 0 , 0 , 0 
24-Aug-2005 11:52,200504,BIRMINGHAM,FRANCE,GRENOBLE,FIRST CHOICE AIRWAYS LTD,A,C, 2 , 0 , 100 , 0 , 0 , 0 , 0 , 0 , 0 , 0 , 1 , 100 , 6 
24-Aug-2005 11:52,200504,BIRMINGHAM,FRANCE,GRENOBLE,FIRST CHOICE AIRWAYS LTD,D,C, 1 , 0 , 100 , 0 , 0 , 0 , 0 , 0 , 0 , 0 , 0 , 0 , 0 
24-Aug-2005 11:52,200504,BIRMINGHAM,FRANCE,LA ROCHELLE,FLYBE.BRITISH EUROPEAN,A,S, 15 , 0 , 73.3333333333333 , 20 , 0 , 6.66666666666667 , 0 , 0 , 10.4666666666667 , 0 , 0 , 0 , 0 
24-Aug-2005 11:52,200504,BIRMINGHAM,FRANCE,LA ROCHELLE,FLYBE.BRITISH EUROPEAN,D,S, 15 , 0 , 80 , 6.66666666666667 , 6.66666666666667 , 6.66666666666667 , 0 , 0 , 13.8 , 0 , 0 , 0 , 0 
24-Aug-2005 11:52,200504,BIRMINGHAM,FRANCE,LYON,BRITISH AIRWAYS CITIEXPRESS LTD,A,C, 2 , 0 , 100 , 0 , 0 , 0 , 0 , 0 , 5 , 0 , 0 , 0 , 0 
24-Aug-2005 11:52,200504,BIRMINGHAM,FRANCE,LYON,BRITISH AIRWAYS CITIEXPRESS LTD,A,S, 50 , 0 , 94 , 2 , 4 , 0 , 0 , 0 , 4.58 , 0 , 0 , 0 , 0 
24-Aug-2005 11:52,200504,BIRMINGHAM,FRANCE,LYON,BRITISH AIRWAYS CITIEXPRESS LTD,D,C, 2 , 0 , 100 , 0 , 0 , 0 , 0 , 0 , 2.5 , 0 , 0 , 0 , 0 
24-Aug-2005 11:52,200504,BIRMINGHAM,FRANCE,LYON,BRITISH AIRWAYS CITIEXPRESS LTD,D,S, 50 , 0 , 96 , 2 , 2 , 0 , 0 , 0 , 2.32 , 0 , 0 , 0 , 0 
24-Aug-2005 11:52,200504,BIRMINGHAM,FRANCE,LYON,DUO AIRWAYS LTD,A,S, 0 , 0 , 0 , 0 , 0 , 0 , 0 , 0 , 0 , 0 , 53 , 86.7924528301887 , 9.45283018867925 
24-Aug-2005 11:52,200504,BIRMINGHAM,FRANCE,LYON,DUO AIRWAYS LTD,D,S, 0 , 0 , 0 , 0 , 0 , 0 , 0 , 0 , 0 , 0 , 55 , 81.8181818181818 , 11.1636363636364 
24-Aug-2005 11:52,200504,BIRMINGHAM,FRANCE,LYON,THOMAS COOK AIRLINES LTD,A,C, 2 , 0 , 100 , 0 , 0 , 0 , 0 , 0 , 2.5 , 0 , 2 , 100 , 0 
24-Aug-2005 11:52,200504,BIRMINGHAM,FRANCE,LYON,THOMAS COOK AIRLINES LTD,D,C, 1 , 0 , 100 , 0 , 0 , 0 , 0 , 0 , 0 , 0 , 1 , 100 , 13 
24-Aug-2005 11:52,200504,BIRMINGHAM,FRANCE,NICE,BLUE LINE,A,C, 2 , 0 , 100 , 0 , 0 , 0 , 0 , 0 , 0 , 0 , 0 , 0 , 0 
24-Aug-2005 11:52,200504,BIRMINGHAM,FRANCE,NICE,BLUE LINE,D,C, 2 , 0 , 50 , 50 , 0 , 0 , 0 , 0 , 10 , 0 , 0 , 0 , 0 
24-Aug-2005 11:52,200504,BIRMINGHAM,FRANCE,NICE,BRITISH AIRWAYS CITIEXPRESS LTD,A,S, 5 , 0 , 80 , 20 , 0 , 0 , 0 , 0 , 3.8 , 0 , 0 , 0 , 0 
24-Aug-2005 11:52,200504,BIRMINGHAM,FRANCE,NICE,BRITISH AIRWAYS CITIEXPRESS LTD,D,S, 5 , 0 , 60 , 20 , 0 , 20 , 0 , 0 , 19 , 0 , 0 , 0 , 0 
24-Aug-2005 11:52,200504,BIRMINGHAM,FRANCE,NICE,DUO AIRWAYS LTD,A,S, 0 , 0 , 0 , 0 , 0 , 0 , 0 , 0 , 0 , 0 , 9 , 100 , 0 
24-Aug-2005 11:52,200504,BIRMINGHAM,FRANCE,NICE,DUO AIRWAYS LTD,D,S, 0 , 0 , 0 , 0 , 0 , 0 , 0 , 0 , 0 , 0 , 9 , 100 , 0 
24-Aug-2005 11:52,200504,BIRMINGHAM,FRANCE,NICE,FLIGHTLINE LTD,A,C, 3 , 0 , 100 , 0 , 0 , 0 , 0 , 0 , 5 , 0 , 0 , 0 , 0 
24-Aug-2005 11:52,200504,BIRMINGHAM,FRANCE,PARIS (CHARLES DE GAULLE),BRITISH AIRWAYS CITIEXPRESS LTD,A,S, 132 , 1 , 90.9090909090909 , 3.03030303030303 , 2.27272727272727 , 3.78787878787879 , 0 , 0 , 5.72727272727273 , 0 , 107 , 86.9158878504673 , 9.83177570093458 
24-Aug-2005 11:52,200504,BIRMINGHAM,FRANCE,PARIS (CHARLES DE GAULLE),BRITISH AIRWAYS CITIEXPRESS LTD,D,S, 132 , 0 , 90.1515151515152 , 1.51515151515152 , 5.3030303030303 , 3.03030303030303 , 0 , 0 , 7.10606060606061 , 0 , 107 , 90.6542056074766 , 6.24299065420561 
24-Aug-2005 11:52,200504,BIRMINGHAM,FRANCE,PARIS (CHARLES DE GAULLE),CITY JET,A,S, 166 , 0 , 89.1566265060241 , 6.02409638554217 , 1.80722891566265 , 3.01204819277108 , 0 , 0 , 6.41566265060241 , 0 , 0 , 0 , 0 
24-Aug-2005 11:52,200504,BIRMINGHAM,FRANCE,PARIS (CHARLES DE GAULLE),CITY JET,D,S, 165 , 1 , 90.9090909090909 , 4.24242424242424 , 3.63636363636364 , 1.21212121212121 , 0 , 0 , 5.03030303030303 , 0 , 0 , 0 , 0 
24-Aug-2005 11:52,200504,BIRMINGHAM,FRANCE,PARIS (CHARLES DE GAULLE),FLYBE.BRITISH EUROPEAN,A,S, 0 , 0 , 0 , 0 , 0 , 0 , 0 , 0 , 0 , 0 , 167 , 80.8383233532934 , 13.4491017964072 
24-Aug-2005 11:52,200504,BIRMINGHAM,FRANCE,PARIS (CHARLES DE GAULLE),FLYBE.BRITISH EUROPEAN,D,S, 0 , 0 , 0 , 0 , 0 , 0 , 0 , 0 , 0 , 0 , 167 , 74.251497005988 , 15.9281437125749 
24-Aug-2005 11:52,200504,BIRMINGHAM,FRANCE,PERPIGNAN,FLYBE.BRITISH EUROPEAN,A,S, 10 , 0 , 90 , 10 , 0 , 0 , 0 , 0 , 3.3 , 0 , 30 , 60 , 19.4 
24-Aug-2005 11:52,200504,BIRMINGHAM,FRANCE,PERPIGNAN,FLYBE.BRITISH EUROPEAN,D,S, 10 , 0 , 80 , 10 , 10 , 0 , 0 , 0 , 12.2 , 0 , 30 , 73.3333333333333 , 17.7 
24-Aug-2005 11:52,200504,BIRMINGHAM,FRANCE,TARBES-LOURDES INTERNATIONAL,EXCEL AIRWAYS LTD,A,C, 0 , 0 , 0 , 0 , 0 , 0 , 0 , 0 , 0 , 0 , 1 , 0 , 38 
24-Aug-2005 11:52,200504,BIRMINGHAM,FRANCE,TARBES-LOURDES INTERNATIONAL,EXCEL AIRWAYS LTD,D,C, 0 , 0 , 0 , 0 , 0 , 0 , 0 , 0 , 0 , 0 , 1 , 0 , 51 
24-Aug-2005 11:52,200504,BIRMINGHAM,FRANCE,TARBES-LOURDES INTERNATIONAL,HAMBURG INTERNATIONAL,A,C, 0 , 1 , 0 , 0 , 0 , 0 , 0 , 0 , 0 , 0 , 0 , 0 , 0 
24-Aug-2005 11:52,200504,BIRMINGHAM,FRANCE,TOULOUSE (BLAGNAC),BRITISH AIRWAYS CITIEXPRESS LTD,A,C, 1 , 0 , 100 , 0 , 0 , 0 , 0 , 0 , 0 , 0 , 0 , 0 , 0 
24-Aug-2005 11:52,200504,BIRMINGHAM,FRANCE,TOULOUSE (BLAGNAC),EXCEL AIRWAYS LTD,A,C, 1 , 0 , 100 , 0 , 0 , 0 , 0 , 0 , 5 , 0 , 0 , 0 , 0 
24-Aug-2005 11:52,200504,BIRMINGHAM,FRANCE,TOULOUSE (BLAGNAC),EXCEL AIRWAYS LTD,D,C, 1 , 0 , 0 , 100 , 0 , 0 , 0 , 0 , 17 , 0 , 0 , 0 , 0 
24-Aug-2005 11:52,200504,BIRMINGHAM,FRANCE,TOULOUSE (BLAGNAC),FIRST CHOICE AIRWAYS LTD,A,C, 1 , 0 , 100 , 0 , 0 , 0 , 0 , 0 , 0 , 0 , 0 , 0 , 0 
24-Aug-2005 11:52,200504,BIRMINGHAM,FRANCE,TOULOUSE (BLAGNAC),FLYBE.BRITISH EUROPEAN,A,S, 25 , 0 , 52 , 12 , 12 , 24 , 0 , 0 , 30.56 , 0 , 30 , 86.6666666666667 , 7.5 
24-Aug-2005 11:52,200504,BIRMINGHAM,FRANCE,TOULOUSE (BLAGNAC),FLYBE.BRITISH EUROPEAN,D,S, 25 , 0 , 68 , 24 , 4 , 4 , 0 , 0 , 15.36 , 0 , 30 , 83.3333333333333 , 9.86666666666667 
24-Aug-2005 11:52,200504,BIRMINGHAM,GERMANY,BERLIN (TEGEL),DUO AIRWAYS LTD,A,S, 0 , 0 , 0 , 0 , 0 , 0 , 0 , 0 , 0 , 0 , 26 , 80.7692307692308 , 16.5384615384615 
24-Aug-2005 11:52,200504,BIRMINGHAM,GERMANY,BERLIN (TEGEL),DUO AIRWAYS LTD,D,S, 0 , 0 , 0 , 0 , 0 , 0 , 0 , 0 , 0 , 0 , 26 , 76.9230769230769 , 10.4230769230769 
24-Aug-2005 11:52,200504,BIRMINGHAM,GERMANY,COLOGNE (BONN),DUO AIRWAYS LTD,A,S, 0 , 0 , 0 , 0 , 0 , 0 , 0 , 0 , 0 , 0 , 42 , 83.3333333333333 , 11.1904761904762 
24-Aug-2005 11:52,200504,BIRMINGHAM,GERMANY,COLOGNE (BONN),DUO AIRWAYS LTD,D,S, 0 , 0 , 0 , 0 , 0 , 0 , 0 , 0 , 0 , 0 , 38 , 92.1052631578947 , 6.92105263157895 
24-Aug-2005 11:52,200504,BIRMINGHAM,GERMANY,COLOGNE (BONN),EUROWINGS LUFTVERKEHRS,A,S, 14 , 0 , 92.8571428571429 , 0 , 7.14285714285714 , 0 , 0 , 0 , 3.92857142857143 , 0 , 0 , 0 , 0 
24-Aug-2005 11:52,200504,BIRMINGHAM,GERMANY,COLOGNE (BONN),EUROWINGS LUFTVERKEHRS,D,S, 14 , 0 , 92.8571428571429 , 0 , 7.14285714285714 , 0 , 0 , 0 , 5.5 , 0 , 0 , 0 , 0 
24-Aug-2005 11:52,200504,BIRMINGHAM,GERMANY,DUSSELDORF,BRITISH AIRWAYS CITIEXPRESS LTD,A,S, 99 , 0 , 97.979797979798 , 1.01010101010101 , 1.01010101010101 , 0 , 0 , 0 , 1.07070707070707 , 0 , 98 , 88.7755102040816 , 6.33673469387755 
24-Aug-2005 11:52,200504,BIRMINGHAM,GERMANY,DUSSELDORF,BRITISH AIRWAYS CITIEXPRESS LTD,D,S, 99 , 0 , 93.939393939394 , 5.05050505050505 , 1.01010101010101 , 0 , 0 , 0 , 2.54545454545455 , 0 , 98 , 88.7755102040816 , 5.66326530612245 
24-Aug-2005 11:52,200504,BIRMINGHAM,GERMANY,DUSSELDORF,EUROWINGS LUFTVERKEHRS,A,S, 71 , 0 , 92.9577464788732 , 4.22535211267606 , 2.8169014084507 , 0 , 0 , 0 , 3.29577464788732 , 0 , 69 , 92.7536231884058 , 5.11594202898551 
24-Aug-2005 11:52,200504,BIRMINGHAM,GERMANY,DUSSELDORF,EUROWINGS LUFTVERKEHRS,D,S, 71 , 0 , 90.1408450704225 , 5.63380281690141 , 4.22535211267606 , 0 , 0 , 0 , 4.56338028169014 , 0 , 69 , 89.8550724637681 , 7.21739130434783 
24-Aug-2005 11:52,200504,BIRMINGHAM,GERMANY,FRANKFURT MAIN,BRITISH AIRWAYS CITIEXPRESS LTD,A,S, 119 , 0 , 92.436974789916 , 4.20168067226891 , 2.52100840336134 , 0.840336134453782 , 0 , 0 , 3.4453781512605 , 0 , 115 , 96.5217391304348 , 1.61739130434783 
24-Aug-2005 11:52,200504,BIRMINGHAM,GERMANY,FRANKFURT MAIN,BRITISH AIRWAYS CITIEXPRESS LTD,D,S, 121 , 0 , 84.297520661157 , 4.13223140495868 , 8.26446280991736 , 3.30578512396694 , 0 , 0 , 9.6198347107438 , 0 , 116 , 93.1034482758621 , 4.18965517241379 
24-Aug-2005 11:52,200504,BIRMINGHAM,GERMANY,FRANKFURT MAIN,LUFTHANSA,A,S, 105 , 0 , 87.6190476190476 , 7.61904761904762 , 3.80952380952381 , 0.952380952380952 , 0 , 0 , 5.68571428571429 , 0 , 88 , 92.0454545454545 , 3.97727272727273 
24-Aug-2005 11:52,200504,BIRMINGHAM,GERMANY,FRANKFURT MAIN,LUFTHANSA,D,S, 105 , 0 , 85.7142857142857 , 10.4761904761905 , 2.85714285714286 , 0.952380952380952 , 0 , 0 , 7.03809523809524 , 0 , 88 , 87.5 , 5.59090909090909 
24-Aug-2005 11:52,200504,BIRMINGHAM,GERMANY,HAMBURG,BRITISH AIRWAYS CITIEXPRESS LTD,A,S, 44 , 0 , 90.9090909090909 , 2.27272727272727 , 4.54545454545455 , 2.27272727272727 , 0 , 0 , 5.15909090909091 , 0 , 46 , 89.1304347826087 , 7.41304347826087 
24-Aug-2005 11:52,200504,BIRMINGHAM,GERMANY,HAMBURG,BRITISH AIRWAYS CITIEXPRESS LTD,D,S, 44 , 0 , 88.6363636363636 , 4.54545454545455 , 2.27272727272727 , 4.54545454545455 , 0 , 0 , 7.43181818181818 , 0 , 46 , 84.7826086956522 , 12.0217391304348 
24-Aug-2005 11:52,200504,BIRMINGHAM,GERMANY,HANOVER,AIR ATLANTA EUROPE LTD,A,C, 0 , 1 , 0 , 0 , 0 , 0 , 0 , 0 , 0 , 0 , 0 , 0 , 0 
24-Aug-2005 11:52,200504,BIRMINGHAM,GERMANY,HANOVER,BRITISH AIRWAYS CITIEXPRESS LTD,A,S, 29 , 0 , 96.551724137931 , 3.44827586206897 , 0 , 0 , 0 , 0 , 1.13793103448276 , 0 , 30 , 96.6666666666667 , 7.73333333333333 
24-Aug-2005 11:52,200504,BIRMINGHAM,GERMANY,HANOVER,BRITISH AIRWAYS CITIEXPRESS LTD,D,S, 30 , 0 , 86.6666666666667 , 10 , 3.33333333333333 , 0 , 0 , 0 , 4.5 , 0 , 30 , 96.6666666666667 , 2.16666666666667 
24-Aug-2005 11:52,200504,BIRMINGHAM,GERMANY,MUNICH,EUROWINGS LUFTVERKEHRS,A,S, 86 , 0 , 89.5348837209302 , 6.97674418604651 , 2.32558139534884 , 1.16279069767442 , 0 , 0 , 4.7093023255814 , 0 , 84 , 94.0476190476191 , 4.54761904761905 
24-Aug-2005 11:52,200504,BIRMINGHAM,GERMANY,MUNICH,EUROWINGS LUFTVERKEHRS,D,S, 86 , 0 , 80.2325581395349 , 12.7906976744186 , 5.81395348837209 , 1.16279069767442 , 0 , 0 , 9.04651162790698 , 0 , 71 , 92.9577464788732 , 5.66197183098592 
24-Aug-2005 11:52,200504,BIRMINGHAM,GERMANY,MUNICH,EXCEL AIRWAYS LTD,A,C, 1 , 0 , 100 , 0 , 0 , 0 , 0 , 0 , 0 , 0 , 0 , 0 , 0 
24-Aug-2005 11:52,200504,BIRMINGHAM,GERMANY,MUNICH,EXCEL AIRWAYS LTD,D,C, 1 , 0 , 100 , 0 , 0 , 0 , 0 , 0 , 0 , 0 , 0 , 0 , 0 
24-Aug-2005 11:52,200504,BIRMINGHAM,GERMANY,MUNICH,ISLANDSFLUG,A,C, 1 , 0 , 100 , 0 , 0 , 0 , 0 , 0 , 4 , 0 , 0 , 0 , 0 
24-Aug-2005 11:52,200504,BIRMINGHAM,GERMANY,MUNICH,ISLANDSFLUG,D,C, 1 , 0 , 100 , 0 , 0 , 0 , 0 , 0 , 0 , 0 , 0 , 0 , 0 
24-Aug-2005 11:52,200504,BIRMINGHAM,GERMANY,MUNICH,LUFTHANSA CITY LINE,A,S, 0 , 0 , 0 , 0 , 0 , 0 , 0 , 0 , 0 , 0 , 46 , 86.9565217391304 , 9.97826086956522 
24-Aug-2005 11:52,200504,BIRMINGHAM,GERMANY,MUNICH,LUFTHANSA CITY LINE,D,S, 0 , 0 , 0 , 0 , 0 , 0 , 0 , 0 , 0 , 0 , 58 , 86.2068965517241 , 8.62068965517241 
24-Aug-2005 11:52,200504,BIRMINGHAM,GERMANY,MUNSTER-OSNABRUCK,EUROPEAN AIR CHARTER,A,C, 5 , 0 , 100 , 0 , 0 , 0 , 0 , 0 , 0 , 0 , 5 , 100 , 0 
24-Aug-2005 11:52,200504,BIRMINGHAM,GERMANY,MUNSTER-OSNABRUCK,EUROPEAN AIR CHARTER,D,C, 5 , 0 , 100 , 0 , 0 , 0 , 0 , 0 , 3.2 , 0 , 5 , 100 , 1 
24-Aug-2005 11:52,200504,BIRMINGHAM,GERMANY,PADERBORN,EUROPEAN AIR CHARTER,A,C, 4 , 0 , 100 , 0 , 0 , 0 , 0 , 0 , 0 , 0 , 4 , 100 , 0 
24-Aug-2005 11:52,200504,BIRMINGHAM,GERMANY,PADERBORN,EUROPEAN AIR CHARTER,D,C, 4 , 0 , 100 , 0 , 0 , 0 , 0 , 0 , 0 , 0 , 4 , 100 , 0 
24-Aug-2005 11:52,200504,BIRMINGHAM,GERMANY,STUTTGART,BRITISH AIRWAYS CITIEXPRESS LTD,A,S, 72 , 0 , 84.7222222222222 , 9.72222222222222 , 2.77777777777778 , 2.77777777777778 , 0 , 0 , 7.02777777777778 , 0 , 69 , 86.9565217391304 , 8.18840579710145 
24-Aug-2005 11:52,200504,BIRMINGHAM,GERMANY,STUTTGART,BRITISH AIRWAYS CITIEXPRESS LTD,D,S, 71 , 0 , 94.3661971830986 , 0 , 1.40845070422535 , 4.22535211267606 , 0 , 0 , 5.71830985915493 , 0 , 69 , 92.7536231884058 , 5.23188405797101 
24-Aug-2005 11:52,200504,BIRMINGHAM,GERMANY,STUTTGART,DUO AIRWAYS LTD,A,S, 0 , 0 , 0 , 0 , 0 , 0 , 0 , 0 , 0 , 0 , 41 , 82.9268292682927 , 9.5609756097561 
24-Aug-2005 11:52,200504,BIRMINGHAM,GERMANY,STUTTGART,DUO AIRWAYS LTD,D,S, 0 , 0 , 0 , 0 , 0 , 0 , 0 , 0 , 0 , 0 , 45 , 77.7777777777778 , 10.5333333333333 
24-Aug-2005 11:52,200504,BIRMINGHAM,GREECE,ATHENS,MONARCH AIRLINES,A,C, 0 , 0 , 0 , 0 , 0 , 0 , 0 , 0 , 0 , 0 , 1 , 100 , 9 
24-Aug-2005 11:52,200504,BIRMINGHAM,GREECE,ATHENS,MONARCH AIRLINES,D,C, 0 , 0 , 0 , 0 , 0 , 0 , 0 , 0 , 0 , 0 , 1 , 0 , 32 
24-Aug-2005 11:52,200504,BIRMINGHAM,GREECE,CORFU,MY TRAVEL AIRWAYS UK,D,C, 1 , 0 , 0 , 100 , 0 , 0 , 0 , 0 , 23 , 0 , 0 , 0 , 0 
24-Aug-2005 11:52,200504,BIRMINGHAM,HUNGARY,BUDAPEST,FISCHER AIR,A,C, 1 , 0 , 100 , 0 , 0 , 0 , 0 , 0 , 12 , 0 , 0 , 0 , 0 
24-Aug-2005 11:52,200504,BIRMINGHAM,HUNGARY,BUDAPEST,FISCHER AIR,D,C, 1 , 0 , 0 , 0 , 100 , 0 , 0 , 0 , 48 , 0 , 0 , 0 , 0 
24-Aug-2005 11:52,200504,BIRMINGHAM,ICELAND,KEFLAVIK,BRITANNIA AIRWAYS AND THOMSONFLY,A,C, 1 , 0 , 100 , 0 , 0 , 0 , 0 , 0 , 1 , 0 , 1 , 100 , 7 
24-Aug-2005 11:52,200504,BIRMINGHAM,ICELAND,KEFLAVIK,BRITANNIA AIRWAYS AND THOMSONFLY,D,C, 1 , 0 , 100 , 0 , 0 , 0 , 0 , 0 , 9 , 0 , 1 , 0 , 18 
24-Aug-2005 11:52,200504,BIRMINGHAM,ICELAND,KEFLAVIK,MONARCH AIRLINES,A,C, 0 , 0 , 0 , 0 , 0 , 0 , 0 , 0 , 0 , 0 , 1 , 100 , 0 
24-Aug-2005 11:52,200504,BIRMINGHAM,ICELAND,KEFLAVIK,MONARCH AIRLINES,D,C, 0 , 0 , 0 , 0 , 0 , 0 , 0 , 0 , 0 , 0 , 1 , 100 , 2 
24-Aug-2005 11:52,200504,BIRMINGHAM,INDIA,AMRITSAR,FLYJET LTD,A,C, 3 , 0 , 33.3333333333333 , 0 , 0 , 33.3333333333333 , 33.3333333333333 , 0 , 96.6666666666667 , 0 , 0 , 0 , 0 
24-Aug-2005 11:52,200504,BIRMINGHAM,INDIA,AMRITSAR,FLYJET LTD,D,C, 2 , 0 , 50 , 0 , 0 , 0 , 50 , 0 , 126.5 , 0 , 0 , 0 , 0 
24-Aug-2005 11:52,200504,BIRMINGHAM,IRAN,TEHRAN,MAHAN AIR,A,S, 10 , 0 , 70 , 10 , 10 , 10 , 0 , 0 , 19.6 , 0 , 0 , 0 , 0 
24-Aug-2005 11:52,200504,BIRMINGHAM,IRAN,TEHRAN,MAHAN AIR,D,S, 9 , 0 , 44.4444444444444 , 33.3333333333333 , 22.2222222222222 , 0 , 0 , 0 , 22.7777777777778 , 1 , 0 , 0 , 0 
24-Aug-2005 11:52,200504,BIRMINGHAM,IRISH REPUBLIC,CONNAUGHT,BMIBABY LTD,A,S, 30 , 0 , 76.6666666666667 , 10 , 6.66666666666667 , 3.33333333333333 , 3.33333333333333 , 0 , 16.0333333333333 , 0 , 0 , 0 , 0 
24-Aug-2005 11:52,200504,BIRMINGHAM,IRISH REPUBLIC,CONNAUGHT,BMIBABY LTD,D,S, 30 , 0 , 66.6666666666667 , 23.3333333333333 , 10 , 0 , 0 , 0 , 11.6666666666667 , 0 , 0 , 0 , 0 
24-Aug-2005 11:52,200504,BIRMINGHAM,IRISH REPUBLIC,CONNAUGHT,MY TRAVEL AIRWAYS UK,A,S, 26 , 0 , 92.3076923076923 , 3.84615384615385 , 3.84615384615385 , 0 , 0 , 0 , 4.69230769230769 , 0 , 30 , 70 , 21.5 
24-Aug-2005 11:52,200504,BIRMINGHAM,IRISH REPUBLIC,CONNAUGHT,MY TRAVEL AIRWAYS UK,D,S, 26 , 0 , 92.3076923076923 , 0 , 7.69230769230769 , 0 , 0 , 0 , 5.80769230769231 , 0 , 30 , 83.3333333333333 , 13.7333333333333 
24-Aug-2005 11:52,200504,BIRMINGHAM,IRISH REPUBLIC,CORK,AER ARRAN,A,S, 55 , 0 , 94.5454545454545 , 1.81818181818182 , 0 , 3.63636363636364 , 0 , 0 , 5.12727272727273 , 0 , 52 , 86.5384615384615 , 6.61538461538462 
24-Aug-2005 11:52,200504,BIRMINGHAM,IRISH REPUBLIC,CORK,AER ARRAN,D,S, 55 , 0 , 94.5454545454545 , 1.81818181818182 , 0 , 3.63636363636364 , 0 , 0 , 5.54545454545455 , 0 , 52 , 53.8461538461538 , 23.0576923076923 
24-Aug-2005 11:52,200504,BIRMINGHAM,IRISH REPUBLIC,CORK,BMIBABY LTD,A,S, 29 , 0 , 75.8620689655172 , 6.89655172413793 , 13.7931034482759 , 3.44827586206897 , 0 , 0 , 13.448275862069 , 1 , 0 , 0 , 0 
24-Aug-2005 11:52,200504,BIRMINGHAM,IRISH REPUBLIC,CORK,BMIBABY LTD,D,S, 30 , 0 , 70 , 6.66666666666667 , 10 , 13.3333333333333 , 0 , 0 , 19.0666666666667 , 0 , 0 , 0 , 0 
24-Aug-2005 11:52,200504,BIRMINGHAM,IRISH REPUBLIC,DUBLIN,AER LINGUS,A,S, 95 , 0 , 78.9473684210526 , 15.7894736842105 , 4.21052631578947 , 1.05263157894737 , 0 , 0 , 8.91578947368421 , 0 , 104 , 95.1923076923077 , 2.44230769230769 
24-Aug-2005 11:52,200504,BIRMINGHAM,IRISH REPUBLIC,DUBLIN,AER LINGUS,D,S, 95 , 0 , 58.9473684210526 , 28.4210526315789 , 7.36842105263158 , 5.26315789473684 , 0 , 0 , 18.0526315789474 , 0 , 104 , 95.1923076923077 , 3.60576923076923 
24-Aug-2005 11:52,200504,BIRMINGHAM,IRISH REPUBLIC,DUBLIN,ISLANDSFLUG,A,C, 0 , 1 , 0 , 0 , 0 , 0 , 0 , 0 , 0 , 0 , 0 , 0 , 0 
24-Aug-2005 11:52,200504,BIRMINGHAM,IRISH REPUBLIC,DUBLIN,MY TRAVEL AIRWAYS UK,A,S, 0 , 0 , 0 , 0 , 0 , 0 , 0 , 0 , 0 , 0 , 48 , 72.9166666666667 , 18.6458333333333 
24-Aug-2005 11:52,200504,BIRMINGHAM,IRISH REPUBLIC,DUBLIN,MY TRAVEL AIRWAYS UK,D,S, 0 , 0 , 0 , 0 , 0 , 0 , 0 , 0 , 0 , 0 , 48 , 77.0833333333333 , 16.9791666666667 
24-Aug-2005 11:52,200504,BIRMINGHAM,IRISH REPUBLIC,DUBLIN,RYANAIR,A,S, 69 , 3 , 89.8550724637681 , 4.34782608695652 , 4.34782608695652 , 0 , 1.44927536231884 , 0 , 7.31884057971014 , 4 , 143 , 93.006993006993 , 3.28671328671329 
24-Aug-2005 11:52,200504,BIRMINGHAM,IRISH REPUBLIC,DUBLIN,RYANAIR,D,S, 72 , 0 , 81.9444444444444 , 6.94444444444444 , 8.33333333333333 , 0 , 2.77777777777778 , 0 , 16.0972222222222 , 4 , 143 , 87.4125874125874 , 6.72027972027972 
24-Aug-2005 11:52,200504,BIRMINGHAM,IRISH REPUBLIC,GALWAY,AER ARRAN,A,S, 9 , 4 , 55.5555555555556 , 22.2222222222222 , 0 , 22.2222222222222 , 0 , 0 , 24.5555555555556 , 0 , 0 , 0 , 0 
24-Aug-2005 11:52,200504,BIRMINGHAM,IRISH REPUBLIC,GALWAY,AER ARRAN,D,S, 9 , 4 , 55.5555555555556 , 0 , 22.2222222222222 , 22.2222222222222 , 0 , 0 , 26.3333333333333 , 0 , 0 , 0 , 0 
24-Aug-2005 11:52,200504,BIRMINGHAM,IRISH REPUBLIC,SHANNON,FLYBE.BRITISH EUROPEAN,A,S, 30 , 0 , 86.6666666666667 , 6.66666666666667 , 6.66666666666667 , 0 , 0 , 0 , 4.83333333333333 , 0 , 30 , 86.6666666666667 , 7.83333333333333 
24-Aug-2005 11:52,200504,BIRMINGHAM,IRISH REPUBLIC,SHANNON,FLYBE.BRITISH EUROPEAN,D,S, 30 , 0 , 63.3333333333333 , 20 , 10 , 6.66666666666667 , 0 , 0 , 16.5 , 0 , 30 , 63.3333333333333 , 16.2666666666667 
24-Aug-2005 11:52,200504,BIRMINGHAM,ITALY,BERGAMO,BRITISH AIRWAYS CITIEXPRESS LTD,A,C, 0 , 1 , 0 , 0 , 0 , 0 , 0 , 0 , 0 , 0 , 0 , 0 , 0 
24-Aug-2005 11:52,200504,BIRMINGHAM,ITALY,BRESCIA/MONTICHIARI,EXCEL AIRWAYS LTD,A,C, 0 , 0 , 0 , 0 , 0 , 0 , 0 , 0 , 0 , 0 , 1 , 100 , 0 
24-Aug-2005 11:52,200504,BIRMINGHAM,ITALY,BRESCIA/MONTICHIARI,EXCEL AIRWAYS LTD,D,C, 1 , 0 , 0 , 100 , 0 , 0 , 0 , 0 , 17 , 0 , 1 , 100 , 4 
24-Aug-2005 11:52,200504,BIRMINGHAM,ITALY,CUNEO,FLIGHTLINE LTD,D,C, 3 , 0 , 100 , 0 , 0 , 0 , 0 , 0 , 8.33333333333333 , 0 , 0 , 0 , 0 
24-Aug-2005 11:52,200504,BIRMINGHAM,ITALY,MILAN (MALPENSA),ALITALIA,A,S, 56 , 0 , 92.8571428571429 , 3.57142857142857 , 1.78571428571429 , 1.78571428571429 , 0 , 0 , 4.19642857142857 , 4 , 0 , 0 , 0 
24-Aug-2005 11:52,200504,BIRMINGHAM,ITALY,MILAN (MALPENSA),ALITALIA,D,S, 56 , 0 , 85.7142857142857 , 12.5 , 0 , 1.78571428571429 , 0 , 0 , 5.17857142857143 , 4 , 0 , 0 , 0 
24-Aug-2005 11:52,200504,BIRMINGHAM,ITALY,MILAN (MALPENSA),BRITISH AIRWAYS CITIEXPRESS LTD,A,S, 77 , 0 , 92.2077922077922 , 2.5974025974026 , 3.8961038961039 , 1.2987012987013 , 0 , 0 , 4.53246753246753 , 0 , 76 , 89.4736842105263 , 6.38157894736842 
24-Aug-2005 11:52,200504,BIRMINGHAM,ITALY,MILAN (MALPENSA),BRITISH AIRWAYS CITIEXPRESS LTD,D,S, 76 , 0 , 88.1578947368421 , 3.94736842105263 , 2.63157894736842 , 3.94736842105263 , 1.31578947368421 , 0 , 9.57894736842105 , 0 , 77 , 87.012987012987 , 6.38961038961039 
24-Aug-2005 11:52,200504,BIRMINGHAM,ITALY,OLBIA,AUSTRIAN AIRLINES,A,C, 0 , 0 , 0 , 0 , 0 , 0 , 0 , 0 , 0 , 0 , 1 , 100 , 5 
24-Aug-2005 11:52,200504,BIRMINGHAM,ITALY,OLBIA,AUSTRIAN AIRLINES,D,C, 0 , 0 , 0 , 0 , 0 , 0 , 0 , 0 , 0 , 0 , 1 , 0 , 22 
24-Aug-2005 11:52,200504,BIRMINGHAM,ITALY,OLBIA,TITAN AIRWAYS LTD,A,C, 0 , 0 , 0 , 0 , 0 , 0 , 0 , 0 , 0 , 0 , 1 , 100 , 0 
24-Aug-2005 11:52,200504,BIRMINGHAM,ITALY,OLBIA,TITAN AIRWAYS LTD,D,C, 0 , 0 , 0 , 0 , 0 , 0 , 0 , 0 , 0 , 0 , 1 , 100 , 0 
24-Aug-2005 11:52,200504,BIRMINGHAM,ITALY,ROME (FIUMICINO),BRITISH AIRWAYS CITIEXPRESS LTD,A,S, 30 , 0 , 93.3333333333333 , 3.33333333333333 , 0 , 3.33333333333333 , 0 , 0 , 4.1 , 0 , 30 , 76.6666666666667 , 14.4666666666667 
24-Aug-2005 11:52,200504,BIRMINGHAM,ITALY,ROME (FIUMICINO),BRITISH AIRWAYS CITIEXPRESS LTD,D,S, 30 , 0 , 90 , 10 , 0 , 0 , 0 , 0 , 4.43333333333333 , 0 , 30 , 86.6666666666667 , 8.6 
24-Aug-2005 11:52,200504,BIRMINGHAM,ITALY,TURIN,BRITANNIA AIRWAYS AND THOMSONFLY,A,C, 0 , 0 , 0 , 0 , 0 , 0 , 0 , 0 , 0 , 0 , 1 , 100 , 9 
24-Aug-2005 11:52,200504,BIRMINGHAM,ITALY,TURIN,BRITISH AIRWAYS CITIEXPRESS LTD,A,C, 2 , 0 , 50 , 0 , 0 , 50 , 0 , 0 , 49 , 0 , 1 , 100 , 1 
24-Aug-2005 11:52,200504,BIRMINGHAM,MALTA,MALTA,AIR MALTA,A,S, 8 , 0 , 75 , 25 , 0 , 0 , 0 , 0 , 7.125 , 0 , 9 , 88.8888888888889 , 5.88888888888889 
24-Aug-2005 11:52,200504,BIRMINGHAM,MALTA,MALTA,AIR MALTA,D,S, 8 , 0 , 50 , 37.5 , 12.5 , 0 , 0 , 0 , 13.625 , 0 , 9 , 55.5555555555556 , 18.2222222222222 
24-Aug-2005 11:52,200504,BIRMINGHAM,MALTA,MALTA,BRITANNIA AIRWAYS AND THOMSONFLY,A,C, 4 , 0 , 100 , 0 , 0 , 0 , 0 , 0 , 0.25 , 0 , 4 , 75 , 7.5 
24-Aug-2005 11:52,200504,BIRMINGHAM,MALTA,MALTA,BRITANNIA AIRWAYS AND THOMSONFLY,D,C, 4 , 0 , 75 , 25 , 0 , 0 , 0 , 0 , 8 , 0 , 4 , 100 , 4.25 
24-Aug-2005 11:52,200504,BIRMINGHAM,MALTA,MALTA,THOMAS COOK AIRLINES LTD,A,C, 4 , 0 , 100 , 0 , 0 , 0 , 0 , 0 , 0 , 0 , 4 , 100 , 1.5 
24-Aug-2005 11:52,200504,BIRMINGHAM,MALTA,MALTA,THOMAS COOK AIRLINES LTD,D,C, 4 , 0 , 100 , 0 , 0 , 0 , 0 , 0 , 0 , 0 , 4 , 75 , 7.75 
24-Aug-2005 11:52,200504,BIRMINGHAM,MEXICO,CANCUN,MY TRAVEL AIRWAYS UK,A,C, 0 , 0 , 0 , 0 , 0 , 0 , 0 , 0 , 0 , 0 , 2 , 50 , 20 
24-Aug-2005 11:52,200504,BIRMINGHAM,MEXICO,CANCUN,MY TRAVEL AIRWAYS UK,D,C, 0 , 0 , 0 , 0 , 0 , 0 , 0 , 0 , 0 , 0 , 2 , 50 , 16.5 
24-Aug-2005 11:52,200504,BIRMINGHAM,NETHERLANDS,AMSTERDAM,BMIBABY LTD,A,S, 55 , 0 , 80 , 12.7272727272727 , 1.81818181818182 , 3.63636363636364 , 0 , 1.81818181818182 , 17.3272727272727 , 0 , 0 , 0 , 0 
24-Aug-2005 11:52,200504,BIRMINGHAM,NETHERLANDS,AMSTERDAM,BMIBABY LTD,D,S, 55 , 0 , 87.2727272727273 , 7.27272727272727 , 1.81818181818182 , 3.63636363636364 , 0 , 0 , 9.21818181818182 , 0 , 0 , 0 , 0 
24-Aug-2005 11:52,200504,BIRMINGHAM,NETHERLANDS,AMSTERDAM,KLM CITYHOPPER,A,S, 169 , 0 , 85.7988165680473 , 4.73372781065089 , 8.87573964497041 , 0.591715976331361 , 0 , 0 , 7.71005917159763 , 0 , 171 , 85.3801169590643 , 10.2222222222222 
24-Aug-2005 11:52,200504,BIRMINGHAM,NETHERLANDS,AMSTERDAM,KLM CITYHOPPER,D,S, 168 , 0 , 80.9523809523809 , 10.7142857142857 , 5.95238095238095 , 1.19047619047619 , 1.19047619047619 , 0 , 10.9166666666667 , 0 , 166 , 81.9277108433735 , 10.8433734939759 
24-Aug-2005 11:52,200504,BIRMINGHAM,NORWAY,FAGERNES/LEIRIN,TITAN AIRWAYS LTD,A,C, 2 , 0 , 50 , 0 , 50 , 0 , 0 , 0 , 27.5 , 0 , 0 , 0 , 0 
24-Aug-2005 11:52,200504,BIRMINGHAM,NORWAY,FAGERNES/LEIRIN,TITAN AIRWAYS LTD,D,C, 1 , 0 , 100 , 0 , 0 , 0 , 0 , 0 , 10 , 0 , 0 , 0 , 0 
24-Aug-2005 11:52,200504,BIRMINGHAM,NORWAY,OSLO (GARDERMOEN),DUO AIRWAYS LTD,A,S, 0 , 0 , 0 , 0 , 0 , 0 , 0 , 0 , 0 , 0 , 17 , 52.9411764705882 , 51.9411764705882 
24-Aug-2005 11:52,200504,BIRMINGHAM,NORWAY,OSLO (GARDERMOEN),DUO AIRWAYS LTD,D,S, 0 , 0 , 0 , 0 , 0 , 0 , 0 , 0 , 0 , 0 , 22 , 86.3636363636364 , 10.4545454545455 
24-Aug-2005 11:52,200504,BIRMINGHAM,PAKISTAN,ISLAMABAD,PAKISTAN INTL AIRLINES,A,S, 21 , 0 , 80.9523809523809 , 9.52380952380952 , 9.52380952380952 , 0 , 0 , 0 , 7.90476190476191 , 0 , 18 , 77.7777777777778 , 8.38888888888889 
24-Aug-2005 11:52,200504,BIRMINGHAM,PAKISTAN,ISLAMABAD,PAKISTAN INTL AIRLINES,D,S, 20 , 0 , 95 , 5 , 0 , 0 , 0 , 0 , 2.6 , 1 , 17 , 94.1176470588235 , 4.05882352941176 
24-Aug-2005 11:52,200504,BIRMINGHAM,PORTUGAL(EXCLUDING MADEIRA),FARO,BRITANNIA AIRWAYS AND THOMSONFLY,A,C, 0 , 0 , 0 , 0 , 0 , 0 , 0 , 0 , 0 , 0 , 5 , 100 , 3 
24-Aug-2005 11:52,200504,BIRMINGHAM,PORTUGAL(EXCLUDING MADEIRA),FARO,BRITANNIA AIRWAYS AND THOMSONFLY,D,C, 0 , 0 , 0 , 0 , 0 , 0 , 0 , 0 , 0 , 0 , 5 , 60 , 18.4 
24-Aug-2005 11:52,200504,BIRMINGHAM,PORTUGAL(EXCLUDING MADEIRA),FARO,BRITANNIA AIRWAYS AND THOMSONFLY,D,S, 0 , 1 , 0 , 0 , 0 , 0 , 0 , 0 , 0 , 0 , 0 , 0 , 0 
24-Aug-2005 11:52,200504,BIRMINGHAM,PORTUGAL(EXCLUDING MADEIRA),FARO,EUROPEAN AIR CHARTER,A,C, 0 , 0 , 0 , 0 , 0 , 0 , 0 , 0 , 0 , 0 , 4 , 100 , 0.25 
24-Aug-2005 11:52,200504,BIRMINGHAM,PORTUGAL(EXCLUDING MADEIRA),FARO,EUROPEAN AIR CHARTER,D,C, 0 , 0 , 0 , 0 , 0 , 0 , 0 , 0 , 0 , 0 , 4 , 100 , 2.75 
24-Aug-2005 11:52,200504,BIRMINGHAM,PORTUGAL(EXCLUDING MADEIRA),FARO,FIRST CHOICE AIRWAYS LTD,A,C, 9 , 0 , 100 , 0 , 0 , 0 , 0 , 0 , 1.55555555555556 , 0 , 9 , 88.8888888888889 , 7.11111111111111 
24-Aug-2005 11:52,200504,BIRMINGHAM,PORTUGAL(EXCLUDING MADEIRA),FARO,FIRST CHOICE AIRWAYS LTD,D,C, 9 , 0 , 44.4444444444444 , 44.4444444444444 , 11.1111111111111 , 0 , 0 , 0 , 12.5555555555556 , 0 , 9 , 77.7777777777778 , 10.2222222222222 
24-Aug-2005 11:52,200504,BIRMINGHAM,PORTUGAL(EXCLUDING MADEIRA),FARO,FLYBE.BRITISH EUROPEAN,A,S, 15 , 0 , 66.6666666666667 , 20 , 0 , 13.3333333333333 , 0 , 0 , 25 , 0 , 0 , 0 , 0 
24-Aug-2005 11:52,200504,BIRMINGHAM,PORTUGAL(EXCLUDING MADEIRA),FARO,FLYBE.BRITISH EUROPEAN,D,S, 15 , 0 , 80 , 6.66666666666667 , 0 , 13.3333333333333 , 0 , 0 , 21.3333333333333 , 0 , 0 , 0 , 0 
24-Aug-2005 11:52,200504,BIRMINGHAM,PORTUGAL(EXCLUDING MADEIRA),FARO,MY TRAVEL AIRWAYS UK,A,S, 17 , 0 , 94.1176470588235 , 5.88235294117647 , 0 , 0 , 0 , 0 , 2.70588235294118 , 0 , 27 , 88.8888888888889 , 9.66666666666667 
24-Aug-2005 11:52,200504,BIRMINGHAM,PORTUGAL(EXCLUDING MADEIRA),FARO,MY TRAVEL AIRWAYS UK,D,S, 17 , 0 , 94.1176470588235 , 0 , 5.88235294117647 , 0 , 0 , 0 , 6.11764705882353 , 0 , 27 , 88.8888888888889 , 5.85185185185185 
24-Aug-2005 11:52,200504,BIRMINGHAM,PORTUGAL(EXCLUDING MADEIRA),FARO,THOMAS COOK AIRLINES LTD,D,C, 1 , 0 , 100 , 0 , 0 , 0 , 0 , 0 , 0 , 0 , 1 , 100 , 0 
24-Aug-2005 11:52,200504,BIRMINGHAM,PORTUGAL(MADEIRA),FUNCHAL,FIRST CHOICE AIRWAYS LTD,A,C, 4 , 0 , 100 , 0 , 0 , 0 , 0 , 0 , 1.25 , 0 , 4 , 100 , 1.75 
24-Aug-2005 11:52,200504,BIRMINGHAM,PORTUGAL(MADEIRA),FUNCHAL,FIRST CHOICE AIRWAYS LTD,D,C, 4 , 0 , 100 , 0 , 0 , 0 , 0 , 0 , 1.5 , 0 , 4 , 100 , 0.75 
24-Aug-2005 11:52,200504,BIRMINGHAM,SLOVAK REPUBLIC,BRATISLAVA,AIR SLOVAKIA BWJ,A,S, 15 , 3 , 46.6666666666667 , 0 , 13.3333333333333 , 20 , 0 , 20 , 152.8 , 0 , 10 , 20 , 119.4 
24-Aug-2005 11:52,200504,BIRMINGHAM,SLOVAK REPUBLIC,BRATISLAVA,AIR SLOVAKIA BWJ,D,S, 12 , 2 , 58.3333333333333 , 16.6666666666667 , 0 , 8.33333333333333 , 8.33333333333333 , 8.33333333333333 , 102.916666666667 , 1 , 6 , 50 , 21.5 
24-Aug-2005 11:52,200504,BIRMINGHAM,SLOVAK REPUBLIC,BRATISLAVA,SLOVAK AL(SLOVENSKE AEROLINIE),A,C, 0 , 0 , 0 , 0 , 0 , 0 , 0 , 0 , 0 , 0 , 5 , 20 , 81.6 
24-Aug-2005 11:52,200504,BIRMINGHAM,SLOVAK REPUBLIC,BRATISLAVA,SLOVAK AL(SLOVENSKE AEROLINIE),D,C, 0 , 0 , 0 , 0 , 0 , 0 , 0 , 0 , 0 , 0 , 9 , 33.3333333333333 , 63.1111111111111 
24-Aug-2005 11:52,200504,BIRMINGHAM,SPAIN,ALICANTE,BMIBABY LTD,A,S, 26 , 0 , 84.6153846153846 , 0 , 11.5384615384615 , 3.84615384615385 , 0 , 0 , 10.7692307692308 , 0 , 0 , 0 , 0 
24-Aug-2005 11:52,200504,BIRMINGHAM,SPAIN,ALICANTE,BMIBABY LTD,D,S, 26 , 0 , 80.7692307692308 , 0 , 11.5384615384615 , 7.69230769230769 , 0 , 0 , 13.0384615384615 , 0 , 0 , 0 , 0 
24-Aug-2005 11:52,200504,BIRMINGHAM,SPAIN,ALICANTE,BRITANNIA AIRWAYS AND THOMSONFLY,A,C, 13 , 0 , 84.6153846153846 , 0 , 7.69230769230769 , 7.69230769230769 , 0 , 0 , 8.61538461538462 , 0 , 13 , 76.9230769230769 , 5.46153846153846 
24-Aug-2005 11:52,200504,BIRMINGHAM,SPAIN,ALICANTE,BRITANNIA AIRWAYS AND THOMSONFLY,D,C, 12 , 0 , 83.3333333333333 , 0 , 8.33333333333333 , 8.33333333333333 , 0 , 0 , 12.9166666666667 , 0 , 13 , 100 , 1.69230769230769 
24-Aug-2005 11:52,200504,BIRMINGHAM,SPAIN,ALICANTE,FIRST CHOICE AIRWAYS LTD,A,C, 9 , 0 , 100 , 0 , 0 , 0 , 0 , 0 , 1.66666666666667 , 0 , 8 , 75 , 5.75 
24-Aug-2005 11:52,200504,BIRMINGHAM,SPAIN,ALICANTE,FIRST CHOICE AIRWAYS LTD,D,C, 9 , 0 , 100 , 0 , 0 , 0 , 0 , 0 , 1.88888888888889 , 0 , 8 , 100 , 0.625 
24-Aug-2005 11:52,200504,BIRMINGHAM,SPAIN,ALICANTE,FLYBE.BRITISH EUROPEAN,A,S, 22 , 0 , 86.3636363636364 , 13.6363636363636 , 0 , 0 , 0 , 0 , 5.72727272727273 , 0 , 0 , 0 , 0 
24-Aug-2005 11:52,200504,BIRMINGHAM,SPAIN,ALICANTE,FLYBE.BRITISH EUROPEAN,D,S, 22 , 0 , 81.8181818181818 , 13.6363636363636 , 4.54545454545455 , 0 , 0 , 0 , 8.68181818181818 , 0 , 0 , 0 , 0 
24-Aug-2005 11:52,200504,BIRMINGHAM,SPAIN,ALICANTE,MONARCH AIRLINES,A,C, 0 , 0 , 0 , 0 , 0 , 0 , 0 , 0 , 0 , 0 , 4 , 75 , 15 
24-Aug-2005 11:52,200504,BIRMINGHAM,SPAIN,ALICANTE,MONARCH AIRLINES,D,C, 0 , 0 , 0 , 0 , 0 , 0 , 0 , 0 , 0 , 0 , 4 , 50 , 16.25 
24-Aug-2005 11:52,200504,BIRMINGHAM,SPAIN,ALICANTE,MY TRAVEL AIRWAYS UK,A,S, 30 , 0 , 90 , 3.33333333333333 , 6.66666666666667 , 0 , 0 , 0 , 6 , 0 , 30 , 86.6666666666667 , 6.9 
24-Aug-2005 11:52,200504,BIRMINGHAM,SPAIN,ALICANTE,MY TRAVEL AIRWAYS UK,D,S, 30 , 0 , 90 , 10 , 0 , 0 , 0 , 0 , 3.46666666666667 , 0 , 29 , 86.2068965517241 , 8.96551724137931 
24-Aug-2005 11:52,200504,BIRMINGHAM,SPAIN,ALICANTE,THOMAS COOK AIRLINES LTD,A,C, 0 , 0 , 0 , 0 , 0 , 0 , 0 , 0 , 0 , 0 , 3 , 100 , 0 
24-Aug-2005 11:52,200504,BIRMINGHAM,SPAIN,ALICANTE,THOMAS COOK AIRLINES LTD,D,C, 0 , 0 , 0 , 0 , 0 , 0 , 0 , 0 , 0 , 0 , 4 , 100 , 4 
24-Aug-2005 11:52,200504,BIRMINGHAM,SPAIN,ALMERIA,FLYBE.BRITISH EUROPEAN,A,S, 14 , 0 , 35.7142857142857 , 14.2857142857143 , 21.4285714285714 , 28.5714285714286 , 0 , 0 , 38.2857142857143 , 0 , 0 , 0 , 0 
24-Aug-2005 11:52,200504,BIRMINGHAM,SPAIN,ALMERIA,FLYBE.BRITISH EUROPEAN,D,S, 14 , 0 , 57.1428571428571 , 14.2857142857143 , 28.5714285714286 , 0 , 0 , 0 , 17.3571428571429 , 0 , 0 , 0 , 0 
24-Aug-2005 11:52,200504,BIRMINGHAM,SPAIN,ALMERIA,MY TRAVEL AIRWAYS UK,A,C, 0 , 0 , 0 , 0 , 0 , 0 , 0 , 0 , 0 , 0 , 5 , 60 , 9 
24-Aug-2005 11:52,200504,BIRMINGHAM,SPAIN,ALMERIA,MY TRAVEL AIRWAYS UK,A,S, 13 , 0 , 92.3076923076923 , 7.69230769230769 , 0 , 0 , 0 , 0 , 3.15384615384615 , 0 , 24 , 91.6666666666667 , 8.29166666666667 
24-Aug-2005 11:52,200504,BIRMINGHAM,SPAIN,ALMERIA,MY TRAVEL AIRWAYS UK,D,C, 0 , 0 , 0 , 0 , 0 , 0 , 0 , 0 , 0 , 0 , 5 , 60 , 15.2 
24-Aug-2005 11:52,200504,BIRMINGHAM,SPAIN,ALMERIA,MY TRAVEL AIRWAYS UK,D,S, 13 , 0 , 69.2307692307692 , 23.0769230769231 , 7.69230769230769 , 0 , 0 , 0 , 8.69230769230769 , 0 , 24 , 87.5 , 12.375 
24-Aug-2005 11:52,200504,BIRMINGHAM,SPAIN,BARCELONA,BRITISH AIRWAYS CITIEXPRESS LTD,A,S, 28 , 0 , 100 , 0 , 0 , 0 , 0 , 0 , 1.25 , 0 , 29 , 86.2068965517241 , 8.89655172413793 
24-Aug-2005 11:52,200504,BIRMINGHAM,SPAIN,BARCELONA,BRITISH AIRWAYS CITIEXPRESS LTD,D,S, 28 , 0 , 96.4285714285714 , 3.57142857142857 , 0 , 0 , 0 , 0 , 2.67857142857143 , 0 , 30 , 90 , 7.5 
24-Aug-2005 11:52,200504,BIRMINGHAM,SPAIN,BARCELONA,MY TRAVEL AIRWAYS UK,A,S, 22 , 0 , 63.6363636363636 , 13.6363636363636 , 13.6363636363636 , 9.09090909090909 , 0 , 0 , 24.7727272727273 , 0 , 28 , 71.4285714285714 , 25.25 
24-Aug-2005 11:52,200504,BIRMINGHAM,SPAIN,BARCELONA,MY TRAVEL AIRWAYS UK,D,S, 22 , 0 , 81.8181818181818 , 4.54545454545455 , 9.09090909090909 , 4.54545454545455 , 0 , 0 , 14.2727272727273 , 0 , 28 , 57.1428571428571 , 23.1071428571429 
24-Aug-2005 11:52,200504,BIRMINGHAM,SPAIN,GERONA,RYANAIR,A,S, 0 , 0 , 0 , 0 , 0 , 0 , 0 , 0 , 0 , 0 , 28 , 89.2857142857143 , 4.14285714285714 
24-Aug-2005 11:52,200504,BIRMINGHAM,SPAIN,GERONA,RYANAIR,D,S, 0 , 0 , 0 , 0 , 0 , 0 , 0 , 0 , 0 , 0 , 28 , 92.8571428571429 , 4.96428571428571 
24-Aug-2005 11:52,200504,BIRMINGHAM,SPAIN,MADRID,BRITISH AIRWAYS CITIEXPRESS LTD,A,S, 29 , 1 , 79.3103448275862 , 6.89655172413793 , 6.89655172413793 , 3.44827586206897 , 3.44827586206897 , 0 , 23.2068965517241 , 0 , 30 , 83.3333333333333 , 9.86666666666667 
24-Aug-2005 11:52,200504,BIRMINGHAM,SPAIN,MADRID,BRITISH AIRWAYS CITIEXPRESS LTD,D,S, 30 , 0 , 80 , 13.3333333333333 , 3.33333333333333 , 3.33333333333333 , 0 , 0 , 12.8666666666667 , 0 , 30 , 80 , 10.6 
24-Aug-2005 11:52,200504,BIRMINGHAM,SPAIN,MADRID,EUROPEAN AIR CHARTER,A,C, 0 , 0 , 0 , 0 , 0 , 0 , 0 , 0 , 0 , 0 , 1 , 100 , 0 
24-Aug-2005 11:52,200504,BIRMINGHAM,SPAIN,MADRID,EUROPEAN AIR CHARTER,D,C, 0 , 0 , 0 , 0 , 0 , 0 , 0 , 0 , 0 , 0 , 1 , 100 , 0 
24-Aug-2005 11:52,200504,BIRMINGHAM,SPAIN,MAHON,MY TRAVEL AIRWAYS UK,D,C, 1 , 0 , 100 , 0 , 0 , 0 , 0 , 0 , 15 , 0 , 0 , 0 , 0 
24-Aug-2005 11:52,200504,BIRMINGHAM,SPAIN,MALAGA,BMIBABY LTD,A,S, 35 , 0 , 68.5714285714286 , 14.2857142857143 , 8.57142857142857 , 8.57142857142857 , 0 , 0 , 19.5714285714286 , 0 , 0 , 0 , 0 
24-Aug-2005 11:52,200504,BIRMINGHAM,SPAIN,MALAGA,BMIBABY LTD,D,S, 35 , 0 , 48.5714285714286 , 25.7142857142857 , 17.1428571428571 , 8.57142857142857 , 0 , 0 , 25.0571428571429 , 0 , 0 , 0 , 0 
24-Aug-2005 11:52,200504,BIRMINGHAM,SPAIN,MALAGA,BRITANNIA AIRWAYS AND THOMSONFLY,A,C, 8 , 0 , 87.5 , 12.5 , 0 , 0 , 0 , 0 , 3.5 , 0 , 10 , 90 , 3.3 
24-Aug-2005 11:52,200504,BIRMINGHAM,SPAIN,MALAGA,BRITANNIA AIRWAYS AND THOMSONFLY,D,C, 8 , 0 , 100 , 0 , 0 , 0 , 0 , 0 , 1.125 , 0 , 10 , 100 , 1.5 
24-Aug-2005 11:52,200504,BIRMINGHAM,SPAIN,MALAGA,BRITANNIA AIRWAYS AND THOMSONFLY,D,S, 0 , 1 , 0 , 0 , 0 , 0 , 0 , 0 , 0 , 0 , 0 , 0 , 0 
24-Aug-2005 11:52,200504,BIRMINGHAM,SPAIN,MALAGA,FIRST CHOICE AIRWAYS LTD,A,C, 4 , 0 , 100 , 0 , 0 , 0 , 0 , 0 , 4.75 , 0 , 8 , 75 , 11.125 
24-Aug-2005 11:52,200504,BIRMINGHAM,SPAIN,MALAGA,FIRST CHOICE AIRWAYS LTD,D,C, 4 , 0 , 100 , 0 , 0 , 0 , 0 , 0 , 1.25 , 0 , 9 , 66.6666666666667 , 16 
24-Aug-2005 11:52,200504,BIRMINGHAM,SPAIN,MALAGA,FLYBE.BRITISH EUROPEAN,A,S, 30 , 0 , 80 , 10 , 0 , 10 , 0 , 0 , 19.3 , 0 , 0 , 0 , 0 
24-Aug-2005 11:52,200504,BIRMINGHAM,SPAIN,MALAGA,FLYBE.BRITISH EUROPEAN,D,S, 30 , 0 , 80 , 6.66666666666667 , 3.33333333333333 , 10 , 0 , 0 , 18.0666666666667 , 0 , 0 , 0 , 0 
24-Aug-2005 11:52,200504,BIRMINGHAM,SPAIN,MALAGA,MONARCH AIRLINES,A,C, 0 , 0 , 0 , 0 , 0 , 0 , 0 , 0 , 0 , 0 , 8 , 50 , 22.625 
24-Aug-2005 11:52,200504,BIRMINGHAM,SPAIN,MALAGA,MONARCH AIRLINES,A,S, 3 , 0 , 100 , 0 , 0 , 0 , 0 , 0 , 1.33333333333333 , 0 , 0 , 0 , 0 
24-Aug-2005 11:52,200504,BIRMINGHAM,SPAIN,MALAGA,MONARCH AIRLINES,D,C, 0 , 0 , 0 , 0 , 0 , 0 , 0 , 0 , 0 , 0 , 8 , 87.5 , 6.5 
24-Aug-2005 11:52,200504,BIRMINGHAM,SPAIN,MALAGA,MONARCH AIRLINES,D,S, 3 , 0 , 100 , 0 , 0 , 0 , 0 , 0 , 6.66666666666667 , 0 , 0 , 0 , 0 
24-Aug-2005 11:52,200504,BIRMINGHAM,SPAIN,MALAGA,MY TRAVEL AIRWAYS UK,A,S, 30 , 0 , 76.6666666666667 , 10 , 10 , 3.33333333333333 , 0 , 0 , 12.8666666666667 , 0 , 30 , 66.6666666666667 , 14.3 
24-Aug-2005 11:52,200504,BIRMINGHAM,SPAIN,MALAGA,MY TRAVEL AIRWAYS UK,D,S, 30 , 0 , 83.3333333333333 , 10 , 3.33333333333333 , 3.33333333333333 , 0 , 0 , 12.1666666666667 , 0 , 30 , 50 , 15.7 
24-Aug-2005 11:52,200504,BIRMINGHAM,SPAIN,MALAGA,THOMAS COOK AIRLINES LTD,D,C, 1 , 0 , 100 , 0 , 0 , 0 , 0 , 0 , 4 , 0 , 0 , 0 , 0 
24-Aug-2005 11:52,200504,BIRMINGHAM,SPAIN,MURCIA SAN JAVIER,DUO AIRWAYS LTD,A,C, 0 , 0 , 0 , 0 , 0 , 0 , 0 , 0 , 0 , 0 , 4 , 100 , 3 
24-Aug-2005 11:52,200504,BIRMINGHAM,SPAIN,MURCIA SAN JAVIER,DUO AIRWAYS LTD,D,C, 0 , 0 , 0 , 0 , 0 , 0 , 0 , 0 , 0 , 0 , 4 , 75 , 5 
24-Aug-2005 11:52,200504,BIRMINGHAM,SPAIN,MURCIA SAN JAVIER,FLYBE.BRITISH EUROPEAN,A,S, 17 , 1 , 52.9411764705882 , 23.5294117647059 , 11.7647058823529 , 11.7647058823529 , 0 , 0 , 26.8235294117647 , 1 , 0 , 0 , 0 
24-Aug-2005 11:52,200504,BIRMINGHAM,SPAIN,MURCIA SAN JAVIER,FLYBE.BRITISH EUROPEAN,D,S, 18 , 0 , 72.2222222222222 , 5.55555555555556 , 11.1111111111111 , 11.1111111111111 , 0 , 0 , 21.1111111111111 , 0 , 0 , 0 , 0 
24-Aug-2005 11:52,200504,BIRMINGHAM,SPAIN,MURCIA SAN JAVIER,MY TRAVEL AIRWAYS UK,A,S, 26 , 0 , 92.3076923076923 , 7.69230769230769 , 0 , 0 , 0 , 0 , 4.38461538461539 , 0 , 30 , 90 , 7.46666666666667 
24-Aug-2005 11:52,200504,BIRMINGHAM,SPAIN,MURCIA SAN JAVIER,MY TRAVEL AIRWAYS UK,D,S, 26 , 0 , 96.1538461538462 , 3.84615384615385 , 0 , 0 , 0 , 0 , 3.42307692307692 , 0 , 30 , 73.3333333333333 , 27.7 
24-Aug-2005 11:52,200504,BIRMINGHAM,SPAIN,MURCIA SAN JAVIER,RYANAIR,A,S, 0 , 0 , 0 , 0 , 0 , 0 , 0 , 0 , 0 , 0 , 28 , 92.8571428571429 , 4.78571428571429 
24-Aug-2005 11:52,200504,BIRMINGHAM,SPAIN,MURCIA SAN JAVIER,RYANAIR,D,S, 0 , 0 , 0 , 0 , 0 , 0 , 0 , 0 , 0 , 0 , 28 , 89.2857142857143 , 9.42857142857143 
24-Aug-2005 11:52,200504,BIRMINGHAM,SPAIN,PALMA DE MALLORCA,AIR EUROPA,A,C, 0 , 0 , 0 , 0 , 0 , 0 , 0 , 0 , 0 , 0 , 3 , 100 , 0 
24-Aug-2005 11:52,200504,BIRMINGHAM,SPAIN,PALMA DE MALLORCA,AIR EUROPA,D,C, 0 , 0 , 0 , 0 , 0 , 0 , 0 , 0 , 0 , 0 , 4 , 100 , 4.25 
24-Aug-2005 11:52,200504,BIRMINGHAM,SPAIN,PALMA DE MALLORCA,BMI BRITISH MIDLAND,A,C, 0 , 0 , 0 , 0 , 0 , 0 , 0 , 0 , 0 , 0 , 3 , 66.6666666666667 , 16.6666666666667 
24-Aug-2005 11:52,200504,BIRMINGHAM,SPAIN,PALMA DE MALLORCA,BMI BRITISH MIDLAND,D,C, 0 , 0 , 0 , 0 , 0 , 0 , 0 , 0 , 0 , 0 , 4 , 25 , 26 
24-Aug-2005 11:52,200504,BIRMINGHAM,SPAIN,PALMA DE MALLORCA,BMIBABY LTD,A,S, 30 , 0 , 83.3333333333333 , 13.3333333333333 , 0 , 3.33333333333333 , 0 , 0 , 9.76666666666667 , 0 , 0 , 0 , 0 
24-Aug-2005 11:52,200504,BIRMINGHAM,SPAIN,PALMA DE MALLORCA,BMIBABY LTD,D,S, 30 , 0 , 83.3333333333333 , 10 , 3.33333333333333 , 3.33333333333333 , 0 , 0 , 10.7666666666667 , 0 , 0 , 0 , 0 
24-Aug-2005 11:52,200504,BIRMINGHAM,SPAIN,PALMA DE MALLORCA,BRITANNIA AIRWAYS AND THOMSONFLY,A,C, 14 , 0 , 78.5714285714286 , 7.14285714285714 , 0 , 14.2857142857143 , 0 , 0 , 17.4285714285714 , 0 , 12 , 83.3333333333333 , 14.9166666666667 
24-Aug-2005 11:52,200504,BIRMINGHAM,SPAIN,PALMA DE MALLORCA,BRITANNIA AIRWAYS AND THOMSONFLY,D,C, 14 , 0 , 78.5714285714286 , 0 , 7.14285714285714 , 14.2857142857143 , 0 , 0 , 20.9285714285714 , 0 , 13 , 92.3076923076923 , 6.76923076923077 
24-Aug-2005 11:52,200504,BIRMINGHAM,SPAIN,PALMA DE MALLORCA,FIRST CHOICE AIRWAYS LTD,A,C, 9 , 0 , 88.8888888888889 , 0 , 11.1111111111111 , 0 , 0 , 0 , 6.44444444444444 , 0 , 4 , 100 , 3.25 
24-Aug-2005 11:52,200504,BIRMINGHAM,SPAIN,PALMA DE MALLORCA,FIRST CHOICE AIRWAYS LTD,D,C, 9 , 0 , 77.7777777777778 , 11.1111111111111 , 11.1111111111111 , 0 , 0 , 0 , 9.88888888888889 , 0 , 4 , 100 , 0 
24-Aug-2005 11:52,200504,BIRMINGHAM,SPAIN,PALMA DE MALLORCA,FLYBE.BRITISH EUROPEAN,A,S, 12 , 0 , 75 , 25 , 0 , 0 , 0 , 0 , 9.91666666666667 , 0 , 0 , 0 , 0 
24-Aug-2005 11:52,200504,BIRMINGHAM,SPAIN,PALMA DE MALLORCA,FLYBE.BRITISH EUROPEAN,D,S, 12 , 0 , 91.6666666666667 , 8.33333333333333 , 0 , 0 , 0 , 0 , 5.66666666666667 , 0 , 0 , 0 , 0 
24-Aug-2005 11:52,200504,BIRMINGHAM,SPAIN,PALMA DE MALLORCA,MY TRAVEL AIRWAYS UK,A,S, 22 , 0 , 77.2727272727273 , 18.1818181818182 , 4.54545454545455 , 0 , 0 , 0 , 7.5 , 0 , 24 , 95.8333333333333 , 10.0833333333333 
24-Aug-2005 11:52,200504,BIRMINGHAM,SPAIN,PALMA DE MALLORCA,MY TRAVEL AIRWAYS UK,D,C, 0 , 0 , 0 , 0 , 0 , 0 , 0 , 0 , 0 , 0 , 1 , 100 , 1 
24-Aug-2005 11:52,200504,BIRMINGHAM,SPAIN,PALMA DE MALLORCA,MY TRAVEL AIRWAYS UK,D,S, 22 , 0 , 90.9090909090909 , 9.09090909090909 , 0 , 0 , 0 , 0 , 5 , 0 , 25 , 92 , 12.84 
24-Aug-2005 11:52,200504,BIRMINGHAM,SPAIN,PALMA DE MALLORCA,THOMAS COOK AIRLINES LTD,A,C, 5 , 0 , 100 , 0 , 0 , 0 , 0 , 0 , 2.4 , 0 , 3 , 66.6666666666667 , 5.33333333333333 
24-Aug-2005 11:52,200504,BIRMINGHAM,SPAIN,PALMA DE MALLORCA,THOMAS COOK AIRLINES LTD,D,C, 5 , 0 , 100 , 0 , 0 , 0 , 0 , 0 , 0 , 0 , 5 , 100 , 7.8 
24-Aug-2005 11:52,200504,BIRMINGHAM,SPAIN,PALMA DE MALLORCA,VOLAR AIRLINES,A,C, 0 , 0 , 0 , 0 , 0 , 0 , 0 , 0 , 0 , 0 , 3 , 0 , 25.6666666666667 
24-Aug-2005 11:52,200504,BIRMINGHAM,SPAIN,PALMA DE MALLORCA,VOLAR AIRLINES,D,C, 0 , 0 , 0 , 0 , 0 , 0 , 0 , 0 , 0 , 0 , 4 , 25 , 24 
24-Aug-2005 11:52,200504,BIRMINGHAM,SPAIN,REUS,BRITANNIA AIRWAYS AND THOMSONFLY,A,C, 0 , 0 , 0 , 0 , 0 , 0 , 0 , 0 , 0 , 0 , 3 , 66.6666666666667 , 13 
24-Aug-2005 11:52,200504,BIRMINGHAM,SPAIN,REUS,BRITANNIA AIRWAYS AND THOMSONFLY,D,C, 0 , 0 , 0 , 0 , 0 , 0 , 0 , 0 , 0 , 0 , 4 , 75 , 13.25 
24-Aug-2005 11:52,200504,BIRMINGHAM,SPAIN,REUS,MY TRAVEL AIRWAYS UK,A,C, 0 , 0 , 0 , 0 , 0 , 0 , 0 , 0 , 0 , 0 , 3 , 100 , 0 
24-Aug-2005 11:52,200504,BIRMINGHAM,SPAIN,REUS,MY TRAVEL AIRWAYS UK,D,C, 0 , 0 , 0 , 0 , 0 , 0 , 0 , 0 , 0 , 0 , 4 , 100 , 4 
24-Aug-2005 11:52,200504,BIRMINGHAM,SPAIN(CANARY ISLANDS),ARRECIFE,BRITANNIA AIRWAYS AND THOMSONFLY,A,C, 8 , 0 , 100 , 0 , 0 , 0 , 0 , 0 , 0 , 0 , 9 , 77.7777777777778 , 24.6666666666667 
24-Aug-2005 11:52,200504,BIRMINGHAM,SPAIN(CANARY ISLANDS),ARRECIFE,BRITANNIA AIRWAYS AND THOMSONFLY,D,C, 8 , 0 , 87.5 , 12.5 , 0 , 0 , 0 , 0 , 3.75 , 0 , 8 , 87.5 , 29.625 
24-Aug-2005 11:52,200504,BIRMINGHAM,SPAIN(CANARY ISLANDS),ARRECIFE,EXCEL AIRWAYS LTD,A,C, 1 , 0 , 100 , 0 , 0 , 0 , 0 , 0 , 0 , 0 , 0 , 0 , 0 
24-Aug-2005 11:52,200504,BIRMINGHAM,SPAIN(CANARY ISLANDS),ARRECIFE,EXCEL AIRWAYS LTD,D,C, 1 , 0 , 100 , 0 , 0 , 0 , 0 , 0 , 7 , 0 , 0 , 0 , 0 
24-Aug-2005 11:52,200504,BIRMINGHAM,SPAIN(CANARY ISLANDS),ARRECIFE,FIRST CHOICE AIRWAYS LTD,A,C, 4 , 0 , 100 , 0 , 0 , 0 , 0 , 0 , 0 , 0 , 4 , 100 , 0 
24-Aug-2005 11:52,200504,BIRMINGHAM,SPAIN(CANARY ISLANDS),ARRECIFE,FIRST CHOICE AIRWAYS LTD,D,C, 4 , 0 , 100 , 0 , 0 , 0 , 0 , 0 , 0.5 , 0 , 5 , 100 , 1.4 
24-Aug-2005 11:52,200504,BIRMINGHAM,SPAIN(CANARY ISLANDS),ARRECIFE,MONARCH AIRLINES,A,C, 4 , 0 , 75 , 25 , 0 , 0 , 0 , 0 , 7 , 0 , 5 , 100 , 0 
24-Aug-2005 11:52,200504,BIRMINGHAM,SPAIN(CANARY ISLANDS),ARRECIFE,MONARCH AIRLINES,D,C, 4 , 0 , 75 , 25 , 0 , 0 , 0 , 0 , 9.5 , 0 , 5 , 100 , 0 
24-Aug-2005 11:52,200504,BIRMINGHAM,SPAIN(CANARY ISLANDS),ARRECIFE,MY TRAVEL AIRWAYS UK,A,C, 4 , 0 , 100 , 0 , 0 , 0 , 0 , 0 , 0 , 0 , 4 , 100 , 0 
24-Aug-2005 11:52,200504,BIRMINGHAM,SPAIN(CANARY ISLANDS),ARRECIFE,MY TRAVEL AIRWAYS UK,D,C, 4 , 0 , 100 , 0 , 0 , 0 , 0 , 0 , 4.75 , 0 , 4 , 75 , 7.75 
24-Aug-2005 11:52,200504,BIRMINGHAM,SPAIN(CANARY ISLANDS),ARRECIFE,THOMAS COOK AIRLINES LTD,A,C, 4 , 0 , 100 , 0 , 0 , 0 , 0 , 0 , 0 , 0 , 5 , 100 , 4.2 
24-Aug-2005 11:52,200504,BIRMINGHAM,SPAIN(CANARY ISLANDS),ARRECIFE,THOMAS COOK AIRLINES LTD,D,C, 4 , 0 , 100 , 0 , 0 , 0 , 0 , 0 , 0 , 0 , 5 , 100 , 3.4 
24-Aug-2005 11:52,200504,BIRMINGHAM,SPAIN(CANARY ISLANDS),FUERTEVENTURA,BRITANNIA AIRWAYS AND THOMSONFLY,A,C, 4 , 0 , 100 , 0 , 0 , 0 , 0 , 0 , 0 , 0 , 4 , 75 , 8 
24-Aug-2005 11:52,200504,BIRMINGHAM,SPAIN(CANARY ISLANDS),FUERTEVENTURA,BRITANNIA AIRWAYS AND THOMSONFLY,D,C, 4 , 0 , 100 , 0 , 0 , 0 , 0 , 0 , 0 , 0 , 4 , 75 , 10.75 
24-Aug-2005 11:52,200504,BIRMINGHAM,SPAIN(CANARY ISLANDS),FUERTEVENTURA,MY TRAVEL AIRWAYS UK,A,C, 4 , 0 , 100 , 0 , 0 , 0 , 0 , 0 , 0 , 0 , 4 , 100 , 0 
24-Aug-2005 11:52,200504,BIRMINGHAM,SPAIN(CANARY ISLANDS),FUERTEVENTURA,MY TRAVEL AIRWAYS UK,D,C, 4 , 0 , 100 , 0 , 0 , 0 , 0 , 0 , 1 , 0 , 4 , 75 , 7.25 
24-Aug-2005 11:52,200504,BIRMINGHAM,SPAIN(CANARY ISLANDS),FUERTEVENTURA,THOMAS COOK AIRLINES LTD,A,C, 9 , 0 , 88.8888888888889 , 0 , 0 , 11.1111111111111 , 0 , 0 , 9.77777777777778 , 0 , 8 , 87.5 , 15.625 
24-Aug-2005 11:52,200504,BIRMINGHAM,SPAIN(CANARY ISLANDS),FUERTEVENTURA,THOMAS COOK AIRLINES LTD,D,C, 8 , 0 , 75 , 12.5 , 0 , 12.5 , 0 , 0 , 14.25 , 0 , 7 , 85.7142857142857 , 19.4285714285714 
24-Aug-2005 11:52,200504,BIRMINGHAM,SPAIN(CANARY ISLANDS),LAS PALMAS,BRITANNIA AIRWAYS AND THOMSONFLY,A,C, 8 , 0 , 87.5 , 12.5 , 0 , 0 , 0 , 0 , 5.75 , 0 , 9 , 77.7777777777778 , 26.1111111111111 
24-Aug-2005 11:52,200504,BIRMINGHAM,SPAIN(CANARY ISLANDS),LAS PALMAS,BRITANNIA AIRWAYS AND THOMSONFLY,D,C, 8 , 0 , 100 , 0 , 0 , 0 , 0 , 0 , 1.25 , 0 , 9 , 88.8888888888889 , 26.7777777777778 
24-Aug-2005 11:52,200504,BIRMINGHAM,SPAIN(CANARY ISLANDS),LAS PALMAS,FIRST CHOICE AIRWAYS LTD,A,C, 0 , 0 , 0 , 0 , 0 , 0 , 0 , 0 , 0 , 0 , 4 , 100 , 0 
24-Aug-2005 11:52,200504,BIRMINGHAM,SPAIN(CANARY ISLANDS),LAS PALMAS,FIRST CHOICE AIRWAYS LTD,D,C, 0 , 0 , 0 , 0 , 0 , 0 , 0 , 0 , 0 , 0 , 4 , 100 , 0 
24-Aug-2005 11:52,200504,BIRMINGHAM,SPAIN(CANARY ISLANDS),LAS PALMAS,MY TRAVEL AIRWAYS UK,A,C, 5 , 0 , 80 , 20 , 0 , 0 , 0 , 0 , 4.4 , 0 , 4 , 50 , 16.5 
24-Aug-2005 11:52,200504,BIRMINGHAM,SPAIN(CANARY ISLANDS),LAS PALMAS,MY TRAVEL AIRWAYS UK,D,C, 5 , 0 , 80 , 20 , 0 , 0 , 0 , 0 , 8.2 , 0 , 4 , 25 , 20.5 
24-Aug-2005 11:52,200504,BIRMINGHAM,SPAIN(CANARY ISLANDS),LAS PALMAS,THOMAS COOK AIRLINES LTD,A,C, 4 , 0 , 100 , 0 , 0 , 0 , 0 , 0 , 1.25 , 0 , 4 , 100 , 3 
24-Aug-2005 11:52,200504,BIRMINGHAM,SPAIN(CANARY ISLANDS),LAS PALMAS,THOMAS COOK AIRLINES LTD,D,C, 5 , 0 , 100 , 0 , 0 , 0 , 0 , 0 , 3 , 0 , 4 , 100 , 1.5 
24-Aug-2005 11:52,200504,BIRMINGHAM,SPAIN(CANARY ISLANDS),TENERIFE (NORTE LOS RODEOS),BRITANNIA AIRWAYS AND THOMSONFLY,A,C, 5 , 0 , 40 , 40 , 0 , 20 , 0 , 0 , 33 , 0 , 5 , 80 , 17 
24-Aug-2005 11:52,200504,BIRMINGHAM,SPAIN(CANARY ISLANDS),TENERIFE (NORTE LOS RODEOS),BRITANNIA AIRWAYS AND THOMSONFLY,D,C, 5 , 0 , 80 , 0 , 0 , 20 , 0 , 0 , 26.8 , 0 , 4 , 75 , 25.75 
24-Aug-2005 11:52,200504,BIRMINGHAM,SPAIN(CANARY ISLANDS),TENERIFE (SURREINA SOFIA),AIR MALTA,A,C, 0 , 0 , 0 , 0 , 0 , 0 , 0 , 0 , 0 , 0 , 2 , 0 , 75.5 
24-Aug-2005 11:52,200504,BIRMINGHAM,SPAIN(CANARY ISLANDS),TENERIFE (SURREINA SOFIA),AIR MALTA,D,C, 0 , 0 , 0 , 0 , 0 , 0 , 0 , 0 , 0 , 0 , 2 , 50 , 27.5 
24-Aug-2005 11:52,200504,BIRMINGHAM,SPAIN(CANARY ISLANDS),TENERIFE (SURREINA SOFIA),BRITANNIA AIRWAYS AND THOMSONFLY,A,C, 13 , 0 , 92.3076923076923 , 0 , 0 , 7.69230769230769 , 0 , 0 , 6.38461538461539 , 0 , 13 , 100 , 0 
24-Aug-2005 11:52,200504,BIRMINGHAM,SPAIN(CANARY ISLANDS),TENERIFE (SURREINA SOFIA),BRITANNIA AIRWAYS AND THOMSONFLY,D,C, 13 , 0 , 84.6153846153846 , 7.69230769230769 , 0 , 7.69230769230769 , 0 , 0 , 9.76923076923077 , 0 , 13 , 92.3076923076923 , 3.92307692307692 
24-Aug-2005 11:52,200504,BIRMINGHAM,SPAIN(CANARY ISLANDS),TENERIFE (SURREINA SOFIA),EXCEL AIRWAYS LTD,A,C, 2 , 0 , 0 , 50 , 0 , 50 , 0 , 0 , 52.5 , 0 , 0 , 0 , 0 
24-Aug-2005 11:52,200504,BIRMINGHAM,SPAIN(CANARY ISLANDS),TENERIFE (SURREINA SOFIA),EXCEL AIRWAYS LTD,D,C, 2 , 0 , 50 , 0 , 0 , 50 , 0 , 0 , 44.5 , 0 , 0 , 0 , 0 
24-Aug-2005 11:52,200504,BIRMINGHAM,SPAIN(CANARY ISLANDS),TENERIFE (SURREINA SOFIA),FIRST CHOICE AIRWAYS LTD,A,C, 9 , 0 , 88.8888888888889 , 11.1111111111111 , 0 , 0 , 0 , 0 , 5.66666666666667 , 0 , 9 , 88.8888888888889 , 11.3333333333333 
24-Aug-2005 11:52,200504,BIRMINGHAM,SPAIN(CANARY ISLANDS),TENERIFE (SURREINA SOFIA),FIRST CHOICE AIRWAYS LTD,D,C, 9 , 0 , 100 , 0 , 0 , 0 , 0 , 0 , 2.22222222222222 , 0 , 9 , 77.7777777777778 , 8.22222222222222 
24-Aug-2005 11:52,200504,BIRMINGHAM,SPAIN(CANARY ISLANDS),TENERIFE (SURREINA SOFIA),MONARCH AIRLINES,A,C, 14 , 0 , 92.8571428571429 , 7.14285714285714 , 0 , 0 , 0 , 0 , 2.35714285714286 , 0 , 13 , 100 , 1.53846153846154 
24-Aug-2005 11:52,200504,BIRMINGHAM,SPAIN(CANARY ISLANDS),TENERIFE (SURREINA SOFIA),MONARCH AIRLINES,A,S, 3 , 0 , 100 , 0 , 0 , 0 , 0 , 0 , 0 , 0 , 0 , 0 , 0 
24-Aug-2005 11:52,200504,BIRMINGHAM,SPAIN(CANARY ISLANDS),TENERIFE (SURREINA SOFIA),MONARCH AIRLINES,D,C, 14 , 0 , 100 , 0 , 0 , 0 , 0 , 0 , 2.78571428571429 , 0 , 14 , 92.8571428571429 , 1.92857142857143 
24-Aug-2005 11:52,200504,BIRMINGHAM,SPAIN(CANARY ISLANDS),TENERIFE (SURREINA SOFIA),MONARCH AIRLINES,D,S, 3 , 0 , 100 , 0 , 0 , 0 , 0 , 0 , 0 , 0 , 0 , 0 , 0 
24-Aug-2005 11:52,200504,BIRMINGHAM,SPAIN(CANARY ISLANDS),TENERIFE (SURREINA SOFIA),MY TRAVEL AIRWAYS UK,A,C, 9 , 0 , 77.7777777777778 , 11.1111111111111 , 11.1111111111111 , 0 , 0 , 0 , 8 , 0 , 10 , 60 , 14.3 
24-Aug-2005 11:52,200504,BIRMINGHAM,SPAIN(CANARY ISLANDS),TENERIFE (SURREINA SOFIA),MY TRAVEL AIRWAYS UK,A,S, 0 , 0 , 0 , 0 , 0 , 0 , 0 , 0 , 0 , 0 , 21 , 95.2380952380952 , 4.23809523809524 
24-Aug-2005 11:52,200504,BIRMINGHAM,SPAIN(CANARY ISLANDS),TENERIFE (SURREINA SOFIA),MY TRAVEL AIRWAYS UK,D,C, 9 , 0 , 77.7777777777778 , 11.1111111111111 , 11.1111111111111 , 0 , 0 , 0 , 9.77777777777778 , 0 , 10 , 40 , 26.7 
24-Aug-2005 11:52,200504,BIRMINGHAM,SPAIN(CANARY ISLANDS),TENERIFE (SURREINA SOFIA),MY TRAVEL AIRWAYS UK,D,S, 0 , 0 , 0 , 0 , 0 , 0 , 0 , 0 , 0 , 0 , 22 , 90.9090909090909 , 19.2272727272727 
24-Aug-2005 11:52,200504,BIRMINGHAM,SPAIN(CANARY ISLANDS),TENERIFE (SURREINA SOFIA),THOMAS COOK AIRLINES LTD,A,C, 10 , 0 , 70 , 10 , 10 , 10 , 0 , 0 , 25.6 , 0 , 13 , 92.3076923076923 , 1.76923076923077 
24-Aug-2005 11:52,200504,BIRMINGHAM,SPAIN(CANARY ISLANDS),TENERIFE (SURREINA SOFIA),THOMAS COOK AIRLINES LTD,D,C, 8 , 0 , 87.5 , 0 , 12.5 , 0 , 0 , 0 , 5.375 , 0 , 14 , 78.5714285714286 , 8.57142857142857 
24-Aug-2005 11:52,200504,BIRMINGHAM,SPAIN(CANARY ISLANDS),TENERIFE (SURREINA SOFIA),VOLAR AIRLINES,A,C, 6 , 0 , 83.3333333333333 , 0 , 0 , 16.6666666666667 , 0 , 0 , 14.8333333333333 , 0 , 4 , 75 , 4.75 
24-Aug-2005 11:52,200504,BIRMINGHAM,SPAIN(CANARY ISLANDS),TENERIFE (SURREINA SOFIA),VOLAR AIRLINES,D,C, 6 , 0 , 66.6666666666667 , 16.6666666666667 , 0 , 16.6666666666667 , 0 , 0 , 21 , 0 , 4 , 75 , 12 
24-Aug-2005 11:52,200504,BIRMINGHAM,SWEDEN,GOTEBORG,CITY AIRLINE,A,S, 21 , 0 , 52.3809523809524 , 38.0952380952381 , 4.76190476190476 , 4.76190476190476 , 0 , 0 , 17.3809523809524 , 0 , 21 , 66.6666666666667 , 12.8571428571429 
24-Aug-2005 11:52,200504,BIRMINGHAM,SWEDEN,GOTEBORG,CITY AIRLINE,D,S, 25 , 0 , 80 , 8 , 0 , 12 , 0 , 0 , 13.72 , 0 , 27 , 88.8888888888889 , 6.40740740740741 
24-Aug-2005 11:52,200504,BIRMINGHAM,SWEDEN,GOTEBORG,MONARCH AIRLINES,A,C, 0 , 0 , 0 , 0 , 0 , 0 , 0 , 0 , 0 , 0 , 1 , 100 , 5 
24-Aug-2005 11:52,200504,BIRMINGHAM,SWEDEN,STOCKHOLM (ARLANDA),CHANNEL EXPRESS (INCORP: JET 2),A,C, 0 , 0 , 0 , 0 , 0 , 0 , 0 , 0 , 0 , 0 , 3 , 100 , 12.6666666666667 
24-Aug-2005 11:52,200504,BIRMINGHAM,SWEDEN,STOCKHOLM (ARLANDA),CHANNEL EXPRESS (INCORP: JET 2),D,C, 0 , 0 , 0 , 0 , 0 , 0 , 0 , 0 , 0 , 0 , 3 , 66.6666666666667 , 7.33333333333333 
24-Aug-2005 11:52,200504,BIRMINGHAM,SWEDEN,STOCKHOLM (ARLANDA),DUO AIRWAYS LTD,A,S, 0 , 0 , 0 , 0 , 0 , 0 , 0 , 0 , 0 , 0 , 45 , 88.8888888888889 , 4.86666666666667 
24-Aug-2005 11:52,200504,BIRMINGHAM,SWEDEN,STOCKHOLM (ARLANDA),DUO AIRWAYS LTD,D,S, 0 , 0 , 0 , 0 , 0 , 0 , 0 , 0 , 0 , 0 , 45 , 80 , 10.7111111111111 
24-Aug-2005 11:52,200504,BIRMINGHAM,SWEDEN,STOCKHOLM (ARLANDA),SAS,A,S, 11 , 0 , 63.6363636363636 , 27.2727272727273 , 0 , 9.09090909090909 , 0 , 0 , 21.4545454545455 , 0 , 0 , 0 , 0 
24-Aug-2005 11:52,200504,BIRMINGHAM,SWEDEN,STOCKHOLM (ARLANDA),SAS,D,S, 11 , 0 , 81.8181818181818 , 9.09090909090909 , 0 , 9.09090909090909 , 0 , 0 , 17.4545454545455 , 0 , 0 , 0 , 0 
24-Aug-2005 11:52,200504,BIRMINGHAM,SWEDEN,STOCKHOLM (ARLANDA),SKYWAYS EXPRESS,A,C, 0 , 0 , 0 , 0 , 0 , 0 , 0 , 0 , 0 , 0 , 42 , 88.0952380952381 , 4.95238095238095 
24-Aug-2005 11:52,200504,BIRMINGHAM,SWEDEN,STOCKHOLM (ARLANDA),SKYWAYS EXPRESS,D,C, 0 , 0 , 0 , 0 , 0 , 0 , 0 , 0 , 0 , 0 , 42 , 85.7142857142857 , 6.19047619047619 
24-Aug-2005 11:52,200504,BIRMINGHAM,SWITZERLAND,BASLE MULHOUSE,SWISS AIRLINES,A,S, 0 , 0 , 0 , 0 , 0 , 0 , 0 , 0 , 0 , 0 , 45 , 95.5555555555556 , 2.42222222222222 
24-Aug-2005 11:52,200504,BIRMINGHAM,SWITZERLAND,BASLE MULHOUSE,SWISS AIRLINES,D,S, 0 , 0 , 0 , 0 , 0 , 0 , 0 , 0 , 0 , 0 , 45 , 95.5555555555556 , 3.13333333333333 
24-Aug-2005 11:52,200504,BIRMINGHAM,SWITZERLAND,GENEVA,BRITANNIA AIRWAYS AND THOMSONFLY,A,C, 1 , 0 , 100 , 0 , 0 , 0 , 0 , 0 , 0 , 0 , 2 , 50 , 16 
24-Aug-2005 11:52,200504,BIRMINGHAM,SWITZERLAND,GENEVA,BRITANNIA AIRWAYS AND THOMSONFLY,D,C, 0 , 0 , 0 , 0 , 0 , 0 , 0 , 0 , 0 , 0 , 1 , 100 , 13 
24-Aug-2005 11:52,200504,BIRMINGHAM,SWITZERLAND,GENEVA,BRITISH AIRWAYS CITIEXPRESS LTD,A,C, 1 , 0 , 0 , 0 , 0 , 100 , 0 , 0 , 136 , 0 , 0 , 0 , 0 
24-Aug-2005 11:52,200504,BIRMINGHAM,SWITZERLAND,GENEVA,BRITISH AIRWAYS CITIEXPRESS LTD,A,S, 2 , 0 , 0 , 0 , 50 , 50 , 0 , 0 , 68.5 , 0 , 0 , 0 , 0 
24-Aug-2005 11:52,200504,BIRMINGHAM,SWITZERLAND,GENEVA,BRITISH AIRWAYS CITIEXPRESS LTD,D,S, 2 , 0 , 0 , 0 , 50 , 50 , 0 , 0 , 62.5 , 0 , 0 , 0 , 0 
24-Aug-2005 11:52,200504,BIRMINGHAM,SWITZERLAND,GENEVA,DUO AIRWAYS LTD,A,S, 0 , 0 , 0 , 0 , 0 , 0 , 0 , 0 , 0 , 0 , 55 , 56.3636363636364 , 22.6545454545455 
24-Aug-2005 11:52,200504,BIRMINGHAM,SWITZERLAND,GENEVA,DUO AIRWAYS LTD,D,S, 0 , 0 , 0 , 0 , 0 , 0 , 0 , 0 , 0 , 0 , 54 , 72.2222222222222 , 14.037037037037 
24-Aug-2005 11:52,200504,BIRMINGHAM,SWITZERLAND,GENEVA,FIRST CHOICE AIRWAYS LTD,A,C, 0 , 0 , 0 , 0 , 0 , 0 , 0 , 0 , 0 , 0 , 1 , 100 , 0 
24-Aug-2005 11:52,200504,BIRMINGHAM,SWITZERLAND,GENEVA,FIRST CHOICE AIRWAYS LTD,D,C, 0 , 0 , 0 , 0 , 0 , 0 , 0 , 0 , 0 , 0 , 1 , 100 , 0 
24-Aug-2005 11:52,200504,BIRMINGHAM,SWITZERLAND,GENEVA,FLYBE.BRITISH EUROPEAN,A,C, 2 , 0 , 100 , 0 , 0 , 0 , 0 , 0 , 0 , 0 , 0 , 0 , 0 
24-Aug-2005 11:52,200504,BIRMINGHAM,SWITZERLAND,GENEVA,FLYBE.BRITISH EUROPEAN,D,C, 2 , 0 , 100 , 0 , 0 , 0 , 0 , 0 , 3.5 , 0 , 0 , 0 , 0 
24-Aug-2005 11:52,200504,BIRMINGHAM,SWITZERLAND,GENEVA,MONARCH AIRLINES,A,C, 2 , 0 , 100 , 0 , 0 , 0 , 0 , 0 , 1.5 , 0 , 3 , 66.6666666666667 , 9.66666666666667 
24-Aug-2005 11:52,200504,BIRMINGHAM,SWITZERLAND,GENEVA,MONARCH AIRLINES,D,C, 1 , 0 , 100 , 0 , 0 , 0 , 0 , 0 , 1 , 0 , 2 , 100 , 2 
24-Aug-2005 11:52,200504,BIRMINGHAM,SWITZERLAND,ZURICH,SWISS AIRLINES,A,S, 84 , 0 , 83.3333333333333 , 11.9047619047619 , 3.57142857142857 , 1.19047619047619 , 0 , 0 , 8.44047619047619 , 0 , 80 , 70 , 11.0125 
24-Aug-2005 11:52,200504,BIRMINGHAM,SWITZERLAND,ZURICH,SWISS AIRLINES,D,S, 84 , 0 , 51.1904761904762 , 30.952380952381 , 15.4761904761905 , 2.38095238095238 , 0 , 0 , 19.4285714285714 , 0 , 79 , 62.0253164556962 , 17.1772151898734 
24-Aug-2005 11:52,200504,BIRMINGHAM,TUNISIA,MONASTIR,BRITANNIA AIRWAYS AND THOMSONFLY,A,C, 4 , 0 , 75 , 0 , 25 , 0 , 0 , 0 , 15 , 0 , 4 , 75 , 5 
24-Aug-2005 11:52,200504,BIRMINGHAM,TUNISIA,MONASTIR,BRITANNIA AIRWAYS AND THOMSONFLY,D,C, 4 , 0 , 75 , 0 , 25 , 0 , 0 , 0 , 8.25 , 0 , 4 , 100 , 1.25 
24-Aug-2005 11:52,200504,BIRMINGHAM,TUNISIA,MONASTIR,MY TRAVEL AIRWAYS UK,A,C, 3 , 0 , 33.3333333333333 , 66.6666666666667 , 0 , 0 , 0 , 0 , 17.6666666666667 , 0 , 4 , 75 , 9.5 
24-Aug-2005 11:52,200504,BIRMINGHAM,TUNISIA,MONASTIR,MY TRAVEL AIRWAYS UK,D,C, 4 , 0 , 75 , 25 , 0 , 0 , 0 , 0 , 8 , 0 , 4 , 100 , 3.75 
24-Aug-2005 11:52,200504,BIRMINGHAM,TUNISIA,MONASTIR,THOMAS COOK AIRLINES LTD,A,C, 4 , 0 , 75 , 0 , 25 , 0 , 0 , 0 , 11.75 , 0 , 4 , 75 , 10.75 
24-Aug-2005 11:52,200504,BIRMINGHAM,TUNISIA,MONASTIR,THOMAS COOK AIRLINES LTD,D,C, 4 , 0 , 100 , 0 , 0 , 0 , 0 , 0 , 1 , 0 , 4 , 75 , 15.75 
24-Aug-2005 11:52,200504,BIRMINGHAM,TURKEY,ANTALYA,SUNEXPRESS,A,C, 4 , 0 , 100 , 0 , 0 , 0 , 0 , 0 , 0 , 0 , 0 , 0 , 0 
24-Aug-2005 11:52,200504,BIRMINGHAM,TURKEY,ANTALYA,SUNEXPRESS,D,C, 4 , 0 , 100 , 0 , 0 , 0 , 0 , 0 , 3.25 , 0 , 0 , 0 , 0 
24-Aug-2005 11:52,200504,BIRMINGHAM,TURKEY,ANTALYA,THOMAS COOK AIRLINES LTD,A,C, 0 , 0 , 0 , 0 , 0 , 0 , 0 , 0 , 0 , 0 , 4 , 100 , 2.25 
24-Aug-2005 11:52,200504,BIRMINGHAM,TURKEY,ANTALYA,THOMAS COOK AIRLINES LTD,D,C, 0 , 0 , 0 , 0 , 0 , 0 , 0 , 0 , 0 , 0 , 4 , 75 , 6.75 
24-Aug-2005 11:52,200504,BIRMINGHAM,TURKEY,DALAMAN,THOMAS COOK AIRLINES LTD,D,C, 1 , 0 , 100 , 0 , 0 , 0 , 0 , 0 , 1 , 0 , 0 , 0 , 0 
24-Aug-2005 11:52,200504,BIRMINGHAM,TURKEY,ISTANBUL,MONARCH AIRLINES,A,C, 0 , 0 , 0 , 0 , 0 , 0 , 0 , 0 , 0 , 0 , 1 , 0 , 43 
24-Aug-2005 11:52,200504,BIRMINGHAM,TURKEY,ISTANBUL,MONARCH AIRLINES,D,C, 0 , 0 , 0 , 0 , 0 , 0 , 0 , 0 , 0 , 0 , 1 , 100 , 3 
24-Aug-2005 11:52,200504,BIRMINGHAM,TURKMENISTAN,ASHKHABAD,TURKMENISTAN AIRLINES,A,S, 17 , 0 , 76.4705882352941 , 5.88235294117647 , 0 , 11.7647058823529 , 5.88235294117647 , 0 , 30.1764705882353 , 0 , 22 , 63.6363636363636 , 32.5909090909091 
24-Aug-2005 11:52,200504,BIRMINGHAM,TURKMENISTAN,ASHKHABAD,TURKMENISTAN AIRLINES,D,S, 17 , 0 , 58.8235294117647 , 17.6470588235294 , 5.88235294117647 , 11.7647058823529 , 5.88235294117647 , 0 , 29.4117647058824 , 0 , 22 , 72.7272727272727 , 17.1818181818182 
24-Aug-2005 11:52,200504,BIRMINGHAM,UNITED ARAB EMIRATES,DUBAI,AIR ATLANTA ICELANDIC,A,C, 1 , 0 , 0 , 0 , 100 , 0 , 0 , 0 , 58 , 0 , 0 , 0 , 0 
24-Aug-2005 11:52,200504,BIRMINGHAM,UNITED ARAB EMIRATES,DUBAI,AIR ATLANTA ICELANDIC,D,C, 1 , 0 , 0 , 0 , 100 , 0 , 0 , 0 , 42 , 0 , 0 , 0 , 0 
24-Aug-2005 11:52,200504,BIRMINGHAM,UNITED ARAB EMIRATES,DUBAI,EMIRATES,A,S, 30 , 0 , 76.6666666666667 , 20 , 3.33333333333333 , 0 , 0 , 0 , 9.13333333333333 , 0 , 30 , 76.6666666666667 , 10.2333333333333 
24-Aug-2005 11:52,200504,BIRMINGHAM,UNITED ARAB EMIRATES,DUBAI,EMIRATES,D,S, 30 , 0 , 83.3333333333333 , 6.66666666666667 , 10 , 0 , 0 , 0 , 8.43333333333333 , 0 , 30 , 66.6666666666667 , 14.4 
24-Aug-2005 11:52,200504,BIRMINGHAM,UNITED KINGDOM,ABERDEEN,BRITISH AIRWAYS CITIEXPRESS LTD,A,S, 75 , 0 , 88 , 2.66666666666667 , 5.33333333333333 , 4 , 0 , 0 , 6.98666666666667 , 0 , 76 , 97.3684210526316 , 1.92105263157895 
24-Aug-2005 11:52,200504,BIRMINGHAM,UNITED KINGDOM,ABERDEEN,BRITISH AIRWAYS CITIEXPRESS LTD,D,S, 75 , 0 , 85.3333333333333 , 4 , 5.33333333333333 , 5.33333333333333 , 0 , 0 , 8.45333333333333 , 0 , 76 , 92.1052631578947 , 4 
24-Aug-2005 11:52,200504,BIRMINGHAM,UNITED KINGDOM,BELFAST CITY,FLYBE.BRITISH EUROPEAN,A,S, 178 , 1 , 82.5842696629214 , 6.17977528089888 , 2.24719101123596 , 8.42696629213483 , 0.561797752808989 , 0 , 12.2303370786517 , 2 , 176 , 84.0909090909091 , 10.1761363636364 
24-Aug-2005 11:52,200504,BIRMINGHAM,UNITED KINGDOM,BELFAST CITY,FLYBE.BRITISH EUROPEAN,D,S, 178 , 1 , 72.4719101123596 , 15.7303370786517 , 3.93258426966292 , 7.86516853932584 , 0 , 0 , 15.9157303370787 , 1 , 172 , 78.4883720930233 , 13.4883720930233 
24-Aug-2005 11:52,200504,BIRMINGHAM,UNITED KINGDOM,BELFAST INTERNATIONAL,BMIBABY LTD,A,S, 77 , 4 , 76.6233766233766 , 9.09090909090909 , 10.3896103896104 , 3.8961038961039 , 0 , 0 , 13.0649350649351 , 4 , 0 , 0 , 0 
24-Aug-2005 11:52,200504,BIRMINGHAM,UNITED KINGDOM,BELFAST INTERNATIONAL,BMIBABY LTD,D,S, 81 , 0 , 60.4938271604938 , 24.6913580246914 , 9.87654320987654 , 4.93827160493827 , 0 , 0 , 16.679012345679 , 0 , 0 , 0 , 0 
24-Aug-2005 11:52,200504,BIRMINGHAM,UNITED KINGDOM,BELFAST INTERNATIONAL,MY TRAVEL AIRWAYS UK,A,S, 0 , 0 , 0 , 0 , 0 , 0 , 0 , 0 , 0 , 0 , 48 , 79.1666666666667 , 7.375 
24-Aug-2005 11:52,200504,BIRMINGHAM,UNITED KINGDOM,BELFAST INTERNATIONAL,MY TRAVEL AIRWAYS UK,D,S, 0 , 0 , 0 , 0 , 0 , 0 , 0 , 0 , 0 , 0 , 48 , 83.3333333333333 , 9.125 
24-Aug-2005 11:52,200504,BIRMINGHAM,UNITED KINGDOM,CITY OF DERRY (EGLINTON),AER ARRAN,A,S, 25 , 0 , 92 , 0 , 0 , 8 , 0 , 0 , 7.92 , 0 , 0 , 0 , 0 
24-Aug-2005 11:52,200504,BIRMINGHAM,UNITED KINGDOM,CITY OF DERRY (EGLINTON),AER ARRAN,D,S, 25 , 0 , 92 , 0 , 0 , 8 , 0 , 0 , 7.68 , 0 , 0 , 0 , 0 
24-Aug-2005 11:52,200504,BIRMINGHAM,UNITED KINGDOM,EDINBURGH,BMIBABY LTD,A,S, 60 , 0 , 86.6666666666667 , 5 , 6.66666666666667 , 1.66666666666667 , 0 , 0 , 7.46666666666667 , 0 , 0 , 0 , 0 
24-Aug-2005 11:52,200504,BIRMINGHAM,UNITED KINGDOM,EDINBURGH,BMIBABY LTD,D,S, 60 , 0 , 86.6666666666667 , 10 , 3.33333333333333 , 0 , 0 , 0 , 7.9 , 0 , 0 , 0 , 0 
24-Aug-2005 11:52,200504,BIRMINGHAM,UNITED KINGDOM,EDINBURGH,BRITISH AIRWAYS CITIEXPRESS LTD,A,S, 159 , 6 , 88.6792452830189 , 4.40251572327044 , 5.66037735849057 , 1.25786163522013 , 0 , 0 , 6.41509433962264 , 0 , 154 , 92.2077922077922 , 5.86363636363636 
24-Aug-2005 11:52,200504,BIRMINGHAM,UNITED KINGDOM,EDINBURGH,BRITISH AIRWAYS CITIEXPRESS LTD,D,S, 149 , 15 , 86.5771812080537 , 6.04026845637584 , 6.04026845637584 , 1.34228187919463 , 0 , 0 , 7.06040268456376 , 0 , 154 , 88.961038961039 , 6.44155844155844 
24-Aug-2005 11:52,200504,BIRMINGHAM,UNITED KINGDOM,EDINBURGH,DUO AIRWAYS LTD,A,S, 0 , 0 , 0 , 0 , 0 , 0 , 0 , 0 , 0 , 0 , 8 , 75 , 21 
24-Aug-2005 11:52,200504,BIRMINGHAM,UNITED KINGDOM,EDINBURGH,DUO AIRWAYS LTD,D,S, 0 , 0 , 0 , 0 , 0 , 0 , 0 , 0 , 0 , 0 , 4 , 75 , 24.25 
24-Aug-2005 11:52,200504,BIRMINGHAM,UNITED KINGDOM,EDINBURGH,FLYBE.BRITISH EUROPEAN,A,S, 148 , 1 , 79.7297297297297 , 6.75675675675676 , 8.78378378378378 , 4.72972972972973 , 0 , 0 , 10.472972972973 , 1 , 146 , 69.8630136986301 , 18.7876712328767 
24-Aug-2005 11:52,200504,BIRMINGHAM,UNITED KINGDOM,EDINBURGH,FLYBE.BRITISH EUROPEAN,D,S, 149 , 1 , 69.1275167785235 , 12.751677852349 , 11.4093959731544 , 6.71140939597315 , 0 , 0 , 15.9395973154362 , 0 , 151 , 62.9139072847682 , 19.4834437086093 
24-Aug-2005 11:52,200504,BIRMINGHAM,UNITED KINGDOM,EXETER,FLYBE.BRITISH EUROPEAN,A,S, 0 , 1 , 0 , 0 , 0 , 0 , 0 , 0 , 0 , 0 , 0 , 0 , 0 
24-Aug-2005 11:52,200504,BIRMINGHAM,UNITED KINGDOM,GATWICK,FLYJET LTD,A,C, 0 , 1 , 0 , 0 , 0 , 0 , 0 , 0 , 0 , 0 , 0 , 0 , 0 
24-Aug-2005 11:52,200504,BIRMINGHAM,UNITED KINGDOM,GATWICK,FLYJET LTD,D,C, 1 , 2 , 0 , 0 , 0 , 100 , 0 , 0 , 69 , 0 , 0 , 0 , 0 
24-Aug-2005 11:52,200504,BIRMINGHAM,UNITED KINGDOM,GLASGOW,BRITISH AIRWAYS CITIEXPRESS LTD,A,S, 133 , 1 , 94.7368421052632 , 0.75187969924812 , 1.50375939849624 , 3.00751879699248 , 0 , 0 , 4.21052631578947 , 0 , 156 , 96.1538461538462 , 2.8525641025641 
24-Aug-2005 11:52,200504,BIRMINGHAM,UNITED KINGDOM,GLASGOW,BRITISH AIRWAYS CITIEXPRESS LTD,D,S, 134 , 0 , 88.8059701492537 , 1.49253731343284 , 3.73134328358209 , 5.97014925373134 , 0 , 0 , 8.94776119402985 , 0 , 156 , 81.4102564102564 , 8.60897435897436 
24-Aug-2005 11:52,200504,BIRMINGHAM,UNITED KINGDOM,GLASGOW,EUROPEAN AIR CHARTER,A,C, 1 , 0 , 100 , 0 , 0 , 0 , 0 , 0 , 8 , 0 , 0 , 0 , 0 
24-Aug-2005 11:52,200504,BIRMINGHAM,UNITED KINGDOM,GLASGOW,FLYBE.BRITISH EUROPEAN,A,S, 145 , 0 , 91.0344827586207 , 4.13793103448276 , 3.44827586206897 , 1.37931034482759 , 0 , 0 , 4.33103448275862 , 3 , 154 , 82.4675324675325 , 9.66883116883117 
24-Aug-2005 11:52,200504,BIRMINGHAM,UNITED KINGDOM,GLASGOW,FLYBE.BRITISH EUROPEAN,D,S, 144 , 0 , 84.0277777777778 , 6.94444444444444 , 4.16666666666667 , 4.86111111111111 , 0 , 0 , 11.6597222222222 , 4 , 152 , 70.3947368421053 , 15.5328947368421 
24-Aug-2005 11:52,200504,BIRMINGHAM,UNITED KINGDOM,GUERNSEY,FLYBE.BRITISH EUROPEAN,A,S, 24 , 0 , 54.1666666666667 , 29.1666666666667 , 8.33333333333333 , 8.33333333333333 , 0 , 0 , 19.4166666666667 , 1 , 34 , 82.3529411764706 , 9.73529411764706 
24-Aug-2005 11:52,200504,BIRMINGHAM,UNITED KINGDOM,GUERNSEY,FLYBE.BRITISH EUROPEAN,D,S, 23 , 0 , 73.9130434782609 , 13.0434782608696 , 8.69565217391304 , 4.34782608695652 , 0 , 0 , 17.2173913043478 , 0 , 34 , 94.1176470588235 , 7.38235294117647 
24-Aug-2005 11:52,200504,BIRMINGHAM,UNITED KINGDOM,INVERNESS,EASTERN AIRWAYS,A,S, 65 , 0 , 92.3076923076923 , 6.15384615384615 , 1.53846153846154 , 0 , 0 , 0 , 6.06153846153846 , 2 , 42 , 80.9523809523809 , 14.0952380952381 
24-Aug-2005 11:52,200504,BIRMINGHAM,UNITED KINGDOM,INVERNESS,EASTERN AIRWAYS,D,S, 67 , 0 , 94.0298507462687 , 2.98507462686567 , 2.98507462686567 , 0 , 0 , 0 , 2.8955223880597 , 0 , 42 , 83.3333333333333 , 15.2380952380952 
24-Aug-2005 11:52,200504,BIRMINGHAM,UNITED KINGDOM,ISLE OF MAN,EASTERN AIRWAYS,A,S, 65 , 0 , 96.9230769230769 , 1.53846153846154 , 1.53846153846154 , 0 , 0 , 0 , 1.93846153846154 , 2 , 64 , 93.75 , 2.953125 
24-Aug-2005 11:52,200504,BIRMINGHAM,UNITED KINGDOM,ISLE OF MAN,EASTERN AIRWAYS,D,S, 66 , 0 , 96.969696969697 , 0 , 1.51515151515152 , 1.51515151515152 , 0 , 0 , 1.74242424242424 , 1 , 64 , 92.1875 , 3.375 
24-Aug-2005 11:52,200504,BIRMINGHAM,UNITED KINGDOM,ISLE OF MAN,FLYBE.BRITISH EUROPEAN,A,S, 29 , 1 , 82.7586206896552 , 10.3448275862069 , 3.44827586206897 , 3.44827586206897 , 0 , 0 , 10.448275862069 , 0 , 30 , 70 , 18.8333333333333 
24-Aug-2005 11:52,200504,BIRMINGHAM,UNITED KINGDOM,ISLE OF MAN,FLYBE.BRITISH EUROPEAN,D,S, 30 , 0 , 86.6666666666667 , 10 , 0 , 3.33333333333333 , 0 , 0 , 7.06666666666667 , 0 , 30 , 60 , 19.1666666666667 
24-Aug-2005 11:52,200504,BIRMINGHAM,UNITED KINGDOM,JERSEY,EUJET,A,C, 0 , 0 , 0 , 0 , 0 , 0 , 0 , 0 , 0 , 0 , 3 , 0 , 132.333333333333 
24-Aug-2005 11:52,200504,BIRMINGHAM,UNITED KINGDOM,JERSEY,EUJET,D,C, 0 , 0 , 0 , 0 , 0 , 0 , 0 , 0 , 0 , 0 , 3 , 33.3333333333333 , 55 
24-Aug-2005 11:52,200504,BIRMINGHAM,UNITED KINGDOM,JERSEY,FLYBE.BRITISH EUROPEAN,A,S, 34 , 0 , 55.8823529411765 , 14.7058823529412 , 17.6470588235294 , 11.7647058823529 , 0 , 0 , 23.6764705882353 , 0 , 34 , 79.4117647058824 , 18.2647058823529 
24-Aug-2005 11:52,200504,BIRMINGHAM,UNITED KINGDOM,JERSEY,FLYBE.BRITISH EUROPEAN,D,S, 35 , 0 , 62.8571428571429 , 22.8571428571429 , 2.85714285714286 , 11.4285714285714 , 0 , 0 , 17.6 , 1 , 34 , 85.2941176470588 , 13.6176470588235 
24-Aug-2005 11:52,200504,BIRMINGHAM,UNITED KINGDOM,NEWCASTLE,EASTERN AIRWAYS,A,S, 81 , 0 , 93.8271604938272 , 1.23456790123457 , 0 , 4.93827160493827 , 0 , 0 , 6.48148148148148 , 3 , 78 , 89.7435897435898 , 8.03846153846154 
24-Aug-2005 11:52,200504,BIRMINGHAM,UNITED KINGDOM,NEWCASTLE,EASTERN AIRWAYS,D,S, 81 , 0 , 91.358024691358 , 2.46913580246914 , 1.23456790123457 , 4.93827160493827 , 0 , 0 , 5.34567901234568 , 3 , 78 , 94.8717948717949 , 6.30769230769231 
24-Aug-2005 11:52,200504,BIRMINGHAM,UNITED KINGDOM,NEWCASTLE,FLYBE.BRITISH EUROPEAN,D,S, 0 , 1 , 0 , 0 , 0 , 0 , 0 , 0 , 0 , 0 , 0 , 0 , 0 
24-Aug-2005 11:52,200504,BIRMINGHAM,UNITED KINGDOM,SOUTHAMPTON,FLYBE.BRITISH EUROPEAN,A,S, 0 , 2 , 0 , 0 , 0 , 0 , 0 , 0 , 0 , 0 , 0 , 0 , 0 
24-Aug-2005 11:52,200504,BIRMINGHAM,USA,NEW YORK (JF KENNEDY),NORTH AMERICAN AIRLINES,D,C, 1 , 0 , 100 , 0 , 0 , 0 , 0 , 0 , 0 , 0 , 0 , 0 , 0 
24-Aug-2005 11:52,200504,BIRMINGHAM,USA,NEW YORK (NEWARK),CONTINENTAL AIRLINES,A,S, 60 , 0 , 75 , 10 , 11.6666666666667 , 3.33333333333333 , 0 , 0 , 13.6 , 0 , 30 , 76.6666666666667 , 10.0333333333333 
24-Aug-2005 11:52,200504,BIRMINGHAM,USA,NEW YORK (NEWARK),CONTINENTAL AIRLINES,D,S, 60 , 0 , 76.6666666666667 , 6.66666666666667 , 11.6666666666667 , 5 , 0 , 0 , 12.6666666666667 , 0 , 30 , 96.6666666666667 , 2.6 
24-Aug-2005 11:52,200504,BIRMINGHAM,USA,SANFORD,BRITANNIA AIRWAYS AND THOMSONFLY,A,C, 5 , 0 , 60 , 20 , 20 , 0 , 0 , 0 , 20.2 , 0 , 3 , 100 , 0 
24-Aug-2005 11:52,200504,BIRMINGHAM,USA,SANFORD,BRITANNIA AIRWAYS AND THOMSONFLY,D,C, 5 , 0 , 80 , 0 , 20 , 0 , 0 , 0 , 12.2 , 0 , 5 , 80 , 8.8 
24-Aug-2005 11:52,200504,BIRMINGHAM,USA,SANFORD,MY TRAVEL AIRWAYS UK,A,C, 0 , 0 , 0 , 0 , 0 , 0 , 0 , 0 , 0 , 0 , 3 , 100 , 0 
24-Aug-2005 11:52,200504,BIRMINGHAM,USA,SANFORD,MY TRAVEL AIRWAYS UK,D,C, 0 , 0 , 0 , 0 , 0 , 0 , 0 , 0 , 0 , 0 , 4 , 25 , 22 
24-Aug-2005 11:52,200504,BIRMINGHAM,UZBEKISTAN,TASHKENT,UZBEKISTAN AIRLINES,A,S, 13 , 0 , 76.9230769230769 , 0 , 15.3846153846154 , 7.69230769230769 , 0 , 0 , 16.4615384615385 , 4 , 14 , 78.5714285714286 , 11 
24-Aug-2005 11:52,200504,BIRMINGHAM,UZBEKISTAN,TASHKENT,UZBEKISTAN AIRLINES,D,S, 13 , 0 , 38.4615384615385 , 38.4615384615385 , 15.3846153846154 , 7.69230769230769 , 0 , 0 , 26.6153846153846 , 4 , 14 , 64.2857142857143 , 19.5 
24-Aug-2005 11:52,200504,EDINBURGH,AUSTRIA,INNSBRUCK,AUSTRIAN AIRLINES,A,C, 0 , 0 , 0 , 0 , 0 , 0 , 0 , 0 , 0 , 0 , 2 , 100 , 0 
24-Aug-2005 11:52,200504,EDINBURGH,AUSTRIA,INNSBRUCK,FIRST CHOICE AIRWAYS LTD,A,C, 2 , 0 , 100 , 0 , 0 , 0 , 0 , 0 , 0 , 0 , 2 , 100 , 0 
24-Aug-2005 11:52,200504,EDINBURGH,AUSTRIA,INNSBRUCK,FIRST CHOICE AIRWAYS LTD,D,C, 1 , 0 , 0 , 100 , 0 , 0 , 0 , 0 , 19 , 0 , 2 , 100 , 10 
24-Aug-2005 11:52,200504,EDINBURGH,AUSTRIA,VIENNA,MONARCH AIRLINES,A,C, 1 , 0 , 100 , 0 , 0 , 0 , 0 , 0 , 0 , 0 , 0 , 0 , 0 
24-Aug-2005 11:52,200504,EDINBURGH,AUSTRIA,VIENNA,MONARCH AIRLINES,D,C, 1 , 0 , 0 , 0 , 0 , 100 , 0 , 0 , 61 , 0 , 0 , 0 , 0 
24-Aug-2005 11:52,200504,EDINBURGH,BELGIUM,ANTWERP,FLYING SERVICE,A,C, 0 , 1 , 0 , 0 , 0 , 0 , 0 , 0 , 0 , 0 , 0 , 0 , 0 
24-Aug-2005 11:52,200504,EDINBURGH,BELGIUM,ANTWERP,FLYING SERVICE,D,C, 0 , 1 , 0 , 0 , 0 , 0 , 0 , 0 , 0 , 0 , 0 , 0 , 0 
24-Aug-2005 11:52,200504,EDINBURGH,BELGIUM,BRUSSELS,BMI REGIONAL,A,S, 71 , 0 , 90.1408450704225 , 7.04225352112676 , 1.40845070422535 , 1.40845070422535 , 0 , 0 , 5.22535211267606 , 0 , 71 , 90.1408450704225 , 4.49295774647887 
24-Aug-2005 11:52,200504,EDINBURGH,BELGIUM,BRUSSELS,BMI REGIONAL,D,S, 71 , 0 , 91.5492957746479 , 4.22535211267606 , 2.8169014084507 , 1.40845070422535 , 0 , 0 , 4.8169014084507 , 0 , 71 , 81.6901408450704 , 6.47887323943662 
24-Aug-2005 11:52,200504,EDINBURGH,CANADA,TORONTO,AIR TRANSAT,A,S, 1 , 0 , 100 , 0 , 0 , 0 , 0 , 0 , 7 , 0 , 0 , 0 , 0 
24-Aug-2005 11:52,200504,EDINBURGH,CANADA,TORONTO,AIR TRANSAT,D,S, 1 , 0 , 0 , 0 , 0 , 0 , 0 , 100 , 361 , 0 , 0 , 0 , 0 
24-Aug-2005 11:52,200504,EDINBURGH,CZECH REPUBLIC,PRAGUE,CSA,A,S, 40 , 0 , 82.5 , 10 , 5 , 2.5 , 0 , 0 , 9.7 , 1 , 55 , 94.5454545454545 , 2.6 
24-Aug-2005 11:52,200504,EDINBURGH,CZECH REPUBLIC,PRAGUE,CSA,D,S, 41 , 0 , 78.0487804878049 , 17.0731707317073 , 2.4390243902439 , 0 , 0 , 2.4390243902439 , 17.1219512195122 , 1 , 55 , 76.3636363636364 , 9.34545454545455 
24-Aug-2005 11:52,200504,EDINBURGH,DENMARK,BILLUND,SUN AIR OF SCANDINAVIA,A,S, 4 , 0 , 75 , 0 , 25 , 0 , 0 , 0 , 8.75 , 0 , 6 , 83.3333333333333 , 10.5 
24-Aug-2005 11:52,200504,EDINBURGH,DENMARK,BILLUND,SUN AIR OF SCANDINAVIA,D,S, 4 , 0 , 75 , 0 , 25 , 0 , 0 , 0 , 11 , 0 , 6 , 83.3333333333333 , 4.66666666666667 
24-Aug-2005 11:52,200504,EDINBURGH,DENMARK,COPENHAGEN,BMI REGIONAL,A,S, 51 , 0 , 80.3921568627451 , 13.7254901960784 , 5.88235294117647 , 0 , 0 , 0 , 6.80392156862745 , 0 , 50 , 94 , 7.06 
24-Aug-2005 11:52,200504,EDINBURGH,DENMARK,COPENHAGEN,BMI REGIONAL,D,S, 51 , 0 , 80.3921568627451 , 17.6470588235294 , 1.96078431372549 , 0 , 0 , 0 , 8.80392156862745 , 0 , 51 , 94.1176470588235 , 3.70588235294118 
24-Aug-2005 11:52,200504,EDINBURGH,FRANCE,CANNES,NETJETS TRANSPORTES AEREOS,A,C, 0 , 1 , 0 , 0 , 0 , 0 , 0 , 0 , 0 , 0 , 0 , 0 , 0 
24-Aug-2005 11:52,200504,EDINBURGH,FRANCE,CANNES,NETJETS TRANSPORTES AEREOS,D,C, 0 , 3 , 0 , 0 , 0 , 0 , 0 , 0 , 0 , 0 , 0 , 0 , 0 
24-Aug-2005 11:52,200504,EDINBURGH,FRANCE,CHAMBERY,FLYBE.BRITISH EUROPEAN,A,C, 3 , 0 , 100 , 0 , 0 , 0 , 0 , 0 , 0.666666666666667 , 0 , 3 , 66.6666666666667 , 21.6666666666667 
24-Aug-2005 11:52,200504,EDINBURGH,FRANCE,CHAMBERY,FLYBE.BRITISH EUROPEAN,D,C, 2 , 0 , 50 , 50 , 0 , 0 , 0 , 0 , 16 , 0 , 3 , 66.6666666666667 , 24.3333333333333 
24-Aug-2005 11:52,200504,EDINBURGH,FRANCE,NICE,BLUE LINE,A,C, 1 , 0 , 100 , 0 , 0 , 0 , 0 , 0 , 0 , 0 , 0 , 0 , 0 
24-Aug-2005 11:52,200504,EDINBURGH,FRANCE,NICE,BLUE LINE,D,C, 1 , 0 , 100 , 0 , 0 , 0 , 0 , 0 , 3 , 0 , 0 , 0 , 0 
24-Aug-2005 11:52,200504,EDINBURGH,FRANCE,NICE,CHANNEL EXPRESS (INCORP: JET 2),A,S, 9 , 0 , 44.4444444444444 , 44.4444444444444 , 11.1111111111111 , 0 , 0 , 0 , 14.6666666666667 , 0 , 9 , 77.7777777777778 , 8.22222222222222 
24-Aug-2005 11:52,200504,EDINBURGH,FRANCE,NICE,CHANNEL EXPRESS (INCORP: JET 2),D,S, 9 , 0 , 55.5555555555556 , 22.2222222222222 , 22.2222222222222 , 0 , 0 , 0 , 17.7777777777778 , 0 , 9 , 88.8888888888889 , 9 
24-Aug-2005 11:52,200504,EDINBURGH,FRANCE,NICE,DUO AIRWAYS LTD,A,C, 0 , 0 , 0 , 0 , 0 , 0 , 0 , 0 , 0 , 0 , 4 , 100 , 0.25 
24-Aug-2005 11:52,200504,EDINBURGH,FRANCE,NICE,DUO AIRWAYS LTD,D,C, 0 , 0 , 0 , 0 , 0 , 0 , 0 , 0 , 0 , 0 , 4 , 75 , 8.5 
24-Aug-2005 11:52,200504,EDINBURGH,FRANCE,NICE,FLIGHTLINE LTD,A,C, 1 , 0 , 100 , 0 , 0 , 0 , 0 , 0 , 0 , 0 , 0 , 0 , 0 
24-Aug-2005 11:52,200504,EDINBURGH,FRANCE,NICE,NETJETS TRANSPORTES AEREOS,A,C, 0 , 1 , 0 , 0 , 0 , 0 , 0 , 0 , 0 , 0 , 0 , 0 , 0 
24-Aug-2005 11:52,200504,EDINBURGH,FRANCE,PARIS (CHARLES DE GAULLE),BRITISH AIRWAYS CITIEXPRESS LTD,A,S, 85 , 0 , 75.2941176470588 , 9.41176470588235 , 10.5882352941176 , 4.70588235294118 , 0 , 0 , 12.1647058823529 , 0 , 84 , 90.4761904761905 , 8.09523809523809 
24-Aug-2005 11:52,200504,EDINBURGH,FRANCE,PARIS (CHARLES DE GAULLE),BRITISH AIRWAYS CITIEXPRESS LTD,D,S, 85 , 0 , 61.1764705882353 , 22.3529411764706 , 9.41176470588235 , 7.05882352941176 , 0 , 0 , 17.6941176470588 , 0 , 83 , 68.6746987951807 , 13.2771084337349 
24-Aug-2005 11:52,200504,EDINBURGH,FRANCE,PARIS (CHARLES DE GAULLE),CITY JET,A,S, 64 , 0 , 76.5625 , 14.0625 , 6.25 , 3.125 , 0 , 0 , 10.828125 , 0 , 69 , 86.9565217391304 , 5.23188405797101 
24-Aug-2005 11:52,200504,EDINBURGH,FRANCE,PARIS (CHARLES DE GAULLE),CITY JET,D,S, 65 , 0 , 67.6923076923077 , 21.5384615384615 , 4.61538461538462 , 6.15384615384615 , 0 , 0 , 12.9846153846154 , 0 , 68 , 83.8235294117647 , 6.47058823529412 
24-Aug-2005 11:52,200504,EDINBURGH,FRANCE,PARIS (ORLY),CITY JET,A,S, 5 , 0 , 80 , 0 , 0 , 20 , 0 , 0 , 17 , 0 , 0 , 0 , 0 
24-Aug-2005 11:52,200504,EDINBURGH,FRANCE,PARIS (ORLY),CITY JET,D,S, 4 , 0 , 100 , 0 , 0 , 0 , 0 , 0 , 0.25 , 0 , 0 , 0 , 0 
24-Aug-2005 11:52,200504,EDINBURGH,GERMANY,COLOGNE (BONN),EUROWINGS LUFTVERKEHRS,A,S, 22 , 0 , 72.7272727272727 , 27.2727272727273 , 0 , 0 , 0 , 0 , 7.13636363636364 , 0 , 21 , 85.7142857142857 , 7.61904761904762 
24-Aug-2005 11:52,200504,EDINBURGH,GERMANY,COLOGNE (BONN),EUROWINGS LUFTVERKEHRS,D,S, 22 , 0 , 59.0909090909091 , 27.2727272727273 , 13.6363636363636 , 0 , 0 , 0 , 13 , 0 , 21 , 61.9047619047619 , 12.8571428571429 
24-Aug-2005 11:52,200504,EDINBURGH,GERMANY,DUSSELDORF,BRITISH AIRWAYS CITIEXPRESS LTD,D,S, 0 , 0 , 0 , 0 , 0 , 0 , 0 , 0 , 0 , 0 , 8 , 100 , 2.375 
24-Aug-2005 11:52,200504,EDINBURGH,GERMANY,FRANKFURT MAIN,HAPAG LLOYD EXECUTIVE,A,C, 0 , 1 , 0 , 0 , 0 , 0 , 0 , 0 , 0 , 0 , 0 , 0 , 0 
24-Aug-2005 11:52,200504,EDINBURGH,GERMANY,FRANKFURT MAIN,LUFTHANSA CITY LINE,A,S, 90 , 0 , 76.6666666666667 , 14.4444444444444 , 6.66666666666667 , 2.22222222222222 , 0 , 0 , 10.4888888888889 , 0 , 89 , 68.5393258426966 , 14.2921348314607 
24-Aug-2005 11:52,200504,EDINBURGH,GERMANY,FRANKFURT MAIN,LUFTHANSA CITY LINE,D,S, 90 , 0 , 76.6666666666667 , 14.4444444444444 , 4.44444444444444 , 4.44444444444444 , 0 , 0 , 12.0444444444444 , 0 , 89 , 66.2921348314607 , 18.247191011236 
24-Aug-2005 11:52,200504,EDINBURGH,GERMANY,HAMBURG,HAPAG LLOYD EXPRESS,A,S, 12 , 0 , 91.6666666666667 , 8.33333333333333 , 0 , 0 , 0 , 0 , 3.91666666666667 , 1 , 0 , 0 , 0 
24-Aug-2005 11:52,200504,EDINBURGH,GERMANY,HAMBURG,HAPAG LLOYD EXPRESS,D,S, 12 , 0 , 83.3333333333333 , 16.6666666666667 , 0 , 0 , 0 , 0 , 8.33333333333333 , 1 , 0 , 0 , 0 
24-Aug-2005 11:52,200504,EDINBURGH,GERMANY,MUNICH,DUO AIRWAYS LTD,A,S, 0 , 0 , 0 , 0 , 0 , 0 , 0 , 0 , 0 , 0 , 27 , 85.1851851851852 , 12.2592592592593 
24-Aug-2005 11:52,200504,EDINBURGH,GERMANY,MUNICH,DUO AIRWAYS LTD,D,S, 0 , 0 , 0 , 0 , 0 , 0 , 0 , 0 , 0 , 0 , 26 , 57.6923076923077 , 14.7307692307692 
24-Aug-2005 11:52,200504,EDINBURGH,IRISH REPUBLIC,CORK,AER ARRAN,A,S, 25 , 0 , 80 , 8 , 12 , 0 , 0 , 0 , 9.48 , 0 , 22 , 54.5454545454545 , 31.3636363636364 
24-Aug-2005 11:52,200504,EDINBURGH,IRISH REPUBLIC,CORK,AER ARRAN,D,S, 25 , 0 , 72 , 20 , 4 , 4 , 0 , 0 , 10.24 , 0 , 22 , 50 , 39.1363636363636 
24-Aug-2005 11:52,200504,EDINBURGH,IRISH REPUBLIC,DUBLIN,AER LINGUS,A,S, 30 , 0 , 76.6666666666667 , 20 , 3.33333333333333 , 0 , 0 , 0 , 8.13333333333333 , 0 , 58 , 70.6896551724138 , 13.948275862069 
24-Aug-2005 11:52,200504,EDINBURGH,IRISH REPUBLIC,DUBLIN,AER LINGUS,D,S, 30 , 0 , 50 , 26.6666666666667 , 20 , 3.33333333333333 , 0 , 0 , 18.2 , 0 , 58 , 63.7931034482759 , 20.7586206896552 
24-Aug-2005 11:52,200504,EDINBURGH,IRISH REPUBLIC,DUBLIN,RYANAIR,A,S, 86 , 0 , 90.6976744186047 , 4.65116279069767 , 3.48837209302326 , 1.16279069767442 , 0 , 0 , 5.41860465116279 , 0 , 114 , 97.3684210526316 , 2.96491228070175 
24-Aug-2005 11:52,200504,EDINBURGH,IRISH REPUBLIC,DUBLIN,RYANAIR,D,S, 86 , 0 , 89.5348837209302 , 4.65116279069767 , 2.32558139534884 , 2.32558139534884 , 0 , 1.16279069767442 , 12.8139534883721 , 0 , 114 , 96.4912280701754 , 3.40350877192982 
24-Aug-2005 11:52,200504,EDINBURGH,IRISH REPUBLIC,GALWAY,AER ARRAN,A,S, 17 , 0 , 94.1176470588235 , 0 , 0 , 5.88235294117647 , 0 , 0 , 7 , 0 , 21 , 95.2380952380952 , 3.57142857142857 
24-Aug-2005 11:52,200504,EDINBURGH,IRISH REPUBLIC,GALWAY,AER ARRAN,D,S, 17 , 0 , 76.4705882352941 , 11.7647058823529 , 5.88235294117647 , 5.88235294117647 , 0 , 0 , 13.4117647058824 , 0 , 22 , 100 , 3.18181818181818 
24-Aug-2005 11:52,200504,EDINBURGH,ITALY,ALGHERO/SASSARI,MY TRAVEL AIRWAYS UK,A,C, 0 , 0 , 0 , 0 , 0 , 0 , 0 , 0 , 0 , 0 , 1 , 100 , 0 
24-Aug-2005 11:52,200504,EDINBURGH,ITALY,ALGHERO/SASSARI,MY TRAVEL AIRWAYS UK,D,C, 0 , 0 , 0 , 0 , 0 , 0 , 0 , 0 , 0 , 0 , 1 , 100 , 2 
24-Aug-2005 11:52,200504,EDINBURGH,ITALY,CUNEO,FLIGHTLINE LTD,D,C, 1 , 0 , 0 , 0 , 100 , 0 , 0 , 0 , 39 , 0 , 0 , 0 , 0 
24-Aug-2005 11:52,200504,EDINBURGH,ITALY,MILAN (MALPENSA),BRITISH AIRWAYS CITIEXPRESS LTD,A,S, 22 , 0 , 95.4545454545455 , 4.54545454545455 , 0 , 0 , 0 , 0 , 2.45454545454545 , 0 , 24 , 87.5 , 3.875 
24-Aug-2005 11:52,200504,EDINBURGH,ITALY,MILAN (MALPENSA),BRITISH AIRWAYS CITIEXPRESS LTD,D,S, 22 , 0 , 95.4545454545455 , 0 , 4.54545454545455 , 0 , 0 , 0 , 6.86363636363636 , 0 , 0 , 0 , 0 
24-Aug-2005 11:52,200504,EDINBURGH,ITALY,MILAN (MALPENSA),DUO AIRWAYS LTD,A,S, 0 , 0 , 0 , 0 , 0 , 0 , 0 , 0 , 0 , 0 , 25 , 84 , 8.2 
24-Aug-2005 11:52,200504,EDINBURGH,ITALY,MILAN (MALPENSA),DUO AIRWAYS LTD,D,S, 0 , 0 , 0 , 0 , 0 , 0 , 0 , 0 , 0 , 0 , 26 , 53.8461538461538 , 25 
24-Aug-2005 11:52,200504,EDINBURGH,ITALY,MILAN (MALPENSA),EUROFLY SPA,D,C, 1 , 0 , 100 , 0 , 0 , 0 , 0 , 0 , 2 , 0 , 0 , 0 , 0 
24-Aug-2005 11:52,200504,EDINBURGH,ITALY,MILAN (MALPENSA),NEOS SPA,A,C, 1 , 0 , 0 , 0 , 0 , 100 , 0 , 0 , 90 , 0 , 0 , 0 , 0 
24-Aug-2005 11:52,200504,EDINBURGH,ITALY,PALERMO,AIR MALTA,A,C, 1 , 0 , 100 , 0 , 0 , 0 , 0 , 0 , 0 , 0 , 0 , 0 , 0 
24-Aug-2005 11:52,200504,EDINBURGH,ITALY,PALERMO,AIR MALTA,D,C, 1 , 0 , 100 , 0 , 0 , 0 , 0 , 0 , 0 , 0 , 0 , 0 , 0 
24-Aug-2005 11:52,200504,EDINBURGH,ITALY,ROME (FIUMICINO),BRITISH AIRWAYS CITIEXPRESS LTD,D,S, 20 , 0 , 90 , 10 , 0 , 0 , 0 , 0 , 6.65 , 0 , 21 , 95.2380952380952 , 5.52380952380952 
24-Aug-2005 11:52,200504,EDINBURGH,ITALY,VERONA VILLAFRANCA,AIR MALTA,D,C, 0 , 0 , 0 , 0 , 0 , 0 , 0 , 0 , 0 , 0 , 1 , 0 , 16 
24-Aug-2005 11:52,200504,EDINBURGH,NETHERLANDS,AMSTERDAM,EASYJET AIRLINE COMPANY LTD,A,S, 29 , 0 , 62.0689655172414 , 31.0344827586207 , 6.89655172413793 , 0 , 0 , 0 , 13.1724137931034 , 1 , 60 , 70 , 11.8 
24-Aug-2005 11:52,200504,EDINBURGH,NETHERLANDS,AMSTERDAM,EASYJET AIRLINE COMPANY LTD,D,S, 30 , 0 , 53.3333333333333 , 16.6666666666667 , 23.3333333333333 , 6.66666666666667 , 0 , 0 , 20.4 , 0 , 60 , 81.6666666666667 , 8.43333333333333 
24-Aug-2005 11:52,200504,EDINBURGH,NETHERLANDS,AMSTERDAM,KLM CITYHOPPER,A,S, 150 , 0 , 89.3333333333333 , 4 , 5.33333333333333 , 1.33333333333333 , 0 , 0 , 6.2 , 0 , 150 , 83.3333333333333 , 8.3 
24-Aug-2005 11:52,200504,EDINBURGH,NETHERLANDS,AMSTERDAM,KLM CITYHOPPER,D,S, 149 , 0 , 85.9060402684564 , 4.02684563758389 , 7.38255033557047 , 2.68456375838926 , 0 , 0 , 9.69127516778524 , 0 , 147 , 68.0272108843537 , 18.1020408163265 
24-Aug-2005 11:52,200504,EDINBURGH,NORWAY,OSLO (GARDERMOEN),DUO AIRWAYS LTD,A,S, 0 , 0 , 0 , 0 , 0 , 0 , 0 , 0 , 0 , 0 , 26 , 80.7692307692308 , 13.4615384615385 
24-Aug-2005 11:52,200504,EDINBURGH,NORWAY,OSLO (GARDERMOEN),DUO AIRWAYS LTD,D,S, 0 , 0 , 0 , 0 , 0 , 0 , 0 , 0 , 0 , 0 , 26 , 69.2307692307692 , 20.9230769230769 
24-Aug-2005 11:52,200504,EDINBURGH,NORWAY,OSLO (GARDERMOEN),SAS,A,C, 2 , 0 , 100 , 0 , 0 , 0 , 0 , 0 , 4 , 0 , 0 , 0 , 0 
24-Aug-2005 11:52,200504,EDINBURGH,NORWAY,OSLO (GARDERMOEN),SAS,D,C, 2 , 0 , 50 , 50 , 0 , 0 , 0 , 0 , 13.5 , 0 , 0 , 0 , 0 
24-Aug-2005 11:52,200504,EDINBURGH,PORTUGAL(EXCLUDING MADEIRA),FARO,BMI BRITISH MIDLAND,A,C, 0 , 0 , 0 , 0 , 0 , 0 , 0 , 0 , 0 , 0 , 7 , 57.1428571428571 , 14.8571428571429 
24-Aug-2005 11:52,200504,EDINBURGH,PORTUGAL(EXCLUDING MADEIRA),FARO,BMI BRITISH MIDLAND,D,C, 0 , 0 , 0 , 0 , 0 , 0 , 0 , 0 , 0 , 0 , 9 , 44.4444444444444 , 25.3333333333333 
24-Aug-2005 11:52,200504,EDINBURGH,PORTUGAL(EXCLUDING MADEIRA),FARO,CHANNEL EXPRESS (INCORP: JET 2),A,S, 2 , 0 , 100 , 0 , 0 , 0 , 0 , 0 , 0 , 0 , 0 , 0 , 0 
24-Aug-2005 11:52,200504,EDINBURGH,PORTUGAL(EXCLUDING MADEIRA),FARO,CHANNEL EXPRESS (INCORP: JET 2),D,S, 2 , 0 , 100 , 0 , 0 , 0 , 0 , 0 , 7.5 , 0 , 0 , 0 , 0 
24-Aug-2005 11:52,200504,EDINBURGH,PORTUGAL(EXCLUDING MADEIRA),LISBON,EXCEL AIRWAYS LTD,A,C, 1 , 0 , 100 , 0 , 0 , 0 , 0 , 0 , 6 , 0 , 0 , 0 , 0 
24-Aug-2005 11:52,200504,EDINBURGH,PORTUGAL(EXCLUDING MADEIRA),LISBON,EXCEL AIRWAYS LTD,D,C, 1 , 0 , 100 , 0 , 0 , 0 , 0 , 0 , 0 , 0 , 0 , 0 , 0 
24-Aug-2005 11:52,200504,EDINBURGH,RUSSIA,MOSCOW (DOMODEDOVO),TRANSAERO AIRLINES,A,S, 1 , 0 , 100 , 0 , 0 , 0 , 0 , 0 , 7 , 0 , 0 , 0 , 0 
24-Aug-2005 11:52,200504,EDINBURGH,RUSSIA,MOSCOW (DOMODEDOVO),TRANSAERO AIRLINES,D,S, 1 , 0 , 100 , 0 , 0 , 0 , 0 , 0 , 0 , 0 , 0 , 0 , 0 
24-Aug-2005 11:52,200504,EDINBURGH,SPAIN,ALICANTE,BRITANNIA AIRWAYS AND THOMSONFLY,A,C, 4 , 0 , 75 , 25 , 0 , 0 , 0 , 0 , 10 , 0 , 5 , 100 , 0 
24-Aug-2005 11:52,200504,EDINBURGH,SPAIN,ALICANTE,BRITANNIA AIRWAYS AND THOMSONFLY,D,C, 4 , 0 , 100 , 0 , 0 , 0 , 0 , 0 , 0 , 0 , 5 , 60 , 16.6 
24-Aug-2005 11:52,200504,EDINBURGH,SPAIN,ALICANTE,CHANNEL EXPRESS (INCORP: JET 2),A,S, 14 , 0 , 42.8571428571429 , 7.14285714285714 , 35.7142857142857 , 0 , 14.2857142857143 , 0 , 44.6428571428571 , 0 , 8 , 100 , 2.625 
24-Aug-2005 11:52,200504,EDINBURGH,SPAIN,ALICANTE,CHANNEL EXPRESS (INCORP: JET 2),D,S, 14 , 0 , 64.2857142857143 , 21.4285714285714 , 0 , 7.14285714285714 , 7.14285714285714 , 0 , 33.8571428571429 , 0 , 8 , 87.5 , 5.875 
24-Aug-2005 11:52,200504,EDINBURGH,SPAIN,ALICANTE,GREECE AIRWAYS,A,S, 9 , 0 , 77.7777777777778 , 22.2222222222222 , 0 , 0 , 0 , 0 , 6.77777777777778 , 0 , 14 , 50 , 33.4285714285714 
24-Aug-2005 11:52,200504,EDINBURGH,SPAIN,ALICANTE,GREECE AIRWAYS,D,S, 9 , 0 , 66.6666666666667 , 22.2222222222222 , 11.1111111111111 , 0 , 0 , 0 , 14 , 0 , 10 , 80 , 10.7 
24-Aug-2005 11:52,200504,EDINBURGH,SPAIN,BARCELONA,AIR MALTA,A,C, 0 , 0 , 0 , 0 , 0 , 0 , 0 , 0 , 0 , 0 , 2 , 0 , 125.5 
24-Aug-2005 11:52,200504,EDINBURGH,SPAIN,BARCELONA,AIR MALTA,D,C, 0 , 0 , 0 , 0 , 0 , 0 , 0 , 0 , 0 , 0 , 2 , 0 , 84 
24-Aug-2005 11:52,200504,EDINBURGH,SPAIN,BARCELONA,CHANNEL EXPRESS (INCORP: JET 2),A,S, 8 , 0 , 50 , 25 , 25 , 0 , 0 , 0 , 19.375 , 0 , 9 , 77.7777777777778 , 6.44444444444444 
24-Aug-2005 11:52,200504,EDINBURGH,SPAIN,BARCELONA,CHANNEL EXPRESS (INCORP: JET 2),D,S, 8 , 0 , 75 , 12.5 , 12.5 , 0 , 0 , 0 , 10.875 , 0 , 9 , 88.8888888888889 , 4.77777777777778 
24-Aug-2005 11:52,200504,EDINBURGH,SPAIN,BILBAO,AIR MALTA,A,C, 0 , 0 , 0 , 0 , 0 , 0 , 0 , 0 , 0 , 0 , 1 , 0 , 96 
24-Aug-2005 11:52,200504,EDINBURGH,SPAIN,BILBAO,AIR MALTA,D,C, 0 , 0 , 0 , 0 , 0 , 0 , 0 , 0 , 0 , 0 , 1 , 0 , 24 
24-Aug-2005 11:52,200504,EDINBURGH,SPAIN,GERONA,GREECE AIRWAYS,A,S, 1 , 0 , 100 , 0 , 0 , 0 , 0 , 0 , 13 , 0 , 0 , 0 , 0 
24-Aug-2005 11:52,200504,EDINBURGH,SPAIN,GERONA,GREECE AIRWAYS,D,S, 2 , 0 , 0 , 0 , 50 , 50 , 0 , 0 , 79 , 0 , 0 , 0 , 0 
24-Aug-2005 11:52,200504,EDINBURGH,SPAIN,MADRID,BRITISH AIRWAYS CITIEXPRESS LTD,A,S, 21 , 0 , 80.9523809523809 , 14.2857142857143 , 0 , 4.76190476190476 , 0 , 0 , 8.04761904761905 , 0 , 26 , 84.6153846153846 , 11.6153846153846 
24-Aug-2005 11:52,200504,EDINBURGH,SPAIN,MADRID,BRITISH AIRWAYS CITIEXPRESS LTD,D,S, 20 , 0 , 70 , 20 , 10 , 0 , 0 , 0 , 10.65 , 0 , 19 , 84.2105263157895 , 10.3157894736842 
24-Aug-2005 11:52,200504,EDINBURGH,SPAIN,MADRID,GREECE AIRWAYS,A,S, 1 , 0 , 0 , 0 , 100 , 0 , 0 , 0 , 39 , 0 , 0 , 0 , 0 
24-Aug-2005 11:52,200504,EDINBURGH,SPAIN,MALAGA,BMI BRITISH MIDLAND,A,C, 0 , 0 , 0 , 0 , 0 , 0 , 0 , 0 , 0 , 0 , 4 , 50 , 24 
24-Aug-2005 11:52,200504,EDINBURGH,SPAIN,MALAGA,BMI BRITISH MIDLAND,D,C, 0 , 0 , 0 , 0 , 0 , 0 , 0 , 0 , 0 , 0 , 4 , 100 , 4.75 
24-Aug-2005 11:52,200504,EDINBURGH,SPAIN,MALAGA,BRITANNIA AIRWAYS AND THOMSONFLY,A,C, 4 , 0 , 100 , 0 , 0 , 0 , 0 , 0 , 0 , 0 , 0 , 0 , 0 
24-Aug-2005 11:52,200504,EDINBURGH,SPAIN,MALAGA,BRITANNIA AIRWAYS AND THOMSONFLY,D,C, 4 , 0 , 75 , 25 , 0 , 0 , 0 , 0 , 6 , 0 , 0 , 0 , 0 
24-Aug-2005 11:52,200504,EDINBURGH,SPAIN,MALAGA,CHANNEL EXPRESS (INCORP: JET 2),A,S, 5 , 0 , 60 , 40 , 0 , 0 , 0 , 0 , 12.6 , 0 , 8 , 62.5 , 28 
24-Aug-2005 11:52,200504,EDINBURGH,SPAIN,MALAGA,CHANNEL EXPRESS (INCORP: JET 2),D,S, 5 , 0 , 40 , 60 , 0 , 0 , 0 , 0 , 14.6 , 0 , 8 , 62.5 , 12.75 
24-Aug-2005 11:52,200504,EDINBURGH,SPAIN,MALAGA,FLYGLOBESPAN,A,S, 29 , 0 , 86.2068965517241 , 3.44827586206897 , 3.44827586206897 , 3.44827586206897 , 3.44827586206897 , 0 , 12.2068965517241 , 0 , 0 , 0 , 0 
24-Aug-2005 11:52,200504,EDINBURGH,SPAIN,MALAGA,FLYGLOBESPAN,D,S, 28 , 0 , 71.4285714285714 , 10.7142857142857 , 10.7142857142857 , 7.14285714285714 , 0 , 0 , 19.8571428571429 , 1 , 0 , 0 , 0 
24-Aug-2005 11:52,200504,EDINBURGH,SPAIN,MALAGA,GREECE AIRWAYS,A,S, 8 , 0 , 37.5 , 12.5 , 37.5 , 12.5 , 0 , 0 , 31.875 , 0 , 9 , 66.6666666666667 , 13.8888888888889 
24-Aug-2005 11:52,200504,EDINBURGH,SPAIN,MALAGA,GREECE AIRWAYS,D,S, 8 , 0 , 50 , 25 , 12.5 , 12.5 , 0 , 0 , 27.125 , 0 , 8 , 75 , 12.75 
24-Aug-2005 11:52,200504,EDINBURGH,SPAIN,PALMA DE MALLORCA,BMI BRITISH MIDLAND,A,C, 5 , 0 , 100 , 0 , 0 , 0 , 0 , 0 , 1.2 , 0 , 6 , 16.6666666666667 , 45.1666666666667 
24-Aug-2005 11:52,200504,EDINBURGH,SPAIN,PALMA DE MALLORCA,BMI BRITISH MIDLAND,D,C, 5 , 0 , 100 , 0 , 0 , 0 , 0 , 0 , 0.6 , 0 , 8 , 62.5 , 21.75 
24-Aug-2005 11:52,200504,EDINBURGH,SPAIN,PALMA DE MALLORCA,CHANNEL EXPRESS (INCORP: JET 2),A,S, 0 , 0 , 0 , 0 , 0 , 0 , 0 , 0 , 0 , 0 , 4 , 75 , 13 
24-Aug-2005 11:52,200504,EDINBURGH,SPAIN,PALMA DE MALLORCA,CHANNEL EXPRESS (INCORP: JET 2),D,S, 0 , 0 , 0 , 0 , 0 , 0 , 0 , 0 , 0 , 0 , 4 , 50 , 17.75 
24-Aug-2005 11:52,200504,EDINBURGH,SPAIN,PALMA DE MALLORCA,FLYGLOBESPAN,A,S, 30 , 0 , 86.6666666666667 , 0 , 6.66666666666667 , 3.33333333333333 , 0 , 3.33333333333333 , 30.3333333333333 , 0 , 0 , 0 , 0 
24-Aug-2005 11:52,200504,EDINBURGH,SPAIN,PALMA DE MALLORCA,FLYGLOBESPAN,D,S, 30 , 0 , 76.6666666666667 , 13.3333333333333 , 0 , 6.66666666666667 , 0 , 3.33333333333333 , 35.4666666666667 , 0 , 0 , 0 , 0 
24-Aug-2005 11:52,200504,EDINBURGH,SPAIN(CANARY ISLANDS),ARRECIFE,BMI BRITISH MIDLAND,A,C, 0 , 0 , 0 , 0 , 0 , 0 , 0 , 0 , 0 , 0 , 5 , 60 , 16.4 
24-Aug-2005 11:52,200504,EDINBURGH,SPAIN(CANARY ISLANDS),ARRECIFE,BMI BRITISH MIDLAND,D,C, 0 , 0 , 0 , 0 , 0 , 0 , 0 , 0 , 0 , 0 , 5 , 80 , 12.6 
24-Aug-2005 11:52,200504,EDINBURGH,SPAIN(CANARY ISLANDS),LAS PALMAS,BMI BRITISH MIDLAND,A,C, 0 , 0 , 0 , 0 , 0 , 0 , 0 , 0 , 0 , 0 , 4 , 100 , 8.5 
24-Aug-2005 11:52,200504,EDINBURGH,SPAIN(CANARY ISLANDS),LAS PALMAS,BMI BRITISH MIDLAND,D,C, 0 , 0 , 0 , 0 , 0 , 0 , 0 , 0 , 0 , 0 , 4 , 100 , 5 
24-Aug-2005 11:52,200504,EDINBURGH,SPAIN(CANARY ISLANDS),TENERIFE (SURREINA SOFIA),BMI BRITISH MIDLAND,A,C, 0 , 0 , 0 , 0 , 0 , 0 , 0 , 0 , 0 , 0 , 4 , 100 , 1.25 
24-Aug-2005 11:52,200504,EDINBURGH,SPAIN(CANARY ISLANDS),TENERIFE (SURREINA SOFIA),BMI BRITISH MIDLAND,D,C, 0 , 0 , 0 , 0 , 0 , 0 , 0 , 0 , 0 , 0 , 5 , 80 , 10.2 
24-Aug-2005 11:52,200504,EDINBURGH,SPAIN(CANARY ISLANDS),TENERIFE (SURREINA SOFIA),FUTURA AIRLINES,A,C, 5 , 0 , 80 , 20 , 0 , 0 , 0 , 0 , 6.4 , 0 , 0 , 0 , 0 
24-Aug-2005 11:52,200504,EDINBURGH,SPAIN(CANARY ISLANDS),TENERIFE (SURREINA SOFIA),FUTURA AIRLINES,D,C, 5 , 0 , 80 , 20 , 0 , 0 , 0 , 0 , 8.4 , 0 , 0 , 0 , 0 
24-Aug-2005 11:52,200504,EDINBURGH,SPAIN(CANARY ISLANDS),TENERIFE (SURREINA SOFIA),IBERWORLD,A,C, 5 , 0 , 100 , 0 , 0 , 0 , 0 , 0 , 0.4 , 0 , 5 , 80 , 4.2 
24-Aug-2005 11:52,200504,EDINBURGH,SPAIN(CANARY ISLANDS),TENERIFE (SURREINA SOFIA),IBERWORLD,D,C, 5 , 0 , 100 , 0 , 0 , 0 , 0 , 0 , 0 , 0 , 5 , 80 , 8.6 
24-Aug-2005 11:52,200504,EDINBURGH,SWEDEN,STOCKHOLM (ARLANDA),MYTRAVEL AIRWAYS (DENMARK),A,C, 0 , 0 , 0 , 0 , 0 , 0 , 0 , 0 , 0 , 0 , 1 , 100 , 0 
24-Aug-2005 11:52,200504,EDINBURGH,SWEDEN,STOCKHOLM (ARLANDA),MYTRAVEL AIRWAYS (DENMARK),D,C, 0 , 0 , 0 , 0 , 0 , 0 , 0 , 0 , 0 , 0 , 1 , 0 , 98 
24-Aug-2005 11:52,200504,EDINBURGH,SWEDEN,STOCKHOLM (ARLANDA),SAS,A,S, 12 , 0 , 75 , 8.33333333333333 , 16.6666666666667 , 0 , 0 , 0 , 10.5833333333333 , 0 , 24 , 100 , 0.75 
24-Aug-2005 11:52,200504,EDINBURGH,SWEDEN,STOCKHOLM (ARLANDA),SAS,D,S, 12 , 0 , 58.3333333333333 , 8.33333333333333 , 33.3333333333333 , 0 , 0 , 0 , 19.8333333333333 , 0 , 24 , 83.3333333333333 , 8 
24-Aug-2005 11:52,200504,EDINBURGH,SWITZERLAND,GENEVA,BMI BRITISH MIDLAND,A,C, 6 , 0 , 50 , 33.3333333333333 , 16.6666666666667 , 0 , 0 , 0 , 19 , 0 , 0 , 0 , 0 
24-Aug-2005 11:52,200504,EDINBURGH,SWITZERLAND,GENEVA,BMI BRITISH MIDLAND,D,C, 5 , 0 , 80 , 0 , 20 , 0 , 0 , 0 , 12.6 , 0 , 0 , 0 , 0 
24-Aug-2005 11:52,200504,EDINBURGH,SWITZERLAND,GENEVA,CHANNEL EXPRESS (INCORP: JET 2),A,S, 10 , 0 , 50 , 20 , 0 , 30 , 0 , 0 , 36.5 , 0 , 0 , 0 , 0 
24-Aug-2005 11:52,200504,EDINBURGH,SWITZERLAND,GENEVA,CHANNEL EXPRESS (INCORP: JET 2),D,S, 9 , 1 , 44.4444444444444 , 33.3333333333333 , 11.1111111111111 , 11.1111111111111 , 0 , 0 , 20.4444444444444 , 1 , 0 , 0 , 0 
24-Aug-2005 11:52,200504,EDINBURGH,SWITZERLAND,GENEVA,DUO AIRWAYS LTD,A,S, 0 , 0 , 0 , 0 , 0 , 0 , 0 , 0 , 0 , 0 , 42 , 64.2857142857143 , 17.8095238095238 
24-Aug-2005 11:52,200504,EDINBURGH,SWITZERLAND,GENEVA,DUO AIRWAYS LTD,D,S, 0 , 0 , 0 , 0 , 0 , 0 , 0 , 0 , 0 , 0 , 48 , 68.75 , 12.25 
24-Aug-2005 11:52,200504,EDINBURGH,SWITZERLAND,GENEVA,FIRST CHOICE AIRWAYS LTD,A,C, 2 , 0 , 100 , 0 , 0 , 0 , 0 , 0 , 12.5 , 0 , 3 , 33.3333333333333 , 15 
24-Aug-2005 11:52,200504,EDINBURGH,SWITZERLAND,GENEVA,FIRST CHOICE AIRWAYS LTD,D,C, 1 , 0 , 100 , 0 , 0 , 0 , 0 , 0 , 8 , 0 , 2 , 100 , 0 
24-Aug-2005 11:52,200504,EDINBURGH,SWITZERLAND,GENEVA,FLYGLOBESPAN,A,S, 3 , 0 , 100 , 0 , 0 , 0 , 0 , 0 , 3 , 0 , 0 , 0 , 0 
24-Aug-2005 11:52,200504,EDINBURGH,SWITZERLAND,GENEVA,FLYGLOBESPAN,D,S, 2 , 0 , 50 , 50 , 0 , 0 , 0 , 0 , 8.5 , 0 , 0 , 0 , 0 
24-Aug-2005 11:52,200504,EDINBURGH,SWITZERLAND,ZURICH,DUO AIRWAYS LTD,A,S, 0 , 0 , 0 , 0 , 0 , 0 , 0 , 0 , 0 , 0 , 26 , 76.9230769230769 , 8.30769230769231 
24-Aug-2005 11:52,200504,EDINBURGH,SWITZERLAND,ZURICH,DUO AIRWAYS LTD,D,S, 0 , 0 , 0 , 0 , 0 , 0 , 0 , 0 , 0 , 0 , 26 , 61.5384615384615 , 15.1923076923077 
24-Aug-2005 11:52,200504,EDINBURGH,UNITED KINGDOM,BELFAST CITY,FLYBE.BRITISH EUROPEAN,A,S, 102 , 0 , 71.5686274509804 , 7.84313725490196 , 14.7058823529412 , 5.88235294117647 , 0 , 0 , 15.9803921568627 , 4 , 100 , 89 , 7.97 
24-Aug-2005 11:52,200504,EDINBURGH,UNITED KINGDOM,BELFAST CITY,FLYBE.BRITISH EUROPEAN,D,S, 102 , 0 , 63.7254901960784 , 15.6862745098039 , 10.7843137254902 , 7.84313725490196 , 1.96078431372549 , 0 , 21.4901960784314 , 4 , 100 , 67 , 17.48 
24-Aug-2005 11:52,200504,EDINBURGH,UNITED KINGDOM,BELFAST INTERNATIONAL,EASYJET AIRLINE COMPANY LTD,A,S, 109 , 0 , 72.4770642201835 , 11.9266055045872 , 11.0091743119266 , 3.6697247706422 , 0.917431192660551 , 0 , 13.2385321100917 , 1 , 116 , 87.0689655172414 , 5.18103448275862 
24-Aug-2005 11:52,200504,EDINBURGH,UNITED KINGDOM,BELFAST INTERNATIONAL,EASYJET AIRLINE COMPANY LTD,D,S, 110 , 0 , 71.8181818181818 , 13.6363636363636 , 11.8181818181818 , 2.72727272727273 , 0 , 0 , 13.6818181818182 , 0 , 116 , 87.0689655172414 , 7.46551724137931 
24-Aug-2005 11:52,200504,EDINBURGH,UNITED KINGDOM,BIRMINGHAM,BMIBABY LTD,A,S, 60 , 0 , 90 , 8.33333333333333 , 1.66666666666667 , 0 , 0 , 0 , 5.31666666666667 , 21 , 0 , 0 , 0 
24-Aug-2005 11:52,200504,EDINBURGH,UNITED KINGDOM,BIRMINGHAM,BMIBABY LTD,D,S, 59 , 0 , 81.3559322033898 , 11.864406779661 , 5.08474576271186 , 1.69491525423729 , 0 , 0 , 8.06779661016949 , 22 , 0 , 0 , 0 
24-Aug-2005 11:52,200504,EDINBURGH,UNITED KINGDOM,BIRMINGHAM,BRITISH AIRWAYS CITIEXPRESS LTD,A,S, 120 , 0 , 85.8333333333333 , 7.5 , 5.83333333333333 , 0.833333333333333 , 0 , 0 , 6.48333333333333 , 0 , 105 , 89.5238095238095 , 4.44761904761905 
24-Aug-2005 11:52,200504,EDINBURGH,UNITED KINGDOM,BIRMINGHAM,BRITISH AIRWAYS CITIEXPRESS LTD,D,S, 102 , 0 , 84.3137254901961 , 6.86274509803922 , 7.84313725490196 , 0.980392156862745 , 0 , 0 , 7.95098039215686 , 0 , 106 , 89.622641509434 , 7.75471698113208 
24-Aug-2005 11:52,200504,EDINBURGH,UNITED KINGDOM,BIRMINGHAM,DUO AIRWAYS LTD,A,S, 0 , 0 , 0 , 0 , 0 , 0 , 0 , 0 , 0 , 0 , 4 , 75 , 20.25 
24-Aug-2005 11:52,200504,EDINBURGH,UNITED KINGDOM,BIRMINGHAM,DUO AIRWAYS LTD,D,S, 0 , 0 , 0 , 0 , 0 , 0 , 0 , 0 , 0 , 0 , 8 , 87.5 , 8.25 
24-Aug-2005 11:52,200504,EDINBURGH,UNITED KINGDOM,BIRMINGHAM,FLYBE.BRITISH EUROPEAN,A,S, 149 , 0 , 77.1812080536913 , 9.39597315436242 , 9.39597315436242 , 4.02684563758389 , 0 , 0 , 10.8322147651007 , 0 , 151 , 69.5364238410596 , 15.3311258278146 
24-Aug-2005 11:52,200504,EDINBURGH,UNITED KINGDOM,BIRMINGHAM,FLYBE.BRITISH EUROPEAN,D,S, 149 , 0 , 75.1677852348993 , 8.7248322147651 , 10.0671140939597 , 5.36912751677852 , 0 , 0.671140939597315 , 17.3691275167785 , 0 , 149 , 68.4563758389262 , 21.4496644295302 
24-Aug-2005 11:52,200504,EDINBURGH,UNITED KINGDOM,BRISTOL,BRITISH AIRWAYS CITIEXPRESS LTD,A,S, 123 , 0 , 73.9837398373984 , 16.260162601626 , 5.69105691056911 , 4.0650406504065 , 0 , 0 , 10.0569105691057 , 0 , 102 , 92.156862745098 , 3.98039215686275 
24-Aug-2005 11:52,200504,EDINBURGH,UNITED KINGDOM,BRISTOL,BRITISH AIRWAYS CITIEXPRESS LTD,D,S, 125 , 0 , 70.4 , 16.8 , 8 , 4.8 , 0 , 0 , 13.768 , 0 , 105 , 86.6666666666667 , 6.71428571428571 
24-Aug-2005 11:52,200504,EDINBURGH,UNITED KINGDOM,BRISTOL,EASYJET AIRLINE COMPANY LTD,A,S, 84 , 0 , 76.1904761904762 , 13.0952380952381 , 9.52380952380952 , 1.19047619047619 , 0 , 0 , 8.90476190476191 , 1 , 78 , 89.7435897435898 , 6.42307692307692 
24-Aug-2005 11:52,200504,EDINBURGH,UNITED KINGDOM,BRISTOL,EASYJET AIRLINE COMPANY LTD,D,S, 84 , 0 , 60.7142857142857 , 10.7142857142857 , 21.4285714285714 , 7.14285714285714 , 0 , 0 , 19.202380952381 , 1 , 78 , 67.948717948718 , 13.7820512820513 
24-Aug-2005 11:52,200504,EDINBURGH,UNITED KINGDOM,CARDIFF WALES,BMIBABY LTD,A,S, 72 , 0 , 77.7777777777778 , 8.33333333333333 , 11.1111111111111 , 2.77777777777778 , 0 , 0 , 10.5138888888889 , 0 , 78 , 69.2307692307692 , 13.2179487179487 
24-Aug-2005 11:52,200504,EDINBURGH,UNITED KINGDOM,CARDIFF WALES,BMIBABY LTD,D,S, 72 , 0 , 66.6666666666667 , 13.8888888888889 , 16.6666666666667 , 2.77777777777778 , 0 , 0 , 14.75 , 0 , 78 , 57.6923076923077 , 17.2307692307692 
24-Aug-2005 11:52,200504,EDINBURGH,UNITED KINGDOM,EXETER,FLYBE.BRITISH EUROPEAN,A,S, 55 , 0 , 67.2727272727273 , 7.27272727272727 , 20 , 5.45454545454545 , 0 , 0 , 18.9454545454545 , 0 , 30 , 56.6666666666667 , 28.0666666666667 
24-Aug-2005 11:52,200504,EDINBURGH,UNITED KINGDOM,EXETER,FLYBE.BRITISH EUROPEAN,D,S, 55 , 0 , 54.5454545454545 , 27.2727272727273 , 14.5454545454545 , 3.63636363636364 , 0 , 0 , 20.3090909090909 , 0 , 30 , 73.3333333333333 , 18.4 
24-Aug-2005 11:52,200504,EDINBURGH,UNITED KINGDOM,GATWICK,BRITISH AIRWAYS PLC,A,S, 174 , 0 , 76.4367816091954 , 13.2183908045977 , 6.89655172413793 , 3.44827586206897 , 0 , 0 , 11.4195402298851 , 0 , 173 , 95.3757225433526 , 2.5606936416185 
24-Aug-2005 11:52,200504,EDINBURGH,UNITED KINGDOM,GATWICK,BRITISH AIRWAYS PLC,D,S, 174 , 0 , 63.7931034482759 , 20.1149425287356 , 12.0689655172414 , 4.02298850574713 , 0 , 0 , 16.8103448275862 , 1 , 173 , 85.5491329479769 , 7.87861271676301 
24-Aug-2005 11:52,200504,EDINBURGH,UNITED KINGDOM,GATWICK,EASYJET AIRLINE COMPANY LTD,A,S, 112 , 0 , 80.3571428571429 , 13.3928571428571 , 5.35714285714286 , 0.892857142857143 , 0 , 0 , 8.11607142857143 , 0 , 116 , 87.9310344827586 , 7.07758620689655 
24-Aug-2005 11:52,200504,EDINBURGH,UNITED KINGDOM,GATWICK,EASYJET AIRLINE COMPANY LTD,D,S, 112 , 0 , 56.25 , 24.1071428571429 , 17.8571428571429 , 1.78571428571429 , 0 , 0 , 16.8660714285714 , 0 , 116 , 73.2758620689655 , 12.6810344827586 
24-Aug-2005 11:52,200504,EDINBURGH,UNITED KINGDOM,GLASGOW,CHANNEL EXPRESS (INCORP: JET 2),A,S, 0 , 0 , 0 , 0 , 0 , 0 , 0 , 0 , 0 , 0 , 1 , 100 , 0 
24-Aug-2005 11:52,200504,EDINBURGH,UNITED KINGDOM,GLASGOW,CHANNEL EXPRESS (INCORP: JET 2),D,S, 0 , 0 , 0 , 0 , 0 , 0 , 0 , 0 , 0 , 0 , 2 , 100 , 5 
24-Aug-2005 11:52,200504,EDINBURGH,UNITED KINGDOM,GLASGOW,FLYGLOBESPAN,A,S, 2 , 0 , 100 , 0 , 0 , 0 , 0 , 0 , 4 , 0 , 0 , 0 , 0 
24-Aug-2005 11:52,200504,EDINBURGH,UNITED KINGDOM,GLASGOW,FLYGLOBESPAN,D,S, 3 , 0 , 100 , 0 , 0 , 0 , 0 , 0 , 2 , 0 , 0 , 0 , 0 
24-Aug-2005 11:52,200504,EDINBURGH,UNITED KINGDOM,GLASGOW,GREECE AIRWAYS,A,S, 2 , 0 , 50 , 50 , 0 , 0 , 0 , 0 , 12 , 0 , 11 , 63.6363636363636 , 11.3636363636364 
24-Aug-2005 11:52,200504,EDINBURGH,UNITED KINGDOM,GLASGOW,GREECE AIRWAYS,D,S, 2 , 0 , 50 , 0 , 0 , 50 , 0 , 0 , 44.5 , 0 , 16 , 68.75 , 24.875 
24-Aug-2005 11:52,200504,EDINBURGH,UNITED KINGDOM,HEATHROW,BMI BRITISH MIDLAND,A,S, 230 , 1 , 83.4782608695652 , 11.7391304347826 , 3.91304347826087 , 0.869565217391304 , 0 , 0 , 6.52173913043478 , 0 , 229 , 73.7991266375546 , 12.8078602620087 
24-Aug-2005 11:52,200504,EDINBURGH,UNITED KINGDOM,HEATHROW,BMI BRITISH MIDLAND,D,S, 230 , 0 , 73.4782608695652 , 17.3913043478261 , 7.82608695652174 , 1.30434782608696 , 0 , 0 , 11.2434782608696 , 0 , 230 , 63.4782608695652 , 17.0739130434783 
24-Aug-2005 11:52,200504,EDINBURGH,UNITED KINGDOM,HEATHROW,BRITISH AIRWAYS PLC,A,S, 352 , 0 , 70.1704545454545 , 15.625 , 10.7954545454545 , 3.40909090909091 , 0 , 0 , 13.3835227272727 , 0 , 327 , 76.1467889908257 , 10.9908256880734 
24-Aug-2005 11:52,200504,EDINBURGH,UNITED KINGDOM,HEATHROW,BRITISH AIRWAYS PLC,D,S, 353 , 0 , 67.4220963172804 , 18.9801699716714 , 9.91501416430595 , 3.39943342776204 , 0.28328611898017 , 0 , 14.4645892351275 , 0 , 325 , 68.6153846153846 , 13.2830769230769 
24-Aug-2005 11:52,200504,EDINBURGH,UNITED KINGDOM,HEATHROW,CHALLENGE AIR LUFTVERKEHRS,D,C, 0 , 1 , 0 , 0 , 0 , 0 , 0 , 0 , 0 , 0 , 0 , 0 , 0 
24-Aug-2005 11:52,200504,EDINBURGH,UNITED KINGDOM,HEATHROW,NETJETS TRANSPORTES AEREOS,A,C, 0 , 1 , 0 , 0 , 0 , 0 , 0 , 0 , 0 , 0 , 0 , 0 , 0 
24-Aug-2005 11:52,200504,EDINBURGH,UNITED KINGDOM,INVERNESS,LOGANAIR,A,S, 87 , 0 , 65.5172413793103 , 19.5402298850575 , 6.89655172413793 , 6.89655172413793 , 1.14942528735632 , 0 , 18.1724137931034 , 0 , 73 , 86.3013698630137 , 9.45205479452055 
24-Aug-2005 11:52,200504,EDINBURGH,UNITED KINGDOM,INVERNESS,LOGANAIR,D,S, 1 , 0 , 0 , 0 , 100 , 0 , 0 , 0 , 34 , 0 , 0 , 0 , 0 
24-Aug-2005 11:52,200504,EDINBURGH,UNITED KINGDOM,ISLE OF MAN,ROSSAIR EUROPE,A,S, 0 , 0 , 0 , 0 , 0 , 0 , 0 , 0 , 0 , 0 , 56 , 64.2857142857143 , 21.2857142857143 
24-Aug-2005 11:52,200504,EDINBURGH,UNITED KINGDOM,ISLE OF MAN,ROSSAIR EUROPE,D,S, 0 , 0 , 0 , 0 , 0 , 0 , 0 , 0 , 0 , 0 , 56 , 75 , 14.4821428571429 
24-Aug-2005 11:52,200504,EDINBURGH,UNITED KINGDOM,JERSEY,BMI REGIONAL,A,S, 3 , 0 , 100 , 0 , 0 , 0 , 0 , 0 , 0 , 0 , 3 , 100 , 0.333333333333333 
24-Aug-2005 11:52,200504,EDINBURGH,UNITED KINGDOM,JERSEY,BMI REGIONAL,D,S, 3 , 0 , 100 , 0 , 0 , 0 , 0 , 0 , 1.66666666666667 , 0 , 3 , 100 , 7 
24-Aug-2005 11:52,200504,EDINBURGH,UNITED KINGDOM,JERSEY,BRITISH AIRWAYS CITIEXPRESS LTD,A,S, 2 , 0 , 100 , 0 , 0 , 0 , 0 , 0 , 0 , 0 , 22 , 95.4545454545455 , 2.31818181818182 
24-Aug-2005 11:52,200504,EDINBURGH,UNITED KINGDOM,JERSEY,BRITISH AIRWAYS CITIEXPRESS LTD,D,S, 1 , 0 , 100 , 0 , 0 , 0 , 0 , 0 , 4 , 0 , 19 , 63.1578947368421 , 11.1052631578947 
24-Aug-2005 11:52,200504,EDINBURGH,UNITED KINGDOM,JERSEY,NETJETS TRANSPORTES AEREOS,D,C, 0 , 1 , 0 , 0 , 0 , 0 , 0 , 0 , 0 , 0 , 0 , 0 , 0 
24-Aug-2005 11:52,200504,EDINBURGH,UNITED KINGDOM,KENT INTERNATIONAL,EUJET,A,S, 50 , 0 , 92 , 4 , 4 , 0 , 0 , 0 , 4.72 , 1 , 0 , 0 , 0 
24-Aug-2005 11:52,200504,EDINBURGH,UNITED KINGDOM,KENT INTERNATIONAL,EUJET,D,S, 51 , 0 , 86.2745098039216 , 5.88235294117647 , 7.84313725490196 , 0 , 0 , 0 , 6.70588235294118 , 0 , 0 , 0 , 0 
24-Aug-2005 11:52,200504,EDINBURGH,UNITED KINGDOM,KIRKWALL,LOGANAIR,A,S, 9 , 0 , 88.8888888888889 , 0 , 11.1111111111111 , 0 , 0 , 0 , 3.77777777777778 , 0 , 25 , 100 , 1.08 
24-Aug-2005 11:52,200504,EDINBURGH,UNITED KINGDOM,KIRKWALL,LOGANAIR,D,S, 54 , 0 , 64.8148148148148 , 12.962962962963 , 7.40740740740741 , 9.25925925925926 , 5.55555555555556 , 0 , 28.8703703703704 , 0 , 56 , 78.5714285714286 , 8.35714285714286 
24-Aug-2005 11:52,200504,EDINBURGH,UNITED KINGDOM,LEEDS BRADFORD,BMI REGIONAL,A,S, 83 , 0 , 84.3373493975904 , 7.2289156626506 , 6.02409638554217 , 2.40963855421687 , 0 , 0 , 7.21686746987952 , 0 , 63 , 100 , 1.03174603174603 
24-Aug-2005 11:52,200504,EDINBURGH,UNITED KINGDOM,LEEDS BRADFORD,BMI REGIONAL,D,S, 82 , 0 , 80.4878048780488 , 8.53658536585366 , 8.53658536585366 , 2.4390243902439 , 0 , 0 , 10.1951219512195 , 0 , 63 , 95.2380952380952 , 2.52380952380952 
24-Aug-2005 11:52,200504,EDINBURGH,UNITED KINGDOM,LIVERPOOL,FLYBE.BRITISH EUROPEAN,A,S, 30 , 0 , 53.3333333333333 , 13.3333333333333 , 13.3333333333333 , 20 , 0 , 0 , 29.6 , 0 , 0 , 0 , 0 
24-Aug-2005 11:52,200504,EDINBURGH,UNITED KINGDOM,LIVERPOOL,FLYBE.BRITISH EUROPEAN,D,S, 30 , 0 , 53.3333333333333 , 16.6666666666667 , 10 , 20 , 0 , 0 , 25.9333333333333 , 0 , 0 , 0 , 0 
24-Aug-2005 11:52,200504,EDINBURGH,UNITED KINGDOM,LONDON CITY,ATLANTIC AIRLINES,D,C, 1 , 0 , 0 , 100 , 0 , 0 , 0 , 0 , 20 , 0 , 0 , 0 , 0 
24-Aug-2005 11:52,200504,EDINBURGH,UNITED KINGDOM,LONDON CITY,BRITISH AIRWAYS CITIEXPRESS LTD,A,S, 114 , 0 , 84.2105263157895 , 9.64912280701754 , 3.50877192982456 , 2.63157894736842 , 0 , 0 , 9.28947368421053 , 0 , 65 , 80 , 10.7076923076923 
24-Aug-2005 11:52,200504,EDINBURGH,UNITED KINGDOM,LONDON CITY,BRITISH AIRWAYS CITIEXPRESS LTD,D,S, 112 , 0 , 75.8928571428572 , 19.6428571428571 , 4.46428571428571 , 0 , 0 , 0 , 10.4375 , 0 , 64 , 62.5 , 19.765625 
24-Aug-2005 11:52,200504,EDINBURGH,UNITED KINGDOM,LONDON CITY,SCOT AIRWAYS,A,S, 200 , 0 , 72 , 19 , 8 , 1 , 0 , 0 , 11.11 , 10 , 185 , 86.4864864864865 , 7.37837837837838 
24-Aug-2005 11:52,200504,EDINBURGH,UNITED KINGDOM,LONDON CITY,SCOT AIRWAYS,D,S, 196 , 4 , 85.2040816326531 , 9.69387755102041 , 4.59183673469388 , 0.510204081632653 , 0 , 0 , 6.87244897959184 , 15 , 185 , 90.2702702702703 , 4.76216216216216 
24-Aug-2005 11:52,200504,EDINBURGH,UNITED KINGDOM,LUTON,CHALLENGE AIR LUFTVERKEHRS,A,C, 0 , 1 , 0 , 0 , 0 , 0 , 0 , 0 , 0 , 0 , 0 , 0 , 0 
24-Aug-2005 11:52,200504,EDINBURGH,UNITED KINGDOM,LUTON,EASYJET AIRLINE COMPANY LTD,A,S, 160 , 0 , 81.25 , 8.75 , 6.875 , 3.125 , 0 , 0 , 9.4375 , 1 , 164 , 90.2439024390244 , 4.15243902439024 
24-Aug-2005 11:52,200504,EDINBURGH,UNITED KINGDOM,LUTON,EASYJET AIRLINE COMPANY LTD,D,S, 162 , 0 , 70.3703703703704 , 18.5185185185185 , 8.02469135802469 , 2.46913580246914 , 0.617283950617284 , 0 , 13.9691358024691 , 0 , 164 , 82.9268292682927 , 10.0487804878049 
24-Aug-2005 11:52,200504,EDINBURGH,UNITED KINGDOM,MANCHESTER,ATLANTIC AIRLINES,D,C, 0 , 1 , 0 , 0 , 0 , 0 , 0 , 0 , 0 , 0 , 0 , 0 , 0 
24-Aug-2005 11:52,200504,EDINBURGH,UNITED KINGDOM,MANCHESTER,BMI REGIONAL,A,S, 112 , 0 , 88.3928571428572 , 8.03571428571429 , 3.57142857142857 , 0 , 0 , 0 , 4.76785714285714 , 0 , 115 , 93.0434782608696 , 4.39130434782609 
24-Aug-2005 11:52,200504,EDINBURGH,UNITED KINGDOM,MANCHESTER,BMI REGIONAL,D,S, 117 , 0 , 85.4700854700855 , 12.8205128205128 , 1.70940170940171 , 0 , 0 , 0 , 6.66666666666667 , 0 , 115 , 83.4782608695652 , 6.73913043478261 
24-Aug-2005 11:52,200504,EDINBURGH,UNITED KINGDOM,MANCHESTER,BRITISH AIRWAYS CITIEXPRESS LTD,A,S, 152 , 0 , 79.6052631578947 , 9.86842105263158 , 7.89473684210526 , 2.63157894736842 , 0 , 0 , 9.55263157894737 , 0 , 149 , 84.5637583892618 , 8.77852348993289 
24-Aug-2005 11:52,200504,EDINBURGH,UNITED KINGDOM,MANCHESTER,BRITISH AIRWAYS CITIEXPRESS LTD,D,S, 152 , 0 , 75.6578947368421 , 13.1578947368421 , 7.89473684210526 , 3.28947368421053 , 0 , 0 , 12.1447368421053 , 0 , 150 , 82 , 13.12 
24-Aug-2005 11:52,200504,EDINBURGH,UNITED KINGDOM,MANCHESTER,CHANNEL EXPRESS (INCORP: JET 2),A,S, 81 , 0 , 81.4814814814815 , 7.40740740740741 , 8.64197530864197 , 2.46913580246914 , 0 , 0 , 9.77777777777778 , 0 , 0 , 0 , 0 
24-Aug-2005 11:52,200504,EDINBURGH,UNITED KINGDOM,MANCHESTER,CHANNEL EXPRESS (INCORP: JET 2),D,S, 81 , 0 , 90.1234567901235 , 4.93827160493827 , 2.46913580246914 , 2.46913580246914 , 0 , 0 , 5.44444444444444 , 5 , 0 , 0 , 0 
24-Aug-2005 11:52,200504,EDINBURGH,UNITED KINGDOM,MANCHESTER,NETJETS TRANSPORTES AEREOS,A,C, 0 , 1 , 0 , 0 , 0 , 0 , 0 , 0 , 0 , 0 , 0 , 0 , 0 
24-Aug-2005 11:52,200504,EDINBURGH,UNITED KINGDOM,NORTHOLT,HAPAG LLOYD EXECUTIVE,D,C, 0 , 1 , 0 , 0 , 0 , 0 , 0 , 0 , 0 , 0 , 0 , 0 , 0 
24-Aug-2005 11:52,200504,EDINBURGH,UNITED KINGDOM,NORWICH,EASTERN AIRWAYS,A,S, 86 , 0 , 75.5813953488372 , 17.4418604651163 , 6.97674418604651 , 0 , 0 , 0 , 9.91860465116279 , 2 , 66 , 92.4242424242424 , 5.01515151515152 
24-Aug-2005 11:52,200504,EDINBURGH,UNITED KINGDOM,NORWICH,EASTERN AIRWAYS,D,S, 84 , 0 , 78.5714285714286 , 15.4761904761905 , 5.95238095238095 , 0 , 0 , 0 , 8.17857142857143 , 4 , 66 , 93.9393939393939 , 5.04545454545455 
24-Aug-2005 11:52,200504,EDINBURGH,UNITED KINGDOM,NORWICH,FLYBE.BRITISH EUROPEAN,A,S, 30 , 0 , 63.3333333333333 , 13.3333333333333 , 13.3333333333333 , 10 , 0 , 0 , 24.3333333333333 , 0 , 0 , 0 , 0 
24-Aug-2005 11:52,200504,EDINBURGH,UNITED KINGDOM,NORWICH,FLYBE.BRITISH EUROPEAN,D,S, 30 , 0 , 63.3333333333333 , 20 , 6.66666666666667 , 10 , 0 , 0 , 25.1666666666667 , 0 , 0 , 0 , 0 
24-Aug-2005 11:52,200504,EDINBURGH,UNITED KINGDOM,NOTTINGHAM EAST MIDLANDS INT'L,BMIBABY LTD,A,S, 55 , 0 , 92.7272727272727 , 0 , 0 , 7.27272727272727 , 0 , 0 , 11.2 , 0 , 78 , 82.0512820512821 , 9.17948717948718 
24-Aug-2005 11:52,200504,EDINBURGH,UNITED KINGDOM,NOTTINGHAM EAST MIDLANDS INT'L,BMIBABY LTD,D,S, 55 , 0 , 90.9090909090909 , 0 , 1.81818181818182 , 7.27272727272727 , 0 , 0 , 11.9090909090909 , 0 , 78 , 64.1025641025641 , 13.474358974359 
24-Aug-2005 11:52,200504,EDINBURGH,UNITED KINGDOM,NOTTINGHAM EAST MIDLANDS INT'L,EASYJET AIRLINE COMPANY LTD,A,S, 51 , 0 , 90.1960784313725 , 1.96078431372549 , 1.96078431372549 , 1.96078431372549 , 3.92156862745098 , 0 , 14.1960784313725 , 0 , 52 , 84.6153846153846 , 7.36538461538462 
24-Aug-2005 11:52,200504,EDINBURGH,UNITED KINGDOM,NOTTINGHAM EAST MIDLANDS INT'L,EASYJET AIRLINE COMPANY LTD,D,S, 51 , 0 , 72.5490196078431 , 17.6470588235294 , 3.92156862745098 , 1.96078431372549 , 3.92156862745098 , 0 , 21.6470588235294 , 0 , 52 , 67.3076923076923 , 17.5769230769231 
24-Aug-2005 11:52,200504,EDINBURGH,UNITED KINGDOM,SOUTHAMPTON,BRITISH AIRWAYS CITIEXPRESS LTD,A,S, 98 , 0 , 69.3877551020408 , 15.3061224489796 , 12.2448979591837 , 3.06122448979592 , 0 , 0 , 13.1224489795918 , 0 , 118 , 84.7457627118644 , 7.08474576271186 
24-Aug-2005 11:52,200504,EDINBURGH,UNITED KINGDOM,SOUTHAMPTON,BRITISH AIRWAYS CITIEXPRESS LTD,D,S, 98 , 0 , 71.4285714285714 , 13.265306122449 , 12.2448979591837 , 3.06122448979592 , 0 , 0 , 12.6734693877551 , 0 , 118 , 85.593220338983 , 7.14406779661017 
24-Aug-2005 11:52,200504,EDINBURGH,UNITED KINGDOM,SOUTHAMPTON,FLYBE.BRITISH EUROPEAN,A,S, 125 , 0 , 75.2 , 15.2 , 3.2 , 6.4 , 0 , 0 , 14.24 , 2 , 78 , 60.2564102564103 , 19.7179487179487 
24-Aug-2005 11:52,200504,EDINBURGH,UNITED KINGDOM,SOUTHAMPTON,FLYBE.BRITISH EUROPEAN,D,S, 124 , 0 , 63.7096774193548 , 25 , 6.45161290322581 , 4.03225806451613 , 0.806451612903226 , 0 , 18.2096774193548 , 3 , 78 , 48.7179487179487 , 26.4230769230769 
24-Aug-2005 11:52,200504,EDINBURGH,UNITED KINGDOM,STANSTED,EASYJET AIRLINE COMPANY LTD,A,S, 161 , 0 , 76.3975155279503 , 11.8012422360248 , 8.69565217391304 , 3.1055900621118 , 0 , 0 , 10.4409937888199 , 0 , 186 , 87.0967741935484 , 8.67204301075269 
24-Aug-2005 11:52,200504,EDINBURGH,UNITED KINGDOM,STANSTED,EASYJET AIRLINE COMPANY LTD,D,S, 162 , 0 , 59.8765432098765 , 23.4567901234568 , 9.25925925925926 , 6.79012345679012 , 0.617283950617284 , 0 , 18.9814814814815 , 0 , 184 , 73.9130434782609 , 12.3315217391304 
24-Aug-2005 11:52,200504,EDINBURGH,UNITED KINGDOM,STORNOWAY,BMI REGIONAL,A,S, 26 , 0 , 96.1538461538462 , 0 , 0 , 3.84615384615385 , 0 , 0 , 4.57692307692308 , 0 , 29 , 100 , 0.827586206896552 
24-Aug-2005 11:52,200504,EDINBURGH,UNITED KINGDOM,STORNOWAY,BMI REGIONAL,D,S, 26 , 0 , 100 , 0 , 0 , 0 , 0 , 0 , 1.42307692307692 , 0 , 29 , 93.1034482758621 , 3.41379310344828 
24-Aug-2005 11:52,200504,EDINBURGH,UNITED KINGDOM,STORNOWAY,LOGANAIR,A,S, 9 , 0 , 100 , 0 , 0 , 0 , 0 , 0 , 1 , 0 , 8 , 100 , 0 
24-Aug-2005 11:52,200504,EDINBURGH,UNITED KINGDOM,STORNOWAY,LOGANAIR,D,S, 46 , 4 , 54.3478260869565 , 32.6086956521739 , 8.69565217391304 , 4.34782608695652 , 0 , 0 , 20.1304347826087 , 0 , 52 , 78.8461538461539 , 10.2884615384615 
24-Aug-2005 11:52,200504,EDINBURGH,UNITED KINGDOM,SUMBURGH,LOGANAIR,A,S, 51 , 0 , 82.3529411764706 , 7.84313725490196 , 5.88235294117647 , 1.96078431372549 , 1.96078431372549 , 0 , 11.7647058823529 , 0 , 30 , 86.6666666666667 , 11.0666666666667 
24-Aug-2005 11:52,200504,EDINBURGH,UNITED KINGDOM,SUMBURGH,LOGANAIR,D,S, 51 , 0 , 60.7843137254902 , 23.5294117647059 , 11.7647058823529 , 3.92156862745098 , 0 , 0 , 18.8235294117647 , 0 , 30 , 83.3333333333333 , 11.6333333333333 
24-Aug-2005 11:52,200504,EDINBURGH,UNITED KINGDOM,WICK,LOGANAIR,A,S, 0 , 1 , 0 , 0 , 0 , 0 , 0 , 0 , 0 , 0 , 0 , 0 , 0 
24-Aug-2005 11:52,200504,EDINBURGH,UNITED KINGDOM,WICK,LOGANAIR,D,S, 0 , 1 , 0 , 0 , 0 , 0 , 0 , 0 , 0 , 0 , 0 , 0 , 0 
24-Aug-2005 11:52,200504,EDINBURGH,USA,NEW YORK (NEWARK),CONTINENTAL AIRLINES,A,S, 30 , 0 , 60 , 20 , 10 , 6.66666666666667 , 3.33333333333333 , 0 , 24.9666666666667 , 0 , 0 , 0 , 0 
24-Aug-2005 11:52,200504,EDINBURGH,USA,NEW YORK (NEWARK),CONTINENTAL AIRLINES,D,S, 30 , 0 , 60 , 20 , 10 , 6.66666666666667 , 3.33333333333333 , 0 , 25.6666666666667 , 0 , 0 , 0 , 0 
24-Aug-2005 11:52,200504,GATWICK,ALGERIA,ALGIERS,BRITISH AIRWAYS PLC,A,S, 22 , 0 , 63.6363636363636 , 13.6363636363636 , 13.6363636363636 , 9.09090909090909 , 0 , 0 , 18.8636363636364 , 0 , 21 , 95.2380952380952 , 3.33333333333333 
24-Aug-2005 11:52,200504,GATWICK,ALGERIA,ALGIERS,BRITISH AIRWAYS PLC,D,S, 22 , 0 , 72.7272727272727 , 18.1818181818182 , 4.54545454545455 , 4.54545454545455 , 0 , 0 , 16 , 0 , 21 , 85.7142857142857 , 8.42857142857143 
24-Aug-2005 11:52,200504,GATWICK,ALGERIA,GHARDAIA,ASTRAEUS LTD,A,C, 0 , 0 , 0 , 0 , 0 , 0 , 0 , 0 , 0 , 0 , 9 , 77.7777777777778 , 10.6666666666667 
24-Aug-2005 11:52,200504,GATWICK,ALGERIA,GHARDAIA,ASTRAEUS LTD,D,C, 0 , 0 , 0 , 0 , 0 , 0 , 0 , 0 , 0 , 0 , 9 , 100 , 1.22222222222222 
24-Aug-2005 11:52,200504,GATWICK,ALGERIA,GHARDAIA,FIRST CHOICE AIRWAYS LTD,A,C, 0 , 0 , 0 , 0 , 0 , 0 , 0 , 0 , 0 , 0 , 9 , 100 , 0 
24-Aug-2005 11:52,200504,GATWICK,ALGERIA,GHARDAIA,FIRST CHOICE AIRWAYS LTD,D,C, 0 , 0 , 0 , 0 , 0 , 0 , 0 , 0 , 0 , 0 , 9 , 100 , 1.33333333333333 
24-Aug-2005 11:52,200504,GATWICK,ALGERIA,HASSI MESSAOUD,AIR ALGERIE,A,C, 9 , 0 , 22.2222222222222 , 33.3333333333333 , 44.4444444444444 , 0 , 0 , 0 , 24.6666666666667 , 0 , 8 , 50 , 28.375 
24-Aug-2005 11:52,200504,GATWICK,ALGERIA,HASSI MESSAOUD,AIR ALGERIE,D,C, 9 , 0 , 88.8888888888889 , 11.1111111111111 , 0 , 0 , 0 , 0 , 2 , 0 , 8 , 62.5 , 19.25 
24-Aug-2005 11:52,200504,GATWICK,ALGERIA,HASSI MESSAOUD,ASTRAEUS LTD,A,C, 12 , 0 , 75 , 16.6666666666667 , 8.33333333333333 , 0 , 0 , 0 , 8.66666666666667 , 0 , 0 , 0 , 0 
24-Aug-2005 11:52,200504,GATWICK,ALGERIA,HASSI MESSAOUD,ASTRAEUS LTD,D,C, 12 , 0 , 91.6666666666667 , 0 , 8.33333333333333 , 0 , 0 , 0 , 5.08333333333333 , 0 , 0 , 0 , 0 
24-Aug-2005 11:52,200504,GATWICK,ALGERIA,OUARGLA,AIR ALGERIE,A,C, 0 , 0 , 0 , 0 , 0 , 0 , 0 , 0 , 0 , 0 , 1 , 0 , 20 
24-Aug-2005 11:52,200504,GATWICK,ALGERIA,OUARGLA,AIR ALGERIE,D,C, 0 , 0 , 0 , 0 , 0 , 0 , 0 , 0 , 0 , 0 , 1 , 100 , 0 
24-Aug-2005 11:52,200504,GATWICK,ANTIGUA AND BARBUDA,ANTIGUA,AIR ATLANTA EUROPE LTD,A,C, 0 , 0 , 0 , 0 , 0 , 0 , 0 , 0 , 0 , 0 , 1 , 0 , 22 
24-Aug-2005 11:52,200504,GATWICK,ANTIGUA AND BARBUDA,ANTIGUA,BRITANNIA AIRWAYS AND THOMSONFLY,A,C, 0 , 0 , 0 , 0 , 0 , 0 , 0 , 0 , 0 , 0 , 1 , 100 , 15 
24-Aug-2005 11:52,200504,GATWICK,ANTIGUA AND BARBUDA,ANTIGUA,BRITISH AIRWAYS PLC,A,S, 0 , 0 , 0 , 0 , 0 , 0 , 0 , 0 , 0 , 0 , 15 , 46.6666666666667 , 15 
24-Aug-2005 11:52,200504,GATWICK,ANTIGUA AND BARBUDA,ANTIGUA,BRITISH AIRWAYS PLC,D,S, 0 , 0 , 0 , 0 , 0 , 0 , 0 , 0 , 0 , 0 , 15 , 66.6666666666667 , 8.6 
24-Aug-2005 11:52,200504,GATWICK,ANTIGUA AND BARBUDA,ANTIGUA,FIRST CHOICE AIRWAYS LTD,A,C, 5 , 0 , 40 , 0 , 40 , 20 , 0 , 0 , 34.8 , 0 , 0 , 0 , 0 
24-Aug-2005 11:52,200504,GATWICK,ANTIGUA AND BARBUDA,ANTIGUA,FIRST CHOICE AIRWAYS LTD,D,C, 5 , 0 , 60 , 20 , 0 , 20 , 0 , 0 , 42.6 , 0 , 5 , 40 , 15.6 
24-Aug-2005 11:52,200504,GATWICK,ANTIGUA AND BARBUDA,ANTIGUA,MY TRAVEL AIRWAYS UK,D,C, 0 , 0 , 0 , 0 , 0 , 0 , 0 , 0 , 0 , 0 , 1 , 100 , 2 
24-Aug-2005 11:52,200504,GATWICK,ANTIGUA AND BARBUDA,ANTIGUA,VIRGIN ATLANTIC AIRWAYS LTD,A,S, 13 , 0 , 76.9230769230769 , 7.69230769230769 , 15.3846153846154 , 0 , 0 , 0 , 10.0769230769231 , 0 , 13 , 84.6153846153846 , 8.61538461538462 
24-Aug-2005 11:52,200504,GATWICK,ANTIGUA AND BARBUDA,ANTIGUA,VIRGIN ATLANTIC AIRWAYS LTD,D,S, 14 , 0 , 64.2857142857143 , 21.4285714285714 , 7.14285714285714 , 7.14285714285714 , 0 , 0 , 19.8571428571429 , 0 , 12 , 41.6666666666667 , 30.6666666666667 
24-Aug-2005 11:52,200504,GATWICK,AUSTRIA,INNSBRUCK,ASTRAEUS LTD,A,C, 0 , 0 , 0 , 0 , 0 , 0 , 0 , 0 , 0 , 0 , 6 , 100 , 3.16666666666667 
24-Aug-2005 11:52,200504,GATWICK,AUSTRIA,INNSBRUCK,ASTRAEUS LTD,D,C, 0 , 0 , 0 , 0 , 0 , 0 , 0 , 0 , 0 , 0 , 5 , 60 , 16.6 
24-Aug-2005 11:52,200504,GATWICK,AUSTRIA,INNSBRUCK,AUSTRIAN AIRLINES,A,C, 0 , 0 , 0 , 0 , 0 , 0 , 0 , 0 , 0 , 0 , 2 , 100 , 0 
24-Aug-2005 11:52,200504,GATWICK,AUSTRIA,INNSBRUCK,AUSTRIAN AIRLINES,A,S, 0 , 0 , 0 , 0 , 0 , 0 , 0 , 0 , 0 , 0 , 11 , 100 , 0 
24-Aug-2005 11:52,200504,GATWICK,AUSTRIA,INNSBRUCK,AUSTRIAN AIRLINES,D,S, 0 , 0 , 0 , 0 , 0 , 0 , 0 , 0 , 0 , 0 , 11 , 90.9090909090909 , 2.81818181818182 
24-Aug-2005 11:52,200504,GATWICK,AUSTRIA,INNSBRUCK,BRITISH AIRWAYS PLC,A,C, 7 , 0 , 71.4285714285714 , 14.2857142857143 , 14.2857142857143 , 0 , 0 , 0 , 11.2857142857143 , 0 , 6 , 83.3333333333333 , 11.6666666666667 
24-Aug-2005 11:52,200504,GATWICK,AUSTRIA,INNSBRUCK,BRITISH AIRWAYS PLC,D,C, 5 , 0 , 80 , 20 , 0 , 0 , 0 , 0 , 8.6 , 0 , 4 , 75 , 13.5 
24-Aug-2005 11:52,200504,GATWICK,AUSTRIA,INNSBRUCK,FIRST CHOICE AIRWAYS LTD,A,C, 5 , 0 , 40 , 20 , 40 , 0 , 0 , 0 , 24.8 , 0 , 5 , 80 , 7.2 
24-Aug-2005 11:52,200504,GATWICK,AUSTRIA,INNSBRUCK,FIRST CHOICE AIRWAYS LTD,D,C, 4 , 0 , 50 , 25 , 0 , 25 , 0 , 0 , 29.25 , 0 , 4 , 25 , 22.25 
24-Aug-2005 11:52,200504,GATWICK,AUSTRIA,INNSBRUCK,HAMBURG INTERNATIONAL,A,C, 1 , 0 , 100 , 0 , 0 , 0 , 0 , 0 , 0 , 0 , 0 , 0 , 0 
24-Aug-2005 11:52,200504,GATWICK,AUSTRIA,INNSBRUCK,LAUDA-AIR,A,S, 12 , 0 , 75 , 8.33333333333333 , 8.33333333333333 , 8.33333333333333 , 0 , 0 , 18.25 , 0 , 0 , 0 , 0 
24-Aug-2005 11:52,200504,GATWICK,AUSTRIA,INNSBRUCK,LAUDA-AIR,D,S, 12 , 0 , 75 , 16.6666666666667 , 0 , 8.33333333333333 , 0 , 0 , 17.4166666666667 , 0 , 0 , 0 , 0 
24-Aug-2005 11:52,200504,GATWICK,AUSTRIA,INNSBRUCK,MONARCH AIRLINES,A,C, 5 , 0 , 20 , 0 , 0 , 40 , 20 , 20 , 208.2 , 0 , 5 , 100 , 2.4 
24-Aug-2005 11:52,200504,GATWICK,AUSTRIA,INNSBRUCK,MONARCH AIRLINES,D,C, 3 , 0 , 33.3333333333333 , 0 , 0 , 33.3333333333333 , 33.3333333333333 , 0 , 121.333333333333 , 0 , 4 , 100 , 3.25 
24-Aug-2005 11:52,200504,GATWICK,AUSTRIA,INNSBRUCK,THOMAS COOK AIRLINES LTD,A,C, 2 , 0 , 100 , 0 , 0 , 0 , 0 , 0 , 0 , 0 , 3 , 100 , 0 
24-Aug-2005 11:52,200504,GATWICK,AUSTRIA,INNSBRUCK,THOMAS COOK AIRLINES LTD,D,C, 1 , 0 , 100 , 0 , 0 , 0 , 0 , 0 , 11 , 0 , 2 , 100 , 1.5 
24-Aug-2005 11:52,200504,GATWICK,AUSTRIA,SALZBURG,ASTRAEUS LTD,A,C, 0 , 0 , 0 , 0 , 0 , 0 , 0 , 0 , 0 , 0 , 2 , 100 , 6 
24-Aug-2005 11:52,200504,GATWICK,AUSTRIA,SALZBURG,ASTRAEUS LTD,D,C, 0 , 0 , 0 , 0 , 0 , 0 , 0 , 0 , 0 , 0 , 1 , 0 , 68 
24-Aug-2005 11:52,200504,GATWICK,AUSTRIA,SALZBURG,BRITANNIA AIRWAYS AND THOMSONFLY,A,C, 4 , 0 , 100 , 0 , 0 , 0 , 0 , 0 , 0 , 0 , 4 , 100 , 0 
24-Aug-2005 11:52,200504,GATWICK,AUSTRIA,SALZBURG,BRITANNIA AIRWAYS AND THOMSONFLY,D,C, 3 , 0 , 66.6666666666667 , 33.3333333333333 , 0 , 0 , 0 , 0 , 10.6666666666667 , 0 , 3 , 33.3333333333333 , 15 
24-Aug-2005 11:52,200504,GATWICK,AUSTRIA,SALZBURG,BRITISH AIRWAYS PLC,A,C, 2 , 0 , 100 , 0 , 0 , 0 , 0 , 0 , 0 , 0 , 0 , 0 , 0 
24-Aug-2005 11:52,200504,GATWICK,AUSTRIA,SALZBURG,BRITISH AIRWAYS PLC,D,C, 1 , 0 , 100 , 0 , 0 , 0 , 0 , 0 , 11 , 0 , 0 , 0 , 0 
24-Aug-2005 11:52,200504,GATWICK,AUSTRIA,SALZBURG,FIRST CHOICE AIRWAYS LTD,A,C, 1 , 0 , 100 , 0 , 0 , 0 , 0 , 0 , 0 , 0 , 2 , 100 , 2.5 
24-Aug-2005 11:52,200504,GATWICK,AUSTRIA,SALZBURG,FIRST CHOICE AIRWAYS LTD,D,C, 1 , 0 , 0 , 100 , 0 , 0 , 0 , 0 , 27 , 0 , 1 , 0 , 33 
24-Aug-2005 11:52,200504,GATWICK,AUSTRIA,SALZBURG,HAMBURG INTERNATIONAL,A,C, 1 , 0 , 100 , 0 , 0 , 0 , 0 , 0 , 10 , 0 , 0 , 0 , 0 
24-Aug-2005 11:52,200504,GATWICK,AUSTRIA,SALZBURG,MONARCH AIRLINES,A,C, 0 , 0 , 0 , 0 , 0 , 0 , 0 , 0 , 0 , 0 , 1 , 100 , 0 
24-Aug-2005 11:52,200504,GATWICK,AUSTRIA,SALZBURG,MY TRAVEL AIRWAYS UK,A,C, 1 , 0 , 100 , 0 , 0 , 0 , 0 , 0 , 4 , 0 , 1 , 100 , 1 
24-Aug-2005 11:52,200504,GATWICK,AUSTRIA,SALZBURG,THOMAS COOK AIRLINES LTD,A,C, 2 , 0 , 100 , 0 , 0 , 0 , 0 , 0 , 0 , 0 , 0 , 0 , 0 
24-Aug-2005 11:52,200504,GATWICK,AUSTRIA,VIENNA,MONARCH AIRLINES,A,C, 2 , 0 , 0 , 0 , 50 , 50 , 0 , 0 , 60 , 0 , 0 , 0 , 0 
24-Aug-2005 11:52,200504,GATWICK,AUSTRIA,VIENNA,MONARCH AIRLINES,D,C, 2 , 0 , 50 , 50 , 0 , 0 , 0 , 0 , 13 , 0 , 0 , 0 , 0 
24-Aug-2005 11:52,200504,GATWICK,AZERBAIJAN,BAKU ( HEYDER ALIYEV INT'L ),AZERBAIJAN AIRLINES ( AZAL ),A,S, 13 , 0 , 100 , 0 , 0 , 0 , 0 , 0 , 3.92307692307692 , 0 , 9 , 66.6666666666667 , 9.88888888888889 
24-Aug-2005 11:52,200504,GATWICK,AZERBAIJAN,BAKU ( HEYDER ALIYEV INT'L ),AZERBAIJAN AIRLINES ( AZAL ),D,S, 13 , 0 , 92.3076923076923 , 7.69230769230769 , 0 , 0 , 0 , 0 , 2.30769230769231 , 0 , 9 , 100 , 5 
24-Aug-2005 11:52,200504,GATWICK,BAHRAIN,BAHRAIN,FIRST CHOICE AIRWAYS LTD,A,C, 1 , 0 , 0 , 0 , 0 , 100 , 0 , 0 , 62 , 0 , 0 , 0 , 0 
24-Aug-2005 11:52,200504,GATWICK,BAHRAIN,BAHRAIN,MY TRAVEL AIRWAYS UK,A,C, 0 , 0 , 0 , 0 , 0 , 0 , 0 , 0 , 0 , 0 , 1 , 0 , 60 
24-Aug-2005 11:52,200504,GATWICK,BARBADOS,BRIDGETOWN,BRITANNIA AIRWAYS AND THOMSONFLY,A,C, 3 , 0 , 66.6666666666667 , 0 , 0 , 33.3333333333333 , 0 , 0 , 23 , 0 , 4 , 75 , 22.5 
24-Aug-2005 11:52,200504,GATWICK,BARBADOS,BRIDGETOWN,BRITANNIA AIRWAYS AND THOMSONFLY,D,C, 2 , 0 , 50 , 0 , 50 , 0 , 0 , 0 , 29.5 , 0 , 4 , 100 , 1.25 
24-Aug-2005 11:52,200504,GATWICK,BARBADOS,BRIDGETOWN,BRITISH AIRWAYS PLC,A,S, 34 , 0 , 82.3529411764706 , 14.7058823529412 , 0 , 2.94117647058824 , 0 , 0 , 9 , 0 , 42 , 83.3333333333333 , 8.04761904761905 
24-Aug-2005 11:52,200504,GATWICK,BARBADOS,BRIDGETOWN,BRITISH AIRWAYS PLC,D,S, 35 , 0 , 80 , 14.2857142857143 , 5.71428571428571 , 0 , 0 , 0 , 8.17142857142857 , 0 , 42 , 80.9523809523809 , 8.88095238095238 
24-Aug-2005 11:52,200504,GATWICK,BARBADOS,BRIDGETOWN,EXCEL AIRWAYS LTD,A,C, 5 , 0 , 20 , 0 , 40 , 40 , 0 , 0 , 75.8 , 0 , 5 , 40 , 23.8 
24-Aug-2005 11:52,200504,GATWICK,BARBADOS,BRIDGETOWN,EXCEL AIRWAYS LTD,D,C, 5 , 0 , 80 , 20 , 0 , 0 , 0 , 0 , 5.6 , 0 , 5 , 80 , 5.4 
24-Aug-2005 11:52,200504,GATWICK,BARBADOS,BRIDGETOWN,MONARCH AIRLINES,A,C, 1 , 0 , 0 , 0 , 0 , 100 , 0 , 0 , 131 , 0 , 2 , 0 , 127.5 
24-Aug-2005 11:52,200504,GATWICK,BARBADOS,BRIDGETOWN,MONARCH AIRLINES,D,C, 1 , 0 , 0 , 0 , 100 , 0 , 0 , 0 , 33 , 0 , 2 , 0 , 54.5 
24-Aug-2005 11:52,200504,GATWICK,BARBADOS,BRIDGETOWN,THOMAS COOK AIRLINES LTD,A,C, 4 , 0 , 75 , 0 , 0 , 25 , 0 , 0 , 21 , 0 , 5 , 80 , 45 
24-Aug-2005 11:52,200504,GATWICK,BARBADOS,BRIDGETOWN,THOMAS COOK AIRLINES LTD,D,C, 4 , 0 , 0 , 75 , 25 , 0 , 0 , 0 , 29.75 , 0 , 5 , 80 , 56.2 
24-Aug-2005 11:52,200504,GATWICK,BARBADOS,BRIDGETOWN,VIRGIN ATLANTIC AIRWAYS LTD,A,S, 25 , 1 , 92 , 4 , 0 , 4 , 0 , 0 , 7.36 , 1 , 27 , 85.1851851851852 , 6.77777777777778 
24-Aug-2005 11:52,200504,GATWICK,BARBADOS,BRIDGETOWN,VIRGIN ATLANTIC AIRWAYS LTD,D,S, 26 , 0 , 80.7692307692308 , 15.3846153846154 , 3.84615384615385 , 0 , 0 , 0 , 7.53846153846154 , 1 , 27 , 66.6666666666667 , 15.7407407407407 
24-Aug-2005 11:52,200504,GATWICK,BELARUS,MINSK,BELAVIA (BELARUSSIAN AIRLINES),A,S, 8 , 0 , 87.5 , 12.5 , 0 , 0 , 0 , 0 , 5.75 , 0 , 8 , 62.5 , 13 
24-Aug-2005 11:52,200504,GATWICK,BELARUS,MINSK,BELAVIA (BELARUSSIAN AIRLINES),D,S, 8 , 0 , 87.5 , 12.5 , 0 , 0 , 0 , 0 , 8.125 , 0 , 8 , 62.5 , 10.375 
24-Aug-2005 11:52,200504,GATWICK,BELGIUM,BRUSSELS,SN BRUSSELS AIRLINES,A,S, 39 , 0 , 84.6153846153846 , 10.2564102564103 , 2.56410256410256 , 2.56410256410256 , 0 , 0 , 9.69230769230769 , 6 , 43 , 83.7209302325581 , 7.25581395348837 
24-Aug-2005 11:52,200504,GATWICK,BELGIUM,BRUSSELS,SN BRUSSELS AIRLINES,D,S, 39 , 0 , 69.2307692307692 , 17.9487179487179 , 5.12820512820513 , 7.69230769230769 , 0 , 0 , 12.8717948717949 , 5 , 43 , 79.0697674418605 , 9 
24-Aug-2005 11:52,200504,GATWICK,BERMUDA,BERMUDA,BRITANNIA AIRWAYS AND THOMSONFLY,A,C, 1 , 0 , 100 , 0 , 0 , 0 , 0 , 0 , 10 , 0 , 0 , 0 , 0 
24-Aug-2005 11:52,200504,GATWICK,BERMUDA,BERMUDA,BRITANNIA AIRWAYS AND THOMSONFLY,D,C, 1 , 0 , 100 , 0 , 0 , 0 , 0 , 0 , 1 , 0 , 0 , 0 , 0 
24-Aug-2005 11:52,200504,GATWICK,BERMUDA,BERMUDA,BRITISH AIRWAYS PLC,A,S, 21 , 0 , 85.7142857142857 , 9.52380952380952 , 4.76190476190476 , 0 , 0 , 0 , 6.76190476190476 , 0 , 17 , 94.1176470588235 , 2 
24-Aug-2005 11:52,200504,GATWICK,BERMUDA,BERMUDA,BRITISH AIRWAYS PLC,D,S, 21 , 0 , 95.2380952380952 , 0 , 0 , 4.76190476190476 , 0 , 0 , 7.14285714285714 , 0 , 17 , 94.1176470588235 , 4.76470588235294 
24-Aug-2005 11:52,200504,GATWICK,BULGARIA,BURGAS,BH AIR,D,C, 0 , 0 , 0 , 0 , 0 , 0 , 0 , 0 , 0 , 0 , 1 , 100 , 0 
24-Aug-2005 11:52,200504,GATWICK,BULGARIA,PLOVDIV,BH AIR,A,C, 1 , 0 , 0 , 0 , 100 , 0 , 0 , 0 , 56 , 0 , 2 , 50 , 11 
24-Aug-2005 11:52,200504,GATWICK,BULGARIA,PLOVDIV,BH AIR,D,C, 1 , 0 , 0 , 0 , 100 , 0 , 0 , 0 , 38 , 0 , 2 , 50 , 29 
24-Aug-2005 11:52,200504,GATWICK,BULGARIA,SOFIA,BH AIR,A,C, 1 , 0 , 100 , 0 , 0 , 0 , 0 , 0 , 0 , 0 , 0 , 0 , 0 
24-Aug-2005 11:52,200504,GATWICK,BULGARIA,SOFIA,BH AIR,D,C, 1 , 0 , 100 , 0 , 0 , 0 , 0 , 0 , 0 , 0 , 0 , 0 , 0 
24-Aug-2005 11:52,200504,GATWICK,BULGARIA,SOFIA,BULGARIA AIR,A,S, 30 , 0 , 90 , 6.66666666666667 , 3.33333333333333 , 0 , 0 , 0 , 5.6 , 0 , 29 , 96.551724137931 , 1.58620689655172 
24-Aug-2005 11:52,200504,GATWICK,BULGARIA,SOFIA,BULGARIA AIR,D,S, 30 , 0 , 76.6666666666667 , 3.33333333333333 , 16.6666666666667 , 3.33333333333333 , 0 , 0 , 10.4 , 0 , 29 , 89.6551724137931 , 6.41379310344828 
24-Aug-2005 11:52,200504,GATWICK,CANADA,CALGARY,MONARCH AIRLINES,A,C, 4 , 0 , 75 , 0 , 0 , 0 , 0 , 25 , 117.25 , 0 , 6 , 66.6666666666667 , 11.6666666666667 
24-Aug-2005 11:52,200504,GATWICK,CANADA,CALGARY,MONARCH AIRLINES,D,C, 3 , 0 , 33.3333333333333 , 0 , 33.3333333333333 , 0 , 0 , 33.3333333333333 , 183.333333333333 , 0 , 5 , 60 , 26.8 
24-Aug-2005 11:52,200504,GATWICK,CANADA,CALGARY,MY TRAVEL AIRWAYS UK,D,C, 1 , 0 , 100 , 0 , 0 , 0 , 0 , 0 , 8 , 0 , 0 , 0 , 0 
24-Aug-2005 11:52,200504,GATWICK,CANADA,DEER LAKE (NEWFOUNDLAND),ASTRAEUS LTD,A,C, 1 , 0 , 100 , 0 , 0 , 0 , 0 , 0 , 0 , 0 , 0 , 0 , 0 
24-Aug-2005 11:52,200504,GATWICK,CANADA,DEER LAKE (NEWFOUNDLAND),ASTRAEUS LTD,D,C, 1 , 0 , 0 , 100 , 0 , 0 , 0 , 0 , 20 , 0 , 0 , 0 , 0 
24-Aug-2005 11:52,200504,GATWICK,CANADA,OTTAWA INTERNATIONAL,ZOOM AIRLINES,A,S, 4 , 0 , 100 , 0 , 0 , 0 , 0 , 0 , 2 , 0 , 0 , 0 , 0 
24-Aug-2005 11:52,200504,GATWICK,CANADA,OTTAWA INTERNATIONAL,ZOOM AIRLINES,D,S, 4 , 0 , 100 , 0 , 0 , 0 , 0 , 0 , 0 , 0 , 0 , 0 , 0 
24-Aug-2005 11:52,200504,GATWICK,CANADA,TORONTO,AIR TRANSAT,A,S, 21 , 0 , 80.9523809523809 , 9.52380952380952 , 4.76190476190476 , 0 , 4.76190476190476 , 0 , 14.9047619047619 , 0 , 13 , 61.5384615384615 , 10.7692307692308 
24-Aug-2005 11:52,200504,GATWICK,CANADA,TORONTO,AIR TRANSAT,D,S, 21 , 0 , 80.9523809523809 , 14.2857142857143 , 0 , 0 , 4.76190476190476 , 0 , 14.8095238095238 , 0 , 13 , 46.1538461538462 , 23.0769230769231 
24-Aug-2005 11:52,200504,GATWICK,CANADA,TORONTO,MY TRAVEL AIRWAYS UK,A,C, 4 , 0 , 75 , 0 , 25 , 0 , 0 , 0 , 9.75 , 0 , 0 , 0 , 0 
24-Aug-2005 11:52,200504,GATWICK,CANADA,TORONTO,MY TRAVEL AIRWAYS UK,D,C, 4 , 0 , 25 , 25 , 25 , 25 , 0 , 0 , 49 , 0 , 0 , 0 , 0 
24-Aug-2005 11:52,200504,GATWICK,CANADA,TORONTO,THOMAS COOK AIRLINES LTD,A,S, 0 , 0 , 0 , 0 , 0 , 0 , 0 , 0 , 0 , 0 , 2 , 100 , 0 
24-Aug-2005 11:52,200504,GATWICK,CANADA,TORONTO,THOMAS COOK AIRLINES LTD,D,S, 0 , 0 , 0 , 0 , 0 , 0 , 0 , 0 , 0 , 0 , 2 , 100 , 0 
24-Aug-2005 11:52,200504,GATWICK,CANADA,TORONTO,ZOOM AIRLINES,A,S, 9 , 0 , 44.4444444444444 , 55.5555555555556 , 0 , 0 , 0 , 0 , 13 , 0 , 0 , 0 , 0 
24-Aug-2005 11:52,200504,GATWICK,CANADA,TORONTO,ZOOM AIRLINES,D,S, 9 , 0 , 44.4444444444444 , 44.4444444444444 , 11.1111111111111 , 0 , 0 , 0 , 21.2222222222222 , 0 , 0 , 0 , 0 
24-Aug-2005 11:52,200504,GATWICK,CANADA,VANCOUVER,AIR TRANSAT,A,S, 0 , 0 , 0 , 0 , 0 , 0 , 0 , 0 , 0 , 0 , 1 , 0 , 18 
24-Aug-2005 11:52,200504,GATWICK,CANADA,VANCOUVER,AIR TRANSAT,D,S, 0 , 0 , 0 , 0 , 0 , 0 , 0 , 0 , 0 , 0 , 1 , 0 , 23 
24-Aug-2005 11:52,200504,GATWICK,CANADA,VANCOUVER,MY TRAVEL AIRWAYS UK,A,C, 2 , 0 , 0 , 50 , 50 , 0 , 0 , 0 , 37.5 , 0 , 1 , 0 , 23 
24-Aug-2005 11:52,200504,GATWICK,CANADA,VANCOUVER,MY TRAVEL AIRWAYS UK,D,C, 1 , 0 , 0 , 100 , 0 , 0 , 0 , 0 , 18 , 0 , 1 , 0 , 16 
24-Aug-2005 11:52,200504,GATWICK,CANADA,VANCOUVER,THOMAS COOK AIRLINES LTD,A,S, 4 , 0 , 25 , 0 , 50 , 25 , 0 , 0 , 39 , 0 , 1 , 100 , 0 
24-Aug-2005 11:52,200504,GATWICK,CANADA,VANCOUVER,THOMAS COOK AIRLINES LTD,D,S, 5 , 0 , 20 , 20 , 40 , 20 , 0 , 0 , 40.6 , 0 , 2 , 50 , 29 
24-Aug-2005 11:52,200504,GATWICK,CANADA,VANCOUVER,ZOOM AIRLINES,A,S, 13 , 0 , 76.9230769230769 , 15.3846153846154 , 7.69230769230769 , 0 , 0 , 0 , 9.53846153846154 , 0 , 0 , 0 , 0 
24-Aug-2005 11:52,200504,GATWICK,CANADA,VANCOUVER,ZOOM AIRLINES,D,S, 13 , 0 , 92.3076923076923 , 0 , 7.69230769230769 , 0 , 0 , 0 , 4.23076923076923 , 0 , 0 , 0 , 0 
24-Aug-2005 11:52,200504,GATWICK,CHAD,NDJAMENA,ABELAG AVIATION,A,C, 0 , 1 , 0 , 0 , 0 , 0 , 0 , 0 , 0 , 0 , 0 , 0 , 0 
24-Aug-2005 11:52,200504,GATWICK,CHINA,BEIJING,BRITANNIA AIRWAYS AND THOMSONFLY,D,C, 1 , 0 , 100 , 0 , 0 , 0 , 0 , 0 , 4 , 0 , 0 , 0 , 0 
24-Aug-2005 11:52,200504,GATWICK,CROATIA,DUBROVNIK,BRITISH AIRWAYS PLC,A,S, 30 , 0 , 83.3333333333333 , 13.3333333333333 , 3.33333333333333 , 0 , 0 , 0 , 7.16666666666667 , 0 , 12 , 83.3333333333333 , 13.0833333333333 
24-Aug-2005 11:52,200504,GATWICK,CROATIA,DUBROVNIK,BRITISH AIRWAYS PLC,D,S, 30 , 0 , 80 , 16.6666666666667 , 3.33333333333333 , 0 , 0 , 0 , 8.16666666666667 , 0 , 12 , 100 , 4.33333333333333 
24-Aug-2005 11:52,200504,GATWICK,CROATIA,DUBROVNIK,CROATIA AIRLINES,A,S, 5 , 1 , 60 , 0 , 20 , 20 , 0 , 0 , 32.2 , 0 , 9 , 66.6666666666667 , 12.1111111111111 
24-Aug-2005 11:52,200504,GATWICK,CROATIA,DUBROVNIK,CROATIA AIRLINES,D,S, 8 , 0 , 62.5 , 12.5 , 12.5 , 12.5 , 0 , 0 , 23.75 , 0 , 9 , 66.6666666666667 , 10.8888888888889 
24-Aug-2005 11:52,200504,GATWICK,CROATIA,DUBROVNIK,EXCEL AIRWAYS LTD,A,C, 0 , 0 , 0 , 0 , 0 , 0 , 0 , 0 , 0 , 0 , 1 , 100 , 0 
24-Aug-2005 11:52,200504,GATWICK,CROATIA,PULA,EXCEL AIRWAYS LTD,A,C, 2 , 0 , 50 , 50 , 0 , 0 , 0 , 0 , 9.5 , 0 , 0 , 0 , 0 
24-Aug-2005 11:52,200504,GATWICK,CROATIA,PULA,EXCEL AIRWAYS LTD,D,C, 3 , 0 , 66.6666666666667 , 0 , 33.3333333333333 , 0 , 0 , 0 , 13 , 0 , 0 , 0 , 0 
24-Aug-2005 11:52,200504,GATWICK,CROATIA,SPLIT,BRITISH AIRWAYS PLC,A,S, 12 , 0 , 100 , 0 , 0 , 0 , 0 , 0 , 0.916666666666667 , 0 , 0 , 0 , 0 
24-Aug-2005 11:52,200504,GATWICK,CROATIA,SPLIT,BRITISH AIRWAYS PLC,D,S, 12 , 0 , 75 , 16.6666666666667 , 8.33333333333333 , 0 , 0 , 0 , 7.5 , 0 , 0 , 0 , 0 
24-Aug-2005 11:52,200504,GATWICK,CROATIA,SPLIT,CROATIA AIRLINES,A,S, 10 , 0 , 70 , 10 , 0 , 10 , 10 , 0 , 33.6 , 1 , 13 , 84.6153846153846 , 6 
24-Aug-2005 11:52,200504,GATWICK,CROATIA,SPLIT,CROATIA AIRLINES,D,S, 11 , 0 , 63.6363636363636 , 9.09090909090909 , 9.09090909090909 , 0 , 18.1818181818182 , 0 , 50.6363636363636 , 1 , 13 , 84.6153846153846 , 6.69230769230769 
24-Aug-2005 11:52,200504,GATWICK,CUBA,CUNAGUA ( CAYO COCO),THOMAS COOK AIRLINES LTD,A,C, 2 , 2 , 50 , 0 , 50 , 0 , 0 , 0 , 28.5 , 0 , 5 , 0 , 76.4 
24-Aug-2005 11:52,200504,GATWICK,CUBA,CUNAGUA ( CAYO COCO),THOMAS COOK AIRLINES LTD,D,C, 4 , 0 , 75 , 0 , 0 , 25 , 0 , 0 , 29.25 , 0 , 4 , 25 , 78.5 
24-Aug-2005 11:52,200504,GATWICK,CUBA,HAVANA,AIR ZIMBABWE,A,S, 0 , 1 , 0 , 0 , 0 , 0 , 0 , 0 , 0 , 1 , 0 , 0 , 0 
24-Aug-2005 11:52,200504,GATWICK,CUBA,HAVANA,AIR ZIMBABWE,D,S, 0 , 1 , 0 , 0 , 0 , 0 , 0 , 0 , 0 , 1 , 0 , 0 , 0 
24-Aug-2005 11:52,200504,GATWICK,CUBA,HAVANA,CUBANA,A,S, 9 , 0 , 77.7777777777778 , 0 , 11.1111111111111 , 11.1111111111111 , 0 , 0 , 12.5555555555556 , 0 , 5 , 80 , 13.6 
24-Aug-2005 11:52,200504,GATWICK,CUBA,HAVANA,CUBANA,D,S, 9 , 0 , 11.1111111111111 , 33.3333333333333 , 11.1111111111111 , 33.3333333333333 , 11.1111111111111 , 0 , 80.8888888888889 , 0 , 5 , 100 , 5.4 
24-Aug-2005 11:52,200504,GATWICK,CUBA,HOLGUIN (FRANK PAIS),FIRST CHOICE AIRWAYS LTD,A,C, 4 , 0 , 0 , 0 , 0 , 50 , 25 , 25 , 419.75 , 0 , 0 , 0 , 0 
24-Aug-2005 11:52,200504,GATWICK,CUBA,HOLGUIN (FRANK PAIS),FIRST CHOICE AIRWAYS LTD,D,C, 4 , 0 , 0 , 0 , 25 , 25 , 25 , 25 , 195.75 , 0 , 0 , 0 , 0 
24-Aug-2005 11:52,200504,GATWICK,CUBA,HOLGUIN (FRANK PAIS),MONARCH AIRLINES,D,C, 0 , 0 , 0 , 0 , 0 , 0 , 0 , 0 , 0 , 0 , 4 , 100 , 8.5 
24-Aug-2005 11:52,200504,GATWICK,CUBA,HOLGUIN (FRANK PAIS),THOMAS COOK AIRLINES LTD,D,C, 4 , 0 , 100 , 0 , 0 , 0 , 0 , 0 , 3 , 0 , 0 , 0 , 0 
24-Aug-2005 11:52,200504,GATWICK,CUBA,VARADERO,BRITANNIA AIRWAYS AND THOMSONFLY,A,C, 4 , 0 , 75 , 0 , 0 , 25 , 0 , 0 , 22.5 , 0 , 0 , 0 , 0 
24-Aug-2005 11:52,200504,GATWICK,CUBA,VARADERO,BRITANNIA AIRWAYS AND THOMSONFLY,D,C, 4 , 0 , 100 , 0 , 0 , 0 , 0 , 0 , 3.75 , 0 , 0 , 0 , 0 
24-Aug-2005 11:52,200504,GATWICK,CUBA,VARADERO,MONARCH AIRLINES,A,C, 0 , 0 , 0 , 0 , 0 , 0 , 0 , 0 , 0 , 0 , 3 , 100 , 4 
24-Aug-2005 11:52,200504,GATWICK,CUBA,VARADERO,THOMAS COOK AIRLINES LTD,A,C, 5 , 0 , 20 , 0 , 80 , 0 , 0 , 0 , 33 , 0 , 0 , 0 , 0 
24-Aug-2005 11:52,200504,GATWICK,CYPRUS,LARNACA,BRITANNIA AIRWAYS AND THOMSONFLY,A,C, 0 , 0 , 0 , 0 , 0 , 0 , 0 , 0 , 0 , 0 , 3 , 100 , 0 
24-Aug-2005 11:52,200504,GATWICK,CYPRUS,LARNACA,BRITANNIA AIRWAYS AND THOMSONFLY,D,C, 0 , 0 , 0 , 0 , 0 , 0 , 0 , 0 , 0 , 0 , 4 , 75 , 42.5 
24-Aug-2005 11:52,200504,GATWICK,CYPRUS,LARNACA,EUROCYPRIA AIRLINES LTD,A,C, 7 , 0 , 57.1428571428571 , 28.5714285714286 , 14.2857142857143 , 0 , 0 , 0 , 11.5714285714286 , 0 , 4 , 100 , 8.75 
24-Aug-2005 11:52,200504,GATWICK,CYPRUS,LARNACA,EUROCYPRIA AIRLINES LTD,D,C, 8 , 0 , 62.5 , 0 , 37.5 , 0 , 0 , 0 , 17.875 , 0 , 4 , 100 , 4.25 
24-Aug-2005 11:52,200504,GATWICK,CYPRUS,LARNACA,EXCEL AIRWAYS LTD,A,C, 0 , 0 , 0 , 0 , 0 , 0 , 0 , 0 , 0 , 0 , 6 , 100 , 0 
24-Aug-2005 11:52,200504,GATWICK,CYPRUS,LARNACA,EXCEL AIRWAYS LTD,D,C, 0 , 0 , 0 , 0 , 0 , 0 , 0 , 0 , 0 , 0 , 9 , 88.8888888888889 , 2.44444444444444 
24-Aug-2005 11:52,200504,GATWICK,CYPRUS,LARNACA,FIRST CHOICE AIRWAYS LTD,A,S, 8 , 0 , 87.5 , 12.5 , 0 , 0 , 0 , 0 , 5.375 , 0 , 8 , 75 , 26.875 
24-Aug-2005 11:52,200504,GATWICK,CYPRUS,LARNACA,FIRST CHOICE AIRWAYS LTD,D,S, 8 , 0 , 100 , 0 , 0 , 0 , 0 , 0 , 4.125 , 0 , 8 , 100 , 2.75 
24-Aug-2005 11:52,200504,GATWICK,CYPRUS,LARNACA,HELIOS AIRWAYS LTD,D,S, 5 , 0 , 0 , 80 , 20 , 0 , 0 , 0 , 24 , 0 , 0 , 0 , 0 
24-Aug-2005 11:52,200504,GATWICK,CYPRUS,LARNACA,MONARCH AIRLINES,D,C, 0 , 0 , 0 , 0 , 0 , 0 , 0 , 0 , 0 , 0 , 1 , 0 , 52 
24-Aug-2005 11:52,200504,GATWICK,CYPRUS,LARNACA,MY TRAVEL AIRWAYS UK,A,C, 4 , 0 , 50 , 0 , 50 , 0 , 0 , 0 , 23.5 , 0 , 4 , 25 , 31.25 
24-Aug-2005 11:52,200504,GATWICK,CYPRUS,LARNACA,MY TRAVEL AIRWAYS UK,D,C, 4 , 0 , 75 , 0 , 0 , 25 , 0 , 0 , 17.75 , 0 , 4 , 100 , 8 
24-Aug-2005 11:52,200504,GATWICK,CYPRUS,LARNACA,THOMAS COOK AIRLINES LTD,A,C, 8 , 0 , 50 , 25 , 25 , 0 , 0 , 0 , 19 , 0 , 11 , 63.6363636363636 , 25.1818181818182 
24-Aug-2005 11:52,200504,GATWICK,CYPRUS,LARNACA,THOMAS COOK AIRLINES LTD,D,C, 8 , 0 , 75 , 0 , 25 , 0 , 0 , 0 , 11.625 , 0 , 12 , 91.6666666666667 , 6.83333333333333 
24-Aug-2005 11:52,200504,GATWICK,CYPRUS,PAPHOS,BRITANNIA AIRWAYS AND THOMSONFLY,A,C, 9 , 0 , 66.6666666666667 , 11.1111111111111 , 0 , 22.2222222222222 , 0 , 0 , 21.1111111111111 , 0 , 11 , 63.6363636363636 , 50.5454545454545 
24-Aug-2005 11:52,200504,GATWICK,CYPRUS,PAPHOS,BRITANNIA AIRWAYS AND THOMSONFLY,D,C, 9 , 0 , 66.6666666666667 , 11.1111111111111 , 0 , 22.2222222222222 , 0 , 0 , 21.5555555555556 , 0 , 12 , 75 , 41.75 
24-Aug-2005 11:52,200504,GATWICK,CYPRUS,PAPHOS,EUROCYPRIA AIRLINES LTD,A,C, 7 , 0 , 71.4285714285714 , 28.5714285714286 , 0 , 0 , 0 , 0 , 7.42857142857143 , 0 , 8 , 87.5 , 5.875 
24-Aug-2005 11:52,200504,GATWICK,CYPRUS,PAPHOS,EUROCYPRIA AIRLINES LTD,D,C, 6 , 0 , 50 , 16.6666666666667 , 33.3333333333333 , 0 , 0 , 0 , 26 , 0 , 9 , 44.4444444444444 , 34.8888888888889 
24-Aug-2005 11:52,200504,GATWICK,CYPRUS,PAPHOS,EXCEL AIRWAYS LTD,A,C, 3 , 0 , 100 , 0 , 0 , 0 , 0 , 0 , 5 , 0 , 13 , 61.5384615384615 , 27 
24-Aug-2005 11:52,200504,GATWICK,CYPRUS,PAPHOS,EXCEL AIRWAYS LTD,D,C, 3 , 0 , 100 , 0 , 0 , 0 , 0 , 0 , 5.33333333333333 , 0 , 12 , 58.3333333333333 , 66.5 
24-Aug-2005 11:52,200504,GATWICK,CYPRUS,PAPHOS,FIRST CHOICE AIRWAYS LTD,A,C, 3 , 0 , 100 , 0 , 0 , 0 , 0 , 0 , 0 , 0 , 0 , 0 , 0 
24-Aug-2005 11:52,200504,GATWICK,CYPRUS,PAPHOS,FIRST CHOICE AIRWAYS LTD,A,S, 9 , 0 , 88.8888888888889 , 11.1111111111111 , 0 , 0 , 0 , 0 , 3.11111111111111 , 0 , 12 , 100 , 1.41666666666667 
24-Aug-2005 11:52,200504,GATWICK,CYPRUS,PAPHOS,FIRST CHOICE AIRWAYS LTD,D,C, 3 , 0 , 100 , 0 , 0 , 0 , 0 , 0 , 8.33333333333333 , 0 , 0 , 0 , 0 
24-Aug-2005 11:52,200504,GATWICK,CYPRUS,PAPHOS,FIRST CHOICE AIRWAYS LTD,D,S, 9 , 0 , 100 , 0 , 0 , 0 , 0 , 0 , 4.66666666666667 , 0 , 12 , 83.3333333333333 , 8.91666666666667 
24-Aug-2005 11:52,200504,GATWICK,CYPRUS,PAPHOS,GB AIRWAYS LTD,A,S, 23 , 0 , 65.2173913043478 , 8.69565217391304 , 13.0434782608696 , 13.0434782608696 , 0 , 0 , 21.8260869565217 , 0 , 13 , 76.9230769230769 , 10.5384615384615 
24-Aug-2005 11:52,200504,GATWICK,CYPRUS,PAPHOS,GB AIRWAYS LTD,D,S, 22 , 0 , 68.1818181818182 , 9.09090909090909 , 9.09090909090909 , 13.6363636363636 , 0 , 0 , 25.3636363636364 , 0 , 13 , 84.6153846153846 , 9.53846153846154 
24-Aug-2005 11:52,200504,GATWICK,CYPRUS,PAPHOS,HELIOS AIRWAYS LTD,A,S, 5 , 0 , 80 , 20 , 0 , 0 , 0 , 0 , 10 , 0 , 9 , 77.7777777777778 , 12.1111111111111 
24-Aug-2005 11:52,200504,GATWICK,CYPRUS,PAPHOS,HELIOS AIRWAYS LTD,D,S, 0 , 0 , 0 , 0 , 0 , 0 , 0 , 0 , 0 , 0 , 9 , 44.4444444444444 , 34.5555555555556 
24-Aug-2005 11:52,200504,GATWICK,CYPRUS,PAPHOS,MONARCH AIRLINES,A,C, 0 , 0 , 0 , 0 , 0 , 0 , 0 , 0 , 0 , 0 , 1 , 0 , 257 
24-Aug-2005 11:52,200504,GATWICK,CYPRUS,PAPHOS,MONARCH AIRLINES,D,C, 0 , 0 , 0 , 0 , 0 , 0 , 0 , 0 , 0 , 0 , 1 , 0 , 246 
24-Aug-2005 11:52,200504,GATWICK,CYPRUS,PAPHOS,MY TRAVEL AIRWAYS UK,A,C, 0 , 0 , 0 , 0 , 0 , 0 , 0 , 0 , 0 , 0 , 4 , 75 , 17.75 
24-Aug-2005 11:52,200504,GATWICK,CYPRUS,PAPHOS,MY TRAVEL AIRWAYS UK,D,C, 0 , 0 , 0 , 0 , 0 , 0 , 0 , 0 , 0 , 0 , 4 , 100 , 0 
24-Aug-2005 11:52,200504,GATWICK,CYPRUS,PAPHOS,THOMAS COOK AIRLINES LTD,A,C, 8 , 0 , 75 , 25 , 0 , 0 , 0 , 0 , 9.75 , 0 , 8 , 100 , 0.375 
24-Aug-2005 11:52,200504,GATWICK,CYPRUS,PAPHOS,THOMAS COOK AIRLINES LTD,D,C, 8 , 0 , 87.5 , 12.5 , 0 , 0 , 0 , 0 , 7.625 , 0 , 8 , 87.5 , 3.875 
24-Aug-2005 11:52,200504,GATWICK,CZECH REPUBLIC,PRAGUE,BMIBABY LTD,A,S, 0 , 0 , 0 , 0 , 0 , 0 , 0 , 0 , 0 , 0 , 1 , 0 , 20 
24-Aug-2005 11:52,200504,GATWICK,CZECH REPUBLIC,PRAGUE,BMIBABY LTD,D,S, 0 , 0 , 0 , 0 , 0 , 0 , 0 , 0 , 0 , 0 , 1 , 0 , 70 
24-Aug-2005 11:52,200504,GATWICK,CZECH REPUBLIC,PRAGUE,BRITISH AIRWAYS PLC,A,S, 30 , 0 , 80 , 0 , 13.3333333333333 , 6.66666666666667 , 0 , 0 , 14.2666666666667 , 0 , 26 , 80.7692307692308 , 7.11538461538462 
24-Aug-2005 11:52,200504,GATWICK,CZECH REPUBLIC,PRAGUE,BRITISH AIRWAYS PLC,D,S, 30 , 0 , 80 , 0 , 16.6666666666667 , 3.33333333333333 , 0 , 0 , 12.9666666666667 , 0 , 26 , 84.6153846153846 , 8.19230769230769 
24-Aug-2005 11:52,200504,GATWICK,CZECH REPUBLIC,PRAGUE,CSA,A,C, 1 , 0 , 100 , 0 , 0 , 0 , 0 , 0 , 13 , 0 , 0 , 0 , 0 
24-Aug-2005 11:52,200504,GATWICK,CZECH REPUBLIC,PRAGUE,CSA,A,S, 55 , 0 , 80 , 14.5454545454545 , 3.63636363636364 , 1.81818181818182 , 0 , 0 , 8.69090909090909 , 0 , 0 , 0 , 0 
24-Aug-2005 11:52,200504,GATWICK,CZECH REPUBLIC,PRAGUE,CSA,D,C, 1 , 0 , 100 , 0 , 0 , 0 , 0 , 0 , 1 , 0 , 0 , 0 , 0 
24-Aug-2005 11:52,200504,GATWICK,CZECH REPUBLIC,PRAGUE,CSA,D,S, 55 , 0 , 76.3636363636364 , 18.1818181818182 , 3.63636363636364 , 1.81818181818182 , 0 , 0 , 8.94545454545455 , 0 , 0 , 0 , 0 
24-Aug-2005 11:52,200504,GATWICK,CZECH REPUBLIC,PRAGUE,EASYJET AIRLINE COMPANY LTD,A,S, 60 , 0 , 73.3333333333333 , 18.3333333333333 , 8.33333333333333 , 0 , 0 , 0 , 10.25 , 0 , 8 , 75 , 21.875 
24-Aug-2005 11:52,200504,GATWICK,CZECH REPUBLIC,PRAGUE,EASYJET AIRLINE COMPANY LTD,D,S, 60 , 0 , 63.3333333333333 , 21.6666666666667 , 15 , 0 , 0 , 0 , 12.95 , 0 , 8 , 62.5 , 21 
24-Aug-2005 11:52,200504,GATWICK,CZECH REPUBLIC,PRAGUE,TRAVEL SERVICE AIRLINES,A,S, 14 , 0 , 14.2857142857143 , 14.2857142857143 , 21.4285714285714 , 42.8571428571429 , 7.14285714285714 , 0 , 83.5 , 0 , 0 , 0 , 0 
24-Aug-2005 11:52,200504,GATWICK,CZECH REPUBLIC,PRAGUE,TRAVEL SERVICE AIRLINES,D,S, 14 , 0 , 14.2857142857143 , 7.14285714285714 , 28.5714285714286 , 42.8571428571429 , 7.14285714285714 , 0 , 84 , 0 , 0 , 0 , 0 
24-Aug-2005 11:52,200504,GATWICK,DENMARK,BILLUND,MAERSK AIR,A,S, 75 , 0 , 85.3333333333333 , 4 , 8 , 2.66666666666667 , 0 , 0 , 9.81333333333333 , 0 , 78 , 82.0512820512821 , 8.98717948717949 
24-Aug-2005 11:52,200504,GATWICK,DENMARK,BILLUND,MAERSK AIR,D,S, 75 , 0 , 84 , 5.33333333333333 , 6.66666666666667 , 4 , 0 , 0 , 8.93333333333333 , 0 , 78 , 87.1794871794872 , 6.15384615384615 
24-Aug-2005 11:52,200504,GATWICK,DENMARK,COPENHAGEN,BRITISH AIRWAYS PLC,A,S, 0 , 1 , 0 , 0 , 0 , 0 , 0 , 0 , 0 , 0 , 0 , 0 , 0 
24-Aug-2005 11:52,200504,GATWICK,DENMARK,COPENHAGEN,BRITISH AIRWAYS PLC,D,S, 0 , 1 , 0 , 0 , 0 , 0 , 0 , 0 , 0 , 0 , 0 , 0 , 0 
24-Aug-2005 11:52,200504,GATWICK,DENMARK,COPENHAGEN,MAERSK AIR,A,S, 80 , 0 , 87.5 , 5 , 7.5 , 0 , 0 , 0 , 5.9 , 0 , 78 , 94.8717948717949 , 4.65384615384615 
24-Aug-2005 11:52,200504,GATWICK,DENMARK,COPENHAGEN,MAERSK AIR,D,S, 80 , 0 , 85 , 7.5 , 7.5 , 0 , 0 , 0 , 6.8875 , 0 , 78 , 93.5897435897436 , 4.51282051282051 
24-Aug-2005 11:52,200504,GATWICK,DJIBOUTI REPUBLIC,DJIBOUTI,DAALLO AIRLINES,A,S, 5 , 0 , 20 , 20 , 40 , 20 , 0 , 0 , 44.6 , 0 , 5 , 40 , 27.2 
24-Aug-2005 11:52,200504,GATWICK,DJIBOUTI REPUBLIC,DJIBOUTI,DAALLO AIRLINES,D,S, 4 , 0 , 100 , 0 , 0 , 0 , 0 , 0 , 5.75 , 0 , 4 , 100 , 7 
24-Aug-2005 11:52,200504,GATWICK,DOMINICAN REPUBLIC,LA ROMANA,BRITANNIA AIRWAYS AND THOMSONFLY,A,C, 0 , 0 , 0 , 0 , 0 , 0 , 0 , 0 , 0 , 0 , 1 , 0 , 24 
24-Aug-2005 11:52,200504,GATWICK,DOMINICAN REPUBLIC,LA ROMANA,MY TRAVEL AIRWAYS UK,A,C, 4 , 0 , 25 , 0 , 25 , 50 , 0 , 0 , 57 , 0 , 3 , 100 , 0 
24-Aug-2005 11:52,200504,GATWICK,DOMINICAN REPUBLIC,LA ROMANA,MY TRAVEL AIRWAYS UK,D,C, 4 , 0 , 50 , 25 , 0 , 0 , 0 , 25 , 129 , 0 , 3 , 66.6666666666667 , 40 
24-Aug-2005 11:52,200504,GATWICK,DOMINICAN REPUBLIC,PUERTO PLATA,BRITANNIA AIRWAYS AND THOMSONFLY,A,C, 9 , 0 , 77.7777777777778 , 11.1111111111111 , 0 , 0 , 0 , 11.1111111111111 , 136.888888888889 , 0 , 4 , 100 , 0.75 
24-Aug-2005 11:52,200504,GATWICK,DOMINICAN REPUBLIC,PUERTO PLATA,BRITANNIA AIRWAYS AND THOMSONFLY,D,C, 9 , 0 , 77.7777777777778 , 22.2222222222222 , 0 , 0 , 0 , 0 , 6.77777777777778 , 0 , 4 , 100 , 4.25 
24-Aug-2005 11:52,200504,GATWICK,DOMINICAN REPUBLIC,PUERTO PLATA,FIRST CHOICE AIRWAYS LTD,A,C, 4 , 1 , 25 , 25 , 0 , 25 , 0 , 25 , 328.75 , 0 , 4 , 75 , 14.75 
24-Aug-2005 11:52,200504,GATWICK,DOMINICAN REPUBLIC,PUERTO PLATA,FIRST CHOICE AIRWAYS LTD,D,C, 5 , 0 , 40 , 20 , 40 , 0 , 0 , 0 , 21.8 , 0 , 4 , 75 , 48.5 
24-Aug-2005 11:52,200504,GATWICK,DOMINICAN REPUBLIC,PUERTO PLATA,MY TRAVEL AIRWAYS UK,A,C, 4 , 0 , 100 , 0 , 0 , 0 , 0 , 0 , 0.5 , 0 , 4 , 50 , 18.25 
24-Aug-2005 11:52,200504,GATWICK,DOMINICAN REPUBLIC,PUERTO PLATA,MY TRAVEL AIRWAYS UK,D,C, 4 , 0 , 50 , 50 , 0 , 0 , 0 , 0 , 11.75 , 0 , 4 , 75 , 10.5 
24-Aug-2005 11:52,200504,GATWICK,DOMINICAN REPUBLIC,PUERTO PLATA,THOMAS COOK AIRLINES LTD,A,C, 4 , 0 , 100 , 0 , 0 , 0 , 0 , 0 , 3.25 , 0 , 4 , 75 , 5.5 
24-Aug-2005 11:52,200504,GATWICK,DOMINICAN REPUBLIC,PUERTO PLATA,THOMAS COOK AIRLINES LTD,D,C, 4 , 0 , 100 , 0 , 0 , 0 , 0 , 0 , 0 , 0 , 4 , 25 , 17.5 
24-Aug-2005 11:52,200504,GATWICK,DOMINICAN REPUBLIC,PUNTA CANA,BRITANNIA AIRWAYS AND THOMSONFLY,A,C, 4 , 1 , 100 , 0 , 0 , 0 , 0 , 0 , 2.75 , 0 , 5 , 60 , 11.2 
24-Aug-2005 11:52,200504,GATWICK,DOMINICAN REPUBLIC,PUNTA CANA,BRITANNIA AIRWAYS AND THOMSONFLY,D,C, 4 , 0 , 100 , 0 , 0 , 0 , 0 , 0 , 1.5 , 0 , 4 , 100 , 6.5 
24-Aug-2005 11:52,200504,GATWICK,DOMINICAN REPUBLIC,PUNTA CANA,MY TRAVEL AIRWAYS UK,A,C, 0 , 0 , 0 , 0 , 0 , 0 , 0 , 0 , 0 , 0 , 5 , 20 , 56.4 
24-Aug-2005 11:52,200504,GATWICK,DOMINICAN REPUBLIC,PUNTA CANA,MY TRAVEL AIRWAYS UK,D,C, 0 , 0 , 0 , 0 , 0 , 0 , 0 , 0 , 0 , 0 , 4 , 25 , 45.5 
24-Aug-2005 11:52,200504,GATWICK,EGYPT,ASWAN,ASTRAEUS LTD,A,C, 4 , 0 , 50 , 50 , 0 , 0 , 0 , 0 , 10 , 0 , 4 , 100 , 6 
24-Aug-2005 11:52,200504,GATWICK,EGYPT,ASWAN,ASTRAEUS LTD,D,C, 4 , 0 , 100 , 0 , 0 , 0 , 0 , 0 , 5.5 , 0 , 4 , 100 , 4.75 
24-Aug-2005 11:52,200504,GATWICK,EGYPT,CAIRO,ASTRAEUS LTD,A,C, 4 , 0 , 100 , 0 , 0 , 0 , 0 , 0 , 3.5 , 0 , 0 , 0 , 0 
24-Aug-2005 11:52,200504,GATWICK,EGYPT,CAIRO,ASTRAEUS LTD,D,C, 4 , 0 , 100 , 0 , 0 , 0 , 0 , 0 , 0.75 , 0 , 0 , 0 , 0 
24-Aug-2005 11:52,200504,GATWICK,EGYPT,CAIRO,EXCEL AIRWAYS LTD,A,C, 0 , 0 , 0 , 0 , 0 , 0 , 0 , 0 , 0 , 0 , 1 , 100 , 11 
24-Aug-2005 11:52,200504,GATWICK,EGYPT,HURGHADA,AIR ATLANTA EUROPE LTD,A,C, 5 , 0 , 20 , 40 , 20 , 20 , 0 , 0 , 39.8 , 0 , 0 , 0 , 0 
24-Aug-2005 11:52,200504,GATWICK,EGYPT,HURGHADA,AIR ATLANTA EUROPE LTD,D,C, 5 , 0 , 0 , 20 , 40 , 40 , 0 , 0 , 51 , 0 , 0 , 0 , 0 
24-Aug-2005 11:52,200504,GATWICK,EGYPT,HURGHADA,BRITANNIA AIRWAYS AND THOMSONFLY,A,C, 5 , 0 , 80 , 20 , 0 , 0 , 0 , 0 , 8.2 , 0 , 0 , 0 , 0 
24-Aug-2005 11:52,200504,GATWICK,EGYPT,HURGHADA,BRITANNIA AIRWAYS AND THOMSONFLY,D,C, 5 , 0 , 100 , 0 , 0 , 0 , 0 , 0 , 4.8 , 0 , 0 , 0 , 0 
24-Aug-2005 11:52,200504,GATWICK,EGYPT,HURGHADA,EXCEL AIRWAYS LTD,A,C, 5 , 0 , 20 , 40 , 40 , 0 , 0 , 0 , 27.2 , 0 , 5 , 80 , 5.6 
24-Aug-2005 11:52,200504,GATWICK,EGYPT,HURGHADA,EXCEL AIRWAYS LTD,D,C, 5 , 0 , 20 , 0 , 20 , 60 , 0 , 0 , 66.2 , 0 , 5 , 60 , 11 
24-Aug-2005 11:52,200504,GATWICK,EGYPT,HURGHADA,MONARCH AIRLINES,A,C, 0 , 0 , 0 , 0 , 0 , 0 , 0 , 0 , 0 , 0 , 1 , 100 , 8 
24-Aug-2005 11:52,200504,GATWICK,EGYPT,HURGHADA,MONARCH AIRLINES,D,C, 0 , 0 , 0 , 0 , 0 , 0 , 0 , 0 , 0 , 0 , 1 , 100 , 7 
24-Aug-2005 11:52,200504,GATWICK,EGYPT,HURGHADA,MY TRAVEL AIRWAYS UK,A,C, 5 , 0 , 60 , 20 , 0 , 20 , 0 , 0 , 23 , 0 , 0 , 0 , 0 
24-Aug-2005 11:52,200504,GATWICK,EGYPT,HURGHADA,MY TRAVEL AIRWAYS UK,D,C, 5 , 0 , 80 , 0 , 20 , 0 , 0 , 0 , 13.8 , 0 , 0 , 0 , 0 
24-Aug-2005 11:52,200504,GATWICK,EGYPT,HURGHADA,THOMAS COOK AIRLINES LTD,A,C, 0 , 0 , 0 , 0 , 0 , 0 , 0 , 0 , 0 , 0 , 4 , 75 , 15.5 
24-Aug-2005 11:52,200504,GATWICK,EGYPT,HURGHADA,THOMAS COOK AIRLINES LTD,D,C, 0 , 0 , 0 , 0 , 0 , 0 , 0 , 0 , 0 , 0 , 4 , 100 , 2.25 
24-Aug-2005 11:52,200504,GATWICK,EGYPT,LUXOR,ASTRAEUS LTD,A,C, 2 , 0 , 100 , 0 , 0 , 0 , 0 , 0 , 1 , 0 , 0 , 0 , 0 
24-Aug-2005 11:52,200504,GATWICK,EGYPT,LUXOR,ASTRAEUS LTD,D,C, 1 , 0 , 100 , 0 , 0 , 0 , 0 , 0 , 0 , 0 , 0 , 0 , 0 
24-Aug-2005 11:52,200504,GATWICK,EGYPT,LUXOR,BRITANNIA AIRWAYS AND THOMSONFLY,A,C, 4 , 0 , 75 , 25 , 0 , 0 , 0 , 0 , 6.25 , 0 , 4 , 100 , 1.75 
24-Aug-2005 11:52,200504,GATWICK,EGYPT,LUXOR,BRITANNIA AIRWAYS AND THOMSONFLY,D,C, 4 , 0 , 100 , 0 , 0 , 0 , 0 , 0 , 2.75 , 0 , 4 , 100 , 0.75 
24-Aug-2005 11:52,200504,GATWICK,EGYPT,LUXOR,EXCEL AIRWAYS LTD,A,C, 4 , 0 , 75 , 0 , 0 , 25 , 0 , 0 , 42.25 , 0 , 0 , 0 , 0 
24-Aug-2005 11:52,200504,GATWICK,EGYPT,LUXOR,EXCEL AIRWAYS LTD,D,C, 4 , 0 , 75 , 0 , 0 , 25 , 0 , 0 , 38.25 , 0 , 0 , 0 , 0 
24-Aug-2005 11:52,200504,GATWICK,EGYPT,LUXOR,MONARCH AIRLINES,A,C, 12 , 0 , 33.3333333333333 , 50 , 16.6666666666667 , 0 , 0 , 0 , 17.1666666666667 , 0 , 4 , 75 , 14 
24-Aug-2005 11:52,200504,GATWICK,EGYPT,LUXOR,MONARCH AIRLINES,D,C, 12 , 0 , 91.6666666666667 , 0 , 0 , 0 , 8.33333333333333 , 0 , 22.9166666666667 , 0 , 4 , 100 , 2.5 
24-Aug-2005 11:52,200504,GATWICK,EGYPT,MARSA ALAM,EXCEL AIRWAYS LTD,A,C, 4 , 0 , 50 , 50 , 0 , 0 , 0 , 0 , 13 , 0 , 3 , 100 , 5 
24-Aug-2005 11:52,200504,GATWICK,EGYPT,MARSA ALAM,EXCEL AIRWAYS LTD,D,C, 4 , 0 , 100 , 0 , 0 , 0 , 0 , 0 , 6 , 0 , 4 , 100 , 0.25 
24-Aug-2005 11:52,200504,GATWICK,EGYPT,SHARM EL SHEIKH (OPHIRA),AIR ATLANTA EUROPE LTD,A,C, 4 , 0 , 50 , 0 , 25 , 25 , 0 , 0 , 37.5 , 0 , 0 , 0 , 0 
24-Aug-2005 11:52,200504,GATWICK,EGYPT,SHARM EL SHEIKH (OPHIRA),AIR ATLANTA EUROPE LTD,D,C, 4 , 0 , 0 , 25 , 75 , 0 , 0 , 0 , 35.75 , 0 , 0 , 0 , 0 
24-Aug-2005 11:52,200504,GATWICK,EGYPT,SHARM EL SHEIKH (OPHIRA),ASTRAEUS LTD,A,S, 5 , 0 , 20 , 20 , 60 , 0 , 0 , 0 , 31.2 , 0 , 0 , 0 , 0 
24-Aug-2005 11:52,200504,GATWICK,EGYPT,SHARM EL SHEIKH (OPHIRA),ASTRAEUS LTD,D,S, 5 , 0 , 40 , 40 , 20 , 0 , 0 , 0 , 23 , 0 , 0 , 0 , 0 
24-Aug-2005 11:52,200504,GATWICK,EGYPT,SHARM EL SHEIKH (OPHIRA),BRITANNIA AIRWAYS AND THOMSONFLY,A,C, 8 , 0 , 62.5 , 0 , 37.5 , 0 , 0 , 0 , 15.875 , 0 , 4 , 100 , 0 
24-Aug-2005 11:52,200504,GATWICK,EGYPT,SHARM EL SHEIKH (OPHIRA),BRITANNIA AIRWAYS AND THOMSONFLY,D,C, 8 , 0 , 75 , 12.5 , 12.5 , 0 , 0 , 0 , 9 , 0 , 4 , 100 , 2.75 
24-Aug-2005 11:52,200504,GATWICK,EGYPT,SHARM EL SHEIKH (OPHIRA),EXCEL AIRWAYS LTD,A,C, 10 , 0 , 30 , 40 , 10 , 20 , 0 , 0 , 31.7 , 0 , 7 , 42.8571428571429 , 45.4285714285714 
24-Aug-2005 11:52,200504,GATWICK,EGYPT,SHARM EL SHEIKH (OPHIRA),EXCEL AIRWAYS LTD,D,C, 9 , 0 , 33.3333333333333 , 11.1111111111111 , 44.4444444444444 , 11.1111111111111 , 0 , 0 , 34.6666666666667 , 0 , 9 , 44.4444444444444 , 37.4444444444444 
24-Aug-2005 11:52,200504,GATWICK,EGYPT,SHARM EL SHEIKH (OPHIRA),FIRST CHOICE AIRWAYS LTD,A,C, 9 , 0 , 44.4444444444444 , 33.3333333333333 , 11.1111111111111 , 0 , 11.1111111111111 , 0 , 45.5555555555556 , 0 , 0 , 0 , 0 
24-Aug-2005 11:52,200504,GATWICK,EGYPT,SHARM EL SHEIKH (OPHIRA),FIRST CHOICE AIRWAYS LTD,D,C, 8 , 0 , 75 , 12.5 , 0 , 0 , 12.5 , 0 , 40.125 , 0 , 0 , 0 , 0 
24-Aug-2005 11:52,200504,GATWICK,EGYPT,SHARM EL SHEIKH (OPHIRA),FLYJET LTD,A,C, 4 , 0 , 50 , 50 , 0 , 0 , 0 , 0 , 15.25 , 0 , 3 , 0 , 40.6666666666667 
24-Aug-2005 11:52,200504,GATWICK,EGYPT,SHARM EL SHEIKH (OPHIRA),FLYJET LTD,D,C, 4 , 0 , 100 , 0 , 0 , 0 , 0 , 0 , 7 , 0 , 3 , 66.6666666666667 , 12.6666666666667 
24-Aug-2005 11:52,200504,GATWICK,EGYPT,SHARM EL SHEIKH (OPHIRA),MONARCH AIRLINES,A,C, 9 , 0 , 11.1111111111111 , 11.1111111111111 , 33.3333333333333 , 33.3333333333333 , 0 , 11.1111111111111 , 81.6666666666667 , 0 , 10 , 70 , 34.3 
24-Aug-2005 11:52,200504,GATWICK,EGYPT,SHARM EL SHEIKH (OPHIRA),MONARCH AIRLINES,D,C, 8 , 0 , 75 , 12.5 , 0 , 0 , 12.5 , 0 , 49.75 , 0 , 9 , 66.6666666666667 , 41 
24-Aug-2005 11:52,200504,GATWICK,EGYPT,SHARM EL SHEIKH (OPHIRA),THOMAS COOK AIRLINES LTD,A,C, 8 , 0 , 37.5 , 25 , 25 , 0 , 0 , 12.5 , 95.625 , 0 , 13 , 61.5384615384615 , 25.2307692307692 
24-Aug-2005 11:52,200504,GATWICK,EGYPT,SHARM EL SHEIKH (OPHIRA),THOMAS COOK AIRLINES LTD,D,C, 8 , 0 , 100 , 0 , 0 , 0 , 0 , 0 , 0.5 , 0 , 13 , 61.5384615384615 , 19.3076923076923 
24-Aug-2005 11:52,200504,GATWICK,EGYPT,TABA,ASTRAEUS LTD,A,C, 13 , 0 , 76.9230769230769 , 15.3846153846154 , 7.69230769230769 , 0 , 0 , 0 , 7.07692307692308 , 0 , 20 , 70 , 9.95 
24-Aug-2005 11:52,200504,GATWICK,EGYPT,TABA,ASTRAEUS LTD,D,C, 13 , 0 , 69.2307692307692 , 7.69230769230769 , 23.0769230769231 , 0 , 0 , 0 , 11.6923076923077 , 0 , 19 , 78.9473684210526 , 7.42105263157895 
24-Aug-2005 11:52,200504,GATWICK,EGYPT,TABA,EXCEL AIRWAYS LTD,A,C, 5 , 0 , 80 , 0 , 0 , 0 , 20 , 0 , 43.6 , 0 , 4 , 100 , 1.75 
24-Aug-2005 11:52,200504,GATWICK,EGYPT,TABA,EXCEL AIRWAYS LTD,D,C, 5 , 0 , 60 , 20 , 0 , 0 , 20 , 0 , 52.8 , 0 , 4 , 100 , 0.25 
24-Aug-2005 11:52,200504,GATWICK,EGYPT,TABA,FLYJET LTD,A,C, 2 , 0 , 100 , 0 , 0 , 0 , 0 , 0 , 0 , 0 , 1 , 0 , 30 
24-Aug-2005 11:52,200504,GATWICK,EGYPT,TABA,FLYJET LTD,D,C, 1 , 0 , 100 , 0 , 0 , 0 , 0 , 0 , 9 , 0 , 0 , 0 , 0 
24-Aug-2005 11:52,200504,GATWICK,EGYPT,TABA,MONARCH AIRLINES,A,C, 8 , 0 , 100 , 0 , 0 , 0 , 0 , 0 , 0 , 0 , 0 , 0 , 0 
24-Aug-2005 11:52,200504,GATWICK,EGYPT,TABA,MONARCH AIRLINES,D,C, 7 , 0 , 100 , 0 , 0 , 0 , 0 , 0 , 0.428571428571429 , 0 , 0 , 0 , 0 
24-Aug-2005 11:52,200504,GATWICK,EQUATORIAL GUINEA,MALABO,ASTRAEUS LTD,A,S, 4 , 0 , 100 , 0 , 0 , 0 , 0 , 0 , 4.5 , 0 , 5 , 80 , 5.6 
24-Aug-2005 11:52,200504,GATWICK,EQUATORIAL GUINEA,MALABO,ASTRAEUS LTD,D,S, 4 , 0 , 100 , 0 , 0 , 0 , 0 , 0 , 1 , 0 , 4 , 75 , 8 
24-Aug-2005 11:52,200504,GATWICK,ESTONIA,TALLIN,ESTONIAN AIR,A,S, 34 , 0 , 47.0588235294118 , 26.4705882352941 , 20.5882352941176 , 5.88235294117647 , 0 , 0 , 21.9705882352941 , 0 , 26 , 84.6153846153846 , 10.2307692307692 
24-Aug-2005 11:52,200504,GATWICK,ESTONIA,TALLIN,ESTONIAN AIR,D,S, 34 , 0 , 64.7058823529412 , 11.7647058823529 , 17.6470588235294 , 5.88235294117647 , 0 , 0 , 19.8529411764706 , 0 , 26 , 80.7692307692308 , 10.1923076923077 
24-Aug-2005 11:52,200504,GATWICK,FED REP YUGO SERBIA M'ENEGRO,PRISTINA,BRITISH AIRWAYS PLC,A,S, 13 , 0 , 53.8461538461538 , 23.0769230769231 , 23.0769230769231 , 0 , 0 , 0 , 20.3076923076923 , 0 , 13 , 30.7692307692308 , 19.7692307692308 
24-Aug-2005 11:52,200504,GATWICK,FED REP YUGO SERBIA M'ENEGRO,PRISTINA,BRITISH AIRWAYS PLC,D,S, 13 , 0 , 84.6153846153846 , 15.3846153846154 , 0 , 0 , 0 , 0 , 7.38461538461539 , 0 , 13 , 84.6153846153846 , 7.69230769230769 
24-Aug-2005 11:52,200504,GATWICK,FINLAND,ROVANIEMI,ASTRAEUS LTD,A,C, 0 , 0 , 0 , 0 , 0 , 0 , 0 , 0 , 0 , 0 , 3 , 100 , 4.66666666666667 
24-Aug-2005 11:52,200504,GATWICK,FINLAND,ROVANIEMI,ASTRAEUS LTD,D,C, 0 , 0 , 0 , 0 , 0 , 0 , 0 , 0 , 0 , 0 , 2 , 100 , 7.5 
24-Aug-2005 11:52,200504,GATWICK,FINLAND,ROVANIEMI,EXCEL AIRWAYS LTD,A,C, 1 , 0 , 100 , 0 , 0 , 0 , 0 , 0 , 0 , 0 , 0 , 0 , 0 
24-Aug-2005 11:52,200504,GATWICK,FINLAND,TAMPERE,THOMAS COOK AIRLINES LTD,D,C, 0 , 0 , 0 , 0 , 0 , 0 , 0 , 0 , 0 , 0 , 1 , 100 , 0 
24-Aug-2005 11:52,200504,GATWICK,FRANCE,BASTIA,ASTRAEUS LTD,A,C, 0 , 0 , 0 , 0 , 0 , 0 , 0 , 0 , 0 , 0 , 1 , 0 , 42 
24-Aug-2005 11:52,200504,GATWICK,FRANCE,BASTIA,ASTRAEUS LTD,D,C, 0 , 0 , 0 , 0 , 0 , 0 , 0 , 0 , 0 , 0 , 1 , 100 , 0 
24-Aug-2005 11:52,200504,GATWICK,FRANCE,BORDEAUX,BRIT AIR,A,S, 0 , 0 , 0 , 0 , 0 , 0 , 0 , 0 , 0 , 0 , 67 , 92.5373134328358 , 3.6865671641791 
24-Aug-2005 11:52,200504,GATWICK,FRANCE,BORDEAUX,BRIT AIR,D,S, 0 , 0 , 0 , 0 , 0 , 0 , 0 , 0 , 0 , 0 , 67 , 97.0149253731343 , 2.67164179104478 
24-Aug-2005 11:52,200504,GATWICK,FRANCE,BORDEAUX,BRITISH AIRWAYS PLC,A,S, 63 , 0 , 71.4285714285714 , 14.2857142857143 , 11.1111111111111 , 3.17460317460317 , 0 , 0 , 13 , 0 , 63 , 42.8571428571429 , 26.8730158730159 
24-Aug-2005 11:52,200504,GATWICK,FRANCE,BORDEAUX,BRITISH AIRWAYS PLC,D,S, 63 , 0 , 76.1904761904762 , 7.93650793650794 , 11.1111111111111 , 4.76190476190476 , 0 , 0 , 12.8730158730159 , 0 , 63 , 77.7777777777778 , 8.77777777777778 
24-Aug-2005 11:52,200504,GATWICK,FRANCE,CALVI,ASTRAEUS LTD,A,C, 0 , 0 , 0 , 0 , 0 , 0 , 0 , 0 , 0 , 0 , 2 , 100 , 0 
24-Aug-2005 11:52,200504,GATWICK,FRANCE,CALVI,ASTRAEUS LTD,D,C, 0 , 0 , 0 , 0 , 0 , 0 , 0 , 0 , 0 , 0 , 3 , 66.6666666666667 , 67.6666666666667 
24-Aug-2005 11:52,200504,GATWICK,FRANCE,CHAMBERY,ASTRAEUS LTD,A,C, 15 , 0 , 93.3333333333333 , 0 , 0 , 6.66666666666667 , 0 , 0 , 10.2 , 0 , 8 , 62.5 , 17.125 
24-Aug-2005 11:52,200504,GATWICK,FRANCE,CHAMBERY,ASTRAEUS LTD,D,C, 13 , 0 , 69.2307692307692 , 15.3846153846154 , 7.69230769230769 , 7.69230769230769 , 0 , 0 , 19.9230769230769 , 0 , 10 , 50 , 23.8 
24-Aug-2005 11:52,200504,GATWICK,FRANCE,CHAMBERY,BRITISH AIRWAYS PLC,A,C, 0 , 0 , 0 , 0 , 0 , 0 , 0 , 0 , 0 , 0 , 15 , 73.3333333333333 , 11.5333333333333 
24-Aug-2005 11:52,200504,GATWICK,FRANCE,CHAMBERY,BRITISH AIRWAYS PLC,D,C, 0 , 0 , 0 , 0 , 0 , 0 , 0 , 0 , 0 , 0 , 10 , 70 , 17.4 
24-Aug-2005 11:52,200504,GATWICK,FRANCE,CHAMBERY,EXCEL AIRWAYS LTD,A,C, 13 , 0 , 61.5384615384615 , 7.69230769230769 , 15.3846153846154 , 15.3846153846154 , 0 , 0 , 19.8461538461538 , 0 , 8 , 37.5 , 42.25 
24-Aug-2005 11:52,200504,GATWICK,FRANCE,CHAMBERY,EXCEL AIRWAYS LTD,D,C, 10 , 0 , 70 , 10 , 10 , 10 , 0 , 0 , 13.2 , 0 , 7 , 42.8571428571429 , 20.1428571428571 
24-Aug-2005 11:52,200504,GATWICK,FRANCE,CHAMBERY,FLYBE.BRITISH EUROPEAN,A,C, 0 , 0 , 0 , 0 , 0 , 0 , 0 , 0 , 0 , 0 , 1 , 100 , 0 
24-Aug-2005 11:52,200504,GATWICK,FRANCE,CHAMBERY,TITAN AIRWAYS LTD,A,C, 3 , 0 , 66.6666666666667 , 0 , 33.3333333333333 , 0 , 0 , 0 , 23 , 0 , 2 , 100 , 0 
24-Aug-2005 11:52,200504,GATWICK,FRANCE,CHAMBERY,TITAN AIRWAYS LTD,D,C, 2 , 0 , 100 , 0 , 0 , 0 , 0 , 0 , 1.5 , 0 , 2 , 100 , 0 
24-Aug-2005 11:52,200504,GATWICK,FRANCE,GRENOBLE,BRITISH AIRWAYS PLC,A,C, 3 , 0 , 0 , 33.3333333333333 , 33.3333333333333 , 33.3333333333333 , 0 , 0 , 58.3333333333333 , 0 , 5 , 80 , 10.8 
24-Aug-2005 11:52,200504,GATWICK,FRANCE,GRENOBLE,BRITISH AIRWAYS PLC,D,C, 2 , 0 , 50 , 0 , 0 , 50 , 0 , 0 , 44.5 , 0 , 4 , 75 , 18.75 
24-Aug-2005 11:52,200504,GATWICK,FRANCE,GRENOBLE,FIRST CHOICE AIRWAYS LTD,A,C, 13 , 0 , 46.1538461538462 , 15.3846153846154 , 15.3846153846154 , 15.3846153846154 , 7.69230769230769 , 0 , 46.2307692307692 , 0 , 14 , 57.1428571428571 , 18.1428571428571 
24-Aug-2005 11:52,200504,GATWICK,FRANCE,GRENOBLE,FIRST CHOICE AIRWAYS LTD,D,C, 11 , 0 , 54.5454545454545 , 36.3636363636364 , 0 , 9.09090909090909 , 0 , 0 , 16.6363636363636 , 0 , 12 , 66.6666666666667 , 25.0833333333333 
24-Aug-2005 11:52,200504,GATWICK,FRANCE,GRENOBLE,MONARCH AIRLINES,A,C, 4 , 0 , 50 , 0 , 0 , 50 , 0 , 0 , 55.5 , 0 , 5 , 80 , 21 
24-Aug-2005 11:52,200504,GATWICK,FRANCE,GRENOBLE,MONARCH AIRLINES,D,C, 4 , 0 , 75 , 0 , 0 , 25 , 0 , 0 , 42.25 , 0 , 5 , 80 , 25.4 
24-Aug-2005 11:52,200504,GATWICK,FRANCE,LYON,ASTRAEUS LTD,A,C, 0 , 0 , 0 , 0 , 0 , 0 , 0 , 0 , 0 , 0 , 1 , 100 , 0 
24-Aug-2005 11:52,200504,GATWICK,FRANCE,LYON,BRITANNIA AIRWAYS AND THOMSONFLY,A,C, 6 , 0 , 83.3333333333333 , 16.6666666666667 , 0 , 0 , 0 , 0 , 7.5 , 0 , 13 , 61.5384615384615 , 60.6153846153846 
24-Aug-2005 11:52,200504,GATWICK,FRANCE,LYON,BRITANNIA AIRWAYS AND THOMSONFLY,D,C, 5 , 0 , 100 , 0 , 0 , 0 , 0 , 0 , 0.4 , 0 , 9 , 88.8888888888889 , 11.1111111111111 
24-Aug-2005 11:52,200504,GATWICK,FRANCE,LYON,BRITISH AIRWAYS PLC,A,C, 3 , 0 , 100 , 0 , 0 , 0 , 0 , 0 , 0 , 0 , 3 , 100 , 4.33333333333333 
24-Aug-2005 11:52,200504,GATWICK,FRANCE,LYON,BRITISH AIRWAYS PLC,D,C, 2 , 0 , 100 , 0 , 0 , 0 , 0 , 0 , 5.5 , 0 , 3 , 33.3333333333333 , 16.6666666666667 
24-Aug-2005 11:52,200504,GATWICK,FRANCE,LYON,EXCEL AIRWAYS LTD,A,C, 0 , 0 , 0 , 0 , 0 , 0 , 0 , 0 , 0 , 0 , 1 , 0 , 72 
24-Aug-2005 11:52,200504,GATWICK,FRANCE,LYON,EXCEL AIRWAYS LTD,D,C, 0 , 0 , 0 , 0 , 0 , 0 , 0 , 0 , 0 , 0 , 1 , 0 , 42 
24-Aug-2005 11:52,200504,GATWICK,FRANCE,LYON,MONARCH AIRLINES,A,C, 5 , 0 , 60 , 40 , 0 , 0 , 0 , 0 , 7.8 , 0 , 7 , 71.4285714285714 , 8 
24-Aug-2005 11:52,200504,GATWICK,FRANCE,LYON,MONARCH AIRLINES,D,C, 4 , 0 , 25 , 50 , 25 , 0 , 0 , 0 , 22.75 , 0 , 8 , 62.5 , 29.25 
24-Aug-2005 11:52,200504,GATWICK,FRANCE,LYON,MY TRAVEL AIRWAYS UK,A,C, 0 , 0 , 0 , 0 , 0 , 0 , 0 , 0 , 0 , 0 , 1 , 0 , 51 
24-Aug-2005 11:52,200504,GATWICK,FRANCE,LYON,THOMAS COOK AIRLINES LTD,A,C, 12 , 0 , 50 , 33.3333333333333 , 8.33333333333333 , 8.33333333333333 , 0 , 0 , 16.4166666666667 , 0 , 9 , 66.6666666666667 , 11 
24-Aug-2005 11:52,200504,GATWICK,FRANCE,LYON,THOMAS COOK AIRLINES LTD,D,C, 7 , 0 , 100 , 0 , 0 , 0 , 0 , 0 , 1.85714285714286 , 0 , 7 , 71.4285714285714 , 7 
24-Aug-2005 11:52,200504,GATWICK,FRANCE,MARSEILLE,BRITISH AIRWAYS PLC,A,S, 90 , 0 , 87.7777777777778 , 8.88888888888889 , 1.11111111111111 , 1.11111111111111 , 1.11111111111111 , 0 , 9.2 , 0 , 90 , 90 , 6.73333333333333 
24-Aug-2005 11:52,200504,GATWICK,FRANCE,MARSEILLE,BRITISH AIRWAYS PLC,D,S, 90 , 0 , 91.1111111111111 , 7.77777777777778 , 0 , 1.11111111111111 , 0 , 0 , 4.81111111111111 , 0 , 90 , 91.1111111111111 , 6.36666666666667 
24-Aug-2005 11:52,200504,GATWICK,FRANCE,MARSEILLE,EASYJET AIRLINE COMPANY LTD,A,S, 30 , 0 , 73.3333333333333 , 16.6666666666667 , 10 , 0 , 0 , 0 , 10.0666666666667 , 0 , 60 , 95 , 3.06666666666667 
24-Aug-2005 11:52,200504,GATWICK,FRANCE,MARSEILLE,EASYJET AIRLINE COMPANY LTD,D,S, 30 , 0 , 90 , 3.33333333333333 , 6.66666666666667 , 0 , 0 , 0 , 5.86666666666667 , 0 , 60 , 91.6666666666667 , 5.15 
24-Aug-2005 11:52,200504,GATWICK,FRANCE,MONTPELLIER,GB AIRWAYS LTD,A,S, 21 , 0 , 76.1904761904762 , 14.2857142857143 , 4.76190476190476 , 4.76190476190476 , 0 , 0 , 12.6190476190476 , 0 , 22 , 77.2727272727273 , 8.72727272727273 
24-Aug-2005 11:52,200504,GATWICK,FRANCE,MONTPELLIER,GB AIRWAYS LTD,D,S, 21 , 0 , 42.8571428571429 , 42.8571428571429 , 9.52380952380952 , 4.76190476190476 , 0 , 0 , 22.7619047619048 , 0 , 22 , 86.3636363636364 , 7.04545454545455 
24-Aug-2005 11:52,200504,GATWICK,FRANCE,NANTES,GB AIRWAYS LTD,A,S, 25 , 0 , 72 , 20 , 4 , 4 , 0 , 0 , 12.84 , 0 , 26 , 84.6153846153846 , 11.6923076923077 
24-Aug-2005 11:52,200504,GATWICK,FRANCE,NANTES,GB AIRWAYS LTD,D,S, 25 , 0 , 88 , 8 , 0 , 4 , 0 , 0 , 10.72 , 0 , 26 , 84.6153846153846 , 10.1153846153846 
24-Aug-2005 11:52,200504,GATWICK,FRANCE,NANTES,REGIONAL COMPAGNIE AERIENNE EUROPEENNE,A,S, 66 , 0 , 90.9090909090909 , 7.57575757575758 , 1.51515151515152 , 0 , 0 , 0 , 3.98484848484848 , 0 , 72 , 91.6666666666667 , 4.15277777777778 
24-Aug-2005 11:52,200504,GATWICK,FRANCE,NANTES,REGIONAL COMPAGNIE AERIENNE EUROPEENNE,D,S, 66 , 0 , 80.3030303030303 , 15.1515151515152 , 3.03030303030303 , 1.51515151515152 , 0 , 0 , 6.98484848484848 , 0 , 72 , 94.4444444444444 , 4.48611111111111 
24-Aug-2005 11:52,200504,GATWICK,FRANCE,NICE,AIR CORDIAL LTD,A,C, 0 , 0 , 0 , 0 , 0 , 0 , 0 , 0 , 0 , 0 , 1 , 100 , 5 
24-Aug-2005 11:52,200504,GATWICK,FRANCE,NICE,AIR CORDIAL LTD,D,C, 0 , 0 , 0 , 0 , 0 , 0 , 0 , 0 , 0 , 0 , 1 , 100 , 0 
24-Aug-2005 11:52,200504,GATWICK,FRANCE,NICE,BRITISH AIRWAYS PLC,A,S, 59 , 0 , 79.6610169491525 , 10.1694915254237 , 5.08474576271186 , 5.08474576271186 , 0 , 0 , 12.7457627118644 , 1 , 65 , 86.1538461538462 , 6.73846153846154 
24-Aug-2005 11:52,200504,GATWICK,FRANCE,NICE,BRITISH AIRWAYS PLC,D,S, 60 , 0 , 86.6666666666667 , 5 , 6.66666666666667 , 1.66666666666667 , 0 , 0 , 8.13333333333333 , 0 , 65 , 89.2307692307692 , 5.56923076923077 
24-Aug-2005 11:52,200504,GATWICK,FRANCE,NICE,EASYJET AIRLINE COMPANY LTD,A,S, 39 , 0 , 66.6666666666667 , 17.9487179487179 , 15.3846153846154 , 0 , 0 , 0 , 12.5897435897436 , 0 , 68 , 91.1764705882353 , 5.61764705882353 
24-Aug-2005 11:52,200504,GATWICK,FRANCE,NICE,EASYJET AIRLINE COMPANY LTD,D,S, 39 , 0 , 61.5384615384615 , 23.0769230769231 , 15.3846153846154 , 0 , 0 , 0 , 15.6410256410256 , 0 , 68 , 92.6470588235294 , 4.80882352941176 
24-Aug-2005 11:52,200504,GATWICK,FRANCE,PARIS (CHARLES DE GAULLE),AIR GABON,D,S, 0 , 0 , 0 , 0 , 0 , 0 , 0 , 0 , 0 , 0 , 2 , 0 , 50 
24-Aug-2005 11:52,200504,GATWICK,FRANCE,PARIS (CHARLES DE GAULLE),BRITANNIA AIRWAYS AND THOMSONFLY,D,C, 0 , 0 , 0 , 0 , 0 , 0 , 0 , 0 , 0 , 0 , 1 , 100 , 9 
24-Aug-2005 11:52,200504,GATWICK,FRANCE,PARIS (CHARLES DE GAULLE),BRITISH AIRWAYS PLC,A,S, 0 , 2 , 0 , 0 , 0 , 0 , 0 , 0 , 0 , 0 , 128 , 66.40625 , 13.6484375 
24-Aug-2005 11:52,200504,GATWICK,FRANCE,PARIS (CHARLES DE GAULLE),BRITISH AIRWAYS PLC,D,S, 0 , 1 , 0 , 0 , 0 , 0 , 0 , 0 , 0 , 0 , 128 , 83.59375 , 7.0078125 
24-Aug-2005 11:52,200504,GATWICK,FRANCE,PARIS (CHARLES DE GAULLE),FIRST CHOICE AIRWAYS LTD,D,C, 0 , 0 , 0 , 0 , 0 , 0 , 0 , 0 , 0 , 0 , 1 , 100 , 0 
24-Aug-2005 11:52,200504,GATWICK,FRANCE,STRASBOURG,BRIT AIR,A,S, 69 , 0 , 92.7536231884058 , 7.2463768115942 , 0 , 0 , 0 , 0 , 3.56521739130435 , 0 , 71 , 84.5070422535211 , 8.70422535211268 
24-Aug-2005 11:52,200504,GATWICK,FRANCE,STRASBOURG,BRIT AIR,D,S, 69 , 0 , 88.4057971014493 , 7.2463768115942 , 2.89855072463768 , 1.44927536231884 , 0 , 0 , 6.15942028985507 , 0 , 72 , 95.8333333333333 , 3.41666666666667 
24-Aug-2005 11:52,200504,GATWICK,FRANCE,TARBES-LOURDES INTERNATIONAL,EXCEL AIRWAYS LTD,A,C, 1 , 0 , 100 , 0 , 0 , 0 , 0 , 0 , 0 , 0 , 1 , 100 , 0 
24-Aug-2005 11:52,200504,GATWICK,FRANCE,TARBES-LOURDES INTERNATIONAL,EXCEL AIRWAYS LTD,D,C, 0 , 0 , 0 , 0 , 0 , 0 , 0 , 0 , 0 , 0 , 1 , 0 , 62 
24-Aug-2005 11:52,200504,GATWICK,FRANCE,TARBES-LOURDES INTERNATIONAL,FLYJET LTD,A,C, 0 , 0 , 0 , 0 , 0 , 0 , 0 , 0 , 0 , 0 , 1 , 100 , 11 
24-Aug-2005 11:52,200504,GATWICK,FRANCE,TARBES-LOURDES INTERNATIONAL,HAMBURG INTERNATIONAL,A,C, 1 , 0 , 0 , 0 , 0 , 100 , 0 , 0 , 95 , 0 , 0 , 0 , 0 
24-Aug-2005 11:52,200504,GATWICK,FRANCE,TARBES-LOURDES INTERNATIONAL,MONARCH AIRLINES,D,C, 0 , 0 , 0 , 0 , 0 , 0 , 0 , 0 , 0 , 0 , 1 , 0 , 26 
24-Aug-2005 11:52,200504,GATWICK,FRANCE,TARBES-LOURDES INTERNATIONAL,TRAVEL SERVICE AIRLINES,A,C, 1 , 0 , 0 , 0 , 0 , 0 , 100 , 0 , 236 , 0 , 0 , 0 , 0 
24-Aug-2005 11:52,200504,GATWICK,FRANCE,TOULON / HYERES,GB AIRWAYS LTD,A,S, 0 , 0 , 0 , 0 , 0 , 0 , 0 , 0 , 0 , 0 , 18 , 72.2222222222222 , 8.55555555555556 
24-Aug-2005 11:52,200504,GATWICK,FRANCE,TOULON / HYERES,GB AIRWAYS LTD,D,S, 0 , 0 , 0 , 0 , 0 , 0 , 0 , 0 , 0 , 0 , 18 , 88.8888888888889 , 5.38888888888889 
24-Aug-2005 11:52,200504,GATWICK,FRANCE,TOULOUSE (BLAGNAC),ASTRAEUS LTD,A,C, 0 , 0 , 0 , 0 , 0 , 0 , 0 , 0 , 0 , 0 , 2 , 0 , 35.5 
24-Aug-2005 11:52,200504,GATWICK,FRANCE,TOULOUSE (BLAGNAC),ASTRAEUS LTD,D,C, 0 , 0 , 0 , 0 , 0 , 0 , 0 , 0 , 0 , 0 , 1 , 100 , 7 
24-Aug-2005 11:52,200504,GATWICK,FRANCE,TOULOUSE (BLAGNAC),BRITANNIA AIRWAYS AND THOMSONFLY,A,C, 2 , 0 , 50 , 0 , 0 , 50 , 0 , 0 , 73.5 , 0 , 2 , 50 , 9 
24-Aug-2005 11:52,200504,GATWICK,FRANCE,TOULOUSE (BLAGNAC),BRITANNIA AIRWAYS AND THOMSONFLY,D,C, 1 , 0 , 100 , 0 , 0 , 0 , 0 , 0 , 0 , 0 , 1 , 100 , 0 
24-Aug-2005 11:52,200504,GATWICK,FRANCE,TOULOUSE (BLAGNAC),BRITISH AIRWAYS PLC,A,S, 90 , 0 , 84.4444444444444 , 8.88888888888889 , 4.44444444444444 , 2.22222222222222 , 0 , 0 , 8 , 0 , 85 , 81.1764705882353 , 11.1176470588235 
24-Aug-2005 11:52,200504,GATWICK,FRANCE,TOULOUSE (BLAGNAC),BRITISH AIRWAYS PLC,D,S, 90 , 0 , 86.6666666666667 , 6.66666666666667 , 4.44444444444444 , 2.22222222222222 , 0 , 0 , 8.05555555555556 , 0 , 85 , 82.3529411764706 , 8.63529411764706 
24-Aug-2005 11:52,200504,GATWICK,FRANCE,TOULOUSE (BLAGNAC),EASYJET AIRLINE COMPANY LTD,A,S, 60 , 0 , 81.6666666666667 , 10 , 6.66666666666667 , 1.66666666666667 , 0 , 0 , 8.38333333333333 , 0 , 55 , 87.2727272727273 , 9.4 
24-Aug-2005 11:52,200504,GATWICK,FRANCE,TOULOUSE (BLAGNAC),EASYJET AIRLINE COMPANY LTD,D,S, 60 , 0 , 56.6666666666667 , 33.3333333333333 , 8.33333333333333 , 1.66666666666667 , 0 , 0 , 15.0333333333333 , 1 , 56 , 83.9285714285714 , 8.14285714285714 
24-Aug-2005 11:52,200504,GATWICK,FRANCE,TOULOUSE (BLAGNAC),FIRST CHOICE AIRWAYS LTD,A,C, 3 , 0 , 33.3333333333333 , 0 , 0 , 33.3333333333333 , 33.3333333333333 , 0 , 120.333333333333 , 0 , 2 , 100 , 4.5 
24-Aug-2005 11:52,200504,GATWICK,FRANCE,TOULOUSE (BLAGNAC),FIRST CHOICE AIRWAYS LTD,D,C, 1 , 0 , 100 , 0 , 0 , 0 , 0 , 0 , 15 , 0 , 1 , 100 , 5 
24-Aug-2005 11:52,200504,GATWICK,FRANCE,TOULOUSE (BLAGNAC),MONARCH AIRLINES,A,C, 0 , 1 , 0 , 0 , 0 , 0 , 0 , 0 , 0 , 0 , 1 , 100 , 0 
24-Aug-2005 11:52,200504,GATWICK,FRANCE,TOULOUSE (BLAGNAC),THOMAS COOK AIRLINES LTD,A,C, 1 , 0 , 100 , 0 , 0 , 0 , 0 , 0 , 0 , 0 , 0 , 0 , 0 
24-Aug-2005 11:52,200504,GATWICK,FRANCE,TOULOUSE (BLAGNAC),THOMAS COOK AIRLINES LTD,D,C, 1 , 0 , 0 , 0 , 0 , 100 , 0 , 0 , 80 , 0 , 0 , 0 , 0 
24-Aug-2005 11:52,200504,GATWICK,GABON,LIBREVILLE,AIR GABON,A,S, 0 , 0 , 0 , 0 , 0 , 0 , 0 , 0 , 0 , 0 , 5 , 0 , 51.8 
24-Aug-2005 11:52,200504,GATWICK,GABON,LIBREVILLE,AIR GABON,D,S, 0 , 0 , 0 , 0 , 0 , 0 , 0 , 0 , 0 , 0 , 3 , 0 , 80.3333333333333 
24-Aug-2005 11:52,200504,GATWICK,GAMBIA,BANJUL,FIRST CHOICE AIRWAYS LTD,A,C, 3 , 1 , 66.6666666666667 , 0 , 33.3333333333333 , 0 , 0 , 0 , 13.6666666666667 , 0 , 5 , 100 , 7 
24-Aug-2005 11:52,200504,GATWICK,GAMBIA,BANJUL,FIRST CHOICE AIRWAYS LTD,D,C, 4 , 0 , 50 , 50 , 0 , 0 , 0 , 0 , 17.75 , 0 , 5 , 60 , 17 
24-Aug-2005 11:52,200504,GATWICK,GAMBIA,BANJUL,GAMBIA INTERNATIONAL AIRWAYS,A,C, 1 , 0 , 0 , 0 , 0 , 100 , 0 , 0 , 64 , 0 , 0 , 0 , 0 
24-Aug-2005 11:52,200504,GATWICK,GAMBIA,BANJUL,GAMBIA INTERNATIONAL AIRWAYS,A,S, 0 , 0 , 0 , 0 , 0 , 0 , 0 , 0 , 0 , 0 , 4 , 0 , 71.25 
24-Aug-2005 11:52,200504,GATWICK,GAMBIA,BANJUL,GAMBIA INTERNATIONAL AIRWAYS,D,S, 0 , 0 , 0 , 0 , 0 , 0 , 0 , 0 , 0 , 0 , 4 , 0 , 129.5 
24-Aug-2005 11:52,200504,GATWICK,GAMBIA,BANJUL,MONARCH AIRLINES,A,C, 9 , 0 , 33.3333333333333 , 0 , 44.4444444444444 , 11.1111111111111 , 0 , 11.1111111111111 , 147.888888888889 , 0 , 9 , 22.2222222222222 , 23.8888888888889 
24-Aug-2005 11:52,200504,GATWICK,GAMBIA,BANJUL,MONARCH AIRLINES,D,C, 9 , 0 , 33.3333333333333 , 22.2222222222222 , 33.3333333333333 , 11.1111111111111 , 0 , 0 , 28.3333333333333 , 0 , 9 , 11.1111111111111 , 16.2222222222222 
24-Aug-2005 11:52,200504,GATWICK,GAMBIA,BANJUL,MY TRAVEL AIRWAYS UK,A,C, 0 , 0 , 0 , 0 , 0 , 0 , 0 , 0 , 0 , 0 , 5 , 60 , 44.8 
24-Aug-2005 11:52,200504,GATWICK,GAMBIA,BANJUL,MY TRAVEL AIRWAYS UK,D,C, 0 , 0 , 0 , 0 , 0 , 0 , 0 , 0 , 0 , 0 , 4 , 50 , 63.75 
24-Aug-2005 11:52,200504,GATWICK,GAMBIA,BANJUL,THOMAS COOK AIRLINES LTD,A,C, 5 , 0 , 20 , 20 , 20 , 20 , 20 , 0 , 91.8 , 0 , 4 , 100 , 1.25 
24-Aug-2005 11:52,200504,GATWICK,GAMBIA,BANJUL,THOMAS COOK AIRLINES LTD,D,C, 4 , 0 , 75 , 0 , 25 , 0 , 0 , 0 , 17 , 0 , 4 , 100 , 9.25 
24-Aug-2005 11:52,200504,GATWICK,GERMANY,BERLIN (TEGEL),DEUTSCHE BA,A,C, 0 , 0 , 0 , 0 , 0 , 0 , 0 , 0 , 0 , 0 , 1 , 100 , 3 
24-Aug-2005 11:52,200504,GATWICK,GERMANY,COLOGNE (BONN),EASYJET AIRLINE COMPANY LTD,A,S, 51 , 0 , 80.3921568627451 , 11.7647058823529 , 5.88235294117647 , 1.96078431372549 , 0 , 0 , 9.82352941176471 , 0 , 0 , 0 , 0 
24-Aug-2005 11:52,200504,GATWICK,GERMANY,COLOGNE (BONN),EASYJET AIRLINE COMPANY LTD,D,S, 51 , 0 , 76.4705882352941 , 15.6862745098039 , 5.88235294117647 , 1.96078431372549 , 0 , 0 , 9.2156862745098 , 0 , 0 , 0 , 0 
24-Aug-2005 11:52,200504,GATWICK,GERMANY,COLOGNE (BONN),EUROWINGS LUFTVERKEHRS,A,S, 60 , 0 , 96.6666666666667 , 0 , 1.66666666666667 , 0 , 1.66666666666667 , 0 , 5.48333333333333 , 0 , 2 , 100 , 6 
24-Aug-2005 11:52,200504,GATWICK,GERMANY,COLOGNE (BONN),EUROWINGS LUFTVERKEHRS,D,S, 60 , 0 , 91.6666666666667 , 3.33333333333333 , 3.33333333333333 , 0 , 1.66666666666667 , 0 , 7.1 , 0 , 2 , 100 , 5 
24-Aug-2005 11:52,200504,GATWICK,GERMANY,FRANKFURT MAIN,AIR ALSIE,A,C, 0 , 1 , 0 , 0 , 0 , 0 , 0 , 0 , 0 , 0 , 0 , 0 , 0 
24-Aug-2005 11:52,200504,GATWICK,GERMANY,FRANKFURT MAIN,BRITISH AIRWAYS PLC,A,S, 0 , 0 , 0 , 0 , 0 , 0 , 0 , 0 , 0 , 0 , 44 , 95.4545454545455 , 3.31818181818182 
24-Aug-2005 11:52,200504,GATWICK,GERMANY,FRANKFURT MAIN,BRITISH AIRWAYS PLC,D,S, 0 , 0 , 0 , 0 , 0 , 0 , 0 , 0 , 0 , 0 , 44 , 88.6363636363636 , 7.20454545454545 
24-Aug-2005 11:52,200504,GATWICK,GERMANY,FRANKFURT MAIN,EXCEL AIRWAYS LTD,A,C, 1 , 0 , 0 , 0 , 0 , 100 , 0 , 0 , 103 , 0 , 0 , 0 , 0 
24-Aug-2005 11:52,200504,GATWICK,GERMANY,FRANKFURT MAIN,EXCEL AIRWAYS LTD,D,C, 1 , 0 , 100 , 0 , 0 , 0 , 0 , 0 , 3 , 0 , 0 , 0 , 0 
24-Aug-2005 11:52,200504,GATWICK,GERMANY,FRIEDRICHSHAFEN,MONARCH AIRLINES,A,C, 3 , 0 , 33.3333333333333 , 0 , 33.3333333333333 , 33.3333333333333 , 0 , 0 , 62 , 0 , 0 , 0 , 0 
24-Aug-2005 11:52,200504,GATWICK,GERMANY,FRIEDRICHSHAFEN,MONARCH AIRLINES,D,C, 2 , 0 , 50 , 0 , 0 , 50 , 0 , 0 , 59 , 0 , 0 , 0 , 0 
24-Aug-2005 11:52,200504,GATWICK,GERMANY,HANOVER,BRITISH AIRWAYS PLC,A,S, 77 , 0 , 76.6233766233766 , 14.2857142857143 , 7.79220779220779 , 1.2987012987013 , 0 , 0 , 10.9480519480519 , 0 , 71 , 78.8732394366197 , 9.33802816901408 
24-Aug-2005 11:52,200504,GATWICK,GERMANY,HANOVER,BRITISH AIRWAYS PLC,D,S, 76 , 0 , 76.3157894736842 , 10.5263157894737 , 9.21052631578947 , 3.94736842105263 , 0 , 0 , 12.0394736842105 , 0 , 71 , 85.9154929577465 , 7.84507042253521 
24-Aug-2005 11:52,200504,GATWICK,GERMANY,MUNICH,BRITISH AIRWAYS PLC,A,S, 81 , 0 , 79.0123456790123 , 12.3456790123457 , 8.64197530864197 , 0 , 0 , 0 , 7.83950617283951 , 0 , 80 , 72.5 , 12.1875 
24-Aug-2005 11:52,200504,GATWICK,GERMANY,MUNICH,BRITISH AIRWAYS PLC,D,S, 80 , 0 , 78.75 , 12.5 , 8.75 , 0 , 0 , 0 , 9.075 , 0 , 80 , 90 , 7.0125 
24-Aug-2005 11:52,200504,GATWICK,GERMANY,MUNICH,EUROPEAN AIR CHARTER,A,C, 1 , 0 , 100 , 0 , 0 , 0 , 0 , 0 , 15 , 0 , 0 , 0 , 0 
24-Aug-2005 11:52,200504,GATWICK,GERMANY,MUNICH,EUROPEAN AIR CHARTER,D,C, 1 , 0 , 100 , 0 , 0 , 0 , 0 , 0 , 14 , 0 , 0 , 0 , 0 
24-Aug-2005 11:52,200504,GATWICK,GERMANY,MUNICH,FIRST CHOICE AIRWAYS LTD,A,C, 2 , 0 , 100 , 0 , 0 , 0 , 0 , 0 , 0 , 0 , 0 , 0 , 0 
24-Aug-2005 11:52,200504,GATWICK,GERMANY,MUNICH,FIRST CHOICE AIRWAYS LTD,D,C, 2 , 0 , 100 , 0 , 0 , 0 , 0 , 0 , 4.5 , 0 , 0 , 0 , 0 
24-Aug-2005 11:52,200504,GATWICK,GERMANY,MUNICH,MONARCH AIRLINES,A,C, 1 , 0 , 100 , 0 , 0 , 0 , 0 , 0 , 0 , 0 , 0 , 0 , 0 
24-Aug-2005 11:52,200504,GATWICK,GERMANY,MUNICH,MONARCH AIRLINES,D,C, 1 , 0 , 100 , 0 , 0 , 0 , 0 , 0 , 0 , 0 , 0 , 0 , 0 
24-Aug-2005 11:52,200504,GATWICK,GERMANY,MUNICH,MY TRAVEL AIRWAYS UK,A,C, 1 , 0 , 0 , 100 , 0 , 0 , 0 , 0 , 20 , 0 , 0 , 0 , 0 
24-Aug-2005 11:52,200504,GATWICK,GERMANY,MUNICH,MY TRAVEL AIRWAYS UK,D,C, 1 , 0 , 0 , 0 , 0 , 100 , 0 , 0 , 61 , 0 , 0 , 0 , 0 
24-Aug-2005 11:52,200504,GATWICK,GERMANY,STUTTGART,NETJETS TRANSPORTES AEREOS,D,C, 0 , 1 , 0 , 0 , 0 , 0 , 0 , 0 , 0 , 0 , 0 , 0 , 0 
24-Aug-2005 11:52,200504,GATWICK,GHANA,ACCRA,ASTRAEUS LTD,A,S, 2 , 0 , 0 , 0 , 50 , 50 , 0 , 0 , 68.5 , 0 , 0 , 0 , 0 
24-Aug-2005 11:52,200504,GATWICK,GHANA,ACCRA,ASTRAEUS LTD,D,S, 2 , 0 , 50 , 0 , 50 , 0 , 0 , 0 , 25.5 , 0 , 0 , 0 , 0 
24-Aug-2005 11:52,200504,GATWICK,GHANA,ACCRA,BRITANNIA AIRWAYS AND THOMSONFLY,A,C, 6 , 0 , 16.6666666666667 , 0 , 0 , 66.6666666666667 , 16.6666666666667 , 0 , 121.5 , 0 , 5 , 20 , 82.8 
24-Aug-2005 11:52,200504,GATWICK,GHANA,ACCRA,BRITANNIA AIRWAYS AND THOMSONFLY,D,C, 6 , 0 , 66.6666666666667 , 16.6666666666667 , 0 , 16.6666666666667 , 0 , 0 , 29.1666666666667 , 0 , 4 , 25 , 199.25 
24-Aug-2005 11:52,200504,GATWICK,GHANA,ACCRA,MONARCH AIRLINES,A,C, 4 , 0 , 0 , 25 , 0 , 75 , 0 , 0 , 99 , 0 , 0 , 0 , 0 
24-Aug-2005 11:52,200504,GATWICK,GHANA,ACCRA,MONARCH AIRLINES,D,C, 4 , 0 , 75 , 25 , 0 , 0 , 0 , 0 , 6.5 , 0 , 0 , 0 , 0 
24-Aug-2005 11:52,200504,GATWICK,GIBRALTAR,GIBRALTAR,GB AIRWAYS LTD,A,S, 29 , 0 , 62.0689655172414 , 24.1379310344828 , 10.3448275862069 , 3.44827586206897 , 0 , 0 , 14.8965517241379 , 0 , 58 , 75.8620689655172 , 13.8620689655172 
24-Aug-2005 11:52,200504,GATWICK,GIBRALTAR,GIBRALTAR,GB AIRWAYS LTD,D,S, 30 , 0 , 46.6666666666667 , 23.3333333333333 , 30 , 0 , 0 , 0 , 21.3333333333333 , 0 , 59 , 76.271186440678 , 12.3898305084746 
24-Aug-2005 11:52,200504,GATWICK,GREECE,ATHENS,ASTRAEUS LTD,A,C, 0 , 0 , 0 , 0 , 0 , 0 , 0 , 0 , 0 , 0 , 6 , 66.6666666666667 , 8.33333333333333 
24-Aug-2005 11:52,200504,GATWICK,GREECE,ATHENS,ASTRAEUS LTD,D,C, 0 , 0 , 0 , 0 , 0 , 0 , 0 , 0 , 0 , 0 , 6 , 100 , 4.83333333333333 
24-Aug-2005 11:52,200504,GATWICK,GREECE,ATHENS,EASYJET AIRLINE COMPANY LTD,A,S, 28 , 2 , 96.4285714285714 , 0 , 0 , 3.57142857142857 , 0 , 0 , 5 , 2 , 30 , 66.6666666666667 , 10.7333333333333 
24-Aug-2005 11:52,200504,GATWICK,GREECE,ATHENS,EASYJET AIRLINE COMPANY LTD,D,S, 30 , 0 , 93.3333333333333 , 6.66666666666667 , 0 , 0 , 0 , 0 , 4.23333333333333 , 0 , 30 , 70 , 13.5666666666667 
24-Aug-2005 11:52,200504,GATWICK,GREECE,ATHENS,EXCEL AIRWAYS LTD,A,C, 0 , 0 , 0 , 0 , 0 , 0 , 0 , 0 , 0 , 0 , 2 , 0 , 49.5 
24-Aug-2005 11:52,200504,GATWICK,GREECE,ATHENS,EXCEL AIRWAYS LTD,D,C, 0 , 0 , 0 , 0 , 0 , 0 , 0 , 0 , 0 , 0 , 2 , 100 , 0 
24-Aug-2005 11:52,200504,GATWICK,GREECE,ATHENS,HELLAS JET,A,C, 1 , 0 , 0 , 0 , 100 , 0 , 0 , 0 , 57 , 0 , 0 , 0 , 0 
24-Aug-2005 11:52,200504,GATWICK,GREECE,ATHENS,HELLAS JET,A,S, 0 , 0 , 0 , 0 , 0 , 0 , 0 , 0 , 0 , 0 , 29 , 96.551724137931 , 1.89655172413793 
24-Aug-2005 11:52,200504,GATWICK,GREECE,ATHENS,HELLAS JET,D,C, 0 , 1 , 0 , 0 , 0 , 0 , 0 , 0 , 0 , 0 , 0 , 0 , 0 
24-Aug-2005 11:52,200504,GATWICK,GREECE,ATHENS,HELLAS JET,D,S, 0 , 0 , 0 , 0 , 0 , 0 , 0 , 0 , 0 , 0 , 29 , 75.8620689655172 , 12.448275862069 
24-Aug-2005 11:52,200504,GATWICK,GREECE,ATHENS,MONARCH AIRLINES,A,C, 0 , 0 , 0 , 0 , 0 , 0 , 0 , 0 , 0 , 0 , 1 , 0 , 22 
24-Aug-2005 11:52,200504,GATWICK,GREECE,ATHENS,MONARCH AIRLINES,D,C, 0 , 0 , 0 , 0 , 0 , 0 , 0 , 0 , 0 , 0 , 1 , 100 , 0 
24-Aug-2005 11:52,200504,GATWICK,GREECE,ATHENS,OLYMPIC AIRWAYS,A,S, 15 , 0 , 73.3333333333333 , 26.6666666666667 , 0 , 0 , 0 , 0 , 8.86666666666667 , 0 , 0 , 0 , 0 
24-Aug-2005 11:52,200504,GATWICK,GREECE,ATHENS,OLYMPIC AIRWAYS,D,S, 15 , 0 , 53.3333333333333 , 20 , 20 , 6.66666666666667 , 0 , 0 , 21.3333333333333 , 0 , 0 , 0 , 0 
24-Aug-2005 11:52,200504,GATWICK,GREECE,CHANIA,MONARCH AIRLINES,A,C, 4 , 0 , 100 , 0 , 0 , 0 , 0 , 0 , 0 , 0 , 8 , 62.5 , 12.5 
24-Aug-2005 11:52,200504,GATWICK,GREECE,CHANIA,MONARCH AIRLINES,D,C, 4 , 0 , 100 , 0 , 0 , 0 , 0 , 0 , 0 , 0 , 8 , 75 , 8.875 
24-Aug-2005 11:52,200504,GATWICK,GREECE,CORFU,ASTRAEUS LTD,A,C, 0 , 0 , 0 , 0 , 0 , 0 , 0 , 0 , 0 , 0 , 1 , 100 , 0 
24-Aug-2005 11:52,200504,GATWICK,GREECE,CORFU,ASTRAEUS LTD,D,C, 0 , 0 , 0 , 0 , 0 , 0 , 0 , 0 , 0 , 0 , 1 , 0 , 18 
24-Aug-2005 11:52,200504,GATWICK,GREECE,CORFU,EXCEL AIRWAYS LTD,A,C, 0 , 0 , 0 , 0 , 0 , 0 , 0 , 0 , 0 , 0 , 1 , 100 , 13 
24-Aug-2005 11:52,200504,GATWICK,GREECE,CORFU,EXCEL AIRWAYS LTD,D,C, 1 , 0 , 100 , 0 , 0 , 0 , 0 , 0 , 1 , 0 , 0 , 0 , 0 
24-Aug-2005 11:52,200504,GATWICK,GREECE,CORFU,FIRST CHOICE AIRWAYS LTD,A,C, 0 , 0 , 0 , 0 , 0 , 0 , 0 , 0 , 0 , 0 , 1 , 100 , 12 
24-Aug-2005 11:52,200504,GATWICK,GREECE,CORFU,FIRST CHOICE AIRWAYS LTD,D,C, 0 , 0 , 0 , 0 , 0 , 0 , 0 , 0 , 0 , 0 , 1 , 0 , 20 
24-Aug-2005 11:52,200504,GATWICK,GREECE,CORFU,THOMAS COOK AIRLINES LTD,A,C, 1 , 0 , 100 , 0 , 0 , 0 , 0 , 0 , 0 , 0 , 0 , 0 , 0 
24-Aug-2005 11:52,200504,GATWICK,GREECE,CORFU,THOMAS COOK AIRLINES LTD,D,C, 1 , 0 , 100 , 0 , 0 , 0 , 0 , 0 , 0 , 0 , 0 , 0 , 0 
24-Aug-2005 11:52,200504,GATWICK,GREECE,HERAKLION,ASTRAEUS LTD,A,C, 0 , 0 , 0 , 0 , 0 , 0 , 0 , 0 , 0 , 0 , 1 , 100 , 0 
24-Aug-2005 11:52,200504,GATWICK,GREECE,HERAKLION,ASTRAEUS LTD,D,C, 0 , 0 , 0 , 0 , 0 , 0 , 0 , 0 , 0 , 0 , 2 , 100 , 4.5 
24-Aug-2005 11:52,200504,GATWICK,GREECE,HERAKLION,EXCEL AIRWAYS LTD,A,C, 6 , 0 , 100 , 0 , 0 , 0 , 0 , 0 , 0 , 0 , 3 , 100 , 0.666666666666667 
24-Aug-2005 11:52,200504,GATWICK,GREECE,HERAKLION,EXCEL AIRWAYS LTD,D,C, 8 , 0 , 100 , 0 , 0 , 0 , 0 , 0 , 3 , 0 , 5 , 100 , 1.6 
24-Aug-2005 11:52,200504,GATWICK,GREECE,HERAKLION,FIRST CHOICE AIRWAYS LTD,A,C, 0 , 0 , 0 , 0 , 0 , 0 , 0 , 0 , 0 , 0 , 4 , 100 , 1.5 
24-Aug-2005 11:52,200504,GATWICK,GREECE,HERAKLION,FIRST CHOICE AIRWAYS LTD,D,C, 0 , 0 , 0 , 0 , 0 , 0 , 0 , 0 , 0 , 0 , 5 , 100 , 0.8 
24-Aug-2005 11:52,200504,GATWICK,GREECE,HERAKLION,FLYJET LTD,A,C, 1 , 0 , 100 , 0 , 0 , 0 , 0 , 0 , 0 , 0 , 0 , 0 , 0 
24-Aug-2005 11:52,200504,GATWICK,GREECE,HERAKLION,FLYJET LTD,D,C, 2 , 0 , 100 , 0 , 0 , 0 , 0 , 0 , 4.5 , 0 , 0 , 0 , 0 
24-Aug-2005 11:52,200504,GATWICK,GREECE,HERAKLION,MONARCH AIRLINES,A,C, 0 , 0 , 0 , 0 , 0 , 0 , 0 , 0 , 0 , 0 , 7 , 57.1428571428571 , 13.1428571428571 
24-Aug-2005 11:52,200504,GATWICK,GREECE,HERAKLION,MONARCH AIRLINES,D,C, 0 , 0 , 0 , 0 , 0 , 0 , 0 , 0 , 0 , 0 , 8 , 87.5 , 6.875 
24-Aug-2005 11:52,200504,GATWICK,GREECE,HERAKLION,THOMAS COOK AIRLINES LTD,A,C, 0 , 0 , 0 , 0 , 0 , 0 , 0 , 0 , 0 , 0 , 3 , 66.6666666666667 , 9.66666666666667 
24-Aug-2005 11:52,200504,GATWICK,GREECE,HERAKLION,THOMAS COOK AIRLINES LTD,D,C, 0 , 0 , 0 , 0 , 0 , 0 , 0 , 0 , 0 , 0 , 4 , 100 , 4.25 
24-Aug-2005 11:52,200504,GATWICK,GREECE,KOS,EXCEL AIRWAYS LTD,D,C, 1 , 0 , 100 , 0 , 0 , 0 , 0 , 0 , 0 , 0 , 1 , 100 , 7 
24-Aug-2005 11:52,200504,GATWICK,GREECE,KOS,MONARCH AIRLINES,A,C, 0 , 0 , 0 , 0 , 0 , 0 , 0 , 0 , 0 , 0 , 3 , 100 , 0 
24-Aug-2005 11:52,200504,GATWICK,GREECE,KOS,MONARCH AIRLINES,D,C, 0 , 0 , 0 , 0 , 0 , 0 , 0 , 0 , 0 , 0 , 4 , 100 , 0 
24-Aug-2005 11:52,200504,GATWICK,GREECE,KOS,THOMAS COOK AIRLINES LTD,D,C, 2 , 0 , 100 , 0 , 0 , 0 , 0 , 0 , 4 , 0 , 0 , 0 , 0 
24-Aug-2005 11:52,200504,GATWICK,GREECE,MITILINI,FIRST CHOICE AIRWAYS LTD,D,C, 1 , 0 , 100 , 0 , 0 , 0 , 0 , 0 , 8 , 0 , 1 , 100 , 0 
24-Aug-2005 11:52,200504,GATWICK,GREECE,PREVEZA,ASTRAEUS LTD,D,C, 1 , 0 , 0 , 0 , 100 , 0 , 0 , 0 , 49 , 0 , 0 , 0 , 0 
24-Aug-2005 11:52,200504,GATWICK,GREECE,RHODES,BRITANNIA AIRWAYS AND THOMSONFLY,A,C, 4 , 0 , 50 , 0 , 50 , 0 , 0 , 0 , 22.25 , 0 , 0 , 0 , 0 
24-Aug-2005 11:52,200504,GATWICK,GREECE,RHODES,BRITANNIA AIRWAYS AND THOMSONFLY,D,C, 5 , 0 , 80 , 0 , 20 , 0 , 0 , 0 , 7.8 , 0 , 0 , 0 , 0 
24-Aug-2005 11:52,200504,GATWICK,GREECE,RHODES,EXCEL AIRWAYS LTD,A,C, 0 , 0 , 0 , 0 , 0 , 0 , 0 , 0 , 0 , 0 , 2 , 100 , 6.5 
24-Aug-2005 11:52,200504,GATWICK,GREECE,RHODES,EXCEL AIRWAYS LTD,D,C, 1 , 0 , 100 , 0 , 0 , 0 , 0 , 0 , 0 , 0 , 3 , 100 , 0 
24-Aug-2005 11:52,200504,GATWICK,GREECE,RHODES,FIRST CHOICE AIRWAYS LTD,A,C, 0 , 0 , 0 , 0 , 0 , 0 , 0 , 0 , 0 , 0 , 4 , 100 , 4 
24-Aug-2005 11:52,200504,GATWICK,GREECE,RHODES,FIRST CHOICE AIRWAYS LTD,D,C, 0 , 0 , 0 , 0 , 0 , 0 , 0 , 0 , 0 , 0 , 4 , 50 , 13.25 
24-Aug-2005 11:52,200504,GATWICK,GREECE,RHODES,FLYJET LTD,A,C, 0 , 0 , 0 , 0 , 0 , 0 , 0 , 0 , 0 , 0 , 4 , 0 , 26.5 
24-Aug-2005 11:52,200504,GATWICK,GREECE,RHODES,FLYJET LTD,D,C, 0 , 0 , 0 , 0 , 0 , 0 , 0 , 0 , 0 , 0 , 4 , 100 , 7.5 
24-Aug-2005 11:52,200504,GATWICK,GREECE,RHODES,MONARCH AIRLINES,A,C, 0 , 0 , 0 , 0 , 0 , 0 , 0 , 0 , 0 , 0 , 1 , 0 , 51 
24-Aug-2005 11:52,200504,GATWICK,GREECE,RHODES,MONARCH AIRLINES,D,C, 0 , 0 , 0 , 0 , 0 , 0 , 0 , 0 , 0 , 0 , 1 , 0 , 27 
24-Aug-2005 11:52,200504,GATWICK,GREECE,RHODES,THOMAS COOK AIRLINES LTD,A,C, 0 , 0 , 0 , 0 , 0 , 0 , 0 , 0 , 0 , 0 , 3 , 33.3333333333333 , 18.6666666666667 
24-Aug-2005 11:52,200504,GATWICK,GREECE,RHODES,THOMAS COOK AIRLINES LTD,D,C, 0 , 0 , 0 , 0 , 0 , 0 , 0 , 0 , 0 , 0 , 4 , 50 , 18.25 
24-Aug-2005 11:52,200504,GATWICK,GREECE,SALONIKA,BRITISH AIRWAYS PLC,A,S, 17 , 0 , 58.8235294117647 , 23.5294117647059 , 17.6470588235294 , 0 , 0 , 0 , 17.4117647058824 , 0 , 0 , 0 , 0 
24-Aug-2005 11:52,200504,GATWICK,GREECE,SALONIKA,BRITISH AIRWAYS PLC,D,S, 17 , 0 , 82.3529411764706 , 17.6470588235294 , 0 , 0 , 0 , 0 , 6.88235294117647 , 0 , 0 , 0 , 0 
24-Aug-2005 11:52,200504,GATWICK,GREECE,SALONIKA,OLYMPIC AIRWAYS,A,S, 21 , 0 , 90.4761904761905 , 4.76190476190476 , 4.76190476190476 , 0 , 0 , 0 , 4.85714285714286 , 0 , 21 , 85.7142857142857 , 7.19047619047619 
24-Aug-2005 11:52,200504,GATWICK,GREECE,SALONIKA,OLYMPIC AIRWAYS,D,S, 21 , 0 , 90.4761904761905 , 0 , 9.52380952380952 , 0 , 0 , 0 , 6.33333333333333 , 0 , 21 , 76.1904761904762 , 11.6190476190476 
24-Aug-2005 11:52,200504,GATWICK,GREECE,THIRA (SANTORINI),ASTRAEUS LTD,D,C, 1 , 0 , 100 , 0 , 0 , 0 , 0 , 0 , 0 , 0 , 0 , 0 , 0 
24-Aug-2005 11:52,200504,GATWICK,GRENADA,GRENADA,BRITISH AIRWAYS PLC,A,S, 4 , 0 , 100 , 0 , 0 , 0 , 0 , 0 , 2.25 , 0 , 4 , 75 , 9 
24-Aug-2005 11:52,200504,GATWICK,GRENADA,GRENADA,BRITISH AIRWAYS PLC,D,S, 4 , 0 , 75 , 25 , 0 , 0 , 0 , 0 , 7.25 , 0 , 4 , 50 , 30.25 
24-Aug-2005 11:52,200504,GATWICK,GRENADA,GRENADA,EXCEL AIRWAYS LTD,A,C, 4 , 0 , 50 , 25 , 0 , 0 , 25 , 0 , 51.75 , 0 , 8 , 75 , 7.625 
24-Aug-2005 11:52,200504,GATWICK,GRENADA,GRENADA,EXCEL AIRWAYS LTD,D,C, 4 , 0 , 100 , 0 , 0 , 0 , 0 , 0 , 7.5 , 0 , 4 , 50 , 26.75 
24-Aug-2005 11:52,200504,GATWICK,GRENADA,GRENADA,VIRGIN ATLANTIC AIRWAYS LTD,D,S, 4 , 0 , 75 , 0 , 25 , 0 , 0 , 0 , 14.75 , 0 , 4 , 50 , 15.5 
24-Aug-2005 11:52,200504,GATWICK,HUNGARY,BUDAPEST,BRITISH AIRWAYS PLC,A,S, 30 , 0 , 50 , 36.6666666666667 , 13.3333333333333 , 0 , 0 , 0 , 14.5666666666667 , 0 , 22 , 72.7272727272727 , 13.9090909090909 
24-Aug-2005 11:52,200504,GATWICK,HUNGARY,BUDAPEST,BRITISH AIRWAYS PLC,D,S, 30 , 0 , 60 , 23.3333333333333 , 13.3333333333333 , 3.33333333333333 , 0 , 0 , 18.1666666666667 , 0 , 22 , 81.8181818181818 , 7.95454545454545 
24-Aug-2005 11:52,200504,GATWICK,HUNGARY,BUDAPEST,EASYJET AIRLINE COMPANY LTD,A,S, 30 , 0 , 70 , 16.6666666666667 , 10 , 3.33333333333333 , 0 , 0 , 12.5666666666667 , 0 , 0 , 0 , 0 
24-Aug-2005 11:52,200504,GATWICK,HUNGARY,BUDAPEST,EASYJET AIRLINE COMPANY LTD,D,S, 30 , 0 , 76.6666666666667 , 13.3333333333333 , 6.66666666666667 , 3.33333333333333 , 0 , 0 , 13.5666666666667 , 0 , 0 , 0 , 0 
24-Aug-2005 11:52,200504,GATWICK,HUNGARY,BUDAPEST,EUJET,D,S, 0 , 1 , 0 , 0 , 0 , 0 , 0 , 0 , 0 , 0 , 0 , 0 , 0 
24-Aug-2005 11:52,200504,GATWICK,HUNGARY,BUDAPEST,FIRST CHOICE AIRWAYS LTD,A,C, 1 , 0 , 100 , 0 , 0 , 0 , 0 , 0 , 0 , 0 , 0 , 0 , 0 
24-Aug-2005 11:52,200504,GATWICK,HUNGARY,BUDAPEST,THOMAS COOK AIRLINES LTD,D,C, 1 , 0 , 100 , 0 , 0 , 0 , 0 , 0 , 0 , 0 , 0 , 0 , 0 
24-Aug-2005 11:52,200504,GATWICK,ICELAND,KEFLAVIK,FIRST CHOICE AIRWAYS LTD,A,C, 1 , 0 , 100 , 0 , 0 , 0 , 0 , 0 , 0 , 0 , 0 , 0 , 0 
24-Aug-2005 11:52,200504,GATWICK,ICELAND,KEFLAVIK,FIRST CHOICE AIRWAYS LTD,D,C, 1 , 0 , 100 , 0 , 0 , 0 , 0 , 0 , 5 , 0 , 0 , 0 , 0 
24-Aug-2005 11:52,200504,GATWICK,INDIA,AMRITSAR,FLYJET LTD,A,C, 3 , 0 , 66.6666666666667 , 0 , 33.3333333333333 , 0 , 0 , 0 , 17.3333333333333 , 0 , 0 , 0 , 0 
24-Aug-2005 11:52,200504,GATWICK,INDIA,AMRITSAR,FLYJET LTD,D,C, 3 , 0 , 100 , 0 , 0 , 0 , 0 , 0 , 3.66666666666667 , 0 , 0 , 0 , 0 
24-Aug-2005 11:52,200504,GATWICK,INDIA,AMRITSAR,MONARCH AIRLINES,A,C, 0 , 0 , 0 , 0 , 0 , 0 , 0 , 0 , 0 , 0 , 4 , 25 , 81.5 
24-Aug-2005 11:52,200504,GATWICK,INDIA,AMRITSAR,MONARCH AIRLINES,D,C, 0 , 0 , 0 , 0 , 0 , 0 , 0 , 0 , 0 , 0 , 3 , 66.6666666666667 , 13.3333333333333 
24-Aug-2005 11:52,200504,GATWICK,INDIA,DELHI,MONARCH AIRLINES,A,C, 4 , 0 , 50 , 0 , 25 , 25 , 0 , 0 , 26.5 , 0 , 0 , 0 , 0 
24-Aug-2005 11:52,200504,GATWICK,INDIA,DELHI,MONARCH AIRLINES,D,C, 4 , 0 , 100 , 0 , 0 , 0 , 0 , 0 , 1.25 , 0 , 0 , 0 , 0 
24-Aug-2005 11:52,200504,GATWICK,INDIA,GOA,BRITANNIA AIRWAYS AND THOMSONFLY,A,C, 4 , 0 , 75 , 0 , 0 , 25 , 0 , 0 , 26.5 , 0 , 0 , 0 , 0 
24-Aug-2005 11:52,200504,GATWICK,INDIA,GOA,BRITANNIA AIRWAYS AND THOMSONFLY,D,C, 3 , 0 , 100 , 0 , 0 , 0 , 0 , 0 , 1 , 0 , 0 , 0 , 0 
24-Aug-2005 11:52,200504,GATWICK,INDIA,GOA,EXCEL AIRWAYS LTD,A,C, 8 , 1 , 62.5 , 12.5 , 12.5 , 12.5 , 0 , 0 , 19.625 , 0 , 0 , 0 , 0 
24-Aug-2005 11:52,200504,GATWICK,INDIA,GOA,EXCEL AIRWAYS LTD,D,C, 8 , 0 , 75 , 25 , 0 , 0 , 0 , 0 , 9.25 , 0 , 0 , 0 , 0 
24-Aug-2005 11:52,200504,GATWICK,INDIA,GOA,FIRST CHOICE AIRWAYS LTD,A,C, 8 , 0 , 37.5 , 12.5 , 25 , 12.5 , 0 , 12.5 , 122.75 , 0 , 9 , 88.8888888888889 , 6.44444444444444 
24-Aug-2005 11:52,200504,GATWICK,INDIA,GOA,FIRST CHOICE AIRWAYS LTD,D,C, 7 , 0 , 42.8571428571429 , 0 , 42.8571428571429 , 0 , 0 , 14.2857142857143 , 133.428571428571 , 0 , 8 , 87.5 , 10.75 
24-Aug-2005 11:52,200504,GATWICK,INDIA,GOA,MONARCH AIRLINES,A,C, 18 , 0 , 50 , 16.6666666666667 , 16.6666666666667 , 16.6666666666667 , 0 , 0 , 26.7777777777778 , 0 , 17 , 64.7058823529412 , 18.1764705882353 
24-Aug-2005 11:52,200504,GATWICK,INDIA,GOA,MONARCH AIRLINES,D,C, 17 , 0 , 52.9411764705882 , 23.5294117647059 , 11.7647058823529 , 11.7647058823529 , 0 , 0 , 22.9411764705882 , 0 , 16 , 75 , 12.3125 
24-Aug-2005 11:52,200504,GATWICK,INDIA,GOA,MY TRAVEL AIRWAYS UK,A,C, 4 , 0 , 100 , 0 , 0 , 0 , 0 , 0 , 0.25 , 0 , 0 , 0 , 0 
24-Aug-2005 11:52,200504,GATWICK,INDIA,GOA,MY TRAVEL AIRWAYS UK,D,C, 4 , 0 , 100 , 0 , 0 , 0 , 0 , 0 , 0 , 0 , 0 , 0 , 0 
24-Aug-2005 11:52,200504,GATWICK,IRISH REPUBLIC,CONNAUGHT,EASYJET AIRLINE COMPANY LTD,A,S, 30 , 0 , 83.3333333333333 , 3.33333333333333 , 13.3333333333333 , 0 , 0 , 0 , 8.76666666666667 , 0 , 0 , 0 , 0 
24-Aug-2005 11:52,200504,GATWICK,IRISH REPUBLIC,CONNAUGHT,EASYJET AIRLINE COMPANY LTD,D,S, 30 , 0 , 76.6666666666667 , 13.3333333333333 , 6.66666666666667 , 3.33333333333333 , 0 , 0 , 8.1 , 0 , 0 , 0 , 0 
24-Aug-2005 11:52,200504,GATWICK,IRISH REPUBLIC,CONNAUGHT,RYANAIR,A,S, 29 , 0 , 100 , 0 , 0 , 0 , 0 , 0 , 0.551724137931034 , 1 , 0 , 0 , 0 
24-Aug-2005 11:52,200504,GATWICK,IRISH REPUBLIC,CONNAUGHT,RYANAIR,D,S, 30 , 0 , 93.3333333333333 , 3.33333333333333 , 0 , 0 , 3.33333333333333 , 0 , 12.1333333333333 , 0 , 0 , 0 , 0 
24-Aug-2005 11:52,200504,GATWICK,IRISH REPUBLIC,CORK,BMIBABY LTD,A,S, 0 , 0 , 0 , 0 , 0 , 0 , 0 , 0 , 0 , 0 , 1 , 0 , 21 
24-Aug-2005 11:52,200504,GATWICK,IRISH REPUBLIC,CORK,BMIBABY LTD,D,S, 0 , 0 , 0 , 0 , 0 , 0 , 0 , 0 , 0 , 0 , 1 , 0 , 22 
24-Aug-2005 11:52,200504,GATWICK,IRISH REPUBLIC,CORK,EASYJET AIRLINE COMPANY LTD,A,S, 59 , 0 , 74.5762711864407 , 15.2542372881356 , 8.47457627118644 , 1.69491525423729 , 0 , 0 , 10.6440677966102 , 0 , 0 , 0 , 0 
24-Aug-2005 11:52,200504,GATWICK,IRISH REPUBLIC,CORK,EASYJET AIRLINE COMPANY LTD,D,S, 60 , 0 , 71.6666666666667 , 16.6666666666667 , 10 , 1.66666666666667 , 0 , 0 , 11.5833333333333 , 0 , 0 , 0 , 0 
24-Aug-2005 11:52,200504,GATWICK,IRISH REPUBLIC,DUBLIN,BRITISH AIRWAYS PLC,A,S, 111 , 0 , 83.7837837837838 , 9.00900900900901 , 5.40540540540541 , 1.8018018018018 , 0 , 0 , 8.57657657657658 , 0 , 111 , 88.2882882882883 , 5 
24-Aug-2005 11:52,200504,GATWICK,IRISH REPUBLIC,DUBLIN,BRITISH AIRWAYS PLC,D,S, 111 , 0 , 84.6846846846847 , 10.8108108108108 , 2.7027027027027 , 1.8018018018018 , 0 , 0 , 6.87387387387387 , 0 , 112 , 89.2857142857143 , 5.59821428571429 
24-Aug-2005 11:52,200504,GATWICK,IRISH REPUBLIC,DUBLIN,EUJET,A,S, 0 , 1 , 0 , 0 , 0 , 0 , 0 , 0 , 0 , 0 , 0 , 0 , 0 
24-Aug-2005 11:52,200504,GATWICK,IRISH REPUBLIC,DUBLIN,EXCEL AIRWAYS LTD,A,C, 0 , 1 , 0 , 0 , 0 , 0 , 0 , 0 , 0 , 0 , 1 , 100 , 0 
24-Aug-2005 11:52,200504,GATWICK,IRISH REPUBLIC,DUBLIN,EXCEL AIRWAYS LTD,D,C, 1 , 0 , 100 , 0 , 0 , 0 , 0 , 0 , 0 , 0 , 1 , 0 , 19 
24-Aug-2005 11:52,200504,GATWICK,IRISH REPUBLIC,DUBLIN,RYANAIR,A,S, 177 , 0 , 87.5706214689266 , 5.64971751412429 , 3.95480225988701 , 2.82485875706215 , 0 , 0 , 8.5593220338983 , 0 , 151 , 88.7417218543046 , 6.02649006622517 
24-Aug-2005 11:52,200504,GATWICK,IRISH REPUBLIC,DUBLIN,RYANAIR,D,S, 176 , 0 , 89.2045454545455 , 5.11363636363636 , 1.70454545454545 , 3.40909090909091 , 0 , 0.568181818181818 , 8.65909090909091 , 2 , 151 , 92.7152317880795 , 4.82119205298013 
24-Aug-2005 11:52,200504,GATWICK,IRISH REPUBLIC,DUBLIN,TAG AVIATION SA,D,C, 0 , 1 , 0 , 0 , 0 , 0 , 0 , 0 , 0 , 0 , 0 , 0 , 0 
24-Aug-2005 11:52,200504,GATWICK,IRISH REPUBLIC,SHANNON,AIR ATLANTA EUROPE LTD,A,C, 0 , 0 , 0 , 0 , 0 , 0 , 0 , 0 , 0 , 0 , 1 , 100 , 0 
24-Aug-2005 11:52,200504,GATWICK,IRISH REPUBLIC,SHANNON,AIR ATLANTA EUROPE LTD,D,C, 0 , 0 , 0 , 0 , 0 , 0 , 0 , 0 , 0 , 0 , 1 , 100 , 0 
24-Aug-2005 11:52,200504,GATWICK,IRISH REPUBLIC,SHANNON,EASYJET AIRLINE COMPANY LTD,A,S, 37 , 0 , 67.5675675675676 , 18.9189189189189 , 5.40540540540541 , 8.10810810810811 , 0 , 0 , 18.2972972972973 , 0 , 0 , 0 , 0 
24-Aug-2005 11:52,200504,GATWICK,IRISH REPUBLIC,SHANNON,EASYJET AIRLINE COMPANY LTD,D,S, 36 , 0 , 72.2222222222222 , 13.8888888888889 , 8.33333333333333 , 5.55555555555556 , 0 , 0 , 14.6111111111111 , 0 , 0 , 0 , 0 
24-Aug-2005 11:52,200504,GATWICK,IRISH REPUBLIC,SHANNON,THOMAS COOK AIRLINES LTD,A,C, 1 , 0 , 0 , 0 , 0 , 100 , 0 , 0 , 69 , 0 , 0 , 0 , 0 
24-Aug-2005 11:52,200504,GATWICK,IRISH REPUBLIC,SHANNON,THOMAS COOK AIRLINES LTD,D,C, 1 , 0 , 0 , 0 , 100 , 0 , 0 , 0 , 42 , 0 , 0 , 0 , 0 
24-Aug-2005 11:52,200504,GATWICK,ISRAEL,OVDA,FIRST CHOICE AIRWAYS LTD,A,C, 0 , 0 , 0 , 0 , 0 , 0 , 0 , 0 , 0 , 0 , 2 , 0 , 102.5 
24-Aug-2005 11:52,200504,GATWICK,ISRAEL,OVDA,FIRST CHOICE AIRWAYS LTD,D,C, 0 , 0 , 0 , 0 , 0 , 0 , 0 , 0 , 0 , 0 , 2 , 100 , 5 
24-Aug-2005 11:52,200504,GATWICK,ISRAEL,OVDA,FLYJET LTD,A,C, 0 , 0 , 0 , 0 , 0 , 0 , 0 , 0 , 0 , 0 , 1 , 0 , 52 
24-Aug-2005 11:52,200504,GATWICK,ISRAEL,OVDA,FLYJET LTD,D,C, 0 , 0 , 0 , 0 , 0 , 0 , 0 , 0 , 0 , 0 , 1 , 100 , 6 
24-Aug-2005 11:52,200504,GATWICK,ISRAEL,TEL AVIV,ARKIA,A,C, 0 , 0 , 0 , 0 , 0 , 0 , 0 , 0 , 0 , 0 , 1 , 0 , 40 
24-Aug-2005 11:52,200504,GATWICK,ISRAEL,TEL AVIV,BRITANNIA AIRWAYS AND THOMSONFLY,A,C, 1 , 0 , 0 , 0 , 0 , 100 , 0 , 0 , 73 , 0 , 3 , 0 , 76.6666666666667 
24-Aug-2005 11:52,200504,GATWICK,ISRAEL,TEL AVIV,BRITANNIA AIRWAYS AND THOMSONFLY,D,C, 0 , 0 , 0 , 0 , 0 , 0 , 0 , 0 , 0 , 0 , 1 , 0 , 162 
24-Aug-2005 11:52,200504,GATWICK,ISRAEL,TEL AVIV,CONTINENTAL AIRLINES,A,S, 0 , 1 , 0 , 0 , 0 , 0 , 0 , 0 , 0 , 0 , 0 , 0 , 0 
24-Aug-2005 11:52,200504,GATWICK,ISRAEL,TEL AVIV,EL AL,A,C, 0 , 0 , 0 , 0 , 0 , 0 , 0 , 0 , 0 , 0 , 2 , 100 , 5 
24-Aug-2005 11:52,200504,GATWICK,ISRAEL,TEL AVIV,EL AL,D,C, 0 , 0 , 0 , 0 , 0 , 0 , 0 , 0 , 0 , 0 , 2 , 50 , 308 
24-Aug-2005 11:52,200504,GATWICK,ISRAEL,TEL AVIV,EXCEL AIRWAYS LTD,A,C, 1 , 0 , 0 , 0 , 100 , 0 , 0 , 0 , 45 , 0 , 0 , 0 , 0 
24-Aug-2005 11:52,200504,GATWICK,ISRAEL,TEL AVIV,EXCEL AIRWAYS LTD,D,C, 0 , 0 , 0 , 0 , 0 , 0 , 0 , 0 , 0 , 0 , 2 , 50 , 27.5 
24-Aug-2005 11:52,200504,GATWICK,ISRAEL,TEL AVIV,FLYJET LTD,A,C, 2 , 0 , 0 , 0 , 50 , 50 , 0 , 0 , 78 , 0 , 0 , 0 , 0 
24-Aug-2005 11:52,200504,GATWICK,ISRAEL,TEL AVIV,ISRAIR LTD,A,C, 0 , 0 , 0 , 0 , 0 , 0 , 0 , 0 , 0 , 0 , 13 , 69.2307692307692 , 14 
24-Aug-2005 11:52,200504,GATWICK,ISRAEL,TEL AVIV,ISRAIR LTD,D,C, 0 , 1 , 0 , 0 , 0 , 0 , 0 , 0 , 0 , 0 , 13 , 46.1538461538462 , 22.6923076923077 
24-Aug-2005 11:52,200504,GATWICK,ISRAEL,TEL AVIV,MONARCH AIRLINES,A,C, 0 , 0 , 0 , 0 , 0 , 0 , 0 , 0 , 0 , 0 , 3 , 66.6666666666667 , 10 
24-Aug-2005 11:52,200504,GATWICK,ISRAEL,TEL AVIV,MONARCH AIRLINES,D,C, 0 , 0 , 0 , 0 , 0 , 0 , 0 , 0 , 0 , 0 , 4 , 75 , 5.75 
24-Aug-2005 11:52,200504,GATWICK,ISRAEL,TEL AVIV,MY TRAVEL AIRWAYS UK,A,C, 1 , 0 , 0 , 0 , 0 , 100 , 0 , 0 , 78 , 0 , 0 , 0 , 0 
24-Aug-2005 11:52,200504,GATWICK,ITALY,BARI (PALESE),BRITISH AIRWAYS PLC,A,S, 9 , 0 , 88.8888888888889 , 11.1111111111111 , 0 , 0 , 0 , 0 , 6.11111111111111 , 0 , 13 , 84.6153846153846 , 6.84615384615385 
24-Aug-2005 11:52,200504,GATWICK,ITALY,BARI (PALESE),BRITISH AIRWAYS PLC,D,S, 9 , 0 , 88.8888888888889 , 11.1111111111111 , 0 , 0 , 0 , 0 , 7.44444444444444 , 0 , 13 , 100 , 2.30769230769231 
24-Aug-2005 11:52,200504,GATWICK,ITALY,BERGAMO,ASTRAEUS LTD,A,C, 0 , 0 , 0 , 0 , 0 , 0 , 0 , 0 , 0 , 0 , 1 , 100 , 0 
24-Aug-2005 11:52,200504,GATWICK,ITALY,BERGAMO,BRITISH AIRWAYS PLC,A,C, 2 , 0 , 50 , 0 , 50 , 0 , 0 , 0 , 15.5 , 0 , 0 , 0 , 0 
24-Aug-2005 11:52,200504,GATWICK,ITALY,BERGAMO,THOMAS COOK AIRLINES LTD,A,C, 0 , 0 , 0 , 0 , 0 , 0 , 0 , 0 , 0 , 0 , 1 , 100 , 0 
24-Aug-2005 11:52,200504,GATWICK,ITALY,BOLOGNA,BRITISH AIRWAYS PLC,A,S, 88 , 0 , 84.0909090909091 , 10.2272727272727 , 3.40909090909091 , 2.27272727272727 , 0 , 0 , 8.10227272727273 , 0 , 87 , 88.5057471264368 , 8.80459770114943 
24-Aug-2005 11:52,200504,GATWICK,ITALY,BOLOGNA,BRITISH AIRWAYS PLC,D,S, 87 , 0 , 81.6091954022989 , 11.4942528735632 , 4.59770114942529 , 2.29885057471264 , 0 , 0 , 9.94252873563218 , 0 , 87 , 80.4597701149425 , 12.3793103448276 
24-Aug-2005 11:52,200504,GATWICK,ITALY,BRESCIA/MONTICHIARI,EXCEL AIRWAYS LTD,A,C, 0 , 0 , 0 , 0 , 0 , 0 , 0 , 0 , 0 , 0 , 4 , 100 , 0 
24-Aug-2005 11:52,200504,GATWICK,ITALY,BRESCIA/MONTICHIARI,EXCEL AIRWAYS LTD,D,C, 1 , 0 , 100 , 0 , 0 , 0 , 0 , 0 , 7 , 0 , 3 , 100 , 4.33333333333333 
24-Aug-2005 11:52,200504,GATWICK,ITALY,CAGLIARI (ELMAS),BRITISH AIRWAYS PLC,A,S, 2 , 0 , 100 , 0 , 0 , 0 , 0 , 0 , 0 , 0 , 0 , 0 , 0 
24-Aug-2005 11:52,200504,GATWICK,ITALY,CAGLIARI (ELMAS),BRITISH AIRWAYS PLC,D,S, 2 , 0 , 100 , 0 , 0 , 0 , 0 , 0 , 5.5 , 0 , 0 , 0 , 0 
24-Aug-2005 11:52,200504,GATWICK,ITALY,CAGLIARI (ELMAS),MERIDIANA AIR,A,S, 24 , 0 , 37.5 , 12.5 , 41.6666666666667 , 8.33333333333333 , 0 , 0 , 29.0416666666667 , 1 , 0 , 0 , 0 
24-Aug-2005 11:52,200504,GATWICK,ITALY,CAGLIARI (ELMAS),MERIDIANA AIR,D,S, 26 , 0 , 73.0769230769231 , 7.69230769230769 , 19.2307692307692 , 0 , 0 , 0 , 11.3846153846154 , 0 , 0 , 0 , 0 
24-Aug-2005 11:52,200504,GATWICK,ITALY,CATANIA (FONTANAROSSA),BRITISH AIRWAYS PLC,A,S, 4 , 0 , 75 , 25 , 0 , 0 , 0 , 0 , 11.5 , 0 , 0 , 0 , 0 
24-Aug-2005 11:52,200504,GATWICK,ITALY,CATANIA (FONTANAROSSA),BRITISH AIRWAYS PLC,D,S, 4 , 0 , 100 , 0 , 0 , 0 , 0 , 0 , 6.5 , 0 , 0 , 0 , 0 
24-Aug-2005 11:52,200504,GATWICK,ITALY,FLORENCE,MERIDIANA AIR,A,S, 36 , 0 , 80.5555555555556 , 13.8888888888889 , 5.55555555555556 , 0 , 0 , 0 , 8.08333333333333 , 0 , 53 , 79.2452830188679 , 15.9433962264151 
24-Aug-2005 11:52,200504,GATWICK,ITALY,FLORENCE,MERIDIANA AIR,D,S, 34 , 0 , 64.7058823529412 , 20.5882352941176 , 11.7647058823529 , 2.94117647058824 , 0 , 0 , 13.9411764705882 , 1 , 53 , 83.0188679245283 , 14.9622641509434 
24-Aug-2005 11:52,200504,GATWICK,ITALY,FLORENCE,NETJETS TRANSPORTES AEREOS,A,C, 0 , 1 , 0 , 0 , 0 , 0 , 0 , 0 , 0 , 0 , 0 , 0 , 0 
24-Aug-2005 11:52,200504,GATWICK,ITALY,GENOA,BRITISH AIRWAYS PLC,A,S, 0 , 0 , 0 , 0 , 0 , 0 , 0 , 0 , 0 , 0 , 32 , 100 , 1.59375 
24-Aug-2005 11:52,200504,GATWICK,ITALY,GENOA,BRITISH AIRWAYS PLC,D,S, 0 , 0 , 0 , 0 , 0 , 0 , 0 , 0 , 0 , 0 , 32 , 87.5 , 5.75 
24-Aug-2005 11:52,200504,GATWICK,ITALY,GENOA,TITAN AIRWAYS LTD,A,C, 0 , 0 , 0 , 0 , 0 , 0 , 0 , 0 , 0 , 0 , 1 , 0 , 30 
24-Aug-2005 11:52,200504,GATWICK,ITALY,MILAN (LINATE),EASYJET AIRLINE COMPANY LTD,A,S, 30 , 0 , 86.6666666666667 , 6.66666666666667 , 3.33333333333333 , 3.33333333333333 , 0 , 0 , 5.4 , 0 , 30 , 96.6666666666667 , 2.86666666666667 
24-Aug-2005 11:52,200504,GATWICK,ITALY,MILAN (LINATE),EASYJET AIRLINE COMPANY LTD,D,S, 30 , 0 , 76.6666666666667 , 13.3333333333333 , 6.66666666666667 , 3.33333333333333 , 0 , 0 , 9.83333333333333 , 0 , 30 , 80 , 8.86666666666667 
24-Aug-2005 11:52,200504,GATWICK,ITALY,NAPLES,BRITANNIA AIRWAYS AND THOMSONFLY,A,C, 5 , 0 , 80 , 20 , 0 , 0 , 0 , 0 , 4.4 , 0 , 5 , 60 , 13 
24-Aug-2005 11:52,200504,GATWICK,ITALY,NAPLES,BRITANNIA AIRWAYS AND THOMSONFLY,D,C, 5 , 0 , 100 , 0 , 0 , 0 , 0 , 0 , 0.6 , 0 , 5 , 80 , 11 
24-Aug-2005 11:52,200504,GATWICK,ITALY,NAPLES,BRITISH AIRWAYS PLC,A,S, 91 , 0 , 70.3296703296703 , 16.4835164835165 , 7.69230769230769 , 5.49450549450549 , 0 , 0 , 13.8351648351648 , 0 , 98 , 74.4897959183673 , 11.5714285714286 
24-Aug-2005 11:52,200504,GATWICK,ITALY,NAPLES,BRITISH AIRWAYS PLC,D,S, 91 , 0 , 75.8241758241758 , 17.5824175824176 , 4.3956043956044 , 2.1978021978022 , 0 , 0 , 13.4725274725275 , 0 , 98 , 73.469387755102 , 11.0612244897959 
24-Aug-2005 11:52,200504,GATWICK,ITALY,NAPLES,EASYJET AIRLINE COMPANY LTD,A,S, 0 , 0 , 0 , 0 , 0 , 0 , 0 , 0 , 0 , 0 , 8 , 100 , 2.25 
24-Aug-2005 11:52,200504,GATWICK,ITALY,NAPLES,EASYJET AIRLINE COMPANY LTD,D,S, 0 , 0 , 0 , 0 , 0 , 0 , 0 , 0 , 0 , 0 , 8 , 100 , 0.375 
24-Aug-2005 11:52,200504,GATWICK,ITALY,NAPLES,EXCEL AIRWAYS LTD,A,C, 3 , 0 , 100 , 0 , 0 , 0 , 0 , 0 , 0.333333333333333 , 0 , 3 , 100 , 3.66666666666667 
24-Aug-2005 11:52,200504,GATWICK,ITALY,NAPLES,EXCEL AIRWAYS LTD,D,C, 3 , 0 , 100 , 0 , 0 , 0 , 0 , 0 , 4 , 0 , 4 , 100 , 1.25 
24-Aug-2005 11:52,200504,GATWICK,ITALY,NAPLES,FIRST CHOICE AIRWAYS LTD,A,C, 5 , 0 , 100 , 0 , 0 , 0 , 0 , 0 , 0.8 , 0 , 5 , 100 , 1.2 
24-Aug-2005 11:52,200504,GATWICK,ITALY,NAPLES,FIRST CHOICE AIRWAYS LTD,D,C, 5 , 0 , 100 , 0 , 0 , 0 , 0 , 0 , 6.8 , 0 , 5 , 100 , 2 
24-Aug-2005 11:52,200504,GATWICK,ITALY,OLBIA,MERIDIANA AIR,A,C, 1 , 0 , 100 , 0 , 0 , 0 , 0 , 0 , 0 , 0 , 0 , 0 , 0 
24-Aug-2005 11:52,200504,GATWICK,ITALY,OLBIA,MERIDIANA AIR,A,S, 0 , 0 , 0 , 0 , 0 , 0 , 0 , 0 , 0 , 0 , 6 , 83.3333333333333 , 19.3333333333333 
24-Aug-2005 11:52,200504,GATWICK,ITALY,OLBIA,MERIDIANA AIR,D,C, 1 , 0 , 100 , 0 , 0 , 0 , 0 , 0 , 0 , 0 , 0 , 0 , 0 
24-Aug-2005 11:52,200504,GATWICK,ITALY,OLBIA,MERIDIANA AIR,D,S, 0 , 0 , 0 , 0 , 0 , 0 , 0 , 0 , 0 , 0 , 6 , 83.3333333333333 , 14 
24-Aug-2005 11:52,200504,GATWICK,ITALY,PISA,BRITISH AIRWAYS PLC,A,S, 94 , 0 , 87.2340425531915 , 6.38297872340426 , 4.25531914893617 , 1.06382978723404 , 0 , 1.06382978723404 , 14.1063829787234 , 0 , 95 , 81.0526315789474 , 8.71578947368421 
24-Aug-2005 11:52,200504,GATWICK,ITALY,PISA,BRITISH AIRWAYS PLC,D,S, 94 , 0 , 78.7234042553192 , 12.7659574468085 , 7.4468085106383 , 1.06382978723404 , 0 , 0 , 10.7765957446809 , 0 , 95 , 77.8947368421053 , 9.02105263157895 
24-Aug-2005 11:52,200504,GATWICK,ITALY,ROME (CIAMPINO),EASYJET AIRLINE COMPANY LTD,A,S, 57 , 2 , 84.2105263157895 , 7.01754385964912 , 5.26315789473684 , 3.50877192982456 , 0 , 0 , 8.12280701754386 , 0 , 0 , 0 , 0 
24-Aug-2005 11:52,200504,GATWICK,ITALY,ROME (CIAMPINO),EASYJET AIRLINE COMPANY LTD,D,S, 57 , 2 , 85.9649122807018 , 5.26315789473684 , 5.26315789473684 , 3.50877192982456 , 0 , 0 , 8.43859649122807 , 0 , 0 , 0 , 0 
24-Aug-2005 11:52,200504,GATWICK,ITALY,ROME (FIUMICINO),BRITISH AIRWAYS PLC,A,S, 60 , 0 , 66.6666666666667 , 16.6666666666667 , 13.3333333333333 , 3.33333333333333 , 0 , 0 , 15.3333333333333 , 0 , 30 , 86.6666666666667 , 10.0666666666667 
24-Aug-2005 11:52,200504,GATWICK,ITALY,ROME (FIUMICINO),BRITISH AIRWAYS PLC,D,S, 60 , 0 , 66.6666666666667 , 21.6666666666667 , 10 , 1.66666666666667 , 0 , 0 , 13.5666666666667 , 0 , 30 , 73.3333333333333 , 12.0333333333333 
24-Aug-2005 11:52,200504,GATWICK,ITALY,TURIN,BRITANNIA AIRWAYS AND THOMSONFLY,A,C, 5 , 0 , 100 , 0 , 0 , 0 , 0 , 0 , 0 , 0 , 5 , 100 , 1.4 
24-Aug-2005 11:52,200504,GATWICK,ITALY,TURIN,BRITANNIA AIRWAYS AND THOMSONFLY,D,C, 2 , 0 , 100 , 0 , 0 , 0 , 0 , 0 , 0 , 0 , 3 , 100 , 2.66666666666667 
24-Aug-2005 11:52,200504,GATWICK,ITALY,TURIN,BRITISH AIRWAYS PLC,A,C, 0 , 0 , 0 , 0 , 0 , 0 , 0 , 0 , 0 , 0 , 2 , 50 , 15.5 
24-Aug-2005 11:52,200504,GATWICK,ITALY,TURIN,BRITISH AIRWAYS PLC,A,S, 30 , 0 , 93.3333333333333 , 3.33333333333333 , 3.33333333333333 , 0 , 0 , 0 , 6.93333333333333 , 0 , 30 , 80 , 13.8 
24-Aug-2005 11:52,200504,GATWICK,ITALY,TURIN,BRITISH AIRWAYS PLC,D,C, 0 , 0 , 0 , 0 , 0 , 0 , 0 , 0 , 0 , 0 , 1 , 0 , 27 
24-Aug-2005 11:52,200504,GATWICK,ITALY,TURIN,BRITISH AIRWAYS PLC,D,S, 30 , 0 , 70 , 23.3333333333333 , 6.66666666666667 , 0 , 0 , 0 , 11.5 , 0 , 30 , 80 , 14.1333333333333 
24-Aug-2005 11:52,200504,GATWICK,ITALY,TURIN,EUROPEAN AIR CHARTER,A,C, 1 , 0 , 100 , 0 , 0 , 0 , 0 , 0 , 0 , 0 , 0 , 0 , 0 
24-Aug-2005 11:52,200504,GATWICK,ITALY,TURIN,FIRST CHOICE AIRWAYS LTD,A,C, 4 , 0 , 100 , 0 , 0 , 0 , 0 , 0 , 0 , 0 , 5 , 100 , 2.2 
24-Aug-2005 11:52,200504,GATWICK,ITALY,TURIN,FIRST CHOICE AIRWAYS LTD,D,C, 3 , 0 , 66.6666666666667 , 0 , 33.3333333333333 , 0 , 0 , 0 , 12.3333333333333 , 0 , 4 , 100 , 0.25 
24-Aug-2005 11:52,200504,GATWICK,ITALY,TURIN,MONARCH AIRLINES,A,C, 2 , 0 , 50 , 0 , 50 , 0 , 0 , 0 , 28.5 , 0 , 3 , 66.6666666666667 , 36.3333333333333 
24-Aug-2005 11:52,200504,GATWICK,ITALY,TURIN,MONARCH AIRLINES,D,C, 1 , 0 , 100 , 0 , 0 , 0 , 0 , 0 , 0 , 0 , 2 , 50 , 58.5 
24-Aug-2005 11:52,200504,GATWICK,ITALY,TURIN,MY TRAVEL AIRWAYS UK,A,C, 1 , 0 , 100 , 0 , 0 , 0 , 0 , 0 , 0 , 0 , 0 , 0 , 0 
24-Aug-2005 11:52,200504,GATWICK,ITALY,TURIN,THOMAS COOK AIRLINES LTD,A,C, 1 , 0 , 100 , 0 , 0 , 0 , 0 , 0 , 0 , 0 , 1 , 100 , 0 
24-Aug-2005 11:52,200504,GATWICK,ITALY,VENICE,BRITANNIA AIRWAYS AND THOMSONFLY,A,C, 0 , 0 , 0 , 0 , 0 , 0 , 0 , 0 , 0 , 0 , 1 , 0 , 63 
24-Aug-2005 11:52,200504,GATWICK,ITALY,VENICE,BRITANNIA AIRWAYS AND THOMSONFLY,D,C, 0 , 0 , 0 , 0 , 0 , 0 , 0 , 0 , 0 , 0 , 1 , 100 , 0 
24-Aug-2005 11:52,200504,GATWICK,ITALY,VENICE,BRITISH AIRWAYS PLC,A,S, 90 , 0 , 70 , 23.3333333333333 , 5.55555555555556 , 1.11111111111111 , 0 , 0 , 10.3222222222222 , 0 , 94 , 71.2765957446808 , 13.8191489361702 
24-Aug-2005 11:52,200504,GATWICK,ITALY,VENICE,BRITISH AIRWAYS PLC,D,S, 90 , 0 , 71.1111111111111 , 21.1111111111111 , 6.66666666666667 , 1.11111111111111 , 0 , 0 , 12.3444444444444 , 0 , 94 , 79.7872340425532 , 10.6914893617021 
24-Aug-2005 11:52,200504,GATWICK,ITALY,VENICE,EASYJET AIRLINE COMPANY LTD,A,S, 60 , 0 , 83.3333333333333 , 10 , 3.33333333333333 , 3.33333333333333 , 0 , 0 , 8.01666666666667 , 0 , 0 , 0 , 0 
24-Aug-2005 11:52,200504,GATWICK,ITALY,VENICE,EASYJET AIRLINE COMPANY LTD,D,S, 60 , 0 , 80 , 11.6666666666667 , 6.66666666666667 , 1.66666666666667 , 0 , 0 , 8.33333333333333 , 0 , 0 , 0 , 0 
24-Aug-2005 11:52,200504,GATWICK,ITALY,VENICE,FIRST CHOICE AIRWAYS LTD,A,C, 0 , 0 , 0 , 0 , 0 , 0 , 0 , 0 , 0 , 0 , 3 , 33.3333333333333 , 18.3333333333333 
24-Aug-2005 11:52,200504,GATWICK,ITALY,VENICE,FIRST CHOICE AIRWAYS LTD,D,C, 0 , 0 , 0 , 0 , 0 , 0 , 0 , 0 , 0 , 0 , 4 , 75 , 11.5 
24-Aug-2005 11:52,200504,GATWICK,ITALY,VERONA VILLAFRANCA,AEROFLIGHT,A,C, 0 , 1 , 0 , 0 , 0 , 0 , 0 , 0 , 0 , 0 , 0 , 0 , 0 
24-Aug-2005 11:52,200504,GATWICK,ITALY,VERONA VILLAFRANCA,BRITANNIA AIRWAYS AND THOMSONFLY,A,C, 1 , 0 , 0 , 0 , 0 , 0 , 100 , 0 , 225 , 0 , 2 , 0 , 30 
24-Aug-2005 11:52,200504,GATWICK,ITALY,VERONA VILLAFRANCA,BRITANNIA AIRWAYS AND THOMSONFLY,D,C, 1 , 0 , 0 , 0 , 0 , 0 , 100 , 0 , 215 , 0 , 1 , 100 , 0 
24-Aug-2005 11:52,200504,GATWICK,ITALY,VERONA VILLAFRANCA,BRITISH AIRWAYS PLC,A,S, 59 , 1 , 93.2203389830508 , 1.69491525423729 , 0 , 5.08474576271186 , 0 , 0 , 8.66101694915254 , 1 , 60 , 73.3333333333333 , 9.95 
24-Aug-2005 11:52,200504,GATWICK,ITALY,VERONA VILLAFRANCA,BRITISH AIRWAYS PLC,D,S, 60 , 0 , 81.6666666666667 , 8.33333333333333 , 6.66666666666667 , 3.33333333333333 , 0 , 0 , 11.9166666666667 , 0 , 60 , 55 , 17.6333333333333 
24-Aug-2005 11:52,200504,GATWICK,ITALY,VERONA VILLAFRANCA,FIRST CHOICE AIRWAYS LTD,A,C, 0 , 0 , 0 , 0 , 0 , 0 , 0 , 0 , 0 , 0 , 2 , 100 , 0 
24-Aug-2005 11:52,200504,GATWICK,ITALY,VERONA VILLAFRANCA,FIRST CHOICE AIRWAYS LTD,D,C, 0 , 0 , 0 , 0 , 0 , 0 , 0 , 0 , 0 , 0 , 2 , 100 , 4 
24-Aug-2005 11:52,200504,GATWICK,ITALY,VERONA VILLAFRANCA,HAMBURG INTERNATIONAL,A,C, 1 , 0 , 100 , 0 , 0 , 0 , 0 , 0 , 0 , 0 , 0 , 0 , 0 
24-Aug-2005 11:52,200504,GATWICK,ITALY,VERONA VILLAFRANCA,MONARCH AIRLINES,A,C, 3 , 0 , 33.3333333333333 , 0 , 33.3333333333333 , 0 , 33.3333333333333 , 0 , 97.6666666666667 , 0 , 0 , 0 , 0 
24-Aug-2005 11:52,200504,GATWICK,ITALY,VERONA VILLAFRANCA,MONARCH AIRLINES,D,C, 1 , 0 , 100 , 0 , 0 , 0 , 0 , 0 , 0 , 0 , 0 , 0 , 0 
24-Aug-2005 11:52,200504,GATWICK,ITALY,VERONA VILLAFRANCA,THOMAS COOK AIRLINES LTD,A,C, 1 , 0 , 100 , 0 , 0 , 0 , 0 , 0 , 0 , 0 , 0 , 0 , 0 
24-Aug-2005 11:52,200504,GATWICK,JAMAICA,KINGSTON,BRITISH AIRWAYS PLC,A,S, 13 , 0 , 38.4615384615385 , 23.0769230769231 , 15.3846153846154 , 15.3846153846154 , 7.69230769230769 , 0 , 46.1538461538462 , 0 , 13 , 92.3076923076923 , 4.46153846153846 
24-Aug-2005 11:52,200504,GATWICK,JAMAICA,KINGSTON,BRITISH AIRWAYS PLC,D,S, 13 , 0 , 46.1538461538462 , 38.4615384615385 , 15.3846153846154 , 0 , 0 , 0 , 18.4615384615385 , 0 , 13 , 61.5384615384615 , 13.1538461538462 
24-Aug-2005 11:52,200504,GATWICK,JAMAICA,MONTEGO BAY,BRITANNIA AIRWAYS AND THOMSONFLY,A,C, 4 , 0 , 100 , 0 , 0 , 0 , 0 , 0 , 1 , 0 , 4 , 100 , 6 
24-Aug-2005 11:52,200504,GATWICK,JAMAICA,MONTEGO BAY,BRITANNIA AIRWAYS AND THOMSONFLY,D,C, 4 , 0 , 75 , 25 , 0 , 0 , 0 , 0 , 6.5 , 0 , 4 , 100 , 4 
24-Aug-2005 11:52,200504,GATWICK,JAMAICA,MONTEGO BAY,MY TRAVEL AIRWAYS UK,A,C, 4 , 0 , 50 , 25 , 0 , 25 , 0 , 0 , 31.25 , 0 , 6 , 50 , 23.6666666666667 
24-Aug-2005 11:52,200504,GATWICK,JAMAICA,MONTEGO BAY,MY TRAVEL AIRWAYS UK,D,C, 4 , 0 , 50 , 0 , 25 , 25 , 0 , 0 , 29.25 , 0 , 6 , 50 , 26 
24-Aug-2005 11:52,200504,GATWICK,JORDAN,AQABA,ASTRAEUS LTD,A,C, 1 , 0 , 0 , 0 , 100 , 0 , 0 , 0 , 46 , 0 , 0 , 0 , 0 
24-Aug-2005 11:52,200504,GATWICK,JORDAN,AQABA,ASTRAEUS LTD,D,C, 2 , 0 , 50 , 0 , 50 , 0 , 0 , 0 , 18 , 0 , 0 , 0 , 0 
24-Aug-2005 11:52,200504,GATWICK,KENYA,MOMBASA,AFRICAN SAFARI AIRWAYS-ASA,A,C, 5 , 0 , 20 , 40 , 40 , 0 , 0 , 0 , 30.8 , 0 , 4 , 75 , 11.75 
24-Aug-2005 11:52,200504,GATWICK,KENYA,MOMBASA,AFRICAN SAFARI AIRWAYS-ASA,D,C, 5 , 0 , 100 , 0 , 0 , 0 , 0 , 0 , 6 , 0 , 4 , 100 , 3.25 
24-Aug-2005 11:52,200504,GATWICK,KENYA,MOMBASA,BRITANNIA AIRWAYS AND THOMSONFLY,A,C, 4 , 0 , 75 , 0 , 25 , 0 , 0 , 0 , 12.75 , 0 , 0 , 0 , 0 
24-Aug-2005 11:52,200504,GATWICK,KENYA,MOMBASA,BRITANNIA AIRWAYS AND THOMSONFLY,D,C, 3 , 0 , 66.6666666666667 , 33.3333333333333 , 0 , 0 , 0 , 0 , 10.6666666666667 , 0 , 0 , 0 , 0 
24-Aug-2005 11:52,200504,GATWICK,KENYA,MOMBASA,EXCEL AIRWAYS LTD,A,C, 2 , 0 , 0 , 0 , 50 , 0 , 0 , 50 , 212.5 , 0 , 0 , 0 , 0 
24-Aug-2005 11:52,200504,GATWICK,KENYA,MOMBASA,EXCEL AIRWAYS LTD,D,C, 2 , 0 , 50 , 0 , 0 , 0 , 50 , 0 , 181.5 , 0 , 0 , 0 , 0 
24-Aug-2005 11:52,200504,GATWICK,LIBERIA,MONROVIA (ROBERTS),EXCEL AIRWAYS LTD,A,C, 0 , 0 , 0 , 0 , 0 , 0 , 0 , 0 , 0 , 0 , 1 , 100 , 0 
24-Aug-2005 11:52,200504,GATWICK,LIBYA,TRIPOLI,AFRIQIYAH AIRWAYS,A,S, 18 , 0 , 44.4444444444444 , 22.2222222222222 , 22.2222222222222 , 11.1111111111111 , 0 , 0 , 24.1666666666667 , 0 , 0 , 0 , 0 
24-Aug-2005 11:52,200504,GATWICK,LIBYA,TRIPOLI,AFRIQIYAH AIRWAYS,D,S, 18 , 0 , 55.5555555555556 , 22.2222222222222 , 11.1111111111111 , 11.1111111111111 , 0 , 0 , 19.8888888888889 , 0 , 0 , 0 , 0 
24-Aug-2005 11:52,200504,GATWICK,LITHUANIA,VILNIUS,AIR BALTIC CORPORATION SIA,A,S, 30 , 0 , 90 , 3.33333333333333 , 3.33333333333333 , 3.33333333333333 , 0 , 0 , 10.6 , 0 , 0 , 0 , 0 
24-Aug-2005 11:52,200504,GATWICK,LITHUANIA,VILNIUS,AIR BALTIC CORPORATION SIA,D,S, 30 , 0 , 86.6666666666667 , 3.33333333333333 , 3.33333333333333 , 6.66666666666667 , 0 , 0 , 13.6333333333333 , 0 , 0 , 0 , 0 
24-Aug-2005 11:52,200504,GATWICK,LITHUANIA,VILNIUS,BRITISH AIRWAYS PLC,A,S, 22 , 0 , 54.5454545454545 , 13.6363636363636 , 13.6363636363636 , 18.1818181818182 , 0 , 0 , 25.7272727272727 , 0 , 0 , 0 , 0 
24-Aug-2005 11:52,200504,GATWICK,LITHUANIA,VILNIUS,BRITISH AIRWAYS PLC,D,S, 22 , 0 , 59.0909090909091 , 22.7272727272727 , 4.54545454545455 , 13.6363636363636 , 0 , 0 , 20.5454545454545 , 0 , 0 , 0 , 0 
24-Aug-2005 11:52,200504,GATWICK,LITHUANIA,VILNIUS,LITHUANIAN AIRLINES,A,S, 59 , 0 , 98.3050847457627 , 1.69491525423729 , 0 , 0 , 0 , 0 , 1.98305084745763 , 1 , 43 , 90.6976744186047 , 16.2093023255814 
24-Aug-2005 11:52,200504,GATWICK,LITHUANIA,VILNIUS,LITHUANIAN AIRLINES,D,S, 59 , 0 , 93.2203389830508 , 5.08474576271186 , 1.69491525423729 , 0 , 0 , 0 , 4.49152542372881 , 1 , 43 , 88.3720930232558 , 12.6976744186047 
24-Aug-2005 11:52,200504,GATWICK,LUXEMBOURG,LUXEMBOURG,BRITISH AIRWAYS PLC,A,S, 46 , 0 , 82.6086956521739 , 13.0434782608696 , 2.17391304347826 , 2.17391304347826 , 0 , 0 , 7.19565217391304 , 0 , 46 , 93.4782608695652 , 4.54347826086957 
24-Aug-2005 11:52,200504,GATWICK,LUXEMBOURG,LUXEMBOURG,BRITISH AIRWAYS PLC,D,S, 46 , 0 , 89.1304347826087 , 4.34782608695652 , 4.34782608695652 , 2.17391304347826 , 0 , 0 , 9.23913043478261 , 0 , 46 , 100 , 1.8695652173913 
24-Aug-2005 11:52,200504,GATWICK,MALDIVE ISLANDS,MALE INTERNATIONAL,BRITANNIA AIRWAYS AND THOMSONFLY,A,C, 4 , 0 , 0 , 25 , 50 , 25 , 0 , 0 , 52.25 , 0 , 4 , 25 , 51.25 
24-Aug-2005 11:52,200504,GATWICK,MALDIVE ISLANDS,MALE INTERNATIONAL,BRITANNIA AIRWAYS AND THOMSONFLY,D,C, 4 , 0 , 50 , 0 , 50 , 0 , 0 , 0 , 19.5 , 0 , 4 , 100 , 1 
24-Aug-2005 11:52,200504,GATWICK,MALDIVE ISLANDS,MALE INTERNATIONAL,FIRST CHOICE AIRWAYS LTD,A,C, 4 , 0 , 100 , 0 , 0 , 0 , 0 , 0 , 0 , 0 , 4 , 75 , 6.25 
24-Aug-2005 11:52,200504,GATWICK,MALDIVE ISLANDS,MALE INTERNATIONAL,FIRST CHOICE AIRWAYS LTD,D,C, 4 , 0 , 100 , 0 , 0 , 0 , 0 , 0 , 3.25 , 0 , 4 , 100 , 3.5 
24-Aug-2005 11:52,200504,GATWICK,MALDIVE ISLANDS,MALE INTERNATIONAL,MONARCH AIRLINES,A,C, 4 , 0 , 100 , 0 , 0 , 0 , 0 , 0 , 0 , 0 , 8 , 75 , 12.5 
24-Aug-2005 11:52,200504,GATWICK,MALDIVE ISLANDS,MALE INTERNATIONAL,MONARCH AIRLINES,D,C, 4 , 0 , 100 , 0 , 0 , 0 , 0 , 0 , 1.25 , 0 , 8 , 75 , 10.625 
24-Aug-2005 11:52,200504,GATWICK,MALDIVE ISLANDS,MALE INTERNATIONAL,MY TRAVEL AIRWAYS UK,A,C, 0 , 0 , 0 , 0 , 0 , 0 , 0 , 0 , 0 , 0 , 1 , 100 , 15 
24-Aug-2005 11:52,200504,GATWICK,MALDIVE ISLANDS,MALE INTERNATIONAL,MY TRAVEL AIRWAYS UK,D,C, 0 , 0 , 0 , 0 , 0 , 0 , 0 , 0 , 0 , 0 , 3 , 66.6666666666667 , 5.66666666666667 
24-Aug-2005 11:52,200504,GATWICK,MALTA,MALTA,AIR MALTA,A,C, 3 , 0 , 100 , 0 , 0 , 0 , 0 , 0 , 5 , 0 , 0 , 0 , 0 
24-Aug-2005 11:52,200504,GATWICK,MALTA,MALTA,AIR MALTA,A,S, 53 , 0 , 86.7924528301887 , 7.54716981132075 , 3.77358490566038 , 1.88679245283019 , 0 , 0 , 7.16981132075472 , 0 , 42 , 78.5714285714286 , 11.6904761904762 
24-Aug-2005 11:52,200504,GATWICK,MALTA,MALTA,AIR MALTA,D,S, 53 , 0 , 69.811320754717 , 20.7547169811321 , 5.66037735849057 , 1.88679245283019 , 1.88679245283019 , 0 , 14.2264150943396 , 0 , 42 , 52.3809523809524 , 18.9285714285714 
24-Aug-2005 11:52,200504,GATWICK,MALTA,MALTA,ASTRAEUS LTD,A,C, 8 , 1 , 75 , 12.5 , 0 , 12.5 , 0 , 0 , 13.875 , 0 , 0 , 0 , 0 
24-Aug-2005 11:52,200504,GATWICK,MALTA,MALTA,ASTRAEUS LTD,A,S, 0 , 0 , 0 , 0 , 0 , 0 , 0 , 0 , 0 , 1 , 13 , 92.3076923076923 , 6.53846153846154 
24-Aug-2005 11:52,200504,GATWICK,MALTA,MALTA,ASTRAEUS LTD,D,C, 9 , 0 , 77.7777777777778 , 0 , 11.1111111111111 , 11.1111111111111 , 0 , 0 , 12.4444444444444 , 0 , 0 , 0 , 0 
24-Aug-2005 11:52,200504,GATWICK,MALTA,MALTA,ASTRAEUS LTD,D,S, 0 , 0 , 0 , 0 , 0 , 0 , 0 , 0 , 0 , 0 , 13 , 92.3076923076923 , 5.92307692307692 
24-Aug-2005 11:52,200504,GATWICK,MALTA,MALTA,BRITANNIA AIRWAYS AND THOMSONFLY,A,C, 4 , 0 , 100 , 0 , 0 , 0 , 0 , 0 , 0 , 0 , 5 , 80 , 4.6 
24-Aug-2005 11:52,200504,GATWICK,MALTA,MALTA,BRITANNIA AIRWAYS AND THOMSONFLY,D,C, 4 , 0 , 100 , 0 , 0 , 0 , 0 , 0 , 0.25 , 0 , 5 , 100 , 0.2 
24-Aug-2005 11:52,200504,GATWICK,MALTA,MALTA,EUROPEAN AIR CHARTER,A,C, 1 , 0 , 100 , 0 , 0 , 0 , 0 , 0 , 0 , 0 , 0 , 0 , 0 
24-Aug-2005 11:52,200504,GATWICK,MALTA,MALTA,FIRST CHOICE AIRWAYS LTD,A,C, 4 , 0 , 100 , 0 , 0 , 0 , 0 , 0 , 5.25 , 0 , 4 , 100 , 4.75 
24-Aug-2005 11:52,200504,GATWICK,MALTA,MALTA,FIRST CHOICE AIRWAYS LTD,D,C, 4 , 0 , 100 , 0 , 0 , 0 , 0 , 0 , 3.25 , 0 , 4 , 75 , 7.75 
24-Aug-2005 11:52,200504,GATWICK,MALTA,MALTA,GB AIRWAYS LTD,A,S, 40 , 0 , 67.5 , 15 , 7.5 , 10 , 0 , 0 , 19.625 , 0 , 30 , 83.3333333333333 , 9.03333333333333 
24-Aug-2005 11:52,200504,GATWICK,MALTA,MALTA,GB AIRWAYS LTD,D,S, 40 , 0 , 67.5 , 15 , 5 , 12.5 , 0 , 0 , 21.475 , 0 , 30 , 73.3333333333333 , 10.9333333333333 
24-Aug-2005 11:52,200504,GATWICK,MEXICO,CANCUN,BRITANNIA AIRWAYS AND THOMSONFLY,A,C, 9 , 0 , 55.5555555555556 , 33.3333333333333 , 11.1111111111111 , 0 , 0 , 0 , 10.5555555555556 , 0 , 4 , 50 , 24.25 
24-Aug-2005 11:52,200504,GATWICK,MEXICO,CANCUN,BRITANNIA AIRWAYS AND THOMSONFLY,D,C, 9 , 0 , 77.7777777777778 , 22.2222222222222 , 0 , 0 , 0 , 0 , 9.88888888888889 , 0 , 4 , 100 , 5.5 
24-Aug-2005 11:52,200504,GATWICK,MEXICO,CANCUN,FIRST CHOICE AIRWAYS LTD,A,C, 4 , 0 , 25 , 0 , 0 , 50 , 25 , 0 , 130.5 , 0 , 7 , 71.4285714285714 , 21 
24-Aug-2005 11:52,200504,GATWICK,MEXICO,CANCUN,FIRST CHOICE AIRWAYS LTD,D,C, 4 , 0 , 25 , 50 , 25 , 0 , 0 , 0 , 27 , 0 , 4 , 75 , 7.5 
24-Aug-2005 11:52,200504,GATWICK,MEXICO,CANCUN,MY TRAVEL AIRWAYS UK,A,C, 4 , 0 , 75 , 0 , 25 , 0 , 0 , 0 , 14 , 0 , 8 , 50 , 19.125 
24-Aug-2005 11:52,200504,GATWICK,MEXICO,CANCUN,MY TRAVEL AIRWAYS UK,D,C, 4 , 0 , 75 , 0 , 0 , 25 , 0 , 0 , 25.25 , 0 , 9 , 66.6666666666667 , 18.6666666666667 
24-Aug-2005 11:52,200504,GATWICK,MEXICO,CANCUN,THOMAS COOK AIRLINES LTD,A,C, 4 , 0 , 75 , 0 , 0 , 25 , 0 , 0 , 26.5 , 0 , 4 , 25 , 16.5 
24-Aug-2005 11:52,200504,GATWICK,MEXICO,CANCUN,THOMAS COOK AIRLINES LTD,D,C, 4 , 0 , 25 , 25 , 25 , 25 , 0 , 0 , 55.75 , 0 , 4 , 75 , 10.25 
24-Aug-2005 11:52,200504,GATWICK,MEXICO,PUERTO VALLARTA,FIRST CHOICE AIRWAYS LTD,D,C, 0 , 0 , 0 , 0 , 0 , 0 , 0 , 0 , 0 , 0 , 1 , 100 , 0 
24-Aug-2005 11:52,200504,GATWICK,MOROCCO,AGADIR,GB AIRWAYS LTD,A,S, 5 , 0 , 40 , 0 , 40 , 20 , 0 , 0 , 31.2 , 0 , 4 , 25 , 57 
24-Aug-2005 11:52,200504,GATWICK,MOROCCO,AGADIR,GB AIRWAYS LTD,D,S, 9 , 0 , 66.6666666666667 , 11.1111111111111 , 22.2222222222222 , 0 , 0 , 0 , 14.5555555555556 , 0 , 4 , 75 , 7.75 
24-Aug-2005 11:52,200504,GATWICK,MOROCCO,AGADIR,THOMAS COOK AIRLINES LTD,A,C, 9 , 0 , 100 , 0 , 0 , 0 , 0 , 0 , 0 , 0 , 4 , 100 , 0 
24-Aug-2005 11:52,200504,GATWICK,MOROCCO,AGADIR,THOMAS COOK AIRLINES LTD,D,C, 9 , 0 , 88.8888888888889 , 11.1111111111111 , 0 , 0 , 0 , 0 , 6.55555555555556 , 0 , 4 , 75 , 9 
24-Aug-2005 11:52,200504,GATWICK,MOROCCO,FEZ,GB AIRWAYS LTD,A,S, 9 , 0 , 55.5555555555556 , 33.3333333333333 , 11.1111111111111 , 0 , 0 , 0 , 13.3333333333333 , 0 , 0 , 0 , 0 
24-Aug-2005 11:52,200504,GATWICK,MOROCCO,MARRAKESH,FINNAIR,A,C, 1 , 0 , 0 , 0 , 0 , 100 , 0 , 0 , 77 , 0 , 0 , 0 , 0 
24-Aug-2005 11:52,200504,GATWICK,MOROCCO,MARRAKESH,FINNAIR,D,C, 1 , 0 , 0 , 100 , 0 , 0 , 0 , 0 , 17 , 0 , 0 , 0 , 0 
24-Aug-2005 11:52,200504,GATWICK,MOROCCO,MARRAKESH,GB AIRWAYS LTD,A,S, 4 , 0 , 100 , 0 , 0 , 0 , 0 , 0 , 5 , 0 , 13 , 92.3076923076923 , 4.38461538461539 
24-Aug-2005 11:52,200504,GATWICK,MOROCCO,MARRAKESH,GB AIRWAYS LTD,D,S, 9 , 0 , 66.6666666666667 , 22.2222222222222 , 11.1111111111111 , 0 , 0 , 0 , 11.7777777777778 , 0 , 13 , 69.2307692307692 , 22.3076923076923 
24-Aug-2005 11:52,200504,GATWICK,MOROCCO,MARRAKESH,ROYAL AIR MAROC,A,S, 21 , 0 , 71.4285714285714 , 9.52380952380952 , 9.52380952380952 , 9.52380952380952 , 0 , 0 , 16.047619047619 , 0 , 13 , 53.8461538461538 , 18.6153846153846 
24-Aug-2005 11:52,200504,GATWICK,MOROCCO,MARRAKESH,ROYAL AIR MAROC,D,S, 21 , 0 , 71.4285714285714 , 9.52380952380952 , 9.52380952380952 , 9.52380952380952 , 0 , 0 , 16.3333333333333 , 0 , 14 , 50 , 39.4285714285714 
24-Aug-2005 11:52,200504,GATWICK,MOROCCO,OUARZAZATE,MONARCH AIRLINES,A,C, 1 , 0 , 100 , 0 , 0 , 0 , 0 , 0 , 0 , 0 , 1 , 0 , 55 
24-Aug-2005 11:52,200504,GATWICK,MOROCCO,OUARZAZATE,MONARCH AIRLINES,D,C, 1 , 0 , 100 , 0 , 0 , 0 , 0 , 0 , 0 , 0 , 1 , 100 , 1 
24-Aug-2005 11:52,200504,GATWICK,NETHERLANDS,AMSTERDAM,BRITISH AIRWAYS PLC,A,S, 154 , 0 , 84.4155844155844 , 7.14285714285714 , 6.49350649350649 , 1.2987012987013 , 0.649350649350649 , 0 , 7.81818181818182 , 0 , 155 , 86.4516129032258 , 8.18064516129032 
24-Aug-2005 11:52,200504,GATWICK,NETHERLANDS,AMSTERDAM,BRITISH AIRWAYS PLC,D,S, 154 , 0 , 82.4675324675325 , 9.74025974025974 , 7.14285714285714 , 0.649350649350649 , 0 , 0 , 7.76623376623377 , 0 , 155 , 92.258064516129 , 5.49032258064516 
24-Aug-2005 11:52,200504,GATWICK,NETHERLANDS,AMSTERDAM,EASYJET AIRLINE COMPANY LTD,A,S, 111 , 0 , 80.1801801801802 , 8.10810810810811 , 11.7117117117117 , 0 , 0 , 0 , 8.95495495495496 , 0 , 116 , 77.5862068965517 , 10.2758620689655 
24-Aug-2005 11:52,200504,GATWICK,NETHERLANDS,AMSTERDAM,EASYJET AIRLINE COMPANY LTD,D,S, 111 , 0 , 74.7747747747748 , 13.5135135135135 , 9.00900900900901 , 2.7027027027027 , 0 , 0 , 9.93693693693694 , 0 , 116 , 83.6206896551724 , 8.10344827586207 
24-Aug-2005 11:52,200504,GATWICK,NETHERLANDS,AMSTERDAM,TRANSAVIA,A,C, 1 , 1 , 100 , 0 , 0 , 0 , 0 , 0 , 1 , 0 , 0 , 0 , 0 
24-Aug-2005 11:52,200504,GATWICK,NIGERIA,PORT HARCOURT,VIRGIN ATLANTIC AIRWAYS LTD,A,S, 12 , 0 , 75 , 8.33333333333333 , 16.6666666666667 , 0 , 0 , 0 , 13.75 , 1 , 9 , 55.5555555555556 , 17.7777777777778 
24-Aug-2005 11:52,200504,GATWICK,NIGERIA,PORT HARCOURT,VIRGIN ATLANTIC AIRWAYS LTD,D,S, 12 , 0 , 91.6666666666667 , 8.33333333333333 , 0 , 0 , 0 , 0 , 4 , 1 , 8 , 50 , 20.375 
24-Aug-2005 11:52,200504,GATWICK,NORWAY,BERGEN,ASTRAEUS LTD,A,C, 1 , 0 , 100 , 0 , 0 , 0 , 0 , 0 , 0 , 0 , 1 , 100 , 0 
24-Aug-2005 11:52,200504,GATWICK,NORWAY,BERGEN,ASTRAEUS LTD,D,C, 2 , 0 , 100 , 0 , 0 , 0 , 0 , 0 , 6 , 0 , 1 , 100 , 3 
24-Aug-2005 11:52,200504,GATWICK,NORWAY,BERGEN,BRAATHENS ASA,A,S, 30 , 0 , 73.3333333333333 , 20 , 3.33333333333333 , 3.33333333333333 , 0 , 0 , 12.3 , 0 , 30 , 93.3333333333333 , 9.16666666666667 
24-Aug-2005 11:52,200504,GATWICK,NORWAY,BERGEN,BRAATHENS ASA,D,S, 30 , 1 , 90 , 3.33333333333333 , 3.33333333333333 , 3.33333333333333 , 0 , 0 , 7.16666666666667 , 0 , 30 , 96.6666666666667 , 4.66666666666667 
24-Aug-2005 11:52,200504,GATWICK,NORWAY,FAGERNES/LEIRIN,ASTRAEUS LTD,A,C, 2 , 0 , 50 , 50 , 0 , 0 , 0 , 0 , 19.5 , 0 , 3 , 66.6666666666667 , 82.6666666666667 
24-Aug-2005 11:52,200504,GATWICK,NORWAY,FAGERNES/LEIRIN,ASTRAEUS LTD,D,C, 1 , 0 , 0 , 0 , 100 , 0 , 0 , 0 , 58 , 0 , 2 , 100 , 5 
24-Aug-2005 11:52,200504,GATWICK,POLAND,KRAKOW,BRITISH AIRWAYS PLC,A,S, 30 , 0 , 80 , 16.6666666666667 , 0 , 3.33333333333333 , 0 , 0 , 10.8 , 0 , 21 , 80.9523809523809 , 8.80952380952381 
24-Aug-2005 11:52,200504,GATWICK,POLAND,KRAKOW,BRITISH AIRWAYS PLC,D,S, 30 , 0 , 80 , 16.6666666666667 , 3.33333333333333 , 0 , 0 , 0 , 9.4 , 0 , 21 , 90.4761904761905 , 8.33333333333333 
24-Aug-2005 11:52,200504,GATWICK,POLAND,KRAKOW,LOT-POLISH AIRLINES,A,S, 25 , 0 , 52 , 20 , 20 , 8 , 0 , 0 , 21.92 , 0 , 30 , 96.6666666666667 , 4.66666666666667 
24-Aug-2005 11:52,200504,GATWICK,POLAND,KRAKOW,LOT-POLISH AIRLINES,D,S, 25 , 0 , 72 , 20 , 4 , 4 , 0 , 0 , 10.72 , 0 , 30 , 93.3333333333333 , 7.63333333333333 
24-Aug-2005 11:52,200504,GATWICK,POLAND,WARSAW,LOT-POLISH AIRLINES,A,S, 25 , 0 , 52 , 44 , 0 , 4 , 0 , 0 , 16.2 , 0 , 0 , 0 , 0 
24-Aug-2005 11:52,200504,GATWICK,POLAND,WARSAW,LOT-POLISH AIRLINES,D,S, 25 , 0 , 68 , 8 , 16 , 8 , 0 , 0 , 17.36 , 0 , 0 , 0 , 0 
24-Aug-2005 11:52,200504,GATWICK,PORTUGAL(EXCLUDING MADEIRA),AZORES PONTA DELGADA,SATA,A,S, 4 , 0 , 25 , 75 , 0 , 0 , 0 , 0 , 15.25 , 0 , 0 , 0 , 0 
24-Aug-2005 11:52,200504,GATWICK,PORTUGAL(EXCLUDING MADEIRA),AZORES PONTA DELGADA,SATA,D,S, 4 , 0 , 50 , 25 , 25 , 0 , 0 , 0 , 16.25 , 0 , 0 , 0 , 0 
24-Aug-2005 11:52,200504,GATWICK,PORTUGAL(EXCLUDING MADEIRA),FARO,BRITANNIA AIRWAYS AND THOMSONFLY,A,C, 4 , 0 , 100 , 0 , 0 , 0 , 0 , 0 , 0 , 0 , 8 , 87.5 , 3.75 
24-Aug-2005 11:52,200504,GATWICK,PORTUGAL(EXCLUDING MADEIRA),FARO,BRITANNIA AIRWAYS AND THOMSONFLY,D,C, 4 , 0 , 100 , 0 , 0 , 0 , 0 , 0 , 4.25 , 0 , 9 , 88.8888888888889 , 4.44444444444444 
24-Aug-2005 11:52,200504,GATWICK,PORTUGAL(EXCLUDING MADEIRA),FARO,EASYJET AIRLINE COMPANY LTD,A,S, 31 , 0 , 77.4193548387097 , 9.67741935483871 , 9.67741935483871 , 3.2258064516129 , 0 , 0 , 11.3548387096774 , 0 , 8 , 87.5 , 4.375 
24-Aug-2005 11:52,200504,GATWICK,PORTUGAL(EXCLUDING MADEIRA),FARO,EASYJET AIRLINE COMPANY LTD,D,S, 31 , 0 , 77.4193548387097 , 6.45161290322581 , 6.45161290322581 , 9.67741935483871 , 0 , 0 , 13.6451612903226 , 0 , 8 , 87.5 , 5.875 
24-Aug-2005 11:52,200504,GATWICK,PORTUGAL(EXCLUDING MADEIRA),FARO,EXCEL AIRWAYS LTD,A,C, 5 , 0 , 40 , 40 , 0 , 0 , 0 , 20 , 294.2 , 0 , 4 , 25 , 68.25 
24-Aug-2005 11:52,200504,GATWICK,PORTUGAL(EXCLUDING MADEIRA),FARO,EXCEL AIRWAYS LTD,D,C, 5 , 0 , 80 , 0 , 0 , 0 , 0 , 20 , 289 , 0 , 5 , 20 , 58.6 
24-Aug-2005 11:52,200504,GATWICK,PORTUGAL(EXCLUDING MADEIRA),FARO,FIRST CHOICE AIRWAYS LTD,A,C, 13 , 0 , 84.6153846153846 , 15.3846153846154 , 0 , 0 , 0 , 0 , 6.92307692307692 , 0 , 13 , 84.6153846153846 , 3.92307692307692 
24-Aug-2005 11:52,200504,GATWICK,PORTUGAL(EXCLUDING MADEIRA),FARO,FIRST CHOICE AIRWAYS LTD,D,C, 13 , 0 , 92.3076923076923 , 7.69230769230769 , 0 , 0 , 0 , 0 , 6 , 0 , 13 , 100 , 3.07692307692308 
24-Aug-2005 11:52,200504,GATWICK,PORTUGAL(EXCLUDING MADEIRA),FARO,GB AIRWAYS LTD,A,S, 58 , 0 , 86.2068965517241 , 5.17241379310345 , 6.89655172413793 , 1.72413793103448 , 0 , 0 , 7.86206896551724 , 0 , 60 , 88.3333333333333 , 7.08333333333333 
24-Aug-2005 11:52,200504,GATWICK,PORTUGAL(EXCLUDING MADEIRA),FARO,GB AIRWAYS LTD,D,S, 58 , 0 , 67.2413793103448 , 17.2413793103448 , 10.3448275862069 , 5.17241379310345 , 0 , 0 , 14.3620689655172 , 0 , 60 , 86.6666666666667 , 7.13333333333333 
24-Aug-2005 11:52,200504,GATWICK,PORTUGAL(EXCLUDING MADEIRA),FARO,MONARCH AIRLINES,A,C, 8 , 0 , 87.5 , 0 , 0 , 12.5 , 0 , 0 , 14.75 , 0 , 13 , 76.9230769230769 , 26.3846153846154 
24-Aug-2005 11:52,200504,GATWICK,PORTUGAL(EXCLUDING MADEIRA),FARO,MONARCH AIRLINES,A,S, 30 , 0 , 86.6666666666667 , 6.66666666666667 , 3.33333333333333 , 3.33333333333333 , 0 , 0 , 6.33333333333333 , 0 , 30 , 80 , 8.9 
24-Aug-2005 11:52,200504,GATWICK,PORTUGAL(EXCLUDING MADEIRA),FARO,MONARCH AIRLINES,D,C, 8 , 0 , 62.5 , 25 , 0 , 12.5 , 0 , 0 , 30.75 , 0 , 14 , 92.8571428571429 , 7.5 
24-Aug-2005 11:52,200504,GATWICK,PORTUGAL(EXCLUDING MADEIRA),FARO,MONARCH AIRLINES,D,S, 30 , 0 , 83.3333333333333 , 6.66666666666667 , 6.66666666666667 , 3.33333333333333 , 0 , 0 , 8.73333333333333 , 0 , 30 , 70 , 15.4666666666667 
24-Aug-2005 11:52,200504,GATWICK,PORTUGAL(EXCLUDING MADEIRA),FARO,MY TRAVEL AIRWAYS UK,A,C, 0 , 0 , 0 , 0 , 0 , 0 , 0 , 0 , 0 , 0 , 9 , 77.7777777777778 , 11.5555555555556 
24-Aug-2005 11:52,200504,GATWICK,PORTUGAL(EXCLUDING MADEIRA),FARO,MY TRAVEL AIRWAYS UK,D,C, 0 , 0 , 0 , 0 , 0 , 0 , 0 , 0 , 0 , 0 , 9 , 100 , 1.33333333333333 
24-Aug-2005 11:52,200504,GATWICK,PORTUGAL(EXCLUDING MADEIRA),FARO,THOMAS COOK AIRLINES LTD,A,C, 18 , 0 , 66.6666666666667 , 16.6666666666667 , 11.1111111111111 , 5.55555555555556 , 0 , 0 , 16.2222222222222 , 0 , 20 , 80 , 15.35 
24-Aug-2005 11:52,200504,GATWICK,PORTUGAL(EXCLUDING MADEIRA),FARO,THOMAS COOK AIRLINES LTD,D,C, 17 , 0 , 88.2352941176471 , 5.88235294117647 , 0 , 5.88235294117647 , 0 , 0 , 8.88235294117647 , 0 , 21 , 80.9523809523809 , 18.8095238095238 
24-Aug-2005 11:52,200504,GATWICK,PORTUGAL(EXCLUDING MADEIRA),LISBON,AIR LUXOR,A,S, 0 , 0 , 0 , 0 , 0 , 0 , 0 , 0 , 0 , 0 , 30 , 20 , 36.1 
24-Aug-2005 11:52,200504,GATWICK,PORTUGAL(EXCLUDING MADEIRA),LISBON,AIR LUXOR,D,S, 0 , 0 , 0 , 0 , 0 , 0 , 0 , 0 , 0 , 0 , 30 , 83.3333333333333 , 16.6333333333333 
24-Aug-2005 11:52,200504,GATWICK,PORTUGAL(EXCLUDING MADEIRA),LISBON,AIR PORTUGAL,A,S, 60 , 0 , 91.6666666666667 , 3.33333333333333 , 5 , 0 , 0 , 0 , 5.01666666666667 , 0 , 60 , 81.6666666666667 , 11.6833333333333 
24-Aug-2005 11:52,200504,GATWICK,PORTUGAL(EXCLUDING MADEIRA),LISBON,AIR PORTUGAL,D,S, 60 , 0 , 80 , 15 , 3.33333333333333 , 1.66666666666667 , 0 , 0 , 9.25 , 0 , 60 , 85 , 11.3166666666667 
24-Aug-2005 11:52,200504,GATWICK,PORTUGAL(EXCLUDING MADEIRA),LISBON,BRITANNIA AIRWAYS AND THOMSONFLY,A,C, 1 , 0 , 0 , 100 , 0 , 0 , 0 , 0 , 24 , 0 , 2 , 50 , 12.5 
24-Aug-2005 11:52,200504,GATWICK,PORTUGAL(EXCLUDING MADEIRA),LISBON,BRITANNIA AIRWAYS AND THOMSONFLY,D,C, 1 , 0 , 100 , 0 , 0 , 0 , 0 , 0 , 0 , 0 , 2 , 100 , 0 
24-Aug-2005 11:52,200504,GATWICK,PORTUGAL(EXCLUDING MADEIRA),LISBON,THOMAS COOK AIRLINES LTD,A,C, 0 , 0 , 0 , 0 , 0 , 0 , 0 , 0 , 0 , 0 , 2 , 50 , 18.5 
24-Aug-2005 11:52,200504,GATWICK,PORTUGAL(EXCLUDING MADEIRA),LISBON,THOMAS COOK AIRLINES LTD,D,C, 0 , 0 , 0 , 0 , 0 , 0 , 0 , 0 , 0 , 0 , 2 , 100 , 0 
24-Aug-2005 11:52,200504,GATWICK,PORTUGAL(EXCLUDING MADEIRA),OPORTO (PORTUGAL),GB AIRWAYS LTD,A,S, 30 , 0 , 43.3333333333333 , 40 , 10 , 6.66666666666667 , 0 , 0 , 20.9666666666667 , 0 , 26 , 69.2307692307692 , 15.6538461538462 
24-Aug-2005 11:52,200504,GATWICK,PORTUGAL(EXCLUDING MADEIRA),OPORTO (PORTUGAL),GB AIRWAYS LTD,D,S, 30 , 0 , 63.3333333333333 , 23.3333333333333 , 10 , 3.33333333333333 , 0 , 0 , 15.7666666666667 , 0 , 26 , 80.7692307692308 , 12.1923076923077 
24-Aug-2005 11:52,200504,GATWICK,PORTUGAL(MADEIRA),FUNCHAL,AIR PORTUGAL,A,S, 17 , 0 , 70.5882352941177 , 17.6470588235294 , 11.7647058823529 , 0 , 0 , 0 , 9.82352941176471 , 0 , 13 , 69.2307692307692 , 32.5384615384615 
24-Aug-2005 11:52,200504,GATWICK,PORTUGAL(MADEIRA),FUNCHAL,AIR PORTUGAL,D,S, 17 , 0 , 88.2352941176471 , 11.7647058823529 , 0 , 0 , 0 , 0 , 4 , 0 , 13 , 61.5384615384615 , 30.3076923076923 
24-Aug-2005 11:52,200504,GATWICK,PORTUGAL(MADEIRA),FUNCHAL,BRITANNIA AIRWAYS AND THOMSONFLY,A,C, 4 , 0 , 50 , 25 , 25 , 0 , 0 , 0 , 25 , 0 , 4 , 100 , 0 
24-Aug-2005 11:52,200504,GATWICK,PORTUGAL(MADEIRA),FUNCHAL,BRITANNIA AIRWAYS AND THOMSONFLY,D,C, 4 , 0 , 75 , 0 , 25 , 0 , 0 , 0 , 15 , 0 , 4 , 100 , 5 
24-Aug-2005 11:52,200504,GATWICK,PORTUGAL(MADEIRA),FUNCHAL,EXCEL AIRWAYS LTD,A,C, 4 , 0 , 50 , 25 , 0 , 25 , 0 , 0 , 30.75 , 0 , 6 , 66.6666666666667 , 21 
24-Aug-2005 11:52,200504,GATWICK,PORTUGAL(MADEIRA),FUNCHAL,EXCEL AIRWAYS LTD,D,C, 4 , 0 , 75 , 0 , 0 , 25 , 0 , 0 , 28 , 0 , 6 , 83.3333333333333 , 10.6666666666667 
24-Aug-2005 11:52,200504,GATWICK,PORTUGAL(MADEIRA),FUNCHAL,FIRST CHOICE AIRWAYS LTD,A,C, 4 , 0 , 100 , 0 , 0 , 0 , 0 , 0 , 0.5 , 0 , 4 , 100 , 3.5 
24-Aug-2005 11:52,200504,GATWICK,PORTUGAL(MADEIRA),FUNCHAL,FIRST CHOICE AIRWAYS LTD,D,C, 4 , 0 , 100 , 0 , 0 , 0 , 0 , 0 , 4.5 , 0 , 4 , 100 , 6.25 
24-Aug-2005 11:52,200504,GATWICK,PORTUGAL(MADEIRA),FUNCHAL,GB AIRWAYS LTD,A,S, 25 , 0 , 80 , 8 , 8 , 4 , 0 , 0 , 9.24 , 0 , 17 , 94.1176470588235 , 5 
24-Aug-2005 11:52,200504,GATWICK,PORTUGAL(MADEIRA),FUNCHAL,GB AIRWAYS LTD,D,S, 25 , 0 , 84 , 8 , 4 , 4 , 0 , 0 , 10.52 , 0 , 17 , 82.3529411764706 , 7.11764705882353 
24-Aug-2005 11:52,200504,GATWICK,PORTUGAL(MADEIRA),FUNCHAL,THOMAS COOK AIRLINES LTD,A,C, 4 , 0 , 100 , 0 , 0 , 0 , 0 , 0 , 1.25 , 0 , 4 , 100 , 0.25 
24-Aug-2005 11:52,200504,GATWICK,PORTUGAL(MADEIRA),FUNCHAL,THOMAS COOK AIRLINES LTD,D,C, 4 , 0 , 75 , 25 , 0 , 0 , 0 , 0 , 5.5 , 0 , 5 , 80 , 7.6 
24-Aug-2005 11:52,200504,GATWICK,PUERTO RICO,SAN JUAN (PUERTO RICO),VIRGIN ATLANTIC AIRWAYS LTD,A,C, 3 , 0 , 66.6666666666667 , 0 , 0 , 33.3333333333333 , 0 , 0 , 22.6666666666667 , 0 , 0 , 0 , 0 
24-Aug-2005 11:52,200504,GATWICK,PUERTO RICO,SAN JUAN (PUERTO RICO),VIRGIN ATLANTIC AIRWAYS LTD,D,C, 4 , 0 , 50 , 25 , 0 , 25 , 0 , 0 , 25 , 0 , 0 , 0 , 0 
24-Aug-2005 11:52,200504,GATWICK,QATAR,DOHA,QATAR AIRWAYS,A,S, 30 , 0 , 96.6666666666667 , 0 , 3.33333333333333 , 0 , 0 , 0 , 3.53333333333333 , 0 , 0 , 0 , 0 
24-Aug-2005 11:52,200504,GATWICK,QATAR,DOHA,QATAR AIRWAYS,D,S, 30 , 0 , 86.6666666666667 , 13.3333333333333 , 0 , 0 , 0 , 0 , 5.7 , 0 , 0 , 0 , 0 
24-Aug-2005 11:52,200504,GATWICK,REPUBLIC OF SOUTH AFRICA,JOHANNESBURG,NATIONWIDE AIR,A,S, 13 , 0 , 30.7692307692308 , 15.3846153846154 , 38.4615384615385 , 15.3846153846154 , 0 , 0 , 37.5384615384615 , 0 , 13 , 46.1538461538462 , 23.8461538461538 
24-Aug-2005 11:52,200504,GATWICK,REPUBLIC OF SOUTH AFRICA,JOHANNESBURG,NATIONWIDE AIR,D,S, 13 , 0 , 84.6153846153846 , 15.3846153846154 , 0 , 0 , 0 , 0 , 3.69230769230769 , 0 , 13 , 69.2307692307692 , 72.9230769230769 
24-Aug-2005 11:52,200504,GATWICK,RUSSIA,MOSCOW (DOMODEDOVO),TRANSAERO AIRLINES,A,S, 29 , 0 , 79.3103448275862 , 17.2413793103448 , 0 , 3.44827586206897 , 0 , 0 , 11.3448275862069 , 1 , 21 , 76.1904761904762 , 11.2380952380952 
24-Aug-2005 11:52,200504,GATWICK,RUSSIA,MOSCOW (DOMODEDOVO),TRANSAERO AIRLINES,D,S, 29 , 0 , 75.8620689655172 , 10.3448275862069 , 3.44827586206897 , 10.3448275862069 , 0 , 0 , 17.3793103448276 , 1 , 21 , 52.3809523809524 , 17.1428571428571 
24-Aug-2005 11:52,200504,GATWICK,RUSSIA,ST PETERSBURG,AEROFLOT,A,C, 0 , 0 , 0 , 0 , 0 , 0 , 0 , 0 , 0 , 0 , 1 , 100 , 0 
24-Aug-2005 11:52,200504,GATWICK,RUSSIA,ST PETERSBURG,AEROFLOT,D,C, 0 , 0 , 0 , 0 , 0 , 0 , 0 , 0 , 0 , 0 , 1 , 100 , 0 
24-Aug-2005 11:52,200504,GATWICK,RUSSIA,ST PETERSBURG,PULKOVO AVIATION ENTERPRISE,A,C, 0 , 0 , 0 , 0 , 0 , 0 , 0 , 0 , 0 , 0 , 8 , 87.5 , 8 
24-Aug-2005 11:52,200504,GATWICK,RUSSIA,ST PETERSBURG,PULKOVO AVIATION ENTERPRISE,A,S, 3 , 0 , 100 , 0 , 0 , 0 , 0 , 0 , 4.66666666666667 , 0 , 0 , 0 , 0 
24-Aug-2005 11:52,200504,GATWICK,RUSSIA,ST PETERSBURG,PULKOVO AVIATION ENTERPRISE,D,C, 0 , 0 , 0 , 0 , 0 , 0 , 0 , 0 , 0 , 0 , 8 , 62.5 , 18.5 
24-Aug-2005 11:52,200504,GATWICK,RUSSIA,ST PETERSBURG,PULKOVO AVIATION ENTERPRISE,D,S, 3 , 0 , 33.3333333333333 , 33.3333333333333 , 33.3333333333333 , 0 , 0 , 0 , 20.3333333333333 , 0 , 0 , 0 , 0 
24-Aug-2005 11:52,200504,GATWICK,SAINT KITTS AND NEVIS,ST KITTS,EXCEL AIRWAYS LTD,A,C, 4 , 0 , 25 , 0 , 50 , 0 , 0 , 25 , 373.75 , 0 , 4 , 50 , 25.25 
24-Aug-2005 11:52,200504,GATWICK,SAINT KITTS AND NEVIS,ST KITTS,EXCEL AIRWAYS LTD,D,C, 1 , 0 , 100 , 0 , 0 , 0 , 0 , 0 , 0 , 0 , 0 , 0 , 0 
24-Aug-2005 11:52,200504,GATWICK,SAUDI ARABIA,RIYADH,SAUDI ARABIAN AIRLINES,A,C, 0 , 1 , 0 , 0 , 0 , 0 , 0 , 0 , 0 , 0 , 0 , 0 , 0 
24-Aug-2005 11:52,200504,GATWICK,SIERRA LEONE,FREETOWN,ASTRAEUS LTD,A,S, 9 , 1 , 88.8888888888889 , 0 , 11.1111111111111 , 0 , 0 , 0 , 8.66666666666667 , 1 , 0 , 0 , 0 
24-Aug-2005 11:52,200504,GATWICK,SIERRA LEONE,FREETOWN,ASTRAEUS LTD,D,S, 10 , 0 , 80 , 20 , 0 , 0 , 0 , 0 , 11.1 , 0 , 0 , 0 , 0 
24-Aug-2005 11:52,200504,GATWICK,SIERRA LEONE,FREETOWN,SIERRA NATIONAL AIRLINES,A,S, 0 , 0 , 0 , 0 , 0 , 0 , 0 , 0 , 0 , 0 , 5 , 20 , 910.2 
24-Aug-2005 11:52,200504,GATWICK,SIERRA LEONE,FREETOWN,SIERRA NATIONAL AIRLINES,D,S, 0 , 0 , 0 , 0 , 0 , 0 , 0 , 0 , 0 , 0 , 9 , 44.4444444444444 , 45.1111111111111 
24-Aug-2005 11:52,200504,GATWICK,SLOVENIA,LJUBLJANA,ADRIA AIRWAYS,A,S, 30 , 0 , 86.6666666666667 , 6.66666666666667 , 6.66666666666667 , 0 , 0 , 0 , 5.76666666666667 , 0 , 31 , 87.0967741935484 , 9.67741935483871 
24-Aug-2005 11:52,200504,GATWICK,SLOVENIA,LJUBLJANA,ADRIA AIRWAYS,D,S, 30 , 0 , 86.6666666666667 , 6.66666666666667 , 6.66666666666667 , 0 , 0 , 0 , 7.33333333333333 , 0 , 31 , 67.741935483871 , 11.6451612903226 
24-Aug-2005 11:52,200504,GATWICK,SPAIN,ALICANTE,AIR CORDIAL LTD,A,C, 0 , 0 , 0 , 0 , 0 , 0 , 0 , 0 , 0 , 0 , 3 , 100 , 4.33333333333333 
24-Aug-2005 11:52,200504,GATWICK,SPAIN,ALICANTE,AIR CORDIAL LTD,D,C, 0 , 0 , 0 , 0 , 0 , 0 , 0 , 0 , 0 , 0 , 3 , 0 , 37 
24-Aug-2005 11:52,200504,GATWICK,SPAIN,ALICANTE,BRITANNIA AIRWAYS AND THOMSONFLY,A,C, 9 , 0 , 44.4444444444444 , 22.2222222222222 , 22.2222222222222 , 11.1111111111111 , 0 , 0 , 32.1111111111111 , 0 , 11 , 81.8181818181818 , 6.54545454545455 
24-Aug-2005 11:52,200504,GATWICK,SPAIN,ALICANTE,BRITANNIA AIRWAYS AND THOMSONFLY,D,C, 9 , 0 , 66.6666666666667 , 0 , 11.1111111111111 , 11.1111111111111 , 11.1111111111111 , 0 , 39.2222222222222 , 0 , 12 , 91.6666666666667 , 7 
24-Aug-2005 11:52,200504,GATWICK,SPAIN,ALICANTE,EASYJET AIRLINE COMPANY LTD,A,S, 69 , 0 , 88.4057971014493 , 5.79710144927536 , 5.79710144927536 , 0 , 0 , 0 , 5.6231884057971 , 0 , 60 , 91.6666666666667 , 5.05 
24-Aug-2005 11:52,200504,GATWICK,SPAIN,ALICANTE,EASYJET AIRLINE COMPANY LTD,D,S, 69 , 0 , 85.5072463768116 , 13.0434782608696 , 0 , 1.44927536231884 , 0 , 0 , 5.31884057971014 , 0 , 60 , 86.6666666666667 , 5.16666666666667 
24-Aug-2005 11:52,200504,GATWICK,SPAIN,ALICANTE,EXCEL AIRWAYS LTD,A,C, 1 , 0 , 100 , 0 , 0 , 0 , 0 , 0 , 11 , 0 , 10 , 100 , 1.4 
24-Aug-2005 11:52,200504,GATWICK,SPAIN,ALICANTE,EXCEL AIRWAYS LTD,D,C, 2 , 0 , 100 , 0 , 0 , 0 , 0 , 0 , 0 , 0 , 10 , 100 , 1.7 
24-Aug-2005 11:52,200504,GATWICK,SPAIN,ALICANTE,FIRST CHOICE AIRWAYS LTD,A,C, 9 , 0 , 88.8888888888889 , 0 , 11.1111111111111 , 0 , 0 , 0 , 5.77777777777778 , 0 , 8 , 75 , 8.625 
24-Aug-2005 11:52,200504,GATWICK,SPAIN,ALICANTE,FIRST CHOICE AIRWAYS LTD,D,C, 9 , 0 , 100 , 0 , 0 , 0 , 0 , 0 , 6.88888888888889 , 0 , 8 , 87.5 , 4.75 
24-Aug-2005 11:52,200504,GATWICK,SPAIN,ALICANTE,FUTURA AIRLINES,A,C, 0 , 0 , 0 , 0 , 0 , 0 , 0 , 0 , 0 , 0 , 1 , 0 , 35 
24-Aug-2005 11:52,200504,GATWICK,SPAIN,ALICANTE,FUTURA AIRLINES,D,C, 0 , 0 , 0 , 0 , 0 , 0 , 0 , 0 , 0 , 0 , 1 , 100 , 13 
24-Aug-2005 11:52,200504,GATWICK,SPAIN,ALICANTE,GB AIRWAYS LTD,A,S, 60 , 0 , 73.3333333333333 , 10 , 8.33333333333333 , 6.66666666666667 , 1.66666666666667 , 0 , 18.65 , 0 , 60 , 88.3333333333333 , 6.6 
24-Aug-2005 11:52,200504,GATWICK,SPAIN,ALICANTE,GB AIRWAYS LTD,D,S, 60 , 0 , 80 , 10 , 3.33333333333333 , 6.66666666666667 , 0 , 0 , 12.6166666666667 , 0 , 60 , 85 , 10.3833333333333 
24-Aug-2005 11:52,200504,GATWICK,SPAIN,ALICANTE,MONARCH AIRLINES,A,C, 0 , 0 , 0 , 0 , 0 , 0 , 0 , 0 , 0 , 0 , 8 , 87.5 , 7.375 
24-Aug-2005 11:52,200504,GATWICK,SPAIN,ALICANTE,MONARCH AIRLINES,A,S, 62 , 0 , 88.7096774193548 , 8.06451612903226 , 1.61290322580645 , 1.61290322580645 , 0 , 0 , 5.96774193548387 , 0 , 30 , 96.6666666666667 , 2.23333333333333 
24-Aug-2005 11:52,200504,GATWICK,SPAIN,ALICANTE,MONARCH AIRLINES,D,C, 0 , 0 , 0 , 0 , 0 , 0 , 0 , 0 , 0 , 0 , 8 , 87.5 , 5.25 
24-Aug-2005 11:52,200504,GATWICK,SPAIN,ALICANTE,MONARCH AIRLINES,D,S, 62 , 0 , 91.9354838709677 , 4.83870967741935 , 3.2258064516129 , 0 , 0 , 0 , 4.24193548387097 , 0 , 30 , 86.6666666666667 , 4.56666666666667 
24-Aug-2005 11:52,200504,GATWICK,SPAIN,ALICANTE,MY TRAVEL AIRWAYS UK,A,C, 0 , 0 , 0 , 0 , 0 , 0 , 0 , 0 , 0 , 0 , 8 , 62.5 , 12.75 
24-Aug-2005 11:52,200504,GATWICK,SPAIN,ALICANTE,MY TRAVEL AIRWAYS UK,D,C, 0 , 0 , 0 , 0 , 0 , 0 , 0 , 0 , 0 , 0 , 8 , 75 , 11 
24-Aug-2005 11:52,200504,GATWICK,SPAIN,ALICANTE,THOMAS COOK AIRLINES LTD,A,C, 5 , 0 , 80 , 20 , 0 , 0 , 0 , 0 , 7.4 , 0 , 9 , 77.7777777777778 , 6.11111111111111 
24-Aug-2005 11:52,200504,GATWICK,SPAIN,ALICANTE,THOMAS COOK AIRLINES LTD,D,C, 5 , 0 , 100 , 0 , 0 , 0 , 0 , 0 , 2.6 , 0 , 8 , 87.5 , 6.375 
24-Aug-2005 11:52,200504,GATWICK,SPAIN,ALMERIA,EASYJET AIRLINE COMPANY LTD,A,S, 30 , 0 , 86.6666666666667 , 3.33333333333333 , 6.66666666666667 , 0 , 3.33333333333333 , 0 , 16.7333333333333 , 0 , 0 , 0 , 0 
24-Aug-2005 11:52,200504,GATWICK,SPAIN,ALMERIA,EASYJET AIRLINE COMPANY LTD,D,S, 30 , 0 , 100 , 0 , 0 , 0 , 0 , 0 , 2.96666666666667 , 0 , 0 , 0 , 0 
24-Aug-2005 11:52,200504,GATWICK,SPAIN,ALMERIA,FIRST CHOICE AIRWAYS LTD,A,C, 0 , 4 , 0 , 0 , 0 , 0 , 0 , 0 , 0 , 0 , 5 , 80 , 8 
24-Aug-2005 11:52,200504,GATWICK,SPAIN,ALMERIA,FIRST CHOICE AIRWAYS LTD,D,C, 4 , 0 , 100 , 0 , 0 , 0 , 0 , 0 , 5.5 , 0 , 5 , 80 , 12.8 
24-Aug-2005 11:52,200504,GATWICK,SPAIN,ALMERIA,GB AIRWAYS LTD,A,S, 12 , 0 , 91.6666666666667 , 8.33333333333333 , 0 , 0 , 0 , 0 , 4.33333333333333 , 0 , 17 , 82.3529411764706 , 7.23529411764706 
24-Aug-2005 11:52,200504,GATWICK,SPAIN,ALMERIA,GB AIRWAYS LTD,D,S, 12 , 0 , 75 , 25 , 0 , 0 , 0 , 0 , 7.66666666666667 , 0 , 17 , 94.1176470588235 , 4.64705882352941 
24-Aug-2005 11:52,200504,GATWICK,SPAIN,ALMERIA,MY TRAVEL AIRWAYS UK,A,C, 4 , 0 , 75 , 25 , 0 , 0 , 0 , 0 , 9.75 , 0 , 5 , 80 , 72 
24-Aug-2005 11:52,200504,GATWICK,SPAIN,ALMERIA,MY TRAVEL AIRWAYS UK,D,C, 4 , 0 , 100 , 0 , 0 , 0 , 0 , 0 , 4.25 , 0 , 5 , 80 , 72 
24-Aug-2005 11:52,200504,GATWICK,SPAIN,ASTURIAS,AIR NOSTRUM,A,S, 12 , 0 , 83.3333333333333 , 0 , 8.33333333333333 , 8.33333333333333 , 0 , 0 , 16.75 , 0 , 13 , 76.9230769230769 , 22.6923076923077 
24-Aug-2005 11:52,200504,GATWICK,SPAIN,ASTURIAS,AIR NOSTRUM,D,S, 12 , 0 , 83.3333333333333 , 0 , 8.33333333333333 , 8.33333333333333 , 0 , 0 , 13.75 , 0 , 13 , 61.5384615384615 , 25.3846153846154 
24-Aug-2005 11:52,200504,GATWICK,SPAIN,ASTURIAS,MONARCH AIRLINES,A,C, 0 , 0 , 0 , 0 , 0 , 0 , 0 , 0 , 0 , 0 , 1 , 100 , 0 
24-Aug-2005 11:52,200504,GATWICK,SPAIN,ASTURIAS,MONARCH AIRLINES,D,C, 0 , 0 , 0 , 0 , 0 , 0 , 0 , 0 , 0 , 0 , 1 , 100 , 0 
24-Aug-2005 11:52,200504,GATWICK,SPAIN,BARCELONA,AIR CORDIAL LTD,A,C, 0 , 0 , 0 , 0 , 0 , 0 , 0 , 0 , 0 , 0 , 1 , 0 , 187 
24-Aug-2005 11:52,200504,GATWICK,SPAIN,BARCELONA,AIR CORDIAL LTD,D,C, 0 , 0 , 0 , 0 , 0 , 0 , 0 , 0 , 0 , 0 , 1 , 100 , 7 
24-Aug-2005 11:52,200504,GATWICK,SPAIN,BARCELONA,ASTRAEUS LTD,A,C, 1 , 0 , 100 , 0 , 0 , 0 , 0 , 0 , 1 , 0 , 0 , 0 , 0 
24-Aug-2005 11:52,200504,GATWICK,SPAIN,BARCELONA,ASTRAEUS LTD,D,C, 1 , 0 , 100 , 0 , 0 , 0 , 0 , 0 , 0 , 0 , 0 , 0 , 0 
24-Aug-2005 11:52,200504,GATWICK,SPAIN,BARCELONA,BRITANNIA AIRWAYS AND THOMSONFLY,A,C, 0 , 0 , 0 , 0 , 0 , 0 , 0 , 0 , 0 , 0 , 3 , 0 , 53.3333333333333 
24-Aug-2005 11:52,200504,GATWICK,SPAIN,BARCELONA,BRITANNIA AIRWAYS AND THOMSONFLY,D,C, 0 , 0 , 0 , 0 , 0 , 0 , 0 , 0 , 0 , 0 , 3 , 100 , 0 
24-Aug-2005 11:52,200504,GATWICK,SPAIN,BARCELONA,BRITISH AIRWAYS PLC,A,S, 90 , 0 , 73.3333333333333 , 16.6666666666667 , 3.33333333333333 , 6.66666666666667 , 0 , 0 , 12.5444444444444 , 0 , 90 , 82.2222222222222 , 8.48888888888889 
24-Aug-2005 11:52,200504,GATWICK,SPAIN,BARCELONA,BRITISH AIRWAYS PLC,D,S, 90 , 0 , 83.3333333333333 , 7.77777777777778 , 4.44444444444444 , 4.44444444444444 , 0 , 0 , 10.7111111111111 , 0 , 90 , 76.6666666666667 , 8.53333333333333 
24-Aug-2005 11:52,200504,GATWICK,SPAIN,BARCELONA,EASYJET AIRLINE COMPANY LTD,A,S, 102 , 0 , 81.3725490196078 , 14.7058823529412 , 0.980392156862745 , 2.94117647058824 , 0 , 0 , 7.94117647058824 , 0 , 112 , 87.5 , 9.46428571428571 
24-Aug-2005 11:52,200504,GATWICK,SPAIN,BARCELONA,EASYJET AIRLINE COMPANY LTD,D,S, 102 , 0 , 89.2156862745098 , 5.88235294117647 , 3.92156862745098 , 0.980392156862745 , 0 , 0 , 6.72549019607843 , 0 , 112 , 85.7142857142857 , 11.6607142857143 
24-Aug-2005 11:52,200504,GATWICK,SPAIN,BARCELONA,MONARCH AIRLINES,A,C, 0 , 0 , 0 , 0 , 0 , 0 , 0 , 0 , 0 , 0 , 3 , 33.3333333333333 , 45.3333333333333 
24-Aug-2005 11:52,200504,GATWICK,SPAIN,BARCELONA,MONARCH AIRLINES,D,C, 0 , 0 , 0 , 0 , 0 , 0 , 0 , 0 , 0 , 0 , 3 , 66.6666666666667 , 14 
24-Aug-2005 11:52,200504,GATWICK,SPAIN,BARCELONA,SPANAIR,A,C, 0 , 0 , 0 , 0 , 0 , 0 , 0 , 0 , 0 , 0 , 1 , 0 , 19 
24-Aug-2005 11:52,200504,GATWICK,SPAIN,BARCELONA,THOMAS COOK AIRLINES LTD,A,C, 0 , 0 , 0 , 0 , 0 , 0 , 0 , 0 , 0 , 0 , 2 , 50 , 9.5 
24-Aug-2005 11:52,200504,GATWICK,SPAIN,BARCELONA,THOMAS COOK AIRLINES LTD,D,C, 0 , 0 , 0 , 0 , 0 , 0 , 0 , 0 , 0 , 0 , 2 , 100 , 6.5 
24-Aug-2005 11:52,200504,GATWICK,SPAIN,BILBAO,EASYJET AIRLINE COMPANY LTD,A,S, 0 , 0 , 0 , 0 , 0 , 0 , 0 , 0 , 0 , 0 , 30 , 96.6666666666667 , 1.23333333333333 
24-Aug-2005 11:52,200504,GATWICK,SPAIN,BILBAO,EASYJET AIRLINE COMPANY LTD,D,S, 0 , 0 , 0 , 0 , 0 , 0 , 0 , 0 , 0 , 0 , 30 , 93.3333333333333 , 5.03333333333333 
24-Aug-2005 11:52,200504,GATWICK,SPAIN,BILBAO,MONARCH AIRLINES,A,C, 0 , 0 , 0 , 0 , 0 , 0 , 0 , 0 , 0 , 0 , 3 , 66.6666666666667 , 28 
24-Aug-2005 11:52,200504,GATWICK,SPAIN,BILBAO,MONARCH AIRLINES,D,C, 0 , 0 , 0 , 0 , 0 , 0 , 0 , 0 , 0 , 0 , 3 , 33.3333333333333 , 62 
24-Aug-2005 11:52,200504,GATWICK,SPAIN,GERONA,MY TRAVEL AIRWAYS UK,A,C, 0 , 0 , 0 , 0 , 0 , 0 , 0 , 0 , 0 , 0 , 4 , 25 , 23.5 
24-Aug-2005 11:52,200504,GATWICK,SPAIN,GERONA,MY TRAVEL AIRWAYS UK,D,C, 0 , 0 , 0 , 0 , 0 , 0 , 0 , 0 , 0 , 0 , 5 , 60 , 20 
24-Aug-2005 11:52,200504,GATWICK,SPAIN,IBIZA,FLYJET LTD,D,C, 0 , 0 , 0 , 0 , 0 , 0 , 0 , 0 , 0 , 0 , 1 , 0 , 54 
24-Aug-2005 11:52,200504,GATWICK,SPAIN,IBIZA,MONARCH AIRLINES,A,C, 0 , 0 , 0 , 0 , 0 , 0 , 0 , 0 , 0 , 0 , 4 , 0 , 124.75 
24-Aug-2005 11:52,200504,GATWICK,SPAIN,IBIZA,MONARCH AIRLINES,D,C, 0 , 0 , 0 , 0 , 0 , 0 , 0 , 0 , 0 , 0 , 4 , 25 , 117 
24-Aug-2005 11:52,200504,GATWICK,SPAIN,IBIZA,MY TRAVEL AIRWAYS UK,D,C, 1 , 0 , 0 , 100 , 0 , 0 , 0 , 0 , 16 , 0 , 0 , 0 , 0 
24-Aug-2005 11:52,200504,GATWICK,SPAIN,JEREZ,THOMAS COOK AIRLINES LTD,A,C, 0 , 0 , 0 , 0 , 0 , 0 , 0 , 0 , 0 , 0 , 4 , 100 , 3.5 
24-Aug-2005 11:52,200504,GATWICK,SPAIN,JEREZ,THOMAS COOK AIRLINES LTD,D,C, 0 , 0 , 0 , 0 , 0 , 0 , 0 , 0 , 0 , 0 , 5 , 100 , 2.6 
24-Aug-2005 11:52,200504,GATWICK,SPAIN,MADRID,AEROLINEAS ARGENTINAS,A,S, 17 , 0 , 76.4705882352941 , 17.6470588235294 , 0 , 5.88235294117647 , 0 , 0 , 14.1176470588235 , 0 , 13 , 53.8461538461538 , 23.1538461538462 
24-Aug-2005 11:52,200504,GATWICK,SPAIN,MADRID,AEROLINEAS ARGENTINAS,D,S, 17 , 0 , 88.2352941176471 , 5.88235294117647 , 0 , 5.88235294117647 , 0 , 0 , 11.6470588235294 , 0 , 13 , 30.7692307692308 , 28.0769230769231 
24-Aug-2005 11:52,200504,GATWICK,SPAIN,MADRID,AIR EUROPA,A,S, 0 , 0 , 0 , 0 , 0 , 0 , 0 , 0 , 0 , 0 , 22 , 59.0909090909091 , 18.5454545454545 
24-Aug-2005 11:52,200504,GATWICK,SPAIN,MADRID,AIR EUROPA,D,S, 0 , 0 , 0 , 0 , 0 , 0 , 0 , 0 , 0 , 0 , 22 , 27.2727272727273 , 29 
24-Aug-2005 11:52,200504,GATWICK,SPAIN,MADRID,BRITANNIA AIRWAYS AND THOMSONFLY,A,C, 0 , 0 , 0 , 0 , 0 , 0 , 0 , 0 , 0 , 0 , 2 , 50 , 28.5 
24-Aug-2005 11:52,200504,GATWICK,SPAIN,MADRID,BRITANNIA AIRWAYS AND THOMSONFLY,D,C, 0 , 0 , 0 , 0 , 0 , 0 , 0 , 0 , 0 , 0 , 2 , 50 , 20 
24-Aug-2005 11:52,200504,GATWICK,SPAIN,MADRID,BRITISH AIRWAYS PLC,A,S, 90 , 0 , 68.8888888888889 , 14.4444444444444 , 12.2222222222222 , 4.44444444444444 , 0 , 0 , 14.2666666666667 , 0 , 86 , 77.9069767441861 , 16.2558139534884 
24-Aug-2005 11:52,200504,GATWICK,SPAIN,MADRID,BRITISH AIRWAYS PLC,D,S, 90 , 0 , 68.8888888888889 , 14.4444444444444 , 12.2222222222222 , 4.44444444444444 , 0 , 0 , 15.6444444444444 , 0 , 87 , 82.7586206896552 , 7.88505747126437 
24-Aug-2005 11:52,200504,GATWICK,SPAIN,MADRID,EASYJET AIRLINE COMPANY LTD,A,S, 60 , 0 , 81.6666666666667 , 13.3333333333333 , 3.33333333333333 , 1.66666666666667 , 0 , 0 , 7.43333333333333 , 0 , 30 , 80 , 6.33333333333333 
24-Aug-2005 11:52,200504,GATWICK,SPAIN,MADRID,EASYJET AIRLINE COMPANY LTD,D,S, 60 , 0 , 78.3333333333333 , 15 , 5 , 1.66666666666667 , 0 , 0 , 9.08333333333333 , 0 , 30 , 73.3333333333333 , 11.1333333333333 
24-Aug-2005 11:52,200504,GATWICK,SPAIN,MADRID,FIRST CHOICE AIRWAYS LTD,A,C, 1 , 0 , 0 , 0 , 100 , 0 , 0 , 0 , 35 , 0 , 1 , 0 , 82 
24-Aug-2005 11:52,200504,GATWICK,SPAIN,MADRID,FIRST CHOICE AIRWAYS LTD,D,C, 1 , 0 , 100 , 0 , 0 , 0 , 0 , 0 , 9 , 0 , 1 , 100 , 3 
24-Aug-2005 11:52,200504,GATWICK,SPAIN,MADRID,FLYJET LTD,A,C, 0 , 0 , 0 , 0 , 0 , 0 , 0 , 0 , 0 , 0 , 2 , 50 , 14 
24-Aug-2005 11:52,200504,GATWICK,SPAIN,MADRID,FLYJET LTD,D,C, 0 , 0 , 0 , 0 , 0 , 0 , 0 , 0 , 0 , 0 , 2 , 50 , 11.5 
24-Aug-2005 11:52,200504,GATWICK,SPAIN,MADRID,MONARCH AIRLINES,A,C, 0 , 0 , 0 , 0 , 0 , 0 , 0 , 0 , 0 , 0 , 2 , 100 , 8.5 
24-Aug-2005 11:52,200504,GATWICK,SPAIN,MADRID,MONARCH AIRLINES,D,C, 0 , 0 , 0 , 0 , 0 , 0 , 0 , 0 , 0 , 0 , 2 , 100 , 5.5 
24-Aug-2005 11:52,200504,GATWICK,SPAIN,MAHON,ASTRAEUS LTD,A,C, 0 , 0 , 0 , 0 , 0 , 0 , 0 , 0 , 0 , 0 , 5 , 100 , 1.8 
24-Aug-2005 11:52,200504,GATWICK,SPAIN,MAHON,ASTRAEUS LTD,D,C, 0 , 0 , 0 , 0 , 0 , 0 , 0 , 0 , 0 , 0 , 7 , 100 , 1.71428571428571 
24-Aug-2005 11:52,200504,GATWICK,SPAIN,MAHON,BRITANNIA AIRWAYS AND THOMSONFLY,D,C, 1 , 0 , 100 , 0 , 0 , 0 , 0 , 0 , 0 , 0 , 0 , 0 , 0 
24-Aug-2005 11:52,200504,GATWICK,SPAIN,MAHON,FIRST CHOICE AIRWAYS LTD,A,C, 0 , 0 , 0 , 0 , 0 , 0 , 0 , 0 , 0 , 0 , 8 , 100 , 0 
24-Aug-2005 11:52,200504,GATWICK,SPAIN,MAHON,FIRST CHOICE AIRWAYS LTD,D,C, 0 , 0 , 0 , 0 , 0 , 0 , 0 , 0 , 0 , 0 , 9 , 77.7777777777778 , 7.88888888888889 
24-Aug-2005 11:52,200504,GATWICK,SPAIN,MAHON,GB AIRWAYS LTD,A,S, 9 , 0 , 66.6666666666667 , 22.2222222222222 , 11.1111111111111 , 0 , 0 , 0 , 15.3333333333333 , 0 , 9 , 88.8888888888889 , 7 
24-Aug-2005 11:52,200504,GATWICK,SPAIN,MAHON,GB AIRWAYS LTD,D,S, 9 , 0 , 55.5555555555556 , 22.2222222222222 , 11.1111111111111 , 11.1111111111111 , 0 , 0 , 18.8888888888889 , 0 , 9 , 77.7777777777778 , 9 
24-Aug-2005 11:52,200504,GATWICK,SPAIN,MAHON,MONARCH AIRLINES,A,C, 0 , 0 , 0 , 0 , 0 , 0 , 0 , 0 , 0 , 0 , 5 , 60 , 24 
24-Aug-2005 11:52,200504,GATWICK,SPAIN,MAHON,MONARCH AIRLINES,D,C, 0 , 0 , 0 , 0 , 0 , 0 , 0 , 0 , 0 , 0 , 5 , 80 , 11.6 
24-Aug-2005 11:52,200504,GATWICK,SPAIN,MAHON,THOMAS COOK AIRLINES LTD,D,C, 0 , 0 , 0 , 0 , 0 , 0 , 0 , 0 , 0 , 0 , 2 , 100 , 4.5 
24-Aug-2005 11:52,200504,GATWICK,SPAIN,MALAGA,AIR CORDIAL LTD,A,C, 0 , 0 , 0 , 0 , 0 , 0 , 0 , 0 , 0 , 0 , 2 , 0 , 29.5 
24-Aug-2005 11:52,200504,GATWICK,SPAIN,MALAGA,AIR CORDIAL LTD,D,C, 0 , 0 , 0 , 0 , 0 , 0 , 0 , 0 , 0 , 0 , 3 , 100 , 5 
24-Aug-2005 11:52,200504,GATWICK,SPAIN,MALAGA,ASTRAEUS LTD,A,C, 0 , 0 , 0 , 0 , 0 , 0 , 0 , 0 , 0 , 0 , 7 , 85.7142857142857 , 6 
24-Aug-2005 11:52,200504,GATWICK,SPAIN,MALAGA,ASTRAEUS LTD,D,C, 0 , 0 , 0 , 0 , 0 , 0 , 0 , 0 , 0 , 0 , 8 , 50 , 16.125 
24-Aug-2005 11:52,200504,GATWICK,SPAIN,MALAGA,BRITANNIA AIRWAYS AND THOMSONFLY,A,C, 8 , 1 , 87.5 , 0 , 12.5 , 0 , 0 , 0 , 8.25 , 0 , 17 , 82.3529411764706 , 7.64705882352941 
24-Aug-2005 11:52,200504,GATWICK,SPAIN,MALAGA,BRITANNIA AIRWAYS AND THOMSONFLY,D,C, 8 , 0 , 87.5 , 0 , 0 , 12.5 , 0 , 0 , 8.5 , 0 , 17 , 76.4705882352941 , 14.7647058823529 
24-Aug-2005 11:52,200504,GATWICK,SPAIN,MALAGA,EASYJET AIRLINE COMPANY LTD,A,S, 73 , 0 , 84.9315068493151 , 9.58904109589041 , 5.47945205479452 , 0 , 0 , 0 , 6.35616438356164 , 0 , 72 , 90.2777777777778 , 8.23611111111111 
24-Aug-2005 11:52,200504,GATWICK,SPAIN,MALAGA,EASYJET AIRLINE COMPANY LTD,D,S, 74 , 0 , 74.3243243243243 , 16.2162162162162 , 5.40540540540541 , 4.05405405405405 , 0 , 0 , 10.9324324324324 , 0 , 72 , 90.2777777777778 , 5.08333333333333 
24-Aug-2005 11:52,200504,GATWICK,SPAIN,MALAGA,EXCEL AIRWAYS LTD,A,C, 5 , 0 , 40 , 40 , 20 , 0 , 0 , 0 , 18.2 , 0 , 3 , 0 , 53 
24-Aug-2005 11:52,200504,GATWICK,SPAIN,MALAGA,EXCEL AIRWAYS LTD,D,C, 5 , 0 , 60 , 40 , 0 , 0 , 0 , 0 , 11 , 0 , 5 , 80 , 153.8 
24-Aug-2005 11:52,200504,GATWICK,SPAIN,MALAGA,FIRST CHOICE AIRWAYS LTD,A,C, 9 , 0 , 77.7777777777778 , 22.2222222222222 , 0 , 0 , 0 , 0 , 4 , 0 , 18 , 55.5555555555556 , 17.0555555555556 
24-Aug-2005 11:52,200504,GATWICK,SPAIN,MALAGA,FIRST CHOICE AIRWAYS LTD,D,C, 10 , 0 , 90 , 10 , 0 , 0 , 0 , 0 , 7.1 , 0 , 19 , 94.7368421052632 , 5.15789473684211 
24-Aug-2005 11:52,200504,GATWICK,SPAIN,MALAGA,GB AIRWAYS LTD,A,S, 91 , 0 , 76.9230769230769 , 9.89010989010989 , 2.1978021978022 , 9.89010989010989 , 1.0989010989011 , 0 , 17.1758241758242 , 0 , 104 , 79.8076923076923 , 13.6634615384615 
24-Aug-2005 11:52,200504,GATWICK,SPAIN,MALAGA,GB AIRWAYS LTD,D,S, 90 , 0 , 62.2222222222222 , 24.4444444444444 , 5.55555555555556 , 7.77777777777778 , 0 , 0 , 21.3666666666667 , 0 , 105 , 86.6666666666667 , 7.95238095238095 
24-Aug-2005 11:52,200504,GATWICK,SPAIN,MALAGA,MONARCH AIRLINES,A,C, 10 , 0 , 50 , 20 , 0 , 30 , 0 , 0 , 43.8 , 0 , 19 , 42.1052631578947 , 33.6315789473684 
24-Aug-2005 11:52,200504,GATWICK,SPAIN,MALAGA,MONARCH AIRLINES,A,S, 60 , 0 , 76.6666666666667 , 10 , 10 , 1.66666666666667 , 1.66666666666667 , 0 , 15.1333333333333 , 0 , 30 , 63.3333333333333 , 39.2 
24-Aug-2005 11:52,200504,GATWICK,SPAIN,MALAGA,MONARCH AIRLINES,D,C, 10 , 0 , 70 , 0 , 0 , 30 , 0 , 0 , 43.8 , 0 , 19 , 73.6842105263158 , 28.0526315789474 
24-Aug-2005 11:52,200504,GATWICK,SPAIN,MALAGA,MONARCH AIRLINES,D,S, 60 , 0 , 86.6666666666667 , 6.66666666666667 , 1.66666666666667 , 3.33333333333333 , 1.66666666666667 , 0 , 10.4 , 0 , 30 , 86.6666666666667 , 7.73333333333333 
24-Aug-2005 11:52,200504,GATWICK,SPAIN,MALAGA,MY TRAVEL AIRWAYS UK,A,C, 4 , 0 , 100 , 0 , 0 , 0 , 0 , 0 , 1.25 , 0 , 9 , 66.6666666666667 , 11.2222222222222 
24-Aug-2005 11:52,200504,GATWICK,SPAIN,MALAGA,MY TRAVEL AIRWAYS UK,D,C, 4 , 0 , 75 , 25 , 0 , 0 , 0 , 0 , 7.25 , 0 , 9 , 100 , 1.55555555555556 
24-Aug-2005 11:52,200504,GATWICK,SPAIN,MALAGA,THOMAS COOK AIRLINES LTD,A,C, 9 , 0 , 88.8888888888889 , 11.1111111111111 , 0 , 0 , 0 , 0 , 4.66666666666667 , 0 , 8 , 87.5 , 6.125 
24-Aug-2005 11:52,200504,GATWICK,SPAIN,MALAGA,THOMAS COOK AIRLINES LTD,D,C, 9 , 0 , 88.8888888888889 , 11.1111111111111 , 0 , 0 , 0 , 0 , 4.11111111111111 , 0 , 8 , 75 , 10.375 
24-Aug-2005 11:52,200504,GATWICK,SPAIN,MURCIA SAN JAVIER,BRITISH AIRWAYS PLC,A,C, 0 , 0 , 0 , 0 , 0 , 0 , 0 , 0 , 0 , 0 , 4 , 25 , 15.5 
24-Aug-2005 11:52,200504,GATWICK,SPAIN,MURCIA SAN JAVIER,BRITISH AIRWAYS PLC,D,C, 0 , 0 , 0 , 0 , 0 , 0 , 0 , 0 , 0 , 0 , 4 , 25 , 21.75 
24-Aug-2005 11:52,200504,GATWICK,SPAIN,MURCIA SAN JAVIER,GB AIRWAYS LTD,A,S, 17 , 0 , 64.7058823529412 , 23.5294117647059 , 5.88235294117647 , 5.88235294117647 , 0 , 0 , 21.2941176470588 , 0 , 17 , 88.2352941176471 , 6.05882352941176 
24-Aug-2005 11:52,200504,GATWICK,SPAIN,MURCIA SAN JAVIER,GB AIRWAYS LTD,D,S, 17 , 0 , 52.9411764705882 , 29.4117647058824 , 17.6470588235294 , 0 , 0 , 0 , 14.1176470588235 , 0 , 17 , 94.1176470588235 , 3.94117647058824 
24-Aug-2005 11:52,200504,GATWICK,SPAIN,PALMA DE MALLORCA,AIR EUROPA,A,S, 0 , 0 , 0 , 0 , 0 , 0 , 0 , 0 , 0 , 0 , 18 , 94.4444444444444 , 5 
24-Aug-2005 11:52,200504,GATWICK,SPAIN,PALMA DE MALLORCA,AIR EUROPA,D,S, 0 , 0 , 0 , 0 , 0 , 0 , 0 , 0 , 0 , 0 , 18 , 66.6666666666667 , 18.7777777777778 
24-Aug-2005 11:52,200504,GATWICK,SPAIN,PALMA DE MALLORCA,BRITANNIA AIRWAYS AND THOMSONFLY,A,C, 14 , 0 , 64.2857142857143 , 0 , 28.5714285714286 , 7.14285714285714 , 0 , 0 , 20 , 0 , 15 , 80 , 10.4 
24-Aug-2005 11:52,200504,GATWICK,SPAIN,PALMA DE MALLORCA,BRITANNIA AIRWAYS AND THOMSONFLY,D,C, 14 , 0 , 64.2857142857143 , 14.2857142857143 , 14.2857142857143 , 7.14285714285714 , 0 , 0 , 16.2857142857143 , 0 , 15 , 80 , 7.8 
24-Aug-2005 11:52,200504,GATWICK,SPAIN,PALMA DE MALLORCA,EASYJET AIRLINE COMPANY LTD,A,S, 32 , 0 , 84.375 , 9.375 , 3.125 , 3.125 , 0 , 0 , 7.1875 , 3 , 60 , 93.3333333333333 , 4.4 
24-Aug-2005 11:52,200504,GATWICK,SPAIN,PALMA DE MALLORCA,EASYJET AIRLINE COMPANY LTD,D,S, 32 , 0 , 75 , 12.5 , 9.375 , 3.125 , 0 , 0 , 15.21875 , 0 , 60 , 85 , 7.33333333333333 
24-Aug-2005 11:52,200504,GATWICK,SPAIN,PALMA DE MALLORCA,EUROPEAN AIR CHARTER,D,C, 1 , 0 , 100 , 0 , 0 , 0 , 0 , 0 , 6 , 0 , 0 , 0 , 0 
24-Aug-2005 11:52,200504,GATWICK,SPAIN,PALMA DE MALLORCA,EXCEL AIRWAYS LTD,A,C, 0 , 0 , 0 , 0 , 0 , 0 , 0 , 0 , 0 , 0 , 3 , 100 , 0.333333333333333 
24-Aug-2005 11:52,200504,GATWICK,SPAIN,PALMA DE MALLORCA,EXCEL AIRWAYS LTD,D,C, 0 , 0 , 0 , 0 , 0 , 0 , 0 , 0 , 0 , 0 , 4 , 100 , 0 
24-Aug-2005 11:52,200504,GATWICK,SPAIN,PALMA DE MALLORCA,FIRST CHOICE AIRWAYS LTD,A,C, 17 , 0 , 94.1176470588235 , 0 , 5.88235294117647 , 0 , 0 , 0 , 6.11764705882353 , 0 , 19 , 89.4736842105263 , 12.6315789473684 
24-Aug-2005 11:52,200504,GATWICK,SPAIN,PALMA DE MALLORCA,FIRST CHOICE AIRWAYS LTD,D,C, 17 , 0 , 100 , 0 , 0 , 0 , 0 , 0 , 3.35294117647059 , 0 , 20 , 85 , 14.7 
24-Aug-2005 11:52,200504,GATWICK,SPAIN,PALMA DE MALLORCA,FLYJET LTD,D,C, 0 , 0 , 0 , 0 , 0 , 0 , 0 , 0 , 0 , 0 , 1 , 100 , 0 
24-Aug-2005 11:52,200504,GATWICK,SPAIN,PALMA DE MALLORCA,GB AIRWAYS LTD,A,S, 26 , 0 , 88.4615384615385 , 11.5384615384615 , 0 , 0 , 0 , 0 , 6.23076923076923 , 0 , 30 , 90 , 7.33333333333333 
24-Aug-2005 11:52,200504,GATWICK,SPAIN,PALMA DE MALLORCA,GB AIRWAYS LTD,D,S, 26 , 0 , 65.3846153846154 , 30.7692307692308 , 3.84615384615385 , 0 , 0 , 0 , 11.4615384615385 , 0 , 30 , 93.3333333333333 , 5.3 
24-Aug-2005 11:52,200504,GATWICK,SPAIN,PALMA DE MALLORCA,MONARCH AIRLINES,A,C, 0 , 0 , 0 , 0 , 0 , 0 , 0 , 0 , 0 , 0 , 8 , 12.5 , 47.5 
24-Aug-2005 11:52,200504,GATWICK,SPAIN,PALMA DE MALLORCA,MONARCH AIRLINES,D,C, 1 , 0 , 100 , 0 , 0 , 0 , 0 , 0 , 12 , 0 , 10 , 60 , 30.4 
24-Aug-2005 11:52,200504,GATWICK,SPAIN,PALMA DE MALLORCA,MY TRAVEL AIRWAYS UK,A,C, 12 , 0 , 100 , 0 , 0 , 0 , 0 , 0 , 0.25 , 0 , 22 , 81.8181818181818 , 10.0909090909091 
24-Aug-2005 11:52,200504,GATWICK,SPAIN,PALMA DE MALLORCA,MY TRAVEL AIRWAYS UK,D,C, 12 , 1 , 91.6666666666667 , 8.33333333333333 , 0 , 0 , 0 , 0 , 4.58333333333333 , 0 , 25 , 80 , 18.24 
24-Aug-2005 11:52,200504,GATWICK,SPAIN,PALMA DE MALLORCA,THOMAS COOK AIRLINES LTD,A,C, 10 , 0 , 60 , 20 , 20 , 0 , 0 , 0 , 14.5 , 0 , 12 , 83.3333333333333 , 8.33333333333333 
24-Aug-2005 11:52,200504,GATWICK,SPAIN,PALMA DE MALLORCA,THOMAS COOK AIRLINES LTD,D,C, 10 , 0 , 60 , 30 , 10 , 0 , 0 , 0 , 12.6 , 0 , 15 , 86.6666666666667 , 6.4 
24-Aug-2005 11:52,200504,GATWICK,SPAIN,REUS,BRITANNIA AIRWAYS AND THOMSONFLY,A,C, 0 , 0 , 0 , 0 , 0 , 0 , 0 , 0 , 0 , 0 , 3 , 100 , 1.66666666666667 
24-Aug-2005 11:52,200504,GATWICK,SPAIN,REUS,BRITANNIA AIRWAYS AND THOMSONFLY,D,C, 0 , 0 , 0 , 0 , 0 , 0 , 0 , 0 , 0 , 0 , 4 , 75 , 12 
24-Aug-2005 11:52,200504,GATWICK,SPAIN,REUS,FIRST CHOICE AIRWAYS LTD,A,C, 4 , 0 , 100 , 0 , 0 , 0 , 0 , 0 , 0 , 0 , 3 , 100 , 0 
24-Aug-2005 11:52,200504,GATWICK,SPAIN,REUS,FIRST CHOICE AIRWAYS LTD,D,C, 4 , 0 , 100 , 0 , 0 , 0 , 0 , 0 , 0.75 , 0 , 4 , 100 , 0 
24-Aug-2005 11:52,200504,GATWICK,SPAIN,REUS,MY TRAVEL AIRWAYS UK,A,C, 0 , 0 , 0 , 0 , 0 , 0 , 0 , 0 , 0 , 0 , 3 , 100 , 2 
24-Aug-2005 11:52,200504,GATWICK,SPAIN,REUS,MY TRAVEL AIRWAYS UK,D,C, 0 , 0 , 0 , 0 , 0 , 0 , 0 , 0 , 0 , 0 , 4 , 100 , 3.25 
24-Aug-2005 11:52,200504,GATWICK,SPAIN,REUS,THOMAS COOK AIRLINES LTD,A,C, 0 , 0 , 0 , 0 , 0 , 0 , 0 , 0 , 0 , 0 , 3 , 100 , 4.33333333333333 
24-Aug-2005 11:52,200504,GATWICK,SPAIN,REUS,THOMAS COOK AIRLINES LTD,D,C, 0 , 0 , 0 , 0 , 0 , 0 , 0 , 0 , 0 , 0 , 4 , 100 , 3.5 
24-Aug-2005 11:52,200504,GATWICK,SPAIN,SANTIAGO DE COMPOSTELA (SPAIN),MONARCH AIRLINES,A,C, 0 , 0 , 0 , 0 , 0 , 0 , 0 , 0 , 0 , 0 , 2 , 0 , 89.5 
24-Aug-2005 11:52,200504,GATWICK,SPAIN,SANTIAGO DE COMPOSTELA (SPAIN),MONARCH AIRLINES,D,C, 0 , 0 , 0 , 0 , 0 , 0 , 0 , 0 , 0 , 0 , 2 , 50 , 74 
24-Aug-2005 11:52,200504,GATWICK,SPAIN,SEVILLE,BRITANNIA AIRWAYS AND THOMSONFLY,A,C, 0 , 0 , 0 , 0 , 0 , 0 , 0 , 0 , 0 , 0 , 2 , 50 , 61 
24-Aug-2005 11:52,200504,GATWICK,SPAIN,SEVILLE,BRITANNIA AIRWAYS AND THOMSONFLY,D,C, 0 , 0 , 0 , 0 , 0 , 0 , 0 , 0 , 0 , 0 , 2 , 50 , 55.5 
24-Aug-2005 11:52,200504,GATWICK,SPAIN,SEVILLE,GB AIRWAYS LTD,A,S, 30 , 0 , 80 , 20 , 0 , 0 , 0 , 0 , 6.96666666666667 , 0 , 30 , 76.6666666666667 , 12.5333333333333 
24-Aug-2005 11:52,200504,GATWICK,SPAIN,SEVILLE,GB AIRWAYS LTD,D,S, 30 , 0 , 80 , 16.6666666666667 , 3.33333333333333 , 0 , 0 , 0 , 11.1 , 0 , 30 , 86.6666666666667 , 9.4 
24-Aug-2005 11:52,200504,GATWICK,SPAIN,SEVILLE,MONARCH AIRLINES,A,C, 0 , 0 , 0 , 0 , 0 , 0 , 0 , 0 , 0 , 0 , 1 , 0 , 52 
24-Aug-2005 11:52,200504,GATWICK,SPAIN,SEVILLE,MONARCH AIRLINES,D,C, 0 , 0 , 0 , 0 , 0 , 0 , 0 , 0 , 0 , 0 , 1 , 100 , 0 
24-Aug-2005 11:52,200504,GATWICK,SPAIN,VALENCIA,BRITANNIA AIRWAYS AND THOMSONFLY,A,C, 0 , 0 , 0 , 0 , 0 , 0 , 0 , 0 , 0 , 0 , 2 , 50 , 11.5 
24-Aug-2005 11:52,200504,GATWICK,SPAIN,VALENCIA,BRITANNIA AIRWAYS AND THOMSONFLY,D,C, 0 , 1 , 0 , 0 , 0 , 0 , 0 , 0 , 0 , 0 , 2 , 100 , 2 
24-Aug-2005 11:52,200504,GATWICK,SPAIN,VALENCIA,EASYJET AIRLINE COMPANY LTD,A,S, 30 , 0 , 83.3333333333333 , 13.3333333333333 , 0 , 3.33333333333333 , 0 , 0 , 10.4666666666667 , 0 , 0 , 0 , 0 
24-Aug-2005 11:52,200504,GATWICK,SPAIN,VALENCIA,EASYJET AIRLINE COMPANY LTD,D,S, 30 , 0 , 86.6666666666667 , 10 , 3.33333333333333 , 0 , 0 , 0 , 7.06666666666667 , 0 , 0 , 0 , 0 
24-Aug-2005 11:52,200504,GATWICK,SPAIN,VALENCIA,GB AIRWAYS LTD,A,S, 30 , 0 , 76.6666666666667 , 13.3333333333333 , 3.33333333333333 , 3.33333333333333 , 3.33333333333333 , 0 , 19.4666666666667 , 0 , 30 , 80 , 9.5 
24-Aug-2005 11:52,200504,GATWICK,SPAIN,VALENCIA,GB AIRWAYS LTD,D,S, 30 , 0 , 70 , 20 , 0 , 6.66666666666667 , 3.33333333333333 , 0 , 22.2666666666667 , 0 , 30 , 73.3333333333333 , 8.6 
24-Aug-2005 11:52,200504,GATWICK,SPAIN,VALENCIA,MONARCH AIRLINES,A,C, 0 , 0 , 0 , 0 , 0 , 0 , 0 , 0 , 0 , 0 , 2 , 0 , 73.5 
24-Aug-2005 11:52,200504,GATWICK,SPAIN,VALENCIA,MONARCH AIRLINES,D,C, 0 , 0 , 0 , 0 , 0 , 0 , 0 , 0 , 0 , 0 , 2 , 50 , 10.5 
24-Aug-2005 11:52,200504,GATWICK,SPAIN,ZARAGOZA,AIR CORDIAL LTD,A,C, 0 , 0 , 0 , 0 , 0 , 0 , 0 , 0 , 0 , 0 , 1 , 0 , 30 
24-Aug-2005 11:52,200504,GATWICK,SPAIN,ZARAGOZA,AIR CORDIAL LTD,D,C, 0 , 0 , 0 , 0 , 0 , 0 , 0 , 0 , 0 , 0 , 1 , 100 , 4 
24-Aug-2005 11:52,200504,GATWICK,SPAIN,ZARAGOZA,MONARCH AIRLINES,A,C, 0 , 0 , 0 , 0 , 0 , 0 , 0 , 0 , 0 , 0 , 1 , 100 , 0 
24-Aug-2005 11:52,200504,GATWICK,SPAIN(CANARY ISLANDS),ARRECIFE,ASTRAEUS LTD,A,C, 1 , 0 , 100 , 0 , 0 , 0 , 0 , 0 , 0 , 0 , 4 , 100 , 0 
24-Aug-2005 11:52,200504,GATWICK,SPAIN(CANARY ISLANDS),ARRECIFE,ASTRAEUS LTD,D,C, 1 , 0 , 100 , 0 , 0 , 0 , 0 , 0 , 0 , 0 , 4 , 100 , 5 
24-Aug-2005 11:52,200504,GATWICK,SPAIN(CANARY ISLANDS),ARRECIFE,BRITANNIA AIRWAYS AND THOMSONFLY,A,C, 12 , 0 , 91.6666666666667 , 8.33333333333333 , 0 , 0 , 0 , 0 , 1.41666666666667 , 0 , 14 , 78.5714285714286 , 66.1428571428571 
24-Aug-2005 11:52,200504,GATWICK,SPAIN(CANARY ISLANDS),ARRECIFE,BRITANNIA AIRWAYS AND THOMSONFLY,D,C, 12 , 0 , 83.3333333333333 , 16.6666666666667 , 0 , 0 , 0 , 0 , 4.91666666666667 , 0 , 13 , 84.6153846153846 , 63.5384615384615 
24-Aug-2005 11:52,200504,GATWICK,SPAIN(CANARY ISLANDS),ARRECIFE,EXCEL AIRWAYS LTD,A,C, 11 , 0 , 54.5454545454545 , 18.1818181818182 , 9.09090909090909 , 9.09090909090909 , 0 , 9.09090909090909 , 73.5454545454545 , 0 , 20 , 80 , 30.5 
24-Aug-2005 11:52,200504,GATWICK,SPAIN(CANARY ISLANDS),ARRECIFE,EXCEL AIRWAYS LTD,D,C, 10 , 0 , 60 , 20 , 10 , 0 , 0 , 10 , 74.2 , 0 , 20 , 60 , 43.8 
24-Aug-2005 11:52,200504,GATWICK,SPAIN(CANARY ISLANDS),ARRECIFE,FIRST CHOICE AIRWAYS LTD,A,C, 18 , 0 , 94.4444444444444 , 0 , 5.55555555555556 , 0 , 0 , 0 , 3.33333333333333 , 0 , 23 , 95.6521739130435 , 2.17391304347826 
24-Aug-2005 11:52,200504,GATWICK,SPAIN(CANARY ISLANDS),ARRECIFE,FIRST CHOICE AIRWAYS LTD,D,C, 16 , 0 , 81.25 , 12.5 , 6.25 , 0 , 0 , 0 , 10.625 , 0 , 23 , 86.9565217391304 , 4.60869565217391 
24-Aug-2005 11:52,200504,GATWICK,SPAIN(CANARY ISLANDS),ARRECIFE,FUTURA AIRLINES,A,C, 1 , 0 , 0 , 0 , 0 , 100 , 0 , 0 , 86 , 0 , 0 , 0 , 0 
24-Aug-2005 11:52,200504,GATWICK,SPAIN(CANARY ISLANDS),ARRECIFE,GB AIRWAYS LTD,A,S, 16 , 0 , 100 , 0 , 0 , 0 , 0 , 0 , 2.8125 , 0 , 13 , 92.3076923076923 , 3.15384615384615 
24-Aug-2005 11:52,200504,GATWICK,SPAIN(CANARY ISLANDS),ARRECIFE,GB AIRWAYS LTD,D,S, 16 , 0 , 68.75 , 25 , 6.25 , 0 , 0 , 0 , 11.75 , 0 , 13 , 92.3076923076923 , 4.38461538461539 
24-Aug-2005 11:52,200504,GATWICK,SPAIN(CANARY ISLANDS),ARRECIFE,MONARCH AIRLINES,A,C, 12 , 0 , 100 , 0 , 0 , 0 , 0 , 0 , 1.25 , 0 , 14 , 78.5714285714286 , 38.7857142857143 
24-Aug-2005 11:52,200504,GATWICK,SPAIN(CANARY ISLANDS),ARRECIFE,MONARCH AIRLINES,D,C, 12 , 0 , 83.3333333333333 , 16.6666666666667 , 0 , 0 , 0 , 0 , 8.16666666666667 , 0 , 14 , 71.4285714285714 , 27.8571428571429 
24-Aug-2005 11:52,200504,GATWICK,SPAIN(CANARY ISLANDS),ARRECIFE,MY TRAVEL AIRWAYS UK,A,C, 8 , 0 , 100 , 0 , 0 , 0 , 0 , 0 , 0.125 , 0 , 9 , 77.7777777777778 , 10.6666666666667 
24-Aug-2005 11:52,200504,GATWICK,SPAIN(CANARY ISLANDS),ARRECIFE,MY TRAVEL AIRWAYS UK,D,C, 8 , 0 , 100 , 0 , 0 , 0 , 0 , 0 , 4.75 , 0 , 9 , 55.5555555555556 , 10.8888888888889 
24-Aug-2005 11:52,200504,GATWICK,SPAIN(CANARY ISLANDS),ARRECIFE,THOMAS COOK AIRLINES LTD,A,C, 13 , 1 , 100 , 0 , 0 , 0 , 0 , 0 , 0 , 0 , 19 , 100 , 1.21052631578947 
24-Aug-2005 11:52,200504,GATWICK,SPAIN(CANARY ISLANDS),ARRECIFE,THOMAS COOK AIRLINES LTD,D,C, 14 , 0 , 100 , 0 , 0 , 0 , 0 , 0 , 3.14285714285714 , 0 , 19 , 73.6842105263158 , 10.2631578947368 
24-Aug-2005 11:52,200504,GATWICK,SPAIN(CANARY ISLANDS),ARRECIFE,VOLAR AIRLINES,A,C, 2 , 0 , 100 , 0 , 0 , 0 , 0 , 0 , 7.5 , 0 , 2 , 50 , 17 
24-Aug-2005 11:52,200504,GATWICK,SPAIN(CANARY ISLANDS),ARRECIFE,VOLAR AIRLINES,D,C, 0 , 0 , 0 , 0 , 0 , 0 , 0 , 0 , 0 , 0 , 2 , 50 , 21 
24-Aug-2005 11:52,200504,GATWICK,SPAIN(CANARY ISLANDS),FUERTEVENTURA,BRITANNIA AIRWAYS AND THOMSONFLY,A,C, 9 , 0 , 100 , 0 , 0 , 0 , 0 , 0 , 0.444444444444444 , 0 , 9 , 77.7777777777778 , 15.6666666666667 
24-Aug-2005 11:52,200504,GATWICK,SPAIN(CANARY ISLANDS),FUERTEVENTURA,BRITANNIA AIRWAYS AND THOMSONFLY,D,C, 9 , 0 , 77.7777777777778 , 11.1111111111111 , 11.1111111111111 , 0 , 0 , 0 , 8.44444444444444 , 0 , 9 , 88.8888888888889 , 12.5555555555556 
24-Aug-2005 11:52,200504,GATWICK,SPAIN(CANARY ISLANDS),FUERTEVENTURA,EXCEL AIRWAYS LTD,A,C, 5 , 0 , 60 , 20 , 20 , 0 , 0 , 0 , 12.6 , 0 , 6 , 66.6666666666667 , 12.3333333333333 
24-Aug-2005 11:52,200504,GATWICK,SPAIN(CANARY ISLANDS),FUERTEVENTURA,EXCEL AIRWAYS LTD,D,C, 4 , 0 , 75 , 0 , 25 , 0 , 0 , 0 , 12 , 0 , 5 , 40 , 11.8 
24-Aug-2005 11:52,200504,GATWICK,SPAIN(CANARY ISLANDS),FUERTEVENTURA,FIRST CHOICE AIRWAYS LTD,A,C, 14 , 0 , 92.8571428571429 , 0 , 0 , 7.14285714285714 , 0 , 0 , 9.21428571428571 , 0 , 12 , 91.6666666666667 , 3.16666666666667 
24-Aug-2005 11:52,200504,GATWICK,SPAIN(CANARY ISLANDS),FUERTEVENTURA,FIRST CHOICE AIRWAYS LTD,D,C, 14 , 0 , 78.5714285714286 , 14.2857142857143 , 0 , 7.14285714285714 , 0 , 0 , 17 , 0 , 12 , 100 , 3.41666666666667 
24-Aug-2005 11:52,200504,GATWICK,SPAIN(CANARY ISLANDS),FUERTEVENTURA,GB AIRWAYS LTD,A,S, 0 , 0 , 0 , 0 , 0 , 0 , 0 , 0 , 0 , 0 , 8 , 87.5 , 6.5 
24-Aug-2005 11:52,200504,GATWICK,SPAIN(CANARY ISLANDS),FUERTEVENTURA,GB AIRWAYS LTD,D,S, 0 , 0 , 0 , 0 , 0 , 0 , 0 , 0 , 0 , 0 , 8 , 75 , 6.875 
24-Aug-2005 11:52,200504,GATWICK,SPAIN(CANARY ISLANDS),FUERTEVENTURA,MONARCH AIRLINES,A,C, 2 , 0 , 100 , 0 , 0 , 0 , 0 , 0 , 3.5 , 0 , 0 , 0 , 0 
24-Aug-2005 11:52,200504,GATWICK,SPAIN(CANARY ISLANDS),FUERTEVENTURA,MONARCH AIRLINES,D,C, 2 , 0 , 100 , 0 , 0 , 0 , 0 , 0 , 6.5 , 0 , 0 , 0 , 0 
24-Aug-2005 11:52,200504,GATWICK,SPAIN(CANARY ISLANDS),FUERTEVENTURA,MY TRAVEL AIRWAYS UK,A,C, 0 , 0 , 0 , 0 , 0 , 0 , 0 , 0 , 0 , 0 , 8 , 87.5 , 11.875 
24-Aug-2005 11:52,200504,GATWICK,SPAIN(CANARY ISLANDS),FUERTEVENTURA,MY TRAVEL AIRWAYS UK,D,C, 0 , 0 , 0 , 0 , 0 , 0 , 0 , 0 , 0 , 0 , 8 , 75 , 16.5 
24-Aug-2005 11:52,200504,GATWICK,SPAIN(CANARY ISLANDS),FUERTEVENTURA,THOMAS COOK AIRLINES LTD,A,C, 9 , 0 , 88.8888888888889 , 11.1111111111111 , 0 , 0 , 0 , 0 , 3.22222222222222 , 0 , 10 , 100 , 2.1 
24-Aug-2005 11:52,200504,GATWICK,SPAIN(CANARY ISLANDS),FUERTEVENTURA,THOMAS COOK AIRLINES LTD,D,C, 9 , 0 , 100 , 0 , 0 , 0 , 0 , 0 , 2.11111111111111 , 0 , 9 , 77.7777777777778 , 8 
24-Aug-2005 11:52,200504,GATWICK,SPAIN(CANARY ISLANDS),LAS PALMAS,BRITANNIA AIRWAYS AND THOMSONFLY,A,C, 13 , 0 , 84.6153846153846 , 0 , 7.69230769230769 , 7.69230769230769 , 0 , 0 , 11.2307692307692 , 0 , 13 , 84.6153846153846 , 6.69230769230769 
24-Aug-2005 11:52,200504,GATWICK,SPAIN(CANARY ISLANDS),LAS PALMAS,BRITANNIA AIRWAYS AND THOMSONFLY,D,C, 13 , 0 , 76.9230769230769 , 7.69230769230769 , 7.69230769230769 , 7.69230769230769 , 0 , 0 , 20.6153846153846 , 0 , 13 , 69.2307692307692 , 11.9230769230769 
24-Aug-2005 11:52,200504,GATWICK,SPAIN(CANARY ISLANDS),LAS PALMAS,EXCEL AIRWAYS LTD,A,C, 8 , 0 , 100 , 0 , 0 , 0 , 0 , 0 , 3.875 , 0 , 10 , 60 , 31.9 
24-Aug-2005 11:52,200504,GATWICK,SPAIN(CANARY ISLANDS),LAS PALMAS,EXCEL AIRWAYS LTD,D,C, 9 , 0 , 88.8888888888889 , 11.1111111111111 , 0 , 0 , 0 , 0 , 2.88888888888889 , 0 , 9 , 66.6666666666667 , 31.6666666666667 
24-Aug-2005 11:52,200504,GATWICK,SPAIN(CANARY ISLANDS),LAS PALMAS,FIRST CHOICE AIRWAYS LTD,A,C, 10 , 0 , 90 , 10 , 0 , 0 , 0 , 0 , 2.1 , 0 , 14 , 100 , 0.857142857142857 
24-Aug-2005 11:52,200504,GATWICK,SPAIN(CANARY ISLANDS),LAS PALMAS,FIRST CHOICE AIRWAYS LTD,D,C, 11 , 0 , 90.9090909090909 , 9.09090909090909 , 0 , 0 , 0 , 0 , 4 , 0 , 14 , 78.5714285714286 , 6 
24-Aug-2005 11:52,200504,GATWICK,SPAIN(CANARY ISLANDS),LAS PALMAS,GB AIRWAYS LTD,A,S, 16 , 0 , 37.5 , 37.5 , 6.25 , 18.75 , 0 , 0 , 31.75 , 0 , 12 , 50 , 12.5833333333333 
24-Aug-2005 11:52,200504,GATWICK,SPAIN(CANARY ISLANDS),LAS PALMAS,GB AIRWAYS LTD,D,S, 17 , 0 , 64.7058823529412 , 17.6470588235294 , 5.88235294117647 , 11.7647058823529 , 0 , 0 , 22.4705882352941 , 0 , 12 , 75 , 6.91666666666667 
24-Aug-2005 11:52,200504,GATWICK,SPAIN(CANARY ISLANDS),LAS PALMAS,MONARCH AIRLINES,A,C, 4 , 0 , 100 , 0 , 0 , 0 , 0 , 0 , 0 , 0 , 4 , 100 , 0 
24-Aug-2005 11:52,200504,GATWICK,SPAIN(CANARY ISLANDS),LAS PALMAS,MONARCH AIRLINES,D,C, 4 , 0 , 100 , 0 , 0 , 0 , 0 , 0 , 3.75 , 0 , 4 , 100 , 2.75 
24-Aug-2005 11:52,200504,GATWICK,SPAIN(CANARY ISLANDS),LAS PALMAS,MY TRAVEL AIRWAYS UK,A,C, 4 , 0 , 50 , 25 , 25 , 0 , 0 , 0 , 18.5 , 0 , 8 , 75 , 11.125 
24-Aug-2005 11:52,200504,GATWICK,SPAIN(CANARY ISLANDS),LAS PALMAS,MY TRAVEL AIRWAYS UK,D,C, 5 , 0 , 80 , 0 , 20 , 0 , 0 , 0 , 12.4 , 0 , 8 , 50 , 13.625 
24-Aug-2005 11:52,200504,GATWICK,SPAIN(CANARY ISLANDS),LAS PALMAS,SAS,A,C, 1 , 0 , 0 , 0 , 0 , 100 , 0 , 0 , 86 , 0 , 0 , 0 , 0 
24-Aug-2005 11:52,200504,GATWICK,SPAIN(CANARY ISLANDS),LAS PALMAS,THOMAS COOK AIRLINES LTD,A,C, 11 , 0 , 45.4545454545455 , 45.4545454545455 , 9.09090909090909 , 0 , 0 , 0 , 14.9090909090909 , 0 , 10 , 80 , 4.5 
24-Aug-2005 11:52,200504,GATWICK,SPAIN(CANARY ISLANDS),LAS PALMAS,THOMAS COOK AIRLINES LTD,D,C, 13 , 0 , 92.3076923076923 , 7.69230769230769 , 0 , 0 , 0 , 0 , 3.30769230769231 , 0 , 10 , 90 , 5.8 
24-Aug-2005 11:52,200504,GATWICK,SPAIN(CANARY ISLANDS),LAS PALMAS,VOLAR AIRLINES,A,C, 3 , 0 , 33.3333333333333 , 33.3333333333333 , 33.3333333333333 , 0 , 0 , 0 , 29.6666666666667 , 0 , 0 , 0 , 0 
24-Aug-2005 11:52,200504,GATWICK,SPAIN(CANARY ISLANDS),LAS PALMAS,VOLAR AIRLINES,D,C, 3 , 0 , 0 , 66.6666666666667 , 33.3333333333333 , 0 , 0 , 0 , 29.3333333333333 , 0 , 0 , 0 , 0 
24-Aug-2005 11:52,200504,GATWICK,SPAIN(CANARY ISLANDS),SANTA CRUZ DE LA PALMA,BRITANNIA AIRWAYS AND THOMSONFLY,A,C, 4 , 0 , 50 , 0 , 25 , 25 , 0 , 0 , 34.75 , 0 , 0 , 0 , 0 
24-Aug-2005 11:52,200504,GATWICK,SPAIN(CANARY ISLANDS),SANTA CRUZ DE LA PALMA,BRITANNIA AIRWAYS AND THOMSONFLY,D,C, 3 , 0 , 66.6666666666667 , 0 , 0 , 33.3333333333333 , 0 , 0 , 27 , 0 , 0 , 0 , 0 
24-Aug-2005 11:52,200504,GATWICK,SPAIN(CANARY ISLANDS),SANTA CRUZ DE LA PALMA,THOMAS COOK AIRLINES LTD,A,C, 0 , 0 , 0 , 0 , 0 , 0 , 0 , 0 , 0 , 0 , 5 , 80 , 11.2 
24-Aug-2005 11:52,200504,GATWICK,SPAIN(CANARY ISLANDS),SANTA CRUZ DE LA PALMA,THOMAS COOK AIRLINES LTD,D,C, 0 , 0 , 0 , 0 , 0 , 0 , 0 , 0 , 0 , 0 , 4 , 75 , 19.75 
24-Aug-2005 11:52,200504,GATWICK,SPAIN(CANARY ISLANDS),TENERIFE (NORTE LOS RODEOS),BRITANNIA AIRWAYS AND THOMSONFLY,A,C, 5 , 0 , 60 , 0 , 20 , 20 , 0 , 0 , 42.6 , 0 , 5 , 80 , 23.2 
24-Aug-2005 11:52,200504,GATWICK,SPAIN(CANARY ISLANDS),TENERIFE (NORTE LOS RODEOS),BRITANNIA AIRWAYS AND THOMSONFLY,D,C, 5 , 0 , 60 , 0 , 20 , 20 , 0 , 0 , 44.2 , 0 , 5 , 80 , 21.6 
24-Aug-2005 11:52,200504,GATWICK,SPAIN(CANARY ISLANDS),TENERIFE (NORTE LOS RODEOS),GB AIRWAYS LTD,A,S, 9 , 0 , 77.7777777777778 , 11.1111111111111 , 11.1111111111111 , 0 , 0 , 0 , 12.4444444444444 , 0 , 9 , 88.8888888888889 , 11.4444444444444 
24-Aug-2005 11:52,200504,GATWICK,SPAIN(CANARY ISLANDS),TENERIFE (NORTE LOS RODEOS),GB AIRWAYS LTD,D,S, 9 , 0 , 77.7777777777778 , 11.1111111111111 , 11.1111111111111 , 0 , 0 , 0 , 13.6666666666667 , 0 , 9 , 88.8888888888889 , 15.6666666666667 
24-Aug-2005 11:52,200504,GATWICK,SPAIN(CANARY ISLANDS),TENERIFE (SURREINA SOFIA),AIR CORDIAL LTD,A,C, 0 , 0 , 0 , 0 , 0 , 0 , 0 , 0 , 0 , 0 , 3 , 0 , 162.666666666667 
24-Aug-2005 11:52,200504,GATWICK,SPAIN(CANARY ISLANDS),TENERIFE (SURREINA SOFIA),AIR CORDIAL LTD,D,C, 0 , 0 , 0 , 0 , 0 , 0 , 0 , 0 , 0 , 0 , 2 , 0 , 22.5 
24-Aug-2005 11:52,200504,GATWICK,SPAIN(CANARY ISLANDS),TENERIFE (SURREINA SOFIA),ASTRAEUS LTD,A,C, 8 , 0 , 75 , 25 , 0 , 0 , 0 , 0 , 8.375 , 0 , 5 , 20 , 45.8 
24-Aug-2005 11:52,200504,GATWICK,SPAIN(CANARY ISLANDS),TENERIFE (SURREINA SOFIA),ASTRAEUS LTD,D,C, 9 , 0 , 55.5555555555556 , 44.4444444444444 , 0 , 0 , 0 , 0 , 10 , 0 , 5 , 40 , 36.4 
24-Aug-2005 11:52,200504,GATWICK,SPAIN(CANARY ISLANDS),TENERIFE (SURREINA SOFIA),BRITANNIA AIRWAYS AND THOMSONFLY,A,C, 19 , 0 , 89.4736842105263 , 0 , 5.26315789473684 , 5.26315789473684 , 0 , 0 , 6.52631578947368 , 0 , 26 , 100 , 0.461538461538462 
24-Aug-2005 11:52,200504,GATWICK,SPAIN(CANARY ISLANDS),TENERIFE (SURREINA SOFIA),BRITANNIA AIRWAYS AND THOMSONFLY,D,C, 19 , 0 , 68.421052631579 , 15.7894736842105 , 10.5263157894737 , 5.26315789473684 , 0 , 0 , 15.2105263157895 , 0 , 25 , 92 , 5.44 
24-Aug-2005 11:52,200504,GATWICK,SPAIN(CANARY ISLANDS),TENERIFE (SURREINA SOFIA),EXCEL AIRWAYS LTD,A,C, 19 , 0 , 68.421052631579 , 10.5263157894737 , 5.26315789473684 , 15.7894736842105 , 0 , 0 , 26.1578947368421 , 0 , 24 , 91.6666666666667 , 2.91666666666667 
24-Aug-2005 11:52,200504,GATWICK,SPAIN(CANARY ISLANDS),TENERIFE (SURREINA SOFIA),EXCEL AIRWAYS LTD,D,C, 19 , 0 , 68.421052631579 , 15.7894736842105 , 10.5263157894737 , 5.26315789473684 , 0 , 0 , 17.2631578947368 , 0 , 25 , 80 , 7.92 
24-Aug-2005 11:52,200504,GATWICK,SPAIN(CANARY ISLANDS),TENERIFE (SURREINA SOFIA),FIRST CHOICE AIRWAYS LTD,A,C, 25 , 0 , 76 , 12 , 8 , 4 , 0 , 0 , 15.88 , 0 , 20 , 85 , 5.8 
24-Aug-2005 11:52,200504,GATWICK,SPAIN(CANARY ISLANDS),TENERIFE (SURREINA SOFIA),FIRST CHOICE AIRWAYS LTD,D,C, 25 , 0 , 76 , 16 , 4 , 4 , 0 , 0 , 15.52 , 0 , 19 , 63.1578947368421 , 11.2631578947368 
24-Aug-2005 11:52,200504,GATWICK,SPAIN(CANARY ISLANDS),TENERIFE (SURREINA SOFIA),FLYJET LTD,A,C, 5 , 0 , 60 , 0 , 20 , 20 , 0 , 0 , 30 , 0 , 0 , 0 , 0 
24-Aug-2005 11:52,200504,GATWICK,SPAIN(CANARY ISLANDS),TENERIFE (SURREINA SOFIA),FLYJET LTD,D,C, 5 , 0 , 60 , 20 , 0 , 20 , 0 , 0 , 21 , 0 , 0 , 0 , 0 
24-Aug-2005 11:52,200504,GATWICK,SPAIN(CANARY ISLANDS),TENERIFE (SURREINA SOFIA),FUTURA AIRLINES,A,C, 4 , 0 , 25 , 0 , 0 , 25 , 50 , 0 , 125.25 , 0 , 4 , 0 , 76.75 
24-Aug-2005 11:52,200504,GATWICK,SPAIN(CANARY ISLANDS),TENERIFE (SURREINA SOFIA),FUTURA AIRLINES,D,C, 4 , 0 , 25 , 25 , 25 , 0 , 25 , 0 , 70.75 , 0 , 3 , 0 , 33 
24-Aug-2005 11:52,200504,GATWICK,SPAIN(CANARY ISLANDS),TENERIFE (SURREINA SOFIA),GB AIRWAYS LTD,A,S, 43 , 0 , 58.1395348837209 , 11.6279069767442 , 25.5813953488372 , 4.65116279069767 , 0 , 0 , 17.4883720930233 , 0 , 16 , 37.5 , 27.5625 
24-Aug-2005 11:52,200504,GATWICK,SPAIN(CANARY ISLANDS),TENERIFE (SURREINA SOFIA),GB AIRWAYS LTD,D,S, 43 , 0 , 65.1162790697674 , 11.6279069767442 , 18.6046511627907 , 4.65116279069767 , 0 , 0 , 16.6046511627907 , 0 , 17 , 52.9411764705882 , 26.5294117647059 
24-Aug-2005 11:52,200504,GATWICK,SPAIN(CANARY ISLANDS),TENERIFE (SURREINA SOFIA),MONARCH AIRLINES,A,C, 22 , 0 , 77.2727272727273 , 18.1818181818182 , 0 , 4.54545454545455 , 0 , 0 , 10.4090909090909 , 0 , 22 , 81.8181818181818 , 8.72727272727273 
24-Aug-2005 11:52,200504,GATWICK,SPAIN(CANARY ISLANDS),TENERIFE (SURREINA SOFIA),MONARCH AIRLINES,D,C, 21 , 0 , 85.7142857142857 , 9.52380952380952 , 0 , 4.76190476190476 , 0 , 0 , 9.14285714285714 , 0 , 24 , 66.6666666666667 , 16.7916666666667 
24-Aug-2005 11:52,200504,GATWICK,SPAIN(CANARY ISLANDS),TENERIFE (SURREINA SOFIA),MY TRAVEL AIRWAYS UK,A,C, 4 , 0 , 75 , 0 , 25 , 0 , 0 , 0 , 8.5 , 0 , 12 , 83.3333333333333 , 10.25 
24-Aug-2005 11:52,200504,GATWICK,SPAIN(CANARY ISLANDS),TENERIFE (SURREINA SOFIA),MY TRAVEL AIRWAYS UK,D,C, 4 , 0 , 75 , 0 , 25 , 0 , 0 , 0 , 18.75 , 0 , 13 , 92.3076923076923 , 5.46153846153846 
24-Aug-2005 11:52,200504,GATWICK,SPAIN(CANARY ISLANDS),TENERIFE (SURREINA SOFIA),THOMAS COOK AIRLINES LTD,A,C, 18 , 0 , 61.1111111111111 , 11.1111111111111 , 27.7777777777778 , 0 , 0 , 0 , 13.9444444444444 , 0 , 31 , 87.0967741935484 , 5.2258064516129 
24-Aug-2005 11:52,200504,GATWICK,SPAIN(CANARY ISLANDS),TENERIFE (SURREINA SOFIA),THOMAS COOK AIRLINES LTD,D,C, 18 , 0 , 83.3333333333333 , 16.6666666666667 , 0 , 0 , 0 , 0 , 8.11111111111111 , 0 , 29 , 82.7586206896552 , 6.37931034482759 
24-Aug-2005 11:52,200504,GATWICK,SPAIN(CANARY ISLANDS),TENERIFE (SURREINA SOFIA),VOLAR AIRLINES,A,C, 3 , 0 , 0 , 0 , 100 , 0 , 0 , 0 , 50.3333333333333 , 0 , 2 , 50 , 12.5 
24-Aug-2005 11:52,200504,GATWICK,SPAIN(CANARY ISLANDS),TENERIFE (SURREINA SOFIA),VOLAR AIRLINES,D,C, 3 , 0 , 0 , 0 , 33.3333333333333 , 66.6666666666667 , 0 , 0 , 62.6666666666667 , 0 , 2 , 0 , 35 
24-Aug-2005 11:52,200504,GATWICK,ST LUCIA,ST LUCIA (HEWANORRA),BRITISH AIRWAYS PLC,A,S, 8 , 0 , 100 , 0 , 0 , 0 , 0 , 0 , 3.375 , 0 , 9 , 88.8888888888889 , 5.22222222222222 
24-Aug-2005 11:52,200504,GATWICK,ST LUCIA,ST LUCIA (HEWANORRA),BRITISH AIRWAYS PLC,D,S, 8 , 0 , 100 , 0 , 0 , 0 , 0 , 0 , 6 , 0 , 8 , 87.5 , 7.375 
24-Aug-2005 11:52,200504,GATWICK,ST LUCIA,ST LUCIA (HEWANORRA),G5 EXECUTIVE,A,C, 0 , 1 , 0 , 0 , 0 , 0 , 0 , 0 , 0 , 0 , 0 , 0 , 0 
24-Aug-2005 11:52,200504,GATWICK,ST LUCIA,ST LUCIA (HEWANORRA),VIRGIN ATLANTIC AIRWAYS LTD,A,S, 13 , 0 , 84.6153846153846 , 7.69230769230769 , 0 , 7.69230769230769 , 0 , 0 , 17.0769230769231 , 0 , 12 , 83.3333333333333 , 12 
24-Aug-2005 11:52,200504,GATWICK,ST LUCIA,ST LUCIA (HEWANORRA),VIRGIN ATLANTIC AIRWAYS LTD,D,S, 13 , 0 , 61.5384615384615 , 30.7692307692308 , 7.69230769230769 , 0 , 0 , 0 , 16.3846153846154 , 0 , 13 , 38.4615384615385 , 21.0769230769231 
24-Aug-2005 11:52,200504,GATWICK,SWEDEN,OSTERSUND / FROSON,FLYBE.BRITISH EUROPEAN,A,C, 2 , 0 , 50 , 50 , 0 , 0 , 0 , 0 , 12.5 , 0 , 3 , 66.6666666666667 , 10 
24-Aug-2005 11:52,200504,GATWICK,SWEDEN,OSTERSUND / FROSON,FLYBE.BRITISH EUROPEAN,D,C, 1 , 0 , 100 , 0 , 0 , 0 , 0 , 0 , 0 , 0 , 2 , 100 , 4.5 
24-Aug-2005 11:52,200504,GATWICK,SWITZERLAND,GENEVA,ASTRAEUS LTD,A,C, 4 , 0 , 50 , 0 , 25 , 25 , 0 , 0 , 34.5 , 0 , 7 , 57.1428571428571 , 22 
24-Aug-2005 11:52,200504,GATWICK,SWITZERLAND,GENEVA,ASTRAEUS LTD,D,C, 3 , 0 , 33.3333333333333 , 0 , 33.3333333333333 , 33.3333333333333 , 0 , 0 , 72.3333333333333 , 0 , 5 , 60 , 11.8 
24-Aug-2005 11:52,200504,GATWICK,SWITZERLAND,GENEVA,BRITANNIA AIRWAYS AND THOMSONFLY,A,C, 12 , 0 , 50 , 8.33333333333333 , 33.3333333333333 , 8.33333333333333 , 0 , 0 , 24.4166666666667 , 0 , 11 , 72.7272727272727 , 9.72727272727273 
24-Aug-2005 11:52,200504,GATWICK,SWITZERLAND,GENEVA,BRITANNIA AIRWAYS AND THOMSONFLY,D,C, 10 , 0 , 60 , 10 , 10 , 20 , 0 , 0 , 19.5 , 0 , 9 , 77.7777777777778 , 10.7777777777778 
24-Aug-2005 11:52,200504,GATWICK,SWITZERLAND,GENEVA,BRITISH AIRWAYS PLC,A,C, 20 , 2 , 70 , 15 , 5 , 10 , 0 , 0 , 17.5 , 0 , 11 , 72.7272727272727 , 16.9090909090909 
24-Aug-2005 11:52,200504,GATWICK,SWITZERLAND,GENEVA,BRITISH AIRWAYS PLC,A,S, 84 , 0 , 78.5714285714286 , 11.9047619047619 , 4.76190476190476 , 4.76190476190476 , 0 , 0 , 12.0714285714286 , 2 , 81 , 83.9506172839506 , 5.77777777777778 
24-Aug-2005 11:52,200504,GATWICK,SWITZERLAND,GENEVA,BRITISH AIRWAYS PLC,D,C, 19 , 0 , 89.4736842105263 , 5.26315789473684 , 0 , 5.26315789473684 , 0 , 0 , 16.4736842105263 , 0 , 10 , 90 , 10.4 
24-Aug-2005 11:52,200504,GATWICK,SWITZERLAND,GENEVA,BRITISH AIRWAYS PLC,D,S, 83 , 0 , 92.7710843373494 , 0 , 6.02409638554217 , 1.20481927710843 , 0 , 0 , 6.43373493975904 , 2 , 81 , 85.1851851851852 , 5.33333333333333 
24-Aug-2005 11:52,200504,GATWICK,SWITZERLAND,GENEVA,EASYJET AIRLINE COMPANY LTD,A,S, 6 , 0 , 33.3333333333333 , 0 , 66.6666666666667 , 0 , 0 , 0 , 28.8333333333333 , 0 , 4 , 100 , 0 
24-Aug-2005 11:52,200504,GATWICK,SWITZERLAND,GENEVA,EASYJET AIRLINE COMPANY LTD,D,S, 6 , 0 , 33.3333333333333 , 0 , 50 , 16.6666666666667 , 0 , 0 , 34.1666666666667 , 0 , 4 , 100 , 1.25 
24-Aug-2005 11:52,200504,GATWICK,SWITZERLAND,GENEVA,EASYJET SWITZERLAND,A,S, 109 , 0 , 90.8256880733945 , 2.75229357798165 , 3.6697247706422 , 1.8348623853211 , 0.917431192660551 , 0 , 8.02752293577982 , 0 , 117 , 97.4358974358974 , 1.39316239316239 
24-Aug-2005 11:52,200504,GATWICK,SWITZERLAND,GENEVA,EASYJET SWITZERLAND,D,S, 109 , 0 , 85.3211009174312 , 7.3394495412844 , 3.6697247706422 , 3.6697247706422 , 0 , 0 , 9.32110091743119 , 0 , 116 , 87.9310344827586 , 6.52586206896552 
24-Aug-2005 11:52,200504,GATWICK,SWITZERLAND,GENEVA,EXCEL AIRWAYS LTD,A,C, 11 , 0 , 45.4545454545455 , 0 , 27.2727272727273 , 27.2727272727273 , 0 , 0 , 43.2727272727273 , 0 , 7 , 28.5714285714286 , 52 
24-Aug-2005 11:52,200504,GATWICK,SWITZERLAND,GENEVA,EXCEL AIRWAYS LTD,D,C, 7 , 0 , 71.4285714285714 , 28.5714285714286 , 0 , 0 , 0 , 0 , 7.85714285714286 , 0 , 6 , 66.6666666666667 , 44.3333333333333 
24-Aug-2005 11:52,200504,GATWICK,SWITZERLAND,GENEVA,FIRST CHOICE AIRWAYS LTD,A,C, 5 , 0 , 60 , 0 , 40 , 0 , 0 , 0 , 20.2 , 0 , 11 , 72.7272727272727 , 7.90909090909091 
24-Aug-2005 11:52,200504,GATWICK,SWITZERLAND,GENEVA,FIRST CHOICE AIRWAYS LTD,D,C, 5 , 0 , 80 , 20 , 0 , 0 , 0 , 0 , 11.4 , 0 , 8 , 87.5 , 7.75 
24-Aug-2005 11:52,200504,GATWICK,SWITZERLAND,GENEVA,MONARCH AIRLINES,A,C, 3 , 0 , 33.3333333333333 , 0 , 33.3333333333333 , 33.3333333333333 , 0 , 0 , 50.3333333333333 , 0 , 3 , 100 , 4.66666666666667 
24-Aug-2005 11:52,200504,GATWICK,SWITZERLAND,GENEVA,MONARCH AIRLINES,D,C, 2 , 0 , 50 , 0 , 0 , 50 , 0 , 0 , 55 , 0 , 2 , 100 , 0 
24-Aug-2005 11:52,200504,GATWICK,SWITZERLAND,GENEVA,TAG AVIATION SA,D,C, 0 , 1 , 0 , 0 , 0 , 0 , 0 , 0 , 0 , 0 , 0 , 0 , 0 
24-Aug-2005 11:52,200504,GATWICK,SWITZERLAND,GENEVA,THOMAS COOK AIRLINES LTD,A,C, 4 , 0 , 50 , 25 , 25 , 0 , 0 , 0 , 16.5 , 0 , 5 , 60 , 54.8 
24-Aug-2005 11:52,200504,GATWICK,SWITZERLAND,GENEVA,THOMAS COOK AIRLINES LTD,D,C, 3 , 0 , 66.6666666666667 , 33.3333333333333 , 0 , 0 , 0 , 0 , 11.6666666666667 , 0 , 4 , 75 , 61.5 
24-Aug-2005 11:52,200504,GATWICK,SWITZERLAND,GENEVA,TITAN AIRWAYS LTD,A,C, 3 , 0 , 33.3333333333333 , 0 , 66.6666666666667 , 0 , 0 , 0 , 25.3333333333333 , 0 , 0 , 0 , 0 
24-Aug-2005 11:52,200504,GATWICK,SWITZERLAND,GENEVA,TITAN AIRWAYS LTD,D,C, 1 , 0 , 0 , 0 , 100 , 0 , 0 , 0 , 35 , 0 , 0 , 0 , 0 
24-Aug-2005 11:52,200504,GATWICK,SWITZERLAND,GENEVA,VIRGIN EXPRESS,A,C, 0 , 0 , 0 , 0 , 0 , 0 , 0 , 0 , 0 , 0 , 1 , 100 , 0 
24-Aug-2005 11:52,200504,GATWICK,SWITZERLAND,SION,FLYBE.BRITISH EUROPEAN,A,C, 2 , 0 , 50 , 0 , 0 , 50 , 0 , 0 , 49 , 0 , 3 , 100 , 11.6666666666667 
24-Aug-2005 11:52,200504,GATWICK,SWITZERLAND,SION,FLYBE.BRITISH EUROPEAN,D,C, 1 , 0 , 100 , 0 , 0 , 0 , 0 , 0 , 15 , 0 , 2 , 0 , 18.5 
24-Aug-2005 11:52,200504,GATWICK,SWITZERLAND,ZURICH,BRITANNIA AIRWAYS AND THOMSONFLY,A,C, 0 , 0 , 0 , 0 , 0 , 0 , 0 , 0 , 0 , 0 , 1 , 0 , 47 
24-Aug-2005 11:52,200504,GATWICK,SWITZERLAND,ZURICH,BRITISH AIRWAYS PLC,A,S, 60 , 0 , 76.6666666666667 , 13.3333333333333 , 6.66666666666667 , 3.33333333333333 , 0 , 0 , 11.4666666666667 , 0 , 0 , 0 , 0 
24-Aug-2005 11:52,200504,GATWICK,SWITZERLAND,ZURICH,BRITISH AIRWAYS PLC,D,S, 60 , 0 , 68.3333333333333 , 26.6666666666667 , 3.33333333333333 , 1.66666666666667 , 0 , 0 , 12.4833333333333 , 0 , 0 , 0 , 0 
24-Aug-2005 11:52,200504,GATWICK,SWITZERLAND,ZURICH,HELVETIC AIRWAYS,A,S, 15 , 0 , 80 , 13.3333333333333 , 6.66666666666667 , 0 , 0 , 0 , 8.6 , 0 , 0 , 0 , 0 
24-Aug-2005 11:52,200504,GATWICK,SWITZERLAND,ZURICH,HELVETIC AIRWAYS,D,S, 15 , 0 , 86.6666666666667 , 13.3333333333333 , 0 , 0 , 0 , 0 , 3.26666666666667 , 0 , 0 , 0 , 0 
24-Aug-2005 11:52,200504,GATWICK,THAILAND,BANGKOK,PHUKET AIRLINES,A,S, 5 , 2 , 40 , 0 , 20 , 20 , 0 , 20 , 155 , 9 , 0 , 0 , 0 
24-Aug-2005 11:52,200504,GATWICK,THAILAND,BANGKOK,PHUKET AIRLINES,D,S, 4 , 1 , 25 , 75 , 0 , 0 , 0 , 0 , 18 , 13 , 0 , 0 , 0 
24-Aug-2005 11:52,200504,GATWICK,TRINIDAD AND TOBAGO,PORT OF SPAIN,MY TRAVEL AIRWAYS UK,A,C, 0 , 0 , 0 , 0 , 0 , 0 , 0 , 0 , 0 , 0 , 1 , 0 , 106 
24-Aug-2005 11:52,200504,GATWICK,TRINIDAD AND TOBAGO,TOBAGO,BRITISH AIRWAYS PLC,A,S, 9 , 0 , 88.8888888888889 , 11.1111111111111 , 0 , 0 , 0 , 0 , 3.44444444444444 , 0 , 9 , 88.8888888888889 , 160.555555555556 
24-Aug-2005 11:52,200504,GATWICK,TRINIDAD AND TOBAGO,TOBAGO,BRITISH AIRWAYS PLC,D,S, 9 , 0 , 77.7777777777778 , 22.2222222222222 , 0 , 0 , 0 , 0 , 11.7777777777778 , 0 , 9 , 88.8888888888889 , 7.77777777777778 
24-Aug-2005 11:52,200504,GATWICK,TRINIDAD AND TOBAGO,TOBAGO,EXCEL AIRWAYS LTD,A,C, 9 , 0 , 88.8888888888889 , 0 , 11.1111111111111 , 0 , 0 , 0 , 4 , 0 , 5 , 80 , 3.2 
24-Aug-2005 11:52,200504,GATWICK,TRINIDAD AND TOBAGO,TOBAGO,EXCEL AIRWAYS LTD,D,C, 12 , 0 , 50 , 0 , 41.6666666666667 , 0 , 8.33333333333333 , 0 , 40.6666666666667 , 0 , 14 , 71.4285714285714 , 20.2142857142857 
24-Aug-2005 11:52,200504,GATWICK,TRINIDAD AND TOBAGO,TOBAGO,VIRGIN ATLANTIC AIRWAYS LTD,A,S, 4 , 0 , 75 , 0 , 25 , 0 , 0 , 0 , 18.25 , 0 , 4 , 100 , 0.25 
24-Aug-2005 11:52,200504,GATWICK,TUNISIA,JERBA,NOUVELAIR TUNISIE,A,C, 2 , 0 , 50 , 50 , 0 , 0 , 0 , 0 , 15 , 0 , 4 , 50 , 15.5 
24-Aug-2005 11:52,200504,GATWICK,TUNISIA,JERBA,NOUVELAIR TUNISIE,D,C, 1 , 0 , 100 , 0 , 0 , 0 , 0 , 0 , 0 , 0 , 3 , 33.3333333333333 , 24.6666666666667 
24-Aug-2005 11:52,200504,GATWICK,TUNISIA,MONASTIR,BRITANNIA AIRWAYS AND THOMSONFLY,A,C, 8 , 0 , 75 , 12.5 , 12.5 , 0 , 0 , 0 , 11.5 , 0 , 4 , 25 , 35.5 
24-Aug-2005 11:52,200504,GATWICK,TUNISIA,MONASTIR,BRITANNIA AIRWAYS AND THOMSONFLY,D,C, 8 , 0 , 75 , 25 , 0 , 0 , 0 , 0 , 9.75 , 0 , 4 , 25 , 20.75 
24-Aug-2005 11:52,200504,GATWICK,TUNISIA,MONASTIR,EXCEL AIRWAYS LTD,D,C, 0 , 0 , 0 , 0 , 0 , 0 , 0 , 0 , 0 , 0 , 1 , 100 , 1 
24-Aug-2005 11:52,200504,GATWICK,TUNISIA,MONASTIR,FIRST CHOICE AIRWAYS LTD,A,C, 5 , 0 , 80 , 0 , 0 , 20 , 0 , 0 , 14.4 , 0 , 4 , 100 , 1.25 
24-Aug-2005 11:52,200504,GATWICK,TUNISIA,MONASTIR,FIRST CHOICE AIRWAYS LTD,D,C, 5 , 0 , 100 , 0 , 0 , 0 , 0 , 0 , 3.8 , 0 , 4 , 75 , 4.5 
24-Aug-2005 11:52,200504,GATWICK,TUNISIA,MONASTIR,FLYJET LTD,A,C, 1 , 0 , 0 , 0 , 100 , 0 , 0 , 0 , 55 , 0 , 0 , 0 , 0 
24-Aug-2005 11:52,200504,GATWICK,TUNISIA,MONASTIR,FLYJET LTD,D,C, 1 , 0 , 0 , 0 , 100 , 0 , 0 , 0 , 49 , 0 , 0 , 0 , 0 
24-Aug-2005 11:52,200504,GATWICK,TUNISIA,MONASTIR,MONARCH AIRLINES,A,C, 0 , 0 , 0 , 0 , 0 , 0 , 0 , 0 , 0 , 0 , 3 , 66.6666666666667 , 14 
24-Aug-2005 11:52,200504,GATWICK,TUNISIA,MONASTIR,MONARCH AIRLINES,D,C, 0 , 0 , 0 , 0 , 0 , 0 , 0 , 0 , 0 , 0 , 4 , 100 , 6.25 
24-Aug-2005 11:52,200504,GATWICK,TUNISIA,MONASTIR,MY TRAVEL AIRWAYS UK,A,C, 4 , 0 , 50 , 25 , 25 , 0 , 0 , 0 , 17.25 , 0 , 11 , 63.6363636363636 , 11.6363636363636 
24-Aug-2005 11:52,200504,GATWICK,TUNISIA,MONASTIR,MY TRAVEL AIRWAYS UK,D,C, 4 , 0 , 50 , 0 , 50 , 0 , 0 , 0 , 20.75 , 0 , 12 , 83.3333333333333 , 5.25 
24-Aug-2005 11:52,200504,GATWICK,TUNISIA,MONASTIR,NOUVELAIR TUNISIE,A,C, 1 , 0 , 100 , 0 , 0 , 0 , 0 , 0 , 7 , 0 , 7 , 42.8571428571429 , 34.2857142857143 
24-Aug-2005 11:52,200504,GATWICK,TUNISIA,MONASTIR,NOUVELAIR TUNISIE,A,S, 4 , 0 , 25 , 25 , 25 , 0 , 25 , 0 , 82.75 , 0 , 0 , 0 , 0 
24-Aug-2005 11:52,200504,GATWICK,TUNISIA,MONASTIR,NOUVELAIR TUNISIE,D,C, 0 , 0 , 0 , 0 , 0 , 0 , 0 , 0 , 0 , 0 , 7 , 42.8571428571429 , 34.8571428571429 
24-Aug-2005 11:52,200504,GATWICK,TUNISIA,MONASTIR,NOUVELAIR TUNISIE,D,S, 5 , 0 , 40 , 20 , 20 , 0 , 20 , 0 , 66.8 , 0 , 0 , 0 , 0 
24-Aug-2005 11:52,200504,GATWICK,TUNISIA,MONASTIR,THOMAS COOK AIRLINES LTD,A,C, 8 , 0 , 50 , 12.5 , 12.5 , 25 , 0 , 0 , 39.625 , 0 , 7 , 85.7142857142857 , 4.57142857142857 
24-Aug-2005 11:52,200504,GATWICK,TUNISIA,MONASTIR,THOMAS COOK AIRLINES LTD,D,C, 7 , 0 , 42.8571428571429 , 28.5714285714286 , 0 , 28.5714285714286 , 0 , 0 , 35.5714285714286 , 0 , 8 , 87.5 , 5.375 
24-Aug-2005 11:52,200504,GATWICK,TUNISIA,TUNIS,BRITANNIA AIRWAYS AND THOMSONFLY,A,C, 6 , 0 , 33.3333333333333 , 0 , 50 , 16.6666666666667 , 0 , 0 , 30.5 , 0 , 0 , 0 , 0 
24-Aug-2005 11:52,200504,GATWICK,TUNISIA,TUNIS,BRITANNIA AIRWAYS AND THOMSONFLY,D,C, 3 , 0 , 66.6666666666667 , 0 , 33.3333333333333 , 0 , 0 , 0 , 17 , 0 , 0 , 0 , 0 
24-Aug-2005 11:52,200504,GATWICK,TUNISIA,TUNIS,EXCEL AIRWAYS LTD,A,C, 0 , 0 , 0 , 0 , 0 , 0 , 0 , 0 , 0 , 0 , 2 , 100 , 0 
24-Aug-2005 11:52,200504,GATWICK,TUNISIA,TUNIS,EXCEL AIRWAYS LTD,D,C, 0 , 0 , 0 , 0 , 0 , 0 , 0 , 0 , 0 , 0 , 1 , 100 , 8 
24-Aug-2005 11:52,200504,GATWICK,TUNISIA,TUNIS,FIRST CHOICE AIRWAYS LTD,A,C, 1 , 0 , 0 , 0 , 100 , 0 , 0 , 0 , 60 , 0 , 0 , 0 , 0 
24-Aug-2005 11:52,200504,GATWICK,TUNISIA,TUNIS,FIRST CHOICE AIRWAYS LTD,D,C, 1 , 0 , 0 , 100 , 0 , 0 , 0 , 0 , 26 , 0 , 0 , 0 , 0 
24-Aug-2005 11:52,200504,GATWICK,TUNISIA,TUNIS,FLYJET LTD,A,C, 1 , 0 , 100 , 0 , 0 , 0 , 0 , 0 , 0 , 0 , 0 , 0 , 0 
24-Aug-2005 11:52,200504,GATWICK,TUNISIA,TUNIS,GB AIRWAYS LTD,A,S, 18 , 0 , 66.6666666666667 , 11.1111111111111 , 22.2222222222222 , 0 , 0 , 0 , 13.9444444444444 , 0 , 17 , 100 , 2.58823529411765 
24-Aug-2005 11:52,200504,GATWICK,TUNISIA,TUNIS,GB AIRWAYS LTD,D,S, 18 , 0 , 55.5555555555556 , 33.3333333333333 , 0 , 11.1111111111111 , 0 , 0 , 18.5 , 0 , 17 , 88.2352941176471 , 8.29411764705882 
24-Aug-2005 11:52,200504,GATWICK,TUNISIA,TUNIS,MONARCH AIRLINES,A,C, 0 , 0 , 0 , 0 , 0 , 0 , 0 , 0 , 0 , 0 , 1 , 100 , 0 
24-Aug-2005 11:52,200504,GATWICK,TUNISIA,TUNIS,MONARCH AIRLINES,D,C, 0 , 0 , 0 , 0 , 0 , 0 , 0 , 0 , 0 , 0 , 1 , 0 , 25 
24-Aug-2005 11:52,200504,GATWICK,TURKEY,ANTALYA,FIRST CHOICE AIRWAYS LTD,A,C, 4 , 0 , 100 , 0 , 0 , 0 , 0 , 0 , 2.75 , 0 , 4 , 75 , 9.75 
24-Aug-2005 11:52,200504,GATWICK,TURKEY,ANTALYA,FIRST CHOICE AIRWAYS LTD,D,C, 4 , 0 , 100 , 0 , 0 , 0 , 0 , 0 , 0 , 0 , 4 , 75 , 11.25 
24-Aug-2005 11:52,200504,GATWICK,TURKEY,ANTALYA,THOMAS COOK AIRLINES LTD,A,C, 15 , 1 , 86.6666666666667 , 6.66666666666667 , 6.66666666666667 , 0 , 0 , 0 , 5.93333333333333 , 0 , 8 , 100 , 2.125 
24-Aug-2005 11:52,200504,GATWICK,TURKEY,ANTALYA,THOMAS COOK AIRLINES LTD,D,C, 15 , 1 , 93.3333333333333 , 0 , 6.66666666666667 , 0 , 0 , 0 , 3.66666666666667 , 0 , 8 , 100 , 2.625 
24-Aug-2005 11:52,200504,GATWICK,TURKEY,BODRUM (MILAS),EXCEL AIRWAYS LTD,D,C, 1 , 0 , 100 , 0 , 0 , 0 , 0 , 0 , 0 , 0 , 0 , 0 , 0 
24-Aug-2005 11:52,200504,GATWICK,TURKEY,BODRUM (MILAS),FIRST CHOICE AIRWAYS LTD,A,C, 0 , 0 , 0 , 0 , 0 , 0 , 0 , 0 , 0 , 0 , 3 , 100 , 0 
24-Aug-2005 11:52,200504,GATWICK,TURKEY,BODRUM (MILAS),FIRST CHOICE AIRWAYS LTD,D,C, 0 , 0 , 0 , 0 , 0 , 0 , 0 , 0 , 0 , 0 , 4 , 100 , 2.5 
24-Aug-2005 11:52,200504,GATWICK,TURKEY,BODRUM (MILAS),MONARCH AIRLINES,A,C, 4 , 0 , 75 , 25 , 0 , 0 , 0 , 0 , 6.75 , 0 , 4 , 75 , 23 
24-Aug-2005 11:52,200504,GATWICK,TURKEY,BODRUM (MILAS),MONARCH AIRLINES,D,C, 4 , 0 , 100 , 0 , 0 , 0 , 0 , 0 , 0 , 0 , 4 , 100 , 2.25 
24-Aug-2005 11:52,200504,GATWICK,TURKEY,DALAMAN,FIRST CHOICE AIRWAYS LTD,D,C, 1 , 0 , 0 , 100 , 0 , 0 , 0 , 0 , 23 , 0 , 4 , 100 , 0.25 
24-Aug-2005 11:52,200504,GATWICK,TURKEY,DALAMAN,KIBRIS TURKISH AIRLINES - KTHY,A,S, 5 , 0 , 80 , 20 , 0 , 0 , 0 , 0 , 4.4 , 0 , 5 , 80 , 7.4 
24-Aug-2005 11:52,200504,GATWICK,TURKEY,DALAMAN,KIBRIS TURKISH AIRLINES - KTHY,D,S, 5 , 0 , 100 , 0 , 0 , 0 , 0 , 0 , 5.4 , 0 , 5 , 40 , 26.2 
24-Aug-2005 11:52,200504,GATWICK,TURKEY,DALAMAN,THOMAS COOK AIRLINES LTD,A,C, 17 , 0 , 64.7058823529412 , 5.88235294117647 , 17.6470588235294 , 11.7647058823529 , 0 , 0 , 19.1764705882353 , 0 , 10 , 100 , 0 
24-Aug-2005 11:52,200504,GATWICK,TURKEY,DALAMAN,THOMAS COOK AIRLINES LTD,D,C, 17 , 1 , 58.8235294117647 , 17.6470588235294 , 17.6470588235294 , 5.88235294117647 , 0 , 0 , 19.8823529411765 , 0 , 14 , 92.8571428571429 , 5.28571428571429 
24-Aug-2005 11:52,200504,GATWICK,TURKEY,ISTANBUL,MONARCH AIRLINES,A,C, 0 , 0 , 0 , 0 , 0 , 0 , 0 , 0 , 0 , 0 , 1 , 100 , 0 
24-Aug-2005 11:52,200504,GATWICK,TURKEY,ISTANBUL,MONARCH AIRLINES,D,C, 0 , 0 , 0 , 0 , 0 , 0 , 0 , 0 , 0 , 0 , 1 , 100 , 0 
24-Aug-2005 11:52,200504,GATWICK,TURKEY,IZMIR (ADNAM MENDERES),EXCEL AIRWAYS LTD,A,C, 0 , 0 , 0 , 0 , 0 , 0 , 0 , 0 , 0 , 0 , 3 , 66.6666666666667 , 6.33333333333333 
24-Aug-2005 11:52,200504,GATWICK,TURKEY,IZMIR (ADNAM MENDERES),EXCEL AIRWAYS LTD,D,C, 1 , 0 , 100 , 0 , 0 , 0 , 0 , 0 , 8 , 0 , 5 , 80 , 9.4 
24-Aug-2005 11:52,200504,GATWICK,UKRAINE,KIEV (BORISPOL),UKRAINE INTERNATIONAL AIRLINES,A,S, 30 , 0 , 96.6666666666667 , 0 , 0 , 3.33333333333333 , 0 , 0 , 6.13333333333333 , 0 , 23 , 91.304347826087 , 4.52173913043478 
24-Aug-2005 11:52,200504,GATWICK,UKRAINE,KIEV (BORISPOL),UKRAINE INTERNATIONAL AIRLINES,D,S, 30 , 0 , 90 , 3.33333333333333 , 3.33333333333333 , 3.33333333333333 , 0 , 0 , 6.43333333333333 , 0 , 24 , 91.6666666666667 , 7.91666666666667 
24-Aug-2005 11:52,200504,GATWICK,UNITED ARAB EMIRATES,ABU DHABI INTERNATIONAL,ETIHAD AIRWAYS,A,S, 25 , 0 , 88 , 8 , 0 , 4 , 0 , 0 , 6.76 , 3 , 0 , 0 , 0 
24-Aug-2005 11:52,200504,GATWICK,UNITED ARAB EMIRATES,ABU DHABI INTERNATIONAL,ETIHAD AIRWAYS,D,S, 25 , 0 , 76 , 12 , 4 , 8 , 0 , 0 , 14.36 , 3 , 0 , 0 , 0 
24-Aug-2005 11:52,200504,GATWICK,UNITED ARAB EMIRATES,DUBAI,EMIRATES,A,S, 90 , 0 , 85.5555555555556 , 12.2222222222222 , 1.11111111111111 , 1.11111111111111 , 0 , 0 , 5.43333333333333 , 0 , 92 , 72.8260869565217 , 11.6630434782609 
24-Aug-2005 11:52,200504,GATWICK,UNITED ARAB EMIRATES,DUBAI,EMIRATES,D,S, 90 , 0 , 91.1111111111111 , 4.44444444444444 , 2.22222222222222 , 2.22222222222222 , 0 , 0 , 5.82222222222222 , 0 , 91 , 85.7142857142857 , 7.20879120879121 
24-Aug-2005 11:52,200504,GATWICK,UNITED ARAB EMIRATES,SHARJAH,MY TRAVEL AIRWAYS UK,D,C, 0 , 0 , 0 , 0 , 0 , 0 , 0 , 0 , 0 , 0 , 1 , 0 , 20 
24-Aug-2005 11:52,200504,GATWICK,UNITED KINGDOM,ABERDEEN,BRITISH AIRWAYS PLC,A,S, 110 , 0 , 71.8181818181818 , 18.1818181818182 , 6.36363636363636 , 3.63636363636364 , 0 , 0 , 12.1181818181818 , 0 , 115 , 85.2173913043478 , 6.48695652173913 
24-Aug-2005 11:52,200504,GATWICK,UNITED KINGDOM,ABERDEEN,BRITISH AIRWAYS PLC,D,S, 110 , 0 , 77.2727272727273 , 14.5454545454545 , 6.36363636363636 , 1.81818181818182 , 0 , 0 , 9.26363636363636 , 1 , 115 , 90.4347826086957 , 4.89565217391304 
24-Aug-2005 11:52,200504,GATWICK,UNITED KINGDOM,BELFAST CITY,FLYBE.BRITISH EUROPEAN,A,S, 106 , 0 , 72.6415094339623 , 14.1509433962264 , 5.66037735849057 , 7.54716981132075 , 0 , 0 , 13.5943396226415 , 0 , 108 , 85.1851851851852 , 7.53703703703704 
24-Aug-2005 11:52,200504,GATWICK,UNITED KINGDOM,BELFAST CITY,FLYBE.BRITISH EUROPEAN,D,S, 105 , 0 , 76.1904761904762 , 10.4761904761905 , 5.71428571428571 , 6.66666666666667 , 0.952380952380952 , 0 , 14.0095238095238 , 1 , 108 , 87.037037037037 , 8.30555555555556 
24-Aug-2005 11:52,200504,GATWICK,UNITED KINGDOM,BELFAST INTERNATIONAL,EASYJET AIRLINE COMPANY LTD,A,S, 115 , 0 , 86.0869565217391 , 7.82608695652174 , 3.47826086956522 , 2.60869565217391 , 0 , 0 , 6.60869565217391 , 0 , 86 , 89.5348837209302 , 7.02325581395349 
24-Aug-2005 11:52,200504,GATWICK,UNITED KINGDOM,BELFAST INTERNATIONAL,EASYJET AIRLINE COMPANY LTD,D,S, 115 , 0 , 79.1304347826087 , 16.5217391304348 , 2.60869565217391 , 1.73913043478261 , 0 , 0 , 8.01739130434783 , 0 , 86 , 87.2093023255814 , 11.7558139534884 
24-Aug-2005 11:52,200504,GATWICK,UNITED KINGDOM,BRISTOL,EUROPEAN AIR CHARTER,D,C, 1 , 0 , 100 , 0 , 0 , 0 , 0 , 0 , 0 , 0 , 0 , 0 , 0 
24-Aug-2005 11:52,200504,GATWICK,UNITED KINGDOM,EDINBURGH,BRITISH AIRWAYS PLC,A,S, 174 , 0 , 66.0919540229885 , 18.3908045977011 , 11.4942528735632 , 4.02298850574713 , 0 , 0 , 15.6264367816092 , 1 , 173 , 88.4393063583815 , 6.07514450867052 
24-Aug-2005 11:52,200504,GATWICK,UNITED KINGDOM,EDINBURGH,BRITISH AIRWAYS PLC,D,S, 175 , 0 , 76 , 12 , 9.71428571428571 , 2.28571428571429 , 0 , 0 , 11.7771428571429 , 0 , 174 , 92.5287356321839 , 4.21264367816092 
24-Aug-2005 11:52,200504,GATWICK,UNITED KINGDOM,EDINBURGH,EASYJET AIRLINE COMPANY LTD,A,S, 112 , 0 , 71.4285714285714 , 16.0714285714286 , 10.7142857142857 , 1.78571428571429 , 0 , 0 , 13.4196428571429 , 0 , 116 , 83.6206896551724 , 8.64655172413793 
24-Aug-2005 11:52,200504,GATWICK,UNITED KINGDOM,EDINBURGH,EASYJET AIRLINE COMPANY LTD,D,S, 112 , 0 , 70.5357142857143 , 16.0714285714286 , 11.6071428571429 , 1.78571428571429 , 0 , 0 , 12.4464285714286 , 0 , 116 , 75 , 11.1810344827586 
24-Aug-2005 11:52,200504,GATWICK,UNITED KINGDOM,EDINBURGH,EUJET,A,S, 0 , 1 , 0 , 0 , 0 , 0 , 0 , 0 , 0 , 0 , 0 , 0 , 0 
24-Aug-2005 11:52,200504,GATWICK,UNITED KINGDOM,GLASGOW,BRITISH AIRWAYS PLC,A,S, 167 , 0 , 80.2395209580838 , 10.7784431137725 , 6.58682634730539 , 2.39520958083832 , 0 , 0 , 10.4251497005988 , 1 , 169 , 92.8994082840237 , 5.76923076923077 
24-Aug-2005 11:52,200504,GATWICK,UNITED KINGDOM,GLASGOW,BRITISH AIRWAYS PLC,D,S, 168 , 0 , 85.1190476190476 , 5.95238095238095 , 5.35714285714286 , 2.97619047619048 , 0.595238095238095 , 0 , 9.77976190476191 , 0 , 169 , 92.3076923076923 , 4.64497041420118 
24-Aug-2005 11:52,200504,GATWICK,UNITED KINGDOM,GLASGOW,FUTURA AIRLINES,A,C, 0 , 0 , 0 , 0 , 0 , 0 , 0 , 0 , 0 , 0 , 1 , 0 , 59 
24-Aug-2005 11:52,200504,GATWICK,UNITED KINGDOM,GUERNSEY,AURIGNY AIR SERVICES,A,S, 116 , 0 , 81.8965517241379 , 6.89655172413793 , 4.31034482758621 , 5.17241379310345 , 1.72413793103448 , 0 , 13.198275862069 , 4 , 117 , 75.2136752136752 , 13.8461538461538 
24-Aug-2005 11:52,200504,GATWICK,UNITED KINGDOM,GUERNSEY,AURIGNY AIR SERVICES,D,S, 117 , 0 , 76.9230769230769 , 5.12820512820513 , 6.83760683760684 , 8.54700854700855 , 1.70940170940171 , 0.854700854700855 , 26.2820512820513 , 3 , 117 , 67.5213675213675 , 15.008547008547 
24-Aug-2005 11:52,200504,GATWICK,UNITED KINGDOM,GUERNSEY,FLYBE.BRITISH EUROPEAN,A,S, 127 , 0 , 85.0393700787402 , 7.08661417322835 , 4.7244094488189 , 2.36220472440945 , 0 , 0.78740157480315 , 10.1417322834646 , 6 , 107 , 96.2616822429907 , 4.55140186915888 
24-Aug-2005 11:52,200504,GATWICK,UNITED KINGDOM,GUERNSEY,FLYBE.BRITISH EUROPEAN,D,S, 128 , 0 , 84.375 , 7.03125 , 4.6875 , 3.125 , 0 , 0.78125 , 10.109375 , 7 , 110 , 92.7272727272727 , 5.87272727272727 
24-Aug-2005 11:52,200504,GATWICK,UNITED KINGDOM,HEATHROW,BRITISH AIRWAYS PLC,D,S, 0 , 1 , 0 , 0 , 0 , 0 , 0 , 0 , 0 , 0 , 0 , 0 , 0 
24-Aug-2005 11:52,200504,GATWICK,UNITED KINGDOM,HEATHROW,VIRGIN ATLANTIC AIRWAYS LTD,D,S, 0 , 1 , 0 , 0 , 0 , 0 , 0 , 0 , 0 , 0 , 0 , 0 , 0 
24-Aug-2005 11:52,200504,GATWICK,UNITED KINGDOM,INVERNESS,BRITISH AIRWAYS CITIEXPRESS LTD,A,S, 90 , 0 , 91.1111111111111 , 5.55555555555556 , 3.33333333333333 , 0 , 0 , 0 , 5.38888888888889 , 0 , 90 , 92.2222222222222 , 4.15555555555556 
24-Aug-2005 11:52,200504,GATWICK,UNITED KINGDOM,INVERNESS,BRITISH AIRWAYS CITIEXPRESS LTD,D,S, 90 , 0 , 90 , 5.55555555555556 , 3.33333333333333 , 1.11111111111111 , 0 , 0 , 6.08888888888889 , 0 , 90 , 93.3333333333333 , 4.22222222222222 
24-Aug-2005 11:52,200504,GATWICK,UNITED KINGDOM,INVERNESS,EASYJET AIRLINE COMPANY LTD,A,S, 30 , 0 , 76.6666666666667 , 16.6666666666667 , 6.66666666666667 , 0 , 0 , 0 , 10.0666666666667 , 0 , 30 , 90 , 5.53333333333333 
24-Aug-2005 11:52,200504,GATWICK,UNITED KINGDOM,INVERNESS,EASYJET AIRLINE COMPANY LTD,D,S, 30 , 0 , 83.3333333333333 , 10 , 6.66666666666667 , 0 , 0 , 0 , 8.53333333333333 , 0 , 30 , 73.3333333333333 , 7.73333333333333 
24-Aug-2005 11:52,200504,GATWICK,UNITED KINGDOM,ISLE OF MAN,BA CITIEXPRESS (IOM) LTD,A,S, 0 , 0 , 0 , 0 , 0 , 0 , 0 , 0 , 0 , 0 , 80 , 91.25 , 5.6875 
24-Aug-2005 11:52,200504,GATWICK,UNITED KINGDOM,ISLE OF MAN,BA CITIEXPRESS (IOM) LTD,D,S, 0 , 0 , 0 , 0 , 0 , 0 , 0 , 0 , 0 , 0 , 80 , 87.5 , 8.9875 
24-Aug-2005 11:52,200504,GATWICK,UNITED KINGDOM,ISLE OF MAN,BRITISH AIRWAYS CITIEXPRESS LTD,A,S, 80 , 0 , 85 , 7.5 , 5 , 2.5 , 0 , 0 , 8.7375 , 0 , 0 , 0 , 0 
24-Aug-2005 11:52,200504,GATWICK,UNITED KINGDOM,ISLE OF MAN,BRITISH AIRWAYS CITIEXPRESS LTD,D,S, 81 , 0 , 77.7777777777778 , 9.87654320987654 , 4.93827160493827 , 7.40740740740741 , 0 , 0 , 13.716049382716 , 0 , 0 , 0 , 0 
24-Aug-2005 11:52,200504,GATWICK,UNITED KINGDOM,JERSEY,BRITISH AIRWAYS PLC,A,S, 158 , 0 , 75.3164556962025 , 11.3924050632911 , 6.9620253164557 , 6.32911392405063 , 0 , 0 , 13.2974683544304 , 0 , 158 , 87.3417721518987 , 7.22784810126582 
24-Aug-2005 11:52,200504,GATWICK,UNITED KINGDOM,JERSEY,BRITISH AIRWAYS PLC,D,S, 157 , 0 , 74.5222929936306 , 14.6496815286624 , 5.73248407643312 , 5.09554140127389 , 0 , 0 , 12.5923566878981 , 1 , 158 , 90.5063291139241 , 6.59493670886076 
24-Aug-2005 11:52,200504,GATWICK,UNITED KINGDOM,JERSEY,FLYBE.BRITISH EUROPEAN,A,S, 120 , 0 , 81.6666666666667 , 10 , 2.5 , 5 , 0.833333333333333 , 0 , 12.9916666666667 , 0 , 123 , 91.869918699187 , 5.1869918699187 
24-Aug-2005 11:52,200504,GATWICK,UNITED KINGDOM,JERSEY,FLYBE.BRITISH EUROPEAN,D,S, 118 , 0 , 83.0508474576271 , 6.77966101694915 , 4.23728813559322 , 5.08474576271186 , 0.847457627118644 , 0 , 12.8050847457627 , 0 , 120 , 90.8333333333333 , 7.61666666666667 
24-Aug-2005 11:52,200504,GATWICK,UNITED KINGDOM,LIVERPOOL,MONARCH AIRLINES,A,C, 1 , 0 , 100 , 0 , 0 , 0 , 0 , 0 , 9 , 0 , 0 , 0 , 0 
24-Aug-2005 11:52,200504,GATWICK,UNITED KINGDOM,LIVERPOOL,MONARCH AIRLINES,D,C, 1 , 0 , 0 , 100 , 0 , 0 , 0 , 0 , 26 , 0 , 0 , 0 , 0 
24-Aug-2005 11:52,200504,GATWICK,UNITED KINGDOM,MANCHESTER,BRITANNIA AIRWAYS AND THOMSONFLY,A,C, 4 , 0 , 75 , 0 , 25 , 0 , 0 , 0 , 11.75 , 0 , 4 , 100 , 1.75 
24-Aug-2005 11:52,200504,GATWICK,UNITED KINGDOM,MANCHESTER,BRITANNIA AIRWAYS AND THOMSONFLY,D,C, 3 , 1 , 33.3333333333333 , 33.3333333333333 , 33.3333333333333 , 0 , 0 , 0 , 21.3333333333333 , 0 , 1 , 0 , 68 
24-Aug-2005 11:52,200504,GATWICK,UNITED KINGDOM,MANCHESTER,BRITISH AIRWAYS PLC,A,S, 188 , 0 , 73.4042553191489 , 14.3617021276596 , 10.6382978723404 , 1.59574468085106 , 0 , 0 , 11.6063829787234 , 0 , 188 , 81.3829787234043 , 8.22340425531915 
24-Aug-2005 11:52,200504,GATWICK,UNITED KINGDOM,MANCHESTER,BRITISH AIRWAYS PLC,D,S, 187 , 0 , 85.0267379679144 , 8.02139037433155 , 6.41711229946524 , 0.53475935828877 , 0 , 0 , 7.524064171123 , 0 , 188 , 90.4255319148936 , 5.24468085106383 
24-Aug-2005 11:52,200504,GATWICK,UNITED KINGDOM,MANCHESTER,CHANNEL EXPRESS (INCORP: JET 2),A,S, 86 , 0 , 77.9069767441861 , 15.1162790697674 , 2.32558139534884 , 4.65116279069767 , 0 , 0 , 10.8488372093023 , 0 , 0 , 0 , 0 
24-Aug-2005 11:52,200504,GATWICK,UNITED KINGDOM,MANCHESTER,CHANNEL EXPRESS (INCORP: JET 2),D,S, 86 , 0 , 86.046511627907 , 6.97674418604651 , 2.32558139534884 , 4.65116279069767 , 0 , 0 , 8.13953488372093 , 0 , 0 , 0 , 0 
24-Aug-2005 11:52,200504,GATWICK,UNITED KINGDOM,MANCHESTER,EASTERN AIRWAYS,D,C, 0 , 1 , 0 , 0 , 0 , 0 , 0 , 0 , 0 , 0 , 0 , 0 , 0 
24-Aug-2005 11:52,200504,GATWICK,UNITED KINGDOM,MANCHESTER,EUJET,A,S, 0 , 1 , 0 , 0 , 0 , 0 , 0 , 0 , 0 , 0 , 0 , 0 , 0 
24-Aug-2005 11:52,200504,GATWICK,UNITED KINGDOM,MANCHESTER,EUROPEAN AIR CHARTER,A,C, 1 , 0 , 0 , 100 , 0 , 0 , 0 , 0 , 22 , 0 , 0 , 0 , 0 
24-Aug-2005 11:52,200504,GATWICK,UNITED KINGDOM,MANCHESTER,EXCEL AIRWAYS LTD,A,C, 0 , 2 , 0 , 0 , 0 , 0 , 0 , 0 , 0 , 0 , 0 , 0 , 0 
24-Aug-2005 11:52,200504,GATWICK,UNITED KINGDOM,MANCHESTER,FINNAIR,A,C, 1 , 0 , 100 , 0 , 0 , 0 , 0 , 0 , 6 , 0 , 0 , 0 , 0 
24-Aug-2005 11:52,200504,GATWICK,UNITED KINGDOM,MANCHESTER,FINNAIR,D,C, 1 , 0 , 0 , 0 , 100 , 0 , 0 , 0 , 37 , 0 , 0 , 0 , 0 
24-Aug-2005 11:52,200504,GATWICK,UNITED KINGDOM,MANCHESTER,FIRST CHOICE AIRWAYS LTD,A,C, 6 , 9 , 83.3333333333333 , 0 , 0 , 16.6666666666667 , 0 , 0 , 17.1666666666667 , 0 , 5 , 80 , 10.6 
24-Aug-2005 11:52,200504,GATWICK,UNITED KINGDOM,MANCHESTER,FIRST CHOICE AIRWAYS LTD,D,C, 8 , 5 , 100 , 0 , 0 , 0 , 0 , 0 , 0 , 0 , 7 , 100 , 1 
24-Aug-2005 11:52,200504,GATWICK,UNITED KINGDOM,MANCHESTER,FLYJET LTD,A,C, 2 , 0 , 100 , 0 , 0 , 0 , 0 , 0 , 5.5 , 0 , 1 , 100 , 0 
24-Aug-2005 11:52,200504,GATWICK,UNITED KINGDOM,MANCHESTER,FLYJET LTD,D,C, 0 , 1 , 0 , 0 , 0 , 0 , 0 , 0 , 0 , 0 , 1 , 0 , 19 
24-Aug-2005 11:52,200504,GATWICK,UNITED KINGDOM,MANCHESTER,MONARCH AIRLINES,A,C, 0 , 4 , 0 , 0 , 0 , 0 , 0 , 0 , 0 , 0 , 0 , 0 , 0 
24-Aug-2005 11:52,200504,GATWICK,UNITED KINGDOM,MANCHESTER,MONARCH AIRLINES,D,C, 0 , 4 , 0 , 0 , 0 , 0 , 0 , 0 , 0 , 0 , 0 , 0 , 0 
24-Aug-2005 11:52,200504,GATWICK,UNITED KINGDOM,MANCHESTER,MY TRAVEL AIRWAYS UK,A,C, 6 , 0 , 83.3333333333333 , 0 , 0 , 16.6666666666667 , 0 , 0 , 17.1666666666667 , 0 , 8 , 87.5 , 18.75 
24-Aug-2005 11:52,200504,GATWICK,UNITED KINGDOM,MANCHESTER,MY TRAVEL AIRWAYS UK,D,C, 7 , 0 , 28.5714285714286 , 28.5714285714286 , 14.2857142857143 , 28.5714285714286 , 0 , 0 , 33.5714285714286 , 0 , 7 , 71.4285714285714 , 22.1428571428571 
24-Aug-2005 11:52,200504,GATWICK,UNITED KINGDOM,MANCHESTER,THOMAS COOK AIRLINES LTD,A,C, 1 , 0 , 0 , 0 , 100 , 0 , 0 , 0 , 31 , 0 , 0 , 0 , 0 
24-Aug-2005 11:52,200504,GATWICK,UNITED KINGDOM,NEWCASTLE,BRITISH AIRWAYS PLC,A,S, 113 , 0 , 85.8407079646018 , 7.96460176991151 , 5.30973451327434 , 0.884955752212389 , 0 , 0 , 7.23008849557522 , 0 , 114 , 89.4736842105263 , 4.44736842105263 
24-Aug-2005 11:52,200504,GATWICK,UNITED KINGDOM,NEWCASTLE,BRITISH AIRWAYS PLC,D,S, 113 , 0 , 84.9557522123894 , 10.6194690265487 , 3.53982300884956 , 0.884955752212389 , 0 , 0 , 7.20353982300885 , 0 , 114 , 91.2280701754386 , 4.40350877192982 
24-Aug-2005 11:52,200504,GATWICK,UNITED KINGDOM,NEWQUAY,AIR SOUTHWEST,D,S, 85 , 0 , 74.1176470588235 , 8.23529411764706 , 9.41176470588235 , 8.23529411764706 , 0 , 0 , 14.6705882352941 , 4 , 88 , 88.6363636363636 , 6.70454545454545 
24-Aug-2005 11:52,200504,GATWICK,UNITED KINGDOM,PLYMOUTH,AIR SOUTHWEST,A,S, 115 , 0 , 71.304347826087 , 9.56521739130435 , 10.4347826086957 , 8.69565217391304 , 0 , 0 , 16.9652173913043 , 4 , 117 , 87.1794871794872 , 7.05982905982906 
24-Aug-2005 11:52,200504,GATWICK,UNITED KINGDOM,PLYMOUTH,AIR SOUTHWEST,D,S, 29 , 0 , 68.9655172413793 , 13.7931034482759 , 6.89655172413793 , 10.3448275862069 , 0 , 0 , 17 , 1 , 29 , 93.1034482758621 , 3.3448275862069 
24-Aug-2005 11:52,200504,GATWICK,UNITED KINGDOM,STANSTED,TITAN AIRWAYS LTD,D,C, 0 , 0 , 0 , 0 , 0 , 0 , 0 , 0 , 0 , 0 , 1 , 0 , 18 
24-Aug-2005 11:52,200504,GATWICK,USA,ATLANTA,BRITISH AIRWAYS PLC,A,S, 30 , 0 , 53.3333333333333 , 26.6666666666667 , 16.6666666666667 , 3.33333333333333 , 0 , 0 , 18.5666666666667 , 0 , 30 , 73.3333333333333 , 9.8 
24-Aug-2005 11:52,200504,GATWICK,USA,ATLANTA,BRITISH AIRWAYS PLC,D,S, 30 , 0 , 83.3333333333333 , 13.3333333333333 , 0 , 3.33333333333333 , 0 , 0 , 8.7 , 0 , 30 , 76.6666666666667 , 10.6 
24-Aug-2005 11:52,200504,GATWICK,USA,ATLANTA,DELTA AIRLINES,A,S, 90 , 0 , 67.7777777777778 , 16.6666666666667 , 8.88888888888889 , 6.66666666666667 , 0 , 0 , 16.0333333333333 , 0 , 89 , 71.9101123595506 , 10.3932584269663 
24-Aug-2005 11:52,200504,GATWICK,USA,ATLANTA,DELTA AIRLINES,D,S, 90 , 0 , 73.3333333333333 , 13.3333333333333 , 6.66666666666667 , 6.66666666666667 , 0 , 0 , 13.9777777777778 , 0 , 89 , 80.8988764044944 , 11.0337078651685 
24-Aug-2005 11:52,200504,GATWICK,USA,CHARLOTTE,US AIRWAYS,A,S, 30 , 0 , 76.6666666666667 , 13.3333333333333 , 6.66666666666667 , 0 , 3.33333333333333 , 0 , 14.1666666666667 , 0 , 30 , 80 , 7.23333333333333 
24-Aug-2005 11:52,200504,GATWICK,USA,CHARLOTTE,US AIRWAYS,D,S, 30 , 0 , 66.6666666666667 , 10 , 10 , 13.3333333333333 , 0 , 0 , 19.8 , 0 , 30 , 30 , 27.1 
24-Aug-2005 11:52,200504,GATWICK,USA,CINCINNATI,DELTA AIRLINES,A,S, 30 , 0 , 50 , 20 , 20 , 10 , 0 , 0 , 23.4 , 0 , 30 , 86.6666666666667 , 8.86666666666667 
24-Aug-2005 11:52,200504,GATWICK,USA,CINCINNATI,DELTA AIRLINES,D,S, 30 , 0 , 83.3333333333333 , 6.66666666666667 , 3.33333333333333 , 6.66666666666667 , 0 , 0 , 12.8666666666667 , 0 , 30 , 70 , 13.6333333333333 
24-Aug-2005 11:52,200504,GATWICK,USA,DALLAS/FORT WORTH,AMERICAN AIRLINES,A,S, 78 , 0 , 61.5384615384615 , 20.5128205128205 , 8.97435897435897 , 8.97435897435897 , 0 , 0 , 18.6923076923077 , 0 , 70 , 78.5714285714286 , 10 
24-Aug-2005 11:52,200504,GATWICK,USA,DALLAS/FORT WORTH,AMERICAN AIRLINES,D,S, 78 , 0 , 93.5897435897436 , 5.12820512820513 , 1.28205128205128 , 0 , 0 , 0 , 4.28205128205128 , 0 , 70 , 94.2857142857143 , 4.38571428571429 
24-Aug-2005 11:52,200504,GATWICK,USA,DALLAS/FORT WORTH,BRITISH AIRWAYS PLC,A,S, 30 , 0 , 83.3333333333333 , 13.3333333333333 , 3.33333333333333 , 0 , 0 , 0 , 4.73333333333333 , 0 , 30 , 76.6666666666667 , 12.2 
24-Aug-2005 11:52,200504,GATWICK,USA,DALLAS/FORT WORTH,BRITISH AIRWAYS PLC,D,S, 30 , 0 , 86.6666666666667 , 10 , 3.33333333333333 , 0 , 0 , 0 , 5.23333333333333 , 0 , 30 , 90 , 8.73333333333333 
24-Aug-2005 11:52,200504,GATWICK,USA,DETROIT,NORTHWEST AIRLINES,A,S, 30 , 0 , 66.6666666666667 , 13.3333333333333 , 0 , 13.3333333333333 , 6.66666666666667 , 0 , 33.5333333333333 , 0 , 30 , 83.3333333333333 , 10.1333333333333 
24-Aug-2005 11:52,200504,GATWICK,USA,DETROIT,NORTHWEST AIRLINES,D,S, 30 , 0 , 80 , 10 , 6.66666666666667 , 3.33333333333333 , 0 , 0 , 11.2333333333333 , 0 , 30 , 96.6666666666667 , 2.56666666666667 
24-Aug-2005 11:52,200504,GATWICK,USA,HOUSTON,BRITISH AIRWAYS PLC,A,S, 52 , 0 , 88.4615384615385 , 1.92307692307692 , 3.84615384615385 , 5.76923076923077 , 0 , 0 , 7.34615384615385 , 0 , 43 , 79.0697674418605 , 7.81395348837209 
24-Aug-2005 11:52,200504,GATWICK,USA,HOUSTON,BRITISH AIRWAYS PLC,D,S, 51 , 0 , 82.3529411764706 , 7.84313725490196 , 3.92156862745098 , 5.88235294117647 , 0 , 0 , 11.9607843137255 , 0 , 43 , 83.7209302325581 , 8.23255813953488 
24-Aug-2005 11:52,200504,GATWICK,USA,HOUSTON,CONTINENTAL AIRLINES,A,S, 60 , 0 , 61.6666666666667 , 16.6666666666667 , 13.3333333333333 , 8.33333333333333 , 0 , 0 , 21.05 , 0 , 60 , 71.6666666666667 , 16.8333333333333 
24-Aug-2005 11:52,200504,GATWICK,USA,HOUSTON,CONTINENTAL AIRLINES,D,S, 60 , 0 , 73.3333333333333 , 21.6666666666667 , 3.33333333333333 , 1.66666666666667 , 0 , 0 , 9.43333333333333 , 0 , 60 , 78.3333333333333 , 11.0166666666667 
24-Aug-2005 11:52,200504,GATWICK,USA,LAS VEGAS,VIRGIN ATLANTIC AIRWAYS LTD,A,S, 17 , 0 , 41.1764705882353 , 23.5294117647059 , 23.5294117647059 , 11.7647058823529 , 0 , 0 , 29.6470588235294 , 0 , 18 , 83.3333333333333 , 7.88888888888889 
24-Aug-2005 11:52,200504,GATWICK,USA,LAS VEGAS,VIRGIN ATLANTIC AIRWAYS LTD,D,S, 16 , 0 , 68.75 , 18.75 , 6.25 , 6.25 , 0 , 0 , 15.0625 , 0 , 17 , 52.9411764705882 , 24.5882352941176 
24-Aug-2005 11:52,200504,GATWICK,USA,LOS ANGELES INTERNATIONAL,VIRGIN ATLANTIC AIRWAYS LTD,A,S, 0 , 1 , 0 , 0 , 0 , 0 , 0 , 0 , 0 , 0 , 0 , 0 , 0 
24-Aug-2005 11:52,200504,GATWICK,USA,MINNEAPOLIS-ST PAUL,NORTHWEST AIRLINES,A,S, 30 , 0 , 66.6666666666667 , 6.66666666666667 , 16.6666666666667 , 6.66666666666667 , 3.33333333333333 , 0 , 24.3 , 0 , 30 , 83.3333333333333 , 13.5 
24-Aug-2005 11:52,200504,GATWICK,USA,MINNEAPOLIS-ST PAUL,NORTHWEST AIRLINES,D,S, 30 , 0 , 80 , 13.3333333333333 , 3.33333333333333 , 3.33333333333333 , 0 , 0 , 13.9666666666667 , 1 , 30 , 80 , 11.3666666666667 
24-Aug-2005 11:52,200504,GATWICK,USA,NEW YORK (JF KENNEDY),ISRAIR LTD,A,S, 0 , 1 , 0 , 0 , 0 , 0 , 0 , 0 , 0 , 0 , 0 , 0 , 0 
24-Aug-2005 11:52,200504,GATWICK,USA,NEW YORK (JF KENNEDY),VIRGIN ATLANTIC AIRWAYS LTD,A,C, 0 , 0 , 0 , 0 , 0 , 0 , 0 , 0 , 0 , 0 , 1 , 0 , 18 
24-Aug-2005 11:52,200504,GATWICK,USA,NEW YORK (JF KENNEDY),VIRGIN ATLANTIC AIRWAYS LTD,D,C, 0 , 0 , 0 , 0 , 0 , 0 , 0 , 0 , 0 , 0 , 1 , 0 , 57 
24-Aug-2005 11:52,200504,GATWICK,USA,NEW YORK (NEWARK),CONTINENTAL AIRLINES,A,S, 60 , 0 , 58.3333333333333 , 21.6666666666667 , 13.3333333333333 , 6.66666666666667 , 0 , 0 , 18.9833333333333 , 0 , 60 , 58.3333333333333 , 18.1 
24-Aug-2005 11:52,200504,GATWICK,USA,NEW YORK (NEWARK),CONTINENTAL AIRLINES,D,S, 61 , 0 , 85.2459016393443 , 11.4754098360656 , 1.63934426229508 , 1.63934426229508 , 0 , 0 , 8.85245901639344 , 0 , 60 , 81.6666666666667 , 8.6 
24-Aug-2005 11:52,200504,GATWICK,USA,ORLANDO,BRITISH AIRWAYS PLC,A,S, 30 , 0 , 86.6666666666667 , 3.33333333333333 , 3.33333333333333 , 3.33333333333333 , 3.33333333333333 , 0 , 13.1666666666667 , 0 , 30 , 90 , 3.53333333333333 
24-Aug-2005 11:52,200504,GATWICK,USA,ORLANDO,BRITISH AIRWAYS PLC,D,S, 30 , 0 , 70 , 23.3333333333333 , 0 , 3.33333333333333 , 3.33333333333333 , 0 , 18.2333333333333 , 0 , 30 , 86.6666666666667 , 8.36666666666667 
24-Aug-2005 11:52,200504,GATWICK,USA,ORLANDO,VIRGIN ATLANTIC AIRWAYS LTD,A,S, 57 , 0 , 56.140350877193 , 17.5438596491228 , 8.7719298245614 , 14.0350877192982 , 3.50877192982456 , 0 , 29.6842105263158 , 0 , 58 , 65.5172413793103 , 14.6206896551724 
24-Aug-2005 11:52,200504,GATWICK,USA,ORLANDO,VIRGIN ATLANTIC AIRWAYS LTD,D,S, 57 , 0 , 54.3859649122807 , 7.01754385964912 , 12.280701754386 , 22.8070175438596 , 3.50877192982456 , 0 , 38.7017543859649 , 0 , 59 , 57.6271186440678 , 24.728813559322 
24-Aug-2005 11:52,200504,GATWICK,USA,PHILADELPHIA INTERNATIONAL,US AIRWAYS,A,S, 30 , 0 , 23.3333333333333 , 13.3333333333333 , 40 , 23.3333333333333 , 0 , 0 , 39.9 , 0 , 30 , 36.6666666666667 , 32.4333333333333 
24-Aug-2005 11:52,200504,GATWICK,USA,PHILADELPHIA INTERNATIONAL,US AIRWAYS,D,S, 30 , 0 , 93.3333333333333 , 3.33333333333333 , 0 , 3.33333333333333 , 0 , 0 , 7.43333333333333 , 0 , 30 , 90 , 7.26666666666667 
24-Aug-2005 11:52,200504,GATWICK,USA,RALEIGH,AMERICAN AIRLINES,A,S, 30 , 0 , 73.3333333333333 , 16.6666666666667 , 10 , 0 , 0 , 0 , 11.0666666666667 , 0 , 30 , 83.3333333333333 , 7.3 
24-Aug-2005 11:52,200504,GATWICK,USA,RALEIGH,AMERICAN AIRLINES,D,S, 30 , 0 , 93.3333333333333 , 6.66666666666667 , 0 , 0 , 0 , 0 , 3.9 , 0 , 30 , 83.3333333333333 , 7.7 
24-Aug-2005 11:52,200504,GATWICK,USA,SANFORD,AIR ATLANTA EUROPE LTD,A,C, 9 , 0 , 33.3333333333333 , 11.1111111111111 , 33.3333333333333 , 22.2222222222222 , 0 , 0 , 33.8888888888889 , 0 , 8 , 87.5 , 2 
24-Aug-2005 11:52,200504,GATWICK,USA,SANFORD,AIR ATLANTA EUROPE LTD,D,C, 9 , 0 , 22.2222222222222 , 44.4444444444444 , 22.2222222222222 , 11.1111111111111 , 0 , 0 , 31.4444444444444 , 0 , 9 , 22.2222222222222 , 22.2222222222222 
24-Aug-2005 11:52,200504,GATWICK,USA,SANFORD,BRITANNIA AIRWAYS AND THOMSONFLY,A,C, 9 , 0 , 55.5555555555556 , 33.3333333333333 , 11.1111111111111 , 0 , 0 , 0 , 14.7777777777778 , 0 , 7 , 71.4285714285714 , 18 
24-Aug-2005 11:52,200504,GATWICK,USA,SANFORD,BRITANNIA AIRWAYS AND THOMSONFLY,D,C, 9 , 0 , 55.5555555555556 , 33.3333333333333 , 0 , 11.1111111111111 , 0 , 0 , 23.7777777777778 , 0 , 10 , 80 , 12.1 
24-Aug-2005 11:52,200504,GATWICK,USA,SANFORD,FIRST CHOICE AIRWAYS LTD,A,C, 4 , 0 , 50 , 0 , 50 , 0 , 0 , 0 , 23.75 , 0 , 4 , 75 , 10.5 
24-Aug-2005 11:52,200504,GATWICK,USA,SANFORD,FIRST CHOICE AIRWAYS LTD,D,C, 5 , 0 , 20 , 60 , 20 , 0 , 0 , 0 , 22.4 , 0 , 4 , 75 , 10.75 
24-Aug-2005 11:52,200504,GATWICK,USA,SANFORD,MY TRAVEL AIRWAYS UK,A,C, 5 , 0 , 60 , 20 , 20 , 0 , 0 , 0 , 12.6 , 0 , 12 , 58.3333333333333 , 31.4166666666667 
24-Aug-2005 11:52,200504,GATWICK,USA,SANFORD,MY TRAVEL AIRWAYS UK,D,C, 5 , 0 , 40 , 60 , 0 , 0 , 0 , 0 , 15.4 , 0 , 13 , 53.8461538461538 , 48 
24-Aug-2005 11:52,200504,GATWICK,USA,SANFORD,THOMAS COOK AIRLINES LTD,A,C, 0 , 0 , 0 , 0 , 0 , 0 , 0 , 0 , 0 , 0 , 9 , 77.7777777777778 , 11.8888888888889 
24-Aug-2005 11:52,200504,GATWICK,USA,SANFORD,THOMAS COOK AIRLINES LTD,D,C, 2 , 0 , 50 , 50 , 0 , 0 , 0 , 0 , 10.5 , 0 , 9 , 44.4444444444444 , 37 
24-Aug-2005 11:52,200504,GATWICK,USA,TAMPA,BRITISH AIRWAYS PLC,A,S, 22 , 0 , 59.0909090909091 , 13.6363636363636 , 13.6363636363636 , 13.6363636363636 , 0 , 0 , 23.2272727272727 , 0 , 21 , 95.2380952380952 , 1.61904761904762 
24-Aug-2005 11:52,200504,GATWICK,USA,TAMPA,BRITISH AIRWAYS PLC,D,S, 22 , 0 , 77.2727272727273 , 18.1818181818182 , 4.54545454545455 , 0 , 0 , 0 , 9.59090909090909 , 0 , 22 , 77.2727272727273 , 8.68181818181818 
24-Aug-2005 11:52,200504,GATWICK,VENEZUELA,PORLAMAR,FIRST CHOICE AIRWAYS LTD,A,C, 2 , 0 , 0 , 0 , 50 , 50 , 0 , 0 , 68.5 , 0 , 2 , 100 , 6.5 
24-Aug-2005 11:52,200504,GATWICK,VENEZUELA,PORLAMAR,FIRST CHOICE AIRWAYS LTD,D,C, 2 , 0 , 50 , 0 , 0 , 50 , 0 , 0 , 42 , 0 , 2 , 100 , 0 
24-Aug-2005 11:52,200504,GATWICK,VIRGIN ISLANDS (U.S.A),ST THOMAS ISLANDS,FIRST CHOICE AIRWAYS LTD,A,C, 0 , 0 , 0 , 0 , 0 , 0 , 0 , 0 , 0 , 0 , 4 , 25 , 49.75 
24-Aug-2005 11:52,200504,GATWICK,ZIMBABWE,HARARE,AIR ZIMBABWE,A,S, 14 , 0 , 71.4285714285714 , 21.4285714285714 , 0 , 0 , 7.14285714285714 , 0 , 27.1428571428571 , 0 , 13 , 38.4615384615385 , 25.0769230769231 
24-Aug-2005 11:52,200504,GATWICK,ZIMBABWE,HARARE,AIR ZIMBABWE,D,S, 14 , 0 , 64.2857142857143 , 28.5714285714286 , 7.14285714285714 , 0 , 0 , 0 , 14.0714285714286 , 0 , 13 , 46.1538461538462 , 56.9230769230769 
24-Aug-2005 11:52,200504,GLASGOW,AUSTRIA,INNSBRUCK,AUSTRIAN AIRLINES,A,C, 2 , 0 , 100 , 0 , 0 , 0 , 0 , 0 , 0 , 0 , 0 , 0 , 0 
24-Aug-2005 11:52,200504,GLASGOW,AUSTRIA,INNSBRUCK,AUSTRIAN AIRLINES,D,C, 2 , 0 , 100 , 0 , 0 , 0 , 0 , 0 , 5.5 , 0 , 0 , 0 , 0 
24-Aug-2005 11:52,200504,GLASGOW,BARBADOS,BRIDGETOWN,BRITANNIA AIRWAYS AND THOMSONFLY,A,C, 1 , 0 , 0 , 0 , 0 , 0 , 100 , 0 , 188 , 0 , 1 , 100 , 14 
24-Aug-2005 11:52,200504,GLASGOW,BELGIUM,BRUSSELS,BMI REGIONAL,A,S, 0 , 1 , 0 , 0 , 0 , 0 , 0 , 0 , 0 , 0 , 0 , 0 , 0 
24-Aug-2005 11:52,200504,GLASGOW,CANADA,HALIFAX INT,ZOOM AIRLINES,A,S, 1 , 0 , 0 , 0 , 0 , 100 , 0 , 0 , 99 , 0 , 0 , 0 , 0 
24-Aug-2005 11:52,200504,GLASGOW,CANADA,TORONTO,AIR TRANSAT,A,S, 10 , 0 , 70 , 0 , 10 , 20 , 0 , 0 , 31.3 , 0 , 9 , 100 , 3.55555555555556 
24-Aug-2005 11:52,200504,GLASGOW,CANADA,TORONTO,AIR TRANSAT,D,S, 10 , 0 , 40 , 20 , 20 , 20 , 0 , 0 , 41.4 , 0 , 9 , 77.7777777777778 , 8.88888888888889 
24-Aug-2005 11:52,200504,GLASGOW,CANADA,TORONTO,MY TRAVEL AIRWAYS UK,A,C, 0 , 0 , 0 , 0 , 0 , 0 , 0 , 0 , 0 , 0 , 1 , 100 , 4 
24-Aug-2005 11:52,200504,GLASGOW,CANADA,TORONTO,ZOOM AIRLINES,A,C, 0 , 0 , 0 , 0 , 0 , 0 , 0 , 0 , 0 , 0 , 1 , 100 , 0 
24-Aug-2005 11:52,200504,GLASGOW,CANADA,TORONTO,ZOOM AIRLINES,A,S, 3 , 0 , 33.3333333333333 , 66.6666666666667 , 0 , 0 , 0 , 0 , 18.6666666666667 , 0 , 0 , 0 , 0 
24-Aug-2005 11:52,200504,GLASGOW,CANADA,TORONTO,ZOOM AIRLINES,D,S, 4 , 0 , 50 , 0 , 25 , 25 , 0 , 0 , 29.5 , 0 , 0 , 0 , 0 
24-Aug-2005 11:52,200504,GLASGOW,CANADA,VANCOUVER,ZOOM AIRLINES,A,S, 8 , 0 , 100 , 0 , 0 , 0 , 0 , 0 , 0.5 , 0 , 0 , 0 , 0 
24-Aug-2005 11:52,200504,GLASGOW,CANADA,VANCOUVER,ZOOM AIRLINES,D,S, 6 , 0 , 83.3333333333333 , 16.6666666666667 , 0 , 0 , 0 , 0 , 5.5 , 0 , 0 , 0 , 0 
24-Aug-2005 11:52,200504,GLASGOW,CYPRUS,LARNACA,THOMAS COOK AIRLINES LTD,A,C, 4 , 0 , 50 , 0 , 25 , 25 , 0 , 0 , 41.25 , 0 , 0 , 0 , 0 
24-Aug-2005 11:52,200504,GLASGOW,CYPRUS,LARNACA,THOMAS COOK AIRLINES LTD,D,C, 4 , 0 , 75 , 25 , 0 , 0 , 0 , 0 , 4.75 , 0 , 0 , 0 , 0 
24-Aug-2005 11:52,200504,GLASGOW,CYPRUS,PAPHOS,BRITANNIA AIRWAYS AND THOMSONFLY,A,C, 4 , 0 , 100 , 0 , 0 , 0 , 0 , 0 , 3.5 , 0 , 4 , 100 , 2.25 
24-Aug-2005 11:52,200504,GLASGOW,CYPRUS,PAPHOS,BRITANNIA AIRWAYS AND THOMSONFLY,D,C, 4 , 0 , 100 , 0 , 0 , 0 , 0 , 0 , 2.75 , 0 , 4 , 100 , 0.75 
24-Aug-2005 11:52,200504,GLASGOW,CYPRUS,PAPHOS,EUROCYPRIA AIRLINES LTD,A,C, 4 , 0 , 100 , 0 , 0 , 0 , 0 , 0 , 0.25 , 0 , 7 , 85.7142857142857 , 21 
24-Aug-2005 11:52,200504,GLASGOW,CYPRUS,PAPHOS,EUROCYPRIA AIRLINES LTD,D,C, 4 , 0 , 100 , 0 , 0 , 0 , 0 , 0 , 3.5 , 0 , 8 , 87.5 , 19.5 
24-Aug-2005 11:52,200504,GLASGOW,CYPRUS,PAPHOS,FIRST CHOICE AIRWAYS LTD,A,S, 4 , 0 , 75 , 0 , 25 , 0 , 0 , 0 , 12.5 , 0 , 4 , 50 , 20 
24-Aug-2005 11:52,200504,GLASGOW,CYPRUS,PAPHOS,FIRST CHOICE AIRWAYS LTD,D,S, 4 , 0 , 100 , 0 , 0 , 0 , 0 , 0 , 5.75 , 0 , 4 , 100 , 3.5 
24-Aug-2005 11:52,200504,GLASGOW,CYPRUS,PAPHOS,MY TRAVEL AIRWAYS UK,A,C, 0 , 0 , 0 , 0 , 0 , 0 , 0 , 0 , 0 , 0 , 4 , 50 , 39.75 
24-Aug-2005 11:52,200504,GLASGOW,CYPRUS,PAPHOS,MY TRAVEL AIRWAYS UK,D,C, 0 , 0 , 0 , 0 , 0 , 0 , 0 , 0 , 0 , 0 , 4 , 50 , 52 
24-Aug-2005 11:52,200504,GLASGOW,CYPRUS,PAPHOS,THOMAS COOK AIRLINES LTD,A,C, 4 , 0 , 25 , 0 , 50 , 25 , 0 , 0 , 41.25 , 0 , 0 , 0 , 0 
24-Aug-2005 11:52,200504,GLASGOW,CYPRUS,PAPHOS,THOMAS COOK AIRLINES LTD,D,C, 4 , 0 , 75 , 25 , 0 , 0 , 0 , 0 , 7.75 , 0 , 0 , 0 , 0 
24-Aug-2005 11:52,200504,GLASGOW,CZECH REPUBLIC,PRAGUE,CSA,A,S, 41 , 1 , 90.2439024390244 , 0 , 9.75609756097561 , 0 , 0 , 0 , 5.78048780487805 , 1 , 0 , 0 , 0 
24-Aug-2005 11:52,200504,GLASGOW,CZECH REPUBLIC,PRAGUE,CSA,D,S, 42 , 0 , 61.9047619047619 , 21.4285714285714 , 11.9047619047619 , 4.76190476190476 , 0 , 0 , 13.952380952381 , 1 , 0 , 0 , 0 
24-Aug-2005 11:52,200504,GLASGOW,CZECH REPUBLIC,PRAGUE,FLYGLOBESPAN,A,S, 28 , 2 , 57.1428571428571 , 25 , 10.7142857142857 , 0 , 7.14285714285714 , 0 , 32.8928571428571 , 0 , 9 , 44.4444444444444 , 16.1111111111111 
24-Aug-2005 11:52,200504,GLASGOW,CZECH REPUBLIC,PRAGUE,FLYGLOBESPAN,D,S, 28 , 1 , 96.4285714285714 , 0 , 0 , 0 , 3.57142857142857 , 0 , 13.9285714285714 , 0 , 9 , 66.6666666666667 , 17.4444444444444 
24-Aug-2005 11:52,200504,GLASGOW,DENMARK,COPENHAGEN,BMI REGIONAL,A,S, 30 , 0 , 90 , 3.33333333333333 , 3.33333333333333 , 3.33333333333333 , 0 , 0 , 6.06666666666667 , 0 , 29 , 89.6551724137931 , 35.3448275862069 
24-Aug-2005 11:52,200504,GLASGOW,DENMARK,COPENHAGEN,BMI REGIONAL,D,S, 30 , 0 , 96.6666666666667 , 3.33333333333333 , 0 , 0 , 0 , 0 , 2.06666666666667 , 0 , 29 , 82.7586206896552 , 7.27586206896552 
24-Aug-2005 11:52,200504,GLASGOW,DENMARK,COPENHAGEN,EXCEL AIRWAYS LTD,A,C, 0 , 0 , 0 , 0 , 0 , 0 , 0 , 0 , 0 , 0 , 1 , 100 , 13 
24-Aug-2005 11:52,200504,GLASGOW,DENMARK,COPENHAGEN,EXCEL AIRWAYS LTD,D,C, 0 , 0 , 0 , 0 , 0 , 0 , 0 , 0 , 0 , 0 , 1 , 100 , 0 
24-Aug-2005 11:52,200504,GLASGOW,DOMINICAN REPUBLIC,PUERTO PLATA,BRITANNIA AIRWAYS AND THOMSONFLY,A,C, 0 , 0 , 0 , 0 , 0 , 0 , 0 , 0 , 0 , 0 , 2 , 100 , 0 
24-Aug-2005 11:52,200504,GLASGOW,DOMINICAN REPUBLIC,PUERTO PLATA,BRITANNIA AIRWAYS AND THOMSONFLY,D,C, 0 , 0 , 0 , 0 , 0 , 0 , 0 , 0 , 0 , 0 , 5 , 60 , 13.8 
24-Aug-2005 11:52,200504,GLASGOW,EGYPT,SHARM EL SHEIKH (OPHIRA),THOMAS COOK AIRLINES LTD,A,C, 4 , 0 , 50 , 0 , 50 , 0 , 0 , 0 , 26.75 , 0 , 0 , 0 , 0 
24-Aug-2005 11:52,200504,GLASGOW,EGYPT,SHARM EL SHEIKH (OPHIRA),THOMAS COOK AIRLINES LTD,D,C, 4 , 0 , 100 , 0 , 0 , 0 , 0 , 0 , 0.25 , 0 , 0 , 0 , 0 
24-Aug-2005 11:52,200504,GLASGOW,FRANCE,LYON,BRITANNIA AIRWAYS AND THOMSONFLY,A,C, 5 , 0 , 60 , 0 , 40 , 0 , 0 , 0 , 21.8 , 0 , 6 , 0 , 60.8333333333333 
24-Aug-2005 11:52,200504,GLASGOW,FRANCE,LYON,BRITANNIA AIRWAYS AND THOMSONFLY,D,C, 3 , 0 , 66.6666666666667 , 33.3333333333333 , 0 , 0 , 0 , 0 , 5.66666666666667 , 0 , 5 , 40 , 44.6 
24-Aug-2005 11:52,200504,GLASGOW,FRANCE,NICE,BMI REGIONAL,A,C, 0 , 0 , 0 , 0 , 0 , 0 , 0 , 0 , 0 , 0 , 1 , 100 , 2 
24-Aug-2005 11:52,200504,GLASGOW,FRANCE,NICE,CHANNEL EXPRESS (INCORP: JET 2),A,S, 0 , 0 , 0 , 0 , 0 , 0 , 0 , 0 , 0 , 0 , 9 , 77.7777777777778 , 6.66666666666667 
24-Aug-2005 11:52,200504,GLASGOW,FRANCE,NICE,CHANNEL EXPRESS (INCORP: JET 2),D,S, 0 , 0 , 0 , 0 , 0 , 0 , 0 , 0 , 0 , 0 , 9 , 66.6666666666667 , 12.1111111111111 
24-Aug-2005 11:52,200504,GLASGOW,FRANCE,PARIS (CHARLES DE GAULLE),BRITISH AIRWAYS CITIEXPRESS LTD,A,S, 21 , 1 , 100 , 0 , 0 , 0 , 0 , 0 , 2.23809523809524 , 0 , 23 , 91.304347826087 , 7.08695652173913 
24-Aug-2005 11:52,200504,GLASGOW,FRANCE,PARIS (CHARLES DE GAULLE),BRITISH AIRWAYS CITIEXPRESS LTD,D,S, 23 , 0 , 95.6521739130435 , 4.34782608695652 , 0 , 0 , 0 , 0 , 2.73913043478261 , 0 , 24 , 91.6666666666667 , 5.45833333333333 
24-Aug-2005 11:52,200504,GLASGOW,FRANCE,PARIS (CHARLES DE GAULLE),FLYBE.BRITISH EUROPEAN,D,S, 0 , 0 , 0 , 0 , 0 , 0 , 0 , 0 , 0 , 0 , 2 , 100 , 0.5 
24-Aug-2005 11:52,200504,GLASGOW,FRANCE,PARIS (CHARLES DE GAULLE),GREECE AIRWAYS,A,S, 9 , 0 , 77.7777777777778 , 11.1111111111111 , 0 , 0 , 11.1111111111111 , 0 , 26.5555555555556 , 0 , 0 , 0 , 0 
24-Aug-2005 11:52,200504,GLASGOW,FRANCE,PARIS (CHARLES DE GAULLE),GREECE AIRWAYS,D,S, 9 , 0 , 77.7777777777778 , 11.1111111111111 , 0 , 0 , 11.1111111111111 , 0 , 28.8888888888889 , 0 , 0 , 0 , 0 
24-Aug-2005 11:52,200504,GLASGOW,FRANCE,TOULOUSE (BLAGNAC),FIRST CHOICE AIRWAYS LTD,A,C, 1 , 0 , 100 , 0 , 0 , 0 , 0 , 0 , 0 , 0 , 0 , 0 , 0 
24-Aug-2005 11:52,200504,GLASGOW,FRANCE,TOULOUSE (BLAGNAC),FIRST CHOICE AIRWAYS LTD,D,C, 1 , 0 , 100 , 0 , 0 , 0 , 0 , 0 , 0 , 0 , 0 , 0 , 0 
24-Aug-2005 11:52,200504,GLASGOW,GAMBIA,BANJUL,ASTRAEUS LTD,A,C, 0 , 0 , 0 , 0 , 0 , 0 , 0 , 0 , 0 , 0 , 5 , 80 , 12.4 
24-Aug-2005 11:52,200504,GLASGOW,GAMBIA,BANJUL,ASTRAEUS LTD,D,C, 0 , 0 , 0 , 0 , 0 , 0 , 0 , 0 , 0 , 0 , 4 , 75 , 16.75 
24-Aug-2005 11:52,200504,GLASGOW,GERMANY,DUSSELDORF,BRITISH AIRWAYS CITIEXPRESS LTD,D,S, 0 , 0 , 0 , 0 , 0 , 0 , 0 , 0 , 0 , 0 , 18 , 94.4444444444444 , 2.11111111111111 
24-Aug-2005 11:52,200504,GLASGOW,GERMANY,FRANKFURT MAIN,AMERICAN AIRLINES,A,S, 0 , 1 , 0 , 0 , 0 , 0 , 0 , 0 , 0 , 0 , 0 , 0 , 0 
24-Aug-2005 11:52,200504,GLASGOW,GERMANY,FRANKFURT MAIN,BRITISH AIRWAYS CITIEXPRESS LTD,A,S, 23 , 0 , 82.6086956521739 , 8.69565217391304 , 4.34782608695652 , 4.34782608695652 , 0 , 0 , 10.6086956521739 , 0 , 22 , 95.4545454545455 , 1.63636363636364 
24-Aug-2005 11:52,200504,GLASGOW,GERMANY,MANNHEIM,JET AVIATION BUSINESS JETS,A,C, 0 , 1 , 0 , 0 , 0 , 0 , 0 , 0 , 0 , 0 , 0 , 0 , 0 
24-Aug-2005 11:52,200504,GLASGOW,GERMANY,MANNHEIM,JET AVIATION BUSINESS JETS,D,C, 0 , 1 , 0 , 0 , 0 , 0 , 0 , 0 , 0 , 0 , 0 , 0 , 0 
24-Aug-2005 11:52,200504,GLASGOW,GERMANY,MUNICH,BRITISH AIRWAYS CITIEXPRESS LTD,A,S, 22 , 0 , 90.9090909090909 , 4.54545454545455 , 0 , 4.54545454545455 , 0 , 0 , 6.86363636363636 , 0 , 23 , 86.9565217391304 , 5.26086956521739 
24-Aug-2005 11:52,200504,GLASGOW,GERMANY,MUNICH,BRITISH AIRWAYS CITIEXPRESS LTD,D,S, 20 , 0 , 90 , 10 , 0 , 0 , 0 , 0 , 4.4 , 0 , 19 , 84.2105263157895 , 5.57894736842105 
24-Aug-2005 11:52,200504,GLASGOW,GREECE,ATHENS,GREECE AIRWAYS,A,S, 9 , 0 , 88.8888888888889 , 0 , 0 , 0 , 11.1111111111111 , 0 , 25.7777777777778 , 0 , 0 , 0 , 0 
24-Aug-2005 11:52,200504,GLASGOW,GREECE,ATHENS,GREECE AIRWAYS,D,S, 9 , 0 , 66.6666666666667 , 22.2222222222222 , 0 , 0 , 11.1111111111111 , 0 , 30.8888888888889 , 0 , 0 , 0 , 0 
24-Aug-2005 11:52,200504,GLASGOW,ICELAND,KEFLAVIK,ICELANDAIR,A,S, 17 , 0 , 52.9411764705882 , 35.2941176470588 , 5.88235294117647 , 5.88235294117647 , 0 , 0 , 14.6470588235294 , 0 , 18 , 77.7777777777778 , 11.6111111111111 
24-Aug-2005 11:52,200504,GLASGOW,ICELAND,KEFLAVIK,ICELANDAIR,D,S, 17 , 0 , 70.5882352941177 , 5.88235294117647 , 17.6470588235294 , 5.88235294117647 , 0 , 0 , 15.8823529411765 , 0 , 18 , 50 , 16.8333333333333 
24-Aug-2005 11:52,200504,GLASGOW,IRISH REPUBLIC,CONNAUGHT,BMI REGIONAL,A,S, 0 , 0 , 0 , 0 , 0 , 0 , 0 , 0 , 0 , 0 , 28 , 92.8571428571429 , 4.60714285714286 
24-Aug-2005 11:52,200504,GLASGOW,IRISH REPUBLIC,CONNAUGHT,BMI REGIONAL,D,S, 0 , 0 , 0 , 0 , 0 , 0 , 0 , 0 , 0 , 0 , 28 , 92.8571428571429 , 5.25 
24-Aug-2005 11:52,200504,GLASGOW,IRISH REPUBLIC,CORK,LOGANAIR,A,S, 24 , 0 , 95.8333333333333 , 4.16666666666667 , 0 , 0 , 0 , 0 , 1.33333333333333 , 0 , 30 , 100 , 0.6 
24-Aug-2005 11:52,200504,GLASGOW,IRISH REPUBLIC,CORK,LOGANAIR,D,S, 24 , 0 , 83.3333333333333 , 12.5 , 4.16666666666667 , 0 , 0 , 0 , 8.29166666666667 , 0 , 30 , 83.3333333333333 , 8.86666666666667 
24-Aug-2005 11:52,200504,GLASGOW,IRISH REPUBLIC,DUBLIN,AER LINGUS,A,S, 81 , 0 , 72.8395061728395 , 18.5185185185185 , 7.40740740740741 , 1.23456790123457 , 0 , 0 , 9.33333333333333 , 0 , 81 , 75.3086419753086 , 14.7283950617284 
24-Aug-2005 11:52,200504,GLASGOW,IRISH REPUBLIC,DUBLIN,AER LINGUS,D,S, 81 , 0 , 69.1358024691358 , 20.9876543209877 , 8.64197530864197 , 1.23456790123457 , 0 , 0 , 11.1111111111111 , 0 , 80 , 58.75 , 20.2125 
24-Aug-2005 11:52,200504,GLASGOW,IRISH REPUBLIC,DUBLIN,EUROMANX GMBH,D,C, 1 , 0 , 100 , 0 , 0 , 0 , 0 , 0 , 13 , 0 , 0 , 0 , 0 
24-Aug-2005 11:52,200504,GLASGOW,IRISH REPUBLIC,DUBLIN,EUROPEAN AIR CHARTER,A,C, 1 , 0 , 100 , 0 , 0 , 0 , 0 , 0 , 0 , 0 , 0 , 0 , 0 
24-Aug-2005 11:52,200504,GLASGOW,IRISH REPUBLIC,GALWAY,LOGANAIR,A,S, 16 , 0 , 81.25 , 6.25 , 6.25 , 6.25 , 0 , 0 , 13.3125 , 0 , 0 , 0 , 0 
24-Aug-2005 11:52,200504,GLASGOW,IRISH REPUBLIC,GALWAY,LOGANAIR,D,S, 16 , 0 , 81.25 , 12.5 , 0 , 6.25 , 0 , 0 , 9.4375 , 0 , 0 , 0 , 0 
24-Aug-2005 11:52,200504,GLASGOW,ISRAEL,TEL AVIV,EL AL,A,C, 1 , 0 , 100 , 0 , 0 , 0 , 0 , 0 , 0 , 0 , 0 , 0 , 0 
24-Aug-2005 11:52,200504,GLASGOW,ITALY,ALGHERO/SASSARI,AIR MALTA,A,C, 0 , 0 , 0 , 0 , 0 , 0 , 0 , 0 , 0 , 0 , 1 , 100 , 0 
24-Aug-2005 11:52,200504,GLASGOW,ITALY,ALGHERO/SASSARI,AIR MALTA,D,C, 0 , 0 , 0 , 0 , 0 , 0 , 0 , 0 , 0 , 0 , 1 , 0 , 38 
24-Aug-2005 11:52,200504,GLASGOW,ITALY,ALGHERO/SASSARI,EXCEL AIRWAYS LTD,D,C, 1 , 0 , 100 , 0 , 0 , 0 , 0 , 0 , 12 , 0 , 0 , 0 , 0 
24-Aug-2005 11:52,200504,GLASGOW,ITALY,BRESCIA/MONTICHIARI,EXCEL AIRWAYS LTD,A,C, 1 , 0 , 0 , 100 , 0 , 0 , 0 , 0 , 30 , 0 , 0 , 0 , 0 
24-Aug-2005 11:52,200504,GLASGOW,ITALY,BRESCIA/MONTICHIARI,EXCEL AIRWAYS LTD,D,C, 1 , 0 , 100 , 0 , 0 , 0 , 0 , 0 , 15 , 0 , 0 , 0 , 0 
24-Aug-2005 11:52,200504,GLASGOW,ITALY,PALERMO,AIR MALTA,A,C, 1 , 0 , 100 , 0 , 0 , 0 , 0 , 0 , 0 , 0 , 1 , 100 , 0 
24-Aug-2005 11:52,200504,GLASGOW,ITALY,PALERMO,AIR MALTA,D,C, 0 , 0 , 0 , 0 , 0 , 0 , 0 , 0 , 0 , 0 , 1 , 100 , 13 
24-Aug-2005 11:52,200504,GLASGOW,ITALY,ROME (FIUMICINO),CHANNEL EXPRESS (INCORP: JET 2),A,S, 0 , 0 , 0 , 0 , 0 , 0 , 0 , 0 , 0 , 0 , 9 , 33.3333333333333 , 20.7777777777778 
24-Aug-2005 11:52,200504,GLASGOW,ITALY,ROME (FIUMICINO),CHANNEL EXPRESS (INCORP: JET 2),D,S, 0 , 0 , 0 , 0 , 0 , 0 , 0 , 0 , 0 , 0 , 9 , 77.7777777777778 , 7.22222222222222 
24-Aug-2005 11:52,200504,GLASGOW,ITALY,VENICE,MY TRAVEL AIRWAYS UK,A,C, 0 , 0 , 0 , 0 , 0 , 0 , 0 , 0 , 0 , 0 , 1 , 100 , 0 
24-Aug-2005 11:52,200504,GLASGOW,ITALY,VENICE,MY TRAVEL AIRWAYS UK,D,C, 0 , 0 , 0 , 0 , 0 , 0 , 0 , 0 , 0 , 0 , 1 , 100 , 7 
24-Aug-2005 11:52,200504,GLASGOW,ITALY,VERONA VILLAFRANCA,MY TRAVEL AIRWAYS UK,A,C, 0 , 0 , 0 , 0 , 0 , 0 , 0 , 0 , 0 , 0 , 1 , 100 , 0 
24-Aug-2005 11:52,200504,GLASGOW,ITALY,VERONA VILLAFRANCA,MY TRAVEL AIRWAYS UK,D,C, 0 , 0 , 0 , 0 , 0 , 0 , 0 , 0 , 0 , 0 , 1 , 0 , 21 
24-Aug-2005 11:52,200504,GLASGOW,MALTA,MALTA,AIR MALTA,A,C, 4 , 0 , 75 , 25 , 0 , 0 , 0 , 0 , 5.5 , 0 , 4 , 100 , 1.5 
24-Aug-2005 11:52,200504,GLASGOW,MALTA,MALTA,AIR MALTA,A,S, 4 , 0 , 75 , 25 , 0 , 0 , 0 , 0 , 10 , 0 , 5 , 60 , 21.8 
24-Aug-2005 11:52,200504,GLASGOW,MALTA,MALTA,AIR MALTA,D,C, 5 , 0 , 80 , 20 , 0 , 0 , 0 , 0 , 5.2 , 0 , 4 , 75 , 11.5 
24-Aug-2005 11:52,200504,GLASGOW,MALTA,MALTA,AIR MALTA,D,S, 4 , 0 , 25 , 50 , 25 , 0 , 0 , 0 , 19.75 , 0 , 5 , 40 , 37.6 
24-Aug-2005 11:52,200504,GLASGOW,NETHERLANDS,AMSTERDAM,EASYJET AIRLINE COMPANY LTD,A,S, 30 , 1 , 90 , 10 , 0 , 0 , 0 , 0 , 2.33333333333333 , 0 , 30 , 100 , 2.5 
24-Aug-2005 11:52,200504,GLASGOW,NETHERLANDS,AMSTERDAM,EASYJET AIRLINE COMPANY LTD,D,S, 30 , 0 , 93.3333333333333 , 6.66666666666667 , 0 , 0 , 0 , 0 , 4.3 , 0 , 30 , 93.3333333333333 , 3.83333333333333 
24-Aug-2005 11:52,200504,GLASGOW,NETHERLANDS,AMSTERDAM,KLM CITYHOPPER,A,S, 120 , 1 , 86.6666666666667 , 3.33333333333333 , 2.5 , 7.5 , 0 , 0 , 10.9666666666667 , 0 , 118 , 91.5254237288136 , 4.34745762711864 
24-Aug-2005 11:52,200504,GLASGOW,NETHERLANDS,AMSTERDAM,KLM CITYHOPPER,D,S, 121 , 0 , 88.4297520661157 , 4.95867768595041 , 5.78512396694215 , 0.826446280991736 , 0 , 0 , 8.05785123966942 , 0 , 118 , 83.0508474576271 , 8.13559322033898 
24-Aug-2005 11:52,200504,GLASGOW,NORWAY,OSLO (GARDERMOEN),NETJETS TRANSPORTES AEREOS,A,C, 0 , 1 , 0 , 0 , 0 , 0 , 0 , 0 , 0 , 0 , 0 , 0 , 0 
24-Aug-2005 11:52,200504,GLASGOW,PORTUGAL(EXCLUDING MADEIRA),FARO,AIR LUXOR,A,C, 0 , 0 , 0 , 0 , 0 , 0 , 0 , 0 , 0 , 0 , 3 , 33.3333333333333 , 47.6666666666667 
24-Aug-2005 11:52,200504,GLASGOW,PORTUGAL(EXCLUDING MADEIRA),FARO,AIR LUXOR,D,C, 0 , 0 , 0 , 0 , 0 , 0 , 0 , 0 , 0 , 0 , 3 , 33.3333333333333 , 49.3333333333333 
24-Aug-2005 11:52,200504,GLASGOW,PORTUGAL(EXCLUDING MADEIRA),FARO,BMI BRITISH MIDLAND,A,C, 0 , 0 , 0 , 0 , 0 , 0 , 0 , 0 , 0 , 0 , 3 , 33.3333333333333 , 27.6666666666667 
24-Aug-2005 11:52,200504,GLASGOW,PORTUGAL(EXCLUDING MADEIRA),FARO,BMI BRITISH MIDLAND,D,C, 0 , 0 , 0 , 0 , 0 , 0 , 0 , 0 , 0 , 0 , 4 , 100 , 4.25 
24-Aug-2005 11:52,200504,GLASGOW,PORTUGAL(EXCLUDING MADEIRA),FARO,BRITANNIA AIRWAYS AND THOMSONFLY,A,C, 0 , 0 , 0 , 0 , 0 , 0 , 0 , 0 , 0 , 0 , 5 , 100 , 4.2 
24-Aug-2005 11:52,200504,GLASGOW,PORTUGAL(EXCLUDING MADEIRA),FARO,BRITANNIA AIRWAYS AND THOMSONFLY,D,C, 0 , 0 , 0 , 0 , 0 , 0 , 0 , 0 , 0 , 0 , 5 , 100 , 2 
24-Aug-2005 11:52,200504,GLASGOW,PORTUGAL(EXCLUDING MADEIRA),FARO,CHANNEL EXPRESS (INCORP: JET 2),A,S, 0 , 0 , 0 , 0 , 0 , 0 , 0 , 0 , 0 , 0 , 8 , 100 , 0.125 
24-Aug-2005 11:52,200504,GLASGOW,PORTUGAL(EXCLUDING MADEIRA),FARO,CHANNEL EXPRESS (INCORP: JET 2),D,S, 0 , 0 , 0 , 0 , 0 , 0 , 0 , 0 , 0 , 0 , 8 , 87.5 , 6.375 
24-Aug-2005 11:52,200504,GLASGOW,PORTUGAL(EXCLUDING MADEIRA),FARO,EXCEL AIRWAYS LTD,A,C, 0 , 0 , 0 , 0 , 0 , 0 , 0 , 0 , 0 , 0 , 1 , 100 , 0 
24-Aug-2005 11:52,200504,GLASGOW,PORTUGAL(EXCLUDING MADEIRA),FARO,EXCEL AIRWAYS LTD,D,C, 0 , 0 , 0 , 0 , 0 , 0 , 0 , 0 , 0 , 0 , 1 , 0 , 45 
24-Aug-2005 11:52,200504,GLASGOW,PORTUGAL(EXCLUDING MADEIRA),FARO,FIRST CHOICE AIRWAYS LTD,A,C, 5 , 0 , 100 , 0 , 0 , 0 , 0 , 0 , 2.4 , 0 , 4 , 75 , 7 
24-Aug-2005 11:52,200504,GLASGOW,PORTUGAL(EXCLUDING MADEIRA),FARO,FIRST CHOICE AIRWAYS LTD,D,C, 5 , 0 , 100 , 0 , 0 , 0 , 0 , 0 , 3.2 , 0 , 4 , 100 , 0 
24-Aug-2005 11:52,200504,GLASGOW,PORTUGAL(EXCLUDING MADEIRA),FARO,FLYGLOBESPAN,A,S, 17 , 0 , 76.4705882352941 , 5.88235294117647 , 11.7647058823529 , 5.88235294117647 , 0 , 0 , 9.52941176470588 , 0 , 0 , 0 , 0 
24-Aug-2005 11:52,200504,GLASGOW,PORTUGAL(EXCLUDING MADEIRA),FARO,FLYGLOBESPAN,D,S, 17 , 0 , 76.4705882352941 , 5.88235294117647 , 5.88235294117647 , 11.7647058823529 , 0 , 0 , 14.0588235294118 , 0 , 0 , 0 , 0 
24-Aug-2005 11:52,200504,GLASGOW,PORTUGAL(EXCLUDING MADEIRA),FARO,MY TRAVEL AIRWAYS UK,A,C, 4 , 0 , 100 , 0 , 0 , 0 , 0 , 0 , 0.75 , 0 , 4 , 75 , 44.75 
24-Aug-2005 11:52,200504,GLASGOW,PORTUGAL(EXCLUDING MADEIRA),FARO,MY TRAVEL AIRWAYS UK,D,C, 4 , 0 , 100 , 0 , 0 , 0 , 0 , 0 , 4.25 , 0 , 5 , 40 , 61.6 
24-Aug-2005 11:52,200504,GLASGOW,PORTUGAL(EXCLUDING MADEIRA),FARO,THOMAS COOK AIRLINES LTD,A,C, 5 , 0 , 60 , 40 , 0 , 0 , 0 , 0 , 12.6 , 0 , 8 , 50 , 50.125 
24-Aug-2005 11:52,200504,GLASGOW,PORTUGAL(EXCLUDING MADEIRA),FARO,THOMAS COOK AIRLINES LTD,D,C, 6 , 0 , 100 , 0 , 0 , 0 , 0 , 0 , 0.666666666666667 , 0 , 8 , 87.5 , 3.875 
24-Aug-2005 11:52,200504,GLASGOW,PORTUGAL(MADEIRA),FUNCHAL,FIRST CHOICE AIRWAYS LTD,A,C, 4 , 0 , 100 , 0 , 0 , 0 , 0 , 0 , 0 , 0 , 4 , 100 , 0 
24-Aug-2005 11:52,200504,GLASGOW,PORTUGAL(MADEIRA),FUNCHAL,FIRST CHOICE AIRWAYS LTD,D,C, 4 , 0 , 100 , 0 , 0 , 0 , 0 , 0 , 2.5 , 0 , 4 , 100 , 0 
24-Aug-2005 11:52,200504,GLASGOW,RUMANIA,BUCHAREST (OTOPENI),TAROM,D,C, 0 , 0 , 0 , 0 , 0 , 0 , 0 , 0 , 0 , 0 , 1 , 100 , 12 
24-Aug-2005 11:52,200504,GLASGOW,SPAIN,ALICANTE,BRITANNIA AIRWAYS AND THOMSONFLY,A,C, 9 , 0 , 100 , 0 , 0 , 0 , 0 , 0 , 2.11111111111111 , 0 , 8 , 75 , 8.875 
24-Aug-2005 11:52,200504,GLASGOW,SPAIN,ALICANTE,BRITANNIA AIRWAYS AND THOMSONFLY,D,C, 9 , 0 , 100 , 0 , 0 , 0 , 0 , 0 , 0.666666666666667 , 0 , 8 , 75 , 18.875 
24-Aug-2005 11:52,200504,GLASGOW,SPAIN,ALICANTE,CHANNEL EXPRESS (INCORP: JET 2),A,S, 0 , 0 , 0 , 0 , 0 , 0 , 0 , 0 , 0 , 0 , 2 , 50 , 8 
24-Aug-2005 11:52,200504,GLASGOW,SPAIN,ALICANTE,CHANNEL EXPRESS (INCORP: JET 2),D,S, 0 , 0 , 0 , 0 , 0 , 0 , 0 , 0 , 0 , 0 , 2 , 100 , 0 
24-Aug-2005 11:52,200504,GLASGOW,SPAIN,ALICANTE,FIRST CHOICE AIRWAYS LTD,A,C, 4 , 0 , 75 , 25 , 0 , 0 , 0 , 0 , 4.5 , 0 , 4 , 100 , 0.75 
24-Aug-2005 11:52,200504,GLASGOW,SPAIN,ALICANTE,FIRST CHOICE AIRWAYS LTD,D,C, 5 , 0 , 80 , 20 , 0 , 0 , 0 , 0 , 8.2 , 0 , 4 , 100 , 1 
24-Aug-2005 11:52,200504,GLASGOW,SPAIN,ALICANTE,FLYGLOBESPAN,A,S, 29 , 0 , 72.4137931034483 , 13.7931034482759 , 0 , 6.89655172413793 , 6.89655172413793 , 0 , 25.3448275862069 , 0 , 25 , 80 , 7.8 
24-Aug-2005 11:52,200504,GLASGOW,SPAIN,ALICANTE,FLYGLOBESPAN,D,S, 30 , 0 , 86.6666666666667 , 3.33333333333333 , 0 , 6.66666666666667 , 3.33333333333333 , 0 , 16.3 , 0 , 28 , 82.1428571428572 , 10.2142857142857 
24-Aug-2005 11:52,200504,GLASGOW,SPAIN,ALICANTE,GREECE AIRWAYS,A,S, 8 , 0 , 87.5 , 12.5 , 0 , 0 , 0 , 0 , 3.5 , 0 , 12 , 58.3333333333333 , 31.6666666666667 
24-Aug-2005 11:52,200504,GLASGOW,SPAIN,ALICANTE,GREECE AIRWAYS,D,S, 9 , 0 , 66.6666666666667 , 22.2222222222222 , 11.1111111111111 , 0 , 0 , 0 , 10.4444444444444 , 0 , 12 , 75 , 32.6666666666667 
24-Aug-2005 11:52,200504,GLASGOW,SPAIN,ALICANTE,MY TRAVEL AIRWAYS UK,A,C, 5 , 0 , 80 , 0 , 20 , 0 , 0 , 0 , 7.4 , 0 , 6 , 83.3333333333333 , 17.1666666666667 
24-Aug-2005 11:52,200504,GLASGOW,SPAIN,ALICANTE,MY TRAVEL AIRWAYS UK,D,C, 5 , 0 , 100 , 0 , 0 , 0 , 0 , 0 , 0.4 , 0 , 8 , 62.5 , 17.25 
24-Aug-2005 11:52,200504,GLASGOW,SPAIN,ALICANTE,THOMAS COOK AIRLINES LTD,A,C, 6 , 0 , 66.6666666666667 , 16.6666666666667 , 16.6666666666667 , 0 , 0 , 0 , 11.5 , 0 , 3 , 100 , 5 
24-Aug-2005 11:52,200504,GLASGOW,SPAIN,ALICANTE,THOMAS COOK AIRLINES LTD,D,C, 5 , 1 , 80 , 0 , 20 , 0 , 0 , 0 , 9.4 , 0 , 4 , 100 , 3.75 
24-Aug-2005 11:52,200504,GLASGOW,SPAIN,BARCELONA,BRITISH AIRWAYS CITIEXPRESS LTD,D,S, 0 , 0 , 0 , 0 , 0 , 0 , 0 , 0 , 0 , 0 , 22 , 95.4545454545455 , 4.36363636363636 
24-Aug-2005 11:52,200504,GLASGOW,SPAIN,BARCELONA,CHANNEL EXPRESS (INCORP: JET 2),A,S, 0 , 0 , 0 , 0 , 0 , 0 , 0 , 0 , 0 , 0 , 17 , 100 , 1.05882352941176 
24-Aug-2005 11:52,200504,GLASGOW,SPAIN,BARCELONA,CHANNEL EXPRESS (INCORP: JET 2),D,S, 0 , 0 , 0 , 0 , 0 , 0 , 0 , 0 , 0 , 0 , 13 , 92.3076923076923 , 7.69230769230769 
24-Aug-2005 11:52,200504,GLASGOW,SPAIN,BARCELONA,FLYGLOBESPAN,A,S, 30 , 0 , 66.6666666666667 , 20 , 10 , 0 , 3.33333333333333 , 0 , 23.3 , 0 , 4 , 50 , 17.5 
24-Aug-2005 11:52,200504,GLASGOW,SPAIN,BARCELONA,FLYGLOBESPAN,D,S, 30 , 0 , 86.6666666666667 , 6.66666666666667 , 0 , 3.33333333333333 , 3.33333333333333 , 0 , 16 , 0 , 4 , 100 , 5 
24-Aug-2005 11:52,200504,GLASGOW,SPAIN,BARCELONA,GREECE AIRWAYS,A,S, 0 , 0 , 0 , 0 , 0 , 0 , 0 , 0 , 0 , 0 , 6 , 66.6666666666667 , 10.8333333333333 
24-Aug-2005 11:52,200504,GLASGOW,SPAIN,BARCELONA,GREECE AIRWAYS,D,S, 0 , 0 , 0 , 0 , 0 , 0 , 0 , 0 , 0 , 0 , 6 , 83.3333333333333 , 8.5 
24-Aug-2005 11:52,200504,GLASGOW,SPAIN,GERONA,GREECE AIRWAYS,A,S, 0 , 0 , 0 , 0 , 0 , 0 , 0 , 0 , 0 , 0 , 9 , 55.5555555555556 , 10.4444444444444 
24-Aug-2005 11:52,200504,GLASGOW,SPAIN,GERONA,GREECE AIRWAYS,D,S, 0 , 0 , 0 , 0 , 0 , 0 , 0 , 0 , 0 , 0 , 9 , 77.7777777777778 , 17.1111111111111 
24-Aug-2005 11:52,200504,GLASGOW,SPAIN,GERONA,MY TRAVEL AIRWAYS UK,A,C, 0 , 0 , 0 , 0 , 0 , 0 , 0 , 0 , 0 , 0 , 4 , 100 , 0 
24-Aug-2005 11:52,200504,GLASGOW,SPAIN,GERONA,MY TRAVEL AIRWAYS UK,D,C, 0 , 0 , 0 , 0 , 0 , 0 , 0 , 0 , 0 , 0 , 5 , 80 , 10.4 
24-Aug-2005 11:52,200504,GLASGOW,SPAIN,MADRID,FIRST CHOICE AIRWAYS LTD,A,C, 1 , 0 , 100 , 0 , 0 , 0 , 0 , 0 , 0 , 0 , 0 , 0 , 0 
24-Aug-2005 11:52,200504,GLASGOW,SPAIN,MADRID,FUTURA AIRLINES,A,C, 0 , 0 , 0 , 0 , 0 , 0 , 0 , 0 , 0 , 0 , 3 , 0 , 53 
24-Aug-2005 11:52,200504,GLASGOW,SPAIN,MADRID,MY TRAVEL AIRWAYS UK,A,C, 0 , 0 , 0 , 0 , 0 , 0 , 0 , 0 , 0 , 0 , 6 , 83.3333333333333 , 16.5 
24-Aug-2005 11:52,200504,GLASGOW,SPAIN,MADRID,THOMAS COOK AIRLINES LTD,A,C, 0 , 0 , 0 , 0 , 0 , 0 , 0 , 0 , 0 , 0 , 4 , 100 , 1 
24-Aug-2005 11:52,200504,GLASGOW,SPAIN,MAHON,THOMAS COOK AIRLINES LTD,D,C, 0 , 0 , 0 , 0 , 0 , 0 , 0 , 0 , 0 , 0 , 1 , 100 , 0 
24-Aug-2005 11:52,200504,GLASGOW,SPAIN,MALAGA,BRITANNIA AIRWAYS AND THOMSONFLY,A,C, 4 , 0 , 100 , 0 , 0 , 0 , 0 , 0 , 0 , 0 , 8 , 87.5 , 8.25 
24-Aug-2005 11:52,200504,GLASGOW,SPAIN,MALAGA,BRITANNIA AIRWAYS AND THOMSONFLY,D,C, 4 , 0 , 100 , 0 , 0 , 0 , 0 , 0 , 2.5 , 0 , 9 , 77.7777777777778 , 8 
24-Aug-2005 11:52,200504,GLASGOW,SPAIN,MALAGA,FIRST CHOICE AIRWAYS LTD,A,C, 4 , 0 , 75 , 25 , 0 , 0 , 0 , 0 , 6.5 , 0 , 4 , 100 , 2.75 
24-Aug-2005 11:52,200504,GLASGOW,SPAIN,MALAGA,FIRST CHOICE AIRWAYS LTD,D,C, 4 , 0 , 100 , 0 , 0 , 0 , 0 , 0 , 1.5 , 0 , 4 , 100 , 2.5 
24-Aug-2005 11:52,200504,GLASGOW,SPAIN,MALAGA,FLYGLOBESPAN,A,S, 30 , 0 , 100 , 0 , 0 , 0 , 0 , 0 , 0.3 , 0 , 30 , 86.6666666666667 , 4.23333333333333 
24-Aug-2005 11:52,200504,GLASGOW,SPAIN,MALAGA,FLYGLOBESPAN,D,S, 30 , 1 , 83.3333333333333 , 16.6666666666667 , 0 , 0 , 0 , 0 , 6.96666666666667 , 0 , 30 , 73.3333333333333 , 11.1 
24-Aug-2005 11:52,200504,GLASGOW,SPAIN,MALAGA,GREECE AIRWAYS,A,S, 8 , 0 , 37.5 , 12.5 , 25 , 25 , 0 , 0 , 33.375 , 0 , 4 , 100 , 3.25 
24-Aug-2005 11:52,200504,GLASGOW,SPAIN,MALAGA,GREECE AIRWAYS,D,S, 8 , 0 , 50 , 25 , 25 , 0 , 0 , 0 , 16.125 , 0 , 6 , 83.3333333333333 , 4.33333333333333 
24-Aug-2005 11:52,200504,GLASGOW,SPAIN,MALAGA,MY TRAVEL AIRWAYS UK,A,C, 4 , 0 , 100 , 0 , 0 , 0 , 0 , 0 , 0 , 0 , 1 , 0 , 17 
24-Aug-2005 11:52,200504,GLASGOW,SPAIN,MALAGA,MY TRAVEL AIRWAYS UK,D,C, 4 , 0 , 100 , 0 , 0 , 0 , 0 , 0 , 0.5 , 0 , 4 , 50 , 14 
24-Aug-2005 11:52,200504,GLASGOW,SPAIN,MALAGA,THOMAS COOK AIRLINES LTD,A,C, 4 , 0 , 75 , 25 , 0 , 0 , 0 , 0 , 10.5 , 0 , 8 , 75 , 7.375 
24-Aug-2005 11:52,200504,GLASGOW,SPAIN,MALAGA,THOMAS COOK AIRLINES LTD,D,C, 4 , 0 , 100 , 0 , 0 , 0 , 0 , 0 , 1.5 , 0 , 8 , 100 , 0.125 
24-Aug-2005 11:52,200504,GLASGOW,SPAIN,PALMA DE MALLORCA,BMI BRITISH MIDLAND,A,C, 0 , 0 , 0 , 0 , 0 , 0 , 0 , 0 , 0 , 0 , 3 , 66.6666666666667 , 15.3333333333333 
24-Aug-2005 11:52,200504,GLASGOW,SPAIN,PALMA DE MALLORCA,BMI BRITISH MIDLAND,D,C, 0 , 0 , 0 , 0 , 0 , 0 , 0 , 0 , 0 , 0 , 4 , 50 , 14.5 
24-Aug-2005 11:52,200504,GLASGOW,SPAIN,PALMA DE MALLORCA,BRITANNIA AIRWAYS AND THOMSONFLY,A,C, 9 , 0 , 55.5555555555556 , 22.2222222222222 , 0 , 0 , 0 , 22.2222222222222 , 143.333333333333 , 0 , 9 , 66.6666666666667 , 11.8888888888889 
24-Aug-2005 11:52,200504,GLASGOW,SPAIN,PALMA DE MALLORCA,BRITANNIA AIRWAYS AND THOMSONFLY,D,C, 9 , 0 , 100 , 0 , 0 , 0 , 0 , 0 , 2.77777777777778 , 0 , 9 , 88.8888888888889 , 6.33333333333333 
24-Aug-2005 11:52,200504,GLASGOW,SPAIN,PALMA DE MALLORCA,FIRST CHOICE AIRWAYS LTD,A,C, 4 , 0 , 100 , 0 , 0 , 0 , 0 , 0 , 4.25 , 0 , 0 , 0 , 0 
24-Aug-2005 11:52,200504,GLASGOW,SPAIN,PALMA DE MALLORCA,FIRST CHOICE AIRWAYS LTD,D,C, 4 , 0 , 75 , 25 , 0 , 0 , 0 , 0 , 10.25 , 0 , 0 , 0 , 0 
24-Aug-2005 11:52,200504,GLASGOW,SPAIN,PALMA DE MALLORCA,FLYGLOBESPAN,A,S, 30 , 0 , 96.6666666666667 , 3.33333333333333 , 0 , 0 , 0 , 0 , 1.43333333333333 , 0 , 27 , 81.4814814814815 , 8.22222222222222 
24-Aug-2005 11:52,200504,GLASGOW,SPAIN,PALMA DE MALLORCA,FLYGLOBESPAN,D,S, 30 , 0 , 86.6666666666667 , 10 , 3.33333333333333 , 0 , 0 , 0 , 6.1 , 0 , 30 , 86.6666666666667 , 5 
24-Aug-2005 11:52,200504,GLASGOW,SPAIN,PALMA DE MALLORCA,FUTURA AIRLINES,A,C, 0 , 0 , 0 , 0 , 0 , 0 , 0 , 0 , 0 , 0 , 2 , 0 , 27.5 
24-Aug-2005 11:52,200504,GLASGOW,SPAIN,PALMA DE MALLORCA,FUTURA AIRLINES,D,C, 0 , 0 , 0 , 0 , 0 , 0 , 0 , 0 , 0 , 0 , 4 , 0 , 36.75 
24-Aug-2005 11:52,200504,GLASGOW,SPAIN,PALMA DE MALLORCA,GREECE AIRWAYS,A,S, 5 , 0 , 100 , 0 , 0 , 0 , 0 , 0 , 0.4 , 0 , 3 , 100 , 0 
24-Aug-2005 11:52,200504,GLASGOW,SPAIN,PALMA DE MALLORCA,GREECE AIRWAYS,D,S, 5 , 0 , 80 , 20 , 0 , 0 , 0 , 0 , 7.2 , 0 , 4 , 100 , 0.5 
24-Aug-2005 11:52,200504,GLASGOW,SPAIN,PALMA DE MALLORCA,MY TRAVEL AIRWAYS UK,A,C, 5 , 0 , 80 , 0 , 20 , 0 , 0 , 0 , 11.4 , 0 , 7 , 28.5714285714286 , 24.5714285714286 
24-Aug-2005 11:52,200504,GLASGOW,SPAIN,PALMA DE MALLORCA,MY TRAVEL AIRWAYS UK,D,C, 5 , 0 , 60 , 40 , 0 , 0 , 0 , 0 , 13.4 , 0 , 5 , 100 , 8 
24-Aug-2005 11:52,200504,GLASGOW,SPAIN,PALMA DE MALLORCA,SPANAIR,A,C, 5 , 0 , 80 , 20 , 0 , 0 , 0 , 0 , 6.6 , 0 , 4 , 75 , 15.75 
24-Aug-2005 11:52,200504,GLASGOW,SPAIN,PALMA DE MALLORCA,SPANAIR,D,C, 5 , 0 , 80 , 20 , 0 , 0 , 0 , 0 , 7 , 0 , 4 , 50 , 28.75 
24-Aug-2005 11:52,200504,GLASGOW,SPAIN,PALMA DE MALLORCA,THOMAS COOK AIRLINES LTD,A,C, 5 , 0 , 80 , 0 , 20 , 0 , 0 , 0 , 10.6 , 0 , 3 , 100 , 0 
24-Aug-2005 11:52,200504,GLASGOW,SPAIN,PALMA DE MALLORCA,THOMAS COOK AIRLINES LTD,D,C, 5 , 0 , 60 , 20 , 20 , 0 , 0 , 0 , 19 , 0 , 6 , 83.3333333333333 , 5.16666666666667 
24-Aug-2005 11:52,200504,GLASGOW,SPAIN,REUS,BRITANNIA AIRWAYS AND THOMSONFLY,A,C, 0 , 0 , 0 , 0 , 0 , 0 , 0 , 0 , 0 , 0 , 3 , 100 , 0 
24-Aug-2005 11:52,200504,GLASGOW,SPAIN,REUS,BRITANNIA AIRWAYS AND THOMSONFLY,D,C, 0 , 0 , 0 , 0 , 0 , 0 , 0 , 0 , 0 , 0 , 4 , 100 , 1.75 
24-Aug-2005 11:52,200504,GLASGOW,SPAIN,REUS,FIRST CHOICE AIRWAYS LTD,A,C, 0 , 0 , 0 , 0 , 0 , 0 , 0 , 0 , 0 , 0 , 3 , 100 , 0 
24-Aug-2005 11:52,200504,GLASGOW,SPAIN,REUS,FIRST CHOICE AIRWAYS LTD,D,C, 0 , 0 , 0 , 0 , 0 , 0 , 0 , 0 , 0 , 0 , 4 , 100 , 3.25 
24-Aug-2005 11:52,200504,GLASGOW,SPAIN,REUS,MY TRAVEL AIRWAYS UK,A,C, 0 , 0 , 0 , 0 , 0 , 0 , 0 , 0 , 0 , 0 , 3 , 100 , 2.66666666666667 
24-Aug-2005 11:52,200504,GLASGOW,SPAIN,REUS,MY TRAVEL AIRWAYS UK,D,C, 0 , 0 , 0 , 0 , 0 , 0 , 0 , 0 , 0 , 0 , 4 , 75 , 29.5 
24-Aug-2005 11:52,200504,GLASGOW,SPAIN,VALENCIA,AIR CORDIAL LTD,A,C, 0 , 0 , 0 , 0 , 0 , 0 , 0 , 0 , 0 , 0 , 2 , 0 , 30.5 
24-Aug-2005 11:52,200504,GLASGOW,SPAIN,VALENCIA,AIR CORDIAL LTD,D,C, 0 , 0 , 0 , 0 , 0 , 0 , 0 , 0 , 0 , 0 , 2 , 50 , 14.5 
24-Aug-2005 11:52,200504,GLASGOW,SPAIN,VALENCIA,AIR MALTA,A,C, 0 , 0 , 0 , 0 , 0 , 0 , 0 , 0 , 0 , 0 , 1 , 0 , 18 
24-Aug-2005 11:52,200504,GLASGOW,SPAIN,VALENCIA,AIR MALTA,D,C, 0 , 0 , 0 , 0 , 0 , 0 , 0 , 0 , 0 , 0 , 1 , 0 , 71 
24-Aug-2005 11:52,200504,GLASGOW,SPAIN,VALENCIA,BRITISH AIRWAYS PLC,A,C, 0 , 0 , 0 , 0 , 0 , 0 , 0 , 0 , 0 , 0 , 1 , 100 , 0 
24-Aug-2005 11:52,200504,GLASGOW,SPAIN,VALENCIA,BRITISH AIRWAYS PLC,D,C, 0 , 0 , 0 , 0 , 0 , 0 , 0 , 0 , 0 , 0 , 1 , 100 , 0 
24-Aug-2005 11:52,200504,GLASGOW,SPAIN,VALENCIA,FUTURA AIRLINES,A,C, 0 , 0 , 0 , 0 , 0 , 0 , 0 , 0 , 0 , 0 , 1 , 0 , 58 
24-Aug-2005 11:52,200504,GLASGOW,SPAIN,VALENCIA,FUTURA AIRLINES,D,C, 0 , 0 , 0 , 0 , 0 , 0 , 0 , 0 , 0 , 0 , 1 , 0 , 33 
24-Aug-2005 11:52,200504,GLASGOW,SPAIN,VALENCIA,MONARCH AIRLINES,A,C, 0 , 0 , 0 , 0 , 0 , 0 , 0 , 0 , 0 , 0 , 3 , 33.3333333333333 , 11.3333333333333 
24-Aug-2005 11:52,200504,GLASGOW,SPAIN,VALENCIA,MONARCH AIRLINES,D,C, 0 , 0 , 0 , 0 , 0 , 0 , 0 , 0 , 0 , 0 , 3 , 66.6666666666667 , 10.3333333333333 
24-Aug-2005 11:52,200504,GLASGOW,SPAIN,VALENCIA,THOMAS COOK AIRLINES LTD,A,C, 0 , 0 , 0 , 0 , 0 , 0 , 0 , 0 , 0 , 0 , 1 , 100 , 0 
24-Aug-2005 11:52,200504,GLASGOW,SPAIN,VALENCIA,THOMAS COOK AIRLINES LTD,D,C, 0 , 0 , 0 , 0 , 0 , 0 , 0 , 0 , 0 , 0 , 1 , 100 , 3 
24-Aug-2005 11:52,200504,GLASGOW,SPAIN(CANARY ISLANDS),ARRECIFE,AIR MALTA,A,C, 1 , 0 , 100 , 0 , 0 , 0 , 0 , 0 , 6 , 0 , 0 , 0 , 0 
24-Aug-2005 11:52,200504,GLASGOW,SPAIN(CANARY ISLANDS),ARRECIFE,AIR MALTA,D,C, 1 , 0 , 100 , 0 , 0 , 0 , 0 , 0 , 6 , 0 , 0 , 0 , 0 
24-Aug-2005 11:52,200504,GLASGOW,SPAIN(CANARY ISLANDS),ARRECIFE,BRITANNIA AIRWAYS AND THOMSONFLY,A,C, 5 , 0 , 100 , 0 , 0 , 0 , 0 , 0 , 0.4 , 0 , 5 , 100 , 0 
24-Aug-2005 11:52,200504,GLASGOW,SPAIN(CANARY ISLANDS),ARRECIFE,BRITANNIA AIRWAYS AND THOMSONFLY,D,C, 4 , 0 , 75 , 25 , 0 , 0 , 0 , 0 , 5.25 , 0 , 5 , 100 , 1.8 
24-Aug-2005 11:52,200504,GLASGOW,SPAIN(CANARY ISLANDS),ARRECIFE,FIRST CHOICE AIRWAYS LTD,A,C, 4 , 0 , 100 , 0 , 0 , 0 , 0 , 0 , 0 , 0 , 5 , 100 , 0 
24-Aug-2005 11:52,200504,GLASGOW,SPAIN(CANARY ISLANDS),ARRECIFE,FIRST CHOICE AIRWAYS LTD,D,C, 4 , 0 , 100 , 0 , 0 , 0 , 0 , 0 , 3.25 , 0 , 5 , 100 , 4.6 
24-Aug-2005 11:52,200504,GLASGOW,SPAIN(CANARY ISLANDS),ARRECIFE,MY TRAVEL AIRWAYS UK,A,C, 4 , 0 , 100 , 0 , 0 , 0 , 0 , 0 , 0 , 0 , 5 , 40 , 22.6 
24-Aug-2005 11:52,200504,GLASGOW,SPAIN(CANARY ISLANDS),ARRECIFE,MY TRAVEL AIRWAYS UK,D,C, 4 , 0 , 100 , 0 , 0 , 0 , 0 , 0 , 0 , 0 , 5 , 60 , 16.2 
24-Aug-2005 11:52,200504,GLASGOW,SPAIN(CANARY ISLANDS),ARRECIFE,THOMAS COOK AIRLINES LTD,A,C, 9 , 0 , 77.7777777777778 , 0 , 22.2222222222222 , 0 , 0 , 0 , 9.77777777777778 , 0 , 10 , 80 , 5.9 
24-Aug-2005 11:52,200504,GLASGOW,SPAIN(CANARY ISLANDS),ARRECIFE,THOMAS COOK AIRLINES LTD,D,C, 9 , 0 , 66.6666666666667 , 33.3333333333333 , 0 , 0 , 0 , 0 , 8.22222222222222 , 0 , 9 , 100 , 2.77777777777778 
24-Aug-2005 11:52,200504,GLASGOW,SPAIN(CANARY ISLANDS),FUERTEVENTURA,BRITANNIA AIRWAYS AND THOMSONFLY,A,C, 0 , 0 , 0 , 0 , 0 , 0 , 0 , 0 , 0 , 0 , 4 , 75 , 6 
24-Aug-2005 11:52,200504,GLASGOW,SPAIN(CANARY ISLANDS),FUERTEVENTURA,BRITANNIA AIRWAYS AND THOMSONFLY,D,C, 0 , 0 , 0 , 0 , 0 , 0 , 0 , 0 , 0 , 0 , 4 , 75 , 11.5 
24-Aug-2005 11:52,200504,GLASGOW,SPAIN(CANARY ISLANDS),FUERTEVENTURA,MY TRAVEL AIRWAYS UK,A,C, 4 , 0 , 100 , 0 , 0 , 0 , 0 , 0 , 2.25 , 0 , 4 , 75 , 34.25 
24-Aug-2005 11:52,200504,GLASGOW,SPAIN(CANARY ISLANDS),FUERTEVENTURA,MY TRAVEL AIRWAYS UK,D,C, 4 , 0 , 100 , 0 , 0 , 0 , 0 , 0 , 2.75 , 0 , 4 , 75 , 38.5 
24-Aug-2005 11:52,200504,GLASGOW,SPAIN(CANARY ISLANDS),FUERTEVENTURA,THOMAS COOK AIRLINES LTD,A,C, 5 , 0 , 100 , 0 , 0 , 0 , 0 , 0 , 0.6 , 0 , 4 , 100 , 0 
24-Aug-2005 11:52,200504,GLASGOW,SPAIN(CANARY ISLANDS),FUERTEVENTURA,THOMAS COOK AIRLINES LTD,D,C, 5 , 0 , 80 , 20 , 0 , 0 , 0 , 0 , 6.6 , 0 , 4 , 100 , 0 
24-Aug-2005 11:52,200504,GLASGOW,SPAIN(CANARY ISLANDS),LAS PALMAS,BRITANNIA AIRWAYS AND THOMSONFLY,A,C, 4 , 0 , 0 , 50 , 25 , 25 , 0 , 0 , 45.5 , 0 , 4 , 100 , 0 
24-Aug-2005 11:52,200504,GLASGOW,SPAIN(CANARY ISLANDS),LAS PALMAS,BRITANNIA AIRWAYS AND THOMSONFLY,D,C, 4 , 0 , 50 , 0 , 25 , 25 , 0 , 0 , 39 , 0 , 4 , 100 , 2.75 
24-Aug-2005 11:52,200504,GLASGOW,SPAIN(CANARY ISLANDS),LAS PALMAS,FIRST CHOICE AIRWAYS LTD,A,C, 0 , 0 , 0 , 0 , 0 , 0 , 0 , 0 , 0 , 0 , 4 , 100 , 1 
24-Aug-2005 11:52,200504,GLASGOW,SPAIN(CANARY ISLANDS),LAS PALMAS,FIRST CHOICE AIRWAYS LTD,D,C, 0 , 0 , 0 , 0 , 0 , 0 , 0 , 0 , 0 , 0 , 4 , 100 , 0.5 
24-Aug-2005 11:52,200504,GLASGOW,SPAIN(CANARY ISLANDS),LAS PALMAS,MY TRAVEL AIRWAYS UK,A,C, 4 , 0 , 100 , 0 , 0 , 0 , 0 , 0 , 2 , 0 , 4 , 75 , 31.25 
24-Aug-2005 11:52,200504,GLASGOW,SPAIN(CANARY ISLANDS),LAS PALMAS,MY TRAVEL AIRWAYS UK,D,C, 4 , 0 , 100 , 0 , 0 , 0 , 0 , 0 , 2 , 0 , 4 , 75 , 25.5 
24-Aug-2005 11:52,200504,GLASGOW,SPAIN(CANARY ISLANDS),LAS PALMAS,THOMAS COOK AIRLINES LTD,A,C, 9 , 0 , 55.5555555555556 , 22.2222222222222 , 11.1111111111111 , 11.1111111111111 , 0 , 0 , 22.2222222222222 , 0 , 4 , 75 , 8 
24-Aug-2005 11:52,200504,GLASGOW,SPAIN(CANARY ISLANDS),LAS PALMAS,THOMAS COOK AIRLINES LTD,D,C, 9 , 0 , 66.6666666666667 , 22.2222222222222 , 11.1111111111111 , 0 , 0 , 0 , 10.3333333333333 , 0 , 4 , 75 , 16.75 
24-Aug-2005 11:52,200504,GLASGOW,SPAIN(CANARY ISLANDS),TENERIFE (SURREINA SOFIA),BRITANNIA AIRWAYS AND THOMSONFLY,A,C, 9 , 0 , 66.6666666666667 , 11.1111111111111 , 11.1111111111111 , 0 , 11.1111111111111 , 0 , 44.6666666666667 , 0 , 8 , 100 , 0.75 
24-Aug-2005 11:52,200504,GLASGOW,SPAIN(CANARY ISLANDS),TENERIFE (SURREINA SOFIA),BRITANNIA AIRWAYS AND THOMSONFLY,D,C, 9 , 0 , 77.7777777777778 , 0 , 11.1111111111111 , 0 , 11.1111111111111 , 0 , 45.8888888888889 , 0 , 9 , 88.8888888888889 , 3.77777777777778 
24-Aug-2005 11:52,200504,GLASGOW,SPAIN(CANARY ISLANDS),TENERIFE (SURREINA SOFIA),FIRST CHOICE AIRWAYS LTD,A,C, 9 , 0 , 100 , 0 , 0 , 0 , 0 , 0 , 3.22222222222222 , 0 , 9 , 100 , 3.11111111111111 
24-Aug-2005 11:52,200504,GLASGOW,SPAIN(CANARY ISLANDS),TENERIFE (SURREINA SOFIA),FIRST CHOICE AIRWAYS LTD,D,C, 9 , 0 , 100 , 0 , 0 , 0 , 0 , 0 , 4.33333333333333 , 0 , 9 , 100 , 1.44444444444444 
24-Aug-2005 11:52,200504,GLASGOW,SPAIN(CANARY ISLANDS),TENERIFE (SURREINA SOFIA),FLYGLOBESPAN,A,S, 10 , 0 , 100 , 0 , 0 , 0 , 0 , 0 , 0 , 0 , 13 , 84.6153846153846 , 13.4615384615385 
24-Aug-2005 11:52,200504,GLASGOW,SPAIN(CANARY ISLANDS),TENERIFE (SURREINA SOFIA),FLYGLOBESPAN,D,S, 10 , 0 , 90 , 10 , 0 , 0 , 0 , 0 , 8.5 , 0 , 13 , 69.2307692307692 , 8.07692307692308 
24-Aug-2005 11:52,200504,GLASGOW,SPAIN(CANARY ISLANDS),TENERIFE (SURREINA SOFIA),FLYJET LTD,D,C, 1 , 0 , 0 , 0 , 0 , 100 , 0 , 0 , 90 , 0 , 0 , 0 , 0 
24-Aug-2005 11:52,200504,GLASGOW,SPAIN(CANARY ISLANDS),TENERIFE (SURREINA SOFIA),FUTURA AIRLINES,A,C, 6 , 0 , 50 , 16.6666666666667 , 16.6666666666667 , 16.6666666666667 , 0 , 0 , 37 , 0 , 3 , 33.3333333333333 , 21.6666666666667 
24-Aug-2005 11:52,200504,GLASGOW,SPAIN(CANARY ISLANDS),TENERIFE (SURREINA SOFIA),FUTURA AIRLINES,D,C, 5 , 0 , 60 , 0 , 20 , 20 , 0 , 0 , 42.8 , 0 , 4 , 100 , 6.5 
24-Aug-2005 11:52,200504,GLASGOW,SPAIN(CANARY ISLANDS),TENERIFE (SURREINA SOFIA),MY TRAVEL AIRWAYS UK,A,C, 9 , 0 , 66.6666666666667 , 22.2222222222222 , 11.1111111111111 , 0 , 0 , 0 , 12.7777777777778 , 0 , 6 , 66.6666666666667 , 37 
24-Aug-2005 11:52,200504,GLASGOW,SPAIN(CANARY ISLANDS),TENERIFE (SURREINA SOFIA),MY TRAVEL AIRWAYS UK,D,C, 9 , 0 , 66.6666666666667 , 22.2222222222222 , 11.1111111111111 , 0 , 0 , 0 , 13.2222222222222 , 0 , 8 , 100 , 4 
24-Aug-2005 11:52,200504,GLASGOW,SPAIN(CANARY ISLANDS),TENERIFE (SURREINA SOFIA),SPANAIR,A,C, 0 , 0 , 0 , 0 , 0 , 0 , 0 , 0 , 0 , 0 , 5 , 100 , 0.6 
24-Aug-2005 11:52,200504,GLASGOW,SPAIN(CANARY ISLANDS),TENERIFE (SURREINA SOFIA),SPANAIR,D,C, 0 , 0 , 0 , 0 , 0 , 0 , 0 , 0 , 0 , 0 , 5 , 60 , 16 
24-Aug-2005 11:52,200504,GLASGOW,SPAIN(CANARY ISLANDS),TENERIFE (SURREINA SOFIA),THOMAS COOK AIRLINES LTD,A,C, 19 , 0 , 100 , 0 , 0 , 0 , 0 , 0 , 0.421052631578947 , 0 , 15 , 93.3333333333333 , 2.2 
24-Aug-2005 11:52,200504,GLASGOW,SPAIN(CANARY ISLANDS),TENERIFE (SURREINA SOFIA),THOMAS COOK AIRLINES LTD,D,C, 20 , 0 , 95 , 5 , 0 , 0 , 0 , 0 , 5.55 , 0 , 17 , 94.1176470588235 , 3.82352941176471 
24-Aug-2005 11:52,200504,GLASGOW,SPAIN(CANARY ISLANDS),TENERIFE (SURREINA SOFIA),VOLAR AIRLINES,A,C, 9 , 0 , 33.3333333333333 , 55.5555555555556 , 11.1111111111111 , 0 , 0 , 0 , 16 , 0 , 6 , 83.3333333333333 , 9 
24-Aug-2005 11:52,200504,GLASGOW,SPAIN(CANARY ISLANDS),TENERIFE (SURREINA SOFIA),VOLAR AIRLINES,D,C, 9 , 0 , 55.5555555555556 , 22.2222222222222 , 22.2222222222222 , 0 , 0 , 0 , 17.1111111111111 , 0 , 6 , 83.3333333333333 , 15.5 
24-Aug-2005 11:52,200504,GLASGOW,SWITZERLAND,GENEVA,BMI BRITISH MIDLAND,A,C, 2 , 0 , 50 , 0 , 50 , 0 , 0 , 0 , 23 , 0 , 0 , 0 , 0 
24-Aug-2005 11:52,200504,GLASGOW,SWITZERLAND,GENEVA,BMI BRITISH MIDLAND,D,C, 2 , 0 , 0 , 100 , 0 , 0 , 0 , 0 , 19 , 0 , 0 , 0 , 0 
24-Aug-2005 11:52,200504,GLASGOW,SWITZERLAND,GENEVA,BRITANNIA AIRWAYS AND THOMSONFLY,A,C, 2 , 0 , 100 , 0 , 0 , 0 , 0 , 0 , 0 , 0 , 3 , 66.6666666666667 , 11.3333333333333 
24-Aug-2005 11:52,200504,GLASGOW,SWITZERLAND,GENEVA,BRITANNIA AIRWAYS AND THOMSONFLY,D,C, 1 , 0 , 100 , 0 , 0 , 0 , 0 , 0 , 13 , 0 , 3 , 66.6666666666667 , 12.3333333333333 
24-Aug-2005 11:52,200504,GLASGOW,SWITZERLAND,GENEVA,BRITISH AIRWAYS CITIEXPRESS LTD,A,C, 0 , 0 , 0 , 0 , 0 , 0 , 0 , 0 , 0 , 0 , 6 , 100 , 5.5 
24-Aug-2005 11:52,200504,GLASGOW,SWITZERLAND,GENEVA,BRITISH AIRWAYS CITIEXPRESS LTD,D,C, 0 , 0 , 0 , 0 , 0 , 0 , 0 , 0 , 0 , 0 , 4 , 0 , 26.75 
24-Aug-2005 11:52,200504,GLASGOW,SWITZERLAND,GENEVA,CHANNEL EXPRESS (INCORP: JET 2),A,S, 7 , 0 , 42.8571428571429 , 28.5714285714286 , 14.2857142857143 , 14.2857142857143 , 0 , 0 , 27.4285714285714 , 0 , 0 , 0 , 0 
24-Aug-2005 11:52,200504,GLASGOW,SWITZERLAND,GENEVA,CHANNEL EXPRESS (INCORP: JET 2),D,S, 7 , 0 , 42.8571428571429 , 14.2857142857143 , 14.2857142857143 , 28.5714285714286 , 0 , 0 , 34.5714285714286 , 0 , 0 , 0 , 0 
24-Aug-2005 11:52,200504,GLASGOW,SWITZERLAND,GENEVA,FLYGLOBESPAN,A,S, 5 , 0 , 80 , 20 , 0 , 0 , 0 , 0 , 4.8 , 0 , 0 , 0 , 0 
24-Aug-2005 11:52,200504,GLASGOW,SWITZERLAND,GENEVA,FLYGLOBESPAN,D,S, 5 , 0 , 80 , 20 , 0 , 0 , 0 , 0 , 6.6 , 0 , 0 , 0 , 0 
24-Aug-2005 11:52,200504,GLASGOW,TUNISIA,MONASTIR,FIRST CHOICE AIRWAYS LTD,A,C, 4 , 0 , 50 , 25 , 0 , 25 , 0 , 0 , 21 , 0 , 4 , 0 , 22.5 
24-Aug-2005 11:52,200504,GLASGOW,TUNISIA,MONASTIR,FIRST CHOICE AIRWAYS LTD,D,C, 4 , 0 , 75 , 25 , 0 , 0 , 0 , 0 , 9.75 , 0 , 4 , 100 , 11.25 
24-Aug-2005 11:52,200504,GLASGOW,TUNISIA,MONASTIR,MY TRAVEL AIRWAYS UK,A,C, 4 , 0 , 75 , 25 , 0 , 0 , 0 , 0 , 5.5 , 0 , 0 , 0 , 0 
24-Aug-2005 11:52,200504,GLASGOW,TUNISIA,MONASTIR,MY TRAVEL AIRWAYS UK,D,C, 4 , 0 , 100 , 0 , 0 , 0 , 0 , 0 , 5.75 , 0 , 0 , 0 , 0 
24-Aug-2005 11:52,200504,GLASGOW,TUNISIA,MONASTIR,NOUVELAIR TUNISIE,A,C, 0 , 0 , 0 , 0 , 0 , 0 , 0 , 0 , 0 , 0 , 4 , 0 , 120 
24-Aug-2005 11:52,200504,GLASGOW,TUNISIA,MONASTIR,NOUVELAIR TUNISIE,D,C, 0 , 0 , 0 , 0 , 0 , 0 , 0 , 0 , 0 , 0 , 4 , 0 , 134.5 
24-Aug-2005 11:52,200504,GLASGOW,TURKEY,ANTALYA,KIBRIS TURKISH AIRLINES - KTHY,A,S, 0 , 0 , 0 , 0 , 0 , 0 , 0 , 0 , 0 , 0 , 4 , 100 , 0.75 
24-Aug-2005 11:52,200504,GLASGOW,TURKEY,ANTALYA,KIBRIS TURKISH AIRLINES - KTHY,D,S, 0 , 0 , 0 , 0 , 0 , 0 , 0 , 0 , 0 , 0 , 4 , 100 , 8.5 
24-Aug-2005 11:52,200504,GLASGOW,TURKEY,ANTALYA,THOMAS COOK AIRLINES LTD,A,C, 4 , 0 , 75 , 25 , 0 , 0 , 0 , 0 , 8.75 , 0 , 0 , 0 , 0 
24-Aug-2005 11:52,200504,GLASGOW,TURKEY,ANTALYA,THOMAS COOK AIRLINES LTD,D,C, 4 , 0 , 100 , 0 , 0 , 0 , 0 , 0 , 7.75 , 0 , 0 , 0 , 0 
24-Aug-2005 11:52,200504,GLASGOW,TURKEY,DALAMAN,THOMAS COOK AIRLINES LTD,D,C, 1 , 0 , 100 , 0 , 0 , 0 , 0 , 0 , 6 , 0 , 0 , 0 , 0 
24-Aug-2005 11:52,200504,GLASGOW,UNITED ARAB EMIRATES,DUBAI,EMIRATES,A,S, 30 , 0 , 83.3333333333333 , 10 , 3.33333333333333 , 3.33333333333333 , 0 , 0 , 8.7 , 0 , 21 , 85.7142857142857 , 7.04761904761905 
24-Aug-2005 11:52,200504,GLASGOW,UNITED ARAB EMIRATES,DUBAI,EMIRATES,D,S, 30 , 0 , 83.3333333333333 , 6.66666666666667 , 3.33333333333333 , 6.66666666666667 , 0 , 0 , 11.6 , 0 , 21 , 71.4285714285714 , 14 
24-Aug-2005 11:52,200504,GLASGOW,UNITED KINGDOM,BARRA,LOGANAIR,A,S, 26 , 0 , 73.0769230769231 , 7.69230769230769 , 0 , 15.3846153846154 , 3.84615384615385 , 0 , 30.9615384615385 , 0 , 28 , 82.1428571428572 , 7.35714285714286 
24-Aug-2005 11:52,200504,GLASGOW,UNITED KINGDOM,BARRA,LOGANAIR,D,S, 26 , 0 , 65.3846153846154 , 7.69230769230769 , 3.84615384615385 , 19.2307692307692 , 3.84615384615385 , 0 , 40.8076923076923 , 0 , 26 , 88.4615384615385 , 7.30769230769231 
24-Aug-2005 11:52,200504,GLASGOW,UNITED KINGDOM,BELFAST CITY,FLYBE.BRITISH EUROPEAN,A,S, 102 , 0 , 88.2352941176471 , 2.94117647058824 , 1.96078431372549 , 4.90196078431373 , 1.96078431372549 , 0 , 12.7843137254902 , 2 , 111 , 89.1891891891892 , 5.41441441441441 
24-Aug-2005 11:52,200504,GLASGOW,UNITED KINGDOM,BELFAST CITY,FLYBE.BRITISH EUROPEAN,D,S, 101 , 0 , 85.1485148514851 , 3.96039603960396 , 3.96039603960396 , 5.94059405940594 , 0.99009900990099 , 0 , 13.6336633663366 , 4 , 111 , 84.6846846846847 , 8.11711711711712 
24-Aug-2005 11:52,200504,GLASGOW,UNITED KINGDOM,BELFAST INTERNATIONAL,EASYJET AIRLINE COMPANY LTD,A,S, 115 , 1 , 95.6521739130435 , 3.47826086956522 , 0 , 0.869565217391304 , 0 , 0 , 2.32173913043478 , 0 , 116 , 96.551724137931 , 1.73275862068966 
24-Aug-2005 11:52,200504,GLASGOW,UNITED KINGDOM,BELFAST INTERNATIONAL,EASYJET AIRLINE COMPANY LTD,D,S, 115 , 0 , 96.5217391304348 , 1.73913043478261 , 0.869565217391304 , 0.869565217391304 , 0 , 0 , 2.93913043478261 , 0 , 116 , 94.8275862068965 , 2.95689655172414 
24-Aug-2005 11:52,200504,GLASGOW,UNITED KINGDOM,BENBECULA,LOGANAIR,A,S, 39 , 0 , 56.4102564102564 , 28.2051282051282 , 7.69230769230769 , 5.12820512820513 , 2.56410256410256 , 0 , 24.025641025641 , 0 , 28 , 89.2857142857143 , 6 
24-Aug-2005 11:52,200504,GLASGOW,UNITED KINGDOM,BENBECULA,LOGANAIR,D,S, 39 , 0 , 43.5897435897436 , 48.7179487179487 , 5.12820512820513 , 2.56410256410256 , 0 , 0 , 19.0769230769231 , 0 , 29 , 65.5172413793103 , 13.3793103448276 
24-Aug-2005 11:52,200504,GLASGOW,UNITED KINGDOM,BIRMINGHAM,BRITANNIA AIRWAYS AND THOMSONFLY,A,C, 0 , 0 , 0 , 0 , 0 , 0 , 0 , 0 , 0 , 0 , 2 , 100 , 0 
24-Aug-2005 11:52,200504,GLASGOW,UNITED KINGDOM,BIRMINGHAM,BRITANNIA AIRWAYS AND THOMSONFLY,D,C, 0 , 0 , 0 , 0 , 0 , 0 , 0 , 0 , 0 , 0 , 1 , 100 , 0 
24-Aug-2005 11:52,200504,GLASGOW,UNITED KINGDOM,BIRMINGHAM,BRITISH AIRWAYS CITIEXPRESS LTD,A,S, 112 , 1 , 88.3928571428572 , 1.78571428571429 , 2.67857142857143 , 7.14285714285714 , 0 , 0 , 8.91071428571429 , 0 , 133 , 92.4812030075188 , 5.10526315789474 
24-Aug-2005 11:52,200504,GLASGOW,UNITED KINGDOM,BIRMINGHAM,BRITISH AIRWAYS CITIEXPRESS LTD,D,S, 111 , 0 , 91.8918918918919 , 2.7027027027027 , 0.900900900900901 , 4.5045045045045 , 0 , 0 , 6.11711711711712 , 0 , 92 , 94.5652173913043 , 4.85869565217391 
24-Aug-2005 11:52,200504,GLASGOW,UNITED KINGDOM,BIRMINGHAM,EUROPEAN AIR CHARTER,D,C, 1 , 0 , 100 , 0 , 0 , 0 , 0 , 0 , 13 , 0 , 0 , 0 , 0 
24-Aug-2005 11:52,200504,GLASGOW,UNITED KINGDOM,BIRMINGHAM,FLYBE.BRITISH EUROPEAN,A,S, 144 , 0 , 86.1111111111111 , 6.25 , 2.77777777777778 , 4.86111111111111 , 0 , 0 , 8.94444444444444 , 4 , 153 , 77.7777777777778 , 13.0196078431373 
24-Aug-2005 11:52,200504,GLASGOW,UNITED KINGDOM,BIRMINGHAM,FLYBE.BRITISH EUROPEAN,D,S, 145 , 1 , 86.8965517241379 , 8.96551724137931 , 2.06896551724138 , 2.06896551724138 , 0 , 0 , 6.86206896551724 , 4 , 154 , 77.2727272727273 , 11.6753246753247 
24-Aug-2005 11:52,200504,GLASGOW,UNITED KINGDOM,BOURNEMOUTH,AIR MALTA,D,C, 0 , 0 , 0 , 0 , 0 , 0 , 0 , 0 , 0 , 0 , 1 , 0 , 44 
24-Aug-2005 11:52,200504,GLASGOW,UNITED KINGDOM,BRISTOL,BRITISH AIRWAYS CITIEXPRESS LTD,A,S, 79 , 1 , 96.2025316455696 , 1.26582278481013 , 2.53164556962025 , 0 , 0 , 0 , 3.17721518987342 , 0 , 79 , 91.1392405063291 , 3.88607594936709 
24-Aug-2005 11:52,200504,GLASGOW,UNITED KINGDOM,BRISTOL,BRITISH AIRWAYS CITIEXPRESS LTD,D,S, 104 , 0 , 93.2692307692308 , 4.80769230769231 , 0.961538461538462 , 0.961538461538462 , 0 , 0 , 3.89423076923077 , 0 , 106 , 93.3962264150943 , 4.0377358490566 
24-Aug-2005 11:52,200504,GLASGOW,UNITED KINGDOM,BRISTOL,EASYJET AIRLINE COMPANY LTD,A,S, 76 , 1 , 97.3684210526316 , 2.63157894736842 , 0 , 0 , 0 , 0 , 2.69736842105263 , 0 , 78 , 89.7435897435898 , 5.67948717948718 
24-Aug-2005 11:52,200504,GLASGOW,UNITED KINGDOM,BRISTOL,EASYJET AIRLINE COMPANY LTD,D,S, 76 , 0 , 86.8421052631579 , 10.5263157894737 , 2.63157894736842 , 0 , 0 , 0 , 6.47368421052632 , 0 , 78 , 78.2051282051282 , 11.3974358974359 
24-Aug-2005 11:52,200504,GLASGOW,UNITED KINGDOM,CAMPBELTOWN,LOGANAIR,A,S, 34 , 0 , 88.2352941176471 , 2.94117647058824 , 8.82352941176471 , 0 , 0 , 0 , 5.20588235294118 , 0 , 40 , 100 , 0.75 
24-Aug-2005 11:52,200504,GLASGOW,UNITED KINGDOM,CAMPBELTOWN,LOGANAIR,D,S, 38 , 1 , 89.4736842105263 , 2.63157894736842 , 5.26315789473684 , 2.63157894736842 , 0 , 0 , 9.47368421052632 , 0 , 40 , 97.5 , 2.05 
24-Aug-2005 11:52,200504,GLASGOW,UNITED KINGDOM,CITY OF DERRY (EGLINTON),LOGANAIR,A,S, 30 , 0 , 80 , 16.6666666666667 , 3.33333333333333 , 0 , 0 , 0 , 6.7 , 0 , 30 , 96.6666666666667 , 2.53333333333333 
24-Aug-2005 11:52,200504,GLASGOW,UNITED KINGDOM,CITY OF DERRY (EGLINTON),LOGANAIR,D,S, 30 , 0 , 63.3333333333333 , 16.6666666666667 , 16.6666666666667 , 3.33333333333333 , 0 , 0 , 19.4333333333333 , 0 , 30 , 90 , 7.13333333333333 
24-Aug-2005 11:52,200504,GLASGOW,UNITED KINGDOM,EDINBURGH,BRITISH AIRWAYS CITIEXPRESS LTD,D,S, 0 , 3 , 0 , 0 , 0 , 0 , 0 , 0 , 0 , 0 , 0 , 0 , 0 
24-Aug-2005 11:52,200504,GLASGOW,UNITED KINGDOM,EDINBURGH,BRITISH AIRWAYS PLC,D,S, 0 , 1 , 0 , 0 , 0 , 0 , 0 , 0 , 0 , 0 , 0 , 0 , 0 
24-Aug-2005 11:52,200504,GLASGOW,UNITED KINGDOM,EDINBURGH,CHANNEL EXPRESS (INCORP: JET 2),A,S, 4 , 0 , 75 , 25 , 0 , 0 , 0 , 0 , 8 , 0 , 0 , 0 , 0 
24-Aug-2005 11:52,200504,GLASGOW,UNITED KINGDOM,EDINBURGH,CHANNEL EXPRESS (INCORP: JET 2),D,S, 4 , 1 , 50 , 50 , 0 , 0 , 0 , 0 , 16.5 , 0 , 0 , 0 , 0 
24-Aug-2005 11:52,200504,GLASGOW,UNITED KINGDOM,EDINBURGH,EASYJET AIRLINE COMPANY LTD,D,S, 0 , 2 , 0 , 0 , 0 , 0 , 0 , 0 , 0 , 0 , 0 , 0 , 0 
24-Aug-2005 11:52,200504,GLASGOW,UNITED KINGDOM,EDINBURGH,KLM,D,S, 0 , 1 , 0 , 0 , 0 , 0 , 0 , 0 , 0 , 0 , 0 , 0 , 0 
24-Aug-2005 11:52,200504,GLASGOW,UNITED KINGDOM,EDINBURGH,LOGANAIR,A,S, 0 , 1 , 0 , 0 , 0 , 0 , 0 , 0 , 0 , 0 , 0 , 0 , 0 
24-Aug-2005 11:52,200504,GLASGOW,UNITED KINGDOM,EXETER,FLYBE.BRITISH EUROPEAN,A,S, 30 , 0 , 86.6666666666667 , 10 , 0 , 3.33333333333333 , 0 , 0 , 5.93333333333333 , 0 , 30 , 56.6666666666667 , 17.4666666666667 
24-Aug-2005 11:52,200504,GLASGOW,UNITED KINGDOM,EXETER,FLYBE.BRITISH EUROPEAN,D,S, 30 , 0 , 80 , 13.3333333333333 , 3.33333333333333 , 3.33333333333333 , 0 , 0 , 9.43333333333333 , 0 , 30 , 96.6666666666667 , 4.93333333333333 
24-Aug-2005 11:52,200504,GLASGOW,UNITED KINGDOM,GATWICK,BRITANNIA AIRWAYS AND THOMSONFLY,A,C, 0 , 0 , 0 , 0 , 0 , 0 , 0 , 0 , 0 , 0 , 1 , 100 , 1 
24-Aug-2005 11:52,200504,GLASGOW,UNITED KINGDOM,GATWICK,BRITANNIA AIRWAYS AND THOMSONFLY,D,C, 0 , 0 , 0 , 0 , 0 , 0 , 0 , 0 , 0 , 0 , 1 , 100 , 0 
24-Aug-2005 11:52,200504,GLASGOW,UNITED KINGDOM,GATWICK,BRITISH AIRWAYS PLC,A,S, 168 , 2 , 87.5 , 4.76190476190476 , 5.35714285714286 , 1.78571428571429 , 0.595238095238095 , 0 , 7.60119047619048 , 0 , 169 , 94.6745562130178 , 2.99408284023669 
24-Aug-2005 11:52,200504,GLASGOW,UNITED KINGDOM,GATWICK,BRITISH AIRWAYS PLC,D,S, 168 , 0 , 83.3333333333333 , 6.54761904761905 , 6.54761904761905 , 2.97619047619048 , 0.595238095238095 , 0 , 11.7440476190476 , 0 , 169 , 92.3076923076923 , 6.69230769230769 
24-Aug-2005 11:52,200504,GLASGOW,UNITED KINGDOM,GATWICK,FUTURA AIRLINES,D,C, 0 , 0 , 0 , 0 , 0 , 0 , 0 , 0 , 0 , 0 , 1 , 0 , 59 
24-Aug-2005 11:52,200504,GLASGOW,UNITED KINGDOM,GATWICK,ZOOM AIRLINES,A,S, 5 , 0 , 60 , 20 , 20 , 0 , 0 , 0 , 17.2 , 0 , 0 , 0 , 0 
24-Aug-2005 11:52,200504,GLASGOW,UNITED KINGDOM,GATWICK,ZOOM AIRLINES,D,S, 7 , 0 , 85.7142857142857 , 14.2857142857143 , 0 , 0 , 0 , 0 , 7.71428571428571 , 0 , 0 , 0 , 0 
24-Aug-2005 11:52,200504,GLASGOW,UNITED KINGDOM,HEATHROW,BMI BRITISH MIDLAND,A,S, 226 , 1 , 88.4955752212389 , 7.07964601769912 , 3.98230088495575 , 0.442477876106195 , 0 , 0 , 5.44247787610619 , 0 , 223 , 71.7488789237668 , 11.8071748878924 
24-Aug-2005 11:52,200504,GLASGOW,UNITED KINGDOM,HEATHROW,BMI BRITISH MIDLAND,D,S, 223 , 0 , 83.8565022421525 , 11.2107623318386 , 4.03587443946188 , 0.896860986547085 , 0 , 0 , 7.23766816143498 , 0 , 222 , 74.3243243243243 , 10.6846846846847 
24-Aug-2005 11:52,200504,GLASGOW,UNITED KINGDOM,HEATHROW,BRITISH AIRWAYS PLC,A,S, 322 , 0 , 73.2919254658385 , 15.8385093167702 , 8.38509316770186 , 2.48447204968944 , 0 , 0 , 11.9906832298137 , 0 , 323 , 80.1857585139319 , 9.88854489164087 
24-Aug-2005 11:52,200504,GLASGOW,UNITED KINGDOM,HEATHROW,BRITISH AIRWAYS PLC,D,S, 323 , 0 , 79.5665634674923 , 11.4551083591331 , 6.5015479876161 , 2.1671826625387 , 0.309597523219814 , 0 , 10.2352941176471 , 0 , 322 , 80.7453416149068 , 11.6894409937888 
24-Aug-2005 11:52,200504,GLASGOW,UNITED KINGDOM,ISLAY,LOGANAIR,A,S, 46 , 2 , 76.0869565217391 , 4.34782608695652 , 6.52173913043478 , 10.8695652173913 , 2.17391304347826 , 0 , 21.5 , 0 , 46 , 93.4782608695652 , 2.39130434782609 
24-Aug-2005 11:52,200504,GLASGOW,UNITED KINGDOM,ISLAY,LOGANAIR,D,S, 45 , 1 , 73.3333333333333 , 13.3333333333333 , 4.44444444444444 , 8.88888888888889 , 0 , 0 , 21.9111111111111 , 0 , 46 , 86.9565217391304 , 7.23913043478261 
24-Aug-2005 11:52,200504,GLASGOW,UNITED KINGDOM,ISLE OF MAN,EUROMANX GMBH,A,S, 51 , 0 , 60.7843137254902 , 11.7647058823529 , 9.80392156862745 , 17.6470588235294 , 0 , 0 , 24.1960784313725 , 0 , 0 , 0 , 0 
24-Aug-2005 11:52,200504,GLASGOW,UNITED KINGDOM,ISLE OF MAN,EUROMANX GMBH,D,S, 51 , 0 , 60.7843137254902 , 15.6862745098039 , 9.80392156862745 , 11.7647058823529 , 0 , 1.96078431372549 , 26.2352941176471 , 0 , 0 , 0 , 0 
24-Aug-2005 11:52,200504,GLASGOW,UNITED KINGDOM,ISLE OF MAN,LOGANAIR,A,S, 29 , 0 , 82.7586206896552 , 3.44827586206897 , 10.3448275862069 , 3.44827586206897 , 0 , 0 , 13.5172413793103 , 0 , 29 , 82.7586206896552 , 13.4827586206897 
24-Aug-2005 11:52,200504,GLASGOW,UNITED KINGDOM,ISLE OF MAN,LOGANAIR,D,S, 28 , 0 , 78.5714285714286 , 14.2857142857143 , 3.57142857142857 , 3.57142857142857 , 0 , 0 , 13.7857142857143 , 0 , 29 , 82.7586206896552 , 15.2068965517241 
24-Aug-2005 11:52,200504,GLASGOW,UNITED KINGDOM,ISLE OF MAN,ROSSAIR EUROPE,A,S, 0 , 0 , 0 , 0 , 0 , 0 , 0 , 0 , 0 , 0 , 51 , 80.3921568627451 , 17.6470588235294 
24-Aug-2005 11:52,200504,GLASGOW,UNITED KINGDOM,ISLE OF MAN,ROSSAIR EUROPE,D,S, 0 , 0 , 0 , 0 , 0 , 0 , 0 , 0 , 0 , 0 , 51 , 88.2352941176471 , 16.6666666666667 
24-Aug-2005 11:52,200504,GLASGOW,UNITED KINGDOM,JERSEY,BMI REGIONAL,A,S, 4 , 0 , 100 , 0 , 0 , 0 , 0 , 0 , 0 , 0 , 1 , 100 , 9 
24-Aug-2005 11:52,200504,GLASGOW,UNITED KINGDOM,JERSEY,BMI REGIONAL,D,S, 4 , 0 , 100 , 0 , 0 , 0 , 0 , 0 , 0.75 , 0 , 3 , 100 , 6.33333333333333 
24-Aug-2005 11:52,200504,GLASGOW,UNITED KINGDOM,LEEDS BRADFORD,BMI REGIONAL,A,S, 63 , 0 , 93.6507936507936 , 3.17460317460317 , 1.58730158730159 , 1.58730158730159 , 0 , 0 , 5.28571428571429 , 0 , 63 , 93.6507936507936 , 3.96825396825397 
24-Aug-2005 11:52,200504,GLASGOW,UNITED KINGDOM,LEEDS BRADFORD,BMI REGIONAL,D,S, 66 , 0 , 95.4545454545455 , 1.51515151515152 , 0 , 3.03030303030303 , 0 , 0 , 4.87878787878788 , 0 , 63 , 90.4761904761905 , 4.47619047619048 
24-Aug-2005 11:52,200504,GLASGOW,UNITED KINGDOM,LIVERPOOL,FLYBE.BRITISH EUROPEAN,A,S, 31 , 0 , 83.8709677419355 , 0 , 0 , 16.1290322580645 , 0 , 0 , 18.7096774193548 , 1 , 0 , 0 , 0 
24-Aug-2005 11:52,200504,GLASGOW,UNITED KINGDOM,LIVERPOOL,FLYBE.BRITISH EUROPEAN,D,S, 29 , 0 , 89.6551724137931 , 0 , 0 , 10.3448275862069 , 0 , 0 , 10.3103448275862 , 1 , 0 , 0 , 0 
24-Aug-2005 11:52,200504,GLASGOW,UNITED KINGDOM,LONDON CITY,ATLANTIC AIRLINES,D,C, 1 , 0 , 0 , 0 , 100 , 0 , 0 , 0 , 45 , 0 , 0 , 0 , 0 
24-Aug-2005 11:52,200504,GLASGOW,UNITED KINGDOM,LONDON CITY,BRITISH AIRWAYS CITIEXPRESS LTD,A,S, 0 , 2 , 0 , 0 , 0 , 0 , 0 , 0 , 0 , 0 , 0 , 0 , 0 
24-Aug-2005 11:52,200504,GLASGOW,UNITED KINGDOM,LONDON CITY,BRITISH AIRWAYS CITIEXPRESS LTD,D,S, 0 , 1 , 0 , 0 , 0 , 0 , 0 , 0 , 0 , 0 , 0 , 0 , 0 
24-Aug-2005 11:52,200504,GLASGOW,UNITED KINGDOM,LUTON,EASYJET AIRLINE COMPANY LTD,A,S, 156 , 2 , 94.8717948717949 , 3.20512820512821 , 1.28205128205128 , 0.641025641025641 , 0 , 0 , 2.73717948717949 , 0 , 160 , 98.125 , 1.9875 
24-Aug-2005 11:52,200504,GLASGOW,UNITED KINGDOM,LUTON,EASYJET AIRLINE COMPANY LTD,D,S, 157 , 0 , 93.6305732484076 , 5.09554140127389 , 0.636942675159236 , 0.636942675159236 , 0 , 0 , 3.28662420382166 , 0 , 160 , 96.25 , 2.9125 
24-Aug-2005 11:52,200504,GLASGOW,UNITED KINGDOM,MANCHESTER,AIR MALTA,D,C, 0 , 0 , 0 , 0 , 0 , 0 , 0 , 0 , 0 , 0 , 1 , 100 , 0 
24-Aug-2005 11:52,200504,GLASGOW,UNITED KINGDOM,MANCHESTER,BMI REGIONAL,A,S, 86 , 0 , 87.2093023255814 , 4.65116279069767 , 4.65116279069767 , 2.32558139534884 , 1.16279069767442 , 0 , 8.74418604651163 , 0 , 110 , 100 , 1.51818181818182 
24-Aug-2005 11:52,200504,GLASGOW,UNITED KINGDOM,MANCHESTER,BMI REGIONAL,D,S, 81 , 0 , 87.6543209876543 , 7.40740740740741 , 3.7037037037037 , 1.23456790123457 , 0 , 0 , 5.88888888888889 , 0 , 108 , 99.0740740740741 , 1.67592592592593 
24-Aug-2005 11:52,200504,GLASGOW,UNITED KINGDOM,MANCHESTER,BRITISH AIRWAYS CITIEXPRESS LTD,A,S, 148 , 0 , 85.8108108108108 , 7.43243243243243 , 6.75675675675676 , 0 , 0 , 0 , 6.72972972972973 , 0 , 146 , 75.3424657534246 , 16.5890410958904 
24-Aug-2005 11:52,200504,GLASGOW,UNITED KINGDOM,MANCHESTER,BRITISH AIRWAYS CITIEXPRESS LTD,D,S, 149 , 0 , 92.6174496644295 , 2.68456375838926 , 4.02684563758389 , 0.671140939597315 , 0 , 0 , 4.8993288590604 , 0 , 146 , 80.8219178082192 , 12.2191780821918 
24-Aug-2005 11:52,200504,GLASGOW,UNITED KINGDOM,MANCHESTER,CHANNEL EXPRESS (INCORP: JET 2),A,S, 0 , 1 , 0 , 0 , 0 , 0 , 0 , 0 , 0 , 0 , 0 , 0 , 0 
24-Aug-2005 11:52,200504,GLASGOW,UNITED KINGDOM,NOTTINGHAM EAST MIDLANDS INT'L,BMIBABY LTD,A,S, 75 , 0 , 97.3333333333333 , 0 , 1.33333333333333 , 1.33333333333333 , 0 , 0 , 2.21333333333333 , 1 , 53 , 81.1320754716981 , 13.6415094339623 
24-Aug-2005 11:52,200504,GLASGOW,UNITED KINGDOM,NOTTINGHAM EAST MIDLANDS INT'L,BMIBABY LTD,D,S, 75 , 0 , 90.6666666666667 , 2.66666666666667 , 2.66666666666667 , 4 , 0 , 0 , 7.33333333333333 , 1 , 53 , 75.4716981132076 , 15.188679245283 
24-Aug-2005 11:52,200504,GLASGOW,UNITED KINGDOM,NOTTINGHAM EAST MIDLANDS INT'L,EASYJET AIRLINE COMPANY LTD,A,S, 0 , 0 , 0 , 0 , 0 , 0 , 0 , 0 , 0 , 0 , 52 , 92.3076923076923 , 4.07692307692308 
24-Aug-2005 11:52,200504,GLASGOW,UNITED KINGDOM,NOTTINGHAM EAST MIDLANDS INT'L,EASYJET AIRLINE COMPANY LTD,D,S, 0 , 0 , 0 , 0 , 0 , 0 , 0 , 0 , 0 , 0 , 52 , 80.7692307692308 , 9.59615384615385 
24-Aug-2005 11:52,200504,GLASGOW,UNITED KINGDOM,SOUTHAMPTON,BRITISH AIRWAYS CITIEXPRESS LTD,A,S, 100 , 1 , 74 , 11 , 11 , 4 , 0 , 0 , 13.28 , 0 , 117 , 83.7606837606838 , 7.33333333333333 
24-Aug-2005 11:52,200504,GLASGOW,UNITED KINGDOM,SOUTHAMPTON,BRITISH AIRWAYS CITIEXPRESS LTD,D,S, 100 , 0 , 80 , 8 , 10 , 2 , 0 , 0 , 9.77 , 0 , 118 , 92.3728813559322 , 5.54237288135593 
24-Aug-2005 11:52,200504,GLASGOW,UNITED KINGDOM,SOUTHAMPTON,FLYBE.BRITISH EUROPEAN,A,S, 80 , 0 , 80 , 12.5 , 3.75 , 3.75 , 0 , 0 , 9.4625 , 0 , 0 , 0 , 0 
24-Aug-2005 11:52,200504,GLASGOW,UNITED KINGDOM,SOUTHAMPTON,FLYBE.BRITISH EUROPEAN,D,S, 80 , 0 , 76.25 , 16.25 , 6.25 , 1.25 , 0 , 0 , 11.3875 , 0 , 0 , 0 , 0 
24-Aug-2005 11:52,200504,GLASGOW,UNITED KINGDOM,STANSTED,EASYJET AIRLINE COMPANY LTD,A,S, 135 , 0 , 94.0740740740741 , 4.44444444444444 , 0.740740740740741 , 0.740740740740741 , 0 , 0 , 3.04444444444444 , 0 , 138 , 96.3768115942029 , 1.72463768115942 
24-Aug-2005 11:52,200504,GLASGOW,UNITED KINGDOM,STANSTED,EASYJET AIRLINE COMPANY LTD,D,S, 136 , 0 , 94.1176470588235 , 3.67647058823529 , 1.47058823529412 , 0.735294117647059 , 0 , 0 , 3.63970588235294 , 0 , 137 , 94.8905109489051 , 2.91240875912409 
24-Aug-2005 11:52,200504,GLASGOW,UNITED KINGDOM,STORNOWAY,LOGANAIR,A,S, 52 , 0 , 94.2307692307692 , 0 , 3.84615384615385 , 1.92307692307692 , 0 , 0 , 3.80769230769231 , 0 , 48 , 95.8333333333333 , 1.64583333333333 
24-Aug-2005 11:52,200504,GLASGOW,UNITED KINGDOM,STORNOWAY,LOGANAIR,D,S, 52 , 1 , 88.4615384615385 , 0 , 7.69230769230769 , 3.84615384615385 , 0 , 0 , 9.09615384615385 , 0 , 48 , 89.5833333333333 , 7.77083333333333 
24-Aug-2005 11:52,200504,GLASGOW,UNITED KINGDOM,SUMBURGH,LOGANAIR,A,S, 55 , 0 , 85.4545454545455 , 10.9090909090909 , 3.63636363636364 , 0 , 0 , 0 , 5.10909090909091 , 0 , 55 , 85.4545454545455 , 10.7090909090909 
24-Aug-2005 11:52,200504,GLASGOW,UNITED KINGDOM,SUMBURGH,LOGANAIR,D,S, 55 , 0 , 78.1818181818182 , 20 , 1.81818181818182 , 0 , 0 , 0 , 8.76363636363636 , 0 , 56 , 91.0714285714286 , 12.3035714285714 
24-Aug-2005 11:52,200504,GLASGOW,UNITED KINGDOM,TIREE,LOGANAIR,A,S, 26 , 0 , 73.0769230769231 , 15.3846153846154 , 11.5384615384615 , 0 , 0 , 0 , 10.0384615384615 , 0 , 25 , 80 , 25.36 
24-Aug-2005 11:52,200504,GLASGOW,UNITED KINGDOM,TIREE,LOGANAIR,D,S, 26 , 0 , 76.9230769230769 , 7.69230769230769 , 15.3846153846154 , 0 , 0 , 0 , 12.1153846153846 , 0 , 25 , 84 , 23.12 
24-Aug-2005 11:52,200504,GLASGOW,USA,CHICAGO (O'HARE),AMERICAN AIRLINES,D,S, 0 , 1 , 0 , 0 , 0 , 0 , 0 , 0 , 0 , 0 , 0 , 0 , 0 
24-Aug-2005 11:52,200504,GLASGOW,USA,NEW YORK (NEWARK),CONTINENTAL AIRLINES,A,S, 30 , 0 , 73.3333333333333 , 13.3333333333333 , 10 , 3.33333333333333 , 0 , 0 , 10.1666666666667 , 0 , 30 , 70 , 9.33333333333333 
24-Aug-2005 11:52,200504,GLASGOW,USA,NEW YORK (NEWARK),CONTINENTAL AIRLINES,D,S, 30 , 0 , 86.6666666666667 , 6.66666666666667 , 0 , 6.66666666666667 , 0 , 0 , 10.7 , 0 , 30 , 93.3333333333333 , 2.5 
24-Aug-2005 11:52,200504,GLASGOW,USA,SANFORD,BRITANNIA AIRWAYS AND THOMSONFLY,A,C, 0 , 0 , 0 , 0 , 0 , 0 , 0 , 0 , 0 , 0 , 2 , 100 , 0 
24-Aug-2005 11:52,200504,GLASGOW,USA,SANFORD,BRITANNIA AIRWAYS AND THOMSONFLY,D,C, 0 , 0 , 0 , 0 , 0 , 0 , 0 , 0 , 0 , 0 , 5 , 40 , 14.6 
24-Aug-2005 11:52,200504,GLASGOW,USA,SANFORD,MY TRAVEL AIRWAYS UK,A,C, 0 , 0 , 0 , 0 , 0 , 0 , 0 , 0 , 0 , 0 , 3 , 100 , 1.33333333333333 
24-Aug-2005 11:52,200504,GLASGOW,USA,SANFORD,MY TRAVEL AIRWAYS UK,D,C, 0 , 0 , 0 , 0 , 0 , 0 , 0 , 0 , 0 , 0 , 4 , 75 , 10 
24-Aug-2005 11:52,200504,HEATHROW,ALGERIA,ALGIERS,AIR ALGERIE,A,S, 18 , 0 , 55.5555555555556 , 16.6666666666667 , 27.7777777777778 , 0 , 0 , 0 , 18.6111111111111 , 0 , 17 , 41.1764705882353 , 28.9411764705882 
24-Aug-2005 11:52,200504,HEATHROW,ALGERIA,ALGIERS,AIR ALGERIE,D,S, 18 , 0 , 94.4444444444444 , 5.55555555555556 , 0 , 0 , 0 , 0 , 3.5 , 0 , 17 , 29.4117647058824 , 38.4705882352941 
24-Aug-2005 11:52,200504,HEATHROW,ANGOLA,LUANDA,BRITISH AIRWAYS PLC,A,S, 4 , 0 , 75 , 0 , 25 , 0 , 0 , 0 , 9.75 , 0 , 4 , 75 , 12 
24-Aug-2005 11:52,200504,HEATHROW,ANGOLA,LUANDA,BRITISH AIRWAYS PLC,D,S, 5 , 0 , 80 , 0 , 20 , 0 , 0 , 0 , 12.2 , 0 , 5 , 80 , 15 
24-Aug-2005 11:52,200504,HEATHROW,ARGENTINA,BUENOS AIRES,BRITISH AIRWAYS PLC,A,S, 18 , 0 , 94.4444444444444 , 5.55555555555556 , 0 , 0 , 0 , 0 , 1.94444444444444 , 0 , 17 , 94.1176470588235 , 1.11764705882353 
24-Aug-2005 11:52,200504,HEATHROW,ARGENTINA,BUENOS AIRES,BRITISH AIRWAYS PLC,D,S, 17 , 0 , 70.5882352941177 , 23.5294117647059 , 0 , 5.88235294117647 , 0 , 0 , 15.0588235294118 , 0 , 17 , 94.1176470588235 , 4.47058823529412 
24-Aug-2005 11:52,200504,HEATHROW,AUSTRALIA,MELBOURNE,BRITISH AIRWAYS PLC,A,S, 30 , 0 , 33.3333333333333 , 26.6666666666667 , 20 , 16.6666666666667 , 0 , 3.33333333333333 , 75.1 , 0 , 30 , 73.3333333333333 , 10.4333333333333 
24-Aug-2005 11:52,200504,HEATHROW,AUSTRALIA,MELBOURNE,BRITISH AIRWAYS PLC,D,S, 30 , 0 , 73.3333333333333 , 16.6666666666667 , 3.33333333333333 , 6.66666666666667 , 0 , 0 , 14.5666666666667 , 0 , 30 , 80 , 11.4333333333333 
24-Aug-2005 11:52,200504,HEATHROW,AUSTRALIA,MELBOURNE,QANTAS,A,S, 30 , 0 , 73.3333333333333 , 10 , 6.66666666666667 , 6.66666666666667 , 3.33333333333333 , 0 , 22.1666666666667 , 0 , 21 , 85.7142857142857 , 14.7142857142857 
24-Aug-2005 11:52,200504,HEATHROW,AUSTRALIA,MELBOURNE,QANTAS,D,S, 34 , 0 , 70.5882352941177 , 20.5882352941176 , 5.88235294117647 , 0 , 0 , 2.94117647058824 , 29.7941176470588 , 0 , 34 , 76.4705882352941 , 13.7058823529412 
24-Aug-2005 11:52,200504,HEATHROW,AUSTRALIA,PERTH (AUSTRALIA),QANTAS,A,S, 13 , 0 , 61.5384615384615 , 7.69230769230769 , 23.0769230769231 , 7.69230769230769 , 0 , 0 , 17.6153846153846 , 0 , 0 , 0 , 0 
24-Aug-2005 11:52,200504,HEATHROW,AUSTRALIA,PERTH (AUSTRALIA),QANTAS,D,S, 13 , 0 , 61.5384615384615 , 23.0769230769231 , 15.3846153846154 , 0 , 0 , 0 , 13.7692307692308 , 0 , 0 , 0 , 0 
24-Aug-2005 11:52,200504,HEATHROW,AUSTRALIA,SYDNEY,BRITISH AIRWAYS PLC,A,S, 60 , 0 , 76.6666666666667 , 8.33333333333333 , 10 , 5 , 0 , 0 , 14.3166666666667 , 0 , 59 , 86.4406779661017 , 8.49152542372881 
24-Aug-2005 11:52,200504,HEATHROW,AUSTRALIA,SYDNEY,BRITISH AIRWAYS PLC,D,S, 60 , 0 , 78.3333333333333 , 11.6666666666667 , 6.66666666666667 , 3.33333333333333 , 0 , 0 , 12.2333333333333 , 0 , 60 , 81.6666666666667 , 14.6 
24-Aug-2005 11:52,200504,HEATHROW,AUSTRALIA,SYDNEY,QANTAS,A,S, 73 , 0 , 64.3835616438356 , 13.6986301369863 , 10.958904109589 , 8.21917808219178 , 2.73972602739726 , 0 , 24.8630136986301 , 0 , 69 , 72.463768115942 , 16.231884057971 
24-Aug-2005 11:52,200504,HEATHROW,AUSTRALIA,SYDNEY,QANTAS,D,S, 69 , 0 , 57.9710144927536 , 28.9855072463768 , 7.2463768115942 , 4.34782608695652 , 1.44927536231884 , 0 , 21.1449275362319 , 0 , 56 , 66.0714285714286 , 14.6964285714286 
24-Aug-2005 11:52,200504,HEATHROW,AUSTRALIA,SYDNEY,VIRGIN ATLANTIC AIRWAYS LTD,A,S, 30 , 0 , 10 , 40 , 33.3333333333333 , 13.3333333333333 , 3.33333333333333 , 0 , 43.6 , 0 , 0 , 0 , 0 
24-Aug-2005 11:52,200504,HEATHROW,AUSTRALIA,SYDNEY,VIRGIN ATLANTIC AIRWAYS LTD,D,S, 30 , 0 , 76.6666666666667 , 16.6666666666667 , 6.66666666666667 , 0 , 0 , 0 , 10.2333333333333 , 0 , 0 , 0 , 0 
24-Aug-2005 11:52,200504,HEATHROW,AUSTRIA,KLAGENFURT,JET AVIATION BUSINESS JETS,A,C, 0 , 1 , 0 , 0 , 0 , 0 , 0 , 0 , 0 , 0 , 0 , 0 , 0 
24-Aug-2005 11:52,200504,HEATHROW,AUSTRIA,VIENNA,AUSTRIAN AIRLINES,A,S, 146 , 0 , 75.3424657534246 , 14.3835616438356 , 9.58904109589041 , 0.684931506849315 , 0 , 0 , 11.2465753424658 , 0 , 145 , 70.3448275862069 , 11.7103448275862 
24-Aug-2005 11:52,200504,HEATHROW,AUSTRIA,VIENNA,AUSTRIAN AIRLINES,D,S, 146 , 0 , 61.6438356164384 , 24.6575342465753 , 9.58904109589041 , 4.10958904109589 , 0 , 0 , 15.4041095890411 , 0 , 145 , 67.5862068965517 , 16.648275862069 
24-Aug-2005 11:52,200504,HEATHROW,AUSTRIA,VIENNA,BRITISH AIRWAYS PLC,A,S, 119 , 0 , 70.5882352941177 , 16.8067226890756 , 6.72268907563025 , 5.88235294117647 , 0 , 0 , 13.2352941176471 , 0 , 120 , 72.5 , 10.85 
24-Aug-2005 11:52,200504,HEATHROW,AUSTRIA,VIENNA,BRITISH AIRWAYS PLC,D,S, 119 , 0 , 71.4285714285714 , 15.1260504201681 , 8.40336134453782 , 5.04201680672269 , 0 , 0 , 14.2436974789916 , 0 , 120 , 83.3333333333333 , 9.24166666666667 
24-Aug-2005 11:52,200504,HEATHROW,AZERBAIJAN,BAKU ( HEYDER ALIYEV INT'L ),BRITISH MEDITERRANEAN AIRWAYS,A,S, 14 , 1 , 100 , 0 , 0 , 0 , 0 , 0 , 1.28571428571429 , 0 , 4 , 100 , 0 
24-Aug-2005 11:52,200504,HEATHROW,AZERBAIJAN,BAKU ( HEYDER ALIYEV INT'L ),BRITISH MEDITERRANEAN AIRWAYS,D,S, 15 , 0 , 66.6666666666667 , 13.3333333333333 , 6.66666666666667 , 13.3333333333333 , 0 , 0 , 19.5333333333333 , 0 , 6 , 83.3333333333333 , 7.5 
24-Aug-2005 11:52,200504,HEATHROW,BAHRAIN,BAHRAIN,GULF AIR,A,S, 60 , 0 , 61.6666666666667 , 16.6666666666667 , 13.3333333333333 , 5 , 3.33333333333333 , 0 , 22.1333333333333 , 0 , 30 , 36.6666666666667 , 24.7 
24-Aug-2005 11:52,200504,HEATHROW,BAHRAIN,BAHRAIN,GULF AIR,D,S, 60 , 0 , 66.6666666666667 , 21.6666666666667 , 3.33333333333333 , 8.33333333333333 , 0 , 0 , 16.9333333333333 , 0 , 21 , 80.9523809523809 , 16.9047619047619 
24-Aug-2005 11:52,200504,HEATHROW,BANGLADESH,DACCA,BIMAN BANGLADESH AIRLINES,A,S, 25 , 0 , 28 , 24 , 24 , 20 , 0 , 4 , 53.2 , 0 , 25 , 0 , 99.32 
24-Aug-2005 11:52,200504,HEATHROW,BANGLADESH,DACCA,BIMAN BANGLADESH AIRLINES,D,S, 25 , 0 , 40 , 36 , 20 , 4 , 0 , 0 , 28.6 , 0 , 25 , 24 , 71.08 
24-Aug-2005 11:52,200504,HEATHROW,BANGLADESH,DACCA,BRITISH AIRWAYS PLC,A,S, 13 , 0 , 61.5384615384615 , 23.0769230769231 , 7.69230769230769 , 7.69230769230769 , 0 , 0 , 16.6153846153846 , 0 , 13 , 84.6153846153846 , 7.46153846153846 
24-Aug-2005 11:52,200504,HEATHROW,BANGLADESH,DACCA,BRITISH AIRWAYS PLC,D,S, 13 , 0 , 61.5384615384615 , 15.3846153846154 , 15.3846153846154 , 7.69230769230769 , 0 , 0 , 21 , 0 , 13 , 53.8461538461538 , 13.8461538461538 
24-Aug-2005 11:52,200504,HEATHROW,BARBADOS,BRIDGETOWN,BRITISH AIRWAYS PLC,A,S, 0 , 0 , 0 , 0 , 0 , 0 , 0 , 0 , 0 , 0 , 3 , 66.6666666666667 , 12.6666666666667 
24-Aug-2005 11:52,200504,HEATHROW,BARBADOS,BRIDGETOWN,BRITISH AIRWAYS PLC,D,S, 0 , 0 , 0 , 0 , 0 , 0 , 0 , 0 , 0 , 0 , 3 , 100 , 4 
24-Aug-2005 11:52,200504,HEATHROW,BELGIUM,BRUSSELS,ABELAG AVIATION,A,C, 0 , 1 , 0 , 0 , 0 , 0 , 0 , 0 , 0 , 0 , 0 , 0 , 0 
24-Aug-2005 11:52,200504,HEATHROW,BELGIUM,BRUSSELS,BMI BRITISH MIDLAND,A,S, 179 , 0 , 86.5921787709497 , 5.02793296089385 , 6.70391061452514 , 1.67597765363128 , 0 , 0 , 6.82122905027933 , 0 , 178 , 74.7191011235955 , 10.4269662921348 
24-Aug-2005 11:52,200504,HEATHROW,BELGIUM,BRUSSELS,BMI BRITISH MIDLAND,D,S, 178 , 0 , 84.2696629213483 , 8.42696629213483 , 5.0561797752809 , 2.24719101123596 , 0 , 0 , 7.13483146067416 , 0 , 178 , 60.6741573033708 , 15.0449438202247 
24-Aug-2005 11:52,200504,HEATHROW,BELGIUM,BRUSSELS,BRITISH AIRWAYS PLC,A,S, 220 , 0 , 76.8181818181818 , 11.3636363636364 , 6.81818181818182 , 5 , 0 , 0 , 12.7136363636364 , 0 , 218 , 81.1926605504587 , 9.30275229357798 
24-Aug-2005 11:52,200504,HEATHROW,BELGIUM,BRUSSELS,BRITISH AIRWAYS PLC,D,S, 220 , 0 , 70.9090909090909 , 14.0909090909091 , 9.09090909090909 , 5.90909090909091 , 0 , 0 , 14.6227272727273 , 0 , 218 , 73.8532110091743 , 12.0091743119266 
24-Aug-2005 11:52,200504,HEATHROW,BELGIUM,BRUSSELS,SN BRUSSELS AIRLINES,A,S, 5 , 0 , 100 , 0 , 0 , 0 , 0 , 0 , 0 , 0 , 4 , 75 , 5.25 
24-Aug-2005 11:52,200504,HEATHROW,BELGIUM,BRUSSELS,SN BRUSSELS AIRLINES,D,S, 4 , 0 , 75 , 25 , 0 , 0 , 0 , 0 , 5.75 , 0 , 4 , 100 , 6.25 
24-Aug-2005 11:52,200504,HEATHROW,BRAZIL,RIO DE JANEIRO (GALEAO),BRITISH AIRWAYS PLC,A,S, 12 , 0 , 66.6666666666667 , 0 , 16.6666666666667 , 8.33333333333333 , 0 , 8.33333333333333 , 129.416666666667 , 0 , 12 , 100 , 1.16666666666667 
24-Aug-2005 11:52,200504,HEATHROW,BRAZIL,RIO DE JANEIRO (GALEAO),BRITISH AIRWAYS PLC,D,S, 13 , 0 , 76.9230769230769 , 7.69230769230769 , 15.3846153846154 , 0 , 0 , 0 , 11.2307692307692 , 0 , 13 , 76.9230769230769 , 10.9230769230769 
24-Aug-2005 11:52,200504,HEATHROW,BRAZIL,RIO DE JANEIRO (GALEAO),VARIG,A,S, 11 , 0 , 72.7272727272727 , 18.1818181818182 , 9.09090909090909 , 0 , 0 , 0 , 12.0909090909091 , 0 , 30 , 20 , 44.5 
24-Aug-2005 11:52,200504,HEATHROW,BRAZIL,RIO DE JANEIRO (GALEAO),VARIG,D,S, 11 , 0 , 45.4545454545455 , 9.09090909090909 , 45.4545454545455 , 0 , 0 , 0 , 25.8181818181818 , 0 , 30 , 73.3333333333333 , 15.5333333333333 
24-Aug-2005 11:52,200504,HEATHROW,BRAZIL,SAO PAULO (GUARULHOS),VARIG,A,S, 19 , 0 , 63.1578947368421 , 10.5263157894737 , 10.5263157894737 , 15.7894736842105 , 0 , 0 , 20.9473684210526 , 0 , 0 , 0 , 0 
24-Aug-2005 11:52,200504,HEATHROW,BRAZIL,SAO PAULO (GUARULHOS),VARIG,D,S, 19 , 0 , 52.6315789473684 , 26.3157894736842 , 21.0526315789474 , 0 , 0 , 0 , 17.5263157894737 , 0 , 0 , 0 , 0 
24-Aug-2005 11:52,200504,HEATHROW,BRUNEI,BANDAR SERI BEGAWAN,ROYAL BRUNEI AIRLINES,A,S, 30 , 0 , 26.6666666666667 , 30 , 23.3333333333333 , 20 , 0 , 0 , 39.6666666666667 , 0 , 30 , 13.3333333333333 , 46.5333333333333 
24-Aug-2005 11:52,200504,HEATHROW,BRUNEI,BANDAR SERI BEGAWAN,ROYAL BRUNEI AIRLINES,D,S, 30 , 0 , 80 , 10 , 6.66666666666667 , 3.33333333333333 , 0 , 0 , 10.7666666666667 , 0 , 30 , 63.3333333333333 , 21.7666666666667 
24-Aug-2005 11:52,200504,HEATHROW,BULGARIA,SOFIA,BRITISH AIRWAYS PLC,A,S, 29 , 0 , 27.5862068965517 , 24.1379310344828 , 41.3793103448276 , 6.89655172413793 , 0 , 0 , 28.9310344827586 , 0 , 30 , 90 , 5.9 
24-Aug-2005 11:52,200504,HEATHROW,BULGARIA,SOFIA,BRITISH AIRWAYS PLC,D,S, 30 , 0 , 53.3333333333333 , 16.6666666666667 , 26.6666666666667 , 3.33333333333333 , 0 , 0 , 20.6333333333333 , 0 , 30 , 73.3333333333333 , 11.8 
24-Aug-2005 11:52,200504,HEATHROW,CANADA,CALGARY,AIR CANADA,A,S, 30 , 0 , 100 , 0 , 0 , 0 , 0 , 0 , 2.06666666666667 , 0 , 30 , 96.6666666666667 , 1.73333333333333 
24-Aug-2005 11:52,200504,HEATHROW,CANADA,CALGARY,AIR CANADA,D,S, 30 , 0 , 46.6666666666667 , 36.6666666666667 , 13.3333333333333 , 3.33333333333333 , 0 , 0 , 19.1 , 0 , 30 , 43.3333333333333 , 19.0666666666667 
24-Aug-2005 11:52,200504,HEATHROW,CANADA,GANDER,JET AVIATION BUSINESS JETS,A,C, 0 , 1 , 0 , 0 , 0 , 0 , 0 , 0 , 0 , 0 , 0 , 0 , 0 
24-Aug-2005 11:52,200504,HEATHROW,CANADA,HALIFAX INT,AIR CANADA,A,S, 22 , 0 , 72.7272727272727 , 13.6363636363636 , 13.6363636363636 , 0 , 0 , 0 , 10 , 0 , 22 , 59.0909090909091 , 22.8181818181818 
24-Aug-2005 11:52,200504,HEATHROW,CANADA,HALIFAX INT,AIR CANADA,D,S, 22 , 0 , 72.7272727272727 , 13.6363636363636 , 9.09090909090909 , 0 , 4.54545454545455 , 0 , 22.2272727272727 , 0 , 22 , 36.3636363636364 , 26.1818181818182 
24-Aug-2005 11:52,200504,HEATHROW,CANADA,MONTREAL (DORVAL),AIR CANADA,A,S, 30 , 0 , 50 , 33.3333333333333 , 10 , 6.66666666666667 , 0 , 0 , 19.1333333333333 , 0 , 30 , 50 , 22.3666666666667 
24-Aug-2005 11:52,200504,HEATHROW,CANADA,MONTREAL (DORVAL),AIR CANADA,D,S, 30 , 0 , 73.3333333333333 , 20 , 6.66666666666667 , 0 , 0 , 0 , 9.66666666666667 , 0 , 30 , 60 , 21.6666666666667 
24-Aug-2005 11:52,200504,HEATHROW,CANADA,MONTREAL (DORVAL),BRITISH AIRWAYS PLC,A,S, 30 , 0 , 90 , 10 , 0 , 0 , 0 , 0 , 3.26666666666667 , 0 , 30 , 83.3333333333333 , 9.36666666666667 
24-Aug-2005 11:52,200504,HEATHROW,CANADA,MONTREAL (DORVAL),BRITISH AIRWAYS PLC,D,S, 30 , 0 , 70 , 20 , 10 , 0 , 0 , 0 , 13.1333333333333 , 0 , 30 , 76.6666666666667 , 9.5 
24-Aug-2005 11:52,200504,HEATHROW,CANADA,OTTAWA INTERNATIONAL,AIR CANADA,A,S, 22 , 0 , 72.7272727272727 , 13.6363636363636 , 4.54545454545455 , 9.09090909090909 , 0 , 0 , 13.8181818181818 , 0 , 23 , 56.5217391304348 , 13.8695652173913 
24-Aug-2005 11:52,200504,HEATHROW,CANADA,OTTAWA INTERNATIONAL,AIR CANADA,D,S, 22 , 0 , 95.4545454545455 , 4.54545454545455 , 0 , 0 , 0 , 0 , 3 , 0 , 23 , 60.8695652173913 , 14.0869565217391 
24-Aug-2005 11:52,200504,HEATHROW,CANADA,TORONTO,AIR CANADA,A,S, 120 , 0 , 76.6666666666667 , 15 , 5.83333333333333 , 1.66666666666667 , 0.833333333333333 , 0 , 11.4583333333333 , 0 , 134 , 59.7014925373134 , 17.134328358209 
24-Aug-2005 11:52,200504,HEATHROW,CANADA,TORONTO,AIR CANADA,D,S, 120 , 0 , 77.5 , 17.5 , 2.5 , 2.5 , 0 , 0 , 10.3916666666667 , 0 , 135 , 49.6296296296296 , 22.8888888888889 
24-Aug-2005 11:52,200504,HEATHROW,CANADA,TORONTO,BRITISH AIRWAYS PLC,A,S, 73 , 0 , 83.5616438356164 , 10.958904109589 , 4.10958904109589 , 0 , 1.36986301369863 , 0 , 9.83561643835616 , 0 , 60 , 81.6666666666667 , 9.9 
24-Aug-2005 11:52,200504,HEATHROW,CANADA,TORONTO,BRITISH AIRWAYS PLC,D,S, 73 , 0 , 64.3835616438356 , 23.2876712328767 , 9.58904109589041 , 2.73972602739726 , 0 , 0 , 16.1095890410959 , 0 , 60 , 71.6666666666667 , 13.2333333333333 
24-Aug-2005 11:52,200504,HEATHROW,CANADA,VANCOUVER,AIR CANADA,A,S, 54 , 0 , 74.0740740740741 , 12.962962962963 , 11.1111111111111 , 1.85185185185185 , 0 , 0 , 11.9814814814815 , 0 , 30 , 90 , 5.13333333333333 
24-Aug-2005 11:52,200504,HEATHROW,CANADA,VANCOUVER,AIR CANADA,D,S, 53 , 0 , 86.7924528301887 , 9.43396226415094 , 3.77358490566038 , 0 , 0 , 0 , 6.11320754716981 , 0 , 30 , 53.3333333333333 , 16.2666666666667 
24-Aug-2005 11:52,200504,HEATHROW,CANADA,VANCOUVER,BRITISH AIRWAYS PLC,A,S, 30 , 0 , 66.6666666666667 , 20 , 6.66666666666667 , 6.66666666666667 , 0 , 0 , 17.6 , 0 , 30 , 93.3333333333333 , 5.36666666666667 
24-Aug-2005 11:52,200504,HEATHROW,CANADA,VANCOUVER,BRITISH AIRWAYS PLC,D,S, 30 , 0 , 76.6666666666667 , 16.6666666666667 , 6.66666666666667 , 0 , 0 , 0 , 10.5666666666667 , 0 , 30 , 63.3333333333333 , 16.5 
24-Aug-2005 11:52,200504,HEATHROW,CANADA,VANCOUVER,JET AVIATION BUSINESS JETS,D,C, 0 , 1 , 0 , 0 , 0 , 0 , 0 , 0 , 0 , 0 , 0 , 0 , 0 
24-Aug-2005 11:52,200504,HEATHROW,CAYMAN ISLANDS,GRAND CAYMAN,BRITISH AIRWAYS PLC,A,S, 17 , 0 , 76.4705882352941 , 5.88235294117647 , 5.88235294117647 , 0 , 0 , 11.7647058823529 , 108.470588235294 , 2 , 17 , 88.2352941176471 , 9.35294117647059 
24-Aug-2005 11:52,200504,HEATHROW,CAYMAN ISLANDS,GRAND CAYMAN,BRITISH AIRWAYS PLC,D,S, 18 , 0 , 55.5555555555556 , 27.7777777777778 , 11.1111111111111 , 0 , 0 , 5.55555555555556 , 94.6111111111111 , 0 , 17 , 52.9411764705882 , 13.7058823529412 
24-Aug-2005 11:52,200504,HEATHROW,CHINA,BEIJING,AIR CHINA,A,S, 25 , 0 , 24 , 8 , 20 , 44 , 4 , 0 , 61 , 0 , 26 , 34.6153846153846 , 40.5769230769231 
24-Aug-2005 11:52,200504,HEATHROW,CHINA,BEIJING,AIR CHINA,D,S, 25 , 0 , 68 , 4 , 4 , 24 , 0 , 0 , 30.64 , 0 , 26 , 57.6923076923077 , 21.8461538461538 
24-Aug-2005 11:52,200504,HEATHROW,CHINA,BEIJING,BRITISH AIRWAYS PLC,A,S, 17 , 0 , 35.2941176470588 , 29.4117647058824 , 35.2941176470588 , 0 , 0 , 0 , 25.6470588235294 , 0 , 17 , 94.1176470588235 , 3.29411764705882 
24-Aug-2005 11:52,200504,HEATHROW,CHINA,BEIJING,BRITISH AIRWAYS PLC,D,S, 18 , 0 , 72.2222222222222 , 22.2222222222222 , 5.55555555555556 , 0 , 0 , 0 , 12.5555555555556 , 0 , 17 , 88.2352941176471 , 8.35294117647059 
24-Aug-2005 11:52,200504,HEATHROW,CHINA,SHANGHAI (PU DONG),CHINA EASTERN AIRLINES,A,S, 17 , 0 , 0 , 29.4117647058824 , 47.0588235294118 , 23.5294117647059 , 0 , 0 , 46.3529411764706 , 0 , 13 , 15.3846153846154 , 44.0769230769231 
24-Aug-2005 11:52,200504,HEATHROW,CHINA,SHANGHAI (PU DONG),CHINA EASTERN AIRLINES,D,S, 17 , 0 , 88.2352941176471 , 5.88235294117647 , 5.88235294117647 , 0 , 0 , 0 , 4.70588235294118 , 0 , 13 , 92.3076923076923 , 4.76923076923077 
24-Aug-2005 11:52,200504,HEATHROW,CHINA,SHANGHAI (PU DONG),VIRGIN ATLANTIC AIRWAYS LTD,A,S, 22 , 0 , 22.7272727272727 , 27.2727272727273 , 27.2727272727273 , 22.7272727272727 , 0 , 0 , 39.1818181818182 , 0 , 17 , 64.7058823529412 , 19.5294117647059 
24-Aug-2005 11:52,200504,HEATHROW,CHINA,SHANGHAI (PU DONG),VIRGIN ATLANTIC AIRWAYS LTD,D,S, 22 , 0 , 63.6363636363636 , 9.09090909090909 , 9.09090909090909 , 18.1818181818182 , 0 , 0 , 23.2272727272727 , 0 , 17 , 52.9411764705882 , 26.8823529411765 
24-Aug-2005 11:52,200504,HEATHROW,COLOMBIA,BOGOTA,BRITISH AIRWAYS PLC,A,S, 0 , 0 , 0 , 0 , 0 , 0 , 0 , 0 , 0 , 0 , 12 , 66.6666666666667 , 235.583333333333 
24-Aug-2005 11:52,200504,HEATHROW,COLOMBIA,BOGOTA,BRITISH AIRWAYS PLC,D,S, 0 , 0 , 0 , 0 , 0 , 0 , 0 , 0 , 0 , 0 , 13 , 46.1538461538462 , 242.923076923077 
24-Aug-2005 11:52,200504,HEATHROW,CROATIA,ZAGREB,CROATIA AIRLINES,A,S, 32 , 0 , 84.375 , 9.375 , 0 , 6.25 , 0 , 0 , 11.96875 , 0 , 34 , 79.4117647058824 , 6.73529411764706 
24-Aug-2005 11:52,200504,HEATHROW,CROATIA,ZAGREB,CROATIA AIRLINES,D,S, 32 , 0 , 78.125 , 15.625 , 0 , 6.25 , 0 , 0 , 12.34375 , 0 , 33 , 75.7575757575758 , 9.84848484848485 
24-Aug-2005 11:52,200504,HEATHROW,CYPRUS,LARNACA,BRITISH AIRWAYS PLC,A,S, 52 , 0 , 80.7692307692308 , 15.3846153846154 , 1.92307692307692 , 1.92307692307692 , 0 , 0 , 9.59615384615385 , 0 , 34 , 64.7058823529412 , 15.4705882352941 
24-Aug-2005 11:52,200504,HEATHROW,CYPRUS,LARNACA,BRITISH AIRWAYS PLC,D,S, 52 , 0 , 78.8461538461539 , 9.61538461538462 , 9.61538461538462 , 1.92307692307692 , 0 , 0 , 13.1346153846154 , 0 , 34 , 61.7647058823529 , 16.7058823529412 
24-Aug-2005 11:52,200504,HEATHROW,CYPRUS,LARNACA,CYPRUS AIRWAYS,A,S, 74 , 0 , 72.972972972973 , 18.9189189189189 , 8.10810810810811 , 0 , 0 , 0 , 9.43243243243243 , 0 , 77 , 79.2207792207792 , 10.3896103896104 
24-Aug-2005 11:52,200504,HEATHROW,CYPRUS,LARNACA,CYPRUS AIRWAYS,D,S, 74 , 0 , 71.6216216216216 , 18.9189189189189 , 9.45945945945946 , 0 , 0 , 0 , 11.1621621621622 , 0 , 77 , 70.1298701298701 , 13.4675324675325 
24-Aug-2005 11:52,200504,HEATHROW,CYPRUS,LARNACA,HELIOS AIRWAYS LTD,A,S, 26 , 0 , 42.3076923076923 , 23.0769230769231 , 23.0769230769231 , 11.5384615384615 , 0 , 0 , 25.9615384615385 , 0 , 0 , 0 , 0 
24-Aug-2005 11:52,200504,HEATHROW,CYPRUS,LARNACA,HELIOS AIRWAYS LTD,D,S, 26 , 0 , 57.6923076923077 , 30.7692307692308 , 11.5384615384615 , 0 , 0 , 0 , 13.8846153846154 , 0 , 0 , 0 , 0 
24-Aug-2005 11:52,200504,HEATHROW,CZECH REPUBLIC,PRAGUE,BRITISH AIRWAYS PLC,A,S, 90 , 0 , 57.7777777777778 , 24.4444444444444 , 13.3333333333333 , 4.44444444444444 , 0 , 0 , 17.3222222222222 , 0 , 90 , 72.2222222222222 , 14.6222222222222 
24-Aug-2005 11:52,200504,HEATHROW,CZECH REPUBLIC,PRAGUE,BRITISH AIRWAYS PLC,D,S, 90 , 0 , 64.4444444444444 , 24.4444444444444 , 8.88888888888889 , 2.22222222222222 , 0 , 0 , 14.4111111111111 , 0 , 90 , 76.6666666666667 , 12.2222222222222 
24-Aug-2005 11:52,200504,HEATHROW,CZECH REPUBLIC,PRAGUE,CSA,A,S, 84 , 0 , 65.4761904761905 , 20.2380952380952 , 9.52380952380952 , 4.76190476190476 , 0 , 0 , 16.4880952380952 , 0 , 86 , 67.4418604651163 , 12.9186046511628 
24-Aug-2005 11:52,200504,HEATHROW,CZECH REPUBLIC,PRAGUE,CSA,D,S, 84 , 0 , 82.1428571428571 , 11.9047619047619 , 1.19047619047619 , 4.76190476190476 , 0 , 0 , 9.61904761904762 , 0 , 86 , 83.7209302325581 , 7.75581395348837 
24-Aug-2005 11:52,200504,HEATHROW,DENMARK,COPENHAGEN,BRITISH AIRWAYS PLC,A,S, 170 , 0 , 79.4117647058824 , 8.23529411764706 , 7.64705882352941 , 4.70588235294118 , 0 , 0 , 11.3941176470588 , 0 , 172 , 84.3023255813954 , 7.96511627906977 
24-Aug-2005 11:52,200504,HEATHROW,DENMARK,COPENHAGEN,BRITISH AIRWAYS PLC,D,S, 170 , 0 , 74.7058823529412 , 11.1764705882353 , 10.5882352941176 , 3.52941176470588 , 0 , 0 , 13.2176470588235 , 0 , 172 , 81.3953488372093 , 9.36627906976744 
24-Aug-2005 11:52,200504,HEATHROW,DENMARK,COPENHAGEN,SAS,A,S, 171 , 0 , 67.2514619883041 , 21.6374269005848 , 9.94152046783626 , 1.16959064327485 , 0 , 0 , 13.187134502924 , 0 , 169 , 72.189349112426 , 11.5739644970414 
24-Aug-2005 11:52,200504,HEATHROW,DENMARK,COPENHAGEN,SAS,D,S, 171 , 0 , 80.7017543859649 , 12.8654970760234 , 4.09356725146199 , 1.75438596491228 , 0.584795321637427 , 0 , 10.0350877192982 , 0 , 169 , 80.4733727810651 , 8.87573964497041 
24-Aug-2005 11:52,200504,HEATHROW,DENMARK,COPENHAGEN,VARIG,A,S, 13 , 0 , 100 , 0 , 0 , 0 , 0 , 0 , 3.46153846153846 , 0 , 13 , 76.9230769230769 , 12.1538461538462 
24-Aug-2005 11:52,200504,HEATHROW,DENMARK,COPENHAGEN,VARIG,D,S, 13 , 0 , 15.3846153846154 , 30.7692307692308 , 38.4615384615385 , 15.3846153846154 , 0 , 0 , 39.1538461538462 , 0 , 13 , 0 , 72.3076923076923 
24-Aug-2005 11:52,200504,HEATHROW,EGYPT,ALEXANDRIA (BORG EL ARAB),BRITISH MEDITERRANEAN AIRWAYS,A,S, 13 , 0 , 100 , 0 , 0 , 0 , 0 , 0 , 1 , 0 , 0 , 0 , 0 
24-Aug-2005 11:52,200504,HEATHROW,EGYPT,ALEXANDRIA (BORG EL ARAB),BRITISH MEDITERRANEAN AIRWAYS,D,S, 13 , 0 , 100 , 0 , 0 , 0 , 0 , 0 , 2.53846153846154 , 0 , 0 , 0 , 0 
24-Aug-2005 11:52,200504,HEATHROW,EGYPT,CAIRO,BRITISH AIRWAYS PLC,A,S, 30 , 0 , 90 , 3.33333333333333 , 6.66666666666667 , 0 , 0 , 0 , 6.26666666666667 , 0 , 30 , 96.6666666666667 , 1.43333333333333 
24-Aug-2005 11:52,200504,HEATHROW,EGYPT,CAIRO,BRITISH AIRWAYS PLC,D,S, 30 , 0 , 63.3333333333333 , 30 , 6.66666666666667 , 0 , 0 , 0 , 12.2 , 0 , 30 , 70 , 8.73333333333333 
24-Aug-2005 11:52,200504,HEATHROW,EGYPT,CAIRO,EGYPT AIR,A,S, 30 , 0 , 53.3333333333333 , 26.6666666666667 , 20 , 0 , 0 , 0 , 18.5 , 0 , 30 , 33.3333333333333 , 26.9333333333333 
24-Aug-2005 11:52,200504,HEATHROW,EGYPT,CAIRO,EGYPT AIR,D,S, 30 , 0 , 33.3333333333333 , 36.6666666666667 , 30 , 0 , 0 , 0 , 24.8 , 0 , 30 , 33.3333333333333 , 28.8333333333333 
24-Aug-2005 11:52,200504,HEATHROW,EGYPT,LUXOR,EGYPT AIR,A,S, 4 , 0 , 100 , 0 , 0 , 0 , 0 , 0 , 0.25 , 0 , 4 , 25 , 23.25 
24-Aug-2005 11:52,200504,HEATHROW,EGYPT,LUXOR,EGYPT AIR,D,S, 4 , 0 , 100 , 0 , 0 , 0 , 0 , 0 , 6 , 0 , 4 , 25 , 26.5 
24-Aug-2005 11:52,200504,HEATHROW,EGYPT,SHARM EL SHEIKH (OPHIRA),EGYPT AIR,A,S, 4 , 0 , 75 , 0 , 25 , 0 , 0 , 0 , 11.75 , 0 , 4 , 100 , 5.5 
24-Aug-2005 11:52,200504,HEATHROW,EGYPT,SHARM EL SHEIKH (OPHIRA),EGYPT AIR,D,S, 4 , 0 , 100 , 0 , 0 , 0 , 0 , 0 , 3.5 , 0 , 4 , 100 , 6.25 
24-Aug-2005 11:52,200504,HEATHROW,ETHIOPIA,ADDIS ABABA,BRITISH MEDITERRANEAN AIRWAYS,A,S, 13 , 0 , 38.4615384615385 , 15.3846153846154 , 30.7692307692308 , 15.3846153846154 , 0 , 0 , 28 , 0 , 18 , 83.3333333333333 , 5.55555555555556 
24-Aug-2005 11:52,200504,HEATHROW,ETHIOPIA,ADDIS ABABA,BRITISH MEDITERRANEAN AIRWAYS,D,S, 14 , 0 , 42.8571428571429 , 21.4285714285714 , 28.5714285714286 , 7.14285714285714 , 0 , 0 , 24.2857142857143 , 0 , 17 , 58.8235294117647 , 25.5294117647059 
24-Aug-2005 11:52,200504,HEATHROW,ETHIOPIA,ADDIS ABABA,ETHIOPIAN AIRLINES,A,S, 18 , 0 , 33.3333333333333 , 22.2222222222222 , 38.8888888888889 , 5.55555555555556 , 0 , 0 , 29.6111111111111 , 0 , 17 , 29.4117647058824 , 22.7058823529412 
24-Aug-2005 11:52,200504,HEATHROW,ETHIOPIA,ADDIS ABABA,ETHIOPIAN AIRLINES,D,S, 18 , 0 , 50 , 16.6666666666667 , 27.7777777777778 , 5.55555555555556 , 0 , 0 , 20.8333333333333 , 0 , 17 , 70.5882352941177 , 10.1764705882353 
24-Aug-2005 11:52,200504,HEATHROW,FED REP YUGO SERBIA M'ENEGRO,BELGRADE,BRITISH AIRWAYS PLC,A,S, 22 , 0 , 68.1818181818182 , 13.6363636363636 , 9.09090909090909 , 4.54545454545455 , 4.54545454545455 , 0 , 24.4090909090909 , 0 , 17 , 94.1176470588235 , 2.52941176470588 
24-Aug-2005 11:52,200504,HEATHROW,FED REP YUGO SERBIA M'ENEGRO,BELGRADE,BRITISH AIRWAYS PLC,D,S, 22 , 0 , 68.1818181818182 , 18.1818181818182 , 4.54545454545455 , 4.54545454545455 , 4.54545454545455 , 0 , 24.3636363636364 , 0 , 17 , 94.1176470588235 , 5.23529411764706 
24-Aug-2005 11:52,200504,HEATHROW,FED REP YUGO SERBIA M'ENEGRO,BELGRADE,JATAIRWAYS,A,S, 30 , 0 , 76.6666666666667 , 10 , 10 , 3.33333333333333 , 0 , 0 , 12.7333333333333 , 0 , 30 , 96.6666666666667 , 4.5 
24-Aug-2005 11:52,200504,HEATHROW,FED REP YUGO SERBIA M'ENEGRO,BELGRADE,JATAIRWAYS,D,S, 30 , 0 , 73.3333333333333 , 16.6666666666667 , 6.66666666666667 , 3.33333333333333 , 0 , 0 , 15.3666666666667 , 0 , 30 , 80 , 8.53333333333333 
24-Aug-2005 11:52,200504,HEATHROW,FINLAND,HELSINKI,BRITISH AIRWAYS PLC,A,S, 60 , 0 , 71.6666666666667 , 15 , 8.33333333333333 , 3.33333333333333 , 0 , 1.66666666666667 , 23.6666666666667 , 0 , 60 , 93.3333333333333 , 3.98333333333333 
24-Aug-2005 11:52,200504,HEATHROW,FINLAND,HELSINKI,BRITISH AIRWAYS PLC,D,S, 60 , 0 , 78.3333333333333 , 6.66666666666667 , 11.6666666666667 , 3.33333333333333 , 0 , 0 , 12.0833333333333 , 0 , 60 , 86.6666666666667 , 6.31666666666667 
24-Aug-2005 11:52,200504,HEATHROW,FINLAND,HELSINKI,FINNAIR,A,S, 119 , 0 , 73.109243697479 , 16.8067226890756 , 8.40336134453782 , 1.68067226890756 , 0 , 0 , 10.2016806722689 , 0 , 112 , 88.3928571428572 , 4.36607142857143 
24-Aug-2005 11:52,200504,HEATHROW,FINLAND,HELSINKI,FINNAIR,D,S, 120 , 0 , 80 , 14.1666666666667 , 4.16666666666667 , 1.66666666666667 , 0 , 0 , 8.25833333333333 , 0 , 112 , 81.25 , 8.30357142857143 
24-Aug-2005 11:52,200504,HEATHROW,FRANCE,CHAMBERY,ACM AIR CHARTER LUFTFAHT,A,C, 0 , 1 , 0 , 0 , 0 , 0 , 0 , 0 , 0 , 0 , 0 , 0 , 0 
24-Aug-2005 11:52,200504,HEATHROW,FRANCE,LYON,AIR FRANCE,A,S, 30 , 0 , 70 , 20 , 10 , 0 , 0 , 0 , 12.6 , 0 , 0 , 0 , 0 
24-Aug-2005 11:52,200504,HEATHROW,FRANCE,LYON,AIR FRANCE,D,S, 30 , 0 , 93.3333333333333 , 6.66666666666667 , 0 , 0 , 0 , 0 , 2.8 , 0 , 0 , 0 , 0 
24-Aug-2005 11:52,200504,HEATHROW,FRANCE,LYON,BRITISH AIRWAYS PLC,A,S, 90 , 0 , 73.3333333333333 , 15.5555555555556 , 6.66666666666667 , 4.44444444444444 , 0 , 0 , 12.3666666666667 , 0 , 90 , 74.4444444444444 , 13.4222222222222 
24-Aug-2005 11:52,200504,HEATHROW,FRANCE,LYON,BRITISH AIRWAYS PLC,D,S, 90 , 0 , 73.3333333333333 , 14.4444444444444 , 8.88888888888889 , 3.33333333333333 , 0 , 0 , 12.1 , 0 , 90 , 70 , 12.3 
24-Aug-2005 11:52,200504,HEATHROW,FRANCE,LYON,FLYBE.BRITISH EUROPEAN,A,S, 0 , 0 , 0 , 0 , 0 , 0 , 0 , 0 , 0 , 0 , 86 , 73.2558139534884 , 9.15116279069767 
24-Aug-2005 11:52,200504,HEATHROW,FRANCE,LYON,FLYBE.BRITISH EUROPEAN,D,S, 0 , 0 , 0 , 0 , 0 , 0 , 0 , 0 , 0 , 0 , 86 , 83.7209302325581 , 5.46511627906977 
24-Aug-2005 11:52,200504,HEATHROW,FRANCE,NANTES,REGIONAL COMPAGNIE AERIENNE EUROPEENNE,A,S, 0 , 1 , 0 , 0 , 0 , 0 , 0 , 0 , 0 , 0 , 0 , 0 , 0 
24-Aug-2005 11:52,200504,HEATHROW,FRANCE,NICE,ACM AIR CHARTER LUFTFAHT,A,C, 0 , 1 , 0 , 0 , 0 , 0 , 0 , 0 , 0 , 0 , 0 , 0 , 0 
24-Aug-2005 11:52,200504,HEATHROW,FRANCE,NICE,BMI BRITISH MIDLAND,A,S, 60 , 0 , 78.3333333333333 , 16.6666666666667 , 3.33333333333333 , 1.66666666666667 , 0 , 0 , 8.63333333333333 , 0 , 60 , 61.6666666666667 , 14.3666666666667 
24-Aug-2005 11:52,200504,HEATHROW,FRANCE,NICE,BMI BRITISH MIDLAND,D,S, 60 , 0 , 71.6666666666667 , 16.6666666666667 , 11.6666666666667 , 0 , 0 , 0 , 10.4 , 0 , 60 , 53.3333333333333 , 18.1333333333333 
24-Aug-2005 11:52,200504,HEATHROW,FRANCE,NICE,BRITISH AIRWAYS PLC,A,C, 0 , 0 , 0 , 0 , 0 , 0 , 0 , 0 , 0 , 0 , 1 , 100 , 10 
24-Aug-2005 11:52,200504,HEATHROW,FRANCE,NICE,BRITISH AIRWAYS PLC,A,S, 125 , 0 , 72.8 , 16 , 7.2 , 4 , 0 , 0 , 13.944 , 0 , 121 , 74.3801652892562 , 11.6115702479339 
24-Aug-2005 11:52,200504,HEATHROW,FRANCE,NICE,BRITISH AIRWAYS PLC,D,C, 0 , 0 , 0 , 0 , 0 , 0 , 0 , 0 , 0 , 0 , 1 , 100 , 8 
24-Aug-2005 11:52,200504,HEATHROW,FRANCE,NICE,BRITISH AIRWAYS PLC,D,S, 125 , 0 , 70.4 , 15.2 , 10.4 , 4 , 0 , 0 , 14.88 , 0 , 121 , 76.0330578512397 , 11.801652892562 
24-Aug-2005 11:52,200504,HEATHROW,FRANCE,NICE,CIRRUS LUFTFAHRT,A,C, 0 , 1 , 0 , 0 , 0 , 0 , 0 , 0 , 0 , 0 , 0 , 0 , 0 
24-Aug-2005 11:52,200504,HEATHROW,FRANCE,NICE,G5 EXECUTIVE,A,C, 0 , 1 , 0 , 0 , 0 , 0 , 0 , 0 , 0 , 0 , 0 , 0 , 0 
24-Aug-2005 11:52,200504,HEATHROW,FRANCE,PARIS (CHARLES DE GAULLE),AIR FRANCE,A,S, 344 , 0 , 73.546511627907 , 15.1162790697674 , 9.01162790697675 , 2.32558139534884 , 0 , 0 , 11.6395348837209 , 0 , 370 , 72.1621621621622 , 11.2378378378378 
24-Aug-2005 11:52,200504,HEATHROW,FRANCE,PARIS (CHARLES DE GAULLE),AIR FRANCE,D,S, 344 , 0 , 79.9418604651163 , 12.7906976744186 , 4.65116279069767 , 2.61627906976744 , 0 , 0 , 9.20639534883721 , 0 , 370 , 77.2972972972973 , 9.2027027027027 
24-Aug-2005 11:52,200504,HEATHROW,FRANCE,PARIS (CHARLES DE GAULLE),BMI BRITISH MIDLAND,A,S, 135 , 0 , 79.2592592592593 , 12.5925925925926 , 5.92592592592593 , 2.22222222222222 , 0 , 0 , 9.42962962962963 , 0 , 137 , 56.9343065693431 , 21.4963503649635 
24-Aug-2005 11:52,200504,HEATHROW,FRANCE,PARIS (CHARLES DE GAULLE),BMI BRITISH MIDLAND,D,S, 136 , 0 , 75 , 19.1176470588235 , 5.14705882352941 , 0.735294117647059 , 0 , 0 , 9.63235294117647 , 0 , 137 , 62.7737226277372 , 17.4744525547445 
24-Aug-2005 11:52,200504,HEATHROW,FRANCE,PARIS (CHARLES DE GAULLE),BRITISH AIRWAYS PLC,A,S, 309 , 0 , 67.9611650485437 , 14.8867313915858 , 9.70873786407767 , 7.11974110032362 , 0 , 0.323624595469256 , 17.1553398058252 , 0 , 311 , 78.7781350482315 , 10.8938906752412 
24-Aug-2005 11:52,200504,HEATHROW,FRANCE,PARIS (CHARLES DE GAULLE),BRITISH AIRWAYS PLC,D,S, 309 , 0 , 72.168284789644 , 15.5339805825243 , 7.44336569579288 , 4.85436893203883 , 0 , 0 , 14.0517799352751 , 0 , 311 , 81.6720257234727 , 8.7459807073955 
24-Aug-2005 11:52,200504,HEATHROW,FRANCE,PARIS (LE BOURGET),CIRRUS LUFTFAHRT,D,C, 0 , 1 , 0 , 0 , 0 , 0 , 0 , 0 , 0 , 0 , 0 , 0 , 0 
24-Aug-2005 11:52,200504,HEATHROW,GEORGIA,TBILISI,BRITISH MEDITERRANEAN AIRWAYS,A,S, 12 , 0 , 100 , 0 , 0 , 0 , 0 , 0 , 0.583333333333333 , 0 , 0 , 0 , 0 
24-Aug-2005 11:52,200504,HEATHROW,GEORGIA,TBILISI,BRITISH MEDITERRANEAN AIRWAYS,D,S, 12 , 0 , 91.6666666666667 , 8.33333333333333 , 0 , 0 , 0 , 0 , 4.58333333333333 , 0 , 0 , 0 , 0 
24-Aug-2005 11:52,200504,HEATHROW,GERMANY,BERLIN (TEGEL),BRITISH AIRWAYS PLC,A,S, 150 , 0 , 70 , 20.6666666666667 , 8 , 1.33333333333333 , 0 , 0 , 11.38 , 0 , 148 , 79.054054054054 , 9.37837837837838 
24-Aug-2005 11:52,200504,HEATHROW,GERMANY,BERLIN (TEGEL),BRITISH AIRWAYS PLC,D,S, 150 , 0 , 79.3333333333333 , 11.3333333333333 , 8 , 1.33333333333333 , 0 , 0 , 9.70666666666667 , 0 , 148 , 79.054054054054 , 9.14189189189189 
24-Aug-2005 11:52,200504,HEATHROW,GERMANY,COLOGNE (BONN),BRITISH AIRWAYS PLC,A,S, 90 , 0 , 81.1111111111111 , 13.3333333333333 , 2.22222222222222 , 3.33333333333333 , 0 , 0 , 9.51111111111111 , 0 , 90 , 82.2222222222222 , 7 
24-Aug-2005 11:52,200504,HEATHROW,GERMANY,COLOGNE (BONN),BRITISH AIRWAYS PLC,D,S, 90 , 0 , 77.7777777777778 , 13.3333333333333 , 7.77777777777778 , 1.11111111111111 , 0 , 0 , 9.5 , 0 , 90 , 83.3333333333333 , 7.84444444444444 
24-Aug-2005 11:52,200504,HEATHROW,GERMANY,COLOGNE (BONN),LUFTHANSA CITY LINE,A,S, 80 , 0 , 85 , 10 , 3.75 , 1.25 , 0 , 0 , 6 , 0 , 80 , 75 , 12.575 
24-Aug-2005 11:52,200504,HEATHROW,GERMANY,COLOGNE (BONN),LUFTHANSA CITY LINE,D,S, 80 , 0 , 87.5 , 6.25 , 6.25 , 0 , 0 , 0 , 5.225 , 0 , 79 , 78.4810126582279 , 13.1898734177215 
24-Aug-2005 11:52,200504,HEATHROW,GERMANY,DUSSELDORF,BRITISH AIRWAYS PLC,A,S, 170 , 0 , 85.2941176470588 , 5.88235294117647 , 5.29411764705882 , 3.52941176470588 , 0 , 0 , 8.91764705882353 , 0 , 170 , 82.3529411764706 , 7.54117647058824 
24-Aug-2005 11:52,200504,HEATHROW,GERMANY,DUSSELDORF,BRITISH AIRWAYS PLC,D,S, 170 , 0 , 76.4705882352941 , 14.1176470588235 , 7.05882352941176 , 2.35294117647059 , 0 , 0 , 11.5294117647059 , 0 , 170 , 78.8235294117647 , 8.47647058823529 
24-Aug-2005 11:52,200504,HEATHROW,GERMANY,DUSSELDORF,LUFTHANSA,A,S, 145 , 0 , 82.7586206896552 , 12.4137931034483 , 4.13793103448276 , 0.689655172413793 , 0 , 0 , 6.69655172413793 , 0 , 144 , 79.1666666666667 , 10.75 
24-Aug-2005 11:52,200504,HEATHROW,GERMANY,DUSSELDORF,LUFTHANSA,D,S, 145 , 0 , 86.2068965517241 , 8.27586206896552 , 4.82758620689655 , 0.689655172413793 , 0 , 0 , 6.4551724137931 , 0 , 143 , 81.1188811188811 , 10.6433566433566 
24-Aug-2005 11:52,200504,HEATHROW,GERMANY,FRANKFURT MAIN,BRITISH AIRWAYS PLC,A,S, 221 , 0 , 80.0904977375566 , 11.3122171945701 , 6.78733031674208 , 1.80995475113122 , 0 , 0 , 9.73755656108597 , 0 , 220 , 78.1818181818182 , 9.60454545454546 
24-Aug-2005 11:52,200504,HEATHROW,GERMANY,FRANKFURT MAIN,BRITISH AIRWAYS PLC,D,S, 221 , 0 , 75.1131221719457 , 13.1221719457014 , 9.95475113122172 , 1.80995475113122 , 0 , 0 , 11.2443438914027 , 0 , 220 , 75 , 11.0454545454545 
24-Aug-2005 11:52,200504,HEATHROW,GERMANY,FRANKFURT MAIN,LUFTHANSA,A,S, 300 , 0 , 68.3333333333333 , 18 , 11.6666666666667 , 2 , 0 , 0 , 12.5633333333333 , 0 , 300 , 86 , 6.72 
24-Aug-2005 11:52,200504,HEATHROW,GERMANY,FRANKFURT MAIN,LUFTHANSA,D,S, 300 , 0 , 79.3333333333333 , 10.6666666666667 , 8 , 1.33333333333333 , 0.666666666666667 , 0 , 10.5433333333333 , 0 , 299 , 87.6254180602007 , 9.62207357859532 
24-Aug-2005 11:52,200504,HEATHROW,GERMANY,HAMBURG,BRITISH AIRWAYS PLC,A,S, 120 , 0 , 75 , 18.3333333333333 , 4.16666666666667 , 2.5 , 0 , 0 , 11.325 , 0 , 120 , 85.8333333333333 , 6.90833333333333 
24-Aug-2005 11:52,200504,HEATHROW,GERMANY,HAMBURG,BRITISH AIRWAYS PLC,D,S, 120 , 0 , 75.8333333333333 , 12.5 , 10 , 1.66666666666667 , 0 , 0 , 11.0333333333333 , 0 , 120 , 76.6666666666667 , 10.1416666666667 
24-Aug-2005 11:52,200504,HEATHROW,GERMANY,HAMBURG,LUFTHANSA,A,S, 90 , 0 , 92.2222222222222 , 5.55555555555556 , 2.22222222222222 , 0 , 0 , 0 , 4.22222222222222 , 0 , 89 , 80.8988764044944 , 6.95505617977528 
24-Aug-2005 11:52,200504,HEATHROW,GERMANY,HAMBURG,LUFTHANSA,D,S, 90 , 0 , 90 , 7.77777777777778 , 2.22222222222222 , 0 , 0 , 0 , 3.75555555555556 , 0 , 89 , 79.7752808988764 , 9.92134831460674 
24-Aug-2005 11:52,200504,HEATHROW,GERMANY,HANOVER,BMI BRITISH MIDLAND,A,S, 51 , 0 , 82.3529411764706 , 11.7647058823529 , 5.88235294117647 , 0 , 0 , 0 , 6.84313725490196 , 0 , 72 , 79.1666666666667 , 10.0416666666667 
24-Aug-2005 11:52,200504,HEATHROW,GERMANY,HANOVER,BMI BRITISH MIDLAND,D,S, 51 , 0 , 88.2352941176471 , 7.84313725490196 , 3.92156862745098 , 0 , 0 , 0 , 4.84313725490196 , 0 , 72 , 73.6111111111111 , 11.4166666666667 
24-Aug-2005 11:52,200504,HEATHROW,GERMANY,MUNICH,BRITISH AIRWAYS PLC,A,S, 145 , 0 , 79.3103448275862 , 8.96551724137931 , 8.96551724137931 , 2.06896551724138 , 0.689655172413793 , 0 , 10.4344827586207 , 0 , 144 , 88.1944444444444 , 6.05555555555556 
24-Aug-2005 11:52,200504,HEATHROW,GERMANY,MUNICH,BRITISH AIRWAYS PLC,D,S, 145 , 0 , 73.7931034482759 , 14.4827586206897 , 7.58620689655172 , 4.13793103448276 , 0 , 0 , 12.2344827586207 , 0 , 144 , 78.4722222222222 , 9.73611111111111 
24-Aug-2005 11:52,200504,HEATHROW,GERMANY,MUNICH,LUFTHANSA,A,C, 1 , 0 , 100 , 0 , 0 , 0 , 0 , 0 , 0 , 0 , 0 , 0 , 0 
24-Aug-2005 11:52,200504,HEATHROW,GERMANY,MUNICH,LUFTHANSA,A,S, 210 , 0 , 73.8095238095238 , 16.6666666666667 , 8.57142857142857 , 0.952380952380952 , 0 , 0 , 10.7904761904762 , 0 , 176 , 81.25 , 7.21590909090909 
24-Aug-2005 11:52,200504,HEATHROW,GERMANY,MUNICH,LUFTHANSA,D,C, 1 , 0 , 0 , 100 , 0 , 0 , 0 , 0 , 23 , 0 , 0 , 0 , 0 
24-Aug-2005 11:52,200504,HEATHROW,GERMANY,MUNICH,LUFTHANSA,D,S, 210 , 0 , 86.6666666666667 , 8.09523809523809 , 4.76190476190476 , 0.476190476190476 , 0 , 0 , 6.55714285714286 , 0 , 176 , 89.2045454545455 , 8.58522727272727 
24-Aug-2005 11:52,200504,HEATHROW,GERMANY,STUTTGART,BRITISH AIRWAYS PLC,A,S, 90 , 0 , 68.8888888888889 , 16.6666666666667 , 12.2222222222222 , 2.22222222222222 , 0 , 0 , 12.7888888888889 , 0 , 88 , 81.8181818181818 , 7.96590909090909 
24-Aug-2005 11:52,200504,HEATHROW,GERMANY,STUTTGART,BRITISH AIRWAYS PLC,D,S, 90 , 0 , 73.3333333333333 , 15.5555555555556 , 6.66666666666667 , 4.44444444444444 , 0 , 0 , 13.0333333333333 , 0 , 88 , 78.4090909090909 , 9.42045454545455 
24-Aug-2005 11:52,200504,HEATHROW,GERMANY,STUTTGART,LUFTHANSA CITY LINE,A,S, 60 , 0 , 93.3333333333333 , 5 , 1.66666666666667 , 0 , 0 , 0 , 4.88333333333333 , 0 , 85 , 90.5882352941177 , 6.88235294117647 
24-Aug-2005 11:52,200504,HEATHROW,GERMANY,STUTTGART,LUFTHANSA CITY LINE,D,S, 60 , 0 , 93.3333333333333 , 3.33333333333333 , 3.33333333333333 , 0 , 0 , 0 , 4.65 , 0 , 84 , 79.7619047619048 , 12.3571428571429 
24-Aug-2005 11:52,200504,HEATHROW,GHANA,ACCRA,BRITISH AIRWAYS PLC,A,S, 30 , 0 , 90 , 10 , 0 , 0 , 0 , 0 , 4.33333333333333 , 0 , 30 , 80 , 13.8333333333333 
24-Aug-2005 11:52,200504,HEATHROW,GHANA,ACCRA,BRITISH AIRWAYS PLC,D,S, 30 , 0 , 50 , 40 , 10 , 0 , 0 , 0 , 15.4333333333333 , 0 , 30 , 43.3333333333333 , 21 
24-Aug-2005 11:52,200504,HEATHROW,GHANA,ACCRA,GHANA AIRWAYS,A,S, 0 , 0 , 0 , 0 , 0 , 0 , 0 , 0 , 0 , 0 , 7 , 0 , 138.142857142857 
24-Aug-2005 11:52,200504,HEATHROW,GHANA,ACCRA,GHANA AIRWAYS,D,S, 0 , 0 , 0 , 0 , 0 , 0 , 0 , 0 , 0 , 0 , 7 , 0 , 72.1428571428571 
24-Aug-2005 11:52,200504,HEATHROW,GIBRALTAR,GIBRALTAR,GB AIRWAYS LTD,A,S, 30 , 0 , 26.6666666666667 , 43.3333333333333 , 30 , 0 , 0 , 0 , 23.8 , 0 , 0 , 0 , 0 
24-Aug-2005 11:52,200504,HEATHROW,GIBRALTAR,GIBRALTAR,GB AIRWAYS LTD,D,S, 30 , 0 , 83.3333333333333 , 13.3333333333333 , 3.33333333333333 , 0 , 0 , 0 , 8.06666666666667 , 0 , 0 , 0 , 0 
24-Aug-2005 11:52,200504,HEATHROW,GREECE,ATHENS,BRITISH AIRWAYS PLC,A,S, 87 , 0 , 80.4597701149425 , 9.19540229885057 , 5.74712643678161 , 4.59770114942529 , 0 , 0 , 12.3563218390805 , 0 , 78 , 85.8974358974359 , 6.37179487179487 
24-Aug-2005 11:52,200504,HEATHROW,GREECE,ATHENS,BRITISH AIRWAYS PLC,D,S, 87 , 0 , 65.5172413793103 , 16.0919540229885 , 13.7931034482759 , 4.59770114942529 , 0 , 0 , 17.9080459770115 , 0 , 78 , 78.2051282051282 , 9.6025641025641 
24-Aug-2005 11:52,200504,HEATHROW,GREECE,ATHENS,HELLAS JET,A,S, 31 , 0 , 80.6451612903226 , 12.9032258064516 , 6.45161290322581 , 0 , 0 , 0 , 7.87096774193548 , 1 , 30 , 83.3333333333333 , 6.33333333333333 
24-Aug-2005 11:52,200504,HEATHROW,GREECE,ATHENS,HELLAS JET,D,S, 31 , 0 , 83.8709677419355 , 9.67741935483871 , 3.2258064516129 , 3.2258064516129 , 0 , 0 , 6.87096774193548 , 1 , 30 , 86.6666666666667 , 6.33333333333333 
24-Aug-2005 11:52,200504,HEATHROW,GREECE,ATHENS,OLYMPIC AIRWAYS,A,S, 87 , 0 , 70.1149425287356 , 19.5402298850575 , 9.19540229885057 , 1.14942528735632 , 0 , 0 , 11.9425287356322 , 0 , 90 , 82.2222222222222 , 7.65555555555556 
24-Aug-2005 11:52,200504,HEATHROW,GREECE,ATHENS,OLYMPIC AIRWAYS,D,S, 87 , 0 , 70.1149425287356 , 21.8390804597701 , 5.74712643678161 , 2.29885057471264 , 0 , 0 , 12.0689655172414 , 0 , 90 , 72.2222222222222 , 11.5 
24-Aug-2005 11:52,200504,HEATHROW,HONG KONG,HONG KONG (CHEP LAP KOK),BRITISH AIRWAYS PLC,A,S, 73 , 0 , 31.5068493150685 , 43.8356164383562 , 19.1780821917808 , 5.47945205479452 , 0 , 0 , 23.1917808219178 , 0 , 60 , 95 , 2.51666666666667 
24-Aug-2005 11:52,200504,HEATHROW,HONG KONG,HONG KONG (CHEP LAP KOK),BRITISH AIRWAYS PLC,D,S, 73 , 0 , 79.4520547945205 , 15.0684931506849 , 5.47945205479452 , 0 , 0 , 0 , 8.83561643835616 , 0 , 60 , 78.3333333333333 , 9.3 
24-Aug-2005 11:52,200504,HEATHROW,HONG KONG,HONG KONG (CHEP LAP KOK),CATHAY PACIFIC AIRWAYS,A,S, 90 , 0 , 38.8888888888889 , 30 , 25.5555555555556 , 5.55555555555556 , 0 , 0 , 24.3111111111111 , 0 , 90 , 73.3333333333333 , 11.0444444444444 
24-Aug-2005 11:52,200504,HEATHROW,HONG KONG,HONG KONG (CHEP LAP KOK),CATHAY PACIFIC AIRWAYS,D,S, 90 , 0 , 50 , 24.4444444444444 , 20 , 4.44444444444444 , 0 , 1.11111111111111 , 31.7555555555556 , 0 , 90 , 70 , 18.0111111111111 
24-Aug-2005 11:52,200504,HEATHROW,HONG KONG,HONG KONG (CHEP LAP KOK),VIRGIN ATLANTIC AIRWAYS LTD,A,S, 0 , 0 , 0 , 0 , 0 , 0 , 0 , 0 , 0 , 0 , 30 , 56.6666666666667 , 15.9666666666667 
24-Aug-2005 11:52,200504,HEATHROW,HONG KONG,HONG KONG (CHEP LAP KOK),VIRGIN ATLANTIC AIRWAYS LTD,D,S, 0 , 0 , 0 , 0 , 0 , 0 , 0 , 0 , 0 , 0 , 30 , 90 , 6.06666666666667 
24-Aug-2005 11:52,200504,HEATHROW,HUNGARY,BUDAPEST,BRITISH AIRWAYS PLC,A,S, 90 , 0 , 80 , 10 , 8.88888888888889 , 1.11111111111111 , 0 , 0 , 8.61111111111111 , 0 , 60 , 76.6666666666667 , 10.7833333333333 
24-Aug-2005 11:52,200504,HEATHROW,HUNGARY,BUDAPEST,BRITISH AIRWAYS PLC,D,S, 90 , 0 , 64.4444444444444 , 23.3333333333333 , 8.88888888888889 , 3.33333333333333 , 0 , 0 , 14.7 , 0 , 60 , 80 , 10.7166666666667 
24-Aug-2005 11:52,200504,HEATHROW,HUNGARY,BUDAPEST,MALEV (HUNGARIAN AIRLINES),A,S, 60 , 0 , 85 , 5 , 5 , 5 , 0 , 0 , 8.45 , 0 , 58 , 77.5862068965517 , 10.448275862069 
24-Aug-2005 11:52,200504,HEATHROW,HUNGARY,BUDAPEST,MALEV (HUNGARIAN AIRLINES),D,S, 60 , 0 , 93.3333333333333 , 3.33333333333333 , 1.66666666666667 , 1.66666666666667 , 0 , 0 , 4.56666666666667 , 0 , 58 , 84.4827586206897 , 6.31034482758621 
24-Aug-2005 11:52,200504,HEATHROW,ICELAND,KEFLAVIK,ICELANDAIR,A,S, 55 , 0 , 61.8181818181818 , 23.6363636363636 , 12.7272727272727 , 1.81818181818182 , 0 , 0 , 15.2363636363636 , 0 , 58 , 81.0344827586207 , 7.96551724137931 
24-Aug-2005 11:52,200504,HEATHROW,ICELAND,KEFLAVIK,ICELANDAIR,D,S, 55 , 0 , 47.2727272727273 , 36.3636363636364 , 14.5454545454545 , 1.81818181818182 , 0 , 0 , 18.9454545454545 , 0 , 58 , 65.5172413793103 , 12.1551724137931 
24-Aug-2005 11:52,200504,HEATHROW,INDIA,CALCUTTA,BRITISH AIRWAYS PLC,A,S, 13 , 0 , 76.9230769230769 , 23.0769230769231 , 0 , 0 , 0 , 0 , 6.84615384615385 , 0 , 13 , 100 , 0.384615384615385 
24-Aug-2005 11:52,200504,HEATHROW,INDIA,CALCUTTA,BRITISH AIRWAYS PLC,D,S, 13 , 0 , 84.6153846153846 , 7.69230769230769 , 7.69230769230769 , 0 , 0 , 0 , 9.46153846153846 , 0 , 13 , 76.9230769230769 , 10.4615384615385 
24-Aug-2005 11:52,200504,HEATHROW,INDIA,DELHI,BRITISH AIRWAYS PLC,A,S, 30 , 0 , 93.3333333333333 , 3.33333333333333 , 0 , 3.33333333333333 , 0 , 0 , 4.53333333333333 , 0 , 30 , 90 , 8.56666666666667 
24-Aug-2005 11:52,200504,HEATHROW,INDIA,DELHI,BRITISH AIRWAYS PLC,D,S, 30 , 0 , 50 , 23.3333333333333 , 20 , 3.33333333333333 , 3.33333333333333 , 0 , 27.2666666666667 , 0 , 30 , 63.3333333333333 , 17.0666666666667 
24-Aug-2005 11:52,200504,HEATHROW,INDIA,DELHI,VIRGIN ATLANTIC AIRWAYS LTD,A,S, 30 , 0 , 13.3333333333333 , 26.6666666666667 , 26.6666666666667 , 33.3333333333333 , 0 , 0 , 43.0333333333333 , 0 , 13 , 0 , 141.384615384615 
24-Aug-2005 11:52,200504,HEATHROW,INDIA,DELHI,VIRGIN ATLANTIC AIRWAYS LTD,D,S, 30 , 0 , 80 , 13.3333333333333 , 6.66666666666667 , 0 , 0 , 0 , 7.56666666666667 , 0 , 13 , 92.3076923076923 , 3.38461538461538 
24-Aug-2005 11:52,200504,HEATHROW,INDIA,MADRAS/CHENNAI,BRITISH AIRWAYS PLC,A,S, 8 , 0 , 75 , 0 , 25 , 0 , 0 , 0 , 15.5 , 0 , 8 , 75 , 187.875 
24-Aug-2005 11:52,200504,HEATHROW,INDIA,MADRAS/CHENNAI,BRITISH AIRWAYS PLC,D,S, 9 , 0 , 55.5555555555556 , 44.4444444444444 , 0 , 0 , 0 , 0 , 12.1111111111111 , 0 , 8 , 62.5 , 22.375 
24-Aug-2005 11:52,200504,HEATHROW,INDIA,MUMBAI,AIR INDIA,A,S, 78 , 0 , 67.948717948718 , 7.69230769230769 , 15.3846153846154 , 5.12820512820513 , 2.56410256410256 , 1.28205128205128 , 32.8205128205128 , 0 , 52 , 63.4615384615385 , 15.9230769230769 
24-Aug-2005 11:52,200504,HEATHROW,INDIA,MUMBAI,AIR INDIA,D,S, 78 , 0 , 58.974358974359 , 21.7948717948718 , 14.1025641025641 , 2.56410256410256 , 1.28205128205128 , 1.28205128205128 , 26.3717948717949 , 0 , 51 , 60.7843137254902 , 39.1176470588235 
24-Aug-2005 11:52,200504,HEATHROW,INDIA,MUMBAI,BRITISH AIRWAYS PLC,A,S, 30 , 0 , 93.3333333333333 , 6.66666666666667 , 0 , 0 , 0 , 0 , 1.86666666666667 , 0 , 30 , 93.3333333333333 , 2.76666666666667 
24-Aug-2005 11:52,200504,HEATHROW,INDIA,MUMBAI,BRITISH AIRWAYS PLC,D,S, 30 , 0 , 80 , 13.3333333333333 , 6.66666666666667 , 0 , 0 , 0 , 11.7333333333333 , 0 , 30 , 66.6666666666667 , 12.2666666666667 
24-Aug-2005 11:52,200504,HEATHROW,INDIA,MUMBAI,VIRGIN ATLANTIC AIRWAYS LTD,A,S, 13 , 0 , 23.0769230769231 , 30.7692307692308 , 38.4615384615385 , 7.69230769230769 , 0 , 0 , 33.8461538461538 , 0 , 0 , 0 , 0 
24-Aug-2005 11:52,200504,HEATHROW,INDIA,MUMBAI,VIRGIN ATLANTIC AIRWAYS LTD,D,S, 13 , 0 , 53.8461538461538 , 38.4615384615385 , 7.69230769230769 , 0 , 0 , 0 , 14.4615384615385 , 0 , 0 , 0 , 0 
24-Aug-2005 11:52,200504,HEATHROW,IRAN,TEHRAN,BRITISH MEDITERRANEAN AIRWAYS,A,S, 24 , 0 , 75 , 12.5 , 8.33333333333333 , 4.16666666666667 , 0 , 0 , 10.6666666666667 , 0 , 21 , 61.9047619047619 , 11.8095238095238 
24-Aug-2005 11:52,200504,HEATHROW,IRAN,TEHRAN,BRITISH MEDITERRANEAN AIRWAYS,D,S, 24 , 0 , 83.3333333333333 , 12.5 , 0 , 4.16666666666667 , 0 , 0 , 8.375 , 0 , 22 , 54.5454545454545 , 18.5909090909091 
24-Aug-2005 11:52,200504,HEATHROW,IRAN,TEHRAN,IRAN AIR,A,S, 12 , 0 , 8.33333333333333 , 50 , 33.3333333333333 , 8.33333333333333 , 0 , 0 , 35.1666666666667 , 0 , 13 , 61.5384615384615 , 12.6923076923077 
24-Aug-2005 11:52,200504,HEATHROW,IRAN,TEHRAN,IRAN AIR,D,S, 12 , 0 , 33.3333333333333 , 25 , 41.6666666666667 , 0 , 0 , 0 , 26.3333333333333 , 0 , 13 , 15.3846153846154 , 28.7692307692308 
24-Aug-2005 11:52,200504,HEATHROW,IRISH REPUBLIC,CORK,AER LINGUS,A,S, 142 , 0 , 78.169014084507 , 10.5633802816901 , 8.45070422535211 , 2.8169014084507 , 0 , 0 , 11.7183098591549 , 3 , 120 , 71.6666666666667 , 13.5833333333333 
24-Aug-2005 11:52,200504,HEATHROW,IRISH REPUBLIC,CORK,AER LINGUS,D,S, 144 , 0 , 74.3055555555556 , 18.0555555555556 , 5.55555555555556 , 2.08333333333333 , 0 , 0 , 10.4930555555556 , 1 , 120 , 69.1666666666667 , 13.0583333333333 
24-Aug-2005 11:52,200504,HEATHROW,IRISH REPUBLIC,DUBLIN,AER LINGUS,A,S, 384 , 0 , 63.5416666666667 , 21.3541666666667 , 11.1979166666667 , 3.38541666666667 , 0.520833333333333 , 0 , 17.4479166666667 , 0 , 379 , 72.8232189973615 , 13.2638522427441 
24-Aug-2005 11:52,200504,HEATHROW,IRISH REPUBLIC,DUBLIN,AER LINGUS,D,S, 384 , 0 , 71.6145833333333 , 17.4479166666667 , 5.98958333333333 , 4.42708333333333 , 0.520833333333333 , 0 , 14.3880208333333 , 2 , 380 , 79.4736842105263 , 11.0368421052632 
24-Aug-2005 11:52,200504,HEATHROW,IRISH REPUBLIC,DUBLIN,BMI BRITISH MIDLAND,A,S, 188 , 0 , 76.063829787234 , 16.4893617021277 , 6.38297872340426 , 1.06382978723404 , 0 , 0 , 9.30851063829787 , 0 , 186 , 59.1397849462366 , 21.6720430107527 
24-Aug-2005 11:52,200504,HEATHROW,IRISH REPUBLIC,DUBLIN,BMI BRITISH MIDLAND,D,S, 188 , 0 , 81.9148936170213 , 11.7021276595745 , 5.85106382978723 , 0.531914893617021 , 0 , 0 , 7.45212765957447 , 0 , 187 , 60.9625668449198 , 21.379679144385 
24-Aug-2005 11:52,200504,HEATHROW,IRISH REPUBLIC,SHANNON,AER LINGUS,A,S, 113 , 1 , 71.6814159292035 , 15.929203539823 , 5.30973451327434 , 5.30973451327434 , 1.76991150442478 , 0 , 17.9911504424779 , 0 , 116 , 82.7586206896552 , 9.25862068965517 
24-Aug-2005 11:52,200504,HEATHROW,IRISH REPUBLIC,SHANNON,AER LINGUS,D,S, 114 , 0 , 74.5614035087719 , 14.9122807017544 , 7.01754385964912 , 1.75438596491228 , 1.75438596491228 , 0 , 14.4473684210526 , 2 , 116 , 82.7586206896552 , 9.25 
24-Aug-2005 11:52,200504,HEATHROW,ISRAEL,TEL AVIV,BRITISH AIRWAYS PLC,A,S, 60 , 0 , 68.3333333333333 , 20 , 8.33333333333333 , 3.33333333333333 , 0 , 0 , 12.45 , 0 , 60 , 80 , 10 
24-Aug-2005 11:52,200504,HEATHROW,ISRAEL,TEL AVIV,BRITISH AIRWAYS PLC,D,S, 60 , 0 , 81.6666666666667 , 10 , 1.66666666666667 , 6.66666666666667 , 0 , 0 , 12.8333333333333 , 0 , 60 , 73.3333333333333 , 11.3666666666667 
24-Aug-2005 11:52,200504,HEATHROW,ISRAEL,TEL AVIV,EL AL,A,S, 44 , 0 , 68.1818181818182 , 11.3636363636364 , 11.3636363636364 , 6.81818181818182 , 2.27272727272727 , 0 , 20.1590909090909 , 0 , 43 , 69.7674418604651 , 12.8604651162791 
24-Aug-2005 11:52,200504,HEATHROW,ISRAEL,TEL AVIV,EL AL,D,S, 44 , 0 , 56.8181818181818 , 22.7272727272727 , 11.3636363636364 , 9.09090909090909 , 0 , 0 , 19.8181818181818 , 1 , 42 , 61.9047619047619 , 14.5 
24-Aug-2005 11:52,200504,HEATHROW,ITALY,CATANIA (FONTANAROSSA),BMI BRITISH MIDLAND,A,C, 2 , 0 , 50 , 0 , 50 , 0 , 0 , 0 , 29 , 0 , 3 , 0 , 39 
24-Aug-2005 11:52,200504,HEATHROW,ITALY,CATANIA (FONTANAROSSA),BMI BRITISH MIDLAND,D,C, 2 , 0 , 100 , 0 , 0 , 0 , 0 , 0 , 6.5 , 0 , 3 , 66.6666666666667 , 11.3333333333333 
24-Aug-2005 11:52,200504,HEATHROW,ITALY,GENOA,BRITISH AIRWAYS PLC,D,C, 0 , 0 , 0 , 0 , 0 , 0 , 0 , 0 , 0 , 0 , 1 , 100 , 13 
24-Aug-2005 11:52,200504,HEATHROW,ITALY,MILAN (LINATE),ALITALIA,A,S, 109 , 0 , 82.5688073394495 , 11.0091743119266 , 6.42201834862385 , 0 , 0 , 0 , 6.70642201834862 , 1 , 78 , 84.6153846153846 , 7.19230769230769 
24-Aug-2005 11:52,200504,HEATHROW,ITALY,MILAN (LINATE),ALITALIA,D,S, 109 , 0 , 81.651376146789 , 9.1743119266055 , 5.5045871559633 , 3.6697247706422 , 0 , 0 , 8.54128440366972 , 2 , 79 , 79.746835443038 , 6.9620253164557 
24-Aug-2005 11:52,200504,HEATHROW,ITALY,MILAN (LINATE),BMI BRITISH MIDLAND,A,S, 30 , 0 , 70 , 23.3333333333333 , 3.33333333333333 , 3.33333333333333 , 0 , 0 , 12.7333333333333 , 0 , 30 , 73.3333333333333 , 12.8333333333333 
24-Aug-2005 11:52,200504,HEATHROW,ITALY,MILAN (LINATE),BMI BRITISH MIDLAND,D,S, 30 , 0 , 80 , 13.3333333333333 , 6.66666666666667 , 0 , 0 , 0 , 9.56666666666667 , 0 , 30 , 73.3333333333333 , 11.5 
24-Aug-2005 11:52,200504,HEATHROW,ITALY,MILAN (LINATE),BRITISH AIRWAYS PLC,A,S, 90 , 0 , 72.2222222222222 , 16.6666666666667 , 7.77777777777778 , 3.33333333333333 , 0 , 0 , 13.0888888888889 , 0 , 87 , 67.816091954023 , 14.3563218390805 
24-Aug-2005 11:52,200504,HEATHROW,ITALY,MILAN (LINATE),BRITISH AIRWAYS PLC,D,S, 90 , 0 , 78.8888888888889 , 13.3333333333333 , 5.55555555555556 , 2.22222222222222 , 0 , 0 , 10.0444444444444 , 0 , 87 , 86.2068965517241 , 7.5632183908046 
24-Aug-2005 11:52,200504,HEATHROW,ITALY,MILAN (MALPENSA),ALITALIA,A,S, 119 , 0 , 68.0672268907563 , 15.1260504201681 , 12.6050420168067 , 4.20168067226891 , 0 , 0 , 12.8403361344538 , 0 , 139 , 76.9784172661871 , 9.64748201438849 
24-Aug-2005 11:52,200504,HEATHROW,ITALY,MILAN (MALPENSA),ALITALIA,D,S, 118 , 0 , 59.3220338983051 , 17.7966101694915 , 15.2542372881356 , 7.6271186440678 , 0 , 0 , 18.9576271186441 , 0 , 141 , 71.6312056737589 , 12.6312056737589 
24-Aug-2005 11:52,200504,HEATHROW,ITALY,MILAN (MALPENSA),BRITANNIA AIRWAYS AND THOMSONFLY,A,C, 1 , 0 , 0 , 100 , 0 , 0 , 0 , 0 , 30 , 0 , 0 , 0 , 0 
24-Aug-2005 11:52,200504,HEATHROW,ITALY,MILAN (MALPENSA),BRITISH AIRWAYS PLC,A,S, 119 , 0 , 62.1848739495798 , 21.0084033613445 , 13.4453781512605 , 2.52100840336134 , 0 , 0.840336134453782 , 18.9747899159664 , 0 , 90 , 65.5555555555556 , 19.8444444444444 
24-Aug-2005 11:52,200504,HEATHROW,ITALY,MILAN (MALPENSA),BRITISH AIRWAYS PLC,D,S, 120 , 0 , 72.5 , 11.6666666666667 , 12.5 , 3.33333333333333 , 0 , 0 , 14.95 , 0 , 90 , 78.8888888888889 , 9.71111111111111 
24-Aug-2005 11:52,200504,HEATHROW,ITALY,NAPLES,BMI BRITISH MIDLAND,A,C, 0 , 0 , 0 , 0 , 0 , 0 , 0 , 0 , 0 , 0 , 4 , 50 , 20.5 
24-Aug-2005 11:52,200504,HEATHROW,ITALY,NAPLES,BMI BRITISH MIDLAND,A,S, 35 , 0 , 57.1428571428571 , 22.8571428571429 , 14.2857142857143 , 5.71428571428571 , 0 , 0 , 18.1142857142857 , 0 , 30 , 50 , 27.8 
24-Aug-2005 11:52,200504,HEATHROW,ITALY,NAPLES,BMI BRITISH MIDLAND,D,C, 0 , 0 , 0 , 0 , 0 , 0 , 0 , 0 , 0 , 0 , 4 , 75 , 12.5 
24-Aug-2005 11:52,200504,HEATHROW,ITALY,NAPLES,BMI BRITISH MIDLAND,D,S, 35 , 0 , 85.7142857142857 , 8.57142857142857 , 5.71428571428571 , 0 , 0 , 0 , 9.77142857142857 , 0 , 30 , 86.6666666666667 , 8.93333333333333 
24-Aug-2005 11:52,200504,HEATHROW,ITALY,PALERMO,BMI BRITISH MIDLAND,A,C, 0 , 0 , 0 , 0 , 0 , 0 , 0 , 0 , 0 , 0 , 4 , 25 , 42.25 
24-Aug-2005 11:52,200504,HEATHROW,ITALY,PALERMO,BMI BRITISH MIDLAND,D,C, 0 , 0 , 0 , 0 , 0 , 0 , 0 , 0 , 0 , 0 , 4 , 50 , 19.5 
24-Aug-2005 11:52,200504,HEATHROW,ITALY,ROME (CIAMPINO),TRIAIR (BERMUDA) LTD,D,C, 0 , 1 , 0 , 0 , 0 , 0 , 0 , 0 , 0 , 0 , 0 , 0 , 0 
24-Aug-2005 11:52,200504,HEATHROW,ITALY,ROME (FIUMICINO),ALITALIA,A,S, 149 , 0 , 67.7852348993289 , 12.751677852349 , 14.0939597315436 , 5.36912751677852 , 0 , 0 , 16.7718120805369 , 0 , 137 , 69.3430656934307 , 11.5766423357664 
24-Aug-2005 11:52,200504,HEATHROW,ITALY,ROME (FIUMICINO),ALITALIA,D,S, 149 , 0 , 65.7718120805369 , 15.4362416107383 , 12.751677852349 , 6.04026845637584 , 0 , 0 , 16.7785234899329 , 0 , 142 , 65.4929577464789 , 14.4788732394366 
24-Aug-2005 11:52,200504,HEATHROW,ITALY,ROME (FIUMICINO),BRITISH AIRWAYS PLC,A,S, 150 , 0 , 69.3333333333333 , 12.6666666666667 , 14 , 3.33333333333333 , 0.666666666666667 , 0 , 16.02 , 0 , 149 , 59.0604026845638 , 18.1342281879195 
24-Aug-2005 11:52,200504,HEATHROW,ITALY,ROME (FIUMICINO),BRITISH AIRWAYS PLC,D,S, 150 , 0 , 66.6666666666667 , 17.3333333333333 , 10.6666666666667 , 4.66666666666667 , 0.666666666666667 , 0 , 16.9733333333333 , 0 , 149 , 71.1409395973154 , 12.5973154362416 
24-Aug-2005 11:52,200504,HEATHROW,ITALY,VENICE,BMI BRITISH MIDLAND,A,S, 30 , 0 , 66.6666666666667 , 16.6666666666667 , 16.6666666666667 , 0 , 0 , 0 , 12.6666666666667 , 0 , 30 , 53.3333333333333 , 17.3 
24-Aug-2005 11:52,200504,HEATHROW,ITALY,VENICE,BMI BRITISH MIDLAND,D,S, 30 , 0 , 70 , 23.3333333333333 , 6.66666666666667 , 0 , 0 , 0 , 10.8666666666667 , 0 , 30 , 63.3333333333333 , 12.9333333333333 
24-Aug-2005 11:52,200504,HEATHROW,ITALY,VENICE,QANTAS,A,C, 1 , 0 , 0 , 0 , 100 , 0 , 0 , 0 , 40 , 0 , 0 , 0 , 0 
24-Aug-2005 11:52,200504,HEATHROW,ITALY,VENICE,QANTAS,D,C, 1 , 0 , 100 , 0 , 0 , 0 , 0 , 0 , 6 , 0 , 0 , 0 , 0 
24-Aug-2005 11:52,200504,HEATHROW,JAMAICA,KINGSTON,AIR JAMAICA,A,S, 26 , 0 , 26.9230769230769 , 23.0769230769231 , 3.84615384615385 , 23.0769230769231 , 11.5384615384615 , 11.5384615384615 , 194.923076923077 , 0 , 37 , 59.4594594594595 , 34.7837837837838 
24-Aug-2005 11:52,200504,HEATHROW,JAMAICA,KINGSTON,AIR JAMAICA,D,S, 23 , 2 , 17.3913043478261 , 21.7391304347826 , 13.0434782608696 , 26.0869565217391 , 8.69565217391304 , 13.0434782608696 , 226.217391304348 , 7 , 37 , 24.3243243243243 , 43.9459459459459 
24-Aug-2005 11:52,200504,HEATHROW,JAPAN,OSAKA (KANSAI),JAPAN AIRLINES,A,S, 30 , 0 , 70 , 13.3333333333333 , 6.66666666666667 , 10 , 0 , 0 , 15.5333333333333 , 0 , 30 , 83.3333333333333 , 15.1666666666667 
24-Aug-2005 11:52,200504,HEATHROW,JAPAN,OSAKA (KANSAI),JAPAN AIRLINES,D,S, 30 , 0 , 80 , 6.66666666666667 , 10 , 3.33333333333333 , 0 , 0 , 11.4333333333333 , 0 , 30 , 76.6666666666667 , 48.8666666666667 
24-Aug-2005 11:52,200504,HEATHROW,JAPAN,TOKYO (NARITA),ALL NIPPON AIRWAYS,A,S, 30 , 0 , 80 , 13.3333333333333 , 6.66666666666667 , 0 , 0 , 0 , 7.36666666666667 , 0 , 30 , 76.6666666666667 , 12.3333333333333 
24-Aug-2005 11:52,200504,HEATHROW,JAPAN,TOKYO (NARITA),ALL NIPPON AIRWAYS,D,S, 30 , 0 , 90 , 6.66666666666667 , 0 , 3.33333333333333 , 0 , 0 , 5.1 , 0 , 30 , 100 , 2.1 
24-Aug-2005 11:52,200504,HEATHROW,JAPAN,TOKYO (NARITA),BRITISH AIRWAYS PLC,A,S, 60 , 0 , 65 , 20 , 10 , 3.33333333333333 , 1.66666666666667 , 0 , 18.85 , 0 , 60 , 81.6666666666667 , 12.5333333333333 
24-Aug-2005 11:52,200504,HEATHROW,JAPAN,TOKYO (NARITA),BRITISH AIRWAYS PLC,D,S, 60 , 0 , 71.6666666666667 , 13.3333333333333 , 8.33333333333333 , 5 , 1.66666666666667 , 0 , 20.4333333333333 , 0 , 60 , 70 , 14.9833333333333 
24-Aug-2005 11:52,200504,HEATHROW,JAPAN,TOKYO (NARITA),JAPAN AIRLINES,A,S, 59 , 0 , 49.1525423728814 , 23.728813559322 , 22.0338983050847 , 5.08474576271186 , 0 , 0 , 20.8135593220339 , 0 , 59 , 67.7966101694915 , 10.728813559322 
24-Aug-2005 11:52,200504,HEATHROW,JAPAN,TOKYO (NARITA),JAPAN AIRLINES,D,S, 59 , 0 , 86.4406779661017 , 1.69491525423729 , 10.1694915254237 , 1.69491525423729 , 0 , 0 , 8.33898305084746 , 0 , 60 , 95 , 5.76666666666667 
24-Aug-2005 11:52,200504,HEATHROW,JAPAN,TOKYO (NARITA),VIRGIN ATLANTIC AIRWAYS LTD,A,S, 29 , 1 , 86.2068965517241 , 3.44827586206897 , 3.44827586206897 , 6.89655172413793 , 0 , 0 , 9.31034482758621 , 2 , 28 , 75 , 14.25 
24-Aug-2005 11:52,200504,HEATHROW,JAPAN,TOKYO (NARITA),VIRGIN ATLANTIC AIRWAYS LTD,D,S, 30 , 0 , 33.3333333333333 , 33.3333333333333 , 26.6666666666667 , 6.66666666666667 , 0 , 0 , 29.4 , 0 , 30 , 26.6666666666667 , 34.1666666666667 
24-Aug-2005 11:52,200504,HEATHROW,JORDAN,AMMAN,BRITISH MEDITERRANEAN AIRWAYS,A,S, 13 , 0 , 92.3076923076923 , 7.69230769230769 , 0 , 0 , 0 , 0 , 3.61538461538462 , 0 , 19 , 94.7368421052632 , 1.63157894736842 
24-Aug-2005 11:52,200504,HEATHROW,JORDAN,AMMAN,BRITISH MEDITERRANEAN AIRWAYS,D,S, 12 , 1 , 41.6666666666667 , 41.6666666666667 , 16.6666666666667 , 0 , 0 , 0 , 16.1666666666667 , 0 , 20 , 55 , 17.4 
24-Aug-2005 11:52,200504,HEATHROW,JORDAN,AMMAN,ROYAL JORDANIAN,A,S, 30 , 0 , 86.6666666666667 , 10 , 3.33333333333333 , 0 , 0 , 0 , 5.46666666666667 , 0 , 30 , 90 , 7.7 
24-Aug-2005 11:52,200504,HEATHROW,JORDAN,AMMAN,ROYAL JORDANIAN,D,S, 30 , 0 , 70 , 20 , 10 , 0 , 0 , 0 , 12.0333333333333 , 0 , 30 , 53.3333333333333 , 24.4333333333333 
24-Aug-2005 11:52,200504,HEATHROW,KAZAKHSTAN,ALMA ATA,AIR ASTANA,A,S, 9 , 0 , 100 , 0 , 0 , 0 , 0 , 0 , 3.77777777777778 , 0 , 8 , 100 , 2 
24-Aug-2005 11:52,200504,HEATHROW,KAZAKHSTAN,ALMA ATA,AIR ASTANA,D,S, 9 , 0 , 100 , 0 , 0 , 0 , 0 , 0 , 1.44444444444444 , 0 , 8 , 100 , 1 
24-Aug-2005 11:52,200504,HEATHROW,KAZAKHSTAN,ALMA ATA,BRITISH MEDITERRANEAN AIRWAYS,A,S, 13 , 0 , 92.3076923076923 , 7.69230769230769 , 0 , 0 , 0 , 0 , 2.23076923076923 , 0 , 12 , 66.6666666666667 , 13.25 
24-Aug-2005 11:52,200504,HEATHROW,KAZAKHSTAN,ALMA ATA,BRITISH MEDITERRANEAN AIRWAYS,D,S, 13 , 0 , 76.9230769230769 , 15.3846153846154 , 7.69230769230769 , 0 , 0 , 0 , 10.1538461538462 , 0 , 10 , 40 , 23.8 
24-Aug-2005 11:52,200504,HEATHROW,KENYA,MOMBASA,EAST AFRICAN SAFARI AIR LTD,A,S, 0 , 0 , 0 , 0 , 0 , 0 , 0 , 0 , 0 , 0 , 8 , 25 , 60.625 
24-Aug-2005 11:52,200504,HEATHROW,KENYA,MOMBASA,EAST AFRICAN SAFARI AIR LTD,D,S, 0 , 0 , 0 , 0 , 0 , 0 , 0 , 0 , 0 , 0 , 8 , 62.5 , 36.375 
24-Aug-2005 11:52,200504,HEATHROW,KENYA,NAIROBI,BRITISH AIRWAYS PLC,A,S, 43 , 0 , 69.7674418604651 , 13.953488372093 , 6.97674418604651 , 6.97674418604651 , 0 , 2.32558139534884 , 51.5348837209302 , 0 , 39 , 51.2820512820513 , 19.8974358974359 
24-Aug-2005 11:52,200504,HEATHROW,KENYA,NAIROBI,BRITISH AIRWAYS PLC,D,S, 43 , 0 , 72.093023255814 , 18.6046511627907 , 4.65116279069767 , 4.65116279069767 , 0 , 0 , 14.3023255813953 , 0 , 39 , 61.5384615384615 , 23.4615384615385 
24-Aug-2005 11:52,200504,HEATHROW,KENYA,NAIROBI,EAST AFRICAN SAFARI AIR LTD,A,S, 0 , 0 , 0 , 0 , 0 , 0 , 0 , 0 , 0 , 0 , 12 , 50 , 50.4166666666667 
24-Aug-2005 11:52,200504,HEATHROW,KENYA,NAIROBI,EAST AFRICAN SAFARI AIR LTD,D,S, 0 , 0 , 0 , 0 , 0 , 0 , 0 , 0 , 0 , 0 , 11 , 63.6363636363636 , 28.3636363636364 
24-Aug-2005 11:52,200504,HEATHROW,KENYA,NAIROBI,KENYA AIRWAYS,A,S, 38 , 0 , 57.8947368421053 , 23.6842105263158 , 10.5263157894737 , 7.89473684210526 , 0 , 0 , 18.0263157894737 , 0 , 41 , 70.7317073170732 , 11.9512195121951 
24-Aug-2005 11:52,200504,HEATHROW,KENYA,NAIROBI,KENYA AIRWAYS,D,S, 38 , 0 , 71.0526315789474 , 21.0526315789474 , 5.26315789473684 , 2.63157894736842 , 0 , 0 , 10.1052631578947 , 0 , 41 , 85.3658536585366 , 7.02439024390244 
24-Aug-2005 11:52,200504,HEATHROW,KUWAIT,KUWAIT,BRITISH AIRWAYS PLC,A,S, 30 , 0 , 96.6666666666667 , 0 , 0 , 0 , 3.33333333333333 , 0 , 9.96666666666667 , 0 , 30 , 100 , 6.66666666666667E-02 
24-Aug-2005 11:52,200504,HEATHROW,KUWAIT,KUWAIT,BRITISH AIRWAYS PLC,D,S, 30 , 0 , 86.6666666666667 , 6.66666666666667 , 3.33333333333333 , 0 , 0 , 3.33333333333333 , 17.5333333333333 , 0 , 30 , 90 , 6.06666666666667 
24-Aug-2005 11:52,200504,HEATHROW,KUWAIT,KUWAIT,KUWAIT AIRWAYS,A,S, 30 , 0 , 63.3333333333333 , 20 , 10 , 6.66666666666667 , 0 , 0 , 16.7333333333333 , 0 , 30 , 83.3333333333333 , 6.13333333333333 
24-Aug-2005 11:52,200504,HEATHROW,KUWAIT,KUWAIT,KUWAIT AIRWAYS,D,S, 30 , 0 , 73.3333333333333 , 26.6666666666667 , 0 , 0 , 0 , 0 , 9.46666666666667 , 0 , 30 , 83.3333333333333 , 10.7 
24-Aug-2005 11:52,200504,HEATHROW,KYRGYZSTAN,BISHKEK (FRUNZE),BRITISH MEDITERRANEAN AIRWAYS,A,S, 13 , 0 , 100 , 0 , 0 , 0 , 0 , 0 , 1.15384615384615 , 0 , 13 , 84.6153846153846 , 12.5384615384615 
24-Aug-2005 11:52,200504,HEATHROW,KYRGYZSTAN,BISHKEK (FRUNZE),BRITISH MEDITERRANEAN AIRWAYS,D,S, 13 , 0 , 53.8461538461538 , 7.69230769230769 , 23.0769230769231 , 15.3846153846154 , 0 , 0 , 28.5384615384615 , 0 , 13 , 23.0769230769231 , 48.6923076923077 
24-Aug-2005 11:52,200504,HEATHROW,LATVIA,RIGA,AIR BALTIC CORPORATION SIA,A,S, 25 , 0 , 72 , 8 , 4 , 16 , 0 , 0 , 26.08 , 0 , 26 , 96.1538461538462 , 3.76923076923077 
24-Aug-2005 11:52,200504,HEATHROW,LATVIA,RIGA,AIR BALTIC CORPORATION SIA,D,S, 25 , 0 , 84 , 0 , 4 , 12 , 0 , 0 , 19.12 , 0 , 26 , 96.1538461538462 , 4.61538461538462 
24-Aug-2005 11:52,200504,HEATHROW,LATVIA,RIGA,BRITISH AIRWAYS PLC,A,S, 30 , 0 , 86.6666666666667 , 3.33333333333333 , 6.66666666666667 , 3.33333333333333 , 0 , 0 , 8 , 0 , 21 , 90.4761904761905 , 3 
24-Aug-2005 11:52,200504,HEATHROW,LATVIA,RIGA,BRITISH AIRWAYS PLC,D,S, 30 , 0 , 70 , 23.3333333333333 , 6.66666666666667 , 0 , 0 , 0 , 10.0666666666667 , 0 , 22 , 86.3636363636364 , 6.59090909090909 
24-Aug-2005 11:52,200504,HEATHROW,LEBANON,BEIRUT,BRITISH MEDITERRANEAN AIRWAYS,A,S, 1 , 0 , 100 , 0 , 0 , 0 , 0 , 0 , 0 , 0 , 6 , 100 , 0 
24-Aug-2005 11:52,200504,HEATHROW,LEBANON,BEIRUT,BRITISH MEDITERRANEAN AIRWAYS,D,S, 1 , 0 , 100 , 0 , 0 , 0 , 0 , 0 , 0 , 0 , 6 , 50 , 17.1666666666667 
24-Aug-2005 11:52,200504,HEATHROW,LEBANON,BEIRUT,MEA,A,S, 21 , 0 , 80.9523809523809 , 14.2857142857143 , 4.76190476190476 , 0 , 0 , 0 , 8 , 0 , 21 , 85.7142857142857 , 3.61904761904762 
24-Aug-2005 11:52,200504,HEATHROW,LEBANON,BEIRUT,MEA,D,S, 21 , 0 , 57.1428571428571 , 33.3333333333333 , 9.52380952380952 , 0 , 0 , 0 , 14.952380952381 , 0 , 21 , 52.3809523809524 , 13.4285714285714 
24-Aug-2005 11:52,200504,HEATHROW,LIBYA,TRIPOLI,BRITISH AIRWAYS PLC,A,S, 30 , 0 , 73.3333333333333 , 13.3333333333333 , 10 , 3.33333333333333 , 0 , 0 , 11.7666666666667 , 0 , 19 , 52.6315789473684 , 19.8947368421053 
24-Aug-2005 11:52,200504,HEATHROW,LIBYA,TRIPOLI,BRITISH AIRWAYS PLC,D,S, 30 , 0 , 76.6666666666667 , 6.66666666666667 , 13.3333333333333 , 3.33333333333333 , 0 , 0 , 14.0333333333333 , 0 , 19 , 73.6842105263158 , 19 
24-Aug-2005 11:52,200504,HEATHROW,LIBYA,TRIPOLI,LIBYAN ARAB AIRLINES,A,S, 9 , 0 , 55.5555555555556 , 22.2222222222222 , 11.1111111111111 , 0 , 11.1111111111111 , 0 , 44.4444444444444 , 0 , 7 , 71.4285714285714 , 10.7142857142857 
24-Aug-2005 11:52,200504,HEATHROW,LIBYA,TRIPOLI,LIBYAN ARAB AIRLINES,D,S, 9 , 0 , 44.4444444444444 , 33.3333333333333 , 11.1111111111111 , 0 , 11.1111111111111 , 0 , 42.8888888888889 , 0 , 7 , 100 , 5 
24-Aug-2005 11:52,200504,HEATHROW,LUXEMBOURG,LUXEMBOURG,LUXAIR,A,S, 59 , 0 , 79.6610169491525 , 16.9491525423729 , 3.38983050847458 , 0 , 0 , 0 , 9.77966101694915 , 1 , 60 , 68.3333333333333 , 15.05 
24-Aug-2005 11:52,200504,HEATHROW,LUXEMBOURG,LUXEMBOURG,LUXAIR,D,S, 59 , 0 , 91.5254237288136 , 6.77966101694915 , 1.69491525423729 , 0 , 0 , 0 , 4.13559322033898 , 1 , 60 , 81.6666666666667 , 8.78333333333333 
24-Aug-2005 11:52,200504,HEATHROW,MALAYSIA,KUALA LUMPUR (SEPANG),MALAYSIAN AIRLINES SYSTEM-MAS,A,S, 77 , 0 , 67.5324675324675 , 11.6883116883117 , 18.1818181818182 , 2.5974025974026 , 0 , 0 , 15.1948051948052 , 0 , 76 , 80.2631578947369 , 11.75 
24-Aug-2005 11:52,200504,HEATHROW,MALAYSIA,KUALA LUMPUR (SEPANG),MALAYSIAN AIRLINES SYSTEM-MAS,D,S, 77 , 0 , 68.8311688311688 , 15.5844155844156 , 9.09090909090909 , 5.19480519480519 , 1.2987012987013 , 0 , 15.8961038961039 , 0 , 76 , 86.8421052631579 , 6.82894736842105 
24-Aug-2005 11:52,200504,HEATHROW,MALTA,MALTA,AIR MALTA,A,S, 60 , 0 , 78.3333333333333 , 8.33333333333333 , 10 , 1.66666666666667 , 1.66666666666667 , 0 , 12.8833333333333 , 0 , 60 , 71.6666666666667 , 10.85 
24-Aug-2005 11:52,200504,HEATHROW,MALTA,MALTA,AIR MALTA,D,S, 60 , 0 , 65 , 11.6666666666667 , 16.6666666666667 , 5 , 1.66666666666667 , 0 , 18.8166666666667 , 0 , 60 , 43.3333333333333 , 21.9666666666667 
24-Aug-2005 11:52,200504,HEATHROW,MALTA,MALTA,QANTAS,A,C, 1 , 0 , 100 , 0 , 0 , 0 , 0 , 0 , 0 , 0 , 0 , 0 , 0 
24-Aug-2005 11:52,200504,HEATHROW,MALTA,MALTA,QANTAS,D,C, 1 , 0 , 0 , 100 , 0 , 0 , 0 , 0 , 24 , 0 , 0 , 0 , 0 
24-Aug-2005 11:52,200504,HEATHROW,MAURITIUS,MAURITIUS,AIR MAURITIUS LTD,A,S, 22 , 0 , 22.7272727272727 , 22.7272727272727 , 31.8181818181818 , 13.6363636363636 , 9.09090909090909 , 0 , 51 , 0 , 21 , 4.76190476190476 , 85.5714285714286 
24-Aug-2005 11:52,200504,HEATHROW,MAURITIUS,MAURITIUS,AIR MAURITIUS LTD,D,S, 22 , 0 , 63.6363636363636 , 4.54545454545455 , 13.6363636363636 , 18.1818181818182 , 0 , 0 , 29.5 , 0 , 21 , 33.3333333333333 , 34.8095238095238 
24-Aug-2005 11:52,200504,HEATHROW,MAURITIUS,MAURITIUS,BRITISH AIRWAYS PLC,A,S, 13 , 0 , 84.6153846153846 , 15.3846153846154 , 0 , 0 , 0 , 0 , 6.30769230769231 , 0 , 13 , 84.6153846153846 , 7.07692307692308 
24-Aug-2005 11:52,200504,HEATHROW,MAURITIUS,MAURITIUS,BRITISH AIRWAYS PLC,D,S, 13 , 0 , 53.8461538461538 , 30.7692307692308 , 15.3846153846154 , 0 , 0 , 0 , 17.3076923076923 , 0 , 13 , 46.1538461538462 , 21.9230769230769 
24-Aug-2005 11:52,200504,HEATHROW,MEXICO,MEXICO CITY,BRITISH AIRWAYS PLC,A,S, 17 , 0 , 64.7058823529412 , 11.7647058823529 , 17.6470588235294 , 5.88235294117647 , 0 , 0 , 21.8823529411765 , 0 , 13 , 76.9230769230769 , 10.6153846153846 
24-Aug-2005 11:52,200504,HEATHROW,MEXICO,MEXICO CITY,BRITISH AIRWAYS PLC,D,S, 17 , 0 , 64.7058823529412 , 11.7647058823529 , 17.6470588235294 , 5.88235294117647 , 0 , 0 , 22.1764705882353 , 0 , 13 , 46.1538461538462 , 24.9230769230769 
24-Aug-2005 11:52,200504,HEATHROW,MOROCCO,CASABLANCA MOHAMED V,ROYAL AIR MAROC,A,S, 30 , 0 , 60 , 23.3333333333333 , 10 , 6.66666666666667 , 0 , 0 , 17.2 , 0 , 30 , 60 , 17.3666666666667 
24-Aug-2005 11:52,200504,HEATHROW,MOROCCO,CASABLANCA MOHAMED V,ROYAL AIR MAROC,D,S, 28 , 0 , 75 , 17.8571428571429 , 3.57142857142857 , 3.57142857142857 , 0 , 0 , 9.21428571428571 , 0 , 30 , 83.3333333333333 , 12 
24-Aug-2005 11:52,200504,HEATHROW,MOROCCO,MARRAKESH,GB AIRWAYS LTD,A,S, 30 , 0 , 83.3333333333333 , 13.3333333333333 , 3.33333333333333 , 0 , 0 , 0 , 6.06666666666667 , 0 , 30 , 76.6666666666667 , 23.8666666666667 
24-Aug-2005 11:52,200504,HEATHROW,MOROCCO,MARRAKESH,GB AIRWAYS LTD,D,S, 30 , 0 , 76.6666666666667 , 13.3333333333333 , 6.66666666666667 , 3.33333333333333 , 0 , 0 , 13.4 , 0 , 30 , 76.6666666666667 , 11.7 
24-Aug-2005 11:52,200504,HEATHROW,MOROCCO,MARRAKESH,METROPIX UK LLP,A,C, 0 , 1 , 0 , 0 , 0 , 0 , 0 , 0 , 0 , 0 , 0 , 0 , 0 
24-Aug-2005 11:52,200504,HEATHROW,MOROCCO,MARRAKESH,METROPIX UK LLP,D,C, 0 , 1 , 0 , 0 , 0 , 0 , 0 , 0 , 0 , 0 , 0 , 0 , 0 
24-Aug-2005 11:52,200504,HEATHROW,MOROCCO,MARRAKESH,ROYAL AIR MAROC,D,S, 2 , 0 , 100 , 0 , 0 , 0 , 0 , 0 , 2.5 , 0 , 0 , 0 , 0 
24-Aug-2005 11:52,200504,HEATHROW,MOROCCO,TANGIERS (IBN BATUTA),ROYAL AIR MAROC,A,S, 9 , 0 , 33.3333333333333 , 22.2222222222222 , 44.4444444444444 , 0 , 0 , 0 , 20.6666666666667 , 0 , 0 , 0 , 0 
24-Aug-2005 11:52,200504,HEATHROW,MOROCCO,TANGIERS (IBN BATUTA),ROYAL AIR MAROC,D,S, 9 , 0 , 66.6666666666667 , 33.3333333333333 , 0 , 0 , 0 , 0 , 11.3333333333333 , 0 , 0 , 0 , 0 
24-Aug-2005 11:52,200504,HEATHROW,NATIONALIST CHINA (TAIWAN),TAIPEI,EVA AIR,A,S, 21 , 0 , 23.8095238095238 , 23.8095238095238 , 28.5714285714286 , 23.8095238095238 , 0 , 0 , 34.8095238095238 , 0 , 21 , 4.76190476190476 , 49.2857142857143 
24-Aug-2005 11:52,200504,HEATHROW,NATIONALIST CHINA (TAIWAN),TAIPEI,EVA AIR,D,S, 20 , 1 , 30 , 20 , 45 , 5 , 0 , 0 , 28.55 , 1 , 21 , 28.5714285714286 , 33.5238095238095 
24-Aug-2005 11:52,200504,HEATHROW,NETHERLANDS,AMSTERDAM,BMI BRITISH MIDLAND,A,S, 222 , 0 , 78.3783783783784 , 11.7117117117117 , 8.10810810810811 , 1.35135135135135 , 0.45045045045045 , 0 , 9.89189189189189 , 0 , 220 , 75.9090909090909 , 12.9181818181818 
24-Aug-2005 11:52,200504,HEATHROW,NETHERLANDS,AMSTERDAM,BMI BRITISH MIDLAND,D,S, 222 , 0 , 82.4324324324324 , 10.8108108108108 , 4.95495495495496 , 1.8018018018018 , 0 , 0 , 7.84234234234234 , 0 , 220 , 74.0909090909091 , 11.9 
24-Aug-2005 11:52,200504,HEATHROW,NETHERLANDS,AMSTERDAM,BRITISH AIRWAYS PLC,A,S, 230 , 0 , 84.3478260869565 , 6.95652173913043 , 6.52173913043478 , 2.17391304347826 , 0 , 0 , 7.22173913043478 , 0 , 232 , 82.7586206896552 , 7.85344827586207 
24-Aug-2005 11:52,200504,HEATHROW,NETHERLANDS,AMSTERDAM,BRITISH AIRWAYS PLC,D,S, 230 , 0 , 78.695652173913 , 11.304347826087 , 8.26086956521739 , 1.73913043478261 , 0 , 0 , 9.73913043478261 , 0 , 232 , 85.7758620689655 , 8.29741379310345 
24-Aug-2005 11:52,200504,HEATHROW,NETHERLANDS,AMSTERDAM,EFS EUROPEAN FLIGHT SERVICE AB,D,C, 0 , 1 , 0 , 0 , 0 , 0 , 0 , 0 , 0 , 0 , 0 , 0 , 0 
24-Aug-2005 11:52,200504,HEATHROW,NETHERLANDS,AMSTERDAM,KLM,A,S, 257 , 0 , 81.3229571984436 , 10.1167315175097 , 6.22568093385214 , 1.55642023346304 , 0.778210116731518 , 0 , 9.78988326848249 , 2 , 268 , 83.955223880597 , 7.4365671641791 
24-Aug-2005 11:52,200504,HEATHROW,NETHERLANDS,AMSTERDAM,KLM,D,S, 257 , 0 , 76.2645914396887 , 13.6186770428016 , 6.22568093385214 , 2.72373540856031 , 0.778210116731518 , 0.389105058365759 , 12.9688715953307 , 2 , 264 , 76.5151515151515 , 11.0871212121212 
24-Aug-2005 11:52,200504,HEATHROW,NETHERLANDS,EINDHOVEN,AIR EXEL ( NETHERLANDS ),A,S, 0 , 0 , 0 , 0 , 0 , 0 , 0 , 0 , 0 , 0 , 41 , 78.0487804878049 , 13.0975609756098 
24-Aug-2005 11:52,200504,HEATHROW,NETHERLANDS,EINDHOVEN,AIR EXEL ( NETHERLANDS ),D,S, 0 , 0 , 0 , 0 , 0 , 0 , 0 , 0 , 0 , 0 , 41 , 70.7317073170732 , 14.9512195121951 
24-Aug-2005 11:52,200504,HEATHROW,NETHERLANDS,EINDHOVEN,KLM CITYHOPPER,A,S, 42 , 0 , 54.7619047619048 , 30.952380952381 , 14.2857142857143 , 0 , 0 , 0 , 15.3333333333333 , 0 , 0 , 0 , 0 
24-Aug-2005 11:52,200504,HEATHROW,NETHERLANDS,EINDHOVEN,KLM CITYHOPPER,D,S, 42 , 0 , 78.5714285714286 , 11.9047619047619 , 4.76190476190476 , 4.76190476190476 , 0 , 0 , 11.3809523809524 , 0 , 0 , 0 , 0 
24-Aug-2005 11:52,200504,HEATHROW,NETHERLANDS,ROTTERDAM,KLM,A,S, 0 , 0 , 0 , 0 , 0 , 0 , 0 , 0 , 0 , 1 , 90 , 84.4444444444444 , 6.7 
24-Aug-2005 11:52,200504,HEATHROW,NETHERLANDS,ROTTERDAM,KLM,D,S, 0 , 0 , 0 , 0 , 0 , 0 , 0 , 0 , 0 , 1 , 94 , 87.2340425531915 , 6.31914893617021 
24-Aug-2005 11:52,200504,HEATHROW,NETHERLANDS,ROTTERDAM,KLM CITYHOPPER,A,S, 94 , 0 , 81.9148936170213 , 12.7659574468085 , 2.12765957446809 , 3.19148936170213 , 0 , 0 , 7.25531914893617 , 0 , 4 , 100 , 0 
24-Aug-2005 11:52,200504,HEATHROW,NETHERLANDS,ROTTERDAM,KLM CITYHOPPER,D,S, 94 , 0 , 82.9787234042553 , 8.51063829787234 , 5.31914893617021 , 3.19148936170213 , 0 , 0 , 7.64893617021277 , 0 , 4 , 100 , 5.75 
24-Aug-2005 11:52,200504,HEATHROW,NEW ZEALAND,AUCKLAND INTERNATIONAL,AIR NEW ZEALAND LTD,A,S, 30 , 0 , 43.3333333333333 , 26.6666666666667 , 16.6666666666667 , 13.3333333333333 , 0 , 0 , 24.6333333333333 , 0 , 30 , 80 , 10.7666666666667 
24-Aug-2005 11:52,200504,HEATHROW,NEW ZEALAND,AUCKLAND INTERNATIONAL,AIR NEW ZEALAND LTD,D,S, 30 , 0 , 90 , 10 , 0 , 0 , 0 , 0 , 4.53333333333333 , 0 , 30 , 83.3333333333333 , 6.76666666666667 
24-Aug-2005 11:52,200504,HEATHROW,NIGERIA,ABUJA,BRITISH AIRWAYS PLC,A,S, 22 , 0 , 40.9090909090909 , 31.8181818181818 , 22.7272727272727 , 4.54545454545455 , 0 , 0 , 20.5 , 0 , 21 , 47.6190476190476 , 22.8095238095238 
24-Aug-2005 11:52,200504,HEATHROW,NIGERIA,ABUJA,BRITISH AIRWAYS PLC,D,S, 21 , 0 , 85.7142857142857 , 14.2857142857143 , 0 , 0 , 0 , 0 , 5.33333333333333 , 0 , 22 , 77.2727272727273 , 10.5 
24-Aug-2005 11:52,200504,HEATHROW,NIGERIA,LAGOS,BRITISH AIRWAYS PLC,A,S, 30 , 0 , 80 , 6.66666666666667 , 3.33333333333333 , 10 , 0 , 0 , 15.4333333333333 , 0 , 30 , 93.3333333333333 , 1.66666666666667 
24-Aug-2005 11:52,200504,HEATHROW,NIGERIA,LAGOS,BRITISH AIRWAYS PLC,D,S, 30 , 0 , 23.3333333333333 , 50 , 26.6666666666667 , 0 , 0 , 0 , 21.3666666666667 , 0 , 30 , 40 , 23.1666666666667 
24-Aug-2005 11:52,200504,HEATHROW,NIGERIA,LAGOS,CHALLENGE AIR LUFTVERKEHRS,A,C, 0 , 1 , 0 , 0 , 0 , 0 , 0 , 0 , 0 , 0 , 0 , 0 , 0 
24-Aug-2005 11:52,200504,HEATHROW,NIGERIA,LAGOS,CHALLENGE AIR LUFTVERKEHRS,D,C, 0 , 1 , 0 , 0 , 0 , 0 , 0 , 0 , 0 , 0 , 0 , 0 , 0 
24-Aug-2005 11:52,200504,HEATHROW,NIGERIA,LAGOS,VIRGIN ATLANTIC AIRWAYS LTD,A,S, 30 , 0 , 80 , 3.33333333333333 , 10 , 6.66666666666667 , 0 , 0 , 12.6 , 0 , 30 , 26.6666666666667 , 29.7 
24-Aug-2005 11:52,200504,HEATHROW,NIGERIA,LAGOS,VIRGIN ATLANTIC AIRWAYS LTD,D,S, 30 , 0 , 20 , 33.3333333333333 , 33.3333333333333 , 13.3333333333333 , 0 , 0 , 31.8666666666667 , 0 , 30 , 53.3333333333333 , 20.5666666666667 
24-Aug-2005 11:52,200504,HEATHROW,NORWAY,OSLO (GARDERMOEN),BRITISH AIRWAYS PLC,A,S, 119 , 0 , 78.9915966386555 , 10.0840336134454 , 5.88235294117647 , 4.20168067226891 , 0 , 0.840336134453782 , 15.5714285714286 , 0 , 120 , 78.3333333333333 , 8.575 
24-Aug-2005 11:52,200504,HEATHROW,NORWAY,OSLO (GARDERMOEN),BRITISH AIRWAYS PLC,D,S, 120 , 0 , 70 , 14.1666666666667 , 9.16666666666667 , 6.66666666666667 , 0 , 0 , 15.5166666666667 , 0 , 120 , 85 , 7.65833333333333 
24-Aug-2005 11:52,200504,HEATHROW,NORWAY,OSLO (GARDERMOEN),SAS,A,S, 145 , 0 , 82.0689655172414 , 12.4137931034483 , 5.51724137931035 , 0 , 0 , 0 , 7.42758620689655 , 0 , 139 , 84.8920863309352 , 6.05755395683453 
24-Aug-2005 11:52,200504,HEATHROW,NORWAY,OSLO (GARDERMOEN),SAS,D,S, 145 , 0 , 75.8620689655173 , 16.551724137931 , 6.20689655172414 , 1.37931034482759 , 0 , 0 , 9.26896551724138 , 0 , 139 , 87.7697841726619 , 5.79856115107914 
24-Aug-2005 11:52,200504,HEATHROW,NORWAY,STAVANGER,SAS,A,S, 50 , 0 , 80 , 12 , 8 , 0 , 0 , 0 , 7.16 , 0 , 46 , 84.7826086956522 , 8.65217391304348 
24-Aug-2005 11:52,200504,HEATHROW,NORWAY,STAVANGER,SAS,D,S, 50 , 0 , 82 , 12 , 4 , 2 , 0 , 0 , 7.62 , 0 , 46 , 91.304347826087 , 7.67391304347826 
24-Aug-2005 11:52,200504,HEATHROW,OMAN,MUSCAT,BRITISH AIRWAYS PLC,A,S, 30 , 0 , 86.6666666666667 , 3.33333333333333 , 6.66666666666667 , 0 , 0 , 3.33333333333333 , 51.3333333333333 , 0 , 30 , 93.3333333333333 , 6.6 
24-Aug-2005 11:52,200504,HEATHROW,OMAN,MUSCAT,BRITISH AIRWAYS PLC,D,S, 30 , 0 , 93.3333333333333 , 3.33333333333333 , 3.33333333333333 , 0 , 0 , 0 , 8.8 , 0 , 30 , 80 , 8.4 
24-Aug-2005 11:52,200504,HEATHROW,OMAN,MUSCAT,GULF AIR,A,S, 56 , 0 , 50 , 21.4285714285714 , 16.0714285714286 , 7.14285714285714 , 3.57142857142857 , 1.78571428571429 , 40.8035714285714 , 0 , 50 , 44 , 33.8 
24-Aug-2005 11:52,200504,HEATHROW,OMAN,MUSCAT,GULF AIR,D,S, 56 , 0 , 78.5714285714286 , 14.2857142857143 , 1.78571428571429 , 3.57142857142857 , 0 , 1.78571428571429 , 18.5892857142857 , 0 , 51 , 76.4705882352941 , 10.2156862745098 
24-Aug-2005 11:52,200504,HEATHROW,PAKISTAN,ISLAMABAD,BRITISH AIRWAYS PLC,A,S, 13 , 0 , 69.2307692307692 , 23.0769230769231 , 0 , 7.69230769230769 , 0 , 0 , 12.0769230769231 , 0 , 13 , 46.1538461538462 , 28.0769230769231 
24-Aug-2005 11:52,200504,HEATHROW,PAKISTAN,ISLAMABAD,BRITISH AIRWAYS PLC,D,S, 13 , 0 , 76.9230769230769 , 15.3846153846154 , 7.69230769230769 , 0 , 0 , 0 , 9.92307692307692 , 0 , 13 , 76.9230769230769 , 9.23076923076923 
24-Aug-2005 11:52,200504,HEATHROW,PAKISTAN,ISLAMABAD,PAKISTAN INTL AIRLINES,A,S, 13 , 0 , 15.3846153846154 , 38.4615384615385 , 30.7692307692308 , 15.3846153846154 , 0 , 0 , 37.5384615384615 , 0 , 14 , 14.2857142857143 , 29.7857142857143 
24-Aug-2005 11:52,200504,HEATHROW,PAKISTAN,ISLAMABAD,PAKISTAN INTL AIRLINES,D,S, 13 , 0 , 61.5384615384615 , 23.0769230769231 , 7.69230769230769 , 7.69230769230769 , 0 , 0 , 18.2307692307692 , 0 , 12 , 58.3333333333333 , 14.8333333333333 
24-Aug-2005 11:52,200504,HEATHROW,PAKISTAN,KARACHI,PAKISTAN INTL AIRLINES,A,S, 13 , 0 , 30.7692307692308 , 30.7692307692308 , 7.69230769230769 , 23.0769230769231 , 7.69230769230769 , 0 , 48.6153846153846 , 0 , 13 , 53.8461538461538 , 14.3846153846154 
24-Aug-2005 11:52,200504,HEATHROW,PAKISTAN,KARACHI,PAKISTAN INTL AIRLINES,D,S, 13 , 0 , 53.8461538461538 , 23.0769230769231 , 15.3846153846154 , 7.69230769230769 , 0 , 0 , 20.6923076923077 , 0 , 13 , 61.5384615384615 , 20.5384615384615 
24-Aug-2005 11:52,200504,HEATHROW,PAKISTAN,LAHORE,PAKISTAN INTL AIRLINES,A,S, 13 , 0 , 38.4615384615385 , 30.7692307692308 , 7.69230769230769 , 15.3846153846154 , 0 , 7.69230769230769 , 51.8461538461538 , 0 , 14 , 28.5714285714286 , 21.5714285714286 
24-Aug-2005 11:52,200504,HEATHROW,PAKISTAN,LAHORE,PAKISTAN INTL AIRLINES,D,S, 13 , 0 , 69.2307692307692 , 7.69230769230769 , 7.69230769230769 , 7.69230769230769 , 7.69230769230769 , 0 , 44.7692307692308 , 0 , 13 , 53.8461538461538 , 19.6923076923077 
24-Aug-2005 11:52,200504,HEATHROW,POLAND,WARSAW,BRITISH AIRWAYS PLC,A,S, 90 , 0 , 78.8888888888889 , 10 , 11.1111111111111 , 0 , 0 , 0 , 9.22222222222222 , 0 , 90 , 72.2222222222222 , 12.8333333333333 
24-Aug-2005 11:52,200504,HEATHROW,POLAND,WARSAW,BRITISH AIRWAYS PLC,D,S, 90 , 0 , 71.1111111111111 , 13.3333333333333 , 12.2222222222222 , 3.33333333333333 , 0 , 0 , 13.5555555555556 , 0 , 90 , 75.5555555555556 , 11.2444444444444 
24-Aug-2005 11:52,200504,HEATHROW,POLAND,WARSAW,LOT-POLISH AIRLINES,A,S, 90 , 0 , 72.2222222222222 , 16.6666666666667 , 6.66666666666667 , 4.44444444444444 , 0 , 0 , 12.9333333333333 , 0 , 89 , 76.4044943820225 , 12.0561797752809 
24-Aug-2005 11:52,200504,HEATHROW,POLAND,WARSAW,LOT-POLISH AIRLINES,D,S, 90 , 0 , 88.8888888888889 , 6.66666666666667 , 3.33333333333333 , 1.11111111111111 , 0 , 0 , 5.91111111111111 , 0 , 89 , 85.3932584269663 , 7.20224719101124 
24-Aug-2005 11:52,200504,HEATHROW,PORTUGAL(EXCLUDING MADEIRA),FARO,AIR PORTUGAL,A,S, 30 , 0 , 63.3333333333333 , 26.6666666666667 , 10 , 0 , 0 , 0 , 14.3666666666667 , 0 , 30 , 50 , 22.3666666666667 
24-Aug-2005 11:52,200504,HEATHROW,PORTUGAL(EXCLUDING MADEIRA),FARO,AIR PORTUGAL,D,S, 30 , 0 , 100 , 0 , 0 , 0 , 0 , 0 , 1.16666666666667 , 0 , 30 , 100 , 1.83333333333333 
24-Aug-2005 11:52,200504,HEATHROW,PORTUGAL(EXCLUDING MADEIRA),LISBON,AIR PORTUGAL,A,S, 90 , 0 , 61.1111111111111 , 18.8888888888889 , 17.7777777777778 , 2.22222222222222 , 0 , 0 , 15.9111111111111 , 0 , 89 , 23.5955056179775 , 44.5056179775281 
24-Aug-2005 11:52,200504,HEATHROW,PORTUGAL(EXCLUDING MADEIRA),LISBON,AIR PORTUGAL,D,S, 90 , 0 , 66.6666666666667 , 12.2222222222222 , 16.6666666666667 , 4.44444444444444 , 0 , 0 , 14.4333333333333 , 0 , 88 , 42.0454545454545 , 37.0795454545455 
24-Aug-2005 11:52,200504,HEATHROW,PORTUGAL(EXCLUDING MADEIRA),LISBON,BRITISH AIRWAYS PLC,A,S, 120 , 0 , 75.8333333333333 , 17.5 , 5.83333333333333 , 0.833333333333333 , 0 , 0 , 9.05833333333333 , 0 , 118 , 72.0338983050847 , 12.2118644067797 
24-Aug-2005 11:52,200504,HEATHROW,PORTUGAL(EXCLUDING MADEIRA),LISBON,BRITISH AIRWAYS PLC,D,S, 120 , 0 , 67.5 , 17.5 , 10 , 5 , 0 , 0 , 15.95 , 0 , 119 , 73.9495798319328 , 10.2100840336134 
24-Aug-2005 11:52,200504,HEATHROW,PORTUGAL(EXCLUDING MADEIRA),OPORTO (PORTUGAL),AIR PORTUGAL,A,S, 60 , 0 , 63.3333333333333 , 20 , 15 , 1.66666666666667 , 0 , 0 , 15.5666666666667 , 0 , 60 , 40 , 24.0666666666667 
24-Aug-2005 11:52,200504,HEATHROW,PORTUGAL(EXCLUDING MADEIRA),OPORTO (PORTUGAL),AIR PORTUGAL,D,S, 60 , 0 , 76.6666666666667 , 13.3333333333333 , 10 , 0 , 0 , 0 , 8.51666666666667 , 0 , 60 , 60 , 17.65 
24-Aug-2005 11:52,200504,HEATHROW,PORTUGAL(MADEIRA),FUNCHAL,AIR PORTUGAL,A,S, 8 , 0 , 62.5 , 12.5 , 12.5 , 12.5 , 0 , 0 , 20.5 , 0 , 9 , 33.3333333333333 , 22.5555555555556 
24-Aug-2005 11:52,200504,HEATHROW,PORTUGAL(MADEIRA),FUNCHAL,AIR PORTUGAL,D,S, 8 , 0 , 62.5 , 12.5 , 25 , 0 , 0 , 0 , 18.25 , 0 , 9 , 33.3333333333333 , 30.3333333333333 
24-Aug-2005 11:52,200504,HEATHROW,QATAR,DOHA,BRITISH AIRWAYS PLC,A,S, 30 , 0 , 100 , 0 , 0 , 0 , 0 , 0 , 0.633333333333333 , 0 , 30 , 100 , 3.33333333333333E-02 
24-Aug-2005 11:52,200504,HEATHROW,QATAR,DOHA,BRITISH AIRWAYS PLC,D,S, 30 , 0 , 70 , 20 , 6.66666666666667 , 3.33333333333333 , 0 , 0 , 16.6333333333333 , 0 , 30 , 66.6666666666667 , 20.2 
24-Aug-2005 11:52,200504,HEATHROW,QATAR,DOHA,QATAR AIRWAYS,A,S, 60 , 0 , 83.3333333333333 , 3.33333333333333 , 6.66666666666667 , 6.66666666666667 , 0 , 0 , 13.3166666666667 , 0 , 60 , 75 , 13.9666666666667 
24-Aug-2005 11:52,200504,HEATHROW,QATAR,DOHA,QATAR AIRWAYS,D,S, 58 , 1 , 81.0344827586207 , 10.3448275862069 , 5.17241379310345 , 3.44827586206897 , 0 , 0 , 10.7068965517241 , 2 , 60 , 90 , 9.43333333333333 
24-Aug-2005 11:52,200504,HEATHROW,REPUBLIC OF KOREA,SEOUL (INCHEON),ASIANA AIRLINES,A,S, 13 , 0 , 0 , 7.69230769230769 , 61.5384615384615 , 30.7692307692308 , 0 , 0 , 55.9230769230769 , 0 , 13 , 53.8461538461538 , 27.9230769230769 
24-Aug-2005 11:52,200504,HEATHROW,REPUBLIC OF KOREA,SEOUL (INCHEON),ASIANA AIRLINES,D,S, 13 , 0 , 84.6153846153846 , 7.69230769230769 , 7.69230769230769 , 0 , 0 , 0 , 8.30769230769231 , 0 , 13 , 76.9230769230769 , 6.84615384615385 
24-Aug-2005 11:52,200504,HEATHROW,REPUBLIC OF KOREA,SEOUL (INCHEON),KOREAN AIR,A,S, 30 , 0 , 26.6666666666667 , 26.6666666666667 , 30 , 16.6666666666667 , 0 , 0 , 34.5333333333333 , 0 , 21 , 61.9047619047619 , 14.2380952380952 
24-Aug-2005 11:52,200504,HEATHROW,REPUBLIC OF KOREA,SEOUL (INCHEON),KOREAN AIR,D,S, 30 , 0 , 83.3333333333333 , 13.3333333333333 , 3.33333333333333 , 0 , 0 , 0 , 7.2 , 0 , 21 , 76.1904761904762 , 9.52380952380952 
24-Aug-2005 11:52,200504,HEATHROW,REPUBLIC OF SOUTH AFRICA,CAPE TOWN,BRITISH AIRWAYS PLC,A,S, 30 , 0 , 83.3333333333333 , 10 , 3.33333333333333 , 0 , 0 , 3.33333333333333 , 21.6 , 0 , 30 , 93.3333333333333 , 2.26666666666667 
24-Aug-2005 11:52,200504,HEATHROW,REPUBLIC OF SOUTH AFRICA,CAPE TOWN,BRITISH AIRWAYS PLC,D,S, 30 , 0 , 60 , 33.3333333333333 , 3.33333333333333 , 3.33333333333333 , 0 , 0 , 14.1333333333333 , 0 , 30 , 66.6666666666667 , 17.1333333333333 
24-Aug-2005 11:52,200504,HEATHROW,REPUBLIC OF SOUTH AFRICA,CAPE TOWN,SOUTH AFRICAN AIRWAYS,A,S, 33 , 0 , 90.9090909090909 , 6.06060606060606 , 3.03030303030303 , 0 , 0 , 0 , 3.75757575757576 , 1 , 30 , 93.3333333333333 , 2.83333333333333 
24-Aug-2005 11:52,200504,HEATHROW,REPUBLIC OF SOUTH AFRICA,CAPE TOWN,SOUTH AFRICAN AIRWAYS,D,S, 33 , 0 , 90.9090909090909 , 6.06060606060606 , 0 , 3.03030303030303 , 0 , 0 , 6 , 1 , 30 , 73.3333333333333 , 8.13333333333333 
24-Aug-2005 11:52,200504,HEATHROW,REPUBLIC OF SOUTH AFRICA,CAPE TOWN,VIRGIN ATLANTIC AIRWAYS LTD,A,S, 0 , 0 , 0 , 0 , 0 , 0 , 0 , 0 , 0 , 0 , 10 , 80 , 12.6 
24-Aug-2005 11:52,200504,HEATHROW,REPUBLIC OF SOUTH AFRICA,CAPE TOWN,VIRGIN ATLANTIC AIRWAYS LTD,D,S, 0 , 0 , 0 , 0 , 0 , 0 , 0 , 0 , 0 , 0 , 10 , 70 , 17.5 
24-Aug-2005 11:52,200504,HEATHROW,REPUBLIC OF SOUTH AFRICA,JOHANNESBURG,BRITISH AIRWAYS PLC,A,S, 60 , 0 , 80 , 8.33333333333333 , 8.33333333333333 , 3.33333333333333 , 0 , 0 , 10.95 , 0 , 60 , 88.3333333333333 , 5.58333333333333 
24-Aug-2005 11:52,200504,HEATHROW,REPUBLIC OF SOUTH AFRICA,JOHANNESBURG,BRITISH AIRWAYS PLC,D,S, 60 , 0 , 78.3333333333333 , 6.66666666666667 , 10 , 5 , 0 , 0 , 14.2 , 0 , 60 , 61.6666666666667 , 16.8833333333333 
24-Aug-2005 11:52,200504,HEATHROW,REPUBLIC OF SOUTH AFRICA,JOHANNESBURG,SOUTH AFRICAN AIRWAYS,A,S, 60 , 0 , 50 , 23.3333333333333 , 15 , 6.66666666666667 , 0 , 5 , 59.2166666666667 , 0 , 59 , 62.7118644067797 , 35.3559322033898 
24-Aug-2005 11:52,200504,HEATHROW,REPUBLIC OF SOUTH AFRICA,JOHANNESBURG,SOUTH AFRICAN AIRWAYS,D,S, 60 , 0 , 86.6666666666667 , 8.33333333333333 , 3.33333333333333 , 1.66666666666667 , 0 , 0 , 6.95 , 0 , 59 , 81.3559322033898 , 9.28813559322034 
24-Aug-2005 11:52,200504,HEATHROW,REPUBLIC OF SOUTH AFRICA,JOHANNESBURG,VIRGIN ATLANTIC AIRWAYS LTD,A,S, 29 , 0 , 37.9310344827586 , 13.7931034482759 , 41.3793103448276 , 6.89655172413793 , 0 , 0 , 31.4827586206897 , 1 , 29 , 27.5862068965517 , 61.551724137931 
24-Aug-2005 11:52,200504,HEATHROW,REPUBLIC OF SOUTH AFRICA,JOHANNESBURG,VIRGIN ATLANTIC AIRWAYS LTD,D,S, 29 , 0 , 86.2068965517241 , 6.89655172413793 , 6.89655172413793 , 0 , 0 , 0 , 7.68965517241379 , 1 , 30 , 76.6666666666667 , 12 
24-Aug-2005 11:52,200504,HEATHROW,REPUBLIC OF YEMEN,SANAA,YEMENIA,A,S, 9 , 0 , 33.3333333333333 , 33.3333333333333 , 22.2222222222222 , 11.1111111111111 , 0 , 0 , 23.1111111111111 , 0 , 8 , 12.5 , 57 
24-Aug-2005 11:52,200504,HEATHROW,REPUBLIC OF YEMEN,SANAA,YEMENIA,D,S, 9 , 0 , 77.7777777777778 , 0 , 22.2222222222222 , 0 , 0 , 0 , 10.5555555555556 , 0 , 8 , 50 , 24.25 
24-Aug-2005 11:52,200504,HEATHROW,RUMANIA,BUCHAREST (OTOPENI),BRITISH AIRWAYS PLC,A,S, 30 , 0 , 60 , 23.3333333333333 , 13.3333333333333 , 3.33333333333333 , 0 , 0 , 15.8 , 0 , 30 , 83.3333333333333 , 8.1 
24-Aug-2005 11:52,200504,HEATHROW,RUMANIA,BUCHAREST (OTOPENI),BRITISH AIRWAYS PLC,D,S, 30 , 0 , 50 , 23.3333333333333 , 23.3333333333333 , 3.33333333333333 , 0 , 0 , 21.7666666666667 , 0 , 30 , 76.6666666666667 , 16.1333333333333 
24-Aug-2005 11:52,200504,HEATHROW,RUMANIA,BUCHAREST (OTOPENI),TAROM,A,S, 30 , 0 , 80 , 6.66666666666667 , 10 , 3.33333333333333 , 0 , 0 , 10.3333333333333 , 0 , 29 , 100 , 1.51724137931034 
24-Aug-2005 11:52,200504,HEATHROW,RUMANIA,BUCHAREST (OTOPENI),TAROM,D,S, 30 , 0 , 70 , 23.3333333333333 , 3.33333333333333 , 3.33333333333333 , 0 , 0 , 10 , 0 , 29 , 96.551724137931 , 4.44827586206897 
24-Aug-2005 11:52,200504,HEATHROW,RUSSIA,MOSCOW (DOMODEDOVO),BRITISH AIRWAYS PLC,A,S, 68 , 0 , 67.6470588235294 , 20.5882352941176 , 11.7647058823529 , 0 , 0 , 0 , 11.8088235294118 , 0 , 64 , 84.375 , 5.515625 
24-Aug-2005 11:52,200504,HEATHROW,RUSSIA,MOSCOW (DOMODEDOVO),BRITISH AIRWAYS PLC,D,S, 68 , 0 , 57.3529411764706 , 29.4117647058824 , 8.82352941176471 , 4.41176470588235 , 0 , 0 , 16.0588235294118 , 0 , 64 , 67.1875 , 12.625 
24-Aug-2005 11:52,200504,HEATHROW,RUSSIA,MOSCOW (SHEREMETYEVO),AEROFLOT,A,S, 74 , 0 , 55.4054054054054 , 25.6756756756757 , 13.5135135135135 , 5.40540540540541 , 0 , 0 , 20.0945945945946 , 0 , 73 , 86.3013698630137 , 7.53424657534247 
24-Aug-2005 11:52,200504,HEATHROW,RUSSIA,MOSCOW (SHEREMETYEVO),AEROFLOT,D,S, 74 , 0 , 48.6486486486486 , 28.3783783783784 , 12.1621621621622 , 6.75675675675676 , 2.7027027027027 , 1.35135135135135 , 33.2027027027027 , 0 , 73 , 76.7123287671233 , 9.3972602739726 
24-Aug-2005 11:52,200504,HEATHROW,RUSSIA,ST PETERSBURG,AEROFLOT,A,S, 0 , 0 , 0 , 0 , 0 , 0 , 0 , 0 , 0 , 0 , 4 , 75 , 5.75 
24-Aug-2005 11:52,200504,HEATHROW,RUSSIA,ST PETERSBURG,AEROFLOT,D,S, 0 , 0 , 0 , 0 , 0 , 0 , 0 , 0 , 0 , 0 , 4 , 75 , 14.25 
24-Aug-2005 11:52,200504,HEATHROW,RUSSIA,ST PETERSBURG,BRITISH AIRWAYS PLC,A,S, 30 , 0 , 73.3333333333333 , 13.3333333333333 , 10 , 3.33333333333333 , 0 , 0 , 11.4666666666667 , 0 , 30 , 90 , 4.5 
24-Aug-2005 11:52,200504,HEATHROW,RUSSIA,ST PETERSBURG,BRITISH AIRWAYS PLC,D,S, 30 , 0 , 46.6666666666667 , 26.6666666666667 , 20 , 6.66666666666667 , 0 , 0 , 20.9 , 0 , 30 , 83.3333333333333 , 7.06666666666667 
24-Aug-2005 11:52,200504,HEATHROW,RUSSIA,ST PETERSBURG,PULKOVO AVIATION ENTERPRISE,A,S, 5 , 0 , 80 , 20 , 0 , 0 , 0 , 0 , 8.8 , 0 , 0 , 0 , 0 
24-Aug-2005 11:52,200504,HEATHROW,RUSSIA,ST PETERSBURG,PULKOVO AVIATION ENTERPRISE,D,S, 5 , 0 , 80 , 0 , 0 , 20 , 0 , 0 , 19.8 , 0 , 0 , 0 , 0 
24-Aug-2005 11:52,200504,HEATHROW,SAUDI ARABIA,JEDDAH,BRITISH AIRWAYS PLC,A,S, 0 , 0 , 0 , 0 , 0 , 0 , 0 , 0 , 0 , 0 , 17 , 88.2352941176471 , 4 
24-Aug-2005 11:52,200504,HEATHROW,SAUDI ARABIA,JEDDAH,BRITISH AIRWAYS PLC,D,S, 0 , 0 , 0 , 0 , 0 , 0 , 0 , 0 , 0 , 0 , 17 , 82.3529411764706 , 9.82352941176471 
24-Aug-2005 11:52,200504,HEATHROW,SAUDI ARABIA,JEDDAH,SAUDI ARABIAN AIRLINES,A,S, 30 , 0 , 76.6666666666667 , 20 , 3.33333333333333 , 0 , 0 , 0 , 7.73333333333333 , 0 , 29 , 58.6206896551724 , 15.8275862068966 
24-Aug-2005 11:52,200504,HEATHROW,SAUDI ARABIA,JEDDAH,SAUDI ARABIAN AIRLINES,D,S, 30 , 0 , 86.6666666666667 , 13.3333333333333 , 0 , 0 , 0 , 0 , 6.53333333333333 , 0 , 29 , 89.6551724137931 , 4.27586206896552 
24-Aug-2005 11:52,200504,HEATHROW,SAUDI ARABIA,RIYADH,BRITISH AIRWAYS PLC,A,S, 0 , 0 , 0 , 0 , 0 , 0 , 0 , 0 , 0 , 0 , 13 , 92.3076923076923 , 4.38461538461539 
24-Aug-2005 11:52,200504,HEATHROW,SAUDI ARABIA,RIYADH,BRITISH AIRWAYS PLC,D,S, 0 , 0 , 0 , 0 , 0 , 0 , 0 , 0 , 0 , 0 , 12 , 66.6666666666667 , 13.0833333333333 
24-Aug-2005 11:52,200504,HEATHROW,SAUDI ARABIA,RIYADH,SAUDI ARABIAN AIRLINES,A,S, 13 , 0 , 76.9230769230769 , 15.3846153846154 , 7.69230769230769 , 0 , 0 , 0 , 8 , 0 , 14 , 64.2857142857143 , 19.3571428571429 
24-Aug-2005 11:52,200504,HEATHROW,SAUDI ARABIA,RIYADH,SAUDI ARABIAN AIRLINES,D,S, 13 , 0 , 76.9230769230769 , 7.69230769230769 , 7.69230769230769 , 7.69230769230769 , 0 , 0 , 19.3846153846154 , 0 , 14 , 92.8571428571429 , 3.42857142857143 
24-Aug-2005 11:52,200504,HEATHROW,SEYCHELLES,SEYCHELLES,AIR SEYCHELLES,A,S, 8 , 0 , 12.5 , 37.5 , 50 , 0 , 0 , 0 , 31.75 , 0 , 9 , 22.2222222222222 , 33.2222222222222 
24-Aug-2005 11:52,200504,HEATHROW,SEYCHELLES,SEYCHELLES,AIR SEYCHELLES,D,S, 9 , 0 , 77.7777777777778 , 11.1111111111111 , 11.1111111111111 , 0 , 0 , 0 , 11.1111111111111 , 0 , 9 , 55.5555555555556 , 26.1111111111111 
24-Aug-2005 11:52,200504,HEATHROW,SEYCHELLES,SEYCHELLES,BRITISH AIRWAYS PLC,A,S, 0 , 0 , 0 , 0 , 0 , 0 , 0 , 0 , 0 , 0 , 4 , 25 , 23.75 
24-Aug-2005 11:52,200504,HEATHROW,SEYCHELLES,SEYCHELLES,BRITISH AIRWAYS PLC,D,S, 0 , 0 , 0 , 0 , 0 , 0 , 0 , 0 , 0 , 0 , 4 , 100 , 2.5 
24-Aug-2005 11:52,200504,HEATHROW,SINGAPORE,SINGAPORE,SINGAPORE AIRLINES,A,S, 90 , 0 , 64.4444444444444 , 20 , 13.3333333333333 , 1.11111111111111 , 1.11111111111111 , 0 , 15.3333333333333 , 0 , 90 , 56.6666666666667 , 19.5111111111111 
24-Aug-2005 11:52,200504,HEATHROW,SINGAPORE,SINGAPORE,SINGAPORE AIRLINES,D,S, 90 , 0 , 83.3333333333333 , 8.88888888888889 , 5.55555555555556 , 2.22222222222222 , 0 , 0 , 10.5444444444444 , 0 , 90 , 78.8888888888889 , 10.4333333333333 
24-Aug-2005 11:52,200504,HEATHROW,SPAIN,ALICANTE,BMI BRITISH MIDLAND,A,S, 30 , 0 , 66.6666666666667 , 23.3333333333333 , 6.66666666666667 , 3.33333333333333 , 0 , 0 , 13.5666666666667 , 0 , 30 , 50 , 15.9 
24-Aug-2005 11:52,200504,HEATHROW,SPAIN,ALICANTE,BMI BRITISH MIDLAND,D,S, 30 , 0 , 63.3333333333333 , 26.6666666666667 , 6.66666666666667 , 3.33333333333333 , 0 , 0 , 14.0333333333333 , 0 , 30 , 30 , 21.9333333333333 
24-Aug-2005 11:52,200504,HEATHROW,SPAIN,BARCELONA,BRITISH AIRWAYS PLC,A,S, 120 , 0 , 54.1666666666667 , 26.6666666666667 , 15.8333333333333 , 3.33333333333333 , 0 , 0 , 17.8833333333333 , 0 , 128 , 69.53125 , 11.8671875 
24-Aug-2005 11:52,200504,HEATHROW,SPAIN,BARCELONA,BRITISH AIRWAYS PLC,D,S, 120 , 0 , 69.1666666666667 , 17.5 , 9.16666666666667 , 4.16666666666667 , 0 , 0 , 13.4166666666667 , 0 , 128 , 71.09375 , 12.671875 
24-Aug-2005 11:52,200504,HEATHROW,SPAIN,BARCELONA,IBERIA,A,S, 120 , 0 , 70 , 20.8333333333333 , 7.5 , 1.66666666666667 , 0 , 0 , 11.95 , 0 , 119 , 73.9495798319328 , 12.3949579831933 
24-Aug-2005 11:52,200504,HEATHROW,SPAIN,BARCELONA,IBERIA,D,S, 119 , 0 , 87.3949579831933 , 5.88235294117647 , 4.20168067226891 , 1.68067226890756 , 0.840336134453782 , 0 , 9.16806722689076 , 1 , 118 , 80.5084745762712 , 11.0762711864407 
24-Aug-2005 11:52,200504,HEATHROW,SPAIN,BARCELONA,JET AVIATION BUSINESS JETS,A,C, 0 , 1 , 0 , 0 , 0 , 0 , 0 , 0 , 0 , 0 , 0 , 0 , 0 
24-Aug-2005 11:52,200504,HEATHROW,SPAIN,BILBAO,BRITISH AIRWAYS PLC,A,S, 0 , 0 , 0 , 0 , 0 , 0 , 0 , 0 , 0 , 0 , 30 , 66.6666666666667 , 14 
24-Aug-2005 11:52,200504,HEATHROW,SPAIN,BILBAO,BRITISH AIRWAYS PLC,D,S, 0 , 0 , 0 , 0 , 0 , 0 , 0 , 0 , 0 , 0 , 30 , 73.3333333333333 , 14.3 
24-Aug-2005 11:52,200504,HEATHROW,SPAIN,BILBAO,IBERIA,A,S, 30 , 0 , 80 , 16.6666666666667 , 0 , 3.33333333333333 , 0 , 0 , 7.26666666666667 , 0 , 30 , 83.3333333333333 , 7.06666666666667 
24-Aug-2005 11:52,200504,HEATHROW,SPAIN,BILBAO,IBERIA,D,S, 30 , 0 , 96.6666666666667 , 3.33333333333333 , 0 , 0 , 0 , 0 , 2.56666666666667 , 0 , 30 , 86.6666666666667 , 6.83333333333333 
24-Aug-2005 11:52,200504,HEATHROW,SPAIN,JEREZ,QANTAS,A,C, 0 , 0 , 0 , 0 , 0 , 0 , 0 , 0 , 0 , 0 , 1 , 100 , 0 
24-Aug-2005 11:52,200504,HEATHROW,SPAIN,JEREZ,QANTAS,D,C, 0 , 0 , 0 , 0 , 0 , 0 , 0 , 0 , 0 , 0 , 1 , 100 , 4 
24-Aug-2005 11:52,200504,HEATHROW,SPAIN,MADRID,BMI BRITISH MIDLAND,A,S, 30 , 0 , 96.6666666666667 , 3.33333333333333 , 0 , 0 , 0 , 0 , 2.33333333333333 , 0 , 30 , 83.3333333333333 , 9.66666666666667 
24-Aug-2005 11:52,200504,HEATHROW,SPAIN,MADRID,BMI BRITISH MIDLAND,D,S, 30 , 0 , 90 , 10 , 0 , 0 , 0 , 0 , 4.66666666666667 , 0 , 30 , 86.6666666666667 , 7.4 
24-Aug-2005 11:52,200504,HEATHROW,SPAIN,MADRID,BRITISH AIRWAYS PLC,A,S, 150 , 0 , 65.3333333333333 , 19.3333333333333 , 12 , 2 , 1.33333333333333 , 0 , 16.84 , 0 , 150 , 77.3333333333333 , 10.2066666666667 
24-Aug-2005 11:52,200504,HEATHROW,SPAIN,MADRID,BRITISH AIRWAYS PLC,D,S, 150 , 0 , 64 , 20 , 9.33333333333333 , 6 , 0.666666666666667 , 0 , 17.2666666666667 , 0 , 150 , 76 , 10.2066666666667 
24-Aug-2005 11:52,200504,HEATHROW,SPAIN,MADRID,IBERIA,A,S, 180 , 0 , 52.7777777777778 , 30.5555555555556 , 12.7777777777778 , 3.88888888888889 , 0 , 0 , 17.5444444444444 , 0 , 180 , 72.2222222222222 , 12.4222222222222 
24-Aug-2005 11:52,200504,HEATHROW,SPAIN,MADRID,IBERIA,D,S, 180 , 0 , 62.2222222222222 , 19.4444444444444 , 12.7777777777778 , 5 , 0.555555555555556 , 0 , 16.5555555555556 , 0 , 180 , 80 , 9.36111111111111 
24-Aug-2005 11:52,200504,HEATHROW,SPAIN,MALAGA,GB AIRWAYS LTD,A,S, 60 , 0 , 76.6666666666667 , 16.6666666666667 , 5 , 1.66666666666667 , 0 , 0 , 9.03333333333333 , 0 , 60 , 35 , 22.55 
24-Aug-2005 11:52,200504,HEATHROW,SPAIN,MALAGA,GB AIRWAYS LTD,D,S, 60 , 0 , 86.6666666666667 , 11.6666666666667 , 1.66666666666667 , 0 , 0 , 0 , 6.26666666666667 , 0 , 60 , 76.6666666666667 , 16.6 
24-Aug-2005 11:52,200504,HEATHROW,SPAIN,MALAGA,IBERIA,A,S, 30 , 0 , 73.3333333333333 , 13.3333333333333 , 10 , 3.33333333333333 , 0 , 0 , 12 , 0 , 30 , 53.3333333333333 , 19.1666666666667 
24-Aug-2005 11:52,200504,HEATHROW,SPAIN,MALAGA,IBERIA,D,S, 30 , 0 , 86.6666666666667 , 3.33333333333333 , 6.66666666666667 , 3.33333333333333 , 0 , 0 , 9.16666666666667 , 0 , 30 , 63.3333333333333 , 14.8 
24-Aug-2005 11:52,200504,HEATHROW,SPAIN,PALMA DE MALLORCA,BMI BRITISH MIDLAND,A,S, 35 , 0 , 77.1428571428571 , 11.4285714285714 , 11.4285714285714 , 0 , 0 , 0 , 9.65714285714286 , 0 , 34 , 41.1764705882353 , 20.8235294117647 
24-Aug-2005 11:52,200504,HEATHROW,SPAIN,PALMA DE MALLORCA,BMI BRITISH MIDLAND,D,S, 35 , 0 , 82.8571428571429 , 11.4285714285714 , 5.71428571428571 , 0 , 0 , 0 , 7.11428571428571 , 0 , 34 , 52.9411764705882 , 18.6470588235294 
24-Aug-2005 11:52,200504,HEATHROW,SPAIN,SANTIAGO DE COMPOSTELA (SPAIN),IBERIA,A,S, 30 , 0 , 96.6666666666667 , 0 , 3.33333333333333 , 0 , 0 , 0 , 2.26666666666667 , 0 , 30 , 86.6666666666667 , 7.7 
24-Aug-2005 11:52,200504,HEATHROW,SPAIN,SANTIAGO DE COMPOSTELA (SPAIN),IBERIA,D,S, 30 , 0 , 83.3333333333333 , 6.66666666666667 , 10 , 0 , 0 , 0 , 7.53333333333333 , 0 , 30 , 83.3333333333333 , 10.1 
24-Aug-2005 11:52,200504,HEATHROW,SPAIN,SEVILLE,IBERIA,A,S, 30 , 0 , 73.3333333333333 , 10 , 13.3333333333333 , 0 , 3.33333333333333 , 0 , 20.1666666666667 , 0 , 30 , 76.6666666666667 , 12 
24-Aug-2005 11:52,200504,HEATHROW,SPAIN,SEVILLE,IBERIA,D,S, 30 , 0 , 66.6666666666667 , 23.3333333333333 , 6.66666666666667 , 0 , 3.33333333333333 , 0 , 18.1666666666667 , 0 , 30 , 80 , 10.4666666666667 
24-Aug-2005 11:52,200504,HEATHROW,SPAIN,VALENCIA,IBERIA,A,S, 30 , 0 , 73.3333333333333 , 6.66666666666667 , 6.66666666666667 , 10 , 3.33333333333333 , 0 , 24.6333333333333 , 0 , 30 , 80 , 14.5 
24-Aug-2005 11:52,200504,HEATHROW,SPAIN,VALENCIA,IBERIA,D,S, 30 , 0 , 80 , 6.66666666666667 , 3.33333333333333 , 10 , 0 , 0 , 17.8333333333333 , 0 , 29 , 79.3103448275862 , 12.4827586206897 
24-Aug-2005 11:52,200504,HEATHROW,SRI LANKA,COLOMBO,SRILANKAN AIRLINES,A,S, 39 , 0 , 51.2820512820513 , 25.6410256410256 , 20.5128205128205 , 2.56410256410256 , 0 , 0 , 20 , 0 , 46 , 67.3913043478261 , 21.5869565217391 
24-Aug-2005 11:52,200504,HEATHROW,SRI LANKA,COLOMBO,SRILANKAN AIRLINES,D,S, 39 , 0 , 48.7179487179487 , 17.9487179487179 , 20.5128205128205 , 12.8205128205128 , 0 , 0 , 25.5897435897436 , 0 , 46 , 60.8695652173913 , 17.5869565217391 
24-Aug-2005 11:52,200504,HEATHROW,SUDAN,KHARTOUM,BRITISH MEDITERRANEAN AIRWAYS,A,S, 16 , 0 , 50 , 25 , 18.75 , 6.25 , 0 , 0 , 18.25 , 0 , 10 , 70 , 17.7 
24-Aug-2005 11:52,200504,HEATHROW,SUDAN,KHARTOUM,BRITISH MEDITERRANEAN AIRWAYS,D,S, 15 , 0 , 73.3333333333333 , 13.3333333333333 , 13.3333333333333 , 0 , 0 , 0 , 11.4666666666667 , 0 , 10 , 50 , 26.5 
24-Aug-2005 11:52,200504,HEATHROW,SWEDEN,GOTEBORG,SAS,A,S, 60 , 0 , 73.3333333333333 , 23.3333333333333 , 3.33333333333333 , 0 , 0 , 0 , 10.4833333333333 , 0 , 58 , 74.1379310344827 , 9.31034482758621 
24-Aug-2005 11:52,200504,HEATHROW,SWEDEN,GOTEBORG,SAS,D,S, 60 , 0 , 95 , 3.33333333333333 , 1.66666666666667 , 0 , 0 , 0 , 4.06666666666667 , 0 , 58 , 96.551724137931 , 4.18965517241379 
24-Aug-2005 11:52,200504,HEATHROW,SWEDEN,STOCKHOLM (ARLANDA),BRITISH AIRWAYS PLC,A,S, 171 , 0 , 67.8362573099415 , 15.2046783625731 , 13.4502923976608 , 2.92397660818713 , 0.584795321637427 , 0 , 15.0350877192982 , 0 , 175 , 85.1428571428571 , 6.42285714285714 
24-Aug-2005 11:52,200504,HEATHROW,SWEDEN,STOCKHOLM (ARLANDA),BRITISH AIRWAYS PLC,D,S, 170 , 0 , 71.7647058823529 , 16.4705882352941 , 7.64705882352941 , 4.11764705882353 , 0 , 0 , 13.3470588235294 , 0 , 175 , 78.8571428571428 , 7.73714285714286 
24-Aug-2005 11:52,200504,HEATHROW,SWEDEN,STOCKHOLM (ARLANDA),SAS,A,S, 165 , 0 , 62.4242424242424 , 22.4242424242424 , 12.7272727272727 , 2.42424242424242 , 0 , 0 , 16.4121212121212 , 3 , 163 , 78.5276073619632 , 8.57668711656442 
24-Aug-2005 11:52,200504,HEATHROW,SWEDEN,STOCKHOLM (ARLANDA),SAS,D,S, 166 , 0 , 71.0843373493976 , 16.2650602409639 , 9.63855421686747 , 1.80722891566265 , 0.602409638554217 , 0.602409638554217 , 15.9457831325301 , 3 , 163 , 82.2085889570552 , 7.85276073619632 
24-Aug-2005 11:52,200504,HEATHROW,SWITZERLAND,BASLE MULHOUSE,BRITISH AIRWAYS PLC,A,S, 90 , 0 , 90 , 6.66666666666667 , 1.11111111111111 , 1.11111111111111 , 1.11111111111111 , 0 , 7.11111111111111 , 0 , 0 , 0 , 0 
24-Aug-2005 11:52,200504,HEATHROW,SWITZERLAND,BASLE MULHOUSE,BRITISH AIRWAYS PLC,D,S, 90 , 0 , 75.5555555555556 , 8.88888888888889 , 13.3333333333333 , 2.22222222222222 , 0 , 0 , 11.8888888888889 , 0 , 0 , 0 , 0 
24-Aug-2005 11:52,200504,HEATHROW,SWITZERLAND,BASLE MULHOUSE,SWISS AIRLINES,A,S, 0 , 0 , 0 , 0 , 0 , 0 , 0 , 0 , 0 , 0 , 90 , 91.1111111111111 , 3.58888888888889 
24-Aug-2005 11:52,200504,HEATHROW,SWITZERLAND,BASLE MULHOUSE,SWISS AIRLINES,D,S, 0 , 0 , 0 , 0 , 0 , 0 , 0 , 0 , 0 , 0 , 90 , 84.4444444444444 , 5.37777777777778 
24-Aug-2005 11:52,200504,HEATHROW,SWITZERLAND,GENEVA,BMI BRITISH MIDLAND,A,C, 3 , 0 , 33.3333333333333 , 0 , 33.3333333333333 , 33.3333333333333 , 0 , 0 , 49.6666666666667 , 0 , 3 , 66.6666666666667 , 11 
24-Aug-2005 11:52,200504,HEATHROW,SWITZERLAND,GENEVA,BMI BRITISH MIDLAND,D,C, 3 , 0 , 100 , 0 , 0 , 0 , 0 , 0 , 0 , 0 , 2 , 100 , 5.5 
24-Aug-2005 11:52,200504,HEATHROW,SWITZERLAND,GENEVA,BRITISH AIRWAYS PLC,A,S, 240 , 0 , 83.75 , 7.08333333333333 , 6.66666666666667 , 1.66666666666667 , 0.833333333333333 , 0 , 9.27916666666667 , 0 , 169 , 78.698224852071 , 10.5502958579882 
24-Aug-2005 11:52,200504,HEATHROW,SWITZERLAND,GENEVA,BRITISH AIRWAYS PLC,D,S, 240 , 0 , 80.8333333333333 , 8.33333333333333 , 8.75 , 2.08333333333333 , 0 , 0 , 10.875 , 0 , 170 , 81.7647058823529 , 8.88235294117647 
24-Aug-2005 11:52,200504,HEATHROW,SWITZERLAND,GENEVA,EXECUJET CHARTER AG,D,C, 0 , 1 , 0 , 0 , 0 , 0 , 0 , 0 , 0 , 0 , 0 , 0 , 0 
24-Aug-2005 11:52,200504,HEATHROW,SWITZERLAND,GENEVA,SWISS AIRLINES,A,S, 0 , 0 , 0 , 0 , 0 , 0 , 0 , 0 , 0 , 0 , 118 , 89.8305084745763 , 5.06779661016949 
24-Aug-2005 11:52,200504,HEATHROW,SWITZERLAND,GENEVA,SWISS AIRLINES,D,S, 0 , 0 , 0 , 0 , 0 , 0 , 0 , 0 , 0 , 0 , 119 , 86.5546218487395 , 5.07563025210084 
24-Aug-2005 11:52,200504,HEATHROW,SWITZERLAND,SION,SWISS AIRLINES,A,S, 2 , 0 , 0 , 0 , 100 , 0 , 0 , 0 , 40 , 0 , 0 , 0 , 0 
24-Aug-2005 11:52,200504,HEATHROW,SWITZERLAND,SION,SWISS AIRLINES,D,C, 0 , 0 , 0 , 0 , 0 , 0 , 0 , 0 , 0 , 0 , 2 , 50 , 8 
24-Aug-2005 11:52,200504,HEATHROW,SWITZERLAND,SION,SWISS AIRLINES,D,S, 1 , 0 , 0 , 0 , 100 , 0 , 0 , 0 , 35 , 0 , 0 , 0 , 0 
24-Aug-2005 11:52,200504,HEATHROW,SWITZERLAND,ZURICH,BRITISH AIRWAYS PLC,A,S, 174 , 0 , 78.1609195402299 , 12.0689655172414 , 7.47126436781609 , 2.29885057471264 , 0 , 0 , 10.0057471264368 , 0 , 171 , 74.8538011695906 , 11.3216374269006 
24-Aug-2005 11:52,200504,HEATHROW,SWITZERLAND,ZURICH,BRITISH AIRWAYS PLC,D,S, 174 , 0 , 64.367816091954 , 16.6666666666667 , 13.7931034482759 , 5.17241379310345 , 0 , 0 , 16.1609195402299 , 0 , 171 , 80.7017543859649 , 9.64327485380117 
24-Aug-2005 11:52,200504,HEATHROW,SWITZERLAND,ZURICH,JET AVIATION BUSINESS JETS,A,C, 0 , 1 , 0 , 0 , 0 , 0 , 0 , 0 , 0 , 0 , 0 , 0 , 0 
24-Aug-2005 11:52,200504,HEATHROW,SWITZERLAND,ZURICH,SWISS AIRLINES,A,S, 181 , 0 , 65.7458563535912 , 19.3370165745856 , 13.2596685082873 , 1.65745856353591 , 0 , 0 , 12.707182320442 , 0 , 213 , 76.056338028169 , 10.1549295774648 
24-Aug-2005 11:52,200504,HEATHROW,SWITZERLAND,ZURICH,SWISS AIRLINES,D,S, 180 , 0 , 58.8888888888889 , 20.5555555555556 , 17.2222222222222 , 3.33333333333333 , 0 , 0 , 16.0722222222222 , 0 , 211 , 71.563981042654 , 12.0379146919431 
24-Aug-2005 11:52,200504,HEATHROW,SYRIA,DAMASCUS,BRITISH MEDITERRANEAN AIRWAYS,A,S, 14 , 0 , 78.5714285714286 , 14.2857142857143 , 7.14285714285714 , 0 , 0 , 0 , 6.14285714285714 , 0 , 30 , 93.3333333333333 , 7 
24-Aug-2005 11:52,200504,HEATHROW,SYRIA,DAMASCUS,BRITISH MEDITERRANEAN AIRWAYS,D,S, 15 , 0 , 86.6666666666667 , 6.66666666666667 , 6.66666666666667 , 0 , 0 , 0 , 7.13333333333333 , 0 , 30 , 66.6666666666667 , 20.9666666666667 
24-Aug-2005 11:52,200504,HEATHROW,SYRIA,DAMASCUS,SYRIANAIR,A,S, 13 , 0 , 46.1538461538462 , 15.3846153846154 , 15.3846153846154 , 15.3846153846154 , 7.69230769230769 , 0 , 45.7692307692308 , 1 , 12 , 58.3333333333333 , 21.3333333333333 
24-Aug-2005 11:52,200504,HEATHROW,SYRIA,DAMASCUS,SYRIANAIR,D,S, 12 , 0 , 66.6666666666667 , 16.6666666666667 , 8.33333333333333 , 0 , 8.33333333333333 , 0 , 28.75 , 0 , 13 , 46.1538461538462 , 20.3076923076923 
24-Aug-2005 11:52,200504,HEATHROW,TANZANIA,DAR-ES-SALAAM,BRITISH AIRWAYS PLC,A,S, 13 , 0 , 92.3076923076923 , 7.69230769230769 , 0 , 0 , 0 , 0 , 6.30769230769231 , 0 , 13 , 53.8461538461538 , 18.5384615384615 
24-Aug-2005 11:52,200504,HEATHROW,TANZANIA,DAR-ES-SALAAM,BRITISH AIRWAYS PLC,D,S, 13 , 0 , 92.3076923076923 , 0 , 0 , 7.69230769230769 , 0 , 0 , 9.46153846153846 , 0 , 13 , 92.3076923076923 , 4.38461538461539 
24-Aug-2005 11:52,200504,HEATHROW,THAILAND,BANGKOK,THAI AIRWAYS INTERNATIONAL,A,S, 56 , 0 , 19.6428571428571 , 39.2857142857143 , 39.2857142857143 , 1.78571428571429 , 0 , 0 , 28.8571428571429 , 0 , 51 , 41.1764705882353 , 24.2549019607843 
24-Aug-2005 11:52,200504,HEATHROW,THAILAND,BANGKOK,THAI AIRWAYS INTERNATIONAL,D,S, 56 , 0 , 67.8571428571429 , 25 , 7.14285714285714 , 0 , 0 , 0 , 11.1785714285714 , 0 , 51 , 84.3137254901961 , 10.0588235294118 
24-Aug-2005 11:52,200504,HEATHROW,TRINIDAD AND TOBAGO,PORT OF SPAIN,BWIA,A,S, 29 , 1 , 48.2758620689655 , 31.0344827586207 , 10.3448275862069 , 10.3448275862069 , 0 , 0 , 19.8620689655172 , 0 , 30 , 26.6666666666667 , 39.0666666666667 
24-Aug-2005 11:52,200504,HEATHROW,TRINIDAD AND TOBAGO,PORT OF SPAIN,BWIA,D,S, 30 , 0 , 40 , 26.6666666666667 , 20 , 13.3333333333333 , 0 , 0 , 29.3 , 0 , 30 , 23.3333333333333 , 34.2 
24-Aug-2005 11:52,200504,HEATHROW,TUNISIA,TUNIS,TUNISAIR,A,S, 18 , 0 , 55.5555555555556 , 16.6666666666667 , 27.7777777777778 , 0 , 0 , 0 , 18.3333333333333 , 0 , 17 , 58.8235294117647 , 15.2941176470588 
24-Aug-2005 11:52,200504,HEATHROW,TUNISIA,TUNIS,TUNISAIR,D,S, 18 , 0 , 44.4444444444444 , 16.6666666666667 , 33.3333333333333 , 5.55555555555556 , 0 , 0 , 22.7222222222222 , 0 , 17 , 76.4705882352941 , 12.5882352941176 
24-Aug-2005 11:52,200504,HEATHROW,TURKEY,ANTALYA,KIBRIS TURKISH AIRLINES - KTHY,A,S, 5 , 0 , 20 , 60 , 0 , 0 , 20 , 0 , 64 , 0 , 4 , 25 , 22 
24-Aug-2005 11:52,200504,HEATHROW,TURKEY,ANTALYA,KIBRIS TURKISH AIRLINES - KTHY,D,S, 5 , 0 , 40 , 40 , 0 , 0 , 20 , 0 , 51.6 , 0 , 4 , 75 , 17 
24-Aug-2005 11:52,200504,HEATHROW,TURKEY,DALAMAN,BMI BRITISH MIDLAND,D,C, 1 , 0 , 100 , 0 , 0 , 0 , 0 , 0 , 0 , 0 , 0 , 0 , 0 
24-Aug-2005 11:52,200504,HEATHROW,TURKEY,ISTANBUL,BRITISH AIRWAYS PLC,A,S, 60 , 0 , 56.6666666666667 , 23.3333333333333 , 20 , 0 , 0 , 0 , 15.0833333333333 , 0 , 60 , 85 , 7.4 
24-Aug-2005 11:52,200504,HEATHROW,TURKEY,ISTANBUL,BRITISH AIRWAYS PLC,D,S, 60 , 0 , 50 , 23.3333333333333 , 18.3333333333333 , 8.33333333333333 , 0 , 0 , 21.25 , 0 , 60 , 71.6666666666667 , 12.9666666666667 
24-Aug-2005 11:52,200504,HEATHROW,TURKEY,ISTANBUL,THY TURK HAVA YOLLARI TURKISH,A,S, 90 , 0 , 53.3333333333333 , 27.7777777777778 , 17.7777777777778 , 1.11111111111111 , 0 , 0 , 18.0333333333333 , 0 , 91 , 63.7362637362637 , 17.7582417582418 
24-Aug-2005 11:52,200504,HEATHROW,TURKEY,ISTANBUL,THY TURK HAVA YOLLARI TURKISH,D,S, 90 , 0 , 57.7777777777778 , 14.4444444444444 , 22.2222222222222 , 5.55555555555556 , 0 , 0 , 19.2777777777778 , 0 , 91 , 63.7362637362637 , 20.3516483516484 
24-Aug-2005 11:52,200504,HEATHROW,TURKEY,IZMIR (ADNAM MENDERES),KIBRIS TURKISH AIRLINES - KTHY,A,S, 13 , 0 , 84.6153846153846 , 15.3846153846154 , 0 , 0 , 0 , 0 , 6.46153846153846 , 0 , 12 , 66.6666666666667 , 11.25 
24-Aug-2005 11:52,200504,HEATHROW,TURKEY,IZMIR (ADNAM MENDERES),KIBRIS TURKISH AIRLINES - KTHY,D,S, 13 , 0 , 69.2307692307692 , 23.0769230769231 , 7.69230769230769 , 0 , 0 , 0 , 10.2307692307692 , 0 , 12 , 50 , 16.1666666666667 
24-Aug-2005 11:52,200504,HEATHROW,TURKMENISTAN,ASHKHABAD,TURKMENISTAN AIRLINES,A,S, 9 , 0 , 33.3333333333333 , 22.2222222222222 , 44.4444444444444 , 0 , 0 , 0 , 26.2222222222222 , 0 , 8 , 37.5 , 27 
24-Aug-2005 11:52,200504,HEATHROW,TURKMENISTAN,ASHKHABAD,TURKMENISTAN AIRLINES,D,S, 9 , 0 , 11.1111111111111 , 77.7777777777778 , 11.1111111111111 , 0 , 0 , 0 , 20.8888888888889 , 0 , 8 , 25 , 33.375 
24-Aug-2005 11:52,200504,HEATHROW,TURKS AND CAICOS ISLANDS,PROVIDENCIALES,BRITISH AIRWAYS PLC,A,S, 4 , 0 , 75 , 0 , 25 , 0 , 0 , 0 , 12.75 , 0 , 4 , 100 , 2.25 
24-Aug-2005 11:52,200504,HEATHROW,TURKS AND CAICOS ISLANDS,PROVIDENCIALES,BRITISH AIRWAYS PLC,D,S, 4 , 0 , 50 , 50 , 0 , 0 , 0 , 0 , 12 , 0 , 4 , 75 , 14.25 
24-Aug-2005 11:52,200504,HEATHROW,UGANDA,ENTEBBE,BRITISH AIRWAYS PLC,A,S, 13 , 0 , 53.8461538461538 , 30.7692307692308 , 15.3846153846154 , 0 , 0 , 0 , 15.6153846153846 , 0 , 13 , 23.0769230769231 , 31.0769230769231 
24-Aug-2005 11:52,200504,HEATHROW,UGANDA,ENTEBBE,BRITISH AIRWAYS PLC,D,S, 12 , 0 , 75 , 8.33333333333333 , 8.33333333333333 , 8.33333333333333 , 0 , 0 , 14 , 0 , 13 , 69.2307692307692 , 14.3846153846154 
24-Aug-2005 11:52,200504,HEATHROW,UKRAINE,KIEV (BORISPOL),BRITISH AIRWAYS PLC,A,S, 30 , 0 , 80 , 16.6666666666667 , 0 , 3.33333333333333 , 0 , 0 , 10.2333333333333 , 0 , 21 , 95.2380952380952 , 2.95238095238095 
24-Aug-2005 11:52,200504,HEATHROW,UKRAINE,KIEV (BORISPOL),BRITISH AIRWAYS PLC,D,S, 30 , 0 , 76.6666666666667 , 16.6666666666667 , 3.33333333333333 , 3.33333333333333 , 0 , 0 , 11 , 0 , 21 , 80.9523809523809 , 8.47619047619048 
24-Aug-2005 11:52,200504,HEATHROW,UNITED ARAB EMIRATES,ABU DHABI INTERNATIONAL,ETIHAD AIRWAYS,A,S, 42 , 0 , 73.8095238095238 , 4.76190476190476 , 4.76190476190476 , 9.52380952380952 , 7.14285714285714 , 0 , 28.2380952380952 , 0 , 22 , 100 , 0.227272727272727 
24-Aug-2005 11:52,200504,HEATHROW,UNITED ARAB EMIRATES,ABU DHABI INTERNATIONAL,ETIHAD AIRWAYS,D,S, 42 , 0 , 80.9523809523809 , 9.52380952380952 , 2.38095238095238 , 7.14285714285714 , 0 , 0 , 14.2619047619048 , 0 , 22 , 90.9090909090909 , 5.09090909090909 
24-Aug-2005 11:52,200504,HEATHROW,UNITED ARAB EMIRATES,ABU DHABI INTERNATIONAL,GULF AIR,A,S, 30 , 0 , 63.3333333333333 , 16.6666666666667 , 16.6666666666667 , 3.33333333333333 , 0 , 0 , 14.5666666666667 , 0 , 35 , 80 , 12.0571428571429 
24-Aug-2005 11:52,200504,HEATHROW,UNITED ARAB EMIRATES,ABU DHABI INTERNATIONAL,GULF AIR,D,S, 30 , 0 , 96.6666666666667 , 3.33333333333333 , 0 , 0 , 0 , 0 , 1.76666666666667 , 0 , 43 , 74.4186046511628 , 13.093023255814 
24-Aug-2005 11:52,200504,HEATHROW,UNITED ARAB EMIRATES,DUBAI,BRITISH AIRWAYS PLC,A,S, 73 , 0 , 90.4109589041096 , 5.47945205479452 , 2.73972602739726 , 0 , 1.36986301369863 , 0 , 7.35616438356164 , 0 , 73 , 94.5205479452055 , 2.56164383561644 
24-Aug-2005 11:52,200504,HEATHROW,UNITED ARAB EMIRATES,DUBAI,BRITISH AIRWAYS PLC,D,S, 73 , 0 , 79.4520547945205 , 15.0684931506849 , 0 , 4.10958904109589 , 0 , 1.36986301369863 , 15.041095890411 , 0 , 73 , 87.6712328767123 , 6.34246575342466 
24-Aug-2005 11:52,200504,HEATHROW,UNITED ARAB EMIRATES,DUBAI,CHALLENGE AIR LUFTVERKEHRS,D,C, 0 , 1 , 0 , 0 , 0 , 0 , 0 , 0 , 0 , 0 , 0 , 0 , 0 
24-Aug-2005 11:52,200504,HEATHROW,UNITED ARAB EMIRATES,DUBAI,EMIRATES,A,S, 120 , 0 , 63.3333333333333 , 20 , 14.1666666666667 , 2.5 , 0 , 0 , 14.225 , 0 , 120 , 49.1666666666667 , 21.0666666666667 
24-Aug-2005 11:52,200504,HEATHROW,UNITED ARAB EMIRATES,DUBAI,EMIRATES,D,S, 120 , 0 , 65.8333333333333 , 17.5 , 13.3333333333333 , 3.33333333333333 , 0 , 0 , 15.45 , 0 , 119 , 54.6218487394958 , 20.453781512605 
24-Aug-2005 11:52,200504,HEATHROW,UNITED KINGDOM,ABERDEEN,BMI BRITISH MIDLAND,A,S, 135 , 0 , 80.7407407407407 , 12.5925925925926 , 4.44444444444444 , 2.22222222222222 , 0 , 0 , 8.77777777777778 , 0 , 129 , 71.3178294573643 , 9.4031007751938 
24-Aug-2005 11:52,200504,HEATHROW,UNITED KINGDOM,ABERDEEN,BMI BRITISH MIDLAND,D,S, 135 , 0 , 87.4074074074074 , 9.62962962962963 , 2.96296296296296 , 0 , 0 , 0 , 5.20740740740741 , 0 , 129 , 85.2713178294574 , 7.41085271317829 
24-Aug-2005 11:52,200504,HEATHROW,UNITED KINGDOM,ABERDEEN,BRITISH AIRWAYS PLC,A,S, 196 , 0 , 73.9795918367347 , 14.2857142857143 , 9.18367346938776 , 2.55102040816327 , 0 , 0 , 11.0918367346939 , 0 , 198 , 82.3232323232323 , 9.71212121212121 
24-Aug-2005 11:52,200504,HEATHROW,UNITED KINGDOM,ABERDEEN,BRITISH AIRWAYS PLC,D,S, 196 , 0 , 80.6122448979592 , 10.7142857142857 , 6.63265306122449 , 2.04081632653061 , 0 , 0 , 10.765306122449 , 0 , 198 , 84.3434343434344 , 8.31313131313131 
24-Aug-2005 11:52,200504,HEATHROW,UNITED KINGDOM,BELFAST CITY,BMI BRITISH MIDLAND,A,S, 230 , 0 , 83.4782608695652 , 12.1739130434783 , 2.60869565217391 , 1.73913043478261 , 0 , 0 , 6.59130434782609 , 0 , 232 , 80.1724137931034 , 8.65948275862069 
24-Aug-2005 11:52,200504,HEATHROW,UNITED KINGDOM,BELFAST CITY,BMI BRITISH MIDLAND,D,S, 230 , 0 , 83.9130434782609 , 11.7391304347826 , 3.91304347826087 , 0.434782608695652 , 0 , 0 , 7.2 , 0 , 232 , 68.1034482758621 , 13.5991379310345 
24-Aug-2005 11:52,200504,HEATHROW,UNITED KINGDOM,DURHAM TEES VALLEY,BMI BRITISH MIDLAND,A,S, 80 , 0 , 76.25 , 16.25 , 6.25 , 1.25 , 0 , 0 , 9.325 , 0 , 79 , 69.620253164557 , 15.126582278481 
24-Aug-2005 11:52,200504,HEATHROW,UNITED KINGDOM,DURHAM TEES VALLEY,BMI BRITISH MIDLAND,D,S, 80 , 0 , 90 , 5 , 5 , 0 , 0 , 0 , 4.2625 , 0 , 79 , 68.3544303797468 , 12.5569620253165 
24-Aug-2005 11:52,200504,HEATHROW,UNITED KINGDOM,DURHAM TEES VALLEY,EXECUTIVE JET CHARTER LTD,D,C, 0 , 1 , 0 , 0 , 0 , 0 , 0 , 0 , 0 , 0 , 0 , 0 , 0 
24-Aug-2005 11:52,200504,HEATHROW,UNITED KINGDOM,EDINBURGH,BMI BRITISH MIDLAND,A,S, 230 , 0 , 76.0869565217391 , 13.0434782608696 , 9.1304347826087 , 1.73913043478261 , 0 , 0 , 10.3869565217391 , 0 , 229 , 65.5021834061135 , 16.4803493449782 
24-Aug-2005 11:52,200504,HEATHROW,UNITED KINGDOM,EDINBURGH,BMI BRITISH MIDLAND,D,S, 231 , 0 , 83.1168831168831 , 11.6883116883117 , 5.19480519480519 , 0 , 0 , 0 , 7.70562770562771 , 0 , 228 , 69.7368421052632 , 14.6710526315789 
24-Aug-2005 11:52,200504,HEATHROW,UNITED KINGDOM,EDINBURGH,BRITISH AIRWAYS PLC,A,S, 353 , 0 , 65.1558073654391 , 17.2804532577904 , 13.0311614730878 , 4.24929178470255 , 0.28328611898017 , 0 , 16.1331444759207 , 0 , 325 , 62.4615384615385 , 14.2307692307692 
24-Aug-2005 11:52,200504,HEATHROW,UNITED KINGDOM,EDINBURGH,BRITISH AIRWAYS PLC,D,S, 352 , 0 , 70.4545454545455 , 17.8977272727273 , 8.52272727272727 , 3.125 , 0 , 0 , 12.8607954545455 , 0 , 327 , 77.9816513761468 , 10.5810397553517 
24-Aug-2005 11:52,200504,HEATHROW,UNITED KINGDOM,EDINBURGH,CHALLENGE AIR LUFTVERKEHRS,A,C, 0 , 1 , 0 , 0 , 0 , 0 , 0 , 0 , 0 , 0 , 0 , 0 , 0 
24-Aug-2005 11:52,200504,HEATHROW,UNITED KINGDOM,EDINBURGH,NETJETS TRANSPORTES AEREOS,D,C, 0 , 1 , 0 , 0 , 0 , 0 , 0 , 0 , 0 , 0 , 0 , 0 , 0 
24-Aug-2005 11:52,200504,HEATHROW,UNITED KINGDOM,FARNBOROUGH,TRIAIR (BERMUDA) LTD,A,C, 0 , 1 , 0 , 0 , 0 , 0 , 0 , 0 , 0 , 0 , 0 , 0 , 0 
24-Aug-2005 11:52,200504,HEATHROW,UNITED KINGDOM,GLASGOW,BMI BRITISH MIDLAND,A,S, 223 , 0 , 82.5112107623318 , 10.762331838565 , 5.82959641255605 , 0.896860986547085 , 0 , 0 , 6.6322869955157 , 0 , 222 , 78.8288288288288 , 9.14864864864865 
24-Aug-2005 11:52,200504,HEATHROW,UNITED KINGDOM,GLASGOW,BMI BRITISH MIDLAND,D,S, 226 , 1 , 83.6283185840708 , 12.3893805309735 , 3.53982300884956 , 0.442477876106195 , 0 , 0 , 6.84955752212389 , 0 , 223 , 72.1973094170404 , 11.7533632286996 
24-Aug-2005 11:52,200504,HEATHROW,UNITED KINGDOM,GLASGOW,BRITISH AIRWAYS PLC,A,S, 324 , 0 , 75.3086419753086 , 14.1975308641975 , 7.40740740740741 , 2.77777777777778 , 0.308641975308642 , 0 , 11.4382716049383 , 0 , 321 , 77.2585669781931 , 9.87227414330218 
24-Aug-2005 11:52,200504,HEATHROW,UNITED KINGDOM,GLASGOW,BRITISH AIRWAYS PLC,D,S, 322 , 0 , 74.223602484472 , 15.527950310559 , 7.7639751552795 , 2.48447204968944 , 0 , 0 , 11.6273291925466 , 0 , 323 , 80.4953560371517 , 9.40557275541796 
24-Aug-2005 11:52,200504,HEATHROW,UNITED KINGDOM,INVERNESS,BMI BRITISH MIDLAND,A,S, 30 , 0 , 80 , 10 , 10 , 0 , 0 , 0 , 7.93333333333333 , 0 , 30 , 73.3333333333333 , 20.6 
24-Aug-2005 11:52,200504,HEATHROW,UNITED KINGDOM,INVERNESS,BMI BRITISH MIDLAND,D,S, 30 , 0 , 76.6666666666667 , 16.6666666666667 , 6.66666666666667 , 0 , 0 , 0 , 8.96666666666667 , 0 , 30 , 60 , 23.9333333333333 
24-Aug-2005 11:52,200504,HEATHROW,UNITED KINGDOM,JERSEY,NETJETS TRANSPORTES AEREOS,A,C, 0 , 1 , 0 , 0 , 0 , 0 , 0 , 0 , 0 , 0 , 0 , 0 , 0 
24-Aug-2005 11:52,200504,HEATHROW,UNITED KINGDOM,LEEDS BRADFORD,BMI BRITISH MIDLAND,A,S, 106 , 0 , 81.1320754716981 , 9.43396226415094 , 6.60377358490566 , 2.83018867924528 , 0 , 0 , 9.4811320754717 , 0 , 105 , 78.0952380952381 , 10 
24-Aug-2005 11:52,200504,HEATHROW,UNITED KINGDOM,LEEDS BRADFORD,BMI BRITISH MIDLAND,D,S, 106 , 0 , 83.9622641509434 , 11.3207547169811 , 2.83018867924528 , 1.88679245283019 , 0 , 0 , 6.57547169811321 , 0 , 104 , 76.9230769230769 , 13.9519230769231 
24-Aug-2005 11:52,200504,HEATHROW,UNITED KINGDOM,MANCHESTER,BMI BRITISH MIDLAND,A,S, 200 , 0 , 86 , 7.5 , 6.5 , 0 , 0 , 0 , 6.085 , 0 , 194 , 67.5257731958763 , 13.8505154639175 
24-Aug-2005 11:52,200504,HEATHROW,UNITED KINGDOM,MANCHESTER,BMI BRITISH MIDLAND,D,S, 200 , 0 , 84.5 , 7.5 , 7 , 1 , 0 , 0 , 7.945 , 0 , 195 , 59.4871794871795 , 16.9589743589744 
24-Aug-2005 11:52,200504,HEATHROW,UNITED KINGDOM,MANCHESTER,BRITISH AIRWAYS PLC,A,S, 292 , 0 , 71.2328767123288 , 15.0684931506849 , 9.93150684931507 , 3.42465753424658 , 0.342465753424658 , 0 , 14.527397260274 , 0 , 295 , 74.2372881355932 , 11.8508474576271 
24-Aug-2005 11:52,200504,HEATHROW,UNITED KINGDOM,MANCHESTER,BRITISH AIRWAYS PLC,D,S, 292 , 0 , 70.2054794520548 , 16.4383561643836 , 9.93150684931507 , 3.42465753424658 , 0 , 0 , 13.0479452054795 , 0 , 295 , 81.0169491525424 , 8.93559322033898 
24-Aug-2005 11:52,200504,HEATHROW,UNITED KINGDOM,MANCHESTER,EXECUTIVE JET CHARTER LTD,A,C, 0 , 3 , 0 , 0 , 0 , 0 , 0 , 0 , 0 , 0 , 0 , 0 , 0 
24-Aug-2005 11:52,200504,HEATHROW,UNITED KINGDOM,MANCHESTER,EXECUTIVE JET CHARTER LTD,D,C, 0 , 2 , 0 , 0 , 0 , 0 , 0 , 0 , 0 , 0 , 0 , 0 , 0 
24-Aug-2005 11:52,200504,HEATHROW,UNITED KINGDOM,MANCHESTER,QANTAS,A,S, 4 , 0 , 75 , 25 , 0 , 0 , 0 , 0 , 12 , 0 , 0 , 0 , 0 
24-Aug-2005 11:52,200504,HEATHROW,UNITED KINGDOM,MANCHESTER,QANTAS,D,S, 34 , 0 , 97.0588235294118 , 0 , 2.94117647058824 , 0 , 0 , 0 , 4.05882352941176 , 0 , 0 , 0 , 0 
24-Aug-2005 11:52,200504,HEATHROW,UNITED KINGDOM,MANCHESTER,TRIAIR (BERMUDA) LTD,A,C, 0 , 1 , 0 , 0 , 0 , 0 , 0 , 0 , 0 , 0 , 0 , 0 , 0 
24-Aug-2005 11:52,200504,HEATHROW,UNITED KINGDOM,NEWCASTLE,BRITISH AIRWAYS PLC,A,S, 196 , 0 , 78.5714285714286 , 13.265306122449 , 5.10204081632653 , 3.06122448979592 , 0 , 0 , 10.5204081632653 , 0 , 166 , 79.5180722891566 , 9.2289156626506 
24-Aug-2005 11:52,200504,HEATHROW,UNITED KINGDOM,NEWCASTLE,BRITISH AIRWAYS PLC,D,S, 196 , 0 , 72.4489795918367 , 17.8571428571429 , 7.14285714285714 , 2.55102040816327 , 0 , 0 , 11.7448979591837 , 0 , 166 , 72.289156626506 , 10.3132530120482 
24-Aug-2005 11:52,200504,HEATHROW,USA,BALTIMORE,BRITISH AIRWAYS PLC,A,S, 30 , 0 , 93.3333333333333 , 3.33333333333333 , 0 , 3.33333333333333 , 0 , 0 , 5.93333333333333 , 1 , 30 , 90 , 3.43333333333333 
24-Aug-2005 11:52,200504,HEATHROW,USA,BALTIMORE,BRITISH AIRWAYS PLC,D,S, 30 , 0 , 73.3333333333333 , 13.3333333333333 , 10 , 3.33333333333333 , 0 , 0 , 15.0333333333333 , 0 , 30 , 83.3333333333333 , 10.2 
24-Aug-2005 11:52,200504,HEATHROW,USA,BOSTON,AMERICAN AIRLINES,A,S, 55 , 0 , 89.0909090909091 , 7.27272727272727 , 3.63636363636364 , 0 , 0 , 0 , 5.18181818181818 , 0 , 56 , 76.7857142857143 , 9.01785714285714 
24-Aug-2005 11:52,200504,HEATHROW,USA,BOSTON,AMERICAN AIRLINES,D,S, 55 , 0 , 94.5454545454545 , 1.81818181818182 , 3.63636363636364 , 0 , 0 , 0 , 4.21818181818182 , 0 , 56 , 89.2857142857143 , 8.125 
24-Aug-2005 11:52,200504,HEATHROW,USA,BOSTON,BRITISH AIRWAYS PLC,A,S, 90 , 0 , 90 , 4.44444444444444 , 2.22222222222222 , 3.33333333333333 , 0 , 0 , 8.25555555555556 , 0 , 90 , 91.1111111111111 , 4.28888888888889 
24-Aug-2005 11:52,200504,HEATHROW,USA,BOSTON,BRITISH AIRWAYS PLC,D,S, 90 , 0 , 81.1111111111111 , 12.2222222222222 , 3.33333333333333 , 2.22222222222222 , 1.11111111111111 , 0 , 13.5 , 0 , 90 , 72.2222222222222 , 10.4555555555556 
24-Aug-2005 11:52,200504,HEATHROW,USA,BOSTON,VIRGIN ATLANTIC AIRWAYS LTD,A,S, 30 , 0 , 90 , 6.66666666666667 , 3.33333333333333 , 0 , 0 , 0 , 4.2 , 0 , 30 , 70 , 23.1 
24-Aug-2005 11:52,200504,HEATHROW,USA,BOSTON,VIRGIN ATLANTIC AIRWAYS LTD,D,S, 30 , 0 , 60 , 20 , 16.6666666666667 , 3.33333333333333 , 0 , 0 , 20.2333333333333 , 0 , 30 , 70 , 25.6333333333333 
24-Aug-2005 11:52,200504,HEATHROW,USA,CHICAGO (O'HARE),AIR INDIA,A,S, 13 , 0 , 92.3076923076923 , 7.69230769230769 , 0 , 0 , 0 , 0 , 3.15384615384615 , 0 , 12 , 75 , 107.166666666667 
24-Aug-2005 11:52,200504,HEATHROW,USA,CHICAGO (O'HARE),AIR INDIA,D,S, 13 , 0 , 53.8461538461538 , 23.0769230769231 , 7.69230769230769 , 7.69230769230769 , 7.69230769230769 , 0 , 37 , 0 , 13 , 46.1538461538462 , 103.615384615385 
24-Aug-2005 11:52,200504,HEATHROW,USA,CHICAGO (O'HARE),AMERICAN AIRLINES,A,S, 147 , 0 , 75.5102040816327 , 14.9659863945578 , 6.12244897959184 , 2.72108843537415 , 0.680272108843537 , 0 , 13.2721088435374 , 0 , 119 , 77.3109243697479 , 9.47899159663866 
24-Aug-2005 11:52,200504,HEATHROW,USA,CHICAGO (O'HARE),AMERICAN AIRLINES,D,S, 147 , 0 , 92.5170068027211 , 6.12244897959184 , 0.680272108843537 , 0.680272108843537 , 0 , 0 , 4.79591836734694 , 0 , 120 , 85 , 9.79166666666667 
24-Aug-2005 11:52,200504,HEATHROW,USA,CHICAGO (O'HARE),BRITISH AIRWAYS PLC,A,S, 60 , 0 , 88.3333333333333 , 6.66666666666667 , 5 , 0 , 0 , 0 , 5.36666666666667 , 0 , 60 , 95 , 3.16666666666667 
24-Aug-2005 11:52,200504,HEATHROW,USA,CHICAGO (O'HARE),BRITISH AIRWAYS PLC,D,S, 60 , 0 , 81.6666666666667 , 16.6666666666667 , 1.66666666666667 , 0 , 0 , 0 , 9.38333333333333 , 0 , 60 , 73.3333333333333 , 10 
24-Aug-2005 11:52,200504,HEATHROW,USA,CHICAGO (O'HARE),UNITED AIRLINES,A,S, 90 , 0 , 72.2222222222222 , 16.6666666666667 , 7.77777777777778 , 3.33333333333333 , 0 , 0 , 10.5444444444444 , 0 , 90 , 76.6666666666667 , 10.5888888888889 
24-Aug-2005 11:52,200504,HEATHROW,USA,CHICAGO (O'HARE),UNITED AIRLINES,D,S, 89 , 0 , 86.5168539325843 , 8.98876404494382 , 3.37078651685393 , 1.12359550561798 , 0 , 0 , 6.1685393258427 , 0 , 88 , 84.0909090909091 , 11.3295454545455 
24-Aug-2005 11:52,200504,HEATHROW,USA,DENVER INTERNATIONAL,BRITISH AIRWAYS PLC,A,S, 30 , 0 , 56.6666666666667 , 10 , 13.3333333333333 , 16.6666666666667 , 3.33333333333333 , 0 , 37.3 , 0 , 30 , 100 , 1.13333333333333 
24-Aug-2005 11:52,200504,HEATHROW,USA,DENVER INTERNATIONAL,BRITISH AIRWAYS PLC,D,S, 30 , 0 , 70 , 10 , 10 , 6.66666666666667 , 3.33333333333333 , 0 , 19.4333333333333 , 0 , 30 , 73.3333333333333 , 8.83333333333333 
24-Aug-2005 11:52,200504,HEATHROW,USA,DETROIT,BRITISH AIRWAYS PLC,A,S, 30 , 0 , 96.6666666666667 , 3.33333333333333 , 0 , 0 , 0 , 0 , 3.23333333333333 , 0 , 30 , 93.3333333333333 , 1.7 
24-Aug-2005 11:52,200504,HEATHROW,USA,DETROIT,BRITISH AIRWAYS PLC,D,S, 30 , 0 , 73.3333333333333 , 10 , 13.3333333333333 , 3.33333333333333 , 0 , 0 , 13.9333333333333 , 0 , 30 , 70 , 11.6333333333333 
24-Aug-2005 11:52,200504,HEATHROW,USA,HOUSTON,BRITISH AIRWAYS PLC,A,S, 30 , 0 , 86.6666666666667 , 10 , 3.33333333333333 , 0 , 0 , 0 , 4.63333333333333 , 0 , 30 , 100 , 0.633333333333333 
24-Aug-2005 11:52,200504,HEATHROW,USA,HOUSTON,BRITISH AIRWAYS PLC,D,S, 30 , 0 , 90 , 10 , 0 , 0 , 0 , 0 , 5.2 , 0 , 30 , 93.3333333333333 , 5.5 
24-Aug-2005 11:52,200504,HEATHROW,USA,LOS ANGELES INTERNATIONAL,AMERICAN AIRLINES,A,S, 57 , 0 , 66.6666666666667 , 28.0701754385965 , 5.26315789473684 , 0 , 0 , 0 , 12.1578947368421 , 0 , 56 , 71.4285714285714 , 15.3392857142857 
24-Aug-2005 11:52,200504,HEATHROW,USA,LOS ANGELES INTERNATIONAL,AMERICAN AIRLINES,D,S, 57 , 0 , 84.2105263157895 , 12.280701754386 , 3.50877192982456 , 0 , 0 , 0 , 6.89473684210526 , 0 , 56 , 73.2142857142857 , 10.5178571428571 
24-Aug-2005 11:52,200504,HEATHROW,USA,LOS ANGELES INTERNATIONAL,BRITISH AIRWAYS PLC,A,S, 73 , 0 , 57.5342465753425 , 20.5479452054795 , 17.8082191780822 , 4.10958904109589 , 0 , 0 , 19.0821917808219 , 0 , 60 , 81.6666666666667 , 14.2 
24-Aug-2005 11:52,200504,HEATHROW,USA,LOS ANGELES INTERNATIONAL,BRITISH AIRWAYS PLC,D,S, 73 , 0 , 67.1232876712329 , 19.1780821917808 , 12.3287671232877 , 1.36986301369863 , 0 , 0 , 14.3835616438356 , 0 , 60 , 50 , 24.4333333333333 
24-Aug-2005 11:52,200504,HEATHROW,USA,LOS ANGELES INTERNATIONAL,UNITED AIRLINES,A,S, 30 , 0 , 86.6666666666667 , 6.66666666666667 , 6.66666666666667 , 0 , 0 , 0 , 7.03333333333333 , 0 , 30 , 96.6666666666667 , 3.66666666666667 
24-Aug-2005 11:52,200504,HEATHROW,USA,LOS ANGELES INTERNATIONAL,UNITED AIRLINES,D,S, 30 , 0 , 86.6666666666667 , 10 , 3.33333333333333 , 0 , 0 , 0 , 8.6 , 0 , 30 , 90 , 7.66666666666667 
24-Aug-2005 11:52,200504,HEATHROW,USA,LOS ANGELES INTERNATIONAL,VIRGIN ATLANTIC AIRWAYS LTD,A,S, 60 , 0 , 78.3333333333333 , 11.6666666666667 , 3.33333333333333 , 6.66666666666667 , 0 , 0 , 11.7333333333333 , 0 , 60 , 91.6666666666667 , 3.86666666666667 
24-Aug-2005 11:52,200504,HEATHROW,USA,LOS ANGELES INTERNATIONAL,VIRGIN ATLANTIC AIRWAYS LTD,D,S, 60 , 0 , 55 , 28.3333333333333 , 16.6666666666667 , 0 , 0 , 0 , 16.3166666666667 , 0 , 60 , 55 , 20.9833333333333 
24-Aug-2005 11:52,200504,HEATHROW,USA,MIAMI INTERNATIONAL,AMERICAN AIRLINES,A,S, 34 , 0 , 73.5294117647059 , 11.7647058823529 , 5.88235294117647 , 8.82352941176471 , 0 , 0 , 12.9411764705882 , 0 , 34 , 88.2352941176471 , 3.88235294117647 
24-Aug-2005 11:52,200504,HEATHROW,USA,MIAMI INTERNATIONAL,AMERICAN AIRLINES,D,S, 35 , 0 , 94.2857142857143 , 5.71428571428571 , 0 , 0 , 0 , 0 , 5.45714285714286 , 0 , 34 , 73.5294117647059 , 10.3823529411765 
24-Aug-2005 11:52,200504,HEATHROW,USA,MIAMI INTERNATIONAL,BRITISH AIRWAYS PLC,A,S, 60 , 0 , 91.6666666666667 , 3.33333333333333 , 3.33333333333333 , 1.66666666666667 , 0 , 0 , 4.1 , 0 , 60 , 93.3333333333333 , 6.95 
24-Aug-2005 11:52,200504,HEATHROW,USA,MIAMI INTERNATIONAL,BRITISH AIRWAYS PLC,D,S, 60 , 0 , 18.3333333333333 , 48.3333333333333 , 25 , 8.33333333333333 , 0 , 0 , 29.35 , 0 , 60 , 30 , 30.8666666666667 
24-Aug-2005 11:52,200504,HEATHROW,USA,MIAMI INTERNATIONAL,VIRGIN ATLANTIC AIRWAYS LTD,A,S, 30 , 0 , 83.3333333333333 , 10 , 3.33333333333333 , 3.33333333333333 , 0 , 0 , 7.63333333333333 , 0 , 30 , 70 , 26.8 
24-Aug-2005 11:52,200504,HEATHROW,USA,MIAMI INTERNATIONAL,VIRGIN ATLANTIC AIRWAYS LTD,D,S, 30 , 0 , 46.6666666666667 , 40 , 6.66666666666667 , 6.66666666666667 , 0 , 0 , 19.9333333333333 , 0 , 30 , 40 , 41.3333333333333 
24-Aug-2005 11:52,200504,HEATHROW,USA,NEW YORK (JF KENNEDY),AIR INDIA,A,S, 30 , 0 , 56.6666666666667 , 20 , 20 , 3.33333333333333 , 0 , 0 , 20.3 , 0 , 30 , 70 , 10.9333333333333 
24-Aug-2005 11:52,200504,HEATHROW,USA,NEW YORK (JF KENNEDY),AIR INDIA,D,S, 30 , 0 , 23.3333333333333 , 23.3333333333333 , 33.3333333333333 , 16.6666666666667 , 3.33333333333333 , 0 , 44.9333333333333 , 0 , 30 , 16.6666666666667 , 36.7333333333333 
24-Aug-2005 11:52,200504,HEATHROW,USA,NEW YORK (JF KENNEDY),AMERICAN AIRLINES,A,S, 175 , 0 , 49.1428571428571 , 23.4285714285714 , 16.5714285714286 , 8.57142857142857 , 2.28571428571429 , 0 , 28.8685714285714 , 1 , 176 , 67.6136363636364 , 18.7102272727273 
24-Aug-2005 11:52,200504,HEATHROW,USA,NEW YORK (JF KENNEDY),AMERICAN AIRLINES,D,S, 174 , 0 , 89.0804597701149 , 8.62068965517241 , 1.14942528735632 , 1.14942528735632 , 0 , 0 , 5.70114942528736 , 1 , 174 , 89.0804597701149 , 5.55747126436782 
24-Aug-2005 11:52,200504,HEATHROW,USA,NEW YORK (JF KENNEDY),BRITISH AIRWAYS PLC,A,S, 206 , 0 , 66.504854368932 , 14.5631067961165 , 12.621359223301 , 3.88349514563107 , 0.970873786407767 , 1.45631067961165 , 29.6456310679612 , 0 , 210 , 88.5714285714286 , 6.26666666666667 
24-Aug-2005 11:52,200504,HEATHROW,USA,NEW YORK (JF KENNEDY),BRITISH AIRWAYS PLC,D,S, 205 , 0 , 73.6585365853659 , 17.5609756097561 , 5.36585365853658 , 3.41463414634146 , 0 , 0 , 12.219512195122 , 0 , 210 , 80.4761904761905 , 11.752380952381 
24-Aug-2005 11:52,200504,HEATHROW,USA,NEW YORK (JF KENNEDY),KUWAIT AIRWAYS,A,S, 13 , 0 , 92.3076923076923 , 0 , 7.69230769230769 , 0 , 0 , 0 , 3.76923076923077 , 0 , 13 , 100 , 1.38461538461538 
24-Aug-2005 11:52,200504,HEATHROW,USA,NEW YORK (JF KENNEDY),KUWAIT AIRWAYS,D,S, 13 , 0 , 61.5384615384615 , 7.69230769230769 , 15.3846153846154 , 15.3846153846154 , 0 , 0 , 26.3076923076923 , 0 , 13 , 53.8461538461538 , 18.8461538461538 
24-Aug-2005 11:52,200504,HEATHROW,USA,NEW YORK (JF KENNEDY),UNITED AIRLINES,A,S, 60 , 0 , 73.3333333333333 , 10 , 10 , 6.66666666666667 , 0 , 0 , 14.5166666666667 , 0 , 59 , 81.3559322033898 , 8.38983050847458 
24-Aug-2005 11:52,200504,HEATHROW,USA,NEW YORK (JF KENNEDY),UNITED AIRLINES,D,S, 60 , 0 , 83.3333333333333 , 8.33333333333333 , 6.66666666666667 , 1.66666666666667 , 0 , 0 , 8.31666666666667 , 0 , 60 , 88.3333333333333 , 9.9 
24-Aug-2005 11:52,200504,HEATHROW,USA,NEW YORK (JF KENNEDY),VIRGIN ATLANTIC AIRWAYS LTD,A,S, 90 , 0 , 54.4444444444445 , 17.7777777777778 , 18.8888888888889 , 5.55555555555556 , 3.33333333333333 , 0 , 28.8111111111111 , 0 , 89 , 47.1910112359551 , 29.1348314606742 
24-Aug-2005 11:52,200504,HEATHROW,USA,NEW YORK (JF KENNEDY),VIRGIN ATLANTIC AIRWAYS LTD,D,S, 90 , 0 , 66.6666666666667 , 18.8888888888889 , 11.1111111111111 , 3.33333333333333 , 0 , 0 , 14.8444444444444 , 0 , 90 , 46.6666666666667 , 34.8555555555556 
24-Aug-2005 11:52,200504,HEATHROW,USA,NEW YORK (NEWARK),BRITISH AIRWAYS PLC,A,S, 82 , 0 , 96.3414634146341 , 2.4390243902439 , 0 , 0 , 0 , 1.21951219512195 , 12.4268292682927 , 0 , 82 , 85.3658536585366 , 7.78048780487805 
24-Aug-2005 11:52,200504,HEATHROW,USA,NEW YORK (NEWARK),BRITISH AIRWAYS PLC,D,S, 81 , 0 , 82.7160493827161 , 13.5802469135802 , 1.23456790123457 , 2.46913580246914 , 0 , 0 , 8.97530864197531 , 0 , 82 , 81.7073170731707 , 8.08536585365854 
24-Aug-2005 11:52,200504,HEATHROW,USA,NEW YORK (NEWARK),VIRGIN ATLANTIC AIRWAYS LTD,A,S, 59 , 0 , 57.6271186440678 , 16.9491525423729 , 16.9491525423729 , 5.08474576271186 , 3.38983050847458 , 0 , 26.6949152542373 , 1 , 56 , 46.4285714285714 , 31.2321428571429 
24-Aug-2005 11:52,200504,HEATHROW,USA,NEW YORK (NEWARK),VIRGIN ATLANTIC AIRWAYS LTD,D,S, 60 , 0 , 63.3333333333333 , 16.6666666666667 , 8.33333333333333 , 10 , 0 , 1.66666666666667 , 26.4166666666667 , 0 , 56 , 60.7142857142857 , 41.1785714285714 
24-Aug-2005 11:52,200504,HEATHROW,USA,PHILADELPHIA INTERNATIONAL,BRITISH AIRWAYS PLC,A,S, 60 , 0 , 85 , 13.3333333333333 , 1.66666666666667 , 0 , 0 , 0 , 5.73333333333333 , 0 , 60 , 86.6666666666667 , 5.55 
24-Aug-2005 11:52,200504,HEATHROW,USA,PHILADELPHIA INTERNATIONAL,BRITISH AIRWAYS PLC,D,S, 60 , 0 , 83.3333333333333 , 10 , 6.66666666666667 , 0 , 0 , 0 , 7.93333333333333 , 0 , 60 , 73.3333333333333 , 12.9333333333333 
24-Aug-2005 11:52,200504,HEATHROW,USA,PHOENIX,BRITISH AIRWAYS PLC,A,S, 26 , 0 , 76.9230769230769 , 11.5384615384615 , 3.84615384615385 , 3.84615384615385 , 0 , 3.84615384615385 , 66.2307692307692 , 0 , 25 , 88 , 13.24 
24-Aug-2005 11:52,200504,HEATHROW,USA,PHOENIX,BRITISH AIRWAYS PLC,D,S, 26 , 0 , 57.6923076923077 , 38.4615384615385 , 3.84615384615385 , 0 , 0 , 0 , 13.3461538461538 , 0 , 26 , 50 , 26.3846153846154 
24-Aug-2005 11:52,200504,HEATHROW,USA,SAN FRANCISCO,BRITISH AIRWAYS PLC,A,S, 60 , 0 , 78.3333333333333 , 16.6666666666667 , 3.33333333333333 , 1.66666666666667 , 0 , 0 , 8.35 , 0 , 60 , 98.3333333333333 , 1.86666666666667 
24-Aug-2005 11:52,200504,HEATHROW,USA,SAN FRANCISCO,BRITISH AIRWAYS PLC,D,S, 60 , 0 , 63.3333333333333 , 23.3333333333333 , 11.6666666666667 , 1.66666666666667 , 0 , 0 , 17.1333333333333 , 0 , 60 , 63.3333333333333 , 15.0333333333333 
24-Aug-2005 11:52,200504,HEATHROW,USA,SAN FRANCISCO,UNITED AIRLINES,A,S, 60 , 0 , 88.3333333333333 , 8.33333333333333 , 0 , 3.33333333333333 , 0 , 0 , 6.51666666666667 , 0 , 60 , 88.3333333333333 , 15.1166666666667 
24-Aug-2005 11:52,200504,HEATHROW,USA,SAN FRANCISCO,UNITED AIRLINES,D,S, 60 , 0 , 80 , 11.6666666666667 , 8.33333333333333 , 0 , 0 , 0 , 8.23333333333333 , 0 , 60 , 80 , 16.3666666666667 
24-Aug-2005 11:52,200504,HEATHROW,USA,SAN FRANCISCO,VIRGIN ATLANTIC AIRWAYS LTD,A,S, 30 , 0 , 76.6666666666667 , 16.6666666666667 , 3.33333333333333 , 3.33333333333333 , 0 , 0 , 10.9666666666667 , 0 , 30 , 80 , 8.13333333333333 
24-Aug-2005 11:52,200504,HEATHROW,USA,SAN FRANCISCO,VIRGIN ATLANTIC AIRWAYS LTD,D,S, 30 , 0 , 73.3333333333333 , 20 , 6.66666666666667 , 0 , 0 , 0 , 13.5666666666667 , 0 , 30 , 50 , 22.7666666666667 
24-Aug-2005 11:52,200504,HEATHROW,USA,SEATTLE (TACOMA),BRITISH AIRWAYS PLC,A,S, 30 , 0 , 76.6666666666667 , 13.3333333333333 , 6.66666666666667 , 3.33333333333333 , 0 , 0 , 12.5666666666667 , 0 , 30 , 100 , 1.2 
24-Aug-2005 11:52,200504,HEATHROW,USA,SEATTLE (TACOMA),BRITISH AIRWAYS PLC,D,S, 30 , 0 , 70 , 20 , 6.66666666666667 , 3.33333333333333 , 0 , 0 , 15.6666666666667 , 0 , 30 , 60 , 16.1 
24-Aug-2005 11:52,200504,HEATHROW,USA,WASHINGTON (DULLES),BRITISH AIRWAYS PLC,A,S, 90 , 0 , 86.6666666666667 , 7.77777777777778 , 4.44444444444444 , 0 , 1.11111111111111 , 0 , 8.27777777777778 , 0 , 90 , 95.5555555555556 , 2.42222222222222 
24-Aug-2005 11:52,200504,HEATHROW,USA,WASHINGTON (DULLES),BRITISH AIRWAYS PLC,D,S, 90 , 0 , 70 , 20 , 4.44444444444444 , 4.44444444444444 , 0 , 1.11111111111111 , 18.4222222222222 , 0 , 90 , 76.6666666666667 , 10.6 
24-Aug-2005 11:52,200504,HEATHROW,USA,WASHINGTON (DULLES),UNITED AIRLINES,A,S, 117 , 0 , 78.6324786324786 , 10.2564102564103 , 7.69230769230769 , 1.70940170940171 , 0.854700854700855 , 0.854700854700855 , 15.982905982906 , 0 , 117 , 70.0854700854701 , 13.9059829059829 
24-Aug-2005 11:52,200504,HEATHROW,USA,WASHINGTON (DULLES),UNITED AIRLINES,D,S, 116 , 0 , 81.0344827586207 , 14.6551724137931 , 2.58620689655172 , 0.862068965517241 , 0.862068965517241 , 0 , 8.93103448275862 , 0 , 117 , 82.051282051282 , 11.3162393162393 
24-Aug-2005 11:52,200504,HEATHROW,USA,WASHINGTON (DULLES),VIRGIN ATLANTIC AIRWAYS LTD,A,S, 30 , 0 , 66.6666666666667 , 23.3333333333333 , 10 , 0 , 0 , 0 , 12.5666666666667 , 0 , 30 , 60 , 15.3 
24-Aug-2005 11:52,200504,HEATHROW,USA,WASHINGTON (DULLES),VIRGIN ATLANTIC AIRWAYS LTD,D,S, 30 , 0 , 73.3333333333333 , 20 , 3.33333333333333 , 3.33333333333333 , 0 , 0 , 14.4 , 0 , 30 , 40 , 30.0333333333333 
24-Aug-2005 11:52,200504,HEATHROW,UZBEKISTAN,TASHKENT,BRITISH MEDITERRANEAN AIRWAYS,A,S, 13 , 0 , 100 , 0 , 0 , 0 , 0 , 0 , 2.46153846153846 , 0 , 13 , 76.9230769230769 , 8.69230769230769 
24-Aug-2005 11:52,200504,HEATHROW,UZBEKISTAN,TASHKENT,BRITISH MEDITERRANEAN AIRWAYS,D,S, 13 , 0 , 46.1538461538462 , 15.3846153846154 , 15.3846153846154 , 23.0769230769231 , 0 , 0 , 29.5384615384615 , 0 , 13 , 53.8461538461538 , 19.0769230769231 
24-Aug-2005 11:52,200504,HEATHROW,UZBEKISTAN,TASHKENT,UZBEKISTAN AIRLINES,A,S, 18 , 0 , 83.3333333333333 , 5.55555555555556 , 5.55555555555556 , 5.55555555555556 , 0 , 0 , 9.38888888888889 , 0 , 17 , 76.4705882352941 , 9.52941176470588 
24-Aug-2005 11:52,200504,HEATHROW,UZBEKISTAN,TASHKENT,UZBEKISTAN AIRLINES,D,S, 18 , 0 , 77.7777777777778 , 0 , 22.2222222222222 , 0 , 0 , 0 , 10.6111111111111 , 0 , 17 , 70.5882352941177 , 12.7058823529412 
24-Aug-2005 11:52,200504,HEATHROW,ZAMBIA,LUSAKA,BRITISH AIRWAYS PLC,A,S, 13 , 0 , 61.5384615384615 , 23.0769230769231 , 15.3846153846154 , 0 , 0 , 0 , 13.2307692307692 , 0 , 13 , 53.8461538461538 , 28.1538461538462 
24-Aug-2005 11:52,200504,HEATHROW,ZAMBIA,LUSAKA,BRITISH AIRWAYS PLC,D,S, 13 , 0 , 84.6153846153846 , 7.69230769230769 , 7.69230769230769 , 0 , 0 , 0 , 9.76923076923077 , 0 , 13 , 69.2307692307692 , 12.6923076923077 
24-Aug-2005 11:52,200504,HEATHROW,ZIMBABWE,HARARE,BRITISH AIRWAYS PLC,A,S, 13 , 0 , 61.5384615384615 , 15.3846153846154 , 7.69230769230769 , 7.69230769230769 , 7.69230769230769 , 0 , 32.3846153846154 , 0 , 13 , 53.8461538461538 , 13.5384615384615 
24-Aug-2005 11:52,200504,HEATHROW,ZIMBABWE,HARARE,BRITISH AIRWAYS PLC,D,S, 13 , 0 , 69.2307692307692 , 15.3846153846154 , 7.69230769230769 , 0 , 7.69230769230769 , 0 , 31.4615384615385 , 0 , 13 , 53.8461538461538 , 17.9230769230769 
24-Aug-2005 11:52,200504,LONDON CITY,BELGIUM,ANTWERP,VLM (BELGIUM),A,S, 118 , 1 , 90.6779661016949 , 6.77966101694915 , 1.69491525423729 , 0.847457627118644 , 0 , 0 , 6.19491525423729 , 0 , 115 , 97.3913043478261 , 3.34782608695652 
24-Aug-2005 11:52,200504,LONDON CITY,BELGIUM,ANTWERP,VLM (BELGIUM),D,S, 117 , 0 , 80.3418803418803 , 15.3846153846154 , 2.56410256410256 , 1.70940170940171 , 0 , 0 , 9.24786324786325 , 1 , 115 , 94.7826086956522 , 5.21739130434783 
24-Aug-2005 11:52,200504,LONDON CITY,BELGIUM,BRUSSELS,VLM (BELGIUM),A,S, 108 , 0 , 84.2592592592593 , 10.1851851851852 , 3.7037037037037 , 1.85185185185185 , 0 , 0 , 9.40740740740741 , 1 , 103 , 87.378640776699 , 7.30097087378641 
24-Aug-2005 11:52,200504,LONDON CITY,BELGIUM,BRUSSELS,VLM (BELGIUM),D,S, 108 , 0 , 77.7777777777778 , 13.8888888888889 , 5.55555555555556 , 2.77777777777778 , 0 , 0 , 10.3888888888889 , 1 , 103 , 93.2038834951456 , 5.70873786407767 
24-Aug-2005 11:52,200504,LONDON CITY,FRANCE,PARIS (CHARLES DE GAULLE),CITY JET,A,S, 24 , 0 , 91.6666666666667 , 4.16666666666667 , 4.16666666666667 , 0 , 0 , 0 , 4.16666666666667 , 0 , 25 , 84 , 10.04 
24-Aug-2005 11:52,200504,LONDON CITY,FRANCE,PARIS (CHARLES DE GAULLE),CITY JET,D,S, 21 , 0 , 23.8095238095238 , 61.9047619047619 , 14.2857142857143 , 0 , 0 , 0 , 22 , 0 , 20 , 60 , 14.15 
24-Aug-2005 11:52,200504,LONDON CITY,FRANCE,PARIS (ORLY),CITY JET,A,S, 104 , 0 , 84.6153846153846 , 11.5384615384615 , 3.84615384615385 , 0 , 0 , 0 , 7.75961538461539 , 0 , 99 , 81.8181818181818 , 10.5757575757576 
24-Aug-2005 11:52,200504,LONDON CITY,FRANCE,PARIS (ORLY),CITY JET,D,S, 107 , 0 , 62.6168224299065 , 23.3644859813084 , 13.0841121495327 , 0.934579439252336 , 0 , 0 , 15.785046728972 , 0 , 105 , 75.2380952380952 , 13.352380952381 
24-Aug-2005 11:52,200504,LONDON CITY,GERMANY,BREMEN,OLTOSTFRIESISCHE LUFTTRANSPORT,A,S, 46 , 0 , 89.1304347826087 , 6.52173913043478 , 4.34782608695652 , 0 , 0 , 0 , 6.65217391304348 , 0 , 47 , 97.8723404255319 , 1.85106382978723 
24-Aug-2005 11:52,200504,LONDON CITY,GERMANY,BREMEN,OLTOSTFRIESISCHE LUFTTRANSPORT,D,S, 46 , 0 , 73.9130434782609 , 17.3913043478261 , 8.69565217391304 , 0 , 0 , 0 , 11.5 , 0 , 47 , 91.4893617021277 , 4.65957446808511 
24-Aug-2005 11:52,200504,LONDON CITY,GERMANY,DUSSELDORF,EAE EUROPEAN AIR EXPRESS,A,S, 0 , 0 , 0 , 0 , 0 , 0 , 0 , 0 , 0 , 0 , 20 , 95 , 1.85 
24-Aug-2005 11:52,200504,LONDON CITY,GERMANY,DUSSELDORF,EAE EUROPEAN AIR EXPRESS,D,S, 0 , 0 , 0 , 0 , 0 , 0 , 0 , 0 , 0 , 0 , 20 , 95 , 5.9 
24-Aug-2005 11:52,200504,LONDON CITY,GERMANY,DUSSELDORF,EUROWINGS LUFTVERKEHRS,A,S, 20 , 0 , 85 , 15 , 0 , 0 , 0 , 0 , 6.4 , 0 , 0 , 0 , 0 
24-Aug-2005 11:52,200504,LONDON CITY,GERMANY,DUSSELDORF,EUROWINGS LUFTVERKEHRS,D,S, 20 , 0 , 30 , 55 , 10 , 5 , 0 , 0 , 24.5 , 0 , 0 , 0 , 0 
24-Aug-2005 11:52,200504,LONDON CITY,GERMANY,FRANKFURT MAIN,AUGSBURG AIRWAYS GMBH,A,S, 65 , 0 , 76.9230769230769 , 10.7692307692308 , 9.23076923076923 , 3.07692307692308 , 0 , 0 , 10.5538461538462 , 0 , 20 , 95 , 1.75 
24-Aug-2005 11:52,200504,LONDON CITY,GERMANY,FRANKFURT MAIN,AUGSBURG AIRWAYS GMBH,D,S, 65 , 0 , 55.3846153846154 , 26.1538461538462 , 15.3846153846154 , 3.07692307692308 , 0 , 0 , 18.9538461538462 , 0 , 20 , 95 , 4.45 
24-Aug-2005 11:52,200504,LONDON CITY,GERMANY,FRANKFURT MAIN,BRITISH AIRWAYS CITIEXPRESS LTD,A,S, 67 , 0 , 98.5074626865672 , 0 , 0 , 1.49253731343284 , 0 , 0 , 3.11940298507463 , 0 , 64 , 87.5 , 11.375 
24-Aug-2005 11:52,200504,LONDON CITY,GERMANY,FRANKFURT MAIN,BRITISH AIRWAYS CITIEXPRESS LTD,D,S, 66 , 0 , 71.2121212121212 , 16.6666666666667 , 9.09090909090909 , 3.03030303030303 , 0 , 0 , 14.1666666666667 , 0 , 63 , 58.7301587301587 , 23.3650793650794 
24-Aug-2005 11:52,200504,LONDON CITY,GERMANY,FRANKFURT MAIN,LUFTHANSA CITY LINE,A,S, 0 , 0 , 0 , 0 , 0 , 0 , 0 , 0 , 0 , 0 , 43 , 90.6976744186047 , 3.55813953488372 
24-Aug-2005 11:52,200504,LONDON CITY,GERMANY,FRANKFURT MAIN,LUFTHANSA CITY LINE,D,S, 0 , 0 , 0 , 0 , 0 , 0 , 0 , 0 , 0 , 0 , 43 , 83.7209302325581 , 10.1395348837209 
24-Aug-2005 11:52,200504,LONDON CITY,GERMANY,LEIPZIG,CIRRUS LUFTFAHRT,A,S, 0 , 0 , 0 , 0 , 0 , 0 , 0 , 0 , 0 , 0 , 43 , 86.046511627907 , 11.2558139534884 
24-Aug-2005 11:52,200504,LONDON CITY,GERMANY,LEIPZIG,CIRRUS LUFTFAHRT,D,S, 0 , 0 , 0 , 0 , 0 , 0 , 0 , 0 , 0 , 0 , 43 , 86.046511627907 , 13.4883720930233 
24-Aug-2005 11:52,200504,LONDON CITY,GERMANY,MUNICH,CIRRUS LUFTFAHRT,A,S, 42 , 0 , 83.3333333333333 , 11.9047619047619 , 4.76190476190476 , 0 , 0 , 0 , 6.59523809523809 , 0 , 0 , 0 , 0 
24-Aug-2005 11:52,200504,LONDON CITY,GERMANY,MUNICH,CIRRUS LUFTFAHRT,D,S, 42 , 0 , 64.2857142857143 , 19.047619047619 , 16.6666666666667 , 0 , 0 , 0 , 14.6190476190476 , 0 , 0 , 0 , 0 
24-Aug-2005 11:52,200504,LONDON CITY,IRISH REPUBLIC,DUBLIN,CITY JET,A,S, 117 , 0 , 90.5982905982906 , 6.83760683760684 , 0.854700854700855 , 1.70940170940171 , 0 , 0 , 6.02564102564103 , 0 , 141 , 87.2340425531915 , 7.87234042553191 
24-Aug-2005 11:52,200504,LONDON CITY,IRISH REPUBLIC,DUBLIN,CITY JET,D,S, 117 , 0 , 64.957264957265 , 23.9316239316239 , 9.4017094017094 , 1.70940170940171 , 0 , 0 , 14.3675213675214 , 0 , 140 , 77.8571428571429 , 12.7214285714286 
24-Aug-2005 11:52,200504,LONDON CITY,IRISH REPUBLIC,GALWAY,EUROMANX GMBH,A,S, 18 , 0 , 55.5555555555556 , 11.1111111111111 , 11.1111111111111 , 11.1111111111111 , 11.1111111111111 , 0 , 47.4444444444444 , 0 , 0 , 0 , 0 
24-Aug-2005 11:52,200504,LONDON CITY,IRISH REPUBLIC,GALWAY,EUROMANX GMBH,D,S, 18 , 0 , 50 , 11.1111111111111 , 11.1111111111111 , 16.6666666666667 , 11.1111111111111 , 0 , 53.0555555555556 , 0 , 0 , 0 , 0 
24-Aug-2005 11:52,200504,LONDON CITY,ITALY,MILAN (LINATE),FLYNOR JET SPA,A,C, 0 , 1 , 0 , 0 , 0 , 0 , 0 , 0 , 0 , 0 , 0 , 0 , 0 
24-Aug-2005 11:52,200504,LONDON CITY,ITALY,MILAN (LINATE),FLYNOR JET SPA,D,C, 0 , 1 , 0 , 0 , 0 , 0 , 0 , 0 , 0 , 0 , 0 , 0 , 0 
24-Aug-2005 11:52,200504,LONDON CITY,LUXEMBOURG,LUXEMBOURG,LUXAIR,A,S, 93 , 0 , 93.5483870967742 , 3.2258064516129 , 3.2258064516129 , 0 , 0 , 0 , 4.66666666666667 , 0 , 74 , 97.2972972972973 , 2.7972972972973 
24-Aug-2005 11:52,200504,LONDON CITY,LUXEMBOURG,LUXEMBOURG,LUXAIR,D,S, 93 , 0 , 79.5698924731183 , 16.1290322580645 , 2.1505376344086 , 2.1505376344086 , 0 , 0 , 10.0860215053763 , 0 , 74 , 94.5945945945946 , 6.06756756756757 
24-Aug-2005 11:52,200504,LONDON CITY,LUXEMBOURG,LUXEMBOURG,VLM (BELGIUM),A,S, 90 , 0 , 96.6666666666667 , 2.22222222222222 , 0 , 1.11111111111111 , 0 , 0 , 2.8 , 3 , 70 , 90 , 5.32857142857143 
24-Aug-2005 11:52,200504,LONDON CITY,LUXEMBOURG,LUXEMBOURG,VLM (BELGIUM),D,S, 92 , 0 , 88.0434782608696 , 7.60869565217391 , 2.17391304347826 , 2.17391304347826 , 0 , 0 , 7.27173913043478 , 1 , 71 , 83.0985915492958 , 7.6056338028169 
24-Aug-2005 11:52,200504,LONDON CITY,NETHERLANDS,AMSTERDAM,KLM CITYHOPPER,A,S, 156 , 1 , 87.8205128205128 , 5.12820512820513 , 5.12820512820513 , 1.92307692307692 , 0 , 0 , 6.24358974358974 , 0 , 146 , 95.8904109589041 , 3.6027397260274 
24-Aug-2005 11:52,200504,LONDON CITY,NETHERLANDS,AMSTERDAM,KLM CITYHOPPER,D,S, 157 , 0 , 66.2420382165605 , 19.1082802547771 , 10.1910828025478 , 4.45859872611465 , 0 , 0 , 16.3503184713376 , 0 , 146 , 76.7123287671233 , 10.8219178082192 
24-Aug-2005 11:52,200504,LONDON CITY,NETHERLANDS,AMSTERDAM,VLM (BELGIUM),A,S, 60 , 0 , 95 , 5 , 0 , 0 , 0 , 0 , 1.56666666666667 , 0 , 0 , 0 , 0 
24-Aug-2005 11:52,200504,LONDON CITY,NETHERLANDS,AMSTERDAM,VLM (BELGIUM),D,S, 60 , 0 , 88.3333333333333 , 11.6666666666667 , 0 , 0 , 0 , 0 , 7.63333333333333 , 0 , 0 , 0 , 0 
24-Aug-2005 11:52,200504,LONDON CITY,NETHERLANDS,ROTTERDAM,KLM CITYHOPPER,A,S, 19 , 0 , 73.6842105263158 , 21.0526315789474 , 0 , 5.26315789473684 , 0 , 0 , 16.9473684210526 , 0 , 0 , 0 , 0 
24-Aug-2005 11:52,200504,LONDON CITY,NETHERLANDS,ROTTERDAM,KLM CITYHOPPER,D,S, 17 , 1 , 58.8235294117647 , 23.5294117647059 , 17.6470588235294 , 0 , 0 , 0 , 19.3529411764706 , 0 , 0 , 0 , 0 
24-Aug-2005 11:52,200504,LONDON CITY,NETHERLANDS,ROTTERDAM,VLM (BELGIUM),A,S, 160 , 0 , 96.25 , 3.125 , 0.625 , 0 , 0 , 0 , 2.05625 , 2 , 149 , 97.3154362416107 , 1.57718120805369 
24-Aug-2005 11:52,200504,LONDON CITY,NETHERLANDS,ROTTERDAM,VLM (BELGIUM),D,S, 158 , 0 , 83.5443037974684 , 10.7594936708861 , 5.06329113924051 , 0.632911392405063 , 0 , 0 , 9.9873417721519 , 4 , 149 , 97.3154362416107 , 2.99328859060403 
24-Aug-2005 11:52,200504,LONDON CITY,SWITZERLAND,BASLE MULHOUSE,SWISS AIRLINES,A,S, 97 , 0 , 96.9072164948454 , 0 , 2.06185567010309 , 0 , 1.03092783505155 , 0 , 4.4639175257732 , 0 , 0 , 0 , 0 
24-Aug-2005 11:52,200504,LONDON CITY,SWITZERLAND,BASLE MULHOUSE,SWISS AIRLINES,D,S, 97 , 0 , 78.3505154639175 , 15.4639175257732 , 5.15463917525773 , 1.03092783505155 , 0 , 0 , 11.680412371134 , 0 , 0 , 0 , 0 
24-Aug-2005 11:52,200504,LONDON CITY,SWITZERLAND,GENEVA,BRITISH AIRWAYS CITIEXPRESS LTD,A,S, 67 , 0 , 97.0149253731343 , 2.98507462686567 , 0 , 0 , 0 , 0 , 1.52238805970149 , 0 , 65 , 81.5384615384615 , 10.5846153846154 
24-Aug-2005 11:52,200504,LONDON CITY,SWITZERLAND,GENEVA,BRITISH AIRWAYS CITIEXPRESS LTD,D,S, 67 , 0 , 53.7313432835821 , 31.3432835820896 , 13.4328358208955 , 1.49253731343284 , 0 , 0 , 16.8955223880597 , 0 , 63 , 46.031746031746 , 26.5396825396825 
24-Aug-2005 11:52,200504,LONDON CITY,SWITZERLAND,GENEVA,SWISS AIRLINES,A,S, 100 , 0 , 92 , 5 , 3 , 0 , 0 , 0 , 3.7 , 1 , 0 , 0 , 0 
24-Aug-2005 11:52,200504,LONDON CITY,SWITZERLAND,GENEVA,SWISS AIRLINES,D,S, 100 , 0 , 50 , 40 , 9 , 1 , 0 , 0 , 18.11 , 0 , 0 , 0 , 0 
24-Aug-2005 11:52,200504,LONDON CITY,SWITZERLAND,ZURICH,SWISS AIRLINES,A,S, 123 , 0 , 92.6829268292683 , 5.69105691056911 , 0.813008130081301 , 0.813008130081301 , 0 , 0 , 4.96747967479675 , 0 , 101 , 78.2178217821782 , 10.009900990099 
24-Aug-2005 11:52,200504,LONDON CITY,SWITZERLAND,ZURICH,SWISS AIRLINES,D,S, 120 , 2 , 40.8333333333333 , 45.8333333333333 , 12.5 , 0.833333333333333 , 0 , 0 , 19.5166666666667 , 1 , 101 , 41.5841584158416 , 20.7821782178218 
24-Aug-2005 11:52,200504,LONDON CITY,UNITED KINGDOM,ABERDEEN,ATLANTIC AIRLINES,A,C, 0 , 1 , 0 , 0 , 0 , 0 , 0 , 0 , 0 , 0 , 0 , 0 , 0 
24-Aug-2005 11:52,200504,LONDON CITY,UNITED KINGDOM,BELFAST CITY,FLYBE.BRITISH EUROPEAN,A,S, 0 , 0 , 0 , 0 , 0 , 0 , 0 , 0 , 0 , 0 , 50 , 74 , 11.34 
24-Aug-2005 11:52,200504,LONDON CITY,UNITED KINGDOM,BELFAST CITY,FLYBE.BRITISH EUROPEAN,D,S, 0 , 0 , 0 , 0 , 0 , 0 , 0 , 0 , 0 , 0 , 51 , 82.3529411764706 , 10.156862745098 
24-Aug-2005 11:52,200504,LONDON CITY,UNITED KINGDOM,BLACKPOOL,ATLANTIC AIRLINES,A,C, 0 , 1 , 0 , 0 , 0 , 0 , 0 , 0 , 0 , 0 , 0 , 0 , 0 
24-Aug-2005 11:52,200504,LONDON CITY,UNITED KINGDOM,BOURNEMOUTH,ATLANTIC AIRLINES,D,C, 0 , 1 , 0 , 0 , 0 , 0 , 0 , 0 , 0 , 0 , 0 , 0 , 0 
24-Aug-2005 11:52,200504,LONDON CITY,UNITED KINGDOM,BRISTOL,ATLANTIC AIRLINES,D,C, 0 , 1 , 0 , 0 , 0 , 0 , 0 , 0 , 0 , 0 , 0 , 0 , 0 
24-Aug-2005 11:52,200504,LONDON CITY,UNITED KINGDOM,CARDIFF WALES,ATLANTIC AIRLINES,A,C, 0 , 1 , 0 , 0 , 0 , 0 , 0 , 0 , 0 , 0 , 0 , 0 , 0 
24-Aug-2005 11:52,200504,LONDON CITY,UNITED KINGDOM,DUNDEE,SCOT AIRWAYS,A,S, 95 , 1 , 83.1578947368421 , 14.7368421052632 , 1.05263157894737 , 1.05263157894737 , 0 , 0 , 8.69473684210526 , 2 , 95 , 76.8421052631579 , 9.53684210526316 
24-Aug-2005 11:52,200504,LONDON CITY,UNITED KINGDOM,DUNDEE,SCOT AIRWAYS,D,S, 95 , 1 , 74.7368421052632 , 18.9473684210526 , 5.26315789473684 , 1.05263157894737 , 0 , 0 , 11.0736842105263 , 2 , 94 , 74.468085106383 , 12.6276595744681 
24-Aug-2005 11:52,200504,LONDON CITY,UNITED KINGDOM,DURHAM TEES VALLEY,ATLANTIC AIRLINES,D,C, 0 , 1 , 0 , 0 , 0 , 0 , 0 , 0 , 0 , 0 , 0 , 0 , 0 
24-Aug-2005 11:52,200504,LONDON CITY,UNITED KINGDOM,EDINBURGH,ATLANTIC AIRLINES,A,C, 0 , 1 , 0 , 0 , 0 , 0 , 0 , 0 , 0 , 0 , 0 , 0 , 0 
24-Aug-2005 11:52,200504,LONDON CITY,UNITED KINGDOM,EDINBURGH,BRITISH AIRWAYS CITIEXPRESS LTD,A,S, 113 , 0 , 87.6106194690266 , 7.96460176991151 , 3.53982300884956 , 0.884955752212389 , 0 , 0 , 7.51327433628319 , 0 , 64 , 65.625 , 17.421875 
24-Aug-2005 11:52,200504,LONDON CITY,UNITED KINGDOM,EDINBURGH,BRITISH AIRWAYS CITIEXPRESS LTD,D,S, 114 , 0 , 62.280701754386 , 28.0701754385965 , 7.89473684210526 , 1.75438596491228 , 0 , 0 , 16 , 0 , 65 , 67.6923076923077 , 18.2461538461538 
24-Aug-2005 11:52,200504,LONDON CITY,UNITED KINGDOM,EDINBURGH,SCOT AIRWAYS,A,S, 200 , 1 , 75 , 17 , 7.5 , 0.5 , 0 , 0 , 10.915 , 9 , 184 , 79.3478260869565 , 9.09782608695652 
24-Aug-2005 11:52,200504,LONDON CITY,UNITED KINGDOM,EDINBURGH,SCOT AIRWAYS,D,S, 201 , 0 , 73.134328358209 , 19.9004975124378 , 5.97014925373134 , 0.995024875621891 , 0 , 0 , 10.6666666666667 , 8 , 185 , 85.945945945946 , 7.26486486486487 
24-Aug-2005 11:52,200504,LONDON CITY,UNITED KINGDOM,EXETER,ATLANTIC AIRLINES,A,C, 0 , 1 , 0 , 0 , 0 , 0 , 0 , 0 , 0 , 0 , 0 , 0 , 0 
24-Aug-2005 11:52,200504,LONDON CITY,UNITED KINGDOM,EXETER,ATLANTIC AIRLINES,D,C, 0 , 1 , 0 , 0 , 0 , 0 , 0 , 0 , 0 , 0 , 0 , 0 , 0 
24-Aug-2005 11:52,200504,LONDON CITY,UNITED KINGDOM,GLOUCESTERSHIRE,ATLANTIC AIRLINES,D,C, 0 , 2 , 0 , 0 , 0 , 0 , 0 , 0 , 0 , 0 , 0 , 0 , 0 
24-Aug-2005 11:52,200504,LONDON CITY,UNITED KINGDOM,ISLE OF MAN,EUROMANX GMBH,A,S, 81 , 0 , 82.7160493827161 , 7.40740740740741 , 8.64197530864197 , 1.23456790123457 , 0 , 0 , 8.18518518518519 , 0 , 0 , 0 , 0 
24-Aug-2005 11:52,200504,LONDON CITY,UNITED KINGDOM,ISLE OF MAN,EUROMANX GMBH,D,S, 78 , 3 , 71.7948717948718 , 14.1025641025641 , 11.5384615384615 , 2.56410256410256 , 0 , 0 , 14.6794871794872 , 0 , 0 , 0 , 0 
24-Aug-2005 11:52,200504,LONDON CITY,UNITED KINGDOM,ISLE OF MAN,FLYBE.BRITISH EUROPEAN,A,S, 0 , 0 , 0 , 0 , 0 , 0 , 0 , 0 , 0 , 0 , 26 , 88.4615384615385 , 10.5384615384615 
24-Aug-2005 11:52,200504,LONDON CITY,UNITED KINGDOM,ISLE OF MAN,FLYBE.BRITISH EUROPEAN,D,S, 0 , 0 , 0 , 0 , 0 , 0 , 0 , 0 , 0 , 0 , 26 , 84.6153846153846 , 10.2307692307692 
24-Aug-2005 11:52,200504,LONDON CITY,UNITED KINGDOM,JERSEY,FLYBE.BRITISH EUROPEAN,A,S, 0 , 0 , 0 , 0 , 0 , 0 , 0 , 0 , 0 , 0 , 72 , 88.8888888888889 , 6.875 
24-Aug-2005 11:52,200504,LONDON CITY,UNITED KINGDOM,JERSEY,FLYBE.BRITISH EUROPEAN,D,S, 0 , 0 , 0 , 0 , 0 , 0 , 0 , 0 , 0 , 0 , 71 , 74.6478873239437 , 11.4647887323944 
24-Aug-2005 11:52,200504,LONDON CITY,UNITED KINGDOM,JERSEY,VLM (BELGIUM),A,S, 75 , 0 , 96 , 2.66666666666667 , 0 , 1.33333333333333 , 0 , 0 , 3.77333333333333 , 1 , 0 , 0 , 0 
24-Aug-2005 11:52,200504,LONDON CITY,UNITED KINGDOM,JERSEY,VLM (BELGIUM),D,S, 76 , 0 , 78.9473684210526 , 17.1052631578947 , 1.31578947368421 , 2.63157894736842 , 0 , 0 , 10.0789473684211 , 0 , 0 , 0 , 0 
24-Aug-2005 11:52,200504,LONDON CITY,UNITED KINGDOM,LEEDS BRADFORD,ATLANTIC AIRLINES,D,C, 0 , 3 , 0 , 0 , 0 , 0 , 0 , 0 , 0 , 0 , 0 , 0 , 0 
24-Aug-2005 11:52,200504,LONDON CITY,UNITED KINGDOM,LEEDS BRADFORD,BMI REGIONAL,A,S, 58 , 0 , 96.551724137931 , 1.72413793103448 , 1.72413793103448 , 0 , 0 , 0 , 2.43103448275862 , 0 , 0 , 0 , 0 
24-Aug-2005 11:52,200504,LONDON CITY,UNITED KINGDOM,LEEDS BRADFORD,BMI REGIONAL,D,S, 57 , 0 , 75.4385964912281 , 19.2982456140351 , 3.50877192982456 , 1.75438596491228 , 0 , 0 , 9.12280701754386 , 0 , 0 , 0 , 0 
24-Aug-2005 11:52,200504,LONDON CITY,UNITED KINGDOM,LIVERPOOL,ATLANTIC AIRLINES,A,C, 0 , 1 , 0 , 0 , 0 , 0 , 0 , 0 , 0 , 0 , 0 , 0 , 0 
24-Aug-2005 11:52,200504,LONDON CITY,UNITED KINGDOM,LIVERPOOL,VLM (BELGIUM),A,S, 116 , 0 , 91.3793103448276 , 6.03448275862069 , 1.72413793103448 , 0.862068965517241 , 0 , 0 , 5.24137931034483 , 1 , 114 , 89.4736842105263 , 7.18421052631579 
24-Aug-2005 11:52,200504,LONDON CITY,UNITED KINGDOM,LIVERPOOL,VLM (BELGIUM),D,S, 117 , 0 , 88.8888888888889 , 7.69230769230769 , 1.70940170940171 , 1.70940170940171 , 0 , 0 , 7.7008547008547 , 1 , 112 , 84.8214285714286 , 6.88392857142857 
24-Aug-2005 11:52,200504,LONDON CITY,UNITED KINGDOM,MANCHESTER,VLM (BELGIUM),A,S, 175 , 0 , 92.5714285714286 , 4.57142857142857 , 2.28571428571429 , 0.571428571428571 , 0 , 0 , 4.51428571428571 , 2 , 169 , 94.6745562130178 , 3.31952662721893 
24-Aug-2005 11:52,200504,LONDON CITY,UNITED KINGDOM,MANCHESTER,VLM (BELGIUM),D,S, 174 , 0 , 86.7816091954023 , 10.9195402298851 , 2.29885057471264 , 0 , 0 , 0 , 7.27011494252874 , 2 , 171 , 90.6432748538012 , 6.25730994152047 
24-Aug-2005 11:52,200504,LONDON CITY,UNITED KINGDOM,NOTTINGHAM EAST MIDLANDS INT'L,ATLANTIC AIRLINES,D,C, 0 , 1 , 0 , 0 , 0 , 0 , 0 , 0 , 0 , 0 , 0 , 0 , 0 
24-Aug-2005 11:52,200504,LONDON CITY,UNITED KINGDOM,SWANSEA,AIR WALES LTD,A,S, 0 , 0 , 0 , 0 , 0 , 0 , 0 , 0 , 0 , 0 , 48 , 89.5833333333333 , 7.41666666666667 
24-Aug-2005 11:52,200504,LONDON CITY,UNITED KINGDOM,SWANSEA,AIR WALES LTD,D,S, 0 , 0 , 0 , 0 , 0 , 0 , 0 , 0 , 0 , 0 , 48 , 79.1666666666667 , 11.8958333333333 
24-Aug-2005 11:52,200504,LUTON,AUSTRIA,VIENNA,EXECUJET CHARTER AG,A,C, 0 , 1 , 0 , 0 , 0 , 0 , 0 , 0 , 0 , 0 , 0 , 0 , 0 
24-Aug-2005 11:52,200504,LUTON,BELGIUM,ANTWERP,CAT AVIATION,A,C, 0 , 1 , 0 , 0 , 0 , 0 , 0 , 0 , 0 , 0 , 0 , 0 , 0 
24-Aug-2005 11:52,200504,LUTON,CANADA,CALGARY,SUNWEST HOME AVIATION,A,C, 0 , 1 , 0 , 0 , 0 , 0 , 0 , 0 , 0 , 0 , 0 , 0 , 0 
24-Aug-2005 11:52,200504,LUTON,CROATIA,DUBROVNIK,SUNWEST HOME AVIATION,D,C, 0 , 1 , 0 , 0 , 0 , 0 , 0 , 0 , 0 , 0 , 0 , 0 , 0 
24-Aug-2005 11:52,200504,LUTON,CYPRUS,LARNACA,HELIOS AIRWAYS LTD,A,S, 29 , 2 , 68.9655172413793 , 20.6896551724138 , 3.44827586206897 , 3.44827586206897 , 3.44827586206897 , 0 , 17.9655172413793 , 1 , 32 , 78.125 , 10.90625 
24-Aug-2005 11:52,200504,LUTON,CYPRUS,LARNACA,HELIOS AIRWAYS LTD,D,S, 29 , 1 , 48.2758620689655 , 31.0344827586207 , 10.3448275862069 , 6.89655172413793 , 3.44827586206897 , 0 , 26 , 1 , 32 , 43.75 , 31.40625 
24-Aug-2005 11:52,200504,LUTON,CYPRUS,PAPHOS,BRITANNIA AIRWAYS AND THOMSONFLY,A,C, 9 , 0 , 88.8888888888889 , 0 , 0 , 11.1111111111111 , 0 , 0 , 10.6666666666667 , 0 , 8 , 100 , 1.375 
24-Aug-2005 11:52,200504,LUTON,CYPRUS,PAPHOS,BRITANNIA AIRWAYS AND THOMSONFLY,D,C, 9 , 0 , 77.7777777777778 , 11.1111111111111 , 0 , 11.1111111111111 , 0 , 0 , 18.7777777777778 , 0 , 8 , 87.5 , 3.5 
24-Aug-2005 11:52,200504,LUTON,CYPRUS,PAPHOS,FIRST CHOICE AIRWAYS LTD,D,C, 0 , 0 , 0 , 0 , 0 , 0 , 0 , 0 , 0 , 0 , 3 , 66.6666666666667 , 12.6666666666667 
24-Aug-2005 11:52,200504,LUTON,CZECH REPUBLIC,PRAGUE,BRITANNIA AIRWAYS AND THOMSONFLY,A,C, 1 , 0 , 100 , 0 , 0 , 0 , 0 , 0 , 12 , 0 , 0 , 0 , 0 
24-Aug-2005 11:52,200504,LUTON,CZECH REPUBLIC,PRAGUE,BRITANNIA AIRWAYS AND THOMSONFLY,D,C, 1 , 0 , 100 , 0 , 0 , 0 , 0 , 0 , 11 , 0 , 0 , 0 , 0 
24-Aug-2005 11:52,200504,LUTON,CZECH REPUBLIC,PRAGUE,EXCEL AIRWAYS LTD,A,C, 0 , 0 , 0 , 0 , 0 , 0 , 0 , 0 , 0 , 0 , 1 , 100 , 2 
24-Aug-2005 11:52,200504,LUTON,CZECH REPUBLIC,PRAGUE,EXCEL AIRWAYS LTD,D,C, 0 , 0 , 0 , 0 , 0 , 0 , 0 , 0 , 0 , 0 , 1 , 0 , 18 
24-Aug-2005 11:52,200504,LUTON,DENMARK,ESBJERG,RYANAIR,A,S, 30 , 0 , 90 , 10 , 0 , 0 , 0 , 0 , 3.96666666666667 , 0 , 0 , 0 , 0 
24-Aug-2005 11:52,200504,LUTON,DENMARK,ESBJERG,RYANAIR,D,S, 30 , 0 , 76.6666666666667 , 16.6666666666667 , 6.66666666666667 , 0 , 0 , 0 , 8.43333333333333 , 0 , 0 , 0 , 0 
24-Aug-2005 11:52,200504,LUTON,EGYPT,SHARM EL SHEIKH (OPHIRA),BRITANNIA AIRWAYS AND THOMSONFLY,A,C, 4 , 0 , 25 , 0 , 25 , 25 , 25 , 0 , 104.5 , 0 , 0 , 0 , 0 
24-Aug-2005 11:52,200504,LUTON,EGYPT,SHARM EL SHEIKH (OPHIRA),BRITANNIA AIRWAYS AND THOMSONFLY,D,C, 4 , 0 , 50 , 0 , 0 , 50 , 0 , 0 , 68.5 , 0 , 0 , 0 , 0 
24-Aug-2005 11:52,200504,LUTON,FINLAND,IVALO,AEROFLIGHT,A,C, 1 , 0 , 100 , 0 , 0 , 0 , 0 , 0 , 0 , 0 , 0 , 0 , 0 
24-Aug-2005 11:52,200504,LUTON,FINLAND,IVALO,AEROFLIGHT,D,C, 1 , 0 , 100 , 0 , 0 , 0 , 0 , 0 , 15 , 0 , 0 , 0 , 0 
24-Aug-2005 11:52,200504,LUTON,FRANCE,CANNES,CIRRUS LUFTFAHRT,A,C, 0 , 1 , 0 , 0 , 0 , 0 , 0 , 0 , 0 , 0 , 0 , 0 , 0 
24-Aug-2005 11:52,200504,LUTON,FRANCE,DINARD,RYANAIR,A,S, 30 , 0 , 96.6666666666667 , 3.33333333333333 , 0 , 0 , 0 , 0 , 1.83333333333333 , 0 , 0 , 0 , 0 
24-Aug-2005 11:52,200504,LUTON,FRANCE,DINARD,RYANAIR,D,S, 30 , 0 , 93.3333333333333 , 3.33333333333333 , 3.33333333333333 , 0 , 0 , 0 , 3.2 , 0 , 0 , 0 , 0 
24-Aug-2005 11:52,200504,LUTON,FRANCE,GRENOBLE,EASYJET AIRLINE COMPANY LTD,A,S, 11 , 0 , 45.4545454545455 , 27.2727272727273 , 27.2727272727273 , 0 , 0 , 0 , 15.5454545454545 , 0 , 0 , 0 , 0 
24-Aug-2005 11:52,200504,LUTON,FRANCE,GRENOBLE,EASYJET AIRLINE COMPANY LTD,D,S, 11 , 0 , 36.3636363636364 , 36.3636363636364 , 27.2727272727273 , 0 , 0 , 0 , 19.3636363636364 , 0 , 0 , 0 , 0 
24-Aug-2005 11:52,200504,LUTON,FRANCE,NICE,ACM AIR CHARTER LUFTFAHT,A,C, 0 , 1 , 0 , 0 , 0 , 0 , 0 , 0 , 0 , 0 , 0 , 0 , 0 
24-Aug-2005 11:52,200504,LUTON,FRANCE,NICE,BLUE LINE,A,C, 2 , 0 , 100 , 0 , 0 , 0 , 0 , 0 , 0 , 0 , 0 , 0 , 0 
24-Aug-2005 11:52,200504,LUTON,FRANCE,NICE,BLUE LINE,D,C, 2 , 0 , 50 , 0 , 0 , 50 , 0 , 0 , 41.5 , 0 , 0 , 0 , 0 
24-Aug-2005 11:52,200504,LUTON,FRANCE,NICE,BRITANNIA AIRWAYS AND THOMSONFLY,A,C, 0 , 0 , 0 , 0 , 0 , 0 , 0 , 0 , 0 , 0 , 1 , 0 , 46 
24-Aug-2005 11:52,200504,LUTON,FRANCE,NICE,BRITANNIA AIRWAYS AND THOMSONFLY,D,C, 0 , 0 , 0 , 0 , 0 , 0 , 0 , 0 , 0 , 0 , 1 , 0 , 39 
24-Aug-2005 11:52,200504,LUTON,FRANCE,NICE,COMTEL-AIR,A,C, 0 , 2 , 0 , 0 , 0 , 0 , 0 , 0 , 0 , 0 , 0 , 0 , 0 
24-Aug-2005 11:52,200504,LUTON,FRANCE,NICE,COMTEL-AIR,D,C, 0 , 2 , 0 , 0 , 0 , 0 , 0 , 0 , 0 , 0 , 0 , 0 , 0 
24-Aug-2005 11:52,200504,LUTON,FRANCE,NICE,EASYJET AIRLINE COMPANY LTD,A,S, 118 , 0 , 74.5762711864407 , 17.7966101694915 , 4.23728813559322 , 1.69491525423729 , 1.69491525423729 , 0 , 12.3305084745763 , 2 , 148 , 89.8648648648649 , 6.72297297297297 
24-Aug-2005 11:52,200504,LUTON,FRANCE,NICE,EASYJET AIRLINE COMPANY LTD,D,S, 120 , 0 , 73.3333333333333 , 18.3333333333333 , 5 , 2.5 , 0.833333333333333 , 0 , 13.2583333333333 , 0 , 150 , 88 , 9.36666666666667 
24-Aug-2005 11:52,200504,LUTON,FRANCE,NICE,FIRST CHOICE AIRWAYS LTD,A,C, 0 , 0 , 0 , 0 , 0 , 0 , 0 , 0 , 0 , 0 , 1 , 0 , 30 
24-Aug-2005 11:52,200504,LUTON,FRANCE,NICE,FIRST CHOICE AIRWAYS LTD,D,C, 0 , 0 , 0 , 0 , 0 , 0 , 0 , 0 , 0 , 0 , 1 , 100 , 2 
24-Aug-2005 11:52,200504,LUTON,FRANCE,NICE,GAMA AVIATION,D,C, 0 , 1 , 0 , 0 , 0 , 0 , 0 , 0 , 0 , 0 , 0 , 0 , 0 
24-Aug-2005 11:52,200504,LUTON,FRANCE,NICE,JETALLIANCE FLUGBETTRIEBS,A,C, 0 , 1 , 0 , 0 , 0 , 0 , 0 , 0 , 0 , 0 , 0 , 0 , 0 
24-Aug-2005 11:52,200504,LUTON,FRANCE,NICE,SERVAIR,A,C, 0 , 1 , 0 , 0 , 0 , 0 , 0 , 0 , 0 , 0 , 0 , 0 , 0 
24-Aug-2005 11:52,200504,LUTON,FRANCE,NIMES,RYANAIR,A,S, 30 , 0 , 96.6666666666667 , 3.33333333333333 , 0 , 0 , 0 , 0 , 1 , 0 , 0 , 0 , 0 
24-Aug-2005 11:52,200504,LUTON,FRANCE,NIMES,RYANAIR,D,S, 30 , 0 , 83.3333333333333 , 13.3333333333333 , 3.33333333333333 , 0 , 0 , 0 , 7.96666666666667 , 0 , 0 , 0 , 0 
24-Aug-2005 11:52,200504,LUTON,FRANCE,PARIS (CHARLES DE GAULLE),EASYJET AIRLINE COMPANY LTD,A,S, 90 , 0 , 82.2222222222222 , 11.1111111111111 , 5.55555555555556 , 1.11111111111111 , 0 , 0 , 6.66666666666667 , 0 , 134 , 88.0597014925373 , 7.08208955223881 
24-Aug-2005 11:52,200504,LUTON,FRANCE,PARIS (CHARLES DE GAULLE),EASYJET AIRLINE COMPANY LTD,D,S, 90 , 0 , 80 , 12.2222222222222 , 3.33333333333333 , 3.33333333333333 , 1.11111111111111 , 0 , 13.5111111111111 , 0 , 134 , 79.8507462686567 , 10.5522388059701 
24-Aug-2005 11:52,200504,LUTON,FRANCE,PARIS (LE BOURGET),AIR INDEPENDENCE GMBH,A,C, 0 , 1 , 0 , 0 , 0 , 0 , 0 , 0 , 0 , 0 , 0 , 0 , 0 
24-Aug-2005 11:52,200504,LUTON,FRANCE,PARIS (LE BOURGET),CHALLENGE AIR LUFTVERKEHRS,D,C, 0 , 1 , 0 , 0 , 0 , 0 , 0 , 0 , 0 , 0 , 0 , 0 , 0 
24-Aug-2005 11:52,200504,LUTON,FRANCE,PARIS (LE BOURGET),G5 EXECUTIVE,A,C, 0 , 1 , 0 , 0 , 0 , 0 , 0 , 0 , 0 , 0 , 0 , 0 , 0 
24-Aug-2005 11:52,200504,LUTON,FRANCE,PARIS (LE BOURGET),GESTAIR EXECUTIVE JET,A,C, 0 , 1 , 0 , 0 , 0 , 0 , 0 , 0 , 0 , 0 , 0 , 0 , 0 
24-Aug-2005 11:52,200504,LUTON,FRANCE,PARIS (LE BOURGET),JETNETHERLANDS,A,C, 0 , 1 , 0 , 0 , 0 , 0 , 0 , 0 , 0 , 0 , 0 , 0 , 0 
24-Aug-2005 11:52,200504,LUTON,FRANCE,PARIS (LE BOURGET),METROPIX UK LLP,D,C, 0 , 1 , 0 , 0 , 0 , 0 , 0 , 0 , 0 , 0 , 0 , 0 , 0 
24-Aug-2005 11:52,200504,LUTON,FRANCE,PERPIGNAN,CIRRUS LUFTFAHRT,A,C, 5 , 0 , 60 , 20 , 0 , 20 , 0 , 0 , 27.6 , 0 , 0 , 0 , 0 
24-Aug-2005 11:52,200504,LUTON,FRANCE,PERPIGNAN,CIRRUS LUFTFAHRT,D,C, 5 , 0 , 20 , 80 , 0 , 0 , 0 , 0 , 18 , 0 , 0 , 0 , 0 
24-Aug-2005 11:52,200504,LUTON,FRANCE,TOULON / HYERES,CAT AVIATION,D,C, 0 , 1 , 0 , 0 , 0 , 0 , 0 , 0 , 0 , 0 , 0 , 0 , 0 
24-Aug-2005 11:52,200504,LUTON,FRANCE,TOULOUSE (BLAGNAC),AERO SERVICES EXECUTIVE,A,C, 0 , 1 , 0 , 0 , 0 , 0 , 0 , 0 , 0 , 0 , 0 , 0 , 0 
24-Aug-2005 11:52,200504,LUTON,FRANCE,TOULOUSE (BLAGNAC),AERO SERVICES EXECUTIVE,D,C, 0 , 1 , 0 , 0 , 0 , 0 , 0 , 0 , 0 , 0 , 0 , 0 , 0 
24-Aug-2005 11:52,200504,LUTON,FRANCE,TOULOUSE (BLAGNAC),BRITANNIA AIRWAYS AND THOMSONFLY,A,C, 1 , 0 , 0 , 0 , 0 , 100 , 0 , 0 , 74 , 0 , 0 , 0 , 0 
24-Aug-2005 11:52,200504,LUTON,FRANCE,TOULOUSE (BLAGNAC),EUROPE AIRPOST,D,C, 1 , 0 , 100 , 0 , 0 , 0 , 0 , 0 , 8 , 0 , 0 , 0 , 0 
24-Aug-2005 11:52,200504,LUTON,GERMANY,BERLIN (SCHONEFELD),EASYJET AIRLINE COMPANY LTD,A,S, 81 , 0 , 90.1234567901235 , 8.64197530864197 , 0 , 1.23456790123457 , 0 , 0 , 5.09876543209877 , 0 , 3 , 100 , 0 
24-Aug-2005 11:52,200504,LUTON,GERMANY,BERLIN (SCHONEFELD),EASYJET AIRLINE COMPANY LTD,D,S, 81 , 0 , 88.8888888888889 , 6.17283950617284 , 3.7037037037037 , 1.23456790123457 , 0 , 0 , 7.40740740740741 , 0 , 3 , 100 , 1 
24-Aug-2005 11:52,200504,LUTON,GERMANY,DORTMUND,EASYJET AIRLINE COMPANY LTD,A,S, 51 , 0 , 100 , 0 , 0 , 0 , 0 , 0 , 1.96078431372549E-02 , 0 , 0 , 0 , 0 
24-Aug-2005 11:52,200504,LUTON,GERMANY,DORTMUND,EASYJET AIRLINE COMPANY LTD,D,S, 51 , 0 , 100 , 0 , 0 , 0 , 0 , 0 , 1.3921568627451 , 0 , 0 , 0 , 0 
24-Aug-2005 11:52,200504,LUTON,GERMANY,FRANKFURT MAIN,CHALLENGE AIR LUFTVERKEHRS,A,C, 0 , 1 , 0 , 0 , 0 , 0 , 0 , 0 , 0 , 0 , 0 , 0 , 0 
24-Aug-2005 11:52,200504,LUTON,GERMANY,MUNICH,ACM AIR CHARTER LUFTFAHT,D,C, 0 , 1 , 0 , 0 , 0 , 0 , 0 , 0 , 0 , 0 , 0 , 0 , 0 
24-Aug-2005 11:52,200504,LUTON,GERMANY,MUNICH,CIRRUS LUFTFAHRT,D,C, 0 , 1 , 0 , 0 , 0 , 0 , 0 , 0 , 0 , 0 , 0 , 0 , 0 
24-Aug-2005 11:52,200504,LUTON,GIBRALTAR,GIBRALTAR,MONARCH AIRLINES,A,S, 30 , 0 , 93.3333333333333 , 6.66666666666667 , 0 , 0 , 0 , 0 , 1.2 , 0 , 30 , 80 , 7.93333333333333 
24-Aug-2005 11:52,200504,LUTON,GIBRALTAR,GIBRALTAR,MONARCH AIRLINES,D,S, 30 , 0 , 96.6666666666667 , 3.33333333333333 , 0 , 0 , 0 , 0 , 2.6 , 0 , 30 , 86.6666666666667 , 4.66666666666667 
24-Aug-2005 11:52,200504,LUTON,GREECE,ATHENS,EASYJET AIRLINE COMPANY LTD,A,S, 30 , 0 , 83.3333333333333 , 13.3333333333333 , 0 , 3.33333333333333 , 0 , 0 , 6.46666666666667 , 0 , 60 , 100 , 0.35 
24-Aug-2005 11:52,200504,LUTON,GREECE,ATHENS,EASYJET AIRLINE COMPANY LTD,D,S, 30 , 0 , 80 , 16.6666666666667 , 0 , 3.33333333333333 , 0 , 0 , 8.86666666666667 , 0 , 60 , 95 , 3.98333333333333 
24-Aug-2005 11:52,200504,LUTON,GREECE,ATHENS,INTERJET,D,C, 0 , 1 , 0 , 0 , 0 , 0 , 0 , 0 , 0 , 0 , 0 , 0 , 0 
24-Aug-2005 11:52,200504,LUTON,HUNGARY,BUDAPEST,BRITANNIA AIRWAYS AND THOMSONFLY,A,C, 0 , 0 , 0 , 0 , 0 , 0 , 0 , 0 , 0 , 0 , 1 , 0 , 16 
24-Aug-2005 11:52,200504,LUTON,HUNGARY,BUDAPEST,BRITANNIA AIRWAYS AND THOMSONFLY,D,C, 0 , 0 , 0 , 0 , 0 , 0 , 0 , 0 , 0 , 0 , 1 , 0 , 22 
24-Aug-2005 11:52,200504,LUTON,HUNGARY,BUDAPEST,EASYJET AIRLINE COMPANY LTD,A,S, 60 , 0 , 86.6666666666667 , 6.66666666666667 , 5 , 1.66666666666667 , 0 , 0 , 5.86666666666667 , 0 , 0 , 0 , 0 
24-Aug-2005 11:52,200504,LUTON,HUNGARY,BUDAPEST,EASYJET AIRLINE COMPANY LTD,D,S, 60 , 0 , 85 , 10 , 5 , 0 , 0 , 0 , 7.11666666666667 , 0 , 0 , 0 , 0 
24-Aug-2005 11:52,200504,LUTON,HUNGARY,BUDAPEST,WIZZ AIR,A,S, 47 , 0 , 95.7446808510638 , 4.25531914893617 , 0 , 0 , 0 , 0 , 2.76595744680851 , 0 , 0 , 0 , 0 
24-Aug-2005 11:52,200504,LUTON,HUNGARY,BUDAPEST,WIZZ AIR,D,S, 47 , 0 , 70.2127659574468 , 25.531914893617 , 4.25531914893617 , 0 , 0 , 0 , 9.80851063829787 , 0 , 0 , 0 , 0 
24-Aug-2005 11:52,200504,LUTON,IRISH REPUBLIC,DUBLIN,MONARCH AIRLINES,A,C, 0 , 1 , 0 , 0 , 0 , 0 , 0 , 0 , 0 , 0 , 0 , 0 , 0 
24-Aug-2005 11:52,200504,LUTON,IRISH REPUBLIC,DUBLIN,NORTH AMERICAN AIRLINES,A,C, 0 , 1 , 0 , 0 , 0 , 0 , 0 , 0 , 0 , 0 , 0 , 0 , 0 
24-Aug-2005 11:52,200504,LUTON,IRISH REPUBLIC,DUBLIN,RYANAIR,A,S, 111 , 0 , 76.5765765765766 , 11.7117117117117 , 9.00900900900901 , 1.8018018018018 , 0.900900900900901 , 0 , 12.045045045045 , 0 , 146 , 95.2054794520548 , 3.02739726027397 
24-Aug-2005 11:52,200504,LUTON,IRISH REPUBLIC,DUBLIN,RYANAIR,D,S, 111 , 0 , 90.0900900900901 , 3.6036036036036 , 3.6036036036036 , 1.8018018018018 , 0.900900900900901 , 0 , 7.28828828828829 , 0 , 145 , 95.8620689655173 , 2.37931034482759 
24-Aug-2005 11:52,200504,LUTON,IRISH REPUBLIC,GALWAY,AER ARRAN,A,S, 35 , 8 , 91.4285714285714 , 2.85714285714286 , 2.85714285714286 , 2.85714285714286 , 0 , 0 , 6.4 , 0 , 30 , 90 , 12 
24-Aug-2005 11:52,200504,LUTON,IRISH REPUBLIC,GALWAY,AER ARRAN,D,S, 38 , 5 , 84.2105263157895 , 7.89473684210526 , 0 , 7.89473684210526 , 0 , 0 , 12.6578947368421 , 5 , 30 , 83.3333333333333 , 13.8 
24-Aug-2005 11:52,200504,LUTON,IRISH REPUBLIC,SHANNON,BRITANNIA AIRWAYS AND THOMSONFLY,A,C, 0 , 1 , 0 , 0 , 0 , 0 , 0 , 0 , 0 , 0 , 0 , 0 , 0 
24-Aug-2005 11:52,200504,LUTON,IRISH REPUBLIC,SHANNON,BRITANNIA AIRWAYS AND THOMSONFLY,D,C, 0 , 1 , 0 , 0 , 0 , 0 , 0 , 0 , 0 , 0 , 0 , 0 , 0 
24-Aug-2005 11:52,200504,LUTON,IRISH REPUBLIC,WATERFORD,AER ARRAN,A,S, 30 , 0 , 90 , 0 , 3.33333333333333 , 6.66666666666667 , 0 , 0 , 10.7 , 0 , 30 , 93.3333333333333 , 9.96666666666667 
24-Aug-2005 11:52,200504,LUTON,IRISH REPUBLIC,WATERFORD,AER ARRAN,D,S, 30 , 0 , 93.3333333333333 , 0 , 0 , 6.66666666666667 , 0 , 0 , 10.6333333333333 , 0 , 30 , 93.3333333333333 , 11.6333333333333 
24-Aug-2005 11:52,200504,LUTON,ISRAEL,ELAT,TYROLEAN JET SERVICES,A,C, 0 , 1 , 0 , 0 , 0 , 0 , 0 , 0 , 0 , 0 , 0 , 0 , 0 
24-Aug-2005 11:52,200504,LUTON,ISRAEL,OVDA,BRITANNIA AIRWAYS AND THOMSONFLY,A,C, 0 , 0 , 0 , 0 , 0 , 0 , 0 , 0 , 0 , 0 , 1 , 0 , 24 
24-Aug-2005 11:52,200504,LUTON,ISRAEL,OVDA,BRITANNIA AIRWAYS AND THOMSONFLY,D,C, 1 , 0 , 0 , 0 , 0 , 100 , 0 , 0 , 139 , 0 , 1 , 100 , 13 
24-Aug-2005 11:52,200504,LUTON,ISRAEL,OVDA,FIRST CHOICE AIRWAYS LTD,A,C, 0 , 3 , 0 , 0 , 0 , 0 , 0 , 0 , 0 , 0 , 1 , 100 , 7 
24-Aug-2005 11:52,200504,LUTON,ISRAEL,OVDA,FIRST CHOICE AIRWAYS LTD,D,C, 3 , 0 , 33.3333333333333 , 66.6666666666667 , 0 , 0 , 0 , 0 , 15 , 0 , 1 , 0 , 74 
24-Aug-2005 11:52,200504,LUTON,ISRAEL,OVDA,MONARCH AIRLINES,A,C, 0 , 0 , 0 , 0 , 0 , 0 , 0 , 0 , 0 , 0 , 1 , 0 , 49 
24-Aug-2005 11:52,200504,LUTON,ISRAEL,OVDA,MONARCH AIRLINES,D,C, 0 , 0 , 0 , 0 , 0 , 0 , 0 , 0 , 0 , 0 , 1 , 100 , 4 
24-Aug-2005 11:52,200504,LUTON,ISRAEL,TEL AVIV,BRITANNIA AIRWAYS AND THOMSONFLY,A,C, 0 , 0 , 0 , 0 , 0 , 0 , 0 , 0 , 0 , 0 , 2 , 0 , 195 
24-Aug-2005 11:52,200504,LUTON,ISRAEL,TEL AVIV,BRITANNIA AIRWAYS AND THOMSONFLY,D,C, 1 , 0 , 100 , 0 , 0 , 0 , 0 , 0 , 15 , 0 , 3 , 0 , 55.3333333333333 
24-Aug-2005 11:52,200504,LUTON,ISRAEL,TEL AVIV,CHALLENGE AIR LUFTVERKEHRS,D,C, 0 , 1 , 0 , 0 , 0 , 0 , 0 , 0 , 0 , 0 , 0 , 0 , 0 
24-Aug-2005 11:52,200504,LUTON,ISRAEL,TEL AVIV,COMTEL-AIR,D,C, 0 , 1 , 0 , 0 , 0 , 0 , 0 , 0 , 0 , 0 , 0 , 0 , 0 
24-Aug-2005 11:52,200504,LUTON,ISRAEL,TEL AVIV,EXCEL AIRWAYS LTD,A,C, 0 , 0 , 0 , 0 , 0 , 0 , 0 , 0 , 0 , 0 , 1 , 0 , 31 
24-Aug-2005 11:52,200504,LUTON,ISRAEL,TEL AVIV,EXCEL AIRWAYS LTD,D,C, 1 , 0 , 0 , 0 , 100 , 0 , 0 , 0 , 33 , 0 , 0 , 0 , 0 
24-Aug-2005 11:52,200504,LUTON,ISRAEL,TEL AVIV,FLYJET LTD,D,C, 1 , 0 , 100 , 0 , 0 , 0 , 0 , 0 , 12 , 0 , 0 , 0 , 0 
24-Aug-2005 11:52,200504,LUTON,ISRAEL,TEL AVIV,MONARCH AIRLINES,A,C, 0 , 0 , 0 , 0 , 0 , 0 , 0 , 0 , 0 , 0 , 3 , 0 , 81.3333333333333 
24-Aug-2005 11:52,200504,LUTON,ISRAEL,TEL AVIV,MONARCH AIRLINES,D,C, 0 , 0 , 0 , 0 , 0 , 0 , 0 , 0 , 0 , 0 , 2 , 0 , 46.5 
24-Aug-2005 11:52,200504,LUTON,ISRAEL,TEL AVIV,MY TRAVEL AIRWAYS UK,D,C, 1 , 0 , 0 , 0 , 100 , 0 , 0 , 0 , 31 , 0 , 0 , 0 , 0 
24-Aug-2005 11:52,200504,LUTON,ISRAEL,TEL AVIV,TYROLEAN JET SERVICES,D,C, 0 , 1 , 0 , 0 , 0 , 0 , 0 , 0 , 0 , 0 , 0 , 0 , 0 
24-Aug-2005 11:52,200504,LUTON,ITALY,BERGAMO,RYANAIR,A,S, 60 , 0 , 96.6666666666667 , 1.66666666666667 , 0 , 1.66666666666667 , 0 , 0 , 3.41666666666667 , 0 , 60 , 93.3333333333333 , 10.45 
24-Aug-2005 11:52,200504,LUTON,ITALY,BERGAMO,RYANAIR,D,S, 60 , 0 , 96.6666666666667 , 1.66666666666667 , 0 , 1.66666666666667 , 0 , 0 , 4.98333333333333 , 0 , 60 , 88.3333333333333 , 13.1166666666667 
24-Aug-2005 11:52,200504,LUTON,ITALY,BOLOGNA,G5 EXECUTIVE,A,C, 0 , 1 , 0 , 0 , 0 , 0 , 0 , 0 , 0 , 0 , 0 , 0 , 0 
24-Aug-2005 11:52,200504,LUTON,ITALY,BOLOGNA,NORTH AMERICAN AIRLINES,D,C, 0 , 1 , 0 , 0 , 0 , 0 , 0 , 0 , 0 , 0 , 0 , 0 , 0 
24-Aug-2005 11:52,200504,LUTON,ITALY,CAGLIARI (ELMAS),EASYJET AIRLINE COMPANY LTD,A,S, 10 , 0 , 20 , 30 , 40 , 0 , 10 , 0 , 41.2 , 0 , 0 , 0 , 0 
24-Aug-2005 11:52,200504,LUTON,ITALY,CAGLIARI (ELMAS),EASYJET AIRLINE COMPANY LTD,D,S, 9 , 1 , 55.5555555555556 , 44.4444444444444 , 0 , 0 , 0 , 0 , 15.2222222222222 , 1 , 0 , 0 , 0 
24-Aug-2005 11:52,200504,LUTON,ITALY,CAGLIARI (ELMAS),VOLARE AIRLINES,A,S, 0 , 0 , 0 , 0 , 0 , 0 , 0 , 0 , 0 , 0 , 13 , 0 , 87.2307692307692 
24-Aug-2005 11:52,200504,LUTON,ITALY,CAGLIARI (ELMAS),VOLARE AIRLINES,D,S, 0 , 0 , 0 , 0 , 0 , 0 , 0 , 0 , 0 , 0 , 13 , 0 , 109.230769230769 
24-Aug-2005 11:52,200504,LUTON,ITALY,FLORENCE,SIRIO,A,C, 0 , 1 , 0 , 0 , 0 , 0 , 0 , 0 , 0 , 0 , 0 , 0 , 0 
24-Aug-2005 11:52,200504,LUTON,ITALY,MILAN (LINATE),JETALLIANCE FLUGBETTRIEBS,D,C, 0 , 1 , 0 , 0 , 0 , 0 , 0 , 0 , 0 , 0 , 0 , 0 , 0 
24-Aug-2005 11:52,200504,LUTON,ITALY,PERUGIA,CIRRUS LUFTFAHRT,D,C, 0 , 1 , 0 , 0 , 0 , 0 , 0 , 0 , 0 , 0 , 0 , 0 , 0 
24-Aug-2005 11:52,200504,LUTON,ITALY,ROME (CIAMPINO),EASYJET AIRLINE COMPANY LTD,D,S, 0 , 1 , 0 , 0 , 0 , 0 , 0 , 0 , 0 , 0 , 0 , 0 , 0 
24-Aug-2005 11:52,200504,LUTON,ITALY,ROME (CIAMPINO),EUROFLY SERVICE SPA,A,C, 0 , 1 , 0 , 0 , 0 , 0 , 0 , 0 , 0 , 0 , 0 , 0 , 0 
24-Aug-2005 11:52,200504,LUTON,ITALY,ROME (CIAMPINO),EUROFLY SERVICE SPA,D,C, 0 , 1 , 0 , 0 , 0 , 0 , 0 , 0 , 0 , 0 , 0 , 0 , 0 
24-Aug-2005 11:52,200504,LUTON,ITALY,ROME (CIAMPINO),RYANAIR,A,S, 29 , 1 , 65.5172413793103 , 13.7931034482759 , 13.7931034482759 , 6.89655172413793 , 0 , 0 , 14.8965517241379 , 0 , 0 , 0 , 0 
24-Aug-2005 11:52,200504,LUTON,ITALY,ROME (CIAMPINO),RYANAIR,D,S, 29 , 1 , 79.3103448275862 , 17.2413793103448 , 3.44827586206897 , 0 , 0 , 0 , 8.68965517241379 , 1 , 0 , 0 , 0 
24-Aug-2005 11:52,200504,LUTON,ITALY,TREVISO,RYANAIR,A,S, 30 , 0 , 90 , 6.66666666666667 , 0 , 0 , 3.33333333333333 , 0 , 12.5333333333333 , 0 , 0 , 0 , 0 
24-Aug-2005 11:52,200504,LUTON,ITALY,TREVISO,RYANAIR,D,S, 30 , 0 , 80 , 13.3333333333333 , 3.33333333333333 , 0 , 3.33333333333333 , 0 , 15.4666666666667 , 0 , 0 , 0 , 0 
24-Aug-2005 11:52,200504,LUTON,ITALY,TURIN,EASYJET AIRLINE COMPANY LTD,A,S, 30 , 0 , 90 , 0 , 3.33333333333333 , 6.66666666666667 , 0 , 0 , 8.56666666666667 , 0 , 0 , 0 , 0 
24-Aug-2005 11:52,200504,LUTON,ITALY,TURIN,EASYJET AIRLINE COMPANY LTD,D,S, 30 , 0 , 90 , 6.66666666666667 , 0 , 3.33333333333333 , 0 , 0 , 7.7 , 0 , 0 , 0 , 0 
24-Aug-2005 11:52,200504,LUTON,ITALY,TURIN,EUROFLY SERVICE SPA,A,C, 0 , 1 , 0 , 0 , 0 , 0 , 0 , 0 , 0 , 0 , 0 , 0 , 0 
24-Aug-2005 11:52,200504,LUTON,ITALY,TURIN,EUROFLY SERVICE SPA,D,C, 0 , 1 , 0 , 0 , 0 , 0 , 0 , 0 , 0 , 0 , 0 , 0 , 0 
24-Aug-2005 11:52,200504,LUTON,ITALY,TURIN,SIRIO,D,C, 0 , 1 , 0 , 0 , 0 , 0 , 0 , 0 , 0 , 0 , 0 , 0 , 0 
24-Aug-2005 11:52,200504,LUTON,KAZAKHSTAN,ALMA ATA,EXECUJET CHARTER AG,A,C, 0 , 1 , 0 , 0 , 0 , 0 , 0 , 0 , 0 , 0 , 0 , 0 , 0 
24-Aug-2005 11:52,200504,LUTON,KAZAKHSTAN,ALMA ATA,EXECUJET CHARTER AG,D,C, 0 , 1 , 0 , 0 , 0 , 0 , 0 , 0 , 0 , 0 , 0 , 0 , 0 
24-Aug-2005 11:52,200504,LUTON,KUWAIT,KUWAIT,KUWAIT AIRWAYS,A,C, 0 , 1 , 0 , 0 , 0 , 0 , 0 , 0 , 0 , 0 , 0 , 0 , 0 
24-Aug-2005 11:52,200504,LUTON,LIBYA,MITIGA,LUXFLIGHT EXECUTIVE,D,C, 0 , 1 , 0 , 0 , 0 , 0 , 0 , 0 , 0 , 0 , 0 , 0 , 0 
24-Aug-2005 11:52,200504,LUTON,MALTA,MALTA,BRITANNIA AIRWAYS AND THOMSONFLY,A,C, 0 , 0 , 0 , 0 , 0 , 0 , 0 , 0 , 0 , 0 , 3 , 66.6666666666667 , 16.3333333333333 
24-Aug-2005 11:52,200504,LUTON,MALTA,MALTA,BRITANNIA AIRWAYS AND THOMSONFLY,D,C, 0 , 0 , 0 , 0 , 0 , 0 , 0 , 0 , 0 , 0 , 4 , 75 , 5.5 
24-Aug-2005 11:52,200504,LUTON,NETHERLANDS,AMSTERDAM,ACM AIR CHARTER LUFTFAHT,A,C, 0 , 1 , 0 , 0 , 0 , 0 , 0 , 0 , 0 , 0 , 0 , 0 , 0 
24-Aug-2005 11:52,200504,LUTON,NETHERLANDS,AMSTERDAM,EASYJET AIRLINE COMPANY LTD,A,S, 141 , 0 , 79.4326241134752 , 12.7659574468085 , 6.38297872340426 , 1.41843971631206 , 0 , 0 , 8.49645390070922 , 0 , 160 , 75 , 10.0625 
24-Aug-2005 11:52,200504,LUTON,NETHERLANDS,AMSTERDAM,EASYJET AIRLINE COMPANY LTD,D,S, 141 , 0 , 76.5957446808511 , 10.6382978723404 , 11.3475177304965 , 1.41843971631206 , 0 , 0 , 11.4042553191489 , 0 , 160 , 82.5 , 7.95 
24-Aug-2005 11:52,200504,LUTON,NETHERLANDS,AMSTERDAM,FLYING SERVICE,A,C, 0 , 1 , 0 , 0 , 0 , 0 , 0 , 0 , 0 , 0 , 0 , 0 , 0 
24-Aug-2005 11:52,200504,LUTON,NETHERLANDS,AMSTERDAM,JETALLIANCE FLUGBETTRIEBS,D,C, 0 , 1 , 0 , 0 , 0 , 0 , 0 , 0 , 0 , 0 , 0 , 0 , 0 
24-Aug-2005 11:52,200504,LUTON,NETHERLANDS,AMSTERDAM,TRANSAVIA,A,C, 0 , 0 , 0 , 0 , 0 , 0 , 0 , 0 , 0 , 0 , 1 , 100 , 0 
24-Aug-2005 11:52,200504,LUTON,NETHERLANDS,ROTTERDAM,ACM AIR CHARTER LUFTFAHT,A,C, 0 , 1 , 0 , 0 , 0 , 0 , 0 , 0 , 0 , 0 , 0 , 0 , 0 
24-Aug-2005 11:52,200504,LUTON,POLAND,GDANSK,WIZZ AIR,A,S, 21 , 0 , 85.7142857142857 , 9.52380952380952 , 4.76190476190476 , 0 , 0 , 0 , 7.33333333333333 , 0 , 0 , 0 , 0 
24-Aug-2005 11:52,200504,LUTON,POLAND,GDANSK,WIZZ AIR,D,S, 21 , 0 , 80.9523809523809 , 14.2857142857143 , 4.76190476190476 , 0 , 0 , 0 , 8.33333333333333 , 0 , 0 , 0 , 0 
24-Aug-2005 11:52,200504,LUTON,POLAND,KATOWICE,WIZZ AIR,A,S, 51 , 0 , 96.078431372549 , 1.96078431372549 , 0 , 1.96078431372549 , 0 , 0 , 3 , 0 , 0 , 0 , 0 
24-Aug-2005 11:52,200504,LUTON,POLAND,KATOWICE,WIZZ AIR,D,S, 51 , 0 , 70.5882352941176 , 19.6078431372549 , 7.84313725490196 , 1.96078431372549 , 0 , 0 , 12.5098039215686 , 0 , 0 , 0 , 0 
24-Aug-2005 11:52,200504,LUTON,POLAND,KRAKOW,ASTRAEUS LTD,A,C, 1 , 0 , 0 , 0 , 0 , 100 , 0 , 0 , 86 , 0 , 0 , 0 , 0 
24-Aug-2005 11:52,200504,LUTON,POLAND,KRAKOW,ASTRAEUS LTD,D,C, 1 , 0 , 0 , 100 , 0 , 0 , 0 , 0 , 29 , 0 , 0 , 0 , 0 
24-Aug-2005 11:52,200504,LUTON,POLAND,KRAKOW,EASYJET AIRLINE COMPANY LTD,A,S, 30 , 0 , 100 , 0 , 0 , 0 , 0 , 0 , 0.166666666666667 , 0 , 0 , 0 , 0 
24-Aug-2005 11:52,200504,LUTON,POLAND,KRAKOW,EASYJET AIRLINE COMPANY LTD,D,S, 30 , 0 , 100 , 0 , 0 , 0 , 0 , 0 , 2.7 , 0 , 0 , 0 , 0 
24-Aug-2005 11:52,200504,LUTON,POLAND,WARSAW,EASYJET AIRLINE COMPANY LTD,A,S, 51 , 0 , 96.078431372549 , 0 , 1.96078431372549 , 1.96078431372549 , 0 , 0 , 2.76470588235294 , 0 , 0 , 0 , 0 
24-Aug-2005 11:52,200504,LUTON,POLAND,WARSAW,EASYJET AIRLINE COMPANY LTD,D,S, 51 , 0 , 78.4313725490196 , 19.6078431372549 , 1.96078431372549 , 0 , 0 , 0 , 6.88235294117647 , 0 , 0 , 0 , 0 
24-Aug-2005 11:52,200504,LUTON,POLAND,WARSAW,WIZZ AIR,A,S, 30 , 0 , 100 , 0 , 0 , 0 , 0 , 0 , 0.566666666666667 , 0 , 0 , 0 , 0 
24-Aug-2005 11:52,200504,LUTON,POLAND,WARSAW,WIZZ AIR,D,S, 30 , 0 , 73.3333333333333 , 23.3333333333333 , 3.33333333333333 , 0 , 0 , 0 , 9.4 , 0 , 0 , 0 , 0 
24-Aug-2005 11:52,200504,LUTON,PORTUGAL(EXCLUDING MADEIRA),FARO,BRITANNIA AIRWAYS AND THOMSONFLY,A,C, 0 , 1 , 0 , 0 , 0 , 0 , 0 , 0 , 0 , 0 , 3 , 66.6666666666667 , 121 
24-Aug-2005 11:52,200504,LUTON,PORTUGAL(EXCLUDING MADEIRA),FARO,BRITANNIA AIRWAYS AND THOMSONFLY,D,C, 0 , 1 , 0 , 0 , 0 , 0 , 0 , 0 , 0 , 0 , 4 , 75 , 102 
24-Aug-2005 11:52,200504,LUTON,PORTUGAL(EXCLUDING MADEIRA),FARO,EASYJET AIRLINE COMPANY LTD,A,S, 34 , 0 , 94.1176470588235 , 2.94117647058824 , 2.94117647058824 , 0 , 0 , 0 , 3.38235294117647 , 1 , 58 , 96.551724137931 , 2.29310344827586 
24-Aug-2005 11:52,200504,LUTON,PORTUGAL(EXCLUDING MADEIRA),FARO,EASYJET AIRLINE COMPANY LTD,D,S, 35 , 0 , 88.5714285714286 , 8.57142857142857 , 0 , 2.85714285714286 , 0 , 0 , 7.48571428571429 , 0 , 58 , 91.3793103448276 , 5.06896551724138 
24-Aug-2005 11:52,200504,LUTON,PORTUGAL(EXCLUDING MADEIRA),FARO,FIRST CHOICE AIRWAYS LTD,A,C, 0 , 0 , 0 , 0 , 0 , 0 , 0 , 0 , 0 , 0 , 3 , 100 , 0 
24-Aug-2005 11:52,200504,LUTON,PORTUGAL(EXCLUDING MADEIRA),FARO,FIRST CHOICE AIRWAYS LTD,D,C, 0 , 0 , 0 , 0 , 0 , 0 , 0 , 0 , 0 , 0 , 5 , 100 , 1.6 
24-Aug-2005 11:52,200504,LUTON,PORTUGAL(EXCLUDING MADEIRA),FARO,MONARCH AIRLINES,A,S, 13 , 0 , 92.3076923076923 , 7.69230769230769 , 0 , 0 , 0 , 0 , 3.84615384615385 , 0 , 13 , 69.2307692307692 , 14.4615384615385 
24-Aug-2005 11:52,200504,LUTON,PORTUGAL(EXCLUDING MADEIRA),FARO,MONARCH AIRLINES,D,S, 13 , 0 , 76.9230769230769 , 15.3846153846154 , 7.69230769230769 , 0 , 0 , 0 , 10.8461538461538 , 0 , 13 , 92.3076923076923 , 6.76923076923077 
24-Aug-2005 11:52,200504,LUTON,PORTUGAL(MADEIRA),FUNCHAL,BRITANNIA AIRWAYS AND THOMSONFLY,A,C, 4 , 0 , 25 , 50 , 0 , 25 , 0 , 0 , 36.75 , 0 , 4 , 100 , 3 
24-Aug-2005 11:52,200504,LUTON,PORTUGAL(MADEIRA),FUNCHAL,BRITANNIA AIRWAYS AND THOMSONFLY,D,C, 4 , 0 , 100 , 0 , 0 , 0 , 0 , 0 , 7.25 , 0 , 4 , 100 , 2 
24-Aug-2005 11:52,200504,LUTON,RUSSIA,MOSCOW (DOMODEDOVO),AIR INDEPENDENCE GMBH,D,C, 0 , 1 , 0 , 0 , 0 , 0 , 0 , 0 , 0 , 0 , 0 , 0 , 0 
24-Aug-2005 11:52,200504,LUTON,RUSSIA,MOSCOW (DOMODEDOVO),EXECUJET CHARTER AG,D,C, 0 , 1 , 0 , 0 , 0 , 0 , 0 , 0 , 0 , 0 , 0 , 0 , 0 
24-Aug-2005 11:52,200504,LUTON,RUSSIA,MOSCOW (VNUKOVO),ACM AIR CHARTER LUFTFAHT,D,C, 0 , 2 , 0 , 0 , 0 , 0 , 0 , 0 , 0 , 0 , 0 , 0 , 0 
24-Aug-2005 11:52,200504,LUTON,RUSSIA,MOSCOW (VNUKOVO),AIR INDEPENDENCE GMBH,D,C, 0 , 1 , 0 , 0 , 0 , 0 , 0 , 0 , 0 , 0 , 0 , 0 , 0 
24-Aug-2005 11:52,200504,LUTON,RUSSIA,MOSCOW (VNUKOVO),CIRRUS LUFTFAHRT,A,C, 0 , 1 , 0 , 0 , 0 , 0 , 0 , 0 , 0 , 0 , 0 , 0 , 0 
24-Aug-2005 11:52,200504,LUTON,RUSSIA,MOSCOW (VNUKOVO),EXECUJET CHARTER AG,A,C, 0 , 1 , 0 , 0 , 0 , 0 , 0 , 0 , 0 , 0 , 0 , 0 , 0 
24-Aug-2005 11:52,200504,LUTON,RUSSIA,MOSCOW (VNUKOVO),EXECUJET CHARTER AG,D,C, 0 , 1 , 0 , 0 , 0 , 0 , 0 , 0 , 0 , 0 , 0 , 0 , 0 
24-Aug-2005 11:52,200504,LUTON,RUSSIA,MOSCOW (VNUKOVO),SERVAIR,D,C, 0 , 1 , 0 , 0 , 0 , 0 , 0 , 0 , 0 , 0 , 0 , 0 , 0 
24-Aug-2005 11:52,200504,LUTON,RUSSIA,MOSCOW (VNUKOVO),YAK SERVICE,A,C, 0 , 0 , 0 , 0 , 0 , 0 , 0 , 0 , 0 , 0 , 1 , 0 , 46 
24-Aug-2005 11:52,200504,LUTON,RUSSIA,ST PETERSBURG,JETALLIANCE FLUGBETTRIEBS,A,C, 0 , 1 , 0 , 0 , 0 , 0 , 0 , 0 , 0 , 0 , 0 , 0 , 0 
24-Aug-2005 11:52,200504,LUTON,SAUDI ARABIA,RIYADH,AIR INDEPENDENCE GMBH,D,C, 0 , 1 , 0 , 0 , 0 , 0 , 0 , 0 , 0 , 0 , 0 , 0 , 0 
24-Aug-2005 11:52,200504,LUTON,SLOVAK REPUBLIC,BRATISLAVA,EASYJET AIRLINE COMPANY LTD,A,S, 30 , 0 , 90 , 6.66666666666667 , 3.33333333333333 , 0 , 0 , 0 , 3.5 , 0 , 0 , 0 , 0 
24-Aug-2005 11:52,200504,LUTON,SLOVAK REPUBLIC,BRATISLAVA,EASYJET AIRLINE COMPANY LTD,D,S, 30 , 0 , 80 , 10 , 10 , 0 , 0 , 0 , 9.83333333333333 , 0 , 0 , 0 , 0 
24-Aug-2005 11:52,200504,LUTON,SPAIN,ALICANTE,BRITANNIA AIRWAYS AND THOMSONFLY,A,C, 4 , 1 , 100 , 0 , 0 , 0 , 0 , 0 , 2.75 , 0 , 4 , 75 , 9.75 
24-Aug-2005 11:52,200504,LUTON,SPAIN,ALICANTE,BRITANNIA AIRWAYS AND THOMSONFLY,D,C, 4 , 1 , 100 , 0 , 0 , 0 , 0 , 0 , 0 , 0 , 4 , 100 , 2.25 
24-Aug-2005 11:52,200504,LUTON,SPAIN,ALICANTE,EASYJET AIRLINE COMPANY LTD,A,S, 60 , 0 , 88.3333333333333 , 8.33333333333333 , 1.66666666666667 , 1.66666666666667 , 0 , 0 , 6.45 , 1 , 59 , 86.4406779661017 , 13.1525423728814 
24-Aug-2005 11:52,200504,LUTON,SPAIN,ALICANTE,EASYJET AIRLINE COMPANY LTD,D,S, 60 , 2 , 78.3333333333333 , 15 , 3.33333333333333 , 1.66666666666667 , 1.66666666666667 , 0 , 14.75 , 0 , 60 , 85 , 13.8833333333333 
24-Aug-2005 11:52,200504,LUTON,SPAIN,ALICANTE,MONARCH AIRLINES,A,S, 30 , 0 , 90 , 10 , 0 , 0 , 0 , 0 , 3.63333333333333 , 0 , 30 , 86.6666666666667 , 17.4666666666667 
24-Aug-2005 11:52,200504,LUTON,SPAIN,ALICANTE,MONARCH AIRLINES,D,S, 30 , 0 , 93.3333333333333 , 3.33333333333333 , 3.33333333333333 , 0 , 0 , 0 , 3.3 , 0 , 30 , 83.3333333333333 , 19.8666666666667 
24-Aug-2005 11:52,200504,LUTON,SPAIN,BARCELONA,EASYJET AIRLINE COMPANY LTD,A,S, 90 , 1 , 74.4444444444444 , 13.3333333333333 , 10 , 2.22222222222222 , 0 , 0 , 10.4777777777778 , 0 , 120 , 85.8333333333333 , 9.5 
24-Aug-2005 11:52,200504,LUTON,SPAIN,BARCELONA,EASYJET AIRLINE COMPANY LTD,D,S, 90 , 0 , 72.2222222222222 , 14.4444444444444 , 11.1111111111111 , 2.22222222222222 , 0 , 0 , 13.6 , 0 , 120 , 75 , 13.925 
24-Aug-2005 11:52,200504,LUTON,SPAIN,GERONA,RYANAIR,A,S, 29 , 0 , 89.6551724137931 , 10.3448275862069 , 0 , 0 , 0 , 0 , 4.68965517241379 , 1 , 0 , 0 , 0 
24-Aug-2005 11:52,200504,LUTON,SPAIN,GERONA,RYANAIR,D,S, 30 , 0 , 100 , 0 , 0 , 0 , 0 , 0 , 1.83333333333333 , 0 , 0 , 0 , 0 
24-Aug-2005 11:52,200504,LUTON,SPAIN,JEREZ,G5 EXECUTIVE,A,C, 0 , 1 , 0 , 0 , 0 , 0 , 0 , 0 , 0 , 0 , 0 , 0 , 0 
24-Aug-2005 11:52,200504,LUTON,SPAIN,JEREZ,G5 EXECUTIVE,D,C, 0 , 1 , 0 , 0 , 0 , 0 , 0 , 0 , 0 , 0 , 0 , 0 , 0 
24-Aug-2005 11:52,200504,LUTON,SPAIN,MADRID,EASYJET AIRLINE COMPANY LTD,A,S, 60 , 0 , 100 , 0 , 0 , 0 , 0 , 0 , 1.11666666666667 , 0 , 60 , 80 , 9.68333333333333 
24-Aug-2005 11:52,200504,LUTON,SPAIN,MADRID,EASYJET AIRLINE COMPANY LTD,D,S, 60 , 0 , 83.3333333333333 , 13.3333333333333 , 3.33333333333333 , 0 , 0 , 0 , 7.15 , 0 , 60 , 71.6666666666667 , 14.1666666666667 
24-Aug-2005 11:52,200504,LUTON,SPAIN,MAHON,MONARCH AIRLINES,A,S, 13 , 0 , 100 , 0 , 0 , 0 , 0 , 0 , 0.153846153846154 , 0 , 13 , 100 , 0 
24-Aug-2005 11:52,200504,LUTON,SPAIN,MAHON,MONARCH AIRLINES,D,S, 13 , 0 , 92.3076923076923 , 7.69230769230769 , 0 , 0 , 0 , 0 , 9.76923076923077 , 0 , 13 , 100 , 2 
24-Aug-2005 11:52,200504,LUTON,SPAIN,MALAGA,BRITANNIA AIRWAYS AND THOMSONFLY,A,C, 4 , 0 , 100 , 0 , 0 , 0 , 0 , 0 , 3.25 , 0 , 8 , 75 , 15 
24-Aug-2005 11:52,200504,LUTON,SPAIN,MALAGA,BRITANNIA AIRWAYS AND THOMSONFLY,D,C, 4 , 0 , 100 , 0 , 0 , 0 , 0 , 0 , 4.75 , 0 , 9 , 77.7777777777778 , 23 
24-Aug-2005 11:52,200504,LUTON,SPAIN,MALAGA,EASYJET AIRLINE COMPANY LTD,A,S, 83 , 0 , 85.5421686746988 , 7.2289156626506 , 3.6144578313253 , 1.20481927710843 , 2.40963855421687 , 0 , 11.8192771084337 , 0 , 78 , 69.2307692307692 , 12.7179487179487 
24-Aug-2005 11:52,200504,LUTON,SPAIN,MALAGA,EASYJET AIRLINE COMPANY LTD,D,S, 83 , 0 , 80.7228915662651 , 9.63855421686747 , 4.81927710843374 , 2.40963855421687 , 2.40963855421687 , 0 , 15.8915662650602 , 0 , 80 , 73.75 , 17.0875 
24-Aug-2005 11:52,200504,LUTON,SPAIN,MALAGA,G5 EXECUTIVE,D,C, 0 , 1 , 0 , 0 , 0 , 0 , 0 , 0 , 0 , 0 , 0 , 0 , 0 
24-Aug-2005 11:52,200504,LUTON,SPAIN,MALAGA,MONARCH AIRLINES,A,S, 35 , 0 , 91.4285714285714 , 5.71428571428571 , 0 , 2.85714285714286 , 0 , 0 , 5.68571428571429 , 0 , 34 , 85.2941176470588 , 9.73529411764706 
24-Aug-2005 11:52,200504,LUTON,SPAIN,MALAGA,MONARCH AIRLINES,D,S, 35 , 0 , 94.2857142857143 , 2.85714285714286 , 0 , 2.85714285714286 , 0 , 0 , 4.02857142857143 , 0 , 34 , 85.2941176470588 , 7.11764705882353 
24-Aug-2005 11:52,200504,LUTON,SPAIN,MURCIA SAN JAVIER,RYANAIR,A,S, 30 , 0 , 96.6666666666667 , 0 , 3.33333333333333 , 0 , 0 , 0 , 1.5 , 0 , 0 , 0 , 0 
24-Aug-2005 11:52,200504,LUTON,SPAIN,MURCIA SAN JAVIER,RYANAIR,D,S, 30 , 0 , 86.6666666666667 , 3.33333333333333 , 6.66666666666667 , 3.33333333333333 , 0 , 0 , 7.86666666666667 , 0 , 0 , 0 , 0 
24-Aug-2005 11:52,200504,LUTON,SPAIN,PALMA DE MALLORCA,BRITANNIA AIRWAYS AND THOMSONFLY,A,C, 4 , 0 , 75 , 0 , 0 , 25 , 0 , 0 , 19.75 , 0 , 4 , 100 , 0 
24-Aug-2005 11:52,200504,LUTON,SPAIN,PALMA DE MALLORCA,BRITANNIA AIRWAYS AND THOMSONFLY,D,C, 4 , 0 , 25 , 25 , 25 , 25 , 0 , 0 , 41.75 , 0 , 4 , 100 , 1.5 
24-Aug-2005 11:52,200504,LUTON,SPAIN,PALMA DE MALLORCA,EASYJET AIRLINE COMPANY LTD,A,S, 47 , 1 , 78.7234042553192 , 14.8936170212766 , 2.12765957446809 , 4.25531914893617 , 0 , 0 , 8.53191489361702 , 0 , 68 , 85.2941176470588 , 92.7941176470588 
24-Aug-2005 11:52,200504,LUTON,SPAIN,PALMA DE MALLORCA,EASYJET AIRLINE COMPANY LTD,D,S, 48 , 0 , 83.3333333333333 , 6.25 , 6.25 , 4.16666666666667 , 0 , 0 , 11.2083333333333 , 0 , 68 , 79.4117647058824 , 14.9705882352941 
24-Aug-2005 11:52,200504,LUTON,SPAIN,PALMA DE MALLORCA,EUROPEAN AIR CHARTER,A,C, 0 , 0 , 0 , 0 , 0 , 0 , 0 , 0 , 0 , 0 , 2 , 100 , 7.5 
24-Aug-2005 11:52,200504,LUTON,SPAIN,PALMA DE MALLORCA,EUROPEAN AIR CHARTER,D,C, 0 , 0 , 0 , 0 , 0 , 0 , 0 , 0 , 0 , 0 , 3 , 100 , 0.333333333333333 
24-Aug-2005 11:52,200504,LUTON,SPAIN,PALMA DE MALLORCA,FIRST CHOICE AIRWAYS LTD,A,C, 0 , 0 , 0 , 0 , 0 , 0 , 0 , 0 , 0 , 0 , 3 , 100 , 1.33333333333333 
24-Aug-2005 11:52,200504,LUTON,SPAIN,PALMA DE MALLORCA,FIRST CHOICE AIRWAYS LTD,D,C, 1 , 0 , 0 , 100 , 0 , 0 , 0 , 0 , 25 , 0 , 2 , 100 , 1 
24-Aug-2005 11:52,200504,LUTON,SPAIN,PALMA DE MALLORCA,SPANAIR,A,C, 0 , 0 , 0 , 0 , 0 , 0 , 0 , 0 , 0 , 0 , 1 , 100 , 0 
24-Aug-2005 11:52,200504,LUTON,SPAIN,PALMA DE MALLORCA,SPANAIR,D,C, 0 , 0 , 0 , 0 , 0 , 0 , 0 , 0 , 0 , 0 , 1 , 100 , 0 
24-Aug-2005 11:52,200504,LUTON,SPAIN,REUS,RYANAIR,A,S, 35 , 0 , 97.1428571428571 , 0 , 2.85714285714286 , 0 , 0 , 0 , 1.31428571428571 , 0 , 0 , 0 , 0 
24-Aug-2005 11:52,200504,LUTON,SPAIN,REUS,RYANAIR,D,S, 34 , 0 , 100 , 0 , 0 , 0 , 0 , 0 , 2.82352941176471 , 1 , 0 , 0 , 0 
24-Aug-2005 11:52,200504,LUTON,SPAIN,TORREJON DE ARDOZ,G5 EXECUTIVE,A,C, 0 , 1 , 0 , 0 , 0 , 0 , 0 , 0 , 0 , 0 , 0 , 0 , 0 
24-Aug-2005 11:52,200504,LUTON,SPAIN,TORREJON DE ARDOZ,G5 EXECUTIVE,D,C, 0 , 1 , 0 , 0 , 0 , 0 , 0 , 0 , 0 , 0 , 0 , 0 , 0 
24-Aug-2005 11:52,200504,LUTON,SPAIN,TORREJON DE ARDOZ,GESTAIR EXECUTIVE JET,A,C, 0 , 1 , 0 , 0 , 0 , 0 , 0 , 0 , 0 , 0 , 0 , 0 , 0 
24-Aug-2005 11:52,200504,LUTON,SPAIN,TORREJON DE ARDOZ,GESTAIR EXECUTIVE JET,D,C, 0 , 1 , 0 , 0 , 0 , 0 , 0 , 0 , 0 , 0 , 0 , 0 , 0 
24-Aug-2005 11:52,200504,LUTON,SPAIN(CANARY ISLANDS),ARRECIFE,BRITANNIA AIRWAYS AND THOMSONFLY,A,C, 4 , 0 , 75 , 25 , 0 , 0 , 0 , 0 , 10.25 , 0 , 4 , 75 , 42.25 
24-Aug-2005 11:52,200504,LUTON,SPAIN(CANARY ISLANDS),ARRECIFE,BRITANNIA AIRWAYS AND THOMSONFLY,D,C, 4 , 0 , 75 , 0 , 25 , 0 , 0 , 0 , 16.5 , 0 , 4 , 75 , 44.25 
24-Aug-2005 11:52,200504,LUTON,SPAIN(CANARY ISLANDS),ARRECIFE,FIRST CHOICE AIRWAYS LTD,A,C, 4 , 0 , 100 , 0 , 0 , 0 , 0 , 0 , 0 , 0 , 2 , 100 , 0 
24-Aug-2005 11:52,200504,LUTON,SPAIN(CANARY ISLANDS),ARRECIFE,FIRST CHOICE AIRWAYS LTD,D,C, 4 , 0 , 100 , 0 , 0 , 0 , 0 , 0 , 1.75 , 0 , 5 , 100 , 1.4 
24-Aug-2005 11:52,200504,LUTON,SPAIN(CANARY ISLANDS),ARRECIFE,MONARCH AIRLINES,A,C, 0 , 0 , 0 , 0 , 0 , 0 , 0 , 0 , 0 , 0 , 5 , 100 , 3.2 
24-Aug-2005 11:52,200504,LUTON,SPAIN(CANARY ISLANDS),ARRECIFE,MONARCH AIRLINES,A,S, 4 , 0 , 50 , 25 , 0 , 25 , 0 , 0 , 24 , 0 , 0 , 0 , 0 
24-Aug-2005 11:52,200504,LUTON,SPAIN(CANARY ISLANDS),ARRECIFE,MONARCH AIRLINES,D,C, 0 , 0 , 0 , 0 , 0 , 0 , 0 , 0 , 0 , 0 , 5 , 100 , 3 
24-Aug-2005 11:52,200504,LUTON,SPAIN(CANARY ISLANDS),ARRECIFE,MONARCH AIRLINES,D,S, 4 , 0 , 50 , 25 , 0 , 25 , 0 , 0 , 25.25 , 0 , 0 , 0 , 0 
24-Aug-2005 11:52,200504,LUTON,SPAIN(CANARY ISLANDS),FUERTEVENTURA,BRITANNIA AIRWAYS AND THOMSONFLY,A,C, 1 , 0 , 100 , 0 , 0 , 0 , 0 , 0 , 0 , 0 , 4 , 100 , 0.75 
24-Aug-2005 11:52,200504,LUTON,SPAIN(CANARY ISLANDS),FUERTEVENTURA,BRITANNIA AIRWAYS AND THOMSONFLY,D,C, 0 , 0 , 0 , 0 , 0 , 0 , 0 , 0 , 0 , 0 , 4 , 100 , 1 
24-Aug-2005 11:52,200504,LUTON,SPAIN(CANARY ISLANDS),FUERTEVENTURA,FIRST CHOICE AIRWAYS LTD,A,C, 4 , 0 , 75 , 0 , 25 , 0 , 0 , 0 , 8.75 , 0 , 3 , 100 , 0 
24-Aug-2005 11:52,200504,LUTON,SPAIN(CANARY ISLANDS),FUERTEVENTURA,FIRST CHOICE AIRWAYS LTD,D,C, 4 , 0 , 100 , 0 , 0 , 0 , 0 , 0 , 2.5 , 0 , 1 , 100 , 0 
24-Aug-2005 11:52,200504,LUTON,SPAIN(CANARY ISLANDS),LAS PALMAS,BRITANNIA AIRWAYS AND THOMSONFLY,A,C, 4 , 0 , 100 , 0 , 0 , 0 , 0 , 0 , 0 , 0 , 9 , 88.8888888888889 , 7.77777777777778 
24-Aug-2005 11:52,200504,LUTON,SPAIN(CANARY ISLANDS),LAS PALMAS,BRITANNIA AIRWAYS AND THOMSONFLY,D,C, 4 , 0 , 100 , 0 , 0 , 0 , 0 , 0 , 4.5 , 0 , 9 , 100 , 4.22222222222222 
24-Aug-2005 11:52,200504,LUTON,SPAIN(CANARY ISLANDS),LAS PALMAS,MONARCH AIRLINES,A,C, 0 , 0 , 0 , 0 , 0 , 0 , 0 , 0 , 0 , 0 , 4 , 100 , 5.25 
24-Aug-2005 11:52,200504,LUTON,SPAIN(CANARY ISLANDS),LAS PALMAS,MONARCH AIRLINES,A,S, 4 , 0 , 75 , 0 , 25 , 0 , 0 , 0 , 15 , 0 , 0 , 0 , 0 
24-Aug-2005 11:52,200504,LUTON,SPAIN(CANARY ISLANDS),LAS PALMAS,MONARCH AIRLINES,D,C, 0 , 0 , 0 , 0 , 0 , 0 , 0 , 0 , 0 , 0 , 4 , 75 , 4.75 
24-Aug-2005 11:52,200504,LUTON,SPAIN(CANARY ISLANDS),LAS PALMAS,MONARCH AIRLINES,D,S, 4 , 0 , 100 , 0 , 0 , 0 , 0 , 0 , 6.75 , 0 , 0 , 0 , 0 
24-Aug-2005 11:52,200504,LUTON,SPAIN(CANARY ISLANDS),TENERIFE (SURREINA SOFIA),BRITANNIA AIRWAYS AND THOMSONFLY,A,C, 8 , 0 , 62.5 , 0 , 12.5 , 12.5 , 12.5 , 0 , 41 , 0 , 8 , 100 , 0 
24-Aug-2005 11:52,200504,LUTON,SPAIN(CANARY ISLANDS),TENERIFE (SURREINA SOFIA),BRITANNIA AIRWAYS AND THOMSONFLY,D,C, 9 , 0 , 55.5555555555556 , 11.1111111111111 , 11.1111111111111 , 11.1111111111111 , 11.1111111111111 , 0 , 49.7777777777778 , 0 , 9 , 88.8888888888889 , 4.88888888888889 
24-Aug-2005 11:52,200504,LUTON,SPAIN(CANARY ISLANDS),TENERIFE (SURREINA SOFIA),FIRST CHOICE AIRWAYS LTD,A,C, 5 , 0 , 80 , 20 , 0 , 0 , 0 , 0 , 10.8 , 0 , 5 , 60 , 13.2 
24-Aug-2005 11:52,200504,LUTON,SPAIN(CANARY ISLANDS),TENERIFE (SURREINA SOFIA),FIRST CHOICE AIRWAYS LTD,D,C, 5 , 0 , 80 , 20 , 0 , 0 , 0 , 0 , 5.4 , 0 , 5 , 80 , 14 
24-Aug-2005 11:52,200504,LUTON,SPAIN(CANARY ISLANDS),TENERIFE (SURREINA SOFIA),MONARCH AIRLINES,A,C, 0 , 0 , 0 , 0 , 0 , 0 , 0 , 0 , 0 , 0 , 5 , 80 , 12.2 
24-Aug-2005 11:52,200504,LUTON,SPAIN(CANARY ISLANDS),TENERIFE (SURREINA SOFIA),MONARCH AIRLINES,A,S, 23 , 0 , 69.5652173913043 , 21.7391304347826 , 8.69565217391304 , 0 , 0 , 0 , 10.3478260869565 , 0 , 17 , 64.7058823529412 , 13 
24-Aug-2005 11:52,200504,LUTON,SPAIN(CANARY ISLANDS),TENERIFE (SURREINA SOFIA),MONARCH AIRLINES,D,C, 0 , 1 , 0 , 0 , 0 , 0 , 0 , 0 , 0 , 0 , 5 , 80 , 14.4 
24-Aug-2005 11:52,200504,LUTON,SPAIN(CANARY ISLANDS),TENERIFE (SURREINA SOFIA),MONARCH AIRLINES,D,S, 23 , 0 , 100 , 0 , 0 , 0 , 0 , 0 , 4.95652173913043 , 0 , 17 , 94.1176470588235 , 4.11764705882353 
24-Aug-2005 11:52,200504,LUTON,SPAIN(CANARY ISLANDS),TENERIFE (SURREINA SOFIA),MY TRAVEL AIRWAYS UK,A,C, 0 , 0 , 0 , 0 , 0 , 0 , 0 , 0 , 0 , 0 , 5 , 60 , 13.8 
24-Aug-2005 11:52,200504,LUTON,SPAIN(CANARY ISLANDS),TENERIFE (SURREINA SOFIA),MY TRAVEL AIRWAYS UK,D,C, 0 , 0 , 0 , 0 , 0 , 0 , 0 , 0 , 0 , 0 , 5 , 80 , 13.6 
24-Aug-2005 11:52,200504,LUTON,SWEDEN,GOTEBORG,BRITISH AIRWAYS PLC,A,C, 0 , 0 , 0 , 0 , 0 , 0 , 0 , 0 , 0 , 0 , 1 , 100 , 10 
24-Aug-2005 11:52,200504,LUTON,SWEDEN,GOTEBORG,EUROPEAN AIR CHARTER,A,C, 0 , 0 , 0 , 0 , 0 , 0 , 0 , 0 , 0 , 0 , 1 , 100 , 0 
24-Aug-2005 11:52,200504,LUTON,SWEDEN,GOTEBORG,EUROPEAN AIR CHARTER,D,C, 0 , 0 , 0 , 0 , 0 , 0 , 0 , 0 , 0 , 0 , 1 , 100 , 2 
24-Aug-2005 11:52,200504,LUTON,SWEDEN,OREBRO,SKYWAYS EXPRESS,A,C, 0 , 0 , 0 , 0 , 0 , 0 , 0 , 0 , 0 , 0 , 1 , 100 , 12 
24-Aug-2005 11:52,200504,LUTON,SWEDEN,VASTERAS,RYANAIR,A,S, 55 , 0 , 92.7272727272727 , 3.63636363636364 , 1.81818181818182 , 1.81818181818182 , 0 , 0 , 4.56363636363636 , 0 , 0 , 0 , 0 
24-Aug-2005 11:52,200504,LUTON,SWEDEN,VASTERAS,RYANAIR,D,S, 55 , 0 , 83.6363636363636 , 10.9090909090909 , 1.81818181818182 , 3.63636363636364 , 0 , 0 , 7.85454545454545 , 0 , 0 , 0 , 0 
24-Aug-2005 11:52,200504,LUTON,SWITZERLAND,BASLE MULHOUSE,EASYJET AIRLINE COMPANY LTD,A,S, 60 , 0 , 66.6666666666667 , 23.3333333333333 , 8.33333333333333 , 0 , 0 , 1.66666666666667 , 22.7333333333333 , 0 , 0 , 0 , 0 
24-Aug-2005 11:52,200504,LUTON,SWITZERLAND,BASLE MULHOUSE,EASYJET AIRLINE COMPANY LTD,D,S, 60 , 0 , 85 , 11.6666666666667 , 1.66666666666667 , 0 , 0 , 1.66666666666667 , 18.7833333333333 , 0 , 0 , 0 , 0 
24-Aug-2005 11:52,200504,LUTON,SWITZERLAND,GENEVA,DASNAIR,A,C, 0 , 1 , 0 , 0 , 0 , 0 , 0 , 0 , 0 , 0 , 0 , 0 , 0 
24-Aug-2005 11:52,200504,LUTON,SWITZERLAND,GENEVA,DASNAIR,D,C, 0 , 1 , 0 , 0 , 0 , 0 , 0 , 0 , 0 , 0 , 0 , 0 , 0 
24-Aug-2005 11:52,200504,LUTON,SWITZERLAND,GENEVA,EASYJET AIRLINE COMPANY LTD,A,S, 132 , 0 , 65.9090909090909 , 20.4545454545455 , 9.09090909090909 , 4.54545454545455 , 0 , 0 , 14.4469696969697 , 0 , 27 , 92.5925925925926 , 4.33333333333333 
24-Aug-2005 11:52,200504,LUTON,SWITZERLAND,GENEVA,EASYJET AIRLINE COMPANY LTD,D,S, 132 , 0 , 63.6363636363636 , 25 , 9.09090909090909 , 2.27272727272727 , 0 , 0 , 14.8787878787879 , 0 , 27 , 85.1851851851852 , 6.22222222222222 
24-Aug-2005 11:52,200504,LUTON,SWITZERLAND,GENEVA,EASYJET SWITZERLAND,A,S, 0 , 0 , 0 , 0 , 0 , 0 , 0 , 0 , 0 , 0 , 120 , 90.8333333333333 , 4.98333333333333 
24-Aug-2005 11:52,200504,LUTON,SWITZERLAND,GENEVA,EASYJET SWITZERLAND,D,S, 0 , 0 , 0 , 0 , 0 , 0 , 0 , 0 , 0 , 0 , 120 , 75.8333333333333 , 10.1 
24-Aug-2005 11:52,200504,LUTON,SWITZERLAND,GENEVA,EXECUTIVE JET CHARTER LTD,A,C, 0 , 1 , 0 , 0 , 0 , 0 , 0 , 0 , 0 , 0 , 0 , 0 , 0 
24-Aug-2005 11:52,200504,LUTON,SWITZERLAND,GENEVA,EXECUTIVE JET CHARTER LTD,D,C, 0 , 1 , 0 , 0 , 0 , 0 , 0 , 0 , 0 , 0 , 0 , 0 , 0 
24-Aug-2005 11:52,200504,LUTON,SWITZERLAND,GENEVA,G5 EXECUTIVE,A,C, 0 , 1 , 0 , 0 , 0 , 0 , 0 , 0 , 0 , 0 , 0 , 0 , 0 
24-Aug-2005 11:52,200504,LUTON,SWITZERLAND,GENEVA,GESTAIR EXECUTIVE JET,D,C, 0 , 1 , 0 , 0 , 0 , 0 , 0 , 0 , 0 , 0 , 0 , 0 , 0 
24-Aug-2005 11:52,200504,LUTON,SWITZERLAND,GENEVA,METROPIX UK LLP,A,C, 0 , 1 , 0 , 0 , 0 , 0 , 0 , 0 , 0 , 0 , 0 , 0 , 0 
24-Aug-2005 11:52,200504,LUTON,SWITZERLAND,GENEVA,TAG AVIATION SA,A,C, 0 , 2 , 0 , 0 , 0 , 0 , 0 , 0 , 0 , 0 , 0 , 0 , 0 
24-Aug-2005 11:52,200504,LUTON,SWITZERLAND,GENEVA,TAG AVIATION SA,D,C, 0 , 1 , 0 , 0 , 0 , 0 , 0 , 0 , 0 , 0 , 0 , 0 , 0 
24-Aug-2005 11:52,200504,LUTON,SWITZERLAND,ZURICH,ACM AIR CHARTER LUFTFAHT,A,C, 0 , 1 , 0 , 0 , 0 , 0 , 0 , 0 , 0 , 0 , 0 , 0 , 0 
24-Aug-2005 11:52,200504,LUTON,SWITZERLAND,ZURICH,EASYJET AIRLINE COMPANY LTD,A,S, 0 , 0 , 0 , 0 , 0 , 0 , 0 , 0 , 0 , 0 , 85 , 68.2352941176471 , 12.5058823529412 
24-Aug-2005 11:52,200504,LUTON,SWITZERLAND,ZURICH,EASYJET AIRLINE COMPANY LTD,D,S, 0 , 0 , 0 , 0 , 0 , 0 , 0 , 0 , 0 , 0 , 86 , 74.4186046511628 , 12.9883720930233 
24-Aug-2005 11:52,200504,LUTON,SWITZERLAND,ZURICH,G5 EXECUTIVE,A,C, 0 , 1 , 0 , 0 , 0 , 0 , 0 , 0 , 0 , 0 , 0 , 0 , 0 
24-Aug-2005 11:52,200504,LUTON,TUNISIA,MONASTIR,BRITANNIA AIRWAYS AND THOMSONFLY,A,C, 4 , 0 , 75 , 0 , 25 , 0 , 0 , 0 , 8.5 , 0 , 4 , 75 , 12.25 
24-Aug-2005 11:52,200504,LUTON,TUNISIA,MONASTIR,BRITANNIA AIRWAYS AND THOMSONFLY,D,C, 4 , 0 , 100 , 0 , 0 , 0 , 0 , 0 , 3.5 , 0 , 4 , 75 , 10.25 
24-Aug-2005 11:52,200504,LUTON,TUNISIA,MONASTIR,FIRST CHOICE AIRWAYS LTD,A,C, 0 , 0 , 0 , 0 , 0 , 0 , 0 , 0 , 0 , 0 , 3 , 66.6666666666667 , 5.33333333333333 
24-Aug-2005 11:52,200504,LUTON,TUNISIA,MONASTIR,FIRST CHOICE AIRWAYS LTD,D,C, 0 , 0 , 0 , 0 , 0 , 0 , 0 , 0 , 0 , 0 , 4 , 100 , 0.25 
24-Aug-2005 11:52,200504,LUTON,UKRAINE,KIEV (BORISPOL),COMTEL-AIR,A,C, 0 , 1 , 0 , 0 , 0 , 0 , 0 , 0 , 0 , 0 , 0 , 0 , 0 
24-Aug-2005 11:52,200504,LUTON,UNITED KINGDOM,ABERDEEN,EASYJET AIRLINE COMPANY LTD,A,S, 51 , 0 , 78.4313725490196 , 7.84313725490196 , 7.84313725490196 , 3.92156862745098 , 0 , 1.96078431372549 , 30.921568627451 , 0 , 52 , 84.6153846153846 , 9.01923076923077 
24-Aug-2005 11:52,200504,LUTON,UNITED KINGDOM,ABERDEEN,EASYJET AIRLINE COMPANY LTD,D,S, 51 , 0 , 62.7450980392157 , 19.6078431372549 , 11.7647058823529 , 5.88235294117647 , 0 , 0 , 20.5882352941176 , 0 , 52 , 82.6923076923077 , 11.5384615384615 
24-Aug-2005 11:52,200504,LUTON,UNITED KINGDOM,BELFAST INTERNATIONAL,EASYJET AIRLINE COMPANY LTD,A,S, 136 , 0 , 89.7058823529412 , 4.41176470588235 , 2.94117647058824 , 2.20588235294118 , 0.735294117647059 , 0 , 6.22058823529412 , 0 , 138 , 89.8550724637681 , 8.21014492753623 
24-Aug-2005 11:52,200504,LUTON,UNITED KINGDOM,BELFAST INTERNATIONAL,EASYJET AIRLINE COMPANY LTD,D,S, 136 , 0 , 83.0882352941177 , 8.82352941176471 , 4.41176470588235 , 3.67647058823529 , 0 , 0 , 9.38970588235294 , 0 , 138 , 84.0579710144928 , 9.81159420289855 
24-Aug-2005 11:52,200504,LUTON,UNITED KINGDOM,BLACKPOOL,WESTAIR AVIATION,A,C, 0 , 1 , 0 , 0 , 0 , 0 , 0 , 0 , 0 , 0 , 0 , 0 , 0 
24-Aug-2005 11:52,200504,LUTON,UNITED KINGDOM,CARDIFF WALES,FIRST CHOICE AIRWAYS LTD,A,C, 1 , 0 , 100 , 0 , 0 , 0 , 0 , 0 , 0 , 0 , 0 , 0 , 0 
24-Aug-2005 11:52,200504,LUTON,UNITED KINGDOM,CARDIFF WALES,FIRST CHOICE AIRWAYS LTD,D,C, 1 , 0 , 100 , 0 , 0 , 0 , 0 , 0 , 0 , 0 , 0 , 0 , 0 
24-Aug-2005 11:52,200504,LUTON,UNITED KINGDOM,CARDIFF WALES,FLIGHTLINE LTD,A,C, 1 , 0 , 100 , 0 , 0 , 0 , 0 , 0 , 0 , 0 , 0 , 0 , 0 
24-Aug-2005 11:52,200504,LUTON,UNITED KINGDOM,CARDIFF WALES,FLIGHTLINE LTD,D,C, 1 , 0 , 0 , 100 , 0 , 0 , 0 , 0 , 17 , 0 , 0 , 0 , 0 
24-Aug-2005 11:52,200504,LUTON,UNITED KINGDOM,DURHAM TEES VALLEY,FLIGHTLINE LTD,A,C, 1 , 0 , 100 , 0 , 0 , 0 , 0 , 0 , 4 , 0 , 0 , 0 , 0 
24-Aug-2005 11:52,200504,LUTON,UNITED KINGDOM,DURHAM TEES VALLEY,FLIGHTLINE LTD,D,C, 1 , 0 , 0 , 100 , 0 , 0 , 0 , 0 , 20 , 0 , 0 , 0 , 0 
24-Aug-2005 11:52,200504,LUTON,UNITED KINGDOM,EDINBURGH,CHALLENGE AIR LUFTVERKEHRS,D,C, 0 , 1 , 0 , 0 , 0 , 0 , 0 , 0 , 0 , 0 , 0 , 0 , 0 
24-Aug-2005 11:52,200504,LUTON,UNITED KINGDOM,EDINBURGH,EASYJET AIRLINE COMPANY LTD,A,S, 162 , 0 , 82.0987654320988 , 11.1111111111111 , 4.93827160493827 , 1.23456790123457 , 0.617283950617284 , 0 , 9.17283950617284 , 0 , 164 , 88.4146341463415 , 7.26829268292683 
24-Aug-2005 11:52,200504,LUTON,UNITED KINGDOM,EDINBURGH,EASYJET AIRLINE COMPANY LTD,D,S, 161 , 0 , 74.5341614906832 , 11.1801242236025 , 9.3167701863354 , 4.96894409937888 , 0 , 0 , 13.8509316770186 , 0 , 164 , 83.5365853658537 , 7.9390243902439 
24-Aug-2005 11:52,200504,LUTON,UNITED KINGDOM,GLASGOW,EASYJET AIRLINE COMPANY LTD,A,S, 157 , 0 , 97.4522292993631 , 1.91082802547771 , 0 , 0.636942675159236 , 0 , 0 , 1.70063694267516 , 0 , 160 , 99.375 , 1.3375 
24-Aug-2005 11:52,200504,LUTON,UNITED KINGDOM,GLASGOW,EASYJET AIRLINE COMPANY LTD,D,S, 156 , 0 , 89.7435897435898 , 7.69230769230769 , 1.92307692307692 , 0.641025641025641 , 0 , 0 , 5.53846153846154 , 0 , 160 , 92.5 , 4.3875 
24-Aug-2005 11:52,200504,LUTON,UNITED KINGDOM,INVERNESS,EASYJET AIRLINE COMPANY LTD,A,S, 30 , 0 , 80 , 13.3333333333333 , 0 , 3.33333333333333 , 3.33333333333333 , 0 , 16.4 , 0 , 38 , 92.1052631578947 , 5 
24-Aug-2005 11:52,200504,LUTON,UNITED KINGDOM,INVERNESS,EASYJET AIRLINE COMPANY LTD,D,S, 30 , 0 , 76.6666666666667 , 10 , 6.66666666666667 , 3.33333333333333 , 3.33333333333333 , 0 , 17.8333333333333 , 0 , 38 , 86.8421052631579 , 7.02631578947368 
24-Aug-2005 11:52,200504,LUTON,UNITED KINGDOM,ISLE OF MAN,ACM AIR CHARTER LUFTFAHT,A,C, 0 , 1 , 0 , 0 , 0 , 0 , 0 , 0 , 0 , 0 , 0 , 0 , 0 
24-Aug-2005 11:52,200504,LUTON,UNITED KINGDOM,ISLE OF MAN,BA CITIEXPRESS (IOM) LTD,A,S, 0 , 0 , 0 , 0 , 0 , 0 , 0 , 0 , 0 , 0 , 30 , 96.6666666666667 , 6.83333333333333 
24-Aug-2005 11:52,200504,LUTON,UNITED KINGDOM,ISLE OF MAN,BA CITIEXPRESS (IOM) LTD,D,S, 0 , 0 , 0 , 0 , 0 , 0 , 0 , 0 , 0 , 0 , 30 , 96.6666666666667 , 7.76666666666667 
24-Aug-2005 11:52,200504,LUTON,UNITED KINGDOM,ISLE OF MAN,BRITISH AIRWAYS CITIEXPRESS LTD,A,S, 30 , 0 , 86.6666666666667 , 3.33333333333333 , 6.66666666666667 , 3.33333333333333 , 0 , 0 , 9.5 , 0 , 0 , 0 , 0 
24-Aug-2005 11:52,200504,LUTON,UNITED KINGDOM,ISLE OF MAN,BRITISH AIRWAYS CITIEXPRESS LTD,D,S, 30 , 0 , 90 , 3.33333333333333 , 3.33333333333333 , 3.33333333333333 , 0 , 0 , 10.2 , 0 , 0 , 0 , 0 
24-Aug-2005 11:52,200504,LUTON,UNITED KINGDOM,LIVERPOOL,CIRRUS LUFTFAHRT,A,C, 0 , 1 , 0 , 0 , 0 , 0 , 0 , 0 , 0 , 0 , 0 , 0 , 0 
24-Aug-2005 11:52,200504,LUTON,UNITED KINGDOM,MANCHESTER,BRITANNIA AIRWAYS AND THOMSONFLY,D,C, 0 , 0 , 0 , 0 , 0 , 0 , 0 , 0 , 0 , 0 , 2 , 50 , 122.5 
24-Aug-2005 11:52,200504,LUTON,UNITED KINGDOM,MANCHESTER,DASSAULT FALCON SERVICE,A,C, 0 , 1 , 0 , 0 , 0 , 0 , 0 , 0 , 0 , 0 , 0 , 0 , 0 
24-Aug-2005 11:52,200504,LUTON,UNITED KINGDOM,MANCHESTER,FIRST CHOICE AIRWAYS LTD,A,C, 0 , 3 , 0 , 0 , 0 , 0 , 0 , 0 , 0 , 0 , 0 , 0 , 0 
24-Aug-2005 11:52,200504,LUTON,UNITED KINGDOM,MANCHESTER,FIRST CHOICE AIRWAYS LTD,D,C, 3 , 0 , 66.6666666666667 , 33.3333333333333 , 0 , 0 , 0 , 0 , 5.33333333333333 , 0 , 0 , 0 , 0 
24-Aug-2005 11:52,200504,LUTON,UNITED KINGDOM,NEWCASTLE,EASYJET AIRLINE COMPANY LTD,A,S, 0 , 3 , 0 , 0 , 0 , 0 , 0 , 0 , 0 , 0 , 0 , 0 , 0 
24-Aug-2005 11:52,200504,LUTON,UNITED KINGDOM,NEWCASTLE,FLIGHTLINE LTD,A,C, 0 , 0 , 0 , 0 , 0 , 0 , 0 , 0 , 0 , 0 , 1 , 100 , 14 
24-Aug-2005 11:52,200504,LUTON,UNITED KINGDOM,NEWCASTLE,FLIGHTLINE LTD,D,C, 0 , 0 , 0 , 0 , 0 , 0 , 0 , 0 , 0 , 0 , 1 , 0 , 42 
24-Aug-2005 11:52,200504,LUTON,USA,ANCHORAGE,JETCLUB,D,C, 0 , 1 , 0 , 0 , 0 , 0 , 0 , 0 , 0 , 0 , 0 , 0 , 0 
24-Aug-2005 11:52,200504,MANCHESTER,AUSTRIA,INNSBRUCK,ASTRAEUS LTD,A,C, 2 , 0 , 100 , 0 , 0 , 0 , 0 , 0 , 0 , 0 , 2 , 100 , 4.5 
24-Aug-2005 11:52,200504,MANCHESTER,AUSTRIA,INNSBRUCK,ASTRAEUS LTD,D,C, 1 , 0 , 100 , 0 , 0 , 0 , 0 , 0 , 0 , 0 , 1 , 0 , 16 
24-Aug-2005 11:52,200504,MANCHESTER,AUSTRIA,INNSBRUCK,AUSTRIAN AIRLINES,A,C, 3 , 0 , 66.6666666666667 , 0 , 0 , 33.3333333333333 , 0 , 0 , 35.3333333333333 , 0 , 1 , 100 , 0 
24-Aug-2005 11:52,200504,MANCHESTER,AUSTRIA,INNSBRUCK,AUSTRIAN AIRLINES,D,C, 1 , 0 , 0 , 100 , 0 , 0 , 0 , 0 , 29 , 0 , 0 , 0 , 0 
24-Aug-2005 11:52,200504,MANCHESTER,AUSTRIA,INNSBRUCK,BRITISH AIRWAYS CITIEXPRESS LTD,A,C, 1 , 0 , 100 , 0 , 0 , 0 , 0 , 0 , 5 , 0 , 0 , 0 , 0 
24-Aug-2005 11:52,200504,MANCHESTER,AUSTRIA,INNSBRUCK,FIRST CHOICE AIRWAYS LTD,A,C, 2 , 0 , 100 , 0 , 0 , 0 , 0 , 0 , 0 , 0 , 2 , 100 , 0 
24-Aug-2005 11:52,200504,MANCHESTER,AUSTRIA,INNSBRUCK,FIRST CHOICE AIRWAYS LTD,D,C, 1 , 0 , 100 , 0 , 0 , 0 , 0 , 0 , 0 , 0 , 2 , 100 , 0 
24-Aug-2005 11:52,200504,MANCHESTER,AUSTRIA,INNSBRUCK,THOMAS COOK AIRLINES LTD,A,C, 2 , 0 , 50 , 0 , 0 , 50 , 0 , 0 , 39.5 , 0 , 3 , 66.6666666666667 , 74.3333333333333 
24-Aug-2005 11:52,200504,MANCHESTER,AUSTRIA,INNSBRUCK,THOMAS COOK AIRLINES LTD,D,C, 1 , 0 , 100 , 0 , 0 , 0 , 0 , 0 , 0 , 0 , 2 , 50 , 101 
24-Aug-2005 11:52,200504,MANCHESTER,AUSTRIA,SALZBURG,BRITANNIA AIRWAYS AND THOMSONFLY,A,C, 0 , 0 , 0 , 0 , 0 , 0 , 0 , 0 , 0 , 0 , 1 , 100 , 0 
24-Aug-2005 11:52,200504,MANCHESTER,AUSTRIA,SALZBURG,FIRST CHOICE AIRWAYS LTD,A,C, 1 , 0 , 100 , 0 , 0 , 0 , 0 , 0 , 0 , 0 , 0 , 0 , 0 
24-Aug-2005 11:52,200504,MANCHESTER,AUSTRIA,SALZBURG,MY TRAVEL AIRWAYS UK,A,C, 1 , 0 , 0 , 100 , 0 , 0 , 0 , 0 , 27 , 0 , 0 , 0 , 0 
24-Aug-2005 11:52,200504,MANCHESTER,AUSTRIA,SALZBURG,THOMAS COOK AIRLINES LTD,A,C, 1 , 0 , 100 , 0 , 0 , 0 , 0 , 0 , 0 , 0 , 0 , 0 , 0 
24-Aug-2005 11:52,200504,MANCHESTER,AUSTRIA,VIENNA,BRITISH AIRWAYS CITIEXPRESS LTD,A,S, 30 , 0 , 66.6666666666667 , 13.3333333333333 , 13.3333333333333 , 6.66666666666667 , 0 , 0 , 16.1666666666667 , 0 , 30 , 63.3333333333333 , 15.4 
24-Aug-2005 11:52,200504,MANCHESTER,AUSTRIA,VIENNA,BRITISH AIRWAYS CITIEXPRESS LTD,D,S, 30 , 0 , 70 , 13.3333333333333 , 10 , 6.66666666666667 , 0 , 0 , 15.5 , 0 , 30 , 80 , 11.7666666666667 
24-Aug-2005 11:52,200504,MANCHESTER,BARBADOS,BRIDGETOWN,BMI BRITISH MIDLAND,A,S, 9 , 0 , 100 , 0 , 0 , 0 , 0 , 0 , 1 , 0 , 0 , 0 , 0 
24-Aug-2005 11:52,200504,MANCHESTER,BARBADOS,BRIDGETOWN,BMI BRITISH MIDLAND,D,S, 9 , 0 , 88.8888888888889 , 0 , 11.1111111111111 , 0 , 0 , 0 , 7.33333333333333 , 0 , 0 , 0 , 0 
24-Aug-2005 11:52,200504,MANCHESTER,BARBADOS,BRIDGETOWN,BRITANNIA AIRWAYS AND THOMSONFLY,A,C, 6 , 0 , 66.6666666666667 , 0 , 16.6666666666667 , 16.6666666666667 , 0 , 0 , 26.3333333333333 , 0 , 3 , 0 , 44.6666666666667 
24-Aug-2005 11:52,200504,MANCHESTER,BARBADOS,BRIDGETOWN,BRITANNIA AIRWAYS AND THOMSONFLY,D,C, 4 , 0 , 75 , 25 , 0 , 0 , 0 , 0 , 8.25 , 0 , 4 , 100 , 0 
24-Aug-2005 11:52,200504,MANCHESTER,BARBADOS,BRIDGETOWN,EXCEL AIRWAYS LTD,A,C, 5 , 0 , 0 , 20 , 40 , 40 , 0 , 0 , 68 , 0 , 0 , 0 , 0 
24-Aug-2005 11:52,200504,MANCHESTER,BARBADOS,BRIDGETOWN,EXCEL AIRWAYS LTD,D,C, 5 , 0 , 40 , 20 , 40 , 0 , 0 , 0 , 18.8 , 0 , 0 , 0 , 0 
24-Aug-2005 11:52,200504,MANCHESTER,BARBADOS,BRIDGETOWN,MONARCH AIRLINES,D,C, 0 , 0 , 0 , 0 , 0 , 0 , 0 , 0 , 0 , 0 , 1 , 0 , 26 
24-Aug-2005 11:52,200504,MANCHESTER,BARBADOS,BRIDGETOWN,MY TRAVEL AIRWAYS UK,A,C, 0 , 0 , 0 , 0 , 0 , 0 , 0 , 0 , 0 , 0 , 4 , 50 , 17 
24-Aug-2005 11:52,200504,MANCHESTER,BARBADOS,BRIDGETOWN,MY TRAVEL AIRWAYS UK,D,C, 0 , 0 , 0 , 0 , 0 , 0 , 0 , 0 , 0 , 0 , 4 , 100 , 6.5 
24-Aug-2005 11:52,200504,MANCHESTER,BARBADOS,BRIDGETOWN,THOMAS COOK AIRLINES LTD,A,C, 4 , 0 , 25 , 25 , 0 , 25 , 0 , 25 , 144.25 , 0 , 5 , 60 , 52.8 
24-Aug-2005 11:52,200504,MANCHESTER,BARBADOS,BRIDGETOWN,THOMAS COOK AIRLINES LTD,D,C, 4 , 0 , 25 , 25 , 0 , 50 , 0 , 0 , 47.75 , 0 , 5 , 80 , 42.4 
24-Aug-2005 11:52,200504,MANCHESTER,BARBADOS,BRIDGETOWN,VIRGIN ATLANTIC AIRWAYS LTD,A,C, 0 , 0 , 0 , 0 , 0 , 0 , 0 , 0 , 0 , 0 , 1 , 100 , 0 
24-Aug-2005 11:52,200504,MANCHESTER,BARBADOS,BRIDGETOWN,VIRGIN ATLANTIC AIRWAYS LTD,D,C, 0 , 0 , 0 , 0 , 0 , 0 , 0 , 0 , 0 , 0 , 1 , 100 , 0 
24-Aug-2005 11:52,200504,MANCHESTER,BELGIUM,BRUSSELS,BRITISH AIRWAYS CITIEXPRESS LTD,A,S, 66 , 0 , 78.7878787878788 , 9.09090909090909 , 6.06060606060606 , 6.06060606060606 , 0 , 0 , 12 , 0 , 68 , 92.6470588235294 , 3.89705882352941 
24-Aug-2005 11:52,200504,MANCHESTER,BELGIUM,BRUSSELS,BRITISH AIRWAYS CITIEXPRESS LTD,D,S, 66 , 1 , 89.3939393939394 , 0 , 9.09090909090909 , 1.51515151515152 , 0 , 0 , 5.04545454545455 , 0 , 68 , 91.1764705882353 , 4.51470588235294 
24-Aug-2005 11:52,200504,MANCHESTER,BELGIUM,BRUSSELS,SN BRUSSELS AIRLINES,A,S, 77 , 0 , 96.1038961038961 , 3.8961038961039 , 0 , 0 , 0 , 0 , 3.66233766233766 , 0 , 80 , 91.25 , 4.5375 
24-Aug-2005 11:52,200504,MANCHESTER,BELGIUM,BRUSSELS,SN BRUSSELS AIRLINES,D,S, 77 , 0 , 98.7012987012987 , 1.2987012987013 , 0 , 0 , 0 , 0 , 0.792207792207792 , 0 , 80 , 100 , 1.075 
24-Aug-2005 11:52,200504,MANCHESTER,BULGARIA,PLOVDIV,BH AIR,A,C, 1 , 0 , 100 , 0 , 0 , 0 , 0 , 0 , 0 , 0 , 0 , 0 , 0 
24-Aug-2005 11:52,200504,MANCHESTER,BULGARIA,SOFIA,BH AIR,A,C, 1 , 0 , 100 , 0 , 0 , 0 , 0 , 0 , 0 , 0 , 0 , 0 , 0 
24-Aug-2005 11:52,200504,MANCHESTER,BULGARIA,SOFIA,BH AIR,D,C, 0 , 0 , 0 , 0 , 0 , 0 , 0 , 0 , 0 , 0 , 1 , 0 , 273 
24-Aug-2005 11:52,200504,MANCHESTER,BULGARIA,VARNA,BH AIR,D,C, 0 , 0 , 0 , 0 , 0 , 0 , 0 , 0 , 0 , 0 , 1 , 0 , 228 
24-Aug-2005 11:52,200504,MANCHESTER,CANADA,CALGARY,EXCEL AIRWAYS LTD,A,C, 4 , 0 , 100 , 0 , 0 , 0 , 0 , 0 , 0.25 , 0 , 0 , 0 , 0 
24-Aug-2005 11:52,200504,MANCHESTER,CANADA,CALGARY,EXCEL AIRWAYS LTD,D,C, 4 , 0 , 75 , 25 , 0 , 0 , 0 , 0 , 8.75 , 0 , 0 , 0 , 0 
24-Aug-2005 11:52,200504,MANCHESTER,CANADA,CALGARY,MY TRAVEL AIRWAYS UK,A,C, 1 , 0 , 0 , 0 , 100 , 0 , 0 , 0 , 43 , 0 , 6 , 50 , 78.1666666666667 
24-Aug-2005 11:52,200504,MANCHESTER,CANADA,CALGARY,MY TRAVEL AIRWAYS UK,D,C, 1 , 0 , 100 , 0 , 0 , 0 , 0 , 0 , 10 , 0 , 5 , 100 , 0 
24-Aug-2005 11:52,200504,MANCHESTER,CANADA,TORONTO,AIR TRANSAT,A,S, 11 , 0 , 36.3636363636364 , 18.1818181818182 , 27.2727272727273 , 18.1818181818182 , 0 , 0 , 39.0909090909091 , 0 , 9 , 77.7777777777778 , 7.66666666666667 
24-Aug-2005 11:52,200504,MANCHESTER,CANADA,TORONTO,AIR TRANSAT,D,S, 11 , 0 , 45.4545454545455 , 9.09090909090909 , 27.2727272727273 , 18.1818181818182 , 0 , 0 , 39.0909090909091 , 0 , 9 , 66.6666666666667 , 16.1111111111111 
24-Aug-2005 11:52,200504,MANCHESTER,CANADA,TORONTO,BMI BRITISH MIDLAND,A,S, 0 , 0 , 0 , 0 , 0 , 0 , 0 , 0 , 0 , 0 , 3 , 66.6666666666667 , 9 
24-Aug-2005 11:52,200504,MANCHESTER,CANADA,TORONTO,BMI BRITISH MIDLAND,D,S, 0 , 0 , 0 , 0 , 0 , 0 , 0 , 0 , 0 , 0 , 4 , 75 , 10.5 
24-Aug-2005 11:52,200504,MANCHESTER,CANADA,TORONTO,MY TRAVEL AIRWAYS UK,A,C, 4 , 0 , 50 , 0 , 0 , 50 , 0 , 0 , 40.25 , 0 , 0 , 0 , 0 
24-Aug-2005 11:52,200504,MANCHESTER,CANADA,TORONTO,MY TRAVEL AIRWAYS UK,D,C, 4 , 0 , 50 , 0 , 25 , 25 , 0 , 0 , 43 , 0 , 0 , 0 , 0 
24-Aug-2005 11:52,200504,MANCHESTER,CANADA,TORONTO,PAKISTAN INTL AIRLINES,A,S, 9 , 0 , 66.6666666666667 , 22.2222222222222 , 11.1111111111111 , 0 , 0 , 0 , 9.77777777777778 , 0 , 8 , 75 , 7.5 
24-Aug-2005 11:52,200504,MANCHESTER,CANADA,TORONTO,PAKISTAN INTL AIRLINES,D,S, 9 , 0 , 55.5555555555556 , 33.3333333333333 , 11.1111111111111 , 0 , 0 , 0 , 16 , 0 , 9 , 55.5555555555556 , 23.2222222222222 
24-Aug-2005 11:52,200504,MANCHESTER,CANADA,TORONTO,SKYSERVICE F B O   Inc,A,C, 0 , 0 , 0 , 0 , 0 , 0 , 0 , 0 , 0 , 0 , 1 , 0 , 170 
24-Aug-2005 11:52,200504,MANCHESTER,CANADA,TORONTO,THOMAS COOK AIRLINES LTD,A,S, 0 , 0 , 0 , 0 , 0 , 0 , 0 , 0 , 0 , 0 , 2 , 50 , 15.5 
24-Aug-2005 11:52,200504,MANCHESTER,CANADA,TORONTO,THOMAS COOK AIRLINES LTD,D,S, 0 , 0 , 0 , 0 , 0 , 0 , 0 , 0 , 0 , 0 , 2 , 100 , 3.5 
24-Aug-2005 11:52,200504,MANCHESTER,CANADA,VANCOUVER,MY TRAVEL AIRWAYS UK,A,C, 1 , 0 , 0 , 100 , 0 , 0 , 0 , 0 , 26 , 0 , 0 , 0 , 0 
24-Aug-2005 11:52,200504,MANCHESTER,CANADA,VANCOUVER,MY TRAVEL AIRWAYS UK,D,C, 1 , 0 , 100 , 0 , 0 , 0 , 0 , 0 , 0 , 0 , 0 , 0 , 0 
24-Aug-2005 11:52,200504,MANCHESTER,CROATIA,DUBROVNIK,BRITANNIA AIRWAYS AND THOMSONFLY,A,C, 0 , 0 , 0 , 0 , 0 , 0 , 0 , 0 , 0 , 0 , 1 , 100 , 4 
24-Aug-2005 11:52,200504,MANCHESTER,CROATIA,DUBROVNIK,BRITANNIA AIRWAYS AND THOMSONFLY,D,C, 0 , 0 , 0 , 0 , 0 , 0 , 0 , 0 , 0 , 0 , 1 , 100 , 0 
24-Aug-2005 11:52,200504,MANCHESTER,CROATIA,DUBROVNIK,CROATIA AIRLINES,A,S, 3 , 0 , 66.6666666666667 , 0 , 0 , 33.3333333333333 , 0 , 0 , 31.3333333333333 , 0 , 4 , 100 , 2.75 
24-Aug-2005 11:52,200504,MANCHESTER,CROATIA,DUBROVNIK,CROATIA AIRLINES,D,S, 4 , 0 , 75 , 0 , 0 , 25 , 0 , 0 , 19.25 , 0 , 4 , 100 , 0 
24-Aug-2005 11:52,200504,MANCHESTER,CROATIA,SPLIT,CROATIA AIRLINES,A,S, 3 , 0 , 33.3333333333333 , 66.6666666666667 , 0 , 0 , 0 , 0 , 13.3333333333333 , 0 , 4 , 75 , 26.75 
24-Aug-2005 11:52,200504,MANCHESTER,CROATIA,SPLIT,CROATIA AIRLINES,D,S, 4 , 0 , 50 , 0 , 50 , 0 , 0 , 0 , 23.25 , 0 , 4 , 50 , 32 
24-Aug-2005 11:52,200504,MANCHESTER,CUBA,CUNAGUA ( CAYO COCO),THOMAS COOK AIRLINES LTD,A,C, 3 , 1 , 33.3333333333333 , 33.3333333333333 , 0 , 33.3333333333333 , 0 , 0 , 47.6666666666667 , 0 , 4 , 75 , 13 
24-Aug-2005 11:52,200504,MANCHESTER,CUBA,CUNAGUA ( CAYO COCO),THOMAS COOK AIRLINES LTD,D,C, 4 , 0 , 50 , 0 , 0 , 25 , 0 , 25 , 197.75 , 0 , 4 , 100 , 2.5 
24-Aug-2005 11:52,200504,MANCHESTER,CUBA,VARADERO,THOMAS COOK AIRLINES LTD,A,C, 4 , 0 , 25 , 0 , 0 , 50 , 0 , 25 , 182.5 , 0 , 0 , 0 , 0 
24-Aug-2005 11:52,200504,MANCHESTER,CUBA,VARADERO,THOMAS COOK AIRLINES LTD,D,C, 3 , 1 , 33.3333333333333 , 0 , 0 , 33.3333333333333 , 0 , 33.3333333333333 , 214.666666666667 , 0 , 0 , 0 , 0 
24-Aug-2005 11:52,200504,MANCHESTER,CYPRUS,ERCAN,ONUR AIR,A,C, 0 , 0 , 0 , 0 , 0 , 0 , 0 , 0 , 0 , 0 , 2 , 100 , 0 
24-Aug-2005 11:52,200504,MANCHESTER,CYPRUS,ERCAN,ONUR AIR,D,C, 0 , 0 , 0 , 0 , 0 , 0 , 0 , 0 , 0 , 0 , 4 , 100 , 0 
24-Aug-2005 11:52,200504,MANCHESTER,CYPRUS,LARNACA,BRITANNIA AIRWAYS AND THOMSONFLY,A,C, 0 , 0 , 0 , 0 , 0 , 0 , 0 , 0 , 0 , 0 , 3 , 100 , 1.33333333333333 
24-Aug-2005 11:52,200504,MANCHESTER,CYPRUS,LARNACA,BRITANNIA AIRWAYS AND THOMSONFLY,D,C, 0 , 0 , 0 , 0 , 0 , 0 , 0 , 0 , 0 , 0 , 4 , 100 , 0 
24-Aug-2005 11:52,200504,MANCHESTER,CYPRUS,LARNACA,CYPRUS AIRWAYS,A,C, 0 , 0 , 0 , 0 , 0 , 0 , 0 , 0 , 0 , 0 , 1 , 0 , 20 
24-Aug-2005 11:52,200504,MANCHESTER,CYPRUS,LARNACA,CYPRUS AIRWAYS,A,S, 13 , 0 , 92.3076923076923 , 7.69230769230769 , 0 , 0 , 0 , 0 , 5.38461538461539 , 0 , 8 , 87.5 , 4.75 
24-Aug-2005 11:52,200504,MANCHESTER,CYPRUS,LARNACA,CYPRUS AIRWAYS,D,C, 0 , 0 , 0 , 0 , 0 , 0 , 0 , 0 , 0 , 0 , 1 , 100 , 15 
24-Aug-2005 11:52,200504,MANCHESTER,CYPRUS,LARNACA,CYPRUS AIRWAYS,D,S, 13 , 0 , 61.5384615384615 , 15.3846153846154 , 15.3846153846154 , 7.69230769230769 , 0 , 0 , 18.9230769230769 , 0 , 8 , 50 , 21.875 
24-Aug-2005 11:52,200504,MANCHESTER,CYPRUS,LARNACA,EUROCYPRIA AIRLINES LTD,A,C, 4 , 0 , 100 , 0 , 0 , 0 , 0 , 0 , 3 , 0 , 4 , 75 , 6.5 
24-Aug-2005 11:52,200504,MANCHESTER,CYPRUS,LARNACA,EUROCYPRIA AIRLINES LTD,D,C, 4 , 0 , 50 , 50 , 0 , 0 , 0 , 0 , 13.25 , 0 , 4 , 75 , 10 
24-Aug-2005 11:52,200504,MANCHESTER,CYPRUS,LARNACA,EXCEL AIRWAYS LTD,A,C, 1 , 0 , 100 , 0 , 0 , 0 , 0 , 0 , 9 , 0 , 10 , 70 , 39 
24-Aug-2005 11:52,200504,MANCHESTER,CYPRUS,LARNACA,EXCEL AIRWAYS LTD,D,C, 1 , 0 , 100 , 0 , 0 , 0 , 0 , 0 , 0 , 0 , 13 , 76.9230769230769 , 31.2307692307692 
24-Aug-2005 11:52,200504,MANCHESTER,CYPRUS,LARNACA,FIRST CHOICE AIRWAYS LTD,A,S, 8 , 0 , 75 , 25 , 0 , 0 , 0 , 0 , 7.5 , 0 , 8 , 100 , 6.5 
24-Aug-2005 11:52,200504,MANCHESTER,CYPRUS,LARNACA,FIRST CHOICE AIRWAYS LTD,D,S, 8 , 0 , 100 , 0 , 0 , 0 , 0 , 0 , 0 , 0 , 8 , 100 , 1.875 
24-Aug-2005 11:52,200504,MANCHESTER,CYPRUS,LARNACA,HELIOS AIRWAYS LTD,A,C, 9 , 0 , 55.5555555555556 , 0 , 44.4444444444444 , 0 , 0 , 0 , 27.6666666666667 , 0 , 0 , 0 , 0 
24-Aug-2005 11:52,200504,MANCHESTER,CYPRUS,LARNACA,HELIOS AIRWAYS LTD,A,S, 0 , 0 , 0 , 0 , 0 , 0 , 0 , 0 , 0 , 0 , 4 , 100 , 0.5 
24-Aug-2005 11:52,200504,MANCHESTER,CYPRUS,LARNACA,HELIOS AIRWAYS LTD,D,C, 9 , 0 , 0 , 44.4444444444444 , 22.2222222222222 , 22.2222222222222 , 0 , 11.1111111111111 , 116.444444444444 , 0 , 0 , 0 , 0 
24-Aug-2005 11:52,200504,MANCHESTER,CYPRUS,LARNACA,MY TRAVEL AIRWAYS UK,A,C, 4 , 0 , 50 , 0 , 0 , 25 , 0 , 25 , 168.5 , 0 , 4 , 100 , 2.75 
24-Aug-2005 11:52,200504,MANCHESTER,CYPRUS,LARNACA,MY TRAVEL AIRWAYS UK,D,C, 4 , 0 , 75 , 0 , 0 , 25 , 0 , 0 , 18.75 , 0 , 4 , 100 , 1.25 
24-Aug-2005 11:52,200504,MANCHESTER,CYPRUS,LARNACA,THOMAS COOK AIRLINES LTD,A,C, 8 , 0 , 50 , 12.5 , 12.5 , 25 , 0 , 0 , 41.875 , 0 , 8 , 87.5 , 18.25 
24-Aug-2005 11:52,200504,MANCHESTER,CYPRUS,LARNACA,THOMAS COOK AIRLINES LTD,D,C, 7 , 0 , 71.4285714285714 , 28.5714285714286 , 0 , 0 , 0 , 0 , 5.71428571428571 , 0 , 8 , 87.5 , 20.375 
24-Aug-2005 11:52,200504,MANCHESTER,CYPRUS,PAPHOS,AIR CORDIAL LTD,A,C, 0 , 0 , 0 , 0 , 0 , 0 , 0 , 0 , 0 , 0 , 4 , 100 , 7.25 
24-Aug-2005 11:52,200504,MANCHESTER,CYPRUS,PAPHOS,AIR CORDIAL LTD,D,C, 0 , 0 , 0 , 0 , 0 , 0 , 0 , 0 , 0 , 0 , 4 , 100 , 0.25 
24-Aug-2005 11:52,200504,MANCHESTER,CYPRUS,PAPHOS,AIR MALTA,A,C, 8 , 0 , 100 , 0 , 0 , 0 , 0 , 0 , 0 , 0 , 0 , 0 , 0 
24-Aug-2005 11:52,200504,MANCHESTER,CYPRUS,PAPHOS,AIR MALTA,D,C, 8 , 0 , 100 , 0 , 0 , 0 , 0 , 0 , 0.875 , 0 , 0 , 0 , 0 
24-Aug-2005 11:52,200504,MANCHESTER,CYPRUS,PAPHOS,BRITANNIA AIRWAYS AND THOMSONFLY,A,C, 9 , 0 , 66.6666666666667 , 33.3333333333333 , 0 , 0 , 0 , 0 , 8.44444444444444 , 0 , 8 , 87.5 , 3 
24-Aug-2005 11:52,200504,MANCHESTER,CYPRUS,PAPHOS,BRITANNIA AIRWAYS AND THOMSONFLY,D,C, 9 , 0 , 88.8888888888889 , 11.1111111111111 , 0 , 0 , 0 , 0 , 3.11111111111111 , 0 , 8 , 87.5 , 6.25 
24-Aug-2005 11:52,200504,MANCHESTER,CYPRUS,PAPHOS,EUROCYPRIA AIRLINES LTD,A,C, 6 , 0 , 83.3333333333333 , 0 , 0 , 16.6666666666667 , 0 , 0 , 18.5 , 0 , 4 , 75 , 180.75 
24-Aug-2005 11:52,200504,MANCHESTER,CYPRUS,PAPHOS,EUROCYPRIA AIRLINES LTD,D,C, 6 , 0 , 50 , 33.3333333333333 , 0 , 16.6666666666667 , 0 , 0 , 22.5 , 0 , 4 , 75 , 185.25 
24-Aug-2005 11:52,200504,MANCHESTER,CYPRUS,PAPHOS,EXCEL AIRWAYS LTD,A,C, 0 , 0 , 0 , 0 , 0 , 0 , 0 , 0 , 0 , 0 , 8 , 100 , 0 
24-Aug-2005 11:52,200504,MANCHESTER,CYPRUS,PAPHOS,EXCEL AIRWAYS LTD,D,C, 0 , 0 , 0 , 0 , 0 , 0 , 0 , 0 , 0 , 0 , 8 , 100 , 0 
24-Aug-2005 11:52,200504,MANCHESTER,CYPRUS,PAPHOS,FIRST CHOICE AIRWAYS LTD,A,S, 8 , 0 , 87.5 , 12.5 , 0 , 0 , 0 , 0 , 5.75 , 0 , 8 , 62.5 , 11.875 
24-Aug-2005 11:52,200504,MANCHESTER,CYPRUS,PAPHOS,FIRST CHOICE AIRWAYS LTD,D,S, 8 , 0 , 100 , 0 , 0 , 0 , 0 , 0 , 0.25 , 0 , 8 , 87.5 , 5 
24-Aug-2005 11:52,200504,MANCHESTER,CYPRUS,PAPHOS,HELIOS AIRWAYS LTD,A,S, 0 , 0 , 0 , 0 , 0 , 0 , 0 , 0 , 0 , 0 , 4 , 100 , 0 
24-Aug-2005 11:52,200504,MANCHESTER,CYPRUS,PAPHOS,HELIOS AIRWAYS LTD,D,S, 0 , 0 , 0 , 0 , 0 , 0 , 0 , 0 , 0 , 0 , 8 , 75 , 7.625 
24-Aug-2005 11:52,200504,MANCHESTER,CYPRUS,PAPHOS,MY TRAVEL AIRWAYS UK,A,C, 0 , 0 , 0 , 0 , 0 , 0 , 0 , 0 , 0 , 0 , 4 , 50 , 17.75 
24-Aug-2005 11:52,200504,MANCHESTER,CYPRUS,PAPHOS,MY TRAVEL AIRWAYS UK,D,C, 0 , 0 , 0 , 0 , 0 , 0 , 0 , 0 , 0 , 0 , 4 , 100 , 2 
24-Aug-2005 11:52,200504,MANCHESTER,CYPRUS,PAPHOS,THOMAS COOK AIRLINES LTD,A,C, 10 , 0 , 70 , 30 , 0 , 0 , 0 , 0 , 12.8 , 0 , 11 , 100 , 9.09090909090909E-02 
24-Aug-2005 11:52,200504,MANCHESTER,CYPRUS,PAPHOS,THOMAS COOK AIRLINES LTD,D,C, 10 , 0 , 100 , 0 , 0 , 0 , 0 , 0 , 0.5 , 0 , 12 , 83.3333333333333 , 3.58333333333333 
24-Aug-2005 11:52,200504,MANCHESTER,CZECH REPUBLIC,PRAGUE,BMIBABY LTD,A,S, 34 , 0 , 79.4117647058824 , 5.88235294117647 , 11.7647058823529 , 2.94117647058824 , 0 , 0 , 11.3529411764706 , 1 , 30 , 13.3333333333333 , 31.4 
24-Aug-2005 11:52,200504,MANCHESTER,CZECH REPUBLIC,PRAGUE,BMIBABY LTD,D,S, 34 , 0 , 94.1176470588235 , 0 , 0 , 5.88235294117647 , 0 , 0 , 4.76470588235294 , 1 , 30 , 96.6666666666667 , 4.4 
24-Aug-2005 11:52,200504,MANCHESTER,CZECH REPUBLIC,PRAGUE,CSA,A,S, 72 , 0 , 91.6666666666667 , 5.55555555555556 , 2.77777777777778 , 0 , 0 , 0 , 5.22222222222222 , 0 , 56 , 85.7142857142857 , 11.2142857142857 
24-Aug-2005 11:52,200504,MANCHESTER,CZECH REPUBLIC,PRAGUE,CSA,D,S, 73 , 0 , 87.6712328767123 , 12.3287671232877 , 0 , 0 , 0 , 0 , 5.21917808219178 , 0 , 56 , 89.2857142857143 , 9.48214285714286 
24-Aug-2005 11:52,200504,MANCHESTER,CZECH REPUBLIC,PRAGUE,EXCEL AIRWAYS LTD,A,C, 0 , 0 , 0 , 0 , 0 , 0 , 0 , 0 , 0 , 0 , 1 , 100 , 0 
24-Aug-2005 11:52,200504,MANCHESTER,CZECH REPUBLIC,PRAGUE,EXCEL AIRWAYS LTD,D,C, 0 , 0 , 0 , 0 , 0 , 0 , 0 , 0 , 0 , 0 , 1 , 100 , 10 
24-Aug-2005 11:52,200504,MANCHESTER,CZECH REPUBLIC,PRAGUE,THOMAS COOK AIRLINES LTD,A,C, 1 , 0 , 100 , 0 , 0 , 0 , 0 , 0 , 6 , 0 , 0 , 0 , 0 
24-Aug-2005 11:52,200504,MANCHESTER,CZECH REPUBLIC,PRAGUE,THOMAS COOK AIRLINES LTD,D,C, 1 , 0 , 100 , 0 , 0 , 0 , 0 , 0 , 0 , 0 , 0 , 0 , 0 
24-Aug-2005 11:52,200504,MANCHESTER,DENMARK,BILLUND,SUN AIR OF SCANDINAVIA,A,S, 46 , 0 , 73.9130434782609 , 19.5652173913043 , 6.52173913043478 , 0 , 0 , 0 , 10.3695652173913 , 0 , 42 , 85.7142857142857 , 9.23809523809524 
24-Aug-2005 11:52,200504,MANCHESTER,DENMARK,BILLUND,SUN AIR OF SCANDINAVIA,D,S, 46 , 0 , 91.304347826087 , 8.69565217391304 , 0 , 0 , 0 , 0 , 3.67391304347826 , 0 , 42 , 90.4761904761905 , 5.11904761904762 
24-Aug-2005 11:52,200504,MANCHESTER,DENMARK,COPENHAGEN,BRITISH AIRWAYS CITIEXPRESS LTD,A,S, 0 , 0 , 0 , 0 , 0 , 0 , 0 , 0 , 0 , 0 , 69 , 86.9565217391304 , 9.69565217391304 
24-Aug-2005 11:52,200504,MANCHESTER,DENMARK,COPENHAGEN,BRITISH AIRWAYS CITIEXPRESS LTD,D,S, 0 , 0 , 0 , 0 , 0 , 0 , 0 , 0 , 0 , 0 , 69 , 97.1014492753623 , 1.50724637681159 
24-Aug-2005 11:52,200504,MANCHESTER,DENMARK,COPENHAGEN,MAERSK AIR,A,S, 24 , 0 , 66.6666666666667 , 29.1666666666667 , 4.16666666666667 , 0 , 0 , 0 , 14.0833333333333 , 0 , 0 , 0 , 0 
24-Aug-2005 11:52,200504,MANCHESTER,DENMARK,COPENHAGEN,MAERSK AIR,D,S, 24 , 0 , 87.5 , 12.5 , 0 , 0 , 0 , 0 , 4.75 , 0 , 0 , 0 , 0 
24-Aug-2005 11:52,200504,MANCHESTER,DENMARK,COPENHAGEN,SAS,A,S, 85 , 0 , 87.0588235294118 , 9.41176470588235 , 3.52941176470588 , 0 , 0 , 0 , 9.24705882352941 , 0 , 101 , 81.1881188118812 , 9.62376237623762 
24-Aug-2005 11:52,200504,MANCHESTER,DENMARK,COPENHAGEN,SAS,D,S, 85 , 0 , 89.4117647058824 , 9.41176470588235 , 1.17647058823529 , 0 , 0 , 0 , 4.76470588235294 , 0 , 101 , 97.029702970297 , 3.08910891089109 
24-Aug-2005 11:52,200504,MANCHESTER,DOMINICAN REPUBLIC,LA ROMANA,AIR LUXOR,A,C, 0 , 0 , 0 , 0 , 0 , 0 , 0 , 0 , 0 , 0 , 1 , 0 , 202 
24-Aug-2005 11:52,200504,MANCHESTER,DOMINICAN REPUBLIC,LA ROMANA,AIR LUXOR,D,C, 0 , 0 , 0 , 0 , 0 , 0 , 0 , 0 , 0 , 0 , 1 , 0 , 152 
24-Aug-2005 11:52,200504,MANCHESTER,DOMINICAN REPUBLIC,LA ROMANA,MY TRAVEL AIRWAYS UK,A,C, 4 , 0 , 50 , 0 , 0 , 25 , 0 , 25 , 155.75 , 0 , 3 , 100 , 1.33333333333333 
24-Aug-2005 11:52,200504,MANCHESTER,DOMINICAN REPUBLIC,LA ROMANA,MY TRAVEL AIRWAYS UK,D,C, 4 , 0 , 50 , 0 , 0 , 25 , 0 , 25 , 141 , 0 , 3 , 100 , 0.666666666666667 
24-Aug-2005 11:52,200504,MANCHESTER,DOMINICAN REPUBLIC,PUERTO PLATA,BRITANNIA AIRWAYS AND THOMSONFLY,A,C, 3 , 1 , 100 , 0 , 0 , 0 , 0 , 0 , 0 , 0 , 4 , 50 , 11.75 
24-Aug-2005 11:52,200504,MANCHESTER,DOMINICAN REPUBLIC,PUERTO PLATA,BRITANNIA AIRWAYS AND THOMSONFLY,D,C, 4 , 0 , 100 , 0 , 0 , 0 , 0 , 0 , 2.75 , 0 , 4 , 100 , 2 
24-Aug-2005 11:52,200504,MANCHESTER,DOMINICAN REPUBLIC,PUERTO PLATA,MY TRAVEL AIRWAYS UK,A,C, 4 , 0 , 50 , 0 , 25 , 0 , 25 , 0 , 89 , 0 , 4 , 50 , 14.75 
24-Aug-2005 11:52,200504,MANCHESTER,DOMINICAN REPUBLIC,PUERTO PLATA,MY TRAVEL AIRWAYS UK,D,C, 4 , 0 , 50 , 25 , 0 , 0 , 25 , 0 , 96.25 , 0 , 4 , 50 , 30.75 
24-Aug-2005 11:52,200504,MANCHESTER,DOMINICAN REPUBLIC,PUERTO PLATA,THOMAS COOK AIRLINES LTD,A,C, 5 , 0 , 40 , 20 , 20 , 20 , 0 , 0 , 44.6 , 0 , 4 , 100 , 0 
24-Aug-2005 11:52,200504,MANCHESTER,DOMINICAN REPUBLIC,PUERTO PLATA,THOMAS COOK AIRLINES LTD,D,C, 5 , 0 , 60 , 0 , 20 , 20 , 0 , 0 , 32.8 , 0 , 4 , 100 , 6 
24-Aug-2005 11:52,200504,MANCHESTER,DOMINICAN REPUBLIC,PUNTA CANA,BRITANNIA AIRWAYS AND THOMSONFLY,A,C, 3 , 1 , 100 , 0 , 0 , 0 , 0 , 0 , 0 , 0 , 4 , 75 , 17.5 
24-Aug-2005 11:52,200504,MANCHESTER,DOMINICAN REPUBLIC,PUNTA CANA,BRITANNIA AIRWAYS AND THOMSONFLY,D,C, 4 , 0 , 75 , 25 , 0 , 0 , 0 , 0 , 6.5 , 0 , 4 , 75 , 19.5 
24-Aug-2005 11:52,200504,MANCHESTER,DOMINICAN REPUBLIC,PUNTA CANA,THOMAS COOK AIRLINES LTD,A,C, 0 , 0 , 0 , 0 , 0 , 0 , 0 , 0 , 0 , 0 , 5 , 20 , 103.4 
24-Aug-2005 11:52,200504,MANCHESTER,DOMINICAN REPUBLIC,PUNTA CANA,THOMAS COOK AIRLINES LTD,D,C, 0 , 0 , 0 , 0 , 0 , 0 , 0 , 0 , 0 , 0 , 4 , 75 , 12.25 
24-Aug-2005 11:52,200504,MANCHESTER,EGYPT,HURGHADA,AIR CORDIAL LTD,A,C, 0 , 0 , 0 , 0 , 0 , 0 , 0 , 0 , 0 , 0 , 2 , 50 , 12.5 
24-Aug-2005 11:52,200504,MANCHESTER,EGYPT,HURGHADA,AIR CORDIAL LTD,D,C, 0 , 0 , 0 , 0 , 0 , 0 , 0 , 0 , 0 , 0 , 3 , 66.6666666666667 , 18 
24-Aug-2005 11:52,200504,MANCHESTER,EGYPT,HURGHADA,ASTRAEUS LTD,D,C, 1 , 0 , 100 , 0 , 0 , 0 , 0 , 0 , 0 , 0 , 0 , 0 , 0 
24-Aug-2005 11:52,200504,MANCHESTER,EGYPT,HURGHADA,BRITANNIA AIRWAYS AND THOMSONFLY,A,C, 8 , 0 , 75 , 12.5 , 12.5 , 0 , 0 , 0 , 11.25 , 0 , 4 , 0 , 135 
24-Aug-2005 11:52,200504,MANCHESTER,EGYPT,HURGHADA,BRITANNIA AIRWAYS AND THOMSONFLY,D,C, 8 , 0 , 100 , 0 , 0 , 0 , 0 , 0 , 1.125 , 0 , 4 , 25 , 114 
24-Aug-2005 11:52,200504,MANCHESTER,EGYPT,HURGHADA,EXCEL AIRWAYS LTD,A,C, 15 , 0 , 20 , 33.3333333333333 , 26.6666666666667 , 13.3333333333333 , 6.66666666666667 , 0 , 54.7333333333333 , 0 , 1 , 0 , 55 
24-Aug-2005 11:52,200504,MANCHESTER,EGYPT,HURGHADA,EXCEL AIRWAYS LTD,D,C, 14 , 0 , 71.4285714285714 , 14.2857142857143 , 0 , 7.14285714285714 , 7.14285714285714 , 0 , 29.2857142857143 , 0 , 1 , 0 , 44 
24-Aug-2005 11:52,200504,MANCHESTER,EGYPT,HURGHADA,FIRST CHOICE AIRWAYS LTD,A,C, 4 , 0 , 0 , 50 , 50 , 0 , 0 , 0 , 31 , 0 , 0 , 0 , 0 
24-Aug-2005 11:52,200504,MANCHESTER,EGYPT,HURGHADA,FIRST CHOICE AIRWAYS LTD,D,C, 4 , 0 , 75 , 25 , 0 , 0 , 0 , 0 , 7.25 , 0 , 0 , 0 , 0 
24-Aug-2005 11:52,200504,MANCHESTER,EGYPT,HURGHADA,MY TRAVEL AIRWAYS UK,A,C, 9 , 0 , 44.4444444444444 , 11.1111111111111 , 11.1111111111111 , 22.2222222222222 , 0 , 11.1111111111111 , 120.111111111111 , 0 , 0 , 0 , 0 
24-Aug-2005 11:52,200504,MANCHESTER,EGYPT,HURGHADA,MY TRAVEL AIRWAYS UK,D,C, 9 , 0 , 88.8888888888889 , 0 , 0 , 11.1111111111111 , 0 , 0 , 14.8888888888889 , 0 , 0 , 0 , 0 
24-Aug-2005 11:52,200504,MANCHESTER,EGYPT,HURGHADA,THOMAS COOK AIRLINES LTD,A,C, 8 , 0 , 25 , 0 , 25 , 25 , 12.5 , 12.5 , 120.875 , 0 , 4 , 100 , 0 
24-Aug-2005 11:52,200504,MANCHESTER,EGYPT,HURGHADA,THOMAS COOK AIRLINES LTD,D,C, 8 , 0 , 100 , 0 , 0 , 0 , 0 , 0 , 1.875 , 0 , 5 , 80 , 27.4 
24-Aug-2005 11:52,200504,MANCHESTER,EGYPT,LUXOR,BRITANNIA AIRWAYS AND THOMSONFLY,A,C, 4 , 0 , 50 , 50 , 0 , 0 , 0 , 0 , 12 , 0 , 4 , 75 , 8 
24-Aug-2005 11:52,200504,MANCHESTER,EGYPT,LUXOR,BRITANNIA AIRWAYS AND THOMSONFLY,D,C, 4 , 0 , 75 , 25 , 0 , 0 , 0 , 0 , 5.25 , 0 , 5 , 40 , 21.2 
24-Aug-2005 11:52,200504,MANCHESTER,EGYPT,LUXOR,MONARCH AIRLINES,A,C, 4 , 0 , 100 , 0 , 0 , 0 , 0 , 0 , 2.75 , 0 , 0 , 0 , 0 
24-Aug-2005 11:52,200504,MANCHESTER,EGYPT,LUXOR,MONARCH AIRLINES,D,C, 4 , 0 , 75 , 25 , 0 , 0 , 0 , 0 , 11.5 , 0 , 0 , 0 , 0 
24-Aug-2005 11:52,200504,MANCHESTER,EGYPT,TABA,ASTRAEUS LTD,A,C, 4 , 0 , 25 , 75 , 0 , 0 , 0 , 0 , 15 , 0 , 0 , 0 , 0 
24-Aug-2005 11:52,200504,MANCHESTER,EGYPT,TABA,ASTRAEUS LTD,D,C, 4 , 0 , 100 , 0 , 0 , 0 , 0 , 0 , 3.75 , 0 , 0 , 0 , 0 
24-Aug-2005 11:52,200504,MANCHESTER,EGYPT,TABA,FLYJET LTD,A,C, 0 , 0 , 0 , 0 , 0 , 0 , 0 , 0 , 0 , 0 , 1 , 0 , 24 
24-Aug-2005 11:52,200504,MANCHESTER,EGYPT,TABA,FLYJET LTD,D,C, 0 , 0 , 0 , 0 , 0 , 0 , 0 , 0 , 0 , 0 , 1 , 100 , 2 
24-Aug-2005 11:52,200504,MANCHESTER,FINLAND,HELSINKI,FINNAIR,A,S, 51 , 0 , 52.9411764705882 , 31.3725490196078 , 13.7254901960784 , 1.96078431372549 , 0 , 0 , 16.4705882352941 , 0 , 47 , 82.9787234042553 , 8.12765957446809 
24-Aug-2005 11:52,200504,MANCHESTER,FINLAND,HELSINKI,FINNAIR,D,S, 51 , 0 , 82.3529411764706 , 11.7647058823529 , 5.88235294117647 , 0 , 0 , 0 , 6.76470588235294 , 0 , 47 , 97.8723404255319 , 2.57446808510638 
24-Aug-2005 11:52,200504,MANCHESTER,FINLAND,HELSINKI,MY TRAVEL AIRWAYS UK,A,C, 1 , 0 , 0 , 0 , 100 , 0 , 0 , 0 , 34 , 0 , 0 , 0 , 0 
24-Aug-2005 11:52,200504,MANCHESTER,FINLAND,HELSINKI,MY TRAVEL AIRWAYS UK,D,C, 1 , 0 , 0 , 0 , 0 , 100 , 0 , 0 , 83 , 0 , 0 , 0 , 0 
24-Aug-2005 11:52,200504,MANCHESTER,FINLAND,ROVANIEMI,EXCEL AIRWAYS LTD,A,C, 1 , 0 , 100 , 0 , 0 , 0 , 0 , 0 , 7 , 0 , 0 , 0 , 0 
24-Aug-2005 11:52,200504,MANCHESTER,FRANCE,BORDEAUX,BMIBABY LTD,A,S, 30 , 0 , 76.6666666666667 , 10 , 13.3333333333333 , 0 , 0 , 0 , 7.96666666666667 , 0 , 30 , 76.6666666666667 , 13.0666666666667 
24-Aug-2005 11:52,200504,MANCHESTER,FRANCE,BORDEAUX,BMIBABY LTD,D,S, 30 , 0 , 93.3333333333333 , 3.33333333333333 , 3.33333333333333 , 0 , 0 , 0 , 3 , 0 , 30 , 86.6666666666667 , 5.43333333333333 
24-Aug-2005 11:52,200504,MANCHESTER,FRANCE,CHAMBERY,ASTRAEUS LTD,A,C, 5 , 0 , 60 , 0 , 0 , 20 , 20 , 0 , 55.8 , 0 , 6 , 83.3333333333333 , 8 
24-Aug-2005 11:52,200504,MANCHESTER,FRANCE,CHAMBERY,ASTRAEUS LTD,D,C, 3 , 0 , 100 , 0 , 0 , 0 , 0 , 0 , 0 , 0 , 4 , 75 , 15.25 
24-Aug-2005 11:52,200504,MANCHESTER,FRANCE,CHAMBERY,BRITISH AIRWAYS CITIEXPRESS LTD,A,C, 1 , 1 , 100 , 0 , 0 , 0 , 0 , 0 , 3 , 0 , 0 , 0 , 0 
24-Aug-2005 11:52,200504,MANCHESTER,FRANCE,CHAMBERY,BRITISH AIRWAYS CITIEXPRESS LTD,D,C, 2 , 0 , 50 , 50 , 0 , 0 , 0 , 0 , 12.5 , 0 , 0 , 0 , 0 
24-Aug-2005 11:52,200504,MANCHESTER,FRANCE,CHAMBERY,EXCEL AIRWAYS LTD,A,C, 5 , 0 , 60 , 0 , 40 , 0 , 0 , 0 , 15 , 0 , 5 , 100 , 0 
24-Aug-2005 11:52,200504,MANCHESTER,FRANCE,CHAMBERY,EXCEL AIRWAYS LTD,D,C, 4 , 0 , 50 , 25 , 25 , 0 , 0 , 0 , 13.75 , 0 , 4 , 100 , 4 
24-Aug-2005 11:52,200504,MANCHESTER,FRANCE,CHAMBERY,FLYBE.BRITISH EUROPEAN,A,C, 0 , 0 , 0 , 0 , 0 , 0 , 0 , 0 , 0 , 0 , 3 , 66.6666666666667 , 23 
24-Aug-2005 11:52,200504,MANCHESTER,FRANCE,CHAMBERY,FLYBE.BRITISH EUROPEAN,D,C, 0 , 0 , 0 , 0 , 0 , 0 , 0 , 0 , 0 , 0 , 2 , 50 , 17.5 
24-Aug-2005 11:52,200504,MANCHESTER,FRANCE,CHATEAUROUX,BRITANNIA AIRWAYS AND THOMSONFLY,D,C, 0 , 1 , 0 , 0 , 0 , 0 , 0 , 0 , 0 , 0 , 0 , 0 , 0 
24-Aug-2005 11:52,200504,MANCHESTER,FRANCE,GRENOBLE,BMI BRITISH MIDLAND,A,C, 0 , 0 , 0 , 0 , 0 , 0 , 0 , 0 , 0 , 0 , 2 , 100 , 1.5 
24-Aug-2005 11:52,200504,MANCHESTER,FRANCE,GRENOBLE,BMI BRITISH MIDLAND,D,C, 0 , 0 , 0 , 0 , 0 , 0 , 0 , 0 , 0 , 0 , 2 , 100 , 0.5 
24-Aug-2005 11:52,200504,MANCHESTER,FRANCE,GRENOBLE,FIRST CHOICE AIRWAYS LTD,A,C, 6 , 0 , 100 , 0 , 0 , 0 , 0 , 0 , 0 , 0 , 6 , 83.3333333333333 , 9.33333333333333 
24-Aug-2005 11:52,200504,MANCHESTER,FRANCE,GRENOBLE,FIRST CHOICE AIRWAYS LTD,D,C, 4 , 0 , 100 , 0 , 0 , 0 , 0 , 0 , 0 , 0 , 5 , 80 , 7.4 
24-Aug-2005 11:52,200504,MANCHESTER,FRANCE,GRENOBLE,MONARCH AIRLINES,A,C, 2 , 0 , 100 , 0 , 0 , 0 , 0 , 0 , 0 , 0 , 3 , 100 , 0.333333333333333 
24-Aug-2005 11:52,200504,MANCHESTER,FRANCE,GRENOBLE,MONARCH AIRLINES,D,C, 2 , 0 , 50 , 0 , 0 , 50 , 0 , 0 , 40 , 0 , 3 , 100 , 0.333333333333333 
24-Aug-2005 11:52,200504,MANCHESTER,FRANCE,LYON,BRITANNIA AIRWAYS AND THOMSONFLY,A,C, 3 , 0 , 66.6666666666667 , 0 , 0 , 33.3333333333333 , 0 , 0 , 36 , 0 , 4 , 50 , 117.75 
24-Aug-2005 11:52,200504,MANCHESTER,FRANCE,LYON,BRITANNIA AIRWAYS AND THOMSONFLY,D,C, 2 , 0 , 100 , 0 , 0 , 0 , 0 , 0 , 0 , 0 , 3 , 100 , 13.6666666666667 
24-Aug-2005 11:52,200504,MANCHESTER,FRANCE,LYON,BRITISH AIRWAYS CITIEXPRESS LTD,A,C, 1 , 4 , 100 , 0 , 0 , 0 , 0 , 0 , 11 , 0 , 4 , 50 , 21.5 
24-Aug-2005 11:52,200504,MANCHESTER,FRANCE,LYON,BRITISH AIRWAYS CITIEXPRESS LTD,A,S, 30 , 0 , 73.3333333333333 , 13.3333333333333 , 13.3333333333333 , 0 , 0 , 0 , 10.2 , 0 , 30 , 100 , 1.8 
24-Aug-2005 11:52,200504,MANCHESTER,FRANCE,LYON,BRITISH AIRWAYS CITIEXPRESS LTD,D,C, 3 , 1 , 66.6666666666667 , 0 , 33.3333333333333 , 0 , 0 , 0 , 11.6666666666667 , 0 , 3 , 100 , 4 
24-Aug-2005 11:52,200504,MANCHESTER,FRANCE,LYON,BRITISH AIRWAYS CITIEXPRESS LTD,D,S, 30 , 0 , 76.6666666666667 , 10 , 13.3333333333333 , 0 , 0 , 0 , 10 , 0 , 31 , 80.6451612903226 , 4.58064516129032 
24-Aug-2005 11:52,200504,MANCHESTER,FRANCE,LYON,EXCEL AIRWAYS LTD,A,C, 1 , 0 , 0 , 0 , 0 , 100 , 0 , 0 , 153 , 0 , 1 , 0 , 46 
24-Aug-2005 11:52,200504,MANCHESTER,FRANCE,LYON,EXCEL AIRWAYS LTD,D,C, 0 , 0 , 0 , 0 , 0 , 0 , 0 , 0 , 0 , 0 , 1 , 0 , 106 
24-Aug-2005 11:52,200504,MANCHESTER,FRANCE,LYON,THOMAS COOK AIRLINES LTD,A,C, 2 , 0 , 100 , 0 , 0 , 0 , 0 , 0 , 2.5 , 0 , 2 , 100 , 0 
24-Aug-2005 11:52,200504,MANCHESTER,FRANCE,LYON,THOMAS COOK AIRLINES LTD,D,C, 1 , 0 , 100 , 0 , 0 , 0 , 0 , 0 , 0 , 0 , 1 , 100 , 0 
24-Aug-2005 11:52,200504,MANCHESTER,FRANCE,NICE,BLUE LINE,A,C, 1 , 0 , 100 , 0 , 0 , 0 , 0 , 0 , 0 , 0 , 0 , 0 , 0 
24-Aug-2005 11:52,200504,MANCHESTER,FRANCE,NICE,BLUE LINE,D,C, 1 , 0 , 100 , 0 , 0 , 0 , 0 , 0 , 6 , 0 , 1 , 100 , 11 
24-Aug-2005 11:52,200504,MANCHESTER,FRANCE,NICE,BRITISH AIRWAYS CITIEXPRESS LTD,A,S, 30 , 0 , 86.6666666666667 , 3.33333333333333 , 0 , 10 , 0 , 0 , 11.5333333333333 , 0 , 30 , 90 , 3.5 
24-Aug-2005 11:52,200504,MANCHESTER,FRANCE,NICE,BRITISH AIRWAYS CITIEXPRESS LTD,D,S, 30 , 0 , 83.3333333333333 , 6.66666666666667 , 0 , 10 , 0 , 0 , 16.2 , 0 , 30 , 90 , 6.3 
24-Aug-2005 11:52,200504,MANCHESTER,FRANCE,NICE,CHANNEL EXPRESS (INCORP: JET 2),A,S, 30 , 0 , 86.6666666666667 , 6.66666666666667 , 3.33333333333333 , 0 , 0 , 3.33333333333333 , 21.8333333333333 , 0 , 0 , 0 , 0 
24-Aug-2005 11:52,200504,MANCHESTER,FRANCE,NICE,CHANNEL EXPRESS (INCORP: JET 2),D,S, 30 , 0 , 96.6666666666667 , 3.33333333333333 , 0 , 0 , 0 , 0 , 1.73333333333333 , 0 , 0 , 0 , 0 
24-Aug-2005 11:52,200504,MANCHESTER,FRANCE,NICE,EXCEL AIRWAYS LTD,A,C, 0 , 0 , 0 , 0 , 0 , 0 , 0 , 0 , 0 , 0 , 1 , 100 , 0 
24-Aug-2005 11:52,200504,MANCHESTER,FRANCE,PARIS (CHARLES DE GAULLE),AIR FRANCE,A,S, 150 , 0 , 88.6666666666667 , 6.66666666666667 , 3.33333333333333 , 1.33333333333333 , 0 , 0 , 6.11333333333333 , 0 , 178 , 86.5168539325843 , 7.4438202247191 
24-Aug-2005 11:52,200504,MANCHESTER,FRANCE,PARIS (CHARLES DE GAULLE),AIR FRANCE,D,S, 149 , 0 , 91.9463087248322 , 4.02684563758389 , 2.01342281879195 , 2.01342281879195 , 0 , 0 , 5.36241610738255 , 0 , 178 , 91.0112359550562 , 4.95505617977528 
24-Aug-2005 11:52,200504,MANCHESTER,FRANCE,PARIS (CHARLES DE GAULLE),BMIBABY LTD,A,S, 0 , 0 , 0 , 0 , 0 , 0 , 0 , 0 , 0 , 0 , 30 , 83.3333333333333 , 7.83333333333333 
24-Aug-2005 11:52,200504,MANCHESTER,FRANCE,PARIS (CHARLES DE GAULLE),BMIBABY LTD,D,S, 0 , 0 , 0 , 0 , 0 , 0 , 0 , 0 , 0 , 0 , 30 , 93.3333333333333 , 4.83333333333333 
24-Aug-2005 11:52,200504,MANCHESTER,FRANCE,PARIS (CHARLES DE GAULLE),BRITISH AIRWAYS CITIEXPRESS LTD,A,S, 126 , 0 , 76.1904761904762 , 9.52380952380952 , 7.93650793650794 , 4.76190476190476 , 1.58730158730159 , 0 , 14.8412698412698 , 0 , 131 , 80.1526717557252 , 11.0152671755725 
24-Aug-2005 11:52,200504,MANCHESTER,FRANCE,PARIS (CHARLES DE GAULLE),BRITISH AIRWAYS CITIEXPRESS LTD,D,S, 128 , 0 , 81.25 , 7.8125 , 8.59375 , 1.5625 , 0.78125 , 0 , 9.9609375 , 0 , 132 , 88.6363636363636 , 6.1969696969697 
24-Aug-2005 11:52,200504,MANCHESTER,FRANCE,TARBES-LOURDES INTERNATIONAL,AIR ATLANTA EUROPE LTD,A,C, 1 , 0 , 0 , 0 , 100 , 0 , 0 , 0 , 60 , 0 , 0 , 0 , 0 
24-Aug-2005 11:52,200504,MANCHESTER,FRANCE,TARBES-LOURDES INTERNATIONAL,AIR ATLANTA ICELANDIC,A,C, 0 , 0 , 0 , 0 , 0 , 0 , 0 , 0 , 0 , 0 , 1 , 0 , 87 
24-Aug-2005 11:52,200504,MANCHESTER,FRANCE,TARBES-LOURDES INTERNATIONAL,AIR ATLANTA ICELANDIC,D,C, 0 , 0 , 0 , 0 , 0 , 0 , 0 , 0 , 0 , 0 , 1 , 0 , 48 
24-Aug-2005 11:52,200504,MANCHESTER,FRANCE,TARBES-LOURDES INTERNATIONAL,BRITANNIA AIRWAYS AND THOMSONFLY,D,C, 0 , 0 , 0 , 0 , 0 , 0 , 0 , 0 , 0 , 0 , 1 , 100 , 1 
24-Aug-2005 11:52,200504,MANCHESTER,FRANCE,TARBES-LOURDES INTERNATIONAL,EXCEL AIRWAYS LTD,A,C, 1 , 0 , 0 , 100 , 0 , 0 , 0 , 0 , 18 , 0 , 1 , 100 , 7 
24-Aug-2005 11:52,200504,MANCHESTER,FRANCE,TARBES-LOURDES INTERNATIONAL,EXCEL AIRWAYS LTD,D,C, 0 , 0 , 0 , 0 , 0 , 0 , 0 , 0 , 0 , 0 , 1 , 100 , 0 
24-Aug-2005 11:52,200504,MANCHESTER,FRANCE,TARBES-LOURDES INTERNATIONAL,MONARCH AIRLINES,A,C, 0 , 0 , 0 , 0 , 0 , 0 , 0 , 0 , 0 , 0 , 1 , 0 , 37 
24-Aug-2005 11:52,200504,MANCHESTER,FRANCE,TARBES-LOURDES INTERNATIONAL,TRAVEL SERVICE AIRLINES,A,C, 1 , 0 , 0 , 0 , 0 , 0 , 100 , 0 , 200 , 0 , 0 , 0 , 0 
24-Aug-2005 11:52,200504,MANCHESTER,FRANCE,TOULOUSE (BLAGNAC),BMI REGIONAL,A,S, 29 , 0 , 89.6551724137931 , 6.89655172413793 , 3.44827586206897 , 0 , 0 , 0 , 4.13793103448276 , 0 , 29 , 93.1034482758621 , 2.82758620689655 
24-Aug-2005 11:52,200504,MANCHESTER,FRANCE,TOULOUSE (BLAGNAC),BMI REGIONAL,D,S, 29 , 0 , 96.551724137931 , 3.44827586206897 , 0 , 0 , 0 , 0 , 1 , 0 , 29 , 100 , 0.137931034482759 
24-Aug-2005 11:52,200504,MANCHESTER,FRANCE,TOULOUSE (BLAGNAC),BRITANNIA AIRWAYS AND THOMSONFLY,A,C, 1 , 0 , 100 , 0 , 0 , 0 , 0 , 0 , 0 , 0 , 0 , 0 , 0 
24-Aug-2005 11:52,200504,MANCHESTER,FRANCE,TOULOUSE (BLAGNAC),FIRST CHOICE AIRWAYS LTD,A,C, 1 , 0 , 100 , 0 , 0 , 0 , 0 , 0 , 2 , 0 , 0 , 0 , 0 
24-Aug-2005 11:52,200504,MANCHESTER,FRANCE,TOULOUSE (BLAGNAC),MY TRAVEL AIRWAYS UK,A,C, 1 , 0 , 0 , 0 , 0 , 100 , 0 , 0 , 62 , 0 , 0 , 0 , 0 
24-Aug-2005 11:52,200504,MANCHESTER,FRANCE,TOULOUSE (BLAGNAC),THOMAS COOK AIRLINES LTD,A,C, 1 , 0 , 100 , 0 , 0 , 0 , 0 , 0 , 0 , 0 , 0 , 0 , 0 
24-Aug-2005 11:52,200504,MANCHESTER,GAMBIA,BANJUL,ASTRAEUS LTD,A,C, 7 , 0 , 71.4285714285714 , 14.2857142857143 , 0 , 14.2857142857143 , 0 , 0 , 20.7142857142857 , 0 , 0 , 0 , 0 
24-Aug-2005 11:52,200504,MANCHESTER,GAMBIA,BANJUL,ASTRAEUS LTD,D,C, 4 , 0 , 75 , 25 , 0 , 0 , 0 , 0 , 5.75 , 0 , 0 , 0 , 0 
24-Aug-2005 11:52,200504,MANCHESTER,GAMBIA,BANJUL,FIRST CHOICE AIRWAYS LTD,A,C, 5 , 0 , 80 , 0 , 0 , 20 , 0 , 0 , 18.4 , 0 , 5 , 80 , 3.4 
24-Aug-2005 11:52,200504,MANCHESTER,GAMBIA,BANJUL,FIRST CHOICE AIRWAYS LTD,D,C, 5 , 0 , 80 , 0 , 0 , 20 , 0 , 0 , 15.4 , 0 , 5 , 100 , 0 
24-Aug-2005 11:52,200504,MANCHESTER,GAMBIA,BANJUL,MY TRAVEL AIRWAYS UK,A,C, 0 , 0 , 0 , 0 , 0 , 0 , 0 , 0 , 0 , 0 , 4 , 50 , 37.25 
24-Aug-2005 11:52,200504,MANCHESTER,GAMBIA,BANJUL,MY TRAVEL AIRWAYS UK,D,C, 0 , 0 , 0 , 0 , 0 , 0 , 0 , 0 , 0 , 0 , 4 , 75 , 34.25 
24-Aug-2005 11:52,200504,MANCHESTER,GAMBIA,BANJUL,THOMAS COOK AIRLINES LTD,A,C, 4 , 0 , 50 , 0 , 25 , 25 , 0 , 0 , 40 , 0 , 4 , 100 , 2.5 
24-Aug-2005 11:52,200504,MANCHESTER,GAMBIA,BANJUL,THOMAS COOK AIRLINES LTD,D,C, 3 , 0 , 66.6666666666667 , 0 , 0 , 33.3333333333333 , 0 , 0 , 40.6666666666667 , 0 , 3 , 100 , 2 
24-Aug-2005 11:52,200504,MANCHESTER,GERMANY,BERLIN (TEGEL),AIR BERLIN,A,S, 24 , 0 , 66.6666666666667 , 29.1666666666667 , 4.16666666666667 , 0 , 0 , 0 , 11.4583333333333 , 0 , 0 , 0 , 0 
24-Aug-2005 11:52,200504,MANCHESTER,GERMANY,BERLIN (TEGEL),AIR BERLIN,D,S, 24 , 0 , 91.6666666666667 , 4.16666666666667 , 4.16666666666667 , 0 , 0 , 0 , 4.83333333333333 , 0 , 0 , 0 , 0 
24-Aug-2005 11:52,200504,MANCHESTER,GERMANY,BERLIN (TEGEL),BRITISH AIRWAYS CITIEXPRESS LTD,A,S, 30 , 0 , 90 , 10 , 0 , 0 , 0 , 0 , 4.66666666666667 , 0 , 30 , 90 , 3.13333333333333 
24-Aug-2005 11:52,200504,MANCHESTER,GERMANY,BERLIN (TEGEL),BRITISH AIRWAYS CITIEXPRESS LTD,D,S, 30 , 0 , 93.3333333333333 , 3.33333333333333 , 3.33333333333333 , 0 , 0 , 0 , 1.93333333333333 , 0 , 30 , 100 , 0 
24-Aug-2005 11:52,200504,MANCHESTER,GERMANY,COLOGNE (BONN),HAPAG LLOYD EXPRESS,A,S, 31 , 0 , 64.5161290322581 , 19.3548387096774 , 0 , 16.1290322580645 , 0 , 0 , 19.8064516129032 , 1 , 30 , 70 , 13 
24-Aug-2005 11:52,200504,MANCHESTER,GERMANY,COLOGNE (BONN),HAPAG LLOYD EXPRESS,D,S, 30 , 0 , 80 , 3.33333333333333 , 6.66666666666667 , 10 , 0 , 0 , 16.1 , 1 , 30 , 66.6666666666667 , 14.1 
24-Aug-2005 11:52,200504,MANCHESTER,GERMANY,DUSSELDORF,AIR BERLIN,A,S, 31 , 0 , 90.3225806451613 , 6.45161290322581 , 0 , 3.2258064516129 , 0 , 0 , 7.7741935483871 , 0 , 0 , 0 , 0 
24-Aug-2005 11:52,200504,MANCHESTER,GERMANY,DUSSELDORF,AIR BERLIN,D,S, 30 , 0 , 96.6666666666667 , 0 , 0 , 3.33333333333333 , 0 , 0 , 2.3 , 0 , 0 , 0 , 0 
24-Aug-2005 11:52,200504,MANCHESTER,GERMANY,DUSSELDORF,BRITISH AIRWAYS CITIEXPRESS LTD,A,S, 74 , 0 , 94.5945945945946 , 4.05405405405405 , 1.35135135135135 , 0 , 0 , 0 , 3.32432432432432 , 0 , 95 , 85.2631578947368 , 7.41052631578947 
24-Aug-2005 11:52,200504,MANCHESTER,GERMANY,DUSSELDORF,BRITISH AIRWAYS CITIEXPRESS LTD,D,S, 74 , 0 , 94.5945945945946 , 4.05405405405405 , 0 , 1.35135135135135 , 0 , 0 , 2.63513513513514 , 0 , 95 , 92.6315789473684 , 3.44210526315789 
24-Aug-2005 11:52,200504,MANCHESTER,GERMANY,DUSSELDORF,LUFTHANSA CITY LINE,A,S, 76 , 0 , 77.6315789473684 , 18.4210526315789 , 3.94736842105263 , 0 , 0 , 0 , 7.60526315789474 , 0 , 74 , 87.8378378378378 , 7.35135135135135 
24-Aug-2005 11:52,200504,MANCHESTER,GERMANY,DUSSELDORF,LUFTHANSA CITY LINE,D,S, 76 , 0 , 92.1052631578947 , 6.57894736842105 , 1.31578947368421 , 0 , 0 , 0 , 3.94736842105263 , 0 , 73 , 91.7808219178082 , 4.52054794520548 
24-Aug-2005 11:52,200504,MANCHESTER,GERMANY,FRANKFURT MAIN,BRITISH AIRWAYS CITIEXPRESS LTD,A,S, 133 , 0 , 84.2105263157895 , 10.5263157894737 , 4.51127819548872 , 0.75187969924812 , 0 , 0 , 7.67669172932331 , 0 , 128 , 93.75 , 3.5703125 
24-Aug-2005 11:52,200504,MANCHESTER,GERMANY,FRANKFURT MAIN,BRITISH AIRWAYS CITIEXPRESS LTD,D,S, 133 , 0 , 88.7218045112782 , 3.7593984962406 , 5.26315789473684 , 2.25563909774436 , 0 , 0 , 6.93984962406015 , 0 , 131 , 93.8931297709924 , 3.02290076335878 
24-Aug-2005 11:52,200504,MANCHESTER,GERMANY,FRANKFURT MAIN,LUFTHANSA,A,S, 120 , 0 , 84.1666666666667 , 8.33333333333333 , 5 , 2.5 , 0 , 0 , 9.18333333333333 , 0 , 90 , 86.6666666666667 , 6.26666666666667 
24-Aug-2005 11:52,200504,MANCHESTER,GERMANY,FRANKFURT MAIN,LUFTHANSA,D,S, 120 , 0 , 89.1666666666667 , 7.5 , 2.5 , 0.833333333333333 , 0 , 0 , 4.45833333333333 , 0 , 90 , 96.6666666666667 , 3.24444444444444 
24-Aug-2005 11:52,200504,MANCHESTER,GERMANY,HAMBURG,AIR BERLIN,A,S, 20 , 0 , 90 , 5 , 0 , 5 , 0 , 0 , 6.35 , 0 , 0 , 0 , 0 
24-Aug-2005 11:52,200504,MANCHESTER,GERMANY,HAMBURG,AIR BERLIN,D,S, 20 , 0 , 95 , 0 , 0 , 5 , 0 , 0 , 4.05 , 0 , 0 , 0 , 0 
24-Aug-2005 11:52,200504,MANCHESTER,GERMANY,HAMBURG,LUFTHANSA CITY LINE,A,S, 48 , 0 , 83.3333333333333 , 12.5 , 4.16666666666667 , 0 , 0 , 0 , 7.1875 , 0 , 47 , 76.5957446808511 , 10.4893617021277 
24-Aug-2005 11:52,200504,MANCHESTER,GERMANY,HAMBURG,LUFTHANSA CITY LINE,D,S, 48 , 0 , 93.75 , 0 , 6.25 , 0 , 0 , 0 , 3.04166666666667 , 0 , 48 , 93.75 , 3.79166666666667 
24-Aug-2005 11:52,200504,MANCHESTER,GERMANY,HANOVER,BRITISH AIRWAYS CITIEXPRESS LTD,A,S, 50 , 0 , 90 , 4 , 2 , 4 , 0 , 0 , 7.48 , 0 , 57 , 98.2456140350877 , 0.543859649122807 
24-Aug-2005 11:52,200504,MANCHESTER,GERMANY,HANOVER,BRITISH AIRWAYS CITIEXPRESS LTD,D,S, 51 , 0 , 92.156862745098 , 3.92156862745098 , 0 , 3.92156862745098 , 0 , 0 , 6.11764705882353 , 0 , 58 , 96.551724137931 , 1.31034482758621 
24-Aug-2005 11:52,200504,MANCHESTER,GERMANY,HANOVER,EUROPEAN AIR CHARTER,A,C, 0 , 0 , 0 , 0 , 0 , 0 , 0 , 0 , 0 , 0 , 1 , 100 , 12 
24-Aug-2005 11:52,200504,MANCHESTER,GERMANY,HANOVER,EUROPEAN AIR CHARTER,D,C, 0 , 0 , 0 , 0 , 0 , 0 , 0 , 0 , 0 , 0 , 1 , 100 , 0 
24-Aug-2005 11:52,200504,MANCHESTER,GERMANY,MUNICH,LUFTHANSA CITY LINE,A,S, 90 , 0 , 85.5555555555556 , 11.1111111111111 , 3.33333333333333 , 0 , 0 , 0 , 6.3 , 0 , 88 , 89.7727272727273 , 4.88636363636364 
24-Aug-2005 11:52,200504,MANCHESTER,GERMANY,MUNICH,LUFTHANSA CITY LINE,D,S, 90 , 0 , 96.6666666666667 , 2.22222222222222 , 1.11111111111111 , 0 , 0 , 0 , 1.84444444444444 , 0 , 88 , 96.5909090909091 , 2.39772727272727 
24-Aug-2005 11:52,200504,MANCHESTER,GERMANY,NIEDERRHEIN,DUTCHBIRD,A,S, 0 , 0 , 0 , 0 , 0 , 0 , 0 , 0 , 0 , 0 , 30 , 56.6666666666667 , 24.9333333333333 
24-Aug-2005 11:52,200504,MANCHESTER,GERMANY,NIEDERRHEIN,DUTCHBIRD,D,S, 0 , 0 , 0 , 0 , 0 , 0 , 0 , 0 , 0 , 0 , 30 , 80 , 9.06666666666667 
24-Aug-2005 11:52,200504,MANCHESTER,GERMANY,PADERBORN,AIR BERLIN,A,S, 17 , 0 , 82.3529411764706 , 17.6470588235294 , 0 , 0 , 0 , 0 , 3.76470588235294 , 0 , 0 , 0 , 0 
24-Aug-2005 11:52,200504,MANCHESTER,GERMANY,PADERBORN,AIR BERLIN,D,S, 17 , 0 , 94.1176470588235 , 5.88235294117647 , 0 , 0 , 0 , 0 , 2 , 0 , 0 , 0 , 0 
24-Aug-2005 11:52,200504,MANCHESTER,GERMANY,STUTTGART,BRITISH AIRWAYS CITIEXPRESS LTD,A,S, 24 , 0 , 95.8333333333333 , 4.16666666666667 , 0 , 0 , 0 , 0 , 1.33333333333333 , 0 , 43 , 90.6976744186047 , 6.53488372093023 
24-Aug-2005 11:52,200504,MANCHESTER,GERMANY,STUTTGART,BRITISH AIRWAYS CITIEXPRESS LTD,D,S, 25 , 0 , 100 , 0 , 0 , 0 , 0 , 0 , 0.36 , 0 , 43 , 93.0232558139535 , 5.83720930232558 
24-Aug-2005 11:52,200504,MANCHESTER,GERMANY,STUTTGART,HAPAG LLOYD EXPRESS,A,S, 16 , 0 , 81.25 , 12.5 , 6.25 , 0 , 0 , 0 , 10 , 0 , 6 , 100 , 3.5 
24-Aug-2005 11:52,200504,MANCHESTER,GERMANY,STUTTGART,HAPAG LLOYD EXPRESS,D,S, 16 , 0 , 75 , 18.75 , 6.25 , 0 , 0 , 0 , 9.25 , 0 , 6 , 100 , 3.83333333333333 
24-Aug-2005 11:52,200504,MANCHESTER,GIBRALTAR,GIBRALTAR,MONARCH AIRLINES,A,S, 16 , 1 , 100 , 0 , 0 , 0 , 0 , 0 , 0.5625 , 1 , 13 , 84.6153846153846 , 7.07692307692308 
24-Aug-2005 11:52,200504,MANCHESTER,GIBRALTAR,GIBRALTAR,MONARCH AIRLINES,D,S, 17 , 0 , 100 , 0 , 0 , 0 , 0 , 0 , 0.176470588235294 , 0 , 13 , 84.6153846153846 , 6.76923076923077 
24-Aug-2005 11:52,200504,MANCHESTER,GREECE,ATHENS,HELLAS JET,A,S, 13 , 0 , 92.3076923076923 , 7.69230769230769 , 0 , 0 , 0 , 0 , 4.30769230769231 , 0 , 0 , 0 , 0 
24-Aug-2005 11:52,200504,MANCHESTER,GREECE,ATHENS,HELLAS JET,D,S, 13 , 0 , 69.2307692307692 , 15.3846153846154 , 15.3846153846154 , 0 , 0 , 0 , 13.2307692307692 , 0 , 0 , 0 , 0 
24-Aug-2005 11:52,200504,MANCHESTER,GREECE,ATHENS,OLYMPIC AIRWAYS,A,S, 9 , 0 , 55.5555555555556 , 44.4444444444444 , 0 , 0 , 0 , 0 , 10.7777777777778 , 0 , 9 , 55.5555555555556 , 12.5555555555556 
24-Aug-2005 11:52,200504,MANCHESTER,GREECE,ATHENS,OLYMPIC AIRWAYS,D,S, 9 , 0 , 55.5555555555556 , 11.1111111111111 , 33.3333333333333 , 0 , 0 , 0 , 17.7777777777778 , 0 , 9 , 55.5555555555556 , 22.3333333333333 
24-Aug-2005 11:52,200504,MANCHESTER,GREECE,HERAKLION,BRITANNIA AIRWAYS AND THOMSONFLY,A,C, 0 , 0 , 0 , 0 , 0 , 0 , 0 , 0 , 0 , 0 , 3 , 66.6666666666667 , 14.3333333333333 
24-Aug-2005 11:52,200504,MANCHESTER,GREECE,HERAKLION,BRITANNIA AIRWAYS AND THOMSONFLY,D,C, 0 , 0 , 0 , 0 , 0 , 0 , 0 , 0 , 0 , 0 , 4 , 75 , 5.75 
24-Aug-2005 11:52,200504,MANCHESTER,GREECE,HERAKLION,EXCEL AIRWAYS LTD,A,C, 7 , 0 , 100 , 0 , 0 , 0 , 0 , 0 , 3.71428571428571 , 0 , 0 , 0 , 0 
24-Aug-2005 11:52,200504,MANCHESTER,GREECE,HERAKLION,EXCEL AIRWAYS LTD,D,C, 8 , 0 , 100 , 0 , 0 , 0 , 0 , 0 , 1.625 , 0 , 1 , 100 , 0 
24-Aug-2005 11:52,200504,MANCHESTER,GREECE,HERAKLION,FIRST CHOICE AIRWAYS LTD,A,C, 0 , 0 , 0 , 0 , 0 , 0 , 0 , 0 , 0 , 0 , 6 , 83.3333333333333 , 7.33333333333333 
24-Aug-2005 11:52,200504,MANCHESTER,GREECE,HERAKLION,FIRST CHOICE AIRWAYS LTD,D,C, 0 , 0 , 0 , 0 , 0 , 0 , 0 , 0 , 0 , 0 , 8 , 87.5 , 2.75 
24-Aug-2005 11:52,200504,MANCHESTER,GREECE,HERAKLION,FLYJET LTD,D,C, 1 , 0 , 100 , 0 , 0 , 0 , 0 , 0 , 0 , 0 , 0 , 0 , 0 
24-Aug-2005 11:52,200504,MANCHESTER,GREECE,HERAKLION,MONARCH AIRLINES,A,C, 0 , 0 , 0 , 0 , 0 , 0 , 0 , 0 , 0 , 0 , 5 , 40 , 32.4 
24-Aug-2005 11:52,200504,MANCHESTER,GREECE,HERAKLION,MONARCH AIRLINES,D,C, 0 , 0 , 0 , 0 , 0 , 0 , 0 , 0 , 0 , 0 , 6 , 83.3333333333333 , 10.8333333333333 
24-Aug-2005 11:52,200504,MANCHESTER,GREECE,HERAKLION,MY TRAVEL AIRWAYS UK,D,C, 0 , 0 , 0 , 0 , 0 , 0 , 0 , 0 , 0 , 0 , 1 , 100 , 0 
24-Aug-2005 11:52,200504,MANCHESTER,GREECE,HERAKLION,THOMAS COOK AIRLINES LTD,A,C, 0 , 0 , 0 , 0 , 0 , 0 , 0 , 0 , 0 , 0 , 3 , 100 , 0 
24-Aug-2005 11:52,200504,MANCHESTER,GREECE,HERAKLION,THOMAS COOK AIRLINES LTD,D,C, 0 , 0 , 0 , 0 , 0 , 0 , 0 , 0 , 0 , 0 , 4 , 100 , 0.5 
24-Aug-2005 11:52,200504,MANCHESTER,GREECE,KOS,EXCEL AIRWAYS LTD,D,C, 1 , 0 , 100 , 0 , 0 , 0 , 0 , 0 , 0 , 0 , 0 , 0 , 0 
24-Aug-2005 11:52,200504,MANCHESTER,GREECE,KOS,FIRST CHOICE AIRWAYS LTD,A,C, 0 , 0 , 0 , 0 , 0 , 0 , 0 , 0 , 0 , 0 , 3 , 100 , 0 
24-Aug-2005 11:52,200504,MANCHESTER,GREECE,KOS,FIRST CHOICE AIRWAYS LTD,D,C, 0 , 0 , 0 , 0 , 0 , 0 , 0 , 0 , 0 , 0 , 4 , 100 , 0 
24-Aug-2005 11:52,200504,MANCHESTER,GREECE,KOS,THOMAS COOK AIRLINES LTD,D,C, 2 , 0 , 100 , 0 , 0 , 0 , 0 , 0 , 0 , 0 , 0 , 0 , 0 
24-Aug-2005 11:52,200504,MANCHESTER,GREECE,MITILINI,FIRST CHOICE AIRWAYS LTD,D,C, 1 , 0 , 100 , 0 , 0 , 0 , 0 , 0 , 5 , 0 , 1 , 100 , 0 
24-Aug-2005 11:52,200504,MANCHESTER,GREECE,RHODES,AIR MALTA,A,C, 4 , 0 , 25 , 50 , 25 , 0 , 0 , 0 , 21.5 , 0 , 0 , 0 , 0 
24-Aug-2005 11:52,200504,MANCHESTER,GREECE,RHODES,AIR MALTA,D,C, 5 , 0 , 40 , 40 , 20 , 0 , 0 , 0 , 20.2 , 0 , 0 , 0 , 0 
24-Aug-2005 11:52,200504,MANCHESTER,GREECE,RHODES,EXCEL AIRWAYS LTD,D,C, 1 , 0 , 100 , 0 , 0 , 0 , 0 , 0 , 0 , 0 , 0 , 0 , 0 
24-Aug-2005 11:52,200504,MANCHESTER,GREECE,RHODES,FIRST CHOICE AIRWAYS LTD,A,C, 0 , 0 , 0 , 0 , 0 , 0 , 0 , 0 , 0 , 0 , 3 , 66.6666666666667 , 16 
24-Aug-2005 11:52,200504,MANCHESTER,GREECE,RHODES,FIRST CHOICE AIRWAYS LTD,D,C, 0 , 0 , 0 , 0 , 0 , 0 , 0 , 0 , 0 , 0 , 4 , 100 , 0 
24-Aug-2005 11:52,200504,MANCHESTER,GREECE,RHODES,FLYJET LTD,A,C, 0 , 0 , 0 , 0 , 0 , 0 , 0 , 0 , 0 , 0 , 3 , 33.3333333333333 , 45 
24-Aug-2005 11:52,200504,MANCHESTER,GREECE,RHODES,FLYJET LTD,D,C, 0 , 0 , 0 , 0 , 0 , 0 , 0 , 0 , 0 , 0 , 4 , 50 , 96 
24-Aug-2005 11:52,200504,MANCHESTER,GREECE,RHODES,MONARCH AIRLINES,A,C, 0 , 0 , 0 , 0 , 0 , 0 , 0 , 0 , 0 , 0 , 4 , 100 , 0 
24-Aug-2005 11:52,200504,MANCHESTER,GREECE,RHODES,MONARCH AIRLINES,D,C, 0 , 0 , 0 , 0 , 0 , 0 , 0 , 0 , 0 , 0 , 4 , 100 , 1 
24-Aug-2005 11:52,200504,MANCHESTER,GREECE,RHODES,THOMAS COOK AIRLINES LTD,A,C, 0 , 0 , 0 , 0 , 0 , 0 , 0 , 0 , 0 , 0 , 3 , 33.3333333333333 , 14.3333333333333 
24-Aug-2005 11:52,200504,MANCHESTER,GREECE,RHODES,THOMAS COOK AIRLINES LTD,D,C, 0 , 0 , 0 , 0 , 0 , 0 , 0 , 0 , 0 , 0 , 4 , 100 , 0.75 
24-Aug-2005 11:52,200504,MANCHESTER,HUNGARY,BUDAPEST,CHANNEL EXPRESS (INCORP: JET 2),A,S, 30 , 0 , 73.3333333333333 , 13.3333333333333 , 0 , 13.3333333333333 , 0 , 0 , 16.9666666666667 , 0 , 0 , 0 , 0 
24-Aug-2005 11:52,200504,MANCHESTER,HUNGARY,BUDAPEST,CHANNEL EXPRESS (INCORP: JET 2),D,S, 30 , 0 , 80 , 10 , 3.33333333333333 , 6.66666666666667 , 0 , 0 , 15.5666666666667 , 0 , 0 , 0 , 0 
24-Aug-2005 11:52,200504,MANCHESTER,HUNGARY,BUDAPEST,TRAVEL SERVICE AIRLINES,A,C, 1 , 0 , 100 , 0 , 0 , 0 , 0 , 0 , 0 , 0 , 0 , 0 , 0 
24-Aug-2005 11:52,200504,MANCHESTER,HUNGARY,BUDAPEST,TRAVEL SERVICE AIRLINES,D,C, 1 , 0 , 100 , 0 , 0 , 0 , 0 , 0 , 0 , 0 , 0 , 0 , 0 
24-Aug-2005 11:52,200504,MANCHESTER,ICELAND,KEFLAVIK,IBERWORLD,A,C, 0 , 1 , 0 , 0 , 0 , 0 , 0 , 0 , 0 , 0 , 0 , 0 , 0 
24-Aug-2005 11:52,200504,MANCHESTER,ICELAND,KEFLAVIK,ICELANDAIR,A,C, 1 , 0 , 100 , 0 , 0 , 0 , 0 , 0 , 0 , 0 , 1 , 100 , 0 
24-Aug-2005 11:52,200504,MANCHESTER,ICELAND,KEFLAVIK,ICELANDAIR,D,C, 1 , 0 , 0 , 100 , 0 , 0 , 0 , 0 , 20 , 0 , 1 , 100 , 0 
24-Aug-2005 11:52,200504,MANCHESTER,ICELAND,KEFLAVIK,MY TRAVEL AIRWAYS UK,A,C, 1 , 0 , 100 , 0 , 0 , 0 , 0 , 0 , 4 , 0 , 0 , 0 , 0 
24-Aug-2005 11:52,200504,MANCHESTER,ICELAND,KEFLAVIK,MY TRAVEL AIRWAYS UK,D,C, 1 , 0 , 100 , 0 , 0 , 0 , 0 , 0 , 0 , 0 , 0 , 0 , 0 
24-Aug-2005 11:52,200504,MANCHESTER,INDIA,GOA,EXCEL AIRWAYS LTD,A,C, 3 , 0 , 100 , 0 , 0 , 0 , 0 , 0 , 4.66666666666667 , 0 , 0 , 0 , 0 
24-Aug-2005 11:52,200504,MANCHESTER,INDIA,GOA,EXCEL AIRWAYS LTD,D,C, 2 , 0 , 50 , 50 , 0 , 0 , 0 , 0 , 20 , 0 , 0 , 0 , 0 
24-Aug-2005 11:52,200504,MANCHESTER,INDIA,GOA,MONARCH AIRLINES,A,C, 8 , 1 , 50 , 25 , 12.5 , 12.5 , 0 , 0 , 19.375 , 0 , 8 , 75 , 13.25 
24-Aug-2005 11:52,200504,MANCHESTER,INDIA,GOA,MONARCH AIRLINES,D,C, 8 , 1 , 87.5 , 0 , 0 , 12.5 , 0 , 0 , 10.25 , 0 , 9 , 88.8888888888889 , 6.55555555555556 
24-Aug-2005 11:52,200504,MANCHESTER,INDIA,GOA,MY TRAVEL AIRWAYS UK,A,C, 4 , 1 , 50 , 0 , 25 , 25 , 0 , 0 , 26 , 0 , 5 , 0 , 71.8 
24-Aug-2005 11:52,200504,MANCHESTER,INDIA,GOA,MY TRAVEL AIRWAYS UK,D,C, 3 , 0 , 100 , 0 , 0 , 0 , 0 , 0 , 0 , 0 , 4 , 75 , 6.5 
24-Aug-2005 11:52,200504,MANCHESTER,IRISH REPUBLIC,CONNAUGHT,BMIBABY LTD,A,S, 30 , 0 , 96.6666666666667 , 3.33333333333333 , 0 , 0 , 0 , 0 , 0.966666666666667 , 0 , 29 , 58.6206896551724 , 13.0344827586207 
24-Aug-2005 11:52,200504,MANCHESTER,IRISH REPUBLIC,CONNAUGHT,BMIBABY LTD,D,S, 30 , 0 , 100 , 0 , 0 , 0 , 0 , 0 , 0.4 , 0 , 30 , 90 , 3.06666666666667 
24-Aug-2005 11:52,200504,MANCHESTER,IRISH REPUBLIC,CONNAUGHT,BRITISH AIRWAYS CITIEXPRESS LTD,A,S, 0 , 0 , 0 , 0 , 0 , 0 , 0 , 0 , 0 , 0 , 30 , 83.3333333333333 , 6.86666666666667 
24-Aug-2005 11:52,200504,MANCHESTER,IRISH REPUBLIC,CONNAUGHT,BRITISH AIRWAYS CITIEXPRESS LTD,D,S, 0 , 0 , 0 , 0 , 0 , 0 , 0 , 0 , 0 , 0 , 30 , 80 , 11.2333333333333 
24-Aug-2005 11:52,200504,MANCHESTER,IRISH REPUBLIC,CORK,BMIBABY LTD,A,S, 50 , 0 , 76 , 4 , 8 , 12 , 0 , 0 , 17.42 , 5 , 30 , 63.3333333333333 , 15.2666666666667 
24-Aug-2005 11:52,200504,MANCHESTER,IRISH REPUBLIC,CORK,BMIBABY LTD,D,S, 51 , 0 , 82.3529411764706 , 3.92156862745098 , 3.92156862745098 , 9.80392156862745 , 0 , 0 , 11.8039215686275 , 4 , 30 , 80 , 18.2333333333333 
24-Aug-2005 11:52,200504,MANCHESTER,IRISH REPUBLIC,CORK,BRITISH AIRWAYS CITIEXPRESS LTD,A,S, 29 , 0 , 68.9655172413793 , 3.44827586206897 , 17.2413793103448 , 6.89655172413793 , 3.44827586206897 , 0 , 28.6206896551724 , 0 , 30 , 73.3333333333333 , 18.8666666666667 
24-Aug-2005 11:52,200504,MANCHESTER,IRISH REPUBLIC,CORK,BRITISH AIRWAYS CITIEXPRESS LTD,D,S, 29 , 0 , 79.3103448275862 , 0 , 10.3448275862069 , 6.89655172413793 , 3.44827586206897 , 0 , 26.0344827586207 , 0 , 30 , 83.3333333333333 , 7.96666666666667 
24-Aug-2005 11:52,200504,MANCHESTER,IRISH REPUBLIC,DUBLIN,AER ARRAN,A,C, 0 , 0 , 0 , 0 , 0 , 0 , 0 , 0 , 0 , 0 , 2 , 0 , 21 
24-Aug-2005 11:52,200504,MANCHESTER,IRISH REPUBLIC,DUBLIN,AER ARRAN,D,C, 0 , 0 , 0 , 0 , 0 , 0 , 0 , 0 , 0 , 0 , 2 , 100 , 5 
24-Aug-2005 11:52,200504,MANCHESTER,IRISH REPUBLIC,DUBLIN,AER LINGUS,A,S, 125 , 0 , 53.6 , 18.4 , 18.4 , 9.6 , 0 , 0 , 24.52 , 0 , 135 , 88.8888888888889 , 6.25925925925926 
24-Aug-2005 11:52,200504,MANCHESTER,IRISH REPUBLIC,DUBLIN,AER LINGUS,D,S, 125 , 0 , 53.6 , 20.8 , 17.6 , 8 , 0 , 0 , 21.944 , 0 , 134 , 89.5522388059701 , 6.08208955223881 
24-Aug-2005 11:52,200504,MANCHESTER,IRISH REPUBLIC,DUBLIN,EUROPEAN AIR CHARTER,A,C, 1 , 0 , 100 , 0 , 0 , 0 , 0 , 0 , 3 , 0 , 0 , 0 , 0 
24-Aug-2005 11:52,200504,MANCHESTER,IRISH REPUBLIC,DUBLIN,EUROPEAN AIR CHARTER,D,C, 1 , 0 , 0 , 0 , 100 , 0 , 0 , 0 , 41 , 0 , 0 , 0 , 0 
24-Aug-2005 11:52,200504,MANCHESTER,IRISH REPUBLIC,DUBLIN,LUXAIR,A,S, 29 , 0 , 89.6551724137931 , 10.3448275862069 , 0 , 0 , 0 , 0 , 5.6551724137931 , 0 , 30 , 93.3333333333333 , 7.53333333333333 
24-Aug-2005 11:52,200504,MANCHESTER,IRISH REPUBLIC,DUBLIN,LUXAIR,D,S, 30 , 0 , 96.6666666666667 , 3.33333333333333 , 0 , 0 , 0 , 0 , 1.26666666666667 , 0 , 30 , 96.6666666666667 , 4 
24-Aug-2005 11:52,200504,MANCHESTER,IRISH REPUBLIC,DUBLIN,RYANAIR,A,S, 116 , 0 , 85.3448275862069 , 9.48275862068965 , 5.17241379310345 , 0 , 0 , 0 , 7.12068965517241 , 0 , 116 , 93.1034482758621 , 7.31896551724138 
24-Aug-2005 11:52,200504,MANCHESTER,IRISH REPUBLIC,DUBLIN,RYANAIR,D,S, 116 , 0 , 93.1034482758621 , 3.44827586206897 , 3.44827586206897 , 0 , 0 , 0 , 3.61206896551724 , 0 , 116 , 94.8275862068965 , 6.06896551724138 
24-Aug-2005 11:52,200504,MANCHESTER,IRISH REPUBLIC,GALWAY,AER ARRAN,A,S, 30 , 0 , 90 , 3.33333333333333 , 3.33333333333333 , 3.33333333333333 , 0 , 0 , 6.5 , 0 , 30 , 93.3333333333333 , 2.9 
24-Aug-2005 11:52,200504,MANCHESTER,IRISH REPUBLIC,GALWAY,AER ARRAN,D,S, 30 , 0 , 90 , 6.66666666666667 , 3.33333333333333 , 0 , 0 , 0 , 3.63333333333333 , 0 , 30 , 96.6666666666667 , 2.46666666666667 
24-Aug-2005 11:52,200504,MANCHESTER,IRISH REPUBLIC,KERRY COUNTY,AER ARRAN,A,S, 13 , 0 , 92.3076923076923 , 7.69230769230769 , 0 , 0 , 0 , 0 , 2.23076923076923 , 0 , 0 , 0 , 0 
24-Aug-2005 11:52,200504,MANCHESTER,IRISH REPUBLIC,KERRY COUNTY,AER ARRAN,D,S, 13 , 0 , 92.3076923076923 , 7.69230769230769 , 0 , 0 , 0 , 0 , 1.84615384615385 , 0 , 0 , 0 , 0 
24-Aug-2005 11:52,200504,MANCHESTER,IRISH REPUBLIC,SHANNON,BRITISH AIRWAYS CITIEXPRESS LTD,A,S, 30 , 0 , 93.3333333333333 , 3.33333333333333 , 0 , 3.33333333333333 , 0 , 0 , 5.16666666666667 , 0 , 30 , 93.3333333333333 , 5.16666666666667 
24-Aug-2005 11:52,200504,MANCHESTER,IRISH REPUBLIC,SHANNON,BRITISH AIRWAYS CITIEXPRESS LTD,D,S, 30 , 0 , 93.3333333333333 , 3.33333333333333 , 0 , 3.33333333333333 , 0 , 0 , 4.73333333333333 , 0 , 30 , 96.6666666666667 , 3.16666666666667 
24-Aug-2005 11:52,200504,MANCHESTER,IRISH REPUBLIC,SHANNON,MONARCH AIRLINES,A,C, 0 , 1 , 0 , 0 , 0 , 0 , 0 , 0 , 0 , 0 , 0 , 0 , 0 
24-Aug-2005 11:52,200504,MANCHESTER,IRISH REPUBLIC,WATERFORD,AER ARRAN,A,S, 12 , 0 , 100 , 0 , 0 , 0 , 0 , 0 , 0.583333333333333 , 0 , 0 , 0 , 0 
24-Aug-2005 11:52,200504,MANCHESTER,IRISH REPUBLIC,WATERFORD,AER ARRAN,D,S, 12 , 0 , 100 , 0 , 0 , 0 , 0 , 0 , 0.333333333333333 , 0 , 0 , 0 , 0 
24-Aug-2005 11:52,200504,MANCHESTER,ISRAEL,OVDA,BRITANNIA AIRWAYS AND THOMSONFLY,A,C, 0 , 0 , 0 , 0 , 0 , 0 , 0 , 0 , 0 , 0 , 1 , 100 , 5 
24-Aug-2005 11:52,200504,MANCHESTER,ISRAEL,OVDA,FIRST CHOICE AIRWAYS LTD,A,C, 2 , 1 , 0 , 50 , 0 , 50 , 0 , 0 , 58 , 0 , 0 , 0 , 0 
24-Aug-2005 11:52,200504,MANCHESTER,ISRAEL,OVDA,FIRST CHOICE AIRWAYS LTD,D,C, 3 , 0 , 100 , 0 , 0 , 0 , 0 , 0 , 0 , 0 , 0 , 0 , 0 
24-Aug-2005 11:52,200504,MANCHESTER,ISRAEL,OVDA,FLYJET LTD,A,C, 0 , 0 , 0 , 0 , 0 , 0 , 0 , 0 , 0 , 0 , 1 , 0 , 159 
24-Aug-2005 11:52,200504,MANCHESTER,ISRAEL,TEL AVIV,BRITANNIA AIRWAYS AND THOMSONFLY,A,C, 0 , 0 , 0 , 0 , 0 , 0 , 0 , 0 , 0 , 0 , 2 , 0 , 149 
24-Aug-2005 11:52,200504,MANCHESTER,ISRAEL,TEL AVIV,BRITANNIA AIRWAYS AND THOMSONFLY,D,C, 0 , 0 , 0 , 0 , 0 , 0 , 0 , 0 , 0 , 0 , 1 , 0 , 55 
24-Aug-2005 11:52,200504,MANCHESTER,ISRAEL,TEL AVIV,EXCEL AIRWAYS LTD,A,C, 0 , 0 , 0 , 0 , 0 , 0 , 0 , 0 , 0 , 0 , 1 , 0 , 38 
24-Aug-2005 11:52,200504,MANCHESTER,ISRAEL,TEL AVIV,FLYJET LTD,D,C, 1 , 0 , 100 , 0 , 0 , 0 , 0 , 0 , 14 , 0 , 0 , 0 , 0 
24-Aug-2005 11:52,200504,MANCHESTER,ITALY,BERGAMO,MY TRAVEL AIRWAYS UK,A,C, 1 , 0 , 0 , 0 , 100 , 0 , 0 , 0 , 56 , 0 , 1 , 100 , 2 
24-Aug-2005 11:52,200504,MANCHESTER,ITALY,BOLOGNA,BRITISH AIRWAYS CITIEXPRESS LTD,A,S, 0 , 0 , 0 , 0 , 0 , 0 , 0 , 0 , 0 , 0 , 29 , 82.7586206896552 , 8.6551724137931 
24-Aug-2005 11:52,200504,MANCHESTER,ITALY,BOLOGNA,BRITISH AIRWAYS CITIEXPRESS LTD,D,S, 0 , 0 , 0 , 0 , 0 , 0 , 0 , 0 , 0 , 0 , 30 , 100 , 1.2 
24-Aug-2005 11:52,200504,MANCHESTER,ITALY,MILAN (MALPENSA),ALITALIA,A,S, 58 , 0 , 84.4827586206897 , 5.17241379310345 , 8.62068965517241 , 1.72413793103448 , 0 , 0 , 8.27586206896552 , 1 , 0 , 0 , 0 
24-Aug-2005 11:52,200504,MANCHESTER,ITALY,MILAN (MALPENSA),ALITALIA,D,S, 58 , 0 , 75.8620689655172 , 17.2413793103448 , 3.44827586206897 , 3.44827586206897 , 0 , 0 , 11.3620689655172 , 1 , 0 , 0 , 0 
24-Aug-2005 11:52,200504,MANCHESTER,ITALY,MILAN (MALPENSA),BRITISH AIRWAYS CITIEXPRESS LTD,A,S, 50 , 0 , 88 , 4 , 0 , 8 , 0 , 0 , 10.56 , 0 , 48 , 83.3333333333333 , 10.5625 
24-Aug-2005 11:52,200504,MANCHESTER,ITALY,MILAN (MALPENSA),BRITISH AIRWAYS CITIEXPRESS LTD,D,S, 50 , 0 , 74 , 14 , 6 , 6 , 0 , 0 , 13.32 , 0 , 50 , 84 , 10.6 
24-Aug-2005 11:52,200504,MANCHESTER,ITALY,MILAN (MALPENSA),FIRST CHOICE AIRWAYS LTD,A,C, 0 , 0 , 0 , 0 , 0 , 0 , 0 , 0 , 0 , 0 , 1 , 0 , 37 
24-Aug-2005 11:52,200504,MANCHESTER,ITALY,MILAN (MALPENSA),MALMO AVIATION,D,C, 0 , 0 , 0 , 0 , 0 , 0 , 0 , 0 , 0 , 0 , 1 , 100 , 0 
24-Aug-2005 11:52,200504,MANCHESTER,ITALY,NAPLES,BRITANNIA AIRWAYS AND THOMSONFLY,A,C, 5 , 0 , 80 , 20 , 0 , 0 , 0 , 0 , 10.4 , 0 , 5 , 40 , 16.8 
24-Aug-2005 11:52,200504,MANCHESTER,ITALY,NAPLES,BRITANNIA AIRWAYS AND THOMSONFLY,D,C, 5 , 0 , 100 , 0 , 0 , 0 , 0 , 0 , 2.4 , 0 , 5 , 100 , 3 
24-Aug-2005 11:52,200504,MANCHESTER,ITALY,NAPLES,FIRST CHOICE AIRWAYS LTD,A,C, 0 , 0 , 0 , 0 , 0 , 0 , 0 , 0 , 0 , 0 , 5 , 100 , 0 
24-Aug-2005 11:52,200504,MANCHESTER,ITALY,NAPLES,FIRST CHOICE AIRWAYS LTD,D,C, 0 , 0 , 0 , 0 , 0 , 0 , 0 , 0 , 0 , 0 , 5 , 100 , 0 
24-Aug-2005 11:52,200504,MANCHESTER,ITALY,NAPLES,MONARCH AIRLINES,A,S, 3 , 0 , 100 , 0 , 0 , 0 , 0 , 0 , 4.33333333333333 , 0 , 0 , 0 , 0 
24-Aug-2005 11:52,200504,MANCHESTER,ITALY,NAPLES,MONARCH AIRLINES,D,S, 3 , 0 , 100 , 0 , 0 , 0 , 0 , 0 , 0 , 0 , 0 , 0 , 0 
24-Aug-2005 11:52,200504,MANCHESTER,ITALY,NAPLES,MY TRAVEL AIRWAYS UK,A,C, 0 , 0 , 0 , 0 , 0 , 0 , 0 , 0 , 0 , 0 , 4 , 50 , 20.75 
24-Aug-2005 11:52,200504,MANCHESTER,ITALY,NAPLES,MY TRAVEL AIRWAYS UK,D,C, 0 , 0 , 0 , 0 , 0 , 0 , 0 , 0 , 0 , 0 , 5 , 60 , 9.8 
24-Aug-2005 11:52,200504,MANCHESTER,ITALY,PISA,BRITISH AIRWAYS CITIEXPRESS LTD,A,S, 30 , 0 , 100 , 0 , 0 , 0 , 0 , 0 , 1.16666666666667 , 0 , 30 , 83.3333333333333 , 13.1666666666667 
24-Aug-2005 11:52,200504,MANCHESTER,ITALY,PISA,BRITISH AIRWAYS CITIEXPRESS LTD,D,S, 30 , 0 , 93.3333333333333 , 6.66666666666667 , 0 , 0 , 0 , 0 , 1.83333333333333 , 0 , 30 , 90 , 3.96666666666667 
24-Aug-2005 11:52,200504,MANCHESTER,ITALY,ROME (FIUMICINO),BRITISH AIRWAYS CITIEXPRESS LTD,A,S, 30 , 0 , 90 , 0 , 0 , 10 , 0 , 0 , 8.73333333333333 , 0 , 48 , 87.5 , 20.1041666666667 
24-Aug-2005 11:52,200504,MANCHESTER,ITALY,ROME (FIUMICINO),BRITISH AIRWAYS CITIEXPRESS LTD,D,S, 30 , 0 , 80 , 6.66666666666667 , 3.33333333333333 , 10 , 0 , 0 , 13.8333333333333 , 0 , 51 , 80.3921568627451 , 9.17647058823529 
24-Aug-2005 11:52,200504,MANCHESTER,ITALY,TURIN,BRITANNIA AIRWAYS AND THOMSONFLY,A,C, 2 , 0 , 100 , 0 , 0 , 0 , 0 , 0 , 0 , 0 , 2 , 50 , 20 
24-Aug-2005 11:52,200504,MANCHESTER,ITALY,TURIN,BRITANNIA AIRWAYS AND THOMSONFLY,D,C, 1 , 0 , 100 , 0 , 0 , 0 , 0 , 0 , 0 , 0 , 1 , 0 , 50 
24-Aug-2005 11:52,200504,MANCHESTER,ITALY,TURIN,FIRST CHOICE AIRWAYS LTD,A,C, 3 , 0 , 66.6666666666667 , 0 , 33.3333333333333 , 0 , 0 , 0 , 15.3333333333333 , 0 , 2 , 100 , 7 
24-Aug-2005 11:52,200504,MANCHESTER,ITALY,TURIN,FIRST CHOICE AIRWAYS LTD,D,C, 1 , 0 , 100 , 0 , 0 , 0 , 0 , 0 , 0 , 0 , 2 , 100 , 1 
24-Aug-2005 11:52,200504,MANCHESTER,ITALY,TURIN,MY TRAVEL AIRWAYS UK,A,C, 1 , 0 , 100 , 0 , 0 , 0 , 0 , 0 , 0 , 0 , 1 , 100 , 0 
24-Aug-2005 11:52,200504,MANCHESTER,ITALY,TURIN,THOMAS COOK AIRLINES LTD,A,C, 1 , 0 , 0 , 100 , 0 , 0 , 0 , 0 , 25 , 0 , 0 , 0 , 0 
24-Aug-2005 11:52,200504,MANCHESTER,ITALY,VENICE,BRITISH AIRWAYS CITIEXPRESS LTD,A,S, 30 , 0 , 93.3333333333333 , 3.33333333333333 , 3.33333333333333 , 0 , 0 , 0 , 4.13333333333333 , 0 , 30 , 70 , 19.1333333333333 
24-Aug-2005 11:52,200504,MANCHESTER,ITALY,VENICE,BRITISH AIRWAYS CITIEXPRESS LTD,D,S, 30 , 0 , 86.6666666666667 , 10 , 3.33333333333333 , 0 , 0 , 0 , 4.46666666666667 , 0 , 30 , 83.3333333333333 , 10.2333333333333 
24-Aug-2005 11:52,200504,MANCHESTER,ITALY,VENICE,CHANNEL EXPRESS (INCORP: JET 2),A,S, 30 , 0 , 80 , 3.33333333333333 , 13.3333333333333 , 3.33333333333333 , 0 , 0 , 10.1666666666667 , 0 , 0 , 0 , 0 
24-Aug-2005 11:52,200504,MANCHESTER,ITALY,VENICE,CHANNEL EXPRESS (INCORP: JET 2),D,S, 30 , 0 , 73.3333333333333 , 16.6666666666667 , 10 , 0 , 0 , 0 , 10.3666666666667 , 0 , 0 , 0 , 0 
24-Aug-2005 11:52,200504,MANCHESTER,ITALY,VENICE,EUROPEAN AIR CHARTER,A,C, 0 , 0 , 0 , 0 , 0 , 0 , 0 , 0 , 0 , 0 , 4 , 75 , 8.25 
24-Aug-2005 11:52,200504,MANCHESTER,ITALY,VENICE,EUROPEAN AIR CHARTER,D,C, 0 , 0 , 0 , 0 , 0 , 0 , 0 , 0 , 0 , 0 , 4 , 100 , 0 
24-Aug-2005 11:52,200504,MANCHESTER,ITALY,VENICE,MAERSK AIR,A,C, 1 , 0 , 0 , 0 , 100 , 0 , 0 , 0 , 41 , 0 , 0 , 0 , 0 
24-Aug-2005 11:52,200504,MANCHESTER,ITALY,VENICE,MAERSK AIR,D,C, 1 , 0 , 0 , 100 , 0 , 0 , 0 , 0 , 30 , 0 , 0 , 0 , 0 
24-Aug-2005 11:52,200504,MANCHESTER,ITALY,VERONA VILLAFRANCA,FIRST CHOICE AIRWAYS LTD,A,C, 1 , 0 , 100 , 0 , 0 , 0 , 0 , 0 , 0 , 0 , 2 , 100 , 0 
24-Aug-2005 11:52,200504,MANCHESTER,ITALY,VERONA VILLAFRANCA,FIRST CHOICE AIRWAYS LTD,D,C, 0 , 0 , 0 , 0 , 0 , 0 , 0 , 0 , 0 , 0 , 2 , 100 , 4 
24-Aug-2005 11:52,200504,MANCHESTER,JAMAICA,KINGSTON,AIR JAMAICA,A,S, 0 , 0 , 0 , 0 , 0 , 0 , 0 , 0 , 0 , 0 , 8 , 75 , 26.375 
24-Aug-2005 11:52,200504,MANCHESTER,JAMAICA,KINGSTON,AIR JAMAICA,D,S, 0 , 0 , 0 , 0 , 0 , 0 , 0 , 0 , 0 , 0 , 8 , 50 , 25.5 
24-Aug-2005 11:52,200504,MANCHESTER,JAMAICA,MONTEGO BAY,FIRST CHOICE AIRWAYS LTD,A,C, 4 , 0 , 50 , 0 , 25 , 25 , 0 , 0 , 37.25 , 0 , 4 , 0 , 45.5 
24-Aug-2005 11:52,200504,MANCHESTER,JAMAICA,MONTEGO BAY,FIRST CHOICE AIRWAYS LTD,D,C, 4 , 0 , 75 , 0 , 25 , 0 , 0 , 0 , 10.75 , 0 , 4 , 100 , 2.5 
24-Aug-2005 11:52,200504,MANCHESTER,JAMAICA,MONTEGO BAY,MY TRAVEL AIRWAYS UK,A,C, 4 , 0 , 25 , 25 , 25 , 25 , 0 , 0 , 34.75 , 0 , 5 , 0 , 30.8 
24-Aug-2005 11:52,200504,MANCHESTER,JAMAICA,MONTEGO BAY,MY TRAVEL AIRWAYS UK,D,C, 4 , 0 , 75 , 0 , 0 , 25 , 0 , 0 , 20 , 0 , 5 , 80 , 14.2 
24-Aug-2005 11:52,200504,MANCHESTER,LATVIA,RIGA,AIR BALTIC CORPORATION SIA,A,S, 13 , 0 , 76.9230769230769 , 15.3846153846154 , 7.69230769230769 , 0 , 0 , 0 , 7.61538461538462 , 0 , 0 , 0 , 0 
24-Aug-2005 11:52,200504,MANCHESTER,LATVIA,RIGA,AIR BALTIC CORPORATION SIA,D,S, 13 , 0 , 84.6153846153846 , 7.69230769230769 , 7.69230769230769 , 0 , 0 , 0 , 7.76923076923077 , 0 , 0 , 0 , 0 
24-Aug-2005 11:52,200504,MANCHESTER,LUXEMBOURG,LUXEMBOURG,LUXAIR,A,S, 30 , 0 , 100 , 0 , 0 , 0 , 0 , 0 , 2.63333333333333 , 0 , 30 , 93.3333333333333 , 5.46666666666667 
24-Aug-2005 11:52,200504,MANCHESTER,LUXEMBOURG,LUXEMBOURG,LUXAIR,D,S, 29 , 0 , 93.1034482758621 , 6.89655172413793 , 0 , 0 , 0 , 0 , 1.31034482758621 , 0 , 30 , 90 , 5.73333333333333 
24-Aug-2005 11:52,200504,MANCHESTER,MALAYSIA,KUALA LUMPUR (SEPANG),MALAYSIAN AIRLINES SYSTEM-MAS,A,S, 17 , 0 , 35.2941176470588 , 29.4117647058824 , 23.5294117647059 , 11.7647058823529 , 0 , 0 , 29.3529411764706 , 0 , 18 , 83.3333333333333 , 6.61111111111111 
24-Aug-2005 11:52,200504,MANCHESTER,MALAYSIA,KUALA LUMPUR (SEPANG),MALAYSIAN AIRLINES SYSTEM-MAS,D,S, 17 , 0 , 94.1176470588235 , 0 , 0 , 0 , 0 , 5.88235294117647 , 71.4117647058823 , 0 , 18 , 100 , 1.77777777777778 
24-Aug-2005 11:52,200504,MANCHESTER,MALDIVE ISLANDS,MALE INTERNATIONAL,BRITANNIA AIRWAYS AND THOMSONFLY,A,C, 4 , 0 , 25 , 50 , 0 , 25 , 0 , 0 , 33 , 0 , 4 , 0 , 70.75 
24-Aug-2005 11:52,200504,MANCHESTER,MALDIVE ISLANDS,MALE INTERNATIONAL,BRITANNIA AIRWAYS AND THOMSONFLY,D,C, 4 , 0 , 75 , 0 , 25 , 0 , 0 , 0 , 11 , 0 , 4 , 100 , 1.5 
24-Aug-2005 11:52,200504,MANCHESTER,MALDIVE ISLANDS,MALE INTERNATIONAL,MY TRAVEL AIRWAYS UK,A,C, 0 , 0 , 0 , 0 , 0 , 0 , 0 , 0 , 0 , 0 , 4 , 75 , 15 
24-Aug-2005 11:52,200504,MANCHESTER,MALDIVE ISLANDS,MALE INTERNATIONAL,MY TRAVEL AIRWAYS UK,D,C, 0 , 0 , 0 , 0 , 0 , 0 , 0 , 0 , 0 , 0 , 4 , 100 , 0 
24-Aug-2005 11:52,200504,MANCHESTER,MALTA,MALTA,AIR MALTA,A,S, 39 , 0 , 79.4871794871795 , 17.9487179487179 , 2.56410256410256 , 0 , 0 , 0 , 6.41025641025641 , 0 , 34 , 79.4117647058824 , 8.55882352941176 
24-Aug-2005 11:52,200504,MANCHESTER,MALTA,MALTA,AIR MALTA,D,S, 39 , 0 , 66.6666666666667 , 30.7692307692308 , 2.56410256410256 , 0 , 0 , 0 , 9.35897435897436 , 0 , 34 , 52.9411764705882 , 15.5588235294118 
24-Aug-2005 11:52,200504,MANCHESTER,MALTA,MALTA,ASTRAEUS LTD,A,C, 4 , 0 , 75 , 0 , 0 , 25 , 0 , 0 , 18.75 , 0 , 0 , 0 , 0 
24-Aug-2005 11:52,200504,MANCHESTER,MALTA,MALTA,ASTRAEUS LTD,A,S, 0 , 0 , 0 , 0 , 0 , 0 , 0 , 0 , 0 , 0 , 6 , 66.6666666666667 , 42.6666666666667 
24-Aug-2005 11:52,200504,MANCHESTER,MALTA,MALTA,ASTRAEUS LTD,D,C, 4 , 0 , 100 , 0 , 0 , 0 , 0 , 0 , 0 , 0 , 0 , 0 , 0 
24-Aug-2005 11:52,200504,MANCHESTER,MALTA,MALTA,ASTRAEUS LTD,D,S, 0 , 0 , 0 , 0 , 0 , 0 , 0 , 0 , 0 , 1 , 7 , 85.7142857142857 , 27.4285714285714 
24-Aug-2005 11:52,200504,MANCHESTER,MALTA,MALTA,BRITANNIA AIRWAYS AND THOMSONFLY,A,C, 4 , 0 , 25 , 50 , 0 , 25 , 0 , 0 , 25.25 , 0 , 5 , 100 , 0.4 
24-Aug-2005 11:52,200504,MANCHESTER,MALTA,MALTA,BRITANNIA AIRWAYS AND THOMSONFLY,D,C, 4 , 0 , 100 , 0 , 0 , 0 , 0 , 0 , 0 , 0 , 5 , 100 , 2.4 
24-Aug-2005 11:52,200504,MANCHESTER,MALTA,MALTA,MAERSK AIR,D,C, 1 , 0 , 100 , 0 , 0 , 0 , 0 , 0 , 7 , 0 , 0 , 0 , 0 
24-Aug-2005 11:52,200504,MANCHESTER,MALTA,MALTA,MY TRAVEL AIRWAYS UK,A,C, 4 , 0 , 100 , 0 , 0 , 0 , 0 , 0 , 3.75 , 0 , 4 , 75 , 13.25 
24-Aug-2005 11:52,200504,MANCHESTER,MALTA,MALTA,MY TRAVEL AIRWAYS UK,D,C, 4 , 0 , 100 , 0 , 0 , 0 , 0 , 0 , 0.25 , 0 , 4 , 100 , 2.5 
24-Aug-2005 11:52,200504,MANCHESTER,MALTA,MALTA,THOMAS COOK AIRLINES LTD,A,C, 4 , 0 , 75 , 0 , 25 , 0 , 0 , 0 , 13 , 0 , 4 , 75 , 8.75 
24-Aug-2005 11:52,200504,MANCHESTER,MALTA,MALTA,THOMAS COOK AIRLINES LTD,D,C, 4 , 0 , 75 , 25 , 0 , 0 , 0 , 0 , 10.5 , 0 , 4 , 75 , 7 
24-Aug-2005 11:52,200504,MANCHESTER,MEXICO,CANCUN,BRITANNIA AIRWAYS AND THOMSONFLY,A,C, 5 , 0 , 100 , 0 , 0 , 0 , 0 , 0 , 0 , 0 , 5 , 80 , 16.4 
24-Aug-2005 11:52,200504,MANCHESTER,MEXICO,CANCUN,BRITANNIA AIRWAYS AND THOMSONFLY,D,C, 4 , 0 , 100 , 0 , 0 , 0 , 0 , 0 , 3.75 , 0 , 5 , 60 , 32.6 
24-Aug-2005 11:52,200504,MANCHESTER,MEXICO,CANCUN,FIRST CHOICE AIRWAYS LTD,A,C, 4 , 0 , 25 , 25 , 25 , 0 , 25 , 0 , 60.75 , 0 , 4 , 75 , 10 
24-Aug-2005 11:52,200504,MANCHESTER,MEXICO,CANCUN,FIRST CHOICE AIRWAYS LTD,D,C, 4 , 0 , 75 , 25 , 0 , 0 , 0 , 0 , 10.5 , 0 , 4 , 100 , 5 
24-Aug-2005 11:52,200504,MANCHESTER,MEXICO,CANCUN,MY TRAVEL AIRWAYS UK,A,C, 4 , 0 , 100 , 0 , 0 , 0 , 0 , 0 , 1.5 , 0 , 9 , 77.7777777777778 , 9.11111111111111 
24-Aug-2005 11:52,200504,MANCHESTER,MEXICO,CANCUN,MY TRAVEL AIRWAYS UK,D,C, 4 , 0 , 100 , 0 , 0 , 0 , 0 , 0 , 0.75 , 0 , 10 , 70 , 11.3 
24-Aug-2005 11:52,200504,MANCHESTER,MOROCCO,AGADIR,FIRST CHOICE AIRWAYS LTD,A,C, 5 , 0 , 80 , 0 , 20 , 0 , 0 , 0 , 14 , 0 , 0 , 0 , 0 
24-Aug-2005 11:52,200504,MANCHESTER,MOROCCO,AGADIR,FIRST CHOICE AIRWAYS LTD,D,C, 5 , 0 , 60 , 20 , 0 , 20 , 0 , 0 , 20.6 , 0 , 0 , 0 , 0 
24-Aug-2005 11:52,200504,MANCHESTER,MOROCCO,AGADIR,MY TRAVEL AIRWAYS UK,A,C, 4 , 0 , 100 , 0 , 0 , 0 , 0 , 0 , 1.5 , 0 , 4 , 75 , 5.25 
24-Aug-2005 11:52,200504,MANCHESTER,MOROCCO,AGADIR,MY TRAVEL AIRWAYS UK,D,C, 4 , 0 , 100 , 0 , 0 , 0 , 0 , 0 , 5 , 0 , 4 , 100 , 0.25 
24-Aug-2005 11:52,200504,MANCHESTER,NETHERLANDS,AMSTERDAM,BRITISH AIRWAYS CITIEXPRESS LTD,A,S, 0 , 0 , 0 , 0 , 0 , 0 , 0 , 0 , 0 , 0 , 81 , 86.4197530864197 , 6.04938271604938 
24-Aug-2005 11:52,200504,MANCHESTER,NETHERLANDS,AMSTERDAM,BRITISH AIRWAYS CITIEXPRESS LTD,D,S, 0 , 0 , 0 , 0 , 0 , 0 , 0 , 0 , 0 , 0 , 81 , 85.1851851851852 , 5.87654320987654 
24-Aug-2005 11:52,200504,MANCHESTER,NETHERLANDS,AMSTERDAM,CHANNEL EXPRESS (INCORP: JET 2),A,S, 81 , 0 , 97.5308641975309 , 2.46913580246914 , 0 , 0 , 0 , 0 , 1.19753086419753 , 0 , 0 , 0 , 0 
24-Aug-2005 11:52,200504,MANCHESTER,NETHERLANDS,AMSTERDAM,CHANNEL EXPRESS (INCORP: JET 2),D,S, 81 , 0 , 95.0617283950617 , 3.7037037037037 , 1.23456790123457 , 0 , 0 , 0 , 2.76543209876543 , 0 , 0 , 0 , 0 
24-Aug-2005 11:52,200504,MANCHESTER,NETHERLANDS,AMSTERDAM,KLM,A,S, 109 , 0 , 87.1559633027523 , 8.25688073394496 , 3.6697247706422 , 0.917431192660551 , 0 , 0 , 6.15596330275229 , 3 , 63 , 74.6031746031746 , 8.90476190476191 
24-Aug-2005 11:52,200504,MANCHESTER,NETHERLANDS,AMSTERDAM,KLM,D,S, 109 , 0 , 93.5779816513761 , 1.8348623853211 , 4.58715596330275 , 0 , 0 , 0 , 4.22018348623853 , 3 , 63 , 79.3650793650794 , 16.8888888888889 
24-Aug-2005 11:52,200504,MANCHESTER,NETHERLANDS,AMSTERDAM,KLM CITYHOPPER,A,S, 93 , 0 , 62.3655913978495 , 12.9032258064516 , 13.9784946236559 , 10.752688172043 , 0 , 0 , 23.7849462365591 , 0 , 143 , 74.1258741258741 , 14.6573426573427 
24-Aug-2005 11:52,200504,MANCHESTER,NETHERLANDS,AMSTERDAM,KLM CITYHOPPER,D,S, 93 , 0 , 64.5161290322581 , 9.67741935483871 , 13.9784946236559 , 10.752688172043 , 1.0752688172043 , 0 , 21.9139784946237 , 0 , 142 , 70.4225352112676 , 15.330985915493 
24-Aug-2005 11:52,200504,MANCHESTER,NETHERLANDS,MAASTRICHT,MALMO AVIATION,A,C, 0 , 0 , 0 , 0 , 0 , 0 , 0 , 0 , 0 , 0 , 1 , 0 , 26 
24-Aug-2005 11:52,200504,MANCHESTER,NORWAY,BERGEN,FLIGHTLINE LTD,A,C, 0 , 0 , 0 , 0 , 0 , 0 , 0 , 0 , 0 , 0 , 1 , 100 , 0 
24-Aug-2005 11:52,200504,MANCHESTER,NORWAY,BERGEN,FLIGHTLINE LTD,D,C, 0 , 0 , 0 , 0 , 0 , 0 , 0 , 0 , 0 , 0 , 1 , 100 , 0 
24-Aug-2005 11:52,200504,MANCHESTER,NORWAY,BERGEN,WIDEROE FLYVESELSKAP A/S,A,S, 0 , 0 , 0 , 0 , 0 , 0 , 0 , 0 , 0 , 0 , 25 , 76 , 11.92 
24-Aug-2005 11:52,200504,MANCHESTER,NORWAY,BERGEN,WIDEROE FLYVESELSKAP A/S,D,S, 0 , 0 , 0 , 0 , 0 , 0 , 0 , 0 , 0 , 0 , 25 , 76 , 13.2 
24-Aug-2005 11:52,200504,MANCHESTER,NORWAY,OSLO (GARDERMOEN),BRITISH AIRWAYS CITIEXPRESS LTD,A,S, 29 , 0 , 82.7586206896552 , 6.89655172413793 , 10.3448275862069 , 0 , 0 , 0 , 9.3448275862069 , 0 , 60 , 93.3333333333333 , 2.16666666666667 
24-Aug-2005 11:52,200504,MANCHESTER,NORWAY,OSLO (GARDERMOEN),BRITISH AIRWAYS CITIEXPRESS LTD,D,S, 29 , 0 , 82.7586206896552 , 6.89655172413793 , 10.3448275862069 , 0 , 0 , 0 , 7.13793103448276 , 0 , 60 , 93.3333333333333 , 4 
24-Aug-2005 11:52,200504,MANCHESTER,NORWAY,OSLO (GARDERMOEN),SAS,A,S, 17 , 0 , 76.4705882352941 , 23.5294117647059 , 0 , 0 , 0 , 0 , 8.05882352941176 , 0 , 0 , 0 , 0 
24-Aug-2005 11:52,200504,MANCHESTER,NORWAY,OSLO (GARDERMOEN),SAS,D,S, 17 , 0 , 94.1176470588235 , 5.88235294117647 , 0 , 0 , 0 , 0 , 2 , 0 , 0 , 0 , 0 
24-Aug-2005 11:52,200504,MANCHESTER,NORWAY,STAVANGER,SAS,A,C, 1 , 0 , 100 , 0 , 0 , 0 , 0 , 0 , 0 , 0 , 0 , 0 , 0 
24-Aug-2005 11:52,200504,MANCHESTER,NORWAY,STAVANGER,SAS,D,C, 1 , 0 , 100 , 0 , 0 , 0 , 0 , 0 , 0 , 0 , 0 , 0 , 0 
24-Aug-2005 11:52,200504,MANCHESTER,PAKISTAN,ISLAMABAD,PAKISTAN INTL AIRLINES,A,S, 17 , 0 , 82.3529411764706 , 5.88235294117647 , 5.88235294117647 , 5.88235294117647 , 0 , 0 , 12.1176470588235 , 0 , 22 , 40.9090909090909 , 29.1818181818182 
24-Aug-2005 11:52,200504,MANCHESTER,PAKISTAN,ISLAMABAD,PAKISTAN INTL AIRLINES,D,S, 12 , 0 , 83.3333333333333 , 8.33333333333333 , 8.33333333333333 , 0 , 0 , 0 , 6 , 0 , 18 , 33.3333333333333 , 29.6666666666667 
24-Aug-2005 11:52,200504,MANCHESTER,PAKISTAN,KARACHI,PAKISTAN INTL AIRLINES,A,S, 31 , 0 , 70.9677419354839 , 16.1290322580645 , 12.9032258064516 , 0 , 0 , 0 , 12.9032258064516 , 0 , 34 , 55.8823529411765 , 18.9117647058824 
24-Aug-2005 11:52,200504,MANCHESTER,PAKISTAN,KARACHI,PAKISTAN INTL AIRLINES,D,S, 39 , 0 , 76.9230769230769 , 12.8205128205128 , 5.12820512820513 , 5.12820512820513 , 0 , 0 , 12.2564102564103 , 0 , 38 , 57.8947368421053 , 46.7368421052632 
24-Aug-2005 11:52,200504,MANCHESTER,PAKISTAN,LAHORE,PAKISTAN INTL AIRLINES,A,S, 10 , 0 , 20 , 40 , 30 , 10 , 0 , 0 , 37.3 , 0 , 9 , 44.4444444444444 , 26.5555555555556 
24-Aug-2005 11:52,200504,MANCHESTER,PAKISTAN,LAHORE,PAKISTAN INTL AIRLINES,D,S, 5 , 0 , 80 , 0 , 20 , 0 , 0 , 0 , 12.8 , 0 , 9 , 88.8888888888889 , 12.3333333333333 
24-Aug-2005 11:52,200504,MANCHESTER,POLAND,KRAKOW,FLYJET LTD,A,C, 0 , 0 , 0 , 0 , 0 , 0 , 0 , 0 , 0 , 0 , 1 , 100 , 0 
24-Aug-2005 11:52,200504,MANCHESTER,POLAND,KRAKOW,FLYJET LTD,D,C, 0 , 0 , 0 , 0 , 0 , 0 , 0 , 0 , 0 , 0 , 1 , 100 , 0 
24-Aug-2005 11:52,200504,MANCHESTER,POLAND,KRAKOW,SKY EUROPE,A,S, 10 , 0 , 70 , 20 , 0 , 10 , 0 , 0 , 14.7 , 0 , 0 , 0 , 0 
24-Aug-2005 11:52,200504,MANCHESTER,POLAND,KRAKOW,SKY EUROPE,D,S, 10 , 0 , 70 , 20 , 10 , 0 , 0 , 0 , 12.7 , 0 , 0 , 0 , 0 
24-Aug-2005 11:52,200504,MANCHESTER,POLAND,WARSAW,LOT-POLISH AIRLINES,A,S, 25 , 0 , 80 , 12 , 4 , 4 , 0 , 0 , 9.28 , 0 , 26 , 84.6153846153846 , 10.3461538461538 
24-Aug-2005 11:52,200504,MANCHESTER,POLAND,WARSAW,LOT-POLISH AIRLINES,D,S, 26 , 0 , 96.1538461538462 , 3.84615384615385 , 0 , 0 , 0 , 0 , 1.19230769230769 , 0 , 26 , 100 , 1.07692307692308 
24-Aug-2005 11:52,200504,MANCHESTER,PORTUGAL(EXCLUDING MADEIRA),FARO,AIR MALTA,A,C, 0 , 0 , 0 , 0 , 0 , 0 , 0 , 0 , 0 , 0 , 4 , 50 , 30 
24-Aug-2005 11:52,200504,MANCHESTER,PORTUGAL(EXCLUDING MADEIRA),FARO,AIR MALTA,D,C, 0 , 0 , 0 , 0 , 0 , 0 , 0 , 0 , 0 , 0 , 4 , 50 , 16.25 
24-Aug-2005 11:52,200504,MANCHESTER,PORTUGAL(EXCLUDING MADEIRA),FARO,BMI BRITISH MIDLAND,A,C, 0 , 0 , 0 , 0 , 0 , 0 , 0 , 0 , 0 , 0 , 4 , 50 , 14.5 
24-Aug-2005 11:52,200504,MANCHESTER,PORTUGAL(EXCLUDING MADEIRA),FARO,BMI BRITISH MIDLAND,D,C, 0 , 0 , 0 , 0 , 0 , 0 , 0 , 0 , 0 , 0 , 4 , 75 , 9 
24-Aug-2005 11:52,200504,MANCHESTER,PORTUGAL(EXCLUDING MADEIRA),FARO,BRITANNIA AIRWAYS AND THOMSONFLY,A,C, 4 , 0 , 75 , 25 , 0 , 0 , 0 , 0 , 12 , 0 , 8 , 87.5 , 9.25 
24-Aug-2005 11:52,200504,MANCHESTER,PORTUGAL(EXCLUDING MADEIRA),FARO,BRITANNIA AIRWAYS AND THOMSONFLY,D,C, 4 , 0 , 100 , 0 , 0 , 0 , 0 , 0 , 4.5 , 0 , 9 , 100 , 0.666666666666667 
24-Aug-2005 11:52,200504,MANCHESTER,PORTUGAL(EXCLUDING MADEIRA),FARO,CHANNEL EXPRESS (INCORP: JET 2),A,S, 30 , 0 , 93.3333333333333 , 3.33333333333333 , 3.33333333333333 , 0 , 0 , 0 , 2.36666666666667 , 0 , 0 , 0 , 0 
24-Aug-2005 11:52,200504,MANCHESTER,PORTUGAL(EXCLUDING MADEIRA),FARO,CHANNEL EXPRESS (INCORP: JET 2),D,S, 30 , 0 , 86.6666666666667 , 6.66666666666667 , 6.66666666666667 , 0 , 0 , 0 , 7.86666666666667 , 0 , 0 , 0 , 0 
24-Aug-2005 11:52,200504,MANCHESTER,PORTUGAL(EXCLUDING MADEIRA),FARO,EUROATLANTIC AIRWAYS,D,C, 0 , 0 , 0 , 0 , 0 , 0 , 0 , 0 , 0 , 0 , 1 , 0 , 124 
24-Aug-2005 11:52,200504,MANCHESTER,PORTUGAL(EXCLUDING MADEIRA),FARO,EXCEL AIRWAYS LTD,A,C, 2 , 0 , 100 , 0 , 0 , 0 , 0 , 0 , 1 , 0 , 2 , 100 , 0 
24-Aug-2005 11:52,200504,MANCHESTER,PORTUGAL(EXCLUDING MADEIRA),FARO,EXCEL AIRWAYS LTD,D,C, 2 , 0 , 100 , 0 , 0 , 0 , 0 , 0 , 7.5 , 0 , 2 , 100 , 2.5 
24-Aug-2005 11:52,200504,MANCHESTER,PORTUGAL(EXCLUDING MADEIRA),FARO,FIRST CHOICE AIRWAYS LTD,A,C, 13 , 0 , 92.3076923076923 , 7.69230769230769 , 0 , 0 , 0 , 0 , 3.84615384615385 , 0 , 17 , 82.3529411764706 , 8.58823529411765 
24-Aug-2005 11:52,200504,MANCHESTER,PORTUGAL(EXCLUDING MADEIRA),FARO,FIRST CHOICE AIRWAYS LTD,D,C, 13 , 0 , 100 , 0 , 0 , 0 , 0 , 0 , 0.615384615384615 , 0 , 18 , 94.4444444444444 , 4.05555555555556 
24-Aug-2005 11:52,200504,MANCHESTER,PORTUGAL(EXCLUDING MADEIRA),FARO,MONARCH AIRLINES,A,C, 9 , 0 , 33.3333333333333 , 22.2222222222222 , 22.2222222222222 , 22.2222222222222 , 0 , 0 , 39.4444444444444 , 0 , 12 , 33.3333333333333 , 22.4166666666667 
24-Aug-2005 11:52,200504,MANCHESTER,PORTUGAL(EXCLUDING MADEIRA),FARO,MONARCH AIRLINES,A,S, 30 , 0 , 83.3333333333333 , 13.3333333333333 , 0 , 3.33333333333333 , 0 , 0 , 8.26666666666667 , 0 , 30 , 70 , 10.9 
24-Aug-2005 11:52,200504,MANCHESTER,PORTUGAL(EXCLUDING MADEIRA),FARO,MONARCH AIRLINES,D,C, 9 , 0 , 66.6666666666667 , 22.2222222222222 , 0 , 11.1111111111111 , 0 , 0 , 21.2222222222222 , 0 , 12 , 75 , 23.1666666666667 
24-Aug-2005 11:52,200504,MANCHESTER,PORTUGAL(EXCLUDING MADEIRA),FARO,MONARCH AIRLINES,D,S, 30 , 0 , 93.3333333333333 , 3.33333333333333 , 0 , 3.33333333333333 , 0 , 0 , 6.4 , 0 , 30 , 93.3333333333333 , 2.76666666666667 
24-Aug-2005 11:52,200504,MANCHESTER,PORTUGAL(EXCLUDING MADEIRA),FARO,MY TRAVEL AIRWAYS UK,A,C, 7 , 0 , 85.7142857142857 , 14.2857142857143 , 0 , 0 , 0 , 0 , 3 , 0 , 9 , 66.6666666666667 , 29.7777777777778 
24-Aug-2005 11:52,200504,MANCHESTER,PORTUGAL(EXCLUDING MADEIRA),FARO,MY TRAVEL AIRWAYS UK,D,C, 8 , 0 , 100 , 0 , 0 , 0 , 0 , 0 , 0.5 , 0 , 9 , 88.8888888888889 , 20.5555555555556 
24-Aug-2005 11:52,200504,MANCHESTER,PORTUGAL(EXCLUDING MADEIRA),FARO,THOMAS COOK AIRLINES LTD,A,C, 21 , 0 , 61.9047619047619 , 19.047619047619 , 4.76190476190476 , 9.52380952380952 , 4.76190476190476 , 0 , 28.2380952380952 , 0 , 24 , 70.8333333333333 , 9.58333333333333 
24-Aug-2005 11:52,200504,MANCHESTER,PORTUGAL(EXCLUDING MADEIRA),FARO,THOMAS COOK AIRLINES LTD,D,C, 21 , 0 , 80.9523809523809 , 0 , 4.76190476190476 , 9.52380952380952 , 4.76190476190476 , 0 , 23.7142857142857 , 0 , 25 , 88 , 4.6 
24-Aug-2005 11:52,200504,MANCHESTER,PORTUGAL(EXCLUDING MADEIRA),LISBON,EXCEL AIRWAYS LTD,A,C, 1 , 0 , 0 , 100 , 0 , 0 , 0 , 0 , 16 , 0 , 0 , 0 , 0 
24-Aug-2005 11:52,200504,MANCHESTER,PORTUGAL(EXCLUDING MADEIRA),LISBON,EXCEL AIRWAYS LTD,D,C, 1 , 0 , 100 , 0 , 0 , 0 , 0 , 0 , 0 , 0 , 0 , 0 , 0 
24-Aug-2005 11:52,200504,MANCHESTER,PORTUGAL(EXCLUDING MADEIRA),LISBON,PORTUGALIA,A,S, 30 , 0 , 86.6666666666667 , 3.33333333333333 , 3.33333333333333 , 6.66666666666667 , 0 , 0 , 11.6 , 0 , 30 , 63.3333333333333 , 15.3666666666667 
24-Aug-2005 11:52,200504,MANCHESTER,PORTUGAL(EXCLUDING MADEIRA),LISBON,PORTUGALIA,D,S, 9 , 0 , 77.7777777777778 , 0 , 11.1111111111111 , 0 , 0 , 11.1111111111111 , 99.3333333333333 , 0 , 8 , 87.5 , 2.5 
24-Aug-2005 11:52,200504,MANCHESTER,PORTUGAL(EXCLUDING MADEIRA),OPORTO (PORTUGAL),PORTUGALIA,D,S, 21 , 0 , 90.4761904761905 , 0 , 4.76190476190476 , 4.76190476190476 , 0 , 0 , 10.1904761904762 , 0 , 22 , 90.9090909090909 , 8 
24-Aug-2005 11:52,200504,MANCHESTER,PORTUGAL(MADEIRA),FUNCHAL,BRITANNIA AIRWAYS AND THOMSONFLY,A,C, 4 , 0 , 50 , 0 , 50 , 0 , 0 , 0 , 26.75 , 0 , 4 , 50 , 17.5 
24-Aug-2005 11:52,200504,MANCHESTER,PORTUGAL(MADEIRA),FUNCHAL,BRITANNIA AIRWAYS AND THOMSONFLY,D,C, 4 , 0 , 100 , 0 , 0 , 0 , 0 , 0 , 0 , 0 , 4 , 75 , 12.5 
24-Aug-2005 11:52,200504,MANCHESTER,PORTUGAL(MADEIRA),FUNCHAL,EXCEL AIRWAYS LTD,A,C, 4 , 0 , 100 , 0 , 0 , 0 , 0 , 0 , 0 , 0 , 4 , 75 , 5 
24-Aug-2005 11:52,200504,MANCHESTER,PORTUGAL(MADEIRA),FUNCHAL,EXCEL AIRWAYS LTD,D,C, 4 , 0 , 100 , 0 , 0 , 0 , 0 , 0 , 0.75 , 0 , 4 , 100 , 0 
24-Aug-2005 11:52,200504,MANCHESTER,PORTUGAL(MADEIRA),FUNCHAL,FIRST CHOICE AIRWAYS LTD,A,C, 4 , 0 , 100 , 0 , 0 , 0 , 0 , 0 , 2.5 , 0 , 4 , 50 , 21.5 
24-Aug-2005 11:52,200504,MANCHESTER,PORTUGAL(MADEIRA),FUNCHAL,FIRST CHOICE AIRWAYS LTD,D,C, 4 , 0 , 100 , 0 , 0 , 0 , 0 , 0 , 0 , 0 , 4 , 100 , 2 
24-Aug-2005 11:52,200504,MANCHESTER,PORTUGAL(MADEIRA),FUNCHAL,THOMAS COOK AIRLINES LTD,A,C, 4 , 0 , 50 , 0 , 50 , 0 , 0 , 0 , 19.5 , 0 , 4 , 75 , 106 
24-Aug-2005 11:52,200504,MANCHESTER,PORTUGAL(MADEIRA),FUNCHAL,THOMAS COOK AIRLINES LTD,D,C, 4 , 0 , 100 , 0 , 0 , 0 , 0 , 0 , 0.5 , 0 , 4 , 100 , 2 
24-Aug-2005 11:52,200504,MANCHESTER,PUERTO RICO,SAN JUAN (PUERTO RICO),VIRGIN ATLANTIC AIRWAYS LTD,A,C, 1 , 0 , 0 , 100 , 0 , 0 , 0 , 0 , 30 , 0 , 0 , 0 , 0 
24-Aug-2005 11:52,200504,MANCHESTER,QATAR,DOHA,QATAR AIRWAYS,A,S, 16 , 0 , 87.5 , 6.25 , 6.25 , 0 , 0 , 0 , 6.75 , 0 , 17 , 82.3529411764706 , 4.58823529411765 
24-Aug-2005 11:52,200504,MANCHESTER,QATAR,DOHA,QATAR AIRWAYS,D,S, 16 , 0 , 100 , 0 , 0 , 0 , 0 , 0 , 0 , 0 , 17 , 88.2352941176471 , 2.94117647058824 
24-Aug-2005 11:52,200504,MANCHESTER,REPUBLIC OF SOUTH AFRICA,CAPE TOWN,ICELANDAIR,A,C, 0 , 0 , 0 , 0 , 0 , 0 , 0 , 0 , 0 , 0 , 6 , 33.3333333333333 , 87.5 
24-Aug-2005 11:52,200504,MANCHESTER,REPUBLIC OF SOUTH AFRICA,CAPE TOWN,ICELANDAIR,D,C, 0 , 0 , 0 , 0 , 0 , 0 , 0 , 0 , 0 , 0 , 6 , 33.3333333333333 , 49.3333333333333 
24-Aug-2005 11:52,200504,MANCHESTER,SINGAPORE,SINGAPORE,SINGAPORE AIRLINES,A,S, 30 , 0 , 30 , 40 , 26.6666666666667 , 3.33333333333333 , 0 , 0 , 24.1333333333333 , 0 , 30 , 46.6666666666667 , 17.1 
24-Aug-2005 11:52,200504,MANCHESTER,SINGAPORE,SINGAPORE,SINGAPORE AIRLINES,D,S, 30 , 0 , 83.3333333333333 , 6.66666666666667 , 10 , 0 , 0 , 0 , 7.4 , 0 , 30 , 83.3333333333333 , 5.43333333333333 
24-Aug-2005 11:52,200504,MANCHESTER,SPAIN,ALICANTE,AIR CORDIAL LTD,A,C, 0 , 0 , 0 , 0 , 0 , 0 , 0 , 0 , 0 , 0 , 4 , 50 , 15 
24-Aug-2005 11:52,200504,MANCHESTER,SPAIN,ALICANTE,AIR CORDIAL LTD,D,C, 0 , 0 , 0 , 0 , 0 , 0 , 0 , 0 , 0 , 0 , 4 , 100 , 1.25 
24-Aug-2005 11:52,200504,MANCHESTER,SPAIN,ALICANTE,AIR MALTA,A,C, 5 , 0 , 40 , 60 , 0 , 0 , 0 , 0 , 18.8 , 0 , 0 , 0 , 0 
24-Aug-2005 11:52,200504,MANCHESTER,SPAIN,ALICANTE,AIR MALTA,D,C, 5 , 0 , 100 , 0 , 0 , 0 , 0 , 0 , 2.6 , 0 , 0 , 0 , 0 
24-Aug-2005 11:52,200504,MANCHESTER,SPAIN,ALICANTE,BMI BRITISH MIDLAND,A,C, 0 , 0 , 0 , 0 , 0 , 0 , 0 , 0 , 0 , 0 , 9 , 33.3333333333333 , 19.3333333333333 
24-Aug-2005 11:52,200504,MANCHESTER,SPAIN,ALICANTE,BMI BRITISH MIDLAND,D,C, 0 , 0 , 0 , 0 , 0 , 0 , 0 , 0 , 0 , 0 , 8 , 87.5 , 9.75 
24-Aug-2005 11:52,200504,MANCHESTER,SPAIN,ALICANTE,BMIBABY LTD,A,S, 30 , 0 , 56.6666666666667 , 30 , 10 , 3.33333333333333 , 0 , 0 , 16.2666666666667 , 0 , 29 , 31.0344827586207 , 31.2068965517241 
24-Aug-2005 11:52,200504,MANCHESTER,SPAIN,ALICANTE,BMIBABY LTD,D,S, 30 , 0 , 93.3333333333333 , 3.33333333333333 , 3.33333333333333 , 0 , 0 , 0 , 5.66666666666667 , 0 , 30 , 66.6666666666667 , 18.6 
24-Aug-2005 11:52,200504,MANCHESTER,SPAIN,ALICANTE,BRITANNIA AIRWAYS AND THOMSONFLY,A,C, 17 , 0 , 82.3529411764706 , 5.88235294117647 , 5.88235294117647 , 0 , 5.88235294117647 , 0 , 16.7647058823529 , 0 , 17 , 94.1176470588235 , 2 
24-Aug-2005 11:52,200504,MANCHESTER,SPAIN,ALICANTE,BRITANNIA AIRWAYS AND THOMSONFLY,D,C, 17 , 0 , 88.2352941176471 , 5.88235294117647 , 0 , 0 , 5.88235294117647 , 0 , 17.7647058823529 , 0 , 16 , 100 , 1.5625 
24-Aug-2005 11:52,200504,MANCHESTER,SPAIN,ALICANTE,CHANNEL EXPRESS (INCORP: JET 2),A,S, 30 , 1 , 53.3333333333333 , 33.3333333333333 , 10 , 3.33333333333333 , 0 , 0 , 17.6333333333333 , 0 , 0 , 0 , 0 
24-Aug-2005 11:52,200504,MANCHESTER,SPAIN,ALICANTE,CHANNEL EXPRESS (INCORP: JET 2),D,S, 30 , 0 , 96.6666666666667 , 3.33333333333333 , 0 , 0 , 0 , 0 , 2.53333333333333 , 0 , 0 , 0 , 0 
24-Aug-2005 11:52,200504,MANCHESTER,SPAIN,ALICANTE,EXCEL AIRWAYS LTD,A,C, 0 , 0 , 0 , 0 , 0 , 0 , 0 , 0 , 0 , 0 , 4 , 100 , 2.5 
24-Aug-2005 11:52,200504,MANCHESTER,SPAIN,ALICANTE,EXCEL AIRWAYS LTD,D,C, 0 , 0 , 0 , 0 , 0 , 0 , 0 , 0 , 0 , 0 , 4 , 100 , 3 
24-Aug-2005 11:52,200504,MANCHESTER,SPAIN,ALICANTE,FIRST CHOICE AIRWAYS LTD,A,C, 18 , 0 , 77.7777777777778 , 5.55555555555556 , 11.1111111111111 , 5.55555555555556 , 0 , 0 , 12.1666666666667 , 0 , 24 , 87.5 , 17.5 
24-Aug-2005 11:52,200504,MANCHESTER,SPAIN,ALICANTE,FIRST CHOICE AIRWAYS LTD,D,C, 18 , 0 , 94.4444444444444 , 0 , 0 , 5.55555555555556 , 0 , 0 , 8.61111111111111 , 0 , 24 , 87.5 , 13.5833333333333 
24-Aug-2005 11:52,200504,MANCHESTER,SPAIN,ALICANTE,MONARCH AIRLINES,A,C, 5 , 0 , 60 , 40 , 0 , 0 , 0 , 0 , 9.6 , 0 , 8 , 50 , 19.125 
24-Aug-2005 11:52,200504,MANCHESTER,SPAIN,ALICANTE,MONARCH AIRLINES,A,S, 60 , 0 , 88.3333333333333 , 8.33333333333333 , 0 , 3.33333333333333 , 0 , 0 , 6.33333333333333 , 0 , 60 , 88.3333333333333 , 4.78333333333333 
24-Aug-2005 11:52,200504,MANCHESTER,SPAIN,ALICANTE,MONARCH AIRLINES,D,C, 5 , 0 , 100 , 0 , 0 , 0 , 0 , 0 , 0 , 0 , 8 , 87.5 , 4.25 
24-Aug-2005 11:52,200504,MANCHESTER,SPAIN,ALICANTE,MONARCH AIRLINES,D,S, 60 , 0 , 95 , 1.66666666666667 , 1.66666666666667 , 1.66666666666667 , 0 , 0 , 3.9 , 0 , 60 , 88.3333333333333 , 5.63333333333333 
24-Aug-2005 11:52,200504,MANCHESTER,SPAIN,ALICANTE,MY TRAVEL AIRWAYS UK,A,C, 18 , 0 , 83.3333333333333 , 16.6666666666667 , 0 , 0 , 0 , 0 , 6.72222222222222 , 0 , 12 , 91.6666666666667 , 18.75 
24-Aug-2005 11:52,200504,MANCHESTER,SPAIN,ALICANTE,MY TRAVEL AIRWAYS UK,D,C, 18 , 0 , 100 , 0 , 0 , 0 , 0 , 0 , 1.05555555555556 , 0 , 12 , 83.3333333333333 , 20.3333333333333 
24-Aug-2005 11:52,200504,MANCHESTER,SPAIN,ALICANTE,THOMAS COOK AIRLINES LTD,A,C, 17 , 0 , 52.9411764705882 , 29.4117647058824 , 11.7647058823529 , 0 , 5.88235294117647 , 0 , 30.1176470588235 , 0 , 16 , 81.25 , 14.375 
24-Aug-2005 11:52,200504,MANCHESTER,SPAIN,ALICANTE,THOMAS COOK AIRLINES LTD,D,C, 16 , 0 , 81.25 , 6.25 , 6.25 , 0 , 6.25 , 0 , 23.3125 , 0 , 16 , 81.25 , 13.125 
24-Aug-2005 11:52,200504,MANCHESTER,SPAIN,ALMERIA,FIRST CHOICE AIRWAYS LTD,A,C, 4 , 0 , 100 , 0 , 0 , 0 , 0 , 0 , 0 , 0 , 5 , 80 , 30.4 
24-Aug-2005 11:52,200504,MANCHESTER,SPAIN,ALMERIA,FIRST CHOICE AIRWAYS LTD,D,C, 4 , 0 , 100 , 0 , 0 , 0 , 0 , 0 , 0 , 0 , 5 , 100 , 2.2 
24-Aug-2005 11:52,200504,MANCHESTER,SPAIN,ALMERIA,MONARCH AIRLINES,A,S, 2 , 0 , 100 , 0 , 0 , 0 , 0 , 0 , 0.5 , 0 , 0 , 0 , 0 
24-Aug-2005 11:52,200504,MANCHESTER,SPAIN,ALMERIA,MONARCH AIRLINES,D,S, 2 , 0 , 100 , 0 , 0 , 0 , 0 , 0 , 0 , 0 , 0 , 0 , 0 
24-Aug-2005 11:52,200504,MANCHESTER,SPAIN,ALMERIA,MY TRAVEL AIRWAYS UK,A,C, 4 , 0 , 50 , 25 , 25 , 0 , 0 , 0 , 15.5 , 0 , 5 , 40 , 48 
24-Aug-2005 11:52,200504,MANCHESTER,SPAIN,ALMERIA,MY TRAVEL AIRWAYS UK,D,C, 4 , 0 , 75 , 0 , 25 , 0 , 0 , 0 , 10.5 , 0 , 5 , 40 , 42.6 
24-Aug-2005 11:52,200504,MANCHESTER,SPAIN,BARCELONA,BMI BRITISH MIDLAND,A,C, 0 , 0 , 0 , 0 , 0 , 0 , 0 , 0 , 0 , 0 , 1 , 100 , 5 
24-Aug-2005 11:52,200504,MANCHESTER,SPAIN,BARCELONA,BMIBABY LTD,A,S, 0 , 0 , 0 , 0 , 0 , 0 , 0 , 0 , 0 , 0 , 29 , 55.1724137931034 , 26.4827586206897 
24-Aug-2005 11:52,200504,MANCHESTER,SPAIN,BARCELONA,BMIBABY LTD,D,S, 0 , 0 , 0 , 0 , 0 , 0 , 0 , 0 , 0 , 0 , 30 , 76.6666666666667 , 11.3333333333333 
24-Aug-2005 11:52,200504,MANCHESTER,SPAIN,BARCELONA,IBERIA,A,S, 0 , 0 , 0 , 0 , 0 , 0 , 0 , 0 , 0 , 0 , 30 , 86.6666666666667 , 9.83333333333333 
24-Aug-2005 11:52,200504,MANCHESTER,SPAIN,BARCELONA,IBERIA,D,S, 0 , 0 , 0 , 0 , 0 , 0 , 0 , 0 , 0 , 0 , 30 , 76.6666666666667 , 11.1 
24-Aug-2005 11:52,200504,MANCHESTER,SPAIN,BARCELONA,MONARCH AIRLINES,A,S, 30 , 0 , 53.3333333333333 , 33.3333333333333 , 10 , 3.33333333333333 , 0 , 0 , 16.4666666666667 , 0 , 30 , 70 , 12 
24-Aug-2005 11:52,200504,MANCHESTER,SPAIN,BARCELONA,MONARCH AIRLINES,D,S, 30 , 0 , 100 , 0 , 0 , 0 , 0 , 0 , 0.766666666666667 , 0 , 30 , 93.3333333333333 , 3.63333333333333 
24-Aug-2005 11:52,200504,MANCHESTER,SPAIN,GERONA,MY TRAVEL AIRWAYS UK,A,C, 0 , 0 , 0 , 0 , 0 , 0 , 0 , 0 , 0 , 0 , 4 , 75 , 6.75 
24-Aug-2005 11:52,200504,MANCHESTER,SPAIN,GERONA,MY TRAVEL AIRWAYS UK,D,C, 0 , 0 , 0 , 0 , 0 , 0 , 0 , 0 , 0 , 0 , 5 , 100 , 1.8 
24-Aug-2005 11:52,200504,MANCHESTER,SPAIN,GERONA,THOMAS COOK AIRLINES LTD,D,C, 0 , 0 , 0 , 0 , 0 , 0 , 0 , 0 , 0 , 0 , 1 , 100 , 1 
24-Aug-2005 11:52,200504,MANCHESTER,SPAIN,IBIZA,MONARCH AIRLINES,D,C, 1 , 1 , 100 , 0 , 0 , 0 , 0 , 0 , 0 , 0 , 0 , 0 , 0 
24-Aug-2005 11:52,200504,MANCHESTER,SPAIN,IBIZA,MY TRAVEL AIRWAYS UK,A,C, 0 , 0 , 0 , 0 , 0 , 0 , 0 , 0 , 0 , 0 , 3 , 100 , 0 
24-Aug-2005 11:52,200504,MANCHESTER,SPAIN,IBIZA,MY TRAVEL AIRWAYS UK,D,C, 0 , 0 , 0 , 0 , 0 , 0 , 0 , 0 , 0 , 0 , 3 , 100 , 0 
24-Aug-2005 11:52,200504,MANCHESTER,SPAIN,JEREZ,ASTRAEUS LTD,A,C, 0 , 0 , 0 , 0 , 0 , 0 , 0 , 0 , 0 , 0 , 1 , 100 , 0 
24-Aug-2005 11:52,200504,MANCHESTER,SPAIN,JEREZ,ASTRAEUS LTD,D,C, 0 , 0 , 0 , 0 , 0 , 0 , 0 , 0 , 0 , 0 , 1 , 100 , 2 
24-Aug-2005 11:52,200504,MANCHESTER,SPAIN,JEREZ,THOMAS COOK AIRLINES LTD,D,C, 0 , 0 , 0 , 0 , 0 , 0 , 0 , 0 , 0 , 0 , 1 , 100 , 0 
24-Aug-2005 11:52,200504,MANCHESTER,SPAIN,MADRID,AIR NOSTRUM,A,S, 0 , 0 , 0 , 0 , 0 , 0 , 0 , 0 , 0 , 0 , 30 , 50 , 16.0333333333333 
24-Aug-2005 11:52,200504,MANCHESTER,SPAIN,MADRID,AIR NOSTRUM,D,S, 0 , 0 , 0 , 0 , 0 , 0 , 0 , 0 , 0 , 0 , 30 , 90 , 6.6 
24-Aug-2005 11:52,200504,MANCHESTER,SPAIN,MADRID,BRITISH AIRWAYS CITIEXPRESS LTD,A,S, 51 , 0 , 76.4705882352941 , 5.88235294117647 , 9.80392156862745 , 7.84313725490196 , 0 , 0 , 14.8627450980392 , 0 , 51 , 82.3529411764706 , 8.96078431372549 
24-Aug-2005 11:52,200504,MANCHESTER,SPAIN,MADRID,BRITISH AIRWAYS CITIEXPRESS LTD,D,S, 51 , 0 , 78.4313725490196 , 9.80392156862745 , 5.88235294117647 , 3.92156862745098 , 1.96078431372549 , 0 , 16 , 0 , 52 , 84.6153846153846 , 9.96153846153846 
24-Aug-2005 11:52,200504,MANCHESTER,SPAIN,MADRID,FIRST CHOICE AIRWAYS LTD,A,C, 1 , 0 , 100 , 0 , 0 , 0 , 0 , 0 , 0 , 0 , 0 , 0 , 0 
24-Aug-2005 11:52,200504,MANCHESTER,SPAIN,MADRID,FIRST CHOICE AIRWAYS LTD,D,C, 1 , 0 , 100 , 0 , 0 , 0 , 0 , 0 , 0 , 0 , 0 , 0 , 0 
24-Aug-2005 11:52,200504,MANCHESTER,SPAIN,MADRID,FLYJET LTD,A,C, 0 , 0 , 0 , 0 , 0 , 0 , 0 , 0 , 0 , 0 , 1 , 100 , 8 
24-Aug-2005 11:52,200504,MANCHESTER,SPAIN,MADRID,FLYJET LTD,D,C, 0 , 0 , 0 , 0 , 0 , 0 , 0 , 0 , 0 , 0 , 1 , 100 , 15 
24-Aug-2005 11:52,200504,MANCHESTER,SPAIN,MADRID,MONARCH AIRLINES,A,S, 3 , 0 , 66.6666666666667 , 33.3333333333333 , 0 , 0 , 0 , 0 , 8 , 0 , 0 , 0 , 0 
24-Aug-2005 11:52,200504,MANCHESTER,SPAIN,MADRID,MONARCH AIRLINES,D,S, 3 , 0 , 100 , 0 , 0 , 0 , 0 , 0 , 0 , 0 , 0 , 0 , 0 
24-Aug-2005 11:52,200504,MANCHESTER,SPAIN,MAHON,FIRST CHOICE AIRWAYS LTD,A,C, 0 , 0 , 0 , 0 , 0 , 0 , 0 , 0 , 0 , 0 , 4 , 75 , 4.75 
24-Aug-2005 11:52,200504,MANCHESTER,SPAIN,MAHON,FIRST CHOICE AIRWAYS LTD,D,C, 0 , 0 , 0 , 0 , 0 , 0 , 0 , 0 , 0 , 0 , 4 , 50 , 11.5 
24-Aug-2005 11:52,200504,MANCHESTER,SPAIN,MAHON,FLYJET LTD,A,C, 0 , 0 , 0 , 0 , 0 , 0 , 0 , 0 , 0 , 0 , 3 , 0 , 77.6666666666667 
24-Aug-2005 11:52,200504,MANCHESTER,SPAIN,MAHON,FLYJET LTD,D,C, 0 , 0 , 0 , 0 , 0 , 0 , 0 , 0 , 0 , 0 , 4 , 0 , 113.25 
24-Aug-2005 11:52,200504,MANCHESTER,SPAIN,MAHON,MONARCH AIRLINES,A,C, 0 , 0 , 0 , 0 , 0 , 0 , 0 , 0 , 0 , 0 , 5 , 100 , 2 
24-Aug-2005 11:52,200504,MANCHESTER,SPAIN,MAHON,MONARCH AIRLINES,D,C, 0 , 0 , 0 , 0 , 0 , 0 , 0 , 0 , 0 , 0 , 5 , 60 , 23.2 
24-Aug-2005 11:52,200504,MANCHESTER,SPAIN,MAHON,THOMAS COOK AIRLINES LTD,D,C, 0 , 0 , 0 , 0 , 0 , 0 , 0 , 0 , 0 , 0 , 2 , 50 , 13.5 
24-Aug-2005 11:52,200504,MANCHESTER,SPAIN,MALAGA,AIR CORDIAL LTD,A,C, 0 , 0 , 0 , 0 , 0 , 0 , 0 , 0 , 0 , 0 , 4 , 25 , 42.75 
24-Aug-2005 11:52,200504,MANCHESTER,SPAIN,MALAGA,AIR CORDIAL LTD,D,C, 0 , 0 , 0 , 0 , 0 , 0 , 0 , 0 , 0 , 0 , 4 , 100 , 4.25 
24-Aug-2005 11:52,200504,MANCHESTER,SPAIN,MALAGA,AIR MALTA,A,C, 10 , 0 , 60 , 30 , 10 , 0 , 0 , 0 , 14.2 , 0 , 4 , 75 , 12.25 
24-Aug-2005 11:52,200504,MANCHESTER,SPAIN,MALAGA,AIR MALTA,D,C, 10 , 0 , 60 , 40 , 0 , 0 , 0 , 0 , 10.9 , 0 , 4 , 75 , 12 
24-Aug-2005 11:52,200504,MANCHESTER,SPAIN,MALAGA,ASTRAEUS LTD,D,C, 1 , 0 , 100 , 0 , 0 , 0 , 0 , 0 , 0 , 0 , 0 , 0 , 0 
24-Aug-2005 11:52,200504,MANCHESTER,SPAIN,MALAGA,BMIBABY LTD,A,S, 30 , 0 , 66.6666666666667 , 16.6666666666667 , 13.3333333333333 , 3.33333333333333 , 0 , 0 , 14.4666666666667 , 0 , 30 , 30 , 29.5 
24-Aug-2005 11:52,200504,MANCHESTER,SPAIN,MALAGA,BMIBABY LTD,D,S, 30 , 0 , 83.3333333333333 , 10 , 6.66666666666667 , 0 , 0 , 0 , 7 , 0 , 30 , 70 , 9 
24-Aug-2005 11:52,200504,MANCHESTER,SPAIN,MALAGA,BRITANNIA AIRWAYS AND THOMSONFLY,A,C, 13 , 0 , 92.3076923076923 , 0 , 7.69230769230769 , 0 , 0 , 0 , 5.61538461538462 , 0 , 15 , 100 , 6.66666666666667E-02 
24-Aug-2005 11:52,200504,MANCHESTER,SPAIN,MALAGA,BRITANNIA AIRWAYS AND THOMSONFLY,D,C, 13 , 0 , 92.3076923076923 , 7.69230769230769 , 0 , 0 , 0 , 0 , 2.15384615384615 , 0 , 15 , 93.3333333333333 , 3.26666666666667 
24-Aug-2005 11:52,200504,MANCHESTER,SPAIN,MALAGA,CHANNEL EXPRESS (INCORP: JET 2),A,S, 30 , 0 , 46.6666666666667 , 26.6666666666667 , 20 , 6.66666666666667 , 0 , 0 , 23.1333333333333 , 0 , 0 , 0 , 0 
24-Aug-2005 11:52,200504,MANCHESTER,SPAIN,MALAGA,CHANNEL EXPRESS (INCORP: JET 2),D,S, 30 , 0 , 93.3333333333333 , 0 , 0 , 6.66666666666667 , 0 , 0 , 8.8 , 0 , 0 , 0 , 0 
24-Aug-2005 11:52,200504,MANCHESTER,SPAIN,MALAGA,EXCEL AIRWAYS LTD,A,C, 0 , 0 , 0 , 0 , 0 , 0 , 0 , 0 , 0 , 0 , 4 , 25 , 61 
24-Aug-2005 11:52,200504,MANCHESTER,SPAIN,MALAGA,EXCEL AIRWAYS LTD,D,C, 0 , 0 , 0 , 0 , 0 , 0 , 0 , 0 , 0 , 0 , 4 , 75 , 32 
24-Aug-2005 11:52,200504,MANCHESTER,SPAIN,MALAGA,FIRST CHOICE AIRWAYS LTD,A,C, 14 , 0 , 78.5714285714286 , 21.4285714285714 , 0 , 0 , 0 , 0 , 9.21428571428571 , 0 , 18 , 83.3333333333333 , 8.83333333333333 
24-Aug-2005 11:52,200504,MANCHESTER,SPAIN,MALAGA,FIRST CHOICE AIRWAYS LTD,D,C, 14 , 0 , 85.7142857142857 , 7.14285714285714 , 7.14285714285714 , 0 , 0 , 0 , 5.78571428571429 , 0 , 19 , 89.4736842105263 , 5.84210526315789 
24-Aug-2005 11:52,200504,MANCHESTER,SPAIN,MALAGA,FLYJET LTD,A,C, 0 , 0 , 0 , 0 , 0 , 0 , 0 , 0 , 0 , 0 , 3 , 0 , 95 
24-Aug-2005 11:52,200504,MANCHESTER,SPAIN,MALAGA,FLYJET LTD,D,C, 0 , 0 , 0 , 0 , 0 , 0 , 0 , 0 , 0 , 0 , 3 , 66.6666666666667 , 72.6666666666667 
24-Aug-2005 11:52,200504,MANCHESTER,SPAIN,MALAGA,GB AIRWAYS LTD,A,S, 30 , 0 , 86.6666666666667 , 3.33333333333333 , 10 , 0 , 0 , 0 , 5.46666666666667 , 0 , 0 , 0 , 0 
24-Aug-2005 11:52,200504,MANCHESTER,SPAIN,MALAGA,GB AIRWAYS LTD,D,S, 30 , 0 , 90 , 3.33333333333333 , 3.33333333333333 , 3.33333333333333 , 0 , 0 , 4.56666666666667 , 0 , 0 , 0 , 0 
24-Aug-2005 11:52,200504,MANCHESTER,SPAIN,MALAGA,ICELANDAIR,A,C, 0 , 0 , 0 , 0 , 0 , 0 , 0 , 0 , 0 , 0 , 2 , 0 , 48.5 
24-Aug-2005 11:52,200504,MANCHESTER,SPAIN,MALAGA,ICELANDAIR,D,C, 0 , 0 , 0 , 0 , 0 , 0 , 0 , 0 , 0 , 0 , 2 , 50 , 15.5 
24-Aug-2005 11:52,200504,MANCHESTER,SPAIN,MALAGA,MONARCH AIRLINES,A,C, 0 , 0 , 0 , 0 , 0 , 0 , 0 , 0 , 0 , 0 , 9 , 44.4444444444444 , 30.2222222222222 
24-Aug-2005 11:52,200504,MANCHESTER,SPAIN,MALAGA,MONARCH AIRLINES,A,S, 60 , 0 , 81.6666666666667 , 10 , 8.33333333333333 , 0 , 0 , 0 , 6.61666666666667 , 0 , 60 , 88.3333333333333 , 5.2 
24-Aug-2005 11:52,200504,MANCHESTER,SPAIN,MALAGA,MONARCH AIRLINES,D,C, 0 , 0 , 0 , 0 , 0 , 0 , 0 , 0 , 0 , 0 , 9 , 44.4444444444444 , 13.8888888888889 
24-Aug-2005 11:52,200504,MANCHESTER,SPAIN,MALAGA,MONARCH AIRLINES,D,S, 60 , 0 , 95 , 3.33333333333333 , 1.66666666666667 , 0 , 0 , 0 , 2.41666666666667 , 0 , 60 , 93.3333333333333 , 4.71666666666667 
24-Aug-2005 11:52,200504,MANCHESTER,SPAIN,MALAGA,MY TRAVEL AIRWAYS UK,A,C, 8 , 0 , 62.5 , 25 , 12.5 , 0 , 0 , 0 , 11.875 , 0 , 9 , 44.4444444444444 , 16.8888888888889 
24-Aug-2005 11:52,200504,MANCHESTER,SPAIN,MALAGA,MY TRAVEL AIRWAYS UK,D,C, 8 , 0 , 100 , 0 , 0 , 0 , 0 , 0 , 0 , 0 , 9 , 55.5555555555556 , 27.1111111111111 
24-Aug-2005 11:52,200504,MANCHESTER,SPAIN,MALAGA,THOMAS COOK AIRLINES LTD,A,C, 5 , 0 , 80 , 0 , 20 , 0 , 0 , 0 , 10.2 , 0 , 8 , 37.5 , 54 
24-Aug-2005 11:52,200504,MANCHESTER,SPAIN,MALAGA,THOMAS COOK AIRLINES LTD,D,C, 4 , 0 , 100 , 0 , 0 , 0 , 0 , 0 , 2.25 , 0 , 8 , 75 , 38.875 
24-Aug-2005 11:52,200504,MANCHESTER,SPAIN,MURCIA SAN JAVIER,BMIBABY LTD,A,S, 5 , 0 , 60 , 0 , 20 , 20 , 0 , 0 , 25 , 0 , 4 , 50 , 35.5 
24-Aug-2005 11:52,200504,MANCHESTER,SPAIN,MURCIA SAN JAVIER,BMIBABY LTD,D,S, 5 , 0 , 60 , 20 , 0 , 20 , 0 , 0 , 16 , 0 , 4 , 50 , 25.25 
24-Aug-2005 11:52,200504,MANCHESTER,SPAIN,MURCIA SAN JAVIER,BRITISH AIRWAYS CITIEXPRESS LTD,A,C, 0 , 0 , 0 , 0 , 0 , 0 , 0 , 0 , 0 , 0 , 3 , 66.6666666666667 , 18.3333333333333 
24-Aug-2005 11:52,200504,MANCHESTER,SPAIN,MURCIA SAN JAVIER,BRITISH AIRWAYS CITIEXPRESS LTD,D,C, 0 , 0 , 0 , 0 , 0 , 0 , 0 , 0 , 0 , 0 , 3 , 100 , 1.33333333333333 
24-Aug-2005 11:52,200504,MANCHESTER,SPAIN,MURCIA SAN JAVIER,CHANNEL EXPRESS (INCORP: JET 2),A,S, 30 , 0 , 80 , 13.3333333333333 , 3.33333333333333 , 3.33333333333333 , 0 , 0 , 12.2333333333333 , 0 , 0 , 0 , 0 
24-Aug-2005 11:52,200504,MANCHESTER,SPAIN,MURCIA SAN JAVIER,CHANNEL EXPRESS (INCORP: JET 2),D,S, 30 , 0 , 96.6666666666667 , 3.33333333333333 , 0 , 0 , 0 , 0 , 0.966666666666667 , 0 , 0 , 0 , 0 
24-Aug-2005 11:52,200504,MANCHESTER,SPAIN,PALMA DE MALLORCA,AIR MALTA,A,C, 0 , 0 , 0 , 0 , 0 , 0 , 0 , 0 , 0 , 0 , 1 , 0 , 58 
24-Aug-2005 11:52,200504,MANCHESTER,SPAIN,PALMA DE MALLORCA,AIR MALTA,D,C, 0 , 0 , 0 , 0 , 0 , 0 , 0 , 0 , 0 , 0 , 1 , 0 , 60 
24-Aug-2005 11:52,200504,MANCHESTER,SPAIN,PALMA DE MALLORCA,BMIBABY LTD,A,S, 30 , 0 , 66.6666666666667 , 30 , 3.33333333333333 , 0 , 0 , 0 , 12.2 , 0 , 30 , 76.6666666666667 , 11.7333333333333 
24-Aug-2005 11:52,200504,MANCHESTER,SPAIN,PALMA DE MALLORCA,BMIBABY LTD,D,S, 30 , 0 , 90 , 6.66666666666667 , 3.33333333333333 , 0 , 0 , 0 , 4.7 , 0 , 30 , 76.6666666666667 , 10.1666666666667 
24-Aug-2005 11:52,200504,MANCHESTER,SPAIN,PALMA DE MALLORCA,BRITANNIA AIRWAYS AND THOMSONFLY,A,C, 14 , 0 , 92.8571428571429 , 7.14285714285714 , 0 , 0 , 0 , 0 , 5 , 0 , 12 , 50 , 11.5 
24-Aug-2005 11:52,200504,MANCHESTER,SPAIN,PALMA DE MALLORCA,BRITANNIA AIRWAYS AND THOMSONFLY,D,C, 14 , 0 , 100 , 0 , 0 , 0 , 0 , 0 , 2.42857142857143 , 0 , 13 , 92.3076923076923 , 5.92307692307692 
24-Aug-2005 11:52,200504,MANCHESTER,SPAIN,PALMA DE MALLORCA,EUROPEAN AIR CHARTER,A,C, 0 , 0 , 0 , 0 , 0 , 0 , 0 , 0 , 0 , 0 , 2 , 100 , 6 
24-Aug-2005 11:52,200504,MANCHESTER,SPAIN,PALMA DE MALLORCA,EUROPEAN AIR CHARTER,D,C, 1 , 0 , 100 , 0 , 0 , 0 , 0 , 0 , 10 , 0 , 2 , 100 , 10.5 
24-Aug-2005 11:52,200504,MANCHESTER,SPAIN,PALMA DE MALLORCA,EXCEL AIRWAYS LTD,A,C, 0 , 0 , 0 , 0 , 0 , 0 , 0 , 0 , 0 , 0 , 3 , 33.3333333333333 , 73.3333333333333 
24-Aug-2005 11:52,200504,MANCHESTER,SPAIN,PALMA DE MALLORCA,EXCEL AIRWAYS LTD,D,C, 0 , 0 , 0 , 0 , 0 , 0 , 0 , 0 , 0 , 0 , 4 , 50 , 53.75 
24-Aug-2005 11:52,200504,MANCHESTER,SPAIN,PALMA DE MALLORCA,FIRST CHOICE AIRWAYS LTD,A,C, 23 , 0 , 78.2608695652174 , 21.7391304347826 , 0 , 0 , 0 , 0 , 6.56521739130435 , 0 , 18 , 72.2222222222222 , 12.5 
24-Aug-2005 11:52,200504,MANCHESTER,SPAIN,PALMA DE MALLORCA,FIRST CHOICE AIRWAYS LTD,D,C, 23 , 0 , 86.9565217391304 , 8.69565217391304 , 4.34782608695652 , 0 , 0 , 0 , 5.56521739130435 , 0 , 19 , 73.6842105263158 , 10.2631578947368 
24-Aug-2005 11:52,200504,MANCHESTER,SPAIN,PALMA DE MALLORCA,MONARCH AIRLINES,A,C, 0 , 0 , 0 , 0 , 0 , 0 , 0 , 0 , 0 , 0 , 3 , 0 , 66.6666666666667 
24-Aug-2005 11:52,200504,MANCHESTER,SPAIN,PALMA DE MALLORCA,MONARCH AIRLINES,A,S, 17 , 0 , 94.1176470588235 , 0 , 0 , 5.88235294117647 , 0 , 0 , 5.35294117647059 , 0 , 22 , 90.9090909090909 , 4.63636363636364 
24-Aug-2005 11:52,200504,MANCHESTER,SPAIN,PALMA DE MALLORCA,MONARCH AIRLINES,D,C, 0 , 0 , 0 , 0 , 0 , 0 , 0 , 0 , 0 , 0 , 4 , 0 , 58 
24-Aug-2005 11:52,200504,MANCHESTER,SPAIN,PALMA DE MALLORCA,MONARCH AIRLINES,D,S, 17 , 0 , 94.1176470588235 , 0 , 0 , 5.88235294117647 , 0 , 0 , 7.52941176470588 , 0 , 22 , 77.2727272727273 , 12.6363636363636 
24-Aug-2005 11:52,200504,MANCHESTER,SPAIN,PALMA DE MALLORCA,MY TRAVEL AIRWAYS UK,A,C, 17 , 0 , 88.2352941176471 , 0 , 5.88235294117647 , 5.88235294117647 , 0 , 0 , 8.23529411764706 , 0 , 20 , 70 , 13.85 
24-Aug-2005 11:52,200504,MANCHESTER,SPAIN,PALMA DE MALLORCA,MY TRAVEL AIRWAYS UK,D,C, 18 , 0 , 88.8888888888889 , 0 , 5.55555555555556 , 5.55555555555556 , 0 , 0 , 7.16666666666667 , 0 , 23 , 82.6086956521739 , 8.82608695652174 
24-Aug-2005 11:52,200504,MANCHESTER,SPAIN,PALMA DE MALLORCA,SPANAIR,A,C, 0 , 0 , 0 , 0 , 0 , 0 , 0 , 0 , 0 , 0 , 4 , 25 , 27.5 
24-Aug-2005 11:52,200504,MANCHESTER,SPAIN,PALMA DE MALLORCA,SPANAIR,D,C, 0 , 0 , 0 , 0 , 0 , 0 , 0 , 0 , 0 , 0 , 4 , 75 , 18.5 
24-Aug-2005 11:52,200504,MANCHESTER,SPAIN,PALMA DE MALLORCA,THOMAS COOK AIRLINES LTD,A,C, 8 , 0 , 50 , 50 , 0 , 0 , 0 , 0 , 14.125 , 0 , 12 , 83.3333333333333 , 8.5 
24-Aug-2005 11:52,200504,MANCHESTER,SPAIN,PALMA DE MALLORCA,THOMAS COOK AIRLINES LTD,D,C, 11 , 1 , 72.7272727272727 , 9.09090909090909 , 18.1818181818182 , 0 , 0 , 0 , 11.7272727272727 , 0 , 16 , 81.25 , 16.625 
24-Aug-2005 11:52,200504,MANCHESTER,SPAIN,REUS,BRITANNIA AIRWAYS AND THOMSONFLY,A,C, 0 , 0 , 0 , 0 , 0 , 0 , 0 , 0 , 0 , 0 , 3 , 100 , 0.666666666666667 
24-Aug-2005 11:52,200504,MANCHESTER,SPAIN,REUS,BRITANNIA AIRWAYS AND THOMSONFLY,D,C, 0 , 0 , 0 , 0 , 0 , 0 , 0 , 0 , 0 , 0 , 4 , 100 , 0.5 
24-Aug-2005 11:52,200504,MANCHESTER,SPAIN,REUS,FIRST CHOICE AIRWAYS LTD,A,C, 2 , 2 , 100 , 0 , 0 , 0 , 0 , 0 , 0 , 0 , 4 , 75 , 4.75 
24-Aug-2005 11:52,200504,MANCHESTER,SPAIN,REUS,FIRST CHOICE AIRWAYS LTD,D,C, 4 , 0 , 100 , 0 , 0 , 0 , 0 , 0 , 0 , 0 , 4 , 75 , 7.5 
24-Aug-2005 11:52,200504,MANCHESTER,SPAIN,REUS,MY TRAVEL AIRWAYS UK,A,C, 0 , 0 , 0 , 0 , 0 , 0 , 0 , 0 , 0 , 0 , 3 , 100 , 6.33333333333333 
24-Aug-2005 11:52,200504,MANCHESTER,SPAIN,REUS,MY TRAVEL AIRWAYS UK,D,C, 0 , 0 , 0 , 0 , 0 , 0 , 0 , 0 , 0 , 0 , 4 , 100 , 0.25 
24-Aug-2005 11:52,200504,MANCHESTER,SPAIN,REUS,THOMAS COOK AIRLINES LTD,A,C, 0 , 0 , 0 , 0 , 0 , 0 , 0 , 0 , 0 , 0 , 3 , 100 , 2.33333333333333 
24-Aug-2005 11:52,200504,MANCHESTER,SPAIN,REUS,THOMAS COOK AIRLINES LTD,D,C, 0 , 0 , 0 , 0 , 0 , 0 , 0 , 0 , 0 , 0 , 4 , 75 , 4 
24-Aug-2005 11:52,200504,MANCHESTER,SPAIN,VALENCIA,CHANNEL EXPRESS (INCORP: JET 2),A,S, 30 , 0 , 16.6666666666667 , 16.6666666666667 , 60 , 6.66666666666667 , 0 , 0 , 34.9666666666667 , 0 , 0 , 0 , 0 
24-Aug-2005 11:52,200504,MANCHESTER,SPAIN,VALENCIA,CHANNEL EXPRESS (INCORP: JET 2),D,S, 30 , 0 , 90 , 3.33333333333333 , 6.66666666666667 , 0 , 0 , 0 , 4.13333333333333 , 0 , 0 , 0 , 0 
24-Aug-2005 11:52,200504,MANCHESTER,SPAIN(CANARY ISLANDS),ARRECIFE,AIR MALTA,A,C, 5 , 0 , 80 , 20 , 0 , 0 , 0 , 0 , 8 , 0 , 5 , 60 , 15.2 
24-Aug-2005 11:52,200504,MANCHESTER,SPAIN(CANARY ISLANDS),ARRECIFE,AIR MALTA,D,C, 5 , 0 , 80 , 20 , 0 , 0 , 0 , 0 , 8.4 , 0 , 5 , 60 , 15.8 
24-Aug-2005 11:52,200504,MANCHESTER,SPAIN(CANARY ISLANDS),ARRECIFE,BRITANNIA AIRWAYS AND THOMSONFLY,A,C, 13 , 0 , 92.3076923076923 , 0 , 7.69230769230769 , 0 , 0 , 0 , 5.07692307692308 , 0 , 13 , 61.5384615384615 , 15.6153846153846 
24-Aug-2005 11:52,200504,MANCHESTER,SPAIN(CANARY ISLANDS),ARRECIFE,BRITANNIA AIRWAYS AND THOMSONFLY,D,C, 12 , 0 , 75 , 0 , 16.6666666666667 , 8.33333333333333 , 0 , 0 , 12.1666666666667 , 0 , 13 , 76.9230769230769 , 12.2307692307692 
24-Aug-2005 11:52,200504,MANCHESTER,SPAIN(CANARY ISLANDS),ARRECIFE,EXCEL AIRWAYS LTD,A,C, 12 , 0 , 91.6666666666667 , 0 , 0 , 8.33333333333333 , 0 , 0 , 15.5 , 0 , 9 , 44.4444444444444 , 21.7777777777778 
24-Aug-2005 11:52,200504,MANCHESTER,SPAIN(CANARY ISLANDS),ARRECIFE,EXCEL AIRWAYS LTD,D,C, 9 , 0 , 88.8888888888889 , 0 , 0 , 11.1111111111111 , 0 , 0 , 19 , 0 , 7 , 71.4285714285714 , 11.5714285714286 
24-Aug-2005 11:52,200504,MANCHESTER,SPAIN(CANARY ISLANDS),ARRECIFE,FIRST CHOICE AIRWAYS LTD,A,C, 17 , 1 , 82.3529411764706 , 5.88235294117647 , 5.88235294117647 , 5.88235294117647 , 0 , 0 , 8 , 0 , 26 , 80.7692307692308 , 7.15384615384615 
24-Aug-2005 11:52,200504,MANCHESTER,SPAIN(CANARY ISLANDS),ARRECIFE,FIRST CHOICE AIRWAYS LTD,D,C, 17 , 0 , 88.2352941176471 , 11.7647058823529 , 0 , 0 , 0 , 0 , 3.82352941176471 , 0 , 27 , 96.2962962962963 , 3.40740740740741 
24-Aug-2005 11:52,200504,MANCHESTER,SPAIN(CANARY ISLANDS),ARRECIFE,FLYJET LTD,A,C, 0 , 0 , 0 , 0 , 0 , 0 , 0 , 0 , 0 , 0 , 2 , 0 , 22 
24-Aug-2005 11:52,200504,MANCHESTER,SPAIN(CANARY ISLANDS),ARRECIFE,FLYJET LTD,D,C, 0 , 0 , 0 , 0 , 0 , 0 , 0 , 0 , 0 , 0 , 2 , 0 , 17 
24-Aug-2005 11:52,200504,MANCHESTER,SPAIN(CANARY ISLANDS),ARRECIFE,ICELANDAIR,A,C, 0 , 0 , 0 , 0 , 0 , 0 , 0 , 0 , 0 , 0 , 4 , 25 , 21 
24-Aug-2005 11:52,200504,MANCHESTER,SPAIN(CANARY ISLANDS),ARRECIFE,ICELANDAIR,D,C, 0 , 0 , 0 , 0 , 0 , 0 , 0 , 0 , 0 , 0 , 3 , 100 , 9.66666666666667 
24-Aug-2005 11:52,200504,MANCHESTER,SPAIN(CANARY ISLANDS),ARRECIFE,MONARCH AIRLINES,A,C, 8 , 0 , 75 , 12.5 , 12.5 , 0 , 0 , 0 , 11.125 , 0 , 5 , 20 , 35.2 
24-Aug-2005 11:52,200504,MANCHESTER,SPAIN(CANARY ISLANDS),ARRECIFE,MONARCH AIRLINES,D,C, 8 , 0 , 75 , 12.5 , 12.5 , 0 , 0 , 0 , 8.75 , 0 , 5 , 60 , 19 
24-Aug-2005 11:52,200504,MANCHESTER,SPAIN(CANARY ISLANDS),ARRECIFE,MY TRAVEL AIRWAYS UK,A,C, 8 , 0 , 75 , 12.5 , 12.5 , 0 , 0 , 0 , 8.625 , 0 , 9 , 66.6666666666667 , 28.3333333333333 
24-Aug-2005 11:52,200504,MANCHESTER,SPAIN(CANARY ISLANDS),ARRECIFE,MY TRAVEL AIRWAYS UK,D,C, 8 , 0 , 75 , 12.5 , 12.5 , 0 , 0 , 0 , 8.75 , 0 , 9 , 88.8888888888889 , 23.8888888888889 
24-Aug-2005 11:52,200504,MANCHESTER,SPAIN(CANARY ISLANDS),ARRECIFE,THOMAS COOK AIRLINES LTD,A,C, 19 , 0 , 68.421052631579 , 10.5263157894737 , 5.26315789473684 , 15.7894736842105 , 0 , 0 , 20.0526315789474 , 0 , 16 , 68.75 , 48.4375 
24-Aug-2005 11:52,200504,MANCHESTER,SPAIN(CANARY ISLANDS),ARRECIFE,THOMAS COOK AIRLINES LTD,D,C, 17 , 0 , 64.7058823529412 , 5.88235294117647 , 17.6470588235294 , 11.7647058823529 , 0 , 0 , 25.5294117647059 , 0 , 16 , 75 , 46.75 
24-Aug-2005 11:52,200504,MANCHESTER,SPAIN(CANARY ISLANDS),FUERTEVENTURA,AIR MALTA,A,C, 0 , 0 , 0 , 0 , 0 , 0 , 0 , 0 , 0 , 0 , 4 , 100 , 2.25 
24-Aug-2005 11:52,200504,MANCHESTER,SPAIN(CANARY ISLANDS),FUERTEVENTURA,AIR MALTA,D,C, 0 , 0 , 0 , 0 , 0 , 0 , 0 , 0 , 0 , 0 , 4 , 100 , 0.25 
24-Aug-2005 11:52,200504,MANCHESTER,SPAIN(CANARY ISLANDS),FUERTEVENTURA,BRITANNIA AIRWAYS AND THOMSONFLY,A,C, 9 , 0 , 66.6666666666667 , 11.1111111111111 , 11.1111111111111 , 11.1111111111111 , 0 , 0 , 21.4444444444444 , 0 , 9 , 77.7777777777778 , 15.1111111111111 
24-Aug-2005 11:52,200504,MANCHESTER,SPAIN(CANARY ISLANDS),FUERTEVENTURA,BRITANNIA AIRWAYS AND THOMSONFLY,D,C, 9 , 0 , 66.6666666666667 , 0 , 22.2222222222222 , 11.1111111111111 , 0 , 0 , 26.5555555555556 , 0 , 9 , 100 , 1.22222222222222 
24-Aug-2005 11:52,200504,MANCHESTER,SPAIN(CANARY ISLANDS),FUERTEVENTURA,EXCEL AIRWAYS LTD,A,C, 4 , 0 , 75 , 0 , 25 , 0 , 0 , 0 , 10.75 , 0 , 0 , 0 , 0 
24-Aug-2005 11:52,200504,MANCHESTER,SPAIN(CANARY ISLANDS),FUERTEVENTURA,EXCEL AIRWAYS LTD,D,C, 4 , 0 , 100 , 0 , 0 , 0 , 0 , 0 , 0.75 , 0 , 0 , 0 , 0 
24-Aug-2005 11:52,200504,MANCHESTER,SPAIN(CANARY ISLANDS),FUERTEVENTURA,FIRST CHOICE AIRWAYS LTD,A,C, 9 , 0 , 100 , 0 , 0 , 0 , 0 , 0 , 0.888888888888889 , 0 , 8 , 100 , 0 
24-Aug-2005 11:52,200504,MANCHESTER,SPAIN(CANARY ISLANDS),FUERTEVENTURA,FIRST CHOICE AIRWAYS LTD,D,C, 8 , 0 , 100 , 0 , 0 , 0 , 0 , 0 , 1.625 , 0 , 8 , 100 , 0.125 
24-Aug-2005 11:52,200504,MANCHESTER,SPAIN(CANARY ISLANDS),FUERTEVENTURA,MY TRAVEL AIRWAYS UK,A,C, 9 , 0 , 77.7777777777778 , 0 , 22.2222222222222 , 0 , 0 , 0 , 9 , 0 , 9 , 55.5555555555556 , 13.8888888888889 
24-Aug-2005 11:52,200504,MANCHESTER,SPAIN(CANARY ISLANDS),FUERTEVENTURA,MY TRAVEL AIRWAYS UK,D,C, 9 , 0 , 77.7777777777778 , 22.2222222222222 , 0 , 0 , 0 , 0 , 3.88888888888889 , 0 , 8 , 75 , 9.875 
24-Aug-2005 11:52,200504,MANCHESTER,SPAIN(CANARY ISLANDS),FUERTEVENTURA,THOMAS COOK AIRLINES LTD,A,C, 10 , 0 , 70 , 10 , 20 , 0 , 0 , 0 , 12.3 , 0 , 10 , 90 , 4.6 
24-Aug-2005 11:52,200504,MANCHESTER,SPAIN(CANARY ISLANDS),FUERTEVENTURA,THOMAS COOK AIRLINES LTD,D,C, 10 , 0 , 80 , 10 , 10 , 0 , 0 , 0 , 9.4 , 0 , 10 , 100 , 1.3 
24-Aug-2005 11:52,200504,MANCHESTER,SPAIN(CANARY ISLANDS),LAS PALMAS,AIR MALTA,A,C, 4 , 0 , 75 , 25 , 0 , 0 , 0 , 0 , 10.5 , 0 , 4 , 25 , 28 
24-Aug-2005 11:52,200504,MANCHESTER,SPAIN(CANARY ISLANDS),LAS PALMAS,AIR MALTA,D,C, 4 , 0 , 100 , 0 , 0 , 0 , 0 , 0 , 3.25 , 0 , 4 , 100 , 5.5 
24-Aug-2005 11:52,200504,MANCHESTER,SPAIN(CANARY ISLANDS),LAS PALMAS,BRITANNIA AIRWAYS AND THOMSONFLY,A,C, 13 , 0 , 84.6153846153846 , 0 , 0 , 15.3846153846154 , 0 , 0 , 17.8461538461538 , 0 , 13 , 100 , 1.07692307692308 
24-Aug-2005 11:52,200504,MANCHESTER,SPAIN(CANARY ISLANDS),LAS PALMAS,BRITANNIA AIRWAYS AND THOMSONFLY,D,C, 13 , 0 , 84.6153846153846 , 0 , 7.69230769230769 , 7.69230769230769 , 0 , 0 , 12.3076923076923 , 0 , 13 , 100 , 0.923076923076923 
24-Aug-2005 11:52,200504,MANCHESTER,SPAIN(CANARY ISLANDS),LAS PALMAS,EXCEL AIRWAYS LTD,A,C, 4 , 0 , 50 , 0 , 0 , 50 , 0 , 0 , 53.5 , 0 , 5 , 40 , 17.8 
24-Aug-2005 11:52,200504,MANCHESTER,SPAIN(CANARY ISLANDS),LAS PALMAS,EXCEL AIRWAYS LTD,D,C, 5 , 0 , 60 , 0 , 20 , 20 , 0 , 0 , 34 , 0 , 5 , 100 , 0 
24-Aug-2005 11:52,200504,MANCHESTER,SPAIN(CANARY ISLANDS),LAS PALMAS,FIRST CHOICE AIRWAYS LTD,A,C, 7 , 1 , 57.1428571428571 , 28.5714285714286 , 0 , 14.2857142857143 , 0 , 0 , 23.1428571428571 , 0 , 8 , 100 , 0 
24-Aug-2005 11:52,200504,MANCHESTER,SPAIN(CANARY ISLANDS),LAS PALMAS,FIRST CHOICE AIRWAYS LTD,D,C, 9 , 0 , 88.8888888888889 , 0 , 0 , 11.1111111111111 , 0 , 0 , 13.4444444444444 , 0 , 8 , 100 , 0.125 
24-Aug-2005 11:52,200504,MANCHESTER,SPAIN(CANARY ISLANDS),LAS PALMAS,ICELANDAIR,A,C, 0 , 0 , 0 , 0 , 0 , 0 , 0 , 0 , 0 , 0 , 3 , 100 , 6.66666666666667 
24-Aug-2005 11:52,200504,MANCHESTER,SPAIN(CANARY ISLANDS),LAS PALMAS,ICELANDAIR,D,C, 0 , 0 , 0 , 0 , 0 , 0 , 0 , 0 , 0 , 0 , 3 , 100 , 4.33333333333333 
24-Aug-2005 11:52,200504,MANCHESTER,SPAIN(CANARY ISLANDS),LAS PALMAS,MONARCH AIRLINES,A,C, 4 , 0 , 100 , 0 , 0 , 0 , 0 , 0 , 3.5 , 0 , 4 , 50 , 8.25 
24-Aug-2005 11:52,200504,MANCHESTER,SPAIN(CANARY ISLANDS),LAS PALMAS,MONARCH AIRLINES,D,C, 4 , 0 , 100 , 0 , 0 , 0 , 0 , 0 , 0 , 0 , 4 , 75 , 10 
24-Aug-2005 11:52,200504,MANCHESTER,SPAIN(CANARY ISLANDS),LAS PALMAS,MY TRAVEL AIRWAYS UK,A,C, 9 , 0 , 55.5555555555556 , 22.2222222222222 , 22.2222222222222 , 0 , 0 , 0 , 15.1111111111111 , 0 , 8 , 87.5 , 14.25 
24-Aug-2005 11:52,200504,MANCHESTER,SPAIN(CANARY ISLANDS),LAS PALMAS,MY TRAVEL AIRWAYS UK,D,C, 9 , 0 , 55.5555555555556 , 11.1111111111111 , 33.3333333333333 , 0 , 0 , 0 , 20.2222222222222 , 0 , 8 , 87.5 , 6 
24-Aug-2005 11:52,200504,MANCHESTER,SPAIN(CANARY ISLANDS),LAS PALMAS,THOMAS COOK AIRLINES LTD,A,C, 12 , 0 , 58.3333333333333 , 25 , 8.33333333333333 , 8.33333333333333 , 0 , 0 , 25.3333333333333 , 0 , 12 , 83.3333333333333 , 6 
24-Aug-2005 11:52,200504,MANCHESTER,SPAIN(CANARY ISLANDS),LAS PALMAS,THOMAS COOK AIRLINES LTD,D,C, 12 , 0 , 83.3333333333333 , 8.33333333333333 , 0 , 8.33333333333333 , 0 , 0 , 17.8333333333333 , 0 , 11 , 90.9090909090909 , 4.09090909090909 
24-Aug-2005 11:52,200504,MANCHESTER,SPAIN(CANARY ISLANDS),SANTA CRUZ DE LA PALMA,THOMAS COOK AIRLINES LTD,A,C, 0 , 0 , 0 , 0 , 0 , 0 , 0 , 0 , 0 , 0 , 5 , 80 , 7.6 
24-Aug-2005 11:52,200504,MANCHESTER,SPAIN(CANARY ISLANDS),SANTA CRUZ DE LA PALMA,THOMAS COOK AIRLINES LTD,D,C, 0 , 0 , 0 , 0 , 0 , 0 , 0 , 0 , 0 , 0 , 4 , 75 , 21.75 
24-Aug-2005 11:52,200504,MANCHESTER,SPAIN(CANARY ISLANDS),TENERIFE (NORTE LOS RODEOS),BRITANNIA AIRWAYS AND THOMSONFLY,A,C, 5 , 0 , 60 , 20 , 20 , 0 , 0 , 0 , 15.2 , 0 , 5 , 60 , 11.4 
24-Aug-2005 11:52,200504,MANCHESTER,SPAIN(CANARY ISLANDS),TENERIFE (NORTE LOS RODEOS),BRITANNIA AIRWAYS AND THOMSONFLY,D,C, 5 , 0 , 100 , 0 , 0 , 0 , 0 , 0 , 3.2 , 0 , 4 , 100 , 3.25 
24-Aug-2005 11:52,200504,MANCHESTER,SPAIN(CANARY ISLANDS),TENERIFE (SURREINA SOFIA),AIR CORDIAL LTD,A,C, 0 , 0 , 0 , 0 , 0 , 0 , 0 , 0 , 0 , 0 , 5 , 0 , 131.4 
24-Aug-2005 11:52,200504,MANCHESTER,SPAIN(CANARY ISLANDS),TENERIFE (SURREINA SOFIA),AIR CORDIAL LTD,D,C, 0 , 0 , 0 , 0 , 0 , 0 , 0 , 0 , 0 , 0 , 5 , 80 , 38.8 
24-Aug-2005 11:52,200504,MANCHESTER,SPAIN(CANARY ISLANDS),TENERIFE (SURREINA SOFIA),AIR MALTA,A,C, 24 , 0 , 87.5 , 0 , 12.5 , 0 , 0 , 0 , 8.20833333333333 , 0 , 12 , 41.6666666666667 , 37.5 
24-Aug-2005 11:52,200504,MANCHESTER,SPAIN(CANARY ISLANDS),TENERIFE (SURREINA SOFIA),AIR MALTA,D,C, 24 , 0 , 91.6666666666667 , 4.16666666666667 , 4.16666666666667 , 0 , 0 , 0 , 3.75 , 0 , 8 , 50 , 29 
24-Aug-2005 11:52,200504,MANCHESTER,SPAIN(CANARY ISLANDS),TENERIFE (SURREINA SOFIA),BRITANNIA AIRWAYS AND THOMSONFLY,A,C, 17 , 1 , 76.4705882352941 , 11.7647058823529 , 0 , 11.7647058823529 , 0 , 0 , 14.4705882352941 , 0 , 21 , 100 , 0.714285714285714 
24-Aug-2005 11:52,200504,MANCHESTER,SPAIN(CANARY ISLANDS),TENERIFE (SURREINA SOFIA),BRITANNIA AIRWAYS AND THOMSONFLY,D,C, 16 , 0 , 81.25 , 12.5 , 0 , 6.25 , 0 , 0 , 11.25 , 0 , 22 , 90.9090909090909 , 4.40909090909091 
24-Aug-2005 11:52,200504,MANCHESTER,SPAIN(CANARY ISLANDS),TENERIFE (SURREINA SOFIA),EXCEL AIRWAYS LTD,A,C, 15 , 0 , 40 , 40 , 20 , 0 , 0 , 0 , 17.3333333333333 , 0 , 13 , 38.4615384615385 , 74.4615384615385 
24-Aug-2005 11:52,200504,MANCHESTER,SPAIN(CANARY ISLANDS),TENERIFE (SURREINA SOFIA),EXCEL AIRWAYS LTD,D,C, 15 , 0 , 93.3333333333333 , 6.66666666666667 , 0 , 0 , 0 , 0 , 6.26666666666667 , 0 , 12 , 83.3333333333333 , 4.75 
24-Aug-2005 11:52,200504,MANCHESTER,SPAIN(CANARY ISLANDS),TENERIFE (SURREINA SOFIA),FIRST CHOICE AIRWAYS LTD,A,C, 23 , 0 , 82.6086956521739 , 8.69565217391304 , 8.69565217391304 , 0 , 0 , 0 , 6.91304347826087 , 0 , 29 , 82.7586206896552 , 5.48275862068965 
24-Aug-2005 11:52,200504,MANCHESTER,SPAIN(CANARY ISLANDS),TENERIFE (SURREINA SOFIA),FIRST CHOICE AIRWAYS LTD,D,C, 22 , 0 , 100 , 0 , 0 , 0 , 0 , 0 , 0.5 , 0 , 32 , 84.375 , 9.34375 
24-Aug-2005 11:52,200504,MANCHESTER,SPAIN(CANARY ISLANDS),TENERIFE (SURREINA SOFIA),FLYJET LTD,A,C, 9 , 0 , 11.1111111111111 , 55.5555555555556 , 11.1111111111111 , 22.2222222222222 , 0 , 0 , 41.7777777777778 , 0 , 2 , 0 , 91.5 
24-Aug-2005 11:52,200504,MANCHESTER,SPAIN(CANARY ISLANDS),TENERIFE (SURREINA SOFIA),FLYJET LTD,D,C, 8 , 0 , 62.5 , 25 , 0 , 12.5 , 0 , 0 , 15 , 0 , 3 , 66.6666666666667 , 22.3333333333333 
24-Aug-2005 11:52,200504,MANCHESTER,SPAIN(CANARY ISLANDS),TENERIFE (SURREINA SOFIA),FUTURA AIRLINES,A,C, 0 , 0 , 0 , 0 , 0 , 0 , 0 , 0 , 0 , 0 , 4 , 75 , 24.25 
24-Aug-2005 11:52,200504,MANCHESTER,SPAIN(CANARY ISLANDS),TENERIFE (SURREINA SOFIA),FUTURA AIRLINES,D,C, 0 , 0 , 0 , 0 , 0 , 0 , 0 , 0 , 0 , 0 , 3 , 66.6666666666667 , 37.6666666666667 
24-Aug-2005 11:52,200504,MANCHESTER,SPAIN(CANARY ISLANDS),TENERIFE (SURREINA SOFIA),ICELANDAIR,A,C, 0 , 0 , 0 , 0 , 0 , 0 , 0 , 0 , 0 , 0 , 7 , 71.4285714285714 , 14.5714285714286 
24-Aug-2005 11:52,200504,MANCHESTER,SPAIN(CANARY ISLANDS),TENERIFE (SURREINA SOFIA),ICELANDAIR,D,C, 0 , 0 , 0 , 0 , 0 , 0 , 0 , 0 , 0 , 0 , 7 , 71.4285714285714 , 20 
24-Aug-2005 11:52,200504,MANCHESTER,SPAIN(CANARY ISLANDS),TENERIFE (SURREINA SOFIA),MONARCH AIRLINES,A,C, 16 , 0 , 93.75 , 0 , 6.25 , 0 , 0 , 0 , 2.75 , 0 , 13 , 84.6153846153846 , 4.92307692307692 
24-Aug-2005 11:52,200504,MANCHESTER,SPAIN(CANARY ISLANDS),TENERIFE (SURREINA SOFIA),MONARCH AIRLINES,A,S, 30 , 0 , 76.6666666666667 , 20 , 3.33333333333333 , 0 , 0 , 0 , 8.03333333333333 , 0 , 30 , 76.6666666666667 , 8.33333333333333 
24-Aug-2005 11:52,200504,MANCHESTER,SPAIN(CANARY ISLANDS),TENERIFE (SURREINA SOFIA),MONARCH AIRLINES,D,C, 15 , 0 , 100 , 0 , 0 , 0 , 0 , 0 , 2 , 0 , 14 , 85.7142857142857 , 6.57142857142857 
24-Aug-2005 11:52,200504,MANCHESTER,SPAIN(CANARY ISLANDS),TENERIFE (SURREINA SOFIA),MONARCH AIRLINES,D,S, 30 , 0 , 96.6666666666667 , 3.33333333333333 , 0 , 0 , 0 , 0 , 2.96666666666667 , 1 , 30 , 90 , 5.76666666666667 
24-Aug-2005 11:52,200504,MANCHESTER,SPAIN(CANARY ISLANDS),TENERIFE (SURREINA SOFIA),MY TRAVEL AIRWAYS UK,A,C, 22 , 0 , 81.8181818181818 , 9.09090909090909 , 4.54545454545455 , 4.54545454545455 , 0 , 0 , 9.13636363636364 , 0 , 22 , 72.7272727272727 , 28.8636363636364 
24-Aug-2005 11:52,200504,MANCHESTER,SPAIN(CANARY ISLANDS),TENERIFE (SURREINA SOFIA),MY TRAVEL AIRWAYS UK,D,C, 22 , 0 , 95.4545454545455 , 0 , 0 , 4.54545454545455 , 0 , 0 , 4.40909090909091 , 0 , 24 , 79.1666666666667 , 22.0416666666667 
24-Aug-2005 11:52,200504,MANCHESTER,SPAIN(CANARY ISLANDS),TENERIFE (SURREINA SOFIA),THOMAS COOK AIRLINES LTD,A,C, 30 , 0 , 80 , 10 , 6.66666666666667 , 0 , 3.33333333333333 , 0 , 15.1333333333333 , 0 , 27 , 92.5925925925926 , 4.18518518518519 
24-Aug-2005 11:52,200504,MANCHESTER,SPAIN(CANARY ISLANDS),TENERIFE (SURREINA SOFIA),THOMAS COOK AIRLINES LTD,D,C, 30 , 0 , 90 , 0 , 6.66666666666667 , 0 , 3.33333333333333 , 0 , 11.1333333333333 , 0 , 26 , 96.1538461538462 , 1.65384615384615 
24-Aug-2005 11:52,200504,MANCHESTER,SPAIN(CANARY ISLANDS),TENERIFE (SURREINA SOFIA),VOLAR AIRLINES,A,C, 7 , 0 , 57.1428571428571 , 14.2857142857143 , 28.5714285714286 , 0 , 0 , 0 , 18.1428571428571 , 0 , 3 , 33.3333333333333 , 20.6666666666667 
24-Aug-2005 11:52,200504,MANCHESTER,SPAIN(CANARY ISLANDS),TENERIFE (SURREINA SOFIA),VOLAR AIRLINES,D,C, 6 , 0 , 33.3333333333333 , 16.6666666666667 , 50 , 0 , 0 , 0 , 25.3333333333333 , 0 , 2 , 0 , 54.5 
24-Aug-2005 11:52,200504,MANCHESTER,ST LUCIA,ST LUCIA (HEWANORRA),BMI BRITISH MIDLAND,A,S, 7 , 1 , 100 , 0 , 0 , 0 , 0 , 0 , 0 , 1 , 0 , 0 , 0 
24-Aug-2005 11:52,200504,MANCHESTER,ST LUCIA,ST LUCIA (HEWANORRA),BMI BRITISH MIDLAND,D,S, 9 , 0 , 77.7777777777778 , 0 , 22.2222222222222 , 0 , 0 , 0 , 9.22222222222222 , 0 , 0 , 0 , 0 
24-Aug-2005 11:52,200504,MANCHESTER,SWEDEN,GOTEBORG,CITY AIRLINE,A,S, 46 , 0 , 60.8695652173913 , 30.4347826086956 , 6.52173913043478 , 0 , 2.17391304347826 , 0 , 18.695652173913 , 0 , 45 , 91.1111111111111 , 10.4666666666667 
24-Aug-2005 11:52,200504,MANCHESTER,SWEDEN,GOTEBORG,CITY AIRLINE,D,S, 46 , 0 , 91.304347826087 , 4.34782608695652 , 2.17391304347826 , 0 , 2.17391304347826 , 0 , 6.45652173913043 , 0 , 45 , 95.5555555555556 , 5.2 
24-Aug-2005 11:52,200504,MANCHESTER,SWEDEN,STOCKHOLM (ARLANDA),SAS,A,S, 45 , 0 , 82.2222222222222 , 6.66666666666667 , 6.66666666666667 , 4.44444444444444 , 0 , 0 , 10.3333333333333 , 0 , 22 , 100 , 2.09090909090909 
24-Aug-2005 11:52,200504,MANCHESTER,SWEDEN,STOCKHOLM (ARLANDA),SAS,D,S, 45 , 0 , 91.1111111111111 , 4.44444444444444 , 4.44444444444444 , 0 , 0 , 0 , 4.4 , 0 , 22 , 95.4545454545455 , 2.27272727272727 
24-Aug-2005 11:52,200504,MANCHESTER,SWEDEN,STOCKHOLM (ARLANDA),SKYWAYS EXPRESS,A,S, 0 , 0 , 0 , 0 , 0 , 0 , 0 , 0 , 0 , 0 , 7 , 100 , 0.285714285714286 
24-Aug-2005 11:52,200504,MANCHESTER,SWEDEN,STOCKHOLM (ARLANDA),SKYWAYS EXPRESS,D,S, 0 , 0 , 0 , 0 , 0 , 0 , 0 , 0 , 0 , 0 , 6 , 100 , 0 
24-Aug-2005 11:52,200504,MANCHESTER,SWITZERLAND,BASLE MULHOUSE,SWISS AIRLINES,A,S, 51 , 0 , 90.1960784313725 , 9.80392156862745 , 0 , 0 , 0 , 0 , 5.33333333333333 , 0 , 51 , 90.1960784313725 , 6.49019607843137 
24-Aug-2005 11:52,200504,MANCHESTER,SWITZERLAND,BASLE MULHOUSE,SWISS AIRLINES,D,S, 50 , 0 , 88 , 10 , 2 , 0 , 0 , 0 , 4.9 , 1 , 51 , 94.1176470588235 , 4.47058823529412 
24-Aug-2005 11:52,200504,MANCHESTER,SWITZERLAND,GENEVA,BRITANNIA AIRWAYS AND THOMSONFLY,A,C, 6 , 0 , 100 , 0 , 0 , 0 , 0 , 0 , 0 , 0 , 7 , 85.7142857142857 , 5.85714285714286 
24-Aug-2005 11:52,200504,MANCHESTER,SWITZERLAND,GENEVA,BRITANNIA AIRWAYS AND THOMSONFLY,D,C, 3 , 0 , 100 , 0 , 0 , 0 , 0 , 0 , 0 , 0 , 6 , 83.3333333333333 , 5.16666666666667 
24-Aug-2005 11:52,200504,MANCHESTER,SWITZERLAND,GENEVA,BRITISH AIRWAYS CITIEXPRESS LTD,A,C, 0 , 0 , 0 , 0 , 0 , 0 , 0 , 0 , 0 , 0 , 3 , 33.3333333333333 , 31.3333333333333 
24-Aug-2005 11:52,200504,MANCHESTER,SWITZERLAND,GENEVA,BRITISH AIRWAYS CITIEXPRESS LTD,A,S, 55 , 0 , 78.1818181818182 , 12.7272727272727 , 3.63636363636364 , 3.63636363636364 , 1.81818181818182 , 0 , 13.1818181818182 , 0 , 56 , 87.5 , 6.78571428571429 
24-Aug-2005 11:52,200504,MANCHESTER,SWITZERLAND,GENEVA,BRITISH AIRWAYS CITIEXPRESS LTD,D,C, 0 , 0 , 0 , 0 , 0 , 0 , 0 , 0 , 0 , 0 , 2 , 0 , 38 
24-Aug-2005 11:52,200504,MANCHESTER,SWITZERLAND,GENEVA,BRITISH AIRWAYS CITIEXPRESS LTD,D,S, 54 , 0 , 85.1851851851852 , 3.7037037037037 , 5.55555555555556 , 5.55555555555556 , 0 , 0 , 8.57407407407407 , 0 , 56 , 91.0714285714286 , 4.625 
24-Aug-2005 11:52,200504,MANCHESTER,SWITZERLAND,GENEVA,CHANNEL EXPRESS (INCORP: JET 2),A,S, 3 , 0 , 66.6666666666667 , 0 , 33.3333333333333 , 0 , 0 , 0 , 14.3333333333333 , 0 , 0 , 0 , 0 
24-Aug-2005 11:52,200504,MANCHESTER,SWITZERLAND,GENEVA,CHANNEL EXPRESS (INCORP: JET 2),D,S, 3 , 0 , 100 , 0 , 0 , 0 , 0 , 0 , 2 , 0 , 0 , 0 , 0 
24-Aug-2005 11:52,200504,MANCHESTER,SWITZERLAND,GENEVA,EXCEL AIRWAYS LTD,A,C, 3 , 0 , 33.3333333333333 , 0 , 33.3333333333333 , 33.3333333333333 , 0 , 0 , 45.3333333333333 , 0 , 3 , 33.3333333333333 , 20.6666666666667 
24-Aug-2005 11:52,200504,MANCHESTER,SWITZERLAND,GENEVA,EXCEL AIRWAYS LTD,D,C, 2 , 0 , 50 , 50 , 0 , 0 , 0 , 0 , 13 , 0 , 3 , 100 , 0 
24-Aug-2005 11:52,200504,MANCHESTER,SWITZERLAND,GENEVA,FIRST CHOICE AIRWAYS LTD,A,C, 2 , 0 , 50 , 50 , 0 , 0 , 0 , 0 , 18 , 0 , 3 , 33.3333333333333 , 23 
24-Aug-2005 11:52,200504,MANCHESTER,SWITZERLAND,GENEVA,FIRST CHOICE AIRWAYS LTD,D,C, 2 , 0 , 100 , 0 , 0 , 0 , 0 , 0 , 2.5 , 0 , 2 , 100 , 0 
24-Aug-2005 11:52,200504,MANCHESTER,SWITZERLAND,GENEVA,MY TRAVEL AIRWAYS UK,A,C, 2 , 0 , 0 , 0 , 50 , 50 , 0 , 0 , 91.5 , 0 , 3 , 66.6666666666667 , 18.3333333333333 
24-Aug-2005 11:52,200504,MANCHESTER,SWITZERLAND,GENEVA,MY TRAVEL AIRWAYS UK,D,C, 1 , 0 , 0 , 0 , 0 , 100 , 0 , 0 , 78 , 0 , 2 , 100 , 3.5 
24-Aug-2005 11:52,200504,MANCHESTER,SWITZERLAND,ZURICH,BRITISH AIRWAYS CITIEXPRESS LTD,A,S, 50 , 0 , 68 , 16 , 8 , 8 , 0 , 0 , 18.9 , 0 , 50 , 68 , 15.38 
24-Aug-2005 11:52,200504,MANCHESTER,SWITZERLAND,ZURICH,BRITISH AIRWAYS CITIEXPRESS LTD,D,S, 50 , 1 , 88 , 6 , 2 , 4 , 0 , 0 , 8.2 , 0 , 50 , 78 , 10.4 
24-Aug-2005 11:52,200504,MANCHESTER,SWITZERLAND,ZURICH,SWISS AIRLINES,A,S, 90 , 0 , 74.4444444444444 , 18.8888888888889 , 6.66666666666667 , 0 , 0 , 0 , 10.3 , 0 , 60 , 75 , 13.7 
24-Aug-2005 11:52,200504,MANCHESTER,SWITZERLAND,ZURICH,SWISS AIRLINES,D,S, 90 , 0 , 64.4444444444444 , 25.5555555555556 , 8.88888888888889 , 1.11111111111111 , 0 , 0 , 14.1555555555556 , 0 , 60 , 91.6666666666667 , 4.95 
24-Aug-2005 11:52,200504,MANCHESTER,SYRIA,DAMASCUS,SYRIANAIR,A,C, 0 , 0 , 0 , 0 , 0 , 0 , 0 , 0 , 0 , 0 , 1 , 0 , 19 
24-Aug-2005 11:52,200504,MANCHESTER,SYRIA,DAMASCUS,SYRIANAIR,A,S, 9 , 0 , 22.2222222222222 , 44.4444444444444 , 11.1111111111111 , 11.1111111111111 , 11.1111111111111 , 0 , 68.5555555555556 , 0 , 0 , 0 , 0 
24-Aug-2005 11:52,200504,MANCHESTER,SYRIA,DAMASCUS,SYRIANAIR,D,C, 0 , 0 , 0 , 0 , 0 , 0 , 0 , 0 , 0 , 0 , 1 , 0 , 23 
24-Aug-2005 11:52,200504,MANCHESTER,SYRIA,DAMASCUS,SYRIANAIR,D,S, 8 , 0 , 75 , 12.5 , 0 , 0 , 12.5 , 0 , 48.75 , 0 , 0 , 0 , 0 
24-Aug-2005 11:52,200504,MANCHESTER,TRINIDAD AND TOBAGO,PORT OF SPAIN,BWIA,A,S, 8 , 0 , 75 , 0 , 25 , 0 , 0 , 0 , 9.875 , 0 , 5 , 40 , 68.4 
24-Aug-2005 11:52,200504,MANCHESTER,TRINIDAD AND TOBAGO,PORT OF SPAIN,BWIA,D,S, 8 , 0 , 75 , 12.5 , 12.5 , 0 , 0 , 0 , 9.875 , 0 , 5 , 20 , 51.2 
24-Aug-2005 11:52,200504,MANCHESTER,TUNISIA,MONASTIR,BRITANNIA AIRWAYS AND THOMSONFLY,A,C, 8 , 0 , 87.5 , 0 , 12.5 , 0 , 0 , 0 , 7 , 0 , 4 , 100 , 4.25 
24-Aug-2005 11:52,200504,MANCHESTER,TUNISIA,MONASTIR,BRITANNIA AIRWAYS AND THOMSONFLY,D,C, 8 , 0 , 87.5 , 12.5 , 0 , 0 , 0 , 0 , 3.875 , 0 , 4 , 75 , 6.5 
24-Aug-2005 11:52,200504,MANCHESTER,TUNISIA,MONASTIR,FIRST CHOICE AIRWAYS LTD,A,C, 4 , 0 , 50 , 25 , 0 , 25 , 0 , 0 , 21.5 , 0 , 4 , 25 , 40 
24-Aug-2005 11:52,200504,MANCHESTER,TUNISIA,MONASTIR,FIRST CHOICE AIRWAYS LTD,D,C, 4 , 0 , 100 , 0 , 0 , 0 , 0 , 0 , 0 , 0 , 4 , 100 , 3 
24-Aug-2005 11:52,200504,MANCHESTER,TUNISIA,MONASTIR,MY TRAVEL AIRWAYS UK,A,C, 8 , 0 , 37.5 , 25 , 12.5 , 25 , 0 , 0 , 35.875 , 0 , 8 , 87.5 , 4.625 
24-Aug-2005 11:52,200504,MANCHESTER,TUNISIA,MONASTIR,MY TRAVEL AIRWAYS UK,D,C, 8 , 0 , 50 , 25 , 12.5 , 12.5 , 0 , 0 , 21.375 , 0 , 8 , 100 , 3.5 
24-Aug-2005 11:52,200504,MANCHESTER,TUNISIA,MONASTIR,NOUVELAIR TUNISIE,A,C, 1 , 0 , 0 , 0 , 100 , 0 , 0 , 0 , 39 , 0 , 4 , 50 , 12.25 
24-Aug-2005 11:52,200504,MANCHESTER,TUNISIA,MONASTIR,NOUVELAIR TUNISIE,D,C, 1 , 0 , 0 , 0 , 100 , 0 , 0 , 0 , 45 , 0 , 4 , 50 , 25.25 
24-Aug-2005 11:52,200504,MANCHESTER,TUNISIA,MONASTIR,THOMAS COOK AIRLINES LTD,A,C, 4 , 0 , 75 , 0 , 25 , 0 , 0 , 0 , 20.75 , 0 , 4 , 75 , 17.5 
24-Aug-2005 11:52,200504,MANCHESTER,TUNISIA,MONASTIR,THOMAS COOK AIRLINES LTD,D,C, 5 , 0 , 100 , 0 , 0 , 0 , 0 , 0 , 3.4 , 0 , 4 , 75 , 15.5 
24-Aug-2005 11:52,200504,MANCHESTER,TURKEY,ANTALYA,FIRST CHOICE AIRWAYS LTD,A,C, 3 , 1 , 100 , 0 , 0 , 0 , 0 , 0 , 0 , 0 , 1 , 100 , 0 
24-Aug-2005 11:52,200504,MANCHESTER,TURKEY,ANTALYA,FIRST CHOICE AIRWAYS LTD,D,C, 4 , 0 , 100 , 0 , 0 , 0 , 0 , 0 , 1.75 , 0 , 4 , 75 , 14.75 
24-Aug-2005 11:52,200504,MANCHESTER,TURKEY,ANTALYA,ONUR AIR,A,C, 5 , 0 , 80 , 0 , 0 , 20 , 0 , 0 , 15.4 , 0 , 0 , 0 , 0 
24-Aug-2005 11:52,200504,MANCHESTER,TURKEY,ANTALYA,ONUR AIR,D,C, 5 , 0 , 60 , 20 , 0 , 20 , 0 , 0 , 19.8 , 0 , 0 , 0 , 0 
24-Aug-2005 11:52,200504,MANCHESTER,TURKEY,ANTALYA,THOMAS COOK AIRLINES LTD,A,C, 8 , 0 , 100 , 0 , 0 , 0 , 0 , 0 , 1 , 0 , 12 , 66.6666666666667 , 165.666666666667 
24-Aug-2005 11:52,200504,MANCHESTER,TURKEY,ANTALYA,THOMAS COOK AIRLINES LTD,D,C, 8 , 0 , 100 , 0 , 0 , 0 , 0 , 0 , 0.125 , 0 , 12 , 75 , 32.25 
24-Aug-2005 11:52,200504,MANCHESTER,TURKEY,BODRUM (MILAS),MONARCH AIRLINES,A,C, 4 , 0 , 100 , 0 , 0 , 0 , 0 , 0 , 2.5 , 0 , 4 , 0 , 181.75 
24-Aug-2005 11:52,200504,MANCHESTER,TURKEY,BODRUM (MILAS),MONARCH AIRLINES,D,C, 4 , 0 , 75 , 25 , 0 , 0 , 0 , 0 , 5 , 0 , 4 , 25 , 172.75 
24-Aug-2005 11:52,200504,MANCHESTER,TURKEY,DALAMAN,FIRST CHOICE AIRWAYS LTD,A,C, 0 , 0 , 0 , 0 , 0 , 0 , 0 , 0 , 0 , 0 , 3 , 100 , 0 
24-Aug-2005 11:52,200504,MANCHESTER,TURKEY,DALAMAN,FIRST CHOICE AIRWAYS LTD,D,C, 1 , 0 , 100 , 0 , 0 , 0 , 0 , 0 , 0 , 0 , 4 , 100 , 0 
24-Aug-2005 11:52,200504,MANCHESTER,TURKEY,DALAMAN,KIBRIS TURKISH AIRLINES - KTHY,A,S, 9 , 0 , 88.8888888888889 , 0 , 11.1111111111111 , 0 , 0 , 0 , 5.22222222222222 , 0 , 8 , 87.5 , 10.875 
24-Aug-2005 11:52,200504,MANCHESTER,TURKEY,DALAMAN,KIBRIS TURKISH AIRLINES - KTHY,D,S, 9 , 0 , 100 , 0 , 0 , 0 , 0 , 0 , 1 , 0 , 8 , 75 , 8.875 
24-Aug-2005 11:52,200504,MANCHESTER,TURKEY,DALAMAN,MONARCH AIRLINES,D,C, 1 , 0 , 100 , 0 , 0 , 0 , 0 , 0 , 0 , 0 , 0 , 0 , 0 
24-Aug-2005 11:52,200504,MANCHESTER,TURKEY,DALAMAN,MY TRAVEL AIRWAYS UK,D,C, 1 , 0 , 100 , 0 , 0 , 0 , 0 , 0 , 0 , 0 , 1 , 100 , 4 
24-Aug-2005 11:52,200504,MANCHESTER,TURKEY,DALAMAN,THOMAS COOK AIRLINES LTD,A,C, 14 , 0 , 85.7142857142857 , 7.14285714285714 , 0 , 0 , 7.14285714285714 , 0 , 23.3571428571429 , 0 , 11 , 81.8181818181818 , 5.90909090909091 
24-Aug-2005 11:52,200504,MANCHESTER,TURKEY,DALAMAN,THOMAS COOK AIRLINES LTD,D,C, 15 , 0 , 93.3333333333333 , 0 , 0 , 0 , 6.66666666666667 , 0 , 18.4 , 0 , 18 , 77.7777777777778 , 10.2222222222222 
24-Aug-2005 11:52,200504,MANCHESTER,TURKEY,ISTANBUL,ONUR AIR,A,C, 0 , 0 , 0 , 0 , 0 , 0 , 0 , 0 , 0 , 0 , 5 , 100 , 0 
24-Aug-2005 11:52,200504,MANCHESTER,TURKEY,ISTANBUL,ONUR AIR,D,C, 0 , 0 , 0 , 0 , 0 , 0 , 0 , 0 , 0 , 0 , 4 , 75 , 38.75 
24-Aug-2005 11:52,200504,MANCHESTER,TURKEY,ISTANBUL,THY TURK HAVA YOLLARI TURKISH,A,S, 30 , 0 , 46.6666666666667 , 26.6666666666667 , 26.6666666666667 , 0 , 0 , 0 , 19.5 , 0 , 22 , 77.2727272727273 , 9.68181818181818 
24-Aug-2005 11:52,200504,MANCHESTER,TURKEY,ISTANBUL,THY TURK HAVA YOLLARI TURKISH,D,S, 30 , 0 , 50 , 20 , 13.3333333333333 , 16.6666666666667 , 0 , 0 , 26.1 , 0 , 22 , 68.1818181818182 , 11.0454545454545 
24-Aug-2005 11:52,200504,MANCHESTER,UNITED ARAB EMIRATES,DUBAI,EMIRATES,A,S, 61 , 0 , 80.327868852459 , 11.4754098360656 , 6.55737704918033 , 1.63934426229508 , 0 , 0 , 10.8032786885246 , 0 , 60 , 63.3333333333333 , 12.0833333333333 
24-Aug-2005 11:52,200504,MANCHESTER,UNITED ARAB EMIRATES,DUBAI,EMIRATES,D,S, 61 , 0 , 88.5245901639344 , 6.55737704918033 , 3.27868852459016 , 1.63934426229508 , 0 , 0 , 6 , 0 , 60 , 83.3333333333333 , 7.1 
24-Aug-2005 11:52,200504,MANCHESTER,UNITED KINGDOM,ABERDEEN,BMI REGIONAL,A,S, 71 , 0 , 91.5492957746479 , 5.63380281690141 , 2.8169014084507 , 0 , 0 , 0 , 3.94366197183099 , 0 , 72 , 95.8333333333333 , 3.81944444444444 
24-Aug-2005 11:52,200504,MANCHESTER,UNITED KINGDOM,ABERDEEN,BMI REGIONAL,D,S, 71 , 0 , 94.3661971830986 , 2.8169014084507 , 2.8169014084507 , 0 , 0 , 0 , 2.11267605633803 , 0 , 72 , 97.2222222222222 , 1.26388888888889 
24-Aug-2005 11:52,200504,MANCHESTER,UNITED KINGDOM,ABERDEEN,BRITISH AIRWAYS CITIEXPRESS LTD,A,S, 85 , 0 , 95.2941176470588 , 3.52941176470588 , 1.17647058823529 , 0 , 0 , 0 , 3.14117647058824 , 0 , 83 , 87.9518072289157 , 7.39759036144578 
24-Aug-2005 11:52,200504,MANCHESTER,UNITED KINGDOM,ABERDEEN,BRITISH AIRWAYS CITIEXPRESS LTD,D,S, 85 , 0 , 96.4705882352941 , 2.35294117647059 , 1.17647058823529 , 0 , 0 , 0 , 1.70588235294118 , 0 , 83 , 80.7228915662651 , 8.50602409638554 
24-Aug-2005 11:52,200504,MANCHESTER,UNITED KINGDOM,BELFAST CITY,BRITISH AIRWAYS CITIEXPRESS LTD,A,S, 166 , 0 , 78.3132530120482 , 9.63855421686747 , 9.03614457831325 , 3.01204819277108 , 0 , 0 , 11.4759036144578 , 0 , 162 , 85.1851851851852 , 8.88888888888889 
24-Aug-2005 11:52,200504,MANCHESTER,UNITED KINGDOM,BELFAST CITY,BRITISH AIRWAYS CITIEXPRESS LTD,D,S, 166 , 0 , 86.144578313253 , 8.43373493975904 , 3.01204819277108 , 2.40963855421687 , 0 , 0 , 5.6566265060241 , 0 , 163 , 88.3435582822086 , 5.09815950920245 
24-Aug-2005 11:52,200504,MANCHESTER,UNITED KINGDOM,BELFAST INTERNATIONAL,BMIBABY LTD,A,S, 75 , 0 , 81.3333333333333 , 13.3333333333333 , 4 , 1.33333333333333 , 0 , 0 , 7.84 , 1 , 73 , 64.3835616438356 , 19.0958904109589 
24-Aug-2005 11:52,200504,MANCHESTER,UNITED KINGDOM,BELFAST INTERNATIONAL,BMIBABY LTD,D,S, 76 , 0 , 90.7894736842105 , 6.57894736842105 , 1.31578947368421 , 1.31578947368421 , 0 , 0 , 4.31578947368421 , 0 , 74 , 75.6756756756757 , 12.6486486486486 
24-Aug-2005 11:52,200504,MANCHESTER,UNITED KINGDOM,BIRMINGHAM,SKYWAYS EXPRESS,D,S, 0 , 0 , 0 , 0 , 0 , 0 , 0 , 0 , 0 , 0 , 1 , 100 , 0 
24-Aug-2005 11:52,200504,MANCHESTER,UNITED KINGDOM,BRISTOL,AIR SOUTHWEST,A,S, 21 , 0 , 61.9047619047619 , 9.52380952380952 , 14.2857142857143 , 14.2857142857143 , 0 , 0 , 20.7619047619048 , 0 , 20 , 95 , 2.2 
24-Aug-2005 11:52,200504,MANCHESTER,UNITED KINGDOM,BRISTOL,AIR SOUTHWEST,D,S, 22 , 0 , 72.7272727272727 , 9.09090909090909 , 4.54545454545455 , 13.6363636363636 , 0 , 0 , 16 , 0 , 42 , 95.2380952380952 , 2.88095238095238 
24-Aug-2005 11:52,200504,MANCHESTER,UNITED KINGDOM,CARDIFF WALES,BMI REGIONAL,D,C, 1 , 0 , 100 , 0 , 0 , 0 , 0 , 0 , 0 , 0 , 0 , 0 , 0 
24-Aug-2005 11:52,200504,MANCHESTER,UNITED KINGDOM,CARDIFF WALES,THOMAS COOK AIRLINES LTD,A,C, 1 , 0 , 0 , 0 , 100 , 0 , 0 , 0 , 52 , 0 , 0 , 0 , 0 
24-Aug-2005 11:52,200504,MANCHESTER,UNITED KINGDOM,CARDIFF WALES,THOMAS COOK AIRLINES LTD,D,C, 1 , 0 , 0 , 0 , 0 , 100 , 0 , 0 , 62 , 0 , 0 , 0 , 0 
24-Aug-2005 11:52,200504,MANCHESTER,UNITED KINGDOM,CITY OF DERRY (EGLINTON),AER ARRAN,A,S, 25 , 0 , 96 , 0 , 4 , 0 , 0 , 0 , 2.56 , 0 , 0 , 0 , 0 
24-Aug-2005 11:52,200504,MANCHESTER,UNITED KINGDOM,CITY OF DERRY (EGLINTON),AER ARRAN,D,S, 25 , 0 , 96 , 0 , 0 , 4 , 0 , 0 , 3.64 , 0 , 0 , 0 , 0 
24-Aug-2005 11:52,200504,MANCHESTER,UNITED KINGDOM,EDINBURGH,ATLANTIC AIRLINES,A,C, 1 , 0 , 0 , 100 , 0 , 0 , 0 , 0 , 30 , 0 , 0 , 0 , 0 
24-Aug-2005 11:52,200504,MANCHESTER,UNITED KINGDOM,EDINBURGH,BMI REGIONAL,A,S, 117 , 0 , 88.034188034188 , 9.4017094017094 , 2.56410256410256 , 0 , 0 , 0 , 5.86324786324786 , 0 , 115 , 86.9565217391304 , 6.01739130434783 
24-Aug-2005 11:52,200504,MANCHESTER,UNITED KINGDOM,EDINBURGH,BMI REGIONAL,D,S, 112 , 0 , 94.6428571428572 , 3.57142857142857 , 1.78571428571429 , 0 , 0 , 0 , 3.24107142857143 , 0 , 115 , 93.0434782608696 , 3.42608695652174 
24-Aug-2005 11:52,200504,MANCHESTER,UNITED KINGDOM,EDINBURGH,BRITISH AIRWAYS CITIEXPRESS LTD,A,S, 152 , 0 , 75.6578947368421 , 12.5 , 7.89473684210526 , 3.94736842105263 , 0 , 0 , 11.8947368421053 , 0 , 151 , 85.4304635761589 , 8.31788079470199 
24-Aug-2005 11:52,200504,MANCHESTER,UNITED KINGDOM,EDINBURGH,BRITISH AIRWAYS CITIEXPRESS LTD,D,S, 152 , 0 , 82.8947368421053 , 7.23684210526316 , 6.57894736842105 , 3.28947368421053 , 0 , 0 , 8.01973684210526 , 0 , 148 , 85.1351351351351 , 7.76351351351351 
24-Aug-2005 11:52,200504,MANCHESTER,UNITED KINGDOM,EDINBURGH,CHANNEL EXPRESS (INCORP: JET 2),A,S, 81 , 0 , 90.1234567901235 , 3.7037037037037 , 3.7037037037037 , 2.46913580246914 , 0 , 0 , 5.49382716049383 , 0 , 0 , 0 , 0 
24-Aug-2005 11:52,200504,MANCHESTER,UNITED KINGDOM,EDINBURGH,CHANNEL EXPRESS (INCORP: JET 2),D,S, 81 , 0 , 85.1851851851852 , 6.17283950617284 , 6.17283950617284 , 2.46913580246914 , 0 , 0 , 7.65432098765432 , 0 , 0 , 0 , 0 
24-Aug-2005 11:52,200504,MANCHESTER,UNITED KINGDOM,EDINBURGH,EXCEL AIRWAYS LTD,A,C, 1 , 0 , 100 , 0 , 0 , 0 , 0 , 0 , 0 , 0 , 0 , 0 , 0 
24-Aug-2005 11:52,200504,MANCHESTER,UNITED KINGDOM,EDINBURGH,EXCEL AIRWAYS LTD,D,C, 1 , 0 , 100 , 0 , 0 , 0 , 0 , 0 , 0 , 0 , 0 , 0 , 0 
24-Aug-2005 11:52,200504,MANCHESTER,UNITED KINGDOM,GATWICK,BRITANNIA AIRWAYS AND THOMSONFLY,D,C, 0 , 0 , 0 , 0 , 0 , 0 , 0 , 0 , 0 , 0 , 4 , 25 , 48.75 
24-Aug-2005 11:52,200504,MANCHESTER,UNITED KINGDOM,GATWICK,BRITISH AIRWAYS PLC,A,S, 187 , 0 , 82.3529411764706 , 9.09090909090909 , 8.02139037433155 , 0.53475935828877 , 0 , 0 , 9.02139037433155 , 0 , 188 , 88.2978723404255 , 6.27659574468085 
24-Aug-2005 11:52,200504,MANCHESTER,UNITED KINGDOM,GATWICK,BRITISH AIRWAYS PLC,D,S, 188 , 0 , 85.6382978723404 , 7.4468085106383 , 6.91489361702128 , 0 , 0 , 0 , 5.89893617021277 , 0 , 188 , 92.0212765957447 , 4.31382978723404 
24-Aug-2005 11:52,200504,MANCHESTER,UNITED KINGDOM,GATWICK,CHANNEL EXPRESS (INCORP: JET 2),A,S, 86 , 0 , 84.8837209302326 , 6.97674418604651 , 4.65116279069767 , 3.48837209302326 , 0 , 0 , 7.7906976744186 , 0 , 0 , 0 , 0 
24-Aug-2005 11:52,200504,MANCHESTER,UNITED KINGDOM,GATWICK,CHANNEL EXPRESS (INCORP: JET 2),D,S, 86 , 0 , 94.1860465116279 , 3.48837209302326 , 0 , 2.32558139534884 , 0 , 0 , 4.53488372093023 , 0 , 0 , 0 , 0 
24-Aug-2005 11:52,200504,MANCHESTER,UNITED KINGDOM,GATWICK,EASTERN AIRWAYS,A,C, 1 , 0 , 0 , 100 , 0 , 0 , 0 , 0 , 20 , 0 , 0 , 0 , 0 
24-Aug-2005 11:52,200504,MANCHESTER,UNITED KINGDOM,GATWICK,EXCEL AIRWAYS LTD,A,C, 0 , 9 , 0 , 0 , 0 , 0 , 0 , 0 , 0 , 0 , 0 , 0 , 0 
24-Aug-2005 11:52,200504,MANCHESTER,UNITED KINGDOM,GATWICK,EXCEL AIRWAYS LTD,D,C, 4 , 5 , 100 , 0 , 0 , 0 , 0 , 0 , 5 , 0 , 0 , 0 , 0 
24-Aug-2005 11:52,200504,MANCHESTER,UNITED KINGDOM,GATWICK,FINNAIR,A,C, 1 , 0 , 0 , 0 , 100 , 0 , 0 , 0 , 37 , 0 , 0 , 0 , 0 
24-Aug-2005 11:52,200504,MANCHESTER,UNITED KINGDOM,GATWICK,FINNAIR,D,C, 1 , 0 , 100 , 0 , 0 , 0 , 0 , 0 , 0 , 0 , 0 , 0 , 0 
24-Aug-2005 11:52,200504,MANCHESTER,UNITED KINGDOM,GATWICK,FIRST CHOICE AIRWAYS LTD,A,C, 0 , 0 , 0 , 0 , 0 , 0 , 0 , 0 , 0 , 0 , 2 , 100 , 0 
24-Aug-2005 11:52,200504,MANCHESTER,UNITED KINGDOM,GATWICK,FIRST CHOICE AIRWAYS LTD,D,C, 1 , 0 , 0 , 0 , 100 , 0 , 0 , 0 , 47 , 0 , 2 , 100 , 0 
24-Aug-2005 11:52,200504,MANCHESTER,UNITED KINGDOM,GATWICK,FLYJET LTD,A,C, 1 , 0 , 100 , 0 , 0 , 0 , 0 , 0 , 0 , 0 , 0 , 0 , 0 
24-Aug-2005 11:52,200504,MANCHESTER,UNITED KINGDOM,GATWICK,FLYJET LTD,D,C, 1 , 0 , 100 , 0 , 0 , 0 , 0 , 0 , 2 , 0 , 0 , 0 , 0 
24-Aug-2005 11:52,200504,MANCHESTER,UNITED KINGDOM,GATWICK,MY TRAVEL AIRWAYS UK,A,C, 4 , 0 , 50 , 25 , 0 , 0 , 0 , 25 , 133.75 , 0 , 0 , 0 , 0 
24-Aug-2005 11:52,200504,MANCHESTER,UNITED KINGDOM,GATWICK,MY TRAVEL AIRWAYS UK,D,C, 0 , 3 , 0 , 0 , 0 , 0 , 0 , 0 , 0 , 0 , 2 , 50 , 39.5 
24-Aug-2005 11:52,200504,MANCHESTER,UNITED KINGDOM,GATWICK,THOMAS COOK AIRLINES LTD,A,C, 0 , 1 , 0 , 0 , 0 , 0 , 0 , 0 , 0 , 0 , 0 , 0 , 0 
24-Aug-2005 11:52,200504,MANCHESTER,UNITED KINGDOM,GATWICK,US AIRWAYS,D,S, 1 , 0 , 100 , 0 , 0 , 0 , 0 , 0 , 0 , 0 , 0 , 0 , 0 
24-Aug-2005 11:52,200504,MANCHESTER,UNITED KINGDOM,GLASGOW,BMI REGIONAL,A,S, 81 , 0 , 85.1851851851852 , 7.40740740740741 , 6.17283950617284 , 1.23456790123457 , 0 , 0 , 7.53086419753086 , 0 , 108 , 100 , 1.88888888888889 
24-Aug-2005 11:52,200504,MANCHESTER,UNITED KINGDOM,GLASGOW,BMI REGIONAL,D,S, 86 , 0 , 88.3720930232558 , 5.81395348837209 , 3.48837209302326 , 1.16279069767442 , 1.16279069767442 , 0 , 7.32558139534884 , 0 , 108 , 99.0740740740741 , 0.796296296296296 
24-Aug-2005 11:52,200504,MANCHESTER,UNITED KINGDOM,GLASGOW,BRITISH AIRWAYS CITIEXPRESS LTD,A,S, 149 , 0 , 91.9463087248322 , 4.69798657718121 , 2.68456375838926 , 0.671140939597315 , 0 , 0 , 5.11409395973154 , 0 , 145 , 80 , 11.3793103448276 
24-Aug-2005 11:52,200504,MANCHESTER,UNITED KINGDOM,GLASGOW,BRITISH AIRWAYS CITIEXPRESS LTD,D,S, 148 , 0 , 88.5135135135135 , 6.08108108108108 , 5.40540540540541 , 0 , 0 , 0 , 4.58783783783784 , 0 , 146 , 81.5068493150685 , 12.7945205479452 
24-Aug-2005 11:52,200504,MANCHESTER,UNITED KINGDOM,GUERNSEY,AURIGNY AIR SERVICES,A,S, 65 , 1 , 87.6923076923077 , 3.07692307692308 , 4.61538461538462 , 1.53846153846154 , 3.07692307692308 , 0 , 12.7384615384615 , 2 , 98 , 64.2857142857143 , 13.265306122449 
24-Aug-2005 11:52,200504,MANCHESTER,UNITED KINGDOM,GUERNSEY,AURIGNY AIR SERVICES,D,S, 65 , 1 , 87.6923076923077 , 6.15384615384615 , 1.53846153846154 , 1.53846153846154 , 3.07692307692308 , 0 , 11.1538461538462 , 2 , 98 , 78.5714285714286 , 9.31632653061224 
24-Aug-2005 11:52,200504,MANCHESTER,UNITED KINGDOM,HEATHROW,BMI BRITISH MIDLAND,A,S, 200 , 0 , 83 , 11 , 5.5 , 0.5 , 0 , 0 , 7.565 , 0 , 195 , 58.974358974359 , 16.4717948717949 
24-Aug-2005 11:52,200504,MANCHESTER,UNITED KINGDOM,HEATHROW,BMI BRITISH MIDLAND,D,S, 200 , 0 , 90 , 7 , 3 , 0 , 0 , 0 , 3.68 , 0 , 194 , 75.7731958762887 , 10.0309278350515 
24-Aug-2005 11:52,200504,MANCHESTER,UNITED KINGDOM,HEATHROW,BRITISH AIRWAYS PLC,A,S, 292 , 0 , 64.3835616438356 , 17.8082191780822 , 13.3561643835616 , 4.45205479452055 , 0 , 0 , 16.0239726027397 , 0 , 295 , 72.5423728813559 , 11.7525423728814 
24-Aug-2005 11:52,200504,MANCHESTER,UNITED KINGDOM,HEATHROW,BRITISH AIRWAYS PLC,D,S, 292 , 0 , 84.2465753424657 , 8.56164383561644 , 4.10958904109589 , 2.73972602739726 , 0.342465753424658 , 0 , 8.42808219178082 , 0 , 295 , 88.135593220339 , 6.09491525423729 
24-Aug-2005 11:52,200504,MANCHESTER,UNITED KINGDOM,HEATHROW,QANTAS,A,S, 34 , 0 , 91.1764705882353 , 5.88235294117647 , 2.94117647058824 , 0 , 0 , 0 , 6.29411764705882 , 0 , 0 , 0 , 0 
24-Aug-2005 11:52,200504,MANCHESTER,UNITED KINGDOM,HEATHROW,QANTAS,D,S, 3 , 0 , 100 , 0 , 0 , 0 , 0 , 0 , 0 , 1 , 0 , 0 , 0 
24-Aug-2005 11:52,200504,MANCHESTER,UNITED KINGDOM,HEATHROW,SYRIANAIR,A,S, 1 , 0 , 100 , 0 , 0 , 0 , 0 , 0 , 12 , 0 , 0 , 0 , 0 
24-Aug-2005 11:52,200504,MANCHESTER,UNITED KINGDOM,HEATHROW,SYRIANAIR,D,S, 2 , 0 , 50 , 0 , 0 , 0 , 50 , 0 , 104 , 0 , 0 , 0 , 0 
24-Aug-2005 11:52,200504,MANCHESTER,UNITED KINGDOM,INVERNESS,EASTERN AIRWAYS,A,S, 67 , 0 , 73.134328358209 , 25.3731343283582 , 1.49253731343284 , 0 , 0 , 0 , 10.865671641791 , 0 , 61 , 86.8852459016394 , 6.42622950819672 
24-Aug-2005 11:52,200504,MANCHESTER,UNITED KINGDOM,INVERNESS,EASTERN AIRWAYS,D,S, 67 , 0 , 100 , 0 , 0 , 0 , 0 , 0 , 0.761194029850746 , 0 , 62 , 93.5483870967742 , 6.24193548387097 
24-Aug-2005 11:52,200504,MANCHESTER,UNITED KINGDOM,ISLE OF MAN,BA CITIEXPRESS (IOM) LTD,A,S, 0 , 0 , 0 , 0 , 0 , 0 , 0 , 0 , 0 , 0 , 134 , 82.089552238806 , 12.1865671641791 
24-Aug-2005 11:52,200504,MANCHESTER,UNITED KINGDOM,ISLE OF MAN,BA CITIEXPRESS (IOM) LTD,D,S, 0 , 0 , 0 , 0 , 0 , 0 , 0 , 0 , 0 , 0 , 133 , 84.9624060150376 , 9 
24-Aug-2005 11:52,200504,MANCHESTER,UNITED KINGDOM,ISLE OF MAN,BRITISH AIRWAYS CITIEXPRESS LTD,A,S, 141 , 0 , 85.8156028368794 , 5.67375886524823 , 4.9645390070922 , 3.54609929078014 , 0 , 0 , 12.1418439716312 , 0 , 0 , 0 , 0 
24-Aug-2005 11:52,200504,MANCHESTER,UNITED KINGDOM,ISLE OF MAN,BRITISH AIRWAYS CITIEXPRESS LTD,D,S, 139 , 0 , 89.9280575539568 , 4.31654676258993 , 2.15827338129496 , 3.59712230215827 , 0 , 0 , 6.20863309352518 , 0 , 0 , 0 , 0 
24-Aug-2005 11:52,200504,MANCHESTER,UNITED KINGDOM,ISLE OF MAN,EUROMANX GMBH,A,S, 76 , 0 , 59.2105263157895 , 19.7368421052632 , 9.21052631578947 , 11.8421052631579 , 0 , 0 , 20.75 , 0 , 0 , 0 , 0 
24-Aug-2005 11:52,200504,MANCHESTER,UNITED KINGDOM,ISLE OF MAN,EUROMANX GMBH,D,S, 77 , 0 , 76.6233766233766 , 2.5974025974026 , 16.8831168831169 , 3.8961038961039 , 0 , 0 , 12.8441558441558 , 0 , 0 , 0 , 0 
24-Aug-2005 11:52,200504,MANCHESTER,UNITED KINGDOM,JERSEY,BMIBABY LTD,A,S, 30 , 0 , 70 , 3.33333333333333 , 16.6666666666667 , 10 , 0 , 0 , 20.3666666666667 , 0 , 30 , 50 , 16.6 
24-Aug-2005 11:52,200504,MANCHESTER,UNITED KINGDOM,JERSEY,BMIBABY LTD,D,S, 30 , 0 , 66.6666666666667 , 16.6666666666667 , 13.3333333333333 , 0 , 3.33333333333333 , 0 , 20.3333333333333 , 0 , 30 , 86.6666666666667 , 6.96666666666667 
24-Aug-2005 11:52,200504,MANCHESTER,UNITED KINGDOM,JERSEY,BRITISH AIRWAYS CITIEXPRESS LTD,A,C, 0 , 0 , 0 , 0 , 0 , 0 , 0 , 0 , 0 , 0 , 3 , 100 , 0 
24-Aug-2005 11:52,200504,MANCHESTER,UNITED KINGDOM,JERSEY,BRITISH AIRWAYS CITIEXPRESS LTD,A,S, 38 , 0 , 84.2105263157895 , 5.26315789473684 , 2.63157894736842 , 2.63157894736842 , 5.26315789473684 , 0 , 18.4736842105263 , 0 , 42 , 83.3333333333333 , 18.3095238095238 
24-Aug-2005 11:52,200504,MANCHESTER,UNITED KINGDOM,JERSEY,BRITISH AIRWAYS CITIEXPRESS LTD,D,C, 1 , 0 , 100 , 0 , 0 , 0 , 0 , 0 , 0 , 0 , 3 , 66.6666666666667 , 8.66666666666667 
24-Aug-2005 11:52,200504,MANCHESTER,UNITED KINGDOM,JERSEY,BRITISH AIRWAYS CITIEXPRESS LTD,D,S, 38 , 0 , 84.2105263157895 , 2.63157894736842 , 5.26315789473684 , 2.63157894736842 , 5.26315789473684 , 0 , 20.2894736842105 , 0 , 42 , 83.3333333333333 , 17.4047619047619 
24-Aug-2005 11:52,200504,MANCHESTER,UNITED KINGDOM,KENT INTERNATIONAL,EUJET,A,S, 25 , 0 , 84 , 12 , 4 , 0 , 0 , 0 , 6.76 , 0 , 0 , 0 , 0 
24-Aug-2005 11:52,200504,MANCHESTER,UNITED KINGDOM,KENT INTERNATIONAL,EUJET,D,S, 25 , 0 , 76 , 16 , 8 , 0 , 0 , 0 , 8.48 , 0 , 0 , 0 , 0 
24-Aug-2005 11:52,200504,MANCHESTER,UNITED KINGDOM,LIVERPOOL,VLM (BELGIUM),A,S, 0 , 1 , 0 , 0 , 0 , 0 , 0 , 0 , 0 , 0 , 0 , 0 , 0 
24-Aug-2005 11:52,200504,MANCHESTER,UNITED KINGDOM,LONDON CITY,ATLANTIC AIRLINES,D,C, 1 , 0 , 100 , 0 , 0 , 0 , 0 , 0 , 3 , 0 , 0 , 0 , 0 
24-Aug-2005 11:52,200504,MANCHESTER,UNITED KINGDOM,LONDON CITY,VLM (BELGIUM),A,S, 174 , 0 , 88.5057471264368 , 9.19540229885057 , 2.29885057471264 , 0 , 0 , 0 , 6.03448275862069 , 2 , 171 , 92.9824561403509 , 4.8187134502924 
24-Aug-2005 11:52,200504,MANCHESTER,UNITED KINGDOM,LONDON CITY,VLM (BELGIUM),D,S, 174 , 1 , 96.551724137931 , 2.8735632183908 , 0.574712643678161 , 0 , 0 , 0 , 1.13218390804598 , 2 , 171 , 98.8304093567251 , 0.812865497076023 
24-Aug-2005 11:52,200504,MANCHESTER,UNITED KINGDOM,NORWICH,BMI REGIONAL,A,S, 0 , 0 , 0 , 0 , 0 , 0 , 0 , 0 , 0 , 0 , 6 , 83.3333333333333 , 24 
24-Aug-2005 11:52,200504,MANCHESTER,UNITED KINGDOM,NORWICH,BMI REGIONAL,D,S, 0 , 0 , 0 , 0 , 0 , 0 , 0 , 0 , 0 , 0 , 6 , 100 , 0 
24-Aug-2005 11:52,200504,MANCHESTER,UNITED KINGDOM,NORWICH,EASTERN AIRWAYS,A,S, 62 , 0 , 91.9354838709677 , 4.83870967741935 , 3.2258064516129 , 0 , 0 , 0 , 3.70967741935484 , 2 , 60 , 100 , 0.6 
24-Aug-2005 11:52,200504,MANCHESTER,UNITED KINGDOM,NORWICH,EASTERN AIRWAYS,D,S, 62 , 0 , 95.1612903225806 , 3.2258064516129 , 0 , 1.61290322580645 , 0 , 0 , 1.95161290322581 , 1 , 60 , 100 , 6.66666666666667E-02 
24-Aug-2005 11:52,200504,MANCHESTER,UNITED KINGDOM,PLYMOUTH,AIR SOUTHWEST,A,S, 51 , 0 , 54.9019607843137 , 19.6078431372549 , 7.84313725490196 , 15.6862745098039 , 1.96078431372549 , 0 , 29 , 0 , 47 , 80.8510638297872 , 8.21276595744681 
24-Aug-2005 11:52,200504,MANCHESTER,UNITED KINGDOM,PLYMOUTH,AIR SOUTHWEST,D,S, 50 , 0 , 72 , 8 , 8 , 10 , 2 , 0 , 21.38 , 0 , 25 , 92 , 2.84 
24-Aug-2005 11:52,200504,MANCHESTER,UNITED KINGDOM,SOUTHAMPTON,BRITISH AIRWAYS CITIEXPRESS LTD,A,S, 110 , 1 , 89.0909090909091 , 7.27272727272727 , 2.72727272727273 , 0.909090909090909 , 0 , 0 , 4.9 , 0 , 107 , 87.8504672897196 , 7.54205607476636 
24-Aug-2005 11:52,200504,MANCHESTER,UNITED KINGDOM,SOUTHAMPTON,BRITISH AIRWAYS CITIEXPRESS LTD,D,S, 111 , 0 , 94.5945945945946 , 2.7027027027027 , 0.900900900900901 , 1.8018018018018 , 0 , 0 , 3.53153153153153 , 0 , 106 , 88.6792452830189 , 6.67924528301887 
24-Aug-2005 11:52,200504,MANCHESTER,UNITED KINGDOM,SOUTHAMPTON,FLYBE.BRITISH EUROPEAN,A,C, 0 , 0 , 0 , 0 , 0 , 0 , 0 , 0 , 0 , 0 , 1 , 100 , 5 
24-Aug-2005 11:52,200504,MANCHESTER,UNITED KINGDOM,SOUTHAMPTON,FLYBE.BRITISH EUROPEAN,A,S, 72 , 0 , 77.7777777777778 , 9.72222222222222 , 2.77777777777778 , 8.33333333333333 , 1.38888888888889 , 0 , 17.2916666666667 , 0 , 0 , 0 , 0 
24-Aug-2005 11:52,200504,MANCHESTER,UNITED KINGDOM,SOUTHAMPTON,FLYBE.BRITISH EUROPEAN,D,C, 0 , 0 , 0 , 0 , 0 , 0 , 0 , 0 , 0 , 0 , 1 , 100 , 0 
24-Aug-2005 11:52,200504,MANCHESTER,UNITED KINGDOM,SOUTHAMPTON,FLYBE.BRITISH EUROPEAN,D,S, 72 , 0 , 79.1666666666667 , 9.72222222222222 , 1.38888888888889 , 8.33333333333333 , 1.38888888888889 , 0 , 16.5555555555556 , 0 , 0 , 0 , 0 
24-Aug-2005 11:52,200504,MANCHESTER,UNITED KINGDOM,STANSTED,AIR MALTA,A,C, 0 , 0 , 0 , 0 , 0 , 0 , 0 , 0 , 0 , 0 , 1 , 100 , 0 
24-Aug-2005 11:52,200504,MANCHESTER,UNITED KINGDOM,STANSTED,AIR MALTA,D,C, 0 , 0 , 0 , 0 , 0 , 0 , 0 , 0 , 0 , 0 , 1 , 100 , 0 
24-Aug-2005 11:52,200504,MANCHESTER,UNITED KINGDOM,STANSTED,EASTERN AIRWAYS,A,S, 63 , 0 , 93.6507936507936 , 1.58730158730159 , 3.17460317460317 , 1.58730158730159 , 0 , 0 , 3.74603174603175 , 0 , 62 , 96.7741935483871 , 6.5 
24-Aug-2005 11:52,200504,MANCHESTER,UNITED KINGDOM,STANSTED,EASTERN AIRWAYS,D,S, 61 , 0 , 96.7213114754098 , 0 , 1.63934426229508 , 1.63934426229508 , 0 , 0 , 2.60655737704918 , 2 , 61 , 98.3606557377049 , 3.29508196721311 
24-Aug-2005 11:52,200504,MANCHESTER,USA,ATLANTA,DELTA AIRLINES,A,S, 30 , 0 , 70 , 20 , 6.66666666666667 , 3.33333333333333 , 0 , 0 , 11.2666666666667 , 0 , 30 , 76.6666666666667 , 13.3666666666667 
24-Aug-2005 11:52,200504,MANCHESTER,USA,ATLANTA,DELTA AIRLINES,D,S, 30 , 0 , 100 , 0 , 0 , 0 , 0 , 0 , 0 , 0 , 30 , 86.6666666666667 , 5.2 
24-Aug-2005 11:52,200504,MANCHESTER,USA,CHARLOTTE,US AIRWAYS,A,S, 0 , 1 , 0 , 0 , 0 , 0 , 0 , 0 , 0 , 0 , 0 , 0 , 0 
24-Aug-2005 11:52,200504,MANCHESTER,USA,CHICAGO (O'HARE),AMERICAN AIRLINES,A,S, 30 , 0 , 53.3333333333333 , 30 , 13.3333333333333 , 3.33333333333333 , 0 , 0 , 15.8 , 0 , 30 , 60 , 22.7333333333333 
24-Aug-2005 11:52,200504,MANCHESTER,USA,CHICAGO (O'HARE),AMERICAN AIRLINES,D,S, 30 , 0 , 100 , 0 , 0 , 0 , 0 , 0 , 0.866666666666667 , 0 , 30 , 93.3333333333333 , 4.73333333333333 
24-Aug-2005 11:52,200504,MANCHESTER,USA,CHICAGO (O'HARE),BMI BRITISH MIDLAND,A,S, 30 , 0 , 86.6666666666667 , 13.3333333333333 , 0 , 0 , 0 , 0 , 5.3 , 0 , 30 , 66.6666666666667 , 24.2333333333333 
24-Aug-2005 11:52,200504,MANCHESTER,USA,CHICAGO (O'HARE),BMI BRITISH MIDLAND,D,S, 30 , 0 , 83.3333333333333 , 6.66666666666667 , 6.66666666666667 , 3.33333333333333 , 0 , 0 , 10.5333333333333 , 0 , 30 , 86.6666666666667 , 14.8 
24-Aug-2005 11:52,200504,MANCHESTER,USA,CHICAGO (O'HARE),PAKISTAN INTL AIRLINES,A,S, 4 , 0 , 100 , 0 , 0 , 0 , 0 , 0 , 0 , 0 , 9 , 77.7777777777778 , 9.77777777777778 
24-Aug-2005 11:52,200504,MANCHESTER,USA,CHICAGO (O'HARE),PAKISTAN INTL AIRLINES,D,S, 5 , 0 , 100 , 0 , 0 , 0 , 0 , 0 , 3.8 , 0 , 8 , 87.5 , 9.875 
24-Aug-2005 11:52,200504,MANCHESTER,USA,HOUSTON,PAKISTAN INTL AIRLINES,A,S, 4 , 0 , 75 , 0 , 25 , 0 , 0 , 0 , 14.25 , 0 , 0 , 0 , 0 
24-Aug-2005 11:52,200504,MANCHESTER,USA,HOUSTON,PAKISTAN INTL AIRLINES,D,S, 4 , 0 , 50 , 50 , 0 , 0 , 0 , 0 , 8.75 , 0 , 0 , 0 , 0 
24-Aug-2005 11:52,200504,MANCHESTER,USA,LAS VEGAS,BMI BRITISH MIDLAND,A,S, 11 , 0 , 100 , 0 , 0 , 0 , 0 , 0 , 1.72727272727273 , 0 , 0 , 0 , 0 
24-Aug-2005 11:52,200504,MANCHESTER,USA,LAS VEGAS,BMI BRITISH MIDLAND,D,S, 10 , 0 , 80 , 20 , 0 , 0 , 0 , 0 , 5.3 , 0 , 0 , 0 , 0 
24-Aug-2005 11:52,200504,MANCHESTER,USA,LAS VEGAS,MY TRAVEL AIRWAYS UK,A,C, 0 , 0 , 0 , 0 , 0 , 0 , 0 , 0 , 0 , 0 , 4 , 75 , 12.5 
24-Aug-2005 11:52,200504,MANCHESTER,USA,LAS VEGAS,MY TRAVEL AIRWAYS UK,D,C, 0 , 0 , 0 , 0 , 0 , 0 , 0 , 0 , 0 , 0 , 4 , 100 , 1.75 
24-Aug-2005 11:52,200504,MANCHESTER,USA,MIAMI INTERNATIONAL,AMERICAN AIRLINES,A,S, 30 , 0 , 86.6666666666667 , 6.66666666666667 , 6.66666666666667 , 0 , 0 , 0 , 6 , 0 , 0 , 0 , 0 
24-Aug-2005 11:52,200504,MANCHESTER,USA,MIAMI INTERNATIONAL,AMERICAN AIRLINES,D,S, 30 , 0 , 93.3333333333333 , 3.33333333333333 , 3.33333333333333 , 0 , 0 , 0 , 2.33333333333333 , 0 , 0 , 0 , 0 
24-Aug-2005 11:52,200504,MANCHESTER,USA,NEW YORK (JF KENNEDY),BRITISH AIRWAYS PLC,A,S, 29 , 0 , 75.8620689655172 , 17.2413793103448 , 3.44827586206897 , 0 , 3.44827586206897 , 0 , 14.1379310344828 , 1 , 29 , 89.6551724137931 , 4.31034482758621 
24-Aug-2005 11:52,200504,MANCHESTER,USA,NEW YORK (JF KENNEDY),BRITISH AIRWAYS PLC,D,S, 30 , 0 , 76.6666666666667 , 3.33333333333333 , 3.33333333333333 , 10 , 6.66666666666667 , 0 , 29.6 , 0 , 29 , 89.6551724137931 , 18.7586206896552 
24-Aug-2005 11:52,200504,MANCHESTER,USA,NEW YORK (JF KENNEDY),PAKISTAN INTL AIRLINES,A,S, 17 , 0 , 52.9411764705882 , 35.2941176470588 , 5.88235294117647 , 5.88235294117647 , 0 , 0 , 16.7058823529412 , 0 , 18 , 55.5555555555556 , 19.1666666666667 
24-Aug-2005 11:52,200504,MANCHESTER,USA,NEW YORK (JF KENNEDY),PAKISTAN INTL AIRLINES,D,S, 18 , 0 , 33.3333333333333 , 50 , 5.55555555555556 , 11.1111111111111 , 0 , 0 , 25.6111111111111 , 0 , 17 , 23.5294117647059 , 50.7647058823529 
24-Aug-2005 11:52,200504,MANCHESTER,USA,NEW YORK (NEWARK),CONTINENTAL AIRLINES,A,S, 30 , 0 , 53.3333333333333 , 20 , 13.3333333333333 , 6.66666666666667 , 3.33333333333333 , 3.33333333333333 , 49.9 , 0 , 30 , 50 , 24.9333333333333 
24-Aug-2005 11:52,200504,MANCHESTER,USA,NEW YORK (NEWARK),CONTINENTAL AIRLINES,D,S, 30 , 0 , 80 , 3.33333333333333 , 6.66666666666667 , 3.33333333333333 , 3.33333333333333 , 3.33333333333333 , 35.4666666666667 , 0 , 30 , 80 , 9.8 
24-Aug-2005 11:52,200504,MANCHESTER,USA,ORLANDO,VIRGIN ATLANTIC AIRWAYS LTD,A,S, 26 , 0 , 96.1538461538462 , 3.84615384615385 , 0 , 0 , 0 , 0 , 0.653846153846154 , 1 , 24 , 87.5 , 17.5416666666667 
24-Aug-2005 11:52,200504,MANCHESTER,USA,ORLANDO,VIRGIN ATLANTIC AIRWAYS LTD,D,S, 26 , 0 , 88.4615384615385 , 3.84615384615385 , 7.69230769230769 , 0 , 0 , 0 , 6.03846153846154 , 1 , 24 , 58.3333333333333 , 24 
24-Aug-2005 11:52,200504,MANCHESTER,USA,PHILADELPHIA INTERNATIONAL,US AIRWAYS,A,S, 30 , 0 , 50 , 33.3333333333333 , 6.66666666666667 , 10 , 0 , 0 , 21.4666666666667 , 0 , 30 , 63.3333333333333 , 32.0666666666667 
24-Aug-2005 11:52,200504,MANCHESTER,USA,PHILADELPHIA INTERNATIONAL,US AIRWAYS,D,S, 30 , 0 , 100 , 0 , 0 , 0 , 0 , 0 , 0.2 , 0 , 30 , 83.3333333333333 , 16.9333333333333 
24-Aug-2005 11:52,200504,MANCHESTER,USA,SANFORD,AIR ATLANTA EUROPE LTD,A,C, 9 , 0 , 88.8888888888889 , 11.1111111111111 , 0 , 0 , 0 , 0 , 4 , 0 , 7 , 100 , 0 
24-Aug-2005 11:52,200504,MANCHESTER,USA,SANFORD,AIR ATLANTA EUROPE LTD,D,C, 9 , 0 , 22.2222222222222 , 44.4444444444444 , 22.2222222222222 , 11.1111111111111 , 0 , 0 , 29.5555555555556 , 0 , 9 , 0 , 45.3333333333333 
24-Aug-2005 11:52,200504,MANCHESTER,USA,SANFORD,BRITANNIA AIRWAYS AND THOMSONFLY,A,C, 4 , 0 , 25 , 0 , 25 , 25 , 25 , 0 , 83.5 , 0 , 4 , 75 , 8 
24-Aug-2005 11:52,200504,MANCHESTER,USA,SANFORD,BRITANNIA AIRWAYS AND THOMSONFLY,D,C, 5 , 0 , 60 , 20 , 20 , 0 , 0 , 0 , 15.8 , 0 , 4 , 100 , 2.5 
24-Aug-2005 11:52,200504,MANCHESTER,USA,SANFORD,FIRST CHOICE AIRWAYS LTD,A,C, 5 , 0 , 20 , 40 , 0 , 40 , 0 , 0 , 45.4 , 0 , 5 , 40 , 20.6 
24-Aug-2005 11:52,200504,MANCHESTER,USA,SANFORD,FIRST CHOICE AIRWAYS LTD,D,C, 4 , 0 , 0 , 50 , 25 , 25 , 0 , 0 , 53.5 , 0 , 5 , 80 , 9.4 
24-Aug-2005 11:52,200504,MANCHESTER,USA,SANFORD,MY TRAVEL AIRWAYS UK,A,C, 9 , 0 , 66.6666666666667 , 22.2222222222222 , 11.1111111111111 , 0 , 0 , 0 , 12 , 0 , 16 , 75 , 168.4375 
24-Aug-2005 11:52,200504,MANCHESTER,USA,SANFORD,MY TRAVEL AIRWAYS UK,D,C, 9 , 0 , 88.8888888888889 , 0 , 11.1111111111111 , 0 , 0 , 0 , 8.22222222222222 , 0 , 19 , 63.1578947368421 , 97.2105263157895 
24-Aug-2005 11:52,200504,MANCHESTER,USA,SANFORD,THOMAS COOK AIRLINES LTD,A,C, 5 , 0 , 100 , 0 , 0 , 0 , 0 , 0 , 2.2 , 0 , 5 , 60 , 53.4 
24-Aug-2005 11:52,200504,MANCHESTER,USA,SANFORD,THOMAS COOK AIRLINES LTD,D,C, 4 , 0 , 75 , 0 , 25 , 0 , 0 , 0 , 8.75 , 0 , 5 , 80 , 59.4 
24-Aug-2005 11:52,200504,MANCHESTER,USA,WASHINGTON (DULLES),BMI BRITISH MIDLAND,A,S, 23 , 1 , 95.6521739130435 , 0 , 4.34782608695652 , 0 , 0 , 0 , 2.34782608695652 , 1 , 26 , 61.5384615384615 , 30.4615384615385 
24-Aug-2005 11:52,200504,MANCHESTER,USA,WASHINGTON (DULLES),BMI BRITISH MIDLAND,D,S, 24 , 0 , 87.5 , 8.33333333333333 , 0 , 4.16666666666667 , 0 , 0 , 6.79166666666667 , 0 , 26 , 76.9230769230769 , 19.3461538461538 
24-Aug-2005 11:52,200504,MANCHESTER,VENEZUELA,PORLAMAR,FIRST CHOICE AIRWAYS LTD,A,C, 2 , 0 , 0 , 0 , 50 , 50 , 0 , 0 , 80.5 , 0 , 2 , 100 , 2 
24-Aug-2005 11:52,200504,MANCHESTER,VENEZUELA,PORLAMAR,FIRST CHOICE AIRWAYS LTD,D,C, 2 , 0 , 50 , 0 , 0 , 50 , 0 , 0 , 38.5 , 0 , 2 , 100 , 5.5 
24-Aug-2005 11:52,200504,NEWCASTLE,AUSTRIA,INNSBRUCK,FLYBE.BRITISH EUROPEAN,A,C, 2 , 0 , 100 , 0 , 0 , 0 , 0 , 0 , 0.5 , 0 , 0 , 0 , 0 
24-Aug-2005 11:52,200504,NEWCASTLE,AUSTRIA,INNSBRUCK,FLYBE.BRITISH EUROPEAN,D,C, 1 , 0 , 100 , 0 , 0 , 0 , 0 , 0 , 0 , 0 , 0 , 0 , 0 
24-Aug-2005 11:52,200504,NEWCASTLE,BELGIUM,BRUSSELS,BRITISH AIRWAYS PLC,A,C, 0 , 0 , 0 , 0 , 0 , 0 , 0 , 0 , 0 , 0 , 1 , 0 , 66 
24-Aug-2005 11:52,200504,NEWCASTLE,BELGIUM,BRUSSELS,SN BRUSSELS AIRLINES,A,S, 64 , 0 , 98.4375 , 0 , 1.5625 , 0 , 0 , 0 , 1.359375 , 1 , 65 , 89.2307692307692 , 4.53846153846154 
24-Aug-2005 11:52,200504,NEWCASTLE,BELGIUM,BRUSSELS,SN BRUSSELS AIRLINES,D,S, 66 , 0 , 93.9393939393939 , 4.54545454545455 , 0 , 1.51515151515152 , 0 , 0 , 2.92424242424242 , 1 , 65 , 76.9230769230769 , 8.52307692307692 
24-Aug-2005 11:52,200504,NEWCASTLE,BULGARIA,PLOVDIV,BH AIR,A,C, 1 , 0 , 100 , 0 , 0 , 0 , 0 , 0 , 0 , 0 , 0 , 0 , 0 
24-Aug-2005 11:52,200504,NEWCASTLE,CYPRUS,LARNACA,HELIOS AIRWAYS LTD,A,C, 4 , 0 , 0 , 25 , 50 , 0 , 0 , 25 , 311.25 , 0 , 3 , 100 , 1 
24-Aug-2005 11:52,200504,NEWCASTLE,CYPRUS,LARNACA,HELIOS AIRWAYS LTD,D,C, 5 , 1 , 20 , 20 , 40 , 20 , 0 , 0 , 43.8 , 0 , 3 , 66.6666666666667 , 15.3333333333333 
24-Aug-2005 11:52,200504,NEWCASTLE,CYPRUS,LARNACA,TAG AVIATION SA,D,C, 0 , 1 , 0 , 0 , 0 , 0 , 0 , 0 , 0 , 0 , 0 , 0 , 0 
24-Aug-2005 11:52,200504,NEWCASTLE,CYPRUS,LARNACA,THOMAS COOK AIRLINES LTD,A,C, 0 , 0 , 0 , 0 , 0 , 0 , 0 , 0 , 0 , 0 , 3 , 100 , 1.66666666666667 
24-Aug-2005 11:52,200504,NEWCASTLE,CYPRUS,LARNACA,THOMAS COOK AIRLINES LTD,D,C, 1 , 0 , 100 , 0 , 0 , 0 , 0 , 0 , 13 , 0 , 4 , 100 , 0 
24-Aug-2005 11:52,200504,NEWCASTLE,CYPRUS,PAPHOS,HELIOS AIRWAYS LTD,D,C, 0 , 0 , 0 , 0 , 0 , 0 , 0 , 0 , 0 , 0 , 1 , 0 , 23 
24-Aug-2005 11:52,200504,NEWCASTLE,CYPRUS,PAPHOS,MY TRAVEL AIRWAYS UK,A,C, 3 , 1 , 100 , 0 , 0 , 0 , 0 , 0 , 0 , 0 , 4 , 100 , 0 
24-Aug-2005 11:52,200504,NEWCASTLE,CYPRUS,PAPHOS,MY TRAVEL AIRWAYS UK,D,C, 4 , 0 , 100 , 0 , 0 , 0 , 0 , 0 , 0.25 , 0 , 4 , 100 , 2.25 
24-Aug-2005 11:52,200504,NEWCASTLE,CYPRUS,PAPHOS,THOMAS COOK AIRLINES LTD,A,C, 4 , 0 , 100 , 0 , 0 , 0 , 0 , 0 , 4.5 , 0 , 4 , 100 , 0 
24-Aug-2005 11:52,200504,NEWCASTLE,CYPRUS,PAPHOS,THOMAS COOK AIRLINES LTD,D,C, 4 , 0 , 75 , 25 , 0 , 0 , 0 , 0 , 7.25 , 0 , 4 , 100 , 0 
24-Aug-2005 11:52,200504,NEWCASTLE,CZECH REPUBLIC,PRAGUE,EASYJET AIRLINE COMPANY LTD,A,S, 30 , 0 , 90 , 6.66666666666667 , 3.33333333333333 , 0 , 0 , 0 , 6.06666666666667 , 0 , 30 , 93.3333333333333 , 2.4 
24-Aug-2005 11:52,200504,NEWCASTLE,CZECH REPUBLIC,PRAGUE,EASYJET AIRLINE COMPANY LTD,D,S, 30 , 0 , 93.3333333333333 , 3.33333333333333 , 3.33333333333333 , 0 , 0 , 0 , 5.16666666666667 , 0 , 30 , 90 , 5.96666666666667 
24-Aug-2005 11:52,200504,NEWCASTLE,DENMARK,COPENHAGEN,EASYJET AIRLINE COMPANY LTD,A,S, 0 , 0 , 0 , 0 , 0 , 0 , 0 , 0 , 0 , 0 , 30 , 93.3333333333333 , 2.66666666666667 
24-Aug-2005 11:52,200504,NEWCASTLE,DENMARK,COPENHAGEN,EASYJET AIRLINE COMPANY LTD,D,S, 0 , 0 , 0 , 0 , 0 , 0 , 0 , 0 , 0 , 0 , 30 , 76.6666666666667 , 10.3 
24-Aug-2005 11:52,200504,NEWCASTLE,DENMARK,COPENHAGEN,SAS,A,S, 29 , 0 , 93.1034482758621 , 3.44827586206897 , 0 , 3.44827586206897 , 0 , 0 , 6.13793103448276 , 0 , 0 , 0 , 0 
24-Aug-2005 11:52,200504,NEWCASTLE,DENMARK,COPENHAGEN,SAS,D,S, 29 , 0 , 86.2068965517241 , 10.3448275862069 , 0 , 3.44827586206897 , 0 , 0 , 6.62068965517241 , 0 , 0 , 0 , 0 
24-Aug-2005 11:52,200504,NEWCASTLE,EGYPT,SHARM EL SHEIKH (OPHIRA),BRITANNIA AIRWAYS AND THOMSONFLY,A,C, 4 , 0 , 50 , 0 , 50 , 0 , 0 , 0 , 23 , 0 , 0 , 0 , 0 
24-Aug-2005 11:52,200504,NEWCASTLE,EGYPT,SHARM EL SHEIKH (OPHIRA),BRITANNIA AIRWAYS AND THOMSONFLY,D,C, 4 , 0 , 100 , 0 , 0 , 0 , 0 , 0 , 0 , 0 , 0 , 0 , 0 
24-Aug-2005 11:52,200504,NEWCASTLE,FRANCE,CHAMBERY,FLYBE.BRITISH EUROPEAN,A,C, 0 , 0 , 0 , 0 , 0 , 0 , 0 , 0 , 0 , 0 , 3 , 66.6666666666667 , 23 
24-Aug-2005 11:52,200504,NEWCASTLE,FRANCE,CHAMBERY,FLYBE.BRITISH EUROPEAN,D,C, 0 , 0 , 0 , 0 , 0 , 0 , 0 , 0 , 0 , 0 , 2 , 50 , 34.5 
24-Aug-2005 11:52,200504,NEWCASTLE,FRANCE,LYON,BRITANNIA AIRWAYS AND THOMSONFLY,A,C, 3 , 0 , 33.3333333333333 , 0 , 33.3333333333333 , 33.3333333333333 , 0 , 0 , 36.6666666666667 , 0 , 0 , 0 , 0 
24-Aug-2005 11:52,200504,NEWCASTLE,FRANCE,LYON,BRITANNIA AIRWAYS AND THOMSONFLY,D,C, 2 , 0 , 50 , 0 , 50 , 0 , 0 , 0 , 21 , 0 , 0 , 0 , 0 
24-Aug-2005 11:52,200504,NEWCASTLE,FRANCE,MARSEILLE,AIR MEDITERRANEE,A,C, 0 , 0 , 0 , 0 , 0 , 0 , 0 , 0 , 0 , 0 , 3 , 100 , 0.333333333333333 
24-Aug-2005 11:52,200504,NEWCASTLE,FRANCE,MARSEILLE,AIR MEDITERRANEE,D,C, 0 , 0 , 0 , 0 , 0 , 0 , 0 , 0 , 0 , 0 , 2 , 0 , 48 
24-Aug-2005 11:52,200504,NEWCASTLE,FRANCE,MARSEILLE,BLUE LINE,A,C, 0 , 0 , 0 , 0 , 0 , 0 , 0 , 0 , 0 , 0 , 1 , 100 , 11 
24-Aug-2005 11:52,200504,NEWCASTLE,FRANCE,MARSEILLE,BLUE LINE,D,C, 0 , 0 , 0 , 0 , 0 , 0 , 0 , 0 , 0 , 0 , 2 , 50 , 28 
24-Aug-2005 11:52,200504,NEWCASTLE,FRANCE,MARSEILLE,FUTURA AIRLINES,A,C, 0 , 0 , 0 , 0 , 0 , 0 , 0 , 0 , 0 , 0 , 1 , 100 , 13 
24-Aug-2005 11:52,200504,NEWCASTLE,FRANCE,MARSEILLE,FUTURA AIRLINES,D,C, 0 , 0 , 0 , 0 , 0 , 0 , 0 , 0 , 0 , 0 , 1 , 0 , 25 
24-Aug-2005 11:52,200504,NEWCASTLE,FRANCE,NICE,EASYJET AIRLINE COMPANY LTD,A,S, 30 , 0 , 90 , 10 , 0 , 0 , 0 , 0 , 6.03333333333333 , 0 , 16 , 87.5 , 3.75 
24-Aug-2005 11:52,200504,NEWCASTLE,FRANCE,NICE,EASYJET AIRLINE COMPANY LTD,D,S, 30 , 0 , 83.3333333333333 , 13.3333333333333 , 3.33333333333333 , 0 , 0 , 0 , 8.03333333333333 , 0 , 15 , 93.3333333333333 , 2.6 
24-Aug-2005 11:52,200504,NEWCASTLE,FRANCE,PARIS (CHARLES DE GAULLE),AIR FRANCE,A,S, 0 , 0 , 0 , 0 , 0 , 0 , 0 , 0 , 0 , 3 , 75 , 69.3333333333333 , 12.32 
24-Aug-2005 11:52,200504,NEWCASTLE,FRANCE,PARIS (CHARLES DE GAULLE),AIR FRANCE,D,S, 0 , 0 , 0 , 0 , 0 , 0 , 0 , 0 , 0 , 3 , 75 , 80 , 7.98666666666667 
24-Aug-2005 11:52,200504,NEWCASTLE,FRANCE,PARIS (CHARLES DE GAULLE),ATLANTIC AIRLINES,A,C, 0 , 1 , 0 , 0 , 0 , 0 , 0 , 0 , 0 , 0 , 0 , 0 , 0 
24-Aug-2005 11:52,200504,NEWCASTLE,FRANCE,PARIS (CHARLES DE GAULLE),ATLANTIC AIRLINES,D,C, 0 , 1 , 0 , 0 , 0 , 0 , 0 , 0 , 0 , 0 , 0 , 0 , 0 
24-Aug-2005 11:52,200504,NEWCASTLE,FRANCE,PARIS (CHARLES DE GAULLE),BRIT AIR,A,S, 77 , 0 , 85.7142857142857 , 9.09090909090909 , 1.2987012987013 , 3.8961038961039 , 0 , 0 , 8.97402597402597 , 0 , 0 , 0 , 0 
24-Aug-2005 11:52,200504,NEWCASTLE,FRANCE,PARIS (CHARLES DE GAULLE),BRIT AIR,D,S, 78 , 0 , 67.948717948718 , 17.9487179487179 , 8.97435897435897 , 5.12820512820513 , 0 , 0 , 14.9358974358974 , 0 , 0 , 0 , 0 
24-Aug-2005 11:52,200504,NEWCASTLE,FRANCE,PARIS (CHARLES DE GAULLE),EASYJET AIRLINE COMPANY LTD,A,S, 30 , 0 , 80 , 10 , 3.33333333333333 , 6.66666666666667 , 0 , 0 , 9.53333333333333 , 0 , 30 , 93.3333333333333 , 4.96666666666667 
24-Aug-2005 11:52,200504,NEWCASTLE,FRANCE,PARIS (CHARLES DE GAULLE),EASYJET AIRLINE COMPANY LTD,D,S, 30 , 0 , 80 , 10 , 0 , 10 , 0 , 0 , 10.5333333333333 , 0 , 30 , 93.3333333333333 , 6.83333333333333 
24-Aug-2005 11:52,200504,NEWCASTLE,FRANCE,PARIS (CHARLES DE GAULLE),STAR EUROPE,A,C, 1 , 0 , 100 , 0 , 0 , 0 , 0 , 0 , 0 , 0 , 0 , 0 , 0 
24-Aug-2005 11:52,200504,NEWCASTLE,FRANCE,PARIS (CHARLES DE GAULLE),STAR EUROPE,D,C, 1 , 0 , 0 , 100 , 0 , 0 , 0 , 0 , 26 , 0 , 0 , 0 , 0 
24-Aug-2005 11:52,200504,NEWCASTLE,FRANCE,TARBES-LOURDES INTERNATIONAL,AIR MALTA,A,C, 0 , 0 , 0 , 0 , 0 , 0 , 0 , 0 , 0 , 0 , 1 , 0 , 37 
24-Aug-2005 11:52,200504,NEWCASTLE,FRANCE,TARBES-LOURDES INTERNATIONAL,AIR MALTA,D,C, 0 , 0 , 0 , 0 , 0 , 0 , 0 , 0 , 0 , 0 , 1 , 0 , 113 
24-Aug-2005 11:52,200504,NEWCASTLE,FRANCE,TARBES-LOURDES INTERNATIONAL,HAMBURG INTERNATIONAL,A,C, 1 , 0 , 0 , 0 , 0 , 100 , 0 , 0 , 101 , 0 , 0 , 0 , 0 
24-Aug-2005 11:52,200504,NEWCASTLE,FRANCE,TOULOUSE (BLAGNAC),SN BRUSSELS AIRLINES,A,C, 1 , 0 , 100 , 0 , 0 , 0 , 0 , 0 , 0 , 0 , 0 , 0 , 0 
24-Aug-2005 11:52,200504,NEWCASTLE,GERMANY,BERLIN (SCHONEFELD),EASYJET AIRLINE COMPANY LTD,A,S, 30 , 0 , 93.3333333333333 , 3.33333333333333 , 3.33333333333333 , 0 , 0 , 0 , 3.9 , 0 , 0 , 0 , 0 
24-Aug-2005 11:52,200504,NEWCASTLE,GERMANY,BERLIN (SCHONEFELD),EASYJET AIRLINE COMPANY LTD,D,S, 30 , 0 , 90 , 6.66666666666667 , 3.33333333333333 , 0 , 0 , 0 , 3.86666666666667 , 0 , 0 , 0 , 0 
24-Aug-2005 11:52,200504,NEWCASTLE,GERMANY,COLOGNE (BONN),HAPAG LLOYD EXPRESS,A,S, 16 , 0 , 93.75 , 6.25 , 0 , 0 , 0 , 0 , 3.4375 , 0 , 0 , 0 , 0 
24-Aug-2005 11:52,200504,NEWCASTLE,GERMANY,COLOGNE (BONN),HAPAG LLOYD EXPRESS,D,S, 16 , 0 , 87.5 , 12.5 , 0 , 0 , 0 , 0 , 3.6875 , 0 , 0 , 0 , 0 
24-Aug-2005 11:52,200504,NEWCASTLE,GERMANY,DUSSELDORF,EUROWINGS LUFTVERKEHRS,A,S, 25 , 0 , 88 , 4 , 8 , 0 , 0 , 0 , 4.72 , 0 , 25 , 100 , 1.24 
24-Aug-2005 11:52,200504,NEWCASTLE,GERMANY,DUSSELDORF,EUROWINGS LUFTVERKEHRS,D,S, 25 , 0 , 88 , 4 , 8 , 0 , 0 , 0 , 6.16 , 0 , 25 , 60 , 15.56 
24-Aug-2005 11:52,200504,NEWCASTLE,GERMANY,HANOVER,HAPAG LLOYD EXPRESS,A,S, 18 , 0 , 94.4444444444444 , 0 , 5.55555555555556 , 0 , 0 , 0 , 5.94444444444444 , 0 , 0 , 0 , 0 
24-Aug-2005 11:52,200504,NEWCASTLE,GERMANY,HANOVER,HAPAG LLOYD EXPRESS,D,S, 18 , 0 , 88.8888888888889 , 11.1111111111111 , 0 , 0 , 0 , 0 , 7.66666666666667 , 0 , 0 , 0 , 0 
24-Aug-2005 11:52,200504,NEWCASTLE,GERMANY,MUNICH,HAPAG LLOYD EXPRESS,A,S, 10 , 0 , 90 , 10 , 0 , 0 , 0 , 0 , 7.1 , 0 , 0 , 0 , 0 
24-Aug-2005 11:52,200504,NEWCASTLE,GERMANY,MUNICH,HAPAG LLOYD EXPRESS,D,S, 10 , 0 , 90 , 0 , 0 , 10 , 0 , 0 , 9.4 , 0 , 0 , 0 , 0 
24-Aug-2005 11:52,200504,NEWCASTLE,HUNGARY,BUDAPEST,EASYJET AIRLINE COMPANY LTD,A,S, 30 , 0 , 86.6666666666667 , 3.33333333333333 , 3.33333333333333 , 6.66666666666667 , 0 , 0 , 8.06666666666667 , 0 , 0 , 0 , 0 
24-Aug-2005 11:52,200504,NEWCASTLE,HUNGARY,BUDAPEST,EASYJET AIRLINE COMPANY LTD,D,S, 30 , 0 , 63.3333333333333 , 16.6666666666667 , 10 , 10 , 0 , 0 , 21.7666666666667 , 0 , 0 , 0 , 0 
24-Aug-2005 11:52,200504,NEWCASTLE,IRISH REPUBLIC,DUBLIN,RYANAIR,A,S, 56 , 0 , 75 , 5.35714285714286 , 3.57142857142857 , 16.0714285714286 , 0 , 0 , 17.5357142857143 , 0 , 60 , 90 , 7.5 
24-Aug-2005 11:52,200504,NEWCASTLE,IRISH REPUBLIC,DUBLIN,RYANAIR,D,S, 56 , 0 , 76.7857142857143 , 3.57142857142857 , 5.35714285714286 , 14.2857142857143 , 0 , 0 , 16.1785714285714 , 0 , 60 , 85 , 14.5333333333333 
24-Aug-2005 11:52,200504,NEWCASTLE,ITALY,BERGAMO,RYANAIR,A,S, 30 , 0 , 100 , 0 , 0 , 0 , 0 , 0 , 0 , 0 , 0 , 0 , 0 
24-Aug-2005 11:52,200504,NEWCASTLE,ITALY,BERGAMO,RYANAIR,D,S, 30 , 0 , 96.6666666666667 , 3.33333333333333 , 0 , 0 , 0 , 0 , 2.3 , 0 , 0 , 0 , 0 
24-Aug-2005 11:52,200504,NEWCASTLE,ITALY,BRESCIA/MONTICHIARI,EXCEL AIRWAYS LTD,A,C, 1 , 0 , 0 , 100 , 0 , 0 , 0 , 0 , 21 , 0 , 0 , 0 , 0 
24-Aug-2005 11:52,200504,NEWCASTLE,ITALY,BRESCIA/MONTICHIARI,EXCEL AIRWAYS LTD,D,C, 1 , 0 , 100 , 0 , 0 , 0 , 0 , 0 , 8 , 0 , 0 , 0 , 0 
24-Aug-2005 11:52,200504,NEWCASTLE,ITALY,ROME (CIAMPINO),EASYJET AIRLINE COMPANY LTD,A,S, 30 , 0 , 76.6666666666667 , 10 , 6.66666666666667 , 6.66666666666667 , 0 , 0 , 16.1 , 0 , 0 , 0 , 0 
24-Aug-2005 11:52,200504,NEWCASTLE,ITALY,ROME (CIAMPINO),EASYJET AIRLINE COMPANY LTD,D,S, 30 , 0 , 86.6666666666667 , 13.3333333333333 , 0 , 0 , 0 , 0 , 6.3 , 0 , 0 , 0 , 0 
24-Aug-2005 11:52,200504,NEWCASTLE,ITALY,VERONA VILLAFRANCA,AEROFLIGHT,A,C, 1 , 0 , 100 , 0 , 0 , 0 , 0 , 0 , 9 , 0 , 0 , 0 , 0 
24-Aug-2005 11:52,200504,NEWCASTLE,ITALY,VERONA VILLAFRANCA,AEROFLIGHT,D,C, 2 , 0 , 50 , 50 , 0 , 0 , 0 , 0 , 8 , 0 , 0 , 0 , 0 
24-Aug-2005 11:52,200504,NEWCASTLE,ITALY,VERONA VILLAFRANCA,AIR MALTA,A,C, 0 , 0 , 0 , 0 , 0 , 0 , 0 , 0 , 0 , 0 , 1 , 0 , 17 
24-Aug-2005 11:52,200504,NEWCASTLE,ITALY,VERONA VILLAFRANCA,FIRST CHOICE AIRWAYS LTD,D,C, 0 , 0 , 0 , 0 , 0 , 0 , 0 , 0 , 0 , 0 , 1 , 100 , 0 
24-Aug-2005 11:52,200504,NEWCASTLE,MALTA,MALTA,AIR MALTA,A,C, 4 , 0 , 75 , 25 , 0 , 0 , 0 , 0 , 9.75 , 0 , 4 , 25 , 19.75 
24-Aug-2005 11:52,200504,NEWCASTLE,MALTA,MALTA,AIR MALTA,D,C, 4 , 0 , 50 , 25 , 25 , 0 , 0 , 0 , 17.75 , 0 , 4 , 25 , 38.5 
24-Aug-2005 11:52,200504,NEWCASTLE,NETHERLANDS,AMSTERDAM,ASTRAEUS LTD,A,C, 0 , 0 , 0 , 0 , 0 , 0 , 0 , 0 , 0 , 0 , 1 , 100 , 0 
24-Aug-2005 11:52,200504,NEWCASTLE,NETHERLANDS,AMSTERDAM,ASTRAEUS LTD,D,C, 0 , 0 , 0 , 0 , 0 , 0 , 0 , 0 , 0 , 0 , 1 , 100 , 6 
24-Aug-2005 11:52,200504,NEWCASTLE,NETHERLANDS,AMSTERDAM,KLM CITYHOPPER,A,S, 142 , 0 , 80.2816901408451 , 9.85915492957746 , 7.74647887323944 , 2.11267605633803 , 0 , 0 , 8.76760563380282 , 0 , 144 , 81.25 , 7.58333333333333 
24-Aug-2005 11:52,200504,NEWCASTLE,NETHERLANDS,AMSTERDAM,KLM CITYHOPPER,D,S, 142 , 0 , 80.2816901408451 , 10.5633802816901 , 7.74647887323944 , 1.40845070422535 , 0 , 0 , 8.95070422535211 , 0 , 144 , 83.3333333333333 , 7.02083333333333 
24-Aug-2005 11:52,200504,NEWCASTLE,NETHERLANDS,EINDHOVEN,BRITISH AIRWAYS PLC,D,C, 0 , 0 , 0 , 0 , 0 , 0 , 0 , 0 , 0 , 0 , 1 , 100 , 7 
24-Aug-2005 11:52,200504,NEWCASTLE,NETHERLANDS,EINDHOVEN,STAR EUROPE,A,C, 0 , 0 , 0 , 0 , 0 , 0 , 0 , 0 , 0 , 0 , 1 , 100 , 12 
24-Aug-2005 11:52,200504,NEWCASTLE,NETHERLANDS,EINDHOVEN,STAR EUROPE,D,C, 0 , 0 , 0 , 0 , 0 , 0 , 0 , 0 , 0 , 0 , 1 , 0 , 26 
24-Aug-2005 11:52,200504,NEWCASTLE,NORWAY,STAVANGER,WIDEROE FLYVESELSKAP A/S,A,S, 24 , 0 , 79.1666666666667 , 12.5 , 4.16666666666667 , 4.16666666666667 , 0 , 0 , 9.75 , 1 , 48 , 93.75 , 5.8125 
24-Aug-2005 11:52,200504,NEWCASTLE,NORWAY,STAVANGER,WIDEROE FLYVESELSKAP A/S,D,S, 24 , 0 , 75 , 16.6666666666667 , 0 , 8.33333333333333 , 0 , 0 , 12.9583333333333 , 1 , 48 , 87.5 , 8.54166666666667 
24-Aug-2005 11:52,200504,NEWCASTLE,PORTUGAL(EXCLUDING MADEIRA),FARO,MY TRAVEL AIRWAYS UK,A,C, 4 , 0 , 100 , 0 , 0 , 0 , 0 , 0 , 3.25 , 0 , 4 , 100 , 0.75 
24-Aug-2005 11:52,200504,NEWCASTLE,PORTUGAL(EXCLUDING MADEIRA),FARO,MY TRAVEL AIRWAYS UK,D,C, 4 , 0 , 75 , 25 , 0 , 0 , 0 , 0 , 6.5 , 0 , 4 , 100 , 0.5 
24-Aug-2005 11:52,200504,NEWCASTLE,PORTUGAL(EXCLUDING MADEIRA),FARO,THOMAS COOK AIRLINES LTD,A,C, 4 , 0 , 100 , 0 , 0 , 0 , 0 , 0 , 1.25 , 0 , 4 , 25 , 21 
24-Aug-2005 11:52,200504,NEWCASTLE,PORTUGAL(EXCLUDING MADEIRA),FARO,THOMAS COOK AIRLINES LTD,D,C, 5 , 0 , 100 , 0 , 0 , 0 , 0 , 0 , 2 , 0 , 5 , 100 , 0 
24-Aug-2005 11:52,200504,NEWCASTLE,PORTUGAL(EXCLUDING MADEIRA),LISBON,AIR MALTA,A,C, 1 , 0 , 100 , 0 , 0 , 0 , 0 , 0 , 0 , 0 , 0 , 0 , 0 
24-Aug-2005 11:52,200504,NEWCASTLE,PORTUGAL(EXCLUDING MADEIRA),LISBON,AIR MALTA,D,C, 1 , 0 , 100 , 0 , 0 , 0 , 0 , 0 , 0 , 0 , 0 , 0 , 0 
24-Aug-2005 11:52,200504,NEWCASTLE,PORTUGAL(EXCLUDING MADEIRA),LISBON,AIR PORTUGAL,A,C, 2 , 0 , 100 , 0 , 0 , 0 , 0 , 0 , 6.5 , 0 , 0 , 0 , 0 
24-Aug-2005 11:52,200504,NEWCASTLE,PORTUGAL(EXCLUDING MADEIRA),LISBON,AIR PORTUGAL,D,C, 1 , 0 , 0 , 100 , 0 , 0 , 0 , 0 , 19 , 0 , 0 , 0 , 0 
24-Aug-2005 11:52,200504,NEWCASTLE,PORTUGAL(EXCLUDING MADEIRA),LISBON,ASTRAEUS LTD,D,C, 1 , 0 , 100 , 0 , 0 , 0 , 0 , 0 , 0 , 0 , 0 , 0 , 0 
24-Aug-2005 11:52,200504,NEWCASTLE,PORTUGAL(EXCLUDING MADEIRA),LISBON,SATA,A,C, 1 , 0 , 0 , 0 , 100 , 0 , 0 , 0 , 41 , 0 , 0 , 0 , 0 
24-Aug-2005 11:52,200504,NEWCASTLE,PORTUGAL(EXCLUDING MADEIRA),LISBON,SATA,D,C, 1 , 0 , 0 , 0 , 0 , 100 , 0 , 0 , 73 , 0 , 0 , 0 , 0 
24-Aug-2005 11:52,200504,NEWCASTLE,PORTUGAL(MADEIRA),FUNCHAL,SATA,A,C, 4 , 0 , 100 , 0 , 0 , 0 , 0 , 0 , 0.25 , 0 , 0 , 0 , 0 
24-Aug-2005 11:52,200504,NEWCASTLE,PORTUGAL(MADEIRA),FUNCHAL,SATA,D,C, 4 , 0 , 100 , 0 , 0 , 0 , 0 , 0 , 3.25 , 0 , 0 , 0 , 0 
24-Aug-2005 11:52,200504,NEWCASTLE,SPAIN,ALICANTE,BRITANNIA AIRWAYS AND THOMSONFLY,A,C, 9 , 0 , 88.8888888888889 , 11.1111111111111 , 0 , 0 , 0 , 0 , 4.77777777777778 , 0 , 13 , 92.3076923076923 , 7.61538461538462 
24-Aug-2005 11:52,200504,NEWCASTLE,SPAIN,ALICANTE,BRITANNIA AIRWAYS AND THOMSONFLY,D,C, 9 , 0 , 100 , 0 , 0 , 0 , 0 , 0 , 0.555555555555556 , 0 , 13 , 92.3076923076923 , 5.69230769230769 
24-Aug-2005 11:52,200504,NEWCASTLE,SPAIN,ALICANTE,EASYJET AIRLINE COMPANY LTD,A,S, 38 , 0 , 81.5789473684211 , 2.63157894736842 , 10.5263157894737 , 0 , 5.26315789473684 , 0 , 18.7894736842105 , 0 , 38 , 92.1052631578947 , 2.65789473684211 
24-Aug-2005 11:52,200504,NEWCASTLE,SPAIN,ALICANTE,EASYJET AIRLINE COMPANY LTD,D,S, 39 , 0 , 79.4871794871795 , 10.2564102564103 , 5.12820512820513 , 5.12820512820513 , 0 , 0 , 11.2820512820513 , 0 , 38 , 94.7368421052632 , 4.34210526315789 
24-Aug-2005 11:52,200504,NEWCASTLE,SPAIN,ALICANTE,MY TRAVEL AIRWAYS UK,A,C, 5 , 0 , 80 , 0 , 0 , 20 , 0 , 0 , 13.8 , 0 , 8 , 87.5 , 3.5 
24-Aug-2005 11:52,200504,NEWCASTLE,SPAIN,ALICANTE,MY TRAVEL AIRWAYS UK,D,C, 5 , 0 , 100 , 0 , 0 , 0 , 0 , 0 , 0.6 , 0 , 8 , 75 , 8.5 
24-Aug-2005 11:52,200504,NEWCASTLE,SPAIN,ALICANTE,THOMAS COOK AIRLINES LTD,A,C, 0 , 0 , 0 , 0 , 0 , 0 , 0 , 0 , 0 , 0 , 4 , 75 , 4.75 
24-Aug-2005 11:52,200504,NEWCASTLE,SPAIN,ALICANTE,THOMAS COOK AIRLINES LTD,D,C, 1 , 0 , 100 , 0 , 0 , 0 , 0 , 0 , 2 , 0 , 4 , 75 , 13 
24-Aug-2005 11:52,200504,NEWCASTLE,SPAIN,BARCELONA,EASYJET AIRLINE COMPANY LTD,A,S, 30 , 0 , 96.6666666666667 , 3.33333333333333 , 0 , 0 , 0 , 0 , 1.96666666666667 , 0 , 30 , 86.6666666666667 , 5.03333333333333 
24-Aug-2005 11:52,200504,NEWCASTLE,SPAIN,BARCELONA,EASYJET AIRLINE COMPANY LTD,D,S, 30 , 0 , 93.3333333333333 , 3.33333333333333 , 3.33333333333333 , 0 , 0 , 0 , 4.8 , 0 , 30 , 73.3333333333333 , 12.5 
24-Aug-2005 11:52,200504,NEWCASTLE,SPAIN,MAHON,THOMAS COOK AIRLINES LTD,D,C, 0 , 0 , 0 , 0 , 0 , 0 , 0 , 0 , 0 , 0 , 1 , 100 , 2 
24-Aug-2005 11:52,200504,NEWCASTLE,SPAIN,MALAGA,BRITANNIA AIRWAYS AND THOMSONFLY,A,C, 4 , 0 , 100 , 0 , 0 , 0 , 0 , 0 , 0.75 , 0 , 8 , 87.5 , 3.75 
24-Aug-2005 11:52,200504,NEWCASTLE,SPAIN,MALAGA,BRITANNIA AIRWAYS AND THOMSONFLY,D,C, 4 , 0 , 100 , 0 , 0 , 0 , 0 , 0 , 0.75 , 0 , 9 , 100 , 0 
24-Aug-2005 11:52,200504,NEWCASTLE,SPAIN,MALAGA,EASYJET AIRLINE COMPANY LTD,A,S, 35 , 0 , 82.8571428571429 , 8.57142857142857 , 8.57142857142857 , 0 , 0 , 0 , 8.57142857142857 , 0 , 30 , 73.3333333333333 , 7.96666666666667 
24-Aug-2005 11:52,200504,NEWCASTLE,SPAIN,MALAGA,EASYJET AIRLINE COMPANY LTD,D,S, 35 , 0 , 91.4285714285714 , 8.57142857142857 , 0 , 0 , 0 , 0 , 4.08571428571429 , 0 , 30 , 86.6666666666667 , 7.13333333333333 
24-Aug-2005 11:52,200504,NEWCASTLE,SPAIN,MALAGA,MY TRAVEL AIRWAYS UK,A,C, 4 , 0 , 100 , 0 , 0 , 0 , 0 , 0 , 2 , 0 , 4 , 100 , 6 
24-Aug-2005 11:52,200504,NEWCASTLE,SPAIN,MALAGA,MY TRAVEL AIRWAYS UK,D,C, 4 , 0 , 75 , 25 , 0 , 0 , 0 , 0 , 6 , 0 , 4 , 100 , 0 
24-Aug-2005 11:52,200504,NEWCASTLE,SPAIN,MALAGA,THOMAS COOK AIRLINES LTD,A,C, 0 , 0 , 0 , 0 , 0 , 0 , 0 , 0 , 0 , 0 , 4 , 100 , 0.25 
24-Aug-2005 11:52,200504,NEWCASTLE,SPAIN,MALAGA,THOMAS COOK AIRLINES LTD,D,C, 0 , 0 , 0 , 0 , 0 , 0 , 0 , 0 , 0 , 0 , 4 , 100 , 0 
24-Aug-2005 11:52,200504,NEWCASTLE,SPAIN,PALMA DE MALLORCA,BRITANNIA AIRWAYS AND THOMSONFLY,A,C, 5 , 0 , 80 , 20 , 0 , 0 , 0 , 0 , 5.2 , 0 , 5 , 80 , 6.8 
24-Aug-2005 11:52,200504,NEWCASTLE,SPAIN,PALMA DE MALLORCA,BRITANNIA AIRWAYS AND THOMSONFLY,D,C, 5 , 0 , 100 , 0 , 0 , 0 , 0 , 0 , 0 , 0 , 5 , 100 , 0.6 
24-Aug-2005 11:52,200504,NEWCASTLE,SPAIN,PALMA DE MALLORCA,EASYJET AIRLINE COMPANY LTD,A,S, 30 , 1 , 76.6666666666667 , 10 , 3.33333333333333 , 10 , 0 , 0 , 14.7 , 0 , 16 , 87.5 , 4.125 
24-Aug-2005 11:52,200504,NEWCASTLE,SPAIN,PALMA DE MALLORCA,EASYJET AIRLINE COMPANY LTD,D,S, 30 , 0 , 76.6666666666667 , 6.66666666666667 , 6.66666666666667 , 10 , 0 , 0 , 15.5333333333333 , 0 , 16 , 75 , 8.9375 
24-Aug-2005 11:52,200504,NEWCASTLE,SPAIN,PALMA DE MALLORCA,FUTURA AIRLINES,A,C, 0 , 0 , 0 , 0 , 0 , 0 , 0 , 0 , 0 , 0 , 3 , 0 , 17 
24-Aug-2005 11:52,200504,NEWCASTLE,SPAIN,PALMA DE MALLORCA,FUTURA AIRLINES,D,C, 0 , 0 , 0 , 0 , 0 , 0 , 0 , 0 , 0 , 0 , 4 , 100 , 8 
24-Aug-2005 11:52,200504,NEWCASTLE,SPAIN,PALMA DE MALLORCA,GREECE AIRWAYS,A,S, 0 , 0 , 0 , 0 , 0 , 0 , 0 , 0 , 0 , 0 , 2 , 100 , 0 
24-Aug-2005 11:52,200504,NEWCASTLE,SPAIN,PALMA DE MALLORCA,GREECE AIRWAYS,D,S, 0 , 0 , 0 , 0 , 0 , 0 , 0 , 0 , 0 , 0 , 3 , 33.3333333333333 , 46.3333333333333 
24-Aug-2005 11:52,200504,NEWCASTLE,SPAIN,PALMA DE MALLORCA,MY TRAVEL AIRWAYS UK,A,C, 5 , 0 , 100 , 0 , 0 , 0 , 0 , 0 , 0.6 , 0 , 4 , 100 , 0 
24-Aug-2005 11:52,200504,NEWCASTLE,SPAIN,PALMA DE MALLORCA,MY TRAVEL AIRWAYS UK,D,C, 5 , 0 , 80 , 0 , 20 , 0 , 0 , 0 , 7.2 , 0 , 5 , 100 , 1 
24-Aug-2005 11:52,200504,NEWCASTLE,SPAIN,PALMA DE MALLORCA,THOMAS COOK AIRLINES LTD,A,C, 0 , 0 , 0 , 0 , 0 , 0 , 0 , 0 , 0 , 0 , 3 , 66.6666666666667 , 23 
24-Aug-2005 11:52,200504,NEWCASTLE,SPAIN,PALMA DE MALLORCA,THOMAS COOK AIRLINES LTD,D,C, 0 , 0 , 0 , 0 , 0 , 0 , 0 , 0 , 0 , 0 , 4 , 75 , 21.25 
24-Aug-2005 11:52,200504,NEWCASTLE,SPAIN,REUS,MY TRAVEL AIRWAYS UK,A,C, 0 , 0 , 0 , 0 , 0 , 0 , 0 , 0 , 0 , 0 , 3 , 100 , 4 
24-Aug-2005 11:52,200504,NEWCASTLE,SPAIN,REUS,MY TRAVEL AIRWAYS UK,D,C, 0 , 0 , 0 , 0 , 0 , 0 , 0 , 0 , 0 , 0 , 4 , 100 , 0 
24-Aug-2005 11:52,200504,NEWCASTLE,SPAIN(CANARY ISLANDS),ARRECIFE,BRITANNIA AIRWAYS AND THOMSONFLY,A,C, 4 , 0 , 100 , 0 , 0 , 0 , 0 , 0 , 0.75 , 0 , 4 , 100 , 0 
24-Aug-2005 11:52,200504,NEWCASTLE,SPAIN(CANARY ISLANDS),ARRECIFE,BRITANNIA AIRWAYS AND THOMSONFLY,D,C, 4 , 0 , 100 , 0 , 0 , 0 , 0 , 0 , 0.5 , 0 , 4 , 100 , 0.25 
24-Aug-2005 11:52,200504,NEWCASTLE,SPAIN(CANARY ISLANDS),ARRECIFE,MY TRAVEL AIRWAYS UK,A,C, 4 , 0 , 100 , 0 , 0 , 0 , 0 , 0 , 0 , 0 , 5 , 80 , 12 
24-Aug-2005 11:52,200504,NEWCASTLE,SPAIN(CANARY ISLANDS),ARRECIFE,MY TRAVEL AIRWAYS UK,D,C, 4 , 0 , 100 , 0 , 0 , 0 , 0 , 0 , 1 , 0 , 5 , 100 , 2.6 
24-Aug-2005 11:52,200504,NEWCASTLE,SPAIN(CANARY ISLANDS),ARRECIFE,THOMAS COOK AIRLINES LTD,A,C, 4 , 0 , 75 , 25 , 0 , 0 , 0 , 0 , 9 , 0 , 5 , 60 , 17.8 
24-Aug-2005 11:52,200504,NEWCASTLE,SPAIN(CANARY ISLANDS),ARRECIFE,THOMAS COOK AIRLINES LTD,D,C, 4 , 0 , 100 , 0 , 0 , 0 , 0 , 0 , 3.75 , 0 , 6 , 50 , 11.6666666666667 
24-Aug-2005 11:52,200504,NEWCASTLE,SPAIN(CANARY ISLANDS),FUERTEVENTURA,MY TRAVEL AIRWAYS UK,A,C, 4 , 0 , 100 , 0 , 0 , 0 , 0 , 0 , 0 , 0 , 4 , 100 , 0 
24-Aug-2005 11:52,200504,NEWCASTLE,SPAIN(CANARY ISLANDS),FUERTEVENTURA,MY TRAVEL AIRWAYS UK,D,C, 4 , 0 , 100 , 0 , 0 , 0 , 0 , 0 , 0 , 0 , 4 , 100 , 3.25 
24-Aug-2005 11:52,200504,NEWCASTLE,SPAIN(CANARY ISLANDS),FUERTEVENTURA,THOMAS COOK AIRLINES LTD,A,C, 4 , 0 , 75 , 25 , 0 , 0 , 0 , 0 , 6.75 , 0 , 0 , 0 , 0 
24-Aug-2005 11:52,200504,NEWCASTLE,SPAIN(CANARY ISLANDS),FUERTEVENTURA,THOMAS COOK AIRLINES LTD,D,C, 4 , 0 , 100 , 0 , 0 , 0 , 0 , 0 , 4.5 , 0 , 0 , 0 , 0 
24-Aug-2005 11:52,200504,NEWCASTLE,SPAIN(CANARY ISLANDS),LAS PALMAS,BRITANNIA AIRWAYS AND THOMSONFLY,A,C, 4 , 0 , 100 , 0 , 0 , 0 , 0 , 0 , 0 , 0 , 4 , 100 , 4.5 
24-Aug-2005 11:52,200504,NEWCASTLE,SPAIN(CANARY ISLANDS),LAS PALMAS,BRITANNIA AIRWAYS AND THOMSONFLY,D,C, 4 , 0 , 100 , 0 , 0 , 0 , 0 , 0 , 0.75 , 0 , 4 , 100 , 0.75 
24-Aug-2005 11:52,200504,NEWCASTLE,SPAIN(CANARY ISLANDS),LAS PALMAS,MY TRAVEL AIRWAYS UK,A,C, 4 , 0 , 100 , 0 , 0 , 0 , 0 , 0 , 2.75 , 0 , 4 , 75 , 9 
24-Aug-2005 11:52,200504,NEWCASTLE,SPAIN(CANARY ISLANDS),LAS PALMAS,MY TRAVEL AIRWAYS UK,D,C, 4 , 0 , 75 , 25 , 0 , 0 , 0 , 0 , 4 , 0 , 4 , 100 , 0.25 
24-Aug-2005 11:52,200504,NEWCASTLE,SPAIN(CANARY ISLANDS),LAS PALMAS,THOMAS COOK AIRLINES LTD,A,C, 4 , 0 , 100 , 0 , 0 , 0 , 0 , 0 , 1.25 , 0 , 4 , 100 , 3.5 
24-Aug-2005 11:52,200504,NEWCASTLE,SPAIN(CANARY ISLANDS),LAS PALMAS,THOMAS COOK AIRLINES LTD,D,C, 4 , 0 , 100 , 0 , 0 , 0 , 0 , 0 , 0 , 0 , 4 , 100 , 0 
24-Aug-2005 11:52,200504,NEWCASTLE,SPAIN(CANARY ISLANDS),TENERIFE (SURREINA SOFIA),BRITANNIA AIRWAYS AND THOMSONFLY,A,C, 9 , 0 , 100 , 0 , 0 , 0 , 0 , 0 , 0 , 0 , 8 , 100 , 0.125 
24-Aug-2005 11:52,200504,NEWCASTLE,SPAIN(CANARY ISLANDS),TENERIFE (SURREINA SOFIA),BRITANNIA AIRWAYS AND THOMSONFLY,D,C, 9 , 0 , 100 , 0 , 0 , 0 , 0 , 0 , 1.11111111111111 , 0 , 9 , 100 , 0.888888888888889 
24-Aug-2005 11:52,200504,NEWCASTLE,SPAIN(CANARY ISLANDS),TENERIFE (SURREINA SOFIA),FUTURA AIRLINES,A,C, 5 , 0 , 60 , 0 , 20 , 20 , 0 , 0 , 21 , 0 , 5 , 60 , 31 
24-Aug-2005 11:52,200504,NEWCASTLE,SPAIN(CANARY ISLANDS),TENERIFE (SURREINA SOFIA),FUTURA AIRLINES,D,C, 5 , 0 , 80 , 20 , 0 , 0 , 0 , 0 , 7.4 , 0 , 5 , 80 , 27.4 
24-Aug-2005 11:52,200504,NEWCASTLE,SPAIN(CANARY ISLANDS),TENERIFE (SURREINA SOFIA),MY TRAVEL AIRWAYS UK,A,C, 9 , 0 , 77.7777777777778 , 11.1111111111111 , 0 , 11.1111111111111 , 0 , 0 , 10.3333333333333 , 0 , 9 , 88.8888888888889 , 2.66666666666667 
24-Aug-2005 11:52,200504,NEWCASTLE,SPAIN(CANARY ISLANDS),TENERIFE (SURREINA SOFIA),MY TRAVEL AIRWAYS UK,D,C, 9 , 0 , 88.8888888888889 , 0 , 0 , 11.1111111111111 , 0 , 0 , 7.22222222222222 , 0 , 9 , 100 , 0.555555555555556 
24-Aug-2005 11:52,200504,NEWCASTLE,SPAIN(CANARY ISLANDS),TENERIFE (SURREINA SOFIA),THOMAS COOK AIRLINES LTD,A,C, 5 , 0 , 100 , 0 , 0 , 0 , 0 , 0 , 0.4 , 0 , 8 , 87.5 , 6.625 
24-Aug-2005 11:52,200504,NEWCASTLE,SPAIN(CANARY ISLANDS),TENERIFE (SURREINA SOFIA),THOMAS COOK AIRLINES LTD,D,C, 5 , 0 , 100 , 0 , 0 , 0 , 0 , 0 , 0.2 , 0 , 9 , 77.7777777777778 , 22.3333333333333 
24-Aug-2005 11:52,200504,NEWCASTLE,SPAIN(CANARY ISLANDS),TENERIFE (SURREINA SOFIA),VOLAR AIRLINES,A,C, 5 , 0 , 80 , 20 , 0 , 0 , 0 , 0 , 5 , 0 , 5 , 60 , 7.4 
24-Aug-2005 11:52,200504,NEWCASTLE,SPAIN(CANARY ISLANDS),TENERIFE (SURREINA SOFIA),VOLAR AIRLINES,D,C, 5 , 0 , 100 , 0 , 0 , 0 , 0 , 0 , 3.2 , 0 , 5 , 60 , 7.6 
24-Aug-2005 11:52,200504,NEWCASTLE,SWITZERLAND,GENEVA,BRITISH AIRWAYS PLC,A,C, 2 , 0 , 0 , 50 , 50 , 0 , 0 , 0 , 30.5 , 0 , 0 , 0 , 0 
24-Aug-2005 11:52,200504,NEWCASTLE,SWITZERLAND,GENEVA,BRITISH AIRWAYS PLC,D,C, 1 , 0 , 0 , 0 , 100 , 0 , 0 , 0 , 31 , 0 , 0 , 0 , 0 
24-Aug-2005 11:52,200504,NEWCASTLE,SWITZERLAND,GENEVA,EASYJET AIRLINE COMPANY LTD,A,S, 30 , 0 , 86.6666666666667 , 10 , 3.33333333333333 , 0 , 0 , 0 , 4.66666666666667 , 0 , 0 , 0 , 0 
24-Aug-2005 11:52,200504,NEWCASTLE,SWITZERLAND,GENEVA,EASYJET AIRLINE COMPANY LTD,D,S, 30 , 0 , 83.3333333333333 , 13.3333333333333 , 3.33333333333333 , 0 , 0 , 0 , 8.03333333333333 , 0 , 0 , 0 , 0 
24-Aug-2005 11:52,200504,NEWCASTLE,SWITZERLAND,GENEVA,FLYBE.BRITISH EUROPEAN,A,C, 0 , 0 , 0 , 0 , 0 , 0 , 0 , 0 , 0 , 0 , 3 , 100 , 2.33333333333333 
24-Aug-2005 11:52,200504,NEWCASTLE,SWITZERLAND,GENEVA,FLYBE.BRITISH EUROPEAN,D,C, 0 , 0 , 0 , 0 , 0 , 0 , 0 , 0 , 0 , 0 , 2 , 100 , 4.5 
24-Aug-2005 11:52,200504,NEWCASTLE,TUNISIA,MONASTIR,BRITANNIA AIRWAYS AND THOMSONFLY,A,C, 4 , 0 , 50 , 0 , 50 , 0 , 0 , 0 , 19.75 , 0 , 0 , 0 , 0 
24-Aug-2005 11:52,200504,NEWCASTLE,TUNISIA,MONASTIR,BRITANNIA AIRWAYS AND THOMSONFLY,D,C, 4 , 0 , 100 , 0 , 0 , 0 , 0 , 0 , 0 , 0 , 0 , 0 , 0 
24-Aug-2005 11:52,200504,NEWCASTLE,TUNISIA,MONASTIR,NOUVELAIR TUNISIE,A,C, 3 , 1 , 33.3333333333333 , 0 , 33.3333333333333 , 33.3333333333333 , 0 , 0 , 50 , 0 , 4 , 0 , 124 
24-Aug-2005 11:52,200504,NEWCASTLE,TUNISIA,MONASTIR,NOUVELAIR TUNISIE,D,C, 2 , 1 , 0 , 50 , 0 , 50 , 0 , 0 , 69.5 , 0 , 4 , 50 , 118.75 
24-Aug-2005 11:52,200504,NEWCASTLE,TURKEY,ANTALYA,THOMAS COOK AIRLINES LTD,A,C, 4 , 0 , 100 , 0 , 0 , 0 , 0 , 0 , 3.25 , 0 , 0 , 0 , 0 
24-Aug-2005 11:52,200504,NEWCASTLE,TURKEY,ANTALYA,THOMAS COOK AIRLINES LTD,D,C, 4 , 0 , 100 , 0 , 0 , 0 , 0 , 0 , 1.5 , 0 , 0 , 0 , 0 
24-Aug-2005 11:52,200504,NEWCASTLE,UNITED KINGDOM,ABERDEEN,EASTERN AIRWAYS,A,S, 107 , 0 , 87.8504672897196 , 4.67289719626168 , 0.934579439252336 , 6.54205607476636 , 0 , 0 , 8.94392523364486 , 2 , 105 , 72.3809523809524 , 11.1142857142857 
24-Aug-2005 11:52,200504,NEWCASTLE,UNITED KINGDOM,ABERDEEN,EASTERN AIRWAYS,D,S, 108 , 0 , 86.1111111111111 , 3.7037037037037 , 2.77777777777778 , 7.40740740740741 , 0 , 0 , 9.86111111111111 , 1 , 103 , 89.3203883495146 , 10.9708737864078 
24-Aug-2005 11:52,200504,NEWCASTLE,UNITED KINGDOM,BELFAST CITY,FLYBE.BRITISH EUROPEAN,A,S, 76 , 0 , 85.5263157894737 , 9.21052631578947 , 2.63157894736842 , 2.63157894736842 , 0 , 0 , 9.57894736842105 , 0 , 84 , 83.3333333333333 , 9.32142857142857 
24-Aug-2005 11:52,200504,NEWCASTLE,UNITED KINGDOM,BELFAST CITY,FLYBE.BRITISH EUROPEAN,D,S, 76 , 0 , 89.4736842105263 , 5.26315789473684 , 1.31578947368421 , 2.63157894736842 , 1.31578947368421 , 0 , 10.2368421052632 , 0 , 84 , 72.6190476190476 , 13.7380952380952 
24-Aug-2005 11:52,200504,NEWCASTLE,UNITED KINGDOM,BELFAST INTERNATIONAL,EASYJET AIRLINE COMPANY LTD,A,S, 81 , 0 , 82.7160493827161 , 9.87654320987654 , 3.7037037037037 , 3.7037037037037 , 0 , 0 , 9.85185185185185 , 0 , 60 , 86.6666666666667 , 7.61666666666667 
24-Aug-2005 11:52,200504,NEWCASTLE,UNITED KINGDOM,BELFAST INTERNATIONAL,EASYJET AIRLINE COMPANY LTD,D,S, 81 , 0 , 80.2469135802469 , 11.1111111111111 , 2.46913580246914 , 4.93827160493827 , 1.23456790123457 , 0 , 14.5679012345679 , 0 , 60 , 90 , 7.08333333333333 
24-Aug-2005 11:52,200504,NEWCASTLE,UNITED KINGDOM,BIRMINGHAM,EASTERN AIRWAYS,A,S, 82 , 0 , 91.4634146341463 , 2.4390243902439 , 1.21951219512195 , 4.8780487804878 , 0 , 0 , 5.26829268292683 , 2 , 78 , 69.2307692307692 , 19.0512820512821 
24-Aug-2005 11:52,200504,NEWCASTLE,UNITED KINGDOM,BIRMINGHAM,EASTERN AIRWAYS,D,S, 82 , 0 , 93.9024390243902 , 1.21951219512195 , 0 , 4.8780487804878 , 0 , 0 , 5.68292682926829 , 2 , 78 , 91.025641025641 , 6.76923076923077 
24-Aug-2005 11:52,200504,NEWCASTLE,UNITED KINGDOM,BRISTOL,EASYJET AIRLINE COMPANY LTD,A,S, 86 , 0 , 89.5348837209302 , 2.32558139534884 , 2.32558139534884 , 4.65116279069767 , 1.16279069767442 , 0 , 9.76744186046512 , 0 , 86 , 84.8837209302326 , 8.61627906976744 
24-Aug-2005 11:52,200504,NEWCASTLE,UNITED KINGDOM,BRISTOL,EASYJET AIRLINE COMPANY LTD,D,S, 86 , 0 , 88.3720930232558 , 3.48837209302326 , 4.65116279069767 , 2.32558139534884 , 1.16279069767442 , 0 , 10.8139534883721 , 0 , 86 , 86.046511627907 , 8.63953488372093 
24-Aug-2005 11:52,200504,NEWCASTLE,UNITED KINGDOM,CARDIFF WALES,AEROFLIGHT,A,C, 2 , 0 , 0 , 50 , 50 , 0 , 0 , 0 , 34.5 , 0 , 0 , 0 , 0 
24-Aug-2005 11:52,200504,NEWCASTLE,UNITED KINGDOM,CARDIFF WALES,AEROFLIGHT,D,C, 2 , 0 , 50 , 50 , 0 , 0 , 0 , 0 , 9 , 0 , 0 , 0 , 0 
24-Aug-2005 11:52,200504,NEWCASTLE,UNITED KINGDOM,CARDIFF WALES,AIR WALES LTD,A,S, 0 , 0 , 0 , 0 , 0 , 0 , 0 , 0 , 0 , 0 , 48 , 81.25 , 13.1458333333333 
24-Aug-2005 11:52,200504,NEWCASTLE,UNITED KINGDOM,CARDIFF WALES,AIR WALES LTD,D,S, 0 , 0 , 0 , 0 , 0 , 0 , 0 , 0 , 0 , 0 , 48 , 83.3333333333333 , 10.8125 
24-Aug-2005 11:52,200504,NEWCASTLE,UNITED KINGDOM,CARDIFF WALES,BRITANNIA AIRWAYS AND THOMSONFLY,A,C, 1 , 0 , 0 , 100 , 0 , 0 , 0 , 0 , 29 , 0 , 0 , 0 , 0 
24-Aug-2005 11:52,200504,NEWCASTLE,UNITED KINGDOM,CARDIFF WALES,BRITANNIA AIRWAYS AND THOMSONFLY,D,C, 1 , 0 , 100 , 0 , 0 , 0 , 0 , 0 , 0 , 0 , 0 , 0 , 0 
24-Aug-2005 11:52,200504,NEWCASTLE,UNITED KINGDOM,CARDIFF WALES,EASTERN AIRWAYS,A,C, 1 , 0 , 0 , 0 , 100 , 0 , 0 , 0 , 42 , 0 , 0 , 0 , 0 
24-Aug-2005 11:52,200504,NEWCASTLE,UNITED KINGDOM,CARDIFF WALES,EASTERN AIRWAYS,D,C, 1 , 0 , 0 , 0 , 100 , 0 , 0 , 0 , 44 , 0 , 0 , 0 , 0 
24-Aug-2005 11:52,200504,NEWCASTLE,UNITED KINGDOM,CARDIFF WALES,FIRST CHOICE AIRWAYS LTD,A,C, 3 , 0 , 66.6666666666667 , 33.3333333333333 , 0 , 0 , 0 , 0 , 6 , 0 , 0 , 0 , 0 
24-Aug-2005 11:52,200504,NEWCASTLE,UNITED KINGDOM,CARDIFF WALES,FIRST CHOICE AIRWAYS LTD,D,C, 3 , 0 , 100 , 0 , 0 , 0 , 0 , 0 , 0 , 0 , 0 , 0 , 0 
24-Aug-2005 11:52,200504,NEWCASTLE,UNITED KINGDOM,CARDIFF WALES,MONARCH AIRLINES,A,C, 2 , 0 , 0 , 0 , 50 , 0 , 50 , 0 , 138.5 , 0 , 0 , 0 , 0 
24-Aug-2005 11:52,200504,NEWCASTLE,UNITED KINGDOM,CARDIFF WALES,MONARCH AIRLINES,D,C, 2 , 0 , 100 , 0 , 0 , 0 , 0 , 0 , 5.5 , 0 , 0 , 0 , 0 
24-Aug-2005 11:52,200504,NEWCASTLE,UNITED KINGDOM,CARDIFF WALES,THOMAS COOK AIRLINES LTD,A,C, 2 , 0 , 100 , 0 , 0 , 0 , 0 , 0 , 7 , 0 , 0 , 0 , 0 
24-Aug-2005 11:52,200504,NEWCASTLE,UNITED KINGDOM,CARDIFF WALES,THOMAS COOK AIRLINES LTD,D,C, 1 , 0 , 100 , 0 , 0 , 0 , 0 , 0 , 1 , 0 , 0 , 0 , 0 
24-Aug-2005 11:52,200504,NEWCASTLE,UNITED KINGDOM,EXETER,FLYBE.BRITISH EUROPEAN,A,S, 30 , 0 , 83.3333333333333 , 6.66666666666667 , 3.33333333333333 , 6.66666666666667 , 0 , 0 , 13.2333333333333 , 0 , 0 , 0 , 0 
24-Aug-2005 11:52,200504,NEWCASTLE,UNITED KINGDOM,EXETER,FLYBE.BRITISH EUROPEAN,D,S, 30 , 0 , 80 , 10 , 3.33333333333333 , 6.66666666666667 , 0 , 0 , 13.3666666666667 , 0 , 0 , 0 , 0 
24-Aug-2005 11:52,200504,NEWCASTLE,UNITED KINGDOM,GATWICK,BRITISH AIRWAYS PLC,A,S, 113 , 0 , 93.8053097345133 , 0.884955752212389 , 4.42477876106195 , 0.884955752212389 , 0 , 0 , 5.11504424778761 , 0 , 114 , 92.1052631578947 , 2.91228070175439 
24-Aug-2005 11:52,200504,NEWCASTLE,UNITED KINGDOM,GATWICK,BRITISH AIRWAYS PLC,D,S, 113 , 0 , 84.070796460177 , 10.6194690265487 , 4.42477876106195 , 0.884955752212389 , 0 , 0 , 7.98230088495575 , 0 , 114 , 86.8421052631579 , 6.43859649122807 
24-Aug-2005 11:52,200504,NEWCASTLE,UNITED KINGDOM,HEATHROW,BRITISH AIRWAYS PLC,A,S, 196 , 0 , 70.9183673469388 , 18.8775510204082 , 6.63265306122449 , 3.57142857142857 , 0 , 0 , 12.2091836734694 , 0 , 166 , 72.8915662650602 , 10.4397590361446 
24-Aug-2005 11:52,200504,NEWCASTLE,UNITED KINGDOM,HEATHROW,BRITISH AIRWAYS PLC,D,S, 196 , 0 , 82.1428571428571 , 10.2040816326531 , 5.10204081632653 , 2.55102040816327 , 0 , 0 , 8.73979591836735 , 0 , 166 , 84.9397590361446 , 6.87349397590361 
24-Aug-2005 11:52,200504,NEWCASTLE,UNITED KINGDOM,ISLE OF MAN,EASTERN AIRWAYS,A,S, 21 , 5 , 100 , 0 , 0 , 0 , 0 , 0 , 4.76190476190476E-02 , 4 , 21 , 95.2380952380952 , 1.76190476190476 
24-Aug-2005 11:52,200504,NEWCASTLE,UNITED KINGDOM,ISLE OF MAN,EASTERN AIRWAYS,D,S, 25 , 1 , 84 , 0 , 0 , 16 , 0 , 0 , 20.44 , 0 , 22 , 95.4545454545455 , 7.86363636363636 
24-Aug-2005 11:52,200504,NEWCASTLE,UNITED KINGDOM,KENT INTERNATIONAL,EUJET,A,S, 25 , 0 , 60 , 20 , 16 , 0 , 4 , 0 , 21.96 , 0 , 0 , 0 , 0 
24-Aug-2005 11:52,200504,NEWCASTLE,UNITED KINGDOM,KENT INTERNATIONAL,EUJET,D,S, 25 , 0 , 60 , 20 , 12 , 4 , 4 , 0 , 21.32 , 0 , 0 , 0 , 0 
24-Aug-2005 11:52,200504,NEWCASTLE,UNITED KINGDOM,LUTON,FLIGHTLINE LTD,A,C, 0 , 0 , 0 , 0 , 0 , 0 , 0 , 0 , 0 , 0 , 1 , 0 , 25 
24-Aug-2005 11:52,200504,NEWCASTLE,UNITED KINGDOM,LUTON,FLIGHTLINE LTD,D,C, 0 , 0 , 0 , 0 , 0 , 0 , 0 , 0 , 0 , 0 , 1 , 0 , 25 
24-Aug-2005 11:52,200504,NEWCASTLE,UNITED KINGDOM,NOTTINGHAM EAST MIDLANDS INT'L,EASTERN AIRWAYS,D,S, 0 , 1 , 0 , 0 , 0 , 0 , 0 , 0 , 0 , 0 , 0 , 0 , 0 
24-Aug-2005 11:52,200504,NEWCASTLE,UNITED KINGDOM,PLYMOUTH,AIR WALES LTD,A,S, 48 , 0 , 43.75 , 10.4166666666667 , 16.6666666666667 , 29.1666666666667 , 0 , 0 , 39.5208333333333 , 0 , 0 , 0 , 0 
24-Aug-2005 11:52,200504,NEWCASTLE,UNITED KINGDOM,PLYMOUTH,AIR WALES LTD,D,S, 48 , 0 , 41.6666666666667 , 8.33333333333333 , 22.9166666666667 , 27.0833333333333 , 0 , 0 , 38.1875 , 0 , 0 , 0 , 0 
24-Aug-2005 11:52,200504,NEWCASTLE,UNITED KINGDOM,SOUTHAMPTON,EASTERN AIRWAYS,A,S, 67 , 0 , 82.089552238806 , 7.46268656716418 , 1.49253731343284 , 8.95522388059702 , 0 , 0 , 11.6268656716418 , 0 , 66 , 87.8787878787879 , 11.8484848484848 
24-Aug-2005 11:52,200504,NEWCASTLE,UNITED KINGDOM,SOUTHAMPTON,EASTERN AIRWAYS,D,S, 67 , 0 , 91.044776119403 , 1.49253731343284 , 0 , 7.46268656716418 , 0 , 0 , 7.56716417910448 , 0 , 67 , 92.5373134328358 , 8.37313432835821 
24-Aug-2005 11:52,200504,NEWCASTLE,UNITED KINGDOM,SOUTHAMPTON,FLYBE.BRITISH EUROPEAN,A,S, 30 , 0 , 73.3333333333333 , 3.33333333333333 , 10 , 13.3333333333333 , 0 , 0 , 18.4333333333333 , 0 , 0 , 0 , 0 
24-Aug-2005 11:52,200504,NEWCASTLE,UNITED KINGDOM,SOUTHAMPTON,FLYBE.BRITISH EUROPEAN,D,S, 30 , 0 , 70 , 3.33333333333333 , 13.3333333333333 , 13.3333333333333 , 0 , 0 , 22.9666666666667 , 0 , 0 , 0 , 0 
24-Aug-2005 11:52,200504,NEWCASTLE,UNITED KINGDOM,STANSTED,EASYJET AIRLINE COMPANY LTD,A,S, 115 , 0 , 94.7826086956522 , 4.34782608695652 , 0.869565217391304 , 0 , 0 , 0 , 3.51304347826087 , 0 , 124 , 79.8387096774193 , 9.5 
24-Aug-2005 11:52,200504,NEWCASTLE,UNITED KINGDOM,STANSTED,EASYJET AIRLINE COMPANY LTD,D,S, 116 , 0 , 82.7586206896552 , 12.0689655172414 , 1.72413793103448 , 0.862068965517241 , 2.58620689655172 , 0 , 12.8706896551724 , 0 , 123 , 81.3008130081301 , 12.4878048780488 
24-Aug-2005 11:52,200504,NEWCASTLE,USA,SANFORD,MY TRAVEL AIRWAYS UK,A,C, 0 , 0 , 0 , 0 , 0 , 0 , 0 , 0 , 0 , 0 , 3 , 33.3333333333333 , 470.666666666667 
24-Aug-2005 11:52,200504,NEWCASTLE,USA,SANFORD,MY TRAVEL AIRWAYS UK,D,C, 0 , 0 , 0 , 0 , 0 , 0 , 0 , 0 , 0 , 0 , 4 , 0 , 80 
24-Aug-2005 11:52,200504,STANSTED,AUSTRIA,GRAZ,RYANAIR,A,S, 30 , 0 , 80 , 13.3333333333333 , 6.66666666666667 , 0 , 0 , 0 , 8.6 , 0 , 30 , 96.6666666666667 , 0.733333333333333 
24-Aug-2005 11:52,200504,STANSTED,AUSTRIA,GRAZ,RYANAIR,D,S, 30 , 0 , 70 , 16.6666666666667 , 13.3333333333333 , 0 , 0 , 0 , 13.5333333333333 , 0 , 30 , 90 , 5.5 
24-Aug-2005 11:52,200504,STANSTED,AUSTRIA,INNSBRUCK,FIRST CHOICE AIRWAYS LTD,A,C, 2 , 0 , 50 , 0 , 0 , 50 , 0 , 0 , 34 , 0 , 1 , 100 , 0 
24-Aug-2005 11:52,200504,STANSTED,AUSTRIA,INNSBRUCK,FIRST CHOICE AIRWAYS LTD,D,C, 1 , 0 , 100 , 0 , 0 , 0 , 0 , 0 , 0 , 0 , 0 , 0 , 0 
24-Aug-2005 11:52,200504,STANSTED,AUSTRIA,KLAGENFURT,RYANAIR,A,S, 30 , 0 , 90 , 3.33333333333333 , 3.33333333333333 , 3.33333333333333 , 0 , 0 , 6.26666666666667 , 0 , 30 , 93.3333333333333 , 10.6333333333333 
24-Aug-2005 11:52,200504,STANSTED,AUSTRIA,KLAGENFURT,RYANAIR,D,S, 30 , 0 , 76.6666666666667 , 16.6666666666667 , 3.33333333333333 , 3.33333333333333 , 0 , 0 , 10.5666666666667 , 0 , 30 , 76.6666666666667 , 8.7 
24-Aug-2005 11:52,200504,STANSTED,AUSTRIA,LINZ,RYANAIR,A,S, 30 , 0 , 100 , 0 , 0 , 0 , 0 , 0 , 0 , 0 , 30 , 100 , 0.2 
24-Aug-2005 11:52,200504,STANSTED,AUSTRIA,LINZ,RYANAIR,D,S, 30 , 0 , 100 , 0 , 0 , 0 , 0 , 0 , 2.4 , 0 , 30 , 100 , 1.96666666666667 
24-Aug-2005 11:52,200504,STANSTED,AUSTRIA,SALZBURG,RYANAIR,A,S, 87 , 0 , 95.4022988505747 , 3.44827586206897 , 1.14942528735632 , 0 , 0 , 0 , 2.3448275862069 , 0 , 60 , 91.6666666666667 , 6.08333333333333 
24-Aug-2005 11:52,200504,STANSTED,AUSTRIA,SALZBURG,RYANAIR,D,S, 87 , 0 , 86.2068965517241 , 12.6436781609195 , 1.14942528735632 , 0 , 0 , 0 , 4.94252873563218 , 0 , 60 , 78.3333333333333 , 11.6 
24-Aug-2005 11:52,200504,STANSTED,AUSTRIA,VIENNA,NIKI,A,S, 51 , 0 , 70.5882352941176 , 25.4901960784314 , 0 , 1.96078431372549 , 1.96078431372549 , 0 , 16.3137254901961 , 0 , 0 , 0 , 0 
24-Aug-2005 11:52,200504,STANSTED,AUSTRIA,VIENNA,NIKI,D,S, 51 , 0 , 92.156862745098 , 3.92156862745098 , 0 , 1.96078431372549 , 1.96078431372549 , 0 , 12.1764705882353 , 0 , 0 , 0 , 0 
24-Aug-2005 11:52,200504,STANSTED,BELGIUM,BRUSSELS,VLM (BELGIUM),D,C, 0 , 1 , 0 , 0 , 0 , 0 , 0 , 0 , 0 , 0 , 0 , 0 , 0 
24-Aug-2005 11:52,200504,STANSTED,BELGIUM,CHARLEROI,RYANAIR,A,S, 0 , 0 , 0 , 0 , 0 , 0 , 0 , 0 , 0 , 0 , 76 , 93.421052631579 , 3.10526315789474 
24-Aug-2005 11:52,200504,STANSTED,BELGIUM,CHARLEROI,RYANAIR,D,S, 0 , 0 , 0 , 0 , 0 , 0 , 0 , 0 , 0 , 0 , 76 , 84.2105263157895 , 7.85526315789474 
24-Aug-2005 11:52,200504,STANSTED,CHINA,BEIJING,AIR LUXOR,D,C, 1 , 0 , 0 , 0 , 0 , 100 , 0 , 0 , 88 , 0 , 0 , 0 , 0 
24-Aug-2005 11:52,200504,STANSTED,CYPRUS,LARNACA,CYPRUS AIRWAYS,A,S, 8 , 0 , 100 , 0 , 0 , 0 , 0 , 0 , 1.5 , 0 , 8 , 100 , 0.125 
24-Aug-2005 11:52,200504,STANSTED,CYPRUS,LARNACA,CYPRUS AIRWAYS,D,S, 8 , 0 , 62.5 , 12.5 , 12.5 , 12.5 , 0 , 0 , 19.5 , 0 , 8 , 75 , 6.375 
24-Aug-2005 11:52,200504,STANSTED,CYPRUS,LARNACA,HELIOS AIRWAYS LTD,A,S, 0 , 1 , 0 , 0 , 0 , 0 , 0 , 0 , 0 , 1 , 0 , 0 , 0 
24-Aug-2005 11:52,200504,STANSTED,CYPRUS,LARNACA,HELIOS AIRWAYS LTD,D,S, 1 , 0 , 0 , 0 , 100 , 0 , 0 , 0 , 35 , 0 , 0 , 0 , 0 
24-Aug-2005 11:52,200504,STANSTED,CYPRUS,PAPHOS,FIRST CHOICE AIRWAYS LTD,A,S, 4 , 0 , 75 , 0 , 0 , 25 , 0 , 0 , 17 , 0 , 4 , 75 , 4.5 
24-Aug-2005 11:52,200504,STANSTED,CYPRUS,PAPHOS,FIRST CHOICE AIRWAYS LTD,D,S, 4 , 0 , 75 , 0 , 25 , 0 , 0 , 0 , 14.5 , 0 , 4 , 100 , 4 
24-Aug-2005 11:52,200504,STANSTED,CYPRUS,PAPHOS,HELIOS AIRWAYS LTD,A,S, 0 , 0 , 0 , 0 , 0 , 0 , 0 , 0 , 0 , 0 , 4 , 75 , 62.75 
24-Aug-2005 11:52,200504,STANSTED,CYPRUS,PAPHOS,HELIOS AIRWAYS LTD,D,S, 0 , 0 , 0 , 0 , 0 , 0 , 0 , 0 , 0 , 0 , 4 , 75 , 65.5 
24-Aug-2005 11:52,200504,STANSTED,CZECH REPUBLIC,BRNO (TURANY),RYANAIR,A,S, 30 , 0 , 93.3333333333333 , 3.33333333333333 , 3.33333333333333 , 0 , 0 , 0 , 1.9 , 0 , 0 , 0 , 0 
24-Aug-2005 11:52,200504,STANSTED,CZECH REPUBLIC,BRNO (TURANY),RYANAIR,D,S, 30 , 0 , 86.6666666666667 , 6.66666666666667 , 6.66666666666667 , 0 , 0 , 0 , 8.5 , 0 , 0 , 0 , 0 
24-Aug-2005 11:52,200504,STANSTED,CZECH REPUBLIC,PRAGUE,CSA,A,S, 55 , 0 , 78.1818181818182 , 10.9090909090909 , 5.45454545454545 , 3.63636363636364 , 1.81818181818182 , 0 , 15.5636363636364 , 0 , 54 , 79.6296296296296 , 10.8703703703704 
24-Aug-2005 11:52,200504,STANSTED,CZECH REPUBLIC,PRAGUE,CSA,D,S, 55 , 0 , 69.0909090909091 , 18.1818181818182 , 9.09090909090909 , 1.81818181818182 , 1.81818181818182 , 0 , 18.0909090909091 , 0 , 55 , 70.9090909090909 , 16.2181818181818 
24-Aug-2005 11:52,200504,STANSTED,CZECH REPUBLIC,PRAGUE,EASYJET AIRLINE COMPANY LTD,A,S, 60 , 0 , 91.6666666666667 , 8.33333333333333 , 0 , 0 , 0 , 0 , 4.78333333333333 , 0 , 90 , 86.6666666666667 , 6.62222222222222 
24-Aug-2005 11:52,200504,STANSTED,CZECH REPUBLIC,PRAGUE,EASYJET AIRLINE COMPANY LTD,D,S, 60 , 0 , 85 , 15 , 0 , 0 , 0 , 0 , 7 , 0 , 90 , 82.2222222222222 , 11.1 
24-Aug-2005 11:52,200504,STANSTED,CZECH REPUBLIC,PRAGUE,THOMAS COOK AIRLINES LTD,A,C, 1 , 0 , 100 , 0 , 0 , 0 , 0 , 0 , 0 , 0 , 0 , 0 , 0 
24-Aug-2005 11:52,200504,STANSTED,CZECH REPUBLIC,PRAGUE,THOMAS COOK AIRLINES LTD,D,C, 1 , 0 , 100 , 0 , 0 , 0 , 0 , 0 , 0 , 0 , 0 , 0 , 0 
24-Aug-2005 11:52,200504,STANSTED,DENMARK,AARHUS (TIRSTRUP),RYANAIR,A,S, 51 , 0 , 94.1176470588235 , 0 , 0 , 1.96078431372549 , 1.96078431372549 , 1.96078431372549 , 15.2352941176471 , 0 , 52 , 96.1538461538462 , 2.55769230769231 
24-Aug-2005 11:52,200504,STANSTED,DENMARK,AARHUS (TIRSTRUP),RYANAIR,D,S, 51 , 0 , 90.1960784313725 , 5.88235294117647 , 1.96078431372549 , 0 , 1.96078431372549 , 0 , 9.94117647058824 , 0 , 52 , 76.9230769230769 , 10.5961538461538 
24-Aug-2005 11:52,200504,STANSTED,DENMARK,COPENHAGEN,EASYJET AIRLINE COMPANY LTD,A,S, 81 , 0 , 88.8888888888889 , 2.46913580246914 , 4.93827160493827 , 3.7037037037037 , 0 , 0 , 8.87654320987654 , 0 , 86 , 86.046511627907 , 10.093023255814 
24-Aug-2005 11:52,200504,STANSTED,DENMARK,COPENHAGEN,EASYJET AIRLINE COMPANY LTD,D,S, 81 , 0 , 72.8395061728395 , 19.7530864197531 , 3.7037037037037 , 3.7037037037037 , 0 , 0 , 13.9876543209877 , 0 , 86 , 77.9069767441861 , 14.2558139534884 
24-Aug-2005 11:52,200504,STANSTED,DENMARK,COPENHAGEN,MAERSK AIR,A,C, 0 , 1 , 0 , 0 , 0 , 0 , 0 , 0 , 0 , 0 , 0 , 0 , 0 
24-Aug-2005 11:52,200504,STANSTED,DENMARK,COPENHAGEN,MAERSK AIR,D,C, 0 , 1 , 0 , 0 , 0 , 0 , 0 , 0 , 0 , 0 , 0 , 0 , 0 
24-Aug-2005 11:52,200504,STANSTED,DENMARK,ESBJERG,RYANAIR,A,S, 0 , 0 , 0 , 0 , 0 , 0 , 0 , 0 , 0 , 0 , 30 , 96.6666666666667 , 2.26666666666667 
24-Aug-2005 11:52,200504,STANSTED,DENMARK,ESBJERG,RYANAIR,D,S, 0 , 0 , 0 , 0 , 0 , 0 , 0 , 0 , 0 , 0 , 30 , 90 , 7.3 
24-Aug-2005 11:52,200504,STANSTED,EGYPT,ALEXANDRIA (NOUZHA),CHANNEL EXPRESS (INCORP: JET 2),A,C, 0 , 0 , 0 , 0 , 0 , 0 , 0 , 0 , 0 , 0 , 1 , 100 , 0 
24-Aug-2005 11:52,200504,STANSTED,EGYPT,ALEXANDRIA (NOUZHA),CHANNEL EXPRESS (INCORP: JET 2),D,C, 0 , 0 , 0 , 0 , 0 , 0 , 0 , 0 , 0 , 0 , 1 , 100 , 6 
24-Aug-2005 11:52,200504,STANSTED,EGYPT,CAIRO,CHANNEL EXPRESS (INCORP: JET 2),A,C, 1 , 0 , 100 , 0 , 0 , 0 , 0 , 0 , 5 , 0 , 0 , 0 , 0 
24-Aug-2005 11:52,200504,STANSTED,EGYPT,CAIRO,CHANNEL EXPRESS (INCORP: JET 2),D,C, 1 , 0 , 100 , 0 , 0 , 0 , 0 , 0 , 8 , 0 , 0 , 0 , 0 
24-Aug-2005 11:52,200504,STANSTED,ESTONIA,TALLIN,EASYJET AIRLINE COMPANY LTD,A,S, 30 , 0 , 80 , 13.3333333333333 , 6.66666666666667 , 0 , 0 , 0 , 8.16666666666667 , 0 , 0 , 0 , 0 
24-Aug-2005 11:52,200504,STANSTED,ESTONIA,TALLIN,EASYJET AIRLINE COMPANY LTD,D,S, 30 , 0 , 96.6666666666667 , 3.33333333333333 , 0 , 0 , 0 , 0 , 6.66666666666667 , 0 , 0 , 0 , 0 
24-Aug-2005 11:52,200504,STANSTED,FAROE ISLANDS,VAGAR,ATLANTIC AIRWAYS,A,C, 1 , 0 , 0 , 0 , 100 , 0 , 0 , 0 , 43 , 0 , 0 , 0 , 0 
24-Aug-2005 11:52,200504,STANSTED,FAROE ISLANDS,VAGAR,ATLANTIC AIRWAYS,D,C, 1 , 0 , 0 , 100 , 0 , 0 , 0 , 0 , 20 , 0 , 0 , 0 , 0 
24-Aug-2005 11:52,200504,STANSTED,FED REP YUGO SERBIA M'ENEGRO,PRISTINA,CHANNEL EXPRESS (INCORP: JET 2),A,C, 5 , 0 , 80 , 0 , 0 , 20 , 0 , 0 , 26.8 , 0 , 3 , 33.3333333333333 , 16 
24-Aug-2005 11:52,200504,STANSTED,FED REP YUGO SERBIA M'ENEGRO,PRISTINA,CHANNEL EXPRESS (INCORP: JET 2),D,C, 0 , 5 , 0 , 0 , 0 , 0 , 0 , 0 , 0 , 0 , 0 , 0 , 0 
24-Aug-2005 11:52,200504,STANSTED,FINLAND,TAMPERE,RYANAIR,A,S, 30 , 0 , 83.3333333333333 , 13.3333333333333 , 3.33333333333333 , 0 , 0 , 0 , 6.16666666666667 , 0 , 24 , 91.6666666666667 , 1.875 
24-Aug-2005 11:52,200504,STANSTED,FINLAND,TAMPERE,RYANAIR,D,S, 30 , 0 , 86.6666666666667 , 6.66666666666667 , 3.33333333333333 , 3.33333333333333 , 0 , 0 , 7.9 , 0 , 30 , 90 , 5.8 
24-Aug-2005 11:52,200504,STANSTED,FRANCE,BERGERAC,RYANAIR,A,S, 30 , 0 , 96.6666666666667 , 0 , 3.33333333333333 , 0 , 0 , 0 , 1.9 , 0 , 30 , 80 , 13.1 
24-Aug-2005 11:52,200504,STANSTED,FRANCE,BERGERAC,RYANAIR,D,S, 30 , 0 , 90 , 6.66666666666667 , 3.33333333333333 , 0 , 0 , 0 , 4.03333333333333 , 0 , 30 , 96.6666666666667 , 3.23333333333333 
24-Aug-2005 11:52,200504,STANSTED,FRANCE,BIARRITZ,RYANAIR,A,S, 29 , 0 , 96.551724137931 , 0 , 3.44827586206897 , 0 , 0 , 0 , 2.6551724137931 , 1 , 30 , 90 , 3.83333333333333 
24-Aug-2005 11:52,200504,STANSTED,FRANCE,BIARRITZ,RYANAIR,D,S, 30 , 0 , 93.3333333333333 , 3.33333333333333 , 0 , 3.33333333333333 , 0 , 0 , 4.4 , 0 , 30 , 96.6666666666667 , 4.33333333333333 
24-Aug-2005 11:52,200504,STANSTED,FRANCE,BREST,RYANAIR,A,S, 0 , 0 , 0 , 0 , 0 , 0 , 0 , 0 , 0 , 0 , 28 , 96.4285714285714 , 1.53571428571429 
24-Aug-2005 11:52,200504,STANSTED,FRANCE,BREST,RYANAIR,D,S, 0 , 0 , 0 , 0 , 0 , 0 , 0 , 0 , 0 , 0 , 28 , 96.4285714285714 , 4.64285714285714 
24-Aug-2005 11:52,200504,STANSTED,FRANCE,CARCASSONNE,RYANAIR,A,S, 59 , 0 , 94.9152542372881 , 5.08474576271186 , 0 , 0 , 0 , 0 , 1.94915254237288 , 1 , 31 , 96.7741935483871 , 2.09677419354839 
24-Aug-2005 11:52,200504,STANSTED,FRANCE,CARCASSONNE,RYANAIR,D,S, 60 , 0 , 86.6666666666667 , 5 , 8.33333333333333 , 0 , 0 , 0 , 7.08333333333333 , 0 , 32 , 81.25 , 6.90625 
24-Aug-2005 11:52,200504,STANSTED,FRANCE,CHAMBERY,TITAN AIRWAYS LTD,A,C, 6 , 0 , 83.3333333333333 , 16.6666666666667 , 0 , 0 , 0 , 0 , 5.83333333333333 , 0 , 4 , 100 , 5.25 
24-Aug-2005 11:52,200504,STANSTED,FRANCE,CHAMBERY,TITAN AIRWAYS LTD,D,C, 6 , 0 , 100 , 0 , 0 , 0 , 0 , 0 , 5.83333333333333 , 0 , 2 , 50 , 20.5 
24-Aug-2005 11:52,200504,STANSTED,FRANCE,DINARD,RYANAIR,A,S, 30 , 0 , 80 , 6.66666666666667 , 13.3333333333333 , 0 , 0 , 0 , 9.93333333333333 , 0 , 30 , 86.6666666666667 , 4.2 
24-Aug-2005 11:52,200504,STANSTED,FRANCE,DINARD,RYANAIR,D,S, 30 , 0 , 53.3333333333333 , 30 , 13.3333333333333 , 3.33333333333333 , 0 , 0 , 16.6 , 0 , 30 , 76.6666666666667 , 7.56666666666667 
24-Aug-2005 11:52,200504,STANSTED,FRANCE,GRENOBLE,CHANNEL EXPRESS (INCORP: JET 2),A,C, 2 , 0 , 100 , 0 , 0 , 0 , 0 , 0 , 5 , 0 , 0 , 0 , 0 
24-Aug-2005 11:52,200504,STANSTED,FRANCE,GRENOBLE,CHANNEL EXPRESS (INCORP: JET 2),D,C, 2 , 0 , 100 , 0 , 0 , 0 , 0 , 0 , 1.5 , 0 , 0 , 0 , 0 
24-Aug-2005 11:52,200504,STANSTED,FRANCE,GRENOBLE,EASYJET AIRLINE COMPANY LTD,A,S, 19 , 0 , 78.9473684210526 , 10.5263157894737 , 0 , 5.26315789473684 , 5.26315789473684 , 0 , 24.5789473684211 , 0 , 0 , 0 , 0 
24-Aug-2005 11:52,200504,STANSTED,FRANCE,GRENOBLE,EASYJET AIRLINE COMPANY LTD,D,S, 19 , 0 , 78.9473684210526 , 5.26315789473684 , 10.5263157894737 , 5.26315789473684 , 0 , 0 , 12.4736842105263 , 0 , 0 , 0 , 0 
24-Aug-2005 11:52,200504,STANSTED,FRANCE,LA ROCHELLE,RYANAIR,A,S, 13 , 0 , 92.3076923076923 , 7.69230769230769 , 0 , 0 , 0 , 0 , 1.30769230769231 , 0 , 30 , 96.6666666666667 , 1.96666666666667 
24-Aug-2005 11:52,200504,STANSTED,FRANCE,LA ROCHELLE,RYANAIR,D,S, 13 , 0 , 92.3076923076923 , 7.69230769230769 , 0 , 0 , 0 , 0 , 4.30769230769231 , 0 , 30 , 96.6666666666667 , 3.03333333333333 
24-Aug-2005 11:52,200504,STANSTED,FRANCE,LE CASTELLET,BLUE LINE,A,C, 0 , 1 , 0 , 0 , 0 , 0 , 0 , 0 , 0 , 0 , 0 , 0 , 0 
24-Aug-2005 11:52,200504,STANSTED,FRANCE,LE CASTELLET,BLUE LINE,D,C, 0 , 2 , 0 , 0 , 0 , 0 , 0 , 0 , 0 , 0 , 0 , 0 , 0 
24-Aug-2005 11:52,200504,STANSTED,FRANCE,LIMOGES,RYANAIR,A,S, 30 , 0 , 100 , 0 , 0 , 0 , 0 , 0 , 0.5 , 0 , 30 , 96.6666666666667 , 1.53333333333333 
24-Aug-2005 11:52,200504,STANSTED,FRANCE,LIMOGES,RYANAIR,D,S, 30 , 0 , 90 , 3.33333333333333 , 6.66666666666667 , 0 , 0 , 0 , 6.5 , 0 , 30 , 90 , 4.03333333333333 
24-Aug-2005 11:52,200504,STANSTED,FRANCE,LYON,CHANNEL EXPRESS (INCORP: JET 2),A,C, 2 , 0 , 100 , 0 , 0 , 0 , 0 , 0 , 0 , 0 , 5 , 40 , 44.4 
24-Aug-2005 11:52,200504,STANSTED,FRANCE,LYON,CHANNEL EXPRESS (INCORP: JET 2),D,C, 2 , 0 , 100 , 0 , 0 , 0 , 0 , 0 , 0 , 0 , 4 , 75 , 11 
24-Aug-2005 11:52,200504,STANSTED,FRANCE,LYON,EASYJET AIRLINE COMPANY LTD,A,S, 49 , 0 , 85.7142857142857 , 6.12244897959184 , 4.08163265306122 , 4.08163265306122 , 0 , 0 , 6.48979591836735 , 0 , 84 , 90.4761904761905 , 6.39285714285714 
24-Aug-2005 11:52,200504,STANSTED,FRANCE,LYON,EASYJET AIRLINE COMPANY LTD,D,S, 49 , 0 , 79.5918367346939 , 12.2448979591837 , 2.04081632653061 , 6.12244897959184 , 0 , 0 , 10.5918367346939 , 0 , 84 , 78.5714285714286 , 11.5 
24-Aug-2005 11:52,200504,STANSTED,FRANCE,LYON,EUROPEAN AIR CHARTER,A,C, 2 , 0 , 100 , 0 , 0 , 0 , 0 , 0 , 13.5 , 0 , 0 , 0 , 0 
24-Aug-2005 11:52,200504,STANSTED,FRANCE,LYON,EUROPEAN AIR CHARTER,D,C, 1 , 0 , 0 , 100 , 0 , 0 , 0 , 0 , 22 , 0 , 0 , 0 , 0 
24-Aug-2005 11:52,200504,STANSTED,FRANCE,LYON,MY TRAVEL AIRWAYS UK,A,C, 0 , 0 , 0 , 0 , 0 , 0 , 0 , 0 , 0 , 0 , 1 , 0 , 44 
24-Aug-2005 11:52,200504,STANSTED,FRANCE,LYON,MY TRAVEL AIRWAYS UK,D,C, 0 , 0 , 0 , 0 , 0 , 0 , 0 , 0 , 0 , 0 , 1 , 100 , 2 
24-Aug-2005 11:52,200504,STANSTED,FRANCE,MONTPELLIER,RYANAIR,A,S, 30 , 0 , 96.6666666666667 , 3.33333333333333 , 0 , 0 , 0 , 0 , 0.9 , 0 , 30 , 96.6666666666667 , 15.7 
24-Aug-2005 11:52,200504,STANSTED,FRANCE,MONTPELLIER,RYANAIR,D,S, 30 , 0 , 93.3333333333333 , 3.33333333333333 , 3.33333333333333 , 0 , 0 , 0 , 5.3 , 0 , 30 , 76.6666666666667 , 8 
24-Aug-2005 11:52,200504,STANSTED,FRANCE,NICE,BLUE LINE,D,C, 1 , 0 , 100 , 0 , 0 , 0 , 0 , 0 , 6 , 0 , 0 , 0 , 0 
24-Aug-2005 11:52,200504,STANSTED,FRANCE,NICE,EASYJET AIRLINE COMPANY LTD,A,S, 39 , 0 , 89.7435897435898 , 0 , 7.69230769230769 , 2.56410256410256 , 0 , 0 , 6.82051282051282 , 2 , 33 , 84.8484848484848 , 6.27272727272727 
24-Aug-2005 11:52,200504,STANSTED,FRANCE,NICE,EASYJET AIRLINE COMPANY LTD,D,S, 39 , 0 , 82.0512820512821 , 7.69230769230769 , 7.69230769230769 , 2.56410256410256 , 0 , 0 , 9.92307692307692 , 0 , 33 , 90.9090909090909 , 6.66666666666667 
24-Aug-2005 11:52,200504,STANSTED,FRANCE,NICE,FLIGHTLINE LTD,D,C, 1 , 0 , 100 , 0 , 0 , 0 , 0 , 0 , 3 , 0 , 0 , 0 , 0 
24-Aug-2005 11:52,200504,STANSTED,FRANCE,NIMES,RYANAIR,A,S, 30 , 0 , 96.6666666666667 , 0 , 3.33333333333333 , 0 , 0 , 0 , 2.43333333333333 , 0 , 32 , 100 , 1.1875 
24-Aug-2005 11:52,200504,STANSTED,FRANCE,NIMES,RYANAIR,D,S, 30 , 0 , 86.6666666666667 , 10 , 0 , 3.33333333333333 , 0 , 0 , 9.6 , 0 , 32 , 81.25 , 8.28125 
24-Aug-2005 11:52,200504,STANSTED,FRANCE,PAU,RYANAIR,A,S, 30 , 0 , 100 , 0 , 0 , 0 , 0 , 0 , 0.2 , 0 , 30 , 76.6666666666667 , 23.9333333333333 
24-Aug-2005 11:52,200504,STANSTED,FRANCE,PAU,RYANAIR,D,S, 30 , 0 , 100 , 0 , 0 , 0 , 0 , 0 , 1.83333333333333 , 0 , 30 , 73.3333333333333 , 12.5 
24-Aug-2005 11:52,200504,STANSTED,FRANCE,PERPIGNAN,RYANAIR,A,S, 30 , 0 , 86.6666666666667 , 6.66666666666667 , 3.33333333333333 , 3.33333333333333 , 0 , 0 , 7.06666666666667 , 0 , 31 , 90.3225806451613 , 9.03225806451613 
24-Aug-2005 11:52,200504,STANSTED,FRANCE,PERPIGNAN,RYANAIR,D,S, 30 , 0 , 90 , 3.33333333333333 , 3.33333333333333 , 3.33333333333333 , 0 , 0 , 8 , 0 , 28 , 75 , 7.75 
24-Aug-2005 11:52,200504,STANSTED,FRANCE,POITIERS,RYANAIR,A,S, 30 , 0 , 96.6666666666667 , 3.33333333333333 , 0 , 0 , 0 , 0 , 2.6 , 0 , 30 , 93.3333333333333 , 1.86666666666667 
24-Aug-2005 11:52,200504,STANSTED,FRANCE,POITIERS,RYANAIR,D,S, 30 , 0 , 93.3333333333333 , 6.66666666666667 , 0 , 0 , 0 , 0 , 4.6 , 0 , 30 , 93.3333333333333 , 4.6 
24-Aug-2005 11:52,200504,STANSTED,FRANCE,ROCHEFORT/SAINT-AGNANT,RYANAIR,A,S, 17 , 0 , 64.7058823529412 , 29.4117647058824 , 5.88235294117647 , 0 , 0 , 0 , 11.3529411764706 , 0 , 0 , 0 , 0 
24-Aug-2005 11:52,200504,STANSTED,FRANCE,ROCHEFORT/SAINT-AGNANT,RYANAIR,D,S, 17 , 0 , 70.5882352941177 , 17.6470588235294 , 11.7647058823529 , 0 , 0 , 0 , 11.5294117647059 , 0 , 0 , 0 , 0 
24-Aug-2005 11:52,200504,STANSTED,FRANCE,RODEZ,RYANAIR,A,S, 30 , 0 , 96.6666666666667 , 0 , 0 , 3.33333333333333 , 0 , 0 , 3.66666666666667 , 0 , 30 , 96.6666666666667 , 4.23333333333333 
24-Aug-2005 11:52,200504,STANSTED,FRANCE,RODEZ,RYANAIR,D,S, 30 , 0 , 90 , 6.66666666666667 , 0 , 3.33333333333333 , 0 , 0 , 8.53333333333333 , 0 , 30 , 93.3333333333333 , 7.26666666666667 
24-Aug-2005 11:52,200504,STANSTED,FRANCE,ST ETIENNE,RYANAIR,A,S, 29 , 0 , 86.2068965517241 , 6.89655172413793 , 6.89655172413793 , 0 , 0 , 0 , 5.58620689655172 , 1 , 30 , 80 , 16.1666666666667 
24-Aug-2005 11:52,200504,STANSTED,FRANCE,ST ETIENNE,RYANAIR,D,S, 30 , 0 , 80 , 13.3333333333333 , 6.66666666666667 , 0 , 0 , 0 , 10.5 , 0 , 30 , 93.3333333333333 , 4.46666666666667 
24-Aug-2005 11:52,200504,STANSTED,FRANCE,TARBES-LOURDES INTERNATIONAL,AIR MEDITERRANEE,A,C, 3 , 0 , 66.6666666666667 , 0 , 0 , 33.3333333333333 , 0 , 0 , 34.6666666666667 , 0 , 0 , 0 , 0 
24-Aug-2005 11:52,200504,STANSTED,FRANCE,TARBES-LOURDES INTERNATIONAL,AIR MEDITERRANEE,D,C, 3 , 0 , 66.6666666666667 , 0 , 0 , 33.3333333333333 , 0 , 0 , 34.6666666666667 , 0 , 0 , 0 , 0 
24-Aug-2005 11:52,200504,STANSTED,FRANCE,TARBES-LOURDES INTERNATIONAL,CHANNEL EXPRESS (INCORP: JET 2),A,C, 0 , 1 , 0 , 0 , 0 , 0 , 0 , 0 , 0 , 0 , 1 , 0 , 17 
24-Aug-2005 11:52,200504,STANSTED,FRANCE,TARBES-LOURDES INTERNATIONAL,CHANNEL EXPRESS (INCORP: JET 2),D,C, 0 , 1 , 0 , 0 , 0 , 0 , 0 , 0 , 0 , 0 , 1 , 0 , 22 
24-Aug-2005 11:52,200504,STANSTED,FRANCE,TARBES-LOURDES INTERNATIONAL,EXCEL AIRWAYS LTD,A,C, 2 , 0 , 100 , 0 , 0 , 0 , 0 , 0 , 5.5 , 0 , 3 , 33.3333333333333 , 115 
24-Aug-2005 11:52,200504,STANSTED,FRANCE,TARBES-LOURDES INTERNATIONAL,EXCEL AIRWAYS LTD,D,C, 0 , 0 , 0 , 0 , 0 , 0 , 0 , 0 , 0 , 0 , 3 , 0 , 42.3333333333333 
24-Aug-2005 11:52,200504,STANSTED,FRANCE,TARBES-LOURDES INTERNATIONAL,HAMBURG INTERNATIONAL,A,C, 1 , 0 , 100 , 0 , 0 , 0 , 0 , 0 , 0 , 0 , 0 , 0 , 0 
24-Aug-2005 11:52,200504,STANSTED,FRANCE,TARBES-LOURDES INTERNATIONAL,TITAN AIRWAYS LTD,A,C, 1 , 0 , 100 , 0 , 0 , 0 , 0 , 0 , 1 , 0 , 6 , 66.6666666666667 , 14.3333333333333 
24-Aug-2005 11:52,200504,STANSTED,FRANCE,TARBES-LOURDES INTERNATIONAL,TITAN AIRWAYS LTD,D,C, 0 , 0 , 0 , 0 , 0 , 0 , 0 , 0 , 0 , 0 , 7 , 71.4285714285714 , 7.85714285714286 
24-Aug-2005 11:52,200504,STANSTED,FRANCE,TOULOUSE (BLAGNAC),CHANNEL EXPRESS (INCORP: JET 2),A,C, 1 , 0 , 0 , 0 , 0 , 100 , 0 , 0 , 147 , 0 , 0 , 0 , 0 
24-Aug-2005 11:52,200504,STANSTED,FRANCE,TOULOUSE (BLAGNAC),FIRST CHOICE AIRWAYS LTD,A,C, 1 , 0 , 100 , 0 , 0 , 0 , 0 , 0 , 0 , 0 , 0 , 0 , 0 
24-Aug-2005 11:52,200504,STANSTED,FRANCE,TOULOUSE (BLAGNAC),FIRST CHOICE AIRWAYS LTD,D,C, 1 , 0 , 100 , 0 , 0 , 0 , 0 , 0 , 0 , 0 , 0 , 0 , 0 
24-Aug-2005 11:52,200504,STANSTED,FRANCE,TOULOUSE (BLAGNAC),SN BRUSSELS AIRLINES,A,C, 1 , 0 , 100 , 0 , 0 , 0 , 0 , 0 , 0 , 0 , 0 , 0 , 0 
24-Aug-2005 11:52,200504,STANSTED,FRANCE,TOURS,RYANAIR,A,S, 30 , 0 , 90 , 3.33333333333333 , 6.66666666666667 , 0 , 0 , 0 , 3.96666666666667 , 0 , 30 , 100 , 0.366666666666667 
24-Aug-2005 11:52,200504,STANSTED,FRANCE,TOURS,RYANAIR,D,S, 30 , 0 , 66.6666666666667 , 16.6666666666667 , 16.6666666666667 , 0 , 0 , 0 , 13.1 , 0 , 30 , 96.6666666666667 , 1.7 
24-Aug-2005 11:52,200504,STANSTED,GERMANY,ALTENBURG - WALLBURG,RYANAIR,A,S, 30 , 0 , 96.6666666666667 , 3.33333333333333 , 0 , 0 , 0 , 0 , 1.3 , 0 , 29 , 96.551724137931 , 1.24137931034483 
24-Aug-2005 11:52,200504,STANSTED,GERMANY,ALTENBURG - WALLBURG,RYANAIR,D,S, 30 , 0 , 90 , 10 , 0 , 0 , 0 , 0 , 3.93333333333333 , 0 , 30 , 93.3333333333333 , 6.7 
24-Aug-2005 11:52,200504,STANSTED,GERMANY,BERLIN (SCHONEFELD),RYANAIR,A,S, 60 , 0 , 95 , 1.66666666666667 , 1.66666666666667 , 1.66666666666667 , 0 , 0 , 3.85 , 0 , 80 , 92.5 , 3.4625 
24-Aug-2005 11:52,200504,STANSTED,GERMANY,BERLIN (SCHONEFELD),RYANAIR,D,S, 60 , 0 , 88.3333333333333 , 6.66666666666667 , 1.66666666666667 , 3.33333333333333 , 0 , 0 , 8.91666666666667 , 0 , 80 , 92.5 , 4.55 
24-Aug-2005 11:52,200504,STANSTED,GERMANY,BERLIN (TEGEL),AIR BERLIN,A,S, 60 , 0 , 88.3333333333333 , 10 , 1.66666666666667 , 0 , 0 , 0 , 4.31666666666667 , 0 , 61 , 95.0819672131148 , 2.70491803278689 
24-Aug-2005 11:52,200504,STANSTED,GERMANY,BERLIN (TEGEL),AIR BERLIN,D,S, 60 , 0 , 81.6666666666667 , 16.6666666666667 , 1.66666666666667 , 0 , 0 , 0 , 7.3 , 0 , 61 , 72.1311475409836 , 11.344262295082 
24-Aug-2005 11:52,200504,STANSTED,GERMANY,COLOGNE (BONN),EUROWINGS LUFTVERKEHRS,A,S, 60 , 0 , 96.6666666666667 , 3.33333333333333 , 0 , 0 , 0 , 0 , 1.2 , 0 , 60 , 85 , 9.53333333333333 
24-Aug-2005 11:52,200504,STANSTED,GERMANY,COLOGNE (BONN),EUROWINGS LUFTVERKEHRS,D,S, 60 , 0 , 95 , 5 , 0 , 0 , 0 , 0 , 3.8 , 0 , 60 , 61.6666666666667 , 30.2666666666667 
24-Aug-2005 11:52,200504,STANSTED,GERMANY,DORTMUND,AIR BERLIN,A,S, 0 , 0 , 0 , 0 , 0 , 0 , 0 , 0 , 0 , 0 , 17 , 94.1176470588235 , 3.76470588235294 
24-Aug-2005 11:52,200504,STANSTED,GERMANY,DORTMUND,AIR BERLIN,D,S, 0 , 0 , 0 , 0 , 0 , 0 , 0 , 0 , 0 , 0 , 17 , 88.2352941176471 , 4.17647058823529 
24-Aug-2005 11:52,200504,STANSTED,GERMANY,DUSSELDORF,AIR BERLIN,A,S, 76 , 0 , 94.7368421052632 , 2.63157894736842 , 1.31578947368421 , 1.31578947368421 , 0 , 0 , 2.82894736842105 , 0 , 77 , 90.9090909090909 , 4 
24-Aug-2005 11:52,200504,STANSTED,GERMANY,DUSSELDORF,AIR BERLIN,D,S, 75 , 0 , 85.3333333333333 , 12 , 1.33333333333333 , 1.33333333333333 , 0 , 0 , 6.32 , 1 , 78 , 78.2051282051282 , 9.97435897435897 
24-Aug-2005 11:52,200504,STANSTED,GERMANY,ERFURT,RYANAIR,A,S, 0 , 0 , 0 , 0 , 0 , 0 , 0 , 0 , 0 , 0 , 30 , 96.6666666666667 , 1.03333333333333 
24-Aug-2005 11:52,200504,STANSTED,GERMANY,ERFURT,RYANAIR,D,S, 0 , 0 , 0 , 0 , 0 , 0 , 0 , 0 , 0 , 0 , 30 , 93.3333333333333 , 3.76666666666667 
24-Aug-2005 11:52,200504,STANSTED,GERMANY,FRIEDRICHSHAFEN,RYANAIR,A,S, 57 , 0 , 96.4912280701754 , 3.50877192982456 , 0 , 0 , 0 , 0 , 1.64912280701754 , 0 , 30 , 96.6666666666667 , 2.73333333333333 
24-Aug-2005 11:52,200504,STANSTED,GERMANY,FRIEDRICHSHAFEN,RYANAIR,D,S, 57 , 0 , 89.4736842105263 , 10.5263157894737 , 0 , 0 , 0 , 0 , 5.40350877192982 , 0 , 30 , 86.6666666666667 , 8.33333333333333 
24-Aug-2005 11:52,200504,STANSTED,GERMANY,HAHN,RYANAIR,A,S, 115 , 0 , 96.5217391304348 , 2.60869565217391 , 0.869565217391304 , 0 , 0 , 0 , 1.7304347826087 , 0 , 139 , 94.9640287769784 , 7.61870503597122 
24-Aug-2005 11:52,200504,STANSTED,GERMANY,HAHN,RYANAIR,D,S, 115 , 0 , 88.695652173913 , 9.56521739130435 , 1.73913043478261 , 0 , 0 , 0 , 5.90434782608696 , 0 , 139 , 83.4532374100719 , 7.76258992805755 
24-Aug-2005 11:52,200504,STANSTED,GERMANY,HAMBURG,DUO AIRWAYS LTD,A,C, 0 , 0 , 0 , 0 , 0 , 0 , 0 , 0 , 0 , 0 , 1 , 100 , 0 
24-Aug-2005 11:52,200504,STANSTED,GERMANY,HAMBURG,DUO AIRWAYS LTD,D,C, 0 , 0 , 0 , 0 , 0 , 0 , 0 , 0 , 0 , 0 , 1 , 0 , 19 
24-Aug-2005 11:52,200504,STANSTED,GERMANY,HANOVER,AIR BERLIN,A,S, 30 , 0 , 86.6666666666667 , 3.33333333333333 , 0 , 10 , 0 , 0 , 13.4333333333333 , 0 , 30 , 93.3333333333333 , 1.83333333333333 
24-Aug-2005 11:52,200504,STANSTED,GERMANY,HANOVER,AIR BERLIN,D,S, 30 , 0 , 73.3333333333333 , 13.3333333333333 , 3.33333333333333 , 10 , 0 , 0 , 17.3333333333333 , 0 , 30 , 86.6666666666667 , 9.03333333333333 
24-Aug-2005 11:52,200504,STANSTED,GERMANY,HANOVER,FIRST CHOICE AIRWAYS LTD,A,C, 1 , 0 , 0 , 0 , 0 , 100 , 0 , 0 , 71 , 0 , 0 , 0 , 0 
24-Aug-2005 11:52,200504,STANSTED,GERMANY,HANOVER,FIRST CHOICE AIRWAYS LTD,D,C, 1 , 0 , 0 , 100 , 0 , 0 , 0 , 0 , 20 , 0 , 0 , 0 , 0 
24-Aug-2005 11:52,200504,STANSTED,GERMANY,KARLSRUHE/BADEN BADEN,RYANAIR,A,S, 51 , 0 , 90.1960784313725 , 7.84313725490196 , 1.96078431372549 , 0 , 0 , 0 , 2.47058823529412 , 0 , 52 , 80.7692307692308 , 8.42307692307692 
24-Aug-2005 11:52,200504,STANSTED,GERMANY,KARLSRUHE/BADEN BADEN,RYANAIR,D,S, 51 , 0 , 86.2745098039216 , 11.7647058823529 , 1.96078431372549 , 0 , 0 , 0 , 7.86274509803922 , 0 , 52 , 59.6153846153846 , 17.9038461538462 
24-Aug-2005 11:52,200504,STANSTED,GERMANY,LEIPZIG,AIR BERLIN,A,S, 13 , 0 , 100 , 0 , 0 , 0 , 0 , 0 , 0.846153846153846 , 0 , 0 , 0 , 0 
24-Aug-2005 11:52,200504,STANSTED,GERMANY,LEIPZIG,AIR BERLIN,D,S, 13 , 0 , 92.3076923076923 , 0 , 7.69230769230769 , 0 , 0 , 0 , 7.15384615384615 , 0 , 0 , 0 , 0 
24-Aug-2005 11:52,200504,STANSTED,GERMANY,LEIPZIG,CHANNEL EXPRESS (INCORP: JET 2),A,C, 0 , 0 , 0 , 0 , 0 , 0 , 0 , 0 , 0 , 0 , 1 , 100 , 0 
24-Aug-2005 11:52,200504,STANSTED,GERMANY,LEIPZIG,CHANNEL EXPRESS (INCORP: JET 2),D,C, 0 , 0 , 0 , 0 , 0 , 0 , 0 , 0 , 0 , 0 , 1 , 100 , 0 
24-Aug-2005 11:52,200504,STANSTED,GERMANY,LUBECK,RYANAIR,A,S, 81 , 0 , 98.7654320987654 , 0 , 1.23456790123457 , 0 , 0 , 0 , 0.925925925925926 , 0 , 66 , 95.4545454545455 , 4.15151515151515 
24-Aug-2005 11:52,200504,STANSTED,GERMANY,LUBECK,RYANAIR,D,S, 81 , 0 , 97.5308641975309 , 2.46913580246914 , 0 , 0 , 0 , 0 , 2.37037037037037 , 0 , 67 , 80.5970149253731 , 9.26865671641791 
24-Aug-2005 11:52,200504,STANSTED,GERMANY,MUNICH,CONDOR,A,C, 1 , 0 , 100 , 0 , 0 , 0 , 0 , 0 , 6 , 0 , 0 , 0 , 0 
24-Aug-2005 11:52,200504,STANSTED,GERMANY,MUNICH,CONDOR,D,C, 1 , 0 , 100 , 0 , 0 , 0 , 0 , 0 , 13 , 0 , 0 , 0 , 0 
24-Aug-2005 11:52,200504,STANSTED,GERMANY,MUNICH,EASYJET AIRLINE COMPANY LTD,A,S, 62 , 0 , 83.8709677419355 , 6.45161290322581 , 6.45161290322581 , 1.61290322580645 , 1.61290322580645 , 0 , 10.6935483870968 , 0 , 60 , 81.6666666666667 , 9.7 
24-Aug-2005 11:52,200504,STANSTED,GERMANY,MUNICH,EASYJET AIRLINE COMPANY LTD,D,S, 62 , 0 , 66.1290322580645 , 20.9677419354839 , 8.06451612903226 , 4.83870967741935 , 0 , 0 , 15.5645161290323 , 0 , 60 , 70 , 15.6833333333333 
24-Aug-2005 11:52,200504,STANSTED,GERMANY,MUNSTER-OSNABRUCK,AIR BERLIN,A,S, 29 , 0 , 100 , 0 , 0 , 0 , 0 , 0 , 0.137931034482759 , 1 , 30 , 100 , 6.66666666666667E-02 
24-Aug-2005 11:52,200504,STANSTED,GERMANY,MUNSTER-OSNABRUCK,AIR BERLIN,D,S, 30 , 0 , 93.3333333333333 , 6.66666666666667 , 0 , 0 , 0 , 0 , 3.96666666666667 , 0 , 30 , 96.6666666666667 , 3.5 
24-Aug-2005 11:52,200504,STANSTED,GERMANY,NIEDERRHEIN,RYANAIR,A,S, 51 , 0 , 98.0392156862745 , 1.96078431372549 , 0 , 0 , 0 , 0 , 0.803921568627451 , 0 , 82 , 84.1463414634146 , 5.08536585365854 
24-Aug-2005 11:52,200504,STANSTED,GERMANY,NIEDERRHEIN,RYANAIR,D,S, 51 , 0 , 90.1960784313725 , 7.84313725490196 , 1.96078431372549 , 0 , 0 , 0 , 5.17647058823529 , 0 , 82 , 80.4878048780488 , 8.32926829268293 
24-Aug-2005 11:52,200504,STANSTED,GERMANY,NUREMBERG,AIR BERLIN,A,S, 30 , 0 , 90 , 10 , 0 , 0 , 0 , 0 , 4.6 , 0 , 30 , 86.6666666666667 , 5.7 
24-Aug-2005 11:52,200504,STANSTED,GERMANY,NUREMBERG,AIR BERLIN,D,S, 30 , 0 , 76.6666666666667 , 13.3333333333333 , 10 , 0 , 0 , 0 , 10.2 , 0 , 30 , 73.3333333333333 , 10.9 
24-Aug-2005 11:52,200504,STANSTED,GERMANY,PADERBORN,AIR BERLIN,A,S, 42 , 0 , 97.6190476190476 , 2.38095238095238 , 0 , 0 , 0 , 0 , 1.19047619047619 , 1 , 56 , 83.9285714285714 , 10.6428571428571 
24-Aug-2005 11:52,200504,STANSTED,GERMANY,PADERBORN,AIR BERLIN,D,S, 42 , 0 , 88.0952380952381 , 7.14285714285714 , 2.38095238095238 , 2.38095238095238 , 0 , 0 , 7.73809523809524 , 1 , 56 , 83.9285714285714 , 10.7678571428571 
24-Aug-2005 11:52,200504,STANSTED,GERMANY,STUTTGART,EUROWINGS LUFTVERKEHRS,A,S, 60 , 0 , 81.6666666666667 , 13.3333333333333 , 5 , 0 , 0 , 0 , 8 , 0 , 0 , 0 , 0 
24-Aug-2005 11:52,200504,STANSTED,GERMANY,STUTTGART,EUROWINGS LUFTVERKEHRS,D,S, 60 , 0 , 73.3333333333333 , 20 , 6.66666666666667 , 0 , 0 , 0 , 9.56666666666667 , 0 , 0 , 0 , 0 
24-Aug-2005 11:52,200504,STANSTED,GREECE,CORFU,CHANNEL EXPRESS (INCORP: JET 2),A,C, 0 , 0 , 0 , 0 , 0 , 0 , 0 , 0 , 0 , 0 , 1 , 100 , 7 
24-Aug-2005 11:52,200504,STANSTED,GREECE,CORFU,CHANNEL EXPRESS (INCORP: JET 2),D,C, 0 , 0 , 0 , 0 , 0 , 0 , 0 , 0 , 0 , 0 , 1 , 100 , 5 
24-Aug-2005 11:52,200504,STANSTED,GREECE,KALAMATA,CHANNEL EXPRESS (INCORP: JET 2),A,C, 1 , 0 , 100 , 0 , 0 , 0 , 0 , 0 , 0 , 0 , 0 , 0 , 0 
24-Aug-2005 11:52,200504,STANSTED,GREECE,KALAMATA,CHANNEL EXPRESS (INCORP: JET 2),D,C, 1 , 0 , 100 , 0 , 0 , 0 , 0 , 0 , 8 , 0 , 0 , 0 , 0 
24-Aug-2005 11:52,200504,STANSTED,HUNGARY,BUDAPEST,EUJET,A,C, 0 , 0 , 0 , 0 , 0 , 0 , 0 , 0 , 0 , 0 , 1 , 0 , 40 
24-Aug-2005 11:52,200504,STANSTED,HUNGARY,BUDAPEST,EUJET,D,C, 0 , 0 , 0 , 0 , 0 , 0 , 0 , 0 , 0 , 0 , 1 , 0 , 79 
24-Aug-2005 11:52,200504,STANSTED,HUNGARY,BUDAPEST,MAERSK AIR,A,C, 1 , 0 , 100 , 0 , 0 , 0 , 0 , 0 , 0 , 0 , 0 , 0 , 0 
24-Aug-2005 11:52,200504,STANSTED,HUNGARY,BUDAPEST,MALEV (HUNGARIAN AIRLINES),A,S, 25 , 0 , 92 , 8 , 0 , 0 , 0 , 0 , 2.24 , 0 , 50 , 100 , 1.54 
24-Aug-2005 11:52,200504,STANSTED,HUNGARY,BUDAPEST,MALEV (HUNGARIAN AIRLINES),D,S, 26 , 0 , 34.6153846153846 , 38.4615384615385 , 26.9230769230769 , 0 , 0 , 0 , 20.6153846153846 , 0 , 50 , 88 , 6.26 
24-Aug-2005 11:52,200504,STANSTED,HUNGARY,BUDAPEST,SKYEUROPE AIRLINES HUNGARY,A,S, 30 , 0 , 96.6666666666667 , 3.33333333333333 , 0 , 0 , 0 , 0 , 3 , 0 , 29 , 82.7586206896552 , 26.1724137931034 
24-Aug-2005 11:52,200504,STANSTED,HUNGARY,BUDAPEST,SKYEUROPE AIRLINES HUNGARY,D,S, 30 , 0 , 66.6666666666667 , 23.3333333333333 , 6.66666666666667 , 0 , 3.33333333333333 , 0 , 18.2333333333333 , 0 , 28 , 64.2857142857143 , 25.4285714285714 
24-Aug-2005 11:52,200504,STANSTED,ICELAND,KEFLAVIK,ASTRAEUS LTD,A,S, 30 , 0 , 73.3333333333333 , 16.6666666666667 , 3.33333333333333 , 6.66666666666667 , 0 , 0 , 16.2 , 0 , 59 , 91.5254237288136 , 5.77966101694915 
24-Aug-2005 11:52,200504,STANSTED,ICELAND,KEFLAVIK,ASTRAEUS LTD,D,S, 30 , 0 , 53.3333333333333 , 30 , 10 , 6.66666666666667 , 0 , 0 , 20.6 , 1 , 60 , 95 , 6.23333333333333 
24-Aug-2005 11:52,200504,STANSTED,IRISH REPUBLIC,CONNAUGHT,RYANAIR,A,S, 30 , 1 , 90 , 3.33333333333333 , 6.66666666666667 , 0 , 0 , 0 , 5.83333333333333 , 0 , 30 , 93.3333333333333 , 3.2 
24-Aug-2005 11:52,200504,STANSTED,IRISH REPUBLIC,CONNAUGHT,RYANAIR,D,S, 30 , 0 , 93.3333333333333 , 3.33333333333333 , 3.33333333333333 , 0 , 0 , 0 , 4.46666666666667 , 0 , 30 , 90 , 4.33333333333333 
24-Aug-2005 11:52,200504,STANSTED,IRISH REPUBLIC,CORK,RYANAIR,A,S, 118 , 0 , 84.7457627118644 , 9.32203389830508 , 4.23728813559322 , 1.69491525423729 , 0 , 0 , 8.09322033898305 , 2 , 88 , 79.5454545454545 , 8.94318181818182 
24-Aug-2005 11:52,200504,STANSTED,IRISH REPUBLIC,CORK,RYANAIR,D,S, 120 , 0 , 81.6666666666667 , 12.5 , 5.83333333333333 , 0 , 0 , 0 , 8.28333333333333 , 0 , 90 , 81.1111111111111 , 9.35555555555556 
24-Aug-2005 11:52,200504,STANSTED,IRISH REPUBLIC,DUBLIN,JETALLIANCE FLUGBETTRIEBS,D,C, 0 , 2 , 0 , 0 , 0 , 0 , 0 , 0 , 0 , 0 , 0 , 0 , 0 
24-Aug-2005 11:52,200504,STANSTED,IRISH REPUBLIC,DUBLIN,RYANAIR,A,S, 308 , 0 , 78.8961038961039 , 12.3376623376623 , 5.84415584415584 , 2.27272727272727 , 0.649350649350649 , 0 , 11.788961038961 , 3 , 385 , 85.1948051948052 , 8.62337662337662 
24-Aug-2005 11:52,200504,STANSTED,IRISH REPUBLIC,DUBLIN,RYANAIR,D,S, 309 , 0 , 83.8187702265372 , 11.6504854368932 , 3.23624595469256 , 1.29449838187702 , 0 , 0 , 6.957928802589 , 1 , 389 , 86.3753213367609 , 6.37275064267352 
24-Aug-2005 11:52,200504,STANSTED,IRISH REPUBLIC,KERRY COUNTY,RYANAIR,A,S, 59 , 0 , 100 , 0 , 0 , 0 , 0 , 0 , 0.88135593220339 , 1 , 32 , 90.625 , 3.59375 
24-Aug-2005 11:52,200504,STANSTED,IRISH REPUBLIC,KERRY COUNTY,RYANAIR,D,S, 60 , 0 , 100 , 0 , 0 , 0 , 0 , 0 , 2.75 , 0 , 32 , 81.25 , 7.625 
24-Aug-2005 11:52,200504,STANSTED,IRISH REPUBLIC,SHANNON,RYANAIR,A,S, 90 , 0 , 88.8888888888889 , 5.55555555555556 , 3.33333333333333 , 2.22222222222222 , 0 , 0 , 7.82222222222222 , 0 , 60 , 98.3333333333333 , 0.883333333333333 
24-Aug-2005 11:52,200504,STANSTED,IRISH REPUBLIC,SHANNON,RYANAIR,D,S, 90 , 0 , 86.6666666666667 , 11.1111111111111 , 0 , 1.11111111111111 , 1.11111111111111 , 0 , 7.84444444444444 , 0 , 60 , 96.6666666666667 , 2.36666666666667 
24-Aug-2005 11:52,200504,STANSTED,ISRAEL,TEL AVIV,EL AL,A,C, 1 , 0 , 100 , 0 , 0 , 0 , 0 , 0 , 15 , 0 , 0 , 0 , 0 
24-Aug-2005 11:52,200504,STANSTED,ISRAEL,TEL AVIV,EL AL,A,S, 8 , 2 , 75 , 12.5 , 12.5 , 0 , 0 , 0 , 10.25 , 0 , 18 , 83.3333333333333 , 6.88888888888889 
24-Aug-2005 11:52,200504,STANSTED,ISRAEL,TEL AVIV,EL AL,D,C, 1 , 0 , 0 , 0 , 0 , 100 , 0 , 0 , 69 , 0 , 0 , 0 , 0 
24-Aug-2005 11:52,200504,STANSTED,ISRAEL,TEL AVIV,EL AL,D,S, 10 , 0 , 70 , 10 , 20 , 0 , 0 , 0 , 15.9 , 0 , 16 , 62.5 , 20.125 
24-Aug-2005 11:52,200504,STANSTED,ISRAEL,TEL AVIV,ISRAIR LTD,A,C, 11 , 1 , 72.7272727272727 , 18.1818181818182 , 0 , 0 , 9.09090909090909 , 0 , 28.8181818181818 , 0 , 0 , 0 , 0 
24-Aug-2005 11:52,200504,STANSTED,ISRAEL,TEL AVIV,ISRAIR LTD,D,C, 12 , 0 , 25 , 41.6666666666667 , 16.6666666666667 , 8.33333333333333 , 8.33333333333333 , 0 , 50.1666666666667 , 0 , 0 , 0 , 0 
24-Aug-2005 11:52,200504,STANSTED,ITALY,ALGHERO/SASSARI,AIR MALTA,A,C, 0 , 0 , 0 , 0 , 0 , 0 , 0 , 0 , 0 , 0 , 1 , 100 , 0 
24-Aug-2005 11:52,200504,STANSTED,ITALY,ALGHERO/SASSARI,EXCEL AIRWAYS LTD,A,C, 1 , 0 , 100 , 0 , 0 , 0 , 0 , 0 , 0 , 0 , 0 , 0 , 0 
24-Aug-2005 11:52,200504,STANSTED,ITALY,ALGHERO/SASSARI,RYANAIR,A,S, 61 , 0 , 77.0491803278689 , 9.83606557377049 , 9.83606557377049 , 1.63934426229508 , 0 , 1.63934426229508 , 16.8524590163934 , 0 , 31 , 90.3225806451613 , 10.5806451612903 
24-Aug-2005 11:52,200504,STANSTED,ITALY,ALGHERO/SASSARI,RYANAIR,D,S, 60 , 0 , 80 , 13.3333333333333 , 6.66666666666667 , 0 , 0 , 0 , 9.25 , 0 , 32 , 96.875 , 3.71875 
24-Aug-2005 11:52,200504,STANSTED,ITALY,ANCONA,EUROPEAN AIR CHARTER,A,C, 0 , 0 , 0 , 0 , 0 , 0 , 0 , 0 , 0 , 0 , 1 , 100 , 0 
24-Aug-2005 11:52,200504,STANSTED,ITALY,ANCONA,EUROPEAN AIR CHARTER,D,C, 0 , 0 , 0 , 0 , 0 , 0 , 0 , 0 , 0 , 0 , 1 , 100 , 0 
24-Aug-2005 11:52,200504,STANSTED,ITALY,ANCONA,RYANAIR,A,S, 30 , 0 , 83.3333333333333 , 6.66666666666667 , 10 , 0 , 0 , 0 , 7.2 , 0 , 30 , 80 , 7.83333333333333 
24-Aug-2005 11:52,200504,STANSTED,ITALY,ANCONA,RYANAIR,D,S, 30 , 0 , 80 , 10 , 10 , 0 , 0 , 0 , 9.16666666666667 , 0 , 30 , 76.6666666666667 , 8.03333333333333 
24-Aug-2005 11:52,200504,STANSTED,ITALY,BARI (PALESE),RYANAIR,A,S, 29 , 0 , 82.7586206896552 , 6.89655172413793 , 6.89655172413793 , 3.44827586206897 , 0 , 0 , 10.1034482758621 , 0 , 30 , 76.6666666666667 , 8.56666666666667 
24-Aug-2005 11:52,200504,STANSTED,ITALY,BARI (PALESE),RYANAIR,D,S, 30 , 0 , 73.3333333333333 , 16.6666666666667 , 6.66666666666667 , 3.33333333333333 , 0 , 0 , 14.3333333333333 , 0 , 30 , 70 , 11.3333333333333 
24-Aug-2005 11:52,200504,STANSTED,ITALY,BERGAMO,RYANAIR,A,S, 78 , 0 , 89.7435897435898 , 5.12820512820513 , 1.28205128205128 , 2.56410256410256 , 0 , 1.28205128205128 , 12.1538461538462 , 2 , 110 , 94.5454545454545 , 5.97272727272727 
24-Aug-2005 11:52,200504,STANSTED,ITALY,BERGAMO,RYANAIR,D,S, 79 , 0 , 84.8101265822785 , 10.126582278481 , 3.79746835443038 , 1.26582278481013 , 0 , 0 , 8.60759493670886 , 0 , 111 , 83.7837837837838 , 10.2252252252252 
24-Aug-2005 11:52,200504,STANSTED,ITALY,BOLOGNA,EASYJET AIRLINE COMPANY LTD,A,S, 30 , 0 , 93.3333333333333 , 0 , 0 , 3.33333333333333 , 3.33333333333333 , 0 , 13.3333333333333 , 0 , 30 , 90 , 4.46666666666667 
24-Aug-2005 11:52,200504,STANSTED,ITALY,BOLOGNA,EASYJET AIRLINE COMPANY LTD,D,S, 30 , 0 , 90 , 3.33333333333333 , 0 , 3.33333333333333 , 3.33333333333333 , 0 , 15.7666666666667 , 0 , 30 , 90 , 5.2 
24-Aug-2005 11:52,200504,STANSTED,ITALY,BOLOGNA,RYANAIR,A,S, 0 , 0 , 0 , 0 , 0 , 0 , 0 , 0 , 0 , 0 , 24 , 100 , 1.08333333333333 
24-Aug-2005 11:52,200504,STANSTED,ITALY,BOLOGNA,RYANAIR,D,S, 0 , 0 , 0 , 0 , 0 , 0 , 0 , 0 , 0 , 0 , 24 , 75 , 9.625 
24-Aug-2005 11:52,200504,STANSTED,ITALY,BRESCIA/MONTICHIARI,EXCEL AIRWAYS LTD,D,C, 0 , 0 , 0 , 0 , 0 , 0 , 0 , 0 , 0 , 0 , 1 , 0 , 16 
24-Aug-2005 11:52,200504,STANSTED,ITALY,BRESCIA/MONTICHIARI,RYANAIR,A,S, 58 , 0 , 91.3793103448276 , 5.17241379310345 , 1.72413793103448 , 1.72413793103448 , 0 , 0 , 4.93103448275862 , 0 , 52 , 82.6923076923077 , 18.8269230769231 
24-Aug-2005 11:52,200504,STANSTED,ITALY,BRESCIA/MONTICHIARI,RYANAIR,D,S, 58 , 0 , 89.6551724137931 , 6.89655172413793 , 1.72413793103448 , 1.72413793103448 , 0 , 0 , 6.10344827586207 , 0 , 52 , 78.8461538461539 , 12.1538461538462 
24-Aug-2005 11:52,200504,STANSTED,ITALY,BRINDISI,RYANAIR,A,S, 30 , 0 , 63.3333333333333 , 23.3333333333333 , 6.66666666666667 , 6.66666666666667 , 0 , 0 , 17.6 , 0 , 2 , 0 , 32 
24-Aug-2005 11:52,200504,STANSTED,ITALY,BRINDISI,RYANAIR,D,S, 30 , 0 , 80 , 10 , 6.66666666666667 , 3.33333333333333 , 0 , 0 , 11.7333333333333 , 0 , 2 , 100 , 3.5 
24-Aug-2005 11:52,200504,STANSTED,ITALY,CAGLIARI (ELMAS),THOMAS COOK AIRLINES LTD,A,C, 0 , 0 , 0 , 0 , 0 , 0 , 0 , 0 , 0 , 0 , 1 , 100 , 1 
24-Aug-2005 11:52,200504,STANSTED,ITALY,CUNEO,FLIGHTLINE LTD,D,C, 1 , 0 , 0 , 100 , 0 , 0 , 0 , 0 , 19 , 0 , 0 , 0 , 0 
24-Aug-2005 11:52,200504,STANSTED,ITALY,FORLI,RYANAIR,A,S, 60 , 0 , 76.6666666666667 , 11.6666666666667 , 10 , 1.66666666666667 , 0 , 0 , 10.8166666666667 , 0 , 36 , 61.1111111111111 , 13.6388888888889 
24-Aug-2005 11:52,200504,STANSTED,ITALY,FORLI,RYANAIR,D,S, 60 , 0 , 86.6666666666667 , 8.33333333333333 , 5 , 0 , 0 , 0 , 9.11666666666667 , 0 , 36 , 75 , 10.5555555555556 
24-Aug-2005 11:52,200504,STANSTED,ITALY,GENOA,RYANAIR,A,S, 35 , 0 , 88.5714285714286 , 8.57142857142857 , 2.85714285714286 , 0 , 0 , 0 , 5.45714285714286 , 0 , 55 , 72.7272727272727 , 15.5636363636364 
24-Aug-2005 11:52,200504,STANSTED,ITALY,GENOA,RYANAIR,D,S, 35 , 0 , 91.4285714285714 , 5.71428571428571 , 2.85714285714286 , 0 , 0 , 0 , 5.71428571428571 , 0 , 56 , 67.8571428571429 , 18.8928571428571 
24-Aug-2005 11:52,200504,STANSTED,ITALY,MILAN (LINATE),EASYJET AIRLINE COMPANY LTD,A,S, 0 , 0 , 0 , 0 , 0 , 0 , 0 , 0 , 0 , 0 , 30 , 70 , 15.3666666666667 
24-Aug-2005 11:52,200504,STANSTED,ITALY,MILAN (LINATE),EASYJET AIRLINE COMPANY LTD,D,S, 0 , 0 , 0 , 0 , 0 , 0 , 0 , 0 , 0 , 0 , 30 , 63.3333333333333 , 20.7 
24-Aug-2005 11:52,200504,STANSTED,ITALY,MILAN (MALPENSA),BLUE PANORAMA,A,C, 1 , 0 , 100 , 0 , 0 , 0 , 0 , 0 , 5 , 0 , 0 , 0 , 0 
24-Aug-2005 11:52,200504,STANSTED,ITALY,MILAN (MALPENSA),BLUE PANORAMA,D,C, 1 , 0 , 100 , 0 , 0 , 0 , 0 , 0 , 0 , 0 , 0 , 0 , 0 
24-Aug-2005 11:52,200504,STANSTED,ITALY,NAPLES,EASYJET AIRLINE COMPANY LTD,A,S, 30 , 0 , 66.6666666666667 , 20 , 10 , 0 , 3.33333333333333 , 0 , 18.8333333333333 , 3 , 55 , 81.8181818181818 , 6.03636363636364 
24-Aug-2005 11:52,200504,STANSTED,ITALY,NAPLES,EASYJET AIRLINE COMPANY LTD,D,S, 30 , 0 , 60 , 33.3333333333333 , 6.66666666666667 , 0 , 0 , 0 , 12.4 , 0 , 55 , 80 , 9.05454545454545 
24-Aug-2005 11:52,200504,STANSTED,ITALY,PALERMO,AIR MALTA,A,C, 0 , 0 , 0 , 0 , 0 , 0 , 0 , 0 , 0 , 0 , 1 , 100 , 8 
24-Aug-2005 11:52,200504,STANSTED,ITALY,PALERMO,RYANAIR,A,S, 60 , 0 , 93.3333333333333 , 3.33333333333333 , 0 , 1.66666666666667 , 0 , 1.66666666666667 , 9.26666666666667 , 0 , 39 , 74.3589743589744 , 9.74358974358974 
24-Aug-2005 11:52,200504,STANSTED,ITALY,PALERMO,RYANAIR,D,S, 60 , 0 , 96.6666666666667 , 1.66666666666667 , 0 , 1.66666666666667 , 0 , 0 , 4.46666666666667 , 0 , 37 , 64.8648648648649 , 11.7837837837838 
24-Aug-2005 11:52,200504,STANSTED,ITALY,PESCARA,RYANAIR,A,S, 37 , 0 , 91.8918918918919 , 2.7027027027027 , 2.7027027027027 , 2.7027027027027 , 0 , 0 , 4.43243243243243 , 1 , 30 , 93.3333333333333 , 2.06666666666667 
24-Aug-2005 11:52,200504,STANSTED,ITALY,PESCARA,RYANAIR,D,S, 40 , 0 , 95 , 0 , 2.5 , 2.5 , 0 , 0 , 6.375 , 0 , 30 , 83.3333333333333 , 6.26666666666667 
24-Aug-2005 11:52,200504,STANSTED,ITALY,PISA,RYANAIR,A,S, 95 , 0 , 93.6842105263158 , 4.21052631578947 , 2.10526315789474 , 0 , 0 , 0 , 3.46315789473684 , 0 , 60 , 66.6666666666667 , 17.7666666666667 
24-Aug-2005 11:52,200504,STANSTED,ITALY,PISA,RYANAIR,D,S, 95 , 1 , 89.4736842105263 , 8.42105263157895 , 2.10526315789474 , 0 , 0 , 0 , 6.09473684210526 , 0 , 62 , 66.1290322580645 , 19.8548387096774 
24-Aug-2005 11:52,200504,STANSTED,ITALY,ROME (CIAMPINO),EASYJET AIRLINE COMPANY LTD,A,S, 0 , 0 , 0 , 0 , 0 , 0 , 0 , 0 , 0 , 0 , 60 , 76.6666666666667 , 9.21666666666667 
24-Aug-2005 11:52,200504,STANSTED,ITALY,ROME (CIAMPINO),EASYJET AIRLINE COMPANY LTD,D,S, 0 , 0 , 0 , 0 , 0 , 0 , 0 , 0 , 0 , 0 , 60 , 75 , 14.3333333333333 
24-Aug-2005 11:52,200504,STANSTED,ITALY,ROME (CIAMPINO),RYANAIR,A,S, 141 , 0 , 90.0709219858156 , 2.12765957446809 , 3.54609929078014 , 3.54609929078014 , 0.709219858156028 , 0 , 9.5886524822695 , 1 , 177 , 87.5706214689266 , 7.3728813559322 
24-Aug-2005 11:52,200504,STANSTED,ITALY,ROME (CIAMPINO),RYANAIR,D,S, 140 , 0 , 85 , 10 , 3.57142857142857 , 1.42857142857143 , 0 , 0 , 7.76428571428571 , 0 , 179 , 72.6256983240223 , 10.5921787709497 
24-Aug-2005 11:52,200504,STANSTED,ITALY,TREVISO,RYANAIR,A,S, 90 , 0 , 94.4444444444444 , 3.33333333333333 , 2.22222222222222 , 0 , 0 , 0 , 2.15555555555556 , 0 , 88 , 92.0454545454545 , 3.89772727272727 
24-Aug-2005 11:52,200504,STANSTED,ITALY,TREVISO,RYANAIR,D,S, 90 , 0 , 88.8888888888889 , 6.66666666666667 , 4.44444444444444 , 0 , 0 , 0 , 6.68888888888889 , 0 , 90 , 86.6666666666667 , 7.85555555555556 
24-Aug-2005 11:52,200504,STANSTED,ITALY,TRIESTE (RONCHI DEI LEGIONARI),RYANAIR,A,S, 30 , 0 , 93.3333333333333 , 6.66666666666667 , 0 , 0 , 0 , 0 , 2.6 , 0 , 30 , 73.3333333333333 , 10.9333333333333 
24-Aug-2005 11:52,200504,STANSTED,ITALY,TRIESTE (RONCHI DEI LEGIONARI),RYANAIR,D,S, 30 , 0 , 90 , 10 , 0 , 0 , 0 , 0 , 3.43333333333333 , 0 , 30 , 46.6666666666667 , 15 
24-Aug-2005 11:52,200504,STANSTED,ITALY,TURIN,BRITANNIA AIRWAYS AND THOMSONFLY,A,C, 1 , 0 , 100 , 0 , 0 , 0 , 0 , 0 , 0 , 0 , 0 , 0 , 0 
24-Aug-2005 11:52,200504,STANSTED,ITALY,TURIN,EUROPEAN AIR CHARTER,A,C, 1 , 0 , 100 , 0 , 0 , 0 , 0 , 0 , 1 , 0 , 0 , 0 , 0 
24-Aug-2005 11:52,200504,STANSTED,ITALY,TURIN,FIRST CHOICE AIRWAYS LTD,A,C, 2 , 0 , 100 , 0 , 0 , 0 , 0 , 0 , 0 , 0 , 3 , 100 , 0 
24-Aug-2005 11:52,200504,STANSTED,ITALY,TURIN,FIRST CHOICE AIRWAYS LTD,D,C, 2 , 0 , 100 , 0 , 0 , 0 , 0 , 0 , 1 , 0 , 2 , 100 , 4 
24-Aug-2005 11:52,200504,STANSTED,ITALY,TURIN,RYANAIR,A,S, 40 , 0 , 90 , 5 , 5 , 0 , 0 , 0 , 4.025 , 0 , 58 , 81.0344827586207 , 6.46551724137931 
24-Aug-2005 11:52,200504,STANSTED,ITALY,TURIN,RYANAIR,D,S, 40 , 0 , 90 , 5 , 2.5 , 2.5 , 0 , 0 , 7.1 , 0 , 56 , 55.3571428571429 , 15.5892857142857 
24-Aug-2005 11:52,200504,STANSTED,ITALY,VENICE,EASYJET AIRLINE COMPANY LTD,A,S, 0 , 0 , 0 , 0 , 0 , 0 , 0 , 0 , 0 , 0 , 60 , 86.6666666666667 , 4.98333333333333 
24-Aug-2005 11:52,200504,STANSTED,ITALY,VENICE,EASYJET AIRLINE COMPANY LTD,D,S, 0 , 0 , 0 , 0 , 0 , 0 , 0 , 0 , 0 , 0 , 60 , 78.3333333333333 , 11.85 
24-Aug-2005 11:52,200504,STANSTED,ITALY,VERONA VILLAFRANCA,AEROFLIGHT,A,C, 1 , 0 , 0 , 100 , 0 , 0 , 0 , 0 , 22 , 0 , 0 , 0 , 0 
24-Aug-2005 11:52,200504,STANSTED,LATVIA,RIGA,RYANAIR,A,S, 30 , 0 , 96.6666666666667 , 0 , 3.33333333333333 , 0 , 0 , 0 , 2.3 , 0 , 0 , 0 , 0 
24-Aug-2005 11:52,200504,STANSTED,LATVIA,RIGA,RYANAIR,D,S, 30 , 0 , 86.6666666666667 , 13.3333333333333 , 0 , 0 , 0 , 0 , 8.26666666666667 , 0 , 0 , 0 , 0 
24-Aug-2005 11:52,200504,STANSTED,MALTA,MALTA,AIR MALTA,A,S, 18 , 0 , 77.7777777777778 , 11.1111111111111 , 11.1111111111111 , 0 , 0 , 0 , 10.0555555555556 , 0 , 13 , 76.9230769230769 , 19 
24-Aug-2005 11:52,200504,STANSTED,MALTA,MALTA,AIR MALTA,D,S, 18 , 0 , 55.5555555555556 , 16.6666666666667 , 16.6666666666667 , 11.1111111111111 , 0 , 0 , 18.3888888888889 , 0 , 12 , 91.6666666666667 , 11.9166666666667 
24-Aug-2005 11:52,200504,STANSTED,MALTA,MALTA,CHANNEL EXPRESS (INCORP: JET 2),A,C, 1 , 0 , 0 , 100 , 0 , 0 , 0 , 0 , 24 , 0 , 0 , 0 , 0 
24-Aug-2005 11:52,200504,STANSTED,MALTA,MALTA,CHANNEL EXPRESS (INCORP: JET 2),D,C, 1 , 0 , 100 , 0 , 0 , 0 , 0 , 0 , 0 , 0 , 0 , 0 , 0 
24-Aug-2005 11:52,200504,STANSTED,NETHERLANDS,AMSTERDAM,EASYJET AIRLINE COMPANY LTD,A,S, 90 , 0 , 90 , 8.88888888888889 , 1.11111111111111 , 0 , 0 , 0 , 3.77777777777778 , 0 , 90 , 87.7777777777778 , 6.83333333333333 
24-Aug-2005 11:52,200504,STANSTED,NETHERLANDS,AMSTERDAM,EASYJET AIRLINE COMPANY LTD,D,S, 90 , 0 , 76.6666666666667 , 20 , 3.33333333333333 , 0 , 0 , 0 , 10.4444444444444 , 0 , 90 , 70 , 12.6555555555556 
24-Aug-2005 11:52,200504,STANSTED,NETHERLANDS,EINDHOVEN,RYANAIR,A,S, 51 , 0 , 100 , 0 , 0 , 0 , 0 , 0 , 0.764705882352941 , 0 , 49 , 83.6734693877551 , 7.22448979591837 
24-Aug-2005 11:52,200504,STANSTED,NETHERLANDS,EINDHOVEN,RYANAIR,D,S, 51 , 0 , 98.0392156862745 , 1.96078431372549 , 0 , 0 , 0 , 0 , 3.09803921568627 , 0 , 49 , 91.8367346938776 , 7.40816326530612 
24-Aug-2005 11:52,200504,STANSTED,NETHERLANDS,GRONINGEN,RYANAIR,A,S, 0 , 0 , 0 , 0 , 0 , 0 , 0 , 0 , 0 , 0 , 28 , 100 , 0.785714285714286 
24-Aug-2005 11:52,200504,STANSTED,NETHERLANDS,GRONINGEN,RYANAIR,D,S, 0 , 0 , 0 , 0 , 0 , 0 , 0 , 0 , 0 , 0 , 28 , 100 , 1.42857142857143 
24-Aug-2005 11:52,200504,STANSTED,NETHERLANDS,ROTTERDAM,TRANSAVIA,A,S, 59 , 0 , 98.3050847457627 , 0 , 1.69491525423729 , 0 , 0 , 0 , 0.966101694915254 , 1 , 59 , 98.3050847457627 , 4.23728813559322 
24-Aug-2005 11:52,200504,STANSTED,NETHERLANDS,ROTTERDAM,TRANSAVIA,D,S, 59 , 0 , 88.135593220339 , 10.1694915254237 , 1.69491525423729 , 0 , 0 , 0 , 3.77966101694915 , 1 , 59 , 83.0508474576271 , 11.3050847457627 
24-Aug-2005 11:52,200504,STANSTED,NORWAY,FAGERNES/LEIRIN,TITAN AIRWAYS LTD,A,C, 3 , 0 , 33.3333333333333 , 0 , 66.6666666666667 , 0 , 0 , 0 , 25.6666666666667 , 0 , 3 , 66.6666666666667 , 56.6666666666667 
24-Aug-2005 11:52,200504,STANSTED,NORWAY,FAGERNES/LEIRIN,TITAN AIRWAYS LTD,D,C, 3 , 0 , 100 , 0 , 0 , 0 , 0 , 0 , 6.66666666666667 , 0 , 3 , 100 , 1 
24-Aug-2005 11:52,200504,STANSTED,NORWAY,HAUGESUND,RYANAIR,A,S, 30 , 0 , 96.6666666666667 , 0 , 0 , 3.33333333333333 , 0 , 0 , 2.93333333333333 , 0 , 30 , 86.6666666666667 , 17.0666666666667 
24-Aug-2005 11:52,200504,STANSTED,NORWAY,HAUGESUND,RYANAIR,D,S, 30 , 0 , 86.6666666666667 , 10 , 0 , 3.33333333333333 , 0 , 0 , 5.6 , 0 , 30 , 76.6666666666667 , 23.3666666666667 
24-Aug-2005 11:52,200504,STANSTED,NORWAY,OSLO (GARDERMOEN),SAS,A,C, 1 , 0 , 100 , 0 , 0 , 0 , 0 , 0 , 8 , 0 , 0 , 0 , 0 
24-Aug-2005 11:52,200504,STANSTED,NORWAY,OSLO (GARDERMOEN),SAS,D,C, 1 , 0 , 100 , 0 , 0 , 0 , 0 , 0 , 13 , 0 , 0 , 0 , 0 
24-Aug-2005 11:52,200504,STANSTED,NORWAY,SANDEFJORD(TORP),RYANAIR,A,S, 81 , 0 , 96.2962962962963 , 1.23456790123457 , 2.46913580246914 , 0 , 0 , 0 , 1.81481481481481 , 0 , 82 , 95.1219512195122 , 3.6219512195122 
24-Aug-2005 11:52,200504,STANSTED,NORWAY,SANDEFJORD(TORP),RYANAIR,D,S, 81 , 0 , 96.2962962962963 , 1.23456790123457 , 1.23456790123457 , 1.23456790123457 , 0 , 0 , 4.48148148148148 , 0 , 82 , 85.3658536585366 , 6.24390243902439 
24-Aug-2005 11:52,200504,STANSTED,POLAND,GDANSK,AIR POLONIA,A,S, 0 , 0 , 0 , 0 , 0 , 0 , 0 , 0 , 0 , 0 , 8 , 62.5 , 19.375 
24-Aug-2005 11:52,200504,STANSTED,POLAND,GDANSK,AIR POLONIA,D,S, 0 , 0 , 0 , 0 , 0 , 0 , 0 , 0 , 0 , 0 , 8 , 50 , 29 
24-Aug-2005 11:52,200504,STANSTED,POLAND,KATOWICE,AIR POLONIA,A,S, 0 , 0 , 0 , 0 , 0 , 0 , 0 , 0 , 0 , 0 , 12 , 75 , 16.3333333333333 
24-Aug-2005 11:52,200504,STANSTED,POLAND,KATOWICE,AIR POLONIA,D,S, 0 , 0 , 0 , 0 , 0 , 0 , 0 , 0 , 0 , 0 , 12 , 75 , 21.25 
24-Aug-2005 11:52,200504,STANSTED,POLAND,KRAKOW,SKY EUROPE,A,S, 30 , 0 , 96.6666666666667 , 0 , 3.33333333333333 , 0 , 0 , 0 , 3.06666666666667 , 0 , 0 , 0 , 0 
24-Aug-2005 11:52,200504,STANSTED,POLAND,KRAKOW,SKY EUROPE,D,S, 30 , 0 , 73.3333333333333 , 10 , 16.6666666666667 , 0 , 0 , 0 , 13.3333333333333 , 0 , 0 , 0 , 0 
24-Aug-2005 11:52,200504,STANSTED,POLAND,POZNAN,AIR POLONIA,A,S, 0 , 0 , 0 , 0 , 0 , 0 , 0 , 0 , 0 , 0 , 12 , 75 , 15.9166666666667 
24-Aug-2005 11:52,200504,STANSTED,POLAND,POZNAN,AIR POLONIA,D,S, 0 , 0 , 0 , 0 , 0 , 0 , 0 , 0 , 0 , 0 , 12 , 58.3333333333333 , 27.4166666666667 
24-Aug-2005 11:52,200504,STANSTED,POLAND,WARSAW,AIR POLONIA,A,S, 0 , 0 , 0 , 0 , 0 , 0 , 0 , 0 , 0 , 0 , 25 , 68 , 16.12 
24-Aug-2005 11:52,200504,STANSTED,POLAND,WARSAW,AIR POLONIA,D,S, 0 , 0 , 0 , 0 , 0 , 0 , 0 , 0 , 0 , 0 , 25 , 68 , 23.56 
24-Aug-2005 11:52,200504,STANSTED,POLAND,WARSAW,SKY EUROPE,A,S, 25 , 0 , 76 , 20 , 0 , 0 , 4 , 0 , 15.76 , 0 , 0 , 0 , 0 
24-Aug-2005 11:52,200504,STANSTED,POLAND,WARSAW,SKY EUROPE,D,S, 25 , 0 , 76 , 16 , 4 , 0 , 4 , 0 , 16.64 , 0 , 0 , 0 , 0 
24-Aug-2005 11:52,200504,STANSTED,POLAND,WROCLAW,RYANAIR,A,S, 30 , 0 , 96.6666666666667 , 0 , 0 , 3.33333333333333 , 0 , 0 , 3.13333333333333 , 0 , 0 , 0 , 0 
24-Aug-2005 11:52,200504,STANSTED,POLAND,WROCLAW,RYANAIR,D,S, 30 , 0 , 86.6666666666667 , 6.66666666666667 , 3.33333333333333 , 3.33333333333333 , 0 , 0 , 8.23333333333333 , 0 , 0 , 0 , 0 
24-Aug-2005 11:52,200504,STANSTED,PORTUGAL(EXCLUDING MADEIRA),FARO,BRITANNIA AIRWAYS AND THOMSONFLY,A,C, 0 , 0 , 0 , 0 , 0 , 0 , 0 , 0 , 0 , 0 , 5 , 60 , 8.6 
24-Aug-2005 11:52,200504,STANSTED,PORTUGAL(EXCLUDING MADEIRA),FARO,BRITANNIA AIRWAYS AND THOMSONFLY,D,C, 0 , 0 , 0 , 0 , 0 , 0 , 0 , 0 , 0 , 0 , 5 , 100 , 0.8 
24-Aug-2005 11:52,200504,STANSTED,PORTUGAL(EXCLUDING MADEIRA),FARO,EASYJET AIRLINE COMPANY LTD,A,S, 35 , 0 , 80 , 20 , 0 , 0 , 0 , 0 , 5.62857142857143 , 0 , 59 , 86.4406779661017 , 6.47457627118644 
24-Aug-2005 11:52,200504,STANSTED,PORTUGAL(EXCLUDING MADEIRA),FARO,EASYJET AIRLINE COMPANY LTD,D,S, 35 , 0 , 91.4285714285714 , 2.85714285714286 , 5.71428571428571 , 0 , 0 , 0 , 5.74285714285714 , 0 , 59 , 89.8305084745763 , 6.72881355932203 
24-Aug-2005 11:52,200504,STANSTED,PORTUGAL(EXCLUDING MADEIRA),FARO,FIRST CHOICE AIRWAYS LTD,A,C, 0 , 0 , 0 , 0 , 0 , 0 , 0 , 0 , 0 , 0 , 6 , 100 , 2.5 
24-Aug-2005 11:52,200504,STANSTED,PORTUGAL(EXCLUDING MADEIRA),FARO,FIRST CHOICE AIRWAYS LTD,D,C, 0 , 0 , 0 , 0 , 0 , 0 , 0 , 0 , 0 , 0 , 7 , 71.4285714285714 , 11.5714285714286 
24-Aug-2005 11:52,200504,STANSTED,PORTUGAL(EXCLUDING MADEIRA),FARO,MY TRAVEL AIRWAYS UK,A,C, 0 , 0 , 0 , 0 , 0 , 0 , 0 , 0 , 0 , 0 , 5 , 100 , 0 
24-Aug-2005 11:52,200504,STANSTED,PORTUGAL(EXCLUDING MADEIRA),FARO,MY TRAVEL AIRWAYS UK,D,C, 0 , 0 , 0 , 0 , 0 , 0 , 0 , 0 , 0 , 0 , 5 , 100 , 5.2 
24-Aug-2005 11:52,200504,STANSTED,PORTUGAL(EXCLUDING MADEIRA),OPORTO (PORTUGAL),CHANNEL EXPRESS (INCORP: JET 2),A,C, 1 , 0 , 100 , 0 , 0 , 0 , 0 , 0 , 12 , 0 , 0 , 0 , 0 
24-Aug-2005 11:52,200504,STANSTED,PORTUGAL(EXCLUDING MADEIRA),OPORTO (PORTUGAL),CHANNEL EXPRESS (INCORP: JET 2),D,C, 1 , 0 , 100 , 0 , 0 , 0 , 0 , 0 , 0 , 0 , 0 , 0 , 0 
24-Aug-2005 11:52,200504,STANSTED,PORTUGAL(EXCLUDING MADEIRA),OPORTO (PORTUGAL),RYANAIR,A,S, 60 , 0 , 83.3333333333333 , 13.3333333333333 , 3.33333333333333 , 0 , 0 , 0 , 7.23333333333333 , 0 , 0 , 0 , 0 
24-Aug-2005 11:52,200504,STANSTED,PORTUGAL(EXCLUDING MADEIRA),OPORTO (PORTUGAL),RYANAIR,D,S, 60 , 0 , 73.3333333333333 , 20 , 6.66666666666667 , 0 , 0 , 0 , 11.1 , 0 , 0 , 0 , 0 
24-Aug-2005 11:52,200504,STANSTED,RUMANIA,BUCHAREST (BANEASA),CHANNEL EXPRESS (INCORP: JET 2),A,C, 2 , 0 , 100 , 0 , 0 , 0 , 0 , 0 , 0 , 0 , 0 , 0 , 0 
24-Aug-2005 11:52,200504,STANSTED,RUMANIA,BUCHAREST (BANEASA),CHANNEL EXPRESS (INCORP: JET 2),D,C, 0 , 2 , 0 , 0 , 0 , 0 , 0 , 0 , 0 , 0 , 0 , 0 , 0 
24-Aug-2005 11:52,200504,STANSTED,RUSSIA,MURMANSK,KRAS AIR,A,S, 0 , 1 , 0 , 0 , 0 , 0 , 0 , 0 , 0 , 0 , 0 , 0 , 0 
24-Aug-2005 11:52,200504,STANSTED,RUSSIA,MURMANSK,KRAS AIR,D,S, 0 , 2 , 0 , 0 , 0 , 0 , 0 , 0 , 0 , 0 , 0 , 0 , 0 
24-Aug-2005 11:52,200504,STANSTED,RUSSIA,ST PETERSBURG,KRAS AIR,A,S, 0 , 1 , 0 , 0 , 0 , 0 , 0 , 0 , 0 , 0 , 0 , 0 , 0 
24-Aug-2005 11:52,200504,STANSTED,SLOVAK REPUBLIC,BRATISLAVA,SKY EUROPE,A,S, 47 , 0 , 89.3617021276596 , 4.25531914893617 , 0 , 6.38297872340426 , 0 , 0 , 8.25531914893617 , 4 , 26 , 84.6153846153846 , 19.7692307692308 
24-Aug-2005 11:52,200504,STANSTED,SLOVAK REPUBLIC,BRATISLAVA,SKY EUROPE,D,S, 47 , 0 , 68.0851063829787 , 21.2765957446809 , 4.25531914893617 , 6.38297872340426 , 0 , 0 , 19 , 4 , 26 , 73.0769230769231 , 28.7692307692308 
24-Aug-2005 11:52,200504,STANSTED,SLOVENIA,LJUBLJANA,EASYJET AIRLINE COMPANY LTD,A,S, 30 , 0 , 70 , 20 , 6.66666666666667 , 3.33333333333333 , 0 , 0 , 12.1333333333333 , 0 , 3 , 66.6666666666667 , 28 
24-Aug-2005 11:52,200504,STANSTED,SLOVENIA,LJUBLJANA,EASYJET AIRLINE COMPANY LTD,D,S, 30 , 0 , 70 , 20 , 10 , 0 , 0 , 0 , 11.4666666666667 , 0 , 3 , 66.6666666666667 , 20 
24-Aug-2005 11:52,200504,STANSTED,SPAIN,ALICANTE,BRITANNIA AIRWAYS AND THOMSONFLY,A,C, 5 , 0 , 100 , 0 , 0 , 0 , 0 , 0 , 2.2 , 0 , 4 , 75 , 10.5 
24-Aug-2005 11:52,200504,STANSTED,SPAIN,ALICANTE,BRITANNIA AIRWAYS AND THOMSONFLY,D,C, 4 , 0 , 100 , 0 , 0 , 0 , 0 , 0 , 0 , 0 , 4 , 75 , 18 
24-Aug-2005 11:52,200504,STANSTED,SPAIN,ALICANTE,EASYJET AIRLINE COMPANY LTD,A,S, 69 , 0 , 88.4057971014493 , 5.79710144927536 , 2.89855072463768 , 2.89855072463768 , 0 , 0 , 7.50724637681159 , 0 , 94 , 91.4893617021277 , 4.5531914893617 
24-Aug-2005 11:52,200504,STANSTED,SPAIN,ALICANTE,EASYJET AIRLINE COMPANY LTD,D,S, 69 , 0 , 79.7101449275362 , 14.4927536231884 , 4.34782608695652 , 1.44927536231884 , 0 , 0 , 9.89855072463768 , 0 , 94 , 88.2978723404255 , 6.58510638297872 
24-Aug-2005 11:52,200504,STANSTED,SPAIN,ALICANTE,MY TRAVEL AIRWAYS UK,A,C, 0 , 0 , 0 , 0 , 0 , 0 , 0 , 0 , 0 , 0 , 4 , 25 , 27.25 
24-Aug-2005 11:52,200504,STANSTED,SPAIN,ALICANTE,MY TRAVEL AIRWAYS UK,D,C, 0 , 0 , 0 , 0 , 0 , 0 , 0 , 0 , 0 , 0 , 4 , 50 , 26.5 
24-Aug-2005 11:52,200504,STANSTED,SPAIN,ALMERIA,EASYJET AIRLINE COMPANY LTD,A,S, 30 , 0 , 96.6666666666667 , 0 , 0 , 0 , 3.33333333333333 , 0 , 9.8 , 0 , 0 , 0 , 0 
24-Aug-2005 11:52,200504,STANSTED,SPAIN,ALMERIA,EASYJET AIRLINE COMPANY LTD,D,S, 30 , 0 , 83.3333333333333 , 13.3333333333333 , 3.33333333333333 , 0 , 0 , 0 , 8.73333333333333 , 0 , 0 , 0 , 0 
24-Aug-2005 11:52,200504,STANSTED,SPAIN,ALMERIA,RYANAIR,A,S, 41 , 0 , 97.5609756097561 , 2.4390243902439 , 0 , 0 , 0 , 0 , 1.63414634146341 , 2 , 0 , 0 , 0 
24-Aug-2005 11:52,200504,STANSTED,SPAIN,ALMERIA,RYANAIR,D,S, 39 , 0 , 97.4358974358974 , 2.56410256410256 , 0 , 0 , 0 , 0 , 1.8974358974359 , 0 , 0 , 0 , 0 
24-Aug-2005 11:52,200504,STANSTED,SPAIN,ASTURIAS,EASYJET AIRLINE COMPANY LTD,A,S, 30 , 0 , 96.6666666666667 , 3.33333333333333 , 0 , 0 , 0 , 0 , 1.53333333333333 , 0 , 0 , 0 , 0 
24-Aug-2005 11:52,200504,STANSTED,SPAIN,ASTURIAS,EASYJET AIRLINE COMPANY LTD,D,S, 30 , 0 , 80 , 13.3333333333333 , 6.66666666666667 , 0 , 0 , 0 , 7.83333333333333 , 0 , 0 , 0 , 0 
24-Aug-2005 11:52,200504,STANSTED,SPAIN,BARCELONA,EASYJET AIRLINE COMPANY LTD,A,S, 60 , 0 , 78.3333333333333 , 11.6666666666667 , 6.66666666666667 , 3.33333333333333 , 0 , 0 , 9.21666666666667 , 0 , 60 , 91.6666666666667 , 5.28333333333333 
24-Aug-2005 11:52,200504,STANSTED,SPAIN,BARCELONA,EASYJET AIRLINE COMPANY LTD,D,S, 60 , 0 , 70 , 20 , 8.33333333333333 , 1.66666666666667 , 0 , 0 , 12.2333333333333 , 0 , 60 , 78.3333333333333 , 10.2666666666667 
24-Aug-2005 11:52,200504,STANSTED,SPAIN,BILBAO,EASYJET AIRLINE COMPANY LTD,A,S, 60 , 0 , 95 , 5 , 0 , 0 , 0 , 0 , 1.91666666666667 , 0 , 60 , 95 , 2.35 
24-Aug-2005 11:52,200504,STANSTED,SPAIN,BILBAO,EASYJET AIRLINE COMPANY LTD,D,S, 60 , 0 , 76.6666666666667 , 16.6666666666667 , 6.66666666666667 , 0 , 0 , 0 , 10.4666666666667 , 0 , 60 , 71.6666666666667 , 11.5166666666667 
24-Aug-2005 11:52,200504,STANSTED,SPAIN,GERONA,RYANAIR,A,S, 120 , 0 , 92.5 , 5 , 0.833333333333333 , 0.833333333333333 , 0.833333333333333 , 0 , 6.05 , 0 , 117 , 91.4529914529915 , 6.15384615384615 
24-Aug-2005 11:52,200504,STANSTED,SPAIN,GERONA,RYANAIR,D,S, 120 , 0 , 92.5 , 5.83333333333333 , 0.833333333333333 , 0.833333333333333 , 0 , 0 , 5.55833333333333 , 0 , 119 , 88.2352941176471 , 7.89915966386555 
24-Aug-2005 11:52,200504,STANSTED,SPAIN,GRANADA,RYANAIR,A,S, 30 , 0 , 96.6666666666667 , 0 , 0 , 3.33333333333333 , 0 , 0 , 3.23333333333333 , 0 , 0 , 0 , 0 
24-Aug-2005 11:52,200504,STANSTED,SPAIN,GRANADA,RYANAIR,D,S, 30 , 0 , 86.6666666666667 , 6.66666666666667 , 3.33333333333333 , 3.33333333333333 , 0 , 0 , 9.66666666666667 , 0 , 0 , 0 , 0 
24-Aug-2005 11:52,200504,STANSTED,SPAIN,IBIZA,EASYJET AIRLINE COMPANY LTD,A,S, 1 , 0 , 100 , 0 , 0 , 0 , 0 , 0 , 0 , 1 , 38 , 94.7368421052632 , 2.65789473684211 
24-Aug-2005 11:52,200504,STANSTED,SPAIN,IBIZA,EASYJET AIRLINE COMPANY LTD,D,S, 2 , 0 , 50 , 0 , 0 , 0 , 50 , 0 , 122 , 0 , 38 , 84.2105263157895 , 8.86842105263158 
24-Aug-2005 11:52,200504,STANSTED,SPAIN,IBIZA,THOMAS COOK AIRLINES LTD,A,C, 1 , 0 , 100 , 0 , 0 , 0 , 0 , 0 , 13 , 0 , 0 , 0 , 0 
24-Aug-2005 11:52,200504,STANSTED,SPAIN,IBIZA,THOMAS COOK AIRLINES LTD,D,C, 1 , 0 , 0 , 0 , 100 , 0 , 0 , 0 , 38 , 0 , 0 , 0 , 0 
24-Aug-2005 11:52,200504,STANSTED,SPAIN,JEREZ,RYANAIR,A,S, 59 , 0 , 96.6101694915254 , 1.69491525423729 , 1.69491525423729 , 0 , 0 , 0 , 1.96610169491525 , 0 , 40 , 100 , 0.025 
24-Aug-2005 11:52,200504,STANSTED,SPAIN,JEREZ,RYANAIR,D,S, 60 , 0 , 81.6666666666667 , 15 , 3.33333333333333 , 0 , 0 , 0 , 6.3 , 0 , 40 , 80 , 7.65 
24-Aug-2005 11:52,200504,STANSTED,SPAIN,MADRID,EUROPEAN AIR CHARTER,A,C, 1 , 0 , 100 , 0 , 0 , 0 , 0 , 0 , 5 , 0 , 0 , 0 , 0 
24-Aug-2005 11:52,200504,STANSTED,SPAIN,MADRID,EUROPEAN AIR CHARTER,D,C, 1 , 0 , 0 , 100 , 0 , 0 , 0 , 0 , 19 , 0 , 0 , 0 , 0 
24-Aug-2005 11:52,200504,STANSTED,SPAIN,MAHON,EUROPEAN AIR CHARTER,A,C, 5 , 0 , 80 , 20 , 0 , 0 , 0 , 0 , 11.2 , 0 , 0 , 0 , 0 
24-Aug-2005 11:52,200504,STANSTED,SPAIN,MAHON,EUROPEAN AIR CHARTER,D,C, 5 , 0 , 60 , 20 , 20 , 0 , 0 , 0 , 15.2 , 0 , 0 , 0 , 0 
24-Aug-2005 11:52,200504,STANSTED,SPAIN,MALAGA,BRITANNIA AIRWAYS AND THOMSONFLY,A,C, 4 , 0 , 100 , 0 , 0 , 0 , 0 , 0 , 3 , 0 , 4 , 75 , 8.5 
24-Aug-2005 11:52,200504,STANSTED,SPAIN,MALAGA,BRITANNIA AIRWAYS AND THOMSONFLY,D,C, 4 , 0 , 100 , 0 , 0 , 0 , 0 , 0 , 2 , 0 , 4 , 50 , 16.25 
24-Aug-2005 11:52,200504,STANSTED,SPAIN,MALAGA,EASYJET AIRLINE COMPANY LTD,A,S, 99 , 0 , 79.7979797979798 , 10.1010101010101 , 6.06060606060606 , 3.03030303030303 , 1.01010101010101 , 0 , 10.0707070707071 , 0 , 98 , 82.6530612244898 , 10.1428571428571 
24-Aug-2005 11:52,200504,STANSTED,SPAIN,MALAGA,EASYJET AIRLINE COMPANY LTD,D,S, 100 , 0 , 68 , 20 , 7 , 5 , 0 , 0 , 15.54 , 0 , 98 , 72.4489795918367 , 15.469387755102 
24-Aug-2005 11:52,200504,STANSTED,SPAIN,MALAGA,FIRST CHOICE AIRWAYS LTD,A,C, 0 , 0 , 0 , 0 , 0 , 0 , 0 , 0 , 0 , 0 , 4 , 100 , 2.25 
24-Aug-2005 11:52,200504,STANSTED,SPAIN,MALAGA,FIRST CHOICE AIRWAYS LTD,D,C, 0 , 0 , 0 , 0 , 0 , 0 , 0 , 0 , 0 , 0 , 4 , 100 , 1.25 
24-Aug-2005 11:52,200504,STANSTED,SPAIN,MALAGA,MY TRAVEL AIRWAYS UK,A,C, 0 , 0 , 0 , 0 , 0 , 0 , 0 , 0 , 0 , 0 , 4 , 75 , 5.75 
24-Aug-2005 11:52,200504,STANSTED,SPAIN,MALAGA,MY TRAVEL AIRWAYS UK,D,C, 0 , 0 , 0 , 0 , 0 , 0 , 0 , 0 , 0 , 0 , 4 , 100 , 2.5 
24-Aug-2005 11:52,200504,STANSTED,SPAIN,MURCIA SAN JAVIER,RYANAIR,A,S, 61 , 0 , 85.2459016393443 , 8.19672131147541 , 3.27868852459016 , 1.63934426229508 , 1.63934426229508 , 0 , 11.1803278688525 , 0 , 60 , 95 , 2.23333333333333 
24-Aug-2005 11:52,200504,STANSTED,SPAIN,MURCIA SAN JAVIER,RYANAIR,D,S, 60 , 1 , 76.6666666666667 , 20 , 3.33333333333333 , 0 , 0 , 0 , 9.36666666666667 , 0 , 60 , 88.3333333333333 , 5.25 
24-Aug-2005 11:52,200504,STANSTED,SPAIN,PALMA DE MALLORCA,AIR BERLIN,A,S, 30 , 0 , 86.6666666666667 , 10 , 3.33333333333333 , 0 , 0 , 0 , 8.13333333333333 , 0 , 30 , 83.3333333333333 , 9.56666666666667 
24-Aug-2005 11:52,200504,STANSTED,SPAIN,PALMA DE MALLORCA,AIR BERLIN,D,S, 30 , 0 , 96.6666666666667 , 0 , 3.33333333333333 , 0 , 0 , 0 , 1.93333333333333 , 0 , 30 , 93.3333333333333 , 3.5 
24-Aug-2005 11:52,200504,STANSTED,SPAIN,PALMA DE MALLORCA,BRITANNIA AIRWAYS AND THOMSONFLY,A,C, 5 , 0 , 100 , 0 , 0 , 0 , 0 , 0 , 1.2 , 0 , 5 , 100 , 1.2 
24-Aug-2005 11:52,200504,STANSTED,SPAIN,PALMA DE MALLORCA,BRITANNIA AIRWAYS AND THOMSONFLY,D,C, 5 , 0 , 100 , 0 , 0 , 0 , 0 , 0 , 2.4 , 0 , 5 , 80 , 3.6 
24-Aug-2005 11:52,200504,STANSTED,SPAIN,PALMA DE MALLORCA,EASYJET AIRLINE COMPANY LTD,A,S, 35 , 0 , 77.1428571428571 , 11.4285714285714 , 8.57142857142857 , 2.85714285714286 , 0 , 0 , 9.6 , 0 , 34 , 79.4117647058824 , 10 
24-Aug-2005 11:52,200504,STANSTED,SPAIN,PALMA DE MALLORCA,EASYJET AIRLINE COMPANY LTD,D,S, 35 , 0 , 57.1428571428571 , 22.8571428571429 , 14.2857142857143 , 5.71428571428571 , 0 , 0 , 19 , 0 , 34 , 79.4117647058824 , 10.1764705882353 
24-Aug-2005 11:52,200504,STANSTED,SPAIN,PALMA DE MALLORCA,FIRST CHOICE AIRWAYS LTD,A,C, 4 , 0 , 100 , 0 , 0 , 0 , 0 , 0 , 2.25 , 0 , 7 , 85.7142857142857 , 3.14285714285714 
24-Aug-2005 11:52,200504,STANSTED,SPAIN,PALMA DE MALLORCA,FIRST CHOICE AIRWAYS LTD,D,C, 4 , 0 , 100 , 0 , 0 , 0 , 0 , 0 , 2.25 , 0 , 8 , 75 , 9.375 
24-Aug-2005 11:52,200504,STANSTED,SPAIN,PALMA DE MALLORCA,MY TRAVEL AIRWAYS UK,A,C, 0 , 0 , 0 , 0 , 0 , 0 , 0 , 0 , 0 , 0 , 3 , 100 , 0 
24-Aug-2005 11:52,200504,STANSTED,SPAIN,PALMA DE MALLORCA,MY TRAVEL AIRWAYS UK,D,C, 0 , 0 , 0 , 0 , 0 , 0 , 0 , 0 , 0 , 0 , 4 , 100 , 0.25 
24-Aug-2005 11:52,200504,STANSTED,SPAIN,PALMA DE MALLORCA,THOMAS COOK AIRLINES LTD,A,C, 0 , 0 , 0 , 0 , 0 , 0 , 0 , 0 , 0 , 0 , 3 , 100 , 1.66666666666667 
24-Aug-2005 11:52,200504,STANSTED,SPAIN,PALMA DE MALLORCA,THOMAS COOK AIRLINES LTD,D,C, 0 , 0 , 0 , 0 , 0 , 0 , 0 , 0 , 0 , 0 , 4 , 75 , 7.75 
24-Aug-2005 11:52,200504,STANSTED,SPAIN,REUS,RYANAIR,A,S, 48 , 0 , 95.8333333333333 , 2.08333333333333 , 2.08333333333333 , 0 , 0 , 0 , 1.16666666666667 , 0 , 60 , 93.3333333333333 , 1.66666666666667 
24-Aug-2005 11:52,200504,STANSTED,SPAIN,REUS,RYANAIR,D,S, 48 , 0 , 95.8333333333333 , 0 , 4.16666666666667 , 0 , 0 , 0 , 4.58333333333333 , 0 , 60 , 86.6666666666667 , 7.61666666666667 
24-Aug-2005 11:52,200504,STANSTED,SPAIN,SALAMANCA,EUROPEAN AIR CHARTER,A,C, 0 , 1 , 0 , 0 , 0 , 0 , 0 , 0 , 0 , 0 , 0 , 0 , 0 
24-Aug-2005 11:52,200504,STANSTED,SPAIN,SALAMANCA,EUROPEAN AIR CHARTER,D,C, 1 , 0 , 100 , 0 , 0 , 0 , 0 , 0 , 8 , 0 , 0 , 0 , 0 
24-Aug-2005 11:52,200504,STANSTED,SPAIN,SANTANDER,RYANAIR,A,S, 30 , 0 , 100 , 0 , 0 , 0 , 0 , 0 , 0 , 0 , 0 , 0 , 0 
24-Aug-2005 11:52,200504,STANSTED,SPAIN,SANTANDER,RYANAIR,D,S, 30 , 0 , 93.3333333333333 , 6.66666666666667 , 0 , 0 , 0 , 0 , 3.2 , 0 , 0 , 0 , 0 
24-Aug-2005 11:52,200504,STANSTED,SPAIN,SANTIAGO DE COMPOSTELA (SPAIN),RYANAIR,A,S, 20 , 0 , 95 , 5 , 0 , 0 , 0 , 0 , 1.8 , 0 , 0 , 0 , 0 
24-Aug-2005 11:52,200504,STANSTED,SPAIN,SANTIAGO DE COMPOSTELA (SPAIN),RYANAIR,D,S, 20 , 0 , 95 , 0 , 5 , 0 , 0 , 0 , 3.65 , 0 , 0 , 0 , 0 
24-Aug-2005 11:52,200504,STANSTED,SPAIN,SEVILLE,RYANAIR,A,S, 37 , 0 , 83.7837837837838 , 5.40540540540541 , 10.8108108108108 , 0 , 0 , 0 , 8.24324324324324 , 1 , 0 , 0 , 0 
24-Aug-2005 11:52,200504,STANSTED,SPAIN,SEVILLE,RYANAIR,D,S, 39 , 0 , 94.8717948717949 , 2.56410256410256 , 2.56410256410256 , 0 , 0 , 0 , 4.1025641025641 , 0 , 0 , 0 , 0 
24-Aug-2005 11:52,200504,STANSTED,SPAIN,VALENCIA,EASYJET AIRLINE COMPANY LTD,A,S, 29 , 1 , 79.3103448275862 , 3.44827586206897 , 10.3448275862069 , 6.89655172413793 , 0 , 0 , 15.7931034482759 , 1 , 0 , 0 , 0 
24-Aug-2005 11:52,200504,STANSTED,SPAIN,VALENCIA,EASYJET AIRLINE COMPANY LTD,D,S, 30 , 0 , 70 , 16.6666666666667 , 6.66666666666667 , 6.66666666666667 , 0 , 0 , 15 , 0 , 0 , 0 , 0 
24-Aug-2005 11:52,200504,STANSTED,SPAIN,VALENCIA,RYANAIR,A,S, 59 , 0 , 86.4406779661017 , 8.47457627118644 , 3.38983050847458 , 1.69491525423729 , 0 , 0 , 6.96610169491525 , 0 , 0 , 0 , 0 
24-Aug-2005 11:52,200504,STANSTED,SPAIN,VALENCIA,RYANAIR,D,S, 60 , 0 , 80 , 13.3333333333333 , 5 , 1.66666666666667 , 0 , 0 , 9.86666666666667 , 0 , 0 , 0 , 0 
24-Aug-2005 11:52,200504,STANSTED,SPAIN,VALLADOLID,RYANAIR,A,S, 30 , 0 , 93.3333333333333 , 0 , 6.66666666666667 , 0 , 0 , 0 , 3 , 0 , 30 , 100 , 6.66666666666667E-02 
24-Aug-2005 11:52,200504,STANSTED,SPAIN,VALLADOLID,RYANAIR,D,S, 30 , 0 , 86.6666666666667 , 6.66666666666667 , 3.33333333333333 , 3.33333333333333 , 0 , 0 , 7.53333333333333 , 0 , 30 , 80 , 8.83333333333333 
24-Aug-2005 11:52,200504,STANSTED,SPAIN,ZARAGOZA,RYANAIR,A,S, 30 , 0 , 93.3333333333333 , 6.66666666666667 , 0 , 0 , 0 , 0 , 2.7 , 0 , 0 , 0 , 0 
24-Aug-2005 11:52,200504,STANSTED,SPAIN,ZARAGOZA,RYANAIR,D,S, 30 , 0 , 96.6666666666667 , 3.33333333333333 , 0 , 0 , 0 , 0 , 2.8 , 0 , 0 , 0 , 0 
24-Aug-2005 11:52,200504,STANSTED,SPAIN(CANARY ISLANDS),ARRECIFE,BRITANNIA AIRWAYS AND THOMSONFLY,A,C, 0 , 0 , 0 , 0 , 0 , 0 , 0 , 0 , 0 , 0 , 4 , 75 , 39.25 
24-Aug-2005 11:52,200504,STANSTED,SPAIN(CANARY ISLANDS),ARRECIFE,BRITANNIA AIRWAYS AND THOMSONFLY,D,C, 0 , 0 , 0 , 0 , 0 , 0 , 0 , 0 , 0 , 0 , 4 , 50 , 47 
24-Aug-2005 11:52,200504,STANSTED,SPAIN(CANARY ISLANDS),ARRECIFE,FIRST CHOICE AIRWAYS LTD,A,C, 3 , 0 , 100 , 0 , 0 , 0 , 0 , 0 , 0.666666666666667 , 0 , 5 , 80 , 20.2 
24-Aug-2005 11:52,200504,STANSTED,SPAIN(CANARY ISLANDS),ARRECIFE,FIRST CHOICE AIRWAYS LTD,D,C, 4 , 0 , 100 , 0 , 0 , 0 , 0 , 0 , 1.25 , 0 , 5 , 100 , 3.2 
24-Aug-2005 11:52,200504,STANSTED,SPAIN(CANARY ISLANDS),ARRECIFE,MY TRAVEL AIRWAYS UK,A,C, 0 , 0 , 0 , 0 , 0 , 0 , 0 , 0 , 0 , 0 , 4 , 100 , 0 
24-Aug-2005 11:52,200504,STANSTED,SPAIN(CANARY ISLANDS),ARRECIFE,MY TRAVEL AIRWAYS UK,D,C, 0 , 0 , 0 , 0 , 0 , 0 , 0 , 0 , 0 , 0 , 4 , 100 , 0 
24-Aug-2005 11:52,200504,STANSTED,SPAIN(CANARY ISLANDS),ARRECIFE,THOMAS COOK AIRLINES LTD,A,C, 4 , 0 , 100 , 0 , 0 , 0 , 0 , 0 , 0 , 0 , 5 , 100 , 2.8 
24-Aug-2005 11:52,200504,STANSTED,SPAIN(CANARY ISLANDS),ARRECIFE,THOMAS COOK AIRLINES LTD,D,C, 4 , 0 , 100 , 0 , 0 , 0 , 0 , 0 , 1.5 , 0 , 5 , 80 , 5.4 
24-Aug-2005 11:52,200504,STANSTED,SPAIN(CANARY ISLANDS),FUERTEVENTURA,BRITANNIA AIRWAYS AND THOMSONFLY,A,C, 4 , 0 , 100 , 0 , 0 , 0 , 0 , 0 , 0 , 0 , 4 , 100 , 6.25 
24-Aug-2005 11:52,200504,STANSTED,SPAIN(CANARY ISLANDS),FUERTEVENTURA,BRITANNIA AIRWAYS AND THOMSONFLY,D,C, 4 , 0 , 100 , 0 , 0 , 0 , 0 , 0 , 4 , 0 , 4 , 100 , 0.5 
24-Aug-2005 11:52,200504,STANSTED,SPAIN(CANARY ISLANDS),FUERTEVENTURA,MY TRAVEL AIRWAYS UK,A,C, 0 , 0 , 0 , 0 , 0 , 0 , 0 , 0 , 0 , 0 , 4 , 100 , 1.5 
24-Aug-2005 11:52,200504,STANSTED,SPAIN(CANARY ISLANDS),FUERTEVENTURA,MY TRAVEL AIRWAYS UK,D,C, 0 , 0 , 0 , 0 , 0 , 0 , 0 , 0 , 0 , 0 , 4 , 100 , 3.5 
24-Aug-2005 11:52,200504,STANSTED,SPAIN(CANARY ISLANDS),LAS PALMAS,BRITANNIA AIRWAYS AND THOMSONFLY,A,C, 5 , 0 , 100 , 0 , 0 , 0 , 0 , 0 , 0 , 0 , 4 , 100 , 0 
24-Aug-2005 11:52,200504,STANSTED,SPAIN(CANARY ISLANDS),LAS PALMAS,BRITANNIA AIRWAYS AND THOMSONFLY,D,C, 4 , 0 , 100 , 0 , 0 , 0 , 0 , 0 , 1.25 , 0 , 4 , 100 , 0 
24-Aug-2005 11:52,200504,STANSTED,SPAIN(CANARY ISLANDS),LAS PALMAS,FIRST CHOICE AIRWAYS LTD,A,C, 4 , 0 , 100 , 0 , 0 , 0 , 0 , 0 , 0 , 0 , 4 , 100 , 0.25 
24-Aug-2005 11:52,200504,STANSTED,SPAIN(CANARY ISLANDS),LAS PALMAS,FIRST CHOICE AIRWAYS LTD,D,C, 4 , 0 , 100 , 0 , 0 , 0 , 0 , 0 , 2 , 0 , 4 , 100 , 3.75 
24-Aug-2005 11:52,200504,STANSTED,SPAIN(CANARY ISLANDS),LAS PALMAS,MY TRAVEL AIRWAYS UK,A,C, 0 , 0 , 0 , 0 , 0 , 0 , 0 , 0 , 0 , 0 , 4 , 75 , 11.5 
24-Aug-2005 11:52,200504,STANSTED,SPAIN(CANARY ISLANDS),LAS PALMAS,MY TRAVEL AIRWAYS UK,D,C, 0 , 0 , 0 , 0 , 0 , 0 , 0 , 0 , 0 , 0 , 4 , 50 , 16.25 
24-Aug-2005 11:52,200504,STANSTED,SPAIN(CANARY ISLANDS),LAS PALMAS,THOMAS COOK AIRLINES LTD,A,C, 0 , 0 , 0 , 0 , 0 , 0 , 0 , 0 , 0 , 0 , 4 , 100 , 4.75 
24-Aug-2005 11:52,200504,STANSTED,SPAIN(CANARY ISLANDS),LAS PALMAS,THOMAS COOK AIRLINES LTD,D,C, 0 , 0 , 0 , 0 , 0 , 0 , 0 , 0 , 0 , 0 , 4 , 100 , 1.75 
24-Aug-2005 11:52,200504,STANSTED,SPAIN(CANARY ISLANDS),TENERIFE (NORTE LOS RODEOS),ASTRAEUS LTD,A,C, 0 , 1 , 0 , 0 , 0 , 0 , 0 , 0 , 0 , 0 , 0 , 0 , 0 
24-Aug-2005 11:52,200504,STANSTED,SPAIN(CANARY ISLANDS),TENERIFE (SURREINA SOFIA),BRITANNIA AIRWAYS AND THOMSONFLY,A,C, 9 , 0 , 88.8888888888889 , 0 , 11.1111111111111 , 0 , 0 , 0 , 5.22222222222222 , 0 , 9 , 100 , 0 
24-Aug-2005 11:52,200504,STANSTED,SPAIN(CANARY ISLANDS),TENERIFE (SURREINA SOFIA),BRITANNIA AIRWAYS AND THOMSONFLY,D,C, 9 , 0 , 77.7777777777778 , 11.1111111111111 , 0 , 11.1111111111111 , 0 , 0 , 13.8888888888889 , 0 , 9 , 77.7777777777778 , 6.33333333333333 
24-Aug-2005 11:52,200504,STANSTED,SPAIN(CANARY ISLANDS),TENERIFE (SURREINA SOFIA),FIRST CHOICE AIRWAYS LTD,A,C, 8 , 1 , 75 , 25 , 0 , 0 , 0 , 0 , 5.625 , 0 , 9 , 66.6666666666667 , 15.1111111111111 
24-Aug-2005 11:52,200504,STANSTED,SPAIN(CANARY ISLANDS),TENERIFE (SURREINA SOFIA),FIRST CHOICE AIRWAYS LTD,D,C, 9 , 0 , 100 , 0 , 0 , 0 , 0 , 0 , 1.77777777777778 , 0 , 9 , 66.6666666666667 , 10.5555555555556 
24-Aug-2005 11:52,200504,STANSTED,SPAIN(CANARY ISLANDS),TENERIFE (SURREINA SOFIA),KRAS AIR,A,S, 0 , 2 , 0 , 0 , 0 , 0 , 0 , 0 , 0 , 0 , 0 , 0 , 0 
24-Aug-2005 11:52,200504,STANSTED,SPAIN(CANARY ISLANDS),TENERIFE (SURREINA SOFIA),KRAS AIR,D,S, 0 , 2 , 0 , 0 , 0 , 0 , 0 , 0 , 0 , 0 , 0 , 0 , 0 
24-Aug-2005 11:52,200504,STANSTED,SPAIN(CANARY ISLANDS),TENERIFE (SURREINA SOFIA),MY TRAVEL AIRWAYS UK,A,C, 0 , 0 , 0 , 0 , 0 , 0 , 0 , 0 , 0 , 0 , 8 , 87.5 , 7.875 
24-Aug-2005 11:52,200504,STANSTED,SPAIN(CANARY ISLANDS),TENERIFE (SURREINA SOFIA),MY TRAVEL AIRWAYS UK,D,C, 0 , 0 , 0 , 0 , 0 , 0 , 0 , 0 , 0 , 0 , 8 , 100 , 3.25 
24-Aug-2005 11:52,200504,STANSTED,SPAIN(CANARY ISLANDS),TENERIFE (SURREINA SOFIA),THOMAS COOK AIRLINES LTD,A,C, 5 , 0 , 80 , 0 , 0 , 20 , 0 , 0 , 19.8 , 0 , 5 , 100 , 1.2 
24-Aug-2005 11:52,200504,STANSTED,SPAIN(CANARY ISLANDS),TENERIFE (SURREINA SOFIA),THOMAS COOK AIRLINES LTD,D,C, 5 , 0 , 80 , 0 , 0 , 20 , 0 , 0 , 18.6 , 0 , 5 , 80 , 3.6 
24-Aug-2005 11:52,200504,STANSTED,SWEDEN,GOTEBORG (SAVE),RYANAIR,A,S, 81 , 0 , 92.5925925925926 , 3.7037037037037 , 3.7037037037037 , 0 , 0 , 0 , 3.46913580246914 , 0 , 60 , 98.3333333333333 , 1.63333333333333 
24-Aug-2005 11:52,200504,STANSTED,SWEDEN,GOTEBORG (SAVE),RYANAIR,D,S, 81 , 0 , 76.5432098765432 , 14.8148148148148 , 6.17283950617284 , 2.46913580246914 , 0 , 0 , 10.8395061728395 , 0 , 60 , 75 , 9.16666666666667 
24-Aug-2005 11:52,200504,STANSTED,SWEDEN,MALMO,RYANAIR,A,S, 51 , 0 , 90.1960784313725 , 5.88235294117647 , 3.92156862745098 , 0 , 0 , 0 , 5.47058823529412 , 0 , 52 , 90.3846153846154 , 3.63461538461538 
24-Aug-2005 11:52,200504,STANSTED,SWEDEN,MALMO,RYANAIR,D,S, 51 , 0 , 60.7843137254902 , 33.3333333333333 , 5.88235294117647 , 0 , 0 , 0 , 12.5882352941176 , 0 , 52 , 73.0769230769231 , 12.5192307692308 
24-Aug-2005 11:52,200504,STANSTED,SWEDEN,STOCKHOLM (ARLANDA),NORDIC REGIONAL,A,C, 1 , 0 , 100 , 0 , 0 , 0 , 0 , 0 , 2 , 0 , 0 , 0 , 0 
24-Aug-2005 11:52,200504,STANSTED,SWEDEN,STOCKHOLM (ARLANDA),NORDIC REGIONAL,D,C, 1 , 0 , 0 , 100 , 0 , 0 , 0 , 0 , 21 , 0 , 0 , 0 , 0 
24-Aug-2005 11:52,200504,STANSTED,SWEDEN,STOCKHOLM (SKAVSTA),RYANAIR,A,S, 85 , 0 , 95.2941176470588 , 1.17647058823529 , 2.35294117647059 , 0 , 1.17647058823529 , 0 , 6.21176470588235 , 0 , 86 , 93.0232558139535 , 6.06976744186047 
24-Aug-2005 11:52,200504,STANSTED,SWEDEN,STOCKHOLM (SKAVSTA),RYANAIR,D,S, 85 , 0 , 90.5882352941177 , 4.70588235294118 , 2.35294117647059 , 2.35294117647059 , 0 , 0 , 5.54117647058824 , 0 , 86 , 90.6976744186047 , 8.48837209302326 
24-Aug-2005 11:52,200504,STANSTED,SWEDEN,VASTERAS,RYANAIR,A,S, 0 , 0 , 0 , 0 , 0 , 0 , 0 , 0 , 0 , 0 , 60 , 93.3333333333333 , 6.8 
24-Aug-2005 11:52,200504,STANSTED,SWEDEN,VASTERAS,RYANAIR,D,S, 0 , 0 , 0 , 0 , 0 , 0 , 0 , 0 , 0 , 0 , 60 , 68.3333333333333 , 16.3333333333333 
24-Aug-2005 11:52,200504,STANSTED,SWITZERLAND,BASLE MULHOUSE,EASYJET AIRLINE COMPANY LTD,A,S, 30 , 0 , 90 , 6.66666666666667 , 3.33333333333333 , 0 , 0 , 0 , 5.66666666666667 , 0 , 30 , 76.6666666666667 , 7.66666666666667 
24-Aug-2005 11:52,200504,STANSTED,SWITZERLAND,BASLE MULHOUSE,EASYJET AIRLINE COMPANY LTD,D,S, 30 , 0 , 86.6666666666667 , 6.66666666666667 , 6.66666666666667 , 0 , 0 , 0 , 10.8666666666667 , 0 , 30 , 80 , 8.96666666666667 
24-Aug-2005 11:52,200504,STANSTED,SWITZERLAND,GENEVA,CHANNEL EXPRESS (INCORP: JET 2),A,C, 0 , 0 , 0 , 0 , 0 , 0 , 0 , 0 , 0 , 0 , 4 , 50 , 13.25 
24-Aug-2005 11:52,200504,STANSTED,SWITZERLAND,GENEVA,CHANNEL EXPRESS (INCORP: JET 2),D,C, 0 , 0 , 0 , 0 , 0 , 0 , 0 , 0 , 0 , 0 , 3 , 66.6666666666667 , 16 
24-Aug-2005 11:52,200504,STANSTED,SWITZERLAND,GENEVA,EUROPEAN AIR CHARTER,A,C, 3 , 0 , 66.6666666666667 , 0 , 0 , 33.3333333333333 , 0 , 0 , 31.3333333333333 , 0 , 1 , 100 , 15 
24-Aug-2005 11:52,200504,STANSTED,SWITZERLAND,GENEVA,EUROPEAN AIR CHARTER,D,C, 2 , 0 , 100 , 0 , 0 , 0 , 0 , 0 , 10 , 0 , 0 , 0 , 0 
24-Aug-2005 11:52,200504,STANSTED,SWITZERLAND,GENEVA,HAMBURG INTERNATIONAL,A,C, 0 , 1 , 0 , 0 , 0 , 0 , 0 , 0 , 0 , 0 , 0 , 0 , 0 
24-Aug-2005 11:52,200504,STANSTED,SWITZERLAND,GENEVA,MONARCH AIRLINES,A,C, 2 , 0 , 100 , 0 , 0 , 0 , 0 , 0 , 5 , 0 , 3 , 66.6666666666667 , 10 
24-Aug-2005 11:52,200504,STANSTED,SWITZERLAND,GENEVA,MONARCH AIRLINES,D,C, 1 , 0 , 100 , 0 , 0 , 0 , 0 , 0 , 0 , 0 , 2 , 100 , 11.5 
24-Aug-2005 11:52,200504,STANSTED,TUNISIA,MONASTIR,MY TRAVEL AIRWAYS UK,A,C, 0 , 0 , 0 , 0 , 0 , 0 , 0 , 0 , 0 , 0 , 4 , 100 , 3 
24-Aug-2005 11:52,200504,STANSTED,TUNISIA,MONASTIR,MY TRAVEL AIRWAYS UK,D,C, 0 , 0 , 0 , 0 , 0 , 0 , 0 , 0 , 0 , 0 , 4 , 100 , 4.25 
24-Aug-2005 11:52,200504,STANSTED,TUNISIA,MONASTIR,NOUVELAIR TUNISIE,A,C, 4 , 0 , 25 , 0 , 25 , 25 , 25 , 0 , 99.25 , 0 , 0 , 0 , 0 
24-Aug-2005 11:52,200504,STANSTED,TUNISIA,MONASTIR,NOUVELAIR TUNISIE,D,C, 4 , 0 , 25 , 25 , 0 , 25 , 25 , 0 , 99.5 , 0 , 0 , 0 , 0 
24-Aug-2005 11:52,200504,STANSTED,TURKEY,ANTALYA,KIBRIS TURKISH AIRLINES - KTHY,A,S, 16 , 0 , 62.5 , 31.25 , 6.25 , 0 , 0 , 0 , 9.75 , 0 , 16 , 62.5 , 17.1875 
24-Aug-2005 11:52,200504,STANSTED,TURKEY,ANTALYA,KIBRIS TURKISH AIRLINES - KTHY,D,S, 16 , 0 , 56.25 , 31.25 , 12.5 , 0 , 0 , 0 , 13.0625 , 0 , 16 , 12.5 , 37.1875 
24-Aug-2005 11:52,200504,STANSTED,TURKEY,ANTALYA,THOMAS COOK AIRLINES LTD,A,C, 0 , 0 , 0 , 0 , 0 , 0 , 0 , 0 , 0 , 0 , 4 , 75 , 11.25 
24-Aug-2005 11:52,200504,STANSTED,TURKEY,ANTALYA,THOMAS COOK AIRLINES LTD,D,C, 0 , 0 , 0 , 0 , 0 , 0 , 0 , 0 , 0 , 0 , 4 , 75 , 21 
24-Aug-2005 11:52,200504,STANSTED,TURKEY,DALAMAN,KIBRIS TURKISH AIRLINES - KTHY,A,S, 4 , 0 , 100 , 0 , 0 , 0 , 0 , 0 , 2.5 , 0 , 4 , 100 , 1.75 
24-Aug-2005 11:52,200504,STANSTED,TURKEY,DALAMAN,KIBRIS TURKISH AIRLINES - KTHY,D,S, 4 , 0 , 100 , 0 , 0 , 0 , 0 , 0 , 1.5 , 0 , 4 , 75 , 8 
24-Aug-2005 11:52,200504,STANSTED,TURKEY,ISTANBUL,ONUR AIR,A,C, 13 , 0 , 76.9230769230769 , 7.69230769230769 , 15.3846153846154 , 0 , 0 , 0 , 10.9230769230769 , 0 , 15 , 86.6666666666667 , 10.6666666666667 
24-Aug-2005 11:52,200504,STANSTED,TURKEY,ISTANBUL,ONUR AIR,D,C, 13 , 0 , 38.4615384615385 , 7.69230769230769 , 46.1538461538462 , 7.69230769230769 , 0 , 0 , 31.9230769230769 , 0 , 17 , 58.8235294117647 , 20.9411764705882 
24-Aug-2005 11:52,200504,STANSTED,TURKEY,IZMIR (ADNAM MENDERES),CHANNEL EXPRESS (INCORP: JET 2),A,C, 0 , 0 , 0 , 0 , 0 , 0 , 0 , 0 , 0 , 0 , 1 , 100 , 0 
24-Aug-2005 11:52,200504,STANSTED,TURKEY,IZMIR (ADNAM MENDERES),CHANNEL EXPRESS (INCORP: JET 2),D,C, 0 , 0 , 0 , 0 , 0 , 0 , 0 , 0 , 0 , 0 , 1 , 100 , 7 
24-Aug-2005 11:52,200504,STANSTED,TURKEY,IZMIR (ADNAM MENDERES),KIBRIS TURKISH AIRLINES - KTHY,A,S, 5 , 0 , 100 , 0 , 0 , 0 , 0 , 0 , 0 , 0 , 5 , 60 , 25.6 
24-Aug-2005 11:52,200504,STANSTED,TURKEY,IZMIR (ADNAM MENDERES),KIBRIS TURKISH AIRLINES - KTHY,D,S, 5 , 0 , 100 , 0 , 0 , 0 , 0 , 0 , 4 , 0 , 5 , 40 , 35.2 
24-Aug-2005 11:52,200504,STANSTED,UNITED KINGDOM,BELFAST INTERNATIONAL,EASYJET AIRLINE COMPANY LTD,A,S, 136 , 0 , 94.8529411764706 , 3.67647058823529 , 0.735294117647059 , 0.735294117647059 , 0 , 0 , 3.08088235294118 , 0 , 134 , 76.8656716417911 , 10.4029850746269 
24-Aug-2005 11:52,200504,STANSTED,UNITED KINGDOM,BELFAST INTERNATIONAL,EASYJET AIRLINE COMPANY LTD,D,S, 136 , 0 , 80.8823529411765 , 13.2352941176471 , 3.67647058823529 , 1.47058823529412 , 0.735294117647059 , 0 , 10.5588235294118 , 0 , 134 , 69.4029850746269 , 13.410447761194 
24-Aug-2005 11:52,200504,STANSTED,UNITED KINGDOM,BELFAST INTERNATIONAL,JETALLIANCE FLUGBETTRIEBS,A,C, 0 , 1 , 0 , 0 , 0 , 0 , 0 , 0 , 0 , 0 , 0 , 0 , 0 
24-Aug-2005 11:52,200504,STANSTED,UNITED KINGDOM,BELFAST INTERNATIONAL,JETALLIANCE FLUGBETTRIEBS,D,C, 0 , 1 , 0 , 0 , 0 , 0 , 0 , 0 , 0 , 0 , 0 , 0 , 0 
24-Aug-2005 11:52,200504,STANSTED,UNITED KINGDOM,BLACKPOOL,RYANAIR,A,S, 51 , 0 , 90.1960784313725 , 7.84313725490196 , 1.96078431372549 , 0 , 0 , 0 , 3.50980392156863 , 0 , 52 , 92.3076923076923 , 5.36538461538462 
24-Aug-2005 11:52,200504,STANSTED,UNITED KINGDOM,BLACKPOOL,RYANAIR,D,S, 51 , 0 , 90.1960784313725 , 3.92156862745098 , 5.88235294117647 , 0 , 0 , 0 , 5.35294117647059 , 0 , 52 , 80.7692307692308 , 10.0961538461538 
24-Aug-2005 11:52,200504,STANSTED,UNITED KINGDOM,CITY OF DERRY (EGLINTON),RYANAIR,A,S, 30 , 0 , 93.3333333333333 , 3.33333333333333 , 3.33333333333333 , 0 , 0 , 0 , 2.73333333333333 , 0 , 56 , 91.0714285714286 , 22.4285714285714 
24-Aug-2005 11:52,200504,STANSTED,UNITED KINGDOM,CITY OF DERRY (EGLINTON),RYANAIR,D,S, 30 , 0 , 96.6666666666667 , 0 , 3.33333333333333 , 0 , 0 , 0 , 3.2 , 0 , 56 , 73.2142857142857 , 9.91071428571429 
24-Aug-2005 11:52,200504,STANSTED,UNITED KINGDOM,EDINBURGH,EASYJET AIRLINE COMPANY LTD,A,S, 162 , 0 , 75.9259259259259 , 10.4938271604938 , 7.40740740740741 , 5.55555555555556 , 0.617283950617284 , 0 , 13.7037037037037 , 0 , 184 , 83.695652173913 , 9.19021739130435 
24-Aug-2005 11:52,200504,STANSTED,UNITED KINGDOM,EDINBURGH,EASYJET AIRLINE COMPANY LTD,D,S, 161 , 0 , 63.3540372670807 , 19.8757763975155 , 11.8012422360248 , 4.96894409937888 , 0 , 0 , 16.0621118012422 , 0 , 186 , 72.5806451612903 , 14.5 
24-Aug-2005 11:52,200504,STANSTED,UNITED KINGDOM,GLASGOW,EASYJET AIRLINE COMPANY LTD,A,S, 136 , 0 , 96.3235294117647 , 1.47058823529412 , 1.47058823529412 , 0.735294117647059 , 0 , 0 , 2.38235294117647 , 0 , 136 , 97.7941176470588 , 1.44852941176471 
24-Aug-2005 11:52,200504,STANSTED,UNITED KINGDOM,GLASGOW,EASYJET AIRLINE COMPANY LTD,D,S, 135 , 0 , 86.6666666666667 , 11.1111111111111 , 0.740740740740741 , 1.48148148148148 , 0 , 0 , 6.54814814814815 , 0 , 138 , 93.4782608695652 , 4.51449275362319 
24-Aug-2005 11:52,200504,STANSTED,UNITED KINGDOM,GUERNSEY,AURIGNY AIR SERVICES,A,S, 30 , 0 , 93.3333333333333 , 3.33333333333333 , 3.33333333333333 , 0 , 0 , 0 , 4.5 , 0 , 119 , 50.4201680672269 , 26.8067226890756 
24-Aug-2005 11:52,200504,STANSTED,UNITED KINGDOM,GUERNSEY,AURIGNY AIR SERVICES,D,S, 29 , 0 , 82.7586206896552 , 10.3448275862069 , 0 , 3.44827586206897 , 0 , 3.44827586206897 , 40.2413793103448 , 1 , 123 , 56.9105691056911 , 28.5609756097561 
24-Aug-2005 11:52,200504,STANSTED,UNITED KINGDOM,ISLE OF MAN,ASTRAEUS LTD,A,C, 0 , 0 , 0 , 0 , 0 , 0 , 0 , 0 , 0 , 0 , 1 , 100 , 0 
24-Aug-2005 11:52,200504,STANSTED,UNITED KINGDOM,ISLE OF MAN,EUROMANX GMBH,A,S, 28 , 0 , 35.7142857142857 , 46.4285714285714 , 17.8571428571429 , 0 , 0 , 0 , 22.4642857142857 , 0 , 0 , 0 , 0 
24-Aug-2005 11:52,200504,STANSTED,UNITED KINGDOM,ISLE OF MAN,EUROMANX GMBH,D,S, 28 , 0 , 71.4285714285714 , 14.2857142857143 , 14.2857142857143 , 0 , 0 , 0 , 11.1785714285714 , 0 , 0 , 0 , 0 
24-Aug-2005 11:52,200504,STANSTED,UNITED KINGDOM,ISLE OF MAN,FLIGHTLINE LTD,D,C, 0 , 0 , 0 , 0 , 0 , 0 , 0 , 0 , 0 , 0 , 1 , 0 , 21 
24-Aug-2005 11:52,200504,STANSTED,UNITED KINGDOM,JERSEY,VLM (BELGIUM),A,S, 0 , 1 , 0 , 0 , 0 , 0 , 0 , 0 , 0 , 0 , 0 , 0 , 0 
24-Aug-2005 11:52,200504,STANSTED,UNITED KINGDOM,MANCHESTER,AIR MALTA,A,C, 0 , 0 , 0 , 0 , 0 , 0 , 0 , 0 , 0 , 0 , 1 , 100 , 0 
24-Aug-2005 11:52,200504,STANSTED,UNITED KINGDOM,MANCHESTER,AIR MALTA,D,C, 0 , 0 , 0 , 0 , 0 , 0 , 0 , 0 , 0 , 0 , 1 , 100 , 4 
24-Aug-2005 11:52,200504,STANSTED,UNITED KINGDOM,MANCHESTER,EASTERN AIRWAYS,A,S, 63 , 0 , 93.6507936507936 , 1.58730158730159 , 3.17460317460317 , 1.58730158730159 , 0 , 0 , 4.6984126984127 , 0 , 60 , 93.3333333333333 , 6.18333333333333 
24-Aug-2005 11:52,200504,STANSTED,UNITED KINGDOM,MANCHESTER,EASTERN AIRWAYS,D,S, 63 , 0 , 93.6507936507936 , 1.58730158730159 , 3.17460317460317 , 1.58730158730159 , 0 , 0 , 4.33333333333333 , 0 , 61 , 95.0819672131148 , 6.18032786885246 
24-Aug-2005 11:52,200504,STANSTED,UNITED KINGDOM,NEWCASTLE,EASYJET AIRLINE COMPANY LTD,A,S, 116 , 0 , 87.9310344827586 , 8.62068965517241 , 0 , 0.862068965517241 , 2.58620689655172 , 0 , 9.88793103448276 , 0 , 123 , 83.739837398374 , 10.2032520325203 
24-Aug-2005 11:52,200504,STANSTED,UNITED KINGDOM,NEWCASTLE,EASYJET AIRLINE COMPANY LTD,D,S, 115 , 0 , 75.6521739130435 , 20.8695652173913 , 3.47826086956522 , 0 , 0 , 0 , 9.4695652173913 , 0 , 124 , 67.741935483871 , 14.4758064516129 
24-Aug-2005 11:52,200504,STANSTED,UNITED KINGDOM,NEWQUAY,RYANAIR,A,S, 58 , 0 , 94.8275862068965 , 1.72413793103448 , 1.72413793103448 , 0 , 0 , 1.72413793103448 , 8.89655172413793 , 2 , 52 , 94.2307692307692 , 3.42307692307692 
24-Aug-2005 11:52,200504,STANSTED,UNITED KINGDOM,NEWQUAY,RYANAIR,D,S, 61 , 0 , 93.4426229508197 , 4.91803278688525 , 1.63934426229508 , 0 , 0 , 0 , 3.98360655737705 , 0 , 52 , 84.6153846153846 , 7.73076923076923 
24-Aug-2005 11:52,200504,STANSTED,UNITED KINGDOM,PRESTWICK,RYANAIR,A,S, 154 , 2 , 90.9090909090909 , 5.84415584415584 , 1.2987012987013 , 1.94805194805195 , 0 , 0 , 4.48701298701299 , 0 , 218 , 91.2844036697248 , 4.3394495412844 
24-Aug-2005 11:52,200504,STANSTED,UNITED KINGDOM,PRESTWICK,RYANAIR,D,S, 154 , 0 , 87.6623376623377 , 7.14285714285714 , 2.5974025974026 , 2.5974025974026 , 0 , 0 , 7.67532467532468 , 0 , 218 , 87.6146788990826 , 6.52293577981651 
24-Aug-2005 11:52,200504,STANSTED,USA,BANGOR,JETALLIANCE FLUGBETTRIEBS,A,C, 0 , 1 , 0 , 0 , 0 , 0 , 0 , 0 , 0 , 0 , 0 , 0 , 0 
