run_date,reporting_period,reporting_airport,origin_destination_country,origin_destination,airline_name,arrival_departure,scheduled_charter,number_flights_matched,actual_flights_unmatched,early_to_15_mins_late_percent,flts_16_to_30_mins_late_percent,flts_31_to_60_mins_late_percent,flts_61_to_180_mins_late_percent,flts_181_to_360_mins_late_percent,more_than_360_mins_late_percent,average_delay_mins,planned_flights_unmatched,previous_year_month_flights_matched,previous_year_month_early_to_15_mins_late_percent,previous_year_month_average_delay
24-Mar-2010 14:25,201001,BIRMINGHAM,ALBANIA,TIRANA,ALBANIAN AIRLINES,A,S, 0 , 1 , 0 , 0 , 0 , 0 , 0 , 0 , 0 , 0 , 0 , 0 , 0 
24-Mar-2010 14:25,201001,BIRMINGHAM,AUSTRIA,INNSBRUCK,AUSTRIAN ARROWS,A,C, 5 , 0 , 100 , 0 , 0 , 0 , 0 , 0 , 2 , 0 , 0 , 0 , 0 
24-Mar-2010 14:25,201001,BIRMINGHAM,AUSTRIA,INNSBRUCK,AUSTRIAN ARROWS,D,C, 5 , 0 , 80 , 20 , 0 , 0 , 0 , 0 , 5 , 0 , 0 , 0 , 0 
24-Mar-2010 14:25,201001,BIRMINGHAM,AUSTRIA,INNSBRUCK,FLYBE LTD,A,C, 0 , 0 , 0 , 0 , 0 , 0 , 0 , 0 , 0 , 0 , 5 , 100 , 0 
24-Mar-2010 14:25,201001,BIRMINGHAM,AUSTRIA,INNSBRUCK,FLYBE LTD,D,C, 0 , 0 , 0 , 0 , 0 , 0 , 0 , 0 , 0 , 0 , 5 , 80 , 9 
24-Mar-2010 14:25,201001,BIRMINGHAM,AUSTRIA,INNSBRUCK,THOMSON AIRWAYS LTD,A,C, 5 , 0 , 60 , 20 , 20 , 0 , 0 , 0 , 13.6 , 0 , 5 , 60 , 36.6 
24-Mar-2010 14:25,201001,BIRMINGHAM,AUSTRIA,INNSBRUCK,THOMSON AIRWAYS LTD,D,C, 5 , 0 , 60 , 20 , 20 , 0 , 0 , 0 , 16.2 , 0 , 5 , 60 , 34 
24-Mar-2010 14:25,201001,BIRMINGHAM,AUSTRIA,SALZBURG,FLYBE LTD,A,C, 8 , 0 , 50 , 25 , 0 , 25 , 0 , 0 , 34.625 , 0 , 5 , 80 , 7.8 
24-Mar-2010 14:25,201001,BIRMINGHAM,AUSTRIA,SALZBURG,FLYBE LTD,D,C, 9 , 0 , 33.3333333333333 , 44.4444444444444 , 11.1111111111111 , 11.1111111111111 , 0 , 0 , 32.8888888888889 , 0 , 5 , 80 , 17.4 
24-Mar-2010 14:25,201001,BIRMINGHAM,AUSTRIA,SALZBURG,THOMAS COOK AIRLINES LTD,A,C, 0 , 0 , 0 , 0 , 0 , 0 , 0 , 0 , 0 , 0 , 5 , 100 , 1.6 
24-Mar-2010 14:25,201001,BIRMINGHAM,AUSTRIA,SALZBURG,THOMAS COOK AIRLINES LTD,D,C, 0 , 0 , 0 , 0 , 0 , 0 , 0 , 0 , 0 , 0 , 5 , 40 , 20.4 
24-Mar-2010 14:25,201001,BIRMINGHAM,AUSTRIA,SALZBURG,THOMSON AIRWAYS LTD,A,C, 5 , 0 , 20 , 0 , 20 , 40 , 0 , 20 , 127.4 , 0 , 5 , 60 , 21.4 
24-Mar-2010 14:25,201001,BIRMINGHAM,AUSTRIA,SALZBURG,THOMSON AIRWAYS LTD,D,C, 5 , 0 , 40 , 40 , 20 , 0 , 0 , 0 , 19 , 0 , 5 , 20 , 36.4 
24-Mar-2010 14:25,201001,BIRMINGHAM,BARBADOS,BRIDGETOWN,THOMAS COOK AIRLINES LTD,A,C, 0 , 1 , 0 , 0 , 0 , 0 , 0 , 0 , 0 , 0 , 0 , 0 , 0 
24-Mar-2010 14:25,201001,BIRMINGHAM,BARBADOS,BRIDGETOWN,THOMSON AIRWAYS LTD,A,C, 11 , 0 , 45.4545454545455 , 0 , 9.09090909090909 , 18.1818181818182 , 18.1818181818182 , 9.09090909090909 , 146.272727272727 , 0 , 7 , 42.8571428571429 , 35.1428571428571 
24-Mar-2010 14:25,201001,BIRMINGHAM,BARBADOS,BRIDGETOWN,THOMSON AIRWAYS LTD,D,C, 9 , 0 , 55.5555555555556 , 0 , 0 , 11.1111111111111 , 33.3333333333333 , 0 , 109.333333333333 , 0 , 7 , 42.8571428571429 , 38.1428571428571 
24-Mar-2010 14:25,201001,BIRMINGHAM,BELGIUM,BRUSSELS,BRUSSELS AIRLINES,A,S, 106 , 0 , 76.4150943396226 , 8.49056603773585 , 8.49056603773585 , 6.60377358490566 , 0 , 0 , 13.7264150943396 , 1 , 105 , 80 , 10.7428571428571 
24-Mar-2010 14:25,201001,BIRMINGHAM,BELGIUM,BRUSSELS,BRUSSELS AIRLINES,D,S, 105 , 0 , 72.3809523809524 , 10.4761904761905 , 9.52380952380952 , 6.66666666666667 , 0 , 0.952380952380952 , 20.3428571428571 , 0 , 105 , 76.1904761904762 , 13.1333333333333 
24-Mar-2010 14:25,201001,BIRMINGHAM,BULGARIA,SOFIA,THOMSON AIRWAYS LTD,A,C, 5 , 0 , 100 , 0 , 0 , 0 , 0 , 0 , 6.2 , 0 , 5 , 60 , 365.8 
24-Mar-2010 14:25,201001,BIRMINGHAM,BULGARIA,SOFIA,THOMSON AIRWAYS LTD,D,C, 5 , 0 , 100 , 0 , 0 , 0 , 0 , 0 , 1.8 , 0 , 5 , 20 , 42.2 
24-Mar-2010 14:25,201001,BIRMINGHAM,CANADA,CALGARY,THOMAS COOK AIRLINES LTD,A,S, 0 , 1 , 0 , 0 , 0 , 0 , 0 , 0 , 0 , 0 , 0 , 0 , 0 
24-Mar-2010 14:25,201001,BIRMINGHAM,CAPE VERDE ISLANDS,ILHA DO SAL C.VERDE,THOMSON AIRWAYS LTD,A,S, 3 , 0 , 0 , 33.3333333333333 , 33.3333333333333 , 33.3333333333333 , 0 , 0 , 49.3333333333333 , 1 , 5 , 40 , 61.2 
24-Mar-2010 14:25,201001,BIRMINGHAM,CAPE VERDE ISLANDS,ILHA DO SAL C.VERDE,THOMSON AIRWAYS LTD,D,S, 4 , 0 , 50 , 25 , 25 , 0 , 0 , 0 , 21 , 0 , 5 , 80 , 10.2 
24-Mar-2010 14:25,201001,BIRMINGHAM,CYPRUS,LARNACA,CYPRUS AIRWAYS,A,S, 5 , 1 , 60 , 0 , 20 , 20 , 0 , 0 , 37 , 0 , 5 , 40 , 17 
24-Mar-2010 14:25,201001,BIRMINGHAM,CYPRUS,LARNACA,CYPRUS AIRWAYS,D,S, 6 , 0 , 50 , 0 , 0 , 33.3333333333333 , 0 , 16.6666666666667 , 111.833333333333 , 0 , 5 , 0 , 31.2 
24-Mar-2010 14:25,201001,BIRMINGHAM,CYPRUS,LARNACA,MONARCH AIRLINES,A,S, 9 , 1 , 66.6666666666667 , 11.1111111111111 , 0 , 0 , 11.1111111111111 , 11.1111111111111 , 79.4444444444444 , 0 , 0 , 0 , 0 
24-Mar-2010 14:25,201001,BIRMINGHAM,CYPRUS,LARNACA,MONARCH AIRLINES,D,S, 9 , 0 , 55.5555555555556 , 11.1111111111111 , 11.1111111111111 , 0 , 11.1111111111111 , 11.1111111111111 , 87.6666666666667 , 0 , 0 , 0 , 0 
24-Mar-2010 14:25,201001,BIRMINGHAM,CYPRUS,PAPHOS,THOMSON AIRWAYS LTD,A,C, 4 , 0 , 50 , 0 , 0 , 0 , 0 , 50 , 262 , 0 , 1 , 100 , 0 
24-Mar-2010 14:25,201001,BIRMINGHAM,CYPRUS,PAPHOS,THOMSON AIRWAYS LTD,D,C, 4 , 0 , 50 , 0 , 0 , 0 , 0 , 50 , 284.25 , 0 , 1 , 100 , 0 
24-Mar-2010 14:25,201001,BIRMINGHAM,CZECH REPUBLIC,PRAGUE,BMIBABY LTD,A,S, 13 , 0 , 61.5384615384615 , 7.69230769230769 , 15.3846153846154 , 15.3846153846154 , 0 , 0 , 25.1538461538462 , 0 , 24 , 91.6666666666667 , 4.04166666666667 
24-Mar-2010 14:25,201001,BIRMINGHAM,CZECH REPUBLIC,PRAGUE,BMIBABY LTD,D,S, 13 , 0 , 84.6153846153846 , 7.69230769230769 , 0 , 7.69230769230769 , 0 , 0 , 9.23076923076923 , 0 , 24 , 83.3333333333333 , 6.125 
24-Mar-2010 14:25,201001,BIRMINGHAM,CZECH REPUBLIC,PRAGUE,RYANAIR,A,S, 17 , 0 , 58.8235294117647 , 5.88235294117647 , 29.4117647058824 , 5.88235294117647 , 0 , 0 , 25.2941176470588 , 0 , 17 , 64.7058823529412 , 18.1176470588235 
24-Mar-2010 14:25,201001,BIRMINGHAM,CZECH REPUBLIC,PRAGUE,RYANAIR,D,S, 17 , 0 , 58.8235294117647 , 11.7647058823529 , 17.6470588235294 , 11.7647058823529 , 0 , 0 , 24.7058823529412 , 0 , 17 , 47.0588235294118 , 31.7647058823529 
24-Mar-2010 14:25,201001,BIRMINGHAM,DENMARK,AARHUS (TIRSTRUP),RYANAIR,A,S, 0 , 1 , 0 , 0 , 0 , 0 , 0 , 0 , 0 , 0 , 0 , 0 , 0 
24-Mar-2010 14:25,201001,BIRMINGHAM,DENMARK,BILLUND,RYANAIR,A,S, 0 , 0 , 0 , 0 , 0 , 0 , 0 , 0 , 0 , 0 , 14 , 85.7142857142857 , 7.28571428571429 
24-Mar-2010 14:25,201001,BIRMINGHAM,DENMARK,BILLUND,RYANAIR,D,S, 0 , 0 , 0 , 0 , 0 , 0 , 0 , 0 , 0 , 0 , 14 , 92.8571428571429 , 4 
24-Mar-2010 14:25,201001,BIRMINGHAM,DENMARK,COPENHAGEN,SAS,A,S, 38 , 1 , 63.1578947368421 , 13.1578947368421 , 10.5263157894737 , 10.5263157894737 , 2.63157894736842 , 0 , 24.8947368421053 , 1 , 44 , 93.1818181818182 , 4.61363636363636 
24-Mar-2010 14:25,201001,BIRMINGHAM,DENMARK,COPENHAGEN,SAS,D,S, 38 , 0 , 57.8947368421053 , 10.5263157894737 , 18.4210526315789 , 10.5263157894737 , 2.63157894736842 , 0 , 27.3157894736842 , 0 , 44 , 77.2727272727273 , 9.79545454545455 
24-Mar-2010 14:25,201001,BIRMINGHAM,DOMINICAN REPUBLIC,LA ROMANA,THOMSON AIRWAYS LTD,A,C, 2 , 0 , 50 , 0 , 0 , 0 , 50 , 0 , 103.5 , 0 , 3 , 66.6666666666667 , 13 
24-Mar-2010 14:25,201001,BIRMINGHAM,DOMINICAN REPUBLIC,LA ROMANA,THOMSON AIRWAYS LTD,D,C, 2 , 0 , 50 , 0 , 0 , 0 , 50 , 0 , 104 , 0 , 4 , 25 , 29.25 
24-Mar-2010 14:25,201001,BIRMINGHAM,DOMINICAN REPUBLIC,PUNTA CANA,THOMSON AIRWAYS LTD,A,C, 3 , 0 , 66.6666666666667 , 0 , 0 , 33.3333333333333 , 0 , 0 , 50 , 0 , 0 , 0 , 0 
24-Mar-2010 14:25,201001,BIRMINGHAM,DOMINICAN REPUBLIC,PUNTA CANA,THOMSON AIRWAYS LTD,D,C, 4 , 0 , 50 , 0 , 0 , 25 , 25 , 0 , 91 , 0 , 0 , 0 , 0 
24-Mar-2010 14:25,201001,BIRMINGHAM,EGYPT,HURGHADA,THOMAS COOK AIRLINES LTD,A,C, 5 , 0 , 100 , 0 , 0 , 0 , 0 , 0 , 0 , 0 , 1 , 100 , 0 
24-Mar-2010 14:25,201001,BIRMINGHAM,EGYPT,HURGHADA,THOMAS COOK AIRLINES LTD,D,C, 5 , 0 , 100 , 0 , 0 , 0 , 0 , 0 , 4.2 , 0 , 1 , 100 , 5 
24-Mar-2010 14:25,201001,BIRMINGHAM,EGYPT,LUXOR,THOMAS COOK AIRLINES LTD,D,C, 1 , 0 , 0 , 0 , 100 , 0 , 0 , 0 , 35 , 0 , 0 , 0 , 0 
24-Mar-2010 14:25,201001,BIRMINGHAM,EGYPT,LUXOR,THOMSON AIRWAYS LTD,A,C, 4 , 0 , 50 , 0 , 25 , 25 , 0 , 0 , 55.5 , 0 , 4 , 100 , 1 
24-Mar-2010 14:25,201001,BIRMINGHAM,EGYPT,LUXOR,THOMSON AIRWAYS LTD,D,C, 4 , 0 , 50 , 0 , 25 , 0 , 25 , 0 , 108.75 , 0 , 4 , 75 , 8.25 
24-Mar-2010 14:25,201001,BIRMINGHAM,EGYPT,SHARM EL SHEIKH (OPHIRA),THOMAS COOK AIRLINES LTD,A,C, 8 , 0 , 37.5 , 25 , 12.5 , 25 , 0 , 0 , 47.625 , 0 , 9 , 88.8888888888889 , 9.33333333333333 
24-Mar-2010 14:25,201001,BIRMINGHAM,EGYPT,SHARM EL SHEIKH (OPHIRA),THOMAS COOK AIRLINES LTD,D,C, 8 , 0 , 50 , 12.5 , 12.5 , 25 , 0 , 0 , 42.625 , 0 , 10 , 70 , 13.6 
24-Mar-2010 14:25,201001,BIRMINGHAM,EGYPT,SHARM EL SHEIKH (OPHIRA),THOMSON AIRWAYS LTD,A,C, 0 , 0 , 0 , 0 , 0 , 0 , 0 , 0 , 0 , 0 , 10 , 80 , 7.4 
24-Mar-2010 14:25,201001,BIRMINGHAM,EGYPT,SHARM EL SHEIKH (OPHIRA),THOMSON AIRWAYS LTD,A,S, 17 , 1 , 41.1764705882353 , 11.7647058823529 , 11.7647058823529 , 29.4117647058824 , 0 , 5.88235294117647 , 58.2941176470588 , 0 , 0 , 0 , 0 
24-Mar-2010 14:25,201001,BIRMINGHAM,EGYPT,SHARM EL SHEIKH (OPHIRA),THOMSON AIRWAYS LTD,D,C, 0 , 0 , 0 , 0 , 0 , 0 , 0 , 0 , 0 , 0 , 9 , 66.6666666666667 , 14.5555555555556 
24-Mar-2010 14:25,201001,BIRMINGHAM,EGYPT,SHARM EL SHEIKH (OPHIRA),THOMSON AIRWAYS LTD,D,S, 17 , 0 , 58.8235294117647 , 23.5294117647059 , 5.88235294117647 , 5.88235294117647 , 5.88235294117647 , 0 , 30.9411764705882 , 0 , 0 , 0 , 0 
24-Mar-2010 14:25,201001,BIRMINGHAM,EGYPT,TABA,THOMSON AIRWAYS LTD,A,C, 0 , 0 , 0 , 0 , 0 , 0 , 0 , 0 , 0 , 0 , 4 , 100 , 6.75 
24-Mar-2010 14:25,201001,BIRMINGHAM,EGYPT,TABA,THOMSON AIRWAYS LTD,D,C, 0 , 0 , 0 , 0 , 0 , 0 , 0 , 0 , 0 , 0 , 4 , 100 , 4.25 
24-Mar-2010 14:25,201001,BIRMINGHAM,FINLAND,KITTILA,MONARCH AIRLINES,A,C, 0 , 0 , 0 , 0 , 0 , 0 , 0 , 0 , 0 , 0 , 3 , 0 , 22.3333333333333 
24-Mar-2010 14:25,201001,BIRMINGHAM,FINLAND,KITTILA,MONARCH AIRLINES,D,C, 0 , 0 , 0 , 0 , 0 , 0 , 0 , 0 , 0 , 0 , 4 , 75 , 13.25 
24-Mar-2010 14:25,201001,BIRMINGHAM,FINLAND,ROVANIEMI,MONARCH AIRLINES,A,C, 0 , 0 , 0 , 0 , 0 , 0 , 0 , 0 , 0 , 0 , 1 , 0 , 221 
24-Mar-2010 14:25,201001,BIRMINGHAM,FRANCE,BIARRITZ,RYANAIR,A,S, 8 , 0 , 100 , 0 , 0 , 0 , 0 , 0 , 1.375 , 0 , 9 , 88.8888888888889 , 19.7777777777778 
24-Mar-2010 14:25,201001,BIRMINGHAM,FRANCE,BIARRITZ,RYANAIR,D,S, 8 , 0 , 100 , 0 , 0 , 0 , 0 , 0 , 3.375 , 0 , 9 , 88.8888888888889 , 23.3333333333333 
24-Mar-2010 14:25,201001,BIRMINGHAM,FRANCE,CHAMBERY,FLYBE LTD,A,C, 4 , 1 , 0 , 25 , 25 , 50 , 0 , 0 , 76 , 0 , 0 , 0 , 0 
24-Mar-2010 14:25,201001,BIRMINGHAM,FRANCE,CHAMBERY,FLYBE LTD,A,S, 13 , 2 , 38.4615384615385 , 15.3846153846154 , 7.69230769230769 , 23.0769230769231 , 0 , 15.3846153846154 , 191.384615384615 , 2 , 15 , 26.6666666666667 , 56.8 
24-Mar-2010 14:25,201001,BIRMINGHAM,FRANCE,CHAMBERY,FLYBE LTD,D,C, 5 , 0 , 0 , 20 , 40 , 40 , 0 , 0 , 66.6 , 0 , 5 , 20 , 31.4 
24-Mar-2010 14:25,201001,BIRMINGHAM,FRANCE,CHAMBERY,FLYBE LTD,D,S, 13 , 0 , 7.69230769230769 , 30.7692307692308 , 23.0769230769231 , 23.0769230769231 , 7.69230769230769 , 7.69230769230769 , 180.230769230769 , 1 , 10 , 50 , 19.9 
24-Mar-2010 14:25,201001,BIRMINGHAM,FRANCE,CHAMBERY,THOMSON AIRWAYS LTD,A,C, 4 , 0 , 0 , 25 , 50 , 25 , 0 , 0 , 45.75 , 0 , 0 , 0 , 0 
24-Mar-2010 14:25,201001,BIRMINGHAM,FRANCE,CHAMBERY,THOMSON AIRWAYS LTD,D,C, 5 , 0 , 60 , 0 , 20 , 20 , 0 , 0 , 22.8 , 0 , 0 , 0 , 0 
24-Mar-2010 14:25,201001,BIRMINGHAM,FRANCE,CHAMBERY,TITAN AIRWAYS LTD,A,C, 0 , 0 , 0 , 0 , 0 , 0 , 0 , 0 , 0 , 0 , 5 , 20 , 30.4 
24-Mar-2010 14:25,201001,BIRMINGHAM,FRANCE,CHAMBERY,TITAN AIRWAYS LTD,D,C, 0 , 0 , 0 , 0 , 0 , 0 , 0 , 0 , 0 , 0 , 5 , 60 , 10.2 
24-Mar-2010 14:25,201001,BIRMINGHAM,FRANCE,GRENOBLE,EASYJET AIRLINE COMPANY LTD,A,S, 10 , 0 , 50 , 0 , 20 , 30 , 0 , 0 , 50.4 , 0 , 9 , 66.6666666666667 , 13.2222222222222 
24-Mar-2010 14:25,201001,BIRMINGHAM,FRANCE,GRENOBLE,EASYJET AIRLINE COMPANY LTD,D,S, 9 , 0 , 33.3333333333333 , 22.2222222222222 , 0 , 44.4444444444444 , 0 , 0 , 56 , 1 , 9 , 44.4444444444444 , 26.5555555555556 
24-Mar-2010 14:25,201001,BIRMINGHAM,FRANCE,GRENOBLE,FLYBE LTD,A,C, 5 , 0 , 60 , 0 , 20 , 0 , 20 , 0 , 60.2 , 0 , 9 , 33.3333333333333 , 37.4444444444444 
24-Mar-2010 14:25,201001,BIRMINGHAM,FRANCE,GRENOBLE,FLYBE LTD,D,C, 5 , 0 , 20 , 60 , 0 , 0 , 20 , 0 , 61.4 , 0 , 9 , 44.4444444444444 , 16.2222222222222 
24-Mar-2010 14:25,201001,BIRMINGHAM,FRANCE,GRENOBLE,RYANAIR,A,S, 5 , 0 , 80 , 0 , 0 , 20 , 0 , 0 , 25 , 0 , 5 , 100 , 0 
24-Mar-2010 14:25,201001,BIRMINGHAM,FRANCE,GRENOBLE,RYANAIR,D,S, 5 , 0 , 80 , 0 , 20 , 0 , 0 , 0 , 10.8 , 0 , 5 , 100 , 0 
24-Mar-2010 14:25,201001,BIRMINGHAM,FRANCE,GRENOBLE,THOMAS COOK AIRLINES LTD,A,C, 5 , 0 , 80 , 0 , 20 , 0 , 0 , 0 , 11.8 , 0 , 5 , 60 , 20.2 
24-Mar-2010 14:25,201001,BIRMINGHAM,FRANCE,GRENOBLE,THOMAS COOK AIRLINES LTD,D,C, 5 , 0 , 100 , 0 , 0 , 0 , 0 , 0 , 2.8 , 0 , 5 , 60 , 20.6 
24-Mar-2010 14:25,201001,BIRMINGHAM,FRANCE,GRENOBLE,THOMSON AIRWAYS LTD,A,C, 1 , 0 , 0 , 0 , 0 , 100 , 0 , 0 , 156 , 0 , 0 , 0 , 0 
24-Mar-2010 14:25,201001,BIRMINGHAM,FRANCE,LYON,BRIT AIR,A,S, 29 , 0 , 82.7586206896552 , 13.7931034482759 , 3.44827586206897 , 0 , 0 , 0 , 5.48275862068965 , 0 , 38 , 84.2105263157895 , 7.31578947368421 
24-Mar-2010 14:25,201001,BIRMINGHAM,FRANCE,LYON,BRIT AIR,D,S, 29 , 0 , 72.4137931034483 , 24.1379310344828 , 0 , 3.44827586206897 , 0 , 0 , 11 , 0 , 38 , 86.8421052631579 , 6.05263157894737 
24-Mar-2010 14:25,201001,BIRMINGHAM,FRANCE,LYON,FLYBE LTD,A,C, 1 , 0 , 0 , 0 , 0 , 0 , 0 , 100 , 390 , 0 , 0 , 0 , 0 
24-Mar-2010 14:25,201001,BIRMINGHAM,FRANCE,PARIS (CHARLES DE GAULLE),BRITISH AIRWAYS PLC,A,C, 1 , 0 , 100 , 0 , 0 , 0 , 0 , 0 , 0 , 0 , 0 , 0 , 0 
24-Mar-2010 14:25,201001,BIRMINGHAM,FRANCE,PARIS (CHARLES DE GAULLE),BRITISH AIRWAYS PLC,D,C, 1 , 0 , 100 , 0 , 0 , 0 , 0 , 0 , 0 , 0 , 0 , 0 , 0 
24-Mar-2010 14:25,201001,BIRMINGHAM,FRANCE,PARIS (CHARLES DE GAULLE),CITY JET,A,S, 143 , 0 , 69.9300699300699 , 16.7832167832168 , 9.09090909090909 , 3.4965034965035 , 0.699300699300699 , 0 , 13.7412587412587 , 0 , 166 , 80.1204819277109 , 12.289156626506 
24-Mar-2010 14:25,201001,BIRMINGHAM,FRANCE,PARIS (CHARLES DE GAULLE),CITY JET,D,S, 143 , 0 , 81.8181818181818 , 8.39160839160839 , 5.59440559440559 , 2.0979020979021 , 1.3986013986014 , 0.699300699300699 , 15.1328671328671 , 0 , 166 , 86.7469879518072 , 9.12650602409639 
24-Mar-2010 14:25,201001,BIRMINGHAM,FRANCE,PARIS (CHARLES DE GAULLE),FLYBE LTD,A,S, 56 , 0 , 58.9285714285714 , 10.7142857142857 , 8.92857142857143 , 16.0714285714286 , 3.57142857142857 , 1.78571428571429 , 48.9285714285714 , 3 , 63 , 80.9523809523809 , 35.015873015873 
24-Mar-2010 14:25,201001,BIRMINGHAM,FRANCE,PARIS (CHARLES DE GAULLE),FLYBE LTD,D,S, 57 , 0 , 57.8947368421053 , 8.7719298245614 , 17.5438596491228 , 12.280701754386 , 3.50877192982456 , 0 , 33.4035087719298 , 3 , 66 , 81.8181818181818 , 11.3181818181818 
24-Mar-2010 14:25,201001,BIRMINGHAM,FRANCE,PERPIGNAN,RYANAIR,A,S, 0 , 0 , 0 , 0 , 0 , 0 , 0 , 0 , 0 , 0 , 8 , 100 , 0 
24-Mar-2010 14:25,201001,BIRMINGHAM,FRANCE,PERPIGNAN,RYANAIR,D,S, 0 , 0 , 0 , 0 , 0 , 0 , 0 , 0 , 0 , 0 , 8 , 62.5 , 11.75 
24-Mar-2010 14:25,201001,BIRMINGHAM,FRANCE,TOULOUSE (BLAGNAC),THOMSON AIRWAYS LTD,A,C, 4 , 0 , 0 , 50 , 25 , 25 , 0 , 0 , 40.25 , 0 , 4 , 0 , 92.75 
24-Mar-2010 14:25,201001,BIRMINGHAM,FRANCE,TOULOUSE (BLAGNAC),THOMSON AIRWAYS LTD,D,C, 4 , 0 , 75 , 25 , 0 , 0 , 0 , 0 , 8 , 0 , 4 , 50 , 66.25 
24-Mar-2010 14:25,201001,BIRMINGHAM,GAMBIA,BANJUL,THOMAS COOK AIRLINES LTD,A,C, 3 , 0 , 100 , 0 , 0 , 0 , 0 , 0 , 1 , 0 , 0 , 0 , 0 
24-Mar-2010 14:25,201001,BIRMINGHAM,GAMBIA,BANJUL,THOMAS COOK AIRLINES LTD,D,C, 4 , 0 , 75 , 0 , 25 , 0 , 0 , 0 , 14.75 , 0 , 0 , 0 , 0 
24-Mar-2010 14:25,201001,BIRMINGHAM,GERMANY,DUSSELDORF,EUROWINGS LUFTVERKEHRS,A,S, 67 , 0 , 80.5970149253731 , 5.97014925373134 , 8.95522388059702 , 2.98507462686567 , 1.49253731343284 , 0 , 13.5970149253731 , 0 , 83 , 93.9759036144578 , 3.50602409638554 
24-Mar-2010 14:25,201001,BIRMINGHAM,GERMANY,DUSSELDORF,EUROWINGS LUFTVERKEHRS,D,S, 67 , 0 , 77.6119402985075 , 8.95522388059702 , 7.46268656716418 , 4.47761194029851 , 1.49253731343284 , 0 , 14.7761194029851 , 0 , 83 , 92.7710843373494 , 4.03614457831325 
24-Mar-2010 14:25,201001,BIRMINGHAM,GERMANY,DUSSELDORF,FLYBE LTD,A,S, 71 , 0 , 60.5633802816901 , 12.6760563380282 , 11.2676056338028 , 11.2676056338028 , 2.8169014084507 , 1.40845070422535 , 45.5492957746479 , 5 , 80 , 72.5 , 16.4 
24-Mar-2010 14:25,201001,BIRMINGHAM,GERMANY,DUSSELDORF,FLYBE LTD,D,S, 74 , 0 , 67.5675675675676 , 12.1621621621622 , 14.8648648648649 , 4.05405405405405 , 1.35135135135135 , 0 , 22.7162162162162 , 4 , 81 , 71.6049382716049 , 16.8888888888889 
24-Mar-2010 14:25,201001,BIRMINGHAM,GERMANY,FRANKFURT MAIN,FLYBE LTD,A,S, 41 , 0 , 65.8536585365854 , 7.31707317073171 , 12.1951219512195 , 14.6341463414634 , 0 , 0 , 21.5365853658537 , 3 , 52 , 94.2307692307692 , 5.36538461538462 
24-Mar-2010 14:25,201001,BIRMINGHAM,GERMANY,FRANKFURT MAIN,FLYBE LTD,D,S, 43 , 0 , 55.8139534883721 , 20.9302325581395 , 11.6279069767442 , 11.6279069767442 , 0 , 0 , 23.3720930232558 , 2 , 52 , 80.7692307692308 , 9.69230769230769 
24-Mar-2010 14:25,201001,BIRMINGHAM,GERMANY,FRANKFURT MAIN,LUFTHANSA,A,S, 79 , 1 , 60.7594936708861 , 12.6582278481013 , 18.9873417721519 , 7.59493670886076 , 0 , 0 , 20.2278481012658 , 0 , 93 , 87.0967741935484 , 8.49462365591398 
24-Mar-2010 14:25,201001,BIRMINGHAM,GERMANY,FRANKFURT MAIN,LUFTHANSA,D,S, 79 , 0 , 62.0253164556962 , 10.126582278481 , 16.4556962025316 , 10.126582278481 , 0 , 1.26582278481013 , 29.8481012658228 , 1 , 92 , 80.4347826086956 , 12.695652173913 
24-Mar-2010 14:25,201001,BIRMINGHAM,GERMANY,FRANKFURT MAIN,NIGHT EXPRESS,A,S, 0 , 1 , 0 , 0 , 0 , 0 , 0 , 0 , 0 , 0 , 0 , 0 , 0 
24-Mar-2010 14:25,201001,BIRMINGHAM,GERMANY,HAHN,RYANAIR,A,S, 0 , 0 , 0 , 0 , 0 , 0 , 0 , 0 , 0 , 0 , 17 , 70.5882352941177 , 26.8235294117647 
24-Mar-2010 14:25,201001,BIRMINGHAM,GERMANY,HAHN,RYANAIR,D,S, 0 , 0 , 0 , 0 , 0 , 0 , 0 , 0 , 0 , 0 , 17 , 70.5882352941177 , 28.1176470588235 
24-Mar-2010 14:25,201001,BIRMINGHAM,GERMANY,HAMBURG,FLYBE LTD,A,S, 19 , 0 , 68.421052631579 , 10.5263157894737 , 5.26315789473684 , 15.7894736842105 , 0 , 0 , 22.6315789473684 , 2 , 18 , 66.6666666666667 , 29.3333333333333 
24-Mar-2010 14:25,201001,BIRMINGHAM,GERMANY,HAMBURG,FLYBE LTD,D,S, 21 , 0 , 66.6666666666667 , 9.52380952380952 , 9.52380952380952 , 14.2857142857143 , 0 , 0 , 26.7619047619048 , 0 , 18 , 66.6666666666667 , 28.1666666666667 
24-Mar-2010 14:25,201001,BIRMINGHAM,GERMANY,HANOVER,AIR BERLIN,A,C, 9 , 0 , 66.6666666666667 , 11.1111111111111 , 11.1111111111111 , 0 , 0 , 11.1111111111111 , 64.6666666666667 , 0 , 0 , 0 , 0 
24-Mar-2010 14:25,201001,BIRMINGHAM,GERMANY,HANOVER,AIR BERLIN,D,C, 9 , 0 , 66.6666666666667 , 11.1111111111111 , 11.1111111111111 , 0 , 0 , 11.1111111111111 , 63.6666666666667 , 0 , 0 , 0 , 0 
24-Mar-2010 14:25,201001,BIRMINGHAM,GERMANY,HANOVER,FLYBE LTD,A,S, 28 , 0 , 67.8571428571429 , 3.57142857142857 , 7.14285714285714 , 21.4285714285714 , 0 , 0 , 34.8214285714286 , 3 , 20 , 70 , 8.6 
24-Mar-2010 14:25,201001,BIRMINGHAM,GERMANY,HANOVER,FLYBE LTD,D,S, 29 , 0 , 55.1724137931034 , 17.2413793103448 , 6.89655172413793 , 17.2413793103448 , 3.44827586206897 , 0 , 37.551724137931 , 1 , 21 , 80.9523809523809 , 9.61904761904762 
24-Mar-2010 14:25,201001,BIRMINGHAM,GERMANY,MUNICH,FLYBE LTD,A,C, 2 , 0 , 0 , 0 , 0 , 0 , 100 , 0 , 285 , 0 , 0 , 0 , 0 
24-Mar-2010 14:25,201001,BIRMINGHAM,GERMANY,MUNICH,FLYBE LTD,D,C, 1 , 0 , 100 , 0 , 0 , 0 , 0 , 0 , 15 , 0 , 0 , 0 , 0 
24-Mar-2010 14:25,201001,BIRMINGHAM,GERMANY,MUNICH,LUFTHANSA,A,S, 0 , 1 , 0 , 0 , 0 , 0 , 0 , 0 , 0 , 0 , 17 , 88.2352941176471 , 5.23529411764706 
24-Mar-2010 14:25,201001,BIRMINGHAM,GERMANY,MUNICH,LUFTHANSA,D,S, 0 , 0 , 0 , 0 , 0 , 0 , 0 , 0 , 0 , 0 , 17 , 88.2352941176471 , 4.11764705882353 
24-Mar-2010 14:25,201001,BIRMINGHAM,GERMANY,MUNICH,LUFTHANSA CITY LINE,A,S, 73 , 0 , 78.0821917808219 , 5.47945205479452 , 8.21917808219178 , 6.84931506849315 , 1.36986301369863 , 0 , 16.972602739726 , 0 , 60 , 86.6666666666667 , 9.86666666666667 
24-Mar-2010 14:25,201001,BIRMINGHAM,GERMANY,MUNICH,LUFTHANSA CITY LINE,D,S, 69 , 1 , 56.5217391304348 , 20.2898550724638 , 11.5942028985507 , 10.1449275362319 , 0 , 1.44927536231884 , 27.3333333333333 , 0 , 59 , 81.3559322033898 , 12.9322033898305 
24-Mar-2010 14:25,201001,BIRMINGHAM,GERMANY,MUNSTER-OSNABRUCK,AIR BERLIN,A,C, 0 , 0 , 0 , 0 , 0 , 0 , 0 , 0 , 0 , 0 , 5 , 100 , 2.4 
24-Mar-2010 14:25,201001,BIRMINGHAM,GERMANY,MUNSTER-OSNABRUCK,AIR BERLIN,D,C, 0 , 0 , 0 , 0 , 0 , 0 , 0 , 0 , 0 , 0 , 5 , 100 , 3 
24-Mar-2010 14:25,201001,BIRMINGHAM,GERMANY,NIEDERRHEIN,RYANAIR,A,S, 16 , 0 , 93.75 , 6.25 , 0 , 0 , 0 , 0 , 3.875 , 2 , 16 , 62.5 , 21.6875 
24-Mar-2010 14:25,201001,BIRMINGHAM,GERMANY,NIEDERRHEIN,RYANAIR,D,S, 16 , 0 , 68.75 , 25 , 6.25 , 0 , 0 , 0 , 10 , 2 , 16 , 56.25 , 26.3125 
24-Mar-2010 14:25,201001,BIRMINGHAM,GERMANY,PADERBORN,AIR BERLIN,A,C, 5 , 0 , 60 , 0 , 20 , 20 , 0 , 0 , 24.6 , 0 , 4 , 50 , 35 
24-Mar-2010 14:25,201001,BIRMINGHAM,GERMANY,PADERBORN,AIR BERLIN,A,S, 0 , 1 , 0 , 0 , 0 , 0 , 0 , 0 , 0 , 0 , 0 , 0 , 0 
24-Mar-2010 14:25,201001,BIRMINGHAM,GERMANY,PADERBORN,AIR BERLIN,D,C, 5 , 0 , 40 , 0 , 40 , 20 , 0 , 0 , 35.2 , 0 , 4 , 50 , 31 
24-Mar-2010 14:25,201001,BIRMINGHAM,GERMANY,STUTTGART,FLYBE LTD,A,S, 31 , 0 , 64.5161290322581 , 25.8064516129032 , 0 , 9.67741935483871 , 0 , 0 , 18.3870967741935 , 2 , 54 , 79.6296296296296 , 17.9259259259259 
24-Mar-2010 14:25,201001,BIRMINGHAM,GERMANY,STUTTGART,FLYBE LTD,D,S, 33 , 0 , 63.6363636363636 , 15.1515151515152 , 9.09090909090909 , 12.1212121212121 , 0 , 0 , 18.2727272727273 , 1 , 56 , 76.7857142857143 , 13.3928571428571 
24-Mar-2010 14:25,201001,BIRMINGHAM,INDIA,GOA,THOMSON AIRWAYS LTD,A,C, 0 , 1 , 0 , 0 , 0 , 0 , 0 , 0 , 0 , 0 , 0 , 0 , 0 
24-Mar-2010 14:25,201001,BIRMINGHAM,IRAN,IMAM KHOMIENI ,MAHAN AIR,A,S, 16 , 0 , 12.5 , 12.5 , 12.5 , 37.5 , 0 , 25 , 243.1875 , 2 , 0 , 0 , 0 
24-Mar-2010 14:25,201001,BIRMINGHAM,IRAN,IMAM KHOMIENI ,MAHAN AIR,D,S, 14 , 0 , 0 , 7.14285714285714 , 7.14285714285714 , 42.8571428571429 , 14.2857142857143 , 28.5714285714286 , 315.928571428571 , 4 , 0 , 0 , 0 
24-Mar-2010 14:25,201001,BIRMINGHAM,IRISH REPUBLIC,CORK,AER LINGUS,A,S, 37 , 0 , 70.2702702702703 , 5.40540540540541 , 13.5135135135135 , 8.10810810810811 , 2.7027027027027 , 0 , 22.3513513513514 , 1 , 26 , 96.1538461538462 , 2.73076923076923 
24-Mar-2010 14:25,201001,BIRMINGHAM,IRISH REPUBLIC,CORK,AER LINGUS,D,S, 37 , 0 , 62.1621621621622 , 10.8108108108108 , 18.9189189189189 , 5.40540540540541 , 2.7027027027027 , 0 , 25.8918918918919 , 1 , 26 , 88.4615384615385 , 5.26923076923077 
24-Mar-2010 14:25,201001,BIRMINGHAM,IRISH REPUBLIC,CORK,BMIBABY LTD,A,S, 0 , 0 , 0 , 0 , 0 , 0 , 0 , 0 , 0 , 0 , 19 , 84.2105263157895 , 4.21052631578947 
24-Mar-2010 14:25,201001,BIRMINGHAM,IRISH REPUBLIC,CORK,BMIBABY LTD,D,S, 0 , 0 , 0 , 0 , 0 , 0 , 0 , 0 , 0 , 0 , 21 , 90.4761904761905 , 5.90476190476191 
24-Mar-2010 14:25,201001,BIRMINGHAM,IRISH REPUBLIC,DUBLIN,AER LINGUS,A,S, 81 , 0 , 70.3703703703704 , 12.3456790123457 , 8.64197530864197 , 7.40740740740741 , 1.23456790123457 , 0 , 17.8024691358025 , 2 , 111 , 89.1891891891892 , 6.30630630630631 
24-Mar-2010 14:25,201001,BIRMINGHAM,IRISH REPUBLIC,DUBLIN,AER LINGUS,D,S, 81 , 0 , 64.1975308641975 , 14.8148148148148 , 9.87654320987654 , 9.87654320987654 , 1.23456790123457 , 0 , 20.2962962962963 , 2 , 111 , 85.5855855855856 , 9.81981981981982 
24-Mar-2010 14:25,201001,BIRMINGHAM,IRISH REPUBLIC,DUBLIN,FLYBE LTD,A,S, 0 , 1 , 0 , 0 , 0 , 0 , 0 , 0 , 0 , 0 , 0 , 0 , 0 
24-Mar-2010 14:25,201001,BIRMINGHAM,IRISH REPUBLIC,DUBLIN,RYANAIR,A,S, 88 , 1 , 78.4090909090909 , 6.81818181818182 , 5.68181818181818 , 9.09090909090909 , 0 , 0 , 14.4886363636364 , 4 , 122 , 79.5081967213115 , 9.29508196721311 
24-Mar-2010 14:25,201001,BIRMINGHAM,IRISH REPUBLIC,DUBLIN,RYANAIR,D,S, 88 , 0 , 65.9090909090909 , 13.6363636363636 , 10.2272727272727 , 9.09090909090909 , 1.13636363636364 , 0 , 20.875 , 4 , 122 , 72.1311475409836 , 12.0983606557377 
24-Mar-2010 14:25,201001,BIRMINGHAM,IRISH REPUBLIC,GALWAY,AER ARANN,A,S, 0 , 1 , 0 , 0 , 0 , 0 , 0 , 0 , 0 , 1 , 0 , 0 , 0 
24-Mar-2010 14:25,201001,BIRMINGHAM,IRISH REPUBLIC,IRELAND WEST AIRPORT KNOCK ,BMIBABY LTD,A,S, 13 , 0 , 76.9230769230769 , 7.69230769230769 , 0 , 7.69230769230769 , 7.69230769230769 , 0 , 33.1538461538462 , 4 , 23 , 91.304347826087 , 4.26086956521739 
24-Mar-2010 14:25,201001,BIRMINGHAM,IRISH REPUBLIC,IRELAND WEST AIRPORT KNOCK ,BMIBABY LTD,D,S, 14 , 0 , 71.4285714285714 , 7.14285714285714 , 7.14285714285714 , 7.14285714285714 , 7.14285714285714 , 0 , 30.5714285714286 , 3 , 24 , 87.5 , 9.95833333333333 
24-Mar-2010 14:25,201001,BIRMINGHAM,IRISH REPUBLIC,KERRY COUNTY,RYANAIR,A,S, 0 , 1 , 0 , 0 , 0 , 0 , 0 , 0 , 0 , 0 , 0 , 0 , 0 
24-Mar-2010 14:25,201001,BIRMINGHAM,IRISH REPUBLIC,SHANNON,BMIBABY LTD,A,C, 0 , 1 , 0 , 0 , 0 , 0 , 0 , 0 , 0 , 0 , 0 , 0 , 0 
24-Mar-2010 14:25,201001,BIRMINGHAM,IRISH REPUBLIC,SHANNON,RYANAIR,A,S, 17 , 0 , 76.4705882352941 , 0 , 5.88235294117647 , 11.7647058823529 , 5.88235294117647 , 0 , 33.8235294117647 , 1 , 31 , 96.7741935483871 , 0.709677419354839 
24-Mar-2010 14:25,201001,BIRMINGHAM,IRISH REPUBLIC,SHANNON,RYANAIR,D,S, 17 , 0 , 70.5882352941177 , 11.7647058823529 , 5.88235294117647 , 11.7647058823529 , 0 , 0 , 23.4117647058824 , 1 , 31 , 87.0967741935484 , 6.58064516129032 
24-Mar-2010 14:25,201001,BIRMINGHAM,IRISH REPUBLIC,WATERFORD,AER ARANN,A,S, 18 , 0 , 77.7777777777778 , 5.55555555555556 , 5.55555555555556 , 11.1111111111111 , 0 , 0 , 14.5555555555556 , 0 , 22 , 100 , 0 
24-Mar-2010 14:25,201001,BIRMINGHAM,IRISH REPUBLIC,WATERFORD,AER ARANN,D,S, 18 , 0 , 77.7777777777778 , 0 , 16.6666666666667 , 5.55555555555556 , 0 , 0 , 16.4444444444444 , 0 , 22 , 100 , 0.363636363636364 
24-Mar-2010 14:25,201001,BIRMINGHAM,ISLE OF CURACAO NETH.ANTILLES,ARUBA,THOMSON AIRWAYS LTD,A,C, 0 , 0 , 0 , 0 , 0 , 0 , 0 , 0 , 0 , 0 , 2 , 50 , 115 
24-Mar-2010 14:25,201001,BIRMINGHAM,ISLE OF CURACAO NETH.ANTILLES,ARUBA,THOMSON AIRWAYS LTD,D,C, 0 , 0 , 0 , 0 , 0 , 0 , 0 , 0 , 0 , 0 , 2 , 50 , 114.5 
24-Mar-2010 14:25,201001,BIRMINGHAM,ITALY,BERGAMO,BMIBABY LTD,A,C, 0 , 0 , 0 , 0 , 0 , 0 , 0 , 0 , 0 , 0 , 1 , 100 , 11 
24-Mar-2010 14:25,201001,BIRMINGHAM,ITALY,BERGAMO,BMIBABY LTD,D,C, 0 , 0 , 0 , 0 , 0 , 0 , 0 , 0 , 0 , 0 , 1 , 100 , 3 
24-Mar-2010 14:25,201001,BIRMINGHAM,ITALY,BOLOGNA,RYANAIR,A,S, 0 , 0 , 0 , 0 , 0 , 0 , 0 , 0 , 0 , 0 , 9 , 11.1111111111111 , 38.6666666666667 
24-Mar-2010 14:25,201001,BIRMINGHAM,ITALY,BOLOGNA,RYANAIR,D,S, 0 , 0 , 0 , 0 , 0 , 0 , 0 , 0 , 0 , 0 , 9 , 88.8888888888889 , 10.7777777777778 
24-Mar-2010 14:25,201001,BIRMINGHAM,ITALY,BRESCIA/MONTICHIARI,BMIBABY LTD,A,C, 0 , 0 , 0 , 0 , 0 , 0 , 0 , 0 , 0 , 0 , 5 , 60 , 79.8 
24-Mar-2010 14:25,201001,BIRMINGHAM,ITALY,BRESCIA/MONTICHIARI,BMIBABY LTD,D,C, 0 , 0 , 0 , 0 , 0 , 0 , 0 , 0 , 0 , 0 , 5 , 60 , 20.4 
24-Mar-2010 14:25,201001,BIRMINGHAM,ITALY,CUNEO,RYANAIR,A,S, 0 , 0 , 0 , 0 , 0 , 0 , 0 , 0 , 0 , 0 , 4 , 100 , 1.25 
24-Mar-2010 14:25,201001,BIRMINGHAM,ITALY,CUNEO,RYANAIR,D,S, 0 , 0 , 0 , 0 , 0 , 0 , 0 , 0 , 0 , 0 , 5 , 100 , 0.8 
24-Mar-2010 14:25,201001,BIRMINGHAM,ITALY,MILAN (MALPENSA),FLYBE LTD,A,S, 21 , 0 , 42.8571428571429 , 33.3333333333333 , 14.2857142857143 , 9.52380952380952 , 0 , 0 , 27.7142857142857 , 1 , 34 , 73.5294117647059 , 29.2058823529412 
24-Mar-2010 14:25,201001,BIRMINGHAM,ITALY,MILAN (MALPENSA),FLYBE LTD,D,S, 22 , 0 , 72.7272727272727 , 4.54545454545455 , 9.09090909090909 , 9.09090909090909 , 4.54545454545455 , 0 , 27.7272727272727 , 0 , 35 , 71.4285714285714 , 21.5428571428571 
24-Mar-2010 14:25,201001,BIRMINGHAM,ITALY,PISA,RYANAIR,A,S, 8 , 0 , 75 , 12.5 , 12.5 , 0 , 0 , 0 , 12.125 , 1 , 12 , 91.6666666666667 , 8.16666666666667 
24-Mar-2010 14:25,201001,BIRMINGHAM,ITALY,PISA,RYANAIR,D,S, 8 , 0 , 87.5 , 0 , 12.5 , 0 , 0 , 0 , 9.625 , 1 , 13 , 100 , 1.53846153846154 
24-Mar-2010 14:25,201001,BIRMINGHAM,ITALY,TURIN,FLYBE LTD,A,C, 0 , 0 , 0 , 0 , 0 , 0 , 0 , 0 , 0 , 0 , 4 , 25 , 34.5 
24-Mar-2010 14:25,201001,BIRMINGHAM,ITALY,TURIN,FLYBE LTD,D,C, 0 , 0 , 0 , 0 , 0 , 0 , 0 , 0 , 0 , 0 , 4 , 75 , 11 
24-Mar-2010 14:25,201001,BIRMINGHAM,ITALY,TURIN,THOMAS COOK AIRLINES LTD,A,C, 5 , 0 , 60 , 40 , 0 , 0 , 0 , 0 , 10.8 , 0 , 0 , 0 , 0 
24-Mar-2010 14:25,201001,BIRMINGHAM,ITALY,TURIN,THOMAS COOK AIRLINES LTD,D,C, 5 , 0 , 100 , 0 , 0 , 0 , 0 , 0 , 3.8 , 0 , 0 , 0 , 0 
24-Mar-2010 14:25,201001,BIRMINGHAM,ITALY,TURIN,THOMSON AIRWAYS LTD,A,C, 5 , 0 , 60 , 20 , 0 , 20 , 0 , 0 , 29 , 0 , 4 , 100 , 2.25 
24-Mar-2010 14:25,201001,BIRMINGHAM,ITALY,TURIN,THOMSON AIRWAYS LTD,D,C, 5 , 0 , 40 , 20 , 40 , 0 , 0 , 0 , 27.2 , 0 , 4 , 100 , 4.75 
24-Mar-2010 14:25,201001,BIRMINGHAM,JAMAICA,MONTEGO BAY,THOMSON AIRWAYS LTD,A,C, 3 , 1 , 66.6666666666667 , 0 , 33.3333333333333 , 0 , 0 , 0 , 20.3333333333333 , 0 , 5 , 60 , 49 
24-Mar-2010 14:25,201001,BIRMINGHAM,JAMAICA,MONTEGO BAY,THOMSON AIRWAYS LTD,D,C, 2 , 0 , 50 , 50 , 0 , 0 , 0 , 0 , 16 , 0 , 4 , 50 , 47.5 
24-Mar-2010 14:25,201001,BIRMINGHAM,LITHUANIA,KAUNAS,RYANAIR,A,S, 8 , 0 , 62.5 , 12.5 , 12.5 , 12.5 , 0 , 0 , 24.375 , 1 , 8 , 75 , 7.25 
24-Mar-2010 14:25,201001,BIRMINGHAM,LITHUANIA,KAUNAS,RYANAIR,D,S, 9 , 0 , 55.5555555555556 , 22.2222222222222 , 0 , 11.1111111111111 , 11.1111111111111 , 0 , 46.8888888888889 , 0 , 8 , 62.5 , 13.625 
24-Mar-2010 14:25,201001,BIRMINGHAM,MALTA,MALTA,AIR MALTA,A,S, 8 , 0 , 62.5 , 25 , 12.5 , 0 , 0 , 0 , 14.125 , 0 , 14 , 100 , 2.71428571428571 
24-Mar-2010 14:25,201001,BIRMINGHAM,MALTA,MALTA,AIR MALTA,D,S, 8 , 0 , 12.5 , 25 , 62.5 , 0 , 0 , 0 , 36.5 , 0 , 14 , 57.1428571428571 , 17.3571428571429 
24-Mar-2010 14:25,201001,BIRMINGHAM,MEXICO,ACAPULCO,THOMSON AIRWAYS LTD,D,C, 1 , 0 , 100 , 0 , 0 , 0 , 0 , 0 , 15 , 0 , 1 , 0 , 33 
24-Mar-2010 14:25,201001,BIRMINGHAM,MEXICO,CANCUN,THOMAS COOK AIRLINES LTD,D,C, 1 , 0 , 0 , 100 , 0 , 0 , 0 , 0 , 29 , 0 , 0 , 0 , 0 
24-Mar-2010 14:25,201001,BIRMINGHAM,MEXICO,CANCUN,THOMSON AIRWAYS LTD,A,C, 4 , 1 , 75 , 0 , 0 , 0 , 25 , 0 , 62 , 0 , 4 , 75 , 61.5 
24-Mar-2010 14:25,201001,BIRMINGHAM,MEXICO,CANCUN,THOMSON AIRWAYS LTD,D,C, 4 , 0 , 25 , 50 , 0 , 25 , 0 , 0 , 45.25 , 0 , 3 , 33.3333333333333 , 19.6666666666667 
24-Mar-2010 14:25,201001,BIRMINGHAM,MEXICO,MEXICO CITY,MEXICANA,A,S, 0 , 1 , 0 , 0 , 0 , 0 , 0 , 0 , 0 , 0 , 0 , 0 , 0 
24-Mar-2010 14:25,201001,BIRMINGHAM,MEXICO,MEXICO CITY,MEXICANA,D,S, 0 , 1 , 0 , 0 , 0 , 0 , 0 , 0 , 0 , 0 , 0 , 0 , 0 
24-Mar-2010 14:25,201001,BIRMINGHAM,NETHERLANDS,AMSTERDAM,BMIBABY LTD,A,S, 52 , 1 , 75 , 11.5384615384615 , 7.69230769230769 , 3.84615384615385 , 1.92307692307692 , 0 , 14.5961538461538 , 4 , 56 , 91.0714285714286 , 5.85714285714286 
24-Mar-2010 14:25,201001,BIRMINGHAM,NETHERLANDS,AMSTERDAM,BMIBABY LTD,D,S, 54 , 0 , 72.2222222222222 , 12.962962962963 , 9.25925925925926 , 3.7037037037037 , 1.85185185185185 , 0 , 16.4259259259259 , 2 , 52 , 88.4615384615385 , 6.88461538461539 
24-Mar-2010 14:25,201001,BIRMINGHAM,NETHERLANDS,AMSTERDAM,FLYBE LTD,A,S, 0 , 1 , 0 , 0 , 0 , 0 , 0 , 0 , 0 , 0 , 0 , 0 , 0 
24-Mar-2010 14:25,201001,BIRMINGHAM,NETHERLANDS,AMSTERDAM,KLM,A,S, 114 , 0 , 80.7017543859649 , 5.26315789473684 , 10.5263157894737 , 3.50877192982456 , 0 , 0 , 10.3508771929825 , 5 , 91 , 92.3076923076923 , 3.43956043956044 
24-Mar-2010 14:25,201001,BIRMINGHAM,NETHERLANDS,AMSTERDAM,KLM,D,S, 114 , 0 , 86.8421052631579 , 7.01754385964912 , 2.63157894736842 , 2.63157894736842 , 0 , 0.87719298245614 , 9.89473684210526 , 5 , 90 , 91.1111111111111 , 6.04444444444444 
24-Mar-2010 14:25,201001,BIRMINGHAM,NETHERLANDS,AMSTERDAM,KLM CITYHOPPER,A,S, 29 , 2 , 79.3103448275862 , 10.3448275862069 , 6.89655172413793 , 3.44827586206897 , 0 , 0 , 11.1724137931034 , 0 , 73 , 84.9315068493151 , 5.79452054794521 
24-Mar-2010 14:25,201001,BIRMINGHAM,NETHERLANDS,AMSTERDAM,KLM CITYHOPPER,D,S, 29 , 0 , 55.1724137931034 , 20.6896551724138 , 13.7931034482759 , 10.3448275862069 , 0 , 0 , 20.1034482758621 , 0 , 73 , 84.9315068493151 , 5.42465753424658 
24-Mar-2010 14:25,201001,BIRMINGHAM,NETHERLANDS,AMSTERDAM,VLM (BELGIUM),A,S, 0 , 1 , 0 , 0 , 0 , 0 , 0 , 0 , 0 , 0 , 0 , 0 , 0 
24-Mar-2010 14:25,201001,BIRMINGHAM,NORWAY,SANDEFJORD(TORP),RYANAIR,A,S, 0 , 1 , 0 , 0 , 0 , 0 , 0 , 0 , 0 , 0 , 14 , 78.5714285714286 , 6.78571428571429 
24-Mar-2010 14:25,201001,BIRMINGHAM,NORWAY,SANDEFJORD(TORP),RYANAIR,D,S, 0 , 0 , 0 , 0 , 0 , 0 , 0 , 0 , 0 , 0 , 14 , 92.8571428571429 , 6.64285714285714 
24-Mar-2010 14:25,201001,BIRMINGHAM,PAKISTAN,ISLAMABAD,PAKISTAN INTL AIRLINES,A,S, 13 , 0 , 76.9230769230769 , 7.69230769230769 , 7.69230769230769 , 0 , 0 , 7.69230769230769 , 87.8461538461538 , 4 , 13 , 46.1538461538462 , 34.8461538461538 
24-Mar-2010 14:25,201001,BIRMINGHAM,PAKISTAN,ISLAMABAD,PAKISTAN INTL AIRLINES,D,S, 13 , 0 , 61.5384615384615 , 7.69230769230769 , 15.3846153846154 , 0 , 0 , 15.3846153846154 , 188 , 4 , 13 , 76.9230769230769 , 15.3076923076923 
24-Mar-2010 14:25,201001,BIRMINGHAM,POLAND,BYDGOSZCZ,RYANAIR,A,S, 0 , 0 , 0 , 0 , 0 , 0 , 0 , 0 , 0 , 0 , 9 , 55.5555555555556 , 18.4444444444444 
24-Mar-2010 14:25,201001,BIRMINGHAM,POLAND,BYDGOSZCZ,RYANAIR,D,S, 0 , 0 , 0 , 0 , 0 , 0 , 0 , 0 , 0 , 0 , 9 , 66.6666666666667 , 16.1111111111111 
24-Mar-2010 14:25,201001,BIRMINGHAM,POLAND,GDANSK,RYANAIR,A,S, 8 , 1 , 87.5 , 12.5 , 0 , 0 , 0 , 0 , 5.25 , 1 , 13 , 76.9230769230769 , 11.0769230769231 
24-Mar-2010 14:25,201001,BIRMINGHAM,POLAND,GDANSK,RYANAIR,D,S, 9 , 0 , 88.8888888888889 , 0 , 11.1111111111111 , 0 , 0 , 0 , 7 , 0 , 14 , 92.8571428571429 , 3.07142857142857 
24-Mar-2010 14:25,201001,BIRMINGHAM,POLAND,KATOWICE,RYANAIR,A,S, 9 , 0 , 44.4444444444444 , 22.2222222222222 , 22.2222222222222 , 11.1111111111111 , 0 , 0 , 24.7777777777778 , 0 , 13 , 76.9230769230769 , 20.3076923076923 
24-Mar-2010 14:25,201001,BIRMINGHAM,POLAND,KATOWICE,RYANAIR,D,S, 9 , 0 , 66.6666666666667 , 22.2222222222222 , 11.1111111111111 , 0 , 0 , 0 , 10.6666666666667 , 0 , 13 , 92.3076923076923 , 13.7692307692308 
24-Mar-2010 14:25,201001,BIRMINGHAM,POLAND,KRAKOW,BMIBABY LTD,A,S, 0 , 0 , 0 , 0 , 0 , 0 , 0 , 0 , 0 , 0 , 1 , 100 , 1 
24-Mar-2010 14:25,201001,BIRMINGHAM,POLAND,KRAKOW,BMIBABY LTD,D,S, 0 , 0 , 0 , 0 , 0 , 0 , 0 , 0 , 0 , 0 , 1 , 100 , 0 
24-Mar-2010 14:25,201001,BIRMINGHAM,POLAND,KRAKOW,RYANAIR,A,S, 13 , 0 , 53.8461538461538 , 15.3846153846154 , 15.3846153846154 , 15.3846153846154 , 0 , 0 , 24.1538461538462 , 0 , 12 , 50 , 25.9166666666667 
24-Mar-2010 14:25,201001,BIRMINGHAM,POLAND,KRAKOW,RYANAIR,D,S, 13 , 0 , 69.2307692307692 , 0 , 7.69230769230769 , 23.0769230769231 , 0 , 0 , 24.8461538461538 , 0 , 13 , 92.3076923076923 , 9.15384615384615 
24-Mar-2010 14:25,201001,BIRMINGHAM,POLAND,RZESZOW,RYANAIR,A,S, 9 , 0 , 66.6666666666667 , 22.2222222222222 , 0 , 0 , 0 , 11.1111111111111 , 50.1111111111111 , 0 , 8 , 75 , 6.25 
24-Mar-2010 14:25,201001,BIRMINGHAM,POLAND,RZESZOW,RYANAIR,D,S, 9 , 0 , 88.8888888888889 , 0 , 11.1111111111111 , 0 , 0 , 0 , 10.4444444444444 , 0 , 8 , 100 , 1.625 
24-Mar-2010 14:25,201001,BIRMINGHAM,POLAND,SZCZECIN (GOLENOW),RYANAIR,A,S, 0 , 0 , 0 , 0 , 0 , 0 , 0 , 0 , 0 , 0 , 8 , 100 , 0.375 
24-Mar-2010 14:25,201001,BIRMINGHAM,POLAND,SZCZECIN (GOLENOW),RYANAIR,D,S, 0 , 0 , 0 , 0 , 0 , 0 , 0 , 0 , 0 , 0 , 8 , 87.5 , 3 
24-Mar-2010 14:25,201001,BIRMINGHAM,POLAND,WARSAW,BMIBABY LTD,A,C, 0 , 0 , 0 , 0 , 0 , 0 , 0 , 0 , 0 , 0 , 1 , 0 , 18 
24-Mar-2010 14:25,201001,BIRMINGHAM,POLAND,WARSAW,BMIBABY LTD,D,C, 0 , 0 , 0 , 0 , 0 , 0 , 0 , 0 , 0 , 0 , 1 , 100 , 8 
24-Mar-2010 14:25,201001,BIRMINGHAM,PORTUGAL(EXCLUDING MADEIRA),FARO,MONARCH AIRLINES,A,S, 16 , 1 , 81.25 , 6.25 , 6.25 , 6.25 , 0 , 0 , 16.0625 , 1 , 17 , 94.1176470588235 , 1.29411764705882 
24-Mar-2010 14:25,201001,BIRMINGHAM,PORTUGAL(EXCLUDING MADEIRA),FARO,MONARCH AIRLINES,D,S, 16 , 0 , 75 , 12.5 , 6.25 , 0 , 6.25 , 0 , 21.25 , 0 , 17 , 94.1176470588235 , 6.47058823529412 
24-Mar-2010 14:25,201001,BIRMINGHAM,PORTUGAL(EXCLUDING MADEIRA),OPORTO (PORTUGAL),RYANAIR,A,S, 0 , 0 , 0 , 0 , 0 , 0 , 0 , 0 , 0 , 0 , 9 , 77.7777777777778 , 10.5555555555556 
24-Mar-2010 14:25,201001,BIRMINGHAM,PORTUGAL(EXCLUDING MADEIRA),OPORTO (PORTUGAL),RYANAIR,D,S, 0 , 0 , 0 , 0 , 0 , 0 , 0 , 0 , 0 , 0 , 9 , 66.6666666666667 , 23.7777777777778 
24-Mar-2010 14:25,201001,BIRMINGHAM,PORTUGAL(MADEIRA),FUNCHAL,THOMSON AIRWAYS LTD,A,C, 4 , 0 , 25 , 25 , 50 , 0 , 0 , 0 , 29.75 , 0 , 4 , 75 , 5.25 
24-Mar-2010 14:25,201001,BIRMINGHAM,PORTUGAL(MADEIRA),FUNCHAL,THOMSON AIRWAYS LTD,D,C, 4 , 0 , 75 , 0 , 0 , 25 , 0 , 0 , 17 , 0 , 4 , 75 , 14 
24-Mar-2010 14:25,201001,BIRMINGHAM,QATAR,DOHA,QATAR AIRWAYS,A,S, 0 , 1 , 0 , 0 , 0 , 0 , 0 , 0 , 0 , 0 , 0 , 0 , 0 
24-Mar-2010 14:25,201001,BIRMINGHAM,SLOVAK REPUBLIC,BRATISLAVA,AIR SLOVAKIA BWJ,A,C, 0 , 0 , 0 , 0 , 0 , 0 , 0 , 0 , 0 , 0 , 4 , 50 , 184.75 
24-Mar-2010 14:25,201001,BIRMINGHAM,SLOVAK REPUBLIC,BRATISLAVA,AIR SLOVAKIA BWJ,D,C, 0 , 0 , 0 , 0 , 0 , 0 , 0 , 0 , 0 , 0 , 4 , 75 , 156.5 
24-Mar-2010 14:25,201001,BIRMINGHAM,SLOVAK REPUBLIC,BRATISLAVA,RYANAIR,A,S, 13 , 0 , 84.6153846153846 , 7.69230769230769 , 0 , 7.69230769230769 , 0 , 0 , 10.8461538461538 , 0 , 3 , 100 , 0 
24-Mar-2010 14:25,201001,BIRMINGHAM,SLOVAK REPUBLIC,BRATISLAVA,RYANAIR,D,S, 13 , 0 , 92.3076923076923 , 0 , 0 , 7.69230769230769 , 0 , 0 , 9.53846153846154 , 0 , 3 , 100 , 3.66666666666667 
24-Mar-2010 14:25,201001,BIRMINGHAM,SPAIN,ALICANTE,BMIBABY LTD,A,S, 8 , 0 , 62.5 , 25 , 0 , 0 , 12.5 , 0 , 33.875 , 1 , 12 , 91.6666666666667 , 6.41666666666667 
24-Mar-2010 14:25,201001,BIRMINGHAM,SPAIN,ALICANTE,BMIBABY LTD,D,S, 9 , 0 , 44.4444444444444 , 33.3333333333333 , 0 , 0 , 22.2222222222222 , 0 , 57.1111111111111 , 0 , 12 , 91.6666666666667 , 4.75 
24-Mar-2010 14:25,201001,BIRMINGHAM,SPAIN,ALICANTE,MONARCH AIRLINES,A,S, 15 , 0 , 86.6666666666667 , 6.66666666666667 , 0 , 6.66666666666667 , 0 , 0 , 8 , 0 , 23 , 95.6521739130435 , 1.1304347826087 
24-Mar-2010 14:25,201001,BIRMINGHAM,SPAIN,ALICANTE,MONARCH AIRLINES,D,S, 16 , 0 , 75 , 6.25 , 6.25 , 12.5 , 0 , 0 , 16.625 , 0 , 23 , 73.9130434782609 , 11.6521739130435 
24-Mar-2010 14:25,201001,BIRMINGHAM,SPAIN,ALICANTE,RYANAIR,A,S, 16 , 0 , 56.25 , 25 , 6.25 , 12.5 , 0 , 0 , 25.4375 , 2 , 17 , 76.4705882352941 , 17.8823529411765 
24-Mar-2010 14:25,201001,BIRMINGHAM,SPAIN,ALICANTE,RYANAIR,D,S, 16 , 0 , 81.25 , 0 , 6.25 , 6.25 , 0 , 6.25 , 41.9375 , 3 , 17 , 82.3529411764706 , 13.5882352941176 
24-Mar-2010 14:25,201001,BIRMINGHAM,SPAIN,ALICANTE,THOMAS COOK AIRLINES LTD,A,C, 0 , 0 , 0 , 0 , 0 , 0 , 0 , 0 , 0 , 0 , 1 , 100 , 0 
24-Mar-2010 14:25,201001,BIRMINGHAM,SPAIN,ALICANTE,THOMAS COOK AIRLINES LTD,D,C, 0 , 0 , 0 , 0 , 0 , 0 , 0 , 0 , 0 , 0 , 1 , 0 , 16 
24-Mar-2010 14:25,201001,BIRMINGHAM,SPAIN,ALICANTE,THOMSON AIRWAYS LTD,A,C, 8 , 0 , 50 , 12.5 , 12.5 , 25 , 0 , 0 , 41.25 , 0 , 4 , 75 , 11.25 
24-Mar-2010 14:25,201001,BIRMINGHAM,SPAIN,ALICANTE,THOMSON AIRWAYS LTD,D,C, 9 , 0 , 66.6666666666667 , 0 , 0 , 22.2222222222222 , 0 , 11.1111111111111 , 65.3333333333333 , 0 , 4 , 50 , 18 
24-Mar-2010 14:25,201001,BIRMINGHAM,SPAIN,BARCELONA,MONARCH AIRLINES,A,C, 1 , 0 , 0 , 100 , 0 , 0 , 0 , 0 , 28 , 0 , 0 , 0 , 0 
24-Mar-2010 14:25,201001,BIRMINGHAM,SPAIN,BARCELONA,MONARCH AIRLINES,D,C, 1 , 0 , 100 , 0 , 0 , 0 , 0 , 0 , 7 , 0 , 0 , 0 , 0 
24-Mar-2010 14:25,201001,BIRMINGHAM,SPAIN,BARCELONA,THOMSON AIRWAYS LTD,A,C, 1 , 0 , 0 , 0 , 0 , 100 , 0 , 0 , 101 , 0 , 0 , 0 , 0 
24-Mar-2010 14:25,201001,BIRMINGHAM,SPAIN,BARCELONA,THOMSON AIRWAYS LTD,D,C, 1 , 0 , 0 , 100 , 0 , 0 , 0 , 0 , 24 , 0 , 0 , 0 , 0 
24-Mar-2010 14:25,201001,BIRMINGHAM,SPAIN,GERONA,RYANAIR,A,S, 18 , 0 , 83.3333333333333 , 5.55555555555556 , 11.1111111111111 , 0 , 0 , 0 , 6.61111111111111 , 0 , 14 , 78.5714285714286 , 24.2142857142857 
24-Mar-2010 14:25,201001,BIRMINGHAM,SPAIN,GERONA,RYANAIR,D,S, 18 , 0 , 66.6666666666667 , 16.6666666666667 , 11.1111111111111 , 0 , 5.55555555555556 , 0 , 22.6666666666667 , 0 , 14 , 71.4285714285714 , 26.8571428571429 
24-Mar-2010 14:25,201001,BIRMINGHAM,SPAIN,MADRID,JET2.COM LTD,A,C, 0 , 0 , 0 , 0 , 0 , 0 , 0 , 0 , 0 , 0 , 1 , 0 , 45 
24-Mar-2010 14:25,201001,BIRMINGHAM,SPAIN,MADRID,JET2.COM LTD,D,C, 0 , 0 , 0 , 0 , 0 , 0 , 0 , 0 , 0 , 0 , 1 , 100 , 12 
24-Mar-2010 14:25,201001,BIRMINGHAM,SPAIN,MALAGA,BMIBABY LTD,A,S, 9 , 0 , 100 , 0 , 0 , 0 , 0 , 0 , 4.33333333333333 , 0 , 9 , 88.8888888888889 , 5.66666666666667 
24-Mar-2010 14:25,201001,BIRMINGHAM,SPAIN,MALAGA,BMIBABY LTD,D,S, 9 , 0 , 77.7777777777778 , 22.2222222222222 , 0 , 0 , 0 , 0 , 8 , 0 , 10 , 90 , 5.2 
24-Mar-2010 14:25,201001,BIRMINGHAM,SPAIN,MALAGA,MONARCH AIRLINES,A,S, 18 , 1 , 83.3333333333333 , 5.55555555555556 , 0 , 11.1111111111111 , 0 , 0 , 12.1111111111111 , 1 , 24 , 95.8333333333333 , 1.79166666666667 
24-Mar-2010 14:25,201001,BIRMINGHAM,SPAIN,MALAGA,MONARCH AIRLINES,D,S, 20 , 0 , 75 , 5 , 10 , 10 , 0 , 0 , 17.7 , 0 , 24 , 87.5 , 6.625 
24-Mar-2010 14:25,201001,BIRMINGHAM,SPAIN,MALAGA,RYANAIR,A,S, 18 , 0 , 83.3333333333333 , 0 , 5.55555555555556 , 11.1111111111111 , 0 , 0 , 14.8888888888889 , 0 , 31 , 61.2903225806452 , 17.4838709677419 
24-Mar-2010 14:25,201001,BIRMINGHAM,SPAIN,MALAGA,RYANAIR,D,S, 18 , 0 , 66.6666666666667 , 16.6666666666667 , 11.1111111111111 , 5.55555555555556 , 0 , 0 , 15.0555555555556 , 0 , 31 , 83.8709677419355 , 11.5806451612903 
24-Mar-2010 14:25,201001,BIRMINGHAM,SPAIN,MALAGA,THOMSON AIRWAYS LTD,A,C, 5 , 0 , 60 , 20 , 20 , 0 , 0 , 0 , 12.4 , 0 , 1 , 0 , 208 
24-Mar-2010 14:25,201001,BIRMINGHAM,SPAIN,MALAGA,THOMSON AIRWAYS LTD,D,C, 5 , 0 , 40 , 0 , 60 , 0 , 0 , 0 , 22.4 , 0 , 0 , 0 , 0 
24-Mar-2010 14:25,201001,BIRMINGHAM,SPAIN,MURCIA SAN JAVIER,BMIBABY LTD,A,S, 0 , 0 , 0 , 0 , 0 , 0 , 0 , 0 , 0 , 0 , 2 , 100 , 0 
24-Mar-2010 14:25,201001,BIRMINGHAM,SPAIN,MURCIA SAN JAVIER,BMIBABY LTD,D,S, 0 , 0 , 0 , 0 , 0 , 0 , 0 , 0 , 0 , 0 , 2 , 100 , 4 
24-Mar-2010 14:25,201001,BIRMINGHAM,SPAIN,MURCIA SAN JAVIER,RYANAIR,A,S, 12 , 0 , 58.3333333333333 , 16.6666666666667 , 8.33333333333333 , 16.6666666666667 , 0 , 0 , 21.25 , 1 , 14 , 85.7142857142857 , 5.64285714285714 
24-Mar-2010 14:25,201001,BIRMINGHAM,SPAIN,MURCIA SAN JAVIER,RYANAIR,D,S, 13 , 0 , 61.5384615384615 , 7.69230769230769 , 15.3846153846154 , 15.3846153846154 , 0 , 0 , 23.3846153846154 , 0 , 14 , 92.8571428571429 , 8.42857142857143 
24-Mar-2010 14:25,201001,BIRMINGHAM,SPAIN,PALMA DE MALLORCA,BMIBABY LTD,A,S, 0 , 0 , 0 , 0 , 0 , 0 , 0 , 0 , 0 , 0 , 2 , 100 , 1.5 
24-Mar-2010 14:25,201001,BIRMINGHAM,SPAIN,PALMA DE MALLORCA,BMIBABY LTD,D,S, 0 , 0 , 0 , 0 , 0 , 0 , 0 , 0 , 0 , 0 , 2 , 50 , 13.5 
24-Mar-2010 14:25,201001,BIRMINGHAM,SPAIN,PALMA DE MALLORCA,RYANAIR,A,S, 0 , 0 , 0 , 0 , 0 , 0 , 0 , 0 , 0 , 0 , 13 , 92.3076923076923 , 1.61538461538462 
24-Mar-2010 14:25,201001,BIRMINGHAM,SPAIN,PALMA DE MALLORCA,RYANAIR,D,S, 0 , 0 , 0 , 0 , 0 , 0 , 0 , 0 , 0 , 0 , 13 , 92.3076923076923 , 6.23076923076923 
24-Mar-2010 14:25,201001,BIRMINGHAM,SPAIN,PALMA DE MALLORCA,THOMSON AIRWAYS LTD,A,C, 0 , 0 , 0 , 0 , 0 , 0 , 0 , 0 , 0 , 0 , 2 , 100 , 5.5 
24-Mar-2010 14:25,201001,BIRMINGHAM,SPAIN,PALMA DE MALLORCA,THOMSON AIRWAYS LTD,D,C, 0 , 0 , 0 , 0 , 0 , 0 , 0 , 0 , 0 , 0 , 1 , 100 , 12 
24-Mar-2010 14:25,201001,BIRMINGHAM,SPAIN,REUS,RYANAIR,A,S, 0 , 0 , 0 , 0 , 0 , 0 , 0 , 0 , 0 , 0 , 17 , 94.1176470588235 , 3.64705882352941 
24-Mar-2010 14:25,201001,BIRMINGHAM,SPAIN,REUS,RYANAIR,D,S, 0 , 0 , 0 , 0 , 0 , 0 , 0 , 0 , 0 , 0 , 17 , 94.1176470588235 , 6.58823529411765 
24-Mar-2010 14:25,201001,BIRMINGHAM,SPAIN(CANARY ISLANDS),ARRECIFE,MONARCH AIRLINES,A,C, 0 , 0 , 0 , 0 , 0 , 0 , 0 , 0 , 0 , 0 , 1 , 100 , 5 
24-Mar-2010 14:25,201001,BIRMINGHAM,SPAIN(CANARY ISLANDS),ARRECIFE,MONARCH AIRLINES,A,S, 9 , 1 , 77.7777777777778 , 0 , 0 , 11.1111111111111 , 11.1111111111111 , 0 , 30.6666666666667 , 1 , 11 , 100 , 0.727272727272727 
24-Mar-2010 14:25,201001,BIRMINGHAM,SPAIN(CANARY ISLANDS),ARRECIFE,MONARCH AIRLINES,D,C, 0 , 0 , 0 , 0 , 0 , 0 , 0 , 0 , 0 , 0 , 1 , 0 , 16 
24-Mar-2010 14:25,201001,BIRMINGHAM,SPAIN(CANARY ISLANDS),ARRECIFE,MONARCH AIRLINES,D,S, 9 , 0 , 88.8888888888889 , 0 , 0 , 11.1111111111111 , 0 , 0 , 14.4444444444444 , 0 , 11 , 90.9090909090909 , 5.81818181818182 
24-Mar-2010 14:25,201001,BIRMINGHAM,SPAIN(CANARY ISLANDS),ARRECIFE,RYANAIR,A,S, 9 , 0 , 88.8888888888889 , 0 , 0 , 11.1111111111111 , 0 , 0 , 7.77777777777778 , 0 , 0 , 0 , 0 
24-Mar-2010 14:25,201001,BIRMINGHAM,SPAIN(CANARY ISLANDS),ARRECIFE,RYANAIR,D,S, 9 , 0 , 77.7777777777778 , 11.1111111111111 , 0 , 11.1111111111111 , 0 , 0 , 13.3333333333333 , 0 , 0 , 0 , 0 
24-Mar-2010 14:25,201001,BIRMINGHAM,SPAIN(CANARY ISLANDS),ARRECIFE,THOMAS COOK AIRLINES LTD,A,C, 4 , 0 , 75 , 0 , 0 , 25 , 0 , 0 , 33.25 , 0 , 9 , 100 , 1.66666666666667 
24-Mar-2010 14:25,201001,BIRMINGHAM,SPAIN(CANARY ISLANDS),ARRECIFE,THOMAS COOK AIRLINES LTD,D,C, 4 , 0 , 75 , 0 , 0 , 25 , 0 , 0 , 44.5 , 0 , 9 , 100 , 1.66666666666667 
24-Mar-2010 14:25,201001,BIRMINGHAM,SPAIN(CANARY ISLANDS),ARRECIFE,THOMSON AIRWAYS LTD,A,C, 7 , 0 , 42.8571428571429 , 28.5714285714286 , 0 , 28.5714285714286 , 0 , 0 , 30.8571428571429 , 0 , 9 , 55.5555555555556 , 28.1111111111111 
24-Mar-2010 14:25,201001,BIRMINGHAM,SPAIN(CANARY ISLANDS),ARRECIFE,THOMSON AIRWAYS LTD,D,C, 7 , 0 , 57.1428571428571 , 14.2857142857143 , 0 , 28.5714285714286 , 0 , 0 , 29.8571428571429 , 0 , 9 , 66.6666666666667 , 30.3333333333333 
24-Mar-2010 14:25,201001,BIRMINGHAM,SPAIN(CANARY ISLANDS),FUERTEVENTURA,MONARCH AIRLINES,A,S, 4 , 0 , 50 , 0 , 0 , 25 , 0 , 25 , 125.5 , 0 , 0 , 0 , 0 
24-Mar-2010 14:25,201001,BIRMINGHAM,SPAIN(CANARY ISLANDS),FUERTEVENTURA,MONARCH AIRLINES,D,S, 4 , 0 , 50 , 0 , 0 , 25 , 0 , 25 , 136.75 , 0 , 0 , 0 , 0 
24-Mar-2010 14:25,201001,BIRMINGHAM,SPAIN(CANARY ISLANDS),FUERTEVENTURA,RYANAIR,A,S, 0 , 0 , 0 , 0 , 0 , 0 , 0 , 0 , 0 , 0 , 14 , 28.5714285714286 , 26.3571428571429 
24-Mar-2010 14:25,201001,BIRMINGHAM,SPAIN(CANARY ISLANDS),FUERTEVENTURA,RYANAIR,D,S, 0 , 0 , 0 , 0 , 0 , 0 , 0 , 0 , 0 , 0 , 14 , 71.4285714285714 , 10.4285714285714 
24-Mar-2010 14:25,201001,BIRMINGHAM,SPAIN(CANARY ISLANDS),FUERTEVENTURA,THOMAS COOK AIRLINES LTD,A,C, 7 , 0 , 57.1428571428571 , 0 , 14.2857142857143 , 14.2857142857143 , 14.2857142857143 , 0 , 54.1428571428571 , 0 , 10 , 90 , 3.2 
24-Mar-2010 14:25,201001,BIRMINGHAM,SPAIN(CANARY ISLANDS),FUERTEVENTURA,THOMAS COOK AIRLINES LTD,D,C, 6 , 0 , 66.6666666666667 , 16.6666666666667 , 0 , 16.6666666666667 , 0 , 0 , 31.1666666666667 , 0 , 10 , 80 , 6.6 
24-Mar-2010 14:25,201001,BIRMINGHAM,SPAIN(CANARY ISLANDS),FUERTEVENTURA,THOMSON AIRWAYS LTD,A,C, 4 , 0 , 25 , 25 , 0 , 0 , 25 , 25 , 186 , 0 , 5 , 100 , 0.4 
24-Mar-2010 14:25,201001,BIRMINGHAM,SPAIN(CANARY ISLANDS),FUERTEVENTURA,THOMSON AIRWAYS LTD,D,C, 4 , 0 , 25 , 25 , 0 , 25 , 0 , 25 , 161.5 , 0 , 5 , 100 , 0.4 
24-Mar-2010 14:25,201001,BIRMINGHAM,SPAIN(CANARY ISLANDS),LAS PALMAS,MONARCH AIRLINES,A,C, 0 , 0 , 0 , 0 , 0 , 0 , 0 , 0 , 0 , 0 , 2 , 50 , 76 
24-Mar-2010 14:25,201001,BIRMINGHAM,SPAIN(CANARY ISLANDS),LAS PALMAS,MONARCH AIRLINES,A,S, 4 , 0 , 50 , 0 , 50 , 0 , 0 , 0 , 28 , 0 , 0 , 0 , 0 
24-Mar-2010 14:25,201001,BIRMINGHAM,SPAIN(CANARY ISLANDS),LAS PALMAS,MONARCH AIRLINES,D,C, 0 , 0 , 0 , 0 , 0 , 0 , 0 , 0 , 0 , 0 , 2 , 50 , 68 
24-Mar-2010 14:25,201001,BIRMINGHAM,SPAIN(CANARY ISLANDS),LAS PALMAS,MONARCH AIRLINES,D,S, 4 , 0 , 75 , 25 , 0 , 0 , 0 , 0 , 4.5 , 0 , 0 , 0 , 0 
24-Mar-2010 14:25,201001,BIRMINGHAM,SPAIN(CANARY ISLANDS),LAS PALMAS,RYANAIR,A,S, 7 , 0 , 85.7142857142857 , 14.2857142857143 , 0 , 0 , 0 , 0 , 5.71428571428571 , 2 , 0 , 0 , 0 
24-Mar-2010 14:25,201001,BIRMINGHAM,SPAIN(CANARY ISLANDS),LAS PALMAS,RYANAIR,D,S, 7 , 0 , 100 , 0 , 0 , 0 , 0 , 0 , 3.28571428571429 , 2 , 0 , 0 , 0 
24-Mar-2010 14:25,201001,BIRMINGHAM,SPAIN(CANARY ISLANDS),LAS PALMAS,THOMAS COOK AIRLINES LTD,A,C, 1 , 0 , 0 , 100 , 0 , 0 , 0 , 0 , 21 , 0 , 4 , 25 , 82.25 
24-Mar-2010 14:25,201001,BIRMINGHAM,SPAIN(CANARY ISLANDS),LAS PALMAS,THOMAS COOK AIRLINES LTD,D,C, 1 , 0 , 0 , 100 , 0 , 0 , 0 , 0 , 30 , 0 , 4 , 50 , 41.5 
24-Mar-2010 14:25,201001,BIRMINGHAM,SPAIN(CANARY ISLANDS),LAS PALMAS,THOMSON AIRWAYS LTD,A,C, 4 , 0 , 50 , 25 , 25 , 0 , 0 , 0 , 15.5 , 0 , 4 , 100 , 3.5 
24-Mar-2010 14:25,201001,BIRMINGHAM,SPAIN(CANARY ISLANDS),LAS PALMAS,THOMSON AIRWAYS LTD,D,C, 4 , 0 , 100 , 0 , 0 , 0 , 0 , 0 , 5.25 , 0 , 4 , 75 , 12 
24-Mar-2010 14:25,201001,BIRMINGHAM,SPAIN(CANARY ISLANDS),TENERIFE (SURREINA SOFIA),MONARCH AIRLINES,A,C, 0 , 0 , 0 , 0 , 0 , 0 , 0 , 0 , 0 , 0 , 5 , 80 , 6.2 
24-Mar-2010 14:25,201001,BIRMINGHAM,SPAIN(CANARY ISLANDS),TENERIFE (SURREINA SOFIA),MONARCH AIRLINES,A,S, 29 , 1 , 75.8620689655172 , 13.7931034482759 , 0 , 6.89655172413793 , 0 , 3.44827586206897 , 42.8275862068966 , 1 , 29 , 96.551724137931 , 1.96551724137931 
24-Mar-2010 14:25,201001,BIRMINGHAM,SPAIN(CANARY ISLANDS),TENERIFE (SURREINA SOFIA),MONARCH AIRLINES,D,C, 0 , 0 , 0 , 0 , 0 , 0 , 0 , 0 , 0 , 0 , 5 , 80 , 7.6 
24-Mar-2010 14:25,201001,BIRMINGHAM,SPAIN(CANARY ISLANDS),TENERIFE (SURREINA SOFIA),MONARCH AIRLINES,D,S, 30 , 0 , 73.3333333333333 , 6.66666666666667 , 10 , 10 , 0 , 0 , 20.3666666666667 , 0 , 29 , 79.3103448275862 , 11.0344827586207 
24-Mar-2010 14:25,201001,BIRMINGHAM,SPAIN(CANARY ISLANDS),TENERIFE (SURREINA SOFIA),RYANAIR,A,S, 13 , 0 , 84.6153846153846 , 0 , 15.3846153846154 , 0 , 0 , 0 , 7.76923076923077 , 0 , 0 , 0 , 0 
24-Mar-2010 14:25,201001,BIRMINGHAM,SPAIN(CANARY ISLANDS),TENERIFE (SURREINA SOFIA),RYANAIR,D,S, 13 , 0 , 76.9230769230769 , 7.69230769230769 , 7.69230769230769 , 7.69230769230769 , 0 , 0 , 13.3076923076923 , 0 , 0 , 0 , 0 
24-Mar-2010 14:25,201001,BIRMINGHAM,SPAIN(CANARY ISLANDS),TENERIFE (SURREINA SOFIA),THOMAS COOK AIRLINES LTD,A,C, 13 , 0 , 76.9230769230769 , 15.3846153846154 , 0 , 7.69230769230769 , 0 , 0 , 16.9230769230769 , 0 , 13 , 84.6153846153846 , 43.4615384615385 
24-Mar-2010 14:25,201001,BIRMINGHAM,SPAIN(CANARY ISLANDS),TENERIFE (SURREINA SOFIA),THOMAS COOK AIRLINES LTD,D,C, 14 , 0 , 78.5714285714286 , 14.2857142857143 , 0 , 7.14285714285714 , 0 , 0 , 16.5714285714286 , 0 , 12 , 75 , 18.1666666666667 
24-Mar-2010 14:25,201001,BIRMINGHAM,SPAIN(CANARY ISLANDS),TENERIFE (SURREINA SOFIA),THOMSON AIRWAYS LTD,A,C, 12 , 0 , 58.3333333333333 , 8.33333333333333 , 0 , 16.6666666666667 , 16.6666666666667 , 0 , 62 , 0 , 14 , 92.8571428571429 , 12.5714285714286 
24-Mar-2010 14:25,201001,BIRMINGHAM,SPAIN(CANARY ISLANDS),TENERIFE (SURREINA SOFIA),THOMSON AIRWAYS LTD,D,C, 14 , 0 , 71.4285714285714 , 0 , 0 , 21.4285714285714 , 7.14285714285714 , 0 , 50.7142857142857 , 0 , 14 , 92.8571428571429 , 18.6428571428571 
24-Mar-2010 14:25,201001,BIRMINGHAM,SWEDEN,GOTEBORG,CITY AIRLINE,A,S, 22 , 0 , 86.3636363636364 , 4.54545454545455 , 4.54545454545455 , 4.54545454545455 , 0 , 0 , 9.81818181818182 , 2 , 23 , 95.6521739130435 , 4.17391304347826 
24-Mar-2010 14:25,201001,BIRMINGHAM,SWEDEN,GOTEBORG,CITY AIRLINE,D,S, 23 , 0 , 65.2173913043478 , 8.69565217391304 , 17.3913043478261 , 8.69565217391304 , 0 , 0 , 21.5652173913043 , 1 , 23 , 86.9565217391304 , 4.30434782608696 
24-Mar-2010 14:25,201001,BIRMINGHAM,SWEDEN,GOTEBORG,VIKING AIRLINES,A,C, 2 , 0 , 0 , 0 , 0 , 100 , 0 , 0 , 139 , 0 , 0 , 0 , 0 
24-Mar-2010 14:25,201001,BIRMINGHAM,SWEDEN,MALMO,VIKING AIRLINES,D,C, 1 , 0 , 0 , 100 , 0 , 0 , 0 , 0 , 17 , 0 , 0 , 0 , 0 
24-Mar-2010 14:25,201001,BIRMINGHAM,SWEDEN,STOCKHOLM (ARLANDA),VIKING AIRLINES,D,C, 2 , 0 , 50 , 0 , 50 , 0 , 0 , 0 , 29.5 , 0 , 0 , 0 , 0 
24-Mar-2010 14:25,201001,BIRMINGHAM,SWEDEN,STOCKHOLM (SKAVSTA),RYANAIR,A,S, 0 , 1 , 0 , 0 , 0 , 0 , 0 , 0 , 0 , 0 , 17 , 82.3529411764706 , 8.17647058823529 
24-Mar-2010 14:25,201001,BIRMINGHAM,SWEDEN,STOCKHOLM (SKAVSTA),RYANAIR,D,S, 0 , 0 , 0 , 0 , 0 , 0 , 0 , 0 , 0 , 0 , 17 , 94.1176470588235 , 3.35294117647059 
24-Mar-2010 14:25,201001,BIRMINGHAM,SWITZERLAND,BERNE,FLYBE LTD,A,C, 5 , 0 , 60 , 20 , 20 , 0 , 0 , 0 , 14 , 0 , 5 , 80 , 30.4 
24-Mar-2010 14:25,201001,BIRMINGHAM,SWITZERLAND,BERNE,FLYBE LTD,D,C, 5 , 0 , 80 , 0 , 20 , 0 , 0 , 0 , 17 , 0 , 5 , 60 , 12.8 
24-Mar-2010 14:25,201001,BIRMINGHAM,SWITZERLAND,GENEVA,BA CITYFLYER LTD,A,S, 0 , 1 , 0 , 0 , 0 , 0 , 0 , 0 , 0 , 0 , 0 , 0 , 0 
24-Mar-2010 14:25,201001,BIRMINGHAM,SWITZERLAND,GENEVA,BMIBABY LTD,A,C, 5 , 0 , 80 , 0 , 0 , 20 , 0 , 0 , 31.4 , 0 , 0 , 0 , 0 
24-Mar-2010 14:25,201001,BIRMINGHAM,SWITZERLAND,GENEVA,BMIBABY LTD,A,S, 17 , 0 , 70.5882352941177 , 5.88235294117647 , 11.7647058823529 , 5.88235294117647 , 5.88235294117647 , 0 , 26.1176470588235 , 0 , 32 , 81.25 , 11.25 
24-Mar-2010 14:25,201001,BIRMINGHAM,SWITZERLAND,GENEVA,BMIBABY LTD,D,C, 5 , 0 , 20 , 60 , 0 , 20 , 0 , 0 , 44.4 , 0 , 0 , 0 , 0 
24-Mar-2010 14:25,201001,BIRMINGHAM,SWITZERLAND,GENEVA,BMIBABY LTD,D,S, 17 , 0 , 70.5882352941177 , 17.6470588235294 , 0 , 11.7647058823529 , 0 , 0 , 23.0588235294118 , 0 , 33 , 75.7575757575758 , 12.0606060606061 
24-Mar-2010 14:25,201001,BIRMINGHAM,SWITZERLAND,GENEVA,EASYJET AIRLINE COMPANY LTD,A,S, 0 , 2 , 0 , 0 , 0 , 0 , 0 , 0 , 0 , 0 , 0 , 0 , 0 
24-Mar-2010 14:25,201001,BIRMINGHAM,SWITZERLAND,GENEVA,EASYJET SWITZERLAND,A,S, 43 , 0 , 55.8139534883721 , 9.30232558139535 , 16.2790697674419 , 11.6279069767442 , 4.65116279069767 , 2.32558139534884 , 43.5116279069767 , 3 , 48 , 43.75 , 37.2083333333333 
24-Mar-2010 14:25,201001,BIRMINGHAM,SWITZERLAND,GENEVA,EASYJET SWITZERLAND,D,S, 43 , 0 , 44.1860465116279 , 20.9302325581395 , 9.30232558139535 , 13.953488372093 , 11.6279069767442 , 0 , 50.3720930232558 , 3 , 48 , 35.4166666666667 , 44.9583333333333 
24-Mar-2010 14:25,201001,BIRMINGHAM,SWITZERLAND,GENEVA,FLYBE LTD,A,C, 5 , 0 , 40 , 20 , 20 , 0 , 20 , 0 , 78.6 , 0 , 4 , 75 , 6.75 
24-Mar-2010 14:25,201001,BIRMINGHAM,SWITZERLAND,GENEVA,FLYBE LTD,D,C, 5 , 0 , 20 , 20 , 40 , 0 , 20 , 0 , 82.4 , 0 , 4 , 75 , 14.25 
24-Mar-2010 14:25,201001,BIRMINGHAM,SWITZERLAND,GENEVA,MONARCH AIRLINES,A,C, 5 , 0 , 60 , 0 , 0 , 20 , 20 , 0 , 81.8 , 0 , 9 , 33.3333333333333 , 37.2222222222222 
24-Mar-2010 14:25,201001,BIRMINGHAM,SWITZERLAND,GENEVA,MONARCH AIRLINES,D,C, 5 , 0 , 100 , 0 , 0 , 0 , 0 , 0 , 9.6 , 0 , 9 , 66.6666666666667 , 24.7777777777778 
24-Mar-2010 14:25,201001,BIRMINGHAM,SWITZERLAND,GENEVA,THOMSON AIRWAYS LTD,A,C, 5 , 0 , 60 , 20 , 0 , 20 , 0 , 0 , 28.2 , 0 , 5 , 60 , 22.2 
24-Mar-2010 14:25,201001,BIRMINGHAM,SWITZERLAND,GENEVA,THOMSON AIRWAYS LTD,D,C, 5 , 0 , 60 , 20 , 20 , 0 , 0 , 0 , 13 , 0 , 5 , 100 , 8.2 
24-Mar-2010 14:25,201001,BIRMINGHAM,SWITZERLAND,ZURICH,HELVETIC AIRWAYS,A,S, 89 , 0 , 70.7865168539326 , 21.3483146067416 , 6.74157303370787 , 1.12359550561798 , 0 , 0 , 9.52808988764045 , 0 , 89 , 92.1348314606742 , 3.43820224719101 
24-Mar-2010 14:25,201001,BIRMINGHAM,SWITZERLAND,ZURICH,HELVETIC AIRWAYS,D,S, 89 , 0 , 59.5505617977528 , 25.8426966292135 , 7.86516853932584 , 6.74157303370787 , 0 , 0 , 16.5730337078652 , 0 , 89 , 88.7640449438202 , 4.68539325842697 
24-Mar-2010 14:25,201001,BIRMINGHAM,SWITZERLAND,ZURICH,SWISS AIRLINES,A,S, 0 , 0 , 0 , 0 , 0 , 0 , 0 , 0 , 0 , 0 , 2 , 100 , 9 
24-Mar-2010 14:25,201001,BIRMINGHAM,SWITZERLAND,ZURICH,SWISS AIRLINES,D,S, 0 , 0 , 0 , 0 , 0 , 0 , 0 , 0 , 0 , 0 , 2 , 50 , 11.5 
24-Mar-2010 14:25,201001,BIRMINGHAM,TUNISIA,MONASTIR,THOMAS COOK AIRLINES LTD,A,C, 1 , 0 , 0 , 100 , 0 , 0 , 0 , 0 , 23 , 0 , 1 , 100 , 4 
24-Mar-2010 14:25,201001,BIRMINGHAM,TUNISIA,MONASTIR,THOMAS COOK AIRLINES LTD,D,C, 1 , 0 , 100 , 0 , 0 , 0 , 0 , 0 , 15 , 0 , 1 , 100 , 14 
24-Mar-2010 14:25,201001,BIRMINGHAM,TUNISIA,MONASTIR,THOMSON AIRWAYS LTD,A,C, 5 , 0 , 40 , 40 , 0 , 0 , 0 , 20 , 84 , 0 , 1 , 0 , 217 
24-Mar-2010 14:25,201001,BIRMINGHAM,TUNISIA,MONASTIR,THOMSON AIRWAYS LTD,D,C, 5 , 0 , 60 , 20 , 0 , 0 , 0 , 20 , 86.2 , 0 , 1 , 0 , 240 
24-Mar-2010 14:25,201001,BIRMINGHAM,TURKEY,ANTALYA,THOMAS COOK AIRLINES LTD,D,C, 0 , 0 , 0 , 0 , 0 , 0 , 0 , 0 , 0 , 0 , 1 , 100 , 0 
24-Mar-2010 14:25,201001,BIRMINGHAM,TURKEY,ISTANBUL,THY TURK HAVA YOLLARI TURKISH,A,S, 19 , 0 , 21.0526315789474 , 15.7894736842105 , 31.5789473684211 , 31.5789473684211 , 0 , 0 , 52.1052631578947 , 0 , 22 , 77.2727272727273 , 9.31818181818182 
24-Mar-2010 14:25,201001,BIRMINGHAM,TURKEY,ISTANBUL,THY TURK HAVA YOLLARI TURKISH,D,S, 19 , 0 , 21.0526315789474 , 10.5263157894737 , 26.3157894736842 , 42.1052631578947 , 0 , 0 , 58.1052631578947 , 0 , 22 , 63.6363636363636 , 11.1818181818182 
24-Mar-2010 14:25,201001,BIRMINGHAM,TURKMENISTAN,ASHKHABAD,TURKMENISTAN AIRLINES,A,S, 18 , 1 , 22.2222222222222 , 0 , 11.1111111111111 , 0 , 38.8888888888889 , 27.7777777777778 , 228.277777777778 , 0 , 17 , 52.9411764705882 , 79.4705882352941 
24-Mar-2010 14:25,201001,BIRMINGHAM,TURKMENISTAN,ASHKHABAD,TURKMENISTAN AIRLINES,D,S, 18 , 1 , 16.6666666666667 , 11.1111111111111 , 5.55555555555556 , 5.55555555555556 , 33.3333333333333 , 27.7777777777778 , 224.833333333333 , 0 , 17 , 47.0588235294118 , 70.0588235294118 
24-Mar-2010 14:25,201001,BIRMINGHAM,UNITED ARAB EMIRATES,DUBAI,EMIRATES,A,S, 61 , 2 , 29.5081967213115 , 36.0655737704918 , 27.8688524590164 , 6.55737704918033 , 0 , 0 , 28.9344262295082 , 1 , 62 , 51.6129032258064 , 20.6290322580645 
24-Mar-2010 14:25,201001,BIRMINGHAM,UNITED ARAB EMIRATES,DUBAI,EMIRATES,D,S, 61 , 1 , 14.7540983606557 , 24.5901639344262 , 37.7049180327869 , 21.3114754098361 , 1.63934426229508 , 0 , 46.9672131147541 , 1 , 62 , 40.3225806451613 , 31.2258064516129 
24-Mar-2010 14:25,201001,BIRMINGHAM,UNITED KINGDOM,ABERDEEN,BMI REGIONAL,A,S, 42 , 0 , 83.3333333333333 , 9.52380952380952 , 7.14285714285714 , 0 , 0 , 0 , 6.23809523809524 , 0 , 0 , 0 , 0 
24-Mar-2010 14:25,201001,BIRMINGHAM,UNITED KINGDOM,ABERDEEN,BMI REGIONAL,D,S, 42 , 0 , 73.8095238095238 , 11.9047619047619 , 9.52380952380952 , 4.76190476190476 , 0 , 0 , 11.5952380952381 , 0 , 0 , 0 , 0 
24-Mar-2010 14:25,201001,BIRMINGHAM,UNITED KINGDOM,ABERDEEN,BMIBABY LTD,A,S, 0 , 0 , 0 , 0 , 0 , 0 , 0 , 0 , 0 , 0 , 26 , 84.6153846153846 , 7.46153846153846 
24-Mar-2010 14:25,201001,BIRMINGHAM,UNITED KINGDOM,ABERDEEN,BMIBABY LTD,D,S, 0 , 0 , 0 , 0 , 0 , 0 , 0 , 0 , 0 , 0 , 26 , 76.9230769230769 , 10.5 
24-Mar-2010 14:25,201001,BIRMINGHAM,UNITED KINGDOM,ABERDEEN,FLYBE LTD,A,S, 47 , 0 , 59.5744680851064 , 8.51063829787234 , 8.51063829787234 , 14.8936170212766 , 6.38297872340426 , 2.12765957446809 , 50.0212765957447 , 4 , 47 , 78.7234042553192 , 24.0212765957447 
24-Mar-2010 14:25,201001,BIRMINGHAM,UNITED KINGDOM,ABERDEEN,FLYBE LTD,D,S, 48 , 0 , 60.4166666666667 , 16.6666666666667 , 8.33333333333333 , 8.33333333333333 , 6.25 , 0 , 35.5416666666667 , 4 , 48 , 77.0833333333333 , 19.6041666666667 
24-Mar-2010 14:25,201001,BIRMINGHAM,UNITED KINGDOM,BELFAST CITY (GEORGE BEST),FLYBE LTD,A,S, 125 , 1 , 74.4 , 12 , 3.2 , 6.4 , 4 , 0 , 19.624 , 12 , 111 , 94.5945945945946 , 3.86486486486486 
24-Mar-2010 14:25,201001,BIRMINGHAM,UNITED KINGDOM,BELFAST CITY (GEORGE BEST),FLYBE LTD,D,S, 122 , 0 , 65.5737704918033 , 14.7540983606557 , 9.83606557377049 , 9.01639344262295 , 0.819672131147541 , 0 , 22.1229508196721 , 15 , 110 , 86.3636363636364 , 8.76363636363636 
24-Mar-2010 14:25,201001,BIRMINGHAM,UNITED KINGDOM,BELFAST INTERNATIONAL,BMIBABY LTD,A,S, 56 , 0 , 82.1428571428572 , 5.35714285714286 , 10.7142857142857 , 1.78571428571429 , 0 , 0 , 7.64285714285714 , 5 , 66 , 86.3636363636364 , 8.5 
24-Mar-2010 14:25,201001,BIRMINGHAM,UNITED KINGDOM,BELFAST INTERNATIONAL,BMIBABY LTD,D,S, 56 , 0 , 82.1428571428572 , 10.7142857142857 , 1.78571428571429 , 5.35714285714286 , 0 , 0 , 8.71428571428571 , 5 , 66 , 90.9090909090909 , 7.01515151515152 
24-Mar-2010 14:25,201001,BIRMINGHAM,UNITED KINGDOM,BELFAST INTERNATIONAL,THOMAS COOK AIRLINES LTD,D,C, 0 , 0 , 0 , 0 , 0 , 0 , 0 , 0 , 0 , 0 , 1 , 100 , 7 
24-Mar-2010 14:25,201001,BIRMINGHAM,UNITED KINGDOM,CARDIFF WALES,EASTERN AIRWAYS,D,S, 0 , 2 , 0 , 0 , 0 , 0 , 0 , 0 , 0 , 0 , 0 , 0 , 0 
24-Mar-2010 14:25,201001,BIRMINGHAM,UNITED KINGDOM,CITY OF DERRY (EGLINTON),RYANAIR,A,S, 18 , 0 , 72.2222222222222 , 11.1111111111111 , 11.1111111111111 , 5.55555555555556 , 0 , 0 , 17.8888888888889 , 0 , 30 , 90 , 8.36666666666667 
24-Mar-2010 14:25,201001,BIRMINGHAM,UNITED KINGDOM,CITY OF DERRY (EGLINTON),RYANAIR,D,S, 18 , 0 , 50 , 27.7777777777778 , 11.1111111111111 , 11.1111111111111 , 0 , 0 , 31.8333333333333 , 0 , 30 , 80 , 14.5 
24-Mar-2010 14:25,201001,BIRMINGHAM,UNITED KINGDOM,DUNDEE,LOGANAIR,A,S, 38 , 0 , 89.4736842105263 , 5.26315789473684 , 5.26315789473684 , 0 , 0 , 0 , 4.31578947368421 , 0 , 50 , 100 , 0.92 
24-Mar-2010 14:25,201001,BIRMINGHAM,UNITED KINGDOM,DUNDEE,LOGANAIR,D,S, 38 , 0 , 89.4736842105263 , 2.63157894736842 , 7.89473684210526 , 0 , 0 , 0 , 5.13157894736842 , 0 , 50 , 98 , 1.48 
24-Mar-2010 14:25,201001,BIRMINGHAM,UNITED KINGDOM,EDINBURGH,BMIBABY LTD,A,S, 28 , 0 , 92.8571428571429 , 0 , 3.57142857142857 , 3.57142857142857 , 0 , 0 , 5.57142857142857 , 2 , 50 , 98 , 3.72 
24-Mar-2010 14:25,201001,BIRMINGHAM,UNITED KINGDOM,EDINBURGH,BMIBABY LTD,D,S, 28 , 0 , 75 , 10.7142857142857 , 10.7142857142857 , 3.57142857142857 , 0 , 0 , 12.2857142857143 , 2 , 52 , 92.3076923076923 , 5.61538461538462 
24-Mar-2010 14:25,201001,BIRMINGHAM,UNITED KINGDOM,EDINBURGH,CITY JET,A,S, 0 , 1 , 0 , 0 , 0 , 0 , 0 , 0 , 0 , 0 , 0 , 0 , 0 
24-Mar-2010 14:25,201001,BIRMINGHAM,UNITED KINGDOM,EDINBURGH,FLYBE LTD,A,S, 130 , 4 , 79.2307692307692 , 4.61538461538462 , 10 , 5.38461538461539 , 0.769230769230769 , 0 , 14.7 , 7 , 128 , 92.1875 , 4.4375 
24-Mar-2010 14:25,201001,BIRMINGHAM,UNITED KINGDOM,EDINBURGH,FLYBE LTD,D,S, 130 , 0 , 76.9230769230769 , 9.23076923076923 , 9.23076923076923 , 4.61538461538462 , 0 , 0 , 13.1384615384615 , 7 , 129 , 85.2713178294574 , 10.062015503876 
24-Mar-2010 14:25,201001,BIRMINGHAM,UNITED KINGDOM,EDINBURGH,JET2.COM LTD,A,C, 0 , 0 , 0 , 0 , 0 , 0 , 0 , 0 , 0 , 0 , 1 , 100 , 0 
24-Mar-2010 14:25,201001,BIRMINGHAM,UNITED KINGDOM,EDINBURGH,JET2.COM LTD,D,C, 0 , 0 , 0 , 0 , 0 , 0 , 0 , 0 , 0 , 0 , 1 , 0 , 25 
24-Mar-2010 14:25,201001,BIRMINGHAM,UNITED KINGDOM,GATWICK,BRITISH AIRWAYS PLC,A,S, 0 , 1 , 0 , 0 , 0 , 0 , 0 , 0 , 0 , 0 , 0 , 0 , 0 
24-Mar-2010 14:25,201001,BIRMINGHAM,UNITED KINGDOM,GLASGOW,BMIBABY LTD,A,S, 24 , 0 , 83.3333333333333 , 8.33333333333333 , 4.16666666666667 , 4.16666666666667 , 0 , 0 , 8.70833333333333 , 9 , 46 , 86.9565217391304 , 5.67391304347826 
24-Mar-2010 14:25,201001,BIRMINGHAM,UNITED KINGDOM,GLASGOW,BMIBABY LTD,D,S, 24 , 0 , 70.8333333333333 , 12.5 , 16.6666666666667 , 0 , 0 , 0 , 11.8333333333333 , 9 , 47 , 85.1063829787234 , 8.27659574468085 
24-Mar-2010 14:25,201001,BIRMINGHAM,UNITED KINGDOM,GLASGOW,FLYBE LTD,A,S, 118 , 2 , 77.1186440677966 , 8.47457627118644 , 6.77966101694915 , 6.77966101694915 , 0.847457627118644 , 0 , 15.2542372881356 , 11 , 111 , 85.5855855855856 , 10.6576576576577 
24-Mar-2010 14:25,201001,BIRMINGHAM,UNITED KINGDOM,GLASGOW,FLYBE LTD,D,S, 117 , 0 , 64.1025641025641 , 15.3846153846154 , 11.965811965812 , 7.69230769230769 , 0.854700854700855 , 0 , 20.5555555555556 , 11 , 110 , 76.3636363636364 , 15.7545454545455 
24-Mar-2010 14:25,201001,BIRMINGHAM,UNITED KINGDOM,GLASGOW,THOMAS COOK AIRLINES LTD,A,C, 3 , 0 , 66.6666666666667 , 0 , 0 , 33.3333333333333 , 0 , 0 , 58.3333333333333 , 0 , 0 , 0 , 0 
24-Mar-2010 14:25,201001,BIRMINGHAM,UNITED KINGDOM,GLASGOW,THOMAS COOK AIRLINES LTD,D,C, 3 , 0 , 66.6666666666667 , 0 , 0 , 0 , 33.3333333333333 , 0 , 76 , 0 , 0 , 0 , 0 
24-Mar-2010 14:25,201001,BIRMINGHAM,UNITED KINGDOM,GUERNSEY,FLYBE LTD,A,S, 25 , 0 , 40 , 8 , 24 , 20 , 8 , 0 , 56.88 , 3 , 21 , 61.9047619047619 , 24 
24-Mar-2010 14:25,201001,BIRMINGHAM,UNITED KINGDOM,GUERNSEY,FLYBE LTD,D,S, 24 , 0 , 50 , 12.5 , 12.5 , 20.8333333333333 , 4.16666666666667 , 0 , 45.1666666666667 , 0 , 26 , 65.3846153846154 , 19.1153846153846 
24-Mar-2010 14:25,201001,BIRMINGHAM,UNITED KINGDOM,HEATHROW,BRITISH AIRWAYS PLC,D,S, 0 , 1 , 0 , 0 , 0 , 0 , 0 , 0 , 0 , 0 , 0 , 0 , 0 
24-Mar-2010 14:25,201001,BIRMINGHAM,UNITED KINGDOM,INVERNESS,FLYBE LTD,A,S, 20 , 0 , 75 , 10 , 5 , 5 , 5 , 0 , 27.85 , 2 , 23 , 73.9130434782609 , 17.1304347826087 
24-Mar-2010 14:25,201001,BIRMINGHAM,UNITED KINGDOM,INVERNESS,FLYBE LTD,D,S, 20 , 0 , 75 , 10 , 10 , 0 , 5 , 0 , 22.45 , 1 , 23 , 69.5652173913043 , 22.6521739130435 
24-Mar-2010 14:25,201001,BIRMINGHAM,UNITED KINGDOM,ISLE OF MAN,EASTERN AIRWAYS,A,S, 0 , 0 , 0 , 0 , 0 , 0 , 0 , 0 , 0 , 0 , 48 , 87.5 , 7.22916666666667 
24-Mar-2010 14:25,201001,BIRMINGHAM,UNITED KINGDOM,ISLE OF MAN,EASTERN AIRWAYS,D,S, 0 , 0 , 0 , 0 , 0 , 0 , 0 , 0 , 0 , 0 , 47 , 87.2340425531915 , 11.1063829787234 
24-Mar-2010 14:25,201001,BIRMINGHAM,UNITED KINGDOM,ISLE OF MAN,FLYBE LTD,A,S, 49 , 0 , 81.6326530612245 , 10.2040816326531 , 6.12244897959184 , 2.04081632653061 , 0 , 0 , 8.79591836734694 , 2 , 35 , 68.5714285714286 , 19.5714285714286 
24-Mar-2010 14:25,201001,BIRMINGHAM,UNITED KINGDOM,ISLE OF MAN,FLYBE LTD,D,S, 49 , 0 , 77.5510204081633 , 8.16326530612245 , 10.2040816326531 , 2.04081632653061 , 2.04081632653061 , 0 , 16.0816326530612 , 2 , 35 , 62.8571428571429 , 22.9428571428571 
24-Mar-2010 14:25,201001,BIRMINGHAM,UNITED KINGDOM,JERSEY,FLYBE LTD,A,S, 23 , 0 , 39.1304347826087 , 21.7391304347826 , 13.0434782608696 , 26.0869565217391 , 0 , 0 , 41.4782608695652 , 1 , 25 , 64 , 27.6 
24-Mar-2010 14:25,201001,BIRMINGHAM,UNITED KINGDOM,JERSEY,FLYBE LTD,D,S, 26 , 0 , 53.8461538461538 , 19.2307692307692 , 11.5384615384615 , 11.5384615384615 , 3.84615384615385 , 0 , 35.0769230769231 , 1 , 21 , 80.9523809523809 , 14.0952380952381 
24-Mar-2010 14:25,201001,BIRMINGHAM,UNITED KINGDOM,LEEDS BRADFORD,FLYBE LTD,A,S, 0 , 1 , 0 , 0 , 0 , 0 , 0 , 0 , 0 , 0 , 0 , 0 , 0 
24-Mar-2010 14:25,201001,BIRMINGHAM,UNITED KINGDOM,LUTON,MONARCH AIRLINES,D,S, 0 , 1 , 0 , 0 , 0 , 0 , 0 , 0 , 0 , 0 , 0 , 0 , 0 
24-Mar-2010 14:25,201001,BIRMINGHAM,UNITED KINGDOM,MANCHESTER,BRITISH AIRWAYS PLC,D,S, 0 , 1 , 0 , 0 , 0 , 0 , 0 , 0 , 0 , 0 , 0 , 0 , 0 
24-Mar-2010 14:25,201001,BIRMINGHAM,UNITED KINGDOM,MANCHESTER,EASYJET AIRLINE COMPANY LTD,D,S, 1 , 0 , 100 , 0 , 0 , 0 , 0 , 0 , 0 , 0 , 0 , 0 , 0 
24-Mar-2010 14:25,201001,BIRMINGHAM,UNITED KINGDOM,MANCHESTER,FLYBE LTD,A,S, 0 , 1 , 0 , 0 , 0 , 0 , 0 , 0 , 0 , 0 , 0 , 0 , 0 
24-Mar-2010 14:25,201001,BIRMINGHAM,UNITED KINGDOM,MANCHESTER,QATAR AIRWAYS,D,S, 0 , 1 , 0 , 0 , 0 , 0 , 0 , 0 , 0 , 0 , 0 , 0 , 0 
24-Mar-2010 14:25,201001,BIRMINGHAM,UNITED KINGDOM,MANCHESTER,VIRGIN ATLANTIC AIRWAYS LTD,D,C, 0 , 1 , 0 , 0 , 0 , 0 , 0 , 0 , 0 , 0 , 0 , 0 , 0 
24-Mar-2010 14:25,201001,BIRMINGHAM,UNITED KINGDOM,NEWCASTLE,EASTERN AIRWAYS,A,S, 50 , 0 , 80 , 6 , 6 , 8 , 0 , 0 , 14.62 , 10 , 53 , 90.5660377358491 , 9.20754716981132 
24-Mar-2010 14:25,201001,BIRMINGHAM,UNITED KINGDOM,NEWCASTLE,EASTERN AIRWAYS,D,S, 48 , 0 , 79.1666666666667 , 8.33333333333333 , 10.4166666666667 , 2.08333333333333 , 0 , 0 , 9.125 , 13 , 52 , 90.3846153846154 , 9.36538461538462 
24-Mar-2010 14:25,201001,BIRMINGHAM,UNITED KINGDOM,NEWCASTLE,FLYBE LTD,D,C, 0 , 0 , 0 , 0 , 0 , 0 , 0 , 0 , 0 , 0 , 1 , 100 , 14 
24-Mar-2010 14:25,201001,BIRMINGHAM,UNITED KINGDOM,NORWICH,KLM CITYHOPPER,D,S, 0 , 1 , 0 , 0 , 0 , 0 , 0 , 0 , 0 , 0 , 0 , 0 , 0 
24-Mar-2010 14:25,201001,BIRMINGHAM,USA,CHICAGO (O'HARE),AMERICAN AIRLINES,A,S, 0 , 1 , 0 , 0 , 0 , 0 , 0 , 0 , 0 , 0 , 0 , 0 , 0 
24-Mar-2010 14:25,201001,BIRMINGHAM,USA,CHICAGO (O'HARE),AMERICAN AIRLINES,D,S, 0 , 1 , 0 , 0 , 0 , 0 , 0 , 0 , 0 , 0 , 0 , 0 , 0 
24-Mar-2010 14:25,201001,BIRMINGHAM,USA,CHICAGO (O'HARE),BRITISH AIRWAYS PLC,A,S, 0 , 1 , 0 , 0 , 0 , 0 , 0 , 0 , 0 , 0 , 0 , 0 , 0 
24-Mar-2010 14:25,201001,BIRMINGHAM,USA,HOUSTON,BRITISH AIRWAYS PLC,A,S, 0 , 1 , 0 , 0 , 0 , 0 , 0 , 0 , 0 , 0 , 0 , 0 , 0 
24-Mar-2010 14:25,201001,BIRMINGHAM,USA,MIAMI INTERNATIONAL,BRITISH AIRWAYS PLC,A,S, 0 , 1 , 0 , 0 , 0 , 0 , 0 , 0 , 0 , 0 , 0 , 0 , 0 
24-Mar-2010 14:25,201001,BIRMINGHAM,USA,MIAMI INTERNATIONAL,THOMSON AIRWAYS LTD,A,C, 0 , 0 , 0 , 0 , 0 , 0 , 0 , 0 , 0 , 0 , 1 , 100 , 0 
24-Mar-2010 14:25,201001,BIRMINGHAM,USA,MIAMI INTERNATIONAL,THOMSON AIRWAYS LTD,D,C, 0 , 0 , 0 , 0 , 0 , 0 , 0 , 0 , 0 , 0 , 1 , 0 , 289 
24-Mar-2010 14:25,201001,BIRMINGHAM,USA,NEW YORK (NEWARK),CONTINENTAL AIRLINES,A,S, 27 , 0 , 66.6666666666667 , 11.1111111111111 , 7.40740740740741 , 11.1111111111111 , 0 , 3.7037037037037 , 31.4814814814815 , 0 , 31 , 77.4193548387097 , 10.8064516129032 
24-Mar-2010 14:25,201001,BIRMINGHAM,USA,NEW YORK (NEWARK),CONTINENTAL AIRLINES,D,S, 26 , 1 , 61.5384615384615 , 15.3846153846154 , 15.3846153846154 , 0 , 0 , 7.69230769230769 , 59.1538461538462 , 1 , 30 , 86.6666666666667 , 9.6 
24-Mar-2010 14:25,201001,BIRMINGHAM,USA,ORLANDO,VIRGIN ATLANTIC AIRWAYS LTD,A,C, 0 , 1 , 0 , 0 , 0 , 0 , 0 , 0 , 0 , 0 , 0 , 0 , 0 
24-Mar-2010 14:25,201001,BIRMINGHAM,USA,ORLANDO,VIRGIN ATLANTIC AIRWAYS LTD,A,S, 0 , 3 , 0 , 0 , 0 , 0 , 0 , 0 , 0 , 0 , 0 , 0 , 0 
24-Mar-2010 14:25,201001,BIRMINGHAM,USA,SANFORD,THOMSON AIRWAYS LTD,A,C, 0 , 1 , 0 , 0 , 0 , 0 , 0 , 0 , 0 , 0 , 0 , 0 , 0 
24-Mar-2010 14:25,201001,EDINBURGH,AUSTRIA,INNSBRUCK,THOMSON AIRWAYS LTD,A,C, 5 , 0 , 40 , 20 , 20 , 20 , 0 , 0 , 28.2 , 0 , 5 , 80 , 17.8 
24-Mar-2010 14:25,201001,EDINBURGH,AUSTRIA,INNSBRUCK,THOMSON AIRWAYS LTD,D,C, 5 , 0 , 20 , 20 , 40 , 20 , 0 , 0 , 39.8 , 0 , 5 , 80 , 20 
24-Mar-2010 14:25,201001,EDINBURGH,BARBADOS,BRIDGETOWN,THOMSON AIRWAYS LTD,D,C, 0 , 0 , 0 , 0 , 0 , 0 , 0 , 0 , 0 , 0 , 1 , 0 , 33 
24-Mar-2010 14:25,201001,EDINBURGH,BELGIUM,BRUSSELS,BMI REGIONAL,A,S, 58 , 0 , 84.4827586206897 , 12.0689655172414 , 3.44827586206897 , 0 , 0 , 0 , 5.10344827586207 , 0 , 60 , 83.3333333333333 , 17.95 
24-Mar-2010 14:25,201001,EDINBURGH,BELGIUM,BRUSSELS,BMI REGIONAL,D,S, 58 , 0 , 70.6896551724138 , 13.7931034482759 , 15.5172413793103 , 0 , 0 , 0 , 11.6724137931034 , 0 , 60 , 85 , 12.75 
24-Mar-2010 14:25,201001,EDINBURGH,BELGIUM,CHARLEROI,RYANAIR,A,S, 13 , 0 , 76.9230769230769 , 23.0769230769231 , 0 , 0 , 0 , 0 , 5.23076923076923 , 0 , 0 , 0 , 0 
24-Mar-2010 14:25,201001,EDINBURGH,BELGIUM,CHARLEROI,RYANAIR,D,S, 13 , 0 , 69.2307692307692 , 7.69230769230769 , 15.3846153846154 , 7.69230769230769 , 0 , 0 , 18.7692307692308 , 0 , 0 , 0 , 0 
24-Mar-2010 14:25,201001,EDINBURGH,BRAZIL,RECIFE,TITAN AIRWAYS LTD,A,C, 1 , 0 , 100 , 0 , 0 , 0 , 0 , 0 , 0 , 0 , 0 , 0 , 0 
24-Mar-2010 14:25,201001,EDINBURGH,BRAZIL,RECIFE,TITAN AIRWAYS LTD,D,C, 1 , 0 , 0 , 100 , 0 , 0 , 0 , 0 , 27 , 0 , 0 , 0 , 0 
24-Mar-2010 14:25,201001,EDINBURGH,BULGARIA,SOFIA,BH AIR,A,C, 5 , 0 , 100 , 0 , 0 , 0 , 0 , 0 , 3.2 , 0 , 4 , 75 , 54.25 
24-Mar-2010 14:25,201001,EDINBURGH,BULGARIA,SOFIA,BH AIR,D,C, 5 , 0 , 100 , 0 , 0 , 0 , 0 , 0 , 5 , 0 , 4 , 75 , 47.5 
24-Mar-2010 14:25,201001,EDINBURGH,CYPRUS,PAPHOS,FLYGLOBESPAN,A,S, 0 , 0 , 0 , 0 , 0 , 0 , 0 , 0 , 0 , 0 , 4 , 50 , 18 
24-Mar-2010 14:25,201001,EDINBURGH,CYPRUS,PAPHOS,FLYGLOBESPAN,D,S, 0 , 0 , 0 , 0 , 0 , 0 , 0 , 0 , 0 , 0 , 4 , 75 , 5.75 
24-Mar-2010 14:25,201001,EDINBURGH,CZECH REPUBLIC,PRAGUE,EASYJET AIRLINE COMPANY LTD,A,S, 0 , 1 , 0 , 0 , 0 , 0 , 0 , 0 , 0 , 0 , 0 , 0 , 0 
24-Mar-2010 14:25,201001,EDINBURGH,CZECH REPUBLIC,PRAGUE,JET2.COM LTD,A,S, 10 , 0 , 40 , 20 , 10 , 20 , 10 , 0 , 49.4 , 0 , 11 , 45.4545454545455 , 20 
24-Mar-2010 14:25,201001,EDINBURGH,CZECH REPUBLIC,PRAGUE,JET2.COM LTD,D,S, 10 , 0 , 70 , 0 , 20 , 10 , 0 , 0 , 20.7 , 0 , 11 , 72.7272727272727 , 14.2727272727273 
24-Mar-2010 14:25,201001,EDINBURGH,DENMARK,BILLUND,RYANAIR,A,S, 12 , 0 , 50 , 16.6666666666667 , 8.33333333333333 , 16.6666666666667 , 8.33333333333333 , 0 , 42.25 , 0 , 13 , 92.3076923076923 , 3.76923076923077 
24-Mar-2010 14:25,201001,EDINBURGH,DENMARK,BILLUND,RYANAIR,D,S, 12 , 0 , 16.6666666666667 , 16.6666666666667 , 41.6666666666667 , 16.6666666666667 , 8.33333333333333 , 0 , 63 , 0 , 13 , 38.4615384615385 , 23.8461538461538 
24-Mar-2010 14:25,201001,EDINBURGH,DENMARK,COPENHAGEN,BMI REGIONAL,A,S, 38 , 0 , 63.1578947368421 , 10.5263157894737 , 13.1578947368421 , 13.1578947368421 , 0 , 0 , 22.6842105263158 , 0 , 49 , 97.9591836734694 , 1 
24-Mar-2010 14:25,201001,EDINBURGH,DENMARK,COPENHAGEN,BMI REGIONAL,D,S, 38 , 0 , 71.0526315789474 , 10.5263157894737 , 7.89473684210526 , 7.89473684210526 , 2.63157894736842 , 0 , 21.8947368421053 , 0 , 49 , 97.9591836734694 , 2.6530612244898 
24-Mar-2010 14:25,201001,EDINBURGH,DENMARK,COPENHAGEN,CIMBER AIR A/S,A,S, 0 , 1 , 0 , 0 , 0 , 0 , 0 , 0 , 0 , 0 , 0 , 0 , 0 
24-Mar-2010 14:25,201001,EDINBURGH,DENMARK,COPENHAGEN,NORWEGIAN AIR SHUTTLE,A,S, 7 , 0 , 71.4285714285714 , 14.2857142857143 , 14.2857142857143 , 0 , 0 , 0 , 9.71428571428571 , 0 , 0 , 0 , 0 
24-Mar-2010 14:25,201001,EDINBURGH,DENMARK,COPENHAGEN,NORWEGIAN AIR SHUTTLE,D,S, 7 , 0 , 71.4285714285714 , 14.2857142857143 , 14.2857142857143 , 0 , 0 , 0 , 9.71428571428571 , 0 , 0 , 0 , 0 
24-Mar-2010 14:25,201001,EDINBURGH,DENMARK,ESBJERG,BMI REGIONAL,A,S, 0 , 1 , 0 , 0 , 0 , 0 , 0 , 0 , 0 , 0 , 0 , 0 , 0 
24-Mar-2010 14:25,201001,EDINBURGH,EGYPT,SHARM EL SHEIKH (OPHIRA),FLYGLOBESPAN,A,S, 0 , 0 , 0 , 0 , 0 , 0 , 0 , 0 , 0 , 0 , 4 , 75 , 15.5 
24-Mar-2010 14:25,201001,EDINBURGH,EGYPT,SHARM EL SHEIKH (OPHIRA),FLYGLOBESPAN,D,S, 0 , 0 , 0 , 0 , 0 , 0 , 0 , 0 , 0 , 0 , 4 , 100 , 5.75 
24-Mar-2010 14:25,201001,EDINBURGH,FRANCE,BEAUVAIS,RYANAIR,A,S, 0 , 1 , 0 , 0 , 0 , 0 , 0 , 0 , 0 , 0 , 0 , 0 , 0 
24-Mar-2010 14:25,201001,EDINBURGH,FRANCE,CANNES,NETJETS TRANSPORTES AEREOS,A,C, 0 , 1 , 0 , 0 , 0 , 0 , 0 , 0 , 0 , 0 , 0 , 0 , 0 
24-Mar-2010 14:25,201001,EDINBURGH,FRANCE,CANNES,NETJETS TRANSPORTES AEREOS,D,C, 0 , 1 , 0 , 0 , 0 , 0 , 0 , 0 , 0 , 0 , 0 , 0 , 0 
24-Mar-2010 14:25,201001,EDINBURGH,FRANCE,CHAMBERY,JET2.COM LTD,A,C, 5 , 0 , 0 , 20 , 0 , 40 , 20 , 20 , 416.8 , 0 , 5 , 0 , 204 
24-Mar-2010 14:25,201001,EDINBURGH,FRANCE,CHAMBERY,JET2.COM LTD,A,S, 6 , 0 , 0 , 16.6666666666667 , 16.6666666666667 , 33.3333333333333 , 16.6666666666667 , 16.6666666666667 , 155 , 2 , 9 , 11.1111111111111 , 70.2222222222222 
24-Mar-2010 14:25,201001,EDINBURGH,FRANCE,CHAMBERY,JET2.COM LTD,D,C, 5 , 0 , 20 , 20 , 20 , 40 , 0 , 0 , 44 , 0 , 5 , 40 , 36.2 
24-Mar-2010 14:25,201001,EDINBURGH,FRANCE,CHAMBERY,JET2.COM LTD,D,S, 6 , 0 , 33.3333333333333 , 16.6666666666667 , 16.6666666666667 , 16.6666666666667 , 16.6666666666667 , 0 , 71.6666666666667 , 1 , 9 , 55.5555555555556 , 19 
24-Mar-2010 14:25,201001,EDINBURGH,FRANCE,GRENOBLE,RYANAIR,A,S, 5 , 0 , 60 , 0 , 0 , 20 , 20 , 0 , 72.6 , 0 , 5 , 60 , 12 
24-Mar-2010 14:25,201001,EDINBURGH,FRANCE,GRENOBLE,RYANAIR,D,S, 5 , 0 , 40 , 20 , 0 , 40 , 0 , 0 , 51.6 , 0 , 5 , 60 , 15.2 
24-Mar-2010 14:25,201001,EDINBURGH,FRANCE,LYON,EASYJET AIRLINE COMPANY LTD,A,S, 12 , 0 , 83.3333333333333 , 8.33333333333333 , 8.33333333333333 , 0 , 0 , 0 , 4.58333333333333 , 1 , 0 , 0 , 0 
24-Mar-2010 14:25,201001,EDINBURGH,FRANCE,LYON,EASYJET AIRLINE COMPANY LTD,D,S, 13 , 0 , 84.6153846153846 , 7.69230769230769 , 7.69230769230769 , 0 , 0 , 0 , 6.61538461538462 , 0 , 0 , 0 , 0 
24-Mar-2010 14:25,201001,EDINBURGH,FRANCE,PARIS (CHARLES DE GAULLE),BRIT AIR,A,S, 0 , 1 , 0 , 0 , 0 , 0 , 0 , 0 , 0 , 0 , 0 , 0 , 0 
24-Mar-2010 14:25,201001,EDINBURGH,FRANCE,PARIS (CHARLES DE GAULLE),BRIT AIR,D,S, 0 , 1 , 0 , 0 , 0 , 0 , 0 , 0 , 0 , 0 , 0 , 0 , 0 
24-Mar-2010 14:25,201001,EDINBURGH,FRANCE,PARIS (CHARLES DE GAULLE),CITY JET,A,S, 101 , 2 , 63.3663366336634 , 18.8118811881188 , 11.8811881188119 , 5.94059405940594 , 0 , 0 , 16.5544554455446 , 0 , 120 , 72.5 , 16.375 
24-Mar-2010 14:25,201001,EDINBURGH,FRANCE,PARIS (CHARLES DE GAULLE),CITY JET,D,S, 101 , 0 , 55.4455445544554 , 21.7821782178218 , 12.8712871287129 , 9.9009900990099 , 0 , 0 , 20.960396039604 , 0 , 121 , 75.2066115702479 , 16.5289256198347 
24-Mar-2010 14:25,201001,EDINBURGH,FRANCE,PARIS (CHARLES DE GAULLE),EASYJET AIRLINE COMPANY LTD,A,S, 18 , 0 , 66.6666666666667 , 16.6666666666667 , 0 , 16.6666666666667 , 0 , 0 , 25.7222222222222 , 0 , 23 , 82.6086956521739 , 21.6521739130435 
24-Mar-2010 14:25,201001,EDINBURGH,FRANCE,PARIS (CHARLES DE GAULLE),EASYJET AIRLINE COMPANY LTD,D,S, 18 , 0 , 66.6666666666667 , 16.6666666666667 , 5.55555555555556 , 11.1111111111111 , 0 , 0 , 23.6666666666667 , 0 , 22 , 72.7272727272727 , 11.7727272727273 
24-Mar-2010 14:25,201001,EDINBURGH,FRANCE,PARIS (CHARLES DE GAULLE),REGIONAL COMPAGNIE AERIENNE EUROPEENNE,A,C, 1 , 0 , 100 , 0 , 0 , 0 , 0 , 0 , 5 , 0 , 0 , 0 , 0 
24-Mar-2010 14:25,201001,EDINBURGH,GERMANY,BERLIN (SCHONEFELD),RYANAIR,A,S, 17 , 0 , 11.7647058823529 , 17.6470588235294 , 41.1764705882353 , 29.4117647058824 , 0 , 0 , 52.5882352941176 , 1 , 17 , 41.1764705882353 , 24.0588235294118 
24-Mar-2010 14:25,201001,EDINBURGH,GERMANY,BERLIN (SCHONEFELD),RYANAIR,D,S, 17 , 0 , 64.7058823529412 , 17.6470588235294 , 5.88235294117647 , 11.7647058823529 , 0 , 0 , 19.8823529411765 , 1 , 17 , 100 , 2.58823529411765 
24-Mar-2010 14:25,201001,EDINBURGH,GERMANY,BREMEN,RYANAIR,A,S, 18 , 0 , 44.4444444444444 , 22.2222222222222 , 5.55555555555556 , 27.7777777777778 , 0 , 0 , 36.6666666666667 , 0 , 17 , 70.5882352941177 , 16.0588235294118 
24-Mar-2010 14:25,201001,EDINBURGH,GERMANY,BREMEN,RYANAIR,D,S, 18 , 0 , 66.6666666666667 , 0 , 16.6666666666667 , 16.6666666666667 , 0 , 0 , 27.6111111111111 , 0 , 17 , 70.5882352941177 , 15.0588235294118 
24-Mar-2010 14:25,201001,EDINBURGH,GERMANY,FRANKFURT MAIN,LUFTHANSA,A,S, 31 , 0 , 38.7096774193548 , 22.5806451612903 , 25.8064516129032 , 12.9032258064516 , 0 , 0 , 31.6774193548387 , 0 , 62 , 80.6451612903226 , 10.7258064516129 
24-Mar-2010 14:25,201001,EDINBURGH,GERMANY,FRANKFURT MAIN,LUFTHANSA,D,S, 31 , 0 , 41.9354838709677 , 16.1290322580645 , 29.0322580645161 , 12.9032258064516 , 0 , 0 , 32.741935483871 , 0 , 61 , 78.6885245901639 , 13.8852459016393 
24-Mar-2010 14:25,201001,EDINBURGH,GERMANY,HAHN,RYANAIR,A,S, 18 , 0 , 0 , 50 , 33.3333333333333 , 16.6666666666667 , 0 , 0 , 38.8888888888889 , 0 , 14 , 92.8571428571429 , 1.78571428571429 
24-Mar-2010 14:25,201001,EDINBURGH,GERMANY,HAHN,RYANAIR,D,S, 18 , 0 , 38.8888888888889 , 22.2222222222222 , 27.7777777777778 , 11.1111111111111 , 0 , 0 , 29.3333333333333 , 0 , 14 , 85.7142857142857 , 7.5 
24-Mar-2010 14:25,201001,EDINBURGH,GERMANY,MEMMINGEN ALLGAU,RYANAIR,A,S, 13 , 0 , 76.9230769230769 , 7.69230769230769 , 7.69230769230769 , 7.69230769230769 , 0 , 0 , 16.1538461538462 , 0 , 0 , 0 , 0 
24-Mar-2010 14:25,201001,EDINBURGH,GERMANY,MEMMINGEN ALLGAU,RYANAIR,D,S, 13 , 0 , 53.8461538461538 , 23.0769230769231 , 15.3846153846154 , 7.69230769230769 , 0 , 0 , 21.3076923076923 , 0 , 0 , 0 , 0 
24-Mar-2010 14:25,201001,EDINBURGH,GERMANY,MUNICH,EASYJET AIRLINE COMPANY LTD,A,S, 21 , 0 , 57.1428571428571 , 19.047619047619 , 9.52380952380952 , 14.2857142857143 , 0 , 0 , 31.7142857142857 , 0 , 20 , 90 , 2.65 
24-Mar-2010 14:25,201001,EDINBURGH,GERMANY,MUNICH,EASYJET AIRLINE COMPANY LTD,D,S, 21 , 0 , 66.6666666666667 , 23.8095238095238 , 0 , 9.52380952380952 , 0 , 0 , 18.1904761904762 , 0 , 20 , 90 , 3.7 
24-Mar-2010 14:25,201001,EDINBURGH,GERMANY,NIEDERRHEIN,RYANAIR,A,S, 17 , 0 , 47.0588235294118 , 17.6470588235294 , 23.5294117647059 , 11.7647058823529 , 0 , 0 , 24.2352941176471 , 1 , 17 , 88.2352941176471 , 11.7647058823529 
24-Mar-2010 14:25,201001,EDINBURGH,GERMANY,NIEDERRHEIN,RYANAIR,D,S, 18 , 0 , 55.5555555555556 , 27.7777777777778 , 5.55555555555556 , 11.1111111111111 , 0 , 0 , 17.9444444444444 , 0 , 17 , 76.4705882352941 , 14.3529411764706 
24-Mar-2010 14:25,201001,EDINBURGH,IRISH REPUBLIC,CORK,AER ARANN,A,S, 25 , 0 , 44 , 28 , 12 , 12 , 0 , 4 , 42.88 , 1 , 26 , 80.7692307692308 , 18.0384615384615 
24-Mar-2010 14:25,201001,EDINBURGH,IRISH REPUBLIC,CORK,AER ARANN,D,S, 25 , 0 , 52 , 20 , 12 , 12 , 0 , 4 , 40.36 , 1 , 25 , 80 , 16.96 
24-Mar-2010 14:25,201001,EDINBURGH,IRISH REPUBLIC,DUBLIN,AER LINGUS,A,S, 32 , 0 , 43.75 , 9.375 , 25 , 18.75 , 3.125 , 0 , 33.78125 , 5 , 53 , 90.5660377358491 , 4.75471698113208 
24-Mar-2010 14:25,201001,EDINBURGH,IRISH REPUBLIC,DUBLIN,AER LINGUS,D,S, 32 , 0 , 43.75 , 9.375 , 21.875 , 21.875 , 3.125 , 0 , 38.90625 , 5 , 53 , 94.3396226415094 , 4.18867924528302 
24-Mar-2010 14:25,201001,EDINBURGH,IRISH REPUBLIC,DUBLIN,RYANAIR,A,S, 73 , 0 , 69.8630136986301 , 9.58904109589041 , 15.0684931506849 , 4.10958904109589 , 1.36986301369863 , 0 , 17.3698630136986 , 2 , 92 , 91.304347826087 , 4.54347826086957 
24-Mar-2010 14:25,201001,EDINBURGH,IRISH REPUBLIC,DUBLIN,RYANAIR,D,S, 73 , 0 , 53.4246575342466 , 17.8082191780822 , 20.5479452054795 , 6.84931506849315 , 1.36986301369863 , 0 , 25.1369863013699 , 2 , 92 , 90.2173913043478 , 6.53260869565217 
24-Mar-2010 14:25,201001,EDINBURGH,IRISH REPUBLIC,GALWAY,AER ARANN,A,S, 18 , 0 , 72.2222222222222 , 22.2222222222222 , 5.55555555555556 , 0 , 0 , 0 , 11.0555555555556 , 0 , 18 , 94.4444444444444 , 3.27777777777778 
24-Mar-2010 14:25,201001,EDINBURGH,IRISH REPUBLIC,GALWAY,AER ARANN,D,S, 18 , 0 , 77.7777777777778 , 16.6666666666667 , 5.55555555555556 , 0 , 0 , 0 , 9 , 0 , 18 , 88.8888888888889 , 4.16666666666667 
24-Mar-2010 14:25,201001,EDINBURGH,IRISH REPUBLIC,SHANNON,RYANAIR,A,S, 17 , 0 , 88.2352941176471 , 5.88235294117647 , 0 , 5.88235294117647 , 0 , 0 , 10.8823529411765 , 1 , 31 , 93.5483870967742 , 4.09677419354839 
24-Mar-2010 14:25,201001,EDINBURGH,IRISH REPUBLIC,SHANNON,RYANAIR,D,S, 17 , 0 , 70.5882352941177 , 11.7647058823529 , 11.7647058823529 , 5.88235294117647 , 0 , 0 , 17.9411764705882 , 1 , 31 , 93.5483870967742 , 5.25806451612903 
24-Mar-2010 14:25,201001,EDINBURGH,ITALY,MILAN (MALPENSA),EASYJET AIRLINE COMPANY LTD,A,S, 19 , 0 , 73.6842105263158 , 10.5263157894737 , 0 , 15.7894736842105 , 0 , 0 , 22.1578947368421 , 0 , 22 , 68.1818181818182 , 20.5 
24-Mar-2010 14:25,201001,EDINBURGH,ITALY,MILAN (MALPENSA),EASYJET AIRLINE COMPANY LTD,D,S, 19 , 0 , 63.1578947368421 , 0 , 21.0526315789474 , 15.7894736842105 , 0 , 0 , 30 , 0 , 22 , 68.1818181818182 , 33.1818181818182 
24-Mar-2010 14:25,201001,EDINBURGH,ITALY,MILAN (MALPENSA),THOMSON AIRWAYS LTD,A,C, 0 , 0 , 0 , 0 , 0 , 0 , 0 , 0 , 0 , 0 , 1 , 100 , 0 
24-Mar-2010 14:25,201001,EDINBURGH,ITALY,MILAN (MALPENSA),THOMSON AIRWAYS LTD,D,C, 0 , 0 , 0 , 0 , 0 , 0 , 0 , 0 , 0 , 0 , 1 , 0 , 151 
24-Mar-2010 14:25,201001,EDINBURGH,ITALY,PISA,RYANAIR,A,S, 9 , 0 , 55.5555555555556 , 22.2222222222222 , 0 , 22.2222222222222 , 0 , 0 , 31.2222222222222 , 0 , 14 , 100 , 2.57142857142857 
24-Mar-2010 14:25,201001,EDINBURGH,ITALY,PISA,RYANAIR,D,S, 9 , 0 , 66.6666666666667 , 0 , 11.1111111111111 , 22.2222222222222 , 0 , 0 , 26.1111111111111 , 0 , 14 , 78.5714285714286 , 8.78571428571429 
24-Mar-2010 14:25,201001,EDINBURGH,ITALY,ROME (CIAMPINO),NETJETS TRANSPORTES AEREOS,D,C, 0 , 1 , 0 , 0 , 0 , 0 , 0 , 0 , 0 , 0 , 0 , 0 , 0 
24-Mar-2010 14:25,201001,EDINBURGH,ITALY,ROME (CIAMPINO),RYANAIR,A,S, 17 , 0 , 17.6470588235294 , 35.2941176470588 , 41.1764705882353 , 5.88235294117647 , 0 , 0 , 35.9411764705882 , 0 , 0 , 0 , 0 
24-Mar-2010 14:25,201001,EDINBURGH,ITALY,ROME (CIAMPINO),RYANAIR,D,S, 17 , 0 , 76.4705882352941 , 17.6470588235294 , 5.88235294117647 , 0 , 0 , 0 , 8.58823529411765 , 0 , 0 , 0 , 0 
24-Mar-2010 14:25,201001,EDINBURGH,ITALY,ROME (FIUMICINO),THOMSON AIRWAYS LTD,A,C, 0 , 0 , 0 , 0 , 0 , 0 , 0 , 0 , 0 , 0 , 1 , 0 , 38 
24-Mar-2010 14:25,201001,EDINBURGH,ITALY,ROME (FIUMICINO),THOMSON AIRWAYS LTD,D,C, 0 , 0 , 0 , 0 , 0 , 0 , 0 , 0 , 0 , 0 , 1 , 100 , 8 
24-Mar-2010 14:25,201001,EDINBURGH,ITALY,TURIN,RYANAIR,A,S, 0 , 0 , 0 , 0 , 0 , 0 , 0 , 0 , 0 , 0 , 5 , 40 , 26.6 
24-Mar-2010 14:25,201001,EDINBURGH,ITALY,TURIN,RYANAIR,D,S, 0 , 0 , 0 , 0 , 0 , 0 , 0 , 0 , 0 , 0 , 5 , 20 , 19.6 
24-Mar-2010 14:25,201001,EDINBURGH,JAMAICA,MONTEGO BAY,THOMSON AIRWAYS LTD,D,C, 1 , 0 , 100 , 0 , 0 , 0 , 0 , 0 , 6 , 0 , 1 , 100 , 13 
24-Mar-2010 14:25,201001,EDINBURGH,MALTA,MALTA,RYANAIR,A,S, 9 , 0 , 77.7777777777778 , 0 , 11.1111111111111 , 11.1111111111111 , 0 , 0 , 14.8888888888889 , 0 , 0 , 0 , 0 
24-Mar-2010 14:25,201001,EDINBURGH,MALTA,MALTA,RYANAIR,D,S, 9 , 0 , 55.5555555555556 , 22.2222222222222 , 11.1111111111111 , 11.1111111111111 , 0 , 0 , 21.3333333333333 , 0 , 0 , 0 , 0 
24-Mar-2010 14:25,201001,EDINBURGH,MEXICO,ACAPULCO,THOMSON AIRWAYS LTD,D,C, 1 , 0 , 100 , 0 , 0 , 0 , 0 , 0 , 0 , 0 , 0 , 0 , 0 
24-Mar-2010 14:25,201001,EDINBURGH,NETHERLANDS,AMSTERDAM,EASYJET AIRLINE COMPANY LTD,A,S, 28 , 0 , 64.2857142857143 , 3.57142857142857 , 7.14285714285714 , 25 , 0 , 0 , 35.3214285714286 , 0 , 31 , 96.7741935483871 , 1.93548387096774 
24-Mar-2010 14:25,201001,EDINBURGH,NETHERLANDS,AMSTERDAM,EASYJET AIRLINE COMPANY LTD,D,S, 28 , 0 , 67.8571428571429 , 7.14285714285714 , 7.14285714285714 , 17.8571428571429 , 0 , 0 , 25 , 0 , 31 , 96.7741935483871 , 4.29032258064516 
24-Mar-2010 14:25,201001,EDINBURGH,NETHERLANDS,AMSTERDAM,KLM,A,S, 86 , 1 , 74.4186046511628 , 10.4651162790698 , 4.65116279069767 , 9.30232558139535 , 1.16279069767442 , 0 , 18.046511627907 , 2 , 92 , 93.4782608695652 , 4.84782608695652 
24-Mar-2010 14:25,201001,EDINBURGH,NETHERLANDS,AMSTERDAM,KLM,D,S, 85 , 0 , 90.5882352941177 , 3.52941176470588 , 3.52941176470588 , 2.35294117647059 , 0 , 0 , 7.98823529411765 , 2 , 91 , 95.6043956043956 , 3.56043956043956 
24-Mar-2010 14:25,201001,EDINBURGH,NETHERLANDS,AMSTERDAM,KLM CITYHOPPER,A,S, 35 , 0 , 80 , 17.1428571428571 , 0 , 2.85714285714286 , 0 , 0 , 8.05714285714286 , 0 , 30 , 93.3333333333333 , 5.6 
24-Mar-2010 14:25,201001,EDINBURGH,NETHERLANDS,AMSTERDAM,KLM CITYHOPPER,D,S, 35 , 0 , 77.1428571428571 , 14.2857142857143 , 5.71428571428571 , 2.85714285714286 , 0 , 0 , 10.0571428571429 , 0 , 30 , 86.6666666666667 , 6.03333333333333 
24-Mar-2010 14:25,201001,EDINBURGH,NORWAY,OSLO (GARDERMOEN),NORWEGIAN AIR SHUTTLE,A,S, 13 , 0 , 69.2307692307692 , 23.0769230769231 , 0 , 7.69230769230769 , 0 , 0 , 15.3846153846154 , 0 , 12 , 66.6666666666667 , 11.5833333333333 
24-Mar-2010 14:25,201001,EDINBURGH,NORWAY,OSLO (GARDERMOEN),NORWEGIAN AIR SHUTTLE,D,S, 13 , 0 , 46.1538461538462 , 30.7692307692308 , 15.3846153846154 , 7.69230769230769 , 0 , 0 , 21.7692307692308 , 0 , 12 , 66.6666666666667 , 13 
24-Mar-2010 14:25,201001,EDINBURGH,NORWAY,SANDEFJORD(TORP),RYANAIR,A,S, 14 , 0 , 42.8571428571429 , 7.14285714285714 , 21.4285714285714 , 28.5714285714286 , 0 , 0 , 44.3571428571429 , 0 , 0 , 0 , 0 
24-Mar-2010 14:25,201001,EDINBURGH,NORWAY,SANDEFJORD(TORP),RYANAIR,D,S, 14 , 0 , 42.8571428571429 , 7.14285714285714 , 21.4285714285714 , 21.4285714285714 , 7.14285714285714 , 0 , 47.9285714285714 , 0 , 0 , 0 , 0 
24-Mar-2010 14:25,201001,EDINBURGH,NORWAY,STAVANGER,EASTERN AIRWAYS,A,S, 0 , 1 , 0 , 0 , 0 , 0 , 0 , 0 , 0 , 0 , 0 , 0 , 0 
24-Mar-2010 14:25,201001,EDINBURGH,POLAND,GDANSK,RYANAIR,A,S, 13 , 0 , 92.3076923076923 , 7.69230769230769 , 0 , 0 , 0 , 0 , 2.53846153846154 , 2 , 0 , 0 , 0 
24-Mar-2010 14:25,201001,EDINBURGH,POLAND,GDANSK,RYANAIR,D,S, 13 , 0 , 61.5384615384615 , 23.0769230769231 , 7.69230769230769 , 7.69230769230769 , 0 , 0 , 14.3076923076923 , 0 , 0 , 0 , 0 
24-Mar-2010 14:25,201001,EDINBURGH,POLAND,KRAKOW,EASYJET AIRLINE COMPANY LTD,A,S, 12 , 0 , 41.6666666666667 , 25 , 33.3333333333333 , 0 , 0 , 0 , 26.3333333333333 , 0 , 13 , 69.2307692307692 , 10.1538461538462 
24-Mar-2010 14:25,201001,EDINBURGH,POLAND,KRAKOW,EASYJET AIRLINE COMPANY LTD,D,S, 13 , 0 , 76.9230769230769 , 7.69230769230769 , 15.3846153846154 , 0 , 0 , 0 , 13.1538461538462 , 1 , 14 , 85.7142857142857 , 5.64285714285714 
24-Mar-2010 14:25,201001,EDINBURGH,POLAND,KRAKOW,RYANAIR,A,S, 13 , 0 , 38.4615384615385 , 15.3846153846154 , 30.7692307692308 , 15.3846153846154 , 0 , 0 , 29.6153846153846 , 0 , 13 , 69.2307692307692 , 20.6153846153846 
24-Mar-2010 14:25,201001,EDINBURGH,POLAND,KRAKOW,RYANAIR,D,S, 13 , 0 , 69.2307692307692 , 15.3846153846154 , 0 , 15.3846153846154 , 0 , 0 , 16 , 0 , 13 , 76.9230769230769 , 12 
24-Mar-2010 14:25,201001,EDINBURGH,POLAND,LODZ LUBLINEK,RYANAIR,A,S, 9 , 0 , 55.5555555555556 , 11.1111111111111 , 22.2222222222222 , 0 , 11.1111111111111 , 0 , 41.2222222222222 , 0 , 9 , 77.7777777777778 , 14.1111111111111 
24-Mar-2010 14:25,201001,EDINBURGH,POLAND,LODZ LUBLINEK,RYANAIR,D,S, 9 , 0 , 55.5555555555556 , 22.2222222222222 , 11.1111111111111 , 0 , 11.1111111111111 , 0 , 36.3333333333333 , 0 , 9 , 88.8888888888889 , 6.88888888888889 
24-Mar-2010 14:25,201001,EDINBURGH,POLAND,POZNAN,RYANAIR,A,S, 13 , 0 , 23.0769230769231 , 30.7692307692308 , 23.0769230769231 , 23.0769230769231 , 0 , 0 , 37.6923076923077 , 0 , 13 , 100 , 4.30769230769231 
24-Mar-2010 14:25,201001,EDINBURGH,POLAND,POZNAN,RYANAIR,D,S, 13 , 0 , 61.5384615384615 , 0 , 23.0769230769231 , 15.3846153846154 , 0 , 0 , 24.1538461538462 , 0 , 13 , 76.9230769230769 , 8.15384615384615 
24-Mar-2010 14:25,201001,EDINBURGH,POLAND,WROCLAW,RYANAIR,A,S, 0 , 0 , 0 , 0 , 0 , 0 , 0 , 0 , 0 , 0 , 7 , 71.4285714285714 , 9 
24-Mar-2010 14:25,201001,EDINBURGH,POLAND,WROCLAW,RYANAIR,D,S, 0 , 0 , 0 , 0 , 0 , 0 , 0 , 0 , 0 , 0 , 8 , 100 , 1.125 
24-Mar-2010 14:25,201001,EDINBURGH,PORTUGAL(EXCLUDING MADEIRA),FARO,FLYGLOBESPAN,A,S, 0 , 0 , 0 , 0 , 0 , 0 , 0 , 0 , 0 , 0 , 6 , 50 , 24.5 
24-Mar-2010 14:25,201001,EDINBURGH,PORTUGAL(EXCLUDING MADEIRA),FARO,FLYGLOBESPAN,D,S, 0 , 0 , 0 , 0 , 0 , 0 , 0 , 0 , 0 , 0 , 6 , 50 , 33.8333333333333 
24-Mar-2010 14:25,201001,EDINBURGH,PORTUGAL(MADEIRA),FUNCHAL,FLYGLOBESPAN,A,S, 0 , 0 , 0 , 0 , 0 , 0 , 0 , 0 , 0 , 0 , 4 , 50 , 21.5 
24-Mar-2010 14:25,201001,EDINBURGH,PORTUGAL(MADEIRA),FUNCHAL,FLYGLOBESPAN,D,S, 0 , 0 , 0 , 0 , 0 , 0 , 0 , 0 , 0 , 0 , 4 , 75 , 11.75 
24-Mar-2010 14:25,201001,EDINBURGH,RUSSIA,MOSCOW (SHEREMETYEVO),DELTA AIRLINES,D,S, 0 , 1 , 0 , 0 , 0 , 0 , 0 , 0 , 0 , 0 , 0 , 0 , 0 
24-Mar-2010 14:25,201001,EDINBURGH,SLOVAK REPUBLIC,BRATISLAVA,RYANAIR,A,S, 9 , 0 , 88.8888888888889 , 0 , 0 , 0 , 11.1111111111111 , 0 , 24.1111111111111 , 0 , 13 , 92.3076923076923 , 2.15384615384615 
24-Mar-2010 14:25,201001,EDINBURGH,SLOVAK REPUBLIC,BRATISLAVA,RYANAIR,D,S, 9 , 0 , 77.7777777777778 , 22.2222222222222 , 0 , 0 , 0 , 0 , 7.88888888888889 , 0 , 13 , 100 , 1.61538461538462 
24-Mar-2010 14:25,201001,EDINBURGH,SPAIN,ALICANTE,FLYGLOBESPAN,A,S, 0 , 0 , 0 , 0 , 0 , 0 , 0 , 0 , 0 , 0 , 11 , 63.6363636363636 , 16 
24-Mar-2010 14:25,201001,EDINBURGH,SPAIN,ALICANTE,FLYGLOBESPAN,D,S, 0 , 0 , 0 , 0 , 0 , 0 , 0 , 0 , 0 , 0 , 11 , 81.8181818181818 , 15.9090909090909 
24-Mar-2010 14:25,201001,EDINBURGH,SPAIN,ALICANTE,RYANAIR,A,S, 9 , 0 , 88.8888888888889 , 0 , 0 , 11.1111111111111 , 0 , 0 , 13 , 0 , 0 , 0 , 0 
24-Mar-2010 14:25,201001,EDINBURGH,SPAIN,ALICANTE,RYANAIR,D,S, 9 , 0 , 55.5555555555556 , 11.1111111111111 , 22.2222222222222 , 11.1111111111111 , 0 , 0 , 23.7777777777778 , 0 , 0 , 0 , 0 
24-Mar-2010 14:25,201001,EDINBURGH,SPAIN,BARCELONA,FLYBE LTD,A,C, 1 , 0 , 0 , 100 , 0 , 0 , 0 , 0 , 19 , 0 , 0 , 0 , 0 
24-Mar-2010 14:25,201001,EDINBURGH,SPAIN,BARCELONA,FLYBE LTD,D,C, 1 , 0 , 0 , 0 , 100 , 0 , 0 , 0 , 37 , 0 , 0 , 0 , 0 
24-Mar-2010 14:25,201001,EDINBURGH,SPAIN,GERONA,RYANAIR,A,S, 12 , 0 , 91.6666666666667 , 0 , 8.33333333333333 , 0 , 0 , 0 , 5.16666666666667 , 1 , 0 , 0 , 0 
24-Mar-2010 14:25,201001,EDINBURGH,SPAIN,GERONA,RYANAIR,D,S, 12 , 0 , 58.3333333333333 , 16.6666666666667 , 8.33333333333333 , 16.6666666666667 , 0 , 0 , 32.5 , 1 , 0 , 0 , 0 
24-Mar-2010 14:25,201001,EDINBURGH,SPAIN,MADRID,BRITISH AIRWAYS PLC,A,S, 0 , 1 , 0 , 0 , 0 , 0 , 0 , 0 , 0 , 0 , 0 , 0 , 0 
24-Mar-2010 14:25,201001,EDINBURGH,SPAIN,MADRID,EASYJET AIRLINE COMPANY LTD,A,S, 29 , 0 , 37.9310344827586 , 27.5862068965517 , 3.44827586206897 , 27.5862068965517 , 3.44827586206897 , 0 , 39.1724137931034 , 0 , 28 , 78.5714285714286 , 18.3928571428571 
24-Mar-2010 14:25,201001,EDINBURGH,SPAIN,MADRID,EASYJET AIRLINE COMPANY LTD,D,S, 29 , 0 , 31.0344827586207 , 27.5862068965517 , 3.44827586206897 , 34.4827586206897 , 3.44827586206897 , 0 , 50.9310344827586 , 1 , 27 , 66.6666666666667 , 23.5555555555556 
24-Mar-2010 14:25,201001,EDINBURGH,SPAIN,MADRID,JET2.COM LTD,A,C, 0 , 0 , 0 , 0 , 0 , 0 , 0 , 0 , 0 , 0 , 1 , 0 , 22 
24-Mar-2010 14:25,201001,EDINBURGH,SPAIN,MADRID,JET2.COM LTD,D,C, 0 , 0 , 0 , 0 , 0 , 0 , 0 , 0 , 0 , 0 , 1 , 100 , 2 
24-Mar-2010 14:25,201001,EDINBURGH,SPAIN,MALAGA,FLYGLOBESPAN,A,S, 0 , 0 , 0 , 0 , 0 , 0 , 0 , 0 , 0 , 0 , 12 , 66.6666666666667 , 10.9166666666667 
24-Mar-2010 14:25,201001,EDINBURGH,SPAIN,MALAGA,FLYGLOBESPAN,D,S, 0 , 0 , 0 , 0 , 0 , 0 , 0 , 0 , 0 , 0 , 12 , 100 , 2.91666666666667 
24-Mar-2010 14:25,201001,EDINBURGH,SPAIN,MALAGA,RYANAIR,A,S, 13 , 0 , 69.2307692307692 , 0 , 15.3846153846154 , 7.69230769230769 , 7.69230769230769 , 0 , 45 , 0 , 18 , 88.8888888888889 , 2.72222222222222 
24-Mar-2010 14:25,201001,EDINBURGH,SPAIN,MALAGA,RYANAIR,D,S, 13 , 0 , 61.5384615384615 , 23.0769230769231 , 0 , 15.3846153846154 , 0 , 0 , 17.6153846153846 , 0 , 18 , 83.3333333333333 , 5.05555555555556 
24-Mar-2010 14:25,201001,EDINBURGH,SPAIN,PALMA DE MALLORCA,FLYGLOBESPAN,A,S, 0 , 0 , 0 , 0 , 0 , 0 , 0 , 0 , 0 , 0 , 2 , 100 , 0 
24-Mar-2010 14:25,201001,EDINBURGH,SPAIN,PALMA DE MALLORCA,FLYGLOBESPAN,D,S, 0 , 0 , 0 , 0 , 0 , 0 , 0 , 0 , 0 , 0 , 2 , 50 , 9.5 
24-Mar-2010 14:25,201001,EDINBURGH,SPAIN(CANARY ISLANDS),ARRECIFE,FLYGLOBESPAN,A,S, 0 , 0 , 0 , 0 , 0 , 0 , 0 , 0 , 0 , 0 , 4 , 50 , 29 
24-Mar-2010 14:25,201001,EDINBURGH,SPAIN(CANARY ISLANDS),ARRECIFE,FLYGLOBESPAN,D,S, 0 , 0 , 0 , 0 , 0 , 0 , 0 , 0 , 0 , 0 , 4 , 75 , 9.75 
24-Mar-2010 14:25,201001,EDINBURGH,SPAIN(CANARY ISLANDS),ARRECIFE,MONARCH AIRLINES,A,S, 0 , 1 , 0 , 0 , 0 , 0 , 0 , 0 , 0 , 0 , 0 , 0 , 0 
24-Mar-2010 14:25,201001,EDINBURGH,SPAIN(CANARY ISLANDS),ARRECIFE,RYANAIR,A,S, 8 , 0 , 37.5 , 25 , 37.5 , 0 , 0 , 0 , 25 , 1 , 0 , 0 , 0 
24-Mar-2010 14:25,201001,EDINBURGH,SPAIN(CANARY ISLANDS),ARRECIFE,RYANAIR,D,S, 8 , 0 , 50 , 50 , 0 , 0 , 0 , 0 , 11.75 , 1 , 0 , 0 , 0 
24-Mar-2010 14:25,201001,EDINBURGH,SPAIN(CANARY ISLANDS),LAS PALMAS,FLYGLOBESPAN,A,S, 0 , 0 , 0 , 0 , 0 , 0 , 0 , 0 , 0 , 0 , 5 , 0 , 48 
24-Mar-2010 14:25,201001,EDINBURGH,SPAIN(CANARY ISLANDS),LAS PALMAS,FLYGLOBESPAN,D,S, 0 , 0 , 0 , 0 , 0 , 0 , 0 , 0 , 0 , 0 , 5 , 40 , 20.2 
24-Mar-2010 14:25,201001,EDINBURGH,SPAIN(CANARY ISLANDS),LAS PALMAS,RYANAIR,A,S, 9 , 0 , 33.3333333333333 , 11.1111111111111 , 33.3333333333333 , 22.2222222222222 , 0 , 0 , 35.7777777777778 , 0 , 0 , 0 , 0 
24-Mar-2010 14:25,201001,EDINBURGH,SPAIN(CANARY ISLANDS),LAS PALMAS,RYANAIR,D,S, 9 , 0 , 66.6666666666667 , 11.1111111111111 , 11.1111111111111 , 11.1111111111111 , 0 , 0 , 18.2222222222222 , 0 , 0 , 0 , 0 
24-Mar-2010 14:25,201001,EDINBURGH,SPAIN(CANARY ISLANDS),TENERIFE (SURREINA SOFIA),FLYGLOBESPAN,A,S, 0 , 0 , 0 , 0 , 0 , 0 , 0 , 0 , 0 , 0 , 5 , 0 , 26.2 
24-Mar-2010 14:25,201001,EDINBURGH,SPAIN(CANARY ISLANDS),TENERIFE (SURREINA SOFIA),FLYGLOBESPAN,D,S, 0 , 0 , 0 , 0 , 0 , 0 , 0 , 0 , 0 , 0 , 5 , 100 , 8.6 
24-Mar-2010 14:25,201001,EDINBURGH,SPAIN(CANARY ISLANDS),TENERIFE (SURREINA SOFIA),RYANAIR,A,S, 9 , 0 , 66.6666666666667 , 22.2222222222222 , 0 , 11.1111111111111 , 0 , 0 , 21.7777777777778 , 0 , 0 , 0 , 0 
24-Mar-2010 14:25,201001,EDINBURGH,SPAIN(CANARY ISLANDS),TENERIFE (SURREINA SOFIA),RYANAIR,D,S, 9 , 0 , 55.5555555555556 , 33.3333333333333 , 11.1111111111111 , 0 , 0 , 0 , 15.3333333333333 , 0 , 0 , 0 , 0 
24-Mar-2010 14:25,201001,EDINBURGH,SWEDEN,STOCKHOLM (SKAVSTA),RYANAIR,A,S, 17 , 0 , 17.6470588235294 , 29.4117647058824 , 17.6470588235294 , 29.4117647058824 , 5.88235294117647 , 0 , 50.8823529411765 , 0 , 17 , 70.5882352941177 , 9 
24-Mar-2010 14:25,201001,EDINBURGH,SWEDEN,STOCKHOLM (SKAVSTA),RYANAIR,D,S, 17 , 0 , 35.2941176470588 , 11.7647058823529 , 35.2941176470588 , 11.7647058823529 , 5.88235294117647 , 0 , 54.9411764705882 , 0 , 17 , 82.3529411764706 , 7.82352941176471 
24-Mar-2010 14:25,201001,EDINBURGH,SWITZERLAND,GENEVA,EASYJET AIRLINE COMPANY LTD,A,S, 34 , 0 , 41.1764705882353 , 11.7647058823529 , 11.7647058823529 , 29.4117647058824 , 5.88235294117647 , 0 , 54.6176470588235 , 0 , 34 , 73.5294117647059 , 20.6764705882353 
24-Mar-2010 14:25,201001,EDINBURGH,SWITZERLAND,GENEVA,EASYJET AIRLINE COMPANY LTD,D,S, 34 , 0 , 61.7647058823529 , 14.7058823529412 , 5.88235294117647 , 14.7058823529412 , 2.94117647058824 , 0 , 31.6176470588235 , 0 , 35 , 74.2857142857143 , 15.8857142857143 
24-Mar-2010 14:25,201001,EDINBURGH,SWITZERLAND,GENEVA,FLYGLOBESPAN,A,S, 0 , 0 , 0 , 0 , 0 , 0 , 0 , 0 , 0 , 0 , 9 , 44.4444444444444 , 36.8888888888889 
24-Mar-2010 14:25,201001,EDINBURGH,SWITZERLAND,GENEVA,FLYGLOBESPAN,D,S, 0 , 0 , 0 , 0 , 0 , 0 , 0 , 0 , 0 , 0 , 9 , 77.7777777777778 , 10.8888888888889 
24-Mar-2010 14:25,201001,EDINBURGH,SWITZERLAND,GENEVA,JET2.COM LTD,A,C, 5 , 0 , 20 , 20 , 0 , 40 , 20 , 0 , 99.4 , 0 , 4 , 50 , 23.75 
24-Mar-2010 14:25,201001,EDINBURGH,SWITZERLAND,GENEVA,JET2.COM LTD,D,C, 5 , 0 , 60 , 0 , 20 , 0 , 20 , 0 , 49.8 , 0 , 4 , 50 , 42.5 
24-Mar-2010 14:25,201001,EDINBURGH,SWITZERLAND,GENEVA,THOMSON AIRWAYS LTD,A,C, 5 , 0 , 40 , 0 , 0 , 40 , 20 , 0 , 69.8 , 0 , 5 , 0 , 79.6 
24-Mar-2010 14:25,201001,EDINBURGH,SWITZERLAND,GENEVA,THOMSON AIRWAYS LTD,D,C, 5 , 0 , 40 , 0 , 20 , 20 , 20 , 0 , 66.6 , 0 , 5 , 80 , 53 
24-Mar-2010 14:25,201001,EDINBURGH,SWITZERLAND,ZURICH,BMI REGIONAL,A,C, 0 , 1 , 0 , 0 , 0 , 0 , 0 , 0 , 0 , 0 , 0 , 0 , 0 
24-Mar-2010 14:25,201001,EDINBURGH,SWITZERLAND,ZURICH,BMI REGIONAL,A,S, 10 , 0 , 70 , 10 , 0 , 20 , 0 , 0 , 29.9 , 0 , 14 , 85.7142857142857 , 4.21428571428571 
24-Mar-2010 14:25,201001,EDINBURGH,SWITZERLAND,ZURICH,BMI REGIONAL,D,C, 0 , 1 , 0 , 0 , 0 , 0 , 0 , 0 , 0 , 0 , 0 , 0 , 0 
24-Mar-2010 14:25,201001,EDINBURGH,SWITZERLAND,ZURICH,BMI REGIONAL,D,S, 10 , 0 , 90 , 10 , 0 , 0 , 0 , 0 , 4.8 , 0 , 14 , 100 , 1.35714285714286 
24-Mar-2010 14:25,201001,EDINBURGH,UNITED KINGDOM,ABERDEEN,BMI REGIONAL,D,S, 0 , 1 , 0 , 0 , 0 , 0 , 0 , 0 , 0 , 0 , 0 , 0 , 0 
24-Mar-2010 14:25,201001,EDINBURGH,UNITED KINGDOM,ABERDEEN,BRITISH AIRWAYS PLC,D,S, 0 , 1 , 0 , 0 , 0 , 0 , 0 , 0 , 0 , 0 , 0 , 0 , 0 
24-Mar-2010 14:25,201001,EDINBURGH,UNITED KINGDOM,ABERDEEN,EASTERN AIRWAYS,D,S, 0 , 1 , 0 , 0 , 0 , 0 , 0 , 0 , 0 , 0 , 0 , 0 , 0 
24-Mar-2010 14:25,201001,EDINBURGH,UNITED KINGDOM,BELFAST CITY (GEORGE BEST),FLYBE LTD,A,S, 75 , 0 , 72 , 8 , 6.66666666666667 , 5.33333333333333 , 8 , 0 , 35.3866666666667 , 2 , 75 , 92 , 4.74666666666667 
24-Mar-2010 14:25,201001,EDINBURGH,UNITED KINGDOM,BELFAST CITY (GEORGE BEST),FLYBE LTD,D,S, 75 , 0 , 70.6666666666667 , 12 , 9.33333333333333 , 8 , 0 , 0 , 17.8 , 2 , 75 , 92 , 6.24 
24-Mar-2010 14:25,201001,EDINBURGH,UNITED KINGDOM,BELFAST INTERNATIONAL,EASYJET AIRLINE COMPANY LTD,A,S, 74 , 0 , 79.7297297297297 , 10.8108108108108 , 5.40540540540541 , 4.05405405405405 , 0 , 0 , 10.6216216216216 , 1 , 78 , 96.1538461538462 , 3.01282051282051 
24-Mar-2010 14:25,201001,EDINBURGH,UNITED KINGDOM,BELFAST INTERNATIONAL,EASYJET AIRLINE COMPANY LTD,D,S, 74 , 0 , 70.2702702702703 , 16.2162162162162 , 8.10810810810811 , 5.40540540540541 , 0 , 0 , 15.4459459459459 , 1 , 78 , 97.4358974358974 , 2.44871794871795 
24-Mar-2010 14:25,201001,EDINBURGH,UNITED KINGDOM,BIRMINGHAM,BMIBABY LTD,A,S, 29 , 0 , 79.3103448275862 , 10.3448275862069 , 3.44827586206897 , 6.89655172413793 , 0 , 0 , 12.5862068965517 , 7 , 55 , 92.7272727272727 , 4.96363636363636 
24-Mar-2010 14:25,201001,EDINBURGH,UNITED KINGDOM,BIRMINGHAM,BMIBABY LTD,D,S, 29 , 0 , 75.8620689655172 , 13.7931034482759 , 3.44827586206897 , 6.89655172413793 , 0 , 0 , 14.0344827586207 , 7 , 55 , 92.7272727272727 , 6.78181818181818 
24-Mar-2010 14:25,201001,EDINBURGH,UNITED KINGDOM,BIRMINGHAM,FLYBE LTD,A,S, 130 , 1 , 76.9230769230769 , 10.7692307692308 , 7.69230769230769 , 4.61538461538462 , 0 , 0 , 12.4384615384615 , 7 , 129 , 89.922480620155 , 6.69767441860465 
24-Mar-2010 14:25,201001,EDINBURGH,UNITED KINGDOM,BIRMINGHAM,FLYBE LTD,D,S, 131 , 0 , 76.3358778625954 , 6.10687022900763 , 8.3969465648855 , 8.3969465648855 , 0.763358778625954 , 0 , 19.1984732824427 , 6 , 128 , 88.28125 , 6.8359375 
24-Mar-2010 14:25,201001,EDINBURGH,UNITED KINGDOM,BOURNEMOUTH,RYANAIR,A,S, 30 , 0 , 63.3333333333333 , 23.3333333333333 , 10 , 3.33333333333333 , 0 , 0 , 16.2666666666667 , 0 , 56 , 75 , 9.69642857142857 
24-Mar-2010 14:25,201001,EDINBURGH,UNITED KINGDOM,BOURNEMOUTH,RYANAIR,D,S, 30 , 0 , 50 , 20 , 23.3333333333333 , 6.66666666666667 , 0 , 0 , 27.5666666666667 , 0 , 57 , 85.9649122807018 , 6.15789473684211 
24-Mar-2010 14:25,201001,EDINBURGH,UNITED KINGDOM,BRISTOL,EASYJET AIRLINE COMPANY LTD,A,S, 73 , 0 , 69.8630136986301 , 8.21917808219178 , 8.21917808219178 , 12.3287671232877 , 1.36986301369863 , 0 , 21.5068493150685 , 2 , 79 , 78.4810126582279 , 8.51898734177215 
24-Mar-2010 14:25,201001,EDINBURGH,UNITED KINGDOM,BRISTOL,EASYJET AIRLINE COMPANY LTD,D,S, 73 , 0 , 65.7534246575342 , 10.958904109589 , 10.958904109589 , 10.958904109589 , 1.36986301369863 , 0 , 23.1506849315068 , 2 , 79 , 81.0126582278481 , 9.48101265822785 
24-Mar-2010 14:25,201001,EDINBURGH,UNITED KINGDOM,CARDIFF WALES,AIR SOUTHWEST,D,C, 1 , 0 , 100 , 0 , 0 , 0 , 0 , 0 , 1 , 0 , 0 , 0 , 0 
24-Mar-2010 14:25,201001,EDINBURGH,UNITED KINGDOM,CARDIFF WALES,BMIBABY LTD,A,S, 43 , 0 , 88.3720930232558 , 2.32558139534884 , 0 , 9.30232558139535 , 0 , 0 , 8.88372093023256 , 2 , 54 , 98.1481481481482 , 0.87037037037037 
24-Mar-2010 14:25,201001,EDINBURGH,UNITED KINGDOM,CARDIFF WALES,BMIBABY LTD,D,S, 43 , 0 , 81.3953488372093 , 4.65116279069767 , 6.97674418604651 , 6.97674418604651 , 0 , 0 , 11.2325581395349 , 2 , 54 , 98.1481481481482 , 1.75925925925926 
24-Mar-2010 14:25,201001,EDINBURGH,UNITED KINGDOM,CARDIFF WALES,FLYBE LTD,A,S, 54 , 0 , 72.2222222222222 , 9.25925925925926 , 5.55555555555556 , 9.25925925925926 , 1.85185185185185 , 1.85185185185185 , 26.5925925925926 , 2 , 41 , 95.1219512195122 , 5.8780487804878 
24-Mar-2010 14:25,201001,EDINBURGH,UNITED KINGDOM,CARDIFF WALES,FLYBE LTD,D,S, 55 , 0 , 67.2727272727273 , 10.9090909090909 , 7.27272727272727 , 12.7272727272727 , 1.81818181818182 , 0 , 25.7818181818182 , 1 , 42 , 88.0952380952381 , 9.61904761904762 
24-Mar-2010 14:25,201001,EDINBURGH,UNITED KINGDOM,DUNDEE,CITY JET,A,S, 0 , 1 , 0 , 0 , 0 , 0 , 0 , 0 , 0 , 0 , 0 , 0 , 0 
24-Mar-2010 14:25,201001,EDINBURGH,UNITED KINGDOM,EAST MIDLANDS INTERNATIONAL,BMIBABY LTD,A,S, 54 , 3 , 92.5925925925926 , 3.7037037037037 , 0 , 1.85185185185185 , 1.85185185185185 , 0 , 7.37037037037037 , 5 , 68 , 95.5882352941177 , 2.66176470588235 
24-Mar-2010 14:25,201001,EDINBURGH,UNITED KINGDOM,EAST MIDLANDS INTERNATIONAL,BMIBABY LTD,D,S, 54 , 3 , 83.3333333333333 , 9.25925925925926 , 1.85185185185185 , 3.7037037037037 , 1.85185185185185 , 0 , 11 , 5 , 68 , 88.2352941176471 , 5.82352941176471 
24-Mar-2010 14:25,201001,EDINBURGH,UNITED KINGDOM,EXETER,FLYBE LTD,A,S, 45 , 1 , 60 , 11.1111111111111 , 8.88888888888889 , 17.7777777777778 , 2.22222222222222 , 0 , 31.1111111111111 , 1 , 44 , 93.1818181818182 , 3.06818181818182 
24-Mar-2010 14:25,201001,EDINBURGH,UNITED KINGDOM,EXETER,FLYBE LTD,D,S, 45 , 0 , 57.7777777777778 , 13.3333333333333 , 13.3333333333333 , 15.5555555555556 , 0 , 0 , 26.0888888888889 , 1 , 44 , 90.9090909090909 , 9.95454545454546 
24-Mar-2010 14:25,201001,EDINBURGH,UNITED KINGDOM,GATWICK,BRITISH AIRWAYS PLC,A,S, 112 , 0 , 77.6785714285714 , 7.14285714285714 , 8.92857142857143 , 6.25 , 0 , 0 , 12.6517857142857 , 0 , 126 , 88.0952380952381 , 5.58730158730159 
24-Mar-2010 14:25,201001,EDINBURGH,UNITED KINGDOM,GATWICK,BRITISH AIRWAYS PLC,D,S, 112 , 0 , 71.4285714285714 , 8.92857142857143 , 13.3928571428571 , 2.67857142857143 , 2.67857142857143 , 0.892857142857143 , 24.0446428571429 , 0 , 125 , 80.8 , 9.64 
24-Mar-2010 14:25,201001,EDINBURGH,UNITED KINGDOM,GATWICK,EASYJET AIRLINE COMPANY LTD,A,S, 99 , 2 , 66.6666666666667 , 7.07070707070707 , 13.1313131313131 , 13.1313131313131 , 0 , 0 , 23.4747474747475 , 5 , 113 , 87.6106194690266 , 10.2477876106195 
24-Mar-2010 14:25,201001,EDINBURGH,UNITED KINGDOM,GATWICK,EASYJET AIRLINE COMPANY LTD,D,S, 99 , 3 , 62.6262626262626 , 7.07070707070707 , 14.1414141414141 , 16.1616161616162 , 0 , 0 , 26.4141414141414 , 5 , 113 , 84.070796460177 , 12.3982300884956 
24-Mar-2010 14:25,201001,EDINBURGH,UNITED KINGDOM,HEATHROW,BMI BRITISH MIDLAND,A,S, 174 , 1 , 80.4597701149425 , 8.62068965517241 , 5.74712643678161 , 4.59770114942529 , 0.574712643678161 , 0 , 13 , 0 , 214 , 84.1121495327103 , 9.47663551401869 
24-Mar-2010 14:25,201001,EDINBURGH,UNITED KINGDOM,HEATHROW,BMI BRITISH MIDLAND,D,S, 170 , 0 , 75.8823529411765 , 9.41176470588235 , 6.47058823529412 , 7.64705882352941 , 0.588235294117647 , 0 , 15.7470588235294 , 0 , 207 , 84.0579710144928 , 11.4734299516908 
24-Mar-2010 14:25,201001,EDINBURGH,UNITED KINGDOM,HEATHROW,BRITISH AIRWAYS PLC,A,S, 207 , 3 , 80.6763285024155 , 9.66183574879227 , 2.89855072463768 , 5.79710144927536 , 0.966183574879227 , 0 , 14.0966183574879 , 0 , 285 , 83.5087719298246 , 11.4070175438596 
24-Mar-2010 14:25,201001,EDINBURGH,UNITED KINGDOM,HEATHROW,BRITISH AIRWAYS PLC,D,S, 206 , 1 , 74.7572815533981 , 10.1941747572816 , 6.79611650485437 , 7.28155339805825 , 0.970873786407767 , 0 , 15.6407766990291 , 0 , 283 , 83.0388692579505 , 14.530035335689 
24-Mar-2010 14:25,201001,EDINBURGH,UNITED KINGDOM,INVERNESS,LOGANAIR,A,S, 3 , 17 , 66.6666666666667 , 0 , 0 , 33.3333333333333 , 0 , 0 , 28.3333333333333 , 0 , 19 , 78.9473684210526 , 10.6315789473684 
24-Mar-2010 14:25,201001,EDINBURGH,UNITED KINGDOM,INVERNESS,LOGANAIR,D,S, 3 , 17 , 100 , 0 , 0 , 0 , 0 , 0 , 2 , 0 , 23 , 95.6521739130435 , 6 
24-Mar-2010 14:25,201001,EDINBURGH,UNITED KINGDOM,ISLE OF MAN,LOGANAIR,A,S, 22 , 0 , 86.3636363636364 , 0 , 0 , 13.6363636363636 , 0 , 0 , 14.7272727272727 , 0 , 26 , 88.4615384615385 , 13.5 
24-Mar-2010 14:25,201001,EDINBURGH,UNITED KINGDOM,ISLE OF MAN,LOGANAIR,D,S, 20 , 0 , 80 , 5 , 0 , 15 , 0 , 0 , 17.5 , 0 , 26 , 80.7692307692308 , 9.5 
24-Mar-2010 14:25,201001,EDINBURGH,UNITED KINGDOM,JERSEY,FLYBE LTD,A,S, 3 , 0 , 100 , 0 , 0 , 0 , 0 , 0 , 3.33333333333333 , 0 , 2 , 50 , 13 
24-Mar-2010 14:25,201001,EDINBURGH,UNITED KINGDOM,JERSEY,FLYBE LTD,D,S, 3 , 0 , 66.6666666666667 , 33.3333333333333 , 0 , 0 , 0 , 0 , 14 , 0 , 2 , 0 , 20.5 
24-Mar-2010 14:25,201001,EDINBURGH,UNITED KINGDOM,KIRKWALL,LOGANAIR,A,S, 57 , 0 , 84.2105263157895 , 5.26315789473684 , 7.01754385964912 , 0 , 3.50877192982456 , 0 , 14.4035087719298 , 0 , 59 , 89.8305084745763 , 11.6101694915254 
24-Mar-2010 14:25,201001,EDINBURGH,UNITED KINGDOM,KIRKWALL,LOGANAIR,D,S, 60 , 0 , 78.3333333333333 , 6.66666666666667 , 10 , 3.33333333333333 , 1.66666666666667 , 0 , 14.15 , 0 , 60 , 83.3333333333333 , 11.9333333333333 
24-Mar-2010 14:25,201001,EDINBURGH,UNITED KINGDOM,LEEDS BRADFORD,BMI REGIONAL,A,S, 31 , 0 , 67.741935483871 , 16.1290322580645 , 6.45161290322581 , 9.67741935483871 , 0 , 0 , 15.4193548387097 , 0 , 41 , 95.1219512195122 , 2.51219512195122 
24-Mar-2010 14:25,201001,EDINBURGH,UNITED KINGDOM,LEEDS BRADFORD,BMI REGIONAL,D,S, 32 , 0 , 87.5 , 6.25 , 3.125 , 3.125 , 0 , 0 , 7.5 , 0 , 40 , 97.5 , 2 
24-Mar-2010 14:25,201001,EDINBURGH,UNITED KINGDOM,LONDON CITY,BA CITYFLYER LTD,A,S, 136 , 0 , 65.4411764705882 , 12.5 , 11.7647058823529 , 10.2941176470588 , 0 , 0 , 18.1617647058824 , 0 , 142 , 77.4647887323944 , 9.93661971830986 
24-Mar-2010 14:25,201001,EDINBURGH,UNITED KINGDOM,LONDON CITY,BA CITYFLYER LTD,D,S, 135 , 0 , 63.7037037037037 , 8.88888888888889 , 12.5925925925926 , 13.3333333333333 , 1.48148148148148 , 0 , 25.7777777777778 , 0 , 150 , 77.3333333333333 , 13.6466666666667 
24-Mar-2010 14:25,201001,EDINBURGH,UNITED KINGDOM,LONDON CITY,CITY JET,A,S, 130 , 2 , 67.6923076923077 , 17.6923076923077 , 10.7692307692308 , 3.84615384615385 , 0 , 0 , 15.6153846153846 , 0 , 140 , 85.7142857142857 , 8.35714285714286 
24-Mar-2010 14:25,201001,EDINBURGH,UNITED KINGDOM,LONDON CITY,CITY JET,D,S, 132 , 1 , 84.8484848484848 , 6.06060606060606 , 6.06060606060606 , 3.03030303030303 , 0 , 0 , 10.7045454545455 , 0 , 133 , 87.218045112782 , 6.66165413533835 
24-Mar-2010 14:25,201001,EDINBURGH,UNITED KINGDOM,LUTON,EASYJET AIRLINE COMPANY LTD,A,S, 86 , 1 , 69.7674418604651 , 11.6279069767442 , 6.97674418604651 , 11.6279069767442 , 0 , 0 , 19.3255813953488 , 2 , 107 , 88.785046728972 , 5.24299065420561 
24-Mar-2010 14:25,201001,EDINBURGH,UNITED KINGDOM,LUTON,EASYJET AIRLINE COMPANY LTD,D,S, 86 , 0 , 75.5813953488372 , 8.13953488372093 , 5.81395348837209 , 10.4651162790698 , 0 , 0 , 18.0581395348837 , 3 , 107 , 89.7196261682243 , 8.96261682242991 
24-Mar-2010 14:25,201001,EDINBURGH,UNITED KINGDOM,LUTON,GAINJET AVIATION,A,C, 0 , 1 , 0 , 0 , 0 , 0 , 0 , 0 , 0 , 0 , 0 , 0 , 0 
24-Mar-2010 14:25,201001,EDINBURGH,UNITED KINGDOM,LUTON,GAINJET AVIATION,D,C, 0 , 1 , 0 , 0 , 0 , 0 , 0 , 0 , 0 , 0 , 0 , 0 , 0 
24-Mar-2010 14:25,201001,EDINBURGH,UNITED KINGDOM,MANCHESTER,BMI REGIONAL,A,S, 93 , 1 , 82.7956989247312 , 8.60215053763441 , 2.1505376344086 , 4.3010752688172 , 2.1505376344086 , 0 , 15.0967741935484 , 0 , 121 , 91.7355371900827 , 6.22314049586777 
24-Mar-2010 14:25,201001,EDINBURGH,UNITED KINGDOM,MANCHESTER,BMI REGIONAL,D,S, 91 , 0 , 83.5164835164835 , 4.3956043956044 , 6.59340659340659 , 4.3956043956044 , 1.0989010989011 , 0 , 12.4395604395604 , 0 , 125 , 89.6 , 5.376 
24-Mar-2010 14:25,201001,EDINBURGH,UNITED KINGDOM,MANCHESTER,FLYBE LTD,A,S, 75 , 0 , 70.6666666666667 , 9.33333333333333 , 5.33333333333333 , 12 , 2.66666666666667 , 0 , 21.9333333333333 , 4 , 89 , 84.2696629213483 , 9.41573033707865 
24-Mar-2010 14:25,201001,EDINBURGH,UNITED KINGDOM,MANCHESTER,FLYBE LTD,D,S, 74 , 0 , 72.972972972973 , 9.45945945945946 , 9.45945945945946 , 5.40540540540541 , 2.7027027027027 , 0 , 19.6756756756757 , 5 , 89 , 91.0112359550562 , 5.02247191011236 
24-Mar-2010 14:25,201001,EDINBURGH,UNITED KINGDOM,NORWICH,FLYBE LTD,A,S, 45 , 0 , 62.2222222222222 , 11.1111111111111 , 2.22222222222222 , 20 , 4.44444444444444 , 0 , 34.4 , 2 , 44 , 86.3636363636364 , 11.6136363636364 
24-Mar-2010 14:25,201001,EDINBURGH,UNITED KINGDOM,NORWICH,FLYBE LTD,D,S, 46 , 0 , 58.695652173913 , 17.3913043478261 , 6.52173913043478 , 15.2173913043478 , 2.17391304347826 , 0 , 28.6304347826087 , 1 , 44 , 72.7272727272727 , 16.8863636363636 
24-Mar-2010 14:25,201001,EDINBURGH,UNITED KINGDOM,SOUTHAMPTON,FLYBE LTD,A,S, 118 , 1 , 73.728813559322 , 9.32203389830508 , 8.47457627118644 , 6.77966101694915 , 1.69491525423729 , 0 , 19.1016949152542 , 5 , 111 , 88.2882882882883 , 7.20720720720721 
24-Mar-2010 14:25,201001,EDINBURGH,UNITED KINGDOM,SOUTHAMPTON,FLYBE LTD,D,S, 121 , 0 , 66.9421487603306 , 13.2231404958678 , 9.09090909090909 , 9.09090909090909 , 1.65289256198347 , 0 , 22.7107438016529 , 2 , 112 , 85.7142857142857 , 8.4375 
24-Mar-2010 14:25,201001,EDINBURGH,UNITED KINGDOM,STANSTED,EASYJET AIRLINE COMPANY LTD,A,S, 117 , 0 , 64.1025641025641 , 15.3846153846154 , 11.1111111111111 , 6.83760683760684 , 2.56410256410256 , 0 , 22.2905982905983 , 4 , 123 , 89.4308943089431 , 5.75609756097561 
24-Mar-2010 14:25,201001,EDINBURGH,UNITED KINGDOM,STANSTED,EASYJET AIRLINE COMPANY LTD,D,S, 117 , 0 , 65.8119658119658 , 13.6752136752137 , 10.2564102564103 , 8.54700854700855 , 1.70940170940171 , 0 , 21.8888888888889 , 4 , 123 , 90.2439024390244 , 4.47967479674797 
24-Mar-2010 14:25,201001,EDINBURGH,UNITED KINGDOM,STORNOWAY,LOGANAIR,A,S, 48 , 0 , 75 , 6.25 , 8.33333333333333 , 8.33333333333333 , 0 , 2.08333333333333 , 22 , 0 , 75 , 90.6666666666667 , 5.49333333333333 
24-Mar-2010 14:25,201001,EDINBURGH,UNITED KINGDOM,STORNOWAY,LOGANAIR,D,S, 47 , 2 , 76.5957446808511 , 10.6382978723404 , 2.12765957446809 , 10.6382978723404 , 0 , 0 , 13.8723404255319 , 0 , 70 , 84.2857142857143 , 7.45714285714286 
24-Mar-2010 14:25,201001,EDINBURGH,UNITED KINGDOM,SUMBURGH,LOGANAIR,A,S, 51 , 0 , 74.5098039215686 , 1.96078431372549 , 5.88235294117647 , 13.7254901960784 , 3.92156862745098 , 0 , 30.5098039215686 , 0 , 49 , 93.8775510204082 , 4.38775510204082 
24-Mar-2010 14:25,201001,EDINBURGH,UNITED KINGDOM,SUMBURGH,LOGANAIR,D,S, 51 , 0 , 62.7450980392157 , 7.84313725490196 , 9.80392156862745 , 19.6078431372549 , 0 , 0 , 25.2156862745098 , 0 , 50 , 90 , 5.06 
24-Mar-2010 14:25,201001,EDINBURGH,UNITED KINGDOM,WICK,LOGANAIR,A,S, 21 , 0 , 80.9523809523809 , 0 , 4.76190476190476 , 14.2857142857143 , 0 , 0 , 17.5238095238095 , 0 , 20 , 80 , 22.95 
24-Mar-2010 14:25,201001,EDINBURGH,UNITED KINGDOM,WICK,LOGANAIR,D,S, 21 , 0 , 76.1904761904762 , 9.52380952380952 , 4.76190476190476 , 9.52380952380952 , 0 , 0 , 13 , 0 , 20 , 80 , 22.9 
24-Mar-2010 14:25,201001,EDINBURGH,USA,NEW YORK (JF KENNEDY),DELTA AIRLINES,A,S, 0 , 1 , 0 , 0 , 0 , 0 , 0 , 0 , 0 , 0 , 18 , 94.4444444444444 , 3.27777777777778 
24-Mar-2010 14:25,201001,EDINBURGH,USA,NEW YORK (JF KENNEDY),DELTA AIRLINES,D,S, 0 , 0 , 0 , 0 , 0 , 0 , 0 , 0 , 0 , 0 , 18 , 77.7777777777778 , 17.5 
24-Mar-2010 14:25,201001,EDINBURGH,USA,NEW YORK (NEWARK),CONTINENTAL AIRLINES,A,S, 31 , 0 , 51.6129032258064 , 16.1290322580645 , 22.5806451612903 , 6.45161290322581 , 0 , 3.2258064516129 , 34.9677419354839 , 0 , 31 , 74.1935483870968 , 20.9354838709677 
24-Mar-2010 14:25,201001,EDINBURGH,USA,NEW YORK (NEWARK),CONTINENTAL AIRLINES,D,S, 31 , 0 , 51.6129032258064 , 12.9032258064516 , 16.1290322580645 , 16.1290322580645 , 0 , 3.2258064516129 , 38.6774193548387 , 0 , 31 , 77.4193548387097 , 19.7096774193548 
24-Mar-2010 14:25,201001,GATWICK,ALBANIA,TIRANA,BRITISH AIRWAYS PLC,A,S, 21 , 0 , 52.3809523809524 , 38.0952380952381 , 9.52380952380952 , 0 , 0 , 0 , 14.8571428571429 , 0 , 19 , 84.2105263157895 , 13.5789473684211 
24-Mar-2010 14:25,201001,GATWICK,ALBANIA,TIRANA,BRITISH AIRWAYS PLC,D,S, 21 , 0 , 76.1904761904762 , 19.047619047619 , 4.76190476190476 , 0 , 0 , 0 , 7.66666666666667 , 0 , 19 , 84.2105263157895 , 14.1052631578947 
24-Mar-2010 14:25,201001,GATWICK,ALGERIA,HASSI MESSAOUD,MONARCH AIRLINES,A,C, 10 , 0 , 10 , 40 , 30 , 10 , 0 , 10 , 126.9 , 0 , 12 , 58.3333333333333 , 13.3333333333333 
24-Mar-2010 14:25,201001,GATWICK,ALGERIA,HASSI MESSAOUD,MONARCH AIRLINES,D,C, 9 , 0 , 77.7777777777778 , 11.1111111111111 , 0 , 11.1111111111111 , 0 , 0 , 22.4444444444444 , 0 , 12 , 75 , 8.58333333333333 
24-Mar-2010 14:25,201001,GATWICK,ANGOLA,LUANDA,ASTRAEUS LTD,A,C, 0 , 0 , 0 , 0 , 0 , 0 , 0 , 0 , 0 , 0 , 1 , 100 , 13 
24-Mar-2010 14:25,201001,GATWICK,ANGOLA,LUANDA,ASTRAEUS LTD,D,C, 0 , 0 , 0 , 0 , 0 , 0 , 0 , 0 , 0 , 0 , 1 , 100 , 11 
24-Mar-2010 14:25,201001,GATWICK,ANTIGUA AND BARBUDA,ANTIGUA,BRITISH AIRWAYS PLC,A,S, 0 , 0 , 0 , 0 , 0 , 0 , 0 , 0 , 0 , 0 , 8 , 50 , 47.5 
24-Mar-2010 14:25,201001,GATWICK,ANTIGUA AND BARBUDA,ANTIGUA,BRITISH AIRWAYS PLC,D,S, 0 , 0 , 0 , 0 , 0 , 0 , 0 , 0 , 0 , 0 , 9 , 44.4444444444444 , 41.2222222222222 
24-Mar-2010 14:25,201001,GATWICK,ANTIGUA AND BARBUDA,ANTIGUA,THOMSON AIRWAYS LTD,A,C, 0 , 0 , 0 , 0 , 0 , 0 , 0 , 0 , 0 , 0 , 5 , 40 , 59 
24-Mar-2010 14:25,201001,GATWICK,ANTIGUA AND BARBUDA,ANTIGUA,THOMSON AIRWAYS LTD,D,C, 0 , 0 , 0 , 0 , 0 , 0 , 0 , 0 , 0 , 0 , 5 , 60 , 15 
24-Mar-2010 14:25,201001,GATWICK,ANTIGUA AND BARBUDA,ANTIGUA,VIRGIN ATLANTIC AIRWAYS LTD,A,S, 8 , 0 , 75 , 0 , 0 , 0 , 25 , 0 , 67.75 , 0 , 14 , 64.2857142857143 , 36.7142857142857 
24-Mar-2010 14:25,201001,GATWICK,ANTIGUA AND BARBUDA,ANTIGUA,VIRGIN ATLANTIC AIRWAYS LTD,D,S, 7 , 0 , 14.2857142857143 , 42.8571428571429 , 28.5714285714286 , 0 , 14.2857142857143 , 0 , 62.5714285714286 , 1 , 14 , 21.4285714285714 , 58.7142857142857 
24-Mar-2010 14:25,201001,GATWICK,AUSTRIA,INNSBRUCK,BRITISH AIRWAYS PLC,A,S, 21 , 0 , 76.1904761904762 , 14.2857142857143 , 9.52380952380952 , 0 , 0 , 0 , 10.2380952380952 , 0 , 0 , 0 , 0 
24-Mar-2010 14:25,201001,GATWICK,AUSTRIA,INNSBRUCK,BRITISH AIRWAYS PLC,D,S, 21 , 0 , 85.7142857142857 , 9.52380952380952 , 4.76190476190476 , 0 , 0 , 0 , 9.33333333333333 , 0 , 0 , 0 , 0 
24-Mar-2010 14:25,201001,GATWICK,AUSTRIA,INNSBRUCK,EASYJET AIRLINE COMPANY LTD,A,S, 55 , 0 , 76.3636363636364 , 10.9090909090909 , 5.45454545454545 , 7.27272727272727 , 0 , 0 , 15.1272727272727 , 2 , 48 , 70.8333333333333 , 17.1875 
24-Mar-2010 14:25,201001,GATWICK,AUSTRIA,INNSBRUCK,EASYJET AIRLINE COMPANY LTD,D,S, 55 , 0 , 80 , 5.45454545454545 , 5.45454545454545 , 9.09090909090909 , 0 , 0 , 15.1272727272727 , 1 , 48 , 77.0833333333333 , 11.2708333333333 
24-Mar-2010 14:25,201001,GATWICK,AUSTRIA,INNSBRUCK,MONARCH AIRLINES,A,C, 24 , 0 , 75 , 4.16666666666667 , 12.5 , 8.33333333333333 , 0 , 0 , 15.4166666666667 , 0 , 22 , 72.7272727272727 , 21.7727272727273 
24-Mar-2010 14:25,201001,GATWICK,AUSTRIA,INNSBRUCK,MONARCH AIRLINES,D,C, 25 , 0 , 64 , 12 , 20 , 4 , 0 , 0 , 15.92 , 0 , 22 , 77.2727272727273 , 10 
24-Mar-2010 14:25,201001,GATWICK,AUSTRIA,INNSBRUCK,THOMAS COOK AIRLINES LTD,A,C, 10 , 0 , 50 , 20 , 0 , 30 , 0 , 0 , 38.4 , 0 , 10 , 70 , 45.5 
24-Mar-2010 14:25,201001,GATWICK,AUSTRIA,INNSBRUCK,THOMAS COOK AIRLINES LTD,D,C, 10 , 0 , 30 , 40 , 0 , 30 , 0 , 0 , 37 , 0 , 10 , 80 , 23.2 
24-Mar-2010 14:25,201001,GATWICK,AUSTRIA,INNSBRUCK,THOMSON AIRWAYS LTD,A,C, 10 , 0 , 30 , 30 , 10 , 20 , 10 , 0 , 52.9 , 0 , 10 , 40 , 44.9 
24-Mar-2010 14:25,201001,GATWICK,AUSTRIA,INNSBRUCK,THOMSON AIRWAYS LTD,D,C, 10 , 0 , 40 , 40 , 10 , 10 , 0 , 0 , 23.9 , 0 , 10 , 30 , 46.4 
24-Mar-2010 14:25,201001,GATWICK,AUSTRIA,SALZBURG,BMI BRITISH MIDLAND,A,C, 0 , 0 , 0 , 0 , 0 , 0 , 0 , 0 , 0 , 0 , 5 , 20 , 45 
24-Mar-2010 14:25,201001,GATWICK,AUSTRIA,SALZBURG,BMI BRITISH MIDLAND,D,C, 0 , 0 , 0 , 0 , 0 , 0 , 0 , 0 , 0 , 0 , 5 , 80 , 7.4 
24-Mar-2010 14:25,201001,GATWICK,AUSTRIA,SALZBURG,BRITISH AIRWAYS PLC,A,S, 21 , 0 , 76.1904761904762 , 9.52380952380952 , 9.52380952380952 , 4.76190476190476 , 0 , 0 , 13.1428571428571 , 0 , 31 , 87.0967741935484 , 3.2258064516129 
24-Mar-2010 14:25,201001,GATWICK,AUSTRIA,SALZBURG,BRITISH AIRWAYS PLC,D,S, 21 , 0 , 61.9047619047619 , 23.8095238095238 , 9.52380952380952 , 4.76190476190476 , 0 , 0 , 13.1428571428571 , 0 , 31 , 83.8709677419355 , 7.29032258064516 
24-Mar-2010 14:25,201001,GATWICK,AUSTRIA,SALZBURG,EASYJET AIRLINE COMPANY LTD,A,S, 15 , 0 , 46.6666666666667 , 13.3333333333333 , 13.3333333333333 , 13.3333333333333 , 13.3333333333333 , 0 , 53.5333333333333 , 0 , 15 , 66.6666666666667 , 16.6666666666667 
24-Mar-2010 14:25,201001,GATWICK,AUSTRIA,SALZBURG,EASYJET AIRLINE COMPANY LTD,D,S, 15 , 0 , 46.6666666666667 , 26.6666666666667 , 13.3333333333333 , 0 , 13.3333333333333 , 0 , 49.6 , 0 , 15 , 80 , 7.2 
24-Mar-2010 14:25,201001,GATWICK,AUSTRIA,SALZBURG,MONARCH AIRLINES,A,C, 5 , 0 , 40 , 0 , 40 , 0 , 20 , 0 , 62 , 0 , 5 , 40 , 45.2 
24-Mar-2010 14:25,201001,GATWICK,AUSTRIA,SALZBURG,MONARCH AIRLINES,D,C, 5 , 0 , 40 , 20 , 20 , 20 , 0 , 0 , 40 , 0 , 5 , 40 , 48.6 
24-Mar-2010 14:25,201001,GATWICK,AUSTRIA,SALZBURG,THOMAS COOK AIRLINES LTD,A,C, 5 , 0 , 40 , 0 , 20 , 40 , 0 , 0 , 43.4 , 0 , 10 , 70 , 14.8 
24-Mar-2010 14:25,201001,GATWICK,AUSTRIA,SALZBURG,THOMAS COOK AIRLINES LTD,D,C, 5 , 0 , 40 , 20 , 20 , 20 , 0 , 0 , 25.8 , 0 , 10 , 10 , 43.9 
24-Mar-2010 14:25,201001,GATWICK,AUSTRIA,SALZBURG,THOMSON AIRWAYS LTD,A,C, 15 , 0 , 26.6666666666667 , 13.3333333333333 , 0 , 33.3333333333333 , 20 , 6.66666666666667 , 123.933333333333 , 0 , 14 , 57.1428571428571 , 124.285714285714 
24-Mar-2010 14:25,201001,GATWICK,AUSTRIA,SALZBURG,THOMSON AIRWAYS LTD,D,C, 15 , 0 , 20 , 13.3333333333333 , 20 , 13.3333333333333 , 26.6666666666667 , 6.66666666666667 , 127.466666666667 , 0 , 15 , 40 , 156.133333333333 
24-Mar-2010 14:25,201001,GATWICK,AUSTRIA,VIENNA,AER LINGUS,A,S, 28 , 0 , 75 , 14.2857142857143 , 3.57142857142857 , 3.57142857142857 , 0 , 3.57142857142857 , 43.2142857142857 , 0 , 0 , 0 , 0 
24-Mar-2010 14:25,201001,GATWICK,AUSTRIA,VIENNA,AER LINGUS,D,S, 28 , 0 , 50 , 3.57142857142857 , 25 , 21.4285714285714 , 0 , 0 , 35.4285714285714 , 0 , 0 , 0 , 0 
24-Mar-2010 14:25,201001,GATWICK,AUSTRIA,VIENNA,EASYJET AIRLINE COMPANY LTD,A,S, 48 , 0 , 62.5 , 14.5833333333333 , 14.5833333333333 , 8.33333333333333 , 0 , 0 , 20.6458333333333 , 4 , 0 , 0 , 0 
24-Mar-2010 14:25,201001,GATWICK,AUSTRIA,VIENNA,EASYJET AIRLINE COMPANY LTD,D,S, 49 , 0 , 65.3061224489796 , 20.4081632653061 , 8.16326530612245 , 6.12244897959184 , 0 , 0 , 14.530612244898 , 3 , 0 , 0 , 0 
24-Mar-2010 14:25,201001,GATWICK,AUSTRIA,VIENNA,JET2.COM LTD,A,C, 1 , 0 , 0 , 100 , 0 , 0 , 0 , 0 , 21 , 0 , 0 , 0 , 0 
24-Mar-2010 14:25,201001,GATWICK,AZERBAIJAN,BAKU (HEYDER ALIYEV INT'L),AZERBAIJAN AIRLINES (AZAL),A,S, 0 , 0 , 0 , 0 , 0 , 0 , 0 , 0 , 0 , 0 , 4 , 100 , 0 
24-Mar-2010 14:25,201001,GATWICK,AZERBAIJAN,BAKU (HEYDER ALIYEV INT'L),AZERBAIJAN AIRLINES (AZAL),D,S, 0 , 0 , 0 , 0 , 0 , 0 , 0 , 0 , 0 , 0 , 4 , 100 , 4 
24-Mar-2010 14:25,201001,GATWICK,BARBADOS,BRIDGETOWN,BRITISH AIRWAYS PLC,A,S, 40 , 0 , 62.5 , 12.5 , 5 , 10 , 5 , 5 , 63.875 , 1 , 40 , 75 , 16.775 
24-Mar-2010 14:25,201001,GATWICK,BARBADOS,BRIDGETOWN,BRITISH AIRWAYS PLC,D,S, 43 , 0 , 72.093023255814 , 6.97674418604651 , 9.30232558139535 , 6.97674418604651 , 2.32558139534884 , 2.32558139534884 , 28.7441860465116 , 0 , 41 , 75.609756097561 , 12.5121951219512 
24-Mar-2010 14:25,201001,GATWICK,BARBADOS,BRIDGETOWN,MONARCH AIRLINES,A,C, 0 , 0 , 0 , 0 , 0 , 0 , 0 , 0 , 0 , 0 , 3 , 0 , 61.3333333333333 
24-Mar-2010 14:25,201001,GATWICK,BARBADOS,BRIDGETOWN,MONARCH AIRLINES,D,C, 1 , 0 , 0 , 0 , 100 , 0 , 0 , 0 , 36 , 0 , 3 , 0 , 24.3333333333333 
24-Mar-2010 14:25,201001,GATWICK,BARBADOS,BRIDGETOWN,THOMAS COOK AIRLINES LTD,A,C, 7 , 0 , 71.4285714285714 , 0 , 14.2857142857143 , 0 , 14.2857142857143 , 0 , 34.5714285714286 , 0 , 13 , 53.8461538461538 , 18.6153846153846 
24-Mar-2010 14:25,201001,GATWICK,BARBADOS,BRIDGETOWN,THOMAS COOK AIRLINES LTD,D,C, 8 , 0 , 37.5 , 25 , 0 , 0 , 37.5 , 0 , 96.125 , 0 , 12 , 83.3333333333333 , 12.1666666666667 
24-Mar-2010 14:25,201001,GATWICK,BARBADOS,BRIDGETOWN,THOMSON AIRWAYS LTD,A,C, 13 , 1 , 46.1538461538462 , 0 , 23.0769230769231 , 15.3846153846154 , 7.69230769230769 , 7.69230769230769 , 181.153846153846 , 0 , 23 , 43.4782608695652 , 31.5217391304348 
24-Mar-2010 14:25,201001,GATWICK,BARBADOS,BRIDGETOWN,THOMSON AIRWAYS LTD,D,C, 14 , 0 , 57.1428571428571 , 7.14285714285714 , 7.14285714285714 , 21.4285714285714 , 0 , 7.14285714285714 , 55.5714285714286 , 0 , 21 , 61.9047619047619 , 15.2857142857143 
24-Mar-2010 14:25,201001,GATWICK,BARBADOS,BRIDGETOWN,VIRGIN ATLANTIC AIRWAYS LTD,A,S, 24 , 0 , 50 , 0 , 4.16666666666667 , 25 , 12.5 , 8.33333333333333 , 86.75 , 1 , 31 , 64.5161290322581 , 16.9677419354839 
24-Mar-2010 14:25,201001,GATWICK,BARBADOS,BRIDGETOWN,VIRGIN ATLANTIC AIRWAYS LTD,D,S, 24 , 0 , 54.1666666666667 , 12.5 , 8.33333333333333 , 12.5 , 8.33333333333333 , 4.16666666666667 , 65.125 , 1 , 31 , 58.0645161290323 , 19.1935483870968 
24-Mar-2010 14:25,201001,GATWICK,BELARUS,MINSK INT'L ,BELAVIA (BELARUSSIAN AIRLINES),A,S, 13 , 0 , 53.8461538461538 , 7.69230769230769 , 7.69230769230769 , 15.3846153846154 , 0 , 15.3846153846154 , 114.769230769231 , 0 , 8 , 50 , 13 
24-Mar-2010 14:25,201001,GATWICK,BELARUS,MINSK INT'L ,BELAVIA (BELARUSSIAN AIRLINES),D,S, 13 , 0 , 46.1538461538462 , 7.69230769230769 , 23.0769230769231 , 7.69230769230769 , 0 , 15.3846153846154 , 139.461538461538 , 0 , 8 , 62.5 , 9.75 
24-Mar-2010 14:25,201001,GATWICK,BELGIUM,BRUSSELS,BRUSSELS AIRLINES,A,S, 11 , 0 , 45.4545454545455 , 0 , 27.2727272727273 , 27.2727272727273 , 0 , 0 , 34.8181818181818 , 0 , 58 , 70.6896551724138 , 15.7068965517241 
24-Mar-2010 14:25,201001,GATWICK,BELGIUM,BRUSSELS,BRUSSELS AIRLINES,D,S, 10 , 0 , 40 , 20 , 30 , 10 , 0 , 0 , 28.9 , 1 , 57 , 70.1754385964912 , 18.5964912280702 
24-Mar-2010 14:25,201001,GATWICK,BERMUDA,BERMUDA,BRITISH AIRWAYS PLC,A,S, 24 , 0 , 62.5 , 8.33333333333333 , 16.6666666666667 , 4.16666666666667 , 4.16666666666667 , 4.16666666666667 , 50.375 , 0 , 22 , 90.9090909090909 , 3.86363636363636 
24-Mar-2010 14:25,201001,GATWICK,BERMUDA,BERMUDA,BRITISH AIRWAYS PLC,D,S, 25 , 0 , 76 , 0 , 12 , 8 , 4 , 0 , 25.72 , 0 , 22 , 90.9090909090909 , 3.77272727272727 
24-Mar-2010 14:25,201001,GATWICK,BRAZIL,RIO DE JANEIRO (GALEAO),THOMAS COOK AIRLINES LTD,D,C, 1 , 0 , 0 , 0 , 0 , 100 , 0 , 0 , 107 , 0 , 0 , 0 , 0 
24-Mar-2010 14:25,201001,GATWICK,BULGARIA,PLOVDIV,THOMSON AIRWAYS LTD,A,C, 0 , 0 , 0 , 0 , 0 , 0 , 0 , 0 , 0 , 0 , 4 , 50 , 57.5 
24-Mar-2010 14:25,201001,GATWICK,BULGARIA,PLOVDIV,THOMSON AIRWAYS LTD,D,C, 0 , 0 , 0 , 0 , 0 , 0 , 0 , 0 , 0 , 0 , 5 , 60 , 62.4 
24-Mar-2010 14:25,201001,GATWICK,BULGARIA,SOFIA,BULGARIA AIR,A,S, 0 , 0 , 0 , 0 , 0 , 0 , 0 , 0 , 0 , 0 , 14 , 57.1428571428571 , 35.7857142857143 
24-Mar-2010 14:25,201001,GATWICK,BULGARIA,SOFIA,BULGARIA AIR,D,S, 0 , 0 , 0 , 0 , 0 , 0 , 0 , 0 , 0 , 0 , 14 , 71.4285714285714 , 38.8571428571429 
24-Mar-2010 14:25,201001,GATWICK,BULGARIA,SOFIA,EASYJET AIRLINE COMPANY LTD,A,S, 42 , 0 , 64.2857142857143 , 7.14285714285714 , 19.047619047619 , 7.14285714285714 , 2.38095238095238 , 0 , 24.9047619047619 , 0 , 43 , 74.4186046511628 , 14.8139534883721 
24-Mar-2010 14:25,201001,GATWICK,BULGARIA,SOFIA,EASYJET AIRLINE COMPANY LTD,D,S, 42 , 0 , 78.5714285714286 , 4.76190476190476 , 9.52380952380952 , 4.76190476190476 , 2.38095238095238 , 0 , 16.7619047619048 , 0 , 44 , 88.6363636363636 , 8.5 
24-Mar-2010 14:25,201001,GATWICK,BULGARIA,SOFIA,MONARCH AIRLINES,A,C, 5 , 0 , 40 , 0 , 40 , 0 , 20 , 0 , 88.4 , 0 , 10 , 30 , 92.9 
24-Mar-2010 14:25,201001,GATWICK,BULGARIA,SOFIA,MONARCH AIRLINES,D,C, 5 , 0 , 20 , 20 , 0 , 40 , 20 , 0 , 101.6 , 0 , 10 , 40 , 39.7 
24-Mar-2010 14:25,201001,GATWICK,BULGARIA,SOFIA,THOMAS COOK AIRLINES LTD,A,C, 5 , 0 , 20 , 20 , 40 , 20 , 0 , 0 , 36.4 , 0 , 5 , 60 , 113.2 
24-Mar-2010 14:25,201001,GATWICK,BULGARIA,SOFIA,THOMAS COOK AIRLINES LTD,D,C, 5 , 0 , 60 , 0 , 0 , 40 , 0 , 0 , 31.4 , 0 , 5 , 40 , 40.2 
24-Mar-2010 14:25,201001,GATWICK,BULGARIA,SOFIA,THOMSON AIRWAYS LTD,A,C, 5 , 0 , 40 , 0 , 40 , 0 , 20 , 0 , 61.8 , 0 , 6 , 50 , 126.5 
24-Mar-2010 14:25,201001,GATWICK,BULGARIA,SOFIA,THOMSON AIRWAYS LTD,D,C, 5 , 0 , 0 , 40 , 0 , 40 , 20 , 0 , 85.8 , 0 , 5 , 60 , 27.2 
24-Mar-2010 14:25,201001,GATWICK,BULGARIA,VARNA,BRITISH AIRWAYS PLC,A,S, 0 , 0 , 0 , 0 , 0 , 0 , 0 , 0 , 0 , 0 , 13 , 69.2307692307692 , 9.30769230769231 
24-Mar-2010 14:25,201001,GATWICK,BULGARIA,VARNA,BRITISH AIRWAYS PLC,D,S, 0 , 0 , 0 , 0 , 0 , 0 , 0 , 0 , 0 , 0 , 13 , 69.2307692307692 , 10.5384615384615 
24-Mar-2010 14:25,201001,GATWICK,BULGARIA,VARNA,BULGARIA AIR,A,S, 4 , 0 , 25 , 25 , 0 , 50 , 0 , 0 , 65.5 , 0 , 4 , 75 , 6.5 
24-Mar-2010 14:25,201001,GATWICK,BULGARIA,VARNA,BULGARIA AIR,D,S, 4 , 0 , 50 , 0 , 0 , 50 , 0 , 0 , 56.75 , 0 , 4 , 75 , 4.75 
24-Mar-2010 14:25,201001,GATWICK,CANADA,CALGARY,AIR TRANSAT,A,S, 0 , 0 , 0 , 0 , 0 , 0 , 0 , 0 , 0 , 0 , 1 , 0 , 34 
24-Mar-2010 14:25,201001,GATWICK,CANADA,CALGARY,AIR TRANSAT,D,S, 0 , 0 , 0 , 0 , 0 , 0 , 0 , 0 , 0 , 0 , 1 , 100 , 0 
24-Mar-2010 14:25,201001,GATWICK,CANADA,CALGARY,MONARCH AIRLINES,A,C, 9 , 0 , 44.4444444444444 , 0 , 22.2222222222222 , 11.1111111111111 , 0 , 22.2222222222222 , 109.111111111111 , 0 , 9 , 22.2222222222222 , 67.1111111111111 
24-Mar-2010 14:25,201001,GATWICK,CANADA,CALGARY,MONARCH AIRLINES,D,C, 9 , 0 , 66.6666666666667 , 0 , 11.1111111111111 , 0 , 11.1111111111111 , 11.1111111111111 , 90 , 0 , 9 , 77.7777777777778 , 38.4444444444444 
24-Mar-2010 14:25,201001,GATWICK,CANADA,CALGARY,THOMAS COOK AIRLINES LTD,A,S, 9 , 0 , 55.5555555555556 , 0 , 11.1111111111111 , 22.2222222222222 , 0 , 11.1111111111111 , 82.4444444444444 , 1 , 1 , 0 , 46 
24-Mar-2010 14:25,201001,GATWICK,CANADA,CALGARY,THOMAS COOK AIRLINES LTD,D,S, 8 , 0 , 25 , 25 , 12.5 , 12.5 , 25 , 0 , 81 , 0 , 1 , 100 , 0 
24-Mar-2010 14:25,201001,GATWICK,CANADA,MONTREAL (DORVAL),AIR TRANSAT,A,S, 0 , 0 , 0 , 0 , 0 , 0 , 0 , 0 , 0 , 0 , 1 , 100 , 0 
24-Mar-2010 14:25,201001,GATWICK,CANADA,MONTREAL (DORVAL),AIR TRANSAT,D,S, 0 , 0 , 0 , 0 , 0 , 0 , 0 , 0 , 0 , 0 , 1 , 100 , 4 
24-Mar-2010 14:25,201001,GATWICK,CANADA,TORONTO,AIR TRANSAT,A,S, 0 , 0 , 0 , 0 , 0 , 0 , 0 , 0 , 0 , 1 , 14 , 50 , 29.1428571428571 
24-Mar-2010 14:25,201001,GATWICK,CANADA,TORONTO,AIR TRANSAT,D,S, 0 , 0 , 0 , 0 , 0 , 0 , 0 , 0 , 0 , 1 , 14 , 71.4285714285714 , 19.2142857142857 
24-Mar-2010 14:25,201001,GATWICK,CANADA,TORONTO,THOMAS COOK AIRLINES LTD,A,S, 14 , 0 , 42.8571428571429 , 0 , 7.14285714285714 , 35.7142857142857 , 7.14285714285714 , 7.14285714285714 , 152.928571428571 , 1 , 0 , 0 , 0 
24-Mar-2010 14:25,201001,GATWICK,CANADA,TORONTO,THOMAS COOK AIRLINES LTD,D,S, 14 , 0 , 50 , 7.14285714285714 , 0 , 21.4285714285714 , 14.2857142857143 , 7.14285714285714 , 105.142857142857 , 0 , 0 , 0 , 0 
24-Mar-2010 14:25,201001,GATWICK,CANADA,VANCOUVER,AIR TRANSAT,A,S, 0 , 0 , 0 , 0 , 0 , 0 , 0 , 0 , 0 , 0 , 4 , 50 , 93.75 
24-Mar-2010 14:25,201001,GATWICK,CANADA,VANCOUVER,AIR TRANSAT,D,S, 0 , 0 , 0 , 0 , 0 , 0 , 0 , 0 , 0 , 0 , 4 , 25 , 159 
24-Mar-2010 14:25,201001,GATWICK,CANADA,VANCOUVER,THOMAS COOK AIRLINES LTD,A,S, 5 , 0 , 60 , 0 , 0 , 20 , 20 , 0 , 85.4 , 0 , 2 , 100 , 12 
24-Mar-2010 14:25,201001,GATWICK,CANADA,VANCOUVER,THOMAS COOK AIRLINES LTD,D,S, 4 , 0 , 50 , 25 , 0 , 0 , 25 , 0 , 70.75 , 0 , 2 , 50 , 12 
24-Mar-2010 14:25,201001,GATWICK,CAPE VERDE ISLANDS,BOA VISTA (RABIL),THOMSON AIRWAYS LTD,A,C, 0 , 0 , 0 , 0 , 0 , 0 , 0 , 0 , 0 , 0 , 5 , 20 , 58.8 
24-Mar-2010 14:25,201001,GATWICK,CAPE VERDE ISLANDS,BOA VISTA (RABIL),THOMSON AIRWAYS LTD,A,S, 4 , 0 , 0 , 0 , 75 , 0 , 0 , 25 , 272.75 , 0 , 0 , 0 , 0 
24-Mar-2010 14:25,201001,GATWICK,CAPE VERDE ISLANDS,BOA VISTA (RABIL),THOMSON AIRWAYS LTD,D,C, 0 , 0 , 0 , 0 , 0 , 0 , 0 , 0 , 0 , 0 , 5 , 80 , 14.4 
24-Mar-2010 14:25,201001,GATWICK,CAPE VERDE ISLANDS,BOA VISTA (RABIL),THOMSON AIRWAYS LTD,D,S, 4 , 0 , 25 , 25 , 25 , 25 , 0 , 0 , 57.75 , 0 , 0 , 0 , 0 
24-Mar-2010 14:25,201001,GATWICK,CAPE VERDE ISLANDS,ILHA DO SAL C.VERDE,THOMSON AIRWAYS LTD,A,S, 4 , 0 , 0 , 0 , 50 , 50 , 0 , 0 , 68.5 , 0 , 4 , 50 , 23.25 
24-Mar-2010 14:25,201001,GATWICK,CAPE VERDE ISLANDS,ILHA DO SAL C.VERDE,THOMSON AIRWAYS LTD,D,S, 4 , 0 , 25 , 25 , 25 , 25 , 0 , 0 , 40 , 0 , 4 , 50 , 18.25 
24-Mar-2010 14:25,201001,GATWICK,CROATIA,DUBROVNIK,BRITISH AIRWAYS PLC,A,C, 1 , 0 , 0 , 100 , 0 , 0 , 0 , 0 , 17 , 0 , 0 , 0 , 0 
24-Mar-2010 14:25,201001,GATWICK,CROATIA,DUBROVNIK,BRITISH AIRWAYS PLC,A,S, 8 , 0 , 50 , 12.5 , 12.5 , 12.5 , 0 , 12.5 , 151.5 , 0 , 15 , 100 , 1.66666666666667 
24-Mar-2010 14:25,201001,GATWICK,CROATIA,DUBROVNIK,BRITISH AIRWAYS PLC,D,C, 1 , 0 , 100 , 0 , 0 , 0 , 0 , 0 , 15 , 0 , 0 , 0 , 0 
24-Mar-2010 14:25,201001,GATWICK,CROATIA,DUBROVNIK,BRITISH AIRWAYS PLC,D,S, 7 , 0 , 57.1428571428571 , 0 , 14.2857142857143 , 28.5714285714286 , 0 , 0 , 33.2857142857143 , 0 , 15 , 93.3333333333333 , 2.86666666666667 
24-Mar-2010 14:25,201001,GATWICK,CROATIA,ZAGREB,CROATIA AIRLINES,A,S, 13 , 0 , 46.1538461538462 , 30.7692307692308 , 15.3846153846154 , 7.69230769230769 , 0 , 0 , 19 , 0 , 18 , 77.7777777777778 , 10.5555555555556 
24-Mar-2010 14:25,201001,GATWICK,CROATIA,ZAGREB,CROATIA AIRLINES,D,S, 13 , 0 , 46.1538461538462 , 15.3846153846154 , 38.4615384615385 , 0 , 0 , 0 , 20.6923076923077 , 0 , 18 , 77.7777777777778 , 9.94444444444444 
24-Mar-2010 14:25,201001,GATWICK,CUBA,CUNAGUA (CAYO COCO),THOMAS COOK AIRLINES LTD,A,C, 2 , 0 , 100 , 0 , 0 , 0 , 0 , 0 , 0 , 0 , 4 , 100 , 0 
24-Mar-2010 14:25,201001,GATWICK,CUBA,CUNAGUA (CAYO COCO),THOMAS COOK AIRLINES LTD,D,C, 4 , 0 , 75 , 0 , 0 , 25 , 0 , 0 , 32.25 , 0 , 4 , 75 , 8.25 
24-Mar-2010 14:25,201001,GATWICK,CUBA,CUNAGUA (CAYO COCO),THOMSON AIRWAYS LTD,A,C, 0 , 0 , 0 , 0 , 0 , 0 , 0 , 0 , 0 , 0 , 2 , 100 , 0 
24-Mar-2010 14:25,201001,GATWICK,CUBA,CUNAGUA (CAYO COCO),THOMSON AIRWAYS LTD,D,C, 0 , 0 , 0 , 0 , 0 , 0 , 0 , 0 , 0 , 0 , 2 , 50 , 26.5 
24-Mar-2010 14:25,201001,GATWICK,CUBA,HAVANA,CUBANA,A,S, 4 , 0 , 50 , 0 , 0 , 0 , 25 , 25 , 213.25 , 1 , 4 , 0 , 93.75 
24-Mar-2010 14:25,201001,GATWICK,CUBA,HAVANA,CUBANA,D,S, 4 , 0 , 25 , 0 , 0 , 25 , 25 , 25 , 209 , 2 , 4 , 25 , 88.25 
24-Mar-2010 14:25,201001,GATWICK,CUBA,HAVANA,VIRGIN ATLANTIC AIRWAYS LTD,A,S, 8 , 0 , 0 , 12.5 , 12.5 , 50 , 25 , 0 , 131 , 0 , 9 , 33.3333333333333 , 46.3333333333333 
24-Mar-2010 14:25,201001,GATWICK,CUBA,HAVANA,VIRGIN ATLANTIC AIRWAYS LTD,D,S, 8 , 0 , 12.5 , 0 , 25 , 37.5 , 12.5 , 12.5 , 116.25 , 0 , 8 , 12.5 , 52.75 
24-Mar-2010 14:25,201001,GATWICK,CUBA,HOLGUIN (FRANK PAIS),THOMAS COOK AIRLINES LTD,A,C, 2 , 0 , 100 , 0 , 0 , 0 , 0 , 0 , 0 , 0 , 0 , 0 , 0 
24-Mar-2010 14:25,201001,GATWICK,CUBA,HOLGUIN (FRANK PAIS),THOMSON AIRWAYS LTD,A,C, 4 , 0 , 75 , 25 , 0 , 0 , 0 , 0 , 6.75 , 0 , 4 , 100 , 2 
24-Mar-2010 14:25,201001,GATWICK,CUBA,HOLGUIN (FRANK PAIS),THOMSON AIRWAYS LTD,D,C, 4 , 0 , 50 , 0 , 25 , 25 , 0 , 0 , 37.75 , 0 , 4 , 50 , 18.75 
24-Mar-2010 14:25,201001,GATWICK,CUBA,VARADERO,THOMAS COOK AIRLINES LTD,A,C, 0 , 0 , 0 , 0 , 0 , 0 , 0 , 0 , 0 , 0 , 4 , 75 , 23.75 
24-Mar-2010 14:25,201001,GATWICK,CUBA,VARADERO,THOMAS COOK AIRLINES LTD,D,C, 4 , 0 , 75 , 25 , 0 , 0 , 0 , 0 , 9.75 , 0 , 4 , 75 , 13.5 
24-Mar-2010 14:25,201001,GATWICK,CUBA,VARADERO,THOMSON AIRWAYS LTD,A,C, 2 , 0 , 50 , 0 , 0 , 0 , 50 , 0 , 99.5 , 0 , 3 , 100 , 3 
24-Mar-2010 14:25,201001,GATWICK,CUBA,VARADERO,THOMSON AIRWAYS LTD,D,C, 2 , 0 , 50 , 0 , 50 , 0 , 0 , 0 , 36 , 0 , 2 , 50 , 9.5 
24-Mar-2010 14:25,201001,GATWICK,CYPRUS,LARNACA,EASYJET AIRLINE COMPANY LTD,A,S, 23 , 0 , 34.7826086956522 , 13.0434782608696 , 30.4347826086956 , 17.3913043478261 , 4.34782608695652 , 0 , 47.4347826086956 , 2 , 0 , 0 , 0 
24-Mar-2010 14:25,201001,GATWICK,CYPRUS,LARNACA,EASYJET AIRLINE COMPANY LTD,D,S, 24 , 0 , 41.6666666666667 , 20.8333333333333 , 20.8333333333333 , 12.5 , 4.16666666666667 , 0 , 40.6666666666667 , 0 , 0 , 0 , 0 
24-Mar-2010 14:25,201001,GATWICK,CYPRUS,LARNACA,EUROCYPRIA AIRLINES LTD,A,C, 0 , 0 , 0 , 0 , 0 , 0 , 0 , 0 , 0 , 0 , 1 , 0 , 29 
24-Mar-2010 14:25,201001,GATWICK,CYPRUS,LARNACA,MONARCH AIRLINES,A,S, 5 , 0 , 60 , 0 , 0 , 20 , 0 , 20 , 134 , 0 , 10 , 20 , 31.1 
24-Mar-2010 14:25,201001,GATWICK,CYPRUS,LARNACA,MONARCH AIRLINES,D,S, 5 , 0 , 60 , 0 , 20 , 0 , 0 , 20 , 127.8 , 1 , 11 , 72.7272727272727 , 14.0909090909091 
24-Mar-2010 14:25,201001,GATWICK,CYPRUS,PAPHOS,BRITISH AIRWAYS PLC,A,S, 27 , 0 , 74.0740740740741 , 14.8148148148148 , 7.40740740740741 , 3.7037037037037 , 0 , 0 , 10.6666666666667 , 0 , 25 , 52 , 25.52 
24-Mar-2010 14:25,201001,GATWICK,CYPRUS,PAPHOS,BRITISH AIRWAYS PLC,D,S, 27 , 0 , 81.4814814814815 , 18.5185185185185 , 0 , 0 , 0 , 0 , 6.33333333333333 , 0 , 25 , 72 , 15.36 
24-Mar-2010 14:25,201001,GATWICK,CYPRUS,PAPHOS,EASYJET AIRLINE COMPANY LTD,A,S, 28 , 0 , 53.5714285714286 , 14.2857142857143 , 21.4285714285714 , 10.7142857142857 , 0 , 0 , 24.9642857142857 , 0 , 31 , 80.6451612903226 , 14.6451612903226 
24-Mar-2010 14:25,201001,GATWICK,CYPRUS,PAPHOS,EASYJET AIRLINE COMPANY LTD,D,S, 28 , 0 , 60.7142857142857 , 14.2857142857143 , 10.7142857142857 , 10.7142857142857 , 3.57142857142857 , 0 , 28.7142857142857 , 0 , 31 , 64.5161290322581 , 16.4838709677419 
24-Mar-2010 14:25,201001,GATWICK,CYPRUS,PAPHOS,EUROCYPRIA AIRLINES LTD,A,C, 0 , 0 , 0 , 0 , 0 , 0 , 0 , 0 , 0 , 0 , 1 , 0 , 101 
24-Mar-2010 14:25,201001,GATWICK,CYPRUS,PAPHOS,EUROCYPRIA AIRLINES LTD,D,C, 0 , 0 , 0 , 0 , 0 , 0 , 0 , 0 , 0 , 0 , 1 , 0 , 168 
24-Mar-2010 14:25,201001,GATWICK,CYPRUS,PAPHOS,THOMAS COOK AIRLINES LTD,A,C, 2 , 0 , 100 , 0 , 0 , 0 , 0 , 0 , 7.5 , 0 , 5 , 60 , 21.6 
24-Mar-2010 14:25,201001,GATWICK,CYPRUS,PAPHOS,THOMAS COOK AIRLINES LTD,D,C, 2 , 0 , 100 , 0 , 0 , 0 , 0 , 0 , 5.5 , 0 , 5 , 40 , 32.4 
24-Mar-2010 14:25,201001,GATWICK,CYPRUS,PAPHOS,THOMSON AIRWAYS LTD,A,C, 8 , 0 , 62.5 , 25 , 0 , 12.5 , 0 , 0 , 29.375 , 0 , 7 , 42.8571428571429 , 30.1428571428571 
24-Mar-2010 14:25,201001,GATWICK,CYPRUS,PAPHOS,THOMSON AIRWAYS LTD,D,C, 9 , 0 , 66.6666666666667 , 22.2222222222222 , 0 , 11.1111111111111 , 0 , 0 , 23.3333333333333 , 0 , 7 , 42.8571428571429 , 42.8571428571429 
24-Mar-2010 14:25,201001,GATWICK,CZECH REPUBLIC,PRAGUE,EASYJET AIRLINE COMPANY LTD,A,S, 48 , 0 , 47.9166666666667 , 18.75 , 18.75 , 12.5 , 2.08333333333333 , 0 , 35.0833333333333 , 5 , 62 , 66.1290322580645 , 14.8064516129032 
24-Mar-2010 14:25,201001,GATWICK,CZECH REPUBLIC,PRAGUE,EASYJET AIRLINE COMPANY LTD,D,S, 49 , 0 , 73.469387755102 , 14.2857142857143 , 4.08163265306122 , 6.12244897959184 , 2.04081632653061 , 0 , 17.5510204081633 , 4 , 62 , 82.258064516129 , 11.241935483871 
24-Mar-2010 14:25,201001,GATWICK,DENMARK,AALBORG,NORWEGIAN AIR SHUTTLE,A,S, 11 , 0 , 72.7272727272727 , 0 , 9.09090909090909 , 18.1818181818182 , 0 , 0 , 22.1818181818182 , 0 , 0 , 0 , 0 
24-Mar-2010 14:25,201001,GATWICK,DENMARK,AALBORG,NORWEGIAN AIR SHUTTLE,D,S, 11 , 0 , 63.6363636363636 , 0 , 18.1818181818182 , 18.1818181818182 , 0 , 0 , 25.5454545454545 , 0 , 0 , 0 , 0 
24-Mar-2010 14:25,201001,GATWICK,DENMARK,BILLUND,CIMBER AIR A/S,A,S, 43 , 0 , 72.093023255814 , 6.97674418604651 , 6.97674418604651 , 13.953488372093 , 0 , 0 , 21.9302325581395 , 0 , 23 , 82.6086956521739 , 12.4782608695652 
24-Mar-2010 14:25,201001,GATWICK,DENMARK,BILLUND,CIMBER AIR A/S,D,S, 41 , 0 , 73.1707317073171 , 2.4390243902439 , 12.1951219512195 , 7.31707317073171 , 2.4390243902439 , 2.4390243902439 , 52.9756097560976 , 1 , 23 , 91.304347826087 , 9.73913043478261 
24-Mar-2010 14:25,201001,GATWICK,DENMARK,COPENHAGEN,CIMBER AIR A/S,A,S, 74 , 0 , 51.3513513513513 , 21.6216216216216 , 12.1621621621622 , 10.8108108108108 , 2.7027027027027 , 1.35135135135135 , 39.5405405405405 , 3 , 28 , 82.1428571428572 , 18.9285714285714 
24-Mar-2010 14:25,201001,GATWICK,DENMARK,COPENHAGEN,CIMBER AIR A/S,D,S, 72 , 0 , 66.6666666666667 , 13.8888888888889 , 6.94444444444444 , 11.1111111111111 , 0 , 1.38888888888889 , 30.1111111111111 , 4 , 28 , 71.4285714285714 , 20.9285714285714 
24-Mar-2010 14:25,201001,GATWICK,DENMARK,COPENHAGEN,EASYJET AIRLINE COMPANY LTD,A,S, 44 , 0 , 47.7272727272727 , 22.7272727272727 , 9.09090909090909 , 20.4545454545455 , 0 , 0 , 27.7954545454545 , 2 , 17 , 94.1176470588235 , 5.17647058823529 
24-Mar-2010 14:25,201001,GATWICK,DENMARK,COPENHAGEN,EASYJET AIRLINE COMPANY LTD,D,S, 45 , 0 , 71.1111111111111 , 13.3333333333333 , 8.88888888888889 , 6.66666666666667 , 0 , 0 , 14.9777777777778 , 1 , 17 , 100 , 1.47058823529412 
24-Mar-2010 14:25,201001,GATWICK,DENMARK,COPENHAGEN,NORWEGIAN AIR SHUTTLE,A,S, 50 , 0 , 44 , 22 , 18 , 14 , 2 , 0 , 34.54 , 0 , 0 , 0 , 0 
24-Mar-2010 14:25,201001,GATWICK,DENMARK,COPENHAGEN,NORWEGIAN AIR SHUTTLE,D,S, 50 , 0 , 48 , 18 , 12 , 20 , 2 , 0 , 35.78 , 0 , 0 , 0 , 0 
24-Mar-2010 14:25,201001,GATWICK,DENMARK,COPENHAGEN,SAS,A,S, 0 , 1 , 0 , 0 , 0 , 0 , 0 , 0 , 0 , 0 , 0 , 0 , 0 
24-Mar-2010 14:25,201001,GATWICK,DJIBOUTI REPUBLIC,DJIBOUTI,DAALLO AIRLINES,A,S, 0 , 0 , 0 , 0 , 0 , 0 , 0 , 0 , 0 , 0 , 5 , 20 , 95 
24-Mar-2010 14:25,201001,GATWICK,DJIBOUTI REPUBLIC,DJIBOUTI,DAALLO AIRLINES,D,S, 0 , 0 , 0 , 0 , 0 , 0 , 0 , 0 , 0 , 0 , 4 , 50 , 26.25 
24-Mar-2010 14:25,201001,GATWICK,DOMINICAN REPUBLIC,LA ROMANA,THOMSON AIRWAYS LTD,A,C, 4 , 0 , 50 , 25 , 25 , 0 , 0 , 0 , 16 , 0 , 4 , 50 , 16.75 
24-Mar-2010 14:25,201001,GATWICK,DOMINICAN REPUBLIC,LA ROMANA,THOMSON AIRWAYS LTD,D,C, 5 , 0 , 40 , 60 , 0 , 0 , 0 , 0 , 16 , 0 , 4 , 75 , 12.5 
24-Mar-2010 14:25,201001,GATWICK,DOMINICAN REPUBLIC,PUERTO PLATA,THOMAS COOK AIRLINES LTD,A,C, 4 , 0 , 100 , 0 , 0 , 0 , 0 , 0 , 0 , 0 , 4 , 100 , 1.75 
24-Mar-2010 14:25,201001,GATWICK,DOMINICAN REPUBLIC,PUERTO PLATA,THOMAS COOK AIRLINES LTD,D,C, 4 , 0 , 25 , 25 , 25 , 25 , 0 , 0 , 35.5 , 0 , 4 , 75 , 17.75 
24-Mar-2010 14:25,201001,GATWICK,DOMINICAN REPUBLIC,PUERTO PLATA,THOMSON AIRWAYS LTD,A,C, 9 , 0 , 66.6666666666667 , 0 , 11.1111111111111 , 0 , 22.2222222222222 , 0 , 71.1111111111111 , 0 , 9 , 88.8888888888889 , 40.1111111111111 
24-Mar-2010 14:25,201001,GATWICK,DOMINICAN REPUBLIC,PUERTO PLATA,THOMSON AIRWAYS LTD,D,C, 8 , 0 , 37.5 , 37.5 , 12.5 , 0 , 12.5 , 0 , 51.125 , 0 , 9 , 77.7777777777778 , 12 
24-Mar-2010 14:25,201001,GATWICK,DOMINICAN REPUBLIC,PUNTA CANA,BRITISH AIRWAYS PLC,A,S, 9 , 0 , 55.5555555555556 , 11.1111111111111 , 11.1111111111111 , 22.2222222222222 , 0 , 0 , 36.6666666666667 , 0 , 0 , 0 , 0 
24-Mar-2010 14:25,201001,GATWICK,DOMINICAN REPUBLIC,PUNTA CANA,BRITISH AIRWAYS PLC,D,S, 8 , 0 , 62.5 , 0 , 12.5 , 12.5 , 12.5 , 0 , 45.25 , 0 , 0 , 0 , 0 
24-Mar-2010 14:25,201001,GATWICK,DOMINICAN REPUBLIC,PUNTA CANA,THOMAS COOK AIRLINES LTD,A,C, 4 , 0 , 25 , 50 , 0 , 0 , 0 , 25 , 178.25 , 0 , 5 , 80 , 6.8 
24-Mar-2010 14:25,201001,GATWICK,DOMINICAN REPUBLIC,PUNTA CANA,THOMAS COOK AIRLINES LTD,D,C, 2 , 0 , 100 , 0 , 0 , 0 , 0 , 0 , 1 , 0 , 4 , 75 , 25 
24-Mar-2010 14:25,201001,GATWICK,DOMINICAN REPUBLIC,PUNTA CANA,THOMSON AIRWAYS LTD,A,C, 4 , 0 , 50 , 25 , 0 , 0 , 0 , 25 , 119.5 , 0 , 9 , 77.7777777777778 , 21 
24-Mar-2010 14:25,201001,GATWICK,DOMINICAN REPUBLIC,PUNTA CANA,THOMSON AIRWAYS LTD,D,C, 4 , 0 , 50 , 25 , 0 , 0 , 0 , 25 , 128.75 , 0 , 9 , 55.5555555555556 , 31.7777777777778 
24-Mar-2010 14:25,201001,GATWICK,DOMINICAN REPUBLIC,SANTO DOMINGO,THOMAS COOK AIRLINES LTD,A,C, 0 , 0 , 0 , 0 , 0 , 0 , 0 , 0 , 0 , 0 , 2 , 100 , 0 
24-Mar-2010 14:25,201001,GATWICK,DOMINICAN REPUBLIC,SANTO DOMINGO,THOMAS COOK AIRLINES LTD,D,C, 0 , 0 , 0 , 0 , 0 , 0 , 0 , 0 , 0 , 0 , 2 , 50 , 28 
24-Mar-2010 14:25,201001,GATWICK,EGYPT,HURGHADA,EASYJET AIRLINE COMPANY LTD,A,S, 9 , 0 , 66.6666666666667 , 0 , 11.1111111111111 , 22.2222222222222 , 0 , 0 , 32.5555555555556 , 0 , 9 , 88.8888888888889 , 6.77777777777778 
24-Mar-2010 14:25,201001,GATWICK,EGYPT,HURGHADA,EASYJET AIRLINE COMPANY LTD,D,S, 9 , 0 , 55.5555555555556 , 11.1111111111111 , 11.1111111111111 , 22.2222222222222 , 0 , 0 , 42 , 0 , 9 , 66.6666666666667 , 15.4444444444444 
24-Mar-2010 14:25,201001,GATWICK,EGYPT,HURGHADA,MONARCH AIRLINES,A,C, 2 , 0 , 0 , 0 , 100 , 0 , 0 , 0 , 46 , 0 , 0 , 0 , 0 
24-Mar-2010 14:25,201001,GATWICK,EGYPT,HURGHADA,MONARCH AIRLINES,D,C, 2 , 0 , 100 , 0 , 0 , 0 , 0 , 0 , 5 , 0 , 0 , 0 , 0 
24-Mar-2010 14:25,201001,GATWICK,EGYPT,HURGHADA,THOMAS COOK AIRLINES LTD,A,C, 8 , 0 , 87.5 , 0 , 0 , 0 , 12.5 , 0 , 36.25 , 0 , 7 , 100 , 0 
24-Mar-2010 14:25,201001,GATWICK,EGYPT,HURGHADA,THOMAS COOK AIRLINES LTD,D,C, 9 , 0 , 77.7777777777778 , 0 , 11.1111111111111 , 0 , 11.1111111111111 , 0 , 42.1111111111111 , 0 , 7 , 85.7142857142857 , 3.85714285714286 
24-Mar-2010 14:25,201001,GATWICK,EGYPT,HURGHADA,THOMSON AIRWAYS LTD,A,C, 0 , 0 , 0 , 0 , 0 , 0 , 0 , 0 , 0 , 0 , 3 , 0 , 43.6666666666667 
24-Mar-2010 14:25,201001,GATWICK,EGYPT,HURGHADA,THOMSON AIRWAYS LTD,A,S, 5 , 0 , 40 , 20 , 40 , 0 , 0 , 0 , 19.2 , 0 , 0 , 0 , 0 
24-Mar-2010 14:25,201001,GATWICK,EGYPT,HURGHADA,THOMSON AIRWAYS LTD,D,C, 0 , 0 , 0 , 0 , 0 , 0 , 0 , 0 , 0 , 0 , 3 , 66.6666666666667 , 28 
24-Mar-2010 14:25,201001,GATWICK,EGYPT,HURGHADA,THOMSON AIRWAYS LTD,D,S, 5 , 0 , 40 , 40 , 20 , 0 , 0 , 0 , 15.8 , 0 , 0 , 0 , 0 
24-Mar-2010 14:25,201001,GATWICK,EGYPT,HURGHADA,VIKING AIRLINES,A,C, 5 , 0 , 40 , 0 , 40 , 0 , 20 , 0 , 59.2 , 0 , 5 , 60 , 14.2 
24-Mar-2010 14:25,201001,GATWICK,EGYPT,HURGHADA,VIKING AIRLINES,D,C, 5 , 0 , 40 , 0 , 60 , 0 , 0 , 0 , 32.6 , 0 , 5 , 40 , 43.8 
24-Mar-2010 14:25,201001,GATWICK,EGYPT,LUXOR,MONARCH AIRLINES,A,C, 9 , 0 , 44.4444444444444 , 33.3333333333333 , 22.2222222222222 , 0 , 0 , 0 , 23 , 0 , 8 , 50 , 19.5 
24-Mar-2010 14:25,201001,GATWICK,EGYPT,LUXOR,MONARCH AIRLINES,D,C, 9 , 0 , 66.6666666666667 , 22.2222222222222 , 11.1111111111111 , 0 , 0 , 0 , 13.2222222222222 , 0 , 8 , 87.5 , 7.125 
24-Mar-2010 14:25,201001,GATWICK,EGYPT,LUXOR,THOMAS COOK AIRLINES LTD,A,C, 4 , 0 , 25 , 0 , 0 , 50 , 0 , 25 , 150 , 0 , 4 , 100 , 0 
24-Mar-2010 14:25,201001,GATWICK,EGYPT,LUXOR,THOMAS COOK AIRLINES LTD,D,C, 3 , 0 , 33.3333333333333 , 0 , 33.3333333333333 , 0 , 0 , 33.3333333333333 , 144 , 0 , 4 , 100 , 3.5 
24-Mar-2010 14:25,201001,GATWICK,EGYPT,LUXOR,THOMSON AIRWAYS LTD,A,C, 0 , 0 , 0 , 0 , 0 , 0 , 0 , 0 , 0 , 0 , 8 , 87.5 , 4.625 
24-Mar-2010 14:25,201001,GATWICK,EGYPT,LUXOR,THOMSON AIRWAYS LTD,A,S, 4 , 0 , 50 , 0 , 0 , 0 , 50 , 0 , 124.25 , 0 , 0 , 0 , 0 
24-Mar-2010 14:25,201001,GATWICK,EGYPT,LUXOR,THOMSON AIRWAYS LTD,D,C, 0 , 0 , 0 , 0 , 0 , 0 , 0 , 0 , 0 , 0 , 8 , 62.5 , 10.25 
24-Mar-2010 14:25,201001,GATWICK,EGYPT,LUXOR,THOMSON AIRWAYS LTD,D,S, 3 , 1 , 33.3333333333333 , 33.3333333333333 , 0 , 0 , 0 , 33.3333333333333 , 136.333333333333 , 1 , 0 , 0 , 0 
24-Mar-2010 14:25,201001,GATWICK,EGYPT,LUXOR,VIKING AIRLINES,A,C, 0 , 0 , 0 , 0 , 0 , 0 , 0 , 0 , 0 , 0 , 1 , 100 , 6 
24-Mar-2010 14:25,201001,GATWICK,EGYPT,LUXOR,VIKING AIRLINES,D,C, 0 , 0 , 0 , 0 , 0 , 0 , 0 , 0 , 0 , 0 , 1 , 0 , 17 
24-Mar-2010 14:25,201001,GATWICK,EGYPT,MARSA ALAM,THOMAS COOK AIRLINES LTD,A,C, 0 , 0 , 0 , 0 , 0 , 0 , 0 , 0 , 0 , 0 , 4 , 75 , 10.5 
24-Mar-2010 14:25,201001,GATWICK,EGYPT,MARSA ALAM,THOMAS COOK AIRLINES LTD,D,C, 0 , 0 , 0 , 0 , 0 , 0 , 0 , 0 , 0 , 0 , 4 , 50 , 19 
24-Mar-2010 14:25,201001,GATWICK,EGYPT,MARSA ALAM,THOMSON AIRWAYS LTD,A,C, 0 , 0 , 0 , 0 , 0 , 0 , 0 , 0 , 0 , 0 , 4 , 75 , 12 
24-Mar-2010 14:25,201001,GATWICK,EGYPT,MARSA ALAM,THOMSON AIRWAYS LTD,A,S, 4 , 0 , 75 , 0 , 0 , 0 , 25 , 0 , 53.5 , 0 , 0 , 0 , 0 
24-Mar-2010 14:25,201001,GATWICK,EGYPT,MARSA ALAM,THOMSON AIRWAYS LTD,D,C, 0 , 0 , 0 , 0 , 0 , 0 , 0 , 0 , 0 , 0 , 4 , 50 , 25.5 
24-Mar-2010 14:25,201001,GATWICK,EGYPT,MARSA ALAM,THOMSON AIRWAYS LTD,D,S, 4 , 0 , 50 , 0 , 0 , 0 , 25 , 25 , 188.5 , 1 , 0 , 0 , 0 
24-Mar-2010 14:25,201001,GATWICK,EGYPT,SHARM EL SHEIKH (OPHIRA),BRITISH AIRWAYS PLC,A,S, 13 , 0 , 92.3076923076923 , 0 , 0 , 7.69230769230769 , 0 , 0 , 9.84615384615385 , 0 , 0 , 0 , 0 
24-Mar-2010 14:25,201001,GATWICK,EGYPT,SHARM EL SHEIKH (OPHIRA),BRITISH AIRWAYS PLC,D,S, 13 , 0 , 92.3076923076923 , 0 , 7.69230769230769 , 0 , 0 , 0 , 5.84615384615385 , 0 , 0 , 0 , 0 
24-Mar-2010 14:25,201001,GATWICK,EGYPT,SHARM EL SHEIKH (OPHIRA),EASYJET AIRLINE COMPANY LTD,A,S, 23 , 0 , 52.1739130434783 , 4.34782608695652 , 17.3913043478261 , 21.7391304347826 , 4.34782608695652 , 0 , 38.7391304347826 , 1 , 24 , 83.3333333333333 , 11.4583333333333 
24-Mar-2010 14:25,201001,GATWICK,EGYPT,SHARM EL SHEIKH (OPHIRA),EASYJET AIRLINE COMPANY LTD,D,S, 24 , 0 , 58.3333333333333 , 8.33333333333333 , 16.6666666666667 , 12.5 , 4.16666666666667 , 0 , 29.3333333333333 , 0 , 25 , 72 , 23.4 
24-Mar-2010 14:25,201001,GATWICK,EGYPT,SHARM EL SHEIKH (OPHIRA),MONARCH AIRLINES,A,C, 10 , 0 , 0 , 20 , 40 , 40 , 0 , 0 , 63.3 , 0 , 10 , 40 , 57 
24-Mar-2010 14:25,201001,GATWICK,EGYPT,SHARM EL SHEIKH (OPHIRA),MONARCH AIRLINES,D,C, 11 , 0 , 54.5454545454545 , 9.09090909090909 , 18.1818181818182 , 18.1818181818182 , 0 , 0 , 32.8181818181818 , 0 , 10 , 80 , 48.2 
24-Mar-2010 14:25,201001,GATWICK,EGYPT,SHARM EL SHEIKH (OPHIRA),THOMAS COOK AIRLINES LTD,A,C, 8 , 0 , 75 , 0 , 12.5 , 12.5 , 0 , 0 , 23.75 , 0 , 15 , 86.6666666666667 , 6.06666666666667 
24-Mar-2010 14:25,201001,GATWICK,EGYPT,SHARM EL SHEIKH (OPHIRA),THOMAS COOK AIRLINES LTD,D,C, 8 , 0 , 75 , 12.5 , 0 , 0 , 12.5 , 0 , 28.25 , 0 , 14 , 92.8571428571429 , 3.14285714285714 
24-Mar-2010 14:25,201001,GATWICK,EGYPT,SHARM EL SHEIKH (OPHIRA),THOMSON AIRWAYS LTD,A,S, 35 , 0 , 28.5714285714286 , 14.2857142857143 , 22.8571428571429 , 20 , 5.71428571428571 , 8.57142857142857 , 119.514285714286 , 2 , 32 , 81.25 , 16.375 
24-Mar-2010 14:25,201001,GATWICK,EGYPT,SHARM EL SHEIKH (OPHIRA),THOMSON AIRWAYS LTD,D,S, 34 , 0 , 50 , 23.5294117647059 , 5.88235294117647 , 5.88235294117647 , 5.88235294117647 , 8.82352941176471 , 98.2058823529412 , 4 , 32 , 71.875 , 20.625 
24-Mar-2010 14:25,201001,GATWICK,EGYPT,SHARM EL SHEIKH (OPHIRA),VIKING AIRLINES,A,C, 5 , 0 , 40 , 20 , 20 , 20 , 0 , 0 , 29.2 , 0 , 1 , 0 , 16 
24-Mar-2010 14:25,201001,GATWICK,EGYPT,SHARM EL SHEIKH (OPHIRA),VIKING AIRLINES,D,C, 4 , 0 , 75 , 0 , 25 , 0 , 0 , 0 , 16.5 , 0 , 1 , 0 , 40 
24-Mar-2010 14:25,201001,GATWICK,EGYPT,TABA,MONARCH AIRLINES,A,C, 5 , 0 , 60 , 20 , 0 , 20 , 0 , 0 , 21.2 , 0 , 8 , 87.5 , 10.375 
24-Mar-2010 14:25,201001,GATWICK,EGYPT,TABA,MONARCH AIRLINES,D,C, 5 , 0 , 20 , 80 , 0 , 0 , 0 , 0 , 19.8 , 0 , 9 , 66.6666666666667 , 19.4444444444444 
24-Mar-2010 14:25,201001,GATWICK,EGYPT,TABA,THOMSON AIRWAYS LTD,A,C, 0 , 0 , 0 , 0 , 0 , 0 , 0 , 0 , 0 , 0 , 4 , 75 , 15.25 
24-Mar-2010 14:25,201001,GATWICK,EGYPT,TABA,THOMSON AIRWAYS LTD,A,S, 3 , 0 , 66.6666666666667 , 0 , 0 , 33.3333333333333 , 0 , 0 , 24.6666666666667 , 1 , 0 , 0 , 0 
24-Mar-2010 14:25,201001,GATWICK,EGYPT,TABA,THOMSON AIRWAYS LTD,D,C, 0 , 0 , 0 , 0 , 0 , 0 , 0 , 0 , 0 , 0 , 4 , 75 , 6.25 
24-Mar-2010 14:25,201001,GATWICK,EGYPT,TABA,THOMSON AIRWAYS LTD,D,S, 4 , 0 , 100 , 0 , 0 , 0 , 0 , 0 , 4.25 , 0 , 0 , 0 , 0 
24-Mar-2010 14:25,201001,GATWICK,EGYPT,TABA,VIKING AIRLINES,A,C, 0 , 0 , 0 , 0 , 0 , 0 , 0 , 0 , 0 , 0 , 1 , 0 , 88 
24-Mar-2010 14:25,201001,GATWICK,ESTONIA,TALLIN,ESTONIAN AIR,A,S, 9 , 0 , 55.5555555555556 , 11.1111111111111 , 0 , 22.2222222222222 , 11.1111111111111 , 0 , 59.3333333333333 , 0 , 18 , 88.8888888888889 , 9.55555555555556 
24-Mar-2010 14:25,201001,GATWICK,ESTONIA,TALLIN,ESTONIAN AIR,D,S, 9 , 0 , 55.5555555555556 , 0 , 11.1111111111111 , 22.2222222222222 , 11.1111111111111 , 0 , 66.4444444444444 , 0 , 18 , 88.8888888888889 , 9.94444444444444 
24-Mar-2010 14:25,201001,GATWICK,FINLAND,ENONTEKIO,BMI BRITISH MIDLAND,A,C, 1 , 0 , 100 , 0 , 0 , 0 , 0 , 0 , 3 , 0 , 0 , 0 , 0 
24-Mar-2010 14:25,201001,GATWICK,FINLAND,ENONTEKIO,BMI BRITISH MIDLAND,D,C, 1 , 0 , 100 , 0 , 0 , 0 , 0 , 0 , 6 , 0 , 0 , 0 , 0 
24-Mar-2010 14:25,201001,GATWICK,FINLAND,ENONTEKIO,HAMBURG INTERNATIONAL,A,C, 0 , 0 , 0 , 0 , 0 , 0 , 0 , 0 , 0 , 0 , 2 , 50 , 10 
24-Mar-2010 14:25,201001,GATWICK,FINLAND,ENONTEKIO,HAMBURG INTERNATIONAL,D,C, 0 , 0 , 0 , 0 , 0 , 0 , 0 , 0 , 0 , 0 , 1 , 100 , 0 
24-Mar-2010 14:25,201001,GATWICK,FINLAND,HELSINKI,EASYJET AIRLINE COMPANY LTD,A,S, 27 , 0 , 40.7407407407407 , 29.6296296296296 , 11.1111111111111 , 18.5185185185185 , 0 , 0 , 30.3333333333333 , 2 , 31 , 77.4193548387097 , 11 
24-Mar-2010 14:25,201001,GATWICK,FINLAND,HELSINKI,EASYJET AIRLINE COMPANY LTD,D,S, 28 , 0 , 60.7142857142857 , 21.4285714285714 , 10.7142857142857 , 7.14285714285714 , 0 , 0 , 19.1071428571429 , 1 , 31 , 83.8709677419355 , 9.35483870967742 
24-Mar-2010 14:25,201001,GATWICK,FINLAND,KITTILA,MONARCH AIRLINES,A,C, 6 , 0 , 16.6666666666667 , 33.3333333333333 , 33.3333333333333 , 16.6666666666667 , 0 , 0 , 49.5 , 0 , 5 , 40 , 47.6 
24-Mar-2010 14:25,201001,GATWICK,FINLAND,KITTILA,MONARCH AIRLINES,D,C, 5 , 0 , 40 , 40 , 0 , 20 , 0 , 0 , 31.8 , 0 , 4 , 50 , 40 
24-Mar-2010 14:25,201001,GATWICK,FINLAND,KITTILA,THOMSON AIRWAYS LTD,A,C, 1 , 0 , 0 , 0 , 0 , 0 , 100 , 0 , 356 , 0 , 6 , 33.3333333333333 , 29.6666666666667 
24-Mar-2010 14:25,201001,GATWICK,FINLAND,KITTILA,THOMSON AIRWAYS LTD,D,C, 0 , 0 , 0 , 0 , 0 , 0 , 0 , 0 , 0 , 0 , 4 , 75 , 11 
24-Mar-2010 14:25,201001,GATWICK,FINLAND,KUUSAMO,EASYJET AIRLINE COMPANY LTD,A,C, 0 , 0 , 0 , 0 , 0 , 0 , 0 , 0 , 0 , 0 , 4 , 50 , 15 
24-Mar-2010 14:25,201001,GATWICK,FINLAND,KUUSAMO,EASYJET AIRLINE COMPANY LTD,D,C, 0 , 0 , 0 , 0 , 0 , 0 , 0 , 0 , 0 , 0 , 4 , 100 , 3.5 
24-Mar-2010 14:25,201001,GATWICK,FINLAND,KUUSAMO,JET2.COM LTD,A,C, 5 , 0 , 40 , 20 , 40 , 0 , 0 , 0 , 29.4 , 0 , 0 , 0 , 0 
24-Mar-2010 14:25,201001,GATWICK,FINLAND,KUUSAMO,JET2.COM LTD,D,C, 5 , 0 , 20 , 20 , 60 , 0 , 0 , 0 , 29.2 , 0 , 0 , 0 , 0 
24-Mar-2010 14:25,201001,GATWICK,FINLAND,KUUSAMO,THOMSON AIRWAYS LTD,A,C, 0 , 0 , 0 , 0 , 0 , 0 , 0 , 0 , 0 , 0 , 4 , 0 , 75.25 
24-Mar-2010 14:25,201001,GATWICK,FINLAND,KUUSAMO,THOMSON AIRWAYS LTD,D,C, 0 , 0 , 0 , 0 , 0 , 0 , 0 , 0 , 0 , 0 , 4 , 0 , 54.5 
24-Mar-2010 14:25,201001,GATWICK,FRANCE,BORDEAUX,BRITISH AIRWAYS PLC,A,S, 51 , 0 , 70.5882352941176 , 11.7647058823529 , 9.80392156862745 , 5.88235294117647 , 0 , 1.96078431372549 , 23.156862745098 , 0 , 51 , 82.3529411764706 , 7.64705882352941 
24-Mar-2010 14:25,201001,GATWICK,FRANCE,BORDEAUX,BRITISH AIRWAYS PLC,D,S, 51 , 0 , 78.4313725490196 , 5.88235294117647 , 11.7647058823529 , 3.92156862745098 , 0 , 0 , 12.7450980392157 , 0 , 51 , 90.1960784313725 , 4.01960784313725 
24-Mar-2010 14:25,201001,GATWICK,FRANCE,CHAMBERY,CIRRUS LUFTFAHRT,A,C, 0 , 1 , 0 , 0 , 0 , 0 , 0 , 0 , 0 , 0 , 0 , 0 , 0 
24-Mar-2010 14:25,201001,GATWICK,FRANCE,CHAMBERY,FLYBE LTD,A,C, 5 , 0 , 20 , 20 , 20 , 20 , 0 , 20 , 124 , 0 , 5 , 40 , 76.6 
24-Mar-2010 14:25,201001,GATWICK,FRANCE,CHAMBERY,FLYBE LTD,D,C, 5 , 0 , 40 , 40 , 0 , 0 , 20 , 0 , 55.6 , 0 , 5 , 60 , 59.8 
24-Mar-2010 14:25,201001,GATWICK,FRANCE,CHAMBERY,HAMBURG INTERNATIONAL,A,C, 10 , 0 , 70 , 10 , 0 , 10 , 10 , 0 , 38.2 , 0 , 13 , 61.5384615384615 , 22.9230769230769 
24-Mar-2010 14:25,201001,GATWICK,FRANCE,CHAMBERY,HAMBURG INTERNATIONAL,D,C, 10 , 0 , 70 , 10 , 10 , 0 , 10 , 0 , 29 , 0 , 13 , 61.5384615384615 , 26.7692307692308 
24-Mar-2010 14:25,201001,GATWICK,FRANCE,CHAMBERY,JET2.COM LTD,A,C, 10 , 0 , 50 , 20 , 20 , 10 , 0 , 0 , 33.8 , 0 , 0 , 0 , 0 
24-Mar-2010 14:25,201001,GATWICK,FRANCE,CHAMBERY,JET2.COM LTD,D,C, 10 , 0 , 40 , 40 , 0 , 10 , 10 , 0 , 45.6 , 0 , 0 , 0 , 0 
24-Mar-2010 14:25,201001,GATWICK,FRANCE,CHAMBERY,THOMSON AIRWAYS LTD,A,C, 19 , 0 , 31.5789473684211 , 10.5263157894737 , 15.7894736842105 , 26.3157894736842 , 10.5263157894737 , 5.26315789473684 , 101.105263157895 , 0 , 18 , 27.7777777777778 , 107.944444444444 
24-Mar-2010 14:25,201001,GATWICK,FRANCE,CHAMBERY,THOMSON AIRWAYS LTD,D,C, 19 , 0 , 31.5789473684211 , 31.5789473684211 , 21.0526315789474 , 15.7894736842105 , 0 , 0 , 40.4736842105263 , 0 , 19 , 21.0526315789474 , 60.1578947368421 
24-Mar-2010 14:25,201001,GATWICK,FRANCE,CHAMBERY,TITAN AIRWAYS LTD,A,C, 11 , 0 , 45.4545454545455 , 0 , 9.09090909090909 , 27.2727272727273 , 9.09090909090909 , 9.09090909090909 , 100.636363636364 , 0 , 19 , 42.1052631578947 , 56.6842105263158 
24-Mar-2010 14:25,201001,GATWICK,FRANCE,CHAMBERY,TITAN AIRWAYS LTD,D,C, 10 , 0 , 50 , 0 , 0 , 30 , 20 , 0 , 77.9 , 0 , 18 , 50 , 40.8888888888889 
24-Mar-2010 14:25,201001,GATWICK,FRANCE,CHAMBERY,VIKING AIRLINES,A,C, 5 , 0 , 40 , 40 , 0 , 0 , 0 , 20 , 154.8 , 0 , 4 , 25 , 55 
24-Mar-2010 14:25,201001,GATWICK,FRANCE,CHAMBERY,VIKING AIRLINES,D,C, 5 , 0 , 60 , 20 , 0 , 0 , 0 , 20 , 152.4 , 0 , 4 , 50 , 51 
24-Mar-2010 14:25,201001,GATWICK,FRANCE,GRENOBLE,BMI BRITISH MIDLAND,A,C, 5 , 0 , 100 , 0 , 0 , 0 , 0 , 0 , 6 , 0 , 4 , 50 , 78.5 
24-Mar-2010 14:25,201001,GATWICK,FRANCE,GRENOBLE,BMI BRITISH MIDLAND,D,C, 5 , 0 , 20 , 60 , 0 , 0 , 20 , 0 , 63 , 0 , 5 , 40 , 67 
24-Mar-2010 14:25,201001,GATWICK,FRANCE,GRENOBLE,BRITISH AIRWAYS PLC,A,C, 0 , 0 , 0 , 0 , 0 , 0 , 0 , 0 , 0 , 0 , 5 , 80 , 9 
24-Mar-2010 14:25,201001,GATWICK,FRANCE,GRENOBLE,BRITISH AIRWAYS PLC,D,C, 0 , 0 , 0 , 0 , 0 , 0 , 0 , 0 , 0 , 0 , 5 , 100 , 3.8 
24-Mar-2010 14:25,201001,GATWICK,FRANCE,GRENOBLE,EASYJET AIRLINE COMPANY LTD,A,S, 34 , 0 , 58.8235294117647 , 2.94117647058824 , 11.7647058823529 , 20.5882352941176 , 2.94117647058824 , 2.94117647058824 , 47.4117647058824 , 2 , 34 , 67.6470588235294 , 19.3235294117647 
24-Mar-2010 14:25,201001,GATWICK,FRANCE,GRENOBLE,EASYJET AIRLINE COMPANY LTD,D,S, 36 , 0 , 72.2222222222222 , 0 , 5.55555555555556 , 19.4444444444444 , 0 , 2.77777777777778 , 38.75 , 1 , 34 , 82.3529411764706 , 8.85294117647059 
24-Mar-2010 14:25,201001,GATWICK,FRANCE,GRENOBLE,FLYBE LTD,A,C, 0 , 0 , 0 , 0 , 0 , 0 , 0 , 0 , 0 , 0 , 5 , 40 , 45.8 
24-Mar-2010 14:25,201001,GATWICK,FRANCE,GRENOBLE,FLYBE LTD,D,C, 0 , 0 , 0 , 0 , 0 , 0 , 0 , 0 , 0 , 0 , 5 , 80 , 32.8 
24-Mar-2010 14:25,201001,GATWICK,FRANCE,GRENOBLE,MONARCH AIRLINES,A,C, 35 , 0 , 20 , 11.4285714285714 , 31.4285714285714 , 28.5714285714286 , 8.57142857142857 , 0 , 68.6 , 0 , 27 , 25.9259259259259 , 49.4814814814815 
24-Mar-2010 14:25,201001,GATWICK,FRANCE,GRENOBLE,MONARCH AIRLINES,D,C, 35 , 0 , 51.4285714285714 , 11.4285714285714 , 14.2857142857143 , 17.1428571428571 , 5.71428571428571 , 0 , 43.8 , 0 , 27 , 74.0740740740741 , 21.1111111111111 
24-Mar-2010 14:25,201001,GATWICK,FRANCE,GRENOBLE,THOMAS COOK AIRLINES LTD,A,C, 10 , 0 , 30 , 10 , 10 , 30 , 20 , 0 , 93.7 , 0 , 16 , 18.75 , 70.875 
24-Mar-2010 14:25,201001,GATWICK,FRANCE,GRENOBLE,THOMAS COOK AIRLINES LTD,D,C, 10 , 0 , 20 , 10 , 30 , 30 , 10 , 0 , 60.2 , 0 , 15 , 46.6666666666667 , 42.6 
24-Mar-2010 14:25,201001,GATWICK,FRANCE,GRENOBLE,THOMSON AIRWAYS LTD,A,C, 20 , 0 , 65 , 10 , 5 , 10 , 5 , 5 , 53.6 , 0 , 23 , 17.3913043478261 , 74.2173913043478 
24-Mar-2010 14:25,201001,GATWICK,FRANCE,GRENOBLE,THOMSON AIRWAYS LTD,D,C, 20 , 0 , 50 , 20 , 10 , 15 , 5 , 0 , 39.2 , 0 , 23 , 43.4782608695652 , 43.9130434782609 
24-Mar-2010 14:25,201001,GATWICK,FRANCE,GRENOBLE,TITAN AIRWAYS LTD,A,C, 0 , 0 , 0 , 0 , 0 , 0 , 0 , 0 , 0 , 0 , 1 , 100 , 13 
24-Mar-2010 14:25,201001,GATWICK,FRANCE,LYON,EASYJET AIRLINE COMPANY LTD,A,S, 52 , 0 , 53.8461538461538 , 15.3846153846154 , 17.3076923076923 , 11.5384615384615 , 1.92307692307692 , 0 , 31.0192307692308 , 5 , 62 , 88.7096774193548 , 10.5322580645161 
24-Mar-2010 14:25,201001,GATWICK,FRANCE,LYON,EASYJET AIRLINE COMPANY LTD,D,S, 52 , 0 , 55.7692307692308 , 25 , 11.5384615384615 , 7.69230769230769 , 0 , 0 , 20.1923076923077 , 2 , 62 , 85.4838709677419 , 6.19354838709677 
24-Mar-2010 14:25,201001,GATWICK,FRANCE,MARSEILLE,BRITISH AIRWAYS PLC,A,S, 39 , 0 , 46.1538461538462 , 17.9487179487179 , 28.2051282051282 , 5.12820512820513 , 2.56410256410256 , 0 , 34 , 0 , 53 , 88.6792452830189 , 5.22641509433962 
24-Mar-2010 14:25,201001,GATWICK,FRANCE,MARSEILLE,BRITISH AIRWAYS PLC,D,S, 39 , 0 , 64.1025641025641 , 17.9487179487179 , 10.2564102564103 , 5.12820512820513 , 2.56410256410256 , 0 , 21.4871794871795 , 0 , 53 , 90.5660377358491 , 3.73584905660377 
24-Mar-2010 14:25,201001,GATWICK,FRANCE,MARSEILLE,EASYJET AIRLINE COMPANY LTD,A,S, 28 , 0 , 75 , 7.14285714285714 , 7.14285714285714 , 10.7142857142857 , 0 , 0 , 19.3571428571429 , 0 , 30 , 83.3333333333333 , 15.0333333333333 
24-Mar-2010 14:25,201001,GATWICK,FRANCE,MARSEILLE,EASYJET AIRLINE COMPANY LTD,D,S, 28 , 0 , 67.8571428571429 , 14.2857142857143 , 7.14285714285714 , 10.7142857142857 , 0 , 0 , 19.3928571428571 , 0 , 29 , 82.7586206896552 , 12.9310344827586 
24-Mar-2010 14:25,201001,GATWICK,FRANCE,MONTPELLIER,EASYJET AIRLINE COMPANY LTD,A,S, 15 , 0 , 33.3333333333333 , 13.3333333333333 , 26.6666666666667 , 26.6666666666667 , 0 , 0 , 39.0666666666667 , 1 , 17 , 82.3529411764706 , 10 
24-Mar-2010 14:25,201001,GATWICK,FRANCE,MONTPELLIER,EASYJET AIRLINE COMPANY LTD,D,S, 15 , 0 , 33.3333333333333 , 6.66666666666667 , 40 , 20 , 0 , 0 , 38.2666666666667 , 1 , 17 , 76.4705882352941 , 13.0588235294118 
24-Mar-2010 14:25,201001,GATWICK,FRANCE,NICE,EASYJET AIRLINE COMPANY LTD,A,S, 50 , 1 , 50 , 20 , 12 , 18 , 0 , 0 , 28.62 , 3 , 58 , 75.8620689655172 , 13.0172413793103 
24-Mar-2010 14:25,201001,GATWICK,FRANCE,NICE,EASYJET AIRLINE COMPANY LTD,D,S, 51 , 0 , 60.7843137254902 , 11.7647058823529 , 11.7647058823529 , 15.6862745098039 , 0 , 0 , 24.8823529411765 , 1 , 58 , 77.5862068965517 , 11.0862068965517 
24-Mar-2010 14:25,201001,GATWICK,FRANCE,PARIS (ORLY),CUBANA,A,S, 0 , 0 , 0 , 0 , 0 , 0 , 0 , 0 , 0 , 0 , 1 , 100 , 0 
24-Mar-2010 14:25,201001,GATWICK,FRANCE,STRASBOURG,THY TURK HAVA YOLLARI TURKISH,D,C, 0 , 1 , 0 , 0 , 0 , 0 , 0 , 0 , 0 , 0 , 0 , 0 , 0 
24-Mar-2010 14:25,201001,GATWICK,FRANCE,TOULOUSE (BLAGNAC),BRITISH AIRWAYS PLC,A,S, 0 , 0 , 0 , 0 , 0 , 0 , 0 , 0 , 0 , 0 , 84 , 85.7142857142857 , 7.33333333333333 
24-Mar-2010 14:25,201001,GATWICK,FRANCE,TOULOUSE (BLAGNAC),BRITISH AIRWAYS PLC,D,S, 0 , 0 , 0 , 0 , 0 , 0 , 0 , 0 , 0 , 0 , 87 , 85.0574712643678 , 7.55172413793103 
24-Mar-2010 14:25,201001,GATWICK,FRANCE,TOULOUSE (BLAGNAC),EASYJET AIRLINE COMPANY LTD,A,S, 75 , 0 , 69.3333333333333 , 8 , 9.33333333333333 , 12 , 1.33333333333333 , 0 , 22.52 , 3 , 58 , 70.6896551724138 , 19.3620689655172 
24-Mar-2010 14:25,201001,GATWICK,FRANCE,TOULOUSE (BLAGNAC),EASYJET AIRLINE COMPANY LTD,D,S, 77 , 0 , 71.4285714285714 , 7.79220779220779 , 11.6883116883117 , 7.79220779220779 , 1.2987012987013 , 0 , 19.6363636363636 , 1 , 59 , 74.5762711864407 , 16.4406779661017 
24-Mar-2010 14:25,201001,GATWICK,FRANCE,TOULOUSE (BLAGNAC),MONARCH AIRLINES,A,C, 4 , 0 , 50 , 50 , 0 , 0 , 0 , 0 , 11.25 , 0 , 4 , 0 , 50.75 
24-Mar-2010 14:25,201001,GATWICK,FRANCE,TOULOUSE (BLAGNAC),MONARCH AIRLINES,D,C, 4 , 0 , 75 , 25 , 0 , 0 , 0 , 0 , 8 , 0 , 4 , 75 , 12.5 
24-Mar-2010 14:25,201001,GATWICK,FRANCE,TOULOUSE (BLAGNAC),THOMAS COOK AIRLINES LTD,A,C, 10 , 0 , 70 , 10 , 10 , 10 , 0 , 0 , 18.5 , 0 , 8 , 75 , 23.625 
24-Mar-2010 14:25,201001,GATWICK,FRANCE,TOULOUSE (BLAGNAC),THOMAS COOK AIRLINES LTD,D,C, 10 , 0 , 80 , 10 , 0 , 10 , 0 , 0 , 12.3 , 0 , 8 , 87.5 , 14.5 
24-Mar-2010 14:25,201001,GATWICK,FRANCE,TOULOUSE (BLAGNAC),THOMSON AIRWAYS LTD,A,C, 5 , 0 , 20 , 20 , 60 , 0 , 0 , 0 , 29.4 , 0 , 8 , 62.5 , 40.875 
24-Mar-2010 14:25,201001,GATWICK,FRANCE,TOULOUSE (BLAGNAC),THOMSON AIRWAYS LTD,D,C, 5 , 0 , 100 , 0 , 0 , 0 , 0 , 0 , 8.2 , 0 , 8 , 75 , 11.25 
24-Mar-2010 14:25,201001,GATWICK,GAMBIA,BANJUL,HAMBURG INTERNATIONAL,A,C, 0 , 0 , 0 , 0 , 0 , 0 , 0 , 0 , 0 , 0 , 1 , 0 , 30 
24-Mar-2010 14:25,201001,GATWICK,GAMBIA,BANJUL,MONARCH AIRLINES,A,C, 9 , 0 , 44.4444444444444 , 11.1111111111111 , 11.1111111111111 , 22.2222222222222 , 0 , 11.1111111111111 , 198.555555555556 , 0 , 9 , 33.3333333333333 , 69.4444444444444 
24-Mar-2010 14:25,201001,GATWICK,GAMBIA,BANJUL,MONARCH AIRLINES,D,C, 9 , 0 , 66.6666666666667 , 0 , 11.1111111111111 , 22.2222222222222 , 0 , 0 , 32.1111111111111 , 0 , 9 , 44.4444444444444 , 68.5555555555556 
24-Mar-2010 14:25,201001,GATWICK,GAMBIA,BANJUL,THOMAS COOK AIRLINES LTD,A,C, 13 , 0 , 61.5384615384615 , 0 , 0 , 23.0769230769231 , 7.69230769230769 , 7.69230769230769 , 87.3846153846154 , 0 , 10 , 60 , 14.6 
24-Mar-2010 14:25,201001,GATWICK,GAMBIA,BANJUL,THOMAS COOK AIRLINES LTD,D,C, 12 , 0 , 41.6666666666667 , 16.6666666666667 , 16.6666666666667 , 8.33333333333333 , 8.33333333333333 , 8.33333333333333 , 85.5833333333333 , 0 , 10 , 80 , 9.3 
24-Mar-2010 14:25,201001,GATWICK,GAMBIA,BANJUL,THOMSON AIRWAYS LTD,A,C, 0 , 0 , 0 , 0 , 0 , 0 , 0 , 0 , 0 , 0 , 5 , 80 , 5 
24-Mar-2010 14:25,201001,GATWICK,GAMBIA,BANJUL,THOMSON AIRWAYS LTD,D,C, 0 , 0 , 0 , 0 , 0 , 0 , 0 , 0 , 0 , 0 , 5 , 80 , 7.2 
24-Mar-2010 14:25,201001,GATWICK,GERMANY,BERLIN (SCHONEFELD),EASYJET AIRLINE COMPANY LTD,A,S, 71 , 0 , 38.0281690140845 , 29.5774647887324 , 12.6760563380282 , 16.9014084507042 , 2.8169014084507 , 0 , 40.0704225352113 , 3 , 46 , 73.9130434782609 , 13.695652173913 
24-Mar-2010 14:25,201001,GATWICK,GERMANY,BERLIN (SCHONEFELD),EASYJET AIRLINE COMPANY LTD,D,S, 70 , 0 , 62.8571428571429 , 7.14285714285714 , 12.8571428571429 , 12.8571428571429 , 2.85714285714286 , 1.42857142857143 , 40.6571428571429 , 1 , 46 , 58.695652173913 , 19.6304347826087 
24-Mar-2010 14:25,201001,GATWICK,GERMANY,COLOGNE BONN,EASYJET AIRLINE COMPANY LTD,A,S, 38 , 0 , 39.4736842105263 , 15.7894736842105 , 15.7894736842105 , 28.9473684210526 , 0 , 0 , 41.5526315789474 , 4 , 32 , 78.125 , 6.71875 
24-Mar-2010 14:25,201001,GATWICK,GERMANY,COLOGNE BONN,EASYJET AIRLINE COMPANY LTD,D,S, 38 , 0 , 52.6315789473684 , 10.5263157894737 , 13.1578947368421 , 23.6842105263158 , 0 , 0 , 33.0263157894737 , 3 , 32 , 78.125 , 6.25 
24-Mar-2010 14:25,201001,GATWICK,GERMANY,DUSSELDORF,FLYBE LTD,A,S, 48 , 0 , 58.3333333333333 , 16.6666666666667 , 12.5 , 6.25 , 6.25 , 0 , 29.875 , 3 , 0 , 0 , 0 
24-Mar-2010 14:25,201001,GATWICK,GERMANY,DUSSELDORF,FLYBE LTD,D,S, 49 , 0 , 73.469387755102 , 8.16326530612245 , 10.2040816326531 , 6.12244897959184 , 2.04081632653061 , 0 , 20.6938775510204 , 4 , 0 , 0 , 0 
24-Mar-2010 14:25,201001,GATWICK,GERMANY,FRANKFURT MAIN,BRITISH AIRWAYS PLC,A,S, 0 , 1 , 0 , 0 , 0 , 0 , 0 , 0 , 0 , 0 , 0 , 0 , 0 
24-Mar-2010 14:25,201001,GATWICK,GERMANY,FRANKFURT MAIN,FLYBE LTD,A,S, 0 , 2 , 0 , 0 , 0 , 0 , 0 , 0 , 0 , 0 , 0 , 0 , 0 
24-Mar-2010 14:25,201001,GATWICK,GERMANY,FRIEDRICHSHAFEN,BMI BRITISH MIDLAND,A,C, 0 , 0 , 0 , 0 , 0 , 0 , 0 , 0 , 0 , 0 , 8 , 100 , 0 
24-Mar-2010 14:25,201001,GATWICK,GERMANY,FRIEDRICHSHAFEN,BMI BRITISH MIDLAND,D,C, 0 , 0 , 0 , 0 , 0 , 0 , 0 , 0 , 0 , 0 , 8 , 100 , 3 
24-Mar-2010 14:25,201001,GATWICK,GERMANY,FRIEDRICHSHAFEN,VIKING AIRLINES,A,C, 5 , 0 , 80 , 20 , 0 , 0 , 0 , 0 , 6.6 , 0 , 0 , 0 , 0 
24-Mar-2010 14:25,201001,GATWICK,GERMANY,FRIEDRICHSHAFEN,VIKING AIRLINES,D,C, 5 , 0 , 40 , 60 , 0 , 0 , 0 , 0 , 14.2 , 0 , 0 , 0 , 0 
24-Mar-2010 14:25,201001,GATWICK,GERMANY,MUNICH,AER LINGUS,A,S, 40 , 0 , 50 , 22.5 , 10 , 15 , 2.5 , 0 , 29.45 , 3 , 0 , 0 , 0 
24-Mar-2010 14:25,201001,GATWICK,GERMANY,MUNICH,AER LINGUS,D,S, 42 , 0 , 52.3809523809524 , 11.9047619047619 , 26.1904761904762 , 9.52380952380952 , 0 , 0 , 24.7857142857143 , 2 , 0 , 0 , 0 
24-Mar-2010 14:25,201001,GATWICK,GERMANY,MUNICH,EASYJET AIRLINE COMPANY LTD,A,S, 69 , 0 , 55.0724637681159 , 10.1449275362319 , 14.4927536231884 , 18.8405797101449 , 1.44927536231884 , 0 , 35.7246376811594 , 8 , 0 , 0 , 0 
24-Mar-2010 14:25,201001,GATWICK,GERMANY,MUNICH,EASYJET AIRLINE COMPANY LTD,D,S, 70 , 0 , 68.5714285714286 , 8.57142857142857 , 5.71428571428571 , 17.1428571428571 , 0 , 0 , 21.2857142857143 , 5 , 0 , 0 , 0 
24-Mar-2010 14:25,201001,GATWICK,GERMANY,NIEDERRHEIN,RYANAIR,A,S, 0 , 0 , 0 , 0 , 0 , 0 , 0 , 0 , 0 , 0 , 25 , 92 , 6.8 
24-Mar-2010 14:25,201001,GATWICK,GERMANY,NIEDERRHEIN,RYANAIR,D,S, 0 , 0 , 0 , 0 , 0 , 0 , 0 , 0 , 0 , 0 , 25 , 92 , 5.56 
24-Mar-2010 14:25,201001,GATWICK,GHANA,ACCRA,GHANA INTERNATIONAL AIRLINES,A,S, 20 , 0 , 20 , 35 , 15 , 30 , 0 , 0 , 51.1 , 1 , 23 , 86.9565217391304 , 4.95652173913043 
24-Mar-2010 14:25,201001,GATWICK,GHANA,ACCRA,GHANA INTERNATIONAL AIRLINES,D,S, 20 , 0 , 40 , 10 , 25 , 25 , 0 , 0 , 36.15 , 1 , 23 , 78.2608695652174 , 14.4782608695652 
24-Mar-2010 14:25,201001,GATWICK,GIBRALTAR,GIBRALTAR,BRITISH AIRWAYS PLC,A,S, 0 , 0 , 0 , 0 , 0 , 0 , 0 , 0 , 0 , 0 , 31 , 93.5483870967742 , 12.0967741935484 
24-Mar-2010 14:25,201001,GATWICK,GIBRALTAR,GIBRALTAR,BRITISH AIRWAYS PLC,D,S, 0 , 0 , 0 , 0 , 0 , 0 , 0 , 0 , 0 , 0 , 31 , 93.5483870967742 , 3.83870967741936 
24-Mar-2010 14:25,201001,GATWICK,GIBRALTAR,GIBRALTAR,EASYJET AIRLINE COMPANY LTD,A,S, 28 , 0 , 60.7142857142857 , 17.8571428571429 , 10.7142857142857 , 7.14285714285714 , 3.57142857142857 , 0 , 29.25 , 0 , 36 , 77.7777777777778 , 24.5555555555556 
24-Mar-2010 14:25,201001,GATWICK,GIBRALTAR,GIBRALTAR,EASYJET AIRLINE COMPANY LTD,D,S, 29 , 0 , 58.6206896551724 , 13.7931034482759 , 24.1379310344828 , 3.44827586206897 , 0 , 0 , 16.2068965517241 , 0 , 37 , 86.4864864864865 , 6.18918918918919 
24-Mar-2010 14:25,201001,GATWICK,GREECE,ATHENS,EASYJET AIRLINE COMPANY LTD,A,S, 45 , 0 , 44.4444444444444 , 17.7777777777778 , 20 , 17.7777777777778 , 0 , 0 , 30.8444444444444 , 3 , 47 , 63.8297872340426 , 23.2553191489362 
24-Mar-2010 14:25,201001,GATWICK,GREECE,ATHENS,EASYJET AIRLINE COMPANY LTD,D,S, 46 , 0 , 56.5217391304348 , 10.8695652173913 , 19.5652173913043 , 13.0434782608696 , 0 , 0 , 22.804347826087 , 1 , 47 , 82.9787234042553 , 7.46808510638298 
24-Mar-2010 14:25,201001,GATWICK,GREECE,ATHENS,OLYMPIC AIR,A,S, 14 , 0 , 92.8571428571429 , 7.14285714285714 , 0 , 0 , 0 , 0 , 2.57142857142857 , 3 , 0 , 0 , 0 
24-Mar-2010 14:25,201001,GATWICK,GREECE,ATHENS,OLYMPIC AIR,D,S, 14 , 0 , 85.7142857142857 , 7.14285714285714 , 7.14285714285714 , 0 , 0 , 0 , 7.42857142857143 , 3 , 0 , 0 , 0 
24-Mar-2010 14:25,201001,GATWICK,GREECE,ATHENS,OLYMPIC AIRLINES,A,S, 0 , 0 , 0 , 0 , 0 , 0 , 0 , 0 , 0 , 0 , 16 , 75 , 12.375 
24-Mar-2010 14:25,201001,GATWICK,GREECE,ATHENS,OLYMPIC AIRLINES,D,S, 0 , 0 , 0 , 0 , 0 , 0 , 0 , 0 , 0 , 0 , 16 , 75 , 27.375 
24-Mar-2010 14:25,201001,GATWICK,GREECE,SALONIKA,BRITISH AIRWAYS PLC,A,S, 13 , 0 , 84.6153846153846 , 15.3846153846154 , 0 , 0 , 0 , 0 , 5.46153846153846 , 0 , 22 , 90.9090909090909 , 4.54545454545455 
24-Mar-2010 14:25,201001,GATWICK,GREECE,SALONIKA,BRITISH AIRWAYS PLC,D,S, 13 , 0 , 76.9230769230769 , 23.0769230769231 , 0 , 0 , 0 , 0 , 6.92307692307692 , 0 , 22 , 81.8181818181818 , 15.5 
24-Mar-2010 14:25,201001,GATWICK,GREECE,SALONIKA,EASYJET AIRLINE COMPANY LTD,A,S, 16 , 0 , 81.25 , 12.5 , 6.25 , 0 , 0 , 0 , 9.25 , 0 , 16 , 87.5 , 4.4375 
24-Mar-2010 14:25,201001,GATWICK,GREECE,SALONIKA,EASYJET AIRLINE COMPANY LTD,D,S, 16 , 0 , 87.5 , 6.25 , 6.25 , 0 , 0 , 0 , 5.375 , 0 , 16 , 81.25 , 7.25 
24-Mar-2010 14:25,201001,GATWICK,GREECE,SALONIKA,MONARCH AIRLINES,A,C, 1 , 0 , 100 , 0 , 0 , 0 , 0 , 0 , 4 , 0 , 2 , 50 , 10 
24-Mar-2010 14:25,201001,GATWICK,GREECE,SALONIKA,MONARCH AIRLINES,D,C, 2 , 0 , 50 , 0 , 50 , 0 , 0 , 0 , 25 , 0 , 2 , 50 , 17.5 
24-Mar-2010 14:25,201001,GATWICK,GREECE,SALONIKA,THOMSON AIRWAYS LTD,A,C, 0 , 0 , 0 , 0 , 0 , 0 , 0 , 0 , 0 , 0 , 2 , 100 , 3 
24-Mar-2010 14:25,201001,GATWICK,GREECE,SALONIKA,THOMSON AIRWAYS LTD,D,C, 0 , 0 , 0 , 0 , 0 , 0 , 0 , 0 , 0 , 0 , 3 , 100 , 6.33333333333333 
24-Mar-2010 14:25,201001,GATWICK,GRENADA,GRENADA,BRITISH AIRWAYS PLC,A,S, 7 , 0 , 71.4285714285714 , 28.5714285714286 , 0 , 0 , 0 , 0 , 8.42857142857143 , 0 , 9 , 66.6666666666667 , 93.5555555555556 
24-Mar-2010 14:25,201001,GATWICK,GRENADA,GRENADA,BRITISH AIRWAYS PLC,D,S, 9 , 0 , 88.8888888888889 , 11.1111111111111 , 0 , 0 , 0 , 0 , 8.11111111111111 , 0 , 9 , 77.7777777777778 , 11.6666666666667 
24-Mar-2010 14:25,201001,GATWICK,GRENADA,GRENADA,MONARCH AIRLINES,A,C, 4 , 0 , 25 , 0 , 0 , 75 , 0 , 0 , 68 , 0 , 5 , 0 , 57.8 
24-Mar-2010 14:25,201001,GATWICK,GRENADA,GRENADA,MONARCH AIRLINES,D,C, 1 , 0 , 100 , 0 , 0 , 0 , 0 , 0 , 5 , 0 , 4 , 50 , 20.25 
24-Mar-2010 14:25,201001,GATWICK,GRENADA,GRENADA,VIRGIN ATLANTIC AIRWAYS LTD,A,S, 5 , 0 , 60 , 20 , 0 , 20 , 0 , 0 , 33 , 0 , 5 , 20 , 50.8 
24-Mar-2010 14:25,201001,GATWICK,GRENADA,GRENADA,VIRGIN ATLANTIC AIRWAYS LTD,D,S, 4 , 0 , 0 , 50 , 50 , 0 , 0 , 0 , 36 , 0 , 5 , 20 , 44.2 
24-Mar-2010 14:25,201001,GATWICK,HAITI,PORT AU PRINCE,ASTRAEUS LTD,A,C, 1 , 0 , 0 , 0 , 0 , 0 , 100 , 0 , 186 , 0 , 0 , 0 , 0 
24-Mar-2010 14:25,201001,GATWICK,HAITI,PORT AU PRINCE,ASTRAEUS LTD,D,C, 1 , 0 , 0 , 0 , 0 , 0 , 0 , 100 , 383 , 0 , 0 , 0 , 0 
24-Mar-2010 14:25,201001,GATWICK,HUNGARY,BUDAPEST,EASYJET AIRLINE COMPANY LTD,A,S, 27 , 0 , 55.5555555555556 , 3.7037037037037 , 7.40740740740741 , 29.6296296296296 , 3.7037037037037 , 0 , 43.8518518518519 , 1 , 32 , 62.5 , 18.0625 
24-Mar-2010 14:25,201001,GATWICK,HUNGARY,BUDAPEST,EASYJET AIRLINE COMPANY LTD,D,S, 28 , 0 , 60.7142857142857 , 3.57142857142857 , 10.7142857142857 , 25 , 0 , 0 , 34.0357142857143 , 0 , 32 , 84.375 , 8.125 
24-Mar-2010 14:25,201001,GATWICK,HUNGARY,BUDAPEST,MALEV (HUNGARIAN AIRLINES),A,S, 55 , 0 , 61.8181818181818 , 12.7272727272727 , 12.7272727272727 , 10.9090909090909 , 1.81818181818182 , 0 , 27.5636363636364 , 0 , 61 , 80.327868852459 , 11.2295081967213 
24-Mar-2010 14:25,201001,GATWICK,HUNGARY,BUDAPEST,MALEV (HUNGARIAN AIRLINES),D,S, 53 , 1 , 50.9433962264151 , 15.0943396226415 , 13.2075471698113 , 20.7547169811321 , 0 , 0 , 31.811320754717 , 1 , 61 , 68.8524590163934 , 15.344262295082 
24-Mar-2010 14:25,201001,GATWICK,ICELAND,KEFLAVIK,ASTRAEUS LTD,A,S, 18 , 0 , 61.1111111111111 , 22.2222222222222 , 11.1111111111111 , 0 , 0 , 5.55555555555556 , 55.2777777777778 , 0 , 0 , 0 , 0 
24-Mar-2010 14:25,201001,GATWICK,ICELAND,KEFLAVIK,ASTRAEUS LTD,D,C, 0 , 1 , 0 , 0 , 0 , 0 , 0 , 0 , 0 , 0 , 0 , 0 , 0 
24-Mar-2010 14:25,201001,GATWICK,ICELAND,KEFLAVIK,ASTRAEUS LTD,D,S, 17 , 0 , 52.9411764705882 , 0 , 29.4117647058824 , 11.7647058823529 , 0 , 5.88235294117647 , 77.3529411764706 , 0 , 0 , 0 , 0 
24-Mar-2010 14:25,201001,GATWICK,INDIA,GOA,MONARCH AIRLINES,A,C, 9 , 0 , 33.3333333333333 , 11.1111111111111 , 33.3333333333333 , 0 , 22.2222222222222 , 0 , 75 , 0 , 14 , 71.4285714285714 , 10.2857142857143 
24-Mar-2010 14:25,201001,GATWICK,INDIA,GOA,MONARCH AIRLINES,D,C, 9 , 0 , 44.4444444444444 , 22.2222222222222 , 22.2222222222222 , 11.1111111111111 , 0 , 0 , 28 , 0 , 15 , 73.3333333333333 , 11.6 
24-Mar-2010 14:25,201001,GATWICK,INDIA,GOA,THOMAS COOK AIRLINES LTD,A,C, 0 , 1 , 0 , 0 , 0 , 0 , 0 , 0 , 0 , 0 , 4 , 75 , 66 
24-Mar-2010 14:25,201001,GATWICK,INDIA,GOA,THOMAS COOK AIRLINES LTD,D,C, 0 , 0 , 0 , 0 , 0 , 0 , 0 , 0 , 0 , 0 , 5 , 40 , 69 
24-Mar-2010 14:25,201001,GATWICK,INDIA,GOA,THOMSON AIRWAYS LTD,A,C, 5 , 0 , 60 , 20 , 0 , 20 , 0 , 0 , 26.4 , 0 , 9 , 22.2222222222222 , 52.7777777777778 
24-Mar-2010 14:25,201001,GATWICK,INDIA,GOA,THOMSON AIRWAYS LTD,D,C, 5 , 0 , 40 , 0 , 20 , 40 , 0 , 0 , 47.4 , 0 , 10 , 70 , 19.1 
24-Mar-2010 14:25,201001,GATWICK,INDIA,TRIVANDRUM,THOMAS COOK AIRLINES LTD,A,C, 0 , 0 , 0 , 0 , 0 , 0 , 0 , 0 , 0 , 0 , 5 , 80 , 6 
24-Mar-2010 14:25,201001,GATWICK,INDIA,TRIVANDRUM,THOMAS COOK AIRLINES LTD,D,C, 0 , 0 , 0 , 0 , 0 , 0 , 0 , 0 , 0 , 0 , 5 , 60 , 13.6 
24-Mar-2010 14:25,201001,GATWICK,IRISH REPUBLIC,CORK,AUSTRIAN ARROWS,D,C, 0 , 0 , 0 , 0 , 0 , 0 , 0 , 0 , 0 , 0 , 1 , 0 , 67 
24-Mar-2010 14:25,201001,GATWICK,IRISH REPUBLIC,CORK,RYANAIR,A,S, 27 , 0 , 88.8888888888889 , 3.7037037037037 , 3.7037037037037 , 3.7037037037037 , 0 , 0 , 8.14814814814815 , 4 , 31 , 93.5483870967742 , 1.32258064516129 
24-Mar-2010 14:25,201001,GATWICK,IRISH REPUBLIC,CORK,RYANAIR,D,S, 27 , 0 , 77.7777777777778 , 11.1111111111111 , 7.40740740740741 , 0 , 3.7037037037037 , 0 , 12.7037037037037 , 4 , 31 , 93.5483870967742 , 3.16129032258065 
24-Mar-2010 14:25,201001,GATWICK,IRISH REPUBLIC,DUBLIN,AER LINGUS,A,S, 101 , 0 , 72.2772277227723 , 6.93069306930693 , 10.8910891089109 , 9.9009900990099 , 0 , 0 , 17.6435643564356 , 0 , 118 , 85.593220338983 , 9.33050847457627 
24-Mar-2010 14:25,201001,GATWICK,IRISH REPUBLIC,DUBLIN,AER LINGUS,D,S, 99 , 0 , 62.6262626262626 , 8.08080808080808 , 16.1616161616162 , 12.1212121212121 , 0 , 1.01010101010101 , 28.7070707070707 , 1 , 118 , 85.593220338983 , 9.57627118644068 
24-Mar-2010 14:25,201001,GATWICK,IRISH REPUBLIC,DUBLIN,BRITISH AIRWAYS PLC,A,S, 0 , 0 , 0 , 0 , 0 , 0 , 0 , 0 , 0 , 0 , 88 , 79.5454545454545 , 9.07954545454546 
24-Mar-2010 14:25,201001,GATWICK,IRISH REPUBLIC,DUBLIN,BRITISH AIRWAYS PLC,D,S, 0 , 0 , 0 , 0 , 0 , 0 , 0 , 0 , 0 , 0 , 88 , 90.9090909090909 , 4.65909090909091 
24-Mar-2010 14:25,201001,GATWICK,IRISH REPUBLIC,DUBLIN,RYANAIR,A,S, 137 , 0 , 73.7226277372263 , 10.9489051094891 , 11.6788321167883 , 2.91970802919708 , 0.72992700729927 , 0 , 15.3722627737226 , 28 , 185 , 84.3243243243243 , 10.4054054054054 
24-Mar-2010 14:25,201001,GATWICK,IRISH REPUBLIC,DUBLIN,RYANAIR,D,S, 135 , 0 , 73.3333333333333 , 6.66666666666667 , 14.0740740740741 , 5.92592592592593 , 0 , 0 , 17.1703703703704 , 30 , 185 , 83.2432432432432 , 9.94054054054054 
24-Mar-2010 14:25,201001,GATWICK,IRISH REPUBLIC,IRELAND WEST AIRPORT KNOCK ,AER LINGUS,A,S, 20 , 0 , 85 , 5 , 0 , 5 , 5 , 0 , 19.6 , 1 , 0 , 0 , 0 
24-Mar-2010 14:25,201001,GATWICK,IRISH REPUBLIC,IRELAND WEST AIRPORT KNOCK ,AER LINGUS,D,S, 22 , 0 , 63.6363636363636 , 13.6363636363636 , 9.09090909090909 , 9.09090909090909 , 4.54545454545455 , 0 , 29.3636363636364 , 0 , 0 , 0 , 0 
24-Mar-2010 14:25,201001,GATWICK,IRISH REPUBLIC,SHANNON,RYANAIR,A,S, 56 , 0 , 80.3571428571429 , 3.57142857142857 , 8.92857142857143 , 7.14285714285714 , 0 , 0 , 13.1964285714286 , 6 , 62 , 95.1612903225806 , 4 
24-Mar-2010 14:25,201001,GATWICK,IRISH REPUBLIC,SHANNON,RYANAIR,D,S, 56 , 0 , 75 , 7.14285714285714 , 8.92857142857143 , 7.14285714285714 , 0 , 1.78571428571429 , 19.9821428571429 , 6 , 62 , 95.1612903225806 , 3.93548387096774 
24-Mar-2010 14:25,201001,GATWICK,ISLE OF CURACAO NETH.ANTILLES,ARUBA,THOMAS COOK AIRLINES LTD,A,C, 0 , 0 , 0 , 0 , 0 , 0 , 0 , 0 , 0 , 0 , 2 , 50 , 17.5 
24-Mar-2010 14:25,201001,GATWICK,ISLE OF CURACAO NETH.ANTILLES,ARUBA,THOMAS COOK AIRLINES LTD,D,C, 0 , 0 , 0 , 0 , 0 , 0 , 0 , 0 , 0 , 0 , 2 , 50 , 8.5 
24-Mar-2010 14:25,201001,GATWICK,ISLE OF CURACAO NETH.ANTILLES,ARUBA,THOMSON AIRWAYS LTD,A,C, 0 , 0 , 0 , 0 , 0 , 0 , 0 , 0 , 0 , 0 , 2 , 50 , 51 
24-Mar-2010 14:25,201001,GATWICK,ISLE OF CURACAO NETH.ANTILLES,ARUBA,THOMSON AIRWAYS LTD,D,C, 0 , 0 , 0 , 0 , 0 , 0 , 0 , 0 , 0 , 0 , 2 , 50 , 20.5 
24-Mar-2010 14:25,201001,GATWICK,ISRAEL,TEL AVIV,THOMSON AIRWAYS LTD,D,C, 0 , 0 , 0 , 0 , 0 , 0 , 0 , 0 , 0 , 0 , 1 , 100 , 14 
24-Mar-2010 14:25,201001,GATWICK,ITALY,BOLOGNA,BRITISH AIRWAYS PLC,A,S, 62 , 0 , 51.6129032258064 , 14.5161290322581 , 16.1290322580645 , 11.2903225806452 , 3.2258064516129 , 3.2258064516129 , 46.1451612903226 , 0 , 78 , 82.0512820512821 , 9.87179487179487 
24-Mar-2010 14:25,201001,GATWICK,ITALY,BOLOGNA,BRITISH AIRWAYS PLC,D,S, 63 , 0 , 68.2539682539683 , 12.6984126984127 , 7.93650793650794 , 9.52380952380952 , 1.58730158730159 , 0 , 23.6031746031746 , 0 , 78 , 83.3333333333333 , 8.52564102564103 
24-Mar-2010 14:25,201001,GATWICK,ITALY,BRESCIA/MONTICHIARI,MONARCH AIRLINES,A,C, 0 , 0 , 0 , 0 , 0 , 0 , 0 , 0 , 0 , 0 , 5 , 0 , 101.6 
24-Mar-2010 14:25,201001,GATWICK,ITALY,BRESCIA/MONTICHIARI,MONARCH AIRLINES,D,C, 0 , 0 , 0 , 0 , 0 , 0 , 0 , 0 , 0 , 0 , 5 , 40 , 57 
24-Mar-2010 14:25,201001,GATWICK,ITALY,BRESCIA/MONTICHIARI,THOMAS COOK AIRLINES LTD,A,C, 5 , 0 , 0 , 60 , 20 , 0 , 20 , 0 , 92 , 0 , 5 , 0 , 104 
24-Mar-2010 14:25,201001,GATWICK,ITALY,BRESCIA/MONTICHIARI,THOMAS COOK AIRLINES LTD,D,C, 5 , 0 , 20 , 0 , 60 , 0 , 0 , 20 , 107.2 , 0 , 5 , 60 , 23.6 
24-Mar-2010 14:25,201001,GATWICK,ITALY,CATANIA (FONTANAROSSA),AIR MALTA,A,S, 1 , 0 , 0 , 0 , 0 , 100 , 0 , 0 , 62 , 0 , 0 , 0 , 0 
24-Mar-2010 14:25,201001,GATWICK,ITALY,CATANIA (FONTANAROSSA),AIR MALTA,D,S, 2 , 0 , 50 , 50 , 0 , 0 , 0 , 0 , 15 , 0 , 4 , 50 , 13 
24-Mar-2010 14:25,201001,GATWICK,ITALY,CATANIA (FONTANAROSSA),BRITISH AIRWAYS PLC,A,S, 9 , 0 , 11.1111111111111 , 33.3333333333333 , 44.4444444444444 , 11.1111111111111 , 0 , 0 , 39 , 0 , 14 , 100 , 1.64285714285714 
24-Mar-2010 14:25,201001,GATWICK,ITALY,CATANIA (FONTANAROSSA),BRITISH AIRWAYS PLC,D,S, 9 , 0 , 55.5555555555556 , 22.2222222222222 , 22.2222222222222 , 0 , 0 , 0 , 15.5555555555556 , 0 , 14 , 85.7142857142857 , 2.78571428571429 
24-Mar-2010 14:25,201001,GATWICK,ITALY,FLORENCE,MERIDIANA AIR,A,S, 44 , 0 , 72.7272727272727 , 6.81818181818182 , 15.9090909090909 , 4.54545454545455 , 0 , 0 , 15.5 , 2 , 54 , 79.6296296296296 , 11.7222222222222 
24-Mar-2010 14:25,201001,GATWICK,ITALY,FLORENCE,MERIDIANA AIR,D,S, 44 , 0 , 72.7272727272727 , 9.09090909090909 , 13.6363636363636 , 4.54545454545455 , 0 , 0 , 13.9772727272727 , 2 , 54 , 72.2222222222222 , 14.962962962963 
24-Mar-2010 14:25,201001,GATWICK,ITALY,GENOA,BRITISH AIRWAYS PLC,A,S, 18 , 0 , 88.8888888888889 , 11.1111111111111 , 0 , 0 , 0 , 0 , 4.44444444444444 , 0 , 31 , 87.0967741935484 , 16.5483870967742 
24-Mar-2010 14:25,201001,GATWICK,ITALY,GENOA,BRITISH AIRWAYS PLC,D,S, 18 , 0 , 77.7777777777778 , 22.2222222222222 , 0 , 0 , 0 , 0 , 5.77777777777778 , 0 , 31 , 87.0967741935484 , 9.25806451612903 
24-Mar-2010 14:25,201001,GATWICK,ITALY,MILAN (LINATE),EASYJET AIRLINE COMPANY LTD,A,S, 28 , 0 , 35.7142857142857 , 3.57142857142857 , 21.4285714285714 , 35.7142857142857 , 3.57142857142857 , 0 , 53.9285714285714 , 0 , 31 , 58.0645161290323 , 23.6451612903226 
24-Mar-2010 14:25,201001,GATWICK,ITALY,MILAN (LINATE),EASYJET AIRLINE COMPANY LTD,D,S, 28 , 0 , 39.2857142857143 , 17.8571428571429 , 21.4285714285714 , 21.4285714285714 , 0 , 0 , 34.6071428571429 , 0 , 31 , 74.1935483870968 , 16.2258064516129 
24-Mar-2010 14:25,201001,GATWICK,ITALY,MILAN (MALPENSA),EASYJET AIRLINE COMPANY LTD,A,S, 102 , 0 , 45.0980392156863 , 18.6274509803922 , 22.5490196078431 , 11.7647058823529 , 0.980392156862745 , 0.980392156862745 , 34.7450980392157 , 4 , 109 , 68.8073394495413 , 30.1559633027523 
24-Mar-2010 14:25,201001,GATWICK,ITALY,MILAN (MALPENSA),EASYJET AIRLINE COMPANY LTD,D,S, 102 , 0 , 54.9019607843137 , 16.6666666666667 , 16.6666666666667 , 11.7647058823529 , 0 , 0 , 26.2254901960784 , 2 , 110 , 79.0909090909091 , 14.1272727272727 
24-Mar-2010 14:25,201001,GATWICK,ITALY,NAPLES,BRITISH AIRWAYS PLC,A,S, 58 , 0 , 68.9655172413793 , 18.9655172413793 , 3.44827586206897 , 5.17241379310345 , 1.72413793103448 , 1.72413793103448 , 31.4310344827586 , 0 , 41 , 75.609756097561 , 17.4878048780488 
24-Mar-2010 14:25,201001,GATWICK,ITALY,NAPLES,BRITISH AIRWAYS PLC,D,S, 58 , 0 , 70.6896551724138 , 15.5172413793103 , 12.0689655172414 , 1.72413793103448 , 0 , 0 , 12.7241379310345 , 0 , 41 , 78.0487804878049 , 8.36585365853658 
24-Mar-2010 14:25,201001,GATWICK,ITALY,NAPLES,EASYJET AIRLINE COMPANY LTD,A,S, 28 , 0 , 53.5714285714286 , 25 , 17.8571428571429 , 0 , 3.57142857142857 , 0 , 25.6071428571429 , 1 , 0 , 0 , 0 
24-Mar-2010 14:25,201001,GATWICK,ITALY,NAPLES,EASYJET AIRLINE COMPANY LTD,D,S, 28 , 0 , 67.8571428571429 , 3.57142857142857 , 25 , 3.57142857142857 , 0 , 0 , 14.8214285714286 , 1 , 0 , 0 , 0 
24-Mar-2010 14:25,201001,GATWICK,ITALY,PISA,BRITISH AIRWAYS PLC,A,S, 0 , 0 , 0 , 0 , 0 , 0 , 0 , 0 , 0 , 0 , 60 , 85 , 7.21666666666667 
24-Mar-2010 14:25,201001,GATWICK,ITALY,PISA,BRITISH AIRWAYS PLC,D,S, 0 , 0 , 0 , 0 , 0 , 0 , 0 , 0 , 0 , 0 , 60 , 90 , 7.15 
24-Mar-2010 14:25,201001,GATWICK,ITALY,PISA,EASYJET AIRLINE COMPANY LTD,A,S, 28 , 0 , 60.7142857142857 , 17.8571428571429 , 10.7142857142857 , 3.57142857142857 , 7.14285714285714 , 0 , 37.6428571428571 , 0 , 31 , 74.1935483870968 , 12.0322580645161 
24-Mar-2010 14:25,201001,GATWICK,ITALY,PISA,EASYJET AIRLINE COMPANY LTD,D,S, 28 , 0 , 60.7142857142857 , 25 , 7.14285714285714 , 0 , 7.14285714285714 , 0 , 32.5714285714286 , 0 , 31 , 80.6451612903226 , 6.83870967741936 
24-Mar-2010 14:25,201001,GATWICK,ITALY,ROME (FIUMICINO),BRITISH AIRWAYS PLC,A,S, 29 , 0 , 55.1724137931034 , 13.7931034482759 , 20.6896551724138 , 10.3448275862069 , 0 , 0 , 21.2758620689655 , 0 , 40 , 95 , 3.375 
24-Mar-2010 14:25,201001,GATWICK,ITALY,ROME (FIUMICINO),BRITISH AIRWAYS PLC,D,S, 29 , 0 , 72.4137931034483 , 10.3448275862069 , 6.89655172413793 , 10.3448275862069 , 0 , 0 , 14.2413793103448 , 0 , 41 , 85.3658536585366 , 4.41463414634146 
24-Mar-2010 14:25,201001,GATWICK,ITALY,ROME (FIUMICINO),EASYJET AIRLINE COMPANY LTD,A,S, 74 , 0 , 43.2432432432432 , 14.8648648648649 , 20.2702702702703 , 18.9189189189189 , 2.7027027027027 , 0 , 38.8918918918919 , 3 , 62 , 53.2258064516129 , 22.8709677419355 
24-Mar-2010 14:25,201001,GATWICK,ITALY,ROME (FIUMICINO),EASYJET AIRLINE COMPANY LTD,D,S, 74 , 0 , 67.5675675675676 , 8.10810810810811 , 14.8648648648649 , 9.45945945945946 , 0 , 0 , 18.4189189189189 , 2 , 62 , 90.3225806451613 , 7.2258064516129 
24-Mar-2010 14:25,201001,GATWICK,ITALY,ROME (FIUMICINO),JET2.COM LTD,A,C, 1 , 0 , 100 , 0 , 0 , 0 , 0 , 0 , 8 , 0 , 0 , 0 , 0 
24-Mar-2010 14:25,201001,GATWICK,ITALY,TURIN,BRITISH AIRWAYS PLC,A,C, 0 , 0 , 0 , 0 , 0 , 0 , 0 , 0 , 0 , 0 , 5 , 20 , 37.6 
24-Mar-2010 14:25,201001,GATWICK,ITALY,TURIN,BRITISH AIRWAYS PLC,A,S, 35 , 0 , 60 , 17.1428571428571 , 14.2857142857143 , 8.57142857142857 , 0 , 0 , 19.2285714285714 , 0 , 55 , 74.5454545454545 , 11.7818181818182 
24-Mar-2010 14:25,201001,GATWICK,ITALY,TURIN,BRITISH AIRWAYS PLC,D,C, 0 , 0 , 0 , 0 , 0 , 0 , 0 , 0 , 0 , 0 , 5 , 20 , 30 
24-Mar-2010 14:25,201001,GATWICK,ITALY,TURIN,BRITISH AIRWAYS PLC,D,S, 35 , 0 , 77.1428571428571 , 8.57142857142857 , 11.4285714285714 , 2.85714285714286 , 0 , 0 , 11.0285714285714 , 0 , 55 , 85.4545454545455 , 7.94545454545455 
24-Mar-2010 14:25,201001,GATWICK,ITALY,TURIN,MONARCH AIRLINES,A,C, 0 , 0 , 0 , 0 , 0 , 0 , 0 , 0 , 0 , 0 , 4 , 50 , 23.75 
24-Mar-2010 14:25,201001,GATWICK,ITALY,TURIN,MONARCH AIRLINES,D,C, 0 , 0 , 0 , 0 , 0 , 0 , 0 , 0 , 0 , 0 , 4 , 75 , 14.25 
24-Mar-2010 14:25,201001,GATWICK,ITALY,TURIN,THOMAS COOK AIRLINES LTD,A,C, 5 , 0 , 40 , 20 , 40 , 0 , 0 , 0 , 25 , 0 , 4 , 100 , 0.75 
24-Mar-2010 14:25,201001,GATWICK,ITALY,TURIN,THOMAS COOK AIRLINES LTD,D,C, 5 , 0 , 80 , 0 , 20 , 0 , 0 , 0 , 10.8 , 0 , 4 , 75 , 6.75 
24-Mar-2010 14:25,201001,GATWICK,ITALY,TURIN,THOMSON AIRWAYS LTD,A,C, 11 , 0 , 27.2727272727273 , 36.3636363636364 , 27.2727272727273 , 0 , 9.09090909090909 , 0 , 47.9090909090909 , 0 , 8 , 75 , 34.375 
24-Mar-2010 14:25,201001,GATWICK,ITALY,TURIN,THOMSON AIRWAYS LTD,D,C, 10 , 0 , 90 , 0 , 10 , 0 , 0 , 0 , 7.6 , 0 , 8 , 50 , 39.375 
24-Mar-2010 14:25,201001,GATWICK,ITALY,TURIN,VIKING AIRLINES,A,C, 5 , 0 , 20 , 60 , 0 , 0 , 20 , 0 , 60.2 , 0 , 0 , 0 , 0 
24-Mar-2010 14:25,201001,GATWICK,ITALY,TURIN,VIKING AIRLINES,D,C, 5 , 0 , 20 , 60 , 20 , 0 , 0 , 0 , 20.6 , 0 , 0 , 0 , 0 
24-Mar-2010 14:25,201001,GATWICK,ITALY,VENICE,BRITISH AIRWAYS PLC,A,S, 57 , 0 , 71.9298245614035 , 12.280701754386 , 5.26315789473684 , 8.7719298245614 , 1.75438596491228 , 0 , 20.7368421052632 , 0 , 72 , 90.2777777777778 , 4.27777777777778 
24-Mar-2010 14:25,201001,GATWICK,ITALY,VENICE,BRITISH AIRWAYS PLC,D,S, 57 , 0 , 77.1929824561403 , 12.280701754386 , 5.26315789473684 , 5.26315789473684 , 0 , 0 , 11.0701754385965 , 0 , 72 , 86.1111111111111 , 5.52777777777778 
24-Mar-2010 14:25,201001,GATWICK,ITALY,VENICE,EASYJET AIRLINE COMPANY LTD,A,S, 55 , 0 , 49.0909090909091 , 12.7272727272727 , 20 , 18.1818181818182 , 0 , 0 , 33.1272727272727 , 1 , 61 , 93.4426229508197 , 5.39344262295082 
24-Mar-2010 14:25,201001,GATWICK,ITALY,VENICE,EASYJET AIRLINE COMPANY LTD,D,S, 56 , 0 , 53.5714285714286 , 16.0714285714286 , 17.8571428571429 , 10.7142857142857 , 0 , 1.78571428571429 , 28.7678571428571 , 0 , 62 , 91.9354838709677 , 4.24193548387097 
24-Mar-2010 14:25,201001,GATWICK,ITALY,VERONA VILLAFRANCA,BRITISH AIRWAYS PLC,A,S, 28 , 0 , 60.7142857142857 , 3.57142857142857 , 25 , 10.7142857142857 , 0 , 0 , 27.8571428571429 , 0 , 25 , 76 , 17.04 
24-Mar-2010 14:25,201001,GATWICK,ITALY,VERONA VILLAFRANCA,BRITISH AIRWAYS PLC,D,S, 28 , 0 , 64.2857142857143 , 7.14285714285714 , 17.8571428571429 , 10.7142857142857 , 0 , 0 , 21.9285714285714 , 0 , 25 , 64 , 12.32 
24-Mar-2010 14:25,201001,GATWICK,ITALY,VERONA VILLAFRANCA,THOMSON AIRWAYS LTD,A,C, 5 , 0 , 60 , 20 , 0 , 0 , 20 , 0 , 66.6 , 0 , 5 , 20 , 62.8 
24-Mar-2010 14:25,201001,GATWICK,ITALY,VERONA VILLAFRANCA,THOMSON AIRWAYS LTD,D,C, 5 , 0 , 60 , 0 , 0 , 20 , 0 , 20 , 88.2 , 0 , 5 , 0 , 73.2 
24-Mar-2010 14:25,201001,GATWICK,JAMAICA,KINGSTON,BRITISH AIRWAYS PLC,A,S, 11 , 0 , 45.4545454545455 , 9.09090909090909 , 18.1818181818182 , 9.09090909090909 , 18.1818181818182 , 0 , 69.9090909090909 , 0 , 14 , 64.2857142857143 , 20.6428571428571 
24-Mar-2010 14:25,201001,GATWICK,JAMAICA,KINGSTON,BRITISH AIRWAYS PLC,D,S, 11 , 0 , 36.3636363636364 , 9.09090909090909 , 9.09090909090909 , 27.2727272727273 , 18.1818181818182 , 0 , 75.7272727272727 , 0 , 13 , 61.5384615384615 , 28.3846153846154 
24-Mar-2010 14:25,201001,GATWICK,JAMAICA,KINGSTON,VIRGIN ATLANTIC AIRWAYS LTD,A,S, 9 , 0 , 0 , 11.1111111111111 , 11.1111111111111 , 33.3333333333333 , 44.4444444444444 , 0 , 151.888888888889 , 0 , 9 , 22.2222222222222 , 55.8888888888889 
24-Mar-2010 14:25,201001,GATWICK,JAMAICA,KINGSTON,VIRGIN ATLANTIC AIRWAYS LTD,D,S, 8 , 0 , 25 , 0 , 0 , 50 , 25 , 0 , 120.625 , 0 , 9 , 33.3333333333333 , 53 
24-Mar-2010 14:25,201001,GATWICK,JAMAICA,MONTEGO BAY,BRITISH AIRWAYS PLC,A,S, 9 , 0 , 33.3333333333333 , 22.2222222222222 , 11.1111111111111 , 33.3333333333333 , 0 , 0 , 44.1111111111111 , 0 , 0 , 0 , 0 
24-Mar-2010 14:25,201001,GATWICK,JAMAICA,MONTEGO BAY,BRITISH AIRWAYS PLC,D,S, 8 , 0 , 100 , 0 , 0 , 0 , 0 , 0 , 3.875 , 0 , 0 , 0 , 0 
24-Mar-2010 14:25,201001,GATWICK,JAMAICA,MONTEGO BAY,THOMAS COOK AIRLINES LTD,A,C, 6 , 1 , 50 , 16.6666666666667 , 0 , 33.3333333333333 , 0 , 0 , 35.6666666666667 , 0 , 6 , 33.3333333333333 , 22.6666666666667 
24-Mar-2010 14:25,201001,GATWICK,JAMAICA,MONTEGO BAY,THOMAS COOK AIRLINES LTD,D,C, 7 , 0 , 57.1428571428571 , 0 , 28.5714285714286 , 14.2857142857143 , 0 , 0 , 30.5714285714286 , 0 , 7 , 28.5714285714286 , 52 
24-Mar-2010 14:25,201001,GATWICK,JAMAICA,MONTEGO BAY,THOMSON AIRWAYS LTD,A,C, 3 , 0 , 66.6666666666667 , 0 , 0 , 0 , 33.3333333333333 , 0 , 63 , 0 , 7 , 42.8571428571429 , 18.1428571428571 
24-Mar-2010 14:25,201001,GATWICK,JAMAICA,MONTEGO BAY,THOMSON AIRWAYS LTD,D,C, 4 , 0 , 75 , 25 , 0 , 0 , 0 , 0 , 6.5 , 0 , 5 , 80 , 18.2 
24-Mar-2010 14:25,201001,GATWICK,JAMAICA,MONTEGO BAY,VIRGIN ATLANTIC AIRWAYS LTD,A,S, 10 , 0 , 20 , 10 , 30 , 20 , 20 , 0 , 94.8 , 1 , 9 , 33.3333333333333 , 69.3333333333333 
24-Mar-2010 14:25,201001,GATWICK,JAMAICA,MONTEGO BAY,VIRGIN ATLANTIC AIRWAYS LTD,D,S, 12 , 0 , 16.6666666666667 , 16.6666666666667 , 16.6666666666667 , 25 , 16.6666666666667 , 8.33333333333333 , 109.833333333333 , 0 , 10 , 40 , 48.6 
24-Mar-2010 14:25,201001,GATWICK,JORDAN,AQABA,MONARCH AIRLINES,A,C, 0 , 0 , 0 , 0 , 0 , 0 , 0 , 0 , 0 , 0 , 4 , 50 , 19.25 
24-Mar-2010 14:25,201001,GATWICK,JORDAN,AQABA,MONARCH AIRLINES,D,C, 1 , 0 , 100 , 0 , 0 , 0 , 0 , 0 , 10 , 0 , 4 , 100 , 3 
24-Mar-2010 14:25,201001,GATWICK,KENYA,MOMBASA,MONARCH AIRLINES,A,C, 4 , 0 , 50 , 0 , 0 , 25 , 25 , 0 , 86.25 , 0 , 4 , 50 , 9.5 
24-Mar-2010 14:25,201001,GATWICK,KENYA,MOMBASA,MONARCH AIRLINES,D,C, 4 , 0 , 50 , 0 , 0 , 25 , 25 , 0 , 93 , 0 , 4 , 50 , 12.75 
24-Mar-2010 14:25,201001,GATWICK,KENYA,MOMBASA,THOMSON AIRWAYS LTD,A,C, 4 , 0 , 100 , 0 , 0 , 0 , 0 , 0 , 6.25 , 0 , 5 , 100 , 5.6 
24-Mar-2010 14:25,201001,GATWICK,KENYA,MOMBASA,THOMSON AIRWAYS LTD,D,C, 4 , 0 , 50 , 0 , 50 , 0 , 0 , 0 , 19.5 , 0 , 5 , 80 , 51.2 
24-Mar-2010 14:25,201001,GATWICK,KOSOVO,PRISTINA,BRITISH AIRWAYS PLC,A,S, 12 , 0 , 50 , 33.3333333333333 , 8.33333333333333 , 8.33333333333333 , 0 , 0 , 22.25 , 0 , 13 , 92.3076923076923 , 3.53846153846154 
24-Mar-2010 14:25,201001,GATWICK,KOSOVO,PRISTINA,BRITISH AIRWAYS PLC,D,S, 12 , 0 , 66.6666666666667 , 25 , 8.33333333333333 , 0 , 0 , 0 , 10.8333333333333 , 0 , 13 , 76.9230769230769 , 10.6923076923077 
24-Mar-2010 14:25,201001,GATWICK,LATVIA,RIGA,AIR BALTIC,A,S, 27 , 0 , 66.6666666666667 , 22.2222222222222 , 7.40740740740741 , 3.7037037037037 , 0 , 0 , 12.3333333333333 , 3 , 31 , 61.2903225806452 , 18.9032258064516 
24-Mar-2010 14:25,201001,GATWICK,LATVIA,RIGA,AIR BALTIC,D,S, 27 , 0 , 70.3703703703704 , 14.8148148148148 , 11.1111111111111 , 3.7037037037037 , 0 , 0 , 13.6296296296296 , 3 , 31 , 61.2903225806452 , 23.1612903225806 
24-Mar-2010 14:25,201001,GATWICK,LIBYA,TRIPOLI,AFRIQIYAH AIRWAYS,A,S, 30 , 0 , 3.33333333333333 , 6.66666666666667 , 26.6666666666667 , 63.3333333333333 , 0 , 0 , 71.4 , 1 , 31 , 22.5806451612903 , 44.8064516129032 
24-Mar-2010 14:25,201001,GATWICK,LIBYA,TRIPOLI,AFRIQIYAH AIRWAYS,D,S, 30 , 0 , 6.66666666666667 , 16.6666666666667 , 23.3333333333333 , 43.3333333333333 , 10 , 0 , 79.3666666666667 , 1 , 31 , 35.4838709677419 , 39.5483870967742 
24-Mar-2010 14:25,201001,GATWICK,LITHUANIA,VILNIUS,AER LINGUS,A,S, 28 , 0 , 42.8571428571429 , 28.5714285714286 , 10.7142857142857 , 14.2857142857143 , 0 , 3.57142857142857 , 60.5357142857143 , 0 , 0 , 0 , 0 
24-Mar-2010 14:25,201001,GATWICK,LITHUANIA,VILNIUS,AER LINGUS,D,S, 28 , 0 , 60.7142857142857 , 10.7142857142857 , 10.7142857142857 , 17.8571428571429 , 0 , 0 , 26.5 , 0 , 0 , 0 , 0 
24-Mar-2010 14:25,201001,GATWICK,LITHUANIA,VILNIUS,AIR BALTIC,A,S, 0 , 0 , 0 , 0 , 0 , 0 , 0 , 0 , 0 , 0 , 11 , 45.4545454545455 , 23.6363636363636 
24-Mar-2010 14:25,201001,GATWICK,LITHUANIA,VILNIUS,AIR BALTIC,D,S, 0 , 0 , 0 , 0 , 0 , 0 , 0 , 0 , 0 , 0 , 11 , 36.3636363636364 , 27.1818181818182 
24-Mar-2010 14:25,201001,GATWICK,LITHUANIA,VILNIUS,LITHUANIAN AIRLINES,A,S, 0 , 0 , 0 , 0 , 0 , 0 , 0 , 0 , 0 , 0 , 15 , 93.3333333333333 , 10.3333333333333 
24-Mar-2010 14:25,201001,GATWICK,LITHUANIA,VILNIUS,LITHUANIAN AIRLINES,D,S, 0 , 0 , 0 , 0 , 0 , 0 , 0 , 0 , 0 , 0 , 15 , 93.3333333333333 , 7.6 
24-Mar-2010 14:25,201001,GATWICK,LUXEMBOURG,LUXEMBOURG,BRITISH AIRWAYS PLC,A,S, 42 , 0 , 69.0476190476191 , 4.76190476190476 , 11.9047619047619 , 11.9047619047619 , 2.38095238095238 , 0 , 24.9285714285714 , 0 , 46 , 80.4347826086956 , 10.9130434782609 
24-Mar-2010 14:25,201001,GATWICK,LUXEMBOURG,LUXEMBOURG,BRITISH AIRWAYS PLC,D,S, 42 , 0 , 78.5714285714286 , 4.76190476190476 , 11.9047619047619 , 4.76190476190476 , 0 , 0 , 11.4047619047619 , 0 , 46 , 93.4782608695652 , 3.08695652173913 
24-Mar-2010 14:25,201001,GATWICK,MALDIVE ISLANDS,MALE INTERNATIONAL,BRITISH AIRWAYS PLC,A,S, 13 , 0 , 53.8461538461538 , 15.3846153846154 , 23.0769230769231 , 7.69230769230769 , 0 , 0 , 21.6153846153846 , 0 , 0 , 0 , 0 
24-Mar-2010 14:25,201001,GATWICK,MALDIVE ISLANDS,MALE INTERNATIONAL,BRITISH AIRWAYS PLC,D,S, 14 , 0 , 78.5714285714286 , 7.14285714285714 , 14.2857142857143 , 0 , 0 , 0 , 10.3571428571429 , 0 , 0 , 0 , 0 
24-Mar-2010 14:25,201001,GATWICK,MALDIVE ISLANDS,MALE INTERNATIONAL,MONARCH AIRLINES,A,C, 4 , 0 , 25 , 25 , 0 , 25 , 25 , 0 , 95 , 0 , 4 , 50 , 20.5 
24-Mar-2010 14:25,201001,GATWICK,MALDIVE ISLANDS,MALE INTERNATIONAL,MONARCH AIRLINES,D,C, 5 , 0 , 20 , 20 , 0 , 40 , 20 , 0 , 99 , 0 , 4 , 100 , 1.75 
24-Mar-2010 14:25,201001,GATWICK,MALDIVE ISLANDS,MALE INTERNATIONAL,THOMSON AIRWAYS LTD,A,C, 6 , 0 , 0 , 16.6666666666667 , 16.6666666666667 , 66.6666666666667 , 0 , 0 , 70.1666666666667 , 0 , 6 , 0 , 92.8333333333333 
24-Mar-2010 14:25,201001,GATWICK,MALDIVE ISLANDS,MALE INTERNATIONAL,THOMSON AIRWAYS LTD,D,C, 7 , 0 , 42.8571428571429 , 14.2857142857143 , 0 , 42.8571428571429 , 0 , 0 , 49.7142857142857 , 0 , 6 , 50 , 36.3333333333333 
24-Mar-2010 14:25,201001,GATWICK,MALTA,MALTA,AIR MALTA,A,S, 37 , 0 , 78.3783783783784 , 8.10810810810811 , 5.40540540540541 , 2.7027027027027 , 0 , 5.40540540540541 , 45.5405405405405 , 0 , 41 , 85.3658536585366 , 6.41463414634146 
24-Mar-2010 14:25,201001,GATWICK,MALTA,MALTA,AIR MALTA,D,S, 36 , 0 , 66.6666666666667 , 19.4444444444444 , 2.77777777777778 , 2.77777777777778 , 2.77777777777778 , 5.55555555555556 , 53.5833333333333 , 0 , 35 , 74.2857142857143 , 11.1428571428571 
24-Mar-2010 14:25,201001,GATWICK,MALTA,MALTA,BRITISH AIRWAYS PLC,A,S, 0 , 0 , 0 , 0 , 0 , 0 , 0 , 0 , 0 , 0 , 15 , 20 , 32.9333333333333 
24-Mar-2010 14:25,201001,GATWICK,MALTA,MALTA,BRITISH AIRWAYS PLC,D,S, 0 , 0 , 0 , 0 , 0 , 0 , 0 , 0 , 0 , 0 , 15 , 86.6666666666667 , 12.4 
24-Mar-2010 14:25,201001,GATWICK,MALTA,MALTA,EASYJET AIRLINE COMPANY LTD,A,S, 25 , 0 , 40 , 24 , 24 , 12 , 0 , 0 , 29.52 , 0 , 22 , 63.6363636363636 , 12.9545454545455 
24-Mar-2010 14:25,201001,GATWICK,MALTA,MALTA,EASYJET AIRLINE COMPANY LTD,D,S, 25 , 0 , 56 , 12 , 32 , 0 , 0 , 0 , 20 , 0 , 22 , 72.7272727272727 , 11.6363636363636 
24-Mar-2010 14:25,201001,GATWICK,MALTA,MALTA,THOMSON AIRWAYS LTD,A,C, 3 , 0 , 100 , 0 , 0 , 0 , 0 , 0 , 0.333333333333333 , 0 , 4 , 100 , 0 
24-Mar-2010 14:25,201001,GATWICK,MALTA,MALTA,THOMSON AIRWAYS LTD,D,C, 4 , 0 , 100 , 0 , 0 , 0 , 0 , 0 , 8 , 0 , 4 , 100 , 7.25 
24-Mar-2010 14:25,201001,GATWICK,MEXICO,ACAPULCO,THOMAS COOK AIRLINES LTD,A,C, 1 , 0 , 100 , 0 , 0 , 0 , 0 , 0 , 0 , 0 , 0 , 0 , 0 
24-Mar-2010 14:25,201001,GATWICK,MEXICO,ACAPULCO,THOMAS COOK AIRLINES LTD,D,C, 1 , 0 , 100 , 0 , 0 , 0 , 0 , 0 , 0 , 0 , 0 , 0 , 0 
24-Mar-2010 14:25,201001,GATWICK,MEXICO,ACAPULCO,THOMSON AIRWAYS LTD,A,C, 1 , 0 , 100 , 0 , 0 , 0 , 0 , 0 , 0 , 0 , 1 , 100 , 0 
24-Mar-2010 14:25,201001,GATWICK,MEXICO,ACAPULCO,THOMSON AIRWAYS LTD,D,C, 1 , 0 , 0 , 100 , 0 , 0 , 0 , 0 , 16 , 0 , 2 , 50 , 9 
24-Mar-2010 14:25,201001,GATWICK,MEXICO,CANCUN,THOMAS COOK AIRLINES LTD,A,C, 4 , 0 , 75 , 0 , 0 , 25 , 0 , 0 , 21.5 , 0 , 3 , 66.6666666666667 , 39.3333333333333 
24-Mar-2010 14:25,201001,GATWICK,MEXICO,CANCUN,THOMAS COOK AIRLINES LTD,D,C, 4 , 0 , 50 , 0 , 25 , 25 , 0 , 0 , 30 , 0 , 4 , 100 , 2.5 
24-Mar-2010 14:25,201001,GATWICK,MEXICO,CANCUN,THOMSON AIRWAYS LTD,A,C, 17 , 0 , 58.8235294117647 , 5.88235294117647 , 23.5294117647059 , 5.88235294117647 , 0 , 5.88235294117647 , 73.1764705882353 , 0 , 17 , 47.0588235294118 , 41.2352941176471 
24-Mar-2010 14:25,201001,GATWICK,MEXICO,CANCUN,THOMSON AIRWAYS LTD,D,C, 18 , 0 , 61.1111111111111 , 11.1111111111111 , 5.55555555555556 , 11.1111111111111 , 5.55555555555556 , 5.55555555555556 , 112.111111111111 , 0 , 17 , 47.0588235294118 , 70.7058823529412 
24-Mar-2010 14:25,201001,GATWICK,MEXICO,MEXICO CITY,MEXICANA,A,S, 11 , 0 , 72.7272727272727 , 18.1818181818182 , 9.09090909090909 , 0 , 0 , 0 , 9 , 1 , 4 , 75 , 4 
24-Mar-2010 14:25,201001,GATWICK,MEXICO,MEXICO CITY,MEXICANA,D,S, 11 , 0 , 63.6363636363636 , 27.2727272727273 , 9.09090909090909 , 0 , 0 , 0 , 13.5454545454545 , 1 , 4 , 100 , 5 
24-Mar-2010 14:25,201001,GATWICK,MOROCCO,AGADIR,EASYJET AIRLINE COMPANY LTD,A,S, 7 , 0 , 71.4285714285714 , 0 , 14.2857142857143 , 14.2857142857143 , 0 , 0 , 16.5714285714286 , 0 , 0 , 0 , 0 
24-Mar-2010 14:25,201001,GATWICK,MOROCCO,AGADIR,EASYJET AIRLINE COMPANY LTD,D,S, 7 , 0 , 71.4285714285714 , 0 , 14.2857142857143 , 14.2857142857143 , 0 , 0 , 21.4285714285714 , 0 , 0 , 0 , 0 
24-Mar-2010 14:25,201001,GATWICK,MOROCCO,AGADIR,THOMAS COOK AIRLINES LTD,A,C, 0 , 0 , 0 , 0 , 0 , 0 , 0 , 0 , 0 , 0 , 5 , 60 , 13.4 
24-Mar-2010 14:25,201001,GATWICK,MOROCCO,AGADIR,THOMAS COOK AIRLINES LTD,D,C, 0 , 0 , 0 , 0 , 0 , 0 , 0 , 0 , 0 , 0 , 5 , 80 , 14.4 
24-Mar-2010 14:25,201001,GATWICK,MOROCCO,AGADIR,THOMSON AIRWAYS LTD,A,S, 4 , 0 , 100 , 0 , 0 , 0 , 0 , 0 , 0 , 0 , 4 , 100 , 1.25 
24-Mar-2010 14:25,201001,GATWICK,MOROCCO,AGADIR,THOMSON AIRWAYS LTD,D,S, 4 , 0 , 100 , 0 , 0 , 0 , 0 , 0 , 7 , 0 , 4 , 100 , 4 
24-Mar-2010 14:25,201001,GATWICK,MOROCCO,CASABLANCA MOHAMED V,ROYAL AIR MAROC,A,S, 5 , 0 , 20 , 20 , 60 , 0 , 0 , 0 , 28.8 , 0 , 0 , 0 , 0 
24-Mar-2010 14:25,201001,GATWICK,MOROCCO,CASABLANCA MOHAMED V,ROYAL AIR MAROC,D,S, 5 , 0 , 0 , 80 , 20 , 0 , 0 , 0 , 25.4 , 0 , 0 , 0 , 0 
24-Mar-2010 14:25,201001,GATWICK,MOROCCO,FEZ,ATLAS BLUE,A,S, 0 , 0 , 0 , 0 , 0 , 0 , 0 , 0 , 0 , 0 , 5 , 40 , 41.2 
24-Mar-2010 14:25,201001,GATWICK,MOROCCO,FEZ,ATLAS BLUE,D,S, 0 , 0 , 0 , 0 , 0 , 0 , 0 , 0 , 0 , 0 , 5 , 60 , 44.6 
24-Mar-2010 14:25,201001,GATWICK,MOROCCO,MARRAKESH,ATLAS BLUE,A,S, 0 , 0 , 0 , 0 , 0 , 0 , 0 , 0 , 0 , 0 , 16 , 56.25 , 28.1875 
24-Mar-2010 14:25,201001,GATWICK,MOROCCO,MARRAKESH,ATLAS BLUE,D,S, 0 , 0 , 0 , 0 , 0 , 0 , 0 , 0 , 0 , 0 , 16 , 62.5 , 23.5625 
24-Mar-2010 14:25,201001,GATWICK,MOROCCO,MARRAKESH,EASYJET AIRLINE COMPANY LTD,A,S, 42 , 0 , 78.5714285714286 , 11.9047619047619 , 2.38095238095238 , 4.76190476190476 , 2.38095238095238 , 0 , 16.7619047619048 , 3 , 53 , 84.9056603773585 , 5.66037735849057 
24-Mar-2010 14:25,201001,GATWICK,MOROCCO,MARRAKESH,EASYJET AIRLINE COMPANY LTD,D,S, 44 , 0 , 77.2727272727273 , 6.81818181818182 , 9.09090909090909 , 4.54545454545455 , 2.27272727272727 , 0 , 18.6818181818182 , 1 , 55 , 85.4545454545455 , 7.09090909090909 
24-Mar-2010 14:25,201001,GATWICK,MOROCCO,MARRAKESH,ROYAL AIR MAROC,A,S, 15 , 0 , 73.3333333333333 , 13.3333333333333 , 0 , 6.66666666666667 , 6.66666666666667 , 0 , 26.1333333333333 , 0 , 0 , 0 , 0 
24-Mar-2010 14:25,201001,GATWICK,MOROCCO,MARRAKESH,ROYAL AIR MAROC,D,S, 15 , 0 , 86.6666666666667 , 0 , 6.66666666666667 , 0 , 6.66666666666667 , 0 , 21.2666666666667 , 0 , 0 , 0 , 0 
24-Mar-2010 14:25,201001,GATWICK,MOROCCO,MARRAKESH,THOMSON AIRWAYS LTD,A,S, 9 , 0 , 77.7777777777778 , 0 , 0 , 11.1111111111111 , 0 , 11.1111111111111 , 71.4444444444444 , 0 , 0 , 0 , 0 
24-Mar-2010 14:25,201001,GATWICK,MOROCCO,MARRAKESH,THOMSON AIRWAYS LTD,D,S, 9 , 0 , 88.8888888888889 , 0 , 0 , 0 , 0 , 11.1111111111111 , 71.5555555555556 , 0 , 0 , 0 , 0 
24-Mar-2010 14:25,201001,GATWICK,NAMIBIA,WINDHOEK,AIR NAMIBIA,A,S, 0 , 0 , 0 , 0 , 0 , 0 , 0 , 0 , 0 , 0 , 9 , 77.7777777777778 , 107.888888888889 
24-Mar-2010 14:25,201001,GATWICK,NAMIBIA,WINDHOEK,AIR NAMIBIA,D,S, 0 , 0 , 0 , 0 , 0 , 0 , 0 , 0 , 0 , 0 , 9 , 55.5555555555556 , 23.2222222222222 
24-Mar-2010 14:25,201001,GATWICK,NETHERLANDS,AMSTERDAM,BRITISH AIRWAYS PLC,A,S, 103 , 0 , 60.1941747572816 , 14.5631067961165 , 13.5922330097087 , 8.7378640776699 , 0.970873786407767 , 1.94174757281553 , 31.6699029126214 , 1 , 127 , 81.1023622047244 , 9.28346456692913 
24-Mar-2010 14:25,201001,GATWICK,NETHERLANDS,AMSTERDAM,BRITISH AIRWAYS PLC,D,S, 102 , 0 , 80.3921568627451 , 9.80392156862745 , 3.92156862745098 , 5.88235294117647 , 0 , 0 , 11.0392156862745 , 0 , 127 , 88.1889763779528 , 6.31496062992126 
24-Mar-2010 14:25,201001,GATWICK,NETHERLANDS,AMSTERDAM,EASYJET AIRLINE COMPANY LTD,A,S, 94 , 0 , 67.0212765957447 , 6.38297872340426 , 10.6382978723404 , 12.7659574468085 , 2.12765957446809 , 1.06382978723404 , 28.3191489361702 , 5 , 101 , 80.1980198019802 , 10.6039603960396 
24-Mar-2010 14:25,201001,GATWICK,NETHERLANDS,AMSTERDAM,EASYJET AIRLINE COMPANY LTD,D,S, 94 , 0 , 72.3404255319149 , 6.38297872340426 , 10.6382978723404 , 10.6382978723404 , 0 , 0 , 19.7553191489362 , 3 , 101 , 91.0891089108911 , 6.23762376237624 
24-Mar-2010 14:25,201001,GATWICK,NETHERLANDS,EINDHOVEN,AER LINGUS,A,S, 23 , 0 , 60.8695652173913 , 13.0434782608696 , 0 , 21.7391304347826 , 4.34782608695652 , 0 , 40.5217391304348 , 0 , 0 , 0 , 0 
24-Mar-2010 14:25,201001,GATWICK,NETHERLANDS,EINDHOVEN,AER LINGUS,D,S, 23 , 0 , 56.5217391304348 , 17.3913043478261 , 13.0434782608696 , 13.0434782608696 , 0 , 0 , 28.3478260869565 , 0 , 0 , 0 , 0 
24-Mar-2010 14:25,201001,GATWICK,NETHERLANDS,ROTTERDAM,TRANSAVIA,A,S, 46 , 0 , 78.2608695652174 , 8.69565217391304 , 8.69565217391304 , 4.34782608695652 , 0 , 0 , 11.8478260869565 , 5 , 0 , 0 , 0 
24-Mar-2010 14:25,201001,GATWICK,NETHERLANDS,ROTTERDAM,TRANSAVIA,D,S, 46 , 0 , 84.7826086956522 , 4.34782608695652 , 6.52173913043478 , 4.34782608695652 , 0 , 0 , 8.97826086956522 , 5 , 0 , 0 , 0 
24-Mar-2010 14:25,201001,GATWICK,NIGERIA,LAGOS,NIGERIAN EAGLE AIRLINES,A,S, 0 , 0 , 0 , 0 , 0 , 0 , 0 , 0 , 0 , 0 , 14 , 92.8571428571429 , 2.21428571428571 
24-Mar-2010 14:25,201001,GATWICK,NIGERIA,LAGOS,NIGERIAN EAGLE AIRLINES,D,S, 0 , 0 , 0 , 0 , 0 , 0 , 0 , 0 , 0 , 0 , 13 , 38.4615384615385 , 139.384615384615 
24-Mar-2010 14:25,201001,GATWICK,NORWAY,BERGEN,NORWEGIAN AIR SHUTTLE,A,S, 39 , 0 , 79.4871794871795 , 7.69230769230769 , 7.69230769230769 , 5.12820512820513 , 0 , 0 , 10.6923076923077 , 0 , 26 , 80.7692307692308 , 13.3846153846154 
24-Mar-2010 14:25,201001,GATWICK,NORWAY,BERGEN,NORWEGIAN AIR SHUTTLE,D,S, 39 , 0 , 64.1025641025641 , 17.9487179487179 , 7.69230769230769 , 10.2564102564103 , 0 , 0 , 19.025641025641 , 0 , 26 , 73.0769230769231 , 15.5384615384615 
24-Mar-2010 14:25,201001,GATWICK,NORWAY,BERGEN,SAS BRAATHENS,A,S, 18 , 0 , 61.1111111111111 , 16.6666666666667 , 11.1111111111111 , 11.1111111111111 , 0 , 0 , 21.8333333333333 , 0 , 9 , 77.7777777777778 , 16.3333333333333 
24-Mar-2010 14:25,201001,GATWICK,NORWAY,BERGEN,SAS BRAATHENS,D,S, 18 , 0 , 61.1111111111111 , 16.6666666666667 , 16.6666666666667 , 5.55555555555556 , 0 , 0 , 19.1666666666667 , 0 , 9 , 77.7777777777778 , 11.6666666666667 
24-Mar-2010 14:25,201001,GATWICK,NORWAY,EVENES,MONARCH AIRLINES,D,C, 1 , 0 , 0 , 0 , 0 , 100 , 0 , 0 , 101 , 0 , 0 , 0 , 0 
24-Mar-2010 14:25,201001,GATWICK,NORWAY,FAGERNES/LEIRIN,HAMBURG INTERNATIONAL,A,C, 5 , 0 , 60 , 20 , 20 , 0 , 0 , 0 , 14.8 , 0 , 0 , 0 , 0 
24-Mar-2010 14:25,201001,GATWICK,NORWAY,FAGERNES/LEIRIN,HAMBURG INTERNATIONAL,D,C, 5 , 0 , 80 , 0 , 20 , 0 , 0 , 0 , 8.4 , 0 , 0 , 0 , 0 
24-Mar-2010 14:25,201001,GATWICK,NORWAY,OSLO (GARDERMOEN),NORWEGIAN AIR SHUTTLE,A,S, 67 , 0 , 77.6119402985075 , 13.4328358208955 , 4.47761194029851 , 2.98507462686567 , 1.49253731343284 , 0 , 14 , 0 , 0 , 0 , 0 
24-Mar-2010 14:25,201001,GATWICK,NORWAY,OSLO (GARDERMOEN),NORWEGIAN AIR SHUTTLE,D,S, 67 , 0 , 62.6865671641791 , 14.9253731343284 , 13.4328358208955 , 7.46268656716418 , 1.49253731343284 , 0 , 21.5671641791045 , 0 , 0 , 0 , 0 
24-Mar-2010 14:25,201001,GATWICK,NORWAY,STAVANGER,NORWEGIAN AIR SHUTTLE,A,S, 20 , 0 , 70 , 10 , 10 , 10 , 0 , 0 , 18.15 , 0 , 18 , 77.7777777777778 , 18.6111111111111 
24-Mar-2010 14:25,201001,GATWICK,NORWAY,STAVANGER,NORWEGIAN AIR SHUTTLE,D,S, 20 , 0 , 65 , 15 , 5 , 10 , 5 , 0 , 31.45 , 0 , 18 , 77.7777777777778 , 17.2777777777778 
24-Mar-2010 14:25,201001,GATWICK,NORWAY,TROMSOE,NORWEGIAN AIR SHUTTLE,A,S, 9 , 0 , 77.7777777777778 , 11.1111111111111 , 11.1111111111111 , 0 , 0 , 0 , 9.66666666666667 , 0 , 0 , 0 , 0 
24-Mar-2010 14:25,201001,GATWICK,NORWAY,TROMSOE,NORWEGIAN AIR SHUTTLE,D,S, 9 , 0 , 66.6666666666667 , 11.1111111111111 , 11.1111111111111 , 0 , 11.1111111111111 , 0 , 39.8888888888889 , 0 , 0 , 0 , 0 
24-Mar-2010 14:25,201001,GATWICK,OMAN,MUSCAT,OMAN AIR,A,S, 0 , 0 , 0 , 0 , 0 , 0 , 0 , 0 , 0 , 0 , 13 , 76.9230769230769 , 26.9230769230769 
24-Mar-2010 14:25,201001,GATWICK,OMAN,MUSCAT,OMAN AIR,D,S, 0 , 0 , 0 , 0 , 0 , 0 , 0 , 0 , 0 , 0 , 13 , 69.2307692307692 , 21.1538461538462 
24-Mar-2010 14:25,201001,GATWICK,POLAND,KRAKOW,BRITISH AIRWAYS PLC,A,S, 0 , 0 , 0 , 0 , 0 , 0 , 0 , 0 , 0 , 0 , 25 , 72 , 12.8 
24-Mar-2010 14:25,201001,GATWICK,POLAND,KRAKOW,BRITISH AIRWAYS PLC,D,S, 0 , 0 , 0 , 0 , 0 , 0 , 0 , 0 , 0 , 0 , 25 , 72 , 14.4 
24-Mar-2010 14:25,201001,GATWICK,POLAND,KRAKOW,EASYJET AIRLINE COMPANY LTD,A,S, 27 , 0 , 44.4444444444444 , 37.037037037037 , 14.8148148148148 , 3.7037037037037 , 0 , 0 , 21.7407407407407 , 0 , 28 , 64.2857142857143 , 11.4285714285714 
24-Mar-2010 14:25,201001,GATWICK,POLAND,KRAKOW,EASYJET AIRLINE COMPANY LTD,D,S, 27 , 0 , 62.962962962963 , 25.9259259259259 , 7.40740740740741 , 3.7037037037037 , 0 , 0 , 14.2222222222222 , 0 , 29 , 72.4137931034483 , 10.9310344827586 
24-Mar-2010 14:25,201001,GATWICK,POLAND,WARSAW,AER LINGUS,A,S, 30 , 0 , 56.6666666666667 , 16.6666666666667 , 16.6666666666667 , 6.66666666666667 , 3.33333333333333 , 0 , 33.3 , 1 , 0 , 0 , 0 
24-Mar-2010 14:25,201001,GATWICK,POLAND,WARSAW,AER LINGUS,D,S, 31 , 0 , 70.9677419354839 , 12.9032258064516 , 6.45161290322581 , 6.45161290322581 , 3.2258064516129 , 0 , 22.6774193548387 , 1 , 0 , 0 , 0 
24-Mar-2010 14:25,201001,GATWICK,PORTUGAL(EXCLUDING MADEIRA),AZORES PONTA DELGADA,SATA,A,S, 0 , 0 , 0 , 0 , 0 , 0 , 0 , 0 , 0 , 0 , 5 , 40 , 53.8 
24-Mar-2010 14:25,201001,GATWICK,PORTUGAL(EXCLUDING MADEIRA),AZORES PONTA DELGADA,SATA,D,S, 0 , 0 , 0 , 0 , 0 , 0 , 0 , 0 , 0 , 0 , 5 , 40 , 47.6 
24-Mar-2010 14:25,201001,GATWICK,PORTUGAL(EXCLUDING MADEIRA),FARO,AER LINGUS,A,S, 26 , 0 , 73.0769230769231 , 11.5384615384615 , 3.84615384615385 , 11.5384615384615 , 0 , 0 , 18.7692307692308 , 1 , 0 , 0 , 0 
24-Mar-2010 14:25,201001,GATWICK,PORTUGAL(EXCLUDING MADEIRA),FARO,AER LINGUS,D,S, 26 , 0 , 69.2307692307692 , 7.69230769230769 , 15.3846153846154 , 7.69230769230769 , 0 , 0 , 18.2692307692308 , 1 , 0 , 0 , 0 
24-Mar-2010 14:25,201001,GATWICK,PORTUGAL(EXCLUDING MADEIRA),FARO,BRITISH AIRWAYS PLC,A,S, 28 , 0 , 82.1428571428572 , 0 , 3.57142857142857 , 14.2857142857143 , 0 , 0 , 15.4285714285714 , 0 , 40 , 77.5 , 13.225 
24-Mar-2010 14:25,201001,GATWICK,PORTUGAL(EXCLUDING MADEIRA),FARO,BRITISH AIRWAYS PLC,D,S, 29 , 0 , 79.3103448275862 , 13.7931034482759 , 0 , 6.89655172413793 , 0 , 0 , 12.7586206896552 , 0 , 40 , 70 , 12.95 
24-Mar-2010 14:25,201001,GATWICK,PORTUGAL(EXCLUDING MADEIRA),FARO,EASYJET AIRLINE COMPANY LTD,A,S, 44 , 0 , 56.8181818181818 , 18.1818181818182 , 15.9090909090909 , 9.09090909090909 , 0 , 0 , 21.1136363636364 , 3 , 54 , 77.7777777777778 , 11.462962962963 
24-Mar-2010 14:25,201001,GATWICK,PORTUGAL(EXCLUDING MADEIRA),FARO,EASYJET AIRLINE COMPANY LTD,D,S, 44 , 0 , 63.6363636363636 , 6.81818181818182 , 22.7272727272727 , 6.81818181818182 , 0 , 0 , 19.5909090909091 , 2 , 53 , 81.1320754716981 , 10.3207547169811 
24-Mar-2010 14:25,201001,GATWICK,PORTUGAL(EXCLUDING MADEIRA),FARO,MONARCH AIRLINES,A,S, 11 , 0 , 72.7272727272727 , 18.1818181818182 , 9.09090909090909 , 0 , 0 , 0 , 13.5454545454545 , 1 , 17 , 58.8235294117647 , 22.3529411764706 
24-Mar-2010 14:25,201001,GATWICK,PORTUGAL(EXCLUDING MADEIRA),FARO,MONARCH AIRLINES,D,S, 11 , 0 , 90.9090909090909 , 0 , 9.09090909090909 , 0 , 0 , 0 , 6.09090909090909 , 0 , 17 , 94.1176470588235 , 3.17647058823529 
24-Mar-2010 14:25,201001,GATWICK,PORTUGAL(EXCLUDING MADEIRA),FARO,THOMSON AIRWAYS LTD,A,C, 0 , 0 , 0 , 0 , 0 , 0 , 0 , 0 , 0 , 0 , 1 , 100 , 0 
24-Mar-2010 14:25,201001,GATWICK,PORTUGAL(EXCLUDING MADEIRA),FARO,THOMSON AIRWAYS LTD,D,C, 0 , 0 , 0 , 0 , 0 , 0 , 0 , 0 , 0 , 0 , 1 , 100 , 6 
24-Mar-2010 14:25,201001,GATWICK,PORTUGAL(EXCLUDING MADEIRA),LISBON,AIR PORTUGAL,A,S, 11 , 0 , 72.7272727272727 , 9.09090909090909 , 9.09090909090909 , 9.09090909090909 , 0 , 0 , 22.7272727272727 , 0 , 29 , 86.2068965517241 , 6.55172413793103 
24-Mar-2010 14:25,201001,GATWICK,PORTUGAL(EXCLUDING MADEIRA),LISBON,AIR PORTUGAL,D,S, 10 , 0 , 90 , 0 , 10 , 0 , 0 , 0 , 8.2 , 0 , 29 , 75.8620689655172 , 13.9655172413793 
24-Mar-2010 14:25,201001,GATWICK,PORTUGAL(EXCLUDING MADEIRA),LISBON,EASYJET AIRLINE COMPANY LTD,A,S, 27 , 0 , 51.8518518518519 , 14.8148148148148 , 14.8148148148148 , 18.5185185185185 , 0 , 0 , 32.1481481481481 , 2 , 31 , 77.4193548387097 , 11.9354838709677 
24-Mar-2010 14:25,201001,GATWICK,PORTUGAL(EXCLUDING MADEIRA),LISBON,EASYJET AIRLINE COMPANY LTD,D,S, 28 , 0 , 64.2857142857143 , 17.8571428571429 , 7.14285714285714 , 10.7142857142857 , 0 , 0 , 16.8571428571429 , 1 , 31 , 83.8709677419355 , 9.03225806451613 
24-Mar-2010 14:25,201001,GATWICK,PORTUGAL(EXCLUDING MADEIRA),OPORTO (PORTUGAL),AIR PORTUGAL,A,S, 29 , 0 , 62.0689655172414 , 31.0344827586207 , 3.44827586206897 , 0 , 3.44827586206897 , 0 , 20.9310344827586 , 0 , 53 , 77.3584905660377 , 13.0188679245283 
24-Mar-2010 14:25,201001,GATWICK,PORTUGAL(EXCLUDING MADEIRA),OPORTO (PORTUGAL),AIR PORTUGAL,D,S, 30 , 0 , 80 , 0 , 6.66666666666667 , 6.66666666666667 , 6.66666666666667 , 0 , 26.5666666666667 , 0 , 53 , 84.9056603773585 , 7.92452830188679 
24-Mar-2010 14:25,201001,GATWICK,PORTUGAL(EXCLUDING MADEIRA),OPORTO (PORTUGAL),EASYJET AIRLINE COMPANY LTD,A,S, 29 , 0 , 68.9655172413793 , 13.7931034482759 , 6.89655172413793 , 3.44827586206897 , 6.89655172413793 , 0 , 29.6896551724138 , 0 , 0 , 0 , 0 
24-Mar-2010 14:25,201001,GATWICK,PORTUGAL(EXCLUDING MADEIRA),OPORTO (PORTUGAL),EASYJET AIRLINE COMPANY LTD,D,S, 29 , 0 , 48.2758620689655 , 27.5862068965517 , 17.2413793103448 , 0 , 6.89655172413793 , 0 , 32.8275862068966 , 0 , 0 , 0 , 0 
24-Mar-2010 14:25,201001,GATWICK,PORTUGAL(MADEIRA),FUNCHAL,AIR PORTUGAL,A,S, 30 , 0 , 83.3333333333333 , 0 , 3.33333333333333 , 6.66666666666667 , 6.66666666666667 , 0 , 27.0333333333333 , 0 , 22 , 90.9090909090909 , 5.59090909090909 
24-Mar-2010 14:25,201001,GATWICK,PORTUGAL(MADEIRA),FUNCHAL,AIR PORTUGAL,D,S, 29 , 0 , 65.5172413793103 , 17.2413793103448 , 10.3448275862069 , 3.44827586206897 , 3.44827586206897 , 0 , 20.6551724137931 , 0 , 22 , 86.3636363636364 , 6.31818181818182 
24-Mar-2010 14:25,201001,GATWICK,PORTUGAL(MADEIRA),FUNCHAL,EASYJET AIRLINE COMPANY LTD,A,S, 16 , 0 , 93.75 , 6.25 , 0 , 0 , 0 , 0 , 3.75 , 0 , 19 , 57.8947368421053 , 13.5789473684211 
24-Mar-2010 14:25,201001,GATWICK,PORTUGAL(MADEIRA),FUNCHAL,EASYJET AIRLINE COMPANY LTD,D,S, 16 , 0 , 68.75 , 25 , 6.25 , 0 , 0 , 0 , 13.5625 , 0 , 19 , 47.3684210526316 , 19.9473684210526 
24-Mar-2010 14:25,201001,GATWICK,PORTUGAL(MADEIRA),FUNCHAL,THOMAS COOK AIRLINES LTD,A,C, 0 , 0 , 0 , 0 , 0 , 0 , 0 , 0 , 0 , 0 , 1 , 0 , 36 
24-Mar-2010 14:25,201001,GATWICK,PORTUGAL(MADEIRA),FUNCHAL,THOMSON AIRWAYS LTD,A,C, 6 , 0 , 33.3333333333333 , 16.6666666666667 , 16.6666666666667 , 33.3333333333333 , 0 , 0 , 52 , 0 , 8 , 87.5 , 5.375 
24-Mar-2010 14:25,201001,GATWICK,PORTUGAL(MADEIRA),FUNCHAL,THOMSON AIRWAYS LTD,D,C, 6 , 0 , 33.3333333333333 , 16.6666666666667 , 16.6666666666667 , 33.3333333333333 , 0 , 0 , 55 , 0 , 8 , 62.5 , 15.75 
24-Mar-2010 14:25,201001,GATWICK,PUERTO RICO,SAN JUAN (PUERTO RICO),VIRGIN ATLANTIC AIRWAYS LTD,A,S, 4 , 0 , 0 , 0 , 50 , 50 , 0 , 0 , 76.5 , 0 , 0 , 0 , 0 
24-Mar-2010 14:25,201001,GATWICK,PUERTO RICO,SAN JUAN (PUERTO RICO),VIRGIN ATLANTIC AIRWAYS LTD,D,S, 5 , 0 , 20 , 0 , 80 , 0 , 0 , 0 , 36.8 , 0 , 0 , 0 , 0 
24-Mar-2010 14:25,201001,GATWICK,QATAR,DOHA,QATAR AIRWAYS,A,S, 29 , 0 , 79.3103448275862 , 13.7931034482759 , 6.89655172413793 , 0 , 0 , 0 , 7.82758620689655 , 2 , 31 , 90.3225806451613 , 3.67741935483871 
24-Mar-2010 14:25,201001,GATWICK,QATAR,DOHA,QATAR AIRWAYS,D,S, 29 , 0 , 75.8620689655172 , 13.7931034482759 , 3.44827586206897 , 6.89655172413793 , 0 , 0 , 14.3103448275862 , 2 , 31 , 83.8709677419355 , 9.45161290322581 
24-Mar-2010 14:25,201001,GATWICK,REPUBLIC OF MOLDOVA,CHISINAU (KISHINEV),AIR MOLDOVA INTERNATIONAL,A,S, 4 , 0 , 50 , 25 , 0 , 25 , 0 , 0 , 31 , 0 , 0 , 0 , 0 
24-Mar-2010 14:25,201001,GATWICK,REPUBLIC OF MOLDOVA,CHISINAU (KISHINEV),AIR MOLDOVA INTERNATIONAL,D,S, 4 , 0 , 75 , 25 , 0 , 0 , 0 , 0 , 8.5 , 0 , 0 , 0 , 0 
24-Mar-2010 14:25,201001,GATWICK,REPUBLIC OF MONTENEGRO,PODGORICA,MONTENEGRO AIRLINES,A,S, 8 , 0 , 62.5 , 0 , 12.5 , 12.5 , 0 , 12.5 , 91.375 , 0 , 0 , 0 , 0 
24-Mar-2010 14:25,201001,GATWICK,REPUBLIC OF MONTENEGRO,PODGORICA,MONTENEGRO AIRLINES,D,S, 8 , 0 , 62.5 , 12.5 , 12.5 , 0 , 0 , 12.5 , 109.375 , 0 , 0 , 0 , 0 
24-Mar-2010 14:25,201001,GATWICK,REPUBLIC OF MONTENEGRO,TIVAT,MONTENEGRO AIRLINES,A,S, 0 , 0 , 0 , 0 , 0 , 0 , 0 , 0 , 0 , 0 , 13 , 76.9230769230769 , 10.1538461538462 
24-Mar-2010 14:25,201001,GATWICK,REPUBLIC OF MONTENEGRO,TIVAT,MONTENEGRO AIRLINES,D,S, 0 , 0 , 0 , 0 , 0 , 0 , 0 , 0 , 0 , 0 , 13 , 84.6153846153846 , 9.84615384615385 
24-Mar-2010 14:25,201001,GATWICK,ROMANIA,BUCHAREST (OTOPENI),AER LINGUS,A,S, 25 , 0 , 52 , 12 , 24 , 12 , 0 , 0 , 27 , 1 , 0 , 0 , 0 
24-Mar-2010 14:25,201001,GATWICK,ROMANIA,BUCHAREST (OTOPENI),AER LINGUS,D,S, 26 , 0 , 61.5384615384615 , 15.3846153846154 , 19.2307692307692 , 3.84615384615385 , 0 , 0 , 20.3846153846154 , 1 , 0 , 0 , 0 
24-Mar-2010 14:25,201001,GATWICK,RUSSIA,KALININGRAD,KD AVIA,A,S, 0 , 0 , 0 , 0 , 0 , 0 , 0 , 0 , 0 , 0 , 10 , 60 , 26.2 
24-Mar-2010 14:25,201001,GATWICK,RUSSIA,KALININGRAD,KD AVIA,D,S, 0 , 0 , 0 , 0 , 0 , 0 , 0 , 0 , 0 , 0 , 10 , 100 , 0.7 
24-Mar-2010 14:25,201001,GATWICK,RUSSIA,MOSCOW (SHEREMETYEVO),CIRRUS LUFTFAHRT,D,C, 0 , 1 , 0 , 0 , 0 , 0 , 0 , 0 , 0 , 0 , 0 , 0 , 0 
24-Mar-2010 14:25,201001,GATWICK,RUSSIA,ST PETERSBURG,ROSSIYA ROSSIISKIE AVALINII,A,S, 3 , 1 , 33.3333333333333 , 0 , 33.3333333333333 , 0 , 0 , 33.3333333333333 , 230 , 0 , 6 , 66.6666666666667 , 13.5 
24-Mar-2010 14:25,201001,GATWICK,RUSSIA,ST PETERSBURG,ROSSIYA ROSSIISKIE AVALINII,D,S, 3 , 1 , 33.3333333333333 , 33.3333333333333 , 0 , 0 , 0 , 33.3333333333333 , 216.333333333333 , 0 , 6 , 100 , 4.5 
24-Mar-2010 14:25,201001,GATWICK,SAINT KITTS AND NEVIS,ST KITTS,BRITISH AIRWAYS PLC,A,S, 5 , 0 , 60 , 20 , 20 , 0 , 0 , 0 , 16.8 , 0 , 0 , 0 , 0 
24-Mar-2010 14:25,201001,GATWICK,SAINT KITTS AND NEVIS,ST KITTS,BRITISH AIRWAYS PLC,D,S, 5 , 0 , 80 , 20 , 0 , 0 , 0 , 0 , 4.2 , 0 , 0 , 0 , 0 
24-Mar-2010 14:25,201001,GATWICK,SAUDI ARABIA,JEDDAH,ASTRAEUS LTD,A,C, 1 , 0 , 0 , 0 , 100 , 0 , 0 , 0 , 37 , 0 , 0 , 0 , 0 
24-Mar-2010 14:25,201001,GATWICK,SIERRA LEONE,FREETOWN,MONARCH AIRLINES,A,C, 0 , 0 , 0 , 0 , 0 , 0 , 0 , 0 , 0 , 0 , 2 , 0 , 166 
24-Mar-2010 14:25,201001,GATWICK,SIERRA LEONE,FREETOWN,MONARCH AIRLINES,D,C, 0 , 0 , 0 , 0 , 0 , 0 , 0 , 0 , 0 , 0 , 2 , 0 , 30.5 
24-Mar-2010 14:25,201001,GATWICK,SLOVENIA,LJUBLJANA,ADRIA AIRWAYS,A,S, 24 , 0 , 45.8333333333333 , 25 , 25 , 4.16666666666667 , 0 , 0 , 20.375 , 2 , 26 , 65.3846153846154 , 13.6153846153846 
24-Mar-2010 14:25,201001,GATWICK,SLOVENIA,LJUBLJANA,ADRIA AIRWAYS,D,S, 24 , 0 , 41.6666666666667 , 20.8333333333333 , 20.8333333333333 , 12.5 , 0 , 4.16666666666667 , 43.8333333333333 , 2 , 26 , 69.2307692307692 , 12.3461538461538 
24-Mar-2010 14:25,201001,GATWICK,SLOVENIA,LJUBLJANA,THOMSON AIRWAYS LTD,A,C, 0 , 0 , 0 , 0 , 0 , 0 , 0 , 0 , 0 , 0 , 5 , 40 , 45.4 
24-Mar-2010 14:25,201001,GATWICK,SLOVENIA,LJUBLJANA,THOMSON AIRWAYS LTD,D,C, 0 , 0 , 0 , 0 , 0 , 0 , 0 , 0 , 0 , 0 , 5 , 60 , 41.2 
24-Mar-2010 14:25,201001,GATWICK,SPAIN,ALICANTE,BRITISH AIRWAYS PLC,A,S, 0 , 0 , 0 , 0 , 0 , 0 , 0 , 0 , 0 , 0 , 31 , 74.1935483870968 , 12.7741935483871 
24-Mar-2010 14:25,201001,GATWICK,SPAIN,ALICANTE,BRITISH AIRWAYS PLC,D,S, 0 , 0 , 0 , 0 , 0 , 0 , 0 , 0 , 0 , 0 , 31 , 83.8709677419355 , 8.16129032258065 
24-Mar-2010 14:25,201001,GATWICK,SPAIN,ALICANTE,EASYJET AIRLINE COMPANY LTD,A,S, 44 , 0 , 61.3636363636364 , 9.09090909090909 , 15.9090909090909 , 11.3636363636364 , 2.27272727272727 , 0 , 26.1136363636364 , 3 , 43 , 79.0697674418605 , 9.02325581395349 
24-Mar-2010 14:25,201001,GATWICK,SPAIN,ALICANTE,EASYJET AIRLINE COMPANY LTD,D,S, 44 , 0 , 54.5454545454545 , 11.3636363636364 , 13.6363636363636 , 20.4545454545455 , 0 , 0 , 27.4318181818182 , 2 , 43 , 81.3953488372093 , 9.06976744186047 
24-Mar-2010 14:25,201001,GATWICK,SPAIN,ALICANTE,MONARCH AIRLINES,A,S, 22 , 0 , 63.6363636363636 , 18.1818181818182 , 4.54545454545455 , 9.09090909090909 , 4.54545454545455 , 0 , 30.2272727272727 , 1 , 32 , 100 , 2.375 
24-Mar-2010 14:25,201001,GATWICK,SPAIN,ALICANTE,MONARCH AIRLINES,D,S, 22 , 0 , 68.1818181818182 , 22.7272727272727 , 4.54545454545455 , 4.54545454545455 , 0 , 0 , 12.0909090909091 , 0 , 32 , 90.625 , 3.1875 
24-Mar-2010 14:25,201001,GATWICK,SPAIN,ALICANTE,RYANAIR,A,S, 27 , 0 , 59.2592592592593 , 25.9259259259259 , 3.7037037037037 , 11.1111111111111 , 0 , 0 , 21.2962962962963 , 5 , 61 , 93.4426229508197 , 2.59016393442623 
24-Mar-2010 14:25,201001,GATWICK,SPAIN,ALICANTE,RYANAIR,D,S, 27 , 0 , 59.2592592592593 , 14.8148148148148 , 11.1111111111111 , 14.8148148148148 , 0 , 0 , 23.7407407407407 , 5 , 61 , 93.4426229508197 , 3.16393442622951 
24-Mar-2010 14:25,201001,GATWICK,SPAIN,ALICANTE,THOMSON AIRWAYS LTD,A,C, 8 , 0 , 75 , 12.5 , 0 , 0 , 0 , 12.5 , 109.75 , 0 , 10 , 100 , 1.1 
24-Mar-2010 14:25,201001,GATWICK,SPAIN,ALICANTE,THOMSON AIRWAYS LTD,D,C, 8 , 0 , 87.5 , 0 , 0 , 0 , 0 , 12.5 , 112.125 , 0 , 10 , 100 , 4.7 
24-Mar-2010 14:25,201001,GATWICK,SPAIN,ALMERIA,EASYJET AIRLINE COMPANY LTD,A,S, 15 , 0 , 86.6666666666667 , 0 , 13.3333333333333 , 0 , 0 , 0 , 7.4 , 0 , 16 , 75 , 15 
24-Mar-2010 14:25,201001,GATWICK,SPAIN,ALMERIA,EASYJET AIRLINE COMPANY LTD,D,S, 16 , 0 , 81.25 , 6.25 , 6.25 , 6.25 , 0 , 0 , 10.0625 , 0 , 16 , 75 , 15.25 
24-Mar-2010 14:25,201001,GATWICK,SPAIN,BARCELONA,BRITISH AIRWAYS PLC,A,S, 0 , 0 , 0 , 0 , 0 , 0 , 0 , 0 , 0 , 0 , 62 , 80.6451612903226 , 8.88709677419355 
24-Mar-2010 14:25,201001,GATWICK,SPAIN,BARCELONA,BRITISH AIRWAYS PLC,D,S, 0 , 0 , 0 , 0 , 0 , 0 , 0 , 0 , 0 , 0 , 62 , 90.3225806451613 , 7.11290322580645 
24-Mar-2010 14:25,201001,GATWICK,SPAIN,BARCELONA,EASYJET AIRLINE COMPANY LTD,A,S, 83 , 0 , 65.0602409638554 , 15.6626506024096 , 6.02409638554217 , 9.63855421686747 , 2.40963855421687 , 1.20481927710843 , 27.9518072289157 , 4 , 88 , 78.4090909090909 , 11.6022727272727 
24-Mar-2010 14:25,201001,GATWICK,SPAIN,BARCELONA,EASYJET AIRLINE COMPANY LTD,D,S, 84 , 0 , 58.3333333333333 , 20.2380952380952 , 9.52380952380952 , 11.9047619047619 , 0 , 0 , 22.6428571428571 , 2 , 88 , 77.2727272727273 , 9.04545454545455 
24-Mar-2010 14:25,201001,GATWICK,SPAIN,BARCELONA,MONARCH AIRLINES,A,C, 2 , 0 , 0 , 50 , 50 , 0 , 0 , 0 , 28.5 , 0 , 0 , 0 , 0 
24-Mar-2010 14:25,201001,GATWICK,SPAIN,BARCELONA,MONARCH AIRLINES,D,C, 2 , 0 , 0 , 0 , 50 , 50 , 0 , 0 , 53.5 , 0 , 0 , 0 , 0 
24-Mar-2010 14:25,201001,GATWICK,SPAIN,BARCELONA,VUELING AIRLINES,A,C, 1 , 0 , 100 , 0 , 0 , 0 , 0 , 0 , 8 , 0 , 0 , 0 , 0 
24-Mar-2010 14:25,201001,GATWICK,SPAIN,BARCELONA,VUELING AIRLINES,D,C, 1 , 0 , 0 , 100 , 0 , 0 , 0 , 0 , 18 , 0 , 0 , 0 , 0 
24-Mar-2010 14:25,201001,GATWICK,SPAIN,GERONA,RYANAIR,A,S, 27 , 0 , 92.5925925925926 , 3.7037037037037 , 0 , 3.7037037037037 , 0 , 0 , 8.03703703703704 , 4 , 30 , 76.6666666666667 , 9.03333333333333 
24-Mar-2010 14:25,201001,GATWICK,SPAIN,GERONA,RYANAIR,D,S, 27 , 0 , 77.7777777777778 , 14.8148148148148 , 0 , 7.40740740740741 , 0 , 0 , 9.81481481481481 , 4 , 30 , 86.6666666666667 , 5.73333333333333 
24-Mar-2010 14:25,201001,GATWICK,SPAIN,HUESCA,MONARCH AIRLINES,A,C, 0 , 0 , 0 , 0 , 0 , 0 , 0 , 0 , 0 , 0 , 4 , 75 , 8.75 
24-Mar-2010 14:25,201001,GATWICK,SPAIN,HUESCA,MONARCH AIRLINES,D,C, 0 , 0 , 0 , 0 , 0 , 0 , 0 , 0 , 0 , 0 , 4 , 100 , 1.5 
24-Mar-2010 14:25,201001,GATWICK,SPAIN,HUESCA,THOMSON AIRWAYS LTD,A,C, 2 , 0 , 100 , 0 , 0 , 0 , 0 , 0 , 5 , 0 , 0 , 0 , 0 
24-Mar-2010 14:25,201001,GATWICK,SPAIN,HUESCA,THOMSON AIRWAYS LTD,D,C, 2 , 0 , 100 , 0 , 0 , 0 , 0 , 0 , 0 , 0 , 0 , 0 , 0 
24-Mar-2010 14:25,201001,GATWICK,SPAIN,MADRID,AIR COMET,A,S, 0 , 0 , 0 , 0 , 0 , 0 , 0 , 0 , 0 , 0 , 55 , 67.2727272727273 , 20.4 
24-Mar-2010 14:25,201001,GATWICK,SPAIN,MADRID,AIR COMET,D,S, 0 , 0 , 0 , 0 , 0 , 0 , 0 , 0 , 0 , 0 , 55 , 67.2727272727273 , 34.5636363636364 
24-Mar-2010 14:25,201001,GATWICK,SPAIN,MADRID,AIR EUROPA,A,S, 53 , 0 , 64.1509433962264 , 9.43396226415094 , 13.2075471698113 , 7.54716981132075 , 3.77358490566038 , 1.88679245283019 , 38.188679245283 , 2 , 0 , 0 , 0 
24-Mar-2010 14:25,201001,GATWICK,SPAIN,MADRID,AIR EUROPA,D,S, 53 , 0 , 50.9433962264151 , 13.2075471698113 , 16.9811320754717 , 9.43396226415094 , 7.54716981132075 , 1.88679245283019 , 50.5283018867925 , 2 , 0 , 0 , 0 
24-Mar-2010 14:25,201001,GATWICK,SPAIN,MADRID,BRITISH AIRWAYS PLC,A,S, 0 , 0 , 0 , 0 , 0 , 0 , 0 , 0 , 0 , 0 , 55 , 72.7272727272727 , 18.2727272727273 
24-Mar-2010 14:25,201001,GATWICK,SPAIN,MADRID,BRITISH AIRWAYS PLC,D,S, 0 , 0 , 0 , 0 , 0 , 0 , 0 , 0 , 0 , 0 , 56 , 78.5714285714286 , 9.96428571428571 
24-Mar-2010 14:25,201001,GATWICK,SPAIN,MADRID,EASYJET AIRLINE COMPANY LTD,A,S, 103 , 0 , 33.9805825242718 , 14.5631067961165 , 22.3300970873786 , 16.504854368932 , 9.70873786407767 , 2.9126213592233 , 71.0679611650485 , 4 , 111 , 68.4684684684685 , 28.0720720720721 
24-Mar-2010 14:25,201001,GATWICK,SPAIN,MADRID,EASYJET AIRLINE COMPANY LTD,D,S, 104 , 0 , 43.2692307692308 , 12.5 , 19.2307692307692 , 16.3461538461538 , 8.65384615384615 , 0 , 50.625 , 1 , 112 , 66.9642857142857 , 17.25 
24-Mar-2010 14:25,201001,GATWICK,SPAIN,MADRID,RYANAIR,A,S, 26 , 0 , 57.6923076923077 , 19.2307692307692 , 15.3846153846154 , 7.69230769230769 , 0 , 0 , 18.9230769230769 , 5 , 0 , 0 , 0 
24-Mar-2010 14:25,201001,GATWICK,SPAIN,MADRID,RYANAIR,D,S, 26 , 0 , 46.1538461538462 , 15.3846153846154 , 23.0769230769231 , 15.3846153846154 , 0 , 0 , 28.6153846153846 , 5 , 0 , 0 , 0 
24-Mar-2010 14:25,201001,GATWICK,SPAIN,MALAGA,AER LINGUS,A,S, 52 , 0 , 50 , 15.3846153846154 , 11.5384615384615 , 21.1538461538462 , 0 , 1.92307692307692 , 47.2884615384615 , 0 , 0 , 0 , 0 
24-Mar-2010 14:25,201001,GATWICK,SPAIN,MALAGA,AER LINGUS,D,S, 53 , 0 , 62.2641509433962 , 5.66037735849057 , 11.3207547169811 , 18.8679245283019 , 1.88679245283019 , 0 , 33.2452830188679 , 0 , 0 , 0 , 0 
24-Mar-2010 14:25,201001,GATWICK,SPAIN,MALAGA,BRITISH AIRWAYS PLC,A,S, 0 , 0 , 0 , 0 , 0 , 0 , 0 , 0 , 0 , 0 , 77 , 74.025974025974 , 19.9220779220779 
24-Mar-2010 14:25,201001,GATWICK,SPAIN,MALAGA,BRITISH AIRWAYS PLC,D,S, 0 , 0 , 0 , 0 , 0 , 0 , 0 , 0 , 0 , 0 , 78 , 85.8974358974359 , 8.46153846153846 
24-Mar-2010 14:25,201001,GATWICK,SPAIN,MALAGA,EASYJET AIRLINE COMPANY LTD,A,S, 80 , 1 , 48.75 , 13.75 , 17.5 , 17.5 , 1.25 , 1.25 , 37.2625 , 5 , 89 , 69.6629213483146 , 17.1460674157303 
24-Mar-2010 14:25,201001,GATWICK,SPAIN,MALAGA,EASYJET AIRLINE COMPANY LTD,D,S, 83 , 0 , 56.6265060240964 , 15.6626506024096 , 13.2530120481928 , 14.4578313253012 , 0 , 0 , 25.2048192771084 , 2 , 88 , 73.8636363636364 , 13.4886363636364 
24-Mar-2010 14:25,201001,GATWICK,SPAIN,MALAGA,MONARCH AIRLINES,A,S, 21 , 0 , 42.8571428571429 , 33.3333333333333 , 4.76190476190476 , 14.2857142857143 , 0 , 4.76190476190476 , 62.6190476190476 , 1 , 32 , 50 , 22.4375 
24-Mar-2010 14:25,201001,GATWICK,SPAIN,MALAGA,MONARCH AIRLINES,D,S, 21 , 0 , 85.7142857142857 , 4.76190476190476 , 9.52380952380952 , 0 , 0 , 0 , 8.52380952380952 , 2 , 32 , 87.5 , 9.8125 
24-Mar-2010 14:25,201001,GATWICK,SPAIN,MALAGA,THOMSON AIRWAYS LTD,A,C, 14 , 0 , 64.2857142857143 , 14.2857142857143 , 0 , 14.2857142857143 , 7.14285714285714 , 0 , 39.9285714285714 , 0 , 13 , 76.9230769230769 , 25.2307692307692 
24-Mar-2010 14:25,201001,GATWICK,SPAIN,MALAGA,THOMSON AIRWAYS LTD,D,C, 14 , 0 , 71.4285714285714 , 0 , 7.14285714285714 , 14.2857142857143 , 7.14285714285714 , 0 , 40.5 , 0 , 13 , 61.5384615384615 , 35.3076923076923 
24-Mar-2010 14:25,201001,GATWICK,SPAIN,MURCIA SAN JAVIER,EASYJET AIRLINE COMPANY LTD,A,S, 23 , 0 , 56.5217391304348 , 17.3913043478261 , 17.3913043478261 , 8.69565217391304 , 0 , 0 , 21.8695652173913 , 0 , 25 , 80 , 7.68 
24-Mar-2010 14:25,201001,GATWICK,SPAIN,MURCIA SAN JAVIER,EASYJET AIRLINE COMPANY LTD,D,S, 23 , 0 , 47.8260869565217 , 26.0869565217391 , 17.3913043478261 , 8.69565217391304 , 0 , 0 , 22 , 0 , 25 , 76 , 8.56 
24-Mar-2010 14:25,201001,GATWICK,SPAIN,MURCIA SAN JAVIER,MONARCH AIRLINES,A,S, 0 , 0 , 0 , 0 , 0 , 0 , 0 , 0 , 0 , 0 , 15 , 93.3333333333333 , 3.6 
24-Mar-2010 14:25,201001,GATWICK,SPAIN,MURCIA SAN JAVIER,MONARCH AIRLINES,D,S, 0 , 0 , 0 , 0 , 0 , 0 , 0 , 0 , 0 , 0 , 15 , 100 , 3.73333333333333 
24-Mar-2010 14:25,201001,GATWICK,SPAIN,MURCIA SAN JAVIER,THOMSON AIRWAYS LTD,A,C, 0 , 0 , 0 , 0 , 0 , 0 , 0 , 0 , 0 , 0 , 1 , 0 , 19 
24-Mar-2010 14:25,201001,GATWICK,SPAIN,MURCIA SAN JAVIER,THOMSON AIRWAYS LTD,D,C, 0 , 0 , 0 , 0 , 0 , 0 , 0 , 0 , 0 , 0 , 1 , 100 , 8 
24-Mar-2010 14:25,201001,GATWICK,SPAIN,PALMA DE MALLORCA,BRITISH AIRWAYS PLC,A,S, 0 , 0 , 0 , 0 , 0 , 0 , 0 , 0 , 0 , 0 , 13 , 100 , 1.53846153846154 
24-Mar-2010 14:25,201001,GATWICK,SPAIN,PALMA DE MALLORCA,BRITISH AIRWAYS PLC,D,S, 0 , 0 , 0 , 0 , 0 , 0 , 0 , 0 , 0 , 0 , 14 , 85.7142857142857 , 10.5 
24-Mar-2010 14:25,201001,GATWICK,SPAIN,PALMA DE MALLORCA,EASYJET AIRLINE COMPANY LTD,A,S, 27 , 0 , 51.8518518518519 , 14.8148148148148 , 11.1111111111111 , 18.5185185185185 , 3.7037037037037 , 0 , 37.037037037037 , 1 , 31 , 93.5483870967742 , 2.48387096774194 
24-Mar-2010 14:25,201001,GATWICK,SPAIN,PALMA DE MALLORCA,EASYJET AIRLINE COMPANY LTD,D,S, 27 , 0 , 55.5555555555556 , 22.2222222222222 , 7.40740740740741 , 11.1111111111111 , 3.7037037037037 , 0 , 29.1111111111111 , 0 , 31 , 87.0967741935484 , 5.54838709677419 
24-Mar-2010 14:25,201001,GATWICK,SPAIN,PALMA DE MALLORCA,THOMSON AIRWAYS LTD,A,C, 0 , 0 , 0 , 0 , 0 , 0 , 0 , 0 , 0 , 0 , 2 , 50 , 8.5 
24-Mar-2010 14:25,201001,GATWICK,SPAIN,PALMA DE MALLORCA,THOMSON AIRWAYS LTD,D,C, 0 , 0 , 0 , 0 , 0 , 0 , 0 , 0 , 0 , 0 , 1 , 0 , 33 
24-Mar-2010 14:25,201001,GATWICK,SPAIN,PAMPLONA,MONARCH AIRLINES,D,C, 0 , 0 , 0 , 0 , 0 , 0 , 0 , 0 , 0 , 0 , 1 , 100 , 0 
24-Mar-2010 14:25,201001,GATWICK,SPAIN,SANTIAGO DE COMPOSTELA (SPAIN),VIKING AIRLINES,A,C, 1 , 0 , 100 , 0 , 0 , 0 , 0 , 0 , 0 , 0 , 0 , 0 , 0 
24-Mar-2010 14:25,201001,GATWICK,SPAIN,SANTIAGO DE COMPOSTELA (SPAIN),VIKING AIRLINES,D,C, 1 , 0 , 100 , 0 , 0 , 0 , 0 , 0 , 0 , 0 , 0 , 0 , 0 
24-Mar-2010 14:25,201001,GATWICK,SPAIN,SEVILLE,CLICKAIR,A,S, 0 , 0 , 0 , 0 , 0 , 0 , 0 , 0 , 0 , 0 , 18 , 94.4444444444444 , 8.16666666666667 
24-Mar-2010 14:25,201001,GATWICK,SPAIN,SEVILLE,CLICKAIR,D,S, 0 , 0 , 0 , 0 , 0 , 0 , 0 , 0 , 0 , 0 , 18 , 94.4444444444444 , 6.27777777777778 
24-Mar-2010 14:25,201001,GATWICK,SPAIN,SEVILLE,HAMBURG INTERNATIONAL,A,C, 1 , 0 , 100 , 0 , 0 , 0 , 0 , 0 , 4 , 0 , 0 , 0 , 0 
24-Mar-2010 14:25,201001,GATWICK,SPAIN,SEVILLE,HAMBURG INTERNATIONAL,D,C, 1 , 0 , 100 , 0 , 0 , 0 , 0 , 0 , 0 , 0 , 0 , 0 , 0 
24-Mar-2010 14:25,201001,GATWICK,SPAIN,VALENCIA,EASYJET AIRLINE COMPANY LTD,A,S, 28 , 0 , 21.4285714285714 , 32.1428571428571 , 21.4285714285714 , 21.4285714285714 , 3.57142857142857 , 0 , 53.6071428571429 , 1 , 31 , 83.8709677419355 , 10.258064516129 
24-Mar-2010 14:25,201001,GATWICK,SPAIN,VALENCIA,EASYJET AIRLINE COMPANY LTD,D,S, 29 , 0 , 55.1724137931034 , 10.3448275862069 , 10.3448275862069 , 20.6896551724138 , 3.44827586206897 , 0 , 40.0689655172414 , 0 , 31 , 90.3225806451613 , 7.06451612903226 
24-Mar-2010 14:25,201001,GATWICK,SPAIN,VALENCIA,MONARCH AIRLINES,A,C, 0 , 0 , 0 , 0 , 0 , 0 , 0 , 0 , 0 , 0 , 1 , 100 , 0 
24-Mar-2010 14:25,201001,GATWICK,SPAIN,ZARAGOZA,THOMSON AIRWAYS LTD,A,C, 2 , 0 , 100 , 0 , 0 , 0 , 0 , 0 , 0 , 0 , 0 , 0 , 0 
24-Mar-2010 14:25,201001,GATWICK,SPAIN,ZARAGOZA,THOMSON AIRWAYS LTD,D,C, 2 , 0 , 100 , 0 , 0 , 0 , 0 , 0 , 0 , 0 , 0 , 0 , 0 
24-Mar-2010 14:25,201001,GATWICK,SPAIN(CANARY ISLANDS),ARRECIFE,AER LINGUS,A,S, 12 , 0 , 33.3333333333333 , 25 , 25 , 8.33333333333333 , 8.33333333333333 , 0 , 51.8333333333333 , 1 , 0 , 0 , 0 
24-Mar-2010 14:25,201001,GATWICK,SPAIN(CANARY ISLANDS),ARRECIFE,AER LINGUS,D,S, 12 , 0 , 50 , 8.33333333333333 , 41.6666666666667 , 0 , 0 , 0 , 21.4166666666667 , 1 , 0 , 0 , 0 
24-Mar-2010 14:25,201001,GATWICK,SPAIN(CANARY ISLANDS),ARRECIFE,AIR EUROPA,A,C, 0 , 0 , 0 , 0 , 0 , 0 , 0 , 0 , 0 , 0 , 1 , 100 , 14 
24-Mar-2010 14:25,201001,GATWICK,SPAIN(CANARY ISLANDS),ARRECIFE,BMI BRITISH MIDLAND,A,C, 1 , 0 , 0 , 100 , 0 , 0 , 0 , 0 , 29 , 0 , 1 , 0 , 118 
24-Mar-2010 14:25,201001,GATWICK,SPAIN(CANARY ISLANDS),ARRECIFE,BMI BRITISH MIDLAND,D,C, 0 , 0 , 0 , 0 , 0 , 0 , 0 , 0 , 0 , 0 , 1 , 0 , 116 
24-Mar-2010 14:25,201001,GATWICK,SPAIN(CANARY ISLANDS),ARRECIFE,EASYJET AIRLINE COMPANY LTD,A,S, 25 , 0 , 68 , 8 , 12 , 12 , 0 , 0 , 21.12 , 0 , 25 , 60 , 18.08 
24-Mar-2010 14:25,201001,GATWICK,SPAIN(CANARY ISLANDS),ARRECIFE,EASYJET AIRLINE COMPANY LTD,D,S, 25 , 0 , 64 , 12 , 12 , 12 , 0 , 0 , 22.2 , 0 , 26 , 73.0769230769231 , 14.2307692307692 
24-Mar-2010 14:25,201001,GATWICK,SPAIN(CANARY ISLANDS),ARRECIFE,MONARCH AIRLINES,A,S, 13 , 0 , 69.2307692307692 , 0 , 30.7692307692308 , 0 , 0 , 0 , 17.3076923076923 , 2 , 19 , 78.9473684210526 , 23.4736842105263 
24-Mar-2010 14:25,201001,GATWICK,SPAIN(CANARY ISLANDS),ARRECIFE,MONARCH AIRLINES,D,S, 14 , 0 , 64.2857142857143 , 14.2857142857143 , 7.14285714285714 , 14.2857142857143 , 0 , 0 , 18.3571428571429 , 1 , 19 , 78.9473684210526 , 23.1052631578947 
24-Mar-2010 14:25,201001,GATWICK,SPAIN(CANARY ISLANDS),ARRECIFE,THOMAS COOK AIRLINES LTD,A,C, 7 , 0 , 71.4285714285714 , 0 , 14.2857142857143 , 0 , 14.2857142857143 , 0 , 45.1428571428571 , 0 , 13 , 84.6153846153846 , 6.15384615384615 
24-Mar-2010 14:25,201001,GATWICK,SPAIN(CANARY ISLANDS),ARRECIFE,THOMAS COOK AIRLINES LTD,D,C, 7 , 0 , 42.8571428571429 , 28.5714285714286 , 28.5714285714286 , 0 , 0 , 0 , 21 , 0 , 12 , 91.6666666666667 , 4.41666666666667 
24-Mar-2010 14:25,201001,GATWICK,SPAIN(CANARY ISLANDS),ARRECIFE,THOMSON AIRWAYS LTD,A,C, 12 , 0 , 25 , 16.6666666666667 , 25 , 25 , 8.33333333333333 , 0 , 61.6666666666667 , 0 , 15 , 66.6666666666667 , 18.2 
24-Mar-2010 14:25,201001,GATWICK,SPAIN(CANARY ISLANDS),ARRECIFE,THOMSON AIRWAYS LTD,D,C, 12 , 0 , 50 , 16.6666666666667 , 8.33333333333333 , 16.6666666666667 , 8.33333333333333 , 0 , 48.8333333333333 , 0 , 14 , 57.1428571428571 , 13.0714285714286 
24-Mar-2010 14:25,201001,GATWICK,SPAIN(CANARY ISLANDS),ARRECIFE,VIKING AIRLINES,A,C, 2 , 0 , 0 , 0 , 50 , 0 , 0 , 50 , 561.5 , 0 , 0 , 0 , 0 
24-Mar-2010 14:25,201001,GATWICK,SPAIN(CANARY ISLANDS),ARRECIFE,VIKING AIRLINES,D,C, 2 , 0 , 0 , 0 , 50 , 0 , 0 , 50 , 560 , 0 , 0 , 0 , 0 
24-Mar-2010 14:25,201001,GATWICK,SPAIN(CANARY ISLANDS),FUERTEVENTURA,AIR EUROPA,A,C, 0 , 0 , 0 , 0 , 0 , 0 , 0 , 0 , 0 , 0 , 2 , 50 , 97 
24-Mar-2010 14:25,201001,GATWICK,SPAIN(CANARY ISLANDS),FUERTEVENTURA,JET2.COM LTD,A,C, 0 , 0 , 0 , 0 , 0 , 0 , 0 , 0 , 0 , 0 , 1 , 0 , 37 
24-Mar-2010 14:25,201001,GATWICK,SPAIN(CANARY ISLANDS),FUERTEVENTURA,MONARCH AIRLINES,A,S, 4 , 0 , 50 , 0 , 0 , 0 , 0 , 50 , 245 , 0 , 0 , 0 , 0 
24-Mar-2010 14:25,201001,GATWICK,SPAIN(CANARY ISLANDS),FUERTEVENTURA,MONARCH AIRLINES,D,S, 3 , 0 , 66.6666666666667 , 0 , 0 , 0 , 0 , 33.3333333333333 , 197.666666666667 , 1 , 0 , 0 , 0 
24-Mar-2010 14:25,201001,GATWICK,SPAIN(CANARY ISLANDS),FUERTEVENTURA,THOMAS COOK AIRLINES LTD,A,C, 7 , 0 , 57.1428571428571 , 14.2857142857143 , 0 , 14.2857142857143 , 0 , 14.2857142857143 , 77.1428571428571 , 0 , 10 , 70 , 33 
24-Mar-2010 14:25,201001,GATWICK,SPAIN(CANARY ISLANDS),FUERTEVENTURA,THOMAS COOK AIRLINES LTD,D,C, 7 , 0 , 57.1428571428571 , 14.2857142857143 , 0 , 0 , 14.2857142857143 , 14.2857142857143 , 139.857142857143 , 0 , 10 , 60 , 44 
24-Mar-2010 14:25,201001,GATWICK,SPAIN(CANARY ISLANDS),FUERTEVENTURA,THOMSON AIRWAYS LTD,A,C, 8 , 0 , 37.5 , 0 , 12.5 , 37.5 , 0 , 12.5 , 121.5 , 0 , 11 , 72.7272727272727 , 24.3636363636364 
24-Mar-2010 14:25,201001,GATWICK,SPAIN(CANARY ISLANDS),FUERTEVENTURA,THOMSON AIRWAYS LTD,D,C, 7 , 0 , 42.8571428571429 , 0 , 14.2857142857143 , 28.5714285714286 , 0 , 14.2857142857143 , 135 , 0 , 10 , 80 , 20.9 
24-Mar-2010 14:25,201001,GATWICK,SPAIN(CANARY ISLANDS),FUERTEVENTURA,VIKING AIRLINES,A,C, 1 , 0 , 0 , 0 , 0 , 100 , 0 , 0 , 143 , 0 , 0 , 0 , 0 
24-Mar-2010 14:25,201001,GATWICK,SPAIN(CANARY ISLANDS),LAS PALMAS,AIR EUROPA,A,C, 0 , 0 , 0 , 0 , 0 , 0 , 0 , 0 , 0 , 0 , 2 , 0 , 74 
24-Mar-2010 14:25,201001,GATWICK,SPAIN(CANARY ISLANDS),LAS PALMAS,ASTRAEUS LTD,D,C, 0 , 1 , 0 , 0 , 0 , 0 , 0 , 0 , 0 , 0 , 0 , 0 , 0 
24-Mar-2010 14:25,201001,GATWICK,SPAIN(CANARY ISLANDS),LAS PALMAS,BMI BRITISH MIDLAND,A,C, 0 , 0 , 0 , 0 , 0 , 0 , 0 , 0 , 0 , 0 , 2 , 0 , 69.5 
24-Mar-2010 14:25,201001,GATWICK,SPAIN(CANARY ISLANDS),LAS PALMAS,BMI BRITISH MIDLAND,D,C, 0 , 0 , 0 , 0 , 0 , 0 , 0 , 0 , 0 , 0 , 2 , 0 , 70 
24-Mar-2010 14:25,201001,GATWICK,SPAIN(CANARY ISLANDS),LAS PALMAS,EASYJET AIRLINE COMPANY LTD,A,S, 26 , 0 , 26.9230769230769 , 38.4615384615385 , 19.2307692307692 , 11.5384615384615 , 3.84615384615385 , 0 , 39 , 2 , 25 , 48 , 25.24 
24-Mar-2010 14:25,201001,GATWICK,SPAIN(CANARY ISLANDS),LAS PALMAS,EASYJET AIRLINE COMPANY LTD,D,S, 27 , 0 , 66.6666666666667 , 7.40740740740741 , 14.8148148148148 , 11.1111111111111 , 0 , 0 , 22.1851851851852 , 0 , 25 , 60 , 19.64 
24-Mar-2010 14:25,201001,GATWICK,SPAIN(CANARY ISLANDS),LAS PALMAS,MONARCH AIRLINES,A,C, 0 , 0 , 0 , 0 , 0 , 0 , 0 , 0 , 0 , 0 , 3 , 33.3333333333333 , 23.6666666666667 
24-Mar-2010 14:25,201001,GATWICK,SPAIN(CANARY ISLANDS),LAS PALMAS,MONARCH AIRLINES,A,S, 6 , 0 , 33.3333333333333 , 0 , 50 , 16.6666666666667 , 0 , 0 , 54 , 0 , 0 , 0 , 0 
24-Mar-2010 14:25,201001,GATWICK,SPAIN(CANARY ISLANDS),LAS PALMAS,MONARCH AIRLINES,D,C, 0 , 0 , 0 , 0 , 0 , 0 , 0 , 0 , 0 , 0 , 3 , 66.6666666666667 , 28.3333333333333 
24-Mar-2010 14:25,201001,GATWICK,SPAIN(CANARY ISLANDS),LAS PALMAS,MONARCH AIRLINES,D,S, 6 , 0 , 50 , 0 , 16.6666666666667 , 33.3333333333333 , 0 , 0 , 46.8333333333333 , 0 , 0 , 0 , 0 
24-Mar-2010 14:25,201001,GATWICK,SPAIN(CANARY ISLANDS),LAS PALMAS,NOVAIR,D,C, 0 , 0 , 0 , 0 , 0 , 0 , 0 , 0 , 0 , 0 , 1 , 0 , 83 
24-Mar-2010 14:25,201001,GATWICK,SPAIN(CANARY ISLANDS),LAS PALMAS,THOMAS COOK AIRLINES LTD,A,C, 3 , 0 , 33.3333333333333 , 0 , 33.3333333333333 , 0 , 0 , 33.3333333333333 , 181.666666666667 , 0 , 7 , 42.8571428571429 , 56.8571428571429 
24-Mar-2010 14:25,201001,GATWICK,SPAIN(CANARY ISLANDS),LAS PALMAS,THOMAS COOK AIRLINES LTD,D,C, 2 , 0 , 50 , 0 , 50 , 0 , 0 , 0 , 17.5 , 0 , 5 , 60 , 29.6 
24-Mar-2010 14:25,201001,GATWICK,SPAIN(CANARY ISLANDS),LAS PALMAS,THOMSON AIRWAYS LTD,A,C, 16 , 0 , 18.75 , 31.25 , 18.75 , 6.25 , 18.75 , 6.25 , 107.5 , 0 , 14 , 71.4285714285714 , 123.285714285714 
24-Mar-2010 14:25,201001,GATWICK,SPAIN(CANARY ISLANDS),LAS PALMAS,THOMSON AIRWAYS LTD,D,C, 14 , 0 , 21.4285714285714 , 7.14285714285714 , 42.8571428571429 , 14.2857142857143 , 7.14285714285714 , 7.14285714285714 , 97.5714285714286 , 0 , 14 , 64.2857142857143 , 71.7857142857143 
24-Mar-2010 14:25,201001,GATWICK,SPAIN(CANARY ISLANDS),LAS PALMAS,VIKING AIRLINES,A,C, 1 , 0 , 0 , 0 , 100 , 0 , 0 , 0 , 60 , 0 , 0 , 0 , 0 
24-Mar-2010 14:25,201001,GATWICK,SPAIN(CANARY ISLANDS),LAS PALMAS,VIKING AIRLINES,D,C, 1 , 0 , 100 , 0 , 0 , 0 , 0 , 0 , 4 , 0 , 0 , 0 , 0 
24-Mar-2010 14:25,201001,GATWICK,SPAIN(CANARY ISLANDS),SANTA CRUZ DE LA PALMA,THOMSON AIRWAYS LTD,A,C, 4 , 0 , 100 , 0 , 0 , 0 , 0 , 0 , 6.75 , 0 , 4 , 100 , 2 
24-Mar-2010 14:25,201001,GATWICK,SPAIN(CANARY ISLANDS),SANTA CRUZ DE LA PALMA,THOMSON AIRWAYS LTD,D,C, 4 , 0 , 75 , 25 , 0 , 0 , 0 , 0 , 7.75 , 0 , 4 , 50 , 13 
24-Mar-2010 14:25,201001,GATWICK,SPAIN(CANARY ISLANDS),TENERIFE (SURREINA SOFIA),AER LINGUS,A,S, 14 , 0 , 42.8571428571429 , 7.14285714285714 , 14.2857142857143 , 28.5714285714286 , 7.14285714285714 , 0 , 50.9285714285714 , 0 , 0 , 0 , 0 
24-Mar-2010 14:25,201001,GATWICK,SPAIN(CANARY ISLANDS),TENERIFE (SURREINA SOFIA),AER LINGUS,D,S, 14 , 0 , 50 , 14.2857142857143 , 14.2857142857143 , 14.2857142857143 , 7.14285714285714 , 0 , 44.4285714285714 , 0 , 0 , 0 , 0 
24-Mar-2010 14:25,201001,GATWICK,SPAIN(CANARY ISLANDS),TENERIFE (SURREINA SOFIA),AIR EUROPA,A,C, 0 , 0 , 0 , 0 , 0 , 0 , 0 , 0 , 0 , 0 , 4 , 50 , 68.75 
24-Mar-2010 14:25,201001,GATWICK,SPAIN(CANARY ISLANDS),TENERIFE (SURREINA SOFIA),AIR EUROPA,D,C, 1 , 0 , 0 , 0 , 100 , 0 , 0 , 0 , 31 , 0 , 0 , 0 , 0 
24-Mar-2010 14:25,201001,GATWICK,SPAIN(CANARY ISLANDS),TENERIFE (SURREINA SOFIA),BMI BRITISH MIDLAND,A,C, 0 , 0 , 0 , 0 , 0 , 0 , 0 , 0 , 0 , 0 , 2 , 0 , 33.5 
24-Mar-2010 14:25,201001,GATWICK,SPAIN(CANARY ISLANDS),TENERIFE (SURREINA SOFIA),BMI BRITISH MIDLAND,D,C, 0 , 0 , 0 , 0 , 0 , 0 , 0 , 0 , 0 , 0 , 2 , 0 , 51 
24-Mar-2010 14:25,201001,GATWICK,SPAIN(CANARY ISLANDS),TENERIFE (SURREINA SOFIA),EASYJET AIRLINE COMPANY LTD,A,S, 55 , 0 , 63.6363636363636 , 16.3636363636364 , 10.9090909090909 , 7.27272727272727 , 1.81818181818182 , 0 , 22.7272727272727 , 3 , 56 , 57.1428571428571 , 20.1785714285714 
24-Mar-2010 14:25,201001,GATWICK,SPAIN(CANARY ISLANDS),TENERIFE (SURREINA SOFIA),EASYJET AIRLINE COMPANY LTD,D,S, 56 , 0 , 53.5714285714286 , 28.5714285714286 , 7.14285714285714 , 8.92857142857143 , 1.78571428571429 , 0 , 25.4464285714286 , 0 , 57 , 75.4385964912281 , 16.5789473684211 
24-Mar-2010 14:25,201001,GATWICK,SPAIN(CANARY ISLANDS),TENERIFE (SURREINA SOFIA),JET2.COM LTD,A,C, 0 , 0 , 0 , 0 , 0 , 0 , 0 , 0 , 0 , 0 , 1 , 100 , 0 
24-Mar-2010 14:25,201001,GATWICK,SPAIN(CANARY ISLANDS),TENERIFE (SURREINA SOFIA),JET2.COM LTD,D,C, 0 , 0 , 0 , 0 , 0 , 0 , 0 , 0 , 0 , 0 , 1 , 100 , 0 
24-Mar-2010 14:25,201001,GATWICK,SPAIN(CANARY ISLANDS),TENERIFE (SURREINA SOFIA),MONARCH AIRLINES,A,C, 0 , 0 , 0 , 0 , 0 , 0 , 0 , 0 , 0 , 0 , 6 , 33.3333333333333 , 29.8333333333333 
24-Mar-2010 14:25,201001,GATWICK,SPAIN(CANARY ISLANDS),TENERIFE (SURREINA SOFIA),MONARCH AIRLINES,A,S, 26 , 0 , 30.7692307692308 , 15.3846153846154 , 34.6153846153846 , 11.5384615384615 , 3.84615384615385 , 3.84615384615385 , 60.1153846153846 , 2 , 27 , 29.6296296296296 , 85.3333333333333 
24-Mar-2010 14:25,201001,GATWICK,SPAIN(CANARY ISLANDS),TENERIFE (SURREINA SOFIA),MONARCH AIRLINES,D,C, 0 , 0 , 0 , 0 , 0 , 0 , 0 , 0 , 0 , 0 , 6 , 83.3333333333333 , 9.66666666666667 
24-Mar-2010 14:25,201001,GATWICK,SPAIN(CANARY ISLANDS),TENERIFE (SURREINA SOFIA),MONARCH AIRLINES,D,S, 27 , 0 , 66.6666666666667 , 14.8148148148148 , 14.8148148148148 , 3.7037037037037 , 0 , 0 , 15.7407407407407 , 2 , 27 , 77.7777777777778 , 14.8148148148148 
24-Mar-2010 14:25,201001,GATWICK,SPAIN(CANARY ISLANDS),TENERIFE (SURREINA SOFIA),THOMAS COOK AIRLINES LTD,A,C, 12 , 0 , 83.3333333333333 , 0 , 0 , 8.33333333333333 , 0 , 8.33333333333333 , 57 , 0 , 16 , 75 , 10.125 
24-Mar-2010 14:25,201001,GATWICK,SPAIN(CANARY ISLANDS),TENERIFE (SURREINA SOFIA),THOMAS COOK AIRLINES LTD,D,C, 12 , 0 , 66.6666666666667 , 16.6666666666667 , 0 , 8.33333333333333 , 0 , 8.33333333333333 , 55.9166666666667 , 0 , 16 , 75 , 12.625 
24-Mar-2010 14:25,201001,GATWICK,SPAIN(CANARY ISLANDS),TENERIFE (SURREINA SOFIA),THOMSON AIRWAYS LTD,A,C, 27 , 1 , 62.962962962963 , 18.5185185185185 , 3.7037037037037 , 3.7037037037037 , 0 , 11.1111111111111 , 85.7777777777778 , 0 , 26 , 73.0769230769231 , 13.8461538461538 
24-Mar-2010 14:25,201001,GATWICK,SPAIN(CANARY ISLANDS),TENERIFE (SURREINA SOFIA),THOMSON AIRWAYS LTD,D,C, 27 , 0 , 51.8518518518519 , 29.6296296296296 , 3.7037037037037 , 3.7037037037037 , 0 , 11.1111111111111 , 93.3703703703704 , 0 , 25 , 68 , 19.36 
24-Mar-2010 14:25,201001,GATWICK,SPAIN(CANARY ISLANDS),TENERIFE (SURREINA SOFIA),VIKING AIRLINES,A,C, 3 , 0 , 66.6666666666667 , 0 , 0 , 0 , 33.3333333333333 , 0 , 109.333333333333 , 0 , 1 , 0 , 29 
24-Mar-2010 14:25,201001,GATWICK,SPAIN(CANARY ISLANDS),TENERIFE (SURREINA SOFIA),VIKING AIRLINES,D,C, 2 , 0 , 100 , 0 , 0 , 0 , 0 , 0 , 9.5 , 0 , 0 , 0 , 0 
24-Mar-2010 14:25,201001,GATWICK,SRI LANKA,COLOMBO,THOMSON AIRWAYS LTD,A,C, 3 , 0 , 0 , 66.6666666666667 , 33.3333333333333 , 0 , 0 , 0 , 32.6666666666667 , 0 , 3 , 0 , 46.3333333333333 
24-Mar-2010 14:25,201001,GATWICK,SRI LANKA,COLOMBO,THOMSON AIRWAYS LTD,D,C, 3 , 0 , 100 , 0 , 0 , 0 , 0 , 0 , 5.33333333333333 , 0 , 2 , 50 , 18 
24-Mar-2010 14:25,201001,GATWICK,ST LUCIA,ST LUCIA (HEWANORRA),VIRGIN ATLANTIC AIRWAYS LTD,A,S, 11 , 0 , 54.5454545454545 , 9.09090909090909 , 0 , 18.1818181818182 , 9.09090909090909 , 9.09090909090909 , 141.545454545455 , 1 , 13 , 53.8461538461538 , 20.6153846153846 
24-Mar-2010 14:25,201001,GATWICK,ST LUCIA,ST LUCIA (HEWANORRA),VIRGIN ATLANTIC AIRWAYS LTD,D,S, 13 , 0 , 53.8461538461538 , 23.0769230769231 , 7.69230769230769 , 15.3846153846154 , 0 , 0 , 34.6153846153846 , 0 , 13 , 38.4615384615385 , 47 
24-Mar-2010 14:25,201001,GATWICK,SWEDEN,MALMO,VIKING AIRLINES,D,C, 1 , 0 , 0 , 0 , 100 , 0 , 0 , 0 , 37 , 0 , 0 , 0 , 0 
24-Mar-2010 14:25,201001,GATWICK,SWEDEN,STOCKHOLM (ARLANDA),VIKING AIRLINES,A,C, 11 , 0 , 9.09090909090909 , 0 , 27.2727272727273 , 36.3636363636364 , 9.09090909090909 , 18.1818181818182 , 225.909090909091 , 0 , 0 , 0 , 0 
24-Mar-2010 14:25,201001,GATWICK,SWEDEN,STOCKHOLM (ARLANDA),VIKING AIRLINES,D,C, 10 , 0 , 30 , 30 , 20 , 10 , 0 , 10 , 87.5 , 0 , 0 , 0 , 0 
24-Mar-2010 14:25,201001,GATWICK,SWEDEN,STOCKHOLM (SKAVSTA),RYANAIR,A,S, 29 , 0 , 44.8275862068965 , 34.4827586206897 , 13.7931034482759 , 3.44827586206897 , 0 , 3.44827586206897 , 32.7586206896552 , 2 , 0 , 0 , 0 
24-Mar-2010 14:25,201001,GATWICK,SWEDEN,STOCKHOLM (SKAVSTA),RYANAIR,D,S, 28 , 1 , 39.2857142857143 , 32.1428571428571 , 14.2857142857143 , 14.2857142857143 , 0 , 0 , 26.9642857142857 , 3 , 0 , 0 , 0 
24-Mar-2010 14:25,201001,GATWICK,SWITZERLAND,BASLE MULHOUSE,EASYJET AIRLINE COMPANY LTD,A,S, 27 , 0 , 48.1481481481481 , 37.037037037037 , 3.7037037037037 , 11.1111111111111 , 0 , 0 , 21.1851851851852 , 3 , 26 , 96.1538461538462 , 7.5 
24-Mar-2010 14:25,201001,GATWICK,SWITZERLAND,BASLE MULHOUSE,EASYJET AIRLINE COMPANY LTD,D,S, 27 , 0 , 44.4444444444444 , 22.2222222222222 , 18.5185185185185 , 14.8148148148148 , 0 , 0 , 29.1481481481481 , 2 , 26 , 88.4615384615385 , 2.38461538461538 
24-Mar-2010 14:25,201001,GATWICK,SWITZERLAND,BASLE MULHOUSE,EASYJET SWITZERLAND,A,S, 16 , 0 , 81.25 , 18.75 , 0 , 0 , 0 , 0 , 4.75 , 0 , 21 , 90.4761904761905 , 6.14285714285714 
24-Mar-2010 14:25,201001,GATWICK,SWITZERLAND,BASLE MULHOUSE,EASYJET SWITZERLAND,D,S, 16 , 0 , 56.25 , 25 , 0 , 18.75 , 0 , 0 , 26 , 0 , 21 , 71.4285714285714 , 28.952380952381 
24-Mar-2010 14:25,201001,GATWICK,SWITZERLAND,BERNE,FLYBE LTD,A,C, 0 , 1 , 0 , 0 , 0 , 0 , 0 , 0 , 0 , 0 , 0 , 0 , 0 
24-Mar-2010 14:25,201001,GATWICK,SWITZERLAND,BERNE,HAMBURG INTERNATIONAL,A,C, 5 , 0 , 60 , 20 , 0 , 0 , 20 , 0 , 48.8 , 0 , 5 , 80 , 21 
24-Mar-2010 14:25,201001,GATWICK,SWITZERLAND,BERNE,HAMBURG INTERNATIONAL,D,C, 5 , 0 , 80 , 0 , 0 , 0 , 20 , 0 , 50 , 0 , 5 , 80 , 23.2 
24-Mar-2010 14:25,201001,GATWICK,SWITZERLAND,GENEVA,BMI BRITISH MIDLAND,A,C, 10 , 0 , 10 , 40 , 20 , 20 , 10 , 0 , 72.4 , 0 , 13 , 7.69230769230769 , 60.1538461538462 
24-Mar-2010 14:25,201001,GATWICK,SWITZERLAND,GENEVA,BMI BRITISH MIDLAND,D,C, 10 , 0 , 60 , 0 , 10 , 30 , 0 , 0 , 44.2 , 0 , 13 , 46.1538461538462 , 32.5384615384615 
24-Mar-2010 14:25,201001,GATWICK,SWITZERLAND,GENEVA,BRITISH AIRWAYS PLC,A,C, 10 , 0 , 30 , 30 , 10 , 20 , 10 , 0 , 57.8 , 0 , 4 , 0 , 43 
24-Mar-2010 14:25,201001,GATWICK,SWITZERLAND,GENEVA,BRITISH AIRWAYS PLC,A,S, 77 , 0 , 42.8571428571429 , 19.4805194805195 , 18.1818181818182 , 14.2857142857143 , 5.19480519480519 , 0 , 43.2857142857143 , 0 , 105 , 66.6666666666667 , 19.2095238095238 
24-Mar-2010 14:25,201001,GATWICK,SWITZERLAND,GENEVA,BRITISH AIRWAYS PLC,D,C, 10 , 0 , 80 , 0 , 0 , 20 , 0 , 0 , 37.5 , 0 , 4 , 50 , 21.5 
24-Mar-2010 14:25,201001,GATWICK,SWITZERLAND,GENEVA,BRITISH AIRWAYS PLC,D,S, 77 , 0 , 70.1298701298701 , 9.09090909090909 , 9.09090909090909 , 10.3896103896104 , 1.2987012987013 , 0 , 20.7532467532468 , 0 , 105 , 86.6666666666667 , 7.51428571428571 
24-Mar-2010 14:25,201001,GATWICK,SWITZERLAND,GENEVA,EASYJET AIRLINE COMPANY LTD,A,S, 97 , 0 , 48.4536082474227 , 9.27835051546392 , 9.27835051546392 , 25.7731958762887 , 6.18556701030928 , 1.03092783505155 , 55.5567010309278 , 4 , 81 , 59.2592592592593 , 28.1604938271605 
24-Mar-2010 14:25,201001,GATWICK,SWITZERLAND,GENEVA,EASYJET AIRLINE COMPANY LTD,D,S, 99 , 0 , 59.5959595959596 , 9.09090909090909 , 10.1010101010101 , 18.1818181818182 , 3.03030303030303 , 0 , 36.4343434343434 , 0 , 81 , 71.6049382716049 , 16.7283950617284 
24-Mar-2010 14:25,201001,GATWICK,SWITZERLAND,GENEVA,EASYJET SWITZERLAND,A,S, 100 , 0 , 49 , 11 , 16 , 18 , 5 , 1 , 46.92 , 9 , 124 , 55.6451612903226 , 39.5887096774194 
24-Mar-2010 14:25,201001,GATWICK,SWITZERLAND,GENEVA,EASYJET SWITZERLAND,D,S, 102 , 0 , 50.9803921568627 , 13.7254901960784 , 11.7647058823529 , 22.5490196078431 , 0.980392156862745 , 0 , 38.343137254902 , 7 , 127 , 48.0314960629921 , 38.1889763779528 
24-Mar-2010 14:25,201001,GATWICK,SWITZERLAND,GENEVA,FLYBE LTD,A,C, 7 , 0 , 42.8571428571429 , 14.2857142857143 , 14.2857142857143 , 0 , 28.5714285714286 , 0 , 78.5714285714286 , 0 , 2 , 50 , 8 
24-Mar-2010 14:25,201001,GATWICK,SWITZERLAND,GENEVA,FLYBE LTD,D,C, 6 , 0 , 16.6666666666667 , 50 , 16.6666666666667 , 0 , 16.6666666666667 , 0 , 62 , 0 , 1 , 100 , 6 
24-Mar-2010 14:25,201001,GATWICK,SWITZERLAND,GENEVA,MONARCH AIRLINES,A,C, 15 , 0 , 26.6666666666667 , 6.66666666666667 , 26.6666666666667 , 33.3333333333333 , 6.66666666666667 , 0 , 69.0666666666667 , 0 , 9 , 22.2222222222222 , 66.8888888888889 
24-Mar-2010 14:25,201001,GATWICK,SWITZERLAND,GENEVA,MONARCH AIRLINES,D,C, 15 , 0 , 66.6666666666667 , 6.66666666666667 , 13.3333333333333 , 13.3333333333333 , 0 , 0 , 29.4666666666667 , 0 , 9 , 77.7777777777778 , 5.77777777777778 
24-Mar-2010 14:25,201001,GATWICK,SWITZERLAND,GENEVA,THOMAS COOK AIRLINES LTD,A,C, 5 , 0 , 0 , 0 , 40 , 60 , 0 , 0 , 83.2 , 0 , 5 , 20 , 82.8 
24-Mar-2010 14:25,201001,GATWICK,SWITZERLAND,GENEVA,THOMAS COOK AIRLINES LTD,D,C, 5 , 0 , 0 , 40 , 20 , 40 , 0 , 0 , 63.8 , 0 , 5 , 40 , 24.8 
24-Mar-2010 14:25,201001,GATWICK,SWITZERLAND,GENEVA,THOMSON AIRWAYS LTD,A,C, 25 , 0 , 40 , 4 , 12 , 20 , 24 , 0 , 82.24 , 0 , 24 , 25 , 56.0416666666667 
24-Mar-2010 14:25,201001,GATWICK,SWITZERLAND,GENEVA,THOMSON AIRWAYS LTD,D,C, 25 , 0 , 36 , 24 , 4 , 28 , 8 , 0 , 61.88 , 0 , 24 , 33.3333333333333 , 47.8333333333333 
24-Mar-2010 14:25,201001,GATWICK,SWITZERLAND,GENEVA,VIKING AIRLINES,A,C, 5 , 0 , 0 , 20 , 60 , 0 , 20 , 0 , 71 , 0 , 4 , 25 , 60.25 
24-Mar-2010 14:25,201001,GATWICK,SWITZERLAND,GENEVA,VIKING AIRLINES,D,C, 5 , 0 , 60 , 0 , 0 , 40 , 0 , 0 , 53.2 , 0 , 4 , 0 , 38.75 
24-Mar-2010 14:25,201001,GATWICK,SWITZERLAND,ZURICH,AER LINGUS,A,S, 28 , 0 , 53.5714285714286 , 17.8571428571429 , 21.4285714285714 , 7.14285714285714 , 0 , 0 , 19.1785714285714 , 0 , 0 , 0 , 0 
24-Mar-2010 14:25,201001,GATWICK,SWITZERLAND,ZURICH,AER LINGUS,D,S, 28 , 0 , 64.2857142857143 , 17.8571428571429 , 14.2857142857143 , 3.57142857142857 , 0 , 0 , 16.0357142857143 , 0 , 0 , 0 , 0 
24-Mar-2010 14:25,201001,GATWICK,SWITZERLAND,ZURICH,BRITISH AIRWAYS PLC,A,S, 0 , 0 , 0 , 0 , 0 , 0 , 0 , 0 , 0 , 0 , 62 , 85.4838709677419 , 8.2741935483871 
24-Mar-2010 14:25,201001,GATWICK,SWITZERLAND,ZURICH,BRITISH AIRWAYS PLC,D,S, 0 , 0 , 0 , 0 , 0 , 0 , 0 , 0 , 0 , 0 , 62 , 87.0967741935484 , 6.04838709677419 
24-Mar-2010 14:25,201001,GATWICK,SWITZERLAND,ZURICH,EASYJET AIRLINE COMPANY LTD,A,S, 47 , 0 , 53.1914893617021 , 19.1489361702128 , 17.0212765957447 , 10.6382978723404 , 0 , 0 , 20.7446808510638 , 6 , 0 , 0 , 0 
24-Mar-2010 14:25,201001,GATWICK,SWITZERLAND,ZURICH,EASYJET AIRLINE COMPANY LTD,D,S, 48 , 0 , 70.8333333333333 , 14.5833333333333 , 8.33333333333333 , 6.25 , 0 , 0 , 13.6666666666667 , 5 , 0 , 0 , 0 
24-Mar-2010 14:25,201001,GATWICK,TRINIDAD AND TOBAGO,PORT OF SPAIN,BRITISH AIRWAYS PLC,A,S, 17 , 0 , 88.2352941176471 , 5.88235294117647 , 5.88235294117647 , 0 , 0 , 0 , 4.70588235294118 , 0 , 13 , 84.6153846153846 , 12.6153846153846 
24-Mar-2010 14:25,201001,GATWICK,TRINIDAD AND TOBAGO,PORT OF SPAIN,BRITISH AIRWAYS PLC,D,S, 19 , 0 , 63.1578947368421 , 21.0526315789474 , 10.5263157894737 , 5.26315789473684 , 0 , 0 , 15.2631578947368 , 0 , 13 , 53.8461538461538 , 25.9230769230769 
24-Mar-2010 14:25,201001,GATWICK,TRINIDAD AND TOBAGO,TOBAGO,BRITISH AIRWAYS PLC,A,S, 7 , 0 , 71.4285714285714 , 0 , 14.2857142857143 , 0 , 0 , 14.2857142857143 , 82.4285714285714 , 0 , 14 , 71.4285714285714 , 11.2857142857143 
24-Mar-2010 14:25,201001,GATWICK,TRINIDAD AND TOBAGO,TOBAGO,BRITISH AIRWAYS PLC,D,S, 7 , 0 , 71.4285714285714 , 0 , 28.5714285714286 , 0 , 0 , 0 , 14 , 0 , 13 , 84.6153846153846 , 12.1538461538462 
24-Mar-2010 14:25,201001,GATWICK,TRINIDAD AND TOBAGO,TOBAGO,MONARCH AIRLINES,D,C, 3 , 0 , 0 , 33.3333333333333 , 33.3333333333333 , 33.3333333333333 , 0 , 0 , 59.3333333333333 , 0 , 0 , 0 , 0 
24-Mar-2010 14:25,201001,GATWICK,TUNISIA,MONASTIR,NOUVELAIR TUNISIE,A,C, 1 , 0 , 0 , 0 , 100 , 0 , 0 , 0 , 31 , 0 , 0 , 0 , 0 
24-Mar-2010 14:25,201001,GATWICK,TUNISIA,MONASTIR,THOMAS COOK AIRLINES LTD,A,C, 5 , 0 , 100 , 0 , 0 , 0 , 0 , 0 , 1.8 , 0 , 5 , 100 , 0 
24-Mar-2010 14:25,201001,GATWICK,TUNISIA,MONASTIR,THOMAS COOK AIRLINES LTD,D,C, 6 , 0 , 83.3333333333333 , 0 , 0 , 0 , 0 , 16.6666666666667 , 71.1666666666667 , 0 , 6 , 66.6666666666667 , 9.33333333333333 
24-Mar-2010 14:25,201001,GATWICK,TUNISIA,MONASTIR,THOMSON AIRWAYS LTD,A,C, 9 , 0 , 44.4444444444444 , 11.1111111111111 , 22.2222222222222 , 11.1111111111111 , 0 , 11.1111111111111 , 89 , 0 , 5 , 60 , 12.6 
24-Mar-2010 14:25,201001,GATWICK,TUNISIA,MONASTIR,THOMSON AIRWAYS LTD,D,C, 8 , 0 , 50 , 12.5 , 12.5 , 12.5 , 0 , 12.5 , 98.5 , 0 , 5 , 100 , 10.4 
24-Mar-2010 14:25,201001,GATWICK,TUNISIA,MONASTIR,TUNISAIR,A,C, 0 , 0 , 0 , 0 , 0 , 0 , 0 , 0 , 0 , 0 , 1 , 100 , 0 
24-Mar-2010 14:25,201001,GATWICK,TUNISIA,TUNIS,BRITISH AIRWAYS PLC,A,S, 17 , 0 , 76.4705882352941 , 11.7647058823529 , 11.7647058823529 , 0 , 0 , 0 , 7.05882352941176 , 0 , 22 , 50 , 24.4545454545455 
24-Mar-2010 14:25,201001,GATWICK,TUNISIA,TUNIS,BRITISH AIRWAYS PLC,D,S, 17 , 0 , 82.3529411764706 , 17.6470588235294 , 0 , 0 , 0 , 0 , 7.88235294117647 , 0 , 22 , 63.6363636363636 , 20 
24-Mar-2010 14:25,201001,GATWICK,TURKEY,ANTALYA,BRITISH AIRWAYS PLC,A,S, 8 , 0 , 62.5 , 12.5 , 0 , 25 , 0 , 0 , 21.75 , 0 , 13 , 100 , 1.61538461538462 
24-Mar-2010 14:25,201001,GATWICK,TURKEY,ANTALYA,BRITISH AIRWAYS PLC,D,S, 8 , 0 , 87.5 , 0 , 0 , 12.5 , 0 , 0 , 15.75 , 0 , 13 , 92.3076923076923 , 2.84615384615385 
24-Mar-2010 14:25,201001,GATWICK,TURKEY,ANTALYA,ONUR AIR,A,C, 1 , 0 , 0 , 0 , 0 , 100 , 0 , 0 , 67 , 0 , 0 , 0 , 0 
24-Mar-2010 14:25,201001,GATWICK,TURKEY,ANTALYA,THOMAS COOK AIRLINES LTD,A,C, 4 , 0 , 100 , 0 , 0 , 0 , 0 , 0 , 3.25 , 0 , 5 , 40 , 20.6 
24-Mar-2010 14:25,201001,GATWICK,TURKEY,ANTALYA,THOMAS COOK AIRLINES LTD,D,C, 5 , 0 , 80 , 0 , 0 , 20 , 0 , 0 , 17.2 , 0 , 5 , 60 , 11.8 
24-Mar-2010 14:25,201001,GATWICK,TURKEY,BODRUM (MILAS),ONUR AIR,A,C, 1 , 0 , 100 , 0 , 0 , 0 , 0 , 0 , 15 , 0 , 2 , 100 , 0 
24-Mar-2010 14:25,201001,GATWICK,TURKEY,BODRUM (MILAS),ONUR AIR,D,C, 0 , 0 , 0 , 0 , 0 , 0 , 0 , 0 , 0 , 0 , 1 , 100 , 2 
24-Mar-2010 14:25,201001,GATWICK,TURKEY,BODRUM (MILAS),PEGASUS AIRLINES,A,C, 1 , 0 , 0 , 0 , 100 , 0 , 0 , 0 , 46 , 0 , 0 , 0 , 0 
24-Mar-2010 14:25,201001,GATWICK,TURKEY,BODRUM (MILAS),PEGASUS AIRLINES,D,C, 1 , 0 , 0 , 100 , 0 , 0 , 0 , 0 , 20 , 0 , 0 , 0 , 0 
24-Mar-2010 14:25,201001,GATWICK,TURKEY,DALAMAN,ONUR AIR,A,C, 0 , 0 , 0 , 0 , 0 , 0 , 0 , 0 , 0 , 0 , 1 , 0 , 39 
24-Mar-2010 14:25,201001,GATWICK,TURKEY,DALAMAN,ONUR AIR,D,C, 0 , 0 , 0 , 0 , 0 , 0 , 0 , 0 , 0 , 0 , 1 , 0 , 34 
24-Mar-2010 14:25,201001,GATWICK,TURKEY,DALAMAN,PEGASUS AIRLINES,A,C, 1 , 0 , 0 , 100 , 0 , 0 , 0 , 0 , 17 , 0 , 0 , 0 , 0 
24-Mar-2010 14:25,201001,GATWICK,TURKEY,DALAMAN,PEGASUS AIRLINES,D,C, 1 , 0 , 100 , 0 , 0 , 0 , 0 , 0 , 14 , 0 , 0 , 0 , 0 
24-Mar-2010 14:25,201001,GATWICK,TURKEY,DALAMAN,THOMAS COOK AIRLINES LTD,A,C, 4 , 0 , 50 , 0 , 25 , 25 , 0 , 0 , 43.25 , 0 , 4 , 75 , 22 
24-Mar-2010 14:25,201001,GATWICK,TURKEY,DALAMAN,THOMAS COOK AIRLINES LTD,D,C, 4 , 0 , 50 , 25 , 0 , 25 , 0 , 0 , 33.25 , 0 , 4 , 75 , 8.25 
24-Mar-2010 14:25,201001,GATWICK,TURKEY,ISTANBUL (SABIHA GOKCEN),EASYJET AIRLINE COMPANY LTD,A,S, 25 , 0 , 36 , 28 , 24 , 12 , 0 , 0 , 28.6 , 1 , 31 , 87.0967741935484 , 4.70967741935484 
24-Mar-2010 14:25,201001,GATWICK,TURKEY,ISTANBUL (SABIHA GOKCEN),EASYJET AIRLINE COMPANY LTD,D,S, 25 , 0 , 48 , 36 , 12 , 4 , 0 , 0 , 17.76 , 1 , 31 , 83.8709677419355 , 8.70967741935484 
24-Mar-2010 14:25,201001,GATWICK,TURKEY,IZMIR (ADNAM MENDERES),BRITISH AIRWAYS PLC,A,S, 10 , 0 , 100 , 0 , 0 , 0 , 0 , 0 , 0.2 , 0 , 18 , 88.8888888888889 , 8.27777777777778 
24-Mar-2010 14:25,201001,GATWICK,TURKEY,IZMIR (ADNAM MENDERES),BRITISH AIRWAYS PLC,D,S, 10 , 0 , 100 , 0 , 0 , 0 , 0 , 0 , 2.3 , 0 , 18 , 77.7777777777778 , 16.2222222222222 
24-Mar-2010 14:25,201001,GATWICK,UKRAINE,KIEV (BORISPOL),UKRAINE INTERNATIONAL AIRLINES,A,S, 30 , 0 , 76.6666666666667 , 13.3333333333333 , 0 , 6.66666666666667 , 3.33333333333333 , 0 , 18.5 , 0 , 36 , 63.8888888888889 , 23.3333333333333 
24-Mar-2010 14:25,201001,GATWICK,UKRAINE,KIEV (BORISPOL),UKRAINE INTERNATIONAL AIRLINES,D,S, 30 , 0 , 60 , 20 , 6.66666666666667 , 6.66666666666667 , 3.33333333333333 , 3.33333333333333 , 75.3 , 0 , 36 , 75 , 20.1388888888889 
24-Mar-2010 14:25,201001,GATWICK,UNITED ARAB EMIRATES,DUBAI,EMIRATES,A,S, 88 , 1 , 39.7727272727273 , 26.1363636363636 , 29.5454545454545 , 4.54545454545455 , 0 , 0 , 24.5227272727273 , 5 , 93 , 51.6129032258064 , 20.6989247311828 
24-Mar-2010 14:25,201001,GATWICK,UNITED ARAB EMIRATES,DUBAI,EMIRATES,D,S, 88 , 1 , 45.4545454545455 , 22.7272727272727 , 18.1818181818182 , 13.6363636363636 , 0 , 0 , 27.8522727272727 , 6 , 93 , 72.0430107526882 , 16.6559139784946 
24-Mar-2010 14:25,201001,GATWICK,UNITED KINGDOM,ABERDEEN,FLYBE LTD,A,S, 61 , 0 , 55.7377049180328 , 14.7540983606557 , 8.19672131147541 , 18.0327868852459 , 3.27868852459016 , 0 , 33.9672131147541 , 2 , 64 , 78.125 , 18.109375 
24-Mar-2010 14:25,201001,GATWICK,UNITED KINGDOM,ABERDEEN,FLYBE LTD,D,S, 61 , 0 , 45.9016393442623 , 14.7540983606557 , 11.4754098360656 , 22.9508196721311 , 4.91803278688525 , 0 , 48.4098360655738 , 2 , 64 , 67.1875 , 24.765625 
24-Mar-2010 14:25,201001,GATWICK,UNITED KINGDOM,BELFAST CITY (GEORGE BEST),FLYBE LTD,A,S, 84 , 0 , 75 , 7.14285714285714 , 7.14285714285714 , 9.52380952380952 , 1.19047619047619 , 0 , 20.25 , 5 , 93 , 94.6236559139785 , 3.75268817204301 
24-Mar-2010 14:25,201001,GATWICK,UNITED KINGDOM,BELFAST CITY (GEORGE BEST),FLYBE LTD,D,S, 84 , 0 , 69.0476190476191 , 11.9047619047619 , 2.38095238095238 , 13.0952380952381 , 2.38095238095238 , 1.19047619047619 , 25.7738095238095 , 5 , 93 , 91.3978494623656 , 6.12903225806452 
24-Mar-2010 14:25,201001,GATWICK,UNITED KINGDOM,BELFAST INTERNATIONAL,EASYJET AIRLINE COMPANY LTD,A,S, 95 , 0 , 61.0526315789474 , 14.7368421052632 , 13.6842105263158 , 9.47368421052632 , 1.05263157894737 , 0 , 22.3157894736842 , 3 , 122 , 81.1475409836066 , 10.172131147541 
24-Mar-2010 14:25,201001,GATWICK,UNITED KINGDOM,BELFAST INTERNATIONAL,EASYJET AIRLINE COMPANY LTD,D,S, 95 , 0 , 64.2105263157895 , 13.6842105263158 , 15.7894736842105 , 4.21052631578947 , 2.10526315789474 , 0 , 20.6 , 3 , 123 , 77.2357723577236 , 12.0243902439024 
24-Mar-2010 14:25,201001,GATWICK,UNITED KINGDOM,BLACKPOOL,BLUE LINE,A,C, 1 , 0 , 0 , 0 , 100 , 0 , 0 , 0 , 46 , 0 , 0 , 0 , 0 
24-Mar-2010 14:25,201001,GATWICK,UNITED KINGDOM,BLACKPOOL,BMI REGIONAL,A,C, 1 , 0 , 100 , 0 , 0 , 0 , 0 , 0 , 11 , 0 , 0 , 0 , 0 
24-Mar-2010 14:25,201001,GATWICK,UNITED KINGDOM,BLACKPOOL,EASTERN AIRWAYS,A,C, 1 , 0 , 100 , 0 , 0 , 0 , 0 , 0 , 1 , 0 , 0 , 0 , 0 
24-Mar-2010 14:25,201001,GATWICK,UNITED KINGDOM,DONCASTER SHEFFIELD,EASTERN AIRWAYS,A,C, 0 , 0 , 0 , 0 , 0 , 0 , 0 , 0 , 0 , 0 , 1 , 100 , 11 
24-Mar-2010 14:25,201001,GATWICK,UNITED KINGDOM,DURHAM TEES VALLEY,EASTERN AIRWAYS,A,C, 0 , 0 , 0 , 0 , 0 , 0 , 0 , 0 , 0 , 0 , 1 , 100 , 13 
24-Mar-2010 14:25,201001,GATWICK,UNITED KINGDOM,EDINBURGH,BRITISH AIRWAYS PLC,A,S, 111 , 0 , 72.0720720720721 , 5.40540540540541 , 16.2162162162162 , 2.7027027027027 , 2.7027027027027 , 0.900900900900901 , 24.5405405405405 , 0 , 125 , 80 , 10.04 
24-Mar-2010 14:25,201001,GATWICK,UNITED KINGDOM,EDINBURGH,BRITISH AIRWAYS PLC,D,S, 112 , 0 , 80.3571428571429 , 5.35714285714286 , 9.82142857142857 , 4.46428571428571 , 0 , 0 , 11.5803571428571 , 0 , 126 , 87.3015873015873 , 5.6031746031746 
24-Mar-2010 14:25,201001,GATWICK,UNITED KINGDOM,EDINBURGH,EASYJET AIRLINE COMPANY LTD,A,S, 100 , 0 , 64 , 7 , 12 , 17 , 0 , 0 , 25.18 , 3 , 113 , 85.8407079646018 , 11.0088495575221 
24-Mar-2010 14:25,201001,GATWICK,UNITED KINGDOM,EDINBURGH,EASYJET AIRLINE COMPANY LTD,D,S, 100 , 0 , 71 , 4 , 13 , 12 , 0 , 0 , 20.99 , 1 , 113 , 84.070796460177 , 11.3274336283186 
24-Mar-2010 14:25,201001,GATWICK,UNITED KINGDOM,EDINBURGH,FLYBE LTD,A,S, 0 , 1 , 0 , 0 , 0 , 0 , 0 , 0 , 0 , 0 , 0 , 0 , 0 
24-Mar-2010 14:25,201001,GATWICK,UNITED KINGDOM,GLASGOW,AIR EUROPA,D,C, 0 , 0 , 0 , 0 , 0 , 0 , 0 , 0 , 0 , 0 , 1 , 100 , 0 
24-Mar-2010 14:25,201001,GATWICK,UNITED KINGDOM,GLASGOW,BRITISH AIRWAYS PLC,A,S, 112 , 0 , 70.5357142857143 , 9.82142857142857 , 8.92857142857143 , 3.57142857142857 , 5.35714285714286 , 1.78571428571429 , 32.5714285714286 , 0 , 89 , 78.6516853932584 , 11.247191011236 
24-Mar-2010 14:25,201001,GATWICK,UNITED KINGDOM,GLASGOW,BRITISH AIRWAYS PLC,D,S, 114 , 0 , 74.5614035087719 , 10.5263157894737 , 5.26315789473684 , 7.89473684210526 , 1.75438596491228 , 0 , 18.859649122807 , 0 , 90 , 90 , 5 
24-Mar-2010 14:25,201001,GATWICK,UNITED KINGDOM,GLASGOW,EASYJET AIRLINE COMPANY LTD,A,S, 77 , 0 , 48.0519480519481 , 15.5844155844156 , 18.1818181818182 , 16.8831168831169 , 1.2987012987013 , 0 , 32.2467532467532 , 3 , 78 , 87.1794871794872 , 7.55128205128205 
24-Mar-2010 14:25,201001,GATWICK,UNITED KINGDOM,GLASGOW,EASYJET AIRLINE COMPANY LTD,D,S, 78 , 0 , 56.4102564102564 , 20.5128205128205 , 8.97435897435897 , 11.5384615384615 , 2.56410256410256 , 0 , 25.9615384615385 , 2 , 78 , 89.7435897435898 , 5.48717948717949 
24-Mar-2010 14:25,201001,GATWICK,UNITED KINGDOM,GLASGOW,FLYBE LTD,A,S, 0 , 1 , 0 , 0 , 0 , 0 , 0 , 0 , 0 , 0 , 0 , 0 , 0 
24-Mar-2010 14:25,201001,GATWICK,UNITED KINGDOM,GUERNSEY,AURIGNY AIR SERVICES,A,S, 113 , 0 , 78.7610619469027 , 7.07964601769912 , 7.07964601769912 , 3.53982300884956 , 3.53982300884956 , 0 , 18.0442477876106 , 5 , 123 , 92.6829268292683 , 4.72357723577236 
24-Mar-2010 14:25,201001,GATWICK,UNITED KINGDOM,GUERNSEY,AURIGNY AIR SERVICES,D,S, 112 , 0 , 68.75 , 12.5 , 11.6071428571429 , 2.67857142857143 , 3.57142857142857 , 0.892857142857143 , 23.7946428571429 , 7 , 122 , 91.8032786885246 , 5.81147540983607 
24-Mar-2010 14:25,201001,GATWICK,UNITED KINGDOM,GUERNSEY,FLYBE LTD,A,S, 109 , 0 , 86.2385321100918 , 5.5045871559633 , 2.75229357798165 , 4.58715596330275 , 0.917431192660551 , 0 , 10.8165137614679 , 10 , 125 , 85.6 , 5.976 
24-Mar-2010 14:25,201001,GATWICK,UNITED KINGDOM,GUERNSEY,FLYBE LTD,D,S, 109 , 0 , 80.7339449541284 , 4.58715596330275 , 5.5045871559633 , 9.1743119266055 , 0 , 0 , 12.9357798165138 , 12 , 125 , 88.8 , 5.48 
24-Mar-2010 14:25,201001,GATWICK,UNITED KINGDOM,INVERNESS,EASYJET AIRLINE COMPANY LTD,A,S, 26 , 0 , 65.3846153846154 , 11.5384615384615 , 11.5384615384615 , 11.5384615384615 , 0 , 0 , 20.1538461538462 , 3 , 30 , 83.3333333333333 , 7.7 
24-Mar-2010 14:25,201001,GATWICK,UNITED KINGDOM,INVERNESS,EASYJET AIRLINE COMPANY LTD,D,S, 27 , 0 , 74.0740740740741 , 3.7037037037037 , 14.8148148148148 , 7.40740740740741 , 0 , 0 , 19.1111111111111 , 3 , 31 , 90.3225806451613 , 5.09677419354839 
24-Mar-2010 14:25,201001,GATWICK,UNITED KINGDOM,INVERNESS,FLYBE LTD,A,S, 60 , 0 , 66.6666666666667 , 10 , 11.6666666666667 , 5 , 5 , 1.66666666666667 , 35.2333333333333 , 4 , 64 , 89.0625 , 9.4375 
24-Mar-2010 14:25,201001,GATWICK,UNITED KINGDOM,INVERNESS,FLYBE LTD,D,S, 59 , 0 , 62.7118644067797 , 13.5593220338983 , 13.5593220338983 , 6.77966101694915 , 1.69491525423729 , 1.69491525423729 , 29.2542372881356 , 4 , 64 , 82.8125 , 12.71875 
24-Mar-2010 14:25,201001,GATWICK,UNITED KINGDOM,ISLE OF MAN,FLYBE LTD,A,S, 89 , 0 , 89.8876404494382 , 4.49438202247191 , 4.49438202247191 , 1.12359550561798 , 0 , 0 , 6.04494382022472 , 5 , 101 , 95.049504950495 , 3.67326732673267 
24-Mar-2010 14:25,201001,GATWICK,UNITED KINGDOM,ISLE OF MAN,FLYBE LTD,D,S, 89 , 0 , 80.8988764044944 , 5.61797752808989 , 7.86516853932584 , 5.61797752808989 , 0 , 0 , 9.73033707865168 , 5 , 101 , 91.0891089108911 , 12.5247524752475 
24-Mar-2010 14:25,201001,GATWICK,UNITED KINGDOM,JERSEY,BRITISH AIRWAYS PLC,A,S, 122 , 0 , 76.2295081967213 , 8.19672131147541 , 7.37704918032787 , 6.55737704918033 , 0.819672131147541 , 0.819672131147541 , 17.9016393442623 , 0 , 116 , 75.8620689655172 , 15.5689655172414 
24-Mar-2010 14:25,201001,GATWICK,UNITED KINGDOM,JERSEY,BRITISH AIRWAYS PLC,D,S, 122 , 0 , 79.5081967213115 , 9.83606557377049 , 4.91803278688525 , 4.91803278688525 , 0.819672131147541 , 0 , 12.0491803278689 , 0 , 116 , 82.7586206896552 , 9.66379310344828 
24-Mar-2010 14:25,201001,GATWICK,UNITED KINGDOM,JERSEY,FLYBE LTD,A,S, 142 , 0 , 80.2816901408451 , 7.04225352112676 , 4.92957746478873 , 5.63380281690141 , 2.11267605633803 , 0 , 15.9154929577465 , 8 , 144 , 88.8888888888889 , 7.44444444444444 
24-Mar-2010 14:25,201001,GATWICK,UNITED KINGDOM,JERSEY,FLYBE LTD,D,S, 140 , 0 , 70.7142857142857 , 11.4285714285714 , 9.28571428571429 , 5.71428571428571 , 2.85714285714286 , 0 , 21.5642857142857 , 14 , 144 , 84.7222222222222 , 11.4513888888889 
24-Mar-2010 14:25,201001,GATWICK,UNITED KINGDOM,LEEDS BRADFORD,FLYBE LTD,A,S, 48 , 0 , 77.0833333333333 , 14.5833333333333 , 4.16666666666667 , 4.16666666666667 , 0 , 0 , 11.0416666666667 , 8 , 0 , 0 , 0 
24-Mar-2010 14:25,201001,GATWICK,UNITED KINGDOM,LEEDS BRADFORD,FLYBE LTD,D,S, 48 , 0 , 62.5 , 10.4166666666667 , 10.4166666666667 , 16.6666666666667 , 0 , 0 , 23.125 , 8 , 0 , 0 , 0 
24-Mar-2010 14:25,201001,GATWICK,UNITED KINGDOM,MANCHESTER,AIR EUROPA,D,C, 0 , 0 , 0 , 0 , 0 , 0 , 0 , 0 , 0 , 0 , 2 , 50 , 88.5 
24-Mar-2010 14:25,201001,GATWICK,UNITED KINGDOM,MANCHESTER,BMI BRITISH MIDLAND,D,C, 1 , 0 , 0 , 0 , 0 , 100 , 0 , 0 , 135 , 0 , 0 , 0 , 0 
24-Mar-2010 14:25,201001,GATWICK,UNITED KINGDOM,MANCHESTER,BMI REGIONAL,A,C, 0 , 0 , 0 , 0 , 0 , 0 , 0 , 0 , 0 , 0 , 1 , 0 , 59 
24-Mar-2010 14:25,201001,GATWICK,UNITED KINGDOM,MANCHESTER,BRITISH AIRWAYS PLC,A,S, 133 , 0 , 72.9323308270677 , 10.5263157894737 , 6.76691729323308 , 8.27067669172932 , 0.75187969924812 , 0.75187969924812 , 19.9473684210526 , 2 , 148 , 85.8108108108108 , 9.90540540540541 
24-Mar-2010 14:25,201001,GATWICK,UNITED KINGDOM,MANCHESTER,BRITISH AIRWAYS PLC,D,S, 134 , 0 , 83.5820895522388 , 5.97014925373134 , 5.22388059701493 , 5.22388059701493 , 0 , 0 , 10.5149253731343 , 2 , 148 , 90.5405405405405 , 5.07432432432432 
24-Mar-2010 14:25,201001,GATWICK,UNITED KINGDOM,MANCHESTER,DELTA AIRLINES,D,C, 0 , 1 , 0 , 0 , 0 , 0 , 0 , 0 , 0 , 0 , 0 , 0 , 0 
24-Mar-2010 14:25,201001,GATWICK,UNITED KINGDOM,MANCHESTER,FLYBE LTD,D,C, 0 , 1 , 0 , 0 , 0 , 0 , 0 , 0 , 0 , 0 , 0 , 0 , 0 
24-Mar-2010 14:25,201001,GATWICK,UNITED KINGDOM,MANCHESTER,MONARCH AIRLINES,A,C, 1 , 0 , 100 , 0 , 0 , 0 , 0 , 0 , 0 , 0 , 0 , 0 , 0 
24-Mar-2010 14:25,201001,GATWICK,UNITED KINGDOM,MANCHESTER,MONARCH AIRLINES,D,C, 1 , 0 , 100 , 0 , 0 , 0 , 0 , 0 , 3 , 0 , 0 , 0 , 0 
24-Mar-2010 14:25,201001,GATWICK,UNITED KINGDOM,MANCHESTER,THOMAS COOK AIRLINES LTD,A,C, 4 , 0 , 25 , 0 , 50 , 0 , 25 , 0 , 68.5 , 0 , 5 , 80 , 15.8 
24-Mar-2010 14:25,201001,GATWICK,UNITED KINGDOM,MANCHESTER,THOMAS COOK AIRLINES LTD,D,C, 3 , 1 , 0 , 0 , 33.3333333333333 , 33.3333333333333 , 0 , 33.3333333333333 , 274 , 0 , 5 , 100 , 6.4 
24-Mar-2010 14:25,201001,GATWICK,UNITED KINGDOM,MANCHESTER,THOMSON AIRWAYS LTD,A,C, 0 , 0 , 0 , 0 , 0 , 0 , 0 , 0 , 0 , 0 , 11 , 72.7272727272727 , 15 
24-Mar-2010 14:25,201001,GATWICK,UNITED KINGDOM,MANCHESTER,THOMSON AIRWAYS LTD,D,C, 0 , 0 , 0 , 0 , 0 , 0 , 0 , 0 , 0 , 0 , 11 , 63.6363636363636 , 24.7272727272727 
24-Mar-2010 14:25,201001,GATWICK,UNITED KINGDOM,MANCHESTER,US AIRWAYS,D,C, 0 , 1 , 0 , 0 , 0 , 0 , 0 , 0 , 0 , 0 , 0 , 0 , 0 
24-Mar-2010 14:25,201001,GATWICK,UNITED KINGDOM,MANCHESTER,VIRGIN ATLANTIC AIRWAYS LTD,D,S, 1 , 0 , 0 , 100 , 0 , 0 , 0 , 0 , 22 , 0 , 0 , 0 , 0 
24-Mar-2010 14:25,201001,GATWICK,UNITED KINGDOM,NEWCASTLE,FLYBE LTD,A,S, 82 , 0 , 70.7317073170732 , 3.65853658536585 , 7.31707317073171 , 18.2926829268293 , 0 , 0 , 24.0121951219512 , 3 , 87 , 82.7586206896552 , 8.59770114942529 
24-Mar-2010 14:25,201001,GATWICK,UNITED KINGDOM,NEWCASTLE,FLYBE LTD,D,S, 82 , 0 , 64.6341463414634 , 3.65853658536585 , 9.75609756097561 , 20.7317073170732 , 0 , 1.21951219512195 , 36.0853658536585 , 3 , 87 , 86.2068965517241 , 9 
24-Mar-2010 14:25,201001,GATWICK,UNITED KINGDOM,NEWQUAY,AIR SOUTHWEST,D,S, 73 , 0 , 78.0821917808219 , 6.84931506849315 , 12.3287671232877 , 2.73972602739726 , 0 , 0 , 10.0684931506849 , 12 , 87 , 87.3563218390805 , 10.2183908045977 
24-Mar-2010 14:25,201001,GATWICK,UNITED KINGDOM,NEWQUAY,FLYBE LTD,A,S, 43 , 0 , 83.7209302325581 , 4.65116279069767 , 4.65116279069767 , 6.97674418604651 , 0 , 0 , 12.7209302325581 , 6 , 0 , 0 , 0 
24-Mar-2010 14:25,201001,GATWICK,UNITED KINGDOM,NEWQUAY,FLYBE LTD,D,S, 43 , 0 , 69.7674418604651 , 9.30232558139535 , 4.65116279069767 , 11.6279069767442 , 4.65116279069767 , 0 , 30.2325581395349 , 5 , 0 , 0 , 0 
24-Mar-2010 14:25,201001,GATWICK,UNITED KINGDOM,PLYMOUTH,AIR SOUTHWEST,A,S, 98 , 0 , 72.4489795918367 , 5.10204081632653 , 15.3061224489796 , 7.14285714285714 , 0 , 0 , 15.0204081632653 , 17 , 117 , 82.9059829059829 , 11.3247863247863 
24-Mar-2010 14:25,201001,GATWICK,UNITED KINGDOM,PLYMOUTH,AIR SOUTHWEST,D,S, 24 , 1 , 79.1666666666667 , 8.33333333333333 , 4.16666666666667 , 8.33333333333333 , 0 , 0 , 12.4583333333333 , 7 , 30 , 96.6666666666667 , 3.13333333333333 
24-Mar-2010 14:25,201001,GATWICK,USA,ATLANTA,BRITISH AIRWAYS PLC,A,S, 0 , 0 , 0 , 0 , 0 , 0 , 0 , 0 , 0 , 0 , 31 , 87.0967741935484 , 4.35483870967742 
24-Mar-2010 14:25,201001,GATWICK,USA,ATLANTA,BRITISH AIRWAYS PLC,D,S, 0 , 0 , 0 , 0 , 0 , 0 , 0 , 0 , 0 , 0 , 31 , 80.6451612903226 , 7.48387096774194 
24-Mar-2010 14:25,201001,GATWICK,USA,ATLANTA,DELTA AIRLINES,A,S, 29 , 2 , 79.3103448275862 , 13.7931034482759 , 6.89655172413793 , 0 , 0 , 0 , 6.48275862068965 , 2 , 44 , 79.5454545454545 , 12.2045454545455 
24-Mar-2010 14:25,201001,GATWICK,USA,ATLANTA,DELTA AIRLINES,D,S, 29 , 0 , 62.0689655172414 , 3.44827586206897 , 24.1379310344828 , 6.89655172413793 , 3.44827586206897 , 0 , 27.0344827586207 , 2 , 44 , 81.8181818181818 , 11.9090909090909 
24-Mar-2010 14:25,201001,GATWICK,USA,CHARLOTTE,US AIRWAYS,A,S, 26 , 0 , 73.0769230769231 , 3.84615384615385 , 19.2307692307692 , 0 , 0 , 3.84615384615385 , 25.6153846153846 , 4 , 31 , 77.4193548387097 , 12.1290322580645 
24-Mar-2010 14:25,201001,GATWICK,USA,CHARLOTTE,US AIRWAYS,D,S, 27 , 0 , 77.7777777777778 , 7.40740740740741 , 3.7037037037037 , 3.7037037037037 , 3.7037037037037 , 3.7037037037037 , 38.8518518518519 , 5 , 31 , 80.6451612903226 , 16.6129032258065 
24-Mar-2010 14:25,201001,GATWICK,USA,CINCINNATI,DELTA AIRLINES,A,S, 0 , 0 , 0 , 0 , 0 , 0 , 0 , 0 , 0 , 0 , 24 , 75 , 8.79166666666667 
24-Mar-2010 14:25,201001,GATWICK,USA,CINCINNATI,DELTA AIRLINES,D,S, 0 , 0 , 0 , 0 , 0 , 0 , 0 , 0 , 0 , 0 , 24 , 83.3333333333333 , 8.70833333333333 
24-Mar-2010 14:25,201001,GATWICK,USA,DETROIT,NORTHWEST AIRLINES,A,S, 0 , 0 , 0 , 0 , 0 , 0 , 0 , 0 , 0 , 0 , 10 , 80 , 7.5 
24-Mar-2010 14:25,201001,GATWICK,USA,DETROIT,NORTHWEST AIRLINES,D,S, 0 , 0 , 0 , 0 , 0 , 0 , 0 , 0 , 0 , 0 , 10 , 100 , 3.2 
24-Mar-2010 14:25,201001,GATWICK,USA,LAS VEGAS,VIRGIN ATLANTIC AIRWAYS LTD,A,S, 28 , 0 , 32.1428571428571 , 25 , 7.14285714285714 , 7.14285714285714 , 25 , 3.57142857142857 , 90.8928571428571 , 1 , 31 , 54.8387096774194 , 22.7741935483871 
24-Mar-2010 14:25,201001,GATWICK,USA,LAS VEGAS,VIRGIN ATLANTIC AIRWAYS LTD,D,S, 29 , 0 , 37.9310344827586 , 13.7931034482759 , 20.6896551724138 , 6.89655172413793 , 20.6896551724138 , 0 , 77.9310344827586 , 1 , 31 , 67.741935483871 , 21.8064516129032 
24-Mar-2010 14:25,201001,GATWICK,USA,MIAMI INTERNATIONAL,THOMSON AIRWAYS LTD,A,C, 0 , 0 , 0 , 0 , 0 , 0 , 0 , 0 , 0 , 0 , 2 , 100 , 6 
24-Mar-2010 14:25,201001,GATWICK,USA,MIAMI INTERNATIONAL,THOMSON AIRWAYS LTD,D,C, 0 , 0 , 0 , 0 , 0 , 0 , 0 , 0 , 0 , 0 , 2 , 50 , 24.5 
24-Mar-2010 14:25,201001,GATWICK,USA,NEW YORK (JF KENNEDY),BRITISH AIRWAYS PLC,A,S, 0 , 2 , 0 , 0 , 0 , 0 , 0 , 0 , 0 , 0 , 31 , 83.8709677419355 , 10.5483870967742 
24-Mar-2010 14:25,201001,GATWICK,USA,NEW YORK (JF KENNEDY),BRITISH AIRWAYS PLC,D,S, 0 , 0 , 0 , 0 , 0 , 0 , 0 , 0 , 0 , 0 , 31 , 83.8709677419355 , 15.3870967741935 
24-Mar-2010 14:25,201001,GATWICK,USA,NEW YORK (JF KENNEDY),DELTA AIRLINES,A,C, 0 , 1 , 0 , 0 , 0 , 0 , 0 , 0 , 0 , 0 , 0 , 0 , 0 
24-Mar-2010 14:25,201001,GATWICK,USA,ORLANDO,BRITISH AIRWAYS PLC,A,S, 25 , 0 , 88 , 4 , 4 , 4 , 0 , 0 , 9.04 , 1 , 29 , 89.6551724137931 , 5.62068965517241 
24-Mar-2010 14:25,201001,GATWICK,USA,ORLANDO,BRITISH AIRWAYS PLC,D,S, 26 , 0 , 76.9230769230769 , 11.5384615384615 , 7.69230769230769 , 0 , 3.84615384615385 , 0 , 16.3846153846154 , 0 , 29 , 75.8620689655172 , 13.4137931034483 
24-Mar-2010 14:25,201001,GATWICK,USA,ORLANDO,VIRGIN ATLANTIC AIRWAYS LTD,A,S, 43 , 2 , 39.5348837209302 , 11.6279069767442 , 4.65116279069767 , 30.2325581395349 , 13.953488372093 , 0 , 77.6511627906977 , 6 , 43 , 65.1162790697674 , 19.6511627906977 
24-Mar-2010 14:25,201001,GATWICK,USA,ORLANDO,VIRGIN ATLANTIC AIRWAYS LTD,D,S, 41 , 0 , 26.8292682926829 , 7.31707317073171 , 9.75609756097561 , 36.5853658536585 , 19.5121951219512 , 0 , 96.2682926829268 , 6 , 42 , 64.2857142857143 , 27.3571428571429 
24-Mar-2010 14:25,201001,GATWICK,USA,PHILADELPHIA INTERNATIONAL,US AIRWAYS,A,C, 0 , 1 , 0 , 0 , 0 , 0 , 0 , 0 , 0 , 0 , 0 , 0 , 0 
24-Mar-2010 14:25,201001,GATWICK,USA,PHILADELPHIA INTERNATIONAL,US AIRWAYS,A,S, 0 , 0 , 0 , 0 , 0 , 0 , 0 , 0 , 0 , 0 , 31 , 80.6451612903226 , 10.7741935483871 
24-Mar-2010 14:25,201001,GATWICK,USA,PHILADELPHIA INTERNATIONAL,US AIRWAYS,D,S, 0 , 0 , 0 , 0 , 0 , 0 , 0 , 0 , 0 , 0 , 30 , 83.3333333333333 , 8.43333333333333 
24-Mar-2010 14:25,201001,GATWICK,USA,SANFORD,THOMSON AIRWAYS LTD,A,C, 4 , 0 , 75 , 25 , 0 , 0 , 0 , 0 , 5.5 , 0 , 4 , 50 , 48 
24-Mar-2010 14:25,201001,GATWICK,USA,SANFORD,THOMSON AIRWAYS LTD,D,C, 5 , 0 , 60 , 0 , 40 , 0 , 0 , 0 , 22.4 , 0 , 5 , 20 , 92.8 
24-Mar-2010 14:25,201001,GATWICK,USA,TAMPA,BRITISH AIRWAYS PLC,A,S, 19 , 0 , 89.4736842105263 , 5.26315789473684 , 0 , 5.26315789473684 , 0 , 0 , 7.47368421052632 , 0 , 20 , 80 , 8.4 
24-Mar-2010 14:25,201001,GATWICK,USA,TAMPA,BRITISH AIRWAYS PLC,D,S, 19 , 0 , 63.1578947368421 , 5.26315789473684 , 21.0526315789474 , 10.5263157894737 , 0 , 0 , 19.2631578947368 , 0 , 20 , 70 , 12.9 
24-Mar-2010 14:25,201001,GATWICK,VENEZUELA,PORLAMAR,THOMSON AIRWAYS LTD,A,C, 0 , 0 , 0 , 0 , 0 , 0 , 0 , 0 , 0 , 0 , 4 , 0 , 56.25 
24-Mar-2010 14:25,201001,GATWICK,VENEZUELA,PORLAMAR,THOMSON AIRWAYS LTD,D,C, 0 , 0 , 0 , 0 , 0 , 0 , 0 , 0 , 0 , 0 , 4 , 25 , 47.75 
24-Mar-2010 14:25,201001,GATWICK,ZIMBABWE,HARARE,AIR ZIMBABWE,A,S, 10 , 0 , 20 , 10 , 40 , 10 , 0 , 20 , 131.5 , 0 , 12 , 91.6666666666667 , 2.41666666666667 
24-Mar-2010 14:25,201001,GATWICK,ZIMBABWE,HARARE,AIR ZIMBABWE,D,S, 10 , 0 , 20 , 10 , 30 , 40 , 0 , 0 , 51.6 , 0 , 12 , 75 , 12.3333333333333 
24-Mar-2010 14:25,201001,GLASGOW,AUSTRIA,SALZBURG,THOMSON AIRWAYS LTD,A,C, 5 , 0 , 40 , 0 , 0 , 60 , 0 , 0 , 84.2 , 0 , 5 , 0 , 69.2 
24-Mar-2010 14:25,201001,GLASGOW,AUSTRIA,SALZBURG,THOMSON AIRWAYS LTD,D,C, 5 , 0 , 20 , 20 , 0 , 60 , 0 , 0 , 90.4 , 0 , 5 , 0 , 72 
24-Mar-2010 14:25,201001,GLASGOW,BARBADOS,BRIDGETOWN,MONARCH AIRLINES,A,C, 0 , 0 , 0 , 0 , 0 , 0 , 0 , 0 , 0 , 0 , 3 , 0 , 189.666666666667 
24-Mar-2010 14:25,201001,GLASGOW,BARBADOS,BRIDGETOWN,MONARCH AIRLINES,D,C, 0 , 0 , 0 , 0 , 0 , 0 , 0 , 0 , 0 , 0 , 3 , 100 , 6.33333333333333 
24-Mar-2010 14:25,201001,GLASGOW,BARBADOS,BRIDGETOWN,THOMAS COOK AIRLINES LTD,D,C, 0 , 0 , 0 , 0 , 0 , 0 , 0 , 0 , 0 , 0 , 1 , 100 , 11 
24-Mar-2010 14:25,201001,GLASGOW,BARBADOS,BRIDGETOWN,THOMSON AIRWAYS LTD,A,C, 2 , 0 , 0 , 50 , 50 , 0 , 0 , 0 , 31 , 0 , 1 , 100 , 0 
24-Mar-2010 14:25,201001,GLASGOW,BARBADOS,BRIDGETOWN,THOMSON AIRWAYS LTD,D,C, 2 , 0 , 50 , 50 , 0 , 0 , 0 , 0 , 20 , 0 , 2 , 0 , 203.5 
24-Mar-2010 14:25,201001,GLASGOW,CANADA,TORONTO,AIR TRANSAT,A,S, 0 , 0 , 0 , 0 , 0 , 0 , 0 , 0 , 0 , 0 , 4 , 75 , 17.25 
24-Mar-2010 14:25,201001,GLASGOW,CANADA,TORONTO,AIR TRANSAT,D,S, 0 , 0 , 0 , 0 , 0 , 0 , 0 , 0 , 0 , 0 , 4 , 75 , 23.5 
24-Mar-2010 14:25,201001,GLASGOW,CANADA,TORONTO,THOMAS COOK AIRLINES LTD,A,S, 6 , 0 , 66.6666666666667 , 16.6666666666667 , 0 , 0 , 0 , 16.6666666666667 , 168.166666666667 , 0 , 0 , 0 , 0 
24-Mar-2010 14:25,201001,GLASGOW,CANADA,TORONTO,THOMAS COOK AIRLINES LTD,D,S, 7 , 0 , 57.1428571428571 , 14.2857142857143 , 0 , 28.5714285714286 , 0 , 0 , 31.4285714285714 , 0 , 0 , 0 , 0 
24-Mar-2010 14:25,201001,GLASGOW,CYPRUS,PAPHOS,FLYGLOBESPAN,A,S, 0 , 0 , 0 , 0 , 0 , 0 , 0 , 0 , 0 , 0 , 5 , 80 , 9.6 
24-Mar-2010 14:25,201001,GLASGOW,CYPRUS,PAPHOS,FLYGLOBESPAN,D,S, 0 , 0 , 0 , 0 , 0 , 0 , 0 , 0 , 0 , 0 , 5 , 80 , 8 
24-Mar-2010 14:25,201001,GLASGOW,CYPRUS,PAPHOS,THOMSON AIRWAYS LTD,A,C, 4 , 0 , 100 , 0 , 0 , 0 , 0 , 0 , 3.75 , 0 , 4 , 50 , 32.75 
24-Mar-2010 14:25,201001,GLASGOW,CYPRUS,PAPHOS,THOMSON AIRWAYS LTD,D,C, 4 , 0 , 100 , 0 , 0 , 0 , 0 , 0 , 3.75 , 0 , 4 , 25 , 44.75 
24-Mar-2010 14:25,201001,GLASGOW,DENMARK,COPENHAGEN,BMI REGIONAL,A,S, 20 , 0 , 85 , 5 , 5 , 5 , 0 , 0 , 7.25 , 0 , 22 , 86.3636363636364 , 4.90909090909091 
24-Mar-2010 14:25,201001,GLASGOW,DENMARK,COPENHAGEN,BMI REGIONAL,D,S, 23 , 0 , 69.5652173913043 , 13.0434782608696 , 17.3913043478261 , 0 , 0 , 0 , 12.2173913043478 , 0 , 22 , 77.2727272727273 , 8.09090909090909 
24-Mar-2010 14:25,201001,GLASGOW,DOMINICAN REPUBLIC,LA ROMANA,THOMSON AIRWAYS LTD,A,C, 0 , 1 , 0 , 0 , 0 , 0 , 0 , 0 , 0 , 0 , 2 , 100 , 5 
24-Mar-2010 14:25,201001,GLASGOW,DOMINICAN REPUBLIC,LA ROMANA,THOMSON AIRWAYS LTD,D,C, 1 , 0 , 100 , 0 , 0 , 0 , 0 , 0 , 0 , 0 , 1 , 100 , 15 
24-Mar-2010 14:25,201001,GLASGOW,EGYPT,HURGHADA,FLYGLOBESPAN,A,S, 0 , 0 , 0 , 0 , 0 , 0 , 0 , 0 , 0 , 0 , 4 , 75 , 255.25 
24-Mar-2010 14:25,201001,GLASGOW,EGYPT,HURGHADA,FLYGLOBESPAN,D,S, 0 , 0 , 0 , 0 , 0 , 0 , 0 , 0 , 0 , 0 , 4 , 100 , 5.25 
24-Mar-2010 14:25,201001,GLASGOW,EGYPT,SHARM EL SHEIKH (OPHIRA),THOMAS COOK AIRLINES LTD,A,C, 8 , 0 , 37.5 , 0 , 12.5 , 25 , 25 , 0 , 74.25 , 0 , 5 , 80 , 10.4 
24-Mar-2010 14:25,201001,GLASGOW,EGYPT,SHARM EL SHEIKH (OPHIRA),THOMAS COOK AIRLINES LTD,D,C, 8 , 0 , 37.5 , 37.5 , 0 , 12.5 , 12.5 , 0 , 59.75 , 0 , 5 , 60 , 25.2 
24-Mar-2010 14:25,201001,GLASGOW,EGYPT,SHARM EL SHEIKH (OPHIRA),THOMSON AIRWAYS LTD,A,C, 0 , 0 , 0 , 0 , 0 , 0 , 0 , 0 , 0 , 0 , 9 , 77.7777777777778 , 14.5555555555556 
24-Mar-2010 14:25,201001,GLASGOW,EGYPT,SHARM EL SHEIKH (OPHIRA),THOMSON AIRWAYS LTD,A,S, 8 , 0 , 12.5 , 25 , 50 , 0 , 0 , 12.5 , 194.875 , 0 , 0 , 0 , 0 
24-Mar-2010 14:25,201001,GLASGOW,EGYPT,SHARM EL SHEIKH (OPHIRA),THOMSON AIRWAYS LTD,D,C, 0 , 0 , 0 , 0 , 0 , 0 , 0 , 0 , 0 , 0 , 9 , 88.8888888888889 , 7.22222222222222 
24-Mar-2010 14:25,201001,GLASGOW,EGYPT,SHARM EL SHEIKH (OPHIRA),THOMSON AIRWAYS LTD,D,S, 9 , 0 , 66.6666666666667 , 11.1111111111111 , 22.2222222222222 , 0 , 0 , 0 , 15.3333333333333 , 0 , 0 , 0 , 0 
24-Mar-2010 14:25,201001,GLASGOW,FRANCE,BIARRITZ,BMI REGIONAL,A,C, 1 , 0 , 100 , 0 , 0 , 0 , 0 , 0 , 13 , 0 , 0 , 0 , 0 
24-Mar-2010 14:25,201001,GLASGOW,FRANCE,CHAMBERY,JET2.COM LTD,A,S, 0 , 1 , 0 , 0 , 0 , 0 , 0 , 0 , 0 , 0 , 0 , 0 , 0 
24-Mar-2010 14:25,201001,GLASGOW,FRANCE,CHAMBERY,JET2.COM LTD,D,S, 1 , 1 , 0 , 0 , 100 , 0 , 0 , 0 , 52 , 0 , 0 , 0 , 0 
24-Mar-2010 14:25,201001,GLASGOW,FRANCE,CHAMBERY,THOMSON AIRWAYS LTD,A,C, 5 , 0 , 0 , 0 , 40 , 40 , 20 , 0 , 114 , 0 , 5 , 0 , 78.6 
24-Mar-2010 14:25,201001,GLASGOW,FRANCE,CHAMBERY,THOMSON AIRWAYS LTD,D,C, 5 , 0 , 60 , 20 , 0 , 20 , 0 , 0 , 27.4 , 0 , 5 , 60 , 14.2 
24-Mar-2010 14:25,201001,GLASGOW,FRANCE,GRENOBLE,THOMAS COOK AIRLINES LTD,A,C, 0 , 0 , 0 , 0 , 0 , 0 , 0 , 0 , 0 , 0 , 1 , 100 , 0 
24-Mar-2010 14:25,201001,GLASGOW,FRANCE,PARIS (CHARLES DE GAULLE),AIR FRANCE,A,S, 0 , 0 , 0 , 0 , 0 , 0 , 0 , 0 , 0 , 0 , 1 , 100 , 10 
24-Mar-2010 14:25,201001,GLASGOW,FRANCE,PARIS (CHARLES DE GAULLE),EASYJET AIRLINE COMPANY LTD,A,S, 24 , 0 , 75 , 12.5 , 12.5 , 0 , 0 , 0 , 9.79166666666667 , 0 , 25 , 84 , 26.96 
24-Mar-2010 14:25,201001,GLASGOW,FRANCE,PARIS (CHARLES DE GAULLE),EASYJET AIRLINE COMPANY LTD,D,S, 24 , 0 , 79.1666666666667 , 8.33333333333333 , 12.5 , 0 , 0 , 0 , 8.54166666666667 , 0 , 25 , 92 , 5.72 
24-Mar-2010 14:25,201001,GLASGOW,FRANCE,PARIS (CHARLES DE GAULLE),FLYBE LTD,A,S, 25 , 0 , 68 , 12 , 12 , 8 , 0 , 0 , 19.72 , 1 , 42 , 80.9523809523809 , 13.952380952381 
24-Mar-2010 14:25,201001,GLASGOW,FRANCE,PARIS (CHARLES DE GAULLE),FLYBE LTD,D,S, 26 , 0 , 65.3846153846154 , 23.0769230769231 , 7.69230769230769 , 0 , 3.84615384615385 , 0 , 23.1538461538462 , 0 , 42 , 85.7142857142857 , 10.8809523809524 
24-Mar-2010 14:25,201001,GLASGOW,GAMBIA,BANJUL,THOMAS COOK AIRLINES LTD,A,C, 0 , 0 , 0 , 0 , 0 , 0 , 0 , 0 , 0 , 0 , 1 , 100 , 0 
24-Mar-2010 14:25,201001,GLASGOW,GAMBIA,BANJUL,THOMAS COOK AIRLINES LTD,D,C, 0 , 0 , 0 , 0 , 0 , 0 , 0 , 0 , 0 , 0 , 1 , 0 , 16 
24-Mar-2010 14:25,201001,GLASGOW,GERMANY,BERLIN (SCHONEFELD),EASYJET AIRLINE COMPANY LTD,A,S, 15 , 0 , 73.3333333333333 , 0 , 6.66666666666667 , 20 , 0 , 0 , 27.1333333333333 , 0 , 19 , 78.9473684210526 , 10 
24-Mar-2010 14:25,201001,GLASGOW,GERMANY,BERLIN (SCHONEFELD),EASYJET AIRLINE COMPANY LTD,D,S, 15 , 0 , 66.6666666666667 , 6.66666666666667 , 6.66666666666667 , 20 , 0 , 0 , 30.3333333333333 , 0 , 19 , 84.2105263157895 , 7.68421052631579 
24-Mar-2010 14:25,201001,GLASGOW,GREECE,ATHENS,BRITISH AIRWAYS PLC,A,S, 0 , 1 , 0 , 0 , 0 , 0 , 0 , 0 , 0 , 0 , 0 , 0 , 0 
24-Mar-2010 14:25,201001,GLASGOW,ICELAND,KEFLAVIK,ICELANDAIR,A,S, 17 , 0 , 76.4705882352941 , 0 , 11.7647058823529 , 11.7647058823529 , 0 , 0 , 20.5882352941176 , 0 , 1 , 100 , 0 
24-Mar-2010 14:25,201001,GLASGOW,ICELAND,KEFLAVIK,ICELANDAIR,D,S, 17 , 0 , 70.5882352941177 , 5.88235294117647 , 5.88235294117647 , 11.7647058823529 , 0 , 5.88235294117647 , 54.8823529411765 , 0 , 1 , 100 , 0 
24-Mar-2010 14:25,201001,GLASGOW,IRISH REPUBLIC,DUBLIN,AER LINGUS,A,S, 27 , 0 , 55.5555555555556 , 7.40740740740741 , 22.2222222222222 , 14.8148148148148 , 0 , 0 , 26.037037037037 , 0 , 59 , 81.3559322033898 , 7.1864406779661 
24-Mar-2010 14:25,201001,GLASGOW,IRISH REPUBLIC,DUBLIN,AER LINGUS,D,S, 27 , 0 , 51.8518518518519 , 0 , 22.2222222222222 , 25.9259259259259 , 0 , 0 , 35.5185185185185 , 0 , 59 , 84.7457627118644 , 6.45762711864407 
24-Mar-2010 14:25,201001,GLASGOW,IRISH REPUBLIC,DUBLIN,AIR FRANCE,D,S, 1 , 0 , 0 , 0 , 100 , 0 , 0 , 0 , 32 , 0 , 0 , 0 , 0 
24-Mar-2010 14:25,201001,GLASGOW,IRISH REPUBLIC,DUBLIN,CITY JET,A,C, 1 , 0 , 0 , 100 , 0 , 0 , 0 , 0 , 27 , 0 , 0 , 0 , 0 
24-Mar-2010 14:25,201001,GLASGOW,IRISH REPUBLIC,DUBLIN,CITY JET,D,C, 1 , 0 , 100 , 0 , 0 , 0 , 0 , 0 , 15 , 0 , 0 , 0 , 0 
24-Mar-2010 14:25,201001,GLASGOW,IRISH REPUBLIC,IRELAND WEST AIRPORT KNOCK ,BMIBABY LTD,A,S, 0 , 0 , 0 , 0 , 0 , 0 , 0 , 0 , 0 , 0 , 9 , 100 , 0 
24-Mar-2010 14:25,201001,GLASGOW,IRISH REPUBLIC,IRELAND WEST AIRPORT KNOCK ,BMIBABY LTD,D,S, 0 , 0 , 0 , 0 , 0 , 0 , 0 , 0 , 0 , 0 , 9 , 100 , 0 
24-Mar-2010 14:25,201001,GLASGOW,ITALY,TURIN,THOMSON AIRWAYS LTD,A,C, 5 , 0 , 80 , 0 , 20 , 0 , 0 , 0 , 13.2 , 0 , 4 , 75 , 6.25 
24-Mar-2010 14:25,201001,GLASGOW,ITALY,TURIN,THOMSON AIRWAYS LTD,D,C, 5 , 0 , 80 , 0 , 20 , 0 , 0 , 0 , 8.4 , 0 , 4 , 100 , 2 
24-Mar-2010 14:25,201001,GLASGOW,JAMAICA,MONTEGO BAY,THOMAS COOK AIRLINES LTD,D,C, 0 , 0 , 0 , 0 , 0 , 0 , 0 , 0 , 0 , 0 , 1 , 0 , 1097 
24-Mar-2010 14:25,201001,GLASGOW,MALTA,MALTA,AIR MALTA,A,C, 0 , 0 , 0 , 0 , 0 , 0 , 0 , 0 , 0 , 0 , 1 , 0 , 17 
24-Mar-2010 14:25,201001,GLASGOW,MALTA,MALTA,AIR MALTA,D,C, 0 , 0 , 0 , 0 , 0 , 0 , 0 , 0 , 0 , 0 , 1 , 100 , 0 
24-Mar-2010 14:25,201001,GLASGOW,NETHERLANDS,AMSTERDAM,JET2.COM LTD,A,C, 1 , 0 , 0 , 100 , 0 , 0 , 0 , 0 , 16 , 0 , 0 , 0 , 0 
24-Mar-2010 14:25,201001,GLASGOW,NETHERLANDS,AMSTERDAM,JET2.COM LTD,D,C, 1 , 0 , 0 , 100 , 0 , 0 , 0 , 0 , 22 , 0 , 0 , 0 , 0 
24-Mar-2010 14:25,201001,GLASGOW,NETHERLANDS,AMSTERDAM,KLM,A,S, 64 , 1 , 75 , 10.9375 , 4.6875 , 7.8125 , 1.5625 , 0 , 17.625 , 1 , 91 , 86.8131868131868 , 5.76923076923077 
24-Mar-2010 14:25,201001,GLASGOW,NETHERLANDS,AMSTERDAM,KLM,D,S, 63 , 0 , 77.7777777777778 , 9.52380952380952 , 6.34920634920635 , 6.34920634920635 , 0 , 0 , 13.8095238095238 , 3 , 90 , 84.4444444444444 , 13.9888888888889 
24-Mar-2010 14:25,201001,GLASGOW,NETHERLANDS,AMSTERDAM,KLM CITYHOPPER,A,S, 27 , 0 , 85.1851851851852 , 11.1111111111111 , 0 , 3.7037037037037 , 0 , 0 , 5.92592592592593 , 0 , 18 , 83.3333333333333 , 7.88888888888889 
24-Mar-2010 14:25,201001,GLASGOW,NETHERLANDS,AMSTERDAM,KLM CITYHOPPER,D,S, 25 , 0 , 76 , 12 , 4 , 4 , 4 , 0 , 18.64 , 0 , 18 , 77.7777777777778 , 8.61111111111111 
24-Mar-2010 14:25,201001,GLASGOW,PAKISTAN,LAHORE,PAKISTAN INTL AIRLINES,A,S, 9 , 0 , 33.3333333333333 , 11.1111111111111 , 22.2222222222222 , 22.2222222222222 , 11.1111111111111 , 0 , 58.6666666666667 , 0 , 8 , 75 , 12.5 
24-Mar-2010 14:25,201001,GLASGOW,PAKISTAN,LAHORE,PAKISTAN INTL AIRLINES,D,S, 9 , 0 , 0 , 11.1111111111111 , 22.2222222222222 , 11.1111111111111 , 55.5555555555556 , 0 , 157.333333333333 , 0 , 8 , 50 , 27.125 
24-Mar-2010 14:25,201001,GLASGOW,PORTUGAL(EXCLUDING MADEIRA),FARO,EASYJET AIRLINE COMPANY LTD,A,S, 9 , 0 , 88.8888888888889 , 0 , 0 , 11.1111111111111 , 0 , 0 , 13.8888888888889 , 0 , 0 , 0 , 0 
24-Mar-2010 14:25,201001,GLASGOW,PORTUGAL(EXCLUDING MADEIRA),FARO,EASYJET AIRLINE COMPANY LTD,D,S, 9 , 0 , 66.6666666666667 , 22.2222222222222 , 0 , 11.1111111111111 , 0 , 0 , 19.1111111111111 , 0 , 0 , 0 , 0 
24-Mar-2010 14:25,201001,GLASGOW,PORTUGAL(EXCLUDING MADEIRA),FARO,FLYGLOBESPAN,A,S, 0 , 0 , 0 , 0 , 0 , 0 , 0 , 0 , 0 , 0 , 8 , 62.5 , 15.375 
24-Mar-2010 14:25,201001,GLASGOW,PORTUGAL(EXCLUDING MADEIRA),FARO,FLYGLOBESPAN,D,S, 0 , 0 , 0 , 0 , 0 , 0 , 0 , 0 , 0 , 0 , 8 , 50 , 21 
24-Mar-2010 14:25,201001,GLASGOW,PORTUGAL(EXCLUDING MADEIRA),FARO,THOMAS COOK AIRLINES LTD,A,C, 1 , 0 , 100 , 0 , 0 , 0 , 0 , 0 , 2 , 0 , 1 , 100 , 0 
24-Mar-2010 14:25,201001,GLASGOW,PORTUGAL(EXCLUDING MADEIRA),FARO,THOMAS COOK AIRLINES LTD,D,C, 0 , 0 , 0 , 0 , 0 , 0 , 0 , 0 , 0 , 0 , 1 , 100 , 5 
24-Mar-2010 14:25,201001,GLASGOW,PORTUGAL(MADEIRA),FUNCHAL,THOMSON AIRWAYS LTD,A,C, 4 , 0 , 100 , 0 , 0 , 0 , 0 , 0 , 6.25 , 0 , 4 , 75 , 67 
24-Mar-2010 14:25,201001,GLASGOW,PORTUGAL(MADEIRA),FUNCHAL,THOMSON AIRWAYS LTD,D,C, 4 , 0 , 100 , 0 , 0 , 0 , 0 , 0 , 5.25 , 0 , 4 , 75 , 76 
24-Mar-2010 14:25,201001,GLASGOW,SPAIN,ALICANTE,EASYJET AIRLINE COMPANY LTD,A,S, 18 , 0 , 77.7777777777778 , 11.1111111111111 , 0 , 11.1111111111111 , 0 , 0 , 16.1111111111111 , 0 , 18 , 100 , 1.05555555555556 
24-Mar-2010 14:25,201001,GLASGOW,SPAIN,ALICANTE,EASYJET AIRLINE COMPANY LTD,D,S, 18 , 0 , 66.6666666666667 , 11.1111111111111 , 11.1111111111111 , 11.1111111111111 , 0 , 0 , 21.6111111111111 , 0 , 18 , 94.4444444444444 , 2.27777777777778 
24-Mar-2010 14:25,201001,GLASGOW,SPAIN,ALICANTE,FLYGLOBESPAN,A,S, 0 , 0 , 0 , 0 , 0 , 0 , 0 , 0 , 0 , 0 , 16 , 56.25 , 18.625 
24-Mar-2010 14:25,201001,GLASGOW,SPAIN,ALICANTE,FLYGLOBESPAN,D,S, 0 , 0 , 0 , 0 , 0 , 0 , 0 , 0 , 0 , 0 , 15 , 86.6666666666667 , 6.6 
24-Mar-2010 14:25,201001,GLASGOW,SPAIN,ALICANTE,THOMAS COOK AIRLINES LTD,A,C, 2 , 0 , 50 , 0 , 50 , 0 , 0 , 0 , 23.5 , 0 , 4 , 100 , 5.5 
24-Mar-2010 14:25,201001,GLASGOW,SPAIN,ALICANTE,THOMAS COOK AIRLINES LTD,D,C, 2 , 0 , 50 , 0 , 50 , 0 , 0 , 0 , 29 , 0 , 4 , 25 , 21.25 
24-Mar-2010 14:25,201001,GLASGOW,SPAIN,ALICANTE,THOMSON AIRWAYS LTD,A,C, 4 , 1 , 100 , 0 , 0 , 0 , 0 , 0 , 3.25 , 0 , 4 , 75 , 8.25 
24-Mar-2010 14:25,201001,GLASGOW,SPAIN,ALICANTE,THOMSON AIRWAYS LTD,D,C, 4 , 0 , 100 , 0 , 0 , 0 , 0 , 0 , 3.5 , 0 , 4 , 75 , 4.5 
24-Mar-2010 14:25,201001,GLASGOW,SPAIN,MALAGA,EASYJET AIRLINE COMPANY LTD,A,S, 14 , 0 , 64.2857142857143 , 28.5714285714286 , 7.14285714285714 , 0 , 0 , 0 , 10.8571428571429 , 0 , 18 , 88.8888888888889 , 2.33333333333333 
24-Mar-2010 14:25,201001,GLASGOW,SPAIN,MALAGA,EASYJET AIRLINE COMPANY LTD,D,S, 14 , 0 , 78.5714285714286 , 7.14285714285714 , 14.2857142857143 , 0 , 0 , 0 , 9.78571428571429 , 0 , 18 , 88.8888888888889 , 5.72222222222222 
24-Mar-2010 14:25,201001,GLASGOW,SPAIN,MALAGA,FLYGLOBESPAN,A,S, 0 , 0 , 0 , 0 , 0 , 0 , 0 , 0 , 0 , 0 , 14 , 57.1428571428571 , 11.9285714285714 
24-Mar-2010 14:25,201001,GLASGOW,SPAIN,MALAGA,FLYGLOBESPAN,D,S, 0 , 0 , 0 , 0 , 0 , 0 , 0 , 0 , 0 , 0 , 14 , 85.7142857142857 , 3.64285714285714 
24-Mar-2010 14:25,201001,GLASGOW,SPAIN,PALMA DE MALLORCA,FLYGLOBESPAN,A,S, 0 , 0 , 0 , 0 , 0 , 0 , 0 , 0 , 0 , 0 , 6 , 83.3333333333333 , 7.5 
24-Mar-2010 14:25,201001,GLASGOW,SPAIN,PALMA DE MALLORCA,FLYGLOBESPAN,D,S, 0 , 0 , 0 , 0 , 0 , 0 , 0 , 0 , 0 , 0 , 6 , 83.3333333333333 , 7.16666666666667 
24-Mar-2010 14:25,201001,GLASGOW,SPAIN(CANARY ISLANDS),ARRECIFE,FLYGLOBESPAN,A,S, 0 , 0 , 0 , 0 , 0 , 0 , 0 , 0 , 0 , 0 , 9 , 44.4444444444444 , 23.1111111111111 
24-Mar-2010 14:25,201001,GLASGOW,SPAIN(CANARY ISLANDS),ARRECIFE,FLYGLOBESPAN,D,S, 0 , 0 , 0 , 0 , 0 , 0 , 0 , 0 , 0 , 0 , 9 , 88.8888888888889 , 10.2222222222222 
24-Mar-2010 14:25,201001,GLASGOW,SPAIN(CANARY ISLANDS),ARRECIFE,THOMAS COOK AIRLINES LTD,A,C, 11 , 0 , 54.5454545454545 , 36.3636363636364 , 9.09090909090909 , 0 , 0 , 0 , 13.0909090909091 , 0 , 11 , 100 , 0.181818181818182 
24-Mar-2010 14:25,201001,GLASGOW,SPAIN(CANARY ISLANDS),ARRECIFE,THOMAS COOK AIRLINES LTD,D,C, 9 , 0 , 77.7777777777778 , 0 , 22.2222222222222 , 0 , 0 , 0 , 12.4444444444444 , 0 , 11 , 90.9090909090909 , 3.45454545454545 
24-Mar-2010 14:25,201001,GLASGOW,SPAIN(CANARY ISLANDS),ARRECIFE,THOMSON AIRWAYS LTD,A,C, 4 , 0 , 75 , 0 , 0 , 25 , 0 , 0 , 32 , 0 , 5 , 60 , 7.4 
24-Mar-2010 14:25,201001,GLASGOW,SPAIN(CANARY ISLANDS),ARRECIFE,THOMSON AIRWAYS LTD,D,C, 4 , 0 , 75 , 0 , 0 , 25 , 0 , 0 , 33.25 , 0 , 5 , 80 , 10.2 
24-Mar-2010 14:25,201001,GLASGOW,SPAIN(CANARY ISLANDS),FUERTEVENTURA,THOMAS COOK AIRLINES LTD,A,C, 5 , 0 , 100 , 0 , 0 , 0 , 0 , 0 , 4.2 , 0 , 8 , 87.5 , 6.25 
24-Mar-2010 14:25,201001,GLASGOW,SPAIN(CANARY ISLANDS),FUERTEVENTURA,THOMAS COOK AIRLINES LTD,D,C, 5 , 0 , 60 , 0 , 20 , 20 , 0 , 0 , 33.6 , 0 , 6 , 83.3333333333333 , 7.5 
24-Mar-2010 14:25,201001,GLASGOW,SPAIN(CANARY ISLANDS),FUERTEVENTURA,THOMSON AIRWAYS LTD,A,C, 1 , 0 , 100 , 0 , 0 , 0 , 0 , 0 , 10 , 0 , 4 , 25 , 23.75 
24-Mar-2010 14:25,201001,GLASGOW,SPAIN(CANARY ISLANDS),FUERTEVENTURA,THOMSON AIRWAYS LTD,D,C, 1 , 0 , 100 , 0 , 0 , 0 , 0 , 0 , 4 , 0 , 4 , 75 , 14 
24-Mar-2010 14:25,201001,GLASGOW,SPAIN(CANARY ISLANDS),LAS PALMAS,FLYGLOBESPAN,A,S, 0 , 0 , 0 , 0 , 0 , 0 , 0 , 0 , 0 , 0 , 7 , 42.8571428571429 , 19.1428571428571 
24-Mar-2010 14:25,201001,GLASGOW,SPAIN(CANARY ISLANDS),LAS PALMAS,FLYGLOBESPAN,D,S, 0 , 0 , 0 , 0 , 0 , 0 , 0 , 0 , 0 , 0 , 7 , 85.7142857142857 , 9 
24-Mar-2010 14:25,201001,GLASGOW,SPAIN(CANARY ISLANDS),LAS PALMAS,THOMAS COOK AIRLINES LTD,A,C, 5 , 0 , 80 , 0 , 0 , 20 , 0 , 0 , 17.6 , 0 , 10 , 90 , 16.6 
24-Mar-2010 14:25,201001,GLASGOW,SPAIN(CANARY ISLANDS),LAS PALMAS,THOMAS COOK AIRLINES LTD,D,C, 5 , 0 , 80 , 0 , 20 , 0 , 0 , 0 , 8.4 , 0 , 9 , 77.7777777777778 , 6.77777777777778 
24-Mar-2010 14:25,201001,GLASGOW,SPAIN(CANARY ISLANDS),LAS PALMAS,THOMSON AIRWAYS LTD,A,C, 3 , 0 , 100 , 0 , 0 , 0 , 0 , 0 , 5.66666666666667 , 0 , 4 , 75 , 6.25 
24-Mar-2010 14:25,201001,GLASGOW,SPAIN(CANARY ISLANDS),LAS PALMAS,THOMSON AIRWAYS LTD,D,C, 3 , 0 , 100 , 0 , 0 , 0 , 0 , 0 , 2.33333333333333 , 0 , 4 , 100 , 7 
24-Mar-2010 14:25,201001,GLASGOW,SPAIN(CANARY ISLANDS),TENERIFE (SURREINA SOFIA),AIR EUROPA,A,C, 0 , 0 , 0 , 0 , 0 , 0 , 0 , 0 , 0 , 0 , 3 , 66.6666666666667 , 10 
24-Mar-2010 14:25,201001,GLASGOW,SPAIN(CANARY ISLANDS),TENERIFE (SURREINA SOFIA),BMI BRITISH MIDLAND,A,C, 1 , 0 , 0 , 0 , 100 , 0 , 0 , 0 , 35 , 0 , 0 , 0 , 0 
24-Mar-2010 14:25,201001,GLASGOW,SPAIN(CANARY ISLANDS),TENERIFE (SURREINA SOFIA),BMI BRITISH MIDLAND,D,C, 1 , 0 , 0 , 0 , 100 , 0 , 0 , 0 , 51 , 0 , 0 , 0 , 0 
24-Mar-2010 14:25,201001,GLASGOW,SPAIN(CANARY ISLANDS),TENERIFE (SURREINA SOFIA),FLYGLOBESPAN,A,S, 0 , 0 , 0 , 0 , 0 , 0 , 0 , 0 , 0 , 0 , 25 , 60 , 21.08 
24-Mar-2010 14:25,201001,GLASGOW,SPAIN(CANARY ISLANDS),TENERIFE (SURREINA SOFIA),FLYGLOBESPAN,D,S, 0 , 0 , 0 , 0 , 0 , 0 , 0 , 0 , 0 , 0 , 25 , 76 , 14.32 
24-Mar-2010 14:25,201001,GLASGOW,SPAIN(CANARY ISLANDS),TENERIFE (SURREINA SOFIA),JET2.COM LTD,A,S, 0 , 1 , 0 , 0 , 0 , 0 , 0 , 0 , 0 , 0 , 0 , 0 , 0 
24-Mar-2010 14:25,201001,GLASGOW,SPAIN(CANARY ISLANDS),TENERIFE (SURREINA SOFIA),THOMAS COOK AIRLINES LTD,A,C, 33 , 0 , 75.7575757575758 , 6.06060606060606 , 12.1212121212121 , 6.06060606060606 , 0 , 0 , 12.8484848484848 , 0 , 26 , 80.7692307692308 , 11.9230769230769 
24-Mar-2010 14:25,201001,GLASGOW,SPAIN(CANARY ISLANDS),TENERIFE (SURREINA SOFIA),THOMAS COOK AIRLINES LTD,D,C, 31 , 0 , 74.1935483870968 , 6.45161290322581 , 9.67741935483871 , 9.67741935483871 , 0 , 0 , 19.0967741935484 , 0 , 22 , 95.4545454545455 , 4.36363636363636 
24-Mar-2010 14:25,201001,GLASGOW,SPAIN(CANARY ISLANDS),TENERIFE (SURREINA SOFIA),THOMSON AIRWAYS LTD,A,C, 18 , 1 , 50 , 27.7777777777778 , 11.1111111111111 , 11.1111111111111 , 0 , 0 , 21.8333333333333 , 0 , 10 , 50 , 11.4 
24-Mar-2010 14:25,201001,GLASGOW,SPAIN(CANARY ISLANDS),TENERIFE (SURREINA SOFIA),THOMSON AIRWAYS LTD,D,C, 19 , 0 , 68.421052631579 , 10.5263157894737 , 15.7894736842105 , 5.26315789473684 , 0 , 0 , 14.4736842105263 , 0 , 10 , 90 , 5.9 
24-Mar-2010 14:25,201001,GLASGOW,SWITZERLAND,GENEVA,EASYJET AIRLINE COMPANY LTD,A,S, 11 , 0 , 45.4545454545455 , 9.09090909090909 , 0 , 27.2727272727273 , 18.1818181818182 , 0 , 69.5454545454545 , 0 , 10 , 40 , 28.7 
24-Mar-2010 14:25,201001,GLASGOW,SWITZERLAND,GENEVA,EASYJET AIRLINE COMPANY LTD,D,S, 11 , 0 , 54.5454545454545 , 9.09090909090909 , 9.09090909090909 , 18.1818181818182 , 9.09090909090909 , 0 , 52.2727272727273 , 0 , 10 , 60 , 17 
24-Mar-2010 14:25,201001,GLASGOW,SWITZERLAND,GENEVA,THOMSON AIRWAYS LTD,A,C, 5 , 0 , 40 , 20 , 0 , 20 , 20 , 0 , 71.2 , 0 , 5 , 80 , 42.8 
24-Mar-2010 14:25,201001,GLASGOW,SWITZERLAND,GENEVA,THOMSON AIRWAYS LTD,D,C, 4 , 1 , 25 , 50 , 0 , 25 , 0 , 0 , 30.5 , 0 , 5 , 100 , 4.8 
24-Mar-2010 14:25,201001,GLASGOW,TRINIDAD AND TOBAGO,PORT OF SPAIN,BRITISH AIRWAYS PLC,A,S, 0 , 2 , 0 , 0 , 0 , 0 , 0 , 0 , 0 , 0 , 0 , 0 , 0 
24-Mar-2010 14:25,201001,GLASGOW,TUNISIA,MONASTIR,THOMAS COOK AIRLINES LTD,A,C, 1 , 1 , 100 , 0 , 0 , 0 , 0 , 0 , 9 , 0 , 2 , 50 , 12.5 
24-Mar-2010 14:25,201001,GLASGOW,TUNISIA,MONASTIR,THOMAS COOK AIRLINES LTD,D,C, 1 , 0 , 0 , 100 , 0 , 0 , 0 , 0 , 29 , 0 , 1 , 100 , 0 
24-Mar-2010 14:25,201001,GLASGOW,TUNISIA,MONASTIR,THOMSON AIRWAYS LTD,A,C, 5 , 0 , 40 , 0 , 40 , 20 , 0 , 0 , 31 , 0 , 1 , 100 , 14 
24-Mar-2010 14:25,201001,GLASGOW,TUNISIA,MONASTIR,THOMSON AIRWAYS LTD,D,C, 5 , 0 , 60 , 20 , 0 , 20 , 0 , 0 , 20 , 0 , 1 , 100 , 11 
24-Mar-2010 14:25,201001,GLASGOW,TURKEY,ANTALYA,THOMAS COOK AIRLINES LTD,A,C, 5 , 0 , 40 , 20 , 40 , 0 , 0 , 0 , 24 , 0 , 1 , 100 , 0 
24-Mar-2010 14:25,201001,GLASGOW,TURKEY,ANTALYA,THOMAS COOK AIRLINES LTD,D,C, 5 , 0 , 60 , 20 , 20 , 0 , 0 , 0 , 14 , 0 , 0 , 0 , 0 
24-Mar-2010 14:25,201001,GLASGOW,UNITED ARAB EMIRATES,DUBAI,EMIRATES,A,S, 31 , 0 , 70.9677419354839 , 12.9032258064516 , 16.1290322580645 , 0 , 0 , 0 , 13.0967741935484 , 0 , 31 , 70.9677419354839 , 14.9354838709677 
24-Mar-2010 14:25,201001,GLASGOW,UNITED ARAB EMIRATES,DUBAI,EMIRATES,D,S, 31 , 0 , 45.1612903225806 , 32.258064516129 , 16.1290322580645 , 6.45161290322581 , 0 , 0 , 21.5161290322581 , 0 , 31 , 61.2903225806452 , 19.6774193548387 
24-Mar-2010 14:25,201001,GLASGOW,UNITED KINGDOM,ABERDEEN,BRITISH AIRWAYS PLC,A,S, 0 , 1 , 0 , 0 , 0 , 0 , 0 , 0 , 0 , 0 , 0 , 0 , 0 
24-Mar-2010 14:25,201001,GLASGOW,UNITED KINGDOM,ABERDEEN,BRITISH AIRWAYS PLC,D,S, 0 , 1 , 0 , 0 , 0 , 0 , 0 , 0 , 0 , 0 , 0 , 0 , 0 
24-Mar-2010 14:25,201001,GLASGOW,UNITED KINGDOM,BARRA,LOGANAIR,A,S, 23 , 0 , 86.9565217391304 , 4.34782608695652 , 4.34782608695652 , 4.34782608695652 , 0 , 0 , 8.65217391304348 , 0 , 25 , 88 , 14.92 
24-Mar-2010 14:25,201001,GLASGOW,UNITED KINGDOM,BARRA,LOGANAIR,D,S, 21 , 0 , 85.7142857142857 , 4.76190476190476 , 0 , 9.52380952380952 , 0 , 0 , 11.5238095238095 , 0 , 26 , 80.7692307692308 , 10.3846153846154 
24-Mar-2010 14:25,201001,GLASGOW,UNITED KINGDOM,BELFAST CITY (GEORGE BEST),FLYBE LTD,A,S, 68 , 2 , 79.4117647058824 , 4.41176470588235 , 5.88235294117647 , 8.82352941176471 , 1.47058823529412 , 0 , 17.3088235294118 , 7 , 73 , 97.2602739726027 , 1.52054794520548 
24-Mar-2010 14:25,201001,GLASGOW,UNITED KINGDOM,BELFAST CITY (GEORGE BEST),FLYBE LTD,D,S, 69 , 1 , 72.463768115942 , 5.79710144927536 , 10.1449275362319 , 10.1449275362319 , 1.44927536231884 , 0 , 22.536231884058 , 6 , 73 , 93.1506849315068 , 3.76712328767123 
24-Mar-2010 14:25,201001,GLASGOW,UNITED KINGDOM,BELFAST INTERNATIONAL,EASYJET AIRLINE COMPANY LTD,A,S, 93 , 0 , 89.247311827957 , 4.3010752688172 , 3.2258064516129 , 3.2258064516129 , 0 , 0 , 6.38709677419355 , 0 , 86 , 94.1860465116279 , 1.75581395348837 
24-Mar-2010 14:25,201001,GLASGOW,UNITED KINGDOM,BELFAST INTERNATIONAL,EASYJET AIRLINE COMPANY LTD,D,S, 93 , 0 , 91.3978494623656 , 2.1505376344086 , 1.0752688172043 , 5.37634408602151 , 0 , 0 , 6.6989247311828 , 0 , 86 , 95.3488372093023 , 2.18604651162791 
24-Mar-2010 14:25,201001,GLASGOW,UNITED KINGDOM,BENBECULA,LOGANAIR,A,S, 47 , 1 , 91.4893617021277 , 4.25531914893617 , 2.12765957446809 , 2.12765957446809 , 0 , 0 , 7.72340425531915 , 0 , 53 , 90.5660377358491 , 11 
24-Mar-2010 14:25,201001,GLASGOW,UNITED KINGDOM,BENBECULA,LOGANAIR,D,S, 48 , 1 , 81.25 , 10.4166666666667 , 6.25 , 2.08333333333333 , 0 , 0 , 9.875 , 0 , 54 , 90.7407407407407 , 10.6851851851852 
24-Mar-2010 14:25,201001,GLASGOW,UNITED KINGDOM,BIRMINGHAM,BMIBABY LTD,A,S, 24 , 0 , 75 , 20.8333333333333 , 4.16666666666667 , 0 , 0 , 0 , 8.16666666666667 , 11 , 50 , 88 , 8.1 
24-Mar-2010 14:25,201001,GLASGOW,UNITED KINGDOM,BIRMINGHAM,BMIBABY LTD,D,S, 24 , 0 , 70.8333333333333 , 12.5 , 16.6666666666667 , 0 , 0 , 0 , 10.75 , 11 , 50 , 86 , 10.46 
24-Mar-2010 14:25,201001,GLASGOW,UNITED KINGDOM,BIRMINGHAM,FLYBE LTD,A,S, 117 , 0 , 64.957264957265 , 15.3846153846154 , 9.4017094017094 , 9.4017094017094 , 0.854700854700855 , 0 , 19.1538461538462 , 12 , 110 , 81.8181818181818 , 13.2818181818182 
24-Mar-2010 14:25,201001,GLASGOW,UNITED KINGDOM,BIRMINGHAM,FLYBE LTD,D,S, 119 , 0 , 68.0672268907563 , 12.6050420168067 , 8.40336134453782 , 10.0840336134454 , 0.840336134453782 , 0 , 20.8655462184874 , 10 , 111 , 78.3783783783784 , 15.5855855855856 
24-Mar-2010 14:25,201001,GLASGOW,UNITED KINGDOM,BOURNEMOUTH,THOMSON AIRWAYS LTD,A,C, 0 , 0 , 0 , 0 , 0 , 0 , 0 , 0 , 0 , 0 , 1 , 0 , 156 
24-Mar-2010 14:25,201001,GLASGOW,UNITED KINGDOM,BRISTOL,EASYJET AIRLINE COMPANY LTD,A,S, 74 , 0 , 74.3243243243243 , 6.75675675675676 , 9.45945945945946 , 8.10810810810811 , 1.35135135135135 , 0 , 17.1351351351351 , 1 , 71 , 87.3239436619718 , 10.1408450704225 
24-Mar-2010 14:25,201001,GLASGOW,UNITED KINGDOM,BRISTOL,EASYJET AIRLINE COMPANY LTD,D,S, 74 , 0 , 64.8648648648649 , 8.10810810810811 , 17.5675675675676 , 6.75675675675676 , 2.7027027027027 , 0 , 23.2027027027027 , 1 , 71 , 84.5070422535211 , 7.85915492957747 
24-Mar-2010 14:25,201001,GLASGOW,UNITED KINGDOM,CAMPBELTOWN,LOGANAIR,A,S, 31 , 0 , 87.0967741935484 , 12.9032258064516 , 0 , 0 , 0 , 0 , 5.93548387096774 , 0 , 38 , 89.4736842105263 , 6.81578947368421 
24-Mar-2010 14:25,201001,GLASGOW,UNITED KINGDOM,CAMPBELTOWN,LOGANAIR,D,S, 30 , 0 , 90 , 6.66666666666667 , 3.33333333333333 , 0 , 0 , 0 , 3.2 , 0 , 39 , 84.6153846153846 , 5.92307692307692 
24-Mar-2010 14:25,201001,GLASGOW,UNITED KINGDOM,CARDIFF WALES,BMIBABY LTD,A,S, 0 , 0 , 0 , 0 , 0 , 0 , 0 , 0 , 0 , 0 , 22 , 95.4545454545455 , 1.27272727272727 
24-Mar-2010 14:25,201001,GLASGOW,UNITED KINGDOM,CARDIFF WALES,BMIBABY LTD,D,S, 0 , 0 , 0 , 0 , 0 , 0 , 0 , 0 , 0 , 0 , 22 , 95.4545454545455 , 0.909090909090909 
24-Mar-2010 14:25,201001,GLASGOW,UNITED KINGDOM,CARDIFF WALES,FLYBE LTD,A,S, 21 , 0 , 76.1904761904762 , 0 , 14.2857142857143 , 4.76190476190476 , 4.76190476190476 , 0 , 24.047619047619 , 1 , 0 , 0 , 0 
24-Mar-2010 14:25,201001,GLASGOW,UNITED KINGDOM,CARDIFF WALES,FLYBE LTD,D,S, 20 , 0 , 65 , 15 , 10 , 10 , 0 , 0 , 20.35 , 2 , 0 , 0 , 0 
24-Mar-2010 14:25,201001,GLASGOW,UNITED KINGDOM,EAST MIDLANDS INTERNATIONAL,BMIBABY LTD,A,S, 50 , 0 , 76 , 8 , 16 , 0 , 0 , 0 , 8.84 , 0 , 64 , 95.3125 , 5.421875 
24-Mar-2010 14:25,201001,GLASGOW,UNITED KINGDOM,EAST MIDLANDS INTERNATIONAL,BMIBABY LTD,D,S, 50 , 0 , 66 , 10 , 16 , 8 , 0 , 0 , 15.9 , 0 , 64 , 89.0625 , 6.828125 
24-Mar-2010 14:25,201001,GLASGOW,UNITED KINGDOM,EDINBURGH,BMI REGIONAL,A,S, 1 , 1 , 100 , 0 , 0 , 0 , 0 , 0 , 0 , 0 , 0 , 0 , 0 
24-Mar-2010 14:25,201001,GLASGOW,UNITED KINGDOM,EDINBURGH,BMI REGIONAL,D,S, 0 , 1 , 0 , 0 , 0 , 0 , 0 , 0 , 0 , 0 , 0 , 0 , 0 
24-Mar-2010 14:25,201001,GLASGOW,UNITED KINGDOM,EDINBURGH,EASYJET AIRLINE COMPANY LTD,D,S, 0 , 0 , 0 , 0 , 0 , 0 , 0 , 0 , 0 , 0 , 1 , 100 , 0 
24-Mar-2010 14:25,201001,GLASGOW,UNITED KINGDOM,EDINBURGH,FLYBE LTD,D,S, 0 , 1 , 0 , 0 , 0 , 0 , 0 , 0 , 0 , 0 , 0 , 0 , 0 
24-Mar-2010 14:25,201001,GLASGOW,UNITED KINGDOM,EDINBURGH,JET2.COM LTD,A,S, 0 , 1 , 0 , 0 , 0 , 0 , 0 , 0 , 0 , 0 , 0 , 0 , 0 
24-Mar-2010 14:25,201001,GLASGOW,UNITED KINGDOM,EXETER,FLYBE LTD,A,S, 25 , 0 , 76 , 12 , 12 , 0 , 0 , 0 , 12.04 , 2 , 24 , 91.6666666666667 , 4.79166666666667 
24-Mar-2010 14:25,201001,GLASGOW,UNITED KINGDOM,EXETER,FLYBE LTD,D,S, 26 , 0 , 61.5384615384615 , 34.6153846153846 , 0 , 3.84615384615385 , 0 , 0 , 15.3076923076923 , 1 , 24 , 91.6666666666667 , 7.75 
24-Mar-2010 14:25,201001,GLASGOW,UNITED KINGDOM,GATWICK,BRITISH AIRWAYS PLC,A,S, 114 , 0 , 75.4385964912281 , 7.89473684210526 , 7.89473684210526 , 7.01754385964912 , 1.75438596491228 , 0 , 20.2543859649123 , 0 , 90 , 90 , 4.72222222222222 
24-Mar-2010 14:25,201001,GLASGOW,UNITED KINGDOM,GATWICK,BRITISH AIRWAYS PLC,D,S, 113 , 1 , 68.141592920354 , 8.8495575221239 , 12.3893805309735 , 4.42477876106195 , 4.42477876106195 , 1.76991150442478 , 33.6017699115044 , 0 , 89 , 80.8988764044944 , 9.34831460674157 
24-Mar-2010 14:25,201001,GLASGOW,UNITED KINGDOM,GATWICK,EASYJET AIRLINE COMPANY LTD,A,S, 78 , 0 , 55.1282051282051 , 17.9487179487179 , 12.8205128205128 , 14.1025641025641 , 0 , 0 , 24.9487179487179 , 4 , 78 , 88.4615384615385 , 6.11538461538462 
24-Mar-2010 14:25,201001,GLASGOW,UNITED KINGDOM,GATWICK,EASYJET AIRLINE COMPANY LTD,D,S, 77 , 0 , 45.4545454545455 , 18.1818181818182 , 18.1818181818182 , 15.5844155844156 , 2.5974025974026 , 0 , 33.0649350649351 , 5 , 78 , 84.6153846153846 , 8.8974358974359 
24-Mar-2010 14:25,201001,GLASGOW,UNITED KINGDOM,GATWICK,THOMAS COOK AIRLINES LTD,A,S, 2 , 0 , 50 , 50 , 0 , 0 , 0 , 0 , 14 , 0 , 0 , 0 , 0 
24-Mar-2010 14:25,201001,GLASGOW,UNITED KINGDOM,GATWICK,THOMAS COOK AIRLINES LTD,D,S, 1 , 0 , 100 , 0 , 0 , 0 , 0 , 0 , 0 , 0 , 0 , 0 , 0 
24-Mar-2010 14:25,201001,GLASGOW,UNITED KINGDOM,HEATHROW,BMI BRITISH MIDLAND,A,S, 163 , 1 , 76.0736196319018 , 11.0429447852761 , 5.52147239263804 , 6.13496932515337 , 1.22699386503067 , 0 , 14.9693251533742 , 2 , 200 , 79 , 9.98 
24-Mar-2010 14:25,201001,GLASGOW,UNITED KINGDOM,HEATHROW,BMI BRITISH MIDLAND,D,S, 168 , 0 , 75.5952380952381 , 8.92857142857143 , 8.33333333333333 , 5.35714285714286 , 1.78571428571429 , 0 , 17.3630952380952 , 3 , 199 , 78.894472361809 , 13.929648241206 
24-Mar-2010 14:25,201001,GLASGOW,UNITED KINGDOM,HEATHROW,BRITISH AIRWAYS PLC,A,S, 183 , 0 , 75.9562841530055 , 11.4754098360656 , 8.7431693989071 , 2.73224043715847 , 1.09289617486339 , 0 , 14.5136612021858 , 0 , 219 , 76.7123287671233 , 14.7077625570776 
24-Mar-2010 14:25,201001,GLASGOW,UNITED KINGDOM,HEATHROW,BRITISH AIRWAYS PLC,D,S, 183 , 1 , 75.4098360655738 , 10.3825136612022 , 8.19672131147541 , 4.91803278688525 , 1.09289617486339 , 0 , 14.6939890710383 , 0 , 216 , 80.5555555555556 , 14.6203703703704 
24-Mar-2010 14:25,201001,GLASGOW,UNITED KINGDOM,INVERNESS,FLYBE LTD,A,S, 0 , 1 , 0 , 0 , 0 , 0 , 0 , 0 , 0 , 0 , 0 , 0 , 0 
24-Mar-2010 14:25,201001,GLASGOW,UNITED KINGDOM,ISLAY,LOGANAIR,A,S, 42 , 4 , 73.8095238095238 , 9.52380952380952 , 4.76190476190476 , 11.9047619047619 , 0 , 0 , 19.047619047619 , 0 , 48 , 87.5 , 6.625 
24-Mar-2010 14:25,201001,GLASGOW,UNITED KINGDOM,ISLAY,LOGANAIR,D,S, 42 , 4 , 69.0476190476191 , 9.52380952380952 , 9.52380952380952 , 11.9047619047619 , 0 , 0 , 20.452380952381 , 0 , 48 , 85.4166666666667 , 9.8125 
24-Mar-2010 14:25,201001,GLASGOW,UNITED KINGDOM,ISLE OF MAN,LOGANAIR,A,S, 23 , 0 , 82.6086956521739 , 0 , 8.69565217391304 , 8.69565217391304 , 0 , 0 , 14.304347826087 , 0 , 30 , 80 , 17.8666666666667 
24-Mar-2010 14:25,201001,GLASGOW,UNITED KINGDOM,ISLE OF MAN,LOGANAIR,D,S, 24 , 0 , 79.1666666666667 , 8.33333333333333 , 8.33333333333333 , 4.16666666666667 , 0 , 0 , 10.125 , 0 , 30 , 73.3333333333333 , 25.1 
24-Mar-2010 14:25,201001,GLASGOW,UNITED KINGDOM,ISLE OF MAN,VANAIR EUROPE AS,A,S, 0 , 1 , 0 , 0 , 0 , 0 , 0 , 0 , 0 , 0 , 0 , 0 , 0 
24-Mar-2010 14:25,201001,GLASGOW,UNITED KINGDOM,ISLE OF MAN,VANAIR EUROPE AS,D,S, 0 , 1 , 0 , 0 , 0 , 0 , 0 , 0 , 0 , 0 , 0 , 0 , 0 
24-Mar-2010 14:25,201001,GLASGOW,UNITED KINGDOM,KIRKWALL,LOGANAIR,A,S, 30 , 0 , 76.6666666666667 , 10 , 0 , 10 , 3.33333333333333 , 0 , 23.8666666666667 , 0 , 30 , 93.3333333333333 , 8.03333333333333 
24-Mar-2010 14:25,201001,GLASGOW,UNITED KINGDOM,KIRKWALL,LOGANAIR,D,S, 30 , 0 , 76.6666666666667 , 13.3333333333333 , 3.33333333333333 , 6.66666666666667 , 0 , 0 , 13.8 , 0 , 30 , 83.3333333333333 , 22.4 
24-Mar-2010 14:25,201001,GLASGOW,UNITED KINGDOM,LEEDS BRADFORD,BMI REGIONAL,A,S, 33 , 0 , 66.6666666666667 , 9.09090909090909 , 15.1515151515152 , 9.09090909090909 , 0 , 0 , 18.6666666666667 , 0 , 41 , 90.2439024390244 , 5 
24-Mar-2010 14:25,201001,GLASGOW,UNITED KINGDOM,LEEDS BRADFORD,BMI REGIONAL,D,S, 32 , 0 , 75 , 6.25 , 9.375 , 9.375 , 0 , 0 , 13.8125 , 0 , 40 , 90 , 3.775 
24-Mar-2010 14:25,201001,GLASGOW,UNITED KINGDOM,LONDON CITY,AIR FRANCE,A,S, 0 , 1 , 0 , 0 , 0 , 0 , 0 , 0 , 0 , 0 , 0 , 0 , 0 
24-Mar-2010 14:25,201001,GLASGOW,UNITED KINGDOM,LONDON CITY,BA CITYFLYER LTD,A,S, 78 , 0 , 75.6410256410256 , 11.5384615384615 , 6.41025641025641 , 5.12820512820513 , 1.28205128205128 , 0 , 15.3846153846154 , 0 , 88 , 82.9545454545455 , 8.89772727272727 
24-Mar-2010 14:25,201001,GLASGOW,UNITED KINGDOM,LONDON CITY,BA CITYFLYER LTD,D,S, 78 , 0 , 74.3589743589744 , 10.2564102564103 , 7.69230769230769 , 6.41025641025641 , 1.28205128205128 , 0 , 17.4871794871795 , 0 , 90 , 74.4444444444444 , 10.7222222222222 
24-Mar-2010 14:25,201001,GLASGOW,UNITED KINGDOM,LUTON,EASYJET AIRLINE COMPANY LTD,A,S, 99 , 0 , 79.7979797979798 , 3.03030303030303 , 5.05050505050505 , 12.1212121212121 , 0 , 0 , 15.5555555555556 , 3 , 123 , 93.4959349593496 , 3.59349593495935 
24-Mar-2010 14:25,201001,GLASGOW,UNITED KINGDOM,LUTON,EASYJET AIRLINE COMPANY LTD,D,S, 99 , 0 , 82.8282828282828 , 4.04040404040404 , 5.05050505050505 , 8.08080808080808 , 0 , 0 , 12.2525252525253 , 2 , 123 , 94.3089430894309 , 2.26016260162602 
24-Mar-2010 14:25,201001,GLASGOW,UNITED KINGDOM,MANCHESTER,BMI REGIONAL,A,S, 0 , 0 , 0 , 0 , 0 , 0 , 0 , 0 , 0 , 0 , 77 , 88.3116883116883 , 7.80519480519481 
24-Mar-2010 14:25,201001,GLASGOW,UNITED KINGDOM,MANCHESTER,BMI REGIONAL,D,S, 0 , 0 , 0 , 0 , 0 , 0 , 0 , 0 , 0 , 0 , 77 , 93.5064935064935 , 4.97402597402597 
24-Mar-2010 14:25,201001,GLASGOW,UNITED KINGDOM,MANCHESTER,FLYBE LTD,A,S, 77 , 0 , 61.038961038961 , 10.3896103896104 , 11.6883116883117 , 12.987012987013 , 3.8961038961039 , 0 , 28.9480519480519 , 5 , 68 , 80.8823529411765 , 12.0735294117647 
24-Mar-2010 14:25,201001,GLASGOW,UNITED KINGDOM,MANCHESTER,FLYBE LTD,D,S, 77 , 0 , 66.2337662337662 , 12.987012987013 , 6.49350649350649 , 10.3896103896104 , 3.8961038961039 , 0 , 28.2077922077922 , 5 , 68 , 86.7647058823529 , 9.13235294117647 
24-Mar-2010 14:25,201001,GLASGOW,UNITED KINGDOM,MANCHESTER,THOMAS COOK AIRLINES LTD,A,C, 0 , 0 , 0 , 0 , 0 , 0 , 0 , 0 , 0 , 0 , 1 , 100 , 0 
24-Mar-2010 14:25,201001,GLASGOW,UNITED KINGDOM,NEWQUAY,AIR SOUTHWEST,A,S, 2 , 0 , 50 , 0 , 0 , 50 , 0 , 0 , 39 , 0 , 0 , 0 , 0 
24-Mar-2010 14:25,201001,GLASGOW,UNITED KINGDOM,NEWQUAY,AIR SOUTHWEST,D,S, 2 , 0 , 0 , 50 , 50 , 0 , 0 , 0 , 40 , 0 , 0 , 0 , 0 
24-Mar-2010 14:25,201001,GLASGOW,UNITED KINGDOM,PLYMOUTH,AIR SOUTHWEST,A,S, 23 , 0 , 60.8695652173913 , 8.69565217391304 , 13.0434782608696 , 17.3913043478261 , 0 , 0 , 26.1739130434783 , 0 , 25 , 88 , 4.72 
24-Mar-2010 14:25,201001,GLASGOW,UNITED KINGDOM,PLYMOUTH,AIR SOUTHWEST,D,S, 23 , 0 , 60.8695652173913 , 0 , 17.3913043478261 , 21.7391304347826 , 0 , 0 , 28.8260869565217 , 0 , 25 , 88 , 6 
24-Mar-2010 14:25,201001,GLASGOW,UNITED KINGDOM,SOUTHAMPTON,FLYBE LTD,A,S, 100 , 0 , 71 , 4 , 19 , 6 , 0 , 0 , 17.62 , 10 , 99 , 86.8686868686869 , 6.8989898989899 
24-Mar-2010 14:25,201001,GLASGOW,UNITED KINGDOM,SOUTHAMPTON,FLYBE LTD,D,S, 102 , 0 , 68.6274509803922 , 11.7647058823529 , 13.7254901960784 , 5.88235294117647 , 0 , 0 , 17.3235294117647 , 8 , 99 , 82.8282828282828 , 8.41414141414141 
24-Mar-2010 14:25,201001,GLASGOW,UNITED KINGDOM,STANSTED,EASYJET AIRLINE COMPANY LTD,A,S, 96 , 0 , 81.25 , 5.20833333333333 , 6.25 , 7.29166666666667 , 0 , 0 , 12.6145833333333 , 1 , 115 , 87.8260869565217 , 5.71304347826087 
24-Mar-2010 14:25,201001,GLASGOW,UNITED KINGDOM,STANSTED,EASYJET AIRLINE COMPANY LTD,D,S, 96 , 0 , 81.25 , 7.29166666666667 , 3.125 , 8.33333333333333 , 0 , 0 , 12.5416666666667 , 1 , 114 , 93.859649122807 , 4.86842105263158 
24-Mar-2010 14:25,201001,GLASGOW,UNITED KINGDOM,STORNOWAY,LOGANAIR,A,S, 72 , 1 , 80.5555555555556 , 8.33333333333333 , 6.94444444444444 , 4.16666666666667 , 0 , 0 , 10.5416666666667 , 0 , 78 , 89.7435897435898 , 9.6025641025641 
24-Mar-2010 14:25,201001,GLASGOW,UNITED KINGDOM,STORNOWAY,LOGANAIR,D,S, 74 , 1 , 78.3783783783784 , 9.45945945945946 , 8.10810810810811 , 4.05405405405405 , 0 , 0 , 11.6486486486486 , 0 , 79 , 92.4050632911392 , 9.37974683544304 
24-Mar-2010 14:25,201001,GLASGOW,UNITED KINGDOM,SUMBURGH,LOGANAIR,A,S, 29 , 0 , 68.9655172413793 , 6.89655172413793 , 13.7931034482759 , 6.89655172413793 , 0 , 3.44827586206897 , 31 , 0 , 29 , 82.7586206896552 , 11.2413793103448 
24-Mar-2010 14:25,201001,GLASGOW,UNITED KINGDOM,SUMBURGH,LOGANAIR,D,S, 31 , 0 , 70.9677419354839 , 12.9032258064516 , 9.67741935483871 , 6.45161290322581 , 0 , 0 , 17.2903225806452 , 0 , 30 , 86.6666666666667 , 9.9 
24-Mar-2010 14:25,201001,GLASGOW,UNITED KINGDOM,TIREE,LOGANAIR,A,S, 20 , 0 , 50 , 15 , 5 , 25 , 5 , 0 , 45.1 , 0 , 25 , 76 , 16.08 
24-Mar-2010 14:25,201001,GLASGOW,UNITED KINGDOM,TIREE,LOGANAIR,D,S, 21 , 0 , 52.3809523809524 , 14.2857142857143 , 9.52380952380952 , 19.047619047619 , 4.76190476190476 , 0 , 44 , 0 , 25 , 88 , 8.4 
24-Mar-2010 14:25,201001,GLASGOW,USA,CHARLOTTE,US AIRWAYS,A,S, 0 , 2 , 0 , 0 , 0 , 0 , 0 , 0 , 0 , 0 , 0 , 0 , 0 
24-Mar-2010 14:25,201001,GLASGOW,USA,NEW YORK (NEWARK),CONTINENTAL AIRLINES,A,S, 31 , 0 , 54.8387096774194 , 19.3548387096774 , 12.9032258064516 , 9.67741935483871 , 0 , 3.2258064516129 , 31.0967741935484 , 0 , 31 , 74.1935483870968 , 18.6451612903226 
24-Mar-2010 14:25,201001,GLASGOW,USA,NEW YORK (NEWARK),CONTINENTAL AIRLINES,D,S, 31 , 0 , 54.8387096774194 , 6.45161290322581 , 19.3548387096774 , 16.1290322580645 , 0 , 3.2258064516129 , 39.9354838709677 , 0 , 31 , 70.9677419354839 , 17.9032258064516 
24-Mar-2010 14:25,201001,GLASGOW,USA,SANFORD,FLYGLOBESPAN,A,S, 0 , 0 , 0 , 0 , 0 , 0 , 0 , 0 , 0 , 0 , 5 , 100 , 0 
24-Mar-2010 14:25,201001,GLASGOW,USA,SANFORD,FLYGLOBESPAN,D,S, 0 , 0 , 0 , 0 , 0 , 0 , 0 , 0 , 0 , 0 , 4 , 75 , 11.5 
24-Mar-2010 14:25,201001,HEATHROW,ALGERIA,ALGIERS,AIR ALGERIE,A,S, 19 , 0 , 63.1578947368421 , 15.7894736842105 , 21.0526315789474 , 0 , 0 , 0 , 14.5789473684211 , 0 , 18 , 55.5555555555556 , 31.8888888888889 
24-Mar-2010 14:25,201001,HEATHROW,ALGERIA,ALGIERS,AIR ALGERIE,D,S, 19 , 0 , 94.7368421052632 , 5.26315789473684 , 0 , 0 , 0 , 0 , 3.21052631578947 , 0 , 18 , 83.3333333333333 , 14.5 
24-Mar-2010 14:25,201001,HEATHROW,ALGERIA,ALGIERS,BRITISH AIRWAYS PLC,A,S, 28 , 0 , 85.7142857142857 , 3.57142857142857 , 3.57142857142857 , 7.14285714285714 , 0 , 0 , 10.4285714285714 , 0 , 30 , 86.6666666666667 , 14.9 
24-Mar-2010 14:25,201001,HEATHROW,ALGERIA,ALGIERS,BRITISH AIRWAYS PLC,D,S, 28 , 0 , 75 , 7.14285714285714 , 7.14285714285714 , 10.7142857142857 , 0 , 0 , 21.0357142857143 , 0 , 30 , 80 , 7.63333333333333 
24-Mar-2010 14:25,201001,HEATHROW,ANGOLA,LUANDA,BRITISH AIRWAYS PLC,A,S, 9 , 0 , 66.6666666666667 , 22.2222222222222 , 11.1111111111111 , 0 , 0 , 0 , 9.88888888888889 , 0 , 4 , 100 , 0 
24-Mar-2010 14:25,201001,HEATHROW,ANGOLA,LUANDA,BRITISH AIRWAYS PLC,D,S, 9 , 0 , 66.6666666666667 , 11.1111111111111 , 11.1111111111111 , 0 , 0 , 11.1111111111111 , 172.666666666667 , 0 , 5 , 100 , 5 
24-Mar-2010 14:25,201001,HEATHROW,ANTIGUA AND BARBUDA,ANTIGUA,VIRGIN ATLANTIC AIRWAYS LTD,A,S, 0 , 1 , 0 , 0 , 0 , 0 , 0 , 0 , 0 , 1 , 0 , 0 , 0 
24-Mar-2010 14:25,201001,HEATHROW,ARGENTINA,BUENOS AIRES,BRITISH AIRWAYS PLC,A,S, 31 , 0 , 45.1612903225806 , 3.2258064516129 , 25.8064516129032 , 19.3548387096774 , 6.45161290322581 , 0 , 49.3870967741936 , 0 , 31 , 61.2903225806452 , 17.3870967741935 
24-Mar-2010 14:25,201001,HEATHROW,ARGENTINA,BUENOS AIRES,BRITISH AIRWAYS PLC,D,S, 31 , 0 , 58.0645161290323 , 19.3548387096774 , 9.67741935483871 , 0 , 12.9032258064516 , 0 , 40.8709677419355 , 0 , 31 , 61.2903225806452 , 16.5161290322581 
24-Mar-2010 14:25,201001,HEATHROW,AUSTRALIA,MELBOURNE,QANTAS,A,S, 56 , 0 , 73.2142857142857 , 8.92857142857143 , 12.5 , 5.35714285714286 , 0 , 0 , 13.5714285714286 , 0 , 62 , 61.2903225806452 , 31.3709677419355 
24-Mar-2010 14:25,201001,HEATHROW,AUSTRALIA,MELBOURNE,QANTAS,D,S, 56 , 0 , 57.1428571428571 , 16.0714285714286 , 12.5 , 14.2857142857143 , 0 , 0 , 27.8214285714286 , 0 , 62 , 79.0322580645161 , 14.5806451612903 
24-Mar-2010 14:25,201001,HEATHROW,AUSTRALIA,SYDNEY,BRITISH AIRWAYS PLC,A,S, 62 , 0 , 77.4193548387097 , 14.5161290322581 , 1.61290322580645 , 0 , 0 , 6.45161290322581 , 71.2258064516129 , 3 , 61 , 78.6885245901639 , 8.95081967213115 
24-Mar-2010 14:25,201001,HEATHROW,AUSTRALIA,SYDNEY,BRITISH AIRWAYS PLC,D,S, 61 , 0 , 34.4262295081967 , 34.4262295081967 , 11.4754098360656 , 13.1147540983607 , 4.91803278688525 , 1.63934426229508 , 43.7213114754098 , 1 , 62 , 53.2258064516129 , 18.8387096774194 
24-Mar-2010 14:25,201001,HEATHROW,AUSTRALIA,SYDNEY,QANTAS,A,S, 54 , 0 , 53.7037037037037 , 24.0740740740741 , 16.6666666666667 , 1.85185185185185 , 3.7037037037037 , 0 , 23.9444444444444 , 0 , 62 , 50 , 24.4516129032258 
24-Mar-2010 14:25,201001,HEATHROW,AUSTRALIA,SYDNEY,QANTAS,D,S, 54 , 0 , 40.7407407407407 , 27.7777777777778 , 16.6666666666667 , 14.8148148148148 , 0 , 0 , 36.1111111111111 , 0 , 62 , 69.3548387096774 , 16.5645161290323 
24-Mar-2010 14:25,201001,HEATHROW,AUSTRALIA,SYDNEY,VIRGIN ATLANTIC AIRWAYS LTD,A,S, 31 , 0 , 83.8709677419355 , 3.2258064516129 , 12.9032258064516 , 0 , 0 , 0 , 9.29032258064516 , 0 , 31 , 54.8387096774194 , 23.0967741935484 
24-Mar-2010 14:25,201001,HEATHROW,AUSTRALIA,SYDNEY,VIRGIN ATLANTIC AIRWAYS LTD,D,S, 31 , 0 , 58.0645161290323 , 9.67741935483871 , 22.5806451612903 , 9.67741935483871 , 0 , 0 , 25.8709677419355 , 0 , 31 , 64.5161290322581 , 13.4193548387097 
24-Mar-2010 14:25,201001,HEATHROW,AUSTRIA,VIENNA,AUSTRIAN AIRLINES,A,S, 119 , 0 , 79.8319327731092 , 11.7647058823529 , 5.04201680672269 , 3.36134453781513 , 0 , 0 , 10.5966386554622 , 0 , 94 , 75.531914893617 , 9.21276595744681 
24-Mar-2010 14:25,201001,HEATHROW,AUSTRIA,VIENNA,AUSTRIAN AIRLINES,D,S, 118 , 0 , 71.1864406779661 , 17.7966101694915 , 5.93220338983051 , 2.54237288135593 , 2.54237288135593 , 0 , 16.6610169491525 , 0 , 94 , 85.1063829787234 , 7.80851063829787 
24-Mar-2010 14:25,201001,HEATHROW,AUSTRIA,VIENNA,AUSTRIAN ARROWS,A,S, 4 , 0 , 100 , 0 , 0 , 0 , 0 , 0 , 3.25 , 0 , 56 , 85.7142857142857 , 6.55357142857143 
24-Mar-2010 14:25,201001,HEATHROW,AUSTRIA,VIENNA,AUSTRIAN ARROWS,D,S, 4 , 0 , 100 , 0 , 0 , 0 , 0 , 0 , 0.75 , 0 , 55 , 80 , 8.98181818181818 
24-Mar-2010 14:25,201001,HEATHROW,AUSTRIA,VIENNA,BRITISH AIRWAYS PLC,A,S, 104 , 0 , 75 , 6.73076923076923 , 6.73076923076923 , 8.65384615384615 , 2.88461538461538 , 0 , 18.1923076923077 , 0 , 103 , 82.5242718446602 , 11.9126213592233 
24-Mar-2010 14:25,201001,HEATHROW,AUSTRIA,VIENNA,BRITISH AIRWAYS PLC,D,S, 104 , 0 , 71.1538461538462 , 7.69230769230769 , 11.5384615384615 , 9.61538461538462 , 0 , 0 , 17.0673076923077 , 0 , 104 , 87.5 , 7.92307692307692 
24-Mar-2010 14:25,201001,HEATHROW,AUSTRIA,VIENNA,JET2.COM LTD,D,C, 1 , 0 , 100 , 0 , 0 , 0 , 0 , 0 , 1 , 0 , 0 , 0 , 0 
24-Mar-2010 14:25,201001,HEATHROW,AZERBAIJAN,BAKU (HEYDER ALIYEV INT'L),AZERBAIJAN AIRLINES (AZAL),A,S, 12 , 0 , 91.6666666666667 , 8.33333333333333 , 0 , 0 , 0 , 0 , 3.91666666666667 , 1 , 5 , 60 , 11.4 
24-Mar-2010 14:25,201001,HEATHROW,AZERBAIJAN,BAKU (HEYDER ALIYEV INT'L),AZERBAIJAN AIRLINES (AZAL),D,S, 12 , 0 , 91.6666666666667 , 0 , 0 , 0 , 8.33333333333333 , 0 , 17.9166666666667 , 1 , 5 , 100 , 0 
24-Mar-2010 14:25,201001,HEATHROW,AZERBAIJAN,BAKU (HEYDER ALIYEV INT'L),BMI BRITISH MIDLAND,A,C, 0 , 0 , 0 , 0 , 0 , 0 , 0 , 0 , 0 , 0 , 1 , 100 , 0 
24-Mar-2010 14:25,201001,HEATHROW,AZERBAIJAN,BAKU (HEYDER ALIYEV INT'L),BMI BRITISH MIDLAND,A,S, 30 , 0 , 76.6666666666667 , 16.6666666666667 , 6.66666666666667 , 0 , 0 , 0 , 6.16666666666667 , 0 , 28 , 100 , 1.25 
24-Mar-2010 14:25,201001,HEATHROW,AZERBAIJAN,BAKU (HEYDER ALIYEV INT'L),BMI BRITISH MIDLAND,D,C, 0 , 0 , 0 , 0 , 0 , 0 , 0 , 0 , 0 , 0 , 1 , 100 , 0 
24-Mar-2010 14:25,201001,HEATHROW,AZERBAIJAN,BAKU (HEYDER ALIYEV INT'L),BMI BRITISH MIDLAND,D,S, 31 , 0 , 80.6451612903226 , 6.45161290322581 , 9.67741935483871 , 0 , 0 , 3.2258064516129 , 23.3548387096774 , 0 , 30 , 73.3333333333333 , 18.1666666666667 
24-Mar-2010 14:25,201001,HEATHROW,BAHRAIN,BAHRAIN,GULF AIR,A,S, 93 , 0 , 84.9462365591398 , 7.52688172043011 , 4.3010752688172 , 3.2258064516129 , 0 , 0 , 7.91397849462366 , 0 , 93 , 79.5698924731183 , 11.7849462365591 
24-Mar-2010 14:25,201001,HEATHROW,BAHRAIN,BAHRAIN,GULF AIR,D,S, 93 , 0 , 82.7956989247312 , 7.52688172043011 , 5.37634408602151 , 4.3010752688172 , 0 , 0 , 9.72043010752688 , 0 , 93 , 86.0215053763441 , 4.75268817204301 
24-Mar-2010 14:25,201001,HEATHROW,BANGLADESH,DHAKHA,BIMAN BANGLADESH AIRLINES,A,S, 16 , 1 , 37.5 , 6.25 , 6.25 , 25 , 6.25 , 18.75 , 123.8125 , 2 , 15 , 26.6666666666667 , 118.533333333333 
24-Mar-2010 14:25,201001,HEATHROW,BANGLADESH,DHAKHA,BIMAN BANGLADESH AIRLINES,D,S, 17 , 0 , 5.88235294117647 , 11.7647058823529 , 23.5294117647059 , 35.2941176470588 , 5.88235294117647 , 17.6470588235294 , 145.705882352941 , 1 , 17 , 52.9411764705882 , 83.2352941176471 
24-Mar-2010 14:25,201001,HEATHROW,BANGLADESH,DHAKHA,BRITISH AIRWAYS PLC,A,S, 0 , 0 , 0 , 0 , 0 , 0 , 0 , 0 , 0 , 0 , 14 , 71.4285714285714 , 89.6428571428571 
24-Mar-2010 14:25,201001,HEATHROW,BANGLADESH,DHAKHA,BRITISH AIRWAYS PLC,D,S, 0 , 0 , 0 , 0 , 0 , 0 , 0 , 0 , 0 , 0 , 13 , 15.3846153846154 , 34.6923076923077 
24-Mar-2010 14:25,201001,HEATHROW,BARBADOS,BRIDGETOWN,VIRGIN ATLANTIC AIRWAYS LTD,A,S, 0 , 3 , 0 , 0 , 0 , 0 , 0 , 0 , 0 , 2 , 0 , 0 , 0 
24-Mar-2010 14:25,201001,HEATHROW,BARBADOS,BRIDGETOWN,VIRGIN ATLANTIC AIRWAYS LTD,D,S, 0 , 2 , 0 , 0 , 0 , 0 , 0 , 0 , 0 , 2 , 0 , 0 , 0 
24-Mar-2010 14:25,201001,HEATHROW,BELGIUM,BRUSSELS,ABELAG AVIATION,D,C, 0 , 1 , 0 , 0 , 0 , 0 , 0 , 0 , 0 , 0 , 0 , 0 , 0 
24-Mar-2010 14:25,201001,HEATHROW,BELGIUM,BRUSSELS,AMERICAN AIRLINES,A,S, 26 , 0 , 69.2307692307692 , 7.69230769230769 , 3.84615384615385 , 19.2307692307692 , 0 , 0 , 22.4615384615385 , 0 , 0 , 0 , 0 
24-Mar-2010 14:25,201001,HEATHROW,BELGIUM,BRUSSELS,AMERICAN AIRLINES,D,S, 26 , 0 , 61.5384615384615 , 7.69230769230769 , 15.3846153846154 , 15.3846153846154 , 0 , 0 , 26.5384615384615 , 0 , 0 , 0 , 0 
24-Mar-2010 14:25,201001,HEATHROW,BELGIUM,BRUSSELS,BMI BRITISH MIDLAND,A,S, 44 , 0 , 72.7272727272727 , 4.54545454545455 , 13.6363636363636 , 6.81818181818182 , 2.27272727272727 , 0 , 23.5 , 0 , 153 , 77.1241830065359 , 13.8104575163399 
24-Mar-2010 14:25,201001,HEATHROW,BELGIUM,BRUSSELS,BMI BRITISH MIDLAND,D,S, 43 , 0 , 67.4418604651163 , 2.32558139534884 , 13.953488372093 , 16.2790697674419 , 0 , 0 , 30.0232558139535 , 0 , 152 , 77.6315789473684 , 9.07894736842105 
24-Mar-2010 14:25,201001,HEATHROW,BELGIUM,BRUSSELS,BRITISH AIRWAYS PLC,A,S, 139 , 0 , 79.8561151079137 , 7.9136690647482 , 5.75539568345324 , 5.03597122302158 , 0.719424460431655 , 0.719424460431655 , 20.5827338129496 , 0 , 185 , 71.3513513513514 , 19.8810810810811 
24-Mar-2010 14:25,201001,HEATHROW,BELGIUM,BRUSSELS,BRITISH AIRWAYS PLC,D,S, 139 , 0 , 73.3812949640288 , 11.5107913669065 , 9.35251798561151 , 3.59712230215827 , 1.43884892086331 , 0.719424460431655 , 17.5251798561151 , 0 , 186 , 77.9569892473118 , 10.9462365591398 
24-Mar-2010 14:25,201001,HEATHROW,BELGIUM,BRUSSELS,BRUSSELS AIRLINES,A,S, 77 , 0 , 64.9350649350649 , 19.4805194805195 , 9.09090909090909 , 5.19480519480519 , 1.2987012987013 , 0 , 19.4285714285714 , 1 , 0 , 0 , 0 
24-Mar-2010 14:25,201001,HEATHROW,BELGIUM,BRUSSELS,BRUSSELS AIRLINES,D,S, 75 , 0 , 57.3333333333333 , 16 , 12 , 12 , 2.66666666666667 , 0 , 29.68 , 2 , 0 , 0 , 0 
24-Mar-2010 14:25,201001,HEATHROW,BELGIUM,BRUSSELS,UNITED AIRLINES,A,S, 29 , 0 , 65.5172413793103 , 27.5862068965517 , 3.44827586206897 , 3.44827586206897 , 0 , 0 , 12.7931034482759 , 0 , 0 , 0 , 0 
24-Mar-2010 14:25,201001,HEATHROW,BELGIUM,BRUSSELS,UNITED AIRLINES,D,S, 30 , 0 , 66.6666666666667 , 16.6666666666667 , 3.33333333333333 , 10 , 3.33333333333333 , 0 , 27.2333333333333 , 0 , 0 , 0 , 0 
24-Mar-2010 14:25,201001,HEATHROW,BRAZIL,RIO DE JANEIRO (GALEAO),BRITISH AIRWAYS PLC,A,S, 12 , 0 , 16.6666666666667 , 16.6666666666667 , 50 , 8.33333333333333 , 0 , 8.33333333333333 , 148.916666666667 , 0 , 13 , 30.7692307692308 , 34.0769230769231 
24-Mar-2010 14:25,201001,HEATHROW,BRAZIL,RIO DE JANEIRO (GALEAO),BRITISH AIRWAYS PLC,D,S, 12 , 0 , 25 , 58.3333333333333 , 16.6666666666667 , 0 , 0 , 0 , 24.0833333333333 , 0 , 13 , 61.5384615384615 , 18.3846153846154 
24-Mar-2010 14:25,201001,HEATHROW,BRAZIL,SAO PAULO (GUARULHOS),TAM LINHAS AEREAS,A,S, 31 , 0 , 35.4838709677419 , 22.5806451612903 , 25.8064516129032 , 16.1290322580645 , 0 , 0 , 31.6451612903226 , 0 , 31 , 51.6129032258064 , 25.4838709677419 
24-Mar-2010 14:25,201001,HEATHROW,BRAZIL,SAO PAULO (GUARULHOS),TAM LINHAS AEREAS,D,S, 31 , 0 , 80.6451612903226 , 12.9032258064516 , 3.2258064516129 , 3.2258064516129 , 0 , 0 , 9.90322580645161 , 0 , 31 , 83.8709677419355 , 8.16129032258065 
24-Mar-2010 14:25,201001,HEATHROW,BRUNEI,BANDAR SERI BEGAWAN,ROYAL BRUNEI AIRLINES,A,S, 32 , 0 , 93.75 , 0 , 6.25 , 0 , 0 , 0 , 3.28125 , 0 , 31 , 83.8709677419355 , 9.06451612903226 
24-Mar-2010 14:25,201001,HEATHROW,BRUNEI,BANDAR SERI BEGAWAN,ROYAL BRUNEI AIRLINES,D,S, 32 , 0 , 84.375 , 3.125 , 6.25 , 6.25 , 0 , 0 , 14.96875 , 0 , 31 , 80.6451612903226 , 6.29032258064516 
24-Mar-2010 14:25,201001,HEATHROW,BULGARIA,SOFIA,BRITISH AIRWAYS PLC,A,S, 29 , 0 , 68.9655172413793 , 3.44827586206897 , 13.7931034482759 , 13.7931034482759 , 0 , 0 , 21.7931034482759 , 0 , 31 , 64.5161290322581 , 56.3548387096774 
24-Mar-2010 14:25,201001,HEATHROW,BULGARIA,SOFIA,BRITISH AIRWAYS PLC,D,S, 29 , 0 , 72.4137931034483 , 13.7931034482759 , 3.44827586206897 , 6.89655172413793 , 3.44827586206897 , 0 , 19.3103448275862 , 0 , 31 , 87.0967741935484 , 6.83870967741936 
24-Mar-2010 14:25,201001,HEATHROW,BULGARIA,SOFIA,BULGARIA AIR,A,S, 29 , 0 , 68.9655172413793 , 10.3448275862069 , 6.89655172413793 , 10.3448275862069 , 3.44827586206897 , 0 , 24.7241379310345 , 0 , 25 , 44 , 32.04 
24-Mar-2010 14:25,201001,HEATHROW,BULGARIA,SOFIA,BULGARIA AIR,D,S, 29 , 0 , 68.9655172413793 , 6.89655172413793 , 13.7931034482759 , 10.3448275862069 , 0 , 0 , 22.8275862068966 , 0 , 25 , 64 , 25.36 
24-Mar-2010 14:25,201001,HEATHROW,CANADA,CALGARY,AIR CANADA,A,S, 31 , 0 , 41.9354838709677 , 22.5806451612903 , 22.5806451612903 , 12.9032258064516 , 0 , 0 , 31.4193548387097 , 0 , 31 , 22.5806451612903 , 42.3225806451613 
24-Mar-2010 14:25,201001,HEATHROW,CANADA,CALGARY,AIR CANADA,D,S, 31 , 0 , 83.8709677419355 , 16.1290322580645 , 0 , 0 , 0 , 0 , 6 , 0 , 31 , 77.4193548387097 , 13.6451612903226 
24-Mar-2010 14:25,201001,HEATHROW,CANADA,CALGARY,BRITISH AIRWAYS PLC,A,S, 30 , 0 , 50 , 10 , 20 , 16.6666666666667 , 3.33333333333333 , 0 , 38.0666666666667 , 0 , 31 , 67.741935483871 , 21.3870967741935 
24-Mar-2010 14:25,201001,HEATHROW,CANADA,CALGARY,BRITISH AIRWAYS PLC,D,S, 30 , 0 , 56.6666666666667 , 16.6666666666667 , 13.3333333333333 , 6.66666666666667 , 6.66666666666667 , 0 , 37.8 , 0 , 31 , 67.741935483871 , 19 
24-Mar-2010 14:25,201001,HEATHROW,CANADA,EDMONTON,AIR CANADA,A,S, 17 , 0 , 64.7058823529412 , 17.6470588235294 , 11.7647058823529 , 5.88235294117647 , 0 , 0 , 15.7647058823529 , 0 , 18 , 33.3333333333333 , 35.5555555555556 
24-Mar-2010 14:25,201001,HEATHROW,CANADA,EDMONTON,AIR CANADA,D,S, 18 , 0 , 66.6666666666667 , 22.2222222222222 , 5.55555555555556 , 5.55555555555556 , 0 , 0 , 14.1666666666667 , 0 , 18 , 66.6666666666667 , 22.5 
24-Mar-2010 14:25,201001,HEATHROW,CANADA,HALIFAX INT,AIR CANADA,A,S, 17 , 0 , 64.7058823529412 , 11.7647058823529 , 11.7647058823529 , 5.88235294117647 , 0 , 5.88235294117647 , 61.5882352941176 , 0 , 17 , 52.9411764705882 , 38.0588235294118 
24-Mar-2010 14:25,201001,HEATHROW,CANADA,HALIFAX INT,AIR CANADA,D,S, 16 , 0 , 75 , 6.25 , 6.25 , 12.5 , 0 , 0 , 20.1875 , 0 , 17 , 58.8235294117647 , 23 
24-Mar-2010 14:25,201001,HEATHROW,CANADA,MONTREAL (DORVAL),AIR CANADA,A,S, 31 , 0 , 35.4838709677419 , 19.3548387096774 , 16.1290322580645 , 22.5806451612903 , 6.45161290322581 , 0 , 50.3870967741936 , 0 , 31 , 48.3870967741935 , 33.258064516129 
24-Mar-2010 14:25,201001,HEATHROW,CANADA,MONTREAL (DORVAL),AIR CANADA,D,S, 31 , 0 , 80.6451612903226 , 6.45161290322581 , 6.45161290322581 , 3.2258064516129 , 3.2258064516129 , 0 , 17.7096774193548 , 0 , 31 , 64.5161290322581 , 25.9032258064516 
24-Mar-2010 14:25,201001,HEATHROW,CANADA,MONTREAL (DORVAL),BRITISH AIRWAYS PLC,A,S, 30 , 0 , 30 , 20 , 26.6666666666667 , 20 , 3.33333333333333 , 0 , 41.4333333333333 , 0 , 29 , 51.7241379310345 , 28.551724137931 
24-Mar-2010 14:25,201001,HEATHROW,CANADA,MONTREAL (DORVAL),BRITISH AIRWAYS PLC,D,S, 30 , 0 , 73.3333333333333 , 13.3333333333333 , 6.66666666666667 , 3.33333333333333 , 3.33333333333333 , 0 , 22.3 , 0 , 29 , 51.7241379310345 , 20.9310344827586 
24-Mar-2010 14:25,201001,HEATHROW,CANADA,OTTAWA INTERNATIONAL,AIR CANADA,A,S, 30 , 0 , 40 , 13.3333333333333 , 26.6666666666667 , 20 , 0 , 0 , 32.2 , 0 , 29 , 48.2758620689655 , 55.7931034482759 
24-Mar-2010 14:25,201001,HEATHROW,CANADA,OTTAWA INTERNATIONAL,AIR CANADA,D,S, 30 , 0 , 60 , 10 , 13.3333333333333 , 16.6666666666667 , 0 , 0 , 23.3666666666667 , 0 , 29 , 65.5172413793103 , 14.6206896551724 
24-Mar-2010 14:25,201001,HEATHROW,CANADA,TORONTO,AIR CANADA,A,S, 116 , 0 , 39.6551724137931 , 17.2413793103448 , 25 , 18.1034482758621 , 0 , 0 , 34.5258620689655 , 0 , 116 , 48.2758620689655 , 26.6465517241379 
24-Mar-2010 14:25,201001,HEATHROW,CANADA,TORONTO,AIR CANADA,D,S, 116 , 0 , 71.551724137931 , 13.7931034482759 , 8.62068965517241 , 2.58620689655172 , 2.58620689655172 , 0.862068965517241 , 24.8534482758621 , 0 , 116 , 73.2758620689655 , 22.5172413793103 
24-Mar-2010 14:25,201001,HEATHROW,CANADA,TORONTO,AIR INDIA,A,S, 31 , 0 , 25.8064516129032 , 12.9032258064516 , 19.3548387096774 , 32.258064516129 , 0 , 9.67741935483871 , 161.645161290323 , 2 , 13 , 30.7692307692308 , 142.846153846154 
24-Mar-2010 14:25,201001,HEATHROW,CANADA,TORONTO,AIR INDIA,D,S, 31 , 0 , 12.9032258064516 , 3.2258064516129 , 9.67741935483871 , 51.6129032258064 , 16.1290322580645 , 6.45161290322581 , 193.612903225806 , 2 , 13 , 30.7692307692308 , 28.1538461538462 
24-Mar-2010 14:25,201001,HEATHROW,CANADA,TORONTO,AIR TRANSAT,A,S, 0 , 1 , 0 , 0 , 0 , 0 , 0 , 0 , 0 , 0 , 0 , 0 , 0 
24-Mar-2010 14:25,201001,HEATHROW,CANADA,TORONTO,AIR TRANSAT,D,S, 0 , 1 , 0 , 0 , 0 , 0 , 0 , 0 , 0 , 0 , 0 , 0 , 0 
24-Mar-2010 14:25,201001,HEATHROW,CANADA,TORONTO,BRITISH AIRWAYS PLC,A,S, 58 , 0 , 44.8275862068965 , 15.5172413793103 , 29.3103448275862 , 8.62068965517241 , 0 , 1.72413793103448 , 32.0689655172414 , 1 , 58 , 68.9655172413793 , 20.7241379310345 
24-Mar-2010 14:25,201001,HEATHROW,CANADA,TORONTO,BRITISH AIRWAYS PLC,D,S, 58 , 0 , 51.7241379310345 , 22.4137931034483 , 13.7931034482759 , 10.3448275862069 , 1.72413793103448 , 0 , 32.0172413793103 , 0 , 58 , 56.8965517241379 , 24.5172413793103 
24-Mar-2010 14:25,201001,HEATHROW,CANADA,VANCOUVER,AIR CANADA,A,S, 32 , 0 , 87.5 , 9.375 , 3.125 , 0 , 0 , 0 , 4.84375 , 0 , 31 , 41.9354838709677 , 40.258064516129 
24-Mar-2010 14:25,201001,HEATHROW,CANADA,VANCOUVER,AIR CANADA,D,S, 32 , 0 , 62.5 , 31.25 , 3.125 , 0 , 3.125 , 0 , 20.09375 , 0 , 31 , 67.741935483871 , 22.1935483870968 
24-Mar-2010 14:25,201001,HEATHROW,CANADA,VANCOUVER,BRITISH AIRWAYS PLC,A,S, 29 , 0 , 51.7241379310345 , 27.5862068965517 , 10.3448275862069 , 6.89655172413793 , 3.44827586206897 , 0 , 25.1034482758621 , 0 , 31 , 51.6129032258064 , 28.0322580645161 
24-Mar-2010 14:25,201001,HEATHROW,CANADA,VANCOUVER,BRITISH AIRWAYS PLC,D,S, 29 , 0 , 44.8275862068965 , 27.5862068965517 , 17.2413793103448 , 10.3448275862069 , 0 , 0 , 29.3793103448276 , 0 , 31 , 51.6129032258064 , 24.1935483870968 
24-Mar-2010 14:25,201001,HEATHROW,CAYMAN ISLANDS,GRAND CAYMAN,BRITISH AIRWAYS PLC,A,S, 17 , 0 , 100 , 0 , 0 , 0 , 0 , 0 , 0 , 0 , 14 , 92.8571428571429 , 2 
24-Mar-2010 14:25,201001,HEATHROW,CAYMAN ISLANDS,GRAND CAYMAN,BRITISH AIRWAYS PLC,D,S, 17 , 0 , 52.9411764705882 , 29.4117647058824 , 11.7647058823529 , 5.88235294117647 , 0 , 0 , 18.5882352941176 , 0 , 18 , 72.2222222222222 , 11.7777777777778 
24-Mar-2010 14:25,201001,HEATHROW,CHINA,BEIJING,AIR CHINA,A,S, 31 , 0 , 83.8709677419355 , 6.45161290322581 , 3.2258064516129 , 0 , 6.45161290322581 , 0 , 18.2903225806452 , 0 , 29 , 41.3793103448276 , 20.5172413793103 
24-Mar-2010 14:25,201001,HEATHROW,CHINA,BEIJING,AIR CHINA,D,S, 31 , 0 , 70.9677419354839 , 9.67741935483871 , 6.45161290322581 , 3.2258064516129 , 9.67741935483871 , 0 , 29.4193548387097 , 0 , 29 , 82.7586206896552 , 9.20689655172414 
24-Mar-2010 14:25,201001,HEATHROW,CHINA,BEIJING,BRITISH AIRWAYS PLC,A,S, 25 , 0 , 68 , 16 , 4 , 8 , 4 , 0 , 26.04 , 0 , 23 , 21.7391304347826 , 48 
24-Mar-2010 14:25,201001,HEATHROW,CHINA,BEIJING,BRITISH AIRWAYS PLC,D,S, 25 , 0 , 56 , 28 , 12 , 4 , 0 , 0 , 16.36 , 0 , 24 , 54.1666666666667 , 23.875 
24-Mar-2010 14:25,201001,HEATHROW,CHINA,SHANGHAI (PU DONG),BRITISH AIRWAYS PLC,A,S, 24 , 0 , 33.3333333333333 , 12.5 , 16.6666666666667 , 33.3333333333333 , 4.16666666666667 , 0 , 56.2083333333333 , 0 , 21 , 76.1904761904762 , 15.5714285714286 
24-Mar-2010 14:25,201001,HEATHROW,CHINA,SHANGHAI (PU DONG),BRITISH AIRWAYS PLC,D,S, 25 , 0 , 72 , 8 , 8 , 8 , 4 , 0 , 30.16 , 0 , 21 , 71.4285714285714 , 14.1904761904762 
24-Mar-2010 14:25,201001,HEATHROW,CHINA,SHANGHAI (PU DONG),CHINA EASTERN AIRLINES,A,S, 0 , 0 , 0 , 0 , 0 , 0 , 0 , 0 , 0 , 0 , 14 , 71.4285714285714 , 47.0714285714286 
24-Mar-2010 14:25,201001,HEATHROW,CHINA,SHANGHAI (PU DONG),CHINA EASTERN AIRLINES,D,S, 0 , 0 , 0 , 0 , 0 , 0 , 0 , 0 , 0 , 0 , 14 , 78.5714285714286 , 39.7142857142857 
24-Mar-2010 14:25,201001,HEATHROW,CHINA,SHANGHAI (PU DONG),VIRGIN ATLANTIC AIRWAYS LTD,A,S, 27 , 0 , 59.2592592592593 , 18.5185185185185 , 22.2222222222222 , 0 , 0 , 0 , 15.0740740740741 , 0 , 26 , 57.6923076923077 , 22.1538461538462 
24-Mar-2010 14:25,201001,HEATHROW,CHINA,SHANGHAI (PU DONG),VIRGIN ATLANTIC AIRWAYS LTD,D,S, 27 , 0 , 81.4814814814815 , 11.1111111111111 , 3.7037037037037 , 3.7037037037037 , 0 , 0 , 10.0740740740741 , 0 , 27 , 77.7777777777778 , 10.2962962962963 
24-Mar-2010 14:25,201001,HEATHROW,CROATIA,ZAGREB,CROATIA AIRLINES,A,S, 39 , 0 , 58.974358974359 , 23.0769230769231 , 10.2564102564103 , 7.69230769230769 , 0 , 0 , 16.8461538461538 , 0 , 39 , 53.8461538461539 , 32.7692307692308 
24-Mar-2010 14:25,201001,HEATHROW,CROATIA,ZAGREB,CROATIA AIRLINES,D,S, 39 , 0 , 48.7179487179487 , 33.3333333333333 , 10.2564102564103 , 7.69230769230769 , 0 , 0 , 22 , 0 , 39 , 56.4102564102564 , 36.974358974359 
24-Mar-2010 14:25,201001,HEATHROW,CYPRUS,LARNACA,BRITISH AIRWAYS PLC,A,S, 31 , 0 , 48.3870967741935 , 16.1290322580645 , 19.3548387096774 , 9.67741935483871 , 3.2258064516129 , 3.2258064516129 , 72.0967741935484 , 0 , 31 , 87.0967741935484 , 9.96774193548387 
24-Mar-2010 14:25,201001,HEATHROW,CYPRUS,LARNACA,BRITISH AIRWAYS PLC,D,S, 31 , 0 , 61.2903225806452 , 6.45161290322581 , 16.1290322580645 , 12.9032258064516 , 3.2258064516129 , 0 , 33.2258064516129 , 0 , 31 , 80.6451612903226 , 8.2258064516129 
24-Mar-2010 14:25,201001,HEATHROW,CYPRUS,LARNACA,CYPRUS AIRWAYS,A,S, 56 , 0 , 50 , 28.5714285714286 , 19.6428571428571 , 1.78571428571429 , 0 , 0 , 19.8571428571429 , 0 , 63 , 61.9047619047619 , 18.3015873015873 
24-Mar-2010 14:25,201001,HEATHROW,CYPRUS,LARNACA,CYPRUS AIRWAYS,D,S, 56 , 0 , 53.5714285714286 , 12.5 , 21.4285714285714 , 12.5 , 0 , 0 , 23.3392857142857 , 0 , 63 , 77.7777777777778 , 11.1904761904762 
24-Mar-2010 14:25,201001,HEATHROW,CZECH REPUBLIC,PRAGUE,BRITISH AIRWAYS PLC,A,S, 91 , 0 , 70.3296703296703 , 12.0879120879121 , 10.989010989011 , 6.59340659340659 , 0 , 0 , 14.6813186813187 , 0 , 92 , 77.1739130434783 , 18.9782608695652 
24-Mar-2010 14:25,201001,HEATHROW,CZECH REPUBLIC,PRAGUE,BRITISH AIRWAYS PLC,D,S, 91 , 0 , 82.4175824175824 , 7.69230769230769 , 4.3956043956044 , 4.3956043956044 , 1.0989010989011 , 0 , 12.4945054945055 , 0 , 92 , 88.0434782608696 , 9.3695652173913 
24-Mar-2010 14:25,201001,HEATHROW,CZECH REPUBLIC,PRAGUE,CSA CZECH AIRLINES,A,S, 62 , 0 , 66.1290322580645 , 8.06451612903226 , 11.2903225806452 , 12.9032258064516 , 1.61290322580645 , 0 , 22.6451612903226 , 0 , 77 , 84.4155844155844 , 7.14285714285714 
24-Mar-2010 14:25,201001,HEATHROW,CZECH REPUBLIC,PRAGUE,CSA CZECH AIRLINES,D,S, 61 , 0 , 72.1311475409836 , 8.19672131147541 , 8.19672131147541 , 9.83606557377049 , 1.63934426229508 , 0 , 20.672131147541 , 0 , 77 , 94.8051948051948 , 3.74025974025974 
24-Mar-2010 14:25,201001,HEATHROW,DENMARK,COPENHAGEN,BRITISH AIRWAYS PLC,A,S, 135 , 0 , 73.3333333333333 , 11.8518518518519 , 5.92592592592593 , 8.88888888888889 , 0 , 0 , 15.5777777777778 , 1 , 155 , 81.9354838709677 , 12.7870967741935 
24-Mar-2010 14:25,201001,HEATHROW,DENMARK,COPENHAGEN,BRITISH AIRWAYS PLC,D,S, 136 , 0 , 81.6176470588235 , 6.61764705882353 , 6.61764705882353 , 4.41176470588235 , 0.735294117647059 , 0 , 10.6764705882353 , 0 , 156 , 82.0512820512821 , 10.5897435897436 
24-Mar-2010 14:25,201001,HEATHROW,DENMARK,COPENHAGEN,SAS,A,S, 141 , 1 , 69.5035460992908 , 13.4751773049645 , 8.51063829787234 , 7.80141843971631 , 0.709219858156028 , 0 , 17.9078014184397 , 1 , 162 , 72.8395061728395 , 16.4691358024691 
24-Mar-2010 14:25,201001,HEATHROW,DENMARK,COPENHAGEN,SAS,D,S, 140 , 0 , 82.1428571428571 , 5.71428571428571 , 2.85714285714286 , 8.57142857142857 , 0.714285714285714 , 0 , 13.3214285714286 , 0 , 162 , 81.4814814814815 , 15.4938271604938 
24-Mar-2010 14:25,201001,HEATHROW,DOMINICAN REPUBLIC,SANTO DOMINGO,BRITISH AIRWAYS PLC,D,C, 1 , 0 , 0 , 100 , 0 , 0 , 0 , 0 , 17 , 0 , 0 , 0 , 0 
24-Mar-2010 14:25,201001,HEATHROW,EGYPT,CAIRO,BMI BRITISH MIDLAND,A,S, 31 , 0 , 77.4193548387097 , 9.67741935483871 , 6.45161290322581 , 6.45161290322581 , 0 , 0 , 13.6774193548387 , 0 , 31 , 80.6451612903226 , 7.54838709677419 
24-Mar-2010 14:25,201001,HEATHROW,EGYPT,CAIRO,BMI BRITISH MIDLAND,D,S, 31 , 0 , 67.741935483871 , 16.1290322580645 , 6.45161290322581 , 9.67741935483871 , 0 , 0 , 19.2258064516129 , 0 , 31 , 87.0967741935484 , 6.03225806451613 
24-Mar-2010 14:25,201001,HEATHROW,EGYPT,CAIRO,BRITISH AIRWAYS PLC,A,S, 29 , 0 , 93.1034482758621 , 0 , 0 , 6.89655172413793 , 0 , 0 , 9.10344827586207 , 0 , 31 , 87.0967741935484 , 5.87096774193548 
24-Mar-2010 14:25,201001,HEATHROW,EGYPT,CAIRO,BRITISH AIRWAYS PLC,D,S, 29 , 0 , 51.7241379310345 , 27.5862068965517 , 10.3448275862069 , 3.44827586206897 , 3.44827586206897 , 3.44827586206897 , 42.1034482758621 , 0 , 31 , 54.8387096774194 , 16.9032258064516 
24-Mar-2010 14:25,201001,HEATHROW,EGYPT,CAIRO,EGYPT AIR,A,S, 37 , 0 , 29.7297297297297 , 35.1351351351351 , 24.3243243243243 , 10.8108108108108 , 0 , 0 , 32.6486486486486 , 0 , 31 , 70.9677419354839 , 13.1612903225806 
24-Mar-2010 14:25,201001,HEATHROW,EGYPT,CAIRO,EGYPT AIR,D,S, 37 , 0 , 59.4594594594595 , 13.5135135135135 , 13.5135135135135 , 10.8108108108108 , 2.7027027027027 , 0 , 30.1351351351351 , 0 , 31 , 70.9677419354839 , 14.8064516129032 
24-Mar-2010 14:25,201001,HEATHROW,EGYPT,LUXOR,EGYPT AIR,A,S, 4 , 0 , 25 , 50 , 0 , 25 , 0 , 0 , 32.25 , 0 , 4 , 25 , 41.5 
24-Mar-2010 14:25,201001,HEATHROW,EGYPT,LUXOR,EGYPT AIR,D,S, 4 , 0 , 75 , 0 , 25 , 0 , 0 , 0 , 11.75 , 0 , 4 , 50 , 13.5 
24-Mar-2010 14:25,201001,HEATHROW,EGYPT,SHARM EL SHEIKH (OPHIRA),MONARCH AIRLINES,A,S, 0 , 1 , 0 , 0 , 0 , 0 , 0 , 0 , 0 , 0 , 0 , 0 , 0 
24-Mar-2010 14:25,201001,HEATHROW,ETHIOPIA,ADDIS ABABA,BMI BRITISH MIDLAND,A,S, 13 , 0 , 76.9230769230769 , 15.3846153846154 , 0 , 7.69230769230769 , 0 , 0 , 14 , 0 , 20 , 45 , 59.15 
24-Mar-2010 14:25,201001,HEATHROW,ETHIOPIA,ADDIS ABABA,BMI BRITISH MIDLAND,D,S, 13 , 0 , 23.0769230769231 , 46.1538461538462 , 7.69230769230769 , 15.3846153846154 , 7.69230769230769 , 0 , 42 , 0 , 21 , 57.1428571428571 , 16.7619047619048 
24-Mar-2010 14:25,201001,HEATHROW,ETHIOPIA,ADDIS ABABA,ETHIOPIAN AIRLINES,A,S, 27 , 0 , 48.1481481481481 , 18.5185185185185 , 11.1111111111111 , 18.5185185185185 , 3.7037037037037 , 0 , 38.1481481481481 , 0 , 25 , 28 , 43.12 
24-Mar-2010 14:25,201001,HEATHROW,ETHIOPIA,ADDIS ABABA,ETHIOPIAN AIRLINES,D,S, 27 , 0 , 51.8518518518519 , 11.1111111111111 , 25.9259259259259 , 11.1111111111111 , 0 , 0 , 25.7037037037037 , 0 , 25 , 56 , 23.96 
24-Mar-2010 14:25,201001,HEATHROW,FINLAND,HELSINKI,BLUE 1,A,S, 31 , 0 , 67.741935483871 , 16.1290322580645 , 6.45161290322581 , 9.67741935483871 , 0 , 0 , 16.3548387096774 , 0 , 31 , 67.741935483871 , 24.1612903225806 
24-Mar-2010 14:25,201001,HEATHROW,FINLAND,HELSINKI,BLUE 1,D,S, 31 , 0 , 96.7741935483871 , 0 , 0 , 3.2258064516129 , 0 , 0 , 3.16129032258065 , 0 , 31 , 90.3225806451613 , 10.3225806451613 
24-Mar-2010 14:25,201001,HEATHROW,FINLAND,HELSINKI,BRITISH AIRWAYS PLC,A,S, 57 , 0 , 63.1578947368421 , 12.280701754386 , 19.2982456140351 , 5.26315789473684 , 0 , 0 , 18.3508771929825 , 0 , 62 , 66.1290322580645 , 18.8548387096774 
24-Mar-2010 14:25,201001,HEATHROW,FINLAND,HELSINKI,BRITISH AIRWAYS PLC,D,S, 57 , 0 , 87.719298245614 , 5.26315789473684 , 1.75438596491228 , 5.26315789473684 , 0 , 0 , 9.8421052631579 , 0 , 62 , 83.8709677419355 , 8.46774193548387 
24-Mar-2010 14:25,201001,HEATHROW,FINLAND,HELSINKI,FINNAIR,A,S, 122 , 0 , 62.2950819672131 , 15.5737704918033 , 12.2950819672131 , 9.83606557377049 , 0 , 0 , 20.4754098360656 , 0 , 122 , 72.1311475409836 , 13.7377049180328 
24-Mar-2010 14:25,201001,HEATHROW,FINLAND,HELSINKI,FINNAIR,D,S, 121 , 0 , 72.7272727272727 , 8.26446280991736 , 9.09090909090909 , 9.09090909090909 , 0.826446280991736 , 0 , 19.396694214876 , 0 , 122 , 79.5081967213115 , 11.516393442623 
24-Mar-2010 14:25,201001,HEATHROW,FINLAND,KITTILA,BMI BRITISH MIDLAND,A,C, 5 , 0 , 0 , 0 , 60 , 40 , 0 , 0 , 73 , 0 , 5 , 40 , 63.2 
24-Mar-2010 14:25,201001,HEATHROW,FINLAND,KITTILA,BMI BRITISH MIDLAND,D,C, 5 , 0 , 60 , 0 , 20 , 20 , 0 , 0 , 26 , 0 , 5 , 80 , 14.4 
24-Mar-2010 14:25,201001,HEATHROW,FINLAND,KITTILA,BRITISH AIRWAYS PLC,A,C, 1 , 0 , 0 , 100 , 0 , 0 , 0 , 0 , 25 , 0 , 0 , 0 , 0 
24-Mar-2010 14:25,201001,HEATHROW,FRANCE,LYON,BMI BRITISH MIDLAND,A,S, 0 , 0 , 0 , 0 , 0 , 0 , 0 , 0 , 0 , 0 , 3 , 33.3333333333333 , 36 
24-Mar-2010 14:25,201001,HEATHROW,FRANCE,LYON,BMI BRITISH MIDLAND,D,S, 0 , 0 , 0 , 0 , 0 , 0 , 0 , 0 , 0 , 0 , 3 , 66.6666666666667 , 12 
24-Mar-2010 14:25,201001,HEATHROW,FRANCE,LYON,BRITISH AIRWAYS PLC,A,S, 81 , 0 , 69.1358024691358 , 12.3456790123457 , 9.87654320987654 , 4.93827160493827 , 2.46913580246914 , 1.23456790123457 , 35.1358024691358 , 1 , 90 , 86.6666666666667 , 9.13333333333333 
24-Mar-2010 14:25,201001,HEATHROW,FRANCE,LYON,BRITISH AIRWAYS PLC,D,S, 83 , 0 , 77.1084337349398 , 8.43373493975904 , 7.2289156626506 , 4.81927710843374 , 1.20481927710843 , 1.20481927710843 , 18.1325301204819 , 0 , 91 , 83.5164835164835 , 8.94505494505495 
24-Mar-2010 14:25,201001,HEATHROW,FRANCE,NICE,BRITISH AIRWAYS PLC,A,S, 137 , 0 , 81.7518248175182 , 3.64963503649635 , 8.02919708029197 , 5.83941605839416 , 0.72992700729927 , 0 , 13.9416058394161 , 0 , 159 , 86.1635220125786 , 11.8553459119497 
24-Mar-2010 14:25,201001,HEATHROW,FRANCE,NICE,BRITISH AIRWAYS PLC,D,S, 139 , 0 , 75.5395683453237 , 11.5107913669065 , 4.31654676258993 , 7.19424460431655 , 1.43884892086331 , 0 , 15.1726618705036 , 0 , 160 , 85 , 9.1 
24-Mar-2010 14:25,201001,HEATHROW,FRANCE,NICE,TWINJET AIRCRAFT,A,C, 0 , 1 , 0 , 0 , 0 , 0 , 0 , 0 , 0 , 0 , 0 , 0 , 0 
24-Mar-2010 14:25,201001,HEATHROW,FRANCE,PARIS (CHARLES DE GAULLE),AIR FRANCE,A,S, 222 , 0 , 50.4504504504505 , 17.1171171171171 , 22.0720720720721 , 10.3603603603604 , 0 , 0 , 24.9054054054054 , 0 , 231 , 54.1125541125541 , 26.6796536796537 
24-Mar-2010 14:25,201001,HEATHROW,FRANCE,PARIS (CHARLES DE GAULLE),AIR FRANCE,D,S, 223 , 0 , 78.0269058295964 , 11.2107623318386 , 7.17488789237668 , 3.58744394618834 , 0 , 0 , 10.0089686098655 , 0 , 231 , 88.3116883116883 , 7.34199134199134 
24-Mar-2010 14:25,201001,HEATHROW,FRANCE,PARIS (CHARLES DE GAULLE),BRITISH AIRWAYS PLC,A,S, 218 , 0 , 79.3577981651376 , 5.5045871559633 , 7.79816513761468 , 5.96330275229358 , 1.37614678899083 , 0 , 14.4862385321101 , 1 , 242 , 83.0578512396694 , 17.698347107438 
24-Mar-2010 14:25,201001,HEATHROW,FRANCE,PARIS (CHARLES DE GAULLE),BRITISH AIRWAYS PLC,D,S, 219 , 0 , 78.0821917808219 , 9.1324200913242 , 7.30593607305936 , 4.10958904109589 , 1.36986301369863 , 0 , 15.5799086757991 , 1 , 243 , 87.6543209876543 , 9.80658436213992 
24-Mar-2010 14:25,201001,HEATHROW,FRANCE,PARIS (ORLY),AIR FRANCE,A,S, 0 , 2 , 0 , 0 , 0 , 0 , 0 , 0 , 0 , 0 , 0 , 0 , 0 
24-Mar-2010 14:25,201001,HEATHROW,FRANCE,TOULOUSE (BLAGNAC),BRITISH AIRWAYS PLC,A,S, 67 , 0 , 68.6567164179104 , 13.4328358208955 , 5.97014925373134 , 10.4477611940299 , 1.49253731343284 , 0 , 19.7014925373134 , 0 , 0 , 0 , 0 
24-Mar-2010 14:25,201001,HEATHROW,FRANCE,TOULOUSE (BLAGNAC),BRITISH AIRWAYS PLC,D,S, 67 , 0 , 67.1641791044776 , 11.9402985074627 , 8.95522388059702 , 8.95522388059702 , 2.98507462686567 , 0 , 21.7164179104478 , 0 , 0 , 0 , 0 
24-Mar-2010 14:25,201001,HEATHROW,GEORGIA,TBILISI,BMI BRITISH MIDLAND,A,S, 17 , 0 , 82.3529411764706 , 11.7647058823529 , 5.88235294117647 , 0 , 0 , 0 , 8.29411764705882 , 0 , 17 , 47.0588235294118 , 60.4117647058824 
24-Mar-2010 14:25,201001,HEATHROW,GEORGIA,TBILISI,BMI BRITISH MIDLAND,D,S, 18 , 0 , 77.7777777777778 , 11.1111111111111 , 5.55555555555556 , 5.55555555555556 , 0 , 0 , 16.5 , 0 , 17 , 70.5882352941177 , 20.1764705882353 
24-Mar-2010 14:25,201001,HEATHROW,GERMANY,BERLIN (TEGEL),BRITISH AIRWAYS PLC,A,S, 122 , 0 , 68.8524590163934 , 9.83606557377049 , 13.1147540983607 , 7.37704918032787 , 0 , 0.819672131147541 , 26.2704918032787 , 0 , 147 , 71.4285714285714 , 18.1224489795918 
24-Mar-2010 14:25,201001,HEATHROW,GERMANY,BERLIN (TEGEL),BRITISH AIRWAYS PLC,D,S, 122 , 0 , 77.8688524590164 , 9.83606557377049 , 7.37704918032787 , 4.09836065573771 , 0.819672131147541 , 0 , 13.2786885245902 , 0 , 147 , 84.3537414965986 , 9.25850340136054 
24-Mar-2010 14:25,201001,HEATHROW,GERMANY,BERLIN (TEGEL),LUFTHANSA,A,S, 78 , 0 , 69.2307692307692 , 8.97435897435897 , 11.5384615384615 , 10.2564102564103 , 0 , 0 , 18.7307692307692 , 2 , 0 , 0 , 0 
24-Mar-2010 14:25,201001,HEATHROW,GERMANY,BERLIN (TEGEL),LUFTHANSA,D,S, 80 , 0 , 68.75 , 11.25 , 8.75 , 11.25 , 0 , 0 , 17.6625 , 1 , 0 , 0 , 0 
24-Mar-2010 14:25,201001,HEATHROW,GERMANY,COLOGNE BONN,LUFTHANSA,A,S, 66 , 0 , 83.3333333333333 , 6.06060606060606 , 7.57575757575758 , 3.03030303030303 , 0 , 0 , 10.3484848484848 , 1 , 77 , 77.9220779220779 , 12.7272727272727 
24-Mar-2010 14:25,201001,HEATHROW,GERMANY,COLOGNE BONN,LUFTHANSA,D,S, 67 , 0 , 80.5970149253731 , 5.97014925373134 , 8.95522388059702 , 2.98507462686567 , 1.49253731343284 , 0 , 12.5074626865672 , 1 , 77 , 84.4155844155844 , 10.4025974025974 
24-Mar-2010 14:25,201001,HEATHROW,GERMANY,DUSSELDORF,BRITISH AIRWAYS PLC,A,S, 138 , 0 , 76.0869565217391 , 6.52173913043478 , 10.1449275362319 , 6.52173913043478 , 0.72463768115942 , 0 , 16.8985507246377 , 0 , 152 , 81.5789473684211 , 14.25 
24-Mar-2010 14:25,201001,HEATHROW,GERMANY,DUSSELDORF,BRITISH AIRWAYS PLC,D,S, 139 , 0 , 81.294964028777 , 5.75539568345324 , 7.19424460431655 , 4.31654676258993 , 1.43884892086331 , 0 , 13.9496402877698 , 0 , 152 , 86.1842105263158 , 7.23026315789474 
24-Mar-2010 14:25,201001,HEATHROW,GERMANY,DUSSELDORF,LUFTHANSA,A,S, 103 , 0 , 76.6990291262136 , 11.6504854368932 , 6.79611650485437 , 4.85436893203883 , 0 , 0 , 11.2621359223301 , 0 , 141 , 82.9787234042553 , 9.31205673758865 
24-Mar-2010 14:25,201001,HEATHROW,GERMANY,DUSSELDORF,LUFTHANSA,D,S, 103 , 0 , 80.5825242718447 , 7.76699029126214 , 5.8252427184466 , 5.8252427184466 , 0 , 0 , 12.1747572815534 , 0 , 141 , 90.7801418439716 , 6.77304964539007 
24-Mar-2010 14:25,201001,HEATHROW,GERMANY,FRANKFURT MAIN,BRITISH AIRWAYS PLC,A,S, 148 , 0 , 50 , 15.5405405405405 , 19.5945945945946 , 13.5135135135135 , 1.35135135135135 , 0 , 29.9527027027027 , 1 , 169 , 79.2899408284024 , 14.112426035503 
24-Mar-2010 14:25,201001,HEATHROW,GERMANY,FRANKFURT MAIN,BRITISH AIRWAYS PLC,D,S, 150 , 0 , 63.3333333333333 , 16 , 10.6666666666667 , 9.33333333333333 , 0.666666666666667 , 0 , 22.68 , 0 , 170 , 80.5882352941177 , 10.7882352941176 
24-Mar-2010 14:25,201001,HEATHROW,GERMANY,FRANKFURT MAIN,DELTA AIRLINES,A,S, 0 , 1 , 0 , 0 , 0 , 0 , 0 , 0 , 0 , 0 , 0 , 0 , 0 
24-Mar-2010 14:25,201001,HEATHROW,GERMANY,FRANKFURT MAIN,LUFTHANSA,A,S, 272 , 0 , 55.8823529411765 , 18.75 , 15.0735294117647 , 10.2941176470588 , 0 , 0 , 23.6139705882353 , 2 , 286 , 74.8251748251748 , 16.0874125874126 
24-Mar-2010 14:25,201001,HEATHROW,GERMANY,FRANKFURT MAIN,LUFTHANSA,D,S, 271 , 0 , 53.8745387453875 , 15.4981549815498 , 14.760147601476 , 14.0221402214022 , 1.8450184501845 , 0 , 31.0110701107011 , 0 , 284 , 80.6338028169014 , 15.2957746478873 
24-Mar-2010 14:25,201001,HEATHROW,GERMANY,HAMBURG,BRITISH AIRWAYS PLC,A,S, 107 , 0 , 72.8971962616822 , 9.34579439252336 , 11.214953271028 , 5.60747663551402 , 0.934579439252336 , 0 , 15.4859813084112 , 0 , 109 , 77.9816513761468 , 15.2201834862385 
24-Mar-2010 14:25,201001,HEATHROW,GERMANY,HAMBURG,BRITISH AIRWAYS PLC,D,S, 108 , 0 , 78.7037037037037 , 7.40740740740741 , 5.55555555555556 , 6.48148148148148 , 1.85185185185185 , 0 , 14.2407407407407 , 0 , 110 , 83.6363636363636 , 10.2090909090909 
24-Mar-2010 14:25,201001,HEATHROW,GERMANY,HAMBURG,LUFTHANSA,A,S, 79 , 0 , 82.2784810126582 , 10.126582278481 , 3.79746835443038 , 3.79746835443038 , 0 , 0 , 8.27848101265823 , 0 , 77 , 85.7142857142857 , 10.5844155844156 
24-Mar-2010 14:25,201001,HEATHROW,GERMANY,HAMBURG,LUFTHANSA,D,S, 79 , 0 , 82.2784810126582 , 3.79746835443038 , 7.59493670886076 , 5.06329113924051 , 1.26582278481013 , 0 , 12.3924050632911 , 0 , 77 , 89.6103896103896 , 7.12987012987013 
24-Mar-2010 14:25,201001,HEATHROW,GERMANY,HANOVER,BMI BRITISH MIDLAND,A,S, 79 , 0 , 74.6835443037975 , 2.53164556962025 , 8.86075949367089 , 12.6582278481013 , 1.26582278481013 , 0 , 21.8481012658228 , 0 , 77 , 79.2207792207792 , 17.5974025974026 
24-Mar-2010 14:25,201001,HEATHROW,GERMANY,HANOVER,BMI BRITISH MIDLAND,D,S, 79 , 0 , 82.2784810126582 , 5.06329113924051 , 2.53164556962025 , 10.126582278481 , 0 , 0 , 14.3037974683544 , 0 , 77 , 90.9090909090909 , 9.93506493506493 
24-Mar-2010 14:25,201001,HEATHROW,GERMANY,MUNICH,AER LINGUS,A,S, 0 , 2 , 0 , 0 , 0 , 0 , 0 , 0 , 0 , 0 , 0 , 0 , 0 
24-Mar-2010 14:25,201001,HEATHROW,GERMANY,MUNICH,BRITISH AIRWAYS PLC,A,S, 163 , 0 , 73.6196319018405 , 9.20245398773006 , 5.52147239263804 , 10.4294478527607 , 1.22699386503067 , 0 , 17.6257668711656 , 0 , 183 , 84.6994535519126 , 11.1147540983607 
24-Mar-2010 14:25,201001,HEATHROW,GERMANY,MUNICH,BRITISH AIRWAYS PLC,D,S, 165 , 0 , 82.4242424242424 , 7.27272727272727 , 4.84848484848485 , 4.84848484848485 , 0.606060606060606 , 0 , 11.1575757575758 , 0 , 184 , 83.695652173913 , 10.375 
24-Mar-2010 14:25,201001,HEATHROW,GERMANY,MUNICH,LUFTHANSA,A,S, 210 , 0 , 74.2857142857143 , 10.952380952381 , 7.14285714285714 , 7.14285714285714 , 0.476190476190476 , 0 , 14.9666666666667 , 1 , 191 , 71.7277486910995 , 15.413612565445 
24-Mar-2010 14:25,201001,HEATHROW,GERMANY,MUNICH,LUFTHANSA,D,S, 209 , 0 , 72.7272727272727 , 8.13397129186603 , 10.0478468899522 , 8.13397129186603 , 0.956937799043062 , 0 , 17.6602870813397 , 0 , 190 , 86.3157894736842 , 9.31052631578947 
24-Mar-2010 14:25,201001,HEATHROW,GERMANY,STUTTGART,BRITISH AIRWAYS PLC,A,S, 74 , 0 , 77.027027027027 , 10.8108108108108 , 5.40540540540541 , 6.75675675675676 , 0 , 0 , 13.7432432432432 , 0 , 80 , 83.75 , 15.675 
24-Mar-2010 14:25,201001,HEATHROW,GERMANY,STUTTGART,BRITISH AIRWAYS PLC,D,S, 75 , 0 , 85.3333333333333 , 4 , 4 , 6.66666666666667 , 0 , 0 , 12.1466666666667 , 1 , 82 , 82.9268292682927 , 9.73170731707317 
24-Mar-2010 14:25,201001,HEATHROW,GERMANY,STUTTGART,LUFTHANSA,A,S, 72 , 0 , 76.3888888888889 , 12.5 , 9.72222222222222 , 1.38888888888889 , 0 , 0 , 9.33333333333333 , 0 , 82 , 79.2682926829268 , 12.5975609756098 
24-Mar-2010 14:25,201001,HEATHROW,GERMANY,STUTTGART,LUFTHANSA,D,S, 72 , 0 , 73.6111111111111 , 12.5 , 9.72222222222222 , 2.77777777777778 , 1.38888888888889 , 0 , 15.875 , 0 , 80 , 80 , 11.2625 
24-Mar-2010 14:25,201001,HEATHROW,GHANA,ACCRA,BRITISH AIRWAYS PLC,A,S, 30 , 0 , 46.6666666666667 , 13.3333333333333 , 13.3333333333333 , 16.6666666666667 , 6.66666666666667 , 3.33333333333333 , 57.3666666666667 , 0 , 31 , 96.7741935483871 , 1.87096774193548 
24-Mar-2010 14:25,201001,HEATHROW,GHANA,ACCRA,BRITISH AIRWAYS PLC,D,S, 30 , 0 , 60 , 6.66666666666667 , 16.6666666666667 , 10 , 3.33333333333333 , 3.33333333333333 , 43.7666666666667 , 0 , 31 , 41.9354838709677 , 18.3870967741935 
24-Mar-2010 14:25,201001,HEATHROW,GIBRALTAR,GIBRALTAR,BRITISH AIRWAYS PLC,A,S, 26 , 0 , 61.5384615384615 , 3.84615384615385 , 15.3846153846154 , 11.5384615384615 , 7.69230769230769 , 0 , 39.4615384615385 , 0 , 0 , 0 , 0 
24-Mar-2010 14:25,201001,HEATHROW,GIBRALTAR,GIBRALTAR,BRITISH AIRWAYS PLC,D,S, 25 , 0 , 72 , 12 , 8 , 8 , 0 , 0 , 13.8 , 0 , 0 , 0 , 0 
24-Mar-2010 14:25,201001,HEATHROW,GREECE,ATHENS,AEGEAN AIRLINES,A,S, 62 , 0 , 77.4193548387097 , 12.9032258064516 , 3.2258064516129 , 6.45161290322581 , 0 , 0 , 13.4677419354839 , 0 , 0 , 0 , 0 
24-Mar-2010 14:25,201001,HEATHROW,GREECE,ATHENS,AEGEAN AIRLINES,D,S, 62 , 0 , 56.4516129032258 , 22.5806451612903 , 11.2903225806452 , 9.67741935483871 , 0 , 0 , 21.6935483870968 , 0 , 0 , 0 , 0 
24-Mar-2010 14:25,201001,HEATHROW,GREECE,ATHENS,BRITISH AIRWAYS PLC,A,S, 88 , 0 , 73.8636363636364 , 13.6363636363636 , 5.68181818181818 , 5.68181818181818 , 0 , 1.13636363636364 , 27.7272727272727 , 0 , 85 , 87.0588235294118 , 14.5529411764706 
24-Mar-2010 14:25,201001,HEATHROW,GREECE,ATHENS,BRITISH AIRWAYS PLC,D,S, 88 , 0 , 71.5909090909091 , 12.5 , 5.68181818181818 , 6.81818181818182 , 3.40909090909091 , 0 , 22.8181818181818 , 0 , 85 , 81.1764705882353 , 9.90588235294118 
24-Mar-2010 14:25,201001,HEATHROW,GREECE,ATHENS,OLYMPIC AIR,A,S, 75 , 0 , 80 , 8 , 8 , 4 , 0 , 0 , 11.3066666666667 , 1 , 0 , 0 , 0 
24-Mar-2010 14:25,201001,HEATHROW,GREECE,ATHENS,OLYMPIC AIR,D,S, 75 , 0 , 64 , 13.3333333333333 , 14.6666666666667 , 8 , 0 , 0 , 18.0933333333333 , 1 , 0 , 0 , 0 
24-Mar-2010 14:25,201001,HEATHROW,GREECE,ATHENS,OLYMPIC AIRLINES,A,S, 0 , 0 , 0 , 0 , 0 , 0 , 0 , 0 , 0 , 0 , 74 , 68.9189189189189 , 26.3918918918919 
24-Mar-2010 14:25,201001,HEATHROW,GREECE,ATHENS,OLYMPIC AIRLINES,D,S, 0 , 0 , 0 , 0 , 0 , 0 , 0 , 0 , 0 , 0 , 73 , 79.4520547945205 , 21.3013698630137 
24-Mar-2010 14:25,201001,HEATHROW,HONG KONG,HONG KONG (CHEP LAP KOK),BRITISH AIRWAYS PLC,A,S, 61 , 0 , 98.3606557377049 , 0 , 0 , 0 , 0 , 1.63934426229508 , 8.9344262295082 , 0 , 82 , 90.2439024390244 , 4.15853658536585 
24-Mar-2010 14:25,201001,HEATHROW,HONG KONG,HONG KONG (CHEP LAP KOK),BRITISH AIRWAYS PLC,D,S, 61 , 0 , 60.655737704918 , 13.1147540983607 , 13.1147540983607 , 4.91803278688525 , 6.55737704918033 , 1.63934426229508 , 53.9180327868852 , 0 , 82 , 57.3170731707317 , 15.5121951219512 
24-Mar-2010 14:25,201001,HEATHROW,HONG KONG,HONG KONG (CHEP LAP KOK),CATHAY PACIFIC AIRWAYS,A,S, 124 , 0 , 87.9032258064516 , 7.25806451612903 , 2.41935483870968 , 2.41935483870968 , 0 , 0 , 7.13709677419355 , 1 , 122 , 72.1311475409836 , 18.9508196721311 
24-Mar-2010 14:25,201001,HEATHROW,HONG KONG,HONG KONG (CHEP LAP KOK),CATHAY PACIFIC AIRWAYS,D,S, 124 , 0 , 68.5483870967742 , 16.1290322580645 , 6.45161290322581 , 8.87096774193548 , 0 , 0 , 18.6532258064516 , 0 , 124 , 75.8064516129032 , 12.8225806451613 
24-Mar-2010 14:25,201001,HEATHROW,HONG KONG,HONG KONG (CHEP LAP KOK),VIRGIN ATLANTIC AIRWAYS LTD,A,S, 0 , 0 , 0 , 0 , 0 , 0 , 0 , 0 , 0 , 0 , 27 , 29.6296296296296 , 27.8148148148148 
24-Mar-2010 14:25,201001,HEATHROW,HONG KONG,HONG KONG (CHEP LAP KOK),VIRGIN ATLANTIC AIRWAYS LTD,D,S, 0 , 0 , 0 , 0 , 0 , 0 , 0 , 0 , 0 , 0 , 27 , 70.3703703703704 , 11.7407407407407 
24-Mar-2010 14:25,201001,HEATHROW,HUNGARY,BUDAPEST,BRITISH AIRWAYS PLC,A,S, 78 , 0 , 66.6666666666667 , 14.1025641025641 , 12.8205128205128 , 2.56410256410256 , 2.56410256410256 , 1.28205128205128 , 34.9871794871795 , 0 , 90 , 78.8888888888889 , 14.9333333333333 
24-Mar-2010 14:25,201001,HEATHROW,HUNGARY,BUDAPEST,BRITISH AIRWAYS PLC,D,S, 79 , 0 , 81.0126582278481 , 10.126582278481 , 3.79746835443038 , 2.53164556962025 , 1.26582278481013 , 1.26582278481013 , 16.0506329113924 , 0 , 90 , 86.6666666666667 , 8.25555555555556 
24-Mar-2010 14:25,201001,HEATHROW,ICELAND,KEFLAVIK,ICELANDAIR,A,S, 57 , 0 , 71.9298245614035 , 17.5438596491228 , 5.26315789473684 , 5.26315789473684 , 0 , 0 , 11.7368421052632 , 0 , 57 , 84.2105263157895 , 9.71929824561403 
24-Mar-2010 14:25,201001,HEATHROW,ICELAND,KEFLAVIK,ICELANDAIR,D,S, 57 , 0 , 70.1754385964912 , 17.5438596491228 , 7.01754385964912 , 5.26315789473684 , 0 , 0 , 12.9122807017544 , 0 , 57 , 80.7017543859649 , 11.0175438596491 
24-Mar-2010 14:25,201001,HEATHROW,INDIA,AHMEDABAD,AIR INDIA,A,S, 0 , 0 , 0 , 0 , 0 , 0 , 0 , 0 , 0 , 0 , 31 , 29.0322580645161 , 58.0645161290323 
24-Mar-2010 14:25,201001,HEATHROW,INDIA,AHMEDABAD,AIR INDIA,D,S, 0 , 0 , 0 , 0 , 0 , 0 , 0 , 0 , 0 , 0 , 31 , 38.7096774193548 , 43.7741935483871 
24-Mar-2010 14:25,201001,HEATHROW,INDIA,AMRITSAR,AIR INDIA,A,S, 17 , 0 , 29.4117647058824 , 5.88235294117647 , 11.7647058823529 , 35.2941176470588 , 11.7647058823529 , 5.88235294117647 , 157.411764705882 , 2 , 13 , 23.0769230769231 , 35.0769230769231 
24-Mar-2010 14:25,201001,HEATHROW,INDIA,AMRITSAR,AIR INDIA,D,S, 18 , 0 , 5.55555555555556 , 0 , 5.55555555555556 , 66.6666666666667 , 11.1111111111111 , 11.1111111111111 , 213.944444444444 , 1 , 13 , 38.4615384615385 , 130 
24-Mar-2010 14:25,201001,HEATHROW,INDIA,BANGALORE (BENGALURU),BRITISH AIRWAYS PLC,A,S, 29 , 0 , 82.7586206896552 , 3.44827586206897 , 6.89655172413793 , 0 , 6.89655172413793 , 0 , 19.4827586206897 , 0 , 29 , 82.7586206896552 , 18.4137931034483 
24-Mar-2010 14:25,201001,HEATHROW,INDIA,BANGALORE (BENGALURU),BRITISH AIRWAYS PLC,D,S, 29 , 0 , 58.6206896551724 , 6.89655172413793 , 24.1379310344828 , 6.89655172413793 , 3.44827586206897 , 0 , 30.9655172413793 , 0 , 31 , 58.0645161290323 , 30.1290322580645 
24-Mar-2010 14:25,201001,HEATHROW,INDIA,BANGALORE (BENGALURU),KINGFISHER AIRLINES,A,S, 0 , 0 , 0 , 0 , 0 , 0 , 0 , 0 , 0 , 0 , 31 , 32.258064516129 , 27.8709677419355 
24-Mar-2010 14:25,201001,HEATHROW,INDIA,BANGALORE (BENGALURU),KINGFISHER AIRLINES,D,S, 0 , 0 , 0 , 0 , 0 , 0 , 0 , 0 , 0 , 0 , 31 , 90.3225806451613 , 3.41935483870968 
24-Mar-2010 14:25,201001,HEATHROW,INDIA,CALCUTTA,BRITISH AIRWAYS PLC,A,S, 0 , 0 , 0 , 0 , 0 , 0 , 0 , 0 , 0 , 0 , 13 , 46.1538461538462 , 210 
24-Mar-2010 14:25,201001,HEATHROW,INDIA,CALCUTTA,BRITISH AIRWAYS PLC,D,S, 0 , 0 , 0 , 0 , 0 , 0 , 0 , 0 , 0 , 0 , 14 , 42.8571428571429 , 21.5714285714286 
24-Mar-2010 14:25,201001,HEATHROW,INDIA,CHENNAI,BRITISH AIRWAYS PLC,A,S, 22 , 0 , 86.3636363636364 , 9.09090909090909 , 0 , 4.54545454545455 , 0 , 0 , 10.2272727272727 , 1 , 20 , 80 , 7.75 
24-Mar-2010 14:25,201001,HEATHROW,INDIA,CHENNAI,BRITISH AIRWAYS PLC,D,S, 23 , 0 , 52.1739130434783 , 8.69565217391304 , 17.3913043478261 , 21.7391304347826 , 0 , 0 , 30.9130434782609 , 0 , 22 , 72.7272727272727 , 19.5454545454545 
24-Mar-2010 14:25,201001,HEATHROW,INDIA,DELHI,AIR INDIA,A,S, 45 , 0 , 37.7777777777778 , 6.66666666666667 , 11.1111111111111 , 37.7777777777778 , 6.66666666666667 , 0 , 63.6888888888889 , 0 , 30 , 66.6666666666667 , 14.4 
24-Mar-2010 14:25,201001,HEATHROW,INDIA,DELHI,AIR INDIA,D,S, 44 , 0 , 20.4545454545455 , 6.81818181818182 , 36.3636363636364 , 34.0909090909091 , 0 , 2.27272727272727 , 89.6818181818182 , 2 , 31 , 70.9677419354839 , 12.258064516129 
24-Mar-2010 14:25,201001,HEATHROW,INDIA,DELHI,BRITISH AIRWAYS PLC,A,S, 60 , 1 , 21.6666666666667 , 11.6666666666667 , 16.6666666666667 , 23.3333333333333 , 13.3333333333333 , 13.3333333333333 , 172.616666666667 , 3 , 62 , 40.3225806451613 , 51.2096774193548 
24-Mar-2010 14:25,201001,HEATHROW,INDIA,DELHI,BRITISH AIRWAYS PLC,D,S, 61 , 0 , 36.0655737704918 , 11.4754098360656 , 18.0327868852459 , 14.7540983606557 , 6.55737704918033 , 13.1147540983607 , 117 , 0 , 62 , 46.7741935483871 , 35.7903225806452 
24-Mar-2010 14:25,201001,HEATHROW,INDIA,DELHI,JET AIRWAYS,A,S, 31 , 0 , 25.8064516129032 , 3.2258064516129 , 25.8064516129032 , 45.1612903225806 , 0 , 0 , 59.8387096774194 , 0 , 31 , 12.9032258064516 , 65.6129032258064 
24-Mar-2010 14:25,201001,HEATHROW,INDIA,DELHI,JET AIRWAYS,D,S, 31 , 0 , 51.6129032258064 , 25.8064516129032 , 9.67741935483871 , 12.9032258064516 , 0 , 0 , 27.3225806451613 , 0 , 31 , 64.5161290322581 , 14.4193548387097 
24-Mar-2010 14:25,201001,HEATHROW,INDIA,DELHI,VIRGIN ATLANTIC AIRWAYS LTD,A,S, 29 , 0 , 24.1379310344828 , 24.1379310344828 , 20.6896551724138 , 27.5862068965517 , 3.44827586206897 , 0 , 50.1034482758621 , 0 , 31 , 51.6129032258064 , 23.0645161290323 
24-Mar-2010 14:25,201001,HEATHROW,INDIA,DELHI,VIRGIN ATLANTIC AIRWAYS LTD,D,S, 29 , 0 , 62.0689655172414 , 17.2413793103448 , 13.7931034482759 , 3.44827586206897 , 3.44827586206897 , 0 , 22.551724137931 , 0 , 31 , 54.8387096774194 , 15.7096774193548 
24-Mar-2010 14:25,201001,HEATHROW,INDIA,HYDERABAD ( RAJIV GHANDI ),BRITISH AIRWAYS PLC,A,S, 20 , 0 , 95 , 0 , 0 , 5 , 0 , 0 , 7.85 , 0 , 22 , 95.4545454545455 , 1.31818181818182 
24-Mar-2010 14:25,201001,HEATHROW,INDIA,HYDERABAD ( RAJIV GHANDI ),BRITISH AIRWAYS PLC,D,S, 20 , 0 , 55 , 25 , 10 , 5 , 5 , 0 , 27.4 , 0 , 22 , 77.2727272727273 , 11.3636363636364 
24-Mar-2010 14:25,201001,HEATHROW,INDIA,MUMBAI,AIR INDIA,A,S, 31 , 0 , 22.5806451612903 , 19.3548387096774 , 38.7096774193548 , 19.3548387096774 , 0 , 0 , 37.2903225806452 , 0 , 0 , 0 , 0 
24-Mar-2010 14:25,201001,HEATHROW,INDIA,MUMBAI,AIR INDIA,D,S, 31 , 0 , 38.7096774193548 , 22.5806451612903 , 12.9032258064516 , 19.3548387096774 , 6.45161290322581 , 0 , 48 , 0 , 0 , 0 , 0 
24-Mar-2010 14:25,201001,HEATHROW,INDIA,MUMBAI,BRITISH AIRWAYS PLC,A,S, 58 , 0 , 67.2413793103448 , 12.0689655172414 , 6.89655172413793 , 8.62068965517241 , 5.17241379310345 , 0 , 29.6206896551724 , 1 , 62 , 59.6774193548387 , 19.3064516129032 
24-Mar-2010 14:25,201001,HEATHROW,INDIA,MUMBAI,BRITISH AIRWAYS PLC,D,S, 60 , 0 , 50 , 28.3333333333333 , 6.66666666666667 , 10 , 5 , 0 , 34.7 , 0 , 62 , 62.9032258064516 , 17.0645161290323 
24-Mar-2010 14:25,201001,HEATHROW,INDIA,MUMBAI,JET AIRWAYS,A,S, 62 , 0 , 66.1290322580645 , 25.8064516129032 , 8.06451612903226 , 0 , 0 , 0 , 11.1935483870968 , 0 , 62 , 51.6129032258064 , 19.4516129032258 
24-Mar-2010 14:25,201001,HEATHROW,INDIA,MUMBAI,JET AIRWAYS,D,S, 62 , 0 , 75.8064516129032 , 11.2903225806452 , 8.06451612903226 , 3.2258064516129 , 0 , 1.61290322580645 , 20.3870967741935 , 0 , 62 , 80.6451612903226 , 12.258064516129 
24-Mar-2010 14:25,201001,HEATHROW,INDIA,MUMBAI,KINGFISHER AIRLINES,A,S, 31 , 0 , 61.2903225806452 , 19.3548387096774 , 19.3548387096774 , 0 , 0 , 0 , 14.3870967741935 , 0 , 27 , 14.8148148148148 , 35.5185185185185 
24-Mar-2010 14:25,201001,HEATHROW,INDIA,MUMBAI,KINGFISHER AIRLINES,D,S, 31 , 0 , 80.6451612903226 , 16.1290322580645 , 3.2258064516129 , 0 , 0 , 0 , 8.03225806451613 , 0 , 27 , 81.4814814814815 , 8.22222222222222 
24-Mar-2010 14:25,201001,HEATHROW,INDIA,MUMBAI,VIRGIN ATLANTIC AIRWAYS LTD,A,S, 0 , 0 , 0 , 0 , 0 , 0 , 0 , 0 , 0 , 0 , 31 , 61.2903225806452 , 21.9677419354839 
24-Mar-2010 14:25,201001,HEATHROW,INDIA,MUMBAI,VIRGIN ATLANTIC AIRWAYS LTD,D,S, 0 , 0 , 0 , 0 , 0 , 0 , 0 , 0 , 0 , 0 , 31 , 54.8387096774194 , 27.2903225806452 
24-Mar-2010 14:25,201001,HEATHROW,IRAN,IMAM KHOMIENI ,BMI BRITISH MIDLAND,A,S, 31 , 0 , 93.5483870967742 , 0 , 0 , 6.45161290322581 , 0 , 0 , 10.8709677419355 , 0 , 29 , 89.6551724137931 , 3.06896551724138 
24-Mar-2010 14:25,201001,HEATHROW,IRAN,IMAM KHOMIENI ,BMI BRITISH MIDLAND,D,S, 31 , 0 , 80.6451612903226 , 3.2258064516129 , 12.9032258064516 , 3.2258064516129 , 0 , 0 , 10.9032258064516 , 0 , 30 , 70 , 12.7666666666667 
24-Mar-2010 14:25,201001,HEATHROW,IRAN,IMAM KHOMIENI ,IRAN AIR,A,S, 13 , 0 , 61.5384615384615 , 38.4615384615385 , 0 , 0 , 0 , 0 , 13.0769230769231 , 0 , 13 , 46.1538461538462 , 22 
24-Mar-2010 14:25,201001,HEATHROW,IRAN,IMAM KHOMIENI ,IRAN AIR,D,S, 13 , 0 , 69.2307692307692 , 15.3846153846154 , 15.3846153846154 , 0 , 0 , 0 , 9.76923076923077 , 0 , 13 , 53.8461538461538 , 20.2307692307692 
24-Mar-2010 14:25,201001,HEATHROW,IRISH REPUBLIC,CORK,AER LINGUS,A,S, 116 , 0 , 53.448275862069 , 19.8275862068966 , 16.3793103448276 , 10.3448275862069 , 0 , 0 , 24.301724137931 , 0 , 122 , 59.8360655737705 , 23.2049180327869 
24-Mar-2010 14:25,201001,HEATHROW,IRISH REPUBLIC,CORK,AER LINGUS,D,S, 116 , 0 , 74.1379310344827 , 6.89655172413793 , 10.3448275862069 , 7.75862068965517 , 0.862068965517241 , 0 , 16.9568965517241 , 0 , 122 , 76.2295081967213 , 14.6065573770492 
24-Mar-2010 14:25,201001,HEATHROW,IRISH REPUBLIC,DUBLIN,AER ARANN,D,C, 1 , 0 , 100 , 0 , 0 , 0 , 0 , 0 , 0 , 0 , 0 , 0 , 0 
24-Mar-2010 14:25,201001,HEATHROW,IRISH REPUBLIC,DUBLIN,AER LINGUS,A,S, 335 , 1 , 61.4925373134328 , 14.9253731343284 , 11.044776119403 , 11.3432835820896 , 1.19402985074627 , 0 , 23.1970149253731 , 3 , 373 , 70.7774798927614 , 14.9731903485255 
24-Mar-2010 14:25,201001,HEATHROW,IRISH REPUBLIC,DUBLIN,AER LINGUS,D,S, 329 , 0 , 74.468085106383 , 6.68693009118541 , 8.51063829787234 , 9.11854103343465 , 1.21580547112462 , 0 , 18.3130699088146 , 9 , 374 , 85.8288770053476 , 10.1363636363636 
24-Mar-2010 14:25,201001,HEATHROW,IRISH REPUBLIC,DUBLIN,BMI BRITISH MIDLAND,A,S, 160 , 0 , 75.625 , 10.625 , 6.25 , 5 , 1.875 , 0.625 , 18.50625 , 1 , 165 , 69.0909090909091 , 17.8545454545455 
24-Mar-2010 14:25,201001,HEATHROW,IRISH REPUBLIC,DUBLIN,BMI BRITISH MIDLAND,D,S, 160 , 0 , 73.125 , 13.125 , 6.875 , 5.625 , 1.25 , 0 , 14.8125 , 2 , 166 , 81.9277108433735 , 8.95783132530121 
24-Mar-2010 14:25,201001,HEATHROW,IRISH REPUBLIC,DUBLIN,CITY JET,A,C, 2 , 0 , 0 , 0 , 100 , 0 , 0 , 0 , 35.5 , 0 , 0 , 0 , 0 
24-Mar-2010 14:25,201001,HEATHROW,IRISH REPUBLIC,DUBLIN,CITY JET,D,C, 2 , 0 , 100 , 0 , 0 , 0 , 0 , 0 , 6.5 , 0 , 0 , 0 , 0 
24-Mar-2010 14:25,201001,HEATHROW,IRISH REPUBLIC,SHANNON,AER LINGUS,A,S, 91 , 0 , 63.7362637362637 , 15.3846153846154 , 9.89010989010989 , 8.79120879120879 , 2.1978021978022 , 0 , 23.1428571428571 , 0 , 0 , 0 , 0 
24-Mar-2010 14:25,201001,HEATHROW,IRISH REPUBLIC,SHANNON,AER LINGUS,D,S, 91 , 0 , 70.3296703296703 , 10.989010989011 , 10.989010989011 , 5.49450549450549 , 2.1978021978022 , 0 , 21.3186813186813 , 0 , 0 , 0 , 0 
24-Mar-2010 14:25,201001,HEATHROW,ISRAEL,TEL AVIV,BMI BRITISH MIDLAND,A,S, 16 , 0 , 43.75 , 18.75 , 12.5 , 25 , 0 , 0 , 39.125 , 0 , 31 , 74.1935483870968 , 16 
24-Mar-2010 14:25,201001,HEATHROW,ISRAEL,TEL AVIV,BMI BRITISH MIDLAND,D,S, 15 , 0 , 26.6666666666667 , 13.3333333333333 , 26.6666666666667 , 33.3333333333333 , 0 , 0 , 54.2666666666667 , 0 , 31 , 61.2903225806452 , 26.4516129032258 
24-Mar-2010 14:25,201001,HEATHROW,ISRAEL,TEL AVIV,BRITISH AIRWAYS PLC,A,S, 57 , 0 , 73.6842105263158 , 7.01754385964912 , 5.26315789473684 , 8.7719298245614 , 3.50877192982456 , 1.75438596491228 , 43.859649122807 , 0 , 56 , 73.2142857142857 , 13.7857142857143 
24-Mar-2010 14:25,201001,HEATHROW,ISRAEL,TEL AVIV,BRITISH AIRWAYS PLC,D,S, 57 , 0 , 70.1754385964912 , 5.26315789473684 , 10.5263157894737 , 8.7719298245614 , 5.26315789473684 , 0 , 27.8947368421053 , 0 , 56 , 76.7857142857143 , 13.2857142857143 
24-Mar-2010 14:25,201001,HEATHROW,ISRAEL,TEL AVIV,EL AL,A,S, 47 , 0 , 76.5957446808511 , 19.1489361702128 , 2.12765957446809 , 2.12765957446809 , 0 , 0 , 9.51063829787234 , 0 , 47 , 76.5957446808511 , 8.29787234042553 
24-Mar-2010 14:25,201001,HEATHROW,ISRAEL,TEL AVIV,EL AL,D,S, 47 , 0 , 74.468085106383 , 19.1489361702128 , 4.25531914893617 , 2.12765957446809 , 0 , 0 , 10.8936170212766 , 0 , 47 , 82.9787234042553 , 6.12765957446809 
24-Mar-2010 14:25,201001,HEATHROW,ITALY,MILAN (LINATE),ALITALIA,A,S, 0 , 0 , 0 , 0 , 0 , 0 , 0 , 0 , 0 , 0 , 124 , 70.9677419354839 , 12.0241935483871 
24-Mar-2010 14:25,201001,HEATHROW,ITALY,MILAN (LINATE),ALITALIA,D,S, 0 , 0 , 0 , 0 , 0 , 0 , 0 , 0 , 0 , 0 , 124 , 73.3870967741935 , 14.9354838709677 
24-Mar-2010 14:25,201001,HEATHROW,ITALY,MILAN (LINATE),ALITALIA (CAI),A,S, 130 , 0 , 86.1538461538462 , 5.38461538461539 , 5.38461538461539 , 3.07692307692308 , 0 , 0 , 7.88461538461539 , 0 , 0 , 0 , 0 
24-Mar-2010 14:25,201001,HEATHROW,ITALY,MILAN (LINATE),ALITALIA (CAI),D,S, 129 , 0 , 79.0697674418605 , 10.8527131782946 , 5.42635658914729 , 4.65116279069767 , 0 , 0 , 10.7131782945736 , 0 , 0 , 0 , 0 
24-Mar-2010 14:25,201001,HEATHROW,ITALY,MILAN (LINATE),BRITISH AIRWAYS PLC,A,S, 136 , 0 , 77.9411764705882 , 8.82352941176471 , 3.67647058823529 , 6.61764705882353 , 2.20588235294118 , 0.735294117647059 , 24.4338235294118 , 0 , 121 , 72.7272727272727 , 23.0909090909091 
24-Mar-2010 14:25,201001,HEATHROW,ITALY,MILAN (LINATE),BRITISH AIRWAYS PLC,D,S, 137 , 0 , 78.8321167883212 , 5.83941605839416 , 3.64963503649635 , 8.02919708029197 , 3.64963503649635 , 0 , 20.5401459854015 , 0 , 122 , 78.6885245901639 , 15.6147540983607 
24-Mar-2010 14:25,201001,HEATHROW,ITALY,MILAN (MALPENSA),AMERICAN AIRLINES,A,S, 0 , 1 , 0 , 0 , 0 , 0 , 0 , 0 , 0 , 0 , 0 , 0 , 0 
24-Mar-2010 14:25,201001,HEATHROW,ITALY,MILAN (MALPENSA),BRITISH AIRWAYS PLC,A,S, 98 , 0 , 77.5510204081633 , 4.08163265306122 , 10.2040816326531 , 6.12244897959184 , 2.04081632653061 , 0 , 18.4285714285714 , 0 , 119 , 75.6302521008403 , 24.0672268907563 
24-Mar-2010 14:25,201001,HEATHROW,ITALY,MILAN (MALPENSA),BRITISH AIRWAYS PLC,D,S, 99 , 0 , 79.7979797979798 , 7.07070707070707 , 5.05050505050505 , 6.06060606060606 , 2.02020202020202 , 0 , 15.7070707070707 , 0 , 121 , 74.3801652892562 , 13.8760330578512 
24-Mar-2010 14:25,201001,HEATHROW,ITALY,MILAN (MALPENSA),LUFTHANSA,A,S, 145 , 0 , 41.3793103448276 , 19.3103448275862 , 24.8275862068966 , 13.7931034482759 , 0.689655172413793 , 0 , 33.7310344827586 , 3 , 0 , 0 , 0 
24-Mar-2010 14:25,201001,HEATHROW,ITALY,MILAN (MALPENSA),LUFTHANSA,D,S, 145 , 0 , 50.3448275862069 , 23.448275862069 , 14.4827586206897 , 10.3448275862069 , 1.37931034482759 , 0 , 26.551724137931 , 2 , 0 , 0 , 0 
24-Mar-2010 14:25,201001,HEATHROW,ITALY,PISA,BRITISH AIRWAYS PLC,A,S, 38 , 0 , 68.421052631579 , 10.5263157894737 , 15.7894736842105 , 2.63157894736842 , 0 , 2.63157894736842 , 44.0263157894737 , 0 , 0 , 0 , 0 
24-Mar-2010 14:25,201001,HEATHROW,ITALY,PISA,BRITISH AIRWAYS PLC,D,S, 38 , 0 , 78.9473684210526 , 5.26315789473684 , 10.5263157894737 , 2.63157894736842 , 2.63157894736842 , 0 , 16.2368421052632 , 0 , 0 , 0 , 0 
24-Mar-2010 14:25,201001,HEATHROW,ITALY,ROME (FIUMICINO),ALITALIA,A,S, 0 , 0 , 0 , 0 , 0 , 0 , 0 , 0 , 0 , 0 , 143 , 62.2377622377622 , 19.6573426573427 
24-Mar-2010 14:25,201001,HEATHROW,ITALY,ROME (FIUMICINO),ALITALIA,D,S, 0 , 0 , 0 , 0 , 0 , 0 , 0 , 0 , 0 , 0 , 142 , 67.6056338028169 , 15.056338028169 
24-Mar-2010 14:25,201001,HEATHROW,ITALY,ROME (FIUMICINO),ALITALIA (CAI),A,S, 148 , 0 , 70.945945945946 , 11.4864864864865 , 9.45945945945946 , 8.10810810810811 , 0 , 0 , 16.4662162162162 , 1 , 0 , 0 , 0 
24-Mar-2010 14:25,201001,HEATHROW,ITALY,ROME (FIUMICINO),ALITALIA (CAI),D,S, 147 , 0 , 63.265306122449 , 17.0068027210884 , 5.4421768707483 , 13.6054421768707 , 0.680272108843537 , 0 , 20.0952380952381 , 0 , 0 , 0 , 0 
24-Mar-2010 14:25,201001,HEATHROW,ITALY,ROME (FIUMICINO),AMERICAN AIRLINES,A,S, 0 , 1 , 0 , 0 , 0 , 0 , 0 , 0 , 0 , 0 , 0 , 0 , 0 
24-Mar-2010 14:25,201001,HEATHROW,ITALY,ROME (FIUMICINO),BRITISH AIRWAYS PLC,A,S, 143 , 0 , 65.7342657342657 , 13.2867132867133 , 11.1888111888112 , 8.39160839160839 , 1.3986013986014 , 0 , 19.6083916083916 , 0 , 141 , 77.3049645390071 , 16.3120567375887 
24-Mar-2010 14:25,201001,HEATHROW,ITALY,ROME (FIUMICINO),BRITISH AIRWAYS PLC,D,S, 144 , 0 , 72.9166666666667 , 12.5 , 6.94444444444444 , 7.63888888888889 , 0 , 0 , 15.1388888888889 , 0 , 142 , 81.6901408450704 , 11.2042253521127 
24-Mar-2010 14:25,201001,HEATHROW,ITALY,ROME (FIUMICINO),JET2.COM LTD,D,C, 0 , 1 , 0 , 0 , 0 , 0 , 0 , 0 , 0 , 0 , 0 , 0 , 0 
24-Mar-2010 14:25,201001,HEATHROW,ITALY,VENICE,BMI BRITISH MIDLAND,A,S, 0 , 0 , 0 , 0 , 0 , 0 , 0 , 0 , 0 , 0 , 31 , 83.8709677419355 , 14.8064516129032 
24-Mar-2010 14:25,201001,HEATHROW,ITALY,VENICE,BMI BRITISH MIDLAND,D,S, 0 , 0 , 0 , 0 , 0 , 0 , 0 , 0 , 0 , 0 , 31 , 80.6451612903226 , 6.7741935483871 
24-Mar-2010 14:25,201001,HEATHROW,ITALY,VENICE,BRITISH AIRWAYS PLC,A,S, 10 , 0 , 90 , 0 , 10 , 0 , 0 , 0 , 6.9 , 0 , 31 , 64.5161290322581 , 52.0322580645161 
24-Mar-2010 14:25,201001,HEATHROW,ITALY,VENICE,BRITISH AIRWAYS PLC,D,S, 10 , 0 , 100 , 0 , 0 , 0 , 0 , 0 , 1.4 , 0 , 31 , 70.9677419354839 , 17.741935483871 
24-Mar-2010 14:25,201001,HEATHROW,JAMAICA,MONTEGO BAY,VIRGIN ATLANTIC AIRWAYS LTD,A,S, 0 , 2 , 0 , 0 , 0 , 0 , 0 , 0 , 0 , 0 , 0 , 0 , 0 
24-Mar-2010 14:25,201001,HEATHROW,JAPAN,OSAKA (KANSAI),JAPAN AIRLINES,A,S, 0 , 0 , 0 , 0 , 0 , 0 , 0 , 0 , 0 , 0 , 29 , 82.7586206896552 , 5.31034482758621 
24-Mar-2010 14:25,201001,HEATHROW,JAPAN,OSAKA (KANSAI),JAPAN AIRLINES,D,S, 0 , 0 , 0 , 0 , 0 , 0 , 0 , 0 , 0 , 0 , 31 , 93.5483870967742 , 3.87096774193548 
24-Mar-2010 14:25,201001,HEATHROW,JAPAN,TOKYO (NARITA),ALL NIPPON AIRWAYS,A,S, 31 , 0 , 96.7741935483871 , 3.2258064516129 , 0 , 0 , 0 , 0 , 2.38709677419355 , 0 , 31 , 96.7741935483871 , 1.70967741935484 
24-Mar-2010 14:25,201001,HEATHROW,JAPAN,TOKYO (NARITA),ALL NIPPON AIRWAYS,D,S, 31 , 0 , 77.4193548387097 , 16.1290322580645 , 6.45161290322581 , 0 , 0 , 0 , 8.38709677419355 , 0 , 31 , 80.6451612903226 , 6.12903225806452 
24-Mar-2010 14:25,201001,HEATHROW,JAPAN,TOKYO (NARITA),BRITISH AIRWAYS PLC,A,S, 29 , 0 , 48.2758620689655 , 13.7931034482759 , 20.6896551724138 , 13.7931034482759 , 3.44827586206897 , 0 , 34.4827586206897 , 0 , 29 , 86.2068965517241 , 8.24137931034483 
24-Mar-2010 14:25,201001,HEATHROW,JAPAN,TOKYO (NARITA),BRITISH AIRWAYS PLC,D,S, 29 , 0 , 55.1724137931034 , 13.7931034482759 , 13.7931034482759 , 13.7931034482759 , 3.44827586206897 , 0 , 36.6551724137931 , 0 , 31 , 70.9677419354839 , 9.06451612903226 
24-Mar-2010 14:25,201001,HEATHROW,JAPAN,TOKYO (NARITA),JAPAN AIRLINES,A,S, 31 , 0 , 93.5483870967742 , 6.45161290322581 , 0 , 0 , 0 , 0 , 3.51612903225806 , 0 , 29 , 82.7586206896552 , 6 
24-Mar-2010 14:25,201001,HEATHROW,JAPAN,TOKYO (NARITA),JAPAN AIRLINES,D,S, 31 , 0 , 77.4193548387097 , 19.3548387096774 , 0 , 3.2258064516129 , 0 , 0 , 8.83870967741935 , 0 , 31 , 70.9677419354839 , 9.54838709677419 
24-Mar-2010 14:25,201001,HEATHROW,JAPAN,TOKYO (NARITA),VIRGIN ATLANTIC AIRWAYS LTD,A,S, 26 , 0 , 80.7692307692308 , 7.69230769230769 , 3.84615384615385 , 7.69230769230769 , 0 , 0 , 12.8846153846154 , 0 , 26 , 80.7692307692308 , 8.23076923076923 
24-Mar-2010 14:25,201001,HEATHROW,JAPAN,TOKYO (NARITA),VIRGIN ATLANTIC AIRWAYS LTD,D,S, 26 , 0 , 50 , 30.7692307692308 , 11.5384615384615 , 7.69230769230769 , 0 , 0 , 21.6538461538462 , 0 , 27 , 66.6666666666667 , 16 
24-Mar-2010 14:25,201001,HEATHROW,JORDAN,AMMAN,BMI BRITISH MIDLAND,A,S, 18 , 0 , 94.4444444444444 , 5.55555555555556 , 0 , 0 , 0 , 0 , 1.55555555555556 , 0 , 30 , 90 , 6.26666666666667 
24-Mar-2010 14:25,201001,HEATHROW,JORDAN,AMMAN,BMI BRITISH MIDLAND,D,S, 18 , 0 , 72.2222222222222 , 16.6666666666667 , 11.1111111111111 , 0 , 0 , 0 , 9.77777777777778 , 0 , 30 , 70 , 21.3666666666667 
24-Mar-2010 14:25,201001,HEATHROW,JORDAN,AMMAN,ROYAL JORDANIAN,A,S, 31 , 0 , 54.8387096774194 , 22.5806451612903 , 19.3548387096774 , 3.2258064516129 , 0 , 0 , 20.2903225806452 , 0 , 31 , 35.4838709677419 , 20.8064516129032 
24-Mar-2010 14:25,201001,HEATHROW,JORDAN,AMMAN,ROYAL JORDANIAN,D,S, 31 , 0 , 70.9677419354839 , 22.5806451612903 , 3.2258064516129 , 3.2258064516129 , 0 , 0 , 11.5161290322581 , 0 , 31 , 54.8387096774194 , 18.1612903225806 
24-Mar-2010 14:25,201001,HEATHROW,KAZAKHSTAN,ALMATY,AIR ASTANA,A,S, 9 , 0 , 55.5555555555556 , 33.3333333333333 , 11.1111111111111 , 0 , 0 , 0 , 13.3333333333333 , 0 , 9 , 33.3333333333333 , 64.5555555555556 
24-Mar-2010 14:25,201001,HEATHROW,KAZAKHSTAN,ALMATY,AIR ASTANA,D,S, 9 , 0 , 55.5555555555556 , 22.2222222222222 , 11.1111111111111 , 11.1111111111111 , 0 , 0 , 20.4444444444444 , 0 , 9 , 55.5555555555556 , 48.8888888888889 
24-Mar-2010 14:25,201001,HEATHROW,KAZAKHSTAN,URALSK,BMI BRITISH MIDLAND,A,C, 0 , 0 , 0 , 0 , 0 , 0 , 0 , 0 , 0 , 0 , 4 , 50 , 32 
24-Mar-2010 14:25,201001,HEATHROW,KAZAKHSTAN,URALSK,BMI BRITISH MIDLAND,D,C, 0 , 0 , 0 , 0 , 0 , 0 , 0 , 0 , 0 , 0 , 4 , 75 , 5 
24-Mar-2010 14:25,201001,HEATHROW,KENYA,MOMBASA,KENYA AIRWAYS,A,S, 0 , 0 , 0 , 0 , 0 , 0 , 0 , 0 , 0 , 0 , 2 , 50 , 28 
24-Mar-2010 14:25,201001,HEATHROW,KENYA,NAIROBI,BRITISH AIRWAYS PLC,A,S, 29 , 0 , 62.0689655172414 , 10.3448275862069 , 13.7931034482759 , 10.3448275862069 , 0 , 3.44827586206897 , 32.8275862068966 , 0 , 31 , 45.1612903225806 , 32.7096774193548 
24-Mar-2010 14:25,201001,HEATHROW,KENYA,NAIROBI,BRITISH AIRWAYS PLC,D,S, 29 , 0 , 51.7241379310345 , 13.7931034482759 , 27.5862068965517 , 3.44827586206897 , 0 , 3.44827586206897 , 38.1379310344828 , 0 , 31 , 51.6129032258064 , 27.6129032258065 
24-Mar-2010 14:25,201001,HEATHROW,KENYA,NAIROBI,KENYA AIRWAYS,A,S, 35 , 0 , 82.8571428571429 , 2.85714285714286 , 5.71428571428571 , 5.71428571428571 , 0 , 2.85714285714286 , 32.1142857142857 , 0 , 33 , 75.7575757575758 , 16.5454545454545 
24-Mar-2010 14:25,201001,HEATHROW,KENYA,NAIROBI,KENYA AIRWAYS,D,S, 35 , 0 , 74.2857142857143 , 11.4285714285714 , 2.85714285714286 , 8.57142857142857 , 2.85714285714286 , 0 , 19.8285714285714 , 0 , 35 , 85.7142857142857 , 27.9714285714286 
24-Mar-2010 14:25,201001,HEATHROW,KENYA,NAIROBI,VIRGIN ATLANTIC AIRWAYS LTD,A,S, 27 , 0 , 77.7777777777778 , 18.5185185185185 , 0 , 3.7037037037037 , 0 , 0 , 9.66666666666667 , 0 , 29 , 79.3103448275862 , 38.2758620689655 
24-Mar-2010 14:25,201001,HEATHROW,KENYA,NAIROBI,VIRGIN ATLANTIC AIRWAYS LTD,D,S, 27 , 0 , 44.4444444444444 , 25.9259259259259 , 14.8148148148148 , 14.8148148148148 , 0 , 0 , 33.3703703703704 , 0 , 29 , 68.9655172413793 , 35.7586206896552 
24-Mar-2010 14:25,201001,HEATHROW,KUWAIT,KUWAIT,BRITISH AIRWAYS PLC,A,S, 29 , 0 , 82.7586206896552 , 3.44827586206897 , 3.44827586206897 , 3.44827586206897 , 6.89655172413793 , 0 , 19.5172413793103 , 0 , 31 , 93.5483870967742 , 2.51612903225806 
24-Mar-2010 14:25,201001,HEATHROW,KUWAIT,KUWAIT,BRITISH AIRWAYS PLC,D,S, 29 , 0 , 65.5172413793103 , 13.7931034482759 , 10.3448275862069 , 3.44827586206897 , 6.89655172413793 , 0 , 30.9655172413793 , 0 , 31 , 80.6451612903226 , 8.70967741935484 
24-Mar-2010 14:25,201001,HEATHROW,KUWAIT,KUWAIT,KUWAIT AIRWAYS,A,S, 31 , 0 , 41.9354838709677 , 22.5806451612903 , 22.5806451612903 , 12.9032258064516 , 0 , 0 , 28.6129032258065 , 0 , 31 , 58.0645161290323 , 22.4516129032258 
24-Mar-2010 14:25,201001,HEATHROW,KUWAIT,KUWAIT,KUWAIT AIRWAYS,D,S, 31 , 0 , 64.5161290322581 , 16.1290322580645 , 0 , 12.9032258064516 , 6.45161290322581 , 0 , 34.0967741935484 , 0 , 31 , 77.4193548387097 , 10.0967741935484 
24-Mar-2010 14:25,201001,HEATHROW,KYRGYZSTAN,BISHKEK (FRUNZE),BMI BRITISH MIDLAND,A,S, 12 , 1 , 50 , 8.33333333333333 , 8.33333333333333 , 25 , 8.33333333333333 , 0 , 60.9166666666667 , 2 , 12 , 41.6666666666667 , 54.8333333333333 
24-Mar-2010 14:25,201001,HEATHROW,KYRGYZSTAN,BISHKEK (FRUNZE),BMI BRITISH MIDLAND,D,S, 13 , 0 , 69.2307692307692 , 15.3846153846154 , 7.69230769230769 , 7.69230769230769 , 0 , 0 , 18.6153846153846 , 0 , 13 , 76.9230769230769 , 10.8461538461538 
24-Mar-2010 14:25,201001,HEATHROW,LEBANON,BEIRUT,BMI BRITISH MIDLAND,A,S, 18 , 0 , 94.4444444444444 , 5.55555555555556 , 0 , 0 , 0 , 0 , 2.22222222222222 , 0 , 10 , 80 , 7.1 
24-Mar-2010 14:25,201001,HEATHROW,LEBANON,BEIRUT,BMI BRITISH MIDLAND,D,S, 18 , 0 , 72.2222222222222 , 16.6666666666667 , 0 , 11.1111111111111 , 0 , 0 , 20.1666666666667 , 0 , 9 , 77.7777777777778 , 9.11111111111111 
24-Mar-2010 14:25,201001,HEATHROW,LEBANON,BEIRUT,MEA,A,S, 31 , 0 , 51.6129032258064 , 35.4838709677419 , 12.9032258064516 , 0 , 0 , 0 , 14.1290322580645 , 0 , 31 , 54.8387096774194 , 20.8709677419355 
24-Mar-2010 14:25,201001,HEATHROW,LEBANON,BEIRUT,MEA,D,S, 31 , 0 , 80.6451612903226 , 12.9032258064516 , 0 , 6.45161290322581 , 0 , 0 , 10.5483870967742 , 0 , 31 , 70.9677419354839 , 15.4193548387097 
24-Mar-2010 14:25,201001,HEATHROW,LIBYA,TRIPOLI,BRITISH AIRWAYS PLC,A,S, 45 , 0 , 57.7777777777778 , 17.7777777777778 , 15.5555555555556 , 6.66666666666667 , 2.22222222222222 , 0 , 24.3333333333333 , 0 , 30 , 76.6666666666667 , 8.66666666666667 
24-Mar-2010 14:25,201001,HEATHROW,LIBYA,TRIPOLI,BRITISH AIRWAYS PLC,D,S, 44 , 0 , 75 , 2.27272727272727 , 11.3636363636364 , 9.09090909090909 , 2.27272727272727 , 0 , 22 , 0 , 30 , 86.6666666666667 , 10.5666666666667 
24-Mar-2010 14:25,201001,HEATHROW,LIBYA,TRIPOLI,LIBYAN ARAB AIRLINES,A,S, 9 , 0 , 55.5555555555556 , 0 , 33.3333333333333 , 0 , 11.1111111111111 , 0 , 43.3333333333333 , 0 , 9 , 33.3333333333333 , 53.3333333333333 
24-Mar-2010 14:25,201001,HEATHROW,LIBYA,TRIPOLI,LIBYAN ARAB AIRLINES,D,S, 8 , 1 , 50 , 37.5 , 0 , 12.5 , 0 , 0 , 18.75 , 0 , 9 , 11.1111111111111 , 57 
24-Mar-2010 14:25,201001,HEATHROW,MALAYSIA,KUALA LUMPUR (SEPANG),MALAYSIAN AIRLINES SYSTEM-MAS,A,S, 62 , 0 , 69.3548387096774 , 24.1935483870968 , 3.2258064516129 , 3.2258064516129 , 0 , 0 , 13.4677419354839 , 0 , 62 , 67.741935483871 , 14.8709677419355 
24-Mar-2010 14:25,201001,HEATHROW,MALAYSIA,KUALA LUMPUR (SEPANG),MALAYSIAN AIRLINES SYSTEM-MAS,D,S, 62 , 0 , 70.9677419354839 , 14.5161290322581 , 11.2903225806452 , 3.2258064516129 , 0 , 0 , 13.5806451612903 , 0 , 62 , 83.8709677419355 , 8.03225806451613 
24-Mar-2010 14:25,201001,HEATHROW,MALTA,MALTA,AIR MALTA,A,S, 62 , 0 , 79.0322580645161 , 8.06451612903226 , 6.45161290322581 , 6.45161290322581 , 0 , 0 , 10.6290322580645 , 0 , 62 , 82.258064516129 , 13.7258064516129 
24-Mar-2010 14:25,201001,HEATHROW,MALTA,MALTA,AIR MALTA,D,S, 62 , 0 , 61.2903225806452 , 16.1290322580645 , 12.9032258064516 , 9.67741935483871 , 0 , 0 , 20.0645161290323 , 0 , 62 , 74.1935483870968 , 15.7903225806452 
24-Mar-2010 14:25,201001,HEATHROW,MAURITIUS,MAURITIUS,AIR MAURITIUS LTD,A,S, 17 , 0 , 41.1764705882353 , 17.6470588235294 , 23.5294117647059 , 17.6470588235294 , 0 , 0 , 28.2941176470588 , 0 , 23 , 13.0434782608696 , 85.9130434782609 
24-Mar-2010 14:25,201001,HEATHROW,MAURITIUS,MAURITIUS,AIR MAURITIUS LTD,D,S, 17 , 0 , 41.1764705882353 , 17.6470588235294 , 17.6470588235294 , 23.5294117647059 , 0 , 0 , 40.4705882352941 , 0 , 23 , 52.1739130434783 , 55.3913043478261 
24-Mar-2010 14:25,201001,HEATHROW,MAURITIUS,MAURITIUS,BRITISH AIRWAYS PLC,A,S, 12 , 1 , 58.3333333333333 , 16.6666666666667 , 0 , 16.6666666666667 , 0 , 8.33333333333333 , 166.416666666667 , 2 , 14 , 35.7142857142857 , 23.7142857142857 
24-Mar-2010 14:25,201001,HEATHROW,MAURITIUS,MAURITIUS,BRITISH AIRWAYS PLC,D,S, 14 , 0 , 35.7142857142857 , 14.2857142857143 , 21.4285714285714 , 21.4285714285714 , 7.14285714285714 , 0 , 51.7142857142857 , 0 , 13 , 61.5384615384615 , 14.5384615384615 
24-Mar-2010 14:25,201001,HEATHROW,MAURITIUS,MAURITIUS,VIRGIN ATLANTIC AIRWAYS LTD,A,S, 9 , 0 , 77.7777777777778 , 0 , 11.1111111111111 , 11.1111111111111 , 0 , 0 , 19.2222222222222 , 0 , 9 , 88.8888888888889 , 3.44444444444444 
24-Mar-2010 14:25,201001,HEATHROW,MAURITIUS,MAURITIUS,VIRGIN ATLANTIC AIRWAYS LTD,D,S, 10 , 0 , 60 , 30 , 0 , 10 , 0 , 0 , 20.8 , 0 , 9 , 44.4444444444444 , 18.3333333333333 
24-Mar-2010 14:25,201001,HEATHROW,MEXICO,MEXICO CITY,BRITISH AIRWAYS PLC,A,S, 13 , 0 , 69.2307692307692 , 7.69230769230769 , 15.3846153846154 , 7.69230769230769 , 0 , 0 , 23.5384615384615 , 0 , 14 , 85.7142857142857 , 8.28571428571429 
24-Mar-2010 14:25,201001,HEATHROW,MEXICO,MEXICO CITY,BRITISH AIRWAYS PLC,D,S, 13 , 0 , 30.7692307692308 , 30.7692307692308 , 15.3846153846154 , 15.3846153846154 , 7.69230769230769 , 0 , 46.6153846153846 , 0 , 13 , 38.4615384615385 , 23.1538461538462 
24-Mar-2010 14:25,201001,HEATHROW,MOROCCO,CASABLANCA MOHAMED V,ROYAL AIR MAROC,A,S, 0 , 0 , 0 , 0 , 0 , 0 , 0 , 0 , 0 , 0 , 7 , 42.8571428571429 , 45.1428571428571 
24-Mar-2010 14:25,201001,HEATHROW,MOROCCO,CASABLANCA MOHAMED V,ROYAL AIR MAROC,D,S, 8 , 0 , 75 , 12.5 , 0 , 12.5 , 0 , 0 , 18.125 , 0 , 7 , 71.4285714285714 , 23.2857142857143 
24-Mar-2010 14:25,201001,HEATHROW,MOROCCO,MARRAKESH,ROYAL AIR MAROC,A,S, 31 , 0 , 74.1935483870968 , 6.45161290322581 , 12.9032258064516 , 6.45161290322581 , 0 , 0 , 14.3548387096774 , 0 , 28 , 50 , 24.1428571428571 
24-Mar-2010 14:25,201001,HEATHROW,MOROCCO,MARRAKESH,ROYAL AIR MAROC,D,S, 23 , 0 , 86.9565217391304 , 0 , 8.69565217391304 , 4.34782608695652 , 0 , 0 , 9.82608695652174 , 0 , 27 , 66.6666666666667 , 18.7037037037037 
24-Mar-2010 14:25,201001,HEATHROW,MOROCCO,TANGIERS (IBN BATUTA),ATLAS BLUE,A,S, 0 , 0 , 0 , 0 , 0 , 0 , 0 , 0 , 0 , 0 , 4 , 75 , 48.5 
24-Mar-2010 14:25,201001,HEATHROW,MOROCCO,TANGIERS (IBN BATUTA),ATLAS BLUE,D,S, 0 , 0 , 0 , 0 , 0 , 0 , 0 , 0 , 0 , 0 , 4 , 75 , 43.25 
24-Mar-2010 14:25,201001,HEATHROW,MOROCCO,TANGIERS (IBN BATUTA),ROYAL AIR MAROC,A,S, 9 , 0 , 55.5555555555556 , 33.3333333333333 , 11.1111111111111 , 0 , 0 , 0 , 12.4444444444444 , 0 , 0 , 0 , 0 
24-Mar-2010 14:25,201001,HEATHROW,MOROCCO,TANGIERS (IBN BATUTA),ROYAL AIR MAROC,D,S, 9 , 0 , 77.7777777777778 , 11.1111111111111 , 0 , 11.1111111111111 , 0 , 0 , 12.5555555555556 , 0 , 0 , 0 , 0 
24-Mar-2010 14:25,201001,HEATHROW,NETHERLANDS,AMSTERDAM,BMI BRITISH MIDLAND,A,S, 98 , 0 , 72.4489795918367 , 14.2857142857143 , 6.12244897959184 , 7.14285714285714 , 0 , 0 , 13.8673469387755 , 1 , 184 , 82.0652173913043 , 13.7989130434783 
24-Mar-2010 14:25,201001,HEATHROW,NETHERLANDS,AMSTERDAM,BMI BRITISH MIDLAND,D,S, 98 , 0 , 82.6530612244898 , 4.08163265306122 , 10.2040816326531 , 3.06122448979592 , 0 , 0 , 9.78571428571429 , 1 , 184 , 82.0652173913043 , 9.01630434782609 
24-Mar-2010 14:25,201001,HEATHROW,NETHERLANDS,AMSTERDAM,BRITISH AIRWAYS PLC,A,S, 178 , 0 , 71.3483146067416 , 12.9213483146067 , 8.42696629213483 , 6.74157303370787 , 0.561797752808989 , 0 , 16.0730337078652 , 0 , 170 , 77.6470588235294 , 14.7117647058824 
24-Mar-2010 14:25,201001,HEATHROW,NETHERLANDS,AMSTERDAM,BRITISH AIRWAYS PLC,D,S, 178 , 0 , 78.6516853932584 , 8.42696629213483 , 7.86516853932584 , 3.93258426966292 , 1.12359550561798 , 0 , 12.7977528089888 , 0 , 170 , 84.1176470588235 , 10.5882352941176 
24-Mar-2010 14:25,201001,HEATHROW,NETHERLANDS,AMSTERDAM,KLM,A,S, 232 , 0 , 84.051724137931 , 5.17241379310345 , 3.44827586206897 , 6.89655172413793 , 0.431034482758621 , 0 , 11.4008620689655 , 6 , 215 , 82.3255813953488 , 10.4186046511628 
24-Mar-2010 14:25,201001,HEATHROW,NETHERLANDS,AMSTERDAM,KLM,D,S, 230 , 0 , 85.6521739130435 , 5.65217391304348 , 4.78260869565217 , 3.47826086956522 , 0.434782608695652 , 0 , 8.85217391304348 , 9 , 215 , 85.5813953488372 , 9.92093023255814 
24-Mar-2010 14:25,201001,HEATHROW,NETHERLANDS,AMSTERDAM,KLM CITYHOPPER,A,S, 33 , 0 , 78.7878787878788 , 3.03030303030303 , 18.1818181818182 , 0 , 0 , 0 , 9.06060606060606 , 0 , 63 , 84.1269841269841 , 7.98412698412698 
24-Mar-2010 14:25,201001,HEATHROW,NETHERLANDS,AMSTERDAM,KLM CITYHOPPER,D,S, 32 , 0 , 81.25 , 6.25 , 3.125 , 9.375 , 0 , 0 , 12.09375 , 0 , 63 , 95.2380952380952 , 2.19047619047619 
24-Mar-2010 14:25,201001,HEATHROW,NETHERLANDS,ROTTERDAM,TRANSAVIA,A,S, 0 , 1 , 0 , 0 , 0 , 0 , 0 , 0 , 0 , 0 , 0 , 0 , 0 
24-Mar-2010 14:25,201001,HEATHROW,NEW ZEALAND,AUCKLAND INTERNATIONAL,AIR NEW ZEALAND LTD,A,S, 54 , 0 , 64.8148148148148 , 14.8148148148148 , 16.6666666666667 , 3.7037037037037 , 0 , 0 , 14.5 , 0 , 61 , 80.327868852459 , 7.52459016393443 
24-Mar-2010 14:25,201001,HEATHROW,NEW ZEALAND,AUCKLAND INTERNATIONAL,AIR NEW ZEALAND LTD,D,S, 54 , 0 , 72.2222222222222 , 9.25925925925926 , 11.1111111111111 , 5.55555555555556 , 1.85185185185185 , 0 , 18.1666666666667 , 0 , 62 , 85.4838709677419 , 6.43548387096774 
24-Mar-2010 14:25,201001,HEATHROW,NIGERIA,ABUJA,ARIK AIR,A,S, 19 , 0 , 47.3684210526316 , 31.5789473684211 , 15.7894736842105 , 5.26315789473684 , 0 , 0 , 19.4210526315789 , 1 , 0 , 0 , 0 
24-Mar-2010 14:25,201001,HEATHROW,NIGERIA,ABUJA,ARIK AIR,D,S, 19 , 0 , 89.4736842105263 , 5.26315789473684 , 0 , 5.26315789473684 , 0 , 0 , 4.63157894736842 , 2 , 0 , 0 , 0 
24-Mar-2010 14:25,201001,HEATHROW,NIGERIA,ABUJA,BRITISH AIRWAYS PLC,A,S, 30 , 0 , 66.6666666666667 , 10 , 13.3333333333333 , 10 , 0 , 0 , 17.8 , 0 , 30 , 83.3333333333333 , 24.1666666666667 
24-Mar-2010 14:25,201001,HEATHROW,NIGERIA,ABUJA,BRITISH AIRWAYS PLC,D,S, 30 , 0 , 66.6666666666667 , 10 , 6.66666666666667 , 10 , 6.66666666666667 , 0 , 40.5 , 0 , 31 , 64.5161290322581 , 15.7096774193548 
24-Mar-2010 14:25,201001,HEATHROW,NIGERIA,LAGOS,ARIK AIR,A,S, 30 , 0 , 46.6666666666667 , 10 , 26.6666666666667 , 3.33333333333333 , 13.3333333333333 , 0 , 52.6666666666667 , 0 , 29 , 62.0689655172414 , 24.7241379310345 
24-Mar-2010 14:25,201001,HEATHROW,NIGERIA,LAGOS,ARIK AIR,D,S, 30 , 0 , 70 , 6.66666666666667 , 16.6666666666667 , 6.66666666666667 , 0 , 0 , 16.3 , 0 , 30 , 93.3333333333333 , 2.26666666666667 
24-Mar-2010 14:25,201001,HEATHROW,NIGERIA,LAGOS,BELLVIEW AIRLINES (NIGERIA),A,S, 0 , 0 , 0 , 0 , 0 , 0 , 0 , 0 , 0 , 0 , 24 , 58.3333333333333 , 43.6666666666667 
24-Mar-2010 14:25,201001,HEATHROW,NIGERIA,LAGOS,BELLVIEW AIRLINES (NIGERIA),D,S, 0 , 0 , 0 , 0 , 0 , 0 , 0 , 0 , 0 , 0 , 24 , 83.3333333333333 , 7.29166666666667 
24-Mar-2010 14:25,201001,HEATHROW,NIGERIA,LAGOS,BRITISH AIRWAYS PLC,A,S, 30 , 0 , 73.3333333333333 , 16.6666666666667 , 0 , 3.33333333333333 , 6.66666666666667 , 0 , 23.2666666666667 , 1 , 31 , 93.5483870967742 , 24.7741935483871 
24-Mar-2010 14:25,201001,HEATHROW,NIGERIA,LAGOS,BRITISH AIRWAYS PLC,D,S, 31 , 0 , 29.0322580645161 , 29.0322580645161 , 22.5806451612903 , 9.67741935483871 , 0 , 9.67741935483871 , 72.5161290322581 , 0 , 31 , 19.3548387096774 , 31.4516129032258 
24-Mar-2010 14:25,201001,HEATHROW,NIGERIA,LAGOS,VIRGIN ATLANTIC AIRWAYS LTD,A,S, 31 , 0 , 51.6129032258064 , 12.9032258064516 , 16.1290322580645 , 12.9032258064516 , 3.2258064516129 , 3.2258064516129 , 59.4193548387097 , 0 , 29 , 65.5172413793103 , 25.1724137931034 
24-Mar-2010 14:25,201001,HEATHROW,NIGERIA,LAGOS,VIRGIN ATLANTIC AIRWAYS LTD,D,S, 31 , 0 , 58.0645161290323 , 9.67741935483871 , 16.1290322580645 , 12.9032258064516 , 3.2258064516129 , 0 , 33.2258064516129 , 0 , 32 , 46.875 , 21.65625 
24-Mar-2010 14:25,201001,HEATHROW,NORWAY,OSLO (GARDERMOEN),AIR ALSIE,D,C, 0 , 1 , 0 , 0 , 0 , 0 , 0 , 0 , 0 , 0 , 0 , 0 , 0 
24-Mar-2010 14:25,201001,HEATHROW,NORWAY,OSLO (GARDERMOEN),BRITISH AIRWAYS PLC,A,S, 106 , 0 , 83.0188679245283 , 6.60377358490566 , 6.60377358490566 , 2.83018867924528 , 0 , 0.943396226415094 , 17.1320754716981 , 0 , 119 , 77.3109243697479 , 15.3697478991597 
24-Mar-2010 14:25,201001,HEATHROW,NORWAY,OSLO (GARDERMOEN),BRITISH AIRWAYS PLC,D,S, 106 , 0 , 82.0754716981132 , 8.49056603773585 , 4.71698113207547 , 1.88679245283019 , 2.83018867924528 , 0 , 14.9245283018868 , 0 , 120 , 79.1666666666667 , 10.475 
24-Mar-2010 14:25,201001,HEATHROW,NORWAY,OSLO (GARDERMOEN),SAS,A,S, 147 , 0 , 79.5918367346939 , 10.8843537414966 , 4.76190476190476 , 4.76190476190476 , 0 , 0 , 10.3401360544218 , 0 , 138 , 75.3623188405797 , 15.268115942029 
24-Mar-2010 14:25,201001,HEATHROW,NORWAY,OSLO (GARDERMOEN),SAS,D,S, 146 , 0 , 88.3561643835616 , 2.05479452054795 , 1.36986301369863 , 8.21917808219178 , 0 , 0 , 8.94520547945205 , 0 , 137 , 79.5620437956204 , 15.0948905109489 
24-Mar-2010 14:25,201001,HEATHROW,NORWAY,STAVANGER,SAS,A,S, 51 , 0 , 78.4313725490196 , 11.7647058823529 , 1.96078431372549 , 7.84313725490196 , 0 , 0 , 12.4705882352941 , 0 , 48 , 72.9166666666667 , 12.3541666666667 
24-Mar-2010 14:25,201001,HEATHROW,NORWAY,STAVANGER,SAS,D,S, 51 , 0 , 84.3137254901961 , 3.92156862745098 , 5.88235294117647 , 5.88235294117647 , 0 , 0 , 9.82352941176471 , 0 , 48 , 81.25 , 11.7916666666667 
24-Mar-2010 14:25,201001,HEATHROW,OMAN,MUSCAT,BRITISH AIRWAYS PLC,A,S, 29 , 0 , 86.2068965517241 , 6.89655172413793 , 3.44827586206897 , 3.44827586206897 , 0 , 0 , 6.68965517241379 , 1 , 31 , 74.1935483870968 , 60.6451612903226 
24-Mar-2010 14:25,201001,HEATHROW,OMAN,MUSCAT,BRITISH AIRWAYS PLC,D,S, 30 , 0 , 66.6666666666667 , 16.6666666666667 , 6.66666666666667 , 10 , 0 , 0 , 17.5333333333333 , 0 , 31 , 74.1935483870968 , 11.1290322580645 
24-Mar-2010 14:25,201001,HEATHROW,OMAN,MUSCAT,OMAN AIR,A,S, 31 , 0 , 80.6451612903226 , 9.67741935483871 , 9.67741935483871 , 0 , 0 , 0 , 7.45161290322581 , 0 , 16 , 93.75 , 4.125 
24-Mar-2010 14:25,201001,HEATHROW,OMAN,MUSCAT,OMAN AIR,D,S, 31 , 0 , 80.6451612903226 , 9.67741935483871 , 3.2258064516129 , 6.45161290322581 , 0 , 0 , 11.1290322580645 , 0 , 16 , 87.5 , 11.4375 
24-Mar-2010 14:25,201001,HEATHROW,PAKISTAN,ISLAMABAD,PAKISTAN INTL AIRLINES,A,S, 18 , 0 , 50 , 16.6666666666667 , 11.1111111111111 , 16.6666666666667 , 5.55555555555556 , 0 , 39.3333333333333 , 0 , 17 , 52.9411764705882 , 33.4705882352941 
24-Mar-2010 14:25,201001,HEATHROW,PAKISTAN,ISLAMABAD,PAKISTAN INTL AIRLINES,D,S, 18 , 0 , 72.2222222222222 , 16.6666666666667 , 5.55555555555556 , 5.55555555555556 , 0 , 0 , 13.2222222222222 , 0 , 17 , 58.8235294117647 , 12.2941176470588 
24-Mar-2010 14:25,201001,HEATHROW,PAKISTAN,KARACHI,PAKISTAN INTL AIRLINES,A,S, 14 , 0 , 0 , 0 , 50 , 50 , 0 , 0 , 64.1428571428571 , 0 , 13 , 0 , 67.5384615384615 
24-Mar-2010 14:25,201001,HEATHROW,PAKISTAN,KARACHI,PAKISTAN INTL AIRLINES,D,S, 14 , 0 , 71.4285714285714 , 14.2857142857143 , 7.14285714285714 , 0 , 0 , 7.14285714285714 , 35.6428571428571 , 0 , 13 , 84.6153846153846 , 20.2307692307692 
24-Mar-2010 14:25,201001,HEATHROW,PAKISTAN,LAHORE,PAKISTAN INTL AIRLINES,A,S, 13 , 0 , 7.69230769230769 , 7.69230769230769 , 30.7692307692308 , 38.4615384615385 , 15.3846153846154 , 0 , 82.8461538461538 , 0 , 14 , 50 , 44.2857142857143 
24-Mar-2010 14:25,201001,HEATHROW,PAKISTAN,LAHORE,PAKISTAN INTL AIRLINES,D,S, 13 , 0 , 23.0769230769231 , 15.3846153846154 , 7.69230769230769 , 38.4615384615385 , 15.3846153846154 , 0 , 90.4615384615385 , 0 , 14 , 57.1428571428571 , 39.4285714285714 
24-Mar-2010 14:25,201001,HEATHROW,POLAND,WARSAW,AER LINGUS,A,S, 0 , 1 , 0 , 0 , 0 , 0 , 0 , 0 , 0 , 0 , 0 , 0 , 0 
24-Mar-2010 14:25,201001,HEATHROW,POLAND,WARSAW,BRITISH AIRWAYS PLC,A,S, 87 , 0 , 70.1149425287356 , 13.7931034482759 , 5.74712643678161 , 9.19540229885057 , 0 , 1.14942528735632 , 28.6666666666667 , 0 , 62 , 75.8064516129032 , 19.5645161290323 
24-Mar-2010 14:25,201001,HEATHROW,POLAND,WARSAW,BRITISH AIRWAYS PLC,D,S, 87 , 0 , 81.6091954022989 , 6.89655172413793 , 5.74712643678161 , 5.74712643678161 , 0 , 0 , 11.5057471264368 , 0 , 62 , 80.6451612903226 , 9.38709677419355 
24-Mar-2010 14:25,201001,HEATHROW,POLAND,WARSAW,LOT-POLISH AIRLINES,A,S, 87 , 0 , 72.4137931034483 , 11.4942528735632 , 9.19540229885057 , 6.89655172413793 , 0 , 0 , 14.3103448275862 , 0 , 87 , 80.4597701149425 , 10.1609195402299 
24-Mar-2010 14:25,201001,HEATHROW,POLAND,WARSAW,LOT-POLISH AIRLINES,D,S, 86 , 0 , 79.0697674418605 , 10.4651162790698 , 4.65116279069767 , 5.81395348837209 , 0 , 0 , 10.546511627907 , 0 , 87 , 88.5057471264368 , 8.94252873563218 
24-Mar-2010 14:25,201001,HEATHROW,PORTUGAL(EXCLUDING MADEIRA),FARO,BRITISH AIRWAYS PLC,A,S, 0 , 1 , 0 , 0 , 0 , 0 , 0 , 0 , 0 , 0 , 0 , 0 , 0 
24-Mar-2010 14:25,201001,HEATHROW,PORTUGAL(EXCLUDING MADEIRA),FARO,JET2.COM LTD,A,C, 1 , 0 , 0 , 100 , 0 , 0 , 0 , 0 , 28 , 0 , 0 , 0 , 0 
24-Mar-2010 14:25,201001,HEATHROW,PORTUGAL(EXCLUDING MADEIRA),LISBON,AIR PORTUGAL,A,S, 169 , 0 , 78.1065088757397 , 9.46745562130178 , 7.10059171597633 , 5.32544378698225 , 0 , 0 , 11.5207100591716 , 0 , 158 , 70.8860759493671 , 19.7341772151899 
24-Mar-2010 14:25,201001,HEATHROW,PORTUGAL(EXCLUDING MADEIRA),LISBON,AIR PORTUGAL,D,S, 166 , 0 , 71.0843373493976 , 10.8433734939759 , 11.4457831325301 , 6.62650602409639 , 0 , 0 , 15.1566265060241 , 0 , 156 , 78.2051282051282 , 17.3141025641026 
24-Mar-2010 14:25,201001,HEATHROW,PORTUGAL(EXCLUDING MADEIRA),LISBON,BRITISH AIRWAYS PLC,A,S, 87 , 0 , 81.6091954022989 , 2.29885057471264 , 12.6436781609195 , 3.44827586206897 , 0 , 0 , 12.0344827586207 , 0 , 92 , 78.2608695652174 , 16.445652173913 
24-Mar-2010 14:25,201001,HEATHROW,PORTUGAL(EXCLUDING MADEIRA),LISBON,BRITISH AIRWAYS PLC,D,S, 87 , 0 , 67.816091954023 , 13.7931034482759 , 10.3448275862069 , 6.89655172413793 , 1.14942528735632 , 0 , 17.7816091954023 , 0 , 92 , 82.6086956521739 , 8.59782608695652 
24-Mar-2010 14:25,201001,HEATHROW,PORTUGAL(EXCLUDING MADEIRA),OPORTO (PORTUGAL),AIR PORTUGAL,A,S, 31 , 0 , 100 , 0 , 0 , 0 , 0 , 0 , 0.967741935483871 , 0 , 31 , 90.3225806451613 , 4.29032258064516 
24-Mar-2010 14:25,201001,HEATHROW,PORTUGAL(EXCLUDING MADEIRA),OPORTO (PORTUGAL),AIR PORTUGAL,D,S, 30 , 0 , 90 , 6.66666666666667 , 3.33333333333333 , 0 , 0 , 0 , 4.83333333333333 , 0 , 31 , 80.6451612903226 , 10.4516129032258 
24-Mar-2010 14:25,201001,HEATHROW,PORTUGAL(MADEIRA),FUNCHAL,AIR PORTUGAL,A,S, 0 , 0 , 0 , 0 , 0 , 0 , 0 , 0 , 0 , 0 , 8 , 62.5 , 15.875 
24-Mar-2010 14:25,201001,HEATHROW,PORTUGAL(MADEIRA),FUNCHAL,AIR PORTUGAL,D,S, 0 , 0 , 0 , 0 , 0 , 0 , 0 , 0 , 0 , 0 , 8 , 62.5 , 15.125 
24-Mar-2010 14:25,201001,HEATHROW,PUERTO RICO,SAN JUAN (PUERTO RICO),VIRGIN ATLANTIC AIRWAYS LTD,A,S, 0 , 1 , 0 , 0 , 0 , 0 , 0 , 0 , 0 , 1 , 0 , 0 , 0 
24-Mar-2010 14:25,201001,HEATHROW,QATAR,DOHA,BRITISH AIRWAYS PLC,A,S, 31 , 0 , 83.8709677419355 , 3.2258064516129 , 9.67741935483871 , 0 , 0 , 3.2258064516129 , 53.0967741935484 , 0 , 31 , 90.3225806451613 , 3.41935483870968 
24-Mar-2010 14:25,201001,HEATHROW,QATAR,DOHA,BRITISH AIRWAYS PLC,D,S, 31 , 0 , 32.258064516129 , 19.3548387096774 , 25.8064516129032 , 19.3548387096774 , 0 , 3.2258064516129 , 48.3548387096774 , 0 , 31 , 48.3870967741935 , 23.6129032258065 
24-Mar-2010 14:25,201001,HEATHROW,QATAR,DOHA,QATAR AIRWAYS,A,S, 124 , 2 , 78.2258064516129 , 10.4838709677419 , 8.06451612903226 , 3.2258064516129 , 0 , 0 , 9.11290322580645 , 0 , 124 , 70.9677419354839 , 18.6693548387097 
24-Mar-2010 14:25,201001,HEATHROW,QATAR,DOHA,QATAR AIRWAYS,D,S, 124 , 2 , 68.5483870967742 , 14.5161290322581 , 14.5161290322581 , 1.61290322580645 , 0.806451612903226 , 0 , 13.258064516129 , 0 , 124 , 80.6451612903226 , 12.6451612903226 
24-Mar-2010 14:25,201001,HEATHROW,REPUBLIC OF KOREA,SEOUL (INCHEON),ASIANA AIRLINES,A,S, 18 , 0 , 83.3333333333333 , 0 , 11.1111111111111 , 5.55555555555556 , 0 , 0 , 14.1666666666667 , 1 , 17 , 82.3529411764706 , 13.2941176470588 
24-Mar-2010 14:25,201001,HEATHROW,REPUBLIC OF KOREA,SEOUL (INCHEON),ASIANA AIRLINES,D,S, 18 , 0 , 83.3333333333333 , 11.1111111111111 , 5.55555555555556 , 0 , 0 , 0 , 6.33333333333333 , 0 , 18 , 100 , 2.16666666666667 
24-Mar-2010 14:25,201001,HEATHROW,REPUBLIC OF KOREA,SEOUL (INCHEON),KOREAN AIR,A,S, 31 , 0 , 67.741935483871 , 16.1290322580645 , 9.67741935483871 , 6.45161290322581 , 0 , 0 , 18.5161290322581 , 0 , 31 , 58.0645161290323 , 17.5161290322581 
24-Mar-2010 14:25,201001,HEATHROW,REPUBLIC OF KOREA,SEOUL (INCHEON),KOREAN AIR,D,S, 31 , 0 , 77.4193548387097 , 19.3548387096774 , 3.2258064516129 , 0 , 0 , 0 , 8.25806451612903 , 0 , 31 , 80.6451612903226 , 7.83870967741936 
24-Mar-2010 14:25,201001,HEATHROW,REPUBLIC OF SERBIA,BELGRADE,BRITISH AIRWAYS PLC,A,S, 24 , 0 , 62.5 , 16.6666666666667 , 12.5 , 8.33333333333333 , 0 , 0 , 16.6666666666667 , 0 , 22 , 68.1818181818182 , 28.7727272727273 
24-Mar-2010 14:25,201001,HEATHROW,REPUBLIC OF SERBIA,BELGRADE,BRITISH AIRWAYS PLC,D,S, 25 , 0 , 72 , 8 , 12 , 4 , 4 , 0 , 22.28 , 0 , 22 , 68.1818181818182 , 19.0909090909091 
24-Mar-2010 14:25,201001,HEATHROW,REPUBLIC OF SERBIA,BELGRADE,JATAIRWAYS,A,S, 31 , 0 , 70.9677419354839 , 3.2258064516129 , 16.1290322580645 , 9.67741935483871 , 0 , 0 , 20.0322580645161 , 0 , 30 , 66.6666666666667 , 32.1 
24-Mar-2010 14:25,201001,HEATHROW,REPUBLIC OF SERBIA,BELGRADE,JATAIRWAYS,D,S, 31 , 0 , 54.8387096774194 , 19.3548387096774 , 3.2258064516129 , 19.3548387096774 , 3.2258064516129 , 0 , 29.4838709677419 , 0 , 30 , 63.3333333333333 , 34.8666666666667 
24-Mar-2010 14:25,201001,HEATHROW,REPUBLIC OF SOUTH AFRICA,CAPE TOWN,BRITISH AIRWAYS PLC,A,S, 58 , 0 , 67.2413793103448 , 20.6896551724138 , 10.3448275862069 , 1.72413793103448 , 0 , 0 , 12.8103448275862 , 0 , 62 , 74.1935483870968 , 13.6935483870968 
24-Mar-2010 14:25,201001,HEATHROW,REPUBLIC OF SOUTH AFRICA,CAPE TOWN,BRITISH AIRWAYS PLC,D,S, 58 , 0 , 48.2758620689655 , 20.6896551724138 , 12.0689655172414 , 10.3448275862069 , 8.62068965517241 , 0 , 44.0172413793103 , 0 , 62 , 58.0645161290323 , 17.4677419354839 
24-Mar-2010 14:25,201001,HEATHROW,REPUBLIC OF SOUTH AFRICA,CAPE TOWN,SOUTH AFRICAN AIRWAYS,A,S, 31 , 0 , 100 , 0 , 0 , 0 , 0 , 0 , 0.612903225806452 , 0 , 31 , 96.7741935483871 , 0.935483870967742 
24-Mar-2010 14:25,201001,HEATHROW,REPUBLIC OF SOUTH AFRICA,CAPE TOWN,SOUTH AFRICAN AIRWAYS,D,S, 31 , 0 , 83.8709677419355 , 6.45161290322581 , 6.45161290322581 , 3.2258064516129 , 0 , 0 , 9.35483870967742 , 0 , 31 , 90.3225806451613 , 8.09677419354839 
24-Mar-2010 14:25,201001,HEATHROW,REPUBLIC OF SOUTH AFRICA,CAPE TOWN,VIRGIN ATLANTIC AIRWAYS LTD,A,S, 28 , 0 , 89.2857142857143 , 7.14285714285714 , 0 , 3.57142857142857 , 0 , 0 , 4.57142857142857 , 1 , 30 , 86.6666666666667 , 10.6333333333333 
24-Mar-2010 14:25,201001,HEATHROW,REPUBLIC OF SOUTH AFRICA,CAPE TOWN,VIRGIN ATLANTIC AIRWAYS LTD,D,S, 28 , 0 , 57.1428571428571 , 25 , 10.7142857142857 , 7.14285714285714 , 0 , 0 , 22.1428571428571 , 0 , 31 , 70.9677419354839 , 22.2903225806452 
24-Mar-2010 14:25,201001,HEATHROW,REPUBLIC OF SOUTH AFRICA,JOHANNESBURG,BRITISH AIRWAYS PLC,A,S, 58 , 0 , 84.4827586206897 , 8.62068965517241 , 3.44827586206897 , 1.72413793103448 , 0 , 1.72413793103448 , 21.7586206896552 , 0 , 61 , 88.5245901639344 , 13.6885245901639 
24-Mar-2010 14:25,201001,HEATHROW,REPUBLIC OF SOUTH AFRICA,JOHANNESBURG,BRITISH AIRWAYS PLC,D,S, 58 , 0 , 53.448275862069 , 18.9655172413793 , 13.7931034482759 , 8.62068965517241 , 5.17241379310345 , 0 , 36.7586206896552 , 0 , 62 , 72.5806451612903 , 13.5967741935484 
24-Mar-2010 14:25,201001,HEATHROW,REPUBLIC OF SOUTH AFRICA,JOHANNESBURG,NETJETS TRANSPORTES AEREOS,A,C, 0 , 1 , 0 , 0 , 0 , 0 , 0 , 0 , 0 , 0 , 0 , 0 , 0 
24-Mar-2010 14:25,201001,HEATHROW,REPUBLIC OF SOUTH AFRICA,JOHANNESBURG,SOUTH AFRICAN AIRWAYS,A,S, 57 , 0 , 77.1929824561403 , 8.7719298245614 , 3.50877192982456 , 5.26315789473684 , 0 , 5.26315789473684 , 52.3157894736842 , 5 , 56 , 78.5714285714286 , 15.5892857142857 
24-Mar-2010 14:25,201001,HEATHROW,REPUBLIC OF SOUTH AFRICA,JOHANNESBURG,SOUTH AFRICAN AIRWAYS,D,S, 56 , 0 , 64.2857142857143 , 7.14285714285714 , 8.92857142857143 , 19.6428571428571 , 0 , 0 , 23.1428571428571 , 6 , 56 , 89.2857142857143 , 7.64285714285714 
24-Mar-2010 14:25,201001,HEATHROW,REPUBLIC OF SOUTH AFRICA,JOHANNESBURG,VIRGIN ATLANTIC AIRWAYS LTD,A,S, 31 , 0 , 77.4193548387097 , 12.9032258064516 , 6.45161290322581 , 3.2258064516129 , 0 , 0 , 13.4516129032258 , 0 , 31 , 74.1935483870968 , 11.1290322580645 
24-Mar-2010 14:25,201001,HEATHROW,REPUBLIC OF SOUTH AFRICA,JOHANNESBURG,VIRGIN ATLANTIC AIRWAYS LTD,D,S, 31 , 0 , 45.1612903225806 , 16.1290322580645 , 19.3548387096774 , 12.9032258064516 , 6.45161290322581 , 0 , 41.6774193548387 , 0 , 31 , 80.6451612903226 , 12.1935483870968 
24-Mar-2010 14:25,201001,HEATHROW,REPUBLIC OF YEMEN,SANAA,YEMENIA,A,S, 2 , 0 , 0 , 50 , 50 , 0 , 0 , 0 , 28 , 0 , 9 , 44.4444444444444 , 25.5555555555556 
24-Mar-2010 14:25,201001,HEATHROW,REPUBLIC OF YEMEN,SANAA,YEMENIA,D,S, 2 , 0 , 0 , 0 , 100 , 0 , 0 , 0 , 47 , 0 , 9 , 77.7777777777778 , 8 
24-Mar-2010 14:25,201001,HEATHROW,ROMANIA,BUCHAREST (OTOPENI),BRITISH AIRWAYS PLC,A,S, 58 , 0 , 48.2758620689655 , 29.3103448275862 , 12.0689655172414 , 5.17241379310345 , 3.44827586206897 , 1.72413793103448 , 43.3793103448276 , 0 , 59 , 76.271186440678 , 15.5423728813559 
24-Mar-2010 14:25,201001,HEATHROW,ROMANIA,BUCHAREST (OTOPENI),BRITISH AIRWAYS PLC,D,S, 59 , 0 , 72.8813559322034 , 5.08474576271186 , 13.5593220338983 , 3.38983050847458 , 5.08474576271186 , 0 , 22.5593220338983 , 0 , 58 , 74.1379310344827 , 15.6724137931034 
24-Mar-2010 14:25,201001,HEATHROW,ROMANIA,BUCHAREST (OTOPENI),TAROM,A,S, 30 , 0 , 60 , 13.3333333333333 , 10 , 16.6666666666667 , 0 , 0 , 23.8666666666667 , 0 , 30 , 80 , 20.6 
24-Mar-2010 14:25,201001,HEATHROW,ROMANIA,BUCHAREST (OTOPENI),TAROM,D,S, 30 , 0 , 46.6666666666667 , 13.3333333333333 , 23.3333333333333 , 16.6666666666667 , 0 , 0 , 29.8 , 0 , 30 , 80 , 20.9333333333333 
24-Mar-2010 14:25,201001,HEATHROW,RUSSIA,MOSCOW (DOMODEDOVO),BMI BRITISH MIDLAND,A,S, 59 , 0 , 91.5254237288136 , 0 , 3.38983050847458 , 5.08474576271186 , 0 , 0 , 7.3728813559322 , 0 , 62 , 91.9354838709677 , 6.74193548387097 
24-Mar-2010 14:25,201001,HEATHROW,RUSSIA,MOSCOW (DOMODEDOVO),BMI BRITISH MIDLAND,D,S, 59 , 0 , 76.271186440678 , 8.47457627118644 , 11.864406779661 , 3.38983050847458 , 0 , 0 , 13.5762711864407 , 0 , 62 , 79.0322580645161 , 6.2741935483871 
24-Mar-2010 14:25,201001,HEATHROW,RUSSIA,MOSCOW (DOMODEDOVO),BRITISH AIRWAYS PLC,A,S, 66 , 0 , 86.3636363636364 , 4.54545454545455 , 4.54545454545455 , 4.54545454545455 , 0 , 0 , 9.28787878787879 , 0 , 77 , 89.6103896103896 , 3.54545454545455 
24-Mar-2010 14:25,201001,HEATHROW,RUSSIA,MOSCOW (DOMODEDOVO),BRITISH AIRWAYS PLC,D,S, 66 , 0 , 74.2424242424242 , 7.57575757575758 , 10.6060606060606 , 6.06060606060606 , 1.51515151515152 , 0 , 15.1666666666667 , 0 , 77 , 85.7142857142857 , 6.87012987012987 
24-Mar-2010 14:25,201001,HEATHROW,RUSSIA,MOSCOW (DOMODEDOVO),TRANSAERO AIRLINES,A,S, 59 , 0 , 69.4915254237288 , 15.2542372881356 , 8.47457627118644 , 6.77966101694915 , 0 , 0 , 16.8983050847458 , 0 , 59 , 67.7966101694915 , 14.1186440677966 
24-Mar-2010 14:25,201001,HEATHROW,RUSSIA,MOSCOW (DOMODEDOVO),TRANSAERO AIRLINES,D,S, 59 , 0 , 74.5762711864407 , 8.47457627118644 , 11.864406779661 , 1.69491525423729 , 3.38983050847458 , 0 , 20.6779661016949 , 0 , 60 , 73.3333333333333 , 10.7166666666667 
24-Mar-2010 14:25,201001,HEATHROW,RUSSIA,MOSCOW (SHEREMETYEVO),AEROFLOT,A,S, 77 , 0 , 62.3376623376623 , 18.1818181818182 , 9.09090909090909 , 9.09090909090909 , 0 , 1.2987012987013 , 23.3116883116883 , 1 , 75 , 72 , 12.6533333333333 
24-Mar-2010 14:25,201001,HEATHROW,RUSSIA,MOSCOW (SHEREMETYEVO),AEROFLOT,D,S, 77 , 0 , 76.6233766233766 , 7.79220779220779 , 3.8961038961039 , 10.3896103896104 , 0 , 1.2987012987013 , 21 , 1 , 75 , 90.6666666666667 , 4.74666666666667 
24-Mar-2010 14:25,201001,HEATHROW,RUSSIA,ST PETERSBURG,BRITISH AIRWAYS PLC,A,S, 28 , 0 , 75 , 14.2857142857143 , 3.57142857142857 , 7.14285714285714 , 0 , 0 , 12.1071428571429 , 0 , 31 , 83.8709677419355 , 8.2258064516129 
24-Mar-2010 14:25,201001,HEATHROW,RUSSIA,ST PETERSBURG,BRITISH AIRWAYS PLC,D,S, 28 , 0 , 82.1428571428572 , 10.7142857142857 , 3.57142857142857 , 3.57142857142857 , 0 , 0 , 7.82142857142857 , 0 , 31 , 87.0967741935484 , 9.12903225806452 
24-Mar-2010 14:25,201001,HEATHROW,RUSSIA,ST PETERSBURG,ROSSIYA ROSSIISKIE AVALINII,A,S, 5 , 0 , 40 , 0 , 40 , 20 , 0 , 0 , 43.8 , 0 , 5 , 40 , 15 
24-Mar-2010 14:25,201001,HEATHROW,RUSSIA,ST PETERSBURG,ROSSIYA ROSSIISKIE AVALINII,D,S, 5 , 0 , 80 , 0 , 0 , 20 , 0 , 0 , 24.6 , 0 , 5 , 60 , 12.2 
24-Mar-2010 14:25,201001,HEATHROW,SAUDI ARABIA,DAMMAM,BMI BRITISH MIDLAND,A,S, 13 , 0 , 46.1538461538462 , 23.0769230769231 , 0 , 30.7692307692308 , 0 , 0 , 42.5384615384615 , 0 , 13 , 61.5384615384615 , 14.6923076923077 
24-Mar-2010 14:25,201001,HEATHROW,SAUDI ARABIA,DAMMAM,BMI BRITISH MIDLAND,D,S, 13 , 0 , 61.5384615384615 , 7.69230769230769 , 7.69230769230769 , 23.0769230769231 , 0 , 0 , 37.6153846153846 , 0 , 13 , 61.5384615384615 , 21.1538461538462 
24-Mar-2010 14:25,201001,HEATHROW,SAUDI ARABIA,DAMMAM,SAUDI ARABIAN AIRLINES,A,S, 4 , 0 , 50 , 0 , 50 , 0 , 0 , 0 , 18 , 0 , 5 , 80 , 6.8 
24-Mar-2010 14:25,201001,HEATHROW,SAUDI ARABIA,DAMMAM,SAUDI ARABIAN AIRLINES,D,S, 1 , 0 , 0 , 0 , 100 , 0 , 0 , 0 , 40 , 0 , 0 , 0 , 0 
24-Mar-2010 14:25,201001,HEATHROW,SAUDI ARABIA,JEDDAH,BMI BRITISH MIDLAND,A,S, 13 , 0 , 53.8461538461538 , 30.7692307692308 , 15.3846153846154 , 0 , 0 , 0 , 13.9230769230769 , 0 , 13 , 69.2307692307692 , 11.6153846153846 
24-Mar-2010 14:25,201001,HEATHROW,SAUDI ARABIA,JEDDAH,BMI BRITISH MIDLAND,D,S, 13 , 0 , 76.9230769230769 , 15.3846153846154 , 7.69230769230769 , 0 , 0 , 0 , 13.3076923076923 , 0 , 13 , 92.3076923076923 , 2.92307692307692 
24-Mar-2010 14:25,201001,HEATHROW,SAUDI ARABIA,JEDDAH,BRITISH AIRWAYS PLC,A,S, 19 , 0 , 73.6842105263158 , 15.7894736842105 , 0 , 10.5263157894737 , 0 , 0 , 14.7368421052632 , 0 , 0 , 0 , 0 
24-Mar-2010 14:25,201001,HEATHROW,SAUDI ARABIA,JEDDAH,BRITISH AIRWAYS PLC,D,S, 19 , 0 , 57.8947368421053 , 21.0526315789474 , 15.7894736842105 , 5.26315789473684 , 0 , 0 , 18 , 0 , 0 , 0 , 0 
24-Mar-2010 14:25,201001,HEATHROW,SAUDI ARABIA,JEDDAH,SAUDI ARABIAN AIRLINES,A,S, 31 , 0 , 64.5161290322581 , 22.5806451612903 , 12.9032258064516 , 0 , 0 , 0 , 14.4838709677419 , 0 , 31 , 54.8387096774194 , 21.8387096774194 
24-Mar-2010 14:25,201001,HEATHROW,SAUDI ARABIA,JEDDAH,SAUDI ARABIAN AIRLINES,D,S, 31 , 0 , 90.3225806451613 , 6.45161290322581 , 3.2258064516129 , 0 , 0 , 0 , 5.96774193548387 , 0 , 31 , 93.5483870967742 , 3.48387096774194 
24-Mar-2010 14:25,201001,HEATHROW,SAUDI ARABIA,RIYADH,BRITISH AIRWAYS PLC,A,S, 21 , 0 , 76.1904761904762 , 9.52380952380952 , 9.52380952380952 , 4.76190476190476 , 0 , 0 , 14.3809523809524 , 0 , 0 , 0 , 0 
24-Mar-2010 14:25,201001,HEATHROW,SAUDI ARABIA,RIYADH,BRITISH AIRWAYS PLC,D,S, 20 , 0 , 70 , 5 , 5 , 15 , 5 , 0 , 35.9 , 0 , 0 , 0 , 0 
24-Mar-2010 14:25,201001,HEATHROW,SAUDI ARABIA,RIYADH,SAUDI ARABIAN AIRLINES,A,S, 19 , 0 , 68.421052631579 , 21.0526315789474 , 10.5263157894737 , 0 , 0 , 0 , 13.0526315789474 , 0 , 14 , 57.1428571428571 , 13.2142857142857 
24-Mar-2010 14:25,201001,HEATHROW,SAUDI ARABIA,RIYADH,SAUDI ARABIAN AIRLINES,D,C, 0 , 1 , 0 , 0 , 0 , 0 , 0 , 0 , 0 , 0 , 0 , 0 , 0 
24-Mar-2010 14:25,201001,HEATHROW,SAUDI ARABIA,RIYADH,SAUDI ARABIAN AIRLINES,D,S, 22 , 0 , 100 , 0 , 0 , 0 , 0 , 0 , 2.54545454545455 , 0 , 19 , 84.2105263157895 , 5 
24-Mar-2010 14:25,201001,HEATHROW,SEYCHELLES,SEYCHELLES,AIR SEYCHELLES,A,S, 9 , 0 , 11.1111111111111 , 22.2222222222222 , 22.2222222222222 , 44.4444444444444 , 0 , 0 , 60.6666666666667 , 0 , 9 , 0 , 120.555555555556 
24-Mar-2010 14:25,201001,HEATHROW,SEYCHELLES,SEYCHELLES,AIR SEYCHELLES,D,S, 10 , 0 , 90 , 0 , 10 , 0 , 0 , 0 , 7.9 , 0 , 7 , 100 , 1.28571428571429 
24-Mar-2010 14:25,201001,HEATHROW,SIERRA LEONE,FREETOWN,BMI BRITISH MIDLAND,A,S, 21 , 0 , 47.6190476190476 , 9.52380952380952 , 23.8095238095238 , 19.047619047619 , 0 , 0 , 38.0476190476191 , 0 , 18 , 27.7777777777778 , 78.6111111111111 
24-Mar-2010 14:25,201001,HEATHROW,SIERRA LEONE,FREETOWN,BMI BRITISH MIDLAND,D,S, 22 , 0 , 31.8181818181818 , 4.54545454545455 , 22.7272727272727 , 31.8181818181818 , 9.09090909090909 , 0 , 68.3636363636364 , 0 , 17 , 17.6470588235294 , 77.1764705882353 
24-Mar-2010 14:25,201001,HEATHROW,SINGAPORE,SINGAPORE,BRITISH AIRWAYS PLC,A,S, 29 , 0 , 96.551724137931 , 0 , 3.44827586206897 , 0 , 0 , 0 , 3.27586206896552 , 0 , 31 , 90.3225806451613 , 4.06451612903226 
24-Mar-2010 14:25,201001,HEATHROW,SINGAPORE,SINGAPORE,BRITISH AIRWAYS PLC,D,S, 30 , 0 , 43.3333333333333 , 20 , 13.3333333333333 , 13.3333333333333 , 10 , 0 , 47.3333333333333 , 0 , 31 , 70.9677419354839 , 13.4838709677419 
24-Mar-2010 14:25,201001,HEATHROW,SINGAPORE,SINGAPORE,SINGAPORE AIRLINES,A,S, 93 , 0 , 87.0967741935484 , 8.60215053763441 , 3.2258064516129 , 1.0752688172043 , 0 , 0 , 6.04301075268817 , 1 , 87 , 77.0114942528736 , 12.9195402298851 
24-Mar-2010 14:25,201001,HEATHROW,SINGAPORE,SINGAPORE,SINGAPORE AIRLINES,D,S, 92 , 0 , 59.7826086956522 , 16.304347826087 , 11.9565217391304 , 7.60869565217391 , 1.08695652173913 , 3.26086956521739 , 52.3260869565217 , 2 , 89 , 58.4269662921348 , 22.9887640449438 
24-Mar-2010 14:25,201001,HEATHROW,SPAIN,BARCELONA,BRITISH AIRWAYS PLC,A,S, 182 , 0 , 75.2747252747253 , 4.94505494505495 , 7.69230769230769 , 8.24175824175824 , 2.74725274725275 , 1.0989010989011 , 31.6428571428571 , 0 , 130 , 78.4615384615385 , 13.4153846153846 
24-Mar-2010 14:25,201001,HEATHROW,SPAIN,BARCELONA,BRITISH AIRWAYS PLC,D,S, 181 , 0 , 73.4806629834254 , 7.73480662983425 , 5.52486187845304 , 9.39226519337017 , 3.31491712707182 , 0.552486187845304 , 25.1491712707182 , 0 , 130 , 86.9230769230769 , 8.65384615384615 
24-Mar-2010 14:25,201001,HEATHROW,SPAIN,BARCELONA,IBERIA,A,S, 0 , 0 , 0 , 0 , 0 , 0 , 0 , 0 , 0 , 0 , 109 , 42.2018348623853 , 34.9908256880734 
24-Mar-2010 14:25,201001,HEATHROW,SPAIN,BARCELONA,IBERIA,D,S, 0 , 0 , 0 , 0 , 0 , 0 , 0 , 0 , 0 , 0 , 105 , 62.8571428571429 , 29.0380952380952 
24-Mar-2010 14:25,201001,HEATHROW,SPAIN,BARCELONA,MONARCH AIRLINES,A,C, 1 , 0 , 0 , 0 , 0 , 100 , 0 , 0 , 72 , 0 , 0 , 0 , 0 
24-Mar-2010 14:25,201001,HEATHROW,SPAIN,BARCELONA,MONARCH AIRLINES,D,C, 1 , 0 , 0 , 100 , 0 , 0 , 0 , 0 , 26 , 0 , 0 , 0 , 0 
24-Mar-2010 14:25,201001,HEATHROW,SPAIN,BILBAO,CLICKAIR,A,S, 0 , 0 , 0 , 0 , 0 , 0 , 0 , 0 , 0 , 0 , 30 , 56.6666666666667 , 24.9666666666667 
24-Mar-2010 14:25,201001,HEATHROW,SPAIN,BILBAO,CLICKAIR,D,S, 0 , 0 , 0 , 0 , 0 , 0 , 0 , 0 , 0 , 0 , 30 , 90 , 12.7333333333333 
24-Mar-2010 14:25,201001,HEATHROW,SPAIN,BILBAO,VUELING AIRLINES,A,S, 25 , 0 , 88 , 8 , 4 , 0 , 0 , 0 , 4.4 , 0 , 0 , 0 , 0 
24-Mar-2010 14:25,201001,HEATHROW,SPAIN,BILBAO,VUELING AIRLINES,D,S, 25 , 0 , 96 , 0 , 0 , 4 , 0 , 0 , 9.12 , 0 , 0 , 0 , 0 
24-Mar-2010 14:25,201001,HEATHROW,SPAIN,LA CORUNA,CLICKAIR,A,S, 0 , 0 , 0 , 0 , 0 , 0 , 0 , 0 , 0 , 0 , 31 , 67.741935483871 , 17.4838709677419 
24-Mar-2010 14:25,201001,HEATHROW,SPAIN,LA CORUNA,CLICKAIR,D,S, 0 , 0 , 0 , 0 , 0 , 0 , 0 , 0 , 0 , 0 , 31 , 90.3225806451613 , 8.19354838709677 
24-Mar-2010 14:25,201001,HEATHROW,SPAIN,LA CORUNA,VUELING AIRLINES,A,S, 25 , 0 , 60 , 16 , 12 , 8 , 4 , 0 , 26.96 , 0 , 0 , 0 , 0 
24-Mar-2010 14:25,201001,HEATHROW,SPAIN,LA CORUNA,VUELING AIRLINES,D,S, 25 , 0 , 64 , 12 , 4 , 16 , 4 , 0 , 28.88 , 0 , 0 , 0 , 0 
24-Mar-2010 14:25,201001,HEATHROW,SPAIN,MADRID,BRITISH AIRWAYS PLC,A,S, 144 , 0 , 60.4166666666667 , 11.8055555555556 , 10.4166666666667 , 13.8888888888889 , 1.38888888888889 , 2.08333333333333 , 54.25 , 1 , 143 , 66.4335664335664 , 22.8321678321678 
24-Mar-2010 14:25,201001,HEATHROW,SPAIN,MADRID,BRITISH AIRWAYS PLC,D,S, 145 , 0 , 66.8965517241379 , 8.96551724137931 , 8.96551724137931 , 11.7241379310345 , 2.75862068965517 , 0.689655172413793 , 29.4275862068966 , 0 , 145 , 83.448275862069 , 12.2896551724138 
24-Mar-2010 14:25,201001,HEATHROW,SPAIN,MADRID,IBERIA,A,S, 235 , 0 , 63.4042553191489 , 10.6382978723404 , 9.78723404255319 , 13.6170212765957 , 2.12765957446809 , 0.425531914893617 , 32.6468085106383 , 4 , 223 , 43.9461883408072 , 46.6367713004484 
24-Mar-2010 14:25,201001,HEATHROW,SPAIN,MADRID,IBERIA,D,S, 235 , 0 , 61.7021276595745 , 13.1914893617021 , 10.6382978723404 , 10.2127659574468 , 3.82978723404255 , 0.425531914893617 , 36.5404255319149 , 3 , 226 , 53.5398230088496 , 43.7522123893805 
24-Mar-2010 14:25,201001,HEATHROW,SPAIN,MADRID,TWINJET AIRCRAFT,D,C, 0 , 1 , 0 , 0 , 0 , 0 , 0 , 0 , 0 , 0 , 0 , 0 , 0 
24-Mar-2010 14:25,201001,HEATHROW,SPAIN,MALAGA,BRITISH AIRWAYS PLC,A,S, 57 , 0 , 80.7017543859649 , 3.50877192982456 , 8.7719298245614 , 3.50877192982456 , 3.50877192982456 , 0 , 17.6842105263158 , 0 , 31 , 67.741935483871 , 20.1612903225806 
24-Mar-2010 14:25,201001,HEATHROW,SPAIN,MALAGA,BRITISH AIRWAYS PLC,D,S, 58 , 0 , 84.4827586206897 , 6.89655172413793 , 5.17241379310345 , 3.44827586206897 , 0 , 0 , 9.1551724137931 , 0 , 31 , 80.6451612903226 , 8.67741935483871 
24-Mar-2010 14:25,201001,HEATHROW,SPAIN,MALAGA,MONARCH AIRLINES,A,S, 0 , 1 , 0 , 0 , 0 , 0 , 0 , 0 , 0 , 0 , 0 , 0 , 0 
24-Mar-2010 14:25,201001,HEATHROW,SPAIN,PALMA DE MALLORCA,BMI BRITISH MIDLAND,A,S, 0 , 0 , 0 , 0 , 0 , 0 , 0 , 0 , 0 , 0 , 22 , 72.7272727272727 , 11.0909090909091 
24-Mar-2010 14:25,201001,HEATHROW,SPAIN,PALMA DE MALLORCA,BMI BRITISH MIDLAND,D,S, 0 , 0 , 0 , 0 , 0 , 0 , 0 , 0 , 0 , 0 , 22 , 90.9090909090909 , 5.45454545454545 
24-Mar-2010 14:25,201001,HEATHROW,SPAIN,SEVILLE,VUELING AIRLINES,A,S, 23 , 0 , 69.5652173913043 , 17.3913043478261 , 8.69565217391304 , 4.34782608695652 , 0 , 0 , 16.304347826087 , 0 , 0 , 0 , 0 
24-Mar-2010 14:25,201001,HEATHROW,SPAIN,SEVILLE,VUELING AIRLINES,D,S, 23 , 0 , 86.9565217391304 , 8.69565217391304 , 4.34782608695652 , 0 , 0 , 0 , 4.95652173913043 , 0 , 0 , 0 , 0 
24-Mar-2010 14:25,201001,HEATHROW,SRI LANKA,COLOMBO,SRILANKAN AIRLINES,A,S, 55 , 0 , 50.9090909090909 , 10.9090909090909 , 18.1818181818182 , 16.3636363636364 , 1.81818181818182 , 1.81818181818182 , 39.8363636363636 , 0 , 50 , 52 , 49 
24-Mar-2010 14:25,201001,HEATHROW,SRI LANKA,COLOMBO,SRILANKAN AIRLINES,D,S, 55 , 0 , 43.6363636363636 , 20 , 12.7272727272727 , 20 , 3.63636363636364 , 0 , 39.9090909090909 , 1 , 50 , 66 , 19.84 
24-Mar-2010 14:25,201001,HEATHROW,ST LUCIA,ST LUCIA (HEWANORRA),VIRGIN ATLANTIC AIRWAYS LTD,A,S, 0 , 2 , 0 , 0 , 0 , 0 , 0 , 0 , 0 , 0 , 0 , 0 , 0 
24-Mar-2010 14:25,201001,HEATHROW,ST LUCIA,ST LUCIA (HEWANORRA),VIRGIN ATLANTIC AIRWAYS LTD,D,S, 0 , 1 , 0 , 0 , 0 , 0 , 0 , 0 , 0 , 1 , 0 , 0 , 0 
24-Mar-2010 14:25,201001,HEATHROW,SUDAN,KHARTOUM,BMI BRITISH MIDLAND,A,S, 12 , 0 , 91.6666666666667 , 8.33333333333333 , 0 , 0 , 0 , 0 , 4.33333333333333 , 0 , 20 , 85 , 13.35 
24-Mar-2010 14:25,201001,HEATHROW,SUDAN,KHARTOUM,BMI BRITISH MIDLAND,D,S, 13 , 0 , 76.9230769230769 , 23.0769230769231 , 0 , 0 , 0 , 0 , 9.84615384615385 , 0 , 22 , 59.0909090909091 , 18.3636363636364 
24-Mar-2010 14:25,201001,HEATHROW,SWEDEN,GOTEBORG,SAS,A,S, 43 , 0 , 76.7441860465116 , 11.6279069767442 , 4.65116279069767 , 2.32558139534884 , 2.32558139534884 , 2.32558139534884 , 25.8139534883721 , 0 , 53 , 81.1320754716981 , 11.7547169811321 
24-Mar-2010 14:25,201001,HEATHROW,SWEDEN,GOTEBORG,SAS,D,S, 43 , 0 , 79.0697674418605 , 6.97674418604651 , 0 , 6.97674418604651 , 4.65116279069767 , 2.32558139534884 , 32.046511627907 , 0 , 53 , 86.7924528301887 , 11.2075471698113 
24-Mar-2010 14:25,201001,HEATHROW,SWEDEN,KIRUNA,SAS,A,C, 3 , 0 , 66.6666666666667 , 0 , 0 , 33.3333333333333 , 0 , 0 , 40.6666666666667 , 0 , 2 , 100 , 0 
24-Mar-2010 14:25,201001,HEATHROW,SWEDEN,KIRUNA,SAS,D,C, 2 , 0 , 100 , 0 , 0 , 0 , 0 , 0 , 0 , 0 , 2 , 100 , 4 
24-Mar-2010 14:25,201001,HEATHROW,SWEDEN,OSTERSUND / FROSON,BMI BRITISH MIDLAND,A,C, 5 , 0 , 80 , 20 , 0 , 0 , 0 , 0 , 7 , 0 , 4 , 50 , 15.75 
24-Mar-2010 14:25,201001,HEATHROW,SWEDEN,OSTERSUND / FROSON,BMI BRITISH MIDLAND,D,C, 5 , 0 , 60 , 0 , 40 , 0 , 0 , 0 , 13.4 , 0 , 4 , 50 , 18.75 
24-Mar-2010 14:25,201001,HEATHROW,SWEDEN,STOCKHOLM (ARLANDA),BRITISH AIRWAYS PLC,A,S, 141 , 0 , 79.4326241134752 , 9.21985815602837 , 2.83687943262411 , 7.09219858156028 , 1.41843971631206 , 0 , 13.7517730496454 , 1 , 155 , 80.6451612903226 , 13.5548387096774 
24-Mar-2010 14:25,201001,HEATHROW,SWEDEN,STOCKHOLM (ARLANDA),BRITISH AIRWAYS PLC,D,S, 143 , 0 , 74.8251748251748 , 11.1888111888112 , 6.99300699300699 , 6.29370629370629 , 0.699300699300699 , 0 , 15.4055944055944 , 1 , 155 , 80.6451612903226 , 9.76774193548387 
24-Mar-2010 14:25,201001,HEATHROW,SWEDEN,STOCKHOLM (ARLANDA),SAS,A,S, 147 , 0 , 81.6326530612245 , 6.80272108843537 , 4.76190476190476 , 6.80272108843537 , 0 , 0 , 12.1632653061224 , 0 , 155 , 77.4193548387097 , 15.2838709677419 
24-Mar-2010 14:25,201001,HEATHROW,SWEDEN,STOCKHOLM (ARLANDA),SAS,D,S, 146 , 0 , 80.8219178082192 , 6.84931506849315 , 5.47945205479452 , 6.84931506849315 , 0 , 0 , 11.7602739726027 , 1 , 155 , 81.9354838709677 , 14.2129032258065 
24-Mar-2010 14:25,201001,HEATHROW,SWITZERLAND,BASLE MULHOUSE,BRITISH AIRWAYS PLC,A,S, 78 , 1 , 83.3333333333333 , 6.41025641025641 , 3.84615384615385 , 5.12820512820513 , 0 , 1.28205128205128 , 13.8589743589744 , 2 , 87 , 89.6551724137931 , 8 
24-Mar-2010 14:25,201001,HEATHROW,SWITZERLAND,BASLE MULHOUSE,BRITISH AIRWAYS PLC,D,S, 80 , 0 , 83.75 , 6.25 , 6.25 , 2.5 , 0 , 1.25 , 14.025 , 0 , 86 , 87.2093023255814 , 5.11627906976744 
24-Mar-2010 14:25,201001,HEATHROW,SWITZERLAND,GENEVA,BMI BRITISH MIDLAND,A,C, 5 , 0 , 20 , 20 , 20 , 40 , 0 , 0 , 59.4 , 0 , 8 , 62.5 , 24.75 
24-Mar-2010 14:25,201001,HEATHROW,SWITZERLAND,GENEVA,BMI BRITISH MIDLAND,D,C, 5 , 0 , 60 , 20 , 0 , 20 , 0 , 0 , 37 , 0 , 8 , 100 , 2.5 
24-Mar-2010 14:25,201001,HEATHROW,SWITZERLAND,GENEVA,BRITISH AIRWAYS PLC,A,C, 1 , 0 , 100 , 0 , 0 , 0 , 0 , 0 , 8 , 0 , 0 , 0 , 0 
24-Mar-2010 14:25,201001,HEATHROW,SWITZERLAND,GENEVA,BRITISH AIRWAYS PLC,A,S, 211 , 0 , 58.7677725118483 , 13.7440758293839 , 15.6398104265403 , 10.4265402843602 , 0.947867298578199 , 0.4739336492891 , 26.0142180094787 , 0 , 250 , 71.2 , 20.108 
24-Mar-2010 14:25,201001,HEATHROW,SWITZERLAND,GENEVA,BRITISH AIRWAYS PLC,D,S, 212 , 0 , 73.1132075471698 , 11.3207547169811 , 8.0188679245283 , 7.54716981132075 , 0 , 0 , 16.1839622641509 , 0 , 250 , 78 , 12.828 
24-Mar-2010 14:25,201001,HEATHROW,SWITZERLAND,GENEVA,DASNAIR,A,C, 0 , 2 , 0 , 0 , 0 , 0 , 0 , 0 , 0 , 0 , 0 , 0 , 0 
24-Mar-2010 14:25,201001,HEATHROW,SWITZERLAND,GENEVA,DASNAIR,D,C, 0 , 1 , 0 , 0 , 0 , 0 , 0 , 0 , 0 , 0 , 0 , 0 , 0 
24-Mar-2010 14:25,201001,HEATHROW,SWITZERLAND,GENEVA,PRIVATAIR SA,A,C, 0 , 1 , 0 , 0 , 0 , 0 , 0 , 0 , 0 , 0 , 0 , 0 , 0 
24-Mar-2010 14:25,201001,HEATHROW,SWITZERLAND,GENEVA,SWISS AIRLINES,A,S, 123 , 4 , 56.0975609756098 , 18.6991869918699 , 13.8211382113821 , 10.5691056910569 , 0.813008130081301 , 0 , 25.9837398373984 , 2 , 4 , 50 , 102 
24-Mar-2010 14:25,201001,HEATHROW,SWITZERLAND,GENEVA,SWISS AIRLINES,D,S, 127 , 0 , 65.3543307086614 , 14.9606299212598 , 8.66141732283465 , 8.66141732283465 , 2.36220472440945 , 0 , 22.5826771653543 , 3 , 4 , 25 , 99.75 
24-Mar-2010 14:25,201001,HEATHROW,SWITZERLAND,GENEVA,TWINJET AIRCRAFT,A,C, 0 , 1 , 0 , 0 , 0 , 0 , 0 , 0 , 0 , 0 , 0 , 0 , 0 
24-Mar-2010 14:25,201001,HEATHROW,SWITZERLAND,ZURICH,BRITISH AIRWAYS PLC,A,S, 145 , 0 , 71.7241379310345 , 13.7931034482759 , 3.44827586206897 , 9.6551724137931 , 0.689655172413793 , 0.689655172413793 , 24.2137931034483 , 0 , 172 , 80.8139534883721 , 14.906976744186 
24-Mar-2010 14:25,201001,HEATHROW,SWITZERLAND,ZURICH,BRITISH AIRWAYS PLC,D,S, 146 , 0 , 80.1369863013699 , 6.84931506849315 , 7.53424657534247 , 4.10958904109589 , 1.36986301369863 , 0 , 13.6027397260274 , 0 , 173 , 87.2832369942197 , 9.42774566473988 
24-Mar-2010 14:25,201001,HEATHROW,SWITZERLAND,ZURICH,SWISS AIRLINES,A,S, 181 , 0 , 60.7734806629834 , 14.9171270718232 , 13.2596685082873 , 11.0497237569061 , 0 , 0 , 20.8950276243094 , 0 , 171 , 72.5146198830409 , 16.3157894736842 
24-Mar-2010 14:25,201001,HEATHROW,SWITZERLAND,ZURICH,SWISS AIRLINES,D,S, 180 , 0 , 63.8888888888889 , 11.6666666666667 , 16.1111111111111 , 6.66666666666667 , 1.11111111111111 , 0.555555555555556 , 21.3611111111111 , 1 , 170 , 81.1764705882353 , 13.1764705882353 
24-Mar-2010 14:25,201001,HEATHROW,SYRIA,ALEPPO,BMI BRITISH MIDLAND,A,S, 5 , 0 , 80 , 20 , 0 , 0 , 0 , 0 , 5.2 , 0 , 9 , 55.5555555555556 , 51.8888888888889 
24-Mar-2010 14:25,201001,HEATHROW,SYRIA,ALEPPO,BMI BRITISH MIDLAND,D,S, 12 , 0 , 75 , 25 , 0 , 0 , 0 , 0 , 7.75 , 0 , 9 , 44.4444444444444 , 31.5555555555556 
24-Mar-2010 14:25,201001,HEATHROW,SYRIA,DAMASCUS,BMI BRITISH MIDLAND,A,S, 26 , 0 , 88.4615384615385 , 7.69230769230769 , 3.84615384615385 , 0 , 0 , 0 , 6.53846153846154 , 0 , 0 , 0 , 0 
24-Mar-2010 14:25,201001,HEATHROW,SYRIA,DAMASCUS,BMI BRITISH MIDLAND,D,S, 19 , 0 , 84.2105263157895 , 0 , 5.26315789473684 , 5.26315789473684 , 5.26315789473684 , 0 , 16.9473684210526 , 0 , 0 , 0 , 0 
24-Mar-2010 14:25,201001,HEATHROW,SYRIA,DAMASCUS,SYRIANAIR,A,S, 11 , 0 , 63.6363636363636 , 9.09090909090909 , 18.1818181818182 , 0 , 9.09090909090909 , 0 , 28.9090909090909 , 0 , 11 , 81.8181818181818 , 8.18181818181818 
24-Mar-2010 14:25,201001,HEATHROW,SYRIA,DAMASCUS,SYRIANAIR,D,S, 11 , 0 , 54.5454545454545 , 0 , 36.3636363636364 , 0 , 9.09090909090909 , 0 , 33.7272727272727 , 0 , 10 , 60 , 20.7 
24-Mar-2010 14:25,201001,HEATHROW,TAIWAN,TAIPEI,EVA AIR,A,S, 27 , 0 , 48.1481481481481 , 25.9259259259259 , 22.2222222222222 , 3.7037037037037 , 0 , 0 , 19.3703703703704 , 0 , 27 , 62.962962962963 , 13.6666666666667 
24-Mar-2010 14:25,201001,HEATHROW,TAIWAN,TAIPEI,EVA AIR,D,S, 27 , 0 , 51.8518518518519 , 29.6296296296296 , 11.1111111111111 , 7.40740740740741 , 0 , 0 , 18.2592592592593 , 0 , 27 , 74.0740740740741 , 11.0740740740741 
24-Mar-2010 14:25,201001,HEATHROW,TANZANIA,DAR-ES-SALAAM,BRITISH AIRWAYS PLC,A,S, 13 , 0 , 53.8461538461538 , 23.0769230769231 , 15.3846153846154 , 7.69230769230769 , 0 , 0 , 22.5384615384615 , 0 , 13 , 92.3076923076923 , 3.07692307692308 
24-Mar-2010 14:25,201001,HEATHROW,TANZANIA,DAR-ES-SALAAM,BRITISH AIRWAYS PLC,D,S, 12 , 0 , 50 , 25 , 8.33333333333333 , 16.6666666666667 , 0 , 0 , 29.8333333333333 , 0 , 14 , 92.8571428571429 , 5 
24-Mar-2010 14:25,201001,HEATHROW,THAILAND,BANGKOK SUVARNABHUMI AIRPORT,THAI AIRWAYS INTERNATIONAL,A,S, 62 , 0 , 82.258064516129 , 9.67741935483871 , 8.06451612903226 , 0 , 0 , 0 , 6.88709677419355 , 0 , 62 , 80.6451612903226 , 10.5645161290323 
24-Mar-2010 14:25,201001,HEATHROW,THAILAND,BANGKOK SUVARNABHUMI AIRPORT,THAI AIRWAYS INTERNATIONAL,D,S, 61 , 0 , 60.655737704918 , 18.0327868852459 , 11.4754098360656 , 9.83606557377049 , 0 , 0 , 19.6393442622951 , 2 , 62 , 70.9677419354839 , 13.1612903225806 
24-Mar-2010 14:25,201001,HEATHROW,TUNISIA,TUNIS,TUNISAIR,A,S, 19 , 0 , 31.5789473684211 , 42.1052631578947 , 15.7894736842105 , 10.5263157894737 , 0 , 0 , 30.5263157894737 , 0 , 18 , 50 , 30.2222222222222 
24-Mar-2010 14:25,201001,HEATHROW,TUNISIA,TUNIS,TUNISAIR,D,S, 19 , 0 , 36.8421052631579 , 36.8421052631579 , 21.0526315789474 , 5.26315789473684 , 0 , 0 , 24.4736842105263 , 0 , 18 , 61.1111111111111 , 22.5555555555556 
24-Mar-2010 14:25,201001,HEATHROW,TURKEY,ISTANBUL,BRITISH AIRWAYS PLC,A,S, 67 , 0 , 50.7462686567164 , 20.8955223880597 , 11.9402985074627 , 13.4328358208955 , 1.49253731343284 , 1.49253731343284 , 44.8059701492537 , 0 , 61 , 85.2459016393443 , 10.8524590163934 
24-Mar-2010 14:25,201001,HEATHROW,TURKEY,ISTANBUL,BRITISH AIRWAYS PLC,D,S, 68 , 0 , 64.7058823529412 , 13.2352941176471 , 7.35294117647059 , 14.7058823529412 , 0 , 0 , 24.6029411764706 , 0 , 61 , 65.5737704918033 , 14.3606557377049 
24-Mar-2010 14:25,201001,HEATHROW,TURKEY,ISTANBUL,THY TURK HAVA YOLLARI TURKISH,A,S, 93 , 0 , 17.2043010752688 , 24.7311827956989 , 39.7849462365591 , 17.2043010752688 , 1.0752688172043 , 0 , 42.7096774193548 , 0 , 93 , 63.4408602150538 , 19.2258064516129 
24-Mar-2010 14:25,201001,HEATHROW,TURKEY,ISTANBUL,THY TURK HAVA YOLLARI TURKISH,D,S, 92 , 0 , 28.2608695652174 , 10.8695652173913 , 28.2608695652174 , 30.4347826086956 , 2.17391304347826 , 0 , 48.804347826087 , 1 , 93 , 54.8387096774194 , 23.9462365591398 
24-Mar-2010 14:25,201001,HEATHROW,TURKEY,IZMIR (ADNAM MENDERES),KIBRIS TURKISH AIRLINES - KTHY,A,S, 9 , 0 , 33.3333333333333 , 33.3333333333333 , 11.1111111111111 , 22.2222222222222 , 0 , 0 , 30 , 0 , 9 , 33.3333333333333 , 60.6666666666667 
24-Mar-2010 14:25,201001,HEATHROW,TURKEY,IZMIR (ADNAM MENDERES),KIBRIS TURKISH AIRLINES - KTHY,D,S, 9 , 0 , 66.6666666666667 , 11.1111111111111 , 22.2222222222222 , 0 , 0 , 0 , 12.6666666666667 , 0 , 9 , 66.6666666666667 , 49.6666666666667 
24-Mar-2010 14:25,201001,HEATHROW,TURKMENISTAN,ASHKHABAD,TURKMENISTAN AIRLINES,A,S, 8 , 0 , 0 , 12.5 , 0 , 37.5 , 25 , 25 , 237.5 , 1 , 9 , 44.4444444444444 , 110 
24-Mar-2010 14:25,201001,HEATHROW,TURKMENISTAN,ASHKHABAD,TURKMENISTAN AIRLINES,D,S, 8 , 0 , 12.5 , 0 , 37.5 , 0 , 25 , 25 , 197.75 , 1 , 9 , 44.4444444444444 , 77.6666666666667 
24-Mar-2010 14:25,201001,HEATHROW,TURKS AND CAICOS ISLANDS,PROVIDENCIALES,BRITISH AIRWAYS PLC,A,S, 4 , 0 , 75 , 25 , 0 , 0 , 0 , 0 , 5.5 , 1 , 4 , 75 , 8.5 
24-Mar-2010 14:25,201001,HEATHROW,TURKS AND CAICOS ISLANDS,PROVIDENCIALES,BRITISH AIRWAYS PLC,D,S, 5 , 0 , 80 , 20 , 0 , 0 , 0 , 0 , 9.8 , 0 , 4 , 75 , 8.25 
24-Mar-2010 14:25,201001,HEATHROW,UGANDA,ENTEBBE,BRITISH AIRWAYS PLC,A,S, 23 , 0 , 73.9130434782609 , 21.7391304347826 , 0 , 4.34782608695652 , 0 , 0 , 13.1304347826087 , 0 , 13 , 23.0769230769231 , 40.8461538461538 
24-Mar-2010 14:25,201001,HEATHROW,UGANDA,ENTEBBE,BRITISH AIRWAYS PLC,D,S, 23 , 0 , 39.1304347826087 , 26.0869565217391 , 13.0434782608696 , 17.3913043478261 , 4.34782608695652 , 0 , 40.0869565217391 , 0 , 14 , 71.4285714285714 , 17.3571428571429 
24-Mar-2010 14:25,201001,HEATHROW,UKRAINE,KIEV (BORISPOL),BMI BRITISH MIDLAND,A,S, 7 , 0 , 42.8571428571429 , 14.2857142857143 , 28.5714285714286 , 14.2857142857143 , 0 , 0 , 35 , 0 , 0 , 0 , 0 
24-Mar-2010 14:25,201001,HEATHROW,UKRAINE,KIEV (BORISPOL),BMI BRITISH MIDLAND,D,S, 7 , 0 , 57.1428571428571 , 28.5714285714286 , 14.2857142857143 , 0 , 0 , 0 , 15.8571428571429 , 0 , 0 , 0 , 0 
24-Mar-2010 14:25,201001,HEATHROW,UKRAINE,KIEV (BORISPOL),BRITISH AIRWAYS PLC,A,S, 29 , 0 , 44.8275862068965 , 24.1379310344828 , 20.6896551724138 , 10.3448275862069 , 0 , 0 , 22.8965517241379 , 0 , 31 , 70.9677419354839 , 21.9677419354839 
24-Mar-2010 14:25,201001,HEATHROW,UKRAINE,KIEV (BORISPOL),BRITISH AIRWAYS PLC,D,S, 30 , 0 , 83.3333333333333 , 3.33333333333333 , 6.66666666666667 , 6.66666666666667 , 0 , 0 , 9.26666666666667 , 0 , 31 , 80.6451612903226 , 7.16129032258065 
24-Mar-2010 14:25,201001,HEATHROW,UNITED ARAB EMIRATES,ABU DHABI INTERNATIONAL,BRITISH AIRWAYS PLC,A,S, 1 , 0 , 100 , 0 , 0 , 0 , 0 , 0 , 4 , 0 , 0 , 0 , 0 
24-Mar-2010 14:25,201001,HEATHROW,UNITED ARAB EMIRATES,ABU DHABI INTERNATIONAL,ETIHAD AIRWAYS,A,S, 93 , 1 , 87.0967741935484 , 4.3010752688172 , 6.45161290322581 , 2.1505376344086 , 0 , 0 , 6.67741935483871 , 0 , 93 , 67.741935483871 , 23.1827956989247 
24-Mar-2010 14:25,201001,HEATHROW,UNITED ARAB EMIRATES,ABU DHABI INTERNATIONAL,ETIHAD AIRWAYS,D,S, 93 , 0 , 59.1397849462366 , 23.6559139784946 , 12.9032258064516 , 4.3010752688172 , 0 , 0 , 16.8064516129032 , 0 , 93 , 62.3655913978495 , 20.505376344086 
24-Mar-2010 14:25,201001,HEATHROW,UNITED ARAB EMIRATES,DUBAI,BRITISH AIRWAYS PLC,A,S, 82 , 0 , 76.8292682926829 , 6.09756097560976 , 7.31707317073171 , 4.8780487804878 , 4.8780487804878 , 0 , 23.5731707317073 , 0 , 108 , 77.7777777777778 , 9.26851851851852 
24-Mar-2010 14:25,201001,HEATHROW,UNITED ARAB EMIRATES,DUBAI,BRITISH AIRWAYS PLC,D,S, 82 , 0 , 56.0975609756098 , 10.9756097560976 , 12.1951219512195 , 14.6341463414634 , 4.8780487804878 , 1.21951219512195 , 42.1707317073171 , 0 , 109 , 77.0642201834862 , 11.2110091743119 
24-Mar-2010 14:25,201001,HEATHROW,UNITED ARAB EMIRATES,DUBAI,EMIRATES,A,S, 155 , 1 , 46.4516129032258 , 23.2258064516129 , 23.8709677419355 , 6.45161290322581 , 0 , 0 , 23.9354838709677 , 0 , 154 , 54.5454545454545 , 21.3311688311688 
24-Mar-2010 14:25,201001,HEATHROW,UNITED ARAB EMIRATES,DUBAI,EMIRATES,D,S, 155 , 1 , 48.3870967741935 , 25.8064516129032 , 14.8387096774194 , 8.38709677419355 , 1.93548387096774 , 0.645161290322581 , 33.8387096774194 , 0 , 153 , 61.437908496732 , 19.1176470588235 
24-Mar-2010 14:25,201001,HEATHROW,UNITED ARAB EMIRATES,DUBAI,VIRGIN ATLANTIC AIRWAYS LTD,A,S, 28 , 0 , 71.4285714285714 , 14.2857142857143 , 3.57142857142857 , 10.7142857142857 , 0 , 0 , 16.3214285714286 , 0 , 30 , 90 , 3.66666666666667 
24-Mar-2010 14:25,201001,HEATHROW,UNITED ARAB EMIRATES,DUBAI,VIRGIN ATLANTIC AIRWAYS LTD,D,S, 28 , 0 , 71.4285714285714 , 14.2857142857143 , 7.14285714285714 , 7.14285714285714 , 0 , 0 , 19.5714285714286 , 0 , 30 , 73.3333333333333 , 7.96666666666667 
24-Mar-2010 14:25,201001,HEATHROW,UNITED KINGDOM,ABERDEEN,BMI BRITISH MIDLAND,A,S, 160 , 0 , 70 , 10 , 9.375 , 9.375 , 1.25 , 0 , 20.33125 , 2 , 161 , 70.8074534161491 , 19.5155279503106 
24-Mar-2010 14:25,201001,HEATHROW,UNITED KINGDOM,ABERDEEN,BMI BRITISH MIDLAND,D,S, 165 , 0 , 76.3636363636364 , 6.66666666666667 , 5.45454545454546 , 8.48484848484848 , 3.03030303030303 , 0 , 20.1939393939394 , 2 , 160 , 83.75 , 11.3125 
24-Mar-2010 14:25,201001,HEATHROW,UNITED KINGDOM,ABERDEEN,BRITISH AIRWAYS PLC,A,S, 145 , 0 , 71.0344827586207 , 11.0344827586207 , 6.20689655172414 , 11.0344827586207 , 0.689655172413793 , 0 , 18.2206896551724 , 0 , 166 , 76.5060240963855 , 14.078313253012 
24-Mar-2010 14:25,201001,HEATHROW,UNITED KINGDOM,ABERDEEN,BRITISH AIRWAYS PLC,D,S, 148 , 0 , 80.4054054054054 , 7.43243243243243 , 6.08108108108108 , 6.08108108108108 , 0 , 0 , 12.2162162162162 , 0 , 168 , 80.9523809523809 , 10.3809523809524 
24-Mar-2010 14:25,201001,HEATHROW,UNITED KINGDOM,BELFAST CITY (GEORGE BEST),BMI BRITISH MIDLAND,A,S, 199 , 1 , 76.8844221105528 , 10.0502512562814 , 6.03015075376884 , 5.52763819095477 , 1.50753768844221 , 0 , 15.5477386934673 , 1 , 230 , 83.4782608695652 , 10.1521739130435 
24-Mar-2010 14:25,201001,HEATHROW,UNITED KINGDOM,BELFAST CITY (GEORGE BEST),BMI BRITISH MIDLAND,D,S, 199 , 0 , 81.4070351758794 , 10.0502512562814 , 3.01507537688442 , 4.52261306532663 , 1.00502512562814 , 0 , 12.5477386934673 , 2 , 230 , 86.5217391304348 , 5.84782608695652 
24-Mar-2010 14:25,201001,HEATHROW,UNITED KINGDOM,BELFAST INTERNATIONAL,AER LINGUS,A,S, 93 , 0 , 64.5161290322581 , 13.9784946236559 , 11.8279569892473 , 9.67741935483871 , 0 , 0 , 18.9569892473118 , 0 , 91 , 92.3076923076923 , 6.16483516483517 
24-Mar-2010 14:25,201001,HEATHROW,UNITED KINGDOM,BELFAST INTERNATIONAL,AER LINGUS,D,S, 93 , 0 , 73.1182795698925 , 10.752688172043 , 6.45161290322581 , 9.67741935483871 , 0 , 0 , 18.2795698924731 , 0 , 91 , 92.3076923076923 , 6.28571428571429 
24-Mar-2010 14:25,201001,HEATHROW,UNITED KINGDOM,DURHAM TEES VALLEY,BMI BRITISH MIDLAND,A,S, 0 , 0 , 0 , 0 , 0 , 0 , 0 , 0 , 0 , 0 , 75 , 82.6666666666667 , 15.9866666666667 
24-Mar-2010 14:25,201001,HEATHROW,UNITED KINGDOM,DURHAM TEES VALLEY,BMI BRITISH MIDLAND,D,S, 0 , 0 , 0 , 0 , 0 , 0 , 0 , 0 , 0 , 0 , 74 , 86.4864864864865 , 15.8513513513514 
24-Mar-2010 14:25,201001,HEATHROW,UNITED KINGDOM,EDINBURGH,BMI BRITISH MIDLAND,A,S, 170 , 0 , 81.7647058823529 , 5.29411764705882 , 6.47058823529412 , 5.88235294117647 , 0.588235294117647 , 0 , 13.1588235294118 , 0 , 207 , 85.024154589372 , 11.1545893719807 
24-Mar-2010 14:25,201001,HEATHROW,UNITED KINGDOM,EDINBURGH,BMI BRITISH MIDLAND,D,S, 174 , 0 , 83.3333333333333 , 6.89655172413793 , 5.74712643678161 , 3.44827586206897 , 0.574712643678161 , 0 , 10.5114942528736 , 0 , 214 , 85.981308411215 , 8.0981308411215 
24-Mar-2010 14:25,201001,HEATHROW,UNITED KINGDOM,EDINBURGH,BRITISH AIRWAYS PLC,A,S, 206 , 1 , 76.6990291262136 , 9.22330097087379 , 4.85436893203883 , 8.25242718446602 , 0.970873786407767 , 0 , 15.1601941747573 , 0 , 283 , 81.2720848056537 , 14.7632508833922 
24-Mar-2010 14:25,201001,HEATHROW,UNITED KINGDOM,EDINBURGH,BRITISH AIRWAYS PLC,D,S, 207 , 0 , 87.9227053140097 , 4.34782608695652 , 2.89855072463768 , 3.86473429951691 , 0.966183574879227 , 0 , 9.81159420289855 , 0 , 286 , 86.7132867132867 , 8.97552447552448 
24-Mar-2010 14:25,201001,HEATHROW,UNITED KINGDOM,FARNBOROUGH,DASNAIR,A,C, 0 , 1 , 0 , 0 , 0 , 0 , 0 , 0 , 0 , 0 , 0 , 0 , 0 
24-Mar-2010 14:25,201001,HEATHROW,UNITED KINGDOM,GATWICK,AER LINGUS,D,C, 0 , 1 , 0 , 0 , 0 , 0 , 0 , 0 , 0 , 0 , 0 , 0 , 0 
24-Mar-2010 14:25,201001,HEATHROW,UNITED KINGDOM,GLASGOW,BMI BRITISH MIDLAND,A,S, 168 , 0 , 79.7619047619048 , 4.76190476190476 , 8.33333333333333 , 5.35714285714286 , 1.78571428571429 , 0 , 15.0892857142857 , 2 , 199 , 78.391959798995 , 13.9045226130653 
24-Mar-2010 14:25,201001,HEATHROW,UNITED KINGDOM,GLASGOW,BMI BRITISH MIDLAND,D,S, 164 , 0 , 78.0487804878049 , 9.14634146341463 , 6.70731707317073 , 4.8780487804878 , 1.21951219512195 , 0 , 13.9268292682927 , 2 , 200 , 85.5 , 7.485 
24-Mar-2010 14:25,201001,HEATHROW,UNITED KINGDOM,GLASGOW,BRITISH AIRWAYS PLC,A,S, 183 , 1 , 79.7814207650273 , 7.10382513661202 , 7.10382513661202 , 4.91803278688525 , 1.09289617486339 , 0 , 13.448087431694 , 0 , 216 , 81.0185185185185 , 14.2083333333333 
24-Mar-2010 14:25,201001,HEATHROW,UNITED KINGDOM,GLASGOW,BRITISH AIRWAYS PLC,D,S, 183 , 0 , 82.5136612021858 , 7.10382513661202 , 7.10382513661202 , 2.18579234972678 , 1.09289617486339 , 0 , 11.6994535519126 , 0 , 219 , 83.5616438356164 , 10.9771689497717 
24-Mar-2010 14:25,201001,HEATHROW,UNITED KINGDOM,JERSEY,BMI BRITISH MIDLAND,A,S, 0 , 0 , 0 , 0 , 0 , 0 , 0 , 0 , 0 , 0 , 57 , 84.2105263157895 , 11.1052631578947 
24-Mar-2010 14:25,201001,HEATHROW,UNITED KINGDOM,JERSEY,BMI BRITISH MIDLAND,D,S, 0 , 0 , 0 , 0 , 0 , 0 , 0 , 0 , 0 , 0 , 57 , 87.719298245614 , 6.49122807017544 
24-Mar-2010 14:25,201001,HEATHROW,UNITED KINGDOM,LEEDS BRADFORD,BMI BRITISH MIDLAND,A,S, 0 , 0 , 0 , 0 , 0 , 0 , 0 , 0 , 0 , 0 , 99 , 84.8484848484849 , 10.8989898989899 
24-Mar-2010 14:25,201001,HEATHROW,UNITED KINGDOM,LEEDS BRADFORD,BMI BRITISH MIDLAND,D,S, 0 , 0 , 0 , 0 , 0 , 0 , 0 , 0 , 0 , 0 , 102 , 91.1764705882353 , 7.13725490196078 
24-Mar-2010 14:25,201001,HEATHROW,UNITED KINGDOM,MANCHESTER,AMERICAN AIRLINES,D,S, 0 , 1 , 0 , 0 , 0 , 0 , 0 , 0 , 0 , 0 , 0 , 0 , 0 
24-Mar-2010 14:25,201001,HEATHROW,UNITED KINGDOM,MANCHESTER,BMI BRITISH MIDLAND,A,S, 206 , 0 , 80.5825242718447 , 5.8252427184466 , 4.36893203883495 , 6.79611650485437 , 2.42718446601942 , 0 , 17.9077669902913 , 1 , 228 , 75 , 16.0526315789474 
24-Mar-2010 14:25,201001,HEATHROW,UNITED KINGDOM,MANCHESTER,BMI BRITISH MIDLAND,D,S, 200 , 0 , 82 , 7 , 2.5 , 8 , 0.5 , 0 , 13.405 , 1 , 230 , 83.4782608695652 , 8.85652173913043 
24-Mar-2010 14:25,201001,HEATHROW,UNITED KINGDOM,MANCHESTER,BRITISH AIRWAYS PLC,A,S, 163 , 0 , 69.9386503067485 , 7.97546012269939 , 7.36196319018405 , 12.2699386503067 , 1.84049079754601 , 0.613496932515337 , 26.2269938650307 , 1 , 204 , 71.5686274509804 , 15.8578431372549 
24-Mar-2010 14:25,201001,HEATHROW,UNITED KINGDOM,MANCHESTER,BRITISH AIRWAYS PLC,D,S, 164 , 0 , 78.6585365853659 , 8.53658536585366 , 4.8780487804878 , 7.31707317073171 , 0.609756097560976 , 0 , 13.2439024390244 , 0 , 204 , 80.3921568627451 , 10.5196078431373 
24-Mar-2010 14:25,201001,HEATHROW,UNITED KINGDOM,MANCHESTER,ETIHAD AIRWAYS,D,S, 0 , 1 , 0 , 0 , 0 , 0 , 0 , 0 , 0 , 0 , 0 , 0 , 0 
24-Mar-2010 14:25,201001,HEATHROW,UNITED KINGDOM,NEWCASTLE,BRITISH AIRWAYS PLC,A,S, 119 , 0 , 68.0672268907563 , 8.40336134453782 , 11.7647058823529 , 7.56302521008403 , 2.52100840336134 , 1.68067226890756 , 28.9411764705882 , 0 , 168 , 76.1904761904762 , 14.8452380952381 
24-Mar-2010 14:25,201001,HEATHROW,UNITED KINGDOM,NEWCASTLE,BRITISH AIRWAYS PLC,D,S, 120 , 0 , 82.5 , 7.5 , 5 , 3.33333333333333 , 0.833333333333333 , 0.833333333333333 , 13.6416666666667 , 0 , 168 , 78.5714285714286 , 12.1071428571429 
24-Mar-2010 14:25,201001,HEATHROW,USA,ATLANTA,BRITISH AIRWAYS PLC,A,S, 27 , 0 , 51.8518518518519 , 22.2222222222222 , 11.1111111111111 , 11.1111111111111 , 3.7037037037037 , 0 , 31.0740740740741 , 1 , 0 , 0 , 0 
24-Mar-2010 14:25,201001,HEATHROW,USA,ATLANTA,BRITISH AIRWAYS PLC,D,S, 28 , 0 , 32.1428571428571 , 21.4285714285714 , 28.5714285714286 , 14.2857142857143 , 3.57142857142857 , 0 , 39.4285714285714 , 0 , 0 , 0 , 0 
24-Mar-2010 14:25,201001,HEATHROW,USA,ATLANTA,DELTA AIRLINES,A,S, 31 , 2 , 41.9354838709677 , 16.1290322580645 , 29.0322580645161 , 12.9032258064516 , 0 , 0 , 31.3225806451613 , 0 , 31 , 83.8709677419355 , 10.0322580645161 
24-Mar-2010 14:25,201001,HEATHROW,USA,ATLANTA,DELTA AIRLINES,D,S, 32 , 1 , 59.375 , 25 , 3.125 , 12.5 , 0 , 0 , 23.78125 , 0 , 31 , 90.3225806451613 , 3.93548387096774 
24-Mar-2010 14:25,201001,HEATHROW,USA,BALTIMORE,BRITISH AIRWAYS PLC,A,S, 28 , 0 , 75 , 7.14285714285714 , 14.2857142857143 , 3.57142857142857 , 0 , 0 , 14.9285714285714 , 0 , 27 , 96.2962962962963 , 2.44444444444444 
24-Mar-2010 14:25,201001,HEATHROW,USA,BALTIMORE,BRITISH AIRWAYS PLC,D,S, 29 , 0 , 51.7241379310345 , 17.2413793103448 , 6.89655172413793 , 17.2413793103448 , 6.89655172413793 , 0 , 42.3448275862069 , 0 , 27 , 74.0740740740741 , 12.4814814814815 
24-Mar-2010 14:25,201001,HEATHROW,USA,BOSTON,AMERICAN AIRLINES,A,S, 53 , 0 , 60.377358490566 , 13.2075471698113 , 15.0943396226415 , 9.43396226415094 , 1.88679245283019 , 0 , 26 , 0 , 53 , 66.0377358490566 , 22.377358490566 
24-Mar-2010 14:25,201001,HEATHROW,USA,BOSTON,AMERICAN AIRLINES,D,S, 53 , 0 , 60.377358490566 , 11.3207547169811 , 16.9811320754717 , 11.3207547169811 , 0 , 0 , 21.377358490566 , 0 , 52 , 84.6153846153846 , 6.46153846153846 
24-Mar-2010 14:25,201001,HEATHROW,USA,BOSTON,BRITISH AIRWAYS PLC,A,S, 79 , 0 , 68.3544303797468 , 12.6582278481013 , 11.3924050632911 , 2.53164556962025 , 3.79746835443038 , 1.26582278481013 , 37.9746835443038 , 1 , 73 , 82.1917808219178 , 8.31506849315068 
24-Mar-2010 14:25,201001,HEATHROW,USA,BOSTON,BRITISH AIRWAYS PLC,D,S, 81 , 0 , 34.5679012345679 , 27.1604938271605 , 18.5185185185185 , 12.3456790123457 , 6.17283950617284 , 1.23456790123457 , 50.3703703703704 , 0 , 74 , 81.0810810810811 , 8.43243243243243 
24-Mar-2010 14:25,201001,HEATHROW,USA,BOSTON,VIRGIN ATLANTIC AIRWAYS LTD,A,S, 30 , 0 , 63.3333333333333 , 13.3333333333333 , 10 , 13.3333333333333 , 0 , 0 , 20.3666666666667 , 0 , 30 , 66.6666666666667 , 25.7 
24-Mar-2010 14:25,201001,HEATHROW,USA,BOSTON,VIRGIN ATLANTIC AIRWAYS LTD,D,S, 30 , 0 , 76.6666666666667 , 10 , 13.3333333333333 , 0 , 0 , 0 , 10.2666666666667 , 0 , 30 , 86.6666666666667 , 13.4333333333333 
24-Mar-2010 14:25,201001,HEATHROW,USA,CHICAGO (O'HARE),AMERICAN AIRLINES,A,S, 89 , 1 , 41.5730337078652 , 19.1011235955056 , 19.1011235955056 , 16.8539325842697 , 2.24719101123596 , 1.12359550561798 , 41.7303370786517 , 1 , 89 , 49.438202247191 , 26.6179775280899 
24-Mar-2010 14:25,201001,HEATHROW,USA,CHICAGO (O'HARE),AMERICAN AIRLINES,D,S, 90 , 0 , 61.1111111111111 , 13.3333333333333 , 12.2222222222222 , 13.3333333333333 , 0 , 0 , 23.4 , 1 , 89 , 87.6404494382023 , 5.26966292134831 
24-Mar-2010 14:25,201001,HEATHROW,USA,CHICAGO (O'HARE),BRITISH AIRWAYS PLC,A,S, 59 , 0 , 45.7627118644068 , 18.6440677966102 , 25.4237288135593 , 8.47457627118644 , 0 , 1.69491525423729 , 39.6101694915254 , 1 , 88 , 60.2272727272727 , 20.1022727272727 
24-Mar-2010 14:25,201001,HEATHROW,USA,CHICAGO (O'HARE),BRITISH AIRWAYS PLC,D,S, 60 , 0 , 28.3333333333333 , 15 , 36.6666666666667 , 16.6666666666667 , 1.66666666666667 , 1.66666666666667 , 52.5333333333333 , 0 , 89 , 69.6629213483146 , 15.4719101123596 
24-Mar-2010 14:25,201001,HEATHROW,USA,CHICAGO (O'HARE),UNITED AIRLINES,A,S, 91 , 0 , 49.4505494505495 , 18.6813186813187 , 20.8791208791209 , 9.89010989010989 , 1.0989010989011 , 0 , 27.010989010989 , 2 , 90 , 55.5555555555556 , 27.7222222222222 
24-Mar-2010 14:25,201001,HEATHROW,USA,CHICAGO (O'HARE),UNITED AIRLINES,D,S, 91 , 0 , 82.4175824175824 , 5.49450549450549 , 6.59340659340659 , 3.2967032967033 , 2.1978021978022 , 0 , 13.8131868131868 , 2 , 88 , 82.9545454545455 , 11.7386363636364 
24-Mar-2010 14:25,201001,HEATHROW,USA,CHICAGO (O'HARE),VIRGIN ATLANTIC AIRWAYS LTD,A,S, 0 , 0 , 0 , 0 , 0 , 0 , 0 , 0 , 0 , 0 , 24 , 58.3333333333333 , 23.375 
24-Mar-2010 14:25,201001,HEATHROW,USA,CHICAGO (O'HARE),VIRGIN ATLANTIC AIRWAYS LTD,D,S, 0 , 0 , 0 , 0 , 0 , 0 , 0 , 0 , 0 , 0 , 24 , 66.6666666666667 , 11.4166666666667 
24-Mar-2010 14:25,201001,HEATHROW,USA,DALLAS/FORT WORTH,AMERICAN AIRLINES,A,S, 60 , 0 , 38.3333333333333 , 21.6666666666667 , 26.6666666666667 , 11.6666666666667 , 1.66666666666667 , 0 , 32.8833333333333 , 0 , 60 , 75 , 12.7833333333333 
24-Mar-2010 14:25,201001,HEATHROW,USA,DALLAS/FORT WORTH,AMERICAN AIRLINES,D,C, 0 , 0 , 0 , 0 , 0 , 0 , 0 , 0 , 0 , 0 , 1 , 0 , 52 
24-Mar-2010 14:25,201001,HEATHROW,USA,DALLAS/FORT WORTH,AMERICAN AIRLINES,D,S, 60 , 0 , 50 , 16.6666666666667 , 18.3333333333333 , 15 , 0 , 0 , 25.9333333333333 , 0 , 59 , 77.9661016949153 , 8.67796610169492 
24-Mar-2010 14:25,201001,HEATHROW,USA,DALLAS/FORT WORTH,BRITISH AIRWAYS PLC,A,S, 30 , 0 , 33.3333333333333 , 16.6666666666667 , 20 , 23.3333333333333 , 6.66666666666667 , 0 , 51.8 , 0 , 30 , 76.6666666666667 , 11.6333333333333 
24-Mar-2010 14:25,201001,HEATHROW,USA,DALLAS/FORT WORTH,BRITISH AIRWAYS PLC,D,S, 30 , 0 , 10 , 26.6666666666667 , 30 , 23.3333333333333 , 10 , 0 , 62.7666666666667 , 0 , 30 , 53.3333333333333 , 25.1 
24-Mar-2010 14:25,201001,HEATHROW,USA,DENVER INTERNATIONAL,BRITISH AIRWAYS PLC,A,S, 29 , 0 , 24.1379310344828 , 17.2413793103448 , 24.1379310344828 , 24.1379310344828 , 10.3448275862069 , 0 , 60.8965517241379 , 0 , 31 , 58.0645161290323 , 24.741935483871 
24-Mar-2010 14:25,201001,HEATHROW,USA,DENVER INTERNATIONAL,BRITISH AIRWAYS PLC,D,S, 29 , 0 , 24.1379310344828 , 10.3448275862069 , 37.9310344827586 , 20.6896551724138 , 6.89655172413793 , 0 , 55.2758620689655 , 0 , 31 , 61.2903225806452 , 23 
24-Mar-2010 14:25,201001,HEATHROW,USA,DETROIT,DELTA AIRLINES,A,S, 30 , 0 , 56.6666666666667 , 6.66666666666667 , 16.6666666666667 , 20 , 0 , 0 , 32.5666666666667 , 0 , 0 , 0 , 0 
24-Mar-2010 14:25,201001,HEATHROW,USA,DETROIT,DELTA AIRLINES,D,S, 30 , 0 , 63.3333333333333 , 13.3333333333333 , 10 , 13.3333333333333 , 0 , 0 , 19.6666666666667 , 0 , 0 , 0 , 0 
24-Mar-2010 14:25,201001,HEATHROW,USA,DETROIT,NORTHWEST AIRLINES,A,S, 0 , 0 , 0 , 0 , 0 , 0 , 0 , 0 , 0 , 1 , 31 , 90.3225806451613 , 5.32258064516129 
24-Mar-2010 14:25,201001,HEATHROW,USA,DETROIT,NORTHWEST AIRLINES,D,S, 0 , 0 , 0 , 0 , 0 , 0 , 0 , 0 , 0 , 1 , 31 , 87.0967741935484 , 4.7741935483871 
24-Mar-2010 14:25,201001,HEATHROW,USA,FORT LAUDERDALE,AMERICAN AIRLINES,A,C, 0 , 0 , 0 , 0 , 0 , 0 , 0 , 0 , 0 , 0 , 1 , 0 , 48 
24-Mar-2010 14:25,201001,HEATHROW,USA,HOUSTON,BRITISH AIRWAYS PLC,A,S, 54 , 0 , 53.7037037037037 , 14.8148148148148 , 12.962962962963 , 14.8148148148148 , 3.7037037037037 , 0 , 33.9814814814815 , 0 , 58 , 79.3103448275862 , 10.3275862068966 
24-Mar-2010 14:25,201001,HEATHROW,USA,HOUSTON,BRITISH AIRWAYS PLC,D,S, 55 , 0 , 38.1818181818182 , 21.8181818181818 , 16.3636363636364 , 21.8181818181818 , 1.81818181818182 , 0 , 39.4909090909091 , 0 , 59 , 57.6271186440678 , 17.3050847457627 
24-Mar-2010 14:25,201001,HEATHROW,USA,HOUSTON,CONTINENTAL AIRLINES,A,S, 60 , 0 , 51.6666666666667 , 13.3333333333333 , 15 , 15 , 5 , 0 , 40.25 , 2 , 62 , 72.5806451612903 , 9.45161290322581 
24-Mar-2010 14:25,201001,HEATHROW,USA,HOUSTON,CONTINENTAL AIRLINES,D,S, 60 , 0 , 55 , 11.6666666666667 , 11.6666666666667 , 13.3333333333333 , 8.33333333333333 , 0 , 42.95 , 2 , 62 , 74.1935483870968 , 21.5483870967742 
24-Mar-2010 14:25,201001,HEATHROW,USA,LAS VEGAS,BRITISH AIRWAYS PLC,A,S, 29 , 0 , 13.7931034482759 , 17.2413793103448 , 34.4827586206897 , 27.5862068965517 , 6.89655172413793 , 0 , 61.6551724137931 , 0 , 0 , 0 , 0 
24-Mar-2010 14:25,201001,HEATHROW,USA,LAS VEGAS,BRITISH AIRWAYS PLC,D,S, 29 , 0 , 34.4827586206897 , 17.2413793103448 , 27.5862068965517 , 17.2413793103448 , 3.44827586206897 , 0 , 43.7241379310345 , 0 , 0 , 0 , 0 
24-Mar-2010 14:25,201001,HEATHROW,USA,LAS VEGAS,VIRGIN ATLANTIC AIRWAYS LTD,D,S, 0 , 1 , 0 , 0 , 0 , 0 , 0 , 0 , 0 , 1 , 0 , 0 , 0 
24-Mar-2010 14:25,201001,HEATHROW,USA,LOS ANGELES INTERNATIONAL,AMERICAN AIRLINES,A,S, 31 , 0 , 25.8064516129032 , 25.8064516129032 , 29.0322580645161 , 16.1290322580645 , 3.2258064516129 , 0 , 40.2258064516129 , 0 , 31 , 70.9677419354839 , 13.2903225806452 
24-Mar-2010 14:25,201001,HEATHROW,USA,LOS ANGELES INTERNATIONAL,AMERICAN AIRLINES,D,S, 31 , 0 , 48.3870967741935 , 9.67741935483871 , 25.8064516129032 , 16.1290322580645 , 0 , 0 , 34.0322580645161 , 0 , 31 , 80.6451612903226 , 8.90322580645161 
24-Mar-2010 14:25,201001,HEATHROW,USA,LOS ANGELES INTERNATIONAL,BRITISH AIRWAYS PLC,A,S, 68 , 0 , 19.1176470588235 , 8.82352941176471 , 36.7647058823529 , 26.4705882352941 , 7.35294117647059 , 1.47058823529412 , 75.1911764705882 , 0 , 74 , 47.2972972972973 , 22.0135135135135 
24-Mar-2010 14:25,201001,HEATHROW,USA,LOS ANGELES INTERNATIONAL,BRITISH AIRWAYS PLC,D,S, 67 , 0 , 23.8805970149254 , 19.4029850746269 , 17.910447761194 , 31.3432835820896 , 5.97014925373134 , 1.49253731343284 , 66.4179104477612 , 0 , 73 , 46.5753424657534 , 24.5479452054795 
24-Mar-2010 14:25,201001,HEATHROW,USA,LOS ANGELES INTERNATIONAL,UNITED AIRLINES,A,S, 31 , 0 , 80.6451612903226 , 12.9032258064516 , 0 , 3.2258064516129 , 3.2258064516129 , 0 , 16.741935483871 , 0 , 31 , 83.8709677419355 , 13.3548387096774 
24-Mar-2010 14:25,201001,HEATHROW,USA,LOS ANGELES INTERNATIONAL,UNITED AIRLINES,D,S, 31 , 0 , 83.8709677419355 , 9.67741935483871 , 3.2258064516129 , 3.2258064516129 , 0 , 0 , 9.67741935483871 , 0 , 31 , 83.8709677419355 , 9.51612903225806 
24-Mar-2010 14:25,201001,HEATHROW,USA,LOS ANGELES INTERNATIONAL,VIRGIN ATLANTIC AIRWAYS LTD,A,S, 51 , 0 , 27.4509803921569 , 23.5294117647059 , 27.4509803921569 , 17.6470588235294 , 3.92156862745098 , 0 , 44.0588235294118 , 0 , 54 , 61.1111111111111 , 18.1666666666667 
24-Mar-2010 14:25,201001,HEATHROW,USA,LOS ANGELES INTERNATIONAL,VIRGIN ATLANTIC AIRWAYS LTD,D,S, 50 , 0 , 28 , 32 , 20 , 18 , 2 , 0 , 38.38 , 0 , 54 , 64.8148148148148 , 18.9814814814815 
24-Mar-2010 14:25,201001,HEATHROW,USA,MIAMI INTERNATIONAL,AMERICAN AIRLINES,A,S, 46 , 0 , 58.695652173913 , 17.3913043478261 , 13.0434782608696 , 6.52173913043478 , 4.34782608695652 , 0 , 26.8913043478261 , 0 , 46 , 71.7391304347826 , 12.7391304347826 
24-Mar-2010 14:25,201001,HEATHROW,USA,MIAMI INTERNATIONAL,AMERICAN AIRLINES,D,S, 46 , 0 , 54.3478260869565 , 15.2173913043478 , 15.2173913043478 , 15.2173913043478 , 0 , 0 , 23.0869565217391 , 0 , 45 , 84.4444444444444 , 6.2 
24-Mar-2010 14:25,201001,HEATHROW,USA,MIAMI INTERNATIONAL,BRITISH AIRWAYS PLC,A,S, 59 , 2 , 71.1864406779661 , 8.47457627118644 , 6.77966101694915 , 6.77966101694915 , 5.08474576271186 , 1.69491525423729 , 32.728813559322 , 2 , 62 , 80.6451612903226 , 16.1774193548387 
24-Mar-2010 14:25,201001,HEATHROW,USA,MIAMI INTERNATIONAL,BRITISH AIRWAYS PLC,D,S, 61 , 0 , 26.2295081967213 , 18.0327868852459 , 26.2295081967213 , 21.3114754098361 , 6.55737704918033 , 1.63934426229508 , 77.2786885245902 , 0 , 62 , 56.4516129032258 , 26.4838709677419 
24-Mar-2010 14:25,201001,HEATHROW,USA,MIAMI INTERNATIONAL,VIRGIN ATLANTIC AIRWAYS LTD,A,S, 31 , 0 , 64.5161290322581 , 16.1290322580645 , 16.1290322580645 , 3.2258064516129 , 0 , 0 , 13.4193548387097 , 0 , 31 , 77.4193548387097 , 21.3548387096774 
24-Mar-2010 14:25,201001,HEATHROW,USA,MIAMI INTERNATIONAL,VIRGIN ATLANTIC AIRWAYS LTD,D,S, 31 , 0 , 38.7096774193548 , 22.5806451612903 , 22.5806451612903 , 16.1290322580645 , 0 , 0 , 33.5806451612903 , 0 , 31 , 67.741935483871 , 18.3870967741935 
24-Mar-2010 14:25,201001,HEATHROW,USA,MINNEAPOLIS-ST PAUL,DELTA AIRLINES,A,S, 22 , 0 , 45.4545454545455 , 13.6363636363636 , 31.8181818181818 , 9.09090909090909 , 0 , 0 , 28.0454545454545 , 0 , 0 , 0 , 0 
24-Mar-2010 14:25,201001,HEATHROW,USA,MINNEAPOLIS-ST PAUL,DELTA AIRLINES,D,S, 22 , 0 , 81.8181818181818 , 9.09090909090909 , 9.09090909090909 , 0 , 0 , 0 , 8.18181818181818 , 0 , 0 , 0 , 0 
24-Mar-2010 14:25,201001,HEATHROW,USA,MINNEAPOLIS-ST PAUL,NORTHWEST AIRLINES,A,S, 0 , 0 , 0 , 0 , 0 , 0 , 0 , 0 , 0 , 0 , 31 , 93.5483870967742 , 2.12903225806452 
24-Mar-2010 14:25,201001,HEATHROW,USA,MINNEAPOLIS-ST PAUL,NORTHWEST AIRLINES,D,S, 0 , 0 , 0 , 0 , 0 , 0 , 0 , 0 , 0 , 0 , 31 , 87.0967741935484 , 3.70967741935484 
24-Mar-2010 14:25,201001,HEATHROW,USA,NEW YORK (JF KENNEDY),AMERICAN AIRLINES,A,S, 117 , 0 , 59.8290598290598 , 10.2564102564103 , 11.1111111111111 , 17.0940170940171 , 0.854700854700855 , 0.854700854700855 , 36.5555555555556 , 0 , 140 , 71.4285714285714 , 17.8928571428571 
24-Mar-2010 14:25,201001,HEATHROW,USA,NEW YORK (JF KENNEDY),AMERICAN AIRLINES,D,S, 119 , 1 , 61.3445378151261 , 15.1260504201681 , 10.9243697478992 , 12.6050420168067 , 0 , 0 , 20.9915966386555 , 0 , 142 , 80.9859154929577 , 11.3380281690141 
24-Mar-2010 14:25,201001,HEATHROW,USA,NEW YORK (JF KENNEDY),BRITISH AIRWAYS PLC,A,S, 162 , 0 , 74.0740740740741 , 8.64197530864197 , 8.64197530864197 , 5.55555555555556 , 1.23456790123457 , 1.85185185185185 , 35.0061728395062 , 0 , 208 , 74.5192307692308 , 18.7067307692308 
24-Mar-2010 14:25,201001,HEATHROW,USA,NEW YORK (JF KENNEDY),BRITISH AIRWAYS PLC,D,S, 164 , 0 , 39.6341463414634 , 20.7317073170732 , 16.4634146341463 , 17.6829268292683 , 4.8780487804878 , 0.609756097560976 , 44.3475609756098 , 0 , 210 , 70.4761904761905 , 13.047619047619 
24-Mar-2010 14:25,201001,HEATHROW,USA,NEW YORK (JF KENNEDY),DELTA AIRLINES,A,S, 62 , 0 , 69.3548387096774 , 12.9032258064516 , 8.06451612903226 , 9.67741935483871 , 0 , 0 , 16.5322580645161 , 0 , 58 , 75.8620689655172 , 12.3103448275862 
24-Mar-2010 14:25,201001,HEATHROW,USA,NEW YORK (JF KENNEDY),DELTA AIRLINES,D,S, 62 , 1 , 72.5806451612903 , 9.67741935483871 , 8.06451612903226 , 9.67741935483871 , 0 , 0 , 16.0967741935484 , 0 , 58 , 93.1034482758621 , 8.1551724137931 
24-Mar-2010 14:25,201001,HEATHROW,USA,NEW YORK (JF KENNEDY),KUWAIT AIRWAYS,A,S, 14 , 0 , 64.2857142857143 , 7.14285714285714 , 0 , 21.4285714285714 , 7.14285714285714 , 0 , 40.4285714285714 , 0 , 13 , 92.3076923076923 , 3.07692307692308 
24-Mar-2010 14:25,201001,HEATHROW,USA,NEW YORK (JF KENNEDY),KUWAIT AIRWAYS,D,S, 13 , 0 , 15.3846153846154 , 23.0769230769231 , 30.7692307692308 , 15.3846153846154 , 15.3846153846154 , 0 , 71.3846153846154 , 0 , 14 , 78.5714285714286 , 11.0714285714286 
24-Mar-2010 14:25,201001,HEATHROW,USA,NEW YORK (JF KENNEDY),SAUDI ARABIAN AIRLINES,A,C, 0 , 1 , 0 , 0 , 0 , 0 , 0 , 0 , 0 , 0 , 0 , 0 , 0 
24-Mar-2010 14:25,201001,HEATHROW,USA,NEW YORK (JF KENNEDY),VIRGIN ATLANTIC AIRWAYS LTD,A,S, 81 , 0 , 65.4320987654321 , 12.3456790123457 , 13.5802469135802 , 8.64197530864197 , 0 , 0 , 19.679012345679 , 0 , 86 , 70.9302325581395 , 16.3023255813953 
24-Mar-2010 14:25,201001,HEATHROW,USA,NEW YORK (JF KENNEDY),VIRGIN ATLANTIC AIRWAYS LTD,D,S, 81 , 0 , 41.9753086419753 , 19.7530864197531 , 23.4567901234568 , 14.8148148148148 , 0 , 0 , 30.358024691358 , 0 , 84 , 71.4285714285714 , 18.0238095238095 
24-Mar-2010 14:25,201001,HEATHROW,USA,NEW YORK (NEWARK),AIR INDIA,A,S, 0 , 0 , 0 , 0 , 0 , 0 , 0 , 0 , 0 , 0 , 31 , 29.0322580645161 , 46.2258064516129 
24-Mar-2010 14:25,201001,HEATHROW,USA,NEW YORK (NEWARK),AIR INDIA,D,S, 0 , 0 , 0 , 0 , 0 , 0 , 0 , 0 , 0 , 0 , 31 , 25.8064516129032 , 57.5806451612903 
24-Mar-2010 14:25,201001,HEATHROW,USA,NEW YORK (NEWARK),BRITISH AIRWAYS PLC,A,S, 54 , 0 , 81.4814814814815 , 9.25925925925926 , 5.55555555555556 , 0 , 1.85185185185185 , 1.85185185185185 , 18.2407407407407 , 0 , 70 , 84.2857142857143 , 9.75714285714286 
24-Mar-2010 14:25,201001,HEATHROW,USA,NEW YORK (NEWARK),BRITISH AIRWAYS PLC,D,S, 54 , 0 , 33.3333333333333 , 24.0740740740741 , 18.5185185185185 , 20.3703703703704 , 0 , 3.7037037037037 , 48.2592592592593 , 0 , 71 , 70.4225352112676 , 13 
24-Mar-2010 14:25,201001,HEATHROW,USA,NEW YORK (NEWARK),CONTINENTAL AIRLINES,A,S, 92 , 0 , 50 , 21.7391304347826 , 13.0434782608696 , 10.8695652173913 , 2.17391304347826 , 2.17391304347826 , 35.4673913043478 , 0 , 91 , 69.2307692307692 , 23.4395604395604 
24-Mar-2010 14:25,201001,HEATHROW,USA,NEW YORK (NEWARK),CONTINENTAL AIRLINES,D,S, 92 , 0 , 66.304347826087 , 10.8695652173913 , 10.8695652173913 , 8.69565217391304 , 3.26086956521739 , 0 , 25.1195652173913 , 0 , 93 , 79.5698924731183 , 10.989247311828 
24-Mar-2010 14:25,201001,HEATHROW,USA,NEW YORK (NEWARK),VIRGIN ATLANTIC AIRWAYS LTD,A,S, 62 , 0 , 54.8387096774194 , 14.5161290322581 , 14.5161290322581 , 14.5161290322581 , 0 , 1.61290322580645 , 36.741935483871 , 0 , 60 , 71.6666666666667 , 16.8 
24-Mar-2010 14:25,201001,HEATHROW,USA,NEW YORK (NEWARK),VIRGIN ATLANTIC AIRWAYS LTD,D,S, 62 , 0 , 40.3225806451613 , 14.5161290322581 , 22.5806451612903 , 17.741935483871 , 4.83870967741935 , 0 , 40.7903225806452 , 0 , 60 , 70 , 20.3 
24-Mar-2010 14:25,201001,HEATHROW,USA,PHILADELPHIA INTERNATIONAL,BRITISH AIRWAYS PLC,A,S, 50 , 0 , 66 , 18 , 10 , 6 , 0 , 0 , 15.48 , 0 , 57 , 85.9649122807018 , 6.19298245614035 
24-Mar-2010 14:25,201001,HEATHROW,USA,PHILADELPHIA INTERNATIONAL,BRITISH AIRWAYS PLC,D,S, 51 , 0 , 49.0196078431373 , 15.6862745098039 , 21.5686274509804 , 9.80392156862745 , 3.92156862745098 , 0 , 33.4509803921569 , 0 , 58 , 77.5862068965517 , 8.87931034482759 
24-Mar-2010 14:25,201001,HEATHROW,USA,PHILADELPHIA INTERNATIONAL,US AIRWAYS,A,S, 31 , 0 , 64.5161290322581 , 9.67741935483871 , 12.9032258064516 , 6.45161290322581 , 6.45161290322581 , 0 , 35.4516129032258 , 0 , 31 , 93.5483870967742 , 3.58064516129032 
24-Mar-2010 14:25,201001,HEATHROW,USA,PHILADELPHIA INTERNATIONAL,US AIRWAYS,D,S, 31 , 0 , 48.3870967741935 , 22.5806451612903 , 12.9032258064516 , 9.67741935483871 , 3.2258064516129 , 3.2258064516129 , 39.2258064516129 , 0 , 31 , 74.1935483870968 , 10.258064516129 
24-Mar-2010 14:25,201001,HEATHROW,USA,PHOENIX,BRITISH AIRWAYS PLC,A,S, 25 , 0 , 16 , 36 , 16 , 24 , 8 , 0 , 65.12 , 0 , 23 , 73.9130434782609 , 8.1304347826087 
24-Mar-2010 14:25,201001,HEATHROW,USA,PHOENIX,BRITISH AIRWAYS PLC,D,S, 26 , 0 , 15.3846153846154 , 15.3846153846154 , 26.9230769230769 , 34.6153846153846 , 7.69230769230769 , 0 , 71.3076923076923 , 0 , 24 , 62.5 , 11.9166666666667 
24-Mar-2010 14:25,201001,HEATHROW,USA,RALEIGH,AMERICAN AIRLINES,A,S, 29 , 0 , 51.7241379310345 , 17.2413793103448 , 13.7931034482759 , 17.2413793103448 , 0 , 0 , 30.5862068965517 , 0 , 29 , 86.2068965517241 , 9.13793103448276 
24-Mar-2010 14:25,201001,HEATHROW,USA,RALEIGH,AMERICAN AIRLINES,D,S, 29 , 0 , 58.6206896551724 , 10.3448275862069 , 17.2413793103448 , 13.7931034482759 , 0 , 0 , 24.3448275862069 , 0 , 29 , 86.2068965517241 , 8 
24-Mar-2010 14:25,201001,HEATHROW,USA,SAN FRANCISCO,BRITISH AIRWAYS PLC,A,S, 50 , 0 , 38 , 16 , 16 , 28 , 2 , 0 , 46 , 0 , 62 , 72.5806451612903 , 12.6774193548387 
24-Mar-2010 14:25,201001,HEATHROW,USA,SAN FRANCISCO,BRITISH AIRWAYS PLC,D,S, 51 , 0 , 21.5686274509804 , 21.5686274509804 , 21.5686274509804 , 33.3333333333333 , 1.96078431372549 , 0 , 54.6470588235294 , 0 , 62 , 64.5161290322581 , 17.2096774193548 
24-Mar-2010 14:25,201001,HEATHROW,USA,SAN FRANCISCO,UNITED AIRLINES,A,S, 31 , 0 , 77.4193548387097 , 12.9032258064516 , 3.2258064516129 , 6.45161290322581 , 0 , 0 , 13.3870967741935 , 0 , 62 , 69.3548387096774 , 13.4516129032258 
24-Mar-2010 14:25,201001,HEATHROW,USA,SAN FRANCISCO,UNITED AIRLINES,D,S, 31 , 0 , 74.1935483870968 , 12.9032258064516 , 6.45161290322581 , 6.45161290322581 , 0 , 0 , 14.0645161290323 , 0 , 62 , 88.7096774193548 , 7.69354838709677 
24-Mar-2010 14:25,201001,HEATHROW,USA,SAN FRANCISCO,VIRGIN ATLANTIC AIRWAYS LTD,A,S, 31 , 0 , 61.2903225806452 , 6.45161290322581 , 22.5806451612903 , 6.45161290322581 , 3.2258064516129 , 0 , 28.5806451612903 , 0 , 31 , 87.0967741935484 , 6.64516129032258 
24-Mar-2010 14:25,201001,HEATHROW,USA,SAN FRANCISCO,VIRGIN ATLANTIC AIRWAYS LTD,D,S, 31 , 0 , 32.258064516129 , 29.0322580645161 , 22.5806451612903 , 12.9032258064516 , 3.2258064516129 , 0 , 35.0322580645161 , 0 , 31 , 87.0967741935484 , 6.32258064516129 
24-Mar-2010 14:25,201001,HEATHROW,USA,SEATTLE (TACOMA),BRITISH AIRWAYS PLC,A,S, 29 , 0 , 62.0689655172414 , 17.2413793103448 , 10.3448275862069 , 3.44827586206897 , 0 , 6.89655172413793 , 103.172413793103 , 1 , 41 , 58.5365853658537 , 17.7317073170732 
24-Mar-2010 14:25,201001,HEATHROW,USA,SEATTLE (TACOMA),BRITISH AIRWAYS PLC,D,S, 29 , 0 , 24.1379310344828 , 13.7931034482759 , 44.8275862068965 , 13.7931034482759 , 3.44827586206897 , 0 , 42.2413793103448 , 0 , 42 , 76.1904761904762 , 21.547619047619 
24-Mar-2010 14:25,201001,HEATHROW,USA,SEATTLE (TACOMA),NORTHWEST AIRLINES,A,S, 0 , 0 , 0 , 0 , 0 , 0 , 0 , 0 , 0 , 0 , 6 , 66.6666666666667 , 20.8333333333333 
24-Mar-2010 14:25,201001,HEATHROW,USA,SEATTLE (TACOMA),NORTHWEST AIRLINES,D,S, 0 , 0 , 0 , 0 , 0 , 0 , 0 , 0 , 0 , 0 , 6 , 66.6666666666667 , 20 
24-Mar-2010 14:25,201001,HEATHROW,USA,TETERBORO,METROPIX UK LLP,A,S, 0 , 1 , 0 , 0 , 0 , 0 , 0 , 0 , 0 , 0 , 0 , 0 , 0 
24-Mar-2010 14:25,201001,HEATHROW,USA,WASHINGTON (DULLES),BRITISH AIRWAYS PLC,A,S, 71 , 0 , 53.5211267605634 , 14.0845070422535 , 23.943661971831 , 4.22535211267606 , 2.8169014084507 , 1.40845070422535 , 46.1408450704225 , 0 , 80 , 75 , 15.8 
24-Mar-2010 14:25,201001,HEATHROW,USA,WASHINGTON (DULLES),BRITISH AIRWAYS PLC,D,S, 71 , 1 , 42.2535211267606 , 12.6760563380282 , 18.3098591549296 , 23.943661971831 , 2.8169014084507 , 0 , 40.7746478873239 , 0 , 80 , 65 , 20.125 
24-Mar-2010 14:25,201001,HEATHROW,USA,WASHINGTON (DULLES),UNITED AIRLINES,A,S, 92 , 0 , 55.4347826086956 , 19.5652173913043 , 16.304347826087 , 6.52173913043478 , 1.08695652173913 , 1.08695652173913 , 25.7934782608696 , 0 , 92 , 81.5217391304348 , 28.3260869565217 
24-Mar-2010 14:25,201001,HEATHROW,USA,WASHINGTON (DULLES),UNITED AIRLINES,D,S, 93 , 0 , 74.1935483870968 , 12.9032258064516 , 6.45161290322581 , 6.45161290322581 , 0 , 0 , 12.9784946236559 , 0 , 92 , 82.6086956521739 , 21.4565217391304 
24-Mar-2010 14:25,201001,HEATHROW,USA,WASHINGTON (DULLES),VIRGIN ATLANTIC AIRWAYS LTD,A,S, 31 , 0 , 61.2903225806452 , 22.5806451612903 , 12.9032258064516 , 0 , 3.2258064516129 , 0 , 18.8064516129032 , 0 , 31 , 87.0967741935484 , 10.0645161290323 
24-Mar-2010 14:25,201001,HEATHROW,USA,WASHINGTON (DULLES),VIRGIN ATLANTIC AIRWAYS LTD,D,S, 31 , 0 , 58.0645161290323 , 12.9032258064516 , 25.8064516129032 , 3.2258064516129 , 0 , 0 , 20.5806451612903 , 0 , 31 , 70.9677419354839 , 16.2258064516129 
24-Mar-2010 14:25,201001,HEATHROW,UZBEKISTAN,TASHKENT,UZBEKISTAN AIRLINES,A,S, 8 , 0 , 50 , 0 , 12.5 , 37.5 , 0 , 0 , 56.125 , 0 , 8 , 62.5 , 14.5 
24-Mar-2010 14:25,201001,HEATHROW,UZBEKISTAN,TASHKENT,UZBEKISTAN AIRLINES,D,S, 8 , 0 , 12.5 , 0 , 50 , 25 , 12.5 , 0 , 86.625 , 0 , 8 , 75 , 9.375 
24-Mar-2010 14:25,201001,HEATHROW,ZAMBIA,LUSAKA,BRITISH AIRWAYS PLC,A,S, 13 , 0 , 53.8461538461538 , 15.3846153846154 , 7.69230769230769 , 15.3846153846154 , 7.69230769230769 , 0 , 43.6153846153846 , 0 , 13 , 53.8461538461538 , 33.6153846153846 
24-Mar-2010 14:25,201001,HEATHROW,ZAMBIA,LUSAKA,BRITISH AIRWAYS PLC,D,S, 14 , 0 , 57.1428571428571 , 7.14285714285714 , 7.14285714285714 , 21.4285714285714 , 7.14285714285714 , 0 , 48.5714285714286 , 0 , 13 , 53.8461538461538 , 26.4615384615385 
24-Mar-2010 14:25,201001,LONDON CITY,BELGIUM,ANTWERP,VLM (BELGIUM),A,S, 89 , 1 , 82.0224719101124 , 5.61797752808989 , 6.74157303370787 , 3.37078651685393 , 2.24719101123596 , 0 , 16.0561797752809 , 0 , 99 , 90.9090909090909 , 7.7979797979798 
24-Mar-2010 14:25,201001,LONDON CITY,BELGIUM,ANTWERP,VLM (BELGIUM),D,S, 88 , 0 , 72.7272727272727 , 17.0454545454545 , 4.54545454545455 , 3.40909090909091 , 2.27272727272727 , 0 , 16.1363636363636 , 0 , 99 , 91.9191919191919 , 6.07070707070707 
24-Mar-2010 14:25,201001,LONDON CITY,BELGIUM,BRUSSELS,DASSAULT FALCON SERVICE,A,C, 0 , 1 , 0 , 0 , 0 , 0 , 0 , 0 , 0 , 0 , 0 , 0 , 0 
24-Mar-2010 14:25,201001,LONDON CITY,BELGIUM,BRUSSELS,VLM (BELGIUM),A,S, 0 , 0 , 0 , 0 , 0 , 0 , 0 , 0 , 0 , 0 , 35 , 97.1428571428571 , 2.17142857142857 
24-Mar-2010 14:25,201001,LONDON CITY,BELGIUM,BRUSSELS,VLM (BELGIUM),D,S, 0 , 0 , 0 , 0 , 0 , 0 , 0 , 0 , 0 , 0 , 34 , 82.3529411764706 , 10.0588235294118 
24-Mar-2010 14:25,201001,LONDON CITY,DENMARK,BILLUND,SUN AIR OF SCANDINAVIA,A,S, 16 , 0 , 81.25 , 6.25 , 6.25 , 6.25 , 0 , 0 , 17.8125 , 0 , 17 , 64.7058823529412 , 17.2352941176471 
24-Mar-2010 14:25,201001,LONDON CITY,DENMARK,BILLUND,SUN AIR OF SCANDINAVIA,D,S, 16 , 0 , 87.5 , 0 , 6.25 , 6.25 , 0 , 0 , 13.1875 , 0 , 16 , 68.75 , 13.3125 
24-Mar-2010 14:25,201001,LONDON CITY,DENMARK,COPENHAGEN,CIMBER AIR A/S,A,S, 30 , 0 , 80 , 3.33333333333333 , 10 , 6.66666666666667 , 0 , 0 , 13.2333333333333 , 0 , 36 , 66.6666666666667 , 21.1944444444444 
24-Mar-2010 14:25,201001,LONDON CITY,DENMARK,COPENHAGEN,CIMBER AIR A/S,D,S, 31 , 0 , 74.1935483870968 , 6.45161290322581 , 12.9032258064516 , 6.45161290322581 , 0 , 0 , 14.9032258064516 , 0 , 35 , 60 , 21.7714285714286 
24-Mar-2010 14:25,201001,LONDON CITY,FRANCE,LYON,BA CITYFLYER LTD,A,S, 0 , 0 , 0 , 0 , 0 , 0 , 0 , 0 , 0 , 0 , 9 , 88.8888888888889 , 10.2222222222222 
24-Mar-2010 14:25,201001,LONDON CITY,FRANCE,LYON,BA CITYFLYER LTD,D,S, 0 , 0 , 0 , 0 , 0 , 0 , 0 , 0 , 0 , 0 , 9 , 77.7777777777778 , 15.3333333333333 
24-Mar-2010 14:25,201001,LONDON CITY,FRANCE,NANTES,VLM (BELGIUM),A,S, 47 , 0 , 78.7234042553192 , 6.38297872340426 , 2.12765957446809 , 6.38297872340426 , 6.38297872340426 , 0 , 22.8723404255319 , 0 , 0 , 0 , 0 
24-Mar-2010 14:25,201001,LONDON CITY,FRANCE,NANTES,VLM (BELGIUM),D,S, 47 , 0 , 74.468085106383 , 12.7659574468085 , 2.12765957446809 , 10.6382978723404 , 0 , 0 , 15.8723404255319 , 0 , 0 , 0 , 0 
24-Mar-2010 14:25,201001,LONDON CITY,FRANCE,NICE,BA CITYFLYER LTD,A,S, 15 , 0 , 66.6666666666667 , 6.66666666666667 , 20 , 6.66666666666667 , 0 , 0 , 16 , 0 , 17 , 58.8235294117647 , 28.4117647058824 
24-Mar-2010 14:25,201001,LONDON CITY,FRANCE,NICE,BA CITYFLYER LTD,D,S, 16 , 0 , 68.75 , 12.5 , 6.25 , 12.5 , 0 , 0 , 16.375 , 0 , 17 , 70.5882352941177 , 13.3529411764706 
24-Mar-2010 14:25,201001,LONDON CITY,FRANCE,NICE,CITY JET,A,S, 0 , 0 , 0 , 0 , 0 , 0 , 0 , 0 , 0 , 0 , 9 , 100 , 3 
24-Mar-2010 14:25,201001,LONDON CITY,FRANCE,NICE,CITY JET,D,S, 0 , 0 , 0 , 0 , 0 , 0 , 0 , 0 , 0 , 0 , 9 , 100 , 2.55555555555556 
24-Mar-2010 14:25,201001,LONDON CITY,FRANCE,PARIS (CHARLES DE GAULLE),CITY JET,A,S, 0 , 0 , 0 , 0 , 0 , 0 , 0 , 0 , 0 , 0 , 45 , 57.7777777777778 , 24.3333333333333 
24-Mar-2010 14:25,201001,LONDON CITY,FRANCE,PARIS (CHARLES DE GAULLE),CITY JET,D,S, 0 , 0 , 0 , 0 , 0 , 0 , 0 , 0 , 0 , 0 , 41 , 70.7317073170732 , 11.4878048780488 
24-Mar-2010 14:25,201001,LONDON CITY,FRANCE,PARIS (LE BOURGET),DASSAULT FALCON SERVICE,D,C, 0 , 1 , 0 , 0 , 0 , 0 , 0 , 0 , 0 , 0 , 0 , 0 , 0 
24-Mar-2010 14:25,201001,LONDON CITY,FRANCE,PARIS (LE BOURGET),NIKI,D,C, 0 , 1 , 0 , 0 , 0 , 0 , 0 , 0 , 0 , 0 , 0 , 0 , 0 
24-Mar-2010 14:25,201001,LONDON CITY,FRANCE,PARIS (ORLY),CITY JET,A,S, 39 , 0 , 74.3589743589744 , 12.8205128205128 , 5.12820512820513 , 7.69230769230769 , 0 , 0 , 18.5641025641026 , 0 , 101 , 92.0792079207921 , 4.82178217821782 
24-Mar-2010 14:25,201001,LONDON CITY,FRANCE,PARIS (ORLY),CITY JET,D,S, 39 , 0 , 53.8461538461539 , 25.6410256410256 , 5.12820512820513 , 15.3846153846154 , 0 , 0 , 26.8205128205128 , 0 , 104 , 84.6153846153846 , 7.77884615384615 
24-Mar-2010 14:25,201001,LONDON CITY,FRANCE,PARIS (ORLY),VLM (BELGIUM),A,S, 40 , 0 , 85 , 5 , 5 , 2.5 , 2.5 , 0 , 12.925 , 0 , 0 , 0 , 0 
24-Mar-2010 14:25,201001,LONDON CITY,FRANCE,PARIS (ORLY),VLM (BELGIUM),D,S, 41 , 0 , 73.1707317073171 , 7.31707317073171 , 14.6341463414634 , 4.8780487804878 , 0 , 0 , 14.5853658536585 , 0 , 0 , 0 , 0 
24-Mar-2010 14:25,201001,LONDON CITY,FRANCE,STRASBOURG,CITY JET,A,S, 0 , 0 , 0 , 0 , 0 , 0 , 0 , 0 , 0 , 0 , 43 , 97.6744186046512 , 3.48837209302326 
24-Mar-2010 14:25,201001,LONDON CITY,FRANCE,STRASBOURG,CITY JET,D,S, 0 , 0 , 0 , 0 , 0 , 0 , 0 , 0 , 0 , 0 , 44 , 81.8181818181818 , 9.90909090909091 
24-Mar-2010 14:25,201001,LONDON CITY,GERMANY,BERLIN (TEGEL),LUFTHANSA CITY LINE,A,S, 0 , 0 , 0 , 0 , 0 , 0 , 0 , 0 , 0 , 0 , 60 , 86.6666666666667 , 6.3 
24-Mar-2010 14:25,201001,LONDON CITY,GERMANY,BERLIN (TEGEL),LUFTHANSA CITY LINE,D,S, 0 , 0 , 0 , 0 , 0 , 0 , 0 , 0 , 0 , 0 , 60 , 85 , 7.3 
24-Mar-2010 14:25,201001,LONDON CITY,GERMANY,DUSSELDORF,EUROWINGS LUFTVERKEHRS,A,S, 0 , 0 , 0 , 0 , 0 , 0 , 0 , 0 , 0 , 0 , 46 , 97.8260869565217 , 2.28260869565217 
24-Mar-2010 14:25,201001,LONDON CITY,GERMANY,DUSSELDORF,EUROWINGS LUFTVERKEHRS,D,S, 0 , 0 , 0 , 0 , 0 , 0 , 0 , 0 , 0 , 0 , 46 , 95.6521739130435 , 3.54347826086957 
24-Mar-2010 14:25,201001,LONDON CITY,GERMANY,DUSSELDORF,LUFTHANSA CITY LINE,A,S, 30 , 0 , 90 , 3.33333333333333 , 6.66666666666667 , 0 , 0 , 0 , 3.83333333333333 , 0 , 0 , 0 , 0 
24-Mar-2010 14:25,201001,LONDON CITY,GERMANY,DUSSELDORF,LUFTHANSA CITY LINE,D,S, 30 , 0 , 86.6666666666667 , 6.66666666666667 , 3.33333333333333 , 3.33333333333333 , 0 , 0 , 6.76666666666667 , 0 , 0 , 0 , 0 
24-Mar-2010 14:25,201001,LONDON CITY,GERMANY,FRANKFURT MAIN,AUGSBURG AIRWAYS GMBH,A,S, 0 , 0 , 0 , 0 , 0 , 0 , 0 , 0 , 0 , 0 , 57 , 75.4385964912281 , 12.6491228070175 
24-Mar-2010 14:25,201001,LONDON CITY,GERMANY,FRANKFURT MAIN,AUGSBURG AIRWAYS GMBH,D,S, 0 , 0 , 0 , 0 , 0 , 0 , 0 , 0 , 0 , 0 , 55 , 72.7272727272727 , 14.0909090909091 
24-Mar-2010 14:25,201001,LONDON CITY,GERMANY,FRANKFURT MAIN,BA CITYFLYER LTD,A,S, 71 , 0 , 56.3380281690141 , 9.85915492957746 , 21.1267605633803 , 11.2676056338028 , 1.40845070422535 , 0 , 29.4507042253521 , 0 , 73 , 87.6712328767123 , 10.1917808219178 
24-Mar-2010 14:25,201001,LONDON CITY,GERMANY,FRANKFURT MAIN,BA CITYFLYER LTD,D,S, 72 , 0 , 59.7222222222222 , 9.72222222222222 , 20.8333333333333 , 6.94444444444444 , 2.77777777777778 , 0 , 25.4305555555556 , 0 , 76 , 82.8947368421053 , 12.7368421052632 
24-Mar-2010 14:25,201001,LONDON CITY,GERMANY,FRANKFURT MAIN,LUFTHANSA CITY LINE,A,S, 49 , 0 , 55.1020408163265 , 8.16326530612245 , 18.3673469387755 , 18.3673469387755 , 0 , 0 , 29.6122448979592 , 0 , 0 , 0 , 0 
24-Mar-2010 14:25,201001,LONDON CITY,GERMANY,FRANKFURT MAIN,LUFTHANSA CITY LINE,D,S, 48 , 0 , 43.75 , 14.5833333333333 , 16.6666666666667 , 25 , 0 , 0 , 37.3958333333333 , 0 , 0 , 0 , 0 
24-Mar-2010 14:25,201001,LONDON CITY,GERMANY,MUNICH,LUFTHANSA CITY LINE,A,S, 24 , 0 , 70.8333333333333 , 12.5 , 12.5 , 4.16666666666667 , 0 , 0 , 13.125 , 0 , 58 , 81.0344827586207 , 9.82758620689655 
24-Mar-2010 14:25,201001,LONDON CITY,GERMANY,MUNICH,LUFTHANSA CITY LINE,D,S, 24 , 0 , 62.5 , 16.6666666666667 , 12.5 , 8.33333333333333 , 0 , 0 , 18.4583333333333 , 0 , 58 , 74.1379310344827 , 13.1724137931034 
24-Mar-2010 14:25,201001,LONDON CITY,IRISH REPUBLIC,DUBLIN,BA CITYFLYER LTD,A,S, 0 , 0 , 0 , 0 , 0 , 0 , 0 , 0 , 0 , 0 , 59 , 88.135593220339 , 5.69491525423729 
24-Mar-2010 14:25,201001,LONDON CITY,IRISH REPUBLIC,DUBLIN,BA CITYFLYER LTD,D,S, 0 , 0 , 0 , 0 , 0 , 0 , 0 , 0 , 0 , 0 , 61 , 81.9672131147541 , 9.9344262295082 
24-Mar-2010 14:25,201001,LONDON CITY,IRISH REPUBLIC,DUBLIN,CITY JET,A,S, 135 , 0 , 77.7777777777778 , 11.1111111111111 , 4.44444444444444 , 6.66666666666667 , 0 , 0 , 11.6 , 0 , 117 , 83.7606837606838 , 8.88034188034188 
24-Mar-2010 14:25,201001,LONDON CITY,IRISH REPUBLIC,DUBLIN,CITY JET,D,S, 135 , 0 , 69.6296296296296 , 11.8518518518519 , 8.88888888888889 , 8.14814814814815 , 1.48148148148148 , 0 , 19.2888888888889 , 0 , 111 , 72.0720720720721 , 12.5585585585586 
24-Mar-2010 14:25,201001,LONDON CITY,ITALY,MILAN (LINATE),AIR ONE,A,S, 0 , 0 , 0 , 0 , 0 , 0 , 0 , 0 , 0 , 4 , 41 , 65.8536585365854 , 18.2439024390244 
24-Mar-2010 14:25,201001,LONDON CITY,ITALY,MILAN (LINATE),AIR ONE,D,S, 0 , 0 , 0 , 0 , 0 , 0 , 0 , 0 , 0 , 4 , 42 , 71.4285714285714 , 27.2380952380952 
24-Mar-2010 14:25,201001,LONDON CITY,ITALY,MILAN (LINATE),ALITALIA (CAI),A,S, 32 , 0 , 59.375 , 25 , 6.25 , 6.25 , 3.125 , 0 , 24.25 , 0 , 0 , 0 , 0 
24-Mar-2010 14:25,201001,LONDON CITY,ITALY,MILAN (LINATE),ALITALIA (CAI),D,S, 32 , 1 , 53.125 , 25 , 12.5 , 9.375 , 0 , 0 , 22.25 , 0 , 0 , 0 , 0 
24-Mar-2010 14:25,201001,LONDON CITY,ITALY,TREVISO,CITY JET,A,C, 0 , 0 , 0 , 0 , 0 , 0 , 0 , 0 , 0 , 0 , 1 , 100 , 0 
24-Mar-2010 14:25,201001,LONDON CITY,ITALY,TREVISO,CITY JET,D,C, 0 , 0 , 0 , 0 , 0 , 0 , 0 , 0 , 0 , 0 , 1 , 100 , 3 
24-Mar-2010 14:25,201001,LONDON CITY,ITALY,VENICE,FLYBABOO,A,S, 26 , 0 , 69.2307692307692 , 7.69230769230769 , 7.69230769230769 , 15.3846153846154 , 0 , 0 , 25.9615384615385 , 0 , 0 , 0 , 0 
24-Mar-2010 14:25,201001,LONDON CITY,ITALY,VENICE,FLYBABOO,D,S, 17 , 0 , 35.2941176470588 , 35.2941176470588 , 11.7647058823529 , 17.6470588235294 , 0 , 0 , 33.1176470588235 , 2 , 0 , 0 , 0 
24-Mar-2010 14:25,201001,LONDON CITY,LUXEMBOURG,LUXEMBOURG,LUXAIR,A,S, 94 , 0 , 75.531914893617 , 8.51063829787234 , 10.6382978723404 , 4.25531914893617 , 1.06382978723404 , 0 , 15.1595744680851 , 2 , 95 , 91.578947368421 , 3.76842105263158 
24-Mar-2010 14:25,201001,LONDON CITY,LUXEMBOURG,LUXEMBOURG,LUXAIR,D,S, 94 , 0 , 74.468085106383 , 10.6382978723404 , 9.57446808510638 , 5.31914893617021 , 0 , 0 , 15.0212765957447 , 2 , 94 , 94.6808510638298 , 2.73404255319149 
24-Mar-2010 14:25,201001,LONDON CITY,LUXEMBOURG,LUXEMBOURG,VLM (BELGIUM),A,S, 69 , 0 , 76.8115942028985 , 14.4927536231884 , 5.79710144927536 , 1.44927536231884 , 1.44927536231884 , 0 , 13.0579710144928 , 0 , 74 , 87.8378378378378 , 8.56756756756757 
24-Mar-2010 14:25,201001,LONDON CITY,LUXEMBOURG,LUXEMBOURG,VLM (BELGIUM),D,S, 68 , 1 , 58.8235294117647 , 17.6470588235294 , 17.6470588235294 , 2.94117647058824 , 2.94117647058824 , 0 , 23.6176470588235 , 0 , 74 , 86.4864864864865 , 10.9459459459459 
24-Mar-2010 14:25,201001,LONDON CITY,NETHERLANDS,AMSTERDAM,BA CITYFLYER LTD,A,S, 75 , 1 , 81.3333333333333 , 12 , 1.33333333333333 , 4 , 1.33333333333333 , 0 , 11.5333333333333 , 0 , 77 , 76.6233766233766 , 13.987012987013 
24-Mar-2010 14:25,201001,LONDON CITY,NETHERLANDS,AMSTERDAM,BA CITYFLYER LTD,D,S, 75 , 1 , 70.6666666666667 , 17.3333333333333 , 9.33333333333333 , 2.66666666666667 , 0 , 0 , 12.9466666666667 , 0 , 79 , 67.0886075949367 , 21.4683544303797 
24-Mar-2010 14:25,201001,LONDON CITY,NETHERLANDS,AMSTERDAM,KLM CITYHOPPER,A,S, 0 , 0 , 0 , 0 , 0 , 0 , 0 , 0 , 0 , 0 , 7 , 57.1428571428571 , 12 
24-Mar-2010 14:25,201001,LONDON CITY,NETHERLANDS,AMSTERDAM,KLM CITYHOPPER,D,S, 0 , 0 , 0 , 0 , 0 , 0 , 0 , 0 , 0 , 0 , 7 , 71.4285714285714 , 11.8571428571429 
24-Mar-2010 14:25,201001,LONDON CITY,NETHERLANDS,AMSTERDAM,VLM (BELGIUM),A,S, 176 , 0 , 69.8863636363636 , 17.0454545454545 , 8.52272727272727 , 4.54545454545455 , 0 , 0 , 14.0170454545455 , 0 , 177 , 88.135593220339 , 6.19209039548023 
24-Mar-2010 14:25,201001,LONDON CITY,NETHERLANDS,AMSTERDAM,VLM (BELGIUM),D,S, 176 , 0 , 58.5227272727273 , 23.2954545454545 , 12.5 , 5.68181818181818 , 0 , 0 , 18.7840909090909 , 0 , 175 , 77.1428571428571 , 10.6628571428571 
24-Mar-2010 14:25,201001,LONDON CITY,NETHERLANDS,EINDHOVEN,CITY JET,A,S, 0 , 0 , 0 , 0 , 0 , 0 , 0 , 0 , 0 , 0 , 8 , 100 , 1.875 
24-Mar-2010 14:25,201001,LONDON CITY,NETHERLANDS,EINDHOVEN,CITY JET,D,S, 0 , 0 , 0 , 0 , 0 , 0 , 0 , 0 , 0 , 0 , 8 , 87.5 , 7.5 
24-Mar-2010 14:25,201001,LONDON CITY,NETHERLANDS,EINDHOVEN,VLM (BELGIUM),A,S, 41 , 0 , 92.6829268292683 , 0 , 2.4390243902439 , 4.8780487804878 , 0 , 0 , 6.02439024390244 , 0 , 32 , 96.875 , 2.03125 
24-Mar-2010 14:25,201001,LONDON CITY,NETHERLANDS,EINDHOVEN,VLM (BELGIUM),D,S, 41 , 0 , 87.8048780487805 , 0 , 4.8780487804878 , 7.31707317073171 , 0 , 0 , 10.6829268292683 , 0 , 32 , 96.875 , 1.5625 
24-Mar-2010 14:25,201001,LONDON CITY,NETHERLANDS,ROTTERDAM,VLM (BELGIUM),A,S, 149 , 0 , 83.2214765100671 , 10.0671140939597 , 1.34228187919463 , 4.69798657718121 , 0.671140939597315 , 0 , 10.1275167785235 , 3 , 168 , 91.6666666666667 , 5.83333333333333 
24-Mar-2010 14:25,201001,LONDON CITY,NETHERLANDS,ROTTERDAM,VLM (BELGIUM),D,S, 147 , 0 , 81.6326530612245 , 7.48299319727891 , 4.08163265306122 , 4.76190476190476 , 2.04081632653061 , 0 , 14.0272108843537 , 5 , 169 , 94.0828402366864 , 4.37869822485207 
24-Mar-2010 14:25,201001,LONDON CITY,NORWAY,OSLO (GARDERMOEN),TRANSWEDE AIRWAYS,A,S, 0 , 0 , 0 , 0 , 0 , 0 , 0 , 0 , 0 , 0 , 34 , 67.6470588235294 , 16.6764705882353 
24-Mar-2010 14:25,201001,LONDON CITY,NORWAY,OSLO (GARDERMOEN),TRANSWEDE AIRWAYS,D,S, 0 , 0 , 0 , 0 , 0 , 0 , 0 , 0 , 0 , 0 , 34 , 73.5294117647059 , 15.9117647058824 
24-Mar-2010 14:25,201001,LONDON CITY,POLAND,WARSAW,BA CITYFLYER LTD,A,S, 0 , 0 , 0 , 0 , 0 , 0 , 0 , 0 , 0 , 0 , 3 , 100 , 1.66666666666667 
24-Mar-2010 14:25,201001,LONDON CITY,POLAND,WARSAW,BA CITYFLYER LTD,D,S, 0 , 0 , 0 , 0 , 0 , 0 , 0 , 0 , 0 , 0 , 3 , 66.6666666666667 , 27.3333333333333 
24-Mar-2010 14:25,201001,LONDON CITY,SPAIN,BARCELONA,BA CITYFLYER LTD,A,S, 0 , 0 , 0 , 0 , 0 , 0 , 0 , 0 , 0 , 0 , 11 , 45.4545454545455 , 23.3636363636364 
24-Mar-2010 14:25,201001,LONDON CITY,SPAIN,BARCELONA,BA CITYFLYER LTD,D,S, 0 , 0 , 0 , 0 , 0 , 0 , 0 , 0 , 0 , 0 , 11 , 54.5454545454545 , 13 
24-Mar-2010 14:25,201001,LONDON CITY,SPAIN,MADRID,BA CITYFLYER LTD,A,S, 39 , 0 , 66.6666666666667 , 7.69230769230769 , 7.69230769230769 , 10.2564102564103 , 7.69230769230769 , 0 , 39.5897435897436 , 0 , 41 , 80.4878048780488 , 12.9756097560976 
24-Mar-2010 14:25,201001,LONDON CITY,SPAIN,MADRID,BA CITYFLYER LTD,D,S, 40 , 0 , 45 , 25 , 7.5 , 15 , 7.5 , 0 , 49.975 , 0 , 41 , 65.8536585365854 , 20.8780487804878 
24-Mar-2010 14:25,201001,LONDON CITY,SWEDEN,STOCKHOLM (ARLANDA),TRANSWEDE AIRWAYS,A,S, 0 , 0 , 0 , 0 , 0 , 0 , 0 , 0 , 0 , 0 , 26 , 65.3846153846154 , 11.7692307692308 
24-Mar-2010 14:25,201001,LONDON CITY,SWEDEN,STOCKHOLM (ARLANDA),TRANSWEDE AIRWAYS,D,S, 0 , 0 , 0 , 0 , 0 , 0 , 0 , 0 , 0 , 0 , 26 , 61.5384615384615 , 14.3076923076923 
24-Mar-2010 14:25,201001,LONDON CITY,SWITZERLAND,BASLE MULHOUSE,SWISS AIRLINES,A,S, 43 , 0 , 74.4186046511628 , 18.6046511627907 , 4.65116279069767 , 2.32558139534884 , 0 , 0 , 10.046511627907 , 0 , 47 , 93.6170212765958 , 4.8936170212766 
24-Mar-2010 14:25,201001,LONDON CITY,SWITZERLAND,BASLE MULHOUSE,SWISS AIRLINES,D,S, 43 , 0 , 79.0697674418605 , 13.953488372093 , 2.32558139534884 , 4.65116279069767 , 0 , 0 , 10.4186046511628 , 0 , 47 , 91.4893617021277 , 4.19148936170213 
24-Mar-2010 14:25,201001,LONDON CITY,SWITZERLAND,GENEVA,BA CITYFLYER LTD,A,S, 28 , 1 , 60.7142857142857 , 0 , 17.8571428571429 , 17.8571428571429 , 3.57142857142857 , 0 , 34.9642857142857 , 0 , 16 , 87.5 , 6.625 
24-Mar-2010 14:25,201001,LONDON CITY,SWITZERLAND,GENEVA,BA CITYFLYER LTD,D,S, 30 , 1 , 46.6666666666667 , 16.6666666666667 , 10 , 23.3333333333333 , 3.33333333333333 , 0 , 43.2 , 0 , 17 , 64.7058823529412 , 17.5294117647059 
24-Mar-2010 14:25,201001,LONDON CITY,SWITZERLAND,GENEVA,CITY JET,A,S, 0 , 0 , 0 , 0 , 0 , 0 , 0 , 0 , 0 , 0 , 111 , 89.1891891891892 , 7.86486486486486 
24-Mar-2010 14:25,201001,LONDON CITY,SWITZERLAND,GENEVA,CITY JET,D,S, 0 , 0 , 0 , 0 , 0 , 0 , 0 , 0 , 0 , 0 , 111 , 81.0810810810811 , 9.15315315315315 
24-Mar-2010 14:25,201001,LONDON CITY,SWITZERLAND,GENEVA,FLYBABOO,A,S, 17 , 0 , 47.0588235294118 , 29.4117647058824 , 11.7647058823529 , 11.7647058823529 , 0 , 0 , 26.7058823529412 , 2 , 0 , 0 , 0 
24-Mar-2010 14:25,201001,LONDON CITY,SWITZERLAND,GENEVA,FLYBABOO,D,S, 25 , 0 , 56 , 12 , 12 , 20 , 0 , 0 , 35.84 , 1 , 0 , 0 , 0 
24-Mar-2010 14:25,201001,LONDON CITY,SWITZERLAND,GENEVA,SWISS AIRLINES,A,S, 109 , 0 , 67.8899082568807 , 12.8440366972477 , 11.0091743119266 , 8.25688073394496 , 0 , 0 , 17.9633027522936 , 1 , 152 , 85.5263157894737 , 7.19736842105263 
24-Mar-2010 14:25,201001,LONDON CITY,SWITZERLAND,GENEVA,SWISS AIRLINES,D,S, 106 , 0 , 65.0943396226415 , 13.2075471698113 , 14.1509433962264 , 6.60377358490566 , 0.943396226415094 , 0 , 20.8396226415094 , 4 , 151 , 82.7814569536424 , 7.58278145695364 
24-Mar-2010 14:25,201001,LONDON CITY,SWITZERLAND,ZURICH,BA CITYFLYER LTD,A,S, 89 , 0 , 59.5505617977528 , 15.7303370786517 , 13.4831460674157 , 8.98876404494382 , 2.24719101123596 , 0 , 23.3483146067416 , 0 , 87 , 67.816091954023 , 15.6781609195402 
24-Mar-2010 14:25,201001,LONDON CITY,SWITZERLAND,ZURICH,BA CITYFLYER LTD,D,S, 91 , 0 , 61.5384615384615 , 14.2857142857143 , 17.5824175824176 , 6.59340659340659 , 0 , 0 , 21.1758241758242 , 0 , 88 , 63.6363636363636 , 19.2840909090909 
24-Mar-2010 14:25,201001,LONDON CITY,SWITZERLAND,ZURICH,NIKI,A,C, 0 , 1 , 0 , 0 , 0 , 0 , 0 , 0 , 0 , 0 , 0 , 0 , 0 
24-Mar-2010 14:25,201001,LONDON CITY,SWITZERLAND,ZURICH,SWISS AIRLINES,A,S, 161 , 0 , 71.4285714285714 , 12.4223602484472 , 13.0434782608696 , 2.48447204968944 , 0.62111801242236 , 0 , 13.7018633540373 , 2 , 185 , 84.8648648648649 , 6.41621621621622 
24-Mar-2010 14:25,201001,LONDON CITY,SWITZERLAND,ZURICH,SWISS AIRLINES,D,S, 162 , 0 , 69.1358024691358 , 11.1111111111111 , 14.1975308641975 , 4.93827160493827 , 0.617283950617284 , 0 , 16.1111111111111 , 1 , 184 , 84.7826086956522 , 6.22282608695652 
24-Mar-2010 14:25,201001,LONDON CITY,UNITED KINGDOM,DUNDEE,CITY JET,A,S, 82 , 1 , 75.609756097561 , 4.8780487804878 , 12.1951219512195 , 7.31707317073171 , 0 , 0 , 14.7926829268293 , 0 , 85 , 78.8235294117647 , 13.0352941176471 
24-Mar-2010 14:25,201001,LONDON CITY,UNITED KINGDOM,DUNDEE,CITY JET,D,S, 85 , 0 , 74.1176470588235 , 8.23529411764706 , 7.05882352941176 , 10.5882352941176 , 0 , 0 , 16.2352941176471 , 0 , 85 , 88.2352941176471 , 8.24705882352941 
24-Mar-2010 14:25,201001,LONDON CITY,UNITED KINGDOM,EDINBURGH,BA CITYFLYER LTD,A,S, 132 , 0 , 65.9090909090909 , 9.09090909090909 , 12.8787878787879 , 9.84848484848485 , 2.27272727272727 , 0 , 23.2121212121212 , 0 , 149 , 81.8791946308725 , 9.47651006711409 
24-Mar-2010 14:25,201001,LONDON CITY,UNITED KINGDOM,EDINBURGH,BA CITYFLYER LTD,D,S, 136 , 0 , 64.7058823529412 , 14.7058823529412 , 10.2941176470588 , 10.2941176470588 , 0 , 0 , 17.6029411764706 , 0 , 140 , 67.1428571428571 , 14.6928571428571 
24-Mar-2010 14:25,201001,LONDON CITY,UNITED KINGDOM,EDINBURGH,CITY JET,A,S, 130 , 1 , 88.4615384615385 , 3.07692307692308 , 3.84615384615385 , 4.61538461538462 , 0 , 0 , 10.3076923076923 , 0 , 135 , 93.3333333333333 , 3.57777777777778 
24-Mar-2010 14:25,201001,LONDON CITY,UNITED KINGDOM,EDINBURGH,CITY JET,D,S, 130 , 0 , 77.6923076923077 , 10 , 8.46153846153846 , 3.84615384615385 , 0 , 0 , 11.2615384615385 , 0 , 141 , 82.9787234042553 , 8.87943262411348 
24-Mar-2010 14:25,201001,LONDON CITY,UNITED KINGDOM,GLASGOW,BA CITYFLYER LTD,A,S, 76 , 0 , 80.2631578947369 , 7.89473684210526 , 5.26315789473684 , 5.26315789473684 , 1.31578947368421 , 0 , 14.0131578947368 , 0 , 84 , 83.3333333333333 , 6.61904761904762 
24-Mar-2010 14:25,201001,LONDON CITY,UNITED KINGDOM,GLASGOW,BA CITYFLYER LTD,D,S, 79 , 0 , 75.9493670886076 , 10.126582278481 , 7.59493670886076 , 5.06329113924051 , 1.26582278481013 , 0 , 16.4177215189873 , 0 , 87 , 79.3103448275862 , 11.632183908046 
24-Mar-2010 14:25,201001,LONDON CITY,UNITED KINGDOM,ISLE OF MAN,AER ARANN,A,S, 71 , 0 , 81.6901408450704 , 7.04225352112676 , 4.22535211267606 , 5.63380281690141 , 1.40845070422535 , 0 , 13.6478873239437 , 2 , 34 , 91.1764705882353 , 3.14705882352941 
24-Mar-2010 14:25,201001,LONDON CITY,UNITED KINGDOM,ISLE OF MAN,AER ARANN,D,S, 70 , 0 , 80 , 4.28571428571429 , 8.57142857142857 , 5.71428571428571 , 1.42857142857143 , 0 , 13.8142857142857 , 3 , 33 , 87.8787878787879 , 4.12121212121212 
24-Mar-2010 14:25,201001,LONDON CITY,UNITED KINGDOM,ISLE OF MAN,VLM (BELGIUM),A,S, 0 , 0 , 0 , 0 , 0 , 0 , 0 , 0 , 0 , 0 , 20 , 90 , 3.55 
24-Mar-2010 14:25,201001,LONDON CITY,UNITED KINGDOM,ISLE OF MAN,VLM (BELGIUM),D,S, 0 , 0 , 0 , 0 , 0 , 0 , 0 , 0 , 0 , 0 , 20 , 75 , 15.7 
24-Mar-2010 14:25,201001,LONDON CITY,UNITED KINGDOM,JERSEY,VLM (BELGIUM),A,S, 15 , 0 , 100 , 0 , 0 , 0 , 0 , 0 , 2.13333333333333 , 0 , 19 , 94.7368421052632 , 0.894736842105263 
24-Mar-2010 14:25,201001,LONDON CITY,UNITED KINGDOM,JERSEY,VLM (BELGIUM),D,S, 18 , 0 , 94.4444444444444 , 0 , 0 , 0 , 5.55555555555556 , 0 , 20.1111111111111 , 0 , 19 , 73.6842105263158 , 24.5789473684211 
24-Mar-2010 14:25,201001,LONDON CITY,UNITED KINGDOM,MANCHESTER,VLM (BELGIUM),A,S, 0 , 0 , 0 , 0 , 0 , 0 , 0 , 0 , 0 , 0 , 119 , 88.2352941176471 , 7.4453781512605 
24-Mar-2010 14:25,201001,LONDON CITY,UNITED KINGDOM,MANCHESTER,VLM (BELGIUM),D,S, 0 , 0 , 0 , 0 , 0 , 0 , 0 , 0 , 0 , 0 , 120 , 82.5 , 8.20833333333333 
24-Mar-2010 14:25,201001,LONDON CITY,UNITED KINGDOM,NEWQUAY,AIR SOUTHWEST,A,S, 40 , 0 , 62.5 , 12.5 , 15 , 10 , 0 , 0 , 21.5 , 7 , 0 , 0 , 0 
24-Mar-2010 14:25,201001,LONDON CITY,UNITED KINGDOM,NEWQUAY,AIR SOUTHWEST,D,S, 39 , 0 , 61.5384615384615 , 10.2564102564103 , 17.9487179487179 , 10.2564102564103 , 0 , 0 , 20.8974358974359 , 8 , 0 , 0 , 0 
24-Mar-2010 14:25,201001,LONDON CITY,UNITED KINGDOM,SOUTHEND,BA CITYFLYER LTD,A,S, 1 , 0 , 100 , 0 , 0 , 0 , 0 , 0 , 3 , 0 , 0 , 0 , 0 
24-Mar-2010 14:25,201001,LONDON CITY,USA,NEW YORK (JF KENNEDY),BRITISH AIRWAYS PLC,A,S, 41 , 0 , 90.2439024390244 , 0 , 2.4390243902439 , 7.31707317073171 , 0 , 0 , 8.34146341463415 , 3 , 0 , 0 , 0 
24-Mar-2010 14:25,201001,LONDON CITY,USA,NEW YORK (JF KENNEDY),BRITISH AIRWAYS PLC,D,S, 44 , 0 , 88.6363636363636 , 0 , 4.54545454545455 , 6.81818181818182 , 0 , 0 , 9.61363636363636 , 1 , 0 , 0 , 0 
24-Mar-2010 14:25,201001,LUTON,ALGERIA,HASSI MESSAOUD,MONARCH AIRLINES,D,C, 1 , 0 , 0 , 0 , 0 , 0 , 100 , 0 , 276 , 0 , 0 , 0 , 0 
24-Mar-2010 14:25,201001,LUTON,AUSTRIA,SALZBURG,THOMSON AIRWAYS LTD,A,C, 5 , 0 , 60 , 0 , 20 , 20 , 0 , 0 , 25.4 , 0 , 5 , 40 , 28.6 
24-Mar-2010 14:25,201001,LUTON,AUSTRIA,SALZBURG,THOMSON AIRWAYS LTD,D,C, 5 , 0 , 60 , 20 , 0 , 20 , 0 , 0 , 29 , 0 , 5 , 100 , 5.6 
24-Mar-2010 14:25,201001,LUTON,AUSTRIA,VIENNA,EASYJET AIRLINE COMPANY LTD,A,S, 0 , 0 , 0 , 0 , 0 , 0 , 0 , 0 , 0 , 0 , 31 , 77.4193548387097 , 12.7741935483871 
24-Mar-2010 14:25,201001,LUTON,AUSTRIA,VIENNA,EASYJET AIRLINE COMPANY LTD,D,S, 0 , 0 , 0 , 0 , 0 , 0 , 0 , 0 , 0 , 0 , 31 , 70.9677419354839 , 14.2903225806452 
24-Mar-2010 14:25,201001,LUTON,BULGARIA,BURGAS,WIZZ AIR,A,S, 9 , 0 , 66.6666666666667 , 33.3333333333333 , 0 , 0 , 0 , 0 , 9.88888888888889 , 0 , 4 , 25 , 25.5 
24-Mar-2010 14:25,201001,LUTON,BULGARIA,BURGAS,WIZZ AIR,D,S, 9 , 0 , 66.6666666666667 , 33.3333333333333 , 0 , 0 , 0 , 0 , 10.2222222222222 , 0 , 4 , 50 , 25 
24-Mar-2010 14:25,201001,LUTON,BULGARIA,SOFIA,WIZZ AIR,A,S, 30 , 0 , 86.6666666666667 , 13.3333333333333 , 0 , 0 , 0 , 0 , 3.53333333333333 , 1 , 31 , 80.6451612903226 , 24.5806451612903 
24-Mar-2010 14:25,201001,LUTON,BULGARIA,SOFIA,WIZZ AIR,D,S, 30 , 0 , 63.3333333333333 , 20 , 16.6666666666667 , 0 , 0 , 0 , 14.7666666666667 , 1 , 31 , 74.1935483870968 , 28.258064516129 
24-Mar-2010 14:25,201001,LUTON,BULGARIA,VARNA,WIZZ AIR,A,S, 5 , 0 , 20 , 0 , 40 , 40 , 0 , 0 , 78.8 , 0 , 0 , 0 , 0 
24-Mar-2010 14:25,201001,LUTON,BULGARIA,VARNA,WIZZ AIR,D,S, 5 , 0 , 20 , 0 , 60 , 20 , 0 , 0 , 59 , 0 , 0 , 0 , 0 
24-Mar-2010 14:25,201001,LUTON,CAPE VERDE ISLANDS,ILHA DO SAL C.VERDE,THOMSON AIRWAYS LTD,A,C, 0 , 0 , 0 , 0 , 0 , 0 , 0 , 0 , 0 , 0 , 1 , 100 , 0 
24-Mar-2010 14:25,201001,LUTON,CROATIA,ZAGREB,WIZZ AIR,A,S, 13 , 0 , 76.9230769230769 , 7.69230769230769 , 15.3846153846154 , 0 , 0 , 0 , 10.5384615384615 , 0 , 14 , 78.5714285714286 , 13.4285714285714 
24-Mar-2010 14:25,201001,LUTON,CROATIA,ZAGREB,WIZZ AIR,D,S, 13 , 0 , 69.2307692307692 , 23.0769230769231 , 7.69230769230769 , 0 , 0 , 0 , 12.5384615384615 , 0 , 14 , 71.4285714285714 , 18 
24-Mar-2010 14:25,201001,LUTON,CYPRUS,LARNACA,EUROCYPRIA AIRLINES LTD,A,C, 0 , 0 , 0 , 0 , 0 , 0 , 0 , 0 , 0 , 0 , 1 , 0 , 84 
24-Mar-2010 14:25,201001,LUTON,CYPRUS,LARNACA,EUROCYPRIA AIRLINES LTD,D,C, 0 , 0 , 0 , 0 , 0 , 0 , 0 , 0 , 0 , 0 , 1 , 0 , 88 
24-Mar-2010 14:25,201001,LUTON,CYPRUS,LARNACA,MONARCH AIRLINES,A,S, 7 , 0 , 14.2857142857143 , 42.8571428571429 , 0 , 28.5714285714286 , 14.2857142857143 , 0 , 86.1428571428571 , 0 , 10 , 40 , 50.4 
24-Mar-2010 14:25,201001,LUTON,CYPRUS,LARNACA,MONARCH AIRLINES,D,S, 8 , 0 , 50 , 12.5 , 0 , 25 , 12.5 , 0 , 74.875 , 0 , 10 , 70 , 12.7 
24-Mar-2010 14:25,201001,LUTON,CYPRUS,PAPHOS,EASYJET AIRLINE COMPANY LTD,A,S, 13 , 0 , 76.9230769230769 , 0 , 7.69230769230769 , 15.3846153846154 , 0 , 0 , 21.3076923076923 , 0 , 0 , 0 , 0 
24-Mar-2010 14:25,201001,LUTON,CYPRUS,PAPHOS,EASYJET AIRLINE COMPANY LTD,D,S, 13 , 0 , 76.9230769230769 , 7.69230769230769 , 7.69230769230769 , 7.69230769230769 , 0 , 0 , 22.4615384615385 , 0 , 0 , 0 , 0 
24-Mar-2010 14:25,201001,LUTON,CYPRUS,PAPHOS,THOMSON AIRWAYS LTD,A,C, 1 , 0 , 0 , 0 , 0 , 100 , 0 , 0 , 162 , 0 , 0 , 0 , 0 
24-Mar-2010 14:25,201001,LUTON,CZECH REPUBLIC,PRAGUE,SKY EUROPE,A,S, 0 , 0 , 0 , 0 , 0 , 0 , 0 , 0 , 0 , 0 , 41 , 73.1707317073171 , 35.390243902439 
24-Mar-2010 14:25,201001,LUTON,CZECH REPUBLIC,PRAGUE,SKY EUROPE,D,S, 0 , 0 , 0 , 0 , 0 , 0 , 0 , 0 , 0 , 0 , 41 , 60.9756097560976 , 45.4390243902439 
24-Mar-2010 14:25,201001,LUTON,CZECH REPUBLIC,PRAGUE,WIZZ AIR,A,S, 26 , 0 , 50 , 23.0769230769231 , 15.3846153846154 , 11.5384615384615 , 0 , 0 , 21.3076923076923 , 1 , 0 , 0 , 0 
24-Mar-2010 14:25,201001,LUTON,CZECH REPUBLIC,PRAGUE,WIZZ AIR,D,S, 26 , 0 , 30.7692307692308 , 30.7692307692308 , 19.2307692307692 , 15.3846153846154 , 3.84615384615385 , 0 , 39.6923076923077 , 2 , 0 , 0 , 0 
24-Mar-2010 14:25,201001,LUTON,EGYPT,SHARM EL SHEIKH (OPHIRA),EASYJET AIRLINE COMPANY LTD,A,S, 16 , 0 , 81.25 , 12.5 , 6.25 , 0 , 0 , 0 , 6.3125 , 1 , 0 , 0 , 0 
24-Mar-2010 14:25,201001,LUTON,EGYPT,SHARM EL SHEIKH (OPHIRA),EASYJET AIRLINE COMPANY LTD,D,S, 17 , 0 , 82.3529411764706 , 5.88235294117647 , 11.7647058823529 , 0 , 0 , 0 , 11.7058823529412 , 0 , 0 , 0 , 0 
24-Mar-2010 14:25,201001,LUTON,EGYPT,SHARM EL SHEIKH (OPHIRA),THOMSON AIRWAYS LTD,A,S, 8 , 0 , 62.5 , 12.5 , 0 , 12.5 , 12.5 , 0 , 62 , 0 , 9 , 77.7777777777778 , 15 
24-Mar-2010 14:25,201001,LUTON,EGYPT,SHARM EL SHEIKH (OPHIRA),THOMSON AIRWAYS LTD,D,S, 7 , 2 , 42.8571428571429 , 14.2857142857143 , 14.2857142857143 , 28.5714285714286 , 0 , 0 , 37.4285714285714 , 0 , 9 , 77.7777777777778 , 17.2222222222222 
24-Mar-2010 14:25,201001,LUTON,FRANCE,BEZIERS,RYANAIR,A,S, 9 , 0 , 88.8888888888889 , 11.1111111111111 , 0 , 0 , 0 , 0 , 2.22222222222222 , 0 , 9 , 77.7777777777778 , 6.11111111111111 
24-Mar-2010 14:25,201001,LUTON,FRANCE,BEZIERS,RYANAIR,D,S, 9 , 0 , 100 , 0 , 0 , 0 , 0 , 0 , 3.22222222222222 , 0 , 9 , 77.7777777777778 , 9.55555555555556 
24-Mar-2010 14:25,201001,LUTON,FRANCE,BIARRITZ,RYANAIR,A,S, 0 , 0 , 0 , 0 , 0 , 0 , 0 , 0 , 0 , 0 , 13 , 84.6153846153846 , 15.7692307692308 
24-Mar-2010 14:25,201001,LUTON,FRANCE,BIARRITZ,RYANAIR,D,S, 0 , 0 , 0 , 0 , 0 , 0 , 0 , 0 , 0 , 0 , 13 , 76.9230769230769 , 17.7692307692308 
24-Mar-2010 14:25,201001,LUTON,FRANCE,BORDEAUX,EASYJET AIRLINE COMPANY LTD,A,S, 17 , 0 , 52.9411764705882 , 0 , 17.6470588235294 , 29.4117647058824 , 0 , 0 , 34.2352941176471 , 0 , 17 , 52.9411764705882 , 26.4117647058824 
24-Mar-2010 14:25,201001,LUTON,FRANCE,BORDEAUX,EASYJET AIRLINE COMPANY LTD,D,S, 17 , 0 , 52.9411764705882 , 5.88235294117647 , 23.5294117647059 , 17.6470588235294 , 0 , 0 , 30.4705882352941 , 0 , 17 , 58.8235294117647 , 16.3529411764706 
24-Mar-2010 14:25,201001,LUTON,FRANCE,BREST,RYANAIR,A,S, 12 , 0 , 50 , 25 , 8.33333333333333 , 8.33333333333333 , 0 , 8.33333333333333 , 50.0833333333333 , 1 , 14 , 100 , 2.64285714285714 
24-Mar-2010 14:25,201001,LUTON,FRANCE,BREST,RYANAIR,D,S, 13 , 0 , 69.2307692307692 , 7.69230769230769 , 23.0769230769231 , 0 , 0 , 0 , 13.4615384615385 , 0 , 14 , 100 , 0.142857142857143 
24-Mar-2010 14:25,201001,LUTON,FRANCE,GRENOBLE,EASYJET AIRLINE COMPANY LTD,A,S, 10 , 0 , 70 , 0 , 0 , 20 , 10 , 0 , 58.1 , 0 , 9 , 66.6666666666667 , 31.1111111111111 
24-Mar-2010 14:25,201001,LUTON,FRANCE,GRENOBLE,EASYJET AIRLINE COMPANY LTD,D,S, 10 , 0 , 60 , 10 , 0 , 20 , 10 , 0 , 53.3 , 0 , 9 , 66.6666666666667 , 33.4444444444444 
24-Mar-2010 14:25,201001,LUTON,FRANCE,GRENOBLE,JETALLIANCE FLUGBETTRIEBS,A,C, 0 , 1 , 0 , 0 , 0 , 0 , 0 , 0 , 0 , 0 , 0 , 0 , 0 
24-Mar-2010 14:25,201001,LUTON,FRANCE,GRENOBLE,JETALLIANCE FLUGBETTRIEBS,D,C, 0 , 1 , 0 , 0 , 0 , 0 , 0 , 0 , 0 , 0 , 0 , 0 , 0 
24-Mar-2010 14:25,201001,LUTON,FRANCE,GRENOBLE,MONARCH AIRLINES,A,C, 5 , 0 , 40 , 20 , 20 , 0 , 20 , 0 , 73.6 , 0 , 0 , 0 , 0 
24-Mar-2010 14:25,201001,LUTON,FRANCE,GRENOBLE,MONARCH AIRLINES,D,C, 5 , 0 , 60 , 20 , 0 , 20 , 0 , 0 , 30.2 , 0 , 0 , 0 , 0 
24-Mar-2010 14:25,201001,LUTON,FRANCE,GRENOBLE,VISTAJET LUFTFAHRTUNTERNEHMEN,A,C, 0 , 1 , 0 , 0 , 0 , 0 , 0 , 0 , 0 , 0 , 0 , 0 , 0 
24-Mar-2010 14:25,201001,LUTON,FRANCE,LYON,EXECUJET SCANDINAVIA,A,C, 0 , 1 , 0 , 0 , 0 , 0 , 0 , 0 , 0 , 0 , 0 , 0 , 0 
24-Mar-2010 14:25,201001,LUTON,FRANCE,NICE,BEXAIR BAHRAIN EXECUTIVE AIR SERVICES,D,C, 0 , 1 , 0 , 0 , 0 , 0 , 0 , 0 , 0 , 0 , 0 , 0 , 0 
24-Mar-2010 14:25,201001,LUTON,FRANCE,NICE,CIRRUS LUFTFAHRT,D,C, 0 , 1 , 0 , 0 , 0 , 0 , 0 , 0 , 0 , 0 , 0 , 0 , 0 
24-Mar-2010 14:25,201001,LUTON,FRANCE,NICE,EASYJET AIRLINE COMPANY LTD,A,S, 33 , 0 , 63.6363636363636 , 15.1515151515152 , 12.1212121212121 , 6.06060606060606 , 3.03030303030303 , 0 , 23 , 2 , 35 , 80 , 6.05714285714286 
24-Mar-2010 14:25,201001,LUTON,FRANCE,NICE,EASYJET AIRLINE COMPANY LTD,D,S, 32 , 0 , 65.625 , 18.75 , 9.375 , 3.125 , 3.125 , 0 , 19.125 , 3 , 35 , 77.1428571428571 , 10.3714285714286 
24-Mar-2010 14:25,201001,LUTON,FRANCE,NICE,ICEJET,A,C, 0 , 1 , 0 , 0 , 0 , 0 , 0 , 0 , 0 , 0 , 0 , 0 , 0 
24-Mar-2010 14:25,201001,LUTON,FRANCE,NICE,ICEJET,D,C, 0 , 1 , 0 , 0 , 0 , 0 , 0 , 0 , 0 , 0 , 0 , 0 , 0 
24-Mar-2010 14:25,201001,LUTON,FRANCE,NICE,VISTAJET LUFTFAHRTUNTERNEHMEN,A,C, 0 , 1 , 0 , 0 , 0 , 0 , 0 , 0 , 0 , 0 , 0 , 0 , 0 
24-Mar-2010 14:25,201001,LUTON,FRANCE,NICE,VISTAJET LUFTFAHRTUNTERNEHMEN,D,C, 0 , 1 , 0 , 0 , 0 , 0 , 0 , 0 , 0 , 0 , 0 , 0 , 0 
24-Mar-2010 14:25,201001,LUTON,FRANCE,NIMES,RYANAIR,A,S, 17 , 0 , 58.8235294117647 , 11.7647058823529 , 11.7647058823529 , 11.7647058823529 , 5.88235294117647 , 0 , 33.8235294117647 , 1 , 15 , 73.3333333333333 , 14.4666666666667 
24-Mar-2010 14:25,201001,LUTON,FRANCE,NIMES,RYANAIR,D,S, 18 , 0 , 55.5555555555556 , 22.2222222222222 , 16.6666666666667 , 5.55555555555556 , 0 , 0 , 24.8888888888889 , 0 , 17 , 76.4705882352941 , 16.5882352941176 
24-Mar-2010 14:25,201001,LUTON,FRANCE,PARIS (CHARLES DE GAULLE),EASYJET AIRLINE COMPANY LTD,A,S, 84 , 0 , 75 , 7.14285714285714 , 5.95238095238095 , 11.9047619047619 , 0 , 0 , 18.6547619047619 , 2 , 112 , 73.2142857142857 , 20.4553571428571 
24-Mar-2010 14:25,201001,LUTON,FRANCE,PARIS (CHARLES DE GAULLE),EASYJET AIRLINE COMPANY LTD,D,S, 84 , 0 , 78.5714285714286 , 9.52380952380952 , 4.76190476190476 , 7.14285714285714 , 0 , 0 , 14.6666666666667 , 1 , 112 , 86.6071428571429 , 9.19642857142857 
24-Mar-2010 14:25,201001,LUTON,FRANCE,PARIS (LE BOURGET),EXECUJET CHARTER AG,D,C, 0 , 1 , 0 , 0 , 0 , 0 , 0 , 0 , 0 , 0 , 0 , 0 , 0 
24-Mar-2010 14:25,201001,LUTON,FRANCE,PARIS (LE BOURGET),SONNIG SA,D,C, 0 , 1 , 0 , 0 , 0 , 0 , 0 , 0 , 0 , 0 , 0 , 0 , 0 
24-Mar-2010 14:25,201001,LUTON,FRANCE,PARIS (LE BOURGET),VISTAJET LUFTFAHRTUNTERNEHMEN,A,C, 0 , 1 , 0 , 0 , 0 , 0 , 0 , 0 , 0 , 0 , 0 , 0 , 0 
24-Mar-2010 14:25,201001,LUTON,FRANCE,PARIS (LE BOURGET),VISTAJET LUFTFAHRTUNTERNEHMEN,D,C, 0 , 1 , 0 , 0 , 0 , 0 , 0 , 0 , 0 , 0 , 0 , 0 , 0 
24-Mar-2010 14:25,201001,LUTON,FRANCE,PERPIGNAN,CITY JET,A,C, 1 , 0 , 0 , 0 , 100 , 0 , 0 , 0 , 34 , 0 , 0 , 0 , 0 
24-Mar-2010 14:25,201001,LUTON,FRANCE,PERPIGNAN,CITY JET,D,C, 1 , 0 , 100 , 0 , 0 , 0 , 0 , 0 , 13 , 0 , 0 , 0 , 0 
24-Mar-2010 14:25,201001,LUTON,FRANCE,VILLACOUBLAY,EXECUJET CHARTER AG,A,C, 0 , 1 , 0 , 0 , 0 , 0 , 0 , 0 , 0 , 0 , 0 , 0 , 0 
24-Mar-2010 14:25,201001,LUTON,GERMANY,BERLIN (SCHONEFELD),EASYJET AIRLINE COMPANY LTD,A,S, 50 , 0 , 62 , 14 , 12 , 12 , 0 , 0 , 22.12 , 1 , 37 , 81.0810810810811 , 7.27027027027027 
24-Mar-2010 14:25,201001,LUTON,GERMANY,BERLIN (SCHONEFELD),EASYJET AIRLINE COMPANY LTD,D,S, 50 , 0 , 76 , 14 , 8 , 2 , 0 , 0 , 11.48 , 0 , 37 , 86.4864864864865 , 7.78378378378378 
24-Mar-2010 14:25,201001,LUTON,GERMANY,BERLIN (SCHONEFELD),RYANAIR,A,S, 0 , 1 , 0 , 0 , 0 , 0 , 0 , 0 , 0 , 0 , 0 , 0 , 0 
24-Mar-2010 14:25,201001,LUTON,GERMANY,BREMEN,EXECUJET CHARTER AG,A,C, 0 , 1 , 0 , 0 , 0 , 0 , 0 , 0 , 0 , 0 , 0 , 0 , 0 
24-Mar-2010 14:25,201001,LUTON,GERMANY,BREMEN,RYANAIR,A,S, 0 , 1 , 0 , 0 , 0 , 0 , 0 , 0 , 0 , 0 , 0 , 0 , 0 
24-Mar-2010 14:25,201001,LUTON,GERMANY,COLOGNE BONN,EASYJET AIRLINE COMPANY LTD,A,S, 2 , 0 , 50 , 0 , 0 , 50 , 0 , 0 , 79 , 0 , 0 , 0 , 0 
24-Mar-2010 14:25,201001,LUTON,GERMANY,COLOGNE BONN,EASYJET AIRLINE COMPANY LTD,D,S, 3 , 0 , 0 , 0 , 0 , 66.6666666666667 , 33.3333333333333 , 0 , 144.333333333333 , 0 , 0 , 0 , 0 
24-Mar-2010 14:25,201001,LUTON,GERMANY,DORTMUND,EASYJET AIRLINE COMPANY LTD,A,S, 61 , 0 , 68.8524590163934 , 13.1147540983607 , 11.4754098360656 , 4.91803278688525 , 1.63934426229508 , 0 , 18.7213114754098 , 3 , 56 , 71.4285714285714 , 17.625 
24-Mar-2010 14:25,201001,LUTON,GERMANY,DORTMUND,EASYJET AIRLINE COMPANY LTD,D,S, 63 , 0 , 76.1904761904762 , 9.52380952380952 , 4.76190476190476 , 9.52380952380952 , 0 , 0 , 16.5873015873016 , 1 , 57 , 87.719298245614 , 5.71929824561404 
24-Mar-2010 14:25,201001,LUTON,GERMANY,DORTMUND,VISTAJET LUFTFAHRTUNTERNEHMEN,A,C, 0 , 1 , 0 , 0 , 0 , 0 , 0 , 0 , 0 , 0 , 0 , 0 , 0 
24-Mar-2010 14:25,201001,LUTON,GERMANY,FRANKFURT MAIN,ARKIA,A,C, 0 , 1 , 0 , 0 , 0 , 0 , 0 , 0 , 0 , 0 , 0 , 0 , 0 
24-Mar-2010 14:25,201001,LUTON,GERMANY,FRANKFURT MAIN,BEXAIR BAHRAIN EXECUTIVE AIR SERVICES,A,C, 0 , 1 , 0 , 0 , 0 , 0 , 0 , 0 , 0 , 0 , 0 , 0 , 0 
24-Mar-2010 14:25,201001,LUTON,GERMANY,HAMBURG,EASYJET AIRLINE COMPANY LTD,A,S, 24 , 0 , 41.6666666666667 , 12.5 , 37.5 , 8.33333333333333 , 0 , 0 , 28.2083333333333 , 1 , 22 , 95.4545454545455 , 4 
24-Mar-2010 14:25,201001,LUTON,GERMANY,HAMBURG,EASYJET AIRLINE COMPANY LTD,D,S, 25 , 0 , 60 , 12 , 20 , 8 , 0 , 0 , 23.16 , 0 , 22 , 81.8181818181818 , 8.90909090909091 
24-Mar-2010 14:25,201001,LUTON,GERMANY,LEIPZIG,TUIFLY  (GERMANY),A,C, 0 , 0 , 0 , 0 , 0 , 0 , 0 , 0 , 0 , 0 , 1 , 100 , 13 
24-Mar-2010 14:25,201001,LUTON,GERMANY,LEIPZIG,TUIFLY  (GERMANY),D,C, 0 , 0 , 0 , 0 , 0 , 0 , 0 , 0 , 0 , 0 , 1 , 100 , 14 
24-Mar-2010 14:25,201001,LUTON,GERMANY,MUNICH,VISTAJET LUFTFAHRTUNTERNEHMEN,A,C, 0 , 1 , 0 , 0 , 0 , 0 , 0 , 0 , 0 , 0 , 0 , 0 , 0 
24-Mar-2010 14:25,201001,LUTON,GHANA,ACCRA,GHANA INTERNATIONAL AIRLINES,A,S, 0 , 1 , 0 , 0 , 0 , 0 , 0 , 0 , 0 , 1 , 0 , 0 , 0 
24-Mar-2010 14:25,201001,LUTON,GHANA,ACCRA,UNIJET SA,A,C, 0 , 1 , 0 , 0 , 0 , 0 , 0 , 0 , 0 , 0 , 0 , 0 , 0 
24-Mar-2010 14:25,201001,LUTON,GHANA,ACCRA,VISTAJET LUFTFAHRTUNTERNEHMEN,A,C, 0 , 1 , 0 , 0 , 0 , 0 , 0 , 0 , 0 , 0 , 0 , 0 , 0 
24-Mar-2010 14:25,201001,LUTON,GIBRALTAR,GIBRALTAR,MONARCH AIRLINES,A,S, 17 , 0 , 76.4705882352941 , 11.7647058823529 , 5.88235294117647 , 0 , 5.88235294117647 , 0 , 25.4117647058824 , 1 , 18 , 94.4444444444444 , 6.38888888888889 
24-Mar-2010 14:25,201001,LUTON,GIBRALTAR,GIBRALTAR,MONARCH AIRLINES,D,S, 17 , 0 , 82.3529411764706 , 17.6470588235294 , 0 , 0 , 0 , 0 , 6.70588235294118 , 1 , 19 , 89.4736842105263 , 3.78947368421053 
24-Mar-2010 14:25,201001,LUTON,GREECE,ATHENS,EASYJET AIRLINE COMPANY LTD,A,S, 0 , 0 , 0 , 0 , 0 , 0 , 0 , 0 , 0 , 0 , 30 , 70 , 11.0666666666667 
24-Mar-2010 14:25,201001,LUTON,GREECE,ATHENS,EASYJET AIRLINE COMPANY LTD,D,S, 0 , 0 , 0 , 0 , 0 , 0 , 0 , 0 , 0 , 0 , 30 , 66.6666666666667 , 14.3666666666667 
24-Mar-2010 14:25,201001,LUTON,GREECE,ATHENS,INTERJET,A,C, 0 , 1 , 0 , 0 , 0 , 0 , 0 , 0 , 0 , 0 , 0 , 0 , 0 
24-Mar-2010 14:25,201001,LUTON,GREECE,ATHENS,INTERJET,D,C, 0 , 1 , 0 , 0 , 0 , 0 , 0 , 0 , 0 , 0 , 0 , 0 , 0 
24-Mar-2010 14:25,201001,LUTON,GREECE,ATHENS,VISTAJET LUFTFAHRTUNTERNEHMEN,A,C, 0 , 1 , 0 , 0 , 0 , 0 , 0 , 0 , 0 , 0 , 0 , 0 , 0 
24-Mar-2010 14:25,201001,LUTON,GREECE,SALONIKA,MONARCH AIRLINES,A,S, 0 , 1 , 0 , 0 , 0 , 0 , 0 , 0 , 0 , 0 , 0 , 0 , 0 
24-Mar-2010 14:25,201001,LUTON,HUNGARY,BUDAPEST,EASYJET AIRLINE COMPANY LTD,A,S, 27 , 0 , 37.037037037037 , 25.9259259259259 , 29.6296296296296 , 7.40740740740741 , 0 , 0 , 27.7407407407407 , 0 , 38 , 78.9473684210526 , 12.9210526315789 
24-Mar-2010 14:25,201001,LUTON,HUNGARY,BUDAPEST,EASYJET AIRLINE COMPANY LTD,D,S, 26 , 0 , 69.2307692307692 , 11.5384615384615 , 19.2307692307692 , 0 , 0 , 0 , 14 , 1 , 38 , 84.2105263157895 , 9.02631578947369 
24-Mar-2010 14:25,201001,LUTON,HUNGARY,BUDAPEST,WIZZ AIR,A,S, 58 , 0 , 72.4137931034483 , 10.3448275862069 , 12.0689655172414 , 5.17241379310345 , 0 , 0 , 15.3103448275862 , 3 , 47 , 80.8510638297872 , 7.38297872340426 
24-Mar-2010 14:25,201001,LUTON,HUNGARY,BUDAPEST,WIZZ AIR,D,S, 58 , 0 , 43.1034482758621 , 22.4137931034483 , 18.9655172413793 , 12.0689655172414 , 1.72413793103448 , 1.72413793103448 , 42.551724137931 , 4 , 47 , 59.5744680851064 , 22.6382978723404 
24-Mar-2010 14:25,201001,LUTON,ICELAND,KEFLAVIK,ASTRAEUS LTD,A,S, 0 , 1 , 0 , 0 , 0 , 0 , 0 , 0 , 0 , 1 , 0 , 0 , 0 
24-Mar-2010 14:25,201001,LUTON,ICELAND,KEFLAVIK,ASTRAEUS LTD,D,S, 0 , 1 , 0 , 0 , 0 , 0 , 0 , 0 , 0 , 1 , 0 , 0 , 0 
24-Mar-2010 14:25,201001,LUTON,IRISH REPUBLIC,CORK,RYANAIR,A,S, 0 , 1 , 0 , 0 , 0 , 0 , 0 , 0 , 0 , 0 , 0 , 0 , 0 
24-Mar-2010 14:25,201001,LUTON,IRISH REPUBLIC,DUBLIN,RYANAIR,A,S, 90 , 0 , 64.4444444444444 , 16.6666666666667 , 8.88888888888889 , 8.88888888888889 , 1.11111111111111 , 0 , 21.6888888888889 , 2 , 113 , 75.2212389380531 , 13.8938053097345 
24-Mar-2010 14:25,201001,LUTON,IRISH REPUBLIC,DUBLIN,RYANAIR,D,S, 90 , 0 , 73.3333333333333 , 8.88888888888889 , 6.66666666666667 , 7.77777777777778 , 2.22222222222222 , 1.11111111111111 , 29.9111111111111 , 2 , 114 , 82.4561403508772 , 13.0263157894737 
24-Mar-2010 14:25,201001,LUTON,IRISH REPUBLIC,GALWAY,AER ARANN,A,S, 53 , 0 , 75.4716981132076 , 13.2075471698113 , 3.77358490566038 , 7.54716981132075 , 0 , 0 , 13.9056603773585 , 2 , 61 , 90.1639344262295 , 5.14754098360656 
24-Mar-2010 14:25,201001,LUTON,IRISH REPUBLIC,GALWAY,AER ARANN,D,S, 54 , 0 , 68.5185185185185 , 5.55555555555556 , 12.962962962963 , 9.25925925925926 , 3.7037037037037 , 0 , 24.9444444444444 , 2 , 60 , 86.6666666666667 , 6.75 
24-Mar-2010 14:25,201001,LUTON,IRISH REPUBLIC,IRELAND WEST AIRPORT KNOCK ,RYANAIR,A,S, 29 , 1 , 68.9655172413793 , 10.3448275862069 , 6.89655172413793 , 6.89655172413793 , 3.44827586206897 , 3.44827586206897 , 33.4827586206897 , 2 , 30 , 76.6666666666667 , 7.86666666666667 
24-Mar-2010 14:25,201001,LUTON,IRISH REPUBLIC,IRELAND WEST AIRPORT KNOCK ,RYANAIR,D,S, 30 , 0 , 60 , 16.6666666666667 , 16.6666666666667 , 0 , 6.66666666666667 , 0 , 25.7666666666667 , 1 , 30 , 70 , 10.3666666666667 
24-Mar-2010 14:25,201001,LUTON,IRISH REPUBLIC,KERRY COUNTY,RYANAIR,A,S, 30 , 0 , 76.6666666666667 , 13.3333333333333 , 6.66666666666667 , 3.33333333333333 , 0 , 0 , 9.13333333333333 , 1 , 17 , 76.4705882352941 , 7.58823529411765 
24-Mar-2010 14:25,201001,LUTON,IRISH REPUBLIC,KERRY COUNTY,RYANAIR,D,S, 30 , 0 , 63.3333333333333 , 16.6666666666667 , 16.6666666666667 , 3.33333333333333 , 0 , 0 , 16.1333333333333 , 1 , 17 , 58.8235294117647 , 20.2941176470588 
24-Mar-2010 14:25,201001,LUTON,IRISH REPUBLIC,SHANNON,JET2.COM LTD,A,C, 1 , 0 , 100 , 0 , 0 , 0 , 0 , 0 , 1 , 0 , 0 , 0 , 0 
24-Mar-2010 14:25,201001,LUTON,IRISH REPUBLIC,SHANNON,JET2.COM LTD,D,C, 1 , 0 , 100 , 0 , 0 , 0 , 0 , 0 , 2 , 0 , 0 , 0 , 0 
24-Mar-2010 14:25,201001,LUTON,IRISH REPUBLIC,SHANNON,RYANAIR,A,S, 0 , 0 , 0 , 0 , 0 , 0 , 0 , 0 , 0 , 0 , 19 , 100 , 0.947368421052632 
24-Mar-2010 14:25,201001,LUTON,IRISH REPUBLIC,SHANNON,RYANAIR,D,S, 0 , 0 , 0 , 0 , 0 , 0 , 0 , 0 , 0 , 0 , 19 , 100 , 1.05263157894737 
24-Mar-2010 14:25,201001,LUTON,IRISH REPUBLIC,WATERFORD,AER ARANN,A,S, 51 , 0 , 70.5882352941176 , 7.84313725490196 , 7.84313725490196 , 5.88235294117647 , 7.84313725490196 , 0 , 34.5686274509804 , 19 , 59 , 91.5254237288136 , 10.0508474576271 
24-Mar-2010 14:25,201001,LUTON,IRISH REPUBLIC,WATERFORD,AER ARANN,D,S, 49 , 0 , 69.3877551020408 , 14.2857142857143 , 2.04081632653061 , 12.2448979591837 , 2.04081632653061 , 0 , 27.5918367346939 , 19 , 60 , 90 , 11.45 
24-Mar-2010 14:25,201001,LUTON,ISRAEL,ELAT,EL AL,A,C, 1 , 0 , 100 , 0 , 0 , 0 , 0 , 0 , 9 , 0 , 0 , 0 , 0 
24-Mar-2010 14:25,201001,LUTON,ISRAEL,TEL AVIV,EASYJET AIRLINE COMPANY LTD,A,S, 24 , 0 , 41.6666666666667 , 16.6666666666667 , 25 , 16.6666666666667 , 0 , 0 , 32.75 , 1 , 0 , 0 , 0 
24-Mar-2010 14:25,201001,LUTON,ISRAEL,TEL AVIV,EASYJET AIRLINE COMPANY LTD,D,S, 25 , 0 , 16 , 32 , 28 , 24 , 0 , 0 , 47.72 , 0 , 0 , 0 , 0 
24-Mar-2010 14:25,201001,LUTON,ISRAEL,TEL AVIV,EL AL,A,S, 24 , 0 , 70.8333333333333 , 12.5 , 12.5 , 0 , 0 , 4.16666666666667 , 31.375 , 0 , 0 , 0 , 0 
24-Mar-2010 14:25,201001,LUTON,ISRAEL,TEL AVIV,EL AL,D,S, 23 , 0 , 56.5217391304348 , 17.3913043478261 , 17.3913043478261 , 8.69565217391304 , 0 , 0 , 21.7391304347826 , 1 , 0 , 0 , 0 
24-Mar-2010 14:25,201001,LUTON,ISRAEL,TEL AVIV,EXECUTIVE JET CHARTER LTD,D,C, 0 , 1 , 0 , 0 , 0 , 0 , 0 , 0 , 0 , 0 , 0 , 0 , 0 
24-Mar-2010 14:25,201001,LUTON,ISRAEL,TEL AVIV,THOMSON AIRWAYS LTD,A,S, 0 , 0 , 0 , 0 , 0 , 0 , 0 , 0 , 0 , 0 , 14 , 57.1428571428571 , 18.2857142857143 
24-Mar-2010 14:25,201001,LUTON,ISRAEL,TEL AVIV,THOMSON AIRWAYS LTD,D,S, 0 , 0 , 0 , 0 , 0 , 0 , 0 , 0 , 0 , 0 , 13 , 69.2307692307692 , 29.1538461538462 
24-Mar-2010 14:25,201001,LUTON,ITALY,BERGAMO,RYANAIR,A,S, 0 , 0 , 0 , 0 , 0 , 0 , 0 , 0 , 0 , 0 , 16 , 81.25 , 13.375 
24-Mar-2010 14:25,201001,LUTON,ITALY,BERGAMO,RYANAIR,D,S, 0 , 0 , 0 , 0 , 0 , 0 , 0 , 0 , 0 , 0 , 17 , 82.3529411764706 , 7.76470588235294 
24-Mar-2010 14:25,201001,LUTON,ITALY,BRESCIA/MONTICHIARI,EASYJET AIRLINE COMPANY LTD,D,S, 1 , 0 , 100 , 0 , 0 , 0 , 0 , 0 , 0 , 0 , 0 , 0 , 0 
24-Mar-2010 14:25,201001,LUTON,ITALY,CAGLIARI (ELMAS),EASYJET AIRLINE COMPANY LTD,A,S, 9 , 0 , 44.4444444444444 , 22.2222222222222 , 33.3333333333333 , 0 , 0 , 0 , 22.5555555555556 , 0 , 14 , 92.8571428571429 , 3.92857142857143 
24-Mar-2010 14:25,201001,LUTON,ITALY,CAGLIARI (ELMAS),EASYJET AIRLINE COMPANY LTD,D,S, 9 , 0 , 66.6666666666667 , 11.1111111111111 , 22.2222222222222 , 0 , 0 , 0 , 16.4444444444444 , 0 , 14 , 85.7142857142857 , 4.64285714285714 
24-Mar-2010 14:25,201001,LUTON,ITALY,FORLI,WINDJET SPA,A,S, 3 , 0 , 66.6666666666667 , 0 , 33.3333333333333 , 0 , 0 , 0 , 18 , 0 , 0 , 0 , 0 
24-Mar-2010 14:25,201001,LUTON,ITALY,FORLI,WINDJET SPA,D,S, 3 , 0 , 66.6666666666667 , 0 , 33.3333333333333 , 0 , 0 , 0 , 22 , 0 , 0 , 0 , 0 
24-Mar-2010 14:25,201001,LUTON,ITALY,MILAN (LINATE),SERVIZI AEREI,D,C, 0 , 1 , 0 , 0 , 0 , 0 , 0 , 0 , 0 , 0 , 0 , 0 , 0 
24-Mar-2010 14:25,201001,LUTON,ITALY,MILAN (MALPENSA),EASYJET AIRLINE COMPANY LTD,A,S, 38 , 0 , 36.8421052631579 , 21.0526315789474 , 28.9473684210526 , 13.1578947368421 , 0 , 0 , 33.1052631578947 , 1 , 0 , 0 , 0 
24-Mar-2010 14:25,201001,LUTON,ITALY,MILAN (MALPENSA),EASYJET AIRLINE COMPANY LTD,D,S, 39 , 0 , 66.6666666666667 , 10.2564102564103 , 12.8205128205128 , 10.2564102564103 , 0 , 0 , 21.3076923076923 , 0 , 0 , 0 , 0 
24-Mar-2010 14:25,201001,LUTON,ITALY,PISA,METROPIX UK LLP,D,C, 0 , 1 , 0 , 0 , 0 , 0 , 0 , 0 , 0 , 0 , 0 , 0 , 0 
24-Mar-2010 14:25,201001,LUTON,ITALY,TRANPANI,RYANAIR,A,S, 8 , 0 , 87.5 , 0 , 12.5 , 0 , 0 , 0 , 4.875 , 1 , 13 , 100 , 1 
24-Mar-2010 14:25,201001,LUTON,ITALY,TRANPANI,RYANAIR,D,S, 9 , 0 , 100 , 0 , 0 , 0 , 0 , 0 , 2.11111111111111 , 0 , 13 , 92.3076923076923 , 3.30769230769231 
24-Mar-2010 14:25,201001,LUTON,ITALY,TURIN,EASYJET AIRLINE COMPANY LTD,A,S, 17 , 0 , 70.5882352941177 , 5.88235294117647 , 17.6470588235294 , 5.88235294117647 , 0 , 0 , 16.0588235294118 , 0 , 14 , 71.4285714285714 , 48.7142857142857 
24-Mar-2010 14:25,201001,LUTON,ITALY,TURIN,EASYJET AIRLINE COMPANY LTD,D,S, 17 , 0 , 82.3529411764706 , 5.88235294117647 , 11.7647058823529 , 0 , 0 , 0 , 8.05882352941176 , 0 , 14 , 64.2857142857143 , 15.0714285714286 
24-Mar-2010 14:25,201001,LUTON,JORDAN,AMMAN (KING HUSSEIN),GAINJET AVIATION,D,C, 0 , 1 , 0 , 0 , 0 , 0 , 0 , 0 , 0 , 0 , 0 , 0 , 0 
24-Mar-2010 14:25,201001,LUTON,KAZAKHSTAN,ASTANA,EAGLE AIR SERVICES,D,C, 0 , 1 , 0 , 0 , 0 , 0 , 0 , 0 , 0 , 0 , 0 , 0 , 0 
24-Mar-2010 14:25,201001,LUTON,KAZAKHSTAN,ASTANA,JETALLIANCE FLUGBETTRIEBS,D,C, 0 , 1 , 0 , 0 , 0 , 0 , 0 , 0 , 0 , 0 , 0 , 0 , 0 
24-Mar-2010 14:25,201001,LUTON,LITHUANIA,KAUNAS,RYANAIR,A,S, 16 , 0 , 68.75 , 6.25 , 12.5 , 6.25 , 0 , 6.25 , 66.9375 , 1 , 13 , 84.6153846153846 , 19.8461538461538 
24-Mar-2010 14:25,201001,LUTON,LITHUANIA,KAUNAS,RYANAIR,D,S, 17 , 0 , 58.8235294117647 , 17.6470588235294 , 11.7647058823529 , 11.7647058823529 , 0 , 0 , 19.5294117647059 , 0 , 14 , 92.8571428571429 , 3 
24-Mar-2010 14:25,201001,LUTON,LITHUANIA,VILNIUS,JETALLIANCE FLUGBETTRIEBS,A,C, 0 , 1 , 0 , 0 , 0 , 0 , 0 , 0 , 0 , 0 , 0 , 0 , 0 
24-Mar-2010 14:25,201001,LUTON,MALI,MOPTI,MONARCH AIRLINES,D,C, 0 , 0 , 0 , 0 , 0 , 0 , 0 , 0 , 0 , 0 , 1 , 100 , 1 
24-Mar-2010 14:25,201001,LUTON,MALTA,MALTA,RYANAIR,A,S, 22 , 0 , 68.1818181818182 , 4.54545454545455 , 13.6363636363636 , 13.6363636363636 , 0 , 0 , 24.6363636363636 , 0 , 22 , 77.2727272727273 , 11.1818181818182 
24-Mar-2010 14:25,201001,LUTON,MALTA,MALTA,RYANAIR,D,S, 22 , 0 , 72.7272727272727 , 0 , 4.54545454545455 , 22.7272727272727 , 0 , 0 , 29.7272727272727 , 0 , 22 , 68.1818181818182 , 14.6363636363636 
24-Mar-2010 14:25,201001,LUTON,MEXICO,MONTERREY,FLYING SERVICE,A,C, 0 , 1 , 0 , 0 , 0 , 0 , 0 , 0 , 0 , 0 , 0 , 0 , 0 
24-Mar-2010 14:25,201001,LUTON,MEXICO,MONTERREY,FLYING SERVICE,D,C, 0 , 1 , 0 , 0 , 0 , 0 , 0 , 0 , 0 , 0 , 0 , 0 , 0 
24-Mar-2010 14:25,201001,LUTON,MOROCCO,MARRAKESH,RYANAIR,A,S, 18 , 0 , 66.6666666666667 , 16.6666666666667 , 11.1111111111111 , 0 , 5.55555555555556 , 0 , 22.8888888888889 , 0 , 25 , 72 , 11.4 
24-Mar-2010 14:25,201001,LUTON,MOROCCO,MARRAKESH,RYANAIR,D,S, 18 , 0 , 72.2222222222222 , 22.2222222222222 , 5.55555555555556 , 0 , 0 , 0 , 8.05555555555556 , 0 , 25 , 88 , 7.2 
24-Mar-2010 14:25,201001,LUTON,NETHERLANDS,AMSTERDAM,EASYJET AIRLINE COMPANY LTD,A,S, 75 , 1 , 64 , 8 , 14.6666666666667 , 13.3333333333333 , 0 , 0 , 21.4933333333333 , 0 , 60 , 90 , 6.95 
24-Mar-2010 14:25,201001,LUTON,NETHERLANDS,AMSTERDAM,EASYJET AIRLINE COMPANY LTD,D,S, 75 , 1 , 74.6666666666667 , 9.33333333333333 , 8 , 8 , 0 , 0 , 14.5866666666667 , 0 , 60 , 86.6666666666667 , 6.35 
24-Mar-2010 14:25,201001,LUTON,NETHERLANDS,AMSTERDAM,FLYING SERVICE,A,C, 0 , 1 , 0 , 0 , 0 , 0 , 0 , 0 , 0 , 0 , 0 , 0 , 0 
24-Mar-2010 14:25,201001,LUTON,NETHERLANDS,AMSTERDAM,FLYING SERVICE,D,C, 0 , 1 , 0 , 0 , 0 , 0 , 0 , 0 , 0 , 0 , 0 , 0 , 0 
24-Mar-2010 14:25,201001,LUTON,NETHERLANDS,EINDHOVEN,RYANAIR,A,S, 0 , 1 , 0 , 0 , 0 , 0 , 0 , 0 , 0 , 0 , 0 , 0 , 0 
24-Mar-2010 14:25,201001,LUTON,NETHERLANDS,ROTTERDAM,GAINJET AVIATION,A,C, 0 , 1 , 0 , 0 , 0 , 0 , 0 , 0 , 0 , 0 , 0 , 0 , 0 
24-Mar-2010 14:25,201001,LUTON,NETHERLANDS,ROTTERDAM,TRANSAVIA,A,S, 0 , 0 , 0 , 0 , 0 , 0 , 0 , 0 , 0 , 0 , 52 , 82.6923076923077 , 16.6730769230769 
24-Mar-2010 14:25,201001,LUTON,NETHERLANDS,ROTTERDAM,TRANSAVIA,D,S, 0 , 0 , 0 , 0 , 0 , 0 , 0 , 0 , 0 , 0 , 52 , 86.5384615384615 , 15.8461538461538 
24-Mar-2010 14:25,201001,LUTON,NETHERLANDS,ROTTERDAM,VLM (BELGIUM),A,S, 0 , 0 , 0 , 0 , 0 , 0 , 0 , 0 , 0 , 0 , 1 , 100 , 0 
24-Mar-2010 14:25,201001,LUTON,NETHERLANDS,ROTTERDAM,VLM (BELGIUM),D,S, 0 , 0 , 0 , 0 , 0 , 0 , 0 , 0 , 0 , 0 , 1 , 100 , 13 
24-Mar-2010 14:25,201001,LUTON,NIGERIA,LAGOS,VISTAJET LUFTFAHRTUNTERNEHMEN,A,C, 0 , 1 , 0 , 0 , 0 , 0 , 0 , 0 , 0 , 0 , 0 , 0 , 0 
24-Mar-2010 14:25,201001,LUTON,NIGERIA,LAGOS,VISTAJET LUFTFAHRTUNTERNEHMEN,D,C, 0 , 2 , 0 , 0 , 0 , 0 , 0 , 0 , 0 , 0 , 0 , 0 , 0 
24-Mar-2010 14:25,201001,LUTON,POLAND,GDANSK,WIZZ AIR,A,S, 55 , 0 , 72.7272727272727 , 12.7272727272727 , 0 , 10.9090909090909 , 3.63636363636364 , 0 , 26.3272727272727 , 3 , 52 , 92.3076923076923 , 3.86538461538462 
24-Mar-2010 14:25,201001,LUTON,POLAND,GDANSK,WIZZ AIR,D,S, 55 , 0 , 58.1818181818182 , 10.9090909090909 , 10.9090909090909 , 10.9090909090909 , 7.27272727272727 , 1.81818181818182 , 50.4181818181818 , 4 , 52 , 69.2307692307692 , 16.3076923076923 
24-Mar-2010 14:25,201001,LUTON,POLAND,KATOWICE,WIZZ AIR,A,S, 52 , 0 , 59.6153846153846 , 13.4615384615385 , 5.76923076923077 , 17.3076923076923 , 3.84615384615385 , 0 , 33.7692307692308 , 2 , 62 , 72.5806451612903 , 16.0806451612903 
24-Mar-2010 14:25,201001,LUTON,POLAND,KATOWICE,WIZZ AIR,D,S, 52 , 0 , 25 , 23.0769230769231 , 15.3846153846154 , 26.9230769230769 , 5.76923076923077 , 3.84615384615385 , 77.8461538461538 , 2 , 61 , 40.9836065573771 , 24.7213114754098 
24-Mar-2010 14:25,201001,LUTON,POLAND,KRAKOW,EASYJET AIRLINE COMPANY LTD,A,S, 25 , 0 , 56 , 28 , 8 , 4 , 4 , 0 , 31.64 , 0 , 30 , 86.6666666666667 , 6.06666666666667 
24-Mar-2010 14:25,201001,LUTON,POLAND,KRAKOW,EASYJET AIRLINE COMPANY LTD,D,S, 26 , 0 , 57.6923076923077 , 26.9230769230769 , 11.5384615384615 , 0 , 3.84615384615385 , 0 , 28.1923076923077 , 1 , 31 , 87.0967741935484 , 5.58064516129032 
24-Mar-2010 14:25,201001,LUTON,POLAND,POZNAN,WIZZ AIR,A,S, 29 , 0 , 93.1034482758621 , 3.44827586206897 , 0 , 3.44827586206897 , 0 , 0 , 6.6551724137931 , 1 , 23 , 69.5652173913043 , 16.1739130434783 
24-Mar-2010 14:25,201001,LUTON,POLAND,POZNAN,WIZZ AIR,D,S, 28 , 0 , 39.2857142857143 , 32.1428571428571 , 14.2857142857143 , 10.7142857142857 , 3.57142857142857 , 0 , 31.7142857142857 , 2 , 22 , 68.1818181818182 , 16.8181818181818 
24-Mar-2010 14:25,201001,LUTON,POLAND,RZESZOW,RYANAIR,A,S, 8 , 0 , 62.5 , 12.5 , 12.5 , 0 , 12.5 , 0 , 49 , 1 , 8 , 87.5 , 5 
24-Mar-2010 14:25,201001,LUTON,POLAND,RZESZOW,RYANAIR,D,S, 9 , 0 , 88.8888888888889 , 0 , 0 , 0 , 11.1111111111111 , 0 , 29.7777777777778 , 0 , 8 , 87.5 , 5.875 
24-Mar-2010 14:25,201001,LUTON,POLAND,SZCZECIN (GOLENOW),RYANAIR,A,S, 0 , 0 , 0 , 0 , 0 , 0 , 0 , 0 , 0 , 0 , 11 , 100 , 0 
24-Mar-2010 14:25,201001,LUTON,POLAND,SZCZECIN (GOLENOW),RYANAIR,D,S, 0 , 0 , 0 , 0 , 0 , 0 , 0 , 0 , 0 , 0 , 14 , 100 , 3.28571428571429 
24-Mar-2010 14:25,201001,LUTON,POLAND,WARSAW,EASYJET AIRLINE COMPANY LTD,A,S, 0 , 0 , 0 , 0 , 0 , 0 , 0 , 0 , 0 , 0 , 53 , 83.0188679245283 , 8.81132075471698 
24-Mar-2010 14:25,201001,LUTON,POLAND,WARSAW,EASYJET AIRLINE COMPANY LTD,D,S, 0 , 0 , 0 , 0 , 0 , 0 , 0 , 0 , 0 , 0 , 53 , 79.2452830188679 , 11.6603773584906 
24-Mar-2010 14:25,201001,LUTON,POLAND,WARSAW,WIZZ AIR,A,S, 76 , 0 , 68.421052631579 , 10.5263157894737 , 14.4736842105263 , 3.94736842105263 , 2.63157894736842 , 0 , 21.2105263157895 , 4 , 56 , 78.5714285714286 , 7.78571428571429 
24-Mar-2010 14:25,201001,LUTON,POLAND,WARSAW,WIZZ AIR,D,S, 76 , 0 , 46.0526315789474 , 11.8421052631579 , 28.9473684210526 , 9.21052631578947 , 2.63157894736842 , 1.31578947368421 , 44.3947368421053 , 4 , 56 , 62.5 , 17.1428571428571 
24-Mar-2010 14:25,201001,LUTON,POLAND,WROCLAW,WIZZ AIR,A,S, 15 , 0 , 53.3333333333333 , 20 , 13.3333333333333 , 6.66666666666667 , 6.66666666666667 , 0 , 31.9333333333333 , 2 , 15 , 73.3333333333333 , 11.9333333333333 
24-Mar-2010 14:25,201001,LUTON,POLAND,WROCLAW,WIZZ AIR,D,S, 16 , 0 , 37.5 , 18.75 , 18.75 , 18.75 , 6.25 , 0 , 45.4375 , 1 , 17 , 41.1764705882353 , 38.9411764705882 
24-Mar-2010 14:25,201001,LUTON,PORTUGAL(EXCLUDING MADEIRA),AZORES SANTA MARIA,AIR LAZUR,D,C, 0 , 1 , 0 , 0 , 0 , 0 , 0 , 0 , 0 , 0 , 0 , 0 , 0 
24-Mar-2010 14:25,201001,LUTON,PORTUGAL(EXCLUDING MADEIRA),FARO,EASYJET AIRLINE COMPANY LTD,A,S, 13 , 0 , 69.2307692307692 , 7.69230769230769 , 7.69230769230769 , 7.69230769230769 , 7.69230769230769 , 0 , 38.6153846153846 , 0 , 24 , 87.5 , 4.58333333333333 
24-Mar-2010 14:25,201001,LUTON,PORTUGAL(EXCLUDING MADEIRA),FARO,EASYJET AIRLINE COMPANY LTD,D,S, 13 , 0 , 61.5384615384615 , 7.69230769230769 , 15.3846153846154 , 15.3846153846154 , 0 , 0 , 23.4615384615385 , 0 , 24 , 87.5 , 8.125 
24-Mar-2010 14:25,201001,LUTON,PORTUGAL(EXCLUDING MADEIRA),LISBON,EASYJET AIRLINE COMPANY LTD,A,S, 22 , 0 , 54.5454545454545 , 18.1818181818182 , 9.09090909090909 , 18.1818181818182 , 0 , 0 , 25 , 0 , 20 , 65 , 14.35 
24-Mar-2010 14:25,201001,LUTON,PORTUGAL(EXCLUDING MADEIRA),LISBON,EASYJET AIRLINE COMPANY LTD,D,S, 22 , 0 , 50 , 18.1818181818182 , 22.7272727272727 , 9.09090909090909 , 0 , 0 , 23.5 , 0 , 20 , 80 , 9.95 
24-Mar-2010 14:25,201001,LUTON,PORTUGAL(MADEIRA),FUNCHAL,THOMSON AIRWAYS LTD,A,C, 0 , 0 , 0 , 0 , 0 , 0 , 0 , 0 , 0 , 0 , 1 , 100 , 0 
24-Mar-2010 14:25,201001,LUTON,PORTUGAL(MADEIRA),FUNCHAL,THOMSON AIRWAYS LTD,D,C, 0 , 0 , 0 , 0 , 0 , 0 , 0 , 0 , 0 , 0 , 1 , 100 , 8 
24-Mar-2010 14:25,201001,LUTON,ROMANIA,BACAU,BLUE AIR TRANSPORT AERIAN,A,S, 8 , 0 , 37.5 , 25 , 12.5 , 25 , 0 , 0 , 44.5 , 0 , 0 , 0 , 0 
24-Mar-2010 14:25,201001,LUTON,ROMANIA,BACAU,BLUE AIR TRANSPORT AERIAN,D,S, 8 , 0 , 12.5 , 12.5 , 37.5 , 37.5 , 0 , 0 , 67.625 , 0 , 0 , 0 , 0 
24-Mar-2010 14:25,201001,LUTON,ROMANIA,BUCHAREST (BANEASA),WIZZ AIR,A,S, 29 , 0 , 62.0689655172414 , 31.0344827586207 , 3.44827586206897 , 3.44827586206897 , 0 , 0 , 11.4827586206897 , 1 , 30 , 86.6666666666667 , 11.2666666666667 
24-Mar-2010 14:25,201001,LUTON,ROMANIA,BUCHAREST (BANEASA),WIZZ AIR,D,S, 29 , 0 , 31.0344827586207 , 37.9310344827586 , 13.7931034482759 , 13.7931034482759 , 3.44827586206897 , 0 , 35.8275862068966 , 1 , 30 , 40 , 37.0333333333333 
24-Mar-2010 14:25,201001,LUTON,ROMANIA,CLUJ NAPOCA,WIZZ AIR,A,S, 20 , 0 , 80 , 15 , 0 , 0 , 5 , 0 , 20 , 1 , 17 , 82.3529411764706 , 9.52941176470588 
24-Mar-2010 14:25,201001,LUTON,ROMANIA,CLUJ NAPOCA,WIZZ AIR,D,S, 20 , 0 , 25 , 25 , 25 , 15 , 10 , 0 , 55.1 , 1 , 17 , 47.0588235294118 , 30.9411764705882 
24-Mar-2010 14:25,201001,LUTON,ROMANIA,TIMISOARA,WIZZ AIR,A,S, 14 , 0 , 71.4285714285714 , 14.2857142857143 , 7.14285714285714 , 7.14285714285714 , 0 , 0 , 19.3571428571429 , 1 , 11 , 54.5454545454545 , 65.1818181818182 
24-Mar-2010 14:25,201001,LUTON,ROMANIA,TIMISOARA,WIZZ AIR,D,S, 14 , 0 , 28.5714285714286 , 21.4285714285714 , 21.4285714285714 , 28.5714285714286 , 0 , 0 , 45.5 , 1 , 11 , 54.5454545454545 , 74.7272727272727 
24-Mar-2010 14:25,201001,LUTON,RUSSIA,MOSCOW (DOMODEDOVO),VISTAJET LUFTFAHRTUNTERNEHMEN,D,C, 0 , 1 , 0 , 0 , 0 , 0 , 0 , 0 , 0 , 0 , 0 , 0 , 0 
24-Mar-2010 14:25,201001,LUTON,RUSSIA,MOSCOW (VNUKOVO),AIR LAZUR,A,C, 0 , 1 , 0 , 0 , 0 , 0 , 0 , 0 , 0 , 0 , 0 , 0 , 0 
24-Mar-2010 14:25,201001,LUTON,RUSSIA,MOSCOW (VNUKOVO),AMIRA AIR GMBH,A,C, 0 , 1 , 0 , 0 , 0 , 0 , 0 , 0 , 0 , 0 , 0 , 0 , 0 
24-Mar-2010 14:25,201001,LUTON,RUSSIA,MOSCOW (VNUKOVO),EAGLE AIR SERVICES,A,C, 0 , 1 , 0 , 0 , 0 , 0 , 0 , 0 , 0 , 0 , 0 , 0 , 0 
24-Mar-2010 14:25,201001,LUTON,RUSSIA,MOSCOW (VNUKOVO),EXECUJET CHARTER AG,D,C, 0 , 1 , 0 , 0 , 0 , 0 , 0 , 0 , 0 , 0 , 0 , 0 , 0 
24-Mar-2010 14:25,201001,LUTON,RUSSIA,MOSCOW (VNUKOVO),EXECUJET SCANDINAVIA,A,C, 0 , 3 , 0 , 0 , 0 , 0 , 0 , 0 , 0 , 0 , 0 , 0 , 0 
24-Mar-2010 14:25,201001,LUTON,RUSSIA,MOSCOW (VNUKOVO),EXECUJET SCANDINAVIA,D,C, 0 , 2 , 0 , 0 , 0 , 0 , 0 , 0 , 0 , 0 , 0 , 0 , 0 
24-Mar-2010 14:25,201001,LUTON,RUSSIA,MOSCOW (VNUKOVO),JETALLIANCE FLUGBETTRIEBS,A,C, 0 , 1 , 0 , 0 , 0 , 0 , 0 , 0 , 0 , 0 , 0 , 0 , 0 
24-Mar-2010 14:25,201001,LUTON,RUSSIA,MOSCOW (VNUKOVO),VISTAJET LUFTFAHRTUNTERNEHMEN,A,C, 0 , 1 , 0 , 0 , 0 , 0 , 0 , 0 , 0 , 0 , 0 , 0 , 0 
24-Mar-2010 14:25,201001,LUTON,RUSSIA,MOSCOW (VNUKOVO),VISTAJET LUFTFAHRTUNTERNEHMEN,D,C, 0 , 1 , 0 , 0 , 0 , 0 , 0 , 0 , 0 , 0 , 0 , 0 , 0 
24-Mar-2010 14:25,201001,LUTON,RUSSIA,ST PETERSBURG,JETALLIANCE FLUGBETTRIEBS,D,C, 0 , 1 , 0 , 0 , 0 , 0 , 0 , 0 , 0 , 0 , 0 , 0 , 0 
24-Mar-2010 14:25,201001,LUTON,SAUDI ARABIA,RIYADH,AIR ALSIE,D,C, 0 , 1 , 0 , 0 , 0 , 0 , 0 , 0 , 0 , 0 , 0 , 0 , 0 
24-Mar-2010 14:25,201001,LUTON,SLOVAK REPUBLIC,BRATISLAVA,SKY EUROPE,A,S, 0 , 0 , 0 , 0 , 0 , 0 , 0 , 0 , 0 , 0 , 46 , 67.3913043478261 , 22.2391304347826 
24-Mar-2010 14:25,201001,LUTON,SLOVAK REPUBLIC,BRATISLAVA,SKY EUROPE,D,S, 0 , 0 , 0 , 0 , 0 , 0 , 0 , 0 , 0 , 0 , 46 , 43.4782608695652 , 36.8695652173913 
24-Mar-2010 14:25,201001,LUTON,SLOVAK REPUBLIC,KOSICE,SKY EUROPE,A,S, 0 , 0 , 0 , 0 , 0 , 0 , 0 , 0 , 0 , 0 , 19 , 63.1578947368421 , 34.2105263157895 
24-Mar-2010 14:25,201001,LUTON,SLOVAK REPUBLIC,KOSICE,SKY EUROPE,D,S, 0 , 0 , 0 , 0 , 0 , 0 , 0 , 0 , 0 , 0 , 19 , 42.1052631578947 , 51.6315789473684 
24-Mar-2010 14:25,201001,LUTON,SLOVAK REPUBLIC,TATRY-POPRAD,SKY EUROPE,A,S, 0 , 0 , 0 , 0 , 0 , 0 , 0 , 0 , 0 , 0 , 12 , 66.6666666666667 , 28.8333333333333 
24-Mar-2010 14:25,201001,LUTON,SLOVAK REPUBLIC,TATRY-POPRAD,SKY EUROPE,D,S, 0 , 0 , 0 , 0 , 0 , 0 , 0 , 0 , 0 , 0 , 12 , 33.3333333333333 , 32.5 
24-Mar-2010 14:25,201001,LUTON,SPAIN,ALICANTE,EASYJET AIRLINE COMPANY LTD,A,S, 15 , 0 , 46.6666666666667 , 20 , 13.3333333333333 , 20 , 0 , 0 , 30.4666666666667 , 0 , 23 , 91.304347826087 , 3.47826086956522 
24-Mar-2010 14:25,201001,LUTON,SPAIN,ALICANTE,EASYJET AIRLINE COMPANY LTD,D,S, 15 , 0 , 46.6666666666667 , 13.3333333333333 , 20 , 20 , 0 , 0 , 37.8666666666667 , 0 , 23 , 95.6521739130435 , 6.43478260869565 
24-Mar-2010 14:25,201001,LUTON,SPAIN,ALICANTE,MONARCH AIRLINES,A,S, 0 , 0 , 0 , 0 , 0 , 0 , 0 , 0 , 0 , 0 , 17 , 94.1176470588235 , 6.58823529411765 
24-Mar-2010 14:25,201001,LUTON,SPAIN,ALICANTE,MONARCH AIRLINES,D,S, 0 , 0 , 0 , 0 , 0 , 0 , 0 , 0 , 0 , 0 , 17 , 82.3529411764706 , 7.88235294117647 
24-Mar-2010 14:25,201001,LUTON,SPAIN,BARCELONA,EASYJET AIRLINE COMPANY LTD,A,S, 35 , 0 , 51.4285714285714 , 20 , 17.1428571428571 , 11.4285714285714 , 0 , 0 , 27.2857142857143 , 1 , 35 , 74.2857142857143 , 9.05714285714286 
24-Mar-2010 14:25,201001,LUTON,SPAIN,BARCELONA,EASYJET AIRLINE COMPANY LTD,D,S, 37 , 0 , 54.054054054054 , 24.3243243243243 , 13.5135135135135 , 8.10810810810811 , 0 , 0 , 23.5675675675676 , 0 , 35 , 80 , 8.57142857142857 
24-Mar-2010 14:25,201001,LUTON,SPAIN,GERONA,RYANAIR,A,S, 18 , 0 , 66.6666666666667 , 16.6666666666667 , 11.1111111111111 , 5.55555555555556 , 0 , 0 , 14.7222222222222 , 0 , 31 , 93.5483870967742 , 7.25806451612903 
24-Mar-2010 14:25,201001,LUTON,SPAIN,GERONA,RYANAIR,D,S, 18 , 0 , 77.7777777777778 , 11.1111111111111 , 0 , 5.55555555555556 , 5.55555555555556 , 0 , 18.8333333333333 , 0 , 31 , 80.6451612903226 , 10.5483870967742 
24-Mar-2010 14:25,201001,LUTON,SPAIN,MADRID,BRITISH AIRWAYS PLC,A,S, 0 , 1 , 0 , 0 , 0 , 0 , 0 , 0 , 0 , 0 , 0 , 0 , 0 
24-Mar-2010 14:25,201001,LUTON,SPAIN,MADRID,EASYJET AIRLINE COMPANY LTD,A,S, 70 , 0 , 62.8571428571429 , 12.8571428571429 , 10 , 8.57142857142857 , 5.71428571428571 , 0 , 32.0142857142857 , 3 , 59 , 71.1864406779661 , 22.3050847457627 
24-Mar-2010 14:25,201001,LUTON,SPAIN,MADRID,EASYJET AIRLINE COMPANY LTD,D,S, 70 , 0 , 65.7142857142857 , 15.7142857142857 , 8.57142857142857 , 5.71428571428571 , 4.28571428571429 , 0 , 24.5571428571429 , 1 , 58 , 79.3103448275862 , 11.8620689655172 
24-Mar-2010 14:25,201001,LUTON,SPAIN,MAHON,MONARCH AIRLINES,A,S, 4 , 0 , 75 , 25 , 0 , 0 , 0 , 0 , 9.5 , 0 , 5 , 80 , 3.8 
24-Mar-2010 14:25,201001,LUTON,SPAIN,MAHON,MONARCH AIRLINES,D,S, 4 , 0 , 50 , 25 , 25 , 0 , 0 , 0 , 21 , 0 , 5 , 60 , 17 
24-Mar-2010 14:25,201001,LUTON,SPAIN,MALAGA,EASYJET AIRLINE COMPANY LTD,A,S, 20 , 0 , 85 , 0 , 5 , 5 , 5 , 0 , 20.6 , 2 , 24 , 62.5 , 17.2083333333333 
24-Mar-2010 14:25,201001,LUTON,SPAIN,MALAGA,EASYJET AIRLINE COMPANY LTD,D,S, 22 , 0 , 72.7272727272727 , 13.6363636363636 , 9.09090909090909 , 0 , 4.54545454545455 , 0 , 24.2727272727273 , 0 , 25 , 72 , 14.04 
24-Mar-2010 14:25,201001,LUTON,SPAIN,MALAGA,MONARCH AIRLINES,A,S, 12 , 1 , 75 , 0 , 16.6666666666667 , 0 , 8.33333333333333 , 0 , 29.4166666666667 , 1 , 22 , 81.8181818181818 , 23.7727272727273 
24-Mar-2010 14:25,201001,LUTON,SPAIN,MALAGA,MONARCH AIRLINES,D,S, 13 , 0 , 84.6153846153846 , 7.69230769230769 , 0 , 0 , 0 , 7.69230769230769 , 59.8461538461538 , 0 , 21 , 80.9523809523809 , 6.19047619047619 
24-Mar-2010 14:25,201001,LUTON,SPAIN,MALAGA,THOMSON AIRWAYS LTD,A,C, 1 , 0 , 0 , 100 , 0 , 0 , 0 , 0 , 25 , 0 , 0 , 0 , 0 
24-Mar-2010 14:25,201001,LUTON,SPAIN,MURCIA SAN JAVIER,RYANAIR,A,S, 18 , 0 , 66.6666666666667 , 22.2222222222222 , 0 , 0 , 11.1111111111111 , 0 , 27.7222222222222 , 0 , 31 , 87.0967741935484 , 6.74193548387097 
24-Mar-2010 14:25,201001,LUTON,SPAIN,MURCIA SAN JAVIER,RYANAIR,D,S, 18 , 0 , 77.7777777777778 , 5.55555555555556 , 5.55555555555556 , 5.55555555555556 , 5.55555555555556 , 0 , 25.2222222222222 , 0 , 31 , 77.4193548387097 , 10.4193548387097 
24-Mar-2010 14:25,201001,LUTON,SPAIN,PALMA DE MALLORCA,EASYJET AIRLINE COMPANY LTD,A,S, 0 , 0 , 0 , 0 , 0 , 0 , 0 , 0 , 0 , 0 , 22 , 77.2727272727273 , 20.0909090909091 
24-Mar-2010 14:25,201001,LUTON,SPAIN,PALMA DE MALLORCA,EASYJET AIRLINE COMPANY LTD,D,S, 0 , 0 , 0 , 0 , 0 , 0 , 0 , 0 , 0 , 0 , 22 , 45.4545454545455 , 29.5 
24-Mar-2010 14:25,201001,LUTON,SPAIN,REUS,RYANAIR,A,S, 0 , 0 , 0 , 0 , 0 , 0 , 0 , 0 , 0 , 0 , 17 , 82.3529411764706 , 6.58823529411765 
24-Mar-2010 14:25,201001,LUTON,SPAIN,REUS,RYANAIR,D,S, 0 , 0 , 0 , 0 , 0 , 0 , 0 , 0 , 0 , 0 , 17 , 88.2352941176471 , 6.47058823529412 
24-Mar-2010 14:25,201001,LUTON,SPAIN(CANARY ISLANDS),ARRECIFE,MONARCH AIRLINES,A,S, 7 , 0 , 57.1428571428571 , 14.2857142857143 , 14.2857142857143 , 0 , 0 , 14.2857142857143 , 131.571428571429 , 0 , 12 , 58.3333333333333 , 16.0833333333333 
24-Mar-2010 14:25,201001,LUTON,SPAIN(CANARY ISLANDS),ARRECIFE,MONARCH AIRLINES,D,S, 7 , 0 , 71.4285714285714 , 14.2857142857143 , 0 , 14.2857142857143 , 0 , 0 , 14.4285714285714 , 1 , 12 , 91.6666666666667 , 9.16666666666667 
24-Mar-2010 14:25,201001,LUTON,SPAIN(CANARY ISLANDS),ARRECIFE,RYANAIR,A,S, 9 , 0 , 44.4444444444444 , 44.4444444444444 , 11.1111111111111 , 0 , 0 , 0 , 14.6666666666667 , 0 , 0 , 0 , 0 
24-Mar-2010 14:25,201001,LUTON,SPAIN(CANARY ISLANDS),ARRECIFE,RYANAIR,D,S, 9 , 0 , 88.8888888888889 , 11.1111111111111 , 0 , 0 , 0 , 0 , 8.55555555555556 , 0 , 0 , 0 , 0 
24-Mar-2010 14:25,201001,LUTON,SPAIN(CANARY ISLANDS),ARRECIFE,THOMSON AIRWAYS LTD,A,C, 5 , 0 , 60 , 0 , 20 , 20 , 0 , 0 , 31.2 , 0 , 4 , 75 , 6.5 
24-Mar-2010 14:25,201001,LUTON,SPAIN(CANARY ISLANDS),ARRECIFE,THOMSON AIRWAYS LTD,D,C, 5 , 0 , 60 , 20 , 0 , 20 , 0 , 0 , 29.6 , 0 , 4 , 50 , 17 
24-Mar-2010 14:25,201001,LUTON,SPAIN(CANARY ISLANDS),FUERTEVENTURA,MONARCH AIRLINES,A,S, 1 , 0 , 0 , 0 , 0 , 100 , 0 , 0 , 144 , 0 , 0 , 0 , 0 
24-Mar-2010 14:25,201001,LUTON,SPAIN(CANARY ISLANDS),FUERTEVENTURA,MONARCH AIRLINES,D,S, 1 , 1 , 0 , 0 , 0 , 100 , 0 , 0 , 179 , 0 , 0 , 0 , 0 
24-Mar-2010 14:25,201001,LUTON,SPAIN(CANARY ISLANDS),FUERTEVENTURA,THOMAS COOK AIRLINES LTD,A,C, 0 , 1 , 0 , 0 , 0 , 0 , 0 , 0 , 0 , 0 , 0 , 0 , 0 
24-Mar-2010 14:25,201001,LUTON,SPAIN(CANARY ISLANDS),FUERTEVENTURA,THOMSON AIRWAYS LTD,A,C, 1 , 0 , 0 , 0 , 0 , 0 , 100 , 0 , 359 , 0 , 0 , 0 , 0 
24-Mar-2010 14:25,201001,LUTON,SPAIN(CANARY ISLANDS),LAS PALMAS,RYANAIR,A,S, 9 , 0 , 66.6666666666667 , 11.1111111111111 , 0 , 22.2222222222222 , 0 , 0 , 29.1111111111111 , 0 , 0 , 0 , 0 
24-Mar-2010 14:25,201001,LUTON,SPAIN(CANARY ISLANDS),LAS PALMAS,RYANAIR,D,S, 9 , 0 , 77.7777777777778 , 0 , 0 , 22.2222222222222 , 0 , 0 , 29.6666666666667 , 0 , 0 , 0 , 0 
24-Mar-2010 14:25,201001,LUTON,SPAIN(CANARY ISLANDS),LAS PALMAS,THOMSON AIRWAYS LTD,A,C, 4 , 0 , 75 , 0 , 25 , 0 , 0 , 0 , 11 , 0 , 5 , 80 , 5.6 
24-Mar-2010 14:25,201001,LUTON,SPAIN(CANARY ISLANDS),LAS PALMAS,THOMSON AIRWAYS LTD,D,C, 4 , 0 , 100 , 0 , 0 , 0 , 0 , 0 , 4 , 0 , 5 , 100 , 3 
24-Mar-2010 14:25,201001,LUTON,SPAIN(CANARY ISLANDS),SANTA CRUZ DE LA PALMA,THOMSON AIRWAYS LTD,D,C, 1 , 0 , 100 , 0 , 0 , 0 , 0 , 0 , 7 , 0 , 0 , 0 , 0 
24-Mar-2010 14:25,201001,LUTON,SPAIN(CANARY ISLANDS),TENERIFE (SURREINA SOFIA),MONARCH AIRLINES,A,S, 22 , 0 , 54.5454545454545 , 22.7272727272727 , 4.54545454545455 , 9.09090909090909 , 4.54545454545455 , 4.54545454545455 , 72 , 2 , 27 , 77.7777777777778 , 10.8888888888889 
24-Mar-2010 14:25,201001,LUTON,SPAIN(CANARY ISLANDS),TENERIFE (SURREINA SOFIA),MONARCH AIRLINES,D,S, 23 , 0 , 52.1739130434783 , 13.0434782608696 , 17.3913043478261 , 8.69565217391304 , 8.69565217391304 , 0 , 45.0869565217391 , 1 , 27 , 88.8888888888889 , 5.44444444444444 
24-Mar-2010 14:25,201001,LUTON,SPAIN(CANARY ISLANDS),TENERIFE (SURREINA SOFIA),RYANAIR,A,S, 8 , 0 , 100 , 0 , 0 , 0 , 0 , 0 , 0 , 1 , 0 , 0 , 0 
24-Mar-2010 14:25,201001,LUTON,SPAIN(CANARY ISLANDS),TENERIFE (SURREINA SOFIA),RYANAIR,D,S, 9 , 0 , 77.7777777777778 , 0 , 11.1111111111111 , 11.1111111111111 , 0 , 0 , 20.5555555555556 , 0 , 0 , 0 , 0 
24-Mar-2010 14:25,201001,LUTON,SPAIN(CANARY ISLANDS),TENERIFE (SURREINA SOFIA),THOMSON AIRWAYS LTD,A,C, 9 , 1 , 44.4444444444444 , 11.1111111111111 , 22.2222222222222 , 22.2222222222222 , 0 , 0 , 33.7777777777778 , 0 , 10 , 100 , 1.6 
24-Mar-2010 14:25,201001,LUTON,SPAIN(CANARY ISLANDS),TENERIFE (SURREINA SOFIA),THOMSON AIRWAYS LTD,D,C, 8 , 0 , 50 , 25 , 12.5 , 12.5 , 0 , 0 , 28 , 0 , 9 , 77.7777777777778 , 9 
24-Mar-2010 14:25,201001,LUTON,SWEDEN,STOCKHOLM (ARLANDA),BRITISH AIRWAYS PLC,A,S, 0 , 1 , 0 , 0 , 0 , 0 , 0 , 0 , 0 , 0 , 0 , 0 , 0 
24-Mar-2010 14:25,201001,LUTON,SWITZERLAND,BASLE MULHOUSE,COMLUX AVIATION AG,D,C, 0 , 1 , 0 , 0 , 0 , 0 , 0 , 0 , 0 , 0 , 0 , 0 , 0 
24-Mar-2010 14:25,201001,LUTON,SWITZERLAND,GENEVA,EASYJET AIRLINE COMPANY LTD,A,S, 155 , 0 , 59.3548387096774 , 7.74193548387097 , 11.6129032258065 , 18.0645161290323 , 3.2258064516129 , 0 , 35.1354838709677 , 3 , 156 , 69.2307692307692 , 22.2051282051282 
24-Mar-2010 14:25,201001,LUTON,SWITZERLAND,GENEVA,EASYJET AIRLINE COMPANY LTD,D,S, 157 , 0 , 62.4203821656051 , 14.6496815286624 , 11.4649681528662 , 9.55414012738853 , 1.91082802547771 , 0 , 24.0191082802548 , 2 , 158 , 75.3164556962025 , 14.6518987341772 
24-Mar-2010 14:25,201001,LUTON,SWITZERLAND,GENEVA,EASYJET SWITZERLAND,A,S, 0 , 1 , 0 , 0 , 0 , 0 , 0 , 0 , 0 , 0 , 0 , 0 , 0 
24-Mar-2010 14:25,201001,LUTON,SWITZERLAND,GENEVA,EXECUJET CHARTER AG,D,C, 0 , 1 , 0 , 0 , 0 , 0 , 0 , 0 , 0 , 0 , 0 , 0 , 0 
24-Mar-2010 14:25,201001,LUTON,SWITZERLAND,GENEVA,EXECUJET SCANDINAVIA,D,C, 0 , 1 , 0 , 0 , 0 , 0 , 0 , 0 , 0 , 0 , 0 , 0 , 0 
24-Mar-2010 14:25,201001,LUTON,SWITZERLAND,GENEVA,GAMA AVIATION,A,C, 0 , 1 , 0 , 0 , 0 , 0 , 0 , 0 , 0 , 0 , 0 , 0 , 0 
24-Mar-2010 14:25,201001,LUTON,SWITZERLAND,GENEVA,TAG AVIATION (UK) LTD,D,C, 0 , 1 , 0 , 0 , 0 , 0 , 0 , 0 , 0 , 0 , 0 , 0 , 0 
24-Mar-2010 14:25,201001,LUTON,SWITZERLAND,GENEVA,TAG AVIATION SA,A,C, 0 , 2 , 0 , 0 , 0 , 0 , 0 , 0 , 0 , 0 , 0 , 0 , 0 
24-Mar-2010 14:25,201001,LUTON,SWITZERLAND,SAMEDAN/ST MORITZ,CAT AVIATION,A,C, 0 , 1 , 0 , 0 , 0 , 0 , 0 , 0 , 0 , 0 , 0 , 0 , 0 
24-Mar-2010 14:25,201001,LUTON,SWITZERLAND,SAMEDAN/ST MORITZ,VIBRO AIR FLUGSERVICE,D,C, 0 , 1 , 0 , 0 , 0 , 0 , 0 , 0 , 0 , 0 , 0 , 0 , 0 
24-Mar-2010 14:25,201001,LUTON,SWITZERLAND,ZURICH,CAT AVIATION,A,C, 0 , 1 , 0 , 0 , 0 , 0 , 0 , 0 , 0 , 0 , 0 , 0 , 0 
24-Mar-2010 14:25,201001,LUTON,SWITZERLAND,ZURICH,COMLUX AVIATION AG,A,C, 0 , 1 , 0 , 0 , 0 , 0 , 0 , 0 , 0 , 0 , 0 , 0 , 0 
24-Mar-2010 14:25,201001,LUTON,SWITZERLAND,ZURICH,EASYJET AIRLINE COMPANY LTD,A,S, 49 , 0 , 59.1836734693878 , 14.2857142857143 , 14.2857142857143 , 12.2448979591837 , 0 , 0 , 22.5918367346939 , 0 , 31 , 83.8709677419355 , 9.32258064516129 
24-Mar-2010 14:25,201001,LUTON,SWITZERLAND,ZURICH,EASYJET AIRLINE COMPANY LTD,D,S, 49 , 0 , 63.265306122449 , 18.3673469387755 , 14.2857142857143 , 4.08163265306122 , 0 , 0 , 17.6122448979592 , 0 , 31 , 77.4193548387097 , 10.1290322580645 
24-Mar-2010 14:25,201001,LUTON,SWITZERLAND,ZURICH,VISTAJET LUFTFAHRTUNTERNEHMEN,A,C, 0 , 1 , 0 , 0 , 0 , 0 , 0 , 0 , 0 , 0 , 0 , 0 , 0 
24-Mar-2010 14:25,201001,LUTON,TURKEY,ANKARA (ESENBOGA),MAP EXECUTIVE FLIGHTSERVICE,A,C, 0 , 1 , 0 , 0 , 0 , 0 , 0 , 0 , 0 , 0 , 0 , 0 , 0 
24-Mar-2010 14:25,201001,LUTON,TURKEY,ANKARA (ESENBOGA),MAP EXECUTIVE FLIGHTSERVICE,D,C, 0 , 1 , 0 , 0 , 0 , 0 , 0 , 0 , 0 , 0 , 0 , 0 , 0 
24-Mar-2010 14:25,201001,LUTON,TURKEY,ISTANBUL (SABIHA GOKCEN),EASYJET AIRLINE COMPANY LTD,A,S, 6 , 0 , 16.6666666666667 , 66.6666666666667 , 0 , 16.6666666666667 , 0 , 0 , 25 , 0 , 31 , 83.8709677419355 , 7.64516129032258 
24-Mar-2010 14:25,201001,LUTON,TURKEY,ISTANBUL (SABIHA GOKCEN),EASYJET AIRLINE COMPANY LTD,D,S, 6 , 0 , 50 , 33.3333333333333 , 0 , 16.6666666666667 , 0 , 0 , 20.5 , 0 , 31 , 67.741935483871 , 12.6774193548387 
24-Mar-2010 14:25,201001,LUTON,TURKEY,IZMIR (ADNAM MENDERES),JETALLIANCE FLUGBETTRIEBS,A,C, 0 , 1 , 0 , 0 , 0 , 0 , 0 , 0 , 0 , 0 , 0 , 0 , 0 
24-Mar-2010 14:25,201001,LUTON,TURKEY,IZMIR (ADNAM MENDERES),JETALLIANCE FLUGBETTRIEBS,D,C, 0 , 1 , 0 , 0 , 0 , 0 , 0 , 0 , 0 , 0 , 0 , 0 , 0 
24-Mar-2010 14:25,201001,LUTON,UGANDA,ENTEBBE,SERVIZI AEREI,A,C, 0 , 1 , 0 , 0 , 0 , 0 , 0 , 0 , 0 , 0 , 0 , 0 , 0 
24-Mar-2010 14:25,201001,LUTON,UKRAINE,KIEV (BORISPOL),INTERNATIONAL JET MANAGEMENT,D,C, 0 , 1 , 0 , 0 , 0 , 0 , 0 , 0 , 0 , 0 , 0 , 0 , 0 
24-Mar-2010 14:25,201001,LUTON,UKRAINE,KIEV (BORISPOL),JETALLIANCE FLUGBETTRIEBS,A,C, 0 , 1 , 0 , 0 , 0 , 0 , 0 , 0 , 0 , 0 , 0 , 0 , 0 
24-Mar-2010 14:25,201001,LUTON,UKRAINE,KIEV (BORISPOL),WIZZ AIR UKRAINE,A,S, 13 , 0 , 38.4615384615385 , 0 , 15.3846153846154 , 38.4615384615385 , 0 , 7.69230769230769 , 78.4615384615385 , 0 , 17 , 17.6470588235294 , 32.7647058823529 
24-Mar-2010 14:25,201001,LUTON,UKRAINE,KIEV (BORISPOL),WIZZ AIR UKRAINE,D,S, 13 , 0 , 38.4615384615385 , 7.69230769230769 , 7.69230769230769 , 38.4615384615385 , 7.69230769230769 , 0 , 69.7692307692308 , 0 , 17 , 47.0588235294118 , 23.0588235294118 
24-Mar-2010 14:25,201001,LUTON,UKRAINE,LVOV,WIZZ AIR,A,S, 0 , 0 , 0 , 0 , 0 , 0 , 0 , 0 , 0 , 0 , 12 , 75 , 12.8333333333333 
24-Mar-2010 14:25,201001,LUTON,UKRAINE,LVOV,WIZZ AIR,D,S, 0 , 0 , 0 , 0 , 0 , 0 , 0 , 0 , 0 , 0 , 12 , 58.3333333333333 , 16.75 
24-Mar-2010 14:25,201001,LUTON,UNITED ARAB EMIRATES,ABU DHABI INTERNATIONAL,EXECUTIVE JET CHARTER LTD,A,C, 0 , 1 , 0 , 0 , 0 , 0 , 0 , 0 , 0 , 0 , 0 , 0 , 0 
24-Mar-2010 14:25,201001,LUTON,UNITED ARAB EMIRATES,DUBAI,TWINJET AIRCRAFT,A,C, 0 , 1 , 0 , 0 , 0 , 0 , 0 , 0 , 0 , 0 , 0 , 0 , 0 
24-Mar-2010 14:25,201001,LUTON,UNITED ARAB EMIRATES,DUBAI,TWINJET AIRCRAFT,D,C, 0 , 1 , 0 , 0 , 0 , 0 , 0 , 0 , 0 , 0 , 0 , 0 , 0 
24-Mar-2010 14:25,201001,LUTON,UNITED KINGDOM,ABERDEEN,EASYJET AIRLINE COMPANY LTD,A,S, 28 , 0 , 50 , 17.8571428571429 , 21.4285714285714 , 10.7142857142857 , 0 , 0 , 27.0714285714286 , 2 , 34 , 85.2941176470588 , 7 
24-Mar-2010 14:25,201001,LUTON,UNITED KINGDOM,ABERDEEN,EASYJET AIRLINE COMPANY LTD,D,S, 29 , 0 , 48.2758620689655 , 20.6896551724138 , 13.7931034482759 , 17.2413793103448 , 0 , 0 , 26.3448275862069 , 1 , 34 , 79.4117647058824 , 9.47058823529412 
24-Mar-2010 14:25,201001,LUTON,UNITED KINGDOM,ABERDEEN,TWINJET AIRCRAFT,A,C, 0 , 1 , 0 , 0 , 0 , 0 , 0 , 0 , 0 , 0 , 0 , 0 , 0 
24-Mar-2010 14:25,201001,LUTON,UNITED KINGDOM,BELFAST CITY (GEORGE BEST),EASYJET AIRLINE COMPANY LTD,A,S, 48 , 0 , 75 , 6.25 , 12.5 , 4.16666666666667 , 2.08333333333333 , 0 , 16.0625 , 1 , 0 , 0 , 0 
24-Mar-2010 14:25,201001,LUTON,UNITED KINGDOM,BELFAST CITY (GEORGE BEST),EASYJET AIRLINE COMPANY LTD,D,S, 49 , 0 , 73.469387755102 , 16.3265306122449 , 8.16326530612245 , 2.04081632653061 , 0 , 0 , 12.8571428571429 , 1 , 0 , 0 , 0 
24-Mar-2010 14:25,201001,LUTON,UNITED KINGDOM,BELFAST INTERNATIONAL,EASYJET AIRLINE COMPANY LTD,A,S, 17 , 2 , 64.7058823529412 , 11.7647058823529 , 11.7647058823529 , 11.7647058823529 , 0 , 0 , 26.2941176470588 , 0 , 108 , 86.1111111111111 , 7.86111111111111 
24-Mar-2010 14:25,201001,LUTON,UNITED KINGDOM,BELFAST INTERNATIONAL,EASYJET AIRLINE COMPANY LTD,D,S, 16 , 0 , 37.5 , 25 , 18.75 , 18.75 , 0 , 0 , 32.1875 , 2 , 107 , 83.1775700934579 , 9.64485981308411 
24-Mar-2010 14:25,201001,LUTON,UNITED KINGDOM,BLACKPOOL,EASTERN AIRWAYS,D,C, 0 , 1 , 0 , 0 , 0 , 0 , 0 , 0 , 0 , 0 , 0 , 0 , 0 
24-Mar-2010 14:25,201001,LUTON,UNITED KINGDOM,CARDIFF WALES,BMI REGIONAL,A,C, 0 , 0 , 0 , 0 , 0 , 0 , 0 , 0 , 0 , 0 , 1 , 0 , 38 
24-Mar-2010 14:25,201001,LUTON,UNITED KINGDOM,CARDIFF WALES,BMI REGIONAL,D,C, 0 , 0 , 0 , 0 , 0 , 0 , 0 , 0 , 0 , 0 , 1 , 0 , 16 
24-Mar-2010 14:25,201001,LUTON,UNITED KINGDOM,CITY OF DERRY (EGLINTON),RYANAIR,A,S, 17 , 0 , 76.4705882352941 , 5.88235294117647 , 5.88235294117647 , 5.88235294117647 , 5.88235294117647 , 0 , 22 , 0 , 13 , 100 , 0 
24-Mar-2010 14:25,201001,LUTON,UNITED KINGDOM,CITY OF DERRY (EGLINTON),RYANAIR,D,S, 17 , 0 , 94.1176470588235 , 5.88235294117647 , 0 , 0 , 0 , 0 , 4.82352941176471 , 0 , 14 , 92.8571428571429 , 8.21428571428571 
24-Mar-2010 14:25,201001,LUTON,UNITED KINGDOM,EDINBURGH,EASYJET AIRLINE COMPANY LTD,A,S, 86 , 0 , 77.9069767441861 , 8.13953488372093 , 3.48837209302326 , 10.4651162790698 , 0 , 0 , 15.1395348837209 , 2 , 107 , 93.4579439252337 , 7.05607476635514 
24-Mar-2010 14:25,201001,LUTON,UNITED KINGDOM,EDINBURGH,EASYJET AIRLINE COMPANY LTD,D,S, 86 , 0 , 69.7674418604651 , 11.6279069767442 , 6.97674418604651 , 11.6279069767442 , 0 , 0 , 19.6627906976744 , 1 , 107 , 89.7196261682243 , 5.69158878504673 
24-Mar-2010 14:25,201001,LUTON,UNITED KINGDOM,EDINBURGH,GAINJET AVIATION,A,C, 0 , 1 , 0 , 0 , 0 , 0 , 0 , 0 , 0 , 0 , 0 , 0 , 0 
24-Mar-2010 14:25,201001,LUTON,UNITED KINGDOM,EDINBURGH,GAINJET AVIATION,D,C, 0 , 1 , 0 , 0 , 0 , 0 , 0 , 0 , 0 , 0 , 0 , 0 , 0 
24-Mar-2010 14:25,201001,LUTON,UNITED KINGDOM,EDINBURGH,MONARCH AIRLINES,A,C, 1 , 0 , 0 , 0 , 0 , 100 , 0 , 0 , 99 , 0 , 0 , 0 , 0 
24-Mar-2010 14:25,201001,LUTON,UNITED KINGDOM,GLASGOW,EASYJET AIRLINE COMPANY LTD,A,S, 99 , 0 , 82.8282828282828 , 5.05050505050505 , 4.04040404040404 , 8.08080808080808 , 0 , 0 , 11.6060606060606 , 0 , 123 , 95.9349593495935 , 1.47154471544715 
24-Mar-2010 14:25,201001,LUTON,UNITED KINGDOM,GLASGOW,EASYJET AIRLINE COMPANY LTD,D,S, 99 , 0 , 79.7979797979798 , 1.01010101010101 , 8.08080808080808 , 11.1111111111111 , 0 , 0 , 15.9191919191919 , 1 , 123 , 93.4959349593496 , 4.20325203252033 
24-Mar-2010 14:25,201001,LUTON,UNITED KINGDOM,GLASGOW,METROPIX UK LLP,A,C, 0 , 1 , 0 , 0 , 0 , 0 , 0 , 0 , 0 , 0 , 0 , 0 , 0 
24-Mar-2010 14:25,201001,LUTON,UNITED KINGDOM,HUMBERSIDE,BMI REGIONAL,A,C, 0 , 0 , 0 , 0 , 0 , 0 , 0 , 0 , 0 , 0 , 1 , 0 , 31 
24-Mar-2010 14:25,201001,LUTON,UNITED KINGDOM,HUMBERSIDE,BMI REGIONAL,D,C, 0 , 0 , 0 , 0 , 0 , 0 , 0 , 0 , 0 , 0 , 1 , 0 , 19 
24-Mar-2010 14:25,201001,LUTON,UNITED KINGDOM,INVERNESS,EASYJET AIRLINE COMPANY LTD,A,S, 27 , 0 , 59.2592592592593 , 3.7037037037037 , 29.6296296296296 , 7.40740740740741 , 0 , 0 , 20.7407407407407 , 4 , 16 , 75 , 20.8125 
24-Mar-2010 14:25,201001,LUTON,UNITED KINGDOM,INVERNESS,EASYJET AIRLINE COMPANY LTD,D,S, 29 , 0 , 51.7241379310345 , 17.2413793103448 , 17.2413793103448 , 13.7931034482759 , 0 , 0 , 25.6551724137931 , 2 , 17 , 64.7058823529412 , 24.0588235294118 
24-Mar-2010 14:25,201001,LUTON,UNITED KINGDOM,ISLE OF MAN,FLYBE LTD,A,S, 24 , 0 , 87.5 , 4.16666666666667 , 4.16666666666667 , 4.16666666666667 , 0 , 0 , 10.4166666666667 , 0 , 19 , 94.7368421052632 , 4.73684210526316 
24-Mar-2010 14:25,201001,LUTON,UNITED KINGDOM,ISLE OF MAN,FLYBE LTD,D,S, 24 , 0 , 79.1666666666667 , 16.6666666666667 , 0 , 0 , 4.16666666666667 , 0 , 12.4166666666667 , 0 , 19 , 94.7368421052632 , 7.47368421052632 
24-Mar-2010 14:25,201001,LUTON,UNITED KINGDOM,JERSEY,EASYJET AIRLINE COMPANY LTD,A,S, 0 , 0 , 0 , 0 , 0 , 0 , 0 , 0 , 0 , 0 , 3 , 100 , 1.66666666666667 
24-Mar-2010 14:25,201001,LUTON,UNITED KINGDOM,JERSEY,EASYJET AIRLINE COMPANY LTD,D,S, 0 , 0 , 0 , 0 , 0 , 0 , 0 , 0 , 0 , 0 , 3 , 100 , 2.66666666666667 
24-Mar-2010 14:25,201001,LUTON,UNITED KINGDOM,JERSEY,FLYBE LTD,A,S, 2 , 0 , 100 , 0 , 0 , 0 , 0 , 0 , 0.5 , 0 , 0 , 0 , 0 
24-Mar-2010 14:25,201001,LUTON,UNITED KINGDOM,JERSEY,FLYBE LTD,D,S, 2 , 0 , 50 , 50 , 0 , 0 , 0 , 0 , 10 , 0 , 0 , 0 , 0 
24-Mar-2010 14:25,201001,LUTON,UNITED KINGDOM,LIVERPOOL,BMI REGIONAL,D,C, 0 , 0 , 0 , 0 , 0 , 0 , 0 , 0 , 0 , 0 , 1 , 100 , 9 
24-Mar-2010 14:25,201001,LUTON,UNITED KINGDOM,LIVERPOOL,EASTERN AIRWAYS,D,C, 0 , 1 , 0 , 0 , 0 , 0 , 0 , 0 , 0 , 0 , 0 , 0 , 0 
24-Mar-2010 14:25,201001,LUTON,UNITED KINGDOM,MANCHESTER,BMI REGIONAL,A,C, 0 , 1 , 0 , 0 , 0 , 0 , 0 , 0 , 0 , 0 , 1 , 0 , 51 
24-Mar-2010 14:25,201001,LUTON,UNITED KINGDOM,MANCHESTER,BMI REGIONAL,D,C, 0 , 2 , 0 , 0 , 0 , 0 , 0 , 0 , 0 , 0 , 0 , 0 , 0 
24-Mar-2010 14:25,201001,LUTON,UNITED KINGDOM,NEWCASTLE,METROPIX UK LLP,A,C, 0 , 1 , 0 , 0 , 0 , 0 , 0 , 0 , 0 , 0 , 0 , 0 , 0 
24-Mar-2010 14:25,201001,LUTON,UNITED KINGDOM,NEWCASTLE,METROPIX UK LLP,D,C, 0 , 1 , 0 , 0 , 0 , 0 , 0 , 0 , 0 , 0 , 0 , 0 , 0 
24-Mar-2010 14:25,201001,LUTON,UNITED KINGDOM,NEWCASTLE,TWINJET AIRCRAFT,D,C, 0 , 1 , 0 , 0 , 0 , 0 , 0 , 0 , 0 , 0 , 0 , 0 , 0 
24-Mar-2010 14:25,201001,LUTON,UNITED KINGDOM,STANSTED,RYANAIR,D,S, 0 , 0 , 0 , 0 , 0 , 0 , 0 , 0 , 0 , 0 , 1 , 0 , 51 
24-Mar-2010 14:25,201001,LUTON,USA,BOSTON,AIR ALSIE,D,C, 0 , 1 , 0 , 0 , 0 , 0 , 0 , 0 , 0 , 0 , 0 , 0 , 0 
24-Mar-2010 14:25,201001,LUTON,USA,TETERBORO,AIR ALSIE,A,C, 0 , 1 , 0 , 0 , 0 , 0 , 0 , 0 , 0 , 0 , 0 , 0 , 0 
24-Mar-2010 14:25,201001,LUTON,USA,TETERBORO,EXECUJET SCANDINAVIA,D,C, 0 , 1 , 0 , 0 , 0 , 0 , 0 , 0 , 0 , 0 , 0 , 0 , 0 
24-Mar-2010 14:25,201001,MANCHESTER,ANTIGUA AND BARBUDA,ANTIGUA,BMI BRITISH MIDLAND,A,S, 0 , 0 , 0 , 0 , 0 , 0 , 0 , 0 , 0 , 0 , 5 , 40 , 38.6 
24-Mar-2010 14:25,201001,MANCHESTER,ANTIGUA AND BARBUDA,ANTIGUA,BMI BRITISH MIDLAND,D,S, 0 , 0 , 0 , 0 , 0 , 0 , 0 , 0 , 0 , 0 , 5 , 80 , 23.8 
24-Mar-2010 14:25,201001,MANCHESTER,AUSTRIA,INNSBRUCK,AUSTRIAN ARROWS,A,C, 0 , 0 , 0 , 0 , 0 , 0 , 0 , 0 , 0 , 0 , 5 , 100 , 4.4 
24-Mar-2010 14:25,201001,MANCHESTER,AUSTRIA,INNSBRUCK,AUSTRIAN ARROWS,D,C, 0 , 0 , 0 , 0 , 0 , 0 , 0 , 0 , 0 , 0 , 5 , 40 , 26.4 
24-Mar-2010 14:25,201001,MANCHESTER,AUSTRIA,INNSBRUCK,FLYBE LTD,A,C, 5 , 0 , 60 , 0 , 0 , 20 , 20 , 0 , 67.6 , 0 , 4 , 75 , 6.75 
24-Mar-2010 14:25,201001,MANCHESTER,AUSTRIA,INNSBRUCK,FLYBE LTD,D,C, 5 , 0 , 20 , 40 , 0 , 20 , 20 , 0 , 83.2 , 0 , 4 , 75 , 6 
24-Mar-2010 14:25,201001,MANCHESTER,AUSTRIA,INNSBRUCK,THOMAS COOK AIRLINES LTD,A,C, 5 , 0 , 20 , 20 , 0 , 40 , 20 , 0 , 104.4 , 0 , 5 , 60 , 42.6 
24-Mar-2010 14:25,201001,MANCHESTER,AUSTRIA,INNSBRUCK,THOMAS COOK AIRLINES LTD,D,C, 5 , 0 , 60 , 0 , 0 , 40 , 0 , 0 , 47.8 , 0 , 5 , 60 , 9.2 
24-Mar-2010 14:25,201001,MANCHESTER,AUSTRIA,INNSBRUCK,THOMSON AIRWAYS LTD,A,C, 10 , 0 , 40 , 20 , 10 , 20 , 10 , 0 , 44.2 , 0 , 8 , 75 , 20.25 
24-Mar-2010 14:25,201001,MANCHESTER,AUSTRIA,INNSBRUCK,THOMSON AIRWAYS LTD,D,C, 10 , 0 , 50 , 10 , 20 , 20 , 0 , 0 , 35.9 , 0 , 8 , 25 , 39.375 
24-Mar-2010 14:25,201001,MANCHESTER,AUSTRIA,SALZBURG,FLYBE LTD,A,C, 0 , 0 , 0 , 0 , 0 , 0 , 0 , 0 , 0 , 0 , 5 , 0 , 60.2 
24-Mar-2010 14:25,201001,MANCHESTER,AUSTRIA,SALZBURG,FLYBE LTD,D,C, 0 , 0 , 0 , 0 , 0 , 0 , 0 , 0 , 0 , 0 , 5 , 20 , 43.2 
24-Mar-2010 14:25,201001,MANCHESTER,AUSTRIA,SALZBURG,MONARCH AIRLINES,A,C, 5 , 0 , 20 , 20 , 40 , 20 , 0 , 0 , 38.6 , 0 , 5 , 80 , 7.8 
24-Mar-2010 14:25,201001,MANCHESTER,AUSTRIA,SALZBURG,MONARCH AIRLINES,D,C, 5 , 0 , 60 , 20 , 20 , 0 , 0 , 0 , 20.4 , 0 , 5 , 100 , 3.6 
24-Mar-2010 14:25,201001,MANCHESTER,AUSTRIA,SALZBURG,THOMAS COOK AIRLINES LTD,A,C, 5 , 0 , 40 , 0 , 40 , 20 , 0 , 0 , 37 , 0 , 5 , 80 , 6.4 
24-Mar-2010 14:25,201001,MANCHESTER,AUSTRIA,SALZBURG,THOMAS COOK AIRLINES LTD,D,C, 5 , 0 , 20 , 60 , 20 , 0 , 0 , 0 , 27.4 , 0 , 5 , 80 , 7.4 
24-Mar-2010 14:25,201001,MANCHESTER,AUSTRIA,SALZBURG,THOMSON AIRWAYS LTD,A,C, 5 , 0 , 60 , 20 , 20 , 0 , 0 , 0 , 13.6 , 0 , 6 , 100 , 1 
24-Mar-2010 14:25,201001,MANCHESTER,AUSTRIA,SALZBURG,THOMSON AIRWAYS LTD,A,S, 0 , 0 , 0 , 0 , 0 , 0 , 0 , 0 , 0 , 0 , 17 , 82.3529411764706 , 6.94117647058824 
24-Mar-2010 14:25,201001,MANCHESTER,AUSTRIA,SALZBURG,THOMSON AIRWAYS LTD,D,C, 5 , 0 , 80 , 20 , 0 , 0 , 0 , 0 , 6.6 , 0 , 5 , 80 , 14.2 
24-Mar-2010 14:25,201001,MANCHESTER,AUSTRIA,SALZBURG,THOMSON AIRWAYS LTD,D,S, 0 , 0 , 0 , 0 , 0 , 0 , 0 , 0 , 0 , 0 , 18 , 88.8888888888889 , 5.22222222222222 
24-Mar-2010 14:25,201001,MANCHESTER,BARBADOS,BRIDGETOWN,BMI BRITISH MIDLAND,A,S, 0 , 0 , 0 , 0 , 0 , 0 , 0 , 0 , 0 , 0 , 13 , 30.7692307692308 , 44.8461538461538 
24-Mar-2010 14:25,201001,MANCHESTER,BARBADOS,BRIDGETOWN,BMI BRITISH MIDLAND,D,S, 0 , 0 , 0 , 0 , 0 , 0 , 0 , 0 , 0 , 0 , 13 , 61.5384615384615 , 16.6153846153846 
24-Mar-2010 14:25,201001,MANCHESTER,BARBADOS,BRIDGETOWN,THOMAS COOK AIRLINES LTD,A,C, 10 , 0 , 70 , 0 , 0 , 20 , 10 , 0 , 45.3 , 0 , 17 , 76.4705882352941 , 8.47058823529412 
24-Mar-2010 14:25,201001,MANCHESTER,BARBADOS,BRIDGETOWN,THOMAS COOK AIRLINES LTD,D,C, 10 , 0 , 40 , 10 , 10 , 10 , 30 , 0 , 75.8 , 0 , 16 , 68.75 , 11.5625 
24-Mar-2010 14:25,201001,MANCHESTER,BARBADOS,BRIDGETOWN,THOMSON AIRWAYS LTD,A,C, 14 , 0 , 28.5714285714286 , 7.14285714285714 , 7.14285714285714 , 57.1428571428571 , 0 , 0 , 77.2142857142857 , 0 , 18 , 38.8888888888889 , 85 
24-Mar-2010 14:25,201001,MANCHESTER,BARBADOS,BRIDGETOWN,THOMSON AIRWAYS LTD,D,C, 13 , 0 , 53.8461538461538 , 7.69230769230769 , 23.0769230769231 , 0 , 15.3846153846154 , 0 , 47.5384615384615 , 0 , 20 , 55 , 24.25 
24-Mar-2010 14:25,201001,MANCHESTER,BARBADOS,BRIDGETOWN,VIRGIN ATLANTIC AIRWAYS LTD,A,S, 4 , 0 , 25 , 50 , 0 , 25 , 0 , 0 , 39.75 , 0 , 4 , 75 , 15.75 
24-Mar-2010 14:25,201001,MANCHESTER,BARBADOS,BRIDGETOWN,VIRGIN ATLANTIC AIRWAYS LTD,D,S, 5 , 0 , 20 , 40 , 0 , 20 , 0 , 20 , 109 , 0 , 4 , 100 , 2.5 
24-Mar-2010 14:25,201001,MANCHESTER,BELGIUM,ANTWERP,VLM (BELGIUM),A,S, 43 , 0 , 72.093023255814 , 11.6279069767442 , 6.97674418604651 , 4.65116279069767 , 4.65116279069767 , 0 , 20.7906976744186 , 0 , 46 , 89.1304347826087 , 8.15217391304348 
24-Mar-2010 14:25,201001,MANCHESTER,BELGIUM,ANTWERP,VLM (BELGIUM),D,S, 43 , 0 , 76.7441860465116 , 9.30232558139535 , 4.65116279069767 , 4.65116279069767 , 4.65116279069767 , 0 , 18.2790697674419 , 0 , 46 , 82.6086956521739 , 11.4130434782609 
24-Mar-2010 14:25,201001,MANCHESTER,BELGIUM,BRUSSELS,BRUSSELS AIRLINES,A,S, 86 , 0 , 68.6046511627907 , 15.1162790697674 , 9.30232558139535 , 5.81395348837209 , 1.16279069767442 , 0 , 16.7558139534884 , 1 , 82 , 84.1463414634146 , 8.03658536585366 
24-Mar-2010 14:25,201001,MANCHESTER,BELGIUM,BRUSSELS,BRUSSELS AIRLINES,D,S, 84 , 0 , 58.3333333333333 , 16.6666666666667 , 9.52380952380952 , 13.0952380952381 , 2.38095238095238 , 0 , 26.6190476190476 , 1 , 82 , 80.4878048780488 , 12.109756097561 
24-Mar-2010 14:25,201001,MANCHESTER,BELGIUM,BRUSSELS,FLYBE LTD,A,S, 36 , 0 , 61.1111111111111 , 16.6666666666667 , 5.55555555555556 , 13.8888888888889 , 2.77777777777778 , 0 , 26.6111111111111 , 1 , 55 , 69.0909090909091 , 23.8545454545455 
24-Mar-2010 14:25,201001,MANCHESTER,BELGIUM,BRUSSELS,FLYBE LTD,D,S, 36 , 0 , 69.4444444444444 , 8.33333333333333 , 11.1111111111111 , 11.1111111111111 , 0 , 0 , 21.6666666666667 , 1 , 56 , 75 , 18.875 
24-Mar-2010 14:25,201001,MANCHESTER,BELGIUM,CHARLEROI,RYANAIR,A,S, 0 , 0 , 0 , 0 , 0 , 0 , 0 , 0 , 0 , 0 , 17 , 94.1176470588235 , 4.35294117647059 
24-Mar-2010 14:25,201001,MANCHESTER,BELGIUM,CHARLEROI,RYANAIR,D,S, 0 , 0 , 0 , 0 , 0 , 0 , 0 , 0 , 0 , 0 , 17 , 76.4705882352941 , 9.64705882352941 
24-Mar-2010 14:25,201001,MANCHESTER,BULGARIA,PLOVDIV,THOMSON AIRWAYS LTD,A,C, 0 , 0 , 0 , 0 , 0 , 0 , 0 , 0 , 0 , 0 , 4 , 25 , 104.75 
24-Mar-2010 14:25,201001,MANCHESTER,BULGARIA,PLOVDIV,THOMSON AIRWAYS LTD,D,C, 0 , 0 , 0 , 0 , 0 , 0 , 0 , 0 , 0 , 0 , 5 , 80 , 34.4 
24-Mar-2010 14:25,201001,MANCHESTER,BULGARIA,SOFIA,BH AIR,A,C, 5 , 0 , 80 , 0 , 20 , 0 , 0 , 0 , 9.2 , 0 , 4 , 50 , 45.75 
24-Mar-2010 14:25,201001,MANCHESTER,BULGARIA,SOFIA,BH AIR,D,C, 5 , 0 , 60 , 20 , 20 , 0 , 0 , 0 , 15.4 , 0 , 4 , 50 , 58.75 
24-Mar-2010 14:25,201001,MANCHESTER,BULGARIA,SOFIA,BULGARIA AIR,A,S, 0 , 0 , 0 , 0 , 0 , 0 , 0 , 0 , 0 , 0 , 5 , 40 , 29 
24-Mar-2010 14:25,201001,MANCHESTER,BULGARIA,SOFIA,BULGARIA AIR,D,S, 0 , 0 , 0 , 0 , 0 , 0 , 0 , 0 , 0 , 0 , 5 , 40 , 26.2 
24-Mar-2010 14:25,201001,MANCHESTER,BULGARIA,SOFIA,EASYJET AIRLINE COMPANY LTD,A,S, 14 , 0 , 85.7142857142857 , 7.14285714285714 , 0 , 7.14285714285714 , 0 , 0 , 10 , 0 , 14 , 64.2857142857143 , 36 
24-Mar-2010 14:25,201001,MANCHESTER,BULGARIA,SOFIA,EASYJET AIRLINE COMPANY LTD,D,S, 14 , 0 , 85.7142857142857 , 14.2857142857143 , 0 , 0 , 0 , 0 , 5.57142857142857 , 0 , 14 , 78.5714285714286 , 9.85714285714286 
24-Mar-2010 14:25,201001,MANCHESTER,BULGARIA,SOFIA,MONARCH AIRLINES,A,C, 5 , 0 , 60 , 0 , 20 , 0 , 20 , 0 , 51.2 , 0 , 5 , 80 , 29.4 
24-Mar-2010 14:25,201001,MANCHESTER,BULGARIA,SOFIA,MONARCH AIRLINES,D,C, 5 , 0 , 60 , 0 , 0 , 20 , 20 , 0 , 60 , 0 , 5 , 80 , 10.2 
24-Mar-2010 14:25,201001,MANCHESTER,BULGARIA,SOFIA,THOMAS COOK AIRLINES LTD,A,C, 5 , 0 , 40 , 20 , 0 , 40 , 0 , 0 , 59.8 , 0 , 5 , 40 , 108.6 
24-Mar-2010 14:25,201001,MANCHESTER,BULGARIA,SOFIA,THOMAS COOK AIRLINES LTD,D,C, 5 , 0 , 40 , 0 , 20 , 20 , 20 , 0 , 74.2 , 0 , 5 , 60 , 35 
24-Mar-2010 14:25,201001,MANCHESTER,BULGARIA,SOFIA,THOMSON AIRWAYS LTD,A,C, 5 , 0 , 80 , 20 , 0 , 0 , 0 , 0 , 5 , 0 , 5 , 80 , 58.2 
24-Mar-2010 14:25,201001,MANCHESTER,BULGARIA,SOFIA,THOMSON AIRWAYS LTD,D,C, 5 , 0 , 40 , 20 , 40 , 0 , 0 , 0 , 21.8 , 0 , 5 , 80 , 7.4 
24-Mar-2010 14:25,201001,MANCHESTER,CANADA,CALGARY,MONARCH AIRLINES,A,C, 0 , 0 , 0 , 0 , 0 , 0 , 0 , 0 , 0 , 0 , 2 , 0 , 109.5 
24-Mar-2010 14:25,201001,MANCHESTER,CANADA,CALGARY,MONARCH AIRLINES,D,C, 0 , 0 , 0 , 0 , 0 , 0 , 0 , 0 , 0 , 0 , 1 , 0 , 24 
24-Mar-2010 14:25,201001,MANCHESTER,CANADA,CALGARY,THOMAS COOK AIRLINES LTD,A,S, 8 , 0 , 37.5 , 25 , 0 , 12.5 , 12.5 , 12.5 , 196.75 , 1 , 3 , 33.3333333333333 , 46.3333333333333 
24-Mar-2010 14:25,201001,MANCHESTER,CANADA,CALGARY,THOMAS COOK AIRLINES LTD,D,S, 9 , 0 , 22.2222222222222 , 22.2222222222222 , 33.3333333333333 , 11.1111111111111 , 11.1111111111111 , 0 , 55.1111111111111 , 0 , 3 , 66.6666666666667 , 33 
24-Mar-2010 14:25,201001,MANCHESTER,CANADA,GANDER,JET2.COM LTD,D,C, 1 , 0 , 100 , 0 , 0 , 0 , 0 , 0 , 0 , 0 , 0 , 0 , 0 
24-Mar-2010 14:25,201001,MANCHESTER,CANADA,TORONTO,AIR TRANSAT,A,S, 0 , 0 , 0 , 0 , 0 , 0 , 0 , 0 , 0 , 0 , 7 , 42.8571428571429 , 22.4285714285714 
24-Mar-2010 14:25,201001,MANCHESTER,CANADA,TORONTO,AIR TRANSAT,D,S, 0 , 0 , 0 , 0 , 0 , 0 , 0 , 0 , 0 , 0 , 7 , 28.5714285714286 , 34.2857142857143 
24-Mar-2010 14:25,201001,MANCHESTER,CANADA,TORONTO,THOMAS COOK AIRLINES LTD,A,S, 5 , 0 , 40 , 0 , 20 , 20 , 20 , 0 , 82.2 , 0 , 0 , 0 , 0 
24-Mar-2010 14:25,201001,MANCHESTER,CANADA,TORONTO,THOMAS COOK AIRLINES LTD,D,S, 6 , 0 , 16.6666666666667 , 16.6666666666667 , 33.3333333333333 , 0 , 33.3333333333333 , 0 , 95.1666666666667 , 0 , 0 , 0 , 0 
24-Mar-2010 14:25,201001,MANCHESTER,CANADA,VANCOUVER,THOMAS COOK AIRLINES LTD,A,S, 1 , 0 , 100 , 0 , 0 , 0 , 0 , 0 , 14 , 0 , 0 , 0 , 0 
24-Mar-2010 14:25,201001,MANCHESTER,CANADA,VANCOUVER,THOMAS COOK AIRLINES LTD,D,S, 1 , 0 , 0 , 0 , 100 , 0 , 0 , 0 , 59 , 0 , 0 , 0 , 0 
24-Mar-2010 14:25,201001,MANCHESTER,CAPE VERDE ISLANDS,BOA VISTA (RABIL),THOMSON AIRWAYS LTD,A,S, 4 , 0 , 25 , 25 , 0 , 50 , 0 , 0 , 52.75 , 0 , 0 , 0 , 0 
24-Mar-2010 14:25,201001,MANCHESTER,CAPE VERDE ISLANDS,BOA VISTA (RABIL),THOMSON AIRWAYS LTD,D,S, 4 , 0 , 50 , 25 , 25 , 0 , 0 , 0 , 16.5 , 0 , 0 , 0 , 0 
24-Mar-2010 14:25,201001,MANCHESTER,CAPE VERDE ISLANDS,ILHA DO SAL C.VERDE,THOMSON AIRWAYS LTD,A,S, 4 , 0 , 0 , 0 , 75 , 0 , 25 , 0 , 97 , 0 , 4 , 75 , 13 
24-Mar-2010 14:25,201001,MANCHESTER,CAPE VERDE ISLANDS,ILHA DO SAL C.VERDE,THOMSON AIRWAYS LTD,D,S, 4 , 0 , 50 , 25 , 0 , 25 , 0 , 0 , 34.25 , 1 , 4 , 100 , 1.5 
24-Mar-2010 14:25,201001,MANCHESTER,CUBA,CUNAGUA (CAYO COCO),THOMAS COOK AIRLINES LTD,A,C, 4 , 1 , 75 , 25 , 0 , 0 , 0 , 0 , 9.75 , 0 , 4 , 100 , 0 
24-Mar-2010 14:25,201001,MANCHESTER,CUBA,CUNAGUA (CAYO COCO),THOMAS COOK AIRLINES LTD,D,C, 5 , 0 , 60 , 0 , 0 , 20 , 20 , 0 , 52.4 , 0 , 4 , 75 , 20.5 
24-Mar-2010 14:25,201001,MANCHESTER,CUBA,HOLGUIN (FRANK PAIS),THOMAS COOK AIRLINES LTD,A,C, 5 , 0 , 40 , 40 , 0 , 20 , 0 , 0 , 34 , 0 , 0 , 0 , 0 
24-Mar-2010 14:25,201001,MANCHESTER,CUBA,HOLGUIN (FRANK PAIS),THOMSON AIRWAYS LTD,A,C, 0 , 0 , 0 , 0 , 0 , 0 , 0 , 0 , 0 , 0 , 2 , 100 , 0 
24-Mar-2010 14:25,201001,MANCHESTER,CUBA,HOLGUIN (FRANK PAIS),THOMSON AIRWAYS LTD,D,C, 0 , 0 , 0 , 0 , 0 , 0 , 0 , 0 , 0 , 0 , 2 , 50 , 15 
24-Mar-2010 14:25,201001,MANCHESTER,CUBA,VARADERO,THOMAS COOK AIRLINES LTD,A,C, 0 , 1 , 0 , 0 , 0 , 0 , 0 , 0 , 0 , 0 , 5 , 100 , 3 
24-Mar-2010 14:25,201001,MANCHESTER,CUBA,VARADERO,THOMAS COOK AIRLINES LTD,D,C, 5 , 0 , 80 , 0 , 0 , 20 , 0 , 0 , 30.4 , 0 , 5 , 100 , 3.8 
24-Mar-2010 14:25,201001,MANCHESTER,CUBA,VARADERO,THOMSON AIRWAYS LTD,A,C, 3 , 0 , 33.3333333333333 , 66.6666666666667 , 0 , 0 , 0 , 0 , 17.6666666666667 , 0 , 3 , 100 , 1.33333333333333 
24-Mar-2010 14:25,201001,MANCHESTER,CUBA,VARADERO,THOMSON AIRWAYS LTD,D,C, 2 , 0 , 50 , 0 , 50 , 0 , 0 , 0 , 25 , 0 , 3 , 66.6666666666667 , 9 
24-Mar-2010 14:25,201001,MANCHESTER,CYPRUS,LARNACA,CYPRUS AIRWAYS,A,S, 17 , 0 , 52.9411764705882 , 23.5294117647059 , 23.5294117647059 , 0 , 0 , 0 , 19.0588235294118 , 1 , 17 , 47.0588235294118 , 23.1176470588235 
24-Mar-2010 14:25,201001,MANCHESTER,CYPRUS,LARNACA,CYPRUS AIRWAYS,D,S, 12 , 0 , 58.3333333333333 , 16.6666666666667 , 8.33333333333333 , 16.6666666666667 , 0 , 0 , 22.9166666666667 , 1 , 13 , 61.5384615384615 , 29 
24-Mar-2010 14:25,201001,MANCHESTER,CYPRUS,LARNACA,EUROCYPRIA AIRLINES LTD,A,C, 1 , 0 , 0 , 0 , 100 , 0 , 0 , 0 , 34 , 0 , 1 , 0 , 87 
24-Mar-2010 14:25,201001,MANCHESTER,CYPRUS,LARNACA,EUROCYPRIA AIRLINES LTD,D,C, 1 , 0 , 0 , 0 , 100 , 0 , 0 , 0 , 37 , 0 , 1 , 0 , 91 
24-Mar-2010 14:25,201001,MANCHESTER,CYPRUS,LARNACA,MONARCH AIRLINES,A,S, 10 , 0 , 40 , 30 , 10 , 20 , 0 , 0 , 33.9 , 2 , 12 , 33.3333333333333 , 21.0833333333333 
24-Mar-2010 14:25,201001,MANCHESTER,CYPRUS,LARNACA,MONARCH AIRLINES,D,S, 11 , 0 , 54.5454545454545 , 18.1818181818182 , 9.09090909090909 , 18.1818181818182 , 0 , 0 , 27.9090909090909 , 0 , 13 , 69.2307692307692 , 10.3076923076923 
24-Mar-2010 14:25,201001,MANCHESTER,CYPRUS,PAPHOS,CYPRUS AIRWAYS,D,S, 5 , 0 , 40 , 20 , 20 , 20 , 0 , 0 , 44.4 , 0 , 4 , 50 , 11 
24-Mar-2010 14:25,201001,MANCHESTER,CYPRUS,PAPHOS,EASYJET AIRLINE COMPANY LTD,A,S, 26 , 1 , 57.6923076923077 , 7.69230769230769 , 11.5384615384615 , 23.0769230769231 , 0 , 0 , 31.4615384615385 , 0 , 15 , 86.6666666666667 , 7.26666666666667 
24-Mar-2010 14:25,201001,MANCHESTER,CYPRUS,PAPHOS,EASYJET AIRLINE COMPANY LTD,D,S, 27 , 0 , 48.1481481481481 , 14.8148148148148 , 11.1111111111111 , 25.9259259259259 , 0 , 0 , 35.6666666666667 , 0 , 16 , 56.25 , 19.125 
24-Mar-2010 14:25,201001,MANCHESTER,CYPRUS,PAPHOS,EUROCYPRIA AIRLINES LTD,A,C, 0 , 0 , 0 , 0 , 0 , 0 , 0 , 0 , 0 , 0 , 2 , 0 , 234.5 
24-Mar-2010 14:25,201001,MANCHESTER,CYPRUS,PAPHOS,EUROCYPRIA AIRLINES LTD,D,C, 0 , 0 , 0 , 0 , 0 , 0 , 0 , 0 , 0 , 0 , 2 , 0 , 246.5 
24-Mar-2010 14:25,201001,MANCHESTER,CYPRUS,PAPHOS,THOMAS COOK AIRLINES LTD,A,C, 4 , 0 , 50 , 25 , 0 , 0 , 0 , 25 , 122.5 , 0 , 5 , 60 , 9 
24-Mar-2010 14:25,201001,MANCHESTER,CYPRUS,PAPHOS,THOMAS COOK AIRLINES LTD,D,C, 4 , 0 , 50 , 25 , 0 , 0 , 0 , 25 , 99.5 , 0 , 5 , 80 , 13.6 
24-Mar-2010 14:25,201001,MANCHESTER,CYPRUS,PAPHOS,THOMSON AIRWAYS LTD,A,C, 6 , 0 , 50 , 16.6666666666667 , 16.6666666666667 , 16.6666666666667 , 0 , 0 , 24.3333333333333 , 0 , 11 , 63.6363636363636 , 18.6363636363636 
24-Mar-2010 14:25,201001,MANCHESTER,CYPRUS,PAPHOS,THOMSON AIRWAYS LTD,D,C, 7 , 0 , 28.5714285714286 , 42.8571428571429 , 14.2857142857143 , 0 , 14.2857142857143 , 0 , 63.5714285714286 , 0 , 11 , 54.5454545454545 , 30.1818181818182 
24-Mar-2010 14:25,201001,MANCHESTER,CZECH REPUBLIC,PRAGUE,BMIBABY LTD,A,S, 17 , 0 , 35.2941176470588 , 17.6470588235294 , 17.6470588235294 , 29.4117647058824 , 0 , 0 , 49.5882352941176 , 1 , 27 , 81.4814814814815 , 13.4814814814815 
24-Mar-2010 14:25,201001,MANCHESTER,CZECH REPUBLIC,PRAGUE,BMIBABY LTD,D,S, 18 , 0 , 55.5555555555556 , 16.6666666666667 , 11.1111111111111 , 16.6666666666667 , 0 , 0 , 30.2222222222222 , 1 , 27 , 85.1851851851852 , 8.81481481481481 
24-Mar-2010 14:25,201001,MANCHESTER,CZECH REPUBLIC,PRAGUE,CSA CZECH AIRLINES,A,S, 0 , 0 , 0 , 0 , 0 , 0 , 0 , 0 , 0 , 0 , 25 , 92 , 1.92 
24-Mar-2010 14:25,201001,MANCHESTER,CZECH REPUBLIC,PRAGUE,CSA CZECH AIRLINES,D,S, 0 , 0 , 0 , 0 , 0 , 0 , 0 , 0 , 0 , 0 , 25 , 80 , 7 
24-Mar-2010 14:25,201001,MANCHESTER,DENMARK,BILLUND,SUN AIR OF SCANDINAVIA,A,S, 40 , 0 , 77.5 , 7.5 , 5 , 7.5 , 2.5 , 0 , 20.025 , 0 , 45 , 80 , 12.8222222222222 
24-Mar-2010 14:25,201001,MANCHESTER,DENMARK,BILLUND,SUN AIR OF SCANDINAVIA,D,S, 40 , 0 , 85 , 5 , 0 , 7.5 , 2.5 , 0 , 14.55 , 0 , 45 , 80 , 11.0888888888889 
24-Mar-2010 14:25,201001,MANCHESTER,DENMARK,BILLUND,THOMAS COOK SCANDANAVIA ,A,C, 1 , 0 , 100 , 0 , 0 , 0 , 0 , 0 , 0 , 0 , 0 , 0 , 0 
24-Mar-2010 14:25,201001,MANCHESTER,DENMARK,COPENHAGEN,EASYJET AIRLINE COMPANY LTD,A,S, 18 , 0 , 44.4444444444444 , 16.6666666666667 , 5.55555555555556 , 33.3333333333333 , 0 , 0 , 36.6666666666667 , 0 , 0 , 0 , 0 
24-Mar-2010 14:25,201001,MANCHESTER,DENMARK,COPENHAGEN,EASYJET AIRLINE COMPANY LTD,D,S, 18 , 0 , 66.6666666666667 , 5.55555555555556 , 11.1111111111111 , 16.6666666666667 , 0 , 0 , 21.6666666666667 , 0 , 0 , 0 , 0 
24-Mar-2010 14:25,201001,MANCHESTER,DENMARK,COPENHAGEN,SAS,A,S, 46 , 1 , 60.8695652173913 , 15.2173913043478 , 10.8695652173913 , 13.0434782608696 , 0 , 0 , 22.3260869565217 , 2 , 52 , 90.3846153846154 , 5.17307692307692 
24-Mar-2010 14:25,201001,MANCHESTER,DENMARK,COPENHAGEN,SAS,D,S, 45 , 0 , 48.8888888888889 , 22.2222222222222 , 11.1111111111111 , 15.5555555555556 , 0 , 2.22222222222222 , 32.5111111111111 , 2 , 52 , 88.4615384615385 , 6.96153846153846 
24-Mar-2010 14:25,201001,MANCHESTER,DOMINICAN REPUBLIC,LA ROMANA,THOMSON AIRWAYS LTD,A,C, 5 , 0 , 40 , 20 , 40 , 0 , 0 , 0 , 23.2 , 0 , 4 , 75 , 19 
24-Mar-2010 14:25,201001,MANCHESTER,DOMINICAN REPUBLIC,LA ROMANA,THOMSON AIRWAYS LTD,D,C, 5 , 0 , 60 , 20 , 0 , 20 , 0 , 0 , 36 , 0 , 4 , 25 , 40.25 
24-Mar-2010 14:25,201001,MANCHESTER,DOMINICAN REPUBLIC,PUERTO PLATA,THOMAS COOK AIRLINES LTD,A,C, 5 , 0 , 60 , 0 , 0 , 0 , 20 , 20 , 225.2 , 0 , 4 , 100 , 0 
24-Mar-2010 14:25,201001,MANCHESTER,DOMINICAN REPUBLIC,PUERTO PLATA,THOMAS COOK AIRLINES LTD,D,C, 5 , 0 , 40 , 20 , 0 , 20 , 0 , 20 , 111.8 , 0 , 5 , 100 , 1.2 
24-Mar-2010 14:25,201001,MANCHESTER,DOMINICAN REPUBLIC,PUERTO PLATA,THOMSON AIRWAYS LTD,A,C, 4 , 0 , 75 , 0 , 25 , 0 , 0 , 0 , 10.25 , 0 , 9 , 44.4444444444444 , 137.222222222222 
24-Mar-2010 14:25,201001,MANCHESTER,DOMINICAN REPUBLIC,PUERTO PLATA,THOMSON AIRWAYS LTD,D,C, 4 , 0 , 25 , 50 , 0 , 0 , 25 , 0 , 55 , 0 , 8 , 37.5 , 41.125 
24-Mar-2010 14:25,201001,MANCHESTER,DOMINICAN REPUBLIC,PUNTA CANA,AIR MEDITERRANEE,D,C, 0 , 0 , 0 , 0 , 0 , 0 , 0 , 0 , 0 , 0 , 1 , 0 , 116 
24-Mar-2010 14:25,201001,MANCHESTER,DOMINICAN REPUBLIC,PUNTA CANA,THOMAS COOK AIRLINES LTD,A,C, 3 , 1 , 33.3333333333333 , 33.3333333333333 , 0 , 0 , 0 , 33.3333333333333 , 240.666666666667 , 0 , 5 , 80 , 12.6 
24-Mar-2010 14:25,201001,MANCHESTER,DOMINICAN REPUBLIC,PUNTA CANA,THOMAS COOK AIRLINES LTD,D,C, 4 , 0 , 50 , 0 , 0 , 25 , 0 , 25 , 267.25 , 0 , 4 , 25 , 30.5 
24-Mar-2010 14:25,201001,MANCHESTER,DOMINICAN REPUBLIC,PUNTA CANA,THOMSON AIRWAYS LTD,A,C, 4 , 1 , 75 , 0 , 0 , 0 , 25 , 0 , 71.5 , 0 , 9 , 44.4444444444444 , 58.5555555555556 
24-Mar-2010 14:25,201001,MANCHESTER,DOMINICAN REPUBLIC,PUNTA CANA,THOMSON AIRWAYS LTD,D,C, 4 , 0 , 75 , 0 , 0 , 0 , 25 , 0 , 81.75 , 0 , 8 , 37.5 , 38.125 
24-Mar-2010 14:25,201001,MANCHESTER,EGYPT,HURGHADA,MONARCH AIRLINES,A,C, 2 , 0 , 50 , 0 , 50 , 0 , 0 , 0 , 18.5 , 0 , 0 , 0 , 0 
24-Mar-2010 14:25,201001,MANCHESTER,EGYPT,HURGHADA,MONARCH AIRLINES,D,C, 2 , 0 , 100 , 0 , 0 , 0 , 0 , 0 , 7.5 , 0 , 0 , 0 , 0 
24-Mar-2010 14:25,201001,MANCHESTER,EGYPT,HURGHADA,THOMAS COOK AIRLINES LTD,A,C, 8 , 0 , 75 , 12.5 , 0 , 0 , 12.5 , 0 , 35.5 , 0 , 7 , 100 , 0 
24-Mar-2010 14:25,201001,MANCHESTER,EGYPT,HURGHADA,THOMAS COOK AIRLINES LTD,D,C, 9 , 0 , 55.5555555555556 , 22.2222222222222 , 11.1111111111111 , 0 , 0 , 11.1111111111111 , 73.4444444444444 , 0 , 7 , 85.7142857142857 , 7.57142857142857 
24-Mar-2010 14:25,201001,MANCHESTER,EGYPT,HURGHADA,THOMSON AIRWAYS LTD,A,C, 0 , 0 , 0 , 0 , 0 , 0 , 0 , 0 , 0 , 0 , 3 , 100 , 0 
24-Mar-2010 14:25,201001,MANCHESTER,EGYPT,HURGHADA,THOMSON AIRWAYS LTD,A,S, 5 , 0 , 20 , 60 , 0 , 0 , 0 , 20 , 250 , 0 , 0 , 0 , 0 
24-Mar-2010 14:25,201001,MANCHESTER,EGYPT,HURGHADA,THOMSON AIRWAYS LTD,D,C, 0 , 0 , 0 , 0 , 0 , 0 , 0 , 0 , 0 , 0 , 3 , 100 , 3.33333333333333 
24-Mar-2010 14:25,201001,MANCHESTER,EGYPT,HURGHADA,THOMSON AIRWAYS LTD,D,S, 5 , 0 , 60 , 20 , 0 , 0 , 0 , 20 , 92.4 , 0 , 0 , 0 , 0 
24-Mar-2010 14:25,201001,MANCHESTER,EGYPT,LUXOR,MONARCH AIRLINES,A,C, 5 , 0 , 20 , 20 , 40 , 0 , 20 , 0 , 96 , 0 , 4 , 25 , 30.5 
24-Mar-2010 14:25,201001,MANCHESTER,EGYPT,LUXOR,MONARCH AIRLINES,D,C, 5 , 0 , 60 , 0 , 20 , 0 , 20 , 0 , 68.8 , 0 , 4 , 50 , 15.5 
24-Mar-2010 14:25,201001,MANCHESTER,EGYPT,LUXOR,THOMAS COOK AIRLINES LTD,A,C, 4 , 0 , 75 , 0 , 25 , 0 , 0 , 0 , 14.25 , 0 , 4 , 100 , 0 
24-Mar-2010 14:25,201001,MANCHESTER,EGYPT,LUXOR,THOMAS COOK AIRLINES LTD,D,C, 4 , 0 , 75 , 0 , 25 , 0 , 0 , 0 , 11 , 0 , 4 , 75 , 8.25 
24-Mar-2010 14:25,201001,MANCHESTER,EGYPT,LUXOR,THOMSON AIRWAYS LTD,A,C, 0 , 0 , 0 , 0 , 0 , 0 , 0 , 0 , 0 , 0 , 4 , 50 , 20 
24-Mar-2010 14:25,201001,MANCHESTER,EGYPT,LUXOR,THOMSON AIRWAYS LTD,A,S, 4 , 0 , 50 , 25 , 25 , 0 , 0 , 0 , 17 , 0 , 0 , 0 , 0 
24-Mar-2010 14:25,201001,MANCHESTER,EGYPT,LUXOR,THOMSON AIRWAYS LTD,D,C, 0 , 0 , 0 , 0 , 0 , 0 , 0 , 0 , 0 , 0 , 4 , 50 , 23.25 
24-Mar-2010 14:25,201001,MANCHESTER,EGYPT,LUXOR,THOMSON AIRWAYS LTD,D,S, 4 , 0 , 75 , 0 , 25 , 0 , 0 , 0 , 14.25 , 1 , 0 , 0 , 0 
24-Mar-2010 14:25,201001,MANCHESTER,EGYPT,MARSA ALAM,THOMAS COOK AIRLINES LTD,A,C, 0 , 0 , 0 , 0 , 0 , 0 , 0 , 0 , 0 , 0 , 4 , 75 , 7.5 
24-Mar-2010 14:25,201001,MANCHESTER,EGYPT,MARSA ALAM,THOMAS COOK AIRLINES LTD,D,C, 0 , 0 , 0 , 0 , 0 , 0 , 0 , 0 , 0 , 0 , 4 , 50 , 15.75 
24-Mar-2010 14:25,201001,MANCHESTER,EGYPT,MARSA ALAM,THOMSON AIRWAYS LTD,A,C, 0 , 0 , 0 , 0 , 0 , 0 , 0 , 0 , 0 , 0 , 4 , 75 , 8.25 
24-Mar-2010 14:25,201001,MANCHESTER,EGYPT,MARSA ALAM,THOMSON AIRWAYS LTD,A,S, 4 , 0 , 25 , 0 , 50 , 25 , 0 , 0 , 38 , 0 , 0 , 0 , 0 
24-Mar-2010 14:25,201001,MANCHESTER,EGYPT,MARSA ALAM,THOMSON AIRWAYS LTD,D,C, 0 , 0 , 0 , 0 , 0 , 0 , 0 , 0 , 0 , 0 , 4 , 50 , 26 
24-Mar-2010 14:25,201001,MANCHESTER,EGYPT,MARSA ALAM,THOMSON AIRWAYS LTD,D,S, 4 , 0 , 75 , 0 , 25 , 0 , 0 , 0 , 13.5 , 0 , 0 , 0 , 0 
24-Mar-2010 14:25,201001,MANCHESTER,EGYPT,SHARM EL SHEIKH (OPHIRA),EUROCYPRIA AIRLINES LTD,A,C, 0 , 0 , 0 , 0 , 0 , 0 , 0 , 0 , 0 , 0 , 5 , 60 , 15 
24-Mar-2010 14:25,201001,MANCHESTER,EGYPT,SHARM EL SHEIKH (OPHIRA),EUROCYPRIA AIRLINES LTD,D,C, 0 , 0 , 0 , 0 , 0 , 0 , 0 , 0 , 0 , 0 , 5 , 60 , 13.4 
24-Mar-2010 14:25,201001,MANCHESTER,EGYPT,SHARM EL SHEIKH (OPHIRA),JET2.COM LTD,A,S, 1 , 0 , 0 , 0 , 100 , 0 , 0 , 0 , 42 , 0 , 1 , 0 , 31 
24-Mar-2010 14:25,201001,MANCHESTER,EGYPT,SHARM EL SHEIKH (OPHIRA),JET2.COM LTD,D,S, 1 , 0 , 100 , 0 , 0 , 0 , 0 , 0 , 11 , 0 , 1 , 100 , 1 
24-Mar-2010 14:25,201001,MANCHESTER,EGYPT,SHARM EL SHEIKH (OPHIRA),MONARCH AIRLINES,A,C, 14 , 0 , 35.7142857142857 , 7.14285714285714 , 21.4285714285714 , 35.7142857142857 , 0 , 0 , 53.3571428571429 , 0 , 5 , 0 , 253.4 
24-Mar-2010 14:25,201001,MANCHESTER,EGYPT,SHARM EL SHEIKH (OPHIRA),MONARCH AIRLINES,D,C, 14 , 0 , 21.4285714285714 , 14.2857142857143 , 28.5714285714286 , 35.7142857142857 , 0 , 0 , 60.6428571428571 , 0 , 5 , 20 , 87.2 
24-Mar-2010 14:25,201001,MANCHESTER,EGYPT,SHARM EL SHEIKH (OPHIRA),THOMAS COOK AIRLINES LTD,A,C, 8 , 0 , 12.5 , 25 , 12.5 , 37.5 , 12.5 , 0 , 62.125 , 0 , 13 , 100 , 0.461538461538462 
24-Mar-2010 14:25,201001,MANCHESTER,EGYPT,SHARM EL SHEIKH (OPHIRA),THOMAS COOK AIRLINES LTD,D,C, 10 , 0 , 50 , 0 , 30 , 0 , 20 , 0 , 68 , 0 , 13 , 61.5384615384615 , 10.8461538461538 
24-Mar-2010 14:25,201001,MANCHESTER,EGYPT,SHARM EL SHEIKH (OPHIRA),THOMSON AIRWAYS LTD,A,S, 25 , 0 , 20 , 20 , 28 , 16 , 8 , 8 , 104.88 , 2 , 20 , 70 , 21.5 
24-Mar-2010 14:25,201001,MANCHESTER,EGYPT,SHARM EL SHEIKH (OPHIRA),THOMSON AIRWAYS LTD,D,S, 27 , 0 , 44.4444444444444 , 11.1111111111111 , 22.2222222222222 , 11.1111111111111 , 11.1111111111111 , 0 , 56.6666666666667 , 0 , 19 , 47.3684210526316 , 29.4736842105263 
24-Mar-2010 14:25,201001,MANCHESTER,EGYPT,TABA,JET2.COM LTD,A,C, 0 , 0 , 0 , 0 , 0 , 0 , 0 , 0 , 0 , 0 , 4 , 75 , 25 
24-Mar-2010 14:25,201001,MANCHESTER,EGYPT,TABA,JET2.COM LTD,D,C, 0 , 0 , 0 , 0 , 0 , 0 , 0 , 0 , 0 , 0 , 4 , 75 , 19.25 
24-Mar-2010 14:25,201001,MANCHESTER,EGYPT,TABA,THOMSON AIRWAYS LTD,A,C, 0 , 0 , 0 , 0 , 0 , 0 , 0 , 0 , 0 , 0 , 4 , 100 , 3.5 
24-Mar-2010 14:25,201001,MANCHESTER,EGYPT,TABA,THOMSON AIRWAYS LTD,A,S, 4 , 0 , 75 , 0 , 0 , 0 , 0 , 25 , 297.25 , 0 , 0 , 0 , 0 
24-Mar-2010 14:25,201001,MANCHESTER,EGYPT,TABA,THOMSON AIRWAYS LTD,D,C, 0 , 0 , 0 , 0 , 0 , 0 , 0 , 0 , 0 , 0 , 4 , 100 , 8.5 
24-Mar-2010 14:25,201001,MANCHESTER,EGYPT,TABA,THOMSON AIRWAYS LTD,D,S, 4 , 0 , 75 , 0 , 0 , 0 , 0 , 25 , 96.75 , 0 , 0 , 0 , 0 
24-Mar-2010 14:25,201001,MANCHESTER,FINLAND,ENONTEKIO,BMI BRITISH MIDLAND,A,C, 3 , 0 , 66.6666666666667 , 0 , 33.3333333333333 , 0 , 0 , 0 , 13.6666666666667 , 0 , 0 , 0 , 0 
24-Mar-2010 14:25,201001,MANCHESTER,FINLAND,ENONTEKIO,BMI BRITISH MIDLAND,D,C, 2 , 0 , 100 , 0 , 0 , 0 , 0 , 0 , 2.5 , 0 , 0 , 0 , 0 
24-Mar-2010 14:25,201001,MANCHESTER,FINLAND,ENONTEKIO,HAMBURG INTERNATIONAL,A,C, 0 , 0 , 0 , 0 , 0 , 0 , 0 , 0 , 0 , 0 , 2 , 100 , 2 
24-Mar-2010 14:25,201001,MANCHESTER,FINLAND,ENONTEKIO,HAMBURG INTERNATIONAL,D,C, 0 , 0 , 0 , 0 , 0 , 0 , 0 , 0 , 0 , 0 , 1 , 0 , 22 
24-Mar-2010 14:25,201001,MANCHESTER,FINLAND,HELSINKI,FINNAIR,A,S, 44 , 0 , 47.7272727272727 , 25 , 11.3636363636364 , 13.6363636363636 , 0 , 2.27272727272727 , 51.5454545454545 , 0 , 57 , 80.7017543859649 , 8.54385964912281 
24-Mar-2010 14:25,201001,MANCHESTER,FINLAND,HELSINKI,FINNAIR,D,S, 44 , 0 , 63.6363636363636 , 18.1818181818182 , 6.81818181818182 , 9.09090909090909 , 0 , 2.27272727272727 , 30.2045454545455 , 0 , 56 , 87.5 , 12.0892857142857 
24-Mar-2010 14:25,201001,MANCHESTER,FINLAND,KITTILA,MONARCH AIRLINES,A,C, 6 , 0 , 50 , 16.6666666666667 , 33.3333333333333 , 0 , 0 , 0 , 25.5 , 0 , 5 , 60 , 32 
24-Mar-2010 14:25,201001,MANCHESTER,FINLAND,KITTILA,MONARCH AIRLINES,D,C, 5 , 0 , 100 , 0 , 0 , 0 , 0 , 0 , 3.8 , 0 , 4 , 100 , 0 
24-Mar-2010 14:25,201001,MANCHESTER,FINLAND,KITTILA,THOMSON AIRWAYS LTD,A,C, 1 , 0 , 0 , 100 , 0 , 0 , 0 , 0 , 20 , 0 , 5 , 0 , 74.2 
24-Mar-2010 14:25,201001,MANCHESTER,FINLAND,KITTILA,THOMSON AIRWAYS LTD,D,C, 0 , 0 , 0 , 0 , 0 , 0 , 0 , 0 , 0 , 0 , 4 , 50 , 38.25 
24-Mar-2010 14:25,201001,MANCHESTER,FINLAND,KUUSAMO,THOMSON AIRWAYS LTD,A,C, 0 , 0 , 0 , 0 , 0 , 0 , 0 , 0 , 0 , 0 , 4 , 75 , 7.25 
24-Mar-2010 14:25,201001,MANCHESTER,FINLAND,KUUSAMO,THOMSON AIRWAYS LTD,D,C, 0 , 0 , 0 , 0 , 0 , 0 , 0 , 0 , 0 , 0 , 4 , 100 , 2.25 
24-Mar-2010 14:25,201001,MANCHESTER,FRANCE,CHAMBERY,FLYBE LTD,A,C, 0 , 0 , 0 , 0 , 0 , 0 , 0 , 0 , 0 , 0 , 5 , 0 , 104.4 
24-Mar-2010 14:25,201001,MANCHESTER,FRANCE,CHAMBERY,FLYBE LTD,D,C, 0 , 0 , 0 , 0 , 0 , 0 , 0 , 0 , 0 , 0 , 5 , 40 , 48.4 
24-Mar-2010 14:25,201001,MANCHESTER,FRANCE,CHAMBERY,JET2.COM LTD,A,C, 5 , 0 , 0 , 20 , 60 , 20 , 0 , 0 , 67.6 , 0 , 4 , 0 , 53.75 
24-Mar-2010 14:25,201001,MANCHESTER,FRANCE,CHAMBERY,JET2.COM LTD,A,S, 9 , 1 , 11.1111111111111 , 11.1111111111111 , 22.2222222222222 , 33.3333333333333 , 22.2222222222222 , 0 , 114.666666666667 , 2 , 15 , 46.6666666666667 , 36.9333333333333 
24-Mar-2010 14:25,201001,MANCHESTER,FRANCE,CHAMBERY,JET2.COM LTD,D,C, 5 , 0 , 20 , 40 , 20 , 0 , 20 , 0 , 57.8 , 0 , 4 , 75 , 11.75 
24-Mar-2010 14:25,201001,MANCHESTER,FRANCE,CHAMBERY,JET2.COM LTD,D,S, 10 , 0 , 10 , 30 , 10 , 40 , 10 , 0 , 80 , 1 , 15 , 53.3333333333333 , 27.2666666666667 
24-Mar-2010 14:25,201001,MANCHESTER,FRANCE,CHAMBERY,THOMSON AIRWAYS LTD,A,C, 8 , 0 , 25 , 0 , 25 , 50 , 0 , 0 , 54.25 , 0 , 10 , 20 , 94 
24-Mar-2010 14:25,201001,MANCHESTER,FRANCE,CHAMBERY,THOMSON AIRWAYS LTD,D,C, 8 , 0 , 50 , 25 , 12.5 , 12.5 , 0 , 0 , 25.75 , 0 , 10 , 40 , 37.6 
24-Mar-2010 14:25,201001,MANCHESTER,FRANCE,CLERMONT FERRAND,PAN EUROPEAN AIR SERVICE,A,C, 0 , 0 , 0 , 0 , 0 , 0 , 0 , 0 , 0 , 0 , 1 , 100 , 12 
24-Mar-2010 14:25,201001,MANCHESTER,FRANCE,CLERMONT FERRAND,PAN EUROPEAN AIR SERVICE,D,C, 0 , 0 , 0 , 0 , 0 , 0 , 0 , 0 , 0 , 0 , 1 , 100 , 0 
24-Mar-2010 14:25,201001,MANCHESTER,FRANCE,GRENOBLE,FLYBE LTD,A,C, 5 , 0 , 20 , 0 , 0 , 40 , 40 , 0 , 123.4 , 0 , 14 , 7.14285714285714 , 46.0714285714286 
24-Mar-2010 14:25,201001,MANCHESTER,FRANCE,GRENOBLE,FLYBE LTD,D,C, 5 , 0 , 20 , 0 , 20 , 20 , 40 , 0 , 109.8 , 0 , 13 , 23.0769230769231 , 28.0769230769231 
24-Mar-2010 14:25,201001,MANCHESTER,FRANCE,GRENOBLE,MONARCH AIRLINES,A,C, 10 , 0 , 0 , 20 , 40 , 20 , 20 , 0 , 97.9 , 0 , 9 , 66.6666666666667 , 14.6666666666667 
24-Mar-2010 14:25,201001,MANCHESTER,FRANCE,GRENOBLE,MONARCH AIRLINES,D,C, 10 , 0 , 50 , 10 , 10 , 30 , 0 , 0 , 33.8 , 0 , 9 , 88.8888888888889 , 4.66666666666667 
24-Mar-2010 14:25,201001,MANCHESTER,FRANCE,GRENOBLE,THOMAS COOK AIRLINES LTD,A,C, 5 , 0 , 40 , 0 , 20 , 20 , 20 , 0 , 75.4 , 0 , 6 , 16.6666666666667 , 61.5 
24-Mar-2010 14:25,201001,MANCHESTER,FRANCE,GRENOBLE,THOMAS COOK AIRLINES LTD,D,C, 5 , 0 , 20 , 40 , 40 , 0 , 0 , 0 , 24.8 , 0 , 5 , 40 , 58.8 
24-Mar-2010 14:25,201001,MANCHESTER,FRANCE,GRENOBLE,THOMSON AIRWAYS LTD,A,C, 9 , 0 , 22.2222222222222 , 22.2222222222222 , 11.1111111111111 , 22.2222222222222 , 22.2222222222222 , 0 , 98.3333333333333 , 0 , 6 , 33.3333333333333 , 93.1666666666667 
24-Mar-2010 14:25,201001,MANCHESTER,FRANCE,GRENOBLE,THOMSON AIRWAYS LTD,D,C, 9 , 0 , 44.4444444444444 , 11.1111111111111 , 22.2222222222222 , 0 , 22.2222222222222 , 0 , 66.6666666666667 , 0 , 6 , 16.6666666666667 , 84.6666666666667 
24-Mar-2010 14:25,201001,MANCHESTER,FRANCE,LYON,BMI REGIONAL,A,S, 12 , 0 , 75 , 8.33333333333333 , 0 , 16.6666666666667 , 0 , 0 , 26.0833333333333 , 0 , 23 , 86.9565217391304 , 8.78260869565217 
24-Mar-2010 14:25,201001,MANCHESTER,FRANCE,LYON,BMI REGIONAL,D,S, 12 , 0 , 91.6666666666667 , 8.33333333333333 , 0 , 0 , 0 , 0 , 2.83333333333333 , 0 , 23 , 91.304347826087 , 7.47826086956522 
24-Mar-2010 14:25,201001,MANCHESTER,FRANCE,LYON,THOMSON AIRWAYS LTD,D,C, 1 , 0 , 0 , 0 , 0 , 100 , 0 , 0 , 172 , 0 , 0 , 0 , 0 
24-Mar-2010 14:25,201001,MANCHESTER,FRANCE,NICE,EASYJET AIRLINE COMPANY LTD,A,S, 0 , 1 , 0 , 0 , 0 , 0 , 0 , 0 , 0 , 1 , 0 , 0 , 0 
24-Mar-2010 14:25,201001,MANCHESTER,FRANCE,PARIS (CHARLES DE GAULLE),AIR FRANCE,A,S, 121 , 0 , 61.1570247933884 , 19.0082644628099 , 12.396694214876 , 5.78512396694215 , 1.65289256198347 , 0 , 19.4380165289256 , 0 , 117 , 64.957264957265 , 17.4786324786325 
24-Mar-2010 14:25,201001,MANCHESTER,FRANCE,PARIS (CHARLES DE GAULLE),AIR FRANCE,D,S, 120 , 0 , 75 , 7.5 , 8.33333333333333 , 7.5 , 0.833333333333333 , 0.833333333333333 , 18.2166666666667 , 0 , 117 , 78.6324786324786 , 11.3846153846154 
24-Mar-2010 14:25,201001,MANCHESTER,FRANCE,PARIS (CHARLES DE GAULLE),FLYBE LTD,A,S, 68 , 0 , 57.3529411764706 , 5.88235294117647 , 17.6470588235294 , 14.7058823529412 , 4.41176470588235 , 0 , 33.3529411764706 , 3 , 79 , 65.8227848101266 , 19.1392405063291 
24-Mar-2010 14:25,201001,MANCHESTER,FRANCE,PARIS (CHARLES DE GAULLE),FLYBE LTD,D,S, 69 , 0 , 56.5217391304348 , 17.3913043478261 , 15.9420289855072 , 8.69565217391304 , 1.44927536231884 , 0 , 23.4782608695652 , 2 , 80 , 70 , 14.0375 
24-Mar-2010 14:25,201001,MANCHESTER,FRANCE,PARIS (CHARLES DE GAULLE),REGIONAL COMPAGNIE AERIENNE EUROPEENNE,A,S, 25 , 0 , 68 , 32 , 0 , 0 , 0 , 0 , 10.6 , 0 , 21 , 66.6666666666667 , 21.6666666666667 
24-Mar-2010 14:25,201001,MANCHESTER,FRANCE,PARIS (CHARLES DE GAULLE),REGIONAL COMPAGNIE AERIENNE EUROPEENNE,D,S, 25 , 0 , 76 , 16 , 8 , 0 , 0 , 0 , 8.36 , 0 , 21 , 76.1904761904762 , 15.7619047619048 
24-Mar-2010 14:25,201001,MANCHESTER,FRANCE,PARIS (ORLY),AIR MEDITERRANEE,A,C, 0 , 0 , 0 , 0 , 0 , 0 , 0 , 0 , 0 , 0 , 1 , 0 , 87 
24-Mar-2010 14:25,201001,MANCHESTER,FRANCE,TOULOUSE (BLAGNAC),AIR MEDITERRANEE,A,C, 1 , 0 , 0 , 0 , 100 , 0 , 0 , 0 , 49 , 0 , 0 , 0 , 0 
24-Mar-2010 14:25,201001,MANCHESTER,FRANCE,TOULOUSE (BLAGNAC),AIR MEDITERRANEE,D,C, 1 , 0 , 0 , 100 , 0 , 0 , 0 , 0 , 19 , 0 , 0 , 0 , 0 
24-Mar-2010 14:25,201001,MANCHESTER,FRANCE,TOULOUSE (BLAGNAC),BMIBABY LTD,A,S, 9 , 0 , 33.3333333333333 , 22.2222222222222 , 33.3333333333333 , 11.1111111111111 , 0 , 0 , 31.4444444444444 , 0 , 0 , 0 , 0 
24-Mar-2010 14:25,201001,MANCHESTER,FRANCE,TOULOUSE (BLAGNAC),BMIBABY LTD,D,S, 9 , 0 , 55.5555555555556 , 11.1111111111111 , 33.3333333333333 , 0 , 0 , 0 , 18.1111111111111 , 0 , 0 , 0 , 0 
24-Mar-2010 14:25,201001,MANCHESTER,FRANCE,TOULOUSE (BLAGNAC),THOMAS COOK AIRLINES LTD,A,C, 4 , 0 , 25 , 0 , 25 , 25 , 25 , 0 , 82.75 , 0 , 3 , 100 , 5.33333333333333 
24-Mar-2010 14:25,201001,MANCHESTER,FRANCE,TOULOUSE (BLAGNAC),THOMAS COOK AIRLINES LTD,D,C, 5 , 0 , 60 , 20 , 0 , 0 , 20 , 0 , 46.8 , 0 , 3 , 100 , 0 
24-Mar-2010 14:25,201001,MANCHESTER,FRANCE,TOULOUSE (BLAGNAC),THOMSON AIRWAYS LTD,A,C, 4 , 0 , 25 , 25 , 25 , 0 , 25 , 0 , 83 , 0 , 6 , 50 , 23.8333333333333 
24-Mar-2010 14:25,201001,MANCHESTER,FRANCE,TOULOUSE (BLAGNAC),THOMSON AIRWAYS LTD,D,C, 5 , 0 , 60 , 0 , 20 , 0 , 20 , 0 , 71.8 , 0 , 6 , 100 , 5 
24-Mar-2010 14:25,201001,MANCHESTER,GAMBIA,BANJUL,HAMBURG INTERNATIONAL,A,C, 0 , 0 , 0 , 0 , 0 , 0 , 0 , 0 , 0 , 0 , 1 , 0 , 39 
24-Mar-2010 14:25,201001,MANCHESTER,GAMBIA,BANJUL,HAMBURG INTERNATIONAL,D,C, 0 , 0 , 0 , 0 , 0 , 0 , 0 , 0 , 0 , 0 , 1 , 0 , 19 
24-Mar-2010 14:25,201001,MANCHESTER,GAMBIA,BANJUL,THOMAS COOK AIRLINES LTD,A,C, 11 , 0 , 36.3636363636364 , 45.4545454545455 , 0 , 9.09090909090909 , 9.09090909090909 , 0 , 49.7272727272727 , 0 , 8 , 50 , 35 
24-Mar-2010 14:25,201001,MANCHESTER,GAMBIA,BANJUL,THOMAS COOK AIRLINES LTD,D,C, 10 , 0 , 30 , 40 , 10 , 10 , 0 , 10 , 57.9 , 0 , 9 , 77.7777777777778 , 10 
24-Mar-2010 14:25,201001,MANCHESTER,GAMBIA,BANJUL,THOMSON AIRWAYS LTD,A,C, 0 , 0 , 0 , 0 , 0 , 0 , 0 , 0 , 0 , 0 , 5 , 60 , 12.6 
24-Mar-2010 14:25,201001,MANCHESTER,GAMBIA,BANJUL,THOMSON AIRWAYS LTD,D,C, 0 , 0 , 0 , 0 , 0 , 0 , 0 , 0 , 0 , 0 , 5 , 100 , 8.8 
24-Mar-2010 14:25,201001,MANCHESTER,GERMANY,BREMEN,RYANAIR,A,S, 0 , 0 , 0 , 0 , 0 , 0 , 0 , 0 , 0 , 0 , 17 , 100 , 3 
24-Mar-2010 14:25,201001,MANCHESTER,GERMANY,BREMEN,RYANAIR,D,S, 0 , 0 , 0 , 0 , 0 , 0 , 0 , 0 , 0 , 0 , 17 , 94.1176470588235 , 3.58823529411765 
24-Mar-2010 14:25,201001,MANCHESTER,GERMANY,COLOGNE BONN,GERMANWINGS,A,S, 21 , 0 , 71.4285714285714 , 14.2857142857143 , 9.52380952380952 , 4.76190476190476 , 0 , 0 , 11.2857142857143 , 0 , 0 , 0 , 0 
24-Mar-2010 14:25,201001,MANCHESTER,GERMANY,COLOGNE BONN,GERMANWINGS,D,S, 21 , 0 , 66.6666666666667 , 19.047619047619 , 9.52380952380952 , 4.76190476190476 , 0 , 0 , 14.0952380952381 , 0 , 0 , 0 , 0 
24-Mar-2010 14:25,201001,MANCHESTER,GERMANY,COLOGNE BONN,TUIFLY  (GERMANY),A,S, 0 , 0 , 0 , 0 , 0 , 0 , 0 , 0 , 0 , 0 , 20 , 75 , 8.3 
24-Mar-2010 14:25,201001,MANCHESTER,GERMANY,COLOGNE BONN,TUIFLY  (GERMANY),D,S, 0 , 0 , 0 , 0 , 0 , 0 , 0 , 0 , 0 , 0 , 20 , 70 , 13.25 
24-Mar-2010 14:25,201001,MANCHESTER,GERMANY,DUSSELDORF,FLYBE LTD,A,S, 52 , 0 , 73.0769230769231 , 7.69230769230769 , 11.5384615384615 , 3.84615384615385 , 3.84615384615385 , 0 , 21 , 2 , 66 , 81.8181818181818 , 10.3787878787879 
24-Mar-2010 14:25,201001,MANCHESTER,GERMANY,DUSSELDORF,FLYBE LTD,D,S, 52 , 0 , 78.8461538461539 , 7.69230769230769 , 9.61538461538462 , 3.84615384615385 , 0 , 0 , 11.5192307692308 , 2 , 66 , 93.9393939393939 , 4.75757575757576 
24-Mar-2010 14:25,201001,MANCHESTER,GERMANY,DUSSELDORF,LUFTHANSA CITY LINE,A,S, 62 , 1 , 74.1935483870968 , 12.9032258064516 , 9.67741935483871 , 3.2258064516129 , 0 , 0 , 11.241935483871 , 0 , 88 , 80.6818181818182 , 10.5 
24-Mar-2010 14:25,201001,MANCHESTER,GERMANY,DUSSELDORF,LUFTHANSA CITY LINE,D,S, 62 , 0 , 72.5806451612903 , 11.2903225806452 , 12.9032258064516 , 3.2258064516129 , 0 , 0 , 13.1290322580645 , 0 , 88 , 85.2272727272727 , 8.67045454545455 
24-Mar-2010 14:25,201001,MANCHESTER,GERMANY,FRANKFURT MAIN,FLYBE LTD,A,S, 44 , 0 , 45.4545454545455 , 15.9090909090909 , 20.4545454545455 , 11.3636363636364 , 6.81818181818182 , 0 , 40.8181818181818 , 2 , 57 , 77.1929824561403 , 19.6140350877193 
24-Mar-2010 14:25,201001,MANCHESTER,GERMANY,FRANKFURT MAIN,FLYBE LTD,D,S, 44 , 0 , 61.3636363636364 , 11.3636363636364 , 13.6363636363636 , 13.6363636363636 , 0 , 0 , 25.1818181818182 , 3 , 56 , 80.3571428571429 , 10.5892857142857 
24-Mar-2010 14:25,201001,MANCHESTER,GERMANY,FRANKFURT MAIN,LUFTHANSA,A,S, 115 , 0 , 37.3913043478261 , 26.9565217391304 , 26.0869565217391 , 9.56521739130435 , 0 , 0 , 28.4347826086957 , 1 , 122 , 76.2295081967213 , 14.1147540983607 
24-Mar-2010 14:25,201001,MANCHESTER,GERMANY,FRANKFURT MAIN,LUFTHANSA,D,S, 114 , 0 , 46.4912280701754 , 16.6666666666667 , 15.7894736842105 , 15.7894736842105 , 4.3859649122807 , 0.87719298245614 , 40.140350877193 , 0 , 121 , 79.3388429752066 , 12.7851239669421 
24-Mar-2010 14:25,201001,MANCHESTER,GERMANY,FRIEDRICHSHAFEN,FLYBE LTD,A,C, 0 , 0 , 0 , 0 , 0 , 0 , 0 , 0 , 0 , 0 , 4 , 50 , 16.5 
24-Mar-2010 14:25,201001,MANCHESTER,GERMANY,FRIEDRICHSHAFEN,FLYBE LTD,D,C, 0 , 0 , 0 , 0 , 0 , 0 , 0 , 0 , 0 , 0 , 4 , 25 , 27 
24-Mar-2010 14:25,201001,MANCHESTER,GERMANY,HAHN,RYANAIR,A,S, 0 , 0 , 0 , 0 , 0 , 0 , 0 , 0 , 0 , 0 , 16 , 68.75 , 11.4375 
24-Mar-2010 14:25,201001,MANCHESTER,GERMANY,HAHN,RYANAIR,D,S, 0 , 0 , 0 , 0 , 0 , 0 , 0 , 0 , 0 , 0 , 16 , 75 , 16 
24-Mar-2010 14:25,201001,MANCHESTER,GERMANY,HAMBURG,LUFTHANSA CITY LINE,A,S, 55 , 0 , 76.3636363636364 , 12.7272727272727 , 5.45454545454545 , 5.45454545454545 , 0 , 0 , 14.7272727272727 , 0 , 46 , 84.7826086956522 , 9.60869565217391 
24-Mar-2010 14:25,201001,MANCHESTER,GERMANY,HAMBURG,LUFTHANSA CITY LINE,D,S, 55 , 0 , 81.8181818181818 , 10.9090909090909 , 1.81818181818182 , 5.45454545454545 , 0 , 0 , 9.87272727272727 , 0 , 46 , 84.7826086956522 , 11.3913043478261 
24-Mar-2010 14:25,201001,MANCHESTER,GERMANY,HANOVER,FLYBE LTD,A,S, 18 , 0 , 50 , 5.55555555555556 , 33.3333333333333 , 11.1111111111111 , 0 , 0 , 32.6111111111111 , 1 , 18 , 61.1111111111111 , 27.5 
24-Mar-2010 14:25,201001,MANCHESTER,GERMANY,HANOVER,FLYBE LTD,D,S, 18 , 0 , 72.2222222222222 , 0 , 11.1111111111111 , 16.6666666666667 , 0 , 0 , 22 , 0 , 18 , 61.1111111111111 , 23.3888888888889 
24-Mar-2010 14:25,201001,MANCHESTER,GERMANY,HANOVER,TUIFLY  (GERMANY),A,S, 0 , 0 , 0 , 0 , 0 , 0 , 0 , 0 , 0 , 0 , 10 , 70 , 15.9 
24-Mar-2010 14:25,201001,MANCHESTER,GERMANY,HANOVER,TUIFLY  (GERMANY),D,S, 0 , 0 , 0 , 0 , 0 , 0 , 0 , 0 , 0 , 0 , 10 , 70 , 15.9 
24-Mar-2010 14:25,201001,MANCHESTER,GERMANY,MUNICH,EASYJET AIRLINE COMPANY LTD,A,S, 17 , 0 , 35.2941176470588 , 11.7647058823529 , 17.6470588235294 , 29.4117647058824 , 5.88235294117647 , 0 , 57.9411764705882 , 1 , 0 , 0 , 0 
24-Mar-2010 14:25,201001,MANCHESTER,GERMANY,MUNICH,EASYJET AIRLINE COMPANY LTD,D,S, 17 , 0 , 41.1764705882353 , 29.4117647058824 , 0 , 29.4117647058824 , 0 , 0 , 39 , 1 , 0 , 0 , 0 
24-Mar-2010 14:25,201001,MANCHESTER,GERMANY,MUNICH,LUFTHANSA,A,S, 80 , 0 , 60 , 18.75 , 10 , 8.75 , 2.5 , 0 , 25.725 , 1 , 73 , 82.1917808219178 , 7.6986301369863 
24-Mar-2010 14:25,201001,MANCHESTER,GERMANY,MUNICH,LUFTHANSA,D,S, 79 , 0 , 65.8227848101266 , 16.4556962025316 , 10.126582278481 , 6.32911392405063 , 1.26582278481013 , 0 , 20.4683544303797 , 0 , 73 , 80.8219178082192 , 9.21917808219178 
24-Mar-2010 14:25,201001,MANCHESTER,GERMANY,MUNICH,THOMSON AIRWAYS LTD,A,C, 0 , 0 , 0 , 0 , 0 , 0 , 0 , 0 , 0 , 0 , 2 , 0 , 222.5 
24-Mar-2010 14:25,201001,MANCHESTER,GERMANY,MUNICH,THOMSON AIRWAYS LTD,D,C, 0 , 0 , 0 , 0 , 0 , 0 , 0 , 0 , 0 , 0 , 2 , 0 , 235 
24-Mar-2010 14:25,201001,MANCHESTER,GERMANY,NIEDERRHEIN,RYANAIR,A,S, 0 , 0 , 0 , 0 , 0 , 0 , 0 , 0 , 0 , 0 , 31 , 90.3225806451613 , 6.61290322580645 
24-Mar-2010 14:25,201001,MANCHESTER,GERMANY,NIEDERRHEIN,RYANAIR,D,S, 0 , 0 , 0 , 0 , 0 , 0 , 0 , 0 , 0 , 0 , 31 , 90.3225806451613 , 7.58064516129032 
24-Mar-2010 14:25,201001,MANCHESTER,GERMANY,PADERBORN,AIR BERLIN,A,S, 14 , 0 , 57.1428571428571 , 14.2857142857143 , 14.2857142857143 , 7.14285714285714 , 0 , 7.14285714285714 , 44.5714285714286 , 0 , 13 , 76.9230769230769 , 16.7692307692308 
24-Mar-2010 14:25,201001,MANCHESTER,GERMANY,PADERBORN,AIR BERLIN,D,S, 14 , 0 , 64.2857142857143 , 7.14285714285714 , 7.14285714285714 , 14.2857142857143 , 0 , 7.14285714285714 , 43 , 0 , 13 , 76.9230769230769 , 18 
24-Mar-2010 14:25,201001,MANCHESTER,GERMANY,STUTTGART,TUIFLY  (GERMANY),A,S, 0 , 0 , 0 , 0 , 0 , 0 , 0 , 0 , 0 , 0 , 14 , 85.7142857142857 , 5.35714285714286 
24-Mar-2010 14:25,201001,MANCHESTER,GERMANY,STUTTGART,TUIFLY  (GERMANY),D,S, 0 , 0 , 0 , 0 , 0 , 0 , 0 , 0 , 0 , 0 , 14 , 92.8571428571429 , 5.42857142857143 
24-Mar-2010 14:25,201001,MANCHESTER,GIBRALTAR,GIBRALTAR,MONARCH AIRLINES,A,S, 11 , 0 , 45.4545454545455 , 9.09090909090909 , 27.2727272727273 , 18.1818181818182 , 0 , 0 , 28.6363636363636 , 0 , 12 , 75 , 36.75 
24-Mar-2010 14:25,201001,MANCHESTER,GIBRALTAR,GIBRALTAR,MONARCH AIRLINES,D,S, 11 , 0 , 72.7272727272727 , 18.1818181818182 , 9.09090909090909 , 0 , 0 , 0 , 9 , 0 , 12 , 91.6666666666667 , 6.33333333333333 
24-Mar-2010 14:25,201001,MANCHESTER,GREECE,ATHENS,OLYMPIC AIRLINES,A,S, 0 , 0 , 0 , 0 , 0 , 0 , 0 , 0 , 0 , 0 , 14 , 78.5714285714286 , 9.64285714285714 
24-Mar-2010 14:25,201001,MANCHESTER,GREECE,ATHENS,OLYMPIC AIRLINES,D,S, 0 , 0 , 0 , 0 , 0 , 0 , 0 , 0 , 0 , 0 , 14 , 71.4285714285714 , 14 
24-Mar-2010 14:25,201001,MANCHESTER,HUNGARY,BUDAPEST,JET2.COM LTD,A,S, 13 , 0 , 61.5384615384615 , 0 , 7.69230769230769 , 23.0769230769231 , 0 , 7.69230769230769 , 64.1538461538462 , 0 , 13 , 61.5384615384615 , 34.1538461538462 
24-Mar-2010 14:25,201001,MANCHESTER,HUNGARY,BUDAPEST,JET2.COM LTD,D,S, 13 , 0 , 69.2307692307692 , 0 , 0 , 23.0769230769231 , 7.69230769230769 , 0 , 43.4615384615385 , 0 , 13 , 69.2307692307692 , 34.0769230769231 
24-Mar-2010 14:25,201001,MANCHESTER,ICELAND,KEFLAVIK,ICELANDAIR,A,S, 17 , 0 , 58.8235294117647 , 29.4117647058824 , 5.88235294117647 , 5.88235294117647 , 0 , 0 , 19.6470588235294 , 0 , 7 , 100 , 4 
24-Mar-2010 14:25,201001,MANCHESTER,ICELAND,KEFLAVIK,ICELANDAIR,D,S, 17 , 0 , 58.8235294117647 , 17.6470588235294 , 11.7647058823529 , 11.7647058823529 , 0 , 0 , 23.5294117647059 , 0 , 7 , 85.7142857142857 , 7.28571428571429 
24-Mar-2010 14:25,201001,MANCHESTER,INDIA,GOA,MONARCH AIRLINES,A,C, 5 , 0 , 20 , 20 , 40 , 0 , 0 , 20 , 331.2 , 0 , 6 , 16.6666666666667 , 98.5 
24-Mar-2010 14:25,201001,MANCHESTER,INDIA,GOA,MONARCH AIRLINES,D,C, 5 , 0 , 60 , 20 , 20 , 0 , 0 , 0 , 19.4 , 0 , 7 , 28.5714285714286 , 87.4285714285714 
24-Mar-2010 14:25,201001,MANCHESTER,INDIA,GOA,THOMAS COOK AIRLINES LTD,A,C, 7 , 0 , 71.4285714285714 , 14.2857142857143 , 0 , 14.2857142857143 , 0 , 0 , 27.7142857142857 , 0 , 8 , 62.5 , 62 
24-Mar-2010 14:25,201001,MANCHESTER,INDIA,GOA,THOMAS COOK AIRLINES LTD,D,C, 9 , 0 , 55.5555555555556 , 0 , 11.1111111111111 , 33.3333333333333 , 0 , 0 , 52.7777777777778 , 0 , 8 , 75 , 32.25 
24-Mar-2010 14:25,201001,MANCHESTER,INDIA,GOA,THOMSON AIRWAYS LTD,A,C, 3 , 0 , 100 , 0 , 0 , 0 , 0 , 0 , 3 , 0 , 9 , 22.2222222222222 , 83.4444444444444 
24-Mar-2010 14:25,201001,MANCHESTER,INDIA,GOA,THOMSON AIRWAYS LTD,D,C, 4 , 0 , 75 , 25 , 0 , 0 , 0 , 0 , 6.5 , 0 , 10 , 50 , 50.2 
24-Mar-2010 14:25,201001,MANCHESTER,INDONESIA,SOLO CITY,THOMAS COOK AIRLINES LTD,A,C, 0 , 2 , 0 , 0 , 0 , 0 , 0 , 0 , 0 , 0 , 0 , 0 , 0 
24-Mar-2010 14:25,201001,MANCHESTER,IRISH REPUBLIC,CORK,AER LINGUS,A,S, 29 , 0 , 62.0689655172414 , 20.6896551724138 , 6.89655172413793 , 10.3448275862069 , 0 , 0 , 21.0344827586207 , 0 , 17 , 82.3529411764706 , 13.0588235294118 
24-Mar-2010 14:25,201001,MANCHESTER,IRISH REPUBLIC,CORK,AER LINGUS,D,S, 29 , 0 , 62.0689655172414 , 17.2413793103448 , 6.89655172413793 , 13.7931034482759 , 0 , 0 , 20.6206896551724 , 0 , 17 , 82.3529411764706 , 8.41176470588235 
24-Mar-2010 14:25,201001,MANCHESTER,IRISH REPUBLIC,CORK,BMIBABY LTD,A,S, 15 , 0 , 73.3333333333333 , 6.66666666666667 , 6.66666666666667 , 13.3333333333333 , 0 , 0 , 21.9333333333333 , 2 , 24 , 91.6666666666667 , 4.58333333333333 
24-Mar-2010 14:25,201001,MANCHESTER,IRISH REPUBLIC,CORK,BMIBABY LTD,D,S, 16 , 0 , 75 , 6.25 , 0 , 12.5 , 6.25 , 0 , 33.5 , 1 , 23 , 82.6086956521739 , 5.26086956521739 
24-Mar-2010 14:25,201001,MANCHESTER,IRISH REPUBLIC,DUBLIN,AER ARANN,A,C, 0 , 0 , 0 , 0 , 0 , 0 , 0 , 0 , 0 , 0 , 4 , 75 , 12.25 
24-Mar-2010 14:25,201001,MANCHESTER,IRISH REPUBLIC,DUBLIN,AER ARANN,A,S, 3 , 1 , 66.6666666666667 , 0 , 33.3333333333333 , 0 , 0 , 0 , 20.3333333333333 , 1 , 0 , 0 , 0 
24-Mar-2010 14:25,201001,MANCHESTER,IRISH REPUBLIC,DUBLIN,AER ARANN,D,C, 0 , 0 , 0 , 0 , 0 , 0 , 0 , 0 , 0 , 0 , 4 , 75 , 11 
24-Mar-2010 14:25,201001,MANCHESTER,IRISH REPUBLIC,DUBLIN,AER ARANN,D,S, 3 , 1 , 0 , 0 , 66.6666666666667 , 0 , 33.3333333333333 , 0 , 94.6666666666667 , 2 , 0 , 0 , 0 
24-Mar-2010 14:25,201001,MANCHESTER,IRISH REPUBLIC,DUBLIN,AER LINGUS,A,S, 93 , 0 , 67.741935483871 , 8.60215053763441 , 11.8279569892473 , 9.67741935483871 , 2.1505376344086 , 0 , 24.6881720430108 , 1 , 120 , 81.6666666666667 , 8.70833333333333 
24-Mar-2010 14:25,201001,MANCHESTER,IRISH REPUBLIC,DUBLIN,AER LINGUS,D,S, 92 , 0 , 64.1304347826087 , 8.69565217391304 , 10.8695652173913 , 11.9565217391304 , 4.34782608695652 , 0 , 31.8152173913043 , 2 , 119 , 89.0756302521008 , 7.30252100840336 
24-Mar-2010 14:25,201001,MANCHESTER,IRISH REPUBLIC,DUBLIN,CITY JET,A,C, 2 , 0 , 100 , 0 , 0 , 0 , 0 , 0 , 4.5 , 0 , 0 , 0 , 0 
24-Mar-2010 14:25,201001,MANCHESTER,IRISH REPUBLIC,DUBLIN,CITY JET,D,C, 2 , 0 , 0 , 50 , 0 , 50 , 0 , 0 , 58 , 0 , 0 , 0 , 0 
24-Mar-2010 14:25,201001,MANCHESTER,IRISH REPUBLIC,DUBLIN,DELTA AIRLINES,D,S, 1 , 0 , 100 , 0 , 0 , 0 , 0 , 0 , 14 , 0 , 0 , 0 , 0 
24-Mar-2010 14:25,201001,MANCHESTER,IRISH REPUBLIC,DUBLIN,RYANAIR,A,S, 104 , 0 , 63.4615384615385 , 15.3846153846154 , 16.3461538461538 , 4.80769230769231 , 0 , 0 , 17.875 , 6 , 132 , 85.6060606060606 , 9.28030303030303 
24-Mar-2010 14:25,201001,MANCHESTER,IRISH REPUBLIC,DUBLIN,RYANAIR,D,S, 104 , 0 , 63.4615384615385 , 10.5769230769231 , 16.3461538461538 , 8.65384615384615 , 0.961538461538462 , 0 , 23.8269230769231 , 6 , 132 , 80.3030303030303 , 11.1818181818182 
24-Mar-2010 14:25,201001,MANCHESTER,IRISH REPUBLIC,GALWAY,AER ARANN,A,S, 34 , 0 , 70.5882352941177 , 8.82352941176471 , 8.82352941176471 , 8.82352941176471 , 2.94117647058824 , 0 , 27.5588235294118 , 1 , 43 , 86.046511627907 , 7.62790697674419 
24-Mar-2010 14:25,201001,MANCHESTER,IRISH REPUBLIC,GALWAY,AER ARANN,D,S, 35 , 0 , 62.8571428571429 , 5.71428571428571 , 11.4285714285714 , 17.1428571428571 , 2.85714285714286 , 0 , 36.4571428571429 , 1 , 43 , 81.3953488372093 , 13.3023255813953 
24-Mar-2010 14:25,201001,MANCHESTER,IRISH REPUBLIC,IRELAND WEST AIRPORT KNOCK ,BMIBABY LTD,A,S, 19 , 0 , 63.1578947368421 , 15.7894736842105 , 15.7894736842105 , 5.26315789473684 , 0 , 0 , 17.1052631578947 , 3 , 22 , 95.4545454545455 , 2.5 
24-Mar-2010 14:25,201001,MANCHESTER,IRISH REPUBLIC,IRELAND WEST AIRPORT KNOCK ,BMIBABY LTD,D,S, 19 , 0 , 68.421052631579 , 5.26315789473684 , 26.3157894736842 , 0 , 0 , 0 , 14.0526315789474 , 3 , 23 , 91.304347826087 , 5.30434782608696 
24-Mar-2010 14:25,201001,MANCHESTER,IRISH REPUBLIC,KERRY COUNTY,AER ARANN,A,S, 0 , 0 , 0 , 0 , 0 , 0 , 0 , 0 , 0 , 0 , 7 , 71.4285714285714 , 26.4285714285714 
24-Mar-2010 14:25,201001,MANCHESTER,IRISH REPUBLIC,KERRY COUNTY,AER ARANN,D,S, 0 , 0 , 0 , 0 , 0 , 0 , 0 , 0 , 0 , 0 , 7 , 85.7142857142857 , 15 
24-Mar-2010 14:25,201001,MANCHESTER,IRISH REPUBLIC,SHANNON,RYANAIR,A,S, 0 , 0 , 0 , 0 , 0 , 0 , 0 , 0 , 0 , 0 , 29 , 96.551724137931 , 2 
24-Mar-2010 14:25,201001,MANCHESTER,IRISH REPUBLIC,SHANNON,RYANAIR,D,S, 0 , 0 , 0 , 0 , 0 , 0 , 0 , 0 , 0 , 0 , 29 , 96.551724137931 , 2.68965517241379 
24-Mar-2010 14:25,201001,MANCHESTER,IRISH REPUBLIC,SHANNON,THOMSON AIRWAYS LTD,A,C, 0 , 0 , 0 , 0 , 0 , 0 , 0 , 0 , 0 , 0 , 1 , 100 , 11 
24-Mar-2010 14:25,201001,MANCHESTER,IRISH REPUBLIC,SHANNON,THOMSON AIRWAYS LTD,D,C, 0 , 0 , 0 , 0 , 0 , 0 , 0 , 0 , 0 , 0 , 1 , 100 , 2 
24-Mar-2010 14:25,201001,MANCHESTER,IRISH REPUBLIC,WATERFORD,AER ARANN,A,S, 19 , 0 , 73.6842105263158 , 5.26315789473684 , 5.26315789473684 , 15.7894736842105 , 0 , 0 , 26.3684210526316 , 2 , 23 , 91.304347826087 , 4.21739130434783 
24-Mar-2010 14:25,201001,MANCHESTER,IRISH REPUBLIC,WATERFORD,AER ARANN,D,S, 19 , 0 , 73.6842105263158 , 5.26315789473684 , 5.26315789473684 , 15.7894736842105 , 0 , 0 , 24.9473684210526 , 2 , 23 , 91.304347826087 , 3.73913043478261 
24-Mar-2010 14:25,201001,MANCHESTER,ISLE OF CURACAO NETH.ANTILLES,ARUBA,THOMSON AIRWAYS LTD,A,C, 0 , 0 , 0 , 0 , 0 , 0 , 0 , 0 , 0 , 0 , 2 , 50 , 142 
24-Mar-2010 14:25,201001,MANCHESTER,ISLE OF CURACAO NETH.ANTILLES,ARUBA,THOMSON AIRWAYS LTD,D,C, 0 , 0 , 0 , 0 , 0 , 0 , 0 , 0 , 0 , 0 , 2 , 0 , 154.5 
24-Mar-2010 14:25,201001,MANCHESTER,ISRAEL,TEL AVIV,JET2.COM LTD,A,S, 2 , 0 , 0 , 0 , 0 , 100 , 0 , 0 , 120.5 , 0 , 0 , 0 , 0 
24-Mar-2010 14:25,201001,MANCHESTER,ISRAEL,TEL AVIV,JET2.COM LTD,D,S, 2 , 0 , 0 , 0 , 50 , 50 , 0 , 0 , 85 , 0 , 0 , 0 , 0 
24-Mar-2010 14:25,201001,MANCHESTER,ISRAEL,TEL AVIV,THOMSON AIRWAYS LTD,A,S, 0 , 0 , 0 , 0 , 0 , 0 , 0 , 0 , 0 , 0 , 9 , 33.3333333333333 , 33.7777777777778 
24-Mar-2010 14:25,201001,MANCHESTER,ISRAEL,TEL AVIV,THOMSON AIRWAYS LTD,D,S, 0 , 0 , 0 , 0 , 0 , 0 , 0 , 0 , 0 , 0 , 10 , 60 , 17.4 
24-Mar-2010 14:25,201001,MANCHESTER,ITALY,BERGAMO,RYANAIR,A,S, 0 , 0 , 0 , 0 , 0 , 0 , 0 , 0 , 0 , 0 , 14 , 92.8571428571429 , 2.07142857142857 
24-Mar-2010 14:25,201001,MANCHESTER,ITALY,BERGAMO,RYANAIR,D,S, 0 , 0 , 0 , 0 , 0 , 0 , 0 , 0 , 0 , 0 , 14 , 85.7142857142857 , 9 
24-Mar-2010 14:25,201001,MANCHESTER,ITALY,BRESCIA/MONTICHIARI,THOMAS COOK AIRLINES LTD,A,C, 5 , 0 , 60 , 20 , 20 , 0 , 0 , 0 , 19.2 , 0 , 5 , 40 , 70 
24-Mar-2010 14:25,201001,MANCHESTER,ITALY,BRESCIA/MONTICHIARI,THOMAS COOK AIRLINES LTD,D,C, 5 , 0 , 80 , 20 , 0 , 0 , 0 , 0 , 7.4 , 0 , 5 , 80 , 21 
24-Mar-2010 14:25,201001,MANCHESTER,ITALY,MILAN (MALPENSA),FLYBE LTD,A,S, 28 , 0 , 39.2857142857143 , 21.4285714285714 , 7.14285714285714 , 25 , 7.14285714285714 , 0 , 48.2142857142857 , 1 , 40 , 75 , 28 
24-Mar-2010 14:25,201001,MANCHESTER,ITALY,MILAN (MALPENSA),FLYBE LTD,D,S, 28 , 0 , 53.5714285714286 , 17.8571428571429 , 7.14285714285714 , 17.8571428571429 , 3.57142857142857 , 0 , 36.6071428571429 , 2 , 40 , 70 , 19.625 
24-Mar-2010 14:25,201001,MANCHESTER,ITALY,ROME (FIUMICINO),JET2.COM LTD,A,C, 1 , 0 , 0 , 0 , 0 , 100 , 0 , 0 , 94 , 0 , 0 , 0 , 0 
24-Mar-2010 14:25,201001,MANCHESTER,ITALY,ROME (FIUMICINO),JET2.COM LTD,A,S, 9 , 0 , 44.4444444444444 , 44.4444444444444 , 0 , 11.1111111111111 , 0 , 0 , 24.1111111111111 , 0 , 0 , 0 , 0 
24-Mar-2010 14:25,201001,MANCHESTER,ITALY,ROME (FIUMICINO),JET2.COM LTD,D,S, 9 , 0 , 66.6666666666667 , 11.1111111111111 , 11.1111111111111 , 11.1111111111111 , 0 , 0 , 17.3333333333333 , 0 , 0 , 0 , 0 
24-Mar-2010 14:25,201001,MANCHESTER,ITALY,TURIN,MONARCH AIRLINES,A,C, 0 , 0 , 0 , 0 , 0 , 0 , 0 , 0 , 0 , 0 , 4 , 50 , 21.5 
24-Mar-2010 14:25,201001,MANCHESTER,ITALY,TURIN,MONARCH AIRLINES,D,C, 0 , 0 , 0 , 0 , 0 , 0 , 0 , 0 , 0 , 0 , 4 , 75 , 10.5 
24-Mar-2010 14:25,201001,MANCHESTER,ITALY,TURIN,THOMAS COOK AIRLINES LTD,A,C, 6 , 0 , 50 , 0 , 0 , 16.6666666666667 , 33.3333333333333 , 0 , 93.3333333333333 , 0 , 4 , 100 , 0 
24-Mar-2010 14:25,201001,MANCHESTER,ITALY,TURIN,THOMAS COOK AIRLINES LTD,D,C, 6 , 0 , 66.6666666666667 , 0 , 0 , 0 , 33.3333333333333 , 0 , 79.5 , 0 , 4 , 100 , 3.5 
24-Mar-2010 14:25,201001,MANCHESTER,ITALY,TURIN,THOMSON AIRWAYS LTD,A,C, 11 , 1 , 54.5454545454545 , 0 , 27.2727272727273 , 9.09090909090909 , 9.09090909090909 , 0 , 43.6363636363636 , 0 , 8 , 62.5 , 11.75 
24-Mar-2010 14:25,201001,MANCHESTER,ITALY,TURIN,THOMSON AIRWAYS LTD,D,C, 10 , 0 , 80 , 10 , 0 , 0 , 10 , 0 , 30.1 , 0 , 8 , 75 , 12.625 
24-Mar-2010 14:25,201001,MANCHESTER,ITALY,VERONA VILLAFRANCA,THOMSON AIRWAYS LTD,A,C, 5 , 0 , 80 , 0 , 0 , 20 , 0 , 0 , 21.2 , 0 , 5 , 100 , 0.4 
24-Mar-2010 14:25,201001,MANCHESTER,ITALY,VERONA VILLAFRANCA,THOMSON AIRWAYS LTD,D,C, 5 , 0 , 80 , 0 , 0 , 20 , 0 , 0 , 17 , 0 , 5 , 80 , 12.2 
24-Mar-2010 14:25,201001,MANCHESTER,JAMAICA,MONTEGO BAY,THOMAS COOK AIRLINES LTD,A,C, 6 , 0 , 50 , 33.3333333333333 , 0 , 16.6666666666667 , 0 , 0 , 25.6666666666667 , 0 , 6 , 66.6666666666667 , 13.8333333333333 
24-Mar-2010 14:25,201001,MANCHESTER,JAMAICA,MONTEGO BAY,THOMAS COOK AIRLINES LTD,D,C, 7 , 0 , 57.1428571428571 , 14.2857142857143 , 14.2857142857143 , 0 , 14.2857142857143 , 0 , 39 , 0 , 7 , 42.8571428571429 , 36.8571428571429 
24-Mar-2010 14:25,201001,MANCHESTER,JAMAICA,MONTEGO BAY,THOMSON AIRWAYS LTD,A,C, 3 , 1 , 100 , 0 , 0 , 0 , 0 , 0 , 5 , 0 , 6 , 66.6666666666667 , 21.3333333333333 
24-Mar-2010 14:25,201001,MANCHESTER,JAMAICA,MONTEGO BAY,THOMSON AIRWAYS LTD,D,C, 4 , 0 , 25 , 50 , 25 , 0 , 0 , 0 , 22.75 , 0 , 8 , 12.5 , 55.125 
24-Mar-2010 14:25,201001,MANCHESTER,KENYA,MOMBASA,MONARCH AIRLINES,A,C, 4 , 0 , 25 , 25 , 0 , 25 , 25 , 0 , 111.5 , 0 , 0 , 0 , 0 
24-Mar-2010 14:25,201001,MANCHESTER,KENYA,MOMBASA,MONARCH AIRLINES,D,C, 4 , 0 , 0 , 0 , 50 , 25 , 0 , 25 , 136 , 0 , 0 , 0 , 0 
24-Mar-2010 14:25,201001,MANCHESTER,KENYA,MOMBASA,THOMSON AIRWAYS LTD,A,C, 0 , 0 , 0 , 0 , 0 , 0 , 0 , 0 , 0 , 0 , 4 , 25 , 71.25 
24-Mar-2010 14:25,201001,MANCHESTER,KENYA,MOMBASA,THOMSON AIRWAYS LTD,D,C, 0 , 0 , 0 , 0 , 0 , 0 , 0 , 0 , 0 , 0 , 4 , 25 , 98.25 
24-Mar-2010 14:25,201001,MANCHESTER,KENYA,NAIROBI,BMI BRITISH MIDLAND,D,C, 0 , 0 , 0 , 0 , 0 , 0 , 0 , 0 , 0 , 0 , 3 , 100 , 4.66666666666667 
24-Mar-2010 14:25,201001,MANCHESTER,KENYA,NAIROBI,MONARCH AIRLINES,D,C, 0 , 0 , 0 , 0 , 0 , 0 , 0 , 0 , 0 , 0 , 2 , 50 , 14 
24-Mar-2010 14:25,201001,MANCHESTER,LIBYA,TRIPOLI,LIBYAN ARAB AIRLINES,A,S, 21 , 0 , 38.0952380952381 , 14.2857142857143 , 38.0952380952381 , 9.52380952380952 , 0 , 0 , 32.9047619047619 , 0 , 13 , 46.1538461538462 , 42.0769230769231 
24-Mar-2010 14:25,201001,MANCHESTER,LIBYA,TRIPOLI,LIBYAN ARAB AIRLINES,D,S, 21 , 0 , 52.3809523809524 , 4.76190476190476 , 28.5714285714286 , 9.52380952380952 , 4.76190476190476 , 0 , 40.2380952380952 , 0 , 13 , 46.1538461538462 , 50.5384615384615 
24-Mar-2010 14:25,201001,MANCHESTER,LUXEMBOURG,LUXEMBOURG,VLM (BELGIUM),A,S, 0 , 0 , 0 , 0 , 0 , 0 , 0 , 0 , 0 , 0 , 39 , 97.4358974358974 , 2.15384615384615 
24-Mar-2010 14:25,201001,MANCHESTER,LUXEMBOURG,LUXEMBOURG,VLM (BELGIUM),D,S, 0 , 0 , 0 , 0 , 0 , 0 , 0 , 0 , 0 , 0 , 39 , 87.1794871794872 , 6.20512820512821 
24-Mar-2010 14:25,201001,MANCHESTER,MALDIVE ISLANDS,MALE INTERNATIONAL,THOMSON AIRWAYS LTD,A,C, 4 , 0 , 50 , 0 , 25 , 0 , 25 , 0 , 71.25 , 0 , 5 , 0 , 81.8 
24-Mar-2010 14:25,201001,MANCHESTER,MALDIVE ISLANDS,MALE INTERNATIONAL,THOMSON AIRWAYS LTD,D,C, 4 , 0 , 75 , 0 , 0 , 0 , 25 , 0 , 60 , 0 , 5 , 60 , 47.6 
24-Mar-2010 14:25,201001,MANCHESTER,MALTA,MALTA,AIR MALTA,A,S, 22 , 0 , 81.8181818181818 , 9.09090909090909 , 4.54545454545455 , 4.54545454545455 , 0 , 0 , 10.3181818181818 , 0 , 23 , 91.304347826087 , 5.17391304347826 
24-Mar-2010 14:25,201001,MANCHESTER,MALTA,MALTA,AIR MALTA,D,S, 22 , 0 , 59.0909090909091 , 22.7272727272727 , 13.6363636363636 , 4.54545454545455 , 0 , 0 , 17.9090909090909 , 0 , 23 , 65.2173913043478 , 17.2608695652174 
24-Mar-2010 14:25,201001,MANCHESTER,MALTA,MALTA,EASYJET AIRLINE COMPANY LTD,A,S, 12 , 0 , 66.6666666666667 , 16.6666666666667 , 8.33333333333333 , 8.33333333333333 , 0 , 0 , 21.1666666666667 , 0 , 14 , 78.5714285714286 , 38.5 
24-Mar-2010 14:25,201001,MANCHESTER,MALTA,MALTA,EASYJET AIRLINE COMPANY LTD,D,S, 12 , 0 , 66.6666666666667 , 25 , 0 , 8.33333333333333 , 0 , 0 , 14.9166666666667 , 0 , 14 , 78.5714285714286 , 35.3571428571429 
24-Mar-2010 14:25,201001,MANCHESTER,MALTA,MALTA,THOMAS COOK AIRLINES LTD,A,C, 1 , 0 , 0 , 100 , 0 , 0 , 0 , 0 , 22 , 0 , 1 , 100 , 9 
24-Mar-2010 14:25,201001,MANCHESTER,MALTA,MALTA,THOMAS COOK AIRLINES LTD,D,C, 1 , 0 , 0 , 0 , 0 , 0 , 0 , 100 , 638 , 0 , 1 , 100 , 0 
24-Mar-2010 14:25,201001,MANCHESTER,MALTA,MALTA,THOMSON AIRWAYS LTD,A,C, 4 , 0 , 100 , 0 , 0 , 0 , 0 , 0 , 0 , 0 , 4 , 100 , 0 
24-Mar-2010 14:25,201001,MANCHESTER,MALTA,MALTA,THOMSON AIRWAYS LTD,D,C, 4 , 0 , 75 , 0 , 0 , 0 , 0 , 25 , 147.5 , 0 , 4 , 50 , 11.5 
24-Mar-2010 14:25,201001,MANCHESTER,MEXICO,ACAPULCO,THOMAS COOK AIRLINES LTD,A,C, 1 , 0 , 0 , 0 , 100 , 0 , 0 , 0 , 33 , 0 , 0 , 0 , 0 
24-Mar-2010 14:25,201001,MANCHESTER,MEXICO,ACAPULCO,THOMAS COOK AIRLINES LTD,D,C, 1 , 0 , 0 , 0 , 100 , 0 , 0 , 0 , 32 , 0 , 0 , 0 , 0 
24-Mar-2010 14:25,201001,MANCHESTER,MEXICO,ACAPULCO,THOMSON AIRWAYS LTD,A,C, 1 , 0 , 100 , 0 , 0 , 0 , 0 , 0 , 0 , 0 , 2 , 50 , 77.5 
24-Mar-2010 14:25,201001,MANCHESTER,MEXICO,ACAPULCO,THOMSON AIRWAYS LTD,D,C, 1 , 0 , 0 , 100 , 0 , 0 , 0 , 0 , 19 , 0 , 1 , 0 , 119 
24-Mar-2010 14:25,201001,MANCHESTER,MEXICO,CANCUN,THOMAS COOK AIRLINES LTD,A,C, 4 , 0 , 75 , 0 , 0 , 25 , 0 , 0 , 23.5 , 0 , 5 , 60 , 18.6 
24-Mar-2010 14:25,201001,MANCHESTER,MEXICO,CANCUN,THOMAS COOK AIRLINES LTD,D,C, 4 , 0 , 25 , 50 , 0 , 25 , 0 , 0 , 50 , 0 , 4 , 50 , 29 
24-Mar-2010 14:25,201001,MANCHESTER,MEXICO,CANCUN,THOMSON AIRWAYS LTD,A,C, 8 , 1 , 50 , 12.5 , 12.5 , 12.5 , 12.5 , 0 , 53.5 , 0 , 13 , 69.2307692307692 , 20.7692307692308 
24-Mar-2010 14:25,201001,MANCHESTER,MEXICO,CANCUN,THOMSON AIRWAYS LTD,D,C, 9 , 3 , 33.3333333333333 , 0 , 33.3333333333333 , 11.1111111111111 , 22.2222222222222 , 0 , 85.1111111111111 , 0 , 12 , 66.6666666666667 , 15.6666666666667 
24-Mar-2010 14:25,201001,MANCHESTER,MOROCCO,AGADIR,THOMAS COOK AIRLINES LTD,A,C, 0 , 0 , 0 , 0 , 0 , 0 , 0 , 0 , 0 , 0 , 5 , 80 , 11.6 
24-Mar-2010 14:25,201001,MANCHESTER,MOROCCO,AGADIR,THOMAS COOK AIRLINES LTD,D,C, 0 , 0 , 0 , 0 , 0 , 0 , 0 , 0 , 0 , 0 , 5 , 100 , 0.8 
24-Mar-2010 14:25,201001,MANCHESTER,MOROCCO,AGADIR,THOMSON AIRWAYS LTD,A,S, 4 , 0 , 100 , 0 , 0 , 0 , 0 , 0 , 3 , 0 , 4 , 50 , 33 
24-Mar-2010 14:25,201001,MANCHESTER,MOROCCO,AGADIR,THOMSON AIRWAYS LTD,D,S, 4 , 0 , 100 , 0 , 0 , 0 , 0 , 0 , 6 , 0 , 4 , 50 , 25.5 
24-Mar-2010 14:25,201001,MANCHESTER,MOROCCO,MARRAKESH,EASYJET AIRLINE COMPANY LTD,A,S, 13 , 0 , 53.8461538461538 , 15.3846153846154 , 0 , 30.7692307692308 , 0 , 0 , 29.6153846153846 , 0 , 0 , 0 , 0 
24-Mar-2010 14:25,201001,MANCHESTER,MOROCCO,MARRAKESH,EASYJET AIRLINE COMPANY LTD,D,S, 13 , 0 , 61.5384615384615 , 0 , 15.3846153846154 , 23.0769230769231 , 0 , 0 , 27.1538461538462 , 0 , 0 , 0 , 0 
24-Mar-2010 14:25,201001,MANCHESTER,MOROCCO,MARRAKESH,THOMSON AIRWAYS LTD,A,S, 8 , 0 , 50 , 25 , 0 , 25 , 0 , 0 , 22.375 , 1 , 9 , 88.8888888888889 , 7.44444444444444 
24-Mar-2010 14:25,201001,MANCHESTER,MOROCCO,MARRAKESH,THOMSON AIRWAYS LTD,D,S, 9 , 0 , 66.6666666666667 , 0 , 11.1111111111111 , 22.2222222222222 , 0 , 0 , 24.1111111111111 , 0 , 9 , 77.7777777777778 , 10.2222222222222 
24-Mar-2010 14:25,201001,MANCHESTER,NETHERLANDS,AMSTERDAM,BMIBABY LTD,A,S, 26 , 0 , 80.7692307692308 , 3.84615384615385 , 11.5384615384615 , 3.84615384615385 , 0 , 0 , 10.6538461538462 , 0 , 0 , 0 , 0 
24-Mar-2010 14:25,201001,MANCHESTER,NETHERLANDS,AMSTERDAM,BMIBABY LTD,D,S, 26 , 0 , 88.4615384615385 , 3.84615384615385 , 3.84615384615385 , 3.84615384615385 , 0 , 0 , 7.65384615384615 , 1 , 0 , 0 , 0 
24-Mar-2010 14:25,201001,MANCHESTER,NETHERLANDS,AMSTERDAM,KLM,A,S, 122 , 0 , 70.4918032786885 , 10.655737704918 , 10.655737704918 , 7.37704918032787 , 0.819672131147541 , 0 , 19.0983606557377 , 5 , 150 , 89.3333333333333 , 6.4 
24-Mar-2010 14:25,201001,MANCHESTER,NETHERLANDS,AMSTERDAM,KLM,D,S, 121 , 0 , 79.3388429752066 , 12.396694214876 , 2.47933884297521 , 4.13223140495868 , 0.826446280991736 , 0.826446280991736 , 16.2727272727273 , 5 , 149 , 89.261744966443 , 8.23489932885906 
24-Mar-2010 14:25,201001,MANCHESTER,NETHERLANDS,AMSTERDAM,KLM CITYHOPPER,A,S, 26 , 0 , 76.9230769230769 , 11.5384615384615 , 3.84615384615385 , 7.69230769230769 , 0 , 0 , 11.1923076923077 , 0 , 27 , 81.4814814814815 , 6.40740740740741 
24-Mar-2010 14:25,201001,MANCHESTER,NETHERLANDS,AMSTERDAM,KLM CITYHOPPER,D,S, 26 , 0 , 88.4615384615385 , 7.69230769230769 , 0 , 3.84615384615385 , 0 , 0 , 7.15384615384615 , 0 , 27 , 85.1851851851852 , 7.11111111111111 
24-Mar-2010 14:25,201001,MANCHESTER,NETHERLANDS,ROTTERDAM,VLM (BELGIUM),A,S, 0 , 0 , 0 , 0 , 0 , 0 , 0 , 0 , 0 , 0 , 35 , 85.7142857142857 , 4.28571428571429 
24-Mar-2010 14:25,201001,MANCHESTER,NETHERLANDS,ROTTERDAM,VLM (BELGIUM),D,S, 0 , 0 , 0 , 0 , 0 , 0 , 0 , 0 , 0 , 0 , 35 , 88.5714285714286 , 5.65714285714286 
24-Mar-2010 14:25,201001,MANCHESTER,NORWAY,OSLO (GARDERMOEN),SAS,A,S, 17 , 0 , 94.1176470588235 , 5.88235294117647 , 0 , 0 , 0 , 0 , 3.17647058823529 , 1 , 17 , 82.3529411764706 , 6.94117647058824 
24-Mar-2010 14:25,201001,MANCHESTER,NORWAY,OSLO (GARDERMOEN),SAS,D,S, 18 , 0 , 88.8888888888889 , 5.55555555555556 , 5.55555555555556 , 0 , 0 , 0 , 5 , 0 , 17 , 82.3529411764706 , 9.11764705882353 
24-Mar-2010 14:25,201001,MANCHESTER,PAKISTAN,ISLAMABAD,AIR BLUE,A,S, 18 , 0 , 16.6666666666667 , 11.1111111111111 , 27.7777777777778 , 38.8888888888889 , 5.55555555555556 , 0 , 64.6666666666667 , 0 , 18 , 50 , 53.0555555555556 
24-Mar-2010 14:25,201001,MANCHESTER,PAKISTAN,ISLAMABAD,AIR BLUE,D,S, 18 , 0 , 27.7777777777778 , 16.6666666666667 , 5.55555555555556 , 44.4444444444444 , 5.55555555555556 , 0 , 66.6111111111111 , 0 , 18 , 16.6666666666667 , 77.8888888888889 
24-Mar-2010 14:25,201001,MANCHESTER,PAKISTAN,ISLAMABAD,PAKISTAN INTL AIRLINES,A,S, 18 , 1 , 44.4444444444444 , 27.7777777777778 , 22.2222222222222 , 5.55555555555556 , 0 , 0 , 23.2222222222222 , 0 , 22 , 31.8181818181818 , 37.8636363636364 
24-Mar-2010 14:25,201001,MANCHESTER,PAKISTAN,ISLAMABAD,PAKISTAN INTL AIRLINES,D,S, 18 , 0 , 5.55555555555556 , 38.8888888888889 , 33.3333333333333 , 22.2222222222222 , 0 , 0 , 48.1111111111111 , 0 , 23 , 56.5217391304348 , 16.0434782608696 
24-Mar-2010 14:25,201001,MANCHESTER,PAKISTAN,KARACHI,PAKISTAN INTL AIRLINES,A,S, 9 , 0 , 33.3333333333333 , 0 , 22.2222222222222 , 0 , 0 , 44.4444444444444 , 230 , 0 , 9 , 55.5555555555556 , 63.3333333333333 
24-Mar-2010 14:25,201001,MANCHESTER,PAKISTAN,LAHORE,PAKISTAN INTL AIRLINES,A,S, 9 , 0 , 11.1111111111111 , 33.3333333333333 , 33.3333333333333 , 11.1111111111111 , 11.1111111111111 , 0 , 68.2222222222222 , 0 , 10 , 50 , 86.5 
24-Mar-2010 14:25,201001,MANCHESTER,PAKISTAN,LAHORE,PAKISTAN INTL AIRLINES,D,S, 9 , 0 , 11.1111111111111 , 44.4444444444444 , 0 , 0 , 44.4444444444444 , 0 , 113.555555555556 , 0 , 9 , 22.2222222222222 , 54.7777777777778 
24-Mar-2010 14:25,201001,MANCHESTER,PORTUGAL(EXCLUDING MADEIRA),AZORES PONTA DELGADA,SATA,A,S, 0 , 0 , 0 , 0 , 0 , 0 , 0 , 0 , 0 , 0 , 5 , 40 , 50.4 
24-Mar-2010 14:25,201001,MANCHESTER,PORTUGAL(EXCLUDING MADEIRA),AZORES PONTA DELGADA,SATA,D,S, 0 , 0 , 0 , 0 , 0 , 0 , 0 , 0 , 0 , 0 , 5 , 40 , 55 
24-Mar-2010 14:25,201001,MANCHESTER,PORTUGAL(EXCLUDING MADEIRA),FARO,MONARCH AIRLINES,A,S, 26 , 0 , 69.2307692307692 , 19.2307692307692 , 3.84615384615385 , 0 , 3.84615384615385 , 3.84615384615385 , 32.3461538461538 , 0 , 25 , 84 , 16.12 
24-Mar-2010 14:25,201001,MANCHESTER,PORTUGAL(EXCLUDING MADEIRA),FARO,MONARCH AIRLINES,D,S, 26 , 0 , 73.0769230769231 , 15.3846153846154 , 0 , 3.84615384615385 , 3.84615384615385 , 3.84615384615385 , 31.8076923076923 , 0 , 25 , 76 , 18.08 
24-Mar-2010 14:25,201001,MANCHESTER,PORTUGAL(EXCLUDING MADEIRA),FARO,THOMAS COOK AIRLINES LTD,A,C, 0 , 0 , 0 , 0 , 0 , 0 , 0 , 0 , 0 , 0 , 2 , 0 , 18.5 
24-Mar-2010 14:25,201001,MANCHESTER,PORTUGAL(EXCLUDING MADEIRA),FARO,THOMAS COOK AIRLINES LTD,D,C, 1 , 0 , 100 , 0 , 0 , 0 , 0 , 0 , 4 , 0 , 2 , 50 , 32.5 
24-Mar-2010 14:25,201001,MANCHESTER,PORTUGAL(EXCLUDING MADEIRA),FARO,THOMSON AIRWAYS LTD,A,C, 0 , 0 , 0 , 0 , 0 , 0 , 0 , 0 , 0 , 0 , 7 , 71.4285714285714 , 11 
24-Mar-2010 14:25,201001,MANCHESTER,PORTUGAL(EXCLUDING MADEIRA),FARO,THOMSON AIRWAYS LTD,D,C, 0 , 0 , 0 , 0 , 0 , 0 , 0 , 0 , 0 , 0 , 7 , 71.4285714285714 , 19.1428571428571 
24-Mar-2010 14:25,201001,MANCHESTER,PORTUGAL(MADEIRA),FUNCHAL,THOMAS COOK AIRLINES LTD,A,C, 4 , 0 , 100 , 0 , 0 , 0 , 0 , 0 , 0 , 0 , 4 , 100 , 3 
24-Mar-2010 14:25,201001,MANCHESTER,PORTUGAL(MADEIRA),FUNCHAL,THOMAS COOK AIRLINES LTD,D,C, 4 , 0 , 100 , 0 , 0 , 0 , 0 , 0 , 2.25 , 0 , 4 , 75 , 4.5 
24-Mar-2010 14:25,201001,MANCHESTER,PORTUGAL(MADEIRA),FUNCHAL,THOMSON AIRWAYS LTD,A,C, 6 , 0 , 83.3333333333333 , 0 , 0 , 16.6666666666667 , 0 , 0 , 23.1666666666667 , 0 , 9 , 88.8888888888889 , 4.22222222222222 
24-Mar-2010 14:25,201001,MANCHESTER,PORTUGAL(MADEIRA),FUNCHAL,THOMSON AIRWAYS LTD,D,C, 6 , 0 , 66.6666666666667 , 16.6666666666667 , 0 , 16.6666666666667 , 0 , 0 , 21.6666666666667 , 0 , 9 , 66.6666666666667 , 11.1111111111111 
24-Mar-2010 14:25,201001,MANCHESTER,QATAR,DOHA,CIRRUS LUFTFAHRT,A,C, 0 , 1 , 0 , 0 , 0 , 0 , 0 , 0 , 0 , 0 , 0 , 0 , 0 
24-Mar-2010 14:25,201001,MANCHESTER,QATAR,DOHA,CIRRUS LUFTFAHRT,D,C, 1 , 0 , 100 , 0 , 0 , 0 , 0 , 0 , 0 , 0 , 0 , 0 , 0 
24-Mar-2010 14:25,201001,MANCHESTER,QATAR,DOHA,QATAR AIRWAYS,A,S, 31 , 0 , 51.6129032258064 , 25.8064516129032 , 16.1290322580645 , 3.2258064516129 , 3.2258064516129 , 0 , 26.2903225806452 , 0 , 31 , 90.3225806451613 , 16.8387096774194 
24-Mar-2010 14:25,201001,MANCHESTER,QATAR,DOHA,QATAR AIRWAYS,D,S, 31 , 0 , 48.3870967741935 , 19.3548387096774 , 12.9032258064516 , 12.9032258064516 , 3.2258064516129 , 3.2258064516129 , 41.8709677419355 , 0 , 31 , 80.6451612903226 , 20.3870967741935 
24-Mar-2010 14:25,201001,MANCHESTER,ROMANIA,BUCHAREST (OTOPENI),AER LINGUS,D,S, 0 , 0 , 0 , 0 , 0 , 0 , 0 , 0 , 0 , 0 , 1 , 0 , 64 
24-Mar-2010 14:25,201001,MANCHESTER,ROMANIA,BUCHAREST (OTOPENI),BMI BRITISH MIDLAND,A,C, 5 , 0 , 60 , 0 , 20 , 20 , 0 , 0 , 21.2 , 0 , 5 , 80 , 15.8 
24-Mar-2010 14:25,201001,MANCHESTER,ROMANIA,BUCHAREST (OTOPENI),BMI BRITISH MIDLAND,D,C, 5 , 0 , 80 , 0 , 0 , 20 , 0 , 0 , 19.4 , 0 , 5 , 100 , 3.2 
24-Mar-2010 14:25,201001,MANCHESTER,SAUDI ARABIA,JEDDAH,SAUDI ARABIAN AIRLINES,A,S, 0 , 0 , 0 , 0 , 0 , 0 , 0 , 0 , 0 , 0 , 4 , 75 , 14.5 
24-Mar-2010 14:25,201001,MANCHESTER,SAUDI ARABIA,JEDDAH,SAUDI ARABIAN AIRLINES,D,S, 0 , 0 , 0 , 0 , 0 , 0 , 0 , 0 , 0 , 0 , 4 , 100 , 5.75 
24-Mar-2010 14:25,201001,MANCHESTER,SAUDI ARABIA,RIYADH,SAUDI ARABIAN AIRLINES,A,S, 0 , 0 , 0 , 0 , 0 , 0 , 0 , 0 , 0 , 0 , 5 , 100 , 0.6 
24-Mar-2010 14:25,201001,MANCHESTER,SAUDI ARABIA,RIYADH,SAUDI ARABIAN AIRLINES,D,S, 0 , 0 , 0 , 0 , 0 , 0 , 0 , 0 , 0 , 0 , 5 , 100 , 1.4 
24-Mar-2010 14:25,201001,MANCHESTER,SINGAPORE,SINGAPORE,SINGAPORE AIRLINES,A,S, 22 , 0 , 59.0909090909091 , 36.3636363636364 , 4.54545454545455 , 0 , 0 , 0 , 11.1818181818182 , 0 , 22 , 95.4545454545455 , 2.59090909090909 
24-Mar-2010 14:25,201001,MANCHESTER,SINGAPORE,SINGAPORE,SINGAPORE AIRLINES,D,S, 22 , 0 , 81.8181818181818 , 4.54545454545455 , 4.54545454545455 , 4.54545454545455 , 4.54545454545455 , 0 , 20.3181818181818 , 0 , 22 , 81.8181818181818 , 11.3181818181818 
24-Mar-2010 14:25,201001,MANCHESTER,SLOVAK REPUBLIC,BRATISLAVA,SKY EUROPE,A,S, 0 , 0 , 0 , 0 , 0 , 0 , 0 , 0 , 0 , 0 , 27 , 37.037037037037 , 72.7407407407407 
24-Mar-2010 14:25,201001,MANCHESTER,SLOVAK REPUBLIC,BRATISLAVA,SKY EUROPE,D,S, 0 , 0 , 0 , 0 , 0 , 0 , 0 , 0 , 0 , 0 , 27 , 33.3333333333333 , 82.6666666666667 
24-Mar-2010 14:25,201001,MANCHESTER,SLOVAK REPUBLIC,KOSICE,SKY EUROPE,A,S, 0 , 0 , 0 , 0 , 0 , 0 , 0 , 0 , 0 , 0 , 13 , 53.8461538461538 , 32.5384615384615 
24-Mar-2010 14:25,201001,MANCHESTER,SLOVAK REPUBLIC,KOSICE,SKY EUROPE,D,S, 0 , 0 , 0 , 0 , 0 , 0 , 0 , 0 , 0 , 0 , 13 , 38.4615384615385 , 42.4615384615385 
24-Mar-2010 14:25,201001,MANCHESTER,SPAIN,ALICANTE,BMIBABY LTD,A,S, 0 , 0 , 0 , 0 , 0 , 0 , 0 , 0 , 0 , 0 , 10 , 80 , 15.1 
24-Mar-2010 14:25,201001,MANCHESTER,SPAIN,ALICANTE,BMIBABY LTD,D,S, 0 , 0 , 0 , 0 , 0 , 0 , 0 , 0 , 0 , 0 , 10 , 80 , 18.3 
24-Mar-2010 14:25,201001,MANCHESTER,SPAIN,ALICANTE,EASYJET AIRLINE COMPANY LTD,A,S, 20 , 0 , 70 , 0 , 20 , 5 , 0 , 5 , 45.55 , 1 , 18 , 83.3333333333333 , 6.83333333333333 
24-Mar-2010 14:25,201001,MANCHESTER,SPAIN,ALICANTE,EASYJET AIRLINE COMPANY LTD,D,S, 20 , 0 , 65 , 15 , 10 , 5 , 0 , 5 , 49.1 , 0 , 18 , 88.8888888888889 , 4.27777777777778 
24-Mar-2010 14:25,201001,MANCHESTER,SPAIN,ALICANTE,JET2.COM LTD,A,S, 1 , 0 , 0 , 0 , 0 , 100 , 0 , 0 , 124 , 0 , 0 , 0 , 0 
24-Mar-2010 14:25,201001,MANCHESTER,SPAIN,ALICANTE,JET2.COM LTD,D,S, 1 , 0 , 0 , 0 , 0 , 100 , 0 , 0 , 71 , 0 , 0 , 0 , 0 
24-Mar-2010 14:25,201001,MANCHESTER,SPAIN,ALICANTE,MONARCH AIRLINES,A,S, 30 , 0 , 70 , 10 , 6.66666666666667 , 6.66666666666667 , 3.33333333333333 , 3.33333333333333 , 44.5666666666667 , 0 , 34 , 82.3529411764706 , 11.0882352941176 
24-Mar-2010 14:25,201001,MANCHESTER,SPAIN,ALICANTE,MONARCH AIRLINES,D,S, 30 , 0 , 73.3333333333333 , 10 , 6.66666666666667 , 3.33333333333333 , 3.33333333333333 , 3.33333333333333 , 42.1 , 0 , 34 , 85.2941176470588 , 10.2941176470588 
24-Mar-2010 14:25,201001,MANCHESTER,SPAIN,ALICANTE,THOMAS COOK AIRLINES LTD,A,C, 9 , 0 , 66.6666666666667 , 33.3333333333333 , 0 , 0 , 0 , 0 , 6.88888888888889 , 0 , 11 , 90.9090909090909 , 9.72727272727273 
24-Mar-2010 14:25,201001,MANCHESTER,SPAIN,ALICANTE,THOMAS COOK AIRLINES LTD,D,C, 9 , 0 , 77.7777777777778 , 11.1111111111111 , 11.1111111111111 , 0 , 0 , 0 , 7.11111111111111 , 0 , 11 , 90.9090909090909 , 2.81818181818182 
24-Mar-2010 14:25,201001,MANCHESTER,SPAIN,ALICANTE,THOMSON AIRWAYS LTD,A,C, 14 , 0 , 57.1428571428571 , 14.2857142857143 , 7.14285714285714 , 21.4285714285714 , 0 , 0 , 28.0714285714286 , 0 , 25 , 80 , 18.16 
24-Mar-2010 14:25,201001,MANCHESTER,SPAIN,ALICANTE,THOMSON AIRWAYS LTD,D,C, 15 , 0 , 40 , 20 , 26.6666666666667 , 6.66666666666667 , 0 , 6.66666666666667 , 61 , 0 , 23 , 86.9565217391304 , 7.26086956521739 
24-Mar-2010 14:25,201001,MANCHESTER,SPAIN,ALMERIA,MONARCH AIRLINES,A,S, 0 , 0 , 0 , 0 , 0 , 0 , 0 , 0 , 0 , 0 , 16 , 81.25 , 10.3125 
24-Mar-2010 14:25,201001,MANCHESTER,SPAIN,ALMERIA,MONARCH AIRLINES,D,S, 0 , 0 , 0 , 0 , 0 , 0 , 0 , 0 , 0 , 0 , 16 , 87.5 , 7.875 
24-Mar-2010 14:25,201001,MANCHESTER,SPAIN,BARCELONA,BMIBABY LTD,A,S, 0 , 0 , 0 , 0 , 0 , 0 , 0 , 0 , 0 , 0 , 11 , 36.3636363636364 , 17.1818181818182 
24-Mar-2010 14:25,201001,MANCHESTER,SPAIN,BARCELONA,BMIBABY LTD,D,S, 0 , 0 , 0 , 0 , 0 , 0 , 0 , 0 , 0 , 0 , 11 , 100 , 2.09090909090909 
24-Mar-2010 14:25,201001,MANCHESTER,SPAIN,BARCELONA,MONARCH AIRLINES,A,C, 1 , 0 , 0 , 100 , 0 , 0 , 0 , 0 , 19 , 0 , 0 , 0 , 0 
24-Mar-2010 14:25,201001,MANCHESTER,SPAIN,BARCELONA,MONARCH AIRLINES,A,S, 2 , 0 , 0 , 0 , 100 , 0 , 0 , 0 , 47.5 , 0 , 19 , 57.8947368421053 , 13.1052631578947 
24-Mar-2010 14:25,201001,MANCHESTER,SPAIN,BARCELONA,MONARCH AIRLINES,D,C, 1 , 0 , 0 , 100 , 0 , 0 , 0 , 0 , 21 , 0 , 0 , 0 , 0 
24-Mar-2010 14:25,201001,MANCHESTER,SPAIN,BARCELONA,MONARCH AIRLINES,D,S, 2 , 0 , 100 , 0 , 0 , 0 , 0 , 0 , 7 , 0 , 19 , 84.2105263157895 , 5.52631578947368 
24-Mar-2010 14:25,201001,MANCHESTER,SPAIN,BARCELONA,THOMAS COOK AIRLINES LTD,A,C, 1 , 0 , 0 , 0 , 0 , 100 , 0 , 0 , 81 , 0 , 1 , 0 , 81 
24-Mar-2010 14:25,201001,MANCHESTER,SPAIN,BARCELONA,THOMAS COOK AIRLINES LTD,D,C, 0 , 0 , 0 , 0 , 0 , 0 , 0 , 0 , 0 , 0 , 1 , 100 , 11 
24-Mar-2010 14:25,201001,MANCHESTER,SPAIN,BARCELONA,THOMSON AIRWAYS LTD,A,C, 1 , 0 , 0 , 0 , 0 , 100 , 0 , 0 , 80 , 0 , 2 , 0 , 86.5 
24-Mar-2010 14:25,201001,MANCHESTER,SPAIN,BARCELONA,THOMSON AIRWAYS LTD,D,C, 0 , 0 , 0 , 0 , 0 , 0 , 0 , 0 , 0 , 0 , 2 , 100 , 0 
24-Mar-2010 14:25,201001,MANCHESTER,SPAIN,GERONA,RYANAIR,A,S, 0 , 0 , 0 , 0 , 0 , 0 , 0 , 0 , 0 , 0 , 13 , 92.3076923076923 , 5.46153846153846 
24-Mar-2010 14:25,201001,MANCHESTER,SPAIN,GERONA,RYANAIR,D,S, 0 , 0 , 0 , 0 , 0 , 0 , 0 , 0 , 0 , 0 , 13 , 84.6153846153846 , 6.38461538461539 
24-Mar-2010 14:25,201001,MANCHESTER,SPAIN,MADRID,JET2.COM LTD,A,C, 0 , 0 , 0 , 0 , 0 , 0 , 0 , 0 , 0 , 0 , 1 , 0 , 40 
24-Mar-2010 14:25,201001,MANCHESTER,SPAIN,MADRID,JET2.COM LTD,D,C, 0 , 0 , 0 , 0 , 0 , 0 , 0 , 0 , 0 , 0 , 1 , 100 , 14 
24-Mar-2010 14:25,201001,MANCHESTER,SPAIN,MALAGA,BMIBABY LTD,A,S, 0 , 0 , 0 , 0 , 0 , 0 , 0 , 0 , 0 , 0 , 11 , 72.7272727272727 , 15 
24-Mar-2010 14:25,201001,MANCHESTER,SPAIN,MALAGA,BMIBABY LTD,D,S, 0 , 0 , 0 , 0 , 0 , 0 , 0 , 0 , 0 , 0 , 11 , 90.9090909090909 , 11 
24-Mar-2010 14:25,201001,MANCHESTER,SPAIN,MALAGA,EASYJET AIRLINE COMPANY LTD,A,S, 23 , 0 , 65.2173913043478 , 13.0434782608696 , 4.34782608695652 , 17.3913043478261 , 0 , 0 , 27 , 0 , 19 , 57.8947368421053 , 16.4736842105263 
24-Mar-2010 14:25,201001,MANCHESTER,SPAIN,MALAGA,EASYJET AIRLINE COMPANY LTD,D,S, 23 , 0 , 69.5652173913043 , 13.0434782608696 , 4.34782608695652 , 8.69565217391304 , 4.34782608695652 , 0 , 26.304347826087 , 0 , 19 , 78.9473684210526 , 13.3684210526316 
24-Mar-2010 14:25,201001,MANCHESTER,SPAIN,MALAGA,MONARCH AIRLINES,A,S, 29 , 0 , 72.4137931034483 , 6.89655172413793 , 10.3448275862069 , 6.89655172413793 , 3.44827586206897 , 0 , 24.5172413793103 , 1 , 37 , 75.6756756756757 , 10.5945945945946 
24-Mar-2010 14:25,201001,MANCHESTER,SPAIN,MALAGA,MONARCH AIRLINES,D,S, 29 , 0 , 82.7586206896552 , 3.44827586206897 , 6.89655172413793 , 3.44827586206897 , 3.44827586206897 , 0 , 19.1034482758621 , 1 , 37 , 83.7837837837838 , 7.16216216216216 
24-Mar-2010 14:25,201001,MANCHESTER,SPAIN,MALAGA,THOMAS COOK AIRLINES LTD,A,C, 1 , 0 , 100 , 0 , 0 , 0 , 0 , 0 , 0 , 0 , 4 , 25 , 22.75 
24-Mar-2010 14:25,201001,MANCHESTER,SPAIN,MALAGA,THOMAS COOK AIRLINES LTD,D,C, 1 , 0 , 100 , 0 , 0 , 0 , 0 , 0 , 0 , 0 , 4 , 75 , 9.5 
24-Mar-2010 14:25,201001,MANCHESTER,SPAIN,MALAGA,THOMSON AIRWAYS LTD,A,C, 14 , 0 , 57.1428571428571 , 21.4285714285714 , 7.14285714285714 , 7.14285714285714 , 0 , 7.14285714285714 , 82.3571428571429 , 0 , 16 , 81.25 , 17.875 
24-Mar-2010 14:25,201001,MANCHESTER,SPAIN,MALAGA,THOMSON AIRWAYS LTD,D,C, 14 , 0 , 78.5714285714286 , 0 , 14.2857142857143 , 0 , 0 , 7.14285714285714 , 65.6428571428571 , 0 , 17 , 70.5882352941177 , 31.6470588235294 
24-Mar-2010 14:25,201001,MANCHESTER,SPAIN,MURCIA SAN JAVIER,MONARCH AIRLINES,A,S, 8 , 0 , 50 , 37.5 , 0 , 0 , 12.5 , 0 , 40.5 , 0 , 16 , 93.75 , 4.1875 
24-Mar-2010 14:25,201001,MANCHESTER,SPAIN,MURCIA SAN JAVIER,MONARCH AIRLINES,D,S, 8 , 0 , 75 , 12.5 , 0 , 0 , 12.5 , 0 , 38.5 , 0 , 16 , 93.75 , 4.5 
24-Mar-2010 14:25,201001,MANCHESTER,SPAIN,PALMA DE MALLORCA,BMIBABY LTD,A,S, 6 , 0 , 50 , 33.3333333333333 , 0 , 16.6666666666667 , 0 , 0 , 28.5 , 0 , 5 , 80 , 5.2 
24-Mar-2010 14:25,201001,MANCHESTER,SPAIN,PALMA DE MALLORCA,BMIBABY LTD,D,S, 6 , 0 , 33.3333333333333 , 33.3333333333333 , 16.6666666666667 , 16.6666666666667 , 0 , 0 , 32.5 , 0 , 5 , 100 , 4 
24-Mar-2010 14:25,201001,MANCHESTER,SPAIN,PALMA DE MALLORCA,THOMSON AIRWAYS LTD,A,C, 0 , 0 , 0 , 0 , 0 , 0 , 0 , 0 , 0 , 0 , 2 , 100 , 0 
24-Mar-2010 14:25,201001,MANCHESTER,SPAIN,PALMA DE MALLORCA,THOMSON AIRWAYS LTD,D,C, 0 , 0 , 0 , 0 , 0 , 0 , 0 , 0 , 0 , 0 , 1 , 100 , 5 
24-Mar-2010 14:25,201001,MANCHESTER,SPAIN,SEVILLE,JET2.COM LTD,A,C, 0 , 0 , 0 , 0 , 0 , 0 , 0 , 0 , 0 , 0 , 4 , 75 , 7.5 
24-Mar-2010 14:25,201001,MANCHESTER,SPAIN,SEVILLE,JET2.COM LTD,D,C, 0 , 0 , 0 , 0 , 0 , 0 , 0 , 0 , 0 , 0 , 4 , 100 , 1 
24-Mar-2010 14:25,201001,MANCHESTER,SPAIN(CANARY ISLANDS),ARRECIFE,AIR EUROPA,A,C, 0 , 0 , 0 , 0 , 0 , 0 , 0 , 0 , 0 , 0 , 3 , 33.3333333333333 , 102 
24-Mar-2010 14:25,201001,MANCHESTER,SPAIN(CANARY ISLANDS),ARRECIFE,BMI BRITISH MIDLAND,A,C, 1 , 0 , 0 , 0 , 0 , 100 , 0 , 0 , 121 , 0 , 2 , 50 , 72 
24-Mar-2010 14:25,201001,MANCHESTER,SPAIN(CANARY ISLANDS),ARRECIFE,BMI BRITISH MIDLAND,D,C, 0 , 0 , 0 , 0 , 0 , 0 , 0 , 0 , 0 , 0 , 2 , 50 , 50.5 
24-Mar-2010 14:25,201001,MANCHESTER,SPAIN(CANARY ISLANDS),ARRECIFE,JET2.COM LTD,A,S, 6 , 0 , 66.6666666666667 , 0 , 0 , 33.3333333333333 , 0 , 0 , 47 , 0 , 6 , 83.3333333333333 , 8 
24-Mar-2010 14:25,201001,MANCHESTER,SPAIN(CANARY ISLANDS),ARRECIFE,JET2.COM LTD,D,S, 6 , 0 , 66.6666666666667 , 0 , 16.6666666666667 , 16.6666666666667 , 0 , 0 , 28 , 0 , 6 , 100 , 4.33333333333333 
24-Mar-2010 14:25,201001,MANCHESTER,SPAIN(CANARY ISLANDS),ARRECIFE,MONARCH AIRLINES,A,C, 0 , 0 , 0 , 0 , 0 , 0 , 0 , 0 , 0 , 0 , 5 , 80 , 10.2 
24-Mar-2010 14:25,201001,MANCHESTER,SPAIN(CANARY ISLANDS),ARRECIFE,MONARCH AIRLINES,A,S, 19 , 0 , 42.1052631578947 , 36.8421052631579 , 10.5263157894737 , 5.26315789473684 , 0 , 5.26315789473684 , 90.3157894736842 , 1 , 16 , 81.25 , 13.3125 
24-Mar-2010 14:25,201001,MANCHESTER,SPAIN(CANARY ISLANDS),ARRECIFE,MONARCH AIRLINES,D,C, 0 , 0 , 0 , 0 , 0 , 0 , 0 , 0 , 0 , 0 , 5 , 80 , 11.8 
24-Mar-2010 14:25,201001,MANCHESTER,SPAIN(CANARY ISLANDS),ARRECIFE,MONARCH AIRLINES,D,S, 19 , 0 , 63.1578947368421 , 10.5263157894737 , 15.7894736842105 , 5.26315789473684 , 0 , 5.26315789473684 , 38.6315789473684 , 0 , 16 , 75 , 11.875 
24-Mar-2010 14:25,201001,MANCHESTER,SPAIN(CANARY ISLANDS),ARRECIFE,THOMAS COOK AIRLINES LTD,A,C, 17 , 0 , 47.0588235294118 , 5.88235294117647 , 17.6470588235294 , 23.5294117647059 , 5.88235294117647 , 0 , 53.8823529411765 , 0 , 18 , 77.7777777777778 , 8.44444444444444 
24-Mar-2010 14:25,201001,MANCHESTER,SPAIN(CANARY ISLANDS),ARRECIFE,THOMAS COOK AIRLINES LTD,D,C, 15 , 0 , 73.3333333333333 , 0 , 6.66666666666667 , 13.3333333333333 , 6.66666666666667 , 0 , 41.3333333333333 , 0 , 18 , 77.7777777777778 , 9.16666666666667 
24-Mar-2010 14:25,201001,MANCHESTER,SPAIN(CANARY ISLANDS),ARRECIFE,THOMSON AIRWAYS LTD,A,C, 13 , 0 , 38.4615384615385 , 30.7692307692308 , 7.69230769230769 , 7.69230769230769 , 7.69230769230769 , 7.69230769230769 , 148 , 0 , 15 , 66.6666666666667 , 20.2 
24-Mar-2010 14:25,201001,MANCHESTER,SPAIN(CANARY ISLANDS),ARRECIFE,THOMSON AIRWAYS LTD,D,C, 14 , 0 , 57.1428571428571 , 7.14285714285714 , 14.2857142857143 , 7.14285714285714 , 14.2857142857143 , 0 , 51.2857142857143 , 0 , 15 , 53.3333333333333 , 21.8666666666667 
24-Mar-2010 14:25,201001,MANCHESTER,SPAIN(CANARY ISLANDS),ARRECIFE,VIKING AIRLINES,A,C, 3 , 0 , 33.3333333333333 , 0 , 0 , 33.3333333333333 , 0 , 33.3333333333333 , 154.333333333333 , 0 , 0 , 0 , 0 
24-Mar-2010 14:25,201001,MANCHESTER,SPAIN(CANARY ISLANDS),ARRECIFE,VIKING AIRLINES,D,C, 1 , 0 , 0 , 100 , 0 , 0 , 0 , 0 , 16 , 0 , 0 , 0 , 0 
24-Mar-2010 14:25,201001,MANCHESTER,SPAIN(CANARY ISLANDS),FUERTEVENTURA,AIR EUROPA,A,C, 0 , 0 , 0 , 0 , 0 , 0 , 0 , 0 , 0 , 0 , 2 , 0 , 104 
24-Mar-2010 14:25,201001,MANCHESTER,SPAIN(CANARY ISLANDS),FUERTEVENTURA,MONARCH AIRLINES,A,S, 6 , 0 , 66.6666666666667 , 16.6666666666667 , 0 , 16.6666666666667 , 0 , 0 , 21.1666666666667 , 0 , 0 , 0 , 0 
24-Mar-2010 14:25,201001,MANCHESTER,SPAIN(CANARY ISLANDS),FUERTEVENTURA,MONARCH AIRLINES,D,S, 6 , 0 , 83.3333333333333 , 0 , 0 , 16.6666666666667 , 0 , 0 , 15.8333333333333 , 0 , 0 , 0 , 0 
24-Mar-2010 14:25,201001,MANCHESTER,SPAIN(CANARY ISLANDS),FUERTEVENTURA,THOMAS COOK AIRLINES LTD,A,C, 13 , 0 , 46.1538461538462 , 15.3846153846154 , 7.69230769230769 , 30.7692307692308 , 0 , 0 , 42.8461538461538 , 0 , 12 , 50 , 47.75 
24-Mar-2010 14:25,201001,MANCHESTER,SPAIN(CANARY ISLANDS),FUERTEVENTURA,THOMAS COOK AIRLINES LTD,D,C, 11 , 0 , 36.3636363636364 , 9.09090909090909 , 27.2727272727273 , 27.2727272727273 , 0 , 0 , 48.2727272727273 , 0 , 11 , 54.5454545454545 , 34.3636363636364 
24-Mar-2010 14:25,201001,MANCHESTER,SPAIN(CANARY ISLANDS),FUERTEVENTURA,THOMSON AIRWAYS LTD,A,C, 10 , 0 , 50 , 10 , 10 , 0 , 10 , 20 , 144.3 , 0 , 15 , 53.3333333333333 , 26.9333333333333 
24-Mar-2010 14:25,201001,MANCHESTER,SPAIN(CANARY ISLANDS),FUERTEVENTURA,THOMSON AIRWAYS LTD,D,C, 10 , 0 , 60 , 0 , 10 , 0 , 10 , 20 , 154 , 0 , 13 , 53.8461538461538 , 30.2307692307692 
24-Mar-2010 14:25,201001,MANCHESTER,SPAIN(CANARY ISLANDS),FUERTEVENTURA,VIKING AIRLINES,A,C, 1 , 0 , 100 , 0 , 0 , 0 , 0 , 0 , 0 , 0 , 0 , 0 , 0 
24-Mar-2010 14:25,201001,MANCHESTER,SPAIN(CANARY ISLANDS),LAS PALMAS,AIR EUROPA,A,C, 0 , 0 , 0 , 0 , 0 , 0 , 0 , 0 , 0 , 0 , 3 , 33.3333333333333 , 59 
24-Mar-2010 14:25,201001,MANCHESTER,SPAIN(CANARY ISLANDS),LAS PALMAS,BMI BRITISH MIDLAND,A,C, 0 , 0 , 0 , 0 , 0 , 0 , 0 , 0 , 0 , 0 , 2 , 0 , 127.5 
24-Mar-2010 14:25,201001,MANCHESTER,SPAIN(CANARY ISLANDS),LAS PALMAS,BMI BRITISH MIDLAND,D,C, 0 , 0 , 0 , 0 , 0 , 0 , 0 , 0 , 0 , 0 , 2 , 0 , 34 
24-Mar-2010 14:25,201001,MANCHESTER,SPAIN(CANARY ISLANDS),LAS PALMAS,MONARCH AIRLINES,A,C, 0 , 0 , 0 , 0 , 0 , 0 , 0 , 0 , 0 , 0 , 4 , 50 , 27 
24-Mar-2010 14:25,201001,MANCHESTER,SPAIN(CANARY ISLANDS),LAS PALMAS,MONARCH AIRLINES,A,S, 6 , 0 , 50 , 50 , 0 , 0 , 0 , 0 , 12.8333333333333 , 0 , 0 , 0 , 0 
24-Mar-2010 14:25,201001,MANCHESTER,SPAIN(CANARY ISLANDS),LAS PALMAS,MONARCH AIRLINES,D,C, 0 , 0 , 0 , 0 , 0 , 0 , 0 , 0 , 0 , 0 , 4 , 75 , 22.25 
24-Mar-2010 14:25,201001,MANCHESTER,SPAIN(CANARY ISLANDS),LAS PALMAS,MONARCH AIRLINES,D,S, 6 , 0 , 100 , 0 , 0 , 0 , 0 , 0 , 3.16666666666667 , 0 , 0 , 0 , 0 
24-Mar-2010 14:25,201001,MANCHESTER,SPAIN(CANARY ISLANDS),LAS PALMAS,THOMAS COOK AIRLINES LTD,A,C, 11 , 1 , 63.6363636363636 , 9.09090909090909 , 0 , 18.1818181818182 , 9.09090909090909 , 0 , 42.9090909090909 , 0 , 12 , 50 , 32.75 
24-Mar-2010 14:25,201001,MANCHESTER,SPAIN(CANARY ISLANDS),LAS PALMAS,THOMAS COOK AIRLINES LTD,D,C, 11 , 0 , 36.3636363636364 , 27.2727272727273 , 9.09090909090909 , 9.09090909090909 , 18.1818181818182 , 0 , 59.3636363636364 , 0 , 11 , 45.4545454545455 , 38.2727272727273 
24-Mar-2010 14:25,201001,MANCHESTER,SPAIN(CANARY ISLANDS),LAS PALMAS,THOMAS COOK SCANDANAVIA ,D,C, 1 , 0 , 0 , 0 , 0 , 100 , 0 , 0 , 63 , 0 , 0 , 0 , 0 
24-Mar-2010 14:25,201001,MANCHESTER,SPAIN(CANARY ISLANDS),LAS PALMAS,THOMSON AIRWAYS LTD,A,C, 15 , 0 , 20 , 6.66666666666667 , 33.3333333333333 , 33.3333333333333 , 6.66666666666667 , 0 , 73.6 , 0 , 20 , 55 , 17.85 
24-Mar-2010 14:25,201001,MANCHESTER,SPAIN(CANARY ISLANDS),LAS PALMAS,THOMSON AIRWAYS LTD,D,C, 15 , 0 , 33.3333333333333 , 6.66666666666667 , 26.6666666666667 , 20 , 13.3333333333333 , 0 , 66.4666666666667 , 0 , 21 , 66.6666666666667 , 17.0952380952381 
24-Mar-2010 14:25,201001,MANCHESTER,SPAIN(CANARY ISLANDS),LAS PALMAS,VIKING AIRLINES,A,C, 1 , 0 , 0 , 100 , 0 , 0 , 0 , 0 , 25 , 0 , 0 , 0 , 0 
24-Mar-2010 14:25,201001,MANCHESTER,SPAIN(CANARY ISLANDS),LAS PALMAS,VIKING AIRLINES,D,C, 1 , 0 , 0 , 0 , 0 , 0 , 100 , 0 , 185 , 0 , 0 , 0 , 0 
24-Mar-2010 14:25,201001,MANCHESTER,SPAIN(CANARY ISLANDS),SANTA CRUZ DE LA PALMA,THOMSON AIRWAYS LTD,A,C, 4 , 0 , 75 , 25 , 0 , 0 , 0 , 0 , 8.5 , 0 , 4 , 0 , 99 
24-Mar-2010 14:25,201001,MANCHESTER,SPAIN(CANARY ISLANDS),SANTA CRUZ DE LA PALMA,THOMSON AIRWAYS LTD,D,C, 4 , 0 , 50 , 50 , 0 , 0 , 0 , 0 , 11.25 , 0 , 4 , 25 , 38.75 
24-Mar-2010 14:25,201001,MANCHESTER,SPAIN(CANARY ISLANDS),TENERIFE (SURREINA SOFIA),AIR EUROPA,A,C, 1 , 0 , 100 , 0 , 0 , 0 , 0 , 0 , 0 , 0 , 12 , 66.6666666666667 , 32.75 
24-Mar-2010 14:25,201001,MANCHESTER,SPAIN(CANARY ISLANDS),TENERIFE (SURREINA SOFIA),AIR EUROPA,D,C, 1 , 0 , 100 , 0 , 0 , 0 , 0 , 0 , 0 , 0 , 3 , 100 , 2 
24-Mar-2010 14:25,201001,MANCHESTER,SPAIN(CANARY ISLANDS),TENERIFE (SURREINA SOFIA),BMI BRITISH MIDLAND,A,C, 2 , 0 , 50 , 0 , 0 , 50 , 0 , 0 , 42 , 0 , 3 , 0 , 112.666666666667 
24-Mar-2010 14:25,201001,MANCHESTER,SPAIN(CANARY ISLANDS),TENERIFE (SURREINA SOFIA),BMI BRITISH MIDLAND,D,C, 1 , 0 , 0 , 100 , 0 , 0 , 0 , 0 , 25 , 0 , 3 , 33.3333333333333 , 40.6666666666667 
24-Mar-2010 14:25,201001,MANCHESTER,SPAIN(CANARY ISLANDS),TENERIFE (SURREINA SOFIA),EASYJET AIRLINE COMPANY LTD,A,S, 21 , 0 , 47.6190476190476 , 9.52380952380952 , 4.76190476190476 , 33.3333333333333 , 0 , 4.76190476190476 , 57.3809523809524 , 1 , 19 , 57.8947368421053 , 23.3684210526316 
24-Mar-2010 14:25,201001,MANCHESTER,SPAIN(CANARY ISLANDS),TENERIFE (SURREINA SOFIA),EASYJET AIRLINE COMPANY LTD,D,S, 22 , 0 , 68.1818181818182 , 0 , 0 , 27.2727272727273 , 0 , 4.54545454545455 , 48.8181818181818 , 0 , 19 , 89.4736842105263 , 3.84210526315789 
24-Mar-2010 14:25,201001,MANCHESTER,SPAIN(CANARY ISLANDS),TENERIFE (SURREINA SOFIA),JET2.COM LTD,A,C, 0 , 0 , 0 , 0 , 0 , 0 , 0 , 0 , 0 , 0 , 4 , 25 , 28.75 
24-Mar-2010 14:25,201001,MANCHESTER,SPAIN(CANARY ISLANDS),TENERIFE (SURREINA SOFIA),JET2.COM LTD,A,S, 8 , 3 , 37.5 , 25 , 0 , 25 , 0 , 12.5 , 88.25 , 2 , 6 , 100 , 2.33333333333333 
24-Mar-2010 14:25,201001,MANCHESTER,SPAIN(CANARY ISLANDS),TENERIFE (SURREINA SOFIA),JET2.COM LTD,D,C, 0 , 0 , 0 , 0 , 0 , 0 , 0 , 0 , 0 , 0 , 2 , 50 , 22 
24-Mar-2010 14:25,201001,MANCHESTER,SPAIN(CANARY ISLANDS),TENERIFE (SURREINA SOFIA),JET2.COM LTD,D,S, 8 , 0 , 62.5 , 0 , 12.5 , 0 , 12.5 , 12.5 , 77.625 , 0 , 6 , 100 , 1.33333333333333 
24-Mar-2010 14:25,201001,MANCHESTER,SPAIN(CANARY ISLANDS),TENERIFE (SURREINA SOFIA),MONARCH AIRLINES,A,C, 0 , 0 , 0 , 0 , 0 , 0 , 0 , 0 , 0 , 0 , 6 , 66.6666666666667 , 12.5 
24-Mar-2010 14:25,201001,MANCHESTER,SPAIN(CANARY ISLANDS),TENERIFE (SURREINA SOFIA),MONARCH AIRLINES,A,S, 38 , 1 , 31.5789473684211 , 15.7894736842105 , 31.5789473684211 , 15.7894736842105 , 5.26315789473684 , 0 , 44.6842105263158 , 2 , 35 , 40 , 24.3714285714286 
24-Mar-2010 14:25,201001,MANCHESTER,SPAIN(CANARY ISLANDS),TENERIFE (SURREINA SOFIA),MONARCH AIRLINES,D,C, 0 , 0 , 0 , 0 , 0 , 0 , 0 , 0 , 0 , 0 , 6 , 100 , 5.33333333333333 
24-Mar-2010 14:25,201001,MANCHESTER,SPAIN(CANARY ISLANDS),TENERIFE (SURREINA SOFIA),MONARCH AIRLINES,D,S, 39 , 0 , 61.5384615384615 , 7.69230769230769 , 12.8205128205128 , 17.9487179487179 , 0 , 0 , 25.7179487179487 , 0 , 35 , 88.5714285714286 , 10.9428571428571 
24-Mar-2010 14:25,201001,MANCHESTER,SPAIN(CANARY ISLANDS),TENERIFE (SURREINA SOFIA),THOMAS COOK AIRLINES LTD,A,C, 29 , 0 , 58.6206896551724 , 6.89655172413793 , 10.3448275862069 , 13.7931034482759 , 3.44827586206897 , 6.89655172413793 , 85.7241379310345 , 0 , 32 , 81.25 , 9.875 
24-Mar-2010 14:25,201001,MANCHESTER,SPAIN(CANARY ISLANDS),TENERIFE (SURREINA SOFIA),THOMAS COOK AIRLINES LTD,D,C, 30 , 0 , 53.3333333333333 , 6.66666666666667 , 10 , 20 , 3.33333333333333 , 6.66666666666667 , 78.6666666666667 , 0 , 29 , 82.7586206896552 , 7.89655172413793 
24-Mar-2010 14:25,201001,MANCHESTER,SPAIN(CANARY ISLANDS),TENERIFE (SURREINA SOFIA),THOMSON AIRWAYS LTD,A,C, 26 , 0 , 80.7692307692308 , 3.84615384615385 , 3.84615384615385 , 7.69230769230769 , 0 , 3.84615384615385 , 44.0384615384615 , 0 , 32 , 68.75 , 21.09375 
24-Mar-2010 14:25,201001,MANCHESTER,SPAIN(CANARY ISLANDS),TENERIFE (SURREINA SOFIA),THOMSON AIRWAYS LTD,D,C, 26 , 0 , 69.2307692307692 , 7.69230769230769 , 0 , 3.84615384615385 , 11.5384615384615 , 7.69230769230769 , 95.6153846153846 , 0 , 30 , 53.3333333333333 , 29.5333333333333 
24-Mar-2010 14:25,201001,MANCHESTER,SPAIN(CANARY ISLANDS),TENERIFE (SURREINA SOFIA),TITAN AIRWAYS LTD,A,C, 0 , 0 , 0 , 0 , 0 , 0 , 0 , 0 , 0 , 0 , 1 , 0 , 31 
24-Mar-2010 14:25,201001,MANCHESTER,SPAIN(CANARY ISLANDS),TENERIFE (SURREINA SOFIA),TITAN AIRWAYS LTD,D,C, 0 , 0 , 0 , 0 , 0 , 0 , 0 , 0 , 0 , 0 , 1 , 100 , 1 
24-Mar-2010 14:25,201001,MANCHESTER,SPAIN(CANARY ISLANDS),TENERIFE (SURREINA SOFIA),VIKING AIRLINES,A,C, 7 , 0 , 28.5714285714286 , 14.2857142857143 , 28.5714285714286 , 14.2857142857143 , 0 , 14.2857142857143 , 77.5714285714286 , 0 , 0 , 0 , 0 
24-Mar-2010 14:25,201001,MANCHESTER,SPAIN(CANARY ISLANDS),TENERIFE (SURREINA SOFIA),VIKING AIRLINES,D,C, 7 , 0 , 14.2857142857143 , 28.5714285714286 , 14.2857142857143 , 28.5714285714286 , 14.2857142857143 , 0 , 77 , 0 , 0 , 0 , 0 
24-Mar-2010 14:25,201001,MANCHESTER,ST LUCIA,ST LUCIA (HEWANORRA),VIRGIN ATLANTIC AIRWAYS LTD,A,S, 0 , 0 , 0 , 0 , 0 , 0 , 0 , 0 , 0 , 0 , 5 , 60 , 14 
24-Mar-2010 14:25,201001,MANCHESTER,ST LUCIA,ST LUCIA (HEWANORRA),VIRGIN ATLANTIC AIRWAYS LTD,D,S, 0 , 0 , 0 , 0 , 0 , 0 , 0 , 0 , 0 , 0 , 5 , 40 , 38 
24-Mar-2010 14:25,201001,MANCHESTER,SWEDEN,GOTEBORG,CITY AIRLINE,A,S, 39 , 0 , 82.0512820512821 , 10.2564102564103 , 7.69230769230769 , 0 , 0 , 0 , 8.66666666666667 , 1 , 41 , 75.609756097561 , 11.1707317073171 
24-Mar-2010 14:25,201001,MANCHESTER,SWEDEN,GOTEBORG,CITY AIRLINE,D,S, 39 , 0 , 82.0512820512821 , 7.69230769230769 , 10.2564102564103 , 0 , 0 , 0 , 7.71794871794872 , 1 , 41 , 85.3658536585366 , 8.5609756097561 
24-Mar-2010 14:25,201001,MANCHESTER,SWEDEN,STOCKHOLM (ARLANDA),SAS,A,S, 25 , 0 , 80 , 8 , 8 , 4 , 0 , 0 , 11.96 , 0 , 29 , 93.1034482758621 , 2.31034482758621 
24-Mar-2010 14:25,201001,MANCHESTER,SWEDEN,STOCKHOLM (ARLANDA),SAS,D,S, 24 , 0 , 75 , 12.5 , 4.16666666666667 , 8.33333333333333 , 0 , 0 , 12.5833333333333 , 1 , 29 , 96.551724137931 , 1.20689655172414 
24-Mar-2010 14:25,201001,MANCHESTER,SWEDEN,STOCKHOLM (ARLANDA),VIKING AIRLINES,A,C, 0 , 1 , 0 , 0 , 0 , 0 , 0 , 0 , 0 , 0 , 0 , 0 , 0 
24-Mar-2010 14:25,201001,MANCHESTER,SWITZERLAND,BASLE MULHOUSE,SWISS AIRLINES,A,S, 17 , 0 , 82.3529411764706 , 0 , 17.6470588235294 , 0 , 0 , 0 , 11.5882352941176 , 0 , 13 , 84.6153846153846 , 13.6153846153846 
24-Mar-2010 14:25,201001,MANCHESTER,SWITZERLAND,BASLE MULHOUSE,SWISS AIRLINES,D,S, 17 , 0 , 70.5882352941177 , 11.7647058823529 , 17.6470588235294 , 0 , 0 , 0 , 12.4117647058824 , 0 , 13 , 84.6153846153846 , 13.6153846153846 
24-Mar-2010 14:25,201001,MANCHESTER,SWITZERLAND,BERNE,FLYBE LTD,A,C, 5 , 0 , 40 , 0 , 40 , 20 , 0 , 0 , 45.2 , 0 , 5 , 60 , 59.6 
24-Mar-2010 14:25,201001,MANCHESTER,SWITZERLAND,BERNE,FLYBE LTD,D,C, 5 , 0 , 60 , 20 , 20 , 0 , 0 , 0 , 18 , 0 , 5 , 60 , 14 
24-Mar-2010 14:25,201001,MANCHESTER,SWITZERLAND,GENEVA,BMI BRITISH MIDLAND,A,C, 5 , 0 , 0 , 20 , 20 , 40 , 20 , 0 , 111.4 , 0 , 4 , 25 , 45.25 
24-Mar-2010 14:25,201001,MANCHESTER,SWITZERLAND,GENEVA,BMI BRITISH MIDLAND,D,C, 5 , 0 , 40 , 20 , 0 , 20 , 20 , 0 , 78 , 0 , 4 , 25 , 30 
24-Mar-2010 14:25,201001,MANCHESTER,SWITZERLAND,GENEVA,BMIBABY LTD,A,S, 10 , 0 , 30 , 10 , 30 , 20 , 10 , 0 , 70.4 , 0 , 20 , 85 , 7.7 
24-Mar-2010 14:25,201001,MANCHESTER,SWITZERLAND,GENEVA,BMIBABY LTD,D,S, 10 , 0 , 30 , 20 , 10 , 40 , 0 , 0 , 53 , 0 , 20 , 85 , 7.75 
24-Mar-2010 14:25,201001,MANCHESTER,SWITZERLAND,GENEVA,EASYJET AIRLINE COMPANY LTD,A,S, 37 , 0 , 45.9459459459459 , 8.10810810810811 , 10.8108108108108 , 27.027027027027 , 8.10810810810811 , 0 , 51.9459459459459 , 1 , 39 , 56.4102564102564 , 23.1794871794872 
24-Mar-2010 14:25,201001,MANCHESTER,SWITZERLAND,GENEVA,EASYJET AIRLINE COMPANY LTD,D,S, 35 , 0 , 45.7142857142857 , 14.2857142857143 , 17.1428571428571 , 17.1428571428571 , 2.85714285714286 , 2.85714285714286 , 49.2285714285714 , 4 , 40 , 60 , 25.25 
24-Mar-2010 14:25,201001,MANCHESTER,SWITZERLAND,GENEVA,FLYBE LTD,A,C, 0 , 0 , 0 , 0 , 0 , 0 , 0 , 0 , 0 , 0 , 12 , 16.6666666666667 , 50.0833333333333 
24-Mar-2010 14:25,201001,MANCHESTER,SWITZERLAND,GENEVA,FLYBE LTD,D,C, 0 , 0 , 0 , 0 , 0 , 0 , 0 , 0 , 0 , 0 , 12 , 25 , 30.25 
24-Mar-2010 14:25,201001,MANCHESTER,SWITZERLAND,GENEVA,JET2.COM LTD,A,S, 11 , 0 , 18.1818181818182 , 27.2727272727273 , 9.09090909090909 , 36.3636363636364 , 9.09090909090909 , 0 , 74.6363636363636 , 0 , 20 , 65 , 20.15 
24-Mar-2010 14:25,201001,MANCHESTER,SWITZERLAND,GENEVA,JET2.COM LTD,D,S, 11 , 0 , 9.09090909090909 , 27.2727272727273 , 36.3636363636364 , 18.1818181818182 , 9.09090909090909 , 0 , 70.6363636363636 , 0 , 20 , 80 , 12.95 
24-Mar-2010 14:25,201001,MANCHESTER,SWITZERLAND,GENEVA,MONARCH AIRLINES,A,C, 5 , 0 , 0 , 20 , 40 , 0 , 40 , 0 , 138.6 , 0 , 0 , 0 , 0 
24-Mar-2010 14:25,201001,MANCHESTER,SWITZERLAND,GENEVA,MONARCH AIRLINES,D,C, 5 , 0 , 60 , 20 , 0 , 0 , 20 , 0 , 67.2 , 0 , 0 , 0 , 0 
24-Mar-2010 14:25,201001,MANCHESTER,SWITZERLAND,GENEVA,SWISS AIRLINES,A,S, 8 , 0 , 37.5 , 12.5 , 50 , 0 , 0 , 0 , 27 , 0 , 7 , 71.4285714285714 , 9.28571428571429 
24-Mar-2010 14:25,201001,MANCHESTER,SWITZERLAND,GENEVA,SWISS AIRLINES,D,S, 8 , 0 , 37.5 , 0 , 25 , 37.5 , 0 , 0 , 37.25 , 0 , 7 , 57.1428571428571 , 18.7142857142857 
24-Mar-2010 14:25,201001,MANCHESTER,SWITZERLAND,GENEVA,THOMAS COOK AIRLINES LTD,A,C, 5 , 0 , 20 , 20 , 0 , 40 , 20 , 0 , 77 , 0 , 5 , 0 , 95.6 
24-Mar-2010 14:25,201001,MANCHESTER,SWITZERLAND,GENEVA,THOMAS COOK AIRLINES LTD,D,C, 5 , 0 , 20 , 20 , 40 , 20 , 0 , 0 , 34.8 , 0 , 5 , 80 , 15.8 
24-Mar-2010 14:25,201001,MANCHESTER,SWITZERLAND,GENEVA,THOMSON AIRWAYS LTD,A,C, 10 , 0 , 20 , 10 , 20 , 40 , 10 , 0 , 85.2 , 0 , 15 , 66.6666666666667 , 75.2 
24-Mar-2010 14:25,201001,MANCHESTER,SWITZERLAND,GENEVA,THOMSON AIRWAYS LTD,D,C, 10 , 0 , 30 , 10 , 30 , 10 , 20 , 0 , 69.9 , 0 , 15 , 46.6666666666667 , 20.9333333333333 
24-Mar-2010 14:25,201001,MANCHESTER,SWITZERLAND,ZURICH,HELVETIC AIRWAYS,A,S, 8 , 1 , 62.5 , 12.5 , 25 , 0 , 0 , 0 , 15.625 , 0 , 5 , 80 , 5.6 
24-Mar-2010 14:25,201001,MANCHESTER,SWITZERLAND,ZURICH,HELVETIC AIRWAYS,D,S, 8 , 0 , 50 , 25 , 25 , 0 , 0 , 0 , 18.75 , 0 , 5 , 100 , 1.6 
24-Mar-2010 14:25,201001,MANCHESTER,SWITZERLAND,ZURICH,SWISS AIRLINES,A,S, 78 , 0 , 58.974358974359 , 14.1025641025641 , 20.5128205128205 , 6.41025641025641 , 0 , 0 , 20.1666666666667 , 3 , 88 , 82.9545454545455 , 7.78409090909091 
24-Mar-2010 14:25,201001,MANCHESTER,SWITZERLAND,ZURICH,SWISS AIRLINES,D,S, 78 , 0 , 46.1538461538462 , 23.0769230769231 , 23.0769230769231 , 7.69230769230769 , 0 , 0 , 25.2692307692308 , 0 , 88 , 79.5454545454545 , 11.3636363636364 
24-Mar-2010 14:25,201001,MANCHESTER,TRINIDAD AND TOBAGO,TOBAGO,MONARCH AIRLINES,A,C, 0 , 1 , 0 , 0 , 0 , 0 , 0 , 0 , 0 , 0 , 0 , 0 , 0 
24-Mar-2010 14:25,201001,MANCHESTER,TRINIDAD AND TOBAGO,TOBAGO,MONARCH AIRLINES,D,C, 1 , 0 , 100 , 0 , 0 , 0 , 0 , 0 , 10 , 0 , 0 , 0 , 0 
24-Mar-2010 14:25,201001,MANCHESTER,TUNISIA,MONASTIR,THOMAS COOK AIRLINES LTD,A,C, 10 , 0 , 80 , 20 , 0 , 0 , 0 , 0 , 7.8 , 0 , 6 , 83.3333333333333 , 11.1666666666667 
24-Mar-2010 14:25,201001,MANCHESTER,TUNISIA,MONASTIR,THOMAS COOK AIRLINES LTD,D,C, 10 , 0 , 60 , 20 , 20 , 0 , 0 , 0 , 14 , 0 , 6 , 66.6666666666667 , 24.1666666666667 
24-Mar-2010 14:25,201001,MANCHESTER,TUNISIA,MONASTIR,THOMSON AIRWAYS LTD,A,C, 8 , 0 , 62.5 , 0 , 12.5 , 12.5 , 0 , 12.5 , 157 , 0 , 6 , 66.6666666666667 , 15.5 
24-Mar-2010 14:25,201001,MANCHESTER,TUNISIA,MONASTIR,THOMSON AIRWAYS LTD,D,C, 9 , 0 , 44.4444444444444 , 0 , 22.2222222222222 , 0 , 11.1111111111111 , 22.2222222222222 , 210.222222222222 , 0 , 6 , 50 , 23 
24-Mar-2010 14:25,201001,MANCHESTER,TURKEY,ANTALYA,KIBRIS TURKISH AIRLINES - KTHY,A,S, 0 , 0 , 0 , 0 , 0 , 0 , 0 , 0 , 0 , 0 , 1 , 0 , 19 
24-Mar-2010 14:25,201001,MANCHESTER,TURKEY,ANTALYA,KIBRIS TURKISH AIRLINES - KTHY,D,S, 0 , 0 , 0 , 0 , 0 , 0 , 0 , 0 , 0 , 0 , 1 , 100 , 0 
24-Mar-2010 14:25,201001,MANCHESTER,TURKEY,ANTALYA,ONUR AIR,A,C, 1 , 0 , 0 , 0 , 100 , 0 , 0 , 0 , 55 , 0 , 0 , 0 , 0 
24-Mar-2010 14:25,201001,MANCHESTER,TURKEY,ANTALYA,ONUR AIR,D,C, 0 , 1 , 0 , 0 , 0 , 0 , 0 , 0 , 0 , 0 , 0 , 0 , 0 
24-Mar-2010 14:25,201001,MANCHESTER,TURKEY,ANTALYA,THOMAS COOK AIRLINES LTD,A,C, 5 , 0 , 80 , 0 , 0 , 20 , 0 , 0 , 37.6 , 0 , 5 , 80 , 11 
24-Mar-2010 14:25,201001,MANCHESTER,TURKEY,ANTALYA,THOMAS COOK AIRLINES LTD,D,C, 4 , 0 , 75 , 0 , 0 , 25 , 0 , 0 , 37 , 0 , 5 , 80 , 16.8 
24-Mar-2010 14:25,201001,MANCHESTER,TURKEY,BODRUM (MILAS),ONUR AIR,A,C, 1 , 0 , 100 , 0 , 0 , 0 , 0 , 0 , 0 , 0 , 2 , 100 , 5.5 
24-Mar-2010 14:25,201001,MANCHESTER,TURKEY,BODRUM (MILAS),ONUR AIR,D,C, 0 , 0 , 0 , 0 , 0 , 0 , 0 , 0 , 0 , 0 , 1 , 100 , 6 
24-Mar-2010 14:25,201001,MANCHESTER,TURKEY,BODRUM (MILAS),PEGASUS AIRLINES,A,C, 2 , 0 , 100 , 0 , 0 , 0 , 0 , 0 , 3.5 , 0 , 0 , 0 , 0 
24-Mar-2010 14:25,201001,MANCHESTER,TURKEY,BODRUM (MILAS),PEGASUS AIRLINES,D,C, 2 , 0 , 100 , 0 , 0 , 0 , 0 , 0 , 4.5 , 0 , 0 , 0 , 0 
24-Mar-2010 14:25,201001,MANCHESTER,TURKEY,DALAMAN,KIBRIS TURKISH AIRLINES - KTHY,A,S, 5 , 0 , 0 , 20 , 60 , 20 , 0 , 0 , 40.6 , 0 , 5 , 0 , 42 
24-Mar-2010 14:25,201001,MANCHESTER,TURKEY,DALAMAN,KIBRIS TURKISH AIRLINES - KTHY,D,S, 5 , 0 , 60 , 20 , 20 , 0 , 0 , 0 , 16.2 , 0 , 4 , 25 , 45 
24-Mar-2010 14:25,201001,MANCHESTER,TURKEY,DALAMAN,ONUR AIR,A,C, 0 , 0 , 0 , 0 , 0 , 0 , 0 , 0 , 0 , 0 , 2 , 100 , 0 
24-Mar-2010 14:25,201001,MANCHESTER,TURKEY,DALAMAN,ONUR AIR,D,C, 0 , 0 , 0 , 0 , 0 , 0 , 0 , 0 , 0 , 0 , 2 , 100 , 6.5 
24-Mar-2010 14:25,201001,MANCHESTER,TURKEY,DALAMAN,PEGASUS AIRLINES,A,C, 1 , 0 , 0 , 100 , 0 , 0 , 0 , 0 , 22 , 0 , 0 , 0 , 0 
24-Mar-2010 14:25,201001,MANCHESTER,TURKEY,DALAMAN,PEGASUS AIRLINES,D,C, 1 , 0 , 0 , 0 , 100 , 0 , 0 , 0 , 37 , 0 , 0 , 0 , 0 
24-Mar-2010 14:25,201001,MANCHESTER,TURKEY,DALAMAN,THOMAS COOK AIRLINES LTD,A,C, 4 , 0 , 75 , 25 , 0 , 0 , 0 , 0 , 12 , 0 , 4 , 100 , 1 
24-Mar-2010 14:25,201001,MANCHESTER,TURKEY,DALAMAN,THOMAS COOK AIRLINES LTD,D,C, 4 , 0 , 75 , 25 , 0 , 0 , 0 , 0 , 7 , 0 , 4 , 75 , 12.25 
24-Mar-2010 14:25,201001,MANCHESTER,TURKEY,ISTANBUL,THY TURK HAVA YOLLARI TURKISH,A,S, 30 , 0 , 20 , 16.6666666666667 , 43.3333333333333 , 16.6666666666667 , 3.33333333333333 , 0 , 44.1666666666667 , 1 , 43 , 60.4651162790698 , 14.0232558139535 
24-Mar-2010 14:25,201001,MANCHESTER,TURKEY,ISTANBUL,THY TURK HAVA YOLLARI TURKISH,D,S, 30 , 0 , 6.66666666666667 , 13.3333333333333 , 56.6666666666667 , 16.6666666666667 , 6.66666666666667 , 0 , 61.8666666666667 , 1 , 43 , 32.5581395348837 , 23.5581395348837 
24-Mar-2010 14:25,201001,MANCHESTER,UNITED ARAB EMIRATES,ABU DHABI INTERNATIONAL,ETIHAD AIRWAYS,A,S, 31 , 0 , 93.5483870967742 , 0 , 3.2258064516129 , 0 , 3.2258064516129 , 0 , 10.1935483870968 , 0 , 31 , 80.6451612903226 , 11.7096774193548 
24-Mar-2010 14:25,201001,MANCHESTER,UNITED ARAB EMIRATES,ABU DHABI INTERNATIONAL,ETIHAD AIRWAYS,D,S, 31 , 0 , 77.4193548387097 , 9.67741935483871 , 3.2258064516129 , 6.45161290322581 , 3.2258064516129 , 0 , 19.0645161290323 , 0 , 31 , 80.6451612903226 , 8.74193548387097 
24-Mar-2010 14:25,201001,MANCHESTER,UNITED ARAB EMIRATES,DUBAI,BIMAN BANGLADESH AIRLINES,A,S, 0 , 0 , 0 , 0 , 0 , 0 , 0 , 0 , 0 , 0 , 1 , 0 , 18 
24-Mar-2010 14:25,201001,MANCHESTER,UNITED ARAB EMIRATES,DUBAI,EMIRATES,A,S, 62 , 1 , 40.3225806451613 , 24.1935483870968 , 27.4193548387097 , 8.06451612903226 , 0 , 0 , 26.6129032258065 , 1 , 62 , 66.1290322580645 , 13.3387096774194 
24-Mar-2010 14:25,201001,MANCHESTER,UNITED ARAB EMIRATES,DUBAI,EMIRATES,D,S, 62 , 0 , 24.1935483870968 , 30.6451612903226 , 24.1935483870968 , 19.3548387096774 , 1.61290322580645 , 0 , 39.5967741935484 , 1 , 62 , 56.4516129032258 , 22.1935483870968 
24-Mar-2010 14:25,201001,MANCHESTER,UNITED KINGDOM,ABERDEEN,BMI REGIONAL,A,S, 122 , 1 , 76.2295081967213 , 9.83606557377049 , 3.27868852459016 , 9.83606557377049 , 0.819672131147541 , 0 , 17.7622950819672 , 0 , 157 , 91.0828025477707 , 4.68789808917197 
24-Mar-2010 14:25,201001,MANCHESTER,UNITED KINGDOM,ABERDEEN,BMI REGIONAL,D,S, 117 , 0 , 83.7606837606838 , 5.12820512820513 , 4.27350427350427 , 6.83760683760684 , 0 , 0 , 11.2051282051282 , 0 , 155 , 92.258064516129 , 4.96774193548387 
24-Mar-2010 14:25,201001,MANCHESTER,UNITED KINGDOM,ABERDEEN,EASTERN AIRWAYS,A,C, 3 , 0 , 33.3333333333333 , 33.3333333333333 , 33.3333333333333 , 0 , 0 , 0 , 25.6666666666667 , 0 , 4 , 75 , 13.5 
24-Mar-2010 14:25,201001,MANCHESTER,UNITED KINGDOM,ABERDEEN,EASTERN AIRWAYS,D,C, 3 , 0 , 33.3333333333333 , 33.3333333333333 , 33.3333333333333 , 0 , 0 , 0 , 26.3333333333333 , 0 , 4 , 50 , 19 
24-Mar-2010 14:25,201001,MANCHESTER,UNITED KINGDOM,ABERDEEN,FLYBE LTD,A,S, 0 , 1 , 0 , 0 , 0 , 0 , 0 , 0 , 0 , 1 , 0 , 0 , 0 
24-Mar-2010 14:25,201001,MANCHESTER,UNITED KINGDOM,ABERDEEN,FLYBE LTD,D,S, 2 , 1 , 0 , 100 , 0 , 0 , 0 , 0 , 21 , 1 , 0 , 0 , 0 
24-Mar-2010 14:25,201001,MANCHESTER,UNITED KINGDOM,BELFAST CITY (GEORGE BEST),FLYBE LTD,A,S, 126 , 0 , 70.6349206349206 , 6.34920634920635 , 7.14285714285714 , 15.0793650793651 , 0 , 0.793650793650794 , 25.5873015873016 , 8 , 150 , 88.6666666666667 , 7.23333333333333 
24-Mar-2010 14:25,201001,MANCHESTER,UNITED KINGDOM,BELFAST CITY (GEORGE BEST),FLYBE LTD,D,S, 125 , 1 , 69.6 , 8.8 , 7.2 , 14.4 , 0 , 0 , 23.376 , 8 , 149 , 83.8926174496644 , 9.31543624161074 
24-Mar-2010 14:25,201001,MANCHESTER,UNITED KINGDOM,BELFAST INTERNATIONAL,BMIBABY LTD,A,S, 46 , 0 , 65.2173913043478 , 8.69565217391304 , 13.0434782608696 , 10.8695652173913 , 2.17391304347826 , 0 , 24.0652173913043 , 0 , 53 , 90.5660377358491 , 4.77358490566038 
24-Mar-2010 14:25,201001,MANCHESTER,UNITED KINGDOM,BELFAST INTERNATIONAL,BMIBABY LTD,D,S, 46 , 0 , 82.6086956521739 , 4.34782608695652 , 6.52173913043478 , 4.34782608695652 , 2.17391304347826 , 0 , 14.7391304347826 , 1 , 53 , 90.5660377358491 , 3.47169811320755 
24-Mar-2010 14:25,201001,MANCHESTER,UNITED KINGDOM,BELFAST INTERNATIONAL,THOMSON AIRWAYS LTD,A,C, 0 , 0 , 0 , 0 , 0 , 0 , 0 , 0 , 0 , 0 , 1 , 100 , 0 
24-Mar-2010 14:25,201001,MANCHESTER,UNITED KINGDOM,BIRMINGHAM,BMIBABY LTD,A,S, 0 , 1 , 0 , 0 , 0 , 0 , 0 , 0 , 0 , 1 , 0 , 0 , 0 
24-Mar-2010 14:25,201001,MANCHESTER,UNITED KINGDOM,BIRMINGHAM,BMIBABY LTD,D,S, 0 , 1 , 0 , 0 , 0 , 0 , 0 , 0 , 0 , 1 , 0 , 0 , 0 
24-Mar-2010 14:25,201001,MANCHESTER,UNITED KINGDOM,BIRMINGHAM,FLYBE LTD,A,S, 0 , 1 , 0 , 0 , 0 , 0 , 0 , 0 , 0 , 0 , 0 , 0 , 0 
24-Mar-2010 14:25,201001,MANCHESTER,UNITED KINGDOM,BIRMINGHAM,THOMSON AIRWAYS LTD,A,C, 0 , 4 , 0 , 0 , 0 , 0 , 0 , 0 , 0 , 0 , 1 , 0 , 56 
24-Mar-2010 14:25,201001,MANCHESTER,UNITED KINGDOM,BRISTOL,AIR SOUTHWEST,A,S, 0 , 3 , 0 , 0 , 0 , 0 , 0 , 0 , 0 , 3 , 0 , 0 , 0 
24-Mar-2010 14:25,201001,MANCHESTER,UNITED KINGDOM,BRISTOL,BMI REGIONAL,A,S, 0 , 1 , 0 , 0 , 0 , 0 , 0 , 0 , 0 , 0 , 0 , 0 , 0 
24-Mar-2010 14:25,201001,MANCHESTER,UNITED KINGDOM,BRISTOL,THOMSON AIRWAYS LTD,A,C, 0 , 0 , 0 , 0 , 0 , 0 , 0 , 0 , 0 , 0 , 1 , 0 , 84 
24-Mar-2010 14:25,201001,MANCHESTER,UNITED KINGDOM,CITY OF DERRY (EGLINTON),FLYBE LTD,A,S, 0 , 1 , 0 , 0 , 0 , 0 , 0 , 0 , 0 , 0 , 0 , 0 , 0 
24-Mar-2010 14:25,201001,MANCHESTER,UNITED KINGDOM,EDINBURGH,BMI REGIONAL,A,S, 92 , 0 , 85.8695652173913 , 4.34782608695652 , 2.17391304347826 , 5.43478260869565 , 2.17391304347826 , 0 , 13.804347826087 , 0 , 124 , 89.5161290322581 , 5.46774193548387 
24-Mar-2010 14:25,201001,MANCHESTER,UNITED KINGDOM,EDINBURGH,BMI REGIONAL,D,S, 94 , 0 , 82.9787234042553 , 7.4468085106383 , 2.12765957446809 , 5.31914893617021 , 2.12765957446809 , 0 , 14.8404255319149 , 0 , 120 , 92.5 , 5.03333333333333 
24-Mar-2010 14:25,201001,MANCHESTER,UNITED KINGDOM,EDINBURGH,FLYBE LTD,A,S, 75 , 1 , 70.6666666666667 , 12 , 6.66666666666667 , 8 , 2.66666666666667 , 0 , 20.7066666666667 , 5 , 88 , 88.6363636363636 , 4.03409090909091 
24-Mar-2010 14:25,201001,MANCHESTER,UNITED KINGDOM,EDINBURGH,FLYBE LTD,D,S, 75 , 0 , 76 , 5.33333333333333 , 6.66666666666667 , 10.6666666666667 , 1.33333333333333 , 0 , 18.7733333333333 , 6 , 89 , 83.1460674157303 , 9.69662921348315 
24-Mar-2010 14:25,201001,MANCHESTER,UNITED KINGDOM,EXETER,FLYBE LTD,A,S, 38 , 1 , 78.9473684210526 , 7.89473684210526 , 5.26315789473684 , 7.89473684210526 , 0 , 0 , 13.6052631578947 , 3 , 46 , 80.4347826086956 , 10.8260869565217 
24-Mar-2010 14:25,201001,MANCHESTER,UNITED KINGDOM,EXETER,FLYBE LTD,D,S, 39 , 0 , 61.5384615384615 , 7.69230769230769 , 17.9487179487179 , 7.69230769230769 , 5.12820512820513 , 0 , 30.8205128205128 , 2 , 47 , 76.5957446808511 , 16.6170212765957 
24-Mar-2010 14:25,201001,MANCHESTER,UNITED KINGDOM,FARNBOROUGH,BMI REGIONAL,A,C, 0 , 0 , 0 , 0 , 0 , 0 , 0 , 0 , 0 , 0 , 1 , 0 , 23 
24-Mar-2010 14:25,201001,MANCHESTER,UNITED KINGDOM,GATWICK,BLUE LINE,D,C, 1 , 0 , 0 , 0 , 100 , 0 , 0 , 0 , 39 , 0 , 0 , 0 , 0 
24-Mar-2010 14:25,201001,MANCHESTER,UNITED KINGDOM,GATWICK,BMI REGIONAL,D,C, 0 , 0 , 0 , 0 , 0 , 0 , 0 , 0 , 0 , 0 , 1 , 0 , 48 
24-Mar-2010 14:25,201001,MANCHESTER,UNITED KINGDOM,GATWICK,BRITISH AIRWAYS PLC,A,S, 133 , 1 , 81.203007518797 , 6.01503759398496 , 6.76691729323308 , 6.01503759398496 , 0 , 0 , 13.5187969924812 , 3 , 148 , 87.1621621621622 , 6.56081081081081 
24-Mar-2010 14:25,201001,MANCHESTER,UNITED KINGDOM,GATWICK,BRITISH AIRWAYS PLC,D,S, 133 , 0 , 80.4511278195489 , 6.01503759398496 , 4.51127819548872 , 7.5187969924812 , 0.75187969924812 , 0.75187969924812 , 17.0225563909774 , 3 , 148 , 87.8378378378378 , 8.39189189189189 
24-Mar-2010 14:25,201001,MANCHESTER,UNITED KINGDOM,GATWICK,FLYBE LTD,A,S, 0 , 2 , 0 , 0 , 0 , 0 , 0 , 0 , 0 , 2 , 0 , 0 , 0 
24-Mar-2010 14:25,201001,MANCHESTER,UNITED KINGDOM,GATWICK,HAMBURG INTERNATIONAL,D,C, 0 , 0 , 0 , 0 , 0 , 0 , 0 , 0 , 0 , 0 , 1 , 100 , 0 
24-Mar-2010 14:25,201001,MANCHESTER,UNITED KINGDOM,GATWICK,MONARCH AIRLINES,D,C, 0 , 2 , 0 , 0 , 0 , 0 , 0 , 0 , 0 , 0 , 0 , 0 , 0 
24-Mar-2010 14:25,201001,MANCHESTER,UNITED KINGDOM,GATWICK,THOMAS COOK AIRLINES LTD,A,S, 0 , 8 , 0 , 0 , 0 , 0 , 0 , 0 , 0 , 0 , 0 , 0 , 0 
24-Mar-2010 14:25,201001,MANCHESTER,UNITED KINGDOM,GATWICK,THOMAS COOK AIRLINES LTD,D,C, 0 , 0 , 0 , 0 , 0 , 0 , 0 , 0 , 0 , 0 , 1 , 0 , 18 
24-Mar-2010 14:25,201001,MANCHESTER,UNITED KINGDOM,GATWICK,THOMAS COOK AIRLINES LTD,D,S, 0 , 8 , 0 , 0 , 0 , 0 , 0 , 0 , 0 , 0 , 0 , 0 , 0 
24-Mar-2010 14:25,201001,MANCHESTER,UNITED KINGDOM,GLASGOW,BMI REGIONAL,A,S, 0 , 0 , 0 , 0 , 0 , 0 , 0 , 0 , 0 , 0 , 76 , 90.7894736842105 , 8.01315789473684 
24-Mar-2010 14:25,201001,MANCHESTER,UNITED KINGDOM,GLASGOW,BMI REGIONAL,D,S, 0 , 0 , 0 , 0 , 0 , 0 , 0 , 0 , 0 , 0 , 76 , 88.1578947368421 , 6.09210526315789 
24-Mar-2010 14:25,201001,MANCHESTER,UNITED KINGDOM,GLASGOW,FLYBE LTD,A,S, 77 , 0 , 75.3246753246753 , 5.19480519480519 , 3.8961038961039 , 11.6883116883117 , 3.8961038961039 , 0 , 25.4025974025974 , 6 , 67 , 89.5522388059701 , 7.55223880597015 
24-Mar-2010 14:25,201001,MANCHESTER,UNITED KINGDOM,GLASGOW,FLYBE LTD,D,S, 77 , 0 , 58.4415584415584 , 15.5844155844156 , 9.09090909090909 , 12.987012987013 , 3.8961038961039 , 0 , 29.025974025974 , 5 , 68 , 82.3529411764706 , 11.3088235294118 
24-Mar-2010 14:25,201001,MANCHESTER,UNITED KINGDOM,GUERNSEY,AURIGNY AIR SERVICES,A,S, 45 , 0 , 84.4444444444444 , 2.22222222222222 , 4.44444444444444 , 8.88888888888889 , 0 , 0 , 14.1555555555556 , 4 , 47 , 78.7234042553192 , 7.63829787234043 
24-Mar-2010 14:25,201001,MANCHESTER,UNITED KINGDOM,GUERNSEY,AURIGNY AIR SERVICES,D,S, 45 , 0 , 84.4444444444444 , 0 , 6.66666666666667 , 6.66666666666667 , 2.22222222222222 , 0 , 18.0666666666667 , 7 , 47 , 87.2340425531915 , 9.23404255319149 
24-Mar-2010 14:25,201001,MANCHESTER,UNITED KINGDOM,HEATHROW,BIMAN BANGLADESH AIRLINES,D,S, 0 , 0 , 0 , 0 , 0 , 0 , 0 , 0 , 0 , 0 , 1 , 0 , 65 
24-Mar-2010 14:25,201001,MANCHESTER,UNITED KINGDOM,HEATHROW,BMI BRITISH MIDLAND,A,S, 200 , 0 , 76.5 , 10.5 , 4.5 , 8 , 0.5 , 0 , 16.38 , 2 , 230 , 80.4347826086957 , 11.6739130434783 
24-Mar-2010 14:25,201001,MANCHESTER,UNITED KINGDOM,HEATHROW,BMI BRITISH MIDLAND,D,S, 207 , 0 , 77.2946859903382 , 7.72946859903382 , 4.83091787439614 , 7.72946859903382 , 2.41545893719807 , 0 , 19.8357487922705 , 3 , 230 , 77.8260869565217 , 15.6304347826087 
24-Mar-2010 14:25,201001,MANCHESTER,UNITED KINGDOM,HEATHROW,BRITISH AIRWAYS PLC,A,S, 164 , 0 , 69.5121951219512 , 14.6341463414634 , 6.70731707317073 , 7.92682926829268 , 1.21951219512195 , 0 , 19.109756097561 , 0 , 204 , 70.0980392156863 , 14.7303921568627 
24-Mar-2010 14:25,201001,MANCHESTER,UNITED KINGDOM,HEATHROW,BRITISH AIRWAYS PLC,D,S, 164 , 0 , 70.1219512195122 , 8.53658536585366 , 6.09756097560976 , 12.8048780487805 , 1.82926829268293 , 0.609756097560976 , 26.3658536585366 , 1 , 204 , 75 , 14.1617647058824 
24-Mar-2010 14:25,201001,MANCHESTER,UNITED KINGDOM,HEATHROW,CONTINENTAL AIRLINES,D,S, 1 , 0 , 0 , 0 , 100 , 0 , 0 , 0 , 33 , 0 , 0 , 0 , 0 
24-Mar-2010 14:25,201001,MANCHESTER,UNITED KINGDOM,HEATHROW,KENYA AIRWAYS,D,S, 0 , 0 , 0 , 0 , 0 , 0 , 0 , 0 , 0 , 0 , 1 , 0 , 26 
24-Mar-2010 14:25,201001,MANCHESTER,UNITED KINGDOM,HEATHROW,KUWAIT AIRWAYS,D,S, 1 , 0 , 100 , 0 , 0 , 0 , 0 , 0 , 0 , 0 , 0 , 0 , 0 
24-Mar-2010 14:25,201001,MANCHESTER,UNITED KINGDOM,HEATHROW,PAKISTAN INTL AIRLINES,D,S, 0 , 0 , 0 , 0 , 0 , 0 , 0 , 0 , 0 , 0 , 1 , 0 , 31 
24-Mar-2010 14:25,201001,MANCHESTER,UNITED KINGDOM,HUMBERSIDE,KLM CITYHOPPER,A,S, 0 , 1 , 0 , 0 , 0 , 0 , 0 , 0 , 0 , 0 , 0 , 0 , 0 
24-Mar-2010 14:25,201001,MANCHESTER,UNITED KINGDOM,INVERNESS,FLYBE LTD,A,S, 40 , 0 , 65 , 10 , 7.5 , 7.5 , 7.5 , 2.5 , 42.375 , 5 , 47 , 87.2340425531915 , 7.61702127659574 
24-Mar-2010 14:25,201001,MANCHESTER,UNITED KINGDOM,INVERNESS,FLYBE LTD,D,S, 42 , 0 , 57.1428571428571 , 14.2857142857143 , 9.52380952380952 , 9.52380952380952 , 9.52380952380952 , 0 , 41.7142857142857 , 2 , 49 , 75.5102040816327 , 22.4285714285714 
24-Mar-2010 14:25,201001,MANCHESTER,UNITED KINGDOM,ISLE OF MAN,FLYBE LTD,A,S, 110 , 1 , 88.1818181818182 , 3.63636363636364 , 3.63636363636364 , 4.54545454545455 , 0 , 0 , 7.2 , 7 , 115 , 75.6521739130435 , 13.4260869565217 
24-Mar-2010 14:25,201001,MANCHESTER,UNITED KINGDOM,ISLE OF MAN,FLYBE LTD,D,S, 111 , 0 , 79.2792792792793 , 8.10810810810811 , 7.20720720720721 , 5.40540540540541 , 0 , 0 , 10.2072072072072 , 6 , 115 , 73.0434782608696 , 15.295652173913 
24-Mar-2010 14:25,201001,MANCHESTER,UNITED KINGDOM,JERSEY,BMIBABY LTD,A,S, 10 , 0 , 70 , 0 , 0 , 30 , 0 , 0 , 35.7 , 0 , 10 , 90 , 7.4 
24-Mar-2010 14:25,201001,MANCHESTER,UNITED KINGDOM,JERSEY,BMIBABY LTD,D,S, 10 , 0 , 70 , 0 , 10 , 20 , 0 , 0 , 32.3 , 0 , 10 , 80 , 10.4 
24-Mar-2010 14:25,201001,MANCHESTER,UNITED KINGDOM,JERSEY,EASYJET AIRLINE COMPANY LTD,A,S, 0 , 1 , 0 , 0 , 0 , 0 , 0 , 0 , 0 , 1 , 0 , 0 , 0 
24-Mar-2010 14:25,201001,MANCHESTER,UNITED KINGDOM,JERSEY,FLYBE LTD,A,S, 24 , 1 , 83.3333333333333 , 0 , 12.5 , 4.16666666666667 , 0 , 0 , 12.75 , 3 , 30 , 83.3333333333333 , 9.5 
24-Mar-2010 14:25,201001,MANCHESTER,UNITED KINGDOM,JERSEY,FLYBE LTD,D,S, 24 , 0 , 79.1666666666667 , 8.33333333333333 , 12.5 , 0 , 0 , 0 , 9 , 2 , 31 , 64.5161290322581 , 23.258064516129 
24-Mar-2010 14:25,201001,MANCHESTER,UNITED KINGDOM,LEEDS BRADFORD,FLYBE LTD,A,S, 0 , 1 , 0 , 0 , 0 , 0 , 0 , 0 , 0 , 2 , 0 , 0 , 0 
24-Mar-2010 14:25,201001,MANCHESTER,UNITED KINGDOM,LEEDS BRADFORD,PAKISTAN INTL AIRLINES,D,S, 0 , 1 , 0 , 0 , 0 , 0 , 0 , 0 , 0 , 0 , 0 , 0 , 0 
24-Mar-2010 14:25,201001,MANCHESTER,UNITED KINGDOM,LEEDS BRADFORD,THOMSON AIRWAYS LTD,A,C, 0 , 0 , 0 , 0 , 0 , 0 , 0 , 0 , 0 , 0 , 1 , 0 , 97 
24-Mar-2010 14:25,201001,MANCHESTER,UNITED KINGDOM,LEEDS BRADFORD,THOMSON AIRWAYS LTD,A,S, 0 , 1 , 0 , 0 , 0 , 0 , 0 , 0 , 0 , 0 , 0 , 0 , 0 
24-Mar-2010 14:25,201001,MANCHESTER,UNITED KINGDOM,LONDON CITY,VLM (BELGIUM),A,S, 0 , 0 , 0 , 0 , 0 , 0 , 0 , 0 , 0 , 0 , 77 , 85.7142857142857 , 8.83116883116883 
24-Mar-2010 14:25,201001,MANCHESTER,UNITED KINGDOM,LONDON CITY,VLM (BELGIUM),D,S, 0 , 0 , 0 , 0 , 0 , 0 , 0 , 0 , 0 , 0 , 77 , 81.8181818181818 , 9.42857142857143 
24-Mar-2010 14:25,201001,MANCHESTER,UNITED KINGDOM,LUTON,BMI REGIONAL,A,C, 1 , 0 , 100 , 0 , 0 , 0 , 0 , 0 , 0 , 0 , 0 , 0 , 0 
24-Mar-2010 14:25,201001,MANCHESTER,UNITED KINGDOM,LUTON,BMI REGIONAL,D,C, 1 , 0 , 0 , 0 , 100 , 0 , 0 , 0 , 35 , 0 , 0 , 0 , 0 
24-Mar-2010 14:25,201001,MANCHESTER,UNITED KINGDOM,NEWCASTLE,BRITISH AIRWAYS PLC,A,S, 0 , 1 , 0 , 0 , 0 , 0 , 0 , 0 , 0 , 1 , 0 , 0 , 0 
24-Mar-2010 14:25,201001,MANCHESTER,UNITED KINGDOM,NEWCASTLE,JET2.COM LTD,A,S, 0 , 3 , 0 , 0 , 0 , 0 , 0 , 0 , 0 , 0 , 0 , 0 , 0 
24-Mar-2010 14:25,201001,MANCHESTER,UNITED KINGDOM,NEWCASTLE,JET2.COM LTD,D,S, 0 , 2 , 0 , 0 , 0 , 0 , 0 , 0 , 0 , 0 , 0 , 0 , 0 
24-Mar-2010 14:25,201001,MANCHESTER,UNITED KINGDOM,NEWQUAY,AIR SOUTHWEST,A,S, 24 , 0 , 54.1666666666667 , 16.6666666666667 , 8.33333333333333 , 20.8333333333333 , 0 , 0 , 27.5 , 2 , 29 , 72.4137931034483 , 18.8275862068966 
24-Mar-2010 14:25,201001,MANCHESTER,UNITED KINGDOM,NORWICH,FLYBE LTD,A,S, 38 , 0 , 68.421052631579 , 7.89473684210526 , 0 , 15.7894736842105 , 7.89473684210526 , 0 , 39.7631578947368 , 3 , 42 , 69.0476190476191 , 21.8571428571429 
24-Mar-2010 14:25,201001,MANCHESTER,UNITED KINGDOM,NORWICH,FLYBE LTD,D,S, 39 , 0 , 64.1025641025641 , 10.2564102564103 , 5.12820512820513 , 15.3846153846154 , 5.12820512820513 , 0 , 37.1794871794872 , 2 , 42 , 73.8095238095238 , 28.2380952380952 
24-Mar-2010 14:25,201001,MANCHESTER,UNITED KINGDOM,PLYMOUTH,AIR SOUTHWEST,A,S, 17 , 0 , 70.5882352941177 , 5.88235294117647 , 5.88235294117647 , 17.6470588235294 , 0 , 0 , 23.7058823529412 , 3 , 20 , 70 , 19 
24-Mar-2010 14:25,201001,MANCHESTER,UNITED KINGDOM,PLYMOUTH,AIR SOUTHWEST,D,S, 41 , 0 , 70.7317073170732 , 7.31707317073171 , 2.4390243902439 , 19.5121951219512 , 0 , 0 , 19.6341463414634 , 5 , 50 , 80 , 15.14 
24-Mar-2010 14:25,201001,MANCHESTER,UNITED KINGDOM,SOUTHAMPTON,BMI REGIONAL,A,C, 0 , 0 , 0 , 0 , 0 , 0 , 0 , 0 , 0 , 0 , 1 , 100 , 0 
24-Mar-2010 14:25,201001,MANCHESTER,UNITED KINGDOM,SOUTHAMPTON,BMI REGIONAL,D,C, 0 , 0 , 0 , 0 , 0 , 0 , 0 , 0 , 0 , 0 , 1 , 100 , 0 
24-Mar-2010 14:25,201001,MANCHESTER,UNITED KINGDOM,SOUTHAMPTON,EASTERN AIRWAYS,A,C, 1 , 0 , 0 , 0 , 100 , 0 , 0 , 0 , 38 , 0 , 1 , 0 , 19 
24-Mar-2010 14:25,201001,MANCHESTER,UNITED KINGDOM,SOUTHAMPTON,EASTERN AIRWAYS,D,C, 1 , 0 , 0 , 100 , 0 , 0 , 0 , 0 , 30 , 0 , 1 , 100 , 15 
24-Mar-2010 14:25,201001,MANCHESTER,UNITED KINGDOM,SOUTHAMPTON,FLYBE LTD,A,S, 101 , 2 , 53.4653465346535 , 16.8316831683168 , 17.8217821782178 , 7.92079207920792 , 0.99009900990099 , 2.97029702970297 , 47.5148514851485 , 11 , 112 , 84.8214285714286 , 7.91964285714286 
24-Mar-2010 14:25,201001,MANCHESTER,UNITED KINGDOM,SOUTHAMPTON,FLYBE LTD,D,S, 101 , 0 , 56.4356435643564 , 18.8118811881188 , 5.94059405940594 , 15.8415841584158 , 1.98019801980198 , 0.99009900990099 , 33.7128712871287 , 11 , 113 , 81.4159292035398 , 13.2035398230088 
24-Mar-2010 14:25,201001,MANCHESTER,UNITED KINGDOM,STANSTED,KIBRIS TURKISH AIRLINES - KTHY,D,S, 0 , 0 , 0 , 0 , 0 , 0 , 0 , 0 , 0 , 0 , 1 , 100 , 15 
24-Mar-2010 14:25,201001,MANCHESTER,USA,ATLANTA,DELTA AIRLINES,A,S, 25 , 0 , 48 , 32 , 16 , 0 , 4 , 0 , 24.64 , 1 , 30 , 76.6666666666667 , 19.9 
24-Mar-2010 14:25,201001,MANCHESTER,USA,ATLANTA,DELTA AIRLINES,D,S, 25 , 0 , 64 , 8 , 12 , 12 , 4 , 0 , 25.68 , 3 , 30 , 80 , 16.0666666666667 
24-Mar-2010 14:25,201001,MANCHESTER,USA,CHARLOTTE,US AIRWAYS,A,S, 0 , 1 , 0 , 0 , 0 , 0 , 0 , 0 , 0 , 1 , 0 , 0 , 0 
24-Mar-2010 14:25,201001,MANCHESTER,USA,CHICAGO (O'HARE),AMERICAN AIRLINES,A,S, 25 , 2 , 40 , 12 , 16 , 24 , 8 , 0 , 63.96 , 2 , 20 , 55 , 47.25 
24-Mar-2010 14:25,201001,MANCHESTER,USA,CHICAGO (O'HARE),AMERICAN AIRLINES,D,S, 27 , 1 , 59.2592592592593 , 7.40740740740741 , 14.8148148148148 , 3.7037037037037 , 14.8148148148148 , 0 , 49.3333333333333 , 0 , 20 , 80 , 28 
24-Mar-2010 14:25,201001,MANCHESTER,USA,CHICAGO (O'HARE),BMI BRITISH MIDLAND,A,S, 0 , 0 , 0 , 0 , 0 , 0 , 0 , 0 , 0 , 0 , 15 , 46.6666666666667 , 27 
24-Mar-2010 14:25,201001,MANCHESTER,USA,CHICAGO (O'HARE),BMI BRITISH MIDLAND,D,S, 0 , 0 , 0 , 0 , 0 , 0 , 0 , 0 , 0 , 0 , 14 , 64.2857142857143 , 20.2857142857143 
24-Mar-2010 14:25,201001,MANCHESTER,USA,LAS VEGAS,BMI BRITISH MIDLAND,A,S, 0 , 0 , 0 , 0 , 0 , 0 , 0 , 0 , 0 , 0 , 9 , 55.5555555555556 , 33 
24-Mar-2010 14:25,201001,MANCHESTER,USA,LAS VEGAS,BMI BRITISH MIDLAND,D,S, 0 , 0 , 0 , 0 , 0 , 0 , 0 , 0 , 0 , 0 , 9 , 77.7777777777778 , 21.2222222222222 
24-Mar-2010 14:25,201001,MANCHESTER,USA,LAS VEGAS,THOMAS COOK AIRLINES LTD,A,C, 0 , 0 , 0 , 0 , 0 , 0 , 0 , 0 , 0 , 0 , 2 , 50 , 390 
24-Mar-2010 14:25,201001,MANCHESTER,USA,LAS VEGAS,VIRGIN ATLANTIC AIRWAYS LTD,A,S, 0 , 1 , 0 , 0 , 0 , 0 , 0 , 0 , 0 , 0 , 0 , 0 , 0 
24-Mar-2010 14:25,201001,MANCHESTER,USA,MIAMI INTERNATIONAL,THOMSON AIRWAYS LTD,A,C, 0 , 0 , 0 , 0 , 0 , 0 , 0 , 0 , 0 , 0 , 2 , 100 , 0 
24-Mar-2010 14:25,201001,MANCHESTER,USA,MIAMI INTERNATIONAL,THOMSON AIRWAYS LTD,D,C, 0 , 0 , 0 , 0 , 0 , 0 , 0 , 0 , 0 , 0 , 2 , 50 , 28 
24-Mar-2010 14:25,201001,MANCHESTER,USA,NEW YORK (JF KENNEDY),DELTA AIRLINES,A,S, 8 , 1 , 50 , 0 , 25 , 12.5 , 12.5 , 0 , 43.5 , 0 , 28 , 67.8571428571429 , 23.9285714285714 
24-Mar-2010 14:25,201001,MANCHESTER,USA,NEW YORK (JF KENNEDY),DELTA AIRLINES,D,S, 8 , 0 , 12.5 , 12.5 , 37.5 , 25 , 12.5 , 0 , 77.25 , 0 , 28 , 60.7142857142857 , 27.8214285714286 
24-Mar-2010 14:25,201001,MANCHESTER,USA,NEW YORK (JF KENNEDY),KUWAIT AIRWAYS,A,S, 1 , 0 , 0 , 100 , 0 , 0 , 0 , 0 , 18 , 0 , 0 , 0 , 0 
24-Mar-2010 14:25,201001,MANCHESTER,USA,NEW YORK (JF KENNEDY),PAKISTAN INTL AIRLINES,D,S, 9 , 0 , 11.1111111111111 , 0 , 11.1111111111111 , 33.3333333333333 , 0 , 44.4444444444444 , 277.444444444444 , 0 , 10 , 30 , 127.3 
24-Mar-2010 14:25,201001,MANCHESTER,USA,NEW YORK (NEWARK),CONTINENTAL AIRLINES,A,S, 51 , 1 , 62.7450980392157 , 7.84313725490196 , 15.6862745098039 , 7.84313725490196 , 1.96078431372549 , 3.92156862745098 , 37.4901960784314 , 1 , 60 , 80 , 14.15 
24-Mar-2010 14:25,201001,MANCHESTER,USA,NEW YORK (NEWARK),CONTINENTAL AIRLINES,D,S, 50 , 0 , 50 , 8 , 22 , 14 , 0 , 6 , 53.94 , 0 , 60 , 80 , 14.0666666666667 
24-Mar-2010 14:25,201001,MANCHESTER,USA,ORLANDO,VIRGIN ATLANTIC AIRWAYS LTD,A,S, 36 , 1 , 69.4444444444444 , 8.33333333333333 , 5.55555555555556 , 8.33333333333333 , 8.33333333333333 , 0 , 34.7222222222222 , 2 , 35 , 85.7142857142857 , 10.1714285714286 
24-Mar-2010 14:25,201001,MANCHESTER,USA,ORLANDO,VIRGIN ATLANTIC AIRWAYS LTD,D,S, 38 , 0 , 50 , 10.5263157894737 , 7.89473684210526 , 18.4210526315789 , 7.89473684210526 , 5.26315789473684 , 62.8947368421053 , 0 , 36 , 80.5555555555556 , 16.7222222222222 
24-Mar-2010 14:25,201001,MANCHESTER,USA,PHILADELPHIA INTERNATIONAL,US AIRWAYS,A,S, 31 , 1 , 67.741935483871 , 12.9032258064516 , 3.2258064516129 , 12.9032258064516 , 3.2258064516129 , 0 , 28.1935483870968 , 0 , 30 , 73.3333333333333 , 23.5 
24-Mar-2010 14:25,201001,MANCHESTER,USA,PHILADELPHIA INTERNATIONAL,US AIRWAYS,D,S, 31 , 0 , 58.0645161290323 , 6.45161290322581 , 9.67741935483871 , 19.3548387096774 , 3.2258064516129 , 3.2258064516129 , 47.2258064516129 , 0 , 29 , 82.7586206896552 , 13.4137931034483 
24-Mar-2010 14:25,201001,MANCHESTER,USA,SANFORD,THOMSON AIRWAYS LTD,A,C, 3 , 0 , 100 , 0 , 0 , 0 , 0 , 0 , 0 , 0 , 5 , 40 , 65.2 
24-Mar-2010 14:25,201001,MANCHESTER,USA,SANFORD,THOMSON AIRWAYS LTD,D,C, 4 , 0 , 25 , 0 , 75 , 0 , 0 , 0 , 36 , 0 , 5 , 20 , 108.8 
24-Mar-2010 14:25,201001,NEWCASTLE,AUSTRIA,INNSBRUCK,THOMSON AIRWAYS LTD,A,C, 5 , 0 , 40 , 20 , 20 , 20 , 0 , 0 , 31 , 0 , 5 , 60 , 33 
24-Mar-2010 14:25,201001,NEWCASTLE,AUSTRIA,INNSBRUCK,THOMSON AIRWAYS LTD,D,C, 5 , 0 , 40 , 20 , 0 , 40 , 0 , 0 , 42.6 , 0 , 5 , 80 , 24.8 
24-Mar-2010 14:25,201001,NEWCASTLE,AUSTRIA,SALZBURG,THOMSON AIRWAYS LTD,A,C, 5 , 0 , 40 , 20 , 20 , 20 , 0 , 0 , 34.2 , 0 , 5 , 100 , 6 
24-Mar-2010 14:25,201001,NEWCASTLE,AUSTRIA,SALZBURG,THOMSON AIRWAYS LTD,D,C, 5 , 0 , 40 , 20 , 20 , 20 , 0 , 0 , 30.6 , 0 , 5 , 100 , 7.2 
24-Mar-2010 14:25,201001,NEWCASTLE,AUSTRIA,VIENNA,BRITISH AIRWAYS PLC,A,S, 0 , 1 , 0 , 0 , 0 , 0 , 0 , 0 , 0 , 0 , 0 , 0 , 0 
24-Mar-2010 14:25,201001,NEWCASTLE,BARBADOS,BRIDGETOWN,THOMSON AIRWAYS LTD,A,C, 1 , 0 , 100 , 0 , 0 , 0 , 0 , 0 , 15 , 0 , 1 , 0 , 116 
24-Mar-2010 14:25,201001,NEWCASTLE,BARBADOS,BRIDGETOWN,THOMSON AIRWAYS LTD,D,C, 1 , 0 , 0 , 0 , 0 , 100 , 0 , 0 , 161 , 0 , 2 , 50 , 39 
24-Mar-2010 14:25,201001,NEWCASTLE,BELGIUM,BRUSSELS,BRUSSELS AIRLINES,A,S, 56 , 0 , 89.2857142857143 , 7.14285714285714 , 0 , 3.57142857142857 , 0 , 0 , 6.14285714285714 , 2 , 24 , 79.1666666666667 , 7.29166666666667 
24-Mar-2010 14:25,201001,NEWCASTLE,BELGIUM,BRUSSELS,BRUSSELS AIRLINES,D,S, 57 , 0 , 75.4385964912281 , 7.01754385964912 , 12.280701754386 , 3.50877192982456 , 1.75438596491228 , 0 , 16.0526315789474 , 0 , 24 , 87.5 , 5.375 
24-Mar-2010 14:25,201001,NEWCASTLE,BULGARIA,SOFIA,BH AIR,A,C, 5 , 0 , 100 , 0 , 0 , 0 , 0 , 0 , 0.2 , 0 , 4 , 75 , 45.5 
24-Mar-2010 14:25,201001,NEWCASTLE,BULGARIA,SOFIA,BH AIR,D,C, 5 , 0 , 100 , 0 , 0 , 0 , 0 , 0 , 1.4 , 0 , 4 , 75 , 52.25 
24-Mar-2010 14:25,201001,NEWCASTLE,CYPRUS,PAPHOS,THOMSON AIRWAYS LTD,A,C, 1 , 0 , 100 , 0 , 0 , 0 , 0 , 0 , 0 , 0 , 1 , 100 , 4 
24-Mar-2010 14:25,201001,NEWCASTLE,CYPRUS,PAPHOS,THOMSON AIRWAYS LTD,D,C, 1 , 0 , 100 , 0 , 0 , 0 , 0 , 0 , 12 , 0 , 1 , 100 , 3 
24-Mar-2010 14:25,201001,NEWCASTLE,CZECH REPUBLIC,PRAGUE,EASYJET AIRLINE COMPANY LTD,A,S, 0 , 0 , 0 , 0 , 0 , 0 , 0 , 0 , 0 , 0 , 8 , 37.5 , 29.375 
24-Mar-2010 14:25,201001,NEWCASTLE,CZECH REPUBLIC,PRAGUE,EASYJET AIRLINE COMPANY LTD,D,S, 0 , 0 , 0 , 0 , 0 , 0 , 0 , 0 , 0 , 0 , 8 , 62.5 , 15.125 
24-Mar-2010 14:25,201001,NEWCASTLE,DENMARK,COPENHAGEN,CIMBER AIR A/S,A,S, 25 , 0 , 28 , 24 , 24 , 24 , 0 , 0 , 37.56 , 0 , 23 , 73.9130434782609 , 9.47826086956522 
24-Mar-2010 14:25,201001,NEWCASTLE,DENMARK,COPENHAGEN,CIMBER AIR A/S,D,S, 25 , 0 , 24 , 32 , 24 , 20 , 0 , 0 , 36.08 , 0 , 23 , 91.304347826087 , 4.52173913043478 
24-Mar-2010 14:25,201001,NEWCASTLE,DOMINICAN REPUBLIC,LA ROMANA,THOMSON AIRWAYS LTD,A,C, 1 , 0 , 0 , 0 , 0 , 100 , 0 , 0 , 117 , 0 , 1 , 100 , 10 
24-Mar-2010 14:25,201001,NEWCASTLE,DOMINICAN REPUBLIC,LA ROMANA,THOMSON AIRWAYS LTD,D,C, 1 , 0 , 100 , 0 , 0 , 0 , 0 , 0 , 0 , 0 , 0 , 0 , 0 
24-Mar-2010 14:25,201001,NEWCASTLE,EGYPT,SHARM EL SHEIKH (OPHIRA),JET2.COM LTD,A,S, 1 , 0 , 0 , 0 , 0 , 100 , 0 , 0 , 71 , 0 , 0 , 0 , 0 
24-Mar-2010 14:25,201001,NEWCASTLE,EGYPT,SHARM EL SHEIKH (OPHIRA),JET2.COM LTD,D,S, 1 , 0 , 0 , 0 , 100 , 0 , 0 , 0 , 33 , 0 , 0 , 0 , 0 
24-Mar-2010 14:25,201001,NEWCASTLE,EGYPT,SHARM EL SHEIKH (OPHIRA),THOMAS COOK AIRLINES LTD,A,C, 4 , 2 , 50 , 0 , 0 , 25 , 25 , 0 , 71 , 0 , 4 , 75 , 6.5 
24-Mar-2010 14:25,201001,NEWCASTLE,EGYPT,SHARM EL SHEIKH (OPHIRA),THOMAS COOK AIRLINES LTD,D,C, 4 , 0 , 50 , 25 , 0 , 0 , 25 , 0 , 64.5 , 0 , 4 , 75 , 5.75 
24-Mar-2010 14:25,201001,NEWCASTLE,EGYPT,SHARM EL SHEIKH (OPHIRA),THOMSON AIRWAYS LTD,A,S, 8 , 0 , 50 , 0 , 12.5 , 25 , 12.5 , 0 , 79.25 , 0 , 0 , 0 , 0 
24-Mar-2010 14:25,201001,NEWCASTLE,EGYPT,SHARM EL SHEIKH (OPHIRA),THOMSON AIRWAYS LTD,D,S, 8 , 0 , 37.5 , 37.5 , 0 , 12.5 , 12.5 , 0 , 65 , 0 , 0 , 0 , 0 
24-Mar-2010 14:25,201001,NEWCASTLE,FRANCE,CHAMBERY,JET2.COM LTD,A,S, 5 , 0 , 60 , 0 , 0 , 20 , 0 , 20 , 117.2 , 1 , 9 , 55.5555555555556 , 29.5555555555556 
24-Mar-2010 14:25,201001,NEWCASTLE,FRANCE,CHAMBERY,JET2.COM LTD,D,S, 5 , 0 , 60 , 0 , 0 , 20 , 20 , 0 , 76.8 , 1 , 9 , 77.7777777777778 , 17 
24-Mar-2010 14:25,201001,NEWCASTLE,FRANCE,GRENOBLE,JET2.COM LTD,A,C, 1 , 0 , 100 , 0 , 0 , 0 , 0 , 0 , 0 , 0 , 0 , 0 , 0 
24-Mar-2010 14:25,201001,NEWCASTLE,FRANCE,GRENOBLE,JET2.COM LTD,D,C, 2 , 0 , 50 , 50 , 0 , 0 , 0 , 0 , 13 , 0 , 1 , 100 , 10 
24-Mar-2010 14:25,201001,NEWCASTLE,FRANCE,LIMOGES,AURIGNY AIR SERVICES,A,C, 0 , 0 , 0 , 0 , 0 , 0 , 0 , 0 , 0 , 0 , 1 , 0 , 61 
24-Mar-2010 14:25,201001,NEWCASTLE,FRANCE,LIMOGES,AURIGNY AIR SERVICES,D,C, 0 , 0 , 0 , 0 , 0 , 0 , 0 , 0 , 0 , 0 , 1 , 0 , 98 
24-Mar-2010 14:25,201001,NEWCASTLE,FRANCE,PARIS (CHARLES DE GAULLE),BRIT AIR,A,S, 80 , 0 , 68.75 , 22.5 , 6.25 , 2.5 , 0 , 0 , 13.7125 , 0 , 81 , 75.3086419753086 , 13.5308641975309 
24-Mar-2010 14:25,201001,NEWCASTLE,FRANCE,PARIS (CHARLES DE GAULLE),BRIT AIR,D,S, 79 , 0 , 59.493670886076 , 20.253164556962 , 11.3924050632911 , 7.59493670886076 , 1.26582278481013 , 0 , 20.0632911392405 , 0 , 81 , 80.2469135802469 , 12.1481481481481 
24-Mar-2010 14:25,201001,NEWCASTLE,FRANCE,PARIS (CHARLES DE GAULLE),EASYJET AIRLINE COMPANY LTD,A,S, 18 , 0 , 61.1111111111111 , 22.2222222222222 , 0 , 16.6666666666667 , 0 , 0 , 22.2222222222222 , 1 , 30 , 80 , 13.3333333333333 
24-Mar-2010 14:25,201001,NEWCASTLE,FRANCE,PARIS (CHARLES DE GAULLE),EASYJET AIRLINE COMPANY LTD,D,S, 18 , 0 , 72.2222222222222 , 5.55555555555556 , 5.55555555555556 , 16.6666666666667 , 0 , 0 , 23 , 1 , 32 , 87.5 , 9.9375 
24-Mar-2010 14:25,201001,NEWCASTLE,FRANCE,PARIS (CHARLES DE GAULLE),REGIONAL COMPAGNIE AERIENNE EUROPEENNE,A,C, 0 , 1 , 0 , 0 , 0 , 0 , 0 , 0 , 0 , 0 , 0 , 0 , 0 
24-Mar-2010 14:25,201001,NEWCASTLE,GERMANY,DUSSELDORF,EUROWINGS LUFTVERKEHRS,A,S, 39 , 0 , 76.9230769230769 , 7.69230769230769 , 12.8205128205128 , 2.56410256410256 , 0 , 0 , 10.7692307692308 , 0 , 45 , 75.5555555555556 , 17.2666666666667 
24-Mar-2010 14:25,201001,NEWCASTLE,GERMANY,DUSSELDORF,EUROWINGS LUFTVERKEHRS,D,S, 39 , 0 , 69.2307692307692 , 12.8205128205128 , 12.8205128205128 , 5.12820512820513 , 0 , 0 , 13.8205128205128 , 0 , 45 , 75.5555555555556 , 17.7555555555556 
24-Mar-2010 14:25,201001,NEWCASTLE,GERMANY,HANOVER,TUIFLY  (GERMANY),A,S, 0 , 0 , 0 , 0 , 0 , 0 , 0 , 0 , 0 , 0 , 10 , 90 , 7.8 
24-Mar-2010 14:25,201001,NEWCASTLE,GERMANY,HANOVER,TUIFLY  (GERMANY),D,S, 0 , 0 , 0 , 0 , 0 , 0 , 0 , 0 , 0 , 0 , 10 , 90 , 7.8 
24-Mar-2010 14:25,201001,NEWCASTLE,GERMANY,MUNICH,EASYJET AIRLINE COMPANY LTD,A,S, 0 , 1 , 0 , 0 , 0 , 0 , 0 , 0 , 0 , 0 , 0 , 0 , 0 
24-Mar-2010 14:25,201001,NEWCASTLE,IRISH REPUBLIC,CORK,JET2.COM LTD,A,S, 9 , 0 , 77.7777777777778 , 0 , 22.2222222222222 , 0 , 0 , 0 , 8.88888888888889 , 1 , 9 , 88.8888888888889 , 7.77777777777778 
24-Mar-2010 14:25,201001,NEWCASTLE,IRISH REPUBLIC,CORK,JET2.COM LTD,D,S, 9 , 0 , 77.7777777777778 , 0 , 22.2222222222222 , 0 , 0 , 0 , 9.88888888888889 , 1 , 9 , 100 , 1.22222222222222 
24-Mar-2010 14:25,201001,NEWCASTLE,IRISH REPUBLIC,DUBLIN,AER LINGUS,A,S, 0 , 0 , 0 , 0 , 0 , 0 , 0 , 0 , 0 , 0 , 25 , 76 , 12.4 
24-Mar-2010 14:25,201001,NEWCASTLE,IRISH REPUBLIC,DUBLIN,AER LINGUS,D,S, 0 , 0 , 0 , 0 , 0 , 0 , 0 , 0 , 0 , 0 , 25 , 80 , 12.4 
24-Mar-2010 14:25,201001,NEWCASTLE,IRISH REPUBLIC,DUBLIN,RYANAIR,A,S, 40 , 0 , 65 , 15 , 12.5 , 7.5 , 0 , 0 , 19.3 , 1 , 61 , 75.4098360655738 , 9.62295081967213 
24-Mar-2010 14:25,201001,NEWCASTLE,IRISH REPUBLIC,DUBLIN,RYANAIR,D,S, 40 , 0 , 55 , 15 , 10 , 17.5 , 0 , 2.5 , 37.5 , 1 , 61 , 75.4098360655738 , 10.7049180327869 
24-Mar-2010 14:25,201001,NEWCASTLE,IRISH REPUBLIC,SHANNON,RYANAIR,A,S, 0 , 0 , 0 , 0 , 0 , 0 , 0 , 0 , 0 , 0 , 9 , 100 , 0 
24-Mar-2010 14:25,201001,NEWCASTLE,IRISH REPUBLIC,SHANNON,RYANAIR,D,S, 0 , 0 , 0 , 0 , 0 , 0 , 0 , 0 , 0 , 0 , 9 , 100 , 0 
24-Mar-2010 14:25,201001,NEWCASTLE,ITALY,TURIN,THOMSON AIRWAYS LTD,A,C, 5 , 0 , 40 , 40 , 20 , 0 , 0 , 0 , 14.6 , 0 , 4 , 50 , 17.75 
24-Mar-2010 14:25,201001,NEWCASTLE,ITALY,TURIN,THOMSON AIRWAYS LTD,D,C, 5 , 0 , 80 , 0 , 20 , 0 , 0 , 0 , 11 , 0 , 4 , 75 , 11.25 
24-Mar-2010 14:25,201001,NEWCASTLE,JAMAICA,MONTEGO BAY,THOMSON AIRWAYS LTD,A,C, 0 , 0 , 0 , 0 , 0 , 0 , 0 , 0 , 0 , 0 , 2 , 100 , 0 
24-Mar-2010 14:25,201001,NEWCASTLE,JAMAICA,MONTEGO BAY,THOMSON AIRWAYS LTD,D,C, 0 , 0 , 0 , 0 , 0 , 0 , 0 , 0 , 0 , 0 , 2 , 100 , 0 
24-Mar-2010 14:25,201001,NEWCASTLE,MALTA,MALTA,AIR MALTA,A,C, 0 , 0 , 0 , 0 , 0 , 0 , 0 , 0 , 0 , 0 , 1 , 100 , 3 
24-Mar-2010 14:25,201001,NEWCASTLE,MALTA,MALTA,AIR MALTA,D,C, 0 , 0 , 0 , 0 , 0 , 0 , 0 , 0 , 0 , 0 , 1 , 100 , 11 
24-Mar-2010 14:25,201001,NEWCASTLE,MALTA,MALTA,EASYJET AIRLINE COMPANY LTD,A,S, 9 , 0 , 44.4444444444444 , 0 , 22.2222222222222 , 22.2222222222222 , 0 , 11.1111111111111 , 102 , 0 , 0 , 0 , 0 
24-Mar-2010 14:25,201001,NEWCASTLE,MALTA,MALTA,EASYJET AIRLINE COMPANY LTD,D,S, 9 , 0 , 44.4444444444444 , 11.1111111111111 , 0 , 33.3333333333333 , 0 , 11.1111111111111 , 99.3333333333333 , 0 , 0 , 0 , 0 
24-Mar-2010 14:25,201001,NEWCASTLE,MEXICO,CANCUN,THOMSON AIRWAYS LTD,A,C, 0 , 0 , 0 , 0 , 0 , 0 , 0 , 0 , 0 , 0 , 4 , 75 , 6.75 
24-Mar-2010 14:25,201001,NEWCASTLE,MEXICO,CANCUN,THOMSON AIRWAYS LTD,D,C, 0 , 0 , 0 , 0 , 0 , 0 , 0 , 0 , 0 , 0 , 4 , 50 , 16.75 
24-Mar-2010 14:25,201001,NEWCASTLE,NETHERLANDS,AMSTERDAM,KLM,A,S, 89 , 0 , 70.7865168539326 , 13.4831460674157 , 11.2359550561798 , 4.49438202247191 , 0 , 0 , 14.2696629213483 , 2 , 65 , 89.2307692307692 , 5.32307692307692 
24-Mar-2010 14:25,201001,NEWCASTLE,NETHERLANDS,AMSTERDAM,KLM,D,S, 89 , 0 , 79.7752808988764 , 11.2359550561798 , 4.49438202247191 , 2.24719101123596 , 1.12359550561798 , 1.12359550561798 , 17.5393258426966 , 1 , 64 , 98.4375 , 3.390625 
24-Mar-2010 14:25,201001,NEWCASTLE,NETHERLANDS,AMSTERDAM,KLM CITYHOPPER,A,S, 1 , 7 , 100 , 0 , 0 , 0 , 0 , 0 , 0 , 0 , 58 , 84.4827586206897 , 6.94827586206897 
24-Mar-2010 14:25,201001,NEWCASTLE,NETHERLANDS,AMSTERDAM,KLM CITYHOPPER,D,S, 1 , 2 , 0 , 100 , 0 , 0 , 0 , 0 , 16 , 0 , 57 , 87.719298245614 , 5.94736842105263 
24-Mar-2010 14:25,201001,NEWCASTLE,NORWAY,BERGEN,EASTERN AIRWAYS,A,S, 19 , 0 , 84.2105263157895 , 0 , 10.5263157894737 , 5.26315789473684 , 0 , 0 , 8.63157894736842 , 1 , 0 , 0 , 0 
24-Mar-2010 14:25,201001,NEWCASTLE,NORWAY,BERGEN,EASTERN AIRWAYS,D,S, 15 , 0 , 73.3333333333333 , 6.66666666666667 , 6.66666666666667 , 6.66666666666667 , 6.66666666666667 , 0 , 26.9333333333333 , 5 , 0 , 0 , 0 
24-Mar-2010 14:25,201001,NEWCASTLE,NORWAY,BERGEN,WIDEROE FLYVESELSKAP A/S,A,C, 1 , 0 , 100 , 0 , 0 , 0 , 0 , 0 , 0 , 0 , 0 , 0 , 0 
24-Mar-2010 14:25,201001,NEWCASTLE,NORWAY,BERGEN,WIDEROE FLYVESELSKAP A/S,D,C, 1 , 0 , 100 , 0 , 0 , 0 , 0 , 0 , 0 , 0 , 0 , 0 , 0 
24-Mar-2010 14:25,201001,NEWCASTLE,NORWAY,STAVANGER,EASTERN AIRWAYS,A,S, 15 , 0 , 80 , 13.3333333333333 , 0 , 6.66666666666667 , 0 , 0 , 12.9333333333333 , 6 , 20 , 100 , 0.55 
24-Mar-2010 14:25,201001,NEWCASTLE,NORWAY,STAVANGER,EASTERN AIRWAYS,D,S, 19 , 0 , 57.8947368421053 , 10.5263157894737 , 21.0526315789474 , 10.5263157894737 , 0 , 0 , 22 , 2 , 19 , 89.4736842105263 , 3.68421052631579 
24-Mar-2010 14:25,201001,NEWCASTLE,NORWAY,STAVANGER,WIDEROE FLYVESELSKAP A/S,A,S, 13 , 0 , 100 , 0 , 0 , 0 , 0 , 0 , 0 , 0 , 12 , 83.3333333333333 , 8 
24-Mar-2010 14:25,201001,NEWCASTLE,NORWAY,STAVANGER,WIDEROE FLYVESELSKAP A/S,D,S, 13 , 0 , 100 , 0 , 0 , 0 , 0 , 0 , 2.84615384615385 , 0 , 12 , 50 , 13.3333333333333 
24-Mar-2010 14:25,201001,NEWCASTLE,POLAND,KRAKOW,EASYJET AIRLINE COMPANY LTD,A,S, 0 , 0 , 0 , 0 , 0 , 0 , 0 , 0 , 0 , 0 , 8 , 50 , 19.875 
24-Mar-2010 14:25,201001,NEWCASTLE,POLAND,KRAKOW,EASYJET AIRLINE COMPANY LTD,D,S, 0 , 0 , 0 , 0 , 0 , 0 , 0 , 0 , 0 , 0 , 8 , 62.5 , 12.625 
24-Mar-2010 14:25,201001,NEWCASTLE,PORTUGAL(EXCLUDING MADEIRA),FARO,EASYJET AIRLINE COMPANY LTD,A,S, 15 , 0 , 66.6666666666667 , 0 , 6.66666666666667 , 13.3333333333333 , 6.66666666666667 , 6.66666666666667 , 107.866666666667 , 1 , 10 , 50 , 16.8 
24-Mar-2010 14:25,201001,NEWCASTLE,PORTUGAL(EXCLUDING MADEIRA),FARO,EASYJET AIRLINE COMPANY LTD,D,S, 15 , 0 , 60 , 20 , 0 , 13.3333333333333 , 6.66666666666667 , 0 , 33.2666666666667 , 0 , 10 , 50 , 20.6 
24-Mar-2010 14:25,201001,NEWCASTLE,PORTUGAL(EXCLUDING MADEIRA),FARO,JET2.COM LTD,D,S, 0 , 1 , 0 , 0 , 0 , 0 , 0 , 0 , 0 , 1 , 0 , 0 , 0 
24-Mar-2010 14:25,201001,NEWCASTLE,PORTUGAL(EXCLUDING MADEIRA),FARO,THOMAS COOK AIRLINES LTD,D,C, 0 , 0 , 0 , 0 , 0 , 0 , 0 , 0 , 0 , 0 , 1 , 0 , 46 
24-Mar-2010 14:25,201001,NEWCASTLE,REPUBLIC OF SERBIA,BELGRADE,BRITISH AIRWAYS PLC,A,S, 0 , 1 , 0 , 0 , 0 , 0 , 0 , 0 , 0 , 0 , 0 , 0 , 0 
24-Mar-2010 14:25,201001,NEWCASTLE,SPAIN,ALICANTE,EASYJET AIRLINE COMPANY LTD,A,S, 30 , 0 , 50 , 10 , 10 , 16.6666666666667 , 13.3333333333333 , 0 , 52.7666666666667 , 1 , 28 , 85.7142857142857 , 5.28571428571429 
24-Mar-2010 14:25,201001,NEWCASTLE,SPAIN,ALICANTE,EASYJET AIRLINE COMPANY LTD,D,S, 30 , 0 , 60 , 10 , 10 , 16.6666666666667 , 3.33333333333333 , 0 , 33.2333333333333 , 1 , 28 , 75 , 10.2142857142857 
24-Mar-2010 14:25,201001,NEWCASTLE,SPAIN,ALICANTE,THOMAS COOK AIRLINES LTD,A,C, 1 , 0 , 0 , 0 , 0 , 100 , 0 , 0 , 66 , 0 , 1 , 100 , 0 
24-Mar-2010 14:25,201001,NEWCASTLE,SPAIN,ALICANTE,THOMAS COOK AIRLINES LTD,D,C, 0 , 0 , 0 , 0 , 0 , 0 , 0 , 0 , 0 , 0 , 1 , 100 , 0 
24-Mar-2010 14:25,201001,NEWCASTLE,SPAIN,ALICANTE,THOMSON AIRWAYS LTD,A,C, 3 , 0 , 100 , 0 , 0 , 0 , 0 , 0 , 3.33333333333333 , 0 , 9 , 100 , 0 
24-Mar-2010 14:25,201001,NEWCASTLE,SPAIN,ALICANTE,THOMSON AIRWAYS LTD,D,C, 6 , 0 , 50 , 0 , 16.6666666666667 , 33.3333333333333 , 0 , 0 , 61.5 , 0 , 9 , 100 , 1 
24-Mar-2010 14:25,201001,NEWCASTLE,SPAIN,BARCELONA,BRITISH AIRWAYS PLC,A,S, 0 , 1 , 0 , 0 , 0 , 0 , 0 , 0 , 0 , 0 , 0 , 0 , 0 
24-Mar-2010 14:25,201001,NEWCASTLE,SPAIN,BARCELONA,EASYJET AIRLINE COMPANY LTD,A,S, 23 , 0 , 56.5217391304348 , 8.69565217391304 , 17.3913043478261 , 8.69565217391304 , 0 , 8.69565217391304 , 56.7826086956522 , 0 , 21 , 90.4761904761905 , 5.14285714285714 
24-Mar-2010 14:25,201001,NEWCASTLE,SPAIN,BARCELONA,EASYJET AIRLINE COMPANY LTD,D,S, 23 , 0 , 34.7826086956522 , 21.7391304347826 , 13.0434782608696 , 21.7391304347826 , 0 , 8.69565217391304 , 67.7391304347826 , 0 , 21 , 80.9523809523809 , 10.0952380952381 
24-Mar-2010 14:25,201001,NEWCASTLE,SPAIN,GERONA,RYANAIR,A,S, 0 , 0 , 0 , 0 , 0 , 0 , 0 , 0 , 0 , 0 , 13 , 92.3076923076923 , 7.38461538461539 
24-Mar-2010 14:25,201001,NEWCASTLE,SPAIN,GERONA,RYANAIR,D,S, 0 , 0 , 0 , 0 , 0 , 0 , 0 , 0 , 0 , 0 , 13 , 92.3076923076923 , 10.7692307692308 
24-Mar-2010 14:25,201001,NEWCASTLE,SPAIN,MALAGA,EASYJET AIRLINE COMPANY LTD,A,S, 29 , 0 , 62.0689655172414 , 6.89655172413793 , 10.3448275862069 , 13.7931034482759 , 3.44827586206897 , 3.44827586206897 , 38.8275862068966 , 1 , 28 , 75 , 20.3928571428571 
24-Mar-2010 14:25,201001,NEWCASTLE,SPAIN,MALAGA,EASYJET AIRLINE COMPANY LTD,D,S, 30 , 0 , 63.3333333333333 , 13.3333333333333 , 10 , 10 , 0 , 3.33333333333333 , 35.4666666666667 , 0 , 28 , 75 , 8.96428571428571 
24-Mar-2010 14:25,201001,NEWCASTLE,SPAIN,MALAGA,THOMSON AIRWAYS LTD,A,C, 5 , 0 , 60 , 0 , 40 , 0 , 0 , 0 , 17.4 , 0 , 4 , 100 , 0 
24-Mar-2010 14:25,201001,NEWCASTLE,SPAIN,MALAGA,THOMSON AIRWAYS LTD,D,C, 5 , 0 , 60 , 0 , 40 , 0 , 0 , 0 , 17.6 , 0 , 4 , 100 , 3.25 
24-Mar-2010 14:25,201001,NEWCASTLE,SPAIN,MURCIA SAN JAVIER,EASYJET AIRLINE COMPANY LTD,A,S, 9 , 0 , 55.5555555555556 , 22.2222222222222 , 0 , 22.2222222222222 , 0 , 0 , 30 , 0 , 2 , 50 , 33 
24-Mar-2010 14:25,201001,NEWCASTLE,SPAIN,MURCIA SAN JAVIER,EASYJET AIRLINE COMPANY LTD,D,S, 9 , 0 , 66.6666666666667 , 11.1111111111111 , 0 , 22.2222222222222 , 0 , 0 , 33.8888888888889 , 0 , 2 , 50 , 53 
24-Mar-2010 14:25,201001,NEWCASTLE,SPAIN,MURCIA SAN JAVIER,JET2.COM LTD,A,S, 0 , 1 , 0 , 0 , 0 , 0 , 0 , 0 , 0 , 0 , 0 , 0 , 0 
24-Mar-2010 14:25,201001,NEWCASTLE,SPAIN,PALMA DE MALLORCA,EASYJET AIRLINE COMPANY LTD,A,S, 2 , 0 , 50 , 0 , 50 , 0 , 0 , 0 , 30 , 1 , 7 , 71.4285714285714 , 10 
24-Mar-2010 14:25,201001,NEWCASTLE,SPAIN,PALMA DE MALLORCA,EASYJET AIRLINE COMPANY LTD,D,S, 2 , 0 , 50 , 0 , 0 , 50 , 0 , 0 , 33 , 1 , 7 , 57.1428571428571 , 16.2857142857143 
24-Mar-2010 14:25,201001,NEWCASTLE,SPAIN,PALMA DE MALLORCA,THOMSON AIRWAYS LTD,A,C, 0 , 0 , 0 , 0 , 0 , 0 , 0 , 0 , 0 , 0 , 2 , 100 , 1.5 
24-Mar-2010 14:25,201001,NEWCASTLE,SPAIN,PALMA DE MALLORCA,THOMSON AIRWAYS LTD,D,C, 0 , 0 , 0 , 0 , 0 , 0 , 0 , 0 , 0 , 0 , 1 , 100 , 3 
24-Mar-2010 14:25,201001,NEWCASTLE,SPAIN(CANARY ISLANDS),ARRECIFE,JET2.COM LTD,A,S, 4 , 0 , 75 , 0 , 25 , 0 , 0 , 0 , 12.25 , 1 , 4 , 100 , 0 
24-Mar-2010 14:25,201001,NEWCASTLE,SPAIN(CANARY ISLANDS),ARRECIFE,JET2.COM LTD,D,S, 5 , 0 , 60 , 0 , 0 , 40 , 0 , 0 , 27.8 , 0 , 4 , 100 , 5.25 
24-Mar-2010 14:25,201001,NEWCASTLE,SPAIN(CANARY ISLANDS),ARRECIFE,THOMAS COOK AIRLINES LTD,A,C, 4 , 0 , 75 , 0 , 0 , 0 , 25 , 0 , 74.25 , 0 , 5 , 100 , 0.2 
24-Mar-2010 14:25,201001,NEWCASTLE,SPAIN(CANARY ISLANDS),ARRECIFE,THOMAS COOK AIRLINES LTD,D,C, 4 , 0 , 50 , 0 , 25 , 0 , 25 , 0 , 93.75 , 0 , 5 , 100 , 5.2 
24-Mar-2010 14:25,201001,NEWCASTLE,SPAIN(CANARY ISLANDS),ARRECIFE,THOMSON AIRWAYS LTD,A,C, 4 , 0 , 25 , 50 , 0 , 0 , 25 , 0 , 84 , 0 , 5 , 60 , 15.6 
24-Mar-2010 14:25,201001,NEWCASTLE,SPAIN(CANARY ISLANDS),ARRECIFE,THOMSON AIRWAYS LTD,D,C, 4 , 0 , 50 , 25 , 0 , 0 , 25 , 0 , 75 , 0 , 5 , 80 , 19 
24-Mar-2010 14:25,201001,NEWCASTLE,SPAIN(CANARY ISLANDS),FUERTEVENTURA,THOMAS COOK AIRLINES LTD,A,C, 6 , 0 , 50 , 33.3333333333333 , 16.6666666666667 , 0 , 0 , 0 , 19 , 0 , 5 , 80 , 16.8 
24-Mar-2010 14:25,201001,NEWCASTLE,SPAIN(CANARY ISLANDS),FUERTEVENTURA,THOMAS COOK AIRLINES LTD,D,C, 6 , 0 , 33.3333333333333 , 16.6666666666667 , 33.3333333333333 , 16.6666666666667 , 0 , 0 , 31.6666666666667 , 0 , 6 , 100 , 0.833333333333333 
24-Mar-2010 14:25,201001,NEWCASTLE,SPAIN(CANARY ISLANDS),FUERTEVENTURA,THOMSON AIRWAYS LTD,A,C, 0 , 0 , 0 , 0 , 0 , 0 , 0 , 0 , 0 , 0 , 1 , 100 , 0 
24-Mar-2010 14:25,201001,NEWCASTLE,SPAIN(CANARY ISLANDS),FUERTEVENTURA,THOMSON AIRWAYS LTD,D,C, 0 , 0 , 0 , 0 , 0 , 0 , 0 , 0 , 0 , 0 , 1 , 100 , 6 
24-Mar-2010 14:25,201001,NEWCASTLE,SPAIN(CANARY ISLANDS),LAS PALMAS,THOMAS COOK AIRLINES LTD,A,C, 4 , 0 , 100 , 0 , 0 , 0 , 0 , 0 , 1.5 , 0 , 4 , 100 , 0 
24-Mar-2010 14:25,201001,NEWCASTLE,SPAIN(CANARY ISLANDS),LAS PALMAS,THOMAS COOK AIRLINES LTD,D,C, 4 , 0 , 100 , 0 , 0 , 0 , 0 , 0 , 3.5 , 0 , 4 , 100 , 2.5 
24-Mar-2010 14:25,201001,NEWCASTLE,SPAIN(CANARY ISLANDS),LAS PALMAS,THOMSON AIRWAYS LTD,A,C, 4 , 0 , 25 , 25 , 50 , 0 , 0 , 0 , 22.75 , 0 , 4 , 100 , 6 
24-Mar-2010 14:25,201001,NEWCASTLE,SPAIN(CANARY ISLANDS),LAS PALMAS,THOMSON AIRWAYS LTD,D,C, 4 , 0 , 100 , 0 , 0 , 0 , 0 , 0 , 1.75 , 0 , 4 , 100 , 2.25 
24-Mar-2010 14:25,201001,NEWCASTLE,SPAIN(CANARY ISLANDS),TENERIFE (SURREINA SOFIA),JET2.COM LTD,A,S, 5 , 0 , 40 , 0 , 40 , 0 , 0 , 20 , 130.6 , 0 , 5 , 60 , 12.6 
24-Mar-2010 14:25,201001,NEWCASTLE,SPAIN(CANARY ISLANDS),TENERIFE (SURREINA SOFIA),JET2.COM LTD,D,S, 5 , 0 , 40 , 20 , 0 , 20 , 0 , 20 , 139.8 , 0 , 5 , 80 , 12.8 
24-Mar-2010 14:25,201001,NEWCASTLE,SPAIN(CANARY ISLANDS),TENERIFE (SURREINA SOFIA),RYANAIR,A,S, 0 , 1 , 0 , 0 , 0 , 0 , 0 , 0 , 0 , 0 , 0 , 0 , 0 
24-Mar-2010 14:25,201001,NEWCASTLE,SPAIN(CANARY ISLANDS),TENERIFE (SURREINA SOFIA),THOMAS COOK AIRLINES LTD,A,C, 8 , 0 , 62.5 , 12.5 , 0 , 12.5 , 0 , 12.5 , 147.125 , 0 , 11 , 81.8181818181818 , 7.63636363636364 
24-Mar-2010 14:25,201001,NEWCASTLE,SPAIN(CANARY ISLANDS),TENERIFE (SURREINA SOFIA),THOMAS COOK AIRLINES LTD,D,C, 9 , 0 , 66.6666666666667 , 0 , 11.1111111111111 , 11.1111111111111 , 0 , 11.1111111111111 , 73 , 0 , 10 , 90 , 5.3 
24-Mar-2010 14:25,201001,NEWCASTLE,SPAIN(CANARY ISLANDS),TENERIFE (SURREINA SOFIA),THOMSON AIRWAYS LTD,A,C, 13 , 0 , 61.5384615384615 , 7.69230769230769 , 15.3846153846154 , 7.69230769230769 , 7.69230769230769 , 0 , 35.4615384615385 , 0 , 11 , 81.8181818181818 , 17.3636363636364 
24-Mar-2010 14:25,201001,NEWCASTLE,SPAIN(CANARY ISLANDS),TENERIFE (SURREINA SOFIA),THOMSON AIRWAYS LTD,D,C, 12 , 0 , 58.3333333333333 , 16.6666666666667 , 0 , 16.6666666666667 , 8.33333333333333 , 0 , 41.25 , 0 , 10 , 90 , 4.2 
24-Mar-2010 14:25,201001,NEWCASTLE,SWITZERLAND,GENEVA,EASYJET AIRLINE COMPANY LTD,A,S, 33 , 0 , 30.3030303030303 , 15.1515151515152 , 21.2121212121212 , 27.2727272727273 , 6.06060606060606 , 0 , 53.8787878787879 , 4 , 36 , 77.7777777777778 , 12.75 
24-Mar-2010 14:25,201001,NEWCASTLE,SWITZERLAND,GENEVA,EASYJET AIRLINE COMPANY LTD,D,S, 36 , 0 , 47.2222222222222 , 16.6666666666667 , 8.33333333333333 , 22.2222222222222 , 5.55555555555556 , 0 , 48.1111111111111 , 1 , 36 , 66.6666666666667 , 13.3611111111111 
24-Mar-2010 14:25,201001,NEWCASTLE,SWITZERLAND,GENEVA,THOMSON AIRWAYS LTD,A,C, 5 , 0 , 40 , 0 , 20 , 40 , 0 , 0 , 44 , 0 , 5 , 60 , 16.8 
24-Mar-2010 14:25,201001,NEWCASTLE,SWITZERLAND,GENEVA,THOMSON AIRWAYS LTD,D,C, 5 , 0 , 60 , 0 , 0 , 40 , 0 , 0 , 29.8 , 0 , 5 , 80 , 12 
24-Mar-2010 14:25,201001,NEWCASTLE,TUNISIA,MONASTIR,THOMAS COOK AIRLINES LTD,A,C, 1 , 0 , 0 , 0 , 0 , 100 , 0 , 0 , 79 , 0 , 0 , 0 , 0 
24-Mar-2010 14:25,201001,NEWCASTLE,TUNISIA,MONASTIR,THOMSON AIRWAYS LTD,A,C, 0 , 0 , 0 , 0 , 0 , 0 , 0 , 0 , 0 , 0 , 1 , 100 , 0 
24-Mar-2010 14:25,201001,NEWCASTLE,UKRAINE,KIEV (BORISPOL),BRITISH AIRWAYS PLC,A,S, 0 , 1 , 0 , 0 , 0 , 0 , 0 , 0 , 0 , 0 , 0 , 0 , 0 
24-Mar-2010 14:25,201001,NEWCASTLE,UNITED ARAB EMIRATES,DUBAI,EMIRATES,A,S, 31 , 0 , 38.7096774193548 , 32.258064516129 , 22.5806451612903 , 6.45161290322581 , 0 , 0 , 22.8387096774194 , 0 , 31 , 90.3225806451613 , 7.7741935483871 
24-Mar-2010 14:25,201001,NEWCASTLE,UNITED ARAB EMIRATES,DUBAI,EMIRATES,D,S, 31 , 0 , 25.8064516129032 , 22.5806451612903 , 41.9354838709677 , 3.2258064516129 , 6.45161290322581 , 0 , 42.3548387096774 , 0 , 31 , 87.0967741935484 , 12.741935483871 
24-Mar-2010 14:25,201001,NEWCASTLE,UNITED KINGDOM,ABERDEEN,EASTERN AIRWAYS,A,S, 86 , 0 , 80.2325581395349 , 5.81395348837209 , 4.65116279069767 , 9.30232558139535 , 0 , 0 , 15.6046511627907 , 14 , 102 , 85.2941176470588 , 9.17647058823529 
24-Mar-2010 14:25,201001,NEWCASTLE,UNITED KINGDOM,ABERDEEN,EASTERN AIRWAYS,D,S, 85 , 1 , 75.2941176470588 , 8.23529411764706 , 5.88235294117647 , 7.05882352941176 , 3.52941176470588 , 0 , 20.9882352941176 , 15 , 103 , 72.8155339805825 , 16.8446601941748 
24-Mar-2010 14:25,201001,NEWCASTLE,UNITED KINGDOM,BELFAST CITY (GEORGE BEST),FLYBE LTD,A,S, 44 , 0 , 79.5454545454545 , 2.27272727272727 , 6.81818181818182 , 6.81818181818182 , 4.54545454545455 , 0 , 18.8409090909091 , 3 , 29 , 96.551724137931 , 2.6551724137931 
24-Mar-2010 14:25,201001,NEWCASTLE,UNITED KINGDOM,BELFAST CITY (GEORGE BEST),FLYBE LTD,D,S, 44 , 0 , 75 , 4.54545454545455 , 11.3636363636364 , 6.81818181818182 , 2.27272727272727 , 0 , 18 , 3 , 29 , 86.2068965517241 , 4.75862068965517 
24-Mar-2010 14:25,201001,NEWCASTLE,UNITED KINGDOM,BELFAST INTERNATIONAL,EASYJET AIRLINE COMPANY LTD,A,S, 74 , 0 , 68.9189189189189 , 6.75675675675676 , 9.45945945945946 , 9.45945945945946 , 5.40540540540541 , 0 , 30.3108108108108 , 0 , 70 , 82.8571428571429 , 12.2428571428571 
24-Mar-2010 14:25,201001,NEWCASTLE,UNITED KINGDOM,BELFAST INTERNATIONAL,EASYJET AIRLINE COMPANY LTD,D,S, 74 , 0 , 63.5135135135135 , 9.45945945945946 , 10.8108108108108 , 12.1621621621622 , 4.05405405405405 , 0 , 32.5945945945946 , 0 , 70 , 84.2857142857143 , 11.5142857142857 
24-Mar-2010 14:25,201001,NEWCASTLE,UNITED KINGDOM,BIRMINGHAM,EASTERN AIRWAYS,A,S, 41 , 0 , 80.4878048780488 , 4.8780487804878 , 7.31707317073171 , 7.31707317073171 , 0 , 0 , 9.95121951219512 , 19 , 53 , 88.6792452830189 , 15.2075471698113 
24-Mar-2010 14:25,201001,NEWCASTLE,UNITED KINGDOM,BIRMINGHAM,EASTERN AIRWAYS,D,S, 50 , 0 , 80 , 6 , 8 , 6 , 0 , 0 , 13.14 , 11 , 55 , 89.0909090909091 , 8.58181818181818 
24-Mar-2010 14:25,201001,NEWCASTLE,UNITED KINGDOM,BIRMINGHAM,FLYBE LTD,A,C, 0 , 0 , 0 , 0 , 0 , 0 , 0 , 0 , 0 , 0 , 1 , 100 , 14 
24-Mar-2010 14:25,201001,NEWCASTLE,UNITED KINGDOM,BRISTOL,EASYJET AIRLINE COMPANY LTD,A,S, 69 , 0 , 66.6666666666667 , 13.0434782608696 , 7.2463768115942 , 11.5942028985507 , 1.44927536231884 , 0 , 20.8695652173913 , 4 , 77 , 87.012987012987 , 10.5064935064935 
24-Mar-2010 14:25,201001,NEWCASTLE,UNITED KINGDOM,BRISTOL,EASYJET AIRLINE COMPANY LTD,D,S, 69 , 0 , 60.8695652173913 , 15.9420289855072 , 5.79710144927536 , 15.9420289855072 , 1.44927536231884 , 0 , 24.9565217391304 , 4 , 77 , 88.3116883116883 , 5.55844155844156 
24-Mar-2010 14:25,201001,NEWCASTLE,UNITED KINGDOM,CARDIFF WALES,EASTERN AIRWAYS,A,S, 35 , 0 , 65.7142857142857 , 5.71428571428571 , 5.71428571428571 , 20 , 2.85714285714286 , 0 , 31.5142857142857 , 6 , 48 , 91.6666666666667 , 6.08333333333333 
24-Mar-2010 14:25,201001,NEWCASTLE,UNITED KINGDOM,CARDIFF WALES,EASTERN AIRWAYS,D,S, 29 , 0 , 75.8620689655172 , 6.89655172413793 , 13.7931034482759 , 3.44827586206897 , 0 , 0 , 12.6551724137931 , 11 , 46 , 97.8260869565217 , 2.5 
24-Mar-2010 14:25,201001,NEWCASTLE,UNITED KINGDOM,CARDIFF WALES,FLYBE LTD,A,S, 14 , 0 , 57.1428571428571 , 0 , 28.5714285714286 , 14.2857142857143 , 0 , 0 , 25.7142857142857 , 0 , 14 , 92.8571428571429 , 11.6428571428571 
24-Mar-2010 14:25,201001,NEWCASTLE,UNITED KINGDOM,CARDIFF WALES,FLYBE LTD,D,S, 14 , 0 , 57.1428571428571 , 7.14285714285714 , 21.4285714285714 , 14.2857142857143 , 0 , 0 , 20.7142857142857 , 0 , 14 , 92.8571428571429 , 11.8571428571429 
24-Mar-2010 14:25,201001,NEWCASTLE,UNITED KINGDOM,DURHAM TEES VALLEY,EASTERN AIRWAYS,D,S, 0 , 2 , 0 , 0 , 0 , 0 , 0 , 0 , 0 , 0 , 0 , 0 , 0 
24-Mar-2010 14:25,201001,NEWCASTLE,UNITED KINGDOM,EDINBURGH,FLYBE LTD,A,S, 0 , 1 , 0 , 0 , 0 , 0 , 0 , 0 , 0 , 0 , 0 , 0 , 0 
24-Mar-2010 14:25,201001,NEWCASTLE,UNITED KINGDOM,EDINBURGH,FLYBE LTD,D,S, 0 , 1 , 0 , 0 , 0 , 0 , 0 , 0 , 0 , 0 , 0 , 0 , 0 
24-Mar-2010 14:25,201001,NEWCASTLE,UNITED KINGDOM,EXETER,FLYBE LTD,A,S, 26 , 0 , 76.9230769230769 , 7.69230769230769 , 7.69230769230769 , 7.69230769230769 , 0 , 0 , 13.4615384615385 , 2 , 27 , 85.1851851851852 , 5.59259259259259 
24-Mar-2010 14:25,201001,NEWCASTLE,UNITED KINGDOM,EXETER,FLYBE LTD,D,S, 27 , 0 , 62.962962962963 , 18.5185185185185 , 11.1111111111111 , 7.40740740740741 , 0 , 0 , 17.2222222222222 , 1 , 27 , 92.5925925925926 , 2.14814814814815 
24-Mar-2010 14:25,201001,NEWCASTLE,UNITED KINGDOM,FARNBOROUGH,EASTERN AIRWAYS,A,C, 0 , 0 , 0 , 0 , 0 , 0 , 0 , 0 , 0 , 0 , 1 , 100 , 0 
24-Mar-2010 14:25,201001,NEWCASTLE,UNITED KINGDOM,GATWICK,EASYJET AIRLINE COMPANY LTD,D,S, 0 , 1 , 0 , 0 , 0 , 0 , 0 , 0 , 0 , 0 , 0 , 0 , 0 
24-Mar-2010 14:25,201001,NEWCASTLE,UNITED KINGDOM,GATWICK,FLYBE LTD,A,S, 81 , 0 , 66.6666666666667 , 3.7037037037037 , 11.1111111111111 , 18.5185185185185 , 0 , 0 , 26.7160493827161 , 10 , 88 , 90.9090909090909 , 7.20454545454545 
24-Mar-2010 14:25,201001,NEWCASTLE,UNITED KINGDOM,GATWICK,FLYBE LTD,D,S, 82 , 0 , 68.2926829268293 , 4.8780487804878 , 6.09756097560976 , 20.7317073170732 , 0 , 0 , 27.0365853658537 , 9 , 88 , 81.8181818181818 , 10.5 
24-Mar-2010 14:25,201001,NEWCASTLE,UNITED KINGDOM,GLASGOW,THOMSON AIRWAYS LTD,D,C, 1 , 0 , 0 , 0 , 0 , 100 , 0 , 0 , 69 , 0 , 0 , 0 , 0 
24-Mar-2010 14:25,201001,NEWCASTLE,UNITED KINGDOM,HEATHROW,BRITISH AIRWAYS PLC,A,S, 119 , 0 , 77.3109243697479 , 8.40336134453782 , 10.0840336134454 , 2.52100840336134 , 1.68067226890756 , 0 , 15.8319327731092 , 0 , 168 , 74.4047619047619 , 14.4285714285714 
24-Mar-2010 14:25,201001,NEWCASTLE,UNITED KINGDOM,HEATHROW,BRITISH AIRWAYS PLC,D,S, 119 , 2 , 69.7478991596639 , 9.2436974789916 , 8.40336134453782 , 8.40336134453782 , 3.36134453781513 , 0.840336134453782 , 28.8235294117647 , 0 , 168 , 83.9285714285714 , 14.2142857142857 
24-Mar-2010 14:25,201001,NEWCASTLE,UNITED KINGDOM,HUMBERSIDE,EASTERN AIRWAYS,A,S, 0 , 1 , 0 , 0 , 0 , 0 , 0 , 0 , 0 , 0 , 0 , 0 , 0 
24-Mar-2010 14:25,201001,NEWCASTLE,UNITED KINGDOM,ISLE OF MAN,EASTERN AIRWAYS,A,S, 0 , 0 , 0 , 0 , 0 , 0 , 0 , 0 , 0 , 0 , 25 , 92 , 4.56 
24-Mar-2010 14:25,201001,NEWCASTLE,UNITED KINGDOM,ISLE OF MAN,EASTERN AIRWAYS,D,S, 0 , 0 , 0 , 0 , 0 , 0 , 0 , 0 , 0 , 0 , 24 , 91.6666666666667 , 3.70833333333333 
24-Mar-2010 14:25,201001,NEWCASTLE,UNITED KINGDOM,ISLE OF MAN,FLM AVIATION,A,S, 23 , 0 , 100 , 0 , 0 , 0 , 0 , 0 , 1.52173913043478 , 4 , 0 , 0 , 0 
24-Mar-2010 14:25,201001,NEWCASTLE,UNITED KINGDOM,ISLE OF MAN,FLM AVIATION,D,S, 23 , 0 , 95.6521739130435 , 4.34782608695652 , 0 , 0 , 0 , 0 , 3.08695652173913 , 4 , 0 , 0 , 0 
24-Mar-2010 14:25,201001,NEWCASTLE,UNITED KINGDOM,MANCHESTER,THOMAS COOK AIRLINES LTD,A,C, 0 , 0 , 0 , 0 , 0 , 0 , 0 , 0 , 0 , 0 , 1 , 0 , 52 
24-Mar-2010 14:25,201001,NEWCASTLE,UNITED KINGDOM,PLYMOUTH,AIR SOUTHWEST,A,C, 1 , 0 , 100 , 0 , 0 , 0 , 0 , 0 , 6 , 0 , 0 , 0 , 0 
24-Mar-2010 14:25,201001,NEWCASTLE,UNITED KINGDOM,PLYMOUTH,AIR SOUTHWEST,A,S, 17 , 0 , 76.4705882352941 , 17.6470588235294 , 5.88235294117647 , 0 , 0 , 0 , 9.05882352941176 , 1 , 21 , 71.4285714285714 , 14.4285714285714 
24-Mar-2010 14:25,201001,NEWCASTLE,UNITED KINGDOM,PLYMOUTH,AIR SOUTHWEST,D,C, 1 , 0 , 0 , 100 , 0 , 0 , 0 , 0 , 22 , 0 , 0 , 0 , 0 
24-Mar-2010 14:25,201001,NEWCASTLE,UNITED KINGDOM,PLYMOUTH,AIR SOUTHWEST,D,S, 17 , 0 , 76.4705882352941 , 17.6470588235294 , 5.88235294117647 , 0 , 0 , 0 , 9.05882352941176 , 1 , 21 , 66.6666666666667 , 17.1428571428571 
24-Mar-2010 14:25,201001,NEWCASTLE,UNITED KINGDOM,SOUTHAMPTON,EASTERN AIRWAYS,A,S, 27 , 0 , 66.6666666666667 , 18.5185185185185 , 3.7037037037037 , 11.1111111111111 , 0 , 0 , 19.1111111111111 , 3 , 64 , 62.5 , 23.28125 
24-Mar-2010 14:25,201001,NEWCASTLE,UNITED KINGDOM,SOUTHAMPTON,EASTERN AIRWAYS,D,S, 26 , 0 , 61.5384615384615 , 7.69230769230769 , 15.3846153846154 , 15.3846153846154 , 0 , 0 , 31.3076923076923 , 4 , 64 , 70.3125 , 12.71875 
24-Mar-2010 14:25,201001,NEWCASTLE,UNITED KINGDOM,SOUTHAMPTON,FLYBE LTD,A,S, 85 , 1 , 72.9411764705882 , 5.88235294117647 , 8.23529411764706 , 9.41176470588235 , 3.52941176470588 , 0 , 24.8 , 4 , 64 , 89.0625 , 9.34375 
24-Mar-2010 14:25,201001,NEWCASTLE,UNITED KINGDOM,SOUTHAMPTON,FLYBE LTD,D,S, 83 , 0 , 67.4698795180723 , 9.63855421686747 , 8.43373493975904 , 12.0481927710843 , 2.40963855421687 , 0 , 26.9879518072289 , 6 , 64 , 85.9375 , 11.796875 
24-Mar-2010 14:25,201001,NEWCASTLE,UNITED KINGDOM,STANSTED,EASYJET AIRLINE COMPANY LTD,A,S, 55 , 0 , 70.9090909090909 , 7.27272727272727 , 9.09090909090909 , 9.09090909090909 , 3.63636363636364 , 0 , 21.7818181818182 , 0 , 57 , 84.2105263157895 , 6.63157894736842 
24-Mar-2010 14:25,201001,NEWCASTLE,UNITED KINGDOM,STANSTED,EASYJET AIRLINE COMPANY LTD,D,S, 55 , 0 , 67.2727272727273 , 9.09090909090909 , 5.45454545454545 , 12.7272727272727 , 3.63636363636364 , 1.81818181818182 , 37.2181818181818 , 0 , 57 , 84.2105263157895 , 7.91228070175439 
24-Mar-2010 14:25,201001,NEWCASTLE,USA,ATLANTA,BRITISH AIRWAYS PLC,A,S, 0 , 1 , 0 , 0 , 0 , 0 , 0 , 0 , 0 , 0 , 0 , 0 , 0 
24-Mar-2010 14:25,201001,STANSTED,ALBANIA,TIRANA,ALBANIAN AIRLINES,A,S, 12 , 0 , 41.6666666666667 , 25 , 25 , 8.33333333333333 , 0 , 0 , 20 , 2 , 4 , 0 , 42 
24-Mar-2010 14:25,201001,STANSTED,ALBANIA,TIRANA,ALBANIAN AIRLINES,D,S, 13 , 0 , 30.7692307692308 , 23.0769230769231 , 30.7692307692308 , 15.3846153846154 , 0 , 0 , 33.4615384615385 , 2 , 4 , 25 , 36 
24-Mar-2010 14:25,201001,STANSTED,AUSTRIA,GRAZ,RYANAIR,A,S, 19 , 0 , 63.1578947368421 , 5.26315789473684 , 21.0526315789474 , 10.5263157894737 , 0 , 0 , 21.4210526315789 , 0 , 17 , 82.3529411764706 , 8.64705882352941 
24-Mar-2010 14:25,201001,STANSTED,AUSTRIA,GRAZ,RYANAIR,D,S, 18 , 0 , 61.1111111111111 , 27.7777777777778 , 11.1111111111111 , 0 , 0 , 0 , 12.6666666666667 , 1 , 17 , 94.1176470588235 , 5.17647058823529 
24-Mar-2010 14:25,201001,STANSTED,AUSTRIA,INNSBRUCK,THOMSON AIRWAYS LTD,A,C, 5 , 0 , 60 , 0 , 0 , 20 , 20 , 0 , 64.4 , 0 , 5 , 40 , 28.6 
24-Mar-2010 14:25,201001,STANSTED,AUSTRIA,INNSBRUCK,THOMSON AIRWAYS LTD,D,C, 5 , 0 , 60 , 0 , 0 , 20 , 20 , 0 , 63.8 , 0 , 5 , 20 , 37.2 
24-Mar-2010 14:25,201001,STANSTED,AUSTRIA,KLAGENFURT,RYANAIR,A,S, 14 , 0 , 21.4285714285714 , 28.5714285714286 , 42.8571428571429 , 7.14285714285714 , 0 , 0 , 29.5714285714286 , 0 , 14 , 50 , 17.5714285714286 
24-Mar-2010 14:25,201001,STANSTED,AUSTRIA,KLAGENFURT,RYANAIR,D,S, 14 , 0 , 78.5714285714286 , 21.4285714285714 , 0 , 0 , 0 , 0 , 9.28571428571429 , 0 , 14 , 85.7142857142857 , 6.64285714285714 
24-Mar-2010 14:25,201001,STANSTED,AUSTRIA,LINZ,RYANAIR,A,S, 19 , 0 , 89.4736842105263 , 5.26315789473684 , 0 , 0 , 5.26315789473684 , 0 , 12.8947368421053 , 0 , 17 , 88.2352941176471 , 6.52941176470588 
24-Mar-2010 14:25,201001,STANSTED,AUSTRIA,LINZ,RYANAIR,D,S, 19 , 0 , 84.2105263157895 , 10.5263157894737 , 0 , 5.26315789473684 , 0 , 0 , 11.2631578947368 , 0 , 17 , 94.1176470588235 , 3.29411764705882 
24-Mar-2010 14:25,201001,STANSTED,AUSTRIA,SALZBURG,RYANAIR,A,S, 54 , 0 , 51.8518518518519 , 20.3703703703704 , 22.2222222222222 , 5.55555555555556 , 0 , 0 , 20.0925925925926 , 1 , 97 , 80.4123711340206 , 11.0103092783505 
24-Mar-2010 14:25,201001,STANSTED,AUSTRIA,SALZBURG,RYANAIR,D,S, 55 , 0 , 76.3636363636364 , 14.5454545454545 , 9.09090909090909 , 0 , 0 , 0 , 10.7818181818182 , 0 , 98 , 84.6938775510204 , 9.61224489795918 
24-Mar-2010 14:25,201001,STANSTED,AUSTRIA,SALZBURG,THOMSON AIRWAYS LTD,A,C, 5 , 0 , 40 , 20 , 0 , 40 , 0 , 0 , 42.8 , 0 , 5 , 60 , 21.6 
24-Mar-2010 14:25,201001,STANSTED,AUSTRIA,SALZBURG,THOMSON AIRWAYS LTD,D,C, 5 , 0 , 60 , 0 , 0 , 40 , 0 , 0 , 36.4 , 0 , 5 , 20 , 36.8 
24-Mar-2010 14:25,201001,STANSTED,AZERBAIJAN,BAKU (HEYDER ALIYEV INT'L),TRANSAVIA,A,C, 0 , 0 , 0 , 0 , 0 , 0 , 0 , 0 , 0 , 0 , 1 , 0 , 51 
24-Mar-2010 14:25,201001,STANSTED,AZERBAIJAN,BAKU (HEYDER ALIYEV INT'L),TRANSAVIA,D,C, 0 , 0 , 0 , 0 , 0 , 0 , 0 , 0 , 0 , 0 , 1 , 100 , 10 
24-Mar-2010 14:25,201001,STANSTED,BARBADOS,BRIDGETOWN,BRITISH AIRWAYS PLC,A,S, 0 , 1 , 0 , 0 , 0 , 0 , 0 , 0 , 0 , 0 , 0 , 0 , 0 
24-Mar-2010 14:25,201001,STANSTED,BARBADOS,BRIDGETOWN,MONARCH AIRLINES,A,C, 0 , 1 , 0 , 0 , 0 , 0 , 0 , 0 , 0 , 0 , 0 , 0 , 0 
24-Mar-2010 14:25,201001,STANSTED,BARBADOS,BRIDGETOWN,THOMSON AIRWAYS LTD,A,C, 1 , 0 , 0 , 100 , 0 , 0 , 0 , 0 , 30 , 0 , 0 , 0 , 0 
24-Mar-2010 14:25,201001,STANSTED,BARBADOS,BRIDGETOWN,THOMSON AIRWAYS LTD,D,C, 1 , 0 , 0 , 100 , 0 , 0 , 0 , 0 , 21 , 0 , 0 , 0 , 0 
24-Mar-2010 14:25,201001,STANSTED,BERMUDA,BERMUDA,BRITISH AIRWAYS PLC,A,S, 0 , 1 , 0 , 0 , 0 , 0 , 0 , 0 , 0 , 0 , 0 , 0 , 0 
24-Mar-2010 14:25,201001,STANSTED,CANADA,CALGARY,THOMAS COOK AIRLINES LTD,D,S, 0 , 1 , 0 , 0 , 0 , 0 , 0 , 0 , 0 , 1 , 0 , 0 , 0 
24-Mar-2010 14:25,201001,STANSTED,CUBA,CUNAGUA (CAYO COCO),THOMAS COOK AIRLINES LTD,A,C, 0 , 1 , 0 , 0 , 0 , 0 , 0 , 0 , 0 , 0 , 0 , 0 , 0 
24-Mar-2010 14:25,201001,STANSTED,CUBA,VARADERO,THOMAS COOK AIRLINES LTD,A,C, 0 , 1 , 0 , 0 , 0 , 0 , 0 , 0 , 0 , 0 , 0 , 0 , 0 
24-Mar-2010 14:25,201001,STANSTED,CYPRUS,LARNACA,CYPRUS AIRWAYS,A,S, 9 , 0 , 77.7777777777778 , 0 , 11.1111111111111 , 11.1111111111111 , 0 , 0 , 18.2222222222222 , 0 , 8 , 62.5 , 13.75 
24-Mar-2010 14:25,201001,STANSTED,CYPRUS,LARNACA,CYPRUS AIRWAYS,D,S, 9 , 0 , 55.5555555555556 , 11.1111111111111 , 22.2222222222222 , 0 , 11.1111111111111 , 0 , 40.6666666666667 , 0 , 8 , 62.5 , 10.375 
24-Mar-2010 14:25,201001,STANSTED,CYPRUS,PAPHOS,THOMAS COOK AIRLINES LTD,A,C, 0 , 0 , 0 , 0 , 0 , 0 , 0 , 0 , 0 , 0 , 1 , 100 , 0 
24-Mar-2010 14:25,201001,STANSTED,CYPRUS,PAPHOS,THOMAS COOK AIRLINES LTD,D,C, 0 , 0 , 0 , 0 , 0 , 0 , 0 , 0 , 0 , 0 , 1 , 100 , 4 
24-Mar-2010 14:25,201001,STANSTED,CYPRUS,PAPHOS,THOMSON AIRWAYS LTD,A,C, 1 , 0 , 0 , 0 , 0 , 100 , 0 , 0 , 155 , 0 , 1 , 0 , 24 
24-Mar-2010 14:25,201001,STANSTED,CYPRUS,PAPHOS,THOMSON AIRWAYS LTD,D,C, 0 , 0 , 0 , 0 , 0 , 0 , 0 , 0 , 0 , 0 , 1 , 100 , 8 
24-Mar-2010 14:25,201001,STANSTED,CZECH REPUBLIC,BRNO (TURANY),RYANAIR,A,S, 18 , 0 , 72.2222222222222 , 5.55555555555556 , 5.55555555555556 , 16.6666666666667 , 0 , 0 , 22.3888888888889 , 0 , 31 , 87.0967741935484 , 3.74193548387097 
24-Mar-2010 14:25,201001,STANSTED,CZECH REPUBLIC,BRNO (TURANY),RYANAIR,D,S, 19 , 0 , 78.9473684210526 , 10.5263157894737 , 5.26315789473684 , 5.26315789473684 , 0 , 0 , 14 , 0 , 31 , 93.5483870967742 , 2.09677419354839 
24-Mar-2010 14:25,201001,STANSTED,CZECH REPUBLIC,PRAGUE,EASYJET AIRLINE COMPANY LTD,A,S, 37 , 0 , 56.7567567567568 , 18.9189189189189 , 16.2162162162162 , 8.10810810810811 , 0 , 0 , 22.972972972973 , 0 , 36 , 77.7777777777778 , 12.8333333333333 
24-Mar-2010 14:25,201001,STANSTED,CZECH REPUBLIC,PRAGUE,EASYJET AIRLINE COMPANY LTD,D,S, 37 , 0 , 89.1891891891892 , 8.10810810810811 , 0 , 2.7027027027027 , 0 , 0 , 7.27027027027027 , 0 , 36 , 80.5555555555556 , 10.2777777777778 
24-Mar-2010 14:25,201001,STANSTED,DENMARK,AALBORG,NORWEGIAN AIR SHUTTLE,A,S, 0 , 1 , 0 , 0 , 0 , 0 , 0 , 0 , 0 , 1 , 0 , 0 , 0 
24-Mar-2010 14:25,201001,STANSTED,DENMARK,AARHUS (TIRSTRUP),RYANAIR,A,S, 25 , 0 , 80 , 8 , 4 , 4 , 4 , 0 , 22.76 , 1 , 30 , 80 , 8.73333333333333 
24-Mar-2010 14:25,201001,STANSTED,DENMARK,AARHUS (TIRSTRUP),RYANAIR,D,S, 26 , 0 , 73.0769230769231 , 23.0769230769231 , 3.84615384615385 , 0 , 0 , 0 , 9.19230769230769 , 1 , 30 , 73.3333333333333 , 12.2 
24-Mar-2010 14:25,201001,STANSTED,DENMARK,BILLUND,RYANAIR,A,S, 80 , 0 , 73.75 , 16.25 , 6.25 , 3.75 , 0 , 0 , 13.8375 , 2 , 31 , 83.8709677419355 , 5.80645161290323 
24-Mar-2010 14:25,201001,STANSTED,DENMARK,BILLUND,RYANAIR,D,S, 81 , 0 , 80.2469135802469 , 12.3456790123457 , 4.93827160493827 , 2.46913580246914 , 0 , 0 , 10.4938271604938 , 1 , 31 , 87.0967741935484 , 4.38709677419355 
24-Mar-2010 14:25,201001,STANSTED,DENMARK,COPENHAGEN,EASYJET AIRLINE COMPANY LTD,A,S, 73 , 0 , 35.6164383561644 , 21.9178082191781 , 17.8082191780822 , 24.6575342465753 , 0 , 0 , 38.972602739726 , 1 , 67 , 82.089552238806 , 10.6865671641791 
24-Mar-2010 14:25,201001,STANSTED,DENMARK,COPENHAGEN,EASYJET AIRLINE COMPANY LTD,D,S, 74 , 0 , 67.5675675675676 , 10.8108108108108 , 10.8108108108108 , 10.8108108108108 , 0 , 0 , 19.0405405405405 , 0 , 67 , 92.5373134328358 , 4.83582089552239 
24-Mar-2010 14:25,201001,STANSTED,DENMARK,COPENHAGEN,NORWEGIAN AIR SHUTTLE,A,S, 0 , 1 , 0 , 0 , 0 , 0 , 0 , 0 , 0 , 1 , 0 , 0 , 0 
24-Mar-2010 14:25,201001,STANSTED,DOMINICAN REPUBLIC,LA ROMANA,THOMSON AIRWAYS LTD,D,C, 0 , 0 , 0 , 0 , 0 , 0 , 0 , 0 , 0 , 0 , 1 , 0 , 23 
24-Mar-2010 14:25,201001,STANSTED,EGYPT,SHARM EL SHEIKH (OPHIRA),EASYJET AIRLINE COMPANY LTD,A,S, 0 , 1 , 0 , 0 , 0 , 0 , 0 , 0 , 0 , 0 , 0 , 0 , 0 
24-Mar-2010 14:25,201001,STANSTED,EGYPT,SHARM EL SHEIKH (OPHIRA),THOMAS COOK AIRLINES LTD,A,C, 2 , 0 , 50 , 0 , 0 , 50 , 0 , 0 , 48 , 0 , 0 , 0 , 0 
24-Mar-2010 14:25,201001,STANSTED,EGYPT,SHARM EL SHEIKH (OPHIRA),THOMAS COOK AIRLINES LTD,D,C, 1 , 0 , 0 , 0 , 0 , 100 , 0 , 0 , 76 , 0 , 0 , 0 , 0 
24-Mar-2010 14:25,201001,STANSTED,EGYPT,SHARM EL SHEIKH (OPHIRA),THOMSON AIRWAYS LTD,A,C, 0 , 0 , 0 , 0 , 0 , 0 , 0 , 0 , 0 , 0 , 4 , 50 , 11.75 
24-Mar-2010 14:25,201001,STANSTED,EGYPT,SHARM EL SHEIKH (OPHIRA),THOMSON AIRWAYS LTD,A,S, 4 , 1 , 25 , 0 , 25 , 25 , 25 , 0 , 85.5 , 0 , 0 , 0 , 0 
24-Mar-2010 14:25,201001,STANSTED,EGYPT,SHARM EL SHEIKH (OPHIRA),THOMSON AIRWAYS LTD,D,C, 0 , 0 , 0 , 0 , 0 , 0 , 0 , 0 , 0 , 0 , 4 , 50 , 13.75 
24-Mar-2010 14:25,201001,STANSTED,EGYPT,SHARM EL SHEIKH (OPHIRA),THOMSON AIRWAYS LTD,D,S, 6 , 0 , 66.6666666666667 , 0 , 16.6666666666667 , 0 , 16.6666666666667 , 0 , 44 , 0 , 0 , 0 , 0 
24-Mar-2010 14:25,201001,STANSTED,EGYPT,TABA,THOMSON AIRWAYS LTD,A,S, 0 , 1 , 0 , 0 , 0 , 0 , 0 , 0 , 0 , 0 , 0 , 0 , 0 
24-Mar-2010 14:25,201001,STANSTED,ESTONIA,TALLIN,EASYJET AIRLINE COMPANY LTD,A,S, 29 , 0 , 55.1724137931034 , 10.3448275862069 , 13.7931034482759 , 17.2413793103448 , 3.44827586206897 , 0 , 34.6551724137931 , 0 , 19 , 78.9473684210526 , 13.0526315789474 
24-Mar-2010 14:25,201001,STANSTED,ESTONIA,TALLIN,EASYJET AIRLINE COMPANY LTD,D,S, 30 , 0 , 63.3333333333333 , 16.6666666666667 , 13.3333333333333 , 6.66666666666667 , 0 , 0 , 16.8666666666667 , 0 , 19 , 78.9473684210526 , 10.7894736842105 
24-Mar-2010 14:25,201001,STANSTED,FAROE ISLANDS,VAGAR,ATLANTIC AIRWAYS,A,C, 1 , 0 , 100 , 0 , 0 , 0 , 0 , 0 , 13 , 0 , 1 , 0 , 25 
24-Mar-2010 14:25,201001,STANSTED,FAROE ISLANDS,VAGAR,ATLANTIC AIRWAYS,D,C, 1 , 0 , 100 , 0 , 0 , 0 , 0 , 0 , 7 , 0 , 1 , 100 , 10 
24-Mar-2010 14:25,201001,STANSTED,FINLAND,TAMPERE,RYANAIR,A,S, 19 , 0 , 52.6315789473684 , 36.8421052631579 , 5.26315789473684 , 5.26315789473684 , 0 , 0 , 20.8421052631579 , 0 , 17 , 70.5882352941177 , 97.5294117647059 
24-Mar-2010 14:25,201001,STANSTED,FINLAND,TAMPERE,RYANAIR,D,S, 19 , 0 , 94.7368421052632 , 5.26315789473684 , 0 , 0 , 0 , 0 , 4.05263157894737 , 0 , 17 , 88.2352941176471 , 7.41176470588235 
24-Mar-2010 14:25,201001,STANSTED,FRANCE,BERGERAC,RYANAIR,A,S, 12 , 0 , 58.3333333333333 , 8.33333333333333 , 8.33333333333333 , 8.33333333333333 , 8.33333333333333 , 8.33333333333333 , 77.0833333333333 , 1 , 16 , 81.25 , 11.625 
24-Mar-2010 14:25,201001,STANSTED,FRANCE,BERGERAC,RYANAIR,D,S, 13 , 0 , 84.6153846153846 , 0 , 15.3846153846154 , 0 , 0 , 0 , 12.5384615384615 , 1 , 17 , 88.2352941176471 , 5.82352941176471 
24-Mar-2010 14:25,201001,STANSTED,FRANCE,BIARRITZ,RYANAIR,A,S, 12 , 0 , 83.3333333333333 , 16.6666666666667 , 0 , 0 , 0 , 0 , 6.25 , 1 , 17 , 52.9411764705882 , 28.0588235294118 
24-Mar-2010 14:25,201001,STANSTED,FRANCE,BIARRITZ,RYANAIR,D,S, 12 , 0 , 91.6666666666667 , 8.33333333333333 , 0 , 0 , 0 , 0 , 3 , 1 , 17 , 47.0588235294118 , 26.9411764705882 
24-Mar-2010 14:25,201001,STANSTED,FRANCE,CARCASSONNE,RYANAIR,A,S, 12 , 0 , 58.3333333333333 , 16.6666666666667 , 16.6666666666667 , 8.33333333333333 , 0 , 0 , 20.25 , 1 , 17 , 41.1764705882353 , 20.5294117647059 
24-Mar-2010 14:25,201001,STANSTED,FRANCE,CARCASSONNE,RYANAIR,D,S, 13 , 0 , 53.8461538461538 , 30.7692307692308 , 15.3846153846154 , 0 , 0 , 0 , 17.2307692307692 , 1 , 17 , 52.9411764705882 , 19.6470588235294 
24-Mar-2010 14:25,201001,STANSTED,FRANCE,CHAMBERY,TITAN AIRWAYS LTD,A,C, 20 , 1 , 35 , 25 , 10 , 25 , 0 , 5 , 56.35 , 0 , 16 , 50 , 25.875 
24-Mar-2010 14:25,201001,STANSTED,FRANCE,CHAMBERY,TITAN AIRWAYS LTD,D,C, 17 , 0 , 47.0588235294118 , 35.2941176470588 , 11.7647058823529 , 5.88235294117647 , 0 , 0 , 21.7058823529412 , 0 , 19 , 68.421052631579 , 10.2631578947368 
24-Mar-2010 14:25,201001,STANSTED,FRANCE,DINARD,RYANAIR,A,S, 12 , 0 , 91.6666666666667 , 0 , 0 , 0 , 8.33333333333333 , 0 , 22.4166666666667 , 1 , 18 , 83.3333333333333 , 5.66666666666667 
24-Mar-2010 14:25,201001,STANSTED,FRANCE,DINARD,RYANAIR,D,S, 12 , 0 , 100 , 0 , 0 , 0 , 0 , 0 , 2.5 , 1 , 17 , 100 , 1.41176470588235 
24-Mar-2010 14:25,201001,STANSTED,FRANCE,GRENOBLE,RYANAIR,A,S, 27 , 0 , 77.7777777777778 , 7.40740740740741 , 3.7037037037037 , 7.40740740740741 , 3.7037037037037 , 0 , 23.7777777777778 , 1 , 50 , 84 , 11.26 
24-Mar-2010 14:25,201001,STANSTED,FRANCE,GRENOBLE,RYANAIR,D,S, 27 , 0 , 55.5555555555556 , 18.5185185185185 , 18.5185185185185 , 7.40740740740741 , 0 , 0 , 18.5925925925926 , 1 , 50 , 82 , 6.88 
24-Mar-2010 14:25,201001,STANSTED,FRANCE,GRENOBLE,THOMSON AIRWAYS LTD,A,C, 5 , 0 , 60 , 0 , 0 , 20 , 20 , 0 , 74.6 , 0 , 5 , 0 , 59.6 
24-Mar-2010 14:25,201001,STANSTED,FRANCE,GRENOBLE,THOMSON AIRWAYS LTD,D,C, 5 , 0 , 60 , 0 , 20 , 0 , 20 , 0 , 62.2 , 0 , 5 , 80 , 9.2 
24-Mar-2010 14:25,201001,STANSTED,FRANCE,LA ROCHELLE,RYANAIR,A,S, 14 , 0 , 78.5714285714286 , 0 , 14.2857142857143 , 0 , 7.14285714285714 , 0 , 30.0714285714286 , 0 , 18 , 66.6666666666667 , 10.2777777777778 
24-Mar-2010 14:25,201001,STANSTED,FRANCE,LA ROCHELLE,RYANAIR,D,S, 14 , 0 , 85.7142857142857 , 7.14285714285714 , 7.14285714285714 , 0 , 0 , 0 , 5.78571428571429 , 0 , 18 , 88.8888888888889 , 6.72222222222222 
24-Mar-2010 14:25,201001,STANSTED,FRANCE,LIMOGES,RYANAIR,A,S, 11 , 0 , 72.7272727272727 , 9.09090909090909 , 9.09090909090909 , 0 , 0 , 9.09090909090909 , 39.8181818181818 , 2 , 22 , 77.2727272727273 , 16.3636363636364 
24-Mar-2010 14:25,201001,STANSTED,FRANCE,LIMOGES,RYANAIR,D,S, 13 , 0 , 84.6153846153846 , 7.69230769230769 , 7.69230769230769 , 0 , 0 , 0 , 6 , 0 , 22 , 68.1818181818182 , 13.3636363636364 
24-Mar-2010 14:25,201001,STANSTED,FRANCE,LYON,EASYJET AIRLINE COMPANY LTD,A,S, 39 , 0 , 61.5384615384615 , 12.8205128205128 , 7.69230769230769 , 10.2564102564103 , 7.69230769230769 , 0 , 41.2307692307692 , 1 , 40 , 65 , 15.825 
24-Mar-2010 14:25,201001,STANSTED,FRANCE,LYON,EASYJET AIRLINE COMPANY LTD,D,S, 39 , 0 , 69.2307692307692 , 12.8205128205128 , 10.2564102564103 , 5.12820512820513 , 2.56410256410256 , 0 , 20.3589743589744 , 1 , 40 , 70 , 12.625 
24-Mar-2010 14:25,201001,STANSTED,FRANCE,LYON,TITAN AIRWAYS LTD,A,C, 1 , 0 , 0 , 0 , 100 , 0 , 0 , 0 , 49 , 0 , 0 , 0 , 0 
24-Mar-2010 14:25,201001,STANSTED,FRANCE,MARSEILLE,RYANAIR,A,S, 34 , 0 , 82.3529411764706 , 8.82352941176471 , 8.82352941176471 , 0 , 0 , 0 , 7.70588235294118 , 0 , 40 , 92.5 , 11.875 
24-Mar-2010 14:25,201001,STANSTED,FRANCE,MARSEILLE,RYANAIR,D,S, 34 , 0 , 67.6470588235294 , 23.5294117647059 , 5.88235294117647 , 2.94117647058824 , 0 , 0 , 13.1764705882353 , 1 , 40 , 82.5 , 10.025 
24-Mar-2010 14:25,201001,STANSTED,FRANCE,MONTPELLIER,RYANAIR,A,S, 0 , 0 , 0 , 0 , 0 , 0 , 0 , 0 , 0 , 0 , 9 , 100 , 0 
24-Mar-2010 14:25,201001,STANSTED,FRANCE,MONTPELLIER,RYANAIR,D,S, 0 , 0 , 0 , 0 , 0 , 0 , 0 , 0 , 0 , 0 , 9 , 100 , 3.55555555555556 
24-Mar-2010 14:25,201001,STANSTED,FRANCE,NANTES,RYANAIR,A,S, 0 , 0 , 0 , 0 , 0 , 0 , 0 , 0 , 0 , 0 , 31 , 93.5483870967742 , 3.7741935483871 
24-Mar-2010 14:25,201001,STANSTED,FRANCE,NANTES,RYANAIR,D,S, 0 , 0 , 0 , 0 , 0 , 0 , 0 , 0 , 0 , 0 , 32 , 87.5 , 11.4375 
24-Mar-2010 14:25,201001,STANSTED,FRANCE,NICE,EASYJET AIRLINE COMPANY LTD,A,S, 15 , 0 , 66.6666666666667 , 26.6666666666667 , 6.66666666666667 , 0 , 0 , 0 , 14.8 , 0 , 14 , 78.5714285714286 , 8.78571428571429 
24-Mar-2010 14:25,201001,STANSTED,FRANCE,NICE,EASYJET AIRLINE COMPANY LTD,D,S, 15 , 0 , 80 , 0 , 20 , 0 , 0 , 0 , 9.66666666666667 , 0 , 14 , 92.8571428571429 , 3.21428571428571 
24-Mar-2010 14:25,201001,STANSTED,FRANCE,PARIS (CHARLES DE GAULLE),ATLASJET INTERNATIONAL,D,C, 0 , 0 , 0 , 0 , 0 , 0 , 0 , 0 , 0 , 0 , 1 , 0 , 45 
24-Mar-2010 14:25,201001,STANSTED,FRANCE,PARIS (ORLY),CITY JET,A,S, 0 , 1 , 0 , 0 , 0 , 0 , 0 , 0 , 0 , 0 , 0 , 0 , 0 
24-Mar-2010 14:25,201001,STANSTED,FRANCE,PAU,RYANAIR,A,S, 12 , 0 , 50 , 16.6666666666667 , 16.6666666666667 , 16.6666666666667 , 0 , 0 , 26.9166666666667 , 1 , 14 , 64.2857142857143 , 11.6428571428571 
24-Mar-2010 14:25,201001,STANSTED,FRANCE,PAU,RYANAIR,D,S, 12 , 0 , 50 , 16.6666666666667 , 25 , 8.33333333333333 , 0 , 0 , 24.6666666666667 , 1 , 14 , 71.4285714285714 , 10.4285714285714 
24-Mar-2010 14:25,201001,STANSTED,FRANCE,PERPIGNAN,RYANAIR,A,S, 2 , 0 , 0 , 0 , 0 , 50 , 50 , 0 , 170 , 0 , 13 , 100 , 0.461538461538462 
24-Mar-2010 14:25,201001,STANSTED,FRANCE,PERPIGNAN,RYANAIR,D,S, 1 , 0 , 0 , 0 , 0 , 100 , 0 , 0 , 61 , 0 , 13 , 100 , 1.69230769230769 
24-Mar-2010 14:25,201001,STANSTED,FRANCE,POITIERS,RYANAIR,A,S, 12 , 0 , 83.3333333333333 , 0 , 16.6666666666667 , 0 , 0 , 0 , 8.5 , 1 , 8 , 62.5 , 15.375 
24-Mar-2010 14:25,201001,STANSTED,FRANCE,POITIERS,RYANAIR,D,S, 12 , 0 , 83.3333333333333 , 8.33333333333333 , 8.33333333333333 , 0 , 0 , 0 , 7.08333333333333 , 1 , 9 , 66.6666666666667 , 18.8888888888889 
24-Mar-2010 14:25,201001,STANSTED,FRANCE,RODEZ,RYANAIR,A,S, 9 , 0 , 33.3333333333333 , 44.4444444444444 , 11.1111111111111 , 11.1111111111111 , 0 , 0 , 25.3333333333333 , 0 , 0 , 0 , 0 
24-Mar-2010 14:25,201001,STANSTED,FRANCE,RODEZ,RYANAIR,D,S, 9 , 0 , 66.6666666666667 , 11.1111111111111 , 22.2222222222222 , 0 , 0 , 0 , 12.5555555555556 , 0 , 0 , 0 , 0 
24-Mar-2010 14:25,201001,STANSTED,FRANCE,TARBES-LOURDES INTERNATIONAL,RYANAIR,A,S, 9 , 0 , 55.5555555555556 , 22.2222222222222 , 0 , 22.2222222222222 , 0 , 0 , 26.7777777777778 , 0 , 4 , 100 , 3.5 
24-Mar-2010 14:25,201001,STANSTED,FRANCE,TARBES-LOURDES INTERNATIONAL,RYANAIR,D,S, 9 , 0 , 66.6666666666667 , 11.1111111111111 , 22.2222222222222 , 0 , 0 , 0 , 16.6666666666667 , 0 , 5 , 100 , 4.4 
24-Mar-2010 14:25,201001,STANSTED,FRANCE,TOURS,RYANAIR,A,S, 9 , 0 , 77.7777777777778 , 11.1111111111111 , 0 , 11.1111111111111 , 0 , 0 , 19.3333333333333 , 0 , 14 , 57.1428571428571 , 29.8571428571429 
24-Mar-2010 14:25,201001,STANSTED,FRANCE,TOURS,RYANAIR,D,S, 8 , 0 , 100 , 0 , 0 , 0 , 0 , 0 , 3.5 , 0 , 13 , 61.5384615384615 , 13.7692307692308 
24-Mar-2010 14:25,201001,STANSTED,GAMBIA,BANJUL,THOMAS COOK AIRLINES LTD,D,C, 1 , 0 , 0 , 0 , 0 , 100 , 0 , 0 , 99 , 0 , 0 , 0 , 0 
24-Mar-2010 14:25,201001,STANSTED,GERMANY,ALTENBURG - WALLBURG,RYANAIR,A,S, 13 , 0 , 69.2307692307692 , 15.3846153846154 , 7.69230769230769 , 7.69230769230769 , 0 , 0 , 18.3846153846154 , 3 , 16 , 68.75 , 17.25 
24-Mar-2010 14:25,201001,STANSTED,GERMANY,ALTENBURG - WALLBURG,RYANAIR,D,S, 15 , 0 , 80 , 20 , 0 , 0 , 0 , 0 , 6 , 1 , 17 , 64.7058823529412 , 12.8823529411765 
24-Mar-2010 14:25,201001,STANSTED,GERMANY,BERLIN (SCHONEFELD),RYANAIR,A,S, 83 , 0 , 60.2409638554217 , 15.6626506024096 , 9.63855421686747 , 14.4578313253012 , 0 , 0 , 22.2168674698795 , 1 , 62 , 74.1935483870968 , 20.9354838709677 
24-Mar-2010 14:25,201001,STANSTED,GERMANY,BERLIN (SCHONEFELD),RYANAIR,D,S, 84 , 0 , 76.1904761904762 , 9.52380952380952 , 9.52380952380952 , 4.76190476190476 , 0 , 0 , 12.1071428571429 , 0 , 61 , 75.4098360655738 , 13.7704918032787 
24-Mar-2010 14:25,201001,STANSTED,GERMANY,BREMEN,RYANAIR,A,S, 68 , 0 , 61.7647058823529 , 20.5882352941176 , 7.35294117647059 , 8.82352941176471 , 0 , 1.47058823529412 , 26.8235294117647 , 1 , 70 , 87.1428571428571 , 14.6857142857143 
24-Mar-2010 14:25,201001,STANSTED,GERMANY,BREMEN,RYANAIR,D,S, 69 , 0 , 81.1594202898551 , 13.0434782608696 , 2.89855072463768 , 2.89855072463768 , 0 , 0 , 11.1159420289855 , 0 , 70 , 70 , 12.4285714285714 
24-Mar-2010 14:25,201001,STANSTED,GERMANY,COLOGNE BONN,GERMANWINGS,A,S, 74 , 0 , 70.2702702702703 , 10.8108108108108 , 13.5135135135135 , 4.05405405405405 , 1.35135135135135 , 0 , 18.1081081081081 , 0 , 75 , 80 , 12.6 
24-Mar-2010 14:25,201001,STANSTED,GERMANY,COLOGNE BONN,GERMANWINGS,D,S, 74 , 0 , 64.8648648648649 , 13.5135135135135 , 13.5135135135135 , 6.75675675675676 , 1.35135135135135 , 0 , 20.0945945945946 , 0 , 75 , 72 , 13.0133333333333 
24-Mar-2010 14:25,201001,STANSTED,GERMANY,DUSSELDORF,AIR BERLIN,A,S, 73 , 0 , 68.4931506849315 , 17.8082191780822 , 8.21917808219178 , 5.47945205479452 , 0 , 0 , 13.8219178082192 , 4 , 70 , 85.7142857142857 , 9.24285714285714 
24-Mar-2010 14:25,201001,STANSTED,GERMANY,DUSSELDORF,AIR BERLIN,D,S, 73 , 0 , 82.1917808219178 , 4.10958904109589 , 9.58904109589041 , 4.10958904109589 , 0 , 0 , 11.3561643835616 , 4 , 70 , 82.8571428571429 , 10.4571428571429 
24-Mar-2010 14:25,201001,STANSTED,GERMANY,FRIEDRICHSHAFEN,RYANAIR,A,S, 23 , 0 , 60.8695652173913 , 13.0434782608696 , 17.3913043478261 , 8.69565217391304 , 0 , 0 , 20.8260869565217 , 0 , 66 , 77.2727272727273 , 10.0606060606061 
24-Mar-2010 14:25,201001,STANSTED,GERMANY,FRIEDRICHSHAFEN,RYANAIR,D,S, 23 , 0 , 69.5652173913043 , 17.3913043478261 , 8.69565217391304 , 4.34782608695652 , 0 , 0 , 14.9130434782609 , 0 , 67 , 77.6119402985075 , 10.6417910447761 
24-Mar-2010 14:25,201001,STANSTED,GERMANY,HAHN,RYANAIR,A,S, 84 , 0 , 35.7142857142857 , 36.9047619047619 , 11.9047619047619 , 14.2857142857143 , 1.19047619047619 , 0 , 32.3214285714286 , 0 , 91 , 74.7252747252747 , 9.7032967032967 
24-Mar-2010 14:25,201001,STANSTED,GERMANY,HAHN,RYANAIR,D,S, 84 , 0 , 41.6666666666667 , 29.7619047619048 , 19.047619047619 , 9.52380952380952 , 0 , 0 , 25.6428571428571 , 0 , 92 , 65.2173913043478 , 16.1413043478261 
24-Mar-2010 14:25,201001,STANSTED,GERMANY,HAMBURG,EASYJET AIRLINE COMPANY LTD,A,S, 0 , 1 , 0 , 0 , 0 , 0 , 0 , 0 , 0 , 0 , 0 , 0 , 0 
24-Mar-2010 14:25,201001,STANSTED,GERMANY,HANOVER,AIR BERLIN,A,S, 47 , 0 , 82.9787234042553 , 10.6382978723404 , 4.25531914893617 , 2.12765957446809 , 0 , 0 , 7.70212765957447 , 1 , 54 , 81.4814814814815 , 9.18518518518519 
24-Mar-2010 14:25,201001,STANSTED,GERMANY,HANOVER,AIR BERLIN,D,S, 47 , 0 , 87.2340425531915 , 10.6382978723404 , 0 , 2.12765957446809 , 0 , 0 , 5.65957446808511 , 1 , 54 , 77.7777777777778 , 10.2407407407407 
24-Mar-2010 14:25,201001,STANSTED,GERMANY,HANOVER,JET2.COM LTD,A,C, 0 , 0 , 0 , 0 , 0 , 0 , 0 , 0 , 0 , 0 , 1 , 100 , 3 
24-Mar-2010 14:25,201001,STANSTED,GERMANY,KARLSRUHE/BADEN BADEN,RYANAIR,A,S, 31 , 0 , 51.6129032258064 , 25.8064516129032 , 19.3548387096774 , 3.2258064516129 , 0 , 0 , 17.9032258064516 , 0 , 31 , 77.4193548387097 , 9.70967741935484 
24-Mar-2010 14:25,201001,STANSTED,GERMANY,KARLSRUHE/BADEN BADEN,RYANAIR,D,S, 31 , 0 , 77.4193548387097 , 12.9032258064516 , 6.45161290322581 , 3.2258064516129 , 0 , 0 , 9.06451612903226 , 0 , 31 , 87.0967741935484 , 8.7741935483871 
24-Mar-2010 14:25,201001,STANSTED,GERMANY,LUBECK,RYANAIR,A,S, 45 , 0 , 68.8888888888889 , 8.88888888888889 , 15.5555555555556 , 4.44444444444444 , 2.22222222222222 , 0 , 19.8 , 4 , 56 , 75 , 18.6428571428571 
24-Mar-2010 14:25,201001,STANSTED,GERMANY,LUBECK,RYANAIR,D,S, 48 , 0 , 83.3333333333333 , 10.4166666666667 , 4.16666666666667 , 2.08333333333333 , 0 , 0 , 8.47916666666667 , 0 , 56 , 85.7142857142857 , 10.5892857142857 
24-Mar-2010 14:25,201001,STANSTED,GERMANY,MEMMINGEN ALLGAU,RYANAIR,A,S, 31 , 0 , 12.9032258064516 , 12.9032258064516 , 32.258064516129 , 38.7096774193548 , 0 , 3.2258064516129 , 62.9354838709677 , 0 , 0 , 0 , 0 
24-Mar-2010 14:25,201001,STANSTED,GERMANY,MEMMINGEN ALLGAU,RYANAIR,D,S, 31 , 0 , 58.0645161290323 , 25.8064516129032 , 12.9032258064516 , 3.2258064516129 , 0 , 0 , 16.258064516129 , 0 , 0 , 0 , 0 
24-Mar-2010 14:25,201001,STANSTED,GERMANY,MUNICH,EASYJET AIRLINE COMPANY LTD,A,S, 62 , 0 , 64.5161290322581 , 6.45161290322581 , 14.5161290322581 , 12.9032258064516 , 1.61290322580645 , 0 , 24.8709677419355 , 0 , 57 , 85.9649122807018 , 36.5964912280702 
24-Mar-2010 14:25,201001,STANSTED,GERMANY,MUNICH,EASYJET AIRLINE COMPANY LTD,D,S, 62 , 0 , 69.3548387096774 , 11.2903225806452 , 12.9032258064516 , 6.45161290322581 , 0 , 0 , 15.1612903225806 , 0 , 57 , 71.9298245614035 , 12.8771929824561 
24-Mar-2010 14:25,201001,STANSTED,GERMANY,MUNICH,LUFTHANSA CITY LINE,A,S, 0 , 1 , 0 , 0 , 0 , 0 , 0 , 0 , 0 , 0 , 0 , 0 , 0 
24-Mar-2010 14:25,201001,STANSTED,GERMANY,MUNSTER-OSNABRUCK,AIR BERLIN,A,S, 50 , 0 , 82 , 12 , 4 , 2 , 0 , 0 , 9.64 , 3 , 37 , 97.2972972972973 , 2.72972972972973 
24-Mar-2010 14:25,201001,STANSTED,GERMANY,MUNSTER-OSNABRUCK,AIR BERLIN,D,S, 48 , 0 , 81.25 , 10.4166666666667 , 4.16666666666667 , 4.16666666666667 , 0 , 0 , 11.2083333333333 , 5 , 37 , 91.8918918918919 , 5.05405405405405 
24-Mar-2010 14:25,201001,STANSTED,GERMANY,NIEDERRHEIN,RYANAIR,A,S, 83 , 0 , 74.6987951807229 , 9.63855421686747 , 12.0481927710843 , 0 , 2.40963855421687 , 1.20481927710843 , 19.6144578313253 , 1 , 69 , 79.7101449275362 , 24.3913043478261 
24-Mar-2010 14:25,201001,STANSTED,GERMANY,NIEDERRHEIN,RYANAIR,D,S, 81 , 0 , 67.9012345679012 , 16.0493827160494 , 14.8148148148148 , 1.23456790123457 , 0 , 0 , 12.8024691358025 , 1 , 67 , 68.6567164179104 , 17.1940298507463 
24-Mar-2010 14:25,201001,STANSTED,GERMANY,NUREMBERG,AIR BERLIN,A,S, 30 , 0 , 66.6666666666667 , 20 , 6.66666666666667 , 3.33333333333333 , 3.33333333333333 , 0 , 20.3333333333333 , 1 , 36 , 86.1111111111111 , 6.16666666666667 
24-Mar-2010 14:25,201001,STANSTED,GERMANY,NUREMBERG,AIR BERLIN,D,S, 30 , 0 , 76.6666666666667 , 10 , 6.66666666666667 , 3.33333333333333 , 3.33333333333333 , 0 , 14.1 , 1 , 36 , 86.1111111111111 , 5.19444444444444 
24-Mar-2010 14:25,201001,STANSTED,GERMANY,PADERBORN,AIR BERLIN,A,S, 28 , 0 , 60.7142857142857 , 21.4285714285714 , 7.14285714285714 , 10.7142857142857 , 0 , 0 , 17.9285714285714 , 2 , 31 , 90.3225806451613 , 6.58064516129032 
24-Mar-2010 14:25,201001,STANSTED,GERMANY,PADERBORN,AIR BERLIN,D,S, 30 , 0 , 70 , 10 , 13.3333333333333 , 3.33333333333333 , 3.33333333333333 , 0 , 19.9666666666667 , 0 , 31 , 77.4193548387097 , 8.54838709677419 
24-Mar-2010 14:25,201001,STANSTED,GERMANY,STUTTGART,GERMANWINGS,A,S, 50 , 0 , 84 , 10 , 2 , 4 , 0 , 0 , 8.46 , 0 , 66 , 93.9393939393939 , 4.10606060606061 
24-Mar-2010 14:25,201001,STANSTED,GERMANY,STUTTGART,GERMANWINGS,D,S, 50 , 0 , 74 , 12 , 8 , 4 , 2 , 0 , 15.18 , 0 , 66 , 86.3636363636364 , 7.16666666666667 
24-Mar-2010 14:25,201001,STANSTED,GERMANY,ZWEIBRUKEN,RYANAIR,A,S, 0 , 0 , 0 , 0 , 0 , 0 , 0 , 0 , 0 , 0 , 30 , 73.3333333333333 , 13.1333333333333 
24-Mar-2010 14:25,201001,STANSTED,GERMANY,ZWEIBRUKEN,RYANAIR,D,S, 0 , 0 , 0 , 0 , 0 , 0 , 0 , 0 , 0 , 0 , 31 , 80.6451612903226 , 9.87096774193548 
24-Mar-2010 14:25,201001,STANSTED,GREECE,ATHENS,AEGEAN AIRLINES,A,S, 0 , 0 , 0 , 0 , 0 , 0 , 0 , 0 , 0 , 0 , 92 , 91.304347826087 , 3.34782608695652 
24-Mar-2010 14:25,201001,STANSTED,GREECE,ATHENS,AEGEAN AIRLINES,D,S, 0 , 0 , 0 , 0 , 0 , 0 , 0 , 0 , 0 , 0 , 92 , 84.7826086956522 , 6.03260869565217 
24-Mar-2010 14:25,201001,STANSTED,GREECE,ATHENS,EASYJET AIRLINE COMPANY LTD,A,S, 0 , 1 , 0 , 0 , 0 , 0 , 0 , 0 , 0 , 0 , 0 , 0 , 0 
24-Mar-2010 14:25,201001,STANSTED,GREECE,ATHENS,OLYMPIC AIR,A,S, 0 , 1 , 0 , 0 , 0 , 0 , 0 , 0 , 0 , 1 , 0 , 0 , 0 
24-Mar-2010 14:25,201001,STANSTED,GREECE,ATHENS,OLYMPIC AIR,D,S, 0 , 1 , 0 , 0 , 0 , 0 , 0 , 0 , 0 , 1 , 0 , 0 , 0 
24-Mar-2010 14:25,201001,STANSTED,ICELAND,KEFLAVIK,ASTRAEUS LTD,A,S, 4 , 0 , 75 , 0 , 0 , 25 , 0 , 0 , 24 , 0 , 30 , 80 , 32.2333333333333 
24-Mar-2010 14:25,201001,STANSTED,ICELAND,KEFLAVIK,ASTRAEUS LTD,D,S, 4 , 0 , 75 , 0 , 0 , 25 , 0 , 0 , 25 , 0 , 30 , 83.3333333333333 , 15.8 
24-Mar-2010 14:25,201001,STANSTED,INDIA,MUMBAI,BRITISH AIRWAYS PLC,A,S, 0 , 1 , 0 , 0 , 0 , 0 , 0 , 0 , 0 , 0 , 0 , 0 , 0 
24-Mar-2010 14:25,201001,STANSTED,IRISH REPUBLIC,CORK,RYANAIR,A,S, 59 , 0 , 77.9661016949153 , 6.77966101694915 , 10.1694915254237 , 5.08474576271186 , 0 , 0 , 11.7118644067797 , 3 , 78 , 78.2051282051282 , 9.76923076923077 
24-Mar-2010 14:25,201001,STANSTED,IRISH REPUBLIC,CORK,RYANAIR,D,S, 63 , 0 , 88.8888888888889 , 1.58730158730159 , 6.34920634920635 , 3.17460317460317 , 0 , 0 , 7.33333333333333 , 0 , 78 , 88.4615384615385 , 7.74358974358974 
24-Mar-2010 14:25,201001,STANSTED,IRISH REPUBLIC,DUBLIN,CITY JET,A,S, 0 , 1 , 0 , 0 , 0 , 0 , 0 , 0 , 0 , 0 , 0 , 0 , 0 
24-Mar-2010 14:25,201001,STANSTED,IRISH REPUBLIC,DUBLIN,RYANAIR,A,S, 217 , 2 , 63.1336405529954 , 18.8940092165899 , 13.3640552995392 , 4.14746543778802 , 0.460829493087558 , 0 , 18.668202764977 , 9 , 220 , 66.3636363636364 , 17.2954545454545 
24-Mar-2010 14:25,201001,STANSTED,IRISH REPUBLIC,DUBLIN,RYANAIR,D,S, 219 , 0 , 73.0593607305936 , 13.2420091324201 , 10.0456621004566 , 3.19634703196347 , 0.45662100456621 , 0 , 14.2876712328767 , 7 , 219 , 71.689497716895 , 16.4246575342466 
24-Mar-2010 14:25,201001,STANSTED,IRISH REPUBLIC,IRELAND WEST AIRPORT KNOCK ,RYANAIR,A,S, 34 , 0 , 79.4117647058824 , 8.82352941176471 , 8.82352941176471 , 2.94117647058824 , 0 , 0 , 11.2352941176471 , 4 , 31 , 90.3225806451613 , 8.51612903225806 
24-Mar-2010 14:25,201001,STANSTED,IRISH REPUBLIC,IRELAND WEST AIRPORT KNOCK ,RYANAIR,D,S, 37 , 0 , 89.1891891891892 , 8.10810810810811 , 2.7027027027027 , 0 , 0 , 0 , 5.86486486486486 , 2 , 35 , 88.5714285714286 , 4.31428571428571 
24-Mar-2010 14:25,201001,STANSTED,IRISH REPUBLIC,KERRY COUNTY,RYANAIR,A,S, 16 , 0 , 93.75 , 6.25 , 0 , 0 , 0 , 0 , 3.125 , 3 , 45 , 88.8888888888889 , 8.6 
24-Mar-2010 14:25,201001,STANSTED,IRISH REPUBLIC,KERRY COUNTY,RYANAIR,D,S, 16 , 0 , 81.25 , 18.75 , 0 , 0 , 0 , 0 , 6.5 , 3 , 45 , 86.6666666666667 , 5.75555555555556 
24-Mar-2010 14:25,201001,STANSTED,IRISH REPUBLIC,SHANNON,RYANAIR,A,S, 62 , 0 , 48.3870967741935 , 29.0322580645161 , 4.83870967741935 , 11.2903225806452 , 3.2258064516129 , 3.2258064516129 , 44.8225806451613 , 1 , 112 , 81.25 , 14.7142857142857 
24-Mar-2010 14:25,201001,STANSTED,IRISH REPUBLIC,SHANNON,RYANAIR,D,S, 60 , 0 , 68.3333333333333 , 10 , 11.6666666666667 , 10 , 0 , 0 , 19.6 , 1 , 110 , 76.3636363636364 , 9.51818181818182 
24-Mar-2010 14:25,201001,STANSTED,ISRAEL,OVDA,ATLASJET INTERNATIONAL,A,C, 0 , 0 , 0 , 0 , 0 , 0 , 0 , 0 , 0 , 0 , 1 , 0 , 45 
24-Mar-2010 14:25,201001,STANSTED,ISRAEL,OVDA,ATLASJET INTERNATIONAL,D,C, 0 , 0 , 0 , 0 , 0 , 0 , 0 , 0 , 0 , 0 , 1 , 100 , 0 
24-Mar-2010 14:25,201001,STANSTED,ISRAEL,TEL AVIV,ATLASJET INTERNATIONAL,A,C, 0 , 0 , 0 , 0 , 0 , 0 , 0 , 0 , 0 , 0 , 3 , 100 , 4.33333333333333 
24-Mar-2010 14:25,201001,STANSTED,ISRAEL,TEL AVIV,ATLASJET INTERNATIONAL,D,C, 0 , 0 , 0 , 0 , 0 , 0 , 0 , 0 , 0 , 0 , 1 , 100 , 0 
24-Mar-2010 14:25,201001,STANSTED,ISRAEL,TEL AVIV,EASYJET AIRLINE COMPANY LTD,A,S, 0 , 1 , 0 , 0 , 0 , 0 , 0 , 0 , 0 , 0 , 0 , 0 , 0 
24-Mar-2010 14:25,201001,STANSTED,ISRAEL,TEL AVIV,EL AL,A,S, 0 , 0 , 0 , 0 , 0 , 0 , 0 , 0 , 0 , 0 , 6 , 66.6666666666667 , 7.66666666666667 
24-Mar-2010 14:25,201001,STANSTED,ISRAEL,TEL AVIV,EL AL,D,S, 0 , 0 , 0 , 0 , 0 , 0 , 0 , 0 , 0 , 0 , 6 , 33.3333333333333 , 22 
24-Mar-2010 14:25,201001,STANSTED,ITALY,ALGHERO/SASSARI,RYANAIR,A,S, 14 , 0 , 71.4285714285714 , 14.2857142857143 , 14.2857142857143 , 0 , 0 , 0 , 11 , 0 , 13 , 84.6153846153846 , 9.61538461538462 
24-Mar-2010 14:25,201001,STANSTED,ITALY,ALGHERO/SASSARI,RYANAIR,D,S, 14 , 0 , 71.4285714285714 , 14.2857142857143 , 14.2857142857143 , 0 , 0 , 0 , 12.2857142857143 , 0 , 13 , 84.6153846153846 , 14.0769230769231 
24-Mar-2010 14:25,201001,STANSTED,ITALY,ANCONA,RYANAIR,A,S, 19 , 0 , 52.6315789473684 , 15.7894736842105 , 21.0526315789474 , 10.5263157894737 , 0 , 0 , 28.4736842105263 , 0 , 17 , 70.5882352941177 , 22.5294117647059 
24-Mar-2010 14:25,201001,STANSTED,ITALY,ANCONA,RYANAIR,D,S, 18 , 0 , 77.7777777777778 , 11.1111111111111 , 5.55555555555556 , 5.55555555555556 , 0 , 0 , 12.6666666666667 , 1 , 17 , 82.3529411764706 , 17.9411764705882 
24-Mar-2010 14:25,201001,STANSTED,ITALY,BARI (PALESE),RYANAIR,A,S, 14 , 0 , 78.5714285714286 , 7.14285714285714 , 7.14285714285714 , 7.14285714285714 , 0 , 0 , 14.7857142857143 , 1 , 13 , 61.5384615384615 , 20.1538461538462 
24-Mar-2010 14:25,201001,STANSTED,ITALY,BARI (PALESE),RYANAIR,D,S, 14 , 0 , 64.2857142857143 , 28.5714285714286 , 7.14285714285714 , 0 , 0 , 0 , 11.7142857142857 , 0 , 13 , 46.1538461538462 , 24.9230769230769 
24-Mar-2010 14:25,201001,STANSTED,ITALY,BERGAMO,RYANAIR,A,S, 93 , 0 , 61.2903225806452 , 17.2043010752688 , 17.2043010752688 , 3.2258064516129 , 1.0752688172043 , 0 , 18.247311827957 , 0 , 93 , 69.8924731182796 , 24.0537634408602 
24-Mar-2010 14:25,201001,STANSTED,ITALY,BERGAMO,RYANAIR,D,S, 93 , 0 , 84.9462365591398 , 9.67741935483871 , 4.3010752688172 , 1.0752688172043 , 0 , 0 , 9.13978494623656 , 0 , 91 , 81.3186813186813 , 9.6043956043956 
24-Mar-2010 14:25,201001,STANSTED,ITALY,BOLOGNA,RYANAIR,A,S, 47 , 0 , 55.3191489361702 , 21.2765957446809 , 8.51063829787234 , 12.7659574468085 , 2.12765957446809 , 0 , 28.7446808510638 , 1 , 22 , 54.5454545454545 , 24.5454545454545 
24-Mar-2010 14:25,201001,STANSTED,ITALY,BOLOGNA,RYANAIR,D,S, 47 , 0 , 85.1063829787234 , 4.25531914893617 , 4.25531914893617 , 6.38297872340426 , 0 , 0 , 13.2340425531915 , 1 , 21 , 61.9047619047619 , 16.4285714285714 
24-Mar-2010 14:25,201001,STANSTED,ITALY,BRESCIA/MONTICHIARI,RYANAIR,A,S, 13 , 0 , 84.6153846153846 , 7.69230769230769 , 7.69230769230769 , 0 , 0 , 0 , 7 , 0 , 11 , 45.4545454545455 , 21.8181818181818 
24-Mar-2010 14:25,201001,STANSTED,ITALY,BRESCIA/MONTICHIARI,RYANAIR,D,S, 13 , 0 , 69.2307692307692 , 23.0769230769231 , 7.69230769230769 , 0 , 0 , 0 , 10.5384615384615 , 0 , 13 , 69.2307692307692 , 10 
24-Mar-2010 14:25,201001,STANSTED,ITALY,BRINDISI,RYANAIR,A,S, 10 , 0 , 60 , 30 , 10 , 0 , 0 , 0 , 13.5 , 0 , 8 , 50 , 19.5 
24-Mar-2010 14:25,201001,STANSTED,ITALY,BRINDISI,RYANAIR,D,S, 10 , 0 , 90 , 10 , 0 , 0 , 0 , 0 , 5.9 , 0 , 8 , 75 , 7.625 
24-Mar-2010 14:25,201001,STANSTED,ITALY,CUNEO,RYANAIR,A,S, 8 , 0 , 87.5 , 0 , 0 , 12.5 , 0 , 0 , 12.875 , 1 , 4 , 100 , 3 
24-Mar-2010 14:25,201001,STANSTED,ITALY,CUNEO,RYANAIR,D,S, 8 , 0 , 87.5 , 0 , 0 , 12.5 , 0 , 0 , 12.875 , 1 , 5 , 100 , 0 
24-Mar-2010 14:25,201001,STANSTED,ITALY,GENOA,RYANAIR,A,S, 12 , 0 , 66.6666666666667 , 8.33333333333333 , 16.6666666666667 , 8.33333333333333 , 0 , 0 , 15.1666666666667 , 1 , 9 , 33.3333333333333 , 26.5555555555556 
24-Mar-2010 14:25,201001,STANSTED,ITALY,GENOA,RYANAIR,D,S, 13 , 0 , 84.6153846153846 , 15.3846153846154 , 0 , 0 , 0 , 0 , 7.30769230769231 , 0 , 9 , 77.7777777777778 , 11.7777777777778 
24-Mar-2010 14:25,201001,STANSTED,ITALY,LAMETIA-TERME,RYANAIR,A,S, 0 , 0 , 0 , 0 , 0 , 0 , 0 , 0 , 0 , 0 , 9 , 44.4444444444444 , 18 
24-Mar-2010 14:25,201001,STANSTED,ITALY,LAMETIA-TERME,RYANAIR,D,S, 0 , 0 , 0 , 0 , 0 , 0 , 0 , 0 , 0 , 0 , 9 , 100 , 4.11111111111111 
24-Mar-2010 14:25,201001,STANSTED,ITALY,MILAN (LINATE),ALITALIA (CAI),A,S, 0 , 1 , 0 , 0 , 0 , 0 , 0 , 0 , 0 , 0 , 0 , 0 , 0 
24-Mar-2010 14:25,201001,STANSTED,ITALY,MILAN (MALPENSA),AIR ALSIE,D,C, 0 , 1 , 0 , 0 , 0 , 0 , 0 , 0 , 0 , 0 , 0 , 0 , 0 
24-Mar-2010 14:25,201001,STANSTED,ITALY,MILAN (MALPENSA),TITAN AIRWAYS LTD,A,C, 1 , 0 , 0 , 0 , 0 , 0 , 0 , 100 , 458 , 0 , 0 , 0 , 0 
24-Mar-2010 14:25,201001,STANSTED,ITALY,MILAN (MALPENSA),TITAN AIRWAYS LTD,D,C, 2 , 0 , 0 , 50 , 0 , 50 , 0 , 0 , 63 , 0 , 0 , 0 , 0 
24-Mar-2010 14:25,201001,STANSTED,ITALY,NAPLES,EASYJET AIRLINE COMPANY LTD,A,S, 28 , 0 , 53.5714285714286 , 21.4285714285714 , 25 , 0 , 0 , 0 , 16.8214285714286 , 0 , 30 , 86.6666666666667 , 6.13333333333333 
24-Mar-2010 14:25,201001,STANSTED,ITALY,NAPLES,EASYJET AIRLINE COMPANY LTD,D,S, 28 , 0 , 75 , 17.8571428571429 , 7.14285714285714 , 0 , 0 , 0 , 7.89285714285714 , 0 , 31 , 87.0967741935484 , 5.61290322580645 
24-Mar-2010 14:25,201001,STANSTED,ITALY,PALERMO,RYANAIR,A,S, 15 , 0 , 53.3333333333333 , 6.66666666666667 , 20 , 13.3333333333333 , 6.66666666666667 , 0 , 45.7333333333333 , 0 , 17 , 52.9411764705882 , 29.5882352941176 
24-Mar-2010 14:25,201001,STANSTED,ITALY,PALERMO,RYANAIR,D,S, 15 , 0 , 73.3333333333333 , 0 , 20 , 6.66666666666667 , 0 , 0 , 16.4666666666667 , 0 , 17 , 64.7058823529412 , 14.9411764705882 
24-Mar-2010 14:25,201001,STANSTED,ITALY,PARMA,RYANAIR,A,S, 17 , 0 , 29.4117647058824 , 35.2941176470588 , 23.5294117647059 , 5.88235294117647 , 5.88235294117647 , 0 , 36.1764705882353 , 1 , 14 , 42.8571428571429 , 24.8571428571429 
24-Mar-2010 14:25,201001,STANSTED,ITALY,PARMA,RYANAIR,D,S, 17 , 0 , 70.5882352941177 , 17.6470588235294 , 11.7647058823529 , 0 , 0 , 0 , 11.5294117647059 , 1 , 17 , 70.5882352941177 , 12.1176470588235 
24-Mar-2010 14:25,201001,STANSTED,ITALY,PERUGIA,RYANAIR,A,S, 14 , 0 , 64.2857142857143 , 14.2857142857143 , 21.4285714285714 , 0 , 0 , 0 , 14.6428571428571 , 0 , 12 , 58.3333333333333 , 15.4166666666667 
24-Mar-2010 14:25,201001,STANSTED,ITALY,PERUGIA,RYANAIR,D,S, 14 , 0 , 71.4285714285714 , 28.5714285714286 , 0 , 0 , 0 , 0 , 6.71428571428571 , 0 , 13 , 53.8461538461538 , 17.2307692307692 
24-Mar-2010 14:25,201001,STANSTED,ITALY,PESCARA,RYANAIR,A,S, 18 , 0 , 94.4444444444444 , 0 , 0 , 0 , 5.55555555555556 , 0 , 20.3888888888889 , 0 , 14 , 71.4285714285714 , 14.4285714285714 
24-Mar-2010 14:25,201001,STANSTED,ITALY,PESCARA,RYANAIR,D,S, 18 , 0 , 88.8888888888889 , 5.55555555555556 , 0 , 0 , 5.55555555555556 , 0 , 15.8333333333333 , 0 , 14 , 78.5714285714286 , 11.2142857142857 
24-Mar-2010 14:25,201001,STANSTED,ITALY,PISA,RYANAIR,A,S, 47 , 0 , 70.2127659574468 , 17.0212765957447 , 8.51063829787234 , 2.12765957446809 , 0 , 2.12765957446809 , 21.7021276595745 , 0 , 61 , 75.4098360655738 , 55.1803278688525 
24-Mar-2010 14:25,201001,STANSTED,ITALY,PISA,RYANAIR,D,S, 47 , 0 , 61.7021276595745 , 23.4042553191489 , 12.7659574468085 , 2.12765957446809 , 0 , 0 , 16.6170212765957 , 0 , 61 , 73.7704918032787 , 10.6065573770492 
24-Mar-2010 14:25,201001,STANSTED,ITALY,RIMINI,RYANAIR,A,S, 13 , 0 , 30.7692307692308 , 15.3846153846154 , 23.0769230769231 , 23.0769230769231 , 7.69230769230769 , 0 , 58.1538461538462 , 0 , 14 , 78.5714285714286 , 17.1428571428571 
24-Mar-2010 14:25,201001,STANSTED,ITALY,RIMINI,RYANAIR,D,S, 13 , 0 , 61.5384615384615 , 0 , 23.0769230769231 , 15.3846153846154 , 0 , 0 , 21.0769230769231 , 0 , 14 , 92.8571428571429 , 3.5 
24-Mar-2010 14:25,201001,STANSTED,ITALY,ROME (CIAMPINO),RYANAIR,A,S, 91 , 0 , 57.1428571428571 , 18.6813186813187 , 16.4835164835165 , 5.49450549450549 , 2.1978021978022 , 0 , 22.8681318681319 , 0 , 120 , 77.5 , 22.3 
24-Mar-2010 14:25,201001,STANSTED,ITALY,ROME (CIAMPINO),RYANAIR,D,S, 91 , 0 , 78.021978021978 , 6.59340659340659 , 9.89010989010989 , 4.3956043956044 , 1.0989010989011 , 0 , 13.7692307692308 , 0 , 122 , 81.1475409836066 , 8.64754098360656 
24-Mar-2010 14:25,201001,STANSTED,ITALY,TREVISO,RYANAIR,A,S, 49 , 0 , 46.9387755102041 , 24.4897959183673 , 26.530612244898 , 2.04081632653061 , 0 , 0 , 19.8979591836735 , 3 , 64 , 70.3125 , 12.828125 
24-Mar-2010 14:25,201001,STANSTED,ITALY,TREVISO,RYANAIR,D,S, 51 , 0 , 60.7843137254902 , 31.3725490196078 , 5.88235294117647 , 1.96078431372549 , 0 , 0 , 13.9411764705882 , 1 , 66 , 75.7575757575758 , 10.8181818181818 
24-Mar-2010 14:25,201001,STANSTED,ITALY,TRIESTE (RONCHI DEI LEGIONARI),RYANAIR,A,S, 17 , 1 , 17.6470588235294 , 29.4117647058824 , 41.1764705882353 , 5.88235294117647 , 5.88235294117647 , 0 , 47.1764705882353 , 1 , 18 , 50 , 27.8888888888889 
24-Mar-2010 14:25,201001,STANSTED,ITALY,TRIESTE (RONCHI DEI LEGIONARI),RYANAIR,D,S, 17 , 1 , 47.0588235294118 , 23.5294117647059 , 29.4117647058824 , 0 , 0 , 0 , 19.4705882352941 , 1 , 18 , 66.6666666666667 , 10.9444444444444 
24-Mar-2010 14:25,201001,STANSTED,ITALY,TURIN,JET2.COM LTD,A,C, 0 , 0 , 0 , 0 , 0 , 0 , 0 , 0 , 0 , 0 , 4 , 50 , 18.75 
24-Mar-2010 14:25,201001,STANSTED,ITALY,TURIN,JET2.COM LTD,D,C, 0 , 0 , 0 , 0 , 0 , 0 , 0 , 0 , 0 , 0 , 4 , 50 , 9.25 
24-Mar-2010 14:25,201001,STANSTED,ITALY,TURIN,RYANAIR,A,S, 50 , 0 , 62 , 26 , 8 , 4 , 0 , 0 , 13.76 , 0 , 64 , 73.4375 , 38.9375 
24-Mar-2010 14:25,201001,STANSTED,ITALY,TURIN,RYANAIR,D,S, 50 , 0 , 88 , 8 , 2 , 2 , 0 , 0 , 6.78 , 0 , 66 , 77.2727272727273 , 12.4848484848485 
24-Mar-2010 14:25,201001,STANSTED,ITALY,TURIN,THOMSON AIRWAYS LTD,A,C, 5 , 0 , 40 , 40 , 0 , 20 , 0 , 0 , 23 , 0 , 4 , 75 , 8.5 
24-Mar-2010 14:25,201001,STANSTED,ITALY,TURIN,THOMSON AIRWAYS LTD,D,C, 5 , 0 , 100 , 0 , 0 , 0 , 0 , 0 , 4.4 , 0 , 4 , 100 , 6.75 
24-Mar-2010 14:25,201001,STANSTED,KENYA,NAIROBI,MONARCH AIRLINES,D,C, 1 , 1 , 100 , 0 , 0 , 0 , 0 , 0 , 14 , 0 , 0 , 0 , 0 
24-Mar-2010 14:25,201001,STANSTED,KOSOVO,PRISTINA,JET2.COM LTD,A,C, 0 , 0 , 0 , 0 , 0 , 0 , 0 , 0 , 0 , 0 , 1 , 100 , 0 
24-Mar-2010 14:25,201001,STANSTED,LATVIA,RIGA,RYANAIR,A,S, 62 , 0 , 33.8709677419355 , 33.8709677419355 , 16.1290322580645 , 16.1290322580645 , 0 , 0 , 29.6290322580645 , 0 , 31 , 54.8387096774194 , 15.7096774193548 
24-Mar-2010 14:25,201001,STANSTED,LATVIA,RIGA,RYANAIR,D,S, 62 , 0 , 93.5483870967742 , 3.2258064516129 , 1.61290322580645 , 1.61290322580645 , 0 , 0 , 6.61290322580645 , 0 , 31 , 100 , 1.2258064516129 
24-Mar-2010 14:25,201001,STANSTED,LITHUANIA,KAUNAS,RYANAIR,A,S, 51 , 0 , 58.8235294117647 , 21.5686274509804 , 13.7254901960784 , 5.88235294117647 , 0 , 0 , 17.6274509803922 , 2 , 31 , 67.741935483871 , 12.3870967741935 
24-Mar-2010 14:25,201001,STANSTED,LITHUANIA,KAUNAS,RYANAIR,D,S, 53 , 0 , 84.9056603773585 , 9.43396226415094 , 5.66037735849057 , 0 , 0 , 0 , 6.9811320754717 , 0 , 31 , 77.4193548387097 , 11.4516129032258 
24-Mar-2010 14:25,201001,STANSTED,LITHUANIA,VILNIUS,AURELA,A,C, 2 , 0 , 0 , 50 , 50 , 0 , 0 , 0 , 27.5 , 0 , 0 , 0 , 0 
24-Mar-2010 14:25,201001,STANSTED,LITHUANIA,VILNIUS,AURELA,D,C, 2 , 0 , 50 , 0 , 0 , 50 , 0 , 0 , 47.5 , 0 , 0 , 0 , 0 
24-Mar-2010 14:25,201001,STANSTED,LITHUANIA,VILNIUS,STAR1 AIRLINES,A,S, 21 , 0 , 76.1904761904762 , 19.047619047619 , 0 , 0 , 4.76190476190476 , 0 , 20.7142857142857 , 0 , 0 , 0 , 0 
24-Mar-2010 14:25,201001,STANSTED,LITHUANIA,VILNIUS,STAR1 AIRLINES,D,S, 21 , 0 , 76.1904761904762 , 19.047619047619 , 0 , 0 , 4.76190476190476 , 0 , 19.6666666666667 , 0 , 0 , 0 , 0 
24-Mar-2010 14:25,201001,STANSTED,LUXEMBOURG,LUXEMBOURG,LUXAIR,A,C, 0 , 0 , 0 , 0 , 0 , 0 , 0 , 0 , 0 , 0 , 1 , 100 , 12 
24-Mar-2010 14:25,201001,STANSTED,LUXEMBOURG,LUXEMBOURG,LUXAIR,A,S, 0 , 5 , 0 , 0 , 0 , 0 , 0 , 0 , 0 , 1 , 0 , 0 , 0 
24-Mar-2010 14:25,201001,STANSTED,LUXEMBOURG,LUXEMBOURG,LUXAIR,D,C, 0 , 0 , 0 , 0 , 0 , 0 , 0 , 0 , 0 , 0 , 1 , 0 , 24 
24-Mar-2010 14:25,201001,STANSTED,LUXEMBOURG,LUXEMBOURG,LUXAIR,D,S, 0 , 2 , 0 , 0 , 0 , 0 , 0 , 0 , 0 , 3 , 0 , 0 , 0 
24-Mar-2010 14:25,201001,STANSTED,MALAYSIA,KUALA LUMPUR (SEPANG),AIR ASIA,A,S, 31 , 0 , 54.8387096774194 , 25.8064516129032 , 16.1290322580645 , 3.2258064516129 , 0 , 0 , 17.258064516129 , 0 , 0 , 0 , 0 
24-Mar-2010 14:25,201001,STANSTED,MALAYSIA,KUALA LUMPUR (SEPANG),AIR ASIA,D,S, 31 , 0 , 41.9354838709677 , 35.4838709677419 , 16.1290322580645 , 6.45161290322581 , 0 , 0 , 21.7096774193548 , 0 , 0 , 0 , 0 
24-Mar-2010 14:25,201001,STANSTED,MALTA,MALTA,AIR MALTA,A,S, 0 , 0 , 0 , 0 , 0 , 0 , 0 , 0 , 0 , 0 , 1 , 100 , 0 
24-Mar-2010 14:25,201001,STANSTED,MALTA,MALTA,AIR MALTA,D,S, 0 , 0 , 0 , 0 , 0 , 0 , 0 , 0 , 0 , 0 , 1 , 100 , 0 
24-Mar-2010 14:25,201001,STANSTED,MALTA,MALTA,THOMSON AIRWAYS LTD,A,C, 0 , 1 , 0 , 0 , 0 , 0 , 0 , 0 , 0 , 0 , 0 , 0 , 0 
24-Mar-2010 14:25,201001,STANSTED,MOROCCO,AGADIR,RYANAIR,A,S, 9 , 0 , 55.5555555555556 , 22.2222222222222 , 11.1111111111111 , 11.1111111111111 , 0 , 0 , 25.4444444444444 , 0 , 9 , 44.4444444444444 , 18.1111111111111 
24-Mar-2010 14:25,201001,STANSTED,MOROCCO,AGADIR,RYANAIR,D,S, 9 , 0 , 88.8888888888889 , 0 , 11.1111111111111 , 0 , 0 , 0 , 9.11111111111111 , 0 , 9 , 66.6666666666667 , 9.44444444444444 
24-Mar-2010 14:25,201001,STANSTED,MOROCCO,MARRAKESH,EASYJET AIRLINE COMPANY LTD,A,S, 0 , 1 , 0 , 0 , 0 , 0 , 0 , 0 , 0 , 0 , 0 , 0 , 0 
24-Mar-2010 14:25,201001,STANSTED,MOROCCO,MARRAKESH,JET2.COM LTD,A,C, 0 , 0 , 0 , 0 , 0 , 0 , 0 , 0 , 0 , 0 , 1 , 100 , 6 
24-Mar-2010 14:25,201001,STANSTED,NETHERLANDS,AMSTERDAM,CITY JET,A,S, 0 , 2 , 0 , 0 , 0 , 0 , 0 , 0 , 0 , 0 , 0 , 0 , 0 
24-Mar-2010 14:25,201001,STANSTED,NETHERLANDS,AMSTERDAM,EASYJET AIRLINE COMPANY LTD,A,S, 80 , 1 , 43.75 , 17.5 , 17.5 , 21.25 , 0 , 0 , 33.9875 , 2 , 71 , 74.6478873239437 , 10.1267605633803 
24-Mar-2010 14:25,201001,STANSTED,NETHERLANDS,AMSTERDAM,EASYJET AIRLINE COMPANY LTD,D,S, 81 , 0 , 70.3703703703704 , 12.3456790123457 , 4.93827160493827 , 12.3456790123457 , 0 , 0 , 17.0246913580247 , 0 , 71 , 83.0985915492958 , 8.53521126760563 
24-Mar-2010 14:25,201001,STANSTED,NETHERLANDS,EINDHOVEN,RYANAIR,A,S, 47 , 0 , 76.5957446808511 , 19.1489361702128 , 4.25531914893617 , 0 , 0 , 0 , 9.78723404255319 , 1 , 49 , 77.5510204081633 , 10.2244897959184 
24-Mar-2010 14:25,201001,STANSTED,NETHERLANDS,EINDHOVEN,RYANAIR,D,S, 50 , 0 , 92 , 8 , 0 , 0 , 0 , 0 , 5.56 , 0 , 51 , 88.2352941176471 , 7.15686274509804 
24-Mar-2010 14:25,201001,STANSTED,NIGERIA,LAGOS,BRITISH AIRWAYS PLC,A,S, 0 , 1 , 0 , 0 , 0 , 0 , 0 , 0 , 0 , 0 , 0 , 0 , 0 
24-Mar-2010 14:25,201001,STANSTED,NORWAY,BARDUFOSS,MONARCH AIRLINES,D,C, 1 , 0 , 0 , 100 , 0 , 0 , 0 , 0 , 27 , 0 , 0 , 0 , 0 
24-Mar-2010 14:25,201001,STANSTED,NORWAY,BERGEN,NORWEGIAN AIR SHUTTLE,A,S, 0 , 1 , 0 , 0 , 0 , 0 , 0 , 0 , 0 , 1 , 0 , 0 , 0 
24-Mar-2010 14:25,201001,STANSTED,NORWAY,HAUGESUND,RYANAIR,A,S, 18 , 0 , 61.1111111111111 , 5.55555555555556 , 22.2222222222222 , 11.1111111111111 , 0 , 0 , 26.8333333333333 , 0 , 12 , 83.3333333333333 , 6.75 
24-Mar-2010 14:25,201001,STANSTED,NORWAY,HAUGESUND,RYANAIR,D,S, 18 , 0 , 72.2222222222222 , 0 , 22.2222222222222 , 5.55555555555556 , 0 , 0 , 21 , 0 , 12 , 83.3333333333333 , 5.33333333333333 
24-Mar-2010 14:25,201001,STANSTED,NORWAY,OSLO (GARDERMOEN),NORWEGIAN AIR SHUTTLE,A,S, 0 , 1 , 0 , 0 , 0 , 0 , 0 , 0 , 0 , 1 , 56 , 64.2857142857143 , 16.0178571428571 
24-Mar-2010 14:25,201001,STANSTED,NORWAY,OSLO (GARDERMOEN),NORWEGIAN AIR SHUTTLE,D,S, 0 , 0 , 0 , 0 , 0 , 0 , 0 , 0 , 0 , 0 , 56 , 60.7142857142857 , 18.8392857142857 
24-Mar-2010 14:25,201001,STANSTED,NORWAY,RYGGE,RYANAIR,A,S, 60 , 0 , 88.3333333333333 , 6.66666666666667 , 5 , 0 , 0 , 0 , 4 , 1 , 0 , 0 , 0 
24-Mar-2010 14:25,201001,STANSTED,NORWAY,RYGGE,RYANAIR,D,S, 61 , 0 , 90.1639344262295 , 4.91803278688525 , 4.91803278688525 , 0 , 0 , 0 , 6.0327868852459 , 0 , 0 , 0 , 0 
24-Mar-2010 14:25,201001,STANSTED,NORWAY,SANDEFJORD(TORP),RYANAIR,A,S, 90 , 0 , 65.5555555555556 , 15.5555555555556 , 13.3333333333333 , 4.44444444444444 , 1.11111111111111 , 0 , 18.4 , 2 , 123 , 75.609756097561 , 15.9430894308943 
24-Mar-2010 14:25,201001,STANSTED,NORWAY,SANDEFJORD(TORP),RYANAIR,D,S, 90 , 0 , 77.7777777777778 , 12.2222222222222 , 8.88888888888889 , 1.11111111111111 , 0 , 0 , 10.6111111111111 , 1 , 123 , 82.9268292682927 , 8.52845528455285 
24-Mar-2010 14:25,201001,STANSTED,NORWAY,STAVANGER,NORWEGIAN AIR SHUTTLE,A,S, 0 , 1 , 0 , 0 , 0 , 0 , 0 , 0 , 0 , 1 , 0 , 0 , 0 
24-Mar-2010 14:25,201001,STANSTED,NORWAY,TROMSOE,NORWEGIAN AIR SHUTTLE,A,S, 0 , 0 , 0 , 0 , 0 , 0 , 0 , 0 , 0 , 0 , 9 , 22.2222222222222 , 19.4444444444444 
24-Mar-2010 14:25,201001,STANSTED,NORWAY,TROMSOE,NORWEGIAN AIR SHUTTLE,D,S, 0 , 0 , 0 , 0 , 0 , 0 , 0 , 0 , 0 , 0 , 9 , 88.8888888888889 , 8 
24-Mar-2010 14:25,201001,STANSTED,NORWAY,TRONDHEIM (VAERNES),NORWEGIAN AIR SHUTTLE,A,S, 13 , 0 , 69.2307692307692 , 15.3846153846154 , 15.3846153846154 , 0 , 0 , 0 , 11.7692307692308 , 0 , 13 , 69.2307692307692 , 14.2307692307692 
24-Mar-2010 14:25,201001,STANSTED,NORWAY,TRONDHEIM (VAERNES),NORWEGIAN AIR SHUTTLE,D,S, 13 , 0 , 61.5384615384615 , 30.7692307692308 , 7.69230769230769 , 0 , 0 , 0 , 10.6923076923077 , 0 , 13 , 76.9230769230769 , 10 
24-Mar-2010 14:25,201001,STANSTED,POLAND,BYDGOSZCZ,RYANAIR,A,S, 19 , 0 , 68.421052631579 , 10.5263157894737 , 10.5263157894737 , 10.5263157894737 , 0 , 0 , 19.5789473684211 , 0 , 32 , 75 , 18.09375 
24-Mar-2010 14:25,201001,STANSTED,POLAND,BYDGOSZCZ,RYANAIR,D,S, 18 , 0 , 77.7777777777778 , 11.1111111111111 , 5.55555555555556 , 5.55555555555556 , 0 , 0 , 11 , 0 , 31 , 70.9677419354839 , 10.258064516129 
24-Mar-2010 14:25,201001,STANSTED,POLAND,GDANSK,RYANAIR,A,S, 31 , 1 , 83.8709677419355 , 6.45161290322581 , 6.45161290322581 , 3.2258064516129 , 0 , 0 , 6.80645161290323 , 1 , 31 , 90.3225806451613 , 3.61290322580645 
24-Mar-2010 14:25,201001,STANSTED,POLAND,GDANSK,RYANAIR,D,S, 33 , 0 , 96.969696969697 , 3.03030303030303 , 0 , 0 , 0 , 0 , 3.63636363636364 , 0 , 31 , 87.0967741935484 , 5.45161290322581 
24-Mar-2010 14:25,201001,STANSTED,POLAND,KATOWICE,RYANAIR,A,S, 31 , 0 , 58.0645161290323 , 16.1290322580645 , 16.1290322580645 , 9.67741935483871 , 0 , 0 , 21.6451612903226 , 0 , 30 , 73.3333333333333 , 31.8333333333333 
24-Mar-2010 14:25,201001,STANSTED,POLAND,KATOWICE,RYANAIR,D,S, 32 , 0 , 71.875 , 9.375 , 12.5 , 6.25 , 0 , 0 , 14.75 , 0 , 31 , 80.6451612903226 , 17.9032258064516 
24-Mar-2010 14:25,201001,STANSTED,POLAND,KRAKOW,RYANAIR,A,S, 62 , 0 , 70.9677419354839 , 16.1290322580645 , 11.2903225806452 , 0 , 1.61290322580645 , 0 , 14.1451612903226 , 2 , 61 , 81.9672131147541 , 11.5081967213115 
24-Mar-2010 14:25,201001,STANSTED,POLAND,KRAKOW,RYANAIR,D,S, 62 , 0 , 85.4838709677419 , 8.06451612903226 , 6.45161290322581 , 0 , 0 , 0 , 7.67741935483871 , 1 , 62 , 82.258064516129 , 7.74193548387097 
24-Mar-2010 14:25,201001,STANSTED,POLAND,LODZ LUBLINEK,RYANAIR,A,S, 23 , 0 , 91.304347826087 , 8.69565217391304 , 0 , 0 , 0 , 0 , 3.56521739130435 , 1 , 31 , 87.0967741935484 , 4.45161290322581 
24-Mar-2010 14:25,201001,STANSTED,POLAND,LODZ LUBLINEK,RYANAIR,D,S, 24 , 0 , 79.1666666666667 , 16.6666666666667 , 4.16666666666667 , 0 , 0 , 0 , 8.5 , 0 , 31 , 90.3225806451613 , 5.83870967741936 
24-Mar-2010 14:25,201001,STANSTED,POLAND,POZNAN,RYANAIR,A,S, 32 , 0 , 56.25 , 18.75 , 18.75 , 3.125 , 3.125 , 0 , 23.40625 , 0 , 31 , 54.8387096774194 , 29.9032258064516 
24-Mar-2010 14:25,201001,STANSTED,POLAND,POZNAN,RYANAIR,D,S, 32 , 0 , 87.5 , 9.375 , 0 , 3.125 , 0 , 0 , 11.9375 , 0 , 31 , 67.741935483871 , 18.741935483871 
24-Mar-2010 14:25,201001,STANSTED,POLAND,RZESZOW,RYANAIR,A,S, 20 , 0 , 65 , 20 , 10 , 5 , 0 , 0 , 19.9 , 0 , 31 , 64.5161290322581 , 26.8064516129032 
24-Mar-2010 14:25,201001,STANSTED,POLAND,RZESZOW,RYANAIR,D,S, 20 , 0 , 90 , 10 , 0 , 0 , 0 , 0 , 8.1 , 0 , 31 , 70.9677419354839 , 13.5161290322581 
24-Mar-2010 14:25,201001,STANSTED,POLAND,SZCZECIN (GOLENOW),RYANAIR,A,S, 15 , 0 , 80 , 0 , 20 , 0 , 0 , 0 , 9.53333333333333 , 0 , 16 , 93.75 , 2.1875 
24-Mar-2010 14:25,201001,STANSTED,POLAND,SZCZECIN (GOLENOW),RYANAIR,D,S, 15 , 0 , 66.6666666666667 , 6.66666666666667 , 20 , 6.66666666666667 , 0 , 0 , 16.2666666666667 , 0 , 17 , 82.3529411764706 , 10.0588235294118 
24-Mar-2010 14:25,201001,STANSTED,POLAND,WROCLAW,RYANAIR,A,S, 32 , 0 , 68.75 , 12.5 , 15.625 , 3.125 , 0 , 0 , 15.3125 , 1 , 29 , 62.0689655172414 , 13.448275862069 
24-Mar-2010 14:25,201001,STANSTED,POLAND,WROCLAW,RYANAIR,D,S, 32 , 0 , 71.875 , 15.625 , 9.375 , 3.125 , 0 , 0 , 12.15625 , 1 , 31 , 80.6451612903226 , 10.1612903225806 
24-Mar-2010 14:25,201001,STANSTED,PORTUGAL(EXCLUDING MADEIRA),FARO,EASYJET AIRLINE COMPANY LTD,A,S, 23 , 0 , 47.8260869565217 , 13.0434782608696 , 13.0434782608696 , 21.7391304347826 , 4.34782608695652 , 0 , 50.0434782608696 , 0 , 16 , 87.5 , 8.25 
24-Mar-2010 14:25,201001,STANSTED,PORTUGAL(EXCLUDING MADEIRA),FARO,EASYJET AIRLINE COMPANY LTD,D,S, 23 , 0 , 56.5217391304348 , 13.0434782608696 , 13.0434782608696 , 17.3913043478261 , 0 , 0 , 23.8695652173913 , 0 , 16 , 81.25 , 8.5625 
24-Mar-2010 14:25,201001,STANSTED,PORTUGAL(EXCLUDING MADEIRA),FARO,RYANAIR,A,S, 31 , 0 , 48.3870967741935 , 25.8064516129032 , 22.5806451612903 , 3.2258064516129 , 0 , 0 , 23.3548387096774 , 0 , 14 , 64.2857142857143 , 13.2857142857143 
24-Mar-2010 14:25,201001,STANSTED,PORTUGAL(EXCLUDING MADEIRA),FARO,RYANAIR,D,S, 31 , 0 , 80.6451612903226 , 3.2258064516129 , 16.1290322580645 , 0 , 0 , 0 , 9.90322580645161 , 0 , 14 , 71.4285714285714 , 10.0714285714286 
24-Mar-2010 14:25,201001,STANSTED,PORTUGAL(EXCLUDING MADEIRA),LISBON,SWIFTAIR,D,C, 1 , 0 , 0 , 0 , 100 , 0 , 0 , 0 , 41 , 0 , 0 , 0 , 0 
24-Mar-2010 14:25,201001,STANSTED,PORTUGAL(EXCLUDING MADEIRA),OPORTO (PORTUGAL),RYANAIR,A,S, 54 , 0 , 85.1851851851852 , 1.85185185185185 , 5.55555555555556 , 3.7037037037037 , 1.85185185185185 , 1.85185185185185 , 28.8518518518519 , 0 , 78 , 66.6666666666667 , 17.0769230769231 
24-Mar-2010 14:25,201001,STANSTED,PORTUGAL(EXCLUDING MADEIRA),OPORTO (PORTUGAL),RYANAIR,D,S, 54 , 0 , 75.9259259259259 , 11.1111111111111 , 7.40740740740741 , 5.55555555555556 , 0 , 0 , 15 , 0 , 78 , 69.2307692307692 , 16.2948717948718 
24-Mar-2010 14:25,201001,STANSTED,PORTUGAL(MADEIRA),FUNCHAL,EASYJET AIRLINE COMPANY LTD,A,S, 21 , 0 , 61.9047619047619 , 23.8095238095238 , 9.52380952380952 , 4.76190476190476 , 0 , 0 , 18.8095238095238 , 1 , 18 , 77.7777777777778 , 15.5555555555556 
24-Mar-2010 14:25,201001,STANSTED,PORTUGAL(MADEIRA),FUNCHAL,EASYJET AIRLINE COMPANY LTD,D,S, 21 , 0 , 80.9523809523809 , 4.76190476190476 , 9.52380952380952 , 4.76190476190476 , 0 , 0 , 13.3809523809524 , 0 , 18 , 72.2222222222222 , 15.5 
24-Mar-2010 14:25,201001,STANSTED,REPUBLIC OF MOLDOVA,CHISINAU (KISHINEV),AIR MOLDOVA INTERNATIONAL,A,S, 0 , 0 , 0 , 0 , 0 , 0 , 0 , 0 , 0 , 0 , 4 , 100 , 10 
24-Mar-2010 14:25,201001,STANSTED,REPUBLIC OF MOLDOVA,CHISINAU (KISHINEV),AIR MOLDOVA INTERNATIONAL,D,S, 0 , 0 , 0 , 0 , 0 , 0 , 0 , 0 , 0 , 0 , 4 , 100 , 1 
24-Mar-2010 14:25,201001,STANSTED,REPUBLIC OF SOUTH AFRICA,UPINGTON,MONARCH AIRLINES,D,C, 0 , 0 , 0 , 0 , 0 , 0 , 0 , 0 , 0 , 0 , 1 , 0 , 410 
24-Mar-2010 14:25,201001,STANSTED,ROMANIA,BUCHAREST (BANEASA),BLUE AIR TRANSPORT AERIAN,A,S, 26 , 0 , 42.3076923076923 , 7.69230769230769 , 26.9230769230769 , 11.5384615384615 , 11.5384615384615 , 0 , 52.6923076923077 , 0 , 22 , 77.2727272727273 , 7.18181818181818 
24-Mar-2010 14:25,201001,STANSTED,ROMANIA,BUCHAREST (BANEASA),BLUE AIR TRANSPORT AERIAN,D,S, 26 , 0 , 38.4615384615385 , 11.5384615384615 , 26.9230769230769 , 11.5384615384615 , 11.5384615384615 , 0 , 56.9615384615385 , 0 , 22 , 77.2727272727273 , 7.72727272727273 
24-Mar-2010 14:25,201001,STANSTED,SLOVAK REPUBLIC,BRATISLAVA,RYANAIR,A,S, 90 , 0 , 68.8888888888889 , 20 , 3.33333333333333 , 5.55555555555556 , 2.22222222222222 , 0 , 19.0666666666667 , 0 , 62 , 85.4838709677419 , 9.56451612903226 
24-Mar-2010 14:25,201001,STANSTED,SLOVAK REPUBLIC,BRATISLAVA,RYANAIR,D,S, 89 , 0 , 91.0112359550562 , 3.37078651685393 , 2.24719101123596 , 3.37078651685393 , 0 , 0 , 6.42696629213483 , 0 , 62 , 90.3225806451613 , 5.64516129032258 
24-Mar-2010 14:25,201001,STANSTED,SLOVENIA,LJUBLJANA,EASYJET AIRLINE COMPANY LTD,A,S, 19 , 0 , 47.3684210526316 , 26.3157894736842 , 10.5263157894737 , 15.7894736842105 , 0 , 0 , 26.6315789473684 , 0 , 15 , 53.3333333333333 , 15.8 
24-Mar-2010 14:25,201001,STANSTED,SLOVENIA,LJUBLJANA,EASYJET AIRLINE COMPANY LTD,D,S, 19 , 0 , 78.9473684210526 , 5.26315789473684 , 5.26315789473684 , 10.5263157894737 , 0 , 0 , 13.1578947368421 , 0 , 15 , 86.6666666666667 , 8.2 
24-Mar-2010 14:25,201001,STANSTED,SPAIN,ALICANTE,EASYJET AIRLINE COMPANY LTD,A,S, 49 , 0 , 73.469387755102 , 6.12244897959184 , 6.12244897959184 , 12.2448979591837 , 2.04081632653061 , 0 , 25.469387755102 , 0 , 50 , 92 , 2.98 
24-Mar-2010 14:25,201001,STANSTED,SPAIN,ALICANTE,EASYJET AIRLINE COMPANY LTD,D,S, 49 , 1 , 73.469387755102 , 12.2448979591837 , 2.04081632653061 , 10.2040816326531 , 2.04081632653061 , 0 , 24 , 0 , 50 , 92 , 4.54 
24-Mar-2010 14:25,201001,STANSTED,SPAIN,ALICANTE,RYANAIR,A,S, 30 , 0 , 76.6666666666667 , 16.6666666666667 , 3.33333333333333 , 3.33333333333333 , 0 , 0 , 11.6333333333333 , 1 , 48 , 85.4166666666667 , 7.625 
24-Mar-2010 14:25,201001,STANSTED,SPAIN,ALICANTE,RYANAIR,D,S, 30 , 0 , 76.6666666666667 , 10 , 13.3333333333333 , 0 , 0 , 0 , 10.9666666666667 , 1 , 48 , 83.3333333333333 , 8.04166666666667 
24-Mar-2010 14:25,201001,STANSTED,SPAIN,ASTURIAS,EASYJET AIRLINE COMPANY LTD,A,S, 17 , 0 , 47.0588235294118 , 11.7647058823529 , 17.6470588235294 , 17.6470588235294 , 5.88235294117647 , 0 , 47.1176470588235 , 0 , 18 , 94.4444444444444 , 2.66666666666667 
24-Mar-2010 14:25,201001,STANSTED,SPAIN,ASTURIAS,EASYJET AIRLINE COMPANY LTD,D,S, 17 , 0 , 52.9411764705882 , 11.7647058823529 , 17.6470588235294 , 11.7647058823529 , 5.88235294117647 , 0 , 38.3529411764706 , 0 , 18 , 100 , 0.5 
24-Mar-2010 14:25,201001,STANSTED,SPAIN,BARCELONA,EASYJET AIRLINE COMPANY LTD,A,S, 31 , 1 , 51.6129032258064 , 9.67741935483871 , 22.5806451612903 , 12.9032258064516 , 3.2258064516129 , 0 , 31.5161290322581 , 0 , 32 , 71.875 , 13.1875 
24-Mar-2010 14:25,201001,STANSTED,SPAIN,BARCELONA,EASYJET AIRLINE COMPANY LTD,D,S, 31 , 0 , 77.4193548387097 , 6.45161290322581 , 9.67741935483871 , 6.45161290322581 , 0 , 0 , 14.7741935483871 , 0 , 32 , 81.25 , 8.40625 
24-Mar-2010 14:25,201001,STANSTED,SPAIN,BILBAO,EASYJET AIRLINE COMPANY LTD,A,S, 31 , 0 , 54.8387096774194 , 19.3548387096774 , 9.67741935483871 , 16.1290322580645 , 0 , 0 , 25.4838709677419 , 0 , 33 , 78.7878787878788 , 13.6363636363636 
24-Mar-2010 14:25,201001,STANSTED,SPAIN,BILBAO,EASYJET AIRLINE COMPANY LTD,D,S, 31 , 0 , 67.741935483871 , 16.1290322580645 , 9.67741935483871 , 6.45161290322581 , 0 , 0 , 16.7096774193548 , 0 , 33 , 87.8787878787879 , 5.84848484848485 
24-Mar-2010 14:25,201001,STANSTED,SPAIN,GERONA,RYANAIR,A,S, 41 , 0 , 90.2439024390244 , 4.8780487804878 , 0 , 4.8780487804878 , 0 , 0 , 10.1463414634146 , 0 , 42 , 88.0952380952381 , 10.6904761904762 
24-Mar-2010 14:25,201001,STANSTED,SPAIN,GERONA,RYANAIR,D,S, 41 , 0 , 85.3658536585366 , 7.31707317073171 , 4.8780487804878 , 2.4390243902439 , 0 , 0 , 9.17073170731707 , 0 , 44 , 86.3636363636364 , 9.25 
24-Mar-2010 14:25,201001,STANSTED,SPAIN,GRANADA,RYANAIR,A,S, 14 , 0 , 57.1428571428571 , 14.2857142857143 , 14.2857142857143 , 7.14285714285714 , 7.14285714285714 , 0 , 41.9285714285714 , 0 , 22 , 68.1818181818182 , 10.5909090909091 
24-Mar-2010 14:25,201001,STANSTED,SPAIN,GRANADA,RYANAIR,D,S, 14 , 0 , 71.4285714285714 , 28.5714285714286 , 0 , 0 , 0 , 0 , 7.28571428571429 , 0 , 22 , 81.8181818181818 , 7.5 
24-Mar-2010 14:25,201001,STANSTED,SPAIN,IBIZA,RYANAIR,A,S, 13 , 0 , 76.9230769230769 , 15.3846153846154 , 0 , 7.69230769230769 , 0 , 0 , 12.1538461538462 , 0 , 14 , 71.4285714285714 , 12.2857142857143 
24-Mar-2010 14:25,201001,STANSTED,SPAIN,IBIZA,RYANAIR,D,S, 13 , 0 , 84.6153846153846 , 15.3846153846154 , 0 , 0 , 0 , 0 , 6.53846153846154 , 0 , 14 , 92.8571428571429 , 7.64285714285714 
24-Mar-2010 14:25,201001,STANSTED,SPAIN,JEREZ,RYANAIR,A,S, 13 , 0 , 61.5384615384615 , 7.69230769230769 , 30.7692307692308 , 0 , 0 , 0 , 17.1538461538462 , 0 , 17 , 70.5882352941177 , 10.2941176470588 
24-Mar-2010 14:25,201001,STANSTED,SPAIN,JEREZ,RYANAIR,D,S, 13 , 0 , 76.9230769230769 , 7.69230769230769 , 15.3846153846154 , 0 , 0 , 0 , 11.2307692307692 , 0 , 17 , 82.3529411764706 , 6.94117647058824 
24-Mar-2010 14:25,201001,STANSTED,SPAIN,MADRID,BA CITYFLYER LTD,A,S, 0 , 1 , 0 , 0 , 0 , 0 , 0 , 0 , 0 , 0 , 0 , 0 , 0 
24-Mar-2010 14:25,201001,STANSTED,SPAIN,MADRID,EASYJET AIRLINE COMPANY LTD,A,S, 0 , 1 , 0 , 0 , 0 , 0 , 0 , 0 , 0 , 0 , 0 , 0 , 0 
24-Mar-2010 14:25,201001,STANSTED,SPAIN,MADRID,RYANAIR,A,S, 62 , 0 , 61.2903225806452 , 17.741935483871 , 14.5161290322581 , 3.2258064516129 , 1.61290322580645 , 1.61290322580645 , 29.3548387096774 , 0 , 61 , 65.5737704918033 , 44.8196721311475 
24-Mar-2010 14:25,201001,STANSTED,SPAIN,MADRID,RYANAIR,D,S, 62 , 0 , 48.3870967741935 , 17.741935483871 , 17.741935483871 , 9.67741935483871 , 6.45161290322581 , 0 , 39.6129032258064 , 0 , 61 , 54.0983606557377 , 20.8688524590164 
24-Mar-2010 14:25,201001,STANSTED,SPAIN,MADRID,SWIFTAIR,A,C, 1 , 0 , 0 , 0 , 100 , 0 , 0 , 0 , 41 , 0 , 0 , 0 , 0 
24-Mar-2010 14:25,201001,STANSTED,SPAIN,MALAGA,EASYJET AIRLINE COMPANY LTD,A,S, 32 , 0 , 50 , 15.625 , 12.5 , 18.75 , 3.125 , 0 , 34.9375 , 0 , 33 , 78.7878787878788 , 10.6363636363636 
24-Mar-2010 14:25,201001,STANSTED,SPAIN,MALAGA,EASYJET AIRLINE COMPANY LTD,D,S, 31 , 0 , 61.2903225806452 , 16.1290322580645 , 9.67741935483871 , 9.67741935483871 , 3.2258064516129 , 0 , 24.9032258064516 , 0 , 33 , 84.8484848484848 , 8.36363636363636 
24-Mar-2010 14:25,201001,STANSTED,SPAIN,MALAGA,MONARCH AIRLINES,A,C, 0 , 1 , 0 , 0 , 0 , 0 , 0 , 0 , 0 , 0 , 0 , 0 , 0 
24-Mar-2010 14:25,201001,STANSTED,SPAIN,MALAGA,RYANAIR,A,S, 32 , 0 , 65.625 , 21.875 , 9.375 , 3.125 , 0 , 0 , 14.5 , 0 , 14 , 85.7142857142857 , 11 
24-Mar-2010 14:25,201001,STANSTED,SPAIN,MALAGA,RYANAIR,D,S, 32 , 0 , 84.375 , 9.375 , 3.125 , 3.125 , 0 , 0 , 9.3125 , 0 , 14 , 92.8571428571429 , 3.78571428571429 
24-Mar-2010 14:25,201001,STANSTED,SPAIN,MALAGA,TWINJET AIRCRAFT,A,C, 0 , 1 , 0 , 0 , 0 , 0 , 0 , 0 , 0 , 0 , 0 , 0 , 0 
24-Mar-2010 14:25,201001,STANSTED,SPAIN,MURCIA SAN JAVIER,RYANAIR,A,S, 14 , 1 , 78.5714285714286 , 14.2857142857143 , 7.14285714285714 , 0 , 0 , 0 , 9.28571428571429 , 0 , 17 , 100 , 1.88235294117647 
24-Mar-2010 14:25,201001,STANSTED,SPAIN,MURCIA SAN JAVIER,RYANAIR,D,S, 14 , 0 , 71.4285714285714 , 28.5714285714286 , 0 , 0 , 0 , 0 , 8.14285714285714 , 0 , 17 , 82.3529411764706 , 8.11764705882353 
24-Mar-2010 14:25,201001,STANSTED,SPAIN,PALMA DE MALLORCA,EASYJET AIRLINE COMPANY LTD,A,S, 25 , 0 , 40 , 16 , 20 , 16 , 8 , 0 , 48.52 , 0 , 31 , 87.0967741935484 , 8.90322580645161 
24-Mar-2010 14:25,201001,STANSTED,SPAIN,PALMA DE MALLORCA,EASYJET AIRLINE COMPANY LTD,D,S, 25 , 0 , 48 , 16 , 12 , 16 , 8 , 0 , 40 , 0 , 31 , 77.4193548387097 , 8.70967741935484 
24-Mar-2010 14:25,201001,STANSTED,SPAIN,PALMA DE MALLORCA,RYANAIR,A,S, 17 , 0 , 94.1176470588235 , 0 , 0 , 0 , 5.88235294117647 , 0 , 13.0588235294118 , 1 , 31 , 87.0967741935484 , 21 
24-Mar-2010 14:25,201001,STANSTED,SPAIN,PALMA DE MALLORCA,RYANAIR,D,S, 17 , 0 , 82.3529411764706 , 11.7647058823529 , 0 , 5.88235294117647 , 0 , 0 , 9 , 1 , 31 , 80.6451612903226 , 14.7741935483871 
24-Mar-2010 14:25,201001,STANSTED,SPAIN,REUS,RYANAIR,A,S, 13 , 0 , 84.6153846153846 , 0 , 15.3846153846154 , 0 , 0 , 0 , 8 , 0 , 18 , 88.8888888888889 , 23.1111111111111 
24-Mar-2010 14:25,201001,STANSTED,SPAIN,REUS,RYANAIR,D,S, 13 , 0 , 61.5384615384615 , 7.69230769230769 , 23.0769230769231 , 7.69230769230769 , 0 , 0 , 16.6923076923077 , 0 , 17 , 76.4705882352941 , 13.8823529411765 
24-Mar-2010 14:25,201001,STANSTED,SPAIN,SANTANDER,RYANAIR,A,S, 19 , 0 , 63.1578947368421 , 21.0526315789474 , 5.26315789473684 , 5.26315789473684 , 0 , 5.26315789473684 , 46.4736842105263 , 1 , 31 , 87.0967741935484 , 7.06451612903226 
24-Mar-2010 14:25,201001,STANSTED,SPAIN,SANTANDER,RYANAIR,D,S, 19 , 0 , 78.9473684210526 , 21.0526315789474 , 0 , 0 , 0 , 0 , 7.21052631578947 , 0 , 31 , 96.7741935483871 , 7.12903225806452 
24-Mar-2010 14:25,201001,STANSTED,SPAIN,SANTIAGO DE COMPOSTELA (SPAIN),RYANAIR,A,S, 13 , 0 , 53.8461538461538 , 15.3846153846154 , 23.0769230769231 , 7.69230769230769 , 0 , 0 , 24.4615384615385 , 0 , 17 , 70.5882352941177 , 12.2352941176471 
24-Mar-2010 14:25,201001,STANSTED,SPAIN,SANTIAGO DE COMPOSTELA (SPAIN),RYANAIR,D,S, 13 , 0 , 61.5384615384615 , 7.69230769230769 , 23.0769230769231 , 7.69230769230769 , 0 , 0 , 19.6923076923077 , 0 , 17 , 70.5882352941177 , 13.9411764705882 
24-Mar-2010 14:25,201001,STANSTED,SPAIN,SEVILLE,JET2.COM LTD,A,C, 0 , 0 , 0 , 0 , 0 , 0 , 0 , 0 , 0 , 0 , 4 , 75 , 10 
24-Mar-2010 14:25,201001,STANSTED,SPAIN,SEVILLE,JET2.COM LTD,D,C, 0 , 0 , 0 , 0 , 0 , 0 , 0 , 0 , 0 , 0 , 4 , 100 , 0 
24-Mar-2010 14:25,201001,STANSTED,SPAIN,SEVILLE,RYANAIR,A,S, 18 , 0 , 66.6666666666667 , 22.2222222222222 , 5.55555555555556 , 5.55555555555556 , 0 , 0 , 19.4444444444444 , 1 , 31 , 74.1935483870968 , 55.3225806451613 
24-Mar-2010 14:25,201001,STANSTED,SPAIN,SEVILLE,RYANAIR,D,S, 19 , 0 , 89.4736842105263 , 10.5263157894737 , 0 , 0 , 0 , 0 , 7.36842105263158 , 0 , 31 , 87.0967741935484 , 8 
24-Mar-2010 14:25,201001,STANSTED,SPAIN,TORREJON DE ARDOZ,TWINJET AIRCRAFT,A,C, 0 , 1 , 0 , 0 , 0 , 0 , 0 , 0 , 0 , 0 , 0 , 0 , 0 
24-Mar-2010 14:25,201001,STANSTED,SPAIN,VALENCIA,RYANAIR,A,S, 13 , 0 , 69.2307692307692 , 7.69230769230769 , 15.3846153846154 , 7.69230769230769 , 0 , 0 , 15.7692307692308 , 0 , 17 , 88.2352941176471 , 10.5294117647059 
24-Mar-2010 14:25,201001,STANSTED,SPAIN,VALENCIA,RYANAIR,D,S, 13 , 0 , 61.5384615384615 , 23.0769230769231 , 7.69230769230769 , 7.69230769230769 , 0 , 0 , 14.7692307692308 , 0 , 17 , 82.3529411764706 , 9.94117647058824 
24-Mar-2010 14:25,201001,STANSTED,SPAIN,VALLADOLID,RYANAIR,A,S, 15 , 0 , 60 , 26.6666666666667 , 0 , 6.66666666666667 , 0 , 6.66666666666667 , 44.3333333333333 , 0 , 13 , 76.9230769230769 , 19 
24-Mar-2010 14:25,201001,STANSTED,SPAIN,VALLADOLID,RYANAIR,D,S, 15 , 0 , 80 , 13.3333333333333 , 0 , 6.66666666666667 , 0 , 0 , 11.0666666666667 , 0 , 13 , 100 , 2.23076923076923 
24-Mar-2010 14:25,201001,STANSTED,SPAIN,ZARAGOZA,RYANAIR,A,S, 16 , 0 , 62.5 , 18.75 , 12.5 , 0 , 6.25 , 0 , 26 , 2 , 20 , 55 , 14.85 
24-Mar-2010 14:25,201001,STANSTED,SPAIN,ZARAGOZA,RYANAIR,D,S, 16 , 0 , 87.5 , 12.5 , 0 , 0 , 0 , 0 , 8.625 , 2 , 22 , 77.2727272727273 , 9.95454545454546 
24-Mar-2010 14:25,201001,STANSTED,SPAIN(CANARY ISLANDS),ARRECIFE,RYANAIR,A,S, 13 , 0 , 76.9230769230769 , 0 , 23.0769230769231 , 0 , 0 , 0 , 13.0769230769231 , 0 , 0 , 0 , 0 
24-Mar-2010 14:25,201001,STANSTED,SPAIN(CANARY ISLANDS),ARRECIFE,RYANAIR,D,S, 13 , 0 , 76.9230769230769 , 15.3846153846154 , 7.69230769230769 , 0 , 0 , 0 , 11.5384615384615 , 0 , 0 , 0 , 0 
24-Mar-2010 14:25,201001,STANSTED,SPAIN(CANARY ISLANDS),ARRECIFE,THOMAS COOK AIRLINES LTD,A,C, 1 , 1 , 100 , 0 , 0 , 0 , 0 , 0 , 0 , 0 , 5 , 100 , 0 
24-Mar-2010 14:25,201001,STANSTED,SPAIN(CANARY ISLANDS),ARRECIFE,THOMAS COOK AIRLINES LTD,D,C, 2 , 0 , 50 , 0 , 0 , 0 , 50 , 0 , 124 , 0 , 5 , 80 , 6.4 
24-Mar-2010 14:25,201001,STANSTED,SPAIN(CANARY ISLANDS),ARRECIFE,THOMSON AIRWAYS LTD,A,C, 3 , 1 , 33.3333333333333 , 66.6666666666667 , 0 , 0 , 0 , 0 , 18.3333333333333 , 0 , 6 , 33.3333333333333 , 20 
24-Mar-2010 14:25,201001,STANSTED,SPAIN(CANARY ISLANDS),ARRECIFE,THOMSON AIRWAYS LTD,D,C, 4 , 0 , 75 , 0 , 0 , 0 , 25 , 0 , 52.75 , 0 , 6 , 83.3333333333333 , 9.83333333333333 
24-Mar-2010 14:25,201001,STANSTED,SPAIN(CANARY ISLANDS),FUERTEVENTURA,EASYJET AIRLINE COMPANY LTD,A,S, 9 , 0 , 66.6666666666667 , 0 , 11.1111111111111 , 11.1111111111111 , 0 , 11.1111111111111 , 81.3333333333333 , 0 , 0 , 0 , 0 
24-Mar-2010 14:25,201001,STANSTED,SPAIN(CANARY ISLANDS),FUERTEVENTURA,EASYJET AIRLINE COMPANY LTD,D,S, 9 , 0 , 77.7777777777778 , 0 , 0 , 11.1111111111111 , 0 , 11.1111111111111 , 72.4444444444444 , 0 , 0 , 0 , 0 
24-Mar-2010 14:25,201001,STANSTED,SPAIN(CANARY ISLANDS),FUERTEVENTURA,RYANAIR,A,S, 0 , 0 , 0 , 0 , 0 , 0 , 0 , 0 , 0 , 0 , 14 , 42.8571428571429 , 19.5 
24-Mar-2010 14:25,201001,STANSTED,SPAIN(CANARY ISLANDS),FUERTEVENTURA,RYANAIR,D,S, 0 , 0 , 0 , 0 , 0 , 0 , 0 , 0 , 0 , 0 , 14 , 85.7142857142857 , 4.35714285714286 
24-Mar-2010 14:25,201001,STANSTED,SPAIN(CANARY ISLANDS),FUERTEVENTURA,THOMAS COOK AIRLINES LTD,A,C, 1 , 0 , 0 , 0 , 0 , 100 , 0 , 0 , 129 , 0 , 0 , 0 , 0 
24-Mar-2010 14:25,201001,STANSTED,SPAIN(CANARY ISLANDS),FUERTEVENTURA,THOMAS COOK AIRLINES LTD,D,C, 1 , 0 , 0 , 0 , 0 , 100 , 0 , 0 , 149 , 0 , 0 , 0 , 0 
24-Mar-2010 14:25,201001,STANSTED,SPAIN(CANARY ISLANDS),LAS PALMAS,RYANAIR,A,S, 13 , 0 , 69.2307692307692 , 15.3846153846154 , 0 , 15.3846153846154 , 0 , 0 , 31.8461538461538 , 0 , 0 , 0 , 0 
24-Mar-2010 14:25,201001,STANSTED,SPAIN(CANARY ISLANDS),LAS PALMAS,RYANAIR,D,S, 13 , 0 , 84.6153846153846 , 7.69230769230769 , 0 , 7.69230769230769 , 0 , 0 , 15.5384615384615 , 0 , 0 , 0 , 0 
24-Mar-2010 14:25,201001,STANSTED,SPAIN(CANARY ISLANDS),LAS PALMAS,THOMAS COOK AIRLINES LTD,A,C, 4 , 0 , 75 , 0 , 25 , 0 , 0 , 0 , 7.75 , 0 , 6 , 16.6666666666667 , 24.6666666666667 
24-Mar-2010 14:25,201001,STANSTED,SPAIN(CANARY ISLANDS),LAS PALMAS,THOMAS COOK AIRLINES LTD,D,C, 4 , 0 , 75 , 25 , 0 , 0 , 0 , 0 , 5 , 0 , 6 , 83.3333333333333 , 7.66666666666667 
24-Mar-2010 14:25,201001,STANSTED,SPAIN(CANARY ISLANDS),LAS PALMAS,THOMSON AIRWAYS LTD,A,C, 4 , 0 , 50 , 50 , 0 , 0 , 0 , 0 , 12 , 0 , 4 , 75 , 9.5 
24-Mar-2010 14:25,201001,STANSTED,SPAIN(CANARY ISLANDS),LAS PALMAS,THOMSON AIRWAYS LTD,D,C, 4 , 0 , 75 , 25 , 0 , 0 , 0 , 0 , 6.75 , 0 , 4 , 100 , 5.75 
24-Mar-2010 14:25,201001,STANSTED,SPAIN(CANARY ISLANDS),TENERIFE (SURREINA SOFIA),MONARCH AIRLINES,A,C, 0 , 1 , 0 , 0 , 0 , 0 , 0 , 0 , 0 , 0 , 0 , 0 , 0 
24-Mar-2010 14:25,201001,STANSTED,SPAIN(CANARY ISLANDS),TENERIFE (SURREINA SOFIA),RYANAIR,A,S, 17 , 1 , 35.2941176470588 , 29.4117647058824 , 23.5294117647059 , 11.7647058823529 , 0 , 0 , 31.5294117647059 , 1 , 14 , 50 , 16.7142857142857 
24-Mar-2010 14:25,201001,STANSTED,SPAIN(CANARY ISLANDS),TENERIFE (SURREINA SOFIA),RYANAIR,D,S, 18 , 0 , 66.6666666666667 , 5.55555555555556 , 16.6666666666667 , 11.1111111111111 , 0 , 0 , 21.8888888888889 , 0 , 14 , 92.8571428571429 , 7.35714285714286 
24-Mar-2010 14:25,201001,STANSTED,SPAIN(CANARY ISLANDS),TENERIFE (SURREINA SOFIA),THOMAS COOK AIRLINES LTD,A,C, 5 , 0 , 80 , 0 , 0 , 0 , 20 , 0 , 40.6 , 0 , 5 , 0 , 36.4 
24-Mar-2010 14:25,201001,STANSTED,SPAIN(CANARY ISLANDS),TENERIFE (SURREINA SOFIA),THOMAS COOK AIRLINES LTD,D,C, 6 , 0 , 83.3333333333333 , 0 , 0 , 0 , 16.6666666666667 , 0 , 42.5 , 0 , 6 , 50 , 17.3333333333333 
24-Mar-2010 14:25,201001,STANSTED,SPAIN(CANARY ISLANDS),TENERIFE (SURREINA SOFIA),THOMSON AIRWAYS LTD,A,C, 9 , 0 , 55.5555555555556 , 33.3333333333333 , 0 , 11.1111111111111 , 0 , 0 , 19.7777777777778 , 0 , 9 , 66.6666666666667 , 10.8888888888889 
24-Mar-2010 14:25,201001,STANSTED,SPAIN(CANARY ISLANDS),TENERIFE (SURREINA SOFIA),THOMSON AIRWAYS LTD,D,C, 8 , 0 , 75 , 12.5 , 0 , 12.5 , 0 , 0 , 18.25 , 0 , 9 , 66.6666666666667 , 13.2222222222222 
24-Mar-2010 14:25,201001,STANSTED,SRI LANKA,COLOMBO,TITAN AIRWAYS LTD,A,C, 0 , 0 , 0 , 0 , 0 , 0 , 0 , 0 , 0 , 0 , 1 , 100 , 7 
24-Mar-2010 14:25,201001,STANSTED,SRI LANKA,COLOMBO,TITAN AIRWAYS LTD,D,C, 0 , 0 , 0 , 0 , 0 , 0 , 0 , 0 , 0 , 0 , 1 , 0 , 17 
24-Mar-2010 14:25,201001,STANSTED,SWEDEN,GOTEBORG (SAVE),RYANAIR,A,S, 68 , 0 , 75 , 16.1764705882353 , 4.41176470588235 , 2.94117647058824 , 1.47058823529412 , 0 , 14.7205882352941 , 1 , 61 , 77.0491803278689 , 8.95081967213115 
24-Mar-2010 14:25,201001,STANSTED,SWEDEN,GOTEBORG (SAVE),RYANAIR,D,S, 69 , 0 , 82.6086956521739 , 13.0434782608696 , 4.34782608695652 , 0 , 0 , 0 , 7.08695652173913 , 0 , 61 , 80.327868852459 , 8.9344262295082 
24-Mar-2010 14:25,201001,STANSTED,SWEDEN,STOCKHOLM (SKAVSTA),RYANAIR,A,S, 81 , 0 , 54.320987654321 , 17.2839506172839 , 19.7530864197531 , 7.40740740740741 , 1.23456790123457 , 0 , 25.5185185185185 , 1 , 65 , 72.3076923076923 , 31.9846153846154 
24-Mar-2010 14:25,201001,STANSTED,SWEDEN,STOCKHOLM (SKAVSTA),RYANAIR,D,S, 82 , 0 , 67.0731707317073 , 14.6341463414634 , 12.1951219512195 , 6.09756097560976 , 0 , 0 , 16.4024390243902 , 0 , 65 , 58.4615384615385 , 23.8 
24-Mar-2010 14:25,201001,STANSTED,SWEDEN,VASTERAS,RYANAIR,A,S, 31 , 0 , 64.5161290322581 , 25.8064516129032 , 6.45161290322581 , 3.2258064516129 , 0 , 0 , 13.1290322580645 , 0 , 31 , 67.741935483871 , 15.1935483870968 
24-Mar-2010 14:25,201001,STANSTED,SWEDEN,VASTERAS,RYANAIR,D,S, 31 , 0 , 77.4193548387097 , 12.9032258064516 , 9.67741935483871 , 0 , 0 , 0 , 9.12903225806452 , 0 , 31 , 77.4193548387097 , 10.4193548387097 
24-Mar-2010 14:25,201001,STANSTED,SWITZERLAND,BASLE MULHOUSE,RYANAIR,A,S, 0 , 0 , 0 , 0 , 0 , 0 , 0 , 0 , 0 , 0 , 13 , 84.6153846153846 , 5.15384615384615 
24-Mar-2010 14:25,201001,STANSTED,SWITZERLAND,BASLE MULHOUSE,RYANAIR,D,S, 0 , 0 , 0 , 0 , 0 , 0 , 0 , 0 , 0 , 0 , 13 , 69.2307692307692 , 10.4615384615385 
24-Mar-2010 14:25,201001,STANSTED,SWITZERLAND,GENEVA,BA CITYFLYER LTD,A,S, 0 , 1 , 0 , 0 , 0 , 0 , 0 , 0 , 0 , 0 , 0 , 0 , 0 
24-Mar-2010 14:25,201001,STANSTED,SWITZERLAND,GENEVA,EASYJET AIRLINE COMPANY LTD,A,S, 65 , 0 , 35.3846153846154 , 18.4615384615385 , 15.3846153846154 , 24.6153846153846 , 6.15384615384615 , 0 , 53.5076923076923 , 2 , 67 , 58.2089552238806 , 22.044776119403 
24-Mar-2010 14:25,201001,STANSTED,SWITZERLAND,GENEVA,EASYJET AIRLINE COMPANY LTD,D,S, 67 , 0 , 74.6268656716418 , 4.47761194029851 , 8.95522388059702 , 10.4477611940299 , 1.49253731343284 , 0 , 22.3880597014925 , 0 , 67 , 71.6417910447761 , 10.5074626865672 
24-Mar-2010 14:25,201001,STANSTED,SWITZERLAND,GENEVA,FLYBABOO,A,S, 0 , 1 , 0 , 0 , 0 , 0 , 0 , 0 , 0 , 0 , 0 , 0 , 0 
24-Mar-2010 14:25,201001,STANSTED,SWITZERLAND,GENEVA,JET2.COM LTD,A,C, 5 , 0 , 20 , 20 , 20 , 20 , 20 , 0 , 68.4 , 0 , 4 , 25 , 27.75 
24-Mar-2010 14:25,201001,STANSTED,SWITZERLAND,GENEVA,JET2.COM LTD,D,C, 5 , 0 , 40 , 20 , 20 , 20 , 0 , 0 , 43.8 , 0 , 4 , 75 , 9.75 
24-Mar-2010 14:25,201001,STANSTED,SWITZERLAND,GENEVA,MONARCH AIRLINES,A,C, 5 , 0 , 20 , 40 , 20 , 0 , 20 , 0 , 61 , 0 , 5 , 40 , 42.8 
24-Mar-2010 14:25,201001,STANSTED,SWITZERLAND,GENEVA,MONARCH AIRLINES,D,C, 5 , 0 , 60 , 0 , 0 , 20 , 20 , 0 , 58.2 , 0 , 5 , 40 , 47.8 
24-Mar-2010 14:25,201001,STANSTED,SWITZERLAND,GENEVA,SWISS AIRLINES,A,S, 0 , 1 , 0 , 0 , 0 , 0 , 0 , 0 , 0 , 1 , 0 , 0 , 0 
24-Mar-2010 14:25,201001,STANSTED,SWITZERLAND,SION,TITAN AIRWAYS LTD,A,C, 9 , 0 , 55.5555555555556 , 0 , 22.2222222222222 , 11.1111111111111 , 11.1111111111111 , 0 , 43.5555555555556 , 0 , 0 , 0 , 0 
24-Mar-2010 14:25,201001,STANSTED,SWITZERLAND,SION,TITAN AIRWAYS LTD,D,C, 11 , 0 , 72.7272727272727 , 0 , 0 , 27.2727272727273 , 0 , 0 , 21.2727272727273 , 0 , 0 , 0 , 0 
24-Mar-2010 14:25,201001,STANSTED,SWITZERLAND,ZURICH,BA CITYFLYER LTD,A,S, 0 , 1 , 0 , 0 , 0 , 0 , 0 , 0 , 0 , 0 , 0 , 0 , 0 
24-Mar-2010 14:25,201001,STANSTED,SWITZERLAND,ZURICH,SWISS AIRLINES,A,S, 0 , 2 , 0 , 0 , 0 , 0 , 0 , 0 , 0 , 1 , 0 , 0 , 0 
24-Mar-2010 14:25,201001,STANSTED,TRINIDAD AND TOBAGO,PORT OF SPAIN,BRITISH AIRWAYS PLC,A,S, 0 , 1 , 0 , 0 , 0 , 0 , 0 , 0 , 0 , 0 , 0 , 0 , 0 
24-Mar-2010 14:25,201001,STANSTED,TUNISIA,MONASTIR,THOMAS COOK AIRLINES LTD,A,C, 1 , 1 , 100 , 0 , 0 , 0 , 0 , 0 , 0 , 0 , 1 , 100 , 14 
24-Mar-2010 14:25,201001,STANSTED,TUNISIA,MONASTIR,THOMAS COOK AIRLINES LTD,D,C, 1 , 0 , 100 , 0 , 0 , 0 , 0 , 0 , 0 , 0 , 1 , 0 , 23 
24-Mar-2010 14:25,201001,STANSTED,TUNISIA,MONASTIR,THOMSON AIRWAYS LTD,A,C, 1 , 0 , 0 , 0 , 0 , 100 , 0 , 0 , 70 , 0 , 0 , 0 , 0 
24-Mar-2010 14:25,201001,STANSTED,TUNISIA,MONASTIR,THOMSON AIRWAYS LTD,D,C, 1 , 0 , 0 , 0 , 0 , 100 , 0 , 0 , 168 , 0 , 0 , 0 , 0 
24-Mar-2010 14:25,201001,STANSTED,TURKEY,ANTALYA,KIBRIS TURKISH AIRLINES - KTHY,A,S, 14 , 0 , 21.4285714285714 , 21.4285714285714 , 50 , 7.14285714285714 , 0 , 0 , 33.9285714285714 , 1 , 18 , 27.7777777777778 , 42.6111111111111 
24-Mar-2010 14:25,201001,STANSTED,TURKEY,ANTALYA,KIBRIS TURKISH AIRLINES - KTHY,D,S, 13 , 0 , 69.2307692307692 , 23.0769230769231 , 0 , 7.69230769230769 , 0 , 0 , 13 , 2 , 16 , 75 , 21.125 
24-Mar-2010 14:25,201001,STANSTED,TURKEY,ANTALYA,THOMAS COOK AIRLINES LTD,A,C, 0 , 1 , 0 , 0 , 0 , 0 , 0 , 0 , 0 , 0 , 0 , 0 , 0 
24-Mar-2010 14:25,201001,STANSTED,TURKEY,GAZIANTEP,KIBRIS TURKISH AIRLINES - KTHY,A,S, 4 , 0 , 0 , 50 , 25 , 25 , 0 , 0 , 52.25 , 0 , 6 , 0 , 43.8333333333333 
24-Mar-2010 14:25,201001,STANSTED,TURKEY,GAZIANTEP,KIBRIS TURKISH AIRLINES - KTHY,D,S, 4 , 0 , 75 , 0 , 0 , 25 , 0 , 0 , 28.25 , 0 , 5 , 20 , 29.6 
24-Mar-2010 14:25,201001,STANSTED,TURKEY,ISTANBUL,THY TURK HAVA YOLLARI TURKISH,A,S, 0 , 1 , 0 , 0 , 0 , 0 , 0 , 0 , 0 , 0 , 31 , 83.8709677419355 , 7.83870967741936 
24-Mar-2010 14:25,201001,STANSTED,TURKEY,ISTANBUL,THY TURK HAVA YOLLARI TURKISH,D,S, 0 , 0 , 0 , 0 , 0 , 0 , 0 , 0 , 0 , 0 , 31 , 83.8709677419355 , 7 
24-Mar-2010 14:25,201001,STANSTED,TURKEY,ISTANBUL (SABIHA GOKCEN),PEGASUS AIRLINES,A,S, 31 , 0 , 19.3548387096774 , 29.0322580645161 , 29.0322580645161 , 22.5806451612903 , 0 , 0 , 42.3225806451613 , 0 , 22 , 27.2727272727273 , 23.1363636363636 
24-Mar-2010 14:25,201001,STANSTED,TURKEY,ISTANBUL (SABIHA GOKCEN),PEGASUS AIRLINES,D,S, 31 , 0 , 9.67741935483871 , 29.0322580645161 , 32.258064516129 , 29.0322580645161 , 0 , 0 , 46.4838709677419 , 0 , 22 , 13.6363636363636 , 28.4090909090909 
24-Mar-2010 14:25,201001,STANSTED,TURKEY,ISTANBUL (SABIHA GOKCEN),THY TURK HAVA YOLLARI TURKISH,A,S, 31 , 0 , 32.258064516129 , 29.0322580645161 , 19.3548387096774 , 16.1290322580645 , 3.2258064516129 , 0 , 39.8387096774194 , 0 , 0 , 0 , 0 
24-Mar-2010 14:25,201001,STANSTED,TURKEY,ISTANBUL (SABIHA GOKCEN),THY TURK HAVA YOLLARI TURKISH,D,S, 31 , 0 , 38.7096774193548 , 19.3548387096774 , 19.3548387096774 , 19.3548387096774 , 3.2258064516129 , 0 , 36.8709677419355 , 0 , 0 , 0 , 0 
24-Mar-2010 14:25,201001,STANSTED,TURKEY,IZMIR (ADNAM MENDERES),KIBRIS TURKISH AIRLINES - KTHY,A,S, 5 , 0 , 40 , 20 , 40 , 0 , 0 , 0 , 28 , 0 , 5 , 80 , 15 
24-Mar-2010 14:25,201001,STANSTED,TURKEY,IZMIR (ADNAM MENDERES),KIBRIS TURKISH AIRLINES - KTHY,D,S, 5 , 0 , 60 , 20 , 20 , 0 , 0 , 0 , 9.6 , 0 , 5 , 100 , 2.2 
24-Mar-2010 14:25,201001,STANSTED,UNITED KINGDOM,ABERDEEN,EASYJET AIRLINE COMPANY LTD,A,S, 0 , 1 , 0 , 0 , 0 , 0 , 0 , 0 , 0 , 0 , 0 , 0 , 0 
24-Mar-2010 14:25,201001,STANSTED,UNITED KINGDOM,BELFAST CITY (GEORGE BEST),RYANAIR,A,S, 122 , 0 , 84.4262295081967 , 4.91803278688525 , 5.73770491803279 , 2.45901639344262 , 2.45901639344262 , 0 , 13.1065573770492 , 1 , 92 , 93.4782608695652 , 3.66304347826087 
24-Mar-2010 14:25,201001,STANSTED,UNITED KINGDOM,BELFAST CITY (GEORGE BEST),RYANAIR,D,S, 122 , 0 , 77.8688524590164 , 9.83606557377049 , 7.37704918032787 , 4.91803278688525 , 0 , 0 , 10.5819672131148 , 1 , 92 , 81.5217391304348 , 6.83695652173913 
24-Mar-2010 14:25,201001,STANSTED,UNITED KINGDOM,BELFAST INTERNATIONAL,EASYJET AIRLINE COMPANY LTD,A,S, 115 , 0 , 69.5652173913043 , 9.56521739130435 , 10.4347826086957 , 10.4347826086957 , 0 , 0 , 17.9652173913043 , 3 , 120 , 91.6666666666667 , 4.69166666666667 
24-Mar-2010 14:25,201001,STANSTED,UNITED KINGDOM,BELFAST INTERNATIONAL,EASYJET AIRLINE COMPANY LTD,D,S, 114 , 0 , 68.4210526315789 , 11.4035087719298 , 10.5263157894737 , 8.7719298245614 , 0.87719298245614 , 0 , 19.5701754385965 , 4 , 120 , 90.8333333333333 , 5.50833333333333 
24-Mar-2010 14:25,201001,STANSTED,UNITED KINGDOM,CITY OF DERRY (EGLINTON),RYANAIR,A,S, 18 , 0 , 83.3333333333333 , 5.55555555555556 , 5.55555555555556 , 5.55555555555556 , 0 , 0 , 14.9444444444444 , 1 , 29 , 82.7586206896552 , 10 
24-Mar-2010 14:25,201001,STANSTED,UNITED KINGDOM,CITY OF DERRY (EGLINTON),RYANAIR,D,S, 19 , 0 , 89.4736842105263 , 5.26315789473684 , 0 , 5.26315789473684 , 0 , 0 , 7.10526315789474 , 0 , 30 , 76.6666666666667 , 10.3 
24-Mar-2010 14:25,201001,STANSTED,UNITED KINGDOM,EDINBURGH,BA CITYFLYER LTD,A,S, 0 , 2 , 0 , 0 , 0 , 0 , 0 , 0 , 0 , 0 , 0 , 0 , 0 
24-Mar-2010 14:25,201001,STANSTED,UNITED KINGDOM,EDINBURGH,CITY JET,A,S, 0 , 1 , 0 , 0 , 0 , 0 , 0 , 0 , 0 , 0 , 0 , 0 , 0 
24-Mar-2010 14:25,201001,STANSTED,UNITED KINGDOM,EDINBURGH,EASYJET AIRLINE COMPANY LTD,A,S, 117 , 2 , 70.9401709401709 , 8.54700854700855 , 10.2564102564103 , 8.54700854700855 , 1.70940170940171 , 0 , 20.3846153846154 , 3 , 123 , 89.4308943089431 , 5.30894308943089 
24-Mar-2010 14:25,201001,STANSTED,UNITED KINGDOM,EDINBURGH,EASYJET AIRLINE COMPANY LTD,D,S, 117 , 0 , 68.3760683760684 , 12.8205128205128 , 10.2564102564103 , 5.98290598290598 , 2.56410256410256 , 0 , 20.0940170940171 , 3 , 123 , 90.2439024390244 , 5.26829268292683 
24-Mar-2010 14:25,201001,STANSTED,UNITED KINGDOM,GLASGOW,BA CITYFLYER LTD,A,S, 0 , 1 , 0 , 0 , 0 , 0 , 0 , 0 , 0 , 0 , 0 , 0 , 0 
24-Mar-2010 14:25,201001,STANSTED,UNITED KINGDOM,GLASGOW,EASYJET AIRLINE COMPANY LTD,A,S, 96 , 0 , 85.4166666666667 , 4.16666666666667 , 3.125 , 7.29166666666667 , 0 , 0 , 11.40625 , 1 , 114 , 92.9824561403509 , 4.47368421052632 
24-Mar-2010 14:25,201001,STANSTED,UNITED KINGDOM,GLASGOW,EASYJET AIRLINE COMPANY LTD,D,S, 96 , 0 , 81.25 , 6.25 , 5.20833333333333 , 7.29166666666667 , 0 , 0 , 12.4583333333333 , 1 , 115 , 88.695652173913 , 5.32173913043478 
24-Mar-2010 14:25,201001,STANSTED,UNITED KINGDOM,GUERNSEY,AURIGNY AIR SERVICES,A,S, 4 , 0 , 75 , 0 , 0 , 0 , 0 , 25 , 127.5 , 0 , 19 , 100 , 2.63157894736842 
24-Mar-2010 14:25,201001,STANSTED,UNITED KINGDOM,GUERNSEY,AURIGNY AIR SERVICES,D,S, 3 , 0 , 100 , 0 , 0 , 0 , 0 , 0 , 7.66666666666667 , 0 , 19 , 100 , 0.894736842105263 
24-Mar-2010 14:25,201001,STANSTED,UNITED KINGDOM,INVERNESS,EASYJET AIRLINE COMPANY LTD,A,S, 0 , 1 , 0 , 0 , 0 , 0 , 0 , 0 , 0 , 0 , 0 , 0 , 0 
24-Mar-2010 14:25,201001,STANSTED,UNITED KINGDOM,JERSEY,AURIGNY AIR SERVICES,A,S, 22 , 0 , 77.2727272727273 , 4.54545454545455 , 0 , 9.09090909090909 , 9.09090909090909 , 0 , 43.8636363636364 , 1 , 0 , 0 , 0 
24-Mar-2010 14:25,201001,STANSTED,UNITED KINGDOM,JERSEY,AURIGNY AIR SERVICES,D,S, 23 , 0 , 73.9130434782609 , 0 , 4.34782608695652 , 4.34782608695652 , 13.0434782608696 , 4.34782608695652 , 57.2608695652174 , 1 , 0 , 0 , 0 
24-Mar-2010 14:25,201001,STANSTED,UNITED KINGDOM,LONDON CITY,BA CITYFLYER LTD,A,S, 0 , 1 , 0 , 0 , 0 , 0 , 0 , 0 , 0 , 0 , 0 , 0 , 0 
24-Mar-2010 14:25,201001,STANSTED,UNITED KINGDOM,LUTON,SKY EUROPE,D,S, 0 , 0 , 0 , 0 , 0 , 0 , 0 , 0 , 0 , 0 , 1 , 100 , 8 
24-Mar-2010 14:25,201001,STANSTED,UNITED KINGDOM,NEWCASTLE,EASYJET AIRLINE COMPANY LTD,A,S, 55 , 0 , 72.7272727272727 , 5.45454545454545 , 5.45454545454545 , 10.9090909090909 , 3.63636363636364 , 1.81818181818182 , 33.4909090909091 , 0 , 55 , 90.9090909090909 , 5.89090909090909 
24-Mar-2010 14:25,201001,STANSTED,UNITED KINGDOM,NEWCASTLE,EASYJET AIRLINE COMPANY LTD,D,S, 55 , 0 , 72.7272727272727 , 5.45454545454545 , 10.9090909090909 , 9.09090909090909 , 1.81818181818182 , 0 , 20.4727272727273 , 0 , 57 , 77.1929824561403 , 7.03508771929825 
24-Mar-2010 14:25,201001,STANSTED,UNITED KINGDOM,NEWCASTLE,THOMAS COOK AIRLINES LTD,D,C, 1 , 0 , 100 , 0 , 0 , 0 , 0 , 0 , 14 , 0 , 0 , 0 , 0 
24-Mar-2010 14:25,201001,STANSTED,UNITED KINGDOM,PRESTWICK,RYANAIR,A,S, 84 , 0 , 83.3333333333333 , 4.76190476190476 , 7.14285714285714 , 4.76190476190476 , 0 , 0 , 10.5238095238095 , 3 , 88 , 81.8181818181818 , 12.0568181818182 
24-Mar-2010 14:25,201001,STANSTED,UNITED KINGDOM,PRESTWICK,RYANAIR,D,S, 85 , 0 , 80 , 5.88235294117647 , 4.70588235294118 , 9.41176470588235 , 0 , 0 , 12.4705882352941 , 2 , 88 , 81.8181818181818 , 7.84090909090909 
24-Mar-2010 14:25,201001,STANSTED,USA,BANGOR,TWINJET AIRCRAFT,A,C, 0 , 1 , 0 , 0 , 0 , 0 , 0 , 0 , 0 , 0 , 0 , 0 , 0 
24-Mar-2010 14:25,201001,STANSTED,USA,LAS VEGAS,VIRGIN ATLANTIC AIRWAYS LTD,A,S, 0 , 1 , 0 , 0 , 0 , 0 , 0 , 0 , 0 , 0 , 0 , 0 , 0 
24-Mar-2010 14:25,201001,STANSTED,USA,MIAMI INTERNATIONAL,THOMSON AIRWAYS LTD,A,C, 0 , 0 , 0 , 0 , 0 , 0 , 0 , 0 , 0 , 0 , 1 , 0 , 261 
24-Mar-2010 14:25,201001,STANSTED,USA,ORLANDO,VIRGIN ATLANTIC AIRWAYS LTD,A,S, 0 , 2 , 0 , 0 , 0 , 0 , 0 , 0 , 0 , 0 , 0 , 0 , 0 
